id,pmhc,tcr_id,label
immrep0,MENWSALEL_B*40:01,tcr0,1
immrep1,TVYPYGTSL_A*02:01,tcr1,1
immrep2,MEMPDYLLL_B*40:01,tcr2,1
immrep3,TVYPYGTSL_A*02:01,tcr3,1
immrep4,ILHTHVPEV_A*02:01,tcr4,1
immrep5,GENALTYAL_B*40:01,tcr5,1
immrep6,YMFYDGYDV_A*02:01,tcr6,1
immrep7,MTDYDYLEV_A*02:01,tcr7,1
immrep8,GEVLACYAL_B*40:01,tcr8,1
immrep9,YENGSTPVL_B*40:01,tcr9,1
immrep10,FLDCKSYIL_A*02:01,tcr10,1
immrep11,FLDCKSYIL_A*02:01,tcr11,1
immrep12,FLDCKSYIL_A*02:01,tcr12,1
immrep13,GENALTYAL_B*40:01,tcr13,1
immrep14,SEESAFYVL_B*40:01,tcr14,1
immrep15,YENGSTPVL_B*40:01,tcr15,1
immrep16,TVYPYGTSL_A*02:01,tcr16,1
immrep17,FLDCKSYIL_A*02:01,tcr17,1
immrep18,MTDYDYLEV_A*02:01,tcr18,1
immrep19,MEMPDYLLL_B*40:01,tcr19,1
immrep20,KLYPFLWFA_A*02:01,tcr20,1
immrep21,MTDYDYLEV_A*02:01,tcr21,1
immrep22,YMFYDGYDV_A*02:01,tcr22,1
immrep23,HLDDYPYLM_A*02:01,tcr23,1
immrep24,HLDDYPYLM_A*02:01,tcr24,1
immrep25,ILMHATYFL_A*02:01,tcr25,1
immrep26,YEDGVIFYL_B*40:01,tcr26,1
immrep27,SQFNWTIYL_A*02:01,tcr27,1
immrep28,MEMPDYLLL_B*40:01,tcr28,1
immrep29,REDDYSVWL_B*40:01,tcr29,1
immrep30,MTDYDYLEV_A*02:01,tcr30,1
immrep31,YLFNADIWI_A*02:01,tcr31,1
immrep32,YENGSTPVL_B*40:01,tcr32,1
immrep33,REDDYSVWL_B*40:01,tcr33,1
immrep34,SEESAFYVL_B*40:01,tcr34,1
immrep35,FEAQPGALL_B*40:01,tcr35,1
immrep36,KLYPFLWFA_A*02:01,tcr36,1
immrep37,FEAQPGALL_B*40:01,tcr37,1
immrep38,YEDGVIFYL_B*40:01,tcr38,1
immrep39,FLDCKSYIL_A*02:01,tcr39,1
immrep40,REDDYSVWL_B*40:01,tcr40,1
immrep41,GENALTYAL_B*40:01,tcr41,1
immrep42,ILHTHVPEV_A*02:01,tcr42,1
immrep43,HLDDYPYLM_A*02:01,tcr43,1
immrep44,KLYPFLWFA_A*02:01,tcr44,1
immrep45,MEMPDYLLL_B*40:01,tcr45,1
immrep46,FEAQPGALL_B*40:01,tcr46,1
immrep47,YESYIPGAL_B*40:01,tcr47,1
immrep48,YLFNADIWI_A*02:01,tcr48,1
immrep49,KLYPFLWFA_A*02:01,tcr49,1
immrep50,YMFYDGYDV_A*02:01,tcr50,1
immrep51,FEAQPGALL_B*40:01,tcr51,1
immrep52,YESYIPGAL_B*40:01,tcr52,1
immrep53,YMFYDGYDV_A*02:01,tcr53,1
immrep54,YLFNADIWI_A*02:01,tcr54,1
immrep55,GENALTYAL_B*40:01,tcr55,1
immrep56,HLDDYPYLM_A*02:01,tcr56,1
immrep57,YMFYDGYDV_A*02:01,tcr57,1
immrep58,YENGSTPVL_B*40:01,tcr58,1
immrep59,ILMHATYFL_A*02:01,tcr59,1
immrep60,MTDYDYLEV_A*02:01,tcr60,1
immrep61,SQFNWTIYL_A*02:01,tcr61,1
immrep62,MEMPDYLLL_B*40:01,tcr62,1
immrep63,ILMHATYFL_A*02:01,tcr63,1
immrep64,FLDCKSYIL_A*02:01,tcr64,1
immrep65,KLYPFLWFA_A*02:01,tcr65,1
immrep66,GENALTYAL_B*40:01,tcr66,1
immrep67,GENALTYAL_B*40:01,tcr67,1
immrep68,YMFYDGYDV_A*02:01,tcr68,1
immrep69,HLDDYPYLM_A*02:01,tcr69,1
immrep70,GEVLACYAL_B*40:01,tcr70,1
immrep71,HLDDYPYLM_A*02:01,tcr71,1
immrep72,FLDCKSYIL_A*02:01,tcr72,1
immrep73,FLDCKSYIL_A*02:01,tcr73,1
immrep74,SEESAFYVL_B*40:01,tcr74,1
immrep75,ILMHATYFL_A*02:01,tcr75,1
immrep76,YEDGVIFYL_B*40:01,tcr76,1
immrep77,YEDGVIFYL_B*40:01,tcr77,1
immrep78,MENWSALEL_B*40:01,tcr78,1
immrep79,MEMPDYLLL_B*40:01,tcr79,1
immrep80,ILMHATYFL_A*02:01,tcr80,1
immrep81,YENGSTPVL_B*40:01,tcr81,1
immrep82,MEMPDYLLL_B*40:01,tcr82,1
immrep83,MEMPDYLLL_B*40:01,tcr83,1
immrep84,FEAQPGALL_B*40:01,tcr84,1
immrep85,ILMHATYFL_A*02:01,tcr85,1
immrep86,YEDGVIFYL_B*40:01,tcr86,1
immrep87,KLYPFLWFA_A*02:01,tcr87,1
immrep88,FLDCKSYIL_A*02:01,tcr88,1
immrep89,SQFNWTIYL_A*02:01,tcr89,1
immrep90,FEAQPGALL_B*40:01,tcr90,1
immrep91,YLFNADIWI_A*02:01,tcr91,1
immrep92,YEDGVIFYL_B*40:01,tcr92,1
immrep93,TVYPYGTSL_A*02:01,tcr93,1
immrep94,YMFYDGYDV_A*02:01,tcr94,1
immrep95,HLDDYPYLM_A*02:01,tcr95,1
immrep96,YESYIPGAL_B*40:01,tcr96,1
immrep97,KLYPFLWFA_A*02:01,tcr97,1
immrep98,MENWSALEL_B*40:01,tcr98,1
immrep99,ILHTHVPEV_A*02:01,tcr99,1
immrep100,MENWSALEL_B*40:01,tcr100,1
immrep101,SEESAFYVL_B*40:01,tcr101,1
immrep102,FEAQPGALL_B*40:01,tcr102,1
immrep103,ILMHATYFL_A*02:01,tcr103,1
immrep104,REDDYSVWL_B*40:01,tcr104,1
immrep105,FLDCKSYIL_A*02:01,tcr105,1
immrep106,FLDCKSYIL_A*02:01,tcr106,1
immrep107,GENALTYAL_B*40:01,tcr107,1
immrep108,MTDYDYLEV_A*02:01,tcr108,1
immrep109,SEESAFYVL_B*40:01,tcr109,1
immrep110,GEVLACYAL_B*40:01,tcr110,1
immrep111,ILHTHVPEV_A*02:01,tcr111,1
immrep112,MEMPDYLLL_B*40:01,tcr112,1
immrep113,YLFNADIWI_A*02:01,tcr113,1
immrep114,REDDYSVWL_B*40:01,tcr114,1
immrep115,YEDGVIFYL_B*40:01,tcr115,1
immrep116,GENALTYAL_B*40:01,tcr116,1
immrep117,YLFNADIWI_A*02:01,tcr117,1
immrep118,GEVLACYAL_B*40:01,tcr118,1
immrep119,MTDYDYLEV_A*02:01,tcr119,1
immrep120,HLDDYPYLM_A*02:01,tcr120,1
immrep121,TVYPYGTSL_A*02:01,tcr121,1
immrep122,HLDDYPYLM_A*02:01,tcr122,1
immrep123,YMFYDGYDV_A*02:01,tcr123,1
immrep124,MENWSALEL_B*40:01,tcr124,1
immrep125,YENGSTPVL_B*40:01,tcr125,1
immrep126,SEESAFYVL_B*40:01,tcr126,1
immrep127,MENWSALEL_B*40:01,tcr127,1
immrep128,MEMPDYLLL_B*40:01,tcr128,1
immrep129,HLDDYPYLM_A*02:01,tcr129,1
immrep130,YESYIPGAL_B*40:01,tcr130,1
immrep131,REDDYSVWL_B*40:01,tcr131,1
immrep132,GENALTYAL_B*40:01,tcr132,1
immrep133,YMFYDGYDV_A*02:01,tcr133,1
immrep134,YESYIPGAL_B*40:01,tcr134,1
immrep135,FLDCKSYIL_A*02:01,tcr135,1
immrep136,MEMPDYLLL_B*40:01,tcr136,1
immrep137,ILMHATYFL_A*02:01,tcr137,1
immrep138,KLYPFLWFA_A*02:01,tcr138,1
immrep139,HLDDYPYLM_A*02:01,tcr139,1
immrep140,HLDDYPYLM_A*02:01,tcr140,1
immrep141,YMFYDGYDV_A*02:01,tcr141,1
immrep142,YESYIPGAL_B*40:01,tcr142,1
immrep143,ILHTHVPEV_A*02:01,tcr143,1
immrep144,SEESAFYVL_B*40:01,tcr144,1
immrep145,GEVLACYAL_B*40:01,tcr145,1
immrep146,YESYIPGAL_B*40:01,tcr146,1
immrep147,GENALTYAL_B*40:01,tcr147,1
immrep148,GENALTYAL_B*40:01,tcr148,1
immrep149,TVYPYGTSL_A*02:01,tcr149,1
immrep150,GENALTYAL_B*40:01,tcr150,1
immrep151,HLDDYPYLM_A*02:01,tcr151,1
immrep152,REDDYSVWL_B*40:01,tcr152,1
immrep153,MENWSALEL_B*40:01,tcr153,1
immrep154,MENWSALEL_B*40:01,tcr154,1
immrep155,YESYIPGAL_B*40:01,tcr155,1
immrep156,YLFNADIWI_A*02:01,tcr156,1
immrep157,HLDDYPYLM_A*02:01,tcr157,1
immrep158,REDDYSVWL_B*40:01,tcr158,1
immrep159,GEVLACYAL_B*40:01,tcr159,1
immrep160,TVYPYGTSL_A*02:01,tcr160,1
immrep161,YESYIPGAL_B*40:01,tcr161,1
immrep162,KLYPFLWFA_A*02:01,tcr162,1
immrep163,SQFNWTIYL_A*02:01,tcr163,1
immrep164,SEESAFYVL_B*40:01,tcr164,1
immrep165,SQFNWTIYL_A*02:01,tcr165,1
immrep166,TVYPYGTSL_A*02:01,tcr166,1
immrep167,YEDGVIFYL_B*40:01,tcr167,1
immrep168,TVYPYGTSL_A*02:01,tcr168,1
immrep169,REDDYSVWL_B*40:01,tcr169,1
immrep170,SQFNWTIYL_A*02:01,tcr170,1
immrep171,GENALTYAL_B*40:01,tcr171,1
immrep172,YLFNADIWI_A*02:01,tcr172,1
immrep173,FEAQPGALL_B*40:01,tcr173,1
immrep174,ILMHATYFL_A*02:01,tcr174,1
immrep175,HLDDYPYLM_A*02:01,tcr175,1
immrep176,YEDGVIFYL_B*40:01,tcr176,1
immrep177,TVYPYGTSL_A*02:01,tcr177,1
immrep178,ILHTHVPEV_A*02:01,tcr178,1
immrep179,GENALTYAL_B*40:01,tcr179,1
immrep180,TVYPYGTSL_A*02:01,tcr180,1
immrep181,MENWSALEL_B*40:01,tcr181,1
immrep182,ILMHATYFL_A*02:01,tcr182,1
immrep183,YESYIPGAL_B*40:01,tcr183,1
immrep184,MTDYDYLEV_A*02:01,tcr184,1
immrep185,SQFNWTIYL_A*02:01,tcr185,1
immrep186,TVYPYGTSL_A*02:01,tcr186,1
immrep187,YMFYDGYDV_A*02:01,tcr187,1
immrep188,GEVLACYAL_B*40:01,tcr188,1
immrep189,GENALTYAL_B*40:01,tcr189,1
immrep190,MEMPDYLLL_B*40:01,tcr190,1
immrep191,YEDGVIFYL_B*40:01,tcr191,1
immrep192,YMFYDGYDV_A*02:01,tcr192,1
immrep193,FLDCKSYIL_A*02:01,tcr193,1
immrep194,MENWSALEL_B*40:01,tcr194,1
immrep195,MENWSALEL_B*40:01,tcr195,1
immrep196,YESYIPGAL_B*40:01,tcr196,1
immrep197,REDDYSVWL_B*40:01,tcr197,1
immrep198,MEMPDYLLL_B*40:01,tcr198,1
immrep199,YLFNADIWI_A*02:01,tcr199,1
immrep200,YESYIPGAL_B*40:01,tcr200,1
immrep201,ILHTHVPEV_A*02:01,tcr201,1
immrep202,YEDGVIFYL_B*40:01,tcr202,1
immrep203,YENGSTPVL_B*40:01,tcr203,1
immrep204,YEDGVIFYL_B*40:01,tcr204,1
immrep205,ILHTHVPEV_A*02:01,tcr205,1
immrep206,MTDYDYLEV_A*02:01,tcr206,1
immrep207,HLDDYPYLM_A*02:01,tcr207,1
immrep208,MTDYDYLEV_A*02:01,tcr208,1
immrep209,TVYPYGTSL_A*02:01,tcr209,1
immrep210,SQFNWTIYL_A*02:01,tcr210,1
immrep211,FEAQPGALL_B*40:01,tcr211,1
immrep212,YLFNADIWI_A*02:01,tcr212,1
immrep213,ILMHATYFL_A*02:01,tcr213,1
immrep214,ILHTHVPEV_A*02:01,tcr214,1
immrep215,YMFYDGYDV_A*02:01,tcr215,1
immrep216,YENGSTPVL_B*40:01,tcr216,1
immrep217,SQFNWTIYL_A*02:01,tcr217,1
immrep218,FEAQPGALL_B*40:01,tcr218,1
immrep219,YENGSTPVL_B*40:01,tcr219,1
immrep220,MTDYDYLEV_A*02:01,tcr220,1
immrep221,MTDYDYLEV_A*02:01,tcr221,1
immrep222,SQFNWTIYL_A*02:01,tcr222,1
immrep223,GEVLACYAL_B*40:01,tcr223,1
immrep224,MTDYDYLEV_A*02:01,tcr224,1
immrep225,MEMPDYLLL_B*40:01,tcr225,1
immrep226,ILHTHVPEV_A*02:01,tcr226,1
immrep227,YENGSTPVL_B*40:01,tcr227,1
immrep228,YMFYDGYDV_A*02:01,tcr228,1
immrep229,REDDYSVWL_B*40:01,tcr229,1
immrep230,ILHTHVPEV_A*02:01,tcr230,1
immrep231,ILHTHVPEV_A*02:01,tcr231,1
immrep232,SQFNWTIYL_A*02:01,tcr232,1
immrep233,YENGSTPVL_B*40:01,tcr233,1
immrep234,YEDGVIFYL_B*40:01,tcr234,1
immrep235,MEMPDYLLL_B*40:01,tcr235,1
immrep236,YESYIPGAL_B*40:01,tcr236,1
immrep237,REDDYSVWL_B*40:01,tcr237,1
immrep238,KLYPFLWFA_A*02:01,tcr238,1
immrep239,ILHTHVPEV_A*02:01,tcr239,1
immrep240,HLDDYPYLM_A*02:01,tcr240,1
immrep241,FLDCKSYIL_A*02:01,tcr241,1
immrep242,TVYPYGTSL_A*02:01,tcr242,1
immrep243,YLFNADIWI_A*02:01,tcr243,1
immrep244,MENWSALEL_B*40:01,tcr244,1
immrep245,MENWSALEL_B*40:01,tcr245,1
immrep246,SEESAFYVL_B*40:01,tcr246,1
immrep247,MENWSALEL_B*40:01,tcr247,1
immrep248,HLDDYPYLM_A*02:01,tcr248,1
immrep249,YLFNADIWI_A*02:01,tcr249,1
immrep250,FLDCKSYIL_A*02:01,tcr250,1
immrep251,MEMPDYLLL_B*40:01,tcr251,1
immrep252,SEESAFYVL_B*40:01,tcr252,1
immrep253,ILHTHVPEV_A*02:01,tcr253,1
immrep254,YEDGVIFYL_B*40:01,tcr254,1
immrep255,FLDCKSYIL_A*02:01,tcr255,1
immrep256,ILHTHVPEV_A*02:01,tcr256,1
immrep257,KLYPFLWFA_A*02:01,tcr257,1
immrep258,HLDDYPYLM_A*02:01,tcr258,1
immrep259,GENALTYAL_B*40:01,tcr259,1
immrep260,FEAQPGALL_B*40:01,tcr260,1
immrep261,ILMHATYFL_A*02:01,tcr261,1
immrep262,SEESAFYVL_B*40:01,tcr262,1
immrep263,GEVLACYAL_B*40:01,tcr263,1
immrep264,FLDCKSYIL_A*02:01,tcr264,1
immrep265,FEAQPGALL_B*40:01,tcr265,1
immrep266,FLDCKSYIL_A*02:01,tcr266,1
immrep267,ILHTHVPEV_A*02:01,tcr267,1
immrep268,HLDDYPYLM_A*02:01,tcr268,1
immrep269,MENWSALEL_B*40:01,tcr269,1
immrep270,KLYPFLWFA_A*02:01,tcr270,1
immrep271,FLDCKSYIL_A*02:01,tcr271,1
immrep272,MTDYDYLEV_A*02:01,tcr272,1
immrep273,FEAQPGALL_B*40:01,tcr273,1
immrep274,YESYIPGAL_B*40:01,tcr274,1
immrep275,YENGSTPVL_B*40:01,tcr275,1
immrep276,MEMPDYLLL_B*40:01,tcr276,1
immrep277,SEESAFYVL_B*40:01,tcr277,1
immrep278,ILMHATYFL_A*02:01,tcr278,1
immrep279,MENWSALEL_B*40:01,tcr279,1
immrep280,FEAQPGALL_B*40:01,tcr280,1
immrep281,YLFNADIWI_A*02:01,tcr281,1
immrep282,MENWSALEL_B*40:01,tcr282,1
immrep283,GENALTYAL_B*40:01,tcr283,1
immrep284,GEVLACYAL_B*40:01,tcr284,1
immrep285,REDDYSVWL_B*40:01,tcr285,1
immrep286,SQFNWTIYL_A*02:01,tcr286,1
immrep287,HLDDYPYLM_A*02:01,tcr287,1
immrep288,SQFNWTIYL_A*02:01,tcr288,1
immrep289,ILHTHVPEV_A*02:01,tcr289,1
immrep290,MTDYDYLEV_A*02:01,tcr290,1
immrep291,ILHTHVPEV_A*02:01,tcr291,1
immrep292,SEESAFYVL_B*40:01,tcr292,1
immrep293,MENWSALEL_B*40:01,tcr293,1
immrep294,TVYPYGTSL_A*02:01,tcr294,1
immrep295,YMFYDGYDV_A*02:01,tcr295,1
immrep296,SEESAFYVL_B*40:01,tcr296,1
immrep297,YENGSTPVL_B*40:01,tcr297,1
immrep298,FEAQPGALL_B*40:01,tcr298,1
immrep299,YENGSTPVL_B*40:01,tcr299,1
immrep300,MEMPDYLLL_B*40:01,tcr300,1
immrep301,FEAQPGALL_B*40:01,tcr301,1
immrep302,YESYIPGAL_B*40:01,tcr302,1
immrep303,MENWSALEL_B*40:01,tcr303,1
immrep304,YLFNADIWI_A*02:01,tcr304,1
immrep305,TVYPYGTSL_A*02:01,tcr305,1
immrep306,HLDDYPYLM_A*02:01,tcr306,1
immrep307,YMFYDGYDV_A*02:01,tcr307,1
immrep308,YLFNADIWI_A*02:01,tcr308,1
immrep309,MTDYDYLEV_A*02:01,tcr309,1
immrep310,GENALTYAL_B*40:01,tcr310,1
immrep311,GEVLACYAL_B*40:01,tcr311,1
immrep312,FEAQPGALL_B*40:01,tcr312,1
immrep313,FLDCKSYIL_A*02:01,tcr313,1
immrep314,SEESAFYVL_B*40:01,tcr314,1
immrep315,GEVLACYAL_B*40:01,tcr315,1
immrep316,HLDDYPYLM_A*02:01,tcr316,1
immrep317,GENALTYAL_B*40:01,tcr317,1
immrep318,HLDDYPYLM_A*02:01,tcr318,1
immrep319,KLYPFLWFA_A*02:01,tcr319,1
immrep320,TVYPYGTSL_A*02:01,tcr320,1
immrep321,SEESAFYVL_B*40:01,tcr321,1
immrep322,SEESAFYVL_B*40:01,tcr322,1
immrep323,REDDYSVWL_B*40:01,tcr323,1
immrep324,HLDDYPYLM_A*02:01,tcr324,1
immrep325,MTDYDYLEV_A*02:01,tcr325,1
immrep326,SEESAFYVL_B*40:01,tcr326,1
immrep327,HLDDYPYLM_A*02:01,tcr327,1
immrep328,YLFNADIWI_A*02:01,tcr328,1
immrep329,YEDGVIFYL_B*40:01,tcr329,1
immrep330,YENGSTPVL_B*40:01,tcr330,1
immrep331,YLFNADIWI_A*02:01,tcr331,1
immrep332,REDDYSVWL_B*40:01,tcr332,1
immrep333,YESYIPGAL_B*40:01,tcr333,1
immrep334,YMFYDGYDV_A*02:01,tcr334,1
immrep335,YESYIPGAL_B*40:01,tcr335,1
immrep336,SQFNWTIYL_A*02:01,tcr336,1
immrep337,SQFNWTIYL_A*02:01,tcr337,1
immrep338,YLFNADIWI_A*02:01,tcr338,1
immrep339,YEDGVIFYL_B*40:01,tcr339,1
immrep340,YMFYDGYDV_A*02:01,tcr340,1
immrep341,FLDCKSYIL_A*02:01,tcr341,1
immrep342,YENGSTPVL_B*40:01,tcr342,1
immrep343,YLFNADIWI_A*02:01,tcr343,1
immrep344,ILHTHVPEV_A*02:01,tcr344,1
immrep345,MTDYDYLEV_A*02:01,tcr345,1
immrep346,FLDCKSYIL_A*02:01,tcr346,1
immrep347,ILMHATYFL_A*02:01,tcr347,1
immrep348,MEMPDYLLL_B*40:01,tcr348,1
immrep349,ILHTHVPEV_A*02:01,tcr349,1
immrep350,GEVLACYAL_B*40:01,tcr350,1
immrep351,REDDYSVWL_B*40:01,tcr351,1
immrep352,ILHTHVPEV_A*02:01,tcr352,1
immrep353,GEVLACYAL_B*40:01,tcr353,1
immrep354,GEVLACYAL_B*40:01,tcr354,1
immrep355,ILHTHVPEV_A*02:01,tcr355,1
immrep356,TVYPYGTSL_A*02:01,tcr356,1
immrep357,FLDCKSYIL_A*02:01,tcr357,1
immrep358,MTDYDYLEV_A*02:01,tcr358,1
immrep359,GENALTYAL_B*40:01,tcr359,1
immrep360,HLDDYPYLM_A*02:01,tcr360,1
immrep361,SEESAFYVL_B*40:01,tcr361,1
immrep362,REDDYSVWL_B*40:01,tcr362,1
immrep363,SEESAFYVL_B*40:01,tcr363,1
immrep364,YEDGVIFYL_B*40:01,tcr364,1
immrep365,MEMPDYLLL_B*40:01,tcr365,1
immrep366,YLFNADIWI_A*02:01,tcr366,1
immrep367,ILMHATYFL_A*02:01,tcr367,1
immrep368,TVYPYGTSL_A*02:01,tcr368,1
immrep369,TVYPYGTSL_A*02:01,tcr369,1
immrep370,YLFNADIWI_A*02:01,tcr370,1
immrep371,YEDGVIFYL_B*40:01,tcr371,1
immrep372,KLYPFLWFA_A*02:01,tcr372,1
immrep373,TVYPYGTSL_A*02:01,tcr373,1
immrep374,YEDGVIFYL_B*40:01,tcr374,1
immrep375,YMFYDGYDV_A*02:01,tcr375,1
immrep376,KLYPFLWFA_A*02:01,tcr376,1
immrep377,FLDCKSYIL_A*02:01,tcr377,1
immrep378,YLFNADIWI_A*02:01,tcr378,1
immrep379,ILHTHVPEV_A*02:01,tcr379,1
immrep380,HLDDYPYLM_A*02:01,tcr380,1
immrep381,ILMHATYFL_A*02:01,tcr381,1
immrep382,YMFYDGYDV_A*02:01,tcr382,1
immrep383,HLDDYPYLM_A*02:01,tcr383,1
immrep384,YENGSTPVL_B*40:01,tcr384,1
immrep385,MENWSALEL_B*40:01,tcr385,1
immrep386,YESYIPGAL_B*40:01,tcr386,1
immrep387,REDDYSVWL_B*40:01,tcr387,1
immrep388,YEDGVIFYL_B*40:01,tcr388,1
immrep389,YLFNADIWI_A*02:01,tcr389,1
immrep390,GENALTYAL_B*40:01,tcr390,1
immrep391,FEAQPGALL_B*40:01,tcr391,1
immrep392,MENWSALEL_B*40:01,tcr392,1
immrep393,YEDGVIFYL_B*40:01,tcr393,1
immrep394,SQFNWTIYL_A*02:01,tcr394,1
immrep395,YLFNADIWI_A*02:01,tcr395,1
immrep396,FEAQPGALL_B*40:01,tcr396,1
immrep397,YLFNADIWI_A*02:01,tcr397,1
immrep398,YENGSTPVL_B*40:01,tcr398,1
immrep399,YESYIPGAL_B*40:01,tcr399,1
immrep400,TVYPYGTSL_A*02:01,tcr400,1
immrep401,HLDDYPYLM_A*02:01,tcr401,1
immrep402,YEDGVIFYL_B*40:01,tcr402,1
immrep403,YMFYDGYDV_A*02:01,tcr403,1
immrep404,MEMPDYLLL_B*40:01,tcr404,1
immrep405,YESYIPGAL_B*40:01,tcr405,1
immrep406,FLDCKSYIL_A*02:01,tcr406,1
immrep407,REDDYSVWL_B*40:01,tcr407,1
immrep408,KLYPFLWFA_A*02:01,tcr408,1
immrep409,FEAQPGALL_B*40:01,tcr409,1
immrep410,YESYIPGAL_B*40:01,tcr410,1
immrep411,ILHTHVPEV_A*02:01,tcr411,1
immrep412,SQFNWTIYL_A*02:01,tcr412,1
immrep413,SEESAFYVL_B*40:01,tcr413,1
immrep414,MTDYDYLEV_A*02:01,tcr414,1
immrep415,YMFYDGYDV_A*02:01,tcr415,1
immrep416,MTDYDYLEV_A*02:01,tcr416,1
immrep417,SQFNWTIYL_A*02:01,tcr417,1
immrep418,YMFYDGYDV_A*02:01,tcr418,1
immrep419,TVYPYGTSL_A*02:01,tcr419,1
immrep420,YMFYDGYDV_A*02:01,tcr420,1
immrep421,YEDGVIFYL_B*40:01,tcr421,1
immrep422,YLFNADIWI_A*02:01,tcr422,1
immrep423,YENGSTPVL_B*40:01,tcr423,1
immrep424,YENGSTPVL_B*40:01,tcr424,1
immrep425,YENGSTPVL_B*40:01,tcr425,1
immrep426,GEVLACYAL_B*40:01,tcr426,1
immrep427,SQFNWTIYL_A*02:01,tcr427,1
immrep428,GENALTYAL_B*40:01,tcr428,1
immrep429,YEDGVIFYL_B*40:01,tcr429,1
immrep430,ILMHATYFL_A*02:01,tcr430,1
immrep431,REDDYSVWL_B*40:01,tcr431,1
immrep432,KLYPFLWFA_A*02:01,tcr432,1
immrep433,YLFNADIWI_A*02:01,tcr433,1
immrep434,YLFNADIWI_A*02:01,tcr434,1
immrep435,FLDCKSYIL_A*02:01,tcr435,1
immrep436,GENALTYAL_B*40:01,tcr436,1
immrep437,YMFYDGYDV_A*02:01,tcr437,1
immrep438,ILMHATYFL_A*02:01,tcr438,1
immrep439,YESYIPGAL_B*40:01,tcr439,1
immrep440,YMFYDGYDV_A*02:01,tcr440,1
immrep441,FLDCKSYIL_A*02:01,tcr441,1
immrep442,TVYPYGTSL_A*02:01,tcr442,1
immrep443,GENALTYAL_B*40:01,tcr443,1
immrep444,MENWSALEL_B*40:01,tcr444,1
immrep445,GENALTYAL_B*40:01,tcr445,1
immrep446,ILHTHVPEV_A*02:01,tcr446,1
immrep447,MENWSALEL_B*40:01,tcr447,1
immrep448,SQFNWTIYL_A*02:01,tcr448,1
immrep449,YMFYDGYDV_A*02:01,tcr449,1
immrep450,REDDYSVWL_B*40:01,tcr450,1
immrep451,TVYPYGTSL_A*02:01,tcr451,1
immrep452,FEAQPGALL_B*40:01,tcr452,1
immrep453,GEVLACYAL_B*40:01,tcr453,1
immrep454,YLFNADIWI_A*02:01,tcr454,1
immrep455,FEAQPGALL_B*40:01,tcr455,1
immrep456,FEAQPGALL_B*40:01,tcr456,1
immrep457,YEDGVIFYL_B*40:01,tcr457,1
immrep458,SEESAFYVL_B*40:01,tcr458,1
immrep459,ILHTHVPEV_A*02:01,tcr459,1
immrep460,MTDYDYLEV_A*02:01,tcr460,1
immrep461,YENGSTPVL_B*40:01,tcr461,1
immrep462,REDDYSVWL_B*40:01,tcr462,1
immrep463,MEMPDYLLL_B*40:01,tcr463,1
immrep464,FEAQPGALL_B*40:01,tcr464,1
immrep465,MTDYDYLEV_A*02:01,tcr465,1
immrep466,MENWSALEL_B*40:01,tcr466,1
immrep467,MENWSALEL_B*40:01,tcr467,1
immrep468,ILMHATYFL_A*02:01,tcr468,1
immrep469,GEVLACYAL_B*40:01,tcr469,1
immrep470,MEMPDYLLL_B*40:01,tcr470,1
immrep471,FLDCKSYIL_A*02:01,tcr471,1
immrep472,MEMPDYLLL_B*40:01,tcr472,1
immrep473,YEDGVIFYL_B*40:01,tcr473,1
immrep474,YENGSTPVL_B*40:01,tcr474,1
immrep475,SEESAFYVL_B*40:01,tcr475,1
immrep476,HLDDYPYLM_A*02:01,tcr476,1
immrep477,YMFYDGYDV_A*02:01,tcr477,1
immrep478,SQFNWTIYL_A*02:01,tcr478,1
immrep479,FEAQPGALL_B*40:01,tcr479,1
immrep480,YLFNADIWI_A*02:01,tcr480,1
immrep481,FEAQPGALL_B*40:01,tcr481,1
immrep482,MEMPDYLLL_B*40:01,tcr482,1
immrep483,FEAQPGALL_B*40:01,tcr483,1
immrep484,MEMPDYLLL_B*40:01,tcr484,1
immrep485,FEAQPGALL_B*40:01,tcr485,1
immrep486,YMFYDGYDV_A*02:01,tcr486,1
immrep487,SQFNWTIYL_A*02:01,tcr487,1
immrep488,MEMPDYLLL_B*40:01,tcr488,1
immrep489,FEAQPGALL_B*40:01,tcr489,1
immrep490,YENGSTPVL_B*40:01,tcr490,1
immrep491,ILMHATYFL_A*02:01,tcr491,1
immrep492,ILHTHVPEV_A*02:01,tcr492,1
immrep493,MEMPDYLLL_B*40:01,tcr493,1
immrep494,YLFNADIWI_A*02:01,tcr494,1
immrep495,GENALTYAL_B*40:01,tcr495,1
immrep496,YMFYDGYDV_A*02:01,tcr496,1
immrep497,HLDDYPYLM_A*02:01,tcr497,1
immrep498,MEMPDYLLL_B*40:01,tcr498,1
immrep499,REDDYSVWL_B*40:01,tcr499,1
immrep500,TVYPYGTSL_A*02:01,tcr500,1
immrep501,GENALTYAL_B*40:01,tcr501,1
immrep502,HLDDYPYLM_A*02:01,tcr502,1
immrep503,SEESAFYVL_B*40:01,tcr503,1
immrep504,YEDGVIFYL_B*40:01,tcr504,1
immrep505,MTDYDYLEV_A*02:01,tcr505,1
immrep506,GENALTYAL_B*40:01,tcr506,1
immrep507,REDDYSVWL_B*40:01,tcr507,1
immrep508,MENWSALEL_B*40:01,tcr508,1
immrep509,YMFYDGYDV_A*02:01,tcr509,1
immrep510,ILMHATYFL_A*02:01,tcr510,1
immrep511,SEESAFYVL_B*40:01,tcr511,1
immrep512,YLFNADIWI_A*02:01,tcr512,1
immrep513,REDDYSVWL_B*40:01,tcr513,1
immrep514,SQFNWTIYL_A*02:01,tcr514,1
immrep515,YENGSTPVL_B*40:01,tcr515,1
immrep516,YENGSTPVL_B*40:01,tcr516,1
immrep517,FEAQPGALL_B*40:01,tcr517,1
immrep518,TVYPYGTSL_A*02:01,tcr518,1
immrep519,MEMPDYLLL_B*40:01,tcr519,1
immrep520,YESYIPGAL_B*40:01,tcr520,1
immrep521,TVYPYGTSL_A*02:01,tcr521,1
immrep522,TVYPYGTSL_A*02:01,tcr522,1
immrep523,GEVLACYAL_B*40:01,tcr523,1
immrep524,FLDCKSYIL_A*02:01,tcr524,1
immrep525,MEMPDYLLL_B*40:01,tcr525,1
immrep526,FLDCKSYIL_A*02:01,tcr526,1
immrep527,YESYIPGAL_B*40:01,tcr527,1
immrep528,YESYIPGAL_B*40:01,tcr528,1
immrep529,GEVLACYAL_B*40:01,tcr529,1
immrep530,KLYPFLWFA_A*02:01,tcr530,1
immrep531,MTDYDYLEV_A*02:01,tcr531,1
immrep532,GEVLACYAL_B*40:01,tcr532,1
immrep533,YESYIPGAL_B*40:01,tcr533,1
immrep534,YMFYDGYDV_A*02:01,tcr534,1
immrep535,ILHTHVPEV_A*02:01,tcr535,1
immrep536,YESYIPGAL_B*40:01,tcr536,1
immrep537,SEESAFYVL_B*40:01,tcr537,1
immrep538,YENGSTPVL_B*40:01,tcr538,1
immrep539,YMFYDGYDV_A*02:01,tcr539,1
immrep540,MENWSALEL_B*40:01,tcr540,1
immrep541,GENALTYAL_B*40:01,tcr541,1
immrep542,SEESAFYVL_B*40:01,tcr542,1
immrep543,ILMHATYFL_A*02:01,tcr543,1
immrep544,ILHTHVPEV_A*02:01,tcr544,1
immrep545,KLYPFLWFA_A*02:01,tcr545,1
immrep546,SEESAFYVL_B*40:01,tcr546,1
immrep547,YESYIPGAL_B*40:01,tcr547,1
immrep548,FLDCKSYIL_A*02:01,tcr548,1
immrep549,YMFYDGYDV_A*02:01,tcr549,1
immrep550,MENWSALEL_B*40:01,tcr550,1
immrep551,MENWSALEL_B*40:01,tcr551,1
immrep552,YLFNADIWI_A*02:01,tcr552,1
immrep553,YLFNADIWI_A*02:01,tcr553,1
immrep554,KLYPFLWFA_A*02:01,tcr554,1
immrep555,KLYPFLWFA_A*02:01,tcr555,1
immrep556,SQFNWTIYL_A*02:01,tcr556,1
immrep557,GEVLACYAL_B*40:01,tcr557,1
immrep558,SEESAFYVL_B*40:01,tcr558,1
immrep559,TVYPYGTSL_A*02:01,tcr559,1
immrep560,KLYPFLWFA_A*02:01,tcr560,1
immrep561,GEVLACYAL_B*40:01,tcr561,1
immrep562,MEMPDYLLL_B*40:01,tcr562,1
immrep563,YLFNADIWI_A*02:01,tcr563,1
immrep564,ILMHATYFL_A*02:01,tcr564,1
immrep565,SEESAFYVL_B*40:01,tcr565,1
immrep566,MEMPDYLLL_B*40:01,tcr566,1
immrep567,KLYPFLWFA_A*02:01,tcr567,1
immrep568,YEDGVIFYL_B*40:01,tcr568,1
immrep569,KLYPFLWFA_A*02:01,tcr569,1
immrep570,REDDYSVWL_B*40:01,tcr570,1
immrep571,REDDYSVWL_B*40:01,tcr571,1
immrep572,ILHTHVPEV_A*02:01,tcr572,1
immrep573,YMFYDGYDV_A*02:01,tcr573,1
immrep574,YENGSTPVL_B*40:01,tcr574,1
immrep575,YEDGVIFYL_B*40:01,tcr575,1
immrep576,FLDCKSYIL_A*02:01,tcr576,1
immrep577,SEESAFYVL_B*40:01,tcr577,1
immrep578,YLFNADIWI_A*02:01,tcr578,1
immrep579,YEDGVIFYL_B*40:01,tcr579,1
immrep580,MENWSALEL_B*40:01,tcr580,1
immrep581,YESYIPGAL_B*40:01,tcr581,1
immrep582,YEDGVIFYL_B*40:01,tcr582,1
immrep583,KLYPFLWFA_A*02:01,tcr583,1
immrep584,YENGSTPVL_B*40:01,tcr584,1
immrep585,YMFYDGYDV_A*02:01,tcr585,1
immrep586,FEAQPGALL_B*40:01,tcr586,1
immrep587,GEVLACYAL_B*40:01,tcr587,1
immrep588,MTDYDYLEV_A*02:01,tcr588,1
immrep589,MTDYDYLEV_A*02:01,tcr589,1
immrep590,ILHTHVPEV_A*02:01,tcr590,1
immrep591,ILMHATYFL_A*02:01,tcr591,1
immrep592,SEESAFYVL_B*40:01,tcr592,1
immrep593,FEAQPGALL_B*40:01,tcr593,1
immrep594,FLDCKSYIL_A*02:01,tcr594,1
immrep595,ILMHATYFL_A*02:01,tcr595,1
immrep596,YLFNADIWI_A*02:01,tcr596,1
immrep597,GENALTYAL_B*40:01,tcr597,1
immrep598,YENGSTPVL_B*40:01,tcr598,1
immrep599,GENALTYAL_B*40:01,tcr599,1
immrep600,KLYPFLWFA_A*02:01,tcr600,1
immrep601,TVYPYGTSL_A*02:01,tcr601,1
immrep602,GEVLACYAL_B*40:01,tcr602,1
immrep603,GEVLACYAL_B*40:01,tcr603,1
immrep604,GEVLACYAL_B*40:01,tcr604,1
immrep605,KLYPFLWFA_A*02:01,tcr605,1
immrep606,FEAQPGALL_B*40:01,tcr606,1
immrep607,FEAQPGALL_B*40:01,tcr607,1
immrep608,GENALTYAL_B*40:01,tcr608,1
immrep609,GEVLACYAL_B*40:01,tcr609,1
immrep610,REDDYSVWL_B*40:01,tcr610,1
immrep611,REDDYSVWL_B*40:01,tcr611,1
immrep612,MTDYDYLEV_A*02:01,tcr612,1
immrep613,YMFYDGYDV_A*02:01,tcr613,1
immrep614,GEVLACYAL_B*40:01,tcr614,1
immrep615,YENGSTPVL_B*40:01,tcr615,1
immrep616,TVYPYGTSL_A*02:01,tcr616,1
immrep617,YENGSTPVL_B*40:01,tcr617,1
immrep618,FEAQPGALL_B*40:01,tcr618,1
immrep619,FLDCKSYIL_A*02:01,tcr619,1
immrep620,ILMHATYFL_A*02:01,tcr620,1
immrep621,SEESAFYVL_B*40:01,tcr621,1
immrep622,ILHTHVPEV_A*02:01,tcr622,1
immrep623,YEDGVIFYL_B*40:01,tcr623,1
immrep624,YMFYDGYDV_A*02:01,tcr624,1
immrep625,FEAQPGALL_B*40:01,tcr625,1
immrep626,MEMPDYLLL_B*40:01,tcr626,1
immrep627,YESYIPGAL_B*40:01,tcr627,1
immrep628,YESYIPGAL_B*40:01,tcr628,1
immrep629,YESYIPGAL_B*40:01,tcr629,1
immrep630,YEDGVIFYL_B*40:01,tcr630,1
immrep631,HLDDYPYLM_A*02:01,tcr631,1
immrep632,ILHTHVPEV_A*02:01,tcr632,1
immrep633,MTDYDYLEV_A*02:01,tcr633,1
immrep634,MEMPDYLLL_B*40:01,tcr634,1
immrep635,ILHTHVPEV_A*02:01,tcr635,1
immrep636,SEESAFYVL_B*40:01,tcr636,1
immrep637,TVYPYGTSL_A*02:01,tcr637,1
immrep638,SQFNWTIYL_A*02:01,tcr638,1
immrep639,ILHTHVPEV_A*02:01,tcr639,1
immrep640,MTDYDYLEV_A*02:01,tcr640,1
immrep641,SEESAFYVL_B*40:01,tcr641,1
immrep642,YMFYDGYDV_A*02:01,tcr642,1
immrep643,REDDYSVWL_B*40:01,tcr643,1
immrep644,ILHTHVPEV_A*02:01,tcr644,1
immrep645,YENGSTPVL_B*40:01,tcr645,1
immrep646,REDDYSVWL_B*40:01,tcr646,1
immrep647,MENWSALEL_B*40:01,tcr647,1
immrep648,MENWSALEL_B*40:01,tcr648,1
immrep649,SQFNWTIYL_A*02:01,tcr649,1
immrep650,TVYPYGTSL_A*02:01,tcr650,1
immrep651,HLDDYPYLM_A*02:01,tcr651,1
immrep652,GEVLACYAL_B*40:01,tcr652,1
immrep653,SQFNWTIYL_A*02:01,tcr653,1
immrep654,FLDCKSYIL_A*02:01,tcr654,1
immrep655,ILHTHVPEV_A*02:01,tcr655,1
immrep656,GEVLACYAL_B*40:01,tcr656,1
immrep657,MENWSALEL_B*40:01,tcr657,1
immrep658,YLFNADIWI_A*02:01,tcr658,1
immrep659,YEDGVIFYL_B*40:01,tcr659,1
immrep660,GEVLACYAL_B*40:01,tcr660,1
immrep661,GEVLACYAL_B*40:01,tcr661,1
immrep662,MEMPDYLLL_B*40:01,tcr662,1
immrep663,GENALTYAL_B*40:01,tcr663,1
immrep664,YLFNADIWI_A*02:01,tcr664,1
immrep665,GENALTYAL_B*40:01,tcr665,1
immrep666,ILMHATYFL_A*02:01,tcr666,1
immrep667,REDDYSVWL_B*40:01,tcr667,1
immrep668,MEMPDYLLL_B*40:01,tcr668,1
immrep669,YESYIPGAL_B*40:01,tcr669,1
immrep670,ILHTHVPEV_A*02:01,tcr670,1
immrep671,ILMHATYFL_A*02:01,tcr671,1
immrep672,SQFNWTIYL_A*02:01,tcr672,1
immrep673,GENALTYAL_B*40:01,tcr673,1
immrep674,MEMPDYLLL_B*40:01,tcr674,1
immrep675,GEVLACYAL_B*40:01,tcr675,1
immrep676,TVYPYGTSL_A*02:01,tcr676,1
immrep677,FLDCKSYIL_A*02:01,tcr677,1
immrep678,YENGSTPVL_B*40:01,tcr678,1
immrep679,YENGSTPVL_B*40:01,tcr679,1
immrep680,HLDDYPYLM_A*02:01,tcr680,1
immrep681,TVYPYGTSL_A*02:01,tcr681,1
immrep682,SQFNWTIYL_A*02:01,tcr682,1
immrep683,HLDDYPYLM_A*02:01,tcr683,1
immrep684,GEVLACYAL_B*40:01,tcr684,1
immrep685,FLDCKSYIL_A*02:01,tcr685,1
immrep686,MENWSALEL_B*40:01,tcr686,1
immrep687,ILMHATYFL_A*02:01,tcr687,1
immrep688,SQFNWTIYL_A*02:01,tcr688,1
immrep689,YMFYDGYDV_A*02:01,tcr689,1
immrep690,YESYIPGAL_B*40:01,tcr690,1
immrep691,MTDYDYLEV_A*02:01,tcr691,1
immrep692,HLDDYPYLM_A*02:01,tcr692,1
immrep693,GEVLACYAL_B*40:01,tcr693,1
immrep694,TVYPYGTSL_A*02:01,tcr694,1
immrep695,MTDYDYLEV_A*02:01,tcr695,1
immrep696,MEMPDYLLL_B*40:01,tcr696,1
immrep697,YESYIPGAL_B*40:01,tcr697,1
immrep698,GENALTYAL_B*40:01,tcr698,1
immrep699,YESYIPGAL_B*40:01,tcr699,1
immrep700,YEDGVIFYL_B*40:01,tcr700,1
immrep701,HLDDYPYLM_A*02:01,tcr701,1
immrep702,YLFNADIWI_A*02:01,tcr702,1
immrep703,MTDYDYLEV_A*02:01,tcr703,1
immrep704,YESYIPGAL_B*40:01,tcr704,1
immrep705,KLYPFLWFA_A*02:01,tcr705,1
immrep706,TVYPYGTSL_A*02:01,tcr706,1
immrep707,ILMHATYFL_A*02:01,tcr707,1
immrep708,SEESAFYVL_B*40:01,tcr708,1
immrep709,ILMHATYFL_A*02:01,tcr709,1
immrep710,FLDCKSYIL_A*02:01,tcr710,1
immrep711,MTDYDYLEV_A*02:01,tcr711,1
immrep712,YENGSTPVL_B*40:01,tcr712,1
immrep713,SQFNWTIYL_A*02:01,tcr713,1
immrep714,ILHTHVPEV_A*02:01,tcr714,1
immrep715,YMFYDGYDV_A*02:01,tcr715,1
immrep716,TVYPYGTSL_A*02:01,tcr716,1
immrep717,ILMHATYFL_A*02:01,tcr717,1
immrep718,YEDGVIFYL_B*40:01,tcr718,1
immrep719,YENGSTPVL_B*40:01,tcr719,1
immrep720,ILMHATYFL_A*02:01,tcr720,1
immrep721,REDDYSVWL_B*40:01,tcr721,1
immrep722,FLDCKSYIL_A*02:01,tcr722,1
immrep723,REDDYSVWL_B*40:01,tcr723,1
immrep724,MTDYDYLEV_A*02:01,tcr724,1
immrep725,KLYPFLWFA_A*02:01,tcr725,1
immrep726,REDDYSVWL_B*40:01,tcr726,1
immrep727,MENWSALEL_B*40:01,tcr727,1
immrep728,YESYIPGAL_B*40:01,tcr728,1
immrep729,HLDDYPYLM_A*02:01,tcr729,1
immrep730,FEAQPGALL_B*40:01,tcr730,1
immrep731,TVYPYGTSL_A*02:01,tcr731,1
immrep732,ILHTHVPEV_A*02:01,tcr732,1
immrep733,SQFNWTIYL_A*02:01,tcr733,1
immrep734,KLYPFLWFA_A*02:01,tcr734,1
immrep735,SEESAFYVL_B*40:01,tcr735,1
immrep736,FEAQPGALL_B*40:01,tcr736,1
immrep737,FLDCKSYIL_A*02:01,tcr737,1
immrep738,FEAQPGALL_B*40:01,tcr738,1
immrep739,REDDYSVWL_B*40:01,tcr739,1
immrep740,MTDYDYLEV_A*02:01,tcr740,1
immrep741,KLYPFLWFA_A*02:01,tcr741,1
immrep742,YMFYDGYDV_A*02:01,tcr742,1
immrep743,KLYPFLWFA_A*02:01,tcr743,1
immrep744,YMFYDGYDV_A*02:01,tcr744,1
immrep745,FLDCKSYIL_A*02:01,tcr745,1
immrep746,ILMHATYFL_A*02:01,tcr746,1
immrep747,YMFYDGYDV_A*02:01,tcr747,1
immrep748,SQFNWTIYL_A*02:01,tcr748,1
immrep749,ILHTHVPEV_A*02:01,tcr749,1
immrep750,KLYPFLWFA_A*02:01,tcr750,1
immrep751,MTDYDYLEV_A*02:01,tcr751,1
immrep752,REDDYSVWL_B*40:01,tcr752,1
immrep753,SEESAFYVL_B*40:01,tcr753,1
immrep754,YLFNADIWI_A*02:01,tcr754,1
immrep755,GENALTYAL_B*40:01,tcr755,1
immrep756,YMFYDGYDV_A*02:01,tcr756,1
immrep757,YEDGVIFYL_B*40:01,tcr757,1
immrep758,GENALTYAL_B*40:01,tcr758,1
immrep759,REDDYSVWL_B*40:01,tcr759,1
immrep760,YMFYDGYDV_A*02:01,tcr760,1
immrep761,FEAQPGALL_B*40:01,tcr761,1
immrep762,YLFNADIWI_A*02:01,tcr762,1
immrep763,KLYPFLWFA_A*02:01,tcr763,1
immrep764,MTDYDYLEV_A*02:01,tcr764,1
immrep765,SQFNWTIYL_A*02:01,tcr765,1
immrep766,KLYPFLWFA_A*02:01,tcr766,1
immrep767,SEESAFYVL_B*40:01,tcr767,1
immrep768,MENWSALEL_B*40:01,tcr768,1
immrep769,SEESAFYVL_B*40:01,tcr769,1
immrep770,MEMPDYLLL_B*40:01,tcr770,1
immrep771,KLYPFLWFA_A*02:01,tcr771,1
immrep772,GENALTYAL_B*40:01,tcr772,1
immrep773,GENALTYAL_B*40:01,tcr773,1
immrep774,YENGSTPVL_B*40:01,tcr774,1
immrep775,YENGSTPVL_B*40:01,tcr775,1
immrep776,GEVLACYAL_B*40:01,tcr776,1
immrep777,HLDDYPYLM_A*02:01,tcr777,1
immrep778,GENALTYAL_B*40:01,tcr778,1
immrep779,KLYPFLWFA_A*02:01,tcr779,1
immrep780,GENALTYAL_B*40:01,tcr780,1
immrep781,GEVLACYAL_B*40:01,tcr781,1
immrep782,GENALTYAL_B*40:01,tcr782,1
immrep783,MENWSALEL_B*40:01,tcr783,1
immrep784,ILMHATYFL_A*02:01,tcr784,1
immrep785,ILMHATYFL_A*02:01,tcr785,1
immrep786,YLFNADIWI_A*02:01,tcr786,1
immrep787,SQFNWTIYL_A*02:01,tcr787,1
immrep788,REDDYSVWL_B*40:01,tcr788,1
immrep789,FLDCKSYIL_A*02:01,tcr789,1
immrep790,HLDDYPYLM_A*02:01,tcr790,1
immrep791,YLFNADIWI_A*02:01,tcr791,1
immrep792,SQFNWTIYL_A*02:01,tcr792,1
immrep793,FLDCKSYIL_A*02:01,tcr793,1
immrep794,YLFNADIWI_A*02:01,tcr794,1
immrep795,MTDYDYLEV_A*02:01,tcr795,1
immrep796,ILMHATYFL_A*02:01,tcr796,1
immrep797,GEVLACYAL_B*40:01,tcr797,1
immrep798,YLFNADIWI_A*02:01,tcr798,1
immrep799,YEDGVIFYL_B*40:01,tcr799,1
immrep800,YMFYDGYDV_A*02:01,tcr800,1
immrep801,YESYIPGAL_B*40:01,tcr801,1
immrep802,YEDGVIFYL_B*40:01,tcr802,1
immrep803,FLDCKSYIL_A*02:01,tcr803,1
immrep804,MTDYDYLEV_A*02:01,tcr804,1
immrep805,ILHTHVPEV_A*02:01,tcr805,1
immrep806,SQFNWTIYL_A*02:01,tcr806,1
immrep807,YENGSTPVL_B*40:01,tcr807,1
immrep808,KLYPFLWFA_A*02:01,tcr808,1
immrep809,HLDDYPYLM_A*02:01,tcr809,1
immrep810,MEMPDYLLL_B*40:01,tcr810,1
immrep811,FEAQPGALL_B*40:01,tcr811,1
immrep812,GEVLACYAL_B*40:01,tcr812,1
immrep813,MENWSALEL_B*40:01,tcr813,1
immrep814,MTDYDYLEV_A*02:01,tcr814,1
immrep815,TVYPYGTSL_A*02:01,tcr815,1
immrep816,SQFNWTIYL_A*02:01,tcr816,1
immrep817,YLFNADIWI_A*02:01,tcr817,1
immrep818,ILMHATYFL_A*02:01,tcr818,1
immrep819,YENGSTPVL_B*40:01,tcr819,1
immrep820,HLDDYPYLM_A*02:01,tcr820,1
immrep821,MEMPDYLLL_B*40:01,tcr821,1
immrep822,ILMHATYFL_A*02:01,tcr822,1
immrep823,YESYIPGAL_B*40:01,tcr823,1
immrep824,GEVLACYAL_B*40:01,tcr824,1
immrep825,SEESAFYVL_B*40:01,tcr825,1
immrep826,FLDCKSYIL_A*02:01,tcr826,1
immrep827,FEAQPGALL_B*40:01,tcr827,1
immrep828,YEDGVIFYL_B*40:01,tcr828,1
immrep829,MEMPDYLLL_B*40:01,tcr829,1
immrep830,MTDYDYLEV_A*02:01,tcr830,1
immrep831,YEDGVIFYL_B*40:01,tcr831,1
immrep832,ILHTHVPEV_A*02:01,tcr832,1
immrep833,SQFNWTIYL_A*02:01,tcr833,1
immrep834,TVYPYGTSL_A*02:01,tcr834,1
immrep835,GEVLACYAL_B*40:01,tcr835,1
immrep836,KLYPFLWFA_A*02:01,tcr836,1
immrep837,ILHTHVPEV_A*02:01,tcr837,1
immrep838,SQFNWTIYL_A*02:01,tcr838,1
immrep839,SEESAFYVL_B*40:01,tcr839,1
immrep840,MEMPDYLLL_B*40:01,tcr840,1
immrep841,REDDYSVWL_B*40:01,tcr841,1
immrep842,YEDGVIFYL_B*40:01,tcr842,1
immrep843,SQFNWTIYL_A*02:01,tcr843,1
immrep844,FEAQPGALL_B*40:01,tcr844,1
immrep845,YEDGVIFYL_B*40:01,tcr845,1
immrep846,MENWSALEL_B*40:01,tcr846,1
immrep847,YENGSTPVL_B*40:01,tcr847,1
immrep848,FLDCKSYIL_A*02:01,tcr848,1
immrep849,YESYIPGAL_B*40:01,tcr849,1
immrep850,GEVLACYAL_B*40:01,tcr850,1
immrep851,SEESAFYVL_B*40:01,tcr851,1
immrep852,ILMHATYFL_A*02:01,tcr852,1
immrep853,REDDYSVWL_B*40:01,tcr853,1
immrep854,GENALTYAL_B*40:01,tcr854,1
immrep855,MEMPDYLLL_B*40:01,tcr855,1
immrep856,TVYPYGTSL_A*02:01,tcr856,1
immrep857,YESYIPGAL_B*40:01,tcr857,1
immrep858,HLDDYPYLM_A*02:01,tcr858,1
immrep859,REDDYSVWL_B*40:01,tcr859,1
immrep860,ILMHATYFL_A*02:01,tcr860,1
immrep861,MTDYDYLEV_A*02:01,tcr861,1
immrep862,SQFNWTIYL_A*02:01,tcr862,1
immrep863,TVYPYGTSL_A*02:01,tcr863,1
immrep864,ILHTHVPEV_A*02:01,tcr864,1
immrep865,YENGSTPVL_B*40:01,tcr865,1
immrep866,GEVLACYAL_B*40:01,tcr866,1
immrep867,REDDYSVWL_B*40:01,tcr867,1
immrep868,KLYPFLWFA_A*02:01,tcr868,1
immrep869,MEMPDYLLL_B*40:01,tcr869,1
immrep870,SEESAFYVL_B*40:01,tcr870,1
immrep871,GENALTYAL_B*40:01,tcr871,1
immrep872,TVYPYGTSL_A*02:01,tcr872,1
immrep873,FEAQPGALL_B*40:01,tcr873,1
immrep874,ILHTHVPEV_A*02:01,tcr874,1
immrep875,YESYIPGAL_B*40:01,tcr875,1
immrep876,MEMPDYLLL_B*40:01,tcr876,1
immrep877,SQFNWTIYL_A*02:01,tcr877,1
immrep878,YLFNADIWI_A*02:01,tcr878,1
immrep879,MTDYDYLEV_A*02:01,tcr879,1
immrep880,YESYIPGAL_B*40:01,tcr880,1
immrep881,GEVLACYAL_B*40:01,tcr881,1
immrep882,YENGSTPVL_B*40:01,tcr882,1
immrep883,YEDGVIFYL_B*40:01,tcr883,1
immrep884,GEVLACYAL_B*40:01,tcr884,1
immrep885,GENALTYAL_B*40:01,tcr885,1
immrep886,YESYIPGAL_B*40:01,tcr886,1
immrep887,MEMPDYLLL_B*40:01,tcr887,1
immrep888,MENWSALEL_B*40:01,tcr888,1
immrep889,MENWSALEL_B*40:01,tcr889,1
immrep890,GEVLACYAL_B*40:01,tcr890,1
immrep891,ILMHATYFL_A*02:01,tcr891,1
immrep892,SEESAFYVL_B*40:01,tcr892,1
immrep893,YEDGVIFYL_B*40:01,tcr893,1
immrep894,KLYPFLWFA_A*02:01,tcr894,1
immrep895,HLDDYPYLM_A*02:01,tcr895,1
immrep896,YESYIPGAL_B*40:01,tcr896,1
immrep897,MENWSALEL_B*40:01,tcr897,1
immrep898,YEDGVIFYL_B*40:01,tcr898,1
immrep899,FEAQPGALL_B*40:01,tcr899,1
immrep900,YENGSTPVL_B*40:01,tcr900,1
immrep901,SQFNWTIYL_A*02:01,tcr901,1
immrep902,FEAQPGALL_B*40:01,tcr902,1
immrep903,HLDDYPYLM_A*02:01,tcr903,1
immrep904,GEVLACYAL_B*40:01,tcr904,1
immrep905,YEDGVIFYL_B*40:01,tcr905,1
immrep906,YEDGVIFYL_B*40:01,tcr906,1
immrep907,KLYPFLWFA_A*02:01,tcr907,1
immrep908,MENWSALEL_B*40:01,tcr908,1
immrep909,MENWSALEL_B*40:01,tcr909,1
immrep910,FLDCKSYIL_A*02:01,tcr910,1
immrep911,GEVLACYAL_B*40:01,tcr911,1
immrep912,MTDYDYLEV_A*02:01,tcr912,1
immrep913,SQFNWTIYL_A*02:01,tcr913,1
immrep914,FEAQPGALL_B*40:01,tcr914,1
immrep915,TVYPYGTSL_A*02:01,tcr915,1
immrep916,MENWSALEL_B*40:01,tcr916,1
immrep917,YESYIPGAL_B*40:01,tcr917,1
immrep918,KLYPFLWFA_A*02:01,tcr918,1
immrep919,YENGSTPVL_B*40:01,tcr919,1
immrep920,YEDGVIFYL_B*40:01,tcr920,1
immrep921,KLYPFLWFA_A*02:01,tcr921,1
immrep922,HLDDYPYLM_A*02:01,tcr922,1
immrep923,REDDYSVWL_B*40:01,tcr923,1
immrep924,YLFNADIWI_A*02:01,tcr924,1
immrep925,REDDYSVWL_B*40:01,tcr925,1
immrep926,REDDYSVWL_B*40:01,tcr926,1
immrep927,TVYPYGTSL_A*02:01,tcr927,1
immrep928,KLYPFLWFA_A*02:01,tcr928,1
immrep929,REDDYSVWL_B*40:01,tcr929,1
immrep930,ILHTHVPEV_A*02:01,tcr930,1
immrep931,SQFNWTIYL_A*02:01,tcr931,1
immrep932,ILMHATYFL_A*02:01,tcr932,1
immrep933,YMFYDGYDV_A*02:01,tcr933,1
immrep934,ILMHATYFL_A*02:01,tcr934,1
immrep935,ILMHATYFL_A*02:01,tcr935,1
immrep936,YLFNADIWI_A*02:01,tcr936,1
immrep937,YEDGVIFYL_B*40:01,tcr937,1
immrep938,ILMHATYFL_A*02:01,tcr938,1
immrep939,MTDYDYLEV_A*02:01,tcr939,1
immrep940,KLYPFLWFA_A*02:01,tcr940,1
immrep941,YENGSTPVL_B*40:01,tcr941,1
immrep942,ILHTHVPEV_A*02:01,tcr942,1
immrep943,MENWSALEL_B*40:01,tcr943,1
immrep944,FLDCKSYIL_A*02:01,tcr944,1
immrep945,MENWSALEL_B*40:01,tcr945,1
immrep946,HLDDYPYLM_A*02:01,tcr946,1
immrep947,SEESAFYVL_B*40:01,tcr947,1
immrep948,YENGSTPVL_B*40:01,tcr948,1
immrep949,YENGSTPVL_B*40:01,tcr949,1
immrep950,TVYPYGTSL_A*02:01,tcr950,1
immrep951,FEAQPGALL_B*40:01,tcr951,1
immrep952,GENALTYAL_B*40:01,tcr952,1
immrep953,MENWSALEL_B*40:01,tcr953,1
immrep954,SQFNWTIYL_A*02:01,tcr954,1
immrep955,MENWSALEL_B*40:01,tcr955,1
immrep956,TVYPYGTSL_A*02:01,tcr956,1
immrep957,MTDYDYLEV_A*02:01,tcr957,1
immrep958,FEAQPGALL_B*40:01,tcr958,1
immrep959,YENGSTPVL_B*40:01,tcr959,1
immrep960,MENWSALEL_B*40:01,tcr960,1
immrep961,KLYPFLWFA_A*02:01,tcr961,1
immrep962,KLYPFLWFA_A*02:01,tcr962,1
immrep963,TVYPYGTSL_A*02:01,tcr963,1
immrep964,ILMHATYFL_A*02:01,tcr964,1
immrep965,REDDYSVWL_B*40:01,tcr965,1
immrep966,MTDYDYLEV_A*02:01,tcr966,1
immrep967,YMFYDGYDV_A*02:01,tcr967,1
immrep968,REDDYSVWL_B*40:01,tcr968,1
immrep969,GEVLACYAL_B*40:01,tcr969,1
immrep970,YESYIPGAL_B*40:01,tcr970,1
immrep971,ILHTHVPEV_A*02:01,tcr971,1
immrep972,MEMPDYLLL_B*40:01,tcr972,1
immrep973,REDDYSVWL_B*40:01,tcr973,1
immrep974,FLDCKSYIL_A*02:01,tcr974,1
immrep975,SEESAFYVL_B*40:01,tcr975,1
immrep976,MTDYDYLEV_A*02:01,tcr976,1
immrep977,YESYIPGAL_B*40:01,tcr977,1
immrep978,HLDDYPYLM_A*02:01,tcr978,1
immrep979,KLYPFLWFA_A*02:01,tcr979,1
immrep980,ILHTHVPEV_A*02:01,tcr980,1
immrep981,MEMPDYLLL_B*40:01,tcr981,1
immrep982,GENALTYAL_B*40:01,tcr982,1
immrep983,ILMHATYFL_A*02:01,tcr983,1
immrep984,YMFYDGYDV_A*02:01,tcr984,1
immrep985,SEESAFYVL_B*40:01,tcr985,1
immrep986,YESYIPGAL_B*40:01,tcr986,1
immrep987,GENALTYAL_B*40:01,tcr987,1
immrep988,SQFNWTIYL_A*02:01,tcr988,1
immrep989,SEESAFYVL_B*40:01,tcr989,1
immrep990,GENALTYAL_B*40:01,tcr990,1
immrep991,ILMHATYFL_A*02:01,tcr991,1
immrep992,SQFNWTIYL_A*02:01,tcr992,1
immrep993,FLDCKSYIL_A*02:01,tcr993,1
immrep994,MTDYDYLEV_A*02:01,tcr994,1
immrep995,SEESAFYVL_B*40:01,tcr995,1
immrep996,KLYPFLWFA_A*02:01,tcr996,1
immrep997,FEAQPGALL_B*40:01,tcr997,1
immrep998,SQFNWTIYL_A*02:01,tcr998,1
immrep999,ILMHATYFL_A*02:01,tcr999,1
immrep1000,MTDYDYLEV_A*02:01,tcr644,0
immrep1001,ILHTHVPEV_A*02:01,tcr94,0
immrep1002,FLDCKSYIL_A*02:01,tcr961,0
immrep1003,HLDDYPYLM_A*02:01,tcr217,0
immrep1004,ILMHATYFL_A*02:01,tcr492,0
immrep1005,YENGSTPVL_B*40:01,tcr169,0
immrep1006,SQFNWTIYL_A*02:01,tcr518,0
immrep1007,FLDCKSYIL_A*02:01,tcr496,0
immrep1008,ILHTHVPEV_A*02:01,tcr553,0
immrep1009,SEESAFYVL_B*40:01,tcr297,0
immrep1010,YEDGVIFYL_B*40:01,tcr259,0
immrep1011,GEVLACYAL_B*40:01,tcr726,0
immrep1012,GENALTYAL_B*40:01,tcr537,0
immrep1013,YENGSTPVL_B*40:01,tcr835,0
immrep1014,YESYIPGAL_B*40:01,tcr237,0
immrep1015,YLFNADIWI_A*02:01,tcr724,0
immrep1016,ILHTHVPEV_A*02:01,tcr800,0
immrep1017,YESYIPGAL_B*40:01,tcr390,0
immrep1018,YESYIPGAL_B*40:01,tcr363,0
immrep1019,GENALTYAL_B*40:01,tcr115,0
immrep1020,HLDDYPYLM_A*02:01,tcr817,0
immrep1021,HLDDYPYLM_A*02:01,tcr681,0
immrep1022,ILMHATYFL_A*02:01,tcr50,0
immrep1023,YMFYDGYDV_A*02:01,tcr548,0
immrep1024,YESYIPGAL_B*40:01,tcr14,0
immrep1025,FEAQPGALL_B*40:01,tcr550,0
immrep1026,YMFYDGYDV_A*02:01,tcr692,0
immrep1027,TVYPYGTSL_A*02:01,tcr304,0
immrep1028,YEDGVIFYL_B*40:01,tcr515,0
immrep1029,KLYPFLWFA_A*02:01,tcr224,0
immrep1030,MEMPDYLLL_B*40:01,tcr900,0
immrep1031,MTDYDYLEV_A*02:01,tcr600,0
immrep1032,MTDYDYLEV_A*02:01,tcr256,0
immrep1033,SEESAFYVL_B*40:01,tcr483,0
immrep1034,TVYPYGTSL_A*02:01,tcr798,0
immrep1035,TVYPYGTSL_A*02:01,tcr411,0
immrep1036,MEMPDYLLL_B*40:01,tcr115,0
immrep1037,ILHTHVPEV_A*02:01,tcr249,0
immrep1038,MEMPDYLLL_B*40:01,tcr233,0
immrep1039,SEESAFYVL_B*40:01,tcr132,0
immrep1040,FEAQPGALL_B*40:01,tcr776,0
immrep1041,FEAQPGALL_B*40:01,tcr896,0
immrep1042,SEESAFYVL_B*40:01,tcr693,0
immrep1043,YMFYDGYDV_A*02:01,tcr103,0
immrep1044,REDDYSVWL_B*40:01,tcr225,0
immrep1045,YESYIPGAL_B*40:01,tcr652,0
immrep1046,MTDYDYLEV_A*02:01,tcr806,0
immrep1047,ILHTHVPEV_A*02:01,tcr734,0
immrep1048,GENALTYAL_B*40:01,tcr202,0
immrep1049,GENALTYAL_B*40:01,tcr880,0
immrep1050,ILHTHVPEV_A*02:01,tcr912,0
immrep1051,YMFYDGYDV_A*02:01,tcr184,0
immrep1052,YMFYDGYDV_A*02:01,tcr140,0
immrep1053,YLFNADIWI_A*02:01,tcr139,0
immrep1054,MEMPDYLLL_B*40:01,tcr995,0
immrep1055,YMFYDGYDV_A*02:01,tcr978,0
immrep1056,YLFNADIWI_A*02:01,tcr39,0
immrep1057,YESYIPGAL_B*40:01,tcr885,0
immrep1058,SEESAFYVL_B*40:01,tcr317,0
immrep1059,KLYPFLWFA_A*02:01,tcr213,0
immrep1060,ILMHATYFL_A*02:01,tcr936,0
immrep1061,FEAQPGALL_B*40:01,tcr626,0
immrep1062,GENALTYAL_B*40:01,tcr850,0
immrep1063,TVYPYGTSL_A*02:01,tcr187,0
immrep1064,FEAQPGALL_B*40:01,tcr581,0
immrep1065,ILMHATYFL_A*02:01,tcr612,0
immrep1066,REDDYSVWL_B*40:01,tcr541,0
immrep1067,GEVLACYAL_B*40:01,tcr495,0
immrep1068,FEAQPGALL_B*40:01,tcr29,0
immrep1069,MTDYDYLEV_A*02:01,tcr789,0
immrep1070,YESYIPGAL_B*40:01,tcr35,0
immrep1071,YEDGVIFYL_B*40:01,tcr490,0
immrep1072,FEAQPGALL_B*40:01,tcr628,0
immrep1073,SEESAFYVL_B*40:01,tcr342,0
immrep1074,YEDGVIFYL_B*40:01,tcr629,0
immrep1075,GEVLACYAL_B*40:01,tcr293,0
immrep1076,GEVLACYAL_B*40:01,tcr481,0
immrep1077,MTDYDYLEV_A*02:01,tcr417,0
immrep1078,ILMHATYFL_A*02:01,tcr760,0
immrep1079,ILMHATYFL_A*02:01,tcr993,0
immrep1080,ILHTHVPEV_A*02:01,tcr193,0
immrep1081,ILHTHVPEV_A*02:01,tcr319,0
immrep1082,SEESAFYVL_B*40:01,tcr351,0
immrep1083,YESYIPGAL_B*40:01,tcr668,0
immrep1084,GENALTYAL_B*40:01,tcr363,0
immrep1085,KLYPFLWFA_A*02:01,tcr165,0
immrep1086,FEAQPGALL_B*40:01,tcr911,0
immrep1087,TVYPYGTSL_A*02:01,tcr549,0
immrep1088,YENGSTPVL_B*40:01,tcr853,0
immrep1089,SEESAFYVL_B*40:01,tcr678,0
immrep1090,MTDYDYLEV_A*02:01,tcr451,0
immrep1091,MENWSALEL_B*40:01,tcr482,0
immrep1092,HLDDYPYLM_A*02:01,tcr1,0
immrep1093,MENWSALEL_B*40:01,tcr614,0
immrep1094,YESYIPGAL_B*40:01,tcr541,0
immrep1095,GEVLACYAL_B*40:01,tcr467,0
immrep1096,KLYPFLWFA_A*02:01,tcr477,0
immrep1097,REDDYSVWL_B*40:01,tcr490,0
immrep1098,MEMPDYLLL_B*40:01,tcr679,0
immrep1099,GEVLACYAL_B*40:01,tcr995,0
immrep1100,SQFNWTIYL_A*02:01,tcr891,0
immrep1101,ILMHATYFL_A*02:01,tcr637,0
immrep1102,ILHTHVPEV_A*02:01,tcr856,0
immrep1103,MEMPDYLLL_B*40:01,tcr361,0
immrep1104,SEESAFYVL_B*40:01,tcr776,0
immrep1105,YESYIPGAL_B*40:01,tcr211,0
immrep1106,MEMPDYLLL_B*40:01,tcr76,0
immrep1107,REDDYSVWL_B*40:01,tcr941,0
immrep1108,GEVLACYAL_B*40:01,tcr472,0
immrep1109,SEESAFYVL_B*40:01,tcr183,0
immrep1110,YENGSTPVL_B*40:01,tcr571,0
immrep1111,YMFYDGYDV_A*02:01,tcr432,0
immrep1112,YMFYDGYDV_A*02:01,tcr278,0
immrep1113,REDDYSVWL_B*40:01,tcr55,0
immrep1114,ILMHATYFL_A*02:01,tcr271,0
immrep1115,SQFNWTIYL_A*02:01,tcr120,0
immrep1116,FEAQPGALL_B*40:01,tcr968,0
immrep1117,YEDGVIFYL_B*40:01,tcr597,0
immrep1118,MTDYDYLEV_A*02:01,tcr228,0
immrep1119,SQFNWTIYL_A*02:01,tcr796,0
immrep1120,MTDYDYLEV_A*02:01,tcr347,0
immrep1121,TVYPYGTSL_A*02:01,tcr454,0
immrep1122,YLFNADIWI_A*02:01,tcr763,0
immrep1123,ILHTHVPEV_A*02:01,tcr17,0
immrep1124,YMFYDGYDV_A*02:01,tcr543,0
immrep1125,YEDGVIFYL_B*40:01,tcr516,0
immrep1126,YENGSTPVL_B*40:01,tcr127,0
immrep1127,YESYIPGAL_B*40:01,tcr675,0
immrep1128,MTDYDYLEV_A*02:01,tcr530,0
immrep1129,ILMHATYFL_A*02:01,tcr376,0
immrep1130,REDDYSVWL_B*40:01,tcr728,0
immrep1131,YENGSTPVL_B*40:01,tcr906,0
immrep1132,FLDCKSYIL_A*02:01,tcr864,0
immrep1133,GEVLACYAL_B*40:01,tcr755,0
immrep1134,TVYPYGTSL_A*02:01,tcr924,0
immrep1135,GENALTYAL_B*40:01,tcr79,0
immrep1136,ILMHATYFL_A*02:01,tcr521,0
immrep1137,GEVLACYAL_B*40:01,tcr537,0
immrep1138,MENWSALEL_B*40:01,tcr736,0
immrep1139,ILMHATYFL_A*02:01,tcr496,0
immrep1140,HLDDYPYLM_A*02:01,tcr185,0
immrep1141,SQFNWTIYL_A*02:01,tcr980,0
immrep1142,FLDCKSYIL_A*02:01,tcr733,0
immrep1143,SEESAFYVL_B*40:01,tcr450,0
immrep1144,MEMPDYLLL_B*40:01,tcr859,0
immrep1145,KLYPFLWFA_A*02:01,tcr139,0
immrep1146,FEAQPGALL_B*40:01,tcr985,0
immrep1147,KLYPFLWFA_A*02:01,tcr494,0
immrep1148,YLFNADIWI_A*02:01,tcr861,0
immrep1149,ILHTHVPEV_A*02:01,tcr50,0
immrep1150,FLDCKSYIL_A*02:01,tcr54,0
immrep1151,YENGSTPVL_B*40:01,tcr517,0
immrep1152,YENGSTPVL_B*40:01,tcr696,0
immrep1153,MENWSALEL_B*40:01,tcr630,0
immrep1154,GENALTYAL_B*40:01,tcr580,0
immrep1155,ILHTHVPEV_A*02:01,tcr954,0
immrep1156,YLFNADIWI_A*02:01,tcr703,0
immrep1157,HLDDYPYLM_A*02:01,tcr818,0
immrep1158,YESYIPGAL_B*40:01,tcr850,0
immrep1159,GENALTYAL_B*40:01,tcr188,0
immrep1160,YENGSTPVL_B*40:01,tcr472,0
immrep1161,MENWSALEL_B*40:01,tcr845,0
immrep1162,YEDGVIFYL_B*40:01,tcr840,0
immrep1163,ILHTHVPEV_A*02:01,tcr383,0
immrep1164,YMFYDGYDV_A*02:01,tcr836,0
immrep1165,YLFNADIWI_A*02:01,tcr793,0
immrep1166,TVYPYGTSL_A*02:01,tcr89,0
immrep1167,GENALTYAL_B*40:01,tcr237,0
immrep1168,MENWSALEL_B*40:01,tcr167,0
immrep1169,FEAQPGALL_B*40:01,tcr673,0
immrep1170,TVYPYGTSL_A*02:01,tcr11,0
immrep1171,REDDYSVWL_B*40:01,tcr391,0
immrep1172,TVYPYGTSL_A*02:01,tcr68,0
immrep1173,YENGSTPVL_B*40:01,tcr195,0
immrep1174,MTDYDYLEV_A*02:01,tcr549,0
immrep1175,GEVLACYAL_B*40:01,tcr547,0
immrep1176,YENGSTPVL_B*40:01,tcr778,0
immrep1177,GENALTYAL_B*40:01,tcr483,0
immrep1178,ILMHATYFL_A*02:01,tcr817,0
immrep1179,SQFNWTIYL_A*02:01,tcr123,0
immrep1180,YLFNADIWI_A*02:01,tcr377,0
immrep1181,MENWSALEL_B*40:01,tcr634,0
immrep1182,GEVLACYAL_B*40:01,tcr252,0
immrep1183,MTDYDYLEV_A*02:01,tcr637,0
immrep1184,ILMHATYFL_A*02:01,tcr20,0
immrep1185,YLFNADIWI_A*02:01,tcr637,0
immrep1186,ILHTHVPEV_A*02:01,tcr526,0
immrep1187,GEVLACYAL_B*40:01,tcr857,0
immrep1188,SQFNWTIYL_A*02:01,tcr910,0
immrep1189,SQFNWTIYL_A*02:01,tcr60,0
immrep1190,GENALTYAL_B*40:01,tcr364,0
immrep1191,YENGSTPVL_B*40:01,tcr953,0
immrep1192,HLDDYPYLM_A*02:01,tcr328,0
immrep1193,KLYPFLWFA_A*02:01,tcr655,0
immrep1194,YESYIPGAL_B*40:01,tcr300,0
immrep1195,YESYIPGAL_B*40:01,tcr566,0
immrep1196,FEAQPGALL_B*40:01,tcr499,0
immrep1197,YESYIPGAL_B*40:01,tcr77,0
immrep1198,GENALTYAL_B*40:01,tcr916,0
immrep1199,SEESAFYVL_B*40:01,tcr374,0
immrep1200,FLDCKSYIL_A*02:01,tcr373,0
immrep1201,SQFNWTIYL_A*02:01,tcr605,0
immrep1202,MTDYDYLEV_A*02:01,tcr31,0
immrep1203,REDDYSVWL_B*40:01,tcr700,0
immrep1204,ILMHATYFL_A*02:01,tcr744,0
immrep1205,REDDYSVWL_B*40:01,tcr263,0
immrep1206,YMFYDGYDV_A*02:01,tcr564,0
immrep1207,MTDYDYLEV_A*02:01,tcr748,0
immrep1208,HLDDYPYLM_A*02:01,tcr705,0
immrep1209,TVYPYGTSL_A*02:01,tcr843,0
immrep1210,FLDCKSYIL_A*02:01,tcr93,0
immrep1211,ILHTHVPEV_A*02:01,tcr288,0
immrep1212,TVYPYGTSL_A*02:01,tcr703,0
immrep1213,GEVLACYAL_B*40:01,tcr260,0
immrep1214,SQFNWTIYL_A*02:01,tcr921,0
immrep1215,MENWSALEL_B*40:01,tcr86,0
immrep1216,YLFNADIWI_A*02:01,tcr214,0
immrep1217,GEVLACYAL_B*40:01,tcr778,0
immrep1218,SEESAFYVL_B*40:01,tcr279,0
immrep1219,YEDGVIFYL_B*40:01,tcr158,0
immrep1220,ILMHATYFL_A*02:01,tcr858,0
immrep1221,MEMPDYLLL_B*40:01,tcr426,0
immrep1222,TVYPYGTSL_A*02:01,tcr734,0
immrep1223,REDDYSVWL_B*40:01,tcr533,0
immrep1224,SEESAFYVL_B*40:01,tcr540,0
immrep1225,GENALTYAL_B*40:01,tcr92,0
immrep1226,SQFNWTIYL_A*02:01,tcr946,0
immrep1227,REDDYSVWL_B*40:01,tcr453,0
immrep1228,KLYPFLWFA_A*02:01,tcr201,0
immrep1229,REDDYSVWL_B*40:01,tcr315,0
immrep1230,GENALTYAL_B*40:01,tcr475,0
immrep1231,MEMPDYLLL_B*40:01,tcr579,0
immrep1232,SQFNWTIYL_A*02:01,tcr766,0
immrep1233,YMFYDGYDV_A*02:01,tcr65,0
immrep1234,YENGSTPVL_B*40:01,tcr153,0
immrep1235,KLYPFLWFA_A*02:01,tcr590,0
immrep1236,KLYPFLWFA_A*02:01,tcr394,0
immrep1237,REDDYSVWL_B*40:01,tcr386,0
immrep1238,ILMHATYFL_A*02:01,tcr31,0
immrep1239,KLYPFLWFA_A*02:01,tcr434,0
immrep1240,HLDDYPYLM_A*02:01,tcr638,0
immrep1241,SEESAFYVL_B*40:01,tcr629,0
immrep1242,TVYPYGTSL_A*02:01,tcr249,0
immrep1243,ILHTHVPEV_A*02:01,tcr309,0
immrep1244,GEVLACYAL_B*40:01,tcr811,0
immrep1245,MENWSALEL_B*40:01,tcr592,0
immrep1246,YEDGVIFYL_B*40:01,tcr952,0
immrep1247,FEAQPGALL_B*40:01,tcr831,0
immrep1248,SEESAFYVL_B*40:01,tcr593,0
immrep1249,FEAQPGALL_B*40:01,tcr955,0
immrep1250,TVYPYGTSL_A*02:01,tcr208,0
immrep1251,GENALTYAL_B*40:01,tcr453,0
immrep1252,ILHTHVPEV_A*02:01,tcr895,0
immrep1253,ILMHATYFL_A*02:01,tcr861,0
immrep1254,MTDYDYLEV_A*02:01,tcr91,0
immrep1255,FEAQPGALL_B*40:01,tcr890,0
immrep1256,ILHTHVPEV_A*02:01,tcr924,0
immrep1257,YEDGVIFYL_B*40:01,tcr46,0
immrep1258,SEESAFYVL_B*40:01,tcr515,0
immrep1259,YMFYDGYDV_A*02:01,tcr787,0
immrep1260,SQFNWTIYL_A*02:01,tcr175,0
immrep1261,SEESAFYVL_B*40:01,tcr259,0
immrep1262,FEAQPGALL_B*40:01,tcr169,0
immrep1263,YLFNADIWI_A*02:01,tcr382,0
immrep1264,MENWSALEL_B*40:01,tcr179,0
immrep1265,YESYIPGAL_B*40:01,tcr943,0
immrep1266,HLDDYPYLM_A*02:01,tcr913,0
immrep1267,MTDYDYLEV_A*02:01,tcr653,0
immrep1268,SEESAFYVL_B*40:01,tcr905,0
immrep1269,FLDCKSYIL_A*02:01,tcr476,0
immrep1270,YEDGVIFYL_B*40:01,tcr736,0
immrep1271,MTDYDYLEV_A*02:01,tcr54,0
immrep1272,YESYIPGAL_B*40:01,tcr513,0
immrep1273,KLYPFLWFA_A*02:01,tcr414,0
immrep1274,YMFYDGYDV_A*02:01,tcr572,0
immrep1275,GEVLACYAL_B*40:01,tcr937,0
immrep1276,SEESAFYVL_B*40:01,tcr906,0
immrep1277,FEAQPGALL_B*40:01,tcr252,0
immrep1278,GENALTYAL_B*40:01,tcr533,0
immrep1279,MEMPDYLLL_B*40:01,tcr330,0
immrep1280,GEVLACYAL_B*40:01,tcr35,0
immrep1281,ILMHATYFL_A*02:01,tcr962,0
immrep1282,FLDCKSYIL_A*02:01,tcr238,0
immrep1283,FEAQPGALL_B*40:01,tcr148,0
immrep1284,SQFNWTIYL_A*02:01,tcr441,0
immrep1285,GEVLACYAL_B*40:01,tcr423,0
immrep1286,MEMPDYLLL_B*40:01,tcr823,0
immrep1287,HLDDYPYLM_A*02:01,tcr512,0
immrep1288,REDDYSVWL_B*40:01,tcr914,0
immrep1289,MTDYDYLEV_A*02:01,tcr874,0
immrep1290,TVYPYGTSL_A*02:01,tcr670,0
immrep1291,HLDDYPYLM_A*02:01,tcr63,0
immrep1292,SEESAFYVL_B*40:01,tcr463,0
immrep1293,MEMPDYLLL_B*40:01,tcr867,0
immrep1294,MEMPDYLLL_B*40:01,tcr904,0
immrep1295,REDDYSVWL_B*40:01,tcr409,0
immrep1296,SQFNWTIYL_A*02:01,tcr44,0
immrep1297,HLDDYPYLM_A*02:01,tcr16,0
immrep1298,GENALTYAL_B*40:01,tcr846,0
immrep1299,ILHTHVPEV_A*02:01,tcr31,0
immrep1300,KLYPFLWFA_A*02:01,tcr170,0
immrep1301,GENALTYAL_B*40:01,tcr857,0
immrep1302,GENALTYAL_B*40:01,tcr917,0
immrep1303,GEVLACYAL_B*40:01,tcr124,0
immrep1304,FEAQPGALL_B*40:01,tcr131,0
immrep1305,MEMPDYLLL_B*40:01,tcr990,0
immrep1306,HLDDYPYLM_A*02:01,tcr833,0
immrep1307,YLFNADIWI_A*02:01,tcr624,0
immrep1308,YMFYDGYDV_A*02:01,tcr930,0
immrep1309,ILHTHVPEV_A*02:01,tcr676,0
immrep1310,SQFNWTIYL_A*02:01,tcr826,0
immrep1311,YLFNADIWI_A*02:01,tcr178,0
immrep1312,FLDCKSYIL_A*02:01,tcr21,0
immrep1313,YLFNADIWI_A*02:01,tcr372,0
immrep1314,FLDCKSYIL_A*02:01,tcr415,0
immrep1315,REDDYSVWL_B*40:01,tcr293,0
immrep1316,SEESAFYVL_B*40:01,tcr190,0
immrep1317,YENGSTPVL_B*40:01,tcr541,0
immrep1318,MEMPDYLLL_B*40:01,tcr842,0
immrep1319,YENGSTPVL_B*40:01,tcr667,0
immrep1320,YLFNADIWI_A*02:01,tcr432,0
immrep1321,SEESAFYVL_B*40:01,tcr973,0
immrep1322,ILMHATYFL_A*02:01,tcr163,0
immrep1323,FEAQPGALL_B*40:01,tcr110,0
immrep1324,ILMHATYFL_A*02:01,tcr743,0
immrep1325,ILMHATYFL_A*02:01,tcr789,0
immrep1326,GENALTYAL_B*40:01,tcr546,0
immrep1327,YEDGVIFYL_B*40:01,tcr652,0
immrep1328,REDDYSVWL_B*40:01,tcr899,0
immrep1329,HLDDYPYLM_A*02:01,tcr309,0
immrep1330,MENWSALEL_B*40:01,tcr625,0
immrep1331,KLYPFLWFA_A*02:01,tcr717,0
immrep1332,YEDGVIFYL_B*40:01,tcr194,0
immrep1333,HLDDYPYLM_A*02:01,tcr910,0
immrep1334,YENGSTPVL_B*40:01,tcr147,0
immrep1335,REDDYSVWL_B*40:01,tcr810,0
immrep1336,TVYPYGTSL_A*02:01,tcr553,0
immrep1337,YEDGVIFYL_B*40:01,tcr769,0
immrep1338,YLFNADIWI_A*02:01,tcr653,0
immrep1339,GEVLACYAL_B*40:01,tcr259,0
immrep1340,GENALTYAL_B*40:01,tcr104,0
immrep1341,GENALTYAL_B*40:01,tcr127,0
immrep1342,YENGSTPVL_B*40:01,tcr335,0
immrep1343,GENALTYAL_B*40:01,tcr513,0
immrep1344,SQFNWTIYL_A*02:01,tcr253,0
immrep1345,SQFNWTIYL_A*02:01,tcr91,0
immrep1346,FLDCKSYIL_A*02:01,tcr931,0
immrep1347,REDDYSVWL_B*40:01,tcr769,0
immrep1348,TVYPYGTSL_A*02:01,tcr751,0
immrep1349,REDDYSVWL_B*40:01,tcr840,0
immrep1350,REDDYSVWL_B*40:01,tcr254,0
immrep1351,YENGSTPVL_B*40:01,tcr735,0
immrep1352,GENALTYAL_B*40:01,tcr542,0
immrep1353,YENGSTPVL_B*40:01,tcr363,0
immrep1354,KLYPFLWFA_A*02:01,tcr400,0
immrep1355,ILMHATYFL_A*02:01,tcr998,0
immrep1356,YMFYDGYDV_A*02:01,tcr640,0
immrep1357,FLDCKSYIL_A*02:01,tcr746,0
immrep1358,ILMHATYFL_A*02:01,tcr71,0
immrep1359,ILHTHVPEV_A*02:01,tcr53,0
immrep1360,KLYPFLWFA_A*02:01,tcr306,0
immrep1361,SEESAFYVL_B*40:01,tcr819,0
immrep1362,FEAQPGALL_B*40:01,tcr801,0
immrep1363,YMFYDGYDV_A*02:01,tcr556,0
immrep1364,YLFNADIWI_A*02:01,tcr241,0
immrep1365,YESYIPGAL_B*40:01,tcr614,0
immrep1366,GEVLACYAL_B*40:01,tcr79,0
immrep1367,FLDCKSYIL_A*02:01,tcr791,0
immrep1368,MEMPDYLLL_B*40:01,tcr728,0
immrep1369,YEDGVIFYL_B*40:01,tcr263,0
immrep1370,KLYPFLWFA_A*02:01,tcr272,0
immrep1371,MTDYDYLEV_A*02:01,tcr692,0
immrep1372,HLDDYPYLM_A*02:01,tcr979,0
immrep1373,YEDGVIFYL_B*40:01,tcr768,0
immrep1374,ILMHATYFL_A*02:01,tcr588,0
immrep1375,SEESAFYVL_B*40:01,tcr969,0
immrep1376,YENGSTPVL_B*40:01,tcr533,0
immrep1377,HLDDYPYLM_A*02:01,tcr105,0
immrep1378,MTDYDYLEV_A*02:01,tcr714,0
immrep1379,FLDCKSYIL_A*02:01,tcr980,0
immrep1380,YMFYDGYDV_A*02:01,tcr594,0
immrep1381,YEDGVIFYL_B*40:01,tcr541,0
immrep1382,MENWSALEL_B*40:01,tcr770,0
immrep1383,KLYPFLWFA_A*02:01,tcr863,0
immrep1384,GENALTYAL_B*40:01,tcr144,0
immrep1385,FEAQPGALL_B*40:01,tcr866,0
immrep1386,FEAQPGALL_B*40:01,tcr507,0
immrep1387,YEDGVIFYL_B*40:01,tcr899,0
immrep1388,REDDYSVWL_B*40:01,tcr32,0
immrep1389,YENGSTPVL_B*40:01,tcr234,0
immrep1390,FLDCKSYIL_A*02:01,tcr201,0
immrep1391,GENALTYAL_B*40:01,tcr783,0
immrep1392,SEESAFYVL_B*40:01,tcr391,0
immrep1393,FLDCKSYIL_A*02:01,tcr771,0
immrep1394,HLDDYPYLM_A*02:01,tcr232,0
immrep1395,GEVLACYAL_B*40:01,tcr489,0
immrep1396,GEVLACYAL_B*40:01,tcr251,0
immrep1397,YEDGVIFYL_B*40:01,tcr169,0
immrep1398,HLDDYPYLM_A*02:01,tcr971,0
immrep1399,MENWSALEL_B*40:01,tcr353,0
immrep1400,MENWSALEL_B*40:01,tcr481,0
immrep1401,HLDDYPYLM_A*02:01,tcr22,0
immrep1402,KLYPFLWFA_A*02:01,tcr478,0
immrep1403,YLFNADIWI_A*02:01,tcr24,0
immrep1404,GENALTYAL_B*40:01,tcr458,0
immrep1405,YLFNADIWI_A*02:01,tcr994,0
immrep1406,MTDYDYLEV_A*02:01,tcr3,0
immrep1407,GEVLACYAL_B*40:01,tcr5,0
immrep1408,YENGSTPVL_B*40:01,tcr970,0
immrep1409,TVYPYGTSL_A*02:01,tcr817,0
immrep1410,REDDYSVWL_B*40:01,tcr842,0
immrep1411,SEESAFYVL_B*40:01,tcr782,0
immrep1412,KLYPFLWFA_A*02:01,tcr742,0
immrep1413,FEAQPGALL_B*40:01,tcr842,0
immrep1414,ILHTHVPEV_A*02:01,tcr295,0
immrep1415,GEVLACYAL_B*40:01,tcr528,0
immrep1416,HLDDYPYLM_A*02:01,tcr649,0
immrep1417,HLDDYPYLM_A*02:01,tcr808,0
immrep1418,GENALTYAL_B*40:01,tcr429,0
immrep1419,REDDYSVWL_B*40:01,tcr233,0
immrep1420,MENWSALEL_B*40:01,tcr679,0
immrep1421,FEAQPGALL_B*40:01,tcr134,0
immrep1422,ILMHATYFL_A*02:01,tcr613,0
immrep1423,YMFYDGYDV_A*02:01,tcr138,0
immrep1424,REDDYSVWL_B*40:01,tcr298,0
immrep1425,MTDYDYLEV_A*02:01,tcr438,0
immrep1426,TVYPYGTSL_A*02:01,tcr966,0
immrep1427,MENWSALEL_B*40:01,tcr870,0
immrep1428,GENALTYAL_B*40:01,tcr625,0
immrep1429,ILMHATYFL_A*02:01,tcr7,0
immrep1430,KLYPFLWFA_A*02:01,tcr596,0
immrep1431,FEAQPGALL_B*40:01,tcr592,0
immrep1432,FEAQPGALL_B*40:01,tcr127,0
immrep1433,GEVLACYAL_B*40:01,tcr155,0
immrep1434,YMFYDGYDV_A*02:01,tcr805,0
immrep1435,YMFYDGYDV_A*02:01,tcr18,0
immrep1436,MENWSALEL_B*40:01,tcr404,0
immrep1437,MENWSALEL_B*40:01,tcr455,0
immrep1438,MEMPDYLLL_B*40:01,tcr799,0
immrep1439,FLDCKSYIL_A*02:01,tcr817,0
immrep1440,FEAQPGALL_B*40:01,tcr977,0
immrep1441,MTDYDYLEV_A*02:01,tcr94,0
immrep1442,YESYIPGAL_B*40:01,tcr260,0
immrep1443,REDDYSVWL_B*40:01,tcr782,0
immrep1444,ILHTHVPEV_A*02:01,tcr624,0
immrep1445,MTDYDYLEV_A*02:01,tcr24,0
immrep1446,ILMHATYFL_A*02:01,tcr441,0
immrep1447,KLYPFLWFA_A*02:01,tcr834,0
immrep1448,FEAQPGALL_B*40:01,tcr813,0
immrep1449,KLYPFLWFA_A*02:01,tcr486,0
immrep1450,YENGSTPVL_B*40:01,tcr296,0
immrep1451,KLYPFLWFA_A*02:01,tcr295,0
immrep1452,HLDDYPYLM_A*02:01,tcr741,0
immrep1453,ILMHATYFL_A*02:01,tcr924,0
immrep1454,ILMHATYFL_A*02:01,tcr232,0
immrep1455,MENWSALEL_B*40:01,tcr880,0
immrep1456,MENWSALEL_B*40:01,tcr351,0
immrep1457,SQFNWTIYL_A*02:01,tcr789,0
immrep1458,YESYIPGAL_B*40:01,tcr647,0
immrep1459,GEVLACYAL_B*40:01,tcr104,0
immrep1460,GEVLACYAL_B*40:01,tcr955,0
immrep1461,GENALTYAL_B*40:01,tcr413,0
immrep1462,MTDYDYLEV_A*02:01,tcr331,0
immrep1463,MENWSALEL_B*40:01,tcr797,0
immrep1464,TVYPYGTSL_A*02:01,tcr120,0
immrep1465,YENGSTPVL_B*40:01,tcr643,0
immrep1466,MEMPDYLLL_B*40:01,tcr520,0
immrep1467,YLFNADIWI_A*02:01,tcr564,0
immrep1468,FEAQPGALL_B*40:01,tcr393,0
immrep1469,YLFNADIWI_A*02:01,tcr705,0
immrep1470,MENWSALEL_B*40:01,tcr311,0
immrep1471,GEVLACYAL_B*40:01,tcr900,0
immrep1472,YMFYDGYDV_A*02:01,tcr286,0
immrep1473,TVYPYGTSL_A*02:01,tcr701,0
immrep1474,TVYPYGTSL_A*02:01,tcr138,0
immrep1475,MENWSALEL_B*40:01,tcr479,0
immrep1476,GEVLACYAL_B*40:01,tcr158,0
immrep1477,HLDDYPYLM_A*02:01,tcr68,0
immrep1478,FEAQPGALL_B*40:01,tcr923,0
immrep1479,YMFYDGYDV_A*02:01,tcr940,0
immrep1480,FLDCKSYIL_A*02:01,tcr805,0
immrep1481,GENALTYAL_B*40:01,tcr245,0
immrep1482,HLDDYPYLM_A*02:01,tcr671,0
immrep1483,GEVLACYAL_B*40:01,tcr739,0
immrep1484,MEMPDYLLL_B*40:01,tcr473,0
immrep1485,GENALTYAL_B*40:01,tcr598,0
immrep1486,GEVLACYAL_B*40:01,tcr181,0
immrep1487,MTDYDYLEV_A*02:01,tcr36,0
immrep1488,SEESAFYVL_B*40:01,tcr134,0
immrep1489,MTDYDYLEV_A*02:01,tcr111,0
immrep1490,TVYPYGTSL_A*02:01,tcr789,0
immrep1491,YEDGVIFYL_B*40:01,tcr758,0
immrep1492,YMFYDGYDV_A*02:01,tcr249,0
immrep1493,YLFNADIWI_A*02:01,tcr509,0
immrep1494,YEDGVIFYL_B*40:01,tcr673,0
immrep1495,GENALTYAL_B*40:01,tcr550,0
immrep1496,REDDYSVWL_B*40:01,tcr251,0
immrep1497,GEVLACYAL_B*40:01,tcr409,0
immrep1498,GEVLACYAL_B*40:01,tcr690,0
immrep1499,YEDGVIFYL_B*40:01,tcr857,0
immrep1500,SEESAFYVL_B*40:01,tcr78,0
immrep1501,MTDYDYLEV_A*02:01,tcr494,0
immrep1502,GENALTYAL_B*40:01,tcr634,0
immrep1503,ILHTHVPEV_A*02:01,tcr830,0
immrep1504,ILHTHVPEV_A*02:01,tcr559,0
immrep1505,YESYIPGAL_B*40:01,tcr997,0
immrep1506,REDDYSVWL_B*40:01,tcr537,0
immrep1507,GENALTYAL_B*40:01,tcr322,0
immrep1508,REDDYSVWL_B*40:01,tcr883,0
immrep1509,YESYIPGAL_B*40:01,tcr348,0
immrep1510,YLFNADIWI_A*02:01,tcr278,0
immrep1511,MTDYDYLEV_A*02:01,tcr337,0
immrep1512,YENGSTPVL_B*40:01,tcr159,0
immrep1513,SEESAFYVL_B*40:01,tcr626,0
immrep1514,YESYIPGAL_B*40:01,tcr698,0
immrep1515,TVYPYGTSL_A*02:01,tcr39,0
immrep1516,KLYPFLWFA_A*02:01,tcr692,0
immrep1517,YESYIPGAL_B*40:01,tcr949,0
immrep1518,YLFNADIWI_A*02:01,tcr962,0
immrep1519,HLDDYPYLM_A*02:01,tcr931,0
immrep1520,TVYPYGTSL_A*02:01,tcr232,0
immrep1521,YMFYDGYDV_A*02:01,tcr366,0
immrep1522,GENALTYAL_B*40:01,tcr958,0
immrep1523,SEESAFYVL_B*40:01,tcr197,0
immrep1524,GEVLACYAL_B*40:01,tcr972,0
immrep1525,ILMHATYFL_A*02:01,tcr863,0
immrep1526,YMFYDGYDV_A*02:01,tcr438,0
immrep1527,TVYPYGTSL_A*02:01,tcr993,0
immrep1528,ILHTHVPEV_A*02:01,tcr862,0
immrep1529,ILMHATYFL_A*02:01,tcr554,0
immrep1530,YLFNADIWI_A*02:01,tcr287,0
immrep1531,FLDCKSYIL_A*02:01,tcr687,0
immrep1532,TVYPYGTSL_A*02:01,tcr996,0
immrep1533,YMFYDGYDV_A*02:01,tcr120,0
immrep1534,SQFNWTIYL_A*02:01,tcr637,0
immrep1535,ILHTHVPEV_A*02:01,tcr935,0
immrep1536,YLFNADIWI_A*02:01,tcr942,0
immrep1537,TVYPYGTSL_A*02:01,tcr99,0
immrep1538,ILMHATYFL_A*02:01,tcr903,0
immrep1539,YLFNADIWI_A*02:01,tcr743,0
immrep1540,ILHTHVPEV_A*02:01,tcr619,0
immrep1541,YESYIPGAL_B*40:01,tcr223,0
immrep1542,FLDCKSYIL_A*02:01,tcr984,0
immrep1543,YENGSTPVL_B*40:01,tcr262,0
immrep1544,SQFNWTIYL_A*02:01,tcr319,0
immrep1545,SEESAFYVL_B*40:01,tcr738,0
immrep1546,ILHTHVPEV_A*02:01,tcr522,0
immrep1547,MTDYDYLEV_A*02:01,tcr270,0
immrep1548,SEESAFYVL_B*40:01,tcr70,0
immrep1549,GEVLACYAL_B*40:01,tcr593,0
immrep1550,SEESAFYVL_B*40:01,tcr538,0
immrep1551,ILHTHVPEV_A*02:01,tcr815,0
immrep1552,FEAQPGALL_B*40:01,tcr919,0
immrep1553,REDDYSVWL_B*40:01,tcr364,0
immrep1554,MENWSALEL_B*40:01,tcr758,0
immrep1555,YESYIPGAL_B*40:01,tcr902,0
immrep1556,YLFNADIWI_A*02:01,tcr651,0
immrep1557,HLDDYPYLM_A*02:01,tcr999,0
immrep1558,YMFYDGYDV_A*02:01,tcr633,0
immrep1559,YEDGVIFYL_B*40:01,tcr198,0
immrep1560,ILHTHVPEV_A*02:01,tcr993,0
immrep1561,ILHTHVPEV_A*02:01,tcr209,0
immrep1562,MEMPDYLLL_B*40:01,tcr114,0
immrep1563,MEMPDYLLL_B*40:01,tcr850,0
immrep1564,HLDDYPYLM_A*02:01,tcr640,0
immrep1565,GENALTYAL_B*40:01,tcr527,0
immrep1566,TVYPYGTSL_A*02:01,tcr295,0
immrep1567,FEAQPGALL_B*40:01,tcr41,0
immrep1568,ILHTHVPEV_A*02:01,tcr514,0
immrep1569,YENGSTPVL_B*40:01,tcr90,0
immrep1570,GEVLACYAL_B*40:01,tcr728,0
immrep1571,FLDCKSYIL_A*02:01,tcr49,0
immrep1572,MTDYDYLEV_A*02:01,tcr928,0
immrep1573,YENGSTPVL_B*40:01,tcr566,0
immrep1574,MENWSALEL_B*40:01,tcr829,0
immrep1575,YENGSTPVL_B*40:01,tcr788,0
immrep1576,SQFNWTIYL_A*02:01,tcr250,0
immrep1577,YMFYDGYDV_A*02:01,tcr552,0
immrep1578,MENWSALEL_B*40:01,tcr386,0
immrep1579,FEAQPGALL_B*40:01,tcr70,0
immrep1580,MEMPDYLLL_B*40:01,tcr824,0
immrep1581,GEVLACYAL_B*40:01,tcr428,0
immrep1582,YLFNADIWI_A*02:01,tcr21,0
immrep1583,SQFNWTIYL_A*02:01,tcr559,0
immrep1584,YEDGVIFYL_B*40:01,tcr244,0
immrep1585,ILMHATYFL_A*02:01,tcr512,0
immrep1586,MEMPDYLLL_B*40:01,tcr342,0
immrep1587,GEVLACYAL_B*40:01,tcr484,0
immrep1588,MTDYDYLEV_A*02:01,tcr267,0
immrep1589,REDDYSVWL_B*40:01,tcr869,0
immrep1590,MENWSALEL_B*40:01,tcr801,0
immrep1591,FLDCKSYIL_A*02:01,tcr156,0
immrep1592,ILMHATYFL_A*02:01,tcr338,0
immrep1593,MENWSALEL_B*40:01,tcr661,0
immrep1594,YMFYDGYDV_A*02:01,tcr793,0
immrep1595,REDDYSVWL_B*40:01,tcr528,0
immrep1596,YMFYDGYDV_A*02:01,tcr590,0
immrep1597,YLFNADIWI_A*02:01,tcr240,0
immrep1598,TVYPYGTSL_A*02:01,tcr640,0
immrep1599,KLYPFLWFA_A*02:01,tcr7,0
immrep1600,TVYPYGTSL_A*02:01,tcr967,0
immrep1601,GENALTYAL_B*40:01,tcr775,0
immrep1602,FEAQPGALL_B*40:01,tcr181,0
immrep1603,ILHTHVPEV_A*02:01,tcr11,0
immrep1604,KLYPFLWFA_A*02:01,tcr637,0
immrep1605,ILMHATYFL_A*02:01,tcr843,0
immrep1606,YEDGVIFYL_B*40:01,tcr645,0
immrep1607,TVYPYGTSL_A*02:01,tcr49,0
immrep1608,YESYIPGAL_B*40:01,tcr79,0
immrep1609,ILHTHVPEV_A*02:01,tcr174,0
immrep1610,ILMHATYFL_A*02:01,tcr172,0
immrep1611,YLFNADIWI_A*02:01,tcr971,0
immrep1612,YEDGVIFYL_B*40:01,tcr277,0
immrep1613,SQFNWTIYL_A*02:01,tcr683,0
immrep1614,HLDDYPYLM_A*02:01,tcr944,0
immrep1615,YENGSTPVL_B*40:01,tcr736,0
immrep1616,SQFNWTIYL_A*02:01,tcr373,0
immrep1617,GEVLACYAL_B*40:01,tcr738,0
immrep1618,YESYIPGAL_B*40:01,tcr126,0
immrep1619,FLDCKSYIL_A*02:01,tcr151,0
immrep1620,SQFNWTIYL_A*02:01,tcr207,0
immrep1621,REDDYSVWL_B*40:01,tcr886,0
immrep1622,ILHTHVPEV_A*02:01,tcr23,0
immrep1623,MTDYDYLEV_A*02:01,tcr927,0
immrep1624,ILHTHVPEV_A*02:01,tcr268,0
immrep1625,ILMHATYFL_A*02:01,tcr1,0
immrep1626,REDDYSVWL_B*40:01,tcr247,0
immrep1627,YMFYDGYDV_A*02:01,tcr487,0
immrep1628,ILHTHVPEV_A*02:01,tcr939,0
immrep1629,SQFNWTIYL_A*02:01,tcr732,0
immrep1630,REDDYSVWL_B*40:01,tcr481,0
immrep1631,REDDYSVWL_B*40:01,tcr501,0
immrep1632,HLDDYPYLM_A*02:01,tcr337,0
immrep1633,KLYPFLWFA_A*02:01,tcr88,0
immrep1634,YENGSTPVL_B*40:01,tcr114,0
immrep1635,ILHTHVPEV_A*02:01,tcr638,0
immrep1636,KLYPFLWFA_A*02:01,tcr290,0
immrep1637,YMFYDGYDV_A*02:01,tcr255,0
immrep1638,MENWSALEL_B*40:01,tcr621,0
immrep1639,YENGSTPVL_B*40:01,tcr708,0
immrep1640,GENALTYAL_B*40:01,tcr511,0
immrep1641,YLFNADIWI_A*02:01,tcr143,0
immrep1642,YLFNADIWI_A*02:01,tcr796,0
immrep1643,SQFNWTIYL_A*02:01,tcr632,0
immrep1644,YEDGVIFYL_B*40:01,tcr52,0
immrep1645,FLDCKSYIL_A*02:01,tcr228,0
immrep1646,MEMPDYLLL_B*40:01,tcr154,0
immrep1647,ILMHATYFL_A*02:01,tcr748,0
immrep1648,YMFYDGYDV_A*02:01,tcr988,0
immrep1649,ILHTHVPEV_A*02:01,tcr207,0
immrep1650,ILHTHVPEV_A*02:01,tcr509,0
immrep1651,ILHTHVPEV_A*02:01,tcr438,0
immrep1652,ILMHATYFL_A*02:01,tcr600,0
immrep1653,ILHTHVPEV_A*02:01,tcr826,0
immrep1654,YENGSTPVL_B*40:01,tcr621,0
immrep1655,YESYIPGAL_B*40:01,tcr453,0
immrep1656,HLDDYPYLM_A*02:01,tcr325,0
immrep1657,FLDCKSYIL_A*02:01,tcr166,0
immrep1658,GEVLACYAL_B*40:01,tcr665,0
immrep1659,ILHTHVPEV_A*02:01,tcr518,0
immrep1660,YENGSTPVL_B*40:01,tcr134,0
immrep1661,TVYPYGTSL_A*02:01,tcr199,0
immrep1662,FLDCKSYIL_A*02:01,tcr44,0
immrep1663,YESYIPGAL_B*40:01,tcr107,0
immrep1664,MEMPDYLLL_B*40:01,tcr697,0
immrep1665,YESYIPGAL_B*40:01,tcr899,0
immrep1666,YMFYDGYDV_A*02:01,tcr121,0
immrep1667,SEESAFYVL_B*40:01,tcr987,0
immrep1668,YEDGVIFYL_B*40:01,tcr173,0
immrep1669,GEVLACYAL_B*40:01,tcr871,0
immrep1670,ILMHATYFL_A*02:01,tcr524,0
immrep1671,FLDCKSYIL_A*02:01,tcr978,0
immrep1672,KLYPFLWFA_A*02:01,tcr784,0
immrep1673,MENWSALEL_B*40:01,tcr883,0
immrep1674,FEAQPGALL_B*40:01,tcr986,0
immrep1675,FLDCKSYIL_A*02:01,tcr412,0
immrep1676,YLFNADIWI_A*02:01,tcr344,0
immrep1677,REDDYSVWL_B*40:01,tcr849,0
immrep1678,ILHTHVPEV_A*02:01,tcr966,0
immrep1679,MTDYDYLEV_A*02:01,tcr605,0
immrep1680,KLYPFLWFA_A*02:01,tcr325,0
immrep1681,FEAQPGALL_B*40:01,tcr634,0
immrep1682,ILHTHVPEV_A*02:01,tcr270,0
immrep1683,ILHTHVPEV_A*02:01,tcr180,0
immrep1684,YEDGVIFYL_B*40:01,tcr730,0
immrep1685,ILHTHVPEV_A*02:01,tcr713,0
immrep1686,KLYPFLWFA_A*02:01,tcr809,0
immrep1687,YENGSTPVL_B*40:01,tcr475,0
immrep1688,KLYPFLWFA_A*02:01,tcr651,0
immrep1689,HLDDYPYLM_A*02:01,tcr88,0
immrep1690,SEESAFYVL_B*40:01,tcr982,0
immrep1691,YEDGVIFYL_B*40:01,tcr35,0
immrep1692,MENWSALEL_B*40:01,tcr125,0
immrep1693,SQFNWTIYL_A*02:01,tcr215,0
immrep1694,YESYIPGAL_B*40:01,tcr371,0
immrep1695,YMFYDGYDV_A*02:01,tcr264,0
immrep1696,HLDDYPYLM_A*02:01,tcr992,0
immrep1697,HLDDYPYLM_A*02:01,tcr212,0
immrep1698,ILMHATYFL_A*02:01,tcr65,0
immrep1699,YEDGVIFYL_B*40:01,tcr14,0
immrep1700,YENGSTPVL_B*40:01,tcr223,0
immrep1701,YESYIPGAL_B*40:01,tcr424,0
immrep1702,MEMPDYLLL_B*40:01,tcr997,0
immrep1703,FEAQPGALL_B*40:01,tcr98,0
immrep1704,YENGSTPVL_B*40:01,tcr109,0
immrep1705,GEVLACYAL_B*40:01,tcr821,0
immrep1706,MTDYDYLEV_A*02:01,tcr677,0
immrep1707,ILMHATYFL_A*02:01,tcr258,0
immrep1708,YEDGVIFYL_B*40:01,tcr431,0
immrep1709,SQFNWTIYL_A*02:01,tcr133,0
immrep1710,TVYPYGTSL_A*02:01,tcr512,0
immrep1711,FLDCKSYIL_A*02:01,tcr324,0
immrep1712,KLYPFLWFA_A*02:01,tcr616,0
immrep1713,FEAQPGALL_B*40:01,tcr402,0
immrep1714,MTDYDYLEV_A*02:01,tcr308,0
immrep1715,YESYIPGAL_B*40:01,tcr284,0
immrep1716,FEAQPGALL_B*40:01,tcr926,0
immrep1717,HLDDYPYLM_A*02:01,tcr534,0
immrep1718,SQFNWTIYL_A*02:01,tcr20,0
immrep1719,ILHTHVPEV_A*02:01,tcr135,0
immrep1720,YLFNADIWI_A*02:01,tcr787,0
immrep1721,YESYIPGAL_B*40:01,tcr353,0
immrep1722,MENWSALEL_B*40:01,tcr581,0
immrep1723,SQFNWTIYL_A*02:01,tcr356,0
immrep1724,YLFNADIWI_A*02:01,tcr267,0
immrep1725,MTDYDYLEV_A*02:01,tcr658,0
immrep1726,YESYIPGAL_B*40:01,tcr550,0
immrep1727,FLDCKSYIL_A*02:01,tcr702,0
immrep1728,KLYPFLWFA_A*02:01,tcr685,0
immrep1729,TVYPYGTSL_A*02:01,tcr578,0
immrep1730,YLFNADIWI_A*02:01,tcr940,0
immrep1731,REDDYSVWL_B*40:01,tcr972,0
immrep1732,SQFNWTIYL_A*02:01,tcr742,0
immrep1733,ILHTHVPEV_A*02:01,tcr591,0
immrep1734,GENALTYAL_B*40:01,tcr973,0
immrep1735,KLYPFLWFA_A*02:01,tcr210,0
immrep1736,YMFYDGYDV_A*02:01,tcr139,0
immrep1737,MENWSALEL_B*40:01,tcr131,0
immrep1738,KLYPFLWFA_A*02:01,tcr749,0
immrep1739,GEVLACYAL_B*40:01,tcr455,0
immrep1740,ILHTHVPEV_A*02:01,tcr156,0
immrep1741,MEMPDYLLL_B*40:01,tcr772,0
immrep1742,YEDGVIFYL_B*40:01,tcr179,0
immrep1743,SQFNWTIYL_A*02:01,tcr576,0
immrep1744,GEVLACYAL_B*40:01,tcr28,0
immrep1745,MEMPDYLLL_B*40:01,tcr621,0
immrep1746,YLFNADIWI_A*02:01,tcr605,0
immrep1747,SEESAFYVL_B*40:01,tcr758,0
immrep1748,YLFNADIWI_A*02:01,tcr530,0
immrep1749,ILMHATYFL_A*02:01,tcr382,0
immrep1750,YENGSTPVL_B*40:01,tcr447,0
immrep1751,KLYPFLWFA_A*02:01,tcr267,0
immrep1752,TVYPYGTSL_A*02:01,tcr639,0
immrep1753,HLDDYPYLM_A*02:01,tcr836,0
immrep1754,YEDGVIFYL_B*40:01,tcr562,0
immrep1755,TVYPYGTSL_A*02:01,tcr432,0
immrep1756,ILMHATYFL_A*02:01,tcr957,0
immrep1757,YLFNADIWI_A*02:01,tcr894,0
immrep1758,MENWSALEL_B*40:01,tcr660,0
immrep1759,REDDYSVWL_B*40:01,tcr5,0
immrep1760,FLDCKSYIL_A*02:01,tcr742,0
immrep1761,YLFNADIWI_A*02:01,tcr242,0
immrep1762,KLYPFLWFA_A*02:01,tcr798,0
immrep1763,MTDYDYLEV_A*02:01,tcr160,0
immrep1764,ILHTHVPEV_A*02:01,tcr680,0
immrep1765,YEDGVIFYL_B*40:01,tcr581,0
immrep1766,FEAQPGALL_B*40:01,tcr562,0
immrep1767,MTDYDYLEV_A*02:01,tcr766,0
immrep1768,YLFNADIWI_A*02:01,tcr93,0
immrep1769,FLDCKSYIL_A*02:01,tcr818,0
immrep1770,GEVLACYAL_B*40:01,tcr183,0
immrep1771,HLDDYPYLM_A*02:01,tcr438,0
immrep1772,MEMPDYLLL_B*40:01,tcr466,0
immrep1773,FEAQPGALL_B*40:01,tcr484,0
immrep1774,YENGSTPVL_B*40:01,tcr630,0
immrep1775,YESYIPGAL_B*40:01,tcr147,0
immrep1776,YLFNADIWI_A*02:01,tcr733,0
immrep1777,HLDDYPYLM_A*02:01,tcr760,0
immrep1778,YENGSTPVL_B*40:01,tcr625,0
immrep1779,HLDDYPYLM_A*02:01,tcr524,0
immrep1780,TVYPYGTSL_A*02:01,tcr635,0
immrep1781,SEESAFYVL_B*40:01,tcr9,0
immrep1782,ILHTHVPEV_A*02:01,tcr733,0
immrep1783,MENWSALEL_B*40:01,tcr776,0
immrep1784,ILHTHVPEV_A*02:01,tcr394,0
immrep1785,YLFNADIWI_A*02:01,tcr676,0
immrep1786,GENALTYAL_B*40:01,tcr29,0
immrep1787,MEMPDYLLL_B*40:01,tcr200,0
immrep1788,YLFNADIWI_A*02:01,tcr427,0
immrep1789,KLYPFLWFA_A*02:01,tcr559,0
immrep1790,YESYIPGAL_B*40:01,tcr426,0
immrep1791,TVYPYGTSL_A*02:01,tcr804,0
immrep1792,TVYPYGTSL_A*02:01,tcr613,0
immrep1793,YLFNADIWI_A*02:01,tcr595,0
immrep1794,YEDGVIFYL_B*40:01,tcr100,0
immrep1795,SEESAFYVL_B*40:01,tcr301,0
immrep1796,TVYPYGTSL_A*02:01,tcr496,0
immrep1797,HLDDYPYLM_A*02:01,tcr281,0
immrep1798,MEMPDYLLL_B*40:01,tcr501,0
immrep1799,KLYPFLWFA_A*02:01,tcr143,0
immrep1800,YESYIPGAL_B*40:01,tcr488,0
immrep1801,ILHTHVPEV_A*02:01,tcr60,0
immrep1802,YMFYDGYDV_A*02:01,tcr741,0
immrep1803,ILHTHVPEV_A*02:01,tcr777,0
immrep1804,HLDDYPYLM_A*02:01,tcr87,0
immrep1805,YESYIPGAL_B*40:01,tcr45,0
immrep1806,GENALTYAL_B*40:01,tcr985,0
immrep1807,HLDDYPYLM_A*02:01,tcr682,0
immrep1808,GENALTYAL_B*40:01,tcr0,0
immrep1809,YESYIPGAL_B*40:01,tcr66,0
immrep1810,SQFNWTIYL_A*02:01,tcr406,0
immrep1811,YESYIPGAL_B*40:01,tcr824,0
immrep1812,YMFYDGYDV_A*02:01,tcr762,0
immrep1813,YEDGVIFYL_B*40:01,tcr260,0
immrep1814,ILHTHVPEV_A*02:01,tcr756,0
immrep1815,YMFYDGYDV_A*02:01,tcr69,0
immrep1816,ILHTHVPEV_A*02:01,tcr650,0
immrep1817,YENGSTPVL_B*40:01,tcr840,0
immrep1818,KLYPFLWFA_A*02:01,tcr119,0
immrep1819,YEDGVIFYL_B*40:01,tcr483,0
immrep1820,SEESAFYVL_B*40:01,tcr387,0
immrep1821,ILHTHVPEV_A*02:01,tcr784,0
immrep1822,YMFYDGYDV_A*02:01,tcr804,0
immrep1823,MEMPDYLLL_B*40:01,tcr970,0
immrep1824,TVYPYGTSL_A*02:01,tcr56,0
immrep1825,MENWSALEL_B*40:01,tcr899,0
immrep1826,REDDYSVWL_B*40:01,tcr827,0
immrep1827,GENALTYAL_B*40:01,tcr74,0
immrep1828,TVYPYGTSL_A*02:01,tcr591,0
immrep1829,YESYIPGAL_B*40:01,tcr191,0
immrep1830,FEAQPGALL_B*40:01,tcr0,0
immrep1831,YENGSTPVL_B*40:01,tcr958,0
immrep1832,YENGSTPVL_B*40:01,tcr661,0
immrep1833,ILMHATYFL_A*02:01,tcr117,0
immrep1834,REDDYSVWL_B*40:01,tcr761,0
immrep1835,YESYIPGAL_B*40:01,tcr474,0
immrep1836,YLFNADIWI_A*02:01,tcr270,0
immrep1837,KLYPFLWFA_A*02:01,tcr123,0
immrep1838,YMFYDGYDV_A*02:01,tcr518,0
immrep1839,YENGSTPVL_B*40:01,tcr194,0
immrep1840,HLDDYPYLM_A*02:01,tcr666,0
immrep1841,GEVLACYAL_B*40:01,tcr219,0
immrep1842,YLFNADIWI_A*02:01,tcr12,0
immrep1843,KLYPFLWFA_A*02:01,tcr666,0
immrep1844,FLDCKSYIL_A*02:01,tcr596,0
immrep1845,TVYPYGTSL_A*02:01,tcr654,0
immrep1846,FEAQPGALL_B*40:01,tcr580,0
immrep1847,GEVLACYAL_B*40:01,tcr196,0
immrep1848,MTDYDYLEV_A*02:01,tcr408,0
immrep1849,KLYPFLWFA_A*02:01,tcr43,0
immrep1850,TVYPYGTSL_A*02:01,tcr238,0
immrep1851,SEESAFYVL_B*40:01,tcr617,0
immrep1852,YLFNADIWI_A*02:01,tcr979,0
immrep1853,SQFNWTIYL_A*02:01,tcr238,0
immrep1854,YMFYDGYDV_A*02:01,tcr966,0
immrep1855,YEDGVIFYL_B*40:01,tcr279,0
immrep1856,SEESAFYVL_B*40:01,tcr404,0
immrep1857,GENALTYAL_B*40:01,tcr393,0
immrep1858,GENALTYAL_B*40:01,tcr100,0
immrep1859,GENALTYAL_B*40:01,tcr37,0
immrep1860,GEVLACYAL_B*40:01,tcr246,0
immrep1861,GEVLACYAL_B*40:01,tcr402,0
immrep1862,MEMPDYLLL_B*40:01,tcr259,0
immrep1863,GENALTYAL_B*40:01,tcr198,0
immrep1864,YEDGVIFYL_B*40:01,tcr493,0
immrep1865,HLDDYPYLM_A*02:01,tcr588,0
immrep1866,KLYPFLWFA_A*02:01,tcr967,0
immrep1867,FEAQPGALL_B*40:01,tcr636,0
immrep1868,GEVLACYAL_B*40:01,tcr456,0
immrep1869,YENGSTPVL_B*40:01,tcr436,0
immrep1870,YLFNADIWI_A*02:01,tcr412,0
immrep1871,ILHTHVPEV_A*02:01,tcr95,0
immrep1872,YENGSTPVL_B*40:01,tcr259,0
immrep1873,YLFNADIWI_A*02:01,tcr521,0
immrep1874,HLDDYPYLM_A*02:01,tcr192,0
immrep1875,MTDYDYLEV_A*02:01,tcr253,0
immrep1876,GENALTYAL_B*40:01,tcr457,0
immrep1877,REDDYSVWL_B*40:01,tcr665,0
immrep1878,MENWSALEL_B*40:01,tcr958,0
immrep1879,MENWSALEL_B*40:01,tcr421,0
immrep1880,MTDYDYLEV_A*02:01,tcr420,0
immrep1881,YMFYDGYDV_A*02:01,tcr644,0
immrep1882,TVYPYGTSL_A*02:01,tcr286,0
immrep1883,YEDGVIFYL_B*40:01,tcr865,0
immrep1884,YENGSTPVL_B*40:01,tcr937,0
immrep1885,ILMHATYFL_A*02:01,tcr576,0
immrep1886,ILMHATYFL_A*02:01,tcr378,0
immrep1887,FLDCKSYIL_A*02:01,tcr794,0
immrep1888,REDDYSVWL_B*40:01,tcr881,0
immrep1889,FEAQPGALL_B*40:01,tcr952,0
immrep1890,GEVLACYAL_B*40:01,tcr607,0
immrep1891,KLYPFLWFA_A*02:01,tcr73,0
immrep1892,MEMPDYLLL_B*40:01,tcr171,0
immrep1893,KLYPFLWFA_A*02:01,tcr441,0
immrep1894,SEESAFYVL_B*40:01,tcr647,0
immrep1895,YENGSTPVL_B*40:01,tcr781,0
immrep1896,ILHTHVPEV_A*02:01,tcr220,0
immrep1897,TVYPYGTSL_A*02:01,tcr465,0
immrep1898,MENWSALEL_B*40:01,tcr58,0
immrep1899,YEDGVIFYL_B*40:01,tcr428,0
immrep1900,YLFNADIWI_A*02:01,tcr355,0
immrep1901,ILHTHVPEV_A*02:01,tcr793,0
immrep1902,YEDGVIFYL_B*40:01,tcr546,0
immrep1903,FEAQPGALL_B*40:01,tcr568,0
immrep1904,ILHTHVPEV_A*02:01,tcr687,0
immrep1905,YESYIPGAL_B*40:01,tcr906,0
immrep1906,ILMHATYFL_A*02:01,tcr231,0
immrep1907,FEAQPGALL_B*40:01,tcr315,0
immrep1908,ILMHATYFL_A*02:01,tcr497,0
immrep1909,YESYIPGAL_B*40:01,tcr641,0
immrep1910,GEVLACYAL_B*40:01,tcr627,0
immrep1911,MENWSALEL_B*40:01,tcr887,0
immrep1912,FLDCKSYIL_A*02:01,tcr249,0
immrep1913,KLYPFLWFA_A*02:01,tcr151,0
immrep1914,GEVLACYAL_B*40:01,tcr82,0
immrep1915,YMFYDGYDV_A*02:01,tcr64,0
immrep1916,SQFNWTIYL_A*02:01,tcr349,0
immrep1917,ILMHATYFL_A*02:01,tcr270,0
immrep1918,YLFNADIWI_A*02:01,tcr400,0
immrep1919,MENWSALEL_B*40:01,tcr483,0
immrep1920,MENWSALEL_B*40:01,tcr452,0
immrep1921,TVYPYGTSL_A*02:01,tcr928,0
immrep1922,MENWSALEL_B*40:01,tcr892,0
immrep1923,HLDDYPYLM_A*02:01,tcr64,0
immrep1924,REDDYSVWL_B*40:01,tcr472,0
immrep1925,YENGSTPVL_B*40:01,tcr663,0
immrep1926,MEMPDYLLL_B*40:01,tcr326,0
immrep1927,GEVLACYAL_B*40:01,tcr813,0
immrep1928,MEMPDYLLL_B*40:01,tcr911,0
immrep1929,SEESAFYVL_B*40:01,tcr81,0
immrep1930,MENWSALEL_B*40:01,tcr384,0
immrep1931,YLFNADIWI_A*02:01,tcr692,0
immrep1932,KLYPFLWFA_A*02:01,tcr451,0
immrep1933,ILHTHVPEV_A*02:01,tcr69,0
immrep1934,HLDDYPYLM_A*02:01,tcr73,0
immrep1935,KLYPFLWFA_A*02:01,tcr620,0
immrep1936,ILMHATYFL_A*02:01,tcr777,0
immrep1937,YENGSTPVL_B*40:01,tcr536,0
immrep1938,YMFYDGYDV_A*02:01,tcr814,0
immrep1939,SEESAFYVL_B*40:01,tcr634,0
immrep1940,YMFYDGYDV_A*02:01,tcr921,0
immrep1941,FEAQPGALL_B*40:01,tcr233,0
immrep1942,YENGSTPVL_B*40:01,tcr189,0
immrep1943,YMFYDGYDV_A*02:01,tcr687,0
immrep1944,YESYIPGAL_B*40:01,tcr393,0
immrep1945,MEMPDYLLL_B*40:01,tcr896,0
immrep1946,YMFYDGYDV_A*02:01,tcr903,0
immrep1947,MTDYDYLEV_A*02:01,tcr818,0
immrep1948,MEMPDYLLL_B*40:01,tcr194,0
immrep1949,HLDDYPYLM_A*02:01,tcr465,0
immrep1950,GENALTYAL_B*40:01,tcr827,0
immrep1951,ILHTHVPEV_A*02:01,tcr521,0
immrep1952,REDDYSVWL_B*40:01,tcr579,0
immrep1953,MTDYDYLEV_A*02:01,tcr500,0
immrep1954,SQFNWTIYL_A*02:01,tcr633,0
immrep1955,HLDDYPYLM_A*02:01,tcr186,0
immrep1956,YEDGVIFYL_B*40:01,tcr479,0
immrep1957,FEAQPGALL_B*40:01,tcr153,0
immrep1958,MEMPDYLLL_B*40:01,tcr893,0
immrep1959,GEVLACYAL_B*40:01,tcr898,0
immrep1960,ILHTHVPEV_A*02:01,tcr105,0
immrep1961,SEESAFYVL_B*40:01,tcr718,0
immrep1962,ILMHATYFL_A*02:01,tcr740,0
immrep1963,FLDCKSYIL_A*02:01,tcr60,0
immrep1964,HLDDYPYLM_A*02:01,tcr435,0
immrep1965,ILHTHVPEV_A*02:01,tcr677,0
immrep1966,MTDYDYLEV_A*02:01,tcr278,0
immrep1967,YEDGVIFYL_B*40:01,tcr657,0
immrep1968,FLDCKSYIL_A*02:01,tcr419,0
immrep1969,MENWSALEL_B*40:01,tcr364,0
immrep1970,KLYPFLWFA_A*02:01,tcr459,0
immrep1971,YESYIPGAL_B*40:01,tcr303,0
immrep1972,ILMHATYFL_A*02:01,tcr337,0
immrep1973,HLDDYPYLM_A*02:01,tcr319,0
immrep1974,SEESAFYVL_B*40:01,tcr254,0
immrep1975,ILHTHVPEV_A*02:01,tcr737,0
immrep1976,FEAQPGALL_B*40:01,tcr203,0
immrep1977,YEDGVIFYL_B*40:01,tcr855,0
immrep1978,YMFYDGYDV_A*02:01,tcr376,0
immrep1979,GEVLACYAL_B*40:01,tcr0,0
immrep1980,GEVLACYAL_B*40:01,tcr700,0
immrep1981,YENGSTPVL_B*40:01,tcr776,0
immrep1982,SQFNWTIYL_A*02:01,tcr278,0
immrep1983,MEMPDYLLL_B*40:01,tcr951,0
immrep1984,TVYPYGTSL_A*02:01,tcr573,0
immrep1985,MENWSALEL_B*40:01,tcr284,0
immrep1986,YMFYDGYDV_A*02:01,tcr63,0
immrep1987,YEDGVIFYL_B*40:01,tcr84,0
immrep1988,REDDYSVWL_B*40:01,tcr317,0
immrep1989,REDDYSVWL_B*40:01,tcr821,0
immrep1990,GENALTYAL_B*40:01,tcr581,0
immrep1991,MENWSALEL_B*40:01,tcr461,0
immrep1992,FEAQPGALL_B*40:01,tcr52,0
immrep1993,MENWSALEL_B*40:01,tcr875,0
immrep1994,SQFNWTIYL_A*02:01,tcr186,0
immrep1995,YMFYDGYDV_A*02:01,tcr253,0
immrep1996,KLYPFLWFA_A*02:01,tcr214,0
immrep1997,YENGSTPVL_B*40:01,tcr628,0
immrep1998,YEDGVIFYL_B*40:01,tcr503,0
immrep1999,HLDDYPYLM_A*02:01,tcr677,0
immrep2000,YMFYDGYDV_A*02:01,tcr702,0
immrep2001,YEDGVIFYL_B*40:01,tcr911,0
immrep2002,YLFNADIWI_A*02:01,tcr192,0
immrep2003,SEESAFYVL_B*40:01,tcr82,0
immrep2004,KLYPFLWFA_A*02:01,tcr701,0
immrep2005,GENALTYAL_B*40:01,tcr948,0
immrep2006,GEVLACYAL_B*40:01,tcr32,0
immrep2007,MENWSALEL_B*40:01,tcr519,0
immrep2008,SEESAFYVL_B*40:01,tcr484,0
immrep2009,MTDYDYLEV_A*02:01,tcr360,0
immrep2010,REDDYSVWL_B*40:01,tcr911,0
immrep2011,KLYPFLWFA_A*02:01,tcr818,0
immrep2012,GEVLACYAL_B*40:01,tcr125,0
immrep2013,SEESAFYVL_B*40:01,tcr881,0
immrep2014,HLDDYPYLM_A*02:01,tcr731,0
immrep2015,YLFNADIWI_A*02:01,tcr950,0
immrep2016,GENALTYAL_B*40:01,tcr485,0
immrep2017,ILHTHVPEV_A*02:01,tcr576,0
immrep2018,ILHTHVPEV_A*02:01,tcr979,0
immrep2019,MEMPDYLLL_B*40:01,tcr866,0
immrep2020,HLDDYPYLM_A*02:01,tcr687,0
immrep2021,GEVLACYAL_B*40:01,tcr951,0
immrep2022,TVYPYGTSL_A*02:01,tcr48,0
immrep2023,MTDYDYLEV_A*02:01,tcr369,0
immrep2024,SEESAFYVL_B*40:01,tcr811,0
immrep2025,GENALTYAL_B*40:01,tcr667,0
immrep2026,ILMHATYFL_A*02:01,tcr334,0
immrep2027,TVYPYGTSL_A*02:01,tcr370,0
immrep2028,YEDGVIFYL_B*40:01,tcr455,0
immrep2029,HLDDYPYLM_A*02:01,tcr830,0
immrep2030,MENWSALEL_B*40:01,tcr772,0
immrep2031,YMFYDGYDV_A*02:01,tcr157,0
immrep2032,FEAQPGALL_B*40:01,tcr925,0
immrep2033,YEDGVIFYL_B*40:01,tcr181,0
immrep2034,HLDDYPYLM_A*02:01,tcr241,0
immrep2035,KLYPFLWFA_A*02:01,tcr446,0
immrep2036,GEVLACYAL_B*40:01,tcr322,0
immrep2037,MEMPDYLLL_B*40:01,tcr495,0
immrep2038,YLFNADIWI_A*02:01,tcr573,0
immrep2039,YENGSTPVL_B*40:01,tcr738,0
immrep2040,SQFNWTIYL_A*02:01,tcr345,0
immrep2041,REDDYSVWL_B*40:01,tcr523,0
immrep2042,YENGSTPVL_B*40:01,tcr783,0
immrep2043,GENALTYAL_B*40:01,tcr603,0
immrep2044,MTDYDYLEV_A*02:01,tcr585,0
immrep2045,SQFNWTIYL_A*02:01,tcr21,0
immrep2046,KLYPFLWFA_A*02:01,tcr650,0
immrep2047,FLDCKSYIL_A*02:01,tcr36,0
immrep2048,KLYPFLWFA_A*02:01,tcr341,0
immrep2049,GENALTYAL_B*40:01,tcr396,0
immrep2050,FLDCKSYIL_A*02:01,tcr290,0
immrep2051,TVYPYGTSL_A*02:01,tcr868,0
immrep2052,YMFYDGYDV_A*02:01,tcr856,0
immrep2053,MEMPDYLLL_B*40:01,tcr898,0
immrep2054,FLDCKSYIL_A*02:01,tcr231,0
immrep2055,YENGSTPVL_B*40:01,tcr191,0
immrep2056,YENGSTPVL_B*40:01,tcr551,0
immrep2057,ILMHATYFL_A*02:01,tcr928,0
immrep2058,SEESAFYVL_B*40:01,tcr990,0
immrep2059,YESYIPGAL_B*40:01,tcr181,0
immrep2060,KLYPFLWFA_A*02:01,tcr137,0
immrep2061,YENGSTPVL_B*40:01,tcr410,0
immrep2062,GEVLACYAL_B*40:01,tcr33,0
immrep2063,FEAQPGALL_B*40:01,tcr245,0
immrep2064,YLFNADIWI_A*02:01,tcr683,0
immrep2065,MEMPDYLLL_B*40:01,tcr8,0
immrep2066,YEDGVIFYL_B*40:01,tcr943,0
immrep2067,MTDYDYLEV_A*02:01,tcr487,0
immrep2068,HLDDYPYLM_A*02:01,tcr253,0
immrep2069,REDDYSVWL_B*40:01,tcr283,0
immrep2070,YLFNADIWI_A*02:01,tcr345,0
immrep2071,YEDGVIFYL_B*40:01,tcr391,0
immrep2072,HLDDYPYLM_A*02:01,tcr689,0
immrep2073,MENWSALEL_B*40:01,tcr615,0
immrep2074,GENALTYAL_B*40:01,tcr169,0
immrep2075,MENWSALEL_B*40:01,tcr159,0
immrep2076,GENALTYAL_B*40:01,tcr645,0
immrep2077,TVYPYGTSL_A*02:01,tcr792,0
immrep2078,KLYPFLWFA_A*02:01,tcr174,0
immrep2079,TVYPYGTSL_A*02:01,tcr907,0
immrep2080,HLDDYPYLM_A*02:01,tcr600,0
immrep2081,FEAQPGALL_B*40:01,tcr342,0
immrep2082,YENGSTPVL_B*40:01,tcr200,0
immrep2083,GENALTYAL_B*40:01,tcr566,0
immrep2084,FLDCKSYIL_A*02:01,tcr932,0
immrep2085,GENALTYAL_B*40:01,tcr234,0
immrep2086,TVYPYGTSL_A*02:01,tcr133,0
immrep2087,MTDYDYLEV_A*02:01,tcr572,0
immrep2088,GENALTYAL_B*40:01,tcr469,0
immrep2089,SEESAFYVL_B*40:01,tcr847,0
immrep2090,ILHTHVPEV_A*02:01,tcr843,0
immrep2091,YEDGVIFYL_B*40:01,tcr606,0
immrep2092,ILMHATYFL_A*02:01,tcr379,0
immrep2093,ILMHATYFL_A*02:01,tcr701,0
immrep2094,YEDGVIFYL_B*40:01,tcr396,0
immrep2095,YESYIPGAL_B*40:01,tcr74,0
immrep2096,MEMPDYLLL_B*40:01,tcr148,0
immrep2097,ILMHATYFL_A*02:01,tcr631,0
immrep2098,YESYIPGAL_B*40:01,tcr873,0
immrep2099,GENALTYAL_B*40:01,tcr98,0
immrep2100,YMFYDGYDV_A*02:01,tcr267,0
immrep2101,HLDDYPYLM_A*02:01,tcr344,0
immrep2102,YENGSTPVL_B*40:01,tcr280,0
immrep2103,YLFNADIWI_A*02:01,tcr120,0
immrep2104,GEVLACYAL_B*40:01,tcr317,0
immrep2105,MTDYDYLEV_A*02:01,tcr745,0
immrep2106,HLDDYPYLM_A*02:01,tcr209,0
immrep2107,MENWSALEL_B*40:01,tcr443,0
immrep2108,YMFYDGYDV_A*02:01,tcr992,0
immrep2109,FLDCKSYIL_A*02:01,tcr113,0
immrep2110,REDDYSVWL_B*40:01,tcr424,0
immrep2111,ILHTHVPEV_A*02:01,tcr238,0
immrep2112,GENALTYAL_B*40:01,tcr504,0
immrep2113,SEESAFYVL_B*40:01,tcr83,0
immrep2114,YENGSTPVL_B*40:01,tcr851,0
immrep2115,TVYPYGTSL_A*02:01,tcr600,0
immrep2116,SQFNWTIYL_A*02:01,tcr295,0
immrep2117,ILMHATYFL_A*02:01,tcr406,0
immrep2118,FEAQPGALL_B*40:01,tcr886,0
immrep2119,YMFYDGYDV_A*02:01,tcr24,0
immrep2120,ILMHATYFL_A*02:01,tcr907,0
immrep2121,YENGSTPVL_B*40:01,tcr969,0
immrep2122,ILMHATYFL_A*02:01,tcr734,0
immrep2123,MEMPDYLLL_B*40:01,tcr292,0
immrep2124,HLDDYPYLM_A*02:01,tcr149,0
immrep2125,FEAQPGALL_B*40:01,tcr317,0
immrep2126,TVYPYGTSL_A*02:01,tcr808,0
immrep2127,REDDYSVWL_B*40:01,tcr392,0
immrep2128,MEMPDYLLL_B*40:01,tcr847,0
immrep2129,ILHTHVPEV_A*02:01,tcr137,0
immrep2130,HLDDYPYLM_A*02:01,tcr613,0
immrep2131,HLDDYPYLM_A*02:01,tcr230,0
immrep2132,SQFNWTIYL_A*02:01,tcr950,0
immrep2133,REDDYSVWL_B*40:01,tcr101,0
immrep2134,MTDYDYLEV_A*02:01,tcr25,0
immrep2135,MEMPDYLLL_B*40:01,tcr458,0
immrep2136,SQFNWTIYL_A*02:01,tcr59,0
immrep2137,GEVLACYAL_B*40:01,tcr40,0
immrep2138,FEAQPGALL_B*40:01,tcr398,0
immrep2139,REDDYSVWL_B*40:01,tcr109,0
immrep2140,YEDGVIFYL_B*40:01,tcr475,0
immrep2141,MENWSALEL_B*40:01,tcr485,0
immrep2142,GEVLACYAL_B*40:01,tcr161,0
immrep2143,GENALTYAL_B*40:01,tcr204,0
immrep2144,GENALTYAL_B*40:01,tcr277,0
immrep2145,KLYPFLWFA_A*02:01,tcr337,0
immrep2146,YENGSTPVL_B*40:01,tcr312,0
immrep2147,GEVLACYAL_B*40:01,tcr610,0
immrep2148,ILMHATYFL_A*02:01,tcr105,0
immrep2149,YMFYDGYDV_A*02:01,tcr751,0
immrep2150,REDDYSVWL_B*40:01,tcr909,0
immrep2151,FLDCKSYIL_A*02:01,tcr877,0
immrep2152,FLDCKSYIL_A*02:01,tcr640,0
immrep2153,YMFYDGYDV_A*02:01,tcr341,0
immrep2154,FEAQPGALL_B*40:01,tcr674,0
immrep2155,SQFNWTIYL_A*02:01,tcr804,0
immrep2156,GEVLACYAL_B*40:01,tcr114,0
immrep2157,FEAQPGALL_B*40:01,tcr735,0
immrep2158,MTDYDYLEV_A*02:01,tcr129,0
immrep2159,YLFNADIWI_A*02:01,tcr325,0
immrep2160,REDDYSVWL_B*40:01,tcr871,0
immrep2161,YESYIPGAL_B*40:01,tcr501,0
immrep2162,YENGSTPVL_B*40:01,tcr488,0
immrep2163,FLDCKSYIL_A*02:01,tcr879,0
immrep2164,TVYPYGTSL_A*02:01,tcr860,0
immrep2165,KLYPFLWFA_A*02:01,tcr805,0
immrep2166,YEDGVIFYL_B*40:01,tcr772,0
immrep2167,ILHTHVPEV_A*02:01,tcr560,0
immrep2168,YEDGVIFYL_B*40:01,tcr959,0
immrep2169,MEMPDYLLL_B*40:01,tcr46,0
immrep2170,MEMPDYLLL_B*40:01,tcr625,0
immrep2171,FEAQPGALL_B*40:01,tcr424,0
immrep2172,REDDYSVWL_B*40:01,tcr905,0
immrep2173,MEMPDYLLL_B*40:01,tcr675,0
immrep2174,GENALTYAL_B*40:01,tcr146,0
immrep2175,FLDCKSYIL_A*02:01,tcr946,0
immrep2176,YEDGVIFYL_B*40:01,tcr669,0
immrep2177,YLFNADIWI_A*02:01,tcr160,0
immrep2178,YLFNADIWI_A*02:01,tcr928,0
immrep2179,KLYPFLWFA_A*02:01,tcr631,0
immrep2180,ILMHATYFL_A*02:01,tcr596,0
immrep2181,HLDDYPYLM_A*02:01,tcr612,0
immrep2182,MEMPDYLLL_B*40:01,tcr41,0
immrep2183,HLDDYPYLM_A*02:01,tcr891,0
immrep2184,YESYIPGAL_B*40:01,tcr529,0
immrep2185,ILHTHVPEV_A*02:01,tcr934,0
immrep2186,YESYIPGAL_B*40:01,tcr462,0
immrep2187,YMFYDGYDV_A*02:01,tcr910,0
immrep2188,GENALTYAL_B*40:01,tcr128,0
immrep2189,TVYPYGTSL_A*02:01,tcr649,0
immrep2190,YESYIPGAL_B*40:01,tcr923,0
immrep2191,SQFNWTIYL_A*02:01,tcr650,0
immrep2192,MTDYDYLEV_A*02:01,tcr27,0
immrep2193,FLDCKSYIL_A*02:01,tcr383,0
immrep2194,TVYPYGTSL_A*02:01,tcr258,0
immrep2195,GEVLACYAL_B*40:01,tcr919,0
immrep2196,HLDDYPYLM_A*02:01,tcr199,0
immrep2197,MENWSALEL_B*40:01,tcr811,0
immrep2198,KLYPFLWFA_A*02:01,tcr248,0
immrep2199,KLYPFLWFA_A*02:01,tcr903,0
immrep2200,MENWSALEL_B*40:01,tcr948,0
immrep2201,MENWSALEL_B*40:01,tcr831,0
immrep2202,YEDGVIFYL_B*40:01,tcr603,0
immrep2203,FEAQPGALL_B*40:01,tcr575,0
immrep2204,MTDYDYLEV_A*02:01,tcr638,0
immrep2205,SQFNWTIYL_A*02:01,tcr583,0
immrep2206,FEAQPGALL_B*40:01,tcr58,0
immrep2207,MEMPDYLLL_B*40:01,tcr657,0
immrep2208,ILMHATYFL_A*02:01,tcr272,0
immrep2209,YLFNADIWI_A*02:01,tcr922,0
immrep2210,SQFNWTIYL_A*02:01,tcr639,0
immrep2211,MTDYDYLEV_A*02:01,tcr336,0
immrep2212,YEDGVIFYL_B*40:01,tcr529,0
immrep2213,GENALTYAL_B*40:01,tcr761,0
immrep2214,KLYPFLWFA_A*02:01,tcr543,0
immrep2215,ILHTHVPEV_A*02:01,tcr692,0
immrep2216,SQFNWTIYL_A*02:01,tcr524,0
immrep2217,YLFNADIWI_A*02:01,tcr471,0
immrep2218,HLDDYPYLM_A*02:01,tcr822,0
immrep2219,YLFNADIWI_A*02:01,tcr75,0
immrep2220,ILMHATYFL_A*02:01,tcr681,0
immrep2221,YLFNADIWI_A*02:01,tcr379,0
immrep2222,REDDYSVWL_B*40:01,tcr581,0
immrep2223,ILMHATYFL_A*02:01,tcr572,0
immrep2224,FLDCKSYIL_A*02:01,tcr927,0
immrep2225,GEVLACYAL_B*40:01,tcr801,0
immrep2226,REDDYSVWL_B*40:01,tcr495,0
immrep2227,ILHTHVPEV_A*02:01,tcr944,0
immrep2228,YENGSTPVL_B*40:01,tcr987,0
immrep2229,GEVLACYAL_B*40:01,tcr981,0
immrep2230,MEMPDYLLL_B*40:01,tcr623,0
immrep2231,SQFNWTIYL_A*02:01,tcr166,0
immrep2232,MEMPDYLLL_B*40:01,tcr636,0
immrep2233,HLDDYPYLM_A*02:01,tcr563,0
immrep2234,MENWSALEL_B*40:01,tcr235,0
immrep2235,REDDYSVWL_B*40:01,tcr845,0
immrep2236,GENALTYAL_B*40:01,tcr570,0
immrep2237,HLDDYPYLM_A*02:01,tcr980,0
immrep2238,KLYPFLWFA_A*02:01,tcr208,0
immrep2239,YMFYDGYDV_A*02:01,tcr31,0
immrep2240,GENALTYAL_B*40:01,tcr582,0
immrep2241,TVYPYGTSL_A*02:01,tcr250,0
immrep2242,ILHTHVPEV_A*02:01,tcr232,0
immrep2243,FEAQPGALL_B*40:01,tcr15,0
immrep2244,SQFNWTIYL_A*02:01,tcr42,0
immrep2245,GEVLACYAL_B*40:01,tcr479,0
immrep2246,SEESAFYVL_B*40:01,tcr958,0
immrep2247,ILMHATYFL_A*02:01,tcr590,0
immrep2248,YLFNADIWI_A*02:01,tcr756,0
immrep2249,YENGSTPVL_B*40:01,tcr365,0
immrep2250,MEMPDYLLL_B*40:01,tcr802,0
immrep2251,YMFYDGYDV_A*02:01,tcr39,0
immrep2252,REDDYSVWL_B*40:01,tcr659,0
immrep2253,FEAQPGALL_B*40:01,tcr362,0
immrep2254,GEVLACYAL_B*40:01,tcr581,0
immrep2255,GEVLACYAL_B*40:01,tcr457,0
immrep2256,SQFNWTIYL_A*02:01,tcr622,0
immrep2257,YLFNADIWI_A*02:01,tcr193,0
immrep2258,HLDDYPYLM_A*02:01,tcr478,0
immrep2259,SEESAFYVL_B*40:01,tcr656,0
immrep2260,YEDGVIFYL_B*40:01,tcr81,0
immrep2261,YEDGVIFYL_B*40:01,tcr462,0
immrep2262,FLDCKSYIL_A*02:01,tcr535,0
immrep2263,MEMPDYLLL_B*40:01,tcr667,0
immrep2264,FLDCKSYIL_A*02:01,tcr983,0
immrep2265,MTDYDYLEV_A*02:01,tcr701,0
immrep2266,GEVLACYAL_B*40:01,tcr52,0
immrep2267,GEVLACYAL_B*40:01,tcr586,0
immrep2268,GEVLACYAL_B*40:01,tcr136,0
immrep2269,YEDGVIFYL_B*40:01,tcr662,0
immrep2270,YEDGVIFYL_B*40:01,tcr269,0
immrep2271,SQFNWTIYL_A*02:01,tcr352,0
immrep2272,YMFYDGYDV_A*02:01,tcr42,0
immrep2273,HLDDYPYLM_A*02:01,tcr921,0
immrep2274,HLDDYPYLM_A*02:01,tcr272,0
immrep2275,FLDCKSYIL_A*02:01,tcr221,0
immrep2276,TVYPYGTSL_A*02:01,tcr394,0
immrep2277,MEMPDYLLL_B*40:01,tcr354,0
immrep2278,SEESAFYVL_B*40:01,tcr914,0
immrep2279,GEVLACYAL_B*40:01,tcr504,0
immrep2280,FLDCKSYIL_A*02:01,tcr408,0
immrep2281,TVYPYGTSL_A*02:01,tcr415,0
immrep2282,YESYIPGAL_B*40:01,tcr384,0
immrep2283,KLYPFLWFA_A*02:01,tcr992,0
immrep2284,GENALTYAL_B*40:01,tcr520,0
immrep2285,YMFYDGYDV_A*02:01,tcr88,0
immrep2286,ILHTHVPEV_A*02:01,tcr716,0
immrep2287,YLFNADIWI_A*02:01,tcr988,0
immrep2288,MEMPDYLLL_B*40:01,tcr758,0
immrep2289,SEESAFYVL_B*40:01,tcr965,0
immrep2290,MEMPDYLLL_B*40:01,tcr629,0
immrep2291,MTDYDYLEV_A*02:01,tcr174,0
immrep2292,GEVLACYAL_B*40:01,tcr867,0
immrep2293,TVYPYGTSL_A*02:01,tcr998,0
immrep2294,HLDDYPYLM_A*02:01,tcr400,0
immrep2295,GEVLACYAL_B*40:01,tcr273,0
immrep2296,MENWSALEL_B*40:01,tcr204,0
immrep2297,MEMPDYLLL_B*40:01,tcr899,0
immrep2298,GENALTYAL_B*40:01,tcr14,0
immrep2299,YEDGVIFYL_B*40:01,tcr668,0
immrep2300,MEMPDYLLL_B*40:01,tcr959,0
immrep2301,MENWSALEL_B*40:01,tcr55,0
immrep2302,MENWSALEL_B*40:01,tcr474,0
immrep2303,ILMHATYFL_A*02:01,tcr199,0
immrep2304,FEAQPGALL_B*40:01,tcr708,0
immrep2305,GENALTYAL_B*40:01,tcr951,0
immrep2306,ILMHATYFL_A*02:01,tcr563,0
immrep2307,TVYPYGTSL_A*02:01,tcr257,0
immrep2308,YENGSTPVL_B*40:01,tcr198,0
immrep2309,HLDDYPYLM_A*02:01,tcr996,0
immrep2310,YMFYDGYDV_A*02:01,tcr912,0
immrep2311,YEDGVIFYL_B*40:01,tcr634,0
immrep2312,ILHTHVPEV_A*02:01,tcr510,0
immrep2313,GEVLACYAL_B*40:01,tcr364,0
immrep2314,ILHTHVPEV_A*02:01,tcr334,0
immrep2315,MENWSALEL_B*40:01,tcr571,0
immrep2316,YMFYDGYDV_A*02:01,tcr468,0
immrep2317,HLDDYPYLM_A*02:01,tcr938,0
immrep2318,FEAQPGALL_B*40:01,tcr183,0
immrep2319,YESYIPGAL_B*40:01,tcr219,0
immrep2320,YENGSTPVL_B*40:01,tcr972,0
immrep2321,HLDDYPYLM_A*02:01,tcr27,0
immrep2322,MEMPDYLLL_B*40:01,tcr118,0
immrep2323,GEVLACYAL_B*40:01,tcr876,0
immrep2324,GEVLACYAL_B*40:01,tcr339,0
immrep2325,ILMHATYFL_A*02:01,tcr294,0
immrep2326,YESYIPGAL_B*40:01,tcr525,0
immrep2327,YEDGVIFYL_B*40:01,tcr124,0
immrep2328,FEAQPGALL_B*40:01,tcr330,0
immrep2329,MENWSALEL_B*40:01,tcr339,0
immrep2330,YEDGVIFYL_B*40:01,tcr738,0
immrep2331,YEDGVIFYL_B*40:01,tcr276,0
immrep2332,YEDGVIFYL_B*40:01,tcr326,0
immrep2333,SQFNWTIYL_A*02:01,tcr408,0
immrep2334,ILMHATYFL_A*02:01,tcr266,0
immrep2335,FEAQPGALL_B*40:01,tcr101,0
immrep2336,YENGSTPVL_B*40:01,tcr83,0
immrep2337,YEDGVIFYL_B*40:01,tcr322,0
immrep2338,HLDDYPYLM_A*02:01,tcr785,0
immrep2339,MTDYDYLEV_A*02:01,tcr834,0
immrep2340,YENGSTPVL_B*40:01,tcr84,0
immrep2341,YENGSTPVL_B*40:01,tcr881,0
immrep2342,REDDYSVWL_B*40:01,tcr464,0
immrep2343,FEAQPGALL_B*40:01,tcr511,0
immrep2344,FLDCKSYIL_A*02:01,tcr430,0
immrep2345,FLDCKSYIL_A*02:01,tcr133,0
immrep2346,TVYPYGTSL_A*02:01,tcr742,0
immrep2347,SQFNWTIYL_A*02:01,tcr63,0
immrep2348,TVYPYGTSL_A*02:01,tcr42,0
immrep2349,MTDYDYLEV_A*02:01,tcr856,0
immrep2350,HLDDYPYLM_A*02:01,tcr3,0
immrep2351,MTDYDYLEV_A*02:01,tcr162,0
immrep2352,ILMHATYFL_A*02:01,tcr560,0
immrep2353,KLYPFLWFA_A*02:01,tcr340,0
immrep2354,GEVLACYAL_B*40:01,tcr58,0
immrep2355,ILMHATYFL_A*02:01,tcr939,0
immrep2356,SQFNWTIYL_A*02:01,tcr80,0
immrep2357,YESYIPGAL_B*40:01,tcr889,0
immrep2358,TVYPYGTSL_A*02:01,tcr763,0
immrep2359,FEAQPGALL_B*40:01,tcr82,0
immrep2360,YLFNADIWI_A*02:01,tcr68,0
immrep2361,YEDGVIFYL_B*40:01,tcr386,0
immrep2362,ILHTHVPEV_A*02:01,tcr257,0
immrep2363,YMFYDGYDV_A*02:01,tcr248,0
immrep2364,SQFNWTIYL_A*02:01,tcr500,0
immrep2365,YEDGVIFYL_B*40:01,tcr280,0
immrep2366,YEDGVIFYL_B*40:01,tcr354,0
immrep2367,YMFYDGYDV_A*02:01,tcr209,0
immrep2368,GEVLACYAL_B*40:01,tcr959,0
immrep2369,MEMPDYLLL_B*40:01,tcr700,0
immrep2370,FLDCKSYIL_A*02:01,tcr837,0
immrep2371,MEMPDYLLL_B*40:01,tcr813,0
immrep2372,FEAQPGALL_B*40:01,tcr161,0
immrep2373,KLYPFLWFA_A*02:01,tcr175,0
immrep2374,YLFNADIWI_A*02:01,tcr295,0
immrep2375,GEVLACYAL_B*40:01,tcr757,0
immrep2376,TVYPYGTSL_A*02:01,tcr984,0
immrep2377,KLYPFLWFA_A*02:01,tcr192,0
immrep2378,GENALTYAL_B*40:01,tcr811,0
immrep2379,FEAQPGALL_B*40:01,tcr839,0
immrep2380,ILHTHVPEV_A*02:01,tcr988,0
immrep2381,MENWSALEL_B*40:01,tcr388,0
immrep2382,REDDYSVWL_B*40:01,tcr52,0
immrep2383,MEMPDYLLL_B*40:01,tcr661,0
immrep2384,SQFNWTIYL_A*02:01,tcr834,0
immrep2385,MENWSALEL_B*40:01,tcr390,0
immrep2386,FLDCKSYIL_A*02:01,tcr306,0
immrep2387,MENWSALEL_B*40:01,tcr968,0
immrep2388,ILMHATYFL_A*02:01,tcr692,0
immrep2389,YENGSTPVL_B*40:01,tcr813,0
immrep2390,KLYPFLWFA_A*02:01,tcr178,0
immrep2391,YEDGVIFYL_B*40:01,tcr407,0
immrep2392,GENALTYAL_B*40:01,tcr254,0
immrep2393,GEVLACYAL_B*40:01,tcr154,0
immrep2394,FLDCKSYIL_A*02:01,tcr600,0
immrep2395,MENWSALEL_B*40:01,tcr663,0
immrep2396,MEMPDYLLL_B*40:01,tcr58,0
immrep2397,ILHTHVPEV_A*02:01,tcr123,0
immrep2398,ILHTHVPEV_A*02:01,tcr417,0
immrep2399,SQFNWTIYL_A*02:01,tcr178,0
immrep2400,REDDYSVWL_B*40:01,tcr236,0
immrep2401,SEESAFYVL_B*40:01,tcr402,0
immrep2402,YESYIPGAL_B*40:01,tcr128,0
immrep2403,GENALTYAL_B*40:01,tcr84,0
immrep2404,MTDYDYLEV_A*02:01,tcr140,0
immrep2405,MEMPDYLLL_B*40:01,tcr608,0
immrep2406,YENGSTPVL_B*40:01,tcr29,0
immrep2407,MTDYDYLEV_A*02:01,tcr397,0
immrep2408,YEDGVIFYL_B*40:01,tcr810,0
immrep2409,MENWSALEL_B*40:01,tcr234,0
immrep2410,SQFNWTIYL_A*02:01,tcr784,0
immrep2411,FLDCKSYIL_A*02:01,tcr325,0
immrep2412,MENWSALEL_B*40:01,tcr662,0
immrep2413,SEESAFYVL_B*40:01,tcr66,0
immrep2414,MEMPDYLLL_B*40:01,tcr827,0
immrep2415,FLDCKSYIL_A*02:01,tcr930,0
immrep2416,MEMPDYLLL_B*40:01,tcr204,0
immrep2417,ILMHATYFL_A*02:01,tcr633,0
immrep2418,ILMHATYFL_A*02:01,tcr478,0
immrep2419,REDDYSVWL_B*40:01,tcr365,0
immrep2420,GENALTYAL_B*40:01,tcr136,0
immrep2421,FEAQPGALL_B*40:01,tcr292,0
immrep2422,YENGSTPVL_B*40:01,tcr457,0
immrep2423,KLYPFLWFA_A*02:01,tcr316,0
immrep2424,YEDGVIFYL_B*40:01,tcr41,0
immrep2425,KLYPFLWFA_A*02:01,tcr54,0
immrep2426,FEAQPGALL_B*40:01,tcr536,0
immrep2427,YESYIPGAL_B*40:01,tcr945,0
immrep2428,MENWSALEL_B*40:01,tcr608,0
immrep2429,GEVLACYAL_B*40:01,tcr302,0
immrep2430,FLDCKSYIL_A*02:01,tcr895,0
immrep2431,YMFYDGYDV_A*02:01,tcr476,0
immrep2432,FEAQPGALL_B*40:01,tcr617,0
immrep2433,YESYIPGAL_B*40:01,tcr897,0
immrep2434,YENGSTPVL_B*40:01,tcr116,0
immrep2435,FEAQPGALL_B*40:01,tcr196,0
immrep2436,REDDYSVWL_B*40:01,tcr361,0
immrep2437,GEVLACYAL_B*40:01,tcr485,0
immrep2438,FEAQPGALL_B*40:01,tcr104,0
immrep2439,YESYIPGAL_B*40:01,tcr330,0
immrep2440,ILHTHVPEV_A*02:01,tcr931,0
immrep2441,FLDCKSYIL_A*02:01,tcr182,0
immrep2442,ILMHATYFL_A*02:01,tcr732,0
immrep2443,YENGSTPVL_B*40:01,tcr824,0
immrep2444,YMFYDGYDV_A*02:01,tcr143,0
immrep2445,MTDYDYLEV_A*02:01,tcr257,0
immrep2446,MEMPDYLLL_B*40:01,tcr503,0
immrep2447,YLFNADIWI_A*02:01,tcr349,0
immrep2448,GEVLACYAL_B*40:01,tcr630,0
immrep2449,YMFYDGYDV_A*02:01,tcr178,0
immrep2450,YEDGVIFYL_B*40:01,tcr778,0
immrep2451,KLYPFLWFA_A*02:01,tcr695,0
immrep2452,TVYPYGTSL_A*02:01,tcr349,0
immrep2453,MEMPDYLLL_B*40:01,tcr925,0
immrep2454,YMFYDGYDV_A*02:01,tcr681,0
immrep2455,ILHTHVPEV_A*02:01,tcr366,0
immrep2456,ILHTHVPEV_A*02:01,tcr212,0
immrep2457,TVYPYGTSL_A*02:01,tcr762,0
immrep2458,MENWSALEL_B*40:01,tcr285,0
immrep2459,MTDYDYLEV_A*02:01,tcr271,0
immrep2460,GEVLACYAL_B*40:01,tcr464,0
immrep2461,FLDCKSYIL_A*02:01,tcr304,0
immrep2462,MTDYDYLEV_A*02:01,tcr518,0
immrep2463,SQFNWTIYL_A*02:01,tcr31,0
immrep2464,HLDDYPYLM_A*02:01,tcr288,0
immrep2465,YESYIPGAL_B*40:01,tcr179,0
immrep2466,GEVLACYAL_B*40:01,tcr645,0
immrep2467,GENALTYAL_B*40:01,tcr211,0
immrep2468,YESYIPGAL_B*40:01,tcr225,0
immrep2469,REDDYSVWL_B*40:01,tcr102,0
immrep2470,REDDYSVWL_B*40:01,tcr775,0
immrep2471,ILHTHVPEV_A*02:01,tcr666,0
immrep2472,REDDYSVWL_B*40:01,tcr425,0
immrep2473,MEMPDYLLL_B*40:01,tcr776,0
immrep2474,YMFYDGYDV_A*02:01,tcr408,0
immrep2475,REDDYSVWL_B*40:01,tcr768,0
immrep2476,HLDDYPYLM_A*02:01,tcr59,0
immrep2477,SEESAFYVL_B*40:01,tcr396,0
immrep2478,ILHTHVPEV_A*02:01,tcr75,0
immrep2479,HLDDYPYLM_A*02:01,tcr103,0
immrep2480,MENWSALEL_B*40:01,tcr323,0
immrep2481,FEAQPGALL_B*40:01,tcr904,0
immrep2482,YLFNADIWI_A*02:01,tcr832,0
immrep2483,MEMPDYLLL_B*40:01,tcr558,0
immrep2484,YESYIPGAL_B*40:01,tcr561,0
immrep2485,HLDDYPYLM_A*02:01,tcr624,0
immrep2486,GEVLACYAL_B*40:01,tcr112,0
immrep2487,GENALTYAL_B*40:01,tcr630,0
immrep2488,ILHTHVPEV_A*02:01,tcr720,0
immrep2489,SEESAFYVL_B*40:01,tcr45,0
immrep2490,YEDGVIFYL_B*40:01,tcr609,0
immrep2491,YESYIPGAL_B*40:01,tcr730,0
immrep2492,YLFNADIWI_A*02:01,tcr17,0
immrep2493,SEESAFYVL_B*40:01,tcr181,0
immrep2494,KLYPFLWFA_A*02:01,tcr644,0
immrep2495,TVYPYGTSL_A*02:01,tcr486,0
immrep2496,MTDYDYLEV_A*02:01,tcr240,0
immrep2497,GEVLACYAL_B*40:01,tcr679,0
immrep2498,FLDCKSYIL_A*02:01,tcr121,0
immrep2499,SQFNWTIYL_A*02:01,tcr785,0
immrep2500,YMFYDGYDV_A*02:01,tcr709,0
immrep2501,HLDDYPYLM_A*02:01,tcr201,0
immrep2502,MTDYDYLEV_A*02:01,tcr666,0
immrep2503,ILHTHVPEV_A*02:01,tcr281,0
immrep2504,MENWSALEL_B*40:01,tcr262,0
immrep2505,ILHTHVPEV_A*02:01,tcr702,0
immrep2506,FEAQPGALL_B*40:01,tcr525,0
immrep2507,MEMPDYLLL_B*40:01,tcr811,0
immrep2508,TVYPYGTSL_A*02:01,tcr73,0
immrep2509,ILMHATYFL_A*02:01,tcr39,0
immrep2510,YMFYDGYDV_A*02:01,tcr44,0
immrep2511,MEMPDYLLL_B*40:01,tcr26,0
immrep2512,ILHTHVPEV_A*02:01,tcr162,0
immrep2513,REDDYSVWL_B*40:01,tcr866,0
immrep2514,SEESAFYVL_B*40:01,tcr866,0
immrep2515,FLDCKSYIL_A*02:01,tcr30,0
immrep2516,TVYPYGTSL_A*02:01,tcr830,0
immrep2517,KLYPFLWFA_A*02:01,tcr16,0
immrep2518,FLDCKSYIL_A*02:01,tcr400,0
immrep2519,MTDYDYLEV_A*02:01,tcr760,0
immrep2520,GENALTYAL_B*40:01,tcr275,0
immrep2521,YLFNADIWI_A*02:01,tcr316,0
immrep2522,FLDCKSYIL_A*02:01,tcr760,0
immrep2523,YMFYDGYDV_A*02:01,tcr205,0
immrep2524,MTDYDYLEV_A*02:01,tcr177,0
immrep2525,FLDCKSYIL_A*02:01,tcr639,0
immrep2526,ILMHATYFL_A*02:01,tcr370,0
immrep2527,ILMHATYFL_A*02:01,tcr369,0
immrep2528,REDDYSVWL_B*40:01,tcr82,0
immrep2529,GEVLACYAL_B*40:01,tcr321,0
immrep2530,HLDDYPYLM_A*02:01,tcr848,0
immrep2531,REDDYSVWL_B*40:01,tcr776,0
immrep2532,HLDDYPYLM_A*02:01,tcr784,0
immrep2533,HLDDYPYLM_A*02:01,tcr123,0
immrep2534,ILHTHVPEV_A*02:01,tcr486,0
immrep2535,HLDDYPYLM_A*02:01,tcr745,0
immrep2536,ILMHATYFL_A*02:01,tcr289,0
immrep2537,MTDYDYLEV_A*02:01,tcr120,0
immrep2538,YENGSTPVL_B*40:01,tcr880,0
immrep2539,YESYIPGAL_B*40:01,tcr587,0
immrep2540,TVYPYGTSL_A*02:01,tcr771,0
immrep2541,YEDGVIFYL_B*40:01,tcr663,0
immrep2542,YMFYDGYDV_A*02:01,tcr979,0
immrep2543,MEMPDYLLL_B*40:01,tcr78,0
immrep2544,FLDCKSYIL_A*02:01,tcr555,0
immrep2545,REDDYSVWL_B*40:01,tcr542,0
immrep2546,FEAQPGALL_B*40:01,tcr34,0
immrep2547,SEESAFYVL_B*40:01,tcr857,0
immrep2548,GENALTYAL_B*40:01,tcr845,0
immrep2549,GENALTYAL_B*40:01,tcr263,0
immrep2550,KLYPFLWFA_A*02:01,tcr534,0
immrep2551,YLFNADIWI_A*02:01,tcr4,0
immrep2552,YESYIPGAL_B*40:01,tcr114,0
immrep2553,YESYIPGAL_B*40:01,tcr758,0
immrep2554,MEMPDYLLL_B*40:01,tcr237,0
immrep2555,YLFNADIWI_A*02:01,tcr996,0
immrep2556,YENGSTPVL_B*40:01,tcr128,0
immrep2557,FLDCKSYIL_A*02:01,tcr492,0
immrep2558,YENGSTPVL_B*40:01,tcr171,0
immrep2559,SEESAFYVL_B*40:01,tcr602,0
immrep2560,YENGSTPVL_B*40:01,tcr618,0
immrep2561,GEVLACYAL_B*40:01,tcr699,0
immrep2562,MTDYDYLEV_A*02:01,tcr979,0
immrep2563,GEVLACYAL_B*40:01,tcr490,0
immrep2564,YMFYDGYDV_A*02:01,tcr576,0
immrep2565,MTDYDYLEV_A*02:01,tcr872,0
immrep2566,ILMHATYFL_A*02:01,tcr264,0
immrep2567,GEVLACYAL_B*40:01,tcr167,0
immrep2568,YMFYDGYDV_A*02:01,tcr290,0
immrep2569,YENGSTPVL_B*40:01,tcr399,0
immrep2570,HLDDYPYLM_A*02:01,tcr954,0
immrep2571,ILHTHVPEV_A*02:01,tcr243,0
immrep2572,SQFNWTIYL_A*02:01,tcr48,0
immrep2573,MENWSALEL_B*40:01,tcr844,0
immrep2574,HLDDYPYLM_A*02:01,tcr373,0
immrep2575,TVYPYGTSL_A*02:01,tcr264,0
immrep2576,REDDYSVWL_B*40:01,tcr396,0
immrep2577,FLDCKSYIL_A*02:01,tcr552,0
immrep2578,SEESAFYVL_B*40:01,tcr700,0
immrep2579,ILHTHVPEV_A*02:01,tcr681,0
immrep2580,SEESAFYVL_B*40:01,tcr392,0
immrep2581,KLYPFLWFA_A*02:01,tcr141,0
immrep2582,GEVLACYAL_B*40:01,tcr101,0
immrep2583,MEMPDYLLL_B*40:01,tcr35,0
immrep2584,FEAQPGALL_B*40:01,tcr884,0
immrep2585,YEDGVIFYL_B*40:01,tcr812,0
immrep2586,FLDCKSYIL_A*02:01,tcr694,0
immrep2587,GENALTYAL_B*40:01,tcr219,0
immrep2588,REDDYSVWL_B*40:01,tcr772,0
immrep2589,YEDGVIFYL_B*40:01,tcr398,0
immrep2590,ILHTHVPEV_A*02:01,tcr325,0
immrep2591,MTDYDYLEV_A*02:01,tcr616,0
immrep2592,SEESAFYVL_B*40:01,tcr339,0
immrep2593,YMFYDGYDV_A*02:01,tcr242,0
immrep2594,ILHTHVPEV_A*02:01,tcr605,0
immrep2595,YEDGVIFYL_B*40:01,tcr953,0
immrep2596,REDDYSVWL_B*40:01,tcr473,0
immrep2597,SEESAFYVL_B*40:01,tcr698,0
immrep2598,YENGSTPVL_B*40:01,tcr831,0
immrep2599,KLYPFLWFA_A*02:01,tcr320,0
immrep2600,FEAQPGALL_B*40:01,tcr538,0
immrep2601,ILHTHVPEV_A*02:01,tcr217,0
immrep2602,TVYPYGTSL_A*02:01,tcr816,0
immrep2603,REDDYSVWL_B*40:01,tcr662,0
immrep2604,SEESAFYVL_B*40:01,tcr890,0
immrep2605,YESYIPGAL_B*40:01,tcr841,0
immrep2606,MENWSALEL_B*40:01,tcr67,0
immrep2607,KLYPFLWFA_A*02:01,tcr572,0
immrep2608,YENGSTPVL_B*40:01,tcr952,0
immrep2609,TVYPYGTSL_A*02:01,tcr913,0
immrep2610,YEDGVIFYL_B*40:01,tcr904,0
immrep2611,YLFNADIWI_A*02:01,tcr935,0
immrep2612,FLDCKSYIL_A*02:01,tcr172,0
immrep2613,SQFNWTIYL_A*02:01,tcr3,0
immrep2614,SEESAFYVL_B*40:01,tcr827,0
immrep2615,YENGSTPVL_B*40:01,tcr311,0
immrep2616,FEAQPGALL_B*40:01,tcr466,0
immrep2617,TVYPYGTSL_A*02:01,tcr750,0
immrep2618,FEAQPGALL_B*40:01,tcr783,0
immrep2619,REDDYSVWL_B*40:01,tcr301,0
immrep2620,YMFYDGYDV_A*02:01,tcr434,0
immrep2621,SEESAFYVL_B*40:01,tcr736,0
immrep2622,SQFNWTIYL_A*02:01,tcr272,0
immrep2623,FEAQPGALL_B*40:01,tcr602,0
immrep2624,REDDYSVWL_B*40:01,tcr880,0
immrep2625,YENGSTPVL_B*40:01,tcr662,0
immrep2626,KLYPFLWFA_A*02:01,tcr105,0
immrep2627,YENGSTPVL_B*40:01,tcr557,0
immrep2628,REDDYSVWL_B*40:01,tcr153,0
immrep2629,FLDCKSYIL_A*02:01,tcr220,0
immrep2630,FEAQPGALL_B*40:01,tcr821,0
immrep2631,MENWSALEL_B*40:01,tcr851,0
immrep2632,MTDYDYLEV_A*02:01,tcr878,0
immrep2633,HLDDYPYLM_A*02:01,tcr257,0
immrep2634,FEAQPGALL_B*40:01,tcr254,0
immrep2635,YLFNADIWI_A*02:01,tcr687,0
immrep2636,YENGSTPVL_B*40:01,tcr218,0
immrep2637,FEAQPGALL_B*40:01,tcr641,0
immrep2638,REDDYSVWL_B*40:01,tcr661,0
immrep2639,HLDDYPYLM_A*02:01,tcr792,0
immrep2640,YLFNADIWI_A*02:01,tcr373,0
immrep2641,YMFYDGYDV_A*02:01,tcr936,0
immrep2642,FEAQPGALL_B*40:01,tcr216,0
immrep2643,MTDYDYLEV_A*02:01,tcr459,0
immrep2644,YMFYDGYDV_A*02:01,tcr427,0
immrep2645,TVYPYGTSL_A*02:01,tcr961,0
immrep2646,SQFNWTIYL_A*02:01,tcr25,0
immrep2647,SEESAFYVL_B*40:01,tcr773,0
immrep2648,KLYPFLWFA_A*02:01,tcr249,0
immrep2649,YLFNADIWI_A*02:01,tcr946,0
immrep2650,KLYPFLWFA_A*02:01,tcr231,0
immrep2651,YENGSTPVL_B*40:01,tcr857,0
immrep2652,SQFNWTIYL_A*02:01,tcr68,0
immrep2653,GENALTYAL_B*40:01,tcr330,0
immrep2654,MEMPDYLLL_B*40:01,tcr726,0
immrep2655,ILMHATYFL_A*02:01,tcr992,0
immrep2656,HLDDYPYLM_A*02:01,tcr834,0
immrep2657,SEESAFYVL_B*40:01,tcr865,0
immrep2658,ILHTHVPEV_A*02:01,tcr792,0
immrep2659,REDDYSVWL_B*40:01,tcr145,0
immrep2660,MEMPDYLLL_B*40:01,tcr173,0
immrep2661,MEMPDYLLL_B*40:01,tcr582,0
immrep2662,MTDYDYLEV_A*02:01,tcr318,0
immrep2663,YLFNADIWI_A*02:01,tcr213,0
immrep2664,YEDGVIFYL_B*40:01,tcr704,0
immrep2665,KLYPFLWFA_A*02:01,tcr406,0
immrep2666,TVYPYGTSL_A*02:01,tcr935,0
immrep2667,HLDDYPYLM_A*02:01,tcr747,0
immrep2668,MEMPDYLLL_B*40:01,tcr914,0
immrep2669,MEMPDYLLL_B*40:01,tcr483,0
immrep2670,YESYIPGAL_B*40:01,tcr645,0
immrep2671,YLFNADIWI_A*02:01,tcr572,0
immrep2672,GEVLACYAL_B*40:01,tcr265,0
immrep2673,YMFYDGYDV_A*02:01,tcr822,0
immrep2674,MENWSALEL_B*40:01,tcr190,0
immrep2675,REDDYSVWL_B*40:01,tcr906,0
immrep2676,MENWSALEL_B*40:01,tcr823,0
immrep2677,FLDCKSYIL_A*02:01,tcr6,0
immrep2678,YEDGVIFYL_B*40:01,tcr759,0
immrep2679,MEMPDYLLL_B*40:01,tcr699,0
immrep2680,MEMPDYLLL_B*40:01,tcr885,0
immrep2681,YENGSTPVL_B*40:01,tcr364,0
immrep2682,SEESAFYVL_B*40:01,tcr127,0
immrep2683,MTDYDYLEV_A*02:01,tcr720,0
immrep2684,MEMPDYLLL_B*40:01,tcr447,0
immrep2685,SQFNWTIYL_A*02:01,tcr677,0
immrep2686,GENALTYAL_B*40:01,tcr870,0
immrep2687,YMFYDGYDV_A*02:01,tcr294,0
immrep2688,SEESAFYVL_B*40:01,tcr154,0
immrep2689,FEAQPGALL_B*40:01,tcr582,0
immrep2690,ILMHATYFL_A*02:01,tcr257,0
immrep2691,FEAQPGALL_B*40:01,tcr159,0
immrep2692,HLDDYPYLM_A*02:01,tcr305,0
immrep2693,REDDYSVWL_B*40:01,tcr466,0
immrep2694,MTDYDYLEV_A*02:01,tcr327,0
immrep2695,MEMPDYLLL_B*40:01,tcr773,0
immrep2696,FLDCKSYIL_A*02:01,tcr376,0
immrep2697,YLFNADIWI_A*02:01,tcr837,0
immrep2698,KLYPFLWFA_A*02:01,tcr358,0
immrep2699,YESYIPGAL_B*40:01,tcr407,0
immrep2700,KLYPFLWFA_A*02:01,tcr564,0
immrep2701,YENGSTPVL_B*40:01,tcr284,0
immrep2702,YEDGVIFYL_B*40:01,tcr660,0
immrep2703,GEVLACYAL_B*40:01,tcr77,0
immrep2704,YEDGVIFYL_B*40:01,tcr203,0
immrep2705,FLDCKSYIL_A*02:01,tcr24,0
immrep2706,ILMHATYFL_A*02:01,tcr589,0
immrep2707,YMFYDGYDV_A*02:01,tcr416,0
immrep2708,GENALTYAL_B*40:01,tcr47,0
immrep2709,FEAQPGALL_B*40:01,tcr755,0
immrep2710,ILMHATYFL_A*02:01,tcr632,0
immrep2711,GENALTYAL_B*40:01,tcr532,0
immrep2712,YESYIPGAL_B*40:01,tcr101,0
immrep2713,MTDYDYLEV_A*02:01,tcr163,0
immrep2714,TVYPYGTSL_A*02:01,tcr760,0
immrep2715,YESYIPGAL_B*40:01,tcr542,0
immrep2716,YESYIPGAL_B*40:01,tcr298,0
immrep2717,HLDDYPYLM_A*02:01,tcr75,0
immrep2718,HLDDYPYLM_A*02:01,tcr12,0
immrep2719,HLDDYPYLM_A*02:01,tcr950,0
immrep2720,ILHTHVPEV_A*02:01,tcr166,0
immrep2721,YENGSTPVL_B*40:01,tcr723,0
immrep2722,YLFNADIWI_A*02:01,tcr360,0
immrep2723,YMFYDGYDV_A*02:01,tcr522,0
immrep2724,YMFYDGYDV_A*02:01,tcr87,0
immrep2725,MTDYDYLEV_A*02:01,tcr182,0
immrep2726,ILHTHVPEV_A*02:01,tcr794,0
immrep2727,YEDGVIFYL_B*40:01,tcr350,0
immrep2728,MEMPDYLLL_B*40:01,tcr453,0
immrep2729,MENWSALEL_B*40:01,tcr886,0
immrep2730,GEVLACYAL_B*40:01,tcr565,0
immrep2731,MEMPDYLLL_B*40:01,tcr889,0
immrep2732,FEAQPGALL_B*40:01,tcr845,0
immrep2733,YEDGVIFYL_B*40:01,tcr628,0
immrep2734,SQFNWTIYL_A*02:01,tcr459,0
immrep2735,TVYPYGTSL_A*02:01,tcr722,0
immrep2736,MENWSALEL_B*40:01,tcr146,0
immrep2737,GEVLACYAL_B*40:01,tcr191,0
immrep2738,YESYIPGAL_B*40:01,tcr90,0
immrep2739,YLFNADIWI_A*02:01,tcr255,0
immrep2740,MEMPDYLLL_B*40:01,tcr571,0
immrep2741,GEVLACYAL_B*40:01,tcr527,0
immrep2742,HLDDYPYLM_A*02:01,tcr750,0
immrep2743,SEESAFYVL_B*40:01,tcr610,0
immrep2744,TVYPYGTSL_A*02:01,tcr414,0
immrep2745,YESYIPGAL_B*40:01,tcr674,0
immrep2746,MTDYDYLEV_A*02:01,tcr340,0
immrep2747,TVYPYGTSL_A*02:01,tcr408,0
immrep2748,MEMPDYLLL_B*40:01,tcr405,0
immrep2749,TVYPYGTSL_A*02:01,tcr534,0
immrep2750,YESYIPGAL_B*40:01,tcr540,0
immrep2751,YEDGVIFYL_B*40:01,tcr223,0
immrep2752,ILHTHVPEV_A*02:01,tcr266,0
immrep2753,FLDCKSYIL_A*02:01,tcr232,0
immrep2754,YMFYDGYDV_A*02:01,tcr891,0
immrep2755,YEDGVIFYL_B*40:01,tcr284,0
immrep2756,KLYPFLWFA_A*02:01,tcr984,0
immrep2757,GENALTYAL_B*40:01,tcr565,0
immrep2758,SEESAFYVL_B*40:01,tcr867,0
immrep2759,KLYPFLWFA_A*02:01,tcr879,0
immrep2760,TVYPYGTSL_A*02:01,tcr786,0
immrep2761,TVYPYGTSL_A*02:01,tcr971,0
immrep2762,SQFNWTIYL_A*02:01,tcr87,0
immrep2763,SEESAFYVL_B*40:01,tcr893,0
immrep2764,YLFNADIWI_A*02:01,tcr967,0
immrep2765,MTDYDYLEV_A*02:01,tcr89,0
immrep2766,SQFNWTIYL_A*02:01,tcr304,0
immrep2767,KLYPFLWFA_A*02:01,tcr751,0
immrep2768,HLDDYPYLM_A*02:01,tcr30,0
immrep2769,SQFNWTIYL_A*02:01,tcr907,0
immrep2770,GENALTYAL_B*40:01,tcr28,0
immrep2771,FEAQPGALL_B*40:01,tcr13,0
immrep2772,REDDYSVWL_B*40:01,tcr92,0
immrep2773,MTDYDYLEV_A*02:01,tcr794,0
immrep2774,REDDYSVWL_B*40:01,tcr951,0
immrep2775,FEAQPGALL_B*40:01,tcr528,0
immrep2776,YENGSTPVL_B*40:01,tcr884,0
immrep2777,MTDYDYLEV_A*02:01,tcr709,0
immrep2778,REDDYSVWL_B*40:01,tcr757,0
immrep2779,YENGSTPVL_B*40:01,tcr155,0
immrep2780,YMFYDGYDV_A*02:01,tcr852,0
immrep2781,HLDDYPYLM_A*02:01,tcr403,0
immrep2782,YEDGVIFYL_B*40:01,tcr821,0
immrep2783,ILMHATYFL_A*02:01,tcr422,0
immrep2784,YEDGVIFYL_B*40:01,tcr282,0
immrep2785,GENALTYAL_B*40:01,tcr523,0
immrep2786,MTDYDYLEV_A*02:01,tcr288,0
immrep2787,ILHTHVPEV_A*02:01,tcr213,0
immrep2788,TVYPYGTSL_A*02:01,tcr215,0
immrep2789,ILMHATYFL_A*02:01,tcr530,0
immrep2790,MENWSALEL_B*40:01,tcr196,0
immrep2791,YESYIPGAL_B*40:01,tcr282,0
immrep2792,YENGSTPVL_B*40:01,tcr652,0
immrep2793,KLYPFLWFA_A*02:01,tcr514,0
immrep2794,GENALTYAL_B*40:01,tcr452,0
immrep2795,TVYPYGTSL_A*02:01,tcr140,0
immrep2796,KLYPFLWFA_A*02:01,tcr895,0
immrep2797,REDDYSVWL_B*40:01,tcr475,0
immrep2798,YENGSTPVL_B*40:01,tcr876,0
immrep2799,HLDDYPYLM_A*02:01,tcr471,0
immrep2800,YENGSTPVL_B*40:01,tcr886,0
immrep2801,ILMHATYFL_A*02:01,tcr862,0
immrep2802,MENWSALEL_B*40:01,tcr546,0
immrep2803,GEVLACYAL_B*40:01,tcr515,0
immrep2804,TVYPYGTSL_A*02:01,tcr877,0
immrep2805,GEVLACYAL_B*40:01,tcr982,0
immrep2806,YMFYDGYDV_A*02:01,tcr400,0
immrep2807,GENALTYAL_B*40:01,tcr905,0
immrep2808,MENWSALEL_B*40:01,tcr611,0
immrep2809,ILHTHVPEV_A*02:01,tcr65,0
immrep2810,YLFNADIWI_A*02:01,tcr352,0
immrep2811,MEMPDYLLL_B*40:01,tcr846,0
immrep2812,FLDCKSYIL_A*02:01,tcr956,0
immrep2813,FEAQPGALL_B*40:01,tcr969,0
immrep2814,FLDCKSYIL_A*02:01,tcr754,0
immrep2815,YMFYDGYDV_A*02:01,tcr478,0
immrep2816,REDDYSVWL_B*40:01,tcr675,0
immrep2817,FEAQPGALL_B*40:01,tcr739,0
immrep2818,ILHTHVPEV_A*02:01,tcr554,0
immrep2819,MTDYDYLEV_A*02:01,tcr848,0
immrep2820,MENWSALEL_B*40:01,tcr32,0
immrep2821,ILHTHVPEV_A*02:01,tcr836,0
immrep2822,YMFYDGYDV_A*02:01,tcr401,0
immrep2823,GENALTYAL_B*40:01,tcr284,0
immrep2824,MEMPDYLLL_B*40:01,tcr508,0
immrep2825,HLDDYPYLM_A*02:01,tcr266,0
immrep2826,YEDGVIFYL_B*40:01,tcr886,0
immrep2827,YENGSTPVL_B*40:01,tcr995,0
immrep2828,ILMHATYFL_A*02:01,tcr594,0
immrep2829,YEDGVIFYL_B*40:01,tcr470,0
immrep2830,REDDYSVWL_B*40:01,tcr831,0
immrep2831,REDDYSVWL_B*40:01,tcr204,0
immrep2832,HLDDYPYLM_A*02:01,tcr806,0
immrep2833,FLDCKSYIL_A*02:01,tcr543,0
immrep2834,MENWSALEL_B*40:01,tcr517,0
immrep2835,KLYPFLWFA_A*02:01,tcr942,0
immrep2836,YESYIPGAL_B*40:01,tcr326,0
immrep2837,SEESAFYVL_B*40:01,tcr625,0
immrep2838,SEESAFYVL_B*40:01,tcr674,0
immrep2839,ILMHATYFL_A*02:01,tcr706,0
immrep2840,ILHTHVPEV_A*02:01,tcr336,0
immrep2841,ILHTHVPEV_A*02:01,tcr377,0
immrep2842,KLYPFLWFA_A*02:01,tcr69,0
immrep2843,SQFNWTIYL_A*02:01,tcr138,0
immrep2844,YLFNADIWI_A*02:01,tcr123,0
immrep2845,ILHTHVPEV_A*02:01,tcr787,0
immrep2846,REDDYSVWL_B*40:01,tcr474,0
immrep2847,ILMHATYFL_A*02:01,tcr650,0
immrep2848,MEMPDYLLL_B*40:01,tcr469,0
immrep2849,MENWSALEL_B*40:01,tcr941,0
immrep2850,YMFYDGYDV_A*02:01,tcr754,0
immrep2851,ILHTHVPEV_A*02:01,tcr39,0
immrep2852,GENALTYAL_B*40:01,tcr960,0
immrep2853,MTDYDYLEV_A*02:01,tcr69,0
immrep2854,ILMHATYFL_A*02:01,tcr313,0
immrep2855,SEESAFYVL_B*40:01,tcr114,0
immrep2856,GEVLACYAL_B*40:01,tcr566,0
immrep2857,ILMHATYFL_A*02:01,tcr556,0
immrep2858,MEMPDYLLL_B*40:01,tcr989,0
immrep2859,ILMHATYFL_A*02:01,tcr754,0
immrep2860,KLYPFLWFA_A*02:01,tcr168,0
immrep2861,MENWSALEL_B*40:01,tcr987,0
immrep2862,YLFNADIWI_A*02:01,tcr795,0
immrep2863,KLYPFLWFA_A*02:01,tcr378,0
immrep2864,GEVLACYAL_B*40:01,tcr880,0
immrep2865,YEDGVIFYL_B*40:01,tcr679,0
immrep2866,SEESAFYVL_B*40:01,tcr284,0
immrep2867,YEDGVIFYL_B*40:01,tcr235,0
immrep2868,HLDDYPYLM_A*02:01,tcr18,0
immrep2869,FEAQPGALL_B*40:01,tcr611,0
immrep2870,YENGSTPVL_B*40:01,tcr982,0
immrep2871,TVYPYGTSL_A*02:01,tcr805,0
immrep2872,YEDGVIFYL_B*40:01,tcr517,0
immrep2873,KLYPFLWFA_A*02:01,tcr927,0
immrep2874,KLYPFLWFA_A*02:01,tcr762,0
immrep2875,KLYPFLWFA_A*02:01,tcr671,0
immrep2876,HLDDYPYLM_A*02:01,tcr214,0
immrep2877,FLDCKSYIL_A*02:01,tcr340,0
immrep2878,HLDDYPYLM_A*02:01,tcr6,0
immrep2879,YEDGVIFYL_B*40:01,tcr317,0
immrep2880,TVYPYGTSL_A*02:01,tcr531,0
immrep2881,REDDYSVWL_B*40:01,tcr584,0
immrep2882,MEMPDYLLL_B*40:01,tcr529,0
immrep2883,ILMHATYFL_A*02:01,tcr408,0
immrep2884,GENALTYAL_B*40:01,tcr941,0
immrep2885,ILMHATYFL_A*02:01,tcr372,0
immrep2886,YMFYDGYDV_A*02:01,tcr962,0
immrep2887,ILMHATYFL_A*02:01,tcr729,0
immrep2888,YLFNADIWI_A*02:01,tcr137,0
immrep2889,YMFYDGYDV_A*02:01,tcr43,0
immrep2890,FEAQPGALL_B*40:01,tcr223,0
immrep2891,MENWSALEL_B*40:01,tcr102,0
immrep2892,SQFNWTIYL_A*02:01,tcr553,0
immrep2893,YESYIPGAL_B*40:01,tcr611,0
immrep2894,SQFNWTIYL_A*02:01,tcr121,0
immrep2895,GENALTYAL_B*40:01,tcr823,0
immrep2896,YLFNADIWI_A*02:01,tcr543,0
immrep2897,REDDYSVWL_B*40:01,tcr444,0
immrep2898,ILHTHVPEV_A*02:01,tcr653,0
immrep2899,HLDDYPYLM_A*02:01,tcr879,0
immrep2900,MTDYDYLEV_A*02:01,tcr622,0
immrep2901,ILHTHVPEV_A*02:01,tcr860,0
immrep2902,SQFNWTIYL_A*02:01,tcr687,0
immrep2903,YLFNADIWI_A*02:01,tcr748,0
immrep2904,YESYIPGAL_B*40:01,tcr602,0
immrep2905,MTDYDYLEV_A*02:01,tcr980,0
immrep2906,GENALTYAL_B*40:01,tcr118,0
immrep2907,YEDGVIFYL_B*40:01,tcr136,0
immrep2908,YLFNADIWI_A*02:01,tcr555,0
immrep2909,FLDCKSYIL_A*02:01,tcr120,0
immrep2910,YLFNADIWI_A*02:01,tcr729,0
immrep2911,YLFNADIWI_A*02:01,tcr20,0
immrep2912,REDDYSVWL_B*40:01,tcr699,0
immrep2913,YMFYDGYDV_A*02:01,tcr944,0
immrep2914,GEVLACYAL_B*40:01,tcr348,0
immrep2915,ILMHATYFL_A*02:01,tcr791,0
immrep2916,FLDCKSYIL_A*02:01,tcr861,0
immrep2917,ILHTHVPEV_A*02:01,tcr375,0
immrep2918,YMFYDGYDV_A*02:01,tcr412,0
immrep2919,FEAQPGALL_B*40:01,tcr200,0
immrep2920,ILHTHVPEV_A*02:01,tcr918,0
immrep2921,GENALTYAL_B*40:01,tcr866,0
immrep2922,REDDYSVWL_B*40:01,tcr656,0
immrep2923,ILHTHVPEV_A*02:01,tcr63,0
immrep2924,GENALTYAL_B*40:01,tcr425,0
immrep2925,REDDYSVWL_B*40:01,tcr457,0
immrep2926,YMFYDGYDV_A*02:01,tcr638,0
immrep2927,MEMPDYLLL_B*40:01,tcr865,0
immrep2928,YMFYDGYDV_A*02:01,tcr137,0
immrep2929,MENWSALEL_B*40:01,tcr684,0
immrep2930,HLDDYPYLM_A*02:01,tcr974,0
immrep2931,SQFNWTIYL_A*02:01,tcr750,0
immrep2932,YENGSTPVL_B*40:01,tcr546,0
immrep2933,GENALTYAL_B*40:01,tcr781,0
immrep2934,TVYPYGTSL_A*02:01,tcr664,0
immrep2935,KLYPFLWFA_A*02:01,tcr370,0
immrep2936,YMFYDGYDV_A*02:01,tcr848,0
immrep2937,FLDCKSYIL_A*02:01,tcr380,0
immrep2938,FEAQPGALL_B*40:01,tcr458,0
immrep2939,MENWSALEL_B*40:01,tcr504,0
immrep2940,GENALTYAL_B*40:01,tcr923,0
immrep2941,YEDGVIFYL_B*40:01,tcr844,0
immrep2942,GEVLACYAL_B*40:01,tcr767,0
immrep2943,FLDCKSYIL_A*02:01,tcr918,0
immrep2944,YESYIPGAL_B*40:01,tcr582,0
immrep2945,YESYIPGAL_B*40:01,tcr484,0
immrep2946,GENALTYAL_B*40:01,tcr236,0
immrep2947,GEVLACYAL_B*40:01,tcr67,0
immrep2948,YEDGVIFYL_B*40:01,tcr985,0
immrep2949,YMFYDGYDV_A*02:01,tcr3,0
immrep2950,MEMPDYLLL_B*40:01,tcr659,0
immrep2951,YEDGVIFYL_B*40:01,tcr171,0
immrep2952,YEDGVIFYL_B*40:01,tcr519,0
immrep2953,FEAQPGALL_B*40:01,tcr67,0
immrep2954,FEAQPGALL_B*40:01,tcr770,0
immrep2955,GENALTYAL_B*40:01,tcr662,0
immrep2956,MEMPDYLLL_B*40:01,tcr181,0
immrep2957,YESYIPGAL_B*40:01,tcr900,0
immrep2958,YEDGVIFYL_B*40:01,tcr968,0
immrep2959,MTDYDYLEV_A*02:01,tcr998,0
immrep2960,SEESAFYVL_B*40:01,tcr551,0
immrep2961,ILMHATYFL_A*02:01,tcr578,0
immrep2962,GENALTYAL_B*40:01,tcr131,0
immrep2963,ILHTHVPEV_A*02:01,tcr432,0
immrep2964,HLDDYPYLM_A*02:01,tcr226,0
immrep2965,YLFNADIWI_A*02:01,tcr539,0
immrep2966,YENGSTPVL_B*40:01,tcr405,0
immrep2967,GENALTYAL_B*40:01,tcr886,0
immrep2968,YEDGVIFYL_B*40:01,tcr780,0
immrep2969,GENALTYAL_B*40:01,tcr810,0
immrep2970,FEAQPGALL_B*40:01,tcr584,0
immrep2971,SQFNWTIYL_A*02:01,tcr50,0
immrep2972,MTDYDYLEV_A*02:01,tcr143,0
immrep2973,TVYPYGTSL_A*02:01,tcr740,0
immrep2974,GEVLACYAL_B*40:01,tcr55,0
immrep2975,YESYIPGAL_B*40:01,tcr312,0
immrep2976,MEMPDYLLL_B*40:01,tcr945,0
immrep2977,FLDCKSYIL_A*02:01,tcr779,0
immrep2978,KLYPFLWFA_A*02:01,tcr369,0
immrep2979,MTDYDYLEV_A*02:01,tcr974,0
immrep2980,REDDYSVWL_B*40:01,tcr693,0
immrep2981,KLYPFLWFA_A*02:01,tcr934,0
immrep2982,SQFNWTIYL_A*02:01,tcr492,0
immrep2983,TVYPYGTSL_A*02:01,tcr677,0
immrep2984,YLFNADIWI_A*02:01,tcr408,0
immrep2985,YESYIPGAL_B*40:01,tcr118,0
immrep2986,GENALTYAL_B*40:01,tcr828,0
immrep2987,GEVLACYAL_B*40:01,tcr782,0
immrep2988,YESYIPGAL_B*40:01,tcr941,0
immrep2989,YMFYDGYDV_A*02:01,tcr309,0
immrep2990,ILHTHVPEV_A*02:01,tcr16,0
immrep2991,SEESAFYVL_B*40:01,tcr225,0
immrep2992,MEMPDYLLL_B*40:01,tcr592,0
immrep2993,ILMHATYFL_A*02:01,tcr583,0
immrep2994,KLYPFLWFA_A*02:01,tcr185,0
immrep2995,GENALTYAL_B*40:01,tcr246,0
immrep2996,MEMPDYLLL_B*40:01,tcr669,0
immrep2997,HLDDYPYLM_A*02:01,tcr210,0
immrep2998,FLDCKSYIL_A*02:01,tcr162,0
immrep2999,YMFYDGYDV_A*02:01,tcr832,0
immrep3000,YEDGVIFYL_B*40:01,tcr580,0
immrep3001,ILMHATYFL_A*02:01,tcr403,0
immrep3002,YLFNADIWI_A*02:01,tcr256,0
immrep3003,HLDDYPYLM_A*02:01,tcr397,0
immrep3004,YENGSTPVL_B*40:01,tcr929,0
immrep3005,YENGSTPVL_B*40:01,tcr770,0
immrep3006,YENGSTPVL_B*40:01,tcr431,0
immrep3007,YESYIPGAL_B*40:01,tcr571,0
immrep3008,YEDGVIFYL_B*40:01,tcr761,0
immrep3009,YLFNADIWI_A*02:01,tcr576,0
immrep3010,HLDDYPYLM_A*02:01,tcr21,0
immrep3011,GEVLACYAL_B*40:01,tcr86,0
immrep3012,YMFYDGYDV_A*02:01,tcr809,0
immrep3013,KLYPFLWFA_A*02:01,tcr497,0
immrep3014,MEMPDYLLL_B*40:01,tcr627,0
immrep3015,REDDYSVWL_B*40:01,tcr2,0
immrep3016,YENGSTPVL_B*40:01,tcr274,0
immrep3017,MENWSALEL_B*40:01,tcr51,0
immrep3018,GENALTYAL_B*40:01,tcr190,0
immrep3019,MEMPDYLLL_B*40:01,tcr597,0
immrep3020,SEESAFYVL_B*40:01,tcr888,0
immrep3021,YEDGVIFYL_B*40:01,tcr195,0
immrep3022,SQFNWTIYL_A*02:01,tcr963,0
immrep3023,GENALTYAL_B*40:01,tcr351,0
immrep3024,YENGSTPVL_B*40:01,tcr504,0
immrep3025,SQFNWTIYL_A*02:01,tcr710,0
immrep3026,YLFNADIWI_A*02:01,tcr921,0
immrep3027,FLDCKSYIL_A*02:01,tcr1,0
immrep3028,MENWSALEL_B*40:01,tcr547,0
immrep3029,KLYPFLWFA_A*02:01,tcr440,0
immrep3030,HLDDYPYLM_A*02:01,tcr702,0
immrep3031,YLFNADIWI_A*02:01,tcr231,0
immrep3032,GENALTYAL_B*40:01,tcr712,0
immrep3033,YESYIPGAL_B*40:01,tcr273,0
immrep3034,YESYIPGAL_B*40:01,tcr450,0
immrep3035,ILHTHVPEV_A*02:01,tcr961,0
immrep3036,YMFYDGYDV_A*02:01,tcr257,0
immrep3037,GEVLACYAL_B*40:01,tcr413,0
immrep3038,GEVLACYAL_B*40:01,tcr444,0
immrep3039,FLDCKSYIL_A*02:01,tcr287,0
immrep3040,MENWSALEL_B*40:01,tcr19,0
immrep3041,SQFNWTIYL_A*02:01,tcr860,0
immrep3042,MENWSALEL_B*40:01,tcr646,0
immrep3043,KLYPFLWFA_A*02:01,tcr184,0
immrep3044,SEESAFYVL_B*40:01,tcr398,0
immrep3045,YENGSTPVL_B*40:01,tcr827,0
immrep3046,GEVLACYAL_B*40:01,tcr96,0
immrep3047,YLFNADIWI_A*02:01,tcr23,0
immrep3048,KLYPFLWFA_A*02:01,tcr794,0
immrep3049,ILMHATYFL_A*02:01,tcr451,0
immrep3050,SEESAFYVL_B*40:01,tcr118,0
immrep3051,ILHTHVPEV_A*02:01,tcr331,0
immrep3052,YENGSTPVL_B*40:01,tcr326,0
immrep3053,HLDDYPYLM_A*02:01,tcr877,0
immrep3054,FEAQPGALL_B*40:01,tcr645,0
immrep3055,GENALTYAL_B*40:01,tcr819,0
immrep3056,YESYIPGAL_B*40:01,tcr768,0
immrep3057,SEESAFYVL_B*40:01,tcr696,0
immrep3058,YLFNADIWI_A*02:01,tcr939,0
immrep3059,SQFNWTIYL_A*02:01,tcr832,0
immrep3060,ILHTHVPEV_A*02:01,tcr357,0
immrep3061,YEDGVIFYL_B*40:01,tcr641,0
immrep3062,FLDCKSYIL_A*02:01,tcr242,0
immrep3063,FEAQPGALL_B*40:01,tcr929,0
immrep3064,FLDCKSYIL_A*02:01,tcr940,0
immrep3065,FEAQPGALL_B*40:01,tcr467,0
immrep3066,YENGSTPVL_B*40:01,tcr254,0
immrep3067,FLDCKSYIL_A*02:01,tcr605,0
immrep3068,YEDGVIFYL_B*40:01,tcr298,0
immrep3069,MTDYDYLEV_A*02:01,tcr548,0
immrep3070,FLDCKSYIL_A*02:01,tcr545,0
immrep3071,MTDYDYLEV_A*02:01,tcr87,0
immrep3072,YESYIPGAL_B*40:01,tcr81,0
immrep3073,YESYIPGAL_B*40:01,tcr955,0
immrep3074,MTDYDYLEV_A*02:01,tcr382,0
immrep3075,TVYPYGTSL_A*02:01,tcr440,0
immrep3076,GEVLACYAL_B*40:01,tcr608,0
immrep3077,FEAQPGALL_B*40:01,tcr990,0
immrep3078,REDDYSVWL_B*40:01,tcr116,0
immrep3079,MENWSALEL_B*40:01,tcr995,0
immrep3080,FLDCKSYIL_A*02:01,tcr48,0
immrep3081,SEESAFYVL_B*40:01,tcr755,0
immrep3082,HLDDYPYLM_A*02:01,tcr394,0
immrep3083,TVYPYGTSL_A*02:01,tcr25,0
immrep3084,YEDGVIFYL_B*40:01,tcr404,0
immrep3085,MENWSALEL_B*40:01,tcr393,0
immrep3086,SQFNWTIYL_A*02:01,tcr711,0
immrep3087,YEDGVIFYL_B*40:01,tcr871,0
immrep3088,GEVLACYAL_B*40:01,tcr704,0
immrep3089,MENWSALEL_B*40:01,tcr904,0
immrep3090,REDDYSVWL_B*40:01,tcr647,0
immrep3091,YENGSTPVL_B*40:01,tcr801,0
immrep3092,MEMPDYLLL_B*40:01,tcr339,0
immrep3093,MTDYDYLEV_A*02:01,tcr526,0
immrep3094,GENALTYAL_B*40:01,tcr883,0
immrep3095,GENALTYAL_B*40:01,tcr456,0
immrep3096,ILHTHVPEV_A*02:01,tcr24,0
immrep3097,KLYPFLWFA_A*02:01,tcr522,0
immrep3098,FEAQPGALL_B*40:01,tcr282,0
immrep3099,SQFNWTIYL_A*02:01,tcr135,0
immrep3100,YMFYDGYDV_A*02:01,tcr250,0
immrep3101,REDDYSVWL_B*40:01,tcr825,0
immrep3102,TVYPYGTSL_A*02:01,tcr434,0
immrep3103,ILHTHVPEV_A*02:01,tcr747,0
immrep3104,FLDCKSYIL_A*02:01,tcr510,0
immrep3105,SEESAFYVL_B*40:01,tcr607,0
immrep3106,REDDYSVWL_B*40:01,tcr19,0
immrep3107,REDDYSVWL_B*40:01,tcr312,0
immrep3108,MTDYDYLEV_A*02:01,tcr201,0
immrep3109,GENALTYAL_B*40:01,tcr262,0
immrep3110,FLDCKSYIL_A*02:01,tcr744,0
immrep3111,YENGSTPVL_B*40:01,tcr593,0
immrep3112,YLFNADIWI_A*02:01,tcr992,0
immrep3113,YMFYDGYDV_A*02:01,tcr394,0
immrep3114,MENWSALEL_B*40:01,tcr484,0
immrep3115,YEDGVIFYL_B*40:01,tcr955,0
immrep3116,TVYPYGTSL_A*02:01,tcr509,0
immrep3117,HLDDYPYLM_A*02:01,tcr111,0
immrep3118,YLFNADIWI_A*02:01,tcr166,0
immrep3119,REDDYSVWL_B*40:01,tcr755,0
immrep3120,ILHTHVPEV_A*02:01,tcr613,0
immrep3121,MEMPDYLLL_B*40:01,tcr421,0
immrep3122,MEMPDYLLL_B*40:01,tcr768,0
immrep3123,REDDYSVWL_B*40:01,tcr155,0
immrep3124,MTDYDYLEV_A*02:01,tcr338,0
immrep3125,SEESAFYVL_B*40:01,tcr32,0
immrep3126,SEESAFYVL_B*40:01,tcr100,0
immrep3127,GENALTYAL_B*40:01,tcr753,0
immrep3128,MEMPDYLLL_B*40:01,tcr219,0
immrep3129,REDDYSVWL_B*40:01,tcr887,0
immrep3130,YENGSTPVL_B*40:01,tcr282,0
immrep3131,TVYPYGTSL_A*02:01,tcr306,0
immrep3132,SEESAFYVL_B*40:01,tcr55,0
immrep3133,TVYPYGTSL_A*02:01,tcr864,0
immrep3134,GENALTYAL_B*40:01,tcr799,0
immrep3135,YESYIPGAL_B*40:01,tcr188,0
immrep3136,YESYIPGAL_B*40:01,tcr34,0
immrep3137,YEDGVIFYL_B*40:01,tcr533,0
immrep3138,YENGSTPVL_B*40:01,tcr772,0
immrep3139,REDDYSVWL_B*40:01,tcr47,0
immrep3140,YLFNADIWI_A*02:01,tcr63,0
immrep3141,KLYPFLWFA_A*02:01,tcr117,0
immrep3142,YLFNADIWI_A*02:01,tcr61,0
immrep3143,MTDYDYLEV_A*02:01,tcr685,0
immrep3144,YEDGVIFYL_B*40:01,tcr520,0
immrep3145,TVYPYGTSL_A*02:01,tcr94,0
immrep3146,MTDYDYLEV_A*02:01,tcr578,0
immrep3147,MTDYDYLEV_A*02:01,tcr862,0
immrep3148,MEMPDYLLL_B*40:01,tcr986,0
immrep3149,ILHTHVPEV_A*02:01,tcr356,0
immrep3150,REDDYSVWL_B*40:01,tcr300,0
immrep3151,KLYPFLWFA_A*02:01,tcr711,0
immrep3152,YEDGVIFYL_B*40:01,tcr485,0
immrep3153,YEDGVIFYL_B*40:01,tcr587,0
immrep3154,MENWSALEL_B*40:01,tcr173,0
immrep3155,FEAQPGALL_B*40:01,tcr727,0
immrep3156,TVYPYGTSL_A*02:01,tcr222,0
immrep3157,TVYPYGTSL_A*02:01,tcr417,0
immrep3158,FLDCKSYIL_A*02:01,tcr61,0
immrep3159,GEVLACYAL_B*40:01,tcr463,0
immrep3160,GEVLACYAL_B*40:01,tcr851,0
immrep3161,MTDYDYLEV_A*02:01,tcr349,0
immrep3162,YESYIPGAL_B*40:01,tcr562,0
immrep3163,SEESAFYVL_B*40:01,tcr456,0
immrep3164,FEAQPGALL_B*40:01,tcr757,0
immrep3165,YESYIPGAL_B*40:01,tcr436,0
immrep3166,YENGSTPVL_B*40:01,tcr152,0
immrep3167,ILMHATYFL_A*02:01,tcr106,0
immrep3168,GENALTYAL_B*40:01,tcr972,0
immrep3169,MTDYDYLEV_A*02:01,tcr651,0
immrep3170,SQFNWTIYL_A*02:01,tcr4,0
immrep3171,YMFYDGYDV_A*02:01,tcr281,0
immrep3172,YEDGVIFYL_B*40:01,tcr949,0
immrep3173,MENWSALEL_B*40:01,tcr450,0
immrep3174,YEDGVIFYL_B*40:01,tcr889,0
immrep3175,MTDYDYLEV_A*02:01,tcr449,0
immrep3176,SEESAFYVL_B*40:01,tcr513,0
immrep3177,YESYIPGAL_B*40:01,tcr244,0
immrep3178,HLDDYPYLM_A*02:01,tcr572,0
immrep3179,MENWSALEL_B*40:01,tcr712,0
immrep3180,SQFNWTIYL_A*02:01,tcr744,0
immrep3181,FLDCKSYIL_A*02:01,tcr368,0
immrep3182,YESYIPGAL_B*40:01,tcr40,0
immrep3183,MTDYDYLEV_A*02:01,tcr324,0
immrep3184,FEAQPGALL_B*40:01,tcr675,0
immrep3185,YEDGVIFYL_B*40:01,tcr896,0
immrep3186,GENALTYAL_B*40:01,tcr937,0
immrep3187,FEAQPGALL_B*40:01,tcr246,0
immrep3188,YEDGVIFYL_B*40:01,tcr28,0
immrep3189,HLDDYPYLM_A*02:01,tcr93,0
immrep3190,MENWSALEL_B*40:01,tcr495,0
immrep3191,TVYPYGTSL_A*02:01,tcr766,0
immrep3192,YMFYDGYDV_A*02:01,tcr694,0
immrep3193,YMFYDGYDV_A*02:01,tcr939,0
immrep3194,MEMPDYLLL_B*40:01,tcr211,0
immrep3195,YESYIPGAL_B*40:01,tcr233,0
immrep3196,YEDGVIFYL_B*40:01,tcr70,0
immrep3197,REDDYSVWL_B*40:01,tcr780,0
immrep3198,FEAQPGALL_B*40:01,tcr975,0
immrep3199,FEAQPGALL_B*40:01,tcr898,0
immrep3200,SQFNWTIYL_A*02:01,tcr341,0
immrep3201,GENALTYAL_B*40:01,tcr575,0
immrep3202,SQFNWTIYL_A*02:01,tcr509,0
immrep3203,YESYIPGAL_B*40:01,tcr827,0
immrep3204,GEVLACYAL_B*40:01,tcr15,0
immrep3205,ILHTHVPEV_A*02:01,tcr786,0
immrep3206,REDDYSVWL_B*40:01,tcr154,0
immrep3207,ILHTHVPEV_A*02:01,tcr760,0
immrep3208,YENGSTPVL_B*40:01,tcr8,0
immrep3209,HLDDYPYLM_A*02:01,tcr138,0
immrep3210,ILMHATYFL_A*02:01,tcr715,0
immrep3211,YENGSTPVL_B*40:01,tcr902,0
immrep3212,REDDYSVWL_B*40:01,tcr219,0
immrep3213,KLYPFLWFA_A*02:01,tcr30,0
immrep3214,YLFNADIWI_A*02:01,tcr497,0
immrep3215,SEESAFYVL_B*40:01,tcr972,0
immrep3216,GEVLACYAL_B*40:01,tcr148,0
immrep3217,YESYIPGAL_B*40:01,tcr247,0
immrep3218,FEAQPGALL_B*40:01,tcr660,0
immrep3219,MENWSALEL_B*40:01,tcr537,0
immrep3220,MTDYDYLEV_A*02:01,tcr341,0
immrep3221,YEDGVIFYL_B*40:01,tcr723,0
immrep3222,YLFNADIWI_A*02:01,tcr347,0
immrep3223,MENWSALEL_B*40:01,tcr322,0
immrep3224,GENALTYAL_B*40:01,tcr628,0
immrep3225,YEDGVIFYL_B*40:01,tcr902,0
immrep3226,MTDYDYLEV_A*02:01,tcr141,0
immrep3227,MEMPDYLLL_B*40:01,tcr189,0
immrep3228,YLFNADIWI_A*02:01,tcr983,0
immrep3229,MTDYDYLEV_A*02:01,tcr50,0
immrep3230,MENWSALEL_B*40:01,tcr132,0
immrep3231,FEAQPGALL_B*40:01,tcr431,0
immrep3232,GENALTYAL_B*40:01,tcr273,0
immrep3233,YEDGVIFYL_B*40:01,tcr728,0
immrep3234,GENALTYAL_B*40:01,tcr227,0
immrep3235,REDDYSVWL_B*40:01,tcr470,0
immrep3236,MEMPDYLLL_B*40:01,tcr517,0
immrep3237,YEDGVIFYL_B*40:01,tcr444,0
immrep3238,YMFYDGYDV_A*02:01,tcr964,0
immrep3239,YEDGVIFYL_B*40:01,tcr909,0
immrep3240,YEDGVIFYL_B*40:01,tcr104,0
immrep3241,HLDDYPYLM_A*02:01,tcr589,0
immrep3242,ILHTHVPEV_A*02:01,tcr578,0
immrep3243,YESYIPGAL_B*40:01,tcr625,0
immrep3244,ILMHATYFL_A*02:01,tcr539,0
immrep3245,YENGSTPVL_B*40:01,tcr916,0
immrep3246,YESYIPGAL_B*40:01,tcr519,0
immrep3247,YEDGVIFYL_B*40:01,tcr884,0
immrep3248,FLDCKSYIL_A*02:01,tcr336,0
immrep3249,MEMPDYLLL_B*40:01,tcr452,0
immrep3250,GENALTYAL_B*40:01,tcr35,0
immrep3251,REDDYSVWL_B*40:01,tcr608,0
immrep3252,FLDCKSYIL_A*02:01,tcr87,0
immrep3253,YMFYDGYDV_A*02:01,tcr71,0
immrep3254,FEAQPGALL_B*40:01,tcr474,0
immrep3255,MTDYDYLEV_A*02:01,tcr687,0
immrep3256,YLFNADIWI_A*02:01,tcr271,0
immrep3257,SEESAFYVL_B*40:01,tcr62,0
immrep3258,MENWSALEL_B*40:01,tcr599,0
immrep3259,YLFNADIWI_A*02:01,tcr993,0
immrep3260,YMFYDGYDV_A*02:01,tcr553,0
immrep3261,GENALTYAL_B*40:01,tcr519,0
immrep3262,YENGSTPVL_B*40:01,tcr627,0
immrep3263,SQFNWTIYL_A*02:01,tcr334,0
immrep3264,YEDGVIFYL_B*40:01,tcr90,0
immrep3265,MTDYDYLEV_A*02:01,tcr544,0
immrep3266,REDDYSVWL_B*40:01,tcr568,0
immrep3267,TVYPYGTSL_A*02:01,tcr162,0
immrep3268,FEAQPGALL_B*40:01,tcr392,0
immrep3269,GENALTYAL_B*40:01,tcr515,0
immrep3270,ILMHATYFL_A*02:01,tcr412,0
immrep3271,YEDGVIFYL_B*40:01,tcr245,0
immrep3272,YENGSTPVL_B*40:01,tcr51,0
immrep3273,YLFNADIWI_A*02:01,tcr180,0
immrep3274,YESYIPGAL_B*40:01,tcr972,0
immrep3275,MENWSALEL_B*40:01,tcr917,0
immrep3276,FLDCKSYIL_A*02:01,tcr267,0
immrep3277,ILMHATYFL_A*02:01,tcr677,0
immrep3278,MTDYDYLEV_A*02:01,tcr242,0
immrep3279,ILHTHVPEV_A*02:01,tcr956,0
immrep3280,YEDGVIFYL_B*40:01,tcr849,0
immrep3281,MENWSALEL_B*40:01,tcr561,0
immrep3282,MTDYDYLEV_A*02:01,tcr790,0
immrep3283,YENGSTPVL_B*40:01,tcr190,0
immrep3284,TVYPYGTSL_A*02:01,tcr862,0
immrep3285,FLDCKSYIL_A*02:01,tcr707,0
immrep3286,TVYPYGTSL_A*02:01,tcr64,0
immrep3287,SEESAFYVL_B*40:01,tcr516,0
immrep3288,MEMPDYLLL_B*40:01,tcr883,0
immrep3289,GENALTYAL_B*40:01,tcr274,0
immrep3290,YLFNADIWI_A*02:01,tcr380,0
immrep3291,YMFYDGYDV_A*02:01,tcr877,0
immrep3292,YENGSTPVL_B*40:01,tcr41,0
immrep3293,YESYIPGAL_B*40:01,tcr700,0
immrep3294,MENWSALEL_B*40:01,tcr902,0
immrep3295,FLDCKSYIL_A*02:01,tcr711,0
immrep3296,ILHTHVPEV_A*02:01,tcr588,0
immrep3297,FEAQPGALL_B*40:01,tcr652,0
immrep3298,YLFNADIWI_A*02:01,tcr73,0
immrep3299,KLYPFLWFA_A*02:01,tcr874,0
immrep3300,HLDDYPYLM_A*02:01,tcr336,0
immrep3301,TVYPYGTSL_A*02:01,tcr707,0
immrep3302,HLDDYPYLM_A*02:01,tcr11,0
immrep3303,SQFNWTIYL_A*02:01,tcr957,0
immrep3304,REDDYSVWL_B*40:01,tcr45,0
immrep3305,HLDDYPYLM_A*02:01,tcr119,0
immrep3306,YESYIPGAL_B*40:01,tcr391,0
immrep3307,ILMHATYFL_A*02:01,tcr446,0
immrep3308,YESYIPGAL_B*40:01,tcr775,0
immrep3309,MTDYDYLEV_A*02:01,tcr306,0
immrep3310,YESYIPGAL_B*40:01,tcr919,0
immrep3311,FLDCKSYIL_A*02:01,tcr205,0
immrep3312,SEESAFYVL_B*40:01,tcr388,0
immrep3313,HLDDYPYLM_A*02:01,tcr596,0
immrep3314,TVYPYGTSL_A*02:01,tcr357,0
immrep3315,YLFNADIWI_A*02:01,tcr638,0
immrep3316,YLFNADIWI_A*02:01,tcr514,0
immrep3317,YLFNADIWI_A*02:01,tcr290,0
immrep3318,REDDYSVWL_B*40:01,tcr882,0
immrep3319,HLDDYPYLM_A*02:01,tcr585,0
immrep3320,FEAQPGALL_B*40:01,tcr859,0
immrep3321,SEESAFYVL_B*40:01,tcr582,0
immrep3322,HLDDYPYLM_A*02:01,tcr459,0
immrep3323,ILMHATYFL_A*02:01,tcr793,0
immrep3324,TVYPYGTSL_A*02:01,tcr931,0
immrep3325,YEDGVIFYL_B*40:01,tcr385,0
immrep3326,SEESAFYVL_B*40:01,tcr488,0
immrep3327,HLDDYPYLM_A*02:01,tcr713,0
immrep3328,YESYIPGAL_B*40:01,tcr323,0
immrep3329,MTDYDYLEV_A*02:01,tcr226,0
immrep3330,YEDGVIFYL_B*40:01,tcr164,0
immrep3331,TVYPYGTSL_A*02:01,tcr524,0
immrep3332,YMFYDGYDV_A*02:01,tcr185,0
immrep3333,REDDYSVWL_B*40:01,tcr674,0
immrep3334,MENWSALEL_B*40:01,tcr431,0
immrep3335,YESYIPGAL_B*40:01,tcr292,0
immrep3336,FLDCKSYIL_A*02:01,tcr963,0
immrep3337,ILMHATYFL_A*02:01,tcr228,0
immrep3338,YESYIPGAL_B*40:01,tcr479,0
immrep3339,SQFNWTIYL_A*02:01,tcr106,0
immrep3340,MEMPDYLLL_B*40:01,tcr870,0
immrep3341,MENWSALEL_B*40:01,tcr333,0
immrep3342,YENGSTPVL_B*40:01,tcr197,0
immrep3343,ILMHATYFL_A*02:01,tcr787,0
immrep3344,SQFNWTIYL_A*02:01,tcr745,0
immrep3345,KLYPFLWFA_A*02:01,tcr331,0
immrep3346,SQFNWTIYL_A*02:01,tcr530,0
immrep3347,REDDYSVWL_B*40:01,tcr150,0
immrep3348,YENGSTPVL_B*40:01,tcr148,0
immrep3349,SQFNWTIYL_A*02:01,tcr737,0
immrep3350,GENALTYAL_B*40:01,tcr450,0
immrep3351,KLYPFLWFA_A*02:01,tcr228,0
immrep3352,GEVLACYAL_B*40:01,tcr965,0
immrep3353,YLFNADIWI_A*02:01,tcr437,0
immrep3354,KLYPFLWFA_A*02:01,tcr877,0
immrep3355,GENALTYAL_B*40:01,tcr282,0
immrep3356,YEDGVIFYL_B*40:01,tcr489,0
immrep3357,TVYPYGTSL_A*02:01,tcr594,0
immrep3358,FEAQPGALL_B*40:01,tcr726,0
immrep3359,YENGSTPVL_B*40:01,tcr76,0
immrep3360,YEDGVIFYL_B*40:01,tcr311,0
immrep3361,TVYPYGTSL_A*02:01,tcr288,0
immrep3362,MEMPDYLLL_B*40:01,tcr66,0
immrep3363,SEESAFYVL_B*40:01,tcr176,0
immrep3364,GEVLACYAL_B*40:01,tcr977,0
immrep3365,FLDCKSYIL_A*02:01,tcr836,0
immrep3366,REDDYSVWL_B*40:01,tcr527,0
immrep3367,TVYPYGTSL_A*02:01,tcr632,0
immrep3368,HLDDYPYLM_A*02:01,tcr420,0
immrep3369,MEMPDYLLL_B*40:01,tcr958,0
immrep3370,FEAQPGALL_B*40:01,tcr428,0
immrep3371,KLYPFLWFA_A*02:01,tcr437,0
immrep3372,ILMHATYFL_A*02:01,tcr640,0
immrep3373,GENALTYAL_B*40:01,tcr875,0
immrep3374,GENALTYAL_B*40:01,tcr387,0
immrep3375,MTDYDYLEV_A*02:01,tcr437,0
immrep3376,ILHTHVPEV_A*02:01,tcr809,0
immrep3377,YESYIPGAL_B*40:01,tcr538,0
immrep3378,YEDGVIFYL_B*40:01,tcr528,0
immrep3379,YESYIPGAL_B*40:01,tcr958,0
immrep3380,MENWSALEL_B*40:01,tcr802,0
immrep3381,FEAQPGALL_B*40:01,tcr447,0
immrep3382,FLDCKSYIL_A*02:01,tcr268,0
immrep3383,YESYIPGAL_B*40:01,tcr755,0
immrep3384,YMFYDGYDV_A*02:01,tcr777,0
immrep3385,SEESAFYVL_B*40:01,tcr926,0
immrep3386,YESYIPGAL_B*40:01,tcr646,0
immrep3387,MEMPDYLLL_B*40:01,tcr923,0
immrep3388,FLDCKSYIL_A*02:01,tcr907,0
immrep3389,REDDYSVWL_B*40:01,tcr484,0
immrep3390,ILHTHVPEV_A*02:01,tcr476,0
immrep3391,SQFNWTIYL_A*02:01,tcr642,0
immrep3392,YESYIPGAL_B*40:01,tcr392,0
immrep3393,ILMHATYFL_A*02:01,tcr336,0
immrep3394,KLYPFLWFA_A*02:01,tcr681,0
immrep3395,SEESAFYVL_B*40:01,tcr739,0
immrep3396,SEESAFYVL_B*40:01,tcr532,0
immrep3397,YMFYDGYDV_A*02:01,tcr838,0
immrep3398,SEESAFYVL_B*40:01,tcr426,0
immrep3399,ILHTHVPEV_A*02:01,tcr710,0
immrep3400,REDDYSVWL_B*40:01,tcr945,0
immrep3401,ILMHATYFL_A*02:01,tcr250,0
immrep3402,MTDYDYLEV_A*02:01,tcr731,0
immrep3403,SQFNWTIYL_A*02:01,tcr347,0
immrep3404,FLDCKSYIL_A*02:01,tcr809,0
immrep3405,MENWSALEL_B*40:01,tcr949,0
immrep3406,MTDYDYLEV_A*02:01,tcr988,0
immrep3407,YENGSTPVL_B*40:01,tcr883,0
immrep3408,SQFNWTIYL_A*02:01,tcr703,0
immrep3409,YESYIPGAL_B*40:01,tcr62,0
immrep3410,GENALTYAL_B*40:01,tcr76,0
immrep3411,SQFNWTIYL_A*02:01,tcr261,0
immrep3412,MENWSALEL_B*40:01,tcr857,0
immrep3413,HLDDYPYLM_A*02:01,tcr737,0
immrep3414,YENGSTPVL_B*40:01,tcr47,0
immrep3415,MEMPDYLLL_B*40:01,tcr431,0
immrep3416,GENALTYAL_B*40:01,tcr38,0
immrep3417,GENALTYAL_B*40:01,tcr109,0
immrep3418,MEMPDYLLL_B*40:01,tcr70,0
immrep3419,SEESAFYVL_B*40:01,tcr275,0
immrep3420,HLDDYPYLM_A*02:01,tcr496,0
immrep3421,MEMPDYLLL_B*40:01,tcr489,0
immrep3422,GENALTYAL_B*40:01,tcr847,0
immrep3423,TVYPYGTSL_A*02:01,tcr213,0
immrep3424,SEESAFYVL_B*40:01,tcr630,0
immrep3425,YLFNADIWI_A*02:01,tcr228,0
immrep3426,MEMPDYLLL_B*40:01,tcr646,0
immrep3427,HLDDYPYLM_A*02:01,tcr53,0
immrep3428,YEDGVIFYL_B*40:01,tcr965,0
immrep3429,TVYPYGTSL_A*02:01,tcr178,0
immrep3430,FEAQPGALL_B*40:01,tcr758,0
immrep3431,SQFNWTIYL_A*02:01,tcr435,0
immrep3432,YMFYDGYDV_A*02:01,tcr357,0
immrep3433,HLDDYPYLM_A*02:01,tcr480,0
immrep3434,ILHTHVPEV_A*02:01,tcr168,0
immrep3435,GEVLACYAL_B*40:01,tcr948,0
immrep3436,MENWSALEL_B*40:01,tcr675,0
immrep3437,GENALTYAL_B*40:01,tcr943,0
immrep3438,REDDYSVWL_B*40:01,tcr758,0
immrep3439,SEESAFYVL_B*40:01,tcr77,0
immrep3440,YEDGVIFYL_B*40:01,tcr667,0
immrep3441,MENWSALEL_B*40:01,tcr428,0
immrep3442,YLFNADIWI_A*02:01,tcr930,0
immrep3443,GEVLACYAL_B*40:01,tcr621,0
immrep3444,KLYPFLWFA_A*02:01,tcr357,0
immrep3445,REDDYSVWL_B*40:01,tcr686,0
immrep3446,FEAQPGALL_B*40:01,tcr225,0
immrep3447,YMFYDGYDV_A*02:01,tcr957,0
immrep3448,ILHTHVPEV_A*02:01,tcr978,0
immrep3449,SEESAFYVL_B*40:01,tcr627,0
immrep3450,YLFNADIWI_A*02:01,tcr910,0
immrep3451,FEAQPGALL_B*40:01,tcr453,0
immrep3452,YMFYDGYDV_A*02:01,tcr256,0
immrep3453,YEDGVIFYL_B*40:01,tcr458,0
immrep3454,GEVLACYAL_B*40:01,tcr365,0
immrep3455,ILMHATYFL_A*02:01,tcr6,0
immrep3456,YENGSTPVL_B*40:01,tcr354,0
immrep3457,ILHTHVPEV_A*02:01,tcr741,0
immrep3458,ILMHATYFL_A*02:01,tcr654,0
immrep3459,SQFNWTIYL_A*02:01,tcr651,0
immrep3460,FEAQPGALL_B*40:01,tcr47,0
immrep3461,SEESAFYVL_B*40:01,tcr115,0
immrep3462,TVYPYGTSL_A*02:01,tcr994,0
immrep3463,REDDYSVWL_B*40:01,tcr625,0
immrep3464,YLFNADIWI_A*02:01,tcr487,0
immrep3465,FLDCKSYIL_A*02:01,tcr933,0
immrep3466,HLDDYPYLM_A*02:01,tcr250,0
immrep3467,MENWSALEL_B*40:01,tcr236,0
immrep3468,MTDYDYLEV_A*02:01,tcr156,0
immrep3469,YLFNADIWI_A*02:01,tcr957,0
immrep3470,ILMHATYFL_A*02:01,tcr762,0
immrep3471,KLYPFLWFA_A*02:01,tcr166,0
immrep3472,ILMHATYFL_A*02:01,tcr133,0
immrep3473,FEAQPGALL_B*40:01,tcr469,0
immrep3474,YMFYDGYDV_A*02:01,tcr129,0
immrep3475,ILMHATYFL_A*02:01,tcr750,0
immrep3476,SEESAFYVL_B*40:01,tcr955,0
immrep3477,SQFNWTIYL_A*02:01,tcr57,0
immrep3478,KLYPFLWFA_A*02:01,tcr852,0
immrep3479,YMFYDGYDV_A*02:01,tcr325,0
immrep3480,MENWSALEL_B*40:01,tcr183,0
immrep3481,KLYPFLWFA_A*02:01,tcr308,0
immrep3482,YEDGVIFYL_B*40:01,tcr132,0
immrep3483,YLFNADIWI_A*02:01,tcr725,0
immrep3484,MTDYDYLEV_A*02:01,tcr514,0
immrep3485,TVYPYGTSL_A*02:01,tcr36,0
immrep3486,YESYIPGAL_B*40:01,tcr153,0
immrep3487,MTDYDYLEV_A*02:01,tcr419,0
immrep3488,YEDGVIFYL_B*40:01,tcr511,0
immrep3489,YMFYDGYDV_A*02:01,tcr860,0
immrep3490,TVYPYGTSL_A*02:01,tcr63,0
immrep3491,HLDDYPYLM_A*02:01,tcr843,0
immrep3492,HLDDYPYLM_A*02:01,tcr762,0
immrep3493,YENGSTPVL_B*40:01,tcr846,0
immrep3494,GEVLACYAL_B*40:01,tcr647,0
immrep3495,REDDYSVWL_B*40:01,tcr627,0
immrep3496,MENWSALEL_B*40:01,tcr558,0
immrep3497,REDDYSVWL_B*40:01,tcr897,0
immrep3498,YESYIPGAL_B*40:01,tcr359,0
immrep3499,YLFNADIWI_A*02:01,tcr710,0
immrep3500,MTDYDYLEV_A*02:01,tcr918,0
immrep3501,SEESAFYVL_B*40:01,tcr203,0
immrep3502,MENWSALEL_B*40:01,tcr824,0
immrep3503,YEDGVIFYL_B*40:01,tcr755,0
immrep3504,YESYIPGAL_B*40:01,tcr490,0
immrep3505,FLDCKSYIL_A*02:01,tcr192,0
immrep3506,YESYIPGAL_B*40:01,tcr508,0
immrep3507,FLDCKSYIL_A*02:01,tcr720,0
immrep3508,YEDGVIFYL_B*40:01,tcr972,0
immrep3509,MEMPDYLLL_B*40:01,tcr641,0
immrep3510,YESYIPGAL_B*40:01,tcr189,0
immrep3511,ILHTHVPEV_A*02:01,tcr494,0
immrep3512,YMFYDGYDV_A*02:01,tcr414,0
immrep3513,HLDDYPYLM_A*02:01,tcr454,0
immrep3514,YMFYDGYDV_A*02:01,tcr683,0
immrep3515,GEVLACYAL_B*40:01,tcr280,0
immrep3516,KLYPFLWFA_A*02:01,tcr389,0
immrep3517,TVYPYGTSL_A*02:01,tcr85,0
immrep3518,SQFNWTIYL_A*02:01,tcr383,0
immrep3519,KLYPFLWFA_A*02:01,tcr492,0
immrep3520,ILHTHVPEV_A*02:01,tcr221,0
immrep3521,HLDDYPYLM_A*02:01,tcr637,0
immrep3522,FEAQPGALL_B*40:01,tcr857,0
immrep3523,MTDYDYLEV_A*02:01,tcr901,0
immrep3524,HLDDYPYLM_A*02:01,tcr442,0
immrep3525,ILMHATYFL_A*02:01,tcr400,0
immrep3526,KLYPFLWFA_A*02:01,tcr24,0
immrep3527,YLFNADIWI_A*02:01,tcr238,0
immrep3528,TVYPYGTSL_A*02:01,tcr543,0
immrep3529,FEAQPGALL_B*40:01,tcr897,0
immrep3530,MENWSALEL_B*40:01,tcr827,0
immrep3531,REDDYSVWL_B*40:01,tcr296,0
immrep3532,YESYIPGAL_B*40:01,tcr661,0
immrep3533,YENGSTPVL_B*40:01,tcr353,0
immrep3534,GEVLACYAL_B*40:01,tcr516,0
immrep3535,YMFYDGYDV_A*02:01,tcr268,0
immrep3536,YLFNADIWI_A*02:01,tcr932,0
immrep3537,YMFYDGYDV_A*02:01,tcr878,0
immrep3538,FEAQPGALL_B*40:01,tcr835,0
immrep3539,MEMPDYLLL_B*40:01,tcr574,0
immrep3540,HLDDYPYLM_A*02:01,tcr264,0
immrep3541,FEAQPGALL_B*40:01,tcr83,0
immrep3542,MTDYDYLEV_A*02:01,tcr713,0
immrep3543,MENWSALEL_B*40:01,tcr329,0
immrep3544,TVYPYGTSL_A*02:01,tcr380,0
immrep3545,YLFNADIWI_A*02:01,tcr309,0
immrep3546,YEDGVIFYL_B*40:01,tcr698,0
immrep3547,SEESAFYVL_B*40:01,tcr245,0
immrep3548,MENWSALEL_B*40:01,tcr629,0
immrep3549,FLDCKSYIL_A*02:01,tcr209,0
immrep3550,GENALTYAL_B*40:01,tcr621,0
immrep3551,YEDGVIFYL_B*40:01,tcr610,0
immrep3552,KLYPFLWFA_A*02:01,tcr913,0
immrep3553,YESYIPGAL_B*40:01,tcr990,0
immrep3554,SEESAFYVL_B*40:01,tcr802,0
immrep3555,GENALTYAL_B*40:01,tcr371,0
immrep3556,KLYPFLWFA_A*02:01,tcr601,0
immrep3557,YESYIPGAL_B*40:01,tcr100,0
immrep3558,MEMPDYLLL_B*40:01,tcr982,0
immrep3559,FLDCKSYIL_A*02:01,tcr414,0
immrep3560,SEESAFYVL_B*40:01,tcr92,0
immrep3561,REDDYSVWL_B*40:01,tcr234,0
immrep3562,TVYPYGTSL_A*02:01,tcr702,0
immrep3563,FLDCKSYIL_A*02:01,tcr701,0
immrep3564,YENGSTPVL_B*40:01,tcr92,0
immrep3565,SEESAFYVL_B*40:01,tcr841,0
immrep3566,FLDCKSYIL_A*02:01,tcr631,0
immrep3567,FLDCKSYIL_A*02:01,tcr601,0
immrep3568,GENALTYAL_B*40:01,tcr719,0
immrep3569,TVYPYGTSL_A*02:01,tcr992,0
immrep3570,TVYPYGTSL_A*02:01,tcr422,0
immrep3571,YENGSTPVL_B*40:01,tcr570,0
immrep3572,YMFYDGYDV_A*02:01,tcr271,0
immrep3573,YEDGVIFYL_B*40:01,tcr997,0
immrep3574,ILMHATYFL_A*02:01,tcr30,0
immrep3575,YEDGVIFYL_B*40:01,tcr621,0
immrep3576,KLYPFLWFA_A*02:01,tcr790,0
immrep3577,GENALTYAL_B*40:01,tcr507,0
immrep3578,SEESAFYVL_B*40:01,tcr19,0
immrep3579,GENALTYAL_B*40:01,tcr700,0
immrep3580,YEDGVIFYL_B*40:01,tcr216,0
immrep3581,YESYIPGAL_B*40:01,tcr19,0
immrep3582,MTDYDYLEV_A*02:01,tcr193,0
immrep3583,REDDYSVWL_B*40:01,tcr216,0
immrep3584,SEESAFYVL_B*40:01,tcr236,0
immrep3585,TVYPYGTSL_A*02:01,tcr340,0
immrep3586,ILMHATYFL_A*02:01,tcr553,0
immrep3587,GENALTYAL_B*40:01,tcr293,0
immrep3588,MTDYDYLEV_A*02:01,tcr642,0
immrep3589,YLFNADIWI_A*02:01,tcr804,0
immrep3590,MENWSALEL_B*40:01,tcr973,0
immrep3591,ILMHATYFL_A*02:01,tcr138,0
immrep3592,REDDYSVWL_B*40:01,tcr839,0
immrep3593,GENALTYAL_B*40:01,tcr659,0
immrep3594,YENGSTPVL_B*40:01,tcr263,0
immrep3595,REDDYSVWL_B*40:01,tcr125,0
immrep3596,REDDYSVWL_B*40:01,tcr698,0
immrep3597,FEAQPGALL_B*40:01,tcr700,0
immrep3598,SQFNWTIYL_A*02:01,tcr395,0
immrep3599,ILHTHVPEV_A*02:01,tcr133,0
immrep3600,YMFYDGYDV_A*02:01,tcr861,0
immrep3601,MTDYDYLEV_A*02:01,tcr573,0
immrep3602,MEMPDYLLL_B*40:01,tcr575,0
immrep3603,MENWSALEL_B*40:01,tcr849,0
immrep3604,ILHTHVPEV_A*02:01,tcr89,0
immrep3605,YEDGVIFYL_B*40:01,tcr882,0
immrep3606,ILMHATYFL_A*02:01,tcr42,0
immrep3607,SQFNWTIYL_A*02:01,tcr281,0
immrep3608,MENWSALEL_B*40:01,tcr739,0
immrep3609,HLDDYPYLM_A*02:01,tcr379,0
immrep3610,TVYPYGTSL_A*02:01,tcr785,0
immrep3611,SQFNWTIYL_A*02:01,tcr600,0
immrep3612,ILHTHVPEV_A*02:01,tcr401,0
immrep3613,YEDGVIFYL_B*40:01,tcr951,0
immrep3614,MEMPDYLLL_B*40:01,tcr788,0
immrep3615,YMFYDGYDV_A*02:01,tcr830,0
immrep3616,TVYPYGTSL_A*02:01,tcr491,0
immrep3617,MENWSALEL_B*40:01,tcr391,0
immrep3618,FLDCKSYIL_A*02:01,tcr214,0
immrep3619,YMFYDGYDV_A*02:01,tcr166,0
immrep3620,ILMHATYFL_A*02:01,tcr816,0
immrep3621,YENGSTPVL_B*40:01,tcr773,0
immrep3622,KLYPFLWFA_A*02:01,tcr309,0
immrep3623,MEMPDYLLL_B*40:01,tcr29,0
immrep3624,REDDYSVWL_B*40:01,tcr829,0
immrep3625,MENWSALEL_B*40:01,tcr730,0
immrep3626,MENWSALEL_B*40:01,tcr276,0
immrep3627,SQFNWTIYL_A*02:01,tcr740,0
immrep3628,YLFNADIWI_A*02:01,tcr751,0
immrep3629,YLFNADIWI_A*02:01,tcr220,0
immrep3630,KLYPFLWFA_A*02:01,tcr837,0
immrep3631,HLDDYPYLM_A*02:01,tcr526,0
immrep3632,GEVLACYAL_B*40:01,tcr164,0
immrep3633,SQFNWTIYL_A*02:01,tcr689,0
immrep3634,YMFYDGYDV_A*02:01,tcr785,0
immrep3635,MTDYDYLEV_A*02:01,tcr250,0
immrep3636,MENWSALEL_B*40:01,tcr273,0
immrep3637,MTDYDYLEV_A*02:01,tcr710,0
immrep3638,GENALTYAL_B*40:01,tcr723,0
immrep3639,MENWSALEL_B*40:01,tcr79,0
immrep3640,MTDYDYLEV_A*02:01,tcr746,0
immrep3641,MENWSALEL_B*40:01,tcr277,0
immrep3642,MTDYDYLEV_A*02:01,tcr222,0
immrep3643,HLDDYPYLM_A*02:01,tcr915,0
immrep3644,REDDYSVWL_B*40:01,tcr14,0
immrep3645,HLDDYPYLM_A*02:01,tcr601,0
immrep3646,YLFNADIWI_A*02:01,tcr765,0
immrep3647,YENGSTPVL_B*40:01,tcr374,0
immrep3648,HLDDYPYLM_A*02:01,tcr932,0
immrep3649,YENGSTPVL_B*40:01,tcr235,0
immrep3650,GEVLACYAL_B*40:01,tcr254,0
immrep3651,ILMHATYFL_A*02:01,tcr984,0
immrep3652,YLFNADIWI_A*02:01,tcr418,0
immrep3653,MEMPDYLLL_B*40:01,tcr812,0
immrep3654,HLDDYPYLM_A*02:01,tcr54,0
immrep3655,FEAQPGALL_B*40:01,tcr463,0
immrep3656,YLFNADIWI_A*02:01,tcr163,0
immrep3657,SEESAFYVL_B*40:01,tcr293,0
immrep3658,FLDCKSYIL_A*02:01,tcr833,0
immrep3659,REDDYSVWL_B*40:01,tcr660,0
immrep3660,REDDYSVWL_B*40:01,tcr774,0
immrep3661,FEAQPGALL_B*40:01,tcr284,0
immrep3662,TVYPYGTSL_A*02:01,tcr119,0
immrep3663,YMFYDGYDV_A*02:01,tcr212,0
immrep3664,KLYPFLWFA_A*02:01,tcr980,0
immrep3665,YLFNADIWI_A*02:01,tcr232,0
immrep3666,MTDYDYLEV_A*02:01,tcr931,0
immrep3667,MEMPDYLLL_B*40:01,tcr739,0
immrep3668,GENALTYAL_B*40:01,tcr540,0
immrep3669,YESYIPGAL_B*40:01,tcr859,0
immrep3670,TVYPYGTSL_A*02:01,tcr53,0
immrep3671,YMFYDGYDV_A*02:01,tcr680,0
immrep3672,YMFYDGYDV_A*02:01,tcr319,0
immrep3673,REDDYSVWL_B*40:01,tcr547,0
immrep3674,REDDYSVWL_B*40:01,tcr606,0
immrep3675,HLDDYPYLM_A*02:01,tcr222,0
immrep3676,YEDGVIFYL_B*40:01,tcr247,0
immrep3677,YMFYDGYDV_A*02:01,tcr349,0
immrep3678,ILMHATYFL_A*02:01,tcr149,0
immrep3679,YENGSTPVL_B*40:01,tcr503,0
immrep3680,SQFNWTIYL_A*02:01,tcr694,0
immrep3681,SQFNWTIYL_A*02:01,tcr75,0
immrep3682,GEVLACYAL_B*40:01,tcr626,0
immrep3683,ILHTHVPEV_A*02:01,tcr442,0
immrep3684,SQFNWTIYL_A*02:01,tcr814,0
immrep3685,ILHTHVPEV_A*02:01,tcr242,0
immrep3686,SQFNWTIYL_A*02:01,tcr863,0
immrep3687,ILHTHVPEV_A*02:01,tcr524,0
immrep3688,REDDYSVWL_B*40:01,tcr561,0
immrep3689,ILHTHVPEV_A*02:01,tcr369,0
immrep3690,MENWSALEL_B*40:01,tcr623,0
immrep3691,ILMHATYFL_A*02:01,tcr912,0
immrep3692,HLDDYPYLM_A*02:01,tcr356,0
immrep3693,REDDYSVWL_B*40:01,tcr900,0
immrep3694,GENALTYAL_B*40:01,tcr482,0
immrep3695,TVYPYGTSL_A*02:01,tcr372,0
immrep3696,GEVLACYAL_B*40:01,tcr447,0
immrep3697,YMFYDGYDV_A*02:01,tcr874,0
immrep3698,FEAQPGALL_B*40:01,tcr276,0
immrep3699,MEMPDYLLL_B*40:01,tcr712,0
immrep3700,MEMPDYLLL_B*40:01,tcr429,0
immrep3701,ILMHATYFL_A*02:01,tcr996,0
immrep3702,GEVLACYAL_B*40:01,tcr171,0
immrep3703,KLYPFLWFA_A*02:01,tcr438,0
immrep3704,ILMHATYFL_A*02:01,tcr901,0
immrep3705,SEESAFYVL_B*40:01,tcr439,0
immrep3706,ILHTHVPEV_A*02:01,tcr138,0
immrep3707,ILMHATYFL_A*02:01,tcr68,0
immrep3708,YENGSTPVL_B*40:01,tcr77,0
immrep3709,SQFNWTIYL_A*02:01,tcr620,0
immrep3710,SQFNWTIYL_A*02:01,tcr212,0
immrep3711,MEMPDYLLL_B*40:01,tcr721,0
immrep3712,TVYPYGTSL_A*02:01,tcr787,0
immrep3713,ILHTHVPEV_A*02:01,tcr113,0
immrep3714,FLDCKSYIL_A*02:01,tcr97,0
immrep3715,MTDYDYLEV_A*02:01,tcr805,0
immrep3716,HLDDYPYLM_A*02:01,tcr108,0
immrep3717,TVYPYGTSL_A*02:01,tcr270,0
immrep3718,YENGSTPVL_B*40:01,tcr550,0
immrep3719,MEMPDYLLL_B*40:01,tcr849,0
immrep3720,ILHTHVPEV_A*02:01,tcr382,0
immrep3721,YENGSTPVL_B*40:01,tcr5,0
immrep3722,FEAQPGALL_B*40:01,tcr665,0
immrep3723,ILHTHVPEV_A*02:01,tcr360,0
immrep3724,YENGSTPVL_B*40:01,tcr499,0
immrep3725,TVYPYGTSL_A*02:01,tcr746,0
immrep3726,ILHTHVPEV_A*02:01,tcr18,0
immrep3727,YMFYDGYDV_A*02:01,tcr500,0
immrep3728,YEDGVIFYL_B*40:01,tcr869,0
immrep3729,HLDDYPYLM_A*02:01,tcr984,0
immrep3730,YESYIPGAL_B*40:01,tcr58,0
immrep3731,ILMHATYFL_A*02:01,tcr685,0
immrep3732,GEVLACYAL_B*40:01,tcr634,0
immrep3733,KLYPFLWFA_A*02:01,tcr230,0
immrep3734,TVYPYGTSL_A*02:01,tcr24,0
immrep3735,MEMPDYLLL_B*40:01,tcr684,0
immrep3736,REDDYSVWL_B*40:01,tcr684,0
immrep3737,FLDCKSYIL_A*02:01,tcr438,0
immrep3738,FEAQPGALL_B*40:01,tcr262,0
immrep3739,GENALTYAL_B*40:01,tcr229,0
immrep3740,ILHTHVPEV_A*02:01,tcr791,0
immrep3741,YEDGVIFYL_B*40:01,tcr807,0
immrep3742,TVYPYGTSL_A*02:01,tcr539,0
immrep3743,KLYPFLWFA_A*02:01,tcr544,0
immrep3744,ILMHATYFL_A*02:01,tcr535,0
immrep3745,ILHTHVPEV_A*02:01,tcr771,0
immrep3746,TVYPYGTSL_A*02:01,tcr748,0
immrep3747,KLYPFLWFA_A*02:01,tcr397,0
immrep3748,SQFNWTIYL_A*02:01,tcr716,0
immrep3749,YLFNADIWI_A*02:01,tcr956,0
immrep3750,FEAQPGALL_B*40:01,tcr283,0
immrep3751,FEAQPGALL_B*40:01,tcr390,0
immrep3752,SQFNWTIYL_A*02:01,tcr895,0
immrep3753,TVYPYGTSL_A*02:01,tcr544,0
immrep3754,YESYIPGAL_B*40:01,tcr663,0
immrep3755,REDDYSVWL_B*40:01,tcr577,0
immrep3756,TVYPYGTSL_A*02:01,tcr61,0
immrep3757,SQFNWTIYL_A*02:01,tcr967,0
immrep3758,GENALTYAL_B*40:01,tcr674,0
immrep3759,YEDGVIFYL_B*40:01,tcr283,0
immrep3760,HLDDYPYLM_A*02:01,tcr17,0
immrep3761,SQFNWTIYL_A*02:01,tcr903,0
immrep3762,MENWSALEL_B*40:01,tcr516,0
immrep3763,GEVLACYAL_B*40:01,tcr696,0
immrep3764,KLYPFLWFA_A*02:01,tcr156,0
immrep3765,YLFNADIWI_A*02:01,tcr208,0
immrep3766,TVYPYGTSL_A*02:01,tcr268,0
immrep3767,SEESAFYVL_B*40:01,tcr854,0
immrep3768,TVYPYGTSL_A*02:01,tcr954,0
immrep3769,YESYIPGAL_B*40:01,tcr32,0
immrep3770,YMFYDGYDV_A*02:01,tcr433,0
immrep3771,YESYIPGAL_B*40:01,tcr842,0
immrep3772,GEVLACYAL_B*40:01,tcr134,0
immrep3773,ILMHATYFL_A*02:01,tcr702,0
immrep3774,MENWSALEL_B*40:01,tcr693,0
immrep3775,MEMPDYLLL_B*40:01,tcr260,0
immrep3776,FEAQPGALL_B*40:01,tcr513,0
immrep3777,TVYPYGTSL_A*02:01,tcr933,0
immrep3778,YENGSTPVL_B*40:01,tcr45,0
immrep3779,KLYPFLWFA_A*02:01,tcr716,0
immrep3780,SEESAFYVL_B*40:01,tcr46,0
immrep3781,ILHTHVPEV_A*02:01,tcr838,0
immrep3782,MEMPDYLLL_B*40:01,tcr298,0
immrep3783,GENALTYAL_B*40:01,tcr244,0
immrep3784,YMFYDGYDV_A*02:01,tcr505,0
immrep3785,SEESAFYVL_B*40:01,tcr86,0
immrep3786,MENWSALEL_B*40:01,tcr26,0
immrep3787,FLDCKSYIL_A*02:01,tcr591,0
immrep3788,YEDGVIFYL_B*40:01,tcr888,0
immrep3789,FEAQPGALL_B*40:01,tcr855,0
immrep3790,TVYPYGTSL_A*02:01,tcr745,0
immrep3791,YENGSTPVL_B*40:01,tcr646,0
immrep3792,GEVLACYAL_B*40:01,tcr827,0
immrep3793,FLDCKSYIL_A*02:01,tcr497,0
immrep3794,HLDDYPYLM_A*02:01,tcr220,0
immrep3795,GENALTYAL_B*40:01,tcr849,0
immrep3796,FLDCKSYIL_A*02:01,tcr815,0
immrep3797,YESYIPGAL_B*40:01,tcr604,0
immrep3798,YEDGVIFYL_B*40:01,tcr197,0
immrep3799,YMFYDGYDV_A*02:01,tcr395,0
immrep3800,KLYPFLWFA_A*02:01,tcr106,0
immrep3801,SQFNWTIYL_A*02:01,tcr137,0
immrep3802,YLFNADIWI_A*02:01,tcr790,0
immrep3803,YLFNADIWI_A*02:01,tcr860,0
immrep3804,MENWSALEL_B*40:01,tcr513,0
immrep3805,HLDDYPYLM_A*02:01,tcr346,0
immrep3806,YESYIPGAL_B*40:01,tcr483,0
immrep3807,FEAQPGALL_B*40:01,tcr405,0
immrep3808,YESYIPGAL_B*40:01,tcr112,0
immrep3809,FLDCKSYIL_A*02:01,tcr935,0
immrep3810,YESYIPGAL_B*40:01,tcr259,0
immrep3811,FLDCKSYIL_A*02:01,tcr573,0
immrep3812,TVYPYGTSL_A*02:01,tcr554,0
immrep3813,GENALTYAL_B*40:01,tcr384,0
immrep3814,YESYIPGAL_B*40:01,tcr825,0
immrep3815,KLYPFLWFA_A*02:01,tcr23,0
immrep3816,YENGSTPVL_B*40:01,tcr579,0
immrep3817,REDDYSVWL_B*40:01,tcr985,0
immrep3818,MEMPDYLLL_B*40:01,tcr116,0
immrep3819,TVYPYGTSL_A*02:01,tcr988,0
immrep3820,SEESAFYVL_B*40:01,tcr280,0
immrep3821,YLFNADIWI_A*02:01,tcr620,0
immrep3822,ILMHATYFL_A*02:01,tcr971,0
immrep3823,YESYIPGAL_B*40:01,tcr84,0
immrep3824,FLDCKSYIL_A*02:01,tcr215,0
immrep3825,SEESAFYVL_B*40:01,tcr587,0
immrep3826,MENWSALEL_B*40:01,tcr708,0
immrep3827,FEAQPGALL_B*40:01,tcr547,0
immrep3828,YENGSTPVL_B*40:01,tcr161,0
immrep3829,GEVLACYAL_B*40:01,tcr153,0
immrep3830,MENWSALEL_B*40:01,tcr853,0
immrep3831,SEESAFYVL_B*40:01,tcr781,0
immrep3832,SQFNWTIYL_A*02:01,tcr585,0
immrep3833,MTDYDYLEV_A*02:01,tcr940,0
immrep3834,YENGSTPVL_B*40:01,tcr146,0
immrep3835,FEAQPGALL_B*40:01,tcr473,0
immrep3836,YENGSTPVL_B*40:01,tcr247,0
immrep3837,MTDYDYLEV_A*02:01,tcr555,0
immrep3838,MTDYDYLEV_A*02:01,tcr836,0
immrep3839,YEDGVIFYL_B*40:01,tcr34,0
immrep3840,MENWSALEL_B*40:01,tcr47,0
immrep3841,HLDDYPYLM_A*02:01,tcr654,0
immrep3842,GEVLACYAL_B*40:01,tcr882,0
immrep3843,KLYPFLWFA_A*02:01,tcr862,0
immrep3844,FEAQPGALL_B*40:01,tcr604,0
immrep3845,ILMHATYFL_A*02:01,tcr820,0
immrep3846,MTDYDYLEV_A*02:01,tcr415,0
immrep3847,MEMPDYLLL_B*40:01,tcr388,0
immrep3848,FEAQPGALL_B*40:01,tcr802,0
immrep3849,YMFYDGYDV_A*02:01,tcr826,0
immrep3850,YENGSTPVL_B*40:01,tcr28,0
immrep3851,TVYPYGTSL_A*02:01,tcr545,0
immrep3852,YLFNADIWI_A*02:01,tcr60,0
immrep3853,YESYIPGAL_B*40:01,tcr840,0
immrep3854,YEDGVIFYL_B*40:01,tcr110,0
immrep3855,YENGSTPVL_B*40:01,tcr885,0
immrep3856,MENWSALEL_B*40:01,tcr142,0
immrep3857,GEVLACYAL_B*40:01,tcr648,0
immrep3858,HLDDYPYLM_A*02:01,tcr25,0
immrep3859,SQFNWTIYL_A*02:01,tcr930,0
immrep3860,YEDGVIFYL_B*40:01,tcr690,0
immrep3861,YEDGVIFYL_B*40:01,tcr321,0
immrep3862,MEMPDYLLL_B*40:01,tcr828,0
immrep3863,FLDCKSYIL_A*02:01,tcr796,0
immrep3864,REDDYSVWL_B*40:01,tcr426,0
immrep3865,MENWSALEL_B*40:01,tcr911,0
immrep3866,YMFYDGYDV_A*02:01,tcr411,0
immrep3867,YMFYDGYDV_A*02:01,tcr199,0
immrep3868,MEMPDYLLL_B*40:01,tcr387,0
immrep3869,FEAQPGALL_B*40:01,tcr100,0
immrep3870,YLFNADIWI_A*02:01,tcr903,0
immrep3871,HLDDYPYLM_A*02:01,tcr672,0
immrep3872,KLYPFLWFA_A*02:01,tcr720,0
immrep3873,GEVLACYAL_B*40:01,tcr176,0
immrep3874,YESYIPGAL_B*40:01,tcr428,0
immrep3875,GEVLACYAL_B*40:01,tcr736,0
immrep3876,YLFNADIWI_A*02:01,tcr451,0
immrep3877,YLFNADIWI_A*02:01,tcr11,0
immrep3878,YENGSTPVL_B*40:01,tcr561,0
immrep3879,MEMPDYLLL_B*40:01,tcr164,0
immrep3880,YLFNADIWI_A*02:01,tcr368,0
immrep3881,HLDDYPYLM_A*02:01,tcr367,0
immrep3882,MEMPDYLLL_B*40:01,tcr614,0
immrep3883,YENGSTPVL_B*40:01,tcr252,0
immrep3884,ILMHATYFL_A*02:01,tcr253,0
immrep3885,MTDYDYLEV_A*02:01,tcr999,0
immrep3886,SQFNWTIYL_A*02:01,tcr17,0
immrep3887,MTDYDYLEV_A*02:01,tcr368,0
immrep3888,HLDDYPYLM_A*02:01,tcr936,0
immrep3889,SQFNWTIYL_A*02:01,tcr243,0
immrep3890,GENALTYAL_B*40:01,tcr426,0
immrep3891,ILHTHVPEV_A*02:01,tcr316,0
immrep3892,FLDCKSYIL_A*02:01,tcr994,0
immrep3893,YENGSTPVL_B*40:01,tcr896,0
immrep3894,SQFNWTIYL_A*02:01,tcr760,0
immrep3895,MTDYDYLEV_A*02:01,tcr430,0
immrep3896,FLDCKSYIL_A*02:01,tcr724,0
immrep3897,MTDYDYLEV_A*02:01,tcr822,0
immrep3898,GEVLACYAL_B*40:01,tcr2,0
immrep3899,MENWSALEL_B*40:01,tcr147,0
immrep3900,GEVLACYAL_B*40:01,tcr854,0
immrep3901,YMFYDGYDV_A*02:01,tcr596,0
immrep3902,HLDDYPYLM_A*02:01,tcr441,0
immrep3903,MEMPDYLLL_B*40:01,tcr730,0
immrep3904,SQFNWTIYL_A*02:01,tcr777,0
immrep3905,ILHTHVPEV_A*02:01,tcr21,0
immrep3906,ILMHATYFL_A*02:01,tcr653,0
immrep3907,ILHTHVPEV_A*02:01,tcr206,0
immrep3908,YMFYDGYDV_A*02:01,tcr16,0
immrep3909,SEESAFYVL_B*40:01,tcr443,0
immrep3910,YENGSTPVL_B*40:01,tcr181,0
immrep3911,HLDDYPYLM_A*02:01,tcr376,0
immrep3912,HLDDYPYLM_A*02:01,tcr549,0
immrep3913,YESYIPGAL_B*40:01,tcr498,0
immrep3914,YLFNADIWI_A*02:01,tcr459,0
immrep3915,REDDYSVWL_B*40:01,tcr200,0
immrep3916,MEMPDYLLL_B*40:01,tcr279,0
immrep3917,ILMHATYFL_A*02:01,tcr966,0
immrep3918,SQFNWTIYL_A*02:01,tcr569,0
immrep3919,YESYIPGAL_B*40:01,tcr630,0
immrep3920,MEMPDYLLL_B*40:01,tcr527,0
immrep3921,GEVLACYAL_B*40:01,tcr875,0
immrep3922,MENWSALEL_B*40:01,tcr475,0
immrep3923,YMFYDGYDV_A*02:01,tcr377,0
immrep3924,REDDYSVWL_B*40:01,tcr730,0
immrep3925,REDDYSVWL_B*40:01,tcr618,0
immrep3926,HLDDYPYLM_A*02:01,tcr182,0
immrep3927,FEAQPGALL_B*40:01,tcr436,0
immrep3928,ILHTHVPEV_A*02:01,tcr779,0
immrep3929,FEAQPGALL_B*40:01,tcr883,0
immrep3930,MEMPDYLLL_B*40:01,tcr150,0
immrep3931,YENGSTPVL_B*40:01,tcr636,0
immrep3932,SQFNWTIYL_A*02:01,tcr231,0
immrep3933,YENGSTPVL_B*40:01,tcr855,0
immrep3934,YMFYDGYDV_A*02:01,tcr243,0
immrep3935,KLYPFLWFA_A*02:01,tcr924,0
immrep3936,ILHTHVPEV_A*02:01,tcr868,0
immrep3937,SQFNWTIYL_A*02:01,tcr837,0
immrep3938,GENALTYAL_B*40:01,tcr124,0
immrep3939,MENWSALEL_B*40:01,tcr191,0
immrep3940,ILMHATYFL_A*02:01,tcr97,0
immrep3941,YMFYDGYDV_A*02:01,tcr389,0
immrep3942,HLDDYPYLM_A*02:01,tcr491,0
immrep3943,FLDCKSYIL_A*02:01,tcr420,0
immrep3944,GEVLACYAL_B*40:01,tcr869,0
immrep3945,MENWSALEL_B*40:01,tcr854,0
immrep3946,GENALTYAL_B*40:01,tcr626,0
immrep3947,SEESAFYVL_B*40:01,tcr247,0
immrep3948,REDDYSVWL_B*40:01,tcr538,0
immrep3949,REDDYSVWL_B*40:01,tcr615,0
immrep3950,SQFNWTIYL_A*02:01,tcr294,0
immrep3951,TVYPYGTSL_A*02:01,tcr243,0
immrep3952,HLDDYPYLM_A*02:01,tcr803,0
immrep3953,HLDDYPYLM_A*02:01,tcr695,0
immrep3954,ILHTHVPEV_A*02:01,tcr766,0
immrep3955,KLYPFLWFA_A*02:01,tcr789,0
immrep3956,SQFNWTIYL_A*02:01,tcr205,0
immrep3957,FEAQPGALL_B*40:01,tcr982,0
immrep3958,ILHTHVPEV_A*02:01,tcr468,0
immrep3959,YMFYDGYDV_A*02:01,tcr27,0
immrep3960,YLFNADIWI_A*02:01,tcr49,0
immrep3961,YEDGVIFYL_B*40:01,tcr488,0
immrep3962,SQFNWTIYL_A*02:01,tcr534,0
immrep3963,YENGSTPVL_B*40:01,tcr453,0
immrep3964,YEDGVIFYL_B*40:01,tcr558,0
immrep3965,REDDYSVWL_B*40:01,tcr161,0
immrep3966,SEESAFYVL_B*40:01,tcr675,0
immrep3967,MEMPDYLLL_B*40:01,tcr736,0
immrep3968,MTDYDYLEV_A*02:01,tcr705,0
immrep3969,KLYPFLWFA_A*02:01,tcr222,0
immrep3970,MTDYDYLEV_A*02:01,tcr996,0
immrep3971,GENALTYAL_B*40:01,tcr112,0
immrep3972,GENALTYAL_B*40:01,tcr296,0
immrep3973,MENWSALEL_B*40:01,tcr627,0
immrep3974,REDDYSVWL_B*40:01,tcr274,0
immrep3975,YLFNADIWI_A*02:01,tcr731,0
immrep3976,REDDYSVWL_B*40:01,tcr90,0
immrep3977,SQFNWTIYL_A*02:01,tcr193,0
immrep3978,MENWSALEL_B*40:01,tcr314,0
immrep3979,GEVLACYAL_B*40:01,tcr618,0
immrep3980,MTDYDYLEV_A*02:01,tcr212,0
immrep3981,YESYIPGAL_B*40:01,tcr968,0
immrep3982,YEDGVIFYL_B*40:01,tcr67,0
immrep3983,YEDGVIFYL_B*40:01,tcr301,0
immrep3984,ILHTHVPEV_A*02:01,tcr1,0
immrep3985,YEDGVIFYL_B*40:01,tcr825,0
immrep3986,HLDDYPYLM_A*02:01,tcr261,0
immrep3987,SEESAFYVL_B*40:01,tcr770,0
immrep3988,MTDYDYLEV_A*02:01,tcr742,0
immrep3989,YLFNADIWI_A*02:01,tcr177,0
immrep3990,MTDYDYLEV_A*02:01,tcr744,0
immrep3991,HLDDYPYLM_A*02:01,tcr539,0
immrep3992,TVYPYGTSL_A*02:01,tcr494,0
immrep3993,MEMPDYLLL_B*40:01,tcr780,0
immrep3994,REDDYSVWL_B*40:01,tcr58,0
immrep3995,SQFNWTIYL_A*02:01,tcr709,0
immrep3996,ILHTHVPEV_A*02:01,tcr414,0
immrep3997,GENALTYAL_B*40:01,tcr618,0
immrep3998,MENWSALEL_B*40:01,tcr52,0
immrep3999,ILHTHVPEV_A*02:01,tcr742,0
immrep4000,YEDGVIFYL_B*40:01,tcr565,0
immrep4001,HLDDYPYLM_A*02:01,tcr509,0
immrep4002,GENALTYAL_B*40:01,tcr557,0
immrep4003,FLDCKSYIL_A*02:01,tcr637,0
immrep4004,YLFNADIWI_A*02:01,tcr440,0
immrep4005,HLDDYPYLM_A*02:01,tcr418,0
immrep4006,YEDGVIFYL_B*40:01,tcr752,0
immrep4007,YESYIPGAL_B*40:01,tcr667,0
immrep4008,SEESAFYVL_B*40:01,tcr300,0
immrep4009,YENGSTPVL_B*40:01,tcr2,0
immrep4010,YESYIPGAL_B*40:01,tcr811,0
immrep4011,YESYIPGAL_B*40:01,tcr28,0
immrep4012,MEMPDYLLL_B*40:01,tcr686,0
immrep4013,TVYPYGTSL_A*02:01,tcr253,0
immrep4014,GEVLACYAL_B*40:01,tcr698,0
immrep4015,TVYPYGTSL_A*02:01,tcr239,0
immrep4016,MENWSALEL_B*40:01,tcr990,0
immrep4017,REDDYSVWL_B*40:01,tcr738,0
immrep4018,YENGSTPVL_B*40:01,tcr968,0
immrep4019,YLFNADIWI_A*02:01,tcr822,0
immrep4020,GEVLACYAL_B*40:01,tcr390,0
immrep4021,YLFNADIWI_A*02:01,tcr961,0
immrep4022,ILHTHVPEV_A*02:01,tcr555,0
immrep4023,SEESAFYVL_B*40:01,tcr898,0
immrep4024,YMFYDGYDV_A*02:01,tcr170,0
immrep4025,SQFNWTIYL_A*02:01,tcr208,0
immrep4026,YENGSTPVL_B*40:01,tcr893,0
immrep4027,YEDGVIFYL_B*40:01,tcr153,0
immrep4028,MENWSALEL_B*40:01,tcr14,0
immrep4029,GENALTYAL_B*40:01,tcr312,0
immrep4030,ILHTHVPEV_A*02:01,tcr140,0
immrep4031,REDDYSVWL_B*40:01,tcr551,0
immrep4032,ILMHATYFL_A*02:01,tcr747,0
immrep4033,TVYPYGTSL_A*02:01,tcr395,0
immrep4034,GENALTYAL_B*40:01,tcr82,0
immrep4035,HLDDYPYLM_A*02:01,tcr531,0
immrep4036,GEVLACYAL_B*40:01,tcr886,0
immrep4037,MENWSALEL_B*40:01,tcr312,0
immrep4038,KLYPFLWFA_A*02:01,tcr334,0
immrep4039,MEMPDYLLL_B*40:01,tcr301,0
immrep4040,GEVLACYAL_B*40:01,tcr574,0
immrep4041,GENALTYAL_B*40:01,tcr194,0
immrep4042,REDDYSVWL_B*40:01,tcr969,0
immrep4043,YMFYDGYDV_A*02:01,tcr272,0
immrep4044,ILMHATYFL_A*02:01,tcr765,0
immrep4045,GENALTYAL_B*40:01,tcr842,0
immrep4046,YESYIPGAL_B*40:01,tcr92,0
immrep4047,YMFYDGYDV_A*02:01,tcr711,0
immrep4048,SEESAFYVL_B*40:01,tcr855,0
immrep4049,MENWSALEL_B*40:01,tcr472,0
immrep4050,ILMHATYFL_A*02:01,tcr184,0
immrep4051,SQFNWTIYL_A*02:01,tcr746,0
immrep4052,YESYIPGAL_B*40:01,tcr385,0
immrep4053,SQFNWTIYL_A*02:01,tcr242,0
immrep4054,SQFNWTIYL_A*02:01,tcr367,0
immrep4055,HLDDYPYLM_A*02:01,tcr340,0
immrep4056,MTDYDYLEV_A*02:01,tcr552,0
immrep4057,FEAQPGALL_B*40:01,tcr339,0
immrep4058,REDDYSVWL_B*40:01,tcr799,0
immrep4059,KLYPFLWFA_A*02:01,tcr108,0
immrep4060,YESYIPGAL_B*40:01,tcr311,0
immrep4061,YENGSTPVL_B*40:01,tcr246,0
immrep4062,GEVLACYAL_B*40:01,tcr396,0
immrep4063,ILHTHVPEV_A*02:01,tcr435,0
immrep4064,TVYPYGTSL_A*02:01,tcr526,0
immrep4065,YESYIPGAL_B*40:01,tcr404,0
immrep4066,YLFNADIWI_A*02:01,tcr43,0
immrep4067,ILMHATYFL_A*02:01,tcr411,0
immrep4068,YLFNADIWI_A*02:01,tcr681,0
immrep4069,MEMPDYLLL_B*40:01,tcr203,0
immrep4070,GEVLACYAL_B*40:01,tcr227,0
immrep4071,YLFNADIWI_A*02:01,tcr588,0
immrep4072,FLDCKSYIL_A*02:01,tcr360,0
immrep4073,ILHTHVPEV_A*02:01,tcr548,0
immrep4074,YENGSTPVL_B*40:01,tcr841,0
immrep4075,YLFNADIWI_A*02:01,tcr745,0
immrep4076,YEDGVIFYL_B*40:01,tcr916,0
immrep4077,YMFYDGYDV_A*02:01,tcr560,0
immrep4078,GEVLACYAL_B*40:01,tcr551,0
immrep4079,FLDCKSYIL_A*02:01,tcr595,0
immrep4080,MEMPDYLLL_B*40:01,tcr577,0
immrep4081,REDDYSVWL_B*40:01,tcr986,0
immrep4082,MEMPDYLLL_B*40:01,tcr159,0
immrep4083,GENALTYAL_B*40:01,tcr276,0
immrep4084,TVYPYGTSL_A*02:01,tcr401,0
immrep4085,SQFNWTIYL_A*02:01,tcr65,0
immrep4086,YLFNADIWI_A*02:01,tcr320,0
immrep4087,MEMPDYLLL_B*40:01,tcr987,0
immrep4088,YEDGVIFYL_B*40:01,tcr145,0
immrep4089,YLFNADIWI_A*02:01,tcr356,0
immrep4090,ILMHATYFL_A*02:01,tcr838,0
immrep4091,GEVLACYAL_B*40:01,tcr846,0
immrep4092,MENWSALEL_B*40:01,tcr602,0
immrep4093,KLYPFLWFA_A*02:01,tcr957,0
immrep4094,FEAQPGALL_B*40:01,tcr164,0
immrep4095,FEAQPGALL_B*40:01,tcr439,0
immrep4096,KLYPFLWFA_A*02:01,tcr220,0
immrep4097,YEDGVIFYL_B*40:01,tcr118,0
immrep4098,YENGSTPVL_B*40:01,tcr780,0
immrep4099,YLFNADIWI_A*02:01,tcr87,0
immrep4100,YLFNADIWI_A*02:01,tcr766,0
immrep4101,GENALTYAL_B*40:01,tcr484,0
immrep4102,FEAQPGALL_B*40:01,tcr299,0
immrep4103,SQFNWTIYL_A*02:01,tcr64,0
immrep4104,FLDCKSYIL_A*02:01,tcr950,0
immrep4105,YMFYDGYDV_A*02:01,tcr806,0
immrep4106,FEAQPGALL_B*40:01,tcr648,0
immrep4107,SQFNWTIYL_A*02:01,tcr379,0
immrep4108,SQFNWTIYL_A*02:01,tcr800,0
immrep4109,TVYPYGTSL_A*02:01,tcr397,0
immrep4110,FEAQPGALL_B*40:01,tcr2,0
immrep4111,FLDCKSYIL_A*02:01,tcr289,0
immrep4112,YEDGVIFYL_B*40:01,tcr353,0
immrep4113,KLYPFLWFA_A*02:01,tcr412,0
immrep4114,YENGSTPVL_B*40:01,tcr131,0
immrep4115,MEMPDYLLL_B*40:01,tcr678,0
immrep4116,ILHTHVPEV_A*02:01,tcr983,0
immrep4117,GENALTYAL_B*40:01,tcr421,0
immrep4118,ILMHATYFL_A*02:01,tcr319,0
immrep4119,REDDYSVWL_B*40:01,tcr823,0
immrep4120,GENALTYAL_B*40:01,tcr840,0
immrep4121,MEMPDYLLL_B*40:01,tcr718,0
immrep4122,MEMPDYLLL_B*40:01,tcr960,0
immrep4123,ILMHATYFL_A*02:01,tcr910,0
immrep4124,YMFYDGYDV_A*02:01,tcr938,0
immrep4125,YENGSTPVL_B*40:01,tcr759,0
immrep4126,HLDDYPYLM_A*02:01,tcr416,0
immrep4127,YEDGVIFYL_B*40:01,tcr647,0
immrep4128,YLFNADIWI_A*02:01,tcr94,0
immrep4129,MENWSALEL_B*40:01,tcr893,0
immrep4130,MENWSALEL_B*40:01,tcr33,0
immrep4131,SQFNWTIYL_A*02:01,tcr366,0
immrep4132,MTDYDYLEV_A*02:01,tcr895,0
immrep4133,TVYPYGTSL_A*02:01,tcr901,0
immrep4134,YMFYDGYDV_A*02:01,tcr685,0
immrep4135,YEDGVIFYL_B*40:01,tcr147,0
immrep4136,REDDYSVWL_B*40:01,tcr176,0
immrep4137,GEVLACYAL_B*40:01,tcr873,0
immrep4138,YEDGVIFYL_B*40:01,tcr312,0
immrep4139,YEDGVIFYL_B*40:01,tcr274,0
immrep4140,KLYPFLWFA_A*02:01,tcr239,0
immrep4141,SEESAFYVL_B*40:01,tcr887,0
immrep4142,FEAQPGALL_B*40:01,tcr66,0
immrep4143,YMFYDGYDV_A*02:01,tcr72,0
immrep4144,YMFYDGYDV_A*02:01,tcr682,0
immrep4145,FLDCKSYIL_A*02:01,tcr878,0
immrep4146,MEMPDYLLL_B*40:01,tcr359,0
immrep4147,MTDYDYLEV_A*02:01,tcr971,0
immrep4148,YENGSTPVL_B*40:01,tcr124,0
immrep4149,YEDGVIFYL_B*40:01,tcr506,0
immrep4150,GEVLACYAL_B*40:01,tcr888,0
immrep4151,YESYIPGAL_B*40:01,tcr396,0
immrep4152,MTDYDYLEV_A*02:01,tcr446,0
immrep4153,SEESAFYVL_B*40:01,tcr917,0
immrep4154,SEESAFYVL_B*40:01,tcr846,0
immrep4155,REDDYSVWL_B*40:01,tcr428,0
immrep4156,YMFYDGYDV_A*02:01,tcr843,0
immrep4157,YMFYDGYDV_A*02:01,tcr907,0
immrep4158,KLYPFLWFA_A*02:01,tcr588,0
immrep4159,YEDGVIFYL_B*40:01,tcr995,0
immrep4160,YLFNADIWI_A*02:01,tcr383,0
immrep4161,FEAQPGALL_B*40:01,tcr603,0
immrep4162,YESYIPGAL_B*40:01,tcr167,0
immrep4163,FEAQPGALL_B*40:01,tcr959,0
immrep4164,YESYIPGAL_B*40:01,tcr609,0
immrep4165,MTDYDYLEV_A*02:01,tcr352,0
immrep4166,GENALTYAL_B*40:01,tcr970,0
immrep4167,MTDYDYLEV_A*02:01,tcr313,0
immrep4168,REDDYSVWL_B*40:01,tcr203,0
immrep4169,YLFNADIWI_A*02:01,tcr460,0
immrep4170,GENALTYAL_B*40:01,tcr86,0
immrep4171,GENALTYAL_B*40:01,tcr577,0
immrep4172,FEAQPGALL_B*40:01,tcr615,0
immrep4173,TVYPYGTSL_A*02:01,tcr556,0
immrep4174,SEESAFYVL_B*40:01,tcr807,0
immrep4175,MENWSALEL_B*40:01,tcr641,0
immrep4176,MTDYDYLEV_A*02:01,tcr213,0
immrep4177,SEESAFYVL_B*40:01,tcr824,0
immrep4178,MENWSALEL_B*40:01,tcr90,0
immrep4179,SQFNWTIYL_A*02:01,tcr49,0
immrep4180,MTDYDYLEV_A*02:01,tcr944,0
immrep4181,YENGSTPVL_B*40:01,tcr947,0
immrep4182,YEDGVIFYL_B*40:01,tcr453,0
immrep4183,GEVLACYAL_B*40:01,tcr579,0
immrep4184,TVYPYGTSL_A*02:01,tcr569,0
immrep4185,FLDCKSYIL_A*02:01,tcr3,0
immrep4186,SEESAFYVL_B*40:01,tcr461,0
immrep4187,MENWSALEL_B*40:01,tcr424,0
immrep4188,YMFYDGYDV_A*02:01,tcr221,0
immrep4189,YENGSTPVL_B*40:01,tcr684,0
immrep4190,YEDGVIFYL_B*40:01,tcr958,0
immrep4191,GEVLACYAL_B*40:01,tcr909,0
immrep4192,YESYIPGAL_B*40:01,tcr893,0
immrep4193,YESYIPGAL_B*40:01,tcr321,0
immrep4194,GEVLACYAL_B*40:01,tcr598,0
immrep4195,HLDDYPYLM_A*02:01,tcr49,0
immrep4196,FLDCKSYIL_A*02:01,tcr966,0
immrep4197,MTDYDYLEV_A*02:01,tcr199,0
immrep4198,TVYPYGTSL_A*02:01,tcr688,0
immrep4199,YLFNADIWI_A*02:01,tcr182,0
immrep4200,YMFYDGYDV_A*02:01,tcr950,0
immrep4201,GENALTYAL_B*40:01,tcr388,0
immrep4202,SEESAFYVL_B*40:01,tcr897,0
immrep4203,YENGSTPVL_B*40:01,tcr387,0
immrep4204,TVYPYGTSL_A*02:01,tcr201,0
immrep4205,YESYIPGAL_B*40:01,tcr297,0
immrep4206,YENGSTPVL_B*40:01,tcr547,0
immrep4207,FLDCKSYIL_A*02:01,tcr397,0
immrep4208,HLDDYPYLM_A*02:01,tcr238,0
immrep4209,MENWSALEL_B*40:01,tcr363,0
immrep4210,SEESAFYVL_B*40:01,tcr761,0
immrep4211,YEDGVIFYL_B*40:01,tcr726,0
immrep4212,MTDYDYLEV_A*02:01,tcr238,0
immrep4213,ILMHATYFL_A*02:01,tcr240,0
immrep4214,YMFYDGYDV_A*02:01,tcr743,0
immrep4215,MTDYDYLEV_A*02:01,tcr138,0
immrep4216,SEESAFYVL_B*40:01,tcr618,0
immrep4217,FLDCKSYIL_A*02:01,tcr798,0
immrep4218,YENGSTPVL_B*40:01,tcr955,0
immrep4219,FLDCKSYIL_A*02:01,tcr356,0
immrep4220,YENGSTPVL_B*40:01,tcr945,0
immrep4221,GENALTYAL_B*40:01,tcr321,0
immrep4222,HLDDYPYLM_A*02:01,tcr228,0
immrep4223,HLDDYPYLM_A*02:01,tcr341,0
immrep4224,YEDGVIFYL_B*40:01,tcr66,0
immrep4225,MENWSALEL_B*40:01,tcr773,0
immrep4226,YENGSTPVL_B*40:01,tcr604,0
immrep4227,SEESAFYVL_B*40:01,tcr529,0
immrep4228,YESYIPGAL_B*40:01,tcr679,0
immrep4229,YESYIPGAL_B*40:01,tcr813,0
immrep4230,MEMPDYLLL_B*40:01,tcr132,0
immrep4231,SQFNWTIYL_A*02:01,tcr442,0
immrep4232,SEESAFYVL_B*40:01,tcr813,0
immrep4233,GEVLACYAL_B*40:01,tcr310,0
immrep4234,GEVLACYAL_B*40:01,tcr986,0
immrep4235,SQFNWTIYL_A*02:01,tcr140,0
immrep4236,FLDCKSYIL_A*02:01,tcr578,0
immrep4237,ILMHATYFL_A*02:01,tcr477,0
immrep4238,FLDCKSYIL_A*02:01,tcr860,0
immrep4239,YENGSTPVL_B*40:01,tcr62,0
immrep4240,GENALTYAL_B*40:01,tcr841,0
immrep4241,REDDYSVWL_B*40:01,tcr81,0
immrep4242,MENWSALEL_B*40:01,tcr161,0
immrep4243,YLFNADIWI_A*02:01,tcr830,0
immrep4244,YLFNADIWI_A*02:01,tcr569,0
immrep4245,YENGSTPVL_B*40:01,tcr52,0
immrep4246,GEVLACYAL_B*40:01,tcr298,0
immrep4247,YESYIPGAL_B*40:01,tcr315,0
immrep4248,REDDYSVWL_B*40:01,tcr322,0
immrep4249,MENWSALEL_B*40:01,tcr326,0
immrep4250,MENWSALEL_B*40:01,tcr721,0
immrep4251,KLYPFLWFA_A*02:01,tcr336,0
immrep4252,REDDYSVWL_B*40:01,tcr493,0
immrep4253,GEVLACYAL_B*40:01,tcr673,0
immrep4254,ILHTHVPEV_A*02:01,tcr816,0
immrep4255,SQFNWTIYL_A*02:01,tcr612,0
immrep4256,YLFNADIWI_A*02:01,tcr346,0
immrep4257,YLFNADIWI_A*02:01,tcr268,0
immrep4258,YMFYDGYDV_A*02:01,tcr632,0
immrep4259,YLFNADIWI_A*02:01,tcr318,0
immrep4260,MEMPDYLLL_B*40:01,tcr127,0
immrep4261,SEESAFYVL_B*40:01,tcr533,0
immrep4262,HLDDYPYLM_A*02:01,tcr816,0
immrep4263,FLDCKSYIL_A*02:01,tcr494,0
immrep4264,GEVLACYAL_B*40:01,tcr342,0
immrep4265,YLFNADIWI_A*02:01,tcr446,0
immrep4266,YMFYDGYDV_A*02:01,tcr95,0
immrep4267,YEDGVIFYL_B*40:01,tcr83,0
immrep4268,MTDYDYLEV_A*02:01,tcr907,0
immrep4269,TVYPYGTSL_A*02:01,tcr709,0
immrep4270,MEMPDYLLL_B*40:01,tcr183,0
immrep4271,YMFYDGYDV_A*02:01,tcr535,0
immrep4272,SEESAFYVL_B*40:01,tcr536,0
immrep4273,YMFYDGYDV_A*02:01,tcr946,0
immrep4274,MEMPDYLLL_B*40:01,tcr86,0
immrep4275,SQFNWTIYL_A*02:01,tcr240,0
immrep4276,YESYIPGAL_B*40:01,tcr13,0
immrep4277,REDDYSVWL_B*40:01,tcr13,0
immrep4278,ILHTHVPEV_A*02:01,tcr261,0
immrep4279,ILHTHVPEV_A*02:01,tcr877,0
immrep4280,SEESAFYVL_B*40:01,tcr951,0
immrep4281,ILHTHVPEV_A*02:01,tcr530,0
immrep4282,FLDCKSYIL_A*02:01,tcr140,0
immrep4283,YLFNADIWI_A*02:01,tcr97,0
immrep4284,KLYPFLWFA_A*02:01,tcr80,0
immrep4285,REDDYSVWL_B*40:01,tcr960,0
immrep4286,HLDDYPYLM_A*02:01,tcr193,0
immrep4287,FEAQPGALL_B*40:01,tcr247,0
immrep4288,YMFYDGYDV_A*02:01,tcr214,0
immrep4289,YENGSTPVL_B*40:01,tcr870,0
immrep4290,YLFNADIWI_A*02:01,tcr518,0
immrep4291,YEDGVIFYL_B*40:01,tcr443,0
immrep4292,YEDGVIFYL_B*40:01,tcr447,0
immrep4293,GEVLACYAL_B*40:01,tcr926,0
immrep4294,FEAQPGALL_B*40:01,tcr561,0
immrep4295,SQFNWTIYL_A*02:01,tcr289,0
immrep4296,YESYIPGAL_B*40:01,tcr673,0
immrep4297,MEMPDYLLL_B*40:01,tcr541,0
immrep4298,YEDGVIFYL_B*40:01,tcr926,0
immrep4299,TVYPYGTSL_A*02:01,tcr619,0
immrep4300,ILHTHVPEV_A*02:01,tcr964,0
immrep4301,FEAQPGALL_B*40:01,tcr767,0
immrep4302,MENWSALEL_B*40:01,tcr905,0
immrep4303,SQFNWTIYL_A*02:01,tcr129,0
immrep4304,FEAQPGALL_B*40:01,tcr128,0
immrep4305,REDDYSVWL_B*40:01,tcr511,0
immrep4306,MEMPDYLLL_B*40:01,tcr126,0
immrep4307,ILHTHVPEV_A*02:01,tcr25,0
immrep4308,GENALTYAL_B*40:01,tcr405,0
immrep4309,YLFNADIWI_A*02:01,tcr808,0
immrep4310,MENWSALEL_B*40:01,tcr847,0
immrep4311,FLDCKSYIL_A*02:01,tcr616,0
immrep4312,SQFNWTIYL_A*02:01,tcr771,0
immrep4313,FLDCKSYIL_A*02:01,tcr395,0
immrep4314,TVYPYGTSL_A*02:01,tcr87,0
immrep4315,KLYPFLWFA_A*02:01,tcr702,0
immrep4316,YENGSTPVL_B*40:01,tcr525,0
immrep4317,KLYPFLWFA_A*02:01,tcr268,0
immrep4318,GEVLACYAL_B*40:01,tcr386,0
immrep4319,YESYIPGAL_B*40:01,tcr76,0
immrep4320,REDDYSVWL_B*40:01,tcr326,0
immrep4321,YEDGVIFYL_B*40:01,tcr945,0
immrep4322,ILHTHVPEV_A*02:01,tcr373,0
immrep4323,GEVLACYAL_B*40:01,tcr462,0
immrep4324,FLDCKSYIL_A*02:01,tcr695,0
immrep4325,YESYIPGAL_B*40:01,tcr275,0
immrep4326,YLFNADIWI_A*02:01,tcr336,0
immrep4327,FLDCKSYIL_A*02:01,tcr89,0
immrep4328,GEVLACYAL_B*40:01,tcr507,0
immrep4329,MTDYDYLEV_A*02:01,tcr57,0
immrep4330,YLFNADIWI_A*02:01,tcr526,0
immrep4331,MTDYDYLEV_A*02:01,tcr56,0
immrep4332,MEMPDYLLL_B*40:01,tcr546,0
immrep4333,FEAQPGALL_B*40:01,tcr774,0
immrep4334,TVYPYGTSL_A*02:01,tcr978,0
immrep4335,ILMHATYFL_A*02:01,tcr341,0
immrep4336,SEESAFYVL_B*40:01,tcr501,0
immrep4337,MTDYDYLEV_A*02:01,tcr930,0
immrep4338,MENWSALEL_B*40:01,tcr586,0
immrep4339,ILMHATYFL_A*02:01,tcr976,0
immrep4340,GENALTYAL_B*40:01,tcr70,0
immrep4341,YESYIPGAL_B*40:01,tcr623,0
immrep4342,YLFNADIWI_A*02:01,tcr224,0
immrep4343,MEMPDYLLL_B*40:01,tcr329,0
immrep4344,YMFYDGYDV_A*02:01,tcr232,0
immrep4345,SEESAFYVL_B*40:01,tcr390,0
immrep4346,FLDCKSYIL_A*02:01,tcr751,0
immrep4347,FEAQPGALL_B*40:01,tcr198,0
immrep4348,FEAQPGALL_B*40:01,tcr849,0
immrep4349,ILMHATYFL_A*02:01,tcr11,0
immrep4350,KLYPFLWFA_A*02:01,tcr57,0
immrep4351,KLYPFLWFA_A*02:01,tcr670,0
immrep4352,YMFYDGYDV_A*02:01,tcr224,0
immrep4353,GENALTYAL_B*40:01,tcr646,0
immrep4354,MENWSALEL_B*40:01,tcr144,0
immrep4355,YESYIPGAL_B*40:01,tcr770,0
immrep4356,YESYIPGAL_B*40:01,tcr865,0
immrep4357,FEAQPGALL_B*40:01,tcr797,0
immrep4358,SEESAFYVL_B*40:01,tcr146,0
immrep4359,YESYIPGAL_B*40:01,tcr810,0
immrep4360,REDDYSVWL_B*40:01,tcr223,0
immrep4361,MEMPDYLLL_B*40:01,tcr769,0
immrep4362,KLYPFLWFA_A*02:01,tcr63,0
immrep4363,MTDYDYLEV_A*02:01,tcr591,0
immrep4364,KLYPFLWFA_A*02:01,tcr664,0
immrep4365,SEESAFYVL_B*40:01,tcr886,0
immrep4366,YESYIPGAL_B*40:01,tcr551,0
immrep4367,ILMHATYFL_A*02:01,tcr837,0
immrep4368,FEAQPGALL_B*40:01,tcr557,0
immrep4369,FEAQPGALL_B*40:01,tcr542,0
immrep4370,FLDCKSYIL_A*02:01,tcr816,0
immrep4371,ILHTHVPEV_A*02:01,tcr724,0
immrep4372,YESYIPGAL_B*40:01,tcr342,0
immrep4373,YMFYDGYDV_A*02:01,tcr320,0
immrep4374,TVYPYGTSL_A*02:01,tcr383,0
immrep4375,YENGSTPVL_B*40:01,tcr245,0
immrep4376,REDDYSVWL_B*40:01,tcr824,0
immrep4377,KLYPFLWFA_A*02:01,tcr502,0
immrep4378,ILMHATYFL_A*02:01,tcr651,0
immrep4379,FLDCKSYIL_A*02:01,tcr706,0
immrep4380,SQFNWTIYL_A*02:01,tcr477,0
immrep4381,KLYPFLWFA_A*02:01,tcr416,0
immrep4382,SEESAFYVL_B*40:01,tcr528,0
immrep4383,ILHTHVPEV_A*02:01,tcr73,0
immrep4384,YMFYDGYDV_A*02:01,tcr240,0
immrep4385,YENGSTPVL_B*40:01,tcr797,0
immrep4386,GEVLACYAL_B*40:01,tcr443,0
immrep4387,HLDDYPYLM_A*02:01,tcr639,0
immrep4388,YEDGVIFYL_B*40:01,tcr9,0
immrep4389,HLDDYPYLM_A*02:01,tcr983,0
immrep4390,FLDCKSYIL_A*02:01,tcr99,0
immrep4391,HLDDYPYLM_A*02:01,tcr343,0
immrep4392,TVYPYGTSL_A*02:01,tcr433,0
immrep4393,MENWSALEL_B*40:01,tcr198,0
immrep4394,YMFYDGYDV_A*02:01,tcr182,0
immrep4395,YLFNADIWI_A*02:01,tcr600,0
immrep4396,MTDYDYLEV_A*02:01,tcr215,0
immrep4397,YEDGVIFYL_B*40:01,tcr551,0
immrep4398,ILHTHVPEV_A*02:01,tcr370,0
immrep4399,YENGSTPVL_B*40:01,tcr279,0
immrep4400,YMFYDGYDV_A*02:01,tcr974,0
immrep4401,ILHTHVPEV_A*02:01,tcr933,0
immrep4402,TVYPYGTSL_A*02:01,tcr744,0
immrep4403,TVYPYGTSL_A*02:01,tcr638,0
immrep4404,YENGSTPVL_B*40:01,tcr513,0
immrep4405,SEESAFYVL_B*40:01,tcr849,0
immrep4406,TVYPYGTSL_A*02:01,tcr420,0
immrep4407,GENALTYAL_B*40:01,tcr615,0
immrep4408,SEESAFYVL_B*40:01,tcr41,0
immrep4409,KLYPFLWFA_A*02:01,tcr232,0
immrep4410,ILMHATYFL_A*02:01,tcr123,0
immrep4411,SEESAFYVL_B*40:01,tcr699,0
immrep4412,MTDYDYLEV_A*02:01,tcr468,0
immrep4413,SQFNWTIYL_A*02:01,tcr290,0
immrep4414,REDDYSVWL_B*40:01,tcr673,0
immrep4415,GEVLACYAL_B*40:01,tcr721,0
immrep4416,FLDCKSYIL_A*02:01,tcr762,0
immrep4417,SEESAFYVL_B*40:01,tcr873,0
immrep4418,MEMPDYLLL_B*40:01,tcr351,0
immrep4419,MENWSALEL_B*40:01,tcr296,0
immrep4420,FEAQPGALL_B*40:01,tcr142,0
immrep4421,TVYPYGTSL_A*02:01,tcr57,0
immrep4422,REDDYSVWL_B*40:01,tcr893,0
immrep4423,TVYPYGTSL_A*02:01,tcr151,0
immrep4424,REDDYSVWL_B*40:01,tcr520,0
immrep4425,TVYPYGTSL_A*02:01,tcr106,0
immrep4426,GEVLACYAL_B*40:01,tcr929,0
immrep4427,FEAQPGALL_B*40:01,tcr869,0
immrep4428,MTDYDYLEV_A*02:01,tcr135,0
immrep4429,ILMHATYFL_A*02:01,tcr305,0
immrep4430,YLFNADIWI_A*02:01,tcr934,0
immrep4431,MTDYDYLEV_A*02:01,tcr942,0
immrep4432,YLFNADIWI_A*02:01,tcr357,0
immrep4433,TVYPYGTSL_A*02:01,tcr17,0
immrep4434,MEMPDYLLL_B*40:01,tcr506,0
immrep4435,SQFNWTIYL_A*02:01,tcr671,0
immrep4436,FLDCKSYIL_A*02:01,tcr715,0
immrep4437,MENWSALEL_B*40:01,tcr227,0
immrep4438,MEMPDYLLL_B*40:01,tcr247,0
immrep4439,SEESAFYVL_B*40:01,tcr315,0
immrep4440,ILHTHVPEV_A*02:01,tcr182,0
immrep4441,TVYPYGTSL_A*02:01,tcr837,0
immrep4442,YESYIPGAL_B*40:01,tcr721,0
immrep4443,YESYIPGAL_B*40:01,tcr82,0
immrep4444,ILMHATYFL_A*02:01,tcr664,0
immrep4445,YENGSTPVL_B*40:01,tcr314,0
immrep4446,YEDGVIFYL_B*40:01,tcr604,0
immrep4447,GEVLACYAL_B*40:01,tcr461,0
immrep4448,FLDCKSYIL_A*02:01,tcr658,0
immrep4449,SEESAFYVL_B*40:01,tcr204,0
immrep4450,GEVLACYAL_B*40:01,tcr925,0
immrep4451,SQFNWTIYL_A*02:01,tcr187,0
immrep4452,YMFYDGYDV_A*02:01,tcr4,0
immrep4453,MENWSALEL_B*40:01,tcr66,0
immrep4454,FLDCKSYIL_A*02:01,tcr108,0
immrep4455,YENGSTPVL_B*40:01,tcr887,0
immrep4456,ILMHATYFL_A*02:01,tcr401,0
immrep4457,SQFNWTIYL_A*02:01,tcr119,0
immrep4458,ILHTHVPEV_A*02:01,tcr691,0
immrep4459,REDDYSVWL_B*40:01,tcr38,0
immrep4460,ILHTHVPEV_A*02:01,tcr834,0
immrep4461,FLDCKSYIL_A*02:01,tcr534,0
immrep4462,REDDYSVWL_B*40:01,tcr835,0
immrep4463,YEDGVIFYL_B*40:01,tcr58,0
immrep4464,KLYPFLWFA_A*02:01,tcr122,0
immrep4465,MEMPDYLLL_B*40:01,tcr599,0
immrep4466,YESYIPGAL_B*40:01,tcr33,0
immrep4467,MTDYDYLEV_A*02:01,tcr372,0
immrep4468,HLDDYPYLM_A*02:01,tcr994,0
immrep4469,SQFNWTIYL_A*02:01,tcr915,0
immrep4470,YLFNADIWI_A*02:01,tcr741,0
immrep4471,ILHTHVPEV_A*02:01,tcr689,0
immrep4472,HLDDYPYLM_A*02:01,tcr334,0
immrep4473,MEMPDYLLL_B*40:01,tcr202,0
immrep4474,MEMPDYLLL_B*40:01,tcr775,0
immrep4475,ILHTHVPEV_A*02:01,tcr93,0
immrep4476,YENGSTPVL_B*40:01,tcr565,0
immrep4477,GEVLACYAL_B*40:01,tcr142,0
immrep4478,YENGSTPVL_B*40:01,tcr333,0
immrep4479,GENALTYAL_B*40:01,tcr392,0
immrep4480,YENGSTPVL_B*40:01,tcr179,0
immrep4481,FEAQPGALL_B*40:01,tcr152,0
immrep4482,MEMPDYLLL_B*40:01,tcr142,0
immrep4483,HLDDYPYLM_A*02:01,tcr89,0
immrep4484,YLFNADIWI_A*02:01,tcr671,0
immrep4485,REDDYSVWL_B*40:01,tcr479,0
immrep4486,MEMPDYLLL_B*40:01,tcr693,0
immrep4487,YLFNADIWI_A*02:01,tcr891,0
immrep4488,TVYPYGTSL_A*02:01,tcr743,0
immrep4489,MEMPDYLLL_B*40:01,tcr322,0
immrep4490,YESYIPGAL_B*40:01,tcr218,0
immrep4491,MTDYDYLEV_A*02:01,tcr380,0
immrep4492,SEESAFYVL_B*40:01,tcr299,0
immrep4493,HLDDYPYLM_A*02:01,tcr901,0
immrep4494,YMFYDGYDV_A*02:01,tcr583,0
immrep4495,ILHTHVPEV_A*02:01,tcr682,0
immrep4496,ILHTHVPEV_A*02:01,tcr119,0
immrep4497,TVYPYGTSL_A*02:01,tcr27,0
immrep4498,REDDYSVWL_B*40:01,tcr958,0
immrep4499,KLYPFLWFA_A*02:01,tcr103,0
immrep4500,YMFYDGYDV_A*02:01,tcr650,0
immrep4501,GEVLACYAL_B*40:01,tcr571,0
immrep4502,SEESAFYVL_B*40:01,tcr98,0
immrep4503,HLDDYPYLM_A*02:01,tcr746,0
immrep4504,KLYPFLWFA_A*02:01,tcr988,0
immrep4505,YENGSTPVL_B*40:01,tcr634,0
immrep4506,YLFNADIWI_A*02:01,tcr65,0
immrep4507,GENALTYAL_B*40:01,tcr797,0
immrep4508,SQFNWTIYL_A*02:01,tcr762,0
immrep4509,YENGSTPVL_B*40:01,tcr332,0
immrep4510,ILMHATYFL_A*02:01,tcr224,0
immrep4511,SQFNWTIYL_A*02:01,tcr591,0
immrep4512,MENWSALEL_B*40:01,tcr317,0
immrep4513,YESYIPGAL_B*40:01,tcr29,0
immrep4514,HLDDYPYLM_A*02:01,tcr4,0
immrep4515,ILMHATYFL_A*02:01,tcr170,0
immrep4516,SEESAFYVL_B*40:01,tcr194,0
immrep4517,ILHTHVPEV_A*02:01,tcr804,0
immrep4518,GENALTYAL_B*40:01,tcr678,0
immrep4519,TVYPYGTSL_A*02:01,tcr111,0
immrep4520,REDDYSVWL_B*40:01,tcr26,0
immrep4521,MTDYDYLEV_A*02:01,tcr39,0
immrep4522,MTDYDYLEV_A*02:01,tcr509,0
immrep4523,MTDYDYLEV_A*02:01,tcr635,0
immrep4524,FLDCKSYIL_A*02:01,tcr936,0
immrep4525,YESYIPGAL_B*40:01,tcr757,0
immrep4526,MENWSALEL_B*40:01,tcr70,0
immrep4527,FEAQPGALL_B*40:01,tcr527,0
immrep4528,FLDCKSYIL_A*02:01,tcr217,0
immrep4529,MENWSALEL_B*40:01,tcr473,0
immrep4530,MEMPDYLLL_B*40:01,tcr390,0
immrep4531,REDDYSVWL_B*40:01,tcr371,0
immrep4532,GENALTYAL_B*40:01,tcr986,0
immrep4533,KLYPFLWFA_A*02:01,tcr706,0
immrep4534,ILHTHVPEV_A*02:01,tcr343,0
immrep4535,TVYPYGTSL_A*02:01,tcr44,0
immrep4536,YESYIPGAL_B*40:01,tcr457,0
immrep4537,ILMHATYFL_A*02:01,tcr368,0
immrep4538,SQFNWTIYL_A*02:01,tcr43,0
immrep4539,SQFNWTIYL_A*02:01,tcr162,0
immrep4540,YEDGVIFYL_B*40:01,tcr536,0
immrep4541,MEMPDYLLL_B*40:01,tcr67,0
immrep4542,ILMHATYFL_A*02:01,tcr316,0
immrep4543,YESYIPGAL_B*40:01,tcr987,0
immrep4544,YEDGVIFYL_B*40:01,tcr131,0
immrep4545,YENGSTPVL_B*40:01,tcr361,0
immrep4546,SEESAFYVL_B*40:01,tcr311,0
immrep4547,YENGSTPVL_B*40:01,tcr167,0
immrep4548,GENALTYAL_B*40:01,tcr959,0
immrep4549,ILMHATYFL_A*02:01,tcr397,0
immrep4550,FEAQPGALL_B*40:01,tcr227,0
immrep4551,ILHTHVPEV_A*02:01,tcr497,0
immrep4552,HLDDYPYLM_A*02:01,tcr707,0
immrep4553,FLDCKSYIL_A*02:01,tcr725,0
immrep4554,FLDCKSYIL_A*02:01,tcr962,0
immrep4555,YENGSTPVL_B*40:01,tcr479,0
immrep4556,ILHTHVPEV_A*02:01,tcr549,0
immrep4557,MTDYDYLEV_A*02:01,tcr894,0
immrep4558,MENWSALEL_B*40:01,tcr812,0
immrep4559,MEMPDYLLL_B*40:01,tcr393,0
immrep4560,ILHTHVPEV_A*02:01,tcr400,0
immrep4561,MEMPDYLLL_B*40:01,tcr929,0
immrep4562,SEESAFYVL_B*40:01,tcr202,0
immrep4563,REDDYSVWL_B*40:01,tcr311,0
immrep4564,ILHTHVPEV_A*02:01,tcr141,0
immrep4565,TVYPYGTSL_A*02:01,tcr418,0
immrep4566,YMFYDGYDV_A*02:01,tcr287,0
immrep4567,GEVLACYAL_B*40:01,tcr312,0
immrep4568,FLDCKSYIL_A*02:01,tcr748,0
immrep4569,MENWSALEL_B*40:01,tcr511,0
immrep4570,YEDGVIFYL_B*40:01,tcr851,0
immrep4571,FEAQPGALL_B*40:01,tcr851,0
immrep4572,FLDCKSYIL_A*02:01,tcr85,0
immrep4573,GEVLACYAL_B*40:01,tcr636,0
immrep4574,SQFNWTIYL_A*02:01,tcr635,0
immrep4575,SQFNWTIYL_A*02:01,tcr30,0
immrep4576,ILMHATYFL_A*02:01,tcr856,0
immrep4577,ILHTHVPEV_A*02:01,tcr750,0
immrep4578,ILHTHVPEV_A*02:01,tcr6,0
immrep4579,SQFNWTIYL_A*02:01,tcr894,0
immrep4580,SEESAFYVL_B*40:01,tcr263,0
immrep4581,YEDGVIFYL_B*40:01,tcr390,0
immrep4582,MTDYDYLEV_A*02:01,tcr863,0
immrep4583,YLFNADIWI_A*02:01,tcr291,0
immrep4584,ILMHATYFL_A*02:01,tcr638,0
immrep4585,TVYPYGTSL_A*02:01,tcr725,0
immrep4586,YMFYDGYDV_A*02:01,tcr816,0
immrep4587,FEAQPGALL_B*40:01,tcr78,0
immrep4588,SEESAFYVL_B*40:01,tcr13,0
immrep4589,GENALTYAL_B*40:01,tcr145,0
immrep4590,GEVLACYAL_B*40:01,tcr51,0
immrep4591,ILHTHVPEV_A*02:01,tcr744,0
immrep4592,YEDGVIFYL_B*40:01,tcr847,0
immrep4593,MEMPDYLLL_B*40:01,tcr643,0
immrep4594,TVYPYGTSL_A*02:01,tcr438,0
immrep4595,MEMPDYLLL_B*40:01,tcr892,0
immrep4596,KLYPFLWFA_A*02:01,tcr435,0
immrep4597,FEAQPGALL_B*40:01,tcr945,0
immrep4598,REDDYSVWL_B*40:01,tcr981,0
immrep4599,SQFNWTIYL_A*02:01,tcr564,0
immrep4600,YMFYDGYDV_A*02:01,tcr915,0
immrep4601,MEMPDYLLL_B*40:01,tcr371,0
immrep4602,SEESAFYVL_B*40:01,tcr148,0
immrep4603,MTDYDYLEV_A*02:01,tcr241,0
immrep4604,YEDGVIFYL_B*40:01,tcr303,0
immrep4605,GEVLACYAL_B*40:01,tcr525,0
immrep4606,FLDCKSYIL_A*02:01,tcr830,0
immrep4607,SEESAFYVL_B*40:01,tcr645,0
immrep4608,FLDCKSYIL_A*02:01,tcr764,0
immrep4609,YMFYDGYDV_A*02:01,tcr60,0
immrep4610,YLFNADIWI_A*02:01,tcr974,0
immrep4611,YESYIPGAL_B*40:01,tcr659,0
immrep4612,MEMPDYLLL_B*40:01,tcr968,0
immrep4613,ILMHATYFL_A*02:01,tcr268,0
immrep4614,FEAQPGALL_B*40:01,tcr472,0
immrep4615,MTDYDYLEV_A*02:01,tcr993,0
immrep4616,MEMPDYLLL_B*40:01,tcr196,0
immrep4617,YLFNADIWI_A*02:01,tcr531,0
immrep4618,MENWSALEL_B*40:01,tcr8,0
immrep4619,YESYIPGAL_B*40:01,tcr463,0
immrep4620,HLDDYPYLM_A*02:01,tcr548,0
immrep4621,MEMPDYLLL_B*40:01,tcr96,0
immrep4622,MTDYDYLEV_A*02:01,tcr992,0
immrep4623,FEAQPGALL_B*40:01,tcr506,0
immrep4624,YESYIPGAL_B*40:01,tcr409,0
immrep4625,GENALTYAL_B*40:01,tcr142,0
immrep4626,TVYPYGTSL_A*02:01,tcr633,0
immrep4627,ILMHATYFL_A*02:01,tcr242,0
immrep4628,KLYPFLWFA_A*02:01,tcr754,0
immrep4629,YLFNADIWI_A*02:01,tcr720,0
immrep4630,YENGSTPVL_B*40:01,tcr739,0
immrep4631,YENGSTPVL_B*40:01,tcr577,0
immrep4632,SQFNWTIYL_A*02:01,tcr309,0
immrep4633,YESYIPGAL_B*40:01,tcr634,0
immrep4634,YLFNADIWI_A*02:01,tcr954,0
immrep4635,MEMPDYLLL_B*40:01,tcr274,0
immrep4636,TVYPYGTSL_A*02:01,tcr497,0
immrep4637,GENALTYAL_B*40:01,tcr606,0
immrep4638,ILMHATYFL_A*02:01,tcr108,0
immrep4639,YEDGVIFYL_B*40:01,tcr351,0
immrep4640,YMFYDGYDV_A*02:01,tcr306,0
immrep4641,ILMHATYFL_A*02:01,tcr241,0
immrep4642,KLYPFLWFA_A*02:01,tcr804,0
immrep4643,YESYIPGAL_B*40:01,tcr148,0
immrep4644,YEDGVIFYL_B*40:01,tcr648,0
immrep4645,MEMPDYLLL_B*40:01,tcr315,0
immrep4646,GENALTYAL_B*40:01,tcr32,0
immrep4647,GENALTYAL_B*40:01,tcr517,0
immrep4648,FEAQPGALL_B*40:01,tcr326,0
immrep4649,YESYIPGAL_B*40:01,tcr904,0
immrep4650,SQFNWTIYL_A*02:01,tcr438,0
immrep4651,ILMHATYFL_A*02:01,tcr4,0
immrep4652,REDDYSVWL_B*40:01,tcr8,0
immrep4653,KLYPFLWFA_A*02:01,tcr356,0
immrep4654,YEDGVIFYL_B*40:01,tcr335,0
immrep4655,FLDCKSYIL_A*02:01,tcr858,0
immrep4656,REDDYSVWL_B*40:01,tcr876,0
immrep4657,MEMPDYLLL_B*40:01,tcr507,0
immrep4658,FLDCKSYIL_A*02:01,tcr514,0
immrep4659,SQFNWTIYL_A*02:01,tcr680,0
immrep4660,YMFYDGYDV_A*02:01,tcr49,0
immrep4661,YEDGVIFYL_B*40:01,tcr776,0
immrep4662,REDDYSVWL_B*40:01,tcr753,0
immrep4663,MENWSALEL_B*40:01,tcr523,0
immrep4664,YEDGVIFYL_B*40:01,tcr183,0
immrep4665,MENWSALEL_B*40:01,tcr520,0
immrep4666,GENALTYAL_B*40:01,tcr297,0
immrep4667,REDDYSVWL_B*40:01,tcr342,0
immrep4668,YESYIPGAL_B*40:01,tcr920,0
immrep4669,YENGSTPVL_B*40:01,tcr823,0
immrep4670,YESYIPGAL_B*40:01,tcr152,0
immrep4671,MTDYDYLEV_A*02:01,tcr539,0
immrep4672,REDDYSVWL_B*40:01,tcr574,0
immrep4673,SQFNWTIYL_A*02:01,tcr307,0
immrep4674,YENGSTPVL_B*40:01,tcr997,0
immrep4675,GENALTYAL_B*40:01,tcr19,0
immrep4676,MENWSALEL_B*40:01,tcr568,0
immrep4677,MTDYDYLEV_A*02:01,tcr707,0
immrep4678,YENGSTPVL_B*40:01,tcr648,0
immrep4679,YMFYDGYDV_A*02:01,tcr764,0
immrep4680,KLYPFLWFA_A*02:01,tcr305,0
immrep4681,ILHTHVPEV_A*02:01,tcr61,0
immrep4682,YEDGVIFYL_B*40:01,tcr507,0
immrep4683,YLFNADIWI_A*02:01,tcr654,0
immrep4684,REDDYSVWL_B*40:01,tcr801,0
immrep4685,MEMPDYLLL_B*40:01,tcr943,0
immrep4686,YESYIPGAL_B*40:01,tcr965,0
immrep4687,ILHTHVPEV_A*02:01,tcr376,0
immrep4688,GENALTYAL_B*40:01,tcr195,0
immrep4689,YLFNADIWI_A*02:01,tcr818,0
immrep4690,GENALTYAL_B*40:01,tcr503,0
immrep4691,MEMPDYLLL_B*40:01,tcr955,0
immrep4692,ILMHATYFL_A*02:01,tcr815,0
immrep4693,GENALTYAL_B*40:01,tcr402,0
immrep4694,YENGSTPVL_B*40:01,tcr523,0
immrep4695,YENGSTPVL_B*40:01,tcr112,0
immrep4696,YMFYDGYDV_A*02:01,tcr381,0
immrep4697,ILMHATYFL_A*02:01,tcr872,0
immrep4698,MTDYDYLEV_A*02:01,tcr400,0
immrep4699,YMFYDGYDV_A*02:01,tcr369,0
immrep4700,GENALTYAL_B*40:01,tcr908,0
immrep4701,KLYPFLWFA_A*02:01,tcr864,0
immrep4702,YLFNADIWI_A*02:01,tcr151,0
immrep4703,REDDYSVWL_B*40:01,tcr525,0
immrep4704,YLFNADIWI_A*02:01,tcr406,0
immrep4705,YENGSTPVL_B*40:01,tcr385,0
immrep4706,YESYIPGAL_B*40:01,tcr203,0
immrep4707,GENALTYAL_B*40:01,tcr528,0
immrep4708,ILMHATYFL_A*02:01,tcr394,0
immrep4709,SEESAFYVL_B*40:01,tcr116,0
immrep4710,MEMPDYLLL_B*40:01,tcr410,0
immrep4711,FLDCKSYIL_A*02:01,tcr808,0
immrep4712,KLYPFLWFA_A*02:01,tcr589,0
immrep4713,YMFYDGYDV_A*02:01,tcr858,0
immrep4714,GEVLACYAL_B*40:01,tcr282,0
immrep4715,REDDYSVWL_B*40:01,tcr504,0
immrep4716,MTDYDYLEV_A*02:01,tcr820,0
immrep4717,YMFYDGYDV_A*02:01,tcr97,0
immrep4718,SQFNWTIYL_A*02:01,tcr798,0
immrep4719,FLDCKSYIL_A*02:01,tcr913,0
immrep4720,TVYPYGTSL_A*02:01,tcr31,0
immrep4721,GEVLACYAL_B*40:01,tcr570,0
immrep4722,MENWSALEL_B*40:01,tcr259,0
immrep4723,ILMHATYFL_A*02:01,tcr217,0
immrep4724,YESYIPGAL_B*40:01,tcr301,0
immrep4725,TVYPYGTSL_A*02:01,tcr777,0
immrep4726,ILHTHVPEV_A*02:01,tcr454,0
immrep4727,MEMPDYLLL_B*40:01,tcr941,0
immrep4728,MTDYDYLEV_A*02:01,tcr42,0
immrep4729,ILMHATYFL_A*02:01,tcr309,0
immrep4730,SEESAFYVL_B*40:01,tcr840,0
immrep4731,MTDYDYLEV_A*02:01,tcr852,0
immrep4732,YEDGVIFYL_B*40:01,tcr152,0
immrep4733,GENALTYAL_B*40:01,tcr152,0
immrep4734,SEESAFYVL_B*40:01,tcr455,0
immrep4735,YLFNADIWI_A*02:01,tcr95,0
immrep4736,TVYPYGTSL_A*02:01,tcr957,0
immrep4737,REDDYSVWL_B*40:01,tcr461,0
immrep4738,GEVLACYAL_B*40:01,tcr333,0
immrep4739,TVYPYGTSL_A*02:01,tcr135,0
immrep4740,GENALTYAL_B*40:01,tcr610,0
immrep4741,YLFNADIWI_A*02:01,tcr50,0
immrep4742,FLDCKSYIL_A*02:01,tcr644,0
immrep4743,KLYPFLWFA_A*02:01,tcr180,0
immrep4744,REDDYSVWL_B*40:01,tcr920,0
immrep4745,FEAQPGALL_B*40:01,tcr657,0
immrep4746,YENGSTPVL_B*40:01,tcr693,0
immrep4747,HLDDYPYLM_A*02:01,tcr494,0
immrep4748,YLFNADIWI_A*02:01,tcr760,0
immrep4749,FEAQPGALL_B*40:01,tcr889,0
immrep4750,ILMHATYFL_A*02:01,tcr352,0
immrep4751,ILHTHVPEV_A*02:01,tcr406,0
immrep4752,MEMPDYLLL_B*40:01,tcr110,0
immrep4753,YESYIPGAL_B*40:01,tcr517,0
immrep4754,GENALTYAL_B*40:01,tcr203,0
immrep4755,YESYIPGAL_B*40:01,tcr154,0
immrep4756,ILHTHVPEV_A*02:01,tcr416,0
immrep4757,REDDYSVWL_B*40:01,tcr359,0
immrep4758,MTDYDYLEV_A*02:01,tcr476,0
immrep4759,FEAQPGALL_B*40:01,tcr144,0
immrep4760,REDDYSVWL_B*40:01,tcr485,0
immrep4761,YESYIPGAL_B*40:01,tcr696,0
immrep4762,ILMHATYFL_A*02:01,tcr91,0
immrep4763,SQFNWTIYL_A*02:01,tcr108,0
immrep4764,REDDYSVWL_B*40:01,tcr330,0
immrep4765,YENGSTPVL_B*40:01,tcr802,0
immrep4766,GENALTYAL_B*40:01,tcr636,0
immrep4767,YLFNADIWI_A*02:01,tcr168,0
immrep4768,KLYPFLWFA_A*02:01,tcr815,0
immrep4769,FLDCKSYIL_A*02:01,tcr874,0
immrep4770,KLYPFLWFA_A*02:01,tcr521,0
immrep4771,FLDCKSYIL_A*02:01,tcr175,0
immrep4772,KLYPFLWFA_A*02:01,tcr433,0
immrep4773,YENGSTPVL_B*40:01,tcr371,0
immrep4774,HLDDYPYLM_A*02:01,tcr694,0
immrep4775,SEESAFYVL_B*40:01,tcr188,0
immrep4776,MTDYDYLEV_A*02:01,tcr682,0
immrep4777,ILHTHVPEV_A*02:01,tcr380,0
immrep4778,MENWSALEL_B*40:01,tcr696,0
immrep4779,ILHTHVPEV_A*02:01,tcr505,0
immrep4780,MENWSALEL_B*40:01,tcr197,0
immrep4781,YENGSTPVL_B*40:01,tcr599,0
immrep4782,ILHTHVPEV_A*02:01,tcr304,0
immrep4783,YMFYDGYDV_A*02:01,tcr106,0
immrep4784,SEESAFYVL_B*40:01,tcr198,0
immrep4785,MEMPDYLLL_B*40:01,tcr169,0
immrep4786,KLYPFLWFA_A*02:01,tcr53,0
immrep4787,FEAQPGALL_B*40:01,tcr609,0
immrep4788,SQFNWTIYL_A*02:01,tcr437,0
immrep4789,KLYPFLWFA_A*02:01,tcr209,0
immrep4790,MENWSALEL_B*40:01,tcr202,0
immrep4791,YENGSTPVL_B*40:01,tcr13,0
immrep4792,SQFNWTIYL_A*02:01,tcr613,0
immrep4793,YMFYDGYDV_A*02:01,tcr864,0
immrep4794,MTDYDYLEV_A*02:01,tcr688,0
immrep4795,YLFNADIWI_A*02:01,tcr744,0
immrep4796,YEDGVIFYL_B*40:01,tcr969,0
immrep4797,YLFNADIWI_A*02:01,tcr535,0
immrep4798,YLFNADIWI_A*02:01,tcr927,0
immrep4799,YENGSTPVL_B*40:01,tcr769,0
immrep4800,REDDYSVWL_B*40:01,tcr183,0
immrep4801,ILHTHVPEV_A*02:01,tcr290,0
immrep4802,MENWSALEL_B*40:01,tcr145,0
immrep4803,FEAQPGALL_B*40:01,tcr558,0
immrep4804,TVYPYGTSL_A*02:01,tcr205,0
immrep4805,SEESAFYVL_B*40:01,tcr525,0
immrep4806,HLDDYPYLM_A*02:01,tcr716,0
immrep4807,GEVLACYAL_B*40:01,tcr274,0
immrep4808,SEESAFYVL_B*40:01,tcr142,0
immrep4809,GEVLACYAL_B*40:01,tcr19,0
immrep4810,FEAQPGALL_B*40:01,tcr850,0
immrep4811,MEMPDYLLL_B*40:01,tcr551,0
immrep4812,SEESAFYVL_B*40:01,tcr561,0
immrep4813,ILHTHVPEV_A*02:01,tcr170,0
immrep4814,MEMPDYLLL_B*40:01,tcr296,0
immrep4815,REDDYSVWL_B*40:01,tcr455,0
immrep4816,GEVLACYAL_B*40:01,tcr990,0
immrep4817,YMFYDGYDV_A*02:01,tcr372,0
immrep4818,GENALTYAL_B*40:01,tcr844,0
immrep4819,TVYPYGTSL_A*02:01,tcr644,0
immrep4820,MENWSALEL_B*40:01,tcr361,0
immrep4821,FLDCKSYIL_A*02:01,tcr567,0
immrep4822,YEDGVIFYL_B*40:01,tcr8,0
immrep4823,SEESAFYVL_B*40:01,tcr919,0
immrep4824,ILMHATYFL_A*02:01,tcr733,0
immrep4825,REDDYSVWL_B*40:01,tcr198,0
immrep4826,TVYPYGTSL_A*02:01,tcr255,0
immrep4827,SEESAFYVL_B*40:01,tcr945,0
immrep4828,SQFNWTIYL_A*02:01,tcr343,0
immrep4829,SQFNWTIYL_A*02:01,tcr786,0
immrep4830,FLDCKSYIL_A*02:01,tcr139,0
immrep4831,HLDDYPYLM_A*02:01,tcr433,0
immrep4832,REDDYSVWL_B*40:01,tcr310,0
immrep4833,YMFYDGYDV_A*02:01,tcr655,0
immrep4834,GEVLACYAL_B*40:01,tcr628,0
immrep4835,YEDGVIFYL_B*40:01,tcr413,0
immrep4836,FLDCKSYIL_A*02:01,tcr137,0
immrep4837,GENALTYAL_B*40:01,tcr949,0
immrep4838,ILMHATYFL_A*02:01,tcr383,0
immrep4839,MTDYDYLEV_A*02:01,tcr837,0
immrep4840,FLDCKSYIL_A*02:01,tcr635,0
immrep4841,FLDCKSYIL_A*02:01,tcr650,0
immrep4842,GENALTYAL_B*40:01,tcr354,0
immrep4843,ILMHATYFL_A*02:01,tcr814,0
immrep4844,MEMPDYLLL_B*40:01,tcr131,0
immrep4845,MTDYDYLEV_A*02:01,tcr378,0
immrep4846,YMFYDGYDV_A*02:01,tcr649,0
immrep4847,GENALTYAL_B*40:01,tcr801,0
immrep4848,MENWSALEL_B*40:01,tcr723,0
immrep4849,YLFNADIWI_A*02:01,tcr341,0
immrep4850,YMFYDGYDV_A*02:01,tcr530,0
immrep4851,SQFNWTIYL_A*02:01,tcr403,0
immrep4852,MEMPDYLLL_B*40:01,tcr663,0
immrep4853,GEVLACYAL_B*40:01,tcr546,0
immrep4854,YENGSTPVL_B*40:01,tcr532,0
immrep4855,FEAQPGALL_B*40:01,tcr981,0
immrep4856,GEVLACYAL_B*40:01,tcr807,0
immrep4857,ILHTHVPEV_A*02:01,tcr858,0
immrep4858,MTDYDYLEV_A*02:01,tcr576,0
immrep4859,KLYPFLWFA_A*02:01,tcr221,0
immrep4860,GEVLACYAL_B*40:01,tcr819,0
immrep4861,MEMPDYLLL_B*40:01,tcr602,0
immrep4862,TVYPYGTSL_A*02:01,tcr680,0
immrep4863,FLDCKSYIL_A*02:01,tcr583,0
immrep4864,FEAQPGALL_B*40:01,tcr310,0
immrep4865,YENGSTPVL_B*40:01,tcr34,0
immrep4866,FEAQPGALL_B*40:01,tcr684,0
immrep4867,HLDDYPYLM_A*02:01,tcr174,0
immrep4868,YEDGVIFYL_B*40:01,tcr33,0
immrep4869,ILHTHVPEV_A*02:01,tcr913,0
immrep4870,GENALTYAL_B*40:01,tcr807,0
immrep4871,TVYPYGTSL_A*02:01,tcr477,0
immrep4872,MTDYDYLEV_A*02:01,tcr631,0
immrep4873,MENWSALEL_B*40:01,tcr9,0
immrep4874,TVYPYGTSL_A*02:01,tcr347,0
immrep4875,MTDYDYLEV_A*02:01,tcr381,0
immrep4876,REDDYSVWL_B*40:01,tcr975,0
immrep4877,YLFNADIWI_A*02:01,tcr740,0
immrep4878,FEAQPGALL_B*40:01,tcr359,0
immrep4879,REDDYSVWL_B*40:01,tcr404,0
immrep4880,YENGSTPVL_B*40:01,tcr889,0
immrep4881,YEDGVIFYL_B*40:01,tcr399,0
immrep4882,YMFYDGYDV_A*02:01,tcr352,0
immrep4883,GENALTYAL_B*40:01,tcr574,0
immrep4884,MTDYDYLEV_A*02:01,tcr4,0
immrep4885,REDDYSVWL_B*40:01,tcr851,0
immrep4886,SEESAFYVL_B*40:01,tcr5,0
immrep4887,REDDYSVWL_B*40:01,tcr995,0
immrep4888,ILMHATYFL_A*02:01,tcr639,0
immrep4889,YENGSTPVL_B*40:01,tcr14,0
immrep4890,GENALTYAL_B*40:01,tcr768,0
immrep4891,FLDCKSYIL_A*02:01,tcr967,0
immrep4892,YENGSTPVL_B*40:01,tcr173,0
immrep4893,REDDYSVWL_B*40:01,tcr990,0
immrep4894,TVYPYGTSL_A*02:01,tcr852,0
immrep4895,MEMPDYLLL_B*40:01,tcr673,0
immrep4896,FLDCKSYIL_A*02:01,tcr549,0
immrep4897,YEDGVIFYL_B*40:01,tcr51,0
immrep4898,FLDCKSYIL_A*02:01,tcr53,0
immrep4899,YENGSTPVL_B*40:01,tcr79,0
immrep4900,REDDYSVWL_B*40:01,tcr987,0
immrep4901,YEDGVIFYL_B*40:01,tcr739,0
immrep4902,YMFYDGYDV_A*02:01,tcr531,0
immrep4903,SQFNWTIYL_A*02:01,tcr370,0
immrep4904,MTDYDYLEV_A*02:01,tcr366,0
immrep4905,TVYPYGTSL_A*02:01,tcr590,0
immrep4906,ILMHATYFL_A*02:01,tcr803,0
immrep4907,KLYPFLWFA_A*02:01,tcr417,0
immrep4908,YENGSTPVL_B*40:01,tcr470,0
immrep4909,TVYPYGTSL_A*02:01,tcr514,0
immrep4910,MTDYDYLEV_A*02:01,tcr214,0
immrep4911,GEVLACYAL_B*40:01,tcr501,0
immrep4912,FEAQPGALL_B*40:01,tcr753,0
immrep4913,MENWSALEL_B*40:01,tcr275,0
immrep4914,HLDDYPYLM_A*02:01,tcr918,0
immrep4915,YEDGVIFYL_B*40:01,tcr598,0
immrep4916,FEAQPGALL_B*40:01,tcr114,0
immrep4917,KLYPFLWFA_A*02:01,tcr465,0
immrep4918,SQFNWTIYL_A*02:01,tcr964,0
immrep4919,REDDYSVWL_B*40:01,tcr297,0
immrep4920,YENGSTPVL_B*40:01,tcr393,0
immrep4921,HLDDYPYLM_A*02:01,tcr530,0
immrep4922,MENWSALEL_B*40:01,tcr458,0
immrep4923,MEMPDYLLL_B*40:01,tcr485,0
immrep4924,YENGSTPVL_B*40:01,tcr315,0
immrep4925,ILMHATYFL_A*02:01,tcr672,0
immrep4926,YEDGVIFYL_B*40:01,tcr788,0
immrep4927,MTDYDYLEV_A*02:01,tcr933,0
immrep4928,YESYIPGAL_B*40:01,tcr761,0
immrep4929,YLFNADIWI_A*02:01,tcr534,0
immrep4930,SQFNWTIYL_A*02:01,tcr72,0
immrep4931,SEESAFYVL_B*40:01,tcr425,0
immrep4932,YENGSTPVL_B*40:01,tcr721,0
immrep4933,GEVLACYAL_B*40:01,tcr840,0
immrep4934,ILHTHVPEV_A*02:01,tcr185,0
immrep4935,KLYPFLWFA_A*02:01,tcr304,0
immrep4936,FLDCKSYIL_A*02:01,tcr129,0
immrep4937,YESYIPGAL_B*40:01,tcr580,0
immrep4938,SQFNWTIYL_A*02:01,tcr214,0
immrep4939,MTDYDYLEV_A*02:01,tcr165,0
immrep4940,MTDYDYLEV_A*02:01,tcr826,0
immrep4941,GENALTYAL_B*40:01,tcr154,0
immrep4942,SQFNWTIYL_A*02:01,tcr701,0
immrep4943,ILMHATYFL_A*02:01,tcr69,0
immrep4944,HLDDYPYLM_A*02:01,tcr510,0
immrep4945,FLDCKSYIL_A*02:01,tcr403,0
immrep4946,ILHTHVPEV_A*02:01,tcr817,0
immrep4947,GENALTYAL_B*40:01,tcr898,0
immrep4948,MTDYDYLEV_A*02:01,tcr921,0
immrep4949,YENGSTPVL_B*40:01,tcr951,0
immrep4950,MEMPDYLLL_B*40:01,tcr384,0
immrep4951,REDDYSVWL_B*40:01,tcr70,0
immrep4952,MEMPDYLLL_B*40:01,tcr37,0
immrep4953,MENWSALEL_B*40:01,tcr969,0
immrep4954,HLDDYPYLM_A*02:01,tcr307,0
immrep4955,YENGSTPVL_B*40:01,tcr67,0
immrep4956,REDDYSVWL_B*40:01,tcr719,0
immrep4957,HLDDYPYLM_A*02:01,tcr505,0
immrep4958,GEVLACYAL_B*40:01,tcr74,0
immrep4959,MEMPDYLLL_B*40:01,tcr153,0
immrep4960,SQFNWTIYL_A*02:01,tcr934,0
immrep4961,ILMHATYFL_A*02:01,tcr471,0
immrep4962,KLYPFLWFA_A*02:01,tcr688,0
immrep4963,FEAQPGALL_B*40:01,tcr892,0
immrep4964,YLFNADIWI_A*02:01,tcr978,0
immrep4965,KLYPFLWFA_A*02:01,tcr510,0
immrep4966,MTDYDYLEV_A*02:01,tcr65,0
immrep4967,FLDCKSYIL_A*02:01,tcr180,0
immrep4968,YESYIPGAL_B*40:01,tcr461,0
immrep4969,GEVLACYAL_B*40:01,tcr508,0
immrep4970,YMFYDGYDV_A*02:01,tcr932,0
immrep4971,SEESAFYVL_B*40:01,tcr580,0
immrep4972,YEDGVIFYL_B*40:01,tcr342,0
immrep4973,TVYPYGTSL_A*02:01,tcr378,0
immrep4974,ILHTHVPEV_A*02:01,tcr389,0
immrep4975,YENGSTPVL_B*40:01,tcr562,0
immrep4976,GEVLACYAL_B*40:01,tcr436,0
immrep4977,GENALTYAL_B*40:01,tcr200,0
immrep4978,FEAQPGALL_B*40:01,tcr823,0
immrep4979,YLFNADIWI_A*02:01,tcr170,0
immrep4980,ILMHATYFL_A*02:01,tcr616,0
immrep4981,GEVLACYAL_B*40:01,tcr371,0
immrep4982,HLDDYPYLM_A*02:01,tcr10,0
immrep4983,SEESAFYVL_B*40:01,tcr603,0
immrep4984,GENALTYAL_B*40:01,tcr348,0
immrep4985,REDDYSVWL_B*40:01,tcr641,0
immrep4986,SQFNWTIYL_A*02:01,tcr95,0
immrep4987,GEVLACYAL_B*40:01,tcr883,0
immrep4988,SEESAFYVL_B*40:01,tcr470,0
immrep4989,YMFYDGYDV_A*02:01,tcr717,0
immrep4990,YENGSTPVL_B*40:01,tcr592,0
immrep4991,MENWSALEL_B*40:01,tcr603,0
immrep4992,REDDYSVWL_B*40:01,tcr405,0
immrep4993,TVYPYGTSL_A*02:01,tcr794,0
immrep4994,YESYIPGAL_B*40:01,tcr598,0
immrep4995,GENALTYAL_B*40:01,tcr464,0
immrep4996,MTDYDYLEV_A*02:01,tcr281,0
immrep4997,YMFYDGYDV_A*02:01,tcr73,0
immrep4998,FEAQPGALL_B*40:01,tcr96,0
immrep4999,GEVLACYAL_B*40:01,tcr641,0
immrep5000,MTDYDYLEV_A*02:01,tcr377,0
immrep5001,GEVLACYAL_B*40:01,tcr849,0
immrep5002,REDDYSVWL_B*40:01,tcr767,0
immrep5003,ILMHATYFL_A*02:01,tcr786,0
immrep5004,TVYPYGTSL_A*02:01,tcr764,0
immrep5005,HLDDYPYLM_A*02:01,tcr477,0
immrep5006,MTDYDYLEV_A*02:01,tcr502,0
immrep5007,SEESAFYVL_B*40:01,tcr35,0
immrep5008,KLYPFLWFA_A*02:01,tcr633,0
immrep5009,YEDGVIFYL_B*40:01,tcr302,0
immrep5010,GENALTYAL_B*40:01,tcr302,0
immrep5011,YEDGVIFYL_B*40:01,tcr593,0
immrep5012,SEESAFYVL_B*40:01,tcr684,0
immrep5013,YLFNADIWI_A*02:01,tcr99,0
immrep5014,ILHTHVPEV_A*02:01,tcr957,0
immrep5015,FLDCKSYIL_A*02:01,tcr291,0
immrep5016,TVYPYGTSL_A*02:01,tcr261,0
immrep5017,ILHTHVPEV_A*02:01,tcr872,0
immrep5018,YMFYDGYDV_A*02:01,tcr569,0
immrep5019,SEESAFYVL_B*40:01,tcr812,0
immrep5020,SEESAFYVL_B*40:01,tcr273,0
immrep5021,SEESAFYVL_B*40:01,tcr570,0
immrep5022,FLDCKSYIL_A*02:01,tcr230,0
immrep5023,FLDCKSYIL_A*02:01,tcr185,0
immrep5024,YEDGVIFYL_B*40:01,tcr643,0
immrep5025,KLYPFLWFA_A*02:01,tcr999,0
immrep5026,YLFNADIWI_A*02:01,tcr121,0
immrep5027,REDDYSVWL_B*40:01,tcr558,0
immrep5028,TVYPYGTSL_A*02:01,tcr165,0
immrep5029,MTDYDYLEV_A*02:01,tcr157,0
immrep5030,FLDCKSYIL_A*02:01,tcr934,0
immrep5031,HLDDYPYLM_A*02:01,tcr872,0
immrep5032,TVYPYGTSL_A*02:01,tcr836,0
immrep5033,HLDDYPYLM_A*02:01,tcr163,0
immrep5034,FLDCKSYIL_A*02:01,tcr170,0
immrep5035,MENWSALEL_B*40:01,tcr656,0
immrep5036,YENGSTPVL_B*40:01,tcr697,0
immrep5037,KLYPFLWFA_A*02:01,tcr345,0
immrep5038,TVYPYGTSL_A*02:01,tcr20,0
immrep5039,SEESAFYVL_B*40:01,tcr614,0
immrep5040,YEDGVIFYL_B*40:01,tcr452,0
immrep5041,MTDYDYLEV_A*02:01,tcr563,0
immrep5042,REDDYSVWL_B*40:01,tcr885,0
immrep5043,YLFNADIWI_A*02:01,tcr779,0
immrep5044,REDDYSVWL_B*40:01,tcr634,0
immrep5045,SQFNWTIYL_A*02:01,tcr103,0
immrep5046,SQFNWTIYL_A*02:01,tcr201,0
immrep5047,GEVLACYAL_B*40:01,tcr896,0
immrep5048,GEVLACYAL_B*40:01,tcr301,0
immrep5049,ILHTHVPEV_A*02:01,tcr994,0
immrep5050,GEVLACYAL_B*40:01,tcr697,0
immrep5051,FEAQPGALL_B*40:01,tcr146,0
immrep5052,ILHTHVPEV_A*02:01,tcr441,0
immrep5053,YESYIPGAL_B*40:01,tcr869,0
immrep5054,MENWSALEL_B*40:01,tcr223,0
immrep5055,REDDYSVWL_B*40:01,tcr218,0
immrep5056,SQFNWTIYL_A*02:01,tcr156,0
immrep5057,MEMPDYLLL_B*40:01,tcr51,0
immrep5058,YENGSTPVL_B*40:01,tcr101,0
immrep5059,GEVLACYAL_B*40:01,tcr297,0
immrep5060,MEMPDYLLL_B*40:01,tcr52,0
immrep5061,MENWSALEL_B*40:01,tcr423,0
immrep5062,YENGSTPVL_B*40:01,tcr730,0
immrep5063,HLDDYPYLM_A*02:01,tcr468,0
immrep5064,SEESAFYVL_B*40:01,tcr332,0
immrep5065,YEDGVIFYL_B*40:01,tcr501,0
immrep5066,FEAQPGALL_B*40:01,tcr908,0
immrep5067,GENALTYAL_B*40:01,tcr474,0
immrep5068,REDDYSVWL_B*40:01,tcr280,0
immrep5069,FEAQPGALL_B*40:01,tcr147,0
immrep5070,MTDYDYLEV_A*02:01,tcr962,0
immrep5071,YLFNADIWI_A*02:01,tcr749,0
immrep5072,ILHTHVPEV_A*02:01,tcr210,0
immrep5073,KLYPFLWFA_A*02:01,tcr936,0
immrep5074,FLDCKSYIL_A*02:01,tcr732,0
immrep5075,GENALTYAL_B*40:01,tcr407,0
immrep5076,YLFNADIWI_A*02:01,tcr174,0
immrep5077,YENGSTPVL_B*40:01,tcr905,0
immrep5078,FEAQPGALL_B*40:01,tcr204,0
immrep5079,YENGSTPVL_B*40:01,tcr641,0
immrep5080,SEESAFYVL_B*40:01,tcr541,0
immrep5081,TVYPYGTSL_A*02:01,tcr117,0
immrep5082,TVYPYGTSL_A*02:01,tcr976,0
immrep5083,YESYIPGAL_B*40:01,tcr883,0
immrep5084,GEVLACYAL_B*40:01,tcr686,0
immrep5085,GENALTYAL_B*40:01,tcr424,0
immrep5086,SEESAFYVL_B*40:01,tcr726,0
immrep5087,GEVLACYAL_B*40:01,tcr668,0
immrep5088,YMFYDGYDV_A*02:01,tcr820,0
immrep5089,YMFYDGYDV_A*02:01,tcr956,0
immrep5090,TVYPYGTSL_A*02:01,tcr480,0
immrep5091,SEESAFYVL_B*40:01,tcr970,0
immrep5092,SQFNWTIYL_A*02:01,tcr983,0
immrep5093,YEDGVIFYL_B*40:01,tcr330,0
immrep5094,FLDCKSYIL_A*02:01,tcr119,0
immrep5095,MENWSALEL_B*40:01,tcr302,0
immrep5096,YESYIPGAL_B*40:01,tcr125,0
immrep5097,ILMHATYFL_A*02:01,tcr3,0
immrep5098,SQFNWTIYL_A*02:01,tcr512,0
immrep5099,MTDYDYLEV_A*02:01,tcr694,0
immrep5100,YMFYDGYDV_A*02:01,tcr578,0
immrep5101,TVYPYGTSL_A*02:01,tcr938,0
immrep5102,HLDDYPYLM_A*02:01,tcr963,0
immrep5103,MENWSALEL_B*40:01,tcr280,0
immrep5104,YESYIPGAL_B*40:01,tcr127,0
immrep5105,YEDGVIFYL_B*40:01,tcr557,0
immrep5106,HLDDYPYLM_A*02:01,tcr967,0
immrep5107,HLDDYPYLM_A*02:01,tcr231,0
immrep5108,MENWSALEL_B*40:01,tcr37,0
immrep5109,FLDCKSYIL_A*02:01,tcr792,0
immrep5110,MENWSALEL_B*40:01,tcr134,0
immrep5111,GENALTYAL_B*40:01,tcr769,0
immrep5112,HLDDYPYLM_A*02:01,tcr764,0
immrep5113,YESYIPGAL_B*40:01,tcr132,0
immrep5114,ILMHATYFL_A*02:01,tcr162,0
immrep5115,YEDGVIFYL_B*40:01,tcr987,0
immrep5116,ILMHATYFL_A*02:01,tcr358,0
immrep5117,KLYPFLWFA_A*02:01,tcr974,0
immrep5118,YENGSTPVL_B*40:01,tcr483,0
immrep5119,ILHTHVPEV_A*02:01,tcr308,0
immrep5120,KLYPFLWFA_A*02:01,tcr549,0
immrep5121,SEESAFYVL_B*40:01,tcr40,0
immrep5122,KLYPFLWFA_A*02:01,tcr71,0
immrep5123,FEAQPGALL_B*40:01,tcr425,0
immrep5124,SQFNWTIYL_A*02:01,tcr596,0
immrep5125,HLDDYPYLM_A*02:01,tcr826,0
immrep5126,TVYPYGTSL_A*02:01,tcr874,0
immrep5127,YESYIPGAL_B*40:01,tcr136,0
immrep5128,MENWSALEL_B*40:01,tcr610,0
immrep5129,REDDYSVWL_B*40:01,tcr847,0
immrep5130,HLDDYPYLM_A*02:01,tcr555,0
immrep5131,REDDYSVWL_B*40:01,tcr575,0
immrep5132,ILMHATYFL_A*02:01,tcr622,0
immrep5133,SQFNWTIYL_A*02:01,tcr521,0
immrep5134,YESYIPGAL_B*40:01,tcr662,0
immrep5135,SEESAFYVL_B*40:01,tcr652,0
immrep5136,YESYIPGAL_B*40:01,tcr402,0
immrep5137,FEAQPGALL_B*40:01,tcr610,0
immrep5138,SEESAFYVL_B*40:01,tcr466,0
immrep5139,MEMPDYLLL_B*40:01,tcr134,0
immrep5140,GENALTYAL_B*40:01,tcr865,0
immrep5141,KLYPFLWFA_A*02:01,tcr373,0
immrep5142,ILHTHVPEV_A*02:01,tcr999,0
immrep5143,GEVLACYAL_B*40:01,tcr735,0
immrep5144,GEVLACYAL_B*40:01,tcr802,0
immrep5145,SQFNWTIYL_A*02:01,tcr922,0
immrep5146,ILHTHVPEV_A*02:01,tcr567,0
immrep5147,ILMHATYFL_A*02:01,tcr113,0
immrep5148,FLDCKSYIL_A*02:01,tcr786,0
immrep5149,GEVLACYAL_B*40:01,tcr66,0
immrep5150,ILMHATYFL_A*02:01,tcr185,0
immrep5151,SEESAFYVL_B*40:01,tcr84,0
immrep5152,GEVLACYAL_B*40:01,tcr326,0
immrep5153,YENGSTPVL_B*40:01,tcr493,0
immrep5154,YMFYDGYDV_A*02:01,tcr304,0
immrep5155,TVYPYGTSL_A*02:01,tcr605,0
immrep5156,MEMPDYLLL_B*40:01,tcr317,0
immrep5157,YMFYDGYDV_A*02:01,tcr343,0
immrep5158,ILHTHVPEV_A*02:01,tcr745,0
immrep5159,ILHTHVPEV_A*02:01,tcr480,0
immrep5160,YMFYDGYDV_A*02:01,tcr555,0
immrep5161,HLDDYPYLM_A*02:01,tcr766,0
immrep5162,SEESAFYVL_B*40:01,tcr51,0
immrep5163,FLDCKSYIL_A*02:01,tcr922,0
immrep5164,GEVLACYAL_B*40:01,tcr84,0
immrep5165,MTDYDYLEV_A*02:01,tcr868,0
immrep5166,SEESAFYVL_B*40:01,tcr667,0
immrep5167,ILHTHVPEV_A*02:01,tcr612,0
immrep5168,YEDGVIFYL_B*40:01,tcr829,0
immrep5169,YEDGVIFYL_B*40:01,tcr127,0
immrep5170,ILHTHVPEV_A*02:01,tcr938,0
immrep5171,ILMHATYFL_A*02:01,tcr585,0
immrep5172,FLDCKSYIL_A*02:01,tcr664,0
immrep5173,GEVLACYAL_B*40:01,tcr973,0
immrep5174,HLDDYPYLM_A*02:01,tcr554,0
immrep5175,FLDCKSYIL_A*02:01,tcr309,0
immrep5176,ILHTHVPEV_A*02:01,tcr595,0
immrep5177,ILMHATYFL_A*02:01,tcr879,0
immrep5178,YENGSTPVL_B*40:01,tcr704,0
immrep5179,YEDGVIFYL_B*40:01,tcr439,0
immrep5180,FLDCKSYIL_A*02:01,tcr539,0
immrep5181,MTDYDYLEV_A*02:01,tcr53,0
immrep5182,REDDYSVWL_B*40:01,tcr262,0
immrep5183,GEVLACYAL_B*40:01,tcr893,0
immrep5184,REDDYSVWL_B*40:01,tcr566,0
immrep5185,FEAQPGALL_B*40:01,tcr788,0
immrep5186,SEESAFYVL_B*40:01,tcr643,0
immrep5187,HLDDYPYLM_A*02:01,tcr710,0
immrep5188,YEDGVIFYL_B*40:01,tcr233,0
immrep5189,HLDDYPYLM_A*02:01,tcr239,0
immrep5190,KLYPFLWFA_A*02:01,tcr476,0
immrep5191,YESYIPGAL_B*40:01,tcr844,0
immrep5192,YEDGVIFYL_B*40:01,tcr361,0
immrep5193,REDDYSVWL_B*40:01,tcr51,0
immrep5194,GEVLACYAL_B*40:01,tcr300,0
immrep5195,FLDCKSYIL_A*02:01,tcr682,0
immrep5196,YESYIPGAL_B*40:01,tcr262,0
immrep5197,ILHTHVPEV_A*02:01,tcr502,0
immrep5198,TVYPYGTSL_A*02:01,tcr576,0
immrep5199,KLYPFLWFA_A*02:01,tcr113,0
immrep5200,YLFNADIWI_A*02:01,tcr201,0
immrep5201,TVYPYGTSL_A*02:01,tcr796,0
immrep5202,MENWSALEL_B*40:01,tcr150,0
immrep5203,YESYIPGAL_B*40:01,tcr678,0
immrep5204,MEMPDYLLL_B*40:01,tcr244,0
immrep5205,HLDDYPYLM_A*02:01,tcr734,0
immrep5206,FEAQPGALL_B*40:01,tcr782,0
immrep5207,GEVLACYAL_B*40:01,tcr410,0
immrep5208,TVYPYGTSL_A*02:01,tcr220,0
immrep5209,MENWSALEL_B*40:01,tcr718,0
immrep5210,YESYIPGAL_B*40:01,tcr882,0
immrep5211,ILHTHVPEV_A*02:01,tcr224,0
immrep5212,SEESAFYVL_B*40:01,tcr265,0
immrep5213,YMFYDGYDV_A*02:01,tcr180,0
immrep5214,MTDYDYLEV_A*02:01,tcr715,0
immrep5215,SEESAFYVL_B*40:01,tcr884,0
immrep5216,SQFNWTIYL_A*02:01,tcr267,0
immrep5217,GENALTYAL_B*40:01,tcr45,0
immrep5218,YLFNADIWI_A*02:01,tcr381,0
immrep5219,KLYPFLWFA_A*02:01,tcr640,0
immrep5220,TVYPYGTSL_A*02:01,tcr749,0
immrep5221,ILMHATYFL_A*02:01,tcr281,0
immrep5222,YMFYDGYDV_A*02:01,tcr559,0
immrep5223,SQFNWTIYL_A*02:01,tcr149,0
immrep5224,ILMHATYFL_A*02:01,tcr711,0
immrep5225,YESYIPGAL_B*40:01,tcr86,0
immrep5226,FEAQPGALL_B*40:01,tcr495,0
immrep5227,YENGSTPVL_B*40:01,tcr413,0
immrep5228,GENALTYAL_B*40:01,tcr675,0
immrep5229,FEAQPGALL_B*40:01,tcr387,0
immrep5230,YLFNADIWI_A*02:01,tcr820,0
immrep5231,YENGSTPVL_B*40:01,tcr421,0
immrep5232,TVYPYGTSL_A*02:01,tcr747,0
immrep5233,TVYPYGTSL_A*02:01,tcr991,0
immrep5234,YMFYDGYDV_A*02:01,tcr996,0
immrep5235,GEVLACYAL_B*40:01,tcr859,0
immrep5236,TVYPYGTSL_A*02:01,tcr217,0
immrep5237,HLDDYPYLM_A*02:01,tcr378,0
immrep5238,GENALTYAL_B*40:01,tcr466,0
immrep5239,FEAQPGALL_B*40:01,tcr348,0
immrep5240,MTDYDYLEV_A*02:01,tcr71,0
immrep5241,YENGSTPVL_B*40:01,tcr237,0
immrep5242,HLDDYPYLM_A*02:01,tcr437,0
immrep5243,KLYPFLWFA_A*02:01,tcr418,0
immrep5244,YMFYDGYDV_A*02:01,tcr11,0
immrep5245,MENWSALEL_B*40:01,tcr527,0
immrep5246,REDDYSVWL_B*40:01,tcr621,0
immrep5247,KLYPFLWFA_A*02:01,tcr954,0
immrep5248,GENALTYAL_B*40:01,tcr825,0
immrep5249,MTDYDYLEV_A*02:01,tcr786,0
immrep5250,YENGSTPVL_B*40:01,tcr244,0
immrep5251,ILMHATYFL_A*02:01,tcr979,0
immrep5252,YENGSTPVL_B*40:01,tcr609,0
immrep5253,GENALTYAL_B*40:01,tcr853,0
immrep5254,YMFYDGYDV_A*02:01,tcr108,0
immrep5255,SQFNWTIYL_A*02:01,tcr94,0
immrep5256,GENALTYAL_B*40:01,tcr774,0
immrep5257,FLDCKSYIL_A*02:01,tcr186,0
immrep5258,YEDGVIFYL_B*40:01,tcr508,0
immrep5259,ILMHATYFL_A*02:01,tcr567,0
immrep5260,TVYPYGTSL_A*02:01,tcr343,0
immrep5261,YLFNADIWI_A*02:01,tcr877,0
immrep5262,KLYPFLWFA_A*02:01,tcr591,0
immrep5263,YEDGVIFYL_B*40:01,tcr96,0
immrep5264,REDDYSVWL_B*40:01,tcr888,0
immrep5265,TVYPYGTSL_A*02:01,tcr4,0
immrep5266,HLDDYPYLM_A*02:01,tcr650,0
immrep5267,YLFNADIWI_A*02:01,tcr709,0
immrep5268,KLYPFLWFA_A*02:01,tcr271,0
immrep5269,YMFYDGYDV_A*02:01,tcr10,0
immrep5270,FEAQPGALL_B*40:01,tcr363,0
immrep5271,SQFNWTIYL_A*02:01,tcr36,0
immrep5272,GENALTYAL_B*40:01,tcr353,0
immrep5273,ILHTHVPEV_A*02:01,tcr894,0
immrep5274,FLDCKSYIL_A*02:01,tcr500,0
immrep5275,GEVLACYAL_B*40:01,tcr466,0
immrep5276,FLDCKSYIL_A*02:01,tcr59,0
immrep5277,TVYPYGTSL_A*02:01,tcr327,0
immrep5278,TVYPYGTSL_A*02:01,tcr30,0
immrep5279,TVYPYGTSL_A*02:01,tcr922,0
immrep5280,SEESAFYVL_B*40:01,tcr38,0
immrep5281,KLYPFLWFA_A*02:01,tcr401,0
immrep5282,YESYIPGAL_B*40:01,tcr158,0
immrep5283,FLDCKSYIL_A*02:01,tcr714,0
immrep5284,ILMHATYFL_A*02:01,tcr418,0
immrep5285,MENWSALEL_B*40:01,tcr528,0
immrep5286,GEVLACYAL_B*40:01,tcr285,0
immrep5287,ILMHATYFL_A*02:01,tcr805,0
immrep5288,YLFNADIWI_A*02:01,tcr340,0
immrep5289,FEAQPGALL_B*40:01,tcr125,0
immrep5290,GENALTYAL_B*40:01,tcr904,0
immrep5291,MENWSALEL_B*40:01,tcr781,0
immrep5292,KLYPFLWFA_A*02:01,tcr1,0
immrep5293,YLFNADIWI_A*02:01,tcr288,0
immrep5294,FLDCKSYIL_A*02:01,tcr389,0
immrep5295,ILHTHVPEV_A*02:01,tcr91,0
immrep5296,KLYPFLWFA_A*02:01,tcr933,0
immrep5297,FEAQPGALL_B*40:01,tcr825,0
immrep5298,GENALTYAL_B*40:01,tcr611,0
immrep5299,MEMPDYLLL_B*40:01,tcr905,0
immrep5300,SEESAFYVL_B*40:01,tcr359,0
immrep5301,YMFYDGYDV_A*02:01,tcr220,0
immrep5302,YENGSTPVL_B*40:01,tcr669,0
immrep5303,MEMPDYLLL_B*40:01,tcr481,0
immrep5304,YMFYDGYDV_A*02:01,tcr588,0
immrep5305,MEMPDYLLL_B*40:01,tcr807,0
immrep5306,FLDCKSYIL_A*02:01,tcr991,0
immrep5307,GENALTYAL_B*40:01,tcr925,0
immrep5308,GENALTYAL_B*40:01,tcr467,0
immrep5309,REDDYSVWL_B*40:01,tcr517,0
immrep5310,YESYIPGAL_B*40:01,tcr202,0
immrep5311,ILHTHVPEV_A*02:01,tcr633,0
immrep5312,MENWSALEL_B*40:01,tcr396,0
immrep5313,TVYPYGTSL_A*02:01,tcr75,0
immrep5314,YLFNADIWI_A*02:01,tcr852,0
immrep5315,GENALTYAL_B*40:01,tcr736,0
immrep5316,YMFYDGYDV_A*02:01,tcr589,0
immrep5317,YEDGVIFYL_B*40:01,tcr299,0
immrep5318,GENALTYAL_B*40:01,tcr299,0
immrep5319,YLFNADIWI_A*02:01,tcr16,0
immrep5320,GENALTYAL_B*40:01,tcr385,0
immrep5321,ILHTHVPEV_A*02:01,tcr922,0
immrep5322,SEESAFYVL_B*40:01,tcr310,0
immrep5323,GENALTYAL_B*40:01,tcr889,0
immrep5324,FEAQPGALL_B*40:01,tcr759,0
immrep5325,YESYIPGAL_B*40:01,tcr719,0
immrep5326,YESYIPGAL_B*40:01,tcr245,0
immrep5327,YENGSTPVL_B*40:01,tcr66,0
immrep5328,FEAQPGALL_B*40:01,tcr9,0
immrep5329,MEMPDYLLL_B*40:01,tcr407,0
immrep5330,GENALTYAL_B*40:01,tcr920,0
immrep5331,MEMPDYLLL_B*40:01,tcr570,0
immrep5332,FLDCKSYIL_A*02:01,tcr915,0
immrep5333,MEMPDYLLL_B*40:01,tcr759,0
immrep5334,MENWSALEL_B*40:01,tcr643,0
immrep5335,SQFNWTIYL_A*02:01,tcr340,0
immrep5336,ILMHATYFL_A*02:01,tcr248,0
immrep5337,TVYPYGTSL_A*02:01,tcr141,0
immrep5338,MTDYDYLEV_A*02:01,tcr798,0
immrep5339,FLDCKSYIL_A*02:01,tcr367,0
immrep5340,TVYPYGTSL_A*02:01,tcr818,0
immrep5341,MENWSALEL_B*40:01,tcr775,0
immrep5342,TVYPYGTSL_A*02:01,tcr123,0
immrep5343,FEAQPGALL_B*40:01,tcr678,0
immrep5344,YLFNADIWI_A*02:01,tcr56,0
immrep5345,HLDDYPYLM_A*02:01,tcr591,0
immrep5346,MTDYDYLEV_A*02:01,tcr261,0
immrep5347,GENALTYAL_B*40:01,tcr490,0
immrep5348,YESYIPGAL_B*40:01,tcr712,0
immrep5349,MENWSALEL_B*40:01,tcr828,0
immrep5350,YESYIPGAL_B*40:01,tcr982,0
immrep5351,YLFNADIWI_A*02:01,tcr713,0
immrep5352,MTDYDYLEV_A*02:01,tcr59,0
immrep5353,HLDDYPYLM_A*02:01,tcr291,0
immrep5354,GEVLACYAL_B*40:01,tcr519,0
immrep5355,YESYIPGAL_B*40:01,tcr839,0
immrep5356,YESYIPGAL_B*40:01,tcr727,0
immrep5357,KLYPFLWFA_A*02:01,tcr691,0
immrep5358,MEMPDYLLL_B*40:01,tcr32,0
immrep5359,HLDDYPYLM_A*02:01,tcr451,0
immrep5360,GEVLACYAL_B*40:01,tcr225,0
immrep5361,REDDYSVWL_B*40:01,tcr393,0
immrep5362,GENALTYAL_B*40:01,tcr593,0
immrep5363,MTDYDYLEV_A*02:01,tcr510,0
immrep5364,KLYPFLWFA_A*02:01,tcr135,0
immrep5365,SEESAFYVL_B*40:01,tcr125,0
immrep5366,ILMHATYFL_A*02:01,tcr442,0
immrep5367,TVYPYGTSL_A*02:01,tcr622,0
immrep5368,YMFYDGYDV_A*02:01,tcr163,0
immrep5369,FLDCKSYIL_A*02:01,tcr437,0
immrep5370,ILHTHVPEV_A*02:01,tcr157,0
immrep5371,TVYPYGTSL_A*02:01,tcr313,0
immrep5372,MEMPDYLLL_B*40:01,tcr392,0
immrep5373,ILHTHVPEV_A*02:01,tcr552,0
immrep5374,MENWSALEL_B*40:01,tcr35,0
immrep5375,YEDGVIFYL_B*40:01,tcr189,0
immrep5376,REDDYSVWL_B*40:01,tcr227,0
immrep5377,ILHTHVPEV_A*02:01,tcr80,0
immrep5378,HLDDYPYLM_A*02:01,tcr576,0
immrep5379,YENGSTPVL_B*40:01,tcr303,0
immrep5380,SQFNWTIYL_A*02:01,tcr961,0
immrep5381,MTDYDYLEV_A*02:01,tcr355,0
immrep5382,SQFNWTIYL_A*02:01,tcr741,0
immrep5383,SEESAFYVL_B*40:01,tcr67,0
immrep5384,KLYPFLWFA_A*02:01,tcr18,0
immrep5385,MTDYDYLEV_A*02:01,tcr356,0
immrep5386,FEAQPGALL_B*40:01,tcr296,0
immrep5387,YLFNADIWI_A*02:01,tcr3,0
immrep5388,SQFNWTIYL_A*02:01,tcr117,0
immrep5389,SQFNWTIYL_A*02:01,tcr327,0
immrep5390,SEESAFYVL_B*40:01,tcr679,0
immrep5391,MEMPDYLLL_B*40:01,tcr158,0
immrep5392,MTDYDYLEV_A*02:01,tcr784,0
immrep5393,YMFYDGYDV_A*02:01,tcr803,0
immrep5394,MTDYDYLEV_A*02:01,tcr817,0
immrep5395,YESYIPGAL_B*40:01,tcr364,0
immrep5396,ILMHATYFL_A*02:01,tcr87,0
immrep5397,SQFNWTIYL_A*02:01,tcr228,0
immrep5398,ILMHATYFL_A*02:01,tcr713,0
immrep5399,FLDCKSYIL_A*02:01,tcr998,0
immrep5400,YENGSTPVL_B*40:01,tcr614,0
immrep5401,YEDGVIFYL_B*40:01,tcr866,0
immrep5402,ILMHATYFL_A*02:01,tcr833,0
immrep5403,YENGSTPVL_B*40:01,tcr293,0
immrep5404,YEDGVIFYL_B*40:01,tcr481,0
immrep5405,REDDYSVWL_B*40:01,tcr850,0
immrep5406,MTDYDYLEV_A*02:01,tcr754,0
immrep5407,MTDYDYLEV_A*02:01,tcr915,0
immrep5408,MTDYDYLEV_A*02:01,tcr304,0
immrep5409,MTDYDYLEV_A*02:01,tcr785,0
immrep5410,SEESAFYVL_B*40:01,tcr493,0
immrep5411,SEESAFYVL_B*40:01,tcr191,0
immrep5412,FLDCKSYIL_A*02:01,tcr288,0
immrep5413,TVYPYGTSL_A*02:01,tcr272,0
immrep5414,MENWSALEL_B*40:01,tcr216,0
immrep5415,TVYPYGTSL_A*02:01,tcr658,0
immrep5416,MENWSALEL_B*40:01,tcr810,0
immrep5417,ILHTHVPEV_A*02:01,tcr936,0
immrep5418,MENWSALEL_B*40:01,tcr332,0
immrep5419,YESYIPGAL_B*40:01,tcr98,0
immrep5420,FLDCKSYIL_A*02:01,tcr343,0
immrep5421,YEDGVIFYL_B*40:01,tcr229,0
immrep5422,ILHTHVPEV_A*02:01,tcr762,0
immrep5423,GEVLACYAL_B*40:01,tcr216,0
immrep5424,FLDCKSYIL_A*02:01,tcr281,0
immrep5425,ILMHATYFL_A*02:01,tcr956,0
immrep5426,YENGSTPVL_B*40:01,tcr587,0
immrep5427,REDDYSVWL_B*40:01,tcr363,0
immrep5428,MTDYDYLEV_A*02:01,tcr649,0
immrep5429,FLDCKSYIL_A*02:01,tcr731,0
immrep5430,MENWSALEL_B*40:01,tcr200,0
immrep5431,YLFNADIWI_A*02:01,tcr938,0
immrep5432,YMFYDGYDV_A*02:01,tcr798,0
immrep5433,YEDGVIFYL_B*40:01,tcr45,0
immrep5434,ILMHATYFL_A*02:01,tcr555,0
immrep5435,HLDDYPYLM_A*02:01,tcr795,0
immrep5436,MENWSALEL_B*40:01,tcr873,0
immrep5437,YENGSTPVL_B*40:01,tcr154,0
immrep5438,KLYPFLWFA_A*02:01,tcr642,0
immrep5439,YLFNADIWI_A*02:01,tcr649,0
immrep5440,ILMHATYFL_A*02:01,tcr826,0
immrep5441,FLDCKSYIL_A*02:01,tcr820,0
immrep5442,KLYPFLWFA_A*02:01,tcr242,0
immrep5443,REDDYSVWL_B*40:01,tcr770,0
immrep5444,SQFNWTIYL_A*02:01,tcr291,0
immrep5445,MEMPDYLLL_B*40:01,tcr252,0
immrep5446,ILHTHVPEV_A*02:01,tcr616,0
immrep5447,KLYPFLWFA_A*02:01,tcr632,0
immrep5448,MTDYDYLEV_A*02:01,tcr255,0
immrep5449,YEDGVIFYL_B*40:01,tcr323,0
immrep5450,SEESAFYVL_B*40:01,tcr574,0
immrep5451,SQFNWTIYL_A*02:01,tcr817,0
immrep5452,HLDDYPYLM_A*02:01,tcr966,0
immrep5453,GEVLACYAL_B*40:01,tcr970,0
immrep5454,ILMHATYFL_A*02:01,tcr967,0
immrep5455,GENALTYAL_B*40:01,tcr739,0
immrep5456,GEVLACYAL_B*40:01,tcr13,0
immrep5457,HLDDYPYLM_A*02:01,tcr874,0
immrep5458,GEVLACYAL_B*40:01,tcr987,0
immrep5459,YESYIPGAL_B*40:01,tcr387,0
immrep5460,FLDCKSYIL_A*02:01,tcr240,0
immrep5461,ILMHATYFL_A*02:01,tcr89,0
immrep5462,FEAQPGALL_B*40:01,tcr445,0
immrep5463,SQFNWTIYL_A*02:01,tcr794,0
immrep5464,ILMHATYFL_A*02:01,tcr290,0
immrep5465,SEESAFYVL_B*40:01,tcr8,0
immrep5466,YEDGVIFYL_B*40:01,tcr684,0
immrep5467,REDDYSVWL_B*40:01,tcr718,0
immrep5468,TVYPYGTSL_A*02:01,tcr879,0
immrep5469,YESYIPGAL_B*40:01,tcr469,0
immrep5470,FLDCKSYIL_A*02:01,tcr709,0
immrep5471,YESYIPGAL_B*40:01,tcr845,0
immrep5472,YMFYDGYDV_A*02:01,tcr808,0
immrep5473,YMFYDGYDV_A*02:01,tcr360,0
immrep5474,YMFYDGYDV_A*02:01,tcr526,0
immrep5475,YLFNADIWI_A*02:01,tcr358,0
immrep5476,YLFNADIWI_A*02:01,tcr858,0
immrep5477,FLDCKSYIL_A*02:01,tcr716,0
immrep5478,YEDGVIFYL_B*40:01,tcr674,0
immrep5479,FLDCKSYIL_A*02:01,tcr671,0
immrep5480,YENGSTPVL_B*40:01,tcr482,0
immrep5481,YEDGVIFYL_B*40:01,tcr550,0
immrep5482,TVYPYGTSL_A*02:01,tcr139,0
immrep5483,YMFYDGYDV_A*02:01,tcr105,0
immrep5484,GEVLACYAL_B*40:01,tcr662,0
immrep5485,GENALTYAL_B*40:01,tcr699,0
immrep5486,SQFNWTIYL_A*02:01,tcr763,0
immrep5487,FEAQPGALL_B*40:01,tcr81,0
immrep5488,SQFNWTIYL_A*02:01,tcr720,0
immrep5489,YMFYDGYDV_A*02:01,tcr288,0
immrep5490,MTDYDYLEV_A*02:01,tcr367,0
immrep5491,KLYPFLWFA_A*02:01,tcr912,0
immrep5492,MEMPDYLLL_B*40:01,tcr396,0
immrep5493,HLDDYPYLM_A*02:01,tcr381,0
immrep5494,YENGSTPVL_B*40:01,tcr495,0
immrep5495,TVYPYGTSL_A*02:01,tcr50,0
immrep5496,YENGSTPVL_B*40:01,tcr484,0
immrep5497,YLFNADIWI_A*02:01,tcr785,0
immrep5498,SQFNWTIYL_A*02:01,tcr380,0
immrep5499,SEESAFYVL_B*40:01,tcr896,0
immrep5500,FLDCKSYIL_A*02:01,tcr344,0
immrep5501,KLYPFLWFA_A*02:01,tcr207,0
immrep5502,MEMPDYLLL_B*40:01,tcr604,0
immrep5503,MEMPDYLLL_B*40:01,tcr586,0
immrep5504,TVYPYGTSL_A*02:01,tcr705,0
immrep5505,GENALTYAL_B*40:01,tcr233,0
immrep5506,YLFNADIWI_A*02:01,tcr695,0
immrep5507,FLDCKSYIL_A*02:01,tcr206,0
immrep5508,YLFNADIWI_A*02:01,tcr141,0
immrep5509,REDDYSVWL_B*40:01,tcr857,0
immrep5510,REDDYSVWL_B*40:01,tcr488,0
immrep5511,ILMHATYFL_A*02:01,tcr21,0
immrep5512,SQFNWTIYL_A*02:01,tcr545,0
immrep5513,YENGSTPVL_B*40:01,tcr82,0
immrep5514,SEESAFYVL_B*40:01,tcr211,0
immrep5515,MTDYDYLEV_A*02:01,tcr864,0
immrep5516,YLFNADIWI_A*02:01,tcr522,0
immrep5517,HLDDYPYLM_A*02:01,tcr271,0
immrep5518,MENWSALEL_B*40:01,tcr669,0
immrep5519,YEDGVIFYL_B*40:01,tcr275,0
immrep5520,FEAQPGALL_B*40:01,tcr972,0
immrep5521,GEVLACYAL_B*40:01,tcr606,0
immrep5522,YESYIPGAL_B*40:01,tcr198,0
immrep5523,FLDCKSYIL_A*02:01,tcr750,0
immrep5524,GENALTYAL_B*40:01,tcr965,0
immrep5525,GEVLACYAL_B*40:01,tcr914,0
immrep5526,KLYPFLWFA_A*02:01,tcr217,0
immrep5527,KLYPFLWFA_A*02:01,tcr39,0
immrep5528,GENALTYAL_B*40:01,tcr525,0
immrep5529,SEESAFYVL_B*40:01,tcr673,0
immrep5530,ILHTHVPEV_A*02:01,tcr177,0
immrep5531,TVYPYGTSL_A*02:01,tcr918,0
immrep5532,MTDYDYLEV_A*02:01,tcr61,0
immrep5533,YENGSTPVL_B*40:01,tcr659,0
immrep5534,YENGSTPVL_B*40:01,tcr489,0
immrep5535,FEAQPGALL_B*40:01,tcr190,0
immrep5536,SQFNWTIYL_A*02:01,tcr177,0
immrep5537,FEAQPGALL_B*40:01,tcr482,0
immrep5538,MENWSALEL_B*40:01,tcr667,0
immrep5539,FLDCKSYIL_A*02:01,tcr756,0
immrep5540,SEESAFYVL_B*40:01,tcr335,0
immrep5541,YESYIPGAL_B*40:01,tcr773,0
immrep5542,SEESAFYVL_B*40:01,tcr453,0
immrep5543,SQFNWTIYL_A*02:01,tcr852,0
immrep5544,ILMHATYFL_A*02:01,tcr644,0
immrep5545,ILMHATYFL_A*02:01,tcr17,0
immrep5546,MEMPDYLLL_B*40:01,tcr513,0
immrep5547,FEAQPGALL_B*40:01,tcr386,0
immrep5548,TVYPYGTSL_A*02:01,tcr471,0
immrep5549,FEAQPGALL_B*40:01,tcr516,0
immrep5550,YENGSTPVL_B*40:01,tcr301,0
immrep5551,YESYIPGAL_B*40:01,tcr767,0
immrep5552,YESYIPGAL_B*40:01,tcr374,0
immrep5553,FLDCKSYIL_A*02:01,tcr208,0
immrep5554,FEAQPGALL_B*40:01,tcr365,0
immrep5555,YLFNADIWI_A*02:01,tcr590,0
immrep5556,HLDDYPYLM_A*02:01,tcr535,0
immrep5557,HLDDYPYLM_A*02:01,tcr940,0
immrep5558,MTDYDYLEV_A*02:01,tcr478,0
immrep5559,MENWSALEL_B*40:01,tcr488,0
immrep5560,HLDDYPYLM_A*02:01,tcr942,0
immrep5561,FEAQPGALL_B*40:01,tcr5,0
immrep5562,GEVLACYAL_B*40:01,tcr540,0
immrep5563,YESYIPGAL_B*40:01,tcr388,0
immrep5564,YMFYDGYDV_A*02:01,tcr356,0
immrep5565,HLDDYPYLM_A*02:01,tcr559,0
immrep5566,GENALTYAL_B*40:01,tcr323,0
immrep5567,MEMPDYLLL_B*40:01,tcr902,0
immrep5568,SQFNWTIYL_A*02:01,tcr160,0
immrep5569,YMFYDGYDV_A*02:01,tcr927,0
immrep5570,ILMHATYFL_A*02:01,tcr346,0
immrep5571,SQFNWTIYL_A*02:01,tcr822,0
immrep5572,YLFNADIWI_A*02:01,tcr253,0
immrep5573,HLDDYPYLM_A*02:01,tcr205,0
immrep5574,ILHTHVPEV_A*02:01,tcr271,0
immrep5575,MEMPDYLLL_B*40:01,tcr532,0
immrep5576,GENALTYAL_B*40:01,tcr568,0
immrep5577,FLDCKSYIL_A*02:01,tcr23,0
immrep5578,SEESAFYVL_B*40:01,tcr472,0
immrep5579,YLFNADIWI_A*02:01,tcr6,0
immrep5580,KLYPFLWFA_A*02:01,tcr89,0
immrep5581,TVYPYGTSL_A*02:01,tcr583,0
immrep5582,ILHTHVPEV_A*02:01,tcr672,0
immrep5583,YLFNADIWI_A*02:01,tcr327,0
immrep5584,MTDYDYLEV_A*02:01,tcr702,0
immrep5585,ILHTHVPEV_A*02:01,tcr803,0
immrep5586,YLFNADIWI_A*02:01,tcr901,0
immrep5587,FEAQPGALL_B*40:01,tcr643,0
immrep5588,MEMPDYLLL_B*40:01,tcr873,0
immrep5589,FEAQPGALL_B*40:01,tcr136,0
immrep5590,YMFYDGYDV_A*02:01,tcr492,0
immrep5591,YEDGVIFYL_B*40:01,tcr252,0
immrep5592,MEMPDYLLL_B*40:01,tcr542,0
immrep5593,YESYIPGAL_B*40:01,tcr607,0
immrep5594,SQFNWTIYL_A*02:01,tcr221,0
immrep5595,FLDCKSYIL_A*02:01,tcr278,0
immrep5596,SEESAFYVL_B*40:01,tcr661,0
immrep5597,REDDYSVWL_B*40:01,tcr668,0
immrep5598,SQFNWTIYL_A*02:01,tcr956,0
immrep5599,YEDGVIFYL_B*40:01,tcr464,0
immrep5600,TVYPYGTSL_A*02:01,tcr319,0
immrep5601,TVYPYGTSL_A*02:01,tcr964,0
immrep5602,YLFNADIWI_A*02:01,tcr264,0
immrep5603,ILMHATYFL_A*02:01,tcr121,0
immrep5604,YESYIPGAL_B*40:01,tcr398,0
immrep5605,ILMHATYFL_A*02:01,tcr120,0
immrep5606,MTDYDYLEV_A*02:01,tcr178,0
immrep5607,ILMHATYFL_A*02:01,tcr291,0
immrep5608,MEMPDYLLL_B*40:01,tcr109,0
immrep5609,YLFNADIWI_A*02:01,tcr594,0
immrep5610,FEAQPGALL_B*40:01,tcr269,0
immrep5611,ILMHATYFL_A*02:01,tcr129,0
immrep5612,TVYPYGTSL_A*02:01,tcr331,0
immrep5613,ILMHATYFL_A*02:01,tcr340,0
immrep5614,ILMHATYFL_A*02:01,tcr178,0
immrep5615,MENWSALEL_B*40:01,tcr876,0
immrep5616,YESYIPGAL_B*40:01,tcr821,0
immrep5617,FEAQPGALL_B*40:01,tcr26,0
immrep5618,MENWSALEL_B*40:01,tcr593,0
immrep5619,YESYIPGAL_B*40:01,tcr197,0
immrep5620,MTDYDYLEV_A*02:01,tcr64,0
immrep5621,SQFNWTIYL_A*02:01,tcr305,0
immrep5622,GENALTYAL_B*40:01,tcr812,0
immrep5623,YMFYDGYDV_A*02:01,tcr734,0
immrep5624,REDDYSVWL_B*40:01,tcr399,0
immrep5625,YESYIPGAL_B*40:01,tcr782,0
immrep5626,HLDDYPYLM_A*02:01,tcr221,0
immrep5627,SQFNWTIYL_A*02:01,tcr962,0
immrep5628,MTDYDYLEV_A*02:01,tcr670,0
immrep5629,MTDYDYLEV_A*02:01,tcr676,0
immrep5630,HLDDYPYLM_A*02:01,tcr411,0
immrep5631,FLDCKSYIL_A*02:01,tcr63,0
immrep5632,FEAQPGALL_B*40:01,tcr155,0
immrep5633,MTDYDYLEV_A*02:01,tcr113,0
immrep5634,YENGSTPVL_B*40:01,tcr481,0
immrep5635,SEESAFYVL_B*40:01,tcr393,0
immrep5636,GEVLACYAL_B*40:01,tcr323,0
immrep5637,MENWSALEL_B*40:01,tcr609,0
immrep5638,FEAQPGALL_B*40:01,tcr881,0
immrep5639,ILMHATYFL_A*02:01,tcr143,0
immrep5640,SEESAFYVL_B*40:01,tcr244,0
immrep5641,TVYPYGTSL_A*02:01,tcr172,0
immrep5642,YEDGVIFYL_B*40:01,tcr617,0
immrep5643,HLDDYPYLM_A*02:01,tcr717,0
immrep5644,YMFYDGYDV_A*02:01,tcr691,0
immrep5645,YENGSTPVL_B*40:01,tcr753,0
immrep5646,YLFNADIWI_A*02:01,tcr619,0
immrep5647,YLFNADIWI_A*02:01,tcr792,0
immrep5648,MENWSALEL_B*40:01,tcr698,0
immrep5649,YMFYDGYDV_A*02:01,tcr12,0
immrep5650,TVYPYGTSL_A*02:01,tcr502,0
immrep5651,YEDGVIFYL_B*40:01,tcr469,0
immrep5652,FLDCKSYIL_A*02:01,tcr18,0
immrep5653,MENWSALEL_B*40:01,tcr169,0
immrep5654,ILMHATYFL_A*02:01,tcr355,0
immrep5655,FLDCKSYIL_A*02:01,tcr319,0
immrep5656,YEDGVIFYL_B*40:01,tcr47,0
immrep5657,SEESAFYVL_B*40:01,tcr469,0
immrep5658,YLFNADIWI_A*02:01,tcr175,0
immrep5659,MENWSALEL_B*40:01,tcr189,0
immrep5660,SEESAFYVL_B*40:01,tcr348,0
immrep5661,KLYPFLWFA_A*02:01,tcr4,0
immrep5662,SEESAFYVL_B*40:01,tcr981,0
immrep5663,YESYIPGAL_B*40:01,tcr339,0
immrep5664,HLDDYPYLM_A*02:01,tcr658,0
immrep5665,GENALTYAL_B*40:01,tcr735,0
immrep5666,YESYIPGAL_B*40:01,tcr887,0
immrep5667,REDDYSVWL_B*40:01,tcr629,0
immrep5668,MTDYDYLEV_A*02:01,tcr389,0
immrep5669,FLDCKSYIL_A*02:01,tcr25,0
immrep5670,YENGSTPVL_B*40:01,tcr869,0
immrep5671,GENALTYAL_B*40:01,tcr902,0
immrep5672,YEDGVIFYL_B*40:01,tcr293,0
immrep5673,HLDDYPYLM_A*02:01,tcr160,0
immrep5674,MEMPDYLLL_B*40:01,tcr273,0
immrep5675,ILMHATYFL_A*02:01,tcr60,0
immrep5676,FLDCKSYIL_A*02:01,tcr670,0
immrep5677,YENGSTPVL_B*40:01,tcr302,0
immrep5678,YESYIPGAL_B*40:01,tcr277,0
immrep5679,SQFNWTIYL_A*02:01,tcr573,0
immrep5680,KLYPFLWFA_A*02:01,tcr111,0
immrep5681,HLDDYPYLM_A*02:01,tcr137,0
immrep5682,YESYIPGAL_B*40:01,tcr507,0
immrep5683,TVYPYGTSL_A*02:01,tcr379,0
immrep5684,ILMHATYFL_A*02:01,tcr306,0
immrep5685,YENGSTPVL_B*40:01,tcr362,0
immrep5686,YENGSTPVL_B*40:01,tcr965,0
immrep5687,ILMHATYFL_A*02:01,tcr357,0
immrep5688,YESYIPGAL_B*40:01,tcr115,0
immrep5689,FEAQPGALL_B*40:01,tcr893,0
immrep5690,YMFYDGYDV_A*02:01,tcr619,0
immrep5691,YMFYDGYDV_A*02:01,tcr779,0
immrep5692,YEDGVIFYL_B*40:01,tcr78,0
immrep5693,FLDCKSYIL_A*02:01,tcr569,0
immrep5694,MENWSALEL_B*40:01,tcr538,0
immrep5695,ILHTHVPEV_A*02:01,tcr879,0
immrep5696,SEESAFYVL_B*40:01,tcr960,0
immrep5697,SQFNWTIYL_A*02:01,tcr360,0
immrep5698,FEAQPGALL_B*40:01,tcr19,0
immrep5699,YMFYDGYDV_A*02:01,tcr790,0
immrep5700,SQFNWTIYL_A*02:01,tcr725,0
immrep5701,ILHTHVPEV_A*02:01,tcr440,0
immrep5702,YEDGVIFYL_B*40:01,tcr365,0
immrep5703,YLFNADIWI_A*02:01,tcr510,0
immrep5704,GEVLACYAL_B*40:01,tcr558,0
immrep5705,YLFNADIWI_A*02:01,tcr632,0
immrep5706,ILHTHVPEV_A*02:01,tcr478,0
immrep5707,GEVLACYAL_B*40:01,tcr445,0
immrep5708,KLYPFLWFA_A*02:01,tcr552,0
immrep5709,GENALTYAL_B*40:01,tcr890,0
immrep5710,MTDYDYLEV_A*02:01,tcr763,0
immrep5711,YEDGVIFYL_B*40:01,tcr960,0
immrep5712,MENWSALEL_B*40:01,tcr109,0
immrep5713,MENWSALEL_B*40:01,tcr557,0
immrep5714,FEAQPGALL_B*40:01,tcr718,0
immrep5715,HLDDYPYLM_A*02:01,tcr837,0
immrep5716,YESYIPGAL_B*40:01,tcr503,0
immrep5717,FEAQPGALL_B*40:01,tcr229,0
immrep5718,SQFNWTIYL_A*02:01,tcr12,0
immrep5719,TVYPYGTSL_A*02:01,tcr91,0
immrep5720,SQFNWTIYL_A*02:01,tcr346,0
immrep5721,YEDGVIFYL_B*40:01,tcr392,0
immrep5722,HLDDYPYLM_A*02:01,tcr36,0
immrep5723,SEESAFYVL_B*40:01,tcr831,0
immrep5724,MTDYDYLEV_A*02:01,tcr672,0
immrep5725,SQFNWTIYL_A*02:01,tcr522,0
immrep5726,GENALTYAL_B*40:01,tcr829,0
immrep5727,TVYPYGTSL_A*02:01,tcr6,0
immrep5728,MTDYDYLEV_A*02:01,tcr492,0
immrep5729,YENGSTPVL_B*40:01,tcr603,0
immrep5730,MTDYDYLEV_A*02:01,tcr175,0
immrep5731,FLDCKSYIL_A*02:01,tcr184,0
immrep5732,MEMPDYLLL_B*40:01,tcr277,0
immrep5733,YESYIPGAL_B*40:01,tcr67,0
immrep5734,FLDCKSYIL_A*02:01,tcr800,0
immrep5735,YLFNADIWI_A*02:01,tcr913,0
immrep5736,REDDYSVWL_B*40:01,tcr696,0
immrep5737,MTDYDYLEV_A*02:01,tcr232,0
immrep5738,YLFNADIWI_A*02:01,tcr108,0
immrep5739,ILHTHVPEV_A*02:01,tcr345,0
immrep5740,SEESAFYVL_B*40:01,tcr173,0
immrep5741,YENGSTPVL_B*40:01,tcr520,0
immrep5742,GENALTYAL_B*40:01,tcr536,0
immrep5743,YESYIPGAL_B*40:01,tcr568,0
immrep5744,YENGSTPVL_B*40:01,tcr236,0
immrep5745,MTDYDYLEV_A*02:01,tcr266,0
immrep5746,SEESAFYVL_B*40:01,tcr467,0
immrep5747,GEVLACYAL_B*40:01,tcr947,0
immrep5748,GEVLACYAL_B*40:01,tcr511,0
immrep5749,MENWSALEL_B*40:01,tcr92,0
immrep5750,FEAQPGALL_B*40:01,tcr686,0
immrep5751,GENALTYAL_B*40:01,tcr153,0
immrep5752,HLDDYPYLM_A*02:01,tcr964,0
immrep5753,SQFNWTIYL_A*02:01,tcr328,0
immrep5754,MEMPDYLLL_B*40:01,tcr445,0
immrep5755,HLDDYPYLM_A*02:01,tcr99,0
immrep5756,REDDYSVWL_B*40:01,tcr482,0
immrep5757,GENALTYAL_B*40:01,tcr839,0
immrep5758,KLYPFLWFA_A*02:01,tcr420,0
immrep5759,SEESAFYVL_B*40:01,tcr668,0
immrep5760,MEMPDYLLL_B*40:01,tcr618,0
immrep5761,HLDDYPYLM_A*02:01,tcr249,0
immrep5762,MENWSALEL_B*40:01,tcr947,0
immrep5763,TVYPYGTSL_A*02:01,tcr163,0
immrep5764,GEVLACYAL_B*40:01,tcr753,0
immrep5765,MEMPDYLLL_B*40:01,tcr444,0
immrep5766,YMFYDGYDV_A*02:01,tcr258,0
immrep5767,ILHTHVPEV_A*02:01,tcr654,0
immrep5768,FLDCKSYIL_A*02:01,tcr976,0
immrep5769,SEESAFYVL_B*40:01,tcr251,0
immrep5770,YESYIPGAL_B*40:01,tcr905,0
immrep5771,ILHTHVPEV_A*02:01,tcr199,0
immrep5772,FLDCKSYIL_A*02:01,tcr822,0
immrep5773,MEMPDYLLL_B*40:01,tcr423,0
immrep5774,FEAQPGALL_B*40:01,tcr597,0
immrep5775,ILMHATYFL_A*02:01,tcr175,0
immrep5776,GENALTYAL_B*40:01,tcr609,0
immrep5777,SQFNWTIYL_A*02:01,tcr306,0
immrep5778,YESYIPGAL_B*40:01,tcr515,0
immrep5779,FLDCKSYIL_A*02:01,tcr681,0
immrep5780,ILHTHVPEV_A*02:01,tcr649,0
immrep5781,ILMHATYFL_A*02:01,tcr500,0
immrep5782,YENGSTPVL_B*40:01,tcr202,0
immrep5783,FLDCKSYIL_A*02:01,tcr683,0
immrep5784,KLYPFLWFA_A*02:01,tcr612,0
immrep5785,GENALTYAL_B*40:01,tcr571,0
immrep5786,REDDYSVWL_B*40:01,tcr252,0
immrep5787,ILHTHVPEV_A*02:01,tcr449,0
immrep5788,YENGSTPVL_B*40:01,tcr897,0
immrep5789,TVYPYGTSL_A*02:01,tcr510,0
immrep5790,GEVLACYAL_B*40:01,tcr473,0
immrep5791,YLFNADIWI_A*02:01,tcr838,0
immrep5792,SQFNWTIYL_A*02:01,tcr24,0
immrep5793,MTDYDYLEV_A*02:01,tcr596,0
immrep5794,FEAQPGALL_B*40:01,tcr179,0
immrep5795,YLFNADIWI_A*02:01,tcr742,0
immrep5796,YLFNADIWI_A*02:01,tcr476,0
immrep5797,TVYPYGTSL_A*02:01,tcr895,0
immrep5798,YEDGVIFYL_B*40:01,tcr107,0
immrep5799,HLDDYPYLM_A*02:01,tcr168,0
immrep5800,YESYIPGAL_B*40:01,tcr263,0
immrep5801,FEAQPGALL_B*40:01,tcr953,0
immrep5802,REDDYSVWL_B*40:01,tcr708,0
immrep5803,KLYPFLWFA_A*02:01,tcr380,0
immrep5804,REDDYSVWL_B*40:01,tcr235,0
immrep5805,YMFYDGYDV_A*02:01,tcr928,0
immrep5806,MEMPDYLLL_B*40:01,tcr857,0
immrep5807,HLDDYPYLM_A*02:01,tcr295,0
immrep5808,TVYPYGTSL_A*02:01,tcr729,0
immrep5809,GENALTYAL_B*40:01,tcr602,0
immrep5810,SEESAFYVL_B*40:01,tcr875,0
immrep5811,TVYPYGTSL_A*02:01,tcr655,0
immrep5812,SEESAFYVL_B*40:01,tcr623,0
immrep5813,REDDYSVWL_B*40:01,tcr630,0
immrep5814,YMFYDGYDV_A*02:01,tcr20,0
immrep5815,YESYIPGAL_B*40:01,tcr735,0
immrep5816,ILHTHVPEV_A*02:01,tcr620,0
immrep5817,MEMPDYLLL_B*40:01,tcr245,0
immrep5818,YEDGVIFYL_B*40:01,tcr130,0
immrep5819,SQFNWTIYL_A*02:01,tcr172,0
immrep5820,GEVLACYAL_B*40:01,tcr968,0
immrep5821,ILHTHVPEV_A*02:01,tcr88,0
immrep5822,MENWSALEL_B*40:01,tcr426,0
immrep5823,YENGSTPVL_B*40:01,tcr132,0
immrep5824,SEESAFYVL_B*40:01,tcr723,0
immrep5825,HLDDYPYLM_A*02:01,tcr166,0
immrep5826,YESYIPGAL_B*40:01,tcr774,0
immrep5827,YENGSTPVL_B*40:01,tcr469,0
immrep5828,SQFNWTIYL_A*02:01,tcr18,0
immrep5829,SQFNWTIYL_A*02:01,tcr944,0
immrep5830,YESYIPGAL_B*40:01,tcr8,0
immrep5831,HLDDYPYLM_A*02:01,tcr771,0
immrep5832,SQFNWTIYL_A*02:01,tcr11,0
immrep5833,YLFNADIWI_A*02:01,tcr991,0
immrep5834,GENALTYAL_B*40:01,tcr51,0
immrep5835,REDDYSVWL_B*40:01,tcr565,0
immrep5836,KLYPFLWFA_A*02:01,tcr349,0
immrep5837,TVYPYGTSL_A*02:01,tcr43,0
immrep5838,MTDYDYLEV_A*02:01,tcr655,0
immrep5839,MENWSALEL_B*40:01,tcr981,0
immrep5840,YMFYDGYDV_A*02:01,tcr266,0
immrep5841,TVYPYGTSL_A*02:01,tcr692,0
immrep5842,REDDYSVWL_B*40:01,tcr896,0
immrep5843,SEESAFYVL_B*40:01,tcr575,0
immrep5844,YEDGVIFYL_B*40:01,tcr570,0
immrep5845,FEAQPGALL_B*40:01,tcr989,0
immrep5846,ILMHATYFL_A*02:01,tcr480,0
immrep5847,KLYPFLWFA_A*02:01,tcr512,0
immrep5848,HLDDYPYLM_A*02:01,tcr338,0
immrep5849,ILMHATYFL_A*02:01,tcr208,0
immrep5850,FLDCKSYIL_A*02:01,tcr157,0
immrep5851,ILHTHVPEV_A*02:01,tcr743,0
immrep5852,YENGSTPVL_B*40:01,tcr390,0
immrep5853,YMFYDGYDV_A*02:01,tcr417,0
immrep5854,YESYIPGAL_B*40:01,tcr892,0
immrep5855,ILMHATYFL_A*02:01,tcr27,0
immrep5856,SQFNWTIYL_A*02:01,tcr451,0
immrep5857,MTDYDYLEV_A*02:01,tcr97,0
immrep5858,YMFYDGYDV_A*02:01,tcr695,0
immrep5859,YEDGVIFYL_B*40:01,tcr37,0
immrep5860,ILHTHVPEV_A*02:01,tcr57,0
immrep5861,GENALTYAL_B*40:01,tcr776,0
immrep5862,MEMPDYLLL_B*40:01,tcr708,0
immrep5863,KLYPFLWFA_A*02:01,tcr573,0
immrep5864,YENGSTPVL_B*40:01,tcr540,0
immrep5865,GEVLACYAL_B*40:01,tcr62,0
immrep5866,YEDGVIFYL_B*40:01,tcr696,0
immrep5867,SEESAFYVL_B*40:01,tcr646,0
immrep5868,TVYPYGTSL_A*02:01,tcr226,0
immrep5869,YEDGVIFYL_B*40:01,tcr656,0
immrep5870,GENALTYAL_B*40:01,tcr995,0
immrep5871,MTDYDYLEV_A*02:01,tcr624,0
immrep5872,KLYPFLWFA_A*02:01,tcr395,0
immrep5873,FLDCKSYIL_A*02:01,tcr979,0
immrep5874,ILMHATYFL_A*02:01,tcr160,0
immrep5875,FEAQPGALL_B*40:01,tcr353,0
immrep5876,MTDYDYLEV_A*02:01,tcr543,0
immrep5877,REDDYSVWL_B*40:01,tcr609,0
immrep5878,GENALTYAL_B*40:01,tcr126,0
immrep5879,YENGSTPVL_B*40:01,tcr575,0
immrep5880,SQFNWTIYL_A*02:01,tcr654,0
immrep5881,FLDCKSYIL_A*02:01,tcr862,0
immrep5882,YENGSTPVL_B*40:01,tcr443,0
immrep5883,MEMPDYLLL_B*40:01,tcr547,0
immrep5884,SQFNWTIYL_A*02:01,tcr224,0
immrep5885,MTDYDYLEV_A*02:01,tcr554,0
immrep5886,YEDGVIFYL_B*40:01,tcr574,0
immrep5887,ILHTHVPEV_A*02:01,tcr848,0
immrep5888,MENWSALEL_B*40:01,tcr575,0
immrep5889,SEESAFYVL_B*40:01,tcr730,0
immrep5890,MEMPDYLLL_B*40:01,tcr952,0
immrep5891,ILMHATYFL_A*02:01,tcr243,0
immrep5892,REDDYSVWL_B*40:01,tcr83,0
immrep5893,SQFNWTIYL_A*02:01,tcr468,0
immrep5894,MENWSALEL_B*40:01,tcr529,0
immrep5895,HLDDYPYLM_A*02:01,tcr434,0
immrep5896,TVYPYGTSL_A*02:01,tcr308,0
immrep5897,GENALTYAL_B*40:01,tcr332,0
immrep5898,SEESAFYVL_B*40:01,tcr76,0
immrep5899,GEVLACYAL_B*40:01,tcr236,0
immrep5900,FLDCKSYIL_A*02:01,tcr261,0
immrep5901,GEVLACYAL_B*40:01,tcr643,0
immrep5902,SEESAFYVL_B*40:01,tcr302,0
immrep5903,YESYIPGAL_B*40:01,tcr973,0
immrep5904,MENWSALEL_B*40:01,tcr114,0
immrep5905,FEAQPGALL_B*40:01,tcr909,0
immrep5906,YEDGVIFYL_B*40:01,tcr410,0
immrep5907,MEMPDYLLL_B*40:01,tcr610,0
immrep5908,ILMHATYFL_A*02:01,tcr206,0
immrep5909,GENALTYAL_B*40:01,tcr867,0
immrep5910,ILMHATYFL_A*02:01,tcr526,0
immrep5911,GEVLACYAL_B*40:01,tcr237,0
immrep5912,HLDDYPYLM_A*02:01,tcr573,0
immrep5913,YESYIPGAL_B*40:01,tcr314,0
immrep5914,REDDYSVWL_B*40:01,tcr164,0
immrep5915,GENALTYAL_B*40:01,tcr423,0
immrep5916,YENGSTPVL_B*40:01,tcr456,0
immrep5917,GEVLACYAL_B*40:01,tcr646,0
immrep5918,SEESAFYVL_B*40:01,tcr171,0
immrep5919,YEDGVIFYL_B*40:01,tcr450,0
immrep5920,REDDYSVWL_B*40:01,tcr100,0
immrep5921,MTDYDYLEV_A*02:01,tcr106,0
immrep5922,GENALTYAL_B*40:01,tcr265,0
immrep5923,SEESAFYVL_B*40:01,tcr462,0
immrep5924,HLDDYPYLM_A*02:01,tcr800,0
immrep5925,YENGSTPVL_B*40:01,tcr665,0
immrep5926,YLFNADIWI_A*02:01,tcr122,0
immrep5927,GEVLACYAL_B*40:01,tcr562,0
immrep5928,MEMPDYLLL_B*40:01,tcr761,0
immrep5929,YLFNADIWI_A*02:01,tcr666,0
immrep5930,SEESAFYVL_B*40:01,tcr845,0
immrep5931,YENGSTPVL_B*40:01,tcr507,0
immrep5932,REDDYSVWL_B*40:01,tcr550,0
immrep5933,MENWSALEL_B*40:01,tcr617,0
immrep5934,YMFYDGYDV_A*02:01,tcr818,0
immrep5935,SQFNWTIYL_A*02:01,tcr257,0
immrep5936,ILMHATYFL_A*02:01,tcr624,0
immrep5937,SQFNWTIYL_A*02:01,tcr984,0
immrep5938,MEMPDYLLL_B*40:01,tcr630,0
immrep5939,TVYPYGTSL_A*02:01,tcr412,0
immrep5940,ILHTHVPEV_A*02:01,tcr664,0
immrep5941,SEESAFYVL_B*40:01,tcr498,0
immrep5942,GENALTYAL_B*40:01,tcr669,0
immrep5943,ILMHATYFL_A*02:01,tcr209,0
immrep5944,KLYPFLWFA_A*02:01,tcr939,0
immrep5945,SQFNWTIYL_A*02:01,tcr861,0
immrep5946,YLFNADIWI_A*02:01,tcr933,0
immrep5947,GENALTYAL_B*40:01,tcr339,0
immrep5948,YENGSTPVL_B*40:01,tcr943,0
immrep5949,FLDCKSYIL_A*02:01,tcr734,0
immrep5950,REDDYSVWL_B*40:01,tcr807,0
immrep5951,KLYPFLWFA_A*02:01,tcr68,0
immrep5952,FEAQPGALL_B*40:01,tcr647,0
immrep5953,GENALTYAL_B*40:01,tcr15,0
immrep5954,YESYIPGAL_B*40:01,tcr888,0
immrep5955,SQFNWTIYL_A*02:01,tcr858,0
immrep5956,ILMHATYFL_A*02:01,tcr201,0
immrep5957,KLYPFLWFA_A*02:01,tcr85,0
immrep5958,YLFNADIWI_A*02:01,tcr701,0
immrep5959,ILHTHVPEV_A*02:01,tcr120,0
immrep5960,YMFYDGYDV_A*02:01,tcr961,0
immrep5961,MTDYDYLEV_A*02:01,tcr771,0
immrep5962,MENWSALEL_B*40:01,tcr884,0
immrep5963,KLYPFLWFA_A*02:01,tcr307,0
immrep5964,HLDDYPYLM_A*02:01,tcr389,0
immrep5965,ILMHATYFL_A*02:01,tcr731,0
immrep5966,ILMHATYFL_A*02:01,tcr24,0
immrep5967,REDDYSVWL_B*40:01,tcr329,0
immrep5968,GENALTYAL_B*40:01,tcr301,0
immrep5969,HLDDYPYLM_A*02:01,tcr794,0
immrep5970,TVYPYGTSL_A*02:01,tcr375,0
immrep5971,YEDGVIFYL_B*40:01,tcr892,0
immrep5972,YEDGVIFYL_B*40:01,tcr547,0
immrep5973,MEMPDYLLL_B*40:01,tcr735,0
immrep5974,MENWSALEL_B*40:01,tcr405,0
immrep5975,REDDYSVWL_B*40:01,tcr626,0
immrep5976,YENGSTPVL_B*40:01,tcr310,0
immrep5977,YMFYDGYDV_A*02:01,tcr344,0
immrep5978,REDDYSVWL_B*40:01,tcr890,0
immrep5979,YESYIPGAL_B*40:01,tcr693,0
immrep5980,KLYPFLWFA_A*02:01,tcr318,0
immrep5981,REDDYSVWL_B*40:01,tcr919,0
immrep5982,FLDCKSYIL_A*02:01,tcr790,0
immrep5983,SQFNWTIYL_A*02:01,tcr624,0
immrep5984,MENWSALEL_B*40:01,tcr584,0
immrep5985,HLDDYPYLM_A*02:01,tcr133,0
immrep5986,HLDDYPYLM_A*02:01,tcr94,0
immrep5987,YEDGVIFYL_B*40:01,tcr900,0
immrep5988,MEMPDYLLL_B*40:01,tcr565,0
immrep5989,YLFNADIWI_A*02:01,tcr640,0
immrep5990,YENGSTPVL_B*40:01,tcr668,0
immrep5991,REDDYSVWL_B*40:01,tcr96,0
immrep5992,KLYPFLWFA_A*02:01,tcr496,0
immrep5993,YESYIPGAL_B*40:01,tcr772,0
immrep5994,SQFNWTIYL_A*02:01,tcr375,0
immrep5995,REDDYSVWL_B*40:01,tcr350,0
immrep5996,FEAQPGALL_B*40:01,tcr598,0
immrep5997,KLYPFLWFA_A*02:01,tcr619,0
immrep5998,GENALTYAL_B*40:01,tcr58,0
immrep5999,TVYPYGTSL_A*02:01,tcr341,0
immrep6000,FEAQPGALL_B*40:01,tcr905,0
immrep6001,YESYIPGAL_B*40:01,tcr365,0
immrep6002,YENGSTPVL_B*40:01,tcr104,0
immrep6003,YMFYDGYDV_A*02:01,tcr177,0
immrep6004,GENALTYAL_B*40:01,tcr757,0
immrep6005,MENWSALEL_B*40:01,tcr867,0
immrep6006,SEESAFYVL_B*40:01,tcr712,0
immrep6007,YESYIPGAL_B*40:01,tcr855,0
immrep6008,YLFNADIWI_A*02:01,tcr868,0
immrep6009,REDDYSVWL_B*40:01,tcr580,0
immrep6010,GENALTYAL_B*40:01,tcr643,0
immrep6011,KLYPFLWFA_A*02:01,tcr978,0
immrep6012,YENGSTPVL_B*40:01,tcr211,0
immrep6013,SEESAFYVL_B*40:01,tcr686,0
immrep6014,YEDGVIFYL_B*40:01,tcr890,0
immrep6015,YENGSTPVL_B*40:01,tcr265,0
immrep6016,ILHTHVPEV_A*02:01,tcr539,0
immrep6017,YEDGVIFYL_B*40:01,tcr348,0
immrep6018,GENALTYAL_B*40:01,tcr247,0
immrep6019,GENALTYAL_B*40:01,tcr326,0
immrep6020,YENGSTPVL_B*40:01,tcr821,0
immrep6021,FEAQPGALL_B*40:01,tcr704,0
immrep6022,GEVLACYAL_B*40:01,tcr517,0
immrep6023,GEVLACYAL_B*40:01,tcr730,0
immrep6024,KLYPFLWFA_A*02:01,tcr368,0
immrep6025,MEMPDYLLL_B*40:01,tcr246,0
immrep6026,YENGSTPVL_B*40:01,tcr690,0
immrep6027,GEVLACYAL_B*40:01,tcr599,0
immrep6028,GEVLACYAL_B*40:01,tcr47,0
immrep6029,SEESAFYVL_B*40:01,tcr941,0
immrep6030,MENWSALEL_B*40:01,tcr952,0
immrep6031,ILMHATYFL_A*02:01,tcr417,0
immrep6032,GEVLACYAL_B*40:01,tcr439,0
immrep6033,SQFNWTIYL_A*02:01,tcr563,0
immrep6034,TVYPYGTSL_A*02:01,tcr105,0
immrep6035,MTDYDYLEV_A*02:01,tcr725,0
immrep6036,REDDYSVWL_B*40:01,tcr508,0
immrep6037,TVYPYGTSL_A*02:01,tcr891,0
immrep6038,MEMPDYLLL_B*40:01,tcr841,0
immrep6039,YENGSTPVL_B*40:01,tcr799,0
immrep6040,MEMPDYLLL_B*40:01,tcr719,0
immrep6041,SQFNWTIYL_A*02:01,tcr69,0
immrep6042,MTDYDYLEV_A*02:01,tcr442,0
immrep6043,YLFNADIWI_A*02:01,tcr711,0
immrep6044,FEAQPGALL_B*40:01,tcr109,0
immrep6045,FEAQPGALL_B*40:01,tcr275,0
immrep6046,YEDGVIFYL_B*40:01,tcr561,0
immrep6047,GENALTYAL_B*40:01,tcr225,0
immrep6048,ILHTHVPEV_A*02:01,tcr287,0
immrep6049,KLYPFLWFA_A*02:01,tcr250,0
immrep6050,GENALTYAL_B*40:01,tcr953,0
immrep6051,YENGSTPVL_B*40:01,tcr164,0
immrep6052,YENGSTPVL_B*40:01,tcr718,0
immrep6053,GEVLACYAL_B*40:01,tcr275,0
immrep6054,TVYPYGTSL_A*02:01,tcr492,0
immrep6055,HLDDYPYLM_A*02:01,tcr357,0
immrep6056,YESYIPGAL_B*40:01,tcr456,0
immrep6057,YESYIPGAL_B*40:01,tcr597,0
immrep6058,YLFNADIWI_A*02:01,tcr843,0
immrep6059,MEMPDYLLL_B*40:01,tcr229,0
immrep6060,YLFNADIWI_A*02:01,tcr505,0
immrep6061,GENALTYAL_B*40:01,tcr300,0
immrep6062,YLFNADIWI_A*02:01,tcr207,0
immrep6063,SQFNWTIYL_A*02:01,tcr372,0
immrep6064,GEVLACYAL_B*40:01,tcr949,0
immrep6065,FLDCKSYIL_A*02:01,tcr502,0
immrep6066,KLYPFLWFA_A*02:01,tcr740,0
immrep6067,REDDYSVWL_B*40:01,tcr115,0
immrep6068,SEESAFYVL_B*40:01,tcr276,0
immrep6069,HLDDYPYLM_A*02:01,tcr345,0
immrep6070,FLDCKSYIL_A*02:01,tcr763,0
immrep6071,MEMPDYLLL_B*40:01,tcr269,0
immrep6072,GENALTYAL_B*40:01,tcr955,0
immrep6073,FEAQPGALL_B*40:01,tcr332,0
immrep6074,YESYIPGAL_B*40:01,tcr656,0
immrep6075,KLYPFLWFA_A*02:01,tcr848,0
immrep6076,SQFNWTIYL_A*02:01,tcr480,0
immrep6077,KLYPFLWFA_A*02:01,tcr971,0
immrep6078,KLYPFLWFA_A*02:01,tcr286,0
immrep6079,SQFNWTIYL_A*02:01,tcr535,0
immrep6080,MENWSALEL_B*40:01,tcr283,0
immrep6081,YLFNADIWI_A*02:01,tcr324,0
immrep6082,SEESAFYVL_B*40:01,tcr507,0
immrep6083,YESYIPGAL_B*40:01,tcr593,0
immrep6084,GENALTYAL_B*40:01,tcr929,0
immrep6085,MEMPDYLLL_B*40:01,tcr399,0
immrep6086,MENWSALEL_B*40:01,tcr752,0
immrep6087,MEMPDYLLL_B*40:01,tcr727,0
immrep6088,ILHTHVPEV_A*02:01,tcr97,0
immrep6089,ILMHATYFL_A*02:01,tcr320,0
immrep6090,ILMHATYFL_A*02:01,tcr325,0
immrep6091,TVYPYGTSL_A*02:01,tcr826,0
immrep6092,GEVLACYAL_B*40:01,tcr14,0
immrep6093,SQFNWTIYL_A*02:01,tcr39,0
immrep6094,MEMPDYLLL_B*40:01,tcr363,0
immrep6095,YENGSTPVL_B*40:01,tcr392,0
immrep6096,GENALTYAL_B*40:01,tcr648,0
immrep6097,YESYIPGAL_B*40:01,tcr981,0
immrep6098,FLDCKSYIL_A*02:01,tcr680,0
immrep6099,MTDYDYLEV_A*02:01,tcr122,0
immrep6100,YENGSTPVL_B*40:01,tcr396,0
immrep6101,KLYPFLWFA_A*02:01,tcr672,0
immrep6102,YMFYDGYDV_A*02:01,tcr308,0
immrep6103,GENALTYAL_B*40:01,tcr911,0
immrep6104,KLYPFLWFA_A*02:01,tcr243,0
immrep6105,KLYPFLWFA_A*02:01,tcr733,0
immrep6106,YMFYDGYDV_A*02:01,tcr664,0
immrep6107,YEDGVIFYL_B*40:01,tcr159,0
immrep6108,YENGSTPVL_B*40:01,tcr519,0
immrep6109,HLDDYPYLM_A*02:01,tcr743,0
immrep6110,ILHTHVPEV_A*02:01,tcr48,0
immrep6111,SEESAFYVL_B*40:01,tcr473,0
immrep6112,YLFNADIWI_A*02:01,tcr239,0
immrep6113,MENWSALEL_B*40:01,tcr920,0
immrep6114,SEESAFYVL_B*40:01,tcr421,0
immrep6115,YENGSTPVL_B*40:01,tcr260,0
immrep6116,ILHTHVPEV_A*02:01,tcr460,0
immrep6117,YESYIPGAL_B*40:01,tcr575,0
immrep6118,ILMHATYFL_A*02:01,tcr764,0
immrep6119,FEAQPGALL_B*40:01,tcr662,0
immrep6120,SQFNWTIYL_A*02:01,tcr122,0
immrep6121,YMFYDGYDV_A*02:01,tcr324,0
immrep6122,YLFNADIWI_A*02:01,tcr612,0
immrep6123,YEDGVIFYL_B*40:01,tcr925,0
immrep6124,YENGSTPVL_B*40:01,tcr26,0
immrep6125,YESYIPGAL_B*40:01,tcr472,0
immrep6126,ILHTHVPEV_A*02:01,tcr54,0
immrep6127,MEMPDYLLL_B*40:01,tcr835,0
immrep6128,KLYPFLWFA_A*02:01,tcr129,0
immrep6129,YLFNADIWI_A*02:01,tcr1,0
immrep6130,MTDYDYLEV_A*02:01,tcr954,0
immrep6131,FEAQPGALL_B*40:01,tcr900,0
immrep6132,MENWSALEL_B*40:01,tcr577,0
immrep6133,HLDDYPYLM_A*02:01,tcr567,0
immrep6134,YLFNADIWI_A*02:01,tcr307,0
immrep6135,MEMPDYLLL_B*40:01,tcr40,0
immrep6136,YESYIPGAL_B*40:01,tcr565,0
immrep6137,YMFYDGYDV_A*02:01,tcr75,0
immrep6138,HLDDYPYLM_A*02:01,tcr583,0
immrep6139,MENWSALEL_B*40:01,tcr668,0
immrep6140,HLDDYPYLM_A*02:01,tcr369,0
immrep6141,MENWSALEL_B*40:01,tcr76,0
immrep6142,ILHTHVPEV_A*02:01,tcr372,0
immrep6143,SQFNWTIYL_A*02:01,tcr377,0
immrep6144,TVYPYGTSL_A*02:01,tcr476,0
immrep6145,MTDYDYLEV_A*02:01,tcr796,0
immrep6146,SQFNWTIYL_A*02:01,tcr749,0
immrep6147,FLDCKSYIL_A*02:01,tcr256,0
immrep6148,MTDYDYLEV_A*02:01,tcr632,0
immrep6149,MTDYDYLEV_A*02:01,tcr497,0
immrep6150,HLDDYPYLM_A*02:01,tcr412,0
immrep6151,KLYPFLWFA_A*02:01,tcr966,0
immrep6152,YESYIPGAL_B*40:01,tcr41,0
immrep6153,KLYPFLWFA_A*02:01,tcr563,0
immrep6154,GENALTYAL_B*40:01,tcr869,0
immrep6155,GEVLACYAL_B*40:01,tcr470,0
immrep6156,YMFYDGYDV_A*02:01,tcr991,0
immrep6157,GEVLACYAL_B*40:01,tcr475,0
immrep6158,SQFNWTIYL_A*02:01,tcr578,0
immrep6159,ILMHATYFL_A*02:01,tcr688,0
immrep6160,MENWSALEL_B*40:01,tcr972,0
immrep6161,KLYPFLWFA_A*02:01,tcr281,0
immrep6162,YESYIPGAL_B*40:01,tcr807,0
immrep6163,GENALTYAL_B*40:01,tcr216,0
immrep6164,SEESAFYVL_B*40:01,tcr876,0
immrep6165,REDDYSVWL_B*40:01,tcr540,0
immrep6166,FEAQPGALL_B*40:01,tcr949,0
immrep6167,MTDYDYLEV_A*02:01,tcr583,0
immrep6168,YESYIPGAL_B*40:01,tcr797,0
immrep6169,MEMPDYLLL_B*40:01,tcr323,0
immrep6170,YLFNADIWI_A*02:01,tcr556,0
immrep6171,MTDYDYLEV_A*02:01,tcr12,0
immrep6172,KLYPFLWFA_A*02:01,tcr548,0
immrep6173,YMFYDGYDV_A*02:01,tcr380,0
immrep6174,YMFYDGYDV_A*02:01,tcr666,0
immrep6175,GEVLACYAL_B*40:01,tcr943,0
immrep6176,SEESAFYVL_B*40:01,tcr925,0
immrep6177,HLDDYPYLM_A*02:01,tcr595,0
immrep6178,MENWSALEL_B*40:01,tcr2,0
immrep6179,YESYIPGAL_B*40:01,tcr829,0
immrep6180,FEAQPGALL_B*40:01,tcr176,0
immrep6181,MENWSALEL_B*40:01,tcr842,0
immrep6182,GENALTYAL_B*40:01,tcr62,0
immrep6183,SQFNWTIYL_A*02:01,tcr932,0
immrep6184,FEAQPGALL_B*40:01,tcr79,0
immrep6185,MTDYDYLEV_A*02:01,tcr681,0
immrep6186,FLDCKSYIL_A*02:01,tcr160,0
immrep6187,MENWSALEL_B*40:01,tcr525,0
immrep6188,YENGSTPVL_B*40:01,tcr981,0
immrep6189,ILHTHVPEV_A*02:01,tcr706,0
immrep6190,MTDYDYLEV_A*02:01,tcr344,0
immrep6191,YESYIPGAL_B*40:01,tcr665,0
immrep6192,SEESAFYVL_B*40:01,tcr227,0
immrep6193,SEESAFYVL_B*40:01,tcr775,0
immrep6194,GENALTYAL_B*40:01,tcr134,0
immrep6195,YLFNADIWI_A*02:01,tcr848,0
immrep6196,ILMHATYFL_A*02:01,tcr88,0
immrep6197,SEESAFYVL_B*40:01,tcr571,0
immrep6198,MEMPDYLLL_B*40:01,tcr523,0
immrep6199,YMFYDGYDV_A*02:01,tcr172,0
immrep6200,GEVLACYAL_B*40:01,tcr146,0
immrep6201,MTDYDYLEV_A*02:01,tcr48,0
immrep6202,GEVLACYAL_B*40:01,tcr923,0
immrep6203,HLDDYPYLM_A*02:01,tcr594,0
immrep6204,YLFNADIWI_A*02:01,tcr289,0
immrep6205,HLDDYPYLM_A*02:01,tcr213,0
immrep6206,REDDYSVWL_B*40:01,tcr284,0
immrep6207,FLDCKSYIL_A*02:01,tcr16,0
immrep6208,GEVLACYAL_B*40:01,tcr399,0
immrep6209,GENALTYAL_B*40:01,tcr529,0
immrep6210,FLDCKSYIL_A*02:01,tcr505,0
immrep6211,SQFNWTIYL_A*02:01,tcr239,0
immrep6212,FEAQPGALL_B*40:01,tcr841,0
immrep6213,REDDYSVWL_B*40:01,tcr854,0
immrep6214,KLYPFLWFA_A*02:01,tcr722,0
immrep6215,ILMHATYFL_A*02:01,tcr22,0
immrep6216,YENGSTPVL_B*40:01,tcr115,0
immrep6217,YENGSTPVL_B*40:01,tcr444,0
immrep6218,MEMPDYLLL_B*40:01,tcr890,0
immrep6219,KLYPFLWFA_A*02:01,tcr500,0
immrep6220,REDDYSVWL_B*40:01,tcr282,0
immrep6221,FEAQPGALL_B*40:01,tcr302,0
immrep6222,GEVLACYAL_B*40:01,tcr150,0
immrep6223,REDDYSVWL_B*40:01,tcr970,0
immrep6224,SEESAFYVL_B*40:01,tcr959,0
immrep6225,TVYPYGTSL_A*02:01,tcr352,0
immrep6226,TVYPYGTSL_A*02:01,tcr741,0
immrep6227,HLDDYPYLM_A*02:01,tcr655,0
immrep6228,YEDGVIFYL_B*40:01,tcr148,0
immrep6229,ILMHATYFL_A*02:01,tcr345,0
immrep6230,SEESAFYVL_B*40:01,tcr952,0
immrep6231,KLYPFLWFA_A*02:01,tcr694,0
immrep6232,GENALTYAL_B*40:01,tcr173,0
immrep6233,YEDGVIFYL_B*40:01,tcr917,0
immrep6234,SQFNWTIYL_A*02:01,tcr497,0
immrep6235,YMFYDGYDV_A*02:01,tcr422,0
immrep6236,YMFYDGYDV_A*02:01,tcr206,0
immrep6237,SQFNWTIYL_A*02:01,tcr874,0
immrep6238,ILMHATYFL_A*02:01,tcr12,0
immrep6239,SQFNWTIYL_A*02:01,tcr754,0
immrep6240,ILMHATYFL_A*02:01,tcr548,0
immrep6241,KLYPFLWFA_A*02:01,tcr585,0
immrep6242,ILHTHVPEV_A*02:01,tcr725,0
immrep6243,SQFNWTIYL_A*02:01,tcr255,0
immrep6244,MEMPDYLLL_B*40:01,tcr550,0
immrep6245,YENGSTPVL_B*40:01,tcr989,0
immrep6246,GEVLACYAL_B*40:01,tcr499,0
immrep6247,TVYPYGTSL_A*02:01,tcr307,0
immrep6248,YLFNADIWI_A*02:01,tcr187,0
immrep6249,FEAQPGALL_B*40:01,tcr197,0
immrep6250,HLDDYPYLM_A*02:01,tcr927,0
immrep6251,MTDYDYLEV_A*02:01,tcr808,0
immrep6252,KLYPFLWFA_A*02:01,tcr526,0
immrep6253,GEVLACYAL_B*40:01,tcr770,0
immrep6254,GEVLACYAL_B*40:01,tcr892,0
immrep6255,SEESAFYVL_B*40:01,tcr323,0
immrep6256,KLYPFLWFA_A*02:01,tcr814,0
immrep6257,SQFNWTIYL_A*02:01,tcr809,0
immrep6258,YLFNADIWI_A*02:01,tcr918,0
immrep6259,FLDCKSYIL_A*02:01,tcr375,0
immrep6260,ILHTHVPEV_A*02:01,tcr68,0
immrep6261,HLDDYPYLM_A*02:01,tcr44,0
immrep6262,YENGSTPVL_B*40:01,tcr825,0
immrep6263,YLFNADIWI_A*02:01,tcr25,0
immrep6264,ILHTHVPEV_A*02:01,tcr798,0
immrep6265,FLDCKSYIL_A*02:01,tcr624,0
immrep6266,KLYPFLWFA_A*02:01,tcr703,0
immrep6267,TVYPYGTSL_A*02:01,tcr822,0
immrep6268,KLYPFLWFA_A*02:01,tcr830,0
immrep6269,YEDGVIFYL_B*40:01,tcr867,0
immrep6270,GEVLACYAL_B*40:01,tcr115,0
immrep6271,FLDCKSYIL_A*02:01,tcr442,0
immrep6272,YESYIPGAL_B*40:01,tcr867,0
immrep6273,FEAQPGALL_B*40:01,tcr444,0
immrep6274,ILMHATYFL_A*02:01,tcr433,0
immrep6275,GEVLACYAL_B*40:01,tcr41,0
immrep6276,REDDYSVWL_B*40:01,tcr130,0
immrep6277,HLDDYPYLM_A*02:01,tcr928,0
immrep6278,MENWSALEL_B*40:01,tcr574,0
immrep6279,FEAQPGALL_B*40:01,tcr8,0
immrep6280,SQFNWTIYL_A*02:01,tcr268,0
immrep6281,HLDDYPYLM_A*02:01,tcr113,0
immrep6282,SQFNWTIYL_A*02:01,tcr706,0
immrep6283,TVYPYGTSL_A*02:01,tcr80,0
immrep6284,GENALTYAL_B*40:01,tcr83,0
immrep6285,ILMHATYFL_A*02:01,tcr449,0
immrep6286,FLDCKSYIL_A*02:01,tcr743,0
immrep6287,SEESAFYVL_B*40:01,tcr869,0
immrep6288,TVYPYGTSL_A*02:01,tcr564,0
immrep6289,SEESAFYVL_B*40:01,tcr384,0
immrep6290,FLDCKSYIL_A*02:01,tcr988,0
immrep6291,SEESAFYVL_B*40:01,tcr504,0
immrep6292,TVYPYGTSL_A*02:01,tcr720,0
immrep6293,YENGSTPVL_B*40:01,tcr473,0
immrep6294,SQFNWTIYL_A*02:01,tcr430,0
immrep6295,HLDDYPYLM_A*02:01,tcr370,0
immrep6296,GENALTYAL_B*40:01,tcr997,0
immrep6297,YLFNADIWI_A*02:01,tcr226,0
immrep6298,SQFNWTIYL_A*02:01,tcr491,0
immrep6299,SEESAFYVL_B*40:01,tcr788,0
immrep6300,YLFNADIWI_A*02:01,tcr186,0
immrep6301,TVYPYGTSL_A*02:01,tcr248,0
immrep6302,KLYPFLWFA_A*02:01,tcr255,0
immrep6303,TVYPYGTSL_A*02:01,tcr266,0
immrep6304,YLFNADIWI_A*02:01,tcr677,0
immrep6305,ILHTHVPEV_A*02:01,tcr341,0
immrep6306,YLFNADIWI_A*02:01,tcr589,0
immrep6307,FEAQPGALL_B*40:01,tcr132,0
immrep6308,FEAQPGALL_B*40:01,tcr311,0
immrep6309,FEAQPGALL_B*40:01,tcr194,0
immrep6310,SEESAFYVL_B*40:01,tcr871,0
immrep6311,YENGSTPVL_B*40:01,tcr183,0
immrep6312,YLFNADIWI_A*02:01,tcr414,0
immrep6313,ILHTHVPEV_A*02:01,tcr963,0
immrep6314,YEDGVIFYL_B*40:01,tcr646,0
immrep6315,TVYPYGTSL_A*02:01,tcr437,0
immrep6316,FLDCKSYIL_A*02:01,tcr912,0
immrep6317,YLFNADIWI_A*02:01,tcr69,0
immrep6318,FEAQPGALL_B*40:01,tcr627,0
immrep6319,HLDDYPYLM_A*02:01,tcr691,0
immrep6320,HLDDYPYLM_A*02:01,tcr432,0
immrep6321,ILMHATYFL_A*02:01,tcr389,0
immrep6322,TVYPYGTSL_A*02:01,tcr806,0
immrep6323,SEESAFYVL_B*40:01,tcr581,0
immrep6324,ILMHATYFL_A*02:01,tcr377,0
immrep6325,YMFYDGYDV_A*02:01,tcr766,0
immrep6326,ILHTHVPEV_A*02:01,tcr85,0
immrep6327,SEESAFYVL_B*40:01,tcr659,0
immrep6328,GENALTYAL_B*40:01,tcr969,0
immrep6329,HLDDYPYLM_A*02:01,tcr65,0
immrep6330,YEDGVIFYL_B*40:01,tcr712,0
immrep6331,GEVLACYAL_B*40:01,tcr407,0
immrep6332,ILHTHVPEV_A*02:01,tcr563,0
immrep6333,YMFYDGYDV_A*02:01,tcr600,0
immrep6334,SEESAFYVL_B*40:01,tcr752,0
immrep6335,HLDDYPYLM_A*02:01,tcr267,0
immrep6336,YLFNADIWI_A*02:01,tcr583,0
immrep6337,FEAQPGALL_B*40:01,tcr259,0
immrep6338,MTDYDYLEV_A*02:01,tcr567,0
immrep6339,ILMHATYFL_A*02:01,tcr193,0
immrep6340,HLDDYPYLM_A*02:01,tcr440,0
immrep6341,YLFNADIWI_A*02:01,tcr85,0
immrep6342,KLYPFLWFA_A*02:01,tcr381,0
immrep6343,GENALTYAL_B*40:01,tcr926,0
immrep6344,TVYPYGTSL_A*02:01,tcr377,0
immrep6345,HLDDYPYLM_A*02:01,tcr80,0
immrep6346,ILMHATYFL_A*02:01,tcr165,0
immrep6347,FEAQPGALL_B*40:01,tcr297,0
immrep6348,YEDGVIFYL_B*40:01,tcr881,0
immrep6349,ILMHATYFL_A*02:01,tcr295,0
immrep6350,MENWSALEL_B*40:01,tcr387,0
immrep6351,MENWSALEL_B*40:01,tcr136,0
immrep6352,FEAQPGALL_B*40:01,tcr202,0
immrep6353,ILHTHVPEV_A*02:01,tcr103,0
immrep6354,ILHTHVPEV_A*02:01,tcr915,0
immrep6355,MTDYDYLEV_A*02:01,tcr534,0
immrep6356,ILMHATYFL_A*02:01,tcr157,0
immrep6357,SEESAFYVL_B*40:01,tcr52,0
immrep6358,SEESAFYVL_B*40:01,tcr233,0
immrep6359,TVYPYGTSL_A*02:01,tcr88,0
immrep6360,KLYPFLWFA_A*02:01,tcr360,0
immrep6361,YLFNADIWI_A*02:01,tcr815,0
immrep6362,KLYPFLWFA_A*02:01,tcr531,0
immrep6363,YEDGVIFYL_B*40:01,tcr426,0
immrep6364,MTDYDYLEV_A*02:01,tcr521,0
immrep6365,TVYPYGTSL_A*02:01,tcr12,0
immrep6366,YMFYDGYDV_A*02:01,tcr1,0
immrep6367,TVYPYGTSL_A*02:01,tcr695,0
immrep6368,FEAQPGALL_B*40:01,tcr571,0
immrep6369,YLFNADIWI_A*02:01,tcr435,0
immrep6370,ILMHATYFL_A*02:01,tcr549,0
immrep6371,HLDDYPYLM_A*02:01,tcr289,0
immrep6372,YMFYDGYDV_A*02:01,tcr993,0
immrep6373,FEAQPGALL_B*40:01,tcr235,0
immrep6374,HLDDYPYLM_A*02:01,tcr121,0
immrep6375,FLDCKSYIL_A*02:01,tcr749,0
immrep6376,GENALTYAL_B*40:01,tcr447,0
immrep6377,YENGSTPVL_B*40:01,tcr33,0
immrep6378,MEMPDYLLL_B*40:01,tcr398,0
immrep6379,YMFYDGYDV_A*02:01,tcr894,0
immrep6380,REDDYSVWL_B*40:01,tcr916,0
immrep6381,YMFYDGYDV_A*02:01,tcr713,0
immrep6382,GENALTYAL_B*40:01,tcr399,0
immrep6383,MTDYDYLEV_A*02:01,tcr264,0
immrep6384,GEVLACYAL_B*40:01,tcr960,0
immrep6385,YMFYDGYDV_A*02:01,tcr750,0
immrep6386,SQFNWTIYL_A*02:01,tcr978,0
immrep6387,FEAQPGALL_B*40:01,tcr126,0
immrep6388,ILHTHVPEV_A*02:01,tcr327,0
immrep6389,YMFYDGYDV_A*02:01,tcr316,0
immrep6390,KLYPFLWFA_A*02:01,tcr963,0
immrep6391,GENALTYAL_B*40:01,tcr989,0
immrep6392,REDDYSVWL_B*40:01,tcr190,0
immrep6393,YESYIPGAL_B*40:01,tcr870,0
immrep6394,ILMHATYFL_A*02:01,tcr763,0
immrep6395,YEDGVIFYL_B*40:01,tcr292,0
immrep6396,MEMPDYLLL_B*40:01,tcr755,0
immrep6397,MEMPDYLLL_B*40:01,tcr145,0
immrep6398,YLFNADIWI_A*02:01,tcr258,0
immrep6399,YENGSTPVL_B*40:01,tcr273,0
immrep6400,GEVLACYAL_B*40:01,tcr611,0
immrep6401,REDDYSVWL_B*40:01,tcr321,0
immrep6402,ILMHATYFL_A*02:01,tcr56,0
immrep6403,YMFYDGYDV_A*02:01,tcr994,0
immrep6404,MEMPDYLLL_B*40:01,tcr587,0
immrep6405,GEVLACYAL_B*40:01,tcr623,0
immrep6406,YMFYDGYDV_A*02:01,tcr612,0
immrep6407,FEAQPGALL_B*40:01,tcr772,0
immrep6408,HLDDYPYLM_A*02:01,tcr744,0
immrep6409,FLDCKSYIL_A*02:01,tcr449,0
immrep6410,SEESAFYVL_B*40:01,tcr153,0
immrep6411,MENWSALEL_B*40:01,tcr890,0
immrep6412,REDDYSVWL_B*40:01,tcr314,0
immrep6413,YENGSTPVL_B*40:01,tcr529,0
immrep6414,GENALTYAL_B*40:01,tcr479,0
immrep6415,YENGSTPVL_B*40:01,tcr450,0
immrep6416,YESYIPGAL_B*40:01,tcr985,0
immrep6417,MTDYDYLEV_A*02:01,tcr737,0
immrep6418,ILMHATYFL_A*02:01,tcr459,0
immrep6419,SQFNWTIYL_A*02:01,tcr918,0
immrep6420,GEVLACYAL_B*40:01,tcr839,0
immrep6421,GENALTYAL_B*40:01,tcr821,0
immrep6422,SQFNWTIYL_A*02:01,tcr715,0
immrep6423,ILHTHVPEV_A*02:01,tcr422,0
immrep6424,FEAQPGALL_B*40:01,tcr810,0
immrep6425,REDDYSVWL_B*40:01,tcr562,0
immrep6426,FEAQPGALL_B*40:01,tcr351,0
immrep6427,KLYPFLWFA_A*02:01,tcr715,0
immrep6428,FEAQPGALL_B*40:01,tcr519,0
immrep6429,YENGSTPVL_B*40:01,tcr298,0
immrep6430,YMFYDGYDV_A*02:01,tcr368,0
immrep6431,TVYPYGTSL_A*02:01,tcr620,0
immrep6432,FLDCKSYIL_A*02:01,tcr585,0
immrep6433,HLDDYPYLM_A*02:01,tcr578,0
immrep6434,GEVLACYAL_B*40:01,tcr899,0
immrep6435,MTDYDYLEV_A*02:01,tcr376,0
immrep6436,TVYPYGTSL_A*02:01,tcr122,0
immrep6437,KLYPFLWFA_A*02:01,tcr22,0
immrep6438,MTDYDYLEV_A*02:01,tcr105,0
immrep6439,YMFYDGYDV_A*02:01,tcr763,0
immrep6440,YESYIPGAL_B*40:01,tcr194,0
immrep6441,YESYIPGAL_B*40:01,tcr102,0
immrep6442,YEDGVIFYL_B*40:01,tcr782,0
immrep6443,YEDGVIFYL_B*40:01,tcr190,0
immrep6444,MEMPDYLLL_B*40:01,tcr33,0
immrep6445,REDDYSVWL_B*40:01,tcr603,0
immrep6446,YESYIPGAL_B*40:01,tcr881,0
immrep6447,YMFYDGYDV_A*02:01,tcr451,0
immrep6448,FLDCKSYIL_A*02:01,tcr666,0
immrep6449,YLFNADIWI_A*02:01,tcr209,0
immrep6450,YLFNADIWI_A*02:01,tcr30,0
immrep6451,YMFYDGYDV_A*02:01,tcr174,0
immrep6452,YMFYDGYDV_A*02:01,tcr460,0
immrep6453,FEAQPGALL_B*40:01,tcr234,0
immrep6454,FLDCKSYIL_A*02:01,tcr971,0
immrep6455,FLDCKSYIL_A*02:01,tcr207,0
immrep6456,YEDGVIFYL_B*40:01,tcr114,0
immrep6457,TVYPYGTSL_A*02:01,tcr287,0
immrep6458,FEAQPGALL_B*40:01,tcr629,0
immrep6459,YESYIPGAL_B*40:01,tcr475,0
immrep6460,ILMHATYFL_A*02:01,tcr435,0
immrep6461,KLYPFLWFA_A*02:01,tcr241,0
immrep6462,GENALTYAL_B*40:01,tcr159,0
immrep6463,REDDYSVWL_B*40:01,tcr802,0
immrep6464,GEVLACYAL_B*40:01,tcr847,0
immrep6465,HLDDYPYLM_A*02:01,tcr590,0
immrep6466,GENALTYAL_B*40:01,tcr981,0
immrep6467,YENGSTPVL_B*40:01,tcr656,0
immrep6468,YENGSTPVL_B*40:01,tcr812,0
immrep6469,TVYPYGTSL_A*02:01,tcr838,0
immrep6470,YLFNADIWI_A*02:01,tcr544,0
immrep6471,SEESAFYVL_B*40:01,tcr200,0
immrep6472,SEESAFYVL_B*40:01,tcr719,0
immrep6473,FLDCKSYIL_A*02:01,tcr69,0
immrep6474,FLDCKSYIL_A*02:01,tcr491,0
immrep6475,KLYPFLWFA_A*02:01,tcr377,0
immrep6476,YLFNADIWI_A*02:01,tcr915,0
immrep6477,TVYPYGTSL_A*02:01,tcr406,0
immrep6478,MEMPDYLLL_B*40:01,tcr948,0
immrep6479,FEAQPGALL_B*40:01,tcr285,0
immrep6480,ILMHATYFL_A*02:01,tcr864,0
immrep6481,SEESAFYVL_B*40:01,tcr410,0
immrep6482,YLFNADIWI_A*02:01,tcr419,0
immrep6483,SEESAFYVL_B*40:01,tcr929,0
immrep6484,SEESAFYVL_B*40:01,tcr828,0
immrep6485,FLDCKSYIL_A*02:01,tcr655,0
immrep6486,SEESAFYVL_B*40:01,tcr269,0
immrep6487,SEESAFYVL_B*40:01,tcr920,0
immrep6488,YENGSTPVL_B*40:01,tcr890,0
immrep6489,SEESAFYVL_B*40:01,tcr457,0
immrep6490,SQFNWTIYL_A*02:01,tcr271,0
immrep6491,GEVLACYAL_B*40:01,tcr384,0
immrep6492,SQFNWTIYL_A*02:01,tcr976,0
immrep6493,ILMHATYFL_A*02:01,tcr23,0
immrep6494,FEAQPGALL_B*40:01,tcr488,0
immrep6495,SQFNWTIYL_A*02:01,tcr476,0
immrep6496,MEMPDYLLL_B*40:01,tcr752,0
immrep6497,MENWSALEL_B*40:01,tcr96,0
immrep6498,HLDDYPYLM_A*02:01,tcr446,0
immrep6499,ILHTHVPEV_A*02:01,tcr117,0
immrep6500,REDDYSVWL_B*40:01,tcr348,0
immrep6501,TVYPYGTSL_A*02:01,tcr376,0
immrep6502,GENALTYAL_B*40:01,tcr191,0
immrep6503,FLDCKSYIL_A*02:01,tcr572,0
immrep6504,FEAQPGALL_B*40:01,tcr171,0
immrep6505,KLYPFLWFA_A*02:01,tcr639,0
immrep6506,SQFNWTIYL_A*02:01,tcr432,0
immrep6507,YLFNADIWI_A*02:01,tcr416,0
immrep6508,HLDDYPYLM_A*02:01,tcr553,0
immrep6509,ILHTHVPEV_A*02:01,tcr43,0
immrep6510,YEDGVIFYL_B*40:01,tcr908,0
immrep6511,YESYIPGAL_B*40:01,tcr504,0
immrep6512,GEVLACYAL_B*40:01,tcr829,0
immrep6513,YENGSTPVL_B*40:01,tcr251,0
immrep6514,YENGSTPVL_B*40:01,tcr458,0
immrep6515,YEDGVIFYL_B*40:01,tcr296,0
immrep6516,MENWSALEL_B*40:01,tcr769,0
immrep6517,ILHTHVPEV_A*02:01,tcr996,0
immrep6518,MTDYDYLEV_A*02:01,tcr934,0
immrep6519,MEMPDYLLL_B*40:01,tcr603,0
immrep6520,HLDDYPYLM_A*02:01,tcr72,0
immrep6521,YESYIPGAL_B*40:01,tcr989,0
immrep6522,GENALTYAL_B*40:01,tcr46,0
immrep6523,FLDCKSYIL_A*02:01,tcr316,0
immrep6524,FLDCKSYIL_A*02:01,tcr27,0
immrep6525,YEDGVIFYL_B*40:01,tcr929,0
immrep6526,SQFNWTIYL_A*02:01,tcr966,0
immrep6527,MTDYDYLEV_A*02:01,tcr524,0
immrep6528,FLDCKSYIL_A*02:01,tcr257,0
immrep6529,YENGSTPVL_B*40:01,tcr810,0
immrep6530,YESYIPGAL_B*40:01,tcr599,0
immrep6531,TVYPYGTSL_A*02:01,tcr309,0
immrep6532,YESYIPGAL_B*40:01,tcr643,0
immrep6533,GEVLACYAL_B*40:01,tcr98,0
immrep6534,HLDDYPYLM_A*02:01,tcr733,0
immrep6535,GEVLACYAL_B*40:01,tcr768,0
immrep6536,SQFNWTIYL_A*02:01,tcr6,0
immrep6537,MENWSALEL_B*40:01,tcr503,0
immrep6538,MEMPDYLLL_B*40:01,tcr456,0
immrep6539,GENALTYAL_B*40:01,tcr592,0
immrep6540,MTDYDYLEV_A*02:01,tcr186,0
immrep6541,ILMHATYFL_A*02:01,tcr683,0
immrep6542,HLDDYPYLM_A*02:01,tcr939,0
immrep6543,YESYIPGAL_B*40:01,tcr473,0
immrep6544,SQFNWTIYL_A*02:01,tcr460,0
immrep6545,SQFNWTIYL_A*02:01,tcr510,0
immrep6546,HLDDYPYLM_A*02:01,tcr355,0
immrep6547,YMFYDGYDV_A*02:01,tcr999,0
immrep6548,GENALTYAL_B*40:01,tcr690,0
immrep6549,FLDCKSYIL_A*02:01,tcr544,0
immrep6550,TVYPYGTSL_A*02:01,tcr129,0
immrep6551,FLDCKSYIL_A*02:01,tcr448,0
immrep6552,YLFNADIWI_A*02:01,tcr492,0
immrep6553,GEVLACYAL_B*40:01,tcr483,0
immrep6554,MEMPDYLLL_B*40:01,tcr364,0
immrep6555,ILMHATYFL_A*02:01,tcr514,0
immrep6556,ILMHATYFL_A*02:01,tcr307,0
immrep6557,TVYPYGTSL_A*02:01,tcr345,0
immrep6558,MENWSALEL_B*40:01,tcr77,0
immrep6559,YESYIPGAL_B*40:01,tcr229,0
immrep6560,KLYPFLWFA_A*02:01,tcr468,0
immrep6561,YMFYDGYDV_A*02:01,tcr716,0
immrep6562,SQFNWTIYL_A*02:01,tcr991,0
immrep6563,YLFNADIWI_A*02:01,tcr266,0
immrep6564,GENALTYAL_B*40:01,tcr350,0
immrep6565,HLDDYPYLM_A*02:01,tcr832,0
immrep6566,MEMPDYLLL_B*40:01,tcr362,0
immrep6567,TVYPYGTSL_A*02:01,tcr944,0
immrep6568,FLDCKSYIL_A*02:01,tcr465,0
immrep6569,REDDYSVWL_B*40:01,tcr953,0
immrep6570,KLYPFLWFA_A*02:01,tcr338,0
immrep6571,ILMHATYFL_A*02:01,tcr286,0
immrep6572,KLYPFLWFA_A*02:01,tcr411,0
immrep6573,YMFYDGYDV_A*02:01,tcr36,0
immrep6574,KLYPFLWFA_A*02:01,tcr133,0
immrep6575,MENWSALEL_B*40:01,tcr28,0
immrep6576,SQFNWTIYL_A*02:01,tcr357,0
immrep6577,YEDGVIFYL_B*40:01,tcr854,0
immrep6578,GEVLACYAL_B*40:01,tcr429,0
immrep6579,SEESAFYVL_B*40:01,tcr527,0
immrep6580,YMFYDGYDV_A*02:01,tcr707,0
immrep6581,MENWSALEL_B*40:01,tcr896,0
immrep6582,GEVLACYAL_B*40:01,tcr958,0
immrep6583,YMFYDGYDV_A*02:01,tcr289,0
immrep6584,YENGSTPVL_B*40:01,tcr283,0
immrep6585,KLYPFLWFA_A*02:01,tcr56,0
immrep6586,YEDGVIFYL_B*40:01,tcr880,0
immrep6587,GEVLACYAL_B*40:01,tcr83,0
immrep6588,ILHTHVPEV_A*02:01,tcr241,0
immrep6589,SQFNWTIYL_A*02:01,tcr369,0
immrep6590,GENALTYAL_B*40:01,tcr386,0
immrep6591,HLDDYPYLM_A*02:01,tcr714,0
immrep6592,MTDYDYLEV_A*02:01,tcr956,0
immrep6593,SEESAFYVL_B*40:01,tcr429,0
immrep6594,GEVLACYAL_B*40:01,tcr989,0
immrep6595,MTDYDYLEV_A*02:01,tcr833,0
immrep6596,MEMPDYLLL_B*40:01,tcr819,0
immrep6597,TVYPYGTSL_A*02:01,tcr596,0
immrep6598,GENALTYAL_B*40:01,tcr728,0
immrep6599,SEESAFYVL_B*40:01,tcr428,0
immrep6600,FEAQPGALL_B*40:01,tcr92,0
immrep6601,YESYIPGAL_B*40:01,tcr293,0
immrep6602,ILHTHVPEV_A*02:01,tcr487,0
immrep6603,YLFNADIWI_A*02:01,tcr103,0
immrep6604,YESYIPGAL_B*40:01,tcr752,0
immrep6605,YESYIPGAL_B*40:01,tcr657,0
immrep6606,MENWSALEL_B*40:01,tcr753,0
immrep6607,SQFNWTIYL_A*02:01,tcr414,0
immrep6608,FLDCKSYIL_A*02:01,tcr378,0
immrep6609,MENWSALEL_B*40:01,tcr587,0
immrep6610,KLYPFLWFA_A*02:01,tcr638,0
immrep6611,ILHTHVPEV_A*02:01,tcr491,0
immrep6612,SEESAFYVL_B*40:01,tcr365,0
immrep6613,MENWSALEL_B*40:01,tcr778,0
immrep6614,FLDCKSYIL_A*02:01,tcr141,0
immrep6615,KLYPFLWFA_A*02:01,tcr193,0
immrep6616,SQFNWTIYL_A*02:01,tcr685,0
immrep6617,FEAQPGALL_B*40:01,tcr14,0
immrep6618,TVYPYGTSL_A*02:01,tcr717,0
immrep6619,TVYPYGTSL_A*02:01,tcr685,0
immrep6620,MENWSALEL_B*40:01,tcr923,0
immrep6621,YENGSTPVL_B*40:01,tcr597,0
immrep6622,FEAQPGALL_B*40:01,tcr540,0
immrep6623,FLDCKSYIL_A*02:01,tcr272,0
immrep6624,FLDCKSYIL_A*02:01,tcr187,0
immrep6625,FEAQPGALL_B*40:01,tcr769,0
immrep6626,TVYPYGTSL_A*02:01,tcr878,0
immrep6627,MTDYDYLEV_A*02:01,tcr49,0
immrep6628,MEMPDYLLL_B*40:01,tcr479,0
immrep6629,SQFNWTIYL_A*02:01,tcr655,0
immrep6630,GEVLACYAL_B*40:01,tcr727,0
immrep6631,HLDDYPYLM_A*02:01,tcr907,0
immrep6632,FLDCKSYIL_A*02:01,tcr939,0
immrep6633,ILMHATYFL_A*02:01,tcr978,0
immrep6634,TVYPYGTSL_A*02:01,tcr193,0
immrep6635,YEDGVIFYL_B*40:01,tcr285,0
immrep6636,KLYPFLWFA_A*02:01,tcr42,0
immrep6637,SQFNWTIYL_A*02:01,tcr105,0
immrep6638,GEVLACYAL_B*40:01,tcr218,0
immrep6639,MENWSALEL_B*40:01,tcr470,0
immrep6640,GEVLACYAL_B*40:01,tcr889,0
immrep6641,FEAQPGALL_B*40:01,tcr236,0
immrep6642,MTDYDYLEV_A*02:01,tcr95,0
immrep6643,SEESAFYVL_B*40:01,tcr997,0
immrep6644,MEMPDYLLL_B*40:01,tcr353,0
immrep6645,ILHTHVPEV_A*02:01,tcr184,0
immrep6646,GENALTYAL_B*40:01,tcr269,0
immrep6647,ILHTHVPEV_A*02:01,tcr408,0
immrep6648,REDDYSVWL_B*40:01,tcr390,0
immrep6649,KLYPFLWFA_A*02:01,tcr379,0
immrep6650,REDDYSVWL_B*40:01,tcr126,0
immrep6651,SEESAFYVL_B*40:01,tcr29,0
immrep6652,REDDYSVWL_B*40:01,tcr302,0
immrep6653,TVYPYGTSL_A*02:01,tcr366,0
immrep6654,YESYIPGAL_B*40:01,tcr0,0
immrep6655,MTDYDYLEV_A*02:01,tcr307,0
immrep6656,MTDYDYLEV_A*02:01,tcr683,0
immrep6657,MEMPDYLLL_B*40:01,tcr656,0
immrep6658,ILMHATYFL_A*02:01,tcr605,0
immrep6659,FEAQPGALL_B*40:01,tcr350,0
immrep6660,SQFNWTIYL_A*02:01,tcr756,0
immrep6661,ILMHATYFL_A*02:01,tcr800,0
immrep6662,YEDGVIFYL_B*40:01,tcr246,0
immrep6663,ILMHATYFL_A*02:01,tcr601,0
immrep6664,TVYPYGTSL_A*02:01,tcr21,0
immrep6665,GENALTYAL_B*40:01,tcr641,0
immrep6666,YMFYDGYDV_A*02:01,tcr658,0
immrep6667,YEDGVIFYL_B*40:01,tcr823,0
immrep6668,SEESAFYVL_B*40:01,tcr353,0
immrep6669,MTDYDYLEV_A*02:01,tcr734,0
immrep6670,SQFNWTIYL_A*02:01,tcr382,0
immrep6671,YMFYDGYDV_A*02:01,tcr337,0
immrep6672,KLYPFLWFA_A*02:01,tcr291,0
immrep6673,MTDYDYLEV_A*02:01,tcr286,0
immrep6674,YEDGVIFYL_B*40:01,tcr767,0
immrep6675,YESYIPGAL_B*40:01,tcr276,0
immrep6676,GENALTYAL_B*40:01,tcr251,0
immrep6677,SEESAFYVL_B*40:01,tcr768,0
immrep6678,YMFYDGYDV_A*02:01,tcr616,0
immrep6679,MENWSALEL_B*40:01,tcr118,0
immrep6680,TVYPYGTSL_A*02:01,tcr334,0
immrep6681,FLDCKSYIL_A*02:01,tcr477,0
immrep6682,ILHTHVPEV_A*02:01,tcr685,0
immrep6683,REDDYSVWL_B*40:01,tcr735,0
immrep6684,ILHTHVPEV_A*02:01,tcr600,0
immrep6685,YESYIPGAL_B*40:01,tcr190,0
immrep6686,GEVLACYAL_B*40:01,tcr941,0
immrep6687,YMFYDGYDV_A*02:01,tcr305,0
immrep6688,MTDYDYLEV_A*02:01,tcr320,0
immrep6689,REDDYSVWL_B*40:01,tcr107,0
immrep6690,GENALTYAL_B*40:01,tcr52,0
immrep6691,TVYPYGTSL_A*02:01,tcr468,0
immrep6692,ILHTHVPEV_A*02:01,tcr903,0
immrep6693,FLDCKSYIL_A*02:01,tcr459,0
immrep6694,HLDDYPYLM_A*02:01,tcr793,0
immrep6695,ILMHATYFL_A*02:01,tcr187,0
immrep6696,YEDGVIFYL_B*40:01,tcr262,0
immrep6697,MENWSALEL_B*40:01,tcr246,0
immrep6698,YENGSTPVL_B*40:01,tcr828,0
immrep6699,GEVLACYAL_B*40:01,tcr917,0
immrep6700,YEDGVIFYL_B*40:01,tcr675,0
immrep6701,MTDYDYLEV_A*02:01,tcr168,0
immrep6702,YESYIPGAL_B*40:01,tcr499,0
immrep6703,ILMHATYFL_A*02:01,tcr988,0
immrep6704,REDDYSVWL_B*40:01,tcr948,0
immrep6705,MTDYDYLEV_A*02:01,tcr932,0
immrep6706,ILHTHVPEV_A*02:01,tcr381,0
immrep6707,KLYPFLWFA_A*02:01,tcr10,0
immrep6708,MTDYDYLEV_A*02:01,tcr838,0
immrep6709,FEAQPGALL_B*40:01,tcr541,0
immrep6710,GENALTYAL_B*40:01,tcr130,0
immrep6711,FEAQPGALL_B*40:01,tcr335,0
immrep6712,ILHTHVPEV_A*02:01,tcr347,0
immrep6713,SQFNWTIYL_A*02:01,tcr820,0
immrep6714,MEMPDYLLL_B*40:01,tcr284,0
immrep6715,MENWSALEL_B*40:01,tcr348,0
immrep6716,SEESAFYVL_B*40:01,tcr810,0
immrep6717,GEVLACYAL_B*40:01,tcr828,0
immrep6718,GEVLACYAL_B*40:01,tcr550,0
immrep6719,REDDYSVWL_B*40:01,tcr118,0
immrep6720,TVYPYGTSL_A*02:01,tcr156,0
immrep6721,KLYPFLWFA_A*02:01,tcr635,0
immrep6722,YEDGVIFYL_B*40:01,tcr797,0
immrep6723,YENGSTPVL_B*40:01,tcr196,0
immrep6724,TVYPYGTSL_A*02:01,tcr103,0
immrep6725,YEDGVIFYL_B*40:01,tcr532,0
immrep6726,MEMPDYLLL_B*40:01,tcr191,0
immrep6727,FLDCKSYIL_A*02:01,tcr328,0
immrep6728,MTDYDYLEV_A*02:01,tcr860,0
immrep6729,GEVLACYAL_B*40:01,tcr657,0
immrep6730,FLDCKSYIL_A*02:01,tcr178,0
immrep6731,FEAQPGALL_B*40:01,tcr876,0
immrep6732,TVYPYGTSL_A*02:01,tcr932,0
immrep6733,YLFNADIWI_A*02:01,tcr999,0
immrep6734,ILHTHVPEV_A*02:01,tcr208,0
immrep6735,TVYPYGTSL_A*02:01,tcr157,0
immrep6736,HLDDYPYLM_A*02:01,tcr552,0
immrep6737,SQFNWTIYL_A*02:01,tcr433,0
immrep6738,ILHTHVPEV_A*02:01,tcr940,0
immrep6739,YLFNADIWI_A*02:01,tcr944,0
immrep6740,GENALTYAL_B*40:01,tcr365,0
immrep6741,YENGSTPVL_B*40:01,tcr892,0
immrep6742,HLDDYPYLM_A*02:01,tcr331,0
immrep6743,FLDCKSYIL_A*02:01,tcr785,0
immrep6744,YESYIPGAL_B*40:01,tcr909,0
immrep6745,MEMPDYLLL_B*40:01,tcr98,0
immrep6746,HLDDYPYLM_A*02:01,tcr868,0
immrep6747,SQFNWTIYL_A*02:01,tcr415,0
immrep6748,ILHTHVPEV_A*02:01,tcr705,0
immrep6749,YLFNADIWI_A*02:01,tcr10,0
immrep6750,FLDCKSYIL_A*02:01,tcr270,0
immrep6751,YLFNADIWI_A*02:01,tcr806,0
immrep6752,GEVLACYAL_B*40:01,tcr582,0
immrep6753,MENWSALEL_B*40:01,tcr965,0
immrep6754,ILHTHVPEV_A*02:01,tcr642,0
immrep6755,YLFNADIWI_A*02:01,tcr72,0
immrep6756,HLDDYPYLM_A*02:01,tcr685,0
immrep6757,FLDCKSYIL_A*02:01,tcr938,0
immrep6758,SQFNWTIYL_A*02:01,tcr938,0
immrep6759,YLFNADIWI_A*02:01,tcr864,0
immrep6760,ILHTHVPEV_A*02:01,tcr967,0
immrep6761,MEMPDYLLL_B*40:01,tcr155,0
immrep6762,GENALTYAL_B*40:01,tcr614,0
immrep6763,FLDCKSYIL_A*02:01,tcr838,0
immrep6764,YLFNADIWI_A*02:01,tcr722,0
immrep6765,YEDGVIFYL_B*40:01,tcr467,0
immrep6766,REDDYSVWL_B*40:01,tcr456,0
immrep6767,YENGSTPVL_B*40:01,tcr317,0
immrep6768,SEESAFYVL_B*40:01,tcr158,0
immrep6769,YENGSTPVL_B*40:01,tcr673,0
immrep6770,MTDYDYLEV_A*02:01,tcr984,0
immrep6771,ILMHATYFL_A*02:01,tcr205,0
immrep6772,GENALTYAL_B*40:01,tcr730,0
immrep6773,SQFNWTIYL_A*02:01,tcr791,0
immrep6774,YESYIPGAL_B*40:01,tcr2,0
immrep6775,SEESAFYVL_B*40:01,tcr155,0
immrep6776,TVYPYGTSL_A*02:01,tcr715,0
immrep6777,MENWSALEL_B*40:01,tcr251,0
immrep6778,FLDCKSYIL_A*02:01,tcr358,0
immrep6779,HLDDYPYLM_A*02:01,tcr740,0
immrep6780,KLYPFLWFA_A*02:01,tcr94,0
immrep6781,KLYPFLWFA_A*02:01,tcr347,0
immrep6782,MEMPDYLLL_B*40:01,tcr275,0
immrep6783,ILHTHVPEV_A*02:01,tcr72,0
immrep6784,YLFNADIWI_A*02:01,tcr591,0
immrep6785,FEAQPGALL_B*40:01,tcr906,0
immrep6786,YEDGVIFYL_B*40:01,tcr155,0
immrep6787,MEMPDYLLL_B*40:01,tcr428,0
immrep6788,SQFNWTIYL_A*02:01,tcr942,0
immrep6789,YMFYDGYDV_A*02:01,tcr789,0
immrep6790,YEDGVIFYL_B*40:01,tcr897,0
immrep6791,FLDCKSYIL_A*02:01,tcr401,0
immrep6792,YESYIPGAL_B*40:01,tcr948,0
immrep6793,MEMPDYLLL_B*40:01,tcr234,0
immrep6794,KLYPFLWFA_A*02:01,tcr622,0
immrep6795,ILMHATYFL_A*02:01,tcr792,0
immrep6796,YENGSTPVL_B*40:01,tcr586,0
immrep6797,YLFNADIWI_A*02:01,tcr64,0
immrep6798,MENWSALEL_B*40:01,tcr152,0
immrep6799,MTDYDYLEV_A*02:01,tcr379,0
immrep6800,GENALTYAL_B*40:01,tcr455,0
immrep6801,SEESAFYVL_B*40:01,tcr517,0
immrep6802,SQFNWTIYL_A*02:01,tcr376,0
immrep6803,REDDYSVWL_B*40:01,tcr865,0
immrep6804,FEAQPGALL_B*40:01,tcr364,0
immrep6805,TVYPYGTSL_A*02:01,tcr687,0
immrep6806,YMFYDGYDV_A*02:01,tcr347,0
immrep6807,SEESAFYVL_B*40:01,tcr772,0
immrep6808,YEDGVIFYL_B*40:01,tcr990,0
immrep6809,TVYPYGTSL_A*02:01,tcr980,0
immrep6810,MTDYDYLEV_A*02:01,tcr922,0
immrep6811,SQFNWTIYL_A*02:01,tcr88,0
immrep6812,SEESAFYVL_B*40:01,tcr229,0
immrep6813,GEVLACYAL_B*40:01,tcr674,0
immrep6814,ILMHATYFL_A*02:01,tcr877,0
immrep6815,ILHTHVPEV_A*02:01,tcr434,0
immrep6816,ILMHATYFL_A*02:01,tcr505,0
immrep6817,FLDCKSYIL_A*02:01,tcr632,0
immrep6818,FEAQPGALL_B*40:01,tcr501,0
immrep6819,FEAQPGALL_B*40:01,tcr529,0
immrep6820,TVYPYGTSL_A*02:01,tcr833,0
immrep6821,YMFYDGYDV_A*02:01,tcr913,0
immrep6822,YEDGVIFYL_B*40:01,tcr310,0
immrep6823,GEVLACYAL_B*40:01,tcr363,0
immrep6824,SQFNWTIYL_A*02:01,tcr381,0
immrep6825,MENWSALEL_B*40:01,tcr38,0
immrep6826,KLYPFLWFA_A*02:01,tcr724,0
immrep6827,YENGSTPVL_B*40:01,tcr463,0
immrep6828,REDDYSVWL_B*40:01,tcr623,0
immrep6829,YESYIPGAL_B*40:01,tcr204,0
immrep6830,REDDYSVWL_B*40:01,tcr812,0
immrep6831,YESYIPGAL_B*40:01,tcr523,0
immrep6832,MTDYDYLEV_A*02:01,tcr935,0
immrep6833,FEAQPGALL_B*40:01,tcr462,0
immrep6834,MENWSALEL_B*40:01,tcr821,0
immrep6835,MENWSALEL_B*40:01,tcr176,0
immrep6836,TVYPYGTSL_A*02:01,tcr224,0
immrep6837,FEAQPGALL_B*40:01,tcr847,0
immrep6838,SQFNWTIYL_A*02:01,tcr795,0
immrep6839,MENWSALEL_B*40:01,tcr919,0
immrep6840,REDDYSVWL_B*40:01,tcr592,0
immrep6841,MTDYDYLEV_A*02:01,tcr205,0
immrep6842,KLYPFLWFA_A*02:01,tcr17,0
immrep6843,TVYPYGTSL_A*02:01,tcr921,0
immrep6844,TVYPYGTSL_A*02:01,tcr903,0
immrep6845,MTDYDYLEV_A*02:01,tcr149,0
immrep6846,YENGSTPVL_B*40:01,tcr388,0
immrep6847,YENGSTPVL_B*40:01,tcr404,0
immrep6848,YLFNADIWI_A*02:01,tcr230,0
immrep6849,YLFNADIWI_A*02:01,tcr964,0
immrep6850,YLFNADIWI_A*02:01,tcr7,0
immrep6851,SEESAFYVL_B*40:01,tcr657,0
immrep6852,FLDCKSYIL_A*02:01,tcr347,0
immrep6853,KLYPFLWFA_A*02:01,tcr838,0
immrep6854,REDDYSVWL_B*40:01,tcr599,0
immrep6855,GEVLACYAL_B*40:01,tcr450,0
immrep6856,SEESAFYVL_B*40:01,tcr399,0
immrep6857,YLFNADIWI_A*02:01,tcr376,0
immrep6858,REDDYSVWL_B*40:01,tcr303,0
immrep6859,ILMHATYFL_A*02:01,tcr954,0
immrep6860,SQFNWTIYL_A*02:01,tcr465,0
immrep6861,MENWSALEL_B*40:01,tcr82,0
immrep6862,KLYPFLWFA_A*02:01,tcr843,0
immrep6863,SQFNWTIYL_A*02:01,tcr830,0
immrep6864,MEMPDYLLL_B*40:01,tcr310,0
immrep6865,YEDGVIFYL_B*40:01,tcr62,0
immrep6866,YLFNADIWI_A*02:01,tcr369,0
immrep6867,GENALTYAL_B*40:01,tcr398,0
immrep6868,ILMHATYFL_A*02:01,tcr545,0
immrep6869,FEAQPGALL_B*40:01,tcr40,0
immrep6870,SEESAFYVL_B*40:01,tcr835,0
immrep6871,ILHTHVPEV_A*02:01,tcr863,0
immrep6872,SQFNWTIYL_A*02:01,tcr10,0
immrep6873,MENWSALEL_B*40:01,tcr536,0
immrep6874,YLFNADIWI_A*02:01,tcr650,0
immrep6875,REDDYSVWL_B*40:01,tcr148,0
immrep6876,YLFNADIWI_A*02:01,tcr680,0
immrep6877,SQFNWTIYL_A*02:01,tcr287,0
immrep6878,ILMHATYFL_A*02:01,tcr635,0
immrep6879,YMFYDGYDV_A*02:01,tcr25,0
immrep6880,GEVLACYAL_B*40:01,tcr774,0
immrep6881,ILHTHVPEV_A*02:01,tcr731,0
immrep6882,KLYPFLWFA_A*02:01,tcr744,0
immrep6883,YENGSTPVL_B*40:01,tcr768,0
immrep6884,MTDYDYLEV_A*02:01,tcr319,0
immrep6885,MEMPDYLLL_B*40:01,tcr101,0
immrep6886,MENWSALEL_B*40:01,tcr15,0
immrep6887,GENALTYAL_B*40:01,tcr759,0
immrep6888,TVYPYGTSL_A*02:01,tcr328,0
immrep6889,HLDDYPYLM_A*02:01,tcr415,0
immrep6890,HLDDYPYLM_A*02:01,tcr242,0
immrep6891,KLYPFLWFA_A*02:01,tcr382,0
immrep6892,YLFNADIWI_A*02:01,tcr438,0
immrep6893,GEVLACYAL_B*40:01,tcr332,0
immrep6894,REDDYSVWL_B*40:01,tcr194,0
immrep6895,ILMHATYFL_A*02:01,tcr691,0
immrep6896,YMFYDGYDV_A*02:01,tcr149,0
immrep6897,GEVLACYAL_B*40:01,tcr542,0
immrep6898,ILHTHVPEV_A*02:01,tcr564,0
immrep6899,KLYPFLWFA_A*02:01,tcr806,0
immrep6900,MENWSALEL_B*40:01,tcr699,0
immrep6901,REDDYSVWL_B*40:01,tcr269,0
immrep6902,FLDCKSYIL_A*02:01,tcr433,0
immrep6903,YEDGVIFYL_B*40:01,tcr859,0
immrep6904,ILHTHVPEV_A*02:01,tcr186,0
immrep6905,MENWSALEL_B*40:01,tcr297,0
immrep6906,FLDCKSYIL_A*02:01,tcr553,0
immrep6907,FLDCKSYIL_A*02:01,tcr91,0
immrep6908,HLDDYPYLM_A*02:01,tcr184,0
immrep6909,MENWSALEL_B*40:01,tcr112,0
immrep6910,YESYIPGAL_B*40:01,tcr195,0
immrep6911,YMFYDGYDV_A*02:01,tcr186,0
immrep6912,MTDYDYLEV_A*02:01,tcr978,0
immrep6913,YESYIPGAL_B*40:01,tcr26,0
immrep6914,KLYPFLWFA_A*02:01,tcr800,0
immrep6915,GENALTYAL_B*40:01,tcr34,0
immrep6916,GENALTYAL_B*40:01,tcr561,0
immrep6917,MEMPDYLLL_B*40:01,tcr92,0
immrep6918,GEVLACYAL_B*40:01,tcr37,0
immrep6919,YEDGVIFYL_B*40:01,tcr540,0
immrep6920,SQFNWTIYL_A*02:01,tcr999,0
immrep6921,HLDDYPYLM_A*02:01,tcr57,0
immrep6922,KLYPFLWFA_A*02:01,tcr745,0
immrep6923,MENWSALEL_B*40:01,tcr453,0
immrep6924,ILMHATYFL_A*02:01,tcr36,0
immrep6925,YENGSTPVL_B*40:01,tcr675,0
immrep6926,FEAQPGALL_B*40:01,tcr191,0
immrep6927,GENALTYAL_B*40:01,tcr26,0
immrep6928,GENALTYAL_B*40:01,tcr9,0
immrep6929,FEAQPGALL_B*40:01,tcr824,0
immrep6930,YESYIPGAL_B*40:01,tcr606,0
immrep6931,MENWSALEL_B*40:01,tcr490,0
immrep6932,YLFNADIWI_A*02:01,tcr149,0
immrep6933,ILHTHVPEV_A*02:01,tcr658,0
immrep6934,MTDYDYLEV_A*02:01,tcr559,0
immrep6935,YMFYDGYDV_A*02:01,tcr160,0
immrep6936,YESYIPGAL_B*40:01,tcr452,0
immrep6937,YLFNADIWI_A*02:01,tcr809,0
immrep6938,TVYPYGTSL_A*02:01,tcr803,0
immrep6939,SEESAFYVL_B*40:01,tcr842,0
immrep6940,YLFNADIWI_A*02:01,tcr639,0
immrep6941,SQFNWTIYL_A*02:01,tcr601,0
immrep6942,YENGSTPVL_B*40:01,tcr537,0
immrep6943,FEAQPGALL_B*40:01,tcr470,0
immrep6944,ILMHATYFL_A*02:01,tcr751,0
immrep6945,SQFNWTIYL_A*02:01,tcr256,0
immrep6946,FEAQPGALL_B*40:01,tcr533,0
immrep6947,FLDCKSYIL_A*02:01,tcr954,0
immrep6948,MEMPDYLLL_B*40:01,tcr783,0
immrep6949,SQFNWTIYL_A*02:01,tcr590,0
immrep6950,GENALTYAL_B*40:01,tcr285,0
immrep6951,YESYIPGAL_B*40:01,tcr83,0
immrep6952,TVYPYGTSL_A*02:01,tcr940,0
immrep6953,YENGSTPVL_B*40:01,tcr761,0
immrep6954,REDDYSVWL_B*40:01,tcr84,0
immrep6955,ILMHATYFL_A*02:01,tcr619,0
immrep6956,YEDGVIFYL_B*40:01,tcr300,0
immrep6957,YEDGVIFYL_B*40:01,tcr970,0
immrep6958,FEAQPGALL_B*40:01,tcr656,0
immrep6959,SEESAFYVL_B*40:01,tcr329,0
immrep6960,REDDYSVWL_B*40:01,tcr532,0
immrep6961,GENALTYAL_B*40:01,tcr607,0
immrep6962,FLDCKSYIL_A*02:01,tcr366,0
immrep6963,TVYPYGTSL_A*02:01,tcr934,0
immrep6964,FEAQPGALL_B*40:01,tcr828,0
immrep6965,ILHTHVPEV_A*02:01,tcr358,0
immrep6966,REDDYSVWL_B*40:01,tcr536,0
immrep6967,REDDYSVWL_B*40:01,tcr134,0
immrep6968,YESYIPGAL_B*40:01,tcr621,0
immrep6969,YMFYDGYDV_A*02:01,tcr370,0
immrep6970,SQFNWTIYL_A*02:01,tcr912,0
immrep6971,MEMPDYLLL_B*40:01,tcr475,0
immrep6972,YLFNADIWI_A*02:01,tcr184,0
immrep6973,ILHTHVPEV_A*02:01,tcr806,0
immrep6974,MTDYDYLEV_A*02:01,tcr777,0
immrep6975,YMFYDGYDV_A*02:01,tcr732,0
immrep6976,YLFNADIWI_A*02:01,tcr401,0
immrep6977,YEDGVIFYL_B*40:01,tcr537,0
immrep6978,YEDGVIFYL_B*40:01,tcr719,0
immrep6979,YLFNADIWI_A*02:01,tcr57,0
immrep6980,MTDYDYLEV_A*02:01,tcr305,0
immrep6981,YEDGVIFYL_B*40:01,tcr618,0
immrep6982,SEESAFYVL_B*40:01,tcr196,0
immrep6983,SQFNWTIYL_A*02:01,tcr619,0
immrep6984,YENGSTPVL_B*40:01,tcr501,0
immrep6985,YESYIPGAL_B*40:01,tcr781,0
immrep6986,YENGSTPVL_B*40:01,tcr986,0
immrep6987,REDDYSVWL_B*40:01,tcr989,0
immrep6988,MEMPDYLLL_B*40:01,tcr851,0
immrep6989,YENGSTPVL_B*40:01,tcr839,0
immrep6990,MENWSALEL_B*40:01,tcr300,0
immrep6991,GENALTYAL_B*40:01,tcr623,0
immrep6992,SQFNWTIYL_A*02:01,tcr644,0
immrep6993,YENGSTPVL_B*40:01,tcr752,0
immrep6994,KLYPFLWFA_A*02:01,tcr93,0
immrep6995,SEESAFYVL_B*40:01,tcr986,0
immrep6996,YMFYDGYDV_A*02:01,tcr934,0
immrep6997,SEESAFYVL_B*40:01,tcr916,0
immrep6998,MENWSALEL_B*40:01,tcr841,0
immrep6999,FLDCKSYIL_A*02:01,tcr65,0
immrep7000,GEVLACYAL_B*40:01,tcr351,0
immrep7001,MEMPDYLLL_B*40:01,tcr854,0
immrep7002,TVYPYGTSL_A*02:01,tcr231,0
immrep7003,KLYPFLWFA_A*02:01,tcr872,0
immrep7004,YENGSTPVL_B*40:01,tcr581,0
immrep7005,YENGSTPVL_B*40:01,tcr118,0
immrep7006,SQFNWTIYL_A*02:01,tcr422,0
immrep7007,GEVLACYAL_B*40:01,tcr488,0
immrep7008,GENALTYAL_B*40:01,tcr508,0
immrep7009,GEVLACYAL_B*40:01,tcr292,0
immrep7010,YMFYDGYDV_A*02:01,tcr494,0
immrep7011,YLFNADIWI_A*02:01,tcr707,0
immrep7012,ILHTHVPEV_A*02:01,tcr222,0
immrep7013,MENWSALEL_B*40:01,tcr315,0
immrep7014,ILMHATYFL_A*02:01,tcr465,0
immrep7015,MTDYDYLEV_A*02:01,tcr779,0
immrep7016,ILHTHVPEV_A*02:01,tcr651,0
immrep7017,YMFYDGYDV_A*02:01,tcr465,0
immrep7018,ILMHATYFL_A*02:01,tcr220,0
immrep7019,FEAQPGALL_B*40:01,tcr86,0
immrep7020,TVYPYGTSL_A*02:01,tcr793,0
immrep7021,MENWSALEL_B*40:01,tcr498,0
immrep7022,ILHTHVPEV_A*02:01,tcr306,0
immrep7023,GENALTYAL_B*40:01,tcr900,0
immrep7024,YMFYDGYDV_A*02:01,tcr771,0
immrep7025,YMFYDGYDV_A*02:01,tcr563,0
immrep7026,ILMHATYFL_A*02:01,tcr790,0
immrep7027,ILHTHVPEV_A*02:01,tcr397,0
immrep7028,YEDGVIFYL_B*40:01,tcr592,0
immrep7029,MENWSALEL_B*40:01,tcr604,0
immrep7030,GEVLACYAL_B*40:01,tcr761,0
immrep7031,MTDYDYLEV_A*02:01,tcr230,0
immrep7032,SEESAFYVL_B*40:01,tcr303,0
immrep7033,KLYPFLWFA_A*02:01,tcr613,0
immrep7034,GENALTYAL_B*40:01,tcr558,0
immrep7035,GEVLACYAL_B*40:01,tcr855,0
immrep7036,ILHTHVPEV_A*02:01,tcr165,0
immrep7037,GEVLACYAL_B*40:01,tcr758,0
immrep7038,GEVLACYAL_B*40:01,tcr887,0
immrep7039,TVYPYGTSL_A*02:01,tcr983,0
immrep7040,MTDYDYLEV_A*02:01,tcr756,0
immrep7041,KLYPFLWFA_A*02:01,tcr833,0
immrep7042,MEMPDYLLL_B*40:01,tcr161,0
immrep7043,YMFYDGYDV_A*02:01,tcr637,0
immrep7044,TVYPYGTSL_A*02:01,tcr814,0
immrep7045,FEAQPGALL_B*40:01,tcr819,0
immrep7046,FLDCKSYIL_A*02:01,tcr248,0
immrep7047,GEVLACYAL_B*40:01,tcr127,0
immrep7048,FEAQPGALL_B*40:01,tcr450,0
immrep7049,REDDYSVWL_B*40:01,tcr128,0
immrep7050,HLDDYPYLM_A*02:01,tcr7,0
immrep7051,FLDCKSYIL_A*02:01,tcr740,0
immrep7052,ILMHATYFL_A*02:01,tcr518,0
immrep7053,YEDGVIFYL_B*40:01,tcr116,0
immrep7054,MENWSALEL_B*40:01,tcr678,0
immrep7055,SEESAFYVL_B*40:01,tcr660,0
immrep7056,ILHTHVPEV_A*02:01,tcr228,0
immrep7057,YESYIPGAL_B*40:01,tcr234,0
immrep7058,YESYIPGAL_B*40:01,tcr51,0
immrep7059,YEDGVIFYL_B*40:01,tcr237,0
immrep7060,MENWSALEL_B*40:01,tcr704,0
immrep7061,ILHTHVPEV_A*02:01,tcr746,0
immrep7062,GENALTYAL_B*40:01,tcr726,0
immrep7063,YEDGVIFYL_B*40:01,tcr513,0
immrep7064,REDDYSVWL_B*40:01,tcr196,0
immrep7065,MTDYDYLEV_A*02:01,tcr85,0
immrep7066,SEESAFYVL_B*40:01,tcr102,0
immrep7067,GEVLACYAL_B*40:01,tcr144,0
immrep7068,SEESAFYVL_B*40:01,tcr690,0
immrep7069,MEMPDYLLL_B*40:01,tcr464,0
immrep7070,YEDGVIFYL_B*40:01,tcr977,0
immrep7071,YENGSTPVL_B*40:01,tcr351,0
immrep7072,MENWSALEL_B*40:01,tcr774,0
immrep7073,HLDDYPYLM_A*02:01,tcr358,0
immrep7074,FEAQPGALL_B*40:01,tcr574,0
immrep7075,GENALTYAL_B*40:01,tcr835,0
immrep7076,MENWSALEL_B*40:01,tcr13,0
immrep7077,YENGSTPVL_B*40:01,tcr842,0
immrep7078,FEAQPGALL_B*40:01,tcr244,0
immrep7079,REDDYSVWL_B*40:01,tcr489,0
immrep7080,FEAQPGALL_B*40:01,tcr321,0
immrep7081,YLFNADIWI_A*02:01,tcr750,0
immrep7082,HLDDYPYLM_A*02:01,tcr172,0
immrep7083,YMFYDGYDV_A*02:01,tcr524,0
immrep7084,FEAQPGALL_B*40:01,tcr76,0
immrep7085,ILHTHVPEV_A*02:01,tcr852,0
immrep7086,FLDCKSYIL_A*02:01,tcr676,0
immrep7087,YESYIPGAL_B*40:01,tcr738,0
immrep7088,ILHTHVPEV_A*02:01,tcr878,0
immrep7089,GENALTYAL_B*40:01,tcr704,0
immrep7090,MEMPDYLLL_B*40:01,tcr9,0
immrep7091,ILHTHVPEV_A*02:01,tcr998,0
immrep7092,YLFNADIWI_A*02:01,tcr486,0
immrep7093,ILMHATYFL_A*02:01,tcr745,0
immrep7094,TVYPYGTSL_A*02:01,tcr206,0
immrep7095,YLFNADIWI_A*02:01,tcr746,0
immrep7096,YMFYDGYDV_A*02:01,tcr93,0
immrep7097,MTDYDYLEV_A*02:01,tcr717,0
immrep7098,GENALTYAL_B*40:01,tcr551,0
immrep7099,SEESAFYVL_B*40:01,tcr597,0
immrep7100,SEESAFYVL_B*40:01,tcr615,0
immrep7101,FEAQPGALL_B*40:01,tcr237,0
immrep7102,FEAQPGALL_B*40:01,tcr74,0
immrep7103,ILHTHVPEV_A*02:01,tcr318,0
immrep7104,YLFNADIWI_A*02:01,tcr622,0
immrep7105,FEAQPGALL_B*40:01,tcr987,0
immrep7106,TVYPYGTSL_A*02:01,tcr228,0
immrep7107,MENWSALEL_B*40:01,tcr436,0
immrep7108,KLYPFLWFA_A*02:01,tcr930,0
immrep7109,FEAQPGALL_B*40:01,tcr274,0
immrep7110,MENWSALEL_B*40:01,tcr439,0
immrep7111,YEDGVIFYL_B*40:01,tcr625,0
immrep7112,MENWSALEL_B*40:01,tcr40,0
immrep7113,SEESAFYVL_B*40:01,tcr96,0
immrep7114,MTDYDYLEV_A*02:01,tcr357,0
immrep7115,FLDCKSYIL_A*02:01,tcr891,0
immrep7116,REDDYSVWL_B*40:01,tcr335,0
immrep7117,YENGSTPVL_B*40:01,tcr726,0
immrep7118,HLDDYPYLM_A*02:01,tcr20,0
immrep7119,YMFYDGYDV_A*02:01,tcr998,0
immrep7120,MEMPDYLLL_B*40:01,tcr561,0
immrep7121,GEVLACYAL_B*40:01,tcr244,0
immrep7122,YEDGVIFYL_B*40:01,tcr32,0
immrep7123,HLDDYPYLM_A*02:01,tcr177,0
immrep7124,KLYPFLWFA_A*02:01,tcr422,0
immrep7125,MEMPDYLLL_B*40:01,tcr332,0
immrep7126,FLDCKSYIL_A*02:01,tcr95,0
immrep7127,ILHTHVPEV_A*02:01,tcr59,0
immrep7128,HLDDYPYLM_A*02:01,tcr224,0
immrep7129,ILHTHVPEV_A*02:01,tcr640,0
immrep7130,SEESAFYVL_B*40:01,tcr362,0
immrep7131,GEVLACYAL_B*40:01,tcr107,0
immrep7132,TVYPYGTSL_A*02:01,tcr894,0
immrep7133,KLYPFLWFA_A*02:01,tcr649,0
immrep7134,YMFYDGYDV_A*02:01,tcr954,0
immrep7135,ILMHATYFL_A*02:01,tcr950,0
immrep7136,HLDDYPYLM_A*02:01,tcr141,0
immrep7137,ILHTHVPEV_A*02:01,tcr946,0
immrep7138,GENALTYAL_B*40:01,tcr586,0
immrep7139,YENGSTPVL_B*40:01,tcr35,0
immrep7140,YMFYDGYDV_A*02:01,tcr241,0
immrep7141,YMFYDGYDV_A*02:01,tcr544,0
immrep7142,KLYPFLWFA_A*02:01,tcr732,0
immrep7143,MTDYDYLEV_A*02:01,tcr654,0
immrep7144,KLYPFLWFA_A*02:01,tcr535,0
immrep7145,YEDGVIFYL_B*40:01,tcr405,0
immrep7146,FLDCKSYIL_A*02:01,tcr163,0
immrep7147,KLYPFLWFA_A*02:01,tcr713,0
immrep7148,GENALTYAL_B*40:01,tcr752,0
immrep7149,FEAQPGALL_B*40:01,tcr579,0
immrep7150,YENGSTPVL_B*40:01,tcr46,0
immrep7151,SQFNWTIYL_A*02:01,tcr411,0
immrep7152,YESYIPGAL_B*40:01,tcr846,0
immrep7153,FEAQPGALL_B*40:01,tcr854,0
immrep7154,MENWSALEL_B*40:01,tcr866,0
immrep7155,ILMHATYFL_A*02:01,tcr318,0
immrep7156,MEMPDYLLL_B*40:01,tcr333,0
immrep7157,TVYPYGTSL_A*02:01,tcr861,0
immrep7158,MTDYDYLEV_A*02:01,tcr117,0
immrep7159,YENGSTPVL_B*40:01,tcr871,0
immrep7160,MENWSALEL_B*40:01,tcr985,0
immrep7161,GEVLACYAL_B*40:01,tcr385,0
immrep7162,MENWSALEL_B*40:01,tcr342,0
immrep7163,ILHTHVPEV_A*02:01,tcr932,0
immrep7164,ILMHATYFL_A*02:01,tcr460,0
immrep7165,MEMPDYLLL_B*40:01,tcr282,0
immrep7166,ILMHATYFL_A*02:01,tcr502,0
immrep7167,TVYPYGTSL_A*02:01,tcr809,0
immrep7168,YENGSTPVL_B*40:01,tcr607,0
immrep7169,ILMHATYFL_A*02:01,tcr239,0
immrep7170,YEDGVIFYL_B*40:01,tcr735,0
immrep7171,HLDDYPYLM_A*02:01,tcr991,0
immrep7172,ILHTHVPEV_A*02:01,tcr789,0
immrep7173,GEVLACYAL_B*40:01,tcr431,0
immrep7174,SEESAFYVL_B*40:01,tcr124,0
immrep7175,FLDCKSYIL_A*02:01,tcr80,0
immrep7176,YESYIPGAL_B*40:01,tcr144,0
immrep7177,YLFNADIWI_A*02:01,tcr53,0
immrep7178,GEVLACYAL_B*40:01,tcr580,0
immrep7179,KLYPFLWFA_A*02:01,tcr729,0
immrep7180,FLDCKSYIL_A*02:01,tcr369,0
immrep7181,MEMPDYLLL_B*40:01,tcr34,0
immrep7182,YENGSTPVL_B*40:01,tcr758,0
immrep7183,MEMPDYLLL_B*40:01,tcr660,0
immrep7184,ILHTHVPEV_A*02:01,tcr928,0
immrep7185,KLYPFLWFA_A*02:01,tcr460,0
immrep7186,YMFYDGYDV_A*02:01,tcr639,0
immrep7187,MENWSALEL_B*40:01,tcr299,0
immrep7188,GENALTYAL_B*40:01,tcr727,0
immrep7189,YMFYDGYDV_A*02:01,tcr834,0
immrep7190,MTDYDYLEV_A*02:01,tcr556,0
immrep7191,SQFNWTIYL_A*02:01,tcr548,0
immrep7192,HLDDYPYLM_A*02:01,tcr644,0
immrep7193,YEDGVIFYL_B*40:01,tcr200,0
immrep7194,ILMHATYFL_A*02:01,tcr961,0
immrep7195,ILHTHVPEV_A*02:01,tcr328,0
immrep7196,YESYIPGAL_B*40:01,tcr159,0
immrep7197,FLDCKSYIL_A*02:01,tcr777,0
immrep7198,FEAQPGALL_B*40:01,tcr960,0
immrep7199,YESYIPGAL_B*40:01,tcr447,0
immrep7200,MEMPDYLLL_B*40:01,tcr897,0
immrep7201,SEESAFYVL_B*40:01,tcr885,0
immrep7202,KLYPFLWFA_A*02:01,tcr99,0
immrep7203,ILHTHVPEV_A*02:01,tcr910,0
immrep7204,YMFYDGYDV_A*02:01,tcr210,0
immrep7205,YLFNADIWI_A*02:01,tcr465,0
immrep7206,GEVLACYAL_B*40:01,tcr752,0
immrep7207,YESYIPGAL_B*40:01,tcr626,0
immrep7208,ILHTHVPEV_A*02:01,tcr187,0
immrep7209,GEVLACYAL_B*40:01,tcr533,0
immrep7210,FLDCKSYIL_A*02:01,tcr804,0
immrep7211,YLFNADIWI_A*02:01,tcr834,0
immrep7212,GENALTYAL_B*40:01,tcr604,0
immrep7213,ILMHATYFL_A*02:01,tcr695,0
immrep7214,YESYIPGAL_B*40:01,tcr145,0
immrep7215,YMFYDGYDV_A*02:01,tcr833,0
immrep7216,REDDYSVWL_B*40:01,tcr904,0
immrep7217,MEMPDYLLL_B*40:01,tcr533,0
immrep7218,ILMHATYFL_A*02:01,tcr166,0
immrep7219,YENGSTPVL_B*40:01,tcr908,0
immrep7220,KLYPFLWFA_A*02:01,tcr149,0
immrep7221,GENALTYAL_B*40:01,tcr686,0
immrep7222,FLDCKSYIL_A*02:01,tcr638,0
immrep7223,FLDCKSYIL_A*02:01,tcr75,0
immrep7224,HLDDYPYLM_A*02:01,tcr633,0
immrep7225,FEAQPGALL_B*40:01,tcr423,0
immrep7226,HLDDYPYLM_A*02:01,tcr320,0
immrep7227,ILMHATYFL_A*02:01,tcr779,0
immrep7228,FLDCKSYIL_A*02:01,tcr42,0
immrep7229,YMFYDGYDV_A*02:01,tcr514,0
immrep7230,SQFNWTIYL_A*02:01,tcr270,0
immrep7231,YEDGVIFYL_B*40:01,tcr236,0
immrep7232,KLYPFLWFA_A*02:01,tcr817,0
immrep7233,YMFYDGYDV_A*02:01,tcr30,0
immrep7234,KLYPFLWFA_A*02:01,tcr163,0
immrep7235,SQFNWTIYL_A*02:01,tcr505,0
immrep7236,KLYPFLWFA_A*02:01,tcr654,0
immrep7237,MENWSALEL_B*40:01,tcr871,0
immrep7238,YEDGVIFYL_B*40:01,tcr484,0
immrep7239,MENWSALEL_B*40:01,tcr690,0
immrep7240,YEDGVIFYL_B*40:01,tcr359,0
immrep7241,SEESAFYVL_B*40:01,tcr599,0
immrep7242,YENGSTPVL_B*40:01,tcr917,0
immrep7243,GENALTYAL_B*40:01,tcr2,0
immrep7244,MENWSALEL_B*40:01,tcr41,0
immrep7245,SQFNWTIYL_A*02:01,tcr446,0
immrep7246,REDDYSVWL_B*40:01,tcr657,0
immrep7247,YESYIPGAL_B*40:01,tcr296,0
immrep7248,GEVLACYAL_B*40:01,tcr211,0
immrep7249,SEESAFYVL_B*40:01,tcr136,0
immrep7250,KLYPFLWFA_A*02:01,tcr487,0
immrep7251,MTDYDYLEV_A*02:01,tcr187,0
immrep7252,SEESAFYVL_B*40:01,tcr386,0
immrep7253,MEMPDYLLL_B*40:01,tcr152,0
immrep7254,MEMPDYLLL_B*40:01,tcr615,0
immrep7255,KLYPFLWFA_A*02:01,tcr935,0
immrep7256,ILMHATYFL_A*02:01,tcr180,0
immrep7257,MTDYDYLEV_A*02:01,tcr401,0
immrep7258,GENALTYAL_B*40:01,tcr96,0
immrep7259,FLDCKSYIL_A*02:01,tcr222,0
immrep7260,SQFNWTIYL_A*02:01,tcr338,0
immrep7261,SEESAFYVL_B*40:01,tcr499,0
immrep7262,HLDDYPYLM_A*02:01,tcr796,0
immrep7263,YLFNADIWI_A*02:01,tcr907,0
immrep7264,YENGSTPVL_B*40:01,tcr699,0
immrep7265,SEESAFYVL_B*40:01,tcr485,0
immrep7266,GEVLACYAL_B*40:01,tcr9,0
immrep7267,KLYPFLWFA_A*02:01,tcr344,0
immrep7268,YESYIPGAL_B*40:01,tcr570,0
immrep7269,FLDCKSYIL_A*02:01,tcr71,0
immrep7270,ILMHATYFL_A*02:01,tcr476,0
immrep7271,YEDGVIFYL_B*40:01,tcr571,0
immrep7272,YENGSTPVL_B*40:01,tcr755,0
immrep7273,KLYPFLWFA_A*02:01,tcr915,0
immrep7274,GENALTYAL_B*40:01,tcr218,0
immrep7275,REDDYSVWL_B*40:01,tcr884,0
immrep7276,GENALTYAL_B*40:01,tcr855,0
immrep7277,YMFYDGYDV_A*02:01,tcr792,0
immrep7278,YLFNADIWI_A*02:01,tcr771,0
immrep7279,MTDYDYLEV_A*02:01,tcr1,0
immrep7280,GEVLACYAL_B*40:01,tcr102,0
immrep7281,SQFNWTIYL_A*02:01,tcr230,0
immrep7282,FEAQPGALL_B*40:01,tcr551,0
immrep7283,TVYPYGTSL_A*02:01,tcr535,0
immrep7284,SQFNWTIYL_A*02:01,tcr220,0
immrep7285,SQFNWTIYL_A*02:01,tcr705,0
immrep7286,MTDYDYLEV_A*02:01,tcr601,0
immrep7287,ILMHATYFL_A*02:01,tcr642,0
immrep7288,FEAQPGALL_B*40:01,tcr498,0
immrep7289,YENGSTPVL_B*40:01,tcr467,0
immrep7290,REDDYSVWL_B*40:01,tcr244,0
immrep7291,REDDYSVWL_B*40:01,tcr385,0
immrep7292,MEMPDYLLL_B*40:01,tcr102,0
immrep7293,MENWSALEL_B*40:01,tcr371,0
immrep7294,MEMPDYLLL_B*40:01,tcr665,0
immrep7295,MTDYDYLEV_A*02:01,tcr422,0
immrep7296,SQFNWTIYL_A*02:01,tcr692,0
immrep7297,ILHTHVPEV_A*02:01,tcr984,0
immrep7298,TVYPYGTSL_A*02:01,tcr318,0
immrep7299,MEMPDYLLL_B*40:01,tcr537,0
immrep7300,YESYIPGAL_B*40:01,tcr481,0
immrep7301,YEDGVIFYL_B*40:01,tcr941,0
immrep7302,YENGSTPVL_B*40:01,tcr657,0
immrep7303,FEAQPGALL_B*40:01,tcr723,0
immrep7304,SQFNWTIYL_A*02:01,tcr707,0
immrep7305,SQFNWTIYL_A*02:01,tcr731,0
immrep7306,FLDCKSYIL_A*02:01,tcr999,0
immrep7307,ILHTHVPEV_A*02:01,tcr512,0
immrep7308,MTDYDYLEV_A*02:01,tcr243,0
immrep7309,ILMHATYFL_A*02:01,tcr874,0
immrep7310,YENGSTPVL_B*40:01,tcr464,0
immrep7311,FLDCKSYIL_A*02:01,tcr318,0
immrep7312,YLFNADIWI_A*02:01,tcr36,0
immrep7313,FLDCKSYIL_A*02:01,tcr411,0
immrep7314,GEVLACYAL_B*40:01,tcr34,0
immrep7315,MTDYDYLEV_A*02:01,tcr17,0
immrep7316,MTDYDYLEV_A*02:01,tcr412,0
immrep7317,GEVLACYAL_B*40:01,tcr452,0
immrep7318,YEDGVIFYL_B*40:01,tcr495,0
immrep7319,MENWSALEL_B*40:01,tcr597,0
immrep7320,REDDYSVWL_B*40:01,tcr937,0
immrep7321,REDDYSVWL_B*40:01,tcr34,0
immrep7322,YMFYDGYDV_A*02:01,tcr111,0
immrep7323,FEAQPGALL_B*40:01,tcr251,0
immrep7324,YMFYDGYDV_A*02:01,tcr270,0
immrep7325,ILHTHVPEV_A*02:01,tcr412,0
immrep7326,YLFNADIWI_A*02:01,tcr549,0
immrep7327,KLYPFLWFA_A*02:01,tcr289,0
immrep7328,ILMHATYFL_A*02:01,tcr534,0
immrep7329,KLYPFLWFA_A*02:01,tcr352,0
immrep7330,HLDDYPYLM_A*02:01,tcr564,0
immrep7331,GEVLACYAL_B*40:01,tcr759,0
immrep7332,YLFNADIWI_A*02:01,tcr250,0
immrep7333,SEESAFYVL_B*40:01,tcr606,0
immrep7334,FLDCKSYIL_A*02:01,tcr31,0
immrep7335,YESYIPGAL_B*40:01,tcr265,0
immrep7336,ILHTHVPEV_A*02:01,tcr87,0
immrep7337,KLYPFLWFA_A*02:01,tcr383,0
immrep7338,HLDDYPYLM_A*02:01,tcr998,0
immrep7339,YEDGVIFYL_B*40:01,tcr523,0
immrep7340,GEVLACYAL_B*40:01,tcr541,0
immrep7341,ILMHATYFL_A*02:01,tcr230,0
immrep7342,YESYIPGAL_B*40:01,tcr799,0
immrep7343,MTDYDYLEV_A*02:01,tcr435,0
immrep7344,SQFNWTIYL_A*02:01,tcr400,0
immrep7345,MENWSALEL_B*40:01,tcr606,0
immrep7346,YLFNADIWI_A*02:01,tcr500,0
immrep7347,SQFNWTIYL_A*02:01,tcr53,0
immrep7348,ILHTHVPEV_A*02:01,tcr976,0
immrep7349,KLYPFLWFA_A*02:01,tcr816,0
immrep7350,YMFYDGYDV_A*02:01,tcr119,0
immrep7351,YLFNADIWI_A*02:01,tcr635,0
immrep7352,FEAQPGALL_B*40:01,tcr752,0
immrep7353,YENGSTPVL_B*40:01,tcr188,0
immrep7354,HLDDYPYLM_A*02:01,tcr518,0
immrep7355,ILMHATYFL_A*02:01,tcr552,0
immrep7356,GENALTYAL_B*40:01,tcr975,0
immrep7357,YESYIPGAL_B*40:01,tcr332,0
immrep7358,ILHTHVPEV_A*02:01,tcr631,0
immrep7359,SEESAFYVL_B*40:01,tcr506,0
immrep7360,YEDGVIFYL_B*40:01,tcr409,0
immrep7361,REDDYSVWL_B*40:01,tcr947,0
immrep7362,MENWSALEL_B*40:01,tcr62,0
immrep7363,FEAQPGALL_B*40:01,tcr773,0
immrep7364,FEAQPGALL_B*40:01,tcr829,0
immrep7365,SQFNWTIYL_A*02:01,tcr93,0
immrep7366,MENWSALEL_B*40:01,tcr659,0
immrep7367,MENWSALEL_B*40:01,tcr374,0
immrep7368,MTDYDYLEV_A*02:01,tcr793,0
immrep7369,SQFNWTIYL_A*02:01,tcr401,0
immrep7370,YESYIPGAL_B*40:01,tcr898,0
immrep7371,ILMHATYFL_A*02:01,tcr448,0
immrep7372,YESYIPGAL_B*40:01,tcr70,0
immrep7373,REDDYSVWL_B*40:01,tcr727,0
immrep7374,MEMPDYLLL_B*40:01,tcr628,0
immrep7375,REDDYSVWL_B*40:01,tcr173,0
immrep7376,ILMHATYFL_A*02:01,tcr798,0
immrep7377,MTDYDYLEV_A*02:01,tcr294,0
immrep7378,YEDGVIFYL_B*40:01,tcr875,0
immrep7379,YLFNADIWI_A*02:01,tcr206,0
immrep7380,ILMHATYFL_A*02:01,tcr703,0
immrep7381,YMFYDGYDV_A*02:01,tcr328,0
immrep7382,ILHTHVPEV_A*02:01,tcr790,0
immrep7383,GENALTYAL_B*40:01,tcr197,0
immrep7384,MEMPDYLLL_B*40:01,tcr124,0
immrep7385,TVYPYGTSL_A*02:01,tcr59,0
immrep7386,SEESAFYVL_B*40:01,tcr481,0
immrep7387,ILMHATYFL_A*02:01,tcr722,0
immrep7388,GEVLACYAL_B*40:01,tcr945,0
immrep7389,GENALTYAL_B*40:01,tcr77,0
immrep7390,MENWSALEL_B*40:01,tcr425,0
immrep7391,HLDDYPYLM_A*02:01,tcr787,0
immrep7392,FLDCKSYIL_A*02:01,tcr381,0
immrep7393,HLDDYPYLM_A*02:01,tcr732,0
immrep7394,ILHTHVPEV_A*02:01,tcr240,0
immrep7395,FEAQPGALL_B*40:01,tcr116,0
immrep7396,KLYPFLWFA_A*02:01,tcr50,0
immrep7397,FEAQPGALL_B*40:01,tcr693,0
immrep7398,HLDDYPYLM_A*02:01,tcr106,0
immrep7399,SQFNWTIYL_A*02:01,tcr416,0
immrep7400,YESYIPGAL_B*40:01,tcr876,0
immrep7401,GENALTYAL_B*40:01,tcr314,0
immrep7402,GEVLACYAL_B*40:01,tcr597,0
immrep7403,GENALTYAL_B*40:01,tcr158,0
immrep7404,FEAQPGALL_B*40:01,tcr768,0
immrep7405,MEMPDYLLL_B*40:01,tcr881,0
immrep7406,YMFYDGYDV_A*02:01,tcr175,0
immrep7407,YMFYDGYDV_A*02:01,tcr671,0
immrep7408,FLDCKSYIL_A*02:01,tcr468,0
immrep7409,MENWSALEL_B*40:01,tcr926,0
immrep7410,TVYPYGTSL_A*02:01,tcr651,0
immrep7411,MTDYDYLEV_A*02:01,tcr427,0
immrep7412,GEVLACYAL_B*40:01,tcr769,0
immrep7413,FEAQPGALL_B*40:01,tcr699,0
immrep7414,YENGSTPVL_B*40:01,tcr86,0
immrep7415,MENWSALEL_B*40:01,tcr989,0
immrep7416,REDDYSVWL_B*40:01,tcr191,0
immrep7417,ILHTHVPEV_A*02:01,tcr688,0
immrep7418,GEVLACYAL_B*40:01,tcr831,0
immrep7419,ILMHATYFL_A*02:01,tcr304,0
immrep7420,MTDYDYLEV_A*02:01,tcr334,0
immrep7421,MENWSALEL_B*40:01,tcr335,0
immrep7422,MEMPDYLLL_B*40:01,tcr767,0
immrep7423,GEVLACYAL_B*40:01,tcr493,0
immrep7424,ILHTHVPEV_A*02:01,tcr7,0
immrep7425,GENALTYAL_B*40:01,tcr668,0
immrep7426,KLYPFLWFA_A*02:01,tcr415,0
immrep7427,ILHTHVPEV_A*02:01,tcr709,0
immrep7428,REDDYSVWL_B*40:01,tcr604,0
immrep7429,YEDGVIFYL_B*40:01,tcr474,0
immrep7430,TVYPYGTSL_A*02:01,tcr143,0
immrep7431,FLDCKSYIL_A*02:01,tcr422,0
immrep7432,FEAQPGALL_B*40:01,tcr853,0
immrep7433,FLDCKSYIL_A*02:01,tcr212,0
immrep7434,YEDGVIFYL_B*40:01,tcr586,0
immrep7435,YEDGVIFYL_B*40:01,tcr384,0
immrep7436,MTDYDYLEV_A*02:01,tcr910,0
immrep7437,FLDCKSYIL_A*02:01,tcr642,0
immrep7438,FLDCKSYIL_A*02:01,tcr372,0
immrep7439,YESYIPGAL_B*40:01,tcr310,0
immrep7440,MTDYDYLEV_A*02:01,tcr434,0
immrep7441,SEESAFYVL_B*40:01,tcr883,0
immrep7442,MTDYDYLEV_A*02:01,tcr375,0
immrep7443,MTDYDYLEV_A*02:01,tcr394,0
immrep7444,MTDYDYLEV_A*02:01,tcr991,0
immrep7445,FLDCKSYIL_A*02:01,tcr856,0
immrep7446,YENGSTPVL_B*40:01,tcr329,0
immrep7447,YEDGVIFYL_B*40:01,tcr636,0
immrep7448,YLFNADIWI_A*02:01,tcr294,0
immrep7449,MENWSALEL_B*40:01,tcr489,0
immrep7450,KLYPFLWFA_A*02:01,tcr240,0
immrep7451,SQFNWTIYL_A*02:01,tcr209,0
immrep7452,YLFNADIWI_A*02:01,tcr306,0
immrep7453,YEDGVIFYL_B*40:01,tcr615,0
immrep7454,YESYIPGAL_B*40:01,tcr493,0
immrep7455,FLDCKSYIL_A*02:01,tcr863,0
immrep7456,YESYIPGAL_B*40:01,tcr169,0
immrep7457,MTDYDYLEV_A*02:01,tcr395,0
immrep7458,MENWSALEL_B*40:01,tcr759,0
immrep7459,FEAQPGALL_B*40:01,tcr630,0
immrep7460,GEVLACYAL_B*40:01,tcr629,0
immrep7461,TVYPYGTSL_A*02:01,tcr589,0
immrep7462,SQFNWTIYL_A*02:01,tcr318,0
immrep7463,KLYPFLWFA_A*02:01,tcr75,0
immrep7464,FEAQPGALL_B*40:01,tcr28,0
immrep7465,ILHTHVPEV_A*02:01,tcr764,0
immrep7466,FLDCKSYIL_A*02:01,tcr894,0
immrep7467,MTDYDYLEV_A*02:01,tcr791,0
immrep7468,YENGSTPVL_B*40:01,tcr909,0
immrep7469,MENWSALEL_B*40:01,tcr780,0
immrep7470,FLDCKSYIL_A*02:01,tcr589,0
immrep7471,FEAQPGALL_B*40:01,tcr888,0
immrep7472,TVYPYGTSL_A*02:01,tcr10,0
immrep7473,ILHTHVPEV_A*02:01,tcr340,0
immrep7474,REDDYSVWL_B*40:01,tcr429,0
immrep7475,KLYPFLWFA_A*02:01,tcr826,0
immrep7476,MTDYDYLEV_A*02:01,tcr93,0
immrep7477,REDDYSVWL_B*40:01,tcr211,0
immrep7478,MEMPDYLLL_B*40:01,tcr969,0
immrep7479,REDDYSVWL_B*40:01,tcr179,0
immrep7480,MEMPDYLLL_B*40:01,tcr100,0
immrep7481,HLDDYPYLM_A*02:01,tcr61,0
immrep7482,GEVLACYAL_B*40:01,tcr506,0
immrep7483,TVYPYGTSL_A*02:01,tcr848,0
immrep7484,YLFNADIWI_A*02:01,tcr111,0
immrep7485,YESYIPGAL_B*40:01,tcr584,0
immrep7486,FLDCKSYIL_A*02:01,tcr921,0
immrep7487,YESYIPGAL_B*40:01,tcr443,0
immrep7488,YMFYDGYDV_A*02:01,tcr201,0
immrep7489,REDDYSVWL_B*40:01,tcr436,0
immrep7490,MENWSALEL_B*40:01,tcr203,0
immrep7491,MTDYDYLEV_A*02:01,tcr80,0
immrep7492,SEESAFYVL_B*40:01,tcr823,0
immrep7493,MTDYDYLEV_A*02:01,tcr613,0
immrep7494,SQFNWTIYL_A*02:01,tcr97,0
immrep7495,TVYPYGTSL_A*02:01,tcr642,0
immrep7496,YMFYDGYDV_A*02:01,tcr238,0
immrep7497,MTDYDYLEV_A*02:01,tcr73,0
immrep7498,YESYIPGAL_B*40:01,tcr216,0
immrep7499,SQFNWTIYL_A*02:01,tcr139,0
immrep7500,REDDYSVWL_B*40:01,tcr597,0
immrep7501,SQFNWTIYL_A*02:01,tcr313,0
immrep7502,KLYPFLWFA_A*02:01,tcr624,0
immrep7503,MTDYDYLEV_A*02:01,tcr11,0
immrep7504,KLYPFLWFA_A*02:01,tcr12,0
immrep7505,FLDCKSYIL_A*02:01,tcr672,0
immrep7506,YLFNADIWI_A*02:01,tcr912,0
immrep7507,MEMPDYLLL_B*40:01,tcr528,0
immrep7508,KLYPFLWFA_A*02:01,tcr820,0
immrep7509,GEVLACYAL_B*40:01,tcr26,0
immrep7510,GENALTYAL_B*40:01,tcr684,0
immrep7511,MEMPDYLLL_B*40:01,tcr845,0
immrep7512,SEESAFYVL_B*40:01,tcr628,0
immrep7513,YMFYDGYDV_A*02:01,tcr796,0
immrep7514,SEESAFYVL_B*40:01,tcr130,0
immrep7515,YEDGVIFYL_B*40:01,tcr98,0
immrep7516,GENALTYAL_B*40:01,tcr652,0
immrep7517,FLDCKSYIL_A*02:01,tcr717,0
immrep7518,ILHTHVPEV_A*02:01,tcr121,0
immrep7519,SQFNWTIYL_A*02:01,tcr355,0
immrep7520,GENALTYAL_B*40:01,tcr183,0
immrep7521,FLDCKSYIL_A*02:01,tcr258,0
immrep7522,ILMHATYFL_A*02:01,tcr18,0
immrep7523,YESYIPGAL_B*40:01,tcr444,0
immrep7524,GEVLACYAL_B*40:01,tcr46,0
immrep7525,ILMHATYFL_A*02:01,tcr168,0
immrep7526,MENWSALEL_B*40:01,tcr116,0
immrep7527,YENGSTPVL_B*40:01,tcr322,0
immrep7528,YMFYDGYDV_A*02:01,tcr430,0
immrep7529,YENGSTPVL_B*40:01,tcr269,0
immrep7530,ILMHATYFL_A*02:01,tcr119,0
immrep7531,ILMHATYFL_A*02:01,tcr682,0
immrep7532,YMFYDGYDV_A*02:01,tcr677,0
immrep7533,FLDCKSYIL_A*02:01,tcr440,0
immrep7534,SEESAFYVL_B*40:01,tcr107,0
immrep7535,TVYPYGTSL_A*02:01,tcr65,0
immrep7536,GENALTYAL_B*40:01,tcr697,0
immrep7537,HLDDYPYLM_A*02:01,tcr48,0
immrep7538,GENALTYAL_B*40:01,tcr679,0
immrep7539,MENWSALEL_B*40:01,tcr464,0
immrep7540,HLDDYPYLM_A*02:01,tcr724,0
immrep7541,REDDYSVWL_B*40:01,tcr783,0
immrep7542,YMFYDGYDV_A*02:01,tcr397,0
immrep7543,FEAQPGALL_B*40:01,tcr361,0
immrep7544,ILMHATYFL_A*02:01,tcr794,0
immrep7545,YLFNADIWI_A*02:01,tcr313,0
immrep7546,GENALTYAL_B*40:01,tcr888,0
immrep7547,MEMPDYLLL_B*40:01,tcr581,0
immrep7548,YESYIPGAL_B*40:01,tcr423,0
immrep7549,YEDGVIFYL_B*40:01,tcr225,0
immrep7550,KLYPFLWFA_A*02:01,tcr288,0
immrep7551,MTDYDYLEV_A*02:01,tcr800,0
immrep7552,KLYPFLWFA_A*02:01,tcr31,0
immrep7553,YENGSTPVL_B*40:01,tcr110,0
immrep7554,FEAQPGALL_B*40:01,tcr55,0
immrep7555,SQFNWTIYL_A*02:01,tcr567,0
immrep7556,ILMHATYFL_A*02:01,tcr48,0
immrep7557,REDDYSVWL_B*40:01,tcr15,0
immrep7558,SQFNWTIYL_A*02:01,tcr494,0
immrep7559,MEMPDYLLL_B*40:01,tcr443,0
immrep7560,MENWSALEL_B*40:01,tcr726,0
immrep7561,YLFNADIWI_A*02:01,tcr874,0
immrep7562,YESYIPGAL_B*40:01,tcr739,0
immrep7563,ILHTHVPEV_A*02:01,tcr367,0
immrep7564,FLDCKSYIL_A*02:01,tcr123,0
immrep7565,YLFNADIWI_A*02:01,tcr548,0
immrep7566,ILHTHVPEV_A*02:01,tcr950,0
immrep7567,YESYIPGAL_B*40:01,tcr458,0
immrep7568,MTDYDYLEV_A*02:01,tcr877,0
immrep7569,TVYPYGTSL_A*02:01,tcr18,0
immrep7570,ILMHATYFL_A*02:01,tcr53,0
immrep7571,YEDGVIFYL_B*40:01,tcr870,0
immrep7572,KLYPFLWFA_A*02:01,tcr324,0
immrep7573,ILMHATYFL_A*02:01,tcr140,0
immrep7574,YEDGVIFYL_B*40:01,tcr538,0
immrep7575,ILMHATYFL_A*02:01,tcr54,0
immrep7576,MENWSALEL_B*40:01,tcr74,0
immrep7577,KLYPFLWFA_A*02:01,tcr760,0
immrep7578,SQFNWTIYL_A*02:01,tcr192,0
immrep7579,REDDYSVWL_B*40:01,tcr79,0
immrep7580,YLFNADIWI_A*02:01,tcr685,0
immrep7581,YMFYDGYDV_A*02:01,tcr895,0
immrep7582,FLDCKSYIL_A*02:01,tcr320,0
immrep7583,ILHTHVPEV_A*02:01,tcr833,0
immrep7584,ILMHATYFL_A*02:01,tcr395,0
immrep7585,GENALTYAL_B*40:01,tcr881,0
immrep7586,GENALTYAL_B*40:01,tcr462,0
immrep7587,MEMPDYLLL_B*40:01,tcr467,0
immrep7588,YENGSTPVL_B*40:01,tcr462,0
immrep7589,KLYPFLWFA_A*02:01,tcr556,0
immrep7590,ILHTHVPEV_A*02:01,tcr272,0
immrep7591,MTDYDYLEV_A*02:01,tcr512,0
immrep7592,FLDCKSYIL_A*02:01,tcr832,0
immrep7593,SEESAFYVL_B*40:01,tcr195,0
immrep7594,ILHTHVPEV_A*02:01,tcr264,0
immrep7595,YLFNADIWI_A*02:01,tcr502,0
immrep7596,YENGSTPVL_B*40:01,tcr626,0
immrep7597,YENGSTPVL_B*40:01,tcr409,0
immrep7598,TVYPYGTSL_A*02:01,tcr460,0
immrep7599,FLDCKSYIL_A*02:01,tcr747,0
immrep7600,YEDGVIFYL_B*40:01,tcr846,0
immrep7601,YEDGVIFYL_B*40:01,tcr15,0
immrep7602,FEAQPGALL_B*40:01,tcr917,0
immrep7603,ILMHATYFL_A*02:01,tcr440,0
immrep7604,ILMHATYFL_A*02:01,tcr655,0
immrep7605,REDDYSVWL_B*40:01,tcr144,0
immrep7606,YEDGVIFYL_B*40:01,tcr708,0
immrep7607,SEESAFYVL_B*40:01,tcr609,0
immrep7608,HLDDYPYLM_A*02:01,tcr742,0
immrep7609,TVYPYGTSL_A*02:01,tcr555,0
immrep7610,GEVLACYAL_B*40:01,tcr233,0
immrep7611,YLFNADIWI_A*02:01,tcr737,0
immrep7612,MENWSALEL_B*40:01,tcr46,0
immrep7613,YEDGVIFYL_B*40:01,tcr125,0
immrep7614,ILMHATYFL_A*02:01,tcr724,0
immrep7615,SEESAFYVL_B*40:01,tcr260,0
immrep7616,MENWSALEL_B*40:01,tcr839,0
immrep7617,GEVLACYAL_B*40:01,tcr81,0
immrep7618,MEMPDYLLL_B*40:01,tcr457,0
immrep7619,ILMHATYFL_A*02:01,tcr694,0
immrep7620,MEMPDYLLL_B*40:01,tcr606,0
immrep7621,GENALTYAL_B*40:01,tcr896,0
immrep7622,ILMHATYFL_A*02:01,tcr139,0
immrep7623,SQFNWTIYL_A*02:01,tcr928,0
immrep7624,MTDYDYLEV_A*02:01,tcr619,0
immrep7625,KLYPFLWFA_A*02:01,tcr786,0
immrep7626,ILHTHVPEV_A*02:01,tcr433,0
immrep7627,YEDGVIFYL_B*40:01,tcr445,0
immrep7628,GENALTYAL_B*40:01,tcr279,0
immrep7629,KLYPFLWFA_A*02:01,tcr709,0
immrep7630,GEVLACYAL_B*40:01,tcr592,0
immrep7631,TVYPYGTSL_A*02:01,tcr710,0
immrep7632,HLDDYPYLM_A*02:01,tcr779,0
immrep7633,FEAQPGALL_B*40:01,tcr667,0
immrep7634,TVYPYGTSL_A*02:01,tcr682,0
immrep7635,YMFYDGYDV_A*02:01,tcr554,0
immrep7636,MENWSALEL_B*40:01,tcr807,0
immrep7637,TVYPYGTSL_A*02:01,tcr403,0
immrep7638,GENALTYAL_B*40:01,tcr223,0
immrep7639,MENWSALEL_B*40:01,tcr767,0
immrep7640,ILHTHVPEV_A*02:01,tcr250,0
immrep7641,YENGSTPVL_B*40:01,tcr873,0
immrep7642,ILHTHVPEV_A*02:01,tcr71,0
immrep7643,HLDDYPYLM_A*02:01,tcr722,0
immrep7644,HLDDYPYLM_A*02:01,tcr85,0
immrep7645,GENALTYAL_B*40:01,tcr470,0
immrep7646,YEDGVIFYL_B*40:01,tcr456,0
immrep7647,GENALTYAL_B*40:01,tcr909,0
immrep7648,TVYPYGTSL_A*02:01,tcr137,0
immrep7649,ILHTHVPEV_A*02:01,tcr740,0
immrep7650,MTDYDYLEV_A*02:01,tcr903,0
immrep7651,MTDYDYLEV_A*02:01,tcr433,0
immrep7652,HLDDYPYLM_A*02:01,tcr754,0
immrep7653,MENWSALEL_B*40:01,tcr45,0
immrep7654,REDDYSVWL_B*40:01,tcr46,0
immrep7655,REDDYSVWL_B*40:01,tcr587,0
immrep7656,ILMHATYFL_A*02:01,tcr49,0
immrep7657,MEMPDYLLL_B*40:01,tcr303,0
immrep7658,SEESAFYVL_B*40:01,tcr662,0
immrep7659,MENWSALEL_B*40:01,tcr565,0
immrep7660,HLDDYPYLM_A*02:01,tcr347,0
immrep7661,YEDGVIFYL_B*40:01,tcr144,0
immrep7662,MENWSALEL_B*40:01,tcr579,0
immrep7663,YLFNADIWI_A*02:01,tcr80,0
immrep7664,GEVLACYAL_B*40:01,tcr906,0
immrep7665,ILHTHVPEV_A*02:01,tcr346,0
immrep7666,HLDDYPYLM_A*02:01,tcr208,0
immrep7667,REDDYSVWL_B*40:01,tcr712,0
immrep7668,FLDCKSYIL_A*02:01,tcr294,0
immrep7669,MTDYDYLEV_A*02:01,tcr535,0
immrep7670,MTDYDYLEV_A*02:01,tcr43,0
immrep7671,FLDCKSYIL_A*02:01,tcr957,0
immrep7672,FEAQPGALL_B*40:01,tcr385,0
immrep7673,YEDGVIFYL_B*40:01,tcr981,0
immrep7674,SEESAFYVL_B*40:01,tcr28,0
immrep7675,GEVLACYAL_B*40:01,tcr152,0
immrep7676,MTDYDYLEV_A*02:01,tcr239,0
immrep7677,SEESAFYVL_B*40:01,tcr26,0
immrep7678,ILMHATYFL_A*02:01,tcr741,0
immrep7679,MTDYDYLEV_A*02:01,tcr185,0
immrep7680,TVYPYGTSL_A*02:01,tcr754,0
immrep7681,YLFNADIWI_A*02:01,tcr682,0
immrep7682,YMFYDGYDV_A*02:01,tcr635,0
immrep7683,ILMHATYFL_A*02:01,tcr308,0
immrep7684,REDDYSVWL_B*40:01,tcr598,0
immrep7685,YESYIPGAL_B*40:01,tcr558,0
immrep7686,YMFYDGYDV_A*02:01,tcr261,0
immrep7687,ILHTHVPEV_A*02:01,tcr795,0
immrep7688,FLDCKSYIL_A*02:01,tcr928,0
immrep7689,FLDCKSYIL_A*02:01,tcr224,0
immrep7690,MENWSALEL_B*40:01,tcr885,0
immrep7691,REDDYSVWL_B*40:01,tcr445,0
immrep7692,FEAQPGALL_B*40:01,tcr374,0
immrep7693,GEVLACYAL_B*40:01,tcr126,0
immrep7694,MEMPDYLLL_B*40:01,tcr753,0
immrep7695,FEAQPGALL_B*40:01,tcr669,0
immrep7696,SEESAFYVL_B*40:01,tcr495,0
immrep7697,GENALTYAL_B*40:01,tcr627,0
immrep7698,MEMPDYLLL_B*40:01,tcr107,0
immrep7699,MENWSALEL_B*40:01,tcr997,0
immrep7700,YESYIPGAL_B*40:01,tcr495,0
immrep7701,ILHTHVPEV_A*02:01,tcr822,0
immrep7702,YMFYDGYDV_A*02:01,tcr837,0
immrep7703,REDDYSVWL_B*40:01,tcr132,0
immrep7704,HLDDYPYLM_A*02:01,tcr676,0
immrep7705,GEVLACYAL_B*40:01,tcr100,0
immrep7706,SQFNWTIYL_A*02:01,tcr818,0
immrep7707,YENGSTPVL_B*40:01,tcr985,0
immrep7708,YMFYDGYDV_A*02:01,tcr151,0
immrep7709,ILMHATYFL_A*02:01,tcr454,0
immrep7710,ILHTHVPEV_A*02:01,tcr286,0
immrep7711,GEVLACYAL_B*40:01,tcr197,0
immrep7712,ILHTHVPEV_A*02:01,tcr715,0
immrep7713,SQFNWTIYL_A*02:01,tcr320,0
immrep7714,GEVLACYAL_B*40:01,tcr204,0
immrep7715,MEMPDYLLL_B*40:01,tcr844,0
immrep7716,TVYPYGTSL_A*02:01,tcr221,0
immrep7717,SQFNWTIYL_A*02:01,tcr595,0
immrep7718,YENGSTPVL_B*40:01,tcr899,0
immrep7719,MTDYDYLEV_A*02:01,tcr729,0
immrep7720,SEESAFYVL_B*40:01,tcr424,0
immrep7721,FEAQPGALL_B*40:01,tcr429,0
immrep7722,YLFNADIWI_A*02:01,tcr22,0
immrep7723,SEESAFYVL_B*40:01,tcr218,0
immrep7724,MTDYDYLEV_A*02:01,tcr891,0
immrep7725,MENWSALEL_B*40:01,tcr29,0
immrep7726,YENGSTPVL_B*40:01,tcr455,0
immrep7727,MTDYDYLEV_A*02:01,tcr440,0
immrep7728,MEMPDYLLL_B*40:01,tcr312,0
immrep7729,YEDGVIFYL_B*40:01,tcr774,0
immrep7730,REDDYSVWL_B*40:01,tcr259,0
immrep7731,TVYPYGTSL_A*02:01,tcr174,0
immrep7732,SQFNWTIYL_A*02:01,tcr73,0
immrep7733,SQFNWTIYL_A*02:01,tcr588,0
immrep7734,YESYIPGAL_B*40:01,tcr537,0
immrep7735,SQFNWTIYL_A*02:01,tcr691,0
immrep7736,GENALTYAL_B*40:01,tcr647,0
immrep7737,MEMPDYLLL_B*40:01,tcr0,0
immrep7738,FLDCKSYIL_A*02:01,tcr355,0
immrep7739,GEVLACYAL_B*40:01,tcr985,0
immrep7740,YENGSTPVL_B*40:01,tcr102,0
immrep7741,ILHTHVPEV_A*02:01,tcr991,0
immrep7742,ILHTHVPEV_A*02:01,tcr891,0
immrep7743,MENWSALEL_B*40:01,tcr819,0
immrep7744,MTDYDYLEV_A*02:01,tcr564,0
immrep7745,YLFNADIWI_A*02:01,tcr411,0
immrep7746,MTDYDYLEV_A*02:01,tcr328,0
immrep7747,SQFNWTIYL_A*02:01,tcr676,0
immrep7748,YLFNADIWI_A*02:01,tcr468,0
immrep7749,KLYPFLWFA_A*02:01,tcr791,0
immrep7750,GEVLACYAL_B*40:01,tcr844,0
immrep7751,YLFNADIWI_A*02:01,tcr631,0
immrep7752,GENALTYAL_B*40:01,tcr102,0
immrep7753,MTDYDYLEV_A*02:01,tcr832,0
immrep7754,TVYPYGTSL_A*02:01,tcr585,0
immrep7755,HLDDYPYLM_A*02:01,tcr544,0
immrep7756,GEVLACYAL_B*40:01,tcr424,0
immrep7757,YESYIPGAL_B*40:01,tcr726,0
immrep7758,GENALTYAL_B*40:01,tcr562,0
immrep7759,FLDCKSYIL_A*02:01,tcr531,0
immrep7760,KLYPFLWFA_A*02:01,tcr539,0
immrep7761,FEAQPGALL_B*40:01,tcr77,0
immrep7762,REDDYSVWL_B*40:01,tcr463,0
immrep7763,FEAQPGALL_B*40:01,tcr523,0
immrep7764,REDDYSVWL_B*40:01,tcr875,0
immrep7765,YLFNADIWI_A*02:01,tcr375,0
immrep7766,YMFYDGYDV_A*02:01,tcr168,0
immrep7767,MTDYDYLEV_A*02:01,tcr6,0
immrep7768,HLDDYPYLM_A*02:01,tcr256,0
immrep7769,YEDGVIFYL_B*40:01,tcr770,0
immrep7770,YESYIPGAL_B*40:01,tcr557,0
immrep7771,MENWSALEL_B*40:01,tcr607,0
immrep7772,YESYIPGAL_B*40:01,tcr252,0
immrep7773,SEESAFYVL_B*40:01,tcr159,0
immrep7774,ILHTHVPEV_A*02:01,tcr717,0
immrep7775,TVYPYGTSL_A*02:01,tcr999,0
immrep7776,SEESAFYVL_B*40:01,tcr859,0
immrep7777,YMFYDGYDV_A*02:01,tcr971,0
immrep7778,YEDGVIFYL_B*40:01,tcr109,0
immrep7779,KLYPFLWFA_A*02:01,tcr419,0
immrep7780,FEAQPGALL_B*40:01,tcr354,0
immrep7781,GENALTYAL_B*40:01,tcr362,0
immrep7782,GEVLACYAL_B*40:01,tcr200,0
immrep7783,ILHTHVPEV_A*02:01,tcr419,0
immrep7784,SQFNWTIYL_A*02:01,tcr113,0
immrep7785,REDDYSVWL_B*40:01,tcr136,0
immrep7786,HLDDYPYLM_A*02:01,tcr930,0
immrep7787,YEDGVIFYL_B*40:01,tcr527,0
immrep7788,YESYIPGAL_B*40:01,tcr884,0
immrep7789,FEAQPGALL_B*40:01,tcr614,0
immrep7790,YMFYDGYDV_A*02:01,tcr688,0
immrep7791,KLYPFLWFA_A*02:01,tcr343,0
immrep7792,SEESAFYVL_B*40:01,tcr853,0
immrep7793,HLDDYPYLM_A*02:01,tcr653,0
immrep7794,REDDYSVWL_B*40:01,tcr704,0
immrep7795,MEMPDYLLL_B*40:01,tcr265,0
immrep7796,KLYPFLWFA_A*02:01,tcr946,0
immrep7797,YENGSTPVL_B*40:01,tcr920,0
immrep7798,YMFYDGYDV_A*02:01,tcr230,0
immrep7799,FLDCKSYIL_A*02:01,tcr766,0
immrep7800,TVYPYGTSL_A*02:01,tcr631,0
immrep7801,HLDDYPYLM_A*02:01,tcr170,0
immrep7802,ILMHATYFL_A*02:01,tcr922,0
immrep7803,YESYIPGAL_B*40:01,tcr46,0
immrep7804,SEESAFYVL_B*40:01,tcr608,0
immrep7805,SEESAFYVL_B*40:01,tcr444,0
immrep7806,ILMHATYFL_A*02:01,tcr544,0
immrep7807,FEAQPGALL_B*40:01,tcr812,0
immrep7808,YENGSTPVL_B*40:01,tcr445,0
immrep7809,REDDYSVWL_B*40:01,tcr388,0
immrep7810,ILMHATYFL_A*02:01,tcr57,0
immrep7811,SEESAFYVL_B*40:01,tcr568,0
immrep7812,SQFNWTIYL_A*02:01,tcr996,0
immrep7813,GEVLACYAL_B*40:01,tcr234,0
immrep7814,SQFNWTIYL_A*02:01,tcr848,0
immrep7815,YESYIPGAL_B*40:01,tcr329,0
immrep7816,GEVLACYAL_B*40:01,tcr503,0
immrep7817,MENWSALEL_B*40:01,tcr925,0
immrep7818,KLYPFLWFA_A*02:01,tcr294,0
immrep7819,TVYPYGTSL_A*02:01,tcr389,0
immrep7820,SEESAFYVL_B*40:01,tcr579,0
immrep7821,MEMPDYLLL_B*40:01,tcr299,0
immrep7822,YEDGVIFYL_B*40:01,tcr499,0
immrep7823,ILHTHVPEV_A*02:01,tcr496,0
immrep7824,FLDCKSYIL_A*02:01,tcr480,0
immrep7825,MEMPDYLLL_B*40:01,tcr424,0
immrep7826,TVYPYGTSL_A*02:01,tcr185,0
immrep7827,MENWSALEL_B*40:01,tcr254,0
immrep7828,ILHTHVPEV_A*02:01,tcr594,0
immrep7829,REDDYSVWL_B*40:01,tcr586,0
immrep7830,SQFNWTIYL_A*02:01,tcr174,0
immrep7831,FLDCKSYIL_A*02:01,tcr117,0
immrep7832,YEDGVIFYL_B*40:01,tcr887,0
immrep7833,TVYPYGTSL_A*02:01,tcr22,0
immrep7834,HLDDYPYLM_A*02:01,tcr838,0
immrep7835,FEAQPGALL_B*40:01,tcr62,0
immrep7836,KLYPFLWFA_A*02:01,tcr187,0
immrep7837,MEMPDYLLL_B*40:01,tcr15,0
immrep7838,ILMHATYFL_A*02:01,tcr921,0
immrep7839,ILMHATYFL_A*02:01,tcr737,0
immrep7840,YLFNADIWI_A*02:01,tcr162,0
immrep7841,FEAQPGALL_B*40:01,tcr112,0
immrep7842,ILHTHVPEV_A*02:01,tcr534,0
immrep7843,REDDYSVWL_B*40:01,tcr467,0
immrep7844,YMFYDGYDV_A*02:01,tcr85,0
immrep7845,REDDYSVWL_B*40:01,tcr273,0
immrep7846,YESYIPGAL_B*40:01,tcr361,0
immrep7847,YLFNADIWI_A*02:01,tcr129,0
immrep7848,KLYPFLWFA_A*02:01,tcr25,0
immrep7849,REDDYSVWL_B*40:01,tcr0,0
immrep7850,REDDYSVWL_B*40:01,tcr519,0
immrep7851,YENGSTPVL_B*40:01,tcr70,0
immrep7852,ILMHATYFL_A*02:01,tcr509,0
immrep7853,YENGSTPVL_B*40:01,tcr158,0
immrep7854,TVYPYGTSL_A*02:01,tcr192,0
immrep7855,YMFYDGYDV_A*02:01,tcr862,0
immrep7856,REDDYSVWL_B*40:01,tcr582,0
immrep7857,HLDDYPYLM_A*02:01,tcr178,0
immrep7858,FEAQPGALL_B*40:01,tcr150,0
immrep7859,ILHTHVPEV_A*02:01,tcr556,0
immrep7860,SQFNWTIYL_A*02:01,tcr308,0
immrep7861,YENGSTPVL_B*40:01,tcr898,0
immrep7862,YMFYDGYDV_A*02:01,tcr226,0
immrep7863,ILHTHVPEV_A*02:01,tcr701,0
immrep7864,REDDYSVWL_B*40:01,tcr529,0
immrep7865,YESYIPGAL_B*40:01,tcr55,0
immrep7866,ILHTHVPEV_A*02:01,tcr22,0
immrep7867,FEAQPGALL_B*40:01,tcr995,0
immrep7868,SQFNWTIYL_A*02:01,tcr940,0
immrep7869,YESYIPGAL_B*40:01,tcr636,0
immrep7870,KLYPFLWFA_A*02:01,tcr676,0
immrep7871,HLDDYPYLM_A*02:01,tcr165,0
immrep7872,SQFNWTIYL_A*02:01,tcr695,0
immrep7873,KLYPFLWFA_A*02:01,tcr795,0
immrep7874,ILMHATYFL_A*02:01,tcr434,0
immrep7875,SQFNWTIYL_A*02:01,tcr397,0
immrep7876,MENWSALEL_B*40:01,tcr652,0
immrep7877,SQFNWTIYL_A*02:01,tcr213,0
immrep7878,MEMPDYLLL_B*40:01,tcr704,0
immrep7879,SQFNWTIYL_A*02:01,tcr316,0
immrep7880,YENGSTPVL_B*40:01,tcr911,0
immrep7881,YMFYDGYDV_A*02:01,tcr651,0
immrep7882,YESYIPGAL_B*40:01,tcr37,0
immrep7883,MEMPDYLLL_B*40:01,tcr920,0
immrep7884,MENWSALEL_B*40:01,tcr463,0
immrep7885,KLYPFLWFA_A*02:01,tcr956,0
immrep7886,ILHTHVPEV_A*02:01,tcr258,0
immrep7887,SEESAFYVL_B*40:01,tcr298,0
immrep7888,GEVLACYAL_B*40:01,tcr330,0
immrep7889,YLFNADIWI_A*02:01,tcr478,0
immrep7890,YESYIPGAL_B*40:01,tcr485,0
immrep7891,HLDDYPYLM_A*02:01,tcr286,0
immrep7892,MENWSALEL_B*40:01,tcr582,0
immrep7893,REDDYSVWL_B*40:01,tcr421,0
immrep7894,YENGSTPVL_B*40:01,tcr350,0
immrep7895,SQFNWTIYL_A*02:01,tcr815,0
immrep7896,TVYPYGTSL_A*02:01,tcr71,0
immrep7897,YEDGVIFYL_B*40:01,tcr101,0
immrep7898,MEMPDYLLL_B*40:01,tcr973,0
immrep7899,HLDDYPYLM_A*02:01,tcr543,0
immrep7900,REDDYSVWL_B*40:01,tcr279,0
immrep7901,YESYIPGAL_B*40:01,tcr235,0
immrep7902,HLDDYPYLM_A*02:01,tcr814,0
immrep7903,MENWSALEL_B*40:01,tcr532,0
immrep7904,KLYPFLWFA_A*02:01,tcr59,0
immrep7905,TVYPYGTSL_A*02:01,tcr240,0
immrep7906,REDDYSVWL_B*40:01,tcr628,0
immrep7907,REDDYSVWL_B*40:01,tcr202,0
immrep7908,GEVLACYAL_B*40:01,tcr128,0
immrep7909,MEMPDYLLL_B*40:01,tcr146,0
immrep7910,GENALTYAL_B*40:01,tcr335,0
immrep7911,YMFYDGYDV_A*02:01,tcr446,0
immrep7912,SEESAFYVL_B*40:01,tcr436,0
immrep7913,YEDGVIFYL_B*40:01,tcr773,0
immrep7914,FEAQPGALL_B*40:01,tcr532,0
immrep7915,MEMPDYLLL_B*40:01,tcr916,0
immrep7916,YENGSTPVL_B*40:01,tcr629,0
immrep7917,FLDCKSYIL_A*02:01,tcr177,0
immrep7918,HLDDYPYLM_A*02:01,tcr635,0
immrep7919,MEMPDYLLL_B*40:01,tcr293,0
immrep7920,KLYPFLWFA_A*02:01,tcr205,0
immrep7921,YENGSTPVL_B*40:01,tcr276,0
immrep7922,KLYPFLWFA_A*02:01,tcr375,0
immrep7923,HLDDYPYLM_A*02:01,tcr924,0
immrep7924,HLDDYPYLM_A*02:01,tcr993,0
immrep7925,ILMHATYFL_A*02:01,tcr419,0
immrep7926,FLDCKSYIL_A*02:01,tcr56,0
immrep7927,YENGSTPVL_B*40:01,tcr229,0
immrep7928,YESYIPGAL_B*40:01,tcr445,0
immrep7929,MTDYDYLEV_A*02:01,tcr480,0
immrep7930,REDDYSVWL_B*40:01,tcr908,0
immrep7931,FEAQPGALL_B*40:01,tcr504,0
immrep7932,FLDCKSYIL_A*02:01,tcr590,0
immrep7933,ILMHATYFL_A*02:01,tcr994,0
immrep7934,FLDCKSYIL_A*02:01,tcr168,0
immrep7935,SQFNWTIYL_A*02:01,tcr368,0
immrep7936,YESYIPGAL_B*40:01,tcr131,0
immrep7937,TVYPYGTSL_A*02:01,tcr487,0
immrep7938,MEMPDYLLL_B*40:01,tcr176,0
immrep7939,MTDYDYLEV_A*02:01,tcr287,0
immrep7940,KLYPFLWFA_A*02:01,tcr731,0
immrep7941,TVYPYGTSL_A*02:01,tcr427,0
immrep7942,YENGSTPVL_B*40:01,tcr875,0
immrep7943,GEVLACYAL_B*40:01,tcr584,0
immrep7944,ILHTHVPEV_A*02:01,tcr703,0
immrep7945,HLDDYPYLM_A*02:01,tcr406,0
immrep7946,MTDYDYLEV_A*02:01,tcr448,0
immrep7947,YENGSTPVL_B*40:01,tcr386,0
immrep7948,YESYIPGAL_B*40:01,tcr926,0
immrep7949,MEMPDYLLL_B*40:01,tcr81,0
immrep7950,HLDDYPYLM_A*02:01,tcr569,0
immrep7951,SQFNWTIYL_A*02:01,tcr7,0
immrep7952,TVYPYGTSL_A*02:01,tcr910,0
immrep7953,GEVLACYAL_B*40:01,tcr276,0
immrep7954,YENGSTPVL_B*40:01,tcr142,0
immrep7955,SEESAFYVL_B*40:01,tcr899,0
immrep7956,YESYIPGAL_B*40:01,tcr960,0
immrep7957,MTDYDYLEV_A*02:01,tcr133,0
immrep7958,GEVLACYAL_B*40:01,tcr198,0
immrep7959,KLYPFLWFA_A*02:01,tcr682,0
immrep7960,GENALTYAL_B*40:01,tcr968,0
immrep7961,YEDGVIFYL_B*40:01,tcr599,0
immrep7962,GENALTYAL_B*40:01,tcr439,0
immrep7963,KLYPFLWFA_A*02:01,tcr993,0
immrep7964,MENWSALEL_B*40:01,tcr263,0
immrep7965,YESYIPGAL_B*40:01,tcr164,0
immrep7966,MEMPDYLLL_B*40:01,tcr263,0
immrep7967,HLDDYPYLM_A*02:01,tcr556,0
immrep7968,KLYPFLWFA_A*02:01,tcr442,0
immrep7969,ILHTHVPEV_A*02:01,tcr808,0
immrep7970,GEVLACYAL_B*40:01,tcr29,0
immrep7971,HLDDYPYLM_A*02:01,tcr804,0
immrep7972,MENWSALEL_B*40:01,tcr429,0
immrep7973,HLDDYPYLM_A*02:01,tcr375,0
immrep7974,YMFYDGYDV_A*02:01,tcr510,0
immrep7975,REDDYSVWL_B*40:01,tcr636,0
immrep7976,TVYPYGTSL_A*02:01,tcr441,0
immrep7977,TVYPYGTSL_A*02:01,tcr267,0
immrep7978,YESYIPGAL_B*40:01,tcr835,0
immrep7979,YESYIPGAL_B*40:01,tcr618,0
immrep7980,YEDGVIFYL_B*40:01,tcr824,0
immrep7981,MTDYDYLEV_A*02:01,tcr121,0
immrep7982,ILMHATYFL_A*02:01,tcr742,0
immrep7983,ILHTHVPEV_A*02:01,tcr49,0
immrep7984,MEMPDYLLL_B*40:01,tcr179,0
immrep7985,FLDCKSYIL_A*02:01,tcr199,0
immrep7986,HLDDYPYLM_A*02:01,tcr670,0
immrep7987,SEESAFYVL_B*40:01,tcr704,0
immrep7988,YESYIPGAL_B*40:01,tcr925,0
immrep7989,MEMPDYLLL_B*40:01,tcr409,0
immrep7990,MENWSALEL_B*40:01,tcr835,0
immrep7991,MENWSALEL_B*40:01,tcr986,0
immrep7992,FEAQPGALL_B*40:01,tcr45,0
immrep7993,FEAQPGALL_B*40:01,tcr696,0
immrep7994,MTDYDYLEV_A*02:01,tcr258,0
immrep7995,YENGSTPVL_B*40:01,tcr225,0
immrep7996,TVYPYGTSL_A*02:01,tcr691,0
immrep7997,SQFNWTIYL_A*02:01,tcr994,0
immrep7998,FLDCKSYIL_A*02:01,tcr996,0
immrep7999,MENWSALEL_B*40:01,tcr229,0
immrep8000,YENGSTPVL_B*40:01,tcr176,0
immrep8001,YLFNADIWI_A*02:01,tcr805,0
immrep8002,REDDYSVWL_B*40:01,tcr593,0
immrep8003,GEVLACYAL_B*40:01,tcr296,0
immrep8004,YMFYDGYDV_A*02:01,tcr703,0
immrep8005,MTDYDYLEV_A*02:01,tcr471,0
immrep8006,MTDYDYLEV_A*02:01,tcr373,0
immrep8007,MTDYDYLEV_A*02:01,tcr913,0
immrep8008,GEVLACYAL_B*40:01,tcr269,0
immrep8009,REDDYSVWL_B*40:01,tcr167,0
immrep8010,YMFYDGYDV_A*02:01,tcr373,0
immrep8011,ILMHATYFL_A*02:01,tcr414,0
immrep8012,MENWSALEL_B*40:01,tcr566,0
immrep8013,MENWSALEL_B*40:01,tcr499,0
immrep8014,SQFNWTIYL_A*02:01,tcr664,0
immrep8015,ILMHATYFL_A*02:01,tcr16,0
immrep8016,ILMHATYFL_A*02:01,tcr942,0
immrep8017,MENWSALEL_B*40:01,tcr735,0
immrep8018,KLYPFLWFA_A*02:01,tcr120,0
immrep8019,HLDDYPYLM_A*02:01,tcr878,0
immrep8020,GEVLACYAL_B*40:01,tcr404,0
immrep8021,YMFYDGYDV_A*02:01,tcr765,0
immrep8022,MEMPDYLLL_B*40:01,tcr919,0
immrep8023,ILHTHVPEV_A*02:01,tcr711,0
immrep8024,TVYPYGTSL_A*02:01,tcr548,0
immrep8025,GENALTYAL_B*40:01,tcr164,0
immrep8026,HLDDYPYLM_A*02:01,tcr756,0
immrep8027,FLDCKSYIL_A*02:01,tcr138,0
immrep8028,MENWSALEL_B*40:01,tcr507,0
immrep8029,TVYPYGTSL_A*02:01,tcr832,0
immrep8030,REDDYSVWL_B*40:01,tcr949,0
immrep8031,GEVLACYAL_B*40:01,tcr393,0
immrep8032,MTDYDYLEV_A*02:01,tcr620,0
immrep8033,TVYPYGTSL_A*02:01,tcr23,0
immrep8034,KLYPFLWFA_A*02:01,tcr64,0
immrep8035,YEDGVIFYL_B*40:01,tcr811,0
immrep8036,SQFNWTIYL_A*02:01,tcr714,0
immrep8037,ILMHATYFL_A*02:01,tcr931,0
immrep8038,MEMPDYLLL_B*40:01,tcr350,0
immrep8039,YEDGVIFYL_B*40:01,tcr783,0
immrep8040,YESYIPGAL_B*40:01,tcr431,0
immrep8041,REDDYSVWL_B*40:01,tcr648,0
immrep8042,SEESAFYVL_B*40:01,tcr482,0
immrep8043,GENALTYAL_B*40:01,tcr33,0
immrep8044,REDDYSVWL_B*40:01,tcr977,0
immrep8045,FLDCKSYIL_A*02:01,tcr349,0
immrep8046,YEDGVIFYL_B*40:01,tcr219,0
immrep8047,YEDGVIFYL_B*40:01,tcr850,0
immrep8048,TVYPYGTSL_A*02:01,tcr210,0
immrep8049,ILMHATYFL_A*02:01,tcr267,0
immrep8050,FEAQPGALL_B*40:01,tcr457,0
immrep8051,GENALTYAL_B*40:01,tcr196,0
immrep8052,FEAQPGALL_B*40:01,tcr608,0
immrep8053,TVYPYGTSL_A*02:01,tcr552,0
immrep8054,GEVLACYAL_B*40:01,tcr952,0
immrep8055,KLYPFLWFA_A*02:01,tcr328,0
immrep8056,ILMHATYFL_A*02:01,tcr249,0
immrep8057,SQFNWTIYL_A*02:01,tcr182,0
immrep8058,YENGSTPVL_B*40:01,tcr829,0
immrep8059,YEDGVIFYL_B*40:01,tcr79,0
immrep8060,YESYIPGAL_B*40:01,tcr854,0
immrep8061,REDDYSVWL_B*40:01,tcr515,0
immrep8062,YENGSTPVL_B*40:01,tcr660,0
immrep8063,MTDYDYLEV_A*02:01,tcr689,0
immrep8064,YESYIPGAL_B*40:01,tcr470,0
immrep8065,TVYPYGTSL_A*02:01,tcr666,0
immrep8066,FEAQPGALL_B*40:01,tcr570,0
immrep8067,FLDCKSYIL_A*02:01,tcr521,0
immrep8068,HLDDYPYLM_A*02:01,tcr308,0
immrep8069,MTDYDYLEV_A*02:01,tcr289,0
immrep8070,YESYIPGAL_B*40:01,tcr532,0
immrep8071,MENWSALEL_B*40:01,tcr906,0
immrep8072,REDDYSVWL_B*40:01,tcr402,0
immrep8073,SEESAFYVL_B*40:01,tcr333,0
immrep8074,YMFYDGYDV_A*02:01,tcr701,0
immrep8075,YESYIPGAL_B*40:01,tcr299,0
immrep8076,SEESAFYVL_B*40:01,tcr131,0
immrep8077,YLFNADIWI_A*02:01,tcr601,0
immrep8078,YESYIPGAL_B*40:01,tcr467,0
immrep8079,YLFNADIWI_A*02:01,tcr165,0
immrep8080,SEESAFYVL_B*40:01,tcr385,0
immrep8081,SEESAFYVL_B*40:01,tcr490,0
immrep8082,FLDCKSYIL_A*02:01,tcr327,0
immrep8083,YEDGVIFYL_B*40:01,tcr161,0
immrep8084,MEMPDYLLL_B*40:01,tcr648,0
immrep8085,ILMHATYFL_A*02:01,tcr215,0
immrep8086,GEVLACYAL_B*40:01,tcr194,0
immrep8087,YLFNADIWI_A*02:01,tcr88,0
immrep8088,YEDGVIFYL_B*40:01,tcr839,0
immrep8089,SEESAFYVL_B*40:01,tcr889,0
immrep8090,YESYIPGAL_B*40:01,tcr610,0
immrep8091,REDDYSVWL_B*40:01,tcr873,0
immrep8092,REDDYSVWL_B*40:01,tcr76,0
immrep8093,YMFYDGYDV_A*02:01,tcr122,0
immrep8094,SEESAFYVL_B*40:01,tcr908,0
immrep8095,ILHTHVPEV_A*02:01,tcr451,0
immrep8096,YESYIPGAL_B*40:01,tcr579,0
immrep8097,YENGSTPVL_B*40:01,tcr960,0
immrep8098,YESYIPGAL_B*40:01,tcr124,0
immrep8099,MTDYDYLEV_A*02:01,tcr192,0
immrep8100,GENALTYAL_B*40:01,tcr656,0
immrep8101,ILMHATYFL_A*02:01,tcr344,0
immrep8102,SQFNWTIYL_A*02:01,tcr543,0
immrep8103,YENGSTPVL_B*40:01,tcr854,0
immrep8104,FEAQPGALL_B*40:01,tcr970,0
immrep8105,ILHTHVPEV_A*02:01,tcr861,0
immrep8106,MENWSALEL_B*40:01,tcr128,0
immrep8107,MEMPDYLLL_B*40:01,tcr738,0
immrep8108,GENALTYAL_B*40:01,tcr892,0
immrep8109,GENALTYAL_B*40:01,tcr899,0
immrep8110,ILHTHVPEV_A*02:01,tcr437,0
immrep8111,HLDDYPYLM_A*02:01,tcr711,0
immrep8112,GEVLACYAL_B*40:01,tcr76,0
immrep8113,SEESAFYVL_B*40:01,tcr145,0
immrep8114,YLFNADIWI_A*02:01,tcr185,0
immrep8115,SQFNWTIYL_A*02:01,tcr471,0
immrep8116,YLFNADIWI_A*02:01,tcr833,0
immrep8117,YMFYDGYDV_A*02:01,tcr345,0
immrep8118,YLFNADIWI_A*02:01,tcr814,0
immrep8119,KLYPFLWFA_A*02:01,tcr858,0
immrep8120,YLFNADIWI_A*02:01,tcr442,0
immrep8121,GENALTYAL_B*40:01,tcr176,0
immrep8122,YLFNADIWI_A*02:01,tcr688,0
immrep8123,YEDGVIFYL_B*40:01,tcr362,0
immrep8124,SEESAFYVL_B*40:01,tcr943,0
immrep8125,FLDCKSYIL_A*02:01,tcr729,0
immrep8126,YESYIPGAL_B*40:01,tcr15,0
immrep8127,FLDCKSYIL_A*02:01,tcr924,0
immrep8128,MEMPDYLLL_B*40:01,tcr462,0
immrep8129,FLDCKSYIL_A*02:01,tcr165,0
immrep8130,REDDYSVWL_B*40:01,tcr410,0
immrep8131,YEDGVIFYL_B*40:01,tcr614,0
immrep8132,FLDCKSYIL_A*02:01,tcr451,0
immrep8133,TVYPYGTSL_A*02:01,tcr942,0
immrep8134,ILMHATYFL_A*02:01,tcr522,0
immrep8135,SEESAFYVL_B*40:01,tcr721,0
immrep8136,TVYPYGTSL_A*02:01,tcr505,0
immrep8137,YEDGVIFYL_B*40:01,tcr146,0
immrep8138,YLFNADIWI_A*02:01,tcr42,0
immrep8139,ILHTHVPEV_A*02:01,tcr36,0
immrep8140,REDDYSVWL_B*40:01,tcr678,0
immrep8141,GEVLACYAL_B*40:01,tcr169,0
immrep8142,MENWSALEL_B*40:01,tcr237,0
immrep8143,YEDGVIFYL_B*40:01,tcr876,0
immrep8144,GENALTYAL_B*40:01,tcr361,0
immrep8145,KLYPFLWFA_A*02:01,tcr777,0
immrep8146,FEAQPGALL_B*40:01,tcr407,0
immrep8147,ILMHATYFL_A*02:01,tcr222,0
immrep8148,FEAQPGALL_B*40:01,tcr599,0
immrep8149,YESYIPGAL_B*40:01,tcr251,0
immrep8150,YENGSTPVL_B*40:01,tcr542,0
immrep8151,YMFYDGYDV_A*02:01,tcr722,0
immrep8152,FLDCKSYIL_A*02:01,tcr417,0
immrep8153,TVYPYGTSL_A*02:01,tcr563,0
immrep8154,GEVLACYAL_B*40:01,tcr841,0
immrep8155,YENGSTPVL_B*40:01,tcr782,0
immrep8156,FEAQPGALL_B*40:01,tcr719,0
immrep8157,YLFNADIWI_A*02:01,tcr261,0
immrep8158,YENGSTPVL_B*40:01,tcr38,0
immrep8159,YMFYDGYDV_A*02:01,tcr165,0
immrep8160,HLDDYPYLM_A*02:01,tcr50,0
immrep8161,YENGSTPVL_B*40:01,tcr700,0
immrep8162,SEESAFYVL_B*40:01,tcr904,0
immrep8163,SQFNWTIYL_A*02:01,tcr71,0
immrep8164,REDDYSVWL_B*40:01,tcr299,0
immrep8165,SQFNWTIYL_A*02:01,tcr856,0
immrep8166,MEMPDYLLL_B*40:01,tcr607,0
immrep8167,FLDCKSYIL_A*02:01,tcr418,0
immrep8168,KLYPFLWFA_A*02:01,tcr861,0
immrep8169,YESYIPGAL_B*40:01,tcr38,0
immrep8170,FEAQPGALL_B*40:01,tcr118,0
immrep8171,GENALTYAL_B*40:01,tcr409,0
immrep8172,TVYPYGTSL_A*02:01,tcr360,0
immrep8173,HLDDYPYLM_A*02:01,tcr162,0
immrep8174,MENWSALEL_B*40:01,tcr171,0
immrep8175,REDDYSVWL_B*40:01,tcr773,0
immrep8176,YESYIPGAL_B*40:01,tcr778,0
immrep8177,HLDDYPYLM_A*02:01,tcr815,0
immrep8178,REDDYSVWL_B*40:01,tcr98,0
immrep8179,FLDCKSYIL_A*02:01,tcr713,0
immrep8180,REDDYSVWL_B*40:01,tcr447,0
immrep8181,YENGSTPVL_B*40:01,tcr498,0
immrep8182,TVYPYGTSL_A*02:01,tcr939,0
immrep8183,YESYIPGAL_B*40:01,tcr648,0
immrep8184,YLFNADIWI_A*02:01,tcr415,0
immrep8185,HLDDYPYLM_A*02:01,tcr135,0
immrep8186,FEAQPGALL_B*40:01,tcr885,0
immrep8187,SQFNWTIYL_A*02:01,tcr666,0
immrep8188,FLDCKSYIL_A*02:01,tcr795,0
immrep8189,KLYPFLWFA_A*02:01,tcr287,0
immrep8190,YENGSTPVL_B*40:01,tcr925,0
immrep8191,SEESAFYVL_B*40:01,tcr90,0
immrep8192,FEAQPGALL_B*40:01,tcr690,0
immrep8193,YLFNADIWI_A*02:01,tcr694,0
immrep8194,ILHTHVPEV_A*02:01,tcr589,0
immrep8195,YEDGVIFYL_B*40:01,tcr885,0
immrep8196,FEAQPGALL_B*40:01,tcr277,0
immrep8197,MTDYDYLEV_A*02:01,tcr88,0
immrep8198,MTDYDYLEV_A*02:01,tcr595,0
immrep8199,MTDYDYLEV_A*02:01,tcr732,0
immrep8200,ILHTHVPEV_A*02:01,tcr139,0
immrep8201,HLDDYPYLM_A*02:01,tcr605,0
immrep8202,GEVLACYAL_B*40:01,tcr392,0
immrep8203,REDDYSVWL_B*40:01,tcr917,0
immrep8204,GENALTYAL_B*40:01,tcr374,0
immrep8205,ILMHATYFL_A*02:01,tcr944,0
immrep8206,ILHTHVPEV_A*02:01,tcr192,0
immrep8207,FEAQPGALL_B*40:01,tcr490,0
immrep8208,GEVLACYAL_B*40:01,tcr920,0
immrep8209,GEVLACYAL_B*40:01,tcr865,0
immrep8210,GENALTYAL_B*40:01,tcr498,0
immrep8211,FLDCKSYIL_A*02:01,tcr814,0
immrep8212,YMFYDGYDV_A*02:01,tcr338,0
immrep8213,MEMPDYLLL_B*40:01,tcr455,0
immrep8214,HLDDYPYLM_A*02:01,tcr864,0
immrep8215,ILMHATYFL_A*02:01,tcr895,0
immrep8216,REDDYSVWL_B*40:01,tcr828,0
immrep8217,FEAQPGALL_B*40:01,tcr426,0
immrep8218,MENWSALEL_B*40:01,tcr542,0
immrep8219,FEAQPGALL_B*40:01,tcr404,0
immrep8220,ILMHATYFL_A*02:01,tcr324,0
immrep8221,KLYPFLWFA_A*02:01,tcr264,0
immrep8222,HLDDYPYLM_A*02:01,tcr619,0
immrep8223,SEESAFYVL_B*40:01,tcr431,0
immrep8224,FLDCKSYIL_A*02:01,tcr689,0
immrep8225,YENGSTPVL_B*40:01,tcr321,0
immrep8226,KLYPFLWFA_A*02:01,tcr710,0
immrep8227,MTDYDYLEV_A*02:01,tcr207,0
immrep8228,MTDYDYLEV_A*02:01,tcr594,0
immrep8229,MENWSALEL_B*40:01,tcr977,0
immrep8230,GENALTYAL_B*40:01,tcr851,0
immrep8231,GENALTYAL_B*40:01,tcr235,0
immrep8232,SQFNWTIYL_A*02:01,tcr805,0
immrep8233,GEVLACYAL_B*40:01,tcr905,0
immrep8234,ILMHATYFL_A*02:01,tcr328,0
immrep8235,YMFYDGYDV_A*02:01,tcr459,0
immrep8236,YEDGVIFYL_B*40:01,tcr919,0
immrep8237,MTDYDYLEV_A*02:01,tcr816,0
immrep8238,YENGSTPVL_B*40:01,tcr602,0
immrep8239,YESYIPGAL_B*40:01,tcr269,0
immrep8240,MEMPDYLLL_B*40:01,tcr311,0
immrep8241,YLFNADIWI_A*02:01,tcr319,0
immrep8242,MEMPDYLLL_B*40:01,tcr882,0
immrep8243,YESYIPGAL_B*40:01,tcr150,0
immrep8244,YEDGVIFYL_B*40:01,tcr727,0
immrep8245,TVYPYGTSL_A*02:01,tcr212,0
immrep8246,MENWSALEL_B*40:01,tcr506,0
immrep8247,YEDGVIFYL_B*40:01,tcr853,0
immrep8248,TVYPYGTSL_A*02:01,tcr281,0
immrep8249,SEESAFYVL_B*40:01,tcr354,0
immrep8250,MEMPDYLLL_B*40:01,tcr853,0
immrep8251,ILMHATYFL_A*02:01,tcr832,0
immrep8252,MENWSALEL_B*40:01,tcr869,0
immrep8253,ILMHATYFL_A*02:01,tcr156,0
immrep8254,FLDCKSYIL_A*02:01,tcr94,0
immrep8255,ILHTHVPEV_A*02:01,tcr378,0
immrep8256,FLDCKSYIL_A*02:01,tcr588,0
immrep8257,MEMPDYLLL_B*40:01,tcr188,0
immrep8258,SQFNWTIYL_A*02:01,tcr572,0
immrep8259,MTDYDYLEV_A*02:01,tcr268,0
immrep8260,YLFNADIWI_A*02:01,tcr560,0
immrep8261,SEESAFYVL_B*40:01,tcr33,0
immrep8262,KLYPFLWFA_A*02:01,tcr121,0
immrep8263,GEVLACYAL_B*40:01,tcr953,0
immrep8264,MTDYDYLEV_A*02:01,tcr406,0
immrep8265,MENWSALEL_B*40:01,tcr164,0
immrep8266,GENALTYAL_B*40:01,tcr859,0
immrep8267,MEMPDYLLL_B*40:01,tcr977,0
immrep8268,HLDDYPYLM_A*02:01,tcr863,0
immrep8269,HLDDYPYLM_A*02:01,tcr414,0
immrep8270,YLFNADIWI_A*02:01,tcr567,0
immrep8271,KLYPFLWFA_A*02:01,tcr256,0
immrep8272,GEVLACYAL_B*40:01,tcr663,0
immrep8273,SQFNWTIYL_A*02:01,tcr434,0
immrep8274,MENWSALEL_B*40:01,tcr107,0
immrep8275,SQFNWTIYL_A*02:01,tcr790,0
immrep8276,ILMHATYFL_A*02:01,tcr766,0
immrep8277,HLDDYPYLM_A*02:01,tcr349,0
immrep8278,YMFYDGYDV_A*02:01,tcr868,0
immrep8279,REDDYSVWL_B*40:01,tcr452,0
immrep8280,SEESAFYVL_B*40:01,tcr110,0
immrep8281,REDDYSVWL_B*40:01,tcr736,0
immrep8282,GEVLACYAL_B*40:01,tcr391,0
immrep8283,REDDYSVWL_B*40:01,tcr607,0
immrep8284,REDDYSVWL_B*40:01,tcr181,0
immrep8285,YEDGVIFYL_B*40:01,tcr602,0
immrep8286,ILHTHVPEV_A*02:01,tcr395,0
immrep8287,KLYPFLWFA_A*02:01,tcr747,0
immrep8288,FEAQPGALL_B*40:01,tcr33,0
immrep8289,SEESAFYVL_B*40:01,tcr697,0
immrep8290,YENGSTPVL_B*40:01,tcr698,0
immrep8291,HLDDYPYLM_A*02:01,tcr91,0
immrep8292,MEMPDYLLL_B*40:01,tcr774,0
immrep8293,TVYPYGTSL_A*02:01,tcr784,0
immrep8294,MENWSALEL_B*40:01,tcr462,0
immrep8295,MEMPDYLLL_B*40:01,tcr167,0
immrep8296,ILMHATYFL_A*02:01,tcr287,0
immrep8297,REDDYSVWL_B*40:01,tcr959,0
immrep8298,FLDCKSYIL_A*02:01,tcr554,0
immrep8299,ILHTHVPEV_A*02:01,tcr175,0
immrep8300,YMFYDGYDV_A*02:01,tcr222,0
immrep8301,SEESAFYVL_B*40:01,tcr604,0
immrep8302,SQFNWTIYL_A*02:01,tcr389,0
immrep8303,YLFNADIWI_A*02:01,tcr714,0
immrep8304,YMFYDGYDV_A*02:01,tcr193,0
immrep8305,ILMHATYFL_A*02:01,tcr256,0
immrep8306,SEESAFYVL_B*40:01,tcr234,0
immrep8307,REDDYSVWL_B*40:01,tcr146,0
immrep8308,KLYPFLWFA_A*02:01,tcr677,0
immrep8309,MTDYDYLEV_A*02:01,tcr291,0
immrep8310,GEVLACYAL_B*40:01,tcr498,0
immrep8311,YENGSTPVL_B*40:01,tcr606,0
immrep8312,MEMPDYLLL_B*40:01,tcr839,0
immrep8313,SEESAFYVL_B*40:01,tcr953,0
immrep8314,MEMPDYLLL_B*40:01,tcr782,0
immrep8315,FLDCKSYIL_A*02:01,tcr688,0
immrep8316,ILHTHVPEV_A*02:01,tcr820,0
immrep8317,REDDYSVWL_B*40:01,tcr354,0
immrep8318,MENWSALEL_B*40:01,tcr265,0
immrep8319,YLFNADIWI_A*02:01,tcr221,0
immrep8320,KLYPFLWFA_A*02:01,tcr803,0
immrep8321,GEVLACYAL_B*40:01,tcr38,0
immrep8322,SQFNWTIYL_A*02:01,tcr23,0
immrep8323,FLDCKSYIL_A*02:01,tcr992,0
immrep8324,GEVLACYAL_B*40:01,tcr405,0
immrep8325,KLYPFLWFA_A*02:01,tcr991,0
immrep8326,FLDCKSYIL_A*02:01,tcr522,0
immrep8327,HLDDYPYLM_A*02:01,tcr789,0
immrep8328,YMFYDGYDV_A*02:01,tcr56,0
immrep8329,MENWSALEL_B*40:01,tcr115,0
immrep8330,SEESAFYVL_B*40:01,tcr147,0
immrep8331,GEVLACYAL_B*40:01,tcr538,0
immrep8332,MEMPDYLLL_B*40:01,tcr197,0
immrep8333,ILMHATYFL_A*02:01,tcr918,0
immrep8334,TVYPYGTSL_A*02:01,tcr765,0
immrep8335,YESYIPGAL_B*40:01,tcr828,0
immrep8336,YENGSTPVL_B*40:01,tcr74,0
immrep8337,FEAQPGALL_B*40:01,tcr646,0
immrep8338,KLYPFLWFA_A*02:01,tcr932,0
immrep8339,GENALTYAL_B*40:01,tcr114,0
immrep8340,SQFNWTIYL_A*02:01,tcr872,0
immrep8341,HLDDYPYLM_A*02:01,tcr934,0
immrep8342,YEDGVIFYL_B*40:01,tcr472,0
immrep8343,FLDCKSYIL_A*02:01,tcr942,0
immrep8344,YENGSTPVL_B*40:01,tcr485,0
immrep8345,YLFNADIWI_A*02:01,tcr931,0
immrep8346,GENALTYAL_B*40:01,tcr977,0
immrep8347,MTDYDYLEV_A*02:01,tcr137,0
immrep8348,GEVLACYAL_B*40:01,tcr788,0
immrep8349,MEMPDYLLL_B*40:01,tcr568,0
immrep8350,REDDYSVWL_B*40:01,tcr245,0
immrep8351,MTDYDYLEV_A*02:01,tcr671,0
immrep8352,MEMPDYLLL_B*40:01,tcr218,0
immrep8353,MEMPDYLLL_B*40:01,tcr965,0
immrep8354,KLYPFLWFA_A*02:01,tcr922,0
immrep8355,FLDCKSYIL_A*02:01,tcr872,0
immrep8356,YMFYDGYDV_A*02:01,tcr231,0
immrep8357,YLFNADIWI_A*02:01,tcr789,0
immrep8358,SEESAFYVL_B*40:01,tcr923,0
immrep8359,HLDDYPYLM_A*02:01,tcr976,0
immrep8360,SQFNWTIYL_A*02:01,tcr502,0
immrep8361,MTDYDYLEV_A*02:01,tcr743,0
immrep8362,MENWSALEL_B*40:01,tcr788,0
immrep8363,ILHTHVPEV_A*02:01,tcr569,0
immrep8364,ILMHATYFL_A*02:01,tcr73,0
immrep8365,KLYPFLWFA_A*02:01,tcr524,0
immrep8366,MENWSALEL_B*40:01,tcr126,0
immrep8367,GENALTYAL_B*40:01,tcr721,0
immrep8368,YLFNADIWI_A*02:01,tcr420,0
immrep8369,KLYPFLWFA_A*02:01,tcr756,0
immrep8370,FLDCKSYIL_A*02:01,tcr370,0
immrep8371,FEAQPGALL_B*40:01,tcr124,0
immrep8372,SQFNWTIYL_A*02:01,tcr440,0
immrep8373,TVYPYGTSL_A*02:01,tcr732,0
immrep8374,YEDGVIFYL_B*40:01,tcr775,0
immrep8375,ILHTHVPEV_A*02:01,tcr707,0
immrep8376,YESYIPGAL_B*40:01,tcr952,0
immrep8377,SQFNWTIYL_A*02:01,tcr616,0
immrep8378,YESYIPGAL_B*40:01,tcr911,0
immrep8379,ILHTHVPEV_A*02:01,tcr278,0
immrep8380,SQFNWTIYL_A*02:01,tcr993,0
immrep8381,TVYPYGTSL_A*02:01,tcr714,0
immrep8382,GEVLACYAL_B*40:01,tcr116,0
immrep8383,MENWSALEL_B*40:01,tcr83,0
immrep8384,GENALTYAL_B*40:01,tcr472,0
immrep8385,ILHTHVPEV_A*02:01,tcr585,0
immrep8386,GEVLACYAL_B*40:01,tcr387,0
immrep8387,YENGSTPVL_B*40:01,tcr98,0
immrep8388,SQFNWTIYL_A*02:01,tcr99,0
immrep8389,FEAQPGALL_B*40:01,tcr107,0
immrep8390,REDDYSVWL_B*40:01,tcr189,0
immrep8391,KLYPFLWFA_A*02:01,tcr427,0
immrep8392,MTDYDYLEV_A*02:01,tcr170,0
immrep8393,MENWSALEL_B*40:01,tcr350,0
immrep8394,SEESAFYVL_B*40:01,tcr780,0
immrep8395,MENWSALEL_B*40:01,tcr211,0
immrep8396,YLFNADIWI_A*02:01,tcr879,0
immrep8397,SQFNWTIYL_A*02:01,tcr864,0
immrep8398,FLDCKSYIL_A*02:01,tcr239,0
immrep8399,MTDYDYLEV_A*02:01,tcr590,0
immrep8400,HLDDYPYLM_A*02:01,tcr352,0
immrep8401,FEAQPGALL_B*40:01,tcr807,0
immrep8402,SQFNWTIYL_A*02:01,tcr808,0
immrep8403,KLYPFLWFA_A*02:01,tcr403,0
immrep8404,ILMHATYFL_A*02:01,tcr343,0
immrep8405,TVYPYGTSL_A*02:01,tcr930,0
immrep8406,MENWSALEL_B*40:01,tcr570,0
immrep8407,FEAQPGALL_B*40:01,tcr303,0
immrep8408,SQFNWTIYL_A*02:01,tcr924,0
immrep8409,YESYIPGAL_B*40:01,tcr351,0
immrep8410,REDDYSVWL_B*40:01,tcr697,0
immrep8411,YENGSTPVL_B*40:01,tcr300,0
immrep8412,SEESAFYVL_B*40:01,tcr900,0
immrep8413,ILHTHVPEV_A*02:01,tcr415,0
immrep8414,YESYIPGAL_B*40:01,tcr718,0
immrep8415,YESYIPGAL_B*40:01,tcr819,0
immrep8416,TVYPYGTSL_A*02:01,tcr207,0
immrep8417,YESYIPGAL_B*40:01,tcr780,0
immrep8418,TVYPYGTSL_A*02:01,tcr820,0
immrep8419,MENWSALEL_B*40:01,tcr533,0
immrep8420,REDDYSVWL_B*40:01,tcr781,0
immrep8421,FEAQPGALL_B*40:01,tcr130,0
immrep8422,TVYPYGTSL_A*02:01,tcr713,0
immrep8423,SEESAFYVL_B*40:01,tcr364,0
immrep8424,YMFYDGYDV_A*02:01,tcr653,0
immrep8425,YESYIPGAL_B*40:01,tcr783,0
immrep8426,REDDYSVWL_B*40:01,tcr506,0
immrep8427,YEDGVIFYL_B*40:01,tcr297,0
immrep8428,YLFNADIWI_A*02:01,tcr135,0
immrep8429,YENGSTPVL_B*40:01,tcr107,0
immrep8430,SQFNWTIYL_A*02:01,tcr717,0
immrep8431,FEAQPGALL_B*40:01,tcr587,0
immrep8432,MENWSALEL_B*40:01,tcr959,0
immrep8433,GEVLACYAL_B*40:01,tcr109,0
immrep8434,KLYPFLWFA_A*02:01,tcr787,0
immrep8435,FEAQPGALL_B*40:01,tcr728,0
immrep8436,KLYPFLWFA_A*02:01,tcr860,0
immrep8437,FEAQPGALL_B*40:01,tcr371,0
immrep8438,MENWSALEL_B*40:01,tcr645,0
immrep8439,MENWSALEL_B*40:01,tcr148,0
immrep8440,YESYIPGAL_B*40:01,tcr890,0
immrep8441,FEAQPGALL_B*40:01,tcr314,0
immrep8442,GEVLACYAL_B*40:01,tcr568,0
immrep8443,YEDGVIFYL_B*40:01,tcr126,0
immrep8444,REDDYSVWL_B*40:01,tcr690,0
immrep8445,YENGSTPVL_B*40:01,tcr37,0
immrep8446,YENGSTPVL_B*40:01,tcr466,0
immrep8447,TVYPYGTSL_A*02:01,tcr271,0
immrep8448,ILHTHVPEV_A*02:01,tcr763,0
immrep8449,YESYIPGAL_B*40:01,tcr660,0
immrep8450,YMFYDGYDV_A*02:01,tcr983,0
immrep8451,YESYIPGAL_B*40:01,tcr322,0
immrep8452,SEESAFYVL_B*40:01,tcr489,0
immrep8453,ILHTHVPEV_A*02:01,tcr765,0
immrep8454,SEESAFYVL_B*40:01,tcr235,0
immrep8455,KLYPFLWFA_A*02:01,tcr653,0
immrep8456,REDDYSVWL_B*40:01,tcr41,0
immrep8457,SQFNWTIYL_A*02:01,tcr449,0
immrep8458,MEMPDYLLL_B*40:01,tcr917,0
immrep8459,SEESAFYVL_B*40:01,tcr216,0
immrep8460,YEDGVIFYL_B*40:01,tcr265,0
immrep8461,ILMHATYFL_A*02:01,tcr43,0
immrep8462,MEMPDYLLL_B*40:01,tcr374,0
immrep8463,YENGSTPVL_B*40:01,tcr323,0
immrep8464,YMFYDGYDV_A*02:01,tcr731,0
immrep8465,YMFYDGYDV_A*02:01,tcr817,0
immrep8466,SQFNWTIYL_A*02:01,tcr378,0
immrep8467,MENWSALEL_B*40:01,tcr359,0
immrep8468,MEMPDYLLL_B*40:01,tcr236,0
immrep8469,TVYPYGTSL_A*02:01,tcr672,0
immrep8470,YESYIPGAL_B*40:01,tcr285,0
immrep8471,FLDCKSYIL_A*02:01,tcr295,0
immrep8472,KLYPFLWFA_A*02:01,tcr856,0
immrep8473,YMFYDGYDV_A*02:01,tcr918,0
immrep8474,REDDYSVWL_B*40:01,tcr679,0
immrep8475,MTDYDYLEV_A*02:01,tcr967,0
immrep8476,SEESAFYVL_B*40:01,tcr799,0
immrep8477,YLFNADIWI_A*02:01,tcr689,0
immrep8478,KLYPFLWFA_A*02:01,tcr449,0
immrep8479,SEESAFYVL_B*40:01,tcr520,0
immrep8480,SQFNWTIYL_A*02:01,tcr979,0
immrep8481,YENGSTPVL_B*40:01,tcr623,0
immrep8482,SQFNWTIYL_A*02:01,tcr241,0
immrep8483,MTDYDYLEV_A*02:01,tcr741,0
immrep8484,MTDYDYLEV_A*02:01,tcr486,0
immrep8485,FLDCKSYIL_A*02:01,tcr345,0
immrep8486,FEAQPGALL_B*40:01,tcr566,0
immrep8487,GEVLACYAL_B*40:01,tcr329,0
immrep8488,YMFYDGYDV_A*02:01,tcr454,0
immrep8489,YMFYDGYDV_A*02:01,tcr21,0
immrep8490,SQFNWTIYL_A*02:01,tcr324,0
immrep8491,FLDCKSYIL_A*02:01,tcr103,0
immrep8492,SQFNWTIYL_A*02:01,tcr264,0
immrep8493,YEDGVIFYL_B*40:01,tcr566,0
immrep8494,KLYPFLWFA_A*02:01,tcr796,0
immrep8495,SEESAFYVL_B*40:01,tcr79,0
immrep8496,GENALTYAL_B*40:01,tcr333,0
immrep8497,ILMHATYFL_A*02:01,tcr940,0
immrep8498,HLDDYPYLM_A*02:01,tcr861,0
immrep8499,YESYIPGAL_B*40:01,tcr812,0
immrep8500,YLFNADIWI_A*02:01,tcr215,0
immrep8501,GENALTYAL_B*40:01,tcr101,0
immrep8502,MENWSALEL_B*40:01,tcr618,0
immrep8503,SQFNWTIYL_A*02:01,tcr531,0
immrep8504,FLDCKSYIL_A*02:01,tcr253,0
immrep8505,GEVLACYAL_B*40:01,tcr299,0
immrep8506,FLDCKSYIL_A*02:01,tcr560,0
immrep8507,YESYIPGAL_B*40:01,tcr847,0
immrep8508,FEAQPGALL_B*40:01,tcr840,0
immrep8509,MENWSALEL_B*40:01,tcr5,0
immrep8510,YENGSTPVL_B*40:01,tcr914,0
immrep8511,TVYPYGTSL_A*02:01,tcr858,0
immrep8512,YESYIPGAL_B*40:01,tcr171,0
immrep8513,SQFNWTIYL_A*02:01,tcr141,0
immrep8514,ILHTHVPEV_A*02:01,tcr337,0
immrep8515,FLDCKSYIL_A*02:01,tcr563,0
immrep8516,SEESAFYVL_B*40:01,tcr519,0
immrep8517,YENGSTPVL_B*40:01,tcr150,0
immrep8518,MTDYDYLEV_A*02:01,tcr680,0
immrep8519,MEMPDYLLL_B*40:01,tcr875,0
immrep8520,YESYIPGAL_B*40:01,tcr916,0
immrep8521,GEVLACYAL_B*40:01,tcr202,0
immrep8522,SQFNWTIYL_A*02:01,tcr594,0
immrep8523,MEMPDYLLL_B*40:01,tcr580,0
immrep8524,MEMPDYLLL_B*40:01,tcr47,0
immrep8525,SEESAFYVL_B*40:01,tcr902,0
immrep8526,YMFYDGYDV_A*02:01,tcr942,0
immrep8527,ILHTHVPEV_A*02:01,tcr962,0
immrep8528,SQFNWTIYL_A*02:01,tcr793,0
immrep8529,YEDGVIFYL_B*40:01,tcr973,0
immrep8530,ILMHATYFL_A*02:01,tcr494,0
immrep8531,FLDCKSYIL_A*02:01,tcr352,0
immrep8532,GENALTYAL_B*40:01,tcr155,0
immrep8533,GENALTYAL_B*40:01,tcr463,0
immrep8534,YENGSTPVL_B*40:01,tcr866,0
immrep8535,KLYPFLWFA_A*02:01,tcr578,0
immrep8536,YENGSTPVL_B*40:01,tcr757,0
immrep8537,FEAQPGALL_B*40:01,tcr115,0
immrep8538,KLYPFLWFA_A*02:01,tcr182,0
immrep8539,GEVLACYAL_B*40:01,tcr659,0
immrep8540,TVYPYGTSL_A*02:01,tcr791,0
immrep8541,SEESAFYVL_B*40:01,tcr0,0
immrep8542,GEVLACYAL_B*40:01,tcr536,0
immrep8543,SQFNWTIYL_A*02:01,tcr206,0
immrep8544,SQFNWTIYL_A*02:01,tcr747,0
immrep8545,FLDCKSYIL_A*02:01,tcr427,0
immrep8546,MEMPDYLLL_B*40:01,tcr297,0
immrep8547,YEDGVIFYL_B*40:01,tcr986,0
immrep8548,ILMHATYFL_A*02:01,tcr95,0
immrep8549,YEDGVIFYL_B*40:01,tcr584,0
immrep8550,YESYIPGAL_B*40:01,tcr603,0
immrep8551,TVYPYGTSL_A*02:01,tcr108,0
immrep8552,HLDDYPYLM_A*02:01,tcr957,0
immrep8553,YMFYDGYDV_A*02:01,tcr358,0
immrep8554,GEVLACYAL_B*40:01,tcr458,0
immrep8555,YMFYDGYDV_A*02:01,tcr419,0
immrep8556,ILMHATYFL_A*02:01,tcr710,0
immrep8557,MENWSALEL_B*40:01,tcr34,0
immrep8558,MEMPDYLLL_B*40:01,tcr38,0
immrep8559,TVYPYGTSL_A*02:01,tcr567,0
immrep8560,KLYPFLWFA_A*02:01,tcr61,0
immrep8561,GEVLACYAL_B*40:01,tcr845,0
immrep8562,ILHTHVPEV_A*02:01,tcr108,0
immrep8563,SQFNWTIYL_A*02:01,tcr56,0
immrep8564,GEVLACYAL_B*40:01,tcr799,0
immrep8565,YMFYDGYDV_A*02:01,tcr208,0
immrep8566,MTDYDYLEV_A*02:01,tcr983,0
immrep8567,YESYIPGAL_B*40:01,tcr176,0
immrep8568,KLYPFLWFA_A*02:01,tcr366,0
immrep8569,GEVLACYAL_B*40:01,tcr615,0
immrep8570,ILHTHVPEV_A*02:01,tcr751,0
immrep8571,YESYIPGAL_B*40:01,tcr283,0
immrep8572,FEAQPGALL_B*40:01,tcr322,0
immrep8573,REDDYSVWL_B*40:01,tcr439,0
immrep8574,ILMHATYFL_A*02:01,tcr44,0
immrep8575,HLDDYPYLM_A*02:01,tcr487,0
immrep8576,MTDYDYLEV_A*02:01,tcr75,0
immrep8577,YLFNADIWI_A*02:01,tcr784,0
immrep8578,ILMHATYFL_A*02:01,tcr327,0
immrep8579,REDDYSVWL_B*40:01,tcr855,0
immrep8580,YEDGVIFYL_B*40:01,tcr989,0
immrep8581,FLDCKSYIL_A*02:01,tcr486,0
immrep8582,SEESAFYVL_B*40:01,tcr557,0
immrep8583,MENWSALEL_B*40:01,tcr929,0
immrep8584,MENWSALEL_B*40:01,tcr855,0
immrep8585,YEDGVIFYL_B*40:01,tcr577,0
immrep8586,REDDYSVWL_B*40:01,tcr77,0
immrep8587,MENWSALEL_B*40:01,tcr598,0
immrep8588,YEDGVIFYL_B*40:01,tcr665,0
immrep8589,ILHTHVPEV_A*02:01,tcr683,0
immrep8590,FEAQPGALL_B*40:01,tcr875,0
immrep8591,ILMHATYFL_A*02:01,tcr186,0
immrep8592,MENWSALEL_B*40:01,tcr975,0
immrep8593,ILMHATYFL_A*02:01,tcr676,0
immrep8594,MENWSALEL_B*40:01,tcr321,0
immrep8595,HLDDYPYLM_A*02:01,tcr664,0
immrep8596,YENGSTPVL_B*40:01,tcr508,0
immrep8597,ILMHATYFL_A*02:01,tcr221,0
immrep8598,YMFYDGYDV_A*02:01,tcr791,0
immrep8599,YENGSTPVL_B*40:01,tcr55,0
immrep8600,ILMHATYFL_A*02:01,tcr437,0
immrep8601,SQFNWTIYL_A*02:01,tcr168,0
immrep8602,GENALTYAL_B*40:01,tcr125,0
immrep8603,ILMHATYFL_A*02:01,tcr974,0
immrep8604,YENGSTPVL_B*40:01,tcr973,0
immrep8605,YLFNADIWI_A*02:01,tcr140,0
immrep8606,REDDYSVWL_B*40:01,tcr898,0
immrep8607,MEMPDYLLL_B*40:01,tcr216,0
immrep8608,FLDCKSYIL_A*02:01,tcr308,0
immrep8609,KLYPFLWFA_A*02:01,tcr177,0
immrep8610,YESYIPGAL_B*40:01,tcr788,0
immrep8611,YMFYDGYDV_A*02:01,tcr89,0
immrep8612,MTDYDYLEV_A*02:01,tcr454,0
immrep8613,GEVLACYAL_B*40:01,tcr132,0
immrep8614,YESYIPGAL_B*40:01,tcr615,0
immrep8615,ILMHATYFL_A*02:01,tcr207,0
immrep8616,REDDYSVWL_B*40:01,tcr276,0
immrep8617,ILMHATYFL_A*02:01,tcr427,0
immrep8618,FEAQPGALL_B*40:01,tcr333,0
immrep8619,REDDYSVWL_B*40:01,tcr902,0
immrep8620,MTDYDYLEV_A*02:01,tcr44,0
immrep8621,MEMPDYLLL_B*40:01,tcr280,0
immrep8622,GEVLACYAL_B*40:01,tcr712,0
immrep8623,MENWSALEL_B*40:01,tcr410,0
immrep8624,YMFYDGYDV_A*02:01,tcr815,0
immrep8625,MEMPDYLLL_B*40:01,tcr515,0
immrep8626,MTDYDYLEV_A*02:01,tcr295,0
immrep8627,YESYIPGAL_B*40:01,tcr608,0
immrep8628,YLFNADIWI_A*02:01,tcr616,0
immrep8629,YENGSTPVL_B*40:01,tcr727,0
immrep8630,ILHTHVPEV_A*02:01,tcr149,0
immrep8631,MTDYDYLEV_A*02:01,tcr432,0
immrep8632,HLDDYPYLM_A*02:01,tcr765,0
immrep8633,ILMHATYFL_A*02:01,tcr930,0
immrep8634,FEAQPGALL_B*40:01,tcr158,0
immrep8635,SQFNWTIYL_A*02:01,tcr22,0
immrep8636,MTDYDYLEV_A*02:01,tcr441,0
immrep8637,ILHTHVPEV_A*02:01,tcr320,0
immrep8638,ILMHATYFL_A*02:01,tcr214,0
immrep8639,YEDGVIFYL_B*40:01,tcr608,0
immrep8640,MEMPDYLLL_B*40:01,tcr425,0
immrep8641,YLFNADIWI_A*02:01,tcr18,0
immrep8642,YLFNADIWI_A*02:01,tcr138,0
immrep8643,YEDGVIFYL_B*40:01,tcr211,0
immrep8644,MTDYDYLEV_A*02:01,tcr750,0
immrep8645,MEMPDYLLL_B*40:01,tcr125,0
immrep8646,MENWSALEL_B*40:01,tcr84,0
immrep8647,SQFNWTIYL_A*02:01,tcr560,0
immrep8648,SEESAFYVL_B*40:01,tcr829,0
immrep8649,MTDYDYLEV_A*02:01,tcr343,0
immrep8650,REDDYSVWL_B*40:01,tcr844,0
immrep8651,SQFNWTIYL_A*02:01,tcr496,0
immrep8652,FEAQPGALL_B*40:01,tcr508,0
immrep8653,REDDYSVWL_B*40:01,tcr819,0
immrep8654,YLFNADIWI_A*02:01,tcr272,0
immrep8655,YLFNADIWI_A*02:01,tcr613,0
immrep8656,SEESAFYVL_B*40:01,tcr584,0
immrep8657,TVYPYGTSL_A*02:01,tcr7,0
immrep8658,KLYPFLWFA_A*02:01,tcr748,0
immrep8659,SEESAFYVL_B*40:01,tcr150,0
immrep8660,SEESAFYVL_B*40:01,tcr882,0
immrep8661,SEESAFYVL_B*40:01,tcr169,0
immrep8662,TVYPYGTSL_A*02:01,tcr653,0
immrep8663,YMFYDGYDV_A*02:01,tcr748,0
immrep8664,SQFNWTIYL_A*02:01,tcr539,0
immrep8665,ILHTHVPEV_A*02:01,tcr10,0
immrep8666,FLDCKSYIL_A*02:01,tcr613,0
immrep8667,YEDGVIFYL_B*40:01,tcr835,0
immrep8668,KLYPFLWFA_A*02:01,tcr430,0
immrep8669,YMFYDGYDV_A*02:01,tcr879,0
immrep8670,YENGSTPVL_B*40:01,tcr511,0
immrep8671,YLFNADIWI_A*02:01,tcr716,0
immrep8672,FLDCKSYIL_A*02:01,tcr509,0
immrep8673,GENALTYAL_B*40:01,tcr884,0
immrep8674,FLDCKSYIL_A*02:01,tcr7,0
immrep8675,REDDYSVWL_B*40:01,tcr260,0
immrep8676,YEDGVIFYL_B*40:01,tcr626,0
immrep8677,FLDCKSYIL_A*02:01,tcr226,0
immrep8678,HLDDYPYLM_A*02:01,tcr430,0
immrep8679,YLFNADIWI_A*02:01,tcr394,0
immrep8680,YENGSTPVL_B*40:01,tcr859,0
immrep8681,ILMHATYFL_A*02:01,tcr331,0
immrep8682,SEESAFYVL_B*40:01,tcr757,0
immrep8683,REDDYSVWL_B*40:01,tcr277,0
immrep8684,FLDCKSYIL_A*02:01,tcr22,0
immrep8685,MENWSALEL_B*40:01,tcr738,0
immrep8686,YEDGVIFYL_B*40:01,tcr466,0
immrep8687,HLDDYPYLM_A*02:01,tcr206,0
immrep8688,FLDCKSYIL_A*02:01,tcr692,0
immrep8689,GENALTYAL_B*40:01,tcr161,0
immrep8690,YMFYDGYDV_A*02:01,tcr99,0
immrep8691,YESYIPGAL_B*40:01,tcr975,0
immrep8692,FEAQPGALL_B*40:01,tcr799,0
immrep8693,YLFNADIWI_A*02:01,tcr966,0
immrep8694,FEAQPGALL_B*40:01,tcr948,0
immrep8695,FEAQPGALL_B*40:01,tcr475,0
immrep8696,REDDYSVWL_B*40:01,tcr384,0
immrep8697,MEMPDYLLL_B*40:01,tcr871,0
immrep8698,ILHTHVPEV_A*02:01,tcr471,0
immrep8699,GEVLACYAL_B*40:01,tcr916,0
immrep8700,GEVLACYAL_B*40:01,tcr825,0
immrep8701,TVYPYGTSL_A*02:01,tcr358,0
immrep8702,TVYPYGTSL_A*02:01,tcr936,0
immrep8703,ILMHATYFL_A*02:01,tcr771,0
immrep8704,GENALTYAL_B*40:01,tcr538,0
immrep8705,FLDCKSYIL_A*02:01,tcr487,0
immrep8706,YEDGVIFYL_B*40:01,tcr13,0
immrep8707,REDDYSVWL_B*40:01,tcr188,0
immrep8708,FLDCKSYIL_A*02:01,tcr174,0
immrep8709,ILMHATYFL_A*02:01,tcr714,0
immrep8710,SEESAFYVL_B*40:01,tcr167,0
immrep8711,MEMPDYLLL_B*40:01,tcr262,0
immrep8712,MENWSALEL_B*40:01,tcr398,0
immrep8713,GEVLACYAL_B*40:01,tcr362,0
immrep8714,GEVLACYAL_B*40:01,tcr179,0
immrep8715,YEDGVIFYL_B*40:01,tcr196,0
immrep8716,GEVLACYAL_B*40:01,tcr398,0
immrep8717,REDDYSVWL_B*40:01,tcr546,0
immrep8718,ILMHATYFL_A*02:01,tcr349,0
immrep8719,GEVLACYAL_B*40:01,tcr425,0
immrep8720,HLDDYPYLM_A*02:01,tcr894,0
immrep8721,YENGSTPVL_B*40:01,tcr647,0
immrep8722,ILMHATYFL_A*02:01,tcr808,0
immrep8723,HLDDYPYLM_A*02:01,tcr395,0
immrep8724,TVYPYGTSL_A*02:01,tcr790,0
immrep8725,YEDGVIFYL_B*40:01,tcr753,0
immrep8726,YENGSTPVL_B*40:01,tcr867,0
immrep8727,YLFNADIWI_A*02:01,tcr105,0
immrep8728,HLDDYPYLM_A*02:01,tcr294,0
immrep8729,SEESAFYVL_B*40:01,tcr948,0
immrep8730,MENWSALEL_B*40:01,tcr301,0
immrep8731,MENWSALEL_B*40:01,tcr782,0
immrep8732,HLDDYPYLM_A*02:01,tcr39,0
immrep8733,YEDGVIFYL_B*40:01,tcr0,0
immrep8734,YLFNADIWI_A*02:01,tcr286,0
immrep8735,YMFYDGYDV_A*02:01,tcr502,0
immrep8736,GEVLACYAL_B*40:01,tcr577,0
immrep8737,MEMPDYLLL_B*40:01,tcr906,0
immrep8738,TVYPYGTSL_A*02:01,tcr291,0
immrep8739,FEAQPGALL_B*40:01,tcr461,0
immrep8740,REDDYSVWL_B*40:01,tcr292,0
immrep8741,GENALTYAL_B*40:01,tcr431,0
immrep8742,MEMPDYLLL_B*40:01,tcr474,0
immrep8743,GEVLACYAL_B*40:01,tcr885,0
immrep8744,MENWSALEL_B*40:01,tcr445,0
immrep8745,YLFNADIWI_A*02:01,tcr496,0
immrep8746,MTDYDYLEV_A*02:01,tcr139,0
immrep8747,HLDDYPYLM_A*02:01,tcr798,0
immrep8748,FEAQPGALL_B*40:01,tcr871,0
immrep8749,FEAQPGALL_B*40:01,tcr388,0
immrep8750,GEVLACYAL_B*40:01,tcr283,0
immrep8751,YEDGVIFYL_B*40:01,tcr40,0
immrep8752,MENWSALEL_B*40:01,tcr840,0
immrep8753,KLYPFLWFA_A*02:01,tcr891,0
immrep8754,TVYPYGTSL_A*02:01,tcr595,0
immrep8755,GENALTYAL_B*40:01,tcr876,0
immrep8756,YEDGVIFYL_B*40:01,tcr923,0
immrep8757,MENWSALEL_B*40:01,tcr728,0
immrep8758,FEAQPGALL_B*40:01,tcr937,0
immrep8759,FEAQPGALL_B*40:01,tcr867,0
immrep8760,KLYPFLWFA_A*02:01,tcr206,0
immrep8761,TVYPYGTSL_A*02:01,tcr325,0
immrep8762,HLDDYPYLM_A*02:01,tcr805,0
immrep8763,GEVLACYAL_B*40:01,tcr772,0
immrep8764,SQFNWTIYL_A*02:01,tcr157,0
immrep8765,MEMPDYLLL_B*40:01,tcr436,0
immrep8766,YMFYDGYDV_A*02:01,tcr631,0
immrep8767,SEESAFYVL_B*40:01,tcr562,0
immrep8768,MENWSALEL_B*40:01,tcr81,0
immrep8769,ILMHATYFL_A*02:01,tcr725,0
immrep8770,ILHTHVPEV_A*02:01,tcr596,0
immrep8771,ILHTHVPEV_A*02:01,tcr368,0
immrep8772,HLDDYPYLM_A*02:01,tcr143,0
immrep8773,YENGSTPVL_B*40:01,tcr610,0
immrep8774,MEMPDYLLL_B*40:01,tcr13,0
immrep8775,GEVLACYAL_B*40:01,tcr190,0
immrep8776,MENWSALEL_B*40:01,tcr225,0
immrep8777,YMFYDGYDV_A*02:01,tcr935,0
immrep8778,MENWSALEL_B*40:01,tcr101,0
immrep8779,YMFYDGYDV_A*02:01,tcr471,0
immrep8780,YENGSTPVL_B*40:01,tcr527,0
immrep8781,ILHTHVPEV_A*02:01,tcr754,0
immrep8782,KLYPFLWFA_A*02:01,tcr910,0
immrep8783,GENALTYAL_B*40:01,tcr770,0
immrep8784,YESYIPGAL_B*40:01,tcr937,0
immrep8785,MTDYDYLEV_A*02:01,tcr858,0
immrep8786,FEAQPGALL_B*40:01,tcr916,0
immrep8787,KLYPFLWFA_A*02:01,tcr878,0
immrep8788,MTDYDYLEV_A*02:01,tcr569,0
immrep8789,MTDYDYLEV_A*02:01,tcr403,0
immrep8790,SEESAFYVL_B*40:01,tcr797,0
immrep8791,YMFYDGYDV_A*02:01,tcr318,0
immrep8792,GENALTYAL_B*40:01,tcr292,0
immrep8793,ILHTHVPEV_A*02:01,tcr722,0
immrep8794,YMFYDGYDV_A*02:01,tcr383,0
immrep8795,YLFNADIWI_A*02:01,tcr826,0
immrep8796,MTDYDYLEV_A*02:01,tcr815,0
immrep8797,FEAQPGALL_B*40:01,tcr195,0
immrep8798,FLDCKSYIL_A*02:01,tcr787,0
immrep8799,YEDGVIFYL_B*40:01,tcr721,0
immrep8800,REDDYSVWL_B*40:01,tcr423,0
immrep8801,MEMPDYLLL_B*40:01,tcr335,0
immrep8802,HLDDYPYLM_A*02:01,tcr616,0
immrep8803,SEESAFYVL_B*40:01,tcr112,0
immrep8804,FLDCKSYIL_A*02:01,tcr556,0
immrep8805,FLDCKSYIL_A*02:01,tcr622,0
immrep8806,SQFNWTIYL_A*02:01,tcr419,0
immrep8807,HLDDYPYLM_A*02:01,tcr962,0
immrep8808,ILMHATYFL_A*02:01,tcr416,0
immrep8809,YEDGVIFYL_B*40:01,tcr82,0
immrep8810,GENALTYAL_B*40:01,tcr873,0
immrep8811,TVYPYGTSL_A*02:01,tcr912,0
immrep8812,GEVLACYAL_B*40:01,tcr245,0
immrep8813,ILHTHVPEV_A*02:01,tcr20,0
immrep8814,FLDCKSYIL_A*02:01,tcr331,0
immrep8815,FLDCKSYIL_A*02:01,tcr243,0
immrep8816,KLYPFLWFA_A*02:01,tcr491,0
immrep8817,GEVLACYAL_B*40:01,tcr617,0
immrep8818,GENALTYAL_B*40:01,tcr587,0
immrep8819,SEESAFYVL_B*40:01,tcr778,0
immrep8820,GENALTYAL_B*40:01,tcr311,0
immrep8821,MEMPDYLLL_B*40:01,tcr386,0
immrep8822,SQFNWTIYL_A*02:01,tcr933,0
immrep8823,TVYPYGTSL_A*02:01,tcr588,0
immrep8824,MENWSALEL_B*40:01,tcr937,0
immrep8825,FEAQPGALL_B*40:01,tcr698,0
immrep8826,MTDYDYLEV_A*02:01,tcr180,0
immrep8827,SEESAFYVL_B*40:01,tcr801,0
immrep8828,MENWSALEL_B*40:01,tcr457,0
immrep8829,HLDDYPYLM_A*02:01,tcr514,0
immrep8830,MTDYDYLEV_A*02:01,tcr762,0
immrep8831,HLDDYPYLM_A*02:01,tcr419,0
immrep8832,GENALTYAL_B*40:01,tcr696,0
immrep8833,YEDGVIFYL_B*40:01,tcr227,0
immrep8834,FLDCKSYIL_A*02:01,tcr964,0
immrep8835,GENALTYAL_B*40:01,tcr947,0
immrep8836,ILMHATYFL_A*02:01,tcr111,0
immrep8837,YLFNADIWI_A*02:01,tcr980,0
immrep8838,MENWSALEL_B*40:01,tcr407,0
immrep8839,REDDYSVWL_B*40:01,tcr413,0
immrep8840,KLYPFLWFA_A*02:01,tcr21,0
immrep8841,SQFNWTIYL_A*02:01,tcr670,0
immrep8842,GENALTYAL_B*40:01,tcr444,0
immrep8843,YEDGVIFYL_B*40:01,tcr542,0
immrep8844,YENGSTPVL_B*40:01,tcr96,0
immrep8845,ILMHATYFL_A*02:01,tcr795,0
immrep8846,FEAQPGALL_B*40:01,tcr943,0
immrep8847,REDDYSVWL_B*40:01,tcr516,0
immrep8848,ILHTHVPEV_A*02:01,tcr818,0
immrep8849,YLFNADIWI_A*02:01,tcr106,0
immrep8850,SEESAFYVL_B*40:01,tcr2,0
immrep8851,YEDGVIFYL_B*40:01,tcr801,0
immrep8852,HLDDYPYLM_A*02:01,tcr956,0
immrep8853,YMFYDGYDV_A*02:01,tcr672,0
immrep8854,FLDCKSYIL_A*02:01,tcr834,0
immrep8855,YESYIPGAL_B*40:01,tcr574,0
immrep8856,GENALTYAL_B*40:01,tcr298,0
immrep8857,KLYPFLWFA_A*02:01,tcr367,0
immrep8858,ILMHATYFL_A*02:01,tcr670,0
immrep8859,REDDYSVWL_B*40:01,tcr112,0
immrep8860,MENWSALEL_B*40:01,tcr755,0
immrep8861,YEDGVIFYL_B*40:01,tcr482,0
immrep8862,YESYIPGAL_B*40:01,tcr776,0
immrep8863,YENGSTPVL_B*40:01,tcr145,0
immrep8864,MTDYDYLEV_A*02:01,tcr963,0
immrep8865,MENWSALEL_B*40:01,tcr469,0
immrep8866,HLDDYPYLM_A*02:01,tcr377,0
immrep8867,YESYIPGAL_B*40:01,tcr425,0
immrep8868,GENALTYAL_B*40:01,tcr461,0
immrep8869,HLDDYPYLM_A*02:01,tcr449,0
immrep8870,SQFNWTIYL_A*02:01,tcr111,0
immrep8871,YESYIPGAL_B*40:01,tcr592,0
immrep8872,YMFYDGYDV_A*02:01,tcr622,0
immrep8873,GEVLACYAL_B*40:01,tcr374,0
immrep8874,KLYPFLWFA_A*02:01,tcr680,0
immrep8875,ILHTHVPEV_A*02:01,tcr313,0
immrep8876,FLDCKSYIL_A*02:01,tcr454,0
immrep8877,MEMPDYLLL_B*40:01,tcr5,0
immrep8878,ILHTHVPEV_A*02:01,tcr992,0
immrep8879,MENWSALEL_B*40:01,tcr541,0
immrep8880,YMFYDGYDV_A*02:01,tcr620,0
immrep8881,FLDCKSYIL_A*02:01,tcr868,0
immrep8882,YLFNADIWI_A*02:01,tcr998,0
immrep8883,FEAQPGALL_B*40:01,tcr920,0
immrep8884,FEAQPGALL_B*40:01,tcr721,0
immrep8885,KLYPFLWFA_A*02:01,tcr822,0
immrep8886,REDDYSVWL_B*40:01,tcr797,0
immrep8887,GEVLACYAL_B*40:01,tcr667,0
immrep8888,ILMHATYFL_A*02:01,tcr141,0
immrep8889,GEVLACYAL_B*40:01,tcr279,0
immrep8890,MENWSALEL_B*40:01,tcr155,0
immrep8891,MENWSALEL_B*40:01,tcr825,0
immrep8892,ILHTHVPEV_A*02:01,tcr465,0
immrep8893,GENALTYAL_B*40:01,tcr906,0
immrep8894,MENWSALEL_B*40:01,tcr982,0
immrep8895,FLDCKSYIL_A*02:01,tcr434,0
immrep8896,MEMPDYLLL_B*40:01,tcr490,0
immrep8897,ILHTHVPEV_A*02:01,tcr694,0
immrep8898,SQFNWTIYL_A*02:01,tcr879,0
immrep8899,YMFYDGYDV_A*02:01,tcr80,0
immrep8900,HLDDYPYLM_A*02:01,tcr522,0
immrep8901,GENALTYAL_B*40:01,tcr718,0
immrep8902,YLFNADIWI_A*02:01,tcr764,0
immrep8903,GENALTYAL_B*40:01,tcr629,0
immrep8904,HLDDYPYLM_A*02:01,tcr448,0
immrep8905,ILMHATYFL_A*02:01,tcr804,0
immrep8906,MTDYDYLEV_A*02:01,tcr209,0
immrep8907,YEDGVIFYL_B*40:01,tcr5,0
immrep8908,KLYPFLWFA_A*02:01,tcr199,0
immrep8909,REDDYSVWL_B*40:01,tcr997,0
immrep8910,FEAQPGALL_B*40:01,tcr778,0
immrep8911,REDDYSVWL_B*40:01,tcr617,0
immrep8912,ILMHATYFL_A*02:01,tcr380,0
immrep8913,SQFNWTIYL_A*02:01,tcr589,0
immrep8914,YLFNADIWI_A*02:01,tcr157,0
immrep8915,TVYPYGTSL_A*02:01,tcr974,0
immrep8916,KLYPFLWFA_A*02:01,tcr72,0
immrep8917,MENWSALEL_B*40:01,tcr501,0
immrep8918,GENALTYAL_B*40:01,tcr579,0
immrep8919,SEESAFYVL_B*40:01,tcr179,0
immrep8920,GENALTYAL_B*40:01,tcr260,0
immrep8921,HLDDYPYLM_A*02:01,tcr156,0
immrep8922,YLFNADIWI_A*02:01,tcr734,0
immrep8923,ILMHATYFL_A*02:01,tcr830,0
immrep8924,YESYIPGAL_B*40:01,tcr851,0
immrep8925,FLDCKSYIL_A*02:01,tcr307,0
immrep8926,KLYPFLWFA_A*02:01,tcr261,0
immrep8927,MENWSALEL_B*40:01,tcr252,0
immrep8928,GEVLACYAL_B*40:01,tcr131,0
immrep8929,MEMPDYLLL_B*40:01,tcr538,0
immrep8930,MTDYDYLEV_A*02:01,tcr843,0
immrep8931,MEMPDYLLL_B*40:01,tcr593,0
immrep8932,ILMHATYFL_A*02:01,tcr878,0
immrep8933,YENGSTPVL_B*40:01,tcr811,0
immrep8934,ILHTHVPEV_A*02:01,tcr637,0
immrep8935,YMFYDGYDV_A*02:01,tcr705,0
immrep8936,TVYPYGTSL_A*02:01,tcr435,0
immrep8937,YEDGVIFYL_B*40:01,tcr55,0
immrep8938,REDDYSVWL_B*40:01,tcr952,0
immrep8939,MEMPDYLLL_B*40:01,tcr949,0
immrep8940,MEMPDYLLL_B*40:01,tcr908,0
immrep8941,YENGSTPVL_B*40:01,tcr0,0
immrep8942,KLYPFLWFA_A*02:01,tcr48,0
immrep8943,YMFYDGYDV_A*02:01,tcr336,0
immrep8944,KLYPFLWFA_A*02:01,tcr658,0
immrep8945,MTDYDYLEV_A*02:01,tcr496,0
immrep8946,YESYIPGAL_B*40:01,tcr995,0
immrep8947,YEDGVIFYL_B*40:01,tcr678,0
immrep8948,YENGSTPVL_B*40:01,tcr506,0
immrep8949,ILHTHVPEV_A*02:01,tcr907,0
immrep8950,MEMPDYLLL_B*40:01,tcr74,0
immrep8951,MTDYDYLEV_A*02:01,tcr924,0
immrep8952,TVYPYGTSL_A*02:01,tcr530,0
immrep8953,YLFNADIWI_A*02:01,tcr872,0
immrep8954,REDDYSVWL_B*40:01,tcr9,0
immrep8955,YENGSTPVL_B*40:01,tcr686,0
immrep8956,YENGSTPVL_B*40:01,tcr767,0
immrep8957,REDDYSVWL_B*40:01,tcr67,0
immrep8958,GEVLACYAL_B*40:01,tcr262,0
immrep8959,SEESAFYVL_B*40:01,tcr452,0
immrep8960,FLDCKSYIL_A*02:01,tcr559,0
immrep8961,YESYIPGAL_B*40:01,tcr617,0
immrep8962,ILHTHVPEV_A*02:01,tcr695,0
immrep8963,MTDYDYLEV_A*02:01,tcr63,0
immrep8964,GENALTYAL_B*40:01,tcr8,0
immrep8965,REDDYSVWL_B*40:01,tcr645,0
immrep8966,YMFYDGYDV_A*02:01,tcr714,0
immrep8967,GENALTYAL_B*40:01,tcr660,0
immrep8968,SEESAFYVL_B*40:01,tcr669,0
immrep8969,YENGSTPVL_B*40:01,tcr728,0
immrep8970,KLYPFLWFA_A*02:01,tcr140,0
immrep8971,FEAQPGALL_B*40:01,tcr537,0
immrep8972,YMFYDGYDV_A*02:01,tcr291,0
immrep8973,KLYPFLWFA_A*02:01,tcr832,0
immrep8974,TVYPYGTSL_A*02:01,tcr446,0
immrep8975,ILMHATYFL_A*02:01,tcr360,0
immrep8976,ILMHATYFL_A*02:01,tcr226,0
immrep8977,GEVLACYAL_B*40:01,tcr173,0
immrep8978,GENALTYAL_B*40:01,tcr481,0
immrep8979,MEMPDYLLL_B*40:01,tcr227,0
immrep8980,YLFNADIWI_A*02:01,tcr27,0
immrep8981,MTDYDYLEV_A*02:01,tcr231,0
immrep8982,SEESAFYVL_B*40:01,tcr350,0
immrep8983,SEESAFYVL_B*40:01,tcr727,0
immrep8984,FLDCKSYIL_A*02:01,tcr50,0
immrep8985,HLDDYPYLM_A*02:01,tcr763,0
immrep8986,MENWSALEL_B*40:01,tcr719,0
immrep8987,HLDDYPYLM_A*02:01,tcr912,0
immrep8988,YEDGVIFYL_B*40:01,tcr251,0
immrep8989,ILHTHVPEV_A*02:01,tcr305,0
immrep8990,YMFYDGYDV_A*02:01,tcr162,0
immrep8991,MTDYDYLEV_A*02:01,tcr936,0
immrep8992,ILHTHVPEV_A*02:01,tcr430,0
immrep8993,GEVLACYAL_B*40:01,tcr513,0
immrep8994,YMFYDGYDV_A*02:01,tcr729,0
immrep8995,SEESAFYVL_B*40:01,tcr759,0
immrep8996,SEESAFYVL_B*40:01,tcr598,0
immrep8997,TVYPYGTSL_A*02:01,tcr459,0
immrep8998,REDDYSVWL_B*40:01,tcr35,0
immrep8999,YESYIPGAL_B*40:01,tcr759,0
immrep9000,MTDYDYLEV_A*02:01,tcr650,0
immrep9001,YLFNADIWI_A*02:01,tcr856,0
immrep9002,TVYPYGTSL_A*02:01,tcr711,0
immrep9003,YEDGVIFYL_B*40:01,tcr827,0
immrep9004,MTDYDYLEV_A*02:01,tcr722,0
immrep9005,MENWSALEL_B*40:01,tcr697,0
immrep9006,YMFYDGYDV_A*02:01,tcr976,0
immrep9007,YLFNADIWI_A*02:01,tcr205,0
immrep9008,KLYPFLWFA_A*02:01,tcr689,0
immrep9009,FLDCKSYIL_A*02:01,tcr446,0
immrep9010,GEVLACYAL_B*40:01,tcr718,0
immrep9011,KLYPFLWFA_A*02:01,tcr553,0
immrep9012,ILHTHVPEV_A*02:01,tcr418,0
immrep9013,YESYIPGAL_B*40:01,tcr421,0
immrep9014,GEVLACYAL_B*40:01,tcr303,0
immrep9015,SEESAFYVL_B*40:01,tcr611,0
immrep9016,FLDCKSYIL_A*02:01,tcr633,0
immrep9017,SEESAFYVL_B*40:01,tcr274,0
immrep9018,YEDGVIFYL_B*40:01,tcr525,0
immrep9019,MTDYDYLEV_A*02:01,tcr166,0
immrep9020,YLFNADIWI_A*02:01,tcr403,0
immrep9021,HLDDYPYLM_A*02:01,tcr791,0
immrep9022,KLYPFLWFA_A*02:01,tcr278,0
immrep9023,HLDDYPYLM_A*02:01,tcr862,0
immrep9024,YESYIPGAL_B*40:01,tcr464,0
immrep9025,FLDCKSYIL_A*02:01,tcr765,0
immrep9026,SEESAFYVL_B*40:01,tcr523,0
immrep9027,KLYPFLWFA_A*02:01,tcr346,0
immrep9028,MENWSALEL_B*40:01,tcr188,0
immrep9029,ILHTHVPEV_A*02:01,tcr307,0
immrep9030,ILHTHVPEV_A*02:01,tcr3,0
immrep9031,YLFNADIWI_A*02:01,tcr672,0
immrep9032,MENWSALEL_B*40:01,tcr799,0
immrep9033,ILMHATYFL_A*02:01,tcr980,0
immrep9034,YMFYDGYDV_A*02:01,tcr591,0
immrep9035,GENALTYAL_B*40:01,tcr813,0
immrep9036,MEMPDYLLL_B*40:01,tcr147,0
immrep9037,REDDYSVWL_B*40:01,tcr74,0
immrep9038,GENALTYAL_B*40:01,tcr516,0
immrep9039,YLFNADIWI_A*02:01,tcr715,0
immrep9040,GEVLACYAL_B*40:01,tcr421,0
immrep9041,REDDYSVWL_B*40:01,tcr669,0
immrep9042,MEMPDYLLL_B*40:01,tcr801,0
immrep9043,YLFNADIWI_A*02:01,tcr133,0
immrep9044,TVYPYGTSL_A*02:01,tcr689,0
immrep9045,GEVLACYAL_B*40:01,tcr314,0
immrep9046,HLDDYPYLM_A*02:01,tcr486,0
immrep9047,FLDCKSYIL_A*02:01,tcr213,0
immrep9048,SQFNWTIYL_A*02:01,tcr868,0
immrep9049,REDDYSVWL_B*40:01,tcr503,0
immrep9050,ILHTHVPEV_A*02:01,tcr172,0
immrep9051,FEAQPGALL_B*40:01,tcr515,0
immrep9052,YESYIPGAL_B*40:01,tcr866,0
immrep9053,YENGSTPVL_B*40:01,tcr429,0
immrep9054,REDDYSVWL_B*40:01,tcr602,0
immrep9055,HLDDYPYLM_A*02:01,tcr180,0
immrep9056,REDDYSVWL_B*40:01,tcr142,0
immrep9057,GENALTYAL_B*40:01,tcr499,0
immrep9058,HLDDYPYLM_A*02:01,tcr290,0
immrep9059,MEMPDYLLL_B*40:01,tcr314,0
immrep9060,GENALTYAL_B*40:01,tcr897,0
immrep9061,MENWSALEL_B*40:01,tcr218,0
immrep9062,REDDYSVWL_B*40:01,tcr652,0
immrep9063,GEVLACYAL_B*40:01,tcr335,0
immrep9064,TVYPYGTSL_A*02:01,tcr572,0
immrep9065,YLFNADIWI_A*02:01,tcr800,0
immrep9066,YEDGVIFYL_B*40:01,tcr686,0
immrep9067,YLFNADIWI_A*02:01,tcr217,0
immrep9068,GEVLACYAL_B*40:01,tcr719,0
immrep9069,HLDDYPYLM_A*02:01,tcr688,0
immrep9070,SQFNWTIYL_A*02:01,tcr266,0
immrep9071,YLFNADIWI_A*02:01,tcr477,0
immrep9072,YENGSTPVL_B*40:01,tcr849,0
immrep9073,KLYPFLWFA_A*02:01,tcr258,0
immrep9074,TVYPYGTSL_A*02:01,tcr230,0
immrep9075,YMFYDGYDV_A*02:01,tcr784,0
immrep9076,YEDGVIFYL_B*40:01,tcr982,0
immrep9077,YLFNADIWI_A*02:01,tcr644,0
immrep9078,TVYPYGTSL_A*02:01,tcr560,0
immrep9079,GEVLACYAL_B*40:01,tcr897,0
immrep9080,YESYIPGAL_B*40:01,tcr506,0
immrep9081,MEMPDYLLL_B*40:01,tcr690,0
immrep9082,MEMPDYLLL_B*40:01,tcr413,0
immrep9083,YENGSTPVL_B*40:01,tcr339,0
immrep9084,YMFYDGYDV_A*02:01,tcr378,0
immrep9085,FEAQPGALL_B*40:01,tcr279,0
immrep9086,REDDYSVWL_B*40:01,tcr110,0
immrep9087,MTDYDYLEV_A*02:01,tcr20,0
immrep9088,FLDCKSYIL_A*02:01,tcr705,0
immrep9089,YMFYDGYDV_A*02:01,tcr441,0
immrep9090,YLFNADIWI_A*02:01,tcr732,0
immrep9091,YMFYDGYDV_A*02:01,tcr135,0
immrep9092,YMFYDGYDV_A*02:01,tcr331,0
immrep9093,FLDCKSYIL_A*02:01,tcr478,0
immrep9094,ILHTHVPEV_A*02:01,tcr255,0
immrep9095,FEAQPGALL_B*40:01,tcr263,0
immrep9096,YESYIPGAL_B*40:01,tcr110,0
immrep9097,GEVLACYAL_B*40:01,tcr78,0
immrep9098,GEVLACYAL_B*40:01,tcr189,0
immrep9099,ILHTHVPEV_A*02:01,tcr901,0
immrep9100,TVYPYGTSL_A*02:01,tcr256,0
immrep9101,YLFNADIWI_A*02:01,tcr441,0
immrep9102,KLYPFLWFA_A*02:01,tcr266,0
immrep9103,FEAQPGALL_B*40:01,tcr668,0
immrep9104,YENGSTPVL_B*40:01,tcr78,0
immrep9105,HLDDYPYLM_A*02:01,tcr852,0
immrep9106,YESYIPGAL_B*40:01,tcr279,0
immrep9107,SQFNWTIYL_A*02:01,tcr184,0
immrep9108,ILMHATYFL_A*02:01,tcr834,0
immrep9109,FLDCKSYIL_A*02:01,tcr337,0
immrep9110,MEMPDYLLL_B*40:01,tcr953,0
immrep9111,GEVLACYAL_B*40:01,tcr773,0
immrep9112,SQFNWTIYL_A*02:01,tcr16,0
immrep9113,YLFNADIWI_A*02:01,tcr559,0
immrep9114,REDDYSVWL_B*40:01,tcr159,0
immrep9115,KLYPFLWFA_A*02:01,tcr687,0
immrep9116,GENALTYAL_B*40:01,tcr919,0
immrep9117,TVYPYGTSL_A*02:01,tcr184,0
immrep9118,YESYIPGAL_B*40:01,tcr953,0
immrep9119,MENWSALEL_B*40:01,tcr673,0
immrep9120,ILHTHVPEV_A*02:01,tcr545,0
immrep9121,SQFNWTIYL_A*02:01,tcr702,0
immrep9122,SQFNWTIYL_A*02:01,tcr971,0
immrep9123,FEAQPGALL_B*40:01,tcr503,0
immrep9124,SEESAFYVL_B*40:01,tcr850,0
immrep9125,SQFNWTIYL_A*02:01,tcr764,0
immrep9126,YESYIPGAL_B*40:01,tcr280,0
immrep9127,MTDYDYLEV_A*02:01,tcr950,0
immrep9128,KLYPFLWFA_A*02:01,tcr683,0
immrep9129,YMFYDGYDV_A*02:01,tcr676,0
immrep9130,YEDGVIFYL_B*40:01,tcr425,0
immrep9131,SQFNWTIYL_A*02:01,tcr199,0
immrep9132,YEDGVIFYL_B*40:01,tcr781,0
immrep9133,SQFNWTIYL_A*02:01,tcr180,0
immrep9134,REDDYSVWL_B*40:01,tcr62,0
immrep9135,HLDDYPYLM_A*02:01,tcr368,0
immrep9136,ILHTHVPEV_A*02:01,tcr573,0
immrep9137,MEMPDYLLL_B*40:01,tcr584,0
immrep9138,YENGSTPVL_B*40:01,tcr126,0
immrep9139,FLDCKSYIL_A*02:01,tcr852,0
immrep9140,HLDDYPYLM_A*02:01,tcr860,0
immrep9141,MEMPDYLLL_B*40:01,tcr540,0
immrep9142,KLYPFLWFA_A*02:01,tcr594,0
immrep9143,YEDGVIFYL_B*40:01,tcr423,0
immrep9144,KLYPFLWFA_A*02:01,tcr595,0
immrep9145,TVYPYGTSL_A*02:01,tcr671,0
immrep9146,FLDCKSYIL_A*02:01,tcr416,0
immrep9147,ILMHATYFL_A*02:01,tcr415,0
immrep9148,FEAQPGALL_B*40:01,tcr32,0
immrep9149,FLDCKSYIL_A*02:01,tcr651,0
immrep9150,YMFYDGYDV_A*02:01,tcr512,0
immrep9151,MEMPDYLLL_B*40:01,tcr757,0
immrep9152,GENALTYAL_B*40:01,tcr887,0
immrep9153,TVYPYGTSL_A*02:01,tcr337,0
immrep9154,ILHTHVPEV_A*02:01,tcr324,0
immrep9155,SQFNWTIYL_A*02:01,tcr344,0
immrep9156,YENGSTPVL_B*40:01,tcr204,0
immrep9157,MEMPDYLLL_B*40:01,tcr825,0
immrep9158,SEESAFYVL_B*40:01,tcr880,0
immrep9159,MEMPDYLLL_B*40:01,tcr321,0
immrep9160,YMFYDGYDV_A*02:01,tcr7,0
immrep9161,MENWSALEL_B*40:01,tcr110,0
immrep9162,YLFNADIWI_A*02:01,tcr305,0
immrep9163,ILMHATYFL_A*02:01,tcr61,0
immrep9164,REDDYSVWL_B*40:01,tcr127,0
immrep9165,YMFYDGYDV_A*02:01,tcr963,0
immrep9166,MEMPDYLLL_B*40:01,tcr985,0
immrep9167,SQFNWTIYL_A*02:01,tcr729,0
immrep9168,MTDYDYLEV_A*02:01,tcr316,0
immrep9169,HLDDYPYLM_A*02:01,tcr620,0
immrep9170,YESYIPGAL_B*40:01,tcr466,0
immrep9171,YENGSTPVL_B*40:01,tcr292,0
immrep9172,MTDYDYLEV_A*02:01,tcr16,0
immrep9173,SEESAFYVL_B*40:01,tcr550,0
immrep9174,HLDDYPYLM_A*02:01,tcr521,0
immrep9175,YLFNADIWI_A*02:01,tcr524,0
immrep9176,REDDYSVWL_B*40:01,tcr333,0
immrep9177,GEVLACYAL_B*40:01,tcr474,0
immrep9178,YENGSTPVL_B*40:01,tcr402,0
immrep9179,MEMPDYLLL_B*40:01,tcr937,0
immrep9180,MENWSALEL_B*40:01,tcr898,0
immrep9181,ILHTHVPEV_A*02:01,tcr151,0
immrep9182,YLFNADIWI_A*02:01,tcr334,0
immrep9183,MEMPDYLLL_B*40:01,tcr130,0
immrep9184,YESYIPGAL_B*40:01,tcr362,0
immrep9185,YMFYDGYDV_A*02:01,tcr724,0
immrep9186,SEESAFYVL_B*40:01,tcr821,0
immrep9187,KLYPFLWFA_A*02:01,tcr737,0
immrep9188,GEVLACYAL_B*40:01,tcr975,0
immrep9189,GEVLACYAL_B*40:01,tcr229,0
immrep9190,GEVLACYAL_B*40:01,tcr130,0
immrep9191,FLDCKSYIL_A*02:01,tcr903,0
immrep9192,FEAQPGALL_B*40:01,tcr293,0
immrep9193,GEVLACYAL_B*40:01,tcr625,0
immrep9194,REDDYSVWL_B*40:01,tcr28,0
immrep9195,YENGSTPVL_B*40:01,tcr888,0
immrep9196,ILHTHVPEV_A*02:01,tcr163,0
immrep9197,SQFNWTIYL_A*02:01,tcr358,0
immrep9198,REDDYSVWL_B*40:01,tcr443,0
immrep9199,GEVLACYAL_B*40:01,tcr902,0
immrep9200,ILHTHVPEV_A*02:01,tcr44,0
immrep9201,HLDDYPYLM_A*02:01,tcr427,0
immrep9202,REDDYSVWL_B*40:01,tcr374,0
immrep9203,FLDCKSYIL_A*02:01,tcr68,0
immrep9204,FEAQPGALL_B*40:01,tcr38,0
immrep9205,YEDGVIFYL_B*40:01,tcr873,0
immrep9206,MEMPDYLLL_B*40:01,tcr402,0
immrep9207,KLYPFLWFA_A*02:01,tcr471,0
immrep9208,YMFYDGYDV_A*02:01,tcr113,0
immrep9209,HLDDYPYLM_A*02:01,tcr255,0
immrep9210,MENWSALEL_B*40:01,tcr850,0
immrep9211,SEESAFYVL_B*40:01,tcr15,0
immrep9212,SEESAFYVL_B*40:01,tcr58,0
immrep9213,YMFYDGYDV_A*02:01,tcr367,0
immrep9214,KLYPFLWFA_A*02:01,tcr901,0
immrep9215,REDDYSVWL_B*40:01,tcr86,0
immrep9216,REDDYSVWL_B*40:01,tcr889,0
immrep9217,MTDYDYLEV_A*02:01,tcr210,0
immrep9218,KLYPFLWFA_A*02:01,tcr215,0
immrep9219,YMFYDGYDV_A*02:01,tcr924,0
immrep9220,MENWSALEL_B*40:01,tcr493,0
immrep9221,ILHTHVPEV_A*02:01,tcr671,0
immrep9222,YMFYDGYDV_A*02:01,tcr795,0
immrep9223,MENWSALEL_B*40:01,tcr399,0
immrep9224,MTDYDYLEV_A*02:01,tcr553,0
immrep9225,KLYPFLWFA_A*02:01,tcr950,0
immrep9226,MEMPDYLLL_B*40:01,tcr797,0
immrep9227,GENALTYAL_B*40:01,tcr893,0
immrep9228,YMFYDGYDV_A*02:01,tcr491,0
immrep9229,HLDDYPYLM_A*02:01,tcr706,0
immrep9230,YMFYDGYDV_A*02:01,tcr213,0
immrep9231,HLDDYPYLM_A*02:01,tcr382,0
immrep9232,YENGSTPVL_B*40:01,tcr904,0
immrep9233,MTDYDYLEV_A*02:01,tcr103,0
immrep9234,GEVLACYAL_B*40:01,tcr92,0
immrep9235,ILMHATYFL_A*02:01,tcr848,0
immrep9236,YESYIPGAL_B*40:01,tcr317,0
immrep9237,YMFYDGYDV_A*02:01,tcr749,0
immrep9238,YMFYDGYDV_A*02:01,tcr521,0
immrep9239,HLDDYPYLM_A*02:01,tcr856,0
immrep9240,MEMPDYLLL_B*40:01,tcr90,0
immrep9241,YEDGVIFYL_B*40:01,tcr218,0
immrep9242,SEESAFYVL_B*40:01,tcr728,0
immrep9243,HLDDYPYLM_A*02:01,tcr748,0
immrep9244,MTDYDYLEV_A*02:01,tcr809,0
immrep9245,ILMHATYFL_A*02:01,tcr93,0
immrep9246,GEVLACYAL_B*40:01,tcr90,0
immrep9247,YEDGVIFYL_B*40:01,tcr333,0
immrep9248,YMFYDGYDV_A*02:01,tcr435,0
immrep9249,MTDYDYLEV_A*02:01,tcr706,0
immrep9250,MTDYDYLEV_A*02:01,tcr491,0
immrep9251,MEMPDYLLL_B*40:01,tcr254,0
immrep9252,KLYPFLWFA_A*02:01,tcr226,0
immrep9253,FLDCKSYIL_A*02:01,tcr4,0
immrep9254,FEAQPGALL_B*40:01,tcr188,0
immrep9255,GEVLACYAL_B*40:01,tcr235,0
immrep9256,SQFNWTIYL_A*02:01,tcr681,0
immrep9257,GEVLACYAL_B*40:01,tcr247,0
immrep9258,HLDDYPYLM_A*02:01,tcr720,0
immrep9259,YLFNADIWI_A*02:01,tcr248,0
immrep9260,MENWSALEL_B*40:01,tcr298,0
immrep9261,KLYPFLWFA_A*02:01,tcr764,0
immrep9262,YLFNADIWI_A*02:01,tcr642,0
immrep9263,YEDGVIFYL_B*40:01,tcr699,0
immrep9264,ILHTHVPEV_A*02:01,tcr420,0
immrep9265,FLDCKSYIL_A*02:01,tcr620,0
immrep9266,ILMHATYFL_A*02:01,tcr375,0
immrep9267,SQFNWTIYL_A*02:01,tcr544,0
immrep9268,MEMPDYLLL_B*40:01,tcr975,0
immrep9269,YESYIPGAL_B*40:01,tcr455,0
immrep9270,MENWSALEL_B*40:01,tcr626,0
immrep9271,GENALTYAL_B*40:01,tcr303,0
immrep9272,YMFYDGYDV_A*02:01,tcr745,0
immrep9273,GEVLACYAL_B*40:01,tcr482,0
immrep9274,HLDDYPYLM_A*02:01,tcr372,0
immrep9275,ILHTHVPEV_A*02:01,tcr160,0
immrep9276,GEVLACYAL_B*40:01,tcr997,0
immrep9277,YEDGVIFYL_B*40:01,tcr128,0
immrep9278,SQFNWTIYL_A*02:01,tcr143,0
immrep9279,KLYPFLWFA_A*02:01,tcr3,0
immrep9280,ILHTHVPEV_A*02:01,tcr27,0
immrep9281,MENWSALEL_B*40:01,tcr233,0
immrep9282,SEESAFYVL_B*40:01,tcr844,0
immrep9283,SEESAFYVL_B*40:01,tcr911,0
immrep9284,KLYPFLWFA_A*02:01,tcr518,0
immrep9285,REDDYSVWL_B*40:01,tcr275,0
immrep9286,YENGSTPVL_B*40:01,tcr845,0
immrep9287,MTDYDYLEV_A*02:01,tcr747,0
immrep9288,YENGSTPVL_B*40:01,tcr990,0
immrep9289,MENWSALEL_B*40:01,tcr409,0
immrep9290,HLDDYPYLM_A*02:01,tcr988,0
immrep9291,YESYIPGAL_B*40:01,tcr586,0
immrep9292,YMFYDGYDV_A*02:01,tcr786,0
immrep9293,SEESAFYVL_B*40:01,tcr949,0
immrep9294,HLDDYPYLM_A*02:01,tcr97,0
immrep9295,HLDDYPYLM_A*02:01,tcr460,0
immrep9296,YENGSTPVL_B*40:01,tcr19,0
immrep9297,YESYIPGAL_B*40:01,tcr708,0
immrep9298,ILMHATYFL_A*02:01,tcr94,0
immrep9299,SEESAFYVL_B*40:01,tcr285,0
immrep9300,YMFYDGYDV_A*02:01,tcr706,0
immrep9301,KLYPFLWFA_A*02:01,tcr938,0
immrep9302,YEDGVIFYL_B*40:01,tcr112,0
immrep9303,YMFYDGYDV_A*02:01,tcr379,0
immrep9304,KLYPFLWFA_A*02:01,tcr327,0
immrep9305,HLDDYPYLM_A*02:01,tcr632,0
immrep9306,MENWSALEL_B*40:01,tcr219,0
immrep9307,ILMHATYFL_A*02:01,tcr559,0
immrep9308,ILHTHVPEV_A*02:01,tcr531,0
immrep9309,FEAQPGALL_B*40:01,tcr421,0
immrep9310,YLFNADIWI_A*02:01,tcr816,0
immrep9311,YESYIPGAL_B*40:01,tcr350,0
immrep9312,YEDGVIFYL_B*40:01,tcr332,0
immrep9313,YMFYDGYDV_A*02:01,tcr863,0
immrep9314,YEDGVIFYL_B*40:01,tcr947,0
immrep9315,MTDYDYLEV_A*02:01,tcr545,0
immrep9316,ILHTHVPEV_A*02:01,tcr500,0
immrep9317,YLFNADIWI_A*02:01,tcr417,0
immrep9318,TVYPYGTSL_A*02:01,tcr338,0
immrep9319,MENWSALEL_B*40:01,tcr292,0
immrep9320,HLDDYPYLM_A*02:01,tcr622,0
immrep9321,SEESAFYVL_B*40:01,tcr47,0
immrep9322,MEMPDYLLL_B*40:01,tcr84,0
immrep9323,SQFNWTIYL_A*02:01,tcr552,0
immrep9324,YMFYDGYDV_A*02:01,tcr239,0
immrep9325,HLDDYPYLM_A*02:01,tcr703,0
immrep9326,GENALTYAL_B*40:01,tcr661,0
immrep9327,YLFNADIWI_A*02:01,tcr257,0
immrep9328,HLDDYPYLM_A*02:01,tcr642,0
immrep9329,YENGSTPVL_B*40:01,tcr391,0
immrep9330,REDDYSVWL_B*40:01,tcr353,0
immrep9331,YLFNADIWI_A*02:01,tcr449,0
immrep9332,YESYIPGAL_B*40:01,tcr736,0
immrep9333,MEMPDYLLL_B*40:01,tcr77,0
immrep9334,SEESAFYVL_B*40:01,tcr283,0
immrep9335,MENWSALEL_B*40:01,tcr365,0
immrep9336,YMFYDGYDV_A*02:01,tcr720,0
immrep9337,SEESAFYVL_B*40:01,tcr282,0
immrep9338,SEESAFYVL_B*40:01,tcr937,0
immrep9339,GEVLACYAL_B*40:01,tcr147,0
immrep9340,HLDDYPYLM_A*02:01,tcr749,0
immrep9341,MENWSALEL_B*40:01,tcr700,0
immrep9342,MTDYDYLEV_A*02:01,tcr664,0
immrep9343,TVYPYGTSL_A*02:01,tcr800,0
immrep9344,REDDYSVWL_B*40:01,tcr811,0
immrep9345,SEESAFYVL_B*40:01,tcr312,0
immrep9346,YENGSTPVL_B*40:01,tcr359,0
immrep9347,YENGSTPVL_B*40:01,tcr582,0
immrep9348,HLDDYPYLM_A*02:01,tcr961,0
immrep9349,FEAQPGALL_B*40:01,tcr965,0
immrep9350,MTDYDYLEV_A*02:01,tcr961,0
immrep9351,YENGSTPVL_B*40:01,tcr144,0
immrep9352,FEAQPGALL_B*40:01,tcr712,0
immrep9353,TVYPYGTSL_A*02:01,tcr324,0
immrep9354,YESYIPGAL_B*40:01,tcr684,0
immrep9355,GEVLACYAL_B*40:01,tcr775,0
immrep9356,REDDYSVWL_B*40:01,tcr195,0
immrep9357,REDDYSVWL_B*40:01,tcr246,0
immrep9358,YMFYDGYDV_A*02:01,tcr207,0
immrep9359,FEAQPGALL_B*40:01,tcr780,0
immrep9360,YLFNADIWI_A*02:01,tcr491,0
immrep9361,YESYIPGAL_B*40:01,tcr482,0
immrep9362,FLDCKSYIL_A*02:01,tcr901,0
immrep9363,SQFNWTIYL_A*02:01,tcr658,0
immrep9364,SQFNWTIYL_A*02:01,tcr936,0
immrep9365,REDDYSVWL_B*40:01,tcr614,0
immrep9366,GENALTYAL_B*40:01,tcr473,0
immrep9367,SQFNWTIYL_A*02:01,tcr935,0
immrep9368,TVYPYGTSL_A*02:01,tcr962,0
immrep9369,HLDDYPYLM_A*02:01,tcr187,0
immrep9370,YESYIPGAL_B*40:01,tcr429,0
immrep9371,FLDCKSYIL_A*02:01,tcr784,0
immrep9372,YESYIPGAL_B*40:01,tcr723,0
immrep9373,GEVLACYAL_B*40:01,tcr708,0
immrep9374,YENGSTPVL_B*40:01,tcr926,0
immrep9375,HLDDYPYLM_A*02:01,tcr715,0
immrep9376,MTDYDYLEV_A*02:01,tcr418,0
immrep9377,ILHTHVPEV_A*02:01,tcr215,0
immrep9378,FLDCKSYIL_A*02:01,tcr43,0
immrep9379,YLFNADIWI_A*02:01,tcr554,0
immrep9380,REDDYSVWL_B*40:01,tcr943,0
immrep9381,SQFNWTIYL_A*02:01,tcr258,0
immrep9382,GEVLACYAL_B*40:01,tcr783,0
immrep9383,YESYIPGAL_B*40:01,tcr5,0
immrep9384,MEMPDYLLL_B*40:01,tcr880,0
immrep9385,TVYPYGTSL_A*02:01,tcr683,0
immrep9386,MEMPDYLLL_B*40:01,tcr947,0
immrep9387,ILMHATYFL_A*02:01,tcr680,0
immrep9388,YEDGVIFYL_B*40:01,tcr461,0
immrep9389,ILMHATYFL_A*02:01,tcr288,0
immrep9390,MENWSALEL_B*40:01,tcr456,0
immrep9391,GEVLACYAL_B*40:01,tcr520,0
immrep9392,KLYPFLWFA_A*02:01,tcr714,0
immrep9393,ILMHATYFL_A*02:01,tcr122,0
immrep9394,SEESAFYVL_B*40:01,tcr474,0
immrep9395,YLFNADIWI_A*02:01,tcr430,0
immrep9396,ILHTHVPEV_A*02:01,tcr796,0
immrep9397,ILHTHVPEV_A*02:01,tcr248,0
immrep9398,SEESAFYVL_B*40:01,tcr37,0
immrep9399,MENWSALEL_B*40:01,tcr130,0
immrep9400,ILMHATYFL_A*02:01,tcr806,0
immrep9401,ILMHATYFL_A*02:01,tcr569,0
immrep9402,MENWSALEL_B*40:01,tcr354,0
immrep9403,SEESAFYVL_B*40:01,tcr152,0
immrep9404,YMFYDGYDV_A*02:01,tcr59,0
immrep9405,FEAQPGALL_B*40:01,tcr941,0
immrep9406,GENALTYAL_B*40:01,tcr945,0
immrep9407,YMFYDGYDV_A*02:01,tcr480,0
immrep9408,YENGSTPVL_B*40:01,tcr528,0
immrep9409,ILMHATYFL_A*02:01,tcr420,0
immrep9410,SQFNWTIYL_A*02:01,tcr640,0
immrep9411,MEMPDYLLL_B*40:01,tcr611,0
immrep9412,YMFYDGYDV_A*02:01,tcr17,0
immrep9413,TVYPYGTSL_A*02:01,tcr175,0
immrep9414,MEMPDYLLL_B*40:01,tcr439,0
immrep9415,YMFYDGYDV_A*02:01,tcr601,0
immrep9416,FEAQPGALL_B*40:01,tcr973,0
immrep9417,MEMPDYLLL_B*40:01,tcr516,0
immrep9418,MEMPDYLLL_B*40:01,tcr886,0
immrep9419,GENALTYAL_B*40:01,tcr40,0
immrep9420,SQFNWTIYL_A*02:01,tcr803,0
immrep9421,GENALTYAL_B*40:01,tcr824,0
immrep9422,KLYPFLWFA_A*02:01,tcr186,0
immrep9423,ILHTHVPEV_A*02:01,tcr106,0
immrep9424,YMFYDGYDV_A*02:01,tcr794,0
immrep9425,SQFNWTIYL_A*02:01,tcr974,0
immrep9426,YEDGVIFYL_B*40:01,tcr693,0
immrep9427,MENWSALEL_B*40:01,tcr636,0
immrep9428,FEAQPGALL_B*40:01,tcr659,0
immrep9429,REDDYSVWL_B*40:01,tcr955,0
immrep9430,YESYIPGAL_B*40:01,tcr802,0
immrep9431,MTDYDYLEV_A*02:01,tcr803,0
immrep9432,MTDYDYLEV_A*02:01,tcr68,0
immrep9433,TVYPYGTSL_A*02:01,tcr979,0
immrep9434,GENALTYAL_B*40:01,tcr489,0
immrep9435,MENWSALEL_B*40:01,tcr402,0
immrep9436,MTDYDYLEV_A*02:01,tcr383,0
immrep9437,YEDGVIFYL_B*40:01,tcr2,0
immrep9438,KLYPFLWFA_A*02:01,tcr157,0
immrep9439,ILMHATYFL_A*02:01,tcr894,0
immrep9440,YLFNADIWI_A*02:01,tcr367,0
immrep9441,MENWSALEL_B*40:01,tcr362,0
immrep9442,MENWSALEL_B*40:01,tcr881,0
immrep9443,YEDGVIFYL_B*40:01,tcr134,0
immrep9444,YESYIPGAL_B*40:01,tcr546,0
immrep9445,YLFNADIWI_A*02:01,tcr747,0
immrep9446,YESYIPGAL_B*40:01,tcr254,0
immrep9447,GEVLACYAL_B*40:01,tcr203,0
immrep9448,SQFNWTIYL_A*02:01,tcr724,0
immrep9449,MENWSALEL_B*40:01,tcr674,0
immrep9450,REDDYSVWL_B*40:01,tcr663,0
immrep9451,GENALTYAL_B*40:01,tcr488,0
immrep9452,MTDYDYLEV_A*02:01,tcr172,0
immrep9453,SQFNWTIYL_A*02:01,tcr226,0
immrep9454,YMFYDGYDV_A*02:01,tcr654,0
immrep9455,MEMPDYLLL_B*40:01,tcr617,0
immrep9456,GENALTYAL_B*40:01,tcr738,0
immrep9457,YEDGVIFYL_B*40:01,tcr948,0
immrep9458,YESYIPGAL_B*40:01,tcr914,0
immrep9459,HLDDYPYLM_A*02:01,tcr117,0
immrep9460,YENGSTPVL_B*40:01,tcr348,0
immrep9461,SQFNWTIYL_A*02:01,tcr734,0
immrep9462,TVYPYGTSL_A*02:01,tcr756,0
immrep9463,ILHTHVPEV_A*02:01,tcr294,0
immrep9464,KLYPFLWFA_A*02:01,tcr355,0
immrep9465,MENWSALEL_B*40:01,tcr158,0
immrep9466,FEAQPGALL_B*40:01,tcr865,0
immrep9467,MTDYDYLEV_A*02:01,tcr151,0
immrep9468,ILHTHVPEV_A*02:01,tcr814,0
immrep9469,SQFNWTIYL_A*02:01,tcr151,0
immrep9470,ILHTHVPEV_A*02:01,tcr403,0
immrep9471,MEMPDYLLL_B*40:01,tcr926,0
immrep9472,YEDGVIFYL_B*40:01,tcr914,0
immrep9473,ILMHATYFL_A*02:01,tcr212,0
immrep9474,SQFNWTIYL_A*02:01,tcr549,0
immrep9475,HLDDYPYLM_A*02:01,tcr243,0
immrep9476,ILMHATYFL_A*02:01,tcr756,0
immrep9477,KLYPFLWFA_A*02:01,tcr746,0
immrep9478,MEMPDYLLL_B*40:01,tcr778,0
immrep9479,SEESAFYVL_B*40:01,tcr409,0
immrep9480,MTDYDYLEV_A*02:01,tcr23,0
immrep9481,HLDDYPYLM_A*02:01,tcr304,0
immrep9482,ILHTHVPEV_A*02:01,tcr927,0
immrep9483,TVYPYGTSL_A*02:01,tcr72,0
immrep9484,YEDGVIFYL_B*40:01,tcr387,0
immrep9485,MTDYDYLEV_A*02:01,tcr370,0
immrep9486,SQFNWTIYL_A*02:01,tcr54,0
immrep9487,ILMHATYFL_A*02:01,tcr99,0
immrep9488,KLYPFLWFA_A*02:01,tcr212,0
immrep9489,ILHTHVPEV_A*02:01,tcr477,0
immrep9490,YLFNADIWI_A*02:01,tcr803,0
immrep9491,HLDDYPYLM_A*02:01,tcr560,0
immrep9492,MTDYDYLEV_A*02:01,tcr411,0
immrep9493,MEMPDYLLL_B*40:01,tcr391,0
immrep9494,TVYPYGTSL_A*02:01,tcr346,0
immrep9495,YLFNADIWI_A*02:01,tcr862,0
immrep9496,MEMPDYLLL_B*40:01,tcr723,0
immrep9497,FEAQPGALL_B*40:01,tcr887,0
immrep9498,YESYIPGAL_B*40:01,tcr413,0
immrep9499,GENALTYAL_B*40:01,tcr404,0
immrep9500,MTDYDYLEV_A*02:01,tcr938,0
immrep9501,SEESAFYVL_B*40:01,tcr663,0
immrep9502,YMFYDGYDV_A*02:01,tcr980,0
immrep9503,GEVLACYAL_B*40:01,tcr870,0
immrep9504,GENALTYAL_B*40:01,tcr329,0
immrep9505,TVYPYGTSL_A*02:01,tcr336,0
immrep9506,MEMPDYLLL_B*40:01,tcr609,0
immrep9507,GEVLACYAL_B*40:01,tcr388,0
immrep9508,MEMPDYLLL_B*40:01,tcr499,0
immrep9509,YLFNADIWI_A*02:01,tcr71,0
immrep9510,FEAQPGALL_B*40:01,tcr219,0
immrep9511,MENWSALEL_B*40:01,tcr900,0
immrep9512,KLYPFLWFA_A*02:01,tcr576,0
immrep9513,YENGSTPVL_B*40:01,tcr611,0
immrep9514,YMFYDGYDV_A*02:01,tcr61,0
immrep9515,YEDGVIFYL_B*40:01,tcr314,0
immrep9516,REDDYSVWL_B*40:01,tcr870,0
immrep9517,SQFNWTIYL_A*02:01,tcr454,0
immrep9518,GENALTYAL_B*40:01,tcr584,0
immrep9519,REDDYSVWL_B*40:01,tcr892,0
immrep9520,FEAQPGALL_B*40:01,tcr781,0
immrep9521,TVYPYGTSL_A*02:01,tcr795,0
immrep9522,ILMHATYFL_A*02:01,tcr933,0
immrep9523,HLDDYPYLM_A*02:01,tcr709,0
immrep9524,YLFNADIWI_A*02:01,tcr895,0
immrep9525,MEMPDYLLL_B*40:01,tcr302,0
immrep9526,FEAQPGALL_B*40:01,tcr880,0
immrep9527,HLDDYPYLM_A*02:01,tcr366,0
immrep9528,YLFNADIWI_A*02:01,tcr89,0
immrep9529,YLFNADIWI_A*02:01,tcr706,0
immrep9530,ILMHATYFL_A*02:01,tcr64,0
immrep9531,TVYPYGTSL_A*02:01,tcr381,0
immrep9532,YENGSTPVL_B*40:01,tcr277,0
immrep9533,FLDCKSYIL_A*02:01,tcr530,0
immrep9534,FLDCKSYIL_A*02:01,tcr382,0
immrep9535,YLFNADIWI_A*02:01,tcr691,0
immrep9536,SEESAFYVL_B*40:01,tcr104,0
immrep9537,SQFNWTIYL_A*02:01,tcr85,0
immrep9538,FEAQPGALL_B*40:01,tcr167,0
immrep9539,KLYPFLWFA_A*02:01,tcr944,0
immrep9540,ILHTHVPEV_A*02:01,tcr583,0
immrep9541,ILMHATYFL_A*02:01,tcr72,0
immrep9542,YLFNADIWI_A*02:01,tcr717,0
immrep9543,FEAQPGALL_B*40:01,tcr663,0
immrep9544,TVYPYGTSL_A*02:01,tcr241,0
immrep9545,YMFYDGYDV_A*02:01,tcr605,0
immrep9546,YMFYDGYDV_A*02:01,tcr156,0
immrep9547,YENGSTPVL_B*40:01,tcr923,0
immrep9548,GENALTYAL_B*40:01,tcr181,0
immrep9549,YESYIPGAL_B*40:01,tcr969,0
immrep9550,GEVLACYAL_B*40:01,tcr842,0
immrep9551,ILMHATYFL_A*02:01,tcr255,0
immrep9552,MEMPDYLLL_B*40:01,tcr195,0
immrep9553,GEVLACYAL_B*40:01,tcr908,0
immrep9554,MEMPDYLLL_B*40:01,tcr888,0
immrep9555,FLDCKSYIL_A*02:01,tcr703,0
immrep9556,YEDGVIFYL_B*40:01,tcr841,0
immrep9557,YENGSTPVL_B*40:01,tcr130,0
immrep9558,GENALTYAL_B*40:01,tcr493,0
immrep9559,ILMHATYFL_A*02:01,tcr238,0
immrep9560,GENALTYAL_B*40:01,tcr802,0
immrep9561,FEAQPGALL_B*40:01,tcr300,0
immrep9562,KLYPFLWFA_A*02:01,tcr765,0
immrep9563,GEVLACYAL_B*40:01,tcr823,0
immrep9564,GENALTYAL_B*40:01,tcr252,0
immrep9565,ILHTHVPEV_A*02:01,tcr56,0
immrep9566,FLDCKSYIL_A*02:01,tcr334,0
immrep9567,TVYPYGTSL_A*02:01,tcr69,0
immrep9568,YESYIPGAL_B*40:01,tcr516,0
immrep9569,YESYIPGAL_B*40:01,tcr246,0
immrep9570,MEMPDYLLL_B*40:01,tcr652,0
immrep9571,MEMPDYLLL_B*40:01,tcr144,0
immrep9572,YENGSTPVL_B*40:01,tcr40,0
immrep9573,FEAQPGALL_B*40:01,tcr189,0
immrep9574,FEAQPGALL_B*40:01,tcr846,0
immrep9575,YMFYDGYDV_A*02:01,tcr217,0
immrep9576,SQFNWTIYL_A*02:01,tcr878,0
immrep9577,TVYPYGTSL_A*02:01,tcr95,0
immrep9578,YLFNADIWI_A*02:01,tcr44,0
immrep9579,YEDGVIFYL_B*40:01,tcr424,0
immrep9580,SEESAFYVL_B*40:01,tcr223,0
immrep9581,FLDCKSYIL_A*02:01,tcr210,0
immrep9582,FEAQPGALL_B*40:01,tcr882,0
immrep9583,YESYIPGAL_B*40:01,tcr908,0
immrep9584,KLYPFLWFA_A*02:01,tcr964,0
immrep9585,KLYPFLWFA_A*02:01,tcr983,0
immrep9586,FLDCKSYIL_A*02:01,tcr394,0
immrep9587,REDDYSVWL_B*40:01,tcr398,0
immrep9588,REDDYSVWL_B*40:01,tcr846,0
immrep9589,YESYIPGAL_B*40:01,tcr354,0
immrep9590,MENWSALEL_B*40:01,tcr665,0
immrep9591,HLDDYPYLM_A*02:01,tcr786,0
immrep9592,SEESAFYVL_B*40:01,tcr407,0
immrep9593,MEMPDYLLL_B*40:01,tcr461,0
immrep9594,TVYPYGTSL_A*02:01,tcr113,0
immrep9595,SEESAFYVL_B*40:01,tcr665,0
immrep9596,TVYPYGTSL_A*02:01,tcr430,0
immrep9597,SEESAFYVL_B*40:01,tcr648,0
immrep9598,ILMHATYFL_A*02:01,tcr946,0
immrep9599,KLYPFLWFA_A*02:01,tcr931,0
immrep9600,HLDDYPYLM_A*02:01,tcr935,0
immrep9601,ILHTHVPEV_A*02:01,tcr729,0
immrep9602,MEMPDYLLL_B*40:01,tcr14,0
immrep9603,REDDYSVWL_B*40:01,tcr469,0
immrep9604,YENGSTPVL_B*40:01,tcr608,0
immrep9605,FLDCKSYIL_A*02:01,tcr518,0
immrep9606,ILMHATYFL_A*02:01,tcr809,0
immrep9607,YENGSTPVL_B*40:01,tcr558,0
immrep9608,HLDDYPYLM_A*02:01,tcr933,0
immrep9609,YMFYDGYDV_A*02:01,tcr91,0
immrep9610,MENWSALEL_B*40:01,tcr757,0
immrep9611,MEMPDYLLL_B*40:01,tcr598,0
immrep9612,YMFYDGYDV_A*02:01,tcr406,0
immrep9613,KLYPFLWFA_A*02:01,tcr454,0
immrep9614,MTDYDYLEV_A*02:01,tcr964,0
immrep9615,MEMPDYLLL_B*40:01,tcr104,0
immrep9616,YMFYDGYDV_A*02:01,tcr670,0
immrep9617,YENGSTPVL_B*40:01,tcr285,0
immrep9618,KLYPFLWFA_A*02:01,tcr91,0
immrep9619,MTDYDYLEV_A*02:01,tcr792,0
immrep9620,MTDYDYLEV_A*02:01,tcr522,0
immrep9621,ILHTHVPEV_A*02:01,tcr448,0
immrep9622,MENWSALEL_B*40:01,tcr274,0
immrep9623,MTDYDYLEV_A*02:01,tcr72,0
immrep9624,KLYPFLWFA_A*02:01,tcr707,0
immrep9625,SQFNWTIYL_A*02:01,tcr420,0
immrep9626,HLDDYPYLM_A*02:01,tcr60,0
immrep9627,FLDCKSYIL_A*02:01,tcr653,0
immrep9628,GEVLACYAL_B*40:01,tcr277,0
immrep9629,ILHTHVPEV_A*02:01,tcr64,0
immrep9630,YENGSTPVL_B*40:01,tcr452,0
immrep9631,YMFYDGYDV_A*02:01,tcr733,0
immrep9632,SQFNWTIYL_A*02:01,tcr418,0
immrep9633,GENALTYAL_B*40:01,tcr90,0
immrep9634,FEAQPGALL_B*40:01,tcr410,0
immrep9635,ILHTHVPEV_A*02:01,tcr785,0
immrep9636,TVYPYGTSL_A*02:01,tcr946,0
immrep9637,ILMHATYFL_A*02:01,tcr573,0
immrep9638,GENALTYAL_B*40:01,tcr767,0
immrep9639,HLDDYPYLM_A*02:01,tcr278,0
immrep9640,HLDDYPYLM_A*02:01,tcr492,0
immrep9641,YEDGVIFYL_B*40:01,tcr315,0
immrep9642,FEAQPGALL_B*40:01,tcr384,0
immrep9643,HLDDYPYLM_A*02:01,tcr31,0
immrep9644,ILHTHVPEV_A*02:01,tcr122,0
immrep9645,SQFNWTIYL_A*02:01,tcr325,0
immrep9646,FEAQPGALL_B*40:01,tcr329,0
immrep9647,GENALTYAL_B*40:01,tcr280,0
immrep9648,FEAQPGALL_B*40:01,tcr623,0
immrep9649,TVYPYGTSL_A*02:01,tcr214,0
immrep9650,YEDGVIFYL_B*40:01,tcr819,0
immrep9651,ILHTHVPEV_A*02:01,tcr12,0
immrep9652,YEDGVIFYL_B*40:01,tcr498,0
immrep9653,FLDCKSYIL_A*02:01,tcr691,0
immrep9654,MTDYDYLEV_A*02:01,tcr22,0
immrep9655,YEDGVIFYL_B*40:01,tcr273,0
immrep9656,YMFYDGYDV_A*02:01,tcr48,0
immrep9657,FLDCKSYIL_A*02:01,tcr305,0
immrep9658,REDDYSVWL_B*40:01,tcr339,0
immrep9659,GENALTYAL_B*40:01,tcr391,0
immrep9660,SEESAFYVL_B*40:01,tcr547,0
immrep9661,YENGSTPVL_B*40:01,tcr136,0
immrep9662,YESYIPGAL_B*40:01,tcr686,0
immrep9663,SQFNWTIYL_A*02:01,tcr331,0
immrep9664,KLYPFLWFA_A*02:01,tcr11,0
immrep9665,YEDGVIFYL_B*40:01,tcr188,0
immrep9666,TVYPYGTSL_A*02:01,tcr60,0
immrep9667,MTDYDYLEV_A*02:01,tcr217,0
immrep9668,YESYIPGAL_B*40:01,tcr173,0
immrep9669,FLDCKSYIL_A*02:01,tcr122,0
immrep9670,TVYPYGTSL_A*02:01,tcr289,0
immrep9671,REDDYSVWL_B*40:01,tcr78,0
immrep9672,GEVLACYAL_B*40:01,tcr361,0
immrep9673,FEAQPGALL_B*40:01,tcr661,0
immrep9674,FLDCKSYIL_A*02:01,tcr460,0
immrep9675,TVYPYGTSL_A*02:01,tcr97,0
immrep9676,YLFNADIWI_A*02:01,tcr963,0
immrep9677,HLDDYPYLM_A*02:01,tcr725,0
immrep9678,YEDGVIFYL_B*40:01,tcr154,0
immrep9679,YMFYDGYDV_A*02:01,tcr737,0
immrep9680,TVYPYGTSL_A*02:01,tcr54,0
immrep9681,YEDGVIFYL_B*40:01,tcr697,0
immrep9682,SEESAFYVL_B*40:01,tcr330,0
immrep9683,MEMPDYLLL_B*40:01,tcr511,0
immrep9684,YEDGVIFYL_B*40:01,tcr611,0
immrep9685,ILMHATYFL_A*02:01,tcr373,0
immrep9686,YMFYDGYDV_A*02:01,tcr355,0
immrep9687,ILHTHVPEV_A*02:01,tcr748,0
immrep9688,FEAQPGALL_B*40:01,tcr565,0
immrep9689,KLYPFLWFA_A*02:01,tcr160,0
immrep9690,FEAQPGALL_B*40:01,tcr577,0
immrep9691,KLYPFLWFA_A*02:01,tcr172,0
immrep9692,YENGSTPVL_B*40:01,tcr407,0
immrep9693,HLDDYPYLM_A*02:01,tcr751,0
immrep9694,MTDYDYLEV_A*02:01,tcr560,0
immrep9695,YMFYDGYDV_A*02:01,tcr931,0
immrep9696,YENGSTPVL_B*40:01,tcr975,0
immrep9697,ILMHATYFL_A*02:01,tcr210,0
immrep9698,GEVLACYAL_B*40:01,tcr669,0
immrep9699,HLDDYPYLM_A*02:01,tcr545,0
immrep9700,ILMHATYFL_A*02:01,tcr689,0
immrep9701,TVYPYGTSL_A*02:01,tcr737,0
immrep9702,HLDDYPYLM_A*02:01,tcr417,0
immrep9703,YESYIPGAL_B*40:01,tcr116,0
immrep9704,YESYIPGAL_B*40:01,tcr853,0
immrep9705,GENALTYAL_B*40:01,tcr831,0
immrep9706,MEMPDYLLL_B*40:01,tcr557,0
immrep9707,GEVLACYAL_B*40:01,tcr723,0
immrep9708,MEMPDYLLL_B*40:01,tcr283,0
immrep9709,ILMHATYFL_A*02:01,tcr915,0
immrep9710,ILMHATYFL_A*02:01,tcr151,0
immrep9711,SEESAFYVL_B*40:01,tcr464,0
immrep9712,SEESAFYVL_B*40:01,tcr909,0
immrep9713,SQFNWTIYL_A*02:01,tcr554,0
immrep9714,GENALTYAL_B*40:01,tcr914,0
immrep9715,YMFYDGYDV_A*02:01,tcr23,0
immrep9716,YLFNADIWI_A*02:01,tcr836,0
immrep9717,YLFNADIWI_A*02:01,tcr545,0
immrep9718,SEESAFYVL_B*40:01,tcr405,0
immrep9719,YLFNADIWI_A*02:01,tcr670,0
immrep9720,GEVLACYAL_B*40:01,tcr853,0
immrep9721,FLDCKSYIL_A*02:01,tcr564,0
immrep9722,YENGSTPVL_B*40:01,tcr428,0
immrep9723,MENWSALEL_B*40:01,tcr970,0
immrep9724,REDDYSVWL_B*40:01,tcr458,0
immrep9725,ILMHATYFL_A*02:01,tcr716,0
immrep9726,FEAQPGALL_B*40:01,tcr399,0
immrep9727,MTDYDYLEV_A*02:01,tcr716,0
immrep9728,YEDGVIFYL_B*40:01,tcr975,0
immrep9729,YLFNADIWI_A*02:01,tcr777,0
immrep9730,GENALTYAL_B*40:01,tcr617,0
immrep9731,MENWSALEL_B*40:01,tcr330,0
immrep9732,ILHTHVPEV_A*02:01,tcr30,0
immrep9733,TVYPYGTSL_A*02:01,tcr478,0
immrep9734,GEVLACYAL_B*40:01,tcr359,0
immrep9735,MTDYDYLEV_A*02:01,tcr765,0
immrep9736,ILMHATYFL_A*02:01,tcr486,0
immrep9737,SEESAFYVL_B*40:01,tcr586,0
immrep9738,REDDYSVWL_B*40:01,tcr557,0
immrep9739,YLFNADIWI_A*02:01,tcr984,0
immrep9740,FEAQPGALL_B*40:01,tcr697,0
immrep9741,YENGSTPVL_B*40:01,tcr844,0
immrep9742,YENGSTPVL_B*40:01,tcr580,0
immrep9743,MTDYDYLEV_A*02:01,tcr123,0
immrep9744,YMFYDGYDV_A*02:01,tcr710,0
immrep9745,YENGSTPVL_B*40:01,tcr100,0
immrep9746,ILMHATYFL_A*02:01,tcr658,0
immrep9747,SEESAFYVL_B*40:01,tcr423,0
immrep9748,YENGSTPVL_B*40:01,tcr439,0
immrep9749,FEAQPGALL_B*40:01,tcr870,0
immrep9750,KLYPFLWFA_A*02:01,tcr509,0
immrep9751,YEDGVIFYL_B*40:01,tcr29,0
immrep9752,YESYIPGAL_B*40:01,tcr951,0
immrep9753,SEESAFYVL_B*40:01,tcr566,0
immrep9754,MTDYDYLEV_A*02:01,tcr946,0
immrep9755,FEAQPGALL_B*40:01,tcr413,0
immrep9756,YMFYDGYDV_A*02:01,tcr117,0
immrep9757,ILMHATYFL_A*02:01,tcr531,0
immrep9758,TVYPYGTSL_A*02:01,tcr416,0
immrep9759,SEESAFYVL_B*40:01,tcr237,0
immrep9760,YEDGVIFYL_B*40:01,tcr607,0
immrep9761,MEMPDYLLL_B*40:01,tcr536,0
immrep9762,GENALTYAL_B*40:01,tcr882,0
immrep9763,YESYIPGAL_B*40:01,tcr929,0
immrep9764,GENALTYAL_B*40:01,tcr788,0
immrep9765,MTDYDYLEV_A*02:01,tcr749,0
immrep9766,SQFNWTIYL_A*02:01,tcr743,0
immrep9767,ILMHATYFL_A*02:01,tcr649,0
immrep9768,KLYPFLWFA_A*02:01,tcr480,0
immrep9769,MEMPDYLLL_B*40:01,tcr450,0
immrep9770,FEAQPGALL_B*40:01,tcr443,0
immrep9771,KLYPFLWFA_A*02:01,tcr253,0
immrep9772,SQFNWTIYL_A*02:01,tcr249,0
immrep9773,TVYPYGTSL_A*02:01,tcr624,0
immrep9774,SEESAFYVL_B*40:01,tcr219,0
immrep9775,SEESAFYVL_B*40:01,tcr371,0
immrep9776,ILMHATYFL_A*02:01,tcr963,0
immrep9777,GENALTYAL_B*40:01,tcr167,0
immrep9778,YEDGVIFYL_B*40:01,tcr102,0
immrep9779,YESYIPGAL_B*40:01,tcr577,0
immrep9780,ILHTHVPEV_A*02:01,tcr129,0
immrep9781,SQFNWTIYL_A*02:01,tcr836,0
immrep9782,YLFNADIWI_A*02:01,tcr222,0
immrep9783,REDDYSVWL_B*40:01,tcr498,0
immrep9784,YMFYDGYDV_A*02:01,tcr448,0
immrep9785,ILMHATYFL_A*02:01,tcr356,0
immrep9786,YESYIPGAL_B*40:01,tcr769,0
immrep9787,SEESAFYVL_B*40:01,tcr445,0
immrep9788,REDDYSVWL_B*40:01,tcr66,0
immrep9789,YMFYDGYDV_A*02:01,tcr442,0
immrep9790,SQFNWTIYL_A*02:01,tcr631,0
immrep9791,MTDYDYLEV_A*02:01,tcr248,0
immrep9792,YLFNADIWI_A*02:01,tcr448,0
immrep9793,REDDYSVWL_B*40:01,tcr171,0
immrep9794,YESYIPGAL_B*40:01,tcr78,0
immrep9795,MENWSALEL_B*40:01,tcr628,0
immrep9796,TVYPYGTSL_A*02:01,tcr355,0
immrep9797,ILHTHVPEV_A*02:01,tcr601,0
immrep9798,FLDCKSYIL_A*02:01,tcr149,0
immrep9799,YMFYDGYDV_A*02:01,tcr545,0
immrep9800,REDDYSVWL_B*40:01,tcr37,0
immrep9801,YESYIPGAL_B*40:01,tcr947,0
immrep9802,REDDYSVWL_B*40:01,tcr483,0
immrep9803,FLDCKSYIL_A*02:01,tcr512,0
immrep9804,FEAQPGALL_B*40:01,tcr323,0
immrep9805,SQFNWTIYL_A*02:01,tcr751,0
immrep9806,KLYPFLWFA_A*02:01,tcr793,0
immrep9807,YESYIPGAL_B*40:01,tcr871,0
immrep9808,KLYPFLWFA_A*02:01,tcr27,0
immrep9809,FEAQPGALL_B*40:01,tcr775,0
immrep9810,GENALTYAL_B*40:01,tcr657,0
immrep9811,KLYPFLWFA_A*02:01,tcr505,0
immrep9812,ILMHATYFL_A*02:01,tcr177,0
immrep9813,TVYPYGTSL_A*02:01,tcr290,0
immrep9814,FLDCKSYIL_A*02:01,tcr143,0
immrep9815,TVYPYGTSL_A*02:01,tcr182,0
immrep9816,YEDGVIFYL_B*40:01,tcr813,0
immrep9817,SEESAFYVL_B*40:01,tcr479,0
immrep9818,YENGSTPVL_B*40:01,tcr426,0
immrep9819,ILMHATYFL_A*02:01,tcr192,0
immrep9820,FEAQPGALL_B*40:01,tcr493,0
immrep9821,YESYIPGAL_B*40:01,tcr9,0
immrep9822,ILHTHVPEV_A*02:01,tcr543,0
immrep9823,MEMPDYLLL_B*40:01,tcr285,0
immrep9824,YLFNADIWI_A*02:01,tcr633,0
immrep9825,MTDYDYLEV_A*02:01,tcr639,0
immrep9826,YEDGVIFYL_B*40:01,tcr436,0
immrep9827,YESYIPGAL_B*40:01,tcr489,0
immrep9828,ILMHATYFL_A*02:01,tcr868,0
immrep9829,TVYPYGTSL_A*02:01,tcr779,0
immrep9830,FLDCKSYIL_A*02:01,tcr286,0
immrep9831,HLDDYPYLM_A*02:01,tcr313,0
immrep9832,KLYPFLWFA_A*02:01,tcr792,0
immrep9833,MTDYDYLEV_A*02:01,tcr10,0
immrep9834,TVYPYGTSL_A*02:01,tcr733,0
immrep9835,ILMHATYFL_A*02:01,tcr135,0
immrep9836,TVYPYGTSL_A*02:01,tcr278,0
immrep9837,YEDGVIFYL_B*40:01,tcr142,0
immrep9838,GENALTYAL_B*40:01,tcr315,0
immrep9839,MEMPDYLLL_B*40:01,tcr645,0
immrep9840,FEAQPGALL_B*40:01,tcr621,0
immrep9841,ILMHATYFL_A*02:01,tcr432,0
immrep9842,YMFYDGYDV_A*02:01,tcr327,0
immrep9843,YENGSTPVL_B*40:01,tcr977,0
immrep9844,ILHTHVPEV_A*02:01,tcr338,0
immrep9845,MENWSALEL_B*40:01,tcr882,0
immrep9846,FLDCKSYIL_A*02:01,tcr57,0
immrep9847,GENALTYAL_B*40:01,tcr547,0
immrep9848,YENGSTPVL_B*40:01,tcr850,0
immrep9849,MENWSALEL_B*40:01,tcr562,0
immrep9850,YEDGVIFYL_B*40:01,tcr661,0
immrep9851,REDDYSVWL_B*40:01,tcr265,0
immrep9852,GENALTYAL_B*40:01,tcr342,0
immrep9853,YLFNADIWI_A*02:01,tcr585,0
immrep9854,FLDCKSYIL_A*02:01,tcr379,0
immrep9855,FLDCKSYIL_A*02:01,tcr432,0
immrep9856,YLFNADIWI_A*02:01,tcr210,0
immrep9857,YLFNADIWI_A*02:01,tcr863,0
immrep9858,GEVLACYAL_B*40:01,tcr678,0
immrep9859,ILMHATYFL_A*02:01,tcr10,0
immrep9860,YMFYDGYDV_A*02:01,tcr901,0
immrep9861,MEMPDYLLL_B*40:01,tcr884,0
immrep9862,MTDYDYLEV_A*02:01,tcr787,0
immrep9863,YEDGVIFYL_B*40:01,tcr19,0
immrep9864,YLFNADIWI_A*02:01,tcr655,0
immrep9865,TVYPYGTSL_A*02:01,tcr344,0
immrep9866,MEMPDYLLL_B*40:01,tcr55,0
immrep9867,ILHTHVPEV_A*02:01,tcr921,0
immrep9868,MEMPDYLLL_B*40:01,tcr698,0
immrep9869,ILMHATYFL_A*02:01,tcr927,0
immrep9870,YMFYDGYDV_A*02:01,tcr922,0
immrep9871,FEAQPGALL_B*40:01,tcr154,0
immrep9872,GENALTYAL_B*40:01,tcr708,0
immrep9873,GENALTYAL_B*40:01,tcr410,0
immrep9874,ILHTHVPEV_A*02:01,tcr427,0
immrep9875,REDDYSVWL_B*40:01,tcr124,0
immrep9876,FLDCKSYIL_A*02:01,tcr20,0
immrep9877,YMFYDGYDV_A*02:01,tcr725,0
immrep9878,KLYPFLWFA_A*02:01,tcr313,0
immrep9879,TVYPYGTSL_A*02:01,tcr367,0
immrep9880,SEESAFYVL_B*40:01,tcr161,0
immrep9881,KLYPFLWFA_A*02:01,tcr6,0
immrep9882,FLDCKSYIL_A*02:01,tcr806,0
immrep9883,YEDGVIFYL_B*40:01,tcr150,0
immrep9884,TVYPYGTSL_A*02:01,tcr170,0
immrep9885,MENWSALEL_B*40:01,tcr951,0
immrep9886,YMFYDGYDV_A*02:01,tcr54,0
immrep9887,MTDYDYLEV_A*02:01,tcr346,0
immrep9888,FLDCKSYIL_A*02:01,tcr111,0
immrep9889,YEDGVIFYL_B*40:01,tcr463,0
immrep9890,HLDDYPYLM_A*02:01,tcr408,0
immrep9891,TVYPYGTSL_A*02:01,tcr316,0
immrep9892,YLFNADIWI_A*02:01,tcr119,0
immrep9893,MEMPDYLLL_B*40:01,tcr781,0
immrep9894,REDDYSVWL_B*40:01,tcr147,0
immrep9895,MENWSALEL_B*40:01,tcr761,0
immrep9896,MENWSALEL_B*40:01,tcr859,0
immrep9897,HLDDYPYLM_A*02:01,tcr422,0
immrep9898,GENALTYAL_B*40:01,tcr693,0
immrep9899,SEESAFYVL_B*40:01,tcr774,0
immrep9900,MEMPDYLLL_B*40:01,tcr909,0
immrep9901,FLDCKSYIL_A*02:01,tcr649,0
immrep9902,FEAQPGALL_B*40:01,tcr947,0
immrep9903,ILMHATYFL_A*02:01,tcr836,0
immrep9904,YMFYDGYDV_A*02:01,tcr872,0
immrep9905,MEMPDYLLL_B*40:01,tcr647,0
immrep9906,YLFNADIWI_A*02:01,tcr337,0
immrep9907,MEMPDYLLL_B*40:01,tcr385,0
immrep9908,FEAQPGALL_B*40:01,tcr546,0
immrep9909,GEVLACYAL_B*40:01,tcr575,0
immrep9910,ILMHATYFL_A*02:01,tcr487,0
immrep9911,YESYIPGAL_B*40:01,tcr511,0
immrep9912,FLDCKSYIL_A*02:01,tcr338,0
immrep9913,HLDDYPYLM_A*02:01,tcr42,0
immrep9914,SQFNWTIYL_A*02:01,tcr555,0
immrep9915,SQFNWTIYL_A*02:01,tcr779,0
immrep9916,MENWSALEL_B*40:01,tcr260,0
immrep9917,YEDGVIFYL_B*40:01,tcr627,0
immrep9918,KLYPFLWFA_A*02:01,tcr785,0
immrep9919,MENWSALEL_B*40:01,tcr515,0
immrep9920,SQFNWTIYL_A*02:01,tcr248,0
immrep9921,SQFNWTIYL_A*02:01,tcr939,0
immrep9922,MENWSALEL_B*40:01,tcr914,0
immrep9923,YESYIPGAL_B*40:01,tcr109,0
immrep9924,YESYIPGAL_B*40:01,tcr227,0
immrep9925,MEMPDYLLL_B*40:01,tcr831,0
immrep9926,HLDDYPYLM_A*02:01,tcr500,0
immrep9927,YESYIPGAL_B*40:01,tcr753,0
immrep9928,YMFYDGYDV_A*02:01,tcr313,0
immrep9929,MENWSALEL_B*40:01,tcr310,0
immrep9930,ILMHATYFL_A*02:01,tcr705,0
immrep9931,SQFNWTIYL_A*02:01,tcr486,0
immrep9932,YESYIPGAL_B*40:01,tcr959,0
immrep9933,MTDYDYLEV_A*02:01,tcr99,0
immrep9934,HLDDYPYLM_A*02:01,tcr270,0
immrep9935,FLDCKSYIL_A*02:01,tcr843,0
immrep9936,SQFNWTIYL_A*02:01,tcr927,0
immrep9937,YENGSTPVL_B*40:01,tcr568,0
immrep9938,SQFNWTIYL_A*02:01,tcr1,0
immrep9939,TVYPYGTSL_A*02:01,tcr449,0
immrep9940,KLYPFLWFA_A*02:01,tcr976,0
immrep9941,YMFYDGYDV_A*02:01,tcr346,0
immrep9942,FEAQPGALL_B*40:01,tcr145,0
immrep9943,SEESAFYVL_B*40:01,tcr447,0
immrep9944,KLYPFLWFA_A*02:01,tcr95,0
immrep9945,FEAQPGALL_B*40:01,tcr679,0
immrep9946,YMFYDGYDV_A*02:01,tcr740,0
immrep9947,HLDDYPYLM_A*02:01,tcr215,0
immrep9948,FEAQPGALL_B*40:01,tcr520,0
immrep9949,YENGSTPVL_B*40:01,tcr674,0
immrep9950,SEESAFYVL_B*40:01,tcr189,0
immrep9951,MTDYDYLEV_A*02:01,tcr477,0
immrep9952,GEVLACYAL_B*40:01,tcr45,0
immrep9953,KLYPFLWFA_A*02:01,tcr60,0
immrep9954,GENALTYAL_B*40:01,tcr110,0
immrep9955,YESYIPGAL_B*40:01,tcr104,0
immrep9956,KLYPFLWFA_A*02:01,tcr448,0
immrep9957,ILMHATYFL_A*02:01,tcr366,0
immrep9958,FLDCKSYIL_A*02:01,tcr741,0
immrep9959,SEESAFYVL_B*40:01,tcr968,0
immrep9960,GEVLACYAL_B*40:01,tcr780,0
immrep9961,ILHTHVPEV_A*02:01,tcr974,0
immrep9962,TVYPYGTSL_A*02:01,tcr612,0
immrep9963,SQFNWTIYL_A*02:01,tcr526,0
immrep9964,YEDGVIFYL_B*40:01,tcr363,0
immrep9965,YLFNADIWI_A*02:01,tcr976,0
immrep9966,YMFYDGYDV_A*02:01,tcr567,0
immrep9967,REDDYSVWL_B*40:01,tcr778,0
immrep9968,MENWSALEL_B*40:01,tcr413,0
immrep9969,YMFYDGYDV_A*02:01,tcr497,0
immrep9970,SEESAFYVL_B*40:01,tcr783,0
immrep9971,KLYPFLWFA_A*02:01,tcr998,0
immrep9972,REDDYSVWL_B*40:01,tcr813,0
immrep9973,MENWSALEL_B*40:01,tcr865,0
immrep9974,TVYPYGTSL_A*02:01,tcr382,0
immrep9975,REDDYSVWL_B*40:01,tcr982,0
immrep9976,GEVLACYAL_B*40:01,tcr810,0
immrep9977,ILMHATYFL_A*02:01,tcr913,0
immrep9978,MENWSALEL_B*40:01,tcr104,0
immrep9979,MEMPDYLLL_B*40:01,tcr504,0
immrep9980,TVYPYGTSL_A*02:01,tcr448,0
immrep9981,FLDCKSYIL_A*02:01,tcr612,0
immrep9982,MTDYDYLEV_A*02:01,tcr733,0
immrep9983,KLYPFLWFA_A*02:01,tcr994,0
immrep9984,SEESAFYVL_B*40:01,tcr977,0
immrep9985,YMFYDGYDV_A*02:01,tcr595,0
immrep9986,ILMHATYFL_A*02:01,tcr749,0
immrep9987,GENALTYAL_B*40:01,tcr81,0
immrep9988,GENALTYAL_B*40:01,tcr78,0
immrep9989,MEMPDYLLL_B*40:01,tcr223,0
immrep9990,YMFYDGYDV_A*02:01,tcr746,0
immrep9991,SEESAFYVL_B*40:01,tcr508,0
immrep9992,SQFNWTIYL_A*02:01,tcr722,0
immrep9993,SEESAFYVL_B*40:01,tcr128,0
immrep9994,GEVLACYAL_B*40:01,tcr195,0
immrep9995,TVYPYGTSL_A*02:01,tcr724,0
immrep9996,MTDYDYLEV_A*02:01,tcr249,0
immrep9997,YEDGVIFYL_B*40:01,tcr74,0
immrep9998,YLFNADIWI_A*02:01,tcr59,0
immrep9999,YESYIPGAL_B*40:01,tcr831,0
