id,pmhc,tcr,label
v1966,RYPLTLGWCF_HLA-A*24:02,tcr1750,1
v1966_rs_2_n0,RYPLTLGWCF_HLA-A*24:02,tcr181,0
v1223,GILGFVFTL_HLA-A*02:01,tcr855,1
v1223_rs_2_n0,GILGFVFTL_HLA-A*02:01,tcr632,0
v1522,LPFDKPTIM_HLA-B*35:01,tcr823,1
v1522_rs_2_n0,LPFDKPTIM_HLA-B*35:01,tcr1738,0
v312,GILGFVFTL_HLA-A*02:01,tcr1274,1
v312_rs_2_n0,GILGFVFTL_HLA-A*02:01,tcr1561,0
v1784,NLVPMVATV_HLA-A*02:01,tcr775,1
v1784_rs_2_n0,NLVPMVATV_HLA-A*02:01,tcr1768,0
v1465,KLVALGINAV_HLA-A*02:01,tcr1778,1
v1465_rs_2_n0,KLVALGINAV_HLA-A*02:01,tcr1312,0
v1778,NLVPMVATV_HLA-A*02:01,tcr711,1
v1778_rs_2_n0,NLVPMVATV_HLA-A*02:01,tcr235,0
v1079,GILGFVFTL_HLA-A*02:01,tcr588,1
v1079_rs_2_n0,GILGFVFTL_HLA-A*02:01,tcr1151,0
v2058,VAANIVLTV_HLA-A*02:01,tcr1605,1
v2058_rs_2_n0,VAANIVLTV_HLA-A*02:01,tcr1845,0
v880,GILGFVFTL_HLA-A*02:01,tcr238,1
v880_rs_2_n0,GILGFVFTL_HLA-A*02:01,tcr184,0
v921,GILGFVFTL_HLA-A*02:01,tcr310,1
v921_rs_2_n0,GILGFVFTL_HLA-A*02:01,tcr652,0
v940,GILGFVFTL_HLA-A*02:01,tcr340,1
v940_rs_2_n0,GILGFVFTL_HLA-A*02:01,tcr832,0
v1103,GILGFVFTL_HLA-A*02:01,tcr63,1
v1103_rs_2_n0,GILGFVFTL_HLA-A*02:01,tcr647,0
v602,GILGFVFTL_HLA-A*02:01,tcr1774,1
v602_rs_2_n0,GILGFVFTL_HLA-A*02:01,tcr1250,0
v2134,YLQPRTFLL_HLA-A*02:01,tcr773,1
v2134_rs_2_n0,YLQPRTFLL_HLA-A*02:01,tcr518,0
v295,GILGFVFTL_HLA-A*02:01,tcr1240,1
v295_rs_2_n0,GILGFVFTL_HLA-A*02:01,tcr413,0
v264,GILGFVFTL_HLA-A*02:01,tcr1185,1
v264_rs_2_n0,GILGFVFTL_HLA-A*02:01,tcr1543,0
v1353,GLCTLVAML_HLA-A*02:01,tcr851,1
v1353_rs_2_n0,GLCTLVAML_HLA-A*02:01,tcr2161,0
v1256,GILGFVFTL_HLA-A*02:01,tcr920,1
v1256_rs_2_n0,GILGFVFTL_HLA-A*02:01,tcr1668,0
v990,GILGFVFTL_HLA-A*02:01,tcr420,1
v990_rs_2_n0,GILGFVFTL_HLA-A*02:01,tcr2022,0
v1995,SLLMWITQV_HLA-A*02:01,tcr741,1
v1995_rs_2_n0,SLLMWITQV_HLA-A*02:01,tcr1753,0
v199,GILGFVFTL_HLA-A*02:01,tcr106,1
v199_rs_2_n0,GILGFVFTL_HLA-A*02:01,tcr1489,0
v433,GILGFVFTL_HLA-A*02:01,tcr1488,1
v433_rs_2_n0,GILGFVFTL_HLA-A*02:01,tcr730,0
v586,GILGFVFTL_HLA-A*02:01,tcr1751,1
v586_rs_2_n0,GILGFVFTL_HLA-A*02:01,tcr2161,0
v526,GILGFVFTL_HLA-A*02:01,tcr1645,1
v526_rs_2_n0,GILGFVFTL_HLA-A*02:01,tcr134,0
v1045,GILGFVFTL_HLA-A*02:01,tcr521,1
v1045_rs_2_n0,GILGFVFTL_HLA-A*02:01,tcr602,0
v1090,GILGFVFTL_HLA-A*02:01,tcr605,1
v1090_rs_2_n0,GILGFVFTL_HLA-A*02:01,tcr1834,0
v149,FLRGRAYGL_HLA-B*08:01,tcr1338,1
v149_rs_2_n0,FLRGRAYGL_HLA-B*08:01,tcr1412,0
v492,GILGFVFTL_HLA-A*02:01,tcr1595,1
v492_rs_2_n0,GILGFVFTL_HLA-A*02:01,tcr875,0
v43,CINGVCWTV_HLA-A*02:01,tcr1963,1
v43_rs_2_n0,CINGVCWTV_HLA-A*02:01,tcr2229,0
v447,GILGFVFTL_HLA-A*02:01,tcr151,1
v447_rs_2_n0,GILGFVFTL_HLA-A*02:01,tcr1150,0
v1047,GILGFVFTL_HLA-A*02:01,tcr525,1
v1047_rs_2_n0,GILGFVFTL_HLA-A*02:01,tcr734,0
v397,GILGFVFTL_HLA-A*02:01,tcr1419,1
v397_rs_2_n0,GILGFVFTL_HLA-A*02:01,tcr80,0
v1302,GILGFVFTL_HLA-A*02:01,tcr984,1
v1302_rs_2_n0,GILGFVFTL_HLA-A*02:01,tcr616,0
v1565,NLVPMVATV_HLA-A*02:01,tcr1039,1
v1565_rs_2_n0,NLVPMVATV_HLA-A*02:01,tcr1955,0
v1814,QIKVRVDMV_HLA-B*08:01,tcr898,1
v1814_rs_2_n0,QIKVRVDMV_HLA-B*08:01,tcr148,0
v63,CVNGSCFTV_HLA-A*02:01,tcr2104,1
v63_rs_2_n0,CVNGSCFTV_HLA-A*02:01,tcr1059,0
v1764,NLVPMVATV_HLA-A*02:01,tcr595,1
v1764_rs_2_n0,NLVPMVATV_HLA-A*02:01,tcr411,0
v1685,NLVPMVATV_HLA-A*02:01,tcr2035,1
v1685_rs_2_n0,NLVPMVATV_HLA-A*02:01,tcr528,0
v1647,NLVPMVATV_HLA-A*02:01,tcr169,1
v1647_rs_2_n0,NLVPMVATV_HLA-A*02:01,tcr1480,0
v350,GILGFVFTL_HLA-A*02:01,tcr1332,1
v350_rs_2_n0,GILGFVFTL_HLA-A*02:01,tcr373,0
v527,GILGFVFTL_HLA-A*02:01,tcr1646,1
v527_rs_2_n0,GILGFVFTL_HLA-A*02:01,tcr870,0
v954,GILGFVFTL_HLA-A*02:01,tcr363,1
v954_rs_2_n0,GILGFVFTL_HLA-A*02:01,tcr2070,0
v2025,SSCMGGMNWR_HLA-A*68:01,tcr1226,1
v2025_rs_2_n0,SSCMGGMNWR_HLA-A*68:01,tcr789,0
v1621,NLVPMVATV_HLA-A*02:01,tcr1502,1
v1621_rs_2_n0,NLVPMVATV_HLA-A*02:01,tcr1771,0
v946,GILGFVFTL_HLA-A*02:01,tcr347,1
v946_rs_2_n0,GILGFVFTL_HLA-A*02:01,tcr250,0
v463,GILGFVFTL_HLA-A*02:01,tcr1539,1
v463_rs_2_n0,GILGFVFTL_HLA-A*02:01,tcr175,0
v431,GILGFVFTL_HLA-A*02:01,tcr1486,1
v431_rs_2_n0,GILGFVFTL_HLA-A*02:01,tcr537,0
v696,GILGFVFTL_HLA-A*02:01,tcr193,1
v696_rs_2_n0,GILGFVFTL_HLA-A*02:01,tcr1648,0
v551,GILGFVFTL_HLA-A*02:01,tcr1693,1
v551_rs_2_n0,GILGFVFTL_HLA-A*02:01,tcr627,0
v1679,NLVPMVATV_HLA-A*02:01,tcr1995,1
v1679_rs_2_n0,NLVPMVATV_HLA-A*02:01,tcr2030,0
v19,ALLPGLPAA_HLA-A*02:01,tcr76,1
v19_rs_2_n0,ALLPGLPAA_HLA-A*02:01,tcr244,0
v655,GILGFVFTL_HLA-A*02:01,tcr1861,1
v655_rs_2_n0,GILGFVFTL_HLA-A*02:01,tcr1834,0
v1629,NLVPMVATV_HLA-A*02:01,tcr155,1
v1629_rs_2_n0,NLVPMVATV_HLA-A*02:01,tcr152,0
v316,GILGFVFTL_HLA-A*02:01,tcr1282,1
v316_rs_2_n0,GILGFVFTL_HLA-A*02:01,tcr1437,0
v1363,GPRLGVRAT_HLA-B*07:02,tcr2214,1
v1363_rs_2_n0,GPRLGVRAT_HLA-B*07:02,tcr1892,0
v1476,KLVALGINAV_HLA-A*02:01,tcr510,1
v1476_rs_2_n0,KLVALGINAV_HLA-A*02:01,tcr1834,0
v1593,NLVPMVATV_HLA-A*02:01,tcr1290,1
v1593_rs_2_n0,NLVPMVATV_HLA-A*02:01,tcr2118,0
v1777,NLVPMVATV_HLA-A*02:01,tcr707,1
v1777_rs_2_n0,NLVPMVATV_HLA-A*02:01,tcr2062,0
v1615,NLVPMVATV_HLA-A*02:01,tcr1453,1
v1615_rs_2_n0,NLVPMVATV_HLA-A*02:01,tcr259,0
v1859,RLWGTWVKA_HLA-A*02:01,tcr1396,1
v1859_rs_2_n0,RLWGTWVKA_HLA-A*02:01,tcr288,0
v982,GILGFVFTL_HLA-A*02:01,tcr403,1
v982_rs_2_n0,GILGFVFTL_HLA-A*02:01,tcr1880,0
v1757,NLVPMVATV_HLA-A*02:01,tcr568,1
v1757_rs_2_n0,NLVPMVATV_HLA-A*02:01,tcr891,0
v1950,RPRGEVRFL_HLA-B*07:02,tcr361,1
v1950_rs_2_n0,RPRGEVRFL_HLA-B*07:02,tcr134,0
v214,GILGFVFTL_HLA-A*02:01,tcr1083,1
v214_rs_2_n0,GILGFVFTL_HLA-A*02:01,tcr2099,0
v832,GILGFVFTL_HLA-A*02:01,tcr2177,1
v832_rs_2_n0,GILGFVFTL_HLA-A*02:01,tcr728,0
v992,GILGFVFTL_HLA-A*02:01,tcr423,1
v992_rs_2_n0,GILGFVFTL_HLA-A*02:01,tcr1954,0
v1054,GILGFVFTL_HLA-A*02:01,tcr535,1
v1054_rs_2_n0,GILGFVFTL_HLA-A*02:01,tcr2213,0
v176,GILGFVFTL_HLA-A*02:01,tcr1018,1
v176_rs_2_n0,GILGFVFTL_HLA-A*02:01,tcr1024,0
v48,CINGVCWTV_HLA-A*02:01,tcr464,1
v48_rs_2_n0,CINGVCWTV_HLA-A*02:01,tcr2006,0
v2015,SPRWYFYYL_HLA-B*07:02,tcr1913,1
v2015_rs_2_n0,SPRWYFYYL_HLA-B*07:02,tcr1151,0
v2057,VAANIVLTV_HLA-A*02:01,tcr1555,1
v2057_rs_2_n0,VAANIVLTV_HLA-A*02:01,tcr1974,0
v328,GILGFVFTL_HLA-A*02:01,tcr13,1
v328_rs_2_n0,GILGFVFTL_HLA-A*02:01,tcr1016,0
v1796,NLVPMVATV_HLA-A*02:01,tcr884,1
v1796_rs_2_n0,NLVPMVATV_HLA-A*02:01,tcr2220,0
v1846,RLPGVLPRA_HLA-A*02:01,tcr1325,1
v1846_rs_2_n0,RLPGVLPRA_HLA-A*02:01,tcr191,0
v1402,HPNGYKSLSTL_HLA-B*07:02,tcr34,1
v1402_rs_2_n0,HPNGYKSLSTL_HLA-B*07:02,tcr1775,0
v1219,GILGFVFTL_HLA-A*02:01,tcr848,1
v1219_rs_2_n0,GILGFVFTL_HLA-A*02:01,tcr1236,0
v1237,GILGFVFTL_HLA-A*02:01,tcr883,1
v1237_rs_2_n0,GILGFVFTL_HLA-A*02:01,tcr1608,0
v1495,KLYGLDWAEL_HLA-A*02:01,tcr41,1
v1495_rs_2_n0,KLYGLDWAEL_HLA-A*02:01,tcr868,0
v1559,NLVPMVATV_HLA-A*02:01,tcr1014,1
v1559_rs_2_n0,NLVPMVATV_HLA-A*02:01,tcr2135,0
v1563,NLVPMVATV_HLA-A*02:01,tcr1034,1
v1563_rs_2_n0,NLVPMVATV_HLA-A*02:01,tcr657,0
v581,GILGFVFTL_HLA-A*02:01,tcr174,1
v581_rs_2_n0,GILGFVFTL_HLA-A*02:01,tcr2129,0
v1874,RPIIRPATL_HLA-B*07:02,tcr1016,1
v1874_rs_2_n0,RPIIRPATL_HLA-B*07:02,tcr873,0
v1898,RPIIRPATL_HLA-B*07:02,tcr517,1
v1898_rs_2_n0,RPIIRPATL_HLA-B*07:02,tcr643,0
v913,GILGFVFTL_HLA-A*02:01,tcr298,1
v913_rs_2_n0,GILGFVFTL_HLA-A*02:01,tcr1481,0
v1454,KLVALGINAV_HLA-A*02:01,tcr1111,1
v1454_rs_2_n0,KLVALGINAV_HLA-A*02:01,tcr941,0
v1165,GILGFVFTL_HLA-A*02:01,tcr739,1
v1165_rs_2_n0,GILGFVFTL_HLA-A*02:01,tcr1182,0
v1933,RPIIRPATL_HLA-B*08:01,tcr764,1
v1933_rs_2_n0,RPIIRPATL_HLA-B*08:01,tcr1159,0
v2037,TLWCSPIKV_HLA-A*02:01,tcr2048,1
v2037_rs_2_n0,TLWCSPIKV_HLA-A*02:01,tcr1740,0
v1371,GTSGSPIINR_HLA-A*11:01,tcr505,1
v1371_rs_2_n0,GTSGSPIINR_HLA-A*11:01,tcr1669,0
v1931,RPIIRPATL_HLA-B*08:01,tcr730,1
v1931_rs_2_n0,RPIIRPATL_HLA-B*08:01,tcr1446,0
v1088,GILGFVFTL_HLA-A*02:01,tcr603,1
v1088_rs_2_n0,GILGFVFTL_HLA-A*02:01,tcr470,0
v2083,WLIRETQPITK_HLA-A*03:01,tcr1365,1
v2083_rs_2_n0,WLIRETQPITK_HLA-A*03:01,tcr746,0
v1389,HPNGYKSLSTL_HLA-B*07:02,tcr1702,1
v1389_rs_2_n0,HPNGYKSLSTL_HLA-B*07:02,tcr737,0
v1531,LPFEKSTVM_HLA-B*35:01,tcr823,1
v1531_rs_2_n0,LPFEKSTVM_HLA-B*35:01,tcr546,0
v414,GILGFVFTL_HLA-A*02:01,tcr1450,1
v414_rs_2_n0,GILGFVFTL_HLA-A*02:01,tcr260,0
v789,GILGFVFTL_HLA-A*02:01,tcr2109,1
v789_rs_2_n0,GILGFVFTL_HLA-A*02:01,tcr1034,0
v1041,GILGFVFTL_HLA-A*02:01,tcr514,1
v1041_rs_2_n0,GILGFVFTL_HLA-A*02:01,tcr1140,0
v891,GILGFVFTL_HLA-A*02:01,tcr256,1
v891_rs_2_n0,GILGFVFTL_HLA-A*02:01,tcr1345,0
v1374,GTSGSPIVNR_HLA-A*11:01,tcr505,1
v1374_rs_2_n0,GTSGSPIVNR_HLA-A*11:01,tcr1798,0
v1348,GLCTLVAML_HLA-A*02:01,tcr745,1
v1348_rs_2_n0,GLCTLVAML_HLA-A*02:01,tcr1489,0
v604,GILGFVFTL_HLA-A*02:01,tcr178,1
v604_rs_2_n0,GILGFVFTL_HLA-A*02:01,tcr1336,0
v1428,ILAKFLHWL_HLA-A*02:01,tcr7,1
v1428_rs_2_n0,ILAKFLHWL_HLA-A*02:01,tcr580,0
v183,GILGFVFTL_HLA-A*02:01,tcr1029,1
v183_rs_2_n0,GILGFVFTL_HLA-A*02:01,tcr715,0
v1905,RPIIRPATL_HLA-B*08:01,tcr1045,1
v1905_rs_2_n0,RPIIRPATL_HLA-B*08:01,tcr1065,0
v1027,GILGFVFTL_HLA-A*02:01,tcr482,1
v1027_rs_2_n0,GILGFVFTL_HLA-A*02:01,tcr387,0
v189,GILGFVFTL_HLA-A*02:01,tcr1038,1
v189_rs_2_n0,GILGFVFTL_HLA-A*02:01,tcr2043,0
v2076,VVMSWAPPV_HLA-A*02:01,tcr981,1
v2076_rs_2_n0,VVMSWAPPV_HLA-A*02:01,tcr2018,0
v2097,YLQPRTFLL_HLA-A*02:01,tcr1167,1
v2097_rs_2_n0,YLQPRTFLL_HLA-A*02:01,tcr1779,0
v1076,GILGFVFTL_HLA-A*02:01,tcr585,1
v1076_rs_2_n0,GILGFVFTL_HLA-A*02:01,tcr1216,0
v1551,MQLFFSYFA_HLA-A*02:01,tcr1422,1
v1551_rs_2_n0,MQLFFSYFA_HLA-A*02:01,tcr687,0
v685,GILGFVFTL_HLA-A*02:01,tcr1917,1
v685_rs_2_n0,GILGFVFTL_HLA-A*02:01,tcr745,0
v571,GILGFVFTL_HLA-A*02:01,tcr1726,1
v571_rs_2_n0,GILGFVFTL_HLA-A*02:01,tcr335,0
v1233,GILGFVFTL_HLA-A*02:01,tcr874,1
v1233_rs_2_n0,GILGFVFTL_HLA-A*02:01,tcr915,0
v124,EPLPQGQLTAY_HLA-B*35:01,tcr1207,1
v124_rs_2_n0,EPLPQGQLTAY_HLA-B*35:01,tcr1380,0
v1000,GILGFVFTL_HLA-A*02:01,tcr435,1
v1000_rs_2_n0,GILGFVFTL_HLA-A*02:01,tcr1631,0
v1856,RLQSLQTYV_HLA-A*02:01,tcr472,1
v1856_rs_2_n0,RLQSLQTYV_HLA-A*02:01,tcr1921,0
v413,GILGFVFTL_HLA-A*02:01,tcr145,1
v413_rs_2_n0,GILGFVFTL_HLA-A*02:01,tcr1943,0
v194,GILGFVFTL_HLA-A*02:01,tcr1050,1
v194_rs_2_n0,GILGFVFTL_HLA-A*02:01,tcr1001,0
v195,GILGFVFTL_HLA-A*02:01,tcr1053,1
v195_rs_2_n0,GILGFVFTL_HLA-A*02:01,tcr776,0
v1410,HPNGYKSLSTL_HLA-B*07:02,tcr873,1
v1410_rs_2_n0,HPNGYKSLSTL_HLA-B*07:02,tcr210,0
v1722,NLVPMVATV_HLA-A*02:01,tcr292,1
v1722_rs_2_n0,NLVPMVATV_HLA-A*02:01,tcr1546,0
v323,GILGFVFTL_HLA-A*02:01,tcr1294,1
v323_rs_2_n0,GILGFVFTL_HLA-A*02:01,tcr823,0
v624,GILGFVFTL_HLA-A*02:01,tcr1808,1
v624_rs_2_n0,GILGFVFTL_HLA-A*02:01,tcr2067,0
v190,GILGFVFTL_HLA-A*02:01,tcr1040,1
v190_rs_2_n0,GILGFVFTL_HLA-A*02:01,tcr115,0
v250,GILGFVFTL_HLA-A*02:01,tcr1142,1
v250_rs_2_n0,GILGFVFTL_HLA-A*02:01,tcr1631,0
v428,GILGFVFTL_HLA-A*02:01,tcr1480,1
v428_rs_2_n0,GILGFVFTL_HLA-A*02:01,tcr2033,0
v1239,GILGFVFTL_HLA-A*02:01,tcr889,1
v1239_rs_2_n0,GILGFVFTL_HLA-A*02:01,tcr976,0
v575,GILGFVFTL_HLA-A*02:01,tcr1730,1
v575_rs_2_n0,GILGFVFTL_HLA-A*02:01,tcr2200,0
v1210,GILGFVFTL_HLA-A*02:01,tcr820,1
v1210_rs_2_n0,GILGFVFTL_HLA-A*02:01,tcr89,0
v315,GILGFVFTL_HLA-A*02:01,tcr1279,1
v315_rs_2_n0,GILGFVFTL_HLA-A*02:01,tcr2005,0
v364,GILGFVFTL_HLA-A*02:01,tcr136,1
v364_rs_2_n0,GILGFVFTL_HLA-A*02:01,tcr818,0
v591,GILGFVFTL_HLA-A*02:01,tcr1761,1
v591_rs_2_n0,GILGFVFTL_HLA-A*02:01,tcr1469,0
v633,GILGFVFTL_HLA-A*02:01,tcr1827,1
v633_rs_2_n0,GILGFVFTL_HLA-A*02:01,tcr876,0
v2003,SMDWFQGQM_HLA-A*02:01,tcr1880,1
v2003_rs_2_n0,SMDWFQGQM_HLA-A*02:01,tcr614,0
v818,GILGFVFTL_HLA-A*02:01,tcr2150,1
v818_rs_2_n0,GILGFVFTL_HLA-A*02:01,tcr538,0
v1683,NLVPMVATV_HLA-A*02:01,tcr2024,1
v1683_rs_2_n0,NLVPMVATV_HLA-A*02:01,tcr1929,0
v1847,RLPGVLPRA_HLA-A*02:01,tcr1459,1
v1847_rs_2_n0,RLPGVLPRA_HLA-A*02:01,tcr1615,0
v523,GILGFVFTL_HLA-A*02:01,tcr1640,1
v523_rs_2_n0,GILGFVFTL_HLA-A*02:01,tcr728,0
v2088,YLEPGPVTA_HLA-A*02:01,tcr1962,1
v2088_rs_2_n0,YLEPGPVTA_HLA-A*02:01,tcr116,0
v1031,GILGFVFTL_HLA-A*02:01,tcr49,1
v1031_rs_2_n0,GILGFVFTL_HLA-A*02:01,tcr579,0
v288,GILGFVFTL_HLA-A*02:01,tcr123,1
v288_rs_2_n0,GILGFVFTL_HLA-A*02:01,tcr801,0
v988,GILGFVFTL_HLA-A*02:01,tcr419,1
v988_rs_2_n0,GILGFVFTL_HLA-A*02:01,tcr1118,0
v455,GILGFVFTL_HLA-A*02:01,tcr1520,1
v455_rs_2_n0,GILGFVFTL_HLA-A*02:01,tcr271,0
v853,GILGFVFTL_HLA-A*02:01,tcr2206,1
v853_rs_2_n0,GILGFVFTL_HLA-A*02:01,tcr732,0
v2042,TLWCSPIKV_HLA-A*02:01,tcr635,1
v2042_rs_2_n0,TLWCSPIKV_HLA-A*02:01,tcr413,0
v1717,NLVPMVATV_HLA-A*02:01,tcr234,1
v1717_rs_2_n0,NLVPMVATV_HLA-A*02:01,tcr2110,0
v1473,KLVALGINAV_HLA-A*02:01,tcr336,1
v1473_rs_2_n0,KLVALGINAV_HLA-A*02:01,tcr629,0
v1646,NLVPMVATV_HLA-A*02:01,tcr1671,1
v1646_rs_2_n0,NLVPMVATV_HLA-A*02:01,tcr301,0
v1561,NLVPMVATV_HLA-A*02:01,tcr1024,1
v1561_rs_2_n0,NLVPMVATV_HLA-A*02:01,tcr1804,0
v1131,GILGFVFTL_HLA-A*02:01,tcr675,1
v1131_rs_2_n0,GILGFVFTL_HLA-A*02:01,tcr1456,0
v1689,NLVPMVATV_HLA-A*02:01,tcr2054,1
v1689_rs_2_n0,NLVPMVATV_HLA-A*02:01,tcr739,0
v469,GILGFVFTL_HLA-A*02:01,tcr1558,1
v469_rs_2_n0,GILGFVFTL_HLA-A*02:01,tcr2087,0
v924,GILGFVFTL_HLA-A*02:01,tcr314,1
v924_rs_2_n0,GILGFVFTL_HLA-A*02:01,tcr306,0
v1653,NLVPMVATV_HLA-A*02:01,tcr1753,1
v1653_rs_2_n0,NLVPMVATV_HLA-A*02:01,tcr1871,0
v699,GILGFVFTL_HLA-A*02:01,tcr1932,1
v699_rs_2_n0,GILGFVFTL_HLA-A*02:01,tcr1007,0
v415,GILGFVFTL_HLA-A*02:01,tcr1452,1
v415_rs_2_n0,GILGFVFTL_HLA-A*02:01,tcr89,0
v1174,GILGFVFTL_HLA-A*02:01,tcr755,1
v1174_rs_2_n0,GILGFVFTL_HLA-A*02:01,tcr620,0
v1403,HPNGYKSLSTL_HLA-B*07:02,tcr465,1
v1403_rs_2_n0,HPNGYKSLSTL_HLA-B*07:02,tcr872,0
v715,GILGFVFTL_HLA-A*02:01,tcr196,1
v715_rs_2_n0,GILGFVFTL_HLA-A*02:01,tcr462,0
v1812,PTDNYITTY_HLA-A*01:01,tcr825,1
v1812_rs_2_n0,PTDNYITTY_HLA-A*01:01,tcr1238,0
v1525,LPFDKSTVM_HLA-B*35:01,tcr519,1
v1525_rs_2_n0,LPFDKSTVM_HLA-B*35:01,tcr703,0
v2043,TLWCSPIKV_HLA-A*02:01,tcr759,1
v2043_rs_2_n0,TLWCSPIKV_HLA-A*02:01,tcr1657,0
v2064,VAANIVLTV_HLA-A*02:01,tcr652,1
v2064_rs_2_n0,VAANIVLTV_HLA-A*02:01,tcr403,0
v198,GILGFVFTL_HLA-A*02:01,tcr1059,1
v198_rs_2_n0,GILGFVFTL_HLA-A*02:01,tcr1549,0
v1492,KLWAQCVQL_HLA-A*02:01,tcr846,1
v1492_rs_2_n0,KLWAQCVQL_HLA-A*02:01,tcr1618,0
v1271,GILGFVFTL_HLA-A*02:01,tcr94,1
v1271_rs_2_n0,GILGFVFTL_HLA-A*02:01,tcr1904,0
v1209,GILGFVFTL_HLA-A*02:01,tcr817,1
v1209_rs_2_n0,GILGFVFTL_HLA-A*02:01,tcr1309,0
v798,GILGFVFTL_HLA-A*02:01,tcr212,1
v798_rs_2_n0,GILGFVFTL_HLA-A*02:01,tcr505,0
v42,CINGVCWTV_HLA-A*02:01,tcr176,1
v42_rs_2_n0,CINGVCWTV_HLA-A*02:01,tcr1827,0
v21,ALSPVIPHI_HLA-A*02:01,tcr116,1
v21_rs_2_n0,ALSPVIPHI_HLA-A*02:01,tcr335,0
v1213,GILGFVFTL_HLA-A*02:01,tcr833,1
v1213_rs_2_n0,GILGFVFTL_HLA-A*02:01,tcr961,0
v451,GILGFVFTL_HLA-A*02:01,tcr1514,1
v451_rs_2_n0,GILGFVFTL_HLA-A*02:01,tcr222,0
v461,GILGFVFTL_HLA-A*02:01,tcr1532,1
v461_rs_2_n0,GILGFVFTL_HLA-A*02:01,tcr182,0
v2135,YLQPRTFLL_HLA-A*02:01,tcr858,1
v2135_rs_2_n0,YLQPRTFLL_HLA-A*02:01,tcr512,0
v1671,NLVPMVATV_HLA-A*02:01,tcr1902,1
v1671_rs_2_n0,NLVPMVATV_HLA-A*02:01,tcr654,0
v625,GILGFVFTL_HLA-A*02:01,tcr1809,1
v625_rs_2_n0,GILGFVFTL_HLA-A*02:01,tcr1892,0
v1730,NLVPMVATV_HLA-A*02:01,tcr357,1
v1730_rs_2_n0,NLVPMVATV_HLA-A*02:01,tcr1065,0
v605,GILGFVFTL_HLA-A*02:01,tcr1784,1
v605_rs_2_n0,GILGFVFTL_HLA-A*02:01,tcr1350,0
v1897,RPIIRPATL_HLA-B*07:02,tcr470,1
v1897_rs_2_n0,RPIIRPATL_HLA-B*07:02,tcr112,0
v945,GILGFVFTL_HLA-A*02:01,tcr346,1
v945_rs_2_n0,GILGFVFTL_HLA-A*02:01,tcr1560,0
v36,CINGVCWTV_HLA-A*02:01,tcr117,1
v36_rs_2_n0,CINGVCWTV_HLA-A*02:01,tcr2147,0
v908,GILGFVFTL_HLA-A*02:01,tcr293,1
v908_rs_2_n0,GILGFVFTL_HLA-A*02:01,tcr1181,0
v2073,VVMSWAPPV_HLA-A*02:01,tcr153,1
v2073_rs_2_n0,VVMSWAPPV_HLA-A*02:01,tcr1954,0
v1431,IPLTEEAEL_HLA-B*35:01,tcr1150,1
v1431_rs_2_n0,IPLTEEAEL_HLA-B*35:01,tcr970,0
v1350,GLCTLVAML_HLA-A*02:01,tcr806,1
v1350_rs_2_n0,GLCTLVAML_HLA-A*02:01,tcr1428,0
v1111,GILGFVFTL_HLA-A*02:01,tcr643,1
v1111_rs_2_n0,GILGFVFTL_HLA-A*02:01,tcr1019,0
v898,GILGFVFTL_HLA-A*02:01,tcr270,1
v898_rs_2_n0,GILGFVFTL_HLA-A*02:01,tcr876,0
v1100,GILGFVFTL_HLA-A*02:01,tcr621,1
v1100_rs_2_n0,GILGFVFTL_HLA-A*02:01,tcr638,0
v1058,GILGFVFTL_HLA-A*02:01,tcr547,1
v1058_rs_2_n0,GILGFVFTL_HLA-A*02:01,tcr1555,0
v2114,YLQPRTFLL_HLA-A*02:01,tcr1952,1
v2114_rs_2_n0,YLQPRTFLL_HLA-A*02:01,tcr1694,0
v666,GILGFVFTL_HLA-A*02:01,tcr1884,1
v666_rs_2_n0,GILGFVFTL_HLA-A*02:01,tcr537,0
v706,GILGFVFTL_HLA-A*02:01,tcr1945,1
v706_rs_2_n0,GILGFVFTL_HLA-A*02:01,tcr873,0
v934,GILGFVFTL_HLA-A*02:01,tcr327,1
v934_rs_2_n0,GILGFVFTL_HLA-A*02:01,tcr1489,0
v476,GILGFVFTL_HLA-A*02:01,tcr1573,1
v476_rs_2_n0,GILGFVFTL_HLA-A*02:01,tcr1172,0
v89,EAAGIGILTV_HLA-A*02:01,tcr1841,1
v89_rs_2_n0,EAAGIGILTV_HLA-A*02:01,tcr1914,0
v16,ALLPGLPAA_HLA-A*02:01,tcr1093,1
v16_rs_2_n0,ALLPGLPAA_HLA-A*02:01,tcr1671,0
v984,GILGFVFTL_HLA-A*02:01,tcr409,1
v984_rs_2_n0,GILGFVFTL_HLA-A*02:01,tcr1394,0
v743,GILGFVFTL_HLA-A*02:01,tcr2002,1
v743_rs_2_n0,GILGFVFTL_HLA-A*02:01,tcr619,0
v310,GILGFVFTL_HLA-A*02:01,tcr1272,1
v310_rs_2_n0,GILGFVFTL_HLA-A*02:01,tcr2161,0
v179,GILGFVFTL_HLA-A*02:01,tcr1022,1
v179_rs_2_n0,GILGFVFTL_HLA-A*02:01,tcr1880,0
v1941,RPRGEVRFL_HLA-B*07:02,tcr1190,1
v1941_rs_2_n0,RPRGEVRFL_HLA-B*07:02,tcr946,0
v1858,RLWGTWVKA_HLA-A*02:01,tcr1333,1
v1858_rs_2_n0,RLWGTWVKA_HLA-A*02:01,tcr860,0
v1019,GILGFVFTL_HLA-A*02:01,tcr469,1
v1019_rs_2_n0,GILGFVFTL_HLA-A*02:01,tcr1735,0
v1729,NLVPMVATV_HLA-A*02:01,tcr354,1
v1729_rs_2_n0,NLVPMVATV_HLA-A*02:01,tcr1140,0
v1752,NLVPMVATV_HLA-A*02:01,tcr512,1
v1752_rs_2_n0,NLVPMVATV_HLA-A*02:01,tcr746,0
v1181,GILGFVFTL_HLA-A*02:01,tcr767,1
v1181_rs_2_n0,GILGFVFTL_HLA-A*02:01,tcr1565,0
v97,EAAGIGILTV_HLA-A*02:01,tcr666,1
v97_rs_2_n0,EAAGIGILTV_HLA-A*02:01,tcr960,0
v730,GILGFVFTL_HLA-A*02:01,tcr1982,1
v730_rs_2_n0,GILGFVFTL_HLA-A*02:01,tcr227,0
v914,GILGFVFTL_HLA-A*02:01,tcr30,1
v914_rs_2_n0,GILGFVFTL_HLA-A*02:01,tcr205,0
v382,GILGFVFTL_HLA-A*02:01,tcr1398,1
v382_rs_2_n0,GILGFVFTL_HLA-A*02:01,tcr181,0
v170,GILGFVFTL_HLA-A*02:01,tcr1004,1
v170_rs_2_n0,GILGFVFTL_HLA-A*02:01,tcr2232,0
v665,GILGFVFTL_HLA-A*02:01,tcr1881,1
v665_rs_2_n0,GILGFVFTL_HLA-A*02:01,tcr1345,0
v502,GILGFVFTL_HLA-A*02:01,tcr1610,1
v502_rs_2_n0,GILGFVFTL_HLA-A*02:01,tcr998,0
v520,GILGFVFTL_HLA-A*02:01,tcr1636,1
v520_rs_2_n0,GILGFVFTL_HLA-A*02:01,tcr805,0
v443,GILGFVFTL_HLA-A*02:01,tcr1501,1
v443_rs_2_n0,GILGFVFTL_HLA-A*02:01,tcr823,0
v1018,GILGFVFTL_HLA-A*02:01,tcr468,1
v1018_rs_2_n0,GILGFVFTL_HLA-A*02:01,tcr745,0
v2055,VAANIVLTV_HLA-A*02:01,tcr1376,1
v2055_rs_2_n0,VAANIVLTV_HLA-A*02:01,tcr2077,0
v1023,GILGFVFTL_HLA-A*02:01,tcr475,1
v1023_rs_2_n0,GILGFVFTL_HLA-A*02:01,tcr1776,0
v1292,GILGFVFTL_HLA-A*02:01,tcr960,1
v1292_rs_2_n0,GILGFVFTL_HLA-A*02:01,tcr1581,0
v714,GILGFVFTL_HLA-A*02:01,tcr1959,1
v714_rs_2_n0,GILGFVFTL_HLA-A*02:01,tcr1151,0
v1817,QTNPVTLQY_HLA-A*29:02,tcr1264,1
v1817_rs_2_n0,QTNPVTLQY_HLA-A*29:02,tcr280,0
v524,GILGFVFTL_HLA-A*02:01,tcr1641,1
v524_rs_2_n0,GILGFVFTL_HLA-A*02:01,tcr384,0
v1482,KLVALGINAV_HLA-A*02:01,tcr787,1
v1482_rs_2_n0,KLVALGINAV_HLA-A*02:01,tcr146,0
v8,AAGIGILTV_HLA-A*02:01,tcr870,1
v8_rs_2_n0,AAGIGILTV_HLA-A*02:01,tcr384,0
v1368,GPRLGVRAT_HLA-B*07:02,tcr657,1
v1368_rs_2_n0,GPRLGVRAT_HLA-B*07:02,tcr2053,0
v1164,GILGFVFTL_HLA-A*02:01,tcr737,1
v1164_rs_2_n0,GILGFVFTL_HLA-A*02:01,tcr1354,0
v557,GILGFVFTL_HLA-A*02:01,tcr1705,1
v557_rs_2_n0,GILGFVFTL_HLA-A*02:01,tcr37,0
v143,FEDLRVLSF_HLA-B*37:01,tcr2027,1
v143_rs_2_n0,FEDLRVLSF_HLA-B*37:01,tcr616,0
v603,GILGFVFTL_HLA-A*02:01,tcr1779,1
v603_rs_2_n0,GILGFVFTL_HLA-A*02:01,tcr355,0
v695,GILGFVFTL_HLA-A*02:01,tcr1928,1
v695_rs_2_n0,GILGFVFTL_HLA-A*02:01,tcr2103,0
v669,GILGFVFTL_HLA-A*02:01,tcr1889,1
v669_rs_2_n0,GILGFVFTL_HLA-A*02:01,tcr1710,0
v742,GILGFVFTL_HLA-A*02:01,tcr2,1
v742_rs_2_n0,GILGFVFTL_HLA-A*02:01,tcr1880,0
v1274,GILGFVFTL_HLA-A*02:01,tcr942,1
v1274_rs_2_n0,GILGFVFTL_HLA-A*02:01,tcr14,0
v819,GILGFVFTL_HLA-A*02:01,tcr2151,1
v819_rs_2_n0,GILGFVFTL_HLA-A*02:01,tcr166,0
v772,GILGFVFTL_HLA-A*02:01,tcr207,1
v772_rs_2_n0,GILGFVFTL_HLA-A*02:01,tcr75,0
v920,GILGFVFTL_HLA-A*02:01,tcr31,1
v920_rs_2_n0,GILGFVFTL_HLA-A*02:01,tcr1821,0
v249,GILGFVFTL_HLA-A*02:01,tcr1141,1
v249_rs_2_n0,GILGFVFTL_HLA-A*02:01,tcr623,0
v1401,HPNGYKSLSTL_HLA-B*07:02,tcr330,1
v1401_rs_2_n0,HPNGYKSLSTL_HLA-B*07:02,tcr1770,0
v1396,HPNGYKSLSTL_HLA-B*07:02,tcr2103,1
v1396_rs_2_n0,HPNGYKSLSTL_HLA-B*07:02,tcr1776,0
v999,GILGFVFTL_HLA-A*02:01,tcr434,1
v999_rs_2_n0,GILGFVFTL_HLA-A*02:01,tcr1791,0
v38,CINGVCWTV_HLA-A*02:01,tcr1318,1
v38_rs_2_n0,CINGVCWTV_HLA-A*02:01,tcr446,0
v308,GILGFVFTL_HLA-A*02:01,tcr1267,1
v308_rs_2_n0,GILGFVFTL_HLA-A*02:01,tcr2062,0
v702,GILGFVFTL_HLA-A*02:01,tcr1937,1
v702_rs_2_n0,GILGFVFTL_HLA-A*02:01,tcr2054,0
v1463,KLVALGINAV_HLA-A*02:01,tcr1549,1
v1463_rs_2_n0,KLVALGINAV_HLA-A*02:01,tcr685,0
v1254,GILGFVFTL_HLA-A*02:01,tcr919,1
v1254_rs_2_n0,GILGFVFTL_HLA-A*02:01,tcr1893,0
v1741,NLVPMVATV_HLA-A*02:01,tcr46,1
v1741_rs_2_n0,NLVPMVATV_HLA-A*02:01,tcr373,0
v823,GILGFVFTL_HLA-A*02:01,tcr2159,1
v823_rs_2_n0,GILGFVFTL_HLA-A*02:01,tcr1818,0
v1597,NLVPMVATV_HLA-A*02:01,tcr1324,1
v1597_rs_2_n0,NLVPMVATV_HLA-A*02:01,tcr1038,0
v1939,RPRGEVRFL_HLA-B*07:02,tcr107,1
v1939_rs_2_n0,RPRGEVRFL_HLA-B*07:02,tcr1637,0
v662,GILGFVFTL_HLA-A*02:01,tcr1877,1
v662_rs_2_n0,GILGFVFTL_HLA-A*02:01,tcr1089,0
v1977,SLLMWITQV_HLA-A*02:01,tcr1581,1
v1977_rs_2_n0,SLLMWITQV_HLA-A*02:01,tcr747,0
v1984,SLLMWITQV_HLA-A*02:01,tcr1878,1
v1984_rs_2_n0,SLLMWITQV_HLA-A*02:01,tcr649,0
v1207,GILGFVFTL_HLA-A*02:01,tcr813,1
v1207_rs_2_n0,GILGFVFTL_HLA-A*02:01,tcr456,0
v148,FLLNKEMYL_HLA-A*02:01,tcr718,1
v148_rs_2_n0,FLLNKEMYL_HLA-A*02:01,tcr735,0
v793,GILGFVFTL_HLA-A*02:01,tcr2113,1
v793_rs_2_n0,GILGFVFTL_HLA-A*02:01,tcr1226,0
v2026,SSCMGGMNWR_HLA-A*68:01,tcr1305,1
v2026_rs_2_n0,SSCMGGMNWR_HLA-A*68:01,tcr1318,0
v27,ALYGFVPVL_HLA-A*02:01,tcr244,1
v27_rs_2_n0,ALYGFVPVL_HLA-A*02:01,tcr949,0
v1929,RPIIRPATL_HLA-B*08:01,tcr611,1
v1929_rs_2_n0,RPIIRPATL_HLA-B*08:01,tcr810,0
v1667,NLVPMVATV_HLA-A*02:01,tcr1874,1
v1667_rs_2_n0,NLVPMVATV_HLA-A*02:01,tcr1294,0
v1261,GILGFVFTL_HLA-A*02:01,tcr928,1
v1261_rs_2_n0,GILGFVFTL_HLA-A*02:01,tcr1938,0
v1145,GILGFVFTL_HLA-A*02:01,tcr703,1
v1145_rs_2_n0,GILGFVFTL_HLA-A*02:01,tcr517,0
v1937,RPIIRPATL_HLA-B*08:01,tcr988,1
v1937_rs_2_n0,RPIIRPATL_HLA-B*08:01,tcr998,0
v432,GILGFVFTL_HLA-A*02:01,tcr1487,1
v432_rs_2_n0,GILGFVFTL_HLA-A*02:01,tcr579,0
v1915,RPIIRPATL_HLA-B*08:01,tcr1631,1
v1915_rs_2_n0,RPIIRPATL_HLA-B*08:01,tcr1137,0
v683,GILGFVFTL_HLA-A*02:01,tcr1912,1
v683_rs_2_n0,GILGFVFTL_HLA-A*02:01,tcr1112,0
v73,DATYQRTRALVR_HLA-A*68:01,tcr285,1
v73_rs_2_n0,DATYQRTRALVR_HLA-A*68:01,tcr1614,0
v3,AAFKRSCLK_HLA-A*03:01,tcr476,1
v3_rs_2_n0,AAFKRSCLK_HLA-A*03:01,tcr1667,0
v767,GILGFVFTL_HLA-A*02:01,tcr2052,1
v767_rs_2_n0,GILGFVFTL_HLA-A*02:01,tcr456,0
v936,GILGFVFTL_HLA-A*02:01,tcr329,1
v936_rs_2_n0,GILGFVFTL_HLA-A*02:01,tcr1111,0
v1839,RLITGRLQSL_HLA-A*02:01,tcr1871,1
v1839_rs_2_n0,RLITGRLQSL_HLA-A*02:01,tcr1985,0
v391,GILGFVFTL_HLA-A*02:01,tcr1408,1
v391_rs_2_n0,GILGFVFTL_HLA-A*02:01,tcr379,0
v136,ESDPIVAQY_HLA-A*01:01,tcr912,1
v136_rs_2_n0,ESDPIVAQY_HLA-A*01:01,tcr1669,0
v732,GILGFVFTL_HLA-A*02:01,tcr1985,1
v732_rs_2_n0,GILGFVFTL_HLA-A*02:01,tcr1789,0
v577,GILGFVFTL_HLA-A*02:01,tcr1733,1
v577_rs_2_n0,GILGFVFTL_HLA-A*02:01,tcr107,0
v1865,RLWGTWVKA_HLA-A*02:01,tcr655,1
v1865_rs_2_n0,RLWGTWVKA_HLA-A*02:01,tcr823,0
v1205,GILGFVFTL_HLA-A*02:01,tcr810,1
v1205_rs_2_n0,GILGFVFTL_HLA-A*02:01,tcr1962,0
v1935,RPIIRPATL_HLA-B*08:01,tcr935,1
v1935_rs_2_n0,RPIIRPATL_HLA-B*08:01,tcr1973,0
v963,GILGFVFTL_HLA-A*02:01,tcr376,1
v963_rs_2_n0,GILGFVFTL_HLA-A*02:01,tcr476,0
v494,GILGFVFTL_HLA-A*02:01,tcr1597,1
v494_rs_2_n0,GILGFVFTL_HLA-A*02:01,tcr107,0
v1881,RPIIRPATL_HLA-B*07:02,tcr1590,1
v1881_rs_2_n0,RPIIRPATL_HLA-B*07:02,tcr640,0
v1688,NLVPMVATV_HLA-A*02:01,tcr2051,1
v1688_rs_2_n0,NLVPMVATV_HLA-A*02:01,tcr224,0
v1055,GILGFVFTL_HLA-A*02:01,tcr54,1
v1055_rs_2_n0,GILGFVFTL_HLA-A*02:01,tcr1802,0
v1510,LLFGYPRYV_HLA-A*02:01,tcr1933,1
v1510_rs_2_n0,LLFGYPRYV_HLA-A*02:01,tcr1562,0
v1766,NLVPMVATV_HLA-A*02:01,tcr623,1
v1766_rs_2_n0,NLVPMVATV_HLA-A*02:01,tcr1181,0
v1383,HMTEVVRHC_HLA-A*02:01,tcr360,1
v1383_rs_2_n0,HMTEVVRHC_HLA-A*02:01,tcr1366,0
v506,GILGFVFTL_HLA-A*02:01,tcr1615,1
v506_rs_2_n0,GILGFVFTL_HLA-A*02:01,tcr331,0
v411,GILGFVFTL_HLA-A*02:01,tcr1446,1
v411_rs_2_n0,GILGFVFTL_HLA-A*02:01,tcr64,0
v1545,MLWGYLQYV_HLA-A*02:01,tcr1933,1
v1545_rs_2_n0,MLWGYLQYV_HLA-A*02:01,tcr519,0
v2129,YLQPRTFLL_HLA-A*02:01,tcr492,1
v2129_rs_2_n0,YLQPRTFLL_HLA-A*02:01,tcr878,0
v407,GILGFVFTL_HLA-A*02:01,tcr1440,1
v407_rs_2_n0,GILGFVFTL_HLA-A*02:01,tcr375,0
v854,GILGFVFTL_HLA-A*02:01,tcr2207,1
v854_rs_2_n0,GILGFVFTL_HLA-A*02:01,tcr1781,0
v1607,NLVPMVATV_HLA-A*02:01,tcr1397,1
v1607_rs_2_n0,NLVPMVATV_HLA-A*02:01,tcr950,0
v716,GILGFVFTL_HLA-A*02:01,tcr1964,1
v716_rs_2_n0,GILGFVFTL_HLA-A*02:01,tcr1944,0
v1514,LLFGYPVYV_HLA-A*02:01,tcr1933,1
v1514_rs_2_n0,LLFGYPVYV_HLA-A*02:01,tcr1573,0
v2038,TLWCSPIKV_HLA-A*02:01,tcr2155,1
v2038_rs_2_n0,TLWCSPIKV_HLA-A*02:01,tcr8,0
v1200,GILGFVFTL_HLA-A*02:01,tcr8,1
v1200_rs_2_n0,GILGFVFTL_HLA-A*02:01,tcr255,0
v1141,GILGFVFTL_HLA-A*02:01,tcr696,1
v1141_rs_2_n0,GILGFVFTL_HLA-A*02:01,tcr1506,0
v609,GILGFVFTL_HLA-A*02:01,tcr1788,1
v609_rs_2_n0,GILGFVFTL_HLA-A*02:01,tcr1151,0
v1911,RPIIRPATL_HLA-B*08:01,tcr1449,1
v1911_rs_2_n0,RPIIRPATL_HLA-B*08:01,tcr2053,0
v1129,GILGFVFTL_HLA-A*02:01,tcr673,1
v1129_rs_2_n0,GILGFVFTL_HLA-A*02:01,tcr1887,0
v1081,GILGFVFTL_HLA-A*02:01,tcr59,1
v1081_rs_2_n0,GILGFVFTL_HLA-A*02:01,tcr517,0
v949,GILGFVFTL_HLA-A*02:01,tcr350,1
v949_rs_2_n0,GILGFVFTL_HLA-A*02:01,tcr194,0
v1540,MLAKALRKV_HLA-A*02:01,tcr1239,1
v1540_rs_2_n0,MLAKALRKV_HLA-A*02:01,tcr1419,0
v1187,GILGFVFTL_HLA-A*02:01,tcr781,1
v1187_rs_2_n0,GILGFVFTL_HLA-A*02:01,tcr694,0
v1535,LRVMMLAPF_HLA-B*27:05,tcr325,1
v1535_rs_2_n0,LRVMMLAPF_HLA-B*27:05,tcr203,0
v1234,GILGFVFTL_HLA-A*02:01,tcr879,1
v1234_rs_2_n0,GILGFVFTL_HLA-A*02:01,tcr566,0
v1508,LLFGKPVYV_HLA-A*02:01,tcr1933,1
v1508_rs_2_n0,LLFGKPVYV_HLA-A*02:01,tcr347,0
v1358,GLCTLVAML_HLA-A*02:01,tcr99,1
v1358_rs_2_n0,GLCTLVAML_HLA-A*02:01,tcr667,0
v1840,RLITGRLQSL_HLA-A*02:01,tcr1887,1
v1840_rs_2_n0,RLITGRLQSL_HLA-A*02:01,tcr668,0
v2016,SPRWYFYYL_HLA-B*07:02,tcr194,1
v2016_rs_2_n0,SPRWYFYYL_HLA-B*07:02,tcr2080,0
v2111,YLQPRTFLL_HLA-A*02:01,tcr1795,1
v2111_rs_2_n0,YLQPRTFLL_HLA-A*02:01,tcr805,0
v957,GILGFVFTL_HLA-A*02:01,tcr367,1
v957_rs_2_n0,GILGFVFTL_HLA-A*02:01,tcr2071,0
v1119,GILGFVFTL_HLA-A*02:01,tcr658,1
v1119_rs_2_n0,GILGFVFTL_HLA-A*02:01,tcr1292,0
v2044,TLWCSPIKV_HLA-A*02:01,tcr819,1
v2044_rs_2_n0,TLWCSPIKV_HLA-A*02:01,tcr883,0
v205,GILGFVFTL_HLA-A*02:01,tcr1067,1
v205_rs_2_n0,GILGFVFTL_HLA-A*02:01,tcr429,0
v1022,GILGFVFTL_HLA-A*02:01,tcr474,1
v1022_rs_2_n0,GILGFVFTL_HLA-A*02:01,tcr1929,0
v1300,GILGFVFTL_HLA-A*02:01,tcr98,1
v1300_rs_2_n0,GILGFVFTL_HLA-A*02:01,tcr1001,0
v1882,RPIIRPATL_HLA-B*07:02,tcr1681,1
v1882_rs_2_n0,RPIIRPATL_HLA-B*07:02,tcr2003,0
v37,CINGVCWTV_HLA-A*02:01,tcr1181,1
v37_rs_2_n0,CINGVCWTV_HLA-A*02:01,tcr449,0
v1526,LPFDKTTIM_HLA-B*35:01,tcr1572,1
v1526_rs_2_n0,LPFDKTTIM_HLA-B*35:01,tcr102,0
v2122,YLQPRTFLL_HLA-A*02:01,tcr284,1
v2122_rs_2_n0,YLQPRTFLL_HLA-A*02:01,tcr815,0
v1247,GILGFVFTL_HLA-A*02:01,tcr904,1
v1247_rs_2_n0,GILGFVFTL_HLA-A*02:01,tcr566,0
v82,DATYQRTRALVR_HLA-A*68:01,tcr888,1
v82_rs_2_n0,DATYQRTRALVR_HLA-A*68:01,tcr1298,0
v1388,HPNGYKSLSTL_HLA-B*07:02,tcr1644,1
v1388_rs_2_n0,HPNGYKSLSTL_HLA-B*07:02,tcr2204,0
v1781,NLVPMVATV_HLA-A*02:01,tcr740,1
v1781_rs_2_n0,NLVPMVATV_HLA-A*02:01,tcr1350,0
v1412,HPVGDADYFEY_HLA-B*35:08,tcr2080,1
v1412_rs_2_n0,HPVGDADYFEY_HLA-B*35:08,tcr2077,0
v975,GILGFVFTL_HLA-A*02:01,tcr397,1
v975_rs_2_n0,GILGFVFTL_HLA-A*02:01,tcr801,0
v933,GILGFVFTL_HLA-A*02:01,tcr324,1
v933_rs_2_n0,GILGFVFTL_HLA-A*02:01,tcr1001,0
v46,CINGVCWTV_HLA-A*02:01,tcr2157,1
v46_rs_2_n0,CINGVCWTV_HLA-A*02:01,tcr1035,0
v291,GILGFVFTL_HLA-A*02:01,tcr1233,1
v291_rs_2_n0,GILGFVFTL_HLA-A*02:01,tcr1386,0
v825,GILGFVFTL_HLA-A*02:01,tcr2162,1
v825_rs_2_n0,GILGFVFTL_HLA-A*02:01,tcr823,0
v842,GILGFVFTL_HLA-A*02:01,tcr2193,1
v842_rs_2_n0,GILGFVFTL_HLA-A*02:01,tcr1469,0
v1120,GILGFVFTL_HLA-A*02:01,tcr659,1
v1120_rs_2_n0,GILGFVFTL_HLA-A*02:01,tcr905,0
v487,GILGFVFTL_HLA-A*02:01,tcr1589,1
v487_rs_2_n0,GILGFVFTL_HLA-A*02:01,tcr2099,0
v1436,IVTDFSVIK_HLA-A*11:01,tcr1703,1
v1436_rs_2_n0,IVTDFSVIK_HLA-A*11:01,tcr661,0
v1616,NLVPMVATV_HLA-A*02:01,tcr1456,1
v1616_rs_2_n0,NLVPMVATV_HLA-A*02:01,tcr1880,0
v1785,NLVPMVATV_HLA-A*02:01,tcr788,1
v1785_rs_2_n0,NLVPMVATV_HLA-A*02:01,tcr310,0
v458,GILGFVFTL_HLA-A*02:01,tcr1526,1
v458_rs_2_n0,GILGFVFTL_HLA-A*02:01,tcr759,0
v1226,GILGFVFTL_HLA-A*02:01,tcr861,1
v1226_rs_2_n0,GILGFVFTL_HLA-A*02:01,tcr1790,0
v1515,LLFNKVTLA_HLA-A*02:01,tcr955,1
v1515_rs_2_n0,LLFNKVTLA_HLA-A*02:01,tcr1660,0
v794,GILGFVFTL_HLA-A*02:01,tcr2115,1
v794_rs_2_n0,GILGFVFTL_HLA-A*02:01,tcr1502,0
v373,GILGFVFTL_HLA-A*02:01,tcr1374,1
v373_rs_2_n0,GILGFVFTL_HLA-A*02:01,tcr1052,0
v1960,RSGGFSFGK_HLA-A*03:01,tcr355,1
v1960_rs_2_n0,RSGGFSFGK_HLA-A*03:01,tcr1942,0
v973,GILGFVFTL_HLA-A*02:01,tcr393,1
v973_rs_2_n0,GILGFVFTL_HLA-A*02:01,tcr1691,0
v1952,RPRGEVRFL_HLA-B*07:02,tcr550,1
v1952_rs_2_n0,RPRGEVRFL_HLA-B*07:02,tcr1931,0
v776,GILGFVFTL_HLA-A*02:01,tcr2085,1
v776_rs_2_n0,GILGFVFTL_HLA-A*02:01,tcr632,0
v521,GILGFVFTL_HLA-A*02:01,tcr1637,1
v521_rs_2_n0,GILGFVFTL_HLA-A*02:01,tcr694,0
v1967,SLFNTIAVL_HLA-A*02:01,tcr878,1
v1967_rs_2_n0,SLFNTIAVL_HLA-A*02:01,tcr669,0
v1834,RLGPVQNEV_HLA-A*02:01,tcr2029,1
v1834_rs_2_n0,RLGPVQNEV_HLA-A*02:01,tcr873,0
v643,GILGFVFTL_HLA-A*02:01,tcr1843,1
v643_rs_2_n0,GILGFVFTL_HLA-A*02:01,tcr2015,0
v1555,NLNCCSVPV_HLA-A*02:01,tcr255,1
v1555_rs_2_n0,NLNCCSVPV_HLA-A*02:01,tcr1067,0
v86,EAAGIGILTV_HLA-A*02:01,tcr1171,1
v86_rs_2_n0,EAAGIGILTV_HLA-A*02:01,tcr1618,0
v242,GILGFVFTL_HLA-A*02:01,tcr1132,1
v242_rs_2_n0,GILGFVFTL_HLA-A*02:01,tcr105,0
v361,GILGFVFTL_HLA-A*02:01,tcr1356,1
v361_rs_2_n0,GILGFVFTL_HLA-A*02:01,tcr873,0
v640,GILGFVFTL_HLA-A*02:01,tcr1839,1
v640_rs_2_n0,GILGFVFTL_HLA-A*02:01,tcr1021,0
v139,EVLPFFLFF_HLA-A*29:02,tcr159,1
v139_rs_2_n0,EVLPFFLFF_HLA-A*29:02,tcr2063,0
v2137,YLQPRTFLL_HLA-A*02:01,tcr892,1
v2137_rs_2_n0,YLQPRTFLL_HLA-A*02:01,tcr314,0
v734,GILGFVFTL_HLA-A*02:01,tcr1988,1
v734_rs_2_n0,GILGFVFTL_HLA-A*02:01,tcr187,0
v540,GILGFVFTL_HLA-A*02:01,tcr1669,1
v540_rs_2_n0,GILGFVFTL_HLA-A*02:01,tcr1181,0
v446,GILGFVFTL_HLA-A*02:01,tcr1507,1
v446_rs_2_n0,GILGFVFTL_HLA-A*02:01,tcr1618,0
v1649,NLVPMVATV_HLA-A*02:01,tcr1710,1
v1649_rs_2_n0,NLVPMVATV_HLA-A*02:01,tcr1365,0
v1923,RPIIRPATL_HLA-B*08:01,tcr2062,1
v1923_rs_2_n0,RPIIRPATL_HLA-B*08:01,tcr1025,0
v1464,KLVALGINAV_HLA-A*02:01,tcr1677,1
v1464_rs_2_n0,KLVALGINAV_HLA-A*02:01,tcr1491,0
v964,GILGFVFTL_HLA-A*02:01,tcr378,1
v964_rs_2_n0,GILGFVFTL_HLA-A*02:01,tcr176,0
v1153,GILGFVFTL_HLA-A*02:01,tcr721,1
v1153_rs_2_n0,GILGFVFTL_HLA-A*02:01,tcr1397,0
v1956,RPRGEVRFL_HLA-B*07:02,tcr822,1
v1956_rs_2_n0,RPRGEVRFL_HLA-B*07:02,tcr121,0
v1988,SLLMWITQV_HLA-A*02:01,tcr2223,1
v1988_rs_2_n0,SLLMWITQV_HLA-A*02:01,tcr42,0
v1189,GILGFVFTL_HLA-A*02:01,tcr784,1
v1189_rs_2_n0,GILGFVFTL_HLA-A*02:01,tcr1001,0
v701,GILGFVFTL_HLA-A*02:01,tcr1936,1
v701_rs_2_n0,GILGFVFTL_HLA-A*02:01,tcr117,0
v1373,GTSGSPIVNR_HLA-A*11:01,tcr1151,1
v1373_rs_2_n0,GTSGSPIVNR_HLA-A*11:01,tcr1157,0
v1837,RLITGRLQSL_HLA-A*02:01,tcr1350,1
v1837_rs_2_n0,RLITGRLQSL_HLA-A*02:01,tcr1811,0
v322,GILGFVFTL_HLA-A*02:01,tcr1291,1
v322_rs_2_n0,GILGFVFTL_HLA-A*02:01,tcr1913,0
v475,GILGFVFTL_HLA-A*02:01,tcr1571,1
v475_rs_2_n0,GILGFVFTL_HLA-A*02:01,tcr1880,0
v422,GILGFVFTL_HLA-A*02:01,tcr1463,1
v422_rs_2_n0,GILGFVFTL_HLA-A*02:01,tcr1677,0
v1147,GILGFVFTL_HLA-A*02:01,tcr705,1
v1147_rs_2_n0,GILGFVFTL_HLA-A*02:01,tcr2155,0
v1605,NLVPMVATV_HLA-A*02:01,tcr1385,1
v1605_rs_2_n0,NLVPMVATV_HLA-A*02:01,tcr1818,0
v1092,GILGFVFTL_HLA-A*02:01,tcr609,1
v1092_rs_2_n0,GILGFVFTL_HLA-A*02:01,tcr1181,0
v157,FQDYIKSYL_HLA-C*05:01,tcr1704,1
v157_rs_2_n0,FQDYIKSYL_HLA-C*05:01,tcr1631,0
v306,GILGFVFTL_HLA-A*02:01,tcr1265,1
v306_rs_2_n0,GILGFVFTL_HLA-A*02:01,tcr388,0
v1672,NLVPMVATV_HLA-A*02:01,tcr1916,1
v1672_rs_2_n0,NLVPMVATV_HLA-A*02:01,tcr2117,0
v500,GILGFVFTL_HLA-A*02:01,tcr1607,1
v500_rs_2_n0,GILGFVFTL_HLA-A*02:01,tcr2067,0
v1600,NLVPMVATV_HLA-A*02:01,tcr134,1
v1600_rs_2_n0,NLVPMVATV_HLA-A*02:01,tcr274,0
v234,GILGFVFTL_HLA-A*02:01,tcr112,1
v234_rs_2_n0,GILGFVFTL_HLA-A*02:01,tcr620,0
v2118,YLQPRTFLL_HLA-A*02:01,tcr2033,1
v2118_rs_2_n0,YLQPRTFLL_HLA-A*02:01,tcr776,0
v509,GILGFVFTL_HLA-A*02:01,tcr1619,1
v509_rs_2_n0,GILGFVFTL_HLA-A*02:01,tcr1368,0
v311,GILGFVFTL_HLA-A*02:01,tcr1273,1
v311_rs_2_n0,GILGFVFTL_HLA-A*02:01,tcr1031,0
v1423,HQNPVTGLLL_HLA-B*38:01,tcr573,1
v1423_rs_2_n0,HQNPVTGLLL_HLA-B*38:01,tcr1138,0
v752,GILGFVFTL_HLA-A*02:01,tcr2021,1
v752_rs_2_n0,GILGFVFTL_HLA-A*02:01,tcr1376,0
v647,GILGFVFTL_HLA-A*02:01,tcr1852,1
v647_rs_2_n0,GILGFVFTL_HLA-A*02:01,tcr1133,0
v1805,NLVPMVATV_HLA-A*02:01,tcr970,1
v1805_rs_2_n0,NLVPMVATV_HLA-A*02:01,tcr746,0
v1547,MMDFFNAQM_HLA-A*02:01,tcr1880,1
v1547_rs_2_n0,MMDFFNAQM_HLA-A*02:01,tcr218,0
v368,GILGFVFTL_HLA-A*02:01,tcr1367,1
v368_rs_2_n0,GILGFVFTL_HLA-A*02:01,tcr2219,0
v926,GILGFVFTL_HLA-A*02:01,tcr317,1
v926_rs_2_n0,GILGFVFTL_HLA-A*02:01,tcr331,0
v2117,YLQPRTFLL_HLA-A*02:01,tcr2010,1
v2117_rs_2_n0,YLQPRTFLL_HLA-A*02:01,tcr1098,0
v1042,GILGFVFTL_HLA-A*02:01,tcr516,1
v1042_rs_2_n0,GILGFVFTL_HLA-A*02:01,tcr1077,0
v1296,GILGFVFTL_HLA-A*02:01,tcr971,1
v1296_rs_2_n0,GILGFVFTL_HLA-A*02:01,tcr1369,0
v1710,NLVPMVATV_HLA-A*02:01,tcr221,1
v1710_rs_2_n0,NLVPMVATV_HLA-A*02:01,tcr2077,0
v927,GILGFVFTL_HLA-A*02:01,tcr319,1
v927_rs_2_n0,GILGFVFTL_HLA-A*02:01,tcr78,0
v187,GILGFVFTL_HLA-A*02:01,tcr1035,1
v187_rs_2_n0,GILGFVFTL_HLA-A*02:01,tcr1281,0
v1831,RLARLALVL_HLA-A*02:01,tcr805,1
v1831_rs_2_n0,RLARLALVL_HLA-A*02:01,tcr2046,0
v711,GILGFVFTL_HLA-A*02:01,tcr1953,1
v711_rs_2_n0,GILGFVFTL_HLA-A*02:01,tcr500,0
v1330,GLCTLVAML_HLA-A*02:01,tcr2074,1
v1330_rs_2_n0,GLCTLVAML_HLA-A*02:01,tcr1566,0
v1270,GILGFVFTL_HLA-A*02:01,tcr939,1
v1270_rs_2_n0,GILGFVFTL_HLA-A*02:01,tcr620,0
v1284,GILGFVFTL_HLA-A*02:01,tcr952,1
v1284_rs_2_n0,GILGFVFTL_HLA-A*02:01,tcr194,0
v610,GILGFVFTL_HLA-A*02:01,tcr179,1
v610_rs_2_n0,GILGFVFTL_HLA-A*02:01,tcr2080,0
v2142,YPDKVFRSSV_HLA-B*07:02,tcr1140,1
v2142_rs_2_n0,YPDKVFRSSV_HLA-B*07:02,tcr1998,0
v1021,GILGFVFTL_HLA-A*02:01,tcr473,1
v1021_rs_2_n0,GILGFVFTL_HLA-A*02:01,tcr199,0
v41,CINGVCWTV_HLA-A*02:01,tcr1749,1
v41_rs_2_n0,CINGVCWTV_HLA-A*02:01,tcr2059,0
v1946,RPRGEVRFL_HLA-B*07:02,tcr1544,1
v1946_rs_2_n0,RPRGEVRFL_HLA-B*07:02,tcr34,0
v1576,NLVPMVATV_HLA-A*02:01,tcr1160,1
v1576_rs_2_n0,NLVPMVATV_HLA-A*02:01,tcr1802,0
v33,AVGSYVYSV_HLA-A*02:01,tcr2053,1
v33_rs_2_n0,AVGSYVYSV_HLA-A*02:01,tcr853,0
v1760,NLVPMVATV_HLA-A*02:01,tcr580,1
v1760_rs_2_n0,NLVPMVATV_HLA-A*02:01,tcr1354,0
v1554,NLNCCSVPV_HLA-A*02:01,tcr1479,1
v1554_rs_2_n0,NLNCCSVPV_HLA-A*02:01,tcr593,0
v878,GILGFVFTL_HLA-A*02:01,tcr235,1
v878_rs_2_n0,GILGFVFTL_HLA-A*02:01,tcr638,0
v893,GILGFVFTL_HLA-A*02:01,tcr259,1
v893_rs_2_n0,GILGFVFTL_HLA-A*02:01,tcr1001,0
v810,GILGFVFTL_HLA-A*02:01,tcr2138,1
v810_rs_2_n0,GILGFVFTL_HLA-A*02:01,tcr330,0
v1059,GILGFVFTL_HLA-A*02:01,tcr548,1
v1059_rs_2_n0,GILGFVFTL_HLA-A*02:01,tcr856,0
v1005,GILGFVFTL_HLA-A*02:01,tcr442,1
v1005_rs_2_n0,GILGFVFTL_HLA-A*02:01,tcr570,0
v1639,NLVPMVATV_HLA-A*02:01,tcr163,1
v1639_rs_2_n0,NLVPMVATV_HLA-A*02:01,tcr1743,0
v2019,SPRWYFYYL_HLA-B*07:02,tcr250,1
v2019_rs_2_n0,SPRWYFYYL_HLA-B*07:02,tcr2008,0
v2101,YLQPRTFLL_HLA-A*02:01,tcr1354,1
v2101_rs_2_n0,YLQPRTFLL_HLA-A*02:01,tcr1483,0
v1244,GILGFVFTL_HLA-A*02:01,tcr901,1
v1244_rs_2_n0,GILGFVFTL_HLA-A*02:01,tcr955,0
v1354,GLCTLVAML_HLA-A*02:01,tcr856,1
v1354_rs_2_n0,GLCTLVAML_HLA-A*02:01,tcr1654,0
v1351,GLCTLVAML_HLA-A*02:01,tcr826,1
v1351_rs_2_n0,GLCTLVAML_HLA-A*02:01,tcr1228,0
v257,GILGFVFTL_HLA-A*02:01,tcr1163,1
v257_rs_2_n0,GILGFVFTL_HLA-A*02:01,tcr380,0
v1157,GILGFVFTL_HLA-A*02:01,tcr726,1
v1157_rs_2_n0,GILGFVFTL_HLA-A*02:01,tcr64,0
v200,GILGFVFTL_HLA-A*02:01,tcr1060,1
v200_rs_2_n0,GILGFVFTL_HLA-A*02:01,tcr1871,0
v1136,GILGFVFTL_HLA-A*02:01,tcr687,1
v1136_rs_2_n0,GILGFVFTL_HLA-A*02:01,tcr1396,0
v1477,KLVALGINAV_HLA-A*02:01,tcr539,1
v1477_rs_2_n0,KLVALGINAV_HLA-A*02:01,tcr728,0
v822,GILGFVFTL_HLA-A*02:01,tcr2154,1
v822_rs_2_n0,GILGFVFTL_HLA-A*02:01,tcr34,0
v584,GILGFVFTL_HLA-A*02:01,tcr1747,1
v584_rs_2_n0,GILGFVFTL_HLA-A*02:01,tcr306,0
v996,GILGFVFTL_HLA-A*02:01,tcr427,1
v996_rs_2_n0,GILGFVFTL_HLA-A*02:01,tcr1816,0
v1228,GILGFVFTL_HLA-A*02:01,tcr867,1
v1228_rs_2_n0,GILGFVFTL_HLA-A*02:01,tcr2187,0
v294,GILGFVFTL_HLA-A*02:01,tcr124,1
v294_rs_2_n0,GILGFVFTL_HLA-A*02:01,tcr657,0
v224,GILGFVFTL_HLA-A*02:01,tcr1101,1
v224_rs_2_n0,GILGFVFTL_HLA-A*02:01,tcr335,0
v1480,KLVALGINAV_HLA-A*02:01,tcr688,1
v1480_rs_2_n0,KLVALGINAV_HLA-A*02:01,tcr177,0
v251,GILGFVFTL_HLA-A*02:01,tcr1143,1
v251_rs_2_n0,GILGFVFTL_HLA-A*02:01,tcr679,0
v85,EAAGIGILTV_HLA-A*02:01,tcr1133,1
v85_rs_2_n0,EAAGIGILTV_HLA-A*02:01,tcr1783,0
v477,GILGFVFTL_HLA-A*02:01,tcr1576,1
v477_rs_2_n0,GILGFVFTL_HLA-A*02:01,tcr1261,0
v781,GILGFVFTL_HLA-A*02:01,tcr2091,1
v781_rs_2_n0,GILGFVFTL_HLA-A*02:01,tcr1366,0
v1686,NLVPMVATV_HLA-A*02:01,tcr2046,1
v1686_rs_2_n0,NLVPMVATV_HLA-A*02:01,tcr2211,0
v1329,GLCTLVAML_HLA-A*02:01,tcr1944,1
v1329_rs_2_n0,GLCTLVAML_HLA-A*02:01,tcr1825,0
v2128,YLQPRTFLL_HLA-A*02:01,tcr467,1
v2128_rs_2_n0,YLQPRTFLL_HLA-A*02:01,tcr2014,0
v1772,NLVPMVATV_HLA-A*02:01,tcr650,1
v1772_rs_2_n0,NLVPMVATV_HLA-A*02:01,tcr442,0
v456,GILGFVFTL_HLA-A*02:01,tcr1521,1
v456_rs_2_n0,GILGFVFTL_HLA-A*02:01,tcr1965,0
v1904,RPIIRPATL_HLA-B*08:01,tcr1021,1
v1904_rs_2_n0,RPIIRPATL_HLA-B*08:01,tcr1499,0
v922,GILGFVFTL_HLA-A*02:01,tcr311,1
v922_rs_2_n0,GILGFVFTL_HLA-A*02:01,tcr690,0
v1077,GILGFVFTL_HLA-A*02:01,tcr586,1
v1077_rs_2_n0,GILGFVFTL_HLA-A*02:01,tcr623,0
v384,GILGFVFTL_HLA-A*02:01,tcr140,1
v384_rs_2_n0,GILGFVFTL_HLA-A*02:01,tcr1031,0
v906,GILGFVFTL_HLA-A*02:01,tcr286,1
v906_rs_2_n0,GILGFVFTL_HLA-A*02:01,tcr1422,0
v1168,GILGFVFTL_HLA-A*02:01,tcr747,1
v1168_rs_2_n0,GILGFVFTL_HLA-A*02:01,tcr222,0
v1343,GLCTLVAML_HLA-A*02:01,tcr647,1
v1343_rs_2_n0,GLCTLVAML_HLA-A*02:01,tcr35,0
v722,GILGFVFTL_HLA-A*02:01,tcr1973,1
v722_rs_2_n0,GILGFVFTL_HLA-A*02:01,tcr75,0
v1192,GILGFVFTL_HLA-A*02:01,tcr79,1
v1192_rs_2_n0,GILGFVFTL_HLA-A*02:01,tcr884,0
v2109,YLQPRTFLL_HLA-A*02:01,tcr1691,1
v2109_rs_2_n0,YLQPRTFLL_HLA-A*02:01,tcr2007,0
v471,GILGFVFTL_HLA-A*02:01,tcr1562,1
v471_rs_2_n0,GILGFVFTL_HLA-A*02:01,tcr2069,0
v1512,LLFGYPVYV_HLA-A*02:01,tcr168,1
v1512_rs_2_n0,LLFGYPVYV_HLA-A*02:01,tcr878,0
v1360,GMDYHNGHL_HLA-A*02:01,tcr1880,1
v1360_rs_2_n0,GMDYHNGHL_HLA-A*02:01,tcr1701,0
v1193,GILGFVFTL_HLA-A*02:01,tcr791,1
v1193_rs_2_n0,GILGFVFTL_HLA-A*02:01,tcr12,0
v1932,RPIIRPATL_HLA-B*08:01,tcr734,1
v1932_rs_2_n0,RPIIRPATL_HLA-B*08:01,tcr970,0
v1637,NLVPMVATV_HLA-A*02:01,tcr1620,1
v1637_rs_2_n0,NLVPMVATV_HLA-A*02:01,tcr384,0
v1996,SLLMWITQV_HLA-A*02:01,tcr837,1
v1996_rs_2_n0,SLLMWITQV_HLA-A*02:01,tcr346,0
v1397,HPNGYKSLSTL_HLA-B*07:02,tcr219,1
v1397_rs_2_n0,HPNGYKSLSTL_HLA-B*07:02,tcr2071,0
v88,EAAGIGILTV_HLA-A*02:01,tcr1598,1
v88_rs_2_n0,EAAGIGILTV_HLA-A*02:01,tcr2080,0
v1093,GILGFVFTL_HLA-A*02:01,tcr61,1
v1093_rs_2_n0,GILGFVFTL_HLA-A*02:01,tcr690,0
v708,GILGFVFTL_HLA-A*02:01,tcr1948,1
v708_rs_2_n0,GILGFVFTL_HLA-A*02:01,tcr694,0
v325,GILGFVFTL_HLA-A*02:01,tcr1296,1
v325_rs_2_n0,GILGFVFTL_HLA-A*02:01,tcr2003,0
v1014,GILGFVFTL_HLA-A*02:01,tcr457,1
v1014_rs_2_n0,GILGFVFTL_HLA-A*02:01,tcr1703,0
v1466,KLVALGINAV_HLA-A*02:01,tcr1893,1
v1466_rs_2_n0,KLVALGINAV_HLA-A*02:01,tcr2107,0
v1703,NLVPMVATV_HLA-A*02:01,tcr2161,1
v1703_rs_2_n0,NLVPMVATV_HLA-A*02:01,tcr1303,0
v691,GILGFVFTL_HLA-A*02:01,tcr1922,1
v691_rs_2_n0,GILGFVFTL_HLA-A*02:01,tcr1795,0
v1583,NLVPMVATV_HLA-A*02:01,tcr1199,1
v1583_rs_2_n0,NLVPMVATV_HLA-A*02:01,tcr41,0
v15,ALLLQLFTL_HLA-A*02:01,tcr2020,1
v15_rs_2_n0,ALLLQLFTL_HLA-A*02:01,tcr177,0
v278,GILGFVFTL_HLA-A*02:01,tcr121,1
v278_rs_2_n0,GILGFVFTL_HLA-A*02:01,tcr2029,0
v1740,NLVPMVATV_HLA-A*02:01,tcr456,1
v1740_rs_2_n0,NLVPMVATV_HLA-A*02:01,tcr1785,0
v281,GILGFVFTL_HLA-A*02:01,tcr1213,1
v281_rs_2_n0,GILGFVFTL_HLA-A*02:01,tcr1866,0
v1855,RLPGVLPRA_HLA-A*02:01,tcr986,1
v1855_rs_2_n0,RLPGVLPRA_HLA-A*02:01,tcr199,0
v1294,GILGFVFTL_HLA-A*02:01,tcr967,1
v1294_rs_2_n0,GILGFVFTL_HLA-A*02:01,tcr1913,0
v1490,KLVAMGINAV_HLA-A*02:01,tcr396,1
v1490_rs_2_n0,KLVAMGINAV_HLA-A*02:01,tcr1366,0
v1010,GILGFVFTL_HLA-A*02:01,tcr449,1
v1010_rs_2_n0,GILGFVFTL_HLA-A*02:01,tcr1441,0
v178,GILGFVFTL_HLA-A*02:01,tcr1020,1
v178_rs_2_n0,GILGFVFTL_HLA-A*02:01,tcr20,0
v1072,GILGFVFTL_HLA-A*02:01,tcr571,1
v1072_rs_2_n0,GILGFVFTL_HLA-A*02:01,tcr2104,0
v705,GILGFVFTL_HLA-A*02:01,tcr1942,1
v705_rs_2_n0,GILGFVFTL_HLA-A*02:01,tcr2163,0
v588,GILGFVFTL_HLA-A*02:01,tcr1756,1
v588_rs_2_n0,GILGFVFTL_HLA-A*02:01,tcr2104,0
v467,GILGFVFTL_HLA-A*02:01,tcr1554,1
v467_rs_2_n0,GILGFVFTL_HLA-A*02:01,tcr519,0
v756,GILGFVFTL_HLA-A*02:01,tcr2032,1
v756_rs_2_n0,GILGFVFTL_HLA-A*02:01,tcr1151,0
v1860,RLWGTWVKA_HLA-A*02:01,tcr1924,1
v1860_rs_2_n0,RLWGTWVKA_HLA-A*02:01,tcr146,0
v682,GILGFVFTL_HLA-A*02:01,tcr1911,1
v682_rs_2_n0,GILGFVFTL_HLA-A*02:01,tcr647,0
v516,GILGFVFTL_HLA-A*02:01,tcr1630,1
v516_rs_2_n0,GILGFVFTL_HLA-A*02:01,tcr1880,0
v2000,SLSKILDTV_HLA-A*02:01,tcr1158,1
v2000_rs_2_n0,SLSKILDTV_HLA-A*02:01,tcr338,0
v746,GILGFVFTL_HLA-A*02:01,tcr2007,1
v746_rs_2_n0,GILGFVFTL_HLA-A*02:01,tcr1509,0
v1553,NLNCCSVPV_HLA-A*02:01,tcr1368,1
v1553_rs_2_n0,NLNCCSVPV_HLA-A*02:01,tcr1403,0
v2136,YLQPRTFLL_HLA-A*02:01,tcr886,1
v2136_rs_2_n0,YLQPRTFLL_HLA-A*02:01,tcr1713,0
v721,GILGFVFTL_HLA-A*02:01,tcr1971,1
v721_rs_2_n0,GILGFVFTL_HLA-A*02:01,tcr1031,0
v1979,SLLMWITQV_HLA-A*02:01,tcr1618,1
v1979_rs_2_n0,SLLMWITQV_HLA-A*02:01,tcr186,0
v1793,NLVPMVATV_HLA-A*02:01,tcr844,1
v1793_rs_2_n0,NLVPMVATV_HLA-A*02:01,tcr940,0
v1135,GILGFVFTL_HLA-A*02:01,tcr680,1
v1135_rs_2_n0,GILGFVFTL_HLA-A*02:01,tcr1508,0
v580,GILGFVFTL_HLA-A*02:01,tcr1739,1
v580_rs_2_n0,GILGFVFTL_HLA-A*02:01,tcr488,0
v517,GILGFVFTL_HLA-A*02:01,tcr1632,1
v517_rs_2_n0,GILGFVFTL_HLA-A*02:01,tcr266,0
v379,GILGFVFTL_HLA-A*02:01,tcr1388,1
v379_rs_2_n0,GILGFVFTL_HLA-A*02:01,tcr1698,0
v1509,LLFGYAVYV_HLA-A*02:01,tcr1933,1
v1509_rs_2_n0,LLFGYAVYV_HLA-A*02:01,tcr1087,0
v155,FMPDFDLHL_HLA-A*02:01,tcr1816,1
v155_rs_2_n0,FMPDFDLHL_HLA-A*02:01,tcr1471,0
v833,GILGFVFTL_HLA-A*02:01,tcr218,1
v833_rs_2_n0,GILGFVFTL_HLA-A*02:01,tcr2008,0
v1170,GILGFVFTL_HLA-A*02:01,tcr750,1
v1170_rs_2_n0,GILGFVFTL_HLA-A*02:01,tcr2055,0
v1106,GILGFVFTL_HLA-A*02:01,tcr634,1
v1106_rs_2_n0,GILGFVFTL_HLA-A*02:01,tcr358,0
v153,FLYALALLL_HLA-A*02:01,tcr1648,1
v153_rs_2_n0,FLYALALLL_HLA-A*02:01,tcr1421,0
v675,GILGFVFTL_HLA-A*02:01,tcr1900,1
v675_rs_2_n0,GILGFVFTL_HLA-A*02:01,tcr776,0
v1171,GILGFVFTL_HLA-A*02:01,tcr751,1
v1171_rs_2_n0,GILGFVFTL_HLA-A*02:01,tcr413,0
v631,GILGFVFTL_HLA-A*02:01,tcr1824,1
v631_rs_2_n0,GILGFVFTL_HLA-A*02:01,tcr1538,0
v2123,YLQPRTFLL_HLA-A*02:01,tcr313,1
v2123_rs_2_n0,YLQPRTFLL_HLA-A*02:01,tcr721,0
v816,GILGFVFTL_HLA-A*02:01,tcr2149,1
v816_rs_2_n0,GILGFVFTL_HLA-A*02:01,tcr1754,0
v998,GILGFVFTL_HLA-A*02:01,tcr430,1
v998_rs_2_n0,GILGFVFTL_HLA-A*02:01,tcr542,0
v1614,NLVPMVATV_HLA-A*02:01,tcr1447,1
v1614_rs_2_n0,NLVPMVATV_HLA-A*02:01,tcr854,0
v230,GILGFVFTL_HLA-A*02:01,tcr1113,1
v230_rs_2_n0,GILGFVFTL_HLA-A*02:01,tcr1789,0
v2127,YLQPRTFLL_HLA-A*02:01,tcr462,1
v2127_rs_2_n0,YLQPRTFLL_HLA-A*02:01,tcr381,0
v2075,VVMSWAPPV_HLA-A*02:01,tcr509,1
v2075_rs_2_n0,VVMSWAPPV_HLA-A*02:01,tcr348,0
v1162,GILGFVFTL_HLA-A*02:01,tcr735,1
v1162_rs_2_n0,GILGFVFTL_HLA-A*02:01,tcr1781,0
v1208,GILGFVFTL_HLA-A*02:01,tcr815,1
v1208_rs_2_n0,GILGFVFTL_HLA-A*02:01,tcr819,0
v1702,NLVPMVATV_HLA-A*02:01,tcr2146,1
v1702_rs_2_n0,NLVPMVATV_HLA-A*02:01,tcr153,0
v1853,RLPGVLPRA_HLA-A*02:01,tcr570,1
v1853_rs_2_n0,RLPGVLPRA_HLA-A*02:01,tcr1196,0
v1720,NLVPMVATV_HLA-A*02:01,tcr280,1
v1720_rs_2_n0,NLVPMVATV_HLA-A*02:01,tcr777,0
v1282,GILGFVFTL_HLA-A*02:01,tcr950,1
v1282_rs_2_n0,GILGFVFTL_HLA-A*02:01,tcr832,0
v1945,RPRGEVRFL_HLA-B*07:02,tcr148,1
v1945_rs_2_n0,RPRGEVRFL_HLA-B*07:02,tcr32,0
v429,GILGFVFTL_HLA-A*02:01,tcr1482,1
v429_rs_2_n0,GILGFVFTL_HLA-A*02:01,tcr2120,0
v1580,NLVPMVATV_HLA-A*02:01,tcr1176,1
v1580_rs_2_n0,NLVPMVATV_HLA-A*02:01,tcr1510,0
v1183,GILGFVFTL_HLA-A*02:01,tcr774,1
v1183_rs_2_n0,GILGFVFTL_HLA-A*02:01,tcr181,0
v2089,YLEPGPVTV_HLA-A*02:01,tcr12,1
v2089_rs_2_n0,YLEPGPVTV_HLA-A*02:01,tcr679,0
v351,GILGFVFTL_HLA-A*02:01,tcr1335,1
v351_rs_2_n0,GILGFVFTL_HLA-A*02:01,tcr331,0
v1773,NLVPMVATV_HLA-A*02:01,tcr664,1
v1773_rs_2_n0,NLVPMVATV_HLA-A*02:01,tcr145,0
v1475,KLVALGINAV_HLA-A*02:01,tcr454,1
v1475_rs_2_n0,KLVALGINAV_HLA-A*02:01,tcr544,0
v556,GILGFVFTL_HLA-A*02:01,tcr1701,1
v556_rs_2_n0,GILGFVFTL_HLA-A*02:01,tcr183,0
v1372,GTSGSPIINR_HLA-A*11:01,tcr64,1
v1372_rs_2_n0,GTSGSPIINR_HLA-A*11:01,tcr2030,0
v1166,GILGFVFTL_HLA-A*02:01,tcr74,1
v1166_rs_2_n0,GILGFVFTL_HLA-A*02:01,tcr915,0
v1172,GILGFVFTL_HLA-A*02:01,tcr752,1
v1172_rs_2_n0,GILGFVFTL_HLA-A*02:01,tcr1880,0
v418,GILGFVFTL_HLA-A*02:01,tcr146,1
v418_rs_2_n0,GILGFVFTL_HLA-A*02:01,tcr467,0
v1942,RPRGEVRFL_HLA-B*07:02,tcr1281,1
v1942_rs_2_n0,RPRGEVRFL_HLA-B*07:02,tcr402,0
v809,GILGFVFTL_HLA-A*02:01,tcr2135,1
v809_rs_2_n0,GILGFVFTL_HLA-A*02:01,tcr977,0
v916,GILGFVFTL_HLA-A*02:01,tcr301,1
v916_rs_2_n0,GILGFVFTL_HLA-A*02:01,tcr2211,0
v1711,NLVPMVATV_HLA-A*02:01,tcr2219,1
v1711_rs_2_n0,NLVPMVATV_HLA-A*02:01,tcr7,0
v550,GILGFVFTL_HLA-A*02:01,tcr1692,1
v550_rs_2_n0,GILGFVFTL_HLA-A*02:01,tcr1386,0
v1725,NLVPMVATV_HLA-A*02:01,tcr306,1
v1725_rs_2_n0,NLVPMVATV_HLA-A*02:01,tcr1471,0
v1286,GILGFVFTL_HLA-A*02:01,tcr954,1
v1286_rs_2_n0,GILGFVFTL_HLA-A*02:01,tcr892,0
v773,GILGFVFTL_HLA-A*02:01,tcr2072,1
v773_rs_2_n0,GILGFVFTL_HLA-A*02:01,tcr2107,0
v972,GILGFVFTL_HLA-A*02:01,tcr392,1
v972_rs_2_n0,GILGFVFTL_HLA-A*02:01,tcr168,0
v1813,QIKVRVDMV_HLA-B*08:01,tcr2187,1
v1813_rs_2_n0,QIKVRVDMV_HLA-B*08:01,tcr685,0
v993,GILGFVFTL_HLA-A*02:01,tcr424,1
v993_rs_2_n0,GILGFVFTL_HLA-A*02:01,tcr472,0
v2132,YLQPRTFLL_HLA-A*02:01,tcr622,1
v2132_rs_2_n0,YLQPRTFLL_HLA-A*02:01,tcr1298,0
v445,GILGFVFTL_HLA-A*02:01,tcr1505,1
v445_rs_2_n0,GILGFVFTL_HLA-A*02:01,tcr2001,0
v559,GILGFVFTL_HLA-A*02:01,tcr1708,1
v559_rs_2_n0,GILGFVFTL_HLA-A*02:01,tcr1245,0
v1155,GILGFVFTL_HLA-A*02:01,tcr723,1
v1155_rs_2_n0,GILGFVFTL_HLA-A*02:01,tcr2031,0
v1060,GILGFVFTL_HLA-A*02:01,tcr551,1
v1060_rs_2_n0,GILGFVFTL_HLA-A*02:01,tcr75,0
v530,GILGFVFTL_HLA-A*02:01,tcr1652,1
v530_rs_2_n0,GILGFVFTL_HLA-A*02:01,tcr2182,0
v1738,NLVPMVATV_HLA-A*02:01,tcr446,1
v1738_rs_2_n0,NLVPMVATV_HLA-A*02:01,tcr622,0
v185,GILGFVFTL_HLA-A*02:01,tcr1030,1
v185_rs_2_n0,GILGFVFTL_HLA-A*02:01,tcr938,0
v1413,HPVGEADYFEY_HLA-B*35:01,tcr1229,1
v1413_rs_2_n0,HPVGEADYFEY_HLA-B*35:01,tcr1471,0
v1613,NLVPMVATV_HLA-A*02:01,tcr1445,1
v1613_rs_2_n0,NLVPMVATV_HLA-A*02:01,tcr36,0
v1659,NLVPMVATV_HLA-A*02:01,tcr181,1
v1659_rs_2_n0,NLVPMVATV_HLA-A*02:01,tcr1852,0
v717,GILGFVFTL_HLA-A*02:01,tcr1966,1
v717_rs_2_n0,GILGFVFTL_HLA-A*02:01,tcr354,0
v1681,NLVPMVATV_HLA-A*02:01,tcr2015,1
v1681_rs_2_n0,NLVPMVATV_HLA-A*02:01,tcr984,0
v1273,GILGFVFTL_HLA-A*02:01,tcr941,1
v1273_rs_2_n0,GILGFVFTL_HLA-A*02:01,tcr1094,0
v1422,HPVGEADYFEY_HLA-B*35:08,tcr842,1
v1422_rs_2_n0,HPVGEADYFEY_HLA-B*35:08,tcr456,0
v1304,GILGFVFTL_HLA-A*02:01,tcr989,1
v1304_rs_2_n0,GILGFVFTL_HLA-A*02:01,tcr1287,0
v966,GILGFVFTL_HLA-A*02:01,tcr382,1
v966_rs_2_n0,GILGFVFTL_HLA-A*02:01,tcr1569,0
v1272,GILGFVFTL_HLA-A*02:01,tcr940,1
v1272_rs_2_n0,GILGFVFTL_HLA-A*02:01,tcr1489,0
v1260,GILGFVFTL_HLA-A*02:01,tcr927,1
v1260_rs_2_n0,GILGFVFTL_HLA-A*02:01,tcr560,0
v951,GILGFVFTL_HLA-A*02:01,tcr353,1
v951_rs_2_n0,GILGFVFTL_HLA-A*02:01,tcr2163,0
v1899,RPIIRPATL_HLA-B*07:02,tcr614,1
v1899_rs_2_n0,RPIIRPATL_HLA-B*07:02,tcr1170,0
v481,GILGFVFTL_HLA-A*02:01,tcr1580,1
v481_rs_2_n0,GILGFVFTL_HLA-A*02:01,tcr1421,0
v44,CINGVCWTV_HLA-A*02:01,tcr2001,1
v44_rs_2_n0,CINGVCWTV_HLA-A*02:01,tcr1345,0
v1675,NLVPMVATV_HLA-A*02:01,tcr1961,1
v1675_rs_2_n0,NLVPMVATV_HLA-A*02:01,tcr2152,0
v1061,GILGFVFTL_HLA-A*02:01,tcr552,1
v1061_rs_2_n0,GILGFVFTL_HLA-A*02:01,tcr582,0
v1089,GILGFVFTL_HLA-A*02:01,tcr604,1
v1089_rs_2_n0,GILGFVFTL_HLA-A*02:01,tcr2080,0
v1809,NMMWFQGQL_HLA-A*02:01,tcr818,1
v1809_rs_2_n0,NMMWFQGQL_HLA-A*02:01,tcr1309,0
v61,CVNGSCFTV_HLA-A*02:01,tcr1860,1
v61_rs_2_n0,CVNGSCFTV_HLA-A*02:01,tcr701,0
v552,GILGFVFTL_HLA-A*02:01,tcr1697,1
v552_rs_2_n0,GILGFVFTL_HLA-A*02:01,tcr2157,0
v1866,RLWGTWVKA_HLA-A*02:01,tcr976,1
v1866_rs_2_n0,RLWGTWVKA_HLA-A*02:01,tcr1592,0
v697,GILGFVFTL_HLA-A*02:01,tcr1930,1
v697_rs_2_n0,GILGFVFTL_HLA-A*02:01,tcr1845,0
v561,GILGFVFTL_HLA-A*02:01,tcr1713,1
v561_rs_2_n0,GILGFVFTL_HLA-A*02:01,tcr1904,0
v1393,HPNGYKSLSTL_HLA-B*07:02,tcr2050,1
v1393_rs_2_n0,HPNGYKSLSTL_HLA-B*07:02,tcr1103,0
v635,GILGFVFTL_HLA-A*02:01,tcr1830,1
v635_rs_2_n0,GILGFVFTL_HLA-A*02:01,tcr268,0
v2131,YLQPRTFLL_HLA-A*02:01,tcr598,1
v2131_rs_2_n0,YLQPRTFLL_HLA-A*02:01,tcr1822,0
v627,GILGFVFTL_HLA-A*02:01,tcr1814,1
v627_rs_2_n0,GILGFVFTL_HLA-A*02:01,tcr58,0
v589,GILGFVFTL_HLA-A*02:01,tcr1758,1
v589_rs_2_n0,GILGFVFTL_HLA-A*02:01,tcr437,0
v408,GILGFVFTL_HLA-A*02:01,tcr1442,1
v408_rs_2_n0,GILGFVFTL_HLA-A*02:01,tcr818,0
v1611,NLVPMVATV_HLA-A*02:01,tcr1425,1
v1611_rs_2_n0,NLVPMVATV_HLA-A*02:01,tcr1641,0
v1543,MLFSHGLVK_HLA-A*03:01,tcr287,1
v1543_rs_2_n0,MLFSHGLVK_HLA-A*03:01,tcr2198,0
v158,FVVPYMIYLL_HLA-C*03:03,tcr1077,1
v158_rs_2_n0,FVVPYMIYLL_HLA-C*03:03,tcr451,0
v598,GILGFVFTL_HLA-A*02:01,tcr177,1
v598_rs_2_n0,GILGFVFTL_HLA-A*02:01,tcr1257,0
v60,CVNGSCFTV_HLA-A*02:01,tcr1844,1
v60_rs_2_n0,CVNGSCFTV_HLA-A*02:01,tcr1403,0
v751,GILGFVFTL_HLA-A*02:01,tcr202,1
v751_rs_2_n0,GILGFVFTL_HLA-A*02:01,tcr1874,0
v874,GILGFVFTL_HLA-A*02:01,tcr224,1
v874_rs_2_n0,GILGFVFTL_HLA-A*02:01,tcr1509,0
v1981,SLLMWITQV_HLA-A*02:01,tcr1698,1
v1981_rs_2_n0,SLLMWITQV_HLA-A*02:01,tcr1561,0
v766,GILGFVFTL_HLA-A*02:01,tcr2049,1
v766_rs_2_n0,GILGFVFTL_HLA-A*02:01,tcr1729,0
v141,FAMQMAYRF_HLA-A*24:02,tcr394,1
v141_rs_2_n0,FAMQMAYRF_HLA-A*24:02,tcr2194,0
v78,DATYQRTRALVR_HLA-A*68:01,tcr591,1
v78_rs_2_n0,DATYQRTRALVR_HLA-A*68:01,tcr1929,0
v1697,NLVPMVATV_HLA-A*02:01,tcr210,1
v1697_rs_2_n0,NLVPMVATV_HLA-A*02:01,tcr2048,0
v1728,NLVPMVATV_HLA-A*02:01,tcr348,1
v1728_rs_2_n0,NLVPMVATV_HLA-A*02:01,tcr1061,0
v497,GILGFVFTL_HLA-A*02:01,tcr1601,1
v497_rs_2_n0,GILGFVFTL_HLA-A*02:01,tcr947,0
v213,GILGFVFTL_HLA-A*02:01,tcr1082,1
v213_rs_2_n0,GILGFVFTL_HLA-A*02:01,tcr893,0
v1953,RPRGEVRFL_HLA-B*07:02,tcr616,1
v1953_rs_2_n0,RPRGEVRFL_HLA-B*07:02,tcr929,0
v101,EFTVSGNIL_HLA-B*40:01,tcr832,1
v101_rs_2_n0,EFTVSGNIL_HLA-B*40:01,tcr1717,0
v2126,YLQPRTFLL_HLA-A*02:01,tcr458,1
v2126_rs_2_n0,YLQPRTFLL_HLA-A*02:01,tcr735,0
v335,GILGFVFTL_HLA-A*02:01,tcr131,1
v335_rs_2_n0,GILGFVFTL_HLA-A*02:01,tcr581,0
v1832,RLDAMNGQL_HLA-A*02:01,tcr1880,1
v1832_rs_2_n0,RLDAMNGQL_HLA-A*02:01,tcr400,0
v472,GILGFVFTL_HLA-A*02:01,tcr1566,1
v472_rs_2_n0,GILGFVFTL_HLA-A*02:01,tcr199,0
v186,GILGFVFTL_HLA-A*02:01,tcr1033,1
v186_rs_2_n0,GILGFVFTL_HLA-A*02:01,tcr1608,0
v1118,GILGFVFTL_HLA-A*02:01,tcr656,1
v1118_rs_2_n0,GILGFVFTL_HLA-A*02:01,tcr1816,0
v728,GILGFVFTL_HLA-A*02:01,tcr1980,1
v728_rs_2_n0,GILGFVFTL_HLA-A*02:01,tcr1227,0
v648,GILGFVFTL_HLA-A*02:01,tcr1854,1
v648_rs_2_n0,GILGFVFTL_HLA-A*02:01,tcr606,0
v1215,GILGFVFTL_HLA-A*02:01,tcr835,1
v1215_rs_2_n0,GILGFVFTL_HLA-A*02:01,tcr517,0
v1096,GILGFVFTL_HLA-A*02:01,tcr613,1
v1096_rs_2_n0,GILGFVFTL_HLA-A*02:01,tcr1661,0
v698,GILGFVFTL_HLA-A*02:01,tcr1931,1
v698_rs_2_n0,GILGFVFTL_HLA-A*02:01,tcr2200,0
v1925,RPIIRPATL_HLA-B*08:01,tcr227,1
v1925_rs_2_n0,RPIIRPATL_HLA-B*08:01,tcr745,0
v562,GILGFVFTL_HLA-A*02:01,tcr1714,1
v562_rs_2_n0,GILGFVFTL_HLA-A*02:01,tcr620,0
v2061,VAANIVLTV_HLA-A*02:01,tcr2120,1
v2061_rs_2_n0,VAANIVLTV_HLA-A*02:01,tcr2209,0
v672,GILGFVFTL_HLA-A*02:01,tcr1895,1
v672_rs_2_n0,GILGFVFTL_HLA-A*02:01,tcr1995,0
v680,GILGFVFTL_HLA-A*02:01,tcr191,1
v680_rs_2_n0,GILGFVFTL_HLA-A*02:01,tcr1704,0
v337,GILGFVFTL_HLA-A*02:01,tcr1312,1
v337_rs_2_n0,GILGFVFTL_HLA-A*02:01,tcr1880,0
v1222,GILGFVFTL_HLA-A*02:01,tcr853,1
v1222_rs_2_n0,GILGFVFTL_HLA-A*02:01,tcr2067,0
v1498,KPRQKRTAT_HLA-B*07:02,tcr694,1
v1498_rs_2_n0,KPRQKRTAT_HLA-B*07:02,tcr920,0
v427,GILGFVFTL_HLA-A*02:01,tcr1474,1
v427_rs_2_n0,GILGFVFTL_HLA-A*02:01,tcr470,0
v1232,GILGFVFTL_HLA-A*02:01,tcr872,1
v1232_rs_2_n0,GILGFVFTL_HLA-A*02:01,tcr1503,0
v1156,GILGFVFTL_HLA-A*02:01,tcr725,1
v1156_rs_2_n0,GILGFVFTL_HLA-A*02:01,tcr638,0
v25,ALYGFVPVL_HLA-A*02:01,tcr1834,1
v25_rs_2_n0,ALYGFVPVL_HLA-A*02:01,tcr2054,0
v942,GILGFVFTL_HLA-A*02:01,tcr342,1
v942_rs_2_n0,GILGFVFTL_HLA-A*02:01,tcr1880,0
v131,EPLPQGQLTAY_HLA-B*35:01,tcr691,1
v131_rs_2_n0,EPLPQGQLTAY_HLA-B*35:01,tcr1614,0
v102,ELAGIGILTV_HLA-A*02:01,tcr1031,1
v102_rs_2_n0,ELAGIGILTV_HLA-A*02:01,tcr331,0
v1807,NLVPMVATV_HLA-A*02:01,tcr982,1
v1807_rs_2_n0,NLVPMVATV_HLA-A*02:01,tcr1959,0
v1660,NLVPMVATV_HLA-A*02:01,tcr1813,1
v1660_rs_2_n0,NLVPMVATV_HLA-A*02:01,tcr810,0
v1902,RPIIRPATL_HLA-B*07:02,tcr854,1
v1902_rs_2_n0,RPIIRPATL_HLA-B*07:02,tcr1111,0
v1448,KLSALGINAV_HLA-A*02:01,tcr2000,1
v1448_rs_2_n0,KLSALGINAV_HLA-A*02:01,tcr244,0
v34,AVGSYVYSV_HLA-A*02:01,tcr947,1
v34_rs_2_n0,AVGSYVYSV_HLA-A*02:01,tcr1188,0
v1259,GILGFVFTL_HLA-A*02:01,tcr925,1
v1259_rs_2_n0,GILGFVFTL_HLA-A*02:01,tcr2005,0
v122,EMLFSHGLVK_HLA-A*03:01,tcr1584,1
v122_rs_2_n0,EMLFSHGLVK_HLA-A*03:01,tcr448,0
v578,GILGFVFTL_HLA-A*02:01,tcr1734,1
v578_rs_2_n0,GILGFVFTL_HLA-A*02:01,tcr1729,0
v847,GILGFVFTL_HLA-A*02:01,tcr220,1
v847_rs_2_n0,GILGFVFTL_HLA-A*02:01,tcr1871,0
v1662,NLVPMVATV_HLA-A*02:01,tcr1846,1
v1662_rs_2_n0,NLVPMVATV_HLA-A*02:01,tcr1059,0
v260,GILGFVFTL_HLA-A*02:01,tcr1173,1
v260_rs_2_n0,GILGFVFTL_HLA-A*02:01,tcr2022,0
v1774,NLVPMVATV_HLA-A*02:01,tcr672,1
v1774_rs_2_n0,NLVPMVATV_HLA-A*02:01,tcr1543,0
v1791,NLVPMVATV_HLA-A*02:01,tcr83,1
v1791_rs_2_n0,NLVPMVATV_HLA-A*02:01,tcr1613,0
v1342,GLCTLVAML_HLA-A*02:01,tcr645,1
v1342_rs_2_n0,GLCTLVAML_HLA-A*02:01,tcr1335,0
v396,GILGFVFTL_HLA-A*02:01,tcr1416,1
v396_rs_2_n0,GILGFVFTL_HLA-A*02:01,tcr1115,0
v319,GILGFVFTL_HLA-A*02:01,tcr1285,1
v319_rs_2_n0,GILGFVFTL_HLA-A*02:01,tcr316,0
v1566,NLVPMVATV_HLA-A*02:01,tcr104,1
v1566_rs_2_n0,NLVPMVATV_HLA-A*02:01,tcr2080,0
v856,GILGFVFTL_HLA-A*02:01,tcr2209,1
v856_rs_2_n0,GILGFVFTL_HLA-A*02:01,tcr1131,0
v1567,NLVPMVATV_HLA-A*02:01,tcr1048,1
v1567_rs_2_n0,NLVPMVATV_HLA-A*02:01,tcr1794,0
v1635,NLVPMVATV_HLA-A*02:01,tcr1606,1
v1635_rs_2_n0,NLVPMVATV_HLA-A*02:01,tcr2132,0
v907,GILGFVFTL_HLA-A*02:01,tcr288,1
v907_rs_2_n0,GILGFVFTL_HLA-A*02:01,tcr1145,0
v2112,YLQPRTFLL_HLA-A*02:01,tcr182,1
v2112_rs_2_n0,YLQPRTFLL_HLA-A*02:01,tcr380,0
v884,GILGFVFTL_HLA-A*02:01,tcr246,1
v884_rs_2_n0,GILGFVFTL_HLA-A*02:01,tcr988,0
v962,GILGFVFTL_HLA-A*02:01,tcr372,1
v962_rs_2_n0,GILGFVFTL_HLA-A*02:01,tcr620,0
v1969,SLLMWITQC_HLA-A*02:01,tcr2005,1
v1969_rs_2_n0,SLLMWITQC_HLA-A*02:01,tcr1534,0
v466,GILGFVFTL_HLA-A*02:01,tcr1551,1
v466_rs_2_n0,GILGFVFTL_HLA-A*02:01,tcr1417,0
v421,GILGFVFTL_HLA-A*02:01,tcr1462,1
v421_rs_2_n0,GILGFVFTL_HLA-A*02:01,tcr284,0
v1345,GLCTLVAML_HLA-A*02:01,tcr71,1
v1345_rs_2_n0,GLCTLVAML_HLA-A*02:01,tcr879,0
v202,GILGFVFTL_HLA-A*02:01,tcr1063,1
v202_rs_2_n0,GILGFVFTL_HLA-A*02:01,tcr1223,0
v1783,NLVPMVATV_HLA-A*02:01,tcr772,1
v1783_rs_2_n0,NLVPMVATV_HLA-A*02:01,tcr696,0
v1731,NLVPMVATV_HLA-A*02:01,tcr358,1
v1731_rs_2_n0,NLVPMVATV_HLA-A*02:01,tcr15,0
v1339,GLCTLVAML_HLA-A*02:01,tcr536,1
v1339_rs_2_n0,GLCTLVAML_HLA-A*02:01,tcr116,0
v1955,RPRGEVRFL_HLA-B*07:02,tcr746,1
v1955_rs_2_n0,RPRGEVRFL_HLA-B*07:02,tcr283,0
v1439,KASEKIFYV_HLA-A*02:01,tcr1304,1
v1439_rs_2_n0,KASEKIFYV_HLA-A*02:01,tcr188,0
v208,GILGFVFTL_HLA-A*02:01,tcr1076,1
v208_rs_2_n0,GILGFVFTL_HLA-A*02:01,tcr2048,0
v1197,GILGFVFTL_HLA-A*02:01,tcr797,1
v1197_rs_2_n0,GILGFVFTL_HLA-A*02:01,tcr711,0
v1529,LPFEKSTIM_HLA-B*35:01,tcr823,1
v1529_rs_2_n0,LPFEKSTIM_HLA-B*35:01,tcr80,0
v1594,NLVPMVATV_HLA-A*02:01,tcr1293,1
v1594_rs_2_n0,NLVPMVATV_HLA-A*02:01,tcr953,0
v525,GILGFVFTL_HLA-A*02:01,tcr1643,1
v525_rs_2_n0,GILGFVFTL_HLA-A*02:01,tcr1549,0
v1756,NLVPMVATV_HLA-A*02:01,tcr542,1
v1756_rs_2_n0,NLVPMVATV_HLA-A*02:01,tcr505,0
v534,GILGFVFTL_HLA-A*02:01,tcr1659,1
v534_rs_2_n0,GILGFVFTL_HLA-A*02:01,tcr539,0
v1169,GILGFVFTL_HLA-A*02:01,tcr748,1
v1169_rs_2_n0,GILGFVFTL_HLA-A*02:01,tcr1564,0
v1456,KLVALGINAV_HLA-A*02:01,tcr1214,1
v1456_rs_2_n0,KLVALGINAV_HLA-A*02:01,tcr366,0
v162,GADGVGKSAL_HLA-C*08:02,tcr828,1
v162_rs_2_n0,GADGVGKSAL_HLA-C*08:02,tcr623,0
v489,GILGFVFTL_HLA-A*02:01,tcr1592,1
v489_rs_2_n0,GILGFVFTL_HLA-A*02:01,tcr1470,0
v493,GILGFVFTL_HLA-A*02:01,tcr1596,1
v493_rs_2_n0,GILGFVFTL_HLA-A*02:01,tcr1039,0
v978,GILGFVFTL_HLA-A*02:01,tcr4,1
v978_rs_2_n0,GILGFVFTL_HLA-A*02:01,tcr2060,0
v479,GILGFVFTL_HLA-A*02:01,tcr1578,1
v479_rs_2_n0,GILGFVFTL_HLA-A*02:01,tcr194,0
v679,GILGFVFTL_HLA-A*02:01,tcr1909,1
v679_rs_2_n0,GILGFVFTL_HLA-A*02:01,tcr407,0
v1306,GILGFVFTL_HLA-A*02:01,tcr995,1
v1306_rs_2_n0,GILGFVFTL_HLA-A*02:01,tcr258,0
v1537,LWMRLLPLL_HLA-A*24:02,tcr1244,1
v1537_rs_2_n0,LWMRLLPLL_HLA-A*24:02,tcr2125,0
v1838,RLITGRLQSL_HLA-A*02:01,tcr1380,1
v1838_rs_2_n0,RLITGRLQSL_HLA-A*02:01,tcr166,0
v596,GILGFVFTL_HLA-A*02:01,tcr1768,1
v596_rs_2_n0,GILGFVFTL_HLA-A*02:01,tcr451,0
v1528,LPFEKSTIM_HLA-B*35:01,tcr519,1
v1528_rs_2_n0,LPFEKSTIM_HLA-B*35:01,tcr781,0
v1948,RPRGEVRFL_HLA-B*07:02,tcr1965,1
v1948_rs_2_n0,RPRGEVRFL_HLA-B*07:02,tcr202,0
v1602,NLVPMVATV_HLA-A*02:01,tcr1366,1
v1602_rs_2_n0,NLVPMVATV_HLA-A*02:01,tcr294,0
v2066,VAANIVLTV_HLA-A*02:01,tcr75,1
v2066_rs_2_n0,VAANIVLTV_HLA-A*02:01,tcr1884,0
v191,GILGFVFTL_HLA-A*02:01,tcr1041,1
v191_rs_2_n0,GILGFVFTL_HLA-A*02:01,tcr1176,0
v985,GILGFVFTL_HLA-A*02:01,tcr411,1
v985_rs_2_n0,GILGFVFTL_HLA-A*02:01,tcr1598,0
v2050,TRLALIAPK_HLA-B*27:05,tcr1489,1
v2050_rs_2_n0,TRLALIAPK_HLA-B*27:05,tcr881,0
v684,GILGFVFTL_HLA-A*02:01,tcr1914,1
v684_rs_2_n0,GILGFVFTL_HLA-A*02:01,tcr222,0
v592,GILGFVFTL_HLA-A*02:01,tcr1762,1
v592_rs_2_n0,GILGFVFTL_HLA-A*02:01,tcr969,0
v1596,NLVPMVATV_HLA-A*02:01,tcr1319,1
v1596_rs_2_n0,NLVPMVATV_HLA-A*02:01,tcr915,0
v1523,LPFDKSTIM_HLA-B*35:01,tcr1572,1
v1523_rs_2_n0,LPFDKSTIM_HLA-B*35:01,tcr112,0
v1336,GLCTLVAML_HLA-A*02:01,tcr384,1
v1336_rs_2_n0,GLCTLVAML_HLA-A*02:01,tcr1416,0
v1126,GILGFVFTL_HLA-A*02:01,tcr669,1
v1126_rs_2_n0,GILGFVFTL_HLA-A*02:01,tcr448,0
v510,GILGFVFTL_HLA-A*02:01,tcr1622,1
v510_rs_2_n0,GILGFVFTL_HLA-A*02:01,tcr244,0
v2070,VVGAVGVGK_HLA-A*11:01,tcr749,1
v2070_rs_2_n0,VVGAVGVGK_HLA-A*11:01,tcr450,0
v836,GILGFVFTL_HLA-A*02:01,tcr2185,1
v836_rs_2_n0,GILGFVFTL_HLA-A*02:01,tcr467,0
v354,GILGFVFTL_HLA-A*02:01,tcr1341,1
v354_rs_2_n0,GILGFVFTL_HLA-A*02:01,tcr1502,0
v126,EPLPQGQLTAY_HLA-B*35:01,tcr1509,1
v126_rs_2_n0,EPLPQGQLTAY_HLA-B*35:01,tcr1305,0
v240,GILGFVFTL_HLA-A*02:01,tcr1129,1
v240_rs_2_n0,GILGFVFTL_HLA-A*02:01,tcr171,0
v305,GILGFVFTL_HLA-A*02:01,tcr1262,1
v305_rs_2_n0,GILGFVFTL_HLA-A*02:01,tcr1479,0
v1606,NLVPMVATV_HLA-A*02:01,tcr1386,1
v1606_rs_2_n0,NLVPMVATV_HLA-A*02:01,tcr745,0
v1444,KLFEFLVYGV_HLA-A*02:01,tcr190,1
v1444_rs_2_n0,KLFEFLVYGV_HLA-A*02:01,tcr685,0
v895,GILGFVFTL_HLA-A*02:01,tcr263,1
v895_rs_2_n0,GILGFVFTL_HLA-A*02:01,tcr187,0
v1319,GLCTLVAML_HLA-A*02:01,tcr1560,1
v1319_rs_2_n0,GLCTLVAML_HLA-A*02:01,tcr1045,0
v1871,RMFPNAPYL_HLA-A*02:01,tcr980,1
v1871_rs_2_n0,RMFPNAPYL_HLA-A*02:01,tcr2142,0
v590,GILGFVFTL_HLA-A*02:01,tcr1759,1
v590_rs_2_n0,GILGFVFTL_HLA-A*02:01,tcr519,0
v1887,RPIIRPATL_HLA-B*07:02,tcr1789,1
v1887_rs_2_n0,RPIIRPATL_HLA-B*07:02,tcr1785,0
v1494,KLYGLDWAEL_HLA-A*02:01,tcr1938,1
v1494_rs_2_n0,KLYGLDWAEL_HLA-A*02:01,tcr1306,0
v861,GILGFVFTL_HLA-A*02:01,tcr2217,1
v861_rs_2_n0,GILGFVFTL_HLA-A*02:01,tcr384,0
v255,GILGFVFTL_HLA-A*02:01,tcr1157,1
v255_rs_2_n0,GILGFVFTL_HLA-A*02:01,tcr1813,0
v1548,MMDFFNAQM_HLA-A*02:01,tcr818,1
v1548_rs_2_n0,MMDFFNAQM_HLA-A*02:01,tcr1919,0
v406,GILGFVFTL_HLA-A*02:01,tcr144,1
v406_rs_2_n0,GILGFVFTL_HLA-A*02:01,tcr961,0
v976,GILGFVFTL_HLA-A*02:01,tcr398,1
v976_rs_2_n0,GILGFVFTL_HLA-A*02:01,tcr410,0
v140,FAMQMAYRF_HLA-A*24:02,tcr2067,1
v140_rs_2_n0,FAMQMAYRF_HLA-A*24:02,tcr1004,0
v207,GILGFVFTL_HLA-A*02:01,tcr1075,1
v207_rs_2_n0,GILGFVFTL_HLA-A*02:01,tcr1729,0
v399,GILGFVFTL_HLA-A*02:01,tcr1424,1
v399_rs_2_n0,GILGFVFTL_HLA-A*02:01,tcr2003,0
v1588,NLVPMVATV_HLA-A*02:01,tcr1241,1
v1588_rs_2_n0,NLVPMVATV_HLA-A*02:01,tcr1613,0
v1505,KVDPIGHVY_HLA-A*01:01,tcr969,1
v1505_rs_2_n0,KVDPIGHVY_HLA-A*01:01,tcr542,0
v769,GILGFVFTL_HLA-A*02:01,tcr2057,1
v769_rs_2_n0,GILGFVFTL_HLA-A*02:01,tcr982,0
v1864,RLWGTWVKA_HLA-A*02:01,tcr620,1
v1864_rs_2_n0,RLWGTWVKA_HLA-A*02:01,tcr700,0
v915,GILGFVFTL_HLA-A*02:01,tcr300,1
v915_rs_2_n0,GILGFVFTL_HLA-A*02:01,tcr1329,0
v733,GILGFVFTL_HLA-A*02:01,tcr1987,1
v733_rs_2_n0,GILGFVFTL_HLA-A*02:01,tcr1534,0
v1191,GILGFVFTL_HLA-A*02:01,tcr789,1
v1191_rs_2_n0,GILGFVFTL_HLA-A*02:01,tcr454,0
v2027,SSCMGGMNWR_HLA-A*68:01,tcr2163,1
v2027_rs_2_n0,SSCMGGMNWR_HLA-A*68:01,tcr1232,0
v79,DATYQRTRALVR_HLA-A*68:01,tcr831,1
v79_rs_2_n0,DATYQRTRALVR_HLA-A*68:01,tcr408,0
v931,GILGFVFTL_HLA-A*02:01,tcr322,1
v931_rs_2_n0,GILGFVFTL_HLA-A*02:01,tcr822,0
v1438,KASEKIFYV_HLA-A*02:01,tcr1216,1
v1438_rs_2_n0,KASEKIFYV_HLA-A*02:01,tcr715,0
v1070,GILGFVFTL_HLA-A*02:01,tcr567,1
v1070_rs_2_n0,GILGFVFTL_HLA-A*02:01,tcr362,0
v1483,KLVALGINAV_HLA-A*02:01,tcr808,1
v1483_rs_2_n0,KLVALGINAV_HLA-A*02:01,tcr244,0
v1057,GILGFVFTL_HLA-A*02:01,tcr541,1
v1057_rs_2_n0,GILGFVFTL_HLA-A*02:01,tcr914,0
v340,GILGFVFTL_HLA-A*02:01,tcr1316,1
v340_rs_2_n0,GILGFVFTL_HLA-A*02:01,tcr2104,0
v621,GILGFVFTL_HLA-A*02:01,tcr1805,1
v621_rs_2_n0,GILGFVFTL_HLA-A*02:01,tcr969,0
v800,GILGFVFTL_HLA-A*02:01,tcr2123,1
v800_rs_2_n0,GILGFVFTL_HLA-A*02:01,tcr1236,0
v154,FMPDFDLHL_HLA-A*02:01,tcr15,1
v154_rs_2_n0,FMPDFDLHL_HLA-A*02:01,tcr2185,0
v216,GILGFVFTL_HLA-A*02:01,tcr1086,1
v216_rs_2_n0,GILGFVFTL_HLA-A*02:01,tcr1061,0
v96,EAAGIGILTV_HLA-A*02:01,tcr599,1
v96_rs_2_n0,EAAGIGILTV_HLA-A*02:01,tcr659,0
v460,GILGFVFTL_HLA-A*02:01,tcr1531,1
v460_rs_2_n0,GILGFVFTL_HLA-A*02:01,tcr1013,0
v134,EPLPQGQLTAY_HLA-B*35:01,tcr779,1
v134_rs_2_n0,EPLPQGQLTAY_HLA-B*35:01,tcr1933,0
v2139,YLQPRTFLL_HLA-A*02:01,tcr994,1
v2139_rs_2_n0,YLQPRTFLL_HLA-A*02:01,tcr212,0
v2024,SPRWYFYYL_HLA-B*07:02,tcr990,1
v2024_rs_2_n0,SPRWYFYYL_HLA-B*07:02,tcr169,0
v1527,LPFDKTTIM_HLA-B*35:01,tcr823,1
v1527_rs_2_n0,LPFDKTTIM_HLA-B*35:01,tcr1232,0
v1584,NLVPMVATV_HLA-A*02:01,tcr1223,1
v1584_rs_2_n0,NLVPMVATV_HLA-A*02:01,tcr1111,0
v1258,GILGFVFTL_HLA-A*02:01,tcr924,1
v1258_rs_2_n0,GILGFVFTL_HLA-A*02:01,tcr873,0
v1080,GILGFVFTL_HLA-A*02:01,tcr589,1
v1080_rs_2_n0,GILGFVFTL_HLA-A*02:01,tcr290,0
v1253,GILGFVFTL_HLA-A*02:01,tcr918,1
v1253_rs_2_n0,GILGFVFTL_HLA-A*02:01,tcr1965,0
v634,GILGFVFTL_HLA-A*02:01,tcr1829,1
v634_rs_2_n0,GILGFVFTL_HLA-A*02:01,tcr1555,0
v347,GILGFVFTL_HLA-A*02:01,tcr133,1
v347_rs_2_n0,GILGFVFTL_HLA-A*02:01,tcr2094,0
v1745,NLVPMVATV_HLA-A*02:01,tcr494,1
v1745_rs_2_n0,NLVPMVATV_HLA-A*02:01,tcr381,0
v1417,HPVGEADYFEY_HLA-B*35:01,tcr2080,1
v1417_rs_2_n0,HPVGEADYFEY_HLA-B*35:01,tcr1889,0
v1238,GILGFVFTL_HLA-A*02:01,tcr885,1
v1238_rs_2_n0,GILGFVFTL_HLA-A*02:01,tcr316,0
v1281,GILGFVFTL_HLA-A*02:01,tcr95,1
v1281_rs_2_n0,GILGFVFTL_HLA-A*02:01,tcr451,0
v1750,NLVPMVATV_HLA-A*02:01,tcr507,1
v1750_rs_2_n0,NLVPMVATV_HLA-A*02:01,tcr1089,0
v904,GILGFVFTL_HLA-A*02:01,tcr282,1
v904_rs_2_n0,GILGFVFTL_HLA-A*02:01,tcr336,0
v28,ALYGFVPVL_HLA-A*02:01,tcr385,1
v28_rs_2_n0,ALYGFVPVL_HLA-A*02:01,tcr1190,0
v491,GILGFVFTL_HLA-A*02:01,tcr1594,1
v491_rs_2_n0,GILGFVFTL_HLA-A*02:01,tcr1791,0
v1782,NLVPMVATV_HLA-A*02:01,tcr770,1
v1782_rs_2_n0,NLVPMVATV_HLA-A*02:01,tcr1576,0
v1947,RPRGEVRFL_HLA-B*07:02,tcr1647,1
v1947_rs_2_n0,RPRGEVRFL_HLA-B*07:02,tcr1063,0
v676,GILGFVFTL_HLA-A*02:01,tcr1903,1
v676_rs_2_n0,GILGFVFTL_HLA-A*02:01,tcr509,0
v100,EEIEITTHF_HLA-B*18:01,tcr1892,1
v100_rs_2_n0,EEIEITTHF_HLA-B*18:01,tcr176,0
v1176,GILGFVFTL_HLA-A*02:01,tcr760,1
v1176_rs_2_n0,GILGFVFTL_HLA-A*02:01,tcr1321,0
v56,CVNGSCFTV_HLA-A*02:01,tcr115,1
v56_rs_2_n0,CVNGSCFTV_HLA-A*02:01,tcr465,0
v220,GILGFVFTL_HLA-A*02:01,tcr1097,1
v220_rs_2_n0,GILGFVFTL_HLA-A*02:01,tcr104,0
v1224,GILGFVFTL_HLA-A*02:01,tcr857,1
v1224_rs_2_n0,GILGFVFTL_HLA-A*02:01,tcr519,0
v1670,NLVPMVATV_HLA-A*02:01,tcr1899,1
v1670_rs_2_n0,NLVPMVATV_HLA-A*02:01,tcr1572,0
v1277,GILGFVFTL_HLA-A*02:01,tcr945,1
v1277_rs_2_n0,GILGFVFTL_HLA-A*02:01,tcr970,0
v1125,GILGFVFTL_HLA-A*02:01,tcr667,1
v1125_rs_2_n0,GILGFVFTL_HLA-A*02:01,tcr1109,0
v450,GILGFVFTL_HLA-A*02:01,tcr1513,1
v450_rs_2_n0,GILGFVFTL_HLA-A*02:01,tcr912,0
v454,GILGFVFTL_HLA-A*02:01,tcr152,1
v454_rs_2_n0,GILGFVFTL_HLA-A*02:01,tcr153,0
v593,GILGFVFTL_HLA-A*02:01,tcr1765,1
v593_rs_2_n0,GILGFVFTL_HLA-A*02:01,tcr823,0
v2047,TPQDLNTML_HLA-B*42:01,tcr1255,1
v2047_rs_2_n0,TPQDLNTML_HLA-B*42:01,tcr1337,0
v1880,RPIIRPATL_HLA-B*07:02,tcr1538,1
v1880_rs_2_n0,RPIIRPATL_HLA-B*07:02,tcr726,0
v1334,GLCTLVAML_HLA-A*02:01,tcr2225,1
v1334_rs_2_n0,GLCTLVAML_HLA-A*02:01,tcr284,0
v1919,RPIIRPATL_HLA-B*08:01,tcr1845,1
v1919_rs_2_n0,RPIIRPATL_HLA-B*08:01,tcr244,0
v1299,GILGFVFTL_HLA-A*02:01,tcr978,1
v1299_rs_2_n0,GILGFVFTL_HLA-A*02:01,tcr591,0
v1964,RYPLTFGWCF_HLA-A*24:02,tcr1090,1
v1964_rs_2_n0,RYPLTFGWCF_HLA-A*24:02,tcr1628,0
v296,GILGFVFTL_HLA-A*02:01,tcr1242,1
v296_rs_2_n0,GILGFVFTL_HLA-A*02:01,tcr828,0
v886,GILGFVFTL_HLA-A*02:01,tcr249,1
v886_rs_2_n0,GILGFVFTL_HLA-A*02:01,tcr1887,0
v29,APARLERRHSA_HLA-B*07:02,tcr1061,1
v29_rs_2_n0,APARLERRHSA_HLA-B*07:02,tcr1438,0
v245,GILGFVFTL_HLA-A*02:01,tcr1136,1
v245_rs_2_n0,GILGFVFTL_HLA-A*02:01,tcr1235,0
v637,GILGFVFTL_HLA-A*02:01,tcr1833,1
v637_rs_2_n0,GILGFVFTL_HLA-A*02:01,tcr1703,0
v1632,NLVPMVATV_HLA-A*02:01,tcr1561,1
v1632_rs_2_n0,NLVPMVATV_HLA-A*02:01,tcr1132,0
v1808,NMMWFQGQL_HLA-A*02:01,tcr1880,1
v1808_rs_2_n0,NMMWFQGQL_HLA-A*02:01,tcr1743,0
v1573,NLVPMVATV_HLA-A*02:01,tcr1127,1
v1573_rs_2_n0,NLVPMVATV_HLA-A*02:01,tcr514,0
v273,GILGFVFTL_HLA-A*02:01,tcr1202,1
v273_rs_2_n0,GILGFVFTL_HLA-A*02:01,tcr2166,0
v599,GILGFVFTL_HLA-A*02:01,tcr1771,1
v599_rs_2_n0,GILGFVFTL_HLA-A*02:01,tcr2008,0
v707,GILGFVFTL_HLA-A*02:01,tcr1947,1
v707_rs_2_n0,GILGFVFTL_HLA-A*02:01,tcr1021,0
v1896,RPIIRPATL_HLA-B*07:02,tcr337,1
v1896_rs_2_n0,RPIIRPATL_HLA-B*07:02,tcr2221,0
v1560,NLVPMVATV_HLA-A*02:01,tcr1017,1
v1560_rs_2_n0,NLVPMVATV_HLA-A*02:01,tcr2107,0
v803,GILGFVFTL_HLA-A*02:01,tcr2128,1
v803_rs_2_n0,GILGFVFTL_HLA-A*02:01,tcr2168,0
v799,GILGFVFTL_HLA-A*02:01,tcr2121,1
v799_rs_2_n0,GILGFVFTL_HLA-A*02:01,tcr1055,0
v1447,KLSALGINAV_HLA-A*02:01,tcr1481,1
v1447_rs_2_n0,KLSALGINAV_HLA-A*02:01,tcr652,0
v386,GILGFVFTL_HLA-A*02:01,tcr1403,1
v386_rs_2_n0,GILGFVFTL_HLA-A*02:01,tcr2107,0
v820,GILGFVFTL_HLA-A*02:01,tcr2152,1
v820_rs_2_n0,GILGFVFTL_HLA-A*02:01,tcr394,0
v184,GILGFVFTL_HLA-A*02:01,tcr103,1
v184_rs_2_n0,GILGFVFTL_HLA-A*02:01,tcr201,0
v2081,VYFLQSINF_HLA-A*24:02,tcr166,1
v2081_rs_2_n0,VYFLQSINF_HLA-A*24:02,tcr672,0
v1267,GILGFVFTL_HLA-A*02:01,tcr934,1
v1267_rs_2_n0,GILGFVFTL_HLA-A*02:01,tcr1112,0
v341,GILGFVFTL_HLA-A*02:01,tcr1317,1
v341_rs_2_n0,GILGFVFTL_HLA-A*02:01,tcr1429,0
v882,GILGFVFTL_HLA-A*02:01,tcr240,1
v882_rs_2_n0,GILGFVFTL_HLA-A*02:01,tcr519,0
v2107,YLQPRTFLL_HLA-A*02:01,tcr1519,1
v2107_rs_2_n0,YLQPRTFLL_HLA-A*02:01,tcr2135,0
v331,GILGFVFTL_HLA-A*02:01,tcr1301,1
v331_rs_2_n0,GILGFVFTL_HLA-A*02:01,tcr1336,0
v1518,LMDMHNGQL_HLA-A*02:01,tcr1880,1
v1518_rs_2_n0,LMDMHNGQL_HLA-A*02:01,tcr946,0
v1736,NLVPMVATV_HLA-A*02:01,tcr415,1
v1736_rs_2_n0,NLVPMVATV_HLA-A*02:01,tcr1592,0
v1460,KLVALGINAV_HLA-A*02:01,tcr1280,1
v1460_rs_2_n0,KLVALGINAV_HLA-A*02:01,tcr2129,0
v1633,NLVPMVATV_HLA-A*02:01,tcr1564,1
v1633_rs_2_n0,NLVPMVATV_HLA-A*02:01,tcr497,0
v193,GILGFVFTL_HLA-A*02:01,tcr1046,1
v193_rs_2_n0,GILGFVFTL_HLA-A*02:01,tcr2054,0
v388,GILGFVFTL_HLA-A*02:01,tcr1405,1
v388_rs_2_n0,GILGFVFTL_HLA-A*02:01,tcr2103,0
v105,ELAGIGILTV_HLA-A*02:01,tcr1308,1
v105_rs_2_n0,ELAGIGILTV_HLA-A*02:01,tcr1030,0
v1759,NLVPMVATV_HLA-A*02:01,tcr58,1
v1759_rs_2_n0,NLVPMVATV_HLA-A*02:01,tcr984,0
v1558,NLVPMVATV_HLA-A*02:01,tcr1013,1
v1558_rs_2_n0,NLVPMVATV_HLA-A*02:01,tcr140,0
v1116,GILGFVFTL_HLA-A*02:01,tcr653,1
v1116_rs_2_n0,GILGFVFTL_HLA-A*02:01,tcr647,0
v1443,KLFEFLVYGV_HLA-A*02:01,tcr1775,1
v1443_rs_2_n0,KLFEFLVYGV_HLA-A*02:01,tcr1850,0
v229,GILGFVFTL_HLA-A*02:01,tcr111,1
v229_rs_2_n0,GILGFVFTL_HLA-A*02:01,tcr71,0
v569,GILGFVFTL_HLA-A*02:01,tcr1723,1
v569_rs_2_n0,GILGFVFTL_HLA-A*02:01,tcr410,0
v754,GILGFVFTL_HLA-A*02:01,tcr2028,1
v754_rs_2_n0,GILGFVFTL_HLA-A*02:01,tcr1244,0
v528,GILGFVFTL_HLA-A*02:01,tcr1649,1
v528_rs_2_n0,GILGFVFTL_HLA-A*02:01,tcr250,0
v560,GILGFVFTL_HLA-A*02:01,tcr1712,1
v560_rs_2_n0,GILGFVFTL_HLA-A*02:01,tcr396,0
v1767,NLVPMVATV_HLA-A*02:01,tcr627,1
v1767_rs_2_n0,NLVPMVATV_HLA-A*02:01,tcr1590,0
v1971,SLLMWITQV_HLA-A*02:01,tcr1235,1
v1971_rs_2_n0,SLLMWITQV_HLA-A*02:01,tcr1959,0
v1243,GILGFVFTL_HLA-A*02:01,tcr900,1
v1243_rs_2_n0,GILGFVFTL_HLA-A*02:01,tcr512,0
v1291,GILGFVFTL_HLA-A*02:01,tcr96,1
v1291_rs_2_n0,GILGFVFTL_HLA-A*02:01,tcr1634,0
v1828,RLARLALVL_HLA-A*02:01,tcr2031,1
v1828_rs_2_n0,RLARLALVL_HLA-A*02:01,tcr2208,0
v764,GILGFVFTL_HLA-A*02:01,tcr2045,1
v764_rs_2_n0,GILGFVFTL_HLA-A*02:01,tcr108,0
v2010,SPRWYFYYL_HLA-B*07:02,tcr1401,1
v2010_rs_2_n0,SPRWYFYYL_HLA-B*07:02,tcr1691,0
v805,GILGFVFTL_HLA-A*02:01,tcr2130,1
v805_rs_2_n0,GILGFVFTL_HLA-A*02:01,tcr1176,0
v1654,NLVPMVATV_HLA-A*02:01,tcr1754,1
v1654_rs_2_n0,NLVPMVATV_HLA-A*02:01,tcr1717,0
v1062,GILGFVFTL_HLA-A*02:01,tcr553,1
v1062_rs_2_n0,GILGFVFTL_HLA-A*02:01,tcr878,0
v287,GILGFVFTL_HLA-A*02:01,tcr1225,1
v287_rs_2_n0,GILGFVFTL_HLA-A*02:01,tcr1438,0
v529,GILGFVFTL_HLA-A*02:01,tcr1651,1
v529_rs_2_n0,GILGFVFTL_HLA-A*02:01,tcr1746,0
v2104,YLQPRTFLL_HLA-A*02:01,tcr1393,1
v2104_rs_2_n0,YLQPRTFLL_HLA-A*02:01,tcr360,0
v1719,NLVPMVATV_HLA-A*02:01,tcr266,1
v1719_rs_2_n0,NLVPMVATV_HLA-A*02:01,tcr1933,0
v2028,SVCAGILSYGV_HLA-A*02:06,tcr1429,1
v2028_rs_2_n0,SVCAGILSYGV_HLA-A*02:06,tcr945,0
v755,GILGFVFTL_HLA-A*02:01,tcr2030,1
v755_rs_2_n0,GILGFVFTL_HLA-A*02:01,tcr1308,0
v539,GILGFVFTL_HLA-A*02:01,tcr1667,1
v539_rs_2_n0,GILGFVFTL_HLA-A*02:01,tcr818,0
v939,GILGFVFTL_HLA-A*02:01,tcr338,1
v939_rs_2_n0,GILGFVFTL_HLA-A*02:01,tcr1626,0
v1997,SLLMWITQV_HLA-A*02:01,tcr962,1
v1997_rs_2_n0,SLLMWITQV_HLA-A*02:01,tcr1712,0
v1122,GILGFVFTL_HLA-A*02:01,tcr660,1
v1122_rs_2_n0,GILGFVFTL_HLA-A*02:01,tcr222,0
v225,GILGFVFTL_HLA-A*02:01,tcr1103,1
v225_rs_2_n0,GILGFVFTL_HLA-A*02:01,tcr1735,0
v987,GILGFVFTL_HLA-A*02:01,tcr418,1
v987_rs_2_n0,GILGFVFTL_HLA-A*02:01,tcr1778,0
v1962,RVSTLRVSL_HLA-B*07:02,tcr1438,1
v1962_rs_2_n0,RVSTLRVSL_HLA-B*07:02,tcr1713,0
v1521,LPFDKATIM_HLA-B*35:01,tcr823,1
v1521_rs_2_n0,LPFDKATIM_HLA-B*35:01,tcr1985,0
v1769,NLVPMVATV_HLA-A*02:01,tcr637,1
v1769_rs_2_n0,NLVPMVATV_HLA-A*02:01,tcr1097,0
v828,GILGFVFTL_HLA-A*02:01,tcr217,1
v828_rs_2_n0,GILGFVFTL_HLA-A*02:01,tcr358,0
v1734,NLVPMVATV_HLA-A*02:01,tcr387,1
v1734_rs_2_n0,NLVPMVATV_HLA-A*02:01,tcr1482,0
v1159,GILGFVFTL_HLA-A*02:01,tcr729,1
v1159_rs_2_n0,GILGFVFTL_HLA-A*02:01,tcr2168,0
v1876,RPIIRPATL_HLA-B*07:02,tcr1055,1
v1876_rs_2_n0,RPIIRPATL_HLA-B*07:02,tcr870,0
v1663,NLVPMVATV_HLA-A*02:01,tcr185,1
v1663_rs_2_n0,NLVPMVATV_HLA-A*02:01,tcr883,0
v1424,HRRGSRSYV_HLA-C*06:02,tcr1972,1
v1424_rs_2_n0,HRRGSRSYV_HLA-C*06:02,tcr15,0
v787,GILGFVFTL_HLA-A*02:01,tcr2102,1
v787_rs_2_n0,GILGFVFTL_HLA-A*02:01,tcr1880,0
v1225,GILGFVFTL_HLA-A*02:01,tcr860,1
v1225_rs_2_n0,GILGFVFTL_HLA-A*02:01,tcr118,0
v1571,NLVPMVATV_HLA-A*02:01,tcr1118,1
v1571_rs_2_n0,NLVPMVATV_HLA-A*02:01,tcr1829,0
v1124,GILGFVFTL_HLA-A*02:01,tcr662,1
v1124_rs_2_n0,GILGFVFTL_HLA-A*02:01,tcr2166,0
v357,GILGFVFTL_HLA-A*02:01,tcr1346,1
v357_rs_2_n0,GILGFVFTL_HLA-A*02:01,tcr387,0
v1552,MVWGPDPLYV_HLA-A*02:01,tcr915,1
v1552_rs_2_n0,MVWGPDPLYV_HLA-A*02:01,tcr1598,0
v114,ELAGIGILTV_HLA-A*02:01,tcr379,1
v114_rs_2_n0,ELAGIGILTV_HLA-A*02:01,tcr1489,0
v243,GILGFVFTL_HLA-A*02:01,tcr1134,1
v243_rs_2_n0,GILGFVFTL_HLA-A*02:01,tcr1304,0
v448,GILGFVFTL_HLA-A*02:01,tcr1510,1
v448_rs_2_n0,GILGFVFTL_HLA-A*02:01,tcr2137,0
v2013,SPRWYFYYL_HLA-B*07:02,tcr1711,1
v2013_rs_2_n0,SPRWYFYYL_HLA-B*07:02,tcr2012,0
v1148,GILGFVFTL_HLA-A*02:01,tcr706,1
v1148_rs_2_n0,GILGFVFTL_HLA-A*02:01,tcr775,0
v991,GILGFVFTL_HLA-A*02:01,tcr421,1
v991_rs_2_n0,GILGFVFTL_HLA-A*02:01,tcr1048,0
v1726,NLVPMVATV_HLA-A*02:01,tcr316,1
v1726_rs_2_n0,NLVPMVATV_HLA-A*02:01,tcr1371,0
v1982,SLLMWITQV_HLA-A*02:01,tcr1755,1
v1982_rs_2_n0,SLLMWITQV_HLA-A*02:01,tcr550,0
v2020,SPRWYFYYL_HLA-B*07:02,tcr279,1
v2020_rs_2_n0,SPRWYFYYL_HLA-B*07:02,tcr1172,0
v1530,LPFEKSTVM_HLA-B*35:01,tcr519,1
v1530_rs_2_n0,LPFEKSTVM_HLA-B*35:01,tcr1288,0
v1642,NLVPMVATV_HLA-A*02:01,tcr1654,1
v1642_rs_2_n0,NLVPMVATV_HLA-A*02:01,tcr1123,0
v1532,LPPAYTNSF_HLA-B*07:02,tcr105,1
v1532_rs_2_n0,LPPAYTNSF_HLA-B*07:02,tcr857,0
v2033,TIHDIILECV_HLA-A*02:01,tcr1250,1
v2033_rs_2_n0,TIHDIILECV_HLA-A*02:01,tcr1143,0
v840,GILGFVFTL_HLA-A*02:01,tcr2191,1
v840_rs_2_n0,GILGFVFTL_HLA-A*02:01,tcr1668,0
v2040,TLWCSPIKV_HLA-A*02:01,tcr274,1
v2040_rs_2_n0,TLWCSPIKV_HLA-A*02:01,tcr209,0
v166,GILEFVFTL_HLA-A*02:01,tcr514,1
v166_rs_2_n0,GILEFVFTL_HLA-A*02:01,tcr842,0
v1326,GLCTLVAML_HLA-A*02:01,tcr1818,1
v1326_rs_2_n0,GLCTLVAML_HLA-A*02:01,tcr91,0
v1395,HPNGYKSLSTL_HLA-B*07:02,tcr2094,1
v1395_rs_2_n0,HPNGYKSLSTL_HLA-B*07:02,tcr976,0
v45,CINGVCWTV_HLA-A*02:01,tcr2119,1
v45_rs_2_n0,CINGVCWTV_HLA-A*02:01,tcr609,0
v1312,GLCTLVAML_HLA-A*02:01,tcr1303,1
v1312_rs_2_n0,GLCTLVAML_HLA-A*02:01,tcr567,0
v1648,NLVPMVATV_HLA-A*02:01,tcr171,1
v1648_rs_2_n0,NLVPMVATV_HLA-A*02:01,tcr223,0
v356,GILGFVFTL_HLA-A*02:01,tcr1344,1
v356_rs_2_n0,GILGFVFTL_HLA-A*02:01,tcr688,0
v2014,SPRWYFYYL_HLA-B*07:02,tcr1720,1
v2014_rs_2_n0,SPRWYFYYL_HLA-B*07:02,tcr2001,0
v1638,NLVPMVATV_HLA-A*02:01,tcr1628,1
v1638_rs_2_n0,NLVPMVATV_HLA-A*02:01,tcr472,0
v290,GILGFVFTL_HLA-A*02:01,tcr1232,1
v290_rs_2_n0,GILGFVFTL_HLA-A*02:01,tcr337,0
v1989,SLLMWITQV_HLA-A*02:01,tcr2237,1
v1989_rs_2_n0,SLLMWITQV_HLA-A*02:01,tcr21,0
v221,GILGFVFTL_HLA-A*02:01,tcr1098,1
v221_rs_2_n0,GILGFVFTL_HLA-A*02:01,tcr2008,0
v2056,VAANIVLTV_HLA-A*02:01,tcr1417,1
v2056_rs_2_n0,VAANIVLTV_HLA-A*02:01,tcr711,0
v1735,NLVPMVATV_HLA-A*02:01,tcr414,1
v1735_rs_2_n0,NLVPMVATV_HLA-A*02:01,tcr2060,0
v393,GILGFVFTL_HLA-A*02:01,tcr1412,1
v393_rs_2_n0,GILGFVFTL_HLA-A*02:01,tcr83,0
v846,GILGFVFTL_HLA-A*02:01,tcr22,1
v846_rs_2_n0,GILGFVFTL_HLA-A*02:01,tcr1506,0
v1765,NLVPMVATV_HLA-A*02:01,tcr619,1
v1765_rs_2_n0,NLVPMVATV_HLA-A*02:01,tcr1503,0
v2012,SPRWYFYYL_HLA-B*07:02,tcr1565,1
v2012_rs_2_n0,SPRWYFYYL_HLA-B*07:02,tcr2057,0
v2140,YLSNIIPAL_HLA-A*02:01,tcr1744,1
v2140_rs_2_n0,YLSNIIPAL_HLA-A*02:01,tcr296,0
v398,GILGFVFTL_HLA-A*02:01,tcr1423,1
v398_rs_2_n0,GILGFVFTL_HLA-A*02:01,tcr1228,0
v739,GILGFVFTL_HLA-A*02:01,tcr1996,1
v739_rs_2_n0,GILGFVFTL_HLA-A*02:01,tcr775,0
v1307,GILGFVFTL_HLA-A*02:01,tcr997,1
v1307_rs_2_n0,GILGFVFTL_HLA-A*02:01,tcr1290,0
v619,GILGFVFTL_HLA-A*02:01,tcr1801,1
v619_rs_2_n0,GILGFVFTL_HLA-A*02:01,tcr1481,0
v1352,GLCTLVAML_HLA-A*02:01,tcr845,1
v1352_rs_2_n0,GLCTLVAML_HLA-A*02:01,tcr1482,0
v330,GILGFVFTL_HLA-A*02:01,tcr1300,1
v330_rs_2_n0,GILGFVFTL_HLA-A*02:01,tcr410,0
v1993,SLLMWITQV_HLA-A*02:01,tcr624,1
v1993_rs_2_n0,SLLMWITQV_HLA-A*02:01,tcr327,0
v1755,NLVPMVATV_HLA-A*02:01,tcr538,1
v1755_rs_2_n0,NLVPMVATV_HLA-A*02:01,tcr846,0
v1879,RPIIRPATL_HLA-B*07:02,tcr1506,1
v1879_rs_2_n0,RPIIRPATL_HLA-B*07:02,tcr1911,0
v1775,NLVPMVATV_HLA-A*02:01,tcr683,1
v1775_rs_2_n0,NLVPMVATV_HLA-A*02:01,tcr858,0
v1761,NLVPMVATV_HLA-A*02:01,tcr581,1
v1761_rs_2_n0,NLVPMVATV_HLA-A*02:01,tcr1203,0
v912,GILGFVFTL_HLA-A*02:01,tcr297,1
v912_rs_2_n0,GILGFVFTL_HLA-A*02:01,tcr1735,0
v434,GILGFVFTL_HLA-A*02:01,tcr1491,1
v434_rs_2_n0,GILGFVFTL_HLA-A*02:01,tcr1333,0
v2046,TMDFYQGQL_HLA-A*02:01,tcr818,1
v2046_rs_2_n0,TMDFYQGQL_HLA-A*02:01,tcr2145,0
v997,GILGFVFTL_HLA-A*02:01,tcr428,1
v997_rs_2_n0,GILGFVFTL_HLA-A*02:01,tcr1385,0
v1212,GILGFVFTL_HLA-A*02:01,tcr827,1
v1212_rs_2_n0,GILGFVFTL_HLA-A*02:01,tcr134,0
v829,GILGFVFTL_HLA-A*02:01,tcr2172,1
v829_rs_2_n0,GILGFVFTL_HLA-A*02:01,tcr1880,0
v1630,NLVPMVATV_HLA-A*02:01,tcr1553,1
v1630_rs_2_n0,NLVPMVATV_HLA-A*02:01,tcr879,0
v370,GILGFVFTL_HLA-A*02:01,tcr1371,1
v370_rs_2_n0,GILGFVFTL_HLA-A*02:01,tcr1523,0
v700,GILGFVFTL_HLA-A*02:01,tcr1934,1
v700_rs_2_n0,GILGFVFTL_HLA-A*02:01,tcr12,0
v1230,GILGFVFTL_HLA-A*02:01,tcr87,1
v1230_rs_2_n0,GILGFVFTL_HLA-A*02:01,tcr1077,0
v638,GILGFVFTL_HLA-A*02:01,tcr1837,1
v638_rs_2_n0,GILGFVFTL_HLA-A*02:01,tcr388,0
v703,GILGFVFTL_HLA-A*02:01,tcr1939,1
v703_rs_2_n0,GILGFVFTL_HLA-A*02:01,tcr1445,0
v1015,GILGFVFTL_HLA-A*02:01,tcr459,1
v1015_rs_2_n0,GILGFVFTL_HLA-A*02:01,tcr183,0
v1665,NLVPMVATV_HLA-A*02:01,tcr1866,1
v1665_rs_2_n0,NLVPMVATV_HLA-A*02:01,tcr2031,0
v1704,NLVPMVATV_HLA-A*02:01,tcr2166,1
v1704_rs_2_n0,NLVPMVATV_HLA-A*02:01,tcr224,0
v804,GILGFVFTL_HLA-A*02:01,tcr213,1
v804_rs_2_n0,GILGFVFTL_HLA-A*02:01,tcr2011,0
v171,GILGFVFTL_HLA-A*02:01,tcr1005,1
v171_rs_2_n0,GILGFVFTL_HLA-A*02:01,tcr1228,0
v482,GILGFVFTL_HLA-A*02:01,tcr1582,1
v482_rs_2_n0,GILGFVFTL_HLA-A*02:01,tcr2225,0
v1519,LMDYWQGQL_HLA-A*02:01,tcr1880,1
v1519_rs_2_n0,LMDYWQGQL_HLA-A*02:01,tcr2032,0
v667,GILGFVFTL_HLA-A*02:01,tcr1885,1
v667_rs_2_n0,GILGFVFTL_HLA-A*02:01,tcr1890,0
v1474,KLVALGINAV_HLA-A*02:01,tcr410,1
v1474_rs_2_n0,KLVALGINAV_HLA-A*02:01,tcr250,0
v1954,RPRGEVRFL_HLA-B*07:02,tcr668,1
v1954_rs_2_n0,RPRGEVRFL_HLA-B*07:02,tcr534,0
v535,GILGFVFTL_HLA-A*02:01,tcr1660,1
v535_rs_2_n0,GILGFVFTL_HLA-A*02:01,tcr1385,0
v1468,KLVALGINAV_HLA-A*02:01,tcr201,1
v1468_rs_2_n0,KLVALGINAV_HLA-A*02:01,tcr458,0
v1951,RPRGEVRFL_HLA-B*07:02,tcr453,1
v1951_rs_2_n0,RPRGEVRFL_HLA-B*07:02,tcr876,0
v1940,RPRGEVRFL_HLA-B*07:02,tcr1178,1
v1940_rs_2_n0,RPRGEVRFL_HLA-B*07:02,tcr1003,0
v1355,GLCTLVAML_HLA-A*02:01,tcr876,1
v1355_rs_2_n0,GLCTLVAML_HLA-A*02:01,tcr152,0
v1196,GILGFVFTL_HLA-A*02:01,tcr795,1
v1196_rs_2_n0,GILGFVFTL_HLA-A*02:01,tcr2033,0
v659,GILGFVFTL_HLA-A*02:01,tcr1869,1
v659_rs_2_n0,GILGFVFTL_HLA-A*02:01,tcr1628,0
v2113,YLQPRTFLL_HLA-A*02:01,tcr1825,1
v2113_rs_2_n0,YLQPRTFLL_HLA-A*02:01,tcr78,0
v436,GILGFVFTL_HLA-A*02:01,tcr1493,1
v436_rs_2_n0,GILGFVFTL_HLA-A*02:01,tcr284,0
v858,GILGFVFTL_HLA-A*02:01,tcr2212,1
v858_rs_2_n0,GILGFVFTL_HLA-A*02:01,tcr77,0
v1732,NLVPMVATV_HLA-A*02:01,tcr37,1
v1732_rs_2_n0,NLVPMVATV_HLA-A*02:01,tcr1822,0
v843,GILGFVFTL_HLA-A*02:01,tcr2194,1
v843_rs_2_n0,GILGFVFTL_HLA-A*02:01,tcr413,0
v1109,GILGFVFTL_HLA-A*02:01,tcr640,1
v1109_rs_2_n0,GILGFVFTL_HLA-A*02:01,tcr1207,0
v271,GILGFVFTL_HLA-A*02:01,tcr1200,1
v271_rs_2_n0,GILGFVFTL_HLA-A*02:01,tcr171,0
v1450,KLSALGINAV_HLA-A*02:01,tcr2156,1
v1450_rs_2_n0,KLSALGINAV_HLA-A*02:01,tcr1678,0
v740,GILGFVFTL_HLA-A*02:01,tcr1998,1
v740_rs_2_n0,GILGFVFTL_HLA-A*02:01,tcr775,0
v745,GILGFVFTL_HLA-A*02:01,tcr2006,1
v745_rs_2_n0,GILGFVFTL_HLA-A*02:01,tcr734,0
v1421,HPVGEADYFEY_HLA-B*35:08,tcr839,1
v1421_rs_2_n0,HPVGEADYFEY_HLA-B*35:08,tcr1424,0
v674,GILGFVFTL_HLA-A*02:01,tcr19,1
v674_rs_2_n0,GILGFVFTL_HLA-A*02:01,tcr464,0
v174,GILGFVFTL_HLA-A*02:01,tcr1009,1
v174_rs_2_n0,GILGFVFTL_HLA-A*02:01,tcr650,0
v929,GILGFVFTL_HLA-A*02:01,tcr320,1
v929_rs_2_n0,GILGFVFTL_HLA-A*02:01,tcr1481,0
v1152,GILGFVFTL_HLA-A*02:01,tcr719,1
v1152_rs_2_n0,GILGFVFTL_HLA-A*02:01,tcr1831,0
v1983,SLLMWITQV_HLA-A*02:01,tcr1831,1
v1983_rs_2_n0,SLLMWITQV_HLA-A*02:01,tcr930,0
v150,FLRGRAYGL_HLA-B*08:01,tcr1483,1
v150_rs_2_n0,FLRGRAYGL_HLA-B*08:01,tcr754,0
v1926,RPIIRPATL_HLA-B*08:01,tcr339,1
v1926_rs_2_n0,RPIIRPATL_HLA-B*08:01,tcr776,0
v338,GILGFVFTL_HLA-A*02:01,tcr1314,1
v338_rs_2_n0,GILGFVFTL_HLA-A*02:01,tcr1523,0
v1500,KRWIILGLNK_HLA-B*27:05,tcr2077,1
v1500_rs_2_n0,KRWIILGLNK_HLA-B*27:05,tcr423,0
v839,GILGFVFTL_HLA-A*02:01,tcr2190,1
v839_rs_2_n0,GILGFVFTL_HLA-A*02:01,tcr153,0
v2130,YLQPRTFLL_HLA-A*02:01,tcr579,1
v2130_rs_2_n0,YLQPRTFLL_HLA-A*02:01,tcr978,0
v1716,NLVPMVATV_HLA-A*02:01,tcr233,1
v1716_rs_2_n0,NLVPMVATV_HLA-A*02:01,tcr2157,0
v1140,GILGFVFTL_HLA-A*02:01,tcr693,1
v1140_rs_2_n0,GILGFVFTL_HLA-A*02:01,tcr1744,0
v1589,NLVPMVATV_HLA-A*02:01,tcr1257,1
v1589_rs_2_n0,NLVPMVATV_HLA-A*02:01,tcr2009,0
v144,FGDHPGHSY_HLA-A*01:01,tcr448,1
v144_rs_2_n0,FGDHPGHSY_HLA-A*01:01,tcr1233,0
v1811,PTDNYITTY_HLA-A*01:01,tcr1418,1
v1811_rs_2_n0,PTDNYITTY_HLA-A*01:01,tcr553,0
v1885,RPIIRPATL_HLA-B*07:02,tcr1742,1
v1885_rs_2_n0,RPIIRPATL_HLA-B*07:02,tcr1397,0
v1173,GILGFVFTL_HLA-A*02:01,tcr753,1
v1173_rs_2_n0,GILGFVFTL_HLA-A*02:01,tcr536,0
v2045,TLYSLTLLY_HLA-A*29:02,tcr679,1
v2045_rs_2_n0,TLYSLTLLY_HLA-A*29:02,tcr218,0
v40,CINGVCWTV_HLA-A*02:01,tcr1439,1
v40_rs_2_n0,CINGVCWTV_HLA-A*02:01,tcr854,0
v2030,SVCAGILSYGV_HLA-A*02:06,tcr2160,1
v2030_rs_2_n0,SVCAGILSYGV_HLA-A*02:06,tcr181,0
v704,GILGFVFTL_HLA-A*02:01,tcr1941,1
v704_rs_2_n0,GILGFVFTL_HLA-A*02:01,tcr1841,0
v1844,RLITGRLQSL_HLA-A*02:01,tcr78,1
v1844_rs_2_n0,RLITGRLQSL_HLA-A*02:01,tcr869,0
v1513,LLFGYPVYV_HLA-A*02:01,tcr1783,1
v1513_rs_2_n0,LLFGYPVYV_HLA-A*02:01,tcr274,0
v115,ELAGIGILTV_HLA-A*02:01,tcr408,1
v115_rs_2_n0,ELAGIGILTV_HLA-A*02:01,tcr1733,0
v326,GILGFVFTL_HLA-A*02:01,tcr1298,1
v326_rs_2_n0,GILGFVFTL_HLA-A*02:01,tcr337,0
v1440,KASEKIFYV_HLA-A*02:01,tcr1614,1
v1440_rs_2_n0,KASEKIFYV_HLA-A*02:01,tcr1077,0
v2017,SPRWYFYYL_HLA-B*07:02,tcr2011,1
v2017_rs_2_n0,SPRWYFYYL_HLA-B*07:02,tcr1284,0
v424,GILGFVFTL_HLA-A*02:01,tcr1468,1
v424_rs_2_n0,GILGFVFTL_HLA-A*02:01,tcr1860,0
v1978,SLLMWITQV_HLA-A*02:01,tcr1608,1
v1978_rs_2_n0,SLLMWITQV_HLA-A*02:01,tcr1039,0
v1776,NLVPMVATV_HLA-A*02:01,tcr699,1
v1776_rs_2_n0,NLVPMVATV_HLA-A*02:01,tcr1264,0
v1497,KMDYFSGQL_HLA-A*02:01,tcr818,1
v1497_rs_2_n0,KMDYFSGQL_HLA-A*02:01,tcr429,0
v1050,GILGFVFTL_HLA-A*02:01,tcr53,1
v1050_rs_2_n0,GILGFVFTL_HLA-A*02:01,tcr818,0
v258,GILGFVFTL_HLA-A*02:01,tcr1168,1
v258_rs_2_n0,GILGFVFTL_HLA-A*02:01,tcr1581,0
v811,GILGFVFTL_HLA-A*02:01,tcr2139,1
v811_rs_2_n0,GILGFVFTL_HLA-A*02:01,tcr1880,0
v94,EAAGIGILTV_HLA-A*02:01,tcr2129,1
v94_rs_2_n0,EAAGIGILTV_HLA-A*02:01,tcr1816,0
v90,EAAGIGILTV_HLA-A*02:01,tcr1954,1
v90_rs_2_n0,EAAGIGILTV_HLA-A*02:01,tcr1576,0
v169,GILGFVFTL_HLA-A*02:01,tcr1003,1
v169_rs_2_n0,GILGFVFTL_HLA-A*02:01,tcr1239,0
v1516,LLIRWQHFL_HLA-A*02:01,tcr1926,1
v1516_rs_2_n0,LLIRWQHFL_HLA-A*02:01,tcr1794,0
v897,GILGFVFTL_HLA-A*02:01,tcr27,1
v897_rs_2_n0,GILGFVFTL_HLA-A*02:01,tcr891,0
v437,GILGFVFTL_HLA-A*02:01,tcr1495,1
v437_rs_2_n0,GILGFVFTL_HLA-A*02:01,tcr15,0
v2059,VAANIVLTV_HLA-A*02:01,tcr1626,1
v2059_rs_2_n0,VAANIVLTV_HLA-A*02:01,tcr1238,0
v1264,GILGFVFTL_HLA-A*02:01,tcr931,1
v1264_rs_2_n0,GILGFVFTL_HLA-A*02:01,tcr2022,0
v18,ALLPGLPAA_HLA-A*02:01,tcr432,1
v18_rs_2_n0,ALLPGLPAA_HLA-A*02:01,tcr1780,0
v1592,NLVPMVATV_HLA-A*02:01,tcr1289,1
v1592_rs_2_n0,NLVPMVATV_HLA-A*02:01,tcr1007,0
v1083,GILGFVFTL_HLA-A*02:01,tcr594,1
v1083_rs_2_n0,GILGFVFTL_HLA-A*02:01,tcr1429,0
v1650,NLVPMVATV_HLA-A*02:01,tcr1729,1
v1650_rs_2_n0,NLVPMVATV_HLA-A*02:01,tcr915,0
v365,GILGFVFTL_HLA-A*02:01,tcr1360,1
v365_rs_2_n0,GILGFVFTL_HLA-A*02:01,tcr1735,0
v1651,NLVPMVATV_HLA-A*02:01,tcr1735,1
v1651_rs_2_n0,NLVPMVATV_HLA-A*02:01,tcr315,0
v65,CVNGSCFTV_HLA-A*02:01,tcr728,1
v65_rs_2_n0,CVNGSCFTV_HLA-A*02:01,tcr1253,0
v267,GILGFVFTL_HLA-A*02:01,tcr1195,1
v267_rs_2_n0,GILGFVFTL_HLA-A*02:01,tcr1386,0
v253,GILGFVFTL_HLA-A*02:01,tcr1152,1
v253_rs_2_n0,GILGFVFTL_HLA-A*02:01,tcr1259,0
v890,GILGFVFTL_HLA-A*02:01,tcr254,1
v890_rs_2_n0,GILGFVFTL_HLA-A*02:01,tcr2048,0
v876,GILGFVFTL_HLA-A*02:01,tcr230,1
v876_rs_2_n0,GILGFVFTL_HLA-A*02:01,tcr1581,0
v1310,GLCTLVAML_HLA-A*02:01,tcr1166,1
v1310_rs_2_n0,GLCTLVAML_HLA-A*02:01,tcr1226,0
v1025,GILGFVFTL_HLA-A*02:01,tcr48,1
v1025_rs_2_n0,GILGFVFTL_HLA-A*02:01,tcr1961,0
v1544,MLIGIPVYV_HLA-A*24:02,tcr1803,1
v1544_rs_2_n0,MLIGIPVYV_HLA-A*24:02,tcr726,0
v1246,GILGFVFTL_HLA-A*02:01,tcr903,1
v1246_rs_2_n0,GILGFVFTL_HLA-A*02:01,tcr683,0
v1643,NLVPMVATV_HLA-A*02:01,tcr1661,1
v1643_rs_2_n0,NLVPMVATV_HLA-A*02:01,tcr1173,0
v889,GILGFVFTL_HLA-A*02:01,tcr252,1
v889_rs_2_n0,GILGFVFTL_HLA-A*02:01,tcr947,0
v670,GILGFVFTL_HLA-A*02:01,tcr189,1
v670_rs_2_n0,GILGFVFTL_HLA-A*02:01,tcr1186,0
v774,GILGFVFTL_HLA-A*02:01,tcr2082,1
v774_rs_2_n0,GILGFVFTL_HLA-A*02:01,tcr1965,0
v1733,NLVPMVATV_HLA-A*02:01,tcr375,1
v1733_rs_2_n0,NLVPMVATV_HLA-A*02:01,tcr1649,0
v412,GILGFVFTL_HLA-A*02:01,tcr1448,1
v412_rs_2_n0,GILGFVFTL_HLA-A*02:01,tcr1744,0
v106,ELAGIGILTV_HLA-A*02:01,tcr1523,1
v106_rs_2_n0,ELAGIGILTV_HLA-A*02:01,tcr327,0
v263,GILGFVFTL_HLA-A*02:01,tcr1183,1
v263_rs_2_n0,GILGFVFTL_HLA-A*02:01,tcr1821,0
v147,FLIYLDVSV_HLA-A*02:01,tcr685,1
v147_rs_2_n0,FLIYLDVSV_HLA-A*02:01,tcr1526,0
v212,GILGFVFTL_HLA-A*02:01,tcr1081,1
v212_rs_2_n0,GILGFVFTL_HLA-A*02:01,tcr1770,0
v547,GILGFVFTL_HLA-A*02:01,tcr1684,1
v547_rs_2_n0,GILGFVFTL_HLA-A*02:01,tcr1523,0
v771,GILGFVFTL_HLA-A*02:01,tcr206,1
v771_rs_2_n0,GILGFVFTL_HLA-A*02:01,tcr271,0
v87,EAAGIGILTV_HLA-A*02:01,tcr1189,1
v87_rs_2_n0,EAAGIGILTV_HLA-A*02:01,tcr131,0
v1829,RLARLALVL_HLA-A*02:01,tcr380,1
v1829_rs_2_n0,RLARLALVL_HLA-A*02:01,tcr819,0
v1985,SLLMWITQV_HLA-A*02:01,tcr2012,1
v1985_rs_2_n0,SLLMWITQV_HLA-A*02:01,tcr1558,0
v2063,VAANIVLTV_HLA-A*02:01,tcr606,1
v2063_rs_2_n0,VAANIVLTV_HLA-A*02:01,tcr701,0
v175,GILGFVFTL_HLA-A*02:01,tcr101,1
v175_rs_2_n0,GILGFVFTL_HLA-A*02:01,tcr2070,0
v868,GILGFVFTL_HLA-A*02:01,tcr2229,1
v868_rs_2_n0,GILGFVFTL_HLA-A*02:01,tcr2005,0
v626,GILGFVFTL_HLA-A*02:01,tcr1811,1
v626_rs_2_n0,GILGFVFTL_HLA-A*02:01,tcr1422,0
v1362,GPRLGVRAT_HLA-B*07:02,tcr1345,1
v1362_rs_2_n0,GPRLGVRAT_HLA-B*07:02,tcr1750,0
v464,GILGFVFTL_HLA-A*02:01,tcr1546,1
v464_rs_2_n0,GILGFVFTL_HLA-A*02:01,tcr58,0
v948,GILGFVFTL_HLA-A*02:01,tcr35,1
v948_rs_2_n0,GILGFVFTL_HLA-A*02:01,tcr801,0
v863,GILGFVFTL_HLA-A*02:01,tcr2220,1
v863_rs_2_n0,GILGFVFTL_HLA-A*02:01,tcr225,0
v55,CPSQEPMSIYVY_HLA-B*35:08,tcr783,1
v55_rs_2_n0,CPSQEPMSIYVY_HLA-B*35:08,tcr152,0
v628,GILGFVFTL_HLA-A*02:01,tcr1815,1
v628_rs_2_n0,GILGFVFTL_HLA-A*02:01,tcr512,0
v1485,KLVALGINAV_HLA-A*02:01,tcr961,1
v1485_rs_2_n0,KLVALGINAV_HLA-A*02:01,tcr1700,0
v694,GILGFVFTL_HLA-A*02:01,tcr1927,1
v694_rs_2_n0,GILGFVFTL_HLA-A*02:01,tcr888,0
v1861,RLWGTWVKA_HLA-A*02:01,tcr2148,1
v1861_rs_2_n0,RLWGTWVKA_HLA-A*02:01,tcr870,0
v2148,YYTSNPTTF_HLA-A*24:02,tcr1960,1
v2148_rs_2_n0,YYTSNPTTF_HLA-A*24:02,tcr525,0
v1028,GILGFVFTL_HLA-A*02:01,tcr484,1
v1028_rs_2_n0,GILGFVFTL_HLA-A*02:01,tcr1389,0
v1998,SLLMWITQV_HLA-A*02:01,tcr977,1
v1998_rs_2_n0,SLLMWITQV_HLA-A*02:01,tcr2069,0
v1718,NLVPMVATV_HLA-A*02:01,tcr253,1
v1718_rs_2_n0,NLVPMVATV_HLA-A*02:01,tcr49,0
v618,GILGFVFTL_HLA-A*02:01,tcr1800,1
v618_rs_2_n0,GILGFVFTL_HLA-A*02:01,tcr1013,0
v555,GILGFVFTL_HLA-A*02:01,tcr1700,1
v555_rs_2_n0,GILGFVFTL_HLA-A*02:01,tcr915,0
v1873,RPIIRPATL_HLA-B*07:02,tcr1,1
v1873_rs_2_n0,RPIIRPATL_HLA-B*07:02,tcr754,0
v104,ELAGIGILTV_HLA-A*02:01,tcr1189,1
v104_rs_2_n0,ELAGIGILTV_HLA-A*02:01,tcr2109,0
v1848,RLPGVLPRA_HLA-A*02:01,tcr1802,1
v1848_rs_2_n0,RLPGVLPRA_HLA-A*02:01,tcr2044,0
v834,GILGFVFTL_HLA-A*02:01,tcr2181,1
v834_rs_2_n0,GILGFVFTL_HLA-A*02:01,tcr266,0
v252,GILGFVFTL_HLA-A*02:01,tcr1148,1
v252_rs_2_n0,GILGFVFTL_HLA-A*02:01,tcr1236,0
v1821,RAQAPPPSW_HLA-B*57:01,tcr208,1
v1821_rs_2_n0,RAQAPPPSW_HLA-B*57:01,tcr113,0
v442,GILGFVFTL_HLA-A*02:01,tcr1500,1
v442_rs_2_n0,GILGFVFTL_HLA-A*02:01,tcr1289,0
v1006,GILGFVFTL_HLA-A*02:01,tcr443,1
v1006_rs_2_n0,GILGFVFTL_HLA-A*02:01,tcr622,0
v1285,GILGFVFTL_HLA-A*02:01,tcr953,1
v1285_rs_2_n0,GILGFVFTL_HLA-A*02:01,tcr2187,0
v1827,RLARLALVL_HLA-A*02:01,tcr1791,1
v1827_rs_2_n0,RLARLALVL_HLA-A*02:01,tcr595,0
v1365,GPRLGVRAT_HLA-B*07:02,tcr366,1
v1365_rs_2_n0,GPRLGVRAT_HLA-B*07:02,tcr1101,0
v812,GILGFVFTL_HLA-A*02:01,tcr2141,1
v812_rs_2_n0,GILGFVFTL_HLA-A*02:01,tcr2187,0
v1644,NLVPMVATV_HLA-A*02:01,tcr1668,1
v1644_rs_2_n0,NLVPMVATV_HLA-A*02:01,tcr382,0
v1051,GILGFVFTL_HLA-A*02:01,tcr530,1
v1051_rs_2_n0,GILGFVFTL_HLA-A*02:01,tcr1158,0
v989,GILGFVFTL_HLA-A*02:01,tcr42,1
v989_rs_2_n0,GILGFVFTL_HLA-A*02:01,tcr225,0
v1198,GILGFVFTL_HLA-A*02:01,tcr798,1
v1198_rs_2_n0,GILGFVFTL_HLA-A*02:01,tcr837,0
v796,GILGFVFTL_HLA-A*02:01,tcr2117,1
v796_rs_2_n0,GILGFVFTL_HLA-A*02:01,tcr1831,0
v385,GILGFVFTL_HLA-A*02:01,tcr1402,1
v385_rs_2_n0,GILGFVFTL_HLA-A*02:01,tcr1366,0
v262,GILGFVFTL_HLA-A*02:01,tcr1179,1
v262_rs_2_n0,GILGFVFTL_HLA-A*02:01,tcr1880,0
v1833,RLGPVQNEV_HLA-A*02:01,tcr1007,1
v1833_rs_2_n0,RLGPVQNEV_HLA-A*02:01,tcr845,0
v1048,GILGFVFTL_HLA-A*02:01,tcr528,1
v1048_rs_2_n0,GILGFVFTL_HLA-A*02:01,tcr1860,0
v1066,GILGFVFTL_HLA-A*02:01,tcr559,1
v1066_rs_2_n0,GILGFVFTL_HLA-A*02:01,tcr599,0
v955,GILGFVFTL_HLA-A*02:01,tcr364,1
v955_rs_2_n0,GILGFVFTL_HLA-A*02:01,tcr764,0
v654,GILGFVFTL_HLA-A*02:01,tcr186,1
v654_rs_2_n0,GILGFVFTL_HLA-A*02:01,tcr1681,0
v1280,GILGFVFTL_HLA-A*02:01,tcr949,1
v1280_rs_2_n0,GILGFVFTL_HLA-A*02:01,tcr1365,0
v495,GILGFVFTL_HLA-A*02:01,tcr1599,1
v495_rs_2_n0,GILGFVFTL_HLA-A*02:01,tcr1016,0
v1056,GILGFVFTL_HLA-A*02:01,tcr540,1
v1056_rs_2_n0,GILGFVFTL_HLA-A*02:01,tcr1150,0
v1598,NLVPMVATV_HLA-A*02:01,tcr1329,1
v1598_rs_2_n0,NLVPMVATV_HLA-A*02:01,tcr2080,0
v1182,GILGFVFTL_HLA-A*02:01,tcr771,1
v1182_rs_2_n0,GILGFVFTL_HLA-A*02:01,tcr1746,0
v265,GILGFVFTL_HLA-A*02:01,tcr1187,1
v265_rs_2_n0,GILGFVFTL_HLA-A*02:01,tcr898,0
v438,GILGFVFTL_HLA-A*02:01,tcr1496,1
v438_rs_2_n0,GILGFVFTL_HLA-A*02:01,tcr1112,0
v503,GILGFVFTL_HLA-A*02:01,tcr1611,1
v503_rs_2_n0,GILGFVFTL_HLA-A*02:01,tcr536,0
v1392,HPNGYKSLSTL_HLA-B*07:02,tcr2043,1
v1392_rs_2_n0,HPNGYKSLSTL_HLA-B*07:02,tcr2053,0
v511,GILGFVFTL_HLA-A*02:01,tcr1623,1
v511_rs_2_n0,GILGFVFTL_HLA-A*02:01,tcr1259,0
v68,DATYQRTRALVR_HLA-A*68:01,tcr1353,1
v68_rs_2_n0,DATYQRTRALVR_HLA-A*68:01,tcr367,0
v1275,GILGFVFTL_HLA-A*02:01,tcr943,1
v1275_rs_2_n0,GILGFVFTL_HLA-A*02:01,tcr606,0
v128,EPLPQGQLTAY_HLA-B*35:01,tcr1929,1
v128_rs_2_n0,EPLPQGQLTAY_HLA-B*35:01,tcr244,0
v204,GILGFVFTL_HLA-A*02:01,tcr1065,1
v204_rs_2_n0,GILGFVFTL_HLA-A*02:01,tcr431,0
v1262,GILGFVFTL_HLA-A*02:01,tcr929,1
v1262_rs_2_n0,GILGFVFTL_HLA-A*02:01,tcr1189,0
v1437,IVTDFSVIK_HLA-A*11:01,tcr1883,1
v1437_rs_2_n0,IVTDFSVIK_HLA-A*11:01,tcr1310,0
v50,CINGVCWTV_HLA-A*02:01,tcr557,1
v50_rs_2_n0,CINGVCWTV_HLA-A*02:01,tcr540,0
v177,GILGFVFTL_HLA-A*02:01,tcr102,1
v177_rs_2_n0,GILGFVFTL_HLA-A*02:01,tcr805,0
v883,GILGFVFTL_HLA-A*02:01,tcr243,1
v883_rs_2_n0,GILGFVFTL_HLA-A*02:01,tcr1933,0
v1481,KLVALGINAV_HLA-A*02:01,tcr763,1
v1481_rs_2_n0,KLVALGINAV_HLA-A*02:01,tcr34,0
v383,GILGFVFTL_HLA-A*02:01,tcr1399,1
v383_rs_2_n0,GILGFVFTL_HLA-A*02:01,tcr2187,0
v731,GILGFVFTL_HLA-A*02:01,tcr1984,1
v731_rs_2_n0,GILGFVFTL_HLA-A*02:01,tcr1631,0
v403,GILGFVFTL_HLA-A*02:01,tcr1432,1
v403_rs_2_n0,GILGFVFTL_HLA-A*02:01,tcr1227,0
v1130,GILGFVFTL_HLA-A*02:01,tcr674,1
v1130_rs_2_n0,GILGFVFTL_HLA-A*02:01,tcr1904,0
v1043,GILGFVFTL_HLA-A*02:01,tcr518,1
v1043_rs_2_n0,GILGFVFTL_HLA-A*02:01,tcr805,0
v1910,RPIIRPATL_HLA-B*08:01,tcr1245,1
v1910_rs_2_n0,RPIIRPATL_HLA-B*08:01,tcr1225,0
v642,GILGFVFTL_HLA-A*02:01,tcr1842,1
v642_rs_2_n0,GILGFVFTL_HLA-A*02:01,tcr1102,0
v75,DATYQRTRALVR_HLA-A*68:01,tcr413,1
v75_rs_2_n0,DATYQRTRALVR_HLA-A*68:01,tcr746,0
v1382,HMTEVVRHC_HLA-A*02:01,tcr1812,1
v1382_rs_2_n0,HMTEVVRHC_HLA-A*02:01,tcr2048,0
v1467,KLVALGINAV_HLA-A*02:01,tcr20,1
v1467_rs_2_n0,KLVALGINAV_HLA-A*02:01,tcr1115,0
v1801,NLVPMVATV_HLA-A*02:01,tcr91,1
v1801_rs_2_n0,NLVPMVATV_HLA-A*02:01,tcr1644,0
v1432,IPSINVHHY_HLA-B*35:01,tcr1243,1
v1432_rs_2_n0,IPSINVHHY_HLA-B*35:01,tcr1814,0
v2034,TLATHGLAAV_HLA-A*02:01,tcr602,1
v2034_rs_2_n0,TLATHGLAAV_HLA-A*02:01,tcr490,0
v1013,GILGFVFTL_HLA-A*02:01,tcr452,1
v1013_rs_2_n0,GILGFVFTL_HLA-A*02:01,tcr570,0
v334,GILGFVFTL_HLA-A*02:01,tcr1307,1
v334_rs_2_n0,GILGFVFTL_HLA-A*02:01,tcr1155,0
v1770,NLVPMVATV_HLA-A*02:01,tcr642,1
v1770_rs_2_n0,NLVPMVATV_HLA-A*02:01,tcr1178,0
v159,GADGVGKSAL_HLA-C*08:02,tcr1421,1
v159_rs_2_n0,GADGVGKSAL_HLA-C*08:02,tcr410,0
v1534,LRVMMLAPF_HLA-B*27:05,tcr1489,1
v1534_rs_2_n0,LRVMMLAPF_HLA-B*27:05,tcr1196,0
v2094,YLQPRTFLL_HLA-A*02:01,tcr1094,1
v2094_rs_2_n0,YLQPRTFLL_HLA-A*02:01,tcr1996,0
v2084,WLIRETQPITK_HLA-A*03:01,tcr1821,1
v2084_rs_2_n0,WLIRETQPITK_HLA-A*03:01,tcr379,0
v1221,GILGFVFTL_HLA-A*02:01,tcr852,1
v1221_rs_2_n0,GILGFVFTL_HLA-A*02:01,tcr1093,0
v1582,NLVPMVATV_HLA-A*02:01,tcr1188,1
v1582_rs_2_n0,NLVPMVATV_HLA-A*02:01,tcr1018,0
v9,AALPILFQV_HLA-A*02:01,tcr331,1
v9_rs_2_n0,AALPILFQV_HLA-A*02:01,tcr380,0
v1748,NLVPMVATV_HLA-A*02:01,tcr500,1
v1748_rs_2_n0,NLVPMVATV_HLA-A*02:01,tcr1281,0
v1461,KLVALGINAV_HLA-A*02:01,tcr14,1
v1461_rs_2_n0,KLVALGINAV_HLA-A*02:01,tcr168,0
v380,GILGFVFTL_HLA-A*02:01,tcr1390,1
v380_rs_2_n0,GILGFVFTL_HLA-A*02:01,tcr166,0
v95,EAAGIGILTV_HLA-A*02:01,tcr260,1
v95_rs_2_n0,EAAGIGILTV_HLA-A*02:01,tcr2006,0
v58,CVNGSCFTV_HLA-A*02:01,tcr1743,1
v58_rs_2_n0,CVNGSCFTV_HLA-A*02:01,tcr1678,0
v941,GILGFVFTL_HLA-A*02:01,tcr341,1
v941_rs_2_n0,GILGFVFTL_HLA-A*02:01,tcr209,0
v857,GILGFVFTL_HLA-A*02:01,tcr2210,1
v857_rs_2_n0,GILGFVFTL_HLA-A*02:01,tcr2156,0
v1780,NLVPMVATV_HLA-A*02:01,tcr717,1
v1780_rs_2_n0,NLVPMVATV_HLA-A*02:01,tcr622,0
v594,GILGFVFTL_HLA-A*02:01,tcr1766,1
v594_rs_2_n0,GILGFVFTL_HLA-A*02:01,tcr80,0
v1379,GVYDGREHTV_HLA-A*02:01,tcr437,1
v1379_rs_2_n0,GVYDGREHTV_HLA-A*02:01,tcr1403,0
v1216,GILGFVFTL_HLA-A*02:01,tcr836,1
v1216_rs_2_n0,GILGFVFTL_HLA-A*02:01,tcr12,0
v923,GILGFVFTL_HLA-A*02:01,tcr312,1
v923_rs_2_n0,GILGFVFTL_HLA-A*02:01,tcr955,0
v1250,GILGFVFTL_HLA-A*02:01,tcr910,1
v1250_rs_2_n0,GILGFVFTL_HLA-A*02:01,tcr884,0
v533,GILGFVFTL_HLA-A*02:01,tcr1657,1
v533_rs_2_n0,GILGFVFTL_HLA-A*02:01,tcr1691,0
v375,GILGFVFTL_HLA-A*02:01,tcr1379,1
v375_rs_2_n0,GILGFVFTL_HLA-A*02:01,tcr1560,0
v1674,NLVPMVATV_HLA-A*02:01,tcr1946,1
v1674_rs_2_n0,NLVPMVATV_HLA-A*02:01,tcr1945,0
v1714,NLVPMVATV_HLA-A*02:01,tcr2236,1
v1714_rs_2_n0,NLVPMVATV_HLA-A*02:01,tcr1536,0
v860,GILGFVFTL_HLA-A*02:01,tcr2216,1
v860_rs_2_n0,GILGFVFTL_HLA-A*02:01,tcr1386,0
v1177,GILGFVFTL_HLA-A*02:01,tcr761,1
v1177_rs_2_n0,GILGFVFTL_HLA-A*02:01,tcr396,0
v1370,GTSGSPIINR_HLA-A*11:01,tcr1151,1
v1370_rs_2_n0,GTSGSPIINR_HLA-A*11:01,tcr763,0
v1426,HYPYRLWHY_HLA-A*03:01,tcr638,1
v1426_rs_2_n0,HYPYRLWHY_HLA-A*03:01,tcr181,0
v1658,NLVPMVATV_HLA-A*02:01,tcr1780,1
v1658_rs_2_n0,NLVPMVATV_HLA-A*02:01,tcr1371,0
v1889,RPIIRPATL_HLA-B*07:02,tcr187,1
v1889_rs_2_n0,RPIIRPATL_HLA-B*07:02,tcr772,0
v1830,RLARLALVL_HLA-A*02:01,tcr388,1
v1830_rs_2_n0,RLARLALVL_HLA-A*02:01,tcr1414,0
v1694,NLVPMVATV_HLA-A*02:01,tcr2087,1
v1694_rs_2_n0,NLVPMVATV_HLA-A*02:01,tcr1515,0
v280,GILGFVFTL_HLA-A*02:01,tcr1212,1
v280_rs_2_n0,GILGFVFTL_HLA-A*02:01,tcr2043,0
v2060,VAANIVLTV_HLA-A*02:01,tcr1904,1
v2060_rs_2_n0,VAANIVLTV_HLA-A*02:01,tcr252,0
v597,GILGFVFTL_HLA-A*02:01,tcr1769,1
v597_rs_2_n0,GILGFVFTL_HLA-A*02:01,tcr1508,0
v981,GILGFVFTL_HLA-A*02:01,tcr402,1
v981_rs_2_n0,GILGFVFTL_HLA-A*02:01,tcr88,0
v1229,GILGFVFTL_HLA-A*02:01,tcr869,1
v1229_rs_2_n0,GILGFVFTL_HLA-A*02:01,tcr23,0
v866,GILGFVFTL_HLA-A*02:01,tcr2224,1
v866_rs_2_n0,GILGFVFTL_HLA-A*02:01,tcr832,0
v2022,SPRWYFYYL_HLA-B*07:02,tcr566,1
v2022_rs_2_n0,SPRWYFYYL_HLA-B*07:02,tcr593,0
v2080,VYFFLPDHL_HLA-A*24:02,tcr914,1
v2080_rs_2_n0,VYFFLPDHL_HLA-A*24:02,tcr1463,0
v894,GILGFVFTL_HLA-A*02:01,tcr26,1
v894_rs_2_n0,GILGFVFTL_HLA-A*02:01,tcr845,0
v1877,RPIIRPATL_HLA-B*07:02,tcr1146,1
v1877_rs_2_n0,RPIIRPATL_HLA-B*07:02,tcr842,0
v309,GILGFVFTL_HLA-A*02:01,tcr1270,1
v309_rs_2_n0,GILGFVFTL_HLA-A*02:01,tcr2067,0
v2147,YVLDHLIVV_HLA-A*02:01,tcr1782,1
v2147_rs_2_n0,YVLDHLIVV_HLA-A*02:01,tcr2193,0
v369,GILGFVFTL_HLA-A*02:01,tcr137,1
v369_rs_2_n0,GILGFVFTL_HLA-A*02:01,tcr1207,0
v1117,GILGFVFTL_HLA-A*02:01,tcr654,1
v1117_rs_2_n0,GILGFVFTL_HLA-A*02:01,tcr505,0
v215,GILGFVFTL_HLA-A*02:01,tcr1084,1
v215_rs_2_n0,GILGFVFTL_HLA-A*02:01,tcr935,0
v735,GILGFVFTL_HLA-A*02:01,tcr1989,1
v735_rs_2_n0,GILGFVFTL_HLA-A*02:01,tcr962,0
v1546,MLYQHLLPL_HLA-A*02:01,tcr1227,1
v1546_rs_2_n0,MLYQHLLPL_HLA-A*02:01,tcr1305,0
v1313,GLCTLVAML_HLA-A*02:01,tcr139,1
v1313_rs_2_n0,GLCTLVAML_HLA-A*02:01,tcr265,0
v302,GILGFVFTL_HLA-A*02:01,tcr1253,1
v302_rs_2_n0,GILGFVFTL_HLA-A*02:01,tcr1012,0
v522,GILGFVFTL_HLA-A*02:01,tcr1639,1
v522_rs_2_n0,GILGFVFTL_HLA-A*02:01,tcr1489,0
v352,GILGFVFTL_HLA-A*02:01,tcr1337,1
v352_rs_2_n0,GILGFVFTL_HLA-A*02:01,tcr915,0
v780,GILGFVFTL_HLA-A*02:01,tcr2090,1
v780_rs_2_n0,GILGFVFTL_HLA-A*02:01,tcr579,0
v630,GILGFVFTL_HLA-A*02:01,tcr1822,1
v630_rs_2_n0,GILGFVFTL_HLA-A*02:01,tcr768,0
v367,GILGFVFTL_HLA-A*02:01,tcr1363,1
v367_rs_2_n0,GILGFVFTL_HLA-A*02:01,tcr1755,0
v1163,GILGFVFTL_HLA-A*02:01,tcr736,1
v1163_rs_2_n0,GILGFVFTL_HLA-A*02:01,tcr476,0
v1102,GILGFVFTL_HLA-A*02:01,tcr629,1
v1102_rs_2_n0,GILGFVFTL_HLA-A*02:01,tcr657,0
v723,GILGFVFTL_HLA-A*02:01,tcr1974,1
v723_rs_2_n0,GILGFVFTL_HLA-A*02:01,tcr657,0
v129,EPLPQGQLTAY_HLA-B*35:01,tcr258,1
v129_rs_2_n0,EPLPQGQLTAY_HLA-B*35:01,tcr1704,0
v293,GILGFVFTL_HLA-A*02:01,tcr1238,1
v293_rs_2_n0,GILGFVFTL_HLA-A*02:01,tcr870,0
v1763,NLVPMVATV_HLA-A*02:01,tcr593,1
v1763_rs_2_n0,NLVPMVATV_HLA-A*02:01,tcr885,0
v542,GILGFVFTL_HLA-A*02:01,tcr1675,1
v542_rs_2_n0,GILGFVFTL_HLA-A*02:01,tcr1151,0
v932,GILGFVFTL_HLA-A*02:01,tcr323,1
v932_rs_2_n0,GILGFVFTL_HLA-A*02:01,tcr1087,0
v1762,NLVPMVATV_HLA-A*02:01,tcr582,1
v1762_rs_2_n0,NLVPMVATV_HLA-A*02:01,tcr1053,0
v1690,NLVPMVATV_HLA-A*02:01,tcr2063,1
v1690_rs_2_n0,NLVPMVATV_HLA-A*02:01,tcr1858,0
v1167,GILGFVFTL_HLA-A*02:01,tcr744,1
v1167_rs_2_n0,GILGFVFTL_HLA-A*02:01,tcr2015,0
v869,GILGFVFTL_HLA-A*02:01,tcr223,1
v869_rs_2_n0,GILGFVFTL_HLA-A*02:01,tcr1485,0
v1918,RPIIRPATL_HLA-B*08:01,tcr175,1
v1918_rs_2_n0,RPIIRPATL_HLA-B*08:01,tcr1557,0
v566,GILGFVFTL_HLA-A*02:01,tcr1718,1
v566_rs_2_n0,GILGFVFTL_HLA-A*02:01,tcr1305,0
v2085,WSYDSTLLAY_HLA-A*25:01,tcr1790,1
v2085_rs_2_n0,WSYDSTLLAY_HLA-A*25:01,tcr1237,0
v2005,SMLGIGIVPV_HLA-A*02:01,tcr870,1
v2005_rs_2_n0,SMLGIGIVPV_HLA-A*02:01,tcr680,0
v1727,NLVPMVATV_HLA-A*02:01,tcr335,1
v1727_rs_2_n0,NLVPMVATV_HLA-A*02:01,tcr1968,0
v664,GILGFVFTL_HLA-A*02:01,tcr188,1
v664_rs_2_n0,GILGFVFTL_HLA-A*02:01,tcr1702,0
v1470,KLVALGINAV_HLA-A*02:01,tcr21,1
v1470_rs_2_n0,KLVALGINAV_HLA-A*02:01,tcr2125,0
v358,GILGFVFTL_HLA-A*02:01,tcr1347,1
v358_rs_2_n0,GILGFVFTL_HLA-A*02:01,tcr333,0
v1235,GILGFVFTL_HLA-A*02:01,tcr880,1
v1235_rs_2_n0,GILGFVFTL_HLA-A*02:01,tcr570,0
v405,GILGFVFTL_HLA-A*02:01,tcr1436,1
v405_rs_2_n0,GILGFVFTL_HLA-A*02:01,tcr2022,0
v1020,GILGFVFTL_HLA-A*02:01,tcr471,1
v1020_rs_2_n0,GILGFVFTL_HLA-A*02:01,tcr1821,0
v1036,GILGFVFTL_HLA-A*02:01,tcr499,1
v1036_rs_2_n0,GILGFVFTL_HLA-A*02:01,tcr623,0
v613,GILGFVFTL_HLA-A*02:01,tcr1796,1
v613_rs_2_n0,GILGFVFTL_HLA-A*02:01,tcr818,0
v761,GILGFVFTL_HLA-A*02:01,tcr2041,1
v761_rs_2_n0,GILGFVFTL_HLA-A*02:01,tcr914,0
v241,GILGFVFTL_HLA-A*02:01,tcr113,1
v241_rs_2_n0,GILGFVFTL_HLA-A*02:01,tcr1781,0
v1612,NLVPMVATV_HLA-A*02:01,tcr1441,1
v1612_rs_2_n0,NLVPMVATV_HLA-A*02:01,tcr1667,0
v1144,GILGFVFTL_HLA-A*02:01,tcr701,1
v1144_rs_2_n0,GILGFVFTL_HLA-A*02:01,tcr2024,0
v775,GILGFVFTL_HLA-A*02:01,tcr2084,1
v775_rs_2_n0,GILGFVFTL_HLA-A*02:01,tcr1802,0
v1110,GILGFVFTL_HLA-A*02:01,tcr641,1
v1110_rs_2_n0,GILGFVFTL_HLA-A*02:01,tcr645,0
v1907,RPIIRPATL_HLA-B*08:01,tcr1115,1
v1907_rs_2_n0,RPIIRPATL_HLA-B*08:01,tcr315,0
v1712,NLVPMVATV_HLA-A*02:01,tcr2232,1
v1712_rs_2_n0,NLVPMVATV_HLA-A*02:01,tcr666,0
v1579,NLVPMVATV_HLA-A*02:01,tcr1172,1
v1579_rs_2_n0,NLVPMVATV_HLA-A*02:01,tcr1469,0
v1539,MEVDPIGHLY_HLA-B*18:01,tcr184,1
v1539_rs_2_n0,MEVDPIGHLY_HLA-B*18:01,tcr1203,0
v1113,GILGFVFTL_HLA-A*02:01,tcr649,1
v1113_rs_2_n0,GILGFVFTL_HLA-A*02:01,tcr657,0
v1708,NLVPMVATV_HLA-A*02:01,tcr2180,1
v1708_rs_2_n0,NLVPMVATV_HLA-A*02:01,tcr260,0
v20,ALQIPFAMQM_HLA-A*02:01,tcr1872,1
v20_rs_2_n0,ALQIPFAMQM_HLA-A*02:01,tcr329,0
v182,GILGFVFTL_HLA-A*02:01,tcr1027,1
v182_rs_2_n0,GILGFVFTL_HLA-A*02:01,tcr808,0
v1884,RPIIRPATL_HLA-B*07:02,tcr1736,1
v1884_rs_2_n0,RPIIRPATL_HLA-B*07:02,tcr2012,0
v246,GILGFVFTL_HLA-A*02:01,tcr1137,1
v246_rs_2_n0,GILGFVFTL_HLA-A*02:01,tcr2120,0
v1595,NLVPMVATV_HLA-A*02:01,tcr1309,1
v1595_rs_2_n0,NLVPMVATV_HLA-A*02:01,tcr470,0
v867,GILGFVFTL_HLA-A*02:01,tcr2226,1
v867_rs_2_n0,GILGFVFTL_HLA-A*02:01,tcr1045,0
v852,GILGFVFTL_HLA-A*02:01,tcr2205,1
v852_rs_2_n0,GILGFVFTL_HLA-A*02:01,tcr1146,0
v1986,SLLMWITQV_HLA-A*02:01,tcr2058,1
v1986_rs_2_n0,SLLMWITQV_HLA-A*02:01,tcr1076,0
v321,GILGFVFTL_HLA-A*02:01,tcr1288,1
v321_rs_2_n0,GILGFVFTL_HLA-A*02:01,tcr519,0
v1524,LPFDKSTIM_HLA-B*35:01,tcr823,1
v1524_rs_2_n0,LPFDKSTIM_HLA-B*35:01,tcr1818,0
v1841,RLITGRLQSL_HLA-A*02:01,tcr2079,1
v1841_rs_2_n0,RLITGRLQSL_HLA-A*02:01,tcr1789,0
v585,GILGFVFTL_HLA-A*02:01,tcr1748,1
v585_rs_2_n0,GILGFVFTL_HLA-A*02:01,tcr1354,0
v145,FGDVGSTLF_HLA-C*08:02,tcr1131,1
v145_rs_2_n0,FGDVGSTLF_HLA-C*08:02,tcr1308,0
v646,GILGFVFTL_HLA-A*02:01,tcr1850,1
v646_rs_2_n0,GILGFVFTL_HLA-A*02:01,tcr1560,0
v1810,NYMPYFFTL_HLA-A*24:02,tcr2114,1
v1810_rs_2_n0,NYMPYFFTL_HLA-A*24:02,tcr451,0
v1913,RPIIRPATL_HLA-B*08:01,tcr1536,1
v1913_rs_2_n0,RPIIRPATL_HLA-B*08:01,tcr1808,0
v127,EPLPQGQLTAY_HLA-B*35:01,tcr1664,1
v127_rs_2_n0,EPLPQGQLTAY_HLA-B*35:01,tcr2236,0
v541,GILGFVFTL_HLA-A*02:01,tcr1672,1
v541_rs_2_n0,GILGFVFTL_HLA-A*02:01,tcr2046,0
v2090,YLGGPDFPTI_HLA-A*02:01,tcr915,1
v2090_rs_2_n0,YLGGPDFPTI_HLA-A*02:01,tcr1318,0
v1026,GILGFVFTL_HLA-A*02:01,tcr481,1
v1026_rs_2_n0,GILGFVFTL_HLA-A*02:01,tcr105,0
v1012,GILGFVFTL_HLA-A*02:01,tcr450,1
v1012_rs_2_n0,GILGFVFTL_HLA-A*02:01,tcr225,0
v71,DATYQRTRALVR_HLA-A*68:01,tcr2213,1
v71_rs_2_n0,DATYQRTRALVR_HLA-A*68:01,tcr1012,0
v1493,KLYGLDWAEL_HLA-A*02:01,tcr1634,1
v1493_rs_2_n0,KLYGLDWAEL_HLA-A*02:01,tcr2090,0
v1346,GLCTLVAML_HLA-A*02:01,tcr715,1
v1346_rs_2_n0,GLCTLVAML_HLA-A*02:01,tcr2237,0
v1004,GILGFVFTL_HLA-A*02:01,tcr441,1
v1004_rs_2_n0,GILGFVFTL_HLA-A*02:01,tcr2223,0
v579,GILGFVFTL_HLA-A*02:01,tcr1738,1
v579_rs_2_n0,GILGFVFTL_HLA-A*02:01,tcr1259,0
v1369,GQVMVVAPR_HLA-B*27:05,tcr1489,1
v1369_rs_2_n0,GQVMVVAPR_HLA-B*27:05,tcr2102,0
v2002,SLYNTVATL_HLA-A*02:01,tcr878,1
v2002_rs_2_n0,SLYNTVATL_HLA-A*02:01,tcr2032,0
v1016,GILGFVFTL_HLA-A*02:01,tcr463,1
v1016_rs_2_n0,GILGFVFTL_HLA-A*02:01,tcr2024,0
v121,ELRRKMMYM_HLA-B*08:01,tcr2182,1
v121_rs_2_n0,ELRRKMMYM_HLA-B*08:01,tcr2160,0
v1303,GILGFVFTL_HLA-A*02:01,tcr987,1
v1303_rs_2_n0,GILGFVFTL_HLA-A*02:01,tcr832,0
v1359,GLCTLVAML_HLA-A*02:01,tcr998,1
v1359_rs_2_n0,GLCTLVAML_HLA-A*02:01,tcr2050,0
v673,GILGFVFTL_HLA-A*02:01,tcr1896,1
v673_rs_2_n0,GILGFVFTL_HLA-A*02:01,tcr1916,0
v2,AAFKRSCLK_HLA-A*03:01,tcr2071,1
v2_rs_2_n0,AAFKRSCLK_HLA-A*03:01,tcr970,0
v1603,NLVPMVATV_HLA-A*02:01,tcr1369,1
v1603_rs_2_n0,NLVPMVATV_HLA-A*02:01,tcr122,0
v459,GILGFVFTL_HLA-A*02:01,tcr1530,1
v459_rs_2_n0,GILGFVFTL_HLA-A*02:01,tcr1866,0
v327,GILGFVFTL_HLA-A*02:01,tcr1299,1
v327_rs_2_n0,GILGFVFTL_HLA-A*02:01,tcr1140,0
v1678,NLVPMVATV_HLA-A*02:01,tcr199,1
v1678_rs_2_n0,NLVPMVATV_HLA-A*02:01,tcr1274,0
v1894,RPIIRPATL_HLA-B*07:02,tcr271,1
v1894_rs_2_n0,RPIIRPATL_HLA-B*07:02,tcr1438,0
v1968,SLLMWITQC_HLA-A*02:01,tcr1581,1
v1968_rs_2_n0,SLLMWITQC_HLA-A*02:01,tcr22,0
v1590,NLVPMVATV_HLA-A*02:01,tcr1261,1
v1590_rs_2_n0,NLVPMVATV_HLA-A*02:01,tcr2147,0
v713,GILGFVFTL_HLA-A*02:01,tcr1958,1
v713_rs_2_n0,GILGFVFTL_HLA-A*02:01,tcr1207,0
v546,GILGFVFTL_HLA-A*02:01,tcr1682,1
v546_rs_2_n0,GILGFVFTL_HLA-A*02:01,tcr2143,0
v2071,VVGAVGVGK_HLA-A*11:01,tcr875,1
v2071_rs_2_n0,VVGAVGVGK_HLA-A*11:01,tcr1954,0
v641,GILGFVFTL_HLA-A*02:01,tcr1840,1
v641_rs_2_n0,GILGFVFTL_HLA-A*02:01,tcr1336,0
v1331,GLCTLVAML_HLA-A*02:01,tcr2097,1
v1331_rs_2_n0,GLCTLVAML_HLA-A*02:01,tcr898,0
v710,GILGFVFTL_HLA-A*02:01,tcr195,1
v710_rs_2_n0,GILGFVFTL_HLA-A*02:01,tcr1250,0
v2116,YLQPRTFLL_HLA-A*02:01,tcr2003,1
v2116_rs_2_n0,YLQPRTFLL_HLA-A*02:01,tcr271,0
v750,GILGFVFTL_HLA-A*02:01,tcr2018,1
v750_rs_2_n0,GILGFVFTL_HLA-A*02:01,tcr1191,0
v1903,RPIIRPATL_HLA-B*07:02,tcr938,1
v1903_rs_2_n0,RPIIRPATL_HLA-B*07:02,tcr667,0
v687,GILGFVFTL_HLA-A*02:01,tcr1919,1
v687_rs_2_n0,GILGFVFTL_HLA-A*02:01,tcr1729,0
v333,GILGFVFTL_HLA-A*02:01,tcr1306,1
v333_rs_2_n0,GILGFVFTL_HLA-A*02:01,tcr2003,0
v1318,GLCTLVAML_HLA-A*02:01,tcr1517,1
v1318_rs_2_n0,GLCTLVAML_HLA-A*02:01,tcr995,0
v1366,GPRLGVRAT_HLA-B*07:02,tcr486,1
v1366_rs_2_n0,GPRLGVRAT_HLA-B*07:02,tcr1299,0
v1520,LMDYWQGQL_HLA-A*02:01,tcr818,1
v1520_rs_2_n0,LMDYWQGQL_HLA-A*02:01,tcr1468,0
v2096,YLQPRTFLL_HLA-A*02:01,tcr1149,1
v2096_rs_2_n0,YLQPRTFLL_HLA-A*02:01,tcr1551,0
v57,CVNGSCFTV_HLA-A*02:01,tcr1586,1
v57_rs_2_n0,CVNGSCFTV_HLA-A*02:01,tcr1484,0
v2108,YLQPRTFLL_HLA-A*02:01,tcr1650,1
v2108_rs_2_n0,YLQPRTFLL_HLA-A*02:01,tcr2142,0
v283,GILGFVFTL_HLA-A*02:01,tcr122,1
v283_rs_2_n0,GILGFVFTL_HLA-A*02:01,tcr878,0
v1687,NLVPMVATV_HLA-A*02:01,tcr205,1
v1687_rs_2_n0,NLVPMVATV_HLA-A*02:01,tcr385,0
v692,GILGFVFTL_HLA-A*02:01,tcr1923,1
v692_rs_2_n0,GILGFVFTL_HLA-A*02:01,tcr977,0
v146,FLIYLDVSV_HLA-A*02:01,tcr108,1
v146_rs_2_n0,FLIYLDVSV_HLA-A*02:01,tcr1158,0
v504,GILGFVFTL_HLA-A*02:01,tcr1612,1
v504_rs_2_n0,GILGFVFTL_HLA-A*02:01,tcr772,0
v1263,GILGFVFTL_HLA-A*02:01,tcr930,1
v1263_rs_2_n0,GILGFVFTL_HLA-A*02:01,tcr1710,0
v1086,GILGFVFTL_HLA-A*02:01,tcr600,1
v1086_rs_2_n0,GILGFVFTL_HLA-A*02:01,tcr1509,0
v1204,GILGFVFTL_HLA-A*02:01,tcr81,1
v1204_rs_2_n0,GILGFVFTL_HLA-A*02:01,tcr1644,0
v763,GILGFVFTL_HLA-A*02:01,tcr2044,1
v763_rs_2_n0,GILGFVFTL_HLA-A*02:01,tcr650,0
v1333,GLCTLVAML_HLA-A*02:01,tcr222,1
v1333_rs_2_n0,GLCTLVAML_HLA-A*02:01,tcr2045,0
v1862,RLWGTWVKA_HLA-A*02:01,tcr23,1
v1862_rs_2_n0,RLWGTWVKA_HLA-A*02:01,tcr748,0
v1987,SLLMWITQV_HLA-A*02:01,tcr2107,1
v1987_rs_2_n0,SLLMWITQV_HLA-A*02:01,tcr666,0
v1321,GLCTLVAML_HLA-A*02:01,tcr1690,1
v1321_rs_2_n0,GLCTLVAML_HLA-A*02:01,tcr948,0
v70,DATYQRTRALVR_HLA-A*68:01,tcr2055,1
v70_rs_2_n0,DATYQRTRALVR_HLA-A*68:01,tcr918,0
v137,ESITGSLGPLL_HLA-B*40:01,tcr1394,1
v137_rs_2_n0,ESITGSLGPLL_HLA-B*40:01,tcr1479,0
v279,GILGFVFTL_HLA-A*02:01,tcr1210,1
v279_rs_2_n0,GILGFVFTL_HLA-A*02:01,tcr707,0
v1375,GTSGSPIVNR_HLA-A*11:01,tcr64,1
v1375_rs_2_n0,GTSGSPIVNR_HLA-A*11:01,tcr1186,0
v1449,KLSALGINAV_HLA-A*02:01,tcr2143,1
v1449_rs_2_n0,KLSALGINAV_HLA-A*02:01,tcr784,0
v1033,GILGFVFTL_HLA-A*02:01,tcr495,1
v1033_rs_2_n0,GILGFVFTL_HLA-A*02:01,tcr279,0
v790,GILGFVFTL_HLA-A*02:01,tcr2110,1
v790_rs_2_n0,GILGFVFTL_HLA-A*02:01,tcr171,0
v1332,GLCTLVAML_HLA-A*02:01,tcr2211,1
v1332_rs_2_n0,GLCTLVAML_HLA-A*02:01,tcr1319,0
v452,GILGFVFTL_HLA-A*02:01,tcr1515,1
v452_rs_2_n0,GILGFVFTL_HLA-A*02:01,tcr396,0
v1278,GILGFVFTL_HLA-A*02:01,tcr946,1
v1278_rs_2_n0,GILGFVFTL_HLA-A*02:01,tcr1831,0
v681,GILGFVFTL_HLA-A*02:01,tcr1910,1
v681_rs_2_n0,GILGFVFTL_HLA-A*02:01,tcr1744,0
v757,GILGFVFTL_HLA-A*02:01,tcr2036,1
v757_rs_2_n0,GILGFVFTL_HLA-A*02:01,tcr2050,0
v1557,NLVPMVATV_HLA-A*02:01,tcr1012,1
v1557_rs_2_n0,NLVPMVATV_HLA-A*02:01,tcr1523,0
v98,EAAGIGILTV_HLA-A*02:01,tcr89,1
v98_rs_2_n0,EAAGIGILTV_HLA-A*02:01,tcr544,0
v1425,HSKKKCDEL_HLA-B*08:01,tcr1259,1
v1425_rs_2_n0,HSKKKCDEL_HLA-B*08:01,tcr930,0
v801,GILGFVFTL_HLA-A*02:01,tcr2125,1
v801_rs_2_n0,GILGFVFTL_HLA-A*02:01,tcr754,0
v2006,SPRWYFYYL_HLA-B*07:02,tcr1001,1
v2006_rs_2_n0,SPRWYFYYL_HLA-B*07:02,tcr418,0
v1405,HPNGYKSLSTL_HLA-B*07:02,tcr625,1
v1405_rs_2_n0,HPNGYKSLSTL_HLA-B*07:02,tcr666,0
v806,GILGFVFTL_HLA-A*02:01,tcr2132,1
v806_rs_2_n0,GILGFVFTL_HLA-A*02:01,tcr1149,0
v505,GILGFVFTL_HLA-A*02:01,tcr1613,1
v505_rs_2_n0,GILGFVFTL_HLA-A*02:01,tcr688,0
v1184,GILGFVFTL_HLA-A*02:01,tcr777,1
v1184_rs_2_n0,GILGFVFTL_HLA-A*02:01,tcr2053,0
v1976,SLLMWITQV_HLA-A*02:01,tcr1437,1
v1976_rs_2_n0,SLLMWITQV_HLA-A*02:01,tcr199,0
v1673,NLVPMVATV_HLA-A*02:01,tcr1943,1
v1673_rs_2_n0,NLVPMVATV_HLA-A*02:01,tcr367,0
v1309,GLCTLVAML_HLA-A*02:01,tcr1110,1
v1309_rs_2_n0,GLCTLVAML_HLA-A*02:01,tcr735,0
v425,GILGFVFTL_HLA-A*02:01,tcr1471,1
v425_rs_2_n0,GILGFVFTL_HLA-A*02:01,tcr141,0
v1661,NLVPMVATV_HLA-A*02:01,tcr183,1
v1661_rs_2_n0,NLVPMVATV_HLA-A*02:01,tcr1200,0
v1188,GILGFVFTL_HLA-A*02:01,tcr782,1
v1188_rs_2_n0,GILGFVFTL_HLA-A*02:01,tcr622,0
v1701,NLVPMVATV_HLA-A*02:01,tcr2145,1
v1701_rs_2_n0,NLVPMVATV_HLA-A*02:01,tcr1226,0
v378,GILGFVFTL_HLA-A*02:01,tcr1387,1
v378_rs_2_n0,GILGFVFTL_HLA-A*02:01,tcr2022,0
v567,GILGFVFTL_HLA-A*02:01,tcr172,1
v567_rs_2_n0,GILGFVFTL_HLA-A*02:01,tcr505,0
v2054,VAANIVLTV_HLA-A*02:01,tcr1362,1
v2054_rs_2_n0,VAANIVLTV_HLA-A*02:01,tcr2220,0
v2100,YLQPRTFLL_HLA-A*02:01,tcr1292,1
v2100_rs_2_n0,YLQPRTFLL_HLA-A*02:01,tcr1647,0
v84,DATYQRTRALVR_HLA-A*68:01,tcr973,1
v84_rs_2_n0,DATYQRTRALVR_HLA-A*68:01,tcr163,0
v971,GILGFVFTL_HLA-A*02:01,tcr391,1
v971_rs_2_n0,GILGFVFTL_HLA-A*02:01,tcr1952,0
v292,GILGFVFTL_HLA-A*02:01,tcr1234,1
v292_rs_2_n0,GILGFVFTL_HLA-A*02:01,tcr878,0
v4,AAFKRSCLK_HLA-A*03:01,tcr546,1
v4_rs_2_n0,AAFKRSCLK_HLA-A*03:01,tcr1134,0
v1883,RPIIRPATL_HLA-B*07:02,tcr1685,1
v1883_rs_2_n0,RPIIRPATL_HLA-B*07:02,tcr1880,0
v1384,HPNGYKSLSTL_HLA-B*07:02,tcr1052,1
v1384_rs_2_n0,HPNGYKSLSTL_HLA-B*07:02,tcr1615,0
v1691,NLVPMVATV_HLA-A*02:01,tcr2070,1
v1691_rs_2_n0,NLVPMVATV_HLA-A*02:01,tcr1398,0
v1854,RLPGVLPRA_HLA-A*02:01,tcr868,1
v1854_rs_2_n0,RLPGVLPRA_HLA-A*02:01,tcr1973,0
v2079,VYAWNRKRI_HLA-A*24:02,tcr88,1
v2079_rs_2_n0,VYAWNRKRI_HLA-A*24:02,tcr1109,0
v855,GILGFVFTL_HLA-A*02:01,tcr2208,1
v855_rs_2_n0,GILGFVFTL_HLA-A*02:01,tcr1338,0
v1420,HPVGEADYFEY_HLA-B*35:08,tcr2080,1
v1420_rs_2_n0,HPVGEADYFEY_HLA-B*35:08,tcr1850,0
v1134,GILGFVFTL_HLA-A*02:01,tcr68,1
v1134_rs_2_n0,GILGFVFTL_HLA-A*02:01,tcr1489,0
v12,ALDPHSGHFV_HLA-A*02:01,tcr2176,1
v12_rs_2_n0,ALDPHSGHFV_HLA-A*02:01,tcr848,0
v1071,GILGFVFTL_HLA-A*02:01,tcr57,1
v1071_rs_2_n0,GILGFVFTL_HLA-A*02:01,tcr287,0
v1242,GILGFVFTL_HLA-A*02:01,tcr90,1
v1242_rs_2_n0,GILGFVFTL_HLA-A*02:01,tcr1664,0
v1,AAFKRSCLK_HLA-A*03:01,tcr2060,1
v1_rs_2_n0,AAFKRSCLK_HLA-A*03:01,tcr13,0
v1959,RQWGPDPAAV_HLA-A*02:01,tcr915,1
v1959_rs_2_n0,RQWGPDPAAV_HLA-A*02:01,tcr737,0
v120,ELAGIGILTV_HLA-A*02:01,tcr870,1
v120_rs_2_n0,ELAGIGILTV_HLA-A*02:01,tcr1922,0
v1407,HPNGYKSLSTL_HLA-B*07:02,tcr732,1
v1407_rs_2_n0,HPNGYKSLSTL_HLA-B*07:02,tcr846,0
v651,GILGFVFTL_HLA-A*02:01,tcr1857,1
v651_rs_2_n0,GILGFVFTL_HLA-A*02:01,tcr1841,0
v821,GILGFVFTL_HLA-A*02:01,tcr2153,1
v821_rs_2_n0,GILGFVFTL_HLA-A*02:01,tcr749,0
v864,GILGFVFTL_HLA-A*02:01,tcr2221,1
v864_rs_2_n0,GILGFVFTL_HLA-A*02:01,tcr1933,0
v1578,NLVPMVATV_HLA-A*02:01,tcr1170,1
v1578_rs_2_n0,NLVPMVATV_HLA-A*02:01,tcr777,0
v1799,NLVPMVATV_HLA-A*02:01,tcr905,1
v1799_rs_2_n0,NLVPMVATV_HLA-A*02:01,tcr2156,0
v748,GILGFVFTL_HLA-A*02:01,tcr2014,1
v748_rs_2_n0,GILGFVFTL_HLA-A*02:01,tcr194,0
v795,GILGFVFTL_HLA-A*02:01,tcr2116,1
v795_rs_2_n0,GILGFVFTL_HLA-A*02:01,tcr1572,0
v2105,YLQPRTFLL_HLA-A*02:01,tcr1395,1
v2105_rs_2_n0,YLQPRTFLL_HLA-A*02:01,tcr1444,0
v658,GILGFVFTL_HLA-A*02:01,tcr1868,1
v658_rs_2_n0,GILGFVFTL_HLA-A*02:01,tcr134,0
v1724,NLVPMVATV_HLA-A*02:01,tcr303,1
v1724_rs_2_n0,NLVPMVATV_HLA-A*02:01,tcr113,0
v2091,YLQPRTFLL_HLA-A*02:01,tcr1019,1
v2091_rs_2_n0,YLQPRTFLL_HLA-A*02:01,tcr2223,0
v142,FAMQMAYRF_HLA-A*24:02,tcr690,1
v142_rs_2_n0,FAMQMAYRF_HLA-A*24:02,tcr1983,0
v892,GILGFVFTL_HLA-A*02:01,tcr257,1
v892_rs_2_n0,GILGFVFTL_HLA-A*02:01,tcr210,0
v862,GILGFVFTL_HLA-A*02:01,tcr2218,1
v862_rs_2_n0,GILGFVFTL_HLA-A*02:01,tcr355,0
v1822,RARSVASQSI_HLA-B*07:02,tcr2106,1
v1822_rs_2_n0,RARSVASQSI_HLA-B*07:02,tcr2236,0
v974,GILGFVFTL_HLA-A*02:01,tcr395,1
v974_rs_2_n0,GILGFVFTL_HLA-A*02:01,tcr818,0
v944,GILGFVFTL_HLA-A*02:01,tcr344,1
v944_rs_2_n0,GILGFVFTL_HLA-A*02:01,tcr1553,0
v392,GILGFVFTL_HLA-A*02:01,tcr1411,1
v392_rs_2_n0,GILGFVFTL_HLA-A*02:01,tcr1860,0
v1338,GLCTLVAML_HLA-A*02:01,tcr429,1
v1338_rs_2_n0,GLCTLVAML_HLA-A*02:01,tcr1985,0
v1634,NLVPMVATV_HLA-A*02:01,tcr1569,1
v1634_rs_2_n0,NLVPMVATV_HLA-A*02:01,tcr116,0
v496,GILGFVFTL_HLA-A*02:01,tcr160,1
v496_rs_2_n0,GILGFVFTL_HLA-A*02:01,tcr970,0
v180,GILGFVFTL_HLA-A*02:01,tcr1025,1
v180_rs_2_n0,GILGFVFTL_HLA-A*02:01,tcr2104,0
v911,GILGFVFTL_HLA-A*02:01,tcr296,1
v911_rs_2_n0,GILGFVFTL_HLA-A*02:01,tcr512,0
v729,GILGFVFTL_HLA-A*02:01,tcr1981,1
v729_rs_2_n0,GILGFVFTL_HLA-A*02:01,tcr1872,0
v1404,HPNGYKSLSTL_HLA-B*07:02,tcr537,1
v1404_rs_2_n0,HPNGYKSLSTL_HLA-B*07:02,tcr64,0
v133,EPLPQGQLTAY_HLA-B*35:01,tcr768,1
v133_rs_2_n0,EPLPQGQLTAY_HLA-B*35:01,tcr776,0
v1276,GILGFVFTL_HLA-A*02:01,tcr944,1
v1276_rs_2_n0,GILGFVFTL_HLA-A*02:01,tcr854,0
v1408,HPNGYKSLSTL_HLA-B*07:02,tcr77,1
v1408_rs_2_n0,HPNGYKSLSTL_HLA-B*07:02,tcr1634,0
v1758,NLVPMVATV_HLA-A*02:01,tcr578,1
v1758_rs_2_n0,NLVPMVATV_HLA-A*02:01,tcr1739,0
v6,AAGIGILTV_HLA-A*02:01,tcr1523,1
v6_rs_2_n0,AAGIGILTV_HLA-A*02:01,tcr1471,0
v441,GILGFVFTL_HLA-A*02:01,tcr1499,1
v441_rs_2_n0,GILGFVFTL_HLA-A*02:01,tcr2155,0
v11,ALDPHSGHFV_HLA-A*02:01,tcr2069,1
v11_rs_2_n0,ALDPHSGHFV_HLA-A*02:01,tcr2116,0
v2087,YLEPGPVTA_HLA-A*02:01,tcr1817,1
v2087_rs_2_n0,YLEPGPVTA_HLA-A*02:01,tcr750,0
v1991,SLLMWITQV_HLA-A*02:01,tcr488,1
v1991_rs_2_n0,SLLMWITQV_HLA-A*02:01,tcr12,0
v118,ELAGIGILTV_HLA-A*02:01,tcr776,1
v118_rs_2_n0,ELAGIGILTV_HLA-A*02:01,tcr1590,0
v797,GILGFVFTL_HLA-A*02:01,tcr2118,1
v797_rs_2_n0,GILGFVFTL_HLA-A*02:01,tcr464,0
v1143,GILGFVFTL_HLA-A*02:01,tcr700,1
v1143_rs_2_n0,GILGFVFTL_HLA-A*02:01,tcr1650,0
v113,ELAGIGILTV_HLA-A*02:01,tcr377,1
v113_rs_2_n0,ELAGIGILTV_HLA-A*02:01,tcr2205,0
v537,GILGFVFTL_HLA-A*02:01,tcr1663,1
v537_rs_2_n0,GILGFVFTL_HLA-A*02:01,tcr360,0
v1123,GILGFVFTL_HLA-A*02:01,tcr661,1
v1123_rs_2_n0,GILGFVFTL_HLA-A*02:01,tcr414,0
v718,GILGFVFTL_HLA-A*02:01,tcr1968,1
v718_rs_2_n0,GILGFVFTL_HLA-A*02:01,tcr234,0
v236,GILGFVFTL_HLA-A*02:01,tcr1122,1
v236_rs_2_n0,GILGFVFTL_HLA-A*02:01,tcr1226,0
v937,GILGFVFTL_HLA-A*02:01,tcr33,1
v937_rs_2_n0,GILGFVFTL_HLA-A*02:01,tcr1866,0
v1099,GILGFVFTL_HLA-A*02:01,tcr62,1
v1099_rs_2_n0,GILGFVFTL_HLA-A*02:01,tcr377,0
v1279,GILGFVFTL_HLA-A*02:01,tcr948,1
v1279_rs_2_n0,GILGFVFTL_HLA-A*02:01,tcr1880,0
v606,GILGFVFTL_HLA-A*02:01,tcr1785,1
v606_rs_2_n0,GILGFVFTL_HLA-A*02:01,tcr873,0
v969,GILGFVFTL_HLA-A*02:01,tcr39,1
v969_rs_2_n0,GILGFVFTL_HLA-A*02:01,tcr268,0
v995,GILGFVFTL_HLA-A*02:01,tcr426,1
v995_rs_2_n0,GILGFVFTL_HLA-A*02:01,tcr1012,0
v753,GILGFVFTL_HLA-A*02:01,tcr2023,1
v753_rs_2_n0,GILGFVFTL_HLA-A*02:01,tcr1093,0
v1963,RYGSFSVTL_HLA-C*07:01,tcr1781,1
v1963_rs_2_n0,RYGSFSVTL_HLA-C*07:01,tcr2196,0
v470,GILGFVFTL_HLA-A*02:01,tcr156,1
v470_rs_2_n0,GILGFVFTL_HLA-A*02:01,tcr672,0
v612,GILGFVFTL_HLA-A*02:01,tcr1794,1
v612_rs_2_n0,GILGFVFTL_HLA-A*02:01,tcr1264,0
v1863,RLWGTWVKA_HLA-A*02:01,tcr373,1
v1863_rs_2_n0,RLWGTWVKA_HLA-A*02:01,tcr1770,0
v1585,NLVPMVATV_HLA-A*02:01,tcr1228,1
v1585_rs_2_n0,NLVPMVATV_HLA-A*02:01,tcr344,0
v1220,GILGFVFTL_HLA-A*02:01,tcr850,1
v1220_rs_2_n0,GILGFVFTL_HLA-A*02:01,tcr379,0
v1376,GVYALIAGA_HLA-A*02:01,tcr1810,1
v1376_rs_2_n0,GVYALIAGA_HLA-A*02:01,tcr1514,0
v1289,GILGFVFTL_HLA-A*02:01,tcr958,1
v1289_rs_2_n0,GILGFVFTL_HLA-A*02:01,tcr1702,0
v1322,GLCTLVAML_HLA-A*02:01,tcr1694,1
v1322_rs_2_n0,GLCTLVAML_HLA-A*02:01,tcr1412,0
v1927,RPIIRPATL_HLA-B*08:01,tcr389,1
v1927_rs_2_n0,RPIIRPATL_HLA-B*08:01,tcr1423,0
v1924,RPIIRPATL_HLA-B*08:01,tcr2168,1
v1924_rs_2_n0,RPIIRPATL_HLA-B*08:01,tcr1171,0
v372,GILGFVFTL_HLA-A*02:01,tcr1373,1
v372_rs_2_n0,GILGFVFTL_HLA-A*02:01,tcr668,0
v1568,NLVPMVATV_HLA-A*02:01,tcr1051,1
v1568_rs_2_n0,NLVPMVATV_HLA-A*02:01,tcr1212,0
v953,GILGFVFTL_HLA-A*02:01,tcr359,1
v953_rs_2_n0,GILGFVFTL_HLA-A*02:01,tcr2058,0
v465,GILGFVFTL_HLA-A*02:01,tcr1550,1
v465_rs_2_n0,GILGFVFTL_HLA-A*02:01,tcr2027,0
v770,GILGFVFTL_HLA-A*02:01,tcr2059,1
v770_rs_2_n0,GILGFVFTL_HLA-A*02:01,tcr756,0
v274,GILGFVFTL_HLA-A*02:01,tcr1203,1
v274_rs_2_n0,GILGFVFTL_HLA-A*02:01,tcr1962,0
v1618,NLVPMVATV_HLA-A*02:01,tcr1470,1
v1618_rs_2_n0,NLVPMVATV_HLA-A*02:01,tcr1834,0
v1591,NLVPMVATV_HLA-A*02:01,tcr1287,1
v1591_rs_2_n0,NLVPMVATV_HLA-A*02:01,tcr823,0
v1434,ITDQVPFSV_HLA-A*02:01,tcr80,1
v1434_rs_2_n0,ITDQVPFSV_HLA-A*02:01,tcr940,0
v1504,KVDPIGHVY_HLA-A*01:01,tcr203,1
v1504_rs_2_n0,KVDPIGHVY_HLA-A*01:01,tcr1025,0
v1453,KLVALGINAV_HLA-A*02:01,tcr1089,1
v1453_rs_2_n0,KLVALGINAV_HLA-A*02:01,tcr509,0
v543,GILGFVFTL_HLA-A*02:01,tcr1678,1
v543_rs_2_n0,GILGFVFTL_HLA-A*02:01,tcr414,0
v2124,YLQPRTFLL_HLA-A*02:01,tcr333,1
v2124_rs_2_n0,YLQPRTFLL_HLA-A*02:01,tcr935,0
v2143,YPDKVFRSSV_HLA-B*07:02,tcr289,1
v2143_rs_2_n0,YPDKVFRSSV_HLA-B*07:02,tcr1543,0
v690,GILGFVFTL_HLA-A*02:01,tcr1921,1
v690_rs_2_n0,GILGFVFTL_HLA-A*02:01,tcr1155,0
v468,GILGFVFTL_HLA-A*02:01,tcr1557,1
v468_rs_2_n0,GILGFVFTL_HLA-A*02:01,tcr1394,0
v2115,YLQPRTFLL_HLA-A*02:01,tcr1955,1
v2115_rs_2_n0,YLQPRTFLL_HLA-A*02:01,tcr187,0
v2095,YLQPRTFLL_HLA-A*02:01,tcr1109,1
v2095_rs_2_n0,YLQPRTFLL_HLA-A*02:01,tcr1127,0
v844,GILGFVFTL_HLA-A*02:01,tcr2196,1
v844_rs_2_n0,GILGFVFTL_HLA-A*02:01,tcr1353,0
v762,GILGFVFTL_HLA-A*02:01,tcr2042,1
v762_rs_2_n0,GILGFVFTL_HLA-A*02:01,tcr1943,0
v744,GILGFVFTL_HLA-A*02:01,tcr2004,1
v744_rs_2_n0,GILGFVFTL_HLA-A*02:01,tcr284,0
v1283,GILGFVFTL_HLA-A*02:01,tcr951,1
v1283_rs_2_n0,GILGFVFTL_HLA-A*02:01,tcr2060,0
v778,GILGFVFTL_HLA-A*02:01,tcr2088,1
v778_rs_2_n0,GILGFVFTL_HLA-A*02:01,tcr71,0
v1656,NLVPMVATV_HLA-A*02:01,tcr1776,1
v1656_rs_2_n0,NLVPMVATV_HLA-A*02:01,tcr2116,0
v344,GILGFVFTL_HLA-A*02:01,tcr1322,1
v344_rs_2_n0,GILGFVFTL_HLA-A*02:01,tcr375,0
v209,GILGFVFTL_HLA-A*02:01,tcr1078,1
v209_rs_2_n0,GILGFVFTL_HLA-A*02:01,tcr740,0
v1715,NLVPMVATV_HLA-A*02:01,tcr225,1
v1715_rs_2_n0,NLVPMVATV_HLA-A*02:01,tcr1798,0
v1098,GILGFVFTL_HLA-A*02:01,tcr618,1
v1098_rs_2_n0,GILGFVFTL_HLA-A*02:01,tcr2155,0
v737,GILGFVFTL_HLA-A*02:01,tcr1993,1
v737_rs_2_n0,GILGFVFTL_HLA-A*02:01,tcr1503,0
v1677,NLVPMVATV_HLA-A*02:01,tcr1983,1
v1677_rs_2_n0,NLVPMVATV_HLA-A*02:01,tcr1530,0
v1819,RAQAPPPSW_HLA-B*57:01,tcr11,1
v1819_rs_2_n0,RAQAPPPSW_HLA-B*57:01,tcr770,0
v1391,HPNGYKSLSTL_HLA-B*07:02,tcr2008,1
v1391_rs_2_n0,HPNGYKSLSTL_HLA-B*07:02,tcr92,0
v1030,GILGFVFTL_HLA-A*02:01,tcr489,1
v1030_rs_2_n0,GILGFVFTL_HLA-A*02:01,tcr1834,0
v1533,LPPAYTNSF_HLA-B*07:02,tcr36,1
v1533_rs_2_n0,LPPAYTNSF_HLA-B*07:02,tcr2048,0
v31,AQWGPDPAAA_HLA-A*02:01,tcr915,1
v31_rs_2_n0,AQWGPDPAAA_HLA-A*02:01,tcr315,0
v1452,KLTESLHKV_HLA-A*02:01,tcr1890,1
v1452_rs_2_n0,KLTESLHKV_HLA-A*02:01,tcr81,0
v2004,SMDWFQGQM_HLA-A*02:01,tcr818,1
v2004_rs_2_n0,SMDWFQGQM_HLA-A*02:01,tcr990,0
v887,GILGFVFTL_HLA-A*02:01,tcr25,1
v887_rs_2_n0,GILGFVFTL_HLA-A*02:01,tcr303,0
v1669,NLVPMVATV_HLA-A*02:01,tcr1897,1
v1669_rs_2_n0,NLVPMVATV_HLA-A*02:01,tcr61,0
v1870,RMFPNAPYL_HLA-A*02:01,tcr362,1
v1870_rs_2_n0,RMFPNAPYL_HLA-A*02:01,tcr427,0
v223,GILGFVFTL_HLA-A*02:01,tcr1100,1
v223_rs_2_n0,GILGFVFTL_HLA-A*02:01,tcr1386,0
v1108,GILGFVFTL_HLA-A*02:01,tcr639,1
v1108_rs_2_n0,GILGFVFTL_HLA-A*02:01,tcr313,0
v276,GILGFVFTL_HLA-A*02:01,tcr1208,1
v276_rs_2_n0,GILGFVFTL_HLA-A*02:01,tcr2166,0
v430,GILGFVFTL_HLA-A*02:01,tcr1484,1
v430_rs_2_n0,GILGFVFTL_HLA-A*02:01,tcr1963,0
v210,GILGFVFTL_HLA-A*02:01,tcr1079,1
v210_rs_2_n0,GILGFVFTL_HLA-A*02:01,tcr1395,0
v1753,NLVPMVATV_HLA-A*02:01,tcr515,1
v1753_rs_2_n0,NLVPMVATV_HLA-A*02:01,tcr925,0
v1888,RPIIRPATL_HLA-B*07:02,tcr1798,1
v1888_rs_2_n0,RPIIRPATL_HLA-B*07:02,tcr2180,0
v282,GILGFVFTL_HLA-A*02:01,tcr1217,1
v282_rs_2_n0,GILGFVFTL_HLA-A*02:01,tcr1644,0
v80,DATYQRTRALVR_HLA-A*68:01,tcr841,1
v80_rs_2_n0,DATYQRTRALVR_HLA-A*68:01,tcr673,0
v620,GILGFVFTL_HLA-A*02:01,tcr1804,1
v620_rs_2_n0,GILGFVFTL_HLA-A*02:01,tcr1007,0
v928,GILGFVFTL_HLA-A*02:01,tcr32,1
v928_rs_2_n0,GILGFVFTL_HLA-A*02:01,tcr184,0
v1655,NLVPMVATV_HLA-A*02:01,tcr1770,1
v1655_rs_2_n0,NLVPMVATV_HLA-A*02:01,tcr1952,0
v807,GILGFVFTL_HLA-A*02:01,tcr2133,1
v807_rs_2_n0,GILGFVFTL_HLA-A*02:01,tcr1292,0
v39,CINGVCWTV_HLA-A*02:01,tcr1321,1
v39_rs_2_n0,CINGVCWTV_HLA-A*02:01,tcr1094,0
v30,APARLERRHSA_HLA-B*07:02,tcr1112,1
v30_rs_2_n0,APARLERRHSA_HLA-B*07:02,tcr1902,0
v1255,GILGFVFTL_HLA-A*02:01,tcr92,1
v1255_rs_2_n0,GILGFVFTL_HLA-A*02:01,tcr1483,0
v402,GILGFVFTL_HLA-A*02:01,tcr143,1
v402_rs_2_n0,GILGFVFTL_HLA-A*02:01,tcr37,0
v1974,SLLMWITQV_HLA-A*02:01,tcr1336,1
v1974_rs_2_n0,SLLMWITQV_HLA-A*02:01,tcr1112,0
v389,GILGFVFTL_HLA-A*02:01,tcr1406,1
v389_rs_2_n0,GILGFVFTL_HLA-A*02:01,tcr775,0
v896,GILGFVFTL_HLA-A*02:01,tcr265,1
v896_rs_2_n0,GILGFVFTL_HLA-A*02:01,tcr868,0
v1435,IVTDFSVIK_HLA-A*11:01,tcr1155,1
v1435_rs_2_n0,IVTDFSVIK_HLA-A*11:01,tcr1439,0
v1641,NLVPMVATV_HLA-A*02:01,tcr1642,1
v1641_rs_2_n0,NLVPMVATV_HLA-A*02:01,tcr208,0
v726,GILGFVFTL_HLA-A*02:01,tcr1978,1
v726_rs_2_n0,GILGFVFTL_HLA-A*02:01,tcr1350,0
v570,GILGFVFTL_HLA-A*02:01,tcr1724,1
v570_rs_2_n0,GILGFVFTL_HLA-A*02:01,tcr611,0
v1034,GILGFVFTL_HLA-A*02:01,tcr497,1
v1034_rs_2_n0,GILGFVFTL_HLA-A*02:01,tcr1584,0
v410,GILGFVFTL_HLA-A*02:01,tcr1444,1
v410_rs_2_n0,GILGFVFTL_HLA-A*02:01,tcr221,0
v1587,NLVPMVATV_HLA-A*02:01,tcr1237,1
v1587_rs_2_n0,NLVPMVATV_HLA-A*02:01,tcr661,0
v1472,KLVALGINAV_HLA-A*02:01,tcr268,1
v1472_rs_2_n0,KLVALGINAV_HLA-A*02:01,tcr1424,0
v845,GILGFVFTL_HLA-A*02:01,tcr2198,1
v845_rs_2_n0,GILGFVFTL_HLA-A*02:01,tcr1720,0
v1053,GILGFVFTL_HLA-A*02:01,tcr534,1
v1053_rs_2_n0,GILGFVFTL_HLA-A*02:01,tcr915,0
v416,GILGFVFTL_HLA-A*02:01,tcr1454,1
v416_rs_2_n0,GILGFVFTL_HLA-A*02:01,tcr289,0
v346,GILGFVFTL_HLA-A*02:01,tcr1327,1
v346_rs_2_n0,GILGFVFTL_HLA-A*02:01,tcr886,0
v1800,NLVPMVATV_HLA-A*02:01,tcr909,1
v1800_rs_2_n0,NLVPMVATV_HLA-A*02:01,tcr1019,0
v813,GILGFVFTL_HLA-A*02:01,tcr2142,1
v813_rs_2_n0,GILGFVFTL_HLA-A*02:01,tcr1289,0
v1142,GILGFVFTL_HLA-A*02:01,tcr697,1
v1142_rs_2_n0,GILGFVFTL_HLA-A*02:01,tcr1704,0
v1314,GLCTLVAML_HLA-A*02:01,tcr141,1
v1314_rs_2_n0,GLCTLVAML_HLA-A*02:01,tcr1405,0
v979,GILGFVFTL_HLA-A*02:01,tcr400,1
v979_rs_2_n0,GILGFVFTL_HLA-A*02:01,tcr768,0
v285,GILGFVFTL_HLA-A*02:01,tcr1221,1
v285_rs_2_n0,GILGFVFTL_HLA-A*02:01,tcr233,0
v256,GILGFVFTL_HLA-A*02:01,tcr1159,1
v256_rs_2_n0,GILGFVFTL_HLA-A*02:01,tcr1045,0
v132,EPLPQGQLTAY_HLA-B*35:01,tcr754,1
v132_rs_2_n0,EPLPQGQLTAY_HLA-B*35:01,tcr2074,0
v1039,GILGFVFTL_HLA-A*02:01,tcr511,1
v1039_rs_2_n0,GILGFVFTL_HLA-A*02:01,tcr292,0
v1682,NLVPMVATV_HLA-A*02:01,tcr2022,1
v1682_rs_2_n0,NLVPMVATV_HLA-A*02:01,tcr827,0
v318,GILGFVFTL_HLA-A*02:01,tcr1284,1
v318_rs_2_n0,GILGFVFTL_HLA-A*02:01,tcr1158,0
v1095,GILGFVFTL_HLA-A*02:01,tcr612,1
v1095_rs_2_n0,GILGFVFTL_HLA-A*02:01,tcr375,0
v1268,GILGFVFTL_HLA-A*02:01,tcr936,1
v1268_rs_2_n0,GILGFVFTL_HLA-A*02:01,tcr1872,0
v2106,YLQPRTFLL_HLA-A*02:01,tcr1455,1
v2106_rs_2_n0,YLQPRTFLL_HLA-A*02:01,tcr2094,0
v1074,GILGFVFTL_HLA-A*02:01,tcr575,1
v1074_rs_2_n0,GILGFVFTL_HLA-A*02:01,tcr1287,0
v1442,KIYSKHTPI_HLA-A*02:01,tcr1503,1
v1442_rs_2_n0,KIYSKHTPI_HLA-A*02:01,tcr1084,0
v420,GILGFVFTL_HLA-A*02:01,tcr1461,1
v420_rs_2_n0,GILGFVFTL_HLA-A*02:01,tcr2035,0
v1695,NLVPMVATV_HLA-A*02:01,tcr209,1
v1695_rs_2_n0,NLVPMVATV_HLA-A*02:01,tcr9,0
v1293,GILGFVFTL_HLA-A*02:01,tcr964,1
v1293_rs_2_n0,GILGFVFTL_HLA-A*02:01,tcr1257,0
v1105,GILGFVFTL_HLA-A*02:01,tcr631,1
v1105_rs_2_n0,GILGFVFTL_HLA-A*02:01,tcr201,0
v1323,GLCTLVAML_HLA-A*02:01,tcr1746,1
v1323_rs_2_n0,GLCTLVAML_HLA-A*02:01,tcr2062,0
v1928,RPIIRPATL_HLA-B*08:01,tcr544,1
v1928_rs_2_n0,RPIIRPATL_HLA-B*08:01,tcr579,0
v1236,GILGFVFTL_HLA-A*02:01,tcr881,1
v1236_rs_2_n0,GILGFVFTL_HLA-A*02:01,tcr1214,0
v2120,YLQPRTFLL_HLA-A*02:01,tcr2137,1
v2120_rs_2_n0,YLQPRTFLL_HLA-A*02:01,tcr869,0
v2053,VAANIVLTV_HLA-A*02:01,tcr1145,1
v2053_rs_2_n0,VAANIVLTV_HLA-A*02:01,tcr1136,0
v165,GEEDGAGGHSL_HLA-B*44:02,tcr2200,1
v165_rs_2_n0,GEEDGAGGHSL_HLA-B*44:02,tcr102,0
v2007,SPRWYFYYL_HLA-B*07:02,tcr1087,1
v2007_rs_2_n0,SPRWYFYYL_HLA-B*07:02,tcr2166,0
v1921,RPIIRPATL_HLA-B*08:01,tcr1957,1
v1921_rs_2_n0,RPIIRPATL_HLA-B*08:01,tcr1346,0
v2009,SPRWYFYYL_HLA-B*07:02,tcr1191,1
v2009_rs_2_n0,SPRWYFYYL_HLA-B*07:02,tcr512,0
v1581,NLVPMVATV_HLA-A*02:01,tcr118,1
v1581_rs_2_n0,NLVPMVATV_HLA-A*02:01,tcr820,0
v237,GILGFVFTL_HLA-A*02:01,tcr1123,1
v237_rs_2_n0,GILGFVFTL_HLA-A*02:01,tcr1039,0
v965,GILGFVFTL_HLA-A*02:01,tcr381,1
v965_rs_2_n0,GILGFVFTL_HLA-A*02:01,tcr595,0
v435,GILGFVFTL_HLA-A*02:01,tcr1492,1
v435_rs_2_n0,GILGFVFTL_HLA-A*02:01,tcr783,0
v925,GILGFVFTL_HLA-A*02:01,tcr315,1
v925_rs_2_n0,GILGFVFTL_HLA-A*02:01,tcr1904,0
v1415,HPVGEADYFEY_HLA-B*35:01,tcr1543,1
v1415_rs_2_n0,HPVGEADYFEY_HLA-B*35:01,tcr2011,0
v1696,NLVPMVATV_HLA-A*02:01,tcr2099,1
v1696_rs_2_n0,NLVPMVATV_HLA-A*02:01,tcr62,0
v2068,VLLGVKLFGV_HLA-A*02:01,tcr1485,1
v2068_rs_2_n0,VLLGVKLFGV_HLA-A*02:01,tcr595,0
v961,GILGFVFTL_HLA-A*02:01,tcr371,1
v961_rs_2_n0,GILGFVFTL_HLA-A*02:01,tcr1960,0
v188,GILGFVFTL_HLA-A*02:01,tcr1037,1
v188_rs_2_n0,GILGFVFTL_HLA-A*02:01,tcr870,0
v1721,NLVPMVATV_HLA-A*02:01,tcr290,1
v1721_rs_2_n0,NLVPMVATV_HLA-A*02:01,tcr1948,0
v558,GILGFVFTL_HLA-A*02:01,tcr1707,1
v558_rs_2_n0,GILGFVFTL_HLA-A*02:01,tcr1608,0
v1788,NLVPMVATV_HLA-A*02:01,tcr812,1
v1788_rs_2_n0,NLVPMVATV_HLA-A*02:01,tcr188,0
v1115,GILGFVFTL_HLA-A*02:01,tcr651,1
v1115_rs_2_n0,GILGFVFTL_HLA-A*02:01,tcr732,0
v2098,YLQPRTFLL_HLA-A*02:01,tcr1186,1
v2098_rs_2_n0,YLQPRTFLL_HLA-A*02:01,tcr904,0
v1427,ILAKFLHWL_HLA-A*02:01,tcr1182,1
v1427_rs_2_n0,ILAKFLHWL_HLA-A*02:01,tcr2029,0
v1084,GILGFVFTL_HLA-A*02:01,tcr597,1
v1084_rs_2_n0,GILGFVFTL_HLA-A*02:01,tcr1309,0
v270,GILGFVFTL_HLA-A*02:01,tcr120,1
v270_rs_2_n0,GILGFVFTL_HLA-A*02:01,tcr732,0
v2023,SPRWYFYYL_HLA-B*07:02,tcr70,1
v2023_rs_2_n0,SPRWYFYYL_HLA-B*07:02,tcr622,0
v1622,NLVPMVATV_HLA-A*02:01,tcr1508,1
v1622_rs_2_n0,NLVPMVATV_HLA-A*02:01,tcr657,0
v1008,GILGFVFTL_HLA-A*02:01,tcr445,1
v1008_rs_2_n0,GILGFVFTL_HLA-A*02:01,tcr1447,0
v900,GILGFVFTL_HLA-A*02:01,tcr273,1
v900_rs_2_n0,GILGFVFTL_HLA-A*02:01,tcr1376,0
v950,GILGFVFTL_HLA-A*02:01,tcr352,1
v950_rs_2_n0,GILGFVFTL_HLA-A*02:01,tcr1685,0
v831,GILGFVFTL_HLA-A*02:01,tcr2175,1
v831_rs_2_n0,GILGFVFTL_HLA-A*02:01,tcr1244,0
v2065,VAANIVLTV_HLA-A*02:01,tcr724,1
v2065_rs_2_n0,VAANIVLTV_HLA-A*02:01,tcr1744,0
v1802,NLVPMVATV_HLA-A*02:01,tcr921,1
v1802_rs_2_n0,NLVPMVATV_HLA-A*02:01,tcr690,0
v652,GILGFVFTL_HLA-A*02:01,tcr1858,1
v652_rs_2_n0,GILGFVFTL_HLA-A*02:01,tcr1880,0
v1349,GLCTLVAML_HLA-A*02:01,tcr756,1
v1349_rs_2_n0,GLCTLVAML_HLA-A*02:01,tcr1227,0
v14,ALHGGWTTK_HLA-A*03:01,tcr2009,1
v14_rs_2_n0,ALHGGWTTK_HLA-A*03:01,tcr1411,0
v851,GILGFVFTL_HLA-A*02:01,tcr2204,1
v851_rs_2_n0,GILGFVFTL_HLA-A*02:01,tcr2074,0
v1768,NLVPMVATV_HLA-A*02:01,tcr632,1
v1768_rs_2_n0,NLVPMVATV_HLA-A*02:01,tcr771,0
v986,GILGFVFTL_HLA-A*02:01,tcr412,1
v986_rs_2_n0,GILGFVFTL_HLA-A*02:01,tcr64,0
v815,GILGFVFTL_HLA-A*02:01,tcr2147,1
v815_rs_2_n0,GILGFVFTL_HLA-A*02:01,tcr2157,0
v1269,GILGFVFTL_HLA-A*02:01,tcr937,1
v1269_rs_2_n0,GILGFVFTL_HLA-A*02:01,tcr818,0
v1825,RLARLALVL_HLA-A*02:01,tcr1469,1
v1825_rs_2_n0,RLARLALVL_HLA-A*02:01,tcr2212,0
v1961,RVRFFFPSL_HLA-B*07:02,tcr801,1
v1961_rs_2_n0,RVRFFFPSL_HLA-B*07:02,tcr575,0
v336,GILGFVFTL_HLA-A*02:01,tcr1310,1
v336_rs_2_n0,GILGFVFTL_HLA-A*02:01,tcr1439,0
v905,GILGFVFTL_HLA-A*02:01,tcr283,1
v905_rs_2_n0,GILGFVFTL_HLA-A*02:01,tcr823,0
v623,GILGFVFTL_HLA-A*02:01,tcr1807,1
v623_rs_2_n0,GILGFVFTL_HLA-A*02:01,tcr107,0
v518,GILGFVFTL_HLA-A*02:01,tcr1633,1
v518_rs_2_n0,GILGFVFTL_HLA-A*02:01,tcr201,0
v449,GILGFVFTL_HLA-A*02:01,tcr1512,1
v449_rs_2_n0,GILGFVFTL_HLA-A*02:01,tcr1118,0
v376,GILGFVFTL_HLA-A*02:01,tcr138,1
v376_rs_2_n0,GILGFVFTL_HLA-A*02:01,tcr1791,0
v1842,RLITGRLQSL_HLA-A*02:01,tcr431,1
v1842_rs_2_n0,RLITGRLQSL_HLA-A*02:01,tcr515,0
v1341,GLCTLVAML_HLA-A*02:01,tcr560,1
v1341_rs_2_n0,GLCTLVAML_HLA-A*02:01,tcr1606,0
v1356,GLCTLVAML_HLA-A*02:01,tcr9,1
v1356_rs_2_n0,GLCTLVAML_HLA-A*02:01,tcr122,0
v930,GILGFVFTL_HLA-A*02:01,tcr321,1
v930_rs_2_n0,GILGFVFTL_HLA-A*02:01,tcr801,0
v247,GILGFVFTL_HLA-A*02:01,tcr1138,1
v247_rs_2_n0,GILGFVFTL_HLA-A*02:01,tcr268,0
v268,GILGFVFTL_HLA-A*02:01,tcr1196,1
v268_rs_2_n0,GILGFVFTL_HLA-A*02:01,tcr268,0
v343,GILGFVFTL_HLA-A*02:01,tcr1320,1
v343_rs_2_n0,GILGFVFTL_HLA-A*02:01,tcr2214,0
v1032,GILGFVFTL_HLA-A*02:01,tcr490,1
v1032_rs_2_n0,GILGFVFTL_HLA-A*02:01,tcr625,0
v838,GILGFVFTL_HLA-A*02:01,tcr2189,1
v838_rs_2_n0,GILGFVFTL_HLA-A*02:01,tcr515,0
v1556,NLNCCSVPV_HLA-A*02:01,tcr891,1
v1556_rs_2_n0,NLNCCSVPV_HLA-A*02:01,tcr1690,0
v395,GILGFVFTL_HLA-A*02:01,tcr1414,1
v395_rs_2_n0,GILGFVFTL_HLA-A*02:01,tcr976,0
v1085,GILGFVFTL_HLA-A*02:01,tcr6,1
v1085_rs_2_n0,GILGFVFTL_HLA-A*02:01,tcr988,0
v355,GILGFVFTL_HLA-A*02:01,tcr1343,1
v355_rs_2_n0,GILGFVFTL_HLA-A*02:01,tcr632,0
v26,ALYGFVPVL_HLA-A*02:01,tcr2199,1
v26_rs_2_n0,ALYGFVPVL_HLA-A*02:01,tcr1163,0
v1843,RLITGRLQSL_HLA-A*02:01,tcr451,1
v1843_rs_2_n0,RLITGRLQSL_HLA-A*02:01,tcr1671,0
v1586,NLVPMVATV_HLA-A*02:01,tcr1236,1
v1586_rs_2_n0,NLVPMVATV_HLA-A*02:01,tcr1225,0
v1797,NLVPMVATV_HLA-A*02:01,tcr893,1
v1797_rs_2_n0,NLVPMVATV_HLA-A*02:01,tcr27,0
v1627,NLVPMVATV_HLA-A*02:01,tcr1534,1
v1627_rs_2_n0,NLVPMVATV_HLA-A*02:01,tcr15,0
v1390,HPNGYKSLSTL_HLA-B*07:02,tcr1737,1
v1390_rs_2_n0,HPNGYKSLSTL_HLA-B*07:02,tcr80,0
v909,GILGFVFTL_HLA-A*02:01,tcr294,1
v909_rs_2_n0,GILGFVFTL_HLA-A*02:01,tcr462,0
v2041,TLWCSPIKV_HLA-A*02:01,tcr607,1
v2041_rs_2_n0,TLWCSPIKV_HLA-A*02:01,tcr1020,0
v269,GILGFVFTL_HLA-A*02:01,tcr1197,1
v269_rs_2_n0,GILGFVFTL_HLA-A*02:01,tcr1336,0
v1328,GLCTLVAML_HLA-A*02:01,tcr1823,1
v1328_rs_2_n0,GLCTLVAML_HLA-A*02:01,tcr62,0
v565,GILGFVFTL_HLA-A*02:01,tcr1717,1
v565_rs_2_n0,GILGFVFTL_HLA-A*02:01,tcr823,0
v2141,YLYDRLLRV_HLA-A*02:01,tcr2019,1
v2141_rs_2_n0,YLYDRLLRV_HLA-A*02:01,tcr512,0
v1154,GILGFVFTL_HLA-A*02:01,tcr722,1
v1154_rs_2_n0,GILGFVFTL_HLA-A*02:01,tcr1933,0
v163,GARGVGKSAL_HLA-B*07:02,tcr407,1
v163_rs_2_n0,GARGVGKSAL_HLA-B*07:02,tcr1376,0
v2069,VLNGTVHPV_HLA-A*02:01,tcr1102,1
v2069_rs_2_n0,VLNGTVHPV_HLA-A*02:01,tcr889,0
v1114,GILGFVFTL_HLA-A*02:01,tcr65,1
v1114_rs_2_n0,GILGFVFTL_HLA-A*02:01,tcr1422,0
v582,GILGFVFTL_HLA-A*02:01,tcr1740,1
v582_rs_2_n0,GILGFVFTL_HLA-A*02:01,tcr1318,0
v206,GILGFVFTL_HLA-A*02:01,tcr1068,1
v206_rs_2_n0,GILGFVFTL_HLA-A*02:01,tcr1151,0
v2031,TEDEHFEFY_HLA-B*44:03,tcr1389,1
v2031_rs_2_n0,TEDEHFEFY_HLA-B*44:03,tcr313,0
v958,GILGFVFTL_HLA-A*02:01,tcr368,1
v958_rs_2_n0,GILGFVFTL_HLA-A*02:01,tcr462,0
v885,GILGFVFTL_HLA-A*02:01,tcr248,1
v885_rs_2_n0,GILGFVFTL_HLA-A*02:01,tcr2143,0
v1011,GILGFVFTL_HLA-A*02:01,tcr45,1
v1011_rs_2_n0,GILGFVFTL_HLA-A*02:01,tcr357,0
v401,GILGFVFTL_HLA-A*02:01,tcr1428,1
v401_rs_2_n0,GILGFVFTL_HLA-A*02:01,tcr1118,0
v956,GILGFVFTL_HLA-A*02:01,tcr365,1
v956_rs_2_n0,GILGFVFTL_HLA-A*02:01,tcr1755,0
v1252,GILGFVFTL_HLA-A*02:01,tcr916,1
v1252_rs_2_n0,GILGFVFTL_HLA-A*02:01,tcr354,0
