id,pmhc,tcr,label
vdjdb_full_10961,SPRWYFYYL_HLA-B*07:02,tcr14504,1
vdjdb_full_10961_rs_2_n0,SPRWYFYYL_HLA-B*07:02,tcr3459,0
vdjdb_full_11742,ELAGIGILTV_HLA-A*02:01,tcr5874,1
vdjdb_full_11742_rs_2_n0,ELAGIGILTV_HLA-A*02:01,tcr14972,0
vdjdb_full_8455,NLVPMVATV_HLA-A*02:01,tcr14874,1
vdjdb_full_8455_rs_2_n0,NLVPMVATV_HLA-A*02:01,tcr12377,0
vdjdb_full_14726,RPRGEVRFL_HLA-B*07:02,tcr7063,1
vdjdb_full_14726_rs_2_n0,RPRGEVRFL_HLA-B*07:02,tcr4316,0
vdjdb_full_444,KLGGALQAK_HLA-A*03:01,tcr10470,1
vdjdb_full_444_rs_2_n0,KLGGALQAK_HLA-A*03:01,tcr15387,0
vdjdb_full_13898,AYAQKIFKI_HLA-A*24:02,tcr10600,1
vdjdb_full_13898_rs_2_n0,AYAQKIFKI_HLA-A*24:02,tcr14528,0
vdjdb_full_9821,YLQPRTFLL_HLA-A*02:01,tcr1058,1
vdjdb_full_9821_rs_2_n0,YLQPRTFLL_HLA-A*02:01,tcr9626,0
vdjdb_full_17926,YSEHPTFTSQY_HLA-A*01:01,tcr15502,1
vdjdb_full_17926_rs_2_n0,YSEHPTFTSQY_HLA-A*01:01,tcr11504,0
vdjdb_full_13574,KTFPPTEPK_HLA-A*03:01,tcr13815,1
vdjdb_full_13574_rs_2_n0,KTFPPTEPK_HLA-A*03:01,tcr399,0
vdjdb_full_5536,AVFDRKSDAK_HLA-A*11:01,tcr13151,1
vdjdb_full_5536_rs_2_n0,AVFDRKSDAK_HLA-A*11:01,tcr13599,0
vdjdb_full_15406,CINGVCWTV_HLA-A*02:01,tcr2290,1
vdjdb_full_15406_rs_2_n0,CINGVCWTV_HLA-A*02:01,tcr13042,0
vdjdb_full_16187,GPRLGVRAT_HLA-B*07:02,tcr2363,1
vdjdb_full_16187_rs_2_n0,GPRLGVRAT_HLA-B*07:02,tcr7730,0
vdjdb_full_13913,AYAQKIFKI_HLA-A*24:02,tcr4258,1
vdjdb_full_13913_rs_2_n0,AYAQKIFKI_HLA-A*24:02,tcr15717,0
vdjdb_full_6559,GILGFVFTL_HLA-A*02:01,tcr9520,1
vdjdb_full_6559_rs_2_n0,GILGFVFTL_HLA-A*02:01,tcr9572,0
vdjdb_full_15251,FLSINVHKV_HLA-A*02:01,tcr7117,1
vdjdb_full_15251_rs_2_n0,FLSINVHKV_HLA-A*02:01,tcr11802,0
vdjdb_full_4082,SLLMWITQV_HLA-A*02:01,tcr13898,1
vdjdb_full_4082_rs_2_n0,SLLMWITQV_HLA-A*02:01,tcr7143,0
vdjdb_full_10523,HPNGYKSLSTL_HLA-B*07:02,tcr12783,1
vdjdb_full_10523_rs_2_n0,HPNGYKSLSTL_HLA-B*07:02,tcr1572,0
vdjdb_full_15192,RPHERNGFTVL_HLA-B*07:02,tcr17681,1
vdjdb_full_15192_rs_2_n0,RPHERNGFTVL_HLA-B*07:02,tcr4064,0
vdjdb_full_8870,LLAGIGTVPI_HLA-A*02:01,tcr11660,1
vdjdb_full_8870_rs_2_n0,LLAGIGTVPI_HLA-A*02:01,tcr3505,0
vdjdb_full_16615,QYIKWPWYI_HLA-A*24:02,tcr1484,1
vdjdb_full_16615_rs_2_n0,QYIKWPWYI_HLA-A*24:02,tcr9704,0
vdjdb_full_9294,YVLDHLIVV_HLA-A*02:01,tcr17185,1
vdjdb_full_9294_rs_2_n0,YVLDHLIVV_HLA-A*02:01,tcr7438,0
vdjdb_full_2574,GLCTLVAML_HLA-A*02:01,tcr3806,1
vdjdb_full_2574_rs_2_n0,GLCTLVAML_HLA-A*02:01,tcr11205,0
vdjdb_full_15131,NQKLIANQF_HLA-B*15:01,tcr10835,1
vdjdb_full_15131_rs_2_n0,NQKLIANQF_HLA-B*15:01,tcr4909,0
vdjdb_full_12139,FTSDYYQLY_HLA-A*01:01,tcr430,1
vdjdb_full_12139_rs_2_n0,FTSDYYQLY_HLA-A*01:01,tcr14316,0
vdjdb_full_15530,SLFNTVATLY_HLA-A*02:01,tcr2761,1
vdjdb_full_15530_rs_2_n0,SLFNTVATLY_HLA-A*02:01,tcr17322,0
vdjdb_full_11356,TTDPSFLGRY_HLA-A*01:01,tcr12083,1
vdjdb_full_11356_rs_2_n0,TTDPSFLGRY_HLA-A*01:01,tcr12179,0
vdjdb_full_9188,YVLDHLIVV_HLA-A*02:01,tcr5986,1
vdjdb_full_9188_rs_2_n0,YVLDHLIVV_HLA-A*02:01,tcr2922,0
vdjdb_full_10528,HPNGYKSLSTL_HLA-B*07:02,tcr5061,1
vdjdb_full_10528_rs_2_n0,HPNGYKSLSTL_HLA-B*07:02,tcr16063,0
vdjdb_full_10643,LTDEMIAQY_HLA-A*01:01,tcr9157,1
vdjdb_full_10643_rs_2_n0,LTDEMIAQY_HLA-A*01:01,tcr15584,0
vdjdb_full_16730,YLLEMLWRL_HLA-A*02:01,tcr17322,1
vdjdb_full_16730_rs_2_n0,YLLEMLWRL_HLA-A*02:01,tcr14675,0
vdjdb_full_15515,SLFNTVATLY_HLA-A*02:01,tcr4462,1
vdjdb_full_15515_rs_2_n0,SLFNTVATLY_HLA-A*02:01,tcr18299,0
vdjdb_full_17502,RLITGRLQSL_HLA-A*02:01,tcr811,1
vdjdb_full_17502_rs_2_n0,RLITGRLQSL_HLA-A*02:01,tcr3318,0
vdjdb_full_15788,RTLNAWVKV_HLA-A*02:01,tcr5975,1
vdjdb_full_15788_rs_2_n0,RTLNAWVKV_HLA-A*02:01,tcr13711,0
vdjdb_full_14741,RAQAPPPSW_HLA-B*57:01,tcr8207,1
vdjdb_full_14741_rs_2_n0,RAQAPPPSW_HLA-B*57:01,tcr10253,0
vdjdb_full_15781,RTLNAWVKV_HLA-A*02:01,tcr985,1
vdjdb_full_15781_rs_2_n0,RTLNAWVKV_HLA-A*02:01,tcr2826,0
vdjdb_full_10000,RLRAEAQVK_HLA-A*03:01,tcr14718,1
vdjdb_full_10000_rs_2_n0,RLRAEAQVK_HLA-A*03:01,tcr10758,0
vdjdb_full_15786,RTLNAWVKV_HLA-A*02:01,tcr1090,1
vdjdb_full_15786_rs_2_n0,RTLNAWVKV_HLA-A*02:01,tcr17111,0
vdjdb_full_9443,YVLDHLIVV_HLA-A*02:01,tcr8218,1
vdjdb_full_9443_rs_2_n0,YVLDHLIVV_HLA-A*02:01,tcr3136,0
vdjdb_full_16297,RPIIRPATL_HLA-B*08:01,tcr8455,1
vdjdb_full_16297_rs_2_n0,RPIIRPATL_HLA-B*08:01,tcr3782,0
vdjdb_full_2168,GLCTLVAML_HLA-A*02:01,tcr12954,1
vdjdb_full_2168_rs_2_n0,GLCTLVAML_HLA-A*02:01,tcr14524,0
vdjdb_full_8163,GILGFVFTL_HLA-A*02:01,tcr16737,1
vdjdb_full_8163_rs_2_n0,GILGFVFTL_HLA-A*02:01,tcr2833,0
vdjdb_full_14904,LLWNGPMAV_HLA-A*02:01,tcr1441,1
vdjdb_full_14904_rs_2_n0,LLWNGPMAV_HLA-A*02:01,tcr2463,0
vdjdb_full_12130,FTSDYYQLY_HLA-A*01:01,tcr453,1
vdjdb_full_12130_rs_2_n0,FTSDYYQLY_HLA-A*01:01,tcr1075,0
vdjdb_full_10116,RLRAEAQVK_HLA-A*03:01,tcr4363,1
vdjdb_full_10116_rs_2_n0,RLRAEAQVK_HLA-A*03:01,tcr17663,0
vdjdb_full_14231,RVRAYTYSK_HLA-A*03:01,tcr2835,1
vdjdb_full_14231_rs_2_n0,RVRAYTYSK_HLA-A*03:01,tcr5453,0
vdjdb_full_2387,GLCTLVAML_HLA-A*02:01,tcr4114,1
vdjdb_full_2387_rs_2_n0,GLCTLVAML_HLA-A*02:01,tcr1900,0
vdjdb_full_15975,KSKRTPMGF_HLA-B*57:01,tcr3524,1
vdjdb_full_15975_rs_2_n0,KSKRTPMGF_HLA-B*57:01,tcr10033,0
vdjdb_full_15398,CINGVCWTV_HLA-A*02:01,tcr5137,1
vdjdb_full_15398_rs_2_n0,CINGVCWTV_HLA-A*02:01,tcr8671,0
vdjdb_full_9476,YVLDHLIVV_HLA-A*02:01,tcr4850,1
vdjdb_full_9476_rs_2_n0,YVLDHLIVV_HLA-A*02:01,tcr13543,0
vdjdb_full_8406,NLVPMVATV_HLA-A*02:01,tcr9295,1
vdjdb_full_8406_rs_2_n0,NLVPMVATV_HLA-A*02:01,tcr7986,0
vdjdb_full_13586,KTFPPTEPK_HLA-A*03:01,tcr12224,1
vdjdb_full_13586_rs_2_n0,KTFPPTEPK_HLA-A*03:01,tcr10539,0
vdjdb_full_13710,TPRVTGGGAM_HLA-B*07:02,tcr8834,1
vdjdb_full_13710_rs_2_n0,TPRVTGGGAM_HLA-B*07:02,tcr7753,0
vdjdb_full_15532,SLFNTVATLY_HLA-A*02:01,tcr14972,1
vdjdb_full_15532_rs_2_n0,SLFNTVATLY_HLA-A*02:01,tcr11965,0
vdjdb_full_16635,QYIKWPWYI_HLA-A*24:02,tcr608,1
vdjdb_full_16635_rs_2_n0,QYIKWPWYI_HLA-A*24:02,tcr10336,0
vdjdb_full_16692,VAANIVLTV_HLA-A*02:01,tcr5094,1
vdjdb_full_16692_rs_2_n0,VAANIVLTV_HLA-A*02:01,tcr3014,0
vdjdb_full_16503,RPPIFIRRL_HLA-B*07:02,tcr2378,1
vdjdb_full_16503_rs_2_n0,RPPIFIRRL_HLA-B*07:02,tcr194,0
vdjdb_full_13169,DATYQRTRALVR_HLA-A*68:01,tcr2672,1
vdjdb_full_13169_rs_2_n0,DATYQRTRALVR_HLA-A*68:01,tcr13131,0
vdjdb_full_17830,TPSVSSSISSL_HLA-B*07:02,tcr9972,1
vdjdb_full_17830_rs_2_n0,TPSVSSSISSL_HLA-B*07:02,tcr532,0
vdjdb_full_13196,DATYQRTRALVR_HLA-A*68:01,tcr15221,1
vdjdb_full_13196_rs_2_n0,DATYQRTRALVR_HLA-A*68:01,tcr6340,0
vdjdb_full_10887,SPRWYFYYL_HLA-B*07:02,tcr10093,1
vdjdb_full_10887_rs_2_n0,SPRWYFYYL_HLA-B*07:02,tcr13589,0
vdjdb_full_17272,YAKWKLCSA_HLA-B*08:01,tcr11398,1
vdjdb_full_17272_rs_2_n0,YAKWKLCSA_HLA-B*08:01,tcr9682,0
vdjdb_full_11537,ATDALMTGF_HLA-A*01:01,tcr1934,1
vdjdb_full_11537_rs_2_n0,ATDALMTGF_HLA-A*01:01,tcr1987,0
vdjdb_full_14959,LLWNGPMAV_HLA-A*02:01,tcr4884,1
vdjdb_full_14959_rs_2_n0,LLWNGPMAV_HLA-A*02:01,tcr8312,0
vdjdb_full_2674,SLLMWITQV_HLA-A*02:01,tcr10744,1
vdjdb_full_2674_rs_2_n0,SLLMWITQV_HLA-A*02:01,tcr11538,0
vdjdb_full_17342,RVAGDSGFAAY_HLA-B*15:01,tcr17585,1
vdjdb_full_17342_rs_2_n0,RVAGDSGFAAY_HLA-B*15:01,tcr17394,0
vdjdb_full_15361,CINGVCWTV_HLA-A*02:01,tcr17341,1
vdjdb_full_15361_rs_2_n0,CINGVCWTV_HLA-A*02:01,tcr2938,0
vdjdb_full_12167,IMDQVPFSV_HLA-A*02:01,tcr6629,1
vdjdb_full_12167_rs_2_n0,IMDQVPFSV_HLA-A*02:01,tcr12276,0
vdjdb_full_11727,ELAGIGILTV_HLA-A*02:01,tcr14052,1
vdjdb_full_11727_rs_2_n0,ELAGIGILTV_HLA-A*02:01,tcr14205,0
vdjdb_full_17357,RPIIRPATL_HLA-B*07:02,tcr8441,1
vdjdb_full_17357_rs_2_n0,RPIIRPATL_HLA-B*07:02,tcr13602,0
vdjdb_full_8242,GILGFVFTL_HLA-A*02:01,tcr87,1
vdjdb_full_8242_rs_2_n0,GILGFVFTL_HLA-A*02:01,tcr6977,0
vdjdb_full_13621,KTFPPTEPK_HLA-A*03:01,tcr13104,1
vdjdb_full_13621_rs_2_n0,KTFPPTEPK_HLA-A*03:01,tcr16455,0
vdjdb_full_15428,CINGVCWTV_HLA-A*02:01,tcr1882,1
vdjdb_full_15428_rs_2_n0,CINGVCWTV_HLA-A*02:01,tcr16841,0
vdjdb_full_17278,YAKWKLCSA_HLA-B*08:01,tcr14295,1
vdjdb_full_17278_rs_2_n0,YAKWKLCSA_HLA-B*08:01,tcr15742,0
vdjdb_full_10613,LTDEMIAQY_HLA-A*01:01,tcr10462,1
vdjdb_full_10613_rs_2_n0,LTDEMIAQY_HLA-A*01:01,tcr17283,0
vdjdb_full_12058,ALAGIGILTV_HLA-A*02:01,tcr8581,1
vdjdb_full_12058_rs_2_n0,ALAGIGILTV_HLA-A*02:01,tcr5041,0
vdjdb_full_16700,VAANIVLTV_HLA-A*02:01,tcr3156,1
vdjdb_full_16700_rs_2_n0,VAANIVLTV_HLA-A*02:01,tcr12823,0
vdjdb_full_16801,RLPGVLPRA_HLA-A*02:01,tcr3660,1
vdjdb_full_16801_rs_2_n0,RLPGVLPRA_HLA-A*02:01,tcr5389,0
vdjdb_full_16833,VLEETSVML_HLA-A*02:01,tcr16487,1
vdjdb_full_16833_rs_2_n0,VLEETSVML_HLA-A*02:01,tcr17681,0
vdjdb_full_15521,SLFNTVATLY_HLA-A*02:01,tcr13293,1
vdjdb_full_15521_rs_2_n0,SLFNTVATLY_HLA-A*02:01,tcr614,0
vdjdb_full_16352,VTDAAHLLI_HLA-A*01:01,tcr5719,1
vdjdb_full_16352_rs_2_n0,VTDAAHLLI_HLA-A*01:01,tcr6638,0
vdjdb_full_16498,RPPIFIRRL_HLA-B*07:02,tcr17581,1
vdjdb_full_16498_rs_2_n0,RPPIFIRRL_HLA-B*07:02,tcr10031,0
vdjdb_full_13793,TPRVTGGGAM_HLA-B*07:02,tcr1293,1
vdjdb_full_13793_rs_2_n0,TPRVTGGGAM_HLA-B*07:02,tcr370,0
vdjdb_full_16337,VTDAAHLLI_HLA-A*01:01,tcr1332,1
vdjdb_full_16337_rs_2_n0,VTDAAHLLI_HLA-A*01:01,tcr3148,0
vdjdb_full_12673,IVTDFSVIK_HLA-A*11:01,tcr12434,1
vdjdb_full_12673_rs_2_n0,IVTDFSVIK_HLA-A*11:01,tcr14050,0
vdjdb_full_9001,LLAGIGTVPI_HLA-A*02:01,tcr12801,1
vdjdb_full_9001_rs_2_n0,LLAGIGTVPI_HLA-A*02:01,tcr15182,0
vdjdb_full_837,KLGGALQAK_HLA-A*03:01,tcr4163,1
vdjdb_full_837_rs_2_n0,KLGGALQAK_HLA-A*03:01,tcr7206,0
vdjdb_full_14655,CTELKLSDY_HLA-A*01:01,tcr2984,1
vdjdb_full_14655_rs_2_n0,CTELKLSDY_HLA-A*01:01,tcr4162,0
vdjdb_full_15459,CINGVCWTV_HLA-A*02:01,tcr11640,1
vdjdb_full_15459_rs_2_n0,CINGVCWTV_HLA-A*02:01,tcr1586,0
vdjdb_full_17364,RPIIRPATL_HLA-B*07:02,tcr9160,1
vdjdb_full_17364_rs_2_n0,RPIIRPATL_HLA-B*07:02,tcr6303,0
vdjdb_full_4083,SLLMWITQV_HLA-A*02:01,tcr16093,1
vdjdb_full_4083_rs_2_n0,SLLMWITQV_HLA-A*02:01,tcr16087,0
vdjdb_full_13295,CLGGLLTMV_HLA-A*02:01,tcr15387,1
vdjdb_full_13295_rs_2_n0,CLGGLLTMV_HLA-A*02:01,tcr5885,0
vdjdb_full_16695,VAANIVLTV_HLA-A*02:01,tcr9637,1
vdjdb_full_16695_rs_2_n0,VAANIVLTV_HLA-A*02:01,tcr11700,0
vdjdb_full_16172,GPRLGVRAT_HLA-B*07:02,tcr17245,1
vdjdb_full_16172_rs_2_n0,GPRLGVRAT_HLA-B*07:02,tcr668,0
vdjdb_full_11168,TTDPSFLGRY_HLA-A*01:01,tcr11778,1
vdjdb_full_11168_rs_2_n0,TTDPSFLGRY_HLA-A*01:01,tcr2929,0
vdjdb_full_14372,RVRAYTYSK_HLA-A*03:01,tcr8014,1
vdjdb_full_14372_rs_2_n0,RVRAYTYSK_HLA-A*03:01,tcr6763,0
vdjdb_full_12097,ALAGIGILTV_HLA-A*02:01,tcr17045,1
vdjdb_full_12097_rs_2_n0,ALAGIGILTV_HLA-A*02:01,tcr8386,0
vdjdb_full_7336,GILGFVFTL_HLA-A*02:01,tcr8121,1
vdjdb_full_7336_rs_2_n0,GILGFVFTL_HLA-A*02:01,tcr9545,0
vdjdb_full_15094,NQKLIANQF_HLA-B*15:01,tcr11130,1
vdjdb_full_15094_rs_2_n0,NQKLIANQF_HLA-B*15:01,tcr17181,0
vdjdb_full_17208,VVTGVLVYL_HLA-A*02:01,tcr7651,1
vdjdb_full_17208_rs_2_n0,VVTGVLVYL_HLA-A*02:01,tcr15748,0
vdjdb_full_16404,EAAGIGILTV_HLA-A*02:01,tcr982,1
vdjdb_full_16404_rs_2_n0,EAAGIGILTV_HLA-A*02:01,tcr5928,0
vdjdb_full_12235,IVTDFSVIK_HLA-A*11:01,tcr6330,1
vdjdb_full_12235_rs_2_n0,IVTDFSVIK_HLA-A*11:01,tcr14926,0
vdjdb_full_16491,RPPIFIRRL_HLA-B*07:02,tcr13930,1
vdjdb_full_16491_rs_2_n0,RPPIFIRRL_HLA-B*07:02,tcr16572,0
vdjdb_full_16289,RPIIRPATL_HLA-B*08:01,tcr16145,1
vdjdb_full_16289_rs_2_n0,RPIIRPATL_HLA-B*08:01,tcr15502,0
vdjdb_full_10517,HPNGYKSLSTL_HLA-B*07:02,tcr16652,1
vdjdb_full_10517_rs_2_n0,HPNGYKSLSTL_HLA-B*07:02,tcr11379,0
vdjdb_full_11794,ELAGIGILTV_HLA-A*02:01,tcr12107,1
vdjdb_full_11794_rs_2_n0,ELAGIGILTV_HLA-A*02:01,tcr11205,0
vdjdb_full_17360,RPIIRPATL_HLA-B*07:02,tcr8466,1
vdjdb_full_17360_rs_2_n0,RPIIRPATL_HLA-B*07:02,tcr4423,0
vdjdb_full_9015,LLAGIGTVPI_HLA-A*02:01,tcr7683,1
vdjdb_full_9015_rs_2_n0,LLAGIGTVPI_HLA-A*02:01,tcr13687,0
vdjdb_full_16243,GIIYIIYKL_HLA-A*02:01,tcr2536,1
vdjdb_full_16243_rs_2_n0,GIIYIIYKL_HLA-A*02:01,tcr4423,0
vdjdb_full_6442,GILGFVFTL_HLA-A*02:01,tcr1900,1
vdjdb_full_6442_rs_2_n0,GILGFVFTL_HLA-A*02:01,tcr7187,0
vdjdb_full_9653,YLQPRTFLL_HLA-A*02:01,tcr3162,1
vdjdb_full_9653_rs_2_n0,YLQPRTFLL_HLA-A*02:01,tcr13651,0
vdjdb_full_12065,ALAGIGILTV_HLA-A*02:01,tcr7293,1
vdjdb_full_12065_rs_2_n0,ALAGIGILTV_HLA-A*02:01,tcr1943,0
vdjdb_full_16412,EAAGIGILTV_HLA-A*02:01,tcr15677,1
vdjdb_full_16412_rs_2_n0,EAAGIGILTV_HLA-A*02:01,tcr16240,0
vdjdb_full_10540,HPNGYKSLSTL_HLA-B*07:02,tcr14585,1
vdjdb_full_10540_rs_2_n0,HPNGYKSLSTL_HLA-B*07:02,tcr6457,0
vdjdb_full_17499,RLITGRLQSL_HLA-A*02:01,tcr14398,1
vdjdb_full_17499_rs_2_n0,RLITGRLQSL_HLA-A*02:01,tcr7410,0
vdjdb_full_16204,GPRLGVRAT_HLA-B*07:02,tcr12603,1
vdjdb_full_16204_rs_2_n0,GPRLGVRAT_HLA-B*07:02,tcr8222,0
vdjdb_full_12108,YLQQNWWTL_HLA-A*02:01,tcr4566,1
vdjdb_full_12108_rs_2_n0,YLQQNWWTL_HLA-A*02:01,tcr4457,0
vdjdb_full_14818,LLWNGPMAV_HLA-A*02:01,tcr4300,1
vdjdb_full_14818_rs_2_n0,LLWNGPMAV_HLA-A*02:01,tcr7207,0
vdjdb_full_10278,RLRAEAQVK_HLA-A*03:01,tcr8005,1
vdjdb_full_10278_rs_2_n0,RLRAEAQVK_HLA-A*03:01,tcr13572,0
vdjdb_full_17029,LLYDANYFL_HLA-A*02:01,tcr12395,1
vdjdb_full_17029_rs_2_n0,LLYDANYFL_HLA-A*02:01,tcr17225,0
vdjdb_full_13409,FLYALALLL_HLA-A*02:01,tcr10128,1
vdjdb_full_13409_rs_2_n0,FLYALALLL_HLA-A*02:01,tcr7293,0
vdjdb_full_15873,KSKRTPMGF_HLA-B*57:01,tcr1820,1
vdjdb_full_15873_rs_2_n0,KSKRTPMGF_HLA-B*57:01,tcr977,0
vdjdb_full_12800,IVTDFSVIK_HLA-A*11:01,tcr8233,1
vdjdb_full_12800_rs_2_n0,IVTDFSVIK_HLA-A*11:01,tcr6817,0
vdjdb_full_13897,AYAQKIFKI_HLA-A*24:02,tcr7973,1
vdjdb_full_13897_rs_2_n0,AYAQKIFKI_HLA-A*24:02,tcr3880,0
vdjdb_full_18078,CYTWNQMNL_HLA-A*24:02,tcr7980,1
vdjdb_full_18078_rs_2_n0,CYTWNQMNL_HLA-A*24:02,tcr9557,0
vdjdb_full_3518,SLLMWITQV_HLA-A*02:01,tcr403,1
vdjdb_full_3518_rs_2_n0,SLLMWITQV_HLA-A*02:01,tcr15947,0
vdjdb_full_12443,IVTDFSVIK_HLA-A*11:01,tcr10636,1
vdjdb_full_12443_rs_2_n0,IVTDFSVIK_HLA-A*11:01,tcr17928,0
vdjdb_full_14715,RPRGEVRFL_HLA-B*07:02,tcr9880,1
vdjdb_full_14715_rs_2_n0,RPRGEVRFL_HLA-B*07:02,tcr12573,0
vdjdb_full_2370,GLCTLVAML_HLA-A*02:01,tcr15582,1
vdjdb_full_2370_rs_2_n0,GLCTLVAML_HLA-A*02:01,tcr1679,0
vdjdb_full_15838,KLWAQCVQL_HLA-A*02:01,tcr9199,1
vdjdb_full_15838_rs_2_n0,KLWAQCVQL_HLA-A*02:01,tcr11911,0
vdjdb_full_16300,RPIIRPATL_HLA-B*08:01,tcr13670,1
vdjdb_full_16300_rs_2_n0,RPIIRPATL_HLA-B*08:01,tcr14775,0
vdjdb_full_11704,ELAGIGILTV_HLA-A*02:01,tcr15847,1
vdjdb_full_11704_rs_2_n0,ELAGIGILTV_HLA-A*02:01,tcr1457,0
vdjdb_full_12179,IVTDFSVIK_HLA-A*11:01,tcr15700,1
vdjdb_full_12179_rs_2_n0,IVTDFSVIK_HLA-A*11:01,tcr17247,0
vdjdb_full_15562,FLRGRAYGL_HLA-B*08:01,tcr143,1
vdjdb_full_15562_rs_2_n0,FLRGRAYGL_HLA-B*08:01,tcr7464,0
vdjdb_full_10506,LLSLFSLWL_HLA-A*02:01,tcr1473,1
vdjdb_full_10506_rs_2_n0,LLSLFSLWL_HLA-A*02:01,tcr14562,0
vdjdb_full_15847,KLWAQCVQL_HLA-A*02:01,tcr2002,1
vdjdb_full_15847_rs_2_n0,KLWAQCVQL_HLA-A*02:01,tcr4144,0
vdjdb_full_16922,RTATKAYNV_HLA-A*02:01,tcr13623,1
vdjdb_full_16922_rs_2_n0,RTATKAYNV_HLA-A*02:01,tcr14600,0
vdjdb_full_13590,KTFPPTEPK_HLA-A*03:01,tcr257,1
vdjdb_full_13590_rs_2_n0,KTFPPTEPK_HLA-A*03:01,tcr15715,0
vdjdb_full_7815,GILGFVFTL_HLA-A*02:01,tcr358,1
vdjdb_full_7815_rs_2_n0,GILGFVFTL_HLA-A*02:01,tcr10386,0
vdjdb_full_12442,IVTDFSVIK_HLA-A*11:01,tcr16958,1
vdjdb_full_12442_rs_2_n0,IVTDFSVIK_HLA-A*11:01,tcr16221,0
vdjdb_full_11482,TTDPSFLGRY_HLA-A*01:01,tcr16060,1
vdjdb_full_11482_rs_2_n0,TTDPSFLGRY_HLA-A*01:01,tcr8628,0
vdjdb_full_15808,ALGIGILTV_HLA-A*02:01,tcr1243,1
vdjdb_full_15808_rs_2_n0,ALGIGILTV_HLA-A*02:01,tcr6032,0
vdjdb_full_17934,YSEHPTFTSQY_HLA-A*01:01,tcr10641,1
vdjdb_full_17934_rs_2_n0,YSEHPTFTSQY_HLA-A*01:01,tcr3459,0
vdjdb_full_11657,ELAGIGILTV_HLA-A*02:01,tcr11505,1
vdjdb_full_11657_rs_2_n0,ELAGIGILTV_HLA-A*02:01,tcr14796,0
vdjdb_full_9,QAKWRLQTL_HLA-B*08:01,tcr3187,1
vdjdb_full_9_rs_2_n0,QAKWRLQTL_HLA-B*08:01,tcr15942,0
vdjdb_full_15513,SLFNTVATLY_HLA-A*02:01,tcr5800,1
vdjdb_full_15513_rs_2_n0,SLFNTVATLY_HLA-A*02:01,tcr16809,0
vdjdb_full_9287,YVLDHLIVV_HLA-A*02:01,tcr16346,1
vdjdb_full_9287_rs_2_n0,YVLDHLIVV_HLA-A*02:01,tcr15890,0
vdjdb_full_2377,GLCTLVAML_HLA-A*02:01,tcr11335,1
vdjdb_full_2377_rs_2_n0,GLCTLVAML_HLA-A*02:01,tcr16669,0
vdjdb_full_16452,RTATKQYNV_HLA-A*02:01,tcr1149,1
vdjdb_full_16452_rs_2_n0,RTATKQYNV_HLA-A*02:01,tcr11887,0
vdjdb_full_8669,NLVPMVATV_HLA-A*02:01,tcr3600,1
vdjdb_full_8669_rs_2_n0,NLVPMVATV_HLA-A*02:01,tcr780,0
vdjdb_full_16000,KLVALGINAV_HLA-A*02:01,tcr12467,1
vdjdb_full_16000_rs_2_n0,KLVALGINAV_HLA-A*02:01,tcr3422,0
vdjdb_full_12140,FTSDYYQLY_HLA-A*01:01,tcr12975,1
vdjdb_full_12140_rs_2_n0,FTSDYYQLY_HLA-A*01:01,tcr8020,0
vdjdb_full_10292,RLRAEAQVK_HLA-A*03:01,tcr3264,1
vdjdb_full_10292_rs_2_n0,RLRAEAQVK_HLA-A*03:01,tcr12517,0
vdjdb_full_13646,KTFPPTEPK_HLA-A*03:01,tcr13625,1
vdjdb_full_13646_rs_2_n0,KTFPPTEPK_HLA-A*03:01,tcr16809,0
vdjdb_full_10009,RLRAEAQVK_HLA-A*03:01,tcr7341,1
vdjdb_full_10009_rs_2_n0,RLRAEAQVK_HLA-A*03:01,tcr920,0
vdjdb_full_15806,ALGIGILTV_HLA-A*02:01,tcr11553,1
vdjdb_full_15806_rs_2_n0,ALGIGILTV_HLA-A*02:01,tcr7532,0
vdjdb_full_10725,SPRWYFYYL_HLA-B*07:02,tcr4003,1
vdjdb_full_10725_rs_2_n0,SPRWYFYYL_HLA-B*07:02,tcr17618,0
vdjdb_full_11350,TTDPSFLGRY_HLA-A*01:01,tcr8253,1
vdjdb_full_11350_rs_2_n0,TTDPSFLGRY_HLA-A*01:01,tcr16913,0
vdjdb_full_17038,LLYDANYFL_HLA-A*02:01,tcr16557,1
vdjdb_full_17038_rs_2_n0,LLYDANYFL_HLA-A*02:01,tcr10291,0
vdjdb_full_16221,GPRLGVRAT_HLA-B*07:02,tcr5404,1
vdjdb_full_16221_rs_2_n0,GPRLGVRAT_HLA-B*07:02,tcr3289,0
vdjdb_full_15907,KSKRTPMGF_HLA-B*57:01,tcr5066,1
vdjdb_full_15907_rs_2_n0,KSKRTPMGF_HLA-B*57:01,tcr5642,0
vdjdb_full_17687,ALWALPHAA_HLA-A*02:01,tcr15928,1
vdjdb_full_17687_rs_2_n0,ALWALPHAA_HLA-A*02:01,tcr6875,0
vdjdb_full_14136,RVRAYTYSK_HLA-A*03:01,tcr2531,1
vdjdb_full_14136_rs_2_n0,RVRAYTYSK_HLA-A*03:01,tcr3854,0
vdjdb_full_14694,CTELKLSDY_HLA-A*01:01,tcr11941,1
vdjdb_full_14694_rs_2_n0,CTELKLSDY_HLA-A*01:01,tcr16679,0
vdjdb_full_16399,EAAGIGILTV_HLA-A*02:01,tcr16562,1
vdjdb_full_16399_rs_2_n0,EAAGIGILTV_HLA-A*02:01,tcr7373,0
vdjdb_full_16246,GIIYIIYKL_HLA-A*02:01,tcr11635,1
vdjdb_full_16246_rs_2_n0,GIIYIIYKL_HLA-A*02:01,tcr14654,0
vdjdb_full_9502,YVLDHLIVV_HLA-A*02:01,tcr17313,1
vdjdb_full_9502_rs_2_n0,YVLDHLIVV_HLA-A*02:01,tcr171,0
vdjdb_full_16173,GPRLGVRAT_HLA-B*07:02,tcr2875,1
vdjdb_full_16173_rs_2_n0,GPRLGVRAT_HLA-B*07:02,tcr4575,0
vdjdb_full_9174,LLAGIGTVPI_HLA-A*02:01,tcr7377,1
vdjdb_full_9174_rs_2_n0,LLAGIGTVPI_HLA-A*02:01,tcr814,0
vdjdb_full_15629,FLRGRAYGL_HLA-B*08:01,tcr2696,1
vdjdb_full_15629_rs_2_n0,FLRGRAYGL_HLA-B*08:01,tcr209,0
vdjdb_full_11576,ATDALMTGF_HLA-A*01:01,tcr5551,1
vdjdb_full_11576_rs_2_n0,ATDALMTGF_HLA-A*01:01,tcr6149,0
vdjdb_full_8342,NLVPMVATV_HLA-A*02:01,tcr12880,1
vdjdb_full_8342_rs_2_n0,NLVPMVATV_HLA-A*02:01,tcr11864,0
vdjdb_full_16021,KLVALGINAV_HLA-A*02:01,tcr5642,1
vdjdb_full_16021_rs_2_n0,KLVALGINAV_HLA-A*02:01,tcr16801,0
vdjdb_full_8246,GILGFVFTL_HLA-A*02:01,tcr16656,1
vdjdb_full_8246_rs_2_n0,GILGFVFTL_HLA-A*02:01,tcr136,0
vdjdb_full_10530,HPNGYKSLSTL_HLA-B*07:02,tcr817,1
vdjdb_full_10530_rs_2_n0,HPNGYKSLSTL_HLA-B*07:02,tcr932,0
vdjdb_full_14342,RVRAYTYSK_HLA-A*03:01,tcr1387,1
vdjdb_full_14342_rs_2_n0,RVRAYTYSK_HLA-A*03:01,tcr14353,0
vdjdb_full_10359,RLRAEAQVK_HLA-A*03:01,tcr16693,1
vdjdb_full_10359_rs_2_n0,RLRAEAQVK_HLA-A*03:01,tcr18152,0
vdjdb_full_14844,LLWNGPMAV_HLA-A*02:01,tcr3867,1
vdjdb_full_14844_rs_2_n0,LLWNGPMAV_HLA-A*02:01,tcr7803,0
vdjdb_full_8680,NLVPMVATV_HLA-A*02:01,tcr18403,1
vdjdb_full_8680_rs_2_n0,NLVPMVATV_HLA-A*02:01,tcr11528,0
vdjdb_full_14699,CTELKLSDY_HLA-A*01:01,tcr5570,1
vdjdb_full_14699_rs_2_n0,CTELKLSDY_HLA-A*01:01,tcr13863,0
vdjdb_full_12176,IMDQVPFSV_HLA-A*02:01,tcr14756,1
vdjdb_full_12176_rs_2_n0,IMDQVPFSV_HLA-A*02:01,tcr16185,0
vdjdb_full_13647,KTFPPTEPK_HLA-A*03:01,tcr13706,1
vdjdb_full_13647_rs_2_n0,KTFPPTEPK_HLA-A*03:01,tcr3217,0
vdjdb_full_11575,ATDALMTGF_HLA-A*01:01,tcr13448,1
vdjdb_full_11575_rs_2_n0,ATDALMTGF_HLA-A*01:01,tcr11046,0
vdjdb_full_15955,KSKRTPMGF_HLA-B*57:01,tcr5961,1
vdjdb_full_15955_rs_2_n0,KSKRTPMGF_HLA-B*57:01,tcr4024,0
vdjdb_full_13230,DATYQRTRALVR_HLA-A*68:01,tcr10391,1
vdjdb_full_13230_rs_2_n0,DATYQRTRALVR_HLA-A*68:01,tcr746,0
vdjdb_full_14824,LLWNGPMAV_HLA-A*02:01,tcr9889,1
vdjdb_full_14824_rs_2_n0,LLWNGPMAV_HLA-A*02:01,tcr7274,0
vdjdb_full_17501,RLITGRLQSL_HLA-A*02:01,tcr8671,1
vdjdb_full_17501_rs_2_n0,RLITGRLQSL_HLA-A*02:01,tcr8264,0
vdjdb_full_17937,YSEHPTFTSQY_HLA-A*01:01,tcr13711,1
vdjdb_full_17937_rs_2_n0,YSEHPTFTSQY_HLA-A*01:01,tcr8597,0
vdjdb_full_6418,GILGFVFTL_HLA-A*02:01,tcr14644,1
vdjdb_full_6418_rs_2_n0,GILGFVFTL_HLA-A*02:01,tcr8745,0
vdjdb_full_16761,YLLEMLWRL_HLA-A*02:01,tcr12005,1
vdjdb_full_16761_rs_2_n0,YLLEMLWRL_HLA-A*02:01,tcr16763,0
vdjdb_full_11875,ELAGIGILTV_HLA-A*02:01,tcr3835,1
vdjdb_full_11875_rs_2_n0,ELAGIGILTV_HLA-A*02:01,tcr17278,0
vdjdb_full_8435,NLVPMVATV_HLA-A*02:01,tcr11271,1
vdjdb_full_8435_rs_2_n0,NLVPMVATV_HLA-A*02:01,tcr11119,0
vdjdb_full_15869,KSKRTPMGF_HLA-B*57:01,tcr10464,1
vdjdb_full_15869_rs_2_n0,KSKRTPMGF_HLA-B*57:01,tcr5083,0
vdjdb_full_15785,RTLNAWVKV_HLA-A*02:01,tcr5125,1
vdjdb_full_15785_rs_2_n0,RTLNAWVKV_HLA-A*02:01,tcr2249,0
vdjdb_full_9385,YVLDHLIVV_HLA-A*02:01,tcr8700,1
vdjdb_full_9385_rs_2_n0,YVLDHLIVV_HLA-A*02:01,tcr13464,0
vdjdb_full_16286,RPIIRPATL_HLA-B*08:01,tcr12454,1
vdjdb_full_16286_rs_2_n0,RPIIRPATL_HLA-B*08:01,tcr14065,0
vdjdb_full_3573,SLLMWITQV_HLA-A*02:01,tcr9958,1
vdjdb_full_3573_rs_2_n0,SLLMWITQV_HLA-A*02:01,tcr17247,0
vdjdb_full_21,QAKWRLQTL_HLA-B*08:01,tcr18352,1
vdjdb_full_21_rs_2_n0,QAKWRLQTL_HLA-B*08:01,tcr8671,0
vdjdb_full_9935,YLQPRTFLL_HLA-A*02:01,tcr10381,1
vdjdb_full_9935_rs_2_n0,YLQPRTFLL_HLA-A*02:01,tcr14756,0
vdjdb_full_17681,ALWALPHAA_HLA-A*02:01,tcr2190,1
vdjdb_full_17681_rs_2_n0,ALWALPHAA_HLA-A*02:01,tcr2753,0
vdjdb_full_11109,TTDPSFLGRY_HLA-A*01:01,tcr6947,1
vdjdb_full_11109_rs_2_n0,TTDPSFLGRY_HLA-A*01:01,tcr8411,0
vdjdb_full_15118,NQKLIANQF_HLA-B*15:01,tcr5179,1
vdjdb_full_15118_rs_2_n0,NQKLIANQF_HLA-B*15:01,tcr15724,0
vdjdb_full_17670,ALWALPHAA_HLA-A*02:01,tcr16201,1
vdjdb_full_17670_rs_2_n0,ALWALPHAA_HLA-A*02:01,tcr16005,0
vdjdb_full_15953,KSKRTPMGF_HLA-B*57:01,tcr14804,1
vdjdb_full_15953_rs_2_n0,KSKRTPMGF_HLA-B*57:01,tcr5520,0
vdjdb_full_3727,SLLMWITQV_HLA-A*02:01,tcr17643,1
vdjdb_full_3727_rs_2_n0,SLLMWITQV_HLA-A*02:01,tcr6705,0
vdjdb_full_16717,YLLEMLWRL_HLA-A*02:01,tcr5545,1
vdjdb_full_16717_rs_2_n0,YLLEMLWRL_HLA-A*02:01,tcr17256,0
vdjdb_full_16923,RTATKAYNV_HLA-A*02:01,tcr5827,1
vdjdb_full_16923_rs_2_n0,RTATKAYNV_HLA-A*02:01,tcr397,0
vdjdb_full_12062,ALAGIGILTV_HLA-A*02:01,tcr2042,1
vdjdb_full_12062_rs_2_n0,ALAGIGILTV_HLA-A*02:01,tcr1362,0
vdjdb_full_12026,ELAGIGILTV_HLA-A*02:01,tcr702,1
vdjdb_full_12026_rs_2_n0,ELAGIGILTV_HLA-A*02:01,tcr8931,0
vdjdb_full_13369,LPRWYFYYL_HLA-B*07:02,tcr12480,1
vdjdb_full_13369_rs_2_n0,LPRWYFYYL_HLA-B*07:02,tcr2938,0
vdjdb_full_9907,YLQPRTFLL_HLA-A*02:01,tcr16269,1
vdjdb_full_9907_rs_2_n0,YLQPRTFLL_HLA-A*02:01,tcr5814,0
vdjdb_full_16834,VLEETSVML_HLA-A*02:01,tcr7044,1
vdjdb_full_16834_rs_2_n0,VLEETSVML_HLA-A*02:01,tcr7261,0
vdjdb_full_13703,TPRVTGGGAM_HLA-B*07:02,tcr6565,1
vdjdb_full_13703_rs_2_n0,TPRVTGGGAM_HLA-B*07:02,tcr5984,0
vdjdb_full_15803,ALGIGILTV_HLA-A*02:01,tcr3431,1
vdjdb_full_15803_rs_2_n0,ALGIGILTV_HLA-A*02:01,tcr16102,0
vdjdb_full_2248,GLCTLVAML_HLA-A*02:01,tcr13147,1
vdjdb_full_2248_rs_2_n0,GLCTLVAML_HLA-A*02:01,tcr11640,0
vdjdb_full_9749,YLQPRTFLL_HLA-A*02:01,tcr13340,1
vdjdb_full_9749_rs_2_n0,YLQPRTFLL_HLA-A*02:01,tcr10149,0
vdjdb_full_13554,LLFGYPVYV_HLA-A*02:01,tcr4671,1
vdjdb_full_13554_rs_2_n0,LLFGYPVYV_HLA-A*02:01,tcr11239,0
vdjdb_full_14825,LLWNGPMAV_HLA-A*02:01,tcr5722,1
vdjdb_full_14825_rs_2_n0,LLWNGPMAV_HLA-A*02:01,tcr5635,0
vdjdb_full_931,KLGGALQAK_HLA-A*03:01,tcr11591,1
vdjdb_full_931_rs_2_n0,KLGGALQAK_HLA-A*03:01,tcr16185,0
vdjdb_full_15164,ALWEIQQVV_HLA-A*02:01,tcr16686,1
vdjdb_full_15164_rs_2_n0,ALWEIQQVV_HLA-A*02:01,tcr6264,0
vdjdb_full_12154,FTSDYYQLY_HLA-A*01:01,tcr8571,1
vdjdb_full_12154_rs_2_n0,FTSDYYQLY_HLA-A*01:01,tcr6780,0
vdjdb_full_11203,TTDPSFLGRY_HLA-A*01:01,tcr9087,1
vdjdb_full_11203_rs_2_n0,TTDPSFLGRY_HLA-A*01:01,tcr16927,0
vdjdb_full_9469,YVLDHLIVV_HLA-A*02:01,tcr9344,1
vdjdb_full_9469_rs_2_n0,YVLDHLIVV_HLA-A*02:01,tcr7086,0
vdjdb_full_13612,KTFPPTEPK_HLA-A*03:01,tcr10616,1
vdjdb_full_13612_rs_2_n0,KTFPPTEPK_HLA-A*03:01,tcr4042,0
vdjdb_full_9611,YLQPRTFLL_HLA-A*02:01,tcr17614,1
vdjdb_full_9611_rs_2_n0,YLQPRTFLL_HLA-A*02:01,tcr3689,0
vdjdb_full_17867,RLLPLLALL_HLA-A*02:01,tcr14450,1
vdjdb_full_17867_rs_2_n0,RLLPLLALL_HLA-A*02:01,tcr14257,0
vdjdb_full_8754,LLAGIGTVPI_HLA-A*02:01,tcr8067,1
vdjdb_full_8754_rs_2_n0,LLAGIGTVPI_HLA-A*02:01,tcr17458,0
vdjdb_full_13658,KTFPPTEPK_HLA-A*03:01,tcr10666,1
vdjdb_full_13658_rs_2_n0,KTFPPTEPK_HLA-A*03:01,tcr18152,0
vdjdb_full_13594,KTFPPTEPK_HLA-A*03:01,tcr12191,1
vdjdb_full_13594_rs_2_n0,KTFPPTEPK_HLA-A*03:01,tcr14512,0
vdjdb_full_13543,LLFGYPVYV_HLA-A*02:01,tcr5052,1
vdjdb_full_13543_rs_2_n0,LLFGYPVYV_HLA-A*02:01,tcr8527,0
vdjdb_full_4305,SLLMWITQV_HLA-A*02:01,tcr3181,1
vdjdb_full_4305_rs_2_n0,SLLMWITQV_HLA-A*02:01,tcr13395,0
vdjdb_full_12480,IVTDFSVIK_HLA-A*11:01,tcr8759,1
vdjdb_full_12480_rs_2_n0,IVTDFSVIK_HLA-A*11:01,tcr429,0
vdjdb_full_17462,LTSLTILQLY_HLA-A*01:01,tcr3342,1
vdjdb_full_17462_rs_2_n0,LTSLTILQLY_HLA-A*01:01,tcr8534,0
vdjdb_full_16405,EAAGIGILTV_HLA-A*02:01,tcr3441,1
vdjdb_full_16405_rs_2_n0,EAAGIGILTV_HLA-A*02:01,tcr15360,0
vdjdb_full_15872,KSKRTPMGF_HLA-B*57:01,tcr4181,1
vdjdb_full_15872_rs_2_n0,KSKRTPMGF_HLA-B*57:01,tcr7856,0
vdjdb_full_15314,CINGVCWTV_HLA-A*02:01,tcr4457,1
vdjdb_full_15314_rs_2_n0,CINGVCWTV_HLA-A*02:01,tcr11014,0
vdjdb_full_14922,LLWNGPMAV_HLA-A*02:01,tcr13602,1
vdjdb_full_14922_rs_2_n0,LLWNGPMAV_HLA-A*02:01,tcr9329,0
vdjdb_full_12087,ALAGIGILTV_HLA-A*02:01,tcr11781,1
vdjdb_full_12087_rs_2_n0,ALAGIGILTV_HLA-A*02:01,tcr9503,0
vdjdb_full_9148,LLAGIGTVPI_HLA-A*02:01,tcr909,1
vdjdb_full_9148_rs_2_n0,LLAGIGTVPI_HLA-A*02:01,tcr13617,0
vdjdb_full_15453,CINGVCWTV_HLA-A*02:01,tcr16261,1
vdjdb_full_15453_rs_2_n0,CINGVCWTV_HLA-A*02:01,tcr13982,0
vdjdb_full_15507,CINGVCWTV_HLA-A*02:01,tcr12616,1
vdjdb_full_15507_rs_2_n0,CINGVCWTV_HLA-A*02:01,tcr11104,0
vdjdb_full_15073,NQKLIANQF_HLA-B*15:01,tcr2548,1
vdjdb_full_15073_rs_2_n0,NQKLIANQF_HLA-B*15:01,tcr8817,0
vdjdb_full_17055,LLYDANYFL_HLA-A*02:01,tcr14070,1
vdjdb_full_17055_rs_2_n0,LLYDANYFL_HLA-A*02:01,tcr1772,0
vdjdb_full_13857,TPRVTGGGAM_HLA-B*07:02,tcr1520,1
vdjdb_full_13857_rs_2_n0,TPRVTGGGAM_HLA-B*07:02,tcr9775,0
vdjdb_full_13957,RVRAYTYSK_HLA-A*03:01,tcr14564,1
vdjdb_full_13957_rs_2_n0,RVRAYTYSK_HLA-A*03:01,tcr6519,0
vdjdb_full_16196,GPRLGVRAT_HLA-B*07:02,tcr17910,1
vdjdb_full_16196_rs_2_n0,GPRLGVRAT_HLA-B*07:02,tcr7448,0
vdjdb_full_13172,DATYQRTRALVR_HLA-A*68:01,tcr12234,1
vdjdb_full_13172_rs_2_n0,DATYQRTRALVR_HLA-A*68:01,tcr16798,0
vdjdb_full_13273,CLGGLLTMV_HLA-A*02:01,tcr4101,1
vdjdb_full_13273_rs_2_n0,CLGGLLTMV_HLA-A*02:01,tcr16201,0
vdjdb_full_14789,LLFNILGGWV_HLA-A*02:01,tcr17909,1
vdjdb_full_14789_rs_2_n0,LLFNILGGWV_HLA-A*02:01,tcr13104,0
vdjdb_full_15142,NQKLIANQF_HLA-B*15:01,tcr16899,1
vdjdb_full_15142_rs_2_n0,NQKLIANQF_HLA-B*15:01,tcr1462,0
vdjdb_full_18200,GQAQGIGSSVY_HLA-B*15:01,tcr3880,1
vdjdb_full_18200_rs_2_n0,GQAQGIGSSVY_HLA-B*15:01,tcr13868,0
vdjdb_full_13704,TPRVTGGGAM_HLA-B*07:02,tcr622,1
vdjdb_full_13704_rs_2_n0,TPRVTGGGAM_HLA-B*07:02,tcr3188,0
vdjdb_full_7072,GILGFVFTL_HLA-A*02:01,tcr3894,1
vdjdb_full_7072_rs_2_n0,GILGFVFTL_HLA-A*02:01,tcr1462,0
vdjdb_full_2983,SLLMWITQV_HLA-A*02:01,tcr13218,1
vdjdb_full_2983_rs_2_n0,SLLMWITQV_HLA-A*02:01,tcr6055,0
vdjdb_full_16973,NYNYLYRLF_HLA-A*24:02,tcr14138,1
vdjdb_full_16973_rs_2_n0,NYNYLYRLF_HLA-A*24:02,tcr17259,0
vdjdb_full_15224,RPHERNGFTVL_HLA-B*07:02,tcr17776,1
vdjdb_full_15224_rs_2_n0,RPHERNGFTVL_HLA-B*07:02,tcr3707,0
vdjdb_full_14380,RVRAYTYSK_HLA-A*03:01,tcr10802,1
vdjdb_full_14380_rs_2_n0,RVRAYTYSK_HLA-A*03:01,tcr16812,0
vdjdb_full_11217,TTDPSFLGRY_HLA-A*01:01,tcr10183,1
vdjdb_full_11217_rs_2_n0,TTDPSFLGRY_HLA-A*01:01,tcr1372,0
vdjdb_full_14867,LLWNGPMAV_HLA-A*02:01,tcr10040,1
vdjdb_full_14867_rs_2_n0,LLWNGPMAV_HLA-A*02:01,tcr3289,0
vdjdb_full_16737,YLLEMLWRL_HLA-A*02:01,tcr7885,1
vdjdb_full_16737_rs_2_n0,YLLEMLWRL_HLA-A*02:01,tcr235,0
vdjdb_full_9101,LLAGIGTVPI_HLA-A*02:01,tcr16540,1
vdjdb_full_9101_rs_2_n0,LLAGIGTVPI_HLA-A*02:01,tcr15907,0
vdjdb_full_15002,LLWNGPMAV_HLA-A*02:01,tcr11163,1
vdjdb_full_15002_rs_2_n0,LLWNGPMAV_HLA-A*02:01,tcr17142,0
vdjdb_full_15789,RTLNAWVKV_HLA-A*02:01,tcr17306,1
vdjdb_full_15789_rs_2_n0,RTLNAWVKV_HLA-A*02:01,tcr16885,0
vdjdb_full_10698,SPRWYFYYL_HLA-B*07:02,tcr353,1
vdjdb_full_10698_rs_2_n0,SPRWYFYYL_HLA-B*07:02,tcr9538,0
vdjdb_full_15776,RTLNAWVKV_HLA-A*02:01,tcr6455,1
vdjdb_full_15776_rs_2_n0,RTLNAWVKV_HLA-A*02:01,tcr4609,0
vdjdb_full_17177,ALSKGVHFV_HLA-A*02:01,tcr10311,1
vdjdb_full_17177_rs_2_n0,ALSKGVHFV_HLA-A*02:01,tcr15218,0
vdjdb_full_10596,LTDEMIAQY_HLA-A*01:01,tcr3080,1
vdjdb_full_10596_rs_2_n0,LTDEMIAQY_HLA-A*01:01,tcr7508,0
vdjdb_full_9336,YVLDHLIVV_HLA-A*02:01,tcr6703,1
vdjdb_full_9336_rs_2_n0,YVLDHLIVV_HLA-A*02:01,tcr13240,0
vdjdb_full_17717,TLWCSPIKV_HLA-A*02:01,tcr7225,1
vdjdb_full_17717_rs_2_n0,TLWCSPIKV_HLA-A*02:01,tcr13581,0
vdjdb_full_12394,IVTDFSVIK_HLA-A*11:01,tcr13669,1
vdjdb_full_12394_rs_2_n0,IVTDFSVIK_HLA-A*11:01,tcr18221,0
vdjdb_full_15932,KSKRTPMGF_HLA-B*57:01,tcr16820,1
vdjdb_full_15932_rs_2_n0,KSKRTPMGF_HLA-B*57:01,tcr5642,0
vdjdb_full_13360,RMFPNAPYL_HLA-A*02:01,tcr10972,1
vdjdb_full_13360_rs_2_n0,RMFPNAPYL_HLA-A*02:01,tcr13404,0
vdjdb_full_16955,NYNYLYRLF_HLA-A*24:02,tcr8251,1
vdjdb_full_16955_rs_2_n0,NYNYLYRLF_HLA-A*24:02,tcr1574,0
vdjdb_full_16962,NYNYLYRLF_HLA-A*24:02,tcr11767,1
vdjdb_full_16962_rs_2_n0,NYNYLYRLF_HLA-A*24:02,tcr9523,0
vdjdb_full_16672,VMNILLQYV_HLA-A*02:01,tcr5687,1
vdjdb_full_16672_rs_2_n0,VMNILLQYV_HLA-A*02:01,tcr8834,0
vdjdb_full_9184,YVLDHLIVV_HLA-A*02:01,tcr18068,1
vdjdb_full_9184_rs_2_n0,YVLDHLIVV_HLA-A*02:01,tcr12486,0
vdjdb_full_9672,YLQPRTFLL_HLA-A*02:01,tcr12859,1
vdjdb_full_9672_rs_2_n0,YLQPRTFLL_HLA-A*02:01,tcr5021,0
vdjdb_full_16862,MEVTPSGTWL_HLA-B*40:01,tcr1302,1
vdjdb_full_16862_rs_2_n0,MEVTPSGTWL_HLA-B*40:01,tcr2327,0
vdjdb_full_12146,FTSDYYQLY_HLA-A*01:01,tcr17438,1
vdjdb_full_12146_rs_2_n0,FTSDYYQLY_HLA-A*01:01,tcr14381,0
vdjdb_full_13567,KTFPPTEPK_HLA-A*03:01,tcr15656,1
vdjdb_full_13567_rs_2_n0,KTFPPTEPK_HLA-A*03:01,tcr4850,0
vdjdb_full_16600,WPVTLACFV_HLA-B*07:02,tcr18241,1
vdjdb_full_16600_rs_2_n0,WPVTLACFV_HLA-B*07:02,tcr6763,0
vdjdb_full_16726,YLLEMLWRL_HLA-A*02:01,tcr961,1
vdjdb_full_16726_rs_2_n0,YLLEMLWRL_HLA-A*02:01,tcr8313,0
vdjdb_full_15246,RPHERNGFTVL_HLA-B*07:02,tcr1805,1
vdjdb_full_15246_rs_2_n0,RPHERNGFTVL_HLA-B*07:02,tcr5108,0
vdjdb_full_15181,ALWEIQQVV_HLA-A*02:01,tcr11099,1
vdjdb_full_15181_rs_2_n0,ALWEIQQVV_HLA-A*02:01,tcr16944,0
vdjdb_full_10575,LTDEMIAQY_HLA-A*01:01,tcr4349,1
vdjdb_full_10575_rs_2_n0,LTDEMIAQY_HLA-A*01:01,tcr2723,0
vdjdb_full_9326,YVLDHLIVV_HLA-A*02:01,tcr12185,1
vdjdb_full_9326_rs_2_n0,YVLDHLIVV_HLA-A*02:01,tcr4459,0
vdjdb_full_1234,KLGGALQAK_HLA-A*03:01,tcr3201,1
vdjdb_full_1234_rs_2_n0,KLGGALQAK_HLA-A*03:01,tcr8843,0
vdjdb_full_14834,LLWNGPMAV_HLA-A*02:01,tcr10525,1
vdjdb_full_14834_rs_2_n0,LLWNGPMAV_HLA-A*02:01,tcr8914,0
vdjdb_full_13754,TPRVTGGGAM_HLA-B*07:02,tcr16823,1
vdjdb_full_13754_rs_2_n0,TPRVTGGGAM_HLA-B*07:02,tcr9576,0
vdjdb_full_8898,LLAGIGTVPI_HLA-A*02:01,tcr12572,1
vdjdb_full_8898_rs_2_n0,LLAGIGTVPI_HLA-A*02:01,tcr12743,0
vdjdb_full_6661,GILGFVFTL_HLA-A*02:01,tcr10798,1
vdjdb_full_6661_rs_2_n0,GILGFVFTL_HLA-A*02:01,tcr14586,0
vdjdb_full_9619,YLQPRTFLL_HLA-A*02:01,tcr3695,1
vdjdb_full_9619_rs_2_n0,YLQPRTFLL_HLA-A*02:01,tcr5039,0
vdjdb_full_15177,ALWEIQQVV_HLA-A*02:01,tcr17959,1
vdjdb_full_15177_rs_2_n0,ALWEIQQVV_HLA-A*02:01,tcr2599,0
vdjdb_full_13254,HPVGEADYFEY_HLA-B*35:01,tcr12233,1
vdjdb_full_13254_rs_2_n0,HPVGEADYFEY_HLA-B*35:01,tcr8402,0
vdjdb_full_16420,RTATKQYNV_HLA-A*02:01,tcr15461,1
vdjdb_full_16420_rs_2_n0,RTATKQYNV_HLA-A*02:01,tcr16268,0
vdjdb_full_14670,CTELKLSDY_HLA-A*01:01,tcr1830,1
vdjdb_full_14670_rs_2_n0,CTELKLSDY_HLA-A*01:01,tcr12717,0
vdjdb_full_17857,RLLPLLALL_HLA-A*02:01,tcr5511,1
vdjdb_full_17857_rs_2_n0,RLLPLLALL_HLA-A*02:01,tcr12393,0
vdjdb_full_17322,RVAGDSGFAAY_HLA-B*15:01,tcr4296,1
vdjdb_full_17322_rs_2_n0,RVAGDSGFAAY_HLA-B*15:01,tcr6469,0
vdjdb_full_15196,RPHERNGFTVL_HLA-B*07:02,tcr1760,1
vdjdb_full_15196_rs_2_n0,RPHERNGFTVL_HLA-B*07:02,tcr2751,0
vdjdb_full_17829,TPSVSSSISSL_HLA-B*07:02,tcr12263,1
vdjdb_full_17829_rs_2_n0,TPSVSSSISSL_HLA-B*07:02,tcr1824,0
vdjdb_full_11064,FLASKIGRLV_HLA-A*02:01,tcr17483,1
vdjdb_full_11064_rs_2_n0,FLASKIGRLV_HLA-A*02:01,tcr2424,0
vdjdb_full_13167,DATYQRTRALVR_HLA-A*68:01,tcr1866,1
vdjdb_full_13167_rs_2_n0,DATYQRTRALVR_HLA-A*68:01,tcr17551,0
vdjdb_full_9976,RLRAEAQVK_HLA-A*03:01,tcr17506,1
vdjdb_full_9976_rs_2_n0,RLRAEAQVK_HLA-A*03:01,tcr15515,0
vdjdb_full_17964,EPLPQGQLTAY_HLA-B*35:01,tcr479,1
vdjdb_full_17964_rs_2_n0,EPLPQGQLTAY_HLA-B*35:01,tcr4978,0
vdjdb_full_16841,VLEETSVML_HLA-A*02:01,tcr10507,1
vdjdb_full_16841_rs_2_n0,VLEETSVML_HLA-A*02:01,tcr6534,0
vdjdb_full_13874,TPRVTGGGAM_HLA-B*07:02,tcr7445,1
vdjdb_full_13874_rs_2_n0,TPRVTGGGAM_HLA-B*07:02,tcr12798,0
vdjdb_full_11720,ELAGIGILTV_HLA-A*02:01,tcr15815,1
vdjdb_full_11720_rs_2_n0,ELAGIGILTV_HLA-A*02:01,tcr182,0
vdjdb_full_15746,STNVGSNTY_HLA-A*01:01,tcr8910,1
vdjdb_full_15746_rs_2_n0,STNVGSNTY_HLA-A*01:01,tcr16504,0
vdjdb_full_14739,RAQAPPPSW_HLA-B*57:01,tcr10774,1
vdjdb_full_14739_rs_2_n0,RAQAPPPSW_HLA-B*57:01,tcr5148,0
vdjdb_full_7963,GILGFVFTL_HLA-A*02:01,tcr5979,1
vdjdb_full_7963_rs_2_n0,GILGFVFTL_HLA-A*02:01,tcr12807,0
vdjdb_full_11035,SPRWYFYYL_HLA-B*07:02,tcr17555,1
vdjdb_full_11035_rs_2_n0,SPRWYFYYL_HLA-B*07:02,tcr16158,0
vdjdb_full_17531,RLWGTWVKA_HLA-A*02:01,tcr16669,1
vdjdb_full_17531_rs_2_n0,RLWGTWVKA_HLA-A*02:01,tcr13982,0
vdjdb_full_14659,CTELKLSDY_HLA-A*01:01,tcr14490,1
vdjdb_full_14659_rs_2_n0,CTELKLSDY_HLA-A*01:01,tcr13919,0
vdjdb_full_13290,CLGGLLTMV_HLA-A*02:01,tcr14818,1
vdjdb_full_13290_rs_2_n0,CLGGLLTMV_HLA-A*02:01,tcr2761,0
vdjdb_full_14873,LLWNGPMAV_HLA-A*02:01,tcr12617,1
vdjdb_full_14873_rs_2_n0,LLWNGPMAV_HLA-A*02:01,tcr1828,0
vdjdb_full_14617,CTELKLSDY_HLA-A*01:01,tcr6449,1
vdjdb_full_14617_rs_2_n0,CTELKLSDY_HLA-A*01:01,tcr13395,0
vdjdb_full_14698,CTELKLSDY_HLA-A*01:01,tcr12594,1
vdjdb_full_14698_rs_2_n0,CTELKLSDY_HLA-A*01:01,tcr12278,0
vdjdb_full_16426,RTATKQYNV_HLA-A*02:01,tcr11034,1
vdjdb_full_16426_rs_2_n0,RTATKQYNV_HLA-A*02:01,tcr7116,0
vdjdb_full_14654,CTELKLSDY_HLA-A*01:01,tcr2159,1
vdjdb_full_14654_rs_2_n0,CTELKLSDY_HLA-A*01:01,tcr11980,0
vdjdb_full_12218,IVTDFSVIK_HLA-A*11:01,tcr5241,1
vdjdb_full_12218_rs_2_n0,IVTDFSVIK_HLA-A*11:01,tcr6734,0
vdjdb_full_15994,KLVALGINAV_HLA-A*02:01,tcr10219,1
vdjdb_full_15994_rs_2_n0,KLVALGINAV_HLA-A*02:01,tcr16014,0
vdjdb_full_16556,RLGPVQNEV_HLA-A*02:01,tcr12579,1
vdjdb_full_16556_rs_2_n0,RLGPVQNEV_HLA-A*02:01,tcr5349,0
vdjdb_full_12674,IVTDFSVIK_HLA-A*11:01,tcr4036,1
vdjdb_full_12674_rs_2_n0,IVTDFSVIK_HLA-A*11:01,tcr911,0
vdjdb_full_2638,SLLMWITQV_HLA-A*02:01,tcr12581,1
vdjdb_full_2638_rs_2_n0,SLLMWITQV_HLA-A*02:01,tcr11927,0
vdjdb_full_8536,NLVPMVATV_HLA-A*02:01,tcr6766,1
vdjdb_full_8536_rs_2_n0,NLVPMVATV_HLA-A*02:01,tcr12383,0
vdjdb_full_10521,HPNGYKSLSTL_HLA-B*07:02,tcr1266,1
vdjdb_full_10521_rs_2_n0,HPNGYKSLSTL_HLA-B*07:02,tcr8617,0
vdjdb_full_11757,ELAGIGILTV_HLA-A*02:01,tcr9975,1
vdjdb_full_11757_rs_2_n0,ELAGIGILTV_HLA-A*02:01,tcr14524,0
vdjdb_full_16613,QYIKWPWYI_HLA-A*24:02,tcr7043,1
vdjdb_full_16613_rs_2_n0,QYIKWPWYI_HLA-A*24:02,tcr8375,0
vdjdb_full_5827,AVFDRKSDAK_HLA-A*11:01,tcr9281,1
vdjdb_full_5827_rs_2_n0,AVFDRKSDAK_HLA-A*11:01,tcr14440,0
vdjdb_full_11618,ATDALMTGF_HLA-A*01:01,tcr9863,1
vdjdb_full_11618_rs_2_n0,ATDALMTGF_HLA-A*01:01,tcr14033,0
vdjdb_full_220,KLGGALQAK_HLA-A*03:01,tcr14981,1
vdjdb_full_220_rs_2_n0,KLGGALQAK_HLA-A*03:01,tcr14205,0
vdjdb_full_8320,LLDFVRFMGV_HLA-A*02:01,tcr17944,1
vdjdb_full_8320_rs_2_n0,LLDFVRFMGV_HLA-A*02:01,tcr15387,0
vdjdb_full_15769,RTLNAWVKV_HLA-A*02:01,tcr9055,1
vdjdb_full_15769_rs_2_n0,RTLNAWVKV_HLA-A*02:01,tcr14874,0
vdjdb_full_11550,ATDALMTGF_HLA-A*01:01,tcr3675,1
vdjdb_full_11550_rs_2_n0,ATDALMTGF_HLA-A*01:01,tcr11215,0
vdjdb_full_10584,LTDEMIAQY_HLA-A*01:01,tcr11980,1
vdjdb_full_10584_rs_2_n0,LTDEMIAQY_HLA-A*01:01,tcr646,0
vdjdb_full_15657,FLRGRAYGL_HLA-B*08:01,tcr14229,1
vdjdb_full_15657_rs_2_n0,FLRGRAYGL_HLA-B*08:01,tcr17033,0
vdjdb_full_13589,KTFPPTEPK_HLA-A*03:01,tcr17476,1
vdjdb_full_13589_rs_2_n0,KTFPPTEPK_HLA-A*03:01,tcr11440,0
vdjdb_full_7580,GILGFVFTL_HLA-A*02:01,tcr7215,1
vdjdb_full_7580_rs_2_n0,GILGFVFTL_HLA-A*02:01,tcr11046,0
vdjdb_full_16540,RLGPVQNEV_HLA-A*02:01,tcr1032,1
vdjdb_full_16540_rs_2_n0,RLGPVQNEV_HLA-A*02:01,tcr2550,0
vdjdb_full_11671,ELAGIGILTV_HLA-A*02:01,tcr13471,1
vdjdb_full_11671_rs_2_n0,ELAGIGILTV_HLA-A*02:01,tcr2730,0
vdjdb_full_10268,RLRAEAQVK_HLA-A*03:01,tcr8375,1
vdjdb_full_10268_rs_2_n0,RLRAEAQVK_HLA-A*03:01,tcr11401,0
vdjdb_full_6249,AVFDRKSDAK_HLA-A*11:01,tcr9177,1
vdjdb_full_6249_rs_2_n0,AVFDRKSDAK_HLA-A*11:01,tcr7491,0
vdjdb_full_13397,FLYALALLL_HLA-A*02:01,tcr12100,1
vdjdb_full_13397_rs_2_n0,FLYALALLL_HLA-A*02:01,tcr16786,0
vdjdb_full_13904,AYAQKIFKI_HLA-A*24:02,tcr12639,1
vdjdb_full_13904_rs_2_n0,AYAQKIFKI_HLA-A*24:02,tcr810,0
vdjdb_full_9365,YVLDHLIVV_HLA-A*02:01,tcr14353,1
vdjdb_full_9365_rs_2_n0,YVLDHLIVV_HLA-A*02:01,tcr9193,0
vdjdb_full_15665,FLRGRAYGL_HLA-B*08:01,tcr15771,1
vdjdb_full_15665_rs_2_n0,FLRGRAYGL_HLA-B*08:01,tcr6020,0
vdjdb_full_8788,LLAGIGTVPI_HLA-A*02:01,tcr2791,1
vdjdb_full_8788_rs_2_n0,LLAGIGTVPI_HLA-A*02:01,tcr3220,0
vdjdb_full_10598,LTDEMIAQY_HLA-A*01:01,tcr17294,1
vdjdb_full_10598_rs_2_n0,LTDEMIAQY_HLA-A*01:01,tcr8596,0
vdjdb_full_15586,FLRGRAYGL_HLA-B*08:01,tcr3910,1
vdjdb_full_15586_rs_2_n0,FLRGRAYGL_HLA-B*08:01,tcr12099,0
vdjdb_full_15433,CINGVCWTV_HLA-A*02:01,tcr7818,1
vdjdb_full_15433_rs_2_n0,CINGVCWTV_HLA-A*02:01,tcr6033,0
vdjdb_full_3466,SLLMWITQV_HLA-A*02:01,tcr1139,1
vdjdb_full_3466_rs_2_n0,SLLMWITQV_HLA-A*02:01,tcr310,0
vdjdb_full_15826,ALGIGILTV_HLA-A*02:01,tcr245,1
vdjdb_full_15826_rs_2_n0,ALGIGILTV_HLA-A*02:01,tcr10689,0
vdjdb_full_13967,RVRAYTYSK_HLA-A*03:01,tcr11634,1
vdjdb_full_13967_rs_2_n0,RVRAYTYSK_HLA-A*03:01,tcr14070,0
vdjdb_full_11858,ELAGIGILTV_HLA-A*02:01,tcr11423,1
vdjdb_full_11858_rs_2_n0,ELAGIGILTV_HLA-A*02:01,tcr16412,0
vdjdb_full_17117,HSNLNDATY_HLA-A*01:01,tcr1344,1
vdjdb_full_17117_rs_2_n0,HSNLNDATY_HLA-A*01:01,tcr7292,0
vdjdb_full_16603,WPVTLACFV_HLA-B*07:02,tcr4047,1
vdjdb_full_16603_rs_2_n0,WPVTLACFV_HLA-B*07:02,tcr17033,0
vdjdb_full_16495,RPPIFIRRL_HLA-B*07:02,tcr4065,1
vdjdb_full_16495_rs_2_n0,RPPIFIRRL_HLA-B*07:02,tcr4123,0
vdjdb_full_11421,TTDPSFLGRY_HLA-A*01:01,tcr9557,1
vdjdb_full_11421_rs_2_n0,TTDPSFLGRY_HLA-A*01:01,tcr6237,0
vdjdb_full_16869,MEVTPSGTWL_HLA-B*40:01,tcr3188,1
vdjdb_full_16869_rs_2_n0,MEVTPSGTWL_HLA-B*40:01,tcr7206,0
vdjdb_full_13869,TPRVTGGGAM_HLA-B*07:02,tcr7187,1
vdjdb_full_13869_rs_2_n0,TPRVTGGGAM_HLA-B*07:02,tcr992,0
vdjdb_full_16857,MEVTPSGTWL_HLA-B*40:01,tcr10256,1
vdjdb_full_16857_rs_2_n0,MEVTPSGTWL_HLA-B*40:01,tcr4019,0
vdjdb_full_15833,KLWAQCVQL_HLA-A*02:01,tcr12981,1
vdjdb_full_15833_rs_2_n0,KLWAQCVQL_HLA-A*02:01,tcr8805,0
vdjdb_full_17941,YSEHPTFTSQY_HLA-A*01:01,tcr14186,1
vdjdb_full_17941_rs_2_n0,YSEHPTFTSQY_HLA-A*01:01,tcr12911,0
vdjdb_full_14796,LLFNILGGWV_HLA-A*02:01,tcr9580,1
vdjdb_full_14796_rs_2_n0,LLFNILGGWV_HLA-A*02:01,tcr2019,0
vdjdb_full_10741,SPRWYFYYL_HLA-B*07:02,tcr5735,1
vdjdb_full_10741_rs_2_n0,SPRWYFYYL_HLA-B*07:02,tcr14935,0
vdjdb_full_13899,AYAQKIFKI_HLA-A*24:02,tcr8341,1
vdjdb_full_13899_rs_2_n0,AYAQKIFKI_HLA-A*24:02,tcr6055,0
vdjdb_full_12393,IVTDFSVIK_HLA-A*11:01,tcr5731,1
vdjdb_full_12393_rs_2_n0,IVTDFSVIK_HLA-A*11:01,tcr3238,0
vdjdb_full_14957,LLWNGPMAV_HLA-A*02:01,tcr14375,1
vdjdb_full_14957_rs_2_n0,LLWNGPMAV_HLA-A*02:01,tcr5612,0
vdjdb_full_10544,HPNGYKSLSTL_HLA-B*07:02,tcr5481,1
vdjdb_full_10544_rs_2_n0,HPNGYKSLSTL_HLA-B*07:02,tcr4103,0
vdjdb_full_1312,KLGGALQAK_HLA-A*03:01,tcr1225,1
vdjdb_full_1312_rs_2_n0,KLGGALQAK_HLA-A*03:01,tcr15221,0
vdjdb_full_14642,CTELKLSDY_HLA-A*01:01,tcr2380,1
vdjdb_full_14642_rs_2_n0,CTELKLSDY_HLA-A*01:01,tcr8149,0
vdjdb_full_17131,HSNLNDATY_HLA-A*01:01,tcr17333,1
vdjdb_full_17131_rs_2_n0,HSNLNDATY_HLA-A*01:01,tcr10096,0
vdjdb_full_14728,RPRGEVRFL_HLA-B*07:02,tcr5251,1
vdjdb_full_14728_rs_2_n0,RPRGEVRFL_HLA-B*07:02,tcr8401,0
vdjdb_full_13301,CLGGLLTMV_HLA-A*02:01,tcr17621,1
vdjdb_full_13301_rs_2_n0,CLGGLLTMV_HLA-A*02:01,tcr3177,0
vdjdb_full_16441,RTATKQYNV_HLA-A*02:01,tcr18245,1
vdjdb_full_16441_rs_2_n0,RTATKQYNV_HLA-A*02:01,tcr2082,0
vdjdb_full_18073,CYTWNQMNL_HLA-A*24:02,tcr2753,1
vdjdb_full_18073_rs_2_n0,CYTWNQMNL_HLA-A*24:02,tcr5094,0
vdjdb_full_11511,ATDALMTGF_HLA-A*01:01,tcr10293,1
vdjdb_full_11511_rs_2_n0,ATDALMTGF_HLA-A*01:01,tcr1707,0
vdjdb_full_15723,VYFLQSINF_HLA-A*24:02,tcr17625,1
vdjdb_full_15723_rs_2_n0,VYFLQSINF_HLA-A*24:02,tcr15415,0
vdjdb_full_10704,SPRWYFYYL_HLA-B*07:02,tcr8123,1
vdjdb_full_10704_rs_2_n0,SPRWYFYYL_HLA-B*07:02,tcr949,0
vdjdb_full_17450,LTSLTILQLY_HLA-A*01:01,tcr5187,1
vdjdb_full_17450_rs_2_n0,LTSLTILQLY_HLA-A*01:01,tcr6449,0
vdjdb_full_11500,ATDALMTGF_HLA-A*01:01,tcr6928,1
vdjdb_full_11500_rs_2_n0,ATDALMTGF_HLA-A*01:01,tcr7368,0
vdjdb_full_16752,YLLEMLWRL_HLA-A*02:01,tcr8145,1
vdjdb_full_16752_rs_2_n0,YLLEMLWRL_HLA-A*02:01,tcr8639,0
vdjdb_full_15802,ALGIGILTV_HLA-A*02:01,tcr13666,1
vdjdb_full_15802_rs_2_n0,ALGIGILTV_HLA-A*02:01,tcr15928,0
vdjdb_full_8888,LLAGIGTVPI_HLA-A*02:01,tcr3949,1
vdjdb_full_8888_rs_2_n0,LLAGIGTVPI_HLA-A*02:01,tcr16933,0
vdjdb_full_16548,RLGPVQNEV_HLA-A*02:01,tcr17831,1
vdjdb_full_16548_rs_2_n0,RLGPVQNEV_HLA-A*02:01,tcr16899,0
vdjdb_full_2,QAKWRLQTL_HLA-B*08:01,tcr12036,1
vdjdb_full_2_rs_2_n0,QAKWRLQTL_HLA-B*08:01,tcr18152,0
vdjdb_full_15997,KLVALGINAV_HLA-A*02:01,tcr8395,1
vdjdb_full_15997_rs_2_n0,KLVALGINAV_HLA-A*02:01,tcr5656,0
vdjdb_full_10364,RLRAEAQVK_HLA-A*03:01,tcr4698,1
vdjdb_full_10364_rs_2_n0,RLRAEAQVK_HLA-A*03:01,tcr6859,0
vdjdb_full_15071,NQKLIANQF_HLA-B*15:01,tcr5099,1
vdjdb_full_15071_rs_2_n0,NQKLIANQF_HLA-B*15:01,tcr13324,0
vdjdb_full_17313,KSVNITFEL_HLA-A*02:01,tcr7581,1
vdjdb_full_17313_rs_2_n0,KSVNITFEL_HLA-A*02:01,tcr9572,0
vdjdb_full_13474,FLYALALLL_HLA-A*02:01,tcr12663,1
vdjdb_full_13474_rs_2_n0,FLYALALLL_HLA-A*02:01,tcr8581,0
vdjdb_full_16742,YLLEMLWRL_HLA-A*02:01,tcr839,1
vdjdb_full_16742_rs_2_n0,YLLEMLWRL_HLA-A*02:01,tcr14562,0
vdjdb_full_11621,ATDALMTGF_HLA-A*01:01,tcr14461,1
vdjdb_full_11621_rs_2_n0,ATDALMTGF_HLA-A*01:01,tcr7336,0
vdjdb_full_11274,TTDPSFLGRY_HLA-A*01:01,tcr12966,1
vdjdb_full_11274_rs_2_n0,TTDPSFLGRY_HLA-A*01:01,tcr7905,0
vdjdb_full_12101,ALAGIGILTV_HLA-A*02:01,tcr11331,1
vdjdb_full_12101_rs_2_n0,ALAGIGILTV_HLA-A*02:01,tcr3486,0
vdjdb_full_14101,RVRAYTYSK_HLA-A*03:01,tcr6992,1
vdjdb_full_14101_rs_2_n0,RVRAYTYSK_HLA-A*03:01,tcr10306,0
vdjdb_full_11563,ATDALMTGF_HLA-A*01:01,tcr5775,1
vdjdb_full_11563_rs_2_n0,ATDALMTGF_HLA-A*01:01,tcr14523,0
vdjdb_full_13448,FLYALALLL_HLA-A*02:01,tcr4030,1
vdjdb_full_13448_rs_2_n0,FLYALALLL_HLA-A*02:01,tcr1900,0
vdjdb_full_15761,RTLNAWVKV_HLA-A*02:01,tcr18151,1
vdjdb_full_15761_rs_2_n0,RTLNAWVKV_HLA-A*02:01,tcr5278,0
vdjdb_full_13662,KTFPPTEPK_HLA-A*03:01,tcr16187,1
vdjdb_full_13662_rs_2_n0,KTFPPTEPK_HLA-A*03:01,tcr3901,0
vdjdb_full_18207,GQAQGIGSSVY_HLA-B*15:01,tcr4259,1
vdjdb_full_18207_rs_2_n0,GQAQGIGSSVY_HLA-B*15:01,tcr1751,0
vdjdb_full_13413,FLYALALLL_HLA-A*02:01,tcr16130,1
vdjdb_full_13413_rs_2_n0,FLYALALLL_HLA-A*02:01,tcr3221,0
vdjdb_full_15057,TSQWLTNIF_HLA-A*24:02,tcr14441,1
vdjdb_full_15057_rs_2_n0,TSQWLTNIF_HLA-A*24:02,tcr13731,0
vdjdb_full_12151,FTSDYYQLY_HLA-A*01:01,tcr14811,1
vdjdb_full_12151_rs_2_n0,FTSDYYQLY_HLA-A*01:01,tcr8324,0
vdjdb_full_14883,LLWNGPMAV_HLA-A*02:01,tcr5510,1
vdjdb_full_14883_rs_2_n0,LLWNGPMAV_HLA-A*02:01,tcr4903,0
vdjdb_full_14947,LLWNGPMAV_HLA-A*02:01,tcr10264,1
vdjdb_full_14947_rs_2_n0,LLWNGPMAV_HLA-A*02:01,tcr9168,0
vdjdb_full_15617,FLRGRAYGL_HLA-B*08:01,tcr4825,1
vdjdb_full_15617_rs_2_n0,FLRGRAYGL_HLA-B*08:01,tcr13906,0
vdjdb_full_60,QAKWRLQTL_HLA-B*08:01,tcr4522,1
vdjdb_full_60_rs_2_n0,QAKWRLQTL_HLA-B*08:01,tcr12262,0
vdjdb_full_12086,ALAGIGILTV_HLA-A*02:01,tcr235,1
vdjdb_full_12086_rs_2_n0,ALAGIGILTV_HLA-A*02:01,tcr13394,0
vdjdb_full_10582,LTDEMIAQY_HLA-A*01:01,tcr6344,1
vdjdb_full_10582_rs_2_n0,LTDEMIAQY_HLA-A*01:01,tcr17567,0
vdjdb_full_14787,LLFNILGGWV_HLA-A*02:01,tcr7516,1
vdjdb_full_14787_rs_2_n0,LLFNILGGWV_HLA-A*02:01,tcr17322,0
vdjdb_full_5894,AVFDRKSDAK_HLA-A*11:01,tcr160,1
vdjdb_full_5894_rs_2_n0,AVFDRKSDAK_HLA-A*11:01,tcr14341,0
vdjdb_full_16313,RPIIRPATL_HLA-B*08:01,tcr8945,1
vdjdb_full_16313_rs_2_n0,RPIIRPATL_HLA-B*08:01,tcr15471,0
vdjdb_full_13424,FLYALALLL_HLA-A*02:01,tcr372,1
vdjdb_full_13424_rs_2_n0,FLYALALLL_HLA-A*02:01,tcr16572,0
vdjdb_full_13521,LLFGYPVYV_HLA-A*02:01,tcr4316,1
vdjdb_full_13521_rs_2_n0,LLFGYPVYV_HLA-A*02:01,tcr11672,0
vdjdb_full_15424,CINGVCWTV_HLA-A*02:01,tcr14330,1
vdjdb_full_15424_rs_2_n0,CINGVCWTV_HLA-A*02:01,tcr7336,0
vdjdb_full_49,QAKWRLQTL_HLA-B*08:01,tcr2726,1
vdjdb_full_49_rs_2_n0,QAKWRLQTL_HLA-B*08:01,tcr1011,0
vdjdb_full_14662,CTELKLSDY_HLA-A*01:01,tcr16772,1
vdjdb_full_14662_rs_2_n0,CTELKLSDY_HLA-A*01:01,tcr14644,0
vdjdb_full_16505,RPPIFIRRL_HLA-B*07:02,tcr12281,1
vdjdb_full_16505_rs_2_n0,RPPIFIRRL_HLA-B*07:02,tcr16763,0
vdjdb_full_13189,DATYQRTRALVR_HLA-A*68:01,tcr17046,1
vdjdb_full_13189_rs_2_n0,DATYQRTRALVR_HLA-A*68:01,tcr15415,0
vdjdb_full_10742,SPRWYFYYL_HLA-B*07:02,tcr5307,1
vdjdb_full_10742_rs_2_n0,SPRWYFYYL_HLA-B*07:02,tcr18306,0
vdjdb_full_17043,LLYDANYFL_HLA-A*02:01,tcr16659,1
vdjdb_full_17043_rs_2_n0,LLYDANYFL_HLA-A*02:01,tcr13272,0
vdjdb_full_13568,KTFPPTEPK_HLA-A*03:01,tcr12957,1
vdjdb_full_13568_rs_2_n0,KTFPPTEPK_HLA-A*03:01,tcr9518,0
vdjdb_full_30,QAKWRLQTL_HLA-B*08:01,tcr17072,1
vdjdb_full_30_rs_2_n0,QAKWRLQTL_HLA-B*08:01,tcr17438,0
vdjdb_full_10730,SPRWYFYYL_HLA-B*07:02,tcr16734,1
vdjdb_full_10730_rs_2_n0,SPRWYFYYL_HLA-B*07:02,tcr8665,0
vdjdb_full_7003,GILGFVFTL_HLA-A*02:01,tcr2885,1
vdjdb_full_7003_rs_2_n0,GILGFVFTL_HLA-A*02:01,tcr4542,0
vdjdb_full_16969,NYNYLYRLF_HLA-A*24:02,tcr8800,1
vdjdb_full_16969_rs_2_n0,NYNYLYRLF_HLA-A*24:02,tcr18299,0
vdjdb_full_14760,RAQAPPPSW_HLA-B*57:01,tcr14355,1
vdjdb_full_14760_rs_2_n0,RAQAPPPSW_HLA-B*57:01,tcr6125,0
vdjdb_full_14138,RVRAYTYSK_HLA-A*03:01,tcr16155,1
vdjdb_full_14138_rs_2_n0,RVRAYTYSK_HLA-A*03:01,tcr3031,0
vdjdb_full_18196,GQAQGIGSSVY_HLA-B*15:01,tcr13756,1
vdjdb_full_18196_rs_2_n0,GQAQGIGSSVY_HLA-B*15:01,tcr15502,0
vdjdb_full_15662,FLRGRAYGL_HLA-B*08:01,tcr3577,1
vdjdb_full_15662_rs_2_n0,FLRGRAYGL_HLA-B*08:01,tcr6794,0
vdjdb_full_12034,ALAGIGILTV_HLA-A*02:01,tcr5887,1
vdjdb_full_12034_rs_2_n0,ALAGIGILTV_HLA-A*02:01,tcr1014,0
vdjdb_full_13949,RVRAYTYSK_HLA-A*03:01,tcr16927,1
vdjdb_full_13949_rs_2_n0,RVRAYTYSK_HLA-A*03:01,tcr17614,0
vdjdb_full_2053,KLGGALQAK_HLA-A*03:01,tcr15102,1
vdjdb_full_2053_rs_2_n0,KLGGALQAK_HLA-A*03:01,tcr13027,0
vdjdb_full_12129,FTSDYYQLY_HLA-A*01:01,tcr10153,1
vdjdb_full_12129_rs_2_n0,FTSDYYQLY_HLA-A*01:01,tcr15137,0
vdjdb_full_14788,LLFNILGGWV_HLA-A*02:01,tcr11945,1
vdjdb_full_14788_rs_2_n0,LLFNILGGWV_HLA-A*02:01,tcr7532,0
vdjdb_full_15096,NQKLIANQF_HLA-B*15:01,tcr6382,1
vdjdb_full_15096_rs_2_n0,NQKLIANQF_HLA-B*15:01,tcr2626,0
vdjdb_full_22,QAKWRLQTL_HLA-B*08:01,tcr11352,1
vdjdb_full_22_rs_2_n0,QAKWRLQTL_HLA-B*08:01,tcr5307,0
vdjdb_full_15061,TSQWLTNIF_HLA-A*24:02,tcr10950,1
vdjdb_full_15061_rs_2_n0,TSQWLTNIF_HLA-A*24:02,tcr7297,0
vdjdb_full_13515,LLFGYPVYV_HLA-A*02:01,tcr17492,1
vdjdb_full_13515_rs_2_n0,LLFGYPVYV_HLA-A*02:01,tcr1633,0
vdjdb_full_364,KLGGALQAK_HLA-A*03:01,tcr17947,1
vdjdb_full_364_rs_2_n0,KLGGALQAK_HLA-A*03:01,tcr3289,0
vdjdb_full_18315,RPHERNGFTV_HLA-B*07:02,tcr15165,1
vdjdb_full_18315_rs_2_n0,RPHERNGFTV_HLA-B*07:02,tcr5192,0
vdjdb_full_10677,LTDEMIAQY_HLA-A*01:01,tcr14632,1
vdjdb_full_10677_rs_2_n0,LTDEMIAQY_HLA-A*01:01,tcr5147,0
vdjdb_full_11230,TTDPSFLGRY_HLA-A*01:01,tcr17810,1
vdjdb_full_11230_rs_2_n0,TTDPSFLGRY_HLA-A*01:01,tcr14165,0
vdjdb_full_924,KLGGALQAK_HLA-A*03:01,tcr4562,1
vdjdb_full_924_rs_2_n0,KLGGALQAK_HLA-A*03:01,tcr3007,0
vdjdb_full_15798,RTLNAWVKV_HLA-A*02:01,tcr16476,1
vdjdb_full_15798_rs_2_n0,RTLNAWVKV_HLA-A*02:01,tcr17541,0
vdjdb_full_13535,LLFGYPVYV_HLA-A*02:01,tcr5656,1
vdjdb_full_13535_rs_2_n0,LLFGYPVYV_HLA-A*02:01,tcr5041,0
vdjdb_full_13679,QYDPVAALF_HLA-A*24:02,tcr412,1
vdjdb_full_13679_rs_2_n0,QYDPVAALF_HLA-A*24:02,tcr5195,0
vdjdb_full_12165,IMDQVPFSV_HLA-A*02:01,tcr4012,1
vdjdb_full_12165_rs_2_n0,IMDQVPFSV_HLA-A*02:01,tcr5342,0
vdjdb_full_16767,RLPGVLPRA_HLA-A*02:01,tcr1179,1
vdjdb_full_16767_rs_2_n0,RLPGVLPRA_HLA-A*02:01,tcr5793,0
vdjdb_full_5481,AVFDRKSDAK_HLA-A*11:01,tcr5349,1
vdjdb_full_5481_rs_2_n0,AVFDRKSDAK_HLA-A*11:01,tcr18370,0
vdjdb_full_14243,RVRAYTYSK_HLA-A*03:01,tcr2424,1
vdjdb_full_14243_rs_2_n0,RVRAYTYSK_HLA-A*03:01,tcr16363,0
vdjdb_full_7640,GILGFVFTL_HLA-A*02:01,tcr7472,1
vdjdb_full_7640_rs_2_n0,GILGFVFTL_HLA-A*02:01,tcr15609,0
vdjdb_full_1946,KLGGALQAK_HLA-A*03:01,tcr13266,1
vdjdb_full_1946_rs_2_n0,KLGGALQAK_HLA-A*03:01,tcr4101,0
vdjdb_full_17714,TLWCSPIKV_HLA-A*02:01,tcr14300,1
vdjdb_full_17714_rs_2_n0,TLWCSPIKV_HLA-A*02:01,tcr9190,0
vdjdb_full_13531,LLFGYPVYV_HLA-A*02:01,tcr9560,1
vdjdb_full_13531_rs_2_n0,LLFGYPVYV_HLA-A*02:01,tcr8903,0
vdjdb_full_9122,LLAGIGTVPI_HLA-A*02:01,tcr15481,1
vdjdb_full_9122_rs_2_n0,LLAGIGTVPI_HLA-A*02:01,tcr11957,0
vdjdb_full_16509,RPPIFIRRL_HLA-B*07:02,tcr1666,1
vdjdb_full_16509_rs_2_n0,RPPIFIRRL_HLA-B*07:02,tcr14821,0
vdjdb_full_13482,FLYALALLL_HLA-A*02:01,tcr7206,1
vdjdb_full_13482_rs_2_n0,FLYALALLL_HLA-A*02:01,tcr7323,0
vdjdb_full_14765,RAQAPPPSW_HLA-B*57:01,tcr17040,1
vdjdb_full_14765_rs_2_n0,RAQAPPPSW_HLA-B*57:01,tcr13535,0
vdjdb_full_10758,SPRWYFYYL_HLA-B*07:02,tcr4542,1
vdjdb_full_10758_rs_2_n0,SPRWYFYYL_HLA-B*07:02,tcr1782,0
vdjdb_full_16249,GIIYIIYKL_HLA-A*02:01,tcr12150,1
vdjdb_full_16249_rs_2_n0,GIIYIIYKL_HLA-A*02:01,tcr1094,0
vdjdb_full_12037,ALAGIGILTV_HLA-A*02:01,tcr11133,1
vdjdb_full_12037_rs_2_n0,ALAGIGILTV_HLA-A*02:01,tcr14141,0
vdjdb_full_15721,VYFLQSINF_HLA-A*24:02,tcr11244,1
vdjdb_full_15721_rs_2_n0,VYFLQSINF_HLA-A*24:02,tcr14444,0
vdjdb_full_9825,YLQPRTFLL_HLA-A*02:01,tcr9757,1
vdjdb_full_9825_rs_2_n0,YLQPRTFLL_HLA-A*02:01,tcr1790,0
vdjdb_full_11081,AAGIGILTV_HLA-A*02:01,tcr14870,1
vdjdb_full_11081_rs_2_n0,AAGIGILTV_HLA-A*02:01,tcr15961,0
vdjdb_full_17957,EPLPQGQLTAY_HLA-B*35:01,tcr5573,1
vdjdb_full_17957_rs_2_n0,EPLPQGQLTAY_HLA-B*35:01,tcr4378,0
vdjdb_full_16628,QYIKWPWYI_HLA-A*24:02,tcr15776,1
vdjdb_full_16628_rs_2_n0,QYIKWPWYI_HLA-A*24:02,tcr10331,0
vdjdb_full_13411,FLYALALLL_HLA-A*02:01,tcr16542,1
vdjdb_full_13411_rs_2_n0,FLYALALLL_HLA-A*02:01,tcr12880,0
vdjdb_full_8751,LLAGIGTVPI_HLA-A*02:01,tcr373,1
vdjdb_full_8751_rs_2_n0,LLAGIGTVPI_HLA-A*02:01,tcr5565,0
vdjdb_full_14921,LLWNGPMAV_HLA-A*02:01,tcr3172,1
vdjdb_full_14921_rs_2_n0,LLWNGPMAV_HLA-A*02:01,tcr2477,0
vdjdb_full_8845,LLAGIGTVPI_HLA-A*02:01,tcr7375,1
vdjdb_full_8845_rs_2_n0,LLAGIGTVPI_HLA-A*02:01,tcr3087,0
vdjdb_full_6137,AVFDRKSDAK_HLA-A*11:01,tcr18152,1
vdjdb_full_6137_rs_2_n0,AVFDRKSDAK_HLA-A*11:01,tcr12026,0
vdjdb_full_13251,HPVGEADYFEY_HLA-B*35:01,tcr17869,1
vdjdb_full_13251_rs_2_n0,HPVGEADYFEY_HLA-B*35:01,tcr14348,0
vdjdb_full_13313,CLGGLLTMV_HLA-A*02:01,tcr7424,1
vdjdb_full_13313_rs_2_n0,CLGGLLTMV_HLA-A*02:01,tcr13042,0
vdjdb_full_16493,RPPIFIRRL_HLA-B*07:02,tcr16461,1
vdjdb_full_16493_rs_2_n0,RPPIFIRRL_HLA-B*07:02,tcr8235,0
vdjdb_full_14730,RPRGEVRFL_HLA-B*07:02,tcr8871,1
vdjdb_full_14730_rs_2_n0,RPRGEVRFL_HLA-B*07:02,tcr3805,0
vdjdb_full_10502,LLSLFSLWL_HLA-A*02:01,tcr14316,1
vdjdb_full_10502_rs_2_n0,LLSLFSLWL_HLA-A*02:01,tcr15844,0
vdjdb_full_17961,EPLPQGQLTAY_HLA-B*35:01,tcr10498,1
vdjdb_full_17961_rs_2_n0,EPLPQGQLTAY_HLA-B*35:01,tcr3162,0
vdjdb_full_17343,RVAGDSGFAAY_HLA-B*15:01,tcr8618,1
vdjdb_full_17343_rs_2_n0,RVAGDSGFAAY_HLA-B*15:01,tcr11439,0
vdjdb_full_15396,CINGVCWTV_HLA-A*02:01,tcr10096,1
vdjdb_full_15396_rs_2_n0,CINGVCWTV_HLA-A*02:01,tcr2493,0
vdjdb_full_6619,GILGFVFTL_HLA-A*02:01,tcr4762,1
vdjdb_full_6619_rs_2_n0,GILGFVFTL_HLA-A*02:01,tcr15795,0
vdjdb_full_15397,CINGVCWTV_HLA-A*02:01,tcr17277,1
vdjdb_full_15397_rs_2_n0,CINGVCWTV_HLA-A*02:01,tcr1362,0
vdjdb_full_8485,NLVPMVATV_HLA-A*02:01,tcr7207,1
vdjdb_full_8485_rs_2_n0,NLVPMVATV_HLA-A*02:01,tcr17331,0
vdjdb_full_7423,GILGFVFTL_HLA-A*02:01,tcr1778,1
vdjdb_full_7423_rs_2_n0,GILGFVFTL_HLA-A*02:01,tcr5087,0
vdjdb_full_11065,FLASKIGRLV_HLA-A*02:01,tcr11323,1
vdjdb_full_11065_rs_2_n0,FLASKIGRLV_HLA-A*02:01,tcr5041,0
vdjdb_full_16765,RLPGVLPRA_HLA-A*02:01,tcr4164,1
vdjdb_full_16765_rs_2_n0,RLPGVLPRA_HLA-A*02:01,tcr8671,0
vdjdb_full_16652,QYIKWPWYI_HLA-A*24:02,tcr8878,1
vdjdb_full_16652_rs_2_n0,QYIKWPWYI_HLA-A*24:02,tcr16461,0
vdjdb_full_10641,LTDEMIAQY_HLA-A*01:01,tcr2619,1
vdjdb_full_10641_rs_2_n0,LTDEMIAQY_HLA-A*01:01,tcr7480,0
vdjdb_full_9913,YLQPRTFLL_HLA-A*02:01,tcr12072,1
vdjdb_full_9913_rs_2_n0,YLQPRTFLL_HLA-A*02:01,tcr1116,0
vdjdb_full_13633,KTFPPTEPK_HLA-A*03:01,tcr157,1
vdjdb_full_13633_rs_2_n0,KTFPPTEPK_HLA-A*03:01,tcr8617,0
vdjdb_full_2409,GLCTLVAML_HLA-A*02:01,tcr3945,1
vdjdb_full_2409_rs_2_n0,GLCTLVAML_HLA-A*02:01,tcr9886,0
vdjdb_full_8642,NLVPMVATV_HLA-A*02:01,tcr6867,1
vdjdb_full_8642_rs_2_n0,NLVPMVATV_HLA-A*02:01,tcr10336,0
vdjdb_full_736,KLGGALQAK_HLA-A*03:01,tcr5437,1
vdjdb_full_736_rs_2_n0,KLGGALQAK_HLA-A*03:01,tcr3806,0
vdjdb_full_4164,SLLMWITQV_HLA-A*02:01,tcr3947,1
vdjdb_full_4164_rs_2_n0,SLLMWITQV_HLA-A*02:01,tcr14600,0
vdjdb_full_17035,LLYDANYFL_HLA-A*02:01,tcr14200,1
vdjdb_full_17035_rs_2_n0,LLYDANYFL_HLA-A*02:01,tcr17319,0
vdjdb_full_8850,LLAGIGTVPI_HLA-A*02:01,tcr13620,1
vdjdb_full_8850_rs_2_n0,LLAGIGTVPI_HLA-A*02:01,tcr164,0
vdjdb_full_13511,LLFGYPVYV_HLA-A*02:01,tcr16597,1
vdjdb_full_13511_rs_2_n0,LLFGYPVYV_HLA-A*02:01,tcr413,0
vdjdb_full_12147,FTSDYYQLY_HLA-A*01:01,tcr15666,1
vdjdb_full_12147_rs_2_n0,FTSDYYQLY_HLA-A*01:01,tcr15518,0
vdjdb_full_17374,RPIIRPATL_HLA-B*07:02,tcr7731,1
vdjdb_full_17374_rs_2_n0,RPIIRPATL_HLA-B*07:02,tcr1756,0
vdjdb_full_322,KLGGALQAK_HLA-A*03:01,tcr11537,1
vdjdb_full_322_rs_2_n0,KLGGALQAK_HLA-A*03:01,tcr6009,0
vdjdb_full_17409,RGPGRAFVTI_HLA-A*02:01,tcr15451,1
vdjdb_full_17409_rs_2_n0,RGPGRAFVTI_HLA-A*02:01,tcr4547,0
vdjdb_full_10617,LTDEMIAQY_HLA-A*01:01,tcr14510,1
vdjdb_full_10617_rs_2_n0,LTDEMIAQY_HLA-A*01:01,tcr14723,0
vdjdb_full_51,QAKWRLQTL_HLA-B*08:01,tcr11802,1
vdjdb_full_51_rs_2_n0,QAKWRLQTL_HLA-B*08:01,tcr10662,0
vdjdb_full_16316,RPIIRPATL_HLA-B*08:01,tcr3422,1
vdjdb_full_16316_rs_2_n0,RPIIRPATL_HLA-B*08:01,tcr17492,0
vdjdb_full_16518,RPPIFIRRL_HLA-B*07:02,tcr7522,1
vdjdb_full_16518_rs_2_n0,RPPIFIRRL_HLA-B*07:02,tcr7293,0
vdjdb_full_15738,VYFLQSINF_HLA-A*24:02,tcr281,1
vdjdb_full_15738_rs_2_n0,VYFLQSINF_HLA-A*24:02,tcr104,0
vdjdb_full_10204,RLRAEAQVK_HLA-A*03:01,tcr7092,1
vdjdb_full_10204_rs_2_n0,RLRAEAQVK_HLA-A*03:01,tcr4474,0
vdjdb_full_16253,GIIYIIYKL_HLA-A*02:01,tcr4681,1
vdjdb_full_16253_rs_2_n0,GIIYIIYKL_HLA-A*02:01,tcr8515,0
vdjdb_full_9481,YVLDHLIVV_HLA-A*02:01,tcr3486,1
vdjdb_full_9481_rs_2_n0,YVLDHLIVV_HLA-A*02:01,tcr10222,0
vdjdb_full_13154,DATYQRTRALVR_HLA-A*68:01,tcr11843,1
vdjdb_full_13154_rs_2_n0,DATYQRTRALVR_HLA-A*68:01,tcr3867,0
vdjdb_full_13370,LPRWYFYYL_HLA-B*07:02,tcr14329,1
vdjdb_full_13370_rs_2_n0,LPRWYFYYL_HLA-B*07:02,tcr1533,0
vdjdb_full_17685,ALWALPHAA_HLA-A*02:01,tcr7468,1
vdjdb_full_17685_rs_2_n0,ALWALPHAA_HLA-A*02:01,tcr3265,0
vdjdb_full_13891,AYAQKIFKI_HLA-A*24:02,tcr17726,1
vdjdb_full_13891_rs_2_n0,AYAQKIFKI_HLA-A*24:02,tcr2187,0
vdjdb_full_15679,FLRGRAYGL_HLA-B*08:01,tcr13095,1
vdjdb_full_15679_rs_2_n0,FLRGRAYGL_HLA-B*08:01,tcr2922,0
vdjdb_full_13468,FLYALALLL_HLA-A*02:01,tcr11864,1
vdjdb_full_13468_rs_2_n0,FLYALALLL_HLA-A*02:01,tcr8939,0
vdjdb_full_9378,YVLDHLIVV_HLA-A*02:01,tcr6859,1
vdjdb_full_9378_rs_2_n0,YVLDHLIVV_HLA-A*02:01,tcr6264,0
vdjdb_full_11437,TTDPSFLGRY_HLA-A*01:01,tcr13530,1
vdjdb_full_11437_rs_2_n0,TTDPSFLGRY_HLA-A*01:01,tcr9933,0
vdjdb_full_9011,LLAGIGTVPI_HLA-A*02:01,tcr5543,1
vdjdb_full_9011_rs_2_n0,LLAGIGTVPI_HLA-A*02:01,tcr1098,0
vdjdb_full_11201,TTDPSFLGRY_HLA-A*01:01,tcr7623,1
vdjdb_full_11201_rs_2_n0,TTDPSFLGRY_HLA-A*01:01,tcr15997,0
vdjdb_full_16429,RTATKQYNV_HLA-A*02:01,tcr3196,1
vdjdb_full_16429_rs_2_n0,RTATKQYNV_HLA-A*02:01,tcr7478,0
vdjdb_full_11087,AAGIGILTV_HLA-A*02:01,tcr13359,1
vdjdb_full_11087_rs_2_n0,AAGIGILTV_HLA-A*02:01,tcr6947,0
vdjdb_full_14503,RVRAYTYSK_HLA-A*03:01,tcr865,1
vdjdb_full_14503_rs_2_n0,RVRAYTYSK_HLA-A*03:01,tcr2507,0
vdjdb_full_16945,RTATKAYNV_HLA-A*02:01,tcr4069,1
vdjdb_full_16945_rs_2_n0,RTATKAYNV_HLA-A*02:01,tcr5813,0
vdjdb_full_12152,FTSDYYQLY_HLA-A*01:01,tcr13128,1
vdjdb_full_12152_rs_2_n0,FTSDYYQLY_HLA-A*01:01,tcr7181,0
vdjdb_full_17310,KSVNITFEL_HLA-A*02:01,tcr17397,1
vdjdb_full_17310_rs_2_n0,KSVNITFEL_HLA-A*02:01,tcr27,0
vdjdb_full_14296,RVRAYTYSK_HLA-A*03:01,tcr6149,1
vdjdb_full_14296_rs_2_n0,RVRAYTYSK_HLA-A*03:01,tcr12807,0
vdjdb_full_14738,RAQAPPPSW_HLA-B*57:01,tcr3492,1
vdjdb_full_14738_rs_2_n0,RAQAPPPSW_HLA-B*57:01,tcr4462,0
vdjdb_full_9952,YLQPRTFLL_HLA-A*02:01,tcr18132,1
vdjdb_full_9952_rs_2_n0,YLQPRTFLL_HLA-A*02:01,tcr14753,0
vdjdb_full_8141,GILGFVFTL_HLA-A*02:01,tcr11620,1
vdjdb_full_8141_rs_2_n0,GILGFVFTL_HLA-A*02:01,tcr9154,0
vdjdb_full_2434,GLCTLVAML_HLA-A*02:01,tcr12076,1
vdjdb_full_2434_rs_2_n0,GLCTLVAML_HLA-A*02:01,tcr15980,0
vdjdb_full_12122,YLQQNWWTL_HLA-A*02:01,tcr2987,1
vdjdb_full_12122_rs_2_n0,YLQQNWWTL_HLA-A*02:01,tcr13928,0
vdjdb_full_13640,KTFPPTEPK_HLA-A*03:01,tcr10768,1
vdjdb_full_13640_rs_2_n0,KTFPPTEPK_HLA-A*03:01,tcr12504,0
vdjdb_full_6847,GILGFVFTL_HLA-A*02:01,tcr423,1
vdjdb_full_6847_rs_2_n0,GILGFVFTL_HLA-A*02:01,tcr13125,0
vdjdb_full_12825,IVTDFSVIK_HLA-A*11:01,tcr9781,1
vdjdb_full_12825_rs_2_n0,IVTDFSVIK_HLA-A*11:01,tcr10014,0
vdjdb_full_9713,YLQPRTFLL_HLA-A*02:01,tcr13024,1
vdjdb_full_9713_rs_2_n0,YLQPRTFLL_HLA-A*02:01,tcr14864,0
vdjdb_full_16445,RTATKQYNV_HLA-A*02:01,tcr18040,1
vdjdb_full_16445_rs_2_n0,RTATKQYNV_HLA-A*02:01,tcr7515,0
vdjdb_full_16991,NYNYLYRLF_HLA-A*24:02,tcr2864,1
vdjdb_full_16991_rs_2_n0,NYNYLYRLF_HLA-A*24:02,tcr7076,0
vdjdb_full_13261,CLGGLLTMV_HLA-A*02:01,tcr5611,1
vdjdb_full_13261_rs_2_n0,CLGGLLTMV_HLA-A*02:01,tcr8335,0
vdjdb_full_17173,KTWGQYWQV_HLA-A*02:01,tcr12911,1
vdjdb_full_17173_rs_2_n0,KTWGQYWQV_HLA-A*02:01,tcr6763,0
vdjdb_full_13219,DATYQRTRALVR_HLA-A*68:01,tcr8526,1
vdjdb_full_13219_rs_2_n0,DATYQRTRALVR_HLA-A*68:01,tcr6141,0
vdjdb_full_9688,YLQPRTFLL_HLA-A*02:01,tcr9546,1
vdjdb_full_9688_rs_2_n0,YLQPRTFLL_HLA-A*02:01,tcr15815,0
vdjdb_full_10627,LTDEMIAQY_HLA-A*01:01,tcr383,1
vdjdb_full_10627_rs_2_n0,LTDEMIAQY_HLA-A*01:01,tcr13741,0
vdjdb_full_4461,SLLMWITQV_HLA-A*02:01,tcr16138,1
vdjdb_full_4461_rs_2_n0,SLLMWITQV_HLA-A*02:01,tcr17887,0
vdjdb_full_10587,LTDEMIAQY_HLA-A*01:01,tcr13013,1
vdjdb_full_10587_rs_2_n0,LTDEMIAQY_HLA-A*01:01,tcr10480,0
vdjdb_full_11683,ELAGIGILTV_HLA-A*02:01,tcr2579,1
vdjdb_full_11683_rs_2_n0,ELAGIGILTV_HLA-A*02:01,tcr16541,0
vdjdb_full_11043,FLASKIGRLV_HLA-A*02:01,tcr9883,1
vdjdb_full_11043_rs_2_n0,FLASKIGRLV_HLA-A*02:01,tcr2850,0
vdjdb_full_13546,LLFGYPVYV_HLA-A*02:01,tcr728,1
vdjdb_full_13546_rs_2_n0,LLFGYPVYV_HLA-A*02:01,tcr250,0
vdjdb_full_14981,LLWNGPMAV_HLA-A*02:01,tcr16441,1
vdjdb_full_14981_rs_2_n0,LLWNGPMAV_HLA-A*02:01,tcr3698,0
vdjdb_full_2559,GLCTLVAML_HLA-A*02:01,tcr5413,1
vdjdb_full_2559_rs_2_n0,GLCTLVAML_HLA-A*02:01,tcr4850,0
vdjdb_full_10676,LTDEMIAQY_HLA-A*01:01,tcr4124,1
vdjdb_full_10676_rs_2_n0,LTDEMIAQY_HLA-A*01:01,tcr2799,0
vdjdb_full_15889,KSKRTPMGF_HLA-B*57:01,tcr15345,1
vdjdb_full_15889_rs_2_n0,KSKRTPMGF_HLA-B*57:01,tcr7464,0
vdjdb_full_15141,NQKLIANQF_HLA-B*15:01,tcr5038,1
vdjdb_full_15141_rs_2_n0,NQKLIANQF_HLA-B*15:01,tcr9557,0
vdjdb_full_8667,NLVPMVATV_HLA-A*02:01,tcr3398,1
vdjdb_full_8667_rs_2_n0,NLVPMVATV_HLA-A*02:01,tcr11119,0
vdjdb_full_14889,LLWNGPMAV_HLA-A*02:01,tcr4952,1
vdjdb_full_14889_rs_2_n0,LLWNGPMAV_HLA-A*02:01,tcr14397,0
vdjdb_full_7341,GILGFVFTL_HLA-A*02:01,tcr11954,1
vdjdb_full_7341_rs_2_n0,GILGFVFTL_HLA-A*02:01,tcr17551,0
vdjdb_full_12183,IVTDFSVIK_HLA-A*11:01,tcr18370,1
vdjdb_full_12183_rs_2_n0,IVTDFSVIK_HLA-A*11:01,tcr8837,0
vdjdb_full_10032,RLRAEAQVK_HLA-A*03:01,tcr8122,1
vdjdb_full_10032_rs_2_n0,RLRAEAQVK_HLA-A*03:01,tcr6865,0
vdjdb_full_14798,LLFNILGGWV_HLA-A*02:01,tcr15341,1
vdjdb_full_14798_rs_2_n0,LLFNILGGWV_HLA-A*02:01,tcr10803,0
vdjdb_full_8375,NLVPMVATV_HLA-A*02:01,tcr14095,1
vdjdb_full_8375_rs_2_n0,NLVPMVATV_HLA-A*02:01,tcr14394,0
vdjdb_full_13223,DATYQRTRALVR_HLA-A*68:01,tcr12913,1
vdjdb_full_13223_rs_2_n0,DATYQRTRALVR_HLA-A*68:01,tcr13805,0
vdjdb_full_2720,SLLMWITQV_HLA-A*02:01,tcr12683,1
vdjdb_full_2720_rs_2_n0,SLLMWITQV_HLA-A*02:01,tcr3549,0
vdjdb_full_14920,LLWNGPMAV_HLA-A*02:01,tcr14077,1
vdjdb_full_14920_rs_2_n0,LLWNGPMAV_HLA-A*02:01,tcr14398,0
vdjdb_full_13174,DATYQRTRALVR_HLA-A*68:01,tcr46,1
vdjdb_full_13174_rs_2_n0,DATYQRTRALVR_HLA-A*68:01,tcr15821,0
vdjdb_full_10685,SPRWYFYYL_HLA-B*07:02,tcr8330,1
vdjdb_full_10685_rs_2_n0,SPRWYFYYL_HLA-B*07:02,tcr8218,0
vdjdb_full_15211,RPHERNGFTVL_HLA-B*07:02,tcr6531,1
vdjdb_full_15211_rs_2_n0,RPHERNGFTVL_HLA-B*07:02,tcr4698,0
vdjdb_full_13615,KTFPPTEPK_HLA-A*03:01,tcr2587,1
vdjdb_full_13615_rs_2_n0,KTFPPTEPK_HLA-A*03:01,tcr14622,0
vdjdb_full_16397,EAAGIGILTV_HLA-A*02:01,tcr5424,1
vdjdb_full_16397_rs_2_n0,EAAGIGILTV_HLA-A*02:01,tcr12281,0
vdjdb_full_11148,TTDPSFLGRY_HLA-A*01:01,tcr16455,1
vdjdb_full_11148_rs_2_n0,TTDPSFLGRY_HLA-A*01:01,tcr8402,0
vdjdb_full_13509,LLLEWLAMA_HLA-A*02:01,tcr14042,1
vdjdb_full_13509_rs_2_n0,LLLEWLAMA_HLA-A*02:01,tcr7292,0
vdjdb_full_2482,GLCTLVAML_HLA-A*02:01,tcr5520,1
vdjdb_full_2482_rs_2_n0,GLCTLVAML_HLA-A*02:01,tcr397,0
vdjdb_full_17533,RLWGTWVKA_HLA-A*02:01,tcr13937,1
vdjdb_full_17533_rs_2_n0,RLWGTWVKA_HLA-A*02:01,tcr15942,0
vdjdb_full_14757,RAQAPPPSW_HLA-B*57:01,tcr12306,1
vdjdb_full_14757_rs_2_n0,RAQAPPPSW_HLA-B*57:01,tcr6691,0
vdjdb_full_10963,SPRWYFYYL_HLA-B*07:02,tcr13513,1
vdjdb_full_10963_rs_2_n0,SPRWYFYYL_HLA-B*07:02,tcr119,0
vdjdb_full_16401,EAAGIGILTV_HLA-A*02:01,tcr824,1
vdjdb_full_16401_rs_2_n0,EAAGIGILTV_HLA-A*02:01,tcr8335,0
vdjdb_full_11573,ATDALMTGF_HLA-A*01:01,tcr3324,1
vdjdb_full_11573_rs_2_n0,ATDALMTGF_HLA-A*01:01,tcr8036,0
vdjdb_full_15030,LLWNGPMAV_HLA-A*02:01,tcr6623,1
vdjdb_full_15030_rs_2_n0,LLWNGPMAV_HLA-A*02:01,tcr5219,0
vdjdb_full_13155,DATYQRTRALVR_HLA-A*68:01,tcr10481,1
vdjdb_full_13155_rs_2_n0,DATYQRTRALVR_HLA-A*68:01,tcr12918,0
vdjdb_full_9236,YVLDHLIVV_HLA-A*02:01,tcr5389,1
vdjdb_full_9236_rs_2_n0,YVLDHLIVV_HLA-A*02:01,tcr16139,0
vdjdb_full_16068,KLVAMGINAV_HLA-A*02:01,tcr1125,1
vdjdb_full_16068_rs_2_n0,KLVAMGINAV_HLA-A*02:01,tcr15030,0
vdjdb_full_18197,GQAQGIGSSVY_HLA-B*15:01,tcr17578,1
vdjdb_full_18197_rs_2_n0,GQAQGIGSSVY_HLA-B*15:01,tcr7516,0
vdjdb_full_11051,FLASKIGRLV_HLA-A*02:01,tcr3207,1
vdjdb_full_11051_rs_2_n0,FLASKIGRLV_HLA-A*02:01,tcr18361,0
vdjdb_full_13528,LLFGYPVYV_HLA-A*02:01,tcr12497,1
vdjdb_full_13528_rs_2_n0,LLFGYPVYV_HLA-A*02:01,tcr3709,0
vdjdb_full_17930,YSEHPTFTSQY_HLA-A*01:01,tcr6231,1
vdjdb_full_17930_rs_2_n0,YSEHPTFTSQY_HLA-A*01:01,tcr2695,0
vdjdb_full_2821,SLLMWITQV_HLA-A*02:01,tcr17336,1
vdjdb_full_2821_rs_2_n0,SLLMWITQV_HLA-A*02:01,tcr4211,0
vdjdb_full_33,QAKWRLQTL_HLA-B*08:01,tcr8687,1
vdjdb_full_33_rs_2_n0,QAKWRLQTL_HLA-B*08:01,tcr2724,0
vdjdb_full_9166,LLAGIGTVPI_HLA-A*02:01,tcr8822,1
vdjdb_full_9166_rs_2_n0,LLAGIGTVPI_HLA-A*02:01,tcr5980,0
vdjdb_full_14626,CTELKLSDY_HLA-A*01:01,tcr11046,1
vdjdb_full_14626_rs_2_n0,CTELKLSDY_HLA-A*01:01,tcr7192,0
vdjdb_full_14649,CTELKLSDY_HLA-A*01:01,tcr119,1
vdjdb_full_14649_rs_2_n0,CTELKLSDY_HLA-A*01:01,tcr9190,0
vdjdb_full_12842,IVTDFSVIK_HLA-A*11:01,tcr6101,1
vdjdb_full_12842_rs_2_n0,IVTDFSVIK_HLA-A*11:01,tcr5038,0
vdjdb_full_4681,AVFDRKSDAK_HLA-A*11:01,tcr7693,1
vdjdb_full_4681_rs_2_n0,AVFDRKSDAK_HLA-A*11:01,tcr17824,0
vdjdb_full_11088,AAGIGILTV_HLA-A*02:01,tcr16184,1
vdjdb_full_11088_rs_2_n0,AAGIGILTV_HLA-A*02:01,tcr17397,0
vdjdb_full_15677,FLRGRAYGL_HLA-B*08:01,tcr10682,1
vdjdb_full_15677_rs_2_n0,FLRGRAYGL_HLA-B*08:01,tcr3133,0
vdjdb_full_4682,AVFDRKSDAK_HLA-A*11:01,tcr286,1
vdjdb_full_4682_rs_2_n0,AVFDRKSDAK_HLA-A*11:01,tcr3431,0
vdjdb_full_12061,ALAGIGILTV_HLA-A*02:01,tcr7802,1
vdjdb_full_12061_rs_2_n0,ALAGIGILTV_HLA-A*02:01,tcr10081,0
vdjdb_full_8697,NLVPMVATV_HLA-A*02:01,tcr284,1
vdjdb_full_8697_rs_2_n0,NLVPMVATV_HLA-A*02:01,tcr11495,0
vdjdb_full_16451,RTATKQYNV_HLA-A*02:01,tcr16483,1
vdjdb_full_16451_rs_2_n0,RTATKQYNV_HLA-A*02:01,tcr9281,0
vdjdb_full_15225,RPHERNGFTVL_HLA-B*07:02,tcr15364,1
vdjdb_full_15225_rs_2_n0,RPHERNGFTVL_HLA-B*07:02,tcr17737,0
vdjdb_full_13477,FLYALALLL_HLA-A*02:01,tcr575,1
vdjdb_full_13477_rs_2_n0,FLYALALLL_HLA-A*02:01,tcr6382,0
vdjdb_full_16768,RLPGVLPRA_HLA-A*02:01,tcr8301,1
vdjdb_full_16768_rs_2_n0,RLPGVLPRA_HLA-A*02:01,tcr11508,0
vdjdb_full_12126,FTSDYYQLY_HLA-A*01:01,tcr10968,1
vdjdb_full_12126_rs_2_n0,FTSDYYQLY_HLA-A*01:01,tcr17142,0
vdjdb_full_9621,YLQPRTFLL_HLA-A*02:01,tcr7153,1
vdjdb_full_9621_rs_2_n0,YLQPRTFLL_HLA-A*02:01,tcr16104,0
vdjdb_full_16596,WPVTLACFV_HLA-B*07:02,tcr13403,1
vdjdb_full_16596_rs_2_n0,WPVTLACFV_HLA-B*07:02,tcr17294,0
vdjdb_full_13202,DATYQRTRALVR_HLA-A*68:01,tcr7676,1
vdjdb_full_13202_rs_2_n0,DATYQRTRALVR_HLA-A*68:01,tcr15844,0
vdjdb_full_13399,FLYALALLL_HLA-A*02:01,tcr476,1
vdjdb_full_13399_rs_2_n0,FLYALALLL_HLA-A*02:01,tcr3165,0
vdjdb_full_17137,HSNLNDATY_HLA-A*01:01,tcr4680,1
vdjdb_full_17137_rs_2_n0,HSNLNDATY_HLA-A*01:01,tcr11323,0
vdjdb_full_16027,KLVALGINAV_HLA-A*02:01,tcr762,1
vdjdb_full_16027_rs_2_n0,KLVALGINAV_HLA-A*02:01,tcr508,0
vdjdb_full_16985,NYNYLYRLF_HLA-A*24:02,tcr11230,1
vdjdb_full_16985_rs_2_n0,NYNYLYRLF_HLA-A*24:02,tcr5331,0
vdjdb_full_12036,ALAGIGILTV_HLA-A*02:01,tcr18301,1
vdjdb_full_12036_rs_2_n0,ALAGIGILTV_HLA-A*02:01,tcr17841,0
vdjdb_full_17050,LLYDANYFL_HLA-A*02:01,tcr15049,1
vdjdb_full_17050_rs_2_n0,LLYDANYFL_HLA-A*02:01,tcr11845,0
vdjdb_full_13542,LLFGYPVYV_HLA-A*02:01,tcr14379,1
vdjdb_full_13542_rs_2_n0,LLFGYPVYV_HLA-A*02:01,tcr8046,0
vdjdb_full_10497,LLSLFSLWL_HLA-A*02:01,tcr13498,1
vdjdb_full_10497_rs_2_n0,LLSLFSLWL_HLA-A*02:01,tcr18403,0
vdjdb_full_15757,RTLNAWVKV_HLA-A*02:01,tcr12422,1
vdjdb_full_15757_rs_2_n0,RTLNAWVKV_HLA-A*02:01,tcr13266,0
vdjdb_full_13344,CLGGLLTMV_HLA-A*02:01,tcr3165,1
vdjdb_full_13344_rs_2_n0,CLGGLLTMV_HLA-A*02:01,tcr5500,0
vdjdb_full_15263,FLSINVHKV_HLA-A*02:01,tcr12645,1
vdjdb_full_15263_rs_2_n0,FLSINVHKV_HLA-A*02:01,tcr12954,0
vdjdb_full_15059,TSQWLTNIF_HLA-A*24:02,tcr10926,1
vdjdb_full_15059_rs_2_n0,TSQWLTNIF_HLA-A*24:02,tcr7946,0
vdjdb_full_12405,IVTDFSVIK_HLA-A*11:01,tcr9208,1
vdjdb_full_12405_rs_2_n0,IVTDFSVIK_HLA-A*11:01,tcr8527,0
vdjdb_full_13502,LLLEWLAMA_HLA-A*02:01,tcr2529,1
vdjdb_full_13502_rs_2_n0,LLLEWLAMA_HLA-A*02:01,tcr5510,0
vdjdb_full_15288,CINGVCWTV_HLA-A*02:01,tcr12595,1
vdjdb_full_15288_rs_2_n0,CINGVCWTV_HLA-A*02:01,tcr17407,0
vdjdb_full_10243,RLRAEAQVK_HLA-A*03:01,tcr5041,1
vdjdb_full_10243_rs_2_n0,RLRAEAQVK_HLA-A*03:01,tcr439,0
vdjdb_full_9348,YVLDHLIVV_HLA-A*02:01,tcr9107,1
vdjdb_full_9348_rs_2_n0,YVLDHLIVV_HLA-A*02:01,tcr11034,0
vdjdb_full_16188,GPRLGVRAT_HLA-B*07:02,tcr17671,1
vdjdb_full_16188_rs_2_n0,GPRLGVRAT_HLA-B*07:02,tcr15552,0
vdjdb_full_2607,GLCTLVAML_HLA-A*02:01,tcr5811,1
vdjdb_full_2607_rs_2_n0,GLCTLVAML_HLA-A*02:01,tcr11632,0
vdjdb_full_11060,FLASKIGRLV_HLA-A*02:01,tcr6763,1
vdjdb_full_11060_rs_2_n0,FLASKIGRLV_HLA-A*02:01,tcr7990,0
vdjdb_full_15221,RPHERNGFTVL_HLA-B*07:02,tcr9085,1
vdjdb_full_15221_rs_2_n0,RPHERNGFTVL_HLA-B*07:02,tcr9810,0
vdjdb_full_14944,LLWNGPMAV_HLA-A*02:01,tcr6950,1
vdjdb_full_14944_rs_2_n0,LLWNGPMAV_HLA-A*02:01,tcr2227,0
vdjdb_full_15726,VYFLQSINF_HLA-A*24:02,tcr15073,1
vdjdb_full_15726_rs_2_n0,VYFLQSINF_HLA-A*24:02,tcr17927,0
vdjdb_full_10595,LTDEMIAQY_HLA-A*01:01,tcr4667,1
vdjdb_full_10595_rs_2_n0,LTDEMIAQY_HLA-A*01:01,tcr12780,0
vdjdb_full_10646,LTDEMIAQY_HLA-A*01:01,tcr11504,1
vdjdb_full_10646_rs_2_n0,LTDEMIAQY_HLA-A*01:01,tcr13848,0
vdjdb_full_14638,CTELKLSDY_HLA-A*01:01,tcr6692,1
vdjdb_full_14638_rs_2_n0,CTELKLSDY_HLA-A*01:01,tcr6890,0
vdjdb_full_17273,YAKWKLCSA_HLA-B*08:01,tcr8307,1
vdjdb_full_17273_rs_2_n0,YAKWKLCSA_HLA-B*08:01,tcr5688,0
vdjdb_full_16508,RPPIFIRRL_HLA-B*07:02,tcr2850,1
vdjdb_full_16508_rs_2_n0,RPPIFIRRL_HLA-B*07:02,tcr8090,0
vdjdb_full_18112,SIIAYTMSL_HLA-B*07:02,tcr3845,1
vdjdb_full_18112_rs_2_n0,SIIAYTMSL_HLA-B*07:02,tcr5970,0
vdjdb_full_17285,KLSALGINAV_HLA-A*02:01,tcr6791,1
vdjdb_full_17285_rs_2_n0,KLSALGINAV_HLA-A*02:01,tcr7420,0
vdjdb_full_14766,RAQAPPPSW_HLA-B*57:01,tcr1548,1
vdjdb_full_14766_rs_2_n0,RAQAPPPSW_HLA-B*57:01,tcr6156,0
vdjdb_full_10592,LTDEMIAQY_HLA-A*01:01,tcr13943,1
vdjdb_full_10592_rs_2_n0,LTDEMIAQY_HLA-A*01:01,tcr2794,0
vdjdb_full_11490,TTDPSFLGRY_HLA-A*01:01,tcr5182,1
vdjdb_full_11490_rs_2_n0,TTDPSFLGRY_HLA-A*01:01,tcr14963,0
vdjdb_full_15352,CINGVCWTV_HLA-A*02:01,tcr7323,1
vdjdb_full_15352_rs_2_n0,CINGVCWTV_HLA-A*02:01,tcr2446,0
vdjdb_full_4750,AVFDRKSDAK_HLA-A*11:01,tcr1699,1
vdjdb_full_4750_rs_2_n0,AVFDRKSDAK_HLA-A*11:01,tcr12978,0
vdjdb_full_3553,SLLMWITQV_HLA-A*02:01,tcr250,1
vdjdb_full_3553_rs_2_n0,SLLMWITQV_HLA-A*02:01,tcr14381,0
vdjdb_full_13901,AYAQKIFKI_HLA-A*24:02,tcr18113,1
vdjdb_full_13901_rs_2_n0,AYAQKIFKI_HLA-A*24:02,tcr11945,0
vdjdb_full_7096,GILGFVFTL_HLA-A*02:01,tcr903,1
vdjdb_full_7096_rs_2_n0,GILGFVFTL_HLA-A*02:01,tcr6265,0
vdjdb_full_16306,RPIIRPATL_HLA-B*08:01,tcr2061,1
vdjdb_full_16306_rs_2_n0,RPIIRPATL_HLA-B*08:01,tcr11629,0
vdjdb_full_16972,NYNYLYRLF_HLA-A*24:02,tcr9227,1
vdjdb_full_16972_rs_2_n0,NYNYLYRLF_HLA-A*24:02,tcr17737,0
vdjdb_full_4713,AVFDRKSDAK_HLA-A*11:01,tcr7107,1
vdjdb_full_4713_rs_2_n0,AVFDRKSDAK_HLA-A*11:01,tcr5044,0
vdjdb_full_11426,TTDPSFLGRY_HLA-A*01:01,tcr4653,1
vdjdb_full_11426_rs_2_n0,TTDPSFLGRY_HLA-A*01:01,tcr15086,0
vdjdb_full_16357,PTDNYITTY_HLA-A*01:01,tcr18361,1
vdjdb_full_16357_rs_2_n0,PTDNYITTY_HLA-A*01:01,tcr10383,0
vdjdb_full_15998,KLVALGINAV_HLA-A*02:01,tcr6637,1
vdjdb_full_15998_rs_2_n0,KLVALGINAV_HLA-A*02:01,tcr4965,0
vdjdb_full_17394,RGPGRAFVTI_HLA-A*02:01,tcr9141,1
vdjdb_full_17394_rs_2_n0,RGPGRAFVTI_HLA-A*02:01,tcr1139,0
vdjdb_full_4639,AVFDRKSDAK_HLA-A*11:01,tcr10685,1
vdjdb_full_4639_rs_2_n0,AVFDRKSDAK_HLA-A*11:01,tcr15821,0
vdjdb_full_13914,AYAQKIFKI_HLA-A*24:02,tcr7532,1
vdjdb_full_13914_rs_2_n0,AYAQKIFKI_HLA-A*24:02,tcr17098,0
vdjdb_full_14737,RAQAPPPSW_HLA-B*57:01,tcr2,1
vdjdb_full_14737_rs_2_n0,RAQAPPPSW_HLA-B*57:01,tcr13056,0
vdjdb_full_10509,LLSLFSLWL_HLA-A*02:01,tcr5688,1
vdjdb_full_10509_rs_2_n0,LLSLFSLWL_HLA-A*02:01,tcr15412,0
vdjdb_full_12133,FTSDYYQLY_HLA-A*01:01,tcr16063,1
vdjdb_full_12133_rs_2_n0,FTSDYYQLY_HLA-A*01:01,tcr14528,0
vdjdb_full_17411,RGPGRAFVTI_HLA-A*02:01,tcr13774,1
vdjdb_full_17411_rs_2_n0,RGPGRAFVTI_HLA-A*02:01,tcr3155,0
vdjdb_full_13444,FLYALALLL_HLA-A*02:01,tcr3063,1
vdjdb_full_13444_rs_2_n0,FLYALALLL_HLA-A*02:01,tcr9972,0
vdjdb_full_15001,LLWNGPMAV_HLA-A*02:01,tcr18259,1
vdjdb_full_15001_rs_2_n0,LLWNGPMAV_HLA-A*02:01,tcr11988,0
vdjdb_full_15715,VYFLQSINF_HLA-A*24:02,tcr1468,1
vdjdb_full_15715_rs_2_n0,VYFLQSINF_HLA-A*24:02,tcr16511,0
vdjdb_full_16400,EAAGIGILTV_HLA-A*02:01,tcr949,1
vdjdb_full_16400_rs_2_n0,EAAGIGILTV_HLA-A*02:01,tcr10651,0
vdjdb_full_15570,FLRGRAYGL_HLA-B*08:01,tcr16588,1
vdjdb_full_15570_rs_2_n0,FLRGRAYGL_HLA-B*08:01,tcr9199,0
vdjdb_full_11345,TTDPSFLGRY_HLA-A*01:01,tcr11819,1
vdjdb_full_11345_rs_2_n0,TTDPSFLGRY_HLA-A*01:01,tcr281,0
vdjdb_full_2241,GLCTLVAML_HLA-A*02:01,tcr12049,1
vdjdb_full_2241_rs_2_n0,GLCTLVAML_HLA-A*02:01,tcr9308,0
vdjdb_full_13456,FLYALALLL_HLA-A*02:01,tcr7238,1
vdjdb_full_13456_rs_2_n0,FLYALALLL_HLA-A*02:01,tcr672,0
vdjdb_full_10740,SPRWYFYYL_HLA-B*07:02,tcr3860,1
vdjdb_full_10740_rs_2_n0,SPRWYFYYL_HLA-B*07:02,tcr4457,0
vdjdb_full_17463,LTSLTILQLY_HLA-A*01:01,tcr1443,1
vdjdb_full_17463_rs_2_n0,LTSLTILQLY_HLA-A*01:01,tcr9519,0
vdjdb_full_11904,ELAGIGILTV_HLA-A*02:01,tcr1501,1
vdjdb_full_11904_rs_2_n0,ELAGIGILTV_HLA-A*02:01,tcr3218,0
vdjdb_full_16385,PTDNYITTY_HLA-A*01:01,tcr6033,1
vdjdb_full_16385_rs_2_n0,PTDNYITTY_HLA-A*01:01,tcr4057,0
vdjdb_full_13851,TPRVTGGGAM_HLA-B*07:02,tcr1202,1
vdjdb_full_13851_rs_2_n0,TPRVTGGGAM_HLA-B*07:02,tcr14003,0
vdjdb_full_16085,VMVELVAEL_HLA-A*02:01,tcr16787,1
vdjdb_full_16085_rs_2_n0,VMVELVAEL_HLA-A*02:01,tcr3645,0
vdjdb_full_14800,LLFNILGGWV_HLA-A*02:01,tcr11,1
vdjdb_full_14800_rs_2_n0,LLFNILGGWV_HLA-A*02:01,tcr621,0
vdjdb_full_9574,YLQPRTFLL_HLA-A*02:01,tcr12600,1
vdjdb_full_9574_rs_2_n0,YLQPRTFLL_HLA-A*02:01,tcr15098,0
vdjdb_full_14633,CTELKLSDY_HLA-A*01:01,tcr224,1
vdjdb_full_14633_rs_2_n0,CTELKLSDY_HLA-A*01:01,tcr2140,0
vdjdb_full_16443,RTATKQYNV_HLA-A*02:01,tcr7903,1
vdjdb_full_16443_rs_2_n0,RTATKQYNV_HLA-A*02:01,tcr4795,0
vdjdb_full_11506,ATDALMTGF_HLA-A*01:01,tcr17107,1
vdjdb_full_11506_rs_2_n0,ATDALMTGF_HLA-A*01:01,tcr15547,0
vdjdb_full_17664,ALWALPHAA_HLA-A*02:01,tcr15898,1
vdjdb_full_17664_rs_2_n0,ALWALPHAA_HLA-A*02:01,tcr13319,0
vdjdb_full_11608,ATDALMTGF_HLA-A*01:01,tcr13700,1
vdjdb_full_11608_rs_2_n0,ATDALMTGF_HLA-A*01:01,tcr4921,0
vdjdb_full_14450,RVRAYTYSK_HLA-A*03:01,tcr1746,1
vdjdb_full_14450_rs_2_n0,RVRAYTYSK_HLA-A*03:01,tcr17455,0
vdjdb_full_8447,NLVPMVATV_HLA-A*02:01,tcr9737,1
vdjdb_full_8447_rs_2_n0,NLVPMVATV_HLA-A*02:01,tcr3645,0
vdjdb_full_16463,RTATKQYNV_HLA-A*02:01,tcr11330,1
vdjdb_full_16463_rs_2_n0,RTATKQYNV_HLA-A*02:01,tcr5628,0
vdjdb_full_17675,ALWALPHAA_HLA-A*02:01,tcr2045,1
vdjdb_full_17675_rs_2_n0,ALWALPHAA_HLA-A*02:01,tcr13081,0
vdjdb_full_13186,DATYQRTRALVR_HLA-A*68:01,tcr13709,1
vdjdb_full_13186_rs_2_n0,DATYQRTRALVR_HLA-A*68:01,tcr1116,0
vdjdb_full_14053,RVRAYTYSK_HLA-A*03:01,tcr5980,1
vdjdb_full_14053_rs_2_n0,RVRAYTYSK_HLA-A*03:01,tcr17841,0
vdjdb_full_15201,RPHERNGFTVL_HLA-B*07:02,tcr7123,1
vdjdb_full_15201_rs_2_n0,RPHERNGFTVL_HLA-B*07:02,tcr4406,0
vdjdb_full_17528,RLWGTWVKA_HLA-A*02:01,tcr13593,1
vdjdb_full_17528_rs_2_n0,RLWGTWVKA_HLA-A*02:01,tcr3522,0
vdjdb_full_15054,TSQWLTNIF_HLA-A*24:02,tcr14917,1
vdjdb_full_15054_rs_2_n0,TSQWLTNIF_HLA-A*24:02,tcr15199,0
vdjdb_full_9035,LLAGIGTVPI_HLA-A*02:01,tcr2740,1
vdjdb_full_9035_rs_2_n0,LLAGIGTVPI_HLA-A*02:01,tcr14864,0
vdjdb_full_16649,QYIKWPWYI_HLA-A*24:02,tcr17283,1
vdjdb_full_16649_rs_2_n0,QYIKWPWYI_HLA-A*24:02,tcr12415,0
vdjdb_full_12208,IVTDFSVIK_HLA-A*11:01,tcr15086,1
vdjdb_full_12208_rs_2_n0,IVTDFSVIK_HLA-A*11:01,tcr14583,0
vdjdb_full_15760,RTLNAWVKV_HLA-A*02:01,tcr6357,1
vdjdb_full_15760_rs_2_n0,RTLNAWVKV_HLA-A*02:01,tcr13096,0
vdjdb_full_10601,LTDEMIAQY_HLA-A*01:01,tcr5509,1
vdjdb_full_10601_rs_2_n0,LTDEMIAQY_HLA-A*01:01,tcr16240,0
vdjdb_full_10633,LTDEMIAQY_HLA-A*01:01,tcr8631,1
vdjdb_full_10633_rs_2_n0,LTDEMIAQY_HLA-A*01:01,tcr7755,0
vdjdb_full_17924,YSEHPTFTSQY_HLA-A*01:01,tcr6683,1
vdjdb_full_17924_rs_2_n0,YSEHPTFTSQY_HLA-A*01:01,tcr17835,0
vdjdb_full_7738,GILGFVFTL_HLA-A*02:01,tcr2304,1
vdjdb_full_7738_rs_2_n0,GILGFVFTL_HLA-A*02:01,tcr7649,0
vdjdb_full_13906,AYAQKIFKI_HLA-A*24:02,tcr16444,1
vdjdb_full_13906_rs_2_n0,AYAQKIFKI_HLA-A*24:02,tcr3748,0
vdjdb_full_5185,AVFDRKSDAK_HLA-A*11:01,tcr15471,1
vdjdb_full_5185_rs_2_n0,AVFDRKSDAK_HLA-A*11:01,tcr18113,0
vdjdb_full_15971,KSKRTPMGF_HLA-B*57:01,tcr207,1
vdjdb_full_15971_rs_2_n0,KSKRTPMGF_HLA-B*57:01,tcr1679,0
vdjdb_full_16625,QYIKWPWYI_HLA-A*24:02,tcr12892,1
vdjdb_full_16625_rs_2_n0,QYIKWPWYI_HLA-A*24:02,tcr2507,0
vdjdb_full_15462,CINGVCWTV_HLA-A*02:01,tcr15319,1
vdjdb_full_15462_rs_2_n0,CINGVCWTV_HLA-A*02:01,tcr5535,0
vdjdb_full_13434,FLYALALLL_HLA-A*02:01,tcr14231,1
vdjdb_full_13434_rs_2_n0,FLYALALLL_HLA-A*02:01,tcr6145,0
vdjdb_full_16552,RLGPVQNEV_HLA-A*02:01,tcr15204,1
vdjdb_full_16552_rs_2_n0,RLGPVQNEV_HLA-A*02:01,tcr13568,0
vdjdb_full_11165,TTDPSFLGRY_HLA-A*01:01,tcr12387,1
vdjdb_full_11165_rs_2_n0,TTDPSFLGRY_HLA-A*01:01,tcr8785,0
vdjdb_full_16634,QYIKWPWYI_HLA-A*24:02,tcr2069,1
vdjdb_full_16634_rs_2_n0,QYIKWPWYI_HLA-A*24:02,tcr972,0
vdjdb_full_2072,GLCTLVAML_HLA-A*02:01,tcr18269,1
vdjdb_full_2072_rs_2_n0,GLCTLVAML_HLA-A*02:01,tcr8395,0
vdjdb_full_16543,RLGPVQNEV_HLA-A*02:01,tcr500,1
vdjdb_full_16543_rs_2_n0,RLGPVQNEV_HLA-A*02:01,tcr5182,0
vdjdb_full_17494,RLITGRLQSL_HLA-A*02:01,tcr12383,1
vdjdb_full_17494_rs_2_n0,RLITGRLQSL_HLA-A*02:01,tcr6573,0
vdjdb_full_15990,KLVALGINAV_HLA-A*02:01,tcr2022,1
vdjdb_full_15990_rs_2_n0,KLVALGINAV_HLA-A*02:01,tcr14954,0
vdjdb_full_2890,SLLMWITQV_HLA-A*02:01,tcr6451,1
vdjdb_full_2890_rs_2_n0,SLLMWITQV_HLA-A*02:01,tcr13641,0
vdjdb_full_10552,LTDEMIAQY_HLA-A*01:01,tcr397,1
vdjdb_full_10552_rs_2_n0,LTDEMIAQY_HLA-A*01:01,tcr14528,0
vdjdb_full_15621,FLRGRAYGL_HLA-B*08:01,tcr18368,1
vdjdb_full_15621_rs_2_n0,FLRGRAYGL_HLA-B*08:01,tcr4419,0
vdjdb_full_2140,GLCTLVAML_HLA-A*02:01,tcr4117,1
vdjdb_full_2140_rs_2_n0,GLCTLVAML_HLA-A*02:01,tcr8466,0
vdjdb_full_16470,RPPIFIRRL_HLA-B*07:02,tcr12743,1
vdjdb_full_16470_rs_2_n0,RPPIFIRRL_HLA-B*07:02,tcr17319,0
vdjdb_full_10856,SPRWYFYYL_HLA-B*07:02,tcr5409,1
vdjdb_full_10856_rs_2_n0,SPRWYFYYL_HLA-B*07:02,tcr13644,0
vdjdb_full_43,QAKWRLQTL_HLA-B*08:01,tcr15199,1
vdjdb_full_43_rs_2_n0,QAKWRLQTL_HLA-B*08:01,tcr982,0
vdjdb_full_14641,CTELKLSDY_HLA-A*01:01,tcr16498,1
vdjdb_full_14641_rs_2_n0,CTELKLSDY_HLA-A*01:01,tcr16087,0
vdjdb_full_2884,SLLMWITQV_HLA-A*02:01,tcr14580,1
vdjdb_full_2884_rs_2_n0,SLLMWITQV_HLA-A*02:01,tcr17541,0
vdjdb_full_11400,TTDPSFLGRY_HLA-A*01:01,tcr12546,1
vdjdb_full_11400_rs_2_n0,TTDPSFLGRY_HLA-A*01:01,tcr1109,0
vdjdb_full_2906,SLLMWITQV_HLA-A*02:01,tcr833,1
vdjdb_full_2906_rs_2_n0,SLLMWITQV_HLA-A*02:01,tcr16652,0
vdjdb_full_12001,ELAGIGILTV_HLA-A*02:01,tcr15821,1
vdjdb_full_12001_rs_2_n0,ELAGIGILTV_HLA-A*02:01,tcr13644,0
vdjdb_full_14675,CTELKLSDY_HLA-A*01:01,tcr18210,1
vdjdb_full_14675_rs_2_n0,CTELKLSDY_HLA-A*01:01,tcr14229,0
vdjdb_full_13486,FLYALALLL_HLA-A*02:01,tcr4611,1
vdjdb_full_13486_rs_2_n0,FLYALALLL_HLA-A*02:01,tcr12561,0
vdjdb_full_12033,ALAGIGILTV_HLA-A*02:01,tcr5453,1
vdjdb_full_12033_rs_2_n0,ALAGIGILTV_HLA-A*02:01,tcr7277,0
vdjdb_full_12090,ALAGIGILTV_HLA-A*02:01,tcr15603,1
vdjdb_full_12090_rs_2_n0,ALAGIGILTV_HLA-A*02:01,tcr15259,0
vdjdb_full_2933,SLLMWITQV_HLA-A*02:01,tcr1958,1
vdjdb_full_2933_rs_2_n0,SLLMWITQV_HLA-A*02:01,tcr2730,0
vdjdb_full_3788,SLLMWITQV_HLA-A*02:01,tcr11001,1
vdjdb_full_3788_rs_2_n0,SLLMWITQV_HLA-A*02:01,tcr17639,0
vdjdb_full_15861,KSKRTPMGF_HLA-B*57:01,tcr2626,1
vdjdb_full_15861_rs_2_n0,KSKRTPMGF_HLA-B*57:01,tcr8038,0
vdjdb_full_13794,TPRVTGGGAM_HLA-B*07:02,tcr3147,1
vdjdb_full_13794_rs_2_n0,TPRVTGGGAM_HLA-B*07:02,tcr13403,0
vdjdb_full_11045,FLASKIGRLV_HLA-A*02:01,tcr669,1
vdjdb_full_11045_rs_2_n0,FLASKIGRLV_HLA-A*02:01,tcr8817,0
vdjdb_full_6039,AVFDRKSDAK_HLA-A*11:01,tcr6207,1
vdjdb_full_6039_rs_2_n0,AVFDRKSDAK_HLA-A*11:01,tcr16133,0
vdjdb_full_15635,FLRGRAYGL_HLA-B*08:01,tcr13206,1
vdjdb_full_15635_rs_2_n0,FLRGRAYGL_HLA-B*08:01,tcr4979,0
vdjdb_full_5347,AVFDRKSDAK_HLA-A*11:01,tcr5790,1
vdjdb_full_5347_rs_2_n0,AVFDRKSDAK_HLA-A*11:01,tcr7323,0
vdjdb_full_14790,LLFNILGGWV_HLA-A*02:01,tcr9140,1
vdjdb_full_14790_rs_2_n0,LLFNILGGWV_HLA-A*02:01,tcr13863,0
vdjdb_full_35,QAKWRLQTL_HLA-B*08:01,tcr5615,1
vdjdb_full_35_rs_2_n0,QAKWRLQTL_HLA-B*08:01,tcr827,0
vdjdb_full_14676,CTELKLSDY_HLA-A*01:01,tcr4442,1
vdjdb_full_14676_rs_2_n0,CTELKLSDY_HLA-A*01:01,tcr4703,0
vdjdb_full_16555,RLGPVQNEV_HLA-A*02:01,tcr12810,1
vdjdb_full_16555_rs_2_n0,RLGPVQNEV_HLA-A*02:01,tcr14355,0
vdjdb_full_17960,EPLPQGQLTAY_HLA-B*35:01,tcr1091,1
vdjdb_full_17960_rs_2_n0,EPLPQGQLTAY_HLA-B*35:01,tcr1882,0
vdjdb_full_12112,YLQQNWWTL_HLA-A*02:01,tcr12759,1
vdjdb_full_12112_rs_2_n0,YLQQNWWTL_HLA-A*02:01,tcr14829,0
vdjdb_full_15575,FLRGRAYGL_HLA-B*08:01,tcr6755,1
vdjdb_full_15575_rs_2_n0,FLRGRAYGL_HLA-B*08:01,tcr14394,0
vdjdb_full_15245,RPHERNGFTVL_HLA-B*07:02,tcr707,1
vdjdb_full_15245_rs_2_n0,RPHERNGFTVL_HLA-B*07:02,tcr3351,0
vdjdb_full_15493,CINGVCWTV_HLA-A*02:01,tcr7734,1
vdjdb_full_15493_rs_2_n0,CINGVCWTV_HLA-A*02:01,tcr17240,0
vdjdb_full_18161,MLDLQPETT_HLA-A*02:01,tcr7858,1
vdjdb_full_18161_rs_2_n0,MLDLQPETT_HLA-A*02:01,tcr3584,0
vdjdb_full_16538,RLGPVQNEV_HLA-A*02:01,tcr3513,1
vdjdb_full_16538_rs_2_n0,RLGPVQNEV_HLA-A*02:01,tcr4781,0
vdjdb_full_11062,FLASKIGRLV_HLA-A*02:01,tcr466,1
vdjdb_full_11062_rs_2_n0,FLASKIGRLV_HLA-A*02:01,tcr7939,0
vdjdb_full_13507,LLLEWLAMA_HLA-A*02:01,tcr8438,1
vdjdb_full_13507_rs_2_n0,LLLEWLAMA_HLA-A*02:01,tcr11888,0
vdjdb_full_10370,RLRAEAQVK_HLA-A*03:01,tcr5517,1
vdjdb_full_10370_rs_2_n0,RLRAEAQVK_HLA-A*03:01,tcr10595,0
vdjdb_full_15285,CINGVCWTV_HLA-A*02:01,tcr17487,1
vdjdb_full_15285_rs_2_n0,CINGVCWTV_HLA-A*02:01,tcr6565,0
vdjdb_full_16372,PTDNYITTY_HLA-A*01:01,tcr11286,1
vdjdb_full_16372_rs_2_n0,PTDNYITTY_HLA-A*01:01,tcr16562,0
vdjdb_full_11522,ATDALMTGF_HLA-A*01:01,tcr3584,1
vdjdb_full_11522_rs_2_n0,ATDALMTGF_HLA-A*01:01,tcr10636,0
vdjdb_full_11370,TTDPSFLGRY_HLA-A*01:01,tcr9518,1
vdjdb_full_11370_rs_2_n0,TTDPSFLGRY_HLA-A*01:01,tcr3217,0
vdjdb_full_16237,GIIYIIYKL_HLA-A*02:01,tcr8401,1
vdjdb_full_16237_rs_2_n0,GIIYIIYKL_HLA-A*02:01,tcr4485,0
vdjdb_full_13255,HPVGEADYFEY_HLA-B*35:01,tcr3148,1
vdjdb_full_13255_rs_2_n0,HPVGEADYFEY_HLA-B*35:01,tcr3536,0
vdjdb_full_14851,LLWNGPMAV_HLA-A*02:01,tcr276,1
vdjdb_full_14851_rs_2_n0,LLWNGPMAV_HLA-A*02:01,tcr10159,0
vdjdb_full_10665,LTDEMIAQY_HLA-A*01:01,tcr9812,1
vdjdb_full_10665_rs_2_n0,LTDEMIAQY_HLA-A*01:01,tcr5481,0
vdjdb_full_13667,KTFPPTEPK_HLA-A*03:01,tcr2723,1
vdjdb_full_13667_rs_2_n0,KTFPPTEPK_HLA-A*03:01,tcr5241,0
vdjdb_full_16060,KLVAMGINAV_HLA-A*02:01,tcr14960,1
vdjdb_full_16060_rs_2_n0,KLVAMGINAV_HLA-A*02:01,tcr12150,0
vdjdb_full_11785,ELAGIGILTV_HLA-A*02:01,tcr10016,1
vdjdb_full_11785_rs_2_n0,ELAGIGILTV_HLA-A*02:01,tcr8335,0
vdjdb_full_16001,KLVALGINAV_HLA-A*02:01,tcr10438,1
vdjdb_full_16001_rs_2_n0,KLVALGINAV_HLA-A*02:01,tcr3685,0
vdjdb_full_13206,DATYQRTRALVR_HLA-A*68:01,tcr17069,1
vdjdb_full_13206_rs_2_n0,DATYQRTRALVR_HLA-A*68:01,tcr16155,0
vdjdb_full_14088,RVRAYTYSK_HLA-A*03:01,tcr16025,1
vdjdb_full_14088_rs_2_n0,RVRAYTYSK_HLA-A*03:01,tcr16476,0
vdjdb_full_9485,YVLDHLIVV_HLA-A*02:01,tcr121,1
vdjdb_full_9485_rs_2_n0,YVLDHLIVV_HLA-A*02:01,tcr16009,0
vdjdb_full_9016,LLAGIGTVPI_HLA-A*02:01,tcr15947,1
vdjdb_full_9016_rs_2_n0,LLAGIGTVPI_HLA-A*02:01,tcr9624,0
vdjdb_full_11466,TTDPSFLGRY_HLA-A*01:01,tcr10331,1
vdjdb_full_11466_rs_2_n0,TTDPSFLGRY_HLA-A*01:01,tcr12954,0
vdjdb_full_18154,MLDLQPETT_HLA-A*02:01,tcr164,1
vdjdb_full_18154_rs_2_n0,MLDLQPETT_HLA-A*02:01,tcr9241,0
vdjdb_full_11261,TTDPSFLGRY_HLA-A*01:01,tcr1828,1
vdjdb_full_11261_rs_2_n0,TTDPSFLGRY_HLA-A*01:01,tcr11771,0
vdjdb_full_14762,RAQAPPPSW_HLA-B*57:01,tcr5548,1
vdjdb_full_14762_rs_2_n0,RAQAPPPSW_HLA-B*57:01,tcr17824,0
vdjdb_full_15759,RTLNAWVKV_HLA-A*02:01,tcr5538,1
vdjdb_full_15759_rs_2_n0,RTLNAWVKV_HLA-A*02:01,tcr15199,0
vdjdb_full_12823,IVTDFSVIK_HLA-A*11:01,tcr5627,1
vdjdb_full_12823_rs_2_n0,IVTDFSVIK_HLA-A*11:01,tcr4925,0
vdjdb_full_17335,RVAGDSGFAAY_HLA-B*15:01,tcr15849,1
vdjdb_full_17335_rs_2_n0,RVAGDSGFAAY_HLA-B*15:01,tcr284,0
vdjdb_full_16464,RTATKQYNV_HLA-A*02:01,tcr1987,1
vdjdb_full_16464_rs_2_n0,RTATKQYNV_HLA-A*02:01,tcr17079,0
vdjdb_full_16421,RTATKQYNV_HLA-A*02:01,tcr7373,1
vdjdb_full_16421_rs_2_n0,RTATKQYNV_HLA-A*02:01,tcr9744,0
vdjdb_full_13805,TPRVTGGGAM_HLA-B*07:02,tcr18417,1
vdjdb_full_13805_rs_2_n0,TPRVTGGGAM_HLA-B*07:02,tcr1679,0
vdjdb_full_15160,ALWEIQQVV_HLA-A*02:01,tcr1094,1
vdjdb_full_15160_rs_2_n0,ALWEIQQVV_HLA-A*02:01,tcr6996,0
vdjdb_full_17112,HSNLNDATY_HLA-A*01:01,tcr16485,1
vdjdb_full_17112_rs_2_n0,HSNLNDATY_HLA-A*01:01,tcr14788,0
vdjdb_full_13616,KTFPPTEPK_HLA-A*03:01,tcr14196,1
vdjdb_full_13616_rs_2_n0,KTFPPTEPK_HLA-A*03:01,tcr3623,0
vdjdb_full_5202,AVFDRKSDAK_HLA-A*11:01,tcr3467,1
vdjdb_full_5202_rs_2_n0,AVFDRKSDAK_HLA-A*11:01,tcr8785,0
vdjdb_full_17162,KTWGQYWQV_HLA-A*02:01,tcr7464,1
vdjdb_full_17162_rs_2_n0,KTWGQYWQV_HLA-A*02:01,tcr17969,0
vdjdb_full_2414,GLCTLVAML_HLA-A*02:01,tcr11115,1
vdjdb_full_2414_rs_2_n0,GLCTLVAML_HLA-A*02:01,tcr14975,0
vdjdb_full_3181,SLLMWITQV_HLA-A*02:01,tcr7890,1
vdjdb_full_3181_rs_2_n0,SLLMWITQV_HLA-A*02:01,tcr6390,0
vdjdb_full_14761,RAQAPPPSW_HLA-B*57:01,tcr11393,1
vdjdb_full_14761_rs_2_n0,RAQAPPPSW_HLA-B*57:01,tcr11158,0
vdjdb_full_1580,KLGGALQAK_HLA-A*03:01,tcr1885,1
vdjdb_full_1580_rs_2_n0,KLGGALQAK_HLA-A*03:01,tcr12012,0
vdjdb_full_13440,FLYALALLL_HLA-A*02:01,tcr9125,1
vdjdb_full_13440_rs_2_n0,FLYALALLL_HLA-A*02:01,tcr15948,0
vdjdb_full_15970,KSKRTPMGF_HLA-B*57:01,tcr5370,1
vdjdb_full_15970_rs_2_n0,KSKRTPMGF_HLA-B*57:01,tcr17971,0
vdjdb_full_6667,GILGFVFTL_HLA-A*02:01,tcr10276,1
vdjdb_full_6667_rs_2_n0,GILGFVFTL_HLA-A*02:01,tcr479,0
vdjdb_full_2398,GLCTLVAML_HLA-A*02:01,tcr1693,1
vdjdb_full_2398_rs_2_n0,GLCTLVAML_HLA-A*02:01,tcr17522,0
vdjdb_full_11317,TTDPSFLGRY_HLA-A*01:01,tcr2255,1
vdjdb_full_11317_rs_2_n0,TTDPSFLGRY_HLA-A*01:01,tcr15097,0
vdjdb_full_17688,ALWALPHAA_HLA-A*02:01,tcr8785,1
vdjdb_full_17688_rs_2_n0,ALWALPHAA_HLA-A*02:01,tcr10287,0
vdjdb_full_10600,LTDEMIAQY_HLA-A*01:01,tcr2048,1
vdjdb_full_10600_rs_2_n0,LTDEMIAQY_HLA-A*01:01,tcr5986,0
vdjdb_full_13267,CLGGLLTMV_HLA-A*02:01,tcr13304,1
vdjdb_full_13267_rs_2_n0,CLGGLLTMV_HLA-A*02:01,tcr3791,0
vdjdb_full_17368,RPIIRPATL_HLA-B*07:02,tcr7527,1
vdjdb_full_17368_rs_2_n0,RPIIRPATL_HLA-B*07:02,tcr1958,0
vdjdb_full_15110,NQKLIANQF_HLA-B*15:01,tcr2480,1
vdjdb_full_15110_rs_2_n0,NQKLIANQF_HLA-B*15:01,tcr6636,0
vdjdb_full_16459,RTATKQYNV_HLA-A*02:01,tcr6264,1
vdjdb_full_16459_rs_2_n0,RTATKQYNV_HLA-A*02:01,tcr9557,0
vdjdb_full_8922,LLAGIGTVPI_HLA-A*02:01,tcr619,1
vdjdb_full_8922_rs_2_n0,LLAGIGTVPI_HLA-A*02:01,tcr5170,0
vdjdb_full_7947,GILGFVFTL_HLA-A*02:01,tcr7338,1
vdjdb_full_7947_rs_2_n0,GILGFVFTL_HLA-A*02:01,tcr6924,0
vdjdb_full_13534,LLFGYPVYV_HLA-A*02:01,tcr7254,1
vdjdb_full_13534_rs_2_n0,LLFGYPVYV_HLA-A*02:01,tcr149,0
vdjdb_full_13392,FLYALALLL_HLA-A*02:01,tcr656,1
vdjdb_full_13392_rs_2_n0,FLYALALLL_HLA-A*02:01,tcr1554,0
vdjdb_full_16960,NYNYLYRLF_HLA-A*24:02,tcr2511,1
vdjdb_full_16960_rs_2_n0,NYNYLYRLF_HLA-A*24:02,tcr9457,0
vdjdb_full_16976,NYNYLYRLF_HLA-A*24:02,tcr10426,1
vdjdb_full_16976_rs_2_n0,NYNYLYRLF_HLA-A*24:02,tcr3646,0
vdjdb_full_10675,LTDEMIAQY_HLA-A*01:01,tcr4407,1
vdjdb_full_10675_rs_2_n0,LTDEMIAQY_HLA-A*01:01,tcr11668,0
vdjdb_full_13478,FLYALALLL_HLA-A*02:01,tcr13056,1
vdjdb_full_13478_rs_2_n0,FLYALALLL_HLA-A*02:01,tcr11147,0
vdjdb_full_13340,CLGGLLTMV_HLA-A*02:01,tcr16266,1
vdjdb_full_13340_rs_2_n0,CLGGLLTMV_HLA-A*02:01,tcr12646,0
vdjdb_full_17190,ALSKGVHFV_HLA-A*02:01,tcr7261,1
vdjdb_full_17190_rs_2_n0,ALSKGVHFV_HLA-A*02:01,tcr15849,0
vdjdb_full_13234,DATYQRTRALVR_HLA-A*68:01,tcr8410,1
vdjdb_full_13234_rs_2_n0,DATYQRTRALVR_HLA-A*68:01,tcr17471,0
vdjdb_full_11892,ELAGIGILTV_HLA-A*02:01,tcr5369,1
vdjdb_full_11892_rs_2_n0,ELAGIGILTV_HLA-A*02:01,tcr9076,0
vdjdb_full_13225,DATYQRTRALVR_HLA-A*68:01,tcr8588,1
vdjdb_full_13225_rs_2_n0,DATYQRTRALVR_HLA-A*68:01,tcr5488,0
vdjdb_full_15879,KSKRTPMGF_HLA-B*57:01,tcr1190,1
vdjdb_full_15879_rs_2_n0,KSKRTPMGF_HLA-B*57:01,tcr430,0
vdjdb_full_17287,KLSALGINAV_HLA-A*02:01,tcr4485,1
vdjdb_full_17287_rs_2_n0,KLSALGINAV_HLA-A*02:01,tcr7890,0
vdjdb_full_13506,LLLEWLAMA_HLA-A*02:01,tcr15013,1
vdjdb_full_13506_rs_2_n0,LLLEWLAMA_HLA-A*02:01,tcr1886,0
vdjdb_full_16693,VAANIVLTV_HLA-A*02:01,tcr9933,1
vdjdb_full_16693_rs_2_n0,VAANIVLTV_HLA-A*02:01,tcr15844,0
vdjdb_full_15946,KSKRTPMGF_HLA-B*57:01,tcr6823,1
vdjdb_full_15946_rs_2_n0,KSKRTPMGF_HLA-B*57:01,tcr5551,0
vdjdb_full_14974,LLWNGPMAV_HLA-A*02:01,tcr7689,1
vdjdb_full_14974_rs_2_n0,LLWNGPMAV_HLA-A*02:01,tcr3970,0
vdjdb_full_15942,KSKRTPMGF_HLA-B*57:01,tcr13450,1
vdjdb_full_15942_rs_2_n0,KSKRTPMGF_HLA-B*57:01,tcr920,0
vdjdb_full_9427,YVLDHLIVV_HLA-A*02:01,tcr6457,1
vdjdb_full_9427_rs_2_n0,YVLDHLIVV_HLA-A*02:01,tcr6125,0
vdjdb_full_17120,HSNLNDATY_HLA-A*01:01,tcr10344,1
vdjdb_full_17120_rs_2_n0,HSNLNDATY_HLA-A*01:01,tcr2548,0
vdjdb_full_18410,FLWSVFWLI_HLA-A*02:01,tcr15271,1
vdjdb_full_18410_rs_2_n0,FLWSVFWLI_HLA-A*02:01,tcr13700,0
vdjdb_full_11682,ELAGIGILTV_HLA-A*02:01,tcr2004,1
vdjdb_full_11682_rs_2_n0,ELAGIGILTV_HLA-A*02:01,tcr10196,0
vdjdb_full_12045,ALAGIGILTV_HLA-A*02:01,tcr15071,1
vdjdb_full_12045_rs_2_n0,ALAGIGILTV_HLA-A*02:01,tcr11786,0
vdjdb_full_15092,NQKLIANQF_HLA-B*15:01,tcr3728,1
vdjdb_full_15092_rs_2_n0,NQKLIANQF_HLA-B*15:01,tcr1099,0
vdjdb_full_18172,QELIRQGTDY_HLA-B*44:02,tcr16133,1
vdjdb_full_18172_rs_2_n0,QELIRQGTDY_HLA-B*44:02,tcr11994,0
vdjdb_full_15286,CINGVCWTV_HLA-A*02:01,tcr12872,1
vdjdb_full_15286_rs_2_n0,CINGVCWTV_HLA-A*02:01,tcr3955,0
vdjdb_full_17689,ALWALPHAA_HLA-A*02:01,tcr7649,1
vdjdb_full_17689_rs_2_n0,ALWALPHAA_HLA-A*02:01,tcr8881,0
vdjdb_full_13453,FLYALALLL_HLA-A*02:01,tcr9443,1
vdjdb_full_13453_rs_2_n0,FLYALALLL_HLA-A*02:01,tcr258,0
vdjdb_full_17264,YAKWKLCSA_HLA-B*08:01,tcr18332,1
vdjdb_full_17264_rs_2_n0,YAKWKLCSA_HLA-B*08:01,tcr2984,0
vdjdb_full_17396,RGPGRAFVTI_HLA-A*02:01,tcr14466,1
vdjdb_full_17396_rs_2_n0,RGPGRAFVTI_HLA-A*02:01,tcr9720,0
vdjdb_full_11590,ATDALMTGF_HLA-A*01:01,tcr7159,1
vdjdb_full_11590_rs_2_n0,ATDALMTGF_HLA-A*01:01,tcr3367,0
vdjdb_full_15992,KLVALGINAV_HLA-A*02:01,tcr13070,1
vdjdb_full_15992_rs_2_n0,KLVALGINAV_HLA-A*02:01,tcr16205,0
vdjdb_full_12116,YLQQNWWTL_HLA-A*02:01,tcr3051,1
vdjdb_full_12116_rs_2_n0,YLQQNWWTL_HLA-A*02:01,tcr466,0
vdjdb_full_9109,LLAGIGTVPI_HLA-A*02:01,tcr13098,1
vdjdb_full_9109_rs_2_n0,LLAGIGTVPI_HLA-A*02:01,tcr11415,0
vdjdb_full_14862,LLWNGPMAV_HLA-A*02:01,tcr16332,1
vdjdb_full_14862_rs_2_n0,LLWNGPMAV_HLA-A*02:01,tcr16271,0
vdjdb_full_16970,NYNYLYRLF_HLA-A*24:02,tcr13906,1
vdjdb_full_16970_rs_2_n0,NYNYLYRLF_HLA-A*24:02,tcr18147,0
vdjdb_full_15750,STNVGSNTY_HLA-A*01:01,tcr5644,1
vdjdb_full_15750_rs_2_n0,STNVGSNTY_HLA-A*01:01,tcr12726,0
vdjdb_full_12157,FTSDYYQLY_HLA-A*01:01,tcr7921,1
vdjdb_full_12157_rs_2_n0,FTSDYYQLY_HLA-A*01:01,tcr11047,0
vdjdb_full_13657,KTFPPTEPK_HLA-A*03:01,tcr12015,1
vdjdb_full_13657_rs_2_n0,KTFPPTEPK_HLA-A*03:01,tcr1,0
vdjdb_full_2198,GLCTLVAML_HLA-A*02:01,tcr8332,1
vdjdb_full_2198_rs_2_n0,GLCTLVAML_HLA-A*02:01,tcr3147,0
vdjdb_full_15594,FLRGRAYGL_HLA-B*08:01,tcr1490,1
vdjdb_full_15594_rs_2_n0,FLRGRAYGL_HLA-B*08:01,tcr8785,0
vdjdb_full_13153,DATYQRTRALVR_HLA-A*68:01,tcr12299,1
vdjdb_full_13153_rs_2_n0,DATYQRTRALVR_HLA-A*68:01,tcr4940,0
vdjdb_full_16011,KLVALGINAV_HLA-A*02:01,tcr16510,1
vdjdb_full_16011_rs_2_n0,KLVALGINAV_HLA-A*02:01,tcr12108,0
vdjdb_full_11702,ELAGIGILTV_HLA-A*02:01,tcr15380,1
vdjdb_full_11702_rs_2_n0,ELAGIGILTV_HLA-A*02:01,tcr11994,0
vdjdb_full_13655,KTFPPTEPK_HLA-A*03:01,tcr17037,1
vdjdb_full_13655_rs_2_n0,KTFPPTEPK_HLA-A*03:01,tcr2953,0
vdjdb_full_17690,ALWALPHAA_HLA-A*02:01,tcr12886,1
vdjdb_full_17690_rs_2_n0,ALWALPHAA_HLA-A*02:01,tcr8189,0
vdjdb_full_9079,LLAGIGTVPI_HLA-A*02:01,tcr6519,1
vdjdb_full_9079_rs_2_n0,LLAGIGTVPI_HLA-A*02:01,tcr10584,0
vdjdb_full_14431,RVRAYTYSK_HLA-A*03:01,tcr17605,1
vdjdb_full_14431_rs_2_n0,RVRAYTYSK_HLA-A*03:01,tcr16653,0
vdjdb_full_9049,LLAGIGTVPI_HLA-A*02:01,tcr14979,1
vdjdb_full_9049_rs_2_n0,LLAGIGTVPI_HLA-A*02:01,tcr11836,0
vdjdb_full_7970,GILGFVFTL_HLA-A*02:01,tcr11306,1
vdjdb_full_7970_rs_2_n0,GILGFVFTL_HLA-A*02:01,tcr6333,0
vdjdb_full_9883,YLQPRTFLL_HLA-A*02:01,tcr10034,1
vdjdb_full_9883_rs_2_n0,YLQPRTFLL_HLA-A*02:01,tcr573,0
vdjdb_full_14902,LLWNGPMAV_HLA-A*02:01,tcr18149,1
vdjdb_full_14902_rs_2_n0,LLWNGPMAV_HLA-A*02:01,tcr8591,0
vdjdb_full_9559,YLQPRTFLL_HLA-A*02:01,tcr13976,1
vdjdb_full_9559_rs_2_n0,YLQPRTFLL_HLA-A*02:01,tcr10964,0
vdjdb_full_9840,YLQPRTFLL_HLA-A*02:01,tcr5282,1
vdjdb_full_9840_rs_2_n0,YLQPRTFLL_HLA-A*02:01,tcr11641,0
vdjdb_full_1392,KLGGALQAK_HLA-A*03:01,tcr5053,1
vdjdb_full_1392_rs_2_n0,KLGGALQAK_HLA-A*03:01,tcr13641,0
vdjdb_full_12113,YLQQNWWTL_HLA-A*02:01,tcr11962,1
vdjdb_full_12113_rs_2_n0,YLQQNWWTL_HLA-A*02:01,tcr7674,0
vdjdb_full_15584,FLRGRAYGL_HLA-B*08:01,tcr8350,1
vdjdb_full_15584_rs_2_n0,FLRGRAYGL_HLA-B*08:01,tcr7358,0
vdjdb_full_17124,HSNLNDATY_HLA-A*01:01,tcr15530,1
vdjdb_full_17124_rs_2_n0,HSNLNDATY_HLA-A*01:01,tcr15847,0
vdjdb_full_12552,IVTDFSVIK_HLA-A*11:01,tcr8107,1
vdjdb_full_12552_rs_2_n0,IVTDFSVIK_HLA-A*11:01,tcr3726,0
vdjdb_full_15957,KSKRTPMGF_HLA-B*57:01,tcr6359,1
vdjdb_full_15957_rs_2_n0,KSKRTPMGF_HLA-B*57:01,tcr12821,0
vdjdb_full_13776,TPRVTGGGAM_HLA-B*07:02,tcr862,1
vdjdb_full_13776_rs_2_n0,TPRVTGGGAM_HLA-B*07:02,tcr13937,0
vdjdb_full_16510,RPPIFIRRL_HLA-B*07:02,tcr6100,1
vdjdb_full_16510_rs_2_n0,RPPIFIRRL_HLA-B*07:02,tcr14385,0
vdjdb_full_9872,YLQPRTFLL_HLA-A*02:01,tcr9515,1
vdjdb_full_9872_rs_2_n0,YLQPRTFLL_HLA-A*02:01,tcr8253,0
vdjdb_full_2337,GLCTLVAML_HLA-A*02:01,tcr16801,1
vdjdb_full_2337_rs_2_n0,GLCTLVAML_HLA-A*02:01,tcr10658,0
vdjdb_full_16457,RTATKQYNV_HLA-A*02:01,tcr10821,1
vdjdb_full_16457_rs_2_n0,RTATKQYNV_HLA-A*02:01,tcr4485,0
vdjdb_full_15271,FMVFLQTHI_HLA-A*02:01,tcr12798,1
vdjdb_full_15271_rs_2_n0,FMVFLQTHI_HLA-A*02:01,tcr18306,0
vdjdb_full_16961,NYNYLYRLF_HLA-A*24:02,tcr9375,1
vdjdb_full_16961_rs_2_n0,NYNYLYRLF_HLA-A*24:02,tcr5048,0
vdjdb_full_9212,YVLDHLIVV_HLA-A*02:01,tcr11221,1
vdjdb_full_9212_rs_2_n0,YVLDHLIVV_HLA-A*02:01,tcr818,0
vdjdb_full_17284,KLSALGINAV_HLA-A*02:01,tcr14622,1
vdjdb_full_17284_rs_2_n0,KLSALGINAV_HLA-A*02:01,tcr11051,0
vdjdb_full_10883,SPRWYFYYL_HLA-B*07:02,tcr16653,1
vdjdb_full_10883_rs_2_n0,SPRWYFYYL_HLA-B*07:02,tcr7135,0
vdjdb_full_16697,VAANIVLTV_HLA-A*02:01,tcr9152,1
vdjdb_full_16697_rs_2_n0,VAANIVLTV_HLA-A*02:01,tcr15907,0
vdjdb_full_13374,LPRWYFYYL_HLA-B*07:02,tcr12749,1
vdjdb_full_13374_rs_2_n0,LPRWYFYYL_HLA-B*07:02,tcr9810,0
vdjdb_full_16349,VTDAAHLLI_HLA-A*01:01,tcr15542,1
vdjdb_full_16349_rs_2_n0,VTDAAHLLI_HLA-A*01:01,tcr9375,0
vdjdb_full_9117,LLAGIGTVPI_HLA-A*02:01,tcr927,1
vdjdb_full_9117_rs_2_n0,LLAGIGTVPI_HLA-A*02:01,tcr4575,0
vdjdb_full_16606,WPVTLACFV_HLA-B*07:02,tcr1554,1
vdjdb_full_16606_rs_2_n0,WPVTLACFV_HLA-B*07:02,tcr3620,0
vdjdb_full_9441,YVLDHLIVV_HLA-A*02:01,tcr10480,1
vdjdb_full_9441_rs_2_n0,YVLDHLIVV_HLA-A*02:01,tcr12581,0
vdjdb_full_15349,CINGVCWTV_HLA-A*02:01,tcr3689,1
vdjdb_full_15349_rs_2_n0,CINGVCWTV_HLA-A*02:01,tcr1418,0
vdjdb_full_16007,KLVALGINAV_HLA-A*02:01,tcr1185,1
vdjdb_full_16007_rs_2_n0,KLVALGINAV_HLA-A*02:01,tcr15092,0
vdjdb_full_11053,FLASKIGRLV_HLA-A*02:01,tcr13102,1
vdjdb_full_11053_rs_2_n0,FLASKIGRLV_HLA-A*02:01,tcr10450,0
vdjdb_full_16284,RPIIRPATL_HLA-B*08:01,tcr17784,1
vdjdb_full_16284_rs_2_n0,RPIIRPATL_HLA-B*08:01,tcr7676,0
vdjdb_full_141,KLGGALQAK_HLA-A*03:01,tcr16009,1
vdjdb_full_141_rs_2_n0,KLGGALQAK_HLA-A*03:01,tcr16923,0
vdjdb_full_16315,RPIIRPATL_HLA-B*08:01,tcr573,1
vdjdb_full_16315_rs_2_n0,RPIIRPATL_HLA-B*08:01,tcr1939,0
vdjdb_full_18151,MLDLQPETT_HLA-A*02:01,tcr3419,1
vdjdb_full_18151_rs_2_n0,MLDLQPETT_HLA-A*02:01,tcr1293,0
vdjdb_full_15940,KSKRTPMGF_HLA-B*57:01,tcr17714,1
vdjdb_full_15940_rs_2_n0,KSKRTPMGF_HLA-B*57:01,tcr4115,0
vdjdb_full_12251,IVTDFSVIK_HLA-A*11:01,tcr3620,1
vdjdb_full_12251_rs_2_n0,IVTDFSVIK_HLA-A*11:01,tcr14951,0
vdjdb_full_16746,YLLEMLWRL_HLA-A*02:01,tcr16752,1
vdjdb_full_16746_rs_2_n0,YLLEMLWRL_HLA-A*02:01,tcr1095,0
vdjdb_full_16201,GPRLGVRAT_HLA-B*07:02,tcr14341,1
vdjdb_full_16201_rs_2_n0,GPRLGVRAT_HLA-B*07:02,tcr13844,0
vdjdb_full_16376,PTDNYITTY_HLA-A*01:01,tcr8980,1
vdjdb_full_16376_rs_2_n0,PTDNYITTY_HLA-A*01:01,tcr16841,0
vdjdb_full_13900,AYAQKIFKI_HLA-A*24:02,tcr17572,1
vdjdb_full_13900_rs_2_n0,AYAQKIFKI_HLA-A*24:02,tcr4414,0
vdjdb_full_10566,LTDEMIAQY_HLA-A*01:01,tcr3351,1
vdjdb_full_10566_rs_2_n0,LTDEMIAQY_HLA-A*01:01,tcr4313,0
vdjdb_full_10074,RLRAEAQVK_HLA-A*03:01,tcr17976,1
vdjdb_full_10074_rs_2_n0,RLRAEAQVK_HLA-A*03:01,tcr9958,0
vdjdb_full_16433,RTATKQYNV_HLA-A*02:01,tcr3275,1
vdjdb_full_16433_rs_2_n0,RTATKQYNV_HLA-A*02:01,tcr6183,0
vdjdb_full_15039,LLWNGPMAV_HLA-A*02:01,tcr3597,1
vdjdb_full_15039_rs_2_n0,LLWNGPMAV_HLA-A*02:01,tcr865,0
vdjdb_full_13858,TPRVTGGGAM_HLA-B*07:02,tcr9594,1
vdjdb_full_13858_rs_2_n0,TPRVTGGGAM_HLA-B*07:02,tcr13181,0
vdjdb_full_7298,GILGFVFTL_HLA-A*02:01,tcr17345,1
vdjdb_full_7298_rs_2_n0,GILGFVFTL_HLA-A*02:01,tcr17681,0
vdjdb_full_11453,TTDPSFLGRY_HLA-A*01:01,tcr3624,1
vdjdb_full_11453_rs_2_n0,TTDPSFLGRY_HLA-A*01:01,tcr5558,0
vdjdb_full_16641,QYIKWPWYI_HLA-A*24:02,tcr1653,1
vdjdb_full_16641_rs_2_n0,QYIKWPWYI_HLA-A*24:02,tcr13894,0
vdjdb_full_8650,NLVPMVATV_HLA-A*02:01,tcr3831,1
vdjdb_full_8650_rs_2_n0,NLVPMVATV_HLA-A*02:01,tcr15892,0
vdjdb_full_12477,IVTDFSVIK_HLA-A*11:01,tcr7538,1
vdjdb_full_12477_rs_2_n0,IVTDFSVIK_HLA-A*11:01,tcr4566,0
vdjdb_full_13353,RMFPNAPYL_HLA-A*02:01,tcr9182,1
vdjdb_full_13353_rs_2_n0,RMFPNAPYL_HLA-A*02:01,tcr14716,0
vdjdb_full_8461,NLVPMVATV_HLA-A*02:01,tcr13741,1
vdjdb_full_8461_rs_2_n0,NLVPMVATV_HLA-A*02:01,tcr3177,0
vdjdb_full_13205,DATYQRTRALVR_HLA-A*68:01,tcr14239,1
vdjdb_full_13205_rs_2_n0,DATYQRTRALVR_HLA-A*68:01,tcr4372,0
vdjdb_full_13764,TPRVTGGGAM_HLA-B*07:02,tcr9624,1
vdjdb_full_13764_rs_2_n0,TPRVTGGGAM_HLA-B*07:02,tcr5424,0
vdjdb_full_17467,LTSLTILQLY_HLA-A*01:01,tcr165,1
vdjdb_full_17467_rs_2_n0,LTSLTILQLY_HLA-A*01:01,tcr9576,0
vdjdb_full_16731,YLLEMLWRL_HLA-A*02:01,tcr13866,1
vdjdb_full_16731_rs_2_n0,YLLEMLWRL_HLA-A*02:01,tcr1562,0
vdjdb_full_10058,RLRAEAQVK_HLA-A*03:01,tcr12606,1
vdjdb_full_10058_rs_2_n0,RLRAEAQVK_HLA-A*03:01,tcr16371,0
vdjdb_full_13777,TPRVTGGGAM_HLA-B*07:02,tcr5417,1
vdjdb_full_13777_rs_2_n0,TPRVTGGGAM_HLA-B*07:02,tcr12561,0
vdjdb_full_10558,LTDEMIAQY_HLA-A*01:01,tcr18035,1
vdjdb_full_10558_rs_2_n0,LTDEMIAQY_HLA-A*01:01,tcr780,0
vdjdb_full_9382,YVLDHLIVV_HLA-A*02:01,tcr485,1
vdjdb_full_9382_rs_2_n0,YVLDHLIVV_HLA-A*02:01,tcr11941,0
vdjdb_full_16882,MEVTPSGTWL_HLA-B*40:01,tcr11062,1
vdjdb_full_16882_rs_2_n0,MEVTPSGTWL_HLA-B*40:01,tcr15666,0
vdjdb_full_9533,CVNGSCFTV_HLA-A*02:01,tcr10855,1
vdjdb_full_9533_rs_2_n0,CVNGSCFTV_HLA-A*02:01,tcr11199,0
vdjdb_full_11582,ATDALMTGF_HLA-A*01:01,tcr11930,1
vdjdb_full_11582_rs_2_n0,ATDALMTGF_HLA-A*01:01,tcr3600,0
vdjdb_full_10606,LTDEMIAQY_HLA-A*01:01,tcr3012,1
vdjdb_full_10606_rs_2_n0,LTDEMIAQY_HLA-A*01:01,tcr10470,0
vdjdb_full_17053,LLYDANYFL_HLA-A*02:01,tcr1621,1
vdjdb_full_17053_rs_2_n0,LLYDANYFL_HLA-A*02:01,tcr11059,0
vdjdb_full_16881,MEVTPSGTWL_HLA-B*40:01,tcr5968,1
vdjdb_full_16881_rs_2_n0,MEVTPSGTWL_HLA-B*40:01,tcr11326,0
vdjdb_full_15792,RTLNAWVKV_HLA-A*02:01,tcr14431,1
vdjdb_full_15792_rs_2_n0,RTLNAWVKV_HLA-A*02:01,tcr5731,0
vdjdb_full_15542,SLFNTVATLY_HLA-A*02:01,tcr3027,1
vdjdb_full_15542_rs_2_n0,SLFNTVATLY_HLA-A*02:01,tcr9845,0
vdjdb_full_15865,KSKRTPMGF_HLA-B*57:01,tcr6073,1
vdjdb_full_15865_rs_2_n0,KSKRTPMGF_HLA-B*57:01,tcr5260,0
vdjdb_full_5632,AVFDRKSDAK_HLA-A*11:01,tcr6763,1
vdjdb_full_5632_rs_2_n0,AVFDRKSDAK_HLA-A*11:01,tcr8631,0
vdjdb_full_8889,LLAGIGTVPI_HLA-A*02:01,tcr1679,1
vdjdb_full_8889_rs_2_n0,LLAGIGTVPI_HLA-A*02:01,tcr13866,0
vdjdb_full_316,KLGGALQAK_HLA-A*03:01,tcr1059,1
vdjdb_full_316_rs_2_n0,KLGGALQAK_HLA-A*03:01,tcr3364,0
vdjdb_full_11648,ELAGIGILTV_HLA-A*02:01,tcr2227,1
vdjdb_full_11648_rs_2_n0,ELAGIGILTV_HLA-A*02:01,tcr4992,0
vdjdb_full_15128,NQKLIANQF_HLA-B*15:01,tcr16229,1
vdjdb_full_15128_rs_2_n0,NQKLIANQF_HLA-B*15:01,tcr8964,0
vdjdb_full_17669,ALWALPHAA_HLA-A*02:01,tcr13947,1
vdjdb_full_17669_rs_2_n0,ALWALPHAA_HLA-A*02:01,tcr15554,0
vdjdb_full_15230,RPHERNGFTVL_HLA-B*07:02,tcr15547,1
vdjdb_full_15230_rs_2_n0,RPHERNGFTVL_HLA-B*07:02,tcr9886,0
vdjdb_full_17051,LLYDANYFL_HLA-A*02:01,tcr4024,1
vdjdb_full_17051_rs_2_n0,LLYDANYFL_HLA-A*02:01,tcr8123,0
vdjdb_full_15593,FLRGRAYGL_HLA-B*08:01,tcr8872,1
vdjdb_full_15593_rs_2_n0,FLRGRAYGL_HLA-B*08:01,tcr12653,0
vdjdb_full_17831,TPSVSSSISSL_HLA-B*07:02,tcr15360,1
vdjdb_full_17831_rs_2_n0,TPSVSSSISSL_HLA-B*07:02,tcr5520,0
vdjdb_full_17347,RPIIRPATL_HLA-B*07:02,tcr11027,1
vdjdb_full_17347_rs_2_n0,RPIIRPATL_HLA-B*07:02,tcr12337,0
vdjdb_full_11877,ELAGIGILTV_HLA-A*02:01,tcr6821,1
vdjdb_full_11877_rs_2_n0,ELAGIGILTV_HLA-A*02:01,tcr16229,0
vdjdb_full_11572,ATDALMTGF_HLA-A*01:01,tcr4144,1
vdjdb_full_11572_rs_2_n0,ATDALMTGF_HLA-A*01:01,tcr2730,0
vdjdb_full_13797,TPRVTGGGAM_HLA-B*07:02,tcr8262,1
vdjdb_full_13797_rs_2_n0,TPRVTGGGAM_HLA-B*07:02,tcr13841,0
vdjdb_full_16829,VLEETSVML_HLA-A*02:01,tcr12263,1
vdjdb_full_16829_rs_2_n0,VLEETSVML_HLA-A*02:01,tcr6053,0
vdjdb_full_8768,LLAGIGTVPI_HLA-A*02:01,tcr9886,1
vdjdb_full_8768_rs_2_n0,LLAGIGTVPI_HLA-A*02:01,tcr4661,0
vdjdb_full_16699,VAANIVLTV_HLA-A*02:01,tcr13464,1
vdjdb_full_16699_rs_2_n0,VAANIVLTV_HLA-A*02:01,tcr2349,0
vdjdb_full_16667,QYIKWPWYI_HLA-A*24:02,tcr2930,1
vdjdb_full_16667_rs_2_n0,QYIKWPWYI_HLA-A*24:02,tcr3880,0
vdjdb_full_10218,RLRAEAQVK_HLA-A*03:01,tcr6211,1
vdjdb_full_10218_rs_2_n0,RLRAEAQVK_HLA-A*03:01,tcr14212,0
vdjdb_full_14880,LLWNGPMAV_HLA-A*02:01,tcr5068,1
vdjdb_full_14880_rs_2_n0,LLWNGPMAV_HLA-A*02:01,tcr4164,0
vdjdb_full_13258,HPVGEADYFEY_HLA-B*35:01,tcr4418,1
vdjdb_full_13258_rs_2_n0,HPVGEADYFEY_HLA-B*35:01,tcr5511,0
vdjdb_full_9290,YVLDHLIVV_HLA-A*02:01,tcr12247,1
vdjdb_full_9290_rs_2_n0,YVLDHLIVV_HLA-A*02:01,tcr9637,0
vdjdb_full_17338,RVAGDSGFAAY_HLA-B*15:01,tcr15083,1
vdjdb_full_17338_rs_2_n0,RVAGDSGFAAY_HLA-B*15:01,tcr16427,0
vdjdb_full_18167,QELIRQGTDY_HLA-B*44:02,tcr3748,1
vdjdb_full_18167_rs_2_n0,QELIRQGTDY_HLA-B*44:02,tcr11980,0
vdjdb_full_10276,RLRAEAQVK_HLA-A*03:01,tcr15137,1
vdjdb_full_10276_rs_2_n0,RLRAEAQVK_HLA-A*03:01,tcr4525,0
vdjdb_full_7689,GILGFVFTL_HLA-A*02:01,tcr2952,1
vdjdb_full_7689_rs_2_n0,GILGFVFTL_HLA-A*02:01,tcr3181,0
vdjdb_full_5978,AVFDRKSDAK_HLA-A*11:01,tcr15859,1
vdjdb_full_5978_rs_2_n0,AVFDRKSDAK_HLA-A*11:01,tcr2930,0
vdjdb_full_17330,RVAGDSGFAAY_HLA-B*15:01,tcr689,1
vdjdb_full_17330_rs_2_n0,RVAGDSGFAAY_HLA-B*15:01,tcr15119,0
vdjdb_full_16516,RPPIFIRRL_HLA-B*07:02,tcr14126,1
vdjdb_full_16516_rs_2_n0,RPPIFIRRL_HLA-B*07:02,tcr11772,0
vdjdb_full_11962,ELAGIGILTV_HLA-A*02:01,tcr9765,1
vdjdb_full_11962_rs_2_n0,ELAGIGILTV_HLA-A*02:01,tcr4030,0
vdjdb_full_3514,SLLMWITQV_HLA-A*02:01,tcr6044,1
vdjdb_full_3514_rs_2_n0,SLLMWITQV_HLA-A*02:01,tcr10907,0
vdjdb_full_5657,AVFDRKSDAK_HLA-A*11:01,tcr1483,1
vdjdb_full_5657_rs_2_n0,AVFDRKSDAK_HLA-A*11:01,tcr14600,0
vdjdb_full_16966,NYNYLYRLF_HLA-A*24:02,tcr648,1
vdjdb_full_16966_rs_2_n0,NYNYLYRLF_HLA-A*24:02,tcr3044,0
vdjdb_full_10559,LTDEMIAQY_HLA-A*01:01,tcr4761,1
vdjdb_full_10559_rs_2_n0,LTDEMIAQY_HLA-A*01:01,tcr12100,0
vdjdb_full_18116,SIIAYTMSL_HLA-B*07:02,tcr12302,1
vdjdb_full_18116_rs_2_n0,SIIAYTMSL_HLA-B*07:02,tcr1836,0
vdjdb_full_14658,CTELKLSDY_HLA-A*01:01,tcr14032,1
vdjdb_full_14658_rs_2_n0,CTELKLSDY_HLA-A*01:01,tcr2612,0
vdjdb_full_9564,YLQPRTFLL_HLA-A*02:01,tcr3984,1
vdjdb_full_9564_rs_2_n0,YLQPRTFLL_HLA-A*02:01,tcr5615,0
vdjdb_full_8372,NLVPMVATV_HLA-A*02:01,tcr14369,1
vdjdb_full_8372_rs_2_n0,NLVPMVATV_HLA-A*02:01,tcr6156,0
vdjdb_full_16930,RTATKAYNV_HLA-A*02:01,tcr11771,1
vdjdb_full_16930_rs_2_n0,RTATKAYNV_HLA-A*02:01,tcr9626,0
vdjdb_full_13187,DATYQRTRALVR_HLA-A*68:01,tcr6484,1
vdjdb_full_13187_rs_2_n0,DATYQRTRALVR_HLA-A*68:01,tcr4542,0
vdjdb_full_13297,CLGGLLTMV_HLA-A*02:01,tcr4347,1
vdjdb_full_13297_rs_2_n0,CLGGLLTMV_HLA-A*02:01,tcr7182,0
vdjdb_full_15199,RPHERNGFTVL_HLA-B*07:02,tcr17098,1
vdjdb_full_15199_rs_2_n0,RPHERNGFTVL_HLA-B*07:02,tcr3665,0
vdjdb_full_18173,QELIRQGTDY_HLA-B*44:02,tcr9297,1
vdjdb_full_18173_rs_2_n0,QELIRQGTDY_HLA-B*44:02,tcr9058,0
vdjdb_full_16760,YLLEMLWRL_HLA-A*02:01,tcr2510,1
vdjdb_full_16760_rs_2_n0,YLLEMLWRL_HLA-A*02:01,tcr15445,0
vdjdb_full_12038,ALAGIGILTV_HLA-A*02:01,tcr14766,1
vdjdb_full_12038_rs_2_n0,ALAGIGILTV_HLA-A*02:01,tcr5800,0
vdjdb_full_15107,NQKLIANQF_HLA-B*15:01,tcr3129,1
vdjdb_full_15107_rs_2_n0,NQKLIANQF_HLA-B*15:01,tcr5974,0
vdjdb_full_4531,SLLMWITQV_HLA-A*02:01,tcr17747,1
vdjdb_full_4531_rs_2_n0,SLLMWITQV_HLA-A*02:01,tcr5203,0
vdjdb_full_11989,ELAGIGILTV_HLA-A*02:01,tcr11439,1
vdjdb_full_11989_rs_2_n0,ELAGIGILTV_HLA-A*02:01,tcr573,0
vdjdb_full_16967,NYNYLYRLF_HLA-A*24:02,tcr3755,1
vdjdb_full_16967_rs_2_n0,NYNYLYRLF_HLA-A*24:02,tcr13937,0
vdjdb_full_13271,CLGGLLTMV_HLA-A*02:01,tcr2082,1
vdjdb_full_13271_rs_2_n0,CLGGLLTMV_HLA-A*02:01,tcr2695,0
vdjdb_full_16644,QYIKWPWYI_HLA-A*24:02,tcr2088,1
vdjdb_full_16644_rs_2_n0,QYIKWPWYI_HLA-A*24:02,tcr1900,0
vdjdb_full_15675,FLRGRAYGL_HLA-B*08:01,tcr11223,1
vdjdb_full_15675_rs_2_n0,FLRGRAYGL_HLA-B*08:01,tcr14141,0
vdjdb_full_15718,VYFLQSINF_HLA-A*24:02,tcr16954,1
vdjdb_full_15718_rs_2_n0,VYFLQSINF_HLA-A*24:02,tcr16300,0
vdjdb_full_14717,RPRGEVRFL_HLA-B*07:02,tcr6195,1
vdjdb_full_14717_rs_2_n0,RPRGEVRFL_HLA-B*07:02,tcr8960,0
vdjdb_full_15866,KSKRTPMGF_HLA-B*57:01,tcr11798,1
vdjdb_full_15866_rs_2_n0,KSKRTPMGF_HLA-B*57:01,tcr4485,0
vdjdb_full_11567,ATDALMTGF_HLA-A*01:01,tcr8877,1
vdjdb_full_11567_rs_2_n0,ATDALMTGF_HLA-A*01:01,tcr13892,0
vdjdb_full_12365,IVTDFSVIK_HLA-A*11:01,tcr16895,1
vdjdb_full_12365_rs_2_n0,IVTDFSVIK_HLA-A*11:01,tcr11988,0
vdjdb_full_16388,PTDNYITTY_HLA-A*01:01,tcr9396,1
vdjdb_full_16388_rs_2_n0,PTDNYITTY_HLA-A*01:01,tcr6100,0
vdjdb_full_12648,IVTDFSVIK_HLA-A*11:01,tcr6748,1
vdjdb_full_12648_rs_2_n0,IVTDFSVIK_HLA-A*11:01,tcr10594,0
vdjdb_full_18121,SIIAYTMSL_HLA-B*07:02,tcr9145,1
vdjdb_full_18121_rs_2_n0,SIIAYTMSL_HLA-B*07:02,tcr10031,0
vdjdb_full_15035,LLWNGPMAV_HLA-A*02:01,tcr13495,1
vdjdb_full_15035_rs_2_n0,LLWNGPMAV_HLA-A*02:01,tcr8002,0
vdjdb_full_9551,YLQPRTFLL_HLA-A*02:01,tcr4378,1
vdjdb_full_9551_rs_2_n0,YLQPRTFLL_HLA-A*02:01,tcr15461,0
vdjdb_full_16708,VAANIVLTV_HLA-A*02:01,tcr17186,1
vdjdb_full_16708_rs_2_n0,VAANIVLTV_HLA-A*02:01,tcr3675,0
vdjdb_full_9996,RLRAEAQVK_HLA-A*03:01,tcr10939,1
vdjdb_full_9996_rs_2_n0,RLRAEAQVK_HLA-A*03:01,tcr6636,0
vdjdb_full_13583,KTFPPTEPK_HLA-A*03:01,tcr5558,1
vdjdb_full_13583_rs_2_n0,KTFPPTEPK_HLA-A*03:01,tcr3325,0
vdjdb_full_13484,FLYALALLL_HLA-A*02:01,tcr723,1
vdjdb_full_13484_rs_2_n0,FLYALALLL_HLA-A*02:01,tcr4305,0
vdjdb_full_13796,TPRVTGGGAM_HLA-B*07:02,tcr9628,1
vdjdb_full_13796_rs_2_n0,TPRVTGGGAM_HLA-B*07:02,tcr12981,0
vdjdb_full_10077,RLRAEAQVK_HLA-A*03:01,tcr11845,1
vdjdb_full_10077_rs_2_n0,RLRAEAQVK_HLA-A*03:01,tcr15451,0
vdjdb_full_16217,GPRLGVRAT_HLA-B*07:02,tcr2114,1
vdjdb_full_16217_rs_2_n0,GPRLGVRAT_HLA-B*07:02,tcr7601,0
vdjdb_full_18170,QELIRQGTDY_HLA-B*44:02,tcr11456,1
vdjdb_full_18170_rs_2_n0,QELIRQGTDY_HLA-B*44:02,tcr14981,0
vdjdb_full_10230,RLRAEAQVK_HLA-A*03:01,tcr12356,1
vdjdb_full_10230_rs_2_n0,RLRAEAQVK_HLA-A*03:01,tcr2487,0
vdjdb_full_16952,NYNYLYRLF_HLA-A*24:02,tcr8994,1
vdjdb_full_16952_rs_2_n0,NYNYLYRLF_HLA-A*24:02,tcr12278,0
vdjdb_full_14572,RVRAYTYSK_HLA-A*03:01,tcr8219,1
vdjdb_full_14572_rs_2_n0,RVRAYTYSK_HLA-A*03:01,tcr12324,0
vdjdb_full_13731,TPRVTGGGAM_HLA-B*07:02,tcr784,1
vdjdb_full_13731_rs_2_n0,TPRVTGGGAM_HLA-B*07:02,tcr10651,0
vdjdb_full_16775,RLPGVLPRA_HLA-A*02:01,tcr3076,1
vdjdb_full_16775_rs_2_n0,RLPGVLPRA_HLA-A*02:01,tcr4382,0
vdjdb_full_10522,HPNGYKSLSTL_HLA-B*07:02,tcr10081,1
vdjdb_full_10522_rs_2_n0,HPNGYKSLSTL_HLA-B*07:02,tcr11864,0
vdjdb_full_13680,QYDPVAALF_HLA-A*24:02,tcr1861,1
vdjdb_full_13680_rs_2_n0,QYDPVAALF_HLA-A*24:02,tcr44,0
vdjdb_full_16992,NYNYLYRLF_HLA-A*24:02,tcr7181,1
vdjdb_full_16992_rs_2_n0,NYNYLYRLF_HLA-A*24:02,tcr10659,0
vdjdb_full_15537,SLFNTVATLY_HLA-A*02:01,tcr17790,1
vdjdb_full_15537_rs_2_n0,SLFNTVATLY_HLA-A*02:01,tcr4164,0
vdjdb_full_158,KLGGALQAK_HLA-A*03:01,tcr12026,1
vdjdb_full_158_rs_2_n0,KLGGALQAK_HLA-A*03:01,tcr7594,0
vdjdb_full_14932,LLWNGPMAV_HLA-A*02:01,tcr5115,1
vdjdb_full_14932_rs_2_n0,LLWNGPMAV_HLA-A*02:01,tcr5600,0
vdjdb_full_6102,AVFDRKSDAK_HLA-A*11:01,tcr5383,1
vdjdb_full_6102_rs_2_n0,AVFDRKSDAK_HLA-A*11:01,tcr13125,0
vdjdb_full_10590,LTDEMIAQY_HLA-A*01:01,tcr1116,1
vdjdb_full_10590_rs_2_n0,LTDEMIAQY_HLA-A*01:01,tcr4019,0
vdjdb_full_15514,SLFNTVATLY_HLA-A*02:01,tcr12227,1
vdjdb_full_15514_rs_2_n0,SLFNTVATLY_HLA-A*02:01,tcr17079,0
vdjdb_full_323,KLGGALQAK_HLA-A*03:01,tcr11723,1
vdjdb_full_323_rs_2_n0,KLGGALQAK_HLA-A*03:01,tcr13962,0
vdjdb_full_11927,ELAGIGILTV_HLA-A*02:01,tcr8368,1
vdjdb_full_11927_rs_2_n0,ELAGIGILTV_HLA-A*02:01,tcr1959,0
vdjdb_full_5061,AVFDRKSDAK_HLA-A*11:01,tcr16650,1
vdjdb_full_5061_rs_2_n0,AVFDRKSDAK_HLA-A*11:01,tcr5038,0
vdjdb_full_15832,KLWAQCVQL_HLA-A*02:01,tcr3132,1
vdjdb_full_15832_rs_2_n0,KLWAQCVQL_HLA-A*02:01,tcr11553,0
vdjdb_full_12132,FTSDYYQLY_HLA-A*01:01,tcr1824,1
vdjdb_full_12132_rs_2_n0,FTSDYYQLY_HLA-A*01:01,tcr7320,0
vdjdb_full_5129,AVFDRKSDAK_HLA-A*11:01,tcr10871,1
vdjdb_full_5129_rs_2_n0,AVFDRKSDAK_HLA-A*11:01,tcr4575,0
vdjdb_full_1129,KLGGALQAK_HLA-A*03:01,tcr3738,1
vdjdb_full_1129_rs_2_n0,KLGGALQAK_HLA-A*03:01,tcr10124,0
vdjdb_full_16245,GIIYIIYKL_HLA-A*02:01,tcr13592,1
vdjdb_full_16245_rs_2_n0,GIIYIIYKL_HLA-A*02:01,tcr11767,0
vdjdb_full_16354,PTDNYITTY_HLA-A*01:01,tcr9245,1
vdjdb_full_16354_rs_2_n0,PTDNYITTY_HLA-A*01:01,tcr4020,0
vdjdb_full_15694,FLRGRAYGL_HLA-B*08:01,tcr1456,1
vdjdb_full_15694_rs_2_n0,FLRGRAYGL_HLA-B*08:01,tcr3261,0
vdjdb_full_15292,CINGVCWTV_HLA-A*02:01,tcr10758,1
vdjdb_full_15292_rs_2_n0,CINGVCWTV_HLA-A*02:01,tcr3038,0
vdjdb_full_13888,AYAQKIFKI_HLA-A*24:02,tcr14050,1
vdjdb_full_13888_rs_2_n0,AYAQKIFKI_HLA-A*24:02,tcr9764,0
vdjdb_full_13613,KTFPPTEPK_HLA-A*03:01,tcr8399,1
vdjdb_full_13613_rs_2_n0,KTFPPTEPK_HLA-A*03:01,tcr6149,0
vdjdb_full_16449,RTATKQYNV_HLA-A*02:01,tcr3625,1
vdjdb_full_16449_rs_2_n0,RTATKQYNV_HLA-A*02:01,tcr1955,0
vdjdb_full_15332,CINGVCWTV_HLA-A*02:01,tcr1878,1
vdjdb_full_15332_rs_2_n0,CINGVCWTV_HLA-A*02:01,tcr16706,0
vdjdb_full_13259,CLGGLLTMV_HLA-A*02:01,tcr3465,1
vdjdb_full_13259_rs_2_n0,CLGGLLTMV_HLA-A*02:01,tcr10661,0
vdjdb_full_15344,CINGVCWTV_HLA-A*02:01,tcr3700,1
vdjdb_full_15344_rs_2_n0,CINGVCWTV_HLA-A*02:01,tcr11204,0
vdjdb_full_12861,IVTDFSVIK_HLA-A*11:01,tcr10584,1
vdjdb_full_12861_rs_2_n0,IVTDFSVIK_HLA-A*11:01,tcr12617,0
vdjdb_full_16748,YLLEMLWRL_HLA-A*02:01,tcr10454,1
vdjdb_full_16748_rs_2_n0,YLLEMLWRL_HLA-A*02:01,tcr4369,0
vdjdb_full_4590,SLLMWITQV_HLA-A*02:01,tcr18059,1
vdjdb_full_4590_rs_2_n0,SLLMWITQV_HLA-A*02:01,tcr12191,0
vdjdb_full_9805,YLQPRTFLL_HLA-A*02:01,tcr4511,1
vdjdb_full_9805_rs_2_n0,YLQPRTFLL_HLA-A*02:01,tcr5935,0
vdjdb_full_2349,GLCTLVAML_HLA-A*02:01,tcr6638,1
vdjdb_full_2349_rs_2_n0,GLCTLVAML_HLA-A*02:01,tcr18338,0
vdjdb_full_13307,CLGGLLTMV_HLA-A*02:01,tcr8313,1
vdjdb_full_13307_rs_2_n0,CLGGLLTMV_HLA-A*02:01,tcr3695,0
vdjdb_full_2604,GLCTLVAML_HLA-A*02:01,tcr958,1
vdjdb_full_2604_rs_2_n0,GLCTLVAML_HLA-A*02:01,tcr11872,0
vdjdb_full_10543,HPNGYKSLSTL_HLA-B*07:02,tcr16824,1
vdjdb_full_10543_rs_2_n0,HPNGYKSLSTL_HLA-B*07:02,tcr5573,0
vdjdb_full_14985,LLWNGPMAV_HLA-A*02:01,tcr17773,1
vdjdb_full_14985_rs_2_n0,LLWNGPMAV_HLA-A*02:01,tcr1058,0
vdjdb_full_9196,YVLDHLIVV_HLA-A*02:01,tcr7413,1
vdjdb_full_9196_rs_2_n0,YVLDHLIVV_HLA-A*02:01,tcr14524,0
vdjdb_full_17496,RLITGRLQSL_HLA-A*02:01,tcr13844,1
vdjdb_full_17496_rs_2_n0,RLITGRLQSL_HLA-A*02:01,tcr15445,0
vdjdb_full_15751,STNVGSNTY_HLA-A*01:01,tcr18248,1
vdjdb_full_15751_rs_2_n0,STNVGSNTY_HLA-A*01:01,tcr3264,0
vdjdb_full_16800,RLPGVLPRA_HLA-A*02:01,tcr6857,1
vdjdb_full_16800_rs_2_n0,RLPGVLPRA_HLA-A*02:01,tcr17037,0
vdjdb_full_17301,KLSALGINAV_HLA-A*02:01,tcr9190,1
vdjdb_full_17301_rs_2_n0,KLSALGINAV_HLA-A*02:01,tcr12957,0
vdjdb_full_11251,TTDPSFLGRY_HLA-A*01:01,tcr5649,1
vdjdb_full_11251_rs_2_n0,TTDPSFLGRY_HLA-A*01:01,tcr12243,0
vdjdb_full_15017,LLWNGPMAV_HLA-A*02:01,tcr11104,1
vdjdb_full_15017_rs_2_n0,LLWNGPMAV_HLA-A*02:01,tcr5543,0
vdjdb_full_15731,VYFLQSINF_HLA-A*24:02,tcr6263,1
vdjdb_full_15731_rs_2_n0,VYFLQSINF_HLA-A*24:02,tcr10692,0
vdjdb_full_16908,RTATKAYNV_HLA-A*02:01,tcr4182,1
vdjdb_full_16908_rs_2_n0,RTATKAYNV_HLA-A*02:01,tcr12356,0
vdjdb_full_1281,KLGGALQAK_HLA-A*03:01,tcr17750,1
vdjdb_full_1281_rs_2_n0,KLGGALQAK_HLA-A*03:01,tcr2901,0
vdjdb_full_17493,RLITGRLQSL_HLA-A*02:01,tcr5266,1
vdjdb_full_17493_rs_2_n0,RLITGRLQSL_HLA-A*02:01,tcr5377,0
vdjdb_full_10861,SPRWYFYYL_HLA-B*07:02,tcr4423,1
vdjdb_full_10861_rs_2_n0,SPRWYFYYL_HLA-B*07:02,tcr6055,0
vdjdb_full_15327,CINGVCWTV_HLA-A*02:01,tcr3854,1
vdjdb_full_15327_rs_2_n0,CINGVCWTV_HLA-A*02:01,tcr2832,0
vdjdb_full_14032,RVRAYTYSK_HLA-A*03:01,tcr9479,1
vdjdb_full_14032_rs_2_n0,RVRAYTYSK_HLA-A*03:01,tcr8631,0
vdjdb_full_13675,QYDPVAALF_HLA-A*24:02,tcr17448,1
vdjdb_full_13675_rs_2_n0,QYDPVAALF_HLA-A*24:02,tcr4924,0
vdjdb_full_4273,SLLMWITQV_HLA-A*02:01,tcr537,1
vdjdb_full_4273_rs_2_n0,SLLMWITQV_HLA-A*02:01,tcr2249,0
vdjdb_full_9113,LLAGIGTVPI_HLA-A*02:01,tcr11735,1
vdjdb_full_9113_rs_2_n0,LLAGIGTVPI_HLA-A*02:01,tcr11625,0
vdjdb_full_9525,CVNGSCFTV_HLA-A*02:01,tcr13159,1
vdjdb_full_9525_rs_2_n0,CVNGSCFTV_HLA-A*02:01,tcr10815,0
vdjdb_full_14647,CTELKLSDY_HLA-A*01:01,tcr3368,1
vdjdb_full_14647_rs_2_n0,CTELKLSDY_HLA-A*01:01,tcr15783,0
vdjdb_full_13240,DATYQRTRALVR_HLA-A*68:01,tcr9959,1
vdjdb_full_13240_rs_2_n0,DATYQRTRALVR_HLA-A*68:01,tcr15518,0
vdjdb_full_1500,KLGGALQAK_HLA-A*03:01,tcr16561,1
vdjdb_full_1500_rs_2_n0,KLGGALQAK_HLA-A*03:01,tcr9295,0
vdjdb_full_11503,ATDALMTGF_HLA-A*01:01,tcr10991,1
vdjdb_full_11503_rs_2_n0,ATDALMTGF_HLA-A*01:01,tcr7890,0
vdjdb_full_15115,NQKLIANQF_HLA-B*15:01,tcr10928,1
vdjdb_full_15115_rs_2_n0,NQKLIANQF_HLA-B*15:01,tcr8181,0
vdjdb_full_12174,IMDQVPFSV_HLA-A*02:01,tcr13568,1
vdjdb_full_12174_rs_2_n0,IMDQVPFSV_HLA-A*02:01,tcr13950,0
vdjdb_full_16779,RLPGVLPRA_HLA-A*02:01,tcr870,1
vdjdb_full_16779_rs_2_n0,RLPGVLPRA_HLA-A*02:01,tcr8581,0
vdjdb_full_16663,QYIKWPWYI_HLA-A*24:02,tcr13895,1
vdjdb_full_16663_rs_2_n0,QYIKWPWYI_HLA-A*24:02,tcr14506,0
vdjdb_full_14731,RPRGEVRFL_HLA-B*07:02,tcr11887,1
vdjdb_full_14731_rs_2_n0,RPRGEVRFL_HLA-B*07:02,tcr4313,0
vdjdb_full_16307,RPIIRPATL_HLA-B*08:01,tcr7277,1
vdjdb_full_16307_rs_2_n0,RPIIRPATL_HLA-B*08:01,tcr7155,0
vdjdb_full_8335,LLDFVRFMGV_HLA-A*02:01,tcr11538,1
vdjdb_full_8335_rs_2_n0,LLDFVRFMGV_HLA-A*02:01,tcr17555,0
vdjdb_full_2118,GLCTLVAML_HLA-A*02:01,tcr16779,1
vdjdb_full_2118_rs_2_n0,GLCTLVAML_HLA-A*02:01,tcr11051,0
vdjdb_full_4633,AVFDRKSDAK_HLA-A*11:01,tcr7936,1
vdjdb_full_4633_rs_2_n0,AVFDRKSDAK_HLA-A*11:01,tcr5687,0
vdjdb_full_15307,CINGVCWTV_HLA-A*02:01,tcr13432,1
vdjdb_full_15307_rs_2_n0,CINGVCWTV_HLA-A*02:01,tcr5342,0
vdjdb_full_8314,LLDFVRFMGV_HLA-A*02:01,tcr16843,1
vdjdb_full_8314_rs_2_n0,LLDFVRFMGV_HLA-A*02:01,tcr14804,0
vdjdb_full_15477,CINGVCWTV_HLA-A*02:01,tcr3155,1
vdjdb_full_15477_rs_2_n0,CINGVCWTV_HLA-A*02:01,tcr12185,0
vdjdb_full_16666,QYIKWPWYI_HLA-A*24:02,tcr9888,1
vdjdb_full_16666_rs_2_n0,QYIKWPWYI_HLA-A*24:02,tcr15266,0
vdjdb_full_16403,EAAGIGILTV_HLA-A*02:01,tcr4979,1
vdjdb_full_16403_rs_2_n0,EAAGIGILTV_HLA-A*02:01,tcr4961,0
vdjdb_full_17134,HSNLNDATY_HLA-A*01:01,tcr16125,1
vdjdb_full_17134_rs_2_n0,HSNLNDATY_HLA-A*01:01,tcr6430,0
vdjdb_full_16607,WPVTLACFV_HLA-B*07:02,tcr15206,1
vdjdb_full_16607_rs_2_n0,WPVTLACFV_HLA-B*07:02,tcr17111,0
vdjdb_full_4898,AVFDRKSDAK_HLA-A*11:01,tcr11191,1
vdjdb_full_4898_rs_2_n0,AVFDRKSDAK_HLA-A*11:01,tcr14066,0
vdjdb_full_17213,VVTGVLVYL_HLA-A*02:01,tcr17280,1
vdjdb_full_17213_rs_2_n0,VVTGVLVYL_HLA-A*02:01,tcr12383,0
vdjdb_full_11553,ATDALMTGF_HLA-A*01:01,tcr5277,1
vdjdb_full_11553_rs_2_n0,ATDALMTGF_HLA-A*01:01,tcr8837,0
vdjdb_full_9013,LLAGIGTVPI_HLA-A*02:01,tcr11258,1
vdjdb_full_9013_rs_2_n0,LLAGIGTVPI_HLA-A*02:01,tcr4169,0
vdjdb_full_15666,FLRGRAYGL_HLA-B*08:01,tcr16511,1
vdjdb_full_15666_rs_2_n0,FLRGRAYGL_HLA-B*08:01,tcr15820,0
vdjdb_full_12537,IVTDFSVIK_HLA-A*11:01,tcr621,1
vdjdb_full_12537_rs_2_n0,IVTDFSVIK_HLA-A*11:01,tcr13815,0
vdjdb_full_5598,AVFDRKSDAK_HLA-A*11:01,tcr4032,1
vdjdb_full_5598_rs_2_n0,AVFDRKSDAK_HLA-A*11:01,tcr14460,0
vdjdb_full_8506,NLVPMVATV_HLA-A*02:01,tcr9043,1
vdjdb_full_8506_rs_2_n0,NLVPMVATV_HLA-A*02:01,tcr13151,0
vdjdb_full_16360,PTDNYITTY_HLA-A*01:01,tcr12601,1
vdjdb_full_16360_rs_2_n0,PTDNYITTY_HLA-A*01:01,tcr9134,0
vdjdb_full_15498,CINGVCWTV_HLA-A*02:01,tcr16936,1
vdjdb_full_15498_rs_2_n0,CINGVCWTV_HLA-A*02:01,tcr8195,0
vdjdb_full_13220,DATYQRTRALVR_HLA-A*68:01,tcr13125,1
vdjdb_full_13220_rs_2_n0,DATYQRTRALVR_HLA-A*68:01,tcr18411,0
vdjdb_full_14701,CTELKLSDY_HLA-A*01:01,tcr11012,1
vdjdb_full_14701_rs_2_n0,CTELKLSDY_HLA-A*01:01,tcr1790,0
vdjdb_full_15778,RTLNAWVKV_HLA-A*02:01,tcr8005,1
vdjdb_full_15778_rs_2_n0,RTLNAWVKV_HLA-A*02:01,tcr2898,0
vdjdb_full_42,QAKWRLQTL_HLA-B*08:01,tcr1436,1
vdjdb_full_42_rs_2_n0,QAKWRLQTL_HLA-B*08:01,tcr5053,0
vdjdb_full_11049,FLASKIGRLV_HLA-A*02:01,tcr17415,1
vdjdb_full_11049_rs_2_n0,FLASKIGRLV_HLA-A*02:01,tcr386,0
vdjdb_full_2678,SLLMWITQV_HLA-A*02:01,tcr17218,1
vdjdb_full_2678_rs_2_n0,SLLMWITQV_HLA-A*02:01,tcr3916,0
vdjdb_full_80,KLGGALQAK_HLA-A*03:01,tcr16246,1
vdjdb_full_80_rs_2_n0,KLGGALQAK_HLA-A*03:01,tcr3303,0
vdjdb_full_8364,NLVPMVATV_HLA-A*02:01,tcr2818,1
vdjdb_full_8364_rs_2_n0,NLVPMVATV_HLA-A*02:01,tcr6455,0
vdjdb_full_15516,SLFNTVATLY_HLA-A*02:01,tcr8023,1
vdjdb_full_15516_rs_2_n0,SLFNTVATLY_HLA-A*02:01,tcr6667,0
vdjdb_full_14195,RVRAYTYSK_HLA-A*03:01,tcr1802,1
vdjdb_full_14195_rs_2_n0,RVRAYTYSK_HLA-A*03:01,tcr612,0
vdjdb_full_5997,AVFDRKSDAK_HLA-A*11:01,tcr8601,1
vdjdb_full_5997_rs_2_n0,AVFDRKSDAK_HLA-A*11:01,tcr17199,0
vdjdb_full_14311,RVRAYTYSK_HLA-A*03:01,tcr16087,1
vdjdb_full_14311_rs_2_n0,RVRAYTYSK_HLA-A*03:01,tcr17337,0
vdjdb_full_16675,VMNILLQYV_HLA-A*02:01,tcr3627,1
vdjdb_full_16675_rs_2_n0,VMNILLQYV_HLA-A*02:01,tcr18301,0
vdjdb_full_16936,RTATKAYNV_HLA-A*02:01,tcr8529,1
vdjdb_full_16936_rs_2_n0,RTATKAYNV_HLA-A*02:01,tcr6046,0
vdjdb_full_5905,AVFDRKSDAK_HLA-A*11:01,tcr16504,1
vdjdb_full_5905_rs_2_n0,AVFDRKSDAK_HLA-A*11:01,tcr1586,0
vdjdb_full_17339,RVAGDSGFAAY_HLA-B*15:01,tcr16206,1
vdjdb_full_17339_rs_2_n0,RVAGDSGFAAY_HLA-B*15:01,tcr14944,0
vdjdb_full_16616,QYIKWPWYI_HLA-A*24:02,tcr4459,1
vdjdb_full_16616_rs_2_n0,QYIKWPWYI_HLA-A*24:02,tcr4612,0
vdjdb_full_15420,CINGVCWTV_HLA-A*02:01,tcr12830,1
vdjdb_full_15420_rs_2_n0,CINGVCWTV_HLA-A*02:01,tcr8427,0
vdjdb_full_14986,LLWNGPMAV_HLA-A*02:01,tcr2123,1
vdjdb_full_14986_rs_2_n0,LLWNGPMAV_HLA-A*02:01,tcr14337,0
vdjdb_full_1902,KLGGALQAK_HLA-A*03:01,tcr13062,1
vdjdb_full_1902_rs_2_n0,KLGGALQAK_HLA-A*03:01,tcr269,0
vdjdb_full_15576,FLRGRAYGL_HLA-B*08:01,tcr14373,1
vdjdb_full_15576_rs_2_n0,FLRGRAYGL_HLA-B*08:01,tcr1661,0
vdjdb_full_13164,DATYQRTRALVR_HLA-A*68:01,tcr532,1
vdjdb_full_13164_rs_2_n0,DATYQRTRALVR_HLA-A*68:01,tcr8617,0
vdjdb_full_16346,VTDAAHLLI_HLA-A*01:01,tcr14880,1
vdjdb_full_16346_rs_2_n0,VTDAAHLLI_HLA-A*01:01,tcr15677,0
vdjdb_full_10213,RLRAEAQVK_HLA-A*03:01,tcr2869,1
vdjdb_full_10213_rs_2_n0,RLRAEAQVK_HLA-A*03:01,tcr4244,0
vdjdb_full_13345,CLGGLLTMV_HLA-A*02:01,tcr13517,1
vdjdb_full_13345_rs_2_n0,CLGGLLTMV_HLA-A*02:01,tcr17599,0
vdjdb_full_16595,WPVTLACFV_HLA-B*07:02,tcr16858,1
vdjdb_full_16595_rs_2_n0,WPVTLACFV_HLA-B*07:02,tcr7323,0
vdjdb_full_14987,LLWNGPMAV_HLA-A*02:01,tcr15955,1
vdjdb_full_14987_rs_2_n0,LLWNGPMAV_HLA-A*02:01,tcr10043,0
vdjdb_full_14799,LLFNILGGWV_HLA-A*02:01,tcr1950,1
vdjdb_full_14799_rs_2_n0,LLFNILGGWV_HLA-A*02:01,tcr18158,0
vdjdb_full_11545,ATDALMTGF_HLA-A*01:01,tcr8617,1
vdjdb_full_11545_rs_2_n0,ATDALMTGF_HLA-A*01:01,tcr15612,0
vdjdb_full_8607,NLVPMVATV_HLA-A*02:01,tcr12841,1
vdjdb_full_8607_rs_2_n0,NLVPMVATV_HLA-A*02:01,tcr4369,0
vdjdb_full_17846,TPSVSSSISSL_HLA-B*07:02,tcr16809,1
vdjdb_full_17846_rs_2_n0,TPSVSSSISSL_HLA-B*07:02,tcr13669,0
vdjdb_full_17457,LTSLTILQLY_HLA-A*01:01,tcr5079,1
vdjdb_full_17457_rs_2_n0,LTSLTILQLY_HLA-A*01:01,tcr8603,0
vdjdb_full_17039,LLYDANYFL_HLA-A*02:01,tcr16856,1
vdjdb_full_17039_rs_2_n0,LLYDANYFL_HLA-A*02:01,tcr10659,0
vdjdb_full_13289,CLGGLLTMV_HLA-A*02:01,tcr18381,1
vdjdb_full_13289_rs_2_n0,CLGGLLTMV_HLA-A*02:01,tcr3162,0
vdjdb_full_8789,LLAGIGTVPI_HLA-A*02:01,tcr15236,1
vdjdb_full_8789_rs_2_n0,LLAGIGTVPI_HLA-A*02:01,tcr15071,0
vdjdb_full_15716,VYFLQSINF_HLA-A*24:02,tcr1917,1
vdjdb_full_15716_rs_2_n0,VYFLQSINF_HLA-A*24:02,tcr4114,0
vdjdb_full_10078,RLRAEAQVK_HLA-A*03:01,tcr9241,1
vdjdb_full_10078_rs_2_n0,RLRAEAQVK_HLA-A*03:01,tcr11034,0
vdjdb_full_11681,ELAGIGILTV_HLA-A*02:01,tcr4029,1
vdjdb_full_11681_rs_2_n0,ELAGIGILTV_HLA-A*02:01,tcr14778,0
vdjdb_full_17286,KLSALGINAV_HLA-A*02:01,tcr4312,1
vdjdb_full_17286_rs_2_n0,KLSALGINAV_HLA-A*02:01,tcr15971,0
vdjdb_full_7385,GILGFVFTL_HLA-A*02:01,tcr16991,1
vdjdb_full_7385_rs_2_n0,GILGFVFTL_HLA-A*02:01,tcr8222,0
vdjdb_full_14671,CTELKLSDY_HLA-A*01:01,tcr2599,1
vdjdb_full_14671_rs_2_n0,CTELKLSDY_HLA-A*01:01,tcr10689,0
vdjdb_full_13364,LPRWYFYYL_HLA-B*07:02,tcr413,1
vdjdb_full_13364_rs_2_n0,LPRWYFYYL_HLA-B*07:02,tcr16531,0
vdjdb_full_18123,SIIAYTMSL_HLA-B*07:02,tcr16404,1
vdjdb_full_18123_rs_2_n0,SIIAYTMSL_HLA-B*07:02,tcr8067,0
vdjdb_full_16995,NYNYLYRLF_HLA-A*24:02,tcr9775,1
vdjdb_full_16995_rs_2_n0,NYNYLYRLF_HLA-A*24:02,tcr14759,0
vdjdb_full_14031,RVRAYTYSK_HLA-A*03:01,tcr5612,1
vdjdb_full_14031_rs_2_n0,RVRAYTYSK_HLA-A*03:01,tcr9457,0
vdjdb_full_16507,RPPIFIRRL_HLA-B*07:02,tcr17577,1
vdjdb_full_16507_rs_2_n0,RPPIFIRRL_HLA-B*07:02,tcr17713,0
vdjdb_full_16456,RTATKQYNV_HLA-A*02:01,tcr2295,1
vdjdb_full_16456_rs_2_n0,RTATKQYNV_HLA-A*02:01,tcr14011,0
vdjdb_full_13905,AYAQKIFKI_HLA-A*24:02,tcr911,1
vdjdb_full_13905_rs_2_n0,AYAQKIFKI_HLA-A*24:02,tcr4019,0
vdjdb_full_14621,CTELKLSDY_HLA-A*01:01,tcr5565,1
vdjdb_full_14621_rs_2_n0,CTELKLSDY_HLA-A*01:01,tcr13106,0
vdjdb_full_11028,SPRWYFYYL_HLA-B*07:02,tcr4525,1
vdjdb_full_11028_rs_2_n0,SPRWYFYYL_HLA-B*07:02,tcr6865,0
vdjdb_full_13331,CLGGLLTMV_HLA-A*02:01,tcr1498,1
vdjdb_full_13331_rs_2_n0,CLGGLLTMV_HLA-A*02:01,tcr6162,0
vdjdb_full_16077,VMVELVAEL_HLA-A*02:01,tcr12029,1
vdjdb_full_16077_rs_2_n0,VMVELVAEL_HLA-A*02:01,tcr14,0
vdjdb_full_8533,NLVPMVATV_HLA-A*02:01,tcr6340,1
vdjdb_full_8533_rs_2_n0,NLVPMVATV_HLA-A*02:01,tcr16229,0
vdjdb_full_8696,NLVPMVATV_HLA-A*02:01,tcr13395,1
vdjdb_full_8696_rs_2_n0,NLVPMVATV_HLA-A*02:01,tcr2101,0
vdjdb_full_11902,ELAGIGILTV_HLA-A*02:01,tcr6469,1
vdjdb_full_11902_rs_2_n0,ELAGIGILTV_HLA-A*02:01,tcr16504,0
vdjdb_full_10624,LTDEMIAQY_HLA-A*01:01,tcr1101,1
vdjdb_full_10624_rs_2_n0,LTDEMIAQY_HLA-A*01:01,tcr1029,0
vdjdb_full_16275,RPIIRPATL_HLA-B*08:01,tcr14742,1
vdjdb_full_16275_rs_2_n0,RPIIRPATL_HLA-B*08:01,tcr13128,0
vdjdb_full_13463,FLYALALLL_HLA-A*02:01,tcr3136,1
vdjdb_full_13463_rs_2_n0,FLYALALLL_HLA-A*02:01,tcr4124,0
vdjdb_full_15740,VYFLQSINF_HLA-A*24:02,tcr14397,1
vdjdb_full_15740_rs_2_n0,VYFLQSINF_HLA-A*24:02,tcr15296,0
vdjdb_full_2199,GLCTLVAML_HLA-A*02:01,tcr15983,1
vdjdb_full_2199_rs_2_n0,GLCTLVAML_HLA-A*02:01,tcr11596,0
vdjdb_full_13652,KTFPPTEPK_HLA-A*03:01,tcr11811,1
vdjdb_full_13652_rs_2_n0,KTFPPTEPK_HLA-A*03:01,tcr10915,0
vdjdb_full_10781,SPRWYFYYL_HLA-B*07:02,tcr18100,1
vdjdb_full_10781_rs_2_n0,SPRWYFYYL_HLA-B*07:02,tcr13620,0
vdjdb_full_12067,ALAGIGILTV_HLA-A*02:01,tcr2833,1
vdjdb_full_12067_rs_2_n0,ALAGIGILTV_HLA-A*02:01,tcr13004,0
vdjdb_full_14083,RVRAYTYSK_HLA-A*03:01,tcr8153,1
vdjdb_full_14083_rs_2_n0,RVRAYTYSK_HLA-A*03:01,tcr11118,0
vdjdb_full_17840,TPSVSSSISSL_HLA-B*07:02,tcr17681,1
vdjdb_full_17840_rs_2_n0,TPSVSSSISSL_HLA-B*07:02,tcr2011,0
vdjdb_full_17936,YSEHPTFTSQY_HLA-A*01:01,tcr15296,1
vdjdb_full_17936_rs_2_n0,YSEHPTFTSQY_HLA-A*01:01,tcr12262,0
vdjdb_full_279,KLGGALQAK_HLA-A*03:01,tcr16020,1
vdjdb_full_279_rs_2_n0,KLGGALQAK_HLA-A*03:01,tcr5509,0
vdjdb_full_18153,MLDLQPETT_HLA-A*02:01,tcr149,1
vdjdb_full_18153_rs_2_n0,MLDLQPETT_HLA-A*02:01,tcr3460,0
vdjdb_full_13441,FLYALALLL_HLA-A*02:01,tcr16427,1
vdjdb_full_13441_rs_2_n0,FLYALALLL_HLA-A*02:01,tcr12195,0
vdjdb_full_11510,ATDALMTGF_HLA-A*01:01,tcr17024,1
vdjdb_full_11510_rs_2_n0,ATDALMTGF_HLA-A*01:01,tcr14590,0
vdjdb_full_9195,YVLDHLIVV_HLA-A*02:01,tcr6996,1
vdjdb_full_9195_rs_2_n0,YVLDHLIVV_HLA-A*02:01,tcr4762,0
vdjdb_full_10869,SPRWYFYYL_HLA-B*07:02,tcr17927,1
vdjdb_full_10869_rs_2_n0,SPRWYFYYL_HLA-B*07:02,tcr2599,0
vdjdb_full_15456,CINGVCWTV_HLA-A*02:01,tcr1758,1
vdjdb_full_15456_rs_2_n0,CINGVCWTV_HLA-A*02:01,tcr17247,0
vdjdb_full_13840,TPRVTGGGAM_HLA-B*07:02,tcr14265,1
vdjdb_full_13840_rs_2_n0,TPRVTGGGAM_HLA-B*07:02,tcr12673,0
vdjdb_full_14770,RAQAPPPSW_HLA-B*57:01,tcr6237,1
vdjdb_full_14770_rs_2_n0,RAQAPPPSW_HLA-B*57:01,tcr4030,0
vdjdb_full_17268,YAKWKLCSA_HLA-B*08:01,tcr16320,1
vdjdb_full_17268_rs_2_n0,YAKWKLCSA_HLA-B*08:01,tcr11620,0
vdjdb_full_16919,RTATKAYNV_HLA-A*02:01,tcr247,1
vdjdb_full_16919_rs_2_n0,RTATKAYNV_HLA-A*02:01,tcr1272,0
vdjdb_full_3,QAKWRLQTL_HLA-B*08:01,tcr10881,1
vdjdb_full_3_rs_2_n0,QAKWRLQTL_HLA-B*08:01,tcr10340,0
vdjdb_full_15168,ALWEIQQVV_HLA-A*02:01,tcr10253,1
vdjdb_full_15168_rs_2_n0,ALWEIQQVV_HLA-A*02:01,tcr648,0
vdjdb_full_13698,TPRVTGGGAM_HLA-B*07:02,tcr14590,1
vdjdb_full_13698_rs_2_n0,TPRVTGGGAM_HLA-B*07:02,tcr9800,0
vdjdb_full_16674,VMNILLQYV_HLA-A*02:01,tcr7523,1
vdjdb_full_16674_rs_2_n0,VMNILLQYV_HLA-A*02:01,tcr12200,0
vdjdb_full_16599,WPVTLACFV_HLA-B*07:02,tcr13822,1
vdjdb_full_16599_rs_2_n0,WPVTLACFV_HLA-B*07:02,tcr2672,0
vdjdb_full_15670,FLRGRAYGL_HLA-B*08:01,tcr6636,1
vdjdb_full_15670_rs_2_n0,FLRGRAYGL_HLA-B*08:01,tcr10865,0
vdjdb_full_13579,KTFPPTEPK_HLA-A*03:01,tcr8225,1
vdjdb_full_13579_rs_2_n0,KTFPPTEPK_HLA-A*03:01,tcr7024,0
vdjdb_full_16425,RTATKQYNV_HLA-A*02:01,tcr8036,1
vdjdb_full_16425_rs_2_n0,RTATKQYNV_HLA-A*02:01,tcr6317,0
vdjdb_full_17187,ALSKGVHFV_HLA-A*02:01,tcr5780,1
vdjdb_full_17187_rs_2_n0,ALSKGVHFV_HLA-A*02:01,tcr6420,0
vdjdb_full_14793,LLFNILGGWV_HLA-A*02:01,tcr6087,1
vdjdb_full_14793_rs_2_n0,LLFNILGGWV_HLA-A*02:01,tcr168,0
vdjdb_full_13496,FLYALALLL_HLA-A*02:01,tcr17472,1
vdjdb_full_13496_rs_2_n0,FLYALALLL_HLA-A*02:01,tcr18369,0
vdjdb_full_17864,RLLPLLALL_HLA-A*02:01,tcr13879,1
vdjdb_full_17864_rs_2_n0,RLLPLLALL_HLA-A*02:01,tcr4103,0
vdjdb_full_10764,SPRWYFYYL_HLA-B*07:02,tcr8335,1
vdjdb_full_10764_rs_2_n0,SPRWYFYYL_HLA-B*07:02,tcr16927,0
vdjdb_full_17860,RLLPLLALL_HLA-A*02:01,tcr15609,1
vdjdb_full_17860_rs_2_n0,RLLPLLALL_HLA-A*02:01,tcr2187,0
vdjdb_full_11177,TTDPSFLGRY_HLA-A*01:01,tcr1894,1
vdjdb_full_11177_rs_2_n0,TTDPSFLGRY_HLA-A*01:01,tcr2101,0
vdjdb_full_17030,LLYDANYFL_HLA-A*02:01,tcr7163,1
vdjdb_full_17030_rs_2_n0,LLYDANYFL_HLA-A*02:01,tcr12497,0
vdjdb_full_8417,NLVPMVATV_HLA-A*02:01,tcr16055,1
vdjdb_full_8417_rs_2_n0,NLVPMVATV_HLA-A*02:01,tcr2753,0
vdjdb_full_5070,AVFDRKSDAK_HLA-A*11:01,tcr2780,1
vdjdb_full_5070_rs_2_n0,AVFDRKSDAK_HLA-A*11:01,tcr17098,0
vdjdb_full_14697,CTELKLSDY_HLA-A*01:01,tcr17021,1
vdjdb_full_14697_rs_2_n0,CTELKLSDY_HLA-A*01:01,tcr8182,0
vdjdb_full_17308,KSVNITFEL_HLA-A*02:01,tcr7451,1
vdjdb_full_17308_rs_2_n0,KSVNITFEL_HLA-A*02:01,tcr2922,0
vdjdb_full_17192,ALSKGVHFV_HLA-A*02:01,tcr9596,1
vdjdb_full_17192_rs_2_n0,ALSKGVHFV_HLA-A*02:01,tcr247,0
vdjdb_full_9998,RLRAEAQVK_HLA-A*03:01,tcr15892,1
vdjdb_full_9998_rs_2_n0,RLRAEAQVK_HLA-A*03:01,tcr9975,0
vdjdb_full_15210,RPHERNGFTVL_HLA-B*07:02,tcr5429,1
vdjdb_full_15210_rs_2_n0,RPHERNGFTVL_HLA-B*07:02,tcr10658,0
vdjdb_full_14927,LLWNGPMAV_HLA-A*02:01,tcr8931,1
vdjdb_full_14927_rs_2_n0,LLWNGPMAV_HLA-A*02:01,tcr16167,0
vdjdb_full_12106,ALAGIGILTV_HLA-A*02:01,tcr4661,1
vdjdb_full_12106_rs_2_n0,ALAGIGILTV_HLA-A*02:01,tcr5040,0
vdjdb_full_13627,KTFPPTEPK_HLA-A*03:01,tcr3014,1
vdjdb_full_13627_rs_2_n0,KTFPPTEPK_HLA-A*03:01,tcr5687,0
vdjdb_full_12159,FTSDYYQLY_HLA-A*01:01,tcr3698,1
vdjdb_full_12159_rs_2_n0,FTSDYYQLY_HLA-A*01:01,tcr17701,0
vdjdb_full_10770,SPRWYFYYL_HLA-B*07:02,tcr13986,1
vdjdb_full_10770_rs_2_n0,SPRWYFYYL_HLA-B*07:02,tcr15002,0
vdjdb_full_8742,LLAGIGTVPI_HLA-A*02:01,tcr10625,1
vdjdb_full_8742_rs_2_n0,LLAGIGTVPI_HLA-A*02:01,tcr3342,0
vdjdb_full_17914,HPVGEADYFEY_HLA-B*35:08,tcr5286,1
vdjdb_full_17914_rs_2_n0,HPVGEADYFEY_HLA-B*35:08,tcr5277,0
vdjdb_full_13235,DATYQRTRALVR_HLA-A*68:01,tcr6600,1
vdjdb_full_13235_rs_2_n0,DATYQRTRALVR_HLA-A*68:01,tcr12674,0
vdjdb_full_11703,ELAGIGILTV_HLA-A*02:01,tcr4771,1
vdjdb_full_11703_rs_2_n0,ELAGIGILTV_HLA-A*02:01,tcr4497,0
vdjdb_full_16631,QYIKWPWYI_HLA-A*24:02,tcr11970,1
vdjdb_full_16631_rs_2_n0,QYIKWPWYI_HLA-A*24:02,tcr8966,0
vdjdb_full_11644,ELAGIGILTV_HLA-A*02:01,tcr179,1
vdjdb_full_11644_rs_2_n0,ELAGIGILTV_HLA-A*02:01,tcr16005,0
vdjdb_full_8560,NLVPMVATV_HLA-A*02:01,tcr1973,1
vdjdb_full_8560_rs_2_n0,NLVPMVATV_HLA-A*02:01,tcr1520,0
vdjdb_full_14660,CTELKLSDY_HLA-A*01:01,tcr4260,1
vdjdb_full_14660_rs_2_n0,CTELKLSDY_HLA-A*01:01,tcr4903,0
vdjdb_full_15828,ALGIGILTV_HLA-A*02:01,tcr4813,1
vdjdb_full_15828_rs_2_n0,ALGIGILTV_HLA-A*02:01,tcr1094,0
vdjdb_full_8562,NLVPMVATV_HLA-A*02:01,tcr11849,1
vdjdb_full_8562_rs_2_n0,NLVPMVATV_HLA-A*02:01,tcr13358,0
vdjdb_full_10653,LTDEMIAQY_HLA-A*01:01,tcr16182,1
vdjdb_full_10653_rs_2_n0,LTDEMIAQY_HLA-A*01:01,tcr14337,0
vdjdb_full_11391,TTDPSFLGRY_HLA-A*01:01,tcr12097,1
vdjdb_full_11391_rs_2_n0,TTDPSFLGRY_HLA-A*01:01,tcr4030,0
vdjdb_full_10800,SPRWYFYYL_HLA-B*07:02,tcr1659,1
vdjdb_full_10800_rs_2_n0,SPRWYFYYL_HLA-B*07:02,tcr13581,0
vdjdb_full_14686,CTELKLSDY_HLA-A*01:01,tcr7297,1
vdjdb_full_14686_rs_2_n0,CTELKLSDY_HLA-A*01:01,tcr11664,0
vdjdb_full_15823,ALGIGILTV_HLA-A*02:01,tcr8235,1
vdjdb_full_15823_rs_2_n0,ALGIGILTV_HLA-A*02:01,tcr10855,0
vdjdb_full_16934,RTATKAYNV_HLA-A*02:01,tcr11629,1
vdjdb_full_16934_rs_2_n0,RTATKAYNV_HLA-A*02:01,tcr3762,0
vdjdb_full_10044,RLRAEAQVK_HLA-A*03:01,tcr12025,1
vdjdb_full_10044_rs_2_n0,RLRAEAQVK_HLA-A*03:01,tcr13700,0
vdjdb_full_3942,SLLMWITQV_HLA-A*02:01,tcr17928,1
vdjdb_full_3942_rs_2_n0,SLLMWITQV_HLA-A*02:01,tcr1099,0
vdjdb_full_14743,RAQAPPPSW_HLA-B*57:01,tcr8582,1
vdjdb_full_14743_rs_2_n0,RAQAPPPSW_HLA-B*57:01,tcr9193,0
vdjdb_full_13651,KTFPPTEPK_HLA-A*03:01,tcr5484,1
vdjdb_full_13651_rs_2_n0,KTFPPTEPK_HLA-A*03:01,tcr17049,0
vdjdb_full_8427,NLVPMVATV_HLA-A*02:01,tcr10661,1
vdjdb_full_8427_rs_2_n0,NLVPMVATV_HLA-A*02:01,tcr4256,0
vdjdb_full_13454,FLYALALLL_HLA-A*02:01,tcr2289,1
vdjdb_full_13454_rs_2_n0,FLYALALLL_HLA-A*02:01,tcr15717,0
vdjdb_full_16860,MEVTPSGTWL_HLA-B*40:01,tcr12676,1
vdjdb_full_16860_rs_2_n0,MEVTPSGTWL_HLA-B*40:01,tcr1836,0
vdjdb_full_16369,PTDNYITTY_HLA-A*01:01,tcr10242,1
vdjdb_full_16369_rs_2_n0,PTDNYITTY_HLA-A*01:01,tcr5138,0
vdjdb_full_14911,LLWNGPMAV_HLA-A*02:01,tcr194,1
vdjdb_full_14911_rs_2_n0,LLWNGPMAV_HLA-A*02:01,tcr156,0
vdjdb_full_12125,FTSDYYQLY_HLA-A*01:01,tcr6498,1
vdjdb_full_12125_rs_2_n0,FTSDYYQLY_HLA-A*01:01,tcr2864,0
vdjdb_full_16015,KLVALGINAV_HLA-A*02:01,tcr7867,1
vdjdb_full_16015_rs_2_n0,KLVALGINAV_HLA-A*02:01,tcr14385,0
vdjdb_full_7174,GILGFVFTL_HLA-A*02:01,tcr2832,1
vdjdb_full_7174_rs_2_n0,GILGFVFTL_HLA-A*02:01,tcr13657,0
vdjdb_full_14202,RVRAYTYSK_HLA-A*03:01,tcr9385,1
vdjdb_full_14202_rs_2_n0,RVRAYTYSK_HLA-A*03:01,tcr8195,0
vdjdb_full_13462,FLYALALLL_HLA-A*02:01,tcr6411,1
vdjdb_full_13462_rs_2_n0,FLYALALLL_HLA-A*02:01,tcr12224,0
vdjdb_full_16937,RTATKAYNV_HLA-A*02:01,tcr16363,1
vdjdb_full_16937_rs_2_n0,RTATKAYNV_HLA-A*02:01,tcr2726,0
vdjdb_full_8785,LLAGIGTVPI_HLA-A*02:01,tcr12517,1
vdjdb_full_8785_rs_2_n0,LLAGIGTVPI_HLA-A*02:01,tcr13822,0
vdjdb_full_15125,NQKLIANQF_HLA-B*15:01,tcr7574,1
vdjdb_full_15125_rs_2_n0,NQKLIANQF_HLA-B*15:01,tcr474,0
vdjdb_full_16633,QYIKWPWYI_HLA-A*24:02,tcr1267,1
vdjdb_full_16633_rs_2_n0,QYIKWPWYI_HLA-A*24:02,tcr11130,0
vdjdb_full_13620,KTFPPTEPK_HLA-A*03:01,tcr14786,1
vdjdb_full_13620_rs_2_n0,KTFPPTEPK_HLA-A*03:01,tcr16125,0
vdjdb_full_12862,IVTDFSVIK_HLA-A*11:01,tcr1756,1
vdjdb_full_12862_rs_2_n0,IVTDFSVIK_HLA-A*11:01,tcr14829,0
vdjdb_full_2962,SLLMWITQV_HLA-A*02:01,tcr7601,1
vdjdb_full_2962_rs_2_n0,SLLMWITQV_HLA-A*02:01,tcr10464,0
vdjdb_full_9788,YLQPRTFLL_HLA-A*02:01,tcr1075,1
vdjdb_full_9788_rs_2_n0,YLQPRTFLL_HLA-A*02:01,tcr15603,0
vdjdb_full_16410,EAAGIGILTV_HLA-A*02:01,tcr612,1
vdjdb_full_16410_rs_2_n0,EAAGIGILTV_HLA-A*02:01,tcr3625,0
vdjdb_full_13563,KTFPPTEPK_HLA-A*03:01,tcr4045,1
vdjdb_full_13563_rs_2_n0,KTFPPTEPK_HLA-A*03:01,tcr1562,0
vdjdb_full_12089,ALAGIGILTV_HLA-A*02:01,tcr12278,1
vdjdb_full_12089_rs_2_n0,ALAGIGILTV_HLA-A*02:01,tcr6201,0
vdjdb_full_9429,YVLDHLIVV_HLA-A*02:01,tcr3364,1
vdjdb_full_9429_rs_2_n0,YVLDHLIVV_HLA-A*02:01,tcr12150,0
vdjdb_full_16965,NYNYLYRLF_HLA-A*24:02,tcr14381,1
vdjdb_full_16965_rs_2_n0,NYNYLYRLF_HLA-A*24:02,tcr8581,0
vdjdb_full_15967,KSKRTPMGF_HLA-B*57:01,tcr182,1
vdjdb_full_15967_rs_2_n0,KSKRTPMGF_HLA-B*57:01,tcr7635,0
vdjdb_full_11800,ELAGIGILTV_HLA-A*02:01,tcr4969,1
vdjdb_full_11800_rs_2_n0,ELAGIGILTV_HLA-A*02:01,tcr14200,0
vdjdb_full_15025,LLWNGPMAV_HLA-A*02:01,tcr12122,1
vdjdb_full_15025_rs_2_n0,LLWNGPMAV_HLA-A*02:01,tcr1882,0
vdjdb_full_17861,RLLPLLALL_HLA-A*02:01,tcr16695,1
vdjdb_full_17861_rs_2_n0,RLLPLLALL_HLA-A*02:01,tcr13774,0
vdjdb_full_14212,RVRAYTYSK_HLA-A*03:01,tcr11521,1
vdjdb_full_14212_rs_2_n0,RVRAYTYSK_HLA-A*03:01,tcr12676,0
vdjdb_full_16176,GPRLGVRAT_HLA-B*07:02,tcr3133,1
vdjdb_full_16176_rs_2_n0,GPRLGVRAT_HLA-B*07:02,tcr11864,0
vdjdb_full_11536,ATDALMTGF_HLA-A*01:01,tcr13734,1
vdjdb_full_11536_rs_2_n0,ATDALMTGF_HLA-A*01:01,tcr6020,0
vdjdb_full_16081,VMVELVAEL_HLA-A*02:01,tcr7645,1
vdjdb_full_16081_rs_2_n0,VMVELVAEL_HLA-A*02:01,tcr11220,0
vdjdb_full_15749,STNVGSNTY_HLA-A*01:01,tcr12717,1
vdjdb_full_15749_rs_2_n0,STNVGSNTY_HLA-A*01:01,tcr9385,0
vdjdb_full_13498,FLYALALLL_HLA-A*02:01,tcr5702,1
vdjdb_full_13498_rs_2_n0,FLYALALLL_HLA-A*02:01,tcr4685,0
vdjdb_full_4739,AVFDRKSDAK_HLA-A*11:01,tcr14759,1
vdjdb_full_4739_rs_2_n0,AVFDRKSDAK_HLA-A*11:01,tcr10093,0
vdjdb_full_9127,LLAGIGTVPI_HLA-A*02:01,tcr10843,1
vdjdb_full_9127_rs_2_n0,LLAGIGTVPI_HLA-A*02:01,tcr14373,0
vdjdb_full_10630,LTDEMIAQY_HLA-A*01:01,tcr10708,1
vdjdb_full_10630_rs_2_n0,LTDEMIAQY_HLA-A*01:01,tcr7181,0
vdjdb_full_16020,KLVALGINAV_HLA-A*02:01,tcr14536,1
vdjdb_full_16020_rs_2_n0,KLVALGINAV_HLA-A*02:01,tcr1029,0
vdjdb_full_16514,RPPIFIRRL_HLA-B*07:02,tcr11672,1
vdjdb_full_16514_rs_2_n0,RPPIFIRRL_HLA-B*07:02,tcr5219,0
vdjdb_full_16910,RTATKAYNV_HLA-A*02:01,tcr2411,1
vdjdb_full_16910_rs_2_n0,RTATKAYNV_HLA-A*02:01,tcr7107,0
vdjdb_full_16056,KLVAMGINAV_HLA-A*02:01,tcr9670,1
vdjdb_full_16056_rs_2_n0,KLVAMGINAV_HLA-A*02:01,tcr11703,0
vdjdb_full_15223,RPHERNGFTVL_HLA-B*07:02,tcr1654,1
vdjdb_full_15223_rs_2_n0,RPHERNGFTVL_HLA-B*07:02,tcr13042,0
vdjdb_full_5315,AVFDRKSDAK_HLA-A*11:01,tcr14075,1
vdjdb_full_5315_rs_2_n0,AVFDRKSDAK_HLA-A*11:01,tcr278,0
vdjdb_full_15604,FLRGRAYGL_HLA-B*08:01,tcr1959,1
vdjdb_full_15604_rs_2_n0,FLRGRAYGL_HLA-B*08:01,tcr1681,0
vdjdb_full_17367,RPIIRPATL_HLA-B*07:02,tcr6397,1
vdjdb_full_17367_rs_2_n0,RPIIRPATL_HLA-B*07:02,tcr7926,0
vdjdb_full_10516,HPNGYKSLSTL_HLA-B*07:02,tcr2442,1
vdjdb_full_10516_rs_2_n0,HPNGYKSLSTL_HLA-B*07:02,tcr17471,0
vdjdb_full_12340,IVTDFSVIK_HLA-A*11:01,tcr646,1
vdjdb_full_12340_rs_2_n0,IVTDFSVIK_HLA-A*11:01,tcr4485,0
vdjdb_full_16465,RTATKQYNV_HLA-A*02:01,tcr899,1
vdjdb_full_16465_rs_2_n0,RTATKQYNV_HLA-A*02:01,tcr1430,0
vdjdb_full_11452,TTDPSFLGRY_HLA-A*01:01,tcr2513,1
vdjdb_full_11452_rs_2_n0,TTDPSFLGRY_HLA-A*01:01,tcr1679,0
vdjdb_full_10511,LLSLFSLWL_HLA-A*02:01,tcr9651,1
vdjdb_full_10511_rs_2_n0,LLSLFSLWL_HLA-A*02:01,tcr8123,0
vdjdb_full_16203,GPRLGVRAT_HLA-B*07:02,tcr11994,1
vdjdb_full_16203_rs_2_n0,GPRLGVRAT_HLA-B*07:02,tcr10909,0
vdjdb_full_17527,RLWGTWVKA_HLA-A*02:01,tcr852,1
vdjdb_full_17527_rs_2_n0,RLWGTWVKA_HLA-A*02:01,tcr13281,0
vdjdb_full_13237,DATYQRTRALVR_HLA-A*68:01,tcr16756,1
vdjdb_full_13237_rs_2_n0,DATYQRTRALVR_HLA-A*68:01,tcr6263,0
vdjdb_full_15814,ALGIGILTV_HLA-A*02:01,tcr1642,1
vdjdb_full_15814_rs_2_n0,ALGIGILTV_HLA-A*02:01,tcr14774,0
vdjdb_full_16898,RTATKAYNV_HLA-A*02:01,tcr2446,1
vdjdb_full_16898_rs_2_n0,RTATKAYNV_HLA-A*02:01,tcr10498,0
vdjdb_full_13192,DATYQRTRALVR_HLA-A*68:01,tcr9002,1
vdjdb_full_13192_rs_2_n0,DATYQRTRALVR_HLA-A*68:01,tcr2898,0
vdjdb_full_13807,TPRVTGGGAM_HLA-B*07:02,tcr13846,1
vdjdb_full_13807_rs_2_n0,TPRVTGGGAM_HLA-B*07:02,tcr13013,0
vdjdb_full_15867,KSKRTPMGF_HLA-B*57:01,tcr13641,1
vdjdb_full_15867_rs_2_n0,KSKRTPMGF_HLA-B*57:01,tcr10872,0
vdjdb_full_3547,SLLMWITQV_HLA-A*02:01,tcr7554,1
vdjdb_full_3547_rs_2_n0,SLLMWITQV_HLA-A*02:01,tcr373,0
vdjdb_full_15961,KSKRTPMGF_HLA-B*57:01,tcr12275,1
vdjdb_full_15961_rs_2_n0,KSKRTPMGF_HLA-B*57:01,tcr9478,0
vdjdb_full_2109,GLCTLVAML_HLA-A*02:01,tcr7480,1
vdjdb_full_2109_rs_2_n0,GLCTLVAML_HLA-A*02:01,tcr10276,0
vdjdb_full_13171,DATYQRTRALVR_HLA-A*68:01,tcr16116,1
vdjdb_full_13171_rs_2_n0,DATYQRTRALVR_HLA-A*68:01,tcr9790,0
vdjdb_full_9024,LLAGIGTVPI_HLA-A*02:01,tcr3863,1
vdjdb_full_9024_rs_2_n0,LLAGIGTVPI_HLA-A*02:01,tcr8815,0
vdjdb_full_40,QAKWRLQTL_HLA-B*08:01,tcr13950,1
vdjdb_full_40_rs_2_n0,QAKWRLQTL_HLA-B*08:01,tcr12422,0
vdjdb_full_13266,CLGGLLTMV_HLA-A*02:01,tcr6729,1
vdjdb_full_13266_rs_2_n0,CLGGLLTMV_HLA-A*02:01,tcr3243,0
vdjdb_full_8331,LLDFVRFMGV_HLA-A*02:01,tcr1,1
vdjdb_full_8331_rs_2_n0,LLDFVRFMGV_HLA-A*02:01,tcr1758,0
vdjdb_full_15193,RPHERNGFTVL_HLA-B*07:02,tcr2197,1
vdjdb_full_15193_rs_2_n0,RPHERNGFTVL_HLA-B*07:02,tcr6703,0
vdjdb_full_9607,YLQPRTFLL_HLA-A*02:01,tcr8187,1
vdjdb_full_9607_rs_2_n0,YLQPRTFLL_HLA-A*02:01,tcr15961,0
vdjdb_full_15793,RTLNAWVKV_HLA-A*02:01,tcr17590,1
vdjdb_full_15793_rs_2_n0,RTLNAWVKV_HLA-A*02:01,tcr3624,0
vdjdb_full_12258,IVTDFSVIK_HLA-A*11:01,tcr18330,1
vdjdb_full_12258_rs_2_n0,IVTDFSVIK_HLA-A*11:01,tcr5534,0
vdjdb_full_4901,AVFDRKSDAK_HLA-A*11:01,tcr559,1
vdjdb_full_4901_rs_2_n0,AVFDRKSDAK_HLA-A*11:01,tcr8511,0
vdjdb_full_15664,FLRGRAYGL_HLA-B*08:01,tcr18369,1
vdjdb_full_15664_rs_2_n0,FLRGRAYGL_HLA-B*08:01,tcr949,0
vdjdb_full_13648,KTFPPTEPK_HLA-A*03:01,tcr3674,1
vdjdb_full_13648_rs_2_n0,KTFPPTEPK_HLA-A*03:01,tcr16847,0
vdjdb_full_11245,TTDPSFLGRY_HLA-A*01:01,tcr8912,1
vdjdb_full_11245_rs_2_n0,TTDPSFLGRY_HLA-A*01:01,tcr12581,0
vdjdb_full_18307,RPHERNGFTV_HLA-B*07:02,tcr17841,1
vdjdb_full_18307_rs_2_n0,RPHERNGFTV_HLA-B*07:02,tcr12263,0
vdjdb_full_16394,EAAGIGILTV_HLA-A*02:01,tcr11415,1
vdjdb_full_16394_rs_2_n0,EAAGIGILTV_HLA-A*02:01,tcr5517,0
vdjdb_full_15132,NQKLIANQF_HLA-B*15:01,tcr13547,1
vdjdb_full_15132_rs_2_n0,NQKLIANQF_HLA-B*15:01,tcr14957,0
vdjdb_full_15359,CINGVCWTV_HLA-A*02:01,tcr5039,1
vdjdb_full_15359_rs_2_n0,CINGVCWTV_HLA-A*02:01,tcr1293,0
vdjdb_full_16734,YLLEMLWRL_HLA-A*02:01,tcr6201,1
vdjdb_full_16734_rs_2_n0,YLLEMLWRL_HLA-A*02:01,tcr11887,0
vdjdb_full_9902,YLQPRTFLL_HLA-A*02:01,tcr10535,1
vdjdb_full_9902_rs_2_n0,YLQPRTFLL_HLA-A*02:01,tcr15748,0
vdjdb_full_15615,FLRGRAYGL_HLA-B*08:01,tcr10594,1
vdjdb_full_15615_rs_2_n0,FLRGRAYGL_HLA-B*08:01,tcr15073,0
vdjdb_full_15489,CINGVCWTV_HLA-A*02:01,tcr4575,1
vdjdb_full_15489_rs_2_n0,CINGVCWTV_HLA-A*02:01,tcr8345,0
vdjdb_full_10016,RLRAEAQVK_HLA-A*03:01,tcr10435,1
vdjdb_full_10016_rs_2_n0,RLRAEAQVK_HLA-A*03:01,tcr16412,0
vdjdb_full_10249,RLRAEAQVK_HLA-A*03:01,tcr6922,1
vdjdb_full_10249_rs_2_n0,RLRAEAQVK_HLA-A*03:01,tcr2045,0
vdjdb_full_17174,ALSKGVHFV_HLA-A*02:01,tcr15908,1
vdjdb_full_17174_rs_2_n0,ALSKGVHFV_HLA-A*02:01,tcr372,0
vdjdb_full_11631,ELAGIGILTV_HLA-A*02:01,tcr1530,1
vdjdb_full_11631_rs_2_n0,ELAGIGILTV_HLA-A*02:01,tcr5943,0
vdjdb_full_193,KLGGALQAK_HLA-A*03:01,tcr8760,1
vdjdb_full_193_rs_2_n0,KLGGALQAK_HLA-A*03:01,tcr14152,0
vdjdb_full_13600,KTFPPTEPK_HLA-A*03:01,tcr15500,1
vdjdb_full_13600_rs_2_n0,KTFPPTEPK_HLA-A*03:01,tcr15461,0
vdjdb_full_15056,TSQWLTNIF_HLA-A*24:02,tcr16372,1
vdjdb_full_15056_rs_2_n0,TSQWLTNIF_HLA-A*24:02,tcr13895,0
vdjdb_full_15126,NQKLIANQF_HLA-B*15:01,tcr6876,1
vdjdb_full_15126_rs_2_n0,NQKLIANQF_HLA-B*15:01,tcr13980,0
vdjdb_full_11090,AAGIGILTV_HLA-A*02:01,tcr14954,1
vdjdb_full_11090_rs_2_n0,AAGIGILTV_HLA-A*02:01,tcr5535,0
vdjdb_full_16185,GPRLGVRAT_HLA-B*07:02,tcr6021,1
vdjdb_full_16185_rs_2_n0,GPRLGVRAT_HLA-B*07:02,tcr1926,0
vdjdb_full_10080,RLRAEAQVK_HLA-A*03:01,tcr3522,1
vdjdb_full_10080_rs_2_n0,RLRAEAQVK_HLA-A*03:01,tcr7478,0
vdjdb_full_6668,GILGFVFTL_HLA-A*02:01,tcr5047,1
vdjdb_full_6668_rs_2_n0,GILGFVFTL_HLA-A*02:01,tcr2583,0
vdjdb_full_15272,FMVFLQTHI_HLA-A*02:01,tcr14224,1
vdjdb_full_15272_rs_2_n0,FMVFLQTHI_HLA-A*02:01,tcr13831,0
vdjdb_full_15543,SLFNTVATLY_HLA-A*02:01,tcr5768,1
vdjdb_full_15543_rs_2_n0,SLFNTVATLY_HLA-A*02:01,tcr8195,0
vdjdb_full_9809,YLQPRTFLL_HLA-A*02:01,tcr12692,1
vdjdb_full_9809_rs_2_n0,YLQPRTFLL_HLA-A*02:01,tcr6453,0
vdjdb_full_9021,LLAGIGTVPI_HLA-A*02:01,tcr6675,1
vdjdb_full_9021_rs_2_n0,LLAGIGTVPI_HLA-A*02:01,tcr3940,0
vdjdb_full_15052,TSQWLTNIF_HLA-A*24:02,tcr16944,1
vdjdb_full_15052_rs_2_n0,TSQWLTNIF_HLA-A*24:02,tcr3549,0
vdjdb_full_15080,NQKLIANQF_HLA-B*15:01,tcr5152,1
vdjdb_full_15080_rs_2_n0,NQKLIANQF_HLA-B*15:01,tcr7092,0
vdjdb_full_2280,GLCTLVAML_HLA-A*02:01,tcr5567,1
vdjdb_full_2280_rs_2_n0,GLCTLVAML_HLA-A*02:01,tcr10219,0
vdjdb_full_15278,CINGVCWTV_HLA-A*02:01,tcr16655,1
vdjdb_full_15278_rs_2_n0,CINGVCWTV_HLA-A*02:01,tcr11051,0
vdjdb_full_4642,AVFDRKSDAK_HLA-A*11:01,tcr13765,1
vdjdb_full_4642_rs_2_n0,AVFDRKSDAK_HLA-A*11:01,tcr11541,0
vdjdb_full_17407,RGPGRAFVTI_HLA-A*02:01,tcr8003,1
vdjdb_full_17407_rs_2_n0,RGPGRAFVTI_HLA-A*02:01,tcr11700,0
vdjdb_full_9556,YLQPRTFLL_HLA-A*02:01,tcr15012,1
vdjdb_full_9556_rs_2_n0,YLQPRTFLL_HLA-A*02:01,tcr11539,0
vdjdb_full_11914,ELAGIGILTV_HLA-A*02:01,tcr1298,1
vdjdb_full_11914_rs_2_n0,ELAGIGILTV_HLA-A*02:01,tcr5628,0
vdjdb_full_8853,LLAGIGTVPI_HLA-A*02:01,tcr2908,1
vdjdb_full_8853_rs_2_n0,LLAGIGTVPI_HLA-A*02:01,tcr8597,0
vdjdb_full_16347,VTDAAHLLI_HLA-A*01:01,tcr15414,1
vdjdb_full_16347_rs_2_n0,VTDAAHLLI_HLA-A*01:01,tcr3127,0
vdjdb_full_13761,TPRVTGGGAM_HLA-B*07:02,tcr6374,1
vdjdb_full_13761_rs_2_n0,TPRVTGGGAM_HLA-B*07:02,tcr12798,0
vdjdb_full_12768,IVTDFSVIK_HLA-A*11:01,tcr16318,1
vdjdb_full_12768_rs_2_n0,IVTDFSVIK_HLA-A*11:01,tcr17959,0
vdjdb_full_14475,RVRAYTYSK_HLA-A*03:01,tcr13912,1
vdjdb_full_14475_rs_2_n0,RVRAYTYSK_HLA-A*03:01,tcr14654,0
vdjdb_full_16183,GPRLGVRAT_HLA-B*07:02,tcr54,1
vdjdb_full_16183_rs_2_n0,GPRLGVRAT_HLA-B*07:02,tcr2922,0
vdjdb_full_16242,GIIYIIYKL_HLA-A*02:01,tcr16541,1
vdjdb_full_16242_rs_2_n0,GIIYIIYKL_HLA-A*02:01,tcr17869,0
vdjdb_full_8530,NLVPMVATV_HLA-A*02:01,tcr6410,1
vdjdb_full_8530_rs_2_n0,NLVPMVATV_HLA-A*02:01,tcr9079,0
vdjdb_full_10113,RLRAEAQVK_HLA-A*03:01,tcr11119,1
vdjdb_full_10113_rs_2_n0,RLRAEAQVK_HLA-A*03:01,tcr8881,0
vdjdb_full_14,QAKWRLQTL_HLA-B*08:01,tcr9574,1
vdjdb_full_14_rs_2_n0,QAKWRLQTL_HLA-B*08:01,tcr11887,0
vdjdb_full_15807,ALGIGILTV_HLA-A*02:01,tcr6924,1
vdjdb_full_15807_rs_2_n0,ALGIGILTV_HLA-A*02:01,tcr7061,0
vdjdb_full_17034,LLYDANYFL_HLA-A*02:01,tcr7963,1
vdjdb_full_17034_rs_2_n0,LLYDANYFL_HLA-A*02:01,tcr119,0
vdjdb_full_13464,FLYALALLL_HLA-A*02:01,tcr11610,1
vdjdb_full_13464_rs_2_n0,FLYALALLL_HLA-A*02:01,tcr12954,0
vdjdb_full_11270,TTDPSFLGRY_HLA-A*01:01,tcr5415,1
vdjdb_full_11270_rs_2_n0,TTDPSFLGRY_HLA-A*01:01,tcr6115,0
vdjdb_full_13429,FLYALALLL_HLA-A*02:01,tcr10927,1
vdjdb_full_13429_rs_2_n0,FLYALALLL_HLA-A*02:01,tcr15030,0
vdjdb_full_11056,FLASKIGRLV_HLA-A*02:01,tcr17259,1
vdjdb_full_11056_rs_2_n0,FLASKIGRLV_HLA-A*02:01,tcr16271,0
vdjdb_full_17125,HSNLNDATY_HLA-A*01:01,tcr2749,1
vdjdb_full_17125_rs_2_n0,HSNLNDATY_HLA-A*01:01,tcr14505,0
vdjdb_full_15925,KSKRTPMGF_HLA-B*57:01,tcr8704,1
vdjdb_full_15925_rs_2_n0,KSKRTPMGF_HLA-B*57:01,tcr12393,0
vdjdb_full_8330,LLDFVRFMGV_HLA-A*02:01,tcr5885,1
vdjdb_full_8330_rs_2_n0,LLDFVRFMGV_HLA-A*02:01,tcr17394,0
vdjdb_full_11775,ELAGIGILTV_HLA-A*02:01,tcr512,1
vdjdb_full_11775_rs_2_n0,ELAGIGILTV_HLA-A*02:01,tcr9885,0
vdjdb_full_11596,ATDALMTGF_HLA-A*01:01,tcr14513,1
vdjdb_full_11596_rs_2_n0,ATDALMTGF_HLA-A*01:01,tcr7002,0
vdjdb_full_16630,QYIKWPWYI_HLA-A*24:02,tcr14673,1
vdjdb_full_16630_rs_2_n0,QYIKWPWYI_HLA-A*24:02,tcr6264,0
vdjdb_full_13232,DATYQRTRALVR_HLA-A*68:01,tcr3815,1
vdjdb_full_13232_rs_2_n0,DATYQRTRALVR_HLA-A*68:01,tcr7734,0
vdjdb_full_11569,ATDALMTGF_HLA-A*01:01,tcr16605,1
vdjdb_full_11569_rs_2_n0,ATDALMTGF_HLA-A*01:01,tcr2761,0
vdjdb_full_12173,IMDQVPFSV_HLA-A*02:01,tcr14348,1
vdjdb_full_12173_rs_2_n0,IMDQVPFSV_HLA-A*02:01,tcr18188,0
vdjdb_full_17138,HSNLNDATY_HLA-A*01:01,tcr8342,1
vdjdb_full_17138_rs_2_n0,HSNLNDATY_HLA-A*01:01,tcr508,0
vdjdb_full_15247,RPHERNGFTVL_HLA-B*07:02,tcr8195,1
vdjdb_full_15247_rs_2_n0,RPHERNGFTVL_HLA-B*07:02,tcr16927,0
vdjdb_full_13677,QYDPVAALF_HLA-A*24:02,tcr2035,1
vdjdb_full_13677_rs_2_n0,QYDPVAALF_HLA-A*24:02,tcr4117,0
vdjdb_full_15607,FLRGRAYGL_HLA-B*08:01,tcr17854,1
vdjdb_full_15607_rs_2_n0,FLRGRAYGL_HLA-B*08:01,tcr6600,0
vdjdb_full_14688,CTELKLSDY_HLA-A*01:01,tcr8230,1
vdjdb_full_14688_rs_2_n0,CTELKLSDY_HLA-A*01:01,tcr780,0
vdjdb_full_11565,ATDALMTGF_HLA-A*01:01,tcr5991,1
vdjdb_full_11565_rs_2_n0,ATDALMTGF_HLA-A*01:01,tcr13731,0
vdjdb_full_2221,GLCTLVAML_HLA-A*02:01,tcr4088,1
vdjdb_full_2221_rs_2_n0,GLCTLVAML_HLA-A*02:01,tcr94,0
vdjdb_full_18111,SIIAYTMSL_HLA-B*07:02,tcr4085,1
vdjdb_full_18111_rs_2_n0,SIIAYTMSL_HLA-B*07:02,tcr15518,0
vdjdb_full_9144,LLAGIGTVPI_HLA-A*02:01,tcr2277,1
vdjdb_full_9144_rs_2_n0,LLAGIGTVPI_HLA-A*02:01,tcr1533,0
vdjdb_full_15,QAKWRLQTL_HLA-B*08:01,tcr4369,1
vdjdb_full_15_rs_2_n0,QAKWRLQTL_HLA-B*08:01,tcr7649,0
vdjdb_full_15919,KSKRTPMGF_HLA-B*57:01,tcr11174,1
vdjdb_full_15919_rs_2_n0,KSKRTPMGF_HLA-B*57:01,tcr4406,0
vdjdb_full_2338,GLCTLVAML_HLA-A*02:01,tcr6890,1
vdjdb_full_2338_rs_2_n0,GLCTLVAML_HLA-A*02:01,tcr8076,0
vdjdb_full_10620,LTDEMIAQY_HLA-A*01:01,tcr8763,1
vdjdb_full_10620_rs_2_n0,LTDEMIAQY_HLA-A*01:01,tcr3799,0
vdjdb_full_11947,ELAGIGILTV_HLA-A*02:01,tcr3389,1
vdjdb_full_11947_rs_2_n0,ELAGIGILTV_HLA-A*02:01,tcr10574,0
vdjdb_full_12041,ALAGIGILTV_HLA-A*02:01,tcr8960,1
vdjdb_full_12041_rs_2_n0,ALAGIGILTV_HLA-A*02:01,tcr13654,0
vdjdb_full_13641,KTFPPTEPK_HLA-A*03:01,tcr11424,1
vdjdb_full_13641_rs_2_n0,KTFPPTEPK_HLA-A*03:01,tcr14050,0
vdjdb_full_15627,FLRGRAYGL_HLA-B*08:01,tcr2938,1
vdjdb_full_15627_rs_2_n0,FLRGRAYGL_HLA-B*08:01,tcr1805,0
vdjdb_full_10610,LTDEMIAQY_HLA-A*01:01,tcr12979,1
vdjdb_full_10610_rs_2_n0,LTDEMIAQY_HLA-A*01:01,tcr12677,0
vdjdb_full_9995,RLRAEAQVK_HLA-A*03:01,tcr70,1
vdjdb_full_9995_rs_2_n0,RLRAEAQVK_HLA-A*03:01,tcr12595,0
vdjdb_full_16892,MEVTPSGTWL_HLA-B*40:01,tcr2751,1
vdjdb_full_16892_rs_2_n0,MEVTPSGTWL_HLA-B*40:01,tcr15701,0
vdjdb_full_10683,SPRWYFYYL_HLA-B*07:02,tcr11965,1
vdjdb_full_10683_rs_2_n0,SPRWYFYYL_HLA-B*07:02,tcr15580,0
vdjdb_full_15234,RPHERNGFTVL_HLA-B*07:02,tcr15360,1
vdjdb_full_15234_rs_2_n0,RPHERNGFTVL_HLA-B*07:02,tcr16824,0
vdjdb_full_15302,CINGVCWTV_HLA-A*02:01,tcr7730,1
vdjdb_full_15302_rs_2_n0,CINGVCWTV_HLA-A*02:01,tcr9390,0
vdjdb_full_14635,CTELKLSDY_HLA-A*01:01,tcr12012,1
vdjdb_full_14635_rs_2_n0,CTELKLSDY_HLA-A*01:01,tcr4671,0
vdjdb_full_13157,DATYQRTRALVR_HLA-A*68:01,tcr12466,1
vdjdb_full_13157_rs_2_n0,DATYQRTRALVR_HLA-A*68:01,tcr16586,0
vdjdb_full_16082,VMVELVAEL_HLA-A*02:01,tcr2047,1
vdjdb_full_16082_rs_2_n0,VMVELVAEL_HLA-A*02:01,tcr5048,0
vdjdb_full_16539,RLGPVQNEV_HLA-A*02:01,tcr197,1
vdjdb_full_16539_rs_2_n0,RLGPVQNEV_HLA-A*02:01,tcr1490,0
vdjdb_full_15871,KSKRTPMGF_HLA-B*57:01,tcr10343,1
vdjdb_full_15871_rs_2_n0,KSKRTPMGF_HLA-B*57:01,tcr13651,0
vdjdb_full_16,QAKWRLQTL_HLA-B*08:01,tcr3542,1
vdjdb_full_16_rs_2_n0,QAKWRLQTL_HLA-B*08:01,tcr14440,0
vdjdb_full_16778,RLPGVLPRA_HLA-A*02:01,tcr10100,1
vdjdb_full_16778_rs_2_n0,RLPGVLPRA_HLA-A*02:01,tcr8153,0
vdjdb_full_15169,ALWEIQQVV_HLA-A*02:01,tcr6145,1
vdjdb_full_15169_rs_2_n0,ALWEIQQVV_HLA-A*02:01,tcr1460,0
vdjdb_full_16288,RPIIRPATL_HLA-B*08:01,tcr16796,1
vdjdb_full_16288_rs_2_n0,RPIIRPATL_HLA-B*08:01,tcr6032,0
vdjdb_full_16304,RPIIRPATL_HLA-B*08:01,tcr4071,1
vdjdb_full_16304_rs_2_n0,RPIIRPATL_HLA-B*08:01,tcr537,0
vdjdb_full_16753,YLLEMLWRL_HLA-A*02:01,tcr12159,1
vdjdb_full_16753_rs_2_n0,YLLEMLWRL_HLA-A*02:01,tcr13394,0
vdjdb_full_13415,FLYALALLL_HLA-A*02:01,tcr7223,1
vdjdb_full_13415_rs_2_n0,FLYALALLL_HLA-A*02:01,tcr15955,0
vdjdb_full_57,QAKWRLQTL_HLA-B*08:01,tcr5377,1
vdjdb_full_57_rs_2_n0,QAKWRLQTL_HLA-B*08:01,tcr13623,0
vdjdb_full_9580,YLQPRTFLL_HLA-A*02:01,tcr17349,1
vdjdb_full_9580_rs_2_n0,YLQPRTFLL_HLA-A*02:01,tcr8330,0
vdjdb_full_11050,FLASKIGRLV_HLA-A*02:01,tcr8402,1
vdjdb_full_11050_rs_2_n0,FLASKIGRLV_HLA-A*02:01,tcr14450,0
vdjdb_full_5546,AVFDRKSDAK_HLA-A*11:01,tcr104,1
vdjdb_full_5546_rs_2_n0,AVFDRKSDAK_HLA-A*11:01,tcr14963,0
vdjdb_full_15810,ALGIGILTV_HLA-A*02:01,tcr1936,1
vdjdb_full_15810_rs_2_n0,ALGIGILTV_HLA-A*02:01,tcr17277,0
vdjdb_full_12558,IVTDFSVIK_HLA-A*11:01,tcr6760,1
vdjdb_full_12558_rs_2_n0,IVTDFSVIK_HLA-A*11:01,tcr16620,0
vdjdb_full_15535,SLFNTVATLY_HLA-A*02:01,tcr4392,1
vdjdb_full_15535_rs_2_n0,SLFNTVATLY_HLA-A*02:01,tcr11913,0
vdjdb_full_15890,KSKRTPMGF_HLA-B*57:01,tcr2436,1
vdjdb_full_15890_rs_2_n0,KSKRTPMGF_HLA-B*57:01,tcr17107,0
vdjdb_full_14969,LLWNGPMAV_HLA-A*02:01,tcr14861,1
vdjdb_full_14969_rs_2_n0,LLWNGPMAV_HLA-A*02:01,tcr14538,0
vdjdb_full_712,KLGGALQAK_HLA-A*03:01,tcr9352,1
vdjdb_full_712_rs_2_n0,KLGGALQAK_HLA-A*03:01,tcr14505,0
vdjdb_full_5710,AVFDRKSDAK_HLA-A*11:01,tcr12484,1
vdjdb_full_5710_rs_2_n0,AVFDRKSDAK_HLA-A*11:01,tcr16786,0
vdjdb_full_17118,HSNLNDATY_HLA-A*01:01,tcr12732,1
vdjdb_full_17118_rs_2_n0,HSNLNDATY_HLA-A*01:01,tcr257,0
vdjdb_full_16909,RTATKAYNV_HLA-A*02:01,tcr17234,1
vdjdb_full_16909_rs_2_n0,RTATKAYNV_HLA-A*02:01,tcr2728,0
vdjdb_full_11069,FLASKIGRLV_HLA-A*02:01,tcr15749,1
vdjdb_full_11069_rs_2_n0,FLASKIGRLV_HLA-A*02:01,tcr14394,0
vdjdb_full_15762,RTLNAWVKV_HLA-A*02:01,tcr3804,1
vdjdb_full_15762_rs_2_n0,RTLNAWVKV_HLA-A*02:01,tcr15795,0
vdjdb_full_8745,LLAGIGTVPI_HLA-A*02:01,tcr5938,1
vdjdb_full_8745_rs_2_n0,LLAGIGTVPI_HLA-A*02:01,tcr136,0
vdjdb_full_13483,FLYALALLL_HLA-A*02:01,tcr14385,1
vdjdb_full_13483_rs_2_n0,FLYALALLL_HLA-A*02:01,tcr15415,0
vdjdb_full_12450,IVTDFSVIK_HLA-A*11:01,tcr8189,1
vdjdb_full_12450_rs_2_n0,IVTDFSVIK_HLA-A*11:01,tcr6420,0
vdjdb_full_11665,ELAGIGILTV_HLA-A*02:01,tcr8602,1
vdjdb_full_11665_rs_2_n0,ELAGIGILTV_HLA-A*02:01,tcr16841,0
vdjdb_full_8466,NLVPMVATV_HLA-A*02:01,tcr10178,1
vdjdb_full_8466_rs_2_n0,NLVPMVATV_HLA-A*02:01,tcr16866,0
vdjdb_full_13644,KTFPPTEPK_HLA-A*03:01,tcr18379,1
vdjdb_full_13644_rs_2_n0,KTFPPTEPK_HLA-A*03:01,tcr6359,0
vdjdb_full_13571,KTFPPTEPK_HLA-A*03:01,tcr1438,1
vdjdb_full_13571_rs_2_n0,KTFPPTEPK_HLA-A*03:01,tcr11743,0
vdjdb_full_17176,ALSKGVHFV_HLA-A*02:01,tcr7663,1
vdjdb_full_17176_rs_2_n0,ALSKGVHFV_HLA-A*02:01,tcr4771,0
vdjdb_full_12142,FTSDYYQLY_HLA-A*01:01,tcr8527,1
vdjdb_full_12142_rs_2_n0,FTSDYYQLY_HLA-A*01:01,tcr1805,0
vdjdb_full_16541,RLGPVQNEV_HLA-A*02:01,tcr18325,1
vdjdb_full_16541_rs_2_n0,RLGPVQNEV_HLA-A*02:01,tcr1101,0
vdjdb_full_17359,RPIIRPATL_HLA-B*07:02,tcr10515,1
vdjdb_full_17359_rs_2_n0,RPIIRPATL_HLA-B*07:02,tcr10480,0
vdjdb_full_14995,LLWNGPMAV_HLA-A*02:01,tcr15962,1
vdjdb_full_14995_rs_2_n0,LLWNGPMAV_HLA-A*02:01,tcr11199,0
vdjdb_full_17417,RGPGRAFVTI_HLA-A*02:01,tcr7203,1
vdjdb_full_17417_rs_2_n0,RGPGRAFVTI_HLA-A*02:01,tcr13654,0
vdjdb_full_16384,PTDNYITTY_HLA-A*01:01,tcr12522,1
vdjdb_full_16384_rs_2_n0,PTDNYITTY_HLA-A*01:01,tcr14003,0
vdjdb_full_12064,ALAGIGILTV_HLA-A*02:01,tcr4156,1
vdjdb_full_12064_rs_2_n0,ALAGIGILTV_HLA-A*02:01,tcr15543,0
vdjdb_full_11427,TTDPSFLGRY_HLA-A*01:01,tcr17674,1
vdjdb_full_11427_rs_2_n0,TTDPSFLGRY_HLA-A*01:01,tcr3522,0
vdjdb_full_13264,CLGGLLTMV_HLA-A*02:01,tcr520,1
vdjdb_full_13264_rs_2_n0,CLGGLLTMV_HLA-A*02:01,tcr11864,0
vdjdb_full_8861,LLAGIGTVPI_HLA-A*02:01,tcr9478,1
vdjdb_full_8861_rs_2_n0,LLAGIGTVPI_HLA-A*02:01,tcr17788,0
vdjdb_full_10048,RLRAEAQVK_HLA-A*03:01,tcr17737,1
vdjdb_full_10048_rs_2_n0,RLRAEAQVK_HLA-A*03:01,tcr11331,0
vdjdb_full_10967,SPRWYFYYL_HLA-B*07:02,tcr15896,1
vdjdb_full_10967_rs_2_n0,SPRWYFYYL_HLA-B*07:02,tcr17536,0
vdjdb_full_17276,YAKWKLCSA_HLA-B*08:01,tcr15126,1
vdjdb_full_17276_rs_2_n0,YAKWKLCSA_HLA-B*08:01,tcr278,0
vdjdb_full_13823,TPRVTGGGAM_HLA-B*07:02,tcr10031,1
vdjdb_full_13823_rs_2_n0,TPRVTGGGAM_HLA-B*07:02,tcr558,0
vdjdb_full_10537,HPNGYKSLSTL_HLA-B*07:02,tcr12796,1
vdjdb_full_10537_rs_2_n0,HPNGYKSLSTL_HLA-B*07:02,tcr784,0
vdjdb_full_9083,LLAGIGTVPI_HLA-A*02:01,tcr13284,1
vdjdb_full_9083_rs_2_n0,LLAGIGTVPI_HLA-A*02:01,tcr11001,0
vdjdb_full_17495,RLITGRLQSL_HLA-A*02:01,tcr8754,1
vdjdb_full_17495_rs_2_n0,RLITGRLQSL_HLA-A*02:01,tcr9296,0
vdjdb_full_18199,GQAQGIGSSVY_HLA-B*15:01,tcr5347,1
vdjdb_full_18199_rs_2_n0,GQAQGIGSSVY_HLA-B*15:01,tcr3623,0
vdjdb_full_16207,GPRLGVRAT_HLA-B*07:02,tcr5256,1
vdjdb_full_16207_rs_2_n0,GPRLGVRAT_HLA-B*07:02,tcr8760,0
vdjdb_full_15820,ALGIGILTV_HLA-A*02:01,tcr11916,1
vdjdb_full_15820_rs_2_n0,ALGIGILTV_HLA-A*02:01,tcr17597,0
vdjdb_full_15045,LLWNGPMAV_HLA-A*02:01,tcr10840,1
vdjdb_full_15045_rs_2_n0,LLWNGPMAV_HLA-A*02:01,tcr7493,0
vdjdb_full_7578,GILGFVFTL_HLA-A*02:01,tcr15515,1
vdjdb_full_7578_rs_2_n0,GILGFVFTL_HLA-A*02:01,tcr16935,0
vdjdb_full_15060,TSQWLTNIF_HLA-A*24:02,tcr4406,1
vdjdb_full_15060_rs_2_n0,TSQWLTNIF_HLA-A*24:02,tcr7358,0
vdjdb_full_13224,DATYQRTRALVR_HLA-A*68:01,tcr5087,1
vdjdb_full_13224_rs_2_n0,DATYQRTRALVR_HLA-A*68:01,tcr13741,0
vdjdb_full_2063,GLCTLVAML_HLA-A*02:01,tcr3762,1
vdjdb_full_2063_rs_2_n0,GLCTLVAML_HLA-A*02:01,tcr16510,0
vdjdb_full_16013,KLVALGINAV_HLA-A*02:01,tcr11598,1
vdjdb_full_16013_rs_2_n0,KLVALGINAV_HLA-A*02:01,tcr8312,0
vdjdb_full_12145,FTSDYYQLY_HLA-A*01:01,tcr8745,1
vdjdb_full_12145_rs_2_n0,FTSDYYQLY_HLA-A*01:01,tcr11029,0
vdjdb_full_12156,FTSDYYQLY_HLA-A*01:01,tcr16525,1
vdjdb_full_12156_rs_2_n0,FTSDYYQLY_HLA-A*01:01,tcr4431,0
vdjdb_full_44,QAKWRLQTL_HLA-B*08:01,tcr6079,1
vdjdb_full_44_rs_2_n0,QAKWRLQTL_HLA-B*08:01,tcr15091,0
vdjdb_full_17401,RGPGRAFVTI_HLA-A*02:01,tcr17583,1
vdjdb_full_17401_rs_2_n0,RGPGRAFVTI_HLA-A*02:01,tcr11424,0
vdjdb_full_14816,LLWNGPMAV_HLA-A*02:01,tcr5760,1
vdjdb_full_14816_rs_2_n0,LLWNGPMAV_HLA-A*02:01,tcr8168,0
vdjdb_full_12500,IVTDFSVIK_HLA-A*11:01,tcr14003,1
vdjdb_full_12500_rs_2_n0,IVTDFSVIK_HLA-A*11:01,tcr11204,0
vdjdb_full_16342,VTDAAHLLI_HLA-A*01:01,tcr7180,1
vdjdb_full_16342_rs_2_n0,VTDAAHLLI_HLA-A*01:01,tcr3230,0
vdjdb_full_16928,RTATKAYNV_HLA-A*02:01,tcr2730,1
vdjdb_full_16928_rs_2_n0,RTATKAYNV_HLA-A*02:01,tcr13709,0
vdjdb_full_15870,KSKRTPMGF_HLA-B*57:01,tcr4431,1
vdjdb_full_15870_rs_2_n0,KSKRTPMGF_HLA-B*57:01,tcr13559,0
vdjdb_full_9879,YLQPRTFLL_HLA-A*02:01,tcr13891,1
vdjdb_full_9879_rs_2_n0,YLQPRTFLL_HLA-A*02:01,tcr3230,0
vdjdb_full_15900,KSKRTPMGF_HLA-B*57:01,tcr2683,1
vdjdb_full_15900_rs_2_n0,KSKRTPMGF_HLA-B*57:01,tcr14510,0
vdjdb_full_13182,DATYQRTRALVR_HLA-A*68:01,tcr474,1
vdjdb_full_13182_rs_2_n0,DATYQRTRALVR_HLA-A*68:01,tcr1267,0
vdjdb_full_10589,LTDEMIAQY_HLA-A*01:01,tcr602,1
vdjdb_full_10589_rs_2_n0,LTDEMIAQY_HLA-A*01:01,tcr10043,0
vdjdb_full_41,QAKWRLQTL_HLA-B*08:01,tcr17664,1
vdjdb_full_41_rs_2_n0,QAKWRLQTL_HLA-B*08:01,tcr9628,0
vdjdb_full_18120,SIIAYTMSL_HLA-B*07:02,tcr13096,1
vdjdb_full_18120_rs_2_n0,SIIAYTMSL_HLA-B*07:02,tcr2838,0
vdjdb_full_16694,VAANIVLTV_HLA-A*02:01,tcr13392,1
vdjdb_full_16694_rs_2_n0,VAANIVLTV_HLA-A*02:01,tcr17729,0
vdjdb_full_9364,YVLDHLIVV_HLA-A*02:01,tcr376,1
vdjdb_full_9364_rs_2_n0,YVLDHLIVV_HLA-A*02:01,tcr6584,0
vdjdb_full_15194,RPHERNGFTVL_HLA-B*07:02,tcr12807,1
vdjdb_full_15194_rs_2_n0,RPHERNGFTVL_HLA-B*07:02,tcr14909,0
vdjdb_full_16935,RTATKAYNV_HLA-A*02:01,tcr154,1
vdjdb_full_16935_rs_2_n0,RTATKAYNV_HLA-A*02:01,tcr13977,0
vdjdb_full_13623,KTFPPTEPK_HLA-A*03:01,tcr10970,1
vdjdb_full_13623_rs_2_n0,KTFPPTEPK_HLA-A*03:01,tcr14198,0
vdjdb_full_11740,ELAGIGILTV_HLA-A*02:01,tcr5036,1
vdjdb_full_11740_rs_2_n0,ELAGIGILTV_HLA-A*02:01,tcr685,0
vdjdb_full_16777,RLPGVLPRA_HLA-A*02:01,tcr15445,1
vdjdb_full_16777_rs_2_n0,RLPGVLPRA_HLA-A*02:01,tcr11485,0
vdjdb_full_15839,KLWAQCVQL_HLA-A*02:01,tcr17458,1
vdjdb_full_15839_rs_2_n0,KLWAQCVQL_HLA-A*02:01,tcr17633,0
vdjdb_full_12317,IVTDFSVIK_HLA-A*11:01,tcr3396,1
vdjdb_full_12317_rs_2_n0,IVTDFSVIK_HLA-A*11:01,tcr12810,0
vdjdb_full_3116,SLLMWITQV_HLA-A*02:01,tcr4961,1
vdjdb_full_3116_rs_2_n0,SLLMWITQV_HLA-A*02:01,tcr1058,0
vdjdb_full_16402,EAAGIGILTV_HLA-A*02:01,tcr18394,1
vdjdb_full_16402_rs_2_n0,EAAGIGILTV_HLA-A*02:01,tcr6602,0
vdjdb_full_17838,TPSVSSSISSL_HLA-B*07:02,tcr5475,1
vdjdb_full_17838_rs_2_n0,TPSVSSSISSL_HLA-B*07:02,tcr12005,0
vdjdb_full_13548,LLFGYPVYV_HLA-A*02:01,tcr18174,1
vdjdb_full_13548_rs_2_n0,LLFGYPVYV_HLA-A*02:01,tcr16240,0
vdjdb_full_1744,KLGGALQAK_HLA-A*03:01,tcr9547,1
vdjdb_full_1744_rs_2_n0,KLGGALQAK_HLA-A*03:01,tcr608,0
vdjdb_full_13229,DATYQRTRALVR_HLA-A*68:01,tcr3041,1
vdjdb_full_13229_rs_2_n0,DATYQRTRALVR_HLA-A*68:01,tcr15169,0
vdjdb_full_3498,SLLMWITQV_HLA-A*02:01,tcr15092,1
vdjdb_full_3498_rs_2_n0,SLLMWITQV_HLA-A*02:01,tcr16650,0
vdjdb_full_15573,FLRGRAYGL_HLA-B*08:01,tcr4062,1
vdjdb_full_15573_rs_2_n0,FLRGRAYGL_HLA-B*08:01,tcr7693,0
vdjdb_full_11616,ATDALMTGF_HLA-A*01:01,tcr3460,1
vdjdb_full_11616_rs_2_n0,ATDALMTGF_HLA-A*01:01,tcr7423,0
vdjdb_full_8419,NLVPMVATV_HLA-A*02:01,tcr914,1
vdjdb_full_8419_rs_2_n0,NLVPMVATV_HLA-A*02:01,tcr3041,0
vdjdb_full_16856,MEVTPSGTWL_HLA-B*40:01,tcr11059,1
vdjdb_full_16856_rs_2_n0,MEVTPSGTWL_HLA-B*40:01,tcr10438,0
vdjdb_full_13990,RVRAYTYSK_HLA-A*03:01,tcr2177,1
vdjdb_full_13990_rs_2_n0,RVRAYTYSK_HLA-A*03:01,tcr2047,0
vdjdb_full_13867,TPRVTGGGAM_HLA-B*07:02,tcr15993,1
vdjdb_full_13867_rs_2_n0,TPRVTGGGAM_HLA-B*07:02,tcr4679,0
vdjdb_full_15956,KSKRTPMGF_HLA-B*57:01,tcr13034,1
vdjdb_full_15956_rs_2_n0,KSKRTPMGF_HLA-B*57:01,tcr3217,0
vdjdb_full_10768,SPRWYFYYL_HLA-B*07:02,tcr15518,1
vdjdb_full_10768_rs_2_n0,SPRWYFYYL_HLA-B*07:02,tcr7117,0
vdjdb_full_18114,SIIAYTMSL_HLA-B*07:02,tcr18399,1
vdjdb_full_18114_rs_2_n0,SIIAYTMSL_HLA-B*07:02,tcr4378,0
vdjdb_full_15555,FLRGRAYGL_HLA-B*08:01,tcr17493,1
vdjdb_full_15555_rs_2_n0,FLRGRAYGL_HLA-B*08:01,tcr15902,0
vdjdb_full_13349,RMFPNAPYL_HLA-A*02:01,tcr16611,1
vdjdb_full_13349_rs_2_n0,RMFPNAPYL_HLA-A*02:01,tcr11051,0
vdjdb_full_9769,YLQPRTFLL_HLA-A*02:01,tcr3833,1
vdjdb_full_9769_rs_2_n0,YLQPRTFLL_HLA-A*02:01,tcr6821,0
vdjdb_full_10323,RLRAEAQVK_HLA-A*03:01,tcr14520,1
vdjdb_full_10323_rs_2_n0,RLRAEAQVK_HLA-A*03:01,tcr9790,0
vdjdb_full_11750,ELAGIGILTV_HLA-A*02:01,tcr6390,1
vdjdb_full_11750_rs_2_n0,ELAGIGILTV_HLA-A*02:01,tcr4685,0
vdjdb_full_13577,KTFPPTEPK_HLA-A*03:01,tcr3868,1
vdjdb_full_13577_rs_2_n0,KTFPPTEPK_HLA-A*03:01,tcr14231,0
vdjdb_full_13471,FLYALALLL_HLA-A*02:01,tcr8949,1
vdjdb_full_13471_rs_2_n0,FLYALALLL_HLA-A*02:01,tcr11504,0
vdjdb_full_2065,GLCTLVAML_HLA-A*02:01,tcr12179,1
vdjdb_full_2065_rs_2_n0,GLCTLVAML_HLA-A*02:01,tcr14394,0
vdjdb_full_15819,ALGIGILTV_HLA-A*02:01,tcr8534,1
vdjdb_full_15819_rs_2_n0,ALGIGILTV_HLA-A*02:01,tcr1882,0
vdjdb_full_16303,RPIIRPATL_HLA-B*08:01,tcr12320,1
vdjdb_full_16303_rs_2_n0,RPIIRPATL_HLA-B*08:01,tcr17175,0
vdjdb_full_1746,KLGGALQAK_HLA-A*03:01,tcr3906,1
vdjdb_full_1746_rs_2_n0,KLGGALQAK_HLA-A*03:01,tcr3627,0
vdjdb_full_4338,SLLMWITQV_HLA-A*02:01,tcr5936,1
vdjdb_full_4338_rs_2_n0,SLLMWITQV_HLA-A*02:01,tcr14311,0
vdjdb_full_9601,YLQPRTFLL_HLA-A*02:01,tcr11047,1
vdjdb_full_9601_rs_2_n0,YLQPRTFLL_HLA-A*02:01,tcr3680,0
vdjdb_full_17676,ALWALPHAA_HLA-A*02:01,tcr15098,1
vdjdb_full_17676_rs_2_n0,ALWALPHAA_HLA-A*02:01,tcr8877,0
vdjdb_full_2126,GLCTLVAML_HLA-A*02:01,tcr8290,1
vdjdb_full_2126_rs_2_n0,GLCTLVAML_HLA-A*02:01,tcr16713,0
vdjdb_full_10529,HPNGYKSLSTL_HLA-B*07:02,tcr4122,1
vdjdb_full_10529_rs_2_n0,HPNGYKSLSTL_HLA-B*07:02,tcr4825,0
vdjdb_full_15238,RPHERNGFTVL_HLA-B*07:02,tcr15412,1
vdjdb_full_15238_rs_2_n0,RPHERNGFTVL_HLA-B*07:02,tcr7410,0
vdjdb_full_17126,HSNLNDATY_HLA-A*01:01,tcr15491,1
vdjdb_full_17126_rs_2_n0,HSNLNDATY_HLA-A*01:01,tcr249,0
vdjdb_full_15902,KSKRTPMGF_HLA-B*57:01,tcr15521,1
vdjdb_full_15902_rs_2_n0,KSKRTPMGF_HLA-B*57:01,tcr6091,0
vdjdb_full_12134,FTSDYYQLY_HLA-A*01:01,tcr3318,1
vdjdb_full_12134_rs_2_n0,FTSDYYQLY_HLA-A*01:01,tcr8673,0
vdjdb_full_17403,RGPGRAFVTI_HLA-A*02:01,tcr5270,1
vdjdb_full_17403_rs_2_n0,RGPGRAFVTI_HLA-A*02:01,tcr16601,0
vdjdb_full_2595,GLCTLVAML_HLA-A*02:01,tcr3070,1
vdjdb_full_2595_rs_2_n0,GLCTLVAML_HLA-A*02:01,tcr4156,0
vdjdb_full_12172,IMDQVPFSV_HLA-A*02:01,tcr429,1
vdjdb_full_12172_rs_2_n0,IMDQVPFSV_HLA-A*02:01,tcr16693,0
vdjdb_full_16517,RPPIFIRRL_HLA-B*07:02,tcr13535,1
vdjdb_full_16517_rs_2_n0,RPPIFIRRL_HLA-B*07:02,tcr3038,0
vdjdb_full_10355,RLRAEAQVK_HLA-A*03:01,tcr11854,1
vdjdb_full_10355_rs_2_n0,RLRAEAQVK_HLA-A*03:01,tcr11247,0
vdjdb_full_15849,KLWAQCVQL_HLA-A*02:01,tcr8339,1
vdjdb_full_15849_rs_2_n0,KLWAQCVQL_HLA-A*02:01,tcr3364,0
vdjdb_full_14524,RVRAYTYSK_HLA-A*03:01,tcr18411,1
vdjdb_full_14524_rs_2_n0,RVRAYTYSK_HLA-A*03:01,tcr12302,0
vdjdb_full_9590,YLQPRTFLL_HLA-A*02:01,tcr6678,1
vdjdb_full_9590_rs_2_n0,YLQPRTFLL_HLA-A*02:01,tcr6079,0
vdjdb_full_15766,RTLNAWVKV_HLA-A*02:01,tcr5635,1
vdjdb_full_15766_rs_2_n0,RTLNAWVKV_HLA-A*02:01,tcr3217,0
vdjdb_full_568,KLGGALQAK_HLA-A*03:01,tcr18121,1
vdjdb_full_568_rs_2_n0,KLGGALQAK_HLA-A*03:01,tcr5079,0
vdjdb_full_2139,GLCTLVAML_HLA-A*02:01,tcr16192,1
vdjdb_full_2139_rs_2_n0,GLCTLVAML_HLA-A*02:01,tcr1095,0
vdjdb_full_17327,RVAGDSGFAAY_HLA-B*15:01,tcr874,1
vdjdb_full_17327_rs_2_n0,RVAGDSGFAAY_HLA-B*15:01,tcr9343,0
vdjdb_full_11523,ATDALMTGF_HLA-A*01:01,tcr2831,1
vdjdb_full_11523_rs_2_n0,ATDALMTGF_HLA-A*01:01,tcr1666,0
vdjdb_full_16431,RTATKQYNV_HLA-A*02:01,tcr7592,1
vdjdb_full_16431_rs_2_n0,RTATKQYNV_HLA-A*02:01,tcr10487,0
vdjdb_full_13317,CLGGLLTMV_HLA-A*02:01,tcr12157,1
vdjdb_full_13317_rs_2_n0,CLGGLLTMV_HLA-A*02:01,tcr3690,0
vdjdb_full_13580,KTFPPTEPK_HLA-A*03:01,tcr1782,1
vdjdb_full_13580_rs_2_n0,KTFPPTEPK_HLA-A*03:01,tcr11937,0
vdjdb_full_15233,RPHERNGFTVL_HLA-B*07:02,tcr1706,1
vdjdb_full_15233_rs_2_n0,RPHERNGFTVL_HLA-B*07:02,tcr1707,0
vdjdb_full_11183,TTDPSFLGRY_HLA-A*01:01,tcr17627,1
vdjdb_full_11183_rs_2_n0,TTDPSFLGRY_HLA-A*01:01,tcr3934,0
vdjdb_full_8665,NLVPMVATV_HLA-A*02:01,tcr9164,1
vdjdb_full_8665_rs_2_n0,NLVPMVATV_HLA-A*02:01,tcr16063,0
vdjdb_full_3687,SLLMWITQV_HLA-A*02:01,tcr15097,1
vdjdb_full_3687_rs_2_n0,SLLMWITQV_HLA-A*02:01,tcr11130,0
vdjdb_full_6919,GILGFVFTL_HLA-A*02:01,tcr14140,1
vdjdb_full_6919_rs_2_n0,GILGFVFTL_HLA-A*02:01,tcr16441,0
vdjdb_full_14229,RVRAYTYSK_HLA-A*03:01,tcr17527,1
vdjdb_full_14229_rs_2_n0,RVRAYTYSK_HLA-A*03:01,tcr4961,0
vdjdb_full_15722,VYFLQSINF_HLA-A*24:02,tcr14467,1
vdjdb_full_15722_rs_2_n0,VYFLQSINF_HLA-A*24:02,tcr8785,0
vdjdb_full_10751,SPRWYFYYL_HLA-B*07:02,tcr8312,1
vdjdb_full_10751_rs_2_n0,SPRWYFYYL_HLA-B*07:02,tcr9624,0
vdjdb_full_16252,GIIYIIYKL_HLA-A*02:01,tcr1380,1
vdjdb_full_16252_rs_2_n0,GIIYIIYKL_HLA-A*02:01,tcr17681,0
vdjdb_full_13575,KTFPPTEPK_HLA-A*03:01,tcr16763,1
vdjdb_full_13575_rs_2_n0,KTFPPTEPK_HLA-A*03:01,tcr12466,0
vdjdb_full_16836,VLEETSVML_HLA-A*02:01,tcr8427,1
vdjdb_full_16836_rs_2_n0,VLEETSVML_HLA-A*02:01,tcr5600,0
vdjdb_full_15862,KSKRTPMGF_HLA-B*57:01,tcr2802,1
vdjdb_full_15862_rs_2_n0,KSKRTPMGF_HLA-B*57:01,tcr12621,0
vdjdb_full_16054,KLVAMGINAV_HLA-A*02:01,tcr11348,1
vdjdb_full_16054_rs_2_n0,KLVAMGINAV_HLA-A*02:01,tcr2437,0
vdjdb_full_16549,RLGPVQNEV_HLA-A*02:01,tcr436,1
vdjdb_full_16549_rs_2_n0,RLGPVQNEV_HLA-A*02:01,tcr11629,0
vdjdb_full_2597,GLCTLVAML_HLA-A*02:01,tcr3798,1
vdjdb_full_2597_rs_2_n0,GLCTLVAML_HLA-A*02:01,tcr13547,0
vdjdb_full_15739,VYFLQSINF_HLA-A*24:02,tcr3020,1
vdjdb_full_15739_rs_2_n0,VYFLQSINF_HLA-A*24:02,tcr5138,0
vdjdb_full_2135,GLCTLVAML_HLA-A*02:01,tcr16477,1
vdjdb_full_2135_rs_2_n0,GLCTLVAML_HLA-A*02:01,tcr17909,0
vdjdb_full_15180,ALWEIQQVV_HLA-A*02:01,tcr15044,1
vdjdb_full_15180_rs_2_n0,ALWEIQQVV_HLA-A*02:01,tcr10236,0
vdjdb_full_13681,QYDPVAALF_HLA-A*24:02,tcr9168,1
vdjdb_full_13681_rs_2_n0,QYDPVAALF_HLA-A*24:02,tcr5061,0
vdjdb_full_16069,KLVAMGINAV_HLA-A*02:01,tcr10803,1
vdjdb_full_16069_rs_2_n0,KLVAMGINAV_HLA-A*02:01,tcr4363,0
vdjdb_full_16427,RTATKQYNV_HLA-A*02:01,tcr9810,1
vdjdb_full_16427_rs_2_n0,RTATKQYNV_HLA-A*02:01,tcr6311,0
vdjdb_full_12,QAKWRLQTL_HLA-B*08:01,tcr11231,1
vdjdb_full_12_rs_2_n0,QAKWRLQTL_HLA-B*08:01,tcr16813,0
vdjdb_full_15108,NQKLIANQF_HLA-B*15:01,tcr3951,1
vdjdb_full_15108_rs_2_n0,NQKLIANQF_HLA-B*15:01,tcr7062,0
vdjdb_full_12551,IVTDFSVIK_HLA-A*11:01,tcr887,1
vdjdb_full_12551_rs_2_n0,IVTDFSVIK_HLA-A*11:01,tcr7703,0
vdjdb_full_11975,ELAGIGILTV_HLA-A*02:01,tcr12573,1
vdjdb_full_11975_rs_2_n0,ELAGIGILTV_HLA-A*02:01,tcr14960,0
vdjdb_full_9759,YLQPRTFLL_HLA-A*02:01,tcr13674,1
vdjdb_full_9759_rs_2_n0,YLQPRTFLL_HLA-A*02:01,tcr3187,0
vdjdb_full_9925,YLQPRTFLL_HLA-A*02:01,tcr1503,1
vdjdb_full_9925_rs_2_n0,YLQPRTFLL_HLA-A*02:01,tcr10770,0
vdjdb_full_8947,LLAGIGTVPI_HLA-A*02:01,tcr2058,1
vdjdb_full_8947_rs_2_n0,LLAGIGTVPI_HLA-A*02:01,tcr17045,0
vdjdb_full_13564,KTFPPTEPK_HLA-A*03:01,tcr89,1
vdjdb_full_13564_rs_2_n0,KTFPPTEPK_HLA-A*03:01,tcr1149,0
vdjdb_full_17845,TPSVSSSISSL_HLA-B*07:02,tcr7086,1
vdjdb_full_17845_rs_2_n0,TPSVSSSISSL_HLA-B*07:02,tcr3177,0
vdjdb_full_4092,SLLMWITQV_HLA-A*02:01,tcr7509,1
vdjdb_full_4092_rs_2_n0,SLLMWITQV_HLA-A*02:01,tcr16318,0
vdjdb_full_13928,RVRAYTYSK_HLA-A*03:01,tcr3576,1
vdjdb_full_13928_rs_2_n0,RVRAYTYSK_HLA-A*03:01,tcr6491,0
vdjdb_full_16279,RPIIRPATL_HLA-B*08:01,tcr1109,1
vdjdb_full_16279_rs_2_n0,RPIIRPATL_HLA-B*08:01,tcr14004,0
vdjdb_full_10341,RLRAEAQVK_HLA-A*03:01,tcr1638,1
vdjdb_full_10341_rs_2_n0,RLRAEAQVK_HLA-A*03:01,tcr2447,0
vdjdb_full_15127,NQKLIANQF_HLA-B*15:01,tcr6900,1
vdjdb_full_15127_rs_2_n0,NQKLIANQF_HLA-B*15:01,tcr14081,0
vdjdb_full_9553,YLQPRTFLL_HLA-A*02:01,tcr972,1
vdjdb_full_9553_rs_2_n0,YLQPRTFLL_HLA-A*02:01,tcr12997,0
vdjdb_full_16497,RPPIFIRRL_HLA-B*07:02,tcr8627,1
vdjdb_full_16497_rs_2_n0,RPPIFIRRL_HLA-B*07:02,tcr598,0
vdjdb_full_10150,RLRAEAQVK_HLA-A*03:01,tcr14971,1
vdjdb_full_10150_rs_2_n0,RLRAEAQVK_HLA-A*03:01,tcr11398,0
vdjdb_full_18157,MLDLQPETT_HLA-A*02:01,tcr7926,1
vdjdb_full_18157_rs_2_n0,MLDLQPETT_HLA-A*02:01,tcr17359,0
vdjdb_full_12049,ALAGIGILTV_HLA-A*02:01,tcr7314,1
vdjdb_full_12049_rs_2_n0,ALAGIGILTV_HLA-A*02:01,tcr17625,0
vdjdb_full_8333,LLDFVRFMGV_HLA-A*02:01,tcr13720,1
vdjdb_full_8333_rs_2_n0,LLDFVRFMGV_HLA-A*02:01,tcr15120,0
vdjdb_full_15301,CINGVCWTV_HLA-A*02:01,tcr10222,1
vdjdb_full_15301_rs_2_n0,CINGVCWTV_HLA-A*02:01,tcr5757,0
vdjdb_full_8388,NLVPMVATV_HLA-A*02:01,tcr17112,1
vdjdb_full_8388_rs_2_n0,NLVPMVATV_HLA-A*02:01,tcr15199,0
vdjdb_full_16758,YLLEMLWRL_HLA-A*02:01,tcr14393,1
vdjdb_full_16758_rs_2_n0,YLLEMLWRL_HLA-A*02:01,tcr14107,0
vdjdb_full_2856,SLLMWITQV_HLA-A*02:01,tcr17962,1
vdjdb_full_2856_rs_2_n0,SLLMWITQV_HLA-A*02:01,tcr18221,0
vdjdb_full_8681,NLVPMVATV_HLA-A*02:01,tcr4341,1
vdjdb_full_8681_rs_2_n0,NLVPMVATV_HLA-A*02:01,tcr4679,0
vdjdb_full_13959,RVRAYTYSK_HLA-A*03:01,tcr9183,1
vdjdb_full_13959_rs_2_n0,RVRAYTYSK_HLA-A*03:01,tcr9339,0
vdjdb_full_16795,RLPGVLPRA_HLA-A*02:01,tcr12962,1
vdjdb_full_16795_rs_2_n0,RLPGVLPRA_HLA-A*02:01,tcr3172,0
vdjdb_full_13351,RMFPNAPYL_HLA-A*02:01,tcr16185,1
vdjdb_full_13351_rs_2_n0,RMFPNAPYL_HLA-A*02:01,tcr6009,0
vdjdb_full_15306,CINGVCWTV_HLA-A*02:01,tcr17966,1
vdjdb_full_15306_rs_2_n0,CINGVCWTV_HLA-A*02:01,tcr8784,0
vdjdb_full_11701,ELAGIGILTV_HLA-A*02:01,tcr13691,1
vdjdb_full_11701_rs_2_n0,ELAGIGILTV_HLA-A*02:01,tcr5847,0
vdjdb_full_10916,SPRWYFYYL_HLA-B*07:02,tcr7891,1
vdjdb_full_10916_rs_2_n0,SPRWYFYYL_HLA-B*07:02,tcr13844,0
vdjdb_full_17331,RVAGDSGFAAY_HLA-B*15:01,tcr6697,1
vdjdb_full_17331_rs_2_n0,RVAGDSGFAAY_HLA-B*15:01,tcr16097,0
vdjdb_full_16428,RTATKQYNV_HLA-A*02:01,tcr3991,1
vdjdb_full_16428_rs_2_n0,RTATKQYNV_HLA-A*02:01,tcr5780,0
vdjdb_full_15906,KSKRTPMGF_HLA-B*57:01,tcr888,1
vdjdb_full_15906_rs_2_n0,KSKRTPMGF_HLA-B*57:01,tcr16929,0
vdjdb_full_16277,RPIIRPATL_HLA-B*08:01,tcr6491,1
vdjdb_full_16277_rs_2_n0,RPIIRPATL_HLA-B*08:01,tcr15955,0
vdjdb_full_15736,VYFLQSINF_HLA-A*24:02,tcr12918,1
vdjdb_full_15736_rs_2_n0,VYFLQSINF_HLA-A*24:02,tcr15665,0
vdjdb_full_17498,RLITGRLQSL_HLA-A*02:01,tcr7803,1
vdjdb_full_17498_rs_2_n0,RLITGRLQSL_HLA-A*02:01,tcr16097,0
vdjdb_full_1255,KLGGALQAK_HLA-A*03:01,tcr1372,1
vdjdb_full_1255_rs_2_n0,KLGGALQAK_HLA-A*03:01,tcr7320,0
vdjdb_full_11651,ELAGIGILTV_HLA-A*02:01,tcr10322,1
vdjdb_full_11651_rs_2_n0,ELAGIGILTV_HLA-A*02:01,tcr4760,0
vdjdb_full_400,KLGGALQAK_HLA-A*03:01,tcr3707,1
vdjdb_full_400_rs_2_n0,KLGGALQAK_HLA-A*03:01,tcr6804,0
vdjdb_full_11555,ATDALMTGF_HLA-A*01:01,tcr944,1
vdjdb_full_11555_rs_2_n0,ATDALMTGF_HLA-A*01:01,tcr3623,0
vdjdb_full_6756,GILGFVFTL_HLA-A*02:01,tcr5535,1
vdjdb_full_6756_rs_2_n0,GILGFVFTL_HLA-A*02:01,tcr17890,0
vdjdb_full_15782,RTLNAWVKV_HLA-A*02:01,tcr18074,1
vdjdb_full_15782_rs_2_n0,RTLNAWVKV_HLA-A*02:01,tcr10232,0
vdjdb_full_14934,LLWNGPMAV_HLA-A*02:01,tcr10287,1
vdjdb_full_14934_rs_2_n0,LLWNGPMAV_HLA-A*02:01,tcr3894,0
vdjdb_full_14729,RPRGEVRFL_HLA-B*07:02,tcr5021,1
vdjdb_full_14729_rs_2_n0,RPRGEVRFL_HLA-B*07:02,tcr14720,0
vdjdb_full_13762,TPRVTGGGAM_HLA-B*07:02,tcr17445,1
vdjdb_full_13762_rs_2_n0,TPRVTGGGAM_HLA-B*07:02,tcr14091,0
vdjdb_full_12104,ALAGIGILTV_HLA-A*02:01,tcr14107,1
vdjdb_full_12104_rs_2_n0,ALAGIGILTV_HLA-A*02:01,tcr4174,0
vdjdb_full_15136,NQKLIANQF_HLA-B*15:01,tcr9545,1
vdjdb_full_15136_rs_2_n0,NQKLIANQF_HLA-B*15:01,tcr2140,0
vdjdb_full_10532,HPNGYKSLSTL_HLA-B*07:02,tcr14487,1
vdjdb_full_10532_rs_2_n0,HPNGYKSLSTL_HLA-B*07:02,tcr15989,0
vdjdb_full_11542,ATDALMTGF_HLA-A*01:01,tcr1095,1
vdjdb_full_11542_rs_2_n0,ATDALMTGF_HLA-A*01:01,tcr14431,0
vdjdb_full_13514,LLFGYPVYV_HLA-A*02:01,tcr2425,1
vdjdb_full_13514_rs_2_n0,LLFGYPVYV_HLA-A*02:01,tcr7192,0
vdjdb_full_2250,GLCTLVAML_HLA-A*02:01,tcr3679,1
vdjdb_full_2250_rs_2_n0,GLCTLVAML_HLA-A*02:01,tcr11786,0
vdjdb_full_13844,TPRVTGGGAM_HLA-B*07:02,tcr13075,1
vdjdb_full_13844_rs_2_n0,TPRVTGGGAM_HLA-B*07:02,tcr2243,0
vdjdb_full_11606,ATDALMTGF_HLA-A*01:01,tcr16545,1
vdjdb_full_11606_rs_2_n0,ATDALMTGF_HLA-A*01:01,tcr15955,0
vdjdb_full_17318,KSVNITFEL_HLA-A*02:01,tcr233,1
vdjdb_full_17318_rs_2_n0,KSVNITFEL_HLA-A*02:01,tcr17448,0
vdjdb_full_14953,LLWNGPMAV_HLA-A*02:01,tcr16933,1
vdjdb_full_14953_rs_2_n0,LLWNGPMAV_HLA-A*02:01,tcr6311,0
vdjdb_full_13516,LLFGYPVYV_HLA-A*02:01,tcr10865,1
vdjdb_full_13516_rs_2_n0,LLFGYPVYV_HLA-A*02:01,tcr257,0
vdjdb_full_15386,CINGVCWTV_HLA-A*02:01,tcr17053,1
vdjdb_full_15386_rs_2_n0,CINGVCWTV_HLA-A*02:01,tcr16545,0
vdjdb_full_14299,RVRAYTYSK_HLA-A*03:01,tcr1034,1
vdjdb_full_14299_rs_2_n0,RVRAYTYSK_HLA-A*03:01,tcr164,0
vdjdb_full_10707,SPRWYFYYL_HLA-B*07:02,tcr3323,1
vdjdb_full_10707_rs_2_n0,SPRWYFYYL_HLA-B*07:02,tcr13096,0
vdjdb_full_3692,SLLMWITQV_HLA-A*02:01,tcr17033,1
vdjdb_full_3692_rs_2_n0,SLLMWITQV_HLA-A*02:01,tcr7044,0
vdjdb_full_8474,NLVPMVATV_HLA-A*02:01,tcr14776,1
vdjdb_full_8474_rs_2_n0,NLVPMVATV_HLA-A*02:01,tcr16762,0
vdjdb_full_12490,IVTDFSVIK_HLA-A*11:01,tcr3031,1
vdjdb_full_12490_rs_2_n0,IVTDFSVIK_HLA-A*11:01,tcr8872,0
vdjdb_full_17266,YAKWKLCSA_HLA-B*08:01,tcr13928,1
vdjdb_full_17266_rs_2_n0,YAKWKLCSA_HLA-B*08:01,tcr10454,0
vdjdb_full_13193,DATYQRTRALVR_HLA-A*68:01,tcr11872,1
vdjdb_full_13193_rs_2_n0,DATYQRTRALVR_HLA-A*68:01,tcr16422,0
vdjdb_full_15888,KSKRTPMGF_HLA-B*57:01,tcr14969,1
vdjdb_full_15888_rs_2_n0,KSKRTPMGF_HLA-B*57:01,tcr14466,0
vdjdb_full_2417,GLCTLVAML_HLA-A*02:01,tcr16847,1
vdjdb_full_2417_rs_2_n0,GLCTLVAML_HLA-A*02:01,tcr1182,0
vdjdb_full_11430,TTDPSFLGRY_HLA-A*01:01,tcr16074,1
vdjdb_full_11430_rs_2_n0,TTDPSFLGRY_HLA-A*01:01,tcr14355,0
vdjdb_full_8579,NLVPMVATV_HLA-A*02:01,tcr4143,1
vdjdb_full_8579_rs_2_n0,NLVPMVATV_HLA-A*02:01,tcr6382,0
vdjdb_full_7804,GILGFVFTL_HLA-A*02:01,tcr10907,1
vdjdb_full_7804_rs_2_n0,GILGFVFTL_HLA-A*02:01,tcr5179,0
vdjdb_full_12168,IMDQVPFSV_HLA-A*02:01,tcr3289,1
vdjdb_full_12168_rs_2_n0,IMDQVPFSV_HLA-A*02:01,tcr5901,0
vdjdb_full_5829,AVFDRKSDAK_HLA-A*11:01,tcr12997,1
vdjdb_full_5829_rs_2_n0,AVFDRKSDAK_HLA-A*11:01,tcr4726,0
vdjdb_full_12752,IVTDFSVIK_HLA-A*11:01,tcr166,1
vdjdb_full_12752_rs_2_n0,IVTDFSVIK_HLA-A*11:01,tcr9626,0
vdjdb_full_15088,NQKLIANQF_HLA-B*15:01,tcr17256,1
vdjdb_full_15088_rs_2_n0,NQKLIANQF_HLA-B*15:01,tcr929,0
vdjdb_full_15242,RPHERNGFTVL_HLA-B*07:02,tcr16723,1
vdjdb_full_15242_rs_2_n0,RPHERNGFTVL_HLA-B*07:02,tcr15044,0
vdjdb_full_15540,SLFNTVATLY_HLA-A*02:01,tcr14050,1
vdjdb_full_15540_rs_2_n0,SLFNTVATLY_HLA-A*02:01,tcr17199,0
vdjdb_full_13508,LLLEWLAMA_HLA-A*02:01,tcr15269,1
vdjdb_full_13508_rs_2_n0,LLLEWLAMA_HLA-A*02:01,tcr1160,0
vdjdb_full_7965,GILGFVFTL_HLA-A*02:01,tcr15237,1
vdjdb_full_7965_rs_2_n0,GILGFVFTL_HLA-A*02:01,tcr5642,0
vdjdb_full_12510,IVTDFSVIK_HLA-A*11:01,tcr14440,1
vdjdb_full_12510_rs_2_n0,IVTDFSVIK_HLA-A*11:01,tcr11403,0
vdjdb_full_15087,NQKLIANQF_HLA-B*15:01,tcr2949,1
vdjdb_full_15087_rs_2_n0,NQKLIANQF_HLA-B*15:01,tcr9501,0
vdjdb_full_15130,NQKLIANQF_HLA-B*15:01,tcr11118,1
vdjdb_full_15130_rs_2_n0,NQKLIANQF_HLA-B*15:01,tcr5580,0
vdjdb_full_7238,GILGFVFTL_HLA-A*02:01,tcr10033,1
vdjdb_full_7238_rs_2_n0,GILGFVFTL_HLA-A*02:01,tcr14720,0
vdjdb_full_9405,YVLDHLIVV_HLA-A*02:01,tcr4471,1
vdjdb_full_9405_rs_2_n0,YVLDHLIVV_HLA-A*02:01,tcr11675,0
vdjdb_full_17291,KLSALGINAV_HLA-A*02:01,tcr527,1
vdjdb_full_17291_rs_2_n0,KLSALGINAV_HLA-A*02:01,tcr17541,0
vdjdb_full_8531,NLVPMVATV_HLA-A*02:01,tcr4862,1
vdjdb_full_8531_rs_2_n0,NLVPMVATV_HLA-A*02:01,tcr15269,0
vdjdb_full_16409,EAAGIGILTV_HLA-A*02:01,tcr16158,1
vdjdb_full_16409_rs_2_n0,EAAGIGILTV_HLA-A*02:01,tcr12478,0
vdjdb_full_15556,FLRGRAYGL_HLA-B*08:01,tcr2794,1
vdjdb_full_15556_rs_2_n0,FLRGRAYGL_HLA-B*08:01,tcr13593,0
vdjdb_full_17168,KTWGQYWQV_HLA-A*02:01,tcr17595,1
vdjdb_full_17168_rs_2_n0,KTWGQYWQV_HLA-A*02:01,tcr4224,0
vdjdb_full_2474,GLCTLVAML_HLA-A*02:01,tcr11817,1
vdjdb_full_2474_rs_2_n0,GLCTLVAML_HLA-A*02:01,tcr3802,0
vdjdb_full_16355,PTDNYITTY_HLA-A*01:01,tcr14740,1
vdjdb_full_16355_rs_2_n0,PTDNYITTY_HLA-A*01:01,tcr15502,0
vdjdb_full_13494,FLYALALLL_HLA-A*02:01,tcr9253,1
vdjdb_full_13494_rs_2_n0,FLYALALLL_HLA-A*02:01,tcr10253,0
vdjdb_full_18124,SIIAYTMSL_HLA-B*07:02,tcr17049,1
vdjdb_full_18124_rs_2_n0,SIIAYTMSL_HLA-B*07:02,tcr11610,0
vdjdb_full_15478,CINGVCWTV_HLA-A*02:01,tcr15971,1
vdjdb_full_15478_rs_2_n0,CINGVCWTV_HLA-A*02:01,tcr8301,0
vdjdb_full_15892,KSKRTPMGF_HLA-B*57:01,tcr11462,1
vdjdb_full_15892_rs_2_n0,KSKRTPMGF_HLA-B*57:01,tcr3739,0
vdjdb_full_16783,RLPGVLPRA_HLA-A*02:01,tcr6860,1
vdjdb_full_16783_rs_2_n0,RLPGVLPRA_HLA-A*02:01,tcr12466,0
vdjdb_full_16982,NYNYLYRLF_HLA-A*24:02,tcr10964,1
vdjdb_full_16982_rs_2_n0,NYNYLYRLF_HLA-A*24:02,tcr9170,0
vdjdb_full_13618,KTFPPTEPK_HLA-A*03:01,tcr7703,1
vdjdb_full_13618_rs_2_n0,KTFPPTEPK_HLA-A*03:01,tcr3686,0
vdjdb_full_15700,FLRGRAYGL_HLA-B*08:01,tcr16846,1
vdjdb_full_15700_rs_2_n0,FLRGRAYGL_HLA-B*08:01,tcr1430,0
vdjdb_full_12094,ALAGIGILTV_HLA-A*02:01,tcr4322,1
vdjdb_full_12094_rs_2_n0,ALAGIGILTV_HLA-A*02:01,tcr9141,0
vdjdb_full_13619,KTFPPTEPK_HLA-A*03:01,tcr6402,1
vdjdb_full_13619_rs_2_n0,KTFPPTEPK_HLA-A*03:01,tcr18344,0
vdjdb_full_13642,KTFPPTEPK_HLA-A*03:01,tcr847,1
vdjdb_full_13642_rs_2_n0,KTFPPTEPK_HLA-A*03:01,tcr5813,0
vdjdb_full_17672,ALWALPHAA_HLA-A*02:01,tcr17644,1
vdjdb_full_17672_rs_2_n0,ALWALPHAA_HLA-A*02:01,tcr14550,0
vdjdb_full_11708,ELAGIGILTV_HLA-A*02:01,tcr8603,1
vdjdb_full_11708_rs_2_n0,ELAGIGILTV_HLA-A*02:01,tcr5498,0
vdjdb_full_16348,VTDAAHLLI_HLA-A*01:01,tcr15353,1
vdjdb_full_16348_rs_2_n0,VTDAAHLLI_HLA-A*01:01,tcr1782,0
vdjdb_full_13445,FLYALALLL_HLA-A*02:01,tcr7865,1
vdjdb_full_13445_rs_2_n0,FLYALALLL_HLA-A*02:01,tcr862,0
vdjdb_full_16805,RLPGVLPRA_HLA-A*02:01,tcr11539,1
vdjdb_full_16805_rs_2_n0,RLPGVLPRA_HLA-A*02:01,tcr6146,0
vdjdb_full_13305,CLGGLLTMV_HLA-A*02:01,tcr16706,1
vdjdb_full_13305_rs_2_n0,CLGGLLTMV_HLA-A*02:01,tcr51,0
vdjdb_full_15089,NQKLIANQF_HLA-B*15:01,tcr4703,1
vdjdb_full_15089_rs_2_n0,NQKLIANQF_HLA-B*15:01,tcr14564,0
vdjdb_full_12047,ALAGIGILTV_HLA-A*02:01,tcr12392,1
vdjdb_full_12047_rs_2_n0,ALAGIGILTV_HLA-A*02:01,tcr16954,0
vdjdb_full_9567,YLQPRTFLL_HLA-A*02:01,tcr10795,1
vdjdb_full_9567_rs_2_n0,YLQPRTFLL_HLA-A*02:01,tcr10315,0
vdjdb_full_16194,GPRLGVRAT_HLA-B*07:02,tcr15989,1
vdjdb_full_16194_rs_2_n0,GPRLGVRAT_HLA-B*07:02,tcr4739,0
vdjdb_full_10975,SPRWYFYYL_HLA-B*07:02,tcr16014,1
vdjdb_full_10975_rs_2_n0,SPRWYFYYL_HLA-B*07:02,tcr10192,0
vdjdb_full_1107,KLGGALQAK_HLA-A*03:01,tcr12515,1
vdjdb_full_1107_rs_2_n0,KLGGALQAK_HLA-A*03:01,tcr10525,0
vdjdb_full_4111,SLLMWITQV_HLA-A*02:01,tcr15416,1
vdjdb_full_4111_rs_2_n0,SLLMWITQV_HLA-A*02:01,tcr12195,0
vdjdb_full_13654,KTFPPTEPK_HLA-A*03:01,tcr11204,1
vdjdb_full_13654_rs_2_n0,KTFPPTEPK_HLA-A*03:01,tcr6263,0
vdjdb_full_12246,IVTDFSVIK_HLA-A*11:01,tcr13581,1
vdjdb_full_12246_rs_2_n0,IVTDFSVIK_HLA-A*11:01,tcr16858,0
vdjdb_full_13497,FLYALALLL_HLA-A*02:01,tcr8541,1
vdjdb_full_13497_rs_2_n0,FLYALALLL_HLA-A*02:01,tcr18110,0
vdjdb_full_15903,KSKRTPMGF_HLA-B*57:01,tcr15063,1
vdjdb_full_15903_rs_2_n0,KSKRTPMGF_HLA-B*57:01,tcr6559,0
vdjdb_full_15595,FLRGRAYGL_HLA-B*08:01,tcr9519,1
vdjdb_full_15595_rs_2_n0,FLRGRAYGL_HLA-B*08:01,tcr6488,0
vdjdb_full_14750,RAQAPPPSW_HLA-B*57:01,tcr1341,1
vdjdb_full_14750_rs_2_n0,RAQAPPPSW_HLA-B*57:01,tcr4431,0
vdjdb_full_15281,CINGVCWTV_HLA-A*02:01,tcr14,1
vdjdb_full_15281_rs_2_n0,CINGVCWTV_HLA-A*02:01,tcr6924,0
vdjdb_full_17375,RPIIRPATL_HLA-B*07:02,tcr9699,1
vdjdb_full_17375_rs_2_n0,RPIIRPATL_HLA-B*07:02,tcr14082,0
vdjdb_full_16859,MEVTPSGTWL_HLA-B*40:01,tcr16929,1
vdjdb_full_16859_rs_2_n0,MEVTPSGTWL_HLA-B*40:01,tcr865,0
vdjdb_full_16899,RTATKAYNV_HLA-A*02:01,tcr14621,1
vdjdb_full_16899_rs_2_n0,RTATKAYNV_HLA-A*02:01,tcr12601,0
vdjdb_full_15848,KLWAQCVQL_HLA-A*02:01,tcr15875,1
vdjdb_full_15848_rs_2_n0,KLWAQCVQL_HLA-A*02:01,tcr16138,0
vdjdb_full_13558,KTFPPTEPK_HLA-A*03:01,tcr10082,1
vdjdb_full_13558_rs_2_n0,KTFPPTEPK_HLA-A*03:01,tcr11735,0
vdjdb_full_17366,RPIIRPATL_HLA-B*07:02,tcr675,1
vdjdb_full_17366_rs_2_n0,RPIIRPATL_HLA-B*07:02,tcr4827,0
vdjdb_full_9955,YLQPRTFLL_HLA-A*02:01,tcr8985,1
vdjdb_full_9955_rs_2_n0,YLQPRTFLL_HLA-A*02:01,tcr11415,0
vdjdb_full_11744,ELAGIGILTV_HLA-A*02:01,tcr11858,1
vdjdb_full_11744_rs_2_n0,ELAGIGILTV_HLA-A*02:01,tcr13654,0
vdjdb_full_16887,MEVTPSGTWL_HLA-B*40:01,tcr16297,1
vdjdb_full_16887_rs_2_n0,MEVTPSGTWL_HLA-B*40:01,tcr1385,0
vdjdb_full_17128,HSNLNDATY_HLA-A*01:01,tcr1681,1
vdjdb_full_17128_rs_2_n0,HSNLNDATY_HLA-A*01:01,tcr9757,0
vdjdb_full_16902,RTATKAYNV_HLA-A*02:01,tcr17890,1
vdjdb_full_16902_rs_2_n0,RTATKAYNV_HLA-A*02:01,tcr4378,0
vdjdb_full_15883,KSKRTPMGF_HLA-B*57:01,tcr6596,1
vdjdb_full_15883_rs_2_n0,KSKRTPMGF_HLA-B*57:01,tcr14005,0
vdjdb_full_10937,SPRWYFYYL_HLA-B*07:02,tcr5596,1
vdjdb_full_10937_rs_2_n0,SPRWYFYYL_HLA-B*07:02,tcr8775,0
vdjdb_full_12059,ALAGIGILTV_HLA-A*02:01,tcr3335,1
vdjdb_full_12059_rs_2_n0,ALAGIGILTV_HLA-A*02:01,tcr16102,0
vdjdb_full_9224,YVLDHLIVV_HLA-A*02:01,tcr6098,1
vdjdb_full_9224_rs_2_n0,YVLDHLIVV_HLA-A*02:01,tcr5417,0
vdjdb_full_7393,GILGFVFTL_HLA-A*02:01,tcr18147,1
vdjdb_full_7393_rs_2_n0,GILGFVFTL_HLA-A*02:01,tcr2619,0
vdjdb_full_17135,HSNLNDATY_HLA-A*01:01,tcr9339,1
vdjdb_full_17135_rs_2_n0,HSNLNDATY_HLA-A*01:01,tcr17142,0
vdjdb_full_16511,RPPIFIRRL_HLA-B*07:02,tcr6329,1
vdjdb_full_16511_rs_2_n0,RPPIFIRRL_HLA-B*07:02,tcr2531,0
vdjdb_full_12224,IVTDFSVIK_HLA-A*11:01,tcr2834,1
vdjdb_full_12224_rs_2_n0,IVTDFSVIK_HLA-A*11:01,tcr9174,0
vdjdb_full_16423,RTATKQYNV_HLA-A*02:01,tcr2259,1
vdjdb_full_16423_rs_2_n0,RTATKQYNV_HLA-A*02:01,tcr10539,0
vdjdb_full_14722,RPRGEVRFL_HLA-B*07:02,tcr5044,1
vdjdb_full_14722_rs_2_n0,RPRGEVRFL_HLA-B*07:02,tcr9889,0
vdjdb_full_14756,RAQAPPPSW_HLA-B*57:01,tcr12742,1
vdjdb_full_14756_rs_2_n0,RAQAPPPSW_HLA-B*57:01,tcr16605,0
vdjdb_full_18417,FLWSVFWLI_HLA-A*02:01,tcr156,1
vdjdb_full_18417_rs_2_n0,FLWSVFWLI_HLA-A*02:01,tcr17944,0
vdjdb_full_13800,TPRVTGGGAM_HLA-B*07:02,tcr1723,1
vdjdb_full_13800_rs_2_n0,TPRVTGGGAM_HLA-B*07:02,tcr16960,0
vdjdb_full_9173,LLAGIGTVPI_HLA-A*02:01,tcr14775,1
vdjdb_full_9173_rs_2_n0,LLAGIGTVPI_HLA-A*02:01,tcr15412,0
vdjdb_full_15996,KLVALGINAV_HLA-A*02:01,tcr4826,1
vdjdb_full_15996_rs_2_n0,KLVALGINAV_HLA-A*02:01,tcr6428,0
vdjdb_full_16792,RLPGVLPRA_HLA-A*02:01,tcr3127,1
vdjdb_full_16792_rs_2_n0,RLPGVLPRA_HLA-A*02:01,tcr10139,0
vdjdb_full_16907,RTATKAYNV_HLA-A*02:01,tcr6977,1
vdjdb_full_16907_rs_2_n0,RTATKAYNV_HLA-A*02:01,tcr4629,0
vdjdb_full_11599,ATDALMTGF_HLA-A*01:01,tcr3615,1
vdjdb_full_11599_rs_2_n0,ATDALMTGF_HLA-A*01:01,tcr10494,0
vdjdb_full_9524,CVNGSCFTV_HLA-A*02:01,tcr17507,1
vdjdb_full_9524_rs_2_n0,CVNGSCFTV_HLA-A*02:01,tcr4004,0
vdjdb_full_12025,ELAGIGILTV_HLA-A*02:01,tcr14082,1
vdjdb_full_12025_rs_2_n0,ELAGIGILTV_HLA-A*02:01,tcr16929,0
vdjdb_full_31,QAKWRLQTL_HLA-B*08:01,tcr1424,1
vdjdb_full_31_rs_2_n0,QAKWRLQTL_HLA-B*08:01,tcr7651,0
vdjdb_full_17130,HSNLNDATY_HLA-A*01:01,tcr4224,1
vdjdb_full_17130_rs_2_n0,HSNLNDATY_HLA-A*01:01,tcr7515,0
vdjdb_full_3396,SLLMWITQV_HLA-A*02:01,tcr11401,1
vdjdb_full_3396_rs_2_n0,SLLMWITQV_HLA-A*02:01,tcr9596,0
vdjdb_full_16837,VLEETSVML_HLA-A*02:01,tcr8717,1
vdjdb_full_16837_rs_2_n0,VLEETSVML_HLA-A*02:01,tcr7203,0
vdjdb_full_15505,CINGVCWTV_HLA-A*02:01,tcr5628,1
vdjdb_full_15505_rs_2_n0,CINGVCWTV_HLA-A*02:01,tcr16779,0
vdjdb_full_10921,SPRWYFYYL_HLA-B*07:02,tcr14275,1
vdjdb_full_10921_rs_2_n0,SPRWYFYYL_HLA-B*07:02,tcr7092,0
vdjdb_full_10594,LTDEMIAQY_HLA-A*01:01,tcr4233,1
vdjdb_full_10594_rs_2_n0,LTDEMIAQY_HLA-A*01:01,tcr4039,0
vdjdb_full_15198,RPHERNGFTVL_HLA-B*07:02,tcr3038,1
vdjdb_full_15198_rs_2_n0,RPHERNGFTVL_HLA-B*07:02,tcr11369,0
vdjdb_full_13544,LLFGYPVYV_HLA-A*02:01,tcr6593,1
vdjdb_full_13544_rs_2_n0,LLFGYPVYV_HLA-A*02:01,tcr17644,0
vdjdb_full_10628,LTDEMIAQY_HLA-A*01:01,tcr278,1
vdjdb_full_10628_rs_2_n0,LTDEMIAQY_HLA-A*01:01,tcr13289,0
vdjdb_full_15318,CINGVCWTV_HLA-A*02:01,tcr11850,1
vdjdb_full_15318_rs_2_n0,CINGVCWTV_HLA-A*02:01,tcr16074,0
vdjdb_full_16504,RPPIFIRRL_HLA-B*07:02,tcr7537,1
vdjdb_full_16504_rs_2_n0,RPPIFIRRL_HLA-B*07:02,tcr10498,0
vdjdb_full_14616,CTELKLSDY_HLA-A*01:01,tcr8373,1
vdjdb_full_14616_rs_2_n0,CTELKLSDY_HLA-A*01:01,tcr6488,0
vdjdb_full_12244,IVTDFSVIK_HLA-A*11:01,tcr5658,1
vdjdb_full_12244_rs_2_n0,IVTDFSVIK_HLA-A*11:01,tcr14709,0
vdjdb_full_8916,LLAGIGTVPI_HLA-A*02:01,tcr11541,1
vdjdb_full_8916_rs_2_n0,LLAGIGTVPI_HLA-A*02:01,tcr278,0
vdjdb_full_18309,RPHERNGFTV_HLA-B*07:02,tcr258,1
vdjdb_full_18309_rs_2_n0,RPHERNGFTV_HLA-B*07:02,tcr14198,0
vdjdb_full_1659,KLGGALQAK_HLA-A*03:01,tcr6638,1
vdjdb_full_1659_rs_2_n0,KLGGALQAK_HLA-A*03:01,tcr5535,0
vdjdb_full_15524,SLFNTVATLY_HLA-A*02:01,tcr7478,1
vdjdb_full_15524_rs_2_n0,SLFNTVATLY_HLA-A*02:01,tcr286,0
vdjdb_full_1298,KLGGALQAK_HLA-A*03:01,tcr15479,1
vdjdb_full_1298_rs_2_n0,KLGGALQAK_HLA-A*03:01,tcr4378,0
vdjdb_full_8657,NLVPMVATV_HLA-A*02:01,tcr5537,1
vdjdb_full_8657_rs_2_n0,NLVPMVATV_HLA-A*02:01,tcr5108,0
vdjdb_full_13431,FLYALALLL_HLA-A*02:01,tcr13311,1
vdjdb_full_13431_rs_2_n0,FLYALALLL_HLA-A*02:01,tcr9965,0
vdjdb_full_15729,VYFLQSINF_HLA-A*24:02,tcr12212,1
vdjdb_full_15729_rs_2_n0,VYFLQSINF_HLA-A*24:02,tcr12422,0
vdjdb_full_16950,NYNYLYRLF_HLA-A*24:02,tcr2063,1
vdjdb_full_16950_rs_2_n0,NYNYLYRLF_HLA-A*24:02,tcr10464,0
vdjdb_full_8423,NLVPMVATV_HLA-A*02:01,tcr10864,1
vdjdb_full_8423_rs_2_n0,NLVPMVATV_HLA-A*02:01,tcr16841,0
vdjdb_full_15737,VYFLQSINF_HLA-A*24:02,tcr15839,1
vdjdb_full_15737_rs_2_n0,VYFLQSINF_HLA-A*24:02,tcr12783,0
vdjdb_full_17399,RGPGRAFVTI_HLA-A*02:01,tcr15618,1
vdjdb_full_17399_rs_2_n0,RGPGRAFVTI_HLA-A*02:01,tcr4285,0
vdjdb_full_16617,QYIKWPWYI_HLA-A*24:02,tcr7064,1
vdjdb_full_16617_rs_2_n0,QYIKWPWYI_HLA-A*24:02,tcr9758,0
vdjdb_full_8160,GILGFVFTL_HLA-A*02:01,tcr16747,1
vdjdb_full_8160_rs_2_n0,GILGFVFTL_HLA-A*02:01,tcr10031,0
vdjdb_full_11121,TTDPSFLGRY_HLA-A*01:01,tcr3645,1
vdjdb_full_11121_rs_2_n0,TTDPSFLGRY_HLA-A*01:01,tcr8181,0
vdjdb_full_15753,STNVGSNTY_HLA-A*01:01,tcr8524,1
vdjdb_full_15753_rs_2_n0,STNVGSNTY_HLA-A*01:01,tcr15312,0
vdjdb_full_10583,LTDEMIAQY_HLA-A*01:01,tcr13805,1
vdjdb_full_10583_rs_2_n0,LTDEMIAQY_HLA-A*01:01,tcr1089,0
vdjdb_full_11085,AAGIGILTV_HLA-A*02:01,tcr17368,1
vdjdb_full_11085_rs_2_n0,AAGIGILTV_HLA-A*02:01,tcr7410,0
vdjdb_full_34,QAKWRLQTL_HLA-B*08:01,tcr1772,1
vdjdb_full_34_rs_2_n0,QAKWRLQTL_HLA-B*08:01,tcr6133,0
vdjdb_full_15881,KSKRTPMGF_HLA-B*57:01,tcr1976,1
vdjdb_full_15881_rs_2_n0,KSKRTPMGF_HLA-B*57:01,tcr2850,0
vdjdb_full_13352,RMFPNAPYL_HLA-A*02:01,tcr10677,1
vdjdb_full_13352_rs_2_n0,RMFPNAPYL_HLA-A*02:01,tcr14796,0
vdjdb_full_13520,LLFGYPVYV_HLA-A*02:01,tcr13244,1
vdjdb_full_13520_rs_2_n0,LLFGYPVYV_HLA-A*02:01,tcr17841,0
vdjdb_full_13487,FLYALALLL_HLA-A*02:01,tcr10574,1
vdjdb_full_13487_rs_2_n0,FLYALALLL_HLA-A*02:01,tcr15844,0
vdjdb_full_15818,ALGIGILTV_HLA-A*02:01,tcr12108,1
vdjdb_full_15818_rs_2_n0,ALGIGILTV_HLA-A*02:01,tcr4698,0
vdjdb_full_16434,RTATKQYNV_HLA-A*02:01,tcr8914,1
vdjdb_full_16434_rs_2_n0,RTATKQYNV_HLA-A*02:01,tcr8114,0
vdjdb_full_16939,RTATKAYNV_HLA-A*02:01,tcr10117,1
vdjdb_full_16939_rs_2_n0,RTATKAYNV_HLA-A*02:01,tcr12594,0
vdjdb_full_16788,RLPGVLPRA_HLA-A*02:01,tcr11639,1
vdjdb_full_16788_rs_2_n0,RLPGVLPRA_HLA-A*02:01,tcr5369,0
vdjdb_full_16501,RPPIFIRRL_HLA-B*07:02,tcr12478,1
vdjdb_full_16501_rs_2_n0,RPPIFIRRL_HLA-B*07:02,tcr13281,0
vdjdb_full_16929,RTATKAYNV_HLA-A*02:01,tcr9413,1
vdjdb_full_16929_rs_2_n0,RTATKAYNV_HLA-A*02:01,tcr17235,0
vdjdb_full_12829,IVTDFSVIK_HLA-A*11:01,tcr1926,1
vdjdb_full_12829_rs_2_n0,IVTDFSVIK_HLA-A*11:01,tcr3975,0
vdjdb_full_8969,LLAGIGTVPI_HLA-A*02:01,tcr17311,1
vdjdb_full_8969_rs_2_n0,LLAGIGTVPI_HLA-A*02:01,tcr14005,0
vdjdb_full_8612,NLVPMVATV_HLA-A*02:01,tcr7487,1
vdjdb_full_8612_rs_2_n0,NLVPMVATV_HLA-A*02:01,tcr11798,0
vdjdb_full_13338,CLGGLLTMV_HLA-A*02:01,tcr1437,1
vdjdb_full_13338_rs_2_n0,CLGGLLTMV_HLA-A*02:01,tcr6162,0
vdjdb_full_605,KLGGALQAK_HLA-A*03:01,tcr14091,1
vdjdb_full_605_rs_2_n0,KLGGALQAK_HLA-A*03:01,tcr12823,0
vdjdb_full_14666,CTELKLSDY_HLA-A*01:01,tcr13977,1
vdjdb_full_14666_rs_2_n0,CTELKLSDY_HLA-A*01:01,tcr15599,0
vdjdb_full_17841,TPSVSSSISSL_HLA-B*07:02,tcr16718,1
vdjdb_full_17841_rs_2_n0,TPSVSSSISSL_HLA-B*07:02,tcr16502,0
vdjdb_full_13791,TPRVTGGGAM_HLA-B*07:02,tcr6214,1
vdjdb_full_13791_rs_2_n0,TPRVTGGGAM_HLA-B*07:02,tcr9965,0
vdjdb_full_11594,ATDALMTGF_HLA-A*01:01,tcr998,1
vdjdb_full_11594_rs_2_n0,ATDALMTGF_HLA-A*01:01,tcr2808,0
vdjdb_full_12525,IVTDFSVIK_HLA-A*11:01,tcr4313,1
vdjdb_full_12525_rs_2_n0,IVTDFSVIK_HLA-A*11:01,tcr3261,0
vdjdb_full_10806,SPRWYFYYL_HLA-B*07:02,tcr15701,1
vdjdb_full_10806_rs_2_n0,SPRWYFYYL_HLA-B*07:02,tcr16293,0
vdjdb_full_11885,ELAGIGILTV_HLA-A*02:01,tcr6559,1
vdjdb_full_11885_rs_2_n0,ELAGIGILTV_HLA-A*02:01,tcr16476,0
vdjdb_full_13341,CLGGLLTMV_HLA-A*02:01,tcr2550,1
vdjdb_full_13341_rs_2_n0,CLGGLLTMV_HLA-A*02:01,tcr9437,0
vdjdb_full_15964,KSKRTPMGF_HLA-B*57:01,tcr11786,1
vdjdb_full_15964_rs_2_n0,KSKRTPMGF_HLA-B*57:01,tcr8330,0
vdjdb_full_15541,SLFNTVATLY_HLA-A*02:01,tcr11566,1
vdjdb_full_15541_rs_2_n0,SLFNTVATLY_HLA-A*02:01,tcr9670,0
vdjdb_full_18113,SIIAYTMSL_HLA-B*07:02,tcr9506,1
vdjdb_full_18113_rs_2_n0,SIIAYTMSL_HLA-B*07:02,tcr9352,0
vdjdb_full_11058,FLASKIGRLV_HLA-A*02:01,tcr1001,1
vdjdb_full_11058_rs_2_n0,FLASKIGRLV_HLA-A*02:01,tcr7986,0
vdjdb_full_1587,KLGGALQAK_HLA-A*03:01,tcr3782,1
vdjdb_full_1587_rs_2_n0,KLGGALQAK_HLA-A*03:01,tcr12036,0
vdjdb_full_17468,LTSLTILQLY_HLA-A*01:01,tcr6762,1
vdjdb_full_17468_rs_2_n0,LTSLTILQLY_HLA-A*01:01,tcr13962,0
vdjdb_full_8985,LLAGIGTVPI_HLA-A*02:01,tcr10962,1
vdjdb_full_8985_rs_2_n0,LLAGIGTVPI_HLA-A*02:01,tcr15169,0
vdjdb_full_10185,RLRAEAQVK_HLA-A*03:01,tcr8511,1
vdjdb_full_10185_rs_2_n0,RLRAEAQVK_HLA-A*03:01,tcr6329,0
vdjdb_full_13886,AYAQKIFKI_HLA-A*24:02,tcr16690,1
vdjdb_full_13886_rs_2_n0,AYAQKIFKI_HLA-A*24:02,tcr2164,0
vdjdb_full_16657,QYIKWPWYI_HLA-A*24:02,tcr1567,1
vdjdb_full_16657_rs_2_n0,QYIKWPWYI_HLA-A*24:02,tcr15928,0
vdjdb_full_8504,NLVPMVATV_HLA-A*02:01,tcr12243,1
vdjdb_full_8504_rs_2_n0,NLVPMVATV_HLA-A*02:01,tcr8375,0
vdjdb_full_7959,GILGFVFTL_HLA-A*02:01,tcr12457,1
vdjdb_full_7959_rs_2_n0,GILGFVFTL_HLA-A*02:01,tcr292,0
vdjdb_full_14740,RAQAPPPSW_HLA-B*57:01,tcr13651,1
vdjdb_full_14740_rs_2_n0,RAQAPPPSW_HLA-B*57:01,tcr9074,0
vdjdb_full_16233,GIIYIIYKL_HLA-A*02:01,tcr10383,1
vdjdb_full_16233_rs_2_n0,GIIYIIYKL_HLA-A*02:01,tcr17247,0
vdjdb_full_16756,YLLEMLWRL_HLA-A*02:01,tcr10333,1
vdjdb_full_16756_rs_2_n0,YLLEMLWRL_HLA-A*02:01,tcr8441,0
vdjdb_full_10501,LLSLFSLWL_HLA-A*02:01,tcr2249,1
vdjdb_full_10501_rs_2_n0,LLSLFSLWL_HLA-A*02:01,tcr2533,0
vdjdb_full_14848,LLWNGPMAV_HLA-A*02:01,tcr7038,1
vdjdb_full_14848_rs_2_n0,LLWNGPMAV_HLA-A*02:01,tcr8490,0
vdjdb_full_2504,GLCTLVAML_HLA-A*02:01,tcr10556,1
vdjdb_full_2504_rs_2_n0,GLCTLVAML_HLA-A*02:01,tcr7424,0
vdjdb_full_11036,SPRWYFYYL_HLA-B*07:02,tcr1478,1
vdjdb_full_11036_rs_2_n0,SPRWYFYYL_HLA-B*07:02,tcr7038,0
vdjdb_full_17721,TLWCSPIKV_HLA-A*02:01,tcr15065,1
vdjdb_full_17721_rs_2_n0,TLWCSPIKV_HLA-A*02:01,tcr18035,0
vdjdb_full_12128,FTSDYYQLY_HLA-A*01:01,tcr13106,1
vdjdb_full_12128_rs_2_n0,FTSDYYQLY_HLA-A*01:01,tcr7062,0
vdjdb_full_12137,FTSDYYQLY_HLA-A*01:01,tcr14317,1
vdjdb_full_12137_rs_2_n0,FTSDYYQLY_HLA-A*01:01,tcr9758,0
vdjdb_full_13348,CLGGLLTMV_HLA-A*02:01,tcr4158,1
vdjdb_full_13348_rs_2_n0,CLGGLLTMV_HLA-A*02:01,tcr4296,0
vdjdb_full_16520,RPPIFIRRL_HLA-B*07:02,tcr4057,1
vdjdb_full_16520_rs_2_n0,RPPIFIRRL_HLA-B*07:02,tcr6865,0
vdjdb_full_16886,MEVTPSGTWL_HLA-B*40:01,tcr10845,1
vdjdb_full_16886_rs_2_n0,MEVTPSGTWL_HLA-B*40:01,tcr10134,0
vdjdb_full_2321,GLCTLVAML_HLA-A*02:01,tcr1453,1
vdjdb_full_2321_rs_2_n0,GLCTLVAML_HLA-A*02:01,tcr12122,0
vdjdb_full_15195,RPHERNGFTVL_HLA-B*07:02,tcr9922,1
vdjdb_full_15195_rs_2_n0,RPHERNGFTVL_HLA-B*07:02,tcr1380,0
vdjdb_full_16305,RPIIRPATL_HLA-B*08:01,tcr3053,1
vdjdb_full_16305_rs_2_n0,RPIIRPATL_HLA-B*08:01,tcr5553,0
vdjdb_full_13987,RVRAYTYSK_HLA-A*03:01,tcr2147,1
vdjdb_full_13987_rs_2_n0,RVRAYTYSK_HLA-A*03:01,tcr10128,0
vdjdb_full_8683,NLVPMVATV_HLA-A*02:01,tcr5782,1
vdjdb_full_8683_rs_2_n0,NLVPMVATV_HLA-A*02:01,tcr281,0
vdjdb_full_14447,RVRAYTYSK_HLA-A*03:01,tcr5600,1
vdjdb_full_14447_rs_2_n0,RVRAYTYSK_HLA-A*03:01,tcr230,0
vdjdb_full_17049,LLYDANYFL_HLA-A*02:01,tcr9445,1
vdjdb_full_17049_rs_2_n0,LLYDANYFL_HLA-A*02:01,tcr6531,0
vdjdb_full_17129,HSNLNDATY_HLA-A*01:01,tcr4726,1
vdjdb_full_17129_rs_2_n0,HSNLNDATY_HLA-A*01:01,tcr16320,0
vdjdb_full_5569,AVFDRKSDAK_HLA-A*11:01,tcr10614,1
vdjdb_full_5569_rs_2_n0,AVFDRKSDAK_HLA-A*11:01,tcr5510,0
vdjdb_full_10936,SPRWYFYYL_HLA-B*07:02,tcr326,1
vdjdb_full_10936_rs_2_n0,SPRWYFYYL_HLA-B*07:02,tcr3201,0
vdjdb_full_5330,AVFDRKSDAK_HLA-A*11:01,tcr17013,1
vdjdb_full_5330_rs_2_n0,AVFDRKSDAK_HLA-A*11:01,tcr16427,0
vdjdb_full_15173,ALWEIQQVV_HLA-A*02:01,tcr4911,1
vdjdb_full_15173_rs_2_n0,ALWEIQQVV_HLA-A*02:01,tcr7063,0
vdjdb_full_13649,KTFPPTEPK_HLA-A*03:01,tcr7832,1
vdjdb_full_13649_rs_2_n0,KTFPPTEPK_HLA-A*03:01,tcr12263,0
vdjdb_full_10885,SPRWYFYYL_HLA-B*07:02,tcr583,1
vdjdb_full_10885_rs_2_n0,SPRWYFYYL_HLA-B*07:02,tcr2984,0
vdjdb_full_15827,ALGIGILTV_HLA-A*02:01,tcr15552,1
vdjdb_full_15827_rs_2_n0,ALGIGILTV_HLA-A*02:01,tcr18369,0
vdjdb_full_16170,GPRLGVRAT_HLA-B*07:02,tcr11506,1
vdjdb_full_16170_rs_2_n0,GPRLGVRAT_HLA-B*07:02,tcr14621,0
vdjdb_full_13524,LLFGYPVYV_HLA-A*02:01,tcr10251,1
vdjdb_full_13524_rs_2_n0,LLFGYPVYV_HLA-A*02:01,tcr358,0
vdjdb_full_17406,RGPGRAFVTI_HLA-A*02:01,tcr10676,1
vdjdb_full_17406_rs_2_n0,RGPGRAFVTI_HLA-A*02:01,tcr7438,0
vdjdb_full_9614,YLQPRTFLL_HLA-A*02:01,tcr1071,1
vdjdb_full_9614_rs_2_n0,YLQPRTFLL_HLA-A*02:01,tcr13937,0
vdjdb_full_16407,EAAGIGILTV_HLA-A*02:01,tcr6456,1
vdjdb_full_16407_rs_2_n0,EAAGIGILTV_HLA-A*02:01,tcr918,0
vdjdb_full_15254,FLSINVHKV_HLA-A*02:01,tcr3135,1
vdjdb_full_15254_rs_2_n0,FLSINVHKV_HLA-A*02:01,tcr18137,0
vdjdb_full_2533,GLCTLVAML_HLA-A*02:01,tcr17548,1
vdjdb_full_2533_rs_2_n0,GLCTLVAML_HLA-A*02:01,tcr14720,0
vdjdb_full_16614,QYIKWPWYI_HLA-A*24:02,tcr827,1
vdjdb_full_16614_rs_2_n0,QYIKWPWYI_HLA-A*24:02,tcr9457,0
vdjdb_full_13537,LLFGYPVYV_HLA-A*02:01,tcr9998,1
vdjdb_full_13537_rs_2_n0,LLFGYPVYV_HLA-A*02:01,tcr12076,0
vdjdb_full_17665,ALWALPHAA_HLA-A*02:01,tcr9280,1
vdjdb_full_17665_rs_2_n0,ALWALPHAA_HLA-A*02:01,tcr7420,0
vdjdb_full_15918,KSKRTPMGF_HLA-B*57:01,tcr3536,1
vdjdb_full_15918_rs_2_n0,KSKRTPMGF_HLA-B*57:01,tcr6984,0
vdjdb_full_16476,RPPIFIRRL_HLA-B*07:02,tcr2092,1
vdjdb_full_16476_rs_2_n0,RPPIFIRRL_HLA-B*07:02,tcr5481,0
vdjdb_full_12107,YLQQNWWTL_HLA-A*02:01,tcr12842,1
vdjdb_full_12107_rs_2_n0,YLQQNWWTL_HLA-A*02:01,tcr13151,0
vdjdb_full_16774,RLPGVLPRA_HLA-A*02:01,tcr16703,1
vdjdb_full_16774_rs_2_n0,RLPGVLPRA_HLA-A*02:01,tcr9616,0
vdjdb_full_13283,CLGGLLTMV_HLA-A*02:01,tcr10450,1
vdjdb_full_13283_rs_2_n0,CLGGLLTMV_HLA-A*02:01,tcr3041,0
vdjdb_full_2131,GLCTLVAML_HLA-A*02:01,tcr1886,1
vdjdb_full_2131_rs_2_n0,GLCTLVAML_HLA-A*02:01,tcr3894,0
vdjdb_full_15611,FLRGRAYGL_HLA-B*08:01,tcr13176,1
vdjdb_full_15611_rs_2_n0,FLRGRAYGL_HLA-B*08:01,tcr16541,0
vdjdb_full_12873,IVTDFSVIK_HLA-A*11:01,tcr15420,1
vdjdb_full_12873_rs_2_n0,IVTDFSVIK_HLA-A*11:01,tcr9043,0
vdjdb_full_15372,CINGVCWTV_HLA-A*02:01,tcr443,1
vdjdb_full_15372_rs_2_n0,CINGVCWTV_HLA-A*02:01,tcr8910,0
vdjdb_full_11619,ATDALMTGF_HLA-A*01:01,tcr11596,1
vdjdb_full_11619_rs_2_n0,ATDALMTGF_HLA-A*01:01,tcr16350,0
vdjdb_full_426,KLGGALQAK_HLA-A*03:01,tcr4487,1
vdjdb_full_426_rs_2_n0,KLGGALQAK_HLA-A*03:01,tcr1109,0
vdjdb_full_2147,GLCTLVAML_HLA-A*02:01,tcr15335,1
vdjdb_full_2147_rs_2_n0,GLCTLVAML_HLA-A*02:01,tcr16586,0
vdjdb_full_13522,LLFGYPVYV_HLA-A*02:01,tcr16813,1
vdjdb_full_13522_rs_2_n0,LLFGYPVYV_HLA-A*02:01,tcr13081,0
vdjdb_full_9254,YVLDHLIVV_HLA-A*02:01,tcr14606,1
vdjdb_full_9254_rs_2_n0,YVLDHLIVV_HLA-A*02:01,tcr7076,0
vdjdb_full_17391,RGPGRAFVTI_HLA-A*02:01,tcr5733,1
vdjdb_full_17391_rs_2_n0,RGPGRAFVTI_HLA-A*02:01,tcr17240,0
vdjdb_full_13287,CLGGLLTMV_HLA-A*02:01,tcr13791,1
vdjdb_full_13287_rs_2_n0,CLGGLLTMV_HLA-A*02:01,tcr18321,0
vdjdb_full_16003,KLVALGINAV_HLA-A*02:01,tcr3916,1
vdjdb_full_16003_rs_2_n0,KLVALGINAV_HLA-A*02:01,tcr11700,0
vdjdb_full_14723,RPRGEVRFL_HLA-B*07:02,tcr9820,1
vdjdb_full_14723_rs_2_n0,RPRGEVRFL_HLA-B*07:02,tcr2890,0
vdjdb_full_13214,DATYQRTRALVR_HLA-A*68:01,tcr12031,1
vdjdb_full_13214_rs_2_n0,DATYQRTRALVR_HLA-A*68:01,tcr4047,0
vdjdb_full_11163,TTDPSFLGRY_HLA-A*01:01,tcr94,1
vdjdb_full_11163_rs_2_n0,TTDPSFLGRY_HLA-A*01:01,tcr7480,0
vdjdb_full_12170,IMDQVPFSV_HLA-A*02:01,tcr2568,1
vdjdb_full_12170_rs_2_n0,IMDQVPFSV_HLA-A*02:01,tcr920,0
vdjdb_full_1508,KLGGALQAK_HLA-A*03:01,tcr9908,1
vdjdb_full_1508_rs_2_n0,KLGGALQAK_HLA-A*03:01,tcr2794,0
vdjdb_full_17052,LLYDANYFL_HLA-A*02:01,tcr10919,1
vdjdb_full_17052_rs_2_n0,LLYDANYFL_HLA-A*02:01,tcr376,0
vdjdb_full_9403,YVLDHLIVV_HLA-A*02:01,tcr2420,1
vdjdb_full_9403_rs_2_n0,YVLDHLIVV_HLA-A*02:01,tcr7753,0
vdjdb_full_14872,LLWNGPMAV_HLA-A*02:01,tcr3341,1
vdjdb_full_14872_rs_2_n0,LLWNGPMAV_HLA-A*02:01,tcr14355,0
vdjdb_full_9958,YLQPRTFLL_HLA-A*02:01,tcr4016,1
vdjdb_full_9958_rs_2_n0,YLQPRTFLL_HLA-A*02:01,tcr5402,0
vdjdb_full_15692,FLRGRAYGL_HLA-B*08:01,tcr3924,1
vdjdb_full_15692_rs_2_n0,FLRGRAYGL_HLA-B*08:01,tcr8646,0
vdjdb_full_15076,NQKLIANQF_HLA-B*15:01,tcr1011,1
vdjdb_full_15076_rs_2_n0,NQKLIANQF_HLA-B*15:01,tcr4521,0
vdjdb_full_8570,NLVPMVATV_HLA-A*02:01,tcr1219,1
vdjdb_full_8570_rs_2_n0,NLVPMVATV_HLA-A*02:01,tcr8673,0
vdjdb_full_15268,FMVFLQTHI_HLA-A*02:01,tcr10304,1
vdjdb_full_15268_rs_2_n0,FMVFLQTHI_HLA-A*02:01,tcr8290,0
vdjdb_full_11586,ATDALMTGF_HLA-A*01:01,tcr11326,1
vdjdb_full_11586_rs_2_n0,ATDALMTGF_HLA-A*01:01,tcr4068,0
vdjdb_full_16912,RTATKAYNV_HLA-A*02:01,tcr7799,1
vdjdb_full_16912_rs_2_n0,RTATKAYNV_HLA-A*02:01,tcr16504,0
vdjdb_full_17205,VVTGVLVYL_HLA-A*02:01,tcr14909,1
vdjdb_full_17205_rs_2_n0,VVTGVLVYL_HLA-A*02:01,tcr1778,0
vdjdb_full_13774,TPRVTGGGAM_HLA-B*07:02,tcr3791,1
vdjdb_full_13774_rs_2_n0,TPRVTGGGAM_HLA-B*07:02,tcr532,0
vdjdb_full_13581,KTFPPTEPK_HLA-A*03:01,tcr16165,1
vdjdb_full_13581_rs_2_n0,KTFPPTEPK_HLA-A*03:01,tcr2190,0
vdjdb_full_15837,KLWAQCVQL_HLA-A*02:01,tcr17522,1
vdjdb_full_15837_rs_2_n0,KLWAQCVQL_HLA-A*02:01,tcr11858,0
vdjdb_full_10618,LTDEMIAQY_HLA-A*01:01,tcr13004,1
vdjdb_full_10618_rs_2_n0,LTDEMIAQY_HLA-A*01:01,tcr12478,0
vdjdb_full_10691,SPRWYFYYL_HLA-B*07:02,tcr17713,1
vdjdb_full_10691_rs_2_n0,SPRWYFYYL_HLA-B*07:02,tcr5256,0
vdjdb_full_13421,FLYALALLL_HLA-A*02:01,tcr6007,1
vdjdb_full_13421_rs_2_n0,FLYALALLL_HLA-A*02:01,tcr2832,0
vdjdb_full_15829,ALGIGILTV_HLA-A*02:01,tcr2583,1
vdjdb_full_15829_rs_2_n0,ALGIGILTV_HLA-A*02:01,tcr17107,0
vdjdb_full_16211,GPRLGVRAT_HLA-B*07:02,tcr17551,1
vdjdb_full_16211_rs_2_n0,GPRLGVRAT_HLA-B*07:02,tcr7693,0
vdjdb_full_11130,TTDPSFLGRY_HLA-A*01:01,tcr5679,1
vdjdb_full_11130_rs_2_n0,TTDPSFLGRY_HLA-A*01:01,tcr7155,0
vdjdb_full_14802,LLFNILGGWV_HLA-A*02:01,tcr2898,1
vdjdb_full_14802_rs_2_n0,LLFNILGGWV_HLA-A*02:01,tcr12457,0
vdjdb_full_2454,GLCTLVAML_HLA-A*02:01,tcr2752,1
vdjdb_full_2454_rs_2_n0,GLCTLVAML_HLA-A*02:01,tcr17205,0
vdjdb_full_17720,TLWCSPIKV_HLA-A*02:01,tcr14997,1
vdjdb_full_17720_rs_2_n0,TLWCSPIKV_HLA-A*02:01,tcr15724,0
vdjdb_full_17970,EPLPQGQLTAY_HLA-B*35:01,tcr13731,1
vdjdb_full_17970_rs_2_n0,EPLPQGQLTAY_HLA-B*35:01,tcr4978,0
vdjdb_full_17839,TPSVSSSISSL_HLA-B*07:02,tcr6502,1
vdjdb_full_17839_rs_2_n0,TPSVSSSISSL_HLA-B*07:02,tcr16756,0
vdjdb_full_17372,RPIIRPATL_HLA-B*07:02,tcr3970,1
vdjdb_full_17372_rs_2_n0,RPIIRPATL_HLA-B*07:02,tcr4653,0
vdjdb_full_13843,TPRVTGGGAM_HLA-B*07:02,tcr17668,1
vdjdb_full_13843_rs_2_n0,TPRVTGGGAM_HLA-B*07:02,tcr10928,0
vdjdb_full_16619,QYIKWPWYI_HLA-A*24:02,tcr10692,1
vdjdb_full_16619_rs_2_n0,QYIKWPWYI_HLA-A*24:02,tcr13535,0
vdjdb_full_11366,TTDPSFLGRY_HLA-A*01:01,tcr10746,1
vdjdb_full_11366_rs_2_n0,TTDPSFLGRY_HLA-A*01:01,tcr3553,0
vdjdb_full_13788,TPRVTGGGAM_HLA-B*07:02,tcr1105,1
vdjdb_full_13788_rs_2_n0,TPRVTGGGAM_HLA-B*07:02,tcr11335,0
vdjdb_full_380,KLGGALQAK_HLA-A*03:01,tcr4474,1
vdjdb_full_380_rs_2_n0,KLGGALQAK_HLA-A*03:01,tcr1130,0
vdjdb_full_15124,NQKLIANQF_HLA-B*15:01,tcr668,1
vdjdb_full_15124_rs_2_n0,NQKLIANQF_HLA-B*15:01,tcr7540,0
vdjdb_full_17666,ALWALPHAA_HLA-A*02:01,tcr8628,1
vdjdb_full_17666_rs_2_n0,ALWALPHAA_HLA-A*02:01,tcr310,0
vdjdb_full_14593,RVRAYTYSK_HLA-A*03:01,tcr10590,1
vdjdb_full_14593_rs_2_n0,RVRAYTYSK_HLA-A*03:01,tcr17040,0
vdjdb_full_11055,FLASKIGRLV_HLA-A*02:01,tcr14050,1
vdjdb_full_11055_rs_2_n0,FLASKIGRLV_HLA-A*02:01,tcr17909,0
vdjdb_full_13228,DATYQRTRALVR_HLA-A*68:01,tcr14198,1
vdjdb_full_13228_rs_2_n0,DATYQRTRALVR_HLA-A*68:01,tcr5047,0
vdjdb_full_11620,ATDALMTGF_HLA-A*01:01,tcr16594,1
vdjdb_full_11620_rs_2_n0,ATDALMTGF_HLA-A*01:01,tcr16814,0
vdjdb_full_13188,DATYQRTRALVR_HLA-A*68:01,tcr4146,1
vdjdb_full_13188_rs_2_n0,DATYQRTRALVR_HLA-A*68:01,tcr18299,0
vdjdb_full_16439,RTATKQYNV_HLA-A*02:01,tcr12175,1
vdjdb_full_16439_rs_2_n0,RTATKQYNV_HLA-A*02:01,tcr1621,0
vdjdb_full_17194,ALSKGVHFV_HLA-A*02:01,tcr9895,1
vdjdb_full_17194_rs_2_n0,ALSKGVHFV_HLA-A*02:01,tcr566,0
vdjdb_full_15728,VYFLQSINF_HLA-A*24:02,tcr11220,1
vdjdb_full_15728_rs_2_n0,VYFLQSINF_HLA-A*24:02,tcr3597,0
vdjdb_full_9751,YLQPRTFLL_HLA-A*02:01,tcr16394,1
vdjdb_full_9751_rs_2_n0,YLQPRTFLL_HLA-A*02:01,tcr6033,0
vdjdb_full_8421,NLVPMVATV_HLA-A*02:01,tcr6141,1
vdjdb_full_8421_rs_2_n0,NLVPMVATV_HLA-A*02:01,tcr8235,0
vdjdb_full_12048,ALAGIGILTV_HLA-A*02:01,tcr7287,1
vdjdb_full_12048_rs_2_n0,ALAGIGILTV_HLA-A*02:01,tcr16063,0
vdjdb_full_9526,CVNGSCFTV_HLA-A*02:01,tcr14044,1
vdjdb_full_9526_rs_2_n0,CVNGSCFTV_HLA-A*02:01,tcr8187,0
vdjdb_full_10542,HPNGYKSLSTL_HLA-B*07:02,tcr9181,1
vdjdb_full_10542_rs_2_n0,HPNGYKSLSTL_HLA-B*07:02,tcr14467,0
vdjdb_full_15170,ALWEIQQVV_HLA-A*02:01,tcr6115,1
vdjdb_full_15170_rs_2_n0,ALWEIQQVV_HLA-A*02:01,tcr17724,0
vdjdb_full_12774,IVTDFSVIK_HLA-A*11:01,tcr14725,1
vdjdb_full_12774_rs_2_n0,IVTDFSVIK_HLA-A*11:01,tcr6709,0
vdjdb_full_4540,SLLMWITQV_HLA-A*02:01,tcr3553,1
vdjdb_full_4540_rs_2_n0,SLLMWITQV_HLA-A*02:01,tcr18074,0
vdjdb_full_15206,RPHERNGFTVL_HLA-B*07:02,tcr9794,1
vdjdb_full_15206_rs_2_n0,RPHERNGFTVL_HLA-B*07:02,tcr16411,0
vdjdb_full_15463,CINGVCWTV_HLA-A*02:01,tcr2243,1
vdjdb_full_15463_rs_2_n0,CINGVCWTV_HLA-A*02:01,tcr6100,0
vdjdb_full_9885,YLQPRTFLL_HLA-A*02:01,tcr2895,1
vdjdb_full_9885_rs_2_n0,YLQPRTFLL_HLA-A*02:01,tcr16866,0
vdjdb_full_10669,LTDEMIAQY_HLA-A*01:01,tcr14066,1
vdjdb_full_10669_rs_2_n0,LTDEMIAQY_HLA-A*01:01,tcr16813,0
vdjdb_full_11532,ATDALMTGF_HLA-A*01:01,tcr5195,1
vdjdb_full_11532_rs_2_n0,ATDALMTGF_HLA-A*01:01,tcr17050,0
vdjdb_full_10585,LTDEMIAQY_HLA-A*01:01,tcr2187,1
vdjdb_full_10585_rs_2_n0,LTDEMIAQY_HLA-A*01:01,tcr171,0
vdjdb_full_16951,NYNYLYRLF_HLA-A*24:02,tcr7508,1
vdjdb_full_16951_rs_2_n0,NYNYLYRLF_HLA-A*24:02,tcr15312,0
vdjdb_full_16981,NYNYLYRLF_HLA-A*24:02,tcr8787,1
vdjdb_full_16981_rs_2_n0,NYNYLYRLF_HLA-A*24:02,tcr15946,0
vdjdb_full_16839,VLEETSVML_HLA-A*02:01,tcr13962,1
vdjdb_full_16839_rs_2_n0,VLEETSVML_HLA-A*02:01,tcr8783,0
vdjdb_full_10533,HPNGYKSLSTL_HLA-B*07:02,tcr7753,1
vdjdb_full_10533_rs_2_n0,HPNGYKSLSTL_HLA-B*07:02,tcr2891,0
vdjdb_full_10614,LTDEMIAQY_HLA-A*01:01,tcr13081,1
vdjdb_full_10614_rs_2_n0,LTDEMIAQY_HLA-A*01:01,tcr17455,0
vdjdb_full_13719,TPRVTGGGAM_HLA-B*07:02,tcr12451,1
vdjdb_full_13719_rs_2_n0,TPRVTGGGAM_HLA-B*07:02,tcr1943,0
vdjdb_full_14822,LLWNGPMAV_HLA-A*02:01,tcr16994,1
vdjdb_full_14822_rs_2_n0,LLWNGPMAV_HLA-A*02:01,tcr13568,0
vdjdb_full_11268,TTDPSFLGRY_HLA-A*01:01,tcr14596,1
vdjdb_full_11268_rs_2_n0,TTDPSFLGRY_HLA-A*01:01,tcr6683,0
vdjdb_full_9137,LLAGIGTVPI_HLA-A*02:01,tcr11772,1
vdjdb_full_9137_rs_2_n0,LLAGIGTVPI_HLA-A*02:01,tcr9775,0
vdjdb_full_11016,SPRWYFYYL_HLA-B*07:02,tcr15783,1
vdjdb_full_11016_rs_2_n0,SPRWYFYYL_HLA-B*07:02,tcr2507,0
vdjdb_full_11083,AAGIGILTV_HLA-A*02:01,tcr5424,1
vdjdb_full_11083_rs_2_n0,AAGIGILTV_HLA-A*02:01,tcr7063,0
vdjdb_full_16390,PTDNYITTY_HLA-A*01:01,tcr17824,1
vdjdb_full_16390_rs_2_n0,PTDNYITTY_HLA-A*01:01,tcr7554,0
vdjdb_full_4677,AVFDRKSDAK_HLA-A*11:01,tcr4064,1
vdjdb_full_4677_rs_2_n0,AVFDRKSDAK_HLA-A*11:01,tcr12575,0
vdjdb_full_8700,NLVPMVATV_HLA-A*02:01,tcr11247,1
vdjdb_full_8700_rs_2_n0,NLVPMVATV_HLA-A*02:01,tcr16545,0
vdjdb_full_15817,ALGIGILTV_HLA-A*02:01,tcr11991,1
vdjdb_full_15817_rs_2_n0,ALGIGILTV_HLA-A*02:01,tcr13780,0
vdjdb_full_11138,TTDPSFLGRY_HLA-A*01:01,tcr4115,1
vdjdb_full_11138_rs_2_n0,TTDPSFLGRY_HLA-A*01:01,tcr12691,0
vdjdb_full_14794,LLFNILGGWV_HLA-A*02:01,tcr14900,1
vdjdb_full_14794_rs_2_n0,LLFNILGGWV_HLA-A*02:01,tcr14580,0
vdjdb_full_13435,FLYALALLL_HLA-A*02:01,tcr7864,1
vdjdb_full_13435_rs_2_n0,FLYALALLL_HLA-A*02:01,tcr17270,0
vdjdb_full_9592,YLQPRTFLL_HLA-A*02:01,tcr14582,1
vdjdb_full_9592_rs_2_n0,YLQPRTFLL_HLA-A*02:01,tcr1202,0
vdjdb_full_15432,CINGVCWTV_HLA-A*02:01,tcr1079,1
vdjdb_full_15432_rs_2_n0,CINGVCWTV_HLA-A*02:01,tcr7515,0
vdjdb_full_15244,RPHERNGFTVL_HLA-B*07:02,tcr10662,1
vdjdb_full_15244_rs_2_n0,RPHERNGFTVL_HLA-B*07:02,tcr16293,0
vdjdb_full_13650,KTFPPTEPK_HLA-A*03:01,tcr8288,1
vdjdb_full_13650_rs_2_n0,KTFPPTEPK_HLA-A*03:01,tcr5374,0
vdjdb_full_16026,KLVALGINAV_HLA-A*02:01,tcr14829,1
vdjdb_full_16026_rs_2_n0,KLVALGINAV_HLA-A*02:01,tcr12108,0
vdjdb_full_13556,KTFPPTEPK_HLA-A*03:01,tcr7929,1
vdjdb_full_13556_rs_2_n0,KTFPPTEPK_HLA-A*03:01,tcr17834,0
vdjdb_full_13582,KTFPPTEPK_HLA-A*03:01,tcr3726,1
vdjdb_full_13582_rs_2_n0,KTFPPTEPK_HLA-A*03:01,tcr3459,0
vdjdb_full_7,QAKWRLQTL_HLA-B*08:01,tcr7635,1
vdjdb_full_7_rs_2_n0,QAKWRLQTL_HLA-B*08:01,tcr4233,0
vdjdb_full_13308,CLGGLLTMV_HLA-A*02:01,tcr2663,1
vdjdb_full_13308_rs_2_n0,CLGGLLTMV_HLA-A*02:01,tcr14889,0
vdjdb_full_17497,RLITGRLQSL_HLA-A*02:01,tcr5186,1
vdjdb_full_17497_rs_2_n0,RLITGRLQSL_HLA-A*02:01,tcr5548,0
vdjdb_full_12314,IVTDFSVIK_HLA-A*11:01,tcr6938,1
vdjdb_full_12314_rs_2_n0,IVTDFSVIK_HLA-A*11:01,tcr4117,0
vdjdb_full_15403,CINGVCWTV_HLA-A*02:01,tcr9503,1
vdjdb_full_15403_rs_2_n0,CINGVCWTV_HLA-A*02:01,tcr702,0
vdjdb_full_16181,GPRLGVRAT_HLA-B*07:02,tcr10160,1
vdjdb_full_16181_rs_2_n0,GPRLGVRAT_HLA-B*07:02,tcr8036,0
vdjdb_full_8322,LLDFVRFMGV_HLA-A*02:01,tcr6763,1
vdjdb_full_8322_rs_2_n0,LLDFVRFMGV_HLA-A*02:01,tcr8222,0
vdjdb_full_13303,CLGGLLTMV_HLA-A*02:01,tcr17179,1
vdjdb_full_13303_rs_2_n0,CLGGLLTMV_HLA-A*02:01,tcr4574,0
vdjdb_full_7392,GILGFVFTL_HLA-A*02:01,tcr399,1
vdjdb_full_7392_rs_2_n0,GILGFVFTL_HLA-A*02:01,tcr12185,0
vdjdb_full_11581,ATDALMTGF_HLA-A*01:01,tcr64,1
vdjdb_full_11581_rs_2_n0,ATDALMTGF_HLA-A*01:01,tcr17784,0
vdjdb_full_12301,IVTDFSVIK_HLA-A*11:01,tcr282,1
vdjdb_full_12301_rs_2_n0,IVTDFSVIK_HLA-A*11:01,tcr6033,0
vdjdb_full_18071,CYTWNQMNL_HLA-A*24:02,tcr17932,1
vdjdb_full_18071_rs_2_n0,CYTWNQMNL_HLA-A*24:02,tcr1778,0
vdjdb_full_8600,NLVPMVATV_HLA-A*02:01,tcr244,1
vdjdb_full_8600_rs_2_n0,NLVPMVATV_HLA-A*02:01,tcr7122,0
vdjdb_full_18416,FLWSVFWLI_HLA-A*02:01,tcr1418,1
vdjdb_full_18416_rs_2_n0,FLWSVFWLI_HLA-A*02:01,tcr5070,0
vdjdb_full_13785,TPRVTGGGAM_HLA-B*07:02,tcr16397,1
vdjdb_full_13785_rs_2_n0,TPRVTGGGAM_HLA-B*07:02,tcr11675,0
vdjdb_full_13382,LPRWYFYYL_HLA-B*07:02,tcr5031,1
vdjdb_full_13382_rs_2_n0,LPRWYFYYL_HLA-B*07:02,tcr4085,0
vdjdb_full_13491,FLYALALLL_HLA-A*02:01,tcr10394,1
vdjdb_full_13491_rs_2_n0,FLYALALLL_HLA-A*02:01,tcr11099,0
vdjdb_full_6056,AVFDRKSDAK_HLA-A*11:01,tcr209,1
vdjdb_full_6056_rs_2_n0,AVFDRKSDAK_HLA-A*11:01,tcr3076,0
vdjdb_full_18419,FLWSVFWLI_HLA-A*02:01,tcr6493,1
vdjdb_full_18419_rs_2_n0,FLWSVFWLI_HLA-A*02:01,tcr12519,0
vdjdb_full_10580,LTDEMIAQY_HLA-A*01:01,tcr8783,1
vdjdb_full_10580_rs_2_n0,LTDEMIAQY_HLA-A*01:01,tcr8815,0
vdjdb_full_17315,KSVNITFEL_HLA-A*02:01,tcr818,1
vdjdb_full_17315_rs_2_n0,KSVNITFEL_HLA-A*02:01,tcr2772,0
vdjdb_full_13152,DATYQRTRALVR_HLA-A*68:01,tcr8386,1
vdjdb_full_13152_rs_2_n0,DATYQRTRALVR_HLA-A*68:01,tcr14909,0
vdjdb_full_15805,ALGIGILTV_HLA-A*02:01,tcr404,1
vdjdb_full_15805_rs_2_n0,ALGIGILTV_HLA-A*02:01,tcr12159,0
vdjdb_full_5350,AVFDRKSDAK_HLA-A*11:01,tcr1462,1
vdjdb_full_5350_rs_2_n0,AVFDRKSDAK_HLA-A*11:01,tcr15962,0
vdjdb_full_16629,QYIKWPWYI_HLA-A*24:02,tcr2782,1
vdjdb_full_16629_rs_2_n0,QYIKWPWYI_HLA-A*24:02,tcr14487,0
vdjdb_full_15527,SLFNTVATLY_HLA-A*02:01,tcr2720,1
vdjdb_full_15527_rs_2_n0,SLFNTVATLY_HLA-A*02:01,tcr3220,0
vdjdb_full_801,KLGGALQAK_HLA-A*03:01,tcr29,1
vdjdb_full_801_rs_2_n0,KLGGALQAK_HLA-A*03:01,tcr9281,0
vdjdb_full_9433,YVLDHLIVV_HLA-A*02:01,tcr16223,1
vdjdb_full_9433_rs_2_n0,YVLDHLIVV_HLA-A*02:01,tcr2922,0
vdjdb_full_16852,MEVTPSGTWL_HLA-B*40:01,tcr1003,1
vdjdb_full_16852_rs_2_n0,MEVTPSGTWL_HLA-B*40:01,tcr1147,0
vdjdb_full_15724,VYFLQSINF_HLA-A*24:02,tcr13477,1
vdjdb_full_15724_rs_2_n0,VYFLQSINF_HLA-A*24:02,tcr16223,0
vdjdb_full_13605,KTFPPTEPK_HLA-A*03:01,tcr9011,1
vdjdb_full_13605_rs_2_n0,KTFPPTEPK_HLA-A*03:01,tcr1760,0
vdjdb_full_8924,LLAGIGTVPI_HLA-A*02:01,tcr4649,1
vdjdb_full_8924_rs_2_n0,LLAGIGTVPI_HLA-A*02:01,tcr7100,0
vdjdb_full_14669,CTELKLSDY_HLA-A*01:01,tcr9501,1
vdjdb_full_14669_rs_2_n0,CTELKLSDY_HLA-A*01:01,tcr12328,0
vdjdb_full_17161,KTWGQYWQV_HLA-A*02:01,tcr5534,1
vdjdb_full_17161_rs_2_n0,KTWGQYWQV_HLA-A*02:01,tcr10515,0
vdjdb_full_10503,LLSLFSLWL_HLA-A*02:01,tcr10872,1
vdjdb_full_10503_rs_2_n0,LLSLFSLWL_HLA-A*02:01,tcr1085,0
vdjdb_full_8731,LLAGIGTVPI_HLA-A*02:01,tcr4609,1
vdjdb_full_8731_rs_2_n0,LLAGIGTVPI_HLA-A*02:01,tcr12275,0
vdjdb_full_3364,SLLMWITQV_HLA-A*02:01,tcr3505,1
vdjdb_full_3364_rs_2_n0,SLLMWITQV_HLA-A*02:01,tcr7584,0
vdjdb_full_10574,LTDEMIAQY_HLA-A*01:01,tcr10689,1
vdjdb_full_10574_rs_2_n0,LTDEMIAQY_HLA-A*01:01,tcr10596,0
vdjdb_full_17716,TLWCSPIKV_HLA-A*02:01,tcr4864,1
vdjdb_full_17716_rs_2_n0,TLWCSPIKV_HLA-A*02:01,tcr11246,0
vdjdb_full_13375,LPRWYFYYL_HLA-B*07:02,tcr6352,1
vdjdb_full_13375_rs_2_n0,LPRWYFYYL_HLA-B*07:02,tcr3505,0
vdjdb_full_9957,YLQPRTFLL_HLA-A*02:01,tcr16880,1
vdjdb_full_9957_rs_2_n0,YLQPRTFLL_HLA-A*02:01,tcr11639,0
vdjdb_full_14392,RVRAYTYSK_HLA-A*03:01,tcr11617,1
vdjdb_full_14392_rs_2_n0,RVRAYTYSK_HLA-A*03:01,tcr13943,0
vdjdb_full_8123,GILGFVFTL_HLA-A*02:01,tcr14257,1
vdjdb_full_8123_rs_2_n0,GILGFVFTL_HLA-A*02:01,tcr8005,0
vdjdb_full_17454,LTSLTILQLY_HLA-A*01:01,tcr1730,1
vdjdb_full_17454_rs_2_n0,LTSLTILQLY_HLA-A*01:01,tcr7358,0
vdjdb_full_13723,TPRVTGGGAM_HLA-B*07:02,tcr13138,1
vdjdb_full_13723_rs_2_n0,TPRVTGGGAM_HLA-B*07:02,tcr1083,0
vdjdb_full_4469,SLLMWITQV_HLA-A*02:01,tcr386,1
vdjdb_full_4469_rs_2_n0,SLLMWITQV_HLA-A*02:01,tcr4497,0
vdjdb_full_2537,GLCTLVAML_HLA-A*02:01,tcr2507,1
vdjdb_full_2537_rs_2_n0,GLCTLVAML_HLA-A*02:01,tcr2533,0
vdjdb_full_15122,NQKLIANQF_HLA-B*15:01,tcr10929,1
vdjdb_full_15122_rs_2_n0,NQKLIANQF_HLA-B*15:01,tcr15948,0
vdjdb_full_17332,RVAGDSGFAAY_HLA-B*15:01,tcr6896,1
vdjdb_full_17332_rs_2_n0,RVAGDSGFAAY_HLA-B*15:01,tcr13819,0
vdjdb_full_8790,LLAGIGTVPI_HLA-A*02:01,tcr4690,1
vdjdb_full_8790_rs_2_n0,LLAGIGTVPI_HLA-A*02:01,tcr8003,0
vdjdb_full_15596,FLRGRAYGL_HLA-B*08:01,tcr13841,1
vdjdb_full_15596_rs_2_n0,FLRGRAYGL_HLA-B*08:01,tcr1824,0
vdjdb_full_949,KLGGALQAK_HLA-A*03:01,tcr4909,1
vdjdb_full_949_rs_2_n0,KLGGALQAK_HLA-A*03:01,tcr3264,0
vdjdb_full_12066,ALAGIGILTV_HLA-A*02:01,tcr678,1
vdjdb_full_12066_rs_2_n0,ALAGIGILTV_HLA-A*02:01,tcr1267,0
vdjdb_full_17340,RVAGDSGFAAY_HLA-B*15:01,tcr17319,1
vdjdb_full_17340_rs_2_n0,RVAGDSGFAAY_HLA-B*15:01,tcr2864,0
vdjdb_full_5047,AVFDRKSDAK_HLA-A*11:01,tcr14291,1
vdjdb_full_5047_rs_2_n0,AVFDRKSDAK_HLA-A*11:01,tcr1094,0
vdjdb_full_16827,VLEETSVML_HLA-A*02:01,tcr11703,1
vdjdb_full_16827_rs_2_n0,VLEETSVML_HLA-A*02:01,tcr7734,0
vdjdb_full_15531,SLFNTVATLY_HLA-A*02:01,tcr1663,1
vdjdb_full_15531_rs_2_n0,SLFNTVATLY_HLA-A*02:01,tcr1693,0
vdjdb_full_17202,VVTGVLVYL_HLA-A*02:01,tcr14033,1
vdjdb_full_17202_rs_2_n0,VVTGVLVYL_HLA-A*02:01,tcr9444,0
vdjdb_full_11908,ELAGIGILTV_HLA-A*02:01,tcr5056,1
vdjdb_full_11908_rs_2_n0,ELAGIGILTV_HLA-A*02:01,tcr11628,0
vdjdb_full_17969,EPLPQGQLTAY_HLA-B*35:01,tcr10105,1
vdjdb_full_17969_rs_2_n0,EPLPQGQLTAY_HLA-B*35:01,tcr6485,0
vdjdb_full_9523,CVNGSCFTV_HLA-A*02:01,tcr15890,1
vdjdb_full_9523_rs_2_n0,CVNGSCFTV_HLA-A*02:01,tcr17522,0
vdjdb_full_14260,RVRAYTYSK_HLA-A*03:01,tcr11051,1
vdjdb_full_14260_rs_2_n0,RVRAYTYSK_HLA-A*03:01,tcr4384,0
vdjdb_full_13625,KTFPPTEPK_HLA-A*03:01,tcr4476,1
vdjdb_full_13625_rs_2_n0,KTFPPTEPK_HLA-A*03:01,tcr14538,0
vdjdb_full_14279,RVRAYTYSK_HLA-A*03:01,tcr4079,1
vdjdb_full_14279_rs_2_n0,RVRAYTYSK_HLA-A*03:01,tcr14440,0
vdjdb_full_4350,SLLMWITQV_HLA-A*02:01,tcr6091,1
vdjdb_full_4350_rs_2_n0,SLLMWITQV_HLA-A*02:01,tcr8222,0
vdjdb_full_13211,DATYQRTRALVR_HLA-A*68:01,tcr12647,1
vdjdb_full_13211_rs_2_n0,DATYQRTRALVR_HLA-A*68:01,tcr16841,0
vdjdb_full_15816,ALGIGILTV_HLA-A*02:01,tcr4781,1
vdjdb_full_15816_rs_2_n0,ALGIGILTV_HLA-A*02:01,tcr13268,0
vdjdb_full_11626,ELAGIGILTV_HLA-A*02:01,tcr5857,1
vdjdb_full_11626_rs_2_n0,ELAGIGILTV_HLA-A*02:01,tcr10944,0
vdjdb_full_16088,VMVELVAEL_HLA-A*02:01,tcr6020,1
vdjdb_full_16088_rs_2_n0,VMVELVAEL_HLA-A*02:01,tcr14081,0
vdjdb_full_10581,LTDEMIAQY_HLA-A*01:01,tcr685,1
vdjdb_full_10581_rs_2_n0,LTDEMIAQY_HLA-A*01:01,tcr443,0
vdjdb_full_9242,YVLDHLIVV_HLA-A*02:01,tcr15584,1
vdjdb_full_9242_rs_2_n0,YVLDHLIVV_HLA-A*02:01,tcr3665,0
vdjdb_full_9532,CVNGSCFTV_HLA-A*02:01,tcr2477,1
vdjdb_full_9532_rs_2_n0,CVNGSCFTV_HLA-A*02:01,tcr12677,0
vdjdb_full_13252,HPVGEADYFEY_HLA-B*35:01,tcr2953,1
vdjdb_full_13252_rs_2_n0,HPVGEADYFEY_HLA-B*35:01,tcr12278,0
vdjdb_full_13197,DATYQRTRALVR_HLA-A*68:01,tcr15441,1
vdjdb_full_13197_rs_2_n0,DATYQRTRALVR_HLA-A*68:01,tcr17311,0
vdjdb_full_10951,SPRWYFYYL_HLA-B*07:02,tcr16960,1
vdjdb_full_10951_rs_2_n0,SPRWYFYYL_HLA-B*07:02,tcr1934,0
vdjdb_full_13602,KTFPPTEPK_HLA-A*03:01,tcr7342,1
vdjdb_full_13602_rs_2_n0,KTFPPTEPK_HLA-A*03:01,tcr5984,0
vdjdb_full_12032,ALAGIGILTV_HLA-A*02:01,tcr6125,1
vdjdb_full_12032_rs_2_n0,ALAGIGILTV_HLA-A*02:01,tcr16320,0
vdjdb_full_12664,IVTDFSVIK_HLA-A*11:01,tcr17971,1
vdjdb_full_12664_rs_2_n0,IVTDFSVIK_HLA-A*11:01,tcr11115,0
vdjdb_full_11250,TTDPSFLGRY_HLA-A*01:01,tcr4372,1
vdjdb_full_11250_rs_2_n0,TTDPSFLGRY_HLA-A*01:01,tcr13240,0
vdjdb_full_15174,ALWEIQQVV_HLA-A*02:01,tcr7239,1
vdjdb_full_15174_rs_2_n0,ALWEIQQVV_HLA-A*02:01,tcr18352,0
vdjdb_full_17408,RGPGRAFVTI_HLA-A*02:01,tcr5048,1
vdjdb_full_17408_rs_2_n0,RGPGRAFVTI_HLA-A*02:01,tcr13441,0
vdjdb_full_15176,ALWEIQQVV_HLA-A*02:01,tcr8411,1
vdjdb_full_15176_rs_2_n0,ALWEIQQVV_HLA-A*02:01,tcr3655,0
vdjdb_full_14159,RVRAYTYSK_HLA-A*03:01,tcr6415,1
vdjdb_full_14159_rs_2_n0,RVRAYTYSK_HLA-A*03:01,tcr4163,0
vdjdb_full_15014,LLWNGPMAV_HLA-A*02:01,tcr7201,1
vdjdb_full_15014_rs_2_n0,LLWNGPMAV_HLA-A*02:01,tcr250,0
vdjdb_full_17197,ALSKGVHFV_HLA-A*02:01,tcr15312,1
vdjdb_full_17197_rs_2_n0,ALSKGVHFV_HLA-A*02:01,tcr3549,0
vdjdb_full_16340,VTDAAHLLI_HLA-A*01:01,tcr4917,1
vdjdb_full_16340_rs_2_n0,VTDAAHLLI_HLA-A*01:01,tcr9190,0
vdjdb_full_18314,RPHERNGFTV_HLA-B*07:02,tcr13333,1
vdjdb_full_18314_rs_2_n0,RPHERNGFTV_HLA-B*07:02,tcr12486,0
vdjdb_full_16720,YLLEMLWRL_HLA-A*02:01,tcr17111,1
vdjdb_full_16720_rs_2_n0,YLLEMLWRL_HLA-A*02:01,tcr1503,0
vdjdb_full_14677,CTELKLSDY_HLA-A*01:01,tcr9576,1
vdjdb_full_14677_rs_2_n0,CTELKLSDY_HLA-A*01:01,tcr10959,0
vdjdb_full_17677,ALWALPHAA_HLA-A*02:01,tcr18188,1
vdjdb_full_17677_rs_2_n0,ALWALPHAA_HLA-A*02:01,tcr6977,0
vdjdb_full_16687,VAANIVLTV_HLA-A*02:01,tcr16177,1
vdjdb_full_16687_rs_2_n0,VAANIVLTV_HLA-A*02:01,tcr10845,0
vdjdb_full_15687,FLRGRAYGL_HLA-B*08:01,tcr3139,1
vdjdb_full_15687_rs_2_n0,FLRGRAYGL_HLA-B*08:01,tcr9744,0
vdjdb_full_10111,RLRAEAQVK_HLA-A*03:01,tcr7155,1
vdjdb_full_10111_rs_2_n0,RLRAEAQVK_HLA-A*03:01,tcr6464,0
vdjdb_full_862,KLGGALQAK_HLA-A*03:01,tcr1713,1
vdjdb_full_862_rs_2_n0,KLGGALQAK_HLA-A*03:01,tcr5979,0
vdjdb_full_4256,SLLMWITQV_HLA-A*02:01,tcr13506,1
vdjdb_full_4256_rs_2_n0,SLLMWITQV_HLA-A*02:01,tcr13937,0
vdjdb_full_15915,KSKRTPMGF_HLA-B*57:01,tcr4831,1
vdjdb_full_15915_rs_2_n0,KSKRTPMGF_HLA-B*57:01,tcr16184,0
vdjdb_full_12271,IVTDFSVIK_HLA-A*11:01,tcr15214,1
vdjdb_full_12271_rs_2_n0,IVTDFSVIK_HLA-A*11:01,tcr16880,0
vdjdb_full_17274,YAKWKLCSA_HLA-B*08:01,tcr2861,1
vdjdb_full_17274_rs_2_n0,YAKWKLCSA_HLA-B*08:01,tcr9869,0
vdjdb_full_4640,AVFDRKSDAK_HLA-A*11:01,tcr14165,1
vdjdb_full_4640_rs_2_n0,AVFDRKSDAK_HLA-A*11:01,tcr5152,0
vdjdb_full_10510,LLSLFSLWL_HLA-A*02:01,tcr10121,1
vdjdb_full_10510_rs_2_n0,LLSLFSLWL_HLA-A*02:01,tcr10438,0
vdjdb_full_17132,HSNLNDATY_HLA-A*01:01,tcr8324,1
vdjdb_full_17132_rs_2_n0,HSNLNDATY_HLA-A*01:01,tcr10658,0
vdjdb_full_276,KLGGALQAK_HLA-A*03:01,tcr5757,1
vdjdb_full_276_rs_2_n0,KLGGALQAK_HLA-A*03:01,tcr2794,0
vdjdb_full_11997,ELAGIGILTV_HLA-A*02:01,tcr8798,1
vdjdb_full_11997_rs_2_n0,ELAGIGILTV_HLA-A*02:01,tcr3675,0
vdjdb_full_16411,EAAGIGILTV_HLA-A*02:01,tcr677,1
vdjdb_full_16411_rs_2_n0,EAAGIGILTV_HLA-A*02:01,tcr14375,0
vdjdb_full_15991,KLVALGINAV_HLA-A*02:01,tcr15599,1
vdjdb_full_15991_rs_2_n0,KLVALGINAV_HLA-A*02:01,tcr5106,0
vdjdb_full_15625,FLRGRAYGL_HLA-B*08:01,tcr7395,1
vdjdb_full_15625_rs_2_n0,FLRGRAYGL_HLA-B*08:01,tcr16498,0
vdjdb_full_8357,NLVPMVATV_HLA-A*02:01,tcr3325,1
vdjdb_full_8357_rs_2_n0,NLVPMVATV_HLA-A*02:01,tcr417,0
vdjdb_full_11186,TTDPSFLGRY_HLA-A*01:01,tcr10340,1
vdjdb_full_11186_rs_2_n0,TTDPSFLGRY_HLA-A*01:01,tcr8872,0
vdjdb_full_13490,FLYALALLL_HLA-A*02:01,tcr17769,1
vdjdb_full_13490_rs_2_n0,FLYALALLL_HLA-A*02:01,tcr5349,0
vdjdb_full_5817,AVFDRKSDAK_HLA-A*11:01,tcr6602,1
vdjdb_full_5817_rs_2_n0,AVFDRKSDAK_HLA-A*11:01,tcr10539,0
vdjdb_full_13416,FLYALALLL_HLA-A*02:01,tcr8843,1
vdjdb_full_13416_rs_2_n0,FLYALALLL_HLA-A*02:01,tcr18059,0
vdjdb_full_17267,YAKWKLCSA_HLA-B*08:01,tcr14505,1
vdjdb_full_17267_rs_2_n0,YAKWKLCSA_HLA-B*08:01,tcr12422,0
vdjdb_full_12750,IVTDFSVIK_HLA-A*11:01,tcr1505,1
vdjdb_full_12750_rs_2_n0,IVTDFSVIK_HLA-A*11:01,tcr689,0
vdjdb_full_16210,GPRLGVRAT_HLA-B*07:02,tcr2126,1
vdjdb_full_16210_rs_2_n0,GPRLGVRAT_HLA-B*07:02,tcr10864,0
vdjdb_full_1644,KLGGALQAK_HLA-A*03:01,tcr12621,1
vdjdb_full_1644_rs_2_n0,KLGGALQAK_HLA-A*03:01,tcr15890,0
vdjdb_full_14924,LLWNGPMAV_HLA-A*02:01,tcr17394,1
vdjdb_full_14924_rs_2_n0,LLWNGPMAV_HLA-A*02:01,tcr13407,0
vdjdb_full_10673,LTDEMIAQY_HLA-A*01:01,tcr6311,1
vdjdb_full_10673_rs_2_n0,LTDEMIAQY_HLA-A*01:01,tcr1332,0
vdjdb_full_17306,KSVNITFEL_HLA-A*02:01,tcr9390,1
vdjdb_full_17306_rs_2_n0,KSVNITFEL_HLA-A*02:01,tcr9396,0
vdjdb_full_12044,ALAGIGILTV_HLA-A*02:01,tcr3491,1
vdjdb_full_12044_rs_2_n0,ALAGIGILTV_HLA-A*02:01,tcr5279,0
vdjdb_full_14724,RPRGEVRFL_HLA-B*07:02,tcr3751,1
vdjdb_full_14724_rs_2_n0,RPRGEVRFL_HLA-B*07:02,tcr985,0
vdjdb_full_11150,TTDPSFLGRY_HLA-A*01:01,tcr4039,1
vdjdb_full_11150_rs_2_n0,TTDPSFLGRY_HLA-A*01:01,tcr5429,0
vdjdb_full_17188,ALSKGVHFV_HLA-A*02:01,tcr16946,1
vdjdb_full_17188_rs_2_n0,ALSKGVHFV_HLA-A*02:01,tcr3645,0
vdjdb_full_11302,TTDPSFLGRY_HLA-A*01:01,tcr14654,1
vdjdb_full_11302_rs_2_n0,TTDPSFLGRY_HLA-A*01:01,tcr5732,0
vdjdb_full_17862,RLLPLLALL_HLA-A*02:01,tcr81,1
vdjdb_full_17862_rs_2_n0,RLLPLLALL_HLA-A*02:01,tcr12466,0
vdjdb_full_16019,KLVALGINAV_HLA-A*02:01,tcr558,1
vdjdb_full_16019_rs_2_n0,KLVALGINAV_HLA-A*02:01,tcr12031,0
vdjdb_full_14690,CTELKLSDY_HLA-A*01:01,tcr8784,1
vdjdb_full_14690_rs_2_n0,CTELKLSDY_HLA-A*01:01,tcr1693,0
vdjdb_full_12096,ALAGIGILTV_HLA-A*02:01,tcr8966,1
vdjdb_full_12096_rs_2_n0,ALAGIGILTV_HLA-A*02:01,tcr15983,0
vdjdb_full_14992,LLWNGPMAV_HLA-A*02:01,tcr7410,1
vdjdb_full_14992_rs_2_n0,LLWNGPMAV_HLA-A*02:01,tcr14386,0
vdjdb_full_14580,RVRAYTYSK_HLA-A*03:01,tcr3217,1
vdjdb_full_14580_rs_2_n0,RVRAYTYSK_HLA-A*03:01,tcr2227,0
vdjdb_full_6427,GILGFVFTL_HLA-A*02:01,tcr2081,1
vdjdb_full_6427_rs_2_n0,GILGFVFTL_HLA-A*02:01,tcr10746,0
vdjdb_full_15799,RTLNAWVKV_HLA-A*02:01,tcr13319,1
vdjdb_full_15799_rs_2_n0,RTLNAWVKV_HLA-A*02:01,tcr15745,0
vdjdb_full_16871,MEVTPSGTWL_HLA-B*40:01,tcr16113,1
vdjdb_full_16871_rs_2_n0,MEVTPSGTWL_HLA-B*40:01,tcr3685,0
vdjdb_full_13276,CLGGLLTMV_HLA-A*02:01,tcr12195,1
vdjdb_full_13276_rs_2_n0,CLGGLLTMV_HLA-A*02:01,tcr9880,0
vdjdb_full_13518,LLFGYPVYV_HLA-A*02:01,tcr5170,1
vdjdb_full_13518_rs_2_n0,LLFGYPVYV_HLA-A*02:01,tcr10636,0
vdjdb_full_4888,AVFDRKSDAK_HLA-A*11:01,tcr11199,1
vdjdb_full_4888_rs_2_n0,AVFDRKSDAK_HLA-A*11:01,tcr17737,0
vdjdb_full_16430,RTATKQYNV_HLA-A*02:01,tcr992,1
vdjdb_full_16430_rs_2_n0,RTATKQYNV_HLA-A*02:01,tcr17928,0
vdjdb_full_2487,GLCTLVAML_HLA-A*02:01,tcr12051,1
vdjdb_full_2487_rs_2_n0,GLCTLVAML_HLA-A*02:01,tcr1977,0
vdjdb_full_11002,SPRWYFYYL_HLA-B*07:02,tcr11927,1
vdjdb_full_11002_rs_2_n0,SPRWYFYYL_HLA-B*07:02,tcr18394,0
vdjdb_full_17939,YSEHPTFTSQY_HLA-A*01:01,tcr16586,1
vdjdb_full_17939_rs_2_n0,YSEHPTFTSQY_HLA-A*01:01,tcr17402,0
vdjdb_full_15794,RTLNAWVKV_HLA-A*02:01,tcr8665,1
vdjdb_full_15794_rs_2_n0,RTLNAWVKV_HLA-A*02:01,tcr18166,0
vdjdb_full_10146,RLRAEAQVK_HLA-A*03:01,tcr15245,1
vdjdb_full_10146_rs_2_n0,RLRAEAQVK_HLA-A*03:01,tcr2861,0
vdjdb_full_16066,KLVAMGINAV_HLA-A*02:01,tcr8815,1
vdjdb_full_16066_rs_2_n0,KLVAMGINAV_HLA-A*02:01,tcr10236,0
vdjdb_full_17123,HSNLNDATY_HLA-A*01:01,tcr8020,1
vdjdb_full_17123_rs_2_n0,HSNLNDATY_HLA-A*01:01,tcr8628,0
vdjdb_full_11561,ATDALMTGF_HLA-A*01:01,tcr9744,1
vdjdb_full_11561_rs_2_n0,ATDALMTGF_HLA-A*01:01,tcr1179,0
vdjdb_full_15931,KSKRTPMGF_HLA-B*57:01,tcr1273,1
vdjdb_full_15931_rs_2_n0,KSKRTPMGF_HLA-B*57:01,tcr11348,0
vdjdb_full_14725,RPRGEVRFL_HLA-B*07:02,tcr11743,1
vdjdb_full_14725_rs_2_n0,RPRGEVRFL_HLA-B*07:02,tcr16656,0
vdjdb_full_3433,SLLMWITQV_HLA-A*02:01,tcr14565,1
vdjdb_full_3433_rs_2_n0,SLLMWITQV_HLA-A*02:01,tcr2938,0
vdjdb_full_17351,RPIIRPATL_HLA-B*07:02,tcr8837,1
vdjdb_full_17351_rs_2_n0,RPIIRPATL_HLA-B*07:02,tcr3872,0
vdjdb_full_8327,LLDFVRFMGV_HLA-A*02:01,tcr746,1
vdjdb_full_8327_rs_2_n0,LLDFVRFMGV_HLA-A*02:01,tcr11775,0
vdjdb_full_15842,KLWAQCVQL_HLA-A*02:01,tcr11354,1
vdjdb_full_15842_rs_2_n0,KLWAQCVQL_HLA-A*02:01,tcr7181,0
vdjdb_full_10128,RLRAEAQVK_HLA-A*03:01,tcr8889,1
vdjdb_full_10128_rs_2_n0,RLRAEAQVK_HLA-A*03:01,tcr16545,0
vdjdb_full_15619,FLRGRAYGL_HLA-B*08:01,tcr16398,1
vdjdb_full_15619_rs_2_n0,FLRGRAYGL_HLA-B*08:01,tcr9043,0
vdjdb_full_5186,AVFDRKSDAK_HLA-A*11:01,tcr12793,1
vdjdb_full_5186_rs_2_n0,AVFDRKSDAK_HLA-A*11:01,tcr15049,0
vdjdb_full_10554,LTDEMIAQY_HLA-A*01:01,tcr15612,1
vdjdb_full_10554_rs_2_n0,LTDEMIAQY_HLA-A*01:01,tcr6491,0
vdjdb_full_16791,RLPGVLPRA_HLA-A*02:01,tcr16539,1
vdjdb_full_16791_rs_2_n0,RLPGVLPRA_HLA-A*02:01,tcr7515,0
vdjdb_full_12299,IVTDFSVIK_HLA-A*11:01,tcr6840,1
vdjdb_full_12299_rs_2_n0,IVTDFSVIK_HLA-A*11:01,tcr6823,0
vdjdb_full_15055,TSQWLTNIF_HLA-A*24:02,tcr1089,1
vdjdb_full_15055_rs_2_n0,TSQWLTNIF_HLA-A*24:02,tcr17278,0
vdjdb_full_16987,NYNYLYRLF_HLA-A*24:02,tcr15474,1
vdjdb_full_16987_rs_2_n0,NYNYLYRLF_HLA-A*24:02,tcr10968,0
vdjdb_full_8601,NLVPMVATV_HLA-A*02:01,tcr3556,1
vdjdb_full_8601_rs_2_n0,NLVPMVATV_HLA-A*02:01,tcr12572,0
vdjdb_full_11878,ELAGIGILTV_HLA-A*02:01,tcr764,1
vdjdb_full_11878_rs_2_n0,ELAGIGILTV_HLA-A*02:01,tcr17681,0
vdjdb_full_12358,IVTDFSVIK_HLA-A*11:01,tcr12689,1
vdjdb_full_12358_rs_2_n0,IVTDFSVIK_HLA-A*11:01,tcr16946,0
vdjdb_full_16707,VAANIVLTV_HLA-A*02:01,tcr1633,1
vdjdb_full_16707_rs_2_n0,VAANIVLTV_HLA-A*02:01,tcr7442,0
vdjdb_full_16282,RPIIRPATL_HLA-B*08:01,tcr8501,1
vdjdb_full_16282_rs_2_n0,RPIIRPATL_HLA-B*08:01,tcr8090,0
vdjdb_full_16804,RLPGVLPRA_HLA-A*02:01,tcr12196,1
vdjdb_full_16804_rs_2_n0,RLPGVLPRA_HLA-A*02:01,tcr12097,0
vdjdb_full_13569,KTFPPTEPK_HLA-A*03:01,tcr4298,1
vdjdb_full_13569_rs_2_n0,KTFPPTEPK_HLA-A*03:01,tcr6449,0
vdjdb_full_16512,RPPIFIRRL_HLA-B*07:02,tcr9828,1
vdjdb_full_16512_rs_2_n0,RPPIFIRRL_HLA-B*07:02,tcr5106,0
vdjdb_full_8366,NLVPMVATV_HLA-A*02:01,tcr5006,1
vdjdb_full_8366_rs_2_n0,NLVPMVATV_HLA-A*02:01,tcr8094,0
vdjdb_full_15239,RPHERNGFTVL_HLA-B*07:02,tcr17227,1
vdjdb_full_15239_rs_2_n0,RPHERNGFTVL_HLA-B*07:02,tcr8466,0
vdjdb_full_14253,RVRAYTYSK_HLA-A*03:01,tcr1977,1
vdjdb_full_14253_rs_2_n0,RVRAYTYSK_HLA-A*03:01,tcr4566,0
vdjdb_full_12776,IVTDFSVIK_HLA-A*11:01,tcr9316,1
vdjdb_full_12776_rs_2_n0,IVTDFSVIK_HLA-A*11:01,tcr10686,0
vdjdb_full_13830,TPRVTGGGAM_HLA-B*07:02,tcr16558,1
vdjdb_full_13830_rs_2_n0,TPRVTGGGAM_HLA-B*07:02,tcr13131,0
vdjdb_full_11207,TTDPSFLGRY_HLA-A*01:01,tcr11792,1
vdjdb_full_11207_rs_2_n0,TTDPSFLGRY_HLA-A*01:01,tcr6988,0
vdjdb_full_2819,SLLMWITQV_HLA-A*02:01,tcr10367,1
vdjdb_full_2819_rs_2_n0,SLLMWITQV_HLA-A*02:01,tcr7100,0
vdjdb_full_18418,FLWSVFWLI_HLA-A*02:01,tcr16724,1
vdjdb_full_18418_rs_2_n0,FLWSVFWLI_HLA-A*02:01,tcr2921,0
vdjdb_full_16241,GIIYIIYKL_HLA-A*02:01,tcr13027,1
vdjdb_full_16241_rs_2_n0,GIIYIIYKL_HLA-A*02:01,tcr8581,0
vdjdb_full_11530,ATDALMTGF_HLA-A*01:01,tcr10303,1
vdjdb_full_11530_rs_2_n0,ATDALMTGF_HLA-A*01:01,tcr9869,0
vdjdb_full_12463,IVTDFSVIK_HLA-A*11:01,tcr4938,1
vdjdb_full_12463_rs_2_n0,IVTDFSVIK_HLA-A*11:01,tcr4462,0
vdjdb_full_10891,SPRWYFYYL_HLA-B*07:02,tcr11495,1
vdjdb_full_10891_rs_2_n0,SPRWYFYYL_HLA-B*07:02,tcr4045,0
vdjdb_full_16980,NYNYLYRLF_HLA-A*24:02,tcr12084,1
vdjdb_full_16980_rs_2_n0,NYNYLYRLF_HLA-A*24:02,tcr13109,0
vdjdb_full_9010,LLAGIGTVPI_HLA-A*02:01,tcr7452,1
vdjdb_full_9010_rs_2_n0,LLAGIGTVPI_HLA-A*02:01,tcr7194,0
vdjdb_full_5635,AVFDRKSDAK_HLA-A*11:01,tcr15995,1
vdjdb_full_5635_rs_2_n0,AVFDRKSDAK_HLA-A*11:01,tcr818,0
vdjdb_full_14177,RVRAYTYSK_HLA-A*03:01,tcr2341,1
vdjdb_full_14177_rs_2_n0,RVRAYTYSK_HLA-A*03:01,tcr9888,0
vdjdb_full_15447,CINGVCWTV_HLA-A*02:01,tcr325,1
vdjdb_full_15447_rs_2_n0,CINGVCWTV_HLA-A*02:01,tcr5755,0
vdjdb_full_14771,RAQAPPPSW_HLA-B*57:01,tcr10123,1
vdjdb_full_14771_rs_2_n0,RAQAPPPSW_HLA-B*57:01,tcr4760,0
vdjdb_full_16212,GPRLGVRAT_HLA-B*07:02,tcr1884,1
vdjdb_full_16212_rs_2_n0,GPRLGVRAT_HLA-B*07:02,tcr11158,0
vdjdb_full_9088,LLAGIGTVPI_HLA-A*02:01,tcr11548,1
vdjdb_full_9088_rs_2_n0,LLAGIGTVPI_HLA-A*02:01,tcr18403,0
vdjdb_full_14939,LLWNGPMAV_HLA-A*02:01,tcr10669,1
vdjdb_full_14939_rs_2_n0,LLWNGPMAV_HLA-A*02:01,tcr6352,0
vdjdb_full_16854,MEVTPSGTWL_HLA-B*40:01,tcr810,1
vdjdb_full_16854_rs_2_n0,MEVTPSGTWL_HLA-B*40:01,tcr9437,0
vdjdb_full_8410,NLVPMVATV_HLA-A*02:01,tcr13644,1
vdjdb_full_8410_rs_2_n0,NLVPMVATV_HLA-A*02:01,tcr16756,0
vdjdb_full_5489,AVFDRKSDAK_HLA-A*11:01,tcr16300,1
vdjdb_full_5489_rs_2_n0,AVFDRKSDAK_HLA-A*11:01,tcr3127,0
vdjdb_full_36,QAKWRLQTL_HLA-B*08:01,tcr16970,1
vdjdb_full_36_rs_2_n0,QAKWRLQTL_HLA-B*08:01,tcr14317,0
vdjdb_full_16345,VTDAAHLLI_HLA-A*01:01,tcr13441,1
vdjdb_full_16345_rs_2_n0,VTDAAHLLI_HLA-A*01:01,tcr4965,0
vdjdb_full_13222,DATYQRTRALVR_HLA-A*68:01,tcr9457,1
vdjdb_full_13222_rs_2_n0,DATYQRTRALVR_HLA-A*68:01,tcr18103,0
vdjdb_full_14010,RVRAYTYSK_HLA-A*03:01,tcr1935,1
vdjdb_full_14010_rs_2_n0,RVRAYTYSK_HLA-A*03:01,tcr14621,0
vdjdb_full_13404,FLYALALLL_HLA-A*02:01,tcr1368,1
vdjdb_full_13404_rs_2_n0,FLYALALLL_HLA-A*02:01,tcr3181,0
vdjdb_full_10507,LLSLFSLWL_HLA-A*02:01,tcr13474,1
vdjdb_full_10507_rs_2_n0,LLSLFSLWL_HLA-A*02:01,tcr10864,0
vdjdb_full_14640,CTELKLSDY_HLA-A*01:01,tcr12570,1
vdjdb_full_14640_rs_2_n0,CTELKLSDY_HLA-A*01:01,tcr7187,0
vdjdb_full_13203,DATYQRTRALVR_HLA-A*68:01,tcr4256,1
vdjdb_full_13203_rs_2_n0,DATYQRTRALVR_HLA-A*68:01,tcr14295,0
vdjdb_full_15772,RTLNAWVKV_HLA-A*02:01,tcr15580,1
vdjdb_full_15772_rs_2_n0,RTLNAWVKV_HLA-A*02:01,tcr619,0
vdjdb_full_8979,LLAGIGTVPI_HLA-A*02:01,tcr18338,1
vdjdb_full_8979_rs_2_n0,LLAGIGTVPI_HLA-A*02:01,tcr17850,0
vdjdb_full_13158,DATYQRTRALVR_HLA-A*68:01,tcr10596,1
vdjdb_full_13158_rs_2_n0,DATYQRTRALVR_HLA-A*68:01,tcr977,0
vdjdb_full_16853,MEVTPSGTWL_HLA-B*40:01,tcr8264,1
vdjdb_full_16853_rs_2_n0,MEVTPSGTWL_HLA-B*40:01,tcr4088,0
vdjdb_full_13389,FLYALALLL_HLA-A*02:01,tcr5984,1
vdjdb_full_13389_rs_2_n0,FLYALALLL_HLA-A*02:01,tcr4921,0
vdjdb_full_15183,ALWEIQQVV_HLA-A*02:01,tcr12556,1
vdjdb_full_15183_rs_2_n0,ALWEIQQVV_HLA-A*02:01,tcr11176,0
vdjdb_full_8730,LLAGIGTVPI_HLA-A*02:01,tcr16179,1
vdjdb_full_8730_rs_2_n0,LLAGIGTVPI_HLA-A*02:01,tcr18082,0
vdjdb_full_14721,RPRGEVRFL_HLA-B*07:02,tcr13045,1
vdjdb_full_14721_rs_2_n0,RPRGEVRFL_HLA-B*07:02,tcr1700,0
vdjdb_full_15105,NQKLIANQF_HLA-B*15:01,tcr6653,1
vdjdb_full_15105_rs_2_n0,NQKLIANQF_HLA-B*15:01,tcr11232,0
vdjdb_full_15140,NQKLIANQF_HLA-B*15:01,tcr6178,1
vdjdb_full_15140_rs_2_n0,NQKLIANQF_HLA-B*15:01,tcr17311,0
vdjdb_full_16597,WPVTLACFV_HLA-B*07:02,tcr15877,1
vdjdb_full_16597_rs_2_n0,WPVTLACFV_HLA-B*07:02,tcr9183,0
vdjdb_full_11061,FLASKIGRLV_HLA-A*02:01,tcr11119,1
vdjdb_full_11061_rs_2_n0,FLASKIGRLV_HLA-A*02:01,tcr3646,0
vdjdb_full_15995,KLVALGINAV_HLA-A*02:01,tcr2541,1
vdjdb_full_15995_rs_2_n0,KLVALGINAV_HLA-A*02:01,tcr14997,0
vdjdb_full_13529,LLFGYPVYV_HLA-A*02:01,tcr9256,1
vdjdb_full_13529_rs_2_n0,LLFGYPVYV_HLA-A*02:01,tcr16929,0
vdjdb_full_13165,DATYQRTRALVR_HLA-A*68:01,tcr15788,1
vdjdb_full_13165_rs_2_n0,DATYQRTRALVR_HLA-A*68:01,tcr15603,0
vdjdb_full_4428,SLLMWITQV_HLA-A*02:01,tcr16240,1
vdjdb_full_4428_rs_2_n0,SLLMWITQV_HLA-A*02:01,tcr11312,0
vdjdb_full_9988,RLRAEAQVK_HLA-A*03:01,tcr7400,1
vdjdb_full_9988_rs_2_n0,RLRAEAQVK_HLA-A*03:01,tcr1179,0
vdjdb_full_15966,KSKRTPMGF_HLA-B*57:01,tcr16935,1
vdjdb_full_15966_rs_2_n0,KSKRTPMGF_HLA-B*57:01,tcr8262,0
vdjdb_full_15962,KSKRTPMGF_HLA-B*57:01,tcr4978,1
vdjdb_full_15962_rs_2_n0,KSKRTPMGF_HLA-B*57:01,tcr6865,0
vdjdb_full_12040,ALAGIGILTV_HLA-A*02:01,tcr9915,1
vdjdb_full_12040_rs_2_n0,ALAGIGILTV_HLA-A*02:01,tcr5506,0
vdjdb_full_15748,STNVGSNTY_HLA-A*01:01,tcr11952,1
vdjdb_full_15748_rs_2_n0,STNVGSNTY_HLA-A*01:01,tcr16779,0
vdjdb_full_14620,CTELKLSDY_HLA-A*01:01,tcr11011,1
vdjdb_full_14620_rs_2_n0,CTELKLSDY_HLA-A*01:01,tcr13581,0
vdjdb_full_14753,RAQAPPPSW_HLA-B*57:01,tcr17433,1
vdjdb_full_14753_rs_2_n0,RAQAPPPSW_HLA-B*57:01,tcr8195,0
vdjdb_full_13890,AYAQKIFKI_HLA-A*24:02,tcr5950,1
vdjdb_full_13890_rs_2_n0,AYAQKIFKI_HLA-A*24:02,tcr12621,0
vdjdb_full_13472,FLYALALLL_HLA-A*02:01,tcr9538,1
vdjdb_full_13472_rs_2_n0,FLYALALLL_HLA-A*02:01,tcr3043,0
vdjdb_full_16851,MEVTPSGTWL_HLA-B*40:01,tcr7343,1
vdjdb_full_16851_rs_2_n0,MEVTPSGTWL_HLA-B*40:01,tcr13863,0
vdjdb_full_13179,DATYQRTRALVR_HLA-A*68:01,tcr8371,1
vdjdb_full_13179_rs_2_n0,DATYQRTRALVR_HLA-A*68:01,tcr8877,0
vdjdb_full_16055,KLVAMGINAV_HLA-A*02:01,tcr15615,1
vdjdb_full_16055_rs_2_n0,KLVAMGINAV_HLA-A*02:01,tcr13815,0
vdjdb_full_15768,RTLNAWVKV_HLA-A*02:01,tcr6763,1
vdjdb_full_15768_rs_2_n0,RTLNAWVKV_HLA-A*02:01,tcr15724,0
vdjdb_full_17718,TLWCSPIKV_HLA-A*02:01,tcr7182,1
vdjdb_full_17718_rs_2_n0,TLWCSPIKV_HLA-A*02:01,tcr5424,0
vdjdb_full_13396,FLYALALLL_HLA-A*02:01,tcr7611,1
vdjdb_full_13396_rs_2_n0,FLYALALLL_HLA-A*02:01,tcr89,0
vdjdb_full_8317,LLDFVRFMGV_HLA-A*02:01,tcr4925,1
vdjdb_full_8317_rs_2_n0,LLDFVRFMGV_HLA-A*02:01,tcr13406,0
vdjdb_full_17311,KSVNITFEL_HLA-A*02:01,tcr9800,1
vdjdb_full_17311_rs_2_n0,KSVNITFEL_HLA-A*02:01,tcr13846,0
vdjdb_full_15525,SLFNTVATLY_HLA-A*02:01,tcr11448,1
vdjdb_full_15525_rs_2_n0,SLFNTVATLY_HLA-A*02:01,tcr5429,0
vdjdb_full_17325,RVAGDSGFAAY_HLA-B*15:01,tcr6667,1
vdjdb_full_17325_rs_2_n0,RVAGDSGFAAY_HLA-B*15:01,tcr17597,0
vdjdb_full_14693,CTELKLSDY_HLA-A*01:01,tcr14220,1
vdjdb_full_14693_rs_2_n0,CTELKLSDY_HLA-A*01:01,tcr9512,0
vdjdb_full_2069,GLCTLVAML_HLA-A*02:01,tcr6705,1
vdjdb_full_2069_rs_2_n0,GLCTLVAML_HLA-A*02:01,tcr8837,0
vdjdb_full_16004,KLVALGINAV_HLA-A*02:01,tcr3265,1
vdjdb_full_16004_rs_2_n0,KLVALGINAV_HLA-A*02:01,tcr15582,0
vdjdb_full_9511,YVLDHLIVV_HLA-A*02:01,tcr93,1
vdjdb_full_9511_rs_2_n0,YVLDHLIVV_HLA-A*02:01,tcr4532,0
vdjdb_full_10841,SPRWYFYYL_HLA-B*07:02,tcr6368,1
vdjdb_full_10841_rs_2_n0,SPRWYFYYL_HLA-B*07:02,tcr5239,0
vdjdb_full_15394,CINGVCWTV_HLA-A*02:01,tcr16689,1
vdjdb_full_15394_rs_2_n0,CINGVCWTV_HLA-A*02:01,tcr3528,0
vdjdb_full_15791,RTLNAWVKV_HLA-A*02:01,tcr14837,1
vdjdb_full_15791_rs_2_n0,RTLNAWVKV_HLA-A*02:01,tcr3422,0
vdjdb_full_14573,RVRAYTYSK_HLA-A*03:01,tcr12483,1
vdjdb_full_14573_rs_2_n0,RVRAYTYSK_HLA-A*03:01,tcr6079,0
vdjdb_full_11363,TTDPSFLGRY_HLA-A*01:01,tcr14415,1
vdjdb_full_11363_rs_2_n0,TTDPSFLGRY_HLA-A*01:01,tcr16493,0
vdjdb_full_14146,RVRAYTYSK_HLA-A*03:01,tcr14179,1
vdjdb_full_14146_rs_2_n0,RVRAYTYSK_HLA-A*03:01,tcr12581,0
vdjdb_full_17214,VVTGVLVYL_HLA-A*02:01,tcr17235,1
vdjdb_full_17214_rs_2_n0,VVTGVLVYL_HLA-A*02:01,tcr15992,0
vdjdb_full_15688,FLRGRAYGL_HLA-B*08:01,tcr5935,1
vdjdb_full_15688_rs_2_n0,FLRGRAYGL_HLA-B*08:01,tcr13109,0
vdjdb_full_16174,GPRLGVRAT_HLA-B*07:02,tcr17663,1
vdjdb_full_16174_rs_2_n0,GPRLGVRAT_HLA-B*07:02,tcr10139,0
vdjdb_full_9210,YVLDHLIVV_HLA-A*02:01,tcr16913,1
vdjdb_full_9210_rs_2_n0,YVLDHLIVV_HLA-A*02:01,tcr9052,0
vdjdb_full_10567,LTDEMIAQY_HLA-A*01:01,tcr640,1
vdjdb_full_10567_rs_2_n0,LTDEMIAQY_HLA-A*01:01,tcr18074,0
vdjdb_full_16658,QYIKWPWYI_HLA-A*24:02,tcr6420,1
vdjdb_full_16658_rs_2_n0,QYIKWPWYI_HLA-A*24:02,tcr12314,0
vdjdb_full_5799,AVFDRKSDAK_HLA-A*11:01,tcr1689,1
vdjdb_full_5799_rs_2_n0,AVFDRKSDAK_HLA-A*11:01,tcr1461,0
vdjdb_full_13682,QYDPVAALF_HLA-A*24:02,tcr12941,1
vdjdb_full_13682_rs_2_n0,QYDPVAALF_HLA-A*24:02,tcr12179,0
vdjdb_full_14778,RAQAPPPSW_HLA-B*57:01,tcr780,1
vdjdb_full_14778_rs_2_n0,RAQAPPPSW_HLA-B*57:01,tcr14880,0
vdjdb_full_15256,FLSINVHKV_HLA-A*02:01,tcr12902,1
vdjdb_full_15256_rs_2_n0,FLSINVHKV_HLA-A*02:01,tcr16291,0
vdjdb_full_15355,CINGVCWTV_HLA-A*02:01,tcr2509,1
vdjdb_full_15355_rs_2_n0,CINGVCWTV_HLA-A*02:01,tcr16561,0
vdjdb_full_15331,CINGVCWTV_HLA-A*02:01,tcr8817,1
vdjdb_full_15331_rs_2_n0,CINGVCWTV_HLA-A*02:01,tcr9699,0
vdjdb_full_7839,GILGFVFTL_HLA-A*02:01,tcr10336,1
vdjdb_full_7839_rs_2_n0,GILGFVFTL_HLA-A*02:01,tcr5857,0
vdjdb_full_14977,LLWNGPMAV_HLA-A*02:01,tcr17089,1
vdjdb_full_14977_rs_2_n0,LLWNGPMAV_HLA-A*02:01,tcr17045,0
vdjdb_full_4059,SLLMWITQV_HLA-A*02:01,tcr13919,1
vdjdb_full_4059_rs_2_n0,SLLMWITQV_HLA-A*02:01,tcr12975,0
vdjdb_full_11521,ATDALMTGF_HLA-A*01:01,tcr9973,1
vdjdb_full_11521_rs_2_n0,ATDALMTGF_HLA-A*01:01,tcr8339,0
vdjdb_full_11194,TTDPSFLGRY_HLA-A*01:01,tcr1836,1
vdjdb_full_11194_rs_2_n0,TTDPSFLGRY_HLA-A*01:01,tcr13158,0
vdjdb_full_13388,FLYALALLL_HLA-A*02:01,tcr15268,1
vdjdb_full_13388_rs_2_n0,FLYALALLL_HLA-A*02:01,tcr3053,0
vdjdb_full_12079,ALAGIGILTV_HLA-A*02:01,tcr15665,1
vdjdb_full_12079_rs_2_n0,ALAGIGILTV_HLA-A*02:01,tcr6498,0
vdjdb_full_10926,SPRWYFYYL_HLA-B*07:02,tcr15091,1
vdjdb_full_10926_rs_2_n0,SPRWYFYYL_HLA-B*07:02,tcr14752,0
vdjdb_full_11406,TTDPSFLGRY_HLA-A*01:01,tcr11957,1
vdjdb_full_11406_rs_2_n0,TTDPSFLGRY_HLA-A*01:01,tcr10926,0
vdjdb_full_11372,TTDPSFLGRY_HLA-A*01:01,tcr13635,1
vdjdb_full_11372_rs_2_n0,TTDPSFLGRY_HLA-A*01:01,tcr8449,0
vdjdb_full_11075,FLASKIGRLV_HLA-A*02:01,tcr16507,1
vdjdb_full_11075_rs_2_n0,FLASKIGRLV_HLA-A*02:01,tcr5813,0
vdjdb_full_11824,ELAGIGILTV_HLA-A*02:01,tcr4869,1
vdjdb_full_11824_rs_2_n0,ELAGIGILTV_HLA-A*02:01,tcr14450,0
vdjdb_full_8,QAKWRLQTL_HLA-B*08:01,tcr3336,1
vdjdb_full_8_rs_2_n0,QAKWRLQTL_HLA-B*08:01,tcr373,0
vdjdb_full_17212,VVTGVLVYL_HLA-A*02:01,tcr8881,1
vdjdb_full_17212_rs_2_n0,VVTGVLVYL_HLA-A*02:01,tcr12842,0
vdjdb_full_10191,RLRAEAQVK_HLA-A*03:01,tcr16028,1
vdjdb_full_10191_rs_2_n0,RLRAEAQVK_HLA-A*03:01,tcr14720,0
vdjdb_full_8553,NLVPMVATV_HLA-A*02:01,tcr4384,1
vdjdb_full_8553_rs_2_n0,NLVPMVATV_HLA-A*02:01,tcr16139,0
vdjdb_full_15901,KSKRTPMGF_HLA-B*57:01,tcr17519,1
vdjdb_full_15901_rs_2_n0,KSKRTPMGF_HLA-B*57:01,tcr17744,0
vdjdb_full_15877,KSKRTPMGF_HLA-B*57:01,tcr14723,1
vdjdb_full_15877_rs_2_n0,KSKRTPMGF_HLA-B*57:01,tcr5031,0
vdjdb_full_12253,IVTDFSVIK_HLA-A*11:01,tcr3233,1
vdjdb_full_12253_rs_2_n0,IVTDFSVIK_HLA-A*11:01,tcr10470,0
vdjdb_full_14302,RVRAYTYSK_HLA-A*03:01,tcr3823,1
vdjdb_full_14302_rs_2_n0,RVRAYTYSK_HLA-A*03:01,tcr16372,0
vdjdb_full_3882,SLLMWITQV_HLA-A*02:01,tcr4244,1
vdjdb_full_3882_rs_2_n0,SLLMWITQV_HLA-A*02:01,tcr14878,0
vdjdb_full_14646,CTELKLSDY_HLA-A*01:01,tcr16984,1
vdjdb_full_14646_rs_2_n0,CTELKLSDY_HLA-A*01:01,tcr927,0
vdjdb_full_17466,LTSLTILQLY_HLA-A*01:01,tcr12254,1
vdjdb_full_17466_rs_2_n0,LTSLTILQLY_HLA-A*01:01,tcr15908,0
vdjdb_full_17916,HPVGEADYFEY_HLA-B*35:08,tcr3148,1
vdjdb_full_17916_rs_2_n0,HPVGEADYFEY_HLA-B*35:08,tcr10450,0
vdjdb_full_14486,RVRAYTYSK_HLA-A*03:01,tcr1661,1
vdjdb_full_14486_rs_2_n0,RVRAYTYSK_HLA-A*03:01,tcr10304,0
vdjdb_full_10546,LTDEMIAQY_HLA-A*01:01,tcr10649,1
vdjdb_full_10546_rs_2_n0,LTDEMIAQY_HLA-A*01:01,tcr6697,0
vdjdb_full_15465,CINGVCWTV_HLA-A*02:01,tcr13090,1
vdjdb_full_15465_rs_2_n0,CINGVCWTV_HLA-A*02:01,tcr3524,0
vdjdb_full_15898,KSKRTPMGF_HLA-B*57:01,tcr6804,1
vdjdb_full_15898_rs_2_n0,KSKRTPMGF_HLA-B*57:01,tcr6581,0
vdjdb_full_15093,NQKLIANQF_HLA-B*15:01,tcr3646,1
vdjdb_full_15093_rs_2_n0,NQKLIANQF_HLA-B*15:01,tcr15049,0
vdjdb_full_13466,FLYALALLL_HLA-A*02:01,tcr9572,1
vdjdb_full_13466_rs_2_n0,FLYALALLL_HLA-A*02:01,tcr6637,0
vdjdb_full_11508,ATDALMTGF_HLA-A*01:01,tcr15069,1
vdjdb_full_11508_rs_2_n0,ATDALMTGF_HLA-A*01:01,tcr13790,0
vdjdb_full_5114,AVFDRKSDAK_HLA-A*11:01,tcr10915,1
vdjdb_full_5114_rs_2_n0,AVFDRKSDAK_HLA-A*11:01,tcr10944,0
vdjdb_full_15591,FLRGRAYGL_HLA-B*08:01,tcr6904,1
vdjdb_full_15591_rs_2_n0,FLRGRAYGL_HLA-B*08:01,tcr16061,0
vdjdb_full_8465,NLVPMVATV_HLA-A*02:01,tcr16299,1
vdjdb_full_8465_rs_2_n0,NLVPMVATV_HLA-A*02:01,tcr17738,0
vdjdb_full_13439,FLYALALLL_HLA-A*02:01,tcr1182,1
vdjdb_full_13439_rs_2_n0,FLYALALLL_HLA-A*02:01,tcr70,0
vdjdb_full_1063,KLGGALQAK_HLA-A*03:01,tcr7358,1
vdjdb_full_1063_rs_2_n0,KLGGALQAK_HLA-A*03:01,tcr5374,0
vdjdb_full_11027,SPRWYFYYL_HLA-B*07:02,tcr8489,1
vdjdb_full_11027_rs_2_n0,SPRWYFYYL_HLA-B*07:02,tcr5498,0
vdjdb_full_3689,SLLMWITQV_HLA-A*02:01,tcr4020,1
vdjdb_full_3689_rs_2_n0,SLLMWITQV_HLA-A*02:01,tcr4923,0
vdjdb_full_11296,TTDPSFLGRY_HLA-A*01:01,tcr493,1
vdjdb_full_11296_rs_2_n0,TTDPSFLGRY_HLA-A*01:01,tcr2147,0
vdjdb_full_17682,ALWALPHAA_HLA-A*02:01,tcr2416,1
vdjdb_full_17682_rs_2_n0,ALWALPHAA_HLA-A*02:01,tcr5553,0
vdjdb_full_17837,TPSVSSSISSL_HLA-B*07:02,tcr17106,1
vdjdb_full_17837_rs_2_n0,TPSVSSSISSL_HLA-B*07:02,tcr5342,0
vdjdb_full_12553,IVTDFSVIK_HLA-A*11:01,tcr9851,1
vdjdb_full_12553_rs_2_n0,IVTDFSVIK_HLA-A*11:01,tcr1456,0
vdjdb_full_16868,MEVTPSGTWL_HLA-B*40:01,tcr13777,1
vdjdb_full_16868_rs_2_n0,MEVTPSGTWL_HLA-B*40:01,tcr16984,0
vdjdb_full_15920,KSKRTPMGF_HLA-B*57:01,tcr6046,1
vdjdb_full_15920_rs_2_n0,KSKRTPMGF_HLA-B*57:01,tcr12601,0
vdjdb_full_13213,DATYQRTRALVR_HLA-A*68:01,tcr9052,1
vdjdb_full_13213_rs_2_n0,DATYQRTRALVR_HLA-A*68:01,tcr2869,0
vdjdb_full_8644,NLVPMVATV_HLA-A*02:01,tcr3739,1
vdjdb_full_8644_rs_2_n0,NLVPMVATV_HLA-A*02:01,tcr17402,0
vdjdb_full_11525,ATDALMTGF_HLA-A*01:01,tcr15581,1
vdjdb_full_11525_rs_2_n0,ATDALMTGF_HLA-A*01:01,tcr10073,0
vdjdb_full_15058,TSQWLTNIF_HLA-A*24:02,tcr14706,1
vdjdb_full_15058_rs_2_n0,TSQWLTNIF_HLA-A*24:02,tcr11703,0
vdjdb_full_16523,RPPIFIRRL_HLA-B*07:02,tcr17887,1
vdjdb_full_16523_rs_2_n0,RPPIFIRRL_HLA-B*07:02,tcr17824,0
vdjdb_full_14744,RAQAPPPSW_HLA-B*57:01,tcr12093,1
vdjdb_full_14744_rs_2_n0,RAQAPPPSW_HLA-B*57:01,tcr3646,0
vdjdb_full_8547,NLVPMVATV_HLA-A*02:01,tcr5651,1
vdjdb_full_8547_rs_2_n0,NLVPMVATV_HLA-A*02:01,tcr230,0
vdjdb_full_15933,KSKRTPMGF_HLA-B*57:01,tcr12561,1
vdjdb_full_15933_rs_2_n0,KSKRTPMGF_HLA-B*57:01,tcr9594,0
vdjdb_full_13207,DATYQRTRALVR_HLA-A*68:01,tcr10124,1
vdjdb_full_13207_rs_2_n0,DATYQRTRALVR_HLA-A*68:01,tcr13691,0
vdjdb_full_8460,NLVPMVATV_HLA-A*02:01,tcr2914,1
vdjdb_full_8460_rs_2_n0,NLVPMVATV_HLA-A*02:01,tcr5615,0
vdjdb_full_12051,ALAGIGILTV_HLA-A*02:01,tcr16601,1
vdjdb_full_12051_rs_2_n0,ALAGIGILTV_HLA-A*02:01,tcr5349,0
vdjdb_full_14630,CTELKLSDY_HLA-A*01:01,tcr680,1
vdjdb_full_14630_rs_2_n0,CTELKLSDY_HLA-A*01:01,tcr11354,0
vdjdb_full_17458,LTSLTILQLY_HLA-A*01:01,tcr3680,1
vdjdb_full_17458_rs_2_n0,LTSLTILQLY_HLA-A*01:01,tcr17225,0
vdjdb_full_13505,LLLEWLAMA_HLA-A*02:01,tcr14118,1
vdjdb_full_13505_rs_2_n0,LLLEWLAMA_HLA-A*02:01,tcr7373,0
vdjdb_full_12346,IVTDFSVIK_HLA-A*11:01,tcr2929,1
vdjdb_full_12346_rs_2_n0,IVTDFSVIK_HLA-A*11:01,tcr15849,0
vdjdb_full_1983,KLGGALQAK_HLA-A*03:01,tcr14657,1
vdjdb_full_1983_rs_2_n0,KLGGALQAK_HLA-A*03:01,tcr16087,0
vdjdb_full_17333,RVAGDSGFAAY_HLA-B*15:01,tcr7978,1
vdjdb_full_17333_rs_2_n0,RVAGDSGFAAY_HLA-B*15:01,tcr11354,0
vdjdb_full_17928,YSEHPTFTSQY_HLA-A*01:01,tcr2447,1
vdjdb_full_17928_rs_2_n0,YSEHPTFTSQY_HLA-A*01:01,tcr7508,0
vdjdb_full_10795,SPRWYFYYL_HLA-B*07:02,tcr7540,1
vdjdb_full_10795_rs_2_n0,SPRWYFYYL_HLA-B*07:02,tcr6073,0
vdjdb_full_13555,LLFGYPVYV_HLA-A*02:01,tcr15472,1
vdjdb_full_13555_rs_2_n0,LLFGYPVYV_HLA-A*02:01,tcr1003,0
vdjdb_full_14700,CTELKLSDY_HLA-A*01:01,tcr18321,1
vdjdb_full_14700_rs_2_n0,CTELKLSDY_HLA-A*01:01,tcr18395,0
vdjdb_full_8837,LLAGIGTVPI_HLA-A*02:01,tcr3549,1
vdjdb_full_8837_rs_2_n0,LLAGIGTVPI_HLA-A*02:01,tcr11223,0
vdjdb_full_18202,GQAQGIGSSVY_HLA-B*15:01,tcr17004,1
vdjdb_full_18202_rs_2_n0,GQAQGIGSSVY_HLA-B*15:01,tcr4924,0
vdjdb_full_17381,RPIIRPATL_HLA-B*07:02,tcr7485,1
vdjdb_full_17381_rs_2_n0,RPIIRPATL_HLA-B*07:02,tcr3798,0
vdjdb_full_15077,NQKLIANQF_HLA-B*15:01,tcr8493,1
vdjdb_full_15077_rs_2_n0,NQKLIANQF_HLA-B*15:01,tcr7725,0
vdjdb_full_8128,GILGFVFTL_HLA-A*02:01,tcr2262,1
vdjdb_full_8128_rs_2_n0,GILGFVFTL_HLA-A*02:01,tcr12880,0
vdjdb_full_13595,KTFPPTEPK_HLA-A*03:01,tcr11632,1
vdjdb_full_13595_rs_2_n0,KTFPPTEPK_HLA-A*03:01,tcr1185,0
vdjdb_full_9693,YLQPRTFLL_HLA-A*02:01,tcr14935,1
vdjdb_full_9693_rs_2_n0,YLQPRTFLL_HLA-A*02:01,tcr1498,0
vdjdb_full_14687,CTELKLSDY_HLA-A*01:01,tcr4924,1
vdjdb_full_14687_rs_2_n0,CTELKLSDY_HLA-A*01:01,tcr15742,0
vdjdb_full_13631,KTFPPTEPK_HLA-A*03:01,tcr8345,1
vdjdb_full_13631_rs_2_n0,KTFPPTEPK_HLA-A*03:01,tcr13617,0
vdjdb_full_14428,RVRAYTYSK_HLA-A*03:01,tcr13182,1
vdjdb_full_14428_rs_2_n0,RVRAYTYSK_HLA-A*03:01,tcr1679,0
vdjdb_full_12868,IVTDFSVIK_HLA-A*11:01,tcr4019,1
vdjdb_full_12868_rs_2_n0,IVTDFSVIK_HLA-A*11:01,tcr13720,0
vdjdb_full_17863,RLLPLLALL_HLA-A*02:01,tcr13599,1
vdjdb_full_17863_rs_2_n0,RLLPLLALL_HLA-A*02:01,tcr2197,0
vdjdb_full_15517,SLFNTVATLY_HLA-A*02:01,tcr11097,1
vdjdb_full_15517_rs_2_n0,SLFNTVATLY_HLA-A*02:01,tcr12573,0
vdjdb_full_16281,RPIIRPATL_HLA-B*08:01,tcr5134,1
vdjdb_full_16281_rs_2_n0,RPIIRPATL_HLA-B*08:01,tcr9545,0
vdjdb_full_10636,LTDEMIAQY_HLA-A*01:01,tcr2826,1
vdjdb_full_10636_rs_2_n0,LTDEMIAQY_HLA-A*01:01,tcr12031,0
vdjdb_full_15082,NQKLIANQF_HLA-B*15:01,tcr2645,1
vdjdb_full_15082_rs_2_n0,NQKLIANQF_HLA-B*15:01,tcr17359,0
vdjdb_full_16274,RPIIRPATL_HLA-B*08:01,tcr10552,1
vdjdb_full_16274_rs_2_n0,RPIIRPATL_HLA-B*08:01,tcr8914,0
vdjdb_full_10527,HPNGYKSLSTL_HLA-B*07:02,tcr10289,1
vdjdb_full_10527_rs_2_n0,HPNGYKSLSTL_HLA-B*07:02,tcr12334,0
vdjdb_full_16640,QYIKWPWYI_HLA-A*24:02,tcr15617,1
vdjdb_full_16640_rs_2_n0,QYIKWPWYI_HLA-A*24:02,tcr5041,0
vdjdb_full_13168,DATYQRTRALVR_HLA-A*68:01,tcr7702,1
vdjdb_full_13168_rs_2_n0,DATYQRTRALVR_HLA-A*68:01,tcr6046,0
vdjdb_full_3194,SLLMWITQV_HLA-A*02:01,tcr10770,1
vdjdb_full_3194_rs_2_n0,SLLMWITQV_HLA-A*02:01,tcr3835,0
vdjdb_full_8329,LLDFVRFMGV_HLA-A*02:01,tcr269,1
vdjdb_full_8329_rs_2_n0,LLDFVRFMGV_HLA-A*02:01,tcr2563,0
vdjdb_full_16365,PTDNYITTY_HLA-A*01:01,tcr15948,1
vdjdb_full_16365_rs_2_n0,PTDNYITTY_HLA-A*01:01,tcr5424,0
vdjdb_full_13533,LLFGYPVYV_HLA-A*02:01,tcr7389,1
vdjdb_full_13533_rs_2_n0,LLFGYPVYV_HLA-A*02:01,tcr6977,0
vdjdb_full_10119,RLRAEAQVK_HLA-A*03:01,tcr13894,1
vdjdb_full_10119_rs_2_n0,RLRAEAQVK_HLA-A*03:01,tcr4064,0
vdjdb_full_15212,RPHERNGFTVL_HLA-B*07:02,tcr13871,1
vdjdb_full_15212_rs_2_n0,RPHERNGFTVL_HLA-B*07:02,tcr8230,0
vdjdb_full_13763,TPRVTGGGAM_HLA-B*07:02,tcr8604,1
vdjdb_full_13763_rs_2_n0,TPRVTGGGAM_HLA-B*07:02,tcr17590,0
vdjdb_full_8332,LLDFVRFMGV_HLA-A*02:01,tcr9742,1
vdjdb_full_8332_rs_2_n0,LLDFVRFMGV_HLA-A*02:01,tcr1003,0
vdjdb_full_15943,KSKRTPMGF_HLA-B*57:01,tcr16081,1
vdjdb_full_15943_rs_2_n0,KSKRTPMGF_HLA-B*57:01,tcr15665,0
vdjdb_full_17048,LLYDANYFL_HLA-A*02:01,tcr17181,1
vdjdb_full_17048_rs_2_n0,LLYDANYFL_HLA-A*02:01,tcr14775,0
vdjdb_full_16065,KLVAMGINAV_HLA-A*02:01,tcr12923,1
vdjdb_full_16065_rs_2_n0,KLVAMGINAV_HLA-A*02:01,tcr3139,0
vdjdb_full_11803,ELAGIGILTV_HLA-A*02:01,tcr5821,1
vdjdb_full_11803_rs_2_n0,ELAGIGILTV_HLA-A*02:01,tcr10803,0
vdjdb_full_15443,CINGVCWTV_HLA-A*02:01,tcr3657,1
vdjdb_full_15443_rs_2_n0,CINGVCWTV_HLA-A*02:01,tcr14583,0
vdjdb_full_4407,SLLMWITQV_HLA-A*02:01,tcr6780,1
vdjdb_full_4407_rs_2_n0,SLLMWITQV_HLA-A*02:01,tcr8881,0
vdjdb_full_16383,PTDNYITTY_HLA-A*01:01,tcr17695,1
vdjdb_full_16383_rs_2_n0,PTDNYITTY_HLA-A*01:01,tcr12175,0
vdjdb_full_10172,RLRAEAQVK_HLA-A*03:01,tcr10386,1
vdjdb_full_10172_rs_2_n0,RLRAEAQVK_HLA-A*03:01,tcr12247,0
vdjdb_full_5307,AVFDRKSDAK_HLA-A*11:01,tcr1323,1
vdjdb_full_5307_rs_2_n0,AVFDRKSDAK_HLA-A*11:01,tcr5768,0
vdjdb_full_13611,KTFPPTEPK_HLA-A*03:01,tcr3685,1
vdjdb_full_13611_rs_2_n0,KTFPPTEPK_HLA-A*03:01,tcr7693,0
vdjdb_full_9736,YLQPRTFLL_HLA-A*02:01,tcr17958,1
vdjdb_full_9736_rs_2_n0,YLQPRTFLL_HLA-A*02:01,tcr911,0
vdjdb_full_16381,PTDNYITTY_HLA-A*01:01,tcr3998,1
vdjdb_full_16381_rs_2_n0,PTDNYITTY_HLA-A*01:01,tcr10525,0
vdjdb_full_16295,RPIIRPATL_HLA-B*08:01,tcr3821,1
vdjdb_full_16295_rs_2_n0,RPIIRPATL_HLA-B*08:01,tcr5760,0
vdjdb_full_9724,YLQPRTFLL_HLA-A*02:01,tcr1608,1
vdjdb_full_9724_rs_2_n0,YLQPRTFLL_HLA-A*02:01,tcr7708,0
vdjdb_full_13725,TPRVTGGGAM_HLA-B*07:02,tcr697,1
vdjdb_full_13725_rs_2_n0,TPRVTGGGAM_HLA-B*07:02,tcr6918,0
vdjdb_full_335,KLGGALQAK_HLA-A*03:01,tcr3996,1
vdjdb_full_335_rs_2_n0,KLGGALQAK_HLA-A*03:01,tcr9599,0
vdjdb_full_5463,AVFDRKSDAK_HLA-A*11:01,tcr18168,1
vdjdb_full_5463_rs_2_n0,AVFDRKSDAK_HLA-A*11:01,tcr2747,0
vdjdb_full_2189,GLCTLVAML_HLA-A*02:01,tcr10051,1
vdjdb_full_2189_rs_2_n0,GLCTLVAML_HLA-A*02:01,tcr15461,0
vdjdb_full_9991,RLRAEAQVK_HLA-A*03:01,tcr170,1
vdjdb_full_9991_rs_2_n0,RLRAEAQVK_HLA-A*03:01,tcr15992,0
vdjdb_full_15896,KSKRTPMGF_HLA-B*57:01,tcr2173,1
vdjdb_full_15896_rs_2_n0,KSKRTPMGF_HLA-B*57:01,tcr6311,0
vdjdb_full_13519,LLFGYPVYV_HLA-A*02:01,tcr11285,1
vdjdb_full_13519_rs_2_n0,LLFGYPVYV_HLA-A*02:01,tcr17738,0
vdjdb_full_13162,DATYQRTRALVR_HLA-A*68:01,tcr17618,1
vdjdb_full_13162_rs_2_n0,DATYQRTRALVR_HLA-A*68:01,tcr14926,0
vdjdb_full_2461,GLCTLVAML_HLA-A*02:01,tcr9484,1
vdjdb_full_2461_rs_2_n0,GLCTLVAML_HLA-A*02:01,tcr7287,0
vdjdb_full_2102,GLCTLVAML_HLA-A*02:01,tcr11232,1
vdjdb_full_2102_rs_2_n0,GLCTLVAML_HLA-A*02:01,tcr9547,0
vdjdb_full_16888,MEVTPSGTWL_HLA-B*40:01,tcr17142,1
vdjdb_full_16888_rs_2_n0,MEVTPSGTWL_HLA-B*40:01,tcr7731,0
vdjdb_full_15081,NQKLIANQF_HLA-B*15:01,tcr11654,1
vdjdb_full_15081_rs_2_n0,NQKLIANQF_HLA-B*15:01,tcr8964,0
vdjdb_full_9346,YVLDHLIVV_HLA-A*02:01,tcr1562,1
vdjdb_full_9346_rs_2_n0,YVLDHLIVV_HLA-A*02:01,tcr11491,0
vdjdb_full_9299,YVLDHLIVV_HLA-A*02:01,tcr11700,1
vdjdb_full_9299_rs_2_n0,YVLDHLIVV_HLA-A*02:01,tcr16984,0
vdjdb_full_16698,VAANIVLTV_HLA-A*02:01,tcr18340,1
vdjdb_full_16698_rs_2_n0,VAANIVLTV_HLA-A*02:01,tcr4414,0
vdjdb_full_13526,LLFGYPVYV_HLA-A*02:01,tcr1751,1
vdjdb_full_13526_rs_2_n0,LLFGYPVYV_HLA-A*02:01,tcr8963,0
vdjdb_full_17321,KSVNITFEL_HLA-A*02:01,tcr8964,1
vdjdb_full_17321_rs_2_n0,KSVNITFEL_HLA-A*02:01,tcr15964,0
vdjdb_full_4255,SLLMWITQV_HLA-A*02:01,tcr14796,1
vdjdb_full_4255_rs_2_n0,SLLMWITQV_HLA-A*02:01,tcr6840,0
vdjdb_full_11758,ELAGIGILTV_HLA-A*02:01,tcr3934,1
vdjdb_full_11758_rs_2_n0,ELAGIGILTV_HLA-A*02:01,tcr9933,0
vdjdb_full_17216,VVTGVLVYL_HLA-A*02:01,tcr5839,1
vdjdb_full_17216_rs_2_n0,VVTGVLVYL_HLA-A*02:01,tcr10139,0
vdjdb_full_17115,HSNLNDATY_HLA-A*01:01,tcr9644,1
vdjdb_full_17115_rs_2_n0,HSNLNDATY_HLA-A*01:01,tcr10871,0
vdjdb_full_12046,ALAGIGILTV_HLA-A*02:01,tcr2379,1
vdjdb_full_12046_rs_2_n0,ALAGIGILTV_HLA-A*02:01,tcr13950,0
vdjdb_full_15811,ALGIGILTV_HLA-A*02:01,tcr7491,1
vdjdb_full_15811_rs_2_n0,ALGIGILTV_HLA-A*02:01,tcr3709,0
vdjdb_full_15606,FLRGRAYGL_HLA-B*08:01,tcr7990,1
vdjdb_full_15606_rs_2_n0,FLRGRAYGL_HLA-B*08:01,tcr13362,0
vdjdb_full_10801,SPRWYFYYL_HLA-B*07:02,tcr2792,1
vdjdb_full_10801_rs_2_n0,SPRWYFYYL_HLA-B*07:02,tcr8763,0
vdjdb_full_494,KLGGALQAK_HLA-A*03:01,tcr4701,1
vdjdb_full_494_rs_2_n0,KLGGALQAK_HLA-A*03:01,tcr16487,0
vdjdb_full_13596,KTFPPTEPK_HLA-A*03:01,tcr6584,1
vdjdb_full_13596_rs_2_n0,KTFPPTEPK_HLA-A*03:01,tcr12674,0
vdjdb_full_13733,TPRVTGGGAM_HLA-B*07:02,tcr4427,1
vdjdb_full_13733_rs_2_n0,TPRVTGGGAM_HLA-B*07:02,tcr5687,0
vdjdb_full_13889,AYAQKIFKI_HLA-A*24:02,tcr7420,1
vdjdb_full_13889_rs_2_n0,AYAQKIFKI_HLA-A*24:02,tcr862,0
vdjdb_full_13383,LPRWYFYYL_HLA-B*07:02,tcr7194,1
vdjdb_full_13383_rs_2_n0,LPRWYFYYL_HLA-B*07:02,tcr16268,0
vdjdb_full_14735,RAQAPPPSW_HLA-B*57:01,tcr11147,1
vdjdb_full_14735_rs_2_n0,RAQAPPPSW_HLA-B*57:01,tcr7811,0
vdjdb_full_11566,ATDALMTGF_HLA-A*01:01,tcr6963,1
vdjdb_full_11566_rs_2_n0,ATDALMTGF_HLA-A*01:01,tcr5424,0
vdjdb_full_11617,ATDALMTGF_HLA-A*01:01,tcr11076,1
vdjdb_full_11617_rs_2_n0,ATDALMTGF_HLA-A*01:01,tcr1,0
vdjdb_full_17348,RPIIRPATL_HLA-B*07:02,tcr6318,1
vdjdb_full_17348_rs_2_n0,RPIIRPATL_HLA-B*07:02,tcr2831,0
vdjdb_full_16858,MEVTPSGTWL_HLA-B*40:01,tcr7648,1
vdjdb_full_16858_rs_2_n0,MEVTPSGTWL_HLA-B*40:01,tcr10865,0
vdjdb_full_13455,FLYALALLL_HLA-A*02:01,tcr15506,1
vdjdb_full_13455_rs_2_n0,FLYALALLL_HLA-A*02:01,tcr7674,0
vdjdb_full_16205,GPRLGVRAT_HLA-B*07:02,tcr11176,1
vdjdb_full_16205_rs_2_n0,GPRLGVRAT_HLA-B*07:02,tcr10331,0
vdjdb_full_6105,AVFDRKSDAK_HLA-A*11:01,tcr6069,1
vdjdb_full_6105_rs_2_n0,AVFDRKSDAK_HLA-A*11:01,tcr8603,0
vdjdb_full_16604,WPVTLACFV_HLA-B*07:02,tcr9927,1
vdjdb_full_16604_rs_2_n0,WPVTLACFV_HLA-B*07:02,tcr11743,0
vdjdb_full_13333,CLGGLLTMV_HLA-A*02:01,tcr16451,1
vdjdb_full_13333_rs_2_n0,CLGGLLTMV_HLA-A*02:01,tcr15892,0
vdjdb_full_9512,YVLDHLIVV_HLA-A*02:01,tcr13285,1
vdjdb_full_9512_rs_2_n0,YVLDHLIVV_HLA-A*02:01,tcr10435,0
vdjdb_full_17526,RLWGTWVKA_HLA-A*02:01,tcr9329,1
vdjdb_full_17526_rs_2_n0,RLWGTWVKA_HLA-A*02:01,tcr7155,0
vdjdb_full_15783,RTLNAWVKV_HLA-A*02:01,tcr6183,1
vdjdb_full_15783_rs_2_n0,RTLNAWVKV_HLA-A*02:01,tcr17737,0
vdjdb_full_16622,QYIKWPWYI_HLA-A*24:02,tcr13737,1
vdjdb_full_16622_rs_2_n0,QYIKWPWYI_HLA-A*24:02,tcr10264,0
vdjdb_full_8631,NLVPMVATV_HLA-A*02:01,tcr14936,1
vdjdb_full_8631_rs_2_n0,NLVPMVATV_HLA-A*02:01,tcr12663,0
vdjdb_full_15904,KSKRTPMGF_HLA-B*57:01,tcr6738,1
vdjdb_full_15904_rs_2_n0,KSKRTPMGF_HLA-B*57:01,tcr2541,0
vdjdb_full_18413,FLWSVFWLI_HLA-A*02:01,tcr11014,1
vdjdb_full_18413_rs_2_n0,FLWSVFWLI_HLA-A*02:01,tcr5342,0
vdjdb_full_16236,GIIYIIYKL_HLA-A*02:01,tcr15147,1
vdjdb_full_16236_rs_2_n0,GIIYIIYKL_HLA-A*02:01,tcr12302,0
vdjdb_full_1331,KLGGALQAK_HLA-A*03:01,tcr13829,1
vdjdb_full_1331_rs_2_n0,KLGGALQAK_HLA-A*03:01,tcr7062,0
vdjdb_full_12282,IVTDFSVIK_HLA-A*11:01,tcr932,1
vdjdb_full_12282_rs_2_n0,IVTDFSVIK_HLA-A*11:01,tcr2992,0
vdjdb_full_16078,VMVELVAEL_HLA-A*02:01,tcr8950,1
vdjdb_full_16078_rs_2_n0,VMVELVAEL_HLA-A*02:01,tcr5719,0
vdjdb_full_8769,LLAGIGTVPI_HLA-A*02:01,tcr17597,1
vdjdb_full_8769_rs_2_n0,LLAGIGTVPI_HLA-A*02:01,tcr3014,0
vdjdb_full_13357,RMFPNAPYL_HLA-A*02:01,tcr17050,1
vdjdb_full_13357_rs_2_n0,RMFPNAPYL_HLA-A*02:01,tcr2949,0
vdjdb_full_15436,CINGVCWTV_HLA-A*02:01,tcr2992,1
vdjdb_full_15436_rs_2_n0,CINGVCWTV_HLA-A*02:01,tcr11528,0
vdjdb_full_11547,ATDALMTGF_HLA-A*01:01,tcr9971,1
vdjdb_full_11547_rs_2_n0,ATDALMTGF_HLA-A*01:01,tcr865,0
vdjdb_full_6876,GILGFVFTL_HLA-A*02:01,tcr8356,1
vdjdb_full_6876_rs_2_n0,GILGFVFTL_HLA-A*02:01,tcr7515,0
vdjdb_full_14208,RVRAYTYSK_HLA-A*03:01,tcr14778,1
vdjdb_full_14208_rs_2_n0,RVRAYTYSK_HLA-A*03:01,tcr1689,0
vdjdb_full_14148,RVRAYTYSK_HLA-A*03:01,tcr3820,1
vdjdb_full_14148_rs_2_n0,RVRAYTYSK_HLA-A*03:01,tcr6900,0
vdjdb_full_16309,RPIIRPATL_HLA-B*08:01,tcr9266,1
vdjdb_full_16309_rs_2_n0,RPIIRPATL_HLA-B*08:01,tcr1332,0
vdjdb_full_13245,DATYQRTRALVR_HLA-A*68:01,tcr15186,1
vdjdb_full_13245_rs_2_n0,DATYQRTRALVR_HLA-A*68:01,tcr9538,0
vdjdb_full_16478,RPPIFIRRL_HLA-B*07:02,tcr15159,1
vdjdb_full_16478_rs_2_n0,RPPIFIRRL_HLA-B*07:02,tcr12872,0
vdjdb_full_12160,FTSDYYQLY_HLA-A*01:01,tcr3799,1
vdjdb_full_12160_rs_2_n0,FTSDYYQLY_HLA-A*01:01,tcr9055,0
vdjdb_full_13231,DATYQRTRALVR_HLA-A*68:01,tcr17969,1
vdjdb_full_13231_rs_2_n0,DATYQRTRALVR_HLA-A*68:01,tcr13024,0
vdjdb_full_14443,RVRAYTYSK_HLA-A*03:01,tcr4574,1
vdjdb_full_14443_rs_2_n0,RVRAYTYSK_HLA-A*03:01,tcr13765,0
vdjdb_full_12054,ALAGIGILTV_HLA-A*02:01,tcr1537,1
vdjdb_full_12054_rs_2_n0,ALAGIGILTV_HLA-A*02:01,tcr10117,0
vdjdb_full_16377,PTDNYITTY_HLA-A*01:01,tcr131,1
vdjdb_full_16377_rs_2_n0,PTDNYITTY_HLA-A*01:01,tcr14960,0
vdjdb_full_8324,LLDFVRFMGV_HLA-A*02:01,tcr12262,1
vdjdb_full_8324_rs_2_n0,LLDFVRFMGV_HLA-A*02:01,tcr16936,0
vdjdb_full_9072,LLAGIGTVPI_HLA-A*02:01,tcr11510,1
vdjdb_full_9072_rs_2_n0,LLAGIGTVPI_HLA-A*02:01,tcr2824,0
vdjdb_full_11970,ELAGIGILTV_HLA-A*02:01,tcr6581,1
vdjdb_full_11970_rs_2_n0,ELAGIGILTV_HLA-A*02:01,tcr14580,0
vdjdb_full_15171,ALWEIQQVV_HLA-A*02:01,tcr5580,1
vdjdb_full_15171_rs_2_n0,ALWEIQQVV_HLA-A*02:01,tcr14504,0
vdjdb_full_13983,RVRAYTYSK_HLA-A*03:01,tcr16922,1
vdjdb_full_13983_rs_2_n0,RVRAYTYSK_HLA-A*03:01,tcr13846,0
vdjdb_full_16648,QYIKWPWYI_HLA-A*24:02,tcr5342,1
vdjdb_full_16648_rs_2_n0,QYIKWPWYI_HLA-A*24:02,tcr2772,0
vdjdb_full_2138,GLCTLVAML_HLA-A*02:01,tcr13183,1
vdjdb_full_2138_rs_2_n0,GLCTLVAML_HLA-A*02:01,tcr17322,0
vdjdb_full_16891,MEVTPSGTWL_HLA-B*40:01,tcr3281,1
vdjdb_full_16891_rs_2_n0,MEVTPSGTWL_HLA-B*40:01,tcr13104,0
vdjdb_full_1394,KLGGALQAK_HLA-A*03:01,tcr13831,1
vdjdb_full_1394_rs_2_n0,KLGGALQAK_HLA-A*03:01,tcr10123,0
vdjdb_full_16084,VMVELVAEL_HLA-A*02:01,tcr12577,1
vdjdb_full_16084_rs_2_n0,VMVELVAEL_HLA-A*02:01,tcr11703,0
vdjdb_full_17165,KTWGQYWQV_HLA-A*02:01,tcr11158,1
vdjdb_full_17165_rs_2_n0,KTWGQYWQV_HLA-A*02:01,tcr9152,0
vdjdb_full_4230,SLLMWITQV_HLA-A*02:01,tcr4370,1
vdjdb_full_4230_rs_2_n0,SLLMWITQV_HLA-A*02:01,tcr17492,0
vdjdb_full_8886,LLAGIGTVPI_HLA-A*02:01,tcr1696,1
vdjdb_full_8886_rs_2_n0,LLAGIGTVPI_HLA-A*02:01,tcr5986,0
vdjdb_full_17667,ALWALPHAA_HLA-A*02:01,tcr14337,1
vdjdb_full_17667_rs_2_n0,ALWALPHAA_HLA-A*02:01,tcr6565,0
vdjdb_full_17931,YSEHPTFTSQY_HLA-A*01:01,tcr7515,1
vdjdb_full_17931_rs_2_n0,YSEHPTFTSQY_HLA-A*01:01,tcr1138,0
vdjdb_full_13760,TPRVTGGGAM_HLA-B*07:02,tcr6453,1
vdjdb_full_13760_rs_2_n0,TPRVTGGGAM_HLA-B*07:02,tcr12726,0
vdjdb_full_13722,TPRVTGGGAM_HLA-B*07:02,tcr11997,1
vdjdb_full_13722_rs_2_n0,TPRVTGGGAM_HLA-B*07:02,tcr412,0
vdjdb_full_6336,GILGFVFTL_HLA-A*02:01,tcr12691,1
vdjdb_full_6336_rs_2_n0,GILGFVFTL_HLA-A*02:01,tcr4313,0
vdjdb_full_10545,HPNGYKSLSTL_HLA-B*07:02,tcr17788,1
vdjdb_full_10545_rs_2_n0,HPNGYKSLSTL_HLA-B*07:02,tcr17841,0
vdjdb_full_16946,RTATKAYNV_HLA-A*02:01,tcr18385,1
vdjdb_full_16946_rs_2_n0,RTATKAYNV_HLA-A*02:01,tcr17098,0
vdjdb_full_988,KLGGALQAK_HLA-A*03:01,tcr2263,1
vdjdb_full_988_rs_2_n0,KLGGALQAK_HLA-A*03:01,tcr14763,0
vdjdb_full_16380,PTDNYITTY_HLA-A*01:01,tcr12876,1
vdjdb_full_16380_rs_2_n0,PTDNYITTY_HLA-A*01:01,tcr3748,0
vdjdb_full_16994,NYNYLYRLF_HLA-A*24:02,tcr9869,1
vdjdb_full_16994_rs_2_n0,NYNYLYRLF_HLA-A*24:02,tcr9810,0
vdjdb_full_6010,AVFDRKSDAK_HLA-A*11:01,tcr12726,1
vdjdb_full_6010_rs_2_n0,AVFDRKSDAK_HLA-A*11:01,tcr6924,0
vdjdb_full_13735,TPRVTGGGAM_HLA-B*07:02,tcr8673,1
vdjdb_full_13735_rs_2_n0,TPRVTGGGAM_HLA-B*07:02,tcr7062,0
vdjdb_full_12527,IVTDFSVIK_HLA-A*11:01,tcr5849,1
vdjdb_full_12527_rs_2_n0,IVTDFSVIK_HLA-A*11:01,tcr17551,0
vdjdb_full_58,QAKWRLQTL_HLA-B*08:01,tcr2463,1
vdjdb_full_58_rs_2_n0,QAKWRLQTL_HLA-B*08:01,tcr12150,0
vdjdb_full_591,KLGGALQAK_HLA-A*03:01,tcr17787,1
vdjdb_full_591_rs_2_n0,KLGGALQAK_HLA-A*03:01,tcr6637,0
vdjdb_full_16664,QYIKWPWYI_HLA-A*24:02,tcr13131,1
vdjdb_full_16664_rs_2_n0,QYIKWPWYI_HLA-A*24:02,tcr12457,0
vdjdb_full_9632,YLQPRTFLL_HLA-A*02:01,tcr14959,1
vdjdb_full_9632_rs_2_n0,YLQPRTFLL_HLA-A*02:01,tcr3265,0
vdjdb_full_11175,TTDPSFLGRY_HLA-A*01:01,tcr9758,1
vdjdb_full_11175_rs_2_n0,TTDPSFLGRY_HLA-A*01:01,tcr5048,0
vdjdb_full_15218,RPHERNGFTVL_HLA-B*07:02,tcr8805,1
vdjdb_full_15218_rs_2_n0,RPHERNGFTVL_HLA-B*07:02,tcr6738,0
vdjdb_full_157,KLGGALQAK_HLA-A*03:01,tcr439,1
vdjdb_full_157_rs_2_n0,KLGGALQAK_HLA-A*03:01,tcr2277,0
vdjdb_full_17,QAKWRLQTL_HLA-B*08:01,tcr7725,1
vdjdb_full_17_rs_2_n0,QAKWRLQTL_HLA-B*08:01,tcr15600,0
vdjdb_full_14072,RVRAYTYSK_HLA-A*03:01,tcr16189,1
vdjdb_full_14072_rs_2_n0,RVRAYTYSK_HLA-A*03:01,tcr12051,0
vdjdb_full_11078,AAGIGILTV_HLA-A*02:01,tcr11415,1
vdjdb_full_11078_rs_2_n0,AAGIGILTV_HLA-A*02:01,tcr13930,0
vdjdb_full_17673,ALWALPHAA_HLA-A*02:01,tcr14586,1
vdjdb_full_17673_rs_2_n0,ALWALPHAA_HLA-A*02:01,tcr8294,0
vdjdb_full_16944,RTATKAYNV_HLA-A*02:01,tcr8963,1
vdjdb_full_16944_rs_2_n0,RTATKAYNV_HLA-A*02:01,tcr13176,0
vdjdb_full_17316,KSVNITFEL_HLA-A*02:01,tcr11114,1
vdjdb_full_17316_rs_2_n0,KSVNITFEL_HLA-A*02:01,tcr10525,0
vdjdb_full_5246,AVFDRKSDAK_HLA-A*11:01,tcr15745,1
vdjdb_full_5246_rs_2_n0,AVFDRKSDAK_HLA-A*11:01,tcr17471,0
vdjdb_full_9305,YVLDHLIVV_HLA-A*02:01,tcr15119,1
vdjdb_full_9305_rs_2_n0,YVLDHLIVV_HLA-A*02:01,tcr13871,0
vdjdb_full_13451,FLYALALLL_HLA-A*02:01,tcr14471,1
vdjdb_full_13451_rs_2_n0,FLYALALLL_HLA-A*02:01,tcr14394,0
vdjdb_full_15809,ALGIGILTV_HLA-A*02:01,tcr16175,1
vdjdb_full_15809_rs_2_n0,ALGIGILTV_HLA-A*02:01,tcr5170,0
vdjdb_full_15963,KSKRTPMGF_HLA-B*57:01,tcr17308,1
vdjdb_full_15963_rs_2_n0,KSKRTPMGF_HLA-B*57:01,tcr14829,0
vdjdb_full_8561,NLVPMVATV_HLA-A*02:01,tcr10328,1
vdjdb_full_8561_rs_2_n0,NLVPMVATV_HLA-A*02:01,tcr12997,0
vdjdb_full_15850,KLWAQCVQL_HLA-A*02:01,tcr15487,1
vdjdb_full_15850_rs_2_n0,KLWAQCVQL_HLA-A*02:01,tcr11480,0
vdjdb_full_11564,ATDALMTGF_HLA-A*01:01,tcr16812,1
vdjdb_full_11564_rs_2_n0,ATDALMTGF_HLA-A*01:01,tcr17519,0
vdjdb_full_10870,SPRWYFYYL_HLA-B*07:02,tcr15218,1
vdjdb_full_10870_rs_2_n0,SPRWYFYYL_HLA-B*07:02,tcr687,0
vdjdb_full_12262,IVTDFSVIK_HLA-A*11:01,tcr4162,1
vdjdb_full_12262_rs_2_n0,IVTDFSVIK_HLA-A*11:01,tcr5885,0
vdjdb_full_15868,KSKRTPMGF_HLA-B*57:01,tcr14190,1
vdjdb_full_15868_rs_2_n0,KSKRTPMGF_HLA-B*57:01,tcr14513,0
vdjdb_full_12257,IVTDFSVIK_HLA-A*11:01,tcr13615,1
vdjdb_full_12257_rs_2_n0,IVTDFSVIK_HLA-A*11:01,tcr2938,0
vdjdb_full_8736,LLAGIGTVPI_HLA-A*02:01,tcr2044,1
vdjdb_full_8736_rs_2_n0,LLAGIGTVPI_HLA-A*02:01,tcr8339,0
vdjdb_full_16500,RPPIFIRRL_HLA-B*07:02,tcr17744,1
vdjdb_full_16500_rs_2_n0,RPPIFIRRL_HLA-B*07:02,tcr11176,0
vdjdb_full_15100,NQKLIANQF_HLA-B*15:01,tcr8605,1
vdjdb_full_15100_rs_2_n0,NQKLIANQF_HLA-B*15:01,tcr1830,0
vdjdb_full_13302,CLGGLLTMV_HLA-A*02:01,tcr14081,1
vdjdb_full_13302_rs_2_n0,CLGGLLTMV_HLA-A*02:01,tcr1191,0
vdjdb_full_13527,LLFGYPVYV_HLA-A*02:01,tcr14311,1
vdjdb_full_13527_rs_2_n0,LLFGYPVYV_HLA-A*02:01,tcr9885,0
vdjdb_full_11149,TTDPSFLGRY_HLA-A*01:01,tcr6794,1
vdjdb_full_11149_rs_2_n0,TTDPSFLGRY_HLA-A*01:01,tcr1075,0
vdjdb_full_9549,YLQPRTFLL_HLA-A*02:01,tcr1370,1
vdjdb_full_9549_rs_2_n0,YLQPRTFLL_HLA-A*02:01,tcr18080,0
vdjdb_full_16244,GIIYIIYKL_HLA-A*02:01,tcr14386,1
vdjdb_full_16244_rs_2_n0,GIIYIIYKL_HLA-A*02:01,tcr10981,0
vdjdb_full_15938,KSKRTPMGF_HLA-B*57:01,tcr1165,1
vdjdb_full_15938_rs_2_n0,KSKRTPMGF_HLA-B*57:01,tcr104,0
vdjdb_full_7723,GILGFVFTL_HLA-A*02:01,tcr11528,1
vdjdb_full_7723_rs_2_n0,GILGFVFTL_HLA-A*02:01,tcr8844,0
vdjdb_full_10135,RLRAEAQVK_HLA-A*03:01,tcr16224,1
vdjdb_full_10135_rs_2_n0,RLRAEAQVK_HLA-A*03:01,tcr4382,0
vdjdb_full_14561,RVRAYTYSK_HLA-A*03:01,tcr687,1
vdjdb_full_14561_rs_2_n0,RVRAYTYSK_HLA-A*03:01,tcr10616,0
vdjdb_full_9420,YVLDHLIVV_HLA-A*02:01,tcr17718,1
vdjdb_full_9420_rs_2_n0,YVLDHLIVV_HLA-A*02:01,tcr6194,0
vdjdb_full_11505,ATDALMTGF_HLA-A*01:01,tcr15850,1
vdjdb_full_11505_rs_2_n0,ATDALMTGF_HLA-A*01:01,tcr5066,0
vdjdb_full_2733,SLLMWITQV_HLA-A*02:01,tcr16271,1
vdjdb_full_2733_rs_2_n0,SLLMWITQV_HLA-A*02:01,tcr10609,0
vdjdb_full_4218,SLLMWITQV_HLA-A*02:01,tcr136,1
vdjdb_full_4218_rs_2_n0,SLLMWITQV_HLA-A*02:01,tcr14606,0
vdjdb_full_9975,RLRAEAQVK_HLA-A*03:01,tcr12621,1
vdjdb_full_9975_rs_2_n0,RLRAEAQVK_HLA-A*03:01,tcr6069,0
vdjdb_full_14968,LLWNGPMAV_HLA-A*02:01,tcr12276,1
vdjdb_full_14968_rs_2_n0,LLWNGPMAV_HLA-A*02:01,tcr15850,0
vdjdb_full_16474,RPPIFIRRL_HLA-B*07:02,tcr6982,1
vdjdb_full_16474_rs_2_n0,RPPIFIRRL_HLA-B*07:02,tcr10798,0
vdjdb_full_15304,CINGVCWTV_HLA-A*02:01,tcr14205,1
vdjdb_full_15304_rs_2_n0,CINGVCWTV_HLA-A*02:01,tcr7838,0
vdjdb_full_10671,LTDEMIAQY_HLA-A*01:01,tcr1586,1
vdjdb_full_10671_rs_2_n0,LTDEMIAQY_HLA-A*01:01,tcr16695,0
vdjdb_full_16250,GIIYIIYKL_HLA-A*02:01,tcr10196,1
vdjdb_full_16250_rs_2_n0,GIIYIIYKL_HLA-A*02:01,tcr8760,0
vdjdb_full_10997,SPRWYFYYL_HLA-B*07:02,tcr4685,1
vdjdb_full_10997_rs_2_n0,SPRWYFYYL_HLA-B*07:02,tcr14866,0
vdjdb_full_10096,RLRAEAQVK_HLA-A*03:01,tcr7907,1
vdjdb_full_10096_rs_2_n0,RLRAEAQVK_HLA-A*03:01,tcr17069,0
vdjdb_full_5082,AVFDRKSDAK_HLA-A*11:01,tcr16139,1
vdjdb_full_5082_rs_2_n0,AVFDRKSDAK_HLA-A*11:01,tcr11174,0
vdjdb_full_17290,KLSALGINAV_HLA-A*02:01,tcr13629,1
vdjdb_full_17290_rs_2_n0,KLSALGINAV_HLA-A*02:01,tcr583,0
vdjdb_full_16479,RPPIFIRRL_HLA-B*07:02,tcr17199,1
vdjdb_full_16479_rs_2_n0,RPPIFIRRL_HLA-B*07:02,tcr1370,0
vdjdb_full_4536,SLLMWITQV_HLA-A*02:01,tcr6464,1
vdjdb_full_4536_rs_2_n0,SLLMWITQV_HLA-A*02:01,tcr15412,0
vdjdb_full_13842,TPRVTGGGAM_HLA-B*07:02,tcr3228,1
vdjdb_full_13842_rs_2_n0,TPRVTGGGAM_HLA-B*07:02,tcr6977,0
vdjdb_full_16271,RPIIRPATL_HLA-B*08:01,tcr10306,1
vdjdb_full_16271_rs_2_n0,RPIIRPATL_HLA-B*08:01,tcr14138,0
vdjdb_full_7751,GILGFVFTL_HLA-A*02:01,tcr4892,1
vdjdb_full_7751_rs_2_n0,GILGFVFTL_HLA-A*02:01,tcr12677,0
vdjdb_full_11515,ATDALMTGF_HLA-A*01:01,tcr7939,1
vdjdb_full_11515_rs_2_n0,ATDALMTGF_HLA-A*01:01,tcr2416,0
vdjdb_full_15886,KSKRTPMGF_HLA-B*57:01,tcr12707,1
vdjdb_full_15886_rs_2_n0,KSKRTPMGF_HLA-B*57:01,tcr1977,0
vdjdb_full_15523,SLFNTVATLY_HLA-A*02:01,tcr12337,1
vdjdb_full_15523_rs_2_n0,SLFNTVATLY_HLA-A*02:01,tcr1083,0
vdjdb_full_10190,RLRAEAQVK_HLA-A*03:01,tcr7299,1
vdjdb_full_10190_rs_2_n0,RLRAEAQVK_HLA-A*03:01,tcr3597,0
vdjdb_full_9531,CVNGSCFTV_HLA-A*02:01,tcr7100,1
vdjdb_full_9531_rs_2_n0,CVNGSCFTV_HLA-A*02:01,tcr12796,0
vdjdb_full_16016,KLVALGINAV_HLA-A*02:01,tcr2533,1
vdjdb_full_16016_rs_2_n0,KLVALGINAV_HLA-A*02:01,tcr6411,0
vdjdb_full_15208,RPHERNGFTVL_HLA-B*07:02,tcr9306,1
vdjdb_full_15208_rs_2_n0,RPHERNGFTVL_HLA-B*07:02,tcr14944,0
vdjdb_full_10896,SPRWYFYYL_HLA-B*07:02,tcr3975,1
vdjdb_full_10896_rs_2_n0,SPRWYFYYL_HLA-B*07:02,tcr4474,0
vdjdb_full_17345,RVAGDSGFAAY_HLA-B*15:01,tcr16041,1
vdjdb_full_17345_rs_2_n0,RVAGDSGFAAY_HLA-B*15:01,tcr2042,0
vdjdb_full_13656,KTFPPTEPK_HLA-A*03:01,tcr5147,1
vdjdb_full_13656_rs_2_n0,KTFPPTEPK_HLA-A*03:01,tcr1377,0
vdjdb_full_11133,TTDPSFLGRY_HLA-A*01:01,tcr10650,1
vdjdb_full_11133_rs_2_n0,TTDPSFLGRY_HLA-A*01:01,tcr2048,0
vdjdb_full_15522,SLFNTVATLY_HLA-A*02:01,tcr5662,1
vdjdb_full_15522_rs_2_n0,SLFNTVATLY_HLA-A*02:01,tcr5651,0
vdjdb_full_10659,LTDEMIAQY_HLA-A*01:01,tcr2891,1
vdjdb_full_10659_rs_2_n0,LTDEMIAQY_HLA-A*01:01,tcr9908,0
vdjdb_full_15018,LLWNGPMAV_HLA-A*02:01,tcr18137,1
vdjdb_full_15018_rs_2_n0,LLWNGPMAV_HLA-A*02:01,tcr14654,0
vdjdb_full_16186,GPRLGVRAT_HLA-B*07:02,tcr4923,1
vdjdb_full_16186_rs_2_n0,GPRLGVRAT_HLA-B*07:02,tcr9519,0
vdjdb_full_17923,YSEHPTFTSQY_HLA-A*01:01,tcr14444,1
vdjdb_full_17923_rs_2_n0,YSEHPTFTSQY_HLA-A*01:01,tcr11076,0
vdjdb_full_15345,CINGVCWTV_HLA-A*02:01,tcr7027,1
vdjdb_full_15345_rs_2_n0,CINGVCWTV_HLA-A*02:01,tcr1730,0
vdjdb_full_7508,GILGFVFTL_HLA-A*02:01,tcr10686,1
vdjdb_full_7508_rs_2_n0,GILGFVFTL_HLA-A*02:01,tcr4312,0
vdjdb_full_9708,YLQPRTFLL_HLA-A*02:01,tcr18314,1
vdjdb_full_9708_rs_2_n0,YLQPRTFLL_HLA-A*02:01,tcr5553,0
vdjdb_full_13394,FLYALALLL_HLA-A*02:01,tcr15961,1
vdjdb_full_13394_rs_2_n0,FLYALALLL_HLA-A*02:01,tcr13982,0
vdjdb_full_9431,YVLDHLIVV_HLA-A*02:01,tcr1572,1
vdjdb_full_9431_rs_2_n0,YVLDHLIVV_HLA-A*02:01,tcr4771,0
vdjdb_full_9136,LLAGIGTVPI_HLA-A*02:01,tcr12443,1
vdjdb_full_9136_rs_2_n0,LLAGIGTVPI_HLA-A*02:01,tcr13848,0
vdjdb_full_13909,AYAQKIFKI_HLA-A*24:02,tcr5441,1
vdjdb_full_13909_rs_2_n0,AYAQKIFKI_HLA-A*24:02,tcr16133,0
vdjdb_full_9732,YLQPRTFLL_HLA-A*02:01,tcr3872,1
vdjdb_full_9732_rs_2_n0,YLQPRTFLL_HLA-A*02:01,tcr17969,0
vdjdb_full_17453,LTSLTILQLY_HLA-A*01:01,tcr8149,1
vdjdb_full_17453_rs_2_n0,LTSLTILQLY_HLA-A*01:01,tcr3175,0
vdjdb_full_16921,RTATKAYNV_HLA-A*02:01,tcr2115,1
vdjdb_full_16921_rs_2_n0,RTATKAYNV_HLA-A*02:01,tcr16020,0
vdjdb_full_18155,MLDLQPETT_HLA-A*02:01,tcr13369,1
vdjdb_full_18155_rs_2_n0,MLDLQPETT_HLA-A*02:01,tcr9182,0
vdjdb_full_15236,RPHERNGFTVL_HLA-B*07:02,tcr4197,1
vdjdb_full_15236_rs_2_n0,RPHERNGFTVL_HLA-B*07:02,tcr16180,0
vdjdb_full_2565,GLCTLVAML_HLA-A*02:01,tcr6156,1
vdjdb_full_2565_rs_2_n0,GLCTLVAML_HLA-A*02:01,tcr2487,0
vdjdb_full_17958,EPLPQGQLTAY_HLA-B*35:01,tcr14842,1
vdjdb_full_17958_rs_2_n0,EPLPQGQLTAY_HLA-B*35:01,tcr11232,0
vdjdb_full_15529,SLFNTVATLY_HLA-A*02:01,tcr985,1
vdjdb_full_15529_rs_2_n0,SLFNTVATLY_HLA-A*02:01,tcr13829,0
vdjdb_full_11494,ATDALMTGF_HLA-A*01:01,tcr16144,1
vdjdb_full_11494_rs_2_n0,ATDALMTGF_HLA-A*01:01,tcr14753,0
vdjdb_full_14102,RVRAYTYSK_HLA-A*03:01,tcr4103,1
vdjdb_full_14102_rs_2_n0,RVRAYTYSK_HLA-A*03:01,tcr3467,0
vdjdb_full_5012,AVFDRKSDAK_HLA-A*11:01,tcr10043,1
vdjdb_full_5012_rs_2_n0,AVFDRKSDAK_HLA-A*11:01,tcr8803,0
vdjdb_full_13628,KTFPPTEPK_HLA-A*03:01,tcr17523,1
vdjdb_full_13628_rs_2_n0,KTFPPTEPK_HLA-A*03:01,tcr10121,0
vdjdb_full_4177,SLLMWITQV_HLA-A*02:01,tcr5086,1
vdjdb_full_4177_rs_2_n0,SLLMWITQV_HLA-A*02:01,tcr11865,0
vdjdb_full_13403,FLYALALLL_HLA-A*02:01,tcr12535,1
vdjdb_full_13403_rs_2_n0,FLYALALLL_HLA-A*02:01,tcr2416,0
vdjdb_full_10728,SPRWYFYYL_HLA-B*07:02,tcr6716,1
vdjdb_full_10728_rs_2_n0,SPRWYFYYL_HLA-B*07:02,tcr1828,0
vdjdb_full_9263,YVLDHLIVV_HLA-A*02:01,tcr3043,1
vdjdb_full_9263_rs_2_n0,YVLDHLIVV_HLA-A*02:01,tcr8002,0
vdjdb_full_16831,VLEETSVML_HLA-A*02:01,tcr3303,1
vdjdb_full_16831_rs_2_n0,VLEETSVML_HLA-A*02:01,tcr13333,0
vdjdb_full_11948,ELAGIGILTV_HLA-A*02:01,tcr15636,1
vdjdb_full_11948_rs_2_n0,ELAGIGILTV_HLA-A*02:01,tcr3373,0
vdjdb_full_16014,KLVALGINAV_HLA-A*02:01,tcr3801,1
vdjdb_full_16014_rs_2_n0,KLVALGINAV_HLA-A*02:01,tcr3127,0
vdjdb_full_14511,RVRAYTYSK_HLA-A*03:01,tcr13980,1
vdjdb_full_14511_rs_2_n0,RVRAYTYSK_HLA-A*03:01,tcr4818,0
vdjdb_full_16392,PTDNYITTY_HLA-A*01:01,tcr15820,1
vdjdb_full_16392_rs_2_n0,PTDNYITTY_HLA-A*01:01,tcr5278,0
vdjdb_full_10512,LLSLFSLWL_HLA-A*02:01,tcr12646,1
vdjdb_full_10512_rs_2_n0,LLSLFSLWL_HLA-A*02:01,tcr1302,0
vdjdb_full_54,QAKWRLQTL_HLA-B*08:01,tcr11911,1
vdjdb_full_54_rs_2_n0,QAKWRLQTL_HLA-B*08:01,tcr13863,0
vdjdb_full_12115,YLQQNWWTL_HLA-A*02:01,tcr1939,1
vdjdb_full_12115_rs_2_n0,YLQQNWWTL_HLA-A*02:01,tcr4679,0
vdjdb_full_7332,GILGFVFTL_HLA-A*02:01,tcr9308,1
vdjdb_full_7332_rs_2_n0,GILGFVFTL_HLA-A*02:01,tcr15948,0
vdjdb_full_14714,RPRGEVRFL_HLA-B*07:02,tcr17278,1
vdjdb_full_14714_rs_2_n0,RPRGEVRFL_HLA-B*07:02,tcr16539,0
vdjdb_full_17842,TPSVSSSISSL_HLA-B*07:02,tcr16798,1
vdjdb_full_17842_rs_2_n0,TPSVSSSISSL_HLA-B*07:02,tcr14375,0
vdjdb_full_8787,LLAGIGTVPI_HLA-A*02:01,tcr15415,1
vdjdb_full_8787_rs_2_n0,LLAGIGTVPI_HLA-A*02:01,tcr2818,0
vdjdb_full_13834,TPRVTGGGAM_HLA-B*07:02,tcr1823,1
vdjdb_full_13834_rs_2_n0,TPRVTGGGAM_HLA-B*07:02,tcr4024,0
vdjdb_full_8316,LLDFVRFMGV_HLA-A*02:01,tcr7993,1
vdjdb_full_8316_rs_2_n0,LLDFVRFMGV_HLA-A*02:01,tcr9087,0
vdjdb_full_13402,FLYALALLL_HLA-A*02:01,tcr2728,1
vdjdb_full_13402_rs_2_n0,FLYALALLL_HLA-A*02:01,tcr14373,0
vdjdb_full_13553,LLFGYPVYV_HLA-A*02:01,tcr2349,1
vdjdb_full_13553_rs_2_n0,LLFGYPVYV_HLA-A*02:01,tcr4016,0
vdjdb_full_13896,AYAQKIFKI_HLA-A*24:02,tcr10658,1
vdjdb_full_13896_rs_2_n0,AYAQKIFKI_HLA-A*24:02,tcr8449,0
vdjdb_full_2141,GLCTLVAML_HLA-A*02:01,tcr614,1
vdjdb_full_2141_rs_2_n0,GLCTLVAML_HLA-A*02:01,tcr12759,0
vdjdb_full_13325,CLGGLLTMV_HLA-A*02:01,tcr17681,1
vdjdb_full_13325_rs_2_n0,CLGGLLTMV_HLA-A*02:01,tcr8206,0
vdjdb_full_1890,KLGGALQAK_HLA-A*03:01,tcr5700,1
vdjdb_full_1890_rs_2_n0,KLGGALQAK_HLA-A*03:01,tcr3854,0
vdjdb_full_10258,RLRAEAQVK_HLA-A*03:01,tcr4739,1
vdjdb_full_10258_rs_2_n0,RLRAEAQVK_HLA-A*03:01,tcr16657,0
vdjdb_full_12111,YLQQNWWTL_HLA-A*02:01,tcr13281,1
vdjdb_full_12111_rs_2_n0,YLQQNWWTL_HLA-A*02:01,tcr15268,0
vdjdb_full_15526,SLFNTVATLY_HLA-A*02:01,tcr12314,1
vdjdb_full_15526_rs_2_n0,SLFNTVATLY_HLA-A*02:01,tcr8312,0
vdjdb_full_11323,TTDPSFLGRY_HLA-A*01:01,tcr9512,1
vdjdb_full_11323_rs_2_n0,TTDPSFLGRY_HLA-A*01:01,tcr7159,0
vdjdb_full_11498,ATDALMTGF_HLA-A*01:01,tcr1790,1
vdjdb_full_11498_rs_2_n0,ATDALMTGF_HLA-A*01:01,tcr12519,0
vdjdb_full_14933,LLWNGPMAV_HLA-A*02:01,tcr16831,1
vdjdb_full_14933_rs_2_n0,LLWNGPMAV_HLA-A*02:01,tcr18270,0
vdjdb_full_8311,LLDFVRFMGV_HLA-A*02:01,tcr15699,1
vdjdb_full_8311_rs_2_n0,LLDFVRFMGV_HLA-A*02:01,tcr11991,0
vdjdb_full_15422,CINGVCWTV_HLA-A*02:01,tcr12978,1
vdjdb_full_15422_rs_2_n0,CINGVCWTV_HLA-A*02:01,tcr3791,0
vdjdb_full_14916,LLWNGPMAV_HLA-A*02:01,tcr9296,1
vdjdb_full_14916_rs_2_n0,LLWNGPMAV_HLA-A*02:01,tcr16020,0
vdjdb_full_11578,ATDALMTGF_HLA-A*01:01,tcr16098,1
vdjdb_full_11578_rs_2_n0,ATDALMTGF_HLA-A*01:01,tcr3867,0
vdjdb_full_16515,RPPIFIRRL_HLA-B*07:02,tcr4031,1
vdjdb_full_16515_rs_2_n0,RPPIFIRRL_HLA-B*07:02,tcr15420,0
vdjdb_full_17186,ALSKGVHFV_HLA-A*02:01,tcr10134,1
vdjdb_full_17186_rs_2_n0,ALSKGVHFV_HLA-A*02:01,tcr3910,0
vdjdb_full_3698,SLLMWITQV_HLA-A*02:01,tcr8596,1
vdjdb_full_3698_rs_2_n0,SLLMWITQV_HLA-A*02:01,tcr17522,0
vdjdb_full_17859,RLLPLLALL_HLA-A*02:01,tcr17206,1
vdjdb_full_17859_rs_2_n0,RLLPLLALL_HLA-A*02:01,tcr5600,0
vdjdb_full_16650,QYIKWPWYI_HLA-A*24:02,tcr4903,1
vdjdb_full_16650_rs_2_n0,QYIKWPWYI_HLA-A*24:02,tcr27,0
vdjdb_full_13426,FLYALALLL_HLA-A*02:01,tcr9351,1
vdjdb_full_13426_rs_2_n0,FLYALALLL_HLA-A*02:01,tcr16844,0
vdjdb_full_15646,FLRGRAYGL_HLA-B*08:01,tcr10721,1
vdjdb_full_15646_rs_2_n0,FLRGRAYGL_HLA-B*08:01,tcr18314,0
vdjdb_full_15226,RPHERNGFTVL_HLA-B*07:02,tcr3844,1
vdjdb_full_15226_rs_2_n0,RPHERNGFTVL_HLA-B*07:02,tcr6918,0
vdjdb_full_2245,GLCTLVAML_HLA-A*02:01,tcr11471,1
vdjdb_full_2245_rs_2_n0,GLCTLVAML_HLA-A*02:01,tcr12595,0
vdjdb_full_15645,FLRGRAYGL_HLA-B*08:01,tcr14011,1
vdjdb_full_15645_rs_2_n0,FLRGRAYGL_HLA-B*08:01,tcr10944,0
vdjdb_full_14758,RAQAPPPSW_HLA-B*57:01,tcr14774,1
vdjdb_full_14758_rs_2_n0,RAQAPPPSW_HLA-B*57:01,tcr16081,0
vdjdb_full_13972,RVRAYTYSK_HLA-A*03:01,tcr4106,1
vdjdb_full_13972_rs_2_n0,RVRAYTYSK_HLA-A*03:01,tcr5790,0
vdjdb_full_13566,KTFPPTEPK_HLA-A*03:01,tcr3756,1
vdjdb_full_13566_rs_2_n0,KTFPPTEPK_HLA-A*03:01,tcr17932,0
vdjdb_full_11739,ELAGIGILTV_HLA-A*02:01,tcr14142,1
vdjdb_full_11739_rs_2_n0,ELAGIGILTV_HLA-A*02:01,tcr14706,0
vdjdb_full_11952,ELAGIGILTV_HLA-A*02:01,tcr17337,1
vdjdb_full_11952_rs_2_n0,ELAGIGILTV_HLA-A*02:01,tcr3399,0
vdjdb_full_16375,PTDNYITTY_HLA-A*01:01,tcr11973,1
vdjdb_full_16375_rs_2_n0,PTDNYITTY_HLA-A*01:01,tcr10865,0
vdjdb_full_14391,RVRAYTYSK_HLA-A*03:01,tcr692,1
vdjdb_full_14391_rs_2_n0,RVRAYTYSK_HLA-A*03:01,tcr15599,0
vdjdb_full_12545,IVTDFSVIK_HLA-A*11:01,tcr3709,1
vdjdb_full_12545_rs_2_n0,IVTDFSVIK_HLA-A*11:01,tcr5038,0
vdjdb_full_13915,AYAQKIFKI_HLA-A*24:02,tcr6865,1
vdjdb_full_13915_rs_2_n0,AYAQKIFKI_HLA-A*24:02,tcr9670,0
vdjdb_full_12329,IVTDFSVIK_HLA-A*11:01,tcr7478,1
vdjdb_full_12329_rs_2_n0,IVTDFSVIK_HLA-A*11:01,tcr5006,0
vdjdb_full_16276,RPIIRPATL_HLA-B*08:01,tcr17639,1
vdjdb_full_16276_rs_2_n0,RPIIRPATL_HLA-B*08:01,tcr9484,0
vdjdb_full_13748,TPRVTGGGAM_HLA-B*07:02,tcr1385,1
vdjdb_full_13748_rs_2_n0,TPRVTGGGAM_HLA-B*07:02,tcr18368,0
vdjdb_full_15111,NQKLIANQF_HLA-B*15:01,tcr3805,1
vdjdb_full_15111_rs_2_n0,NQKLIANQF_HLA-B*15:01,tcr9479,0
vdjdb_full_13696,TPRVTGGGAM_HLA-B*07:02,tcr16350,1
vdjdb_full_13696_rs_2_n0,TPRVTGGGAM_HLA-B*07:02,tcr17179,0
vdjdb_full_14603,RVRAYTYSK_HLA-A*03:01,tcr3373,1
vdjdb_full_14603_rs_2_n0,RVRAYTYSK_HLA-A*03:01,tcr9241,0
vdjdb_full_12718,IVTDFSVIK_HLA-A*11:01,tcr464,1
vdjdb_full_12718_rs_2_n0,IVTDFSVIK_HLA-A*11:01,tcr2782,0
vdjdb_full_17300,KLSALGINAV_HLA-A*02:01,tcr15169,1
vdjdb_full_17300_rs_2_n0,KLSALGINAV_HLA-A*02:01,tcr3038,0
vdjdb_full_16406,EAAGIGILTV_HLA-A*02:01,tcr18301,1
vdjdb_full_16406_rs_2_n0,EAAGIGILTV_HLA-A*02:01,tcr8411,0
vdjdb_full_15143,NQKLIANQF_HLA-B*15:01,tcr9076,1
vdjdb_full_15143_rs_2_n0,NQKLIANQF_HLA-B*15:01,tcr6069,0
vdjdb_full_15099,NQKLIANQF_HLA-B*15:01,tcr16841,1
vdjdb_full_15099_rs_2_n0,NQKLIANQF_HLA-B*15:01,tcr707,0
vdjdb_full_11080,AAGIGILTV_HLA-A*02:01,tcr5617,1
vdjdb_full_11080_rs_2_n0,AAGIGILTV_HLA-A*02:01,tcr9682,0
vdjdb_full_12136,FTSDYYQLY_HLA-A*01:01,tcr1130,1
vdjdb_full_12136_rs_2_n0,FTSDYYQLY_HLA-A*01:01,tcr13377,0
vdjdb_full_10285,RLRAEAQVK_HLA-A*03:01,tcr6053,1
vdjdb_full_10285_rs_2_n0,RLRAEAQVK_HLA-A*03:01,tcr1462,0
vdjdb_full_32,QAKWRLQTL_HLA-B*08:01,tcr499,1
vdjdb_full_32_rs_2_n0,QAKWRLQTL_HLA-B*08:01,tcr2709,0
vdjdb_full_9954,YLQPRTFLL_HLA-A*02:01,tcr10229,1
vdjdb_full_9954_rs_2_n0,YLQPRTFLL_HLA-A*02:01,tcr17750,0
vdjdb_full_16487,RPPIFIRRL_HLA-B*07:02,tcr4304,1
vdjdb_full_16487_rs_2_n0,RPPIFIRRL_HLA-B*07:02,tcr17306,0
vdjdb_full_15414,CINGVCWTV_HLA-A*02:01,tcr4532,1
vdjdb_full_15414_rs_2_n0,CINGVCWTV_HLA-A*02:01,tcr2446,0
vdjdb_full_16927,RTATKAYNV_HLA-A*02:01,tcr18344,1
vdjdb_full_16927_rs_2_n0,RTATKAYNV_HLA-A*02:01,tcr8312,0
vdjdb_full_16558,RLGPVQNEV_HLA-A*02:01,tcr11905,1
vdjdb_full_16558_rs_2_n0,RLGPVQNEV_HLA-A*02:01,tcr2437,0
vdjdb_full_13604,KTFPPTEPK_HLA-A*03:01,tcr14523,1
vdjdb_full_13604_rs_2_n0,KTFPPTEPK_HLA-A*03:01,tcr672,0
vdjdb_full_14275,RVRAYTYSK_HLA-A*03:01,tcr3328,1
vdjdb_full_14275_rs_2_n0,RVRAYTYSK_HLA-A*03:01,tcr15615,0
vdjdb_full_12093,ALAGIGILTV_HLA-A*02:01,tcr17407,1
vdjdb_full_12093_rs_2_n0,ALAGIGILTV_HLA-A*02:01,tcr10666,0
vdjdb_full_10915,SPRWYFYYL_HLA-B*07:02,tcr5616,1
vdjdb_full_10915_rs_2_n0,SPRWYFYYL_HLA-B*07:02,tcr15989,0
vdjdb_full_15745,STNVGSNTY_HLA-A*01:01,tcr6534,1
vdjdb_full_15745_rs_2_n0,STNVGSNTY_HLA-A*01:01,tcr9141,0
vdjdb_full_12109,YLQQNWWTL_HLA-A*02:01,tcr7061,1
vdjdb_full_12109_rs_2_n0,YLQQNWWTL_HLA-A*02:01,tcr573,0
vdjdb_full_10825,SPRWYFYYL_HLA-B*07:02,tcr13044,1
vdjdb_full_10825_rs_2_n0,SPRWYFYYL_HLA-B*07:02,tcr7864,0
vdjdb_full_14624,CTELKLSDY_HLA-A*01:01,tcr11625,1
vdjdb_full_14624_rs_2_n0,CTELKLSDY_HLA-A*01:01,tcr13244,0
vdjdb_full_16732,YLLEMLWRL_HLA-A*02:01,tcr11865,1
vdjdb_full_16732_rs_2_n0,YLLEMLWRL_HLA-A*02:01,tcr17050,0
vdjdb_full_10927,SPRWYFYYL_HLA-B*07:02,tcr17471,1
vdjdb_full_10927_rs_2_n0,SPRWYFYYL_HLA-B*07:02,tcr3228,0
vdjdb_full_16468,RPPIFIRRL_HLA-B*07:02,tcr13181,1
vdjdb_full_16468_rs_2_n0,RPPIFIRRL_HLA-B*07:02,tcr14050,0
vdjdb_full_6236,AVFDRKSDAK_HLA-A*11:01,tcr13811,1
vdjdb_full_6236_rs_2_n0,AVFDRKSDAK_HLA-A*11:01,tcr18399,0
vdjdb_full_13291,CLGGLLTMV_HLA-A*02:01,tcr1023,1
vdjdb_full_13291_rs_2_n0,CLGGLLTMV_HLA-A*02:01,tcr12159,0
vdjdb_full_15835,KLWAQCVQL_HLA-A*02:01,tcr2798,1
vdjdb_full_15835_rs_2_n0,KLWAQCVQL_HLA-A*02:01,tcr3486,0
vdjdb_full_2548,GLCTLVAML_HLA-A*02:01,tcr5439,1
vdjdb_full_2548_rs_2_n0,GLCTLVAML_HLA-A*02:01,tcr3503,0
vdjdb_full_8090,GILGFVFTL_HLA-A*02:01,tcr7699,1
vdjdb_full_8090_rs_2_n0,GILGFVFTL_HLA-A*02:01,tcr5176,0
vdjdb_full_17712,TLWCSPIKV_HLA-A*02:01,tcr13362,1
vdjdb_full_17712_rs_2_n0,TLWCSPIKV_HLA-A*02:01,tcr16809,0
vdjdb_full_11066,FLASKIGRLV_HLA-A*02:01,tcr12328,1
vdjdb_full_11066_rs_2_n0,FLASKIGRLV_HLA-A*02:01,tcr13183,0
vdjdb_full_16727,YLLEMLWRL_HLA-A*02:01,tcr5239,1
vdjdb_full_16727_rs_2_n0,YLLEMLWRL_HLA-A*02:01,tcr16477,0
vdjdb_full_15585,FLRGRAYGL_HLA-B*08:01,tcr10158,1
vdjdb_full_15585_rs_2_n0,FLRGRAYGL_HLA-B*08:01,tcr6794,0
vdjdb_full_16496,RPPIFIRRL_HLA-B*07:02,tcr16657,1
vdjdb_full_16496_rs_2_n0,RPPIFIRRL_HLA-B*07:02,tcr17750,0
vdjdb_full_10661,LTDEMIAQY_HLA-A*01:01,tcr13790,1
vdjdb_full_10661_rs_2_n0,LTDEMIAQY_HLA-A*01:01,tcr70,0
vdjdb_full_15215,RPHERNGFTVL_HLA-B*07:02,tcr10659,1
vdjdb_full_15215_rs_2_n0,RPHERNGFTVL_HLA-B*07:02,tcr13395,0
vdjdb_full_15752,STNVGSNTY_HLA-A*01:01,tcr10254,1
vdjdb_full_15752_rs_2_n0,STNVGSNTY_HLA-A*01:01,tcr11541,0
vdjdb_full_15479,CINGVCWTV_HLA-A*02:01,tcr9154,1
vdjdb_full_15479_rs_2_n0,CINGVCWTV_HLA-A*02:01,tcr14379,0
vdjdb_full_16655,QYIKWPWYI_HLA-A*24:02,tcr8946,1
vdjdb_full_16655_rs_2_n0,QYIKWPWYI_HLA-A*24:02,tcr16734,0
vdjdb_full_13239,DATYQRTRALVR_HLA-A*68:01,tcr16701,1
vdjdb_full_13239_rs_2_n0,DATYQRTRALVR_HLA-A*68:01,tcr11448,0
vdjdb_full_16506,RPPIFIRRL_HLA-B*07:02,tcr16923,1
vdjdb_full_16506_rs_2_n0,RPPIFIRRL_HLA-B*07:02,tcr10480,0
vdjdb_full_13200,DATYQRTRALVR_HLA-A*68:01,tcr5519,1
vdjdb_full_13200_rs_2_n0,DATYQRTRALVR_HLA-A*68:01,tcr16081,0
vdjdb_full_16182,GPRLGVRAT_HLA-B*07:02,tcr9837,1
vdjdb_full_16182_rs_2_n0,GPRLGVRAT_HLA-B*07:02,tcr13289,0
vdjdb_full_16460,RTATKQYNV_HLA-A*02:01,tcr9444,1
vdjdb_full_16460_rs_2_n0,RTATKQYNV_HLA-A*02:01,tcr2177,0
vdjdb_full_14718,RPRGEVRFL_HLA-B*07:02,tcr6875,1
vdjdb_full_14718_rs_2_n0,RPRGEVRFL_HLA-B*07:02,tcr15856,0
vdjdb_full_11988,ELAGIGILTV_HLA-A*02:01,tcr6309,1
vdjdb_full_11988_rs_2_n0,ELAGIGILTV_HLA-A*02:01,tcr12254,0
vdjdb_full_16292,RPIIRPATL_HLA-B*08:01,tcr10959,1
vdjdb_full_16292_rs_2_n0,RPIIRPATL_HLA-B*08:01,tcr14951,0
vdjdb_full_17353,RPIIRPATL_HLA-B*07:02,tcr18221,1
vdjdb_full_17353_rs_2_n0,RPIIRPATL_HLA-B*07:02,tcr16812,0
vdjdb_full_10828,SPRWYFYYL_HLA-B*07:02,tcr6194,1
vdjdb_full_10828_rs_2_n0,SPRWYFYYL_HLA-B*07:02,tcr8871,0
vdjdb_full_9256,YVLDHLIVV_HLA-A*02:01,tcr918,1
vdjdb_full_9256_rs_2_n0,YVLDHLIVV_HLA-A*02:01,tcr6340,0
vdjdb_full_15840,KLWAQCVQL_HLA-A*02:01,tcr9174,1
vdjdb_full_15840_rs_2_n0,KLWAQCVQL_HLA-A*02:01,tcr13871,0
vdjdb_full_14652,CTELKLSDY_HLA-A*01:01,tcr16411,1
vdjdb_full_14652_rs_2_n0,CTELKLSDY_HLA-A*01:01,tcr14756,0
vdjdb_full_15133,NQKLIANQF_HLA-B*15:01,tcr10696,1
vdjdb_full_15133_rs_2_n0,NQKLIANQF_HLA-B*15:01,tcr512,0
vdjdb_full_13694,TPRVTGGGAM_HLA-B*07:02,tcr5331,1
vdjdb_full_13694_rs_2_n0,TPRVTGGGAM_HLA-B*07:02,tcr4316,0
vdjdb_full_10761,SPRWYFYYL_HLA-B*07:02,tcr5685,1
vdjdb_full_10761_rs_2_n0,SPRWYFYYL_HLA-B*07:02,tcr10192,0
vdjdb_full_2561,GLCTLVAML_HLA-A*02:01,tcr17673,1
vdjdb_full_2561_rs_2_n0,GLCTLVAML_HLA-A*02:01,tcr14776,0
vdjdb_full_16486,RPPIFIRRL_HLA-B*07:02,tcr7062,1
vdjdb_full_16486_rs_2_n0,RPPIFIRRL_HLA-B*07:02,tcr5370,0
vdjdb_full_11734,ELAGIGILTV_HLA-A*02:01,tcr8181,1
vdjdb_full_11734_rs_2_n0,ELAGIGILTV_HLA-A*02:01,tcr11250,0
vdjdb_full_0,QAKWRLQTL_HLA-B*08:01,tcr7183,1
vdjdb_full_0_rs_2_n0,QAKWRLQTL_HLA-B*08:01,tcr8335,0
vdjdb_full_5,QAKWRLQTL_HLA-B*08:01,tcr8928,1
vdjdb_full_5_rs_2_n0,QAKWRLQTL_HLA-B*08:01,tcr3073,0
vdjdb_full_16370,PTDNYITTY_HLA-A*01:01,tcr13447,1
vdjdb_full_16370_rs_2_n0,PTDNYITTY_HLA-A*01:01,tcr17021,0
vdjdb_full_16299,RPIIRPATL_HLA-B*08:01,tcr17079,1
vdjdb_full_16299_rs_2_n0,RPIIRPATL_HLA-B*08:01,tcr15502,0
vdjdb_full_17392,RGPGRAFVTI_HLA-A*02:01,tcr7856,1
vdjdb_full_17392_rs_2_n0,RGPGRAFVTI_HLA-A*02:01,tcr1554,0
vdjdb_full_6684,GILGFVFTL_HLA-A*02:01,tcr12821,1
vdjdb_full_6684_rs_2_n0,GILGFVFTL_HLA-A*02:01,tcr8700,0
vdjdb_full_13517,LLFGYPVYV_HLA-A*02:01,tcr4795,1
vdjdb_full_13517_rs_2_n0,LLFGYPVYV_HLA-A*02:01,tcr7287,0
vdjdb_full_15582,FLRGRAYGL_HLA-B*08:01,tcr12324,1
vdjdb_full_15582_rs_2_n0,FLRGRAYGL_HLA-B*08:01,tcr13620,0
vdjdb_full_1028,KLGGALQAK_HLA-A*03:01,tcr12342,1
vdjdb_full_1028_rs_2_n0,KLGGALQAK_HLA-A*03:01,tcr3542,0
vdjdb_full_16546,RLGPVQNEV_HLA-A*02:01,tcr4211,1
vdjdb_full_16546_rs_2_n0,RLGPVQNEV_HLA-A*02:01,tcr11285,0
vdjdb_full_16914,RTATKAYNV_HLA-A*02:01,tcr10626,1
vdjdb_full_16914_rs_2_n0,RTATKAYNV_HLA-A*02:01,tcr11916,0
vdjdb_full_13296,CLGGLLTMV_HLA-A*02:01,tcr5473,1
vdjdb_full_13296_rs_2_n0,CLGGLLTMV_HLA-A*02:01,tcr17578,0
vdjdb_full_16662,QYIKWPWYI_HLA-A*24:02,tcr16977,1
vdjdb_full_16662_rs_2_n0,QYIKWPWYI_HLA-A*24:02,tcr16223,0
vdjdb_full_13470,FLYALALLL_HLA-A*02:01,tcr1457,1
vdjdb_full_13470_rs_2_n0,FLYALALLL_HLA-A*02:01,tcr17053,0
vdjdb_full_13562,KTFPPTEPK_HLA-A*03:01,tcr12037,1
vdjdb_full_13562_rs_2_n0,KTFPPTEPK_HLA-A*03:01,tcr16899,0
vdjdb_full_15117,NQKLIANQF_HLA-B*15:01,tcr17893,1
vdjdb_full_15117_rs_2_n0,NQKLIANQF_HLA-B*15:01,tcr11994,0
vdjdb_full_9080,LLAGIGTVPI_HLA-A*02:01,tcr15992,1
vdjdb_full_9080_rs_2_n0,LLAGIGTVPI_HLA-A*02:01,tcr4653,0
vdjdb_full_15795,RTLNAWVKV_HLA-A*02:01,tcr12660,1
vdjdb_full_15795_rs_2_n0,RTLNAWVKV_HLA-A*02:01,tcr6237,0
vdjdb_full_15273,FMVFLQTHI_HLA-A*02:01,tcr1379,1
vdjdb_full_15273_rs_2_n0,FMVFLQTHI_HLA-A*02:01,tcr3806,0
vdjdb_full_11710,ELAGIGILTV_HLA-A*02:01,tcr10905,1
vdjdb_full_11710_rs_2_n0,ELAGIGILTV_HLA-A*02:01,tcr2459,0
vdjdb_full_13433,FLYALALLL_HLA-A*02:01,tcr10766,1
vdjdb_full_13433_rs_2_n0,FLYALALLL_HLA-A*02:01,tcr4979,0
vdjdb_full_12312,IVTDFSVIK_HLA-A*11:01,tcr6430,1
vdjdb_full_12312_rs_2_n0,IVTDFSVIK_HLA-A*11:01,tcr17810,0
vdjdb_full_17942,YSEHPTFTSQY_HLA-A*01:01,tcr10804,1
vdjdb_full_17942_rs_2_n0,YSEHPTFTSQY_HLA-A*01:01,tcr12689,0
vdjdb_full_7460,GILGFVFTL_HLA-A*02:01,tcr14004,1
vdjdb_full_7460_rs_2_n0,GILGFVFTL_HLA-A*02:01,tcr3172,0
vdjdb_full_14745,RAQAPPPSW_HLA-B*57:01,tcr8090,1
vdjdb_full_14745_rs_2_n0,RAQAPPPSW_HLA-B*57:01,tcr3041,0
vdjdb_full_12103,ALAGIGILTV_HLA-A*02:01,tcr9763,1
vdjdb_full_12103_rs_2_n0,ALAGIGILTV_HLA-A*02:01,tcr12342,0
vdjdb_full_18159,MLDLQPETT_HLA-A*02:01,tcr9896,1
vdjdb_full_18159_rs_2_n0,MLDLQPETT_HLA-A*02:01,tcr6922,0
vdjdb_full_1,QAKWRLQTL_HLA-B*08:01,tcr14836,1
vdjdb_full_1_rs_2_n0,QAKWRLQTL_HLA-B*08:01,tcr3169,0
vdjdb_full_10179,RLRAEAQVK_HLA-A*03:01,tcr6162,1
vdjdb_full_10179_rs_2_n0,RLRAEAQVK_HLA-A*03:01,tcr13498,0
vdjdb_full_17027,LLYDANYFL_HLA-A*02:01,tcr8967,1
vdjdb_full_17027_rs_2_n0,LLYDANYFL_HLA-A*02:01,tcr8251,0
vdjdb_full_15851,KLWAQCVQL_HLA-A*02:01,tcr5901,1
vdjdb_full_15851_rs_2_n0,KLWAQCVQL_HLA-A*02:01,tcr7335,0
vdjdb_full_15393,CINGVCWTV_HLA-A*02:01,tcr5641,1
vdjdb_full_15393_rs_2_n0,CINGVCWTV_HLA-A*02:01,tcr14385,0
vdjdb_full_15003,LLWNGPMAV_HLA-A*02:01,tcr15259,1
vdjdb_full_15003_rs_2_n0,LLWNGPMAV_HLA-A*02:01,tcr15547,0
vdjdb_full_17180,ALSKGVHFV_HLA-A*02:01,tcr16378,1
vdjdb_full_17180_rs_2_n0,ALSKGVHFV_HLA-A*02:01,tcr1424,0
vdjdb_full_13780,TPRVTGGGAM_HLA-B*07:02,tcr7767,1
vdjdb_full_13780_rs_2_n0,TPRVTGGGAM_HLA-B*07:02,tcr11506,0
vdjdb_full_15653,FLRGRAYGL_HLA-B*08:01,tcr5886,1
vdjdb_full_15653_rs_2_n0,FLRGRAYGL_HLA-B*08:01,tcr951,0
vdjdb_full_12018,ELAGIGILTV_HLA-A*02:01,tcr11913,1
vdjdb_full_12018_rs_2_n0,ELAGIGILTV_HLA-A*02:01,tcr16005,0
vdjdb_full_11540,ATDALMTGF_HLA-A*01:01,tcr6303,1
vdjdb_full_11540_rs_2_n0,ATDALMTGF_HLA-A*01:01,tcr16718,0
vdjdb_full_15184,ALWEIQQVV_HLA-A*02:01,tcr14788,1
vdjdb_full_15184_rs_2_n0,ALWEIQQVV_HLA-A*02:01,tcr3910,0
vdjdb_full_17031,LLYDANYFL_HLA-A*02:01,tcr13810,1
vdjdb_full_17031_rs_2_n0,LLYDANYFL_HLA-A*02:01,tcr14957,0
vdjdb_full_14179,RVRAYTYSK_HLA-A*03:01,tcr8652,1
vdjdb_full_14179_rs_2_n0,RVRAYTYSK_HLA-A*03:01,tcr9557,0
vdjdb_full_11343,TTDPSFLGRY_HLA-A*01:01,tcr7093,1
vdjdb_full_11343_rs_2_n0,TTDPSFLGRY_HLA-A*01:01,tcr6330,0
vdjdb_full_16643,QYIKWPWYI_HLA-A*24:02,tcr4827,1
vdjdb_full_16643_rs_2_n0,QYIKWPWYI_HLA-A*24:02,tcr12451,0
vdjdb_full_15897,KSKRTPMGF_HLA-B*57:01,tcr9872,1
vdjdb_full_15897_rs_2_n0,KSKRTPMGF_HLA-B*57:01,tcr17053,0
vdjdb_full_13185,DATYQRTRALVR_HLA-A*68:01,tcr7393,1
vdjdb_full_13185_rs_2_n0,DATYQRTRALVR_HLA-A*68:01,tcr7368,0
vdjdb_full_15167,ALWEIQQVV_HLA-A*02:01,tcr2724,1
vdjdb_full_15167_rs_2_n0,ALWEIQQVV_HLA-A*02:01,tcr13289,0
vdjdb_full_14276,RVRAYTYSK_HLA-A*03:01,tcr3367,1
vdjdb_full_14276_rs_2_n0,RVRAYTYSK_HLA-A*03:01,tcr14975,0
vdjdb_full_15696,FLRGRAYGL_HLA-B*08:01,tcr402,1
vdjdb_full_15696_rs_2_n0,FLRGRAYGL_HLA-B*08:01,tcr10676,0
vdjdb_full_9234,YVLDHLIVV_HLA-A*02:01,tcr9764,1
vdjdb_full_9234_rs_2_n0,YVLDHLIVV_HLA-A*02:01,tcr16933,0
vdjdb_full_17295,KLSALGINAV_HLA-A*02:01,tcr11491,1
vdjdb_full_17295_rs_2_n0,KLSALGINAV_HLA-A*02:01,tcr11539,0
vdjdb_full_10910,SPRWYFYYL_HLA-B*07:02,tcr16118,1
vdjdb_full_10910_rs_2_n0,SPRWYFYYL_HLA-B*07:02,tcr9013,0
vdjdb_full_6253,AVFDRKSDAK_HLA-A*11:01,tcr1574,1
vdjdb_full_6253_rs_2_n0,AVFDRKSDAK_HLA-A*11:01,tcr2177,0
vdjdb_full_12234,IVTDFSVIK_HLA-A*11:01,tcr11449,1
vdjdb_full_12234_rs_2_n0,IVTDFSVIK_HLA-A*11:01,tcr2019,0
vdjdb_full_9297,YVLDHLIVV_HLA-A*02:01,tcr5219,1
vdjdb_full_9297_rs_2_n0,YVLDHLIVV_HLA-A*02:01,tcr2885,0
vdjdb_full_15650,FLRGRAYGL_HLA-B*08:01,tcr6691,1
vdjdb_full_15650_rs_2_n0,FLRGRAYGL_HLA-B*08:01,tcr16737,0
vdjdb_full_15921,KSKRTPMGF_HLA-B*57:01,tcr18222,1
vdjdb_full_15921_rs_2_n0,KSKRTPMGF_HLA-B*57:01,tcr12966,0
vdjdb_full_13379,LPRWYFYYL_HLA-B*07:02,tcr7059,1
vdjdb_full_13379_rs_2_n0,LPRWYFYYL_HLA-B*07:02,tcr17185,0
vdjdb_full_13738,TPRVTGGGAM_HLA-B*07:02,tcr3166,1
vdjdb_full_13738_rs_2_n0,TPRVTGGGAM_HLA-B*07:02,tcr12859,0
vdjdb_full_12710,IVTDFSVIK_HLA-A*11:01,tcr5298,1
vdjdb_full_12710_rs_2_n0,IVTDFSVIK_HLA-A*11:01,tcr11700,0
vdjdb_full_2073,GLCTLVAML_HLA-A*02:01,tcr14512,1
vdjdb_full_2073_rs_2_n0,GLCTLVAML_HLA-A*02:01,tcr1861,0
vdjdb_full_7844,GILGFVFTL_HLA-A*02:01,tcr7674,1
vdjdb_full_7844_rs_2_n0,GILGFVFTL_HLA-A*02:01,tcr11772,0
vdjdb_full_15602,FLRGRAYGL_HLA-B*08:01,tcr5203,1
vdjdb_full_15602_rs_2_n0,FLRGRAYGL_HLA-B*08:01,tcr14562,0
vdjdb_full_2455,GLCTLVAML_HLA-A*02:01,tcr13297,1
vdjdb_full_2455_rs_2_n0,GLCTLVAML_HLA-A*02:01,tcr18113,0
vdjdb_full_17352,RPIIRPATL_HLA-B*07:02,tcr168,1
vdjdb_full_17352_rs_2_n0,RPIIRPATL_HLA-B*07:02,tcr689,0
vdjdb_full_11475,TTDPSFLGRY_HLA-A*01:01,tcr15748,1
vdjdb_full_11475_rs_2_n0,TTDPSFLGRY_HLA-A*01:01,tcr1824,0
vdjdb_full_11891,ELAGIGILTV_HLA-A*02:01,tcr5374,1
vdjdb_full_11891_rs_2_n0,ELAGIGILTV_HLA-A*02:01,tcr13912,0
vdjdb_full_6158,AVFDRKSDAK_HLA-A*11:01,tcr3690,1
vdjdb_full_6158_rs_2_n0,AVFDRKSDAK_HLA-A*11:01,tcr4892,0
vdjdb_full_10688,SPRWYFYYL_HLA-B*07:02,tcr9439,1
vdjdb_full_10688_rs_2_n0,SPRWYFYYL_HLA-B*07:02,tcr12334,0
vdjdb_full_15075,NQKLIANQF_HLA-B*15:01,tcr14152,1
vdjdb_full_15075_rs_2_n0,NQKLIANQF_HLA-B*15:01,tcr16404,0
vdjdb_full_16247,GIIYIIYKL_HLA-A*02:01,tcr2695,1
vdjdb_full_16247_rs_2_n0,GIIYIIYKL_HLA-A*02:01,tcr8928,0
vdjdb_full_14908,LLWNGPMAV_HLA-A*02:01,tcr4940,1
vdjdb_full_14908_rs_2_n0,LLWNGPMAV_HLA-A*02:01,tcr5235,0
vdjdb_full_17365,RPIIRPATL_HLA-B*07:02,tcr672,1
vdjdb_full_17365_rs_2_n0,RPIIRPATL_HLA-B*07:02,tcr6763,0
vdjdb_full_16794,RLPGVLPRA_HLA-A*02:01,tcr12377,1
vdjdb_full_16794_rs_2_n0,RLPGVLPRA_HLA-A*02:01,tcr5006,0
vdjdb_full_13871,TPRVTGGGAM_HLA-B*07:02,tcr15360,1
vdjdb_full_13871_rs_2_n0,TPRVTGGGAM_HLA-B*07:02,tcr9520,0
vdjdb_full_8514,NLVPMVATV_HLA-A*02:01,tcr3116,1
vdjdb_full_8514_rs_2_n0,NLVPMVATV_HLA-A*02:01,tcr4940,0
vdjdb_full_16025,KLVALGINAV_HLA-A*02:01,tcr16291,1
vdjdb_full_16025_rs_2_n0,KLVALGINAV_HLA-A*02:01,tcr12234,0
vdjdb_full_13691,TPRVTGGGAM_HLA-B*07:02,tcr8903,1
vdjdb_full_13691_rs_2_n0,TPRVTGGGAM_HLA-B*07:02,tcr9523,0
vdjdb_full_16786,RLPGVLPRA_HLA-A*02:01,tcr7136,1
vdjdb_full_16786_rs_2_n0,RLPGVLPRA_HLA-A*02:01,tcr3695,0
vdjdb_full_11562,ATDALMTGF_HLA-A*01:01,tcr11836,1
vdjdb_full_11562_rs_2_n0,ATDALMTGF_HLA-A*01:01,tcr10178,0
vdjdb_full_13770,TPRVTGGGAM_HLA-B*07:02,tcr11403,1
vdjdb_full_13770_rs_2_n0,TPRVTGGGAM_HLA-B*07:02,tcr1001,0
vdjdb_full_15567,FLRGRAYGL_HLA-B*08:01,tcr15996,1
vdjdb_full_15567_rs_2_n0,FLRGRAYGL_HLA-B*08:01,tcr12742,0
vdjdb_full_10668,LTDEMIAQY_HLA-A*01:01,tcr3665,1
vdjdb_full_10668_rs_2_n0,LTDEMIAQY_HLA-A*01:01,tcr3975,0
vdjdb_full_15973,KSKRTPMGF_HLA-B*57:01,tcr4818,1
vdjdb_full_15973_rs_2_n0,KSKRTPMGF_HLA-B*57:01,tcr14329,0
vdjdb_full_12522,IVTDFSVIK_HLA-A*11:01,tcr2824,1
vdjdb_full_12522_rs_2_n0,IVTDFSVIK_HLA-A*11:01,tcr12683,0
vdjdb_full_9734,YLQPRTFLL_HLA-A*02:01,tcr13722,1
vdjdb_full_9734_rs_2_n0,YLQPRTFLL_HLA-A*02:01,tcr13289,0
vdjdb_full_872,KLGGALQAK_HLA-A*03:01,tcr4004,1
vdjdb_full_872_rs_2_n0,KLGGALQAK_HLA-A*03:01,tcr6982,0
vdjdb_full_9833,YLQPRTFLL_HLA-A*02:01,tcr8844,1
vdjdb_full_9833_rs_2_n0,YLQPRTFLL_HLA-A*02:01,tcr4047,0
vdjdb_full_16291,RPIIRPATL_HLA-B*08:01,tcr11508,1
vdjdb_full_16291_rs_2_n0,RPIIRPATL_HLA-B*08:01,tcr3264,0
vdjdb_full_3401,SLLMWITQV_HLA-A*02:01,tcr4382,1
vdjdb_full_3401_rs_2_n0,SLLMWITQV_HLA-A*02:01,tcr1130,0
vdjdb_full_13908,AYAQKIFKI_HLA-A*24:02,tcr11502,1
vdjdb_full_13908_rs_2_n0,AYAQKIFKI_HLA-A*24:02,tcr17098,0
vdjdb_full_15204,RPHERNGFTVL_HLA-B*07:02,tcr17270,1
vdjdb_full_15204_rs_2_n0,RPHERNGFTVL_HLA-B*07:02,tcr370,0
vdjdb_full_10257,RLRAEAQVK_HLA-A*03:01,tcr15717,1
vdjdb_full_10257_rs_2_n0,RLRAEAQVK_HLA-A*03:01,tcr9908,0
vdjdb_full_13829,TPRVTGGGAM_HLA-B*07:02,tcr3261,1
vdjdb_full_13829_rs_2_n0,TPRVTGGGAM_HLA-B*07:02,tcr10872,0
vdjdb_full_13734,TPRVTGGGAM_HLA-B*07:02,tcr10236,1
vdjdb_full_13734_rs_2_n0,TPRVTGGGAM_HLA-B*07:02,tcr14926,0
vdjdb_full_16285,RPIIRPATL_HLA-B*08:01,tcr18306,1
vdjdb_full_16285_rs_2_n0,RPIIRPATL_HLA-B*08:01,tcr4612,0
vdjdb_full_15689,FLRGRAYGL_HLA-B*08:01,tcr3315,1
vdjdb_full_15689_rs_2_n0,FLRGRAYGL_HLA-B*08:01,tcr6453,0
vdjdb_full_13824,TPRVTGGGAM_HLA-B*07:02,tcr11797,1
vdjdb_full_13824_rs_2_n0,TPRVTGGGAM_HLA-B*07:02,tcr10014,0
vdjdb_full_8403,NLVPMVATV_HLA-A*02:01,tcr15795,1
vdjdb_full_8403_rs_2_n0,NLVPMVATV_HLA-A*02:01,tcr12540,0
vdjdb_full_9239,YVLDHLIVV_HLA-A*02:01,tcr17056,1
vdjdb_full_9239_rs_2_n0,YVLDHLIVV_HLA-A*02:01,tcr17646,0
vdjdb_full_14716,RPRGEVRFL_HLA-B*07:02,tcr4673,1
vdjdb_full_14716_rs_2_n0,RPRGEVRFL_HLA-B*07:02,tcr17810,0
vdjdb_full_10625,LTDEMIAQY_HLA-A*01:01,tcr3352,1
vdjdb_full_10625_rs_2_n0,LTDEMIAQY_HLA-A*01:01,tcr4316,0
vdjdb_full_17258,YAKWKLCSA_HLA-B*08:01,tcr12258,1
vdjdb_full_17258_rs_2_n0,YAKWKLCSA_HLA-B*08:01,tcr13980,0
vdjdb_full_10117,RLRAEAQVK_HLA-A*03:01,tcr12660,1
vdjdb_full_10117_rs_2_n0,RLRAEAQVK_HLA-A*03:01,tcr4726,0
vdjdb_full_17260,YAKWKLCSA_HLA-B*08:01,tcr10909,1
vdjdb_full_17260_rs_2_n0,YAKWKLCSA_HLA-B*08:01,tcr9515,0
vdjdb_full_16200,GPRLGVRAT_HLA-B*07:02,tcr3715,1
vdjdb_full_16200_rs_2_n0,GPRLGVRAT_HLA-B*07:02,tcr3916,0
vdjdb_full_12098,ALAGIGILTV_HLA-A*02:01,tcr6689,1
vdjdb_full_12098_rs_2_n0,ALAGIGILTV_HLA-A*02:01,tcr4903,0
vdjdb_full_16312,RPIIRPATL_HLA-B*08:01,tcr6428,1
vdjdb_full_16312_rs_2_n0,RPIIRPATL_HLA-B*08:01,tcr1099,0
vdjdb_full_17719,TLWCSPIKV_HLA-A*02:01,tcr10981,1
vdjdb_full_17719_rs_2_n0,TLWCSPIKV_HLA-A*02:01,tcr11352,0
vdjdb_full_9458,YVLDHLIVV_HLA-A*02:01,tcr2124,1
vdjdb_full_9458_rs_2_n0,YVLDHLIVV_HLA-A*02:01,tcr11330,0
vdjdb_full_13355,RMFPNAPYL_HLA-A*02:01,tcr475,1
vdjdb_full_13355_rs_2_n0,RMFPNAPYL_HLA-A*02:01,tcr5760,0
vdjdb_full_15214,RPHERNGFTVL_HLA-B*07:02,tcr15002,1
vdjdb_full_15214_rs_2_n0,RPHERNGFTVL_HLA-B*07:02,tcr13693,0
vdjdb_full_14636,CTELKLSDY_HLA-A*01:01,tcr4123,1
vdjdb_full_14636_rs_2_n0,CTELKLSDY_HLA-A*01:01,tcr2173,0
vdjdb_full_10865,SPRWYFYYL_HLA-B*07:02,tcr4093,1
vdjdb_full_10865_rs_2_n0,SPRWYFYYL_HLA-B*07:02,tcr1661,0
vdjdb_full_5414,AVFDRKSDAK_HLA-A*11:01,tcr15266,1
vdjdb_full_5414_rs_2_n0,AVFDRKSDAK_HLA-A*11:01,tcr4298,0
vdjdb_full_1096,KLGGALQAK_HLA-A*03:01,tcr4393,1
vdjdb_full_1096_rs_2_n0,KLGGALQAK_HLA-A*03:01,tcr2726,0
vdjdb_full_4232,SLLMWITQV_HLA-A*02:01,tcr9401,1
vdjdb_full_4232_rs_2_n0,SLLMWITQV_HLA-A*02:01,tcr4036,0
vdjdb_full_14628,CTELKLSDY_HLA-A*01:01,tcr16786,1
vdjdb_full_14628_rs_2_n0,CTELKLSDY_HLA-A*01:01,tcr7163,0
vdjdb_full_14618,CTELKLSDY_HLA-A*01:01,tcr7708,1
vdjdb_full_14618_rs_2_n0,CTELKLSDY_HLA-A*01:01,tcr11474,0
vdjdb_full_15113,NQKLIANQF_HLA-B*15:01,tcr16696,1
vdjdb_full_15113_rs_2_n0,NQKLIANQF_HLA-B*15:01,tcr11393,0
vdjdb_full_16366,PTDNYITTY_HLA-A*01:01,tcr2901,1
vdjdb_full_16366_rs_2_n0,PTDNYITTY_HLA-A*01:01,tcr17567,0
vdjdb_full_12488,IVTDFSVIK_HLA-A*11:01,tcr5847,1
vdjdb_full_12488_rs_2_n0,IVTDFSVIK_HLA-A*11:01,tcr98,0
vdjdb_full_16219,GPRLGVRAT_HLA-B*07:02,tcr374,1
vdjdb_full_16219_rs_2_n0,GPRLGVRAT_HLA-B*07:02,tcr5641,0
vdjdb_full_14830,LLWNGPMAV_HLA-A*02:01,tcr7379,1
vdjdb_full_14830_rs_2_n0,LLWNGPMAV_HLA-A*02:01,tcr12152,0
vdjdb_full_2992,SLLMWITQV_HLA-A*02:01,tcr7076,1
vdjdb_full_2992_rs_2_n0,SLLMWITQV_HLA-A*02:01,tcr7611,0
vdjdb_full_13714,TPRVTGGGAM_HLA-B*07:02,tcr2808,1
vdjdb_full_13714_rs_2_n0,TPRVTGGGAM_HLA-B*07:02,tcr11130,0
vdjdb_full_11551,ATDALMTGF_HLA-A*01:01,tcr3982,1
vdjdb_full_11551_rs_2_n0,ATDALMTGF_HLA-A*01:01,tcr4511,0
vdjdb_full_16453,RTATKQYNV_HLA-A*02:01,tcr1652,1
vdjdb_full_16453_rs_2_n0,RTATKQYNV_HLA-A*02:01,tcr5094,0
vdjdb_full_13367,LPRWYFYYL_HLA-B*07:02,tcr6785,1
vdjdb_full_13367_rs_2_n0,LPRWYFYYL_HLA-B*07:02,tcr10689,0
vdjdb_full_8813,LLAGIGTVPI_HLA-A*02:01,tcr5138,1
vdjdb_full_8813_rs_2_n0,LLAGIGTVPI_HLA-A*02:01,tcr6020,0
vdjdb_full_9363,YVLDHLIVV_HLA-A*02:01,tcr10232,1
vdjdb_full_9363_rs_2_n0,YVLDHLIVV_HLA-A*02:01,tcr17673,0
vdjdb_full_8429,NLVPMVATV_HLA-A*02:01,tcr6191,1
vdjdb_full_8429_rs_2_n0,NLVPMVATV_HLA-A*02:01,tcr11379,0
vdjdb_full_12840,IVTDFSVIK_HLA-A*11:01,tcr9013,1
vdjdb_full_12840_rs_2_n0,IVTDFSVIK_HLA-A*11:01,tcr10959,0
vdjdb_full_9321,YVLDHLIVV_HLA-A*02:01,tcr9437,1
vdjdb_full_9321_rs_2_n0,YVLDHLIVV_HLA-A*02:01,tcr7086,0
vdjdb_full_11094,TTDPSFLGRY_HLA-A*01:01,tcr4965,1
vdjdb_full_11094_rs_2_n0,TTDPSFLGRY_HLA-A*01:01,tcr6748,0
vdjdb_full_16793,RLPGVLPRA_HLA-A*02:01,tcr922,1
vdjdb_full_16793_rs_2_n0,RLPGVLPRA_HLA-A*02:01,tcr17033,0
vdjdb_full_10560,LTDEMIAQY_HLA-A*01:01,tcr44,1
vdjdb_full_10560_rs_2_n0,LTDEMIAQY_HLA-A*01:01,tcr16487,0
vdjdb_full_7322,GILGFVFTL_HLA-A*02:01,tcr12919,1
vdjdb_full_7322_rs_2_n0,GILGFVFTL_HLA-A*02:01,tcr17447,0
vdjdb_full_17334,RVAGDSGFAAY_HLA-B*15:01,tcr5260,1
vdjdb_full_17334_rs_2_n0,RVAGDSGFAAY_HLA-B*15:01,tcr3949,0
vdjdb_full_10526,HPNGYKSLSTL_HLA-B*07:02,tcr5172,1
vdjdb_full_10526_rs_2_n0,HPNGYKSLSTL_HLA-B*07:02,tcr15147,0
vdjdb_full_15813,ALGIGILTV_HLA-A*02:01,tcr9359,1
vdjdb_full_15813_rs_2_n0,ALGIGILTV_HLA-A*02:01,tcr15312,0
vdjdb_full_11124,TTDPSFLGRY_HLA-A*01:01,tcr11215,1
vdjdb_full_11124_rs_2_n0,TTDPSFLGRY_HLA-A*01:01,tcr4909,0
vdjdb_full_9677,YLQPRTFLL_HLA-A*02:01,tcr2321,1
vdjdb_full_9677_rs_2_n0,YLQPRTFLL_HLA-A*02:01,tcr3556,0
vdjdb_full_4596,SLLMWITQV_HLA-A*02:01,tcr11188,1
vdjdb_full_4596_rs_2_n0,SLLMWITQV_HLA-A*02:01,tcr14353,0
vdjdb_full_16718,YLLEMLWRL_HLA-A*02:01,tcr16502,1
vdjdb_full_16718_rs_2_n0,YLLEMLWRL_HLA-A*02:01,tcr17971,0
vdjdb_full_16636,QYIKWPWYI_HLA-A*24:02,tcr14951,1
vdjdb_full_16636_rs_2_n0,QYIKWPWYI_HLA-A*24:02,tcr9927,0
vdjdb_full_13572,KTFPPTEPK_HLA-A*03:01,tcr9623,1
vdjdb_full_13572_rs_2_n0,KTFPPTEPK_HLA-A*03:01,tcr3165,0
vdjdb_full_12818,IVTDFSVIK_HLA-A*11:01,tcr5423,1
vdjdb_full_12818_rs_2_n0,IVTDFSVIK_HLA-A*11:01,tcr5814,0
vdjdb_full_16444,RTATKQYNV_HLA-A*02:01,tcr2563,1
vdjdb_full_16444_rs_2_n0,RTATKQYNV_HLA-A*02:01,tcr2550,0
vdjdb_full_16435,RTATKQYNV_HLA-A*02:01,tcr9193,1
vdjdb_full_16435_rs_2_n0,RTATKQYNV_HLA-A*02:01,tcr11845,0
vdjdb_full_16550,RLGPVQNEV_HLA-A*02:01,tcr13087,1
vdjdb_full_16550_rs_2_n0,RLGPVQNEV_HLA-A*02:01,tcr11239,0
vdjdb_full_13538,LLFGYPVYV_HLA-A*02:01,tcr10192,1
vdjdb_full_13538_rs_2_n0,LLFGYPVYV_HLA-A*02:01,tcr15186,0
vdjdb_full_17160,KTWGQYWQV_HLA-A*02:01,tcr912,1
vdjdb_full_17160_rs_2_n0,KTWGQYWQV_HLA-A*02:01,tcr17713,0
vdjdb_full_17469,LTSLTILQLY_HLA-A*01:01,tcr12415,1
vdjdb_full_17469_rs_2_n0,LTSLTILQLY_HLA-A*01:01,tcr10845,0
vdjdb_full_14651,CTELKLSDY_HLA-A*01:01,tcr6849,1
vdjdb_full_14651_rs_2_n0,CTELKLSDY_HLA-A*01:01,tcr10871,0
vdjdb_full_10095,RLRAEAQVK_HLA-A*03:01,tcr11370,1
vdjdb_full_10095_rs_2_n0,RLRAEAQVK_HLA-A*03:01,tcr6194,0
vdjdb_full_15474,CINGVCWTV_HLA-A*02:01,tcr1430,1
vdjdb_full_15474_rs_2_n0,CINGVCWTV_HLA-A*02:01,tcr1950,0
vdjdb_full_17170,KTWGQYWQV_HLA-A*02:01,tcr14538,1
vdjdb_full_17170_rs_2_n0,KTWGQYWQV_HLA-A*02:01,tcr17971,0
vdjdb_full_13845,TPRVTGGGAM_HLA-B*07:02,tcr7024,1
vdjdb_full_13845_rs_2_n0,TPRVTGGGAM_HLA-B*07:02,tcr12179,0
vdjdb_full_16701,VAANIVLTV_HLA-A*02:01,tcr16866,1
vdjdb_full_16701_rs_2_n0,VAANIVLTV_HLA-A*02:01,tcr14510,0
vdjdb_full_11716,ELAGIGILTV_HLA-A*02:01,tcr5985,1
vdjdb_full_11716_rs_2_n0,ELAGIGILTV_HLA-A*02:01,tcr14842,0
vdjdb_full_17136,HSNLNDATY_HLA-A*01:01,tcr15362,1
vdjdb_full_17136_rs_2_n0,HSNLNDATY_HLA-A*01:01,tcr8627,0
vdjdb_full_10593,LTDEMIAQY_HLA-A*01:01,tcr6918,1
vdjdb_full_10593_rs_2_n0,LTDEMIAQY_HLA-A*01:01,tcr1886,0
vdjdb_full_1416,KLGGALQAK_HLA-A*03:01,tcr5482,1
vdjdb_full_1416_rs_2_n0,KLGGALQAK_HLA-A*03:01,tcr10257,0
vdjdb_full_16471,RPPIFIRRL_HLA-B*07:02,tcr1461,1
vdjdb_full_16471_rs_2_n0,RPPIFIRRL_HLA-B*07:02,tcr5383,0
vdjdb_full_13316,CLGGLLTMV_HLA-A*02:01,tcr8775,1
vdjdb_full_13316_rs_2_n0,CLGGLLTMV_HLA-A*02:01,tcr4781,0
vdjdb_full_16553,RLGPVQNEV_HLA-A*02:01,tcr15030,1
vdjdb_full_16553_rs_2_n0,RLGPVQNEV_HLA-A*02:01,tcr5814,0
vdjdb_full_8323,LLDFVRFMGV_HLA-A*02:01,tcr3216,1
vdjdb_full_8323_rs_2_n0,LLDFVRFMGV_HLA-A*02:01,tcr12216,0
vdjdb_full_18174,QELIRQGTDY_HLA-B*44:02,tcr13404,1
vdjdb_full_18174_rs_2_n0,QELIRQGTDY_HLA-B*44:02,tcr11097,0
vdjdb_full_13492,FLYALALLL_HLA-A*02:01,tcr17247,1
vdjdb_full_13492_rs_2_n0,FLYALALLL_HLA-A*02:01,tcr839,0
vdjdb_full_17119,HSNLNDATY_HLA-A*01:01,tcr18158,1
vdjdb_full_17119_rs_2_n0,HSNLNDATY_HLA-A*01:01,tcr1147,0
vdjdb_full_14678,CTELKLSDY_HLA-A*01:01,tcr10139,1
vdjdb_full_14678_rs_2_n0,CTELKLSDY_HLA-A*01:01,tcr5172,0
vdjdb_full_11659,ELAGIGILTV_HLA-A*02:01,tcr17628,1
vdjdb_full_11659_rs_2_n0,ELAGIGILTV_HLA-A*02:01,tcr9735,0
vdjdb_full_15884,KSKRTPMGF_HLA-B*57:01,tcr14506,1
vdjdb_full_15884_rs_2_n0,KSKRTPMGF_HLA-B*57:01,tcr17046,0
vdjdb_full_16311,RPIIRPATL_HLA-B*08:01,tcr13868,1
vdjdb_full_16311_rs_2_n0,RPIIRPATL_HLA-B*08:01,tcr14821,0
vdjdb_full_170,KLGGALQAK_HLA-A*03:01,tcr17435,1
vdjdb_full_170_rs_2_n0,KLGGALQAK_HLA-A*03:01,tcr13162,0
vdjdb_full_10572,LTDEMIAQY_HLA-A*01:01,tcr856,1
vdjdb_full_10572_rs_2_n0,LTDEMIAQY_HLA-A*01:01,tcr2425,0
vdjdb_full_16485,RPPIFIRRL_HLA-B*07:02,tcr17567,1
vdjdb_full_16485_rs_2_n0,RPPIFIRRL_HLA-B*07:02,tcr3728,0
vdjdb_full_15047,LLWNGPMAV_HLA-A*02:01,tcr2140,1
vdjdb_full_15047_rs_2_n0,LLWNGPMAV_HLA-A*02:01,tcr5685,0
vdjdb_full_13361,RMFPNAPYL_HLA-A*02:01,tcr16152,1
vdjdb_full_13361_rs_2_n0,RMFPNAPYL_HLA-A*02:01,tcr8541,0
vdjdb_full_11519,ATDALMTGF_HLA-A*01:01,tcr7448,1
vdjdb_full_11519_rs_2_n0,ATDALMTGF_HLA-A*01:01,tcr10803,0
vdjdb_full_15222,RPHERNGFTVL_HLA-B*07:02,tcr8168,1
vdjdb_full_15222_rs_2_n0,RPHERNGFTVL_HLA-B*07:02,tcr7800,0
vdjdb_full_10239,RLRAEAQVK_HLA-A*03:01,tcr16422,1
vdjdb_full_10239_rs_2_n0,RLRAEAQVK_HLA-A*03:01,tcr17349,0
vdjdb_full_13422,FLYALALLL_HLA-A*02:01,tcr17834,1
vdjdb_full_13422_rs_2_n0,FLYALALLL_HLA-A*02:01,tcr3982,0
vdjdb_full_16719,YLLEMLWRL_HLA-A*02:01,tcr1082,1
vdjdb_full_16719_rs_2_n0,YLLEMLWRL_HLA-A*02:01,tcr12031,0
vdjdb_full_13385,LPRWYFYYL_HLA-B*07:02,tcr10119,1
vdjdb_full_13385_rs_2_n0,LPRWYFYYL_HLA-B*07:02,tcr9359,0
vdjdb_full_16053,KLVAMGINAV_HLA-A*02:01,tcr14641,1
vdjdb_full_16053_rs_2_n0,KLVAMGINAV_HLA-A*02:01,tcr13441,0
vdjdb_full_12072,ALAGIGILTV_HLA-A*02:01,tcr17850,1
vdjdb_full_12072_rs_2_n0,ALAGIGILTV_HLA-A*02:01,tcr2045,0
vdjdb_full_17302,KLSALGINAV_HLA-A*02:01,tcr1147,1
vdjdb_full_17302_rs_2_n0,KLSALGINAV_HLA-A*02:01,tcr5481,0
vdjdb_full_16513,RPPIFIRRL_HLA-B*07:02,tcr8404,1
vdjdb_full_16513_rs_2_n0,RPPIFIRRL_HLA-B*07:02,tcr12243,0
vdjdb_full_12055,ALAGIGILTV_HLA-A*02:01,tcr17202,1
vdjdb_full_12055_rs_2_n0,ALAGIGILTV_HLA-A*02:01,tcr5172,0
vdjdb_full_15363,CINGVCWTV_HLA-A*02:01,tcr11205,1
vdjdb_full_15363_rs_2_n0,CINGVCWTV_HLA-A*02:01,tcr10912,0
vdjdb_full_14622,CTELKLSDY_HLA-A*01:01,tcr15170,1
vdjdb_full_14622_rs_2_n0,CTELKLSDY_HLA-A*01:01,tcr9266,0
vdjdb_full_13176,DATYQRTRALVR_HLA-A*68:01,tcr79,1
vdjdb_full_13176_rs_2_n0,DATYQRTRALVR_HLA-A*68:01,tcr1101,0
vdjdb_full_17393,RGPGRAFVTI_HLA-A*02:01,tcr13559,1
vdjdb_full_17393_rs_2_n0,RGPGRAFVTI_HLA-A*02:01,tcr2321,0
vdjdb_full_16519,RPPIFIRRL_HLA-B*07:02,tcr3218,1
vdjdb_full_16519_rs_2_n0,RPPIFIRRL_HLA-B*07:02,tcr182,0
vdjdb_full_15744,STNVGSNTY_HLA-A*01:01,tcr13061,1
vdjdb_full_15744_rs_2_n0,STNVGSNTY_HLA-A*01:01,tcr9886,0
vdjdb_full_13204,DATYQRTRALVR_HLA-A*68:01,tcr8639,1
vdjdb_full_13204_rs_2_n0,DATYQRTRALVR_HLA-A*68:01,tcr12415,0
vdjdb_full_8940,LLAGIGTVPI_HLA-A*02:01,tcr5070,1
vdjdb_full_8940_rs_2_n0,LLAGIGTVPI_HLA-A*02:01,tcr5970,0
vdjdb_full_14557,RVRAYTYSK_HLA-A*03:01,tcr10084,1
vdjdb_full_14557_rs_2_n0,RVRAYTYSK_HLA-A*03:01,tcr7299,0
vdjdb_full_15119,NQKLIANQF_HLA-B*15:01,tcr7442,1
vdjdb_full_15119_rs_2_n0,NQKLIANQF_HLA-B*15:01,tcr15962,0
vdjdb_full_15216,RPHERNGFTVL_HLA-B*07:02,tcr11664,1
vdjdb_full_15216_rs_2_n0,RPHERNGFTVL_HLA-B*07:02,tcr15783,0
vdjdb_full_8321,LLDFVRFMGV_HLA-A*02:01,tcr8046,1
vdjdb_full_8321_rs_2_n0,LLDFVRFMGV_HLA-A*02:01,tcr13106,0
vdjdb_full_2133,GLCTLVAML_HLA-A*02:01,tcr8052,1
vdjdb_full_2133_rs_2_n0,GLCTLVAML_HLA-A*02:01,tcr16271,0
vdjdb_full_9527,CVNGSCFTV_HLA-A*02:01,tcr6256,1
vdjdb_full_9527_rs_2_n0,CVNGSCFTV_HLA-A*02:01,tcr13609,0
vdjdb_full_14637,CTELKLSDY_HLA-A*01:01,tcr13543,1
vdjdb_full_14637_rs_2_n0,CTELKLSDY_HLA-A*01:01,tcr14580,0
vdjdb_full_13274,CLGGLLTMV_HLA-A*02:01,tcr8294,1
vdjdb_full_13274_rs_2_n0,CLGGLLTMV_HLA-A*02:01,tcr479,0
vdjdb_full_10519,HPNGYKSLSTL_HLA-B*07:02,tcr16713,1
vdjdb_full_10519_rs_2_n0,HPNGYKSLSTL_HLA-B*07:02,tcr9013,0
vdjdb_full_11999,ELAGIGILTV_HLA-A*02:01,tcr2355,1
vdjdb_full_11999_rs_2_n0,ELAGIGILTV_HLA-A*02:01,tcr9869,0
vdjdb_full_15671,FLRGRAYGL_HLA-B*08:01,tcr8024,1
vdjdb_full_15671_rs_2_n0,FLRGRAYGL_HLA-B*08:01,tcr15069,0
vdjdb_full_15197,RPHERNGFTVL_HLA-B*07:02,tcr5974,1
vdjdb_full_15197_rs_2_n0,RPHERNGFTVL_HLA-B*07:02,tcr10600,0
vdjdb_full_11004,SPRWYFYYL_HLA-B*07:02,tcr617,1
vdjdb_full_11004_rs_2_n0,SPRWYFYYL_HLA-B*07:02,tcr13176,0
vdjdb_full_15390,CINGVCWTV_HLA-A*02:01,tcr12823,1
vdjdb_full_15390_rs_2_n0,CINGVCWTV_HLA-A*02:01,tcr7341,0
vdjdb_full_17962,EPLPQGQLTAY_HLA-B*35:01,tcr51,1
vdjdb_full_17962_rs_2_n0,EPLPQGQLTAY_HLA-B*35:01,tcr16786,0
vdjdb_full_16213,GPRLGVRAT_HLA-B*07:02,tcr956,1
vdjdb_full_16213_rs_2_n0,GPRLGVRAT_HLA-B*07:02,tcr16229,0
vdjdb_full_15294,CINGVCWTV_HLA-A*02:01,tcr5176,1
vdjdb_full_15294_rs_2_n0,CINGVCWTV_HLA-A*02:01,tcr6675,0
vdjdb_full_16766,RLPGVLPRA_HLA-A*02:01,tcr13819,1
vdjdb_full_16766_rs_2_n0,RLPGVLPRA_HLA-A*02:01,tcr1437,0
vdjdb_full_9327,YVLDHLIVV_HLA-A*02:01,tcr9523,1
vdjdb_full_9327_rs_2_n0,YVLDHLIVV_HLA-A*02:01,tcr12691,0
vdjdb_full_15267,FMVFLQTHI_HLA-A*02:01,tcr618,1
vdjdb_full_15267_rs_2_n0,FMVFLQTHI_HLA-A*02:01,tcr8219,0
vdjdb_full_7865,GILGFVFTL_HLA-A*02:01,tcr8321,1
vdjdb_full_7865_rs_2_n0,GILGFVFTL_HLA-A*02:01,tcr4883,0
vdjdb_full_15264,FMVFLQTHI_HLA-A*02:01,tcr16221,1
vdjdb_full_15264_rs_2_n0,FMVFLQTHI_HLA-A*02:01,tcr7587,0
vdjdb_full_16017,KLVALGINAV_HLA-A*02:01,tcr6606,1
vdjdb_full_16017_rs_2_n0,KLVALGINAV_HLA-A*02:01,tcr5079,0
vdjdb_full_12078,ALAGIGILTV_HLA-A*02:01,tcr16075,1
vdjdb_full_12078_rs_2_n0,ALAGIGILTV_HLA-A*02:01,tcr11973,0
vdjdb_full_48,QAKWRLQTL_HLA-B*08:01,tcr11645,1
vdjdb_full_48_rs_2_n0,QAKWRLQTL_HLA-B*08:01,tcr2355,0
vdjdb_full_13887,AYAQKIFKI_HLA-A*24:02,tcr14926,1
vdjdb_full_13887_rs_2_n0,AYAQKIFKI_HLA-A*24:02,tcr10139,0
vdjdb_full_12543,IVTDFSVIK_HLA-A*11:01,tcr2072,1
vdjdb_full_12543_rs_2_n0,IVTDFSVIK_HLA-A*11:01,tcr469,0
vdjdb_full_12229,IVTDFSVIK_HLA-A*11:01,tcr9720,1
vdjdb_full_12229_rs_2_n0,IVTDFSVIK_HLA-A*11:01,tcr6032,0
vdjdb_full_10155,RLRAEAQVK_HLA-A*03:01,tcr3459,1
vdjdb_full_10155_rs_2_n0,RLRAEAQVK_HLA-A*03:01,tcr11548,0
vdjdb_full_17684,ALWALPHAA_HLA-A*02:01,tcr10667,1
vdjdb_full_17684_rs_2_n0,ALWALPHAA_HLA-A*02:01,tcr1001,0
vdjdb_full_14919,LLWNGPMAV_HLA-A*02:01,tcr17835,1
vdjdb_full_14919_rs_2_n0,LLWNGPMAV_HLA-A*02:01,tcr6763,0
vdjdb_full_15373,CINGVCWTV_HLA-A*02:01,tcr4958,1
vdjdb_full_15373_rs_2_n0,CINGVCWTV_HLA-A*02:01,tcr7865,0
vdjdb_full_11538,ATDALMTGF_HLA-A*01:01,tcr598,1
vdjdb_full_11538_rs_2_n0,ATDALMTGF_HLA-A*01:01,tcr17294,0
vdjdb_full_10748,SPRWYFYYL_HLA-B*07:02,tcr14463,1
vdjdb_full_10748_rs_2_n0,SPRWYFYYL_HLA-B*07:02,tcr12100,0
vdjdb_full_4340,SLLMWITQV_HLA-A*02:01,tcr15315,1
vdjdb_full_4340_rs_2_n0,SLLMWITQV_HLA-A*02:01,tcr12796,0
vdjdb_full_659,KLGGALQAK_HLA-A*03:01,tcr2922,1
vdjdb_full_659_rs_2_n0,KLGGALQAK_HLA-A*03:01,tcr11223,0
vdjdb_full_15815,ALGIGILTV_HLA-A*02:01,tcr16140,1
vdjdb_full_15815_rs_2_n0,ALGIGILTV_HLA-A*02:01,tcr5636,0
vdjdb_full_9643,YLQPRTFLL_HLA-A*02:01,tcr14626,1
vdjdb_full_9643_rs_2_n0,YLQPRTFLL_HLA-A*02:01,tcr16923,0
vdjdb_full_15727,VYFLQSINF_HLA-A*24:02,tcr17704,1
vdjdb_full_15727_rs_2_n0,VYFLQSINF_HLA-A*24:02,tcr5437,0
vdjdb_full_2096,GLCTLVAML_HLA-A*02:01,tcr2679,1
vdjdb_full_2096_rs_2_n0,GLCTLVAML_HLA-A*02:01,tcr11230,0
vdjdb_full_14696,CTELKLSDY_HLA-A*01:01,tcr2433,1
vdjdb_full_14696_rs_2_n0,CTELKLSDY_HLA-A*01:01,tcr7358,0
vdjdb_full_9616,YLQPRTFLL_HLA-A*02:01,tcr14402,1
vdjdb_full_9616_rs_2_n0,YLQPRTFLL_HLA-A*02:01,tcr10803,0
vdjdb_full_9517,YVLDHLIVV_HLA-A*02:01,tcr9134,1
vdjdb_full_9517_rs_2_n0,YVLDHLIVV_HLA-A*02:01,tcr9626,0
vdjdb_full_15464,CINGVCWTV_HLA-A*02:01,tcr4612,1
vdjdb_full_15464_rs_2_n0,CINGVCWTV_HLA-A*02:01,tcr3051,0
vdjdb_full_14874,LLWNGPMAV_HLA-A*02:01,tcr5363,1
vdjdb_full_14874_rs_2_n0,LLWNGPMAV_HLA-A*02:01,tcr8395,0
vdjdb_full_9824,YLQPRTFLL_HLA-A*02:01,tcr12504,1
vdjdb_full_9824_rs_2_n0,YLQPRTFLL_HLA-A*02:01,tcr18368,0
vdjdb_full_10300,RLRAEAQVK_HLA-A*03:01,tcr16679,1
vdjdb_full_10300_rs_2_n0,RLRAEAQVK_HLA-A*03:01,tcr1380,0
vdjdb_full_15616,FLRGRAYGL_HLA-B*08:01,tcr7417,1
vdjdb_full_15616_rs_2_n0,FLRGRAYGL_HLA-B*08:01,tcr15908,0
vdjdb_full_15634,FLRGRAYGL_HLA-B*08:01,tcr9926,1
vdjdb_full_15634_rs_2_n0,FLRGRAYGL_HLA-B*08:01,tcr2619,0
vdjdb_full_14653,CTELKLSDY_HLA-A*01:01,tcr9829,1
vdjdb_full_14653_rs_2_n0,CTELKLSDY_HLA-A*01:01,tcr6922,0
vdjdb_full_15560,FLRGRAYGL_HLA-B*08:01,tcr7662,1
vdjdb_full_15560_rs_2_n0,FLRGRAYGL_HLA-B*08:01,tcr17357,0
vdjdb_full_16877,MEVTPSGTWL_HLA-B*40:01,tcr14298,1
vdjdb_full_16877_rs_2_n0,MEVTPSGTWL_HLA-B*40:01,tcr11817,0
vdjdb_full_2346,GLCTLVAML_HLA-A*02:01,tcr13693,1
vdjdb_full_2346_rs_2_n0,GLCTLVAML_HLA-A*02:01,tcr7485,0
vdjdb_full_12150,FTSDYYQLY_HLA-A*01:01,tcr14821,1
vdjdb_full_12150_rs_2_n0,FTSDYYQLY_HLA-A*01:01,tcr5662,0
vdjdb_full_18075,CYTWNQMNL_HLA-A*24:02,tcr1014,1
vdjdb_full_18075_rs_2_n0,CYTWNQMNL_HLA-A*24:02,tcr2724,0
vdjdb_full_13278,CLGGLLTMV_HLA-A*02:01,tcr2897,1
vdjdb_full_13278_rs_2_n0,CLGGLLTMV_HLA-A*02:01,tcr5203,0
vdjdb_full_2392,GLCTLVAML_HLA-A*02:01,tcr11694,1
vdjdb_full_2392_rs_2_n0,GLCTLVAML_HLA-A*02:01,tcr13531,0
vdjdb_full_14549,RVRAYTYSK_HLA-A*03:01,tcr5751,1
vdjdb_full_14549_rs_2_n0,RVRAYTYSK_HLA-A*03:01,tcr11163,0
vdjdb_full_6930,GILGFVFTL_HLA-A*02:01,tcr14878,1
vdjdb_full_6930_rs_2_n0,GILGFVFTL_HLA-A*02:01,tcr13471,0
vdjdb_full_13720,TPRVTGGGAM_HLA-B*07:02,tcr2876,1
vdjdb_full_13720_rs_2_n0,TPRVTGGGAM_HLA-B*07:02,tcr4667,0
vdjdb_full_9124,LLAGIGTVPI_HLA-A*02:01,tcr3503,1
vdjdb_full_9124_rs_2_n0,LLAGIGTVPI_HLA-A*02:01,tcr11231,0
vdjdb_full_10745,SPRWYFYYL_HLA-B*07:02,tcr4621,1
vdjdb_full_10745_rs_2_n0,SPRWYFYYL_HLA-B*07:02,tcr7693,0
vdjdb_full_11615,ATDALMTGF_HLA-A*01:01,tcr5813,1
vdjdb_full_11615_rs_2_n0,ATDALMTGF_HLA-A*01:01,tcr13868,0
vdjdb_full_10650,LTDEMIAQY_HLA-A*01:01,tcr4402,1
vdjdb_full_10650_rs_2_n0,LTDEMIAQY_HLA-A*01:01,tcr18299,0
vdjdb_full_17292,KLSALGINAV_HLA-A*02:01,tcr11029,1
vdjdb_full_17292_rs_2_n0,KLSALGINAV_HLA-A*02:01,tcr12742,0
vdjdb_full_16298,RPIIRPATL_HLA-B*08:01,tcr10159,1
vdjdb_full_16298_rs_2_n0,RPIIRPATL_HLA-B*08:01,tcr13950,0
vdjdb_full_16198,GPRLGVRAT_HLA-B*07:02,tcr11379,1
vdjdb_full_16198_rs_2_n0,GPRLGVRAT_HLA-B*07:02,tcr5885,0
vdjdb_full_13263,CLGGLLTMV_HLA-A*02:01,tcr10482,1
vdjdb_full_13263_rs_2_n0,CLGGLLTMV_HLA-A*02:01,tcr4667,0
vdjdb_full_8767,LLAGIGTVPI_HLA-A*02:01,tcr4414,1
vdjdb_full_8767_rs_2_n0,LLAGIGTVPI_HLA-A*02:01,tcr12466,0
vdjdb_full_17329,RVAGDSGFAAY_HLA-B*15:01,tcr5943,1
vdjdb_full_17329_rs_2_n0,RVAGDSGFAAY_HLA-B*15:01,tcr9443,0
vdjdb_full_14099,RVRAYTYSK_HLA-A*03:01,tcr17225,1
vdjdb_full_14099_rs_2_n0,RVRAYTYSK_HLA-A*03:01,tcr15143,0
vdjdb_full_13246,DATYQRTRALVR_HLA-A*68:01,tcr13407,1
vdjdb_full_13246_rs_2_n0,DATYQRTRALVR_HLA-A*68:01,tcr6762,0
vdjdb_full_9828,YLQPRTFLL_HLA-A*02:01,tcr17122,1
vdjdb_full_9828_rs_2_n0,YLQPRTFLL_HLA-A*02:01,tcr12979,0
vdjdb_full_15240,RPHERNGFTVL_HLA-B*07:02,tcr14175,1
vdjdb_full_15240_rs_2_n0,RPHERNGFTVL_HLA-B*07:02,tcr9076,0
vdjdb_full_11076,FLASKIGRLV_HLA-A*02:01,tcr6638,1
vdjdb_full_11076_rs_2_n0,FLASKIGRLV_HLA-A*02:01,tcr7379,0
vdjdb_full_14656,CTELKLSDY_HLA-A*01:01,tcr11702,1
vdjdb_full_14656_rs_2_n0,CTELKLSDY_HLA-A*01:01,tcr10525,0
vdjdb_full_11342,TTDPSFLGRY_HLA-A*01:01,tcr2426,1
vdjdb_full_11342_rs_2_n0,TTDPSFLGRY_HLA-A*01:01,tcr9880,0
vdjdb_full_14695,CTELKLSDY_HLA-A*01:01,tcr17205,1
vdjdb_full_14695_rs_2_n0,CTELKLSDY_HLA-A*01:01,tcr15416,0
vdjdb_full_15185,RPHERNGFTVL_HLA-B*07:02,tcr4285,1
vdjdb_full_15185_rs_2_n0,RPHERNGFTVL_HLA-B*07:02,tcr10981,0
vdjdb_full_15949,KSKRTPMGF_HLA-B*57:01,tcr1763,1
vdjdb_full_15949_rs_2_n0,KSKRTPMGF_HLA-B*57:01,tcr7799,0
vdjdb_full_9445,YVLDHLIVV_HLA-A*02:01,tcr18110,1
vdjdb_full_9445_rs_2_n0,YVLDHLIVV_HLA-A*02:01,tcr12918,0
vdjdb_full_8438,NLVPMVATV_HLA-A*02:01,tcr15082,1
vdjdb_full_8438_rs_2_n0,NLVPMVATV_HLA-A*02:01,tcr8985,0
vdjdb_full_13217,DATYQRTRALVR_HLA-A*68:01,tcr11915,1
vdjdb_full_13217_rs_2_n0,DATYQRTRALVR_HLA-A*68:01,tcr12515,0
vdjdb_full_10631,LTDEMIAQY_HLA-A*01:01,tcr7423,1
vdjdb_full_10631_rs_2_n0,LTDEMIAQY_HLA-A*01:01,tcr8189,0
vdjdb_full_8844,LLAGIGTVPI_HLA-A*02:01,tcr7449,1
vdjdb_full_8844_rs_2_n0,LLAGIGTVPI_HLA-A*02:01,tcr10344,0
vdjdb_full_16850,MEVTPSGTWL_HLA-B*40:01,tcr16885,1
vdjdb_full_16850_rs_2_n0,MEVTPSGTWL_HLA-B*40:01,tcr3805,0
vdjdb_full_11811,ELAGIGILTV_HLA-A*02:01,tcr8214,1
vdjdb_full_11811_rs_2_n0,ELAGIGILTV_HLA-A*02:01,tcr3492,0
vdjdb_full_16940,RTATKAYNV_HLA-A*02:01,tcr12486,1
vdjdb_full_16940_rs_2_n0,RTATKAYNV_HLA-A*02:01,tcr358,0
vdjdb_full_8398,NLVPMVATV_HLA-A*02:01,tcr17619,1
vdjdb_full_8398_rs_2_n0,NLVPMVATV_HLA-A*02:01,tcr7194,0
vdjdb_full_16290,RPIIRPATL_HLA-B*08:01,tcr4169,1
vdjdb_full_16290_rs_2_n0,RPIIRPATL_HLA-B*08:01,tcr15847,0
vdjdb_full_12169,IMDQVPFSV_HLA-A*02:01,tcr4883,1
vdjdb_full_12169_rs_2_n0,IMDQVPFSV_HLA-A*02:01,tcr7183,0
vdjdb_full_7581,GILGFVFTL_HLA-A*02:01,tcr230,1
vdjdb_full_7581_rs_2_n0,GILGFVFTL_HLA-A*02:01,tcr2772,0
vdjdb_full_11000,SPRWYFYYL_HLA-B*07:02,tcr172,1
vdjdb_full_11000_rs_2_n0,SPRWYFYYL_HLA-B*07:02,tcr9359,0
vdjdb_full_14732,RPRGEVRFL_HLA-B*07:02,tcr9898,1
vdjdb_full_14732_rs_2_n0,RPRGEVRFL_HLA-B*07:02,tcr9644,0
vdjdb_full_16653,QYIKWPWYI_HLA-A*24:02,tcr17195,1
vdjdb_full_16653_rs_2_n0,QYIKWPWYI_HLA-A*24:02,tcr8262,0
vdjdb_full_16624,QYIKWPWYI_HLA-A*24:02,tcr15366,1
vdjdb_full_16624_rs_2_n0,QYIKWPWYI_HLA-A*24:02,tcr10798,0
vdjdb_full_16844,VLEETSVML_HLA-A*02:01,tcr6103,1
vdjdb_full_16844_rs_2_n0,VLEETSVML_HLA-A*02:01,tcr15346,0
vdjdb_full_11156,TTDPSFLGRY_HLA-A*01:01,tcr9058,1
vdjdb_full_11156_rs_2_n0,TTDPSFLGRY_HLA-A*01:01,tcr11850,0
vdjdb_full_10092,RLRAEAQVK_HLA-A*03:01,tcr7771,1
vdjdb_full_10092_rs_2_n0,RLRAEAQVK_HLA-A*03:01,tcr16823,0
vdjdb_full_11851,ELAGIGILTV_HLA-A*02:01,tcr5500,1
vdjdb_full_11851_rs_2_n0,ELAGIGILTV_HLA-A*02:01,tcr1075,0
vdjdb_full_11416,TTDPSFLGRY_HLA-A*01:01,tcr18166,1
vdjdb_full_11416_rs_2_n0,TTDPSFLGRY_HLA-A*01:01,tcr8342,0
vdjdb_full_9613,YLQPRTFLL_HLA-A*02:01,tcr16762,1
vdjdb_full_9613_rs_2_n0,YLQPRTFLL_HLA-A*02:01,tcr6716,0
vdjdb_full_17966,EPLPQGQLTAY_HLA-B*35:01,tcr12425,1
vdjdb_full_17966_rs_2_n0,EPLPQGQLTAY_HLA-B*35:01,tcr11817,0
vdjdb_full_11656,ELAGIGILTV_HLA-A*02:01,tcr3044,1
vdjdb_full_11656_rs_2_n0,ELAGIGILTV_HLA-A*02:01,tcr14836,0
vdjdb_full_13539,LLFGYPVYV_HLA-A*02:01,tcr14957,1
vdjdb_full_13539_rs_2_n0,LLFGYPVYV_HLA-A*02:01,tcr9170,0
vdjdb_full_13406,FLYALALLL_HLA-A*02:01,tcr2459,1
vdjdb_full_13406_rs_2_n0,FLYALALLL_HLA-A*02:01,tcr230,0
vdjdb_full_16627,QYIKWPWYI_HLA-A*24:02,tcr13042,1
vdjdb_full_16627_rs_2_n0,QYIKWPWYI_HLA-A*24:02,tcr9927,0
vdjdb_full_6873,GILGFVFTL_HLA-A*02:01,tcr8902,1
vdjdb_full_6873_rs_2_n0,GILGFVFTL_HLA-A*02:01,tcr14674,0
vdjdb_full_9671,YLQPRTFLL_HLA-A*02:01,tcr579,1
vdjdb_full_9671_rs_2_n0,YLQPRTFLL_HLA-A*02:01,tcr8541,0
vdjdb_full_16251,GIIYIIYKL_HLA-A*02:01,tcr14720,1
vdjdb_full_16251_rs_2_n0,GIIYIIYKL_HLA-A*02:01,tcr6867,0
vdjdb_full_19289,KTFPPTEPK_HLA-A*11:01,tcr4691,1
vdjdb_full_19289_rs_2_n0,KTFPPTEPK_HLA-A*11:01,tcr1083,0
vdjdb_full_1439,KLGGALQAK_HLA-A*03:01,tcr4992,1
vdjdb_full_1439_rs_2_n0,KLGGALQAK_HLA-A*03:01,tcr4621,0
vdjdb_full_13412,FLYALALLL_HLA-A*02:01,tcr16310,1
vdjdb_full_13412_rs_2_n0,FLYALALLL_HLA-A*02:01,tcr16055,0
vdjdb_full_10796,SPRWYFYYL_HLA-B*07:02,tcr17447,1
vdjdb_full_10796_rs_2_n0,SPRWYFYYL_HLA-B*07:02,tcr656,0
vdjdb_full_13504,LLLEWLAMA_HLA-A*02:01,tcr13835,1
vdjdb_full_13504_rs_2_n0,LLLEWLAMA_HLA-A*02:01,tcr12796,0
vdjdb_full_16799,RLPGVLPRA_HLA-A*02:01,tcr8591,1
vdjdb_full_16799_rs_2_n0,RLPGVLPRA_HLA-A*02:01,tcr6146,0
vdjdb_full_15006,LLWNGPMAV_HLA-A*02:01,tcr10912,1
vdjdb_full_15006_rs_2_n0,LLWNGPMAV_HLA-A*02:01,tcr6738,0
vdjdb_full_11668,ELAGIGILTV_HLA-A*02:01,tcr13657,1
vdjdb_full_11668_rs_2_n0,ELAGIGILTV_HLA-A*02:01,tcr13289,0
vdjdb_full_10662,LTDEMIAQY_HLA-A*01:01,tcr15742,1
vdjdb_full_10662_rs_2_n0,LTDEMIAQY_HLA-A*01:01,tcr1820,0
vdjdb_full_7793,GILGFVFTL_HLA-A*02:01,tcr5715,1
vdjdb_full_7793_rs_2_n0,GILGFVFTL_HLA-A*02:01,tcr4609,0
vdjdb_full_11492,TTDPSFLGRY_HLA-A*01:01,tcr5865,1
vdjdb_full_11492_rs_2_n0,TTDPSFLGRY_HLA-A*01:01,tcr6720,0
vdjdb_full_15091,NQKLIANQF_HLA-B*15:01,tcr1819,1
vdjdb_full_15091_rs_2_n0,NQKLIANQF_HLA-B*15:01,tcr15890,0
vdjdb_full_15275,FMVFLQTHI_HLA-A*02:01,tcr1072,1
vdjdb_full_15275_rs_2_n0,FMVFLQTHI_HLA-A*02:01,tcr1820,0
vdjdb_full_11096,TTDPSFLGRY_HLA-A*01:01,tcr240,1
vdjdb_full_11096_rs_2_n0,TTDPSFLGRY_HLA-A*01:01,tcr14490,0
vdjdb_full_12124,FTSDYYQLY_HLA-A*01:01,tcr17906,1
vdjdb_full_12124_rs_2_n0,FTSDYYQLY_HLA-A*01:01,tcr4256,0
vdjdb_full_16308,RPIIRPATL_HLA-B*08:01,tcr14889,1
vdjdb_full_16308_rs_2_n0,RPIIRPATL_HLA-B*08:01,tcr2442,0
vdjdb_full_16883,MEVTPSGTWL_HLA-B*40:01,tcr11440,1
vdjdb_full_16883_rs_2_n0,MEVTPSGTWL_HLA-B*40:01,tcr14788,0
vdjdb_full_14777,RAQAPPPSW_HLA-B*57:01,tcr4152,1
vdjdb_full_14777_rs_2_n0,RAQAPPPSW_HLA-B*57:01,tcr11258,0
vdjdb_full_15787,RTLNAWVKV_HLA-A*02:01,tcr2011,1
vdjdb_full_15787_rs_2_n0,RTLNAWVKV_HLA-A*02:01,tcr11502,0
vdjdb_full_16872,MEVTPSGTWL_HLA-B*40:01,tcr5106,1
vdjdb_full_16872_rs_2_n0,MEVTPSGTWL_HLA-B*40:01,tcr7261,0
vdjdb_full_13457,FLYALALLL_HLA-A*02:01,tcr4595,1
vdjdb_full_13457_rs_2_n0,FLYALALLL_HLA-A*02:01,tcr16511,0
vdjdb_full_17024,LLYDANYFL_HLA-A*02:01,tcr4271,1
vdjdb_full_17024_rs_2_n0,LLYDANYFL_HLA-A*02:01,tcr9720,0
vdjdb_full_11879,ELAGIGILTV_HLA-A*02:01,tcr7116,1
vdjdb_full_11879_rs_2_n0,ELAGIGILTV_HLA-A*02:01,tcr115,0
vdjdb_full_13405,FLYALALLL_HLA-A*02:01,tcr10463,1
vdjdb_full_13405_rs_2_n0,FLYALALLL_HLA-A*02:01,tcr1011,0
vdjdb_full_10971,SPRWYFYYL_HLA-B*07:02,tcr12480,1
vdjdb_full_10971_rs_2_n0,SPRWYFYYL_HLA-B*07:02,tcr171,0
vdjdb_full_622,KLGGALQAK_HLA-A*03:01,tcr13687,1
vdjdb_full_622_rs_2_n0,KLGGALQAK_HLA-A*03:01,tcr8023,0
vdjdb_full_9514,YVLDHLIVV_HLA-A*02:01,tcr10609,1
vdjdb_full_9514_rs_2_n0,YVLDHLIVV_HLA-A*02:01,tcr2568,0
vdjdb_full_16703,VAANIVLTV_HLA-A*02:01,tcr13289,1
vdjdb_full_16703_rs_2_n0,VAANIVLTV_HLA-A*02:01,tcr2724,0
vdjdb_full_8912,LLAGIGTVPI_HLA-A*02:01,tcr4842,1
vdjdb_full_8912_rs_2_n0,LLAGIGTVPI_HLA-A*02:01,tcr15312,0
vdjdb_full_16867,MEVTPSGTWL_HLA-B*40:01,tcr3940,1
vdjdb_full_16867_rs_2_n0,MEVTPSGTWL_HLA-B*40:01,tcr10774,0
vdjdb_full_8454,NLVPMVATV_HLA-A*02:01,tcr9963,1
vdjdb_full_8454_rs_2_n0,NLVPMVATV_HLA-A*02:01,tcr17445,0
vdjdb_full_16678,VMNILLQYV_HLA-A*02:01,tcr15923,1
vdjdb_full_16678_rs_2_n0,VMNILLQYV_HLA-A*02:01,tcr13407,0
vdjdb_full_10654,LTDEMIAQY_HLA-A*01:01,tcr920,1
vdjdb_full_10654_rs_2_n0,LTDEMIAQY_HLA-A*01:01,tcr12191,0
vdjdb_full_10553,LTDEMIAQY_HLA-A*01:01,tcr18270,1
vdjdb_full_10553_rs_2_n0,LTDEMIAQY_HLA-A*01:01,tcr7998,0
vdjdb_full_9501,YVLDHLIVV_HLA-A*02:01,tcr14101,1
vdjdb_full_9501_rs_2_n0,YVLDHLIVV_HLA-A*02:01,tcr1653,0
vdjdb_full_13917,AYAQKIFKI_HLA-A*24:02,tcr2799,1
vdjdb_full_13917_rs_2_n0,AYAQKIFKI_HLA-A*24:02,tcr15666,0
vdjdb_full_13465,FLYALALLL_HLA-A*02:01,tcr14550,1
vdjdb_full_13465_rs_2_n0,FLYALALLL_HLA-A*02:01,tcr5060,0
vdjdb_full_14891,LLWNGPMAV_HLA-A*02:01,tcr15907,1
vdjdb_full_14891_rs_2_n0,LLWNGPMAV_HLA-A*02:01,tcr1436,0
vdjdb_full_12056,ALAGIGILTV_HLA-A*02:01,tcr18071,1
vdjdb_full_12056_rs_2_n0,ALAGIGILTV_HLA-A*02:01,tcr11326,0
vdjdb_full_13536,LLFGYPVYV_HLA-A*02:01,tcr5820,1
vdjdb_full_13536_rs_2_n0,LLFGYPVYV_HLA-A*02:01,tcr4197,0
vdjdb_full_15974,KSKRTPMGF_HLA-B*57:01,tcr5148,1
vdjdb_full_15974_rs_2_n0,KSKRTPMGF_HLA-B*57:01,tcr16653,0
vdjdb_full_4165,SLLMWITQV_HLA-A*02:01,tcr13664,1
vdjdb_full_4165_rs_2_n0,SLLMWITQV_HLA-A*02:01,tcr1756,0
vdjdb_full_13199,DATYQRTRALVR_HLA-A*68:01,tcr5279,1
vdjdb_full_13199_rs_2_n0,DATYQRTRALVR_HLA-A*68:01,tcr14979,0
vdjdb_full_9504,YVLDHLIVV_HLA-A*02:01,tcr10315,1
vdjdb_full_9504_rs_2_n0,YVLDHLIVV_HLA-A*02:01,tcr1537,0
vdjdb_full_14691,CTELKLSDY_HLA-A*01:01,tcr14524,1
vdjdb_full_14691_rs_2_n0,CTELKLSDY_HLA-A*01:01,tcr4869,0
vdjdb_full_16654,QYIKWPWYI_HLA-A*24:02,tcr14150,1
vdjdb_full_16654_rs_2_n0,QYIKWPWYI_HLA-A*24:02,tcr11011,0
vdjdb_full_17678,ALWALPHAA_HLA-A*02:01,tcr17484,1
vdjdb_full_17678_rs_2_n0,ALWALPHAA_HLA-A*02:01,tcr13906,0
vdjdb_full_16889,MEVTPSGTWL_HLA-B*40:01,tcr8751,1
vdjdb_full_16889_rs_2_n0,MEVTPSGTWL_HLA-B*40:01,tcr1730,0
vdjdb_full_16918,RTATKAYNV_HLA-A*02:01,tcr17738,1
vdjdb_full_16918_rs_2_n0,RTATKAYNV_HLA-A*02:01,tcr17590,0
vdjdb_full_8805,LLAGIGTVPI_HLA-A*02:01,tcr4760,1
vdjdb_full_8805_rs_2_n0,LLAGIGTVPI_HLA-A*02:01,tcr12457,0
vdjdb_full_13432,FLYALALLL_HLA-A*02:01,tcr11641,1
vdjdb_full_13432_rs_2_n0,FLYALALLL_HLA-A*02:01,tcr2864,0
vdjdb_full_13841,TPRVTGGGAM_HLA-B*07:02,tcr9004,1
vdjdb_full_13841_rs_2_n0,TPRVTGGGAM_HLA-B*07:02,tcr18195,0
vdjdb_full_11535,ATDALMTGF_HLA-A*01:01,tcr2482,1
vdjdb_full_11535_rs_2_n0,ATDALMTGF_HLA-A*01:01,tcr7423,0
vdjdb_full_16062,KLVAMGINAV_HLA-A*02:01,tcr10851,1
vdjdb_full_16062_rs_2_n0,KLVAMGINAV_HLA-A*02:01,tcr1679,0
vdjdb_full_3287,SLLMWITQV_HLA-A*02:01,tcr11474,1
vdjdb_full_3287_rs_2_n0,SLLMWITQV_HLA-A*02:01,tcr932,0
vdjdb_full_9591,YLQPRTFLL_HLA-A*02:01,tcr2164,1
vdjdb_full_9591_rs_2_n0,YLQPRTFLL_HLA-A*02:01,tcr16927,0
vdjdb_full_16784,RLPGVLPRA_HLA-A*02:01,tcr8900,1
vdjdb_full_16784_rs_2_n0,RLPGVLPRA_HLA-A*02:01,tcr13908,0
vdjdb_full_13410,FLYALALLL_HLA-A*02:01,tcr3073,1
vdjdb_full_13410_rs_2_n0,FLYALALLL_HLA-A*02:01,tcr15345,0
vdjdb_full_8737,LLAGIGTVPI_HLA-A*02:01,tcr6317,1
vdjdb_full_8737_rs_2_n0,LLAGIGTVPI_HLA-A*02:01,tcr839,0
vdjdb_full_13418,FLYALALLL_HLA-A*02:01,tcr7368,1
vdjdb_full_13418_rs_2_n0,FLYALALLL_HLA-A*02:01,tcr9344,0
vdjdb_full_10550,LTDEMIAQY_HLA-A*01:01,tcr11369,1
vdjdb_full_10550_rs_2_n0,LTDEMIAQY_HLA-A*01:01,tcr7890,0
vdjdb_full_15353,CINGVCWTV_HLA-A*02:01,tcr15844,1
vdjdb_full_15353_rs_2_n0,CINGVCWTV_HLA-A*02:01,tcr11174,0
vdjdb_full_5441,AVFDRKSDAK_HLA-A*11:01,tcr9787,1
vdjdb_full_5441_rs_2_n0,AVFDRKSDAK_HLA-A*11:01,tcr14393,0
vdjdb_full_12792,IVTDFSVIK_HLA-A*11:01,tcr11594,1
vdjdb_full_12792_rs_2_n0,IVTDFSVIK_HLA-A*11:01,tcr7472,0
vdjdb_full_10642,LTDEMIAQY_HLA-A*01:01,tcr5278,1
vdjdb_full_10642_rs_2_n0,LTDEMIAQY_HLA-A*01:01,tcr4485,0
vdjdb_full_11609,ATDALMTGF_HLA-A*01:01,tcr1460,1
vdjdb_full_11609_rs_2_n0,ATDALMTGF_HLA-A*01:01,tcr17966,0
vdjdb_full_12870,IVTDFSVIK_HLA-A*11:01,tcr8222,1
vdjdb_full_12870_rs_2_n0,IVTDFSVIK_HLA-A*11:01,tcr3998,0
vdjdb_full_6363,GILGFVFTL_HLA-A*02:01,tcr4272,1
vdjdb_full_6363_rs_2_n0,GILGFVFTL_HLA-A*02:01,tcr4457,0
vdjdb_full_10508,LLSLFSLWL_HLA-A*02:01,tcr1362,1
vdjdb_full_10508_rs_2_n0,LLSLFSLWL_HLA-A*02:01,tcr16539,0
vdjdb_full_10622,LTDEMIAQY_HLA-A*01:01,tcr6709,1
vdjdb_full_10622_rs_2_n0,LTDEMIAQY_HLA-A*01:01,tcr11735,0
vdjdb_full_13371,LPRWYFYYL_HLA-B*07:02,tcr3686,1
vdjdb_full_13371_rs_2_n0,LPRWYFYYL_HLA-B*07:02,tcr15416,0
vdjdb_full_2665,SLLMWITQV_HLA-A*02:01,tcr15182,1
vdjdb_full_2665_rs_2_n0,SLLMWITQV_HLA-A*02:01,tcr15245,0
vdjdb_full_15405,CINGVCWTV_HLA-A*02:01,tcr18080,1
vdjdb_full_15405_rs_2_n0,CINGVCWTV_HLA-A*02:01,tcr3136,0
vdjdb_full_376,KLGGALQAK_HLA-A*03:01,tcr18395,1
vdjdb_full_376_rs_2_n0,KLGGALQAK_HLA-A*03:01,tcr3014,0
vdjdb_full_10538,HPNGYKSLSTL_HLA-B*07:02,tcr8658,1
vdjdb_full_10538_rs_2_n0,HPNGYKSLSTL_HLA-B*07:02,tcr16913,0
vdjdb_full_12509,IVTDFSVIK_HLA-A*11:01,tcr14864,1
vdjdb_full_12509_rs_2_n0,IVTDFSVIK_HLA-A*11:01,tcr194,0
vdjdb_full_16743,YLLEMLWRL_HLA-A*02:01,tcr6790,1
vdjdb_full_16743_rs_2_n0,YLLEMLWRL_HLA-A*02:01,tcr17773,0
vdjdb_full_14751,RAQAPPPSW_HLA-B*57:01,tcr4460,1
vdjdb_full_14751_rs_2_n0,RAQAPPPSW_HLA-B*57:01,tcr14066,0
vdjdb_full_15270,FMVFLQTHI_HLA-A*02:01,tcr11979,1
vdjdb_full_15270_rs_2_n0,FMVFLQTHI_HLA-A*02:01,tcr1298,0
vdjdb_full_13460,FLYALALLL_HLA-A*02:01,tcr16293,1
vdjdb_full_13460_rs_2_n0,FLYALALLL_HLA-A*02:01,tcr15552,0
vdjdb_full_8909,LLAGIGTVPI_HLA-A*02:01,tcr4155,1
vdjdb_full_8909_rs_2_n0,LLAGIGTVPI_HLA-A*02:01,tcr2349,0
vdjdb_full_13771,TPRVTGGGAM_HLA-B*07:02,tcr5928,1
vdjdb_full_13771_rs_2_n0,TPRVTGGGAM_HLA-B*07:02,tcr16846,0
vdjdb_full_14665,CTELKLSDY_HLA-A*01:01,tcr15902,1
vdjdb_full_14665_rs_2_n0,CTELKLSDY_HLA-A*01:01,tcr3315,0
vdjdb_full_9408,YVLDHLIVV_HLA-A*02:01,tcr7994,1
vdjdb_full_9408_rs_2_n0,YVLDHLIVV_HLA-A*02:01,tcr13364,0
vdjdb_full_8385,NLVPMVATV_HLA-A*02:01,tcr7998,1
vdjdb_full_8385_rs_2_n0,NLVPMVATV_HLA-A*02:01,tcr4471,0
vdjdb_full_13191,DATYQRTRALVR_HLA-A*68:01,tcr6026,1
vdjdb_full_13191_rs_2_n0,DATYQRTRALVR_HLA-A*68:01,tcr6017,0
vdjdb_full_13378,LPRWYFYYL_HLA-B*07:02,tcr7838,1
vdjdb_full_13378_rs_2_n0,LPRWYFYYL_HLA-B*07:02,tcr17386,0
vdjdb_full_18306,RPHERNGFTV_HLA-B*07:02,tcr8139,1
vdjdb_full_18306_rs_2_n0,RPHERNGFTV_HLA-B*07:02,tcr927,0
vdjdb_full_9386,YVLDHLIVV_HLA-A*02:01,tcr4521,1
vdjdb_full_9386_rs_2_n0,YVLDHLIVV_HLA-A*02:01,tcr11156,0
vdjdb_full_3842,SLLMWITQV_HLA-A*02:01,tcr7811,1
vdjdb_full_3842_rs_2_n0,SLLMWITQV_HLA-A*02:01,tcr7400,0
vdjdb_full_13981,RVRAYTYSK_HLA-A*03:01,tcr3399,1
vdjdb_full_13981_rs_2_n0,RVRAYTYSK_HLA-A*03:01,tcr15063,0
vdjdb_full_12127,FTSDYYQLY_HLA-A*01:01,tcr11246,1
vdjdb_full_12127_rs_2_n0,FTSDYYQLY_HLA-A*01:01,tcr5176,0
vdjdb_full_9912,YLQPRTFLL_HLA-A*02:01,tcr9671,1
vdjdb_full_9912_rs_2_n0,YLQPRTFLL_HLA-A*02:01,tcr16477,0
vdjdb_full_15379,CINGVCWTV_HLA-A*02:01,tcr3901,1
vdjdb_full_15379_rs_2_n0,CINGVCWTV_HLA-A*02:01,tcr10315,0
vdjdb_full_14196,RVRAYTYSK_HLA-A*03:01,tcr12111,1
vdjdb_full_14196_rs_2_n0,RVRAYTYSK_HLA-A*03:01,tcr1976,0
vdjdb_full_15917,KSKRTPMGF_HLA-B*57:01,tcr13605,1
vdjdb_full_15917_rs_2_n0,KSKRTPMGF_HLA-B*57:01,tcr2921,0
vdjdb_full_9789,YLQPRTFLL_HLA-A*02:01,tcr8065,1
vdjdb_full_9789_rs_2_n0,YLQPRTFLL_HLA-A*02:01,tcr17932,0
vdjdb_full_14746,RAQAPPPSW_HLA-B*57:01,tcr6009,1
vdjdb_full_14746_rs_2_n0,RAQAPPPSW_HLA-B*57:01,tcr1982,0
vdjdb_full_16079,VMVELVAEL_HLA-A*02:01,tcr6817,1
vdjdb_full_16079_rs_2_n0,VMVELVAEL_HLA-A*02:01,tcr8960,0
vdjdb_full_16866,MEVTPSGTWL_HLA-B*40:01,tcr12730,1
vdjdb_full_16866_rs_2_n0,MEVTPSGTWL_HLA-B*40:01,tcr6195,0
vdjdb_full_17181,ALSKGVHFV_HLA-A*02:01,tcr8002,1
vdjdb_full_17181_rs_2_n0,ALSKGVHFV_HLA-A*02:01,tcr17583,0
vdjdb_full_9257,YVLDHLIVV_HLA-A*02:01,tcr9049,1
vdjdb_full_9257_rs_2_n0,YVLDHLIVV_HLA-A*02:01,tcr9385,0
vdjdb_full_12095,ALAGIGILTV_HLA-A*02:01,tcr7587,1
vdjdb_full_12095_rs_2_n0,ALAGIGILTV_HLA-A*02:01,tcr7062,0
vdjdb_full_8661,NLVPMVATV_HLA-A*02:01,tcr9166,1
vdjdb_full_8661_rs_2_n0,NLVPMVATV_HLA-A*02:01,tcr3821,0
vdjdb_full_2253,GLCTLVAML_HLA-A*02:01,tcr6984,1
vdjdb_full_2253_rs_2_n0,GLCTLVAML_HLA-A*02:01,tcr15839,0
vdjdb_full_15661,FLRGRAYGL_HLA-B*08:01,tcr4068,1
vdjdb_full_15661_rs_2_n0,FLRGRAYGL_HLA-B*08:01,tcr5021,0
vdjdb_full_9964,YLQPRTFLL_HLA-A*02:01,tcr7192,1
vdjdb_full_9964_rs_2_n0,YLQPRTFLL_HLA-A*02:01,tcr15259,0
vdjdb_full_11169,TTDPSFLGRY_HLA-A*01:01,tcr5440,1
vdjdb_full_11169_rs_2_n0,TTDPSFLGRY_HLA-A*01:01,tcr12892,0
vdjdb_full_9565,YLQPRTFLL_HLA-A*02:01,tcr3243,1
vdjdb_full_9565_rs_2_n0,YLQPRTFLL_HLA-A*02:01,tcr6311,0
vdjdb_full_16208,GPRLGVRAT_HLA-B*07:02,tcr13780,1
vdjdb_full_16208_rs_2_n0,GPRLGVRAT_HLA-B*07:02,tcr13176,0
vdjdb_full_13381,LPRWYFYYL_HLA-B*07:02,tcr5553,1
vdjdb_full_13381_rs_2_n0,LPRWYFYYL_HLA-B*07:02,tcr17701,0
vdjdb_full_11614,ATDALMTGF_HLA-A*01:01,tcr15600,1
vdjdb_full_11614_rs_2_n0,ATDALMTGF_HLA-A*01:01,tcr8800,0
vdjdb_full_17328,RVAGDSGFAAY_HLA-B*15:01,tcr12216,1
vdjdb_full_17328_rs_2_n0,RVAGDSGFAAY_HLA-B*15:01,tcr15221,0
vdjdb_full_10649,LTDEMIAQY_HLA-A*01:01,tcr17386,1
vdjdb_full_10649_rs_2_n0,LTDEMIAQY_HLA-A*01:01,tcr2740,0
vdjdb_full_16905,RTATKAYNV_HLA-A*02:01,tcr5668,1
vdjdb_full_16905_rs_2_n0,RTATKAYNV_HLA-A*02:01,tcr762,0
vdjdb_full_16750,YLLEMLWRL_HLA-A*02:01,tcr10291,1
vdjdb_full_16750_rs_2_n0,YLLEMLWRL_HLA-A*02:01,tcr10192,0
vdjdb_full_2433,GLCTLVAML_HLA-A*02:01,tcr11485,1
vdjdb_full_2433_rs_2_n0,GLCTLVAML_HLA-A*02:01,tcr11836,0
vdjdb_full_12153,FTSDYYQLY_HLA-A*01:01,tcr16371,1
vdjdb_full_12153_rs_2_n0,FTSDYYQLY_HLA-A*01:01,tcr10865,0
vdjdb_full_15342,CINGVCWTV_HLA-A*02:01,tcr115,1
vdjdb_full_15342_rs_2_n0,CINGVCWTV_HLA-A*02:01,tcr17308,0
vdjdb_full_1982,KLGGALQAK_HLA-A*03:01,tcr5636,1
vdjdb_full_1982_rs_2_n0,KLGGALQAK_HLA-A*03:01,tcr16144,0
vdjdb_full_9968,RLRAEAQVK_HLA-A*03:01,tcr7130,1
vdjdb_full_9968_rs_2_n0,RLRAEAQVK_HLA-A*03:01,tcr3821,0
vdjdb_full_17369,RPIIRPATL_HLA-B*07:02,tcr10014,1
vdjdb_full_17369_rs_2_n0,RPIIRPATL_HLA-B*07:02,tcr4003,0
vdjdb_full_38,QAKWRLQTL_HLA-B*08:01,tcr15554,1
vdjdb_full_38_rs_2_n0,QAKWRLQTL_HLA-B*08:01,tcr4961,0
vdjdb_full_13773,TPRVTGGGAM_HLA-B*07:02,tcr18197,1
vdjdb_full_13773_rs_2_n0,TPRVTGGGAM_HLA-B*07:02,tcr12195,0
vdjdb_full_4141,SLLMWITQV_HLA-A*02:01,tcr174,1
vdjdb_full_4141_rs_2_n0,SLLMWITQV_HLA-A*02:01,tcr6992,0
vdjdb_full_13195,DATYQRTRALVR_HLA-A*68:01,tcr4099,1
vdjdb_full_13195_rs_2_n0,DATYQRTRALVR_HLA-A*68:01,tcr10677,0
vdjdb_full_16605,WPVTLACFV_HLA-B*07:02,tcr9626,1
vdjdb_full_16605_rs_2_n0,WPVTLACFV_HLA-B*07:02,tcr4566,0
vdjdb_full_15578,FLRGRAYGL_HLA-B*08:01,tcr16844,1
vdjdb_full_15578_rs_2_n0,FLRGRAYGL_HLA-B*08:01,tcr3486,0
vdjdb_full_15190,RPHERNGFTVL_HLA-B*07:02,tcr17646,1
vdjdb_full_15190_rs_2_n0,RPHERNGFTVL_HLA-B*07:02,tcr14334,0
vdjdb_full_15887,KSKRTPMGF_HLA-B*57:01,tcr16531,1
vdjdb_full_15887_rs_2_n0,KSKRTPMGF_HLA-B*57:01,tcr6079,0
vdjdb_full_8705,NLVPMVATV_HLA-A*02:01,tcr15997,1
vdjdb_full_8705_rs_2_n0,NLVPMVATV_HLA-A*02:01,tcr810,0
vdjdb_full_15534,SLFNTVATLY_HLA-A*02:01,tcr6763,1
vdjdb_full_15534_rs_2_n0,SLFNTVATLY_HLA-A*02:01,tcr4305,0
vdjdb_full_11122,TTDPSFLGRY_HLA-A*01:01,tcr2838,1
vdjdb_full_11122_rs_2_n0,TTDPSFLGRY_HLA-A*01:01,tcr17618,0
vdjdb_full_9394,YVLDHLIVV_HLA-A*02:01,tcr12365,1
vdjdb_full_9394_rs_2_n0,YVLDHLIVV_HLA-A*02:01,tcr14448,0
vdjdb_full_13476,FLYALALLL_HLA-A*02:01,tcr2747,1
vdjdb_full_13476_rs_2_n0,FLYALALLL_HLA-A*02:01,tcr5551,0
vdjdb_full_9280,YVLDHLIVV_HLA-A*02:01,tcr14460,1
vdjdb_full_9280_rs_2_n0,YVLDHLIVV_HLA-A*02:01,tcr11471,0
vdjdb_full_10619,LTDEMIAQY_HLA-A*01:01,tcr10595,1
vdjdb_full_10619_rs_2_n0,LTDEMIAQY_HLA-A*01:01,tcr1003,0
vdjdb_full_15656,FLRGRAYGL_HLA-B*08:01,tcr6225,1
vdjdb_full_15656_rs_2_n0,FLRGRAYGL_HLA-B*08:01,tcr16723,0
vdjdb_full_1857,KLGGALQAK_HLA-A*03:01,tcr12099,1
vdjdb_full_1857_rs_2_n0,KLGGALQAK_HLA-A*03:01,tcr13513,0
vdjdb_full_6183,AVFDRKSDAK_HLA-A*11:01,tcr6567,1
vdjdb_full_6183_rs_2_n0,AVFDRKSDAK_HLA-A*11:01,tcr18132,0
vdjdb_full_18411,FLWSVFWLI_HLA-A*02:01,tcr11988,1
vdjdb_full_18411_rs_2_n0,FLWSVFWLI_HLA-A*02:01,tcr14467,0
vdjdb_full_8691,NLVPMVATV_HLA-A*02:01,tcr8114,1
vdjdb_full_8691_rs_2_n0,NLVPMVATV_HLA-A*02:01,tcr10016,0
vdjdb_full_11029,SPRWYFYYL_HLA-B*07:02,tcr13292,1
vdjdb_full_11029_rs_2_n0,SPRWYFYYL_HLA-B*07:02,tcr12616,0
vdjdb_full_10984,SPRWYFYYL_HLA-B*07:02,tcr4433,1
vdjdb_full_10984_rs_2_n0,SPRWYFYYL_HLA-B*07:02,tcr8759,0
vdjdb_full_3791,SLLMWITQV_HLA-A*02:01,tcr7414,1
vdjdb_full_3791_rs_2_n0,SLLMWITQV_HLA-A*02:01,tcr10276,0
vdjdb_full_15947,KSKRTPMGF_HLA-B*57:01,tcr9790,1
vdjdb_full_15947_rs_2_n0,KSKRTPMGF_HLA-B*57:01,tcr6318,0
vdjdb_full_17196,ALSKGVHFV_HLA-A*02:01,tcr14303,1
vdjdb_full_17196_rs_2_n0,ALSKGVHFV_HLA-A*02:01,tcr423,0
vdjdb_full_14625,CTELKLSDY_HLA-A*01:01,tcr15966,1
vdjdb_full_14625_rs_2_n0,CTELKLSDY_HLA-A*01:01,tcr914,0
vdjdb_full_10107,RLRAEAQVK_HLA-A*03:01,tcr17700,1
vdjdb_full_10107_rs_2_n0,RLRAEAQVK_HLA-A*03:01,tcr17958,0
vdjdb_full_9715,YLQPRTFLL_HLA-A*02:01,tcr15964,1
vdjdb_full_9715_rs_2_n0,YLQPRTFLL_HLA-A*02:01,tcr17106,0
vdjdb_full_13322,CLGGLLTMV_HLA-A*02:01,tcr5040,1
vdjdb_full_13322_rs_2_n0,CLGGLLTMV_HLA-A*02:01,tcr9359,0
vdjdb_full_12155,FTSDYYQLY_HLA-A*01:01,tcr13848,1
vdjdb_full_12155_rs_2_n0,FTSDYYQLY_HLA-A*01:01,tcr8005,0
vdjdb_full_18313,RPHERNGFTV_HLA-B*07:02,tcr11926,1
vdjdb_full_18313_rs_2_n0,RPHERNGFTV_HLA-B*07:02,tcr14466,0
vdjdb_full_16450,RTATKQYNV_HLA-A*02:01,tcr3177,1
vdjdb_full_16450_rs_2_n0,RTATKQYNV_HLA-A*02:01,tcr5543,0
vdjdb_full_18,QAKWRLQTL_HLA-B*08:01,tcr13377,1
vdjdb_full_18_rs_2_n0,QAKWRLQTL_HLA-B*08:01,tcr16175,0
vdjdb_full_16447,RTATKQYNV_HLA-A*02:01,tcr9682,1
vdjdb_full_16447_rs_2_n0,RTATKQYNV_HLA-A*02:01,tcr18132,0
vdjdb_full_11696,ELAGIGILTV_HLA-A*02:01,tcr16815,1
vdjdb_full_11696_rs_2_n0,ELAGIGILTV_HLA-A*02:01,tcr4285,0
vdjdb_full_13241,DATYQRTRALVR_HLA-A*68:01,tcr4412,1
vdjdb_full_13241_rs_2_n0,DATYQRTRALVR_HLA-A*68:01,tcr7663,0
vdjdb_full_11485,TTDPSFLGRY_HLA-A*01:01,tcr5972,1
vdjdb_full_11485_rs_2_n0,TTDPSFLGRY_HLA-A*01:01,tcr10124,0
vdjdb_full_12708,IVTDFSVIK_HLA-A*11:01,tcr13162,1
vdjdb_full_12708_rs_2_n0,IVTDFSVIK_HLA-A*11:01,tcr5363,0
vdjdb_full_10,QAKWRLQTL_HLA-B*08:01,tcr2493,1
vdjdb_full_10_rs_2_n0,QAKWRLQTL_HLA-B*08:01,tcr7753,0
vdjdb_full_1219,KLGGALQAK_HLA-A*03:01,tcr13406,1
vdjdb_full_1219_rs_2_n0,KLGGALQAK_HLA-A*03:01,tcr16184,0
vdjdb_full_12057,ALAGIGILTV_HLA-A*02:01,tcr14753,1
vdjdb_full_12057_rs_2_n0,ALAGIGILTV_HLA-A*02:01,tcr13075,0
vdjdb_full_13911,AYAQKIFKI_HLA-A*24:02,tcr3221,1
vdjdb_full_13911_rs_2_n0,AYAQKIFKI_HLA-A*24:02,tcr5094,0
vdjdb_full_2226,GLCTLVAML_HLA-A*02:01,tcr15120,1
vdjdb_full_2226_rs_2_n0,GLCTLVAML_HLA-A*02:01,tcr14979,0
vdjdb_full_2145,GLCTLVAML_HLA-A*02:01,tcr17536,1
vdjdb_full_2145_rs_2_n0,GLCTLVAML_HLA-A*02:01,tcr619,0
vdjdb_full_15252,FLSINVHKV_HLA-A*02:01,tcr16205,1
vdjdb_full_15252_rs_2_n0,FLSINVHKV_HLA-A*02:01,tcr15898,0
vdjdb_full_14720,RPRGEVRFL_HLA-B*07:02,tcr13005,1
vdjdb_full_14720_rs_2_n0,RPRGEVRFL_HLA-B*07:02,tcr6214,0
vdjdb_full_15647,FLRGRAYGL_HLA-B*08:01,tcr6720,1
vdjdb_full_15647_rs_2_n0,FLRGRAYGL_HLA-B*08:01,tcr9829,0
vdjdb_full_13974,RVRAYTYSK_HLA-A*03:01,tcr16412,1
vdjdb_full_13974_rs_2_n0,RVRAYTYSK_HLA-A*03:01,tcr182,0
vdjdb_full_9454,YVLDHLIVV_HLA-A*02:01,tcr2890,1
vdjdb_full_9454_rs_2_n0,YVLDHLIVV_HLA-A*02:01,tcr14466,0
vdjdb_full_8663,NLVPMVATV_HLA-A*02:01,tcr4547,1
vdjdb_full_8663_rs_2_n0,NLVPMVATV_HLA-A*02:01,tcr15724,0
vdjdb_full_17362,RPIIRPATL_HLA-B*07:02,tcr4305,1
vdjdb_full_17362_rs_2_n0,RPIIRPATL_HLA-B*07:02,tcr14265,0
vdjdb_full_16391,PTDNYITTY_HLA-A*01:01,tcr2979,1
vdjdb_full_16391_rs_2_n0,PTDNYITTY_HLA-A*01:01,tcr4460,0
vdjdb_full_14068,RVRAYTYSK_HLA-A*03:01,tcr7985,1
vdjdb_full_14068_rs_2_n0,RVRAYTYSK_HLA-A*03:01,tcr3645,0
vdjdb_full_15102,NQKLIANQF_HLA-B*15:01,tcr9338,1
vdjdb_full_15102_rs_2_n0,NQKLIANQF_HLA-B*15:01,tcr16929,0
vdjdb_full_15227,RPHERNGFTVL_HLA-B*07:02,tcr13892,1
vdjdb_full_15227_rs_2_n0,RPHERNGFTVL_HLA-B*07:02,tcr16944,0
vdjdb_full_13178,DATYQRTRALVR_HLA-A*68:01,tcr16102,1
vdjdb_full_13178_rs_2_n0,DATYQRTRALVR_HLA-A*68:01,tcr7424,0
vdjdb_full_12119,YLQQNWWTL_HLA-A*02:01,tcr249,1
vdjdb_full_12119_rs_2_n0,YLQQNWWTL_HLA-A*02:01,tcr3373,0
vdjdb_full_420,KLGGALQAK_HLA-A*03:01,tcr6032,1
vdjdb_full_420_rs_2_n0,KLGGALQAK_HLA-A*03:01,tcr14431,0
vdjdb_full_16769,RLPGVLPRA_HLA-A*02:01,tcr14335,1
vdjdb_full_16769_rs_2_n0,RLPGVLPRA_HLA-A*02:01,tcr1699,0
vdjdb_full_15773,RTLNAWVKV_HLA-A*02:01,tcr13272,1
vdjdb_full_15773_rs_2_n0,RTLNAWVKV_HLA-A*02:01,tcr5278,0
vdjdb_full_8617,NLVPMVATV_HLA-A*02:01,tcr5192,1
vdjdb_full_8617_rs_2_n0,NLVPMVATV_HLA-A*02:01,tcr4392,0
vdjdb_full_9392,YVLDHLIVV_HLA-A*02:01,tcr10449,1
vdjdb_full_9392_rs_2_n0,YVLDHLIVV_HLA-A*02:01,tcr16856,0
vdjdb_full_16913,RTATKAYNV_HLA-A*02:01,tcr14376,1
vdjdb_full_16913_rs_2_n0,RTATKAYNV_HLA-A*02:01,tcr17069,0
vdjdb_full_12259,IVTDFSVIK_HLA-A*11:01,tcr11937,1
vdjdb_full_12259_rs_2_n0,IVTDFSVIK_HLA-A*11:01,tcr6984,0
vdjdb_full_13513,LLFGYPVYV_HLA-A*02:01,tcr951,1
vdjdb_full_13513_rs_2_n0,LLFGYPVYV_HLA-A*02:01,tcr353,0
vdjdb_full_10103,RLRAEAQVK_HLA-A*03:01,tcr4035,1
vdjdb_full_10103_rs_2_n0,RLRAEAQVK_HLA-A*03:01,tcr9152,0
vdjdb_full_16885,MEVTPSGTWL_HLA-B*40:01,tcr16688,1
vdjdb_full_16885_rs_2_n0,MEVTPSGTWL_HLA-B*40:01,tcr283,0
vdjdb_full_10607,LTDEMIAQY_HLA-A*01:01,tcr588,1
vdjdb_full_10607_rs_2_n0,LTDEMIAQY_HLA-A*01:01,tcr1608,0
vdjdb_full_11068,FLASKIGRLV_HLA-A*02:01,tcr3175,1
vdjdb_full_11068_rs_2_n0,FLASKIGRLV_HLA-A*02:01,tcr14874,0
vdjdb_full_15649,FLRGRAYGL_HLA-B*08:01,tcr17332,1
vdjdb_full_15649_rs_2_n0,FLRGRAYGL_HLA-B*08:01,tcr5511,0
vdjdb_full_16374,PTDNYITTY_HLA-A*01:01,tcr9074,1
vdjdb_full_16374_rs_2_n0,PTDNYITTY_HLA-A*01:01,tcr11639,0
vdjdb_full_15951,KSKRTPMGF_HLA-B*57:01,tcr14454,1
vdjdb_full_15951_rs_2_n0,KSKRTPMGF_HLA-B*57:01,tcr2249,0
vdjdb_full_16842,VLEETSVML_HLA-A*02:01,tcr15462,1
vdjdb_full_16842_rs_2_n0,VLEETSVML_HLA-A*02:01,tcr16291,0
vdjdb_full_11991,ELAGIGILTV_HLA-A*02:01,tcr1523,1
vdjdb_full_11991_rs_2_n0,ELAGIGILTV_HLA-A*02:01,tcr13687,0
vdjdb_full_8318,LLDFVRFMGV_HLA-A*02:01,tcr4921,1
vdjdb_full_8318_rs_2_n0,LLDFVRFMGV_HLA-A*02:01,tcr16703,0
vdjdb_full_11048,FLASKIGRLV_HLA-A*02:01,tcr14212,1
vdjdb_full_11048_rs_2_n0,FLASKIGRLV_HLA-A*02:01,tcr16545,0
vdjdb_full_17377,RPIIRPATL_HLA-B*07:02,tcr12519,1
vdjdb_full_17377_rs_2_n0,RPIIRPATL_HLA-B*07:02,tcr3960,0
vdjdb_full_10994,SPRWYFYYL_HLA-B*07:02,tcr15143,1
vdjdb_full_10994_rs_2_n0,SPRWYFYYL_HLA-B*07:02,tcr1430,0
vdjdb_full_8309,LLDFVRFMGV_HLA-A*02:01,tcr566,1
vdjdb_full_8309_rs_2_n0,LLDFVRFMGV_HLA-A*02:01,tcr15245,0
vdjdb_full_14680,CTELKLSDY_HLA-A*01:01,tcr13029,1
vdjdb_full_14680_rs_2_n0,CTELKLSDY_HLA-A*01:01,tcr6112,0
vdjdb_full_17201,VVTGVLVYL_HLA-A*02:01,tcr15942,1
vdjdb_full_17201_rs_2_n0,VVTGVLVYL_HLA-A*02:01,tcr244,0
vdjdb_full_24,QAKWRLQTL_HLA-B*08:01,tcr11207,1
vdjdb_full_24_rs_2_n0,QAKWRLQTL_HLA-B*08:01,tcr240,0
vdjdb_full_16542,RLGPVQNEV_HLA-A*02:01,tcr3955,1
vdjdb_full_16542_rs_2_n0,RLGPVQNEV_HLA-A*02:01,tcr1441,0
vdjdb_full_15423,CINGVCWTV_HLA-A*02:01,tcr105,1
vdjdb_full_15423_rs_2_n0,CINGVCWTV_HLA-A*02:01,tcr15677,0
vdjdb_full_13373,LPRWYFYYL_HLA-B*07:02,tcr7335,1
vdjdb_full_13373_rs_2_n0,LPRWYFYYL_HLA-B*07:02,tcr16291,0
vdjdb_full_16547,RLGPVQNEV_HLA-A*02:01,tcr12334,1
vdjdb_full_16547_rs_2_n0,RLGPVQNEV_HLA-A*02:01,tcr212,0
vdjdb_full_16432,RTATKQYNV_HLA-A*02:01,tcr14377,1
vdjdb_full_16432_rs_2_n0,RTATKQYNV_HLA-A*02:01,tcr11246,0
vdjdb_full_16740,YLLEMLWRL_HLA-A*02:01,tcr17359,1
vdjdb_full_16740_rs_2_n0,YLLEMLWRL_HLA-A*02:01,tcr8980,0
vdjdb_full_17470,LTSLTILQLY_HLA-A*01:01,tcr13408,1
vdjdb_full_17470_rs_2_n0,LTSLTILQLY_HLA-A*01:01,tcr11076,0
vdjdb_full_9255,YVLDHLIVV_HLA-A*02:01,tcr5235,1
vdjdb_full_9255_rs_2_n0,YVLDHLIVV_HLA-A*02:01,tcr10105,0
vdjdb_full_15613,FLRGRAYGL_HLA-B*08:01,tcr977,1
vdjdb_full_15613_rs_2_n0,FLRGRAYGL_HLA-B*08:01,tcr11099,0
vdjdb_full_18067,CYTWNQMNL_HLA-A*24:02,tcr283,1
vdjdb_full_18067_rs_2_n0,CYTWNQMNL_HLA-A*24:02,tcr474,0
vdjdb_full_18070,CYTWNQMNL_HLA-A*24:02,tcr3045,1
vdjdb_full_18070_rs_2_n0,CYTWNQMNL_HLA-A*24:02,tcr10014,0
vdjdb_full_13601,KTFPPTEPK_HLA-A*03:01,tcr11628,1
vdjdb_full_13601_rs_2_n0,KTFPPTEPK_HLA-A*03:01,tcr16927,0
vdjdb_full_15078,NQKLIANQF_HLA-B*15:01,tcr3735,1
vdjdb_full_15078_rs_2_n0,NQKLIANQF_HLA-B*15:01,tcr5635,0
vdjdb_full_16193,GPRLGVRAT_HLA-B*07:02,tcr13863,1
vdjdb_full_16193_rs_2_n0,GPRLGVRAT_HLA-B*07:02,tcr762,0
vdjdb_full_9489,YVLDHLIVV_HLA-A*02:01,tcr16572,1
vdjdb_full_9489_rs_2_n0,YVLDHLIVV_HLA-A*02:01,tcr3139,0
vdjdb_full_13541,LLFGYPVYV_HLA-A*02:01,tcr11250,1
vdjdb_full_13541_rs_2_n0,LLFGYPVYV_HLA-A*02:01,tcr17218,0
vdjdb_full_13485,FLYALALLL_HLA-A*02:01,tcr814,1
vdjdb_full_13485_rs_2_n0,FLYALALLL_HLA-A*02:01,tcr13912,0
vdjdb_full_16749,YLLEMLWRL_HLA-A*02:01,tcr7594,1
vdjdb_full_16749_rs_2_n0,YLLEMLWRL_HLA-A*02:01,tcr6455,0
vdjdb_full_16440,RTATKQYNV_HLA-A*02:01,tcr8791,1
vdjdb_full_16440_rs_2_n0,RTATKQYNV_HLA-A*02:01,tcr17049,0
vdjdb_full_16797,RLPGVLPRA_HLA-A*02:01,tcr5402,1
vdjdb_full_16797_rs_2_n0,RLPGVLPRA_HLA-A*02:01,tcr13831,0
vdjdb_full_14645,CTELKLSDY_HLA-A*01:01,tcr7438,1
vdjdb_full_14645_rs_2_n0,CTELKLSDY_HLA-A*01:01,tcr5260,0
vdjdb_full_17185,ALSKGVHFV_HLA-A*02:01,tcr14975,1
vdjdb_full_17185_rs_2_n0,ALSKGVHFV_HLA-A*02:01,tcr4958,0
vdjdb_full_13678,QYDPVAALF_HLA-A*24:02,tcr6763,1
vdjdb_full_13678_rs_2_n0,QYDPVAALF_HLA-A*24:02,tcr16152,0
vdjdb_full_15972,KSKRTPMGF_HLA-B*57:01,tcr6055,1
vdjdb_full_15972_rs_2_n0,KSKRTPMGF_HLA-B*57:01,tcr17834,0
vdjdb_full_14674,CTELKLSDY_HLA-A*01:01,tcr12575,1
vdjdb_full_14674_rs_2_n0,CTELKLSDY_HLA-A*01:01,tcr3700,0
vdjdb_full_16680,VMNILLQYV_HLA-A*02:01,tcr7143,1
vdjdb_full_16680_rs_2_n0,VMNILLQYV_HLA-A*02:01,tcr7674,0
vdjdb_full_8591,NLVPMVATV_HLA-A*02:01,tcr5397,1
vdjdb_full_8591_rs_2_n0,NLVPMVATV_HLA-A*02:01,tcr16734,0
vdjdb_full_17296,KLSALGINAV_HLA-A*02:01,tcr13205,1
vdjdb_full_17296_rs_2_n0,KLSALGINAV_HLA-A*02:01,tcr12263,0
vdjdb_full_16215,GPRLGVRAT_HLA-B*07:02,tcr13282,1
vdjdb_full_16215_rs_2_n0,GPRLGVRAT_HLA-B*07:02,tcr12281,0
vdjdb_full_13907,AYAQKIFKI_HLA-A*24:02,tcr11094,1
vdjdb_full_13907_rs_2_n0,AYAQKIFKI_HLA-A*24:02,tcr9670,0
vdjdb_full_13999,RVRAYTYSK_HLA-A*03:01,tcr1272,1
vdjdb_full_13999_rs_2_n0,RVRAYTYSK_HLA-A*03:01,tcr6638,0
vdjdb_full_15536,SLFNTVATLY_HLA-A*02:01,tcr3007,1
vdjdb_full_15536_rs_2_n0,SLFNTVATLY_HLA-A*02:01,tcr7274,0
vdjdb_full_4917,AVFDRKSDAK_HLA-A*11:01,tcr17331,1
vdjdb_full_4917_rs_2_n0,AVFDRKSDAK_HLA-A*11:01,tcr9182,0
vdjdb_full_17046,LLYDANYFL_HLA-A*02:01,tcr417,1
vdjdb_full_17046_rs_2_n0,LLYDANYFL_HLA-A*02:01,tcr7946,0
vdjdb_full_15038,LLWNGPMAV_HLA-A*02:01,tcr16061,1
vdjdb_full_15038_rs_2_n0,LLWNGPMAV_HLA-A*02:01,tcr15542,0
vdjdb_full_11570,ATDALMTGF_HLA-A*01:01,tcr13451,1
vdjdb_full_11570_rs_2_n0,ATDALMTGF_HLA-A*01:01,tcr13319,0
vdjdb_full_16202,GPRLGVRAT_HLA-B*07:02,tcr16500,1
vdjdb_full_16202_rs_2_n0,GPRLGVRAT_HLA-B*07:02,tcr16163,0
vdjdb_full_55,QAKWRLQTL_HLA-B*08:01,tcr9079,1
vdjdb_full_55_rs_2_n0,QAKWRLQTL_HLA-B*08:01,tcr12185,0
vdjdb_full_7816,GILGFVFTL_HLA-A*02:01,tcr16268,1
vdjdb_full_7816_rs_2_n0,GILGFVFTL_HLA-A*02:01,tcr11537,0
vdjdb_full_8708,NLVPMVATV_HLA-A*02:01,tcr18082,1
vdjdb_full_8708_rs_2_n0,NLVPMVATV_HLA-A*02:01,tcr3872,0
vdjdb_full_16830,VLEETSVML_HLA-A*02:01,tcr8038,1
vdjdb_full_16830_rs_2_n0,VLEETSVML_HLA-A*02:01,tcr11158,0
vdjdb_full_16301,RPIIRPATL_HLA-B*08:01,tcr2921,1
vdjdb_full_16301_rs_2_n0,RPIIRPATL_HLA-B*08:01,tcr2114,0
vdjdb_full_18068,CYTWNQMNL_HLA-A*24:02,tcr3238,1
vdjdb_full_18068_rs_2_n0,CYTWNQMNL_HLA-A*24:02,tcr2447,0
vdjdb_full_16461,RTATKQYNV_HLA-A*02:01,tcr6146,1
vdjdb_full_16461_rs_2_n0,RTATKQYNV_HLA-A*02:01,tcr2953,0
vdjdb_full_2602,GLCTLVAML_HLA-A*02:01,tcr7336,1
vdjdb_full_2602_rs_2_n0,GLCTLVAML_HLA-A*02:01,tcr1723,0
vdjdb_full_16722,YLLEMLWRL_HLA-A*02:01,tcr11675,1
vdjdb_full_16722_rs_2_n0,YLLEMLWRL_HLA-A*02:01,tcr2753,0
vdjdb_full_10647,LTDEMIAQY_HLA-A*01:01,tcr14334,1
vdjdb_full_10647_rs_2_n0,LTDEMIAQY_HLA-A*01:01,tcr912,0
vdjdb_full_10759,SPRWYFYYL_HLA-B*07:02,tcr10199,1
vdjdb_full_10759_rs_2_n0,SPRWYFYYL_HLA-B*07:02,tcr17605,0
vdjdb_full_15374,CINGVCWTV_HLA-A*02:01,tcr16,1
vdjdb_full_15374_rs_2_n0,CINGVCWTV_HLA-A*02:01,tcr3756,0
vdjdb_full_10281,RLRAEAQVK_HLA-A*03:01,tcr17240,1
vdjdb_full_10281_rs_2_n0,RLRAEAQVK_HLA-A*03:01,tcr17810,0
vdjdb_full_10555,LTDEMIAQY_HLA-A*01:01,tcr8597,1
vdjdb_full_10555_rs_2_n0,LTDEMIAQY_HLA-A*01:01,tcr18103,0
vdjdb_full_14631,CTELKLSDY_HLA-A*01:01,tcr11546,1
vdjdb_full_14631_rs_2_n0,CTELKLSDY_HLA-A*01:01,tcr10438,0
vdjdb_full_15370,CINGVCWTV_HLA-A*02:01,tcr12653,1
vdjdb_full_15370_rs_2_n0,CINGVCWTV_HLA-A*02:01,tcr14870,0
vdjdb_full_17256,YAKWKLCSA_HLA-B*08:01,tcr15543,1
vdjdb_full_17256_rs_2_n0,YAKWKLCSA_HLA-B*08:01,tcr16476,0
vdjdb_full_15563,FLRGRAYGL_HLA-B*08:01,tcr3802,1
vdjdb_full_15563_rs_2_n0,FLRGRAYGL_HLA-B*08:01,tcr1334,0
vdjdb_full_13495,FLYALALLL_HLA-A*02:01,tcr18103,1
vdjdb_full_13495_rs_2_n0,FLYALALLL_HLA-A*02:01,tcr12730,0
vdjdb_full_14763,RAQAPPPSW_HLA-B*57:01,tcr3960,1
vdjdb_full_14763_rs_2_n0,RAQAPPPSW_HLA-B*57:01,tcr3087,0
vdjdb_full_17668,ALWALPHAA_HLA-A*02:01,tcr3925,1
vdjdb_full_17668_rs_2_n0,ALWALPHAA_HLA-A*02:01,tcr5137,0
vdjdb_full_10578,LTDEMIAQY_HLA-A*01:01,tcr4042,1
vdjdb_full_10578_rs_2_n0,LTDEMIAQY_HLA-A*01:01,tcr10105,0
vdjdb_full_16901,RTATKAYNV_HLA-A*02:01,tcr9170,1
vdjdb_full_16901_rs_2_n0,RTATKAYNV_HLA-A*02:01,tcr13266,0
vdjdb_full_11595,ATDALMTGF_HLA-A*01:01,tcr14141,1
vdjdb_full_11595_rs_2_n0,ATDALMTGF_HLA-A*01:01,tcr5186,0
vdjdb_full_10663,LTDEMIAQY_HLA-A*01:01,tcr17724,1
vdjdb_full_10663_rs_2_n0,LTDEMIAQY_HLA-A*01:01,tcr1936,0
vdjdb_full_10368,RLRAEAQVK_HLA-A*03:01,tcr716,1
vdjdb_full_10368_rs_2_n0,RLRAEAQVK_HLA-A*03:01,tcr12243,0
vdjdb_full_17047,LLYDANYFL_HLA-A*02:01,tcr15017,1
vdjdb_full_17047_rs_2_n0,LLYDANYFL_HLA-A*02:01,tcr2262,0
vdjdb_full_16964,NYNYLYRLF_HLA-A*24:02,tcr18353,1
vdjdb_full_16964_rs_2_n0,NYNYLYRLF_HLA-A*24:02,tcr1190,0
vdjdb_full_14704,CTELKLSDY_HLA-A*01:01,tcr14600,1
vdjdb_full_14704_rs_2_n0,CTELKLSDY_HLA-A*01:01,tcr1520,0
vdjdb_full_15928,KSKRTPMGF_HLA-B*57:01,tcr12720,1
vdjdb_full_15928_rs_2_n0,KSKRTPMGF_HLA-B*57:01,tcr284,0
vdjdb_full_13881,AYAQKIFKI_HLA-A*24:02,tcr18195,1
vdjdb_full_13881_rs_2_n0,AYAQKIFKI_HLA-A*24:02,tcr9518,0
vdjdb_full_17397,RGPGRAFVTI_HLA-A*02:01,tcr17844,1
vdjdb_full_17397_rs_2_n0,RGPGRAFVTI_HLA-A*02:01,tcr1819,0
vdjdb_full_18077,CYTWNQMNL_HLA-A*24:02,tcr2487,1
vdjdb_full_18077_rs_2_n0,CYTWNQMNL_HLA-A*24:02,tcr14520,0
vdjdb_full_13994,RVRAYTYSK_HLA-A*03:01,tcr9885,1
vdjdb_full_13994_rs_2_n0,RVRAYTYSK_HLA-A*03:01,tcr18080,0
vdjdb_full_13820,TPRVTGGGAM_HLA-B*07:02,tcr13358,1
vdjdb_full_13820_rs_2_n0,TPRVTGGGAM_HLA-B*07:02,tcr14821,0
vdjdb_full_16278,RPIIRPATL_HLA-B*08:01,tcr12684,1
vdjdb_full_16278_rs_2_n0,RPIIRPATL_HLA-B*08:01,tcr16652,0
vdjdb_full_16006,KLVALGINAV_HLA-A*02:01,tcr14701,1
vdjdb_full_16006_rs_2_n0,KLVALGINAV_HLA-A*02:01,tcr6545,0
vdjdb_full_9320,YVLDHLIVV_HLA-A*02:01,tcr7986,1
vdjdb_full_9320_rs_2_n0,YVLDHLIVV_HLA-A*02:01,tcr9829,0
vdjdb_full_15187,RPHERNGFTVL_HLA-B*07:02,tcr1083,1
vdjdb_full_15187_rs_2_n0,RPHERNGFTVL_HLA-B*07:02,tcr16268,0
vdjdb_full_13711,TPRVTGGGAM_HLA-B*07:02,tcr10539,1
vdjdb_full_13711_rs_2_n0,TPRVTGGGAM_HLA-B*07:02,tcr3910,0
vdjdb_full_12148,FTSDYYQLY_HLA-A*01:01,tcr16097,1
vdjdb_full_12148_rs_2_n0,FTSDYYQLY_HLA-A*01:01,tcr18120,0
vdjdb_full_11071,FLASKIGRLV_HLA-A*02:01,tcr6112,1
vdjdb_full_11071_rs_2_n0,FLASKIGRLV_HLA-A*02:01,tcr13700,0
vdjdb_full_16416,RTATKQYNV_HLA-A*02:01,tcr14442,1
vdjdb_full_16416_rs_2_n0,RTATKQYNV_HLA-A*02:01,tcr15441,0
vdjdb_full_15418,CINGVCWTV_HLA-A*02:01,tcr5488,1
vdjdb_full_15418_rs_2_n0,CINGVCWTV_HLA-A*02:01,tcr17332,0
vdjdb_full_18198,GQAQGIGSSVY_HLA-B*15:01,tcr1982,1
vdjdb_full_18198_rs_2_n0,GQAQGIGSSVY_HLA-B*15:01,tcr18301,0
vdjdb_full_2359,GLCTLVAML_HLA-A*02:01,tcr13394,1
vdjdb_full_2359_rs_2_n0,GLCTLVAML_HLA-A*02:01,tcr15487,0
vdjdb_full_16789,RLPGVLPRA_HLA-A*02:01,tcr13486,1
vdjdb_full_16789_rs_2_n0,RLPGVLPRA_HLA-A*02:01,tcr14523,0
vdjdb_full_15343,CINGVCWTV_HLA-A*02:01,tcr14709,1
vdjdb_full_15343_rs_2_n0,CINGVCWTV_HLA-A*02:01,tcr5383,0
vdjdb_full_4442,SLLMWITQV_HLA-A*02:01,tcr14528,1
vdjdb_full_4442_rs_2_n0,SLLMWITQV_HLA-A*02:01,tcr13311,0
vdjdb_full_5454,AVFDRKSDAK_HLA-A*11:01,tcr16620,1
vdjdb_full_5454_rs_2_n0,AVFDRKSDAK_HLA-A*11:01,tcr8145,0
vdjdb_full_17680,ALWALPHAA_HLA-A*02:01,tcr8646,1
vdjdb_full_17680_rs_2_n0,ALWALPHAA_HLA-A*02:01,tcr1663,0
vdjdb_full_16840,VLEETSVML_HLA-A*02:01,tcr14937,1
vdjdb_full_16840_rs_2_n0,VLEETSVML_HLA-A*02:01,tcr5349,0
vdjdb_full_15735,VYFLQSINF_HLA-A*24:02,tcr14562,1
vdjdb_full_15735_rs_2_n0,VYFLQSINF_HLA-A*24:02,tcr4423,0
vdjdb_full_5400,AVFDRKSDAK_HLA-A*11:01,tcr13769,1
vdjdb_full_5400_rs_2_n0,AVFDRKSDAK_HLA-A*11:01,tcr12918,0
vdjdb_full_16408,EAAGIGILTV_HLA-A*02:01,tcr6924,1
vdjdb_full_16408_rs_2_n0,EAAGIGILTV_HLA-A*02:01,tcr14674,0
vdjdb_full_16437,RTATKQYNV_HLA-A*02:01,tcr11573,1
vdjdb_full_16437_rs_2_n0,RTATKQYNV_HLA-A*02:01,tcr11537,0
vdjdb_full_9164,LLAGIGTVPI_HLA-A*02:01,tcr9735,1
vdjdb_full_9164_rs_2_n0,LLAGIGTVPI_HLA-A*02:01,tcr16908,0
vdjdb_full_15508,CINGVCWTV_HLA-A*02:01,tcr12887,1
vdjdb_full_15508_rs_2_n0,CINGVCWTV_HLA-A*02:01,tcr11505,0
vdjdb_full_13161,DATYQRTRALVR_HLA-A*68:01,tcr7905,1
vdjdb_full_13161_rs_2_n0,DATYQRTRALVR_HLA-A*68:01,tcr8754,0
vdjdb_full_15763,RTLNAWVKV_HLA-A*02:01,tcr2709,1
vdjdb_full_15763_rs_2_n0,RTLNAWVKV_HLA-A*02:01,tcr3728,0
vdjdb_full_11501,ATDALMTGF_HLA-A*01:01,tcr248,1
vdjdb_full_11501_rs_2_n0,ATDALMTGF_HLA-A*01:01,tcr11188,0
vdjdb_full_12240,IVTDFSVIK_HLA-A*11:01,tcr4174,1
vdjdb_full_12240_rs_2_n0,IVTDFSVIK_HLA-A*11:01,tcr386,0
vdjdb_full_18304,RPHERNGFTV_HLA-B*07:02,tcr1943,1
vdjdb_full_18304_rs_2_n0,RPHERNGFTV_HLA-B*07:02,tcr10912,0
vdjdb_full_13512,LLFGYPVYV_HLA-A*02:01,tcr13544,1
vdjdb_full_13512_rs_2_n0,LLFGYPVYV_HLA-A*02:01,tcr16847,0
vdjdb_full_12714,IVTDFSVIK_HLA-A*11:01,tcr8706,1
vdjdb_full_12714_rs_2_n0,IVTDFSVIK_HLA-A*11:01,tcr157,0
vdjdb_full_17182,ALSKGVHFV_HLA-A*02:01,tcr13158,1
vdjdb_full_17182_rs_2_n0,ALSKGVHFV_HLA-A*02:01,tcr8038,0
vdjdb_full_8791,LLAGIGTVPI_HLA-A*02:01,tcr10175,1
vdjdb_full_8791_rs_2_n0,LLAGIGTVPI_HLA-A*02:01,tcr5545,0
vdjdb_full_10670,LTDEMIAQY_HLA-A*01:01,tcr4006,1
vdjdb_full_10670_rs_2_n0,LTDEMIAQY_HLA-A*01:01,tcr182,0
vdjdb_full_15074,NQKLIANQF_HLA-B*15:01,tcr7946,1
vdjdb_full_15074_rs_2_n0,NQKLIANQF_HLA-B*15:01,tcr4123,0
vdjdb_full_10611,LTDEMIAQY_HLA-A*01:01,tcr7637,1
vdjdb_full_10611_rs_2_n0,LTDEMIAQY_HLA-A*01:01,tcr8233,0
vdjdb_full_15703,FLRGRAYGL_HLA-B*08:01,tcr9646,1
vdjdb_full_15703_rs_2_n0,FLRGRAYGL_HLA-B*08:01,tcr614,0
vdjdb_full_8389,NLVPMVATV_HLA-A*02:01,tcr3623,1
vdjdb_full_8389_rs_2_n0,NLVPMVATV_HLA-A*02:01,tcr3802,0
vdjdb_full_10086,RLRAEAQVK_HLA-A*03:01,tcr5083,1
vdjdb_full_10086_rs_2_n0,RLRAEAQVK_HLA-A*03:01,tcr8187,0
vdjdb_full_9899,YLQPRTFLL_HLA-A*02:01,tcr9599,1
vdjdb_full_9899_rs_2_n0,YLQPRTFLL_HLA-A*02:01,tcr8889,0
vdjdb_full_15566,FLRGRAYGL_HLA-B*08:01,tcr12393,1
vdjdb_full_15566_rs_2_n0,FLRGRAYGL_HLA-B*08:01,tcr7703,0
vdjdb_full_12082,ALAGIGILTV_HLA-A*02:01,tcr15459,1
vdjdb_full_12082_rs_2_n0,ALAGIGILTV_HLA-A*02:01,tcr2533,0
vdjdb_full_10145,RLRAEAQVK_HLA-A*03:01,tcr10257,1
vdjdb_full_10145_rs_2_n0,RLRAEAQVK_HLA-A*03:01,tcr7936,0
vdjdb_full_12496,IVTDFSVIK_HLA-A*11:01,tcr17436,1
vdjdb_full_12496_rs_2_n0,IVTDFSVIK_HLA-A*11:01,tcr5192,0
vdjdb_full_16239,GIIYIIYKL_HLA-A*02:01,tcr8129,1
vdjdb_full_16239_rs_2_n0,GIIYIIYKL_HLA-A*02:01,tcr1160,0
vdjdb_full_17289,KLSALGINAV_HLA-A*02:01,tcr2230,1
vdjdb_full_17289_rs_2_n0,KLSALGINAV_HLA-A*02:01,tcr1380,0
vdjdb_full_12854,IVTDFSVIK_HLA-A*11:01,tcr1377,1
vdjdb_full_12854_rs_2_n0,IVTDFSVIK_HLA-A*11:01,tcr9959,0
vdjdb_full_12158,FTSDYYQLY_HLA-A*01:01,tcr10494,1
vdjdb_full_12158_rs_2_n0,FTSDYYQLY_HLA-A*01:01,tcr17492,0
vdjdb_full_11044,FLASKIGRLV_HLA-A*02:01,tcr5498,1
vdjdb_full_11044_rs_2_n0,FLASKIGRLV_HLA-A*02:01,tcr13506,0
vdjdb_full_17309,KSVNITFEL_HLA-A*02:01,tcr14963,1
vdjdb_full_17309_rs_2_n0,KSVNITFEL_HLA-A*02:01,tcr6896,0
vdjdb_full_1068,KLGGALQAK_HLA-A*03:01,tcr6017,1
vdjdb_full_1068_rs_2_n0,KLGGALQAK_HLA-A*03:01,tcr6352,0
vdjdb_full_16958,NYNYLYRLF_HLA-A*24:02,tcr2735,1
vdjdb_full_16958_rs_2_n0,NYNYLYRLF_HLA-A*24:02,tcr9164,0
vdjdb_full_14821,LLWNGPMAV_HLA-A*02:01,tcr1098,1
vdjdb_full_14821_rs_2_n0,LLWNGPMAV_HLA-A*02:01,tcr475,0
vdjdb_full_9261,YVLDHLIVV_HLA-A*02:01,tcr8589,1
vdjdb_full_9261_rs_2_n0,YVLDHLIVV_HLA-A*02:01,tcr10470,0
vdjdb_full_15241,RPHERNGFTVL_HLA-B*07:02,tcr15365,1
vdjdb_full_15241_rs_2_n0,RPHERNGFTVL_HLA-B*07:02,tcr3165,0
vdjdb_full_15166,ALWEIQQVV_HLA-A*02:01,tcr7320,1
vdjdb_full_15166_rs_2_n0,ALWEIQQVV_HLA-A*02:01,tcr10386,0
vdjdb_full_13948,RVRAYTYSK_HLA-A*03:01,tcr10878,1
vdjdb_full_13948_rs_2_n0,RVRAYTYSK_HLA-A*03:01,tcr11474,0
vdjdb_full_8672,NLVPMVATV_HLA-A*02:01,tcr8182,1
vdjdb_full_8672_rs_2_n0,NLVPMVATV_HLA-A*02:01,tcr2720,0
vdjdb_full_13320,CLGGLLTMV_HLA-A*02:01,tcr17461,1
vdjdb_full_13320_rs_2_n0,CLGGLLTMV_HLA-A*02:01,tcr18411,0
vdjdb_full_18162,MLDLQPETT_HLA-A*02:01,tcr2437,1
vdjdb_full_18162_rs_2_n0,MLDLQPETT_HLA-A*02:01,tcr7336,0
vdjdb_full_9325,YVLDHLIVV_HLA-A*02:01,tcr6545,1
vdjdb_full_9325_rs_2_n0,YVLDHLIVV_HLA-A*02:01,tcr1700,0
vdjdb_full_16802,RLPGVLPRA_HLA-A*02:01,tcr6107,1
vdjdb_full_16802_rs_2_n0,RLPGVLPRA_HLA-A*02:01,tcr1105,0
vdjdb_full_11528,ATDALMTGF_HLA-A*01:01,tcr1955,1
vdjdb_full_11528_rs_2_n0,ATDALMTGF_HLA-A*01:01,tcr15416,0
vdjdb_full_9073,LLAGIGTVPI_HLA-A*02:01,tcr1700,1
vdjdb_full_9073_rs_2_n0,LLAGIGTVPI_HLA-A*02:01,tcr413,0
vdjdb_full_11224,TTDPSFLGRY_HLA-A*01:01,tcr8643,1
vdjdb_full_11224_rs_2_n0,TTDPSFLGRY_HLA-A*01:01,tcr2568,0
vdjdb_full_16415,RTATKQYNV_HLA-A*02:01,tcr17729,1
vdjdb_full_16415_rs_2_n0,RTATKQYNV_HLA-A*02:01,tcr11854,0
vdjdb_full_17350,RPIIRPATL_HLA-B*07:02,tcr13240,1
vdjdb_full_17350_rs_2_n0,RPIIRPATL_HLA-B*07:02,tcr1273,0
vdjdb_full_15484,CINGVCWTV_HLA-A*02:01,tcr14478,1
vdjdb_full_15484_rs_2_n0,CINGVCWTV_HLA-A*02:01,tcr16611,0
vdjdb_full_7028,GILGFVFTL_HLA-A*02:01,tcr171,1
vdjdb_full_7028_rs_2_n0,GILGFVFTL_HLA-A*02:01,tcr6141,0
vdjdb_full_8077,GILGFVFTL_HLA-A*02:01,tcr7447,1
vdjdb_full_8077_rs_2_n0,GILGFVFTL_HLA-A*02:01,tcr10153,0
vdjdb_full_6520,GILGFVFTL_HLA-A*02:01,tcr4469,1
vdjdb_full_6520_rs_2_n0,GILGFVFTL_HLA-A*02:01,tcr7554,0
vdjdb_full_9915,YLQPRTFLL_HLA-A*02:01,tcr12643,1
vdjdb_full_9915_rs_2_n0,YLQPRTFLL_HLA-A*02:01,tcr2243,0
vdjdb_full_15734,VYFLQSINF_HLA-A*24:02,tcr12113,1
vdjdb_full_15734_rs_2_n0,VYFLQSINF_HLA-A*24:02,tcr6020,0
vdjdb_full_14602,RVRAYTYSK_HLA-A*03:01,tcr8076,1
vdjdb_full_14602_rs_2_n0,RVRAYTYSK_HLA-A*03:01,tcr15346,0
vdjdb_full_12077,ALAGIGILTV_HLA-A*02:01,tcr8568,1
vdjdb_full_12077_rs_2_n0,ALAGIGILTV_HLA-A*02:01,tcr1372,0
vdjdb_full_8075,GILGFVFTL_HLA-A*02:01,tcr9147,1
vdjdb_full_8075_rs_2_n0,GILGFVFTL_HLA-A*02:01,tcr14463,0
vdjdb_full_16482,RPPIFIRRL_HLA-B*07:02,tcr7135,1
vdjdb_full_16482_rs_2_n0,RPPIFIRRL_HLA-B*07:02,tcr10287,0
vdjdb_full_12088,ALAGIGILTV_HLA-A*02:01,tcr12348,1
vdjdb_full_12088_rs_2_n0,ALAGIGILTV_HLA-A*02:01,tcr847,0
vdjdb_full_13739,TPRVTGGGAM_HLA-B*07:02,tcr8713,1
vdjdb_full_13739_rs_2_n0,TPRVTGGGAM_HLA-B*07:02,tcr7493,0
vdjdb_full_16472,RPPIFIRRL_HLA-B*07:02,tcr6734,1
vdjdb_full_16472_rs_2_n0,RPPIFIRRL_HLA-B*07:02,tcr4047,0
vdjdb_full_11641,ELAGIGILTV_HLA-A*02:01,tcr12357,1
vdjdb_full_11641_rs_2_n0,ELAGIGILTV_HLA-A*02:01,tcr13615,0
vdjdb_full_16522,RPPIFIRRL_HLA-B*07:02,tcr9704,1
vdjdb_full_16522_rs_2_n0,RPPIFIRRL_HLA-B*07:02,tcr17336,0
vdjdb_full_4,QAKWRLQTL_HLA-B*08:01,tcr2019,1
vdjdb_full_4_rs_2_n0,QAKWRLQTL_HLA-B*08:01,tcr16493,0
vdjdb_full_13816,TPRVTGGGAM_HLA-B*07:02,tcr16005,1
vdjdb_full_13816_rs_2_n0,TPRVTGGGAM_HLA-B*07:02,tcr3996,0
vdjdb_full_16984,NYNYLYRLF_HLA-A*24:02,tcr8390,1
vdjdb_full_16984_rs_2_n0,NYNYLYRLF_HLA-A*24:02,tcr13340,0
vdjdb_full_17940,YSEHPTFTSQY_HLA-A*01:01,tcr16493,1
vdjdb_full_17940_rs_2_n0,YSEHPTFTSQY_HLA-A*01:01,tcr15366,0
vdjdb_full_16942,RTATKAYNV_HLA-A*02:01,tcr16336,1
vdjdb_full_16942_rs_2_n0,RTATKAYNV_HLA-A*02:01,tcr436,0
vdjdb_full_17866,RLLPLLALL_HLA-A*02:01,tcr6923,1
vdjdb_full_17866_rs_2_n0,RLLPLLALL_HLA-A*02:01,tcr17664,0
vdjdb_full_15755,RTLNAWVKV_HLA-A*02:01,tcr16908,1
vdjdb_full_15755_rs_2_n0,RTLNAWVKV_HLA-A*02:01,tcr2579,0
vdjdb_full_13916,AYAQKIFKI_HLA-A*24:02,tcr10446,1
vdjdb_full_13916_rs_2_n0,AYAQKIFKI_HLA-A*24:02,tcr14564,0
vdjdb_full_15220,RPHERNGFTVL_HLA-B*07:02,tcr12714,1
vdjdb_full_15220_rs_2_n0,RPHERNGFTVL_HLA-B*07:02,tcr8817,0
vdjdb_full_17395,RGPGRAFVTI_HLA-A*02:01,tcr5764,1
vdjdb_full_17395_rs_2_n0,RGPGRAFVTI_HLA-A*02:01,tcr8332,0
vdjdb_full_15202,RPHERNGFTVL_HLA-B*07:02,tcr12673,1
vdjdb_full_15202_rs_2_n0,RPHERNGFTVL_HLA-B*07:02,tcr13377,0
vdjdb_full_13391,FLYALALLL_HLA-A*02:01,tcr13424,1
vdjdb_full_13391_rs_2_n0,FLYALALLL_HLA-A*02:01,tcr11668,0
vdjdb_full_10637,LTDEMIAQY_HLA-A*01:01,tcr6879,1
vdjdb_full_10637_rs_2_n0,LTDEMIAQY_HLA-A*01:01,tcr3690,0
vdjdb_full_9962,YLQPRTFLL_HLA-A*02:01,tcr15980,1
vdjdb_full_9962_rs_2_n0,YLQPRTFLL_HLA-A*02:01,tcr621,0
vdjdb_full_16920,RTATKAYNV_HLA-A*02:01,tcr14394,1
vdjdb_full_16920_rs_2_n0,RTATKAYNV_HLA-A*02:01,tcr4106,0
vdjdb_full_3853,SLLMWITQV_HLA-A*02:01,tcr4389,1
vdjdb_full_3853_rs_2_n0,SLLMWITQV_HLA-A*02:01,tcr1109,0
vdjdb_full_16086,VMVELVAEL_HLA-A*02:01,tcr9890,1
vdjdb_full_16086_rs_2_n0,VMVELVAEL_HLA-A*02:01,tcr15044,0
vdjdb_full_9245,YVLDHLIVV_HLA-A*02:01,tcr7122,1
vdjdb_full_9245_rs_2_n0,YVLDHLIVV_HLA-A*02:01,tcr7314,0
vdjdb_full_16484,RPPIFIRRL_HLA-B*07:02,tcr1272,1
vdjdb_full_16484_rs_2_n0,RPPIFIRRL_HLA-B*07:02,tcr575,0
vdjdb_full_2579,GLCTLVAML_HLA-A*02:01,tcr18299,1
vdjdb_full_2579_rs_2_n0,GLCTLVAML_HLA-A*02:01,tcr3491,0
vdjdb_full_13832,TPRVTGGGAM_HLA-B*07:02,tcr14005,1
vdjdb_full_13832_rs_2_n0,TPRVTGGGAM_HLA-B*07:02,tcr4224,0
vdjdb_full_14839,LLWNGPMAV_HLA-A*02:01,tcr17455,1
vdjdb_full_14839_rs_2_n0,LLWNGPMAV_HLA-A*02:01,tcr4035,0
vdjdb_full_18122,SIIAYTMSL_HLA-B*07:02,tcr3644,1
vdjdb_full_18122_rs_2_n0,SIIAYTMSL_HLA-B*07:02,tcr14524,0
vdjdb_full_15317,CINGVCWTV_HLA-A*02:01,tcr2606,1
vdjdb_full_15317_rs_2_n0,CINGVCWTV_HLA-A*02:01,tcr9170,0
vdjdb_full_4932,AVFDRKSDAK_HLA-A*11:01,tcr6333,1
vdjdb_full_4932_rs_2_n0,AVFDRKSDAK_HLA-A*11:01,tcr11594,0
vdjdb_full_16454,RTATKQYNV_HLA-A*02:01,tcr9493,1
vdjdb_full_16454_rs_2_n0,RTATKQYNV_HLA-A*02:01,tcr11957,0
vdjdb_full_14719,RPRGEVRFL_HLA-B*07:02,tcr10149,1
vdjdb_full_14719_rs_2_n0,RPRGEVRFL_HLA-B*07:02,tcr7320,0
vdjdb_full_14903,LLWNGPMAV_HLA-A*02:01,tcr15856,1
vdjdb_full_14903_rs_2_n0,LLWNGPMAV_HLA-A*02:01,tcr13364,0
vdjdb_full_14960,LLWNGPMAV_HLA-A*02:01,tcr14675,1
vdjdb_full_14960_rs_2_n0,LLWNGPMAV_HLA-A*02:01,tcr14265,0
vdjdb_full_16656,QYIKWPWYI_HLA-A*24:02,tcr13466,1
vdjdb_full_16656_rs_2_n0,QYIKWPWYI_HLA-A*24:02,tcr11634,0
vdjdb_full_14831,LLWNGPMAV_HLA-A*02:01,tcr13109,1
vdjdb_full_14831_rs_2_n0,LLWNGPMAV_HLA-A*02:01,tcr12639,0
vdjdb_full_13395,FLYALALLL_HLA-A*02:01,tcr17633,1
vdjdb_full_13395_rs_2_n0,FLYALALLL_HLA-A*02:01,tcr4680,0
vdjdb_full_15163,ALWEIQQVV_HLA-A*02:01,tcr1596,1
vdjdb_full_15163_rs_2_n0,ALWEIQQVV_HLA-A*02:01,tcr1441,0
vdjdb_full_13304,CLGGLLTMV_HLA-A*02:01,tcr3220,1
vdjdb_full_13304_rs_2_n0,CLGGLLTMV_HLA-A*02:01,tcr1982,0
vdjdb_full_8194,GILGFVFTL_HLA-A*02:01,tcr14716,1
vdjdb_full_8194_rs_2_n0,GILGFVFTL_HLA-A*02:01,tcr13176,0
vdjdb_full_7446,GILGFVFTL_HLA-A*02:01,tcr5506,1
vdjdb_full_7446_rs_2_n0,GILGFVFTL_HLA-A*02:01,tcr8713,0
vdjdb_full_11086,AAGIGILTV_HLA-A*02:01,tcr949,1
vdjdb_full_11086_rs_2_n0,AAGIGILTV_HLA-A*02:01,tcr17319,0
vdjdb_full_17464,LTSLTILQLY_HLA-A*01:01,tcr98,1
vdjdb_full_17464_rs_2_n0,LTSLTILQLY_HLA-A*01:01,tcr14878,0
vdjdb_full_13671,QYDPVAALF_HLA-A*24:02,tcr13908,1
vdjdb_full_13671_rs_2_n0,QYDPVAALF_HLA-A*24:02,tcr16597,0
vdjdb_full_18171,QELIRQGTDY_HLA-B*44:02,tcr5108,1
vdjdb_full_18171_rs_2_n0,QELIRQGTDY_HLA-B*44:02,tcr7799,0
vdjdb_full_15032,LLWNGPMAV_HLA-A*02:01,tcr14149,1
vdjdb_full_15032_rs_2_n0,LLWNGPMAV_HLA-A*02:01,tcr13205,0
vdjdb_full_16601,WPVTLACFV_HLA-B*07:02,tcr1533,1
vdjdb_full_16601_rs_2_n0,WPVTLACFV_HLA-B*07:02,tcr13206,0
vdjdb_full_13428,FLYALALLL_HLA-A*02:01,tcr17357,1
vdjdb_full_13428_rs_2_n0,FLYALALLL_HLA-A*02:01,tcr17045,0
vdjdb_full_13350,RMFPNAPYL_HLA-A*02:01,tcr16712,1
vdjdb_full_13350_rs_2_n0,RMFPNAPYL_HLA-A*02:01,tcr2510,0
vdjdb_full_16343,VTDAAHLLI_HLA-A*01:01,tcr14065,1
vdjdb_full_16343_rs_2_n0,VTDAAHLLI_HLA-A*01:01,tcr10950,0
vdjdb_full_10498,LLSLFSLWL_HLA-A*02:01,tcr13364,1
vdjdb_full_10498_rs_2_n0,LLSLFSLWL_HLA-A*02:01,tcr18210,0
vdjdb_full_15864,KSKRTPMGF_HLA-B*57:01,tcr7274,1
vdjdb_full_15864_rs_2_n0,KSKRTPMGF_HLA-B*57:01,tcr15907,0
vdjdb_full_15186,RPHERNGFTVL_HLA-B*07:02,tcr18313,1
vdjdb_full_15186_rs_2_n0,RPHERNGFTVL_HLA-B*07:02,tcr2507,0
vdjdb_full_2298,GLCTLVAML_HLA-A*02:01,tcr10511,1
vdjdb_full_2298_rs_2_n0,GLCTLVAML_HLA-A*02:01,tcr15612,0
vdjdb_full_5540,AVFDRKSDAK_HLA-A*11:01,tcr17818,1
vdjdb_full_5540_rs_2_n0,AVFDRKSDAK_HLA-A*11:01,tcr18195,0
vdjdb_full_16363,PTDNYITTY_HLA-A*01:01,tcr14866,1
vdjdb_full_16363_rs_2_n0,PTDNYITTY_HLA-A*01:01,tcr8233,0
vdjdb_full_10922,SPRWYFYYL_HLA-B*07:02,tcr7021,1
vdjdb_full_10922_rs_2_n0,SPRWYFYYL_HLA-B*07:02,tcr12674,0
vdjdb_full_6729,GILGFVFTL_HLA-A*02:01,tcr14950,1
vdjdb_full_6729_rs_2_n0,GILGFVFTL_HLA-A*02:01,tcr4760,0
vdjdb_full_16878,MEVTPSGTWL_HLA-B*40:01,tcr4629,1
vdjdb_full_16878_rs_2_n0,MEVTPSGTWL_HLA-B*40:01,tcr14673,0
vdjdb_full_16469,RPPIFIRRL_HLA-B*07:02,tcr12540,1
vdjdb_full_16469_rs_2_n0,RPPIFIRRL_HLA-B*07:02,tcr16944,0
vdjdb_full_14736,RAQAPPPSW_HLA-B*57:01,tcr10651,1
vdjdb_full_14736_rs_2_n0,RAQAPPPSW_HLA-B*57:01,tcr2114,0
vdjdb_full_16199,GPRLGVRAT_HLA-B*07:02,tcr212,1
vdjdb_full_16199_rs_2_n0,GPRLGVRAT_HLA-B*07:02,tcr3238,0
vdjdb_full_9349,YVLDHLIVV_HLA-A*02:01,tcr6265,1
vdjdb_full_9349_rs_2_n0,YVLDHLIVV_HLA-A*02:01,tcr10596,0
vdjdb_full_10065,RLRAEAQVK_HLA-A*03:01,tcr16104,1
vdjdb_full_10065_rs_2_n0,RLRAEAQVK_HLA-A*03:01,tcr17893,0
vdjdb_full_11719,ELAGIGILTV_HLA-A*02:01,tcr16180,1
vdjdb_full_11719_rs_2_n0,ELAGIGILTV_HLA-A*02:01,tcr18259,0
vdjdb_full_15733,VYFLQSINF_HLA-A*24:02,tcr1029,1
vdjdb_full_15733_rs_2_n0,VYFLQSINF_HLA-A*24:02,tcr8182,0
vdjdb_full_13593,KTFPPTEPK_HLA-A*03:01,tcr14583,1
vdjdb_full_13593_rs_2_n0,KTFPPTEPK_HLA-A*03:01,tcr4911,0
vdjdb_full_17116,HSNLNDATY_HLA-A*01:01,tcr7709,1
vdjdb_full_17116_rs_2_n0,HSNLNDATY_HLA-A*01:01,tcr10803,0
vdjdb_full_16008,KLVALGINAV_HLA-A*02:01,tcr15346,1
vdjdb_full_16008_rs_2_n0,KLVALGINAV_HLA-A*02:01,tcr51,0
vdjdb_full_13215,DATYQRTRALVR_HLA-A*68:01,tcr13531,1
vdjdb_full_13215_rs_2_n0,DATYQRTRALVR_HLA-A*68:01,tcr3597,0
vdjdb_full_16978,NYNYLYRLF_HLA-A*24:02,tcr11239,1
vdjdb_full_16978_rs_2_n0,NYNYLYRLF_HLA-A*24:02,tcr5409,0
vdjdb_full_10928,SPRWYFYYL_HLA-B*07:02,tcr3357,1
vdjdb_full_10928_rs_2_n0,SPRWYFYYL_HLA-B*07:02,tcr10798,0
vdjdb_full_2291,GLCTLVAML_HLA-A*02:01,tcr17175,1
vdjdb_full_2291_rs_2_n0,GLCTLVAML_HLA-A*02:01,tcr17306,0
vdjdb_full_16602,WPVTLACFV_HLA-B*07:02,tcr11177,1
vdjdb_full_16602_rs_2_n0,WPVTLACFV_HLA-B*07:02,tcr9895,0
vdjdb_full_52,QAKWRLQTL_HLA-B*08:01,tcr8993,1
vdjdb_full_52_rs_2_n0,QAKWRLQTL_HLA-B*08:01,tcr2436,0
vdjdb_full_14360,RVRAYTYSK_HLA-A*03:01,tcr7432,1
vdjdb_full_14360_rs_2_n0,RVRAYTYSK_HLA-A*03:01,tcr985,0
vdjdb_full_16235,GIIYIIYKL_HLA-A*02:01,tcr17339,1
vdjdb_full_16235_rs_2_n0,GIIYIIYKL_HLA-A*02:01,tcr11424,0
vdjdb_full_15632,FLRGRAYGL_HLA-B*08:01,tcr2725,1
vdjdb_full_15632_rs_2_n0,FLRGRAYGL_HLA-B*08:01,tcr8182,0
vdjdb_full_16234,GIIYIIYKL_HLA-A*02:01,tcr10073,1
vdjdb_full_16234_rs_2_n0,GIIYIIYKL_HLA-A*02:01,tcr374,0
vdjdb_full_11580,ATDALMTGF_HLA-A*01:01,tcr8164,1
vdjdb_full_11580_rs_2_n0,ATDALMTGF_HLA-A*01:01,tcr6329,0
vdjdb_full_12382,IVTDFSVIK_HLA-A*11:01,tcr13767,1
vdjdb_full_12382_rs_2_n0,IVTDFSVIK_HLA-A*11:01,tcr17179,0
vdjdb_full_17259,YAKWKLCSA_HLA-B*08:01,tcr4419,1
vdjdb_full_17259_rs_2_n0,YAKWKLCSA_HLA-B*08:01,tcr10552,0
vdjdb_full_12171,IMDQVPFSV_HLA-A*02:01,tcr13268,1
vdjdb_full_12171_rs_2_n0,IMDQVPFSV_HLA-A*02:01,tcr6924,0
vdjdb_full_16706,VAANIVLTV_HLA-A*02:01,tcr370,1
vdjdb_full_16706_rs_2_n0,VAANIVLTV_HLA-A*02:01,tcr2187,0
vdjdb_full_9519,YVLDHLIVV_HLA-A*02:01,tcr15043,1
vdjdb_full_9519_rs_2_n0,YVLDHLIVV_HLA-A*02:01,tcr3396,0
vdjdb_full_15182,ALWEIQQVV_HLA-A*02:01,tcr13654,1
vdjdb_full_15182_rs_2_n0,ALWEIQQVV_HLA-A*02:01,tcr6103,0
vdjdb_full_7350,GILGFVFTL_HLA-A*02:01,tcr16814,1
vdjdb_full_7350_rs_2_n0,GILGFVFTL_HLA-A*02:01,tcr13731,0
vdjdb_full_17932,YSEHPTFTSQY_HLA-A*01:01,tcr310,1
vdjdb_full_17932_rs_2_n0,YSEHPTFTSQY_HLA-A*01:01,tcr412,0
vdjdb_full_1825,KLGGALQAK_HLA-A*03:01,tcr12152,1
vdjdb_full_1825_rs_2_n0,KLGGALQAK_HLA-A*03:01,tcr8805,0
vdjdb_full_15036,LLWNGPMAV_HLA-A*02:01,tcr10487,1
vdjdb_full_15036_rs_2_n0,LLWNGPMAV_HLA-A*02:01,tcr1095,0
vdjdb_full_16175,GPRLGVRAT_HLA-B*07:02,tcr2271,1
vdjdb_full_16175_rs_2_n0,GPRLGVRAT_HLA-B*07:02,tcr4419,0
vdjdb_full_14755,RAQAPPPSW_HLA-B*57:01,tcr1720,1
vdjdb_full_14755_rs_2_n0,RAQAPPPSW_HLA-B*57:01,tcr14944,0
vdjdb_full_15775,RTLNAWVKV_HLA-A*02:01,tcr1294,1
vdjdb_full_15775_rs_2_n0,RTLNAWVKV_HLA-A*02:01,tcr9883,0
vdjdb_full_2737,SLLMWITQV_HLA-A*02:01,tcr16709,1
vdjdb_full_2737_rs_2_n0,SLLMWITQV_HLA-A*02:01,tcr3648,0
vdjdb_full_8125,GILGFVFTL_HLA-A*02:01,tcr9797,1
vdjdb_full_8125_rs_2_n0,GILGFVFTL_HLA-A*02:01,tcr15907,0
vdjdb_full_13414,FLYALALLL_HLA-A*02:01,tcr8732,1
vdjdb_full_13414_rs_2_n0,FLYALALLL_HLA-A*02:01,tcr5108,0
vdjdb_full_12120,YLQQNWWTL_HLA-A*02:01,tcr12780,1
vdjdb_full_12120_rs_2_n0,YLQQNWWTL_HLA-A*02:01,tcr4497,0
vdjdb_full_10805,SPRWYFYYL_HLA-B*07:02,tcr3087,1
vdjdb_full_10805_rs_2_n0,SPRWYFYYL_HLA-B*07:02,tcr8704,0
vdjdb_full_15539,SLFNTVATLY_HLA-A*02:01,tcr5741,1
vdjdb_full_15539_rs_2_n0,SLFNTVATLY_HLA-A*02:01,tcr8490,0
vdjdb_full_16621,QYIKWPWYI_HLA-A*24:02,tcr11312,1
vdjdb_full_16621_rs_2_n0,QYIKWPWYI_HLA-A*24:02,tcr17567,0
vdjdb_full_13408,FLYALALLL_HLA-A*02:01,tcr16079,1
vdjdb_full_13408_rs_2_n0,FLYALALLL_HLA-A*02:01,tcr9281,0
vdjdb_full_11635,ELAGIGILTV_HLA-A*02:01,tcr2101,1
vdjdb_full_11635_rs_2_n0,ELAGIGILTV_HLA-A*02:01,tcr1819,0
vdjdb_full_14768,RAQAPPPSW_HLA-B*57:01,tcr6485,1
vdjdb_full_14768_rs_2_n0,RAQAPPPSW_HLA-B*57:01,tcr10158,0
vdjdb_full_3899,SLLMWITQV_HLA-A*02:01,tcr1085,1
vdjdb_full_3899_rs_2_n0,SLLMWITQV_HLA-A*02:01,tcr8375,0
vdjdb_full_11100,TTDPSFLGRY_HLA-A*01:01,tcr11156,1
vdjdb_full_11100_rs_2_n0,TTDPSFLGRY_HLA-A*01:01,tcr17522,0
vdjdb_full_15013,LLWNGPMAV_HLA-A*02:01,tcr12674,1
vdjdb_full_15013_rs_2_n0,LLWNGPMAV_HLA-A*02:01,tcr2290,0
vdjdb_full_10813,SPRWYFYYL_HLA-B*07:02,tcr5755,1
vdjdb_full_10813_rs_2_n0,SPRWYFYYL_HLA-B*07:02,tcr8230,0
vdjdb_full_15579,FLRGRAYGL_HLA-B*08:01,tcr12677,1
vdjdb_full_15579_rs_2_n0,FLRGRAYGL_HLA-B*08:01,tcr2709,0
vdjdb_full_15232,RPHERNGFTVL_HLA-B*07:02,tcr8939,1
vdjdb_full_15232_rs_2_n0,RPHERNGFTVL_HLA-B*07:02,tcr13183,0
vdjdb_full_9656,YLQPRTFLL_HLA-A*02:01,tcr7800,1
vdjdb_full_9656_rs_2_n0,YLQPRTFLL_HLA-A*02:01,tcr4042,0
vdjdb_full_13716,TPRVTGGGAM_HLA-B*07:02,tcr1160,1
vdjdb_full_13716_rs_2_n0,TPRVTGGGAM_HLA-B*07:02,tcr17590,0
vdjdb_full_16747,YLLEMLWRL_HLA-A*02:01,tcr7840,1
vdjdb_full_16747_rs_2_n0,YLLEMLWRL_HLA-A*02:01,tcr15923,0
vdjdb_full_13288,CLGGLLTMV_HLA-A*02:01,tcr8094,1
vdjdb_full_13288_rs_2_n0,CLGGLLTMV_HLA-A*02:01,tcr13056,0
vdjdb_full_3663,SLLMWITQV_HLA-A*02:01,tcr9845,1
vdjdb_full_3663_rs_2_n0,SLLMWITQV_HLA-A*02:01,tcr14864,0
vdjdb_full_16646,QYIKWPWYI_HLA-A*24:02,tcr15158,1
vdjdb_full_16646_rs_2_n0,QYIKWPWYI_HLA-A*24:02,tcr12975,0
vdjdb_full_16690,VAANIVLTV_HLA-A*02:01,tcr4679,1
vdjdb_full_16690_rs_2_n0,VAANIVLTV_HLA-A*02:01,tcr1032,0
vdjdb_full_8328,LLDFVRFMGV_HLA-A*02:01,tcr12298,1
vdjdb_full_8328_rs_2_n0,LLDFVRFMGV_HLA-A*02:01,tcr1071,0
vdjdb_full_15719,VYFLQSINF_HLA-A*24:02,tcr13982,1
vdjdb_full_15719_rs_2_n0,VYFLQSINF_HLA-A*24:02,tcr612,0
vdjdb_full_2093,GLCTLVAML_HLA-A*02:01,tcr14944,1
vdjdb_full_2093_rs_2_n0,GLCTLVAML_HLA-A*02:01,tcr4679,0
vdjdb_full_11527,ATDALMTGF_HLA-A*01:01,tcr3312,1
vdjdb_full_11527_rs_2_n0,ATDALMTGF_HLA-A*01:01,tcr982,0
vdjdb_full_13393,FLYALALLL_HLA-A*02:01,tcr1334,1
vdjdb_full_13393_rs_2_n0,FLYALALLL_HLA-A*02:01,tcr13340,0
vdjdb_full_6376,GILGFVFTL_HLA-A*02:01,tcr3169,1
vdjdb_full_6376_rs_2_n0,GILGFVFTL_HLA-A*02:01,tcr5961,0
vdjdb_full_14643,CTELKLSDY_HLA-A*01:01,tcr15499,1
vdjdb_full_14643_rs_2_n0,CTELKLSDY_HLA-A*01:01,tcr4259,0
vdjdb_full_8782,LLAGIGTVPI_HLA-A*02:01,tcr469,1
vdjdb_full_8782_rs_2_n0,LLAGIGTVPI_HLA-A*02:01,tcr14889,0
vdjdb_full_9291,YVLDHLIVV_HLA-A*02:01,tcr14494,1
vdjdb_full_9291_rs_2_n0,YVLDHLIVV_HLA-A*02:01,tcr14951,0
vdjdb_full_16481,RPPIFIRRL_HLA-B*07:02,tcr4319,1
vdjdb_full_16481_rs_2_n0,RPPIFIRRL_HLA-B*07:02,tcr94,0
vdjdb_full_11197,TTDPSFLGRY_HLA-A*01:01,tcr7609,1
vdjdb_full_11197_rs_2_n0,TTDPSFLGRY_HLA-A*01:01,tcr4673,0
vdjdb_full_12083,ALAGIGILTV_HLA-A*02:01,tcr9343,1
vdjdb_full_12083_rs_2_n0,ALAGIGILTV_HLA-A*02:01,tcr656,0
vdjdb_full_2299,GLCTLVAML_HLA-A*02:01,tcr8206,1
vdjdb_full_2299_rs_2_n0,GLCTLVAML_HLA-A*02:01,tcr4965,0
vdjdb_full_7407,GILGFVFTL_HLA-A*02:01,tcr2612,1
vdjdb_full_7407_rs_2_n0,GILGFVFTL_HLA-A*02:01,tcr2751,0
vdjdb_full_5265,AVFDRKSDAK_HLA-A*11:01,tcr5848,1
vdjdb_full_5265_rs_2_n0,AVFDRKSDAK_HLA-A*11:01,tcr8713,0
vdjdb_full_61,QAKWRLQTL_HLA-B*08:01,tcr7002,1
vdjdb_full_61_rs_2_n0,QAKWRLQTL_HLA-B*08:01,tcr5094,0
vdjdb_full_13790,TPRVTGGGAM_HLA-B*07:02,tcr6488,1
vdjdb_full_13790_rs_2_n0,TPRVTGGGAM_HLA-B*07:02,tcr17910,0
vdjdb_full_8758,LLAGIGTVPI_HLA-A*02:01,tcr9616,1
vdjdb_full_8758_rs_2_n0,LLAGIGTVPI_HLA-A*02:01,tcr9545,0
vdjdb_full_16770,RLPGVLPRA_HLA-A*02:01,tcr929,1
vdjdb_full_16770_rs_2_n0,RLPGVLPRA_HLA-A*02:01,tcr2834,0
vdjdb_full_14644,CTELKLSDY_HLA-A*01:01,tcr15504,1
vdjdb_full_14644_rs_2_n0,CTELKLSDY_HLA-A*01:01,tcr12263,0
vdjdb_full_10898,SPRWYFYYL_HLA-B*07:02,tcr17599,1
vdjdb_full_10898_rs_2_n0,SPRWYFYYL_HLA-B*07:02,tcr16,0
vdjdb_full_16986,NYNYLYRLF_HLA-A*24:02,tcr17991,1
vdjdb_full_16986_rs_2_n0,NYNYLYRLF_HLA-A*24:02,tcr13651,0
vdjdb_full_15026,LLWNGPMAV_HLA-A*02:01,tcr13609,1
vdjdb_full_15026_rs_2_n0,LLWNGPMAV_HLA-A*02:01,tcr1790,0
vdjdb_full_16623,QYIKWPWYI_HLA-A*24:02,tcr18120,1
vdjdb_full_16623_rs_2_n0,QYIKWPWYI_HLA-A*24:02,tcr9915,0
vdjdb_full_13603,KTFPPTEPK_HLA-A*03:01,tcr16167,1
vdjdb_full_13603_rs_2_n0,KTFPPTEPK_HLA-A*03:01,tcr12392,0
vdjdb_full_16080,VMVELVAEL_HLA-A*02:01,tcr17442,1
vdjdb_full_16080_rs_2_n0,VMVELVAEL_HLA-A*02:01,tcr5580,0
vdjdb_full_11531,ATDALMTGF_HLA-A*01:01,tcr4497,1
vdjdb_full_11531_rs_2_n0,ATDALMTGF_HLA-A*01:01,tcr10016,0
vdjdb_full_11605,ATDALMTGF_HLA-A*01:01,tcr17402,1
vdjdb_full_11605_rs_2_n0,ATDALMTGF_HLA-A*01:01,tcr9190,0
vdjdb_full_16764,RLPGVLPRA_HLA-A*02:01,tcr1191,1
vdjdb_full_16764_rs_2_n0,RLPGVLPRA_HLA-A*02:01,tcr6125,0
vdjdb_full_17363,RPIIRPATL_HLA-B*07:02,tcr2772,1
vdjdb_full_17363_rs_2_n0,RPIIRPATL_HLA-B*07:02,tcr11415,0
vdjdb_full_8420,NLVPMVATV_HLA-A*02:01,tcr10815,1
vdjdb_full_8420_rs_2_n0,NLVPMVATV_HLA-A*02:01,tcr13937,0
vdjdb_full_17465,LTSLTILQLY_HLA-A*01:01,tcr5970,1
vdjdb_full_17465_rs_2_n0,LTSLTILQLY_HLA-A*01:01,tcr9576,0
vdjdb_full_9861,YLQPRTFLL_HLA-A*02:01,tcr12576,1
vdjdb_full_9861_rs_2_n0,YLQPRTFLL_HLA-A*02:01,tcr12263,0
vdjdb_full_11084,AAGIGILTV_HLA-A*02:01,tcr13657,1
vdjdb_full_11084_rs_2_n0,AAGIGILTV_HLA-A*02:01,tcr9107,0
vdjdb_full_13836,TPRVTGGGAM_HLA-B*07:02,tcr10452,1
vdjdb_full_13836_rs_2_n0,TPRVTGGGAM_HLA-B*07:02,tcr1243,0
vdjdb_full_17195,ALSKGVHFV_HLA-A*02:01,tcr1707,1
vdjdb_full_17195_rs_2_n0,ALSKGVHFV_HLA-A*02:01,tcr7538,0
vdjdb_full_9197,YVLDHLIVV_HLA-A*02:01,tcr17171,1
vdjdb_full_9197_rs_2_n0,YVLDHLIVV_HLA-A*02:01,tcr2730,0
vdjdb_full_17320,KSVNITFEL_HLA-A*02:01,tcr7584,1
vdjdb_full_17320_rs_2_n0,KSVNITFEL_HLA-A*02:01,tcr619,0
vdjdb_full_10788,SPRWYFYYL_HLA-B*07:02,tcr27,1
vdjdb_full_10788_rs_2_n0,SPRWYFYYL_HLA-B*07:02,tcr3820,0
vdjdb_full_16455,RTATKQYNV_HLA-A*02:01,tcr12391,1
vdjdb_full_16455_rs_2_n0,RTATKQYNV_HLA-A*02:01,tcr12084,0
vdjdb_full_15880,KSKRTPMGF_HLA-B*57:01,tcr11874,1
vdjdb_full_15880_rs_2_n0,KSKRTPMGF_HLA-B*57:01,tcr7182,0
vdjdb_full_10632,LTDEMIAQY_HLA-A*01:01,tcr12200,1
vdjdb_full_10632_rs_2_n0,LTDEMIAQY_HLA-A*01:01,tcr14590,0
vdjdb_full_11378,TTDPSFLGRY_HLA-A*01:01,tcr13572,1
vdjdb_full_11378_rs_2_n0,TTDPSFLGRY_HLA-A*01:01,tcr9280,0
vdjdb_full_17413,RGPGRAFVTI_HLA-A*02:01,tcr14448,1
vdjdb_full_17413_rs_2_n0,RGPGRAFVTI_HLA-A*02:01,tcr15745,0
vdjdb_full_12732,IVTDFSVIK_HLA-A*11:01,tcr5060,1
vdjdb_full_12732_rs_2_n0,IVTDFSVIK_HLA-A*11:01,tcr13937,0
vdjdb_full_15965,KSKRTPMGF_HLA-B*57:01,tcr2889,1
vdjdb_full_15965_rs_2_n0,KSKRTPMGF_HLA-B*57:01,tcr8122,0
vdjdb_full_14772,RAQAPPPSW_HLA-B*57:01,tcr11888,1
vdjdb_full_14772_rs_2_n0,RAQAPPPSW_HLA-B*57:01,tcr6183,0
vdjdb_full_16879,MEVTPSGTWL_HLA-B*40:01,tcr2104,1
vdjdb_full_16879_rs_2_n0,MEVTPSGTWL_HLA-B*40:01,tcr3655,0
vdjdb_full_8315,LLDFVRFMGV_HLA-A*02:01,tcr14752,1
vdjdb_full_8315_rs_2_n0,LLDFVRFMGV_HLA-A*02:01,tcr10770,0
vdjdb_full_13425,FLYALALLL_HLA-A*02:01,tcr11775,1
vdjdb_full_13425_rs_2_n0,FLYALALLL_HLA-A*02:01,tcr16858,0
vdjdb_full_8554,NLVPMVATV_HLA-A*02:01,tcr3528,1
vdjdb_full_8554_rs_2_n0,NLVPMVATV_HLA-A*02:01,tcr8264,0
vdjdb_full_4217,SLLMWITQV_HLA-A*02:01,tcr17701,1
vdjdb_full_4217_rs_2_n0,SLLMWITQV_HLA-A*02:01,tcr3063,0
vdjdb_full_10706,SPRWYFYYL_HLA-B*07:02,tcr5992,1
vdjdb_full_10706_rs_2_n0,SPRWYFYYL_HLA-B*07:02,tcr14341,0
vdjdb_full_15120,NQKLIANQF_HLA-B*15:01,tcr12934,1
vdjdb_full_15120_rs_2_n0,NQKLIANQF_HLA-B*15:01,tcr2082,0
vdjdb_full_11825,ELAGIGILTV_HLA-A*02:01,tcr1099,1
vdjdb_full_11825_rs_2_n0,ELAGIGILTV_HLA-A*02:01,tcr13664,0
vdjdb_full_17356,RPIIRPATL_HLA-B*07:02,tcr14674,1
vdjdb_full_17356_rs_2_n0,RPIIRPATL_HLA-B*07:02,tcr5437,0
vdjdb_full_14836,LLWNGPMAV_HLA-A*02:01,tcr11668,1
vdjdb_full_14836_rs_2_n0,LLWNGPMAV_HLA-A*02:01,tcr8187,0
vdjdb_full_15841,KLWAQCVQL_HLA-A*02:01,tcr14763,1
vdjdb_full_15841_rs_2_n0,KLWAQCVQL_HLA-A*02:01,tcr14657,0
vdjdb_full_10565,LTDEMIAQY_HLA-A*01:01,tcr635,1
vdjdb_full_10565_rs_2_n0,LTDEMIAQY_HLA-A*01:01,tcr6146,0
vdjdb_full_12069,ALAGIGILTV_HLA-A*02:01,tcr13589,1
vdjdb_full_12069_rs_2_n0,ALAGIGILTV_HLA-A*02:01,tcr15582,0
vdjdb_full_690,KLGGALQAK_HLA-A*03:01,tcr6893,1
vdjdb_full_690_rs_2_n0,KLGGALQAK_HLA-A*03:01,tcr6053,0
vdjdb_full_10504,LLSLFSLWL_HLA-A*02:01,tcr6988,1
vdjdb_full_10504_rs_2_n0,LLSLFSLWL_HLA-A*02:01,tcr10708,0
vdjdb_full_16197,GPRLGVRAT_HLA-B*07:02,tcr17444,1
vdjdb_full_16197_rs_2_n0,GPRLGVRAT_HLA-B*07:02,tcr15946,0
vdjdb_full_15800,RTLNAWVKV_HLA-A*02:01,tcr7493,1
vdjdb_full_15800_rs_2_n0,RTLNAWVKV_HLA-A*02:01,tcr5757,0
vdjdb_full_7418,GILGFVFTL_HLA-A*02:01,tcr9965,1
vdjdb_full_7418_rs_2_n0,GILGFVFTL_HLA-A*02:01,tcr3951,0
vdjdb_full_15237,RPHERNGFTVL_HLA-B*07:02,tcr13324,1
vdjdb_full_15237_rs_2_n0,RPHERNGFTVL_HLA-B*07:02,tcr8534,0
vdjdb_full_10345,RLRAEAQVK_HLA-A*03:01,tcr12639,1
vdjdb_full_10345_rs_2_n0,RLRAEAQVK_HLA-A*03:01,tcr17887,0
vdjdb_full_15538,SLFNTVATLY_HLA-A*02:01,tcr11833,1
vdjdb_full_15538_rs_2_n0,SLFNTVATLY_HLA-A*02:01,tcr18338,0
vdjdb_full_13708,TPRVTGGGAM_HLA-B*07:02,tcr16163,1
vdjdb_full_13708_rs_2_n0,TPRVTGGGAM_HLA-B*07:02,tcr15237,0
vdjdb_full_11963,ELAGIGILTV_HLA-A*02:01,tcr5793,1
vdjdb_full_11963_rs_2_n0,ELAGIGILTV_HLA-A*02:01,tcr453,0
vdjdb_full_10059,RLRAEAQVK_HLA-A*03:01,tcr3655,1
vdjdb_full_10059_rs_2_n0,RLRAEAQVK_HLA-A*03:01,tcr15980,0
vdjdb_full_13765,TPRVTGGGAM_HLA-B*07:02,tcr11113,1
vdjdb_full_13765_rs_2_n0,TPRVTGGGAM_HLA-B*07:02,tcr1490,0
vdjdb_full_8599,NLVPMVATV_HLA-A*02:01,tcr11564,1
vdjdb_full_8599_rs_2_n0,NLVPMVATV_HLA-A*02:01,tcr8966,0
vdjdb_full_16900,RTATKAYNV_HLA-A*02:01,tcr7819,1
vdjdb_full_16900_rs_2_n0,RTATKAYNV_HLA-A*02:01,tcr16541,0
vdjdb_full_16659,QYIKWPWYI_HLA-A*24:02,tcr1138,1
vdjdb_full_16659_rs_2_n0,QYIKWPWYI_HLA-A*24:02,tcr10450,0
vdjdb_full_11901,ELAGIGILTV_HLA-A*02:01,tcr6573,1
vdjdb_full_11901_rs_2_n0,ELAGIGILTV_HLA-A*02:01,tcr6859,0
vdjdb_full_11867,ELAGIGILTV_HLA-A*02:01,tcr15559,1
vdjdb_full_11867_rs_2_n0,ELAGIGILTV_HLA-A*02:01,tcr8751,0
vdjdb_full_11784,ELAGIGILTV_HLA-A*02:01,tcr5962,1
vdjdb_full_11784_rs_2_n0,ELAGIGILTV_HLA-A*02:01,tcr10043,0
vdjdb_full_12084,ALAGIGILTV_HLA-A*02:01,tcr17541,1
vdjdb_full_12084_rs_2_n0,ALAGIGILTV_HLA-A*02:01,tcr8262,0
vdjdb_full_12091,ALAGIGILTV_HLA-A*02:01,tcr9334,1
vdjdb_full_12091_rs_2_n0,ALAGIGILTV_HLA-A*02:01,tcr16820,0
vdjdb_full_16781,RLPGVLPRA_HLA-A*02:01,tcr5732,1
vdjdb_full_16781_rs_2_n0,RLPGVLPRA_HLA-A*02:01,tcr1098,0
vdjdb_full_17944,YSEHPTFTSQY_HLA-A*01:01,tcr11834,1
vdjdb_full_17944_rs_2_n0,YSEHPTFTSQY_HLA-A*01:01,tcr15245,0
vdjdb_full_18414,FLWSVFWLI_HLA-A*02:01,tcr292,1
vdjdb_full_18414_rs_2_n0,FLWSVFWLI_HLA-A*02:01,tcr7986,0
vdjdb_full_45,QAKWRLQTL_HLA-B*08:01,tcr9171,1
vdjdb_full_45_rs_2_n0,QAKWRLQTL_HLA-B*08:01,tcr1332,0
vdjdb_full_8881,LLAGIGTVPI_HLA-A*02:01,tcr8716,1
vdjdb_full_8881_rs_2_n0,LLAGIGTVPI_HLA-A*02:01,tcr15580,0
vdjdb_full_14893,LLWNGPMAV_HLA-A*02:01,tcr11302,1
vdjdb_full_14893_rs_2_n0,LLWNGPMAV_HLA-A*02:01,tcr1934,0
vdjdb_full_8908,LLAGIGTVPI_HLA-A*02:01,tcr7292,1
vdjdb_full_8908_rs_2_n0,LLAGIGTVPI_HLA-A*02:01,tcr13477,0
vdjdb_full_15551,FLRGRAYGL_HLA-B*08:01,tcr6133,1
vdjdb_full_15551_rs_2_n0,FLRGRAYGL_HLA-B*08:01,tcr16182,0
vdjdb_full_13510,LLLEWLAMA_HLA-A*02:01,tcr13617,1
vdjdb_full_13510_rs_2_n0,LLLEWLAMA_HLA-A*02:01,tcr16350,0
vdjdb_full_17529,RLWGTWVKA_HLA-A*02:01,tcr15724,1
vdjdb_full_17529_rs_2_n0,RLWGTWVKA_HLA-A*02:01,tcr2735,0
vdjdb_full_5707,AVFDRKSDAK_HLA-A*11:01,tcr15946,1
vdjdb_full_5707_rs_2_n0,AVFDRKSDAK_HLA-A*11:01,tcr4162,0
vdjdb_full_17045,LLYDANYFL_HLA-A*02:01,tcr8803,1
vdjdb_full_17045_rs_2_n0,LLYDANYFL_HLA-A*02:01,tcr13284,0
vdjdb_full_14734,RPRGEVRFL_HLA-B*07:02,tcr15715,1
vdjdb_full_14734_rs_2_n0,RPRGEVRFL_HLA-B*07:02,tcr15271,0
vdjdb_full_6038,AVFDRKSDAK_HLA-A*11:01,tcr828,1
vdjdb_full_6038_rs_2_n0,AVFDRKSDAK_HLA-A*11:01,tcr10507,0
vdjdb_full_16729,YLLEMLWRL_HLA-A*02:01,tcr4108,1
vdjdb_full_16729_rs_2_n0,YLLEMLWRL_HLA-A*02:01,tcr5342,0
vdjdb_full_2550,GLCTLVAML_HLA-A*02:01,tcr508,1
vdjdb_full_2550_rs_2_n0,GLCTLVAML_HLA-A*02:01,tcr14909,0
vdjdb_full_13286,CLGGLLTMV_HLA-A*02:01,tcr3230,1
vdjdb_full_13286_rs_2_n0,CLGGLLTMV_HLA-A*02:01,tcr9576,0
vdjdb_full_13561,KTFPPTEPK_HLA-A*03:01,tcr8490,1
vdjdb_full_13561_rs_2_n0,KTFPPTEPK_HLA-A*03:01,tcr9334,0
vdjdb_full_13298,CLGGLLTMV_HLA-A*02:01,tcr3648,1
vdjdb_full_13298_rs_2_n0,CLGGLLTMV_HLA-A*02:01,tcr2045,0
vdjdb_full_12711,IVTDFSVIK_HLA-A*11:01,tcr12976,1
vdjdb_full_12711_rs_2_n0,IVTDFSVIK_HLA-A*11:01,tcr16005,0
vdjdb_full_18415,FLWSVFWLI_HLA-A*02:01,tcr8449,1
vdjdb_full_18415_rs_2_n0,FLWSVFWLI_HLA-A*02:01,tcr9479,0
vdjdb_full_18205,GQAQGIGSSVY_HLA-B*15:01,tcr5834,1
vdjdb_full_18205_rs_2_n0,GQAQGIGSSVY_HLA-B*15:01,tcr3148,0
vdjdb_full_15822,ALGIGILTV_HLA-A*02:01,tcr16007,1
vdjdb_full_15822_rs_2_n0,ALGIGILTV_HLA-A*02:01,tcr11285,0
vdjdb_full_14458,RVRAYTYSK_HLA-A*03:01,tcr16534,1
vdjdb_full_14458_rs_2_n0,RVRAYTYSK_HLA-A*03:01,tcr131,0
vdjdb_full_16192,GPRLGVRAT_HLA-B*07:02,tcr11480,1
vdjdb_full_16192_rs_2_n0,GPRLGVRAT_HLA-B*07:02,tcr7092,0
vdjdb_full_16677,VMNILLQYV_HLA-A*02:01,tcr5814,1
vdjdb_full_16677_rs_2_n0,VMNILLQYV_HLA-A*02:01,tcr1608,0
vdjdb_full_12063,ALAGIGILTV_HLA-A*02:01,tcr7045,1
vdjdb_full_12063_rs_2_n0,ALAGIGILTV_HLA-A*02:01,tcr14205,0
vdjdb_full_9367,YVLDHLIVV_HLA-A*02:01,tcr8515,1
vdjdb_full_9367_rs_2_n0,YVLDHLIVV_HLA-A*02:01,tcr4869,0
vdjdb_full_13707,TPRVTGGGAM_HLA-B*07:02,tcr15798,1
vdjdb_full_13707_rs_2_n0,TPRVTGGGAM_HLA-B*07:02,tcr16158,0
vdjdb_full_15485,CINGVCWTV_HLA-A*02:01,tcr10944,1
vdjdb_full_15485_rs_2_n0,CINGVCWTV_HLA-A*02:01,tcr3815,0
vdjdb_full_13244,DATYQRTRALVR_HLA-A*68:01,tcr7755,1
vdjdb_full_13244_rs_2_n0,DATYQRTRALVR_HLA-A*68:01,tcr17788,0
vdjdb_full_7864,GILGFVFTL_HLA-A*02:01,tcr2327,1
vdjdb_full_7864_rs_2_n0,GILGFVFTL_HLA-A*02:01,tcr4952,0
