id,pmhc,tcr,label
vdjdb_full_10016,RLRAEAQVK_HLA-A*03:01,tcr10435,1
vdjdb_full_10016_ss_3_n0_iptm_filtered,RLRAEAQVK_HLA-A*03:01,tcr12086,0
vdjdb_full_10026,RLRAEAQVK_HLA-A*03:01,tcr11094,1
vdjdb_full_10026_ss_3_n0_iptm_filtered,RLRAEAQVK_HLA-A*03:01,tcr12876,0
vdjdb_full_10031,RLRAEAQVK_HLA-A*03:01,tcr16864,1
vdjdb_full_10031_ss_3_n0_iptm_filtered,RLRAEAQVK_HLA-A*03:01,tcr14354,0
vdjdb_full_10032,RLRAEAQVK_HLA-A*03:01,tcr8122,1
vdjdb_full_10032_ss_3_n0_iptm_filtered,RLRAEAQVK_HLA-A*03:01,tcr15699,0
vdjdb_full_10092,RLRAEAQVK_HLA-A*03:01,tcr7771,1
vdjdb_full_10092_ss_3_n0_iptm_filtered,RLRAEAQVK_HLA-A*03:01,tcr9958,0
vdjdb_full_10103,RLRAEAQVK_HLA-A*03:01,tcr4035,1
vdjdb_full_10103_ss_3_n0_iptm_filtered,RLRAEAQVK_HLA-A*03:01,tcr7194,0
vdjdb_full_10117,RLRAEAQVK_HLA-A*03:01,tcr12660,1
vdjdb_full_10117_ss_3_n0_iptm_filtered,RLRAEAQVK_HLA-A*03:01,tcr13976,0
vdjdb_full_10146,RLRAEAQVK_HLA-A*03:01,tcr15245,1
vdjdb_full_10146_ss_3_n0_iptm_filtered,RLRAEAQVK_HLA-A*03:01,tcr16913,0
vdjdb_full_10155,RLRAEAQVK_HLA-A*03:01,tcr3459,1
vdjdb_full_10155_ss_3_n0_iptm_filtered,RLRAEAQVK_HLA-A*03:01,tcr250,0
vdjdb_full_10163,RLRAEAQVK_HLA-A*03:01,tcr1279,1
vdjdb_full_10163_ss_3_n0_iptm_filtered,RLRAEAQVK_HLA-A*03:01,tcr8341,0
vdjdb_full_10204,RLRAEAQVK_HLA-A*03:01,tcr7092,1
vdjdb_full_10204_ss_3_n0_iptm_filtered,RLRAEAQVK_HLA-A*03:01,tcr764,0
vdjdb_full_10213,RLRAEAQVK_HLA-A*03:01,tcr2869,1
vdjdb_full_10213_ss_3_n0_iptm_filtered,RLRAEAQVK_HLA-A*03:01,tcr14402,0
vdjdb_full_10239,RLRAEAQVK_HLA-A*03:01,tcr16422,1
vdjdb_full_10239_ss_3_n0_iptm_filtered,RLRAEAQVK_HLA-A*03:01,tcr3947,0
vdjdb_full_10257,RLRAEAQVK_HLA-A*03:01,tcr15717,1
vdjdb_full_10257_ss_3_n0_iptm_filtered,RLRAEAQVK_HLA-A*03:01,tcr3019,0
vdjdb_full_1028,KLGGALQAK_HLA-A*03:01,tcr12342,1
vdjdb_full_1028_ss_3_n0_iptm_filtered,KLGGALQAK_HLA-A*03:01,tcr5962,0
vdjdb_full_10284,RLRAEAQVK_HLA-A*03:01,tcr1931,1
vdjdb_full_10284_ss_3_n0_iptm_filtered,RLRAEAQVK_HLA-A*03:01,tcr8571,0
vdjdb_full_10285,RLRAEAQVK_HLA-A*03:01,tcr6053,1
vdjdb_full_10285_ss_3_n0_iptm_filtered,RLRAEAQVK_HLA-A*03:01,tcr17111,0
vdjdb_full_10497,LLSLFSLWL_HLA-A*02:01,tcr13498,1
vdjdb_full_10497_ss_3_n0_iptm_filtered,LLSLFSLWL_HLA-A*02:01,tcr4883,0
vdjdb_full_10498,LLSLFSLWL_HLA-A*02:01,tcr13364,1
vdjdb_full_10498_ss_3_n0_iptm_filtered,LLSLFSLWL_HLA-A*02:01,tcr12086,0
vdjdb_full_10499,LLSLFSLWL_HLA-A*02:01,tcr906,1
vdjdb_full_10499_ss_3_n0_iptm_filtered,LLSLFSLWL_HLA-A*02:01,tcr7856,0
vdjdb_full_10500,LLSLFSLWL_HLA-A*02:01,tcr15524,1
vdjdb_full_10500_ss_3_n0_iptm_filtered,LLSLFSLWL_HLA-A*02:01,tcr14232,0
vdjdb_full_10501,LLSLFSLWL_HLA-A*02:01,tcr2249,1
vdjdb_full_10501_ss_3_n0_iptm_filtered,LLSLFSLWL_HLA-A*02:01,tcr1279,0
vdjdb_full_10503,LLSLFSLWL_HLA-A*02:01,tcr10872,1
vdjdb_full_10503_ss_3_n0_iptm_filtered,LLSLFSLWL_HLA-A*02:01,tcr136,0
vdjdb_full_10505,LLSLFSLWL_HLA-A*02:01,tcr4385,1
vdjdb_full_10505_ss_3_n0_iptm_filtered,LLSLFSLWL_HLA-A*02:01,tcr1751,0
vdjdb_full_10506,LLSLFSLWL_HLA-A*02:01,tcr1473,1
vdjdb_full_10506_ss_3_n0_iptm_filtered,LLSLFSLWL_HLA-A*02:01,tcr11474,0
vdjdb_full_10507,LLSLFSLWL_HLA-A*02:01,tcr13474,1
vdjdb_full_10507_ss_3_n0_iptm_filtered,LLSLFSLWL_HLA-A*02:01,tcr14572,0
vdjdb_full_10509,LLSLFSLWL_HLA-A*02:01,tcr5688,1
vdjdb_full_10509_ss_3_n0_iptm_filtered,LLSLFSLWL_HLA-A*02:01,tcr10016,0
vdjdb_full_10510,LLSLFSLWL_HLA-A*02:01,tcr10121,1
vdjdb_full_10510_ss_3_n0_iptm_filtered,LLSLFSLWL_HLA-A*02:01,tcr7771,0
vdjdb_full_10511,LLSLFSLWL_HLA-A*02:01,tcr9651,1
vdjdb_full_10511_ss_3_n0_iptm_filtered,LLSLFSLWL_HLA-A*02:01,tcr292,0
vdjdb_full_10513,LLSLFSLWL_HLA-A*02:01,tcr7965,1
vdjdb_full_10513_ss_3_n0_iptm_filtered,LLSLFSLWL_HLA-A*02:01,tcr3895,0
vdjdb_full_10550,LTDEMIAQY_HLA-A*01:01,tcr11369,1
vdjdb_full_10550_ss_3_n0_iptm_filtered,LTDEMIAQY_HLA-A*01:01,tcr958,0
vdjdb_full_10552,LTDEMIAQY_HLA-A*01:01,tcr397,1
vdjdb_full_10552_ss_3_n0_iptm_filtered,LTDEMIAQY_HLA-A*01:01,tcr12195,0
vdjdb_full_10553,LTDEMIAQY_HLA-A*01:01,tcr18270,1
vdjdb_full_10553_ss_3_n0_iptm_filtered,LTDEMIAQY_HLA-A*01:01,tcr353,0
vdjdb_full_10558,LTDEMIAQY_HLA-A*01:01,tcr18035,1
vdjdb_full_10558_ss_3_n0_iptm_filtered,LTDEMIAQY_HLA-A*01:01,tcr7551,0
vdjdb_full_10559,LTDEMIAQY_HLA-A*01:01,tcr4761,1
vdjdb_full_10559_ss_3_n0_iptm_filtered,LTDEMIAQY_HLA-A*01:01,tcr17592,0
vdjdb_full_10560,LTDEMIAQY_HLA-A*01:01,tcr44,1
vdjdb_full_10560_ss_3_n0_iptm_filtered,LTDEMIAQY_HLA-A*01:01,tcr18367,0
vdjdb_full_10564,LTDEMIAQY_HLA-A*01:01,tcr5112,1
vdjdb_full_10564_ss_3_n0_iptm_filtered,LTDEMIAQY_HLA-A*01:01,tcr9087,0
vdjdb_full_10565,LTDEMIAQY_HLA-A*01:01,tcr635,1
vdjdb_full_10565_ss_3_n0_iptm_filtered,LTDEMIAQY_HLA-A*01:01,tcr4850,0
vdjdb_full_10567,LTDEMIAQY_HLA-A*01:01,tcr640,1
vdjdb_full_10567_ss_3_n0_iptm_filtered,LTDEMIAQY_HLA-A*01:01,tcr8107,0
vdjdb_full_10572,LTDEMIAQY_HLA-A*01:01,tcr856,1
vdjdb_full_10572_ss_3_n0_iptm_filtered,LTDEMIAQY_HLA-A*01:01,tcr8383,0
vdjdb_full_10574,LTDEMIAQY_HLA-A*01:01,tcr10689,1
vdjdb_full_10574_ss_3_n0_iptm_filtered,LTDEMIAQY_HLA-A*01:01,tcr2255,0
vdjdb_full_10578,LTDEMIAQY_HLA-A*01:01,tcr4042,1
vdjdb_full_10578_ss_3_n0_iptm_filtered,LTDEMIAQY_HLA-A*01:01,tcr11118,0
vdjdb_full_10581,LTDEMIAQY_HLA-A*01:01,tcr685,1
vdjdb_full_10581_ss_3_n0_iptm_filtered,LTDEMIAQY_HLA-A*01:01,tcr5865,0
vdjdb_full_10582,LTDEMIAQY_HLA-A*01:01,tcr6344,1
vdjdb_full_10582_ss_3_n0_iptm_filtered,LTDEMIAQY_HLA-A*01:01,tcr14572,0
vdjdb_full_10583,LTDEMIAQY_HLA-A*01:01,tcr13805,1
vdjdb_full_10583_ss_3_n0_iptm_filtered,LTDEMIAQY_HLA-A*01:01,tcr2808,0
vdjdb_full_10584,LTDEMIAQY_HLA-A*01:01,tcr11980,1
vdjdb_full_10584_ss_3_n0_iptm_filtered,LTDEMIAQY_HLA-A*01:01,tcr11702,0
vdjdb_full_10587,LTDEMIAQY_HLA-A*01:01,tcr13013,1
vdjdb_full_10587_ss_3_n0_iptm_filtered,LTDEMIAQY_HLA-A*01:01,tcr8373,0
vdjdb_full_10589,LTDEMIAQY_HLA-A*01:01,tcr602,1
vdjdb_full_10589_ss_3_n0_iptm_filtered,LTDEMIAQY_HLA-A*01:01,tcr10256,0
vdjdb_full_10590,LTDEMIAQY_HLA-A*01:01,tcr1116,1
vdjdb_full_10590_ss_3_n0_iptm_filtered,LTDEMIAQY_HLA-A*01:01,tcr11628,0
vdjdb_full_10593,LTDEMIAQY_HLA-A*01:01,tcr6918,1
vdjdb_full_10593_ss_3_n0_iptm_filtered,LTDEMIAQY_HLA-A*01:01,tcr11937,0
vdjdb_full_10594,LTDEMIAQY_HLA-A*01:01,tcr4233,1
vdjdb_full_10594_ss_3_n0_iptm_filtered,LTDEMIAQY_HLA-A*01:01,tcr14623,0
vdjdb_full_10596,LTDEMIAQY_HLA-A*01:01,tcr3080,1
vdjdb_full_10596_ss_3_n0_iptm_filtered,LTDEMIAQY_HLA-A*01:01,tcr5489,0
vdjdb_full_10597,LTDEMIAQY_HLA-A*01:01,tcr3269,1
vdjdb_full_10597_ss_3_n0_iptm_filtered,LTDEMIAQY_HLA-A*01:01,tcr17033,0
vdjdb_full_10599,LTDEMIAQY_HLA-A*01:01,tcr11940,1
vdjdb_full_10599_ss_3_n0_iptm_filtered,LTDEMIAQY_HLA-A*01:01,tcr10669,0
vdjdb_full_10600,LTDEMIAQY_HLA-A*01:01,tcr2048,1
vdjdb_full_10600_ss_3_n0_iptm_filtered,LTDEMIAQY_HLA-A*01:01,tcr16880,0
vdjdb_full_10601,LTDEMIAQY_HLA-A*01:01,tcr5509,1
vdjdb_full_10601_ss_3_n0_iptm_filtered,LTDEMIAQY_HLA-A*01:01,tcr12497,0
vdjdb_full_10606,LTDEMIAQY_HLA-A*01:01,tcr3012,1
vdjdb_full_10606_ss_3_n0_iptm_filtered,LTDEMIAQY_HLA-A*01:01,tcr16451,0
vdjdb_full_10607,LTDEMIAQY_HLA-A*01:01,tcr588,1
vdjdb_full_10607_ss_3_n0_iptm_filtered,LTDEMIAQY_HLA-A*01:01,tcr11013,0
vdjdb_full_10609,LTDEMIAQY_HLA-A*01:01,tcr15164,1
vdjdb_full_10609_ss_3_n0_iptm_filtered,LTDEMIAQY_HLA-A*01:01,tcr15323,0
vdjdb_full_10610,LTDEMIAQY_HLA-A*01:01,tcr12979,1
vdjdb_full_10610_ss_3_n0_iptm_filtered,LTDEMIAQY_HLA-A*01:01,tcr10912,0
vdjdb_full_10611,LTDEMIAQY_HLA-A*01:01,tcr7637,1
vdjdb_full_10611_ss_3_n0_iptm_filtered,LTDEMIAQY_HLA-A*01:01,tcr3357,0
vdjdb_full_10614,LTDEMIAQY_HLA-A*01:01,tcr13081,1
vdjdb_full_10614_ss_3_n0_iptm_filtered,LTDEMIAQY_HLA-A*01:01,tcr16441,0
vdjdb_full_10616,LTDEMIAQY_HLA-A*01:01,tcr4899,1
vdjdb_full_10616_ss_3_n0_iptm_filtered,LTDEMIAQY_HLA-A*01:01,tcr9401,0
vdjdb_full_10617,LTDEMIAQY_HLA-A*01:01,tcr14510,1
vdjdb_full_10617_ss_3_n0_iptm_filtered,LTDEMIAQY_HLA-A*01:01,tcr4036,0
vdjdb_full_10618,LTDEMIAQY_HLA-A*01:01,tcr13004,1
vdjdb_full_10618_ss_3_n0_iptm_filtered,LTDEMIAQY_HLA-A*01:01,tcr16984,0
vdjdb_full_10619,LTDEMIAQY_HLA-A*01:01,tcr10595,1
vdjdb_full_10619_ss_3_n0_iptm_filtered,LTDEMIAQY_HLA-A*01:01,tcr16025,0
vdjdb_full_10620,LTDEMIAQY_HLA-A*01:01,tcr8763,1
vdjdb_full_10620_ss_3_n0_iptm_filtered,LTDEMIAQY_HLA-A*01:01,tcr8322,0
vdjdb_full_10621,LTDEMIAQY_HLA-A*01:01,tcr14638,1
vdjdb_full_10621_ss_3_n0_iptm_filtered,LTDEMIAQY_HLA-A*01:01,tcr10219,0
vdjdb_full_10622,LTDEMIAQY_HLA-A*01:01,tcr6709,1
vdjdb_full_10622_ss_3_n0_iptm_filtered,LTDEMIAQY_HLA-A*01:01,tcr17595,0
vdjdb_full_10625,LTDEMIAQY_HLA-A*01:01,tcr3352,1
vdjdb_full_10625_ss_3_n0_iptm_filtered,LTDEMIAQY_HLA-A*01:01,tcr11918,0
vdjdb_full_10627,LTDEMIAQY_HLA-A*01:01,tcr383,1
vdjdb_full_10627_ss_3_n0_iptm_filtered,LTDEMIAQY_HLA-A*01:01,tcr14415,0
vdjdb_full_10628,LTDEMIAQY_HLA-A*01:01,tcr278,1
vdjdb_full_10628_ss_3_n0_iptm_filtered,LTDEMIAQY_HLA-A*01:01,tcr18320,0
vdjdb_full_10629,LTDEMIAQY_HLA-A*01:01,tcr16324,1
vdjdb_full_10629_ss_3_n0_iptm_filtered,LTDEMIAQY_HLA-A*01:01,tcr6705,0
vdjdb_full_10633,LTDEMIAQY_HLA-A*01:01,tcr8631,1
vdjdb_full_10633_ss_3_n0_iptm_filtered,LTDEMIAQY_HLA-A*01:01,tcr3804,0
vdjdb_full_10636,LTDEMIAQY_HLA-A*01:01,tcr2826,1
vdjdb_full_10636_ss_3_n0_iptm_filtered,LTDEMIAQY_HLA-A*01:01,tcr7721,0
vdjdb_full_10637,LTDEMIAQY_HLA-A*01:01,tcr6879,1
vdjdb_full_10637_ss_3_n0_iptm_filtered,LTDEMIAQY_HLA-A*01:01,tcr17372,0
vdjdb_full_10645,LTDEMIAQY_HLA-A*01:01,tcr18251,1
vdjdb_full_10645_ss_3_n0_iptm_filtered,LTDEMIAQY_HLA-A*01:01,tcr15130,0
vdjdb_full_10646,LTDEMIAQY_HLA-A*01:01,tcr11504,1
vdjdb_full_10646_ss_3_n0_iptm_filtered,LTDEMIAQY_HLA-A*01:01,tcr12798,0
vdjdb_full_10649,LTDEMIAQY_HLA-A*01:01,tcr17386,1
vdjdb_full_10649_ss_3_n0_iptm_filtered,LTDEMIAQY_HLA-A*01:01,tcr14354,0
vdjdb_full_10651,LTDEMIAQY_HLA-A*01:01,tcr15800,1
vdjdb_full_10651_ss_3_n0_iptm_filtered,LTDEMIAQY_HLA-A*01:01,tcr12962,0
vdjdb_full_10653,LTDEMIAQY_HLA-A*01:01,tcr16182,1
vdjdb_full_10653_ss_3_n0_iptm_filtered,LTDEMIAQY_HLA-A*01:01,tcr13371,0
vdjdb_full_10659,LTDEMIAQY_HLA-A*01:01,tcr2891,1
vdjdb_full_10659_ss_3_n0_iptm_filtered,LTDEMIAQY_HLA-A*01:01,tcr14023,0
vdjdb_full_10663,LTDEMIAQY_HLA-A*01:01,tcr17724,1
vdjdb_full_10663_ss_3_n0_iptm_filtered,LTDEMIAQY_HLA-A*01:01,tcr2902,0
vdjdb_full_10665,LTDEMIAQY_HLA-A*01:01,tcr9812,1
vdjdb_full_10665_ss_3_n0_iptm_filtered,LTDEMIAQY_HLA-A*01:01,tcr3738,0
vdjdb_full_10668,LTDEMIAQY_HLA-A*01:01,tcr3665,1
vdjdb_full_10668_ss_3_n0_iptm_filtered,LTDEMIAQY_HLA-A*01:01,tcr11204,0
vdjdb_full_10669,LTDEMIAQY_HLA-A*01:01,tcr14066,1
vdjdb_full_10669_ss_3_n0_iptm_filtered,LTDEMIAQY_HLA-A*01:01,tcr14709,0
vdjdb_full_10670,LTDEMIAQY_HLA-A*01:01,tcr4006,1
vdjdb_full_10670_ss_3_n0_iptm_filtered,LTDEMIAQY_HLA-A*01:01,tcr6085,0
vdjdb_full_10676,LTDEMIAQY_HLA-A*01:01,tcr4124,1
vdjdb_full_10676_ss_3_n0_iptm_filtered,LTDEMIAQY_HLA-A*01:01,tcr8032,0
vdjdb_full_10677,LTDEMIAQY_HLA-A*01:01,tcr14632,1
vdjdb_full_10677_ss_3_n0_iptm_filtered,LTDEMIAQY_HLA-A*01:01,tcr16908,0
vdjdb_full_10678,LTDEMIAQY_HLA-A*01:01,tcr5910,1
vdjdb_full_10678_ss_3_n0_iptm_filtered,LTDEMIAQY_HLA-A*01:01,tcr8528,0
vdjdb_full_10683,SPRWYFYYL_HLA-B*07:02,tcr11965,1
vdjdb_full_10683_ss_3_n0_iptm_filtered,SPRWYFYYL_HLA-B*07:02,tcr10878,0
vdjdb_full_10685,SPRWYFYYL_HLA-B*07:02,tcr8330,1
vdjdb_full_10685_ss_3_n0_iptm_filtered,SPRWYFYYL_HLA-B*07:02,tcr11369,0
vdjdb_full_10691,SPRWYFYYL_HLA-B*07:02,tcr17713,1
vdjdb_full_10691_ss_3_n0_iptm_filtered,SPRWYFYYL_HLA-B*07:02,tcr18271,0
vdjdb_full_10698,SPRWYFYYL_HLA-B*07:02,tcr353,1
vdjdb_full_10698_ss_3_n0_iptm_filtered,SPRWYFYYL_HLA-B*07:02,tcr10981,0
vdjdb_full_10699,SPRWYFYYL_HLA-B*07:02,tcr597,1
vdjdb_full_10699_ss_3_n0_iptm_filtered,SPRWYFYYL_HLA-B*07:02,tcr622,0
vdjdb_full_10706,SPRWYFYYL_HLA-B*07:02,tcr5992,1
vdjdb_full_10706_ss_3_n0_iptm_filtered,SPRWYFYYL_HLA-B*07:02,tcr8395,0
vdjdb_full_10713,SPRWYFYYL_HLA-B*07:02,tcr1065,1
vdjdb_full_10713_ss_3_n0_iptm_filtered,SPRWYFYYL_HLA-B*07:02,tcr8893,0
vdjdb_full_10722,SPRWYFYYL_HLA-B*07:02,tcr1536,1
vdjdb_full_10722_ss_3_n0_iptm_filtered,SPRWYFYYL_HLA-B*07:02,tcr13005,0
vdjdb_full_10728,SPRWYFYYL_HLA-B*07:02,tcr6716,1
vdjdb_full_10728_ss_3_n0_iptm_filtered,SPRWYFYYL_HLA-B*07:02,tcr13005,0
vdjdb_full_10730,SPRWYFYYL_HLA-B*07:02,tcr16734,1
vdjdb_full_10730_ss_3_n0_iptm_filtered,SPRWYFYYL_HLA-B*07:02,tcr1075,0
vdjdb_full_10740,SPRWYFYYL_HLA-B*07:02,tcr3860,1
vdjdb_full_10740_ss_3_n0_iptm_filtered,SPRWYFYYL_HLA-B*07:02,tcr5751,0
vdjdb_full_10742,SPRWYFYYL_HLA-B*07:02,tcr5307,1
vdjdb_full_10742_ss_3_n0_iptm_filtered,SPRWYFYYL_HLA-B*07:02,tcr10380,0
vdjdb_full_10745,SPRWYFYYL_HLA-B*07:02,tcr4621,1
vdjdb_full_10745_ss_3_n0_iptm_filtered,SPRWYFYYL_HLA-B*07:02,tcr618,0
vdjdb_full_10751,SPRWYFYYL_HLA-B*07:02,tcr8312,1
vdjdb_full_10751_ss_3_n0_iptm_filtered,SPRWYFYYL_HLA-B*07:02,tcr3019,0
vdjdb_full_10763,SPRWYFYYL_HLA-B*07:02,tcr8649,1
vdjdb_full_10763_ss_3_n0_iptm_filtered,SPRWYFYYL_HLA-B*07:02,tcr8713,0
vdjdb_full_10764,SPRWYFYYL_HLA-B*07:02,tcr8335,1
vdjdb_full_10764_ss_3_n0_iptm_filtered,SPRWYFYYL_HLA-B*07:02,tcr985,0
vdjdb_full_10781,SPRWYFYYL_HLA-B*07:02,tcr18100,1
vdjdb_full_10781_ss_3_n0_iptm_filtered,SPRWYFYYL_HLA-B*07:02,tcr14077,0
vdjdb_full_10797,SPRWYFYYL_HLA-B*07:02,tcr3064,1
vdjdb_full_10797_ss_3_n0_iptm_filtered,SPRWYFYYL_HLA-B*07:02,tcr5612,0
vdjdb_full_10801,SPRWYFYYL_HLA-B*07:02,tcr2792,1
vdjdb_full_10801_ss_3_n0_iptm_filtered,SPRWYFYYL_HLA-B*07:02,tcr16082,0
vdjdb_full_10805,SPRWYFYYL_HLA-B*07:02,tcr3087,1
vdjdb_full_10805_ss_3_n0_iptm_filtered,SPRWYFYYL_HLA-B*07:02,tcr16689,0
vdjdb_full_10811,SPRWYFYYL_HLA-B*07:02,tcr8840,1
vdjdb_full_10811_ss_3_n0_iptm_filtered,SPRWYFYYL_HLA-B*07:02,tcr9891,0
vdjdb_full_10813,SPRWYFYYL_HLA-B*07:02,tcr5755,1
vdjdb_full_10813_ss_3_n0_iptm_filtered,SPRWYFYYL_HLA-B*07:02,tcr16908,0
vdjdb_full_10825,SPRWYFYYL_HLA-B*07:02,tcr13044,1
vdjdb_full_10825_ss_3_n0_iptm_filtered,SPRWYFYYL_HLA-B*07:02,tcr5426,0
vdjdb_full_10828,SPRWYFYYL_HLA-B*07:02,tcr6194,1
vdjdb_full_10828_ss_3_n0_iptm_filtered,SPRWYFYYL_HLA-B*07:02,tcr94,0
vdjdb_full_10841,SPRWYFYYL_HLA-B*07:02,tcr6368,1
vdjdb_full_10841_ss_3_n0_iptm_filtered,SPRWYFYYL_HLA-B*07:02,tcr278,0
vdjdb_full_10856,SPRWYFYYL_HLA-B*07:02,tcr5409,1
vdjdb_full_10856_ss_3_n0_iptm_filtered,SPRWYFYYL_HLA-B*07:02,tcr509,0
vdjdb_full_10870,SPRWYFYYL_HLA-B*07:02,tcr15218,1
vdjdb_full_10870_ss_3_n0_iptm_filtered,SPRWYFYYL_HLA-B*07:02,tcr15380,0
vdjdb_full_10887,SPRWYFYYL_HLA-B*07:02,tcr10093,1
vdjdb_full_10887_ss_3_n0_iptm_filtered,SPRWYFYYL_HLA-B*07:02,tcr12037,0
vdjdb_full_10891,SPRWYFYYL_HLA-B*07:02,tcr11495,1
vdjdb_full_10891_ss_3_n0_iptm_filtered,SPRWYFYYL_HLA-B*07:02,tcr15468,0
vdjdb_full_10896,SPRWYFYYL_HLA-B*07:02,tcr3975,1
vdjdb_full_10896_ss_3_n0_iptm_filtered,SPRWYFYYL_HLA-B*07:02,tcr3201,0
vdjdb_full_10916,SPRWYFYYL_HLA-B*07:02,tcr7891,1
vdjdb_full_10916_ss_3_n0_iptm_filtered,SPRWYFYYL_HLA-B*07:02,tcr5970,0
vdjdb_full_10928,SPRWYFYYL_HLA-B*07:02,tcr3357,1
vdjdb_full_10928_ss_3_n0_iptm_filtered,SPRWYFYYL_HLA-B*07:02,tcr4940,0
vdjdb_full_10936,SPRWYFYYL_HLA-B*07:02,tcr326,1
vdjdb_full_10936_ss_3_n0_iptm_filtered,SPRWYFYYL_HLA-B*07:02,tcr17332,0
vdjdb_full_1096,KLGGALQAK_HLA-A*03:01,tcr4393,1
vdjdb_full_1096_ss_3_n0_iptm_filtered,KLGGALQAK_HLA-A*03:01,tcr12902,0
vdjdb_full_10961,SPRWYFYYL_HLA-B*07:02,tcr14504,1
vdjdb_full_10961_ss_3_n0_iptm_filtered,SPRWYFYYL_HLA-B*07:02,tcr3937,0
vdjdb_full_10963,SPRWYFYYL_HLA-B*07:02,tcr13513,1
vdjdb_full_10963_ss_3_n0_iptm_filtered,SPRWYFYYL_HLA-B*07:02,tcr7347,0
vdjdb_full_10971,SPRWYFYYL_HLA-B*07:02,tcr12480,1
vdjdb_full_10971_ss_3_n0_iptm_filtered,SPRWYFYYL_HLA-B*07:02,tcr8912,0
vdjdb_full_10975,SPRWYFYYL_HLA-B*07:02,tcr16014,1
vdjdb_full_10975_ss_3_n0_iptm_filtered,SPRWYFYYL_HLA-B*07:02,tcr2876,0
vdjdb_full_10977,SPRWYFYYL_HLA-B*07:02,tcr13199,1
vdjdb_full_10977_ss_3_n0_iptm_filtered,SPRWYFYYL_HLA-B*07:02,tcr10777,0
vdjdb_full_10978,SPRWYFYYL_HLA-B*07:02,tcr9786,1
vdjdb_full_10978_ss_3_n0_iptm_filtered,SPRWYFYYL_HLA-B*07:02,tcr13319,0
vdjdb_full_10994,SPRWYFYYL_HLA-B*07:02,tcr15143,1
vdjdb_full_10994_ss_3_n0_iptm_filtered,SPRWYFYYL_HLA-B*07:02,tcr10322,0
vdjdb_full_10999,SPRWYFYYL_HLA-B*07:02,tcr11747,1
vdjdb_full_10999_ss_3_n0_iptm_filtered,SPRWYFYYL_HLA-B*07:02,tcr7752,0
vdjdb_full_11013,SPRWYFYYL_HLA-B*07:02,tcr1403,1
vdjdb_full_11013_ss_3_n0_iptm_filtered,SPRWYFYYL_HLA-B*07:02,tcr11239,0
vdjdb_full_11016,SPRWYFYYL_HLA-B*07:02,tcr15783,1
vdjdb_full_11016_ss_3_n0_iptm_filtered,SPRWYFYYL_HLA-B*07:02,tcr5203,0
vdjdb_full_11027,SPRWYFYYL_HLA-B*07:02,tcr8489,1
vdjdb_full_11027_ss_3_n0_iptm_filtered,SPRWYFYYL_HLA-B*07:02,tcr6195,0
vdjdb_full_11029,SPRWYFYYL_HLA-B*07:02,tcr13292,1
vdjdb_full_11029_ss_3_n0_iptm_filtered,SPRWYFYYL_HLA-B*07:02,tcr8219,0
vdjdb_full_11036,SPRWYFYYL_HLA-B*07:02,tcr1478,1
vdjdb_full_11036_ss_3_n0_iptm_filtered,SPRWYFYYL_HLA-B*07:02,tcr9758,0
vdjdb_full_11069,FLASKIGRLV_HLA-A*02:01,tcr15749,1
vdjdb_full_11069_ss_3_n0_iptm_filtered,FLASKIGRLV_HLA-A*02:01,tcr14023,0
vdjdb_full_11075,FLASKIGRLV_HLA-A*02:01,tcr16507,1
vdjdb_full_11075_ss_3_n0_iptm_filtered,FLASKIGRLV_HLA-A*02:01,tcr13831,0
vdjdb_full_11078,AAGIGILTV_HLA-A*02:01,tcr11415,1
vdjdb_full_11078_ss_3_n0_iptm_filtered,AAGIGILTV_HLA-A*02:01,tcr5413,0
vdjdb_full_11079,AAGIGILTV_HLA-A*02:01,tcr6469,1
vdjdb_full_11079_ss_3_n0_iptm_filtered,AAGIGILTV_HLA-A*02:01,tcr5796,0
vdjdb_full_11081,AAGIGILTV_HLA-A*02:01,tcr14870,1
vdjdb_full_11081_ss_3_n0_iptm_filtered,AAGIGILTV_HLA-A*02:01,tcr6876,0
vdjdb_full_11082,AAGIGILTV_HLA-A*02:01,tcr3436,1
vdjdb_full_11082_ss_3_n0_iptm_filtered,AAGIGILTV_HLA-A*02:01,tcr6133,0
vdjdb_full_11083,AAGIGILTV_HLA-A*02:01,tcr5424,1
vdjdb_full_11083_ss_3_n0_iptm_filtered,AAGIGILTV_HLA-A*02:01,tcr1085,0
vdjdb_full_11084,AAGIGILTV_HLA-A*02:01,tcr13657,1
vdjdb_full_11084_ss_3_n0_iptm_filtered,AAGIGILTV_HLA-A*02:01,tcr6977,0
vdjdb_full_11086,AAGIGILTV_HLA-A*02:01,tcr949,1
vdjdb_full_11086_ss_3_n0_iptm_filtered,AAGIGILTV_HLA-A*02:01,tcr9097,0
vdjdb_full_11087,AAGIGILTV_HLA-A*02:01,tcr13359,1
vdjdb_full_11087_ss_3_n0_iptm_filtered,AAGIGILTV_HLA-A*02:01,tcr2533,0
vdjdb_full_11088,AAGIGILTV_HLA-A*02:01,tcr16184,1
vdjdb_full_11088_ss_3_n0_iptm_filtered,AAGIGILTV_HLA-A*02:01,tcr14664,0
vdjdb_full_11089,AAGIGILTV_HLA-A*02:01,tcr11553,1
vdjdb_full_11089_ss_3_n0_iptm_filtered,AAGIGILTV_HLA-A*02:01,tcr9515,0
vdjdb_full_11090,AAGIGILTV_HLA-A*02:01,tcr14954,1
vdjdb_full_11090_ss_3_n0_iptm_filtered,AAGIGILTV_HLA-A*02:01,tcr10367,0
vdjdb_full_11091,TTDPSFLGRY_HLA-A*01:01,tcr16036,1
vdjdb_full_11091_ss_3_n0_iptm_filtered,TTDPSFLGRY_HLA-A*01:01,tcr16530,0
vdjdb_full_11094,TTDPSFLGRY_HLA-A*01:01,tcr4965,1
vdjdb_full_11094_ss_3_n0_iptm_filtered,TTDPSFLGRY_HLA-A*01:01,tcr1478,0
vdjdb_full_11100,TTDPSFLGRY_HLA-A*01:01,tcr11156,1
vdjdb_full_11100_ss_3_n0_iptm_filtered,TTDPSFLGRY_HLA-A*01:01,tcr14796,0
vdjdb_full_11107,TTDPSFLGRY_HLA-A*01:01,tcr14814,1
vdjdb_full_11107_ss_3_n0_iptm_filtered,TTDPSFLGRY_HLA-A*01:01,tcr10590,0
vdjdb_full_11116,TTDPSFLGRY_HLA-A*01:01,tcr16860,1
vdjdb_full_11116_ss_3_n0_iptm_filtered,TTDPSFLGRY_HLA-A*01:01,tcr6464,0
vdjdb_full_11122,TTDPSFLGRY_HLA-A*01:01,tcr2838,1
vdjdb_full_11122_ss_3_n0_iptm_filtered,TTDPSFLGRY_HLA-A*01:01,tcr9958,0
vdjdb_full_11124,TTDPSFLGRY_HLA-A*01:01,tcr11215,1
vdjdb_full_11124_ss_3_n0_iptm_filtered,TTDPSFLGRY_HLA-A*01:01,tcr16880,0
vdjdb_full_11133,TTDPSFLGRY_HLA-A*01:01,tcr10650,1
vdjdb_full_11133_ss_3_n0_iptm_filtered,TTDPSFLGRY_HLA-A*01:01,tcr5644,0
vdjdb_full_11137,TTDPSFLGRY_HLA-A*01:01,tcr13308,1
vdjdb_full_11137_ss_3_n0_iptm_filtered,TTDPSFLGRY_HLA-A*01:01,tcr4069,0
vdjdb_full_11148,TTDPSFLGRY_HLA-A*01:01,tcr16455,1
vdjdb_full_11148_ss_3_n0_iptm_filtered,TTDPSFLGRY_HLA-A*01:01,tcr1242,0
vdjdb_full_11156,TTDPSFLGRY_HLA-A*01:01,tcr9058,1
vdjdb_full_11156_ss_3_n0_iptm_filtered,TTDPSFLGRY_HLA-A*01:01,tcr4679,0
vdjdb_full_11163,TTDPSFLGRY_HLA-A*01:01,tcr94,1
vdjdb_full_11163_ss_3_n0_iptm_filtered,TTDPSFLGRY_HLA-A*01:01,tcr6098,0
vdjdb_full_11165,TTDPSFLGRY_HLA-A*01:01,tcr12387,1
vdjdb_full_11165_ss_3_n0_iptm_filtered,TTDPSFLGRY_HLA-A*01:01,tcr8330,0
vdjdb_full_11166,TTDPSFLGRY_HLA-A*01:01,tcr17460,1
vdjdb_full_11166_ss_3_n0_iptm_filtered,TTDPSFLGRY_HLA-A*01:01,tcr1279,0
vdjdb_full_11169,TTDPSFLGRY_HLA-A*01:01,tcr5440,1
vdjdb_full_11169_ss_3_n0_iptm_filtered,TTDPSFLGRY_HLA-A*01:01,tcr11505,0
vdjdb_full_11171,TTDPSFLGRY_HLA-A*01:01,tcr6426,1
vdjdb_full_11171_ss_3_n0_iptm_filtered,TTDPSFLGRY_HLA-A*01:01,tcr13879,0
vdjdb_full_11175,TTDPSFLGRY_HLA-A*01:01,tcr9758,1
vdjdb_full_11175_ss_3_n0_iptm_filtered,TTDPSFLGRY_HLA-A*01:01,tcr17910,0
vdjdb_full_11186,TTDPSFLGRY_HLA-A*01:01,tcr10340,1
vdjdb_full_11186_ss_3_n0_iptm_filtered,TTDPSFLGRY_HLA-A*01:01,tcr3910,0
vdjdb_full_11187,TTDPSFLGRY_HLA-A*01:01,tcr5796,1
vdjdb_full_11187_ss_3_n0_iptm_filtered,TTDPSFLGRY_HLA-A*01:01,tcr9332,0
vdjdb_full_11203,TTDPSFLGRY_HLA-A*01:01,tcr9087,1
vdjdb_full_11203_ss_3_n0_iptm_filtered,TTDPSFLGRY_HLA-A*01:01,tcr18251,0
vdjdb_full_11206,TTDPSFLGRY_HLA-A*01:01,tcr8694,1
vdjdb_full_11206_ss_3_n0_iptm_filtered,TTDPSFLGRY_HLA-A*01:01,tcr3357,0
vdjdb_full_11207,TTDPSFLGRY_HLA-A*01:01,tcr11792,1
vdjdb_full_11207_ss_3_n0_iptm_filtered,TTDPSFLGRY_HLA-A*01:01,tcr16041,0
vdjdb_full_11209,TTDPSFLGRY_HLA-A*01:01,tcr509,1
vdjdb_full_11209_ss_3_n0_iptm_filtered,TTDPSFLGRY_HLA-A*01:01,tcr11940,0
vdjdb_full_11224,TTDPSFLGRY_HLA-A*01:01,tcr8643,1
vdjdb_full_11224_ss_3_n0_iptm_filtered,TTDPSFLGRY_HLA-A*01:01,tcr17592,0
vdjdb_full_11245,TTDPSFLGRY_HLA-A*01:01,tcr8912,1
vdjdb_full_11245_ss_3_n0_iptm_filtered,TTDPSFLGRY_HLA-A*01:01,tcr16350,0
vdjdb_full_11261,TTDPSFLGRY_HLA-A*01:01,tcr1828,1
vdjdb_full_11261_ss_3_n0_iptm_filtered,TTDPSFLGRY_HLA-A*01:01,tcr14528,0
vdjdb_full_11265,TTDPSFLGRY_HLA-A*01:01,tcr14153,1
vdjdb_full_11265_ss_3_n0_iptm_filtered,TTDPSFLGRY_HLA-A*01:01,tcr1886,0
vdjdb_full_11269,TTDPSFLGRY_HLA-A*01:01,tcr18271,1
vdjdb_full_11269_ss_3_n0_iptm_filtered,TTDPSFLGRY_HLA-A*01:01,tcr386,0
vdjdb_full_11274,TTDPSFLGRY_HLA-A*01:01,tcr12966,1
vdjdb_full_11274_ss_3_n0_iptm_filtered,TTDPSFLGRY_HLA-A*01:01,tcr16324,0
vdjdb_full_1129,KLGGALQAK_HLA-A*03:01,tcr3738,1
vdjdb_full_1129_ss_3_n0_iptm_filtered,KLGGALQAK_HLA-A*03:01,tcr5827,0
vdjdb_full_11305,TTDPSFLGRY_HLA-A*01:01,tcr16040,1
vdjdb_full_11305_ss_3_n0_iptm_filtered,TTDPSFLGRY_HLA-A*01:01,tcr13466,0
vdjdb_full_11317,TTDPSFLGRY_HLA-A*01:01,tcr2255,1
vdjdb_full_11317_ss_3_n0_iptm_filtered,TTDPSFLGRY_HLA-A*01:01,tcr4004,0
vdjdb_full_11321,TTDPSFLGRY_HLA-A*01:01,tcr16168,1
vdjdb_full_11321_ss_3_n0_iptm_filtered,TTDPSFLGRY_HLA-A*01:01,tcr7480,0
vdjdb_full_11323,TTDPSFLGRY_HLA-A*01:01,tcr9512,1
vdjdb_full_11323_ss_3_n0_iptm_filtered,TTDPSFLGRY_HLA-A*01:01,tcr3667,0
vdjdb_full_11350,TTDPSFLGRY_HLA-A*01:01,tcr8253,1
vdjdb_full_11350_ss_3_n0_iptm_filtered,TTDPSFLGRY_HLA-A*01:01,tcr10415,0
vdjdb_full_11357,TTDPSFLGRY_HLA-A*01:01,tcr3932,1
vdjdb_full_11357_ss_3_n0_iptm_filtered,TTDPSFLGRY_HLA-A*01:01,tcr12780,0
vdjdb_full_11363,TTDPSFLGRY_HLA-A*01:01,tcr14415,1
vdjdb_full_11363_ss_3_n0_iptm_filtered,TTDPSFLGRY_HLA-A*01:01,tcr13176,0
vdjdb_full_11387,TTDPSFLGRY_HLA-A*01:01,tcr6855,1
vdjdb_full_11387_ss_3_n0_iptm_filtered,TTDPSFLGRY_HLA-A*01:01,tcr2101,0
vdjdb_full_11406,TTDPSFLGRY_HLA-A*01:01,tcr11957,1
vdjdb_full_11406_ss_3_n0_iptm_filtered,TTDPSFLGRY_HLA-A*01:01,tcr16138,0
vdjdb_full_11416,TTDPSFLGRY_HLA-A*01:01,tcr18166,1
vdjdb_full_11416_ss_3_n0_iptm_filtered,TTDPSFLGRY_HLA-A*01:01,tcr3657,0
vdjdb_full_11417,TTDPSFLGRY_HLA-A*01:01,tcr10231,1
vdjdb_full_11417_ss_3_n0_iptm_filtered,TTDPSFLGRY_HLA-A*01:01,tcr12066,0
vdjdb_full_11421,TTDPSFLGRY_HLA-A*01:01,tcr9557,1
vdjdb_full_11421_ss_3_n0_iptm_filtered,TTDPSFLGRY_HLA-A*01:01,tcr17713,0
vdjdb_full_11426,TTDPSFLGRY_HLA-A*01:01,tcr4653,1
vdjdb_full_11426_ss_3_n0_iptm_filtered,TTDPSFLGRY_HLA-A*01:01,tcr4629,0
vdjdb_full_11427,TTDPSFLGRY_HLA-A*01:01,tcr17674,1
vdjdb_full_11427_ss_3_n0_iptm_filtered,TTDPSFLGRY_HLA-A*01:01,tcr14052,0
vdjdb_full_11433,TTDPSFLGRY_HLA-A*01:01,tcr8322,1
vdjdb_full_11433_ss_3_n0_iptm_filtered,TTDPSFLGRY_HLA-A*01:01,tcr16498,0
vdjdb_full_11445,TTDPSFLGRY_HLA-A*01:01,tcr14060,1
vdjdb_full_11445_ss_3_n0_iptm_filtered,TTDPSFLGRY_HLA-A*01:01,tcr16192,0
vdjdb_full_11452,TTDPSFLGRY_HLA-A*01:01,tcr2513,1
vdjdb_full_11452_ss_3_n0_iptm_filtered,TTDPSFLGRY_HLA-A*01:01,tcr10139,0
vdjdb_full_11453,TTDPSFLGRY_HLA-A*01:01,tcr3624,1
vdjdb_full_11453_ss_3_n0_iptm_filtered,TTDPSFLGRY_HLA-A*01:01,tcr14005,0
vdjdb_full_11466,TTDPSFLGRY_HLA-A*01:01,tcr10331,1
vdjdb_full_11466_ss_3_n0_iptm_filtered,TTDPSFLGRY_HLA-A*01:01,tcr7136,0
vdjdb_full_11485,TTDPSFLGRY_HLA-A*01:01,tcr5972,1
vdjdb_full_11485_ss_3_n0_iptm_filtered,TTDPSFLGRY_HLA-A*01:01,tcr11012,0
vdjdb_full_11489,TTDPSFLGRY_HLA-A*01:01,tcr6767,1
vdjdb_full_11489_ss_3_n0_iptm_filtered,TTDPSFLGRY_HLA-A*01:01,tcr383,0
vdjdb_full_11490,TTDPSFLGRY_HLA-A*01:01,tcr5182,1
vdjdb_full_11490_ss_3_n0_iptm_filtered,TTDPSFLGRY_HLA-A*01:01,tcr5668,0
vdjdb_full_11492,TTDPSFLGRY_HLA-A*01:01,tcr5865,1
vdjdb_full_11492_ss_3_n0_iptm_filtered,TTDPSFLGRY_HLA-A*01:01,tcr13780,0
vdjdb_full_11626,ELAGIGILTV_HLA-A*02:01,tcr5857,1
vdjdb_full_11626_ss_3_n0_iptm_filtered,ELAGIGILTV_HLA-A*02:01,tcr5776,0
vdjdb_full_11629,ELAGIGILTV_HLA-A*02:01,tcr16274,1
vdjdb_full_11629_ss_3_n0_iptm_filtered,ELAGIGILTV_HLA-A*02:01,tcr18248,0
vdjdb_full_11631,ELAGIGILTV_HLA-A*02:01,tcr1530,1
vdjdb_full_11631_ss_3_n0_iptm_filtered,ELAGIGILTV_HLA-A*02:01,tcr3597,0
vdjdb_full_11635,ELAGIGILTV_HLA-A*02:01,tcr2101,1
vdjdb_full_11635_ss_3_n0_iptm_filtered,ELAGIGILTV_HLA-A*02:01,tcr14179,0
vdjdb_full_11641,ELAGIGILTV_HLA-A*02:01,tcr12357,1
vdjdb_full_11641_ss_3_n0_iptm_filtered,ELAGIGILTV_HLA-A*02:01,tcr5044,0
vdjdb_full_11644,ELAGIGILTV_HLA-A*02:01,tcr179,1
vdjdb_full_11644_ss_3_n0_iptm_filtered,ELAGIGILTV_HLA-A*02:01,tcr16689,0
vdjdb_full_11651,ELAGIGILTV_HLA-A*02:01,tcr10322,1
vdjdb_full_11651_ss_3_n0_iptm_filtered,ELAGIGILTV_HLA-A*02:01,tcr10584,0
vdjdb_full_11656,ELAGIGILTV_HLA-A*02:01,tcr3044,1
vdjdb_full_11656_ss_3_n0_iptm_filtered,ELAGIGILTV_HLA-A*02:01,tcr18132,0
vdjdb_full_11657,ELAGIGILTV_HLA-A*02:01,tcr11505,1
vdjdb_full_11657_ss_3_n0_iptm_filtered,ELAGIGILTV_HLA-A*02:01,tcr4673,0
vdjdb_full_11659,ELAGIGILTV_HLA-A*02:01,tcr17628,1
vdjdb_full_11659_ss_3_n0_iptm_filtered,ELAGIGILTV_HLA-A*02:01,tcr6715,0
vdjdb_full_11665,ELAGIGILTV_HLA-A*02:01,tcr8602,1
vdjdb_full_11665_ss_3_n0_iptm_filtered,ELAGIGILTV_HLA-A*02:01,tcr6091,0
vdjdb_full_11668,ELAGIGILTV_HLA-A*02:01,tcr13657,1
vdjdb_full_11668_ss_3_n0_iptm_filtered,ELAGIGILTV_HLA-A*02:01,tcr105,0
vdjdb_full_11671,ELAGIGILTV_HLA-A*02:01,tcr13471,1
vdjdb_full_11671_ss_3_n0_iptm_filtered,ELAGIGILTV_HLA-A*02:01,tcr10323,0
vdjdb_full_11672,ELAGIGILTV_HLA-A*02:01,tcr122,1
vdjdb_full_11672_ss_3_n0_iptm_filtered,ELAGIGILTV_HLA-A*02:01,tcr1751,0
vdjdb_full_11681,ELAGIGILTV_HLA-A*02:01,tcr4029,1
vdjdb_full_11681_ss_3_n0_iptm_filtered,ELAGIGILTV_HLA-A*02:01,tcr16847,0
vdjdb_full_11689,ELAGIGILTV_HLA-A*02:01,tcr11523,1
vdjdb_full_11689_ss_3_n0_iptm_filtered,ELAGIGILTV_HLA-A*02:01,tcr8253,0
vdjdb_full_11696,ELAGIGILTV_HLA-A*02:01,tcr16815,1
vdjdb_full_11696_ss_3_n0_iptm_filtered,ELAGIGILTV_HLA-A*02:01,tcr13029,0
vdjdb_full_11698,ELAGIGILTV_HLA-A*02:01,tcr8169,1
vdjdb_full_11698_ss_3_n0_iptm_filtered,ELAGIGILTV_HLA-A*02:01,tcr7946,0
vdjdb_full_11699,ELAGIGILTV_HLA-A*02:01,tcr3267,1
vdjdb_full_11699_ss_3_n0_iptm_filtered,ELAGIGILTV_HLA-A*02:01,tcr11148,0
vdjdb_full_11701,ELAGIGILTV_HLA-A*02:01,tcr13691,1
vdjdb_full_11701_ss_3_n0_iptm_filtered,ELAGIGILTV_HLA-A*02:01,tcr4825,0
vdjdb_full_11702,ELAGIGILTV_HLA-A*02:01,tcr15380,1
vdjdb_full_11702_ss_3_n0_iptm_filtered,ELAGIGILTV_HLA-A*02:01,tcr11628,0
vdjdb_full_11703,ELAGIGILTV_HLA-A*02:01,tcr4771,1
vdjdb_full_11703_ss_3_n0_iptm_filtered,ELAGIGILTV_HLA-A*02:01,tcr13486,0
vdjdb_full_11704,ELAGIGILTV_HLA-A*02:01,tcr15847,1
vdjdb_full_11704_ss_3_n0_iptm_filtered,ELAGIGILTV_HLA-A*02:01,tcr6415,0
vdjdb_full_11708,ELAGIGILTV_HLA-A*02:01,tcr8603,1
vdjdb_full_11708_ss_3_n0_iptm_filtered,ELAGIGILTV_HLA-A*02:01,tcr15084,0
vdjdb_full_11710,ELAGIGILTV_HLA-A*02:01,tcr10905,1
vdjdb_full_11710_ss_3_n0_iptm_filtered,ELAGIGILTV_HLA-A*02:01,tcr16082,0
vdjdb_full_11716,ELAGIGILTV_HLA-A*02:01,tcr5985,1
vdjdb_full_11716_ss_3_n0_iptm_filtered,ELAGIGILTV_HLA-A*02:01,tcr1886,0
vdjdb_full_11720,ELAGIGILTV_HLA-A*02:01,tcr15815,1
vdjdb_full_11720_ss_3_n0_iptm_filtered,ELAGIGILTV_HLA-A*02:01,tcr8649,0
vdjdb_full_11727,ELAGIGILTV_HLA-A*02:01,tcr14052,1
vdjdb_full_11727_ss_3_n0_iptm_filtered,ELAGIGILTV_HLA-A*02:01,tcr8335,0
vdjdb_full_11730,ELAGIGILTV_HLA-A*02:01,tcr6739,1
vdjdb_full_11730_ss_3_n0_iptm_filtered,ELAGIGILTV_HLA-A*02:01,tcr3045,0
vdjdb_full_11734,ELAGIGILTV_HLA-A*02:01,tcr8181,1
vdjdb_full_11734_ss_3_n0_iptm_filtered,ELAGIGILTV_HLA-A*02:01,tcr16779,0
vdjdb_full_11739,ELAGIGILTV_HLA-A*02:01,tcr14142,1
vdjdb_full_11739_ss_3_n0_iptm_filtered,ELAGIGILTV_HLA-A*02:01,tcr9747,0
vdjdb_full_11740,ELAGIGILTV_HLA-A*02:01,tcr5036,1
vdjdb_full_11740_ss_3_n0_iptm_filtered,ELAGIGILTV_HLA-A*02:01,tcr537,0
vdjdb_full_11742,ELAGIGILTV_HLA-A*02:01,tcr5874,1
vdjdb_full_11742_ss_3_n0_iptm_filtered,ELAGIGILTV_HLA-A*02:01,tcr3486,0
vdjdb_full_11744,ELAGIGILTV_HLA-A*02:01,tcr11858,1
vdjdb_full_11744_ss_3_n0_iptm_filtered,ELAGIGILTV_HLA-A*02:01,tcr10,0
vdjdb_full_11750,ELAGIGILTV_HLA-A*02:01,tcr6390,1
vdjdb_full_11750_ss_3_n0_iptm_filtered,ELAGIGILTV_HLA-A*02:01,tcr11059,0
vdjdb_full_11757,ELAGIGILTV_HLA-A*02:01,tcr9975,1
vdjdb_full_11757_ss_3_n0_iptm_filtered,ELAGIGILTV_HLA-A*02:01,tcr13434,0
vdjdb_full_11758,ELAGIGILTV_HLA-A*02:01,tcr3934,1
vdjdb_full_11758_ss_3_n0_iptm_filtered,ELAGIGILTV_HLA-A*02:01,tcr1098,0
vdjdb_full_11766,ELAGIGILTV_HLA-A*02:01,tcr6085,1
vdjdb_full_11766_ss_3_n0_iptm_filtered,ELAGIGILTV_HLA-A*02:01,tcr16040,0
vdjdb_full_11772,ELAGIGILTV_HLA-A*02:01,tcr9416,1
vdjdb_full_11772_ss_3_n0_iptm_filtered,ELAGIGILTV_HLA-A*02:01,tcr13095,0
vdjdb_full_11775,ELAGIGILTV_HLA-A*02:01,tcr512,1
vdjdb_full_11775_ss_3_n0_iptm_filtered,ELAGIGILTV_HLA-A*02:01,tcr12157,0
vdjdb_full_11780,ELAGIGILTV_HLA-A*02:01,tcr14085,1
vdjdb_full_11780_ss_3_n0_iptm_filtered,ELAGIGILTV_HLA-A*02:01,tcr9182,0
vdjdb_full_11784,ELAGIGILTV_HLA-A*02:01,tcr5962,1
vdjdb_full_11784_ss_3_n0_iptm_filtered,ELAGIGILTV_HLA-A*02:01,tcr2735,0
vdjdb_full_11785,ELAGIGILTV_HLA-A*02:01,tcr10016,1
vdjdb_full_11785_ss_3_n0_iptm_filtered,ELAGIGILTV_HLA-A*02:01,tcr17866,0
vdjdb_full_11794,ELAGIGILTV_HLA-A*02:01,tcr12107,1
vdjdb_full_11794_ss_3_n0_iptm_filtered,ELAGIGILTV_HLA-A*02:01,tcr8890,0
vdjdb_full_11800,ELAGIGILTV_HLA-A*02:01,tcr4969,1
vdjdb_full_11800_ss_3_n0_iptm_filtered,ELAGIGILTV_HLA-A*02:01,tcr13906,0
vdjdb_full_11803,ELAGIGILTV_HLA-A*02:01,tcr5821,1
vdjdb_full_11803_ss_3_n0_iptm_filtered,ELAGIGILTV_HLA-A*02:01,tcr13756,0
vdjdb_full_11804,ELAGIGILTV_HLA-A*02:01,tcr9697,1
vdjdb_full_11804_ss_3_n0_iptm_filtered,ELAGIGILTV_HLA-A*02:01,tcr7129,0
vdjdb_full_11811,ELAGIGILTV_HLA-A*02:01,tcr8214,1
vdjdb_full_11811_ss_3_n0_iptm_filtered,ELAGIGILTV_HLA-A*02:01,tcr3147,0
vdjdb_full_11851,ELAGIGILTV_HLA-A*02:01,tcr5500,1
vdjdb_full_11851_ss_3_n0_iptm_filtered,ELAGIGILTV_HLA-A*02:01,tcr8578,0
vdjdb_full_11858,ELAGIGILTV_HLA-A*02:01,tcr11423,1
vdjdb_full_11858_ss_3_n0_iptm_filtered,ELAGIGILTV_HLA-A*02:01,tcr12480,0
vdjdb_full_11863,ELAGIGILTV_HLA-A*02:01,tcr10063,1
vdjdb_full_11863_ss_3_n0_iptm_filtered,ELAGIGILTV_HLA-A*02:01,tcr10872,0
vdjdb_full_11867,ELAGIGILTV_HLA-A*02:01,tcr15559,1
vdjdb_full_11867_ss_3_n0_iptm_filtered,ELAGIGILTV_HLA-A*02:01,tcr3804,0
vdjdb_full_11875,ELAGIGILTV_HLA-A*02:01,tcr3835,1
vdjdb_full_11875_ss_3_n0_iptm_filtered,ELAGIGILTV_HLA-A*02:01,tcr6726,0
vdjdb_full_11877,ELAGIGILTV_HLA-A*02:01,tcr6821,1
vdjdb_full_11877_ss_3_n0_iptm_filtered,ELAGIGILTV_HLA-A*02:01,tcr13205,0
vdjdb_full_11878,ELAGIGILTV_HLA-A*02:01,tcr764,1
vdjdb_full_11878_ss_3_n0_iptm_filtered,ELAGIGILTV_HLA-A*02:01,tcr6380,0
vdjdb_full_11879,ELAGIGILTV_HLA-A*02:01,tcr7116,1
vdjdb_full_11879_ss_3_n0_iptm_filtered,ELAGIGILTV_HLA-A*02:01,tcr18080,0
vdjdb_full_11885,ELAGIGILTV_HLA-A*02:01,tcr6559,1
vdjdb_full_11885_ss_3_n0_iptm_filtered,ELAGIGILTV_HLA-A*02:01,tcr6667,0
vdjdb_full_11891,ELAGIGILTV_HLA-A*02:01,tcr5374,1
vdjdb_full_11891_ss_3_n0_iptm_filtered,ELAGIGILTV_HLA-A*02:01,tcr10662,0
vdjdb_full_11892,ELAGIGILTV_HLA-A*02:01,tcr5369,1
vdjdb_full_11892_ss_3_n0_iptm_filtered,ELAGIGILTV_HLA-A*02:01,tcr10662,0
vdjdb_full_11901,ELAGIGILTV_HLA-A*02:01,tcr6573,1
vdjdb_full_11901_ss_3_n0_iptm_filtered,ELAGIGILTV_HLA-A*02:01,tcr11422,0
vdjdb_full_11902,ELAGIGILTV_HLA-A*02:01,tcr6469,1
vdjdb_full_11902_ss_3_n0_iptm_filtered,ELAGIGILTV_HLA-A*02:01,tcr17725,0
vdjdb_full_11904,ELAGIGILTV_HLA-A*02:01,tcr1501,1
vdjdb_full_11904_ss_3_n0_iptm_filtered,ELAGIGILTV_HLA-A*02:01,tcr5426,0
vdjdb_full_11914,ELAGIGILTV_HLA-A*02:01,tcr1298,1
vdjdb_full_11914_ss_3_n0_iptm_filtered,ELAGIGILTV_HLA-A*02:01,tcr1505,0
vdjdb_full_11917,ELAGIGILTV_HLA-A*02:01,tcr3759,1
vdjdb_full_11917_ss_3_n0_iptm_filtered,ELAGIGILTV_HLA-A*02:01,tcr5426,0
vdjdb_full_11927,ELAGIGILTV_HLA-A*02:01,tcr8368,1
vdjdb_full_11927_ss_3_n0_iptm_filtered,ELAGIGILTV_HLA-A*02:01,tcr4506,0
vdjdb_full_11942,ELAGIGILTV_HLA-A*02:01,tcr13405,1
vdjdb_full_11942_ss_3_n0_iptm_filtered,ELAGIGILTV_HLA-A*02:01,tcr3868,0
vdjdb_full_11947,ELAGIGILTV_HLA-A*02:01,tcr3389,1
vdjdb_full_11947_ss_3_n0_iptm_filtered,ELAGIGILTV_HLA-A*02:01,tcr4162,0
vdjdb_full_11948,ELAGIGILTV_HLA-A*02:01,tcr15636,1
vdjdb_full_11948_ss_3_n0_iptm_filtered,ELAGIGILTV_HLA-A*02:01,tcr18189,0
vdjdb_full_11952,ELAGIGILTV_HLA-A*02:01,tcr17337,1
vdjdb_full_11952_ss_3_n0_iptm_filtered,ELAGIGILTV_HLA-A*02:01,tcr4566,0
vdjdb_full_11954,ELAGIGILTV_HLA-A*02:01,tcr2055,1
vdjdb_full_11954_ss_3_n0_iptm_filtered,ELAGIGILTV_HLA-A*02:01,tcr1085,0
vdjdb_full_11957,ELAGIGILTV_HLA-A*02:01,tcr8108,1
vdjdb_full_11957_ss_3_n0_iptm_filtered,ELAGIGILTV_HLA-A*02:01,tcr8596,0
vdjdb_full_11962,ELAGIGILTV_HLA-A*02:01,tcr9765,1
vdjdb_full_11962_ss_3_n0_iptm_filtered,ELAGIGILTV_HLA-A*02:01,tcr1059,0
vdjdb_full_11963,ELAGIGILTV_HLA-A*02:01,tcr5793,1
vdjdb_full_11963_ss_3_n0_iptm_filtered,ELAGIGILTV_HLA-A*02:01,tcr2762,0
vdjdb_full_11966,ELAGIGILTV_HLA-A*02:01,tcr3937,1
vdjdb_full_11966_ss_3_n0_iptm_filtered,ELAGIGILTV_HLA-A*02:01,tcr11817,0
vdjdb_full_11970,ELAGIGILTV_HLA-A*02:01,tcr6581,1
vdjdb_full_11970_ss_3_n0_iptm_filtered,ELAGIGILTV_HLA-A*02:01,tcr12823,0
vdjdb_full_11975,ELAGIGILTV_HLA-A*02:01,tcr12573,1
vdjdb_full_11975_ss_3_n0_iptm_filtered,ELAGIGILTV_HLA-A*02:01,tcr6705,0
vdjdb_full_11985,ELAGIGILTV_HLA-A*02:01,tcr8619,1
vdjdb_full_11985_ss_3_n0_iptm_filtered,ELAGIGILTV_HLA-A*02:01,tcr5440,0
vdjdb_full_11988,ELAGIGILTV_HLA-A*02:01,tcr6309,1
vdjdb_full_11988_ss_3_n0_iptm_filtered,ELAGIGILTV_HLA-A*02:01,tcr10232,0
vdjdb_full_11989,ELAGIGILTV_HLA-A*02:01,tcr11439,1
vdjdb_full_11989_ss_3_n0_iptm_filtered,ELAGIGILTV_HLA-A*02:01,tcr2732,0
vdjdb_full_11991,ELAGIGILTV_HLA-A*02:01,tcr1523,1
vdjdb_full_11991_ss_3_n0_iptm_filtered,ELAGIGILTV_HLA-A*02:01,tcr16689,0
vdjdb_full_11997,ELAGIGILTV_HLA-A*02:01,tcr8798,1
vdjdb_full_11997_ss_3_n0_iptm_filtered,ELAGIGILTV_HLA-A*02:01,tcr18340,0
vdjdb_full_11999,ELAGIGILTV_HLA-A*02:01,tcr2355,1
vdjdb_full_11999_ss_3_n0_iptm_filtered,ELAGIGILTV_HLA-A*02:01,tcr5755,0
vdjdb_full_12000,ELAGIGILTV_HLA-A*02:01,tcr949,1
vdjdb_full_12000_ss_3_n0_iptm_filtered,ELAGIGILTV_HLA-A*02:01,tcr609,0
vdjdb_full_12001,ELAGIGILTV_HLA-A*02:01,tcr15821,1
vdjdb_full_12001_ss_3_n0_iptm_filtered,ELAGIGILTV_HLA-A*02:01,tcr5137,0
vdjdb_full_12017,ELAGIGILTV_HLA-A*02:01,tcr10580,1
vdjdb_full_12017_ss_3_n0_iptm_filtered,ELAGIGILTV_HLA-A*02:01,tcr13027,0
vdjdb_full_12019,ELAGIGILTV_HLA-A*02:01,tcr12066,1
vdjdb_full_12019_ss_3_n0_iptm_filtered,ELAGIGILTV_HLA-A*02:01,tcr9401,0
vdjdb_full_12025,ELAGIGILTV_HLA-A*02:01,tcr14082,1
vdjdb_full_12025_ss_3_n0_iptm_filtered,ELAGIGILTV_HLA-A*02:01,tcr11354,0
vdjdb_full_12026,ELAGIGILTV_HLA-A*02:01,tcr702,1
vdjdb_full_12026_ss_3_n0_iptm_filtered,ELAGIGILTV_HLA-A*02:01,tcr5489,0
vdjdb_full_12107,YLQQNWWTL_HLA-A*02:01,tcr12842,1
vdjdb_full_12107_ss_3_n0_iptm_filtered,YLQQNWWTL_HLA-A*02:01,tcr7890,0
vdjdb_full_12108,YLQQNWWTL_HLA-A*02:01,tcr4566,1
vdjdb_full_12108_ss_3_n0_iptm_filtered,YLQQNWWTL_HLA-A*02:01,tcr16441,0
vdjdb_full_12114,YLQQNWWTL_HLA-A*02:01,tcr14825,1
vdjdb_full_12114_ss_3_n0_iptm_filtered,YLQQNWWTL_HLA-A*02:01,tcr6824,0
vdjdb_full_12116,YLQQNWWTL_HLA-A*02:01,tcr3051,1
vdjdb_full_12116_ss_3_n0_iptm_filtered,YLQQNWWTL_HLA-A*02:01,tcr14861,0
vdjdb_full_12117,YLQQNWWTL_HLA-A*02:01,tcr4748,1
vdjdb_full_12117_ss_3_n0_iptm_filtered,YLQQNWWTL_HLA-A*02:01,tcr6559,0
vdjdb_full_12119,YLQQNWWTL_HLA-A*02:01,tcr249,1
vdjdb_full_12119_ss_3_n0_iptm_filtered,YLQQNWWTL_HLA-A*02:01,tcr1758,0
vdjdb_full_12120,YLQQNWWTL_HLA-A*02:01,tcr12780,1
vdjdb_full_12120_ss_3_n0_iptm_filtered,YLQQNWWTL_HLA-A*02:01,tcr4012,0
vdjdb_full_12121,YLQQNWWTL_HLA-A*02:01,tcr1845,1
vdjdb_full_12121_ss_3_n0_iptm_filtered,YLQQNWWTL_HLA-A*02:01,tcr11940,0
vdjdb_full_12122,YLQQNWWTL_HLA-A*02:01,tcr2987,1
vdjdb_full_12122_ss_3_n0_iptm_filtered,YLQQNWWTL_HLA-A*02:01,tcr15815,0
vdjdb_full_12123,FTSDYYQLY_HLA-A*01:01,tcr8457,1
vdjdb_full_12123_ss_3_n0_iptm_filtered,FTSDYYQLY_HLA-A*01:01,tcr15991,0
vdjdb_full_12130,FTSDYYQLY_HLA-A*01:01,tcr453,1
vdjdb_full_12130_ss_3_n0_iptm_filtered,FTSDYYQLY_HLA-A*01:01,tcr14675,0
vdjdb_full_12131,FTSDYYQLY_HLA-A*01:01,tcr18153,1
vdjdb_full_12131_ss_3_n0_iptm_filtered,FTSDYYQLY_HLA-A*01:01,tcr11423,0
vdjdb_full_12132,FTSDYYQLY_HLA-A*01:01,tcr1824,1
vdjdb_full_12132_ss_3_n0_iptm_filtered,FTSDYYQLY_HLA-A*01:01,tcr8903,0
vdjdb_full_12135,FTSDYYQLY_HLA-A*01:01,tcr10526,1
vdjdb_full_12135_ss_3_n0_iptm_filtered,FTSDYYQLY_HLA-A*01:01,tcr1059,0
vdjdb_full_12138,FTSDYYQLY_HLA-A*01:01,tcr11041,1
vdjdb_full_12138_ss_3_n0_iptm_filtered,FTSDYYQLY_HLA-A*01:01,tcr6705,0
vdjdb_full_12141,FTSDYYQLY_HLA-A*01:01,tcr4025,1
vdjdb_full_12141_ss_3_n0_iptm_filtered,FTSDYYQLY_HLA-A*01:01,tcr12497,0
vdjdb_full_12142,FTSDYYQLY_HLA-A*01:01,tcr8527,1
vdjdb_full_12142_ss_3_n0_iptm_filtered,FTSDYYQLY_HLA-A*01:01,tcr11239,0
vdjdb_full_12147,FTSDYYQLY_HLA-A*01:01,tcr15666,1
vdjdb_full_12147_ss_3_n0_iptm_filtered,FTSDYYQLY_HLA-A*01:01,tcr351,0
vdjdb_full_12148,FTSDYYQLY_HLA-A*01:01,tcr16097,1
vdjdb_full_12148_ss_3_n0_iptm_filtered,FTSDYYQLY_HLA-A*01:01,tcr475,0
vdjdb_full_12154,FTSDYYQLY_HLA-A*01:01,tcr8571,1
vdjdb_full_12154_ss_3_n0_iptm_filtered,FTSDYYQLY_HLA-A*01:01,tcr276,0
vdjdb_full_12156,FTSDYYQLY_HLA-A*01:01,tcr16525,1
vdjdb_full_12156_ss_3_n0_iptm_filtered,FTSDYYQLY_HLA-A*01:01,tcr1736,0
vdjdb_full_12159,FTSDYYQLY_HLA-A*01:01,tcr3698,1
vdjdb_full_12159_ss_3_n0_iptm_filtered,FTSDYYQLY_HLA-A*01:01,tcr3289,0
vdjdb_full_12163,IMDQVPFSV_HLA-A*02:01,tcr3475,1
vdjdb_full_12163_ss_3_n0_iptm_filtered,IMDQVPFSV_HLA-A*02:01,tcr18210,0
vdjdb_full_12164,IMDQVPFSV_HLA-A*02:01,tcr7642,1
vdjdb_full_12164_ss_3_n0_iptm_filtered,IMDQVPFSV_HLA-A*02:01,tcr2349,0
vdjdb_full_12165,IMDQVPFSV_HLA-A*02:01,tcr4012,1
vdjdb_full_12165_ss_3_n0_iptm_filtered,IMDQVPFSV_HLA-A*02:01,tcr4961,0
vdjdb_full_12166,IMDQVPFSV_HLA-A*02:01,tcr5016,1
vdjdb_full_12166_ss_3_n0_iptm_filtered,IMDQVPFSV_HLA-A*02:01,tcr11169,0
vdjdb_full_12167,IMDQVPFSV_HLA-A*02:01,tcr6629,1
vdjdb_full_12167_ss_3_n0_iptm_filtered,IMDQVPFSV_HLA-A*02:01,tcr15983,0
vdjdb_full_12168,IMDQVPFSV_HLA-A*02:01,tcr3289,1
vdjdb_full_12168_ss_3_n0_iptm_filtered,IMDQVPFSV_HLA-A*02:01,tcr9719,0
vdjdb_full_12169,IMDQVPFSV_HLA-A*02:01,tcr4883,1
vdjdb_full_12169_ss_3_n0_iptm_filtered,IMDQVPFSV_HLA-A*02:01,tcr18189,0
vdjdb_full_12170,IMDQVPFSV_HLA-A*02:01,tcr2568,1
vdjdb_full_12170_ss_3_n0_iptm_filtered,IMDQVPFSV_HLA-A*02:01,tcr2509,0
vdjdb_full_12172,IMDQVPFSV_HLA-A*02:01,tcr429,1
vdjdb_full_12172_ss_3_n0_iptm_filtered,IMDQVPFSV_HLA-A*02:01,tcr18059,0
vdjdb_full_12173,IMDQVPFSV_HLA-A*02:01,tcr14348,1
vdjdb_full_12173_ss_3_n0_iptm_filtered,IMDQVPFSV_HLA-A*02:01,tcr5755,0
vdjdb_full_12174,IMDQVPFSV_HLA-A*02:01,tcr13568,1
vdjdb_full_12174_ss_3_n0_iptm_filtered,IMDQVPFSV_HLA-A*02:01,tcr13602,0
vdjdb_full_12175,IMDQVPFSV_HLA-A*02:01,tcr12900,1
vdjdb_full_12175_ss_3_n0_iptm_filtered,IMDQVPFSV_HLA-A*02:01,tcr10631,0
vdjdb_full_12176,IMDQVPFSV_HLA-A*02:01,tcr14756,1
vdjdb_full_12176_ss_3_n0_iptm_filtered,IMDQVPFSV_HLA-A*02:01,tcr16082,0
vdjdb_full_12229,IVTDFSVIK_HLA-A*11:01,tcr9720,1
vdjdb_full_12229_ss_3_n0_iptm_filtered,IVTDFSVIK_HLA-A*11:01,tcr12498,0
vdjdb_full_12250,IVTDFSVIK_HLA-A*11:01,tcr7435,1
vdjdb_full_12250_ss_3_n0_iptm_filtered,IVTDFSVIK_HLA-A*11:01,tcr15489,0
vdjdb_full_12251,IVTDFSVIK_HLA-A*11:01,tcr3620,1
vdjdb_full_12251_ss_3_n0_iptm_filtered,IVTDFSVIK_HLA-A*11:01,tcr14276,0
vdjdb_full_12259,IVTDFSVIK_HLA-A*11:01,tcr11937,1
vdjdb_full_12259_ss_3_n0_iptm_filtered,IVTDFSVIK_HLA-A*11:01,tcr17928,0
vdjdb_full_12262,IVTDFSVIK_HLA-A*11:01,tcr4162,1
vdjdb_full_12262_ss_3_n0_iptm_filtered,IVTDFSVIK_HLA-A*11:01,tcr2826,0
vdjdb_full_12316,IVTDFSVIK_HLA-A*11:01,tcr6877,1
vdjdb_full_12316_ss_3_n0_iptm_filtered,IVTDFSVIK_HLA-A*11:01,tcr7856,0
vdjdb_full_12329,IVTDFSVIK_HLA-A*11:01,tcr7478,1
vdjdb_full_12329_ss_3_n0_iptm_filtered,IVTDFSVIK_HLA-A*11:01,tcr918,0
vdjdb_full_12337,IVTDFSVIK_HLA-A*11:01,tcr5333,1
vdjdb_full_12337_ss_3_n0_iptm_filtered,IVTDFSVIK_HLA-A*11:01,tcr9107,0
vdjdb_full_1234,KLGGALQAK_HLA-A*03:01,tcr3201,1
vdjdb_full_1234_ss_3_n0_iptm_filtered,KLGGALQAK_HLA-A*03:01,tcr11952,0
vdjdb_full_12346,IVTDFSVIK_HLA-A*11:01,tcr2929,1
vdjdb_full_12346_ss_3_n0_iptm_filtered,IVTDFSVIK_HLA-A*11:01,tcr10452,0
vdjdb_full_12358,IVTDFSVIK_HLA-A*11:01,tcr12689,1
vdjdb_full_12358_ss_3_n0_iptm_filtered,IVTDFSVIK_HLA-A*11:01,tcr4212,0
vdjdb_full_12443,IVTDFSVIK_HLA-A*11:01,tcr10636,1
vdjdb_full_12443_ss_3_n0_iptm_filtered,IVTDFSVIK_HLA-A*11:01,tcr5374,0
vdjdb_full_12496,IVTDFSVIK_HLA-A*11:01,tcr17436,1
vdjdb_full_12496_ss_3_n0_iptm_filtered,IVTDFSVIK_HLA-A*11:01,tcr4909,0
vdjdb_full_12509,IVTDFSVIK_HLA-A*11:01,tcr14864,1
vdjdb_full_12509_ss_3_n0_iptm_filtered,IVTDFSVIK_HLA-A*11:01,tcr11114,0
vdjdb_full_12525,IVTDFSVIK_HLA-A*11:01,tcr4313,1
vdjdb_full_12525_ss_3_n0_iptm_filtered,IVTDFSVIK_HLA-A*11:01,tcr12620,0
vdjdb_full_12552,IVTDFSVIK_HLA-A*11:01,tcr8107,1
vdjdb_full_12552_ss_3_n0_iptm_filtered,IVTDFSVIK_HLA-A*11:01,tcr12639,0
vdjdb_full_12553,IVTDFSVIK_HLA-A*11:01,tcr9851,1
vdjdb_full_12553_ss_3_n0_iptm_filtered,IVTDFSVIK_HLA-A*11:01,tcr14701,0
vdjdb_full_12660,IVTDFSVIK_HLA-A*11:01,tcr17417,1
vdjdb_full_12660_ss_3_n0_iptm_filtered,IVTDFSVIK_HLA-A*11:01,tcr12995,0
vdjdb_full_12674,IVTDFSVIK_HLA-A*11:01,tcr4036,1
vdjdb_full_12674_ss_3_n0_iptm_filtered,IVTDFSVIK_HLA-A*11:01,tcr15904,0
vdjdb_full_12750,IVTDFSVIK_HLA-A*11:01,tcr1505,1
vdjdb_full_12750_ss_3_n0_iptm_filtered,IVTDFSVIK_HLA-A*11:01,tcr4312,0
vdjdb_full_12774,IVTDFSVIK_HLA-A*11:01,tcr14725,1
vdjdb_full_12774_ss_3_n0_iptm_filtered,IVTDFSVIK_HLA-A*11:01,tcr6984,0
vdjdb_full_12800,IVTDFSVIK_HLA-A*11:01,tcr8233,1
vdjdb_full_12800_ss_3_n0_iptm_filtered,IVTDFSVIK_HLA-A*11:01,tcr7551,0
vdjdb_full_1281,KLGGALQAK_HLA-A*03:01,tcr17750,1
vdjdb_full_1281_ss_3_n0_iptm_filtered,KLGGALQAK_HLA-A*03:01,tcr54,0
vdjdb_full_12818,IVTDFSVIK_HLA-A*11:01,tcr5423,1
vdjdb_full_12818_ss_3_n0_iptm_filtered,IVTDFSVIK_HLA-A*11:01,tcr15699,0
vdjdb_full_12825,IVTDFSVIK_HLA-A*11:01,tcr9781,1
vdjdb_full_12825_ss_3_n0_iptm_filtered,IVTDFSVIK_HLA-A*11:01,tcr9152,0
vdjdb_full_12830,IVTDFSVIK_HLA-A*11:01,tcr15664,1
vdjdb_full_12830_ss_3_n0_iptm_filtered,IVTDFSVIK_HLA-A*11:01,tcr8215,0
vdjdb_full_12861,IVTDFSVIK_HLA-A*11:01,tcr10584,1
vdjdb_full_12861_ss_3_n0_iptm_filtered,IVTDFSVIK_HLA-A*11:01,tcr10631,0
vdjdb_full_12871,IVTDFSVIK_HLA-A*11:01,tcr907,1
vdjdb_full_12871_ss_3_n0_iptm_filtered,IVTDFSVIK_HLA-A*11:01,tcr13027,0
vdjdb_full_1298,KLGGALQAK_HLA-A*03:01,tcr15479,1
vdjdb_full_1298_ss_3_n0_iptm_filtered,KLGGALQAK_HLA-A*03:01,tcr1293,0
vdjdb_full_13156,DATYQRTRALVR_HLA-A*68:01,tcr2916,1
vdjdb_full_13156_ss_3_n0_iptm_filtered,DATYQRTRALVR_HLA-A*68:01,tcr10972,0
vdjdb_full_13167,DATYQRTRALVR_HLA-A*68:01,tcr1866,1
vdjdb_full_13167_ss_3_n0_iptm_filtered,DATYQRTRALVR_HLA-A*68:01,tcr3265,0
vdjdb_full_13216,DATYQRTRALVR_HLA-A*68:01,tcr16337,1
vdjdb_full_13216_ss_3_n0_iptm_filtered,DATYQRTRALVR_HLA-A*68:01,tcr1572,0
vdjdb_full_13221,DATYQRTRALVR_HLA-A*68:01,tcr4189,1
vdjdb_full_13221_ss_3_n0_iptm_filtered,DATYQRTRALVR_HLA-A*68:01,tcr597,0
vdjdb_full_13227,DATYQRTRALVR_HLA-A*68:01,tcr12502,1
vdjdb_full_13227_ss_3_n0_iptm_filtered,DATYQRTRALVR_HLA-A*68:01,tcr16422,0
vdjdb_full_13259,CLGGLLTMV_HLA-A*02:01,tcr3465,1
vdjdb_full_13259_ss_3_n0_iptm_filtered,CLGGLLTMV_HLA-A*02:01,tcr10264,0
vdjdb_full_13262,CLGGLLTMV_HLA-A*02:01,tcr5660,1
vdjdb_full_13262_ss_3_n0_iptm_filtered,CLGGLLTMV_HLA-A*02:01,tcr11817,0
vdjdb_full_13267,CLGGLLTMV_HLA-A*02:01,tcr13304,1
vdjdb_full_13267_ss_3_n0_iptm_filtered,CLGGLLTMV_HLA-A*02:01,tcr5081,0
vdjdb_full_13268,CLGGLLTMV_HLA-A*02:01,tcr2360,1
vdjdb_full_13268_ss_3_n0_iptm_filtered,CLGGLLTMV_HLA-A*02:01,tcr3357,0
vdjdb_full_13273,CLGGLLTMV_HLA-A*02:01,tcr4101,1
vdjdb_full_13273_ss_3_n0_iptm_filtered,CLGGLLTMV_HLA-A*02:01,tcr8301,0
vdjdb_full_13276,CLGGLLTMV_HLA-A*02:01,tcr12195,1
vdjdb_full_13276_ss_3_n0_iptm_filtered,CLGGLLTMV_HLA-A*02:01,tcr8694,0
vdjdb_full_13277,CLGGLLTMV_HLA-A*02:01,tcr14069,1
vdjdb_full_13277_ss_3_n0_iptm_filtered,CLGGLLTMV_HLA-A*02:01,tcr4382,0
vdjdb_full_13286,CLGGLLTMV_HLA-A*02:01,tcr3230,1
vdjdb_full_13286_ss_3_n0_iptm_filtered,CLGGLLTMV_HLA-A*02:01,tcr14341,0
vdjdb_full_13288,CLGGLLTMV_HLA-A*02:01,tcr8094,1
vdjdb_full_13288_ss_3_n0_iptm_filtered,CLGGLLTMV_HLA-A*02:01,tcr16860,0
vdjdb_full_13290,CLGGLLTMV_HLA-A*02:01,tcr14818,1
vdjdb_full_13290_ss_3_n0_iptm_filtered,CLGGLLTMV_HLA-A*02:01,tcr16025,0
vdjdb_full_13293,CLGGLLTMV_HLA-A*02:01,tcr7956,1
vdjdb_full_13293_ss_3_n0_iptm_filtered,CLGGLLTMV_HLA-A*02:01,tcr3459,0
vdjdb_full_13302,CLGGLLTMV_HLA-A*02:01,tcr14081,1
vdjdb_full_13302_ss_3_n0_iptm_filtered,CLGGLLTMV_HLA-A*02:01,tcr8350,0
vdjdb_full_13313,CLGGLLTMV_HLA-A*02:01,tcr7424,1
vdjdb_full_13313_ss_3_n0_iptm_filtered,CLGGLLTMV_HLA-A*02:01,tcr8631,0
vdjdb_full_13317,CLGGLLTMV_HLA-A*02:01,tcr12157,1
vdjdb_full_13317_ss_3_n0_iptm_filtered,CLGGLLTMV_HLA-A*02:01,tcr9889,0
vdjdb_full_13333,CLGGLLTMV_HLA-A*02:01,tcr16451,1
vdjdb_full_13333_ss_3_n0_iptm_filtered,CLGGLLTMV_HLA-A*02:01,tcr15983,0
vdjdb_full_13337,CLGGLLTMV_HLA-A*02:01,tcr2886,1
vdjdb_full_13337_ss_3_n0_iptm_filtered,CLGGLLTMV_HLA-A*02:01,tcr10016,0
vdjdb_full_13341,CLGGLLTMV_HLA-A*02:01,tcr2550,1
vdjdb_full_13341_ss_3_n0_iptm_filtered,CLGGLLTMV_HLA-A*02:01,tcr6688,0
vdjdb_full_13342,CLGGLLTMV_HLA-A*02:01,tcr13936,1
vdjdb_full_13342_ss_3_n0_iptm_filtered,CLGGLLTMV_HLA-A*02:01,tcr17394,0
vdjdb_full_13345,CLGGLLTMV_HLA-A*02:01,tcr13517,1
vdjdb_full_13345_ss_3_n0_iptm_filtered,CLGGLLTMV_HLA-A*02:01,tcr11239,0
vdjdb_full_13350,RMFPNAPYL_HLA-A*02:01,tcr16712,1
vdjdb_full_13350_ss_3_n0_iptm_filtered,RMFPNAPYL_HLA-A*02:01,tcr5203,0
vdjdb_full_13353,RMFPNAPYL_HLA-A*02:01,tcr9182,1
vdjdb_full_13353_ss_3_n0_iptm_filtered,RMFPNAPYL_HLA-A*02:01,tcr2159,0
vdjdb_full_13355,RMFPNAPYL_HLA-A*02:01,tcr475,1
vdjdb_full_13355_ss_3_n0_iptm_filtered,RMFPNAPYL_HLA-A*02:01,tcr7360,0
vdjdb_full_13357,RMFPNAPYL_HLA-A*02:01,tcr17050,1
vdjdb_full_13357_ss_3_n0_iptm_filtered,RMFPNAPYL_HLA-A*02:01,tcr2494,0
vdjdb_full_13358,RMFPNAPYL_HLA-A*02:01,tcr9307,1
vdjdb_full_13358_ss_3_n0_iptm_filtered,RMFPNAPYL_HLA-A*02:01,tcr11415,0
vdjdb_full_13360,RMFPNAPYL_HLA-A*02:01,tcr10972,1
vdjdb_full_13360_ss_3_n0_iptm_filtered,RMFPNAPYL_HLA-A*02:01,tcr9546,0
vdjdb_full_13361,RMFPNAPYL_HLA-A*02:01,tcr16152,1
vdjdb_full_13361_ss_3_n0_iptm_filtered,RMFPNAPYL_HLA-A*02:01,tcr12357,0
vdjdb_full_13369,LPRWYFYYL_HLA-B*07:02,tcr12480,1
vdjdb_full_13369_ss_3_n0_iptm_filtered,LPRWYFYYL_HLA-B*07:02,tcr1909,0
vdjdb_full_13370,LPRWYFYYL_HLA-B*07:02,tcr14329,1
vdjdb_full_13370_ss_3_n0_iptm_filtered,LPRWYFYYL_HLA-B*07:02,tcr10845,0
vdjdb_full_13374,LPRWYFYYL_HLA-B*07:02,tcr12749,1
vdjdb_full_13374_ss_3_n0_iptm_filtered,LPRWYFYYL_HLA-B*07:02,tcr1032,0
vdjdb_full_13375,LPRWYFYYL_HLA-B*07:02,tcr6352,1
vdjdb_full_13375_ss_3_n0_iptm_filtered,LPRWYFYYL_HLA-B*07:02,tcr2011,0
vdjdb_full_13376,LPRWYFYYL_HLA-B*07:02,tcr3353,1
vdjdb_full_13376_ss_3_n0_iptm_filtered,LPRWYFYYL_HLA-B*07:02,tcr11423,0
vdjdb_full_13377,LPRWYFYYL_HLA-B*07:02,tcr15991,1
vdjdb_full_13377_ss_3_n0_iptm_filtered,LPRWYFYYL_HLA-B*07:02,tcr9697,0
vdjdb_full_13378,LPRWYFYYL_HLA-B*07:02,tcr7838,1
vdjdb_full_13378_ss_3_n0_iptm_filtered,LPRWYFYYL_HLA-B*07:02,tcr2514,0
vdjdb_full_13379,LPRWYFYYL_HLA-B*07:02,tcr7059,1
vdjdb_full_13379_ss_3_n0_iptm_filtered,LPRWYFYYL_HLA-B*07:02,tcr17536,0
vdjdb_full_13380,LPRWYFYYL_HLA-B*07:02,tcr5081,1
vdjdb_full_13380_ss_3_n0_iptm_filtered,LPRWYFYYL_HLA-B*07:02,tcr11743,0
vdjdb_full_13383,LPRWYFYYL_HLA-B*07:02,tcr7194,1
vdjdb_full_13383_ss_3_n0_iptm_filtered,LPRWYFYYL_HLA-B*07:02,tcr283,0
vdjdb_full_13513,LLFGYPVYV_HLA-A*02:01,tcr951,1
vdjdb_full_13513_ss_3_n0_iptm_filtered,LLFGYPVYV_HLA-A*02:01,tcr13359,0
vdjdb_full_13515,LLFGYPVYV_HLA-A*02:01,tcr17492,1
vdjdb_full_13515_ss_3_n0_iptm_filtered,LLFGYPVYV_HLA-A*02:01,tcr5811,0
vdjdb_full_13520,LLFGYPVYV_HLA-A*02:01,tcr13244,1
vdjdb_full_13520_ss_3_n0_iptm_filtered,LLFGYPVYV_HLA-A*02:01,tcr4212,0
vdjdb_full_13522,LLFGYPVYV_HLA-A*02:01,tcr16813,1
vdjdb_full_13522_ss_3_n0_iptm_filtered,LLFGYPVYV_HLA-A*02:01,tcr3172,0
vdjdb_full_13523,LLFGYPVYV_HLA-A*02:01,tcr16845,1
vdjdb_full_13523_ss_3_n0_iptm_filtered,LLFGYPVYV_HLA-A*02:01,tcr15575,0
vdjdb_full_13525,LLFGYPVYV_HLA-A*02:01,tcr232,1
vdjdb_full_13525_ss_3_n0_iptm_filtered,LLFGYPVYV_HLA-A*02:01,tcr7771,0
vdjdb_full_13526,LLFGYPVYV_HLA-A*02:01,tcr1751,1
vdjdb_full_13526_ss_3_n0_iptm_filtered,LLFGYPVYV_HLA-A*02:01,tcr16712,0
vdjdb_full_13527,LLFGYPVYV_HLA-A*02:01,tcr14311,1
vdjdb_full_13527_ss_3_n0_iptm_filtered,LLFGYPVYV_HLA-A*02:01,tcr7360,0
vdjdb_full_13528,LLFGYPVYV_HLA-A*02:01,tcr12497,1
vdjdb_full_13528_ss_3_n0_iptm_filtered,LLFGYPVYV_HLA-A*02:01,tcr588,0
vdjdb_full_13530,LLFGYPVYV_HLA-A*02:01,tcr17902,1
vdjdb_full_13530_ss_3_n0_iptm_filtered,LLFGYPVYV_HLA-A*02:01,tcr10905,0
vdjdb_full_13531,LLFGYPVYV_HLA-A*02:01,tcr9560,1
vdjdb_full_13531_ss_3_n0_iptm_filtered,LLFGYPVYV_HLA-A*02:01,tcr11014,0
vdjdb_full_13532,LLFGYPVYV_HLA-A*02:01,tcr8893,1
vdjdb_full_13532_ss_3_n0_iptm_filtered,LLFGYPVYV_HLA-A*02:01,tcr8076,0
vdjdb_full_13534,LLFGYPVYV_HLA-A*02:01,tcr7254,1
vdjdb_full_13534_ss_3_n0_iptm_filtered,LLFGYPVYV_HLA-A*02:01,tcr3364,0
vdjdb_full_13535,LLFGYPVYV_HLA-A*02:01,tcr5656,1
vdjdb_full_13535_ss_3_n0_iptm_filtered,LLFGYPVYV_HLA-A*02:01,tcr6402,0
vdjdb_full_13536,LLFGYPVYV_HLA-A*02:01,tcr5820,1
vdjdb_full_13536_ss_3_n0_iptm_filtered,LLFGYPVYV_HLA-A*02:01,tcr15815,0
vdjdb_full_13537,LLFGYPVYV_HLA-A*02:01,tcr9998,1
vdjdb_full_13537_ss_3_n0_iptm_filtered,LLFGYPVYV_HLA-A*02:01,tcr14415,0
vdjdb_full_13542,LLFGYPVYV_HLA-A*02:01,tcr14379,1
vdjdb_full_13542_ss_3_n0_iptm_filtered,LLFGYPVYV_HLA-A*02:01,tcr4940,0
vdjdb_full_13543,LLFGYPVYV_HLA-A*02:01,tcr5052,1
vdjdb_full_13543_ss_3_n0_iptm_filtered,LLFGYPVYV_HLA-A*02:01,tcr8457,0
vdjdb_full_13544,LLFGYPVYV_HLA-A*02:01,tcr6593,1
vdjdb_full_13544_ss_3_n0_iptm_filtered,LLFGYPVYV_HLA-A*02:01,tcr3459,0
vdjdb_full_13546,LLFGYPVYV_HLA-A*02:01,tcr728,1
vdjdb_full_13546_ss_3_n0_iptm_filtered,LLFGYPVYV_HLA-A*02:01,tcr10046,0
vdjdb_full_13547,LLFGYPVYV_HLA-A*02:01,tcr15904,1
vdjdb_full_13547_ss_3_n0_iptm_filtered,LLFGYPVYV_HLA-A*02:01,tcr9546,0
vdjdb_full_13548,LLFGYPVYV_HLA-A*02:01,tcr18174,1
vdjdb_full_13548_ss_3_n0_iptm_filtered,LLFGYPVYV_HLA-A*02:01,tcr16495,0
vdjdb_full_13549,LLFGYPVYV_HLA-A*02:01,tcr1927,1
vdjdb_full_13549_ss_3_n0_iptm_filtered,LLFGYPVYV_HLA-A*02:01,tcr7365,0
vdjdb_full_13551,LLFGYPVYV_HLA-A*02:01,tcr11268,1
vdjdb_full_13551_ss_3_n0_iptm_filtered,LLFGYPVYV_HLA-A*02:01,tcr5036,0
vdjdb_full_13553,LLFGYPVYV_HLA-A*02:01,tcr2349,1
vdjdb_full_13553_ss_3_n0_iptm_filtered,LLFGYPVYV_HLA-A*02:01,tcr985,0
vdjdb_full_13555,LLFGYPVYV_HLA-A*02:01,tcr15472,1
vdjdb_full_13555_ss_3_n0_iptm_filtered,LLFGYPVYV_HLA-A*02:01,tcr13176,0
vdjdb_full_13562,KTFPPTEPK_HLA-A*03:01,tcr12037,1
vdjdb_full_13562_ss_3_n0_iptm_filtered,KTFPPTEPK_HLA-A*03:01,tcr6739,0
vdjdb_full_13565,KTFPPTEPK_HLA-A*03:01,tcr1292,1
vdjdb_full_13565_ss_3_n0_iptm_filtered,KTFPPTEPK_HLA-A*03:01,tcr12954,0
vdjdb_full_13566,KTFPPTEPK_HLA-A*03:01,tcr3756,1
vdjdb_full_13566_ss_3_n0_iptm_filtered,KTFPPTEPK_HLA-A*03:01,tcr10331,0
vdjdb_full_13567,KTFPPTEPK_HLA-A*03:01,tcr15656,1
vdjdb_full_13567_ss_3_n0_iptm_filtered,KTFPPTEPK_HLA-A*03:01,tcr2606,0
vdjdb_full_13577,KTFPPTEPK_HLA-A*03:01,tcr3868,1
vdjdb_full_13577_ss_3_n0_iptm_filtered,KTFPPTEPK_HLA-A*03:01,tcr11347,0
vdjdb_full_13584,KTFPPTEPK_HLA-A*03:01,tcr5076,1
vdjdb_full_13584_ss_3_n0_iptm_filtered,KTFPPTEPK_HLA-A*03:01,tcr526,0
vdjdb_full_13586,KTFPPTEPK_HLA-A*03:01,tcr12224,1
vdjdb_full_13586_ss_3_n0_iptm_filtered,KTFPPTEPK_HLA-A*03:01,tcr1958,0
vdjdb_full_13592,KTFPPTEPK_HLA-A*03:01,tcr18258,1
vdjdb_full_13592_ss_3_n0_iptm_filtered,KTFPPTEPK_HLA-A*03:01,tcr10367,0
vdjdb_full_13594,KTFPPTEPK_HLA-A*03:01,tcr12191,1
vdjdb_full_13594_ss_3_n0_iptm_filtered,KTFPPTEPK_HLA-A*03:01,tcr10256,0
vdjdb_full_13595,KTFPPTEPK_HLA-A*03:01,tcr11632,1
vdjdb_full_13595_ss_3_n0_iptm_filtered,KTFPPTEPK_HLA-A*03:01,tcr4062,0
vdjdb_full_1360,KLGGALQAK_HLA-A*03:01,tcr7347,1
vdjdb_full_1360_ss_3_n0_iptm_filtered,KLGGALQAK_HLA-A*03:01,tcr15800,0
vdjdb_full_13601,KTFPPTEPK_HLA-A*03:01,tcr11628,1
vdjdb_full_13601_ss_3_n0_iptm_filtered,KTFPPTEPK_HLA-A*03:01,tcr11104,0
vdjdb_full_13609,KTFPPTEPK_HLA-A*03:01,tcr10551,1
vdjdb_full_13609_ss_3_n0_iptm_filtered,KTFPPTEPK_HLA-A*03:01,tcr224,0
vdjdb_full_13610,KTFPPTEPK_HLA-A*03:01,tcr14882,1
vdjdb_full_13610_ss_3_n0_iptm_filtered,KTFPPTEPK_HLA-A*03:01,tcr1185,0
vdjdb_full_13619,KTFPPTEPK_HLA-A*03:01,tcr6402,1
vdjdb_full_13619_ss_3_n0_iptm_filtered,KTFPPTEPK_HLA-A*03:01,tcr4133,0
vdjdb_full_13638,KTFPPTEPK_HLA-A*03:01,tcr6014,1
vdjdb_full_13638_ss_3_n0_iptm_filtered,KTFPPTEPK_HLA-A*03:01,tcr728,0
vdjdb_full_13642,KTFPPTEPK_HLA-A*03:01,tcr847,1
vdjdb_full_13642_ss_3_n0_iptm_filtered,KTFPPTEPK_HLA-A*03:01,tcr247,0
vdjdb_full_13649,KTFPPTEPK_HLA-A*03:01,tcr7832,1
vdjdb_full_13649_ss_3_n0_iptm_filtered,KTFPPTEPK_HLA-A*03:01,tcr10795,0
vdjdb_full_13650,KTFPPTEPK_HLA-A*03:01,tcr8288,1
vdjdb_full_13650_ss_3_n0_iptm_filtered,KTFPPTEPK_HLA-A*03:01,tcr3475,0
vdjdb_full_13652,KTFPPTEPK_HLA-A*03:01,tcr11811,1
vdjdb_full_13652_ss_3_n0_iptm_filtered,KTFPPTEPK_HLA-A*03:01,tcr5307,0
vdjdb_full_13654,KTFPPTEPK_HLA-A*03:01,tcr11204,1
vdjdb_full_13654_ss_3_n0_iptm_filtered,KTFPPTEPK_HLA-A*03:01,tcr4653,0
vdjdb_full_13656,KTFPPTEPK_HLA-A*03:01,tcr5147,1
vdjdb_full_13656_ss_3_n0_iptm_filtered,KTFPPTEPK_HLA-A*03:01,tcr14142,0
vdjdb_full_13666,KTFPPTEPK_HLA-A*03:01,tcr16637,1
vdjdb_full_13666_ss_3_n0_iptm_filtered,KTFPPTEPK_HLA-A*03:01,tcr15130,0
vdjdb_full_13667,KTFPPTEPK_HLA-A*03:01,tcr2723,1
vdjdb_full_13667_ss_3_n0_iptm_filtered,KTFPPTEPK_HLA-A*03:01,tcr7752,0
vdjdb_full_13668,KTFPPTEPK_HLA-A*03:01,tcr14023,1
vdjdb_full_13668_ss_3_n0_iptm_filtered,KTFPPTEPK_HLA-A*03:01,tcr11700,0
vdjdb_full_13674,QYDPVAALF_HLA-A*24:02,tcr2203,1
vdjdb_full_13674_ss_3_n0_iptm_filtered,QYDPVAALF_HLA-A*24:02,tcr5980,0
vdjdb_full_13680,QYDPVAALF_HLA-A*24:02,tcr1861,1
vdjdb_full_13680_ss_3_n0_iptm_filtered,QYDPVAALF_HLA-A*24:02,tcr15315,0
vdjdb_full_13682,QYDPVAALF_HLA-A*24:02,tcr12941,1
vdjdb_full_13682_ss_3_n0_iptm_filtered,QYDPVAALF_HLA-A*24:02,tcr14224,0
vdjdb_full_13691,TPRVTGGGAM_HLA-B*07:02,tcr8903,1
vdjdb_full_13691_ss_3_n0_iptm_filtered,TPRVTGGGAM_HLA-B*07:02,tcr6742,0
vdjdb_full_13694,TPRVTGGGAM_HLA-B*07:02,tcr5331,1
vdjdb_full_13694_ss_3_n0_iptm_filtered,TPRVTGGGAM_HLA-B*07:02,tcr5389,0
vdjdb_full_13696,TPRVTGGGAM_HLA-B*07:02,tcr16350,1
vdjdb_full_13696_ss_3_n0_iptm_filtered,TPRVTGGGAM_HLA-B*07:02,tcr17773,0
vdjdb_full_13702,TPRVTGGGAM_HLA-B*07:02,tcr4113,1
vdjdb_full_13702_ss_3_n0_iptm_filtered,TPRVTGGGAM_HLA-B*07:02,tcr11156,0
vdjdb_full_13704,TPRVTGGGAM_HLA-B*07:02,tcr622,1
vdjdb_full_13704_ss_3_n0_iptm_filtered,TPRVTGGGAM_HLA-B*07:02,tcr7297,0
vdjdb_full_13707,TPRVTGGGAM_HLA-B*07:02,tcr15798,1
vdjdb_full_13707_ss_3_n0_iptm_filtered,TPRVTGGGAM_HLA-B*07:02,tcr4274,0
vdjdb_full_13714,TPRVTGGGAM_HLA-B*07:02,tcr2808,1
vdjdb_full_13714_ss_3_n0_iptm_filtered,TPRVTGGGAM_HLA-B*07:02,tcr11918,0
vdjdb_full_13718,TPRVTGGGAM_HLA-B*07:02,tcr17276,1
vdjdb_full_13718_ss_3_n0_iptm_filtered,TPRVTGGGAM_HLA-B*07:02,tcr6977,0
vdjdb_full_13719,TPRVTGGGAM_HLA-B*07:02,tcr12451,1
vdjdb_full_13719_ss_3_n0_iptm_filtered,TPRVTGGGAM_HLA-B*07:02,tcr17055,0
vdjdb_full_13720,TPRVTGGGAM_HLA-B*07:02,tcr2876,1
vdjdb_full_13720_ss_3_n0_iptm_filtered,TPRVTGGGAM_HLA-B*07:02,tcr5668,0
vdjdb_full_13724,TPRVTGGGAM_HLA-B*07:02,tcr11262,1
vdjdb_full_13724_ss_3_n0_iptm_filtered,TPRVTGGGAM_HLA-B*07:02,tcr3201,0
vdjdb_full_13731,TPRVTGGGAM_HLA-B*07:02,tcr784,1
vdjdb_full_13731_ss_3_n0_iptm_filtered,TPRVTGGGAM_HLA-B*07:02,tcr16712,0
vdjdb_full_13733,TPRVTGGGAM_HLA-B*07:02,tcr4427,1
vdjdb_full_13733_ss_3_n0_iptm_filtered,TPRVTGGGAM_HLA-B*07:02,tcr7435,0
vdjdb_full_13737,TPRVTGGGAM_HLA-B*07:02,tcr6262,1
vdjdb_full_13737_ss_3_n0_iptm_filtered,TPRVTGGGAM_HLA-B*07:02,tcr10682,0
vdjdb_full_13739,TPRVTGGGAM_HLA-B*07:02,tcr8713,1
vdjdb_full_13739_ss_3_n0_iptm_filtered,TPRVTGGGAM_HLA-B*07:02,tcr4461,0
vdjdb_full_13749,TPRVTGGGAM_HLA-B*07:02,tcr8659,1
vdjdb_full_13749_ss_3_n0_iptm_filtered,TPRVTGGGAM_HLA-B*07:02,tcr10744,0
vdjdb_full_13754,TPRVTGGGAM_HLA-B*07:02,tcr16823,1
vdjdb_full_13754_ss_3_n0_iptm_filtered,TPRVTGGGAM_HLA-B*07:02,tcr10232,0
vdjdb_full_13761,TPRVTGGGAM_HLA-B*07:02,tcr6374,1
vdjdb_full_13761_ss_3_n0_iptm_filtered,TPRVTGGGAM_HLA-B*07:02,tcr4164,0
vdjdb_full_13773,TPRVTGGGAM_HLA-B*07:02,tcr18197,1
vdjdb_full_13773_ss_3_n0_iptm_filtered,TPRVTGGGAM_HLA-B*07:02,tcr15468,0
vdjdb_full_13774,TPRVTGGGAM_HLA-B*07:02,tcr3791,1
vdjdb_full_13774_ss_3_n0_iptm_filtered,TPRVTGGGAM_HLA-B*07:02,tcr912,0
vdjdb_full_13779,TPRVTGGGAM_HLA-B*07:02,tcr10777,1
vdjdb_full_13779_ss_3_n0_iptm_filtered,TPRVTGGGAM_HLA-B*07:02,tcr16844,0
vdjdb_full_13780,TPRVTGGGAM_HLA-B*07:02,tcr7767,1
vdjdb_full_13780_ss_3_n0_iptm_filtered,TPRVTGGGAM_HLA-B*07:02,tcr9338,0
vdjdb_full_13791,TPRVTGGGAM_HLA-B*07:02,tcr6214,1
vdjdb_full_13791_ss_3_n0_iptm_filtered,TPRVTGGGAM_HLA-B*07:02,tcr14725,0
vdjdb_full_13793,TPRVTGGGAM_HLA-B*07:02,tcr1293,1
vdjdb_full_13793_ss_3_n0_iptm_filtered,TPRVTGGGAM_HLA-B*07:02,tcr3156,0
vdjdb_full_13794,TPRVTGGGAM_HLA-B*07:02,tcr3147,1
vdjdb_full_13794_ss_3_n0_iptm_filtered,TPRVTGGGAM_HLA-B*07:02,tcr13180,0
vdjdb_full_13797,TPRVTGGGAM_HLA-B*07:02,tcr8262,1
vdjdb_full_13797_ss_3_n0_iptm_filtered,TPRVTGGGAM_HLA-B*07:02,tcr6859,0
vdjdb_full_13804,TPRVTGGGAM_HLA-B*07:02,tcr17725,1
vdjdb_full_13804_ss_3_n0_iptm_filtered,TPRVTGGGAM_HLA-B*07:02,tcr16182,0
vdjdb_full_13810,TPRVTGGGAM_HLA-B*07:02,tcr4212,1
vdjdb_full_13810_ss_3_n0_iptm_filtered,TPRVTGGGAM_HLA-B*07:02,tcr17235,0
vdjdb_full_13812,TPRVTGGGAM_HLA-B*07:02,tcr8528,1
vdjdb_full_13812_ss_3_n0_iptm_filtered,TPRVTGGGAM_HLA-B*07:02,tcr8890,0
vdjdb_full_13814,TPRVTGGGAM_HLA-B*07:02,tcr6688,1
vdjdb_full_13814_ss_3_n0_iptm_filtered,TPRVTGGGAM_HLA-B*07:02,tcr3860,0
vdjdb_full_13815,TPRVTGGGAM_HLA-B*07:02,tcr6433,1
vdjdb_full_13815_ss_3_n0_iptm_filtered,TPRVTGGGAM_HLA-B*07:02,tcr5439,0
vdjdb_full_13816,TPRVTGGGAM_HLA-B*07:02,tcr16005,1
vdjdb_full_13816_ss_3_n0_iptm_filtered,TPRVTGGGAM_HLA-B*07:02,tcr14044,0
vdjdb_full_13817,TPRVTGGGAM_HLA-B*07:02,tcr3929,1
vdjdb_full_13817_ss_3_n0_iptm_filtered,TPRVTGGGAM_HLA-B*07:02,tcr14142,0
vdjdb_full_13819,TPRVTGGGAM_HLA-B*07:02,tcr8629,1
vdjdb_full_13819_ss_3_n0_iptm_filtered,TPRVTGGGAM_HLA-B*07:02,tcr17893,0
vdjdb_full_13820,TPRVTGGGAM_HLA-B*07:02,tcr13358,1
vdjdb_full_13820_ss_3_n0_iptm_filtered,TPRVTGGGAM_HLA-B*07:02,tcr18361,0
vdjdb_full_13822,TPRVTGGGAM_HLA-B*07:02,tcr17372,1
vdjdb_full_13822_ss_3_n0_iptm_filtered,TPRVTGGGAM_HLA-B*07:02,tcr8603,0
vdjdb_full_13823,TPRVTGGGAM_HLA-B*07:02,tcr10031,1
vdjdb_full_13823_ss_3_n0_iptm_filtered,TPRVTGGGAM_HLA-B*07:02,tcr18218,0
vdjdb_full_13825,TPRVTGGGAM_HLA-B*07:02,tcr17302,1
vdjdb_full_13825_ss_3_n0_iptm_filtered,TPRVTGGGAM_HLA-B*07:02,tcr5389,0
vdjdb_full_13832,TPRVTGGGAM_HLA-B*07:02,tcr14005,1
vdjdb_full_13832_ss_3_n0_iptm_filtered,TPRVTGGGAM_HLA-B*07:02,tcr2002,0
vdjdb_full_13836,TPRVTGGGAM_HLA-B*07:02,tcr10452,1
vdjdb_full_13836_ss_3_n0_iptm_filtered,TPRVTGGGAM_HLA-B*07:02,tcr4653,0
vdjdb_full_13840,TPRVTGGGAM_HLA-B*07:02,tcr14265,1
vdjdb_full_13840_ss_3_n0_iptm_filtered,TPRVTGGGAM_HLA-B*07:02,tcr5985,0
vdjdb_full_13841,TPRVTGGGAM_HLA-B*07:02,tcr9004,1
vdjdb_full_13841_ss_3_n0_iptm_filtered,TPRVTGGGAM_HLA-B*07:02,tcr16541,0
vdjdb_full_13847,TPRVTGGGAM_HLA-B*07:02,tcr10066,1
vdjdb_full_13847_ss_3_n0_iptm_filtered,TPRVTGGGAM_HLA-B*07:02,tcr13609,0
vdjdb_full_13857,TPRVTGGGAM_HLA-B*07:02,tcr1520,1
vdjdb_full_13857_ss_3_n0_iptm_filtered,TPRVTGGGAM_HLA-B*07:02,tcr16949,0
vdjdb_full_13871,TPRVTGGGAM_HLA-B*07:02,tcr15360,1
vdjdb_full_13871_ss_3_n0_iptm_filtered,TPRVTGGGAM_HLA-B*07:02,tcr4899,0
vdjdb_full_13874,TPRVTGGGAM_HLA-B*07:02,tcr7445,1
vdjdb_full_13874_ss_3_n0_iptm_filtered,TPRVTGGGAM_HLA-B*07:02,tcr15749,0
vdjdb_full_13886,AYAQKIFKI_HLA-A*24:02,tcr16690,1
vdjdb_full_13886_ss_3_n0_iptm_filtered,AYAQKIFKI_HLA-A*24:02,tcr6593,0
vdjdb_full_13899,AYAQKIFKI_HLA-A*24:02,tcr8341,1
vdjdb_full_13899_ss_3_n0_iptm_filtered,AYAQKIFKI_HLA-A*24:02,tcr7194,0
vdjdb_full_13901,AYAQKIFKI_HLA-A*24:02,tcr18113,1
vdjdb_full_13901_ss_3_n0_iptm_filtered,AYAQKIFKI_HLA-A*24:02,tcr4774,0
vdjdb_full_13904,AYAQKIFKI_HLA-A*24:02,tcr12639,1
vdjdb_full_13904_ss_3_n0_iptm_filtered,AYAQKIFKI_HLA-A*24:02,tcr13095,0
vdjdb_full_13910,AYAQKIFKI_HLA-A*24:02,tcr2762,1
vdjdb_full_13910_ss_3_n0_iptm_filtered,AYAQKIFKI_HLA-A*24:02,tcr17125,0
vdjdb_full_13914,AYAQKIFKI_HLA-A*24:02,tcr7532,1
vdjdb_full_13914_ss_3_n0_iptm_filtered,AYAQKIFKI_HLA-A*24:02,tcr4590,0
vdjdb_full_1392,KLGGALQAK_HLA-A*03:01,tcr5053,1
vdjdb_full_1392_ss_3_n0_iptm_filtered,KLGGALQAK_HLA-A*03:01,tcr13609,0
vdjdb_full_1394,KLGGALQAK_HLA-A*03:01,tcr13831,1
vdjdb_full_1394_ss_3_n0_iptm_filtered,KLGGALQAK_HLA-A*03:01,tcr11842,0
vdjdb_full_13948,RVRAYTYSK_HLA-A*03:01,tcr10878,1
vdjdb_full_13948_ss_3_n0_iptm_filtered,RVRAYTYSK_HLA-A*03:01,tcr1081,0
vdjdb_full_13967,RVRAYTYSK_HLA-A*03:01,tcr11634,1
vdjdb_full_13967_ss_3_n0_iptm_filtered,RVRAYTYSK_HLA-A*03:01,tcr3043,0
vdjdb_full_13990,RVRAYTYSK_HLA-A*03:01,tcr2177,1
vdjdb_full_13990_ss_3_n0_iptm_filtered,RVRAYTYSK_HLA-A*03:01,tcr8602,0
vdjdb_full_14031,RVRAYTYSK_HLA-A*03:01,tcr5612,1
vdjdb_full_14031_ss_3_n0_iptm_filtered,RVRAYTYSK_HLA-A*03:01,tcr8571,0
vdjdb_full_14053,RVRAYTYSK_HLA-A*03:01,tcr5980,1
vdjdb_full_14053_ss_3_n0_iptm_filtered,RVRAYTYSK_HLA-A*03:01,tcr13898,0
vdjdb_full_14083,RVRAYTYSK_HLA-A*03:01,tcr8153,1
vdjdb_full_14083_ss_3_n0_iptm_filtered,RVRAYTYSK_HLA-A*03:01,tcr16844,0
vdjdb_full_14088,RVRAYTYSK_HLA-A*03:01,tcr16025,1
vdjdb_full_14088_ss_3_n0_iptm_filtered,RVRAYTYSK_HLA-A*03:01,tcr12502,0
vdjdb_full_141,KLGGALQAK_HLA-A*03:01,tcr16009,1
vdjdb_full_141_ss_3_n0_iptm_filtered,KLGGALQAK_HLA-A*03:01,tcr8107,0
vdjdb_full_14102,RVRAYTYSK_HLA-A*03:01,tcr4103,1
vdjdb_full_14102_ss_3_n0_iptm_filtered,RVRAYTYSK_HLA-A*03:01,tcr12842,0
vdjdb_full_14138,RVRAYTYSK_HLA-A*03:01,tcr16155,1
vdjdb_full_14138_ss_3_n0_iptm_filtered,RVRAYTYSK_HLA-A*03:01,tcr15539,0
vdjdb_full_14146,RVRAYTYSK_HLA-A*03:01,tcr14179,1
vdjdb_full_14146_ss_3_n0_iptm_filtered,RVRAYTYSK_HLA-A*03:01,tcr3236,0
vdjdb_full_14159,RVRAYTYSK_HLA-A*03:01,tcr6415,1
vdjdb_full_14159_ss_3_n0_iptm_filtered,RVRAYTYSK_HLA-A*03:01,tcr14232,0
vdjdb_full_14202,RVRAYTYSK_HLA-A*03:01,tcr9385,1
vdjdb_full_14202_ss_3_n0_iptm_filtered,RVRAYTYSK_HLA-A*03:01,tcr13543,0
vdjdb_full_14276,RVRAYTYSK_HLA-A*03:01,tcr3367,1
vdjdb_full_14276_ss_3_n0_iptm_filtered,RVRAYTYSK_HLA-A*03:01,tcr8108,0
vdjdb_full_14296,RVRAYTYSK_HLA-A*03:01,tcr6149,1
vdjdb_full_14296_ss_3_n0_iptm_filtered,RVRAYTYSK_HLA-A*03:01,tcr10682,0
vdjdb_full_14297,RVRAYTYSK_HLA-A*03:01,tcr17125,1
vdjdb_full_14297_ss_3_n0_iptm_filtered,RVRAYTYSK_HLA-A*03:01,tcr3620,0
vdjdb_full_14371,RVRAYTYSK_HLA-A*03:01,tcr4796,1
vdjdb_full_14371_ss_3_n0_iptm_filtered,RVRAYTYSK_HLA-A*03:01,tcr13343,0
vdjdb_full_14372,RVRAYTYSK_HLA-A*03:01,tcr8014,1
vdjdb_full_14372_ss_3_n0_iptm_filtered,RVRAYTYSK_HLA-A*03:01,tcr8264,0
vdjdb_full_1439,KLGGALQAK_HLA-A*03:01,tcr4992,1
vdjdb_full_1439_ss_3_n0_iptm_filtered,KLGGALQAK_HLA-A*03:01,tcr9933,0
vdjdb_full_14392,RVRAYTYSK_HLA-A*03:01,tcr11617,1
vdjdb_full_14392_ss_3_n0_iptm_filtered,RVRAYTYSK_HLA-A*03:01,tcr5021,0
vdjdb_full_14409,RVRAYTYSK_HLA-A*03:01,tcr12995,1
vdjdb_full_14409_ss_3_n0_iptm_filtered,RVRAYTYSK_HLA-A*03:01,tcr5413,0
vdjdb_full_14475,RVRAYTYSK_HLA-A*03:01,tcr13912,1
vdjdb_full_14475_ss_3_n0_iptm_filtered,RVRAYTYSK_HLA-A*03:01,tcr11640,0
vdjdb_full_14511,RVRAYTYSK_HLA-A*03:01,tcr13980,1
vdjdb_full_14511_ss_3_n0_iptm_filtered,RVRAYTYSK_HLA-A*03:01,tcr11094,0
vdjdb_full_14524,RVRAYTYSK_HLA-A*03:01,tcr18411,1
vdjdb_full_14524_ss_3_n0_iptm_filtered,RVRAYTYSK_HLA-A*03:01,tcr5048,0
vdjdb_full_14548,RVRAYTYSK_HLA-A*03:01,tcr12832,1
vdjdb_full_14548_ss_3_n0_iptm_filtered,RVRAYTYSK_HLA-A*03:01,tcr121,0
vdjdb_full_14549,RVRAYTYSK_HLA-A*03:01,tcr5751,1
vdjdb_full_14549_ss_3_n0_iptm_filtered,RVRAYTYSK_HLA-A*03:01,tcr7336,0
vdjdb_full_14562,RVRAYTYSK_HLA-A*03:01,tcr9332,1
vdjdb_full_14562_ss_3_n0_iptm_filtered,RVRAYTYSK_HLA-A*03:01,tcr11312,0
vdjdb_full_14572,RVRAYTYSK_HLA-A*03:01,tcr8219,1
vdjdb_full_14572_ss_3_n0_iptm_filtered,RVRAYTYSK_HLA-A*03:01,tcr11401,0
vdjdb_full_14576,RVRAYTYSK_HLA-A*03:01,tcr11711,1
vdjdb_full_14576_ss_3_n0_iptm_filtered,RVRAYTYSK_HLA-A*03:01,tcr10872,0
vdjdb_full_14593,RVRAYTYSK_HLA-A*03:01,tcr10590,1
vdjdb_full_14593_ss_3_n0_iptm_filtered,RVRAYTYSK_HLA-A*03:01,tcr5112,0
vdjdb_full_14602,RVRAYTYSK_HLA-A*03:01,tcr8076,1
vdjdb_full_14602_ss_3_n0_iptm_filtered,RVRAYTYSK_HLA-A*03:01,tcr17033,0
vdjdb_full_14615,CTELKLSDY_HLA-A*01:01,tcr15232,1
vdjdb_full_14615_ss_3_n0_iptm_filtered,CTELKLSDY_HLA-A*01:01,tcr2723,0
vdjdb_full_14616,CTELKLSDY_HLA-A*01:01,tcr8373,1
vdjdb_full_14616_ss_3_n0_iptm_filtered,CTELKLSDY_HLA-A*01:01,tcr14352,0
vdjdb_full_14620,CTELKLSDY_HLA-A*01:01,tcr11011,1
vdjdb_full_14620_ss_3_n0_iptm_filtered,CTELKLSDY_HLA-A*01:01,tcr18270,0
vdjdb_full_14621,CTELKLSDY_HLA-A*01:01,tcr5565,1
vdjdb_full_14621_ss_3_n0_iptm_filtered,CTELKLSDY_HLA-A*01:01,tcr15489,0
vdjdb_full_14622,CTELKLSDY_HLA-A*01:01,tcr15170,1
vdjdb_full_14622_ss_3_n0_iptm_filtered,CTELKLSDY_HLA-A*01:01,tcr3465,0
vdjdb_full_14624,CTELKLSDY_HLA-A*01:01,tcr11625,1
vdjdb_full_14624_ss_3_n0_iptm_filtered,CTELKLSDY_HLA-A*01:01,tcr5972,0
vdjdb_full_14630,CTELKLSDY_HLA-A*01:01,tcr680,1
vdjdb_full_14630_ss_3_n0_iptm_filtered,CTELKLSDY_HLA-A*01:01,tcr14398,0
vdjdb_full_14631,CTELKLSDY_HLA-A*01:01,tcr11546,1
vdjdb_full_14631_ss_3_n0_iptm_filtered,CTELKLSDY_HLA-A*01:01,tcr12882,0
vdjdb_full_14633,CTELKLSDY_HLA-A*01:01,tcr224,1
vdjdb_full_14633_ss_3_n0_iptm_filtered,CTELKLSDY_HLA-A*01:01,tcr13657,0
vdjdb_full_14635,CTELKLSDY_HLA-A*01:01,tcr12012,1
vdjdb_full_14635_ss_3_n0_iptm_filtered,CTELKLSDY_HLA-A*01:01,tcr6098,0
vdjdb_full_14637,CTELKLSDY_HLA-A*01:01,tcr13543,1
vdjdb_full_14637_ss_3_n0_iptm_filtered,CTELKLSDY_HLA-A*01:01,tcr9620,0
vdjdb_full_14638,CTELKLSDY_HLA-A*01:01,tcr6692,1
vdjdb_full_14638_ss_3_n0_iptm_filtered,CTELKLSDY_HLA-A*01:01,tcr17436,0
vdjdb_full_14640,CTELKLSDY_HLA-A*01:01,tcr12570,1
vdjdb_full_14640_ss_3_n0_iptm_filtered,CTELKLSDY_HLA-A*01:01,tcr4566,0
vdjdb_full_14641,CTELKLSDY_HLA-A*01:01,tcr16498,1
vdjdb_full_14641_ss_3_n0_iptm_filtered,CTELKLSDY_HLA-A*01:01,tcr5668,0
vdjdb_full_14642,CTELKLSDY_HLA-A*01:01,tcr2380,1
vdjdb_full_14642_ss_3_n0_iptm_filtered,CTELKLSDY_HLA-A*01:01,tcr3975,0
vdjdb_full_14643,CTELKLSDY_HLA-A*01:01,tcr15499,1
vdjdb_full_14643_ss_3_n0_iptm_filtered,CTELKLSDY_HLA-A*01:01,tcr7136,0
vdjdb_full_14644,CTELKLSDY_HLA-A*01:01,tcr15504,1
vdjdb_full_14644_ss_3_n0_iptm_filtered,CTELKLSDY_HLA-A*01:01,tcr13905,0
vdjdb_full_14645,CTELKLSDY_HLA-A*01:01,tcr7438,1
vdjdb_full_14645_ss_3_n0_iptm_filtered,CTELKLSDY_HLA-A*01:01,tcr15380,0
vdjdb_full_14646,CTELKLSDY_HLA-A*01:01,tcr16984,1
vdjdb_full_14646_ss_3_n0_iptm_filtered,CTELKLSDY_HLA-A*01:01,tcr16507,0
vdjdb_full_14647,CTELKLSDY_HLA-A*01:01,tcr3368,1
vdjdb_full_14647_ss_3_n0_iptm_filtered,CTELKLSDY_HLA-A*01:01,tcr11014,0
vdjdb_full_14648,CTELKLSDY_HLA-A*01:01,tcr2857,1
vdjdb_full_14648_ss_3_n0_iptm_filtered,CTELKLSDY_HLA-A*01:01,tcr9473,0
vdjdb_full_14652,CTELKLSDY_HLA-A*01:01,tcr16411,1
vdjdb_full_14652_ss_3_n0_iptm_filtered,CTELKLSDY_HLA-A*01:01,tcr13623,0
vdjdb_full_14654,CTELKLSDY_HLA-A*01:01,tcr2159,1
vdjdb_full_14654_ss_3_n0_iptm_filtered,CTELKLSDY_HLA-A*01:01,tcr2895,0
vdjdb_full_14655,CTELKLSDY_HLA-A*01:01,tcr2984,1
vdjdb_full_14655_ss_3_n0_iptm_filtered,CTELKLSDY_HLA-A*01:01,tcr3804,0
vdjdb_full_14656,CTELKLSDY_HLA-A*01:01,tcr11702,1
vdjdb_full_14656_ss_3_n0_iptm_filtered,CTELKLSDY_HLA-A*01:01,tcr949,0
vdjdb_full_14657,CTELKLSDY_HLA-A*01:01,tcr17691,1
vdjdb_full_14657_ss_3_n0_iptm_filtered,CTELKLSDY_HLA-A*01:01,tcr10721,0
vdjdb_full_14658,CTELKLSDY_HLA-A*01:01,tcr14032,1
vdjdb_full_14658_ss_3_n0_iptm_filtered,CTELKLSDY_HLA-A*01:01,tcr9001,0
vdjdb_full_14661,CTELKLSDY_HLA-A*01:01,tcr15058,1
vdjdb_full_14661_ss_3_n0_iptm_filtered,CTELKLSDY_HLA-A*01:01,tcr1633,0
vdjdb_full_14664,CTELKLSDY_HLA-A*01:01,tcr18367,1
vdjdb_full_14664_ss_3_n0_iptm_filtered,CTELKLSDY_HLA-A*01:01,tcr7642,0
vdjdb_full_14667,CTELKLSDY_HLA-A*01:01,tcr18323,1
vdjdb_full_14667_ss_3_n0_iptm_filtered,CTELKLSDY_HLA-A*01:01,tcr8264,0
vdjdb_full_14669,CTELKLSDY_HLA-A*01:01,tcr9501,1
vdjdb_full_14669_ss_3_n0_iptm_filtered,CTELKLSDY_HLA-A*01:01,tcr18411,0
vdjdb_full_14671,CTELKLSDY_HLA-A*01:01,tcr2599,1
vdjdb_full_14671_ss_3_n0_iptm_filtered,CTELKLSDY_HLA-A*01:01,tcr3910,0
vdjdb_full_14673,CTELKLSDY_HLA-A*01:01,tcr11148,1
vdjdb_full_14673_ss_3_n0_iptm_filtered,CTELKLSDY_HLA-A*01:01,tcr17507,0
vdjdb_full_14674,CTELKLSDY_HLA-A*01:01,tcr12575,1
vdjdb_full_14674_ss_3_n0_iptm_filtered,CTELKLSDY_HLA-A*01:01,tcr12941,0
vdjdb_full_14675,CTELKLSDY_HLA-A*01:01,tcr18210,1
vdjdb_full_14675_ss_3_n0_iptm_filtered,CTELKLSDY_HLA-A*01:01,tcr3759,0
vdjdb_full_14678,CTELKLSDY_HLA-A*01:01,tcr10139,1
vdjdb_full_14678_ss_3_n0_iptm_filtered,CTELKLSDY_HLA-A*01:01,tcr6091,0
vdjdb_full_14680,CTELKLSDY_HLA-A*01:01,tcr13029,1
vdjdb_full_14680_ss_3_n0_iptm_filtered,CTELKLSDY_HLA-A*01:01,tcr13664,0
vdjdb_full_14681,CTELKLSDY_HLA-A*01:01,tcr8383,1
vdjdb_full_14681_ss_3_n0_iptm_filtered,CTELKLSDY_HLA-A*01:01,tcr5068,0
vdjdb_full_14682,CTELKLSDY_HLA-A*01:01,tcr6715,1
vdjdb_full_14682_ss_3_n0_iptm_filtered,CTELKLSDY_HLA-A*01:01,tcr3597,0
vdjdb_full_14684,CTELKLSDY_HLA-A*01:01,tcr17908,1
vdjdb_full_14684_ss_3_n0_iptm_filtered,CTELKLSDY_HLA-A*01:01,tcr8569,0
vdjdb_full_14686,CTELKLSDY_HLA-A*01:01,tcr7297,1
vdjdb_full_14686_ss_3_n0_iptm_filtered,CTELKLSDY_HLA-A*01:01,tcr14153,0
vdjdb_full_14687,CTELKLSDY_HLA-A*01:01,tcr4924,1
vdjdb_full_14687_ss_3_n0_iptm_filtered,CTELKLSDY_HLA-A*01:01,tcr3139,0
vdjdb_full_14688,CTELKLSDY_HLA-A*01:01,tcr8230,1
vdjdb_full_14688_ss_3_n0_iptm_filtered,CTELKLSDY_HLA-A*01:01,tcr7400,0
vdjdb_full_14689,CTELKLSDY_HLA-A*01:01,tcr10415,1
vdjdb_full_14689_ss_3_n0_iptm_filtered,CTELKLSDY_HLA-A*01:01,tcr7379,0
vdjdb_full_14692,CTELKLSDY_HLA-A*01:01,tcr2313,1
vdjdb_full_14692_ss_3_n0_iptm_filtered,CTELKLSDY_HLA-A*01:01,tcr9202,0
vdjdb_full_14693,CTELKLSDY_HLA-A*01:01,tcr14220,1
vdjdb_full_14693_ss_3_n0_iptm_filtered,CTELKLSDY_HLA-A*01:01,tcr784,0
vdjdb_full_14694,CTELKLSDY_HLA-A*01:01,tcr11941,1
vdjdb_full_14694_ss_3_n0_iptm_filtered,CTELKLSDY_HLA-A*01:01,tcr2550,0
vdjdb_full_14695,CTELKLSDY_HLA-A*01:01,tcr17205,1
vdjdb_full_14695_ss_3_n0_iptm_filtered,CTELKLSDY_HLA-A*01:01,tcr6368,0
vdjdb_full_14696,CTELKLSDY_HLA-A*01:01,tcr2433,1
vdjdb_full_14696_ss_3_n0_iptm_filtered,CTELKLSDY_HLA-A*01:01,tcr15699,0
vdjdb_full_14699,CTELKLSDY_HLA-A*01:01,tcr5570,1
vdjdb_full_14699_ss_3_n0_iptm_filtered,CTELKLSDY_HLA-A*01:01,tcr13206,0
vdjdb_full_14700,CTELKLSDY_HLA-A*01:01,tcr18321,1
vdjdb_full_14700_ss_3_n0_iptm_filtered,CTELKLSDY_HLA-A*01:01,tcr18251,0
vdjdb_full_14701,CTELKLSDY_HLA-A*01:01,tcr11012,1
vdjdb_full_14701_ss_3_n0_iptm_filtered,CTELKLSDY_HLA-A*01:01,tcr8395,0
vdjdb_full_14702,CTELKLSDY_HLA-A*01:01,tcr14987,1
vdjdb_full_14702_ss_3_n0_iptm_filtered,CTELKLSDY_HLA-A*01:01,tcr14756,0
vdjdb_full_14716,RPRGEVRFL_HLA-B*07:02,tcr4673,1
vdjdb_full_14716_ss_3_n0_iptm_filtered,RPRGEVRFL_HLA-B*07:02,tcr16844,0
vdjdb_full_14717,RPRGEVRFL_HLA-B*07:02,tcr6195,1
vdjdb_full_14717_ss_3_n0_iptm_filtered,RPRGEVRFL_HLA-B*07:02,tcr10777,0
vdjdb_full_14718,RPRGEVRFL_HLA-B*07:02,tcr6875,1
vdjdb_full_14718_ss_3_n0_iptm_filtered,RPRGEVRFL_HLA-B*07:02,tcr12643,0
vdjdb_full_14720,RPRGEVRFL_HLA-B*07:02,tcr13005,1
vdjdb_full_14720_ss_3_n0_iptm_filtered,RPRGEVRFL_HLA-B*07:02,tcr3436,0
vdjdb_full_14722,RPRGEVRFL_HLA-B*07:02,tcr5044,1
vdjdb_full_14722_ss_3_n0_iptm_filtered,RPRGEVRFL_HLA-B*07:02,tcr16023,0
vdjdb_full_14724,RPRGEVRFL_HLA-B*07:02,tcr3751,1
vdjdb_full_14724_ss_3_n0_iptm_filtered,RPRGEVRFL_HLA-B*07:02,tcr5656,0
vdjdb_full_14725,RPRGEVRFL_HLA-B*07:02,tcr11743,1
vdjdb_full_14725_ss_3_n0_iptm_filtered,RPRGEVRFL_HLA-B*07:02,tcr6194,0
vdjdb_full_14726,RPRGEVRFL_HLA-B*07:02,tcr7063,1
vdjdb_full_14726_ss_3_n0_iptm_filtered,RPRGEVRFL_HLA-B*07:02,tcr9781,0
vdjdb_full_14729,RPRGEVRFL_HLA-B*07:02,tcr5021,1
vdjdb_full_14729_ss_3_n0_iptm_filtered,RPRGEVRFL_HLA-B*07:02,tcr14229,0
vdjdb_full_14736,RAQAPPPSW_HLA-B*57:01,tcr10651,1
vdjdb_full_14736_ss_3_n0_iptm_filtered,RAQAPPPSW_HLA-B*57:01,tcr9503,0
vdjdb_full_14737,RAQAPPPSW_HLA-B*57:01,tcr2,1
vdjdb_full_14737_ss_3_n0_iptm_filtered,RAQAPPPSW_HLA-B*57:01,tcr18218,0
vdjdb_full_14738,RAQAPPPSW_HLA-B*57:01,tcr3492,1
vdjdb_full_14738_ss_3_n0_iptm_filtered,RAQAPPPSW_HLA-B*57:01,tcr14675,0
vdjdb_full_14739,RAQAPPPSW_HLA-B*57:01,tcr10774,1
vdjdb_full_14739_ss_3_n0_iptm_filtered,RAQAPPPSW_HLA-B*57:01,tcr9107,0
vdjdb_full_14740,RAQAPPPSW_HLA-B*57:01,tcr13651,1
vdjdb_full_14740_ss_3_n0_iptm_filtered,RAQAPPPSW_HLA-B*57:01,tcr16541,0
vdjdb_full_14744,RAQAPPPSW_HLA-B*57:01,tcr12093,1
vdjdb_full_14744_ss_3_n0_iptm_filtered,RAQAPPPSW_HLA-B*57:01,tcr18251,0
vdjdb_full_14745,RAQAPPPSW_HLA-B*57:01,tcr8090,1
vdjdb_full_14745_ss_3_n0_iptm_filtered,RAQAPPPSW_HLA-B*57:01,tcr16669,0
vdjdb_full_14750,RAQAPPPSW_HLA-B*57:01,tcr1341,1
vdjdb_full_14750_ss_3_n0_iptm_filtered,RAQAPPPSW_HLA-B*57:01,tcr12892,0
vdjdb_full_14754,RAQAPPPSW_HLA-B*57:01,tcr6530,1
vdjdb_full_14754_ss_3_n0_iptm_filtered,RAQAPPPSW_HLA-B*57:01,tcr5867,0
vdjdb_full_14755,RAQAPPPSW_HLA-B*57:01,tcr1720,1
vdjdb_full_14755_ss_3_n0_iptm_filtered,RAQAPPPSW_HLA-B*57:01,tcr15416,0
vdjdb_full_14756,RAQAPPPSW_HLA-B*57:01,tcr12742,1
vdjdb_full_14756_ss_3_n0_iptm_filtered,RAQAPPPSW_HLA-B*57:01,tcr14935,0
vdjdb_full_14757,RAQAPPPSW_HLA-B*57:01,tcr12306,1
vdjdb_full_14757_ss_3_n0_iptm_filtered,RAQAPPPSW_HLA-B*57:01,tcr2159,0
vdjdb_full_14758,RAQAPPPSW_HLA-B*57:01,tcr14774,1
vdjdb_full_14758_ss_3_n0_iptm_filtered,RAQAPPPSW_HLA-B*57:01,tcr3156,0
vdjdb_full_14765,RAQAPPPSW_HLA-B*57:01,tcr17040,1
vdjdb_full_14765_ss_3_n0_iptm_filtered,RAQAPPPSW_HLA-B*57:01,tcr9286,0
vdjdb_full_14766,RAQAPPPSW_HLA-B*57:01,tcr1548,1
vdjdb_full_14766_ss_3_n0_iptm_filtered,RAQAPPPSW_HLA-B*57:01,tcr3230,0
vdjdb_full_14769,RAQAPPPSW_HLA-B*57:01,tcr6852,1
vdjdb_full_14769_ss_3_n0_iptm_filtered,RAQAPPPSW_HLA-B*57:01,tcr15474,0
vdjdb_full_14774,RAQAPPPSW_HLA-B*57:01,tcr8363,1
vdjdb_full_14774_ss_3_n0_iptm_filtered,RAQAPPPSW_HLA-B*57:01,tcr18299,0
vdjdb_full_14811,LLWNGPMAV_HLA-A*02:01,tcr9480,1
vdjdb_full_14811_ss_3_n0_iptm_filtered,LLWNGPMAV_HLA-A*02:01,tcr5182,0
vdjdb_full_14815,LLWNGPMAV_HLA-A*02:01,tcr7752,1
vdjdb_full_14815_ss_3_n0_iptm_filtered,LLWNGPMAV_HLA-A*02:01,tcr16712,0
vdjdb_full_14816,LLWNGPMAV_HLA-A*02:01,tcr5760,1
vdjdb_full_14816_ss_3_n0_iptm_filtered,LLWNGPMAV_HLA-A*02:01,tcr10331,0
vdjdb_full_14818,LLWNGPMAV_HLA-A*02:01,tcr4300,1
vdjdb_full_14818_ss_3_n0_iptm_filtered,LLWNGPMAV_HLA-A*02:01,tcr17205,0
vdjdb_full_14821,LLWNGPMAV_HLA-A*02:01,tcr1098,1
vdjdb_full_14821_ss_3_n0_iptm_filtered,LLWNGPMAV_HLA-A*02:01,tcr16184,0
vdjdb_full_14822,LLWNGPMAV_HLA-A*02:01,tcr16994,1
vdjdb_full_14822_ss_3_n0_iptm_filtered,LLWNGPMAV_HLA-A*02:01,tcr12979,0
vdjdb_full_14824,LLWNGPMAV_HLA-A*02:01,tcr9889,1
vdjdb_full_14824_ss_3_n0_iptm_filtered,LLWNGPMAV_HLA-A*02:01,tcr12575,0
vdjdb_full_14825,LLWNGPMAV_HLA-A*02:01,tcr5722,1
vdjdb_full_14825_ss_3_n0_iptm_filtered,LLWNGPMAV_HLA-A*02:01,tcr15980,0
vdjdb_full_14830,LLWNGPMAV_HLA-A*02:01,tcr7379,1
vdjdb_full_14830_ss_3_n0_iptm_filtered,LLWNGPMAV_HLA-A*02:01,tcr4843,0
vdjdb_full_14831,LLWNGPMAV_HLA-A*02:01,tcr13109,1
vdjdb_full_14831_ss_3_n0_iptm_filtered,LLWNGPMAV_HLA-A*02:01,tcr3759,0
vdjdb_full_14834,LLWNGPMAV_HLA-A*02:01,tcr10525,1
vdjdb_full_14834_ss_3_n0_iptm_filtered,LLWNGPMAV_HLA-A*02:01,tcr2271,0
vdjdb_full_14835,LLWNGPMAV_HLA-A*02:01,tcr5113,1
vdjdb_full_14835_ss_3_n0_iptm_filtered,LLWNGPMAV_HLA-A*02:01,tcr14298,0
vdjdb_full_14836,LLWNGPMAV_HLA-A*02:01,tcr11668,1
vdjdb_full_14836_ss_3_n0_iptm_filtered,LLWNGPMAV_HLA-A*02:01,tcr1523,0
vdjdb_full_14837,LLWNGPMAV_HLA-A*02:01,tcr5867,1
vdjdb_full_14837_ss_3_n0_iptm_filtered,LLWNGPMAV_HLA-A*02:01,tcr13498,0
vdjdb_full_14841,LLWNGPMAV_HLA-A*02:01,tcr8144,1
vdjdb_full_14841_ss_3_n0_iptm_filtered,LLWNGPMAV_HLA-A*02:01,tcr14398,0
vdjdb_full_14844,LLWNGPMAV_HLA-A*02:01,tcr3867,1
vdjdb_full_14844_ss_3_n0_iptm_filtered,LLWNGPMAV_HLA-A*02:01,tcr9845,0
vdjdb_full_14847,LLWNGPMAV_HLA-A*02:01,tcr16530,1
vdjdb_full_14847_ss_3_n0_iptm_filtered,LLWNGPMAV_HLA-A*02:01,tcr8631,0
vdjdb_full_14848,LLWNGPMAV_HLA-A*02:01,tcr7038,1
vdjdb_full_14848_ss_3_n0_iptm_filtered,LLWNGPMAV_HLA-A*02:01,tcr15092,0
vdjdb_full_14851,LLWNGPMAV_HLA-A*02:01,tcr276,1
vdjdb_full_14851_ss_3_n0_iptm_filtered,LLWNGPMAV_HLA-A*02:01,tcr635,0
vdjdb_full_14857,LLWNGPMAV_HLA-A*02:01,tcr4777,1
vdjdb_full_14857_ss_3_n0_iptm_filtered,LLWNGPMAV_HLA-A*02:01,tcr4073,0
vdjdb_full_14861,LLWNGPMAV_HLA-A*02:01,tcr8215,1
vdjdb_full_14861_ss_3_n0_iptm_filtered,LLWNGPMAV_HLA-A*02:01,tcr12480,0
vdjdb_full_14862,LLWNGPMAV_HLA-A*02:01,tcr16332,1
vdjdb_full_14862_ss_3_n0_iptm_filtered,LLWNGPMAV_HLA-A*02:01,tcr2946,0
vdjdb_full_14867,LLWNGPMAV_HLA-A*02:01,tcr10040,1
vdjdb_full_14867_ss_3_n0_iptm_filtered,LLWNGPMAV_HLA-A*02:01,tcr11640,0
vdjdb_full_14872,LLWNGPMAV_HLA-A*02:01,tcr3341,1
vdjdb_full_14872_ss_3_n0_iptm_filtered,LLWNGPMAV_HLA-A*02:01,tcr13912,0
vdjdb_full_14873,LLWNGPMAV_HLA-A*02:01,tcr12617,1
vdjdb_full_14873_ss_3_n0_iptm_filtered,LLWNGPMAV_HLA-A*02:01,tcr14740,0
vdjdb_full_14874,LLWNGPMAV_HLA-A*02:01,tcr5363,1
vdjdb_full_14874_ss_3_n0_iptm_filtered,LLWNGPMAV_HLA-A*02:01,tcr13898,0
vdjdb_full_14875,LLWNGPMAV_HLA-A*02:01,tcr7084,1
vdjdb_full_14875_ss_3_n0_iptm_filtered,LLWNGPMAV_HLA-A*02:01,tcr4969,0
vdjdb_full_14880,LLWNGPMAV_HLA-A*02:01,tcr5068,1
vdjdb_full_14880_ss_3_n0_iptm_filtered,LLWNGPMAV_HLA-A*02:01,tcr3513,0
vdjdb_full_14882,LLWNGPMAV_HLA-A*02:01,tcr1429,1
vdjdb_full_14882_ss_3_n0_iptm_filtered,LLWNGPMAV_HLA-A*02:01,tcr12579,0
vdjdb_full_14883,LLWNGPMAV_HLA-A*02:01,tcr5510,1
vdjdb_full_14883_ss_3_n0_iptm_filtered,LLWNGPMAV_HLA-A*02:01,tcr4259,0
vdjdb_full_14886,LLWNGPMAV_HLA-A*02:01,tcr10370,1
vdjdb_full_14886_ss_3_n0_iptm_filtered,LLWNGPMAV_HLA-A*02:01,tcr6433,0
vdjdb_full_14889,LLWNGPMAV_HLA-A*02:01,tcr4952,1
vdjdb_full_14889_ss_3_n0_iptm_filtered,LLWNGPMAV_HLA-A*02:01,tcr11918,0
vdjdb_full_14891,LLWNGPMAV_HLA-A*02:01,tcr15907,1
vdjdb_full_14891_ss_3_n0_iptm_filtered,LLWNGPMAV_HLA-A*02:01,tcr17487,0
vdjdb_full_14893,LLWNGPMAV_HLA-A*02:01,tcr11302,1
vdjdb_full_14893_ss_3_n0_iptm_filtered,LLWNGPMAV_HLA-A*02:01,tcr7662,0
vdjdb_full_14900,LLWNGPMAV_HLA-A*02:01,tcr2494,1
vdjdb_full_14900_ss_3_n0_iptm_filtered,LLWNGPMAV_HLA-A*02:01,tcr14303,0
vdjdb_full_14902,LLWNGPMAV_HLA-A*02:01,tcr18149,1
vdjdb_full_14902_ss_3_n0_iptm_filtered,LLWNGPMAV_HLA-A*02:01,tcr12660,0
vdjdb_full_14903,LLWNGPMAV_HLA-A*02:01,tcr15856,1
vdjdb_full_14903_ss_3_n0_iptm_filtered,LLWNGPMAV_HLA-A*02:01,tcr11148,0
vdjdb_full_14904,LLWNGPMAV_HLA-A*02:01,tcr1441,1
vdjdb_full_14904_ss_3_n0_iptm_filtered,LLWNGPMAV_HLA-A*02:01,tcr10331,0
vdjdb_full_14908,LLWNGPMAV_HLA-A*02:01,tcr4940,1
vdjdb_full_14908_ss_3_n0_iptm_filtered,LLWNGPMAV_HLA-A*02:01,tcr13506,0
vdjdb_full_14911,LLWNGPMAV_HLA-A*02:01,tcr194,1
vdjdb_full_14911_ss_3_n0_iptm_filtered,LLWNGPMAV_HLA-A*02:01,tcr5036,0
vdjdb_full_14915,LLWNGPMAV_HLA-A*02:01,tcr12620,1
vdjdb_full_14915_ss_3_n0_iptm_filtered,LLWNGPMAV_HLA-A*02:01,tcr12966,0
vdjdb_full_14918,LLWNGPMAV_HLA-A*02:01,tcr18,1
vdjdb_full_14918_ss_3_n0_iptm_filtered,LLWNGPMAV_HLA-A*02:01,tcr8014,0
vdjdb_full_14919,LLWNGPMAV_HLA-A*02:01,tcr17835,1
vdjdb_full_14919_ss_3_n0_iptm_filtered,LLWNGPMAV_HLA-A*02:01,tcr2313,0
vdjdb_full_14920,LLWNGPMAV_HLA-A*02:01,tcr14077,1
vdjdb_full_14920_ss_3_n0_iptm_filtered,LLWNGPMAV_HLA-A*02:01,tcr589,0
vdjdb_full_14921,LLWNGPMAV_HLA-A*02:01,tcr3172,1
vdjdb_full_14921_ss_3_n0_iptm_filtered,LLWNGPMAV_HLA-A*02:01,tcr13629,0
vdjdb_full_14922,LLWNGPMAV_HLA-A*02:01,tcr13602,1
vdjdb_full_14922_ss_3_n0_iptm_filtered,LLWNGPMAV_HLA-A*02:01,tcr622,0
vdjdb_full_14924,LLWNGPMAV_HLA-A*02:01,tcr17394,1
vdjdb_full_14924_ss_3_n0_iptm_filtered,LLWNGPMAV_HLA-A*02:01,tcr16432,0
vdjdb_full_14926,LLWNGPMAV_HLA-A*02:01,tcr13840,1
vdjdb_full_14926_ss_3_n0_iptm_filtered,LLWNGPMAV_HLA-A*02:01,tcr16762,0
vdjdb_full_14927,LLWNGPMAV_HLA-A*02:01,tcr8931,1
vdjdb_full_14927_ss_3_n0_iptm_filtered,LLWNGPMAV_HLA-A*02:01,tcr588,0
vdjdb_full_14931,LLWNGPMAV_HLA-A*02:01,tcr1242,1
vdjdb_full_14931_ss_3_n0_iptm_filtered,LLWNGPMAV_HLA-A*02:01,tcr5796,0
vdjdb_full_14932,LLWNGPMAV_HLA-A*02:01,tcr5115,1
vdjdb_full_14932_ss_3_n0_iptm_filtered,LLWNGPMAV_HLA-A*02:01,tcr8332,0
vdjdb_full_14934,LLWNGPMAV_HLA-A*02:01,tcr10287,1
vdjdb_full_14934_ss_3_n0_iptm_filtered,LLWNGPMAV_HLA-A*02:01,tcr14300,0
vdjdb_full_14939,LLWNGPMAV_HLA-A*02:01,tcr10669,1
vdjdb_full_14939_ss_3_n0_iptm_filtered,LLWNGPMAV_HLA-A*02:01,tcr12342,0
vdjdb_full_14945,LLWNGPMAV_HLA-A*02:01,tcr2732,1
vdjdb_full_14945_ss_3_n0_iptm_filtered,LLWNGPMAV_HLA-A*02:01,tcr3759,0
vdjdb_full_14947,LLWNGPMAV_HLA-A*02:01,tcr10264,1
vdjdb_full_14947_ss_3_n0_iptm_filtered,LLWNGPMAV_HLA-A*02:01,tcr1520,0
vdjdb_full_14951,LLWNGPMAV_HLA-A*02:01,tcr16243,1
vdjdb_full_14951_ss_3_n0_iptm_filtered,LLWNGPMAV_HLA-A*02:01,tcr283,0
vdjdb_full_14957,LLWNGPMAV_HLA-A*02:01,tcr14375,1
vdjdb_full_14957_ss_3_n0_iptm_filtered,LLWNGPMAV_HLA-A*02:01,tcr12823,0
vdjdb_full_14959,LLWNGPMAV_HLA-A*02:01,tcr4884,1
vdjdb_full_14959_ss_3_n0_iptm_filtered,LLWNGPMAV_HLA-A*02:01,tcr1279,0
vdjdb_full_14960,LLWNGPMAV_HLA-A*02:01,tcr14675,1
vdjdb_full_14960_ss_3_n0_iptm_filtered,LLWNGPMAV_HLA-A*02:01,tcr12480,0
vdjdb_full_14968,LLWNGPMAV_HLA-A*02:01,tcr12276,1
vdjdb_full_14968_ss_3_n0_iptm_filtered,LLWNGPMAV_HLA-A*02:01,tcr3436,0
vdjdb_full_14969,LLWNGPMAV_HLA-A*02:01,tcr14861,1
vdjdb_full_14969_ss_3_n0_iptm_filtered,LLWNGPMAV_HLA-A*02:01,tcr762,0
vdjdb_full_14974,LLWNGPMAV_HLA-A*02:01,tcr7689,1
vdjdb_full_14974_ss_3_n0_iptm_filtered,LLWNGPMAV_HLA-A*02:01,tcr3155,0
vdjdb_full_14977,LLWNGPMAV_HLA-A*02:01,tcr17089,1
vdjdb_full_14977_ss_3_n0_iptm_filtered,LLWNGPMAV_HLA-A*02:01,tcr1523,0
vdjdb_full_14981,LLWNGPMAV_HLA-A*02:01,tcr16441,1
vdjdb_full_14981_ss_3_n0_iptm_filtered,LLWNGPMAV_HLA-A*02:01,tcr15980,0
vdjdb_full_14985,LLWNGPMAV_HLA-A*02:01,tcr17773,1
vdjdb_full_14985_ss_3_n0_iptm_filtered,LLWNGPMAV_HLA-A*02:01,tcr14304,0
vdjdb_full_14986,LLWNGPMAV_HLA-A*02:01,tcr2123,1
vdjdb_full_14986_ss_3_n0_iptm_filtered,LLWNGPMAV_HLA-A*02:01,tcr14709,0
vdjdb_full_14987,LLWNGPMAV_HLA-A*02:01,tcr15955,1
vdjdb_full_14987_ss_3_n0_iptm_filtered,LLWNGPMAV_HLA-A*02:01,tcr15991,0
vdjdb_full_14992,LLWNGPMAV_HLA-A*02:01,tcr7410,1
vdjdb_full_14992_ss_3_n0_iptm_filtered,LLWNGPMAV_HLA-A*02:01,tcr5331,0
vdjdb_full_14995,LLWNGPMAV_HLA-A*02:01,tcr15962,1
vdjdb_full_14995_ss_3_n0_iptm_filtered,LLWNGPMAV_HLA-A*02:01,tcr14341,0
vdjdb_full_14999,LLWNGPMAV_HLA-A*02:01,tcr2358,1
vdjdb_full_14999_ss_3_n0_iptm_filtered,LLWNGPMAV_HLA-A*02:01,tcr6225,0
vdjdb_full_15002,LLWNGPMAV_HLA-A*02:01,tcr11163,1
vdjdb_full_15002_ss_3_n0_iptm_filtered,LLWNGPMAV_HLA-A*02:01,tcr4127,0
vdjdb_full_15006,LLWNGPMAV_HLA-A*02:01,tcr10912,1
vdjdb_full_15006_ss_3_n0_iptm_filtered,LLWNGPMAV_HLA-A*02:01,tcr2762,0
vdjdb_full_15013,LLWNGPMAV_HLA-A*02:01,tcr12674,1
vdjdb_full_15013_ss_3_n0_iptm_filtered,LLWNGPMAV_HLA-A*02:01,tcr11817,0
vdjdb_full_15014,LLWNGPMAV_HLA-A*02:01,tcr7201,1
vdjdb_full_15014_ss_3_n0_iptm_filtered,LLWNGPMAV_HLA-A*02:01,tcr14232,0
vdjdb_full_15016,LLWNGPMAV_HLA-A*02:01,tcr14352,1
vdjdb_full_15016_ss_3_n0_iptm_filtered,LLWNGPMAV_HLA-A*02:01,tcr7424,0
vdjdb_full_15017,LLWNGPMAV_HLA-A*02:01,tcr11104,1
vdjdb_full_15017_ss_3_n0_iptm_filtered,LLWNGPMAV_HLA-A*02:01,tcr9416,0
vdjdb_full_15018,LLWNGPMAV_HLA-A*02:01,tcr18137,1
vdjdb_full_15018_ss_3_n0_iptm_filtered,LLWNGPMAV_HLA-A*02:01,tcr13506,0
vdjdb_full_15025,LLWNGPMAV_HLA-A*02:01,tcr12122,1
vdjdb_full_15025_ss_3_n0_iptm_filtered,LLWNGPMAV_HLA-A*02:01,tcr12498,0
vdjdb_full_15026,LLWNGPMAV_HLA-A*02:01,tcr13609,1
vdjdb_full_15026_ss_3_n0_iptm_filtered,LLWNGPMAV_HLA-A*02:01,tcr7395,0
vdjdb_full_15030,LLWNGPMAV_HLA-A*02:01,tcr6623,1
vdjdb_full_15030_ss_3_n0_iptm_filtered,LLWNGPMAV_HLA-A*02:01,tcr6996,0
vdjdb_full_15035,LLWNGPMAV_HLA-A*02:01,tcr13495,1
vdjdb_full_15035_ss_3_n0_iptm_filtered,LLWNGPMAV_HLA-A*02:01,tcr14005,0
vdjdb_full_15038,LLWNGPMAV_HLA-A*02:01,tcr16061,1
vdjdb_full_15038_ss_3_n0_iptm_filtered,LLWNGPMAV_HLA-A*02:01,tcr12882,0
vdjdb_full_15039,LLWNGPMAV_HLA-A*02:01,tcr3597,1
vdjdb_full_15039_ss_3_n0_iptm_filtered,LLWNGPMAV_HLA-A*02:01,tcr3012,0
vdjdb_full_1504,KLGGALQAK_HLA-A*03:01,tcr3509,1
vdjdb_full_1504_ss_3_n0_iptm_filtered,KLGGALQAK_HLA-A*03:01,tcr10526,0
vdjdb_full_15045,LLWNGPMAV_HLA-A*02:01,tcr10840,1
vdjdb_full_15045_ss_3_n0_iptm_filtered,LLWNGPMAV_HLA-A*02:01,tcr3798,0
vdjdb_full_15047,LLWNGPMAV_HLA-A*02:01,tcr2140,1
vdjdb_full_15047_ss_3_n0_iptm_filtered,LLWNGPMAV_HLA-A*02:01,tcr12497,0
vdjdb_full_15049,LLWNGPMAV_HLA-A*02:01,tcr6380,1
vdjdb_full_15049_ss_3_n0_iptm_filtered,LLWNGPMAV_HLA-A*02:01,tcr13362,0
vdjdb_full_15059,TSQWLTNIF_HLA-A*24:02,tcr10926,1
vdjdb_full_15059_ss_3_n0_iptm_filtered,TSQWLTNIF_HLA-A*24:02,tcr10222,0
vdjdb_full_1506,KLGGALQAK_HLA-A*03:01,tcr15403,1
vdjdb_full_1506_ss_3_n0_iptm_filtered,KLGGALQAK_HLA-A*03:01,tcr16041,0
vdjdb_full_15071,NQKLIANQF_HLA-B*15:01,tcr5099,1
vdjdb_full_15071_ss_3_n0_iptm_filtered,NQKLIANQF_HLA-B*15:01,tcr5631,0
vdjdb_full_15074,NQKLIANQF_HLA-B*15:01,tcr7946,1
vdjdb_full_15074_ss_3_n0_iptm_filtered,NQKLIANQF_HLA-B*15:01,tcr15097,0
vdjdb_full_15080,NQKLIANQF_HLA-B*15:01,tcr5152,1
vdjdb_full_15080_ss_3_n0_iptm_filtered,NQKLIANQF_HLA-B*15:01,tcr16005,0
vdjdb_full_15090,NQKLIANQF_HLA-B*15:01,tcr4590,1
vdjdb_full_15090_ss_3_n0_iptm_filtered,NQKLIANQF_HLA-B*15:01,tcr15668,0
vdjdb_full_15099,NQKLIANQF_HLA-B*15:01,tcr16841,1
vdjdb_full_15099_ss_3_n0_iptm_filtered,NQKLIANQF_HLA-B*15:01,tcr10795,0
vdjdb_full_15100,NQKLIANQF_HLA-B*15:01,tcr8605,1
vdjdb_full_15100_ss_3_n0_iptm_filtered,NQKLIANQF_HLA-B*15:01,tcr14864,0
vdjdb_full_15102,NQKLIANQF_HLA-B*15:01,tcr9338,1
vdjdb_full_15102_ss_3_n0_iptm_filtered,NQKLIANQF_HLA-B*15:01,tcr9786,0
vdjdb_full_15105,NQKLIANQF_HLA-B*15:01,tcr6653,1
vdjdb_full_15105_ss_3_n0_iptm_filtered,NQKLIANQF_HLA-B*15:01,tcr4029,0
vdjdb_full_15117,NQKLIANQF_HLA-B*15:01,tcr17893,1
vdjdb_full_15117_ss_3_n0_iptm_filtered,NQKLIANQF_HLA-B*15:01,tcr14229,0
vdjdb_full_15121,NQKLIANQF_HLA-B*15:01,tcr2812,1
vdjdb_full_15121_ss_3_n0_iptm_filtered,NQKLIANQF_HLA-B*15:01,tcr958,0
vdjdb_full_15123,NQKLIANQF_HLA-B*15:01,tcr10672,1
vdjdb_full_15123_ss_3_n0_iptm_filtered,NQKLIANQF_HLA-B*15:01,tcr5867,0
vdjdb_full_15124,NQKLIANQF_HLA-B*15:01,tcr668,1
vdjdb_full_15124_ss_3_n0_iptm_filtered,NQKLIANQF_HLA-B*15:01,tcr10845,0
vdjdb_full_15126,NQKLIANQF_HLA-B*15:01,tcr6876,1
vdjdb_full_15126_ss_3_n0_iptm_filtered,NQKLIANQF_HLA-B*15:01,tcr10872,0
vdjdb_full_15130,NQKLIANQF_HLA-B*15:01,tcr11118,1
vdjdb_full_15130_ss_3_n0_iptm_filtered,NQKLIANQF_HLA-B*15:01,tcr8153,0
vdjdb_full_15131,NQKLIANQF_HLA-B*15:01,tcr10835,1
vdjdb_full_15131_ss_3_n0_iptm_filtered,NQKLIANQF_HLA-B*15:01,tcr15118,0
vdjdb_full_15133,NQKLIANQF_HLA-B*15:01,tcr10696,1
vdjdb_full_15133_ss_3_n0_iptm_filtered,NQKLIANQF_HLA-B*15:01,tcr10040,0
vdjdb_full_15138,NQKLIANQF_HLA-B*15:01,tcr2609,1
vdjdb_full_15138_ss_3_n0_iptm_filtered,NQKLIANQF_HLA-B*15:01,tcr10340,0
vdjdb_full_15139,NQKLIANQF_HLA-B*15:01,tcr5372,1
vdjdb_full_15139_ss_3_n0_iptm_filtered,NQKLIANQF_HLA-B*15:01,tcr10040,0
vdjdb_full_15196,RPHERNGFTVL_HLA-B*07:02,tcr1760,1
vdjdb_full_15196_ss_3_n0_iptm_filtered,RPHERNGFTVL_HLA-B*07:02,tcr15045,0
vdjdb_full_15213,RPHERNGFTVL_HLA-B*07:02,tcr1528,1
vdjdb_full_15213_ss_3_n0_iptm_filtered,RPHERNGFTVL_HLA-B*07:02,tcr3019,0
vdjdb_full_15224,RPHERNGFTVL_HLA-B*07:02,tcr17776,1
vdjdb_full_15224_ss_3_n0_iptm_filtered,RPHERNGFTVL_HLA-B*07:02,tcr2513,0
vdjdb_full_15228,RPHERNGFTVL_HLA-B*07:02,tcr7954,1
vdjdb_full_15228_ss_3_n0_iptm_filtered,RPHERNGFTVL_HLA-B*07:02,tcr2987,0
vdjdb_full_15241,RPHERNGFTVL_HLA-B*07:02,tcr15365,1
vdjdb_full_15241_ss_3_n0_iptm_filtered,RPHERNGFTVL_HLA-B*07:02,tcr14065,0
vdjdb_full_15244,RPHERNGFTVL_HLA-B*07:02,tcr10662,1
vdjdb_full_15244_ss_3_n0_iptm_filtered,RPHERNGFTVL_HLA-B*07:02,tcr8596,0
vdjdb_full_15246,RPHERNGFTVL_HLA-B*07:02,tcr1805,1
vdjdb_full_15246_ss_3_n0_iptm_filtered,RPHERNGFTVL_HLA-B*07:02,tcr1298,0
vdjdb_full_15251,FLSINVHKV_HLA-A*02:01,tcr7117,1
vdjdb_full_15251_ss_3_n0_iptm_filtered,FLSINVHKV_HLA-A*02:01,tcr18411,0
vdjdb_full_15252,FLSINVHKV_HLA-A*02:01,tcr16205,1
vdjdb_full_15252_ss_3_n0_iptm_filtered,FLSINVHKV_HLA-A*02:01,tcr12539,0
vdjdb_full_15253,FLSINVHKV_HLA-A*02:01,tcr2083,1
vdjdb_full_15253_ss_3_n0_iptm_filtered,FLSINVHKV_HLA-A*02:01,tcr3937,0
vdjdb_full_15255,FLSINVHKV_HLA-A*02:01,tcr18189,1
vdjdb_full_15255_ss_3_n0_iptm_filtered,FLSINVHKV_HLA-A*02:01,tcr11505,0
vdjdb_full_15256,FLSINVHKV_HLA-A*02:01,tcr12902,1
vdjdb_full_15256_ss_3_n0_iptm_filtered,FLSINVHKV_HLA-A*02:01,tcr18258,0
vdjdb_full_15257,FLSINVHKV_HLA-A*02:01,tcr10046,1
vdjdb_full_15257_ss_3_n0_iptm_filtered,FLSINVHKV_HLA-A*02:01,tcr136,0
vdjdb_full_15259,FLSINVHKV_HLA-A*02:01,tcr11757,1
vdjdb_full_15259_ss_3_n0_iptm_filtered,FLSINVHKV_HLA-A*02:01,tcr10696,0
vdjdb_full_15260,FLSINVHKV_HLA-A*02:01,tcr9507,1
vdjdb_full_15260_ss_3_n0_iptm_filtered,FLSINVHKV_HLA-A*02:01,tcr2929,0
vdjdb_full_15262,FLSINVHKV_HLA-A*02:01,tcr14232,1
vdjdb_full_15262_ss_3_n0_iptm_filtered,FLSINVHKV_HLA-A*02:01,tcr2140,0
vdjdb_full_15263,FLSINVHKV_HLA-A*02:01,tcr12645,1
vdjdb_full_15263_ss_3_n0_iptm_filtered,FLSINVHKV_HLA-A*02:01,tcr15717,0
vdjdb_full_15265,FMVFLQTHI_HLA-A*02:01,tcr2902,1
vdjdb_full_15265_ss_3_n0_iptm_filtered,FMVFLQTHI_HLA-A*02:01,tcr2533,0
vdjdb_full_15267,FMVFLQTHI_HLA-A*02:01,tcr618,1
vdjdb_full_15267_ss_3_n0_iptm_filtered,FMVFLQTHI_HLA-A*02:01,tcr8030,0
vdjdb_full_15271,FMVFLQTHI_HLA-A*02:01,tcr12798,1
vdjdb_full_15271_ss_3_n0_iptm_filtered,FMVFLQTHI_HLA-A*02:01,tcr9557,0
vdjdb_full_15272,FMVFLQTHI_HLA-A*02:01,tcr14224,1
vdjdb_full_15272_ss_3_n0_iptm_filtered,FMVFLQTHI_HLA-A*02:01,tcr8107,0
vdjdb_full_15285,CINGVCWTV_HLA-A*02:01,tcr17487,1
vdjdb_full_15285_ss_3_n0_iptm_filtered,CINGVCWTV_HLA-A*02:01,tcr4339,0
vdjdb_full_15292,CINGVCWTV_HLA-A*02:01,tcr10758,1
vdjdb_full_15292_ss_3_n0_iptm_filtered,CINGVCWTV_HLA-A*02:01,tcr9370,0
vdjdb_full_15294,CINGVCWTV_HLA-A*02:01,tcr5176,1
vdjdb_full_15294_ss_3_n0_iptm_filtered,CINGVCWTV_HLA-A*02:01,tcr13657,0
vdjdb_full_15300,CINGVCWTV_HLA-A*02:01,tcr7937,1
vdjdb_full_15300_ss_3_n0_iptm_filtered,CINGVCWTV_HLA-A*02:01,tcr14300,0
vdjdb_full_15301,CINGVCWTV_HLA-A*02:01,tcr10222,1
vdjdb_full_15301_ss_3_n0_iptm_filtered,CINGVCWTV_HLA-A*02:01,tcr5755,0
vdjdb_full_15302,CINGVCWTV_HLA-A*02:01,tcr7730,1
vdjdb_full_15302_ss_3_n0_iptm_filtered,CINGVCWTV_HLA-A*02:01,tcr8122,0
vdjdb_full_15305,CINGVCWTV_HLA-A*02:01,tcr14686,1
vdjdb_full_15305_ss_3_n0_iptm_filtered,CINGVCWTV_HLA-A*02:01,tcr10912,0
vdjdb_full_15307,CINGVCWTV_HLA-A*02:01,tcr13432,1
vdjdb_full_15307_ss_3_n0_iptm_filtered,CINGVCWTV_HLA-A*02:01,tcr3289,0
vdjdb_full_15311,CINGVCWTV_HLA-A*02:01,tcr2246,1
vdjdb_full_15311_ss_3_n0_iptm_filtered,CINGVCWTV_HLA-A*02:01,tcr14354,0
vdjdb_full_15317,CINGVCWTV_HLA-A*02:01,tcr2606,1
vdjdb_full_15317_ss_3_n0_iptm_filtered,CINGVCWTV_HLA-A*02:01,tcr16908,0
vdjdb_full_15318,CINGVCWTV_HLA-A*02:01,tcr11850,1
vdjdb_full_15318_ss_3_n0_iptm_filtered,CINGVCWTV_HLA-A*02:01,tcr2826,0
vdjdb_full_15327,CINGVCWTV_HLA-A*02:01,tcr3854,1
vdjdb_full_15327_ss_3_n0_iptm_filtered,CINGVCWTV_HLA-A*02:01,tcr439,0
vdjdb_full_15336,CINGVCWTV_HLA-A*02:01,tcr10716,1
vdjdb_full_15336_ss_3_n0_iptm_filtered,CINGVCWTV_HLA-A*02:01,tcr16712,0
vdjdb_full_15341,CINGVCWTV_HLA-A*02:01,tcr11744,1
vdjdb_full_15341_ss_3_n0_iptm_filtered,CINGVCWTV_HLA-A*02:01,tcr3353,0
vdjdb_full_15343,CINGVCWTV_HLA-A*02:01,tcr14709,1
vdjdb_full_15343_ss_3_n0_iptm_filtered,CINGVCWTV_HLA-A*02:01,tcr12995,0
vdjdb_full_15344,CINGVCWTV_HLA-A*02:01,tcr3700,1
vdjdb_full_15344_ss_3_n0_iptm_filtered,CINGVCWTV_HLA-A*02:01,tcr13805,0
vdjdb_full_15349,CINGVCWTV_HLA-A*02:01,tcr3689,1
vdjdb_full_15349_ss_3_n0_iptm_filtered,CINGVCWTV_HLA-A*02:01,tcr7946,0
vdjdb_full_15351,CINGVCWTV_HLA-A*02:01,tcr5955,1
vdjdb_full_15351_ss_3_n0_iptm_filtered,CINGVCWTV_HLA-A*02:01,tcr3665,0
vdjdb_full_15355,CINGVCWTV_HLA-A*02:01,tcr2509,1
vdjdb_full_15355_ss_3_n0_iptm_filtered,CINGVCWTV_HLA-A*02:01,tcr13905,0
vdjdb_full_15356,CINGVCWTV_HLA-A*02:01,tcr6243,1
vdjdb_full_15356_ss_3_n0_iptm_filtered,CINGVCWTV_HLA-A*02:01,tcr3243,0
vdjdb_full_15359,CINGVCWTV_HLA-A*02:01,tcr5039,1
vdjdb_full_15359_ss_3_n0_iptm_filtered,CINGVCWTV_HLA-A*02:01,tcr397,0
vdjdb_full_15373,CINGVCWTV_HLA-A*02:01,tcr4958,1
vdjdb_full_15373_ss_3_n0_iptm_filtered,CINGVCWTV_HLA-A*02:01,tcr5235,0
vdjdb_full_15374,CINGVCWTV_HLA-A*02:01,tcr16,1
vdjdb_full_15374_ss_3_n0_iptm_filtered,CINGVCWTV_HLA-A*02:01,tcr9512,0
vdjdb_full_15382,CINGVCWTV_HLA-A*02:01,tcr7217,1
vdjdb_full_15382_ss_3_n0_iptm_filtered,CINGVCWTV_HLA-A*02:01,tcr6455,0
vdjdb_full_15390,CINGVCWTV_HLA-A*02:01,tcr12823,1
vdjdb_full_15390_ss_3_n0_iptm_filtered,CINGVCWTV_HLA-A*02:01,tcr18120,0
vdjdb_full_15394,CINGVCWTV_HLA-A*02:01,tcr16689,1
vdjdb_full_15394_ss_3_n0_iptm_filtered,CINGVCWTV_HLA-A*02:01,tcr15666,0
vdjdb_full_15397,CINGVCWTV_HLA-A*02:01,tcr17277,1
vdjdb_full_15397_ss_3_n0_iptm_filtered,CINGVCWTV_HLA-A*02:01,tcr14580,0
vdjdb_full_15398,CINGVCWTV_HLA-A*02:01,tcr5137,1
vdjdb_full_15398_ss_3_n0_iptm_filtered,CINGVCWTV_HLA-A*02:01,tcr2249,0
vdjdb_full_15399,CINGVCWTV_HLA-A*02:01,tcr351,1
vdjdb_full_15399_ss_3_n0_iptm_filtered,CINGVCWTV_HLA-A*02:01,tcr16025,0
vdjdb_full_15403,CINGVCWTV_HLA-A*02:01,tcr9503,1
vdjdb_full_15403_ss_3_n0_iptm_filtered,CINGVCWTV_HLA-A*02:01,tcr9416,0
vdjdb_full_15405,CINGVCWTV_HLA-A*02:01,tcr18080,1
vdjdb_full_15405_ss_3_n0_iptm_filtered,CINGVCWTV_HLA-A*02:01,tcr17111,0
vdjdb_full_15423,CINGVCWTV_HLA-A*02:01,tcr105,1
vdjdb_full_15423_ss_3_n0_iptm_filtered,CINGVCWTV_HLA-A*02:01,tcr16498,0
vdjdb_full_15424,CINGVCWTV_HLA-A*02:01,tcr14330,1
vdjdb_full_15424_ss_3_n0_iptm_filtered,CINGVCWTV_HLA-A*02:01,tcr7980,0
vdjdb_full_15443,CINGVCWTV_HLA-A*02:01,tcr3657,1
vdjdb_full_15443_ss_3_n0_iptm_filtered,CINGVCWTV_HLA-A*02:01,tcr7410,0
vdjdb_full_15445,CINGVCWTV_HLA-A*02:01,tcr1915,1
vdjdb_full_15445_ss_3_n0_iptm_filtered,CINGVCWTV_HLA-A*02:01,tcr6739,0
vdjdb_full_15456,CINGVCWTV_HLA-A*02:01,tcr1758,1
vdjdb_full_15456_ss_3_n0_iptm_filtered,CINGVCWTV_HLA-A*02:01,tcr3367,0
vdjdb_full_15459,CINGVCWTV_HLA-A*02:01,tcr11640,1
vdjdb_full_15459_ss_3_n0_iptm_filtered,CINGVCWTV_HLA-A*02:01,tcr15783,0
vdjdb_full_15461,CINGVCWTV_HLA-A*02:01,tcr7364,1
vdjdb_full_15461_ss_3_n0_iptm_filtered,CINGVCWTV_HLA-A*02:01,tcr4035,0
vdjdb_full_15463,CINGVCWTV_HLA-A*02:01,tcr2243,1
vdjdb_full_15463_ss_3_n0_iptm_filtered,CINGVCWTV_HLA-A*02:01,tcr12581,0
vdjdb_full_15465,CINGVCWTV_HLA-A*02:01,tcr13090,1
vdjdb_full_15465_ss_3_n0_iptm_filtered,CINGVCWTV_HLA-A*02:01,tcr1098,0
vdjdb_full_15473,CINGVCWTV_HLA-A*02:01,tcr14158,1
vdjdb_full_15473_ss_3_n0_iptm_filtered,CINGVCWTV_HLA-A*02:01,tcr16703,0
vdjdb_full_15477,CINGVCWTV_HLA-A*02:01,tcr3155,1
vdjdb_full_15477_ss_3_n0_iptm_filtered,CINGVCWTV_HLA-A*02:01,tcr14186,0
vdjdb_full_15478,CINGVCWTV_HLA-A*02:01,tcr15971,1
vdjdb_full_15478_ss_3_n0_iptm_filtered,CINGVCWTV_HLA-A*02:01,tcr3243,0
vdjdb_full_15479,CINGVCWTV_HLA-A*02:01,tcr9154,1
vdjdb_full_15479_ss_3_n0_iptm_filtered,CINGVCWTV_HLA-A*02:01,tcr8169,0
vdjdb_full_15484,CINGVCWTV_HLA-A*02:01,tcr14478,1
vdjdb_full_15484_ss_3_n0_iptm_filtered,CINGVCWTV_HLA-A*02:01,tcr14373,0
vdjdb_full_15485,CINGVCWTV_HLA-A*02:01,tcr10944,1
vdjdb_full_15485_ss_3_n0_iptm_filtered,CINGVCWTV_HLA-A*02:01,tcr8880,0
vdjdb_full_15489,CINGVCWTV_HLA-A*02:01,tcr4575,1
vdjdb_full_15489_ss_3_n0_iptm_filtered,CINGVCWTV_HLA-A*02:01,tcr3755,0
vdjdb_full_15493,CINGVCWTV_HLA-A*02:01,tcr7734,1
vdjdb_full_15493_ss_3_n0_iptm_filtered,CINGVCWTV_HLA-A*02:01,tcr13199,0
vdjdb_full_15497,CINGVCWTV_HLA-A*02:01,tcr11503,1
vdjdb_full_15497_ss_3_n0_iptm_filtered,CINGVCWTV_HLA-A*02:01,tcr14386,0
vdjdb_full_15498,CINGVCWTV_HLA-A*02:01,tcr16936,1
vdjdb_full_15498_ss_3_n0_iptm_filtered,CINGVCWTV_HLA-A*02:01,tcr5440,0
vdjdb_full_15507,CINGVCWTV_HLA-A*02:01,tcr12616,1
vdjdb_full_15507_ss_3_n0_iptm_filtered,CINGVCWTV_HLA-A*02:01,tcr4461,0
vdjdb_full_15508,CINGVCWTV_HLA-A*02:01,tcr12887,1
vdjdb_full_15508_ss_3_n0_iptm_filtered,CINGVCWTV_HLA-A*02:01,tcr12306,0
vdjdb_full_15551,FLRGRAYGL_HLA-B*08:01,tcr6133,1
vdjdb_full_15551_ss_3_n0_iptm_filtered,FLRGRAYGL_HLA-B*08:01,tcr5839,0
vdjdb_full_15555,FLRGRAYGL_HLA-B*08:01,tcr17493,1
vdjdb_full_15555_ss_3_n0_iptm_filtered,FLRGRAYGL_HLA-B*08:01,tcr5489,0
vdjdb_full_15560,FLRGRAYGL_HLA-B*08:01,tcr7662,1
vdjdb_full_15560_ss_3_n0_iptm_filtered,FLRGRAYGL_HLA-B*08:01,tcr14032,0
vdjdb_full_15561,FLRGRAYGL_HLA-B*08:01,tcr13434,1
vdjdb_full_15561_ss_3_n0_iptm_filtered,FLRGRAYGL_HLA-B*08:01,tcr15182,0
vdjdb_full_15563,FLRGRAYGL_HLA-B*08:01,tcr3802,1
vdjdb_full_15563_ss_3_n0_iptm_filtered,FLRGRAYGL_HLA-B*08:01,tcr13568,0
vdjdb_full_15569,FLRGRAYGL_HLA-B*08:01,tcr2119,1
vdjdb_full_15569_ss_3_n0_iptm_filtered,FLRGRAYGL_HLA-B*08:01,tcr15731,0
vdjdb_full_15570,FLRGRAYGL_HLA-B*08:01,tcr16588,1
vdjdb_full_15570_ss_3_n0_iptm_filtered,FLRGRAYGL_HLA-B*08:01,tcr5511,0
vdjdb_full_15573,FLRGRAYGL_HLA-B*08:01,tcr4062,1
vdjdb_full_15573_ss_3_n0_iptm_filtered,FLRGRAYGL_HLA-B*08:01,tcr7084,0
vdjdb_full_15576,FLRGRAYGL_HLA-B*08:01,tcr14373,1
vdjdb_full_15576_ss_3_n0_iptm_filtered,FLRGRAYGL_HLA-B*08:01,tcr4768,0
vdjdb_full_15577,FLRGRAYGL_HLA-B*08:01,tcr17328,1
vdjdb_full_15577_ss_3_n0_iptm_filtered,FLRGRAYGL_HLA-B*08:01,tcr16864,0
vdjdb_full_15578,FLRGRAYGL_HLA-B*08:01,tcr16844,1
vdjdb_full_15578_ss_3_n0_iptm_filtered,FLRGRAYGL_HLA-B*08:01,tcr14909,0
vdjdb_full_15580,FLRGRAYGL_HLA-B*08:01,tcr16629,1
vdjdb_full_15580_ss_3_n0_iptm_filtered,FLRGRAYGL_HLA-B*08:01,tcr18197,0
vdjdb_full_15581,FLRGRAYGL_HLA-B*08:01,tcr9327,1
vdjdb_full_15581_ss_3_n0_iptm_filtered,FLRGRAYGL_HLA-B*08:01,tcr5760,0
vdjdb_full_15582,FLRGRAYGL_HLA-B*08:01,tcr12324,1
vdjdb_full_15582_ss_3_n0_iptm_filtered,FLRGRAYGL_HLA-B*08:01,tcr12645,0
vdjdb_full_15583,FLRGRAYGL_HLA-B*08:01,tcr8300,1
vdjdb_full_15583_ss_3_n0_iptm_filtered,FLRGRAYGL_HLA-B*08:01,tcr11067,0
vdjdb_full_15584,FLRGRAYGL_HLA-B*08:01,tcr8350,1
vdjdb_full_15584_ss_3_n0_iptm_filtered,FLRGRAYGL_HLA-B*08:01,tcr2494,0
vdjdb_full_15585,FLRGRAYGL_HLA-B*08:01,tcr10158,1
vdjdb_full_15585_ss_3_n0_iptm_filtered,FLRGRAYGL_HLA-B*08:01,tcr1403,0
vdjdb_full_15586,FLRGRAYGL_HLA-B*08:01,tcr3910,1
vdjdb_full_15586_ss_3_n0_iptm_filtered,FLRGRAYGL_HLA-B*08:01,tcr4382,0
vdjdb_full_15590,FLRGRAYGL_HLA-B*08:01,tcr2401,1
vdjdb_full_15590_ss_3_n0_iptm_filtered,FLRGRAYGL_HLA-B*08:01,tcr18411,0
vdjdb_full_15593,FLRGRAYGL_HLA-B*08:01,tcr8872,1
vdjdb_full_15593_ss_3_n0_iptm_filtered,FLRGRAYGL_HLA-B*08:01,tcr11148,0
vdjdb_full_15594,FLRGRAYGL_HLA-B*08:01,tcr1490,1
vdjdb_full_15594_ss_3_n0_iptm_filtered,FLRGRAYGL_HLA-B*08:01,tcr2987,0
vdjdb_full_15596,FLRGRAYGL_HLA-B*08:01,tcr13841,1
vdjdb_full_15596_ss_3_n0_iptm_filtered,FLRGRAYGL_HLA-B*08:01,tcr7832,0
vdjdb_full_15602,FLRGRAYGL_HLA-B*08:01,tcr5203,1
vdjdb_full_15602_ss_3_n0_iptm_filtered,FLRGRAYGL_HLA-B*08:01,tcr3868,0
vdjdb_full_15604,FLRGRAYGL_HLA-B*08:01,tcr1959,1
vdjdb_full_15604_ss_3_n0_iptm_filtered,FLRGRAYGL_HLA-B*08:01,tcr7838,0
vdjdb_full_15607,FLRGRAYGL_HLA-B*08:01,tcr17854,1
vdjdb_full_15607_ss_3_n0_iptm_filtered,FLRGRAYGL_HLA-B*08:01,tcr6918,0
vdjdb_full_15611,FLRGRAYGL_HLA-B*08:01,tcr13176,1
vdjdb_full_15611_ss_3_n0_iptm_filtered,FLRGRAYGL_HLA-B*08:01,tcr3937,0
vdjdb_full_15613,FLRGRAYGL_HLA-B*08:01,tcr977,1
vdjdb_full_15613_ss_3_n0_iptm_filtered,FLRGRAYGL_HLA-B*08:01,tcr121,0
vdjdb_full_15616,FLRGRAYGL_HLA-B*08:01,tcr7417,1
vdjdb_full_15616_ss_3_n0_iptm_filtered,FLRGRAYGL_HLA-B*08:01,tcr15783,0
vdjdb_full_15617,FLRGRAYGL_HLA-B*08:01,tcr4825,1
vdjdb_full_15617_ss_3_n0_iptm_filtered,FLRGRAYGL_HLA-B*08:01,tcr9074,0
vdjdb_full_15618,FLRGRAYGL_HLA-B*08:01,tcr10440,1
vdjdb_full_15618_ss_3_n0_iptm_filtered,FLRGRAYGL_HLA-B*08:01,tcr537,0
vdjdb_full_15619,FLRGRAYGL_HLA-B*08:01,tcr16398,1
vdjdb_full_15619_ss_3_n0_iptm_filtered,FLRGRAYGL_HLA-B*08:01,tcr4992,0
vdjdb_full_15622,FLRGRAYGL_HLA-B*08:01,tcr14623,1
vdjdb_full_15622_ss_3_n0_iptm_filtered,FLRGRAYGL_HLA-B*08:01,tcr2380,0
vdjdb_full_15625,FLRGRAYGL_HLA-B*08:01,tcr7395,1
vdjdb_full_15625_ss_3_n0_iptm_filtered,FLRGRAYGL_HLA-B*08:01,tcr16847,0
vdjdb_full_15629,FLRGRAYGL_HLA-B*08:01,tcr2696,1
vdjdb_full_15629_ss_3_n0_iptm_filtered,FLRGRAYGL_HLA-B*08:01,tcr14330,0
vdjdb_full_15630,FLRGRAYGL_HLA-B*08:01,tcr8326,1
vdjdb_full_15630_ss_3_n0_iptm_filtered,FLRGRAYGL_HLA-B*08:01,tcr8264,0
vdjdb_full_15632,FLRGRAYGL_HLA-B*08:01,tcr2725,1
vdjdb_full_15632_ss_3_n0_iptm_filtered,FLRGRAYGL_HLA-B*08:01,tcr16336,0
vdjdb_full_15633,FLRGRAYGL_HLA-B*08:01,tcr10235,1
vdjdb_full_15633_ss_3_n0_iptm_filtered,FLRGRAYGL_HLA-B*08:01,tcr3715,0
vdjdb_full_15635,FLRGRAYGL_HLA-B*08:01,tcr13206,1
vdjdb_full_15635_ss_3_n0_iptm_filtered,FLRGRAYGL_HLA-B*08:01,tcr3929,0
vdjdb_full_15636,FLRGRAYGL_HLA-B*08:01,tcr7219,1
vdjdb_full_15636_ss_3_n0_iptm_filtered,FLRGRAYGL_HLA-B*08:01,tcr8122,0
vdjdb_full_15637,FLRGRAYGL_HLA-B*08:01,tcr3895,1
vdjdb_full_15637_ss_3_n0_iptm_filtered,FLRGRAYGL_HLA-B*08:01,tcr15668,0
vdjdb_full_15638,FLRGRAYGL_HLA-B*08:01,tcr2946,1
vdjdb_full_15638_ss_3_n0_iptm_filtered,FLRGRAYGL_HLA-B*08:01,tcr10588,0
vdjdb_full_15642,FLRGRAYGL_HLA-B*08:01,tcr4755,1
vdjdb_full_15642_ss_3_n0_iptm_filtered,FLRGRAYGL_HLA-B*08:01,tcr18323,0
vdjdb_full_15645,FLRGRAYGL_HLA-B*08:01,tcr14011,1
vdjdb_full_15645_ss_3_n0_iptm_filtered,FLRGRAYGL_HLA-B*08:01,tcr6709,0
vdjdb_full_15646,FLRGRAYGL_HLA-B*08:01,tcr10721,1
vdjdb_full_15646_ss_3_n0_iptm_filtered,FLRGRAYGL_HLA-B*08:01,tcr15971,0
vdjdb_full_15648,FLRGRAYGL_HLA-B*08:01,tcr14806,1
vdjdb_full_15648_ss_3_n0_iptm_filtered,FLRGRAYGL_HLA-B*08:01,tcr439,0
vdjdb_full_15649,FLRGRAYGL_HLA-B*08:01,tcr17332,1
vdjdb_full_15649_ss_3_n0_iptm_filtered,FLRGRAYGL_HLA-B*08:01,tcr8107,0
vdjdb_full_15656,FLRGRAYGL_HLA-B*08:01,tcr6225,1
vdjdb_full_15656_ss_3_n0_iptm_filtered,FLRGRAYGL_HLA-B*08:01,tcr9097,0
vdjdb_full_15657,FLRGRAYGL_HLA-B*08:01,tcr14229,1
vdjdb_full_15657_ss_3_n0_iptm_filtered,FLRGRAYGL_HLA-B*08:01,tcr4965,0
vdjdb_full_15660,FLRGRAYGL_HLA-B*08:01,tcr2514,1
vdjdb_full_15660_ss_3_n0_iptm_filtered,FLRGRAYGL_HLA-B*08:01,tcr18361,0
vdjdb_full_15661,FLRGRAYGL_HLA-B*08:01,tcr4068,1
vdjdb_full_15661_ss_3_n0_iptm_filtered,FLRGRAYGL_HLA-B*08:01,tcr1116,0
vdjdb_full_15662,FLRGRAYGL_HLA-B*08:01,tcr3577,1
vdjdb_full_15662_ss_3_n0_iptm_filtered,FLRGRAYGL_HLA-B*08:01,tcr7038,0
vdjdb_full_15663,FLRGRAYGL_HLA-B*08:01,tcr18218,1
vdjdb_full_15663_ss_3_n0_iptm_filtered,FLRGRAYGL_HLA-B*08:01,tcr8963,0
vdjdb_full_15664,FLRGRAYGL_HLA-B*08:01,tcr18369,1
vdjdb_full_15664_ss_3_n0_iptm_filtered,FLRGRAYGL_HLA-B*08:01,tcr10905,0
vdjdb_full_15665,FLRGRAYGL_HLA-B*08:01,tcr15771,1
vdjdb_full_15665_ss_3_n0_iptm_filtered,FLRGRAYGL_HLA-B*08:01,tcr14536,0
vdjdb_full_15666,FLRGRAYGL_HLA-B*08:01,tcr16511,1
vdjdb_full_15666_ss_3_n0_iptm_filtered,FLRGRAYGL_HLA-B*08:01,tcr5642,0
vdjdb_full_15667,FLRGRAYGL_HLA-B*08:01,tcr454,1
vdjdb_full_15667_ss_3_n0_iptm_filtered,FLRGRAYGL_HLA-B*08:01,tcr5021,0
vdjdb_full_15671,FLRGRAYGL_HLA-B*08:01,tcr8024,1
vdjdb_full_15671_ss_3_n0_iptm_filtered,FLRGRAYGL_HLA-B*08:01,tcr10121,0
vdjdb_full_15674,FLRGRAYGL_HLA-B*08:01,tcr9980,1
vdjdb_full_15674_ss_3_n0_iptm_filtered,FLRGRAYGL_HLA-B*08:01,tcr11523,0
vdjdb_full_15675,FLRGRAYGL_HLA-B*08:01,tcr11223,1
vdjdb_full_15675_ss_3_n0_iptm_filtered,FLRGRAYGL_HLA-B*08:01,tcr232,0
vdjdb_full_15677,FLRGRAYGL_HLA-B*08:01,tcr10682,1
vdjdb_full_15677_ss_3_n0_iptm_filtered,FLRGRAYGL_HLA-B*08:01,tcr15783,0
vdjdb_full_15679,FLRGRAYGL_HLA-B*08:01,tcr13095,1
vdjdb_full_15679_ss_3_n0_iptm_filtered,FLRGRAYGL_HLA-B*08:01,tcr11001,0
vdjdb_full_15683,FLRGRAYGL_HLA-B*08:01,tcr8873,1
vdjdb_full_15683_ss_3_n0_iptm_filtered,FLRGRAYGL_HLA-B*08:01,tcr4042,0
vdjdb_full_15684,FLRGRAYGL_HLA-B*08:01,tcr15829,1
vdjdb_full_15684_ss_3_n0_iptm_filtered,FLRGRAYGL_HLA-B*08:01,tcr8890,0
vdjdb_full_15686,FLRGRAYGL_HLA-B*08:01,tcr12498,1
vdjdb_full_15686_ss_3_n0_iptm_filtered,FLRGRAYGL_HLA-B*08:01,tcr12357,0
vdjdb_full_15687,FLRGRAYGL_HLA-B*08:01,tcr3139,1
vdjdb_full_15687_ss_3_n0_iptm_filtered,FLRGRAYGL_HLA-B*08:01,tcr16422,0
vdjdb_full_15688,FLRGRAYGL_HLA-B*08:01,tcr5935,1
vdjdb_full_15688_ss_3_n0_iptm_filtered,FLRGRAYGL_HLA-B*08:01,tcr18411,0
vdjdb_full_15690,FLRGRAYGL_HLA-B*08:01,tcr9719,1
vdjdb_full_15690_ss_3_n0_iptm_filtered,FLRGRAYGL_HLA-B*08:01,tcr232,0
vdjdb_full_15692,FLRGRAYGL_HLA-B*08:01,tcr3924,1
vdjdb_full_15692_ss_3_n0_iptm_filtered,FLRGRAYGL_HLA-B*08:01,tcr12539,0
vdjdb_full_15693,FLRGRAYGL_HLA-B*08:01,tcr1189,1
vdjdb_full_15693_ss_3_n0_iptm_filtered,FLRGRAYGL_HLA-B*08:01,tcr2355,0
vdjdb_full_15694,FLRGRAYGL_HLA-B*08:01,tcr1456,1
vdjdb_full_15694_ss_3_n0_iptm_filtered,FLRGRAYGL_HLA-B*08:01,tcr14186,0
vdjdb_full_15696,FLRGRAYGL_HLA-B*08:01,tcr402,1
vdjdb_full_15696_ss_3_n0_iptm_filtered,FLRGRAYGL_HLA-B*08:01,tcr12941,0
vdjdb_full_15698,FLRGRAYGL_HLA-B*08:01,tcr7551,1
vdjdb_full_15698_ss_3_n0_iptm_filtered,FLRGRAYGL_HLA-B*08:01,tcr8169,0
vdjdb_full_157,KLGGALQAK_HLA-A*03:01,tcr439,1
vdjdb_full_157_ss_3_n0_iptm_filtered,KLGGALQAK_HLA-A*03:01,tcr856,0
vdjdb_full_15701,FLRGRAYGL_HLA-B*08:01,tcr4183,1
vdjdb_full_15701_ss_3_n0_iptm_filtered,FLRGRAYGL_HLA-B*08:01,tcr6559,0
vdjdb_full_15703,FLRGRAYGL_HLA-B*08:01,tcr9646,1
vdjdb_full_15703_ss_3_n0_iptm_filtered,FLRGRAYGL_HLA-B*08:01,tcr17277,0
vdjdb_full_15715,VYFLQSINF_HLA-A*24:02,tcr1468,1
vdjdb_full_15715_ss_3_n0_iptm_filtered,VYFLQSINF_HLA-A*24:02,tcr14005,0
vdjdb_full_15724,VYFLQSINF_HLA-A*24:02,tcr13477,1
vdjdb_full_15724_ss_3_n0_iptm_filtered,VYFLQSINF_HLA-A*24:02,tcr1958,0
vdjdb_full_15734,VYFLQSINF_HLA-A*24:02,tcr12113,1
vdjdb_full_15734_ss_3_n0_iptm_filtered,VYFLQSINF_HLA-A*24:02,tcr13362,0
vdjdb_full_15735,VYFLQSINF_HLA-A*24:02,tcr14562,1
vdjdb_full_15735_ss_3_n0_iptm_filtered,VYFLQSINF_HLA-A*24:02,tcr18,0
vdjdb_full_15736,VYFLQSINF_HLA-A*24:02,tcr12918,1
vdjdb_full_15736_ss_3_n0_iptm_filtered,VYFLQSINF_HLA-A*24:02,tcr6464,0
vdjdb_full_15737,VYFLQSINF_HLA-A*24:02,tcr15839,1
vdjdb_full_15737_ss_3_n0_iptm_filtered,VYFLQSINF_HLA-A*24:02,tcr14300,0
vdjdb_full_15738,VYFLQSINF_HLA-A*24:02,tcr281,1
vdjdb_full_15738_ss_3_n0_iptm_filtered,VYFLQSINF_HLA-A*24:02,tcr4385,0
vdjdb_full_15743,VYFLQSINF_HLA-A*24:02,tcr17866,1
vdjdb_full_15743_ss_3_n0_iptm_filtered,VYFLQSINF_HLA-A*24:02,tcr292,0
vdjdb_full_15747,STNVGSNTY_HLA-A*01:01,tcr15150,1
vdjdb_full_15747_ss_3_n0_iptm_filtered,STNVGSNTY_HLA-A*01:01,tcr7980,0
vdjdb_full_15748,STNVGSNTY_HLA-A*01:01,tcr11952,1
vdjdb_full_15748_ss_3_n0_iptm_filtered,STNVGSNTY_HLA-A*01:01,tcr3756,0
vdjdb_full_15750,STNVGSNTY_HLA-A*01:01,tcr5644,1
vdjdb_full_15750_ss_3_n0_iptm_filtered,STNVGSNTY_HLA-A*01:01,tcr9227,0
vdjdb_full_15751,STNVGSNTY_HLA-A*01:01,tcr18248,1
vdjdb_full_15751_ss_3_n0_iptm_filtered,STNVGSNTY_HLA-A*01:01,tcr1085,0
vdjdb_full_15754,STNVGSNTY_HLA-A*01:01,tcr11013,1
vdjdb_full_15754_ss_3_n0_iptm_filtered,STNVGSNTY_HLA-A*01:01,tcr224,0
vdjdb_full_15755,RTLNAWVKV_HLA-A*02:01,tcr16908,1
vdjdb_full_15755_ss_3_n0_iptm_filtered,RTLNAWVKV_HLA-A*02:01,tcr4748,0
vdjdb_full_15762,RTLNAWVKV_HLA-A*02:01,tcr3804,1
vdjdb_full_15762_ss_3_n0_iptm_filtered,RTLNAWVKV_HLA-A*02:01,tcr11013,0
vdjdb_full_15763,RTLNAWVKV_HLA-A*02:01,tcr2709,1
vdjdb_full_15763_ss_3_n0_iptm_filtered,RTLNAWVKV_HLA-A*02:01,tcr618,0
vdjdb_full_15764,RTLNAWVKV_HLA-A*02:01,tcr14203,1
vdjdb_full_15764_ss_3_n0_iptm_filtered,RTLNAWVKV_HLA-A*02:01,tcr5439,0
vdjdb_full_15766,RTLNAWVKV_HLA-A*02:01,tcr5635,1
vdjdb_full_15766_ss_3_n0_iptm_filtered,RTLNAWVKV_HLA-A*02:01,tcr2838,0
vdjdb_full_15772,RTLNAWVKV_HLA-A*02:01,tcr15580,1
vdjdb_full_15772_ss_3_n0_iptm_filtered,RTLNAWVKV_HLA-A*02:01,tcr8457,0
vdjdb_full_15776,RTLNAWVKV_HLA-A*02:01,tcr6455,1
vdjdb_full_15776_ss_3_n0_iptm_filtered,RTLNAWVKV_HLA-A*02:01,tcr10912,0
vdjdb_full_15780,RTLNAWVKV_HLA-A*02:01,tcr7360,1
vdjdb_full_15780_ss_3_n0_iptm_filtered,RTLNAWVKV_HLA-A*02:01,tcr5115,0
vdjdb_full_15781,RTLNAWVKV_HLA-A*02:01,tcr985,1
vdjdb_full_15781_ss_3_n0_iptm_filtered,RTLNAWVKV_HLA-A*02:01,tcr9851,0
vdjdb_full_15787,RTLNAWVKV_HLA-A*02:01,tcr2011,1
vdjdb_full_15787_ss_3_n0_iptm_filtered,RTLNAWVKV_HLA-A*02:01,tcr10380,0
vdjdb_full_15794,RTLNAWVKV_HLA-A*02:01,tcr8665,1
vdjdb_full_15794_ss_3_n0_iptm_filtered,RTLNAWVKV_HLA-A*02:01,tcr15489,0
vdjdb_full_15797,RTLNAWVKV_HLA-A*02:01,tcr18292,1
vdjdb_full_15797_ss_3_n0_iptm_filtered,RTLNAWVKV_HLA-A*02:01,tcr17277,0
vdjdb_full_15799,RTLNAWVKV_HLA-A*02:01,tcr13319,1
vdjdb_full_15799_ss_3_n0_iptm_filtered,RTLNAWVKV_HLA-A*02:01,tcr9202,0
vdjdb_full_15833,KLWAQCVQL_HLA-A*02:01,tcr12981,1
vdjdb_full_15833_ss_3_n0_iptm_filtered,KLWAQCVQL_HLA-A*02:01,tcr6133,0
vdjdb_full_15834,KLWAQCVQL_HLA-A*02:01,tcr4308,1
vdjdb_full_15834_ss_3_n0_iptm_filtered,KLWAQCVQL_HLA-A*02:01,tcr13308,0
vdjdb_full_15835,KLWAQCVQL_HLA-A*02:01,tcr2798,1
vdjdb_full_15835_ss_3_n0_iptm_filtered,KLWAQCVQL_HLA-A*02:01,tcr9627,0
vdjdb_full_15836,KLWAQCVQL_HLA-A*02:01,tcr1031,1
vdjdb_full_15836_ss_3_n0_iptm_filtered,KLWAQCVQL_HLA-A*02:01,tcr402,0
vdjdb_full_15837,KLWAQCVQL_HLA-A*02:01,tcr17522,1
vdjdb_full_15837_ss_3_n0_iptm_filtered,KLWAQCVQL_HLA-A*02:01,tcr14220,0
vdjdb_full_15838,KLWAQCVQL_HLA-A*02:01,tcr9199,1
vdjdb_full_15838_ss_3_n0_iptm_filtered,KLWAQCVQL_HLA-A*02:01,tcr17332,0
vdjdb_full_15841,KLWAQCVQL_HLA-A*02:01,tcr14763,1
vdjdb_full_15841_ss_3_n0_iptm_filtered,KLWAQCVQL_HLA-A*02:01,tcr5570,0
vdjdb_full_15842,KLWAQCVQL_HLA-A*02:01,tcr11354,1
vdjdb_full_15842_ss_3_n0_iptm_filtered,KLWAQCVQL_HLA-A*02:01,tcr7410,0
vdjdb_full_15843,KLWAQCVQL_HLA-A*02:01,tcr3236,1
vdjdb_full_15843_ss_3_n0_iptm_filtered,KLWAQCVQL_HLA-A*02:01,tcr11440,0
vdjdb_full_15844,KLWAQCVQL_HLA-A*02:01,tcr7628,1
vdjdb_full_15844_ss_3_n0_iptm_filtered,KLWAQCVQL_HLA-A*02:01,tcr4575,0
vdjdb_full_15845,KLWAQCVQL_HLA-A*02:01,tcr13371,1
vdjdb_full_15845_ss_3_n0_iptm_filtered,KLWAQCVQL_HLA-A*02:01,tcr10672,0
vdjdb_full_15846,KLWAQCVQL_HLA-A*02:01,tcr1803,1
vdjdb_full_15846_ss_3_n0_iptm_filtered,KLWAQCVQL_HLA-A*02:01,tcr6918,0
vdjdb_full_15847,KLWAQCVQL_HLA-A*02:01,tcr2002,1
vdjdb_full_15847_ss_3_n0_iptm_filtered,KLWAQCVQL_HLA-A*02:01,tcr16291,0
vdjdb_full_15848,KLWAQCVQL_HLA-A*02:01,tcr15875,1
vdjdb_full_15848_ss_3_n0_iptm_filtered,KLWAQCVQL_HLA-A*02:01,tcr10845,0
vdjdb_full_15849,KLWAQCVQL_HLA-A*02:01,tcr8339,1
vdjdb_full_15849_ss_3_n0_iptm_filtered,KLWAQCVQL_HLA-A*02:01,tcr12570,0
vdjdb_full_15850,KLWAQCVQL_HLA-A*02:01,tcr15487,1
vdjdb_full_15850_ss_3_n0_iptm_filtered,KLWAQCVQL_HLA-A*02:01,tcr7508,0
vdjdb_full_15851,KLWAQCVQL_HLA-A*02:01,tcr5901,1
vdjdb_full_15851_ss_3_n0_iptm_filtered,KLWAQCVQL_HLA-A*02:01,tcr3188,0
vdjdb_full_1587,KLGGALQAK_HLA-A*03:01,tcr3782,1
vdjdb_full_1587_ss_3_n0_iptm_filtered,KLGGALQAK_HLA-A*03:01,tcr14304,0
vdjdb_full_15990,KLVALGINAV_HLA-A*02:01,tcr2022,1
vdjdb_full_15990_ss_3_n0_iptm_filtered,KLVALGINAV_HLA-A*02:01,tcr5935,0
vdjdb_full_15991,KLVALGINAV_HLA-A*02:01,tcr15599,1
vdjdb_full_15991_ss_3_n0_iptm_filtered,KLVALGINAV_HLA-A*02:01,tcr3837,0
vdjdb_full_15992,KLVALGINAV_HLA-A*02:01,tcr13070,1
vdjdb_full_15992_ss_3_n0_iptm_filtered,KLVALGINAV_HLA-A*02:01,tcr13722,0
vdjdb_full_15993,KLVALGINAV_HLA-A*02:01,tcr4843,1
vdjdb_full_15993_ss_3_n0_iptm_filtered,KLVALGINAV_HLA-A*02:01,tcr10040,0
vdjdb_full_15994,KLVALGINAV_HLA-A*02:01,tcr10219,1
vdjdb_full_15994_ss_3_n0_iptm_filtered,KLVALGINAV_HLA-A*02:01,tcr685,0
vdjdb_full_15995,KLVALGINAV_HLA-A*02:01,tcr2541,1
vdjdb_full_15995_ss_3_n0_iptm_filtered,KLVALGINAV_HLA-A*02:01,tcr8383,0
vdjdb_full_15996,KLVALGINAV_HLA-A*02:01,tcr4826,1
vdjdb_full_15996_ss_3_n0_iptm_filtered,KLVALGINAV_HLA-A*02:01,tcr3802,0
vdjdb_full_15997,KLVALGINAV_HLA-A*02:01,tcr8395,1
vdjdb_full_15997_ss_3_n0_iptm_filtered,KLVALGINAV_HLA-A*02:01,tcr11041,0
vdjdb_full_15998,KLVALGINAV_HLA-A*02:01,tcr6637,1
vdjdb_full_15998_ss_3_n0_iptm_filtered,KLVALGINAV_HLA-A*02:01,tcr17835,0
vdjdb_full_16001,KLVALGINAV_HLA-A*02:01,tcr10438,1
vdjdb_full_16001_ss_3_n0_iptm_filtered,KLVALGINAV_HLA-A*02:01,tcr14085,0
vdjdb_full_16002,KLVALGINAV_HLA-A*02:01,tcr16281,1
vdjdb_full_16002_ss_3_n0_iptm_filtered,KLVALGINAV_HLA-A*02:01,tcr3368,0
vdjdb_full_16004,KLVALGINAV_HLA-A*02:01,tcr3265,1
vdjdb_full_16004_ss_3_n0_iptm_filtered,KLVALGINAV_HLA-A*02:01,tcr5500,0
vdjdb_full_16005,KLVALGINAV_HLA-A*02:01,tcr12907,1
vdjdb_full_16005_ss_3_n0_iptm_filtered,KLVALGINAV_HLA-A*02:01,tcr2083,0
vdjdb_full_16006,KLVALGINAV_HLA-A*02:01,tcr14701,1
vdjdb_full_16006_ss_3_n0_iptm_filtered,KLVALGINAV_HLA-A*02:01,tcr4370,0
vdjdb_full_16007,KLVALGINAV_HLA-A*02:01,tcr1185,1
vdjdb_full_16007_ss_3_n0_iptm_filtered,KLVALGINAV_HLA-A*02:01,tcr12683,0
vdjdb_full_16008,KLVALGINAV_HLA-A*02:01,tcr15346,1
vdjdb_full_16008_ss_3_n0_iptm_filtered,KLVALGINAV_HLA-A*02:01,tcr9747,0
vdjdb_full_16009,KLVALGINAV_HLA-A*02:01,tcr14664,1
vdjdb_full_16009_ss_3_n0_iptm_filtered,KLVALGINAV_HLA-A*02:01,tcr985,0
vdjdb_full_16010,KLVALGINAV_HLA-A*02:01,tcr3667,1
vdjdb_full_16010_ss_3_n0_iptm_filtered,KLVALGINAV_HLA-A*02:01,tcr10835,0
vdjdb_full_16012,KLVALGINAV_HLA-A*02:01,tcr9129,1
vdjdb_full_16012_ss_3_n0_iptm_filtered,KLVALGINAV_HLA-A*02:01,tcr4952,0
vdjdb_full_16013,KLVALGINAV_HLA-A*02:01,tcr11598,1
vdjdb_full_16013_ss_3_n0_iptm_filtered,KLVALGINAV_HLA-A*02:01,tcr16495,0
vdjdb_full_16014,KLVALGINAV_HLA-A*02:01,tcr3801,1
vdjdb_full_16014_ss_3_n0_iptm_filtered,KLVALGINAV_HLA-A*02:01,tcr8108,0
vdjdb_full_16016,KLVALGINAV_HLA-A*02:01,tcr2533,1
vdjdb_full_16016_ss_3_n0_iptm_filtered,KLVALGINAV_HLA-A*02:01,tcr10273,0
vdjdb_full_16018,KLVALGINAV_HLA-A*02:01,tcr9001,1
vdjdb_full_16018_ss_3_n0_iptm_filtered,KLVALGINAV_HLA-A*02:01,tcr5423,0
vdjdb_full_16019,KLVALGINAV_HLA-A*02:01,tcr558,1
vdjdb_full_16019_ss_3_n0_iptm_filtered,KLVALGINAV_HLA-A*02:01,tcr17493,0
vdjdb_full_16020,KLVALGINAV_HLA-A*02:01,tcr14536,1
vdjdb_full_16020_ss_3_n0_iptm_filtered,KLVALGINAV_HLA-A*02:01,tcr9286,0
vdjdb_full_16021,KLVALGINAV_HLA-A*02:01,tcr5642,1
vdjdb_full_16021_ss_3_n0_iptm_filtered,KLVALGINAV_HLA-A*02:01,tcr13840,0
vdjdb_full_16022,KLVALGINAV_HLA-A*02:01,tcr15118,1
vdjdb_full_16022_ss_3_n0_iptm_filtered,KLVALGINAV_HLA-A*02:01,tcr16709,0
vdjdb_full_16023,KLVALGINAV_HLA-A*02:01,tcr8890,1
vdjdb_full_16023_ss_3_n0_iptm_filtered,KLVALGINAV_HLA-A*02:01,tcr7435,0
vdjdb_full_16024,KLVALGINAV_HLA-A*02:01,tcr16023,1
vdjdb_full_16024_ss_3_n0_iptm_filtered,KLVALGINAV_HLA-A*02:01,tcr1179,0
vdjdb_full_16025,KLVALGINAV_HLA-A*02:01,tcr16291,1
vdjdb_full_16025_ss_3_n0_iptm_filtered,KLVALGINAV_HLA-A*02:01,tcr14335,0
vdjdb_full_16026,KLVALGINAV_HLA-A*02:01,tcr14829,1
vdjdb_full_16026_ss_3_n0_iptm_filtered,KLVALGINAV_HLA-A*02:01,tcr14224,0
vdjdb_full_16027,KLVALGINAV_HLA-A*02:01,tcr762,1
vdjdb_full_16027_ss_3_n0_iptm_filtered,KLVALGINAV_HLA-A*02:01,tcr6709,0
vdjdb_full_16079,VMVELVAEL_HLA-A*02:01,tcr6817,1
vdjdb_full_16079_ss_3_n0_iptm_filtered,VMVELVAEL_HLA-A*02:01,tcr589,0
vdjdb_full_16083,VMVELVAEL_HLA-A*02:01,tcr14304,1
vdjdb_full_16083_ss_3_n0_iptm_filtered,VMVELVAEL_HLA-A*02:01,tcr9697,0
vdjdb_full_16087,VMVELVAEL_HLA-A*02:01,tcr8897,1
vdjdb_full_16087_ss_3_n0_iptm_filtered,VMVELVAEL_HLA-A*02:01,tcr17893,0
vdjdb_full_16170,GPRLGVRAT_HLA-B*07:02,tcr11506,1
vdjdb_full_16170_ss_3_n0_iptm_filtered,GPRLGVRAT_HLA-B*07:02,tcr16690,0
vdjdb_full_16171,GPRLGVRAT_HLA-B*07:02,tcr10733,1
vdjdb_full_16171_ss_3_n0_iptm_filtered,GPRLGVRAT_HLA-B*07:02,tcr3236,0
vdjdb_full_16174,GPRLGVRAT_HLA-B*07:02,tcr17663,1
vdjdb_full_16174_ss_3_n0_iptm_filtered,GPRLGVRAT_HLA-B*07:02,tcr10716,0
vdjdb_full_16175,GPRLGVRAT_HLA-B*07:02,tcr2271,1
vdjdb_full_16175_ss_3_n0_iptm_filtered,GPRLGVRAT_HLA-B*07:02,tcr1302,0
vdjdb_full_16183,GPRLGVRAT_HLA-B*07:02,tcr54,1
vdjdb_full_16183_ss_3_n0_iptm_filtered,GPRLGVRAT_HLA-B*07:02,tcr1909,0
vdjdb_full_16186,GPRLGVRAT_HLA-B*07:02,tcr4923,1
vdjdb_full_16186_ss_3_n0_iptm_filtered,GPRLGVRAT_HLA-B*07:02,tcr15130,0
vdjdb_full_16187,GPRLGVRAT_HLA-B*07:02,tcr2363,1
vdjdb_full_16187_ss_3_n0_iptm_filtered,GPRLGVRAT_HLA-B*07:02,tcr833,0
vdjdb_full_16188,GPRLGVRAT_HLA-B*07:02,tcr17671,1
vdjdb_full_16188_ss_3_n0_iptm_filtered,GPRLGVRAT_HLA-B*07:02,tcr10323,0
vdjdb_full_16190,GPRLGVRAT_HLA-B*07:02,tcr17055,1
vdjdb_full_16190_ss_3_n0_iptm_filtered,GPRLGVRAT_HLA-B*07:02,tcr12902,0
vdjdb_full_16191,GPRLGVRAT_HLA-B*07:02,tcr10,1
vdjdb_full_16191_ss_3_n0_iptm_filtered,GPRLGVRAT_HLA-B*07:02,tcr16184,0
vdjdb_full_16193,GPRLGVRAT_HLA-B*07:02,tcr13863,1
vdjdb_full_16193_ss_3_n0_iptm_filtered,GPRLGVRAT_HLA-B*07:02,tcr6879,0
vdjdb_full_16196,GPRLGVRAT_HLA-B*07:02,tcr17910,1
vdjdb_full_16196_ss_3_n0_iptm_filtered,GPRLGVRAT_HLA-B*07:02,tcr18251,0
vdjdb_full_16200,GPRLGVRAT_HLA-B*07:02,tcr3715,1
vdjdb_full_16200_ss_3_n0_iptm_filtered,GPRLGVRAT_HLA-B*07:02,tcr4389,0
vdjdb_full_16201,GPRLGVRAT_HLA-B*07:02,tcr14341,1
vdjdb_full_16201_ss_3_n0_iptm_filtered,GPRLGVRAT_HLA-B*07:02,tcr602,0
vdjdb_full_16202,GPRLGVRAT_HLA-B*07:02,tcr16500,1
vdjdb_full_16202_ss_3_n0_iptm_filtered,GPRLGVRAT_HLA-B*07:02,tcr11012,0
vdjdb_full_16205,GPRLGVRAT_HLA-B*07:02,tcr11176,1
vdjdb_full_16205_ss_3_n0_iptm_filtered,GPRLGVRAT_HLA-B*07:02,tcr17854,0
vdjdb_full_16208,GPRLGVRAT_HLA-B*07:02,tcr13780,1
vdjdb_full_16208_ss_3_n0_iptm_filtered,GPRLGVRAT_HLA-B*07:02,tcr3895,0
vdjdb_full_16210,GPRLGVRAT_HLA-B*07:02,tcr2126,1
vdjdb_full_16210_ss_3_n0_iptm_filtered,GPRLGVRAT_HLA-B*07:02,tcr8659,0
vdjdb_full_16211,GPRLGVRAT_HLA-B*07:02,tcr17551,1
vdjdb_full_16211_ss_3_n0_iptm_filtered,GPRLGVRAT_HLA-B*07:02,tcr16703,0
vdjdb_full_16212,GPRLGVRAT_HLA-B*07:02,tcr1884,1
vdjdb_full_16212_ss_3_n0_iptm_filtered,GPRLGVRAT_HLA-B*07:02,tcr2568,0
vdjdb_full_16213,GPRLGVRAT_HLA-B*07:02,tcr956,1
vdjdb_full_16213_ss_3_n0_iptm_filtered,GPRLGVRAT_HLA-B*07:02,tcr847,0
vdjdb_full_16215,GPRLGVRAT_HLA-B*07:02,tcr13282,1
vdjdb_full_16215_ss_3_n0_iptm_filtered,GPRLGVRAT_HLA-B*07:02,tcr17111,0
vdjdb_full_16217,GPRLGVRAT_HLA-B*07:02,tcr2114,1
vdjdb_full_16217_ss_3_n0_iptm_filtered,GPRLGVRAT_HLA-B*07:02,tcr13394,0
vdjdb_full_16218,GPRLGVRAT_HLA-B*07:02,tcr11169,1
vdjdb_full_16218_ss_3_n0_iptm_filtered,GPRLGVRAT_HLA-B*07:02,tcr15983,0
vdjdb_full_16236,GIIYIIYKL_HLA-A*02:01,tcr15147,1
vdjdb_full_16236_ss_3_n0_iptm_filtered,GIIYIIYKL_HLA-A*02:01,tcr702,0
vdjdb_full_16241,GIIYIIYKL_HLA-A*02:01,tcr13027,1
vdjdb_full_16241_ss_3_n0_iptm_filtered,GIIYIIYKL_HLA-A*02:01,tcr15699,0
vdjdb_full_16242,GIIYIIYKL_HLA-A*02:01,tcr16541,1
vdjdb_full_16242_ss_3_n0_iptm_filtered,GIIYIIYKL_HLA-A*02:01,tcr13343,0
vdjdb_full_16244,GIIYIIYKL_HLA-A*02:01,tcr14386,1
vdjdb_full_16244_ss_3_n0_iptm_filtered,GIIYIIYKL_HLA-A*02:01,tcr16192,0
vdjdb_full_16247,GIIYIIYKL_HLA-A*02:01,tcr2695,1
vdjdb_full_16247_ss_3_n0_iptm_filtered,GIIYIIYKL_HLA-A*02:01,tcr14311,0
vdjdb_full_16249,GIIYIIYKL_HLA-A*02:01,tcr12150,1
vdjdb_full_16249_ss_3_n0_iptm_filtered,GIIYIIYKL_HLA-A*02:01,tcr16152,0
vdjdb_full_16253,GIIYIIYKL_HLA-A*02:01,tcr4681,1
vdjdb_full_16253_ss_3_n0_iptm_filtered,GIIYIIYKL_HLA-A*02:01,tcr15875,0
vdjdb_full_16338,VTDAAHLLI_HLA-A*01:01,tcr15575,1
vdjdb_full_16338_ss_3_n0_iptm_filtered,VTDAAHLLI_HLA-A*01:01,tcr2420,0
vdjdb_full_16342,VTDAAHLLI_HLA-A*01:01,tcr7180,1
vdjdb_full_16342_ss_3_n0_iptm_filtered,VTDAAHLLI_HLA-A*01:01,tcr9891,0
vdjdb_full_16343,VTDAAHLLI_HLA-A*01:01,tcr14065,1
vdjdb_full_16343_ss_3_n0_iptm_filtered,VTDAAHLLI_HLA-A*01:01,tcr16291,0
vdjdb_full_16346,VTDAAHLLI_HLA-A*01:01,tcr14880,1
vdjdb_full_16346_ss_3_n0_iptm_filtered,VTDAAHLLI_HLA-A*01:01,tcr16498,0
vdjdb_full_16349,VTDAAHLLI_HLA-A*01:01,tcr15542,1
vdjdb_full_16349_ss_3_n0_iptm_filtered,VTDAAHLLI_HLA-A*01:01,tcr16005,0
vdjdb_full_16350,VTDAAHLLI_HLA-A*01:01,tcr13927,1
vdjdb_full_16350_ss_3_n0_iptm_filtered,VTDAAHLLI_HLA-A*01:01,tcr16138,0
vdjdb_full_16351,VTDAAHLLI_HLA-A*01:01,tcr2396,1
vdjdb_full_16351_ss_3_n0_iptm_filtered,VTDAAHLLI_HLA-A*01:01,tcr1572,0
vdjdb_full_16355,PTDNYITTY_HLA-A*01:01,tcr14740,1
vdjdb_full_16355_ss_3_n0_iptm_filtered,PTDNYITTY_HLA-A*01:01,tcr3840,0
vdjdb_full_16356,PTDNYITTY_HLA-A*01:01,tcr3809,1
vdjdb_full_16356_ss_3_n0_iptm_filtered,PTDNYITTY_HLA-A*01:01,tcr4681,0
vdjdb_full_16357,PTDNYITTY_HLA-A*01:01,tcr18361,1
vdjdb_full_16357_ss_3_n0_iptm_filtered,PTDNYITTY_HLA-A*01:01,tcr8233,0
vdjdb_full_16359,PTDNYITTY_HLA-A*01:01,tcr11918,1
vdjdb_full_16359_ss_3_n0_iptm_filtered,PTDNYITTY_HLA-A*01:01,tcr17773,0
vdjdb_full_16360,PTDNYITTY_HLA-A*01:01,tcr12601,1
vdjdb_full_16360_ss_3_n0_iptm_filtered,PTDNYITTY_HLA-A*01:01,tcr1341,0
vdjdb_full_16361,PTDNYITTY_HLA-A*01:01,tcr14948,1
vdjdb_full_16361_ss_3_n0_iptm_filtered,PTDNYITTY_HLA-A*01:01,tcr3181,0
vdjdb_full_16362,PTDNYITTY_HLA-A*01:01,tcr12710,1
vdjdb_full_16362_ss_3_n0_iptm_filtered,PTDNYITTY_HLA-A*01:01,tcr9375,0
vdjdb_full_16363,PTDNYITTY_HLA-A*01:01,tcr14866,1
vdjdb_full_16363_ss_3_n0_iptm_filtered,PTDNYITTY_HLA-A*01:01,tcr4393,0
vdjdb_full_16370,PTDNYITTY_HLA-A*01:01,tcr13447,1
vdjdb_full_16370_ss_3_n0_iptm_filtered,PTDNYITTY_HLA-A*01:01,tcr9038,0
vdjdb_full_16371,PTDNYITTY_HLA-A*01:01,tcr6742,1
vdjdb_full_16371_ss_3_n0_iptm_filtered,PTDNYITTY_HLA-A*01:01,tcr13513,0
vdjdb_full_16373,PTDNYITTY_HLA-A*01:01,tcr5143,1
vdjdb_full_16373_ss_3_n0_iptm_filtered,PTDNYITTY_HLA-A*01:01,tcr18271,0
vdjdb_full_16374,PTDNYITTY_HLA-A*01:01,tcr9074,1
vdjdb_full_16374_ss_3_n0_iptm_filtered,PTDNYITTY_HLA-A*01:01,tcr13927,0
vdjdb_full_16376,PTDNYITTY_HLA-A*01:01,tcr8980,1
vdjdb_full_16376_ss_3_n0_iptm_filtered,PTDNYITTY_HLA-A*01:01,tcr7584,0
vdjdb_full_16380,PTDNYITTY_HLA-A*01:01,tcr12876,1
vdjdb_full_16380_ss_3_n0_iptm_filtered,PTDNYITTY_HLA-A*01:01,tcr3910,0
vdjdb_full_16381,PTDNYITTY_HLA-A*01:01,tcr3998,1
vdjdb_full_16381_ss_3_n0_iptm_filtered,PTDNYITTY_HLA-A*01:01,tcr3465,0
vdjdb_full_16382,PTDNYITTY_HLA-A*01:01,tcr15489,1
vdjdb_full_16382_ss_3_n0_iptm_filtered,PTDNYITTY_HLA-A*01:01,tcr14352,0
vdjdb_full_16384,PTDNYITTY_HLA-A*01:01,tcr12522,1
vdjdb_full_16384_ss_3_n0_iptm_filtered,PTDNYITTY_HLA-A*01:01,tcr4012,0
vdjdb_full_16385,PTDNYITTY_HLA-A*01:01,tcr6033,1
vdjdb_full_16385_ss_3_n0_iptm_filtered,PTDNYITTY_HLA-A*01:01,tcr14304,0
vdjdb_full_16387,PTDNYITTY_HLA-A*01:01,tcr14354,1
vdjdb_full_16387_ss_3_n0_iptm_filtered,PTDNYITTY_HLA-A*01:01,tcr11980,0
vdjdb_full_16538,RLGPVQNEV_HLA-A*02:01,tcr3513,1
vdjdb_full_16538_ss_3_n0_iptm_filtered,RLGPVQNEV_HLA-A*02:01,tcr11598,0
vdjdb_full_16540,RLGPVQNEV_HLA-A*02:01,tcr1032,1
vdjdb_full_16540_ss_3_n0_iptm_filtered,RLGPVQNEV_HLA-A*02:01,tcr7225,0
vdjdb_full_16555,RLGPVQNEV_HLA-A*02:01,tcr12810,1
vdjdb_full_16555_ss_3_n0_iptm_filtered,RLGPVQNEV_HLA-A*02:01,tcr5631,0
vdjdb_full_16556,RLGPVQNEV_HLA-A*02:01,tcr12579,1
vdjdb_full_16556_ss_3_n0_iptm_filtered,RLGPVQNEV_HLA-A*02:01,tcr4233,0
vdjdb_full_16621,QYIKWPWYI_HLA-A*24:02,tcr11312,1
vdjdb_full_16621_ss_3_n0_iptm_filtered,QYIKWPWYI_HLA-A*24:02,tcr16637,0
vdjdb_full_16623,QYIKWPWYI_HLA-A*24:02,tcr18120,1
vdjdb_full_16623_ss_3_n0_iptm_filtered,QYIKWPWYI_HLA-A*24:02,tcr14060,0
vdjdb_full_16625,QYIKWPWYI_HLA-A*24:02,tcr12892,1
vdjdb_full_16625_ss_3_n0_iptm_filtered,QYIKWPWYI_HLA-A*24:02,tcr7662,0
vdjdb_full_16628,QYIKWPWYI_HLA-A*24:02,tcr15776,1
vdjdb_full_16628_ss_3_n0_iptm_filtered,QYIKWPWYI_HLA-A*24:02,tcr12522,0
vdjdb_full_16631,QYIKWPWYI_HLA-A*24:02,tcr11970,1
vdjdb_full_16631_ss_3_n0_iptm_filtered,QYIKWPWYI_HLA-A*24:02,tcr13623,0
vdjdb_full_16648,QYIKWPWYI_HLA-A*24:02,tcr5342,1
vdjdb_full_16648_ss_3_n0_iptm_filtered,QYIKWPWYI_HLA-A*24:02,tcr11634,0
vdjdb_full_16650,QYIKWPWYI_HLA-A*24:02,tcr4903,1
vdjdb_full_16650_ss_3_n0_iptm_filtered,QYIKWPWYI_HLA-A*24:02,tcr4382,0
vdjdb_full_16651,QYIKWPWYI_HLA-A*24:02,tcr609,1
vdjdb_full_16651_ss_3_n0_iptm_filtered,QYIKWPWYI_HLA-A*24:02,tcr10526,0
vdjdb_full_16653,QYIKWPWYI_HLA-A*24:02,tcr17195,1
vdjdb_full_16653_ss_3_n0_iptm_filtered,QYIKWPWYI_HLA-A*24:02,tcr3689,0
vdjdb_full_16656,QYIKWPWYI_HLA-A*24:02,tcr13466,1
vdjdb_full_16656_ss_3_n0_iptm_filtered,QYIKWPWYI_HLA-A*24:02,tcr8301,0
vdjdb_full_16659,QYIKWPWYI_HLA-A*24:02,tcr1138,1
vdjdb_full_16659_ss_3_n0_iptm_filtered,QYIKWPWYI_HLA-A*24:02,tcr2022,0
vdjdb_full_16664,QYIKWPWYI_HLA-A*24:02,tcr13131,1
vdjdb_full_16664_ss_3_n0_iptm_filtered,QYIKWPWYI_HLA-A*24:02,tcr6149,0
vdjdb_full_16688,VAANIVLTV_HLA-A*02:01,tcr16949,1
vdjdb_full_16688_ss_3_n0_iptm_filtered,VAANIVLTV_HLA-A*02:01,tcr174,0
vdjdb_full_16690,VAANIVLTV_HLA-A*02:01,tcr4679,1
vdjdb_full_16690_ss_3_n0_iptm_filtered,VAANIVLTV_HLA-A*02:01,tcr17276,0
vdjdb_full_16693,VAANIVLTV_HLA-A*02:01,tcr9933,1
vdjdb_full_16693_ss_3_n0_iptm_filtered,VAANIVLTV_HLA-A*02:01,tcr5510,0
vdjdb_full_16694,VAANIVLTV_HLA-A*02:01,tcr13392,1
vdjdb_full_16694_ss_3_n0_iptm_filtered,VAANIVLTV_HLA-A*02:01,tcr13651,0
vdjdb_full_16696,VAANIVLTV_HLA-A*02:01,tcr5776,1
vdjdb_full_16696_ss_3_n0_iptm_filtered,VAANIVLTV_HLA-A*02:01,tcr2022,0
vdjdb_full_16697,VAANIVLTV_HLA-A*02:01,tcr9152,1
vdjdb_full_16697_ss_3_n0_iptm_filtered,VAANIVLTV_HLA-A*02:01,tcr16688,0
vdjdb_full_16698,VAANIVLTV_HLA-A*02:01,tcr18340,1
vdjdb_full_16698_ss_3_n0_iptm_filtered,VAANIVLTV_HLA-A*02:01,tcr2812,0
vdjdb_full_16699,VAANIVLTV_HLA-A*02:01,tcr13464,1
vdjdb_full_16699_ss_3_n0_iptm_filtered,VAANIVLTV_HLA-A*02:01,tcr9199,0
vdjdb_full_16700,VAANIVLTV_HLA-A*02:01,tcr3156,1
vdjdb_full_16700_ss_3_n0_iptm_filtered,VAANIVLTV_HLA-A*02:01,tcr5021,0
vdjdb_full_16702,VAANIVLTV_HLA-A*02:01,tcr7381,1
vdjdb_full_16702_ss_3_n0_iptm_filtered,VAANIVLTV_HLA-A*02:01,tcr6692,0
vdjdb_full_16704,VAANIVLTV_HLA-A*02:01,tcr6824,1
vdjdb_full_16704_ss_3_n0_iptm_filtered,VAANIVLTV_HLA-A*02:01,tcr18197,0
vdjdb_full_16705,VAANIVLTV_HLA-A*02:01,tcr17592,1
vdjdb_full_16705_ss_3_n0_iptm_filtered,VAANIVLTV_HLA-A*02:01,tcr847,0
vdjdb_full_16706,VAANIVLTV_HLA-A*02:01,tcr370,1
vdjdb_full_16706_ss_3_n0_iptm_filtered,VAANIVLTV_HLA-A*02:01,tcr10584,0
vdjdb_full_16707,VAANIVLTV_HLA-A*02:01,tcr1633,1
vdjdb_full_16707_ss_3_n0_iptm_filtered,VAANIVLTV_HLA-A*02:01,tcr16274,0
vdjdb_full_16709,VAANIVLTV_HLA-A*02:01,tcr6827,1
vdjdb_full_16709_ss_3_n0_iptm_filtered,VAANIVLTV_HLA-A*02:01,tcr8659,0
vdjdb_full_16720,YLLEMLWRL_HLA-A*02:01,tcr17111,1
vdjdb_full_16720_ss_3_n0_iptm_filtered,YLLEMLWRL_HLA-A*02:01,tcr602,0
vdjdb_full_16730,YLLEMLWRL_HLA-A*02:01,tcr17322,1
vdjdb_full_16730_ss_3_n0_iptm_filtered,YLLEMLWRL_HLA-A*02:01,tcr13927,0
vdjdb_full_16735,YLLEMLWRL_HLA-A*02:01,tcr6407,1
vdjdb_full_16735_ss_3_n0_iptm_filtered,YLLEMLWRL_HLA-A*02:01,tcr6762,0
vdjdb_full_16736,YLLEMLWRL_HLA-A*02:01,tcr1736,1
vdjdb_full_16736_ss_3_n0_iptm_filtered,YLLEMLWRL_HLA-A*02:01,tcr2602,0
vdjdb_full_16751,YLLEMLWRL_HLA-A*02:01,tcr3019,1
vdjdb_full_16751_ss_3_n0_iptm_filtered,YLLEMLWRL_HLA-A*02:01,tcr16844,0
vdjdb_full_16754,YLLEMLWRL_HLA-A*02:01,tcr13343,1
vdjdb_full_16754_ss_3_n0_iptm_filtered,YLLEMLWRL_HLA-A*02:01,tcr7194,0
vdjdb_full_16757,YLLEMLWRL_HLA-A*02:01,tcr11842,1
vdjdb_full_16757_ss_3_n0_iptm_filtered,YLLEMLWRL_HLA-A*02:01,tcr13304,0
vdjdb_full_16758,YLLEMLWRL_HLA-A*02:01,tcr14393,1
vdjdb_full_16758_ss_3_n0_iptm_filtered,YLLEMLWRL_HLA-A*02:01,tcr4958,0
vdjdb_full_16765,RLPGVLPRA_HLA-A*02:01,tcr4164,1
vdjdb_full_16765_ss_3_n0_iptm_filtered,RLPGVLPRA_HLA-A*02:01,tcr14033,0
vdjdb_full_16767,RLPGVLPRA_HLA-A*02:01,tcr1179,1
vdjdb_full_16767_ss_3_n0_iptm_filtered,RLPGVLPRA_HLA-A*02:01,tcr17776,0
vdjdb_full_16768,RLPGVLPRA_HLA-A*02:01,tcr8301,1
vdjdb_full_16768_ss_3_n0_iptm_filtered,RLPGVLPRA_HLA-A*02:01,tcr11668,0
vdjdb_full_16769,RLPGVLPRA_HLA-A*02:01,tcr14335,1
vdjdb_full_16769_ss_3_n0_iptm_filtered,RLPGVLPRA_HLA-A*02:01,tcr3657,0
vdjdb_full_16773,RLPGVLPRA_HLA-A*02:01,tcr1563,1
vdjdb_full_16773_ss_3_n0_iptm_filtered,RLPGVLPRA_HLA-A*02:01,tcr5631,0
vdjdb_full_16774,RLPGVLPRA_HLA-A*02:01,tcr16703,1
vdjdb_full_16774_ss_3_n0_iptm_filtered,RLPGVLPRA_HLA-A*02:01,tcr18411,0
vdjdb_full_16778,RLPGVLPRA_HLA-A*02:01,tcr10100,1
vdjdb_full_16778_ss_3_n0_iptm_filtered,RLPGVLPRA_HLA-A*02:01,tcr14376,0
vdjdb_full_16780,RLPGVLPRA_HLA-A*02:01,tcr9370,1
vdjdb_full_16780_ss_3_n0_iptm_filtered,RLPGVLPRA_HLA-A*02:01,tcr8251,0
vdjdb_full_16781,RLPGVLPRA_HLA-A*02:01,tcr5732,1
vdjdb_full_16781_ss_3_n0_iptm_filtered,RLPGVLPRA_HLA-A*02:01,tcr18321,0
vdjdb_full_16784,RLPGVLPRA_HLA-A*02:01,tcr8900,1
vdjdb_full_16784_ss_3_n0_iptm_filtered,RLPGVLPRA_HLA-A*02:01,tcr6762,0
vdjdb_full_16786,RLPGVLPRA_HLA-A*02:01,tcr7136,1
vdjdb_full_16786_ss_3_n0_iptm_filtered,RLPGVLPRA_HLA-A*02:01,tcr1528,0
vdjdb_full_16789,RLPGVLPRA_HLA-A*02:01,tcr13486,1
vdjdb_full_16789_ss_3_n0_iptm_filtered,RLPGVLPRA_HLA-A*02:01,tcr2895,0
vdjdb_full_16793,RLPGVLPRA_HLA-A*02:01,tcr922,1
vdjdb_full_16793_ss_3_n0_iptm_filtered,RLPGVLPRA_HLA-A*02:01,tcr9401,0
vdjdb_full_16795,RLPGVLPRA_HLA-A*02:01,tcr12962,1
vdjdb_full_16795_ss_3_n0_iptm_filtered,RLPGVLPRA_HLA-A*02:01,tcr16411,0
vdjdb_full_16798,RLPGVLPRA_HLA-A*02:01,tcr8309,1
vdjdb_full_16798_ss_3_n0_iptm_filtered,RLPGVLPRA_HLA-A*02:01,tcr16297,0
vdjdb_full_16805,RLPGVLPRA_HLA-A*02:01,tcr11539,1
vdjdb_full_16805_ss_3_n0_iptm_filtered,RLPGVLPRA_HLA-A*02:01,tcr15170,0
vdjdb_full_16853,MEVTPSGTWL_HLA-B*40:01,tcr8264,1
vdjdb_full_16853_ss_3_n0_iptm_filtered,MEVTPSGTWL_HLA-B*40:01,tcr8602,0
vdjdb_full_16856,MEVTPSGTWL_HLA-B*40:01,tcr11059,1
vdjdb_full_16856_ss_3_n0_iptm_filtered,MEVTPSGTWL_HLA-B*40:01,tcr4461,0
vdjdb_full_16857,MEVTPSGTWL_HLA-B*40:01,tcr10256,1
vdjdb_full_16857_ss_3_n0_iptm_filtered,MEVTPSGTWL_HLA-B*40:01,tcr5865,0
vdjdb_full_16862,MEVTPSGTWL_HLA-B*40:01,tcr1302,1
vdjdb_full_16862_ss_3_n0_iptm_filtered,MEVTPSGTWL_HLA-B*40:01,tcr7219,0
vdjdb_full_16869,MEVTPSGTWL_HLA-B*40:01,tcr3188,1
vdjdb_full_16869_ss_3_n0_iptm_filtered,MEVTPSGTWL_HLA-B*40:01,tcr17050,0
vdjdb_full_16870,MEVTPSGTWL_HLA-B*40:01,tcr1869,1
vdjdb_full_16870_ss_3_n0_iptm_filtered,MEVTPSGTWL_HLA-B*40:01,tcr1536,0
vdjdb_full_16872,MEVTPSGTWL_HLA-B*40:01,tcr5106,1
vdjdb_full_16872_ss_3_n0_iptm_filtered,MEVTPSGTWL_HLA-B*40:01,tcr16762,0
vdjdb_full_16875,MEVTPSGTWL_HLA-B*40:01,tcr1245,1
vdjdb_full_16875_ss_3_n0_iptm_filtered,MEVTPSGTWL_HLA-B*40:01,tcr383,0
vdjdb_full_16877,MEVTPSGTWL_HLA-B*40:01,tcr14298,1
vdjdb_full_16877_ss_3_n0_iptm_filtered,MEVTPSGTWL_HLA-B*40:01,tcr11215,0
vdjdb_full_16878,MEVTPSGTWL_HLA-B*40:01,tcr4629,1
vdjdb_full_16878_ss_3_n0_iptm_filtered,MEVTPSGTWL_HLA-B*40:01,tcr13513,0
vdjdb_full_16883,MEVTPSGTWL_HLA-B*40:01,tcr11440,1
vdjdb_full_16883_ss_3_n0_iptm_filtered,MEVTPSGTWL_HLA-B*40:01,tcr14220,0
vdjdb_full_16885,MEVTPSGTWL_HLA-B*40:01,tcr16688,1
vdjdb_full_16885_ss_3_n0_iptm_filtered,MEVTPSGTWL_HLA-B*40:01,tcr18269,0
vdjdb_full_16886,MEVTPSGTWL_HLA-B*40:01,tcr10845,1
vdjdb_full_16886_ss_3_n0_iptm_filtered,MEVTPSGTWL_HLA-B*40:01,tcr10758,0
vdjdb_full_16887,MEVTPSGTWL_HLA-B*40:01,tcr16297,1
vdjdb_full_16887_ss_3_n0_iptm_filtered,MEVTPSGTWL_HLA-B*40:01,tcr5176,0
vdjdb_full_16888,MEVTPSGTWL_HLA-B*40:01,tcr17142,1
vdjdb_full_16888_ss_3_n0_iptm_filtered,MEVTPSGTWL_HLA-B*40:01,tcr5642,0
vdjdb_full_16901,RTATKAYNV_HLA-A*02:01,tcr9170,1
vdjdb_full_16901_ss_3_n0_iptm_filtered,RTATKAYNV_HLA-A*02:01,tcr12284,0
vdjdb_full_16904,RTATKAYNV_HLA-A*02:01,tcr3,1
vdjdb_full_16904_ss_3_n0_iptm_filtered,RTATKAYNV_HLA-A*02:01,tcr16695,0
vdjdb_full_16905,RTATKAYNV_HLA-A*02:01,tcr5668,1
vdjdb_full_16905_ss_3_n0_iptm_filtered,RTATKAYNV_HLA-A*02:01,tcr4883,0
vdjdb_full_16907,RTATKAYNV_HLA-A*02:01,tcr6977,1
vdjdb_full_16907_ss_3_n0_iptm_filtered,RTATKAYNV_HLA-A*02:01,tcr13474,0
vdjdb_full_16912,RTATKAYNV_HLA-A*02:01,tcr7799,1
vdjdb_full_16912_ss_3_n0_iptm_filtered,RTATKAYNV_HLA-A*02:01,tcr7838,0
vdjdb_full_16913,RTATKAYNV_HLA-A*02:01,tcr14376,1
vdjdb_full_16913_ss_3_n0_iptm_filtered,RTATKAYNV_HLA-A*02:01,tcr11702,0
vdjdb_full_16914,RTATKAYNV_HLA-A*02:01,tcr10626,1
vdjdb_full_16914_ss_3_n0_iptm_filtered,RTATKAYNV_HLA-A*02:01,tcr13244,0
vdjdb_full_16916,RTATKAYNV_HLA-A*02:01,tcr11567,1
vdjdb_full_16916_ss_3_n0_iptm_filtered,RTATKAYNV_HLA-A*02:01,tcr18218,0
vdjdb_full_16919,RTATKAYNV_HLA-A*02:01,tcr247,1
vdjdb_full_16919_ss_3_n0_iptm_filtered,RTATKAYNV_HLA-A*02:01,tcr4176,0
vdjdb_full_16920,RTATKAYNV_HLA-A*02:01,tcr14394,1
vdjdb_full_16920_ss_3_n0_iptm_filtered,RTATKAYNV_HLA-A*02:01,tcr15315,0
vdjdb_full_16922,RTATKAYNV_HLA-A*02:01,tcr13623,1
vdjdb_full_16922_ss_3_n0_iptm_filtered,RTATKAYNV_HLA-A*02:01,tcr16779,0
vdjdb_full_16923,RTATKAYNV_HLA-A*02:01,tcr5827,1
vdjdb_full_16923_ss_3_n0_iptm_filtered,RTATKAYNV_HLA-A*02:01,tcr5793,0
vdjdb_full_16927,RTATKAYNV_HLA-A*02:01,tcr18344,1
vdjdb_full_16927_ss_3_n0_iptm_filtered,RTATKAYNV_HLA-A*02:01,tcr13863,0
vdjdb_full_16931,RTATKAYNV_HLA-A*02:01,tcr9700,1
vdjdb_full_16931_ss_3_n0_iptm_filtered,RTATKAYNV_HLA-A*02:01,tcr7116,0
vdjdb_full_16932,RTATKAYNV_HLA-A*02:01,tcr9620,1
vdjdb_full_16932_ss_3_n0_iptm_filtered,RTATKAYNV_HLA-A*02:01,tcr6824,0
vdjdb_full_16933,RTATKAYNV_HLA-A*02:01,tcr9097,1
vdjdb_full_16933_ss_3_n0_iptm_filtered,RTATKAYNV_HLA-A*02:01,tcr6214,0
vdjdb_full_16934,RTATKAYNV_HLA-A*02:01,tcr11629,1
vdjdb_full_16934_ss_3_n0_iptm_filtered,RTATKAYNV_HLA-A*02:01,tcr9480,0
vdjdb_full_16938,RTATKAYNV_HLA-A*02:01,tcr7721,1
vdjdb_full_16938_ss_3_n0_iptm_filtered,RTATKAYNV_HLA-A*02:01,tcr12979,0
vdjdb_full_16941,RTATKAYNV_HLA-A*02:01,tcr2602,1
vdjdb_full_16941_ss_3_n0_iptm_filtered,RTATKAYNV_HLA-A*02:01,tcr5203,0
vdjdb_full_16942,RTATKAYNV_HLA-A*02:01,tcr16336,1
vdjdb_full_16942_ss_3_n0_iptm_filtered,RTATKAYNV_HLA-A*02:01,tcr7551,0
vdjdb_full_16943,RTATKAYNV_HLA-A*02:01,tcr3814,1
vdjdb_full_16943_ss_3_n0_iptm_filtered,RTATKAYNV_HLA-A*02:01,tcr3475,0
vdjdb_full_16944,RTATKAYNV_HLA-A*02:01,tcr8963,1
vdjdb_full_16944_ss_3_n0_iptm_filtered,RTATKAYNV_HLA-A*02:01,tcr12342,0
vdjdb_full_16945,RTATKAYNV_HLA-A*02:01,tcr4069,1
vdjdb_full_16945_ss_3_n0_iptm_filtered,RTATKAYNV_HLA-A*02:01,tcr5764,0
vdjdb_full_16949,NYNYLYRLF_HLA-A*24:02,tcr17440,1
vdjdb_full_16949_ss_3_n0_iptm_filtered,NYNYLYRLF_HLA-A*24:02,tcr13568,0
vdjdb_full_16951,NYNYLYRLF_HLA-A*24:02,tcr7508,1
vdjdb_full_16951_ss_3_n0_iptm_filtered,NYNYLYRLF_HLA-A*24:02,tcr762,0
vdjdb_full_16952,NYNYLYRLF_HLA-A*24:02,tcr8994,1
vdjdb_full_16952_ss_3_n0_iptm_filtered,NYNYLYRLF_HLA-A*24:02,tcr18323,0
vdjdb_full_16955,NYNYLYRLF_HLA-A*24:02,tcr8251,1
vdjdb_full_16955_ss_3_n0_iptm_filtered,NYNYLYRLF_HLA-A*24:02,tcr9560,0
vdjdb_full_16958,NYNYLYRLF_HLA-A*24:02,tcr2735,1
vdjdb_full_16958_ss_3_n0_iptm_filtered,NYNYLYRLF_HLA-A*24:02,tcr17724,0
vdjdb_full_16960,NYNYLYRLF_HLA-A*24:02,tcr2511,1
vdjdb_full_16960_ss_3_n0_iptm_filtered,NYNYLYRLF_HLA-A*24:02,tcr17671,0
vdjdb_full_16961,NYNYLYRLF_HLA-A*24:02,tcr9375,1
vdjdb_full_16961_ss_3_n0_iptm_filtered,NYNYLYRLF_HLA-A*24:02,tcr13863,0
vdjdb_full_16964,NYNYLYRLF_HLA-A*24:02,tcr18353,1
vdjdb_full_16964_ss_3_n0_iptm_filtered,NYNYLYRLF_HLA-A*24:02,tcr16040,0
vdjdb_full_16967,NYNYLYRLF_HLA-A*24:02,tcr3755,1
vdjdb_full_16967_ss_3_n0_iptm_filtered,NYNYLYRLF_HLA-A*24:02,tcr17033,0
vdjdb_full_16970,NYNYLYRLF_HLA-A*24:02,tcr13906,1
vdjdb_full_16970_ss_3_n0_iptm_filtered,NYNYLYRLF_HLA-A*24:02,tcr2380,0
vdjdb_full_16972,NYNYLYRLF_HLA-A*24:02,tcr9227,1
vdjdb_full_16972_ss_3_n0_iptm_filtered,NYNYLYRLF_HLA-A*24:02,tcr292,0
vdjdb_full_16973,NYNYLYRLF_HLA-A*24:02,tcr14138,1
vdjdb_full_16973_ss_3_n0_iptm_filtered,NYNYLYRLF_HLA-A*24:02,tcr3759,0
vdjdb_full_16974,NYNYLYRLF_HLA-A*24:02,tcr15843,1
vdjdb_full_16974_ss_3_n0_iptm_filtered,NYNYLYRLF_HLA-A*24:02,tcr6879,0
vdjdb_full_16976,NYNYLYRLF_HLA-A*24:02,tcr10426,1
vdjdb_full_16976_ss_3_n0_iptm_filtered,NYNYLYRLF_HLA-A*24:02,tcr2055,0
vdjdb_full_16978,NYNYLYRLF_HLA-A*24:02,tcr11239,1
vdjdb_full_16978_ss_3_n0_iptm_filtered,NYNYLYRLF_HLA-A*24:02,tcr10231,0
vdjdb_full_16987,NYNYLYRLF_HLA-A*24:02,tcr15474,1
vdjdb_full_16987_ss_3_n0_iptm_filtered,NYNYLYRLF_HLA-A*24:02,tcr3801,0
vdjdb_full_16988,NYNYLYRLF_HLA-A*24:02,tcr9891,1
vdjdb_full_16988_ss_3_n0_iptm_filtered,NYNYLYRLF_HLA-A*24:02,tcr7414,0
vdjdb_full_16993,NYNYLYRLF_HLA-A*24:02,tcr17118,1
vdjdb_full_16993_ss_3_n0_iptm_filtered,NYNYLYRLF_HLA-A*24:02,tcr1563,0
vdjdb_full_17160,KTWGQYWQV_HLA-A*02:01,tcr912,1
vdjdb_full_17160_ss_3_n0_iptm_filtered,KTWGQYWQV_HLA-A*02:01,tcr14510,0
vdjdb_full_17161,KTWGQYWQV_HLA-A*02:01,tcr5534,1
vdjdb_full_17161_ss_3_n0_iptm_filtered,KTWGQYWQV_HLA-A*02:01,tcr14701,0
vdjdb_full_17162,KTWGQYWQV_HLA-A*02:01,tcr7464,1
vdjdb_full_17162_ss_3_n0_iptm_filtered,KTWGQYWQV_HLA-A*02:01,tcr18120,0
vdjdb_full_17168,KTWGQYWQV_HLA-A*02:01,tcr17595,1
vdjdb_full_17168_ss_3_n0_iptm_filtered,KTWGQYWQV_HLA-A*02:01,tcr18153,0
vdjdb_full_17172,KTWGQYWQV_HLA-A*02:01,tcr8880,1
vdjdb_full_17172_ss_3_n0_iptm_filtered,KTWGQYWQV_HLA-A*02:01,tcr5307,0
vdjdb_full_17173,KTWGQYWQV_HLA-A*02:01,tcr12911,1
vdjdb_full_17173_ss_3_n0_iptm_filtered,KTWGQYWQV_HLA-A*02:01,tcr13805,0
vdjdb_full_17174,ALSKGVHFV_HLA-A*02:01,tcr15908,1
vdjdb_full_17174_ss_3_n0_iptm_filtered,ALSKGVHFV_HLA-A*02:01,tcr8931,0
vdjdb_full_17178,ALSKGVHFV_HLA-A*02:01,tcr4768,1
vdjdb_full_17178_ss_3_n0_iptm_filtered,ALSKGVHFV_HLA-A*02:01,tcr12191,0
vdjdb_full_17181,ALSKGVHFV_HLA-A*02:01,tcr8002,1
vdjdb_full_17181_ss_3_n0_iptm_filtered,ALSKGVHFV_HLA-A*02:01,tcr16398,0
vdjdb_full_17182,ALSKGVHFV_HLA-A*02:01,tcr13158,1
vdjdb_full_17182_ss_3_n0_iptm_filtered,ALSKGVHFV_HLA-A*02:01,tcr11918,0
vdjdb_full_17184,ALSKGVHFV_HLA-A*02:01,tcr4506,1
vdjdb_full_17184_ss_3_n0_iptm_filtered,ALSKGVHFV_HLA-A*02:01,tcr14954,0
vdjdb_full_17191,ALSKGVHFV_HLA-A*02:01,tcr14276,1
vdjdb_full_17191_ss_3_n0_iptm_filtered,ALSKGVHFV_HLA-A*02:01,tcr14259,0
vdjdb_full_17196,ALSKGVHFV_HLA-A*02:01,tcr14303,1
vdjdb_full_17196_ss_3_n0_iptm_filtered,ALSKGVHFV_HLA-A*02:01,tcr5413,0
vdjdb_full_17200,VVTGVLVYL_HLA-A*02:01,tcr4073,1
vdjdb_full_17200_ss_3_n0_iptm_filtered,VVTGVLVYL_HLA-A*02:01,tcr15346,0
vdjdb_full_17202,VVTGVLVYL_HLA-A*02:01,tcr14033,1
vdjdb_full_17202_ss_3_n0_iptm_filtered,VVTGVLVYL_HLA-A*02:01,tcr3289,0
vdjdb_full_17205,VVTGVLVYL_HLA-A*02:01,tcr14909,1
vdjdb_full_17205_ss_3_n0_iptm_filtered,VVTGVLVYL_HLA-A*02:01,tcr2022,0
vdjdb_full_17209,VVTGVLVYL_HLA-A*02:01,tcr4339,1
vdjdb_full_17209_ss_3_n0_iptm_filtered,VVTGVLVYL_HLA-A*02:01,tcr1341,0
vdjdb_full_17211,VVTGVLVYL_HLA-A*02:01,tcr15323,1
vdjdb_full_17211_ss_3_n0_iptm_filtered,VVTGVLVYL_HLA-A*02:01,tcr281,0
vdjdb_full_17212,VVTGVLVYL_HLA-A*02:01,tcr8881,1
vdjdb_full_17212_ss_3_n0_iptm_filtered,VVTGVLVYL_HLA-A*02:01,tcr5796,0
vdjdb_full_17213,VVTGVLVYL_HLA-A*02:01,tcr17280,1
vdjdb_full_17213_ss_3_n0_iptm_filtered,VVTGVLVYL_HLA-A*02:01,tcr14352,0
vdjdb_full_17214,VVTGVLVYL_HLA-A*02:01,tcr17235,1
vdjdb_full_17214_ss_3_n0_iptm_filtered,VVTGVLVYL_HLA-A*02:01,tcr16040,0
vdjdb_full_17216,VVTGVLVYL_HLA-A*02:01,tcr5839,1
vdjdb_full_17216_ss_3_n0_iptm_filtered,VVTGVLVYL_HLA-A*02:01,tcr174,0
vdjdb_full_17282,KLSALGINAV_HLA-A*02:01,tcr17315,1
vdjdb_full_17282_ss_3_n0_iptm_filtered,KLSALGINAV_HLA-A*02:01,tcr10733,0
vdjdb_full_17283,KLSALGINAV_HLA-A*02:01,tcr11067,1
vdjdb_full_17283_ss_3_n0_iptm_filtered,KLSALGINAV_HLA-A*02:01,tcr9998,0
vdjdb_full_17285,KLSALGINAV_HLA-A*02:01,tcr6791,1
vdjdb_full_17285_ss_3_n0_iptm_filtered,KLSALGINAV_HLA-A*02:01,tcr2055,0
vdjdb_full_17286,KLSALGINAV_HLA-A*02:01,tcr4312,1
vdjdb_full_17286_ss_3_n0_iptm_filtered,KLSALGINAV_HLA-A*02:01,tcr10835,0
vdjdb_full_17290,KLSALGINAV_HLA-A*02:01,tcr13629,1
vdjdb_full_17290_ss_3_n0_iptm_filtered,KLSALGINAV_HLA-A*02:01,tcr2363,0
vdjdb_full_17292,KLSALGINAV_HLA-A*02:01,tcr11029,1
vdjdb_full_17292_ss_3_n0_iptm_filtered,KLSALGINAV_HLA-A*02:01,tcr10139,0
vdjdb_full_17293,KLSALGINAV_HLA-A*02:01,tcr10631,1
vdjdb_full_17293_ss_3_n0_iptm_filtered,KLSALGINAV_HLA-A*02:01,tcr17328,0
vdjdb_full_17294,KLSALGINAV_HLA-A*02:01,tcr9833,1
vdjdb_full_17294_ss_3_n0_iptm_filtered,KLSALGINAV_HLA-A*02:01,tcr5423,0
vdjdb_full_17295,KLSALGINAV_HLA-A*02:01,tcr11491,1
vdjdb_full_17295_ss_3_n0_iptm_filtered,KLSALGINAV_HLA-A*02:01,tcr5733,0
vdjdb_full_17296,KLSALGINAV_HLA-A*02:01,tcr13205,1
vdjdb_full_17296_ss_3_n0_iptm_filtered,KLSALGINAV_HLA-A*02:01,tcr11156,0
vdjdb_full_17297,KLSALGINAV_HLA-A*02:01,tcr14572,1
vdjdb_full_17297_ss_3_n0_iptm_filtered,KLSALGINAV_HLA-A*02:01,tcr4940,0
vdjdb_full_17298,KLSALGINAV_HLA-A*02:01,tcr8032,1
vdjdb_full_17298_ss_3_n0_iptm_filtered,KLSALGINAV_HLA-A*02:01,tcr3486,0
vdjdb_full_17299,KLSALGINAV_HLA-A*02:01,tcr12925,1
vdjdb_full_17299_ss_3_n0_iptm_filtered,KLSALGINAV_HLA-A*02:01,tcr5331,0
vdjdb_full_17300,KLSALGINAV_HLA-A*02:01,tcr15169,1
vdjdb_full_17300_ss_3_n0_iptm_filtered,KLSALGINAV_HLA-A*02:01,tcr4924,0
vdjdb_full_17302,KLSALGINAV_HLA-A*02:01,tcr1147,1
vdjdb_full_17302_ss_3_n0_iptm_filtered,KLSALGINAV_HLA-A*02:01,tcr2101,0
vdjdb_full_17313,KSVNITFEL_HLA-A*02:01,tcr7581,1
vdjdb_full_17313_ss_3_n0_iptm_filtered,KSVNITFEL_HLA-A*02:01,tcr1720,0
vdjdb_full_17316,KSVNITFEL_HLA-A*02:01,tcr11114,1
vdjdb_full_17316_ss_3_n0_iptm_filtered,KSVNITFEL_HLA-A*02:01,tcr14081,0
vdjdb_full_17317,KSVNITFEL_HLA-A*02:01,tcr15855,1
vdjdb_full_17317_ss_3_n0_iptm_filtered,KSVNITFEL_HLA-A*02:01,tcr5751,0
vdjdb_full_17320,KSVNITFEL_HLA-A*02:01,tcr7584,1
vdjdb_full_17320_ss_3_n0_iptm_filtered,KSVNITFEL_HLA-A*02:01,tcr15218,0
vdjdb_full_17325,RVAGDSGFAAY_HLA-B*15:01,tcr6667,1
vdjdb_full_17325_ss_3_n0_iptm_filtered,RVAGDSGFAAY_HLA-B*15:01,tcr4025,0
vdjdb_full_17326,RVAGDSGFAAY_HLA-B*15:01,tcr15045,1
vdjdb_full_17326_ss_3_n0_iptm_filtered,RVAGDSGFAAY_HLA-B*15:01,tcr1185,0
vdjdb_full_17327,RVAGDSGFAAY_HLA-B*15:01,tcr874,1
vdjdb_full_17327_ss_3_n0_iptm_filtered,RVAGDSGFAAY_HLA-B*15:01,tcr13392,0
vdjdb_full_17335,RVAGDSGFAAY_HLA-B*15:01,tcr15849,1
vdjdb_full_17335_ss_3_n0_iptm_filtered,RVAGDSGFAAY_HLA-B*15:01,tcr16,0
vdjdb_full_17336,RVAGDSGFAAY_HLA-B*15:01,tcr15668,1
vdjdb_full_17336_ss_3_n0_iptm_filtered,RVAGDSGFAAY_HLA-B*15:01,tcr10721,0
vdjdb_full_17337,RVAGDSGFAAY_HLA-B*15:01,tcr16082,1
vdjdb_full_17337_ss_3_n0_iptm_filtered,RVAGDSGFAAY_HLA-B*15:01,tcr5112,0
vdjdb_full_17338,RVAGDSGFAAY_HLA-B*15:01,tcr15083,1
vdjdb_full_17338_ss_3_n0_iptm_filtered,RVAGDSGFAAY_HLA-B*15:01,tcr8873,0
vdjdb_full_17339,RVAGDSGFAAY_HLA-B*15:01,tcr16206,1
vdjdb_full_17339_ss_3_n0_iptm_filtered,RVAGDSGFAAY_HLA-B*15:01,tcr16182,0
vdjdb_full_17344,RVAGDSGFAAY_HLA-B*15:01,tcr3840,1
vdjdb_full_17344_ss_3_n0_iptm_filtered,RVAGDSGFAAY_HLA-B*15:01,tcr16291,0
vdjdb_full_17345,RVAGDSGFAAY_HLA-B*15:01,tcr16041,1
vdjdb_full_17345_ss_3_n0_iptm_filtered,RVAGDSGFAAY_HLA-B*15:01,tcr4427,0
vdjdb_full_17391,RGPGRAFVTI_HLA-A*02:01,tcr5733,1
vdjdb_full_17391_ss_3_n0_iptm_filtered,RGPGRAFVTI_HLA-A*02:01,tcr14373,0
vdjdb_full_17392,RGPGRAFVTI_HLA-A*02:01,tcr7856,1
vdjdb_full_17392_ss_3_n0_iptm_filtered,RGPGRAFVTI_HLA-A*02:01,tcr10264,0
vdjdb_full_17394,RGPGRAFVTI_HLA-A*02:01,tcr9141,1
vdjdb_full_17394_ss_3_n0_iptm_filtered,RGPGRAFVTI_HLA-A*02:01,tcr15323,0
vdjdb_full_17395,RGPGRAFVTI_HLA-A*02:01,tcr5764,1
vdjdb_full_17395_ss_3_n0_iptm_filtered,RGPGRAFVTI_HLA-A*02:01,tcr3267,0
vdjdb_full_17398,RGPGRAFVTI_HLA-A*02:01,tcr496,1
vdjdb_full_17398_ss_3_n0_iptm_filtered,RGPGRAFVTI_HLA-A*02:01,tcr9527,0
vdjdb_full_17401,RGPGRAFVTI_HLA-A*02:01,tcr17583,1
vdjdb_full_17401_ss_3_n0_iptm_filtered,RGPGRAFVTI_HLA-A*02:01,tcr17902,0
vdjdb_full_17402,RGPGRAFVTI_HLA-A*02:01,tcr13905,1
vdjdb_full_17402_ss_3_n0_iptm_filtered,RGPGRAFVTI_HLA-A*02:01,tcr4117,0
vdjdb_full_17404,RGPGRAFVTI_HLA-A*02:01,tcr4176,1
vdjdb_full_17404_ss_3_n0_iptm_filtered,RGPGRAFVTI_HLA-A*02:01,tcr1490,0
vdjdb_full_17406,RGPGRAFVTI_HLA-A*02:01,tcr10676,1
vdjdb_full_17406_ss_3_n0_iptm_filtered,RGPGRAFVTI_HLA-A*02:01,tcr16493,0
vdjdb_full_17408,RGPGRAFVTI_HLA-A*02:01,tcr5048,1
vdjdb_full_17408_ss_3_n0_iptm_filtered,RGPGRAFVTI_HLA-A*02:01,tcr3804,0
vdjdb_full_17413,RGPGRAFVTI_HLA-A*02:01,tcr14448,1
vdjdb_full_17413_ss_3_n0_iptm_filtered,RGPGRAFVTI_HLA-A*02:01,tcr9557,0
vdjdb_full_17414,RGPGRAFVTI_HLA-A*02:01,tcr3837,1
vdjdb_full_17414_ss_3_n0_iptm_filtered,RGPGRAFVTI_HLA-A*02:01,tcr16324,0
vdjdb_full_1744,KLGGALQAK_HLA-A*03:01,tcr9547,1
vdjdb_full_1744_ss_3_n0_iptm_filtered,KLGGALQAK_HLA-A*03:01,tcr16324,0
vdjdb_full_17456,LTSLTILQLY_HLA-A*01:01,tcr1909,1
vdjdb_full_17456_ss_3_n0_iptm_filtered,LTSLTILQLY_HLA-A*01:01,tcr10689,0
vdjdb_full_17459,LTSLTILQLY_HLA-A*01:01,tcr15084,1
vdjdb_full_17459_ss_3_n0_iptm_filtered,LTSLTILQLY_HLA-A*01:01,tcr2929,0
vdjdb_full_17465,LTSLTILQLY_HLA-A*01:01,tcr5970,1
vdjdb_full_17465_ss_3_n0_iptm_filtered,LTSLTILQLY_HLA-A*01:01,tcr874,0
vdjdb_full_17468,LTSLTILQLY_HLA-A*01:01,tcr6762,1
vdjdb_full_17468_ss_3_n0_iptm_filtered,LTSLTILQLY_HLA-A*01:01,tcr17674,0
vdjdb_full_17493,RLITGRLQSL_HLA-A*02:01,tcr5266,1
vdjdb_full_17493_ss_3_n0_iptm_filtered,RLITGRLQSL_HLA-A*02:01,tcr8090,0
vdjdb_full_17497,RLITGRLQSL_HLA-A*02:01,tcr5186,1
vdjdb_full_17497_ss_3_n0_iptm_filtered,RLITGRLQSL_HLA-A*02:01,tcr1292,0
vdjdb_full_17499,RLITGRLQSL_HLA-A*02:01,tcr14398,1
vdjdb_full_17499_ss_3_n0_iptm_filtered,RLITGRLQSL_HLA-A*02:01,tcr16350,0
vdjdb_full_17524,RLWGTWVKA_HLA-A*02:01,tcr7365,1
vdjdb_full_17524_ss_3_n0_iptm_filtered,RLWGTWVKA_HLA-A*02:01,tcr3289,0
vdjdb_full_17525,RLWGTWVKA_HLA-A*02:01,tcr17923,1
vdjdb_full_17525_ss_3_n0_iptm_filtered,RLWGTWVKA_HLA-A*02:01,tcr16530,0
vdjdb_full_17526,RLWGTWVKA_HLA-A*02:01,tcr9329,1
vdjdb_full_17526_ss_3_n0_iptm_filtered,RLWGTWVKA_HLA-A*02:01,tcr2762,0
vdjdb_full_17527,RLWGTWVKA_HLA-A*02:01,tcr852,1
vdjdb_full_17527_ss_3_n0_iptm_filtered,RLWGTWVKA_HLA-A*02:01,tcr15232,0
vdjdb_full_17528,RLWGTWVKA_HLA-A*02:01,tcr13593,1
vdjdb_full_17528_ss_3_n0_iptm_filtered,RLWGTWVKA_HLA-A*02:01,tcr10758,0
vdjdb_full_17530,RLWGTWVKA_HLA-A*02:01,tcr9627,1
vdjdb_full_17530_ss_3_n0_iptm_filtered,RLWGTWVKA_HLA-A*02:01,tcr7395,0
vdjdb_full_17531,RLWGTWVKA_HLA-A*02:01,tcr16669,1
vdjdb_full_17531_ss_3_n0_iptm_filtered,RLWGTWVKA_HLA-A*02:01,tcr7201,0
vdjdb_full_17532,RLWGTWVKA_HLA-A*02:01,tcr8819,1
vdjdb_full_17532_ss_3_n0_iptm_filtered,RLWGTWVKA_HLA-A*02:01,tcr4771,0
vdjdb_full_17533,RLWGTWVKA_HLA-A*02:01,tcr13937,1
vdjdb_full_17533_ss_3_n0_iptm_filtered,RLWGTWVKA_HLA-A*02:01,tcr1523,0
vdjdb_full_17712,TLWCSPIKV_HLA-A*02:01,tcr13362,1
vdjdb_full_17712_ss_3_n0_iptm_filtered,TLWCSPIKV_HLA-A*02:01,tcr8326,0
vdjdb_full_17714,TLWCSPIKV_HLA-A*02:01,tcr14300,1
vdjdb_full_17714_ss_3_n0_iptm_filtered,TLWCSPIKV_HLA-A*02:01,tcr17337,0
vdjdb_full_17715,TLWCSPIKV_HLA-A*02:01,tcr4127,1
vdjdb_full_17715_ss_3_n0_iptm_filtered,TLWCSPIKV_HLA-A*02:01,tcr2550,0
vdjdb_full_17717,TLWCSPIKV_HLA-A*02:01,tcr7225,1
vdjdb_full_17717_ss_3_n0_iptm_filtered,TLWCSPIKV_HLA-A*02:01,tcr13466,0
vdjdb_full_17719,TLWCSPIKV_HLA-A*02:01,tcr10981,1
vdjdb_full_17719_ss_3_n0_iptm_filtered,TLWCSPIKV_HLA-A*02:01,tcr2420,0
vdjdb_full_17720,TLWCSPIKV_HLA-A*02:01,tcr14997,1
vdjdb_full_17720_ss_3_n0_iptm_filtered,TLWCSPIKV_HLA-A*02:01,tcr6638,0
vdjdb_full_17857,RLLPLLALL_HLA-A*02:01,tcr5511,1
vdjdb_full_17857_ss_3_n0_iptm_filtered,RLLPLLALL_HLA-A*02:01,tcr11842,0
vdjdb_full_17859,RLLPLLALL_HLA-A*02:01,tcr17206,1
vdjdb_full_17859_ss_3_n0_iptm_filtered,RLLPLLALL_HLA-A*02:01,tcr14536,0
vdjdb_full_17861,RLLPLLALL_HLA-A*02:01,tcr16695,1
vdjdb_full_17861_ss_3_n0_iptm_filtered,RLLPLLALL_HLA-A*02:01,tcr11940,0
vdjdb_full_17864,RLLPLLALL_HLA-A*02:01,tcr13879,1
vdjdb_full_17864_ss_3_n0_iptm_filtered,RLLPLLALL_HLA-A*02:01,tcr14756,0
vdjdb_full_17930,YSEHPTFTSQY_HLA-A*01:01,tcr6231,1
vdjdb_full_17930_ss_3_n0_iptm_filtered,YSEHPTFTSQY_HLA-A*01:01,tcr6265,0
vdjdb_full_17940,YSEHPTFTSQY_HLA-A*01:01,tcr16493,1
vdjdb_full_17940_ss_3_n0_iptm_filtered,YSEHPTFTSQY_HLA-A*01:01,tcr15582,0
vdjdb_full_17941,YSEHPTFTSQY_HLA-A*01:01,tcr14186,1
vdjdb_full_17941_ss_3_n0_iptm_filtered,YSEHPTFTSQY_HLA-A*01:01,tcr13359,0
vdjdb_full_18067,CYTWNQMNL_HLA-A*24:02,tcr283,1
vdjdb_full_18067_ss_3_n0_iptm_filtered,CYTWNQMNL_HLA-A*24:02,tcr2243,0
vdjdb_full_18068,CYTWNQMNL_HLA-A*24:02,tcr3238,1
vdjdb_full_18068_ss_3_n0_iptm_filtered,CYTWNQMNL_HLA-A*24:02,tcr18132,0
vdjdb_full_18070,CYTWNQMNL_HLA-A*24:02,tcr3045,1
vdjdb_full_18070_ss_3_n0_iptm_filtered,CYTWNQMNL_HLA-A*24:02,tcr2494,0
vdjdb_full_18076,CYTWNQMNL_HLA-A*24:02,tcr15731,1
vdjdb_full_18076_ss_3_n0_iptm_filtered,CYTWNQMNL_HLA-A*24:02,tcr15580,0
vdjdb_full_18077,CYTWNQMNL_HLA-A*24:02,tcr2487,1
vdjdb_full_18077_ss_3_n0_iptm_filtered,CYTWNQMNL_HLA-A*24:02,tcr2869,0
vdjdb_full_18078,CYTWNQMNL_HLA-A*24:02,tcr7980,1
vdjdb_full_18078_ss_3_n0_iptm_filtered,CYTWNQMNL_HLA-A*24:02,tcr4004,0
vdjdb_full_18196,GQAQGIGSSVY_HLA-B*15:01,tcr13756,1
vdjdb_full_18196_ss_3_n0_iptm_filtered,GQAQGIGSSVY_HLA-B*15:01,tcr7554,0
vdjdb_full_18200,GQAQGIGSSVY_HLA-B*15:01,tcr3880,1
vdjdb_full_18200_ss_3_n0_iptm_filtered,GQAQGIGSSVY_HLA-B*15:01,tcr13474,0
vdjdb_full_18201,GQAQGIGSSVY_HLA-B*15:01,tcr5414,1
vdjdb_full_18201_ss_3_n0_iptm_filtered,GQAQGIGSSVY_HLA-B*15:01,tcr2929,0
vdjdb_full_18206,GQAQGIGSSVY_HLA-B*15:01,tcr4461,1
vdjdb_full_18206_ss_3_n0_iptm_filtered,GQAQGIGSSVY_HLA-B*15:01,tcr2119,0
vdjdb_full_18207,GQAQGIGSSVY_HLA-B*15:01,tcr4259,1
vdjdb_full_18207_ss_3_n0_iptm_filtered,GQAQGIGSSVY_HLA-B*15:01,tcr1845,0
vdjdb_full_18302,RPHERNGFTV_HLA-B*07:02,tcr12433,1
vdjdb_full_18302_ss_3_n0_iptm_filtered,RPHERNGFTV_HLA-B*07:02,tcr13447,0
vdjdb_full_18311,RPHERNGFTV_HLA-B*07:02,tcr2635,1
vdjdb_full_18311_ss_3_n0_iptm_filtered,RPHERNGFTV_HLA-B*07:02,tcr11312,0
vdjdb_full_18413,FLWSVFWLI_HLA-A*02:01,tcr11014,1
vdjdb_full_18413_ss_3_n0_iptm_filtered,FLWSVFWLI_HLA-A*02:01,tcr2890,0
vdjdb_full_18414,FLWSVFWLI_HLA-A*02:01,tcr292,1
vdjdb_full_18414_ss_3_n0_iptm_filtered,FLWSVFWLI_HLA-A*02:01,tcr14814,0
vdjdb_full_18415,FLWSVFWLI_HLA-A*02:01,tcr8449,1
vdjdb_full_18415_ss_3_n0_iptm_filtered,FLWSVFWLI_HLA-A*02:01,tcr14379,0
vdjdb_full_193,KLGGALQAK_HLA-A*03:01,tcr8760,1
vdjdb_full_193_ss_3_n0_iptm_filtered,KLGGALQAK_HLA-A*03:01,tcr11625,0
vdjdb_full_1982,KLGGALQAK_HLA-A*03:01,tcr5636,1
vdjdb_full_1982_ss_3_n0_iptm_filtered,KLGGALQAK_HLA-A*03:01,tcr13936,0
vdjdb_full_2069,GLCTLVAML_HLA-A*02:01,tcr6705,1
vdjdb_full_2069_ss_3_n0_iptm_filtered,GLCTLVAML_HLA-A*02:01,tcr15147,0
vdjdb_full_2072,GLCTLVAML_HLA-A*02:01,tcr18269,1
vdjdb_full_2072_ss_3_n0_iptm_filtered,GLCTLVAML_HLA-A*02:01,tcr16336,0
vdjdb_full_2073,GLCTLVAML_HLA-A*02:01,tcr14512,1
vdjdb_full_2073_ss_3_n0_iptm_filtered,GLCTLVAML_HLA-A*02:01,tcr8002,0
vdjdb_full_2074,GLCTLVAML_HLA-A*02:01,tcr5669,1
vdjdb_full_2074_ss_3_n0_iptm_filtered,GLCTLVAML_HLA-A*02:01,tcr5722,0
vdjdb_full_2081,GLCTLVAML_HLA-A*02:01,tcr10380,1
vdjdb_full_2081_ss_3_n0_iptm_filtered,GLCTLVAML_HLA-A*02:01,tcr12643,0
vdjdb_full_2085,GLCTLVAML_HLA-A*02:01,tcr9038,1
vdjdb_full_2085_ss_3_n0_iptm_filtered,GLCTLVAML_HLA-A*02:01,tcr5106,0
vdjdb_full_2093,GLCTLVAML_HLA-A*02:01,tcr14944,1
vdjdb_full_2093_ss_3_n0_iptm_filtered,GLCTLVAML_HLA-A*02:01,tcr1523,0
vdjdb_full_2096,GLCTLVAML_HLA-A*02:01,tcr2679,1
vdjdb_full_2096_ss_3_n0_iptm_filtered,GLCTLVAML_HLA-A*02:01,tcr5796,0
vdjdb_full_2102,GLCTLVAML_HLA-A*02:01,tcr11232,1
vdjdb_full_2102_ss_3_n0_iptm_filtered,GLCTLVAML_HLA-A*02:01,tcr15666,0
vdjdb_full_2109,GLCTLVAML_HLA-A*02:01,tcr7480,1
vdjdb_full_2109_ss_3_n0_iptm_filtered,GLCTLVAML_HLA-A*02:01,tcr1884,0
vdjdb_full_2118,GLCTLVAML_HLA-A*02:01,tcr16779,1
vdjdb_full_2118_ss_3_n0_iptm_filtered,GLCTLVAML_HLA-A*02:01,tcr6407,0
vdjdb_full_2126,GLCTLVAML_HLA-A*02:01,tcr8290,1
vdjdb_full_2126_ss_3_n0_iptm_filtered,GLCTLVAML_HLA-A*02:01,tcr9004,0
vdjdb_full_2131,GLCTLVAML_HLA-A*02:01,tcr1886,1
vdjdb_full_2131_ss_3_n0_iptm_filtered,GLCTLVAML_HLA-A*02:01,tcr3486,0
vdjdb_full_2136,GLCTLVAML_HLA-A*02:01,tcr5489,1
vdjdb_full_2136_ss_3_n0_iptm_filtered,GLCTLVAML_HLA-A*02:01,tcr13805,0
vdjdb_full_2139,GLCTLVAML_HLA-A*02:01,tcr16192,1
vdjdb_full_2139_ss_3_n0_iptm_filtered,GLCTLVAML_HLA-A*02:01,tcr11188,0
vdjdb_full_2140,GLCTLVAML_HLA-A*02:01,tcr4117,1
vdjdb_full_2140_ss_3_n0_iptm_filtered,GLCTLVAML_HLA-A*02:01,tcr6709,0
vdjdb_full_2141,GLCTLVAML_HLA-A*02:01,tcr614,1
vdjdb_full_2141_ss_3_n0_iptm_filtered,GLCTLVAML_HLA-A*02:01,tcr6464,0
vdjdb_full_2142,GLCTLVAML_HLA-A*02:01,tcr6726,1
vdjdb_full_2142_ss_3_n0_iptm_filtered,GLCTLVAML_HLA-A*02:01,tcr7937,0
vdjdb_full_2145,GLCTLVAML_HLA-A*02:01,tcr17536,1
vdjdb_full_2145_ss_3_n0_iptm_filtered,GLCTLVAML_HLA-A*02:01,tcr11918,0
vdjdb_full_2152,GLCTLVAML_HLA-A*02:01,tcr16432,1
vdjdb_full_2152_ss_3_n0_iptm_filtered,GLCTLVAML_HLA-A*02:01,tcr9437,0
vdjdb_full_2153,GLCTLVAML_HLA-A*02:01,tcr11072,1
vdjdb_full_2153_ss_3_n0_iptm_filtered,GLCTLVAML_HLA-A*02:01,tcr3624,0
vdjdb_full_2156,GLCTLVAML_HLA-A*02:01,tcr9747,1
vdjdb_full_2156_ss_3_n0_iptm_filtered,GLCTLVAML_HLA-A*02:01,tcr12902,0
vdjdb_full_2164,GLCTLVAML_HLA-A*02:01,tcr8578,1
vdjdb_full_2164_ss_3_n0_iptm_filtered,GLCTLVAML_HLA-A*02:01,tcr11980,0
vdjdb_full_2168,GLCTLVAML_HLA-A*02:01,tcr12954,1
vdjdb_full_2168_ss_3_n0_iptm_filtered,GLCTLVAML_HLA-A*02:01,tcr11001,0
vdjdb_full_2198,GLCTLVAML_HLA-A*02:01,tcr8332,1
vdjdb_full_2198_ss_3_n0_iptm_filtered,GLCTLVAML_HLA-A*02:01,tcr3230,0
vdjdb_full_2199,GLCTLVAML_HLA-A*02:01,tcr15983,1
vdjdb_full_2199_ss_3_n0_iptm_filtered,GLCTLVAML_HLA-A*02:01,tcr12157,0
vdjdb_full_223,KLGGALQAK_HLA-A*03:01,tcr4133,1
vdjdb_full_223_ss_3_n0_iptm_filtered,KLGGALQAK_HLA-A*03:01,tcr17724,0
vdjdb_full_2235,GLCTLVAML_HLA-A*02:01,tcr14378,1
vdjdb_full_2235_ss_3_n0_iptm_filtered,GLCTLVAML_HLA-A*02:01,tcr4774,0
vdjdb_full_2241,GLCTLVAML_HLA-A*02:01,tcr12049,1
vdjdb_full_2241_ss_3_n0_iptm_filtered,GLCTLVAML_HLA-A*02:01,tcr2916,0
vdjdb_full_2248,GLCTLVAML_HLA-A*02:01,tcr13147,1
vdjdb_full_2248_ss_3_n0_iptm_filtered,GLCTLVAML_HLA-A*02:01,tcr8602,0
vdjdb_full_2253,GLCTLVAML_HLA-A*02:01,tcr6984,1
vdjdb_full_2253_ss_3_n0_iptm_filtered,GLCTLVAML_HLA-A*02:01,tcr16860,0
vdjdb_full_2261,GLCTLVAML_HLA-A*02:01,tcr18320,1
vdjdb_full_2261_ss_3_n0_iptm_filtered,GLCTLVAML_HLA-A*02:01,tcr11970,0
vdjdb_full_2309,GLCTLVAML_HLA-A*02:01,tcr10273,1
vdjdb_full_2309_ss_3_n0_iptm_filtered,GLCTLVAML_HLA-A*02:01,tcr14138,0
vdjdb_full_2327,GLCTLVAML_HLA-A*02:01,tcr13825,1
vdjdb_full_2327_ss_3_n0_iptm_filtered,GLCTLVAML_HLA-A*02:01,tcr622,0
vdjdb_full_2349,GLCTLVAML_HLA-A*02:01,tcr6638,1
vdjdb_full_2349_ss_3_n0_iptm_filtered,GLCTLVAML_HLA-A*02:01,tcr8890,0
vdjdb_full_2359,GLCTLVAML_HLA-A*02:01,tcr13394,1
vdjdb_full_2359_ss_3_n0_iptm_filtered,GLCTLVAML_HLA-A*02:01,tcr12357,0
vdjdb_full_2360,GLCTLVAML_HLA-A*02:01,tcr2837,1
vdjdb_full_2360_ss_3_n0_iptm_filtered,GLCTLVAML_HLA-A*02:01,tcr9307,0
vdjdb_full_2370,GLCTLVAML_HLA-A*02:01,tcr15582,1
vdjdb_full_2370_ss_3_n0_iptm_filtered,GLCTLVAML_HLA-A*02:01,tcr10287,0
vdjdb_full_2372,GLCTLVAML_HLA-A*02:01,tcr11652,1
vdjdb_full_2372_ss_3_n0_iptm_filtered,GLCTLVAML_HLA-A*02:01,tcr3465,0
vdjdb_full_2387,GLCTLVAML_HLA-A*02:01,tcr4114,1
vdjdb_full_2387_ss_3_n0_iptm_filtered,GLCTLVAML_HLA-A*02:01,tcr10845,0
vdjdb_full_2405,GLCTLVAML_HLA-A*02:01,tcr3567,1
vdjdb_full_2405_ss_3_n0_iptm_filtered,GLCTLVAML_HLA-A*02:01,tcr3019,0
vdjdb_full_2409,GLCTLVAML_HLA-A*02:01,tcr3945,1
vdjdb_full_2409_ss_3_n0_iptm_filtered,GLCTLVAML_HLA-A*02:01,tcr15504,0
vdjdb_full_2417,GLCTLVAML_HLA-A*02:01,tcr16847,1
vdjdb_full_2417_ss_3_n0_iptm_filtered,GLCTLVAML_HLA-A*02:01,tcr2902,0
vdjdb_full_2431,GLCTLVAML_HLA-A*02:01,tcr4132,1
vdjdb_full_2431_ss_3_n0_iptm_filtered,GLCTLVAML_HLA-A*02:01,tcr3289,0
vdjdb_full_2434,GLCTLVAML_HLA-A*02:01,tcr12076,1
vdjdb_full_2434_ss_3_n0_iptm_filtered,GLCTLVAML_HLA-A*02:01,tcr9338,0
vdjdb_full_2454,GLCTLVAML_HLA-A*02:01,tcr2752,1
vdjdb_full_2454_ss_3_n0_iptm_filtered,GLCTLVAML_HLA-A*02:01,tcr8694,0
vdjdb_full_2474,GLCTLVAML_HLA-A*02:01,tcr11817,1
vdjdb_full_2474_ss_3_n0_iptm_filtered,GLCTLVAML_HLA-A*02:01,tcr11628,0
vdjdb_full_2504,GLCTLVAML_HLA-A*02:01,tcr10556,1
vdjdb_full_2504_ss_3_n0_iptm_filtered,GLCTLVAML_HLA-A*02:01,tcr13434,0
vdjdb_full_2537,GLCTLVAML_HLA-A*02:01,tcr2507,1
vdjdb_full_2537_ss_3_n0_iptm_filtered,GLCTLVAML_HLA-A*02:01,tcr7937,0
vdjdb_full_2548,GLCTLVAML_HLA-A*02:01,tcr5439,1
vdjdb_full_2548_ss_3_n0_iptm_filtered,GLCTLVAML_HLA-A*02:01,tcr7424,0
vdjdb_full_2550,GLCTLVAML_HLA-A*02:01,tcr508,1
vdjdb_full_2550_ss_3_n0_iptm_filtered,GLCTLVAML_HLA-A*02:01,tcr17055,0
vdjdb_full_2559,GLCTLVAML_HLA-A*02:01,tcr5413,1
vdjdb_full_2559_ss_3_n0_iptm_filtered,GLCTLVAML_HLA-A*02:01,tcr8603,0
vdjdb_full_2565,GLCTLVAML_HLA-A*02:01,tcr6156,1
vdjdb_full_2565_ss_3_n0_iptm_filtered,GLCTLVAML_HLA-A*02:01,tcr13176,0
vdjdb_full_2578,GLCTLVAML_HLA-A*02:01,tcr15578,1
vdjdb_full_2578_ss_3_n0_iptm_filtered,GLCTLVAML_HLA-A*02:01,tcr1845,0
vdjdb_full_2579,GLCTLVAML_HLA-A*02:01,tcr18299,1
vdjdb_full_2579_ss_3_n0_iptm_filtered,GLCTLVAML_HLA-A*02:01,tcr15815,0
vdjdb_full_2597,GLCTLVAML_HLA-A*02:01,tcr3798,1
vdjdb_full_2597_ss_3_n0_iptm_filtered,GLCTLVAML_HLA-A*02:01,tcr8713,0
vdjdb_full_2602,GLCTLVAML_HLA-A*02:01,tcr7336,1
vdjdb_full_2602_ss_3_n0_iptm_filtered,GLCTLVAML_HLA-A*02:01,tcr7129,0
vdjdb_full_2604,GLCTLVAML_HLA-A*02:01,tcr958,1
vdjdb_full_2604_ss_3_n0_iptm_filtered,GLCTLVAML_HLA-A*02:01,tcr537,0
vdjdb_full_2607,GLCTLVAML_HLA-A*02:01,tcr5811,1
vdjdb_full_2607_ss_3_n0_iptm_filtered,GLCTLVAML_HLA-A*02:01,tcr16041,0
vdjdb_full_2608,GLCTLVAML_HLA-A*02:01,tcr16495,1
vdjdb_full_2608_ss_3_n0_iptm_filtered,GLCTLVAML_HLA-A*02:01,tcr17713,0
vdjdb_full_2638,SLLMWITQV_HLA-A*02:01,tcr12581,1
vdjdb_full_2638_ss_3_n0_iptm_filtered,SLLMWITQV_HLA-A*02:01,tcr353,0
vdjdb_full_2665,SLLMWITQV_HLA-A*02:01,tcr15182,1
vdjdb_full_2665_ss_3_n0_iptm_filtered,SLLMWITQV_HLA-A*02:01,tcr18110,0
vdjdb_full_2674,SLLMWITQV_HLA-A*02:01,tcr10744,1
vdjdb_full_2674_ss_3_n0_iptm_filtered,SLLMWITQV_HLA-A*02:01,tcr702,0
vdjdb_full_2678,SLLMWITQV_HLA-A*02:01,tcr17218,1
vdjdb_full_2678_ss_3_n0_iptm_filtered,SLLMWITQV_HLA-A*02:01,tcr2507,0
vdjdb_full_2679,SLLMWITQV_HLA-A*02:01,tcr3060,1
vdjdb_full_2679_ss_3_n0_iptm_filtered,SLLMWITQV_HLA-A*02:01,tcr8262,0
vdjdb_full_2708,SLLMWITQV_HLA-A*02:01,tcr5631,1
vdjdb_full_2708_ss_3_n0_iptm_filtered,SLLMWITQV_HLA-A*02:01,tcr13159,0
vdjdb_full_2720,SLLMWITQV_HLA-A*02:01,tcr12683,1
vdjdb_full_2720_ss_3_n0_iptm_filtered,SLLMWITQV_HLA-A*02:01,tcr3147,0
vdjdb_full_2733,SLLMWITQV_HLA-A*02:01,tcr16271,1
vdjdb_full_2733_ss_3_n0_iptm_filtered,SLLMWITQV_HLA-A*02:01,tcr278,0
vdjdb_full_2737,SLLMWITQV_HLA-A*02:01,tcr16709,1
vdjdb_full_2737_ss_3_n0_iptm_filtered,SLLMWITQV_HLA-A*02:01,tcr6791,0
vdjdb_full_2819,SLLMWITQV_HLA-A*02:01,tcr10367,1
vdjdb_full_2819_ss_3_n0_iptm_filtered,SLLMWITQV_HLA-A*02:01,tcr4883,0
vdjdb_full_2821,SLLMWITQV_HLA-A*02:01,tcr17336,1
vdjdb_full_2821_ss_3_n0_iptm_filtered,SLLMWITQV_HLA-A*02:01,tcr13005,0
vdjdb_full_2856,SLLMWITQV_HLA-A*02:01,tcr17962,1
vdjdb_full_2856_ss_3_n0_iptm_filtered,SLLMWITQV_HLA-A*02:01,tcr11067,0
vdjdb_full_2860,SLLMWITQV_HLA-A*02:01,tcr4274,1
vdjdb_full_2860_ss_3_n0_iptm_filtered,SLLMWITQV_HLA-A*02:01,tcr44,0
vdjdb_full_2863,SLLMWITQV_HLA-A*02:01,tcr9286,1
vdjdb_full_2863_ss_3_n0_iptm_filtered,SLLMWITQV_HLA-A*02:01,tcr128,0
vdjdb_full_2884,SLLMWITQV_HLA-A*02:01,tcr14580,1
vdjdb_full_2884_ss_3_n0_iptm_filtered,SLLMWITQV_HLA-A*02:01,tcr10795,0
vdjdb_full_2890,SLLMWITQV_HLA-A*02:01,tcr6451,1
vdjdb_full_2890_ss_3_n0_iptm_filtered,SLLMWITQV_HLA-A*02:01,tcr11817,0
vdjdb_full_290,KLGGALQAK_HLA-A*03:01,tcr15539,1
vdjdb_full_290_ss_3_n0_iptm_filtered,KLGGALQAK_HLA-A*03:01,tcr3265,0
vdjdb_full_2906,SLLMWITQV_HLA-A*02:01,tcr833,1
vdjdb_full_2906_ss_3_n0_iptm_filtered,SLLMWITQV_HLA-A*02:01,tcr15666,0
vdjdb_full_2933,SLLMWITQV_HLA-A*02:01,tcr1958,1
vdjdb_full_2933_ss_3_n0_iptm_filtered,SLLMWITQV_HLA-A*02:01,tcr7445,0
vdjdb_full_2962,SLLMWITQV_HLA-A*02:01,tcr7601,1
vdjdb_full_2962_ss_3_n0_iptm_filtered,SLLMWITQV_HLA-A*02:01,tcr13486,0
vdjdb_full_2970,SLLMWITQV_HLA-A*02:01,tcr3021,1
vdjdb_full_2970_ss_3_n0_iptm_filtered,SLLMWITQV_HLA-A*02:01,tcr12522,0
vdjdb_full_2977,SLLMWITQV_HLA-A*02:01,tcr2449,1
vdjdb_full_2977_ss_3_n0_iptm_filtered,SLLMWITQV_HLA-A*02:01,tcr6352,0
vdjdb_full_2983,SLLMWITQV_HLA-A*02:01,tcr13218,1
vdjdb_full_2983_ss_3_n0_iptm_filtered,SLLMWITQV_HLA-A*02:01,tcr3657,0
vdjdb_full_2992,SLLMWITQV_HLA-A*02:01,tcr7076,1
vdjdb_full_2992_ss_3_n0_iptm_filtered,SLLMWITQV_HLA-A*02:01,tcr11858,0
vdjdb_full_3059,SLLMWITQV_HLA-A*02:01,tcr5135,1
vdjdb_full_3059_ss_3_n0_iptm_filtered,SLLMWITQV_HLA-A*02:01,tcr9700,0
vdjdb_full_3087,SLLMWITQV_HLA-A*02:01,tcr4819,1
vdjdb_full_3087_ss_3_n0_iptm_filtered,SLLMWITQV_HLA-A*02:01,tcr12645,0
vdjdb_full_3116,SLLMWITQV_HLA-A*02:01,tcr4961,1
vdjdb_full_3116_ss_3_n0_iptm_filtered,SLLMWITQV_HLA-A*02:01,tcr6194,0
vdjdb_full_316,KLGGALQAK_HLA-A*03:01,tcr1059,1
vdjdb_full_316_ss_3_n0_iptm_filtered,KLGGALQAK_HLA-A*03:01,tcr11221,0
vdjdb_full_3181,SLLMWITQV_HLA-A*02:01,tcr7890,1
vdjdb_full_3181_ss_3_n0_iptm_filtered,SLLMWITQV_HLA-A*02:01,tcr3597,0
vdjdb_full_3193,SLLMWITQV_HLA-A*02:01,tcr5698,1
vdjdb_full_3193_ss_3_n0_iptm_filtered,SLLMWITQV_HLA-A*02:01,tcr10452,0
vdjdb_full_3194,SLLMWITQV_HLA-A*02:01,tcr10770,1
vdjdb_full_3194_ss_3_n0_iptm_filtered,SLLMWITQV_HLA-A*02:01,tcr3044,0
vdjdb_full_323,KLGGALQAK_HLA-A*03:01,tcr11723,1
vdjdb_full_323_ss_3_n0_iptm_filtered,KLGGALQAK_HLA-A*03:01,tcr852,0
vdjdb_full_3237,SLLMWITQV_HLA-A*02:01,tcr15529,1
vdjdb_full_3237_ss_3_n0_iptm_filtered,SLLMWITQV_HLA-A*02:01,tcr14023,0
vdjdb_full_3260,SLLMWITQV_HLA-A*02:01,tcr17712,1
vdjdb_full_3260_ss_3_n0_iptm_filtered,SLLMWITQV_HLA-A*02:01,tcr11743,0
vdjdb_full_3283,SLLMWITQV_HLA-A*02:01,tcr9202,1
vdjdb_full_3283_ss_3_n0_iptm_filtered,SLLMWITQV_HLA-A*02:01,tcr11013,0
vdjdb_full_3287,SLLMWITQV_HLA-A*02:01,tcr11474,1
vdjdb_full_3287_ss_3_n0_iptm_filtered,SLLMWITQV_HLA-A*02:01,tcr15904,0
vdjdb_full_3355,SLLMWITQV_HLA-A*02:01,tcr10323,1
vdjdb_full_3355_ss_3_n0_iptm_filtered,SLLMWITQV_HLA-A*02:01,tcr6767,0
vdjdb_full_3364,SLLMWITQV_HLA-A*02:01,tcr3505,1
vdjdb_full_3364_ss_3_n0_iptm_filtered,SLLMWITQV_HLA-A*02:01,tcr13906,0
vdjdb_full_3396,SLLMWITQV_HLA-A*02:01,tcr11401,1
vdjdb_full_3396_ss_3_n0_iptm_filtered,SLLMWITQV_HLA-A*02:01,tcr13282,0
vdjdb_full_3401,SLLMWITQV_HLA-A*02:01,tcr4382,1
vdjdb_full_3401_ss_3_n0_iptm_filtered,SLLMWITQV_HLA-A*02:01,tcr16949,0
vdjdb_full_3433,SLLMWITQV_HLA-A*02:01,tcr14565,1
vdjdb_full_3433_ss_3_n0_iptm_filtered,SLLMWITQV_HLA-A*02:01,tcr11743,0
vdjdb_full_3466,SLLMWITQV_HLA-A*02:01,tcr1139,1
vdjdb_full_3466_ss_3_n0_iptm_filtered,SLLMWITQV_HLA-A*02:01,tcr4117,0
vdjdb_full_3498,SLLMWITQV_HLA-A*02:01,tcr15092,1
vdjdb_full_3498_ss_3_n0_iptm_filtered,SLLMWITQV_HLA-A*02:01,tcr7297,0
vdjdb_full_3514,SLLMWITQV_HLA-A*02:01,tcr6044,1
vdjdb_full_3514_ss_3_n0_iptm_filtered,SLLMWITQV_HLA-A*02:01,tcr10016,0
vdjdb_full_3516,SLLMWITQV_HLA-A*02:01,tcr3097,1
vdjdb_full_3516_ss_3_n0_iptm_filtered,SLLMWITQV_HLA-A*02:01,tcr2363,0
vdjdb_full_3518,SLLMWITQV_HLA-A*02:01,tcr403,1
vdjdb_full_3518_ss_3_n0_iptm_filtered,SLLMWITQV_HLA-A*02:01,tcr13131,0
vdjdb_full_3547,SLLMWITQV_HLA-A*02:01,tcr7554,1
vdjdb_full_3547_ss_3_n0_iptm_filtered,SLLMWITQV_HLA-A*02:01,tcr16588,0
vdjdb_full_3553,SLLMWITQV_HLA-A*02:01,tcr250,1
vdjdb_full_3553_ss_3_n0_iptm_filtered,SLLMWITQV_HLA-A*02:01,tcr10551,0
vdjdb_full_3573,SLLMWITQV_HLA-A*02:01,tcr9958,1
vdjdb_full_3573_ss_3_n0_iptm_filtered,SLLMWITQV_HLA-A*02:01,tcr3814,0
vdjdb_full_3596,SLLMWITQV_HLA-A*02:01,tcr12372,1
vdjdb_full_3596_ss_3_n0_iptm_filtered,SLLMWITQV_HLA-A*02:01,tcr5099,0
vdjdb_full_3663,SLLMWITQV_HLA-A*02:01,tcr9845,1
vdjdb_full_3663_ss_3_n0_iptm_filtered,SLLMWITQV_HLA-A*02:01,tcr9370,0
vdjdb_full_3687,SLLMWITQV_HLA-A*02:01,tcr15097,1
vdjdb_full_3687_ss_3_n0_iptm_filtered,SLLMWITQV_HLA-A*02:01,tcr10,0
vdjdb_full_3689,SLLMWITQV_HLA-A*02:01,tcr4020,1
vdjdb_full_3689_ss_3_n0_iptm_filtered,SLLMWITQV_HLA-A*02:01,tcr14818,0
vdjdb_full_3692,SLLMWITQV_HLA-A*02:01,tcr17033,1
vdjdb_full_3692_ss_3_n0_iptm_filtered,SLLMWITQV_HLA-A*02:01,tcr4029,0
vdjdb_full_3698,SLLMWITQV_HLA-A*02:01,tcr8596,1
vdjdb_full_3698_ss_3_n0_iptm_filtered,SLLMWITQV_HLA-A*02:01,tcr15904,0
vdjdb_full_3727,SLLMWITQV_HLA-A*02:01,tcr17643,1
vdjdb_full_3727_ss_3_n0_iptm_filtered,SLLMWITQV_HLA-A*02:01,tcr6692,0
vdjdb_full_3788,SLLMWITQV_HLA-A*02:01,tcr11001,1
vdjdb_full_3788_ss_3_n0_iptm_filtered,SLLMWITQV_HLA-A*02:01,tcr10845,0
vdjdb_full_3791,SLLMWITQV_HLA-A*02:01,tcr7414,1
vdjdb_full_3791_ss_3_n0_iptm_filtered,SLLMWITQV_HLA-A*02:01,tcr16291,0
vdjdb_full_3842,SLLMWITQV_HLA-A*02:01,tcr7811,1
vdjdb_full_3842_ss_3_n0_iptm_filtered,SLLMWITQV_HLA-A*02:01,tcr5733,0
vdjdb_full_3853,SLLMWITQV_HLA-A*02:01,tcr4389,1
vdjdb_full_3853_ss_3_n0_iptm_filtered,SLLMWITQV_HLA-A*02:01,tcr3139,0
vdjdb_full_3882,SLLMWITQV_HLA-A*02:01,tcr4244,1
vdjdb_full_3882_ss_3_n0_iptm_filtered,SLLMWITQV_HLA-A*02:01,tcr5489,0
vdjdb_full_3898,SLLMWITQV_HLA-A*02:01,tcr9473,1
vdjdb_full_3898_ss_3_n0_iptm_filtered,SLLMWITQV_HLA-A*02:01,tcr1245,0
vdjdb_full_3899,SLLMWITQV_HLA-A*02:01,tcr1085,1
vdjdb_full_3899_ss_3_n0_iptm_filtered,SLLMWITQV_HLA-A*02:01,tcr8872,0
vdjdb_full_3901,SLLMWITQV_HLA-A*02:01,tcr16848,1
vdjdb_full_3901_ss_3_n0_iptm_filtered,SLLMWITQV_HLA-A*02:01,tcr14825,0
vdjdb_full_3932,SLLMWITQV_HLA-A*02:01,tcr15647,1
vdjdb_full_3932_ss_3_n0_iptm_filtered,SLLMWITQV_HLA-A*02:01,tcr11148,0
vdjdb_full_3942,SLLMWITQV_HLA-A*02:01,tcr17928,1
vdjdb_full_3942_ss_3_n0_iptm_filtered,SLLMWITQV_HLA-A*02:01,tcr4004,0
vdjdb_full_4004,SLLMWITQV_HLA-A*02:01,tcr9527,1
vdjdb_full_4004_ss_3_n0_iptm_filtered,SLLMWITQV_HLA-A*02:01,tcr12066,0
vdjdb_full_4062,SLLMWITQV_HLA-A*02:01,tcr5426,1
vdjdb_full_4062_ss_3_n0_iptm_filtered,SLLMWITQV_HLA-A*02:01,tcr4162,0
vdjdb_full_4082,SLLMWITQV_HLA-A*02:01,tcr13898,1
vdjdb_full_4082_ss_3_n0_iptm_filtered,SLLMWITQV_HLA-A*02:01,tcr5147,0
vdjdb_full_4083,SLLMWITQV_HLA-A*02:01,tcr16093,1
vdjdb_full_4083_ss_3_n0_iptm_filtered,SLLMWITQV_HLA-A*02:01,tcr8659,0
vdjdb_full_4092,SLLMWITQV_HLA-A*02:01,tcr7509,1
vdjdb_full_4092_ss_3_n0_iptm_filtered,SLLMWITQV_HLA-A*02:01,tcr16350,0
vdjdb_full_4096,SLLMWITQV_HLA-A*02:01,tcr11347,1
vdjdb_full_4096_ss_3_n0_iptm_filtered,SLLMWITQV_HLA-A*02:01,tcr11169,0
vdjdb_full_4111,SLLMWITQV_HLA-A*02:01,tcr15416,1
vdjdb_full_4111_ss_3_n0_iptm_filtered,SLLMWITQV_HLA-A*02:01,tcr10595,0
vdjdb_full_4121,SLLMWITQV_HLA-A*02:01,tcr1081,1
vdjdb_full_4121_ss_3_n0_iptm_filtered,SLLMWITQV_HLA-A*02:01,tcr12076,0
vdjdb_full_4141,SLLMWITQV_HLA-A*02:01,tcr174,1
vdjdb_full_4141_ss_3_n0_iptm_filtered,SLLMWITQV_HLA-A*02:01,tcr10256,0
vdjdb_full_4164,SLLMWITQV_HLA-A*02:01,tcr3947,1
vdjdb_full_4164_ss_3_n0_iptm_filtered,SLLMWITQV_HLA-A*02:01,tcr9700,0
vdjdb_full_4165,SLLMWITQV_HLA-A*02:01,tcr13664,1
vdjdb_full_4165_ss_3_n0_iptm_filtered,SLLMWITQV_HLA-A*02:01,tcr16243,0
vdjdb_full_4177,SLLMWITQV_HLA-A*02:01,tcr5086,1
vdjdb_full_4177_ss_3_n0_iptm_filtered,SLLMWITQV_HLA-A*02:01,tcr2114,0
vdjdb_full_4217,SLLMWITQV_HLA-A*02:01,tcr17701,1
vdjdb_full_4217_ss_3_n0_iptm_filtered,SLLMWITQV_HLA-A*02:01,tcr5372,0
vdjdb_full_4218,SLLMWITQV_HLA-A*02:01,tcr136,1
vdjdb_full_4218_ss_3_n0_iptm_filtered,SLLMWITQV_HLA-A*02:01,tcr10595,0
vdjdb_full_4230,SLLMWITQV_HLA-A*02:01,tcr4370,1
vdjdb_full_4230_ss_3_n0_iptm_filtered,SLLMWITQV_HLA-A*02:01,tcr4884,0
vdjdb_full_4232,SLLMWITQV_HLA-A*02:01,tcr9401,1
vdjdb_full_4232_ss_3_n0_iptm_filtered,SLLMWITQV_HLA-A*02:01,tcr9370,0
vdjdb_full_4255,SLLMWITQV_HLA-A*02:01,tcr14796,1
vdjdb_full_4255_ss_3_n0_iptm_filtered,SLLMWITQV_HLA-A*02:01,tcr3267,0
vdjdb_full_4256,SLLMWITQV_HLA-A*02:01,tcr13506,1
vdjdb_full_4256_ss_3_n0_iptm_filtered,SLLMWITQV_HLA-A*02:01,tcr4132,0
vdjdb_full_4273,SLLMWITQV_HLA-A*02:01,tcr537,1
vdjdb_full_4273_ss_3_n0_iptm_filtered,SLLMWITQV_HLA-A*02:01,tcr3155,0
vdjdb_full_4300,SLLMWITQV_HLA-A*02:01,tcr8569,1
vdjdb_full_4300_ss_3_n0_iptm_filtered,SLLMWITQV_HLA-A*02:01,tcr14954,0
vdjdb_full_4305,SLLMWITQV_HLA-A*02:01,tcr3181,1
vdjdb_full_4305_ss_3_n0_iptm_filtered,SLLMWITQV_HLA-A*02:01,tcr8288,0
vdjdb_full_4338,SLLMWITQV_HLA-A*02:01,tcr5936,1
vdjdb_full_4338_ss_3_n0_iptm_filtered,SLLMWITQV_HLA-A*02:01,tcr13206,0
vdjdb_full_4340,SLLMWITQV_HLA-A*02:01,tcr15315,1
vdjdb_full_4340_ss_3_n0_iptm_filtered,SLLMWITQV_HLA-A*02:01,tcr2886,0
vdjdb_full_4350,SLLMWITQV_HLA-A*02:01,tcr6091,1
vdjdb_full_4350_ss_3_n0_iptm_filtered,SLLMWITQV_HLA-A*02:01,tcr1523,0
vdjdb_full_4407,SLLMWITQV_HLA-A*02:01,tcr6780,1
vdjdb_full_4407_ss_3_n0_iptm_filtered,SLLMWITQV_HLA-A*02:01,tcr12480,0
vdjdb_full_4428,SLLMWITQV_HLA-A*02:01,tcr16240,1
vdjdb_full_4428_ss_3_n0_iptm_filtered,SLLMWITQV_HLA-A*02:01,tcr5333,0
vdjdb_full_4442,SLLMWITQV_HLA-A*02:01,tcr14528,1
vdjdb_full_4442_ss_3_n0_iptm_filtered,SLLMWITQV_HLA-A*02:01,tcr17628,0
vdjdb_full_4456,SLLMWITQV_HLA-A*02:01,tcr12787,1
vdjdb_full_4456_ss_3_n0_iptm_filtered,SLLMWITQV_HLA-A*02:01,tcr2695,0
vdjdb_full_4461,SLLMWITQV_HLA-A*02:01,tcr16138,1
vdjdb_full_4461_ss_3_n0_iptm_filtered,SLLMWITQV_HLA-A*02:01,tcr2826,0
vdjdb_full_4469,SLLMWITQV_HLA-A*02:01,tcr386,1
vdjdb_full_4469_ss_3_n0_iptm_filtered,SLLMWITQV_HLA-A*02:01,tcr558,0
vdjdb_full_4493,SLLMWITQV_HLA-A*02:01,tcr14259,1
vdjdb_full_4493_ss_3_n0_iptm_filtered,SLLMWITQV_HLA-A*02:01,tcr9719,0
vdjdb_full_4531,SLLMWITQV_HLA-A*02:01,tcr17747,1
vdjdb_full_4531_ss_3_n0_iptm_filtered,SLLMWITQV_HLA-A*02:01,tcr8368,0
vdjdb_full_4536,SLLMWITQV_HLA-A*02:01,tcr6464,1
vdjdb_full_4536_ss_3_n0_iptm_filtered,SLLMWITQV_HLA-A*02:01,tcr4681,0
vdjdb_full_4540,SLLMWITQV_HLA-A*02:01,tcr3553,1
vdjdb_full_4540_ss_3_n0_iptm_filtered,SLLMWITQV_HLA-A*02:01,tcr7767,0
vdjdb_full_4590,SLLMWITQV_HLA-A*02:01,tcr18059,1
vdjdb_full_4590_ss_3_n0_iptm_filtered,SLLMWITQV_HLA-A*02:01,tcr6014,0
vdjdb_full_4596,SLLMWITQV_HLA-A*02:01,tcr11188,1
vdjdb_full_4596_ss_3_n0_iptm_filtered,SLLMWITQV_HLA-A*02:01,tcr13691,0
vdjdb_full_8311,LLDFVRFMGV_HLA-A*02:01,tcr15699,1
vdjdb_full_8311_ss_3_n0_iptm_filtered,LLDFVRFMGV_HLA-A*02:01,tcr16762,0
vdjdb_full_8313,LLDFVRFMGV_HLA-A*02:01,tcr14412,1
vdjdb_full_8313_ss_3_n0_iptm_filtered,LLDFVRFMGV_HLA-A*02:01,tcr9651,0
vdjdb_full_8317,LLDFVRFMGV_HLA-A*02:01,tcr4925,1
vdjdb_full_8317_ss_3_n0_iptm_filtered,LLDFVRFMGV_HLA-A*02:01,tcr2762,0
vdjdb_full_8319,LLDFVRFMGV_HLA-A*02:01,tcr10588,1
vdjdb_full_8319_ss_3_n0_iptm_filtered,LLDFVRFMGV_HLA-A*02:01,tcr3700,0
vdjdb_full_8329,LLDFVRFMGV_HLA-A*02:01,tcr269,1
vdjdb_full_8329_ss_3_n0_iptm_filtered,LLDFVRFMGV_HLA-A*02:01,tcr5510,0
vdjdb_full_8334,LLDFVRFMGV_HLA-A*02:01,tcr11422,1
vdjdb_full_8334_ss_3_n0_iptm_filtered,LLDFVRFMGV_HLA-A*02:01,tcr5901,0
vdjdb_full_872,KLGGALQAK_HLA-A*03:01,tcr4004,1
vdjdb_full_872_ss_3_n0_iptm_filtered,KLGGALQAK_HLA-A*03:01,tcr9058,0
vdjdb_full_9186,YVLDHLIVV_HLA-A*02:01,tcr11126,1
vdjdb_full_9186_ss_3_n0_iptm_filtered,YVLDHLIVV_HLA-A*02:01,tcr15908,0
vdjdb_full_9195,YVLDHLIVV_HLA-A*02:01,tcr6996,1
vdjdb_full_9195_ss_3_n0_iptm_filtered,YVLDHLIVV_HLA-A*02:01,tcr12962,0
vdjdb_full_9210,YVLDHLIVV_HLA-A*02:01,tcr16913,1
vdjdb_full_9210_ss_3_n0_iptm_filtered,YVLDHLIVV_HLA-A*02:01,tcr11072,0
vdjdb_full_9212,YVLDHLIVV_HLA-A*02:01,tcr11221,1
vdjdb_full_9212_ss_3_n0_iptm_filtered,YVLDHLIVV_HLA-A*02:01,tcr2812,0
vdjdb_full_9221,YVLDHLIVV_HLA-A*02:01,tcr8030,1
vdjdb_full_9221_ss_3_n0_iptm_filtered,YVLDHLIVV_HLA-A*02:01,tcr6705,0
vdjdb_full_9224,YVLDHLIVV_HLA-A*02:01,tcr6098,1
vdjdb_full_9224_ss_3_n0_iptm_filtered,YVLDHLIVV_HLA-A*02:01,tcr2101,0
vdjdb_full_9236,YVLDHLIVV_HLA-A*02:01,tcr5389,1
vdjdb_full_9236_ss_3_n0_iptm_filtered,YVLDHLIVV_HLA-A*02:01,tcr17315,0
vdjdb_full_9242,YVLDHLIVV_HLA-A*02:01,tcr15584,1
vdjdb_full_9242_ss_3_n0_iptm_filtered,YVLDHLIVV_HLA-A*02:01,tcr1828,0
vdjdb_full_9255,YVLDHLIVV_HLA-A*02:01,tcr5235,1
vdjdb_full_9255_ss_3_n0_iptm_filtered,YVLDHLIVV_HLA-A*02:01,tcr10595,0
vdjdb_full_9256,YVLDHLIVV_HLA-A*02:01,tcr918,1
vdjdb_full_9256_ss_3_n0_iptm_filtered,YVLDHLIVV_HLA-A*02:01,tcr13474,0
vdjdb_full_9263,YVLDHLIVV_HLA-A*02:01,tcr3043,1
vdjdb_full_9263_ss_3_n0_iptm_filtered,YVLDHLIVV_HLA-A*02:01,tcr15656,0
vdjdb_full_9273,YVLDHLIVV_HLA-A*02:01,tcr17560,1
vdjdb_full_9273_ss_3_n0_iptm_filtered,YVLDHLIVV_HLA-A*02:01,tcr12710,0
vdjdb_full_9288,YVLDHLIVV_HLA-A*02:01,tcr12086,1
vdjdb_full_9288_ss_3_n0_iptm_filtered,YVLDHLIVV_HLA-A*02:01,tcr4176,0
vdjdb_full_9291,YVLDHLIVV_HLA-A*02:01,tcr14494,1
vdjdb_full_9291_ss_3_n0_iptm_filtered,YVLDHLIVV_HLA-A*02:01,tcr1563,0
vdjdb_full_9293,YVLDHLIVV_HLA-A*02:01,tcr4774,1
vdjdb_full_9293_ss_3_n0_iptm_filtered,YVLDHLIVV_HLA-A*02:01,tcr14081,0
vdjdb_full_9299,YVLDHLIVV_HLA-A*02:01,tcr11700,1
vdjdb_full_9299_ss_3_n0_iptm_filtered,YVLDHLIVV_HLA-A*02:01,tcr7890,0
vdjdb_full_9321,YVLDHLIVV_HLA-A*02:01,tcr9437,1
vdjdb_full_9321_ss_3_n0_iptm_filtered,YVLDHLIVV_HLA-A*02:01,tcr12113,0
vdjdb_full_9325,YVLDHLIVV_HLA-A*02:01,tcr6545,1
vdjdb_full_9325_ss_3_n0_iptm_filtered,YVLDHLIVV_HLA-A*02:01,tcr7059,0
vdjdb_full_9326,YVLDHLIVV_HLA-A*02:01,tcr12185,1
vdjdb_full_9326_ss_3_n0_iptm_filtered,YVLDHLIVV_HLA-A*02:01,tcr15821,0
vdjdb_full_9334,YVLDHLIVV_HLA-A*02:01,tcr2333,1
vdjdb_full_9334_ss_3_n0_iptm_filtered,YVLDHLIVV_HLA-A*02:01,tcr370,0
vdjdb_full_9336,YVLDHLIVV_HLA-A*02:01,tcr6703,1
vdjdb_full_9336_ss_3_n0_iptm_filtered,YVLDHLIVV_HLA-A*02:01,tcr9227,0
vdjdb_full_9348,YVLDHLIVV_HLA-A*02:01,tcr9107,1
vdjdb_full_9348_ss_3_n0_iptm_filtered,YVLDHLIVV_HLA-A*02:01,tcr4884,0
vdjdb_full_9349,YVLDHLIVV_HLA-A*02:01,tcr6265,1
vdjdb_full_9349_ss_3_n0_iptm_filtered,YVLDHLIVV_HLA-A*02:01,tcr15636,0
vdjdb_full_9363,YVLDHLIVV_HLA-A*02:01,tcr10232,1
vdjdb_full_9363_ss_3_n0_iptm_filtered,YVLDHLIVV_HLA-A*02:01,tcr3513,0
vdjdb_full_9378,YVLDHLIVV_HLA-A*02:01,tcr6859,1
vdjdb_full_9378_ss_3_n0_iptm_filtered,YVLDHLIVV_HLA-A*02:01,tcr1536,0
vdjdb_full_9403,YVLDHLIVV_HLA-A*02:01,tcr2420,1
vdjdb_full_9403_ss_3_n0_iptm_filtered,YVLDHLIVV_HLA-A*02:01,tcr15829,0
vdjdb_full_9405,YVLDHLIVV_HLA-A*02:01,tcr4471,1
vdjdb_full_9405_ss_3_n0_iptm_filtered,YVLDHLIVV_HLA-A*02:01,tcr7799,0
vdjdb_full_9428,YVLDHLIVV_HLA-A*02:01,tcr6343,1
vdjdb_full_9428_ss_3_n0_iptm_filtered,YVLDHLIVV_HLA-A*02:01,tcr11312,0
vdjdb_full_9429,YVLDHLIVV_HLA-A*02:01,tcr3364,1
vdjdb_full_9429_ss_3_n0_iptm_filtered,YVLDHLIVV_HLA-A*02:01,tcr278,0
vdjdb_full_9431,YVLDHLIVV_HLA-A*02:01,tcr1572,1
vdjdb_full_9431_ss_3_n0_iptm_filtered,YVLDHLIVV_HLA-A*02:01,tcr4162,0
vdjdb_full_9433,YVLDHLIVV_HLA-A*02:01,tcr16223,1
vdjdb_full_9433_ss_3_n0_iptm_filtered,YVLDHLIVV_HLA-A*02:01,tcr18340,0
vdjdb_full_9445,YVLDHLIVV_HLA-A*02:01,tcr18110,1
vdjdb_full_9445_ss_3_n0_iptm_filtered,YVLDHLIVV_HLA-A*02:01,tcr11504,0
vdjdb_full_9454,YVLDHLIVV_HLA-A*02:01,tcr2890,1
vdjdb_full_9454_ss_3_n0_iptm_filtered,YVLDHLIVV_HLA-A*02:01,tcr10840,0
vdjdb_full_9458,YVLDHLIVV_HLA-A*02:01,tcr2124,1
vdjdb_full_9458_ss_3_n0_iptm_filtered,YVLDHLIVV_HLA-A*02:01,tcr11744,0
vdjdb_full_9476,YVLDHLIVV_HLA-A*02:01,tcr4850,1
vdjdb_full_9476_ss_3_n0_iptm_filtered,YVLDHLIVV_HLA-A*02:01,tcr1293,0
vdjdb_full_9481,YVLDHLIVV_HLA-A*02:01,tcr3486,1
vdjdb_full_9481_ss_3_n0_iptm_filtered,YVLDHLIVV_HLA-A*02:01,tcr9503,0
vdjdb_full_9484,YVLDHLIVV_HLA-A*02:01,tcr7129,1
vdjdb_full_9484_ss_3_n0_iptm_filtered,YVLDHLIVV_HLA-A*02:01,tcr11104,0
vdjdb_full_9485,YVLDHLIVV_HLA-A*02:01,tcr121,1
vdjdb_full_9485_ss_3_n0_iptm_filtered,YVLDHLIVV_HLA-A*02:01,tcr2255,0
vdjdb_full_949,KLGGALQAK_HLA-A*03:01,tcr4909,1
vdjdb_full_949_ss_3_n0_iptm_filtered,KLGGALQAK_HLA-A*03:01,tcr9765,0
vdjdb_full_950,KLGGALQAK_HLA-A*03:01,tcr15130,1
vdjdb_full_950_ss_3_n0_iptm_filtered,KLGGALQAK_HLA-A*03:01,tcr15776,0
vdjdb_full_9524,CVNGSCFTV_HLA-A*02:01,tcr17507,1
vdjdb_full_9524_ss_3_n0_iptm_filtered,CVNGSCFTV_HLA-A*02:01,tcr2696,0
vdjdb_full_9525,CVNGSCFTV_HLA-A*02:01,tcr13159,1
vdjdb_full_9525_ss_3_n0_iptm_filtered,CVNGSCFTV_HLA-A*02:01,tcr2048,0
vdjdb_full_9526,CVNGSCFTV_HLA-A*02:01,tcr14044,1
vdjdb_full_9526_ss_3_n0_iptm_filtered,CVNGSCFTV_HLA-A*02:01,tcr15580,0
vdjdb_full_9532,CVNGSCFTV_HLA-A*02:01,tcr2477,1
vdjdb_full_9532_ss_3_n0_iptm_filtered,CVNGSCFTV_HLA-A*02:01,tcr6344,0
vdjdb_full_9533,CVNGSCFTV_HLA-A*02:01,tcr10855,1
vdjdb_full_9533_ss_3_n0_iptm_filtered,CVNGSCFTV_HLA-A*02:01,tcr16813,0
vdjdb_full_9539,YLQPRTFLL_HLA-A*02:01,tcr526,1
vdjdb_full_9539_ss_3_n0_iptm_filtered,YLQPRTFLL_HLA-A*02:01,tcr1528,0
vdjdb_full_9551,YLQPRTFLL_HLA-A*02:01,tcr4378,1
vdjdb_full_9551_ss_3_n0_iptm_filtered,YLQPRTFLL_HLA-A*02:01,tcr3837,0
vdjdb_full_9556,YLQPRTFLL_HLA-A*02:01,tcr15012,1
vdjdb_full_9556_ss_3_n0_iptm_filtered,YLQPRTFLL_HLA-A*02:01,tcr11067,0
vdjdb_full_9558,YLQPRTFLL_HLA-A*02:01,tcr12284,1
vdjdb_full_9558_ss_3_n0_iptm_filtered,YLQPRTFLL_HLA-A*02:01,tcr11239,0
vdjdb_full_9559,YLQPRTFLL_HLA-A*02:01,tcr13976,1
vdjdb_full_9559_ss_3_n0_iptm_filtered,YLQPRTFLL_HLA-A*02:01,tcr5857,0
vdjdb_full_9564,YLQPRTFLL_HLA-A*02:01,tcr3984,1
vdjdb_full_9564_ss_3_n0_iptm_filtered,YLQPRTFLL_HLA-A*02:01,tcr14335,0
vdjdb_full_9565,YLQPRTFLL_HLA-A*02:01,tcr3243,1
vdjdb_full_9565_ss_3_n0_iptm_filtered,YLQPRTFLL_HLA-A*02:01,tcr2255,0
vdjdb_full_9567,YLQPRTFLL_HLA-A*02:01,tcr10795,1
vdjdb_full_9567_ss_3_n0_iptm_filtered,YLQPRTFLL_HLA-A*02:01,tcr1098,0
vdjdb_full_9577,YLQPRTFLL_HLA-A*02:01,tcr17362,1
vdjdb_full_9577_ss_3_n0_iptm_filtered,YLQPRTFLL_HLA-A*02:01,tcr15097,0
vdjdb_full_9592,YLQPRTFLL_HLA-A*02:01,tcr14582,1
vdjdb_full_9592_ss_3_n0_iptm_filtered,YLQPRTFLL_HLA-A*02:01,tcr12480,0
vdjdb_full_9605,YLQPRTFLL_HLA-A*02:01,tcr12882,1
vdjdb_full_9605_ss_3_n0_iptm_filtered,YLQPRTFLL_HLA-A*02:01,tcr16864,0
vdjdb_full_9607,YLQPRTFLL_HLA-A*02:01,tcr8187,1
vdjdb_full_9607_ss_3_n0_iptm_filtered,YLQPRTFLL_HLA-A*02:01,tcr6214,0
vdjdb_full_9612,YLQPRTFLL_HLA-A*02:01,tcr15468,1
vdjdb_full_9612_ss_3_n0_iptm_filtered,YLQPRTFLL_HLA-A*02:01,tcr12185,0
vdjdb_full_9613,YLQPRTFLL_HLA-A*02:01,tcr16762,1
vdjdb_full_9613_ss_3_n0_iptm_filtered,YLQPRTFLL_HLA-A*02:01,tcr3867,0
vdjdb_full_9616,YLQPRTFLL_HLA-A*02:01,tcr14402,1
vdjdb_full_9616_ss_3_n0_iptm_filtered,YLQPRTFLL_HLA-A*02:01,tcr11744,0
vdjdb_full_9619,YLQPRTFLL_HLA-A*02:01,tcr3695,1
vdjdb_full_9619_ss_3_n0_iptm_filtered,YLQPRTFLL_HLA-A*02:01,tcr1139,0
vdjdb_full_9629,YLQPRTFLL_HLA-A*02:01,tcr589,1
vdjdb_full_9629_ss_3_n0_iptm_filtered,YLQPRTFLL_HLA-A*02:01,tcr11817,0
vdjdb_full_9633,YLQPRTFLL_HLA-A*02:01,tcr12860,1
vdjdb_full_9633_ss_3_n0_iptm_filtered,YLQPRTFLL_HLA-A*02:01,tcr16712,0
vdjdb_full_9664,YLQPRTFLL_HLA-A*02:01,tcr17482,1
vdjdb_full_9664_ss_3_n0_iptm_filtered,YLQPRTFLL_HLA-A*02:01,tcr2792,0
vdjdb_full_9671,YLQPRTFLL_HLA-A*02:01,tcr579,1
vdjdb_full_9671_ss_3_n0_iptm_filtered,YLQPRTFLL_HLA-A*02:01,tcr2725,0
vdjdb_full_9672,YLQPRTFLL_HLA-A*02:01,tcr12859,1
vdjdb_full_9672_ss_3_n0_iptm_filtered,YLQPRTFLL_HLA-A*02:01,tcr7347,0
vdjdb_full_9685,YLQPRTFLL_HLA-A*02:01,tcr16714,1
vdjdb_full_9685_ss_3_n0_iptm_filtered,YLQPRTFLL_HLA-A*02:01,tcr14298,0
vdjdb_full_9688,YLQPRTFLL_HLA-A*02:01,tcr9546,1
vdjdb_full_9688_ss_3_n0_iptm_filtered,YLQPRTFLL_HLA-A*02:01,tcr4924,0
vdjdb_full_9693,YLQPRTFLL_HLA-A*02:01,tcr14935,1
vdjdb_full_9693_ss_3_n0_iptm_filtered,YLQPRTFLL_HLA-A*02:01,tcr12480,0
vdjdb_full_9712,YLQPRTFLL_HLA-A*02:01,tcr12266,1
vdjdb_full_9712_ss_3_n0_iptm_filtered,YLQPRTFLL_HLA-A*02:01,tcr12620,0
vdjdb_full_9734,YLQPRTFLL_HLA-A*02:01,tcr13722,1
vdjdb_full_9734_ss_3_n0_iptm_filtered,YLQPRTFLL_HLA-A*02:01,tcr10626,0
vdjdb_full_9736,YLQPRTFLL_HLA-A*02:01,tcr17958,1
vdjdb_full_9736_ss_3_n0_iptm_filtered,YLQPRTFLL_HLA-A*02:01,tcr7381,0
vdjdb_full_9744,YLQPRTFLL_HLA-A*02:01,tcr128,1
vdjdb_full_9744_ss_3_n0_iptm_filtered,YLQPRTFLL_HLA-A*02:01,tcr2533,0
vdjdb_full_9749,YLQPRTFLL_HLA-A*02:01,tcr13340,1
vdjdb_full_9749_ss_3_n0_iptm_filtered,YLQPRTFLL_HLA-A*02:01,tcr17893,0
vdjdb_full_9780,YLQPRTFLL_HLA-A*02:01,tcr11791,1
vdjdb_full_9780_ss_3_n0_iptm_filtered,YLQPRTFLL_HLA-A*02:01,tcr8076,0
vdjdb_full_9788,YLQPRTFLL_HLA-A*02:01,tcr1075,1
vdjdb_full_9788_ss_3_n0_iptm_filtered,YLQPRTFLL_HLA-A*02:01,tcr11188,0
vdjdb_full_9809,YLQPRTFLL_HLA-A*02:01,tcr12692,1
vdjdb_full_9809_ss_3_n0_iptm_filtered,YLQPRTFLL_HLA-A*02:01,tcr12191,0
vdjdb_full_9815,YLQPRTFLL_HLA-A*02:01,tcr12539,1
vdjdb_full_9815_ss_3_n0_iptm_filtered,YLQPRTFLL_HLA-A*02:01,tcr2420,0
vdjdb_full_9822,YLQPRTFLL_HLA-A*02:01,tcr3869,1
vdjdb_full_9822_ss_3_n0_iptm_filtered,YLQPRTFLL_HLA-A*02:01,tcr6380,0
vdjdb_full_9833,YLQPRTFLL_HLA-A*02:01,tcr8844,1
vdjdb_full_9833_ss_3_n0_iptm_filtered,YLQPRTFLL_HLA-A*02:01,tcr12892,0
vdjdb_full_9840,YLQPRTFLL_HLA-A*02:01,tcr5282,1
vdjdb_full_9840_ss_3_n0_iptm_filtered,YLQPRTFLL_HLA-A*02:01,tcr6638,0
vdjdb_full_9872,YLQPRTFLL_HLA-A*02:01,tcr9515,1
vdjdb_full_9872_ss_3_n0_iptm_filtered,YLQPRTFLL_HLA-A*02:01,tcr17724,0
vdjdb_full_9885,YLQPRTFLL_HLA-A*02:01,tcr2895,1
vdjdb_full_9885_ss_3_n0_iptm_filtered,YLQPRTFLL_HLA-A*02:01,tcr4899,0
vdjdb_full_9915,YLQPRTFLL_HLA-A*02:01,tcr12643,1
vdjdb_full_9915_ss_3_n0_iptm_filtered,YLQPRTFLL_HLA-A*02:01,tcr7601,0
vdjdb_full_9925,YLQPRTFLL_HLA-A*02:01,tcr1503,1
vdjdb_full_9925_ss_3_n0_iptm_filtered,YLQPRTFLL_HLA-A*02:01,tcr3,0
vdjdb_full_9952,YLQPRTFLL_HLA-A*02:01,tcr18132,1
vdjdb_full_9952_ss_3_n0_iptm_filtered,YLQPRTFLL_HLA-A*02:01,tcr622,0
vdjdb_full_9954,YLQPRTFLL_HLA-A*02:01,tcr10229,1
vdjdb_full_9954_ss_3_n0_iptm_filtered,YLQPRTFLL_HLA-A*02:01,tcr6469,0
vdjdb_full_9957,YLQPRTFLL_HLA-A*02:01,tcr16880,1
vdjdb_full_9957_ss_3_n0_iptm_filtered,YLQPRTFLL_HLA-A*02:01,tcr8264,0
vdjdb_full_9961,YLQPRTFLL_HLA-A*02:01,tcr13180,1
vdjdb_full_9961_ss_3_n0_iptm_filtered,YLQPRTFLL_HLA-A*02:01,tcr16860,0
vdjdb_full_9962,YLQPRTFLL_HLA-A*02:01,tcr15980,1
vdjdb_full_9962_ss_3_n0_iptm_filtered,YLQPRTFLL_HLA-A*02:01,tcr17280,0
vdjdb_full_9988,RLRAEAQVK_HLA-A*03:01,tcr7400,1
vdjdb_full_9988_ss_3_n0_iptm_filtered,RLRAEAQVK_HLA-A*03:01,tcr14033,0
