sample_id,pae_mean,pae_min,pae_max,pae_std,pae_median,pae_p10,pae_p90,pae_frac_lt_5,pae_frac_gt_15,pae_asymmetry
v0,2.0797088146209717,0.800000011920929,5.300000190734863,0.756803572177887,2.0999999046325684,1.100000023841858,3.0,0.9979188345473465,0.0,0.4270551800727844
v1,13.56368350982666,0.800000011920929,28.399999618530273,11.08353328704834,7.0,1.7999999523162842,27.100000381469727,0.3870967741935484,0.413111342351717,1.4104059934616089
v10,8.959490776062012,0.800000011920929,21.799999237060547,6.095830917358398,7.800000190734863,1.6500000357627869,17.600000381469727,0.3881172839506173,0.2183641975308642,2.758179187774658
v100,13.88888931274414,0.800000011920929,28.5,10.441105842590332,11.0,1.399999976158142,27.100000381469727,0.29398148148148145,0.4212962962962963,3.133950710296631
v1000,3.7052340507507324,0.800000011920929,19.399999618530273,2.9013216495513916,3.0999999046325684,1.1800000429153454,7.0,0.8236914600550964,0.012855831037649219,1.9276399612426758
v1001,4.903506278991699,0.800000011920929,17.200000762939453,3.158802032470703,4.300000190734863,1.2999999523162842,9.219999885559087,0.6026296566837107,0.009495982468955442,2.411541223526001
v1002,13.226813316345215,0.800000011920929,29.700000762939453,11.912800788879395,5.699999809265137,1.2999999523162842,28.5,0.46831955922865015,0.4086317722681359,2.244995355606079
v1003,3.6964187622070312,0.800000011920929,21.0,3.4715285301208496,2.5,1.100000023841858,8.36000022888185,0.8071625344352618,0.021120293847566574,2.2953169345855713
v1004,3.436882972717285,0.800000011920929,16.799999237060547,2.5291566848754883,2.799999952316284,1.2000000476837158,6.5,0.8472222222222222,0.004629629629629629,1.7592592239379883
v1005,3.784072160720825,0.800000011920929,13.5,2.197258710861206,3.299999952316284,1.2999999523162842,6.900000095367432,0.8005540166204986,0.0,1.6764543056488037
v1006,8.994122505187988,0.800000011920929,22.799999237060547,7.692008972167969,4.699999809265137,1.2999999523162842,19.799999237060547,0.5159183673469387,0.37714285714285717,1.755428671836853
v1007,2.6073241233825684,0.800000011920929,12.300000190734863,1.637617826461792,2.200000047683716,1.100000023841858,4.599999904632568,0.9111328125,0.0,1.1630859375
v1008,13.087111473083496,0.800000011920929,28.0,10.933462142944336,6.699999809265137,1.7999999523162842,26.700000762939453,0.42444444444444446,0.42,1.6120001077651978
v1009,3.939196825027466,0.800000011920929,20.200000762939453,3.301785707473755,2.9000000953674316,1.2000000476837158,8.0,0.8012465373961218,0.02146814404432133,2.25789475440979
v101,8.512578010559082,0.800000011920929,24.600000381469727,7.605222702026367,3.799999952316284,1.2999999523162842,19.899999618530273,0.5648148148148148,0.34953703703703703,2.127314805984497
v1010,3.363494873046875,0.800000011920929,17.700000762939453,3.1683967113494873,2.200000047683716,1.100000023841858,7.900000095367432,0.8434256055363322,0.014705882352941176,2.2256054878234863
v1011,5.5631489753723145,0.800000011920929,14.899999618530273,3.9289438724517822,3.700000047683716,1.399999976158142,11.100000381469727,0.5899653979238755,0.0,0.8937717080116272
v1012,12.355836868286133,0.800000011920929,25.299999237060547,7.423076152801514,13.0,2.299999952316284,21.299999237060547,0.24,0.4530612244897959,2.7684895992279053
v1013,2.1160032749176025,0.800000011920929,7.300000190734863,1.0711512565612793,1.899999976158142,1.0,3.4000000953674316,0.9697231833910035,0.0,0.6987889409065247
v1014,3.298614978790283,0.800000011920929,10.899999618530273,1.5674620866775513,3.0999999046325684,1.399999976158142,5.300000190734863,0.868421052631579,0.0,1.1836564540863037
v1015,3.6121973991394043,0.800000011920929,18.0,3.0941171646118164,2.5999999046325684,1.100000023841858,7.549999952316284,0.8209342560553633,0.012975778546712802,2.175259590148926
v1016,11.70986270904541,0.800000011920929,28.299999237060547,9.773245811462402,7.099999904632568,1.2999999523162842,25.399999618530273,0.4089414858645628,0.39513477975016437,3.5462193489074707
v1017,13.413769721984863,0.800000011920929,29.899999618530273,11.80435562133789,6.5,1.5,28.799999237060547,0.4443359375,0.404296875,2.0865235328674316
v1018,2.258587121963501,0.800000011920929,10.600000381469727,1.52992844581604,1.7999999523162842,1.0,3.9000000953674316,0.9342105263157895,0.0,1.0299168825149536
v1019,3.0609207153320312,0.800000011920929,15.199999809265137,2.581537961959839,2.200000047683716,1.100000023841858,6.219999885559087,0.8655953250547845,0.0014609203798392988,1.7794010639190674
v102,1.6446727514266968,0.800000011920929,4.199999809265137,0.5759700536727905,1.5,1.0,2.4000000953674316,1.0,0.0,0.36841532588005066
v1020,9.840916633605957,0.800000011920929,21.700000762939453,6.7002692222595215,7.599999904632568,1.7999999523162842,18.899999618530273,0.3391003460207612,0.3538062283737024,2.462110996246338
v1021,7.36989688873291,0.800000011920929,21.200000762939453,4.775364875793457,6.800000190734863,1.600000023841858,13.399999618530273,0.43079584775086505,0.03373702422145329,2.0740485191345215
v1022,14.595999717712402,0.800000011920929,28.799999237060547,9.520271301269531,14.0,1.7999999523162842,26.600000381469727,0.2546938775510204,0.46040816326530615,2.149387836456299
v1023,1.7995917797088623,0.800000011920929,4.599999904632568,0.6745942234992981,1.7000000476837158,1.0,2.700000047683716,1.0,0.0,0.40277549624443054
v1024,4.07862663269043,0.800000011920929,21.0,3.8891286849975586,2.5999999046325684,1.100000023841858,9.699999809265137,0.7754629629629629,0.034722222222222224,2.82854962348938
v1025,2.5266976356506348,0.800000011920929,13.699999809265137,1.8106075525283813,2.0999999046325684,1.100000023841858,4.099999904632568,0.9259259259259259,0.0,1.0867284536361694
v1026,2.2868828773498535,0.800000011920929,10.199999809265137,1.2388817071914673,2.0999999046325684,1.050000011920929,3.700000047683716,0.9575617283950617,0.0,0.8503086566925049
v1027,5.715713024139404,0.800000011920929,22.799999237060547,4.081651210784912,4.900000095367432,1.399999976158142,11.300000190734863,0.5088757396449705,0.04667981591058514,2.9470083713531494
v1028,1.7536331415176392,0.800000011920929,4.599999904632568,0.6394436359405518,1.7000000476837158,1.0,2.5999999046325684,1.0,0.0,0.38373705744743347
v1029,3.527284860610962,0.800000011920929,16.299999237060547,2.5755276679992676,3.0999999046325684,1.100000023841858,6.569999933242802,0.8310249307479224,0.0034626038781163434,1.6296398639678955
v103,2.471329689025879,0.800000011920929,15.100000381469727,1.751436471939087,2.0999999046325684,1.100000023841858,3.700000047683716,0.9383656509695291,0.0006925207756232687,0.9831023812294006
v1030,1.860683798789978,0.800000011920929,5.699999809265137,0.7432841062545776,1.7999999523162842,1.0,2.799999952316284,0.9967126890203813,0.0,0.5076923370361328
v1031,4.011030197143555,0.800000011920929,16.899999618530273,3.1369080543518066,3.0,1.2000000476837158,8.600000381469727,0.775018261504748,0.009495982468955442,2.390212059020996
v1032,2.5917439460754395,0.800000011920929,11.800000190734863,1.6304210424423218,2.200000047683716,1.100000023841858,4.3500001430511475,0.9228395061728395,0.0,1.115277647972107
v1033,3.2661795616149902,0.800000011920929,17.899999618530273,2.870594024658203,2.299999952316284,1.100000023841858,7.0,0.8466033601168736,0.008035062089116142,2.1002190113067627
v1034,3.4860727787017822,0.800000011920929,17.0,2.7021851539611816,2.700000047683716,1.100000023841858,7.199999809265137,0.8321799307958477,0.004325259515570935,1.853114128112793
v1035,11.364245414733887,0.800000011920929,26.600000381469727,9.953482627868652,5.199999809265137,1.2999999523162842,24.5,0.4930612244897959,0.39755102040816326,2.370285749435425
v1036,3.394907236099243,0.800000011920929,16.100000381469727,2.237666130065918,3.200000047683716,1.100000023841858,5.599999904632568,0.8634259259259259,0.0038580246913580245,1.4484567642211914
v1037,11.523309707641602,0.800000011920929,25.5,8.422006607055664,8.300000190734863,1.899999976158142,22.299999237060547,0.34963579604578565,0.4141519250780437,1.9377732276916504
v1038,3.2137961387634277,0.800000011920929,18.0,2.908963918685913,2.200000047683716,1.0,6.760000038146987,0.8514285714285714,0.00816326530612245,2.052734851837158
v1039,5.502391815185547,0.800000011920929,21.200000762939453,4.2212958335876465,5.199999809265137,1.2000000476837158,11.300000190734863,0.47530864197530864,0.043209876543209874,2.8239197731018066
v104,2.250312566757202,0.800000011920929,6.199999809265137,0.9035623073577881,2.0999999046325684,1.1900000452995305,3.5,0.990625,0.0,0.5193750262260437
v1040,10.769183158874512,0.800000011920929,29.0,9.248218536376953,5.699999809265137,1.5,23.399999618530273,0.4729916897506925,0.3801939058171745,2.1621885299682617
v1041,1.626661777496338,0.800000011920929,3.700000047683716,0.5112016201019287,1.600000023841858,1.0,2.299999952316284,1.0,0.0,0.25843679904937744
v1042,3.3766250610351562,0.800000011920929,18.399999618530273,3.246337652206421,2.299999952316284,1.0800000190734875,7.800000190734863,0.843681519357195,0.017531044558071585,2.2480642795562744
v1043,1.8359184265136719,0.800000011920929,4.800000190734863,0.7046779990196228,1.7999999523162842,1.0,2.799999952316284,1.0,0.0,0.4032652974128723
v1044,12.254612922668457,0.800000011920929,29.700000762939453,11.456124305725098,5.599999904632568,1.2999999523162842,28.200000762939453,0.45387755102040817,0.3820408163265306,1.9488978385925293
v1045,1.755555510520935,0.800000011920929,3.700000047683716,0.7644896507263184,1.7000000476837158,0.800000011920929,2.700000047683716,1.0,0.0,0.2271605134010315
v1046,4.8706793785095215,0.800000011920929,21.700000762939453,3.9200520515441895,4.400000095367432,1.100000023841858,10.100000381469727,0.5979938271604939,0.033179012345679014,2.613888740539551
v1047,10.173877716064453,0.800000011920929,26.0,8.757102012634277,5.300000190734863,1.2000000476837158,21.799999237060547,0.4816326530612245,0.4057142857142857,2.300081729888916
v1048,3.153858184814453,0.800000011920929,16.600000381469727,2.635213851928711,2.4000000953674316,1.100000023841858,6.400000095367432,0.8695987654320988,0.0030864197530864196,1.7586419582366943
v1049,3.6710526943206787,0.800000011920929,12.699999809265137,2.0803442001342773,3.5,1.1300000309944165,6.199999809265137,0.7236842105263158,0.0,1.1487535238265991
v105,3.9357709884643555,0.800000011920929,16.0,2.2426743507385254,3.5,1.399999976158142,6.900000095367432,0.7562358276643991,0.0011337868480725624,1.5976191759109497
v1050,4.269444465637207,0.800000011920929,20.799999237060547,3.6088356971740723,3.299999952316284,1.100000023841858,8.799999713897705,0.7530864197530864,0.02854938271604938,2.6135802268981934
v1051,5.339812755584717,0.800000011920929,18.700000762939453,3.243417739868164,5.099999904632568,1.399999976158142,9.5,0.4725,0.011875,2.1923751831054688
v1052,2.6770431995391846,0.800000011920929,10.100000381469727,1.612555742263794,2.299999952316284,1.0,4.800000190734863,0.90633608815427,0.0,1.0011018514633179
v1053,2.611158847808838,0.800000011920929,16.600000381469727,2.2035999298095703,2.0,1.0,4.75,0.9065743944636678,0.0017301038062283738,1.3949826955795288
v1054,3.4256393909454346,0.800000011920929,19.299999237060547,3.266563653945923,2.299999952316284,1.100000023841858,7.5,0.8502556610664719,0.018991964937910884,2.202629566192627
v1055,10.756661415100098,0.800000011920929,25.0,8.126496315002441,7.599999904632568,1.5,22.0,0.3780276816608997,0.3884083044982699,2.1579582691192627
v1056,2.2014691829681396,0.800000011920929,5.800000190734863,0.8760287761688232,2.0999999046325684,1.100000023841858,3.4000000953674316,0.9910204081632653,0.0,0.5436734557151794
v1057,11.27291202545166,0.800000011920929,26.600000381469727,6.92053747177124,11.100000381469727,1.7999999523162842,20.399999618530273,0.24786324786324787,0.378698224852071,3.3634450435638428
v1058,5.4559502601623535,0.800000011920929,20.399999618530273,3.583324670791626,5.0,1.399999976158142,10.0,0.48454963839579224,0.022353714661406968,2.73990797996521
v1059,3.294140577316284,0.800000011920929,16.0,2.424356460571289,2.9000000953674316,1.100000023841858,5.900000095367432,0.8623046875,0.001953125,1.4425781965255737
v106,2.2342405319213867,0.800000011920929,9.5,1.0980790853500366,2.0,1.100000023841858,3.5,0.9654195011337868,0.0,0.7659863829612732
v1060,12.816156387329102,0.800000011920929,30.600000381469727,11.659974098205566,6.199999809265137,1.600000023841858,29.600000381469727,0.42403628117913833,0.3599773242630385,2.5778911113739014
v1061,10.833884239196777,0.800000011920929,25.200000762939453,7.518667221069336,9.300000190734863,1.8799999713897717,20.700000762939453,0.33608815426997246,0.4022038567493113,2.551147699356079
v1062,11.135733604431152,0.800000011920929,26.899999618530273,9.236513137817383,6.25,1.5300000071525586,23.899999618530273,0.4182825484764543,0.37742382271468145,2.508864402770996
v1063,2.1259257793426514,0.800000011920929,4.900000095367432,1.006372094154358,2.200000047683716,0.800000011920929,3.299999952316284,1.0,0.0,0.5333333015441895
v1064,3.1268887519836426,0.800000011920929,16.399999618530273,2.5774712562561035,2.4000000953674316,1.0,6.199999809265137,0.8715050565139798,0.003569303985722784,1.7019630670547485
v1065,3.4293980598449707,0.800000011920929,17.5,2.885164737701416,2.450000047683716,1.2000000476837158,7.300000190734863,0.8317901234567902,0.007716049382716049,1.9007717370986938
v1066,11.38372802734375,0.800000011920929,25.100000381469727,8.119573593139648,8.449999809265137,1.899999976158142,21.200000762939453,0.3698224852071006,0.4511834319526627,1.759171724319458
v1067,3.106367349624634,0.800000011920929,12.800000190734863,1.9385688304901123,2.700000047683716,1.100000023841858,5.699999809265137,0.8416326530612245,0.0,1.4649795293807983
v1068,5.8523359298706055,0.800000011920929,25.799999237060547,5.392430782318115,3.700000047683716,1.2000000476837158,14.399999618530273,0.5856401384083045,0.09169550173010381,3.5832180976867676
v1069,3.038581371307373,0.800000011920929,15.699999809265137,2.202444314956665,2.5,1.2000000476837158,5.099999904632568,0.8953287197231834,0.0025951557093425604,1.4667818546295166
v107,2.9883780479431152,0.800000011920929,12.600000381469727,1.7809263467788696,2.5,1.2999999523162842,5.300000190734863,0.881198347107438,0.0,1.4003099203109741
v1070,3.0894463062286377,0.800000011920929,15.600000381469727,2.2066609859466553,2.5,1.100000023841858,5.699999809265137,0.8771626297577855,0.0008650519031141869,1.4567474126815796
v1071,13.770485877990723,0.800000011920929,28.600000381469727,11.305471420288086,7.149999618530273,1.3499999642372131,26.799999237060547,0.4079861111111111,0.46875,1.3624999523162842
v1072,4.149451732635498,0.800000011920929,20.899999618530273,3.8205606937408447,2.700000047683716,1.100000023841858,10.120000267028813,0.7589481373265157,0.030679327976625273,2.923301935195923
v1073,6.3506903648376465,0.800000011920929,20.100000381469727,3.725867748260498,5.900000095367432,1.7999999523162842,10.899999618530273,0.44904667981591057,0.011176857330703484,1.9800132513046265
v1074,2.0034894943237305,0.800000011920929,6.5,0.7901638150215149,1.899999976158142,1.0,2.9000000953674316,0.992653810835629,0.0,0.42020198702812195
v1075,3.8304409980773926,0.800000011920929,10.100000381469727,1.6742433309555054,3.700000047683716,1.600000023841858,6.0,0.7718606180144642,0.0,1.0134122371673584
v1076,2.8240485191345215,0.800000011920929,13.800000190734863,1.7919782400131226,2.4000000953674316,1.100000023841858,4.800000190734863,0.9013840830449827,0.0,1.1868512630462646
v1077,3.449922800064087,0.800000011920929,12.300000190734863,1.818975806236267,3.299999952316284,1.2000000476837158,5.699999809265137,0.8256172839506173,0.0,1.0523147583007812
v1078,2.7563912868499756,0.800000011920929,16.700000762939453,2.518812656402588,1.899999976158142,1.0,5.300000190734863,0.8918918918918919,0.003652300949598247,1.6398831605911255
v1079,11.073553085327148,0.800000011920929,23.799999237060547,8.524696350097656,6.699999809265137,1.2300000190734868,20.899999618530273,0.4690082644628099,0.4834710743801653,1.1537190675735474
v108,5.403191089630127,0.800000011920929,18.600000381469727,2.9505398273468018,5.099999904632568,1.600000023841858,9.100000381469727,0.46782044348296375,0.0075716603569497025,2.1534883975982666
v1080,7.501169204711914,0.800000011920929,22.399999618530273,4.693739414215088,7.199999809265137,1.600000023841858,14.0,0.3564645726807889,0.0606281957633309,2.8749451637268066
v1081,6.046350955963135,0.800000011920929,19.700000762939453,3.3875203132629395,6.0,1.7000000476837158,10.399999618530273,0.3905325443786982,0.014464168310322156,2.1566073894500732
v1082,2.547337293624878,0.800000011920929,13.199999809265137,1.890974998474121,2.0,1.0,4.699999809265137,0.9066403681788298,0.0,1.2674556970596313
v1083,10.03714656829834,0.800000011920929,23.700000762939453,7.206453323364258,7.199999809265137,1.7000000476837158,20.299999237060547,0.35700197238658776,0.34845496383957925,2.892439126968384
v1084,2.248408079147339,0.800000011920929,9.300000190734863,1.238128662109375,2.0,1.0,3.700000047683716,0.9510204081632653,0.0,0.876897931098938
v1085,2.55562162399292,0.800000011920929,10.300000190734863,1.3094834089279175,2.4000000953674316,1.100000023841858,4.0,0.9470553242117787,0.0,0.8268887400627136
v1086,4.007561683654785,0.800000011920929,18.399999618530273,2.515735149383545,3.5999999046325684,1.399999976158142,6.800000190734863,0.7623456790123457,0.006172839506172839,1.7623456716537476
v1087,11.3628568649292,0.800000011920929,27.200000762939453,9.78164005279541,5.5,1.5400000095367437,25.200000762939453,0.46938775510204084,0.3820408163265306,2.2058777809143066
v2,3.5676472187042236,0.800000011920929,12.5,1.8224784135818481,3.3499999046325684,1.399999976158142,5.800000190734863,0.8140138408304498,0.0,1.2117646932601929
v1088,3.774287700653076,0.800000011920929,12.899999618530273,2.419469118118286,3.200000047683716,1.2799999713897716,7.5,0.789627465303141,0.0,1.8892621994018555
v1089,4.1093058586120605,0.800000011920929,19.0,3.154569625854492,3.5,1.2000000476837158,8.100000381469727,0.7673469387755102,0.017142857142857144,2.1709389686584473
v109,3.2982747554779053,0.800000011920929,17.799999237060547,2.101551055908203,2.799999952316284,1.2999999523162842,5.400000095367432,0.875669244497323,0.00297441998810232,1.384652018547058
v1090,1.938461422920227,0.800000011920929,6.199999809265137,0.7963509559631348,1.7999999523162842,1.0,3.0,0.9953977646285339,0.0,0.5564759969711304
v1091,2.591503858566284,0.800000011920929,13.300000190734863,1.9042859077453613,2.0,1.0,5.099999904632568,0.892578125,0.0,1.1517577171325684
v1092,8.76319408416748,0.800000011920929,24.0,8.535797119140625,3.1999998092651367,0.9299999833106996,20.64000053405762,0.6041666666666666,0.375,0.7819444537162781
v1093,3.2781636714935303,0.800000011920929,16.899999618530273,2.7420921325683594,2.4000000953674316,1.050000011920929,6.800000190734863,0.8557098765432098,0.0038580246913580245,1.9220678806304932
v1094,2.467669725418091,0.800000011920929,23.700000762939453,2.5470895767211914,2.0999999046325684,1.100000023841858,3.200000047683716,0.9722222222222222,0.018518518518518517,0.987500011920929
v1095,2.1879184246063232,0.800000011920929,8.0,1.0395686626434326,2.0999999046325684,1.0,3.4000000953674316,0.9746938775510204,0.0,0.70236736536026
v1096,3.613966226577759,0.800000011920929,18.700000762939453,3.3912763595581055,2.4000000953674316,1.100000023841858,8.100000381469727,0.8263888888888888,0.019290123456790122,2.3949074745178223
v1097,4.264660358428955,0.800000011920929,13.899999618530273,2.114084482192993,4.149999618530273,1.5,6.8500001430511475,0.6658950617283951,0.0,1.2777777910232544
v1098,5.806717872619629,0.800000011920929,21.100000381469727,4.2348313331604,4.900000095367432,1.2999999523162842,11.699999809265137,0.5076177285318559,0.05124653739612189,3.0530471801757812
v1099,2.4951791763305664,0.800000011920929,11.399999618530273,1.713195562362671,2.0,1.0,4.800000190734863,0.9072315558802045,0.0,1.2480642795562744
v11,11.949970245361328,0.800000011920929,29.100000381469727,11.126744270324707,5.099999904632568,1.399999976158142,27.5,0.4866151100535396,0.3688280785246877,1.5608566999435425
v110,1.717847466468811,0.800000011920929,4.900000095367432,0.6202683448791504,1.600000023841858,1.0,2.5,1.0,0.0,0.4046511650085449
v1100,4.6847991943359375,0.800000011920929,18.799999237060547,3.457050323486328,4.300000190734863,1.100000023841858,8.949999809265137,0.5933641975308642,0.020061728395061727,2.3405864238739014
v1101,5.611914157867432,0.800000011920929,19.600000381469727,3.2851784229278564,5.900000095367432,1.5,9.469999885559087,0.3974609375,0.0126953125,1.812890648841858
v1102,1.658564805984497,0.800000011920929,4.199999809265137,0.5851854681968689,1.600000023841858,0.8999999761581421,2.4000000953674316,1.0,0.0,0.3529320955276489
v1103,3.4349162578582764,0.800000011920929,17.299999237060547,2.911099433898926,2.5,1.100000023841858,7.400000095367432,0.8429510591672754,0.008035062089116142,2.1051862239837646
v1104,5.542220592498779,0.800000011920929,19.100000381469727,3.5332562923431396,5.300000190734863,1.2999999523162842,10.100000381469727,0.46676406135865595,0.013878743608473338,2.2727537155151367
v1105,10.697795867919922,0.800000011920929,25.700000762939453,8.752898216247559,5.900000095367432,1.5,22.899999618530273,0.4489795918367347,0.39183673469387753,2.5250611305236816
v1106,2.791821241378784,0.800000011920929,11.100000381469727,1.7077512741088867,2.5,1.100000023841858,4.800000190734863,0.9050925925925926,0.0,1.1191357374191284
v1107,4.025343894958496,0.800000011920929,21.100000381469727,3.8743889331817627,2.4000000953674316,1.0,10.100000381469727,0.7392102846648301,0.02938475665748393,2.773186445236206
v1108,8.956480979919434,0.800000011920929,21.299999237060547,5.860837936401367,7.850000381469727,1.7999999523162842,16.700000762939453,0.38580246913580246,0.22145061728395063,2.5320987701416016
v1109,7.352932453155518,0.800000011920929,24.200000762939453,5.4279351234436035,6.400000095367432,1.2999999523162842,14.0,0.4529320987654321,0.07407407407407407,2.890432119369507
v111,2.8817739486694336,0.800000011920929,15.100000381469727,2.0342891216278076,2.299999952316284,1.2000000476837158,5.1199998855590865,0.8950784207679827,0.0005408328826392645,1.3261222839355469
v1110,2.8424739837646484,0.800000011920929,12.699999809265137,2.0313384532928467,2.299999952316284,1.100000023841858,5.5,0.8823529411764706,0.0,1.466609001159668
v1111,2.8567116260528564,0.800000011920929,11.600000381469727,1.8379566669464111,2.5,1.100000023841858,4.900000095367432,0.9001040582726326,0.0,1.0861601829528809
v1112,3.3222994804382324,0.800000011920929,17.799999237060547,2.7616288661956787,2.5,1.100000023841858,6.699999809265137,0.8433641975308642,0.008487654320987654,1.9217593669891357
v1113,4.556302070617676,0.800000011920929,16.100000381469727,2.5653393268585205,4.300000190734863,1.399999976158142,7.800000190734863,0.6267313019390581,0.002077562326869806,1.86495840549469
v1114,14.92011833190918,0.800000011920929,29.799999237060547,11.003561973571777,11.350000381469727,1.899999976158142,28.5,0.271484375,0.427734375,1.9503905773162842
v1115,3.968411445617676,0.800000011920929,17.100000381469727,2.648223638534546,3.4000000953674316,1.2999999523162842,7.400000095367432,0.7539026629935721,0.004591368227731864,1.757943034172058
v1116,12.168312072753906,0.800000011920929,25.899999618530273,8.802396774291992,9.800000190734863,1.8799999713897702,23.0,0.35802469135802467,0.4458161865569273,2.048011064529419
v1117,2.9760382175445557,0.800000011920929,14.5,2.133451461791992,2.4000000953674316,1.100000023841858,5.400000095367432,0.8814878892733564,0.0,1.3807958364486694
v1118,2.5623080730438232,0.800000011920929,11.600000381469727,1.72830069065094,2.0999999046325684,1.0,4.800000190734863,0.9079620160701242,0.0,1.2464573383331299
v1119,7.376002788543701,0.800000011920929,23.0,5.445016384124756,5.699999809265137,1.2999999523162842,14.800000190734863,0.46153846153846156,0.09138724523339908,2.859039783477783
v112,4.0130391120910645,0.800000011920929,11.699999809265137,1.9770852327346802,3.9000000953674316,1.399999976158142,6.800000190734863,0.7337006427915519,0.0,1.3678604364395142
v1120,5.049414157867432,0.800000011920929,16.600000381469727,2.956012010574341,5.0,1.2999999523162842,8.899999618530273,0.4853515625,0.00390625,1.3898437023162842
v1121,1.9506174325942993,0.800000011920929,3.700000047683716,0.8536231517791748,2.0,0.800000011920929,3.0999999046325684,1.0,0.0,0.36543208360671997
v1122,7.553323745727539,0.800000011920929,19.600000381469727,5.077873706817627,6.199999809265137,1.399999976158142,14.399999618530273,0.4404674945215486,0.0606281957633309,2.5041637420654297
v1123,4.469082832336426,0.800000011920929,11.300000190734863,2.894542932510376,3.200000047683716,1.100000023841858,8.100000381469727,0.5473372781065089,0.0,0.6778106689453125
v1124,4.6758713722229,0.800000011920929,21.100000381469727,3.8330259323120117,3.5,1.2999999523162842,9.800000190734863,0.6778435239973701,0.034845496383957925,2.7442471981048584
v1125,10.629707336425781,0.800000011920929,26.799999237060547,8.98453140258789,6.149999618530273,1.2000000476837158,23.399999618530273,0.4305555555555556,0.3888888888888889,2.7637345790863037
v1126,8.023337364196777,0.800000011920929,21.899999618530273,6.418987274169922,5.199999809265137,1.2000000476837158,16.799999237060547,0.48822714681440443,0.20706371191135733,2.692105293273926
v1127,3.9460527896881104,0.800000011920929,19.0,2.9027957916259766,3.200000047683716,1.2999999523162842,7.099999904632568,0.7929362880886427,0.013850415512465374,1.9516621828079224
v1128,9.333179473876953,0.800000011920929,21.799999237060547,5.788736820220947,8.699999809265137,2.0,17.0,0.32947530864197533,0.22376543209876543,2.4466049671173096
v1129,4.343143939971924,0.800000011920929,18.799999237060547,3.4582695960998535,3.700000047683716,1.100000023841858,9.369999790191654,0.7465373961218836,0.024238227146814405,2.5583102703094482
v113,3.553687810897827,0.800000011920929,19.0,2.679253339767456,2.799999952316284,1.289999961853028,6.699999809265137,0.836875,0.008125,1.8741250038146973
v1130,8.2770414352417,0.800000011920929,23.0,6.7538371086120605,5.300000190734863,0.949999988079071,16.050000190734863,0.47959183673469385,0.18877551020408162,1.7704081535339355
v1131,15.703222274780273,0.800000011920929,29.0,10.730330467224121,17.549999237060547,1.399999976158142,27.700000762939453,0.3359375,0.5791015625,1.3677735328674316
v3,1.66552734375,0.800000011920929,4.199999809265137,0.5553654432296753,1.600000023841858,1.0,2.4000000953674316,1.0,0.0,0.23457030951976776
v1132,2.7437498569488525,0.800000011920929,9.899999618530273,1.365630030632019,2.5999999046325684,1.2000000476837158,4.400000095367432,0.9313271604938271,0.0,0.8850308656692505
v1133,9.1160888671875,0.800000011920929,21.5,6.345635414123535,7.449999809265137,1.600000023841858,17.899999618530273,0.39965397923875434,0.2750865051903114,2.012110710144043
v1134,1.8380621671676636,0.800000011920929,5.599999904632568,0.7731688022613525,1.7000000476837158,1.0,2.799999952316284,0.9922145328719724,0.0,0.4480968713760376
v1135,8.608391761779785,0.800000011920929,21.399999618530273,5.488503932952881,8.75,1.5,15.899999618530273,0.36591695501730104,0.14359861591695502,2.635467290878296
v1136,2.432816505432129,0.800000011920929,9.0,1.2987658977508545,2.200000047683716,1.100000023841858,4.099999904632568,0.9428571428571428,0.0,0.9041632413864136
v1137,2.1135802268981934,0.800000011920929,4.300000190734863,0.9440853595733643,2.200000047683716,0.800000011920929,3.4000000953674316,1.0,0.0,0.4395061433315277
v1138,3.0093424320220947,0.800000011920929,12.699999809265137,1.5505717992782593,2.799999952316284,1.399999976158142,4.599999904632568,0.9178200692041523,0.0,0.9660900235176086
v1139,4.967876434326172,0.800000011920929,14.100000381469727,3.3139374256134033,3.5999999046325684,1.2999999523162842,9.600000381469727,0.5895300416418798,0.0,1.1231409311294556
v114,1.9091942310333252,0.800000011920929,7.5,0.8017789125442505,1.7999999523162842,1.100000023841858,2.799999952316284,0.9886363636363636,0.0,0.4719008207321167
v1140,5.849160194396973,0.800000011920929,25.299999237060547,5.518613338470459,3.0999999046325684,1.2000000476837158,14.800000190734863,0.579254930606282,0.09569028487947406,3.6200144290924072
v1141,1.9899197816848755,0.800000011920929,8.699999809265137,0.96064293384552,1.7999999523162842,1.0,3.019999980926518,0.9817384952520087,0.0,0.6746529936790466
v1142,2.3489794731140137,0.800000011920929,9.0,1.1832646131515503,2.200000047683716,1.0,3.700000047683716,0.9583673469387755,0.0,0.7662040591239929
v1143,3.9624998569488525,0.800000011920929,21.200000762939453,3.6780693531036377,2.5999999046325684,1.100000023841858,8.849999904632568,0.7739197530864198,0.03009259259259259,2.5515432357788086
v1144,7.413605690002441,0.800000011920929,21.100000381469727,6.162665367126465,4.199999809265137,1.5,17.0,0.5742630385487528,0.19784580498866214,1.400907039642334
v1145,3.069061279296875,0.800000011920929,14.899999618530273,2.6214590072631836,2.0999999046325684,1.0,7.0,0.8359183673469388,0.0,1.9307756423950195
v1146,4.711110591888428,0.800000011920929,18.899999618530273,3.4834485054016113,4.300000190734863,1.2000000476837158,9.449999809265137,0.628858024691358,0.020833333333333332,2.4395060539245605
v1147,2.290598154067993,0.800000011920929,10.0,1.1474854946136475,2.0999999046325684,1.2000000476837158,3.5,0.9658119658119658,0.0,0.6506245732307434
v1148,4.1075263023376465,0.800000011920929,20.799999237060547,3.387972831726074,3.0999999046325684,1.2000000476837158,8.399999618530273,0.7655709342560554,0.02162629757785467,2.3839101791381836
v1149,3.3087892532348633,0.800000011920929,11.0,1.8327375650405884,3.299999952316284,1.100000023841858,5.77000007629395,0.8349609375,0.0,1.004296898841858
v115,2.287119150161743,0.800000011920929,9.399999618530273,1.0701050758361816,2.0999999046325684,1.1300000309944165,3.4000000953674316,0.9729916897506925,0.0,0.5886426568031311
v1150,11.22580337524414,0.800000011920929,25.0,8.698802947998047,7.199999809265137,1.600000023841858,22.399999618530273,0.4126040428061831,0.4268727705112961,1.785731315612793
v1151,3.190122365951538,0.800000011920929,11.0,1.6834052801132202,3.0,1.2000000476837158,5.300000190734863,0.8751020408163265,0.0,1.2217142581939697
v1152,4.3195037841796875,0.800000011920929,15.899999618530273,2.5624141693115234,4.099999904632568,1.2999999523162842,7.400000095367432,0.6406135865595325,0.0014609203798392988,1.693498969078064
v1153,6.393863677978516,0.800000011920929,21.299999237060547,3.782398223876953,6.199999809265137,1.5,11.100000381469727,0.3550036523009496,0.03579254930606282,2.3722426891326904
v1154,5.213938236236572,0.800000011920929,15.899999618530273,2.733083724975586,5.199999809265137,1.5,8.600000381469727,0.46614069690992765,0.0013149243918474688,1.6076266765594482
v1155,12.497751235961914,0.800000011920929,29.0,11.352105140686035,5.300000190734863,1.399999976158142,27.799999237060547,0.4757785467128028,0.3892733564013841,2.0930795669555664
v1156,4.551074028015137,0.800000011920929,12.800000190734863,2.1756508350372314,4.75,1.5,7.099999904632568,0.5537109375,0.0,1.3505859375
v1157,12.751883506774902,0.800000011920929,27.5,10.018148422241211,8.100000381469727,1.7999999523162842,25.700000762939453,0.3856749311294766,0.41689623507805323,2.4470157623291016
v1158,1.9418981075286865,0.800000011920929,5.5,0.8139291405677795,1.7999999523162842,1.0,3.0,0.9945987654320988,0.0,0.47515425086021423
v1159,1.9975309371948242,0.800000011920929,4.099999904632568,0.8879127502441406,2.0,0.800000011920929,3.200000047683716,1.0,0.0,0.4543209671974182
v116,2.801499843597412,0.800000011920929,17.200000762939453,2.2087292671203613,2.200000047683716,1.100000023841858,4.709999847412123,0.905,0.0025,1.3519999980926514
v1160,11.751815795898438,0.800000011920929,27.299999237060547,10.041135787963867,6.050000190734863,1.399999976158142,25.299999237060547,0.46366782006920415,0.4005190311418685,2.60605525970459
v1161,2.21882700920105,0.800000011920929,5.0,0.7990738153457642,2.200000047683716,1.2000000476837158,3.200000047683716,0.9992283950617284,0.0,0.42499998211860657
v1162,1.7947406768798828,0.800000011920929,7.199999809265137,0.8517510890960693,1.600000023841858,1.0,2.5999999046325684,0.985390796201607,0.0,0.5142439603805542
v1163,3.5329794883728027,0.800000011920929,11.100000381469727,2.069523811340332,2.9000000953674316,1.100000023841858,6.260000038146987,0.6783673469387755,0.0,0.7665306329727173
v1164,3.9249024391174316,0.800000011920929,19.100000381469727,3.7079036235809326,2.299999952316284,1.100000023841858,9.77000007629395,0.7412109375,0.0234375,2.0810546875
v1165,8.927976608276367,0.800000011920929,22.200000762939453,5.733928680419922,8.100000381469727,1.7999999523162842,16.5,0.3542731921110299,0.17823228634039445,2.6904308795928955
v1166,12.431825637817383,0.800000011920929,24.100000381469727,7.809171199798584,13.600000381469727,1.600000023841858,21.799999237060547,0.27709190672153633,0.47599451303155005,2.345130205154419
v1167,2.4004323482513428,0.800000011920929,24.399999618530273,2.67683744430542,1.899999976158142,1.0,3.0999999046325684,0.9705882352941176,0.01903114186851211,1.0579584836959839
v1168,2.633795738220215,0.800000011920929,10.899999618530273,1.6378984451293945,2.200000047683716,1.100000023841858,4.699999809265137,0.9151020408163265,0.0,0.9923264980316162
v1169,3.135962963104248,0.800000011920929,15.199999809265137,2.5230252742767334,2.299999952316284,1.100000023841858,6.5,0.8579881656804734,0.0006574621959237344,1.759894847869873
v117,2.18367338180542,0.800000011920929,5.400000095367432,0.7898914217948914,2.0999999046325684,1.2000000476837158,3.200000047683716,0.9982993197278912,0.0,0.4174603223800659
v1170,1.6875090599060059,0.800000011920929,3.799999952316284,0.5471330285072327,1.7000000476837158,1.0,2.4000000953674316,1.0,0.0,0.2942293584346771
v1171,12.199031829833984,0.800000011920929,28.0,9.60367202758789,8.300000190734863,1.4299999833107007,25.799999237060547,0.35941828254847646,0.40581717451523547,3.6060943603515625
v1172,3.952070713043213,0.800000011920929,17.399999618530273,2.9301528930664062,3.0999999046325684,1.2000000476837158,8.0,0.7758053911900066,0.007889546351084813,2.141880512237549
v1173,8.501701354980469,0.800000011920929,22.100000381469727,5.4012579917907715,8.600000381469727,1.5,15.120000267028807,0.3931947069943289,0.10775047258979206,1.585633397102356
v1174,4.0102620124816895,0.800000011920929,14.100000381469727,2.2623212337493896,3.700000047683716,1.2999999523162842,6.900000095367432,0.6952160493827161,0.0,1.5291666984558105
v1175,1.874040961265564,0.800000011920929,4.800000190734863,0.6977014541625977,1.7999999523162842,1.0,2.799999952316284,1.0,0.0,0.38938775658607483
v1176,9.144628524780273,0.800000011920929,28.100000381469727,11.390027046203613,2.299999952316284,0.8999999761581421,27.100000381469727,0.7024793388429752,0.2975206611570248,0.609917402267456
v1177,2.3950138092041016,0.800000011920929,10.699999809265137,1.3494288921356201,2.0999999046325684,1.100000023841858,3.799999952316284,0.9515235457063712,0.0,0.8096952438354492
v4,2.302551031112671,0.800000011920929,5.900000095367432,0.8383771181106567,2.299999952316284,1.2000000476837158,3.200000047683716,0.9923469387755102,0.0,0.5137754678726196
v1178,11.346923828125,0.800000011920929,26.600000381469727,9.10661506652832,7.199999809265137,1.2999999523162842,22.799999237060547,0.4150596877869605,0.43709825528007346,2.6328742504119873
v1179,2.4493234157562256,0.800000011920929,10.699999809265137,1.4402862787246704,2.0999999046325684,1.100000023841858,4.099999904632568,0.9354838709677419,0.0,0.8029136061668396
v118,3.8975069522857666,0.800000011920929,16.200000762939453,2.365426778793335,3.4000000953674316,1.399999976158142,6.800000190734863,0.7652354570637119,0.0013850415512465374,1.7135733366012573
v1180,12.01894474029541,0.800000011920929,26.899999618530273,9.365047454833984,8.600000381469727,1.5,24.5,0.3754325259515571,0.40484429065743943,3.0008649826049805
v1181,2.1358022689819336,0.800000011920929,4.300000190734863,0.9744018316268921,2.200000047683716,0.800000011920929,3.5,1.0,0.0,0.48888885974884033
v1182,3.0373876094818115,0.800000011920929,12.899999618530273,2.1590185165405273,2.5,1.100000023841858,5.760000038146987,0.8759183673469387,0.0,1.4347755908966064
v1183,11.236326217651367,0.800000011920929,25.399999618530273,8.394042015075684,8.5,1.4399999856948857,22.299999237060547,0.38448979591836735,0.403265306122449,2.817795991897583
v1184,6.344352722167969,0.800000011920929,22.799999237060547,4.169376850128174,6.099999904632568,1.5,12.0,0.3947681331747919,0.04875148632580262,2.812366247177124
v1185,8.264789581298828,0.800000011920929,21.100000381469727,5.4017252922058105,6.5,1.7999999523162842,15.760000038146986,0.3906172839506173,0.1451851851851852,2.400394916534424
v1186,11.298443794250488,0.800000011920929,25.299999237060547,8.440635681152344,7.400000095367432,1.7000000476837158,21.710000610351564,0.3788888888888889,0.42,1.548888921737671
v1187,1.650617241859436,0.800000011920929,3.299999952316284,0.6905219554901123,1.600000023841858,0.800000011920929,2.5999999046325684,1.0,0.0,0.19012342393398285
v1188,12.218209266662598,0.800000011920929,27.0,9.783823013305664,7.699999809265137,1.600000023841858,25.299999237060547,0.38117283950617287,0.39351851851851855,2.734567880630493
v1189,13.812421798706055,0.800000011920929,28.200000762939453,10.035467147827148,10.0,2.0,26.799999237060547,0.25540123456790126,0.4012345679012346,1.9952162504196167
v119,2.4646639823913574,0.800000011920929,10.300000190734863,1.3374488353729248,2.200000047683716,1.100000023841858,4.0,0.9399167162403331,0.0,0.9631171822547913
v1190,3.1407408714294434,0.800000011920929,12.5,1.817573070526123,2.799999952316284,1.2999999523162842,5.599999904632568,0.8587962962962963,0.0,1.2271604537963867
v1191,4.042520523071289,0.800000011920929,20.200000762939453,3.7009012699127197,2.799999952316284,1.100000023841858,9.169999980926518,0.775623268698061,0.030470914127423823,2.6099722385406494
v1192,2.4944446086883545,0.800000011920929,7.0,1.0112534761428833,2.4000000953674316,1.2000000476837158,3.799999952316284,0.9778911564625851,0.0,0.521541953086853
v1193,14.748724937438965,0.800000011920929,28.600000381469727,10.557159423828125,11.199999809265137,1.7999999523162842,27.399999618530273,0.2627551020408163,0.4489795918367347,1.9591835737228394
v1194,5.641689300537109,0.800000011920929,24.600000381469727,4.77879524230957,4.300000190734863,1.2000000476837158,12.52000007629395,0.5619834710743802,0.06978879706152434,3.244811534881592
v1195,3.7485713958740234,0.800000011920929,23.299999237060547,4.180284023284912,2.0999999046325684,1.0,9.100000381469727,0.7820408163265307,0.044897959183673466,2.6556737422943115
v1196,2.3473470211029053,0.800000011920929,9.399999618530273,1.3580759763717651,2.0,1.0,4.0,0.9493877551020408,0.0,0.9941225051879883
v1197,4.510172367095947,0.800000011920929,23.799999237060547,4.529968738555908,2.5,1.100000023841858,11.199999809265137,0.6894705532421178,0.05413444378346222,3.2442593574523926
v1198,1.790562391281128,0.800000011920929,4.5,0.6335157155990601,1.7000000476837158,1.100000023841858,2.700000047683716,1.0,0.0,0.30162498354911804
v1199,1.99004065990448,0.800000011920929,7.300000190734863,0.8949100971221924,1.899999976158142,1.0,3.0,0.9853061224489796,0.0,0.49730613827705383
v12,5.316163063049316,0.800000011920929,20.200000762939453,3.0654146671295166,5.099999904632568,1.5400000095367437,9.100000381469727,0.4751020408163265,0.011428571428571429,1.8809795379638672
v120,2.008730173110962,0.800000011920929,8.0,0.9522456526756287,1.7999999523162842,1.100000023841858,3.0999999046325684,0.9778911564625851,0.0,0.6630385518074036
v1200,2.015650987625122,0.800000011920929,8.5,1.0552619695663452,1.7999999523162842,1.0,3.200000047683716,0.9736842105263158,0.0,0.7152354717254639
v1201,5.882340431213379,0.800000011920929,22.299999237060547,4.17629861831665,5.5,1.2000000476837158,10.899999618530273,0.4660664819944598,0.038781163434903045,2.6430747509002686
v1202,10.902295112609863,0.800000011920929,25.399999618530273,9.04954719543457,5.599999904632568,1.2999999523162842,23.0,0.46464646464646464,0.4086317722681359,2.449954032897949
v1203,13.240309715270996,0.800000011920929,29.399999618530273,11.852469444274902,5.199999809265137,1.399999976158142,28.399999618530273,0.4768133174791914,0.4280618311533888,1.7985732555389404
v1204,12.320415496826172,0.800000011920929,27.700000762939453,10.455131530761719,7.25,1.2999999523162842,26.100000381469727,0.435121107266436,0.42474048442906576,3.285813331604004
v1205,8.042776107788086,0.800000011920929,20.700000762939453,6.028502464294434,5.400000095367432,1.2999999523162842,16.299999237060547,0.46938775510204084,0.19346938775510203,2.047020435333252
v1206,3.232780694961548,0.800000011920929,8.5,1.5638892650604248,3.299999952316284,1.2000000476837158,5.300000190734863,0.8647959183673469,0.0,0.6456632614135742
v1207,9.39026927947998,0.800000011920929,23.5,7.652323246002197,5.300000190734863,1.5,20.299999237060547,0.48454963839579224,0.35502958579881655,2.0607495307922363
v1208,12.639810562133789,0.800000011920929,29.0,10.412044525146484,7.599999904632568,1.7000000476837158,26.600000381469727,0.3769174579985391,0.3761869978086194,2.3095693588256836
v1209,3.972404956817627,0.800000011920929,13.300000190734863,2.238633155822754,3.9000000953674316,1.2000000476837158,6.699999809265137,0.6885813148788927,0.0,1.549307942390442
v121,6.333333492279053,0.800000011920929,22.0,3.8766531944274902,5.949999809265137,1.7999999523162842,11.650000095367432,0.38348765432098764,0.043209876543209874,2.6419754028320312
v1210,3.3089098930358887,0.800000011920929,15.300000190734863,2.6132380962371826,2.299999952316284,1.100000023841858,7.0,0.8088235294117647,0.0008650519031141869,1.8178201913833618
v1211,4.371020317077637,0.800000011920929,21.0,3.727510452270508,3.0,1.2000000476837158,9.600000381469727,0.7061224489795919,0.029387755102040815,2.5709385871887207
v1212,3.676157236099243,0.800000011920929,19.299999237060547,3.6428492069244385,2.299999952316284,1.100000023841858,8.75,0.8101851851851852,0.03009259259259259,2.5168211460113525
v1213,6.109350204467773,0.800000011920929,21.799999237060547,4.192760467529297,5.199999809265137,1.5,12.100000381469727,0.47260774287801316,0.04674945215485756,3.0686633586883545
v1214,2.8575260639190674,0.800000011920929,13.300000190734863,2.135704278945923,2.200000047683716,1.050000011920929,5.599999904632568,0.8728373702422145,0.0,1.5268166065216064
v1215,5.299802780151367,0.800000011920929,15.600000381469727,2.9228463172912598,5.099999904632568,1.5,9.0,0.4891518737672584,0.0013149243918474688,1.5792242288589478
v1216,8.245434761047363,0.800000011920929,24.5,5.682840824127197,7.400000095367432,1.399999976158142,15.800000190734863,0.3776479181884587,0.1358655953250548,2.9235942363739014
v1217,13.219335556030273,0.800000011920929,26.700000762939453,8.229690551757812,13.699999809265137,2.200000047683716,22.799999237060547,0.255859375,0.48046875,2.5101563930511475
v1218,2.0066611766815186,0.800000011920929,4.400000095367432,0.7018874287605286,2.0,1.0,2.9000000953674316,1.0,0.0,0.4254325032234192
v1219,2.934645175933838,0.800000011920929,8.399999618530273,1.4293750524520874,2.799999952316284,1.100000023841858,4.800000190734863,0.908179012345679,0.0,0.9751543402671814
v122,11.563271522521973,0.800000011920929,25.700000762939453,8.286890029907227,9.050000190734863,1.5,22.399999618530273,0.32253086419753085,0.4104938271604938,2.7503085136413574
v1220,6.274215221405029,0.800000011920929,22.5,4.256531238555908,6.300000190734863,1.2999999523162842,11.620000267028813,0.39590942293645,0.04821037253469686,2.948429584503174
v1221,4.195291042327881,0.800000011920929,19.799999237060547,3.6305744647979736,3.0,1.2000000476837158,9.369999790191654,0.7596952908587258,0.029778393351800554,2.6617729663848877
v5,3.173269748687744,0.800000011920929,7.599999904632568,1.3153024911880493,3.200000047683716,1.2999999523162842,4.900000095367432,0.9083044982698962,0.0,0.7198961973190308
v1222,10.300816535949707,0.800000011920929,26.299999237060547,8.973710060119629,5.400000095367432,1.2999999523162842,23.100000381469727,0.483265306122449,0.3820408163265306,2.295673370361328
v1223,3.128472089767456,0.800000011920929,13.100000381469727,2.120694637298584,2.5,1.100000023841858,6.0,0.8526234567901234,0.0,1.4560185670852661
v1224,2.759237289428711,0.800000011920929,13.300000190734863,1.938314437866211,2.200000047683716,1.100000023841858,5.199999809265137,0.8902038132807364,0.0,1.3291255235671997
v1225,3.735135316848755,0.800000011920929,15.899999618530273,2.5598859786987305,3.0999999046325684,1.2000000476837158,7.199999809265137,0.789627465303141,0.002191380569758948,1.7212563753128052
v1226,11.842243194580078,0.800000011920929,27.200000762939453,8.710246086120605,8.699999809265137,1.7999999523162842,23.399999618530273,0.34210526315789475,0.40789473684210525,2.967312812805176
v1227,14.122529983520508,0.800000011920929,28.5,9.998018264770508,12.399999618530273,1.899999976158142,26.899999618530273,0.2710204081632653,0.446530612244898,2.7580409049987793
v1228,4.218441009521484,0.800000011920929,17.5,2.674971103668213,3.700000047683716,1.399999976158142,7.549999952316284,0.7222222222222222,0.005401234567901234,1.970215916633606
v1229,12.107870101928711,0.800000011920929,28.0,9.742897033691406,7.300000190734863,1.7000000476837158,25.0,0.38503086419753085,0.3896604938271605,2.375617265701294
v123,2.627770185470581,0.800000011920929,10.5,1.5019646883010864,2.299999952316284,1.1300000309944165,4.599999904632568,0.9203601108033241,0.0,0.9893350601196289
v1230,5.854501724243164,0.800000011920929,20.200000762939453,4.041137218475342,5.199999809265137,1.399999976158142,11.469999885559087,0.46398891966759004,0.04709141274238227,2.9029088020324707
v1231,6.48919677734375,0.800000011920929,19.5,4.834389686584473,4.949999809265137,1.2000000476837158,13.399999618530273,0.5,0.037396121883656507,2.6836564540863037
v1232,10.511509895324707,0.800000011920929,25.299999237060547,7.780793190002441,9.100000381469727,1.2999999523162842,20.899999618530273,0.37387755102040815,0.3820408163265306,4.103184223175049
v1233,7.948126792907715,0.800000011920929,21.899999618530273,5.456958293914795,6.800000190734863,1.399999976158142,15.199999809265137,0.3997370151216305,0.10650887573964497,3.2188034057617188
v1234,2.421020746231079,0.800000011920929,11.100000381469727,1.5375629663467407,2.0,1.100000023841858,4.0,0.9351211072664359,0.0,0.983910083770752
v1235,3.851020336151123,0.800000011920929,23.799999237060547,4.190903663635254,2.200000047683716,1.0,9.139999961853082,0.7640816326530612,0.045714285714285714,2.645387649536133
v1236,3.3856749534606934,0.800000011920929,13.300000190734863,2.1482810974121094,2.9000000953674316,1.2999999523162842,6.099999904632568,0.8438934802571166,0.0,1.5621670484542847
v1237,3.2989044189453125,0.800000011920929,17.799999237060547,2.9124562740325928,2.299999952316284,1.100000023841858,6.8400001525878995,0.8546384222059897,0.008765522279035792,1.9447771310806274
v1238,4.681519508361816,0.800000011920929,19.299999237060547,3.683767318725586,3.5,1.2000000476837158,10.0,0.660336011687363,0.02337472607742878,2.9098610877990723
v1239,6.948657035827637,0.800000011920929,22.5,5.048915386199951,6.0,1.449999988079071,14.800000190734863,0.45661157024793386,0.09297520661157024,3.5510330200195312
v124,7.973187446594238,0.800000011920929,23.600000381469727,5.783496856689453,5.699999809265137,1.600000023841858,16.0,0.469375,0.138125,2.3656249046325684
v1240,3.523507595062256,0.800000011920929,18.799999237060547,3.250945806503296,2.299999952316284,1.100000023841858,7.900000095367432,0.8218549127640037,0.01652892561983471,2.274930953979492
v1241,3.9977643489837646,0.800000011920929,13.0,2.0396323204040527,3.799999952316284,1.399999976158142,6.699999809265137,0.6929651545036161,0.0,1.1892176866531372
v1242,9.234234809875488,0.800000011920929,21.700000762939453,6.753877639770508,6.099999904632568,1.7000000476837158,18.299999237060547,0.4339229968782518,0.34235171696149846,1.5835587978363037
v1243,2.141709327697754,0.800000011920929,8.5,1.1313542127609253,1.899999976158142,1.0,3.4000000953674316,0.9656683710737765,0.0,0.8254200220108032
v1244,4.394805908203125,0.800000011920929,18.0,2.978797435760498,3.799999952316284,1.2999999523162842,8.0,0.7047994740302432,0.013806706114398421,2.0700855255126953
v1245,4.650781154632568,0.800000011920929,12.899999618530273,2.628215789794922,4.199999809265137,1.399999976158142,8.199999809265137,0.5400390625,0.0,1.2761719226837158
v1246,12.583794593811035,0.800000011920929,29.0,10.301583290100098,8.5,1.399999976158142,26.799999237060547,0.3912742382271468,0.39473684210526316,3.494459867477417
v1247,4.246604919433594,0.800000011920929,13.0,2.444148540496826,4.199999809265137,1.2000000476837158,7.400000095367432,0.5817901234567902,0.0,1.447222352027893
v1248,10.126989364624023,0.800000011920929,26.600000381469727,9.998591423034668,3.0,1.2999999523162842,24.0,0.5960207612456747,0.3892733564013841,1.5453287363052368
v1249,13.741551399230957,0.800000011920929,27.600000381469727,8.958717346191406,11.300000190734863,2.200000047683716,25.0,0.2179591836734694,0.4342857142857143,2.4499592781066895
v125,2.3116343021392822,0.800000011920929,9.5,1.3092904090881348,2.0,1.0,4.0,0.9439058171745153,0.0,0.8307479023933411
v1250,3.6977357864379883,0.800000011920929,18.299999237060547,2.8569247722625732,2.9000000953674316,1.2999999523162842,7.019999980926518,0.8268809349890431,0.01095690284879474,1.9433162212371826
v1251,11.81544303894043,0.800000011920929,28.799999237060547,10.425311088562012,5.800000190734863,1.2999999523162842,26.299999237060547,0.4577562326869806,0.3975069252077562,3.281301975250244
v1252,7.965000152587891,0.800000011920929,19.799999237060547,5.424683094024658,6.850000381469727,1.5,14.899999618530273,0.43777777777777777,0.09333333333333334,1.6691110134124756
v1253,4.8033952713012695,0.800000011920929,18.200000762939453,3.3832929134368896,4.400000095367432,1.2000000476837158,9.050000190734863,0.5748456790123457,0.016975308641975308,2.3746914863586426
v1254,1.9110726118087769,0.800000011920929,5.800000190734863,0.7853426933288574,1.7999999523162842,1.0,2.950000047683716,0.9948096885813149,0.0,0.41522490978240967
v1255,2.3106446266174316,0.800000011920929,7.400000095367432,1.1523727178573608,2.0999999046325684,1.0,4.0,0.962890625,0.0,0.7416015863418579
v1256,2.2921762466430664,0.800000011920929,10.699999809265137,1.465096116065979,1.899999976158142,1.0,4.0,0.9368836291913215,0.0,0.9919790029525757
v1257,4.677355766296387,0.800000011920929,19.0,3.1471784114837646,4.400000095367432,1.2999999523162842,8.52000007629395,0.5931336742147553,0.01241782322863404,2.0585827827453613
v1258,2.826446294784546,0.800000011920929,8.0,1.4090676307678223,2.700000047683716,1.100000023841858,4.699999809265137,0.9237832874196511,0.0,0.9168044328689575
v1259,2.619260311126709,0.800000011920929,5.5,1.0608881711959839,2.5999999046325684,1.2000000476837158,4.0,0.9897959183673469,0.0,0.48290812969207764
v126,11.28590202331543,0.800000011920929,28.0,8.687498092651367,7.099999904632568,1.7000000476837158,23.600000381469727,0.3805697589481373,0.4163623082542001,2.7550036907196045
v1260,1.7284879684448242,0.800000011920929,3.9000000953674316,0.5593412518501282,1.7000000476837158,1.0,2.5,1.0,0.0,0.3008034825325012
v1261,11.200642585754395,0.800000011920929,27.0,8.802176475524902,7.0,1.600000023841858,22.399999618530273,0.4214876033057851,0.418732782369146,2.467768430709839
v1262,3.0188889503479004,0.800000011920929,10.399999618530273,1.634543538093567,3.0,1.100000023841858,5.0,0.8888888888888888,0.0,0.9751110672950745
v1263,4.073002815246582,0.800000011920929,18.700000762939453,3.500563383102417,2.799999952316284,1.100000023841858,9.82000007629395,0.751147842056933,0.01652892561983471,2.4651973247528076
v1264,2.484179735183716,0.800000011920929,10.5,1.6975406408309937,2.0,1.0,4.599999904632568,0.9072265625,0.0,1.042578101158142
v1265,3.0052030086517334,0.800000011920929,11.699999809265137,1.4965426921844482,2.9000000953674316,1.2000000476837158,4.699999809265137,0.918834547346514,0.0,0.8241415023803711
v1266,3.6027779579162598,0.800000011920929,17.200000762939453,2.6916093826293945,2.799999952316284,1.2000000476837158,7.5,0.8209876543209876,0.004629629629629629,1.9092592000961304
v1267,4.0479912757873535,0.800000011920929,22.200000762939453,3.9805679321289062,2.5,1.100000023841858,9.719999885559087,0.787436084733382,0.039444850255661065,2.847480058670044
v6,2.517092704772949,0.800000011920929,9.800000190734863,1.223175287246704,2.299999952316284,1.2000000476837158,4.019999980926518,0.9466764061358656,0.0,0.9623082876205444
v1268,3.05346941947937,0.800000011920929,12.399999618530273,2.37485933303833,2.299999952316284,1.0,7.0,0.8514285714285714,0.0,1.7075918912887573
v1269,11.014250755310059,0.800000011920929,27.200000762939453,9.296443939208984,5.800000190734863,1.600000023841858,24.5,0.443125,0.3625,2.690999746322632
v127,2.9446280002593994,0.800000011920929,8.300000190734863,1.728609561920166,2.5999999046325684,0.800000011920929,5.300000190734863,0.8842975206611571,0.0,1.2148760557174683
v1270,14.525513648986816,0.800000011920929,29.899999618530273,11.892740249633789,8.100000381469727,1.399999976158142,29.0,0.3731138545953361,0.4444444444444444,1.7923182249069214
v1271,2.6715121269226074,0.800000011920929,17.200000762939453,2.461141347885132,1.899999976158142,1.0,4.820000171661381,0.9013878743608473,0.005113221329437546,1.6036523580551147
v1272,3.0544490814208984,0.800000011920929,13.699999809265137,2.303891658782959,2.4000000953674316,1.100000023841858,6.0,0.8653061224489796,0.0,1.6471836566925049
v1273,3.9574697017669678,0.800000011920929,19.299999237060547,3.6427388191223145,2.4000000953674316,1.100000023841858,9.800000190734863,0.7665306122448979,0.0236734693877551,2.5438365936279297
v1274,5.541280746459961,0.800000011920929,19.5,3.9283788204193115,4.699999809265137,1.100000023841858,10.600000381469727,0.5061728395061729,0.018518518518518517,2.333179235458374
v1275,5.102663040161133,0.800000011920929,17.600000381469727,3.4221181869506836,4.800000190734863,1.2000000476837158,9.620000267028813,0.5307621671258035,0.015610651974288337,1.9019283056259155
v1276,5.72562313079834,0.800000011920929,18.600000381469727,3.717005491256714,5.5,1.2999999523162842,11.070000267028814,0.4231301939058172,0.024238227146814405,2.6656508445739746
v1277,7.320987701416016,0.800000011920929,24.799999237060547,5.9540815353393555,4.400000095367432,1.2000000476837158,15.899999618530273,0.5185185185185185,0.13117283950617284,3.0037038326263428
v1278,6.103626251220703,0.800000011920929,22.600000381469727,4.150374889373779,5.0,1.7000000476837158,11.600000381469727,0.49459876543209874,0.05092592592592592,2.75293231010437
v1279,3.76220703125,0.800000011920929,12.199999809265137,2.048386335372925,3.299999952316284,1.5,6.599999904632568,0.7919921875,0.0,1.438867211341858
v128,2.6224253177642822,0.800000011920929,11.0,1.4756512641906738,2.299999952316284,1.2000000476837158,4.5,0.918918918918919,0.0,0.9301679134368896
v1280,15.3264741897583,0.800000011920929,30.100000381469727,12.204645156860352,15.199999809265137,1.2000000476837158,29.200000762939453,0.36899862825788754,0.5006858710562414,2.620027542114258
v1281,2.7192838191986084,0.800000011920929,10.600000381469727,1.669709324836731,2.299999952316284,1.100000023841858,4.699999809265137,0.9100091827364555,0.0,1.194674015045166
v1282,3.864825963973999,0.800000011920929,22.200000762939453,3.5859878063201904,2.700000047683716,1.2000000476837158,8.399999618530273,0.8047337278106509,0.02695595003287311,2.4189348220825195
v1283,2.9626121520996094,0.800000011920929,15.600000381469727,2.153536796569824,2.299999952316284,1.100000023841858,5.5,0.883265306122449,0.0016326530612244899,1.3844897747039795
v1284,9.957168579101562,0.800000011920929,24.799999237060547,7.013347625732422,7.300000190734863,1.7000000476837158,20.100000381469727,0.30636525877453896,0.3188578227245687,2.587745428085327
v1285,3.6881942749023438,0.800000011920929,17.799999237060547,3.124103307723999,2.700000047683716,1.100000023841858,8.150000095367432,0.8202160493827161,0.013888888888888888,2.2754628658294678
v1286,2.370781660079956,0.800000011920929,6.099999904632568,0.9216538071632385,2.299999952316284,1.2000000476837158,3.5999999046325684,0.9919649379108838,0.0,0.5747260451316833
v1287,2.346219301223755,0.800000011920929,8.0,1.1692569255828857,2.200000047683716,1.100000023841858,3.799999952316284,0.9560185185185185,0.0,0.8035494089126587
v1288,6.93243932723999,0.800000011920929,20.700000762939453,5.086923599243164,5.300000190734863,1.2000000476837158,13.399999618530273,0.4826989619377163,0.03892733564013841,2.229238748550415
v1289,4.342530727386475,0.800000011920929,19.700000762939453,3.3728463649749756,3.200000047683716,1.2000000476837158,9.0,0.6946938775510204,0.017142857142857144,2.536816358566284
v129,10.170266151428223,0.800000011920929,22.600000381469727,6.6619062423706055,10.649999618530273,1.7999999523162842,18.5,0.34615384615384615,0.33579881656804733,1.8044379949569702
v1290,2.5117549896240234,0.800000011920929,11.899999618530273,1.6308331489562988,2.0999999046325684,1.100000023841858,4.699999809265137,0.9126530612244897,0.0,1.1730612516403198
v1291,2.718066453933716,0.800000011920929,13.199999809265137,1.9700976610183716,2.0999999046325684,1.100000023841858,4.800000190734863,0.9072265625,0.0,1.2337889671325684
v1292,1.7834285497665405,0.800000011920929,5.5,0.7138819098472595,1.7000000476837158,1.0,2.700000047683716,0.996734693877551,0.0,0.4863673448562622
v1293,11.417214393615723,0.800000011920929,24.600000381469727,7.421605587005615,9.850000381469727,1.949999988079071,21.200000762939453,0.27076124567474047,0.4083044982698962,2.867993116378784
v1294,5.8747687339782715,0.800000011920929,20.600000381469727,4.048717975616455,5.699999809265137,1.2000000476837158,11.150000095367432,0.45447530864197533,0.027777777777777776,2.586574077606201
v1295,4.194135665893555,0.800000011920929,16.5,2.9691333770751953,3.5,1.2000000476837158,8.600000381469727,0.7276234567901234,0.007716049382716049,2.0740740299224854
v1296,3.76419734954834,0.800000011920929,21.600000381469727,3.753613233566284,2.299999952316284,1.100000023841858,9.0,0.8001543209876543,0.026234567901234566,2.498765468597412
v1297,5.4901251792907715,0.800000011920929,15.699999809265137,3.2643706798553467,5.400000095367432,1.399999976158142,9.800000190734863,0.480625,0.001875,2.0845000743865967
v1298,4.158024311065674,0.800000011920929,18.799999237060547,2.8076224327087402,3.5999999046325684,1.2999999523162842,7.5,0.7577160493827161,0.010030864197530864,2.0432097911834717
v1299,2.017746925354004,0.800000011920929,6.699999809265137,0.852543294429779,1.899999976158142,1.100000023841858,3.049999952316284,0.9884259259259259,0.0,0.5274690985679626
v13,2.5541272163391113,0.800000011920929,8.399999618530273,1.2028391361236572,2.4000000953674316,1.2000000476837158,4.0,0.9510591672753835,0.0,0.9092769026756287
v130,2.3542935848236084,0.800000011920929,9.800000190734863,1.3944000005722046,2.0,1.0,4.199999809265137,0.932825484764543,0.0,0.9285318851470947
v1300,7.079246997833252,0.800000011920929,20.100000381469727,4.093529224395752,7.400000095367432,1.7000000476837158,12.0,0.3856749311294766,0.01928374655647383,2.039853096008301
v1301,2.384279727935791,0.800000011920929,9.699999809265137,1.246711254119873,2.0999999046325684,1.100000023841858,4.199999809265137,0.9501385041551247,0.0,0.9361495971679688
v1302,6.876855850219727,0.800000011920929,17.299999237060547,4.538879871368408,5.5,1.399999976158142,13.199999809265137,0.455078125,0.0234375,1.7736327648162842
v1303,2.8227145671844482,0.800000011920929,10.100000381469727,1.5673731565475464,2.5,1.100000023841858,4.900000095367432,0.9085872576177285,0.0,1.1842105388641357
v1304,4.1913580894470215,0.800000011920929,17.200000762939453,2.966622829437256,3.9000000953674316,1.2000000476837158,7.549999952316284,0.7260802469135802,0.012345679012345678,1.968827247619629
v1305,12.904847145080566,0.800000011920929,27.799999237060547,9.489315032958984,9.649999618530273,1.600000023841858,25.700000762939453,0.2922437673130194,0.4085872576177285,3.1531858444213867
v1306,9.866897583007812,0.800000011920929,23.899999618530273,7.4526777267456055,7.0,1.5,20.600000381469727,0.40650969529085873,0.3379501385041551,2.8891966342926025
v1307,12.48612117767334,0.800000011920929,29.5,11.269233703613281,5.800000190734863,1.600000023841858,27.899999618530273,0.4579985390796202,0.36888239590942296,1.9969319105148315
v1308,3.5115702152252197,0.800000011920929,10.699999809265137,1.7896074056625366,3.5999999046325684,1.2000000476837158,5.699999809265137,0.8044077134986226,0.0,0.9320477247238159
v1309,1.9429759979248047,0.800000011920929,4.599999904632568,0.6964269280433655,1.899999976158142,1.100000023841858,2.799999952316284,1.0,0.0,0.297190397977829
v131,2.333864450454712,0.800000011920929,9.199999809265137,1.3067569732666016,2.0,1.0,4.099999904632568,0.9480609418282548,0.0,0.8530471324920654
v1310,1.9857252836227417,0.800000011920929,4.5,0.7263269424438477,1.899999976158142,1.100000023841858,3.0,1.0,0.0,0.4393518567085266
v1311,3.9477622509002686,0.800000011920929,13.100000381469727,2.077523946762085,3.5999999046325684,1.550000011920929,6.6499998569488525,0.7638888888888888,0.0,1.609722375869751
v7,10.345541000366211,0.800000011920929,26.299999237060547,8.121832847595215,6.199999809265137,1.600000023841858,22.100000381469727,0.44946492271105826,0.4102259215219976,3.0996432304382324
v1312,2.2157135009765625,0.800000011920929,5.5,0.8248341679573059,2.200000047683716,1.100000023841858,3.200000047683716,0.9953977646285339,0.0,0.5650230050086975
v1313,2.712841749191284,0.800000011920929,9.899999618530273,1.3577195405960083,2.5,1.100000023841858,4.300000190734863,0.9369797859690844,0.0,0.8877526521682739
v1314,2.7770612239837646,0.800000011920929,8.300000190734863,1.2066094875335693,2.700000047683716,1.2999999523162842,4.260000038146987,0.9493877551020408,0.0,0.6848979592323303
v1315,5.65869140625,0.800000011920929,16.600000381469727,3.061397075653076,5.199999809265137,1.7999999523162842,9.669999980926518,0.4423828125,0.0126953125,2.1353516578674316
v1316,3.721885919570923,0.800000011920929,15.899999618530273,2.1270737648010254,3.3499999046325684,1.5,6.049999952316284,0.8131487889273357,0.0017301038062283738,1.4392733573913574
v1317,2.623337745666504,0.800000011920929,9.600000381469727,1.2004568576812744,2.5,1.2999999523162842,4.0,0.9598337950138505,0.0,0.7865651249885559
v1318,13.696234703063965,0.800000011920929,29.799999237060547,10.63620376586914,9.100000381469727,1.899999976158142,27.799999237060547,0.32598714416896235,0.411386593204775,2.695316791534424
v1319,2.250077247619629,0.800000011920929,5.5,0.8946600556373596,2.0999999046325684,1.2000000476837158,3.5,0.9907407407407407,0.0,0.4483024775981903
v132,13.700950622558594,0.800000011920929,28.899999618530273,10.613089561462402,8.199999809265137,1.899999976158142,26.700000762939453,0.3607266435986159,0.4403114186851211,2.0842559337615967
v1320,2.908080816268921,0.800000011920929,11.0,1.6944323778152466,2.700000047683716,1.2000000476837158,4.699999809265137,0.9054178145087236,0.0,1.1006428003311157
v1321,3.0398919582366943,0.800000011920929,12.899999618530273,2.0195014476776123,2.5,1.2000000476837158,5.599999904632568,0.8765432098765432,0.0,1.389351725578308
v1322,2.917877435684204,0.800000011920929,9.800000190734863,1.37204110622406,2.700000047683716,1.2999999523162842,4.599999904632568,0.926530612244898,0.0,0.8737959265708923
v1323,4.674304962158203,0.800000011920929,12.0,2.2639408111572266,4.699999809265137,1.7000000476837158,7.599999904632568,0.529320987654321,0.0,1.2007715702056885
v1324,3.6299386024475098,0.800000011920929,13.300000190734863,2.2535359859466553,3.200000047683716,1.2000000476837158,6.599999904632568,0.7770061728395061,0.0,1.3861111402511597
v1325,3.7054498195648193,0.800000011920929,17.100000381469727,2.7701845169067383,2.9000000953674316,1.2000000476837158,7.549999952316284,0.8044982698961938,0.006055363321799308,1.9610726833343506
v1326,3.9874088764190674,0.800000011920929,12.5,2.014024019241333,4.0,1.399999976158142,6.400000095367432,0.7200832466181062,0.0,1.0308011770248413
v1327,11.659412384033203,0.800000011920929,26.799999237060547,9.581002235412598,6.5,1.5800000190734875,24.299999237060547,0.4288337924701561,0.39944903581267216,2.226078987121582
v1328,10.715201377868652,0.800000011920929,26.799999237060547,9.50491714477539,4.800000190734863,1.7000000476837158,23.799999237060547,0.5123456790123457,0.375,1.5331790447235107
v1329,14.566122055053711,0.800000011920929,30.700000762939453,11.481287002563477,9.800000190734863,2.0,29.700000762939453,0.3036734693877551,0.39918367346938777,2.1415510177612305
v133,13.448491096496582,0.800000011920929,27.600000381469727,9.5853271484375,13.699999809265137,1.5,24.5,0.331945889698231,0.4869927159209157,2.6763787269592285
v1330,9.093223571777344,0.800000011920929,25.299999237060547,6.9137349128723145,5.900000095367432,1.600000023841858,19.200000762939453,0.45387755102040817,0.27183673469387754,3.0439181327819824
v1331,3.3727705478668213,0.800000011920929,10.399999618530273,1.7490906715393066,3.200000047683716,1.2999999523162842,5.800000190734863,0.8537455410225921,0.0,1.1569559574127197
v1332,3.7207610607147217,0.800000011920929,14.300000190734863,2.185438871383667,3.4000000953674316,1.399999976158142,6.5,0.8079584775086506,0.0,1.3391003608703613
v1333,3.0121212005615234,0.800000011920929,9.399999618530273,1.4157971143722534,2.799999952316284,1.2999999523162842,4.699999809265137,0.9164370982552801,0.0,0.9399449229240417
v1334,2.6970272064208984,0.800000011920929,10.100000381469727,1.3299721479415894,2.5,1.2000000476837158,4.199999809265137,0.9417360285374554,0.0,0.89988112449646
v1335,12.216090202331543,0.800000011920929,27.399999618530273,9.682156562805176,7.5,1.8499999642372131,25.65000057220459,0.38235294117647056,0.3944636678200692,2.7961935997009277
v1336,3.5284664630889893,0.800000011920929,14.300000190734863,2.262388229370117,3.0,1.2999999523162842,6.6199998855590865,0.8292011019283747,0.0,1.6563820838928223
v1337,12.127263069152832,0.800000011920929,26.899999618530273,9.319795608520508,7.599999904632568,1.7000000476837158,24.600000381469727,0.3517169614984391,0.4120707596253902,2.1579604148864746
v1338,3.7835099697113037,0.800000011920929,14.300000190734863,2.279542922973633,3.299999952316284,1.5,6.5,0.806530612244898,0.0,1.5830203294754028
v1339,2.7652244567871094,0.800000011920929,7.800000190734863,1.148087501525879,2.700000047683716,1.3399999618530278,4.199999809265137,0.9542857142857143,0.0,0.6533877849578857
v134,10.948652267456055,0.800000011920929,26.299999237060547,8.151179313659668,7.199999809265137,1.7000000476837158,21.5,0.39346938775510204,0.4310204081632653,2.5490612983703613
v1340,1.8552957773208618,0.800000011920929,4.5,0.6741843819618225,1.7999999523162842,1.100000023841858,2.799999952316284,1.0,0.0,0.38904309272766113
v1341,4.149143218994141,0.800000011920929,15.699999809265137,2.561833381652832,3.700000047683716,1.399999976158142,7.460000038146986,0.7183673469387755,0.0008163265306122449,1.5596734285354614
v1342,3.338122606277466,0.800000011920929,13.699999809265137,1.887166142463684,3.0999999046325684,1.2999999523162842,5.5,0.8734693877551021,0.0,1.190857172012329
v1343,6.437889575958252,0.800000011920929,17.299999237060547,3.508376121520996,6.449999809265137,1.7000000476837158,11.100000381469727,0.39273356401384085,0.006055363321799308,1.5993080139160156
v1344,4.289285659790039,0.800000011920929,17.799999237060547,2.657308340072632,3.799999952316284,1.399999976158142,7.300000190734863,0.6926020408163265,0.006377551020408163,1.6448980569839478
v1345,3.3410468101501465,0.800000011920929,13.199999809265137,2.023115873336792,2.9000000953674316,1.2999999523162842,6.199999809265137,0.8530762167125804,0.0,1.3792470693588257
v1346,14.222949981689453,0.800000011920929,29.600000381469727,10.611703872680664,9.850000381469727,2.0,27.799999237060547,0.2822265625,0.427734375,2.7025389671325684
v1347,2.2663912773132324,0.800000011920929,8.800000190734863,1.2575830221176147,2.0,1.0,3.9000000953674316,0.9522497704315886,0.0,0.7954086661338806
v1348,3.566176414489746,0.800000011920929,14.100000381469727,2.3954086303710938,3.0,1.2999999523162842,6.5,0.842560553633218,0.0,1.6320068836212158
v1349,13.165143966674805,0.800000011920929,29.200000762939453,9.93418025970459,9.300000190734863,2.0,26.799999237060547,0.3053061224489796,0.4008163265306122,2.962775707244873
v135,8.661555290222168,0.800000011920929,23.299999237060547,6.44138240814209,5.599999904632568,1.5,17.210000610351564,0.4766666666666667,0.1988888888888889,2.1231112480163574
v1350,10.229844093322754,0.800000011920929,22.399999618530273,6.898096084594727,8.199999809265137,1.7999999523162842,19.120000457763677,0.3287419651056015,0.39026629935720847,1.9935721158981323
v1351,3.9917550086975098,0.800000011920929,16.799999237060547,2.837047576904297,3.200000047683716,1.399999976158142,7.800000190734863,0.7763265306122449,0.007346938775510204,1.9119999408721924
v1352,2.6064815521240234,0.800000011920929,12.800000190734863,1.740509033203125,2.0999999046325684,1.100000023841858,4.699999809265137,0.908179012345679,0.0,1.1956790685653687
v1353,4.373246192932129,0.800000011920929,14.199999809265137,2.3030476570129395,4.099999904632568,1.600000023841858,7.5,0.6813317479191439,0.0,1.6382877826690674
v1354,2.2944114208221436,0.800000011920929,7.400000095367432,0.9848698973655701,2.200000047683716,1.100000023841858,3.5,0.9785969084423306,0.0,0.6259215474128723
v1355,1.7818117141723633,0.800000011920929,5.0,0.6664982438087463,1.7000000476837158,1.0,2.700000047683716,0.9992695398100804,0.0,0.3209642171859741
v1356,2.089439868927002,0.800000011920929,5.599999904632568,0.8419382572174072,2.0,1.100000023841858,3.200000047683716,0.9972451790633609,0.0,0.4506886899471283
v1357,2.7518625259399414,0.800000011920929,12.300000190734863,1.7775357961654663,2.200000047683716,1.100000023841858,5.099999904632568,0.8911614317019723,0.0,1.2419283390045166
v8,2.28035044670105,0.800000011920929,8.699999809265137,1.1048672199249268,2.0,1.2000000476837158,3.6199999332428026,0.9671292914536158,0.0,0.8417823314666748
v1358,3.362370252609253,0.800000011920929,12.199999809265137,1.8559482097625732,3.0,1.5,5.549999952316284,0.8615916955017301,0.0,1.286332130432129
v1359,3.503472328186035,0.800000011920929,14.5,2.376514196395874,3.0,1.3499999642372131,6.300000190734863,0.8587962962962963,0.0,1.5887346267700195
v136,4.527731895446777,0.800000011920929,21.600000381469727,3.8816754817962646,3.299999952316284,1.2999999523162842,10.82000007629395,0.736455463728191,0.03856749311294766,2.5970613956451416
v1360,13.224279403686523,0.800000011920929,27.200000762939453,9.634941101074219,10.399999618530273,1.399999976158142,24.600000381469727,0.3388203017832647,0.448559670781893,2.149519920349121
v1361,4.78248405456543,0.800000011920929,15.199999809265137,3.38690185546875,3.200000047683716,1.2000000476837158,9.699999809265137,0.5802469135802469,0.0007716049382716049,1.4115742444992065
v1362,14.071742057800293,0.800000011920929,30.0,10.826729774475098,9.0,1.5,27.799999237060547,0.31824417009602196,0.4458161865569273,2.6603567600250244
v1363,5.837011814117432,0.800000011920929,15.899999618530273,2.8009183406829834,6.0,1.7000000476837158,9.399999618530273,0.322265625,0.0009765625,1.965429663658142
v1364,3.8071179389953613,0.800000011920929,12.0,1.9692342281341553,3.5999999046325684,1.399999976158142,6.400000095367432,0.7760416666666666,0.0,1.5621528625488281
v1365,10.657248497009277,0.800000011920929,27.200000762939453,8.586370468139648,5.649999618530273,1.399999976158142,22.299999237060547,0.4718934911242604,0.4363905325443787,2.6967456340789795
v1366,4.293939590454102,0.800000011920929,20.100000381469727,3.536756992340088,3.0999999046325684,1.2000000476837158,9.399999618530273,0.7134986225895317,0.02203856749311295,2.6833794116973877
v1367,4.464334487915039,0.800000011920929,17.799999237060547,3.2646195888519287,3.4000000953674316,1.399999976158142,9.399999618530273,0.6858710562414266,0.013717421124828532,2.3964333534240723
v1368,3.274012804031372,0.800000011920929,11.800000190734863,1.9925332069396973,2.799999952316284,1.2000000476837158,6.0,0.8402203856749312,0.0,1.5500459671020508
v1369,13.667089462280273,0.800000011920929,29.200000762939453,10.94946002960205,8.5,1.5,27.600000381469727,0.3369140625,0.4111328125,2.257617235183716
v137,11.848979949951172,0.800000011920929,26.0,8.444988250732422,8.800000190734863,1.7999999523162842,22.660000610351577,0.32816326530612244,0.4359183673469388,2.4026122093200684
v1370,3.184256076812744,0.800000011920929,12.800000190734863,2.2930490970611572,2.5,1.100000023841858,6.5,0.856401384083045,0.0,1.4615917205810547
v1371,2.60677170753479,0.800000011920929,11.0,1.5369181632995605,2.200000047683716,1.100000023841858,4.5,0.9250493096646942,0.0,1.2072319984436035
v1372,2.7505478858947754,0.800000011920929,9.5,1.5830738544464111,2.4000000953674316,1.100000023841858,4.900000095367432,0.902118334550767,0.0,1.0800584554672241
v1373,3.2081313133239746,0.800000011920929,13.300000190734863,2.376427412033081,2.5,1.100000023841858,6.699999809265137,0.8486159169550173,0.0,1.5031142234802246
v1374,2.6180803775787354,0.800000011920929,11.5,1.4831361770629883,2.299999952316284,1.100000023841858,4.400000095367432,0.9276791584483892,0.0,1.1512162685394287
v1375,2.8529584407806396,0.800000011920929,10.300000190734863,1.7160162925720215,2.4000000953674316,1.100000023841858,5.199999809265137,0.8867786705624543,0.0,1.1636230945587158
v1376,8.256661415100098,0.800000011920929,21.200000762939453,6.022284030914307,5.400000095367432,1.399999976158142,16.899999618530273,0.47231833910034604,0.21280276816608998,2.182525873184204
v1377,14.392611503601074,0.800000011920929,29.5,11.174931526184082,9.5,1.7999999523162842,28.200000762939453,0.32362122788761705,0.41935483870967744,1.9053069353103638
v1378,3.761504650115967,0.800000011920929,11.300000190734863,1.7966817617416382,3.5,1.600000023841858,6.199999809265137,0.7991234477720964,0.0,1.3190650939941406
v1379,2.052441358566284,0.800000011920929,5.199999809265137,0.7500090599060059,2.0,1.100000023841858,3.0,0.9990234375,0.0,0.4107421636581421
v138,4.185644626617432,0.800000011920929,17.200000762939453,3.1895642280578613,3.299999952316284,1.2000000476837158,9.300000190734863,0.763671875,0.0126953125,2.1392579078674316
v1380,10.905866622924805,0.800000011920929,26.0,7.797416687011719,11.199999809265137,1.2000000476837158,20.399999618530273,0.37244897959183676,0.45663265306122447,2.4586734771728516
v1381,3.0331430435180664,0.800000011920929,10.100000381469727,1.4808751344680786,2.799999952316284,1.2999999523162842,4.900000095367432,0.9012244897959184,0.0,1.011918306350708
v1382,3.5800206661224365,0.800000011920929,10.699999809265137,1.6881654262542725,3.5,1.2999999523162842,5.800000190734863,0.8085327783558793,0.0,0.885744035243988
v1383,12.828408241271973,0.800000011920929,27.600000381469727,10.274581909179688,7.800000190734863,1.600000023841858,26.200000762939453,0.3756503642039542,0.4162330905306972,2.395629405975342
v1384,12.689275741577148,0.800000011920929,29.100000381469727,11.898469924926758,3.9000000953674316,1.2999999523162842,27.5,0.5594135802469136,0.4243827160493827,1.2087963819503784
v1385,3.125086545944214,0.800000011920929,13.5,1.8170931339263916,2.700000047683716,1.2000000476837158,5.300000190734863,0.8823529411764706,0.0,1.3010380268096924
v1386,12.279585838317871,0.800000011920929,26.200000762939453,9.124773979187012,8.899999618530273,1.600000023841858,22.700000762939453,0.41124260355029585,0.4881656804733728,1.5781065225601196
v1387,11.862998962402344,0.800000011920929,27.0,10.095147132873535,6.099999904632568,1.2000000476837158,24.299999237060547,0.48444444444444446,0.46444444444444444,2.166888952255249
v1388,1.8564759492874146,0.800000011920929,5.0,0.6491073369979858,1.7999999523162842,1.0,2.700000047683716,0.9993425378040762,0.0,0.3451676666736603
v1389,11.957478523254395,0.800000011920929,27.100000381469727,9.94182300567627,6.0,1.600000023841858,24.86999950408936,0.4452908587257618,0.4113573407202216,2.0706372261047363
v139,8.246173858642578,0.800000011920929,20.100000381469727,4.278250694274902,8.800000190734863,1.899999976158142,13.399999618530273,0.24489795918367346,0.047193877551020405,2.615816116333008
v1390,2.009577751159668,0.800000011920929,5.199999809265137,0.6974568367004395,2.0,1.100000023841858,2.9000000953674316,0.9994051160023796,0.0,0.4086852967739105
v1391,2.8967127799987793,0.800000011920929,11.899999618530273,1.8674287796020508,2.299999952316284,1.2000000476837158,5.300000190734863,0.8858131487889274,0.0,1.2816609144210815
v1392,11.50106143951416,0.800000011920929,23.799999237060547,7.146484375,12.899999618530273,2.0999999046325684,20.299999237060547,0.29306122448979594,0.43918367346938775,2.8009798526763916
v1393,5.867062568664551,0.800000011920929,18.899999618530273,3.274134635925293,5.5,1.899999976158142,10.199999809265137,0.428125,0.01375,2.2481250762939453
v1394,3.0809919834136963,0.800000011920929,8.5,1.6587516069412231,3.200000047683716,0.8999999761581421,5.0,0.8925619834710744,0.0,0.9289255738258362
v1395,9.634947776794434,0.800000011920929,23.0,7.190228462219238,6.599999904632568,1.7999999523162842,19.100000381469727,0.44809688581314877,0.379757785467128,1.9249134063720703
v1396,12.926929473876953,0.800000011920929,28.600000381469727,11.510383605957031,4.800000190734863,1.399999976158142,26.799999237060547,0.5069444444444444,0.4243827160493827,1.287191390991211
v1397,9.529568672180176,0.800000011920929,22.700000762939453,5.666576385498047,10.899999618530273,1.7999999523162842,16.399999618530273,0.31313131313131315,0.17722681359044995,2.46225905418396
v1398,6.573130130767822,0.800000011920929,19.299999237060547,4.305806636810303,6.800000190734863,1.2000000476837158,11.899999618530273,0.44598337950138506,0.0332409972299169,1.6947369575500488
v1399,6.743499755859375,0.800000011920929,16.799999237060547,4.1837358474731445,5.900000095367432,1.5,12.199999809265137,0.45625,0.005,1.621999979019165
v14,11.453688621520996,0.800000011920929,25.700000762939453,8.010083198547363,9.100000381469727,1.5,22.200000762939453,0.2987582176771366,0.40540540540540543,2.803067922592163
v140,9.533390998840332,0.800000011920929,21.600000381469727,7.123953819274902,6.199999809265137,1.7000000476837158,19.100000381469727,0.4333910034602076,0.3693771626297578,2.0245673656463623
v1400,2.6906509399414062,0.800000011920929,10.600000381469727,1.3177942037582397,2.5,1.2000000476837158,4.300000190734863,0.9362880886426593,0.0,0.9128808379173279
v1401,2.7525312900543213,0.800000011920929,13.399999618530273,1.5932328701019287,2.5,1.2999999523162842,4.199999809265137,0.9335963182117029,0.0,0.9743589758872986
v9,5.346193790435791,0.800000011920929,14.100000381469727,3.184974193572998,4.699999809265137,1.5,9.800000190734863,0.5224913494809689,0.0,1.3083045482635498
v1402,2.826824426651001,0.800000011920929,9.100000381469727,1.1665865182876587,2.799999952316284,1.2999999523162842,4.300000190734863,0.9559500328731098,0.0,0.7155818939208984
v1403,6.704394340515137,0.800000011920929,20.299999237060547,3.40680193901062,6.5,2.200000047683716,11.27000007629395,0.30859375,0.0166015625,2.351367235183716
v1404,2.5429747104644775,0.800000011920929,6.800000190734863,1.274208664894104,2.5,0.8999999761581421,4.0,0.9504132231404959,0.0,0.7586777210235596
v1405,2.386259078979492,0.800000011920929,6.400000095367432,1.0052272081375122,2.299999952316284,1.100000023841858,3.799999952316284,0.9875082182774491,0.0,0.6452333927154541
v1406,5.3001627922058105,0.800000011920929,13.100000381469727,2.8642139434814453,5.0,1.5,9.199999809265137,0.4889795918367347,0.0,1.386285662651062
v1407,3.0272727012634277,0.800000011920929,8.199999809265137,1.6024259328842163,3.200000047683716,0.8999999761581421,4.900000095367432,0.9008264462809917,0.0,0.8347107172012329
v1408,11.656816482543945,0.800000011920929,25.399999618530273,8.346535682678223,9.399999618530273,1.7000000476837158,22.0,0.35796045785639957,0.46409989594172735,2.06368350982666
v1409,8.086226463317871,0.800000011920929,20.299999237060547,5.094931125640869,7.199999809265137,1.7000000476837158,15.199999809265137,0.3810835629017447,0.1111111111111111,2.375941038131714
v141,9.505796432495117,0.800000011920929,23.700000762939453,8.0281400680542,4.800000190734863,1.600000023841858,20.899999618530273,0.5060553633217993,0.38321799307958476,1.688408374786377
v1410,10.452171325683594,0.800000011920929,23.600000381469727,7.029610633850098,9.600000381469727,1.7000000476837158,19.899999618530273,0.33908387864366446,0.3486020226055919,3.243664503097534
v1411,2.0949387550354004,0.800000011920929,5.199999809265137,0.726202666759491,2.0999999046325684,1.2000000476837158,3.0,0.9983673469387755,0.0,0.43706125020980835
v1412,1.7412570714950562,0.800000011920929,5.5,0.6164292097091675,1.7000000476837158,1.0,2.5,0.999054820415879,0.0,0.32920604944229126
v1413,3.3534433841705322,0.800000011920929,11.899999618530273,1.6348785161972046,3.200000047683716,1.2999999523162842,5.300000190734863,0.8723599632690542,0.0,1.1226814985275269
v1414,1.8759452104568481,0.800000011920929,6.5,0.7324395179748535,1.7999999523162842,1.100000023841858,2.700000047683716,0.995274102079395,0.0,0.4033081531524658
v1415,1.560160756111145,0.800000011920929,4.800000190734863,0.5462674498558044,1.5,1.0,2.200000047683716,1.0,0.0,0.2779772877693176
v1416,3.575669288635254,0.800000011920929,15.0,2.1128392219543457,3.200000047683716,1.399999976158142,6.099999904632568,0.8328375966686496,0.0,1.4506841897964478
v1417,1.693572759628296,0.800000011920929,5.099999904632568,0.5742804408073425,1.600000023841858,1.0,2.4000000953674316,0.9995274102079396,0.0,0.29848769307136536
v1418,3.3302950859069824,0.800000011920929,14.199999809265137,1.870418667793274,3.0,1.2000000476837158,5.669999837875394,0.8506944444444444,0.0,1.4145833253860474
v1419,1.9604440927505493,0.800000011920929,7.800000190734863,0.867791473865509,1.7999999523162842,1.100000023841858,2.9000000953674316,0.9844045368620038,0.0,0.4949904978275299
v142,6.033105373382568,0.800000011920929,16.700000762939453,3.287961721420288,6.199999809265137,1.600000023841858,10.070000267028814,0.4013671875,0.005859375,1.6896483898162842
v1420,1.7311910390853882,0.800000011920929,5.099999904632568,0.6058322787284851,1.7000000476837158,1.0,2.5,0.9995274102079396,0.0,0.33931946754455566
v1421,2.552788257598877,0.800000011920929,13.699999809265137,1.7184109687805176,2.0999999046325684,1.100000023841858,4.199999809265137,0.9224952741020794,0.0,1.0178637504577637
v1422,13.015305519104004,0.800000011920929,28.299999237060547,9.552708625793457,10.199999809265137,1.899999976158142,25.700000762939453,0.31584640346133047,0.4142779881016766,3.116387367248535
v1423,11.226326942443848,0.800000011920929,25.5,8.189648628234863,8.600000381469727,1.7999999523162842,21.600000381469727,0.3798126951092612,0.43912591050988553,2.3506762981414795
v1424,3.472318410873413,0.800000011920929,11.399999618530273,1.5652294158935547,3.3499999046325684,1.399999976158142,5.400000095367432,0.8555363321799307,0.0,1.0833910703659058
v1425,3.9655611515045166,0.800000011920929,11.600000381469727,2.0357425212860107,3.9000000953674316,1.2000000476837158,6.400000095367432,0.7079081632653061,0.0,1.2642858028411865
v1426,10.8463716506958,0.800000011920929,24.100000381469727,7.217426776885986,9.100000381469727,2.079999923706056,20.5,0.317722681359045,0.3939393939393939,2.8361799716949463
v1427,2.1251542568206787,0.800000011920929,4.699999809265137,0.7355605959892273,2.0999999046325684,1.100000023841858,3.0999999046325684,1.0,0.0,0.37469133734703064
v1428,1.9193673133850098,0.800000011920929,4.800000190734863,0.6846215724945068,1.899999976158142,1.0,2.799999952316284,1.0,0.0,0.4609568119049072
v1429,5.970050811767578,0.800000011920929,19.600000381469727,3.8572096824645996,5.300000190734863,1.2999999523162842,11.0,0.4777209642074507,0.021183345507669833,2.4739224910736084
v143,2.766299247741699,0.800000011920929,16.100000381469727,2.308835029602051,2.0999999046325684,1.0,5.400000095367432,0.8879706152433425,0.0027548209366391185,1.642056941986084
v1430,2.586122512817383,0.800000011920929,9.5,1.3521937131881714,2.4000000953674316,1.100000023841858,4.300000190734863,0.9306122448979591,0.0,0.9231019616127014
v1431,3.8710203170776367,0.800000011920929,17.399999618530273,2.6843128204345703,3.200000047683716,1.2999999523162842,7.400000095367432,0.7869387755102041,0.004081632653061225,1.9693059921264648
v1432,12.411662101745605,0.800000011920929,29.100000381469727,11.188826560974121,5.699999809265137,1.399999976158142,27.419999694824224,0.4490358126721763,0.39669421487603307,1.6806243658065796
v1433,5.0234479904174805,0.800000011920929,18.799999237060547,3.045109748840332,4.800000190734863,1.3799999713897717,8.5,0.508400292184076,0.01095690284879474,2.0550765991210938
v1434,2.4484429359436035,0.800000011920929,8.0,1.2316217422485352,2.200000047683716,1.100000023841858,4.099999904632568,0.9515570934256056,0.0,0.8352940678596497
v1435,7.911238670349121,0.800000011920929,19.5,4.773338794708252,7.5,1.7999999523162842,14.300000190734863,0.3537981269510926,0.06347554630593132,1.689698338508606
v1436,3.214043140411377,0.800000011920929,13.399999618530273,1.8253412246704102,2.9000000953674316,1.2000000476837158,5.5,0.8680555555555556,0.0,1.2345678806304932
v1437,12.048833847045898,0.800000011920929,25.399999618530273,9.799878120422363,6.400000095367432,1.2999999523162842,23.819999313354497,0.4156378600823045,0.4444444444444444,1.4381343126296997
v1438,11.709256172180176,0.800000011920929,26.700000762939453,9.673812866210938,5.900000095367432,1.550000011920929,25.0,0.43771626297577854,0.39878892733564014,2.5423874855041504
v1439,2.1229968070983887,0.800000011920929,7.5,1.1419727802276611,1.7999999523162842,1.0,3.5999999046325684,0.9604578563995838,0.0,0.8066597580909729
v144,7.607253551483154,0.800000011920929,17.299999237060547,4.331367492675781,8.100000381469727,1.5,12.899999618530273,0.34244946492271106,0.02497027348394768,1.860879898071289
v1440,13.697704315185547,0.800000011920929,29.200000762939453,11.392037391662598,7.099999904632568,1.399999976158142,27.600000381469727,0.38392857142857145,0.4362244897959184,1.6209183931350708
v1441,5.2763671875,0.800000011920929,19.700000762939453,3.962542772293091,4.0,1.2999999523162842,11.199999809265137,0.58203125,0.03515625,2.9058594703674316
v1442,8.230632781982422,0.800000011920929,22.799999237060547,5.42886209487915,7.149999618530273,1.600000023841858,15.25,0.39274691358024694,0.1111111111111111,2.6983025074005127
v1443,3.4421474933624268,0.800000011920929,15.399999618530273,2.018428325653076,3.0999999046325684,1.399999976158142,5.699999809265137,0.8612125639152666,0.0007304601899196494,1.3000730276107788
v1444,9.903546333312988,0.800000011920929,24.700000762939453,7.17751407623291,8.300000190734863,1.399999976158142,19.299999237060547,0.40484429065743943,0.3538062283737024,2.5119378566741943
v1445,14.48546028137207,0.800000011920929,29.799999237060547,11.664694786071777,10.050000190734863,1.2000000476837158,27.899999618530273,0.3788265306122449,0.45918367346938777,1.7479592561721802
v1446,3.06591796875,0.800000011920929,11.0,1.3327897787094116,3.0,1.2999999523162842,4.669999837875371,0.93359375,0.0,0.8033202886581421
v1447,6.6183390617370605,0.800000011920929,22.100000381469727,4.271458148956299,6.099999904632568,1.600000023841858,12.450000286102295,0.36418685121107264,0.056228373702422146,2.889965534210205
v1448,8.99681568145752,0.800000011920929,22.299999237060547,6.286922931671143,7.599999904632568,1.5,17.0,0.40653061224489795,0.283265306122449,2.018775463104248
v1449,4.388954162597656,0.800000011920929,15.399999618530273,2.650951623916626,3.9000000953674316,1.399999976158142,8.100000381469727,0.7100591715976331,0.0019723865877712033,1.8871793746948242
v145,3.874480962753296,0.800000011920929,12.899999618530273,2.025733470916748,3.700000047683716,1.399999976158142,6.599999904632568,0.7603806228373703,0.0,1.4901385307312012
v1450,10.654669761657715,0.800000011920929,24.799999237060547,7.930729389190674,7.900000095367432,1.7000000476837158,22.0,0.3920285544318858,0.37894110648423557,3.3326592445373535
v1451,2.6230766773223877,0.800000011920929,9.899999618530273,1.4117754697799683,2.299999952316284,1.2000000476837158,4.199999809265137,0.9243918474687706,0.0,1.0068374872207642
v1452,1.9506173133850098,0.800000011920929,3.799999952316284,0.8235909938812256,2.0,0.800000011920929,3.0,1.0,0.0,0.34074074029922485
v1453,15.14563274383545,0.800000011920929,29.700000762939453,10.783197402954102,12.600000381469727,1.899999976158142,28.5,0.25142857142857145,0.4473469387755102,2.6866941452026367
v1454,6.091979026794434,0.800000011920929,16.399999618530273,3.372016668319702,6.099999904632568,1.5,10.600000381469727,0.3997370151216305,0.0039447731755424065,2.242340564727783
v1455,1.9191977977752686,0.800000011920929,5.199999809265137,0.7051605582237244,1.7999999523162842,1.0,2.799999952316284,0.9986850756081526,0.0,0.45982906222343445
v1456,2.2689554691314697,0.800000011920929,7.800000190734863,1.062382459640503,2.0999999046325684,1.100000023841858,3.5,0.9663988312636961,0.0,0.6869247555732727
v1457,2.909788131713867,0.800000011920929,10.300000190734863,1.5704885721206665,2.5999999046325684,1.2999999523162842,4.800000190734863,0.9065010956902849,0.0,1.0981738567352295
v1458,3.27437686920166,0.800000011920929,10.699999809265137,1.5683530569076538,3.0999999046325684,1.399999976158142,5.169999837875371,0.8739612188365651,0.0,0.9797784090042114
v1459,14.691736221313477,0.800000011920929,30.399999618530273,12.150297164916992,8.0,1.600000023841858,29.399999618530273,0.36639118457300274,0.4279155188246097,1.7753902673721313
v146,8.788658142089844,0.800000011920929,25.799999237060547,5.9006667137146,9.199999809265137,1.399999976158142,15.899999618530273,0.3673257023933403,0.13943808532778357,3.3296566009521484
v1460,2.2376418113708496,0.800000011920929,9.899999618530273,1.0551940202713013,2.0999999046325684,1.100000023841858,3.5,0.9734991887506761,0.0,0.675824761390686
v1461,3.4298486709594727,0.800000011920929,11.300000190734863,1.6538053750991821,3.299999952316284,1.399999976158142,5.5,0.8560157790927022,0.0,1.150032877922058
v1462,2.6397764682769775,0.800000011920929,6.5,1.085328459739685,2.5999999046325684,1.2000000476837158,4.0,0.9756738987508218,0.0,0.5610782504081726
v1463,3.1973354816436768,0.800000011920929,9.600000381469727,1.5085991621017456,3.0999999046325684,1.2999999523162842,5.199999809265137,0.8707482993197279,0.0,0.8955782651901245
v1464,4.2428669929504395,0.800000011920929,15.300000190734863,2.5885813236236572,3.799999952316284,1.399999976158142,7.699999809265137,0.7310979618671927,0.0013149243918474688,1.913477897644043
v1465,12.292899131774902,0.800000011920929,27.299999237060547,8.472880363464355,9.399999618530273,2.0999999046325684,23.399999618530273,0.2886259040105194,0.4161735700197239,3.0333988666534424
v1466,2.232142925262451,0.800000011920929,18.100000381469727,1.980209231376648,1.899999976158142,1.100000023841858,3.0,0.9756235827664399,0.01020408163265306,0.7570294737815857
v1467,1.9754998683929443,0.800000011920929,4.800000190734863,0.6874771118164062,1.899999976158142,1.100000023841858,2.9000000953674316,1.0,0.0,0.37974998354911804
v1468,2.882312774658203,0.800000011920929,10.5,1.4314589500427246,2.5999999046325684,1.2999999523162842,4.599999904632568,0.9178004535147393,0.0,0.970294713973999
v1469,2.588494300842285,0.800000011920929,11.5,1.5930546522140503,2.200000047683716,1.100000023841858,4.099999904632568,0.9289940828402367,0.0,1.0575937032699585
v147,13.617974281311035,0.800000011920929,28.0,11.246453285217285,5.800000190734863,1.2999999523162842,26.299999237060547,0.4628099173553719,0.4834710743801653,1.289669394493103
v1470,3.016312599182129,0.800000011920929,9.5,1.4374336004257202,2.799999952316284,1.2999999523162842,4.910000085830702,0.9,0.0,0.9168750047683716
v1471,2.357029438018799,0.800000011920929,9.600000381469727,1.2622647285461426,2.0999999046325684,1.100000023841858,3.799999952316284,0.9501133786848073,0.0,0.9113379120826721
v1472,3.239119052886963,0.800000011920929,16.399999618530273,2.2587316036224365,2.700000047683716,1.2000000476837158,5.400000095367432,0.883629191321499,0.0026298487836949377,1.466798186302185
v1473,3.9268245697021484,0.800000011920929,18.200000762939453,2.33219838142395,3.799999952316284,1.399999976158142,6.199999809265137,0.7521367521367521,0.009861932938856016,1.3881655931472778
v1474,3.0839381217956543,0.800000011920929,11.800000190734863,1.63981294631958,2.799999952316284,1.2999999523162842,5.0,0.8982748364069006,0.0,1.1603807210922241
v1475,3.8411357402801514,0.800000011920929,13.5,2.3683853149414062,3.4000000953674316,1.399999976158142,6.900000095367432,0.8060941828254847,0.0,1.7240997552871704
v1476,7.765104293823242,0.800000011920929,20.899999618530273,4.804737091064453,9.149999618530273,1.3499999642372131,13.5,0.3836805555555556,0.03298611111111111,1.480208396911621
v1477,2.7889888286590576,0.800000011920929,12.300000190734863,1.501410961151123,2.5,1.2000000476837158,4.5,0.9314404432132964,0.0,1.034210443496704
v1478,2.3944599628448486,0.800000011920929,6.400000095367432,0.9608094692230225,2.299999952316284,1.2000000476837158,3.6700000047683763,0.9854570637119113,0.0,0.6102492809295654
v1479,2.01422381401062,0.800000011920929,10.5,1.0075421333312988,1.7999999523162842,1.100000023841858,2.9000000953674316,0.9821525148729042,0.0,0.5671173930168152
v148,15.2937593460083,0.800000011920929,28.700000762939453,10.523530006408691,12.5,2.0,27.100000381469727,0.256,0.4624,1.6236801147460938
v1480,4.285812854766846,0.800000011920929,18.700000762939453,2.804323196411133,3.9000000953674316,1.399999976158142,7.099999904632568,0.726643598615917,0.01384083044982699,1.711418628692627
v1481,14.243756294250488,0.800000011920929,30.100000381469727,10.968613624572754,10.100000381469727,1.7999999523162842,28.100000381469727,0.32326530612244897,0.4383673469387755,2.744816303253174
v1482,2.5848641395568848,0.800000011920929,9.800000190734863,1.3624637126922607,2.299999952316284,1.2000000476837158,4.199999809265137,0.9308390022675737,0.0,0.9908163547515869
v1483,2.3091049194335938,0.800000011920929,8.100000381469727,1.10471510887146,2.0999999046325684,1.2000000476837158,3.799999952316284,0.9652777777777778,0.0,0.7194444537162781
v1484,1.8872170448303223,0.800000011920929,4.699999809265137,0.6646595597267151,1.7999999523162842,1.100000023841858,2.700000047683716,1.0,0.0,0.3252008855342865
v1485,3.248891830444336,0.800000011920929,10.0,1.4528099298477173,3.0999999046325684,1.3299999594688428,5.099999904632568,0.8781163434903048,0.0,0.748199462890625
v1486,3.214750051498413,0.800000011920929,10.600000381469727,1.6028046607971191,3.0,1.2999999523162842,5.199999809265137,0.87875,0.0,1.2262500524520874
v1487,2.0174148082733154,0.800000011920929,4.900000095367432,0.737799346446991,1.899999976158142,1.100000023841858,3.0,1.0,0.0,0.33964306116104126
v1488,4.8995842933654785,0.800000011920929,15.699999809265137,2.7357337474823,4.599999904632568,1.5,8.600000381469727,0.5554016620498615,0.0013850415512465374,1.991135835647583
v1489,2.630385398864746,0.800000011920929,10.0,1.2808353900909424,2.4000000953674316,1.2000000476837158,4.099999904632568,0.9512471655328798,0.0,0.7455782294273376
v149,2.059605598449707,0.800000011920929,6.400000095367432,0.905536949634552,1.899999976158142,1.0,3.299999952316284,0.9905040175310446,0.0,0.5495982766151428
v1490,2.2112245559692383,0.800000011920929,6.0,0.8309277296066284,2.0999999046325684,1.2000000476837158,3.299999952316284,0.9943310657596371,0.0,0.5111110806465149
v1491,8.833455085754395,0.800000011920929,21.799999237060547,6.026111125946045,7.900000095367432,1.399999976158142,16.700000762939453,0.3907962016070124,0.21037253469685901,2.83184814453125
v1492,3.5400519371032715,0.800000011920929,14.5,2.119561195373535,3.0999999046325684,1.399999976158142,6.1499998569488525,0.8373702422145328,0.0,1.5486159324645996
v1493,7.3056793212890625,0.800000011920929,24.0,4.511984348297119,6.5,2.200000047683716,13.919999694824224,0.3320713899405084,0.07571660356949703,3.3758788108825684
v1494,7.761634826660156,0.800000011920929,20.5,4.519907474517822,7.800000190734863,1.899999976158142,13.699999809265137,0.3621883656509695,0.039473684210526314,2.2024929523468018
v1495,4.541091442108154,0.800000011920929,21.100000381469727,3.43172550201416,3.700000047683716,1.399999976158142,9.199999809265137,0.7074293228139382,0.0210387902695595,2.29901385307312
v1496,12.55532455444336,0.800000011920929,28.899999618530273,10.608589172363281,6.800000190734863,1.600000023841858,26.600000381469727,0.4035493827160494,0.3773148148148148,2.0273146629333496
v1497,12.343857765197754,0.800000011920929,26.399999618530273,8.662690162658691,10.0,1.7999999523162842,23.700000762939453,0.30103806228373703,0.41695501730103807,2.9230103492736816
v1498,11.01288890838623,0.800000011920929,25.399999618530273,9.708925247192383,4.800000190734863,1.399999976158142,23.600000381469727,0.51,0.42,1.5817779302597046
v1499,10.859313011169434,0.800000011920929,24.899999618530273,8.374040603637695,6.699999809265137,1.7000000476837158,21.799999237060547,0.41519250780437045,0.4120707596253902,1.6819978952407837
v15,7.454325199127197,0.800000011920929,24.899999618530273,4.77534294128418,7.0,1.600000023841858,13.650000095367432,0.305363321799308,0.07612456747404844,3.1304497718811035
v150,2.0484445095062256,0.800000011920929,6.099999904632568,0.7798488140106201,2.0,1.100000023841858,3.0999999046325684,0.9977777777777778,0.0,0.429333359003067
v1500,7.983789443969727,0.800000011920929,19.299999237060547,4.95011568069458,9.100000381469727,1.399999976158142,14.100000381469727,0.3662109375,0.064453125,2.280468702316284
v1501,7.1994805335998535,0.800000011920929,19.799999237060547,4.443078994750977,8.100000381469727,1.2999999523162842,12.600000381469727,0.38321799307958476,0.02249134948096886,2.2899653911590576
v1502,1.7778546810150146,0.800000011920929,8.699999809265137,1.188618540763855,1.399999976158142,0.8999999761581421,2.799999952316284,0.9619377162629758,0.0,0.7588235139846802
v1503,14.465110778808594,0.800000011920929,29.299999237060547,10.606374740600586,11.600000381469727,1.7000000476837158,27.200000762939453,0.29555555555555557,0.44333333333333336,2.5155556201934814
v1504,2.5866849422454834,0.800000011920929,10.100000381469727,1.5678991079330444,2.200000047683716,1.100000023841858,4.599999904632568,0.9136822773186409,0.0,1.063544511795044
v1505,4.331747531890869,0.800000011920929,13.600000381469727,2.262176752090454,4.199999809265137,1.399999976158142,7.199999809265137,0.6410034602076125,0.0,1.483564019203186
v1506,2.8938889503479004,0.800000011920929,12.899999618530273,1.459229826927185,2.700000047683716,1.2999999523162842,4.400000095367432,0.9388888888888889,0.0,0.9722222089767456
v1507,3.057333469390869,0.800000011920929,8.600000381469727,1.3909395933151245,2.9000000953674316,1.399999976158142,4.810000181198123,0.9044444444444445,0.0,1.0199999809265137
v1508,13.256250381469727,0.800000011920929,26.700000762939453,9.493616104125977,10.399999618530273,1.7999999523162842,24.700000762939453,0.30994897959183676,0.4642857142857143,2.6099491119384766
v1509,5.758688926696777,0.800000011920929,20.600000381469727,3.309072256088257,5.300000190734863,1.899999976158142,9.800000190734863,0.449531737773153,0.019771071800208116,2.4988553524017334
v151,3.8008322715759277,0.800000011920929,15.399999618530273,2.528964042663574,3.299999952316284,1.100000023841858,7.599999904632568,0.7740784780023782,0.0011890606420927466,1.8932223320007324
v1510,3.89738392829895,0.800000011920929,15.5,2.557145595550537,3.200000047683716,1.2999999523162842,7.5,0.7384066587395958,0.0011890606420927466,1.965517282485962
v1511,9.959396362304688,0.800000011920929,21.0,7.05522346496582,7.599999904632568,1.600000023841858,19.299999237060547,0.3731138545953361,0.37448559670781895,1.7333334684371948
v1512,8.553631782531738,0.800000011920929,23.899999618530273,5.343192100524902,9.199999809265137,1.5,15.0,0.36244897959183675,0.09551020408163265,2.944326639175415
v1513,2.16552734375,0.800000011920929,11.899999618530273,1.508366346359253,1.7999999523162842,1.0,3.799999952316284,0.943359375,0.0,1.004492163658142
v1514,3.054555654525757,0.800000011920929,9.800000190734863,1.6168184280395508,2.700000047683716,1.2000000476837158,5.300000190734863,0.8633333333333333,0.0,1.265555500984192
v1515,6.566705703735352,0.800000011920929,18.399999618530273,4.068496227264404,6.5,1.5,11.5,0.4577883472057075,0.009512485136741973,1.4677765369415283
v1516,4.311833381652832,0.800000011920929,15.300000190734863,2.51774263381958,4.0,1.399999976158142,7.400000095367432,0.6924762600438276,0.0007304601899196494,1.6603360176086426
v1517,2.5834977626800537,0.800000011920929,10.199999809265137,1.3379789590835571,2.299999952316284,1.2000000476837158,4.099999904632568,0.9421433267587114,0.0,0.9374096393585205
v1518,4.181055068969727,0.800000011920929,19.200000762939453,3.3877410888671875,3.0999999046325684,1.2000000476837158,9.0,0.7412109375,0.0185546875,2.477734327316284
v1519,12.201234817504883,0.800000011920929,26.100000381469727,8.461385726928711,10.899999618530273,1.5,22.299999237060547,0.3196159122085048,0.45816186556927296,2.405212640762329
v152,2.4575412273406982,0.800000011920929,10.699999809265137,1.3721383810043335,2.0999999046325684,1.100000023841858,4.300000190734863,0.934400826446281,0.0,0.9927685856819153
v1520,10.42385196685791,0.800000011920929,25.600000381469727,7.1365742683410645,9.350000381469727,1.5,19.200000762939453,0.35714285714285715,0.38903061224489793,2.423724412918091
v1521,3.4990203380584717,0.800000011920929,12.0,1.826042652130127,3.0999999046325684,1.5,5.960000038146986,0.8424489795918367,0.0,1.3056325912475586
v1522,4.132326126098633,0.800000011920929,13.100000381469727,2.201042413711548,3.700000047683716,1.7000000476837158,7.199999809265137,0.7412244897959184,0.0,1.59526526927948
v1523,3.5585601329803467,0.800000011920929,21.5,3.3681986331939697,2.5,1.2000000476837158,7.400000095367432,0.8496,0.0192,2.0432000160217285
v1524,4.214122295379639,0.800000011920929,14.0,2.341809034347534,3.700000047683716,1.6400000333786016,7.659999847412123,0.7240816326530612,0.0,1.8212244510650635
v1525,3.2469136714935303,0.800000011920929,14.199999809265137,2.2090909481048584,2.5999999046325684,1.2000000476837158,6.0,0.8472222222222222,0.0,1.6339507102966309
v1526,3.8899199962615967,0.800000011920929,20.799999237060547,3.2130746841430664,2.9000000953674316,1.2999999523162842,7.92000007629395,0.8192,0.0176,1.9980798959732056
v1527,3.1152777671813965,0.800000011920929,14.800000190734863,2.614474296569824,2.200000047683716,1.100000023841858,6.549999952316284,0.8595679012345679,0.0,1.7759259939193726
v1528,2.932870388031006,0.800000011920929,12.0,1.8868370056152344,2.3499999046325684,1.100000023841858,5.5,0.8726851851851852,0.0,1.4623456001281738
v1529,4.277632236480713,0.800000011920929,15.399999618530273,2.398841142654419,3.799999952316284,1.600000023841858,7.400000095367432,0.7257142857142858,0.0008163265306122449,1.78922438621521
v153,3.241326332092285,0.800000011920929,26.799999237060547,3.4033992290496826,2.200000047683716,1.100000023841858,6.77000007629395,0.8463718820861678,0.02040816326530612,1.872902512550354
v1530,3.0498454570770264,0.800000011920929,12.399999618530273,1.9828702211380005,2.4000000953674316,1.2000000476837158,6.0,0.8425925925925926,0.0,1.612037181854248
v1531,3.0780863761901855,0.800000011920929,15.100000381469727,2.54390549659729,2.200000047683716,1.2000000476837158,6.300000190734863,0.8619430241051863,0.0007304601899196494,1.7228634357452393
v1532,14.221799850463867,0.800000011920929,30.700000762939453,11.488659858703613,8.649999618530273,1.7999999523162842,28.899999618530273,0.3460207612456747,0.39965397923875434,2.1262974739074707
v1533,4.363648891448975,0.800000011920929,15.600000381469727,2.4454505443573,4.099999904632568,1.2999999523162842,7.599999904632568,0.6598079561042524,0.0027434842249657062,1.7193416357040405
v1534,12.369247436523438,0.800000011920929,29.5,10.41841983795166,6.5,1.2999999523162842,27.5,0.38495252008765524,0.3754565376186998,3.0970048904418945
v1535,2.3201522827148438,0.800000011920929,9.199999809265137,1.256309151649475,2.0,1.100000023841858,3.9000000953674316,0.9515235457063712,0.0,0.8547092080116272
v1536,2.056094169616699,0.800000011920929,7.0,0.9558090567588806,1.899999976158142,1.100000023841858,3.0999999046325684,0.9771468144044322,0.0,0.5686980485916138
v1537,2.9114255905151367,0.800000011920929,15.600000381469727,2.5086405277252197,2.0999999046325684,1.100000023841858,4.800000190734863,0.9033203125,0.001953125,1.5544922351837158
v1538,12.822555541992188,0.800000011920929,27.399999618530273,9.968855857849121,9.350000381469727,1.399999976158142,25.200000762939453,0.35888888888888887,0.4311111111111111,2.270444393157959
v1539,15.746173858642578,0.800000011920929,29.399999618530273,10.620168685913086,15.149999618530273,2.299999952316284,27.76999969482422,0.2627551020408163,0.5012755102040817,2.06632661819458
v154,6.868359565734863,0.800000011920929,19.799999237060547,4.861521244049072,4.900000095367432,1.4299999833107007,13.600000381469727,0.505859375,0.0458984375,1.4343749284744263
v1540,3.678236961364746,0.800000011920929,11.800000190734863,1.9884315729141235,3.200000047683716,1.399999976158142,6.599999904632568,0.7768595041322314,0.0,1.524334192276001
v1541,9.552422523498535,0.800000011920929,23.299999237060547,5.228468418121338,10.350000381469727,2.200000047683716,15.869999790191654,0.27040816326530615,0.14540816326530612,2.8829081058502197
v1542,14.416698455810547,0.800000011920929,29.399999618530273,10.991195678710938,10.149999618530273,1.899999976158142,27.700000762939453,0.306640625,0.427734375,2.1791014671325684
v1543,12.462198257446289,0.800000011920929,26.299999237060547,8.31458854675293,11.25,2.0999999046325684,22.899999618530273,0.28546712802768165,0.4342560553633218,3.229238748550415
v1544,16.08016014099121,0.800000011920929,30.100000381469727,11.667608261108398,14.0,1.7000000476837158,28.899999618530273,0.264,0.4896,2.1456000804901123
v1545,4.230083465576172,0.800000011920929,16.899999618530273,2.715216636657715,3.5999999046325684,1.399999976158142,7.900000095367432,0.7122473246135553,0.0011890606420927466,2.0972652435302734
v1546,2.4172840118408203,0.800000011920929,6.599999904632568,1.3045779466629028,2.200000047683716,0.800000011920929,4.300000190734863,0.9382716049382716,0.0,0.8246914148330688
v1547,4.356381893157959,0.800000011920929,21.399999618530273,3.5727744102478027,3.200000047683716,1.2000000476837158,9.100000381469727,0.7171717171717171,0.02295684113865932,2.461524486541748
v1548,9.843622207641602,0.800000011920929,25.799999237060547,6.755606651306152,9.800000190734863,1.2999999523162842,17.899999618530273,0.36989795918367346,0.3201530612244898,2.4678571224212646
v1549,2.1480798721313477,0.800000011920929,9.199999809265137,1.1234352588653564,1.899999976158142,1.100000023841858,3.5,0.9675500270416442,0.0,0.7524067163467407
v155,3.6371967792510986,0.800000011920929,9.300000190734863,1.699608325958252,3.700000047683716,1.399999976158142,5.900000095367432,0.7854671280276817,0.0,0.7605536580085754
v1550,13.093222618103027,0.800000011920929,28.899999618530273,10.61988639831543,7.599999904632568,1.4899999976158147,25.909999656677247,0.4211111111111111,0.4444444444444444,2.037111282348633
v1551,5.632439136505127,0.800000011920929,22.700000762939453,3.803551435470581,5.0,1.2999999523162842,10.600000381469727,0.49653979238754326,0.031141868512110725,2.1794116497039795
v1552,1.7595041990280151,0.800000011920929,4.300000190734863,0.6474106907844543,1.7000000476837158,0.8999999761581421,2.5999999046325684,1.0,0.0,0.3854912519454956
v1553,2.1530864238739014,0.800000011920929,4.5,0.9621331691741943,2.0999999046325684,0.800000011920929,3.5999999046325684,1.0,0.0,0.4938271641731262
v1554,2.269685983657837,0.800000011920929,7.199999809265137,0.903484046459198,2.200000047683716,1.100000023841858,3.4000000953674316,0.985390796201607,0.0,0.5981007814407349
v1555,3.7836291790008545,0.800000011920929,17.200000762939453,2.5885121822357178,3.0999999046325684,1.5,7.199999809265137,0.8211702827087443,0.005917159763313609,1.854963779449463
v1556,1.9898148775100708,0.800000011920929,6.900000095367432,0.8124444484710693,1.899999976158142,1.100000023841858,2.950000047683716,0.9899691358024691,0.0,0.424691379070282
v1557,2.065432071685791,0.800000011920929,4.699999809265137,0.9604731798171997,2.0,0.800000011920929,3.5,1.0,0.0,0.43703702092170715
v1558,5.26771354675293,0.800000011920929,17.200000762939453,3.006699800491333,5.199999809265137,1.5,8.899999618530273,0.4747991234477721,0.006574141709276844,1.7988313436508179
v1559,3.0990233421325684,0.800000011920929,11.600000381469727,1.768700122833252,2.799999952316284,1.100000023841858,5.400000095367432,0.8642578125,0.0,1.263281226158142
v156,4.923537254333496,0.800000011920929,15.899999618530273,3.0076537132263184,4.300000190734863,1.5,9.399999618530273,0.5956607495069034,0.0019723865877712033,2.2470743656158447
v1560,12.923338890075684,0.800000011920929,30.700000762939453,10.800113677978516,7.300000190734863,1.600000023841858,28.0,0.3691135734072022,0.3781163434903047,2.9278392791748047
v1561,11.55651569366455,0.800000011920929,25.299999237060547,7.769151210784912,10.699999809265137,1.7000000476837158,21.0,0.3017832647462277,0.4375857338820302,2.315774917602539
v1562,2.9803264141082764,0.800000011920929,10.199999809265137,1.6138978004455566,2.700000047683716,1.2999999523162842,5.199999809265137,0.8873469387755102,0.0,1.160326600074768
v1563,7.251239776611328,0.800000011920929,18.899999618530273,4.943846702575684,5.400000095367432,1.5,14.199999809265137,0.472910927456382,0.0642791551882461,2.2549126148223877
v1564,2.0629630088806152,0.800000011920929,4.800000190734863,0.9722627997398376,2.0,0.800000011920929,3.5,1.0,0.0,0.49629631638526917
v1565,4.335664749145508,0.800000011920929,17.299999237060547,3.3079328536987305,3.299999952316284,1.2999999523162842,9.5,0.7153739612188366,0.012465373961218837,2.51288104057312
v1566,2.002469062805176,0.800000011920929,4.800000190734863,0.9270923137664795,1.899999976158142,0.800000011920929,3.299999952316284,1.0,0.0,0.4938271641731262
v1567,13.781301498413086,0.800000011920929,30.600000381469727,11.011116027832031,8.600000381469727,1.899999976158142,28.899999618530273,0.3054016620498615,0.37742382271468145,2.472853183746338
v1568,8.853515625,0.800000011920929,22.700000762939453,7.1746673583984375,4.900000095367432,1.5,18.76999969482422,0.5029296875,0.3388671875,1.791015625
v1569,2.3259260654449463,0.800000011920929,5.599999904632568,1.1605424880981445,2.299999952316284,0.800000011920929,3.9000000953674316,0.9876543209876543,0.0,0.6123456954956055
v157,13.4408597946167,0.800000011920929,29.700000762939453,9.812580108642578,9.699999809265137,2.1299999475479137,26.899999618530273,0.27770083102493076,0.4009695290858726,3.469252109527588
v1570,1.7447198629379272,0.800000011920929,3.9000000953674316,0.5623087286949158,1.7000000476837158,1.0,2.5,1.0,0.0,0.28723597526550293
v1571,7.853908061981201,0.800000011920929,21.299999237060547,5.196474552154541,6.699999809265137,1.7000000476837158,15.100000381469727,0.40905770635500366,0.10226442658875091,2.811102867126465
v1572,15.717377662658691,0.800000011920929,30.899999618530273,11.669747352600098,11.0,1.899999976158142,30.100000381469727,0.2372528616024974,0.4287200832466181,1.9429759979248047
v1573,3.3074846267700195,0.800000011920929,9.5,1.4981050491333008,3.4000000953674316,1.2000000476837158,5.199999809265137,0.8641975308641975,0.0,0.5912036895751953
v1574,3.4173874855041504,0.800000011920929,18.200000762939453,2.5291249752044678,2.700000047683716,1.2999999523162842,6.260000038146987,0.8391836734693877,0.006530612244897959,1.6801633834838867
v1575,6.085554122924805,0.800000011920929,16.899999618530273,3.3080179691314697,5.699999809265137,1.899999976158142,10.699999809265137,0.3953287197231834,0.012110726643598616,2.4870243072509766
v1576,3.1050755977630615,0.800000011920929,10.699999809265137,1.7157269716262817,2.799999952316284,1.2000000476837158,5.199999809265137,0.8902606310013718,0.0,1.1270233392715454
v1577,1.9666666984558105,0.800000011920929,4.5,0.8886110782623291,2.0,0.800000011920929,3.200000047683716,1.0,0.0,0.46172842383384705
v1578,1.8712929487228394,0.800000011920929,4.300000190734863,0.6495161652565002,1.7999999523162842,1.100000023841858,2.799999952316284,1.0,0.0,0.37516433000564575
v1579,2.4424514770507812,0.800000011920929,8.5,1.1495897769927979,2.200000047683716,1.2000000476837158,3.870000052452092,0.9632963988919667,0.0,0.7691135406494141
v158,8.906228065490723,0.800000011920929,20.600000381469727,5.7154083251953125,8.449999809265137,1.6500000357627869,16.600000381469727,0.34515570934256057,0.19550173010380623,2.91695499420166
v1580,1.9913580417633057,0.800000011920929,4.599999904632568,0.9247218370437622,1.899999976158142,0.800000011920929,3.200000047683716,1.0,0.0,0.5061728358268738
v1581,2.3220677375793457,0.800000011920929,9.399999618530273,1.363458514213562,2.0,1.100000023841858,4.0,0.9467592592592593,0.0,0.934259295463562
v1582,10.022923469543457,0.800000011920929,26.899999618530273,8.61758041381836,4.800000190734863,1.5,22.299999237060547,0.5086505190311419,0.3788927335640138,2.191868543624878
v1583,2.9388890266418457,0.800000011920929,8.800000190734863,1.3460676670074463,2.799999952316284,1.2000000476837158,4.699999809265137,0.9189814814814815,0.0,0.9077160954475403
v1584,13.467307090759277,0.800000011920929,27.600000381469727,9.880054473876953,11.300000190734863,1.5,25.0,0.3254437869822485,0.4630177514792899,1.9943788051605225
v1585,11.183838844299316,0.800000011920929,27.399999618530273,9.498847007751465,5.5,1.399999976158142,24.120000457763677,0.4719926538108356,0.39669421487603307,2.182185411453247
v1586,3.920999765396118,0.800000011920929,10.899999618530273,2.177351236343384,3.799999952316284,1.2000000476837158,6.810000181198123,0.695,0.0,1.1410000324249268
v1587,2.9791524410247803,0.800000011920929,9.199999809265137,1.6437486410140991,2.5999999046325684,1.100000023841858,5.5,0.8693771626297578,0.0,1.2112456560134888
v1588,2.8041419982910156,0.800000011920929,17.600000381469727,2.836678981781006,1.899999976158142,1.100000023841858,4.900000095367432,0.9000657462195923,0.015779092702169626,1.6806049346923828
v1589,2.598612070083618,0.800000011920929,11.300000190734863,1.64461350440979,2.200000047683716,1.100000023841858,4.599999904632568,0.914536157779401,0.0,1.1300219297409058
v159,13.644628524780273,0.800000011920929,28.899999618530273,9.756719589233398,10.199999809265137,2.0,26.0,0.2846648301193756,0.43067033976124885,2.7592287063598633
v1590,5.255620956420898,0.800000011920929,14.300000190734863,2.6566991806030273,5.199999809265137,1.7000000476837158,8.800000190734863,0.4621959237343853,0.0,1.6907298564910889
v1591,5.276026248931885,0.800000011920929,17.5,2.7107036113739014,5.300000190734863,1.7000000476837158,8.699999809265137,0.45865556216537773,0.001784651992861392,1.6661511659622192
v1592,14.0234375,0.800000011920929,29.0,11.061055183410645,16.799999237060547,1.100000023841858,26.5,0.40625,0.5078125,1.8328125476837158
v1593,12.76704216003418,0.800000011920929,26.899999618530273,9.546781539916992,8.300000190734863,1.7999999523162842,25.200000762939453,0.30017301038062283,0.40570934256055363,2.5382354259490967
v1594,3.8284623622894287,0.800000011920929,21.100000381469727,3.6325435638427734,2.4000000953674316,1.2000000476837158,8.600000381469727,0.7984764542936288,0.028393351800554016,2.706786632537842
v1595,12.288429260253906,0.800000011920929,27.600000381469727,8.543075561523438,10.199999809265137,1.899999976158142,23.5,0.2837465564738292,0.4288337924701561,2.736271619796753
v1596,2.065972328186035,0.800000011920929,6.699999809265137,0.9326921701431274,1.899999976158142,1.100000023841858,3.0999999046325684,0.9768518518518519,0.0,0.5371913313865662
v1597,1.9901233911514282,0.800000011920929,4.400000095367432,0.9137637615203857,2.0,0.800000011920929,3.299999952316284,1.0,0.0,0.4839506149291992
v1598,8.962884902954102,0.800000011920929,22.700000762939453,6.425782680511475,7.0,1.7000000476837158,18.100000381469727,0.43209876543209874,0.2523148148148148,2.581327199935913
v1599,3.52368426322937,0.800000011920929,12.699999809265137,1.8131159543991089,3.200000047683716,1.2999999523162842,5.900000095367432,0.8296398891966759,0.0,1.4742382764816284
v16,3.7077503204345703,0.800000011920929,13.800000190734863,2.1906683444976807,3.299999952316284,1.5,6.300000190734863,0.8175,0.0,1.3797500133514404
v160,13.718358993530273,0.800000011920929,26.700000762939453,10.314992904663086,9.399999618530273,1.5,25.799999237060547,0.3671875,0.46875,1.403906226158142
v1600,1.6013672351837158,0.800000011920929,4.199999809265137,0.5472570657730103,1.5,0.8999999761581421,2.299999952316284,1.0,0.0,0.23203124105930328
v1601,1.855555534362793,0.800000011920929,4.099999904632568,0.8125558495521545,1.899999976158142,0.800000011920929,3.0,1.0,0.0,0.43209877610206604
v1602,1.9610801935195923,0.800000011920929,4.599999904632568,0.7094107866287231,1.899999976158142,1.100000023841858,2.9000000953674316,1.0,0.0,0.4393351972103119
v1603,6.314274311065674,0.800000011920929,16.5,3.419771194458008,6.300000190734863,1.7000000476837158,10.949999809265137,0.3904320987654321,0.0007716049382716049,1.543055534362793
v1604,11.297922134399414,0.800000011920929,27.200000762939453,8.958230018615723,6.900000095367432,1.7000000476837158,23.700000762939453,0.4009695290858726,0.36426592797783935,2.496953010559082
v1605,14.722268104553223,0.800000011920929,30.600000381469727,11.80030632019043,9.100000381469727,1.7000000476837158,29.700000762939453,0.3298647242455775,0.4172736732570239,2.4584808349609375
v1606,2.815720319747925,0.800000011920929,9.899999618530273,1.4845354557037354,2.5,1.2999999523162842,4.800000190734863,0.9106648199445984,0.0,1.017867088317871
v1607,5.791126251220703,0.800000011920929,17.100000381469727,3.5725860595703125,4.900000095367432,1.5,10.5,0.5092592592592593,0.006944444444444444,1.541512370109558
v1608,5.7380571365356445,0.800000011920929,18.100000381469727,3.334169864654541,5.400000095367432,1.600000023841858,9.800000190734863,0.4813732651570489,0.005843681519357195,1.858290672302246
v1609,8.951610565185547,0.800000011920929,22.799999237060547,5.985027313232422,8.0,1.600000023841858,17.200000762939453,0.38330046022353714,0.22813938198553582,3.2386586666107178
v161,12.371326446533203,0.800000011920929,29.299999237060547,9.533428192138672,8.199999809265137,1.7999999523162842,26.100000381469727,0.3277810826888757,0.38310529446757885,3.2754313945770264
v1610,5.914792537689209,0.800000011920929,17.299999237060547,3.4237210750579834,5.800000190734863,1.600000023841858,10.600000381469727,0.4126297577854671,0.006920415224913495,2.1735293865203857
v1611,13.713778495788574,0.800000011920929,29.600000381469727,10.34338665008545,10.100000381469727,1.600000023841858,26.5,0.3277777777777778,0.45555555555555555,2.926666736602783
v1612,8.201562881469727,0.800000011920929,22.100000381469727,5.159703254699707,8.100000381469727,1.7000000476837158,14.800000190734863,0.373046875,0.0869140625,2.2132811546325684
v1613,13.871256828308105,0.800000011920929,30.299999237060547,11.385238647460938,7.5,1.7999999523162842,28.700000762939453,0.3370064279155188,0.39944903581267216,2.1190083026885986
v1614,2.2074074745178223,0.800000011920929,9.800000190734863,1.2087544202804565,2.0,1.100000023841858,3.299999952316284,0.9606481481481481,0.0,0.5811728239059448
v1615,2.0370371341705322,0.800000011920929,4.5,0.9319360852241516,2.0,0.800000011920929,3.4000000953674316,1.0,0.0,0.4691357910633087
v1616,5.943425178527832,0.800000011920929,16.299999237060547,3.092850923538208,5.300000190734863,2.0,10.300000190734863,0.421280276816609,0.004325259515570935,2.410034656524658
v1617,4.30826473236084,0.800000011920929,19.899999618530273,3.3469040393829346,3.299999952316284,1.399999976158142,8.120000267028813,0.7281910009182736,0.023875114784205693,2.2279157638549805
v1618,7.593297004699707,0.800000011920929,20.200000762939453,5.287487030029297,5.599999904632568,1.600000023841858,14.800000190734863,0.4692378328741965,0.09366391184573003,2.0067951679229736
v1619,14.636080741882324,0.800000011920929,30.0,10.431962966918945,12.399999618530273,2.0,28.299999237060547,0.26038781163434904,0.4487534626038781,3.041689872741699
v162,3.470285415649414,0.800000011920929,14.100000381469727,2.0462405681610107,3.0999999046325684,1.399999976158142,6.0,0.8514285714285714,0.0,1.2824490070343018
v1620,3.1865875720977783,0.800000011920929,8.699999809265137,1.4670087099075317,3.0,1.2999999523162842,5.199999809265137,0.8744247205785667,0.0,1.149243950843811
v1621,1.6633309125900269,0.800000011920929,3.799999952316284,0.5555873513221741,1.600000023841858,1.0,2.4000000953674316,1.0,0.0,0.2604820728302002
v1622,2.6466050148010254,0.800000011920929,10.899999618530273,1.4652310609817505,2.299999952316284,1.2000000476837158,4.300000190734863,0.9305555555555556,0.0,0.8117284178733826
v1623,2.6392319202423096,0.800000011920929,7.900000095367432,1.2624893188476562,2.4000000953674316,1.100000023841858,4.199999809265137,0.9355281207133059,0.0,0.8433471322059631
v1624,6.2128167152404785,0.800000011920929,16.799999237060547,3.6696224212646484,6.400000095367432,1.399999976158142,11.199999809265137,0.42775510204081635,0.00816326530612245,2.0801632404327393
v1625,5.131444454193115,0.800000011920929,16.600000381469727,2.8584492206573486,4.900000095367432,1.600000023841858,8.709999847412112,0.5022222222222222,0.005555555555555556,1.8464444875717163
v1626,13.28433609008789,0.800000011920929,30.100000381469727,10.88499927520752,7.5,1.899999976158142,28.299999237060547,0.3472222222222222,0.38657407407407407,2.5544753074645996
v1627,2.0691745281219482,0.800000011920929,5.300000190734863,0.7764706015586853,2.0,1.1800000429153454,3.0999999046325684,0.9963476990504018,0.0,0.4460189640522003
v1628,6.111812591552734,0.800000011920929,20.299999237060547,3.6440677642822266,5.199999809265137,1.899999976158142,11.399999618530273,0.448125,0.0275,2.7768750190734863
v1629,1.736157774925232,0.800000011920929,5.699999809265137,0.6844618916511536,1.600000023841858,1.0,2.6199999332428026,0.9985390796201608,0.0,0.41869980096817017
v163,5.76318359375,0.800000011920929,17.899999618530273,3.055851459503174,5.699999809265137,1.7999999523162842,9.600000381469727,0.4048979591836735,0.007346938775510204,2.1206531524658203
v1630,4.83408260345459,0.800000011920929,17.399999618530273,2.8698041439056396,4.5,1.2999999523162842,8.399999618530273,0.5570934256055363,0.006055363321799308,2.1384084224700928
v1631,10.815444946289062,0.800000011920929,25.0,6.74837064743042,12.199999809265137,1.7000000476837158,19.200000762939453,0.31444444444444447,0.3411111111111111,2.3811111450195312
v1632,13.567347526550293,0.800000011920929,30.700000762939453,11.83480453491211,7.099999904632568,1.7000000476837158,29.799999237060547,0.3981008035062089,0.3710737764791819,1.9834915399551392
v1633,2.154635190963745,0.800000011920929,22.100000381469727,2.289829730987549,1.7000000476837158,1.100000023841858,2.9000000953674316,0.9743589743589743,0.011834319526627219,0.829191267490387
v1634,4.320292949676514,0.800000011920929,14.699999809265137,2.5394139289855957,3.700000047683716,1.6500000357627869,8.050000190734863,0.7229938271604939,0.0,1.5791667699813843
v1635,2.3373701572418213,0.800000011920929,5.400000095367432,0.9029678106307983,2.299999952316284,1.100000023841858,3.5999999046325684,0.9974048442906575,0.0,0.48200687766075134
v1636,11.486034393310547,0.800000011920929,27.799999237060547,9.77485466003418,6.099999904632568,1.7000000476837158,25.100000381469727,0.42592592592592593,0.3757716049382716,2.0853395462036133
v1637,10.02855110168457,0.800000011920929,25.0,6.089240074157715,11.649999618530273,1.6500000357627869,16.899999618530273,0.29289940828402367,0.21153846153846154,2.9062130451202393
v1638,8.843067169189453,0.800000011920929,24.299999237060547,4.8158416748046875,9.300000190734863,2.200000047683716,14.77000007629395,0.2529296875,0.08984375,2.937304735183716
v1639,10.762654304504395,0.800000011920929,24.799999237060547,8.442018508911133,6.300000190734863,1.5,22.200000762939453,0.4097222222222222,0.3896604938271605,2.522531032562256
v164,6.1528849601745605,0.800000011920929,20.399999618530273,4.0634765625,4.800000190734863,1.7000000476837158,11.5,0.5080309339678762,0.032123735871505056,2.081618309020996
v1640,8.71008014678955,0.800000011920929,22.600000381469727,5.856445789337158,7.400000095367432,1.7999999523162842,17.100000381469727,0.38276113951789625,0.19941563184806427,2.9401023387908936
v1641,2.6915555000305176,0.800000011920929,8.100000381469727,1.2092586755752563,2.5,1.2000000476837158,4.300000190734863,0.9511111111111111,0.0,0.8924445509910583
v1642,13.058402061462402,0.800000011920929,27.600000381469727,9.333669662475586,10.399999618530273,2.0,25.299999237060547,0.3186409550045914,0.44077134986225897,3.0622589588165283
v1643,7.017382621765137,0.800000011920929,19.5,4.024693012237549,6.800000190734863,1.7999999523162842,12.399999618530273,0.3815789473684211,0.018005540166204988,2.3214683532714844
v1644,1.7185184955596924,0.800000011920929,3.4000000953674316,0.7055531144142151,1.7000000476837158,0.800000011920929,2.700000047683716,1.0,0.0,0.29629629850387573
v1645,12.712695121765137,0.800000011920929,27.700000762939453,9.594297409057617,9.300000190734863,1.7999999523162842,25.299999237060547,0.34755463059313213,0.42039542143600417,2.7594170570373535
v1646,6.328490257263184,0.800000011920929,20.200000762939453,3.986271858215332,5.800000190734863,1.5400000095367437,11.699999809265137,0.4710204081632653,0.014693877551020407,1.7815508842468262
v1647,1.9296296834945679,0.800000011920929,4.5,0.8818393349647522,1.899999976158142,0.800000011920929,3.299999952316284,1.0,0.0,0.5061728358268738
v1648,1.8160494565963745,0.800000011920929,3.799999952316284,0.7795941829681396,1.7999999523162842,0.800000011920929,3.0,1.0,0.0,0.39753082394599915
v1649,1.7991689443588257,0.800000011920929,6.300000190734863,0.7544140219688416,1.600000023841858,1.0,2.799999952316284,0.997229916897507,0.0,0.44709140062332153
v165,4.108815670013428,0.800000011920929,16.0,2.4568099975585938,3.4000000953674316,1.600000023841858,7.599999904632568,0.7214710654407788,0.0016224986479177934,2.13153076171875
v1650,8.829447746276855,0.800000011920929,19.899999618530273,5.247725486755371,9.0,1.7999999523162842,15.699999809265137,0.331945889698231,0.1425598335067638,2.4934442043304443
v1651,2.009277105331421,0.800000011920929,5.199999809265137,0.7638146877288818,1.899999976158142,1.100000023841858,3.0,0.9985390796201608,0.0,0.45303136110305786
v1652,14.87955093383789,0.800000011920929,30.799999237060547,11.23978328704834,10.949999809265137,1.7999999523162842,29.399999618530273,0.25925925925925924,0.41975308641975306,2.6294755935668945
v1653,3.261932849884033,0.800000011920929,19.600000381469727,3.1928696632385254,2.200000047683716,1.100000023841858,6.400000095367432,0.8665351742274819,0.017094017094017096,1.9971072673797607
v1654,16.069555282592773,0.800000011920929,30.200000762939453,10.786192893981934,15.0,2.0,28.700000762939453,0.22777777777777777,0.4988888888888889,2.079111099243164
v1655,2.324305295944214,0.800000011920929,11.5,1.493340253829956,1.899999976158142,1.100000023841858,4.0,0.9429012345679012,0.0,0.9825616478919983
v1656,14.284220695495605,0.800000011920929,29.600000381469727,11.130878448486328,9.600000381469727,1.600000023841858,28.0,0.33555555555555555,0.44222222222222224,2.4435555934906006
v1657,4.181952476501465,0.800000011920929,15.100000381469727,2.529003381729126,3.700000047683716,1.449999988079071,7.950000047683716,0.7411242603550295,0.0014792899408284023,1.9159762859344482
v1658,11.954458236694336,0.800000011920929,27.299999237060547,9.954218864440918,5.599999904632568,1.600000023841858,24.5,0.46730083234244946,0.4280618311533888,1.9588584899902344
v1659,4.159999370574951,0.800000011920929,16.0,2.6843371391296387,3.799999952316284,1.2999999523162842,7.559999942779554,0.7289795918367347,0.004081632653061225,1.701224446296692
v166,10.880228996276855,0.800000011920929,26.399999618530273,9.699899673461914,4.400000095367432,1.100000023841858,23.200000762939453,0.5076530612244898,0.4362244897959184,1.7176021337509155
v1660,10.838495254516602,0.800000011920929,25.899999618530273,8.83825969696045,5.900000095367432,1.600000023841858,22.399999618530273,0.44850255661066474,0.39590942293645,2.1065008640289307
v1661,2.4614694118499756,0.800000011920929,10.199999809265137,1.5519418716430664,2.0,1.0,4.5,0.9175510204081633,0.0,1.0202449560165405
v1662,11.204980850219727,0.800000011920929,26.899999618530273,8.24553394317627,8.600000381469727,1.7000000476837158,22.899999618530273,0.3603515625,0.400390625,3.370117425918579
v1663,5.7949371337890625,0.800000011920929,23.600000381469727,4.3714518547058105,5.099999904632568,1.2999999523162842,12.199999809265137,0.48586456278763973,0.042077580539119,2.9852728843688965
v1664,11.773338317871094,0.800000011920929,29.0,10.363696098327637,5.599999904632568,1.5,26.600000381469727,0.46530314097881664,0.3725346968590212,2.70021915435791
v1665,8.832324028015137,0.800000011920929,21.100000381469727,6.174427509307861,6.400000095367432,1.600000023841858,17.0,0.4208984375,0.2451171875,1.9287109375
v1666,8.145214080810547,0.800000011920929,19.700000762939453,4.859856128692627,8.399999618530273,1.899999976158142,14.100000381469727,0.3671875,0.0556640625,1.675195336341858
v1667,4.5262980461120605,0.800000011920929,14.699999809265137,2.468325138092041,4.099999904632568,1.399999976158142,7.699999809265137,0.556870479947403,0.0,1.2890204191207886
v1668,3.2648301124572754,0.800000011920929,12.899999618530273,1.7331010103225708,3.0999999046325684,1.2000000476837158,5.400000095367432,0.8760330578512396,0.0,1.1966941356658936
v1669,2.0851852893829346,0.800000011920929,4.900000095367432,1.0104529857635498,2.0,0.800000011920929,3.5,1.0,0.0,0.5802469253540039
v167,12.693686485290527,0.800000011920929,29.899999618530273,11.401156425476074,6.199999809265137,1.399999976158142,28.200000762939453,0.452991452991453,0.39316239316239315,2.7638394832611084
v1670,2.3296399116516113,0.800000011920929,7.099999904632568,0.9382350444793701,2.299999952316284,1.100000023841858,3.5999999046325684,0.9903047091412742,0.0,0.511357307434082
v1671,10.877050399780273,0.800000011920929,25.399999618530273,8.760930061340332,6.300000190734863,1.5,22.899999618530273,0.41973840665873957,0.4221165279429251,2.485612154006958
v1672,11.378471374511719,0.800000011920929,28.899999618530273,12.201218605041504,2.700000047683716,0.8999999761581421,27.670000648498537,0.625,0.375,0.6291666030883789
v1673,14.298530578613281,0.800000011920929,30.799999237060547,12.103548049926758,7.400000095367432,1.7999999523162842,29.600000381469727,0.39118457300275483,0.4132231404958678,2.003122091293335
v1674,2.4445581436157227,0.800000011920929,10.199999809265137,1.404308795928955,2.0999999046325684,1.100000023841858,4.400000095367432,0.9327976625273923,0.0,0.9805697798728943
v1675,12.197888374328613,0.800000011920929,28.0,9.94447135925293,7.25,1.5,24.899999618530273,0.4166666666666667,0.42,2.176222324371338
v1676,3.0998268127441406,0.800000011920929,14.699999809265137,2.1912612915039062,2.5,1.2000000476837158,5.6499998569488525,0.879757785467128,0.0,1.364013910293579
v1677,14.786425590515137,0.800000011920929,31.0,12.407325744628906,8.850000381469727,1.2999999523162842,30.100000381469727,0.3779296875,0.4423828125,2.9314451217651367
v1678,2.425347089767456,0.800000011920929,9.5,1.3848365545272827,2.0999999046325684,1.100000023841858,4.199999809265137,0.9335281227173119,0.0,1.0274653434753418
v1679,6.437838077545166,0.800000011920929,17.100000381469727,3.5841445922851562,6.900000095367432,1.5,10.899999618530273,0.3907962016070124,0.008035062089116142,2.0321402549743652
v168,6.10546875,0.800000011920929,18.5,3.600958824157715,6.199999809265137,1.600000023841858,10.899999618530273,0.37890625,0.0244140625,2.2671875953674316
v1680,5.981469631195068,0.800000011920929,18.899999618530273,3.404559850692749,5.5,2.0,10.600000381469727,0.4293877551020408,0.022040816326530613,2.5092244148254395
v1681,13.067733764648438,0.800000011920929,27.899999618530273,9.689537048339844,10.300000190734863,1.7999999523162842,25.899999618530273,0.3304498269896194,0.43079584775086505,3.4005191326141357
v1682,5.508909702301025,0.800000011920929,18.899999618530273,3.4397709369659424,4.599999904632568,1.600000023841858,10.650000095367432,0.5501730103806228,0.012975778546712802,2.676297664642334
v1683,4.150000095367432,0.800000011920929,17.799999237060547,2.9292454719543457,3.4000000953674316,1.2999999523162842,8.300000190734863,0.7430555555555556,0.006172839506172839,2.1317899227142334
v1684,14.400259017944336,0.800000011920929,30.799999237060547,11.808810234069824,8.050000190734863,1.899999976158142,29.799999237060547,0.31747404844290655,0.3961937716262976,2.142387628555298
v1685,8.259592056274414,0.800000011920929,20.0,5.3930983543396,6.900000095367432,1.7000000476837158,15.899999618530273,0.3812244897959184,0.14285714285714285,2.1694693565368652
v1686,1.9246914386749268,0.800000011920929,4.199999809265137,0.8691603541374207,1.899999976158142,0.800000011920929,3.200000047683716,1.0,0.0,0.4962962567806244
v1687,2.1585872173309326,0.800000011920929,6.0,0.8410452008247375,2.0999999046325684,1.100000023841858,3.200000047683716,0.9923822714681441,0.0,0.4531856179237366
v1688,1.777392029762268,0.800000011920929,4.400000095367432,0.6111159324645996,1.7000000476837158,1.0,2.5999999046325684,1.0,0.0,0.28410494327545166
v1689,4.219210624694824,0.800000011920929,18.899999618530273,3.0375499725341797,3.299999952316284,1.399999976158142,8.600000381469727,0.7421475529583638,0.009495982468955442,2.3019721508026123
v169,4.757785320281982,0.800000011920929,14.100000381469727,2.544619083404541,4.900000095367432,1.399999976158142,7.800000190734863,0.5017301038062284,0.0,1.532871961593628
v1690,3.2971110343933105,0.800000011920929,9.399999618530273,1.5427796840667725,3.200000047683716,1.2999999523162842,5.300000190734863,0.8666666666666667,0.0,1.014222264289856
v1691,5.63425350189209,0.800000011920929,15.199999809265137,3.501507520675659,4.699999809265137,1.5,10.399999618530273,0.5128205128205128,0.0006574621959237344,1.4823143482208252
v1692,1.6326388120651245,0.800000011920929,3.9000000953674316,0.5414524674415588,1.600000023841858,1.0,2.299999952316284,1.0,0.0,0.2529321014881134
v1693,1.9151935577392578,0.800000011920929,5.0,0.696660041809082,1.7999999523162842,1.100000023841858,2.9000000953674316,0.9992695398100804,0.0,0.37998536229133606
v1694,3.746457576751709,0.800000011920929,14.300000190734863,2.1878316402435303,3.299999952316284,1.399999976158142,6.5,0.8078889700511322,0.0,1.5048940181732178
v1695,2.440509080886841,0.800000011920929,7.699999809265137,1.1388154029846191,2.200000047683716,1.2000000476837158,3.9000000953674316,0.9606481481481481,0.0,0.7134259343147278
v1696,10.436816215515137,0.800000011920929,26.100000381469727,8.973008155822754,4.900000095367432,1.399999976158142,23.100000381469727,0.5036734693877551,0.38857142857142857,2.6875100135803223
v1697,12.190235137939453,0.800000011920929,28.399999618530273,9.586339950561523,7.449999809265137,1.7999999523162842,25.399999618530273,0.376953125,0.4072265625,2.7542967796325684
v1698,11.955183029174805,0.800000011920929,27.399999618530273,9.281091690063477,7.699999809265137,1.6400000333786016,24.799999237060547,0.3681632653061224,0.4097959183673469,3.0721631050109863
v1699,12.576080322265625,0.800000011920929,29.100000381469727,10.56051254272461,7.449999809265137,1.2999999523162842,26.5,0.4251543209876543,0.404320987654321,3.0429012775421143
v17,3.3143248558044434,0.800000011920929,15.800000190734863,2.4065637588500977,2.700000047683716,1.2000000476837158,6.0,0.8576675849403123,0.004591368227731864,1.4459136724472046
v170,13.411614418029785,0.800000011920929,28.200000762939453,9.861246109008789,10.5,1.399999976158142,25.600000381469727,0.3002191380569759,0.4317019722425128,2.804236650466919
v1700,13.846529006958008,0.800000011920929,30.299999237060547,10.913235664367676,9.0,1.899999976158142,28.700000762939453,0.30169753086419754,0.37962962962962965,2.5729939937591553
v1701,4.302112102508545,0.800000011920929,13.199999809265137,2.9586660861968994,2.9000000953674316,1.2000000476837158,8.52000007629395,0.6023875114784206,0.0,0.8855831027030945
v1702,2.1701972484588623,0.800000011920929,7.199999809265137,0.9955283999443054,2.0,1.0800000190734875,3.5999999046325684,0.9831994156318481,0.0,0.6299489140510559
v1703,2.219367265701294,0.800000011920929,13.199999809265137,1.4469592571258545,1.899999976158142,1.0,3.5999999046325684,0.9421296296296297,0.0,0.9662036895751953
v1704,6.801523208618164,0.800000011920929,23.5,4.1958770751953125,6.350000381469727,1.7999999523162842,12.27000007629395,0.31994459833795014,0.05609418282548476,2.692243814468384
v1705,4.0764031410217285,0.800000011920929,17.600000381469727,2.939711809158325,3.200000047683716,1.2999999523162842,7.900000095367432,0.7627551020408163,0.01020408163265306,1.9640306234359741
v1706,8.764908790588379,0.800000011920929,25.700000762939453,7.041517734527588,5.400000095367432,1.399999976158142,19.0,0.47165532879818595,0.2777777777777778,2.660430908203125
v1707,2.595857858657837,0.800000011920929,16.399999618530273,2.041886329650879,2.0,1.100000023841858,4.199999809265137,0.9151873767258383,0.0013149243918474688,1.207495093345642
v1708,12.768325805664062,0.800000011920929,28.100000381469727,9.731417655944824,8.199999809265137,1.7999999523162842,25.700000762939453,0.3510204081632653,0.42122448979591837,3.0906121730804443
v1709,6.430276870727539,0.800000011920929,19.100000381469727,5.046596050262451,3.700000047683716,1.2999999523162842,13.399999618530273,0.5683391003460208,0.037197231833910036,1.1453287601470947
v171,4.784440994262695,0.800000011920929,26.700000762939453,3.700265407562256,4.199999809265137,1.2999999523162842,8.600000381469727,0.5909422936449964,0.02556610664718773,1.9826152324676514
v1710,14.167126655578613,0.800000011920929,30.5,11.200604438781738,9.5,1.7999999523162842,29.200000762939453,0.314266929651545,0.39447731755424065,2.7934253215789795
v1711,2.1910152435302734,0.800000011920929,6.300000190734863,0.8900142312049866,2.0999999046325684,1.100000023841858,3.4000000953674316,0.9941563184806428,0.0,0.41972240805625916
v1712,5.021120071411133,0.800000011920929,13.800000190734863,2.9908576011657715,4.400000095367432,1.399999976158142,8.899999618530273,0.527089072543618,0.0,1.0097336769104004
v1713,5.476332664489746,0.800000011920929,15.800000190734863,2.8610751628875732,5.599999904632568,1.7999999523162842,9.0,0.4243973703433163,0.004382761139517896,1.8131483793258667
v1714,14.114879608154297,0.800000011920929,30.799999237060547,11.753562927246094,7.850000381469727,1.7000000476837158,29.5,0.3399653979238754,0.39100346020761245,2.116262912750244
v1715,8.805323600769043,0.800000011920929,22.600000381469727,5.944324493408203,6.800000190734863,1.7999999523162842,16.799999237060547,0.38503086419753085,0.2037037037037037,2.4606480598449707
v1716,2.5363426208496094,0.800000011920929,8.800000190734863,1.4362798929214478,2.200000047683716,1.100000023841858,4.549999952316284,0.9266975308641975,0.0,0.9893518090248108
v1717,7.0889668464660645,0.800000011920929,20.5,4.142364978790283,7.0,1.899999976158142,12.800000190734863,0.37155219037317466,0.04002163331530557,2.7838830947875977
v1718,5.985494136810303,0.800000011920929,16.799999237060547,3.2679874897003174,6.400000095367432,1.550000011920929,10.100000381469727,0.41975308641975306,0.0038580246913580245,1.9753087759017944
v1719,11.329585075378418,0.800000011920929,25.299999237060547,8.176230430603027,8.699999809265137,1.7000000476837158,22.050000190734863,0.3140138408304498,0.39878892733564014,2.2173011302948
v172,4.872663974761963,0.800000011920929,16.0,3.051852226257324,4.199999809265137,1.2999999523162842,8.699999809265137,0.5294117647058824,0.0017301038062283738,1.5249135494232178
v1720,10.596713066101074,0.800000011920929,26.399999618530273,7.81356143951416,7.699999809265137,1.899999976158142,22.100000381469727,0.36423405654174884,0.35700197238658776,3.038527011871338
v1721,1.9827160835266113,0.800000011920929,4.599999904632568,0.9044185280799866,2.0,0.800000011920929,3.299999952316284,1.0,0.0,0.4740740954875946
v1722,1.682615041732788,0.800000011920929,5.300000190734863,0.6678280830383301,1.5,0.8999999761581421,2.5999999046325684,0.9985390796201608,0.0,0.4477720856666565
v1723,11.928443908691406,0.800000011920929,26.700000762939453,8.344858169555664,10.399999618530273,1.7000000476837158,22.200000762939453,0.32222222222222224,0.4255555555555556,1.9613332748413086
v1724,4.147233963012695,0.800000011920929,19.899999618530273,3.2668771743774414,3.0999999046325684,1.399999976158142,8.600000381469727,0.7668054729327781,0.0148720999405116,2.3651397228240967
v1725,2.1209876537323,0.800000011920929,5.099999904632568,1.014793872833252,2.0999999046325684,0.800000011920929,3.5999999046325684,0.9876543209876543,0.0,0.5234568119049072
v1726,11.444181442260742,0.800000011920929,26.200000762939453,7.883584022521973,9.0,1.899999976158142,22.5,0.2754766600920447,0.36028928336620647,2.145167589187622
v1727,1.4951058626174927,0.800000011920929,3.799999952316284,0.5164617896080017,1.399999976158142,0.8999999761581421,2.200000047683716,1.0,0.0,0.2585829198360443
v1728,12.208443641662598,0.800000011920929,27.899999618530273,9.737248420715332,7.800000190734863,1.600000023841858,25.200000762939453,0.4066666666666667,0.4211111111111111,2.707111120223999
v1729,3.225182294845581,0.800000011920929,10.100000381469727,1.726517915725708,2.9000000953674316,1.2000000476837158,5.699999809265137,0.841831425598335,0.0,1.2665973901748657
v173,3.0050783157348633,0.800000011920929,10.0,1.674753189086914,2.799999952316284,1.100000023841858,5.099999904632568,0.8876953125,0.0,1.050390601158142
v1730,11.441855430603027,0.800000011920929,27.399999618530273,8.709537506103516,7.900000095367432,1.7999999523162842,23.100000381469727,0.36742147552958365,0.38495252008765524,2.748429536819458
v1731,15.276932716369629,0.800000011920929,30.600000381469727,11.780471801757812,13.199999809265137,1.399999976158142,29.5,0.32461355529131986,0.4684898929845422,2.9048750400543213
v1732,5.576216697692871,0.800000011920929,14.699999809265137,2.869863986968994,5.800000190734863,1.5,9.100000381469727,0.3673094582185491,0.0,1.5652893781661987
v1733,12.96464729309082,0.800000011920929,30.299999237060547,11.575372695922852,6.199999809265137,1.7000000476837158,29.0,0.45069393718042366,0.37034331628926226,2.3219869136810303
v1734,1.9148147106170654,0.800000011920929,4.199999809265137,0.857517421245575,1.899999976158142,0.800000011920929,3.200000047683716,1.0,0.0,0.46172842383384705
v1735,1.9111111164093018,0.800000011920929,4.400000095367432,0.8573574423789978,1.899999976158142,0.800000011920929,3.200000047683716,1.0,0.0,0.4592593014240265
v1736,13.68867301940918,0.800000011920929,27.700000762939453,11.162646293640137,10.100000381469727,1.100000023841858,26.050000190734863,0.4296875,0.4921875,1.3195312023162842
v1737,1.9074074029922485,0.800000011920929,4.5,0.8771133422851562,1.7999999523162842,0.800000011920929,3.299999952316284,1.0,0.0,0.47160494327545166
v1738,14.47439956665039,0.800000011920929,29.899999618530273,12.33625316619873,9.300000190734863,1.2400000095367438,28.5,0.448,0.464,1.7731199264526367
v1739,1.9654322862625122,0.800000011920929,4.599999904632568,0.8992672562599182,1.899999976158142,0.800000011920929,3.299999952316284,1.0,0.0,0.4987654387950897
v174,2.4668283462524414,0.800000011920929,11.300000190734863,1.7566142082214355,1.899999976158142,1.0,4.599999904632568,0.9113573407202216,0.0,1.2001384496688843
v1740,4.1405816078186035,0.800000011920929,11.199999809265137,2.1086225509643555,3.9000000953674316,1.5,7.099999904632568,0.685595567867036,0.0,1.7277007102966309
v1741,12.105941772460938,0.800000011920929,27.399999618530273,8.17223834991455,10.5,1.75,22.75,0.26697530864197533,0.40046296296296297,2.7254629135131836
v1742,8.749770164489746,0.800000011920929,24.899999618530273,6.226354122161865,6.699999809265137,1.7000000476837158,18.100000381469727,0.3957922419460881,0.19986850756081526,3.5426692962646484
v1743,13.586444854736328,0.800000011920929,29.200000762939453,10.79339599609375,9.800000190734863,1.2000000476837158,26.799999237060547,0.35315101070154575,0.441141498216409,2.479429244995117
v1744,2.0209875106811523,0.800000011920929,4.599999904632568,0.9470833539962769,1.899999976158142,0.800000011920929,3.5999999046325684,1.0,0.0,0.5407407283782959
v1745,2.0668210983276367,0.800000011920929,5.400000095367432,0.8168713450431824,1.899999976158142,1.100000023841858,3.200000047683716,0.9969135802469136,0.0,0.5645061731338501
v1746,13.89612102508545,0.800000011920929,30.5,11.366021156311035,9.0,1.7999999523162842,29.200000762939453,0.35437212360289283,0.3819855358316897,2.5535831451416016
v1747,2.2039542198181152,0.800000011920929,4.800000190734863,0.7567421197891235,2.200000047683716,1.100000023841858,3.200000047683716,1.0,0.0,0.41290321946144104
v1748,7.794636249542236,0.800000011920929,19.0,4.382866859436035,8.300000190734863,1.7000000476837158,13.300000190734863,0.3070934256055363,0.04238754325259515,1.9557093381881714
v1749,8.599346160888672,0.800000011920929,23.0,6.1703267097473145,7.300000190734863,1.399999976158142,17.25999984741212,0.3983673469387755,0.21224489795918366,3.527836322784424
v175,1.8695987462997437,0.800000011920929,5.0,0.7046922445297241,1.7999999523162842,1.0,2.9000000953674316,0.9992283950617284,0.0,0.37932097911834717
v1750,12.525713920593262,0.800000011920929,27.399999618530273,10.102557182312012,7.699999809265137,1.5,25.700000762939453,0.36979591836734693,0.40816326530612246,2.5759999752044678
v1751,13.078633308410645,0.800000011920929,29.299999237060547,10.328378677368164,8.050000190734863,1.899999976158142,26.600000381469727,0.35899653979238755,0.40657439446366783,2.5953288078308105
v1752,5.239111423492432,0.800000011920929,17.0,2.947395086288452,5.099999904632568,1.5,8.709999847412112,0.4777777777777778,0.01,1.899111032485962
v1753,14.336333274841309,0.800000011920929,29.899999618530273,10.798389434814453,9.899999618530273,2.0,28.200000762939453,0.29,0.4222222222222222,2.7095556259155273
v1754,13.738016128540039,0.800000011920929,29.799999237060547,10.959967613220215,8.800000190734863,1.6800000429153454,27.5,0.3682277318640955,0.42424242424242425,2.6966025829315186
v1755,3.658285617828369,0.800000011920929,11.899999618530273,1.9415034055709839,3.299999952316284,1.5,6.0,0.8228571428571428,0.0,1.4174693822860718
v1756,11.011201858520508,0.800000011920929,26.600000381469727,8.057997703552246,8.0,1.7999999523162842,22.120000457763677,0.3480257116620753,0.39302112029384756,2.48264479637146
v1757,2.029629707336426,0.800000011920929,4.699999809265137,0.9407699108123779,2.0,0.800000011920929,3.4000000953674316,1.0,0.0,0.4493827223777771
v1758,6.1871442794799805,0.800000011920929,19.5,3.7095983028411865,5.699999809265137,1.600000023841858,11.199999809265137,0.44850255661066474,0.01095690284879474,1.8334550857543945
v1759,8.990484237670898,0.800000011920929,22.200000762939453,7.155129909515381,5.199999809265137,1.5,19.200000762939453,0.4870242214532872,0.34429065743944637,2.207266330718994
v176,1.7743608951568604,0.800000011920929,4.400000095367432,0.6098234057426453,1.7000000476837158,1.0,2.5999999046325684,1.0,0.0,0.356026291847229
v1760,3.15938663482666,0.800000011920929,9.300000190734863,1.5686254501342773,3.0999999046325684,1.2000000476837158,5.199999809265137,0.8838568298027758,0.0,0.8157779574394226
v1761,5.839583396911621,0.800000011920929,21.100000381469727,3.968562364578247,5.300000190734863,1.2999999523162842,11.199999809265137,0.4722222222222222,0.023148148148148147,2.546450614929199
v1762,2.076653003692627,0.800000011920929,6.0,0.7640559077262878,2.0,1.100000023841858,3.0,0.996734693877551,0.0,0.46089795231819153
v1763,1.4719136953353882,0.800000011920929,3.9000000953674316,0.5142998695373535,1.399999976158142,0.8999999761581421,2.0999999046325684,1.0,0.0,0.25648146867752075
v1764,4.3620500564575195,0.800000011920929,17.700000762939453,3.093499183654785,3.5999999046325684,1.399999976158142,8.469999885559087,0.7188365650969529,0.015235457063711912,2.035734176635742
v1765,5.895587921142578,0.800000011920929,16.200000762939453,2.9738636016845703,6.099999904632568,1.7999999523162842,9.600000381469727,0.39705882352941174,0.0025951557093425604,1.9247404336929321
v1766,4.856635570526123,0.800000011920929,15.0,2.713876485824585,4.900000095367432,1.2999999523162842,8.399999618530273,0.5061728395061729,0.0,1.9361110925674438
v1767,4.008398056030273,0.800000011920929,12.899999618530273,2.1642353534698486,3.5999999046325684,1.5,7.0,0.74609375,0.0,1.6472656726837158
v1768,13.229784965515137,0.800000011920929,29.600000381469727,10.615156173706055,8.100000381469727,1.600000023841858,27.36999950408936,0.369140625,0.4130859375,2.7435545921325684
v1769,1.887654423713684,0.800000011920929,4.0,0.8572685718536377,1.7999999523162842,0.800000011920929,3.0999999046325684,1.0,0.0,0.40246912837028503
v177,3.6404082775115967,0.800000011920929,19.0,3.36382794380188,2.4000000953674316,1.100000023841858,8.160000038146986,0.8155102040816327,0.022040816326530613,2.3740408420562744
v1770,1.8000000715255737,0.800000011920929,4.0,0.7875575423240662,1.7999999523162842,0.800000011920929,3.0,1.0,0.0,0.36543208360671997
v1771,9.399048805236816,0.800000011920929,22.299999237060547,6.6461687088012695,7.300000190734863,1.600000023841858,18.200000762939453,0.4042806183115339,0.30677764565992865,2.373840570449829
v1772,9.28702449798584,0.800000011920929,23.200000762939453,6.726503849029541,6.850000381469727,1.449999988079071,18.700000762939453,0.4108996539792388,0.2828719723183391,2.4726643562316895
v1773,9.520661354064941,0.800000011920929,29.299999237060547,11.723882675170898,2.4000000953674316,0.8999999761581421,27.799999237060547,0.7024793388429752,0.2975206611570248,0.6677685976028442
v1774,1.9802467823028564,0.800000011920929,4.5,0.9075023531913757,2.0,0.800000011920929,3.4000000953674316,1.0,0.0,0.48395058512687683
v1775,4.314777851104736,0.800000011920929,16.200000762939453,2.4544637203216553,3.799999952316284,1.5,7.699999809265137,0.6944444444444444,0.0022222222222222222,1.765555500984192
v1776,8.50493049621582,0.800000011920929,21.700000762939453,6.299788475036621,5.699999809265137,1.600000023841858,17.799999237060547,0.4358974358974359,0.24523339907955294,2.103878974914551
v1777,8.666449546813965,0.800000011920929,22.700000762939453,7.307286262512207,4.5,1.2999999523162842,18.799999237060547,0.516734693877551,0.37142857142857144,1.7756736278533936
v1778,12.819809913635254,0.800000011920929,27.700000762939453,9.175512313842773,12.199999809265137,1.5,24.299999237060547,0.31747404844290655,0.4429065743944637,3.1904845237731934
v1779,3.2644996643066406,0.800000011920929,16.200000762939453,2.4644789695739746,2.5,1.2000000476837158,6.300000190734863,0.8502556610664719,0.002191380569758948,1.5794010162353516
v178,3.3107376098632812,0.800000011920929,16.100000381469727,2.7798149585723877,2.5,1.100000023841858,6.92000007629395,0.8480642804967129,0.007304601899196494,1.9821768999099731
v1780,1.8888888359069824,0.800000011920929,4.099999904632568,0.8368076086044312,1.7999999523162842,0.800000011920929,3.0999999046325684,1.0,0.0,0.3802469074726105
v1781,12.864446640014648,0.800000011920929,27.5,9.324446678161621,9.899999618530273,1.899999976158142,24.5,0.3162901307966706,0.4340071343638526,2.5108203887939453
v1782,2.000415325164795,0.800000011920929,4.900000095367432,0.7314368486404419,1.899999976158142,1.100000023841858,3.0,1.0,0.0,0.412465363740921
v1783,4.177428722381592,0.800000011920929,11.600000381469727,2.0517969131469727,4.199999809265137,1.399999976158142,6.800000190734863,0.6523009495982469,0.0,1.195763349533081
v1784,12.87376594543457,0.800000011920929,30.5,12.276951789855957,4.5,1.2999999523162842,29.299999237060547,0.5246913580246914,0.38425925925925924,1.834876537322998
v1785,10.58248519897461,0.800000011920929,25.5,8.318123817443848,6.599999904632568,1.600000023841858,22.449999809265137,0.41975308641975306,0.38657407407407407,2.92638897895813
v1786,1.8155046701431274,0.800000011920929,5.0,0.658790647983551,1.7000000476837158,1.0,2.5999999046325684,0.9989594172736732,0.0,0.3623308837413788
v1787,8.97600269317627,0.800000011920929,20.5,5.902952671051025,7.449999809265137,1.5,17.299999237060547,0.30324074074074076,0.2175925925925926,2.373919725418091
v1788,7.867677211761475,0.800000011920929,19.600000381469727,5.446557998657227,6.400000095367432,1.2999999523162842,15.52000007629395,0.4315886134067952,0.1184573002754821,2.3935720920562744
v1789,1.7978817224502563,0.800000011920929,4.699999809265137,0.654033899307251,1.7000000476837158,1.0,2.6199999332428026,1.0,0.0,0.38729000091552734
v179,2.6929876804351807,0.800000011920929,11.100000381469727,1.514394760131836,2.5,1.100000023841858,4.400000095367432,0.9320672023374726,0.0,0.9865596294403076
v1790,8.336479187011719,0.800000011920929,21.100000381469727,4.829004287719727,9.0,1.7300000190734874,14.100000381469727,0.3252551020408163,0.05612244897959184,2.4040815830230713
v1791,1.8130751848220825,0.800000011920929,6.800000190734863,0.7827187180519104,1.600000023841858,1.0,2.799999952316284,0.9941563184806428,0.0,0.505040168762207
v1792,12.442516326904297,0.800000011920929,27.5,9.27777099609375,8.899999618530273,1.7000000476837158,24.600000381469727,0.325068870523416,0.4132231404958678,2.617630958557129
v1793,3.830535888671875,0.800000011920929,15.5,2.4808735847473145,3.299999952316284,1.399999976158142,6.25,0.8105536332179931,0.0025951557093425604,1.5333911180496216
v1794,13.627148628234863,0.800000011920929,30.799999237060547,12.408195495605469,5.199999809265137,1.5,29.600000381469727,0.484375,0.404296875,1.6531250476837158
v1795,3.4928672313690186,0.800000011920929,11.899999618530273,1.7730391025543213,3.5,1.2999999523162842,5.5,0.8240997229916898,0.0,0.8680055737495422
v1796,14.776817321777344,0.800000011920929,29.799999237060547,10.749408721923828,11.0,2.0,28.399999618530273,0.283265306122449,0.4440816326530612,2.8711838722229004
v1797,13.728999137878418,0.800000011920929,30.799999237060547,11.673138618469238,8.100000381469727,1.399999976158142,29.799999237060547,0.38276113951789625,0.38349159970781593,2.8403215408325195
v1798,10.782525062561035,0.800000011920929,27.799999237060547,9.435760498046875,4.199999809265137,1.399999976158142,23.5,0.5331632653061225,0.4362244897959184,2.235969305038452
v1799,2.954711437225342,0.800000011920929,13.0,1.7384601831436157,2.5999999046325684,1.2999999523162842,4.719999885559087,0.9101533966398831,0.0,1.2157779932022095
v18,2.446990489959717,0.800000011920929,8.5,1.0508110523223877,2.299999952316284,1.2000000476837158,3.799999952316284,0.9745370370370371,0.0,0.6763888597488403
v180,2.736332416534424,0.800000011920929,13.5,1.5851315259933472,2.4000000953674316,1.2000000476837158,4.300000190734863,0.9307958477508651,0.0,0.9633216857910156
v1800,4.399173736572266,0.800000011920929,19.600000381469727,2.81868839263916,4.0,1.4799999952316296,7.5,0.7125803489439853,0.014692378328741965,1.8356289863586426
v1801,13.12612247467041,0.800000011920929,30.299999237060547,11.143401145935059,6.900000095367432,1.7999999523162842,28.100000381469727,0.40816326530612246,0.3926530612244898,2.3648979663848877
v1802,9.477877616882324,0.800000011920929,23.600000381469727,7.729671001434326,5.300000190734863,1.5400000095367437,20.100000381469727,0.47836734693877553,0.3575510204081633,1.6313469409942627
v1803,14.711182594299316,0.800000011920929,30.299999237060547,11.298019409179688,10.199999809265137,1.7999999523162842,29.200000762939453,0.3036734693877551,0.43020408163265306,2.4976325035095215
v1804,13.526644706726074,0.800000011920929,28.399999618530273,9.366283416748047,11.600000381469727,1.7999999523162842,25.75,0.2664359861591695,0.4333910034602076,3.326643705368042
v1805,4.567768573760986,0.800000011920929,13.399999618530273,2.539458751678467,4.0,1.600000023841858,8.5,0.6767676767676768,0.0,1.9854912757873535
v1806,2.740403890609741,0.800000011920929,14.300000190734863,1.8597970008850098,2.200000047683716,1.100000023841858,5.099999904632568,0.8962350780532599,0.0,1.2765840291976929
v1807,12.618080139160156,0.800000011920929,26.399999618530273,8.884900093078613,9.5,1.7000000476837158,22.899999618530273,0.3296,0.4608,1.648319959640503
v1808,4.459668159484863,0.800000011920929,18.5,3.183217763900757,3.5999999046325684,1.2999999523162842,8.899999618530273,0.6875,0.013671875,2.3794922828674316
v1809,12.651147842407227,0.800000011920929,27.100000381469727,8.96386432647705,13.0,1.2999999523162842,23.399999618530273,0.3278061224489796,0.46683673469387754,2.8987245559692383
v181,6.147784233093262,0.800000011920929,17.200000762939453,3.271543025970459,6.400000095367432,1.7000000476837158,10.0,0.40650969529085873,0.008310249307479225,1.9443213939666748
v1810,3.3744492530822754,0.800000011920929,16.299999237060547,2.0742878913879395,3.0999999046325684,1.2000000476837158,5.360000133514418,0.8718367346938776,0.0024489795918367346,1.2422856092453003
v1811,2.917875289916992,0.800000011920929,10.600000381469727,1.4737554788589478,2.700000047683716,1.2999999523162842,4.599999904632568,0.92625,0.0,0.9005000591278076
v1812,3.4715373516082764,0.800000011920929,11.0,1.702149510383606,3.299999952316284,1.5,5.699999809265137,0.8441828254847645,0.0,1.1973683834075928
v1813,3.703287124633789,0.800000011920929,13.199999809265137,2.148723602294922,3.299999952316284,1.5,6.5,0.7811418685121108,0.0,1.61833918094635
v1814,3.4111111164093018,0.800000011920929,9.300000190734863,1.6659362316131592,3.299999952316284,1.2999999523162842,5.699999809265137,0.82,0.0,1.1195554733276367
v1815,12.168667793273926,0.800000011920929,27.299999237060547,9.072857856750488,8.300000190734863,1.7999999523162842,24.200000762939453,0.34444444444444444,0.4222222222222222,2.47688889503479
v1816,3.211332082748413,0.800000011920929,25.899999618530273,3.3153152465820312,2.200000047683716,1.100000023841858,5.800000190734863,0.8512110726643599,0.02249134948096886,1.9005190134048462
v1817,2.3631834983825684,0.800000011920929,7.199999809265137,0.9903161525726318,2.299999952316284,1.100000023841858,3.5999999046325684,0.9804081632653061,0.0,0.5193468928337097
v1818,6.063194274902344,0.800000011920929,19.200000762939453,3.5004093647003174,5.900000095367432,1.600000023841858,10.699999809265137,0.4390432098765432,0.013117283950617283,2.478240728378296
v1819,3.7467129230499268,0.800000011920929,14.0,2.5844757556915283,3.0999999046325684,1.2000000476837158,7.599999904632568,0.7655709342560554,0.0,2.010380506515503
v182,11.632874488830566,0.800000011920929,26.0,9.461519241333008,7.699999809265137,1.2999999523162842,23.919999694824224,0.42056932966023874,0.39944903581267216,2.3860421180725098
v1820,2.2814509868621826,0.800000011920929,6.599999904632568,0.9831571578979492,2.0999999046325684,1.2000000476837158,3.5,0.9770431588613406,0.0,0.5438016653060913
v1821,3.7436177730560303,0.800000011920929,16.5,2.896404981613159,2.9000000953674316,1.100000023841858,8.199999809265137,0.7658402203856749,0.0036730945821854912,2.1579430103302
v1822,12.340630531311035,0.800000011920929,29.100000381469727,9.627415657043457,8.0,2.0999999046325684,25.799999237060547,0.3694937541091387,0.38461538461538464,2.971860647201538
v1823,15.34814739227295,0.800000011920929,29.200000762939453,12.21654224395752,11.799999237060547,1.399999976158142,28.46999988555908,0.404320987654321,0.49382716049382713,1.0358024835586548
v1824,2.9181952476501465,0.800000011920929,9.600000381469727,1.571437954902649,2.700000047683716,1.2000000476837158,4.800000190734863,0.900887573964497,0.0,1.1943787336349487
v1825,3.6681787967681885,0.800000011920929,12.100000381469727,1.9250143766403198,3.299999952316284,1.399999976158142,6.199999809265137,0.789612097304405,0.0,1.6427350044250488
v1826,3.9485208988189697,0.800000011920929,13.0,2.049989938735962,3.799999952316284,1.399999976158142,6.699999809265137,0.7212360289283366,0.0,1.619592308998108
v1827,11.591979026794434,0.800000011920929,26.399999618530273,8.525350570678711,9.0,1.600000023841858,23.0,0.3399079552925707,0.4089414858645628,3.2828402519226074
v1828,2.381618022918701,0.800000011920929,6.800000190734863,0.9966219067573547,2.200000047683716,1.2000000476837158,3.700000047683716,0.9803688280785247,0.0,0.7120761275291443
v1829,4.7392497062683105,0.800000011920929,16.899999618530273,2.725609302520752,4.400000095367432,1.7000000476837158,8.0,0.61875,0.0075,1.973249912261963
v183,3.7238922119140625,0.800000011920929,23.299999237060547,2.9930882453918457,3.0999999046325684,1.2000000476837158,6.699999809265137,0.840027700831025,0.01662049861495845,2.049445867538452
v1830,4.4763312339782715,0.800000011920929,14.699999809265137,2.3722712993621826,4.199999809265137,1.600000023841858,7.699999809265137,0.6653517422748192,0.0,1.7747533321380615
v1831,12.295178413391113,0.800000011920929,27.600000381469727,9.168600082397461,10.199999809265137,1.399999976158142,24.600000381469727,0.34477720964207453,0.4163623082542001,3.6784512996673584
v1832,4.009550094604492,0.800000011920929,18.700000762939453,2.9847302436828613,3.200000047683716,1.2999999523162842,8.100000381469727,0.7557392102846648,0.011019283746556474,2.1204776763916016
v1833,14.295792579650879,0.800000011920929,28.399999618530273,9.409496307373047,11.699999809265137,2.200000047683716,26.600000381469727,0.2182774490466798,0.4247205785667324,3.232741594314575
v1834,11.714499473571777,0.800000011920929,25.200000762939453,9.035744667053223,9.300000190734863,1.2999999523162842,22.319999313354497,0.4325,0.495,1.3949999809265137
v1835,13.156898498535156,0.800000011920929,28.700000762939453,10.181612968444824,8.399999618530273,1.899999976158142,26.0,0.35346938775510206,0.4146938775510204,2.063673496246338
v1836,13.149999618530273,0.800000011920929,26.799999237060547,9.283489227294922,9.850000381469727,2.0,24.600000381469727,0.279296875,0.4375,2.082812547683716
v1837,14.314984321594238,0.800000011920929,28.600000381469727,10.759404182434082,10.399999618530273,1.899999976158142,27.100000381469727,0.3194588969823101,0.44432882414151925,1.6822059154510498
v1838,8.681726455688477,0.800000011920929,22.200000762939453,5.607292652130127,8.600000381469727,1.399999976158142,16.399999618530273,0.34894398530762166,0.1588613406795225,2.7070705890655518
v1839,3.7032313346862793,0.800000011920929,12.300000190734863,1.8986437320709229,3.5,1.399999976158142,6.300000190734863,0.7959183673469388,0.0,1.3765305280685425
v184,6.926516056060791,0.800000011920929,16.299999237060547,4.407681465148926,6.699999809265137,1.2999999523162842,12.399999618530273,0.4482758620689655,0.0047562425683709865,1.4977407455444336
v1840,3.3549997806549072,0.800000011920929,8.300000190734863,1.7994096279144287,3.25,0.8899999797344208,5.800000190734863,0.82,0.0,0.9740000367164612
v1841,10.545086860656738,0.800000011920929,23.899999618530273,7.061490058898926,9.600000381469727,1.8799999713897717,19.600000381469727,0.3204775022956841,0.3884297520661157,2.3808999061584473
v1842,7.5980706214904785,0.800000011920929,21.5,4.052653789520264,8.0,2.0,12.699999809265137,0.3001543209876543,0.029320987654320986,2.147376537322998
v1843,8.169042587280273,0.800000011920929,21.399999618530273,5.412784099578857,6.900000095367432,1.899999976158142,15.199999809265137,0.435546875,0.1162109375,2.0990233421325684
v1844,9.50576114654541,0.800000011920929,22.700000762939453,6.486223220825195,7.949999809265137,1.7999999523162842,18.100000381469727,0.3828125,0.29296875,2.2705078125
v1845,11.19042682647705,0.800000011920929,24.299999237060547,7.466156005859375,11.0,1.7000000476837158,20.799999237060547,0.3142559833506764,0.42767950052029136,2.875338077545166
v1846,4.206888675689697,0.800000011920929,16.0,2.161747455596924,4.050000190734863,1.600000023841858,6.699999809265137,0.6822222222222222,0.0022222222222222222,1.3888888359069824
v1847,4.729968547821045,0.800000011920929,14.5,2.449692964553833,4.5,1.7000000476837158,8.199999809265137,0.6149843912591051,0.0,1.602705478668213
v1848,4.088244438171387,0.800000011920929,12.0,2.1898226737976074,3.700000047683716,1.399999976158142,7.199999809265137,0.6922448979591836,0.0,1.417959213256836
v1849,3.4831719398498535,0.800000011920929,16.5,2.0996968746185303,3.0,1.399999976158142,6.0,0.8344875346260388,0.002770083102493075,1.5347645282745361
v185,4.329387664794922,0.800000011920929,18.899999618530273,2.7932662963867188,3.700000047683716,1.5,7.900000095367432,0.7159183673469388,0.009795918367346938,1.9266940355300903
v1850,11.7269926071167,0.800000011920929,25.5,8.533560752868652,8.0,1.899999976158142,22.399999618530273,0.3507728894173603,0.4280618311533888,1.8016645908355713
v1851,10.917120933532715,0.800000011920929,23.5,7.54585599899292,8.800000190734863,1.899999976158142,20.5,0.356718192627824,0.4221165279429251,2.123424530029297
v1852,8.49181842803955,0.800000011920929,21.799999237060547,6.37437629699707,6.199999809265137,1.2999999523162842,17.5,0.4368151935719503,0.2498173849525201,2.7674214839935303
v1853,2.7590277194976807,0.800000011920929,10.199999809265137,1.273542046546936,2.5999999046325684,1.2000000476837158,4.300000190734863,0.9459876543209876,0.0,0.9655864238739014
v1854,10.191581726074219,0.800000011920929,21.600000381469727,6.7036452293396,8.100000381469727,2.0999999046325684,18.86999950408936,0.32653061224489793,0.3711734693877551,1.6913264989852905
v1855,6.493755340576172,0.800000011920929,18.899999618530273,3.4083027839660645,6.400000095367432,2.0,11.0,0.3544536271808999,0.011019283746556474,2.340679407119751
v1856,2.9661407470703125,0.800000011920929,9.300000190734863,1.5130696296691895,2.700000047683716,1.2999999523162842,5.099999904632568,0.8875739644970414,0.0,1.0136752128601074
v1857,3.8847036361694336,0.800000011920929,14.800000190734863,2.604351758956909,3.0999999046325684,1.2999999523162842,7.599999904632568,0.7606659729448492,0.0,1.7265348434448242
v1858,3.458582878112793,0.800000011920929,12.800000190734863,2.146174192428589,2.9000000953674316,1.399999976158142,6.800000190734863,0.8188458728999269,0.0,1.5716580152511597
v1859,5.548356533050537,0.800000011920929,17.600000381469727,3.4920036792755127,4.800000190734863,1.600000023841858,10.800000190734863,0.5198961937716263,0.01643598615916955,2.7271625995635986
v186,2.1588571071624756,0.800000011920929,5.900000095367432,0.9111940264701843,2.0,1.100000023841858,3.5,0.9918367346938776,0.0,0.5456326603889465
v1860,2.4637691974639893,0.800000011920929,10.899999618530273,1.4525972604751587,2.0999999046325684,1.100000023841858,4.099999904632568,0.9386413440467495,0.0,0.9111759662628174
v1861,4.313183784484863,0.800000011920929,13.899999618530273,2.376354932785034,3.9000000953674316,1.5,7.699999809265137,0.7060546875,0.0,1.7486329078674316
v1862,3.183950424194336,0.800000011920929,8.300000190734863,1.865572214126587,3.0999999046325684,0.800000011920929,5.599999904632568,0.8271604938271605,0.0,1.3209877014160156
v1863,5.055739879608154,0.800000011920929,12.899999618530273,2.6382715702056885,4.949999809265137,1.5,8.5,0.5,0.0,1.3528062105178833
v1864,3.0806689262390137,0.800000011920929,10.699999809265137,1.6573841571807861,2.5999999046325684,1.2999999523162842,5.569999933242802,0.8509070294784581,0.0,1.2327665090560913
v1865,3.2333335876464844,0.800000011920929,10.600000381469727,1.6477210521697998,3.0,1.2999999523162842,5.5,0.8541666666666666,0.0,1.1617283821105957
v1866,7.139965057373047,0.800000011920929,18.899999618530273,3.945188283920288,7.400000095367432,1.7000000476837158,12.199999809265137,0.3295847750865052,0.02249134948096886,1.7657439708709717
v1867,3.631037712097168,0.800000011920929,16.299999237060547,2.6278600692749023,2.9000000953674316,1.2000000476837158,7.320000171661381,0.8126721763085399,0.0036730945821854912,1.8699724674224854
v1868,2.9456019401550293,0.800000011920929,17.100000381469727,2.0765769481658936,2.4000000953674316,1.2000000476837158,5.199999809265137,0.8834876543209876,0.0015432098765432098,1.4680554866790771
v1869,4.714351654052734,0.800000011920929,19.700000762939453,2.9603517055511475,4.300000190734863,1.5,8.100000381469727,0.621141975308642,0.013117283950617283,2.0577163696289062
v187,1.9302040338516235,0.800000011920929,5.199999809265137,0.7323890924453735,1.899999976158142,1.0,2.9000000953674316,0.9983673469387755,0.0,0.5010612607002258
v1870,14.16325855255127,0.800000011920929,28.299999237060547,9.785168647766113,13.0,1.5,26.0,0.27586206896551724,0.47919143876337694,2.534839630126953
v1871,8.621395111083984,0.800000011920929,22.299999237060547,5.555549144744873,7.599999904632568,2.0,16.02000007629395,0.3884297520661157,0.15702479338842976,2.1555557250976562
v1872,12.832154273986816,0.800000011920929,28.0,10.78377628326416,5.5,1.399999976158142,25.799999237060547,0.4786680541103018,0.4578563995837669,1.6963579654693604
v1873,2.2505478858947754,0.800000011920929,9.699999809265137,1.2625128030776978,1.899999976158142,1.100000023841858,3.799999952316284,0.9488677867056245,0.0,0.8426588773727417
v1874,3.5072662830352783,0.800000011920929,13.0,2.2605650424957275,2.9000000953674316,1.2999999523162842,6.8500001430511475,0.7915224913494809,0.0,1.730449914932251
v1875,13.81935977935791,0.800000011920929,27.299999237060547,9.290780067443848,14.600000381469727,1.399999976158142,24.200000762939453,0.2832,0.496,2.33951997756958
v1876,11.244433403015137,0.800000011920929,25.600000381469727,8.931523323059082,8.100000381469727,1.100000023841858,22.600000381469727,0.41103017689906346,0.43600416233090533,2.699479579925537
v1877,11.239542007446289,0.800000011920929,25.799999237060547,8.220558166503906,7.699999809265137,1.7000000476837158,22.5,0.33298647242455776,0.4120707596253902,2.7192506790161133
v1878,3.310927391052246,0.800000011920929,13.399999618530273,2.056502103805542,2.700000047683716,1.2999999523162842,6.400000095367432,0.8181818181818182,0.0,1.6539944410324097
v1879,5.445588111877441,0.800000011920929,17.600000381469727,3.270491361618042,4.599999904632568,1.75,10.300000190734863,0.5588235294117647,0.00865051903114187,2.451038122177124
v188,5.021854877471924,0.800000011920929,17.799999237060547,2.6597325801849365,4.800000190734863,1.7000000476837158,8.300000190734863,0.5234159779614325,0.0036730945821854912,1.8600552082061768
v1880,4.001989364624023,0.800000011920929,15.5,2.4203803539276123,3.299999952316284,1.5,7.3500001430511475,0.7551903114186851,0.0008650519031141869,1.8641868829727173
v1881,2.3263542652130127,0.800000011920929,8.199999809265137,1.192728877067566,2.0999999046325684,1.0800000190734875,3.8199999809265184,0.9559228650137741,0.0,0.7786960601806641
v1882,4.493132591247559,0.800000011920929,16.299999237060547,2.7057180404663086,4.0,1.399999976158142,8.100000381469727,0.6482830385015609,0.001040582726326743,1.780853271484375
v1883,1.769135594367981,0.800000011920929,10.399999618530273,0.9705801606178284,1.600000023841858,1.0,2.5,0.9814814814814815,0.0,0.4962962567806244
v1884,2.6174442768096924,0.800000011920929,10.199999809265137,1.5357141494750977,2.299999952316284,1.100000023841858,4.599999904632568,0.9155555555555556,0.0,1.0446666479110718
v1885,4.555673599243164,0.800000011920929,14.300000190734863,2.504390239715576,4.0,1.600000023841858,8.300000190734863,0.6759183673469388,0.0,1.999836802482605
v1886,12.099895477294922,0.800000011920929,26.700000762939453,8.718786239624023,9.199999809265137,1.600000023841858,23.200000762939453,0.3048907388137357,0.4255983350676379,2.3213319778442383
v1887,9.723443984985352,0.800000011920929,22.100000381469727,7.176870346069336,6.699999809265137,1.399999976158142,19.200000762939453,0.41444444444444445,0.3655555555555556,2.1077778339385986
v1888,6.113811492919922,0.800000011920929,16.0,4.072192192077637,5.0,1.2000000476837158,12.199999809265137,0.49691358024691357,0.006172839506172839,2.147376537322998
v1889,14.905903816223145,0.800000011920929,29.5,12.123579978942871,10.200000762939453,1.2999999523162842,28.600000381469727,0.4097222222222222,0.4791666666666667,2.109027862548828
v189,4.390775680541992,0.800000011920929,16.899999618530273,3.087148427963257,3.9000000953674316,1.100000023841858,8.300000190734863,0.5975510204081632,0.005714285714285714,1.9492244720458984
v1890,6.308300971984863,0.800000011920929,17.700000762939453,3.8316755294799805,5.900000095367432,1.5,11.300000190734863,0.4521484375,0.0078125,1.5205078125
v1891,9.883390426635742,0.800000011920929,23.600000381469727,6.628570079803467,9.050000190734863,1.5,18.5,0.3538062283737024,0.33391003460207613,2.612456798553467
v1892,10.867128372192383,0.800000011920929,23.799999237060547,7.178108215332031,9.25,1.7000000476837158,19.799999237060547,0.31228373702422146,0.41695501730103807,2.591695547103882
v1893,2.758122205734253,0.800000011920929,14.300000190734863,1.9639946222305298,2.0999999046325684,1.2000000476837158,5.099999904632568,0.8938775510204081,0.0,1.3666938543319702
v1894,8.65263557434082,0.800000011920929,20.0,5.242648601531982,8.600000381469727,1.2000000476837158,15.100000381469727,0.2861328125,0.1044921875,3.281445264816284
v1895,1.604938268661499,0.800000011920929,4.300000190734863,0.7351662516593933,1.5,0.800000011920929,2.4000000953674316,1.0,0.0,0.28148147463798523
v1896,14.661958694458008,0.800000011920929,29.600000381469727,11.13823413848877,12.050000190734863,1.5,28.5,0.30169753086419754,0.4652777777777778,2.9495370388031006
v1897,3.4553632736206055,0.800000011920929,14.399999618530273,2.4087960720062256,2.799999952316284,1.1500000357627869,7.049999952316284,0.8148788927335641,0.0,1.9456746578216553
v1898,11.696221351623535,0.800000011920929,24.899999618530273,8.709909439086914,9.100000381469727,1.600000023841858,22.700000762939453,0.3688888888888889,0.42,2.2039999961853027
v1899,3.2232422828674316,0.800000011920929,11.699999809265137,1.799882411956787,2.9000000953674316,1.2000000476837158,5.5,0.865234375,0.0,1.295312523841858
v19,12.405969619750977,0.800000011920929,28.299999237060547,10.814632415771484,5.75,1.399999976158142,26.700000762939453,0.4515570934256055,0.3892733564013841,1.5880621671676636
v190,5.805350303649902,0.800000011920929,24.700000762939453,5.166843891143799,4.5,1.100000023841858,13.600000381469727,0.5422116527942925,0.08085612366230678,3.2725327014923096
v1900,14.97283935546875,0.800000011920929,30.899999618530273,13.104114532470703,6.900000095367432,1.2999999523162842,30.100000381469727,0.4348422496570645,0.4444444444444444,1.3102881908416748
v1901,3.345550775527954,0.800000011920929,14.5,1.9314916133880615,3.0,1.399999976158142,5.300000190734863,0.8816326530612245,0.0,1.39444899559021
v1902,3.4605536460876465,0.800000011920929,14.399999618530273,2.03127384185791,2.9000000953674316,1.399999976158142,6.199999809265137,0.8217993079584776,0.0,1.537716269493103
v1903,2.966975212097168,0.800000011920929,13.5,1.9471977949142456,2.4000000953674316,1.100000023841858,5.800000190734863,0.8649691358024691,0.0,1.59783935546875
v1904,2.4753472805023193,0.800000011920929,6.300000190734863,0.9887649416923523,2.4000000953674316,1.100000023841858,3.75,0.984375,0.0,0.5923611521720886
v1905,11.167181015014648,0.800000011920929,25.899999618530273,8.30004596710205,11.300000190734863,1.100000023841858,20.899999618530273,0.3912009512485137,0.469678953626635,2.7690844535827637
v1906,13.454463958740234,0.800000011920929,28.0,10.521204948425293,11.600000381469727,1.2999999523162842,26.0,0.38010204081632654,0.45918367346938777,2.2170920372009277
v1907,12.548026084899902,0.800000011920929,28.0,9.202469825744629,9.5,1.5800000190734875,24.620000457763677,0.310376492194674,0.41046831955922863,2.5443525314331055
v1908,7.4190673828125,0.800000011920929,19.0,4.794736385345459,6.599999904632568,1.399999976158142,13.600000381469727,0.4430727023319616,0.03292181069958848,1.6951987743377686
v1909,10.442455291748047,0.800000011920929,22.600000381469727,7.306525707244873,8.649999618530273,1.5,19.449999809265137,0.35502958579881655,0.4289940828402367,1.7210057973861694
v191,2.4361579418182373,0.800000011920929,14.0,1.8300670385360718,1.899999976158142,1.0,4.099999904632568,0.9240321402483564,0.0,1.1975163221359253
v1910,13.38418197631836,0.800000011920929,29.100000381469727,10.849527359008789,8.5,1.399999976158142,27.600000381469727,0.35648148148148145,0.404320987654321,2.7686729431152344
v1911,12.418222427368164,0.800000011920929,27.399999618530273,10.235363960266113,6.850000381469727,1.399999976158142,25.5,0.42444444444444446,0.4266666666666667,2.306666612625122
v1912,10.092033386230469,0.800000011920929,22.799999237060547,6.634047031402588,10.100000381469727,1.600000023841858,18.600000381469727,0.3376932223543401,0.33531510107015455,2.4922711849212646
v1913,1.6037806272506714,0.800000011920929,3.5,0.5414264798164368,1.600000023841858,0.8799999833106998,2.299999952316284,1.0,0.0,0.3001890182495117
v1914,4.919382095336914,0.800000011920929,12.199999809265137,2.8616979122161865,4.599999904632568,1.2999999523162842,8.600000381469727,0.5172413793103449,0.0,0.9008322954177856
v1915,3.08351993560791,0.800000011920929,15.800000190734863,2.669729709625244,2.4000000953674316,0.8999999761581421,6.199999809265137,0.8752,0.008,1.6012800931930542
v1916,9.987409591674805,0.800000011920929,23.5,8.224159240722656,5.699999809265137,1.100000023841858,20.700000762939453,0.46514047866805414,0.4172736732570239,2.4734652042388916
v1917,1.486419916152954,0.800000011920929,3.0,0.5619087815284729,1.399999976158142,0.800000011920929,2.200000047683716,1.0,0.0,0.12345679104328156
v1918,12.990249633789062,0.800000011920929,26.899999618530273,9.745733261108398,11.800000190734863,1.2999999523162842,25.0,0.36623067776456597,0.44589774078478,2.113198757171631
v1919,9.954734802246094,0.800000011920929,26.299999237060547,9.00039005279541,3.700000047683716,1.2999999523162842,22.100000381469727,0.5702393340270552,0.4120707596253902,1.7442247867584229
v192,6.856870174407959,0.800000011920929,18.0,4.1387434005737305,5.900000095367432,1.7000000476837158,12.5,0.4352399737015122,0.012491781722550954,2.1403024196624756
v1920,12.824662208557129,0.800000011920929,28.799999237060547,10.578123092651367,7.800000190734863,1.2999999523162842,26.5,0.3756503642039542,0.4183142559833507,2.322788715362549
v1921,3.4791998863220215,0.800000011920929,9.699999809265137,1.8173428773880005,3.299999952316284,1.100000023841858,5.900000095367432,0.792,0.0,0.7830400466918945
v1922,11.69271469116211,0.800000011920929,27.100000381469727,8.31109619140625,9.399999618530273,1.600000023841858,21.799999237060547,0.3267429760665973,0.42455775234131116,2.047658681869507
v1923,6.478613376617432,0.800000011920929,18.899999618530273,3.4669394493103027,6.400000095367432,1.7999999523162842,11.070000267028814,0.31640625,0.0146484375,2.353320360183716
v1924,14.615220069885254,0.800000011920929,29.0,10.429265975952148,12.0,1.600000023841858,27.0,0.26397146254458975,0.4447086801426873,2.2934601306915283
v1925,7.540679454803467,0.800000011920929,19.299999237060547,5.5628132820129395,5.099999904632568,1.2999999523162842,15.600000381469727,0.4921946740128558,0.12396694214876033,2.111294984817505
v1926,1.9530863761901855,0.800000011920929,4.099999904632568,0.8813691139221191,1.899999976158142,0.800000011920929,3.0999999046325684,1.0,0.0,0.31604939699172974
v1927,8.103189468383789,0.800000011920929,24.200000762939453,6.34992790222168,8.449999809265137,1.100000023841858,15.899999618530273,0.47831632653061223,0.16071428571428573,2.3058674335479736
v1928,3.1774306297302246,0.800000011920929,9.199999809265137,1.5513807535171509,3.1500000953674316,1.2000000476837158,5.049999952316284,0.8940972222222222,0.0,0.9895833134651184
v1929,10.195265769958496,0.800000011920929,23.899999618530273,7.949969291687012,6.900000095367432,1.2999999523162842,20.799999237060547,0.4204081632653061,0.41306122448979593,2.81012225151062
v193,1.9760329723358154,0.800000011920929,6.199999809265137,0.8218349814414978,1.899999976158142,1.0,3.0999999046325684,0.9954086317722681,0.0,0.4964187741279602
v1930,2.5190250873565674,0.800000011920929,9.600000381469727,1.362464189529419,2.299999952316284,1.100000023841858,3.9000000953674316,0.9500594530321046,0.0,0.7873958945274353
v1931,8.471175193786621,0.800000011920929,22.100000381469727,6.938903331756592,5.300000190734863,1.2000000476837158,18.0,0.4869927159209157,0.2934443288241415,1.9130072593688965
v1932,5.035555362701416,0.800000011920929,21.899999618530273,4.140593528747559,5.099999904632568,0.8999999761581421,9.720000267028807,0.49777777777777776,0.03111111111111111,1.7920000553131104
v1933,5.697551250457764,0.800000011920929,17.299999237060547,3.4763565063476562,5.5,1.5,9.899999618530273,0.4775510204081633,0.004081632653061225,1.622367262840271
v1934,11.777366638183594,0.800000011920929,27.799999237060547,10.78828239440918,3.5,1.2999999523162842,25.200000762939453,0.551440329218107,0.4444444444444444,1.5141290426254272
v1935,8.530073165893555,0.800000011920929,21.700000762939453,6.703882217407227,4.699999809265137,1.2999999523162842,17.799999237060547,0.5057232049947971,0.2611862643080125,2.1681580543518066
v1936,3.596055507659912,0.800000011920929,12.600000381469727,1.901339054107666,3.4000000953674316,1.2000000476837158,6.099999904632568,0.8056975894813733,0.0,1.3460921049118042
v1937,5.014583110809326,0.800000011920929,18.200000762939453,3.588087320327759,4.050000190734863,1.100000023841858,9.699999809265137,0.5069444444444444,0.005208333333333333,1.21875
v1938,1.6022491455078125,0.800000011920929,3.9000000953674316,0.5067486763000488,1.600000023841858,1.0,2.299999952316284,1.0,0.0,0.24844291806221008
v1939,7.887245178222656,0.800000011920929,20.799999237060547,6.0420966148376465,5.25,1.5,16.700000762939453,0.4885204081632653,0.19005102040816327,2.75
v194,3.5497140884399414,0.800000011920929,12.399999618530273,1.8030953407287598,3.299999952316284,1.2999999523162842,5.900000095367432,0.8351020408163266,0.0,1.4112653732299805
v1940,3.282853126525879,0.800000011920929,7.599999904632568,1.640090823173523,3.0999999046325684,1.2000000476837158,5.5,0.8203017832647462,0.0,0.5097393989562988
v1941,5.161179542541504,0.800000011920929,13.199999809265137,2.8563339710235596,5.099999904632568,1.2999999523162842,9.100000381469727,0.47599451303155005,0.0,1.0181069374084473
v1942,2.03292179107666,0.800000011920929,4.400000095367432,0.7188142538070679,2.0,1.080000019073486,3.0,1.0,0.0,0.31111112236976624
v1943,13.275482177734375,0.800000011920929,29.200000762939453,10.041696548461914,8.899999618530273,1.7000000476837158,26.5,0.2975206611570248,0.418732782369146,2.78347110748291
v1944,2.0708634853363037,0.800000011920929,6.599999904632568,0.9347517490386963,2.0,1.0,3.200000047683716,0.9791883454734651,0.0,0.5621228218078613
v1945,13.581926345825195,0.800000011920929,29.0,10.358880043029785,9.0,1.7000000476837158,26.700000762939453,0.3412604042806183,0.4423305588585018,2.656836986541748
v1946,5.589348793029785,0.800000011920929,13.5,3.6448276042938232,4.5,1.2000000476837158,10.399999618530273,0.5177514792899408,0.0,0.8491124510765076
v1947,12.697224617004395,0.800000011920929,28.5,9.792279243469238,8.199999809265137,1.7999999523162842,25.700000762939453,0.3273469387755102,0.3942857142857143,2.4997551441192627
v1948,7.512869358062744,0.800000011920929,21.0,5.629946708679199,4.699999809265137,1.2999999523162842,14.699999809265137,0.5103550295857988,0.08579881656804733,1.404437780380249
v1949,6.747066497802734,0.800000011920929,14.300000190734863,3.793898344039917,6.900000095367432,1.5,11.800000190734863,0.35841836734693877,0.0,1.791581630706787
v195,4.094375133514404,0.800000011920929,20.5,3.313728094100952,3.299999952316284,1.2000000476837158,8.419999694824224,0.7779401022644266,0.018261504747991233,2.366398811340332
v1950,9.733555793762207,0.800000011920929,23.600000381469727,8.13902759552002,4.900000095367432,1.100000023841858,20.299999237060547,0.5022222222222222,0.4177777777777778,2.2155556678771973
v1951,5.6192307472229,0.800000011920929,16.899999618530273,3.211073160171509,5.599999904632568,1.399999976158142,9.699999809265137,0.4068047337278107,0.004437869822485207,1.962130069732666
v1952,4.44320011138916,0.800000011920929,17.200000762939453,3.0211873054504395,3.799999952316284,1.2000000476837158,8.760000038146975,0.6688,0.0064,1.9967999458312988
v1953,2.278402328491211,0.800000011920929,11.199999809265137,1.3285133838653564,2.0,1.0,3.649999976158142,0.9511834319526628,0.0,0.8775147199630737
v1954,8.516069412231445,0.800000011920929,21.899999618530273,6.175295829772949,5.800000190734863,1.5,16.899999618530273,0.4573002754820937,0.21854912764003673,2.1300275325775146
v1955,13.091320991516113,0.800000011920929,28.200000762939453,10.650949478149414,6.699999809265137,1.600000023841858,26.399999618530273,0.3935790725326992,0.4280618311533888,1.9971463680267334
v1956,10.255708694458008,0.800000011920929,25.799999237060547,8.763946533203125,4.900000095367432,1.399999976158142,22.0,0.5017301038062284,0.3892733564013841,1.9359861612319946
v1957,1.3582186698913574,0.800000011920929,3.299999952316284,0.4280445873737335,1.2999999523162842,0.800000011920929,1.899999976158142,1.0,0.0,0.24187324941158295
v1958,1.5110204219818115,0.800000011920929,3.4000000953674316,0.4872590899467468,1.5,0.8999999761581421,2.200000047683716,1.0,0.0,0.2641632556915283
v1959,1.4950692653656006,0.800000011920929,3.4000000953674316,0.4636266827583313,1.5,0.8999999761581421,2.0999999046325684,1.0,0.0,0.24273356795310974
v196,2.455246925354004,0.800000011920929,15.399999618530273,2.136005401611328,1.899999976158142,1.0,3.700000047683716,0.9436728395061729,0.0007716049382716049,1.130864143371582
v1960,8.415433883666992,0.800000011920929,21.0,4.11361026763916,9.399999618530273,2.200000047683716,12.699999809265137,0.24744897959183673,0.02806122448979592,2.1885204315185547
v1961,8.808666229248047,0.800000011920929,21.299999237060547,4.825733184814453,9.5,2.200000047683716,15.100000381469727,0.28555555555555556,0.10111111111111111,2.821777820587158
v1962,10.189030647277832,0.800000011920929,23.700000762939453,6.550323963165283,10.300000190734863,1.7999999523162842,18.700000762939453,0.31505102040816324,0.3227040816326531,2.733163356781006
v1963,12.806333541870117,0.800000011920929,27.200000762939453,9.62371826171875,9.550000190734863,1.7000000476837158,25.0,0.3466666666666667,0.42777777777777776,2.6482224464416504
v1964,15.65252685546875,0.800000011920929,30.399999618530273,11.319091796875,11.800000190734863,1.7999999523162842,29.600000381469727,0.2460973370064279,0.4444444444444444,2.3952248096466064
v1965,2.17724609375,0.800000011920929,5.699999809265137,0.8702998161315918,2.0999999046325684,1.100000023841858,3.4000000953674316,0.9931640625,0.0,0.5439453125
v1966,1.830078125,0.800000011920929,5.400000095367432,0.7512447834014893,1.7000000476837158,1.0,2.9000000953674316,0.998046875,0.0,0.4828124940395355
v1967,1.9247404336929321,0.800000011920929,5.400000095367432,0.7443864345550537,1.7999999523162842,1.100000023841858,2.9000000953674316,0.9965397923875432,0.0,0.40553632378578186
v1968,2.0151207447052,0.800000011920929,10.399999618530273,1.2829490900039673,1.7000000476837158,1.0,3.4000000953674316,0.9488677867056245,0.0,0.8255660533905029
v1969,1.7493056058883667,0.800000011920929,5.699999809265137,0.7222645878791809,1.600000023841858,1.0,2.5,0.9938271604938271,0.0,0.40108025074005127
v197,14.22964096069336,0.800000011920929,28.0,10.676045417785645,17.399999618530273,1.2000000476837158,25.700000762939453,0.3684210526315789,0.5124653739612188,1.9141274690628052
v1970,4.69744348526001,0.800000011920929,20.200000762939453,3.2142648696899414,3.9000000953674316,1.5,9.219999885559087,0.6596055514974434,0.017531044558071585,2.48736310005188
v1971,11.38794994354248,0.800000011920929,26.200000762939453,8.341955184936523,8.350000381469727,1.7999999523162842,22.299999237060547,0.3476454293628809,0.3843490304709141,2.4193906784057617
v1972,8.051347732543945,0.800000011920929,22.399999618530273,4.767519474029541,8.5,1.7999999523162842,13.5,0.33714285714285713,0.053061224489795916,2.6852242946624756
v1973,9.602118492126465,0.800000011920929,22.399999618530273,6.495289325714111,8.100000381469727,1.7000000476837158,18.299999237060547,0.36011687363038714,0.3155588020452885,2.626004457473755
v1974,12.622991561889648,0.800000011920929,28.600000381469727,10.366581916809082,7.5,1.7999999523162842,26.799999237060547,0.38850415512465375,0.3829639889196676,2.3800554275512695
v1975,4.494668006896973,0.800000011920929,15.5,2.6070971488952637,4.0,1.600000023841858,8.0,0.6793279766252739,0.0007304601899196494,2.2311174869537354
v1976,9.053908348083496,0.800000011920929,22.700000762939453,5.861316680908203,8.0,1.7999999523162842,16.299999237060547,0.36376917457998537,0.21037253469685901,2.508108139038086
v1977,1.9607012271881104,0.800000011920929,9.699999809265137,1.235500454902649,1.7000000476837158,1.0,2.9000000953674316,0.9539810080350621,0.0,0.7795470952987671
v1978,3.3598713874816895,0.800000011920929,19.399999618530273,3.28041410446167,2.0999999046325684,1.2000000476837158,7.0,0.8567493112947658,0.01928374655647383,2.13572096824646
v1979,5.270530700683594,0.800000011920929,17.700000762939453,3.0163371562957764,5.099999904632568,1.5,9.300000190734863,0.4685714285714286,0.011428571428571429,2.28342866897583
v198,13.116727828979492,0.800000011920929,29.200000762939453,10.552433013916016,8.800000190734863,1.399999976158142,27.100000381469727,0.37034331628926226,0.422936449963477,3.6070125102996826
v1980,8.8092041015625,0.800000011920929,23.200000762939453,5.773834705352783,8.0,1.7000000476837158,16.5,0.36596055514974435,0.168736303871439,2.7500364780426025
v1981,10.729061126708984,0.800000011920929,24.200000762939453,7.46165657043457,8.199999809265137,1.899999976158142,20.100000381469727,0.35020408163265304,0.39755102040816326,2.119673490524292
v1982,3.9838736057281494,0.800000011920929,12.600000381469727,2.0868031978607178,3.700000047683716,1.5,6.75,0.7569444444444444,0.0,1.5307098627090454
v1983,13.342123031616211,0.800000011920929,28.399999618530273,9.723508834838867,10.300000190734863,1.8399999618530278,26.0,0.3036734693877551,0.4220408163265306,2.996408224105835
v1984,11.743111610412598,0.800000011920929,24.899999618530273,8.79336166381836,9.399999618530273,1.2999999523162842,22.36999950408936,0.36862244897959184,0.44260204081632654,1.954081654548645
v1985,7.732353210449219,0.800000011920929,20.799999237060547,5.062349319458008,6.449999809265137,1.600000023841858,14.600000381469727,0.41608996539792387,0.06055363321799308,1.9750866889953613
v1986,12.896528244018555,0.800000011920929,28.399999618530273,10.139627456665039,8.550000190734863,1.7999999523162842,26.100000381469727,0.3472222222222222,0.3873456790123457,2.0091049671173096
v1987,12.022775650024414,0.800000011920929,27.5,9.475912094116211,7.800000190734863,1.7000000476837158,24.600000381469727,0.37551020408163266,0.3893877551020408,2.6097958087921143
v1988,10.171289443969727,0.800000011920929,24.5,7.991452217102051,6.300000190734863,1.5,20.299999237060547,0.4462890625,0.4169921875,2.1636719703674316
v1989,8.895183563232422,0.800000011920929,23.899999618530273,5.587405681610107,8.399999618530273,1.7999999523162842,15.399999618530273,0.3510204081632653,0.12979591836734694,2.51885724067688
v199,2.3163435459136963,0.800000011920929,11.199999809265137,1.6026324033737183,1.899999976158142,1.0,4.0,0.9307479224376731,0.0,1.0842105150222778
v1990,4.085957050323486,0.800000011920929,16.0,2.4855949878692627,3.450000047683716,1.5,7.5,0.7307098765432098,0.0015432098765432098,1.8046296834945679
v1991,6.289120197296143,0.800000011920929,19.399999618530273,3.4393393993377686,6.400000095367432,1.7000000476837158,10.600000381469727,0.35802469135802467,0.019290123456790122,2.3652777671813965
v1992,6.568351745605469,0.800000011920929,19.5,4.406076431274414,5.099999904632568,1.399999976158142,12.5,0.48545706371191133,0.01731301939058172,1.851939082145691
v1993,6.494767665863037,0.800000011920929,17.200000762939453,3.6073641777038574,6.699999809265137,1.5,11.0,0.3912009512485137,0.007134363852556481,1.8627824783325195
v1994,6.330801010131836,0.800000011920929,19.100000381469727,3.780106782913208,6.5,1.5,11.100000381469727,0.441207075962539,0.01040582726326743,1.744640827178955
v1995,7.490368366241455,0.800000011920929,18.299999237060547,4.372584819793701,7.400000095367432,1.7000000476837158,12.800000190734863,0.3681632653061224,0.022857142857142857,2.2832653522491455
v1996,4.302083492279053,0.800000011920929,17.899999618530273,2.726926803588867,3.799999952316284,1.5,7.699999809265137,0.716820987654321,0.006944444444444444,1.8745369911193848
v1997,10.75650405883789,0.800000011920929,25.200000762939453,7.443423748016357,9.199999809265137,1.7999999523162842,20.100000381469727,0.3413111342351717,0.4183142559833507,2.1398541927337646
v1998,10.905623435974121,0.800000011920929,24.5,7.724452018737793,8.5,1.899999976158142,20.700000762939453,0.3538062283737024,0.4022491349480969,2.255882501602173
v1999,13.453710556030273,0.800000011920929,29.299999237060547,11.359660148620605,7.649999618530273,1.2999999523162842,28.100000381469727,0.3916015625,0.404296875,2.095703125
v20,9.823782920837402,0.800000011920929,23.200000762939453,7.082884311676025,6.900000095367432,2.0,19.700000762939453,0.4049586776859504,0.3269054178145087,2.428466558456421
v200,12.34245491027832,0.800000011920929,26.399999618530273,9.338232040405273,9.699999809265137,1.2999999523162842,24.299999237060547,0.34755463059313213,0.4339229968782518,2.951300621032715
v2000,1.951171875,0.800000011920929,6.400000095367432,0.8275166153907776,1.7999999523162842,1.0,3.0,0.9931640625,0.0,0.530468761920929
v2001,1.9688581228256226,0.800000011920929,6.0,0.7681027054786682,1.7999999523162842,1.100000023841858,2.9000000953674316,0.9930795847750865,0.0,0.412456750869751
v2002,1.990830421447754,0.800000011920929,6.0,0.7733017206192017,1.899999976158142,1.100000023841858,3.0,0.9930795847750865,0.0,0.4117647111415863
v2003,3.2616162300109863,0.800000011920929,14.0,2.1853413581848145,2.700000047683716,1.2000000476837158,6.099999904632568,0.8503213957759412,0.0,1.544719934463501
v2004,3.8345704078674316,0.800000011920929,17.0,2.984471082687378,2.9000000953674316,1.100000023841858,8.27000007629395,0.771484375,0.0068359375,2.2707033157348633
v2005,2.1334774494171143,0.800000011920929,8.0,0.9362242221832275,2.0,1.100000023841858,3.200000047683716,0.9805300162249865,0.0,0.645321786403656
v2006,11.30411148071289,0.800000011920929,24.899999618530273,8.01095199584961,9.100000381469727,1.7999999523162842,21.100000381469727,0.36777777777777776,0.43,2.000666618347168
v2007,10.57055950164795,0.800000011920929,22.700000762939453,7.403646469116211,10.600000381469727,1.399999976158142,19.359999465942384,0.3808,0.4352,1.8694400787353516
v2008,5.815360069274902,0.800000011920929,14.399999618530273,2.99216365814209,6.300000190734863,1.600000023841858,9.399999618530273,0.3888,0.0,1.4534399509429932
v2009,4.1416015625,0.800000011920929,13.800000190734863,2.307999849319458,3.5999999046325684,1.600000023841858,7.400000095367432,0.7255859375,0.0,1.715234398841858
v201,3.1016666889190674,0.800000011920929,14.100000381469727,2.5415279865264893,2.200000047683716,1.0,6.609999895095828,0.8522222222222222,0.0,1.3628888130187988
v2010,7.008506774902344,0.800000011920929,18.299999237060547,4.430757522583008,8.0,1.399999976158142,12.399999618530273,0.4131944444444444,0.029513888888888888,1.804513692855835
v2011,8.974559783935547,0.800000011920929,22.700000762939453,5.3638386726379395,10.199999809265137,1.7999999523162842,15.359999847412112,0.3168,0.1072,2.1801600456237793
v2012,3.9395060539245605,0.800000011920929,17.799999237060547,2.719956636428833,3.5,1.100000023841858,7.0,0.7421124828532236,0.006858710562414266,1.4724279642105103
v2013,5.442147254943848,0.800000011920929,18.600000381469727,3.486846685409546,4.599999904632568,1.4799999952316296,10.0,0.5157048940832725,0.009495982468955442,1.6544923782348633
v2014,11.756515502929688,0.800000011920929,26.5,6.660669326782227,13.800000190734863,2.0,19.5,0.23182441700960219,0.42935528120713307,2.157750368118286
v2015,12.173965454101562,0.800000011920929,28.0,9.150965690612793,8.399999618530273,2.0,24.799999237060547,0.326758711374096,0.3767258382642998,2.5351741313934326
v2016,10.786500930786133,0.800000011920929,23.899999618530273,6.38945198059082,12.0,1.7999999523162842,18.200000762939453,0.27180899908172634,0.3544536271808999,2.838383913040161
v2017,3.5077133178710938,0.800000011920929,10.699999809265137,1.6693848371505737,3.299999952316284,1.399999976158142,5.699999809265137,0.8393021120293848,0.0,1.2953168153762817
v2018,7.355555534362793,0.800000011920929,18.100000381469727,4.726767063140869,6.0,1.600000023841858,14.100000381469727,0.42932281393819854,0.05062458908612755,2.2132809162139893
v2019,3.3631834983825684,0.800000011920929,12.199999809265137,1.859165906906128,3.0,1.5,5.659999847412123,0.8612244897959184,0.0,1.3621225357055664
v202,3.5092592239379883,0.800000011920929,12.399999618530273,1.6677285432815552,3.4000000953674316,1.5,5.300000190734863,0.8541666666666666,0.0,1.0061728954315186
v2020,3.835314989089966,0.800000011920929,13.600000381469727,2.450824737548828,3.200000047683716,1.2999999523162842,7.400000095367432,0.7705112960760999,0.0,1.9821641445159912
v2021,2.6087234020233154,0.800000011920929,7.0,1.0653862953186035,2.5,1.2000000476837158,4.0,0.9761248852157943,0.0,0.7550045847892761
v2022,2.103292226791382,0.800000011920929,5.400000095367432,0.7832891941070557,2.0999999046325684,1.100000023841858,3.0999999046325684,0.9972565157750343,0.0,0.2938271462917328
v2023,3.12913179397583,0.800000011920929,12.300000190734863,1.7445604801177979,2.799999952316284,1.2999999523162842,5.199999809265137,0.8763376932223543,0.0,1.2014268636703491
v2024,12.875592231750488,0.800000011920929,25.799999237060547,9.191065788269043,10.199999809265137,1.600000023841858,23.899999618530273,0.3254437869822485,0.4526627218934911,1.9801775217056274
v2025,6.430941581726074,0.800000011920929,19.0,3.7344751358032227,6.199999809265137,1.7000000476837158,11.399999618530273,0.4104938271604938,0.015432098765432098,2.463426113128662
v2026,5.50902795791626,0.800000011920929,15.699999809265137,2.792978286743164,5.300000190734863,1.7000000476837158,9.199999809265137,0.43364197530864196,0.0007716049382716049,1.8297839164733887
v2027,9.595959663391113,0.800000011920929,22.200000762939453,5.8112874031066895,10.199999809265137,2.0999999046325684,17.100000381469727,0.3168044077134986,0.23324150596877868,2.7820019721984863
v2028,12.189013481140137,0.800000011920929,25.399999618530273,8.44871711730957,9.449999809265137,2.200000047683716,22.600000381469727,0.3209342560553633,0.43771626297577854,2.053114175796509
v2029,13.302335739135742,0.800000011920929,26.899999618530273,9.159834861755371,11.199999809265137,1.7000000476837158,24.5,0.28027681660899656,0.4602076124567474,2.5769896507263184
v203,11.048964500427246,0.800000011920929,23.0,6.692348480224609,12.75,1.7000000476837158,19.299999237060547,0.27662721893491127,0.40532544378698226,2.2452664375305176
v2030,10.866545677185059,0.800000011920929,25.200000762939453,7.689095497131348,7.900000095367432,2.0,20.899999618530273,0.36303871439006574,0.42074506939371803,2.5371804237365723
v2031,11.366666793823242,0.800000011920929,25.299999237060547,9.621578216552734,4.800000190734863,1.2000000476837158,22.899999618530273,0.5052083333333334,0.46875,1.511805534362793
v2032,3.5251479148864746,0.800000011920929,14.199999809265137,2.334324598312378,2.9000000953674316,1.2000000476837158,6.5,0.8224852071005917,0.0,1.7485207319259644
v2033,5.016699314117432,0.800000011920929,16.0,2.8837714195251465,4.599999904632568,1.5,9.199999809265137,0.564453125,0.005859375,2.031054735183716
v2034,3.399226665496826,0.800000011920929,13.199999809265137,1.8624995946884155,3.0999999046325684,1.2999999523162842,5.599999904632568,0.8477096966091612,0.0,1.2515169382095337
v2035,3.779589891433716,0.800000011920929,13.699999809265137,2.4312667846679688,3.0999999046325684,1.100000023841858,7.099999904632568,0.69140625,0.0,1.0478515625
v2036,2.456841230392456,0.800000011920929,7.400000095367432,1.0647846460342407,2.4000000953674316,1.2000000476837158,3.9000000953674316,0.9715335169880625,0.0,0.678971529006958
v2037,7.639476776123047,0.800000011920929,22.299999237060547,4.327927112579346,7.800000190734863,1.7000000476837158,13.100000381469727,0.31747919143876335,0.036860879904875146,2.518430471420288
v2038,3.8089847564697266,0.800000011920929,14.100000381469727,2.2883105278015137,3.5,1.2000000476837158,6.5,0.73828125,0.0,1.4113280773162842
v2039,13.795336723327637,0.800000011920929,26.899999618530273,7.721116542816162,17.299999237060547,2.299999952316284,22.0,0.21810699588477367,0.5473251028806584,1.9654321670532227
v204,3.470416307449341,0.800000011920929,17.399999618530273,2.8936054706573486,2.5,1.100000023841858,7.0,0.8239590942293645,0.009495982468955442,2.013732671737671
v2040,3.7893598079681396,0.800000011920929,14.600000381469727,2.4562041759490967,3.200000047683716,1.399999976158142,6.699999809265137,0.7897923875432526,0.0,1.6666088104248047
v2041,5.179604530334473,0.800000011920929,16.0,3.231163263320923,4.699999809265137,1.600000023841858,9.800000190734863,0.5348595213319459,0.008324661810613945,2.131945848464966
v2042,4.27344274520874,0.800000011920929,19.799999237060547,3.1176352500915527,3.4000000953674316,1.399999976158142,8.100000381469727,0.7188581314878892,0.01384083044982699,2.217819929122925
v2043,8.476482391357422,0.800000011920929,19.799999237060547,5.405447483062744,7.800000190734863,1.600000023841858,15.899999618530273,0.36524453694068676,0.14880332986472425,2.2915711402893066
v2044,13.24013614654541,0.800000011920929,27.5,11.493634223937988,5.099999904632568,1.0,25.700000762939453,0.4943310657596372,0.4897959183673469,0.9782313704490662
v2045,2.84619140625,0.800000011920929,19.0,2.7187399864196777,2.0,1.100000023841858,4.870000123977666,0.90234375,0.0107421875,1.550195336341858
v2046,10.25,0.800000011920929,23.299999237060547,6.844303131103516,9.800000190734863,1.5,19.100000381469727,0.3494897959183674,0.36607142857142855,2.458163261413574
v2047,1.802140474319458,0.800000011920929,5.099999904632568,0.7069017291069031,1.7000000476837158,0.8999999761581421,2.700000047683716,0.9988109393579072,0.0,0.35291317105293274
v2048,1.7531509399414062,0.800000011920929,4.599999904632568,0.662674069404602,1.7000000476837158,0.8999999761581421,2.5999999046325684,1.0,0.0,0.3277050852775574
v2049,10.667402267456055,0.800000011920929,24.799999237060547,8.090157508850098,8.300000190734863,1.2999999523162842,21.899999618530273,0.3939393939393939,0.39302112029384756,2.80918288230896
v205,7.2607340812683105,0.800000011920929,23.700000762939453,5.495564937591553,5.949999809265137,1.2999999523162842,14.600000381469727,0.4515235457063712,0.08240997229916898,3.264404535293579
v2050,12.954398155212402,0.800000011920929,29.700000762939453,10.72842788696289,7.5,1.399999976158142,28.0,0.3402777777777778,0.37808641975308643,2.6912038326263428
v2051,10.766281127929688,0.800000011920929,26.200000762939453,8.975854873657227,5.900000095367432,1.399999976158142,23.5,0.43132716049382713,0.375,2.212191343307495
v2052,12.328720092773438,0.800000011920929,27.600000381469727,9.607789039611816,8.0,1.7999999523162842,25.200000762939453,0.35207612456747406,0.3944636678200692,2.4685122966766357
v2053,7.6560187339782715,0.800000011920929,24.100000381469727,4.481297969818115,7.699999809265137,1.5,13.399999618530273,0.28858024691358025,0.05787037037037037,2.5645062923431396
v2054,11.945334434509277,0.800000011920929,27.0,10.702725410461426,5.449999809265137,1.2000000476837158,25.5,0.4811111111111111,0.42,1.6355555057525635
v2055,3.7101008892059326,0.800000011920929,12.199999809265137,1.8024135828018188,3.5999999046325684,1.2999999523162842,6.0,0.7933884297520661,0.0,1.1954087018966675
v2056,1.8241633176803589,0.800000011920929,4.699999809265137,0.6835827827453613,1.7000000476837158,1.0,2.700000047683716,1.0,0.0,0.4466938376426697
v2057,1.9986883401870728,0.800000011920929,5.900000095367432,0.7808311581611633,1.899999976158142,1.100000023841858,2.9000000953674316,0.9945987654320988,0.0,0.47175928950309753
v2058,6.464999198913574,0.800000011920929,28.299999237060547,9.783254623413086,2.200000047683716,0.800000011920929,27.510000038146973,0.82,0.18,0.5539999604225159
v2059,4.529565811157227,0.800000011920929,16.799999237060547,2.9285807609558105,3.9000000953674316,1.399999976158142,9.100000381469727,0.7156454491374182,0.007138607971445568,2.1199285984039307
v206,9.228086471557617,0.800000011920929,25.399999618530273,9.118697166442871,3.0,1.2999999523162842,22.200000762939453,0.6188271604938271,0.375,1.4589506387710571
v2060,2.129629611968994,0.800000011920929,4.800000190734863,0.9979539513587952,2.200000047683716,0.800000011920929,3.5999999046325684,1.0,0.0,0.5407407283782959
v2061,4.140571594238281,0.800000011920929,22.899999618530273,3.208439588546753,3.4000000953674316,1.5,7.360000133514418,0.7918367346938775,0.02040816326530612,1.94448983669281
v2062,12.144471168518066,0.800000011920929,27.600000381469727,11.320845603942871,4.099999904632568,1.2000000476837158,26.299999237060547,0.5374554102259215,0.4280618311533888,1.1964327096939087
v2063,3.6852076053619385,0.800000011920929,16.0,2.0959503650665283,3.5,1.2999999523162842,5.900000095367432,0.828719723183391,0.0025951557093425604,1.4129756689071655
v2064,3.972489595413208,0.800000011920929,14.600000381469727,2.0029211044311523,3.799999952316284,1.399999976158142,6.400000095367432,0.6881632653061225,0.0,1.1544489860534668
v2065,11.224930763244629,0.800000011920929,26.200000762939453,8.274083137512207,8.600000381469727,1.5,22.200000762939453,0.3511080332409972,0.3871191135734072,2.969252109527588
v2066,3.3529086112976074,0.800000011920929,13.5,2.02291202545166,3.0,1.2000000476837158,5.800000190734863,0.8621883656509696,0.0,1.4977840185165405
v2067,11.683234214782715,0.800000011920929,25.700000762939453,8.00143051147461,10.699999809265137,1.5,21.299999237060547,0.3162901307966706,0.4470868014268728,2.6397147178649902
v2068,11.314013481140137,0.800000011920929,24.5,7.106663227081299,12.600000381469727,1.600000023841858,20.299999237060547,0.28719723183391005,0.393598615916955,3.1743946075439453
v2069,11.627918243408203,0.800000011920929,26.200000762939453,8.187637329101562,9.899999618530273,1.7000000476837158,22.899999618530273,0.3273469387755102,0.3983673469387755,3.075918436050415
v207,5.1252593994140625,0.800000011920929,13.199999809265137,2.5334651470184326,5.099999904632568,1.600000023841858,8.449999809265137,0.4818339100346021,0.0,1.7204152345657349
v2070,2.815999984741211,0.800000011920929,9.0,1.454587697982788,2.5,1.100000023841858,4.699999809265137,0.9102040816326531,0.0,1.1248979568481445
v2071,9.65449333190918,0.800000011920929,23.100000381469727,5.697782516479492,9.899999618530273,2.0,16.700000762939453,0.28515625,0.2099609375,2.8343749046325684
v2072,8.395410537719727,0.800000011920929,21.0,5.062780857086182,8.899999618530273,1.5,14.300000190734863,0.337890625,0.0703125,2.302929639816284
v2073,3.3717994689941406,0.800000011920929,15.199999809265137,2.3938393592834473,2.700000047683716,1.2000000476837158,6.5,0.8391003460207612,0.0008650519031141869,1.6449826955795288
v2074,1.7209877967834473,0.800000011920929,3.5999999046325684,0.6794543862342834,1.7999999523162842,0.800000011920929,2.5999999046325684,1.0,0.0,0.2271604686975479
v2075,10.393999099731445,0.800000011920929,24.899999618530273,8.092585563659668,6.400000095367432,1.5,20.799999237060547,0.42,0.42,1.903111219406128
v2076,4.797555923461914,0.800000011920929,19.299999237060547,3.5065009593963623,3.9000000953674316,1.2999999523162842,10.0,0.6555555555555556,0.017777777777777778,2.6488888263702393
v2077,10.594104766845703,0.800000011920929,24.600000381469727,7.148406505584717,10.100000381469727,1.7000000476837158,20.399999618530273,0.31859410430839,0.3429705215419501,3.7521541118621826
v2078,2.8413443565368652,0.800000011920929,9.5,1.4205267429351807,2.5999999046325684,1.2000000476837158,4.900000095367432,0.9086924762600438,0.0,1.0188459157943726
v2079,3.3036859035491943,0.800000011920929,12.100000381469727,1.7134976387023926,3.299999952316284,1.100000023841858,5.300000190734863,0.8715814506539834,0.0,0.9598098397254944
v208,1.706062912940979,0.800000011920929,4.5,0.6028055548667908,1.600000023841858,1.0,2.5,1.0,0.0,0.25682979822158813
v2080,16.360761642456055,0.800000011920929,30.799999237060547,11.668063163757324,14.199999809265137,1.399999976158142,29.899999618530273,0.25326991676575505,0.4946492271105826,2.4594528675079346
v2081,3.8281145095825195,0.800000011920929,16.5,2.686032772064209,3.200000047683716,1.2000000476837158,7.199999809265137,0.7863321799307958,0.004325259515570935,1.861764669418335
v2082,4.473224639892578,0.800000011920929,20.200000762939453,3.107647180557251,3.5999999046325684,1.6400000333786016,8.5,0.7224489795918367,0.015510204081632653,2.3077549934387207
v2083,11.35930347442627,0.800000011920929,25.100000381469727,6.932076454162598,10.800000190734863,2.5,20.700000762939453,0.26232741617357,0.3806706114398422,2.8043394088745117
v2084,14.2666654586792,0.800000011920929,30.899999618530273,12.666264533996582,6.099999904632568,1.7999999523162842,30.399999618530273,0.4444444444444444,0.4049967126890204,1.6986193656921387
v2085,14.242332458496094,0.800000011920929,29.600000381469727,11.270485877990723,8.800000190734863,1.6800000429153454,27.899999618530273,0.3434343434343434,0.4380165289256198,2.1022956371307373
v2086,4.296712875366211,0.800000011920929,21.299999237060547,3.391237735748291,3.4000000953674316,1.2999999523162842,8.399999618530273,0.7304601899196493,0.02337472607742878,2.3351352214813232
v2087,2.452854871749878,0.800000011920929,5.900000095367432,0.9212802648544312,2.4000000953674316,1.2999999523162842,3.700000047683716,0.9907407407407407,0.0,0.5436728000640869
v2088,1.8138889074325562,0.800000011920929,6.300000190734863,0.8047841191291809,1.600000023841858,1.0,2.799999952316284,0.9922839506172839,0.0,0.5910493731498718
v2089,4.156898021697998,0.800000011920929,17.899999618530273,2.955416202545166,3.5999999046325684,1.2000000476837158,7.800000190734863,0.7273469387755102,0.010612244897959184,2.073795795440674
v209,6.276210784912109,0.800000011920929,17.0,3.912830114364624,6.300000190734863,1.2999999523162842,11.100000381469727,0.4541522491349481,0.006055363321799308,1.8243944644927979
v2090,1.5480103492736816,0.800000011920929,4.5,0.5705317258834839,1.5,0.8999999761581421,2.299999952316284,1.0,0.0,0.35968858003616333
v2091,13.758204460144043,0.800000011920929,28.799999237060547,10.178298950195312,11.699999809265137,1.399999976158142,26.799999237060547,0.29061224489795917,0.44326530612244897,3.4648163318634033
v2092,7.21818208694458,0.800000011920929,16.100000381469727,4.661577224731445,5.900000095367432,1.5,13.600000381469727,0.43526170798898073,0.023875114784205693,1.7737373113632202
v2093,2.9334027767181396,0.800000011920929,14.300000190734863,1.8979966640472412,2.5,1.2000000476837158,4.900000095367432,0.9042663891779397,0.0,1.247450590133667
v2094,1.6370371580123901,0.800000011920929,3.200000047683716,0.6385641098022461,1.7000000476837158,0.800000011920929,2.5,1.0,0.0,0.28641974925994873
v2095,9.893750190734863,0.800000011920929,22.600000381469727,6.791140556335449,8.899999618530273,1.399999976158142,18.700000762939453,0.3388671875,0.33203125,2.9117186069488525
v2096,1.9859375953674316,0.800000011920929,4.400000095367432,0.6888746619224548,1.899999976158142,1.100000023841858,2.9000000953674316,1.0,0.0,0.3882812261581421
v2097,6.769237995147705,0.800000011920929,26.200000762939453,5.09199857711792,5.199999809265137,1.600000023841858,14.380000114440936,0.465564738292011,0.09182736455463728,3.541781425476074
v2098,13.275603294372559,0.800000011920929,28.799999237060547,10.5011568069458,9.0,1.7000000476837158,27.399999618530273,0.3279766252739226,0.38349159970781593,2.5228631496429443
v2099,4.456475734710693,0.800000011920929,18.700000762939453,3.0349204540252686,3.5999999046325684,1.5,8.699999809265137,0.6890203813280736,0.009861932938856016,2.1679160594940186
v21,5.946467399597168,0.800000011920929,16.5,3.5561163425445557,5.099999904632568,1.6300000309944165,11.0,0.4903047091412742,0.002770083102493075,1.647783875465393
v210,5.256190776824951,0.800000011920929,23.700000762939453,3.65250825881958,4.5,1.600000023841858,9.699999809265137,0.584593572778828,0.036862003780718335,2.566824197769165
v2100,13.594083786010742,0.800000011920929,29.100000381469727,10.307698249816895,9.300000190734863,1.7000000476837158,27.200000762939453,0.26515704894083275,0.3915266617969321,2.249086856842041
v2101,2.2153396606445312,0.800000011920929,10.800000190734863,1.1980499029159546,2.0,1.100000023841858,3.299999952316284,0.9612856099342586,0.0,0.7371804118156433
v2102,15.825897216796875,0.800000011920929,30.299999237060547,12.543456077575684,13.699999809265137,1.100000023841858,29.600000381469727,0.3553875236294896,0.4914933837429111,1.889224886894226
v2103,2.694766044616699,0.800000011920929,7.5,1.1450456380844116,2.5,1.2999999523162842,4.199999809265137,0.9513314967860422,0.0,0.7415977716445923
v2104,6.952666282653809,0.800000011920929,20.700000762939453,4.1724853515625,6.699999809265137,1.600000023841858,12.600000381469727,0.3403944485025566,0.04309715120525932,2.102264404296875
v2105,8.961650848388672,0.800000011920929,22.899999618530273,6.392105579376221,7.099999904632568,1.399999976158142,18.100000381469727,0.36449963476990505,0.2483564645726808,2.448648452758789
v2106,3.1241414546966553,0.800000011920929,12.5,1.8048436641693115,2.799999952316284,1.2000000476837158,5.300000190734863,0.882414151925078,0.0,1.3009364604949951
v2107,14.194648742675781,0.800000011920929,30.399999618530273,12.19429874420166,7.0,1.399999976158142,29.200000762939453,0.4268727705112961,0.4304399524375743,2.005469560623169
v2108,14.230401039123535,0.800000011920929,29.799999237060547,10.856278419494629,10.600000381469727,1.7000000476837158,28.399999618530273,0.2770061728395062,0.4074074074074074,2.6737654209136963
v2109,11.565397262573242,0.800000011920929,26.600000381469727,8.949980735778809,7.149999618530273,1.7000000476837158,23.65000057220459,0.3615916955017301,0.39705882352941174,2.128373622894287
v211,3.2997922897338867,0.800000011920929,20.399999618530273,3.4898695945739746,2.0,1.0,7.800000190734863,0.8441828254847645,0.024238227146814405,2.3286705017089844
v2110,6.672266006469727,0.800000011920929,19.299999237060547,5.0451178550720215,4.199999809265137,1.399999976158142,13.899999618530273,0.556640625,0.0625,1.346093773841858
v2111,13.736773490905762,0.800000011920929,29.399999618530273,10.502277374267578,10.300000190734863,1.7999999523162842,27.799999237060547,0.3074792243767313,0.39335180055401664,2.9616341590881348
v2112,2.4367311000823975,0.800000011920929,5.900000095367432,0.9812151193618774,2.4000000953674316,1.2000000476837158,3.700000047683716,0.9816345270890725,0.0,0.5689623355865479
v2113,2.0958845615386963,0.800000011920929,12.5,1.2070822715759277,2.0,1.0,2.799999952316284,0.9725651577503429,0.0,0.6345678567886353
v2114,10.975086212158203,0.800000011920929,24.5,7.502931594848633,8.75,1.7000000476837158,20.600000381469727,0.3036332179930796,0.4143598615916955,2.5359861850738525
v2115,13.231921195983887,0.800000011920929,28.200000762939453,10.097132682800293,9.800000190734863,1.600000023841858,26.600000381469727,0.34550766983199416,0.41197954711468227,3.1195032596588135
v2116,7.3409037590026855,0.800000011920929,21.100000381469727,4.200273513793945,8.0,1.600000023841858,12.399999618530273,0.34244946492271106,0.028537455410225922,2.4406659603118896
v2117,14.95069408416748,0.800000011920929,30.600000381469727,11.386080741882324,10.399999618530273,1.899999976158142,29.700000762939453,0.2646604938271605,0.4112654320987654,2.2550923824310303
v2118,9.239750862121582,0.800000011920929,25.0,9.088858604431152,3.299999952316284,1.2999999523162842,22.100000381469727,0.6149584487534626,0.36149584487534625,0.9445983171463013
v2119,1.5851850509643555,0.800000011920929,3.200000047683716,0.6214501261711121,1.600000023841858,0.800000011920929,2.4000000953674316,1.0,0.0,0.28641974925994873
v212,7.600000381469727,0.800000011920929,24.299999237060547,5.632507801055908,6.199999809265137,1.2000000476837158,15.0,0.4397370343316289,0.09861212563915267,3.0848796367645264
v2120,9.988241195678711,0.800000011920929,26.0,8.98843765258789,3.799999952316284,1.2999999523162842,21.799999237060547,0.5525494276795005,0.4120707596253902,1.5028095245361328
v2121,9.138121604919434,0.800000011920929,21.899999618530273,4.824008941650391,9.699999809265137,2.0,15.199999809265137,0.22938775510204082,0.1036734693877551,2.378122329711914
v2122,10.959810256958008,0.800000011920929,23.799999237060547,6.826693058013916,11.800000190734863,1.7999999523162842,19.5,0.28894173602853745,0.4173602853745541,2.3590962886810303
v2123,11.80888843536377,0.800000011920929,25.0,10.502004623413086,3.700000047683716,0.8999999761581421,23.700000762939453,0.52,0.48,0.8942221403121948
v2124,2.2228572368621826,0.800000011920929,5.800000190734863,0.8876292109489441,2.200000047683716,1.100000023841858,3.4000000953674316,0.9910204081632653,0.0,0.5113469362258911
v2125,13.379464149475098,0.800000011920929,28.299999237060547,11.189108848571777,6.550000190734863,1.399999976158142,27.0,0.40433673469387754,0.4362244897959184,1.1834182739257812
v2126,12.824196815490723,0.800000011920929,26.799999237060547,10.949557304382324,5.099999904632568,1.2000000476837158,24.919999694824217,0.499054820415879,0.4763705103969754,0.7909262776374817
v2127,15.868846893310547,0.800000011920929,30.299999237060547,11.902703285217285,14.0,1.2999999523162842,29.600000381469727,0.31985731272294887,0.4803804994054697,1.7281808853149414
v2128,3.6170413494110107,0.800000011920929,15.800000190734863,2.2390589714050293,3.200000047683716,1.399999976158142,6.099999904632568,0.8278546712802768,0.0017301038062283738,1.4551903009414673
v2129,4.103489398956299,0.800000011920929,17.200000762939453,2.8732972145080566,3.299999952316284,1.399999976158142,8.300000190734863,0.7483930211202938,0.005509641873278237,2.280808210372925
v213,6.805113315582275,0.800000011920929,21.399999618530273,4.602430820465088,6.099999904632568,1.2999999523162842,12.600000381469727,0.4411979547114682,0.03360116873630387,2.648648738861084
v2130,14.603328704833984,0.800000011920929,29.0,10.991114616394043,10.399999618530273,1.7000000476837158,27.600000381469727,0.3007284079084287,0.4474505723204995,2.0670135021209717
v2131,11.015666007995605,0.800000011920929,24.299999237060547,8.52812671661377,7.5,1.399999976158142,21.700000762939453,0.4177777777777778,0.42777777777777776,2.2162222862243652
v2132,3.11533522605896,0.800000011920929,12.600000381469727,1.6541218757629395,2.799999952316284,1.399999976158142,5.0,0.898989898989899,0.0,1.1838384866714478
v2133,9.829468727111816,0.800000011920929,25.299999237060547,5.9357008934021,10.100000381469727,1.7400000095367438,16.959999847412124,0.3004081632653061,0.2587755102040816,2.551347017288208
v2134,14.310240745544434,0.800000011920929,27.799999237060547,10.360321998596191,13.899999618530273,1.5,26.100000381469727,0.3184,0.4912,2.3401601314544678
v2135,10.799200057983398,0.800000011920929,23.600000381469727,8.027838706970215,8.300000190734863,1.399999976158142,20.859999465942384,0.3952,0.4608,1.8134400844573975
v2136,13.715089797973633,0.800000011920929,28.299999237060547,11.45273494720459,7.5,1.399999976158142,26.899999618530273,0.44718792866941015,0.4444444444444444,1.3791495561599731
v2137,1.6617282629013062,0.800000011920929,3.4000000953674316,0.656509280204773,1.7000000476837158,0.800000011920929,2.5,1.0,0.0,0.29629629850387573
v2138,1.604938268661499,0.800000011920929,3.200000047683716,0.6310683488845825,1.600000023841858,0.800000011920929,2.5,1.0,0.0,0.28148147463798523
v2139,3.9585554599761963,0.800000011920929,14.199999809265137,2.2671332359313965,3.799999952316284,1.2999999523162842,7.0,0.7666666666666667,0.0,1.3788888454437256
v214,3.518827199935913,0.800000011920929,18.399999618530273,3.307860851287842,2.299999952316284,1.100000023841858,8.150000095367432,0.8171296296296297,0.016975308641975308,2.2722222805023193
v2140,6.548379898071289,0.800000011920929,18.100000381469727,3.784499406814575,6.5,1.600000023841858,11.399999618530273,0.408179012345679,0.010802469135802469,2.074228525161743
v2141,6.620438575744629,0.800000011920929,18.0,3.777397394180298,6.900000095367432,1.399999976158142,11.399999618530273,0.3278463648834019,0.0205761316872428,2.3338820934295654
v2142,8.65493392944336,0.800000011920929,21.899999618530273,6.3251190185546875,6.5,1.399999976158142,16.799999237060547,0.4447086801426873,0.20451843043995244,2.140784740447998
v2143,7.574300765991211,0.800000011920929,18.799999237060547,5.051927089691162,5.900000095367432,1.600000023841858,14.699999809265137,0.4330755502676978,0.08804283164782867,2.4954192638397217
v2144,13.201902389526367,0.800000011920929,29.399999618530273,10.34166145324707,8.300000190734863,1.600000023841858,26.100000381469727,0.3400713436385256,0.4280618311533888,2.3695600032806396
v2145,1.4950692653656006,0.800000011920929,3.299999952316284,0.4665283262729645,1.5,0.8999999761581421,2.0999999046325684,1.0,0.0,0.2461937814950943
v2146,4.919470310211182,0.800000011920929,20.299999237060547,3.1902852058410645,4.199999809265137,1.7000000476837158,9.100000381469727,0.6275992438563327,0.020321361058601134,2.4035916328430176
v2147,8.690135955810547,0.800000011920929,22.0,7.281914710998535,4.199999809265137,1.5,18.399999618530273,0.5478515625,0.3662109375,1.080664038658142
v2148,2.8286705017089844,0.800000011920929,10.399999618530273,1.31085205078125,2.5999999046325684,1.2999999523162842,4.400000095367432,0.9349030470914127,0.0,0.9894737005233765
v215,3.3505589962005615,0.800000011920929,10.5,1.7158926725387573,3.200000047683716,1.2000000476837158,5.599999904632568,0.8533859303090072,0.0,1.0330045223236084
v216,11.101469993591309,0.800000011920929,27.399999618530273,9.759442329406738,6.400000095367432,1.100000023841858,23.899999618530273,0.47020408163265304,0.4057142857142857,2.5033469200134277
v217,4.540972709655762,0.800000011920929,23.700000762939453,4.6032257080078125,2.5999999046325684,1.100000023841858,11.600000381469727,0.7091049382716049,0.05941358024691358,3.3217592239379883
v218,6.412577152252197,0.800000011920929,22.100000381469727,4.251420021057129,6.099999904632568,1.399999976158142,11.899999618530273,0.4243827160493827,0.031635802469135804,2.385648250579834
v219,12.463543891906738,0.800000011920929,27.799999237060547,10.120240211486816,6.900000095367432,1.7000000476837158,25.5,0.36639118457300274,0.40128558310376494,1.6591368913650513
v22,4.418448448181152,0.800000011920929,20.899999618530273,3.8698883056640625,2.799999952316284,1.2000000476837158,10.5,0.7004081632653061,0.025306122448979593,2.8855509757995605
v220,1.9202018976211548,0.800000011920929,5.400000095367432,0.7032102346420288,1.899999976158142,1.0,2.799999952316284,0.9990817263544536,0.0,0.2833792269229889
v221,8.56376838684082,0.800000011920929,24.200000762939453,7.644537448883057,3.9000000953674316,1.2000000476837158,19.5,0.5544192841490139,0.3557341124908692,1.90182626247406
v222,13.3214693069458,0.800000011920929,30.0,11.709332466125488,7.5,1.399999976158142,28.899999618530273,0.38040816326530613,0.3820408163265306,1.3635919094085693
v223,4.30096960067749,0.800000011920929,21.100000381469727,3.5582525730133057,3.200000047683716,1.2999999523162842,8.699999809265137,0.7340720221606648,0.02631578947368421,2.497229814529419
v224,2.5061728954315186,0.800000011920929,10.300000190734863,1.5340001583099365,2.200000047683716,1.100000023841858,4.400000095367432,0.9212962962962963,0.0,1.078086495399475
v225,3.1819100379943848,0.800000011920929,9.300000190734863,1.4176098108291626,3.0999999046325684,1.2999999523162842,4.820000171661381,0.90633608815427,0.0,0.7972452640533447
v226,4.439274311065674,0.800000011920929,14.800000190734863,2.7104949951171875,4.400000095367432,1.2000000476837158,8.0,0.6165123456790124,0.0,1.9226853847503662
v227,3.5588572025299072,0.800000011920929,13.800000190734863,1.9390227794647217,3.299999952316284,1.2999999523162842,5.900000095367432,0.8408163265306122,0.0,1.2832653522491455
v228,5.831263542175293,0.800000011920929,16.100000381469727,4.237710475921631,3.9000000953674316,1.2999999523162842,11.800000190734863,0.5646457268078889,0.005113221329437546,1.1631848812103271
v229,8.940995216369629,0.800000011920929,24.799999237060547,6.839019775390625,6.099999904632568,1.600000023841858,19.700000762939453,0.43861546782044347,0.26176311519740403,3.072688102722168
v23,13.990625381469727,0.800000011920929,27.399999618530273,11.467412948608398,10.75,1.100000023841858,26.34999942779541,0.4296875,0.4921875,1.017187476158142
v230,4.10745096206665,0.800000011920929,26.399999618530273,4.193739891052246,2.5,1.100000023841858,10.100000381469727,0.7910883856829802,0.036523009495982466,2.9640612602233887
v231,5.047101974487305,0.800000011920929,18.600000381469727,3.2274022102355957,4.800000190734863,1.5,9.0,0.52,0.02040816326530612,2.0742857456207275
v232,4.949638366699219,0.800000011920929,21.700000762939453,2.9691691398620605,4.5,1.600000023841858,8.399999618530273,0.5621301775147929,0.009861932938856016,1.9387245178222656
v233,4.030709266662598,0.800000011920929,16.899999618530273,2.6393022537231445,3.700000047683716,1.2000000476837158,7.099999904632568,0.7491349480968859,0.005190311418685121,1.816781997680664
v234,4.366126537322998,0.800000011920929,23.399999618530273,4.357670307159424,2.700000047683716,1.100000023841858,10.650000095367432,0.7430555555555556,0.05092592592592592,3.1186728477478027
v235,9.81184196472168,0.800000011920929,24.299999237060547,6.371135234832764,8.5,1.7999999523162842,18.100000381469727,0.3268698060941828,0.3254847645429363,2.6782548427581787
v236,2.040740728378296,0.800000011920929,3.9000000953674316,0.8831449747085571,2.0999999046325684,0.800000011920929,3.200000047683716,1.0,0.0,0.3234567642211914
v237,5.313142776489258,0.800000011920929,20.600000381469727,3.5527992248535156,5.0,1.2000000476837158,10.199999809265137,0.4963265306122449,0.014693877551020407,2.529632806777954
v238,11.417620658874512,0.800000011920929,26.299999237060547,8.650670051574707,8.199999809265137,1.7999999523162842,23.0,0.3629191321499014,0.39447731755424065,3.0153844356536865
v239,4.283918380737305,0.800000011920929,21.600000381469727,3.9135069847106934,2.9000000953674316,1.2000000476837158,9.699999809265137,0.7551020408163265,0.037551020408163265,2.8104491233825684
v24,1.5104671716690063,0.800000011920929,3.299999952316284,0.4952048361301422,1.5,0.8999999761581421,2.200000047683716,1.0,0.0,0.2759515643119812
v240,2.814784526824951,0.800000011920929,12.399999618530273,1.9878630638122559,2.299999952316284,1.100000023841858,5.099999904632568,0.8980716253443526,0.0,1.3309457302093506
v241,4.033024311065674,0.800000011920929,20.600000381469727,4.030670166015625,2.4000000953674316,1.100000023841858,10.100000381469727,0.7638888888888888,0.041666666666666664,2.7756173610687256
v242,13.249804496765137,0.800000011920929,28.299999237060547,11.142848014831543,8.399999618530273,1.2000000476837158,27.100000381469727,0.4150390625,0.435546875,2.561718702316284
v243,2.7597553730010986,0.800000011920929,11.699999809265137,1.7237893342971802,2.4000000953674316,1.100000023841858,4.699999809265137,0.9053061224489796,0.0,1.1678367853164673
v244,2.5350584983825684,0.800000011920929,11.300000190734863,1.4823147058486938,2.200000047683716,1.100000023841858,4.300000190734863,0.9345703125,0.0,0.9697265625
v245,6.905522346496582,0.800000011920929,18.299999237060547,3.846271276473999,7.0,1.899999976158142,11.699999809265137,0.3938198553583169,0.01051939513477975,1.9827743768692017
v246,3.9589743614196777,0.800000011920929,16.0,2.7770190238952637,3.299999952316284,1.2000000476837158,7.5,0.7705456936226167,0.0046022353714661405,2.085470199584961
v247,10.970928192138672,0.800000011920929,24.299999237060547,7.89503288269043,7.900000095367432,1.7999999523162842,21.700000762939453,0.3345507669831994,0.3805697589481373,2.6030681133270264
v248,11.687603950500488,0.800000011920929,27.200000762939453,9.547237396240234,7.800000190734863,1.2000000476837158,24.399999618530273,0.39302112029384756,0.42240587695133147,2.8741965293884277
v249,2.8774237632751465,0.800000011920929,10.399999618530273,1.4889212846755981,2.5999999046325684,1.2000000476837158,4.699999809265137,0.909972299168975,0.0,1.0218837261199951
v25,5.793296813964844,0.800000011920929,20.5,3.6409692764282227,5.5,1.4799999952316296,10.5,0.46189164370982555,0.018365472910927456,2.025160551071167
v250,4.625246524810791,0.800000011920929,13.800000190734863,2.5087997913360596,4.900000095367432,1.2999999523162842,7.599999904632568,0.5121630506245891,0.0,1.2560158967971802
v251,10.716897010803223,0.800000011920929,25.600000381469727,8.577800750732422,7.0,1.399999976158142,22.799999237060547,0.4076265614727153,0.3622616699539776,2.5940825939178467
v252,3.3466122150421143,0.800000011920929,16.100000381469727,2.200951337814331,2.9000000953674316,1.2999999523162842,5.900000095367432,0.8685714285714285,0.0024489795918367346,1.4912652969360352
v253,2.8360352516174316,0.800000011920929,11.399999618530273,1.9320690631866455,2.299999952316284,1.0,5.599999904632568,0.87890625,0.0,1.2267577648162842
v254,9.209972381591797,0.800000011920929,24.200000762939453,7.738853931427002,5.0,1.2000000476837158,19.67000064849854,0.49445983379501385,0.37465373961218834,2.424099922180176
v255,11.117777824401855,0.800000011920929,25.100000381469727,7.684551239013672,8.949999809265137,1.600000023841858,20.5,0.33444444444444443,0.44333333333333336,2.3577778339385986
v256,2.737283706665039,0.800000011920929,9.800000190734863,1.6217602491378784,2.299999952316284,1.0,5.199999809265137,0.8832179930795848,0.0,1.1807957887649536
v257,15.262543678283691,0.800000011920929,30.0,10.95570182800293,12.350000381469727,1.7999999523162842,28.899999618530273,0.23961937716262977,0.435121107266436,2.579411745071411
v258,5.03241491317749,0.800000011920929,13.199999809265137,2.9618396759033203,4.699999809265137,1.2999999523162842,8.899999618530273,0.5142332415059688,0.0,1.2762166261672974
v259,10.312591552734375,0.800000011920929,25.100000381469727,9.222464561462402,3.9000000953674316,1.2000000476837158,22.5,0.5306971904266389,0.4120707596253902,1.6395421028137207
v26,3.2173829078674316,0.800000011920929,9.199999809265137,1.3930598497390747,3.0999999046325684,1.399999976158142,4.900000095367432,0.9052734375,0.0,0.9785156846046448
v260,3.3499996662139893,0.800000011920929,17.600000381469727,2.8073782920837402,2.4000000953674316,1.100000023841858,7.300000190734863,0.8402777777777778,0.004629629629629629,2.0432097911834717
v261,2.808181047439575,0.800000011920929,10.899999618530273,1.8146165609359741,2.299999952316284,1.100000023841858,5.400000095367432,0.8809349890430972,0.0,1.295544147491455
v262,10.297152519226074,0.800000011920929,23.700000762939453,5.723190784454346,11.300000190734863,2.0,17.299999237060547,0.24242424242424243,0.263544536271809,2.431588649749756
v263,4.248312473297119,0.800000011920929,14.600000381469727,2.230868101119995,4.0,1.5,7.099999904632568,0.695625,0.0,1.7163749933242798
v264,4.603020668029785,0.800000011920929,13.399999618530273,2.1662416458129883,4.599999904632568,1.6400000333786016,7.300000190734863,0.5697959183673469,0.0,1.3464488983154297
v265,2.242361068725586,0.800000011920929,11.199999809265137,1.427449345588684,1.899999976158142,1.0,3.799999952316284,0.9390432098765432,0.0,1.0128086805343628
v266,2.056657552719116,0.800000011920929,8.100000381469727,1.0377777814865112,1.7999999523162842,1.0,3.200000047683716,0.9724517906336089,0.0,0.6741966009140015
v267,3.6258385181427,0.800000011920929,17.200000762939453,3.0277843475341797,2.5,1.100000023841858,7.699999809265137,0.7856673241288626,0.009861932938856016,2.0256409645080566
v268,1.9826126098632812,0.800000011920929,5.699999809265137,0.9013544321060181,1.7999999523162842,1.0,3.299999952316284,0.9913494809688581,0.0,0.5489619374275208
v269,1.7705305814743042,0.800000011920929,5.800000190734863,0.701954185962677,1.7000000476837158,1.0,2.6599999904632705,0.9975510204081632,0.0,0.4755918085575104
v27,9.050416946411133,0.800000011920929,24.700000762939453,5.0669264793396,10.0,2.0,14.800000190734863,0.27824019024970276,0.093935790725327,2.8775267601013184
v270,2.949861526489258,0.800000011920929,15.199999809265137,2.459510087966919,2.200000047683716,1.100000023841858,6.139999866485605,0.8774238227146814,0.0006925207756232687,1.66094172000885
v271,5.128687858581543,0.800000011920929,23.399999618530273,4.485175132751465,3.5999999046325684,1.2999999523162842,11.699999809265137,0.62625,0.0575,3.3046250343322754
v272,8.345890045166016,0.800000011920929,23.600000381469727,5.497823238372803,8.5,1.600000023841858,15.800000190734863,0.35691987513007284,0.12486992715920915,2.7804369926452637
v273,9.79135799407959,0.800000011920929,22.100000381469727,6.38490104675293,9.5,1.580000019073486,18.02000007629395,0.32373113854595337,0.2825788751714678,2.240603446960449
v274,3.932098865509033,0.800000011920929,19.100000381469727,3.3833158016204834,2.700000047683716,1.100000023841858,8.849999904632568,0.7515432098765432,0.013117283950617283,2.6543211936950684
v275,11.823529243469238,0.800000011920929,25.200000762939453,10.343317985534668,3.5999999046325684,0.8999999761581421,23.520000076293943,0.5017301038062284,0.4982698961937716,0.9273357391357422
v276,3.2365713119506836,0.800000011920929,14.699999809265137,2.30861759185791,2.5999999046325684,1.100000023841858,6.0,0.8538775510204082,0.0,1.4563264846801758
v277,3.7634286880493164,0.800000011920929,13.100000381469727,2.1997182369232178,3.299999952316284,1.2999999523162842,7.0,0.7844897959183673,0.0,1.7306122779846191
v278,11.459413528442383,0.800000011920929,26.100000381469727,8.622068405151367,8.699999809265137,1.399999976158142,22.700000762939453,0.36419753086419754,0.42052469135802467,3.3712961673736572
v279,1.7567901611328125,0.800000011920929,3.700000047683716,0.7514493465423584,1.7000000476837158,0.800000011920929,2.700000047683716,1.0,0.0,0.23456789553165436
v28,2.937206983566284,0.800000011920929,13.899999618530273,1.9131056070327759,2.5,1.2000000476837158,4.800000190734863,0.9033203125,0.0,1.2673828601837158
v280,8.281228065490723,0.800000011920929,23.0,5.90444278717041,7.550000190734863,1.2999999523162842,16.200000762939453,0.40743944636678203,0.15051903114186851,3.506401300430298
v281,10.859342575073242,0.800000011920929,25.100000381469727,8.622227668762207,6.649999618530273,1.7000000476837158,22.600000381469727,0.43252595155709345,0.3953287197231834,2.2145328521728516
v282,3.003213882446289,0.800000011920929,12.800000190734863,2.210088014602661,2.299999952316284,1.0,5.92000007629395,0.8531775018261505,0.0,1.650547742843628
v283,2.671701192855835,0.800000011920929,19.100000381469727,2.025003671646118,2.299999952316284,1.0,4.0,0.9444444444444444,0.005208333333333333,1.0343750715255737
v284,2.0349535942077637,0.800000011920929,6.5,0.9074310064315796,1.899999976158142,1.0,3.200000047683716,0.9891975308641975,0.0,0.5680555701255798
v285,4.181717872619629,0.800000011920929,19.0,3.2065935134887695,3.299999952316284,1.2000000476837158,8.169999980926518,0.7506925207756233,0.01731301939058172,2.3847646713256836
v286,4.952160358428955,0.800000011920929,19.899999618530273,3.3809714317321777,4.300000190734863,1.3499999642372131,9.300000190734863,0.5964506172839507,0.017746913580246913,2.433950424194336
v287,2.9979591369628906,0.800000011920929,19.899999618530273,3.1040048599243164,1.899999976158142,1.0,6.099999904632568,0.8677551020408163,0.015510204081632653,1.8620407581329346
v288,8.404474258422852,0.800000011920929,21.100000381469727,4.783758163452148,9.199999809265137,1.7000000476837158,14.0,0.29968782518210196,0.062434963579604576,2.258272886276245
v289,3.0250000953674316,0.800000011920929,13.300000190734863,2.2445333003997803,2.299999952316284,1.100000023841858,6.300000190734863,0.865234375,0.0,1.5304687023162842
v29,3.0274651050567627,0.800000011920929,16.399999618530273,2.5279486179351807,2.200000047683716,1.2000000476837158,5.320000171661381,0.8897005113221329,0.003652300949598247,1.416216254234314
v290,3.6549386978149414,0.800000011920929,12.300000190734863,2.038869619369507,3.4000000953674316,1.2999999523162842,6.5,0.7583673469387755,0.0,0.9742041230201721
v291,3.4928977489471436,0.800000011920929,14.800000190734863,2.4567620754241943,3.0,1.2000000476837158,6.300000190734863,0.8440816326530612,0.0,1.6751019954681396
v292,4.639611721038818,0.800000011920929,21.600000381469727,3.6815717220306396,3.700000047683716,1.2000000476837158,9.5,0.6973684210526315,0.030470914127423823,2.6670360565185547
v293,3.332361936569214,0.800000011920929,11.600000381469727,1.6769427061080933,3.299999952316284,1.2000000476837158,5.199999809265137,0.8792924037460979,0.0,1.1309053897857666
v294,13.985222816467285,0.800000011920929,30.200000762939453,12.084883689880371,7.099999904632568,1.399999976158142,29.0,0.41555555555555557,0.42444444444444446,1.7864445447921753
v295,2.488375186920166,0.800000011920929,6.5,0.9992696642875671,2.4000000953674316,1.2000000476837158,3.700000047683716,0.9775,0.0,0.5774999856948853
v296,3.963510036468506,0.800000011920929,18.299999237060547,3.1479878425598145,3.200000047683716,1.2000000476837158,7.860000133514418,0.7853061224489796,0.015510204081632653,2.2287349700927734
v297,10.911418914794922,0.800000011920929,24.799999237060547,7.996874809265137,9.100000381469727,1.399999976158142,21.5,0.36342592592592593,0.39197530864197533,2.7401235103607178
v298,10.339374542236328,0.800000011920929,24.0,7.556488513946533,7.300000190734863,1.7999999523162842,20.899999618530273,0.371875,0.36625,2.4402501583099365
v299,5.4929704666137695,0.800000011920929,19.299999237060547,3.2535340785980225,5.099999904632568,1.600000023841858,9.669999980926518,0.47052154195011336,0.02040816326530612,2.204988718032837
v30,14.774435997009277,0.800000011920929,29.100000381469727,10.924943923950195,10.5,1.7000000476837158,27.200000762939453,0.3258026159334126,0.4708680142687277,2.018787145614624
v300,2.9138660430908203,0.800000011920929,14.899999618530273,2.1797759532928467,2.299999952316284,1.100000023841858,5.199999809265137,0.8898071625344353,0.0,1.420385718345642
v301,3.4025464057922363,0.800000011920929,17.100000381469727,3.0776350498199463,2.299999952316284,1.100000023841858,7.700000047683716,0.8287037037037037,0.008487654320987654,2.3069443702697754
v302,2.7831032276153564,0.800000011920929,13.399999618530273,1.732569932937622,2.4000000953674316,1.2000000476837158,4.599999904632568,0.9132149901380671,0.0,1.1704142093658447
v303,4.268444538116455,0.800000011920929,15.100000381469727,2.3493459224700928,4.099999904632568,1.5,7.099999904632568,0.6711111111111111,0.0011111111111111111,1.3955554962158203
v304,12.090500831604004,0.800000011920929,27.799999237060547,9.328943252563477,8.75,1.7000000476837158,25.200000762939453,0.339375,0.36625,2.954249858856201
v305,1.9241349697113037,0.800000011920929,5.5,0.7835774421691895,1.7999999523162842,1.0,3.0,0.9982698961937716,0.0,0.48183390498161316
v306,2.816782236099243,0.800000011920929,9.199999809265137,1.4987059831619263,2.5,1.100000023841858,4.900000095367432,0.903114186851211,0.0,1.037716269493103
v307,12.279614448547363,0.800000011920929,26.299999237060547,9.21751594543457,9.399999618530273,1.5,24.399999618530273,0.34618916437098257,0.4132231404958678,2.947474718093872
v308,3.6862223148345947,0.800000011920929,17.5,2.370163917541504,3.299999952316284,1.399999976158142,6.0,0.84,0.0033333333333333335,1.3177777528762817
v309,4.241877555847168,0.800000011920929,20.299999237060547,3.6730546951293945,2.9000000953674316,1.2000000476837158,10.160000038146986,0.7142857142857143,0.025306122448979593,2.2963266372680664
v31,1.4570069313049316,0.800000011920929,3.0,0.45159581303596497,1.399999976158142,0.8999999761581421,2.0999999046325684,1.0,0.0,0.23477508127689362
v310,3.4187498092651367,0.800000011920929,10.5,1.633152723312378,3.299999952316284,1.399999976158142,5.470000028610234,0.85546875,0.0,1.140234351158142
v311,4.514856815338135,0.800000011920929,15.300000190734863,2.4258151054382324,4.199999809265137,1.600000023841858,7.800000190734863,0.6318367346938776,0.0016326530612244899,1.6021225452423096
v312,2.3781142234802246,0.800000011920929,11.0,1.4760240316390991,2.0,1.0,4.099999904632568,0.9290657439446367,0.0,0.9057093262672424
v313,4.327931880950928,0.800000011920929,19.899999618530273,3.4121592044830322,3.5,1.2000000476837158,9.150000095367432,0.7484567901234568,0.019290123456790122,2.3404321670532227
v314,2.737715721130371,0.800000011920929,8.699999809265137,1.3960189819335938,2.4000000953674316,1.2000000476837158,4.800000190734863,0.9125520523497918,0.0,1.136109471321106
v315,9.532825469970703,0.800000011920929,29.600000381469727,7.289466857910156,7.649999618530273,1.2000000476837158,19.070000267028814,0.4051246537396122,0.3026315789473684,3.6722991466522217
v316,3.4130399227142334,0.800000011920929,19.799999237060547,3.3415210247039795,2.200000047683716,1.0,8.0,0.8371913580246914,0.017746913580246913,2.2643518447875977
v317,2.4238131046295166,0.800000011920929,10.199999809265137,1.24076247215271,2.200000047683716,1.100000023841858,3.799999952316284,0.9569028487947406,0.0,0.8818114995956421
v318,3.95354962348938,0.800000011920929,20.899999618530273,3.236820697784424,3.0,1.100000023841858,8.050000190734863,0.7685185185185185,0.016203703703703703,2.2419753074645996
v319,2.0676698684692383,0.800000011920929,12.600000381469727,1.4242864847183228,1.7999999523162842,1.0,3.0999999046325684,0.9583333333333334,0.0,0.8807098269462585
v32,3.5561234951019287,0.800000011920929,14.199999809265137,2.098499298095703,3.200000047683716,1.2999999523162842,6.0,0.83115338882283,0.0,1.4946491718292236
v320,3.5783748626708984,0.800000011920929,11.100000381469727,1.6547983884811401,3.4000000953674316,1.399999976158142,5.699999809265137,0.82125,0.0,1.1532500982284546
v321,10.729519844055176,0.800000011920929,26.200000762939453,8.523388862609863,6.5,1.7000000476837158,23.0,0.410913872452334,0.35700197238658776,2.626166820526123
v322,3.246107339859009,0.800000011920929,15.300000190734863,2.469851493835449,2.5999999046325684,1.100000023841858,6.300000190734863,0.8615916955017301,0.0008650519031141869,1.6704152822494507
v323,2.7615511417388916,0.800000011920929,13.300000190734863,1.65445077419281,2.4000000953674316,1.100000023841858,4.800000190734863,0.9110204081632653,0.0,1.079673409461975
v324,10.84282398223877,0.800000011920929,26.600000381469727,9.80211353302002,4.75,1.2000000476837158,24.399999618530273,0.5100308641975309,0.3765432098765432,2.1955246925354004
v325,2.620215892791748,0.800000011920929,8.5,1.3204383850097656,2.4000000953674316,1.100000023841858,4.099999904632568,0.9367283950617284,0.0,0.9774691462516785
v326,2.700692653656006,0.800000011920929,7.199999809265137,0.9965519905090332,2.700000047683716,1.399999976158142,4.0,0.9826869806094183,0.0,0.5509695410728455
v327,10.63268756866455,0.800000011920929,28.299999237060547,9.888136863708496,4.5,1.2999999523162842,25.200000762939453,0.516875,0.35,2.321624994277954
v328,4.854700565338135,0.800000011920929,20.799999237060547,4.146308898925781,3.4000000953674316,1.2000000476837158,11.399999618530273,0.6548323471400395,0.042735042735042736,3.1789612770080566
v329,5.38678503036499,0.800000011920929,18.200000762939453,3.4927444458007812,4.5,1.399999976158142,10.100000381469727,0.5279421433267587,0.007232084155161078,1.5890861749649048
v33,3.3131113052368164,0.800000011920929,13.899999618530273,1.980943202972412,2.9000000953674316,1.399999976158142,5.300000190734863,0.8772112382934444,0.0,1.3879293203353882
v330,2.8683197498321533,0.800000011920929,10.199999809265137,1.5819159746170044,2.5999999046325684,1.100000023841858,5.0,0.898989898989899,0.0,1.1838383674621582
v331,5.989889621734619,0.800000011920929,20.0,3.7847020626068115,5.699999809265137,1.2999999523162842,10.800000190734863,0.4182825484764543,0.018698060941828253,2.532133102416992
v332,3.4182612895965576,0.800000011920929,18.399999618530273,3.0979886054992676,2.4000000953674316,1.100000023841858,7.800000190734863,0.8451424397370343,0.01241782322863404,2.1872901916503906
v333,3.2630205154418945,0.800000011920929,17.799999237060547,2.9620449542999268,2.200000047683716,1.100000023841858,7.460000038146986,0.8538775510204082,0.007346938775510204,2.02710223197937
v334,3.210113048553467,0.800000011920929,15.699999809265137,2.1683499813079834,2.700000047683716,1.2999999523162842,5.5,0.8786436644854253,0.000594883997620464,1.4370018243789673
v335,11.543749809265137,0.800000011920929,24.700000762939453,6.823955059051514,12.899999618530273,1.899999976158142,19.200000762939453,0.2512755102040816,0.4528061224489796,2.049234628677368
v336,2.1344289779663086,0.800000011920929,5.900000095367432,0.8609812259674072,2.0999999046325684,1.0,3.200000047683716,0.9939446366782007,0.0,0.5003460645675659
v337,12.075666427612305,0.800000011920929,27.100000381469727,8.507729530334473,9.300000190734863,1.899999976158142,22.799999237060547,0.325068870523416,0.43434343434343436,2.6556472778320312
v338,13.462442398071289,0.800000011920929,25.799999237060547,7.57367467880249,16.200000762939453,1.899999976158142,21.5,0.24150596877869604,0.5610651974288338,1.6991735696792603
v339,3.498129367828369,0.800000011920929,10.800000190734863,1.6188976764678955,3.4000000953674316,1.399999976158142,5.599999904632568,0.8384353741496599,0.0,0.9924036264419556
v34,3.734255790710449,0.800000011920929,15.600000381469727,2.284619092941284,3.3499999046325684,1.399999976158142,6.549999952316284,0.8036332179930796,0.0008650519031141869,1.4570934772491455
v340,6.941312313079834,0.800000011920929,20.799999237060547,4.431894302368164,6.699999809265137,1.399999976158142,12.600000381469727,0.435625,0.026875,2.6896252632141113
v341,4.466434955596924,0.800000011920929,22.0,4.284265041351318,2.9000000953674316,1.100000023841858,11.0,0.7415123456790124,0.05092592592592592,3.1081790924072266
v342,8.897244453430176,0.800000011920929,20.700000762939453,4.931293487548828,10.0,1.7999999523162842,14.600000381469727,0.2773186409550046,0.07988980716253444,2.612121343612671
v343,8.751724243164062,0.800000011920929,20.200000762939453,5.153872489929199,9.5,1.7000000476837158,15.100000381469727,0.3032104637336504,0.10463733650416171,1.7707490921020508
v344,3.4857559204101562,0.800000011920929,20.399999618530273,3.378295660018921,2.200000047683716,1.0,7.92000007629395,0.8137326515704895,0.020452885317750184,2.330752372741699
v345,8.54068660736084,0.800000011920929,20.299999237060547,5.216241836547852,8.899999618530273,1.600000023841858,15.5,0.3340270551508845,0.11654526534859522,3.0484912395477295
v346,4.1324896812438965,0.800000011920929,16.399999618530273,2.7082347869873047,4.0,1.100000023841858,7.400000095367432,0.6571428571428571,0.0024489795918367346,1.8476734161376953
v347,12.339594841003418,0.800000011920929,28.200000762939453,11.760248184204102,3.5,1.100000023841858,26.700000762939453,0.5707491082045184,0.4280618311533888,0.9545779228210449
v348,9.498961448669434,0.800000011920929,24.200000762939453,8.041088104248047,4.800000190734863,1.100000023841858,20.34999942779541,0.5086505190311419,0.39100346020761245,2.3539791107177734
v349,10.171279907226562,0.800000011920929,23.700000762939453,8.295845031738281,6.0,1.2999999523162842,21.100000381469727,0.45588235294117646,0.39878892733564014,2.4737024307250977
v35,2.1202807426452637,0.800000011920929,6.900000095367432,0.9607259035110474,2.0,1.0,3.200000047683716,0.9757653061224489,0.0,0.5012755393981934
v350,5.380473613739014,0.800000011920929,25.5,5.377372741699219,3.200000047683716,1.2000000476837158,13.5,0.6331360946745562,0.0762656147271532,3.8891518115997314
v351,2.8403549194335938,0.800000011920929,11.800000190734863,1.4983322620391846,2.700000047683716,1.100000023841858,4.599999904632568,0.9228395061728395,0.0,1.0563271045684814
v352,4.927392482757568,0.800000011920929,15.800000190734863,3.5957915782928467,3.4000000953674316,1.100000023841858,10.100000381469727,0.5829072315558802,0.0007304601899196494,1.727100133895874
v353,12.558382034301758,0.800000011920929,28.399999618530273,10.67530632019043,7.0,1.2000000476837158,26.200000762939453,0.4351961950059453,0.43876337693222356,2.40665864944458
v354,3.8397371768951416,0.800000011920929,11.5,2.0217442512512207,3.700000047683716,1.2000000476837158,6.5,0.75018261504748,0.0,1.11760413646698
v355,4.662527084350586,0.800000011920929,23.700000762939453,4.563541412353516,2.9000000953674316,1.100000023841858,11.719999885559087,0.6932067202337473,0.05989773557341125,3.1027028560638428
v356,11.940171241760254,0.800000011920929,28.200000762939453,10.506734848022461,6.5,1.2999999523162842,26.700000762939453,0.4510190664036818,0.3957922419460881,3.1800129413604736
v357,3.232175827026367,0.800000011920929,16.600000381469727,2.6536993980407715,2.299999952316284,1.100000023841858,6.549999952316284,0.8487654320987654,0.0030864197530864196,1.8498457670211792
v358,4.1760029792785645,0.800000011920929,13.399999618530273,2.5116708278656006,3.799999952316284,1.25,7.75,0.7175925925925926,0.0,1.9328703880310059
v359,3.604489803314209,0.800000011920929,13.100000381469727,1.9343732595443726,3.299999952316284,1.399999976158142,6.159999847412123,0.84,0.0,1.3575509786605835
v36,5.8878254890441895,0.800000011920929,17.700000762939453,3.3455309867858887,6.099999904632568,1.5,10.199999809265137,0.4297606659729448,0.005202913631633715,1.92507803440094
v360,7.5473127365112305,0.800000011920929,20.600000381469727,4.634914398193359,6.5,1.8899999737739568,13.800000190734863,0.386875,0.0575,2.493875026702881
v361,12.07880973815918,0.800000011920929,24.5,8.330981254577637,9.800000190734863,2.0999999046325684,22.700000762939453,0.30078125,0.416015625,1.9591797590255737
v362,3.2027008533477783,0.800000011920929,17.700000762939453,3.0179121494293213,2.0999999046325684,1.0,7.5,0.8510802469135802,0.010030864197530864,2.138734817504883
v363,2.2460646629333496,0.800000011920929,9.600000381469727,1.3529630899429321,1.899999976158142,1.0,3.950000047683716,0.9436728395061729,0.0,0.9936728477478027
v364,10.728653907775879,0.800000011920929,25.299999237060547,8.843618392944336,6.0,1.5,22.700000762939453,0.4620408163265306,0.3853061224489796,2.29093861579895
v365,8.962782859802246,0.800000011920929,21.899999618530273,6.107157230377197,7.800000190734863,1.5,16.799999237060547,0.38287752675386444,0.22473246135552913,2.1143877506256104
v366,12.252546310424805,0.800000011920929,26.600000381469727,9.278806686401367,8.5,1.7999999523162842,24.299999237060547,0.36728395061728397,0.41512345679012347,2.942129611968994
v367,7.407986164093018,0.800000011920929,20.600000381469727,4.468085765838623,8.300000190734863,1.399999976158142,12.699999809265137,0.3611111111111111,0.036458333333333336,2.0020833015441895
v368,3.8154289722442627,0.800000011920929,18.700000762939453,3.1668691635131836,2.799999952316284,1.2000000476837158,7.800000190734863,0.7951020408163265,0.015510204081632653,2.291755199432373
v369,2.8132808208465576,0.800000011920929,14.0,1.7944892644882202,2.5,1.2000000476837158,4.599999904632568,0.9145299145299145,0.0,1.1040104627609253
v37,10.528160095214844,0.800000011920929,23.5,6.2216997146606445,12.0,1.7999999523162842,18.100000381469727,0.2768,0.32,2.282560110092163
v370,3.7024221420288086,0.800000011920929,19.200000762939453,3.1120471954345703,2.799999952316284,1.100000023841858,8.100000381469727,0.8166089965397924,0.012110726643598616,2.1051902770996094
v371,4.526730060577393,0.800000011920929,21.700000762939453,4.238767147064209,2.5999999046325684,1.100000023841858,11.0,0.6539792387543253,0.04671280276816609,2.5804498195648193
v372,3.3379881381988525,0.800000011920929,16.399999618530273,2.5723955631256104,2.5999999046325684,1.2000000476837158,6.470000028610234,0.8505859375,0.0029296875,1.7701172828674316
v373,3.084773302078247,0.800000011920929,10.100000381469727,1.4505951404571533,3.0,1.2999999523162842,4.820000171661381,0.9094650205761317,0.0,0.8406035304069519
v374,2.8777341842651367,0.800000011920929,14.0,1.6763089895248413,2.5,1.2000000476837158,4.800000190734863,0.908203125,0.0,1.2320313453674316
v375,1.8239669799804688,0.800000011920929,4.599999904632568,0.6723889708518982,1.7999999523162842,1.0,2.700000047683716,1.0,0.0,0.4361799955368042
v376,2.6144490242004395,0.800000011920929,10.0,1.497086763381958,2.299999952316284,1.100000023841858,4.5,0.9175510204081633,0.0,1.0215508937835693
v377,6.189468860626221,0.800000011920929,22.399999618530273,4.620138168334961,5.800000190734863,1.2000000476837158,12.319999694824245,0.4310204081632653,0.060408163265306125,3.1204898357391357
v378,1.8518520593643188,0.800000011920929,3.5,0.8027900457382202,1.7999999523162842,0.800000011920929,2.9000000953674316,1.0,0.0,0.31111112236976624
v379,4.218005180358887,0.800000011920929,16.5,2.9477386474609375,3.5,1.2999999523162842,7.970000028610234,0.7340720221606648,0.008310249307479225,2.1459834575653076
v38,5.031555652618408,0.800000011920929,18.399999618530273,3.1572816371917725,4.5,1.399999976158142,9.699999809265137,0.58,0.01,1.9888888597488403
v380,2.591183662414551,0.800000011920929,10.300000190734863,1.4769314527511597,2.299999952316284,1.100000023841858,4.699999809265137,0.9151020408163265,0.0,1.0863673686981201
v381,2.5641965866088867,0.800000011920929,14.800000190734863,2.0535590648651123,1.899999976158142,1.0,4.900000095367432,0.9009695290858726,0.0,1.4062327146530151
v382,9.680221557617188,0.800000011920929,23.5,7.913331031799316,4.800000190734863,1.5,20.200000762939453,0.5055555555555555,0.41888888888888887,1.7075556516647339
v383,1.8609793186187744,0.800000011920929,4.5,0.6583806872367859,1.7999999523162842,1.0,2.700000047683716,1.0,0.0,0.3897142708301544
v384,9.385180473327637,0.800000011920929,23.899999618530273,6.391274929046631,8.5,1.5,17.899999618530273,0.3587257617728532,0.2770083102493075,3.274792194366455
v385,2.1338932514190674,0.800000011920929,8.300000190734863,1.1966129541397095,1.899999976158142,1.0,3.519999980926518,0.9532505478451424,0.0,0.865887463092804
v386,5.659897327423096,0.800000011920929,21.299999237060547,3.620753049850464,5.699999809265137,1.2999999523162842,9.800000190734863,0.46895544192841493,0.014609203798392988,1.948575496673584
v387,3.606543779373169,0.800000011920929,17.399999618530273,2.5768299102783203,3.0,1.2000000476837158,6.800000190734863,0.8209399167162403,0.004759071980963712,1.9276621341705322
v388,4.152812480926514,0.800000011920929,20.899999618530273,3.9092044830322266,2.5999999046325684,1.100000023841858,9.620000267028813,0.7100073046018992,0.03506208911614317,2.697735548019409
v389,5.488604545593262,0.800000011920929,19.399999618530273,3.4892971515655518,5.599999904632568,1.399999976158142,9.800000190734863,0.44777209642074506,0.017531044558071585,2.385828971862793
v39,1.8793468475341797,0.800000011920929,4.699999809265137,0.6907005906105042,1.7999999523162842,1.0,2.799999952316284,1.0,0.0,0.3203265368938446
v390,12.380331993103027,0.800000011920929,28.299999237060547,9.784109115600586,8.449999809265137,1.5,26.070000267028814,0.3573407202216066,0.39681440443213295,3.463711738586426
v391,2.3178200721740723,0.800000011920929,11.0,1.3971339464187622,2.0,1.100000023841858,3.9000000953674316,0.9351211072664359,0.0,0.9235295057296753
v392,3.820439100265503,0.800000011920929,14.5,2.2632646560668945,3.5,1.2999999523162842,6.400000095367432,0.7969821673525377,0.0,1.4932786226272583
v393,3.3426592350006104,0.800000011920929,10.600000381469727,1.6256028413772583,3.200000047683716,1.2999999523162842,5.5,0.8469529085872576,0.0,1.009141206741333
v394,3.825138568878174,0.800000011920929,19.399999618530273,3.60646915435791,2.5,1.100000023841858,8.969999885559087,0.7894736842105263,0.027008310249307478,2.548337936401367
v395,3.176584005355835,0.800000011920929,10.5,1.8742547035217285,2.799999952316284,1.2000000476837158,6.0,0.8448117539026629,0.0,1.2898072004318237
v396,11.447346687316895,0.800000011920929,26.100000381469727,9.827238082885742,5.199999809265137,1.399999976158142,23.899999618530273,0.4911550468262227,0.4120707596253902,1.461186170578003
v397,12.289056777954102,0.800000011920929,27.399999618530273,8.89527416229248,9.199999809265137,1.7999999523162842,24.299999237060547,0.3095567867036011,0.40581717451523547,3.3470914363861084
v398,4.159799098968506,0.800000011920929,19.299999237060547,3.306131362915039,3.200000047683716,1.2000000476837158,8.699999809265137,0.7422839506172839,0.013888888888888888,2.3797836303710938
v399,3.732797384262085,0.800000011920929,16.600000381469727,2.716789960861206,3.0999999046325684,1.2000000476837158,7.320000171661381,0.8159240321402483,0.004382761139517896,1.9897735118865967
v40,6.144896030426025,0.800000011920929,17.600000381469727,3.4325101375579834,6.25,1.600000023841858,10.300000190734863,0.4117647058823529,0.009515570934256055,1.7797577381134033
v400,6.058448791503906,0.800000011920929,21.0,3.9298601150512695,5.599999904632568,1.2999999523162842,11.699999809265137,0.40443213296398894,0.031163434903047092,3.033241033554077
v401,4.504752159118652,0.800000011920929,15.800000190734863,2.4084794521331787,4.199999809265137,1.600000023841858,7.900000095367432,0.6704545454545454,0.0010330578512396695,2.029338836669922
v402,1.8654320240020752,0.800000011920929,3.799999952316284,0.8213449716567993,1.7999999523162842,0.800000011920929,2.9000000953674316,1.0,0.0,0.25925925374031067
v403,9.53911018371582,0.800000011920929,22.600000381469727,7.310493469238281,5.800000190734863,1.600000023841858,19.010000038146973,0.4677777777777778,0.4088888888888889,1.758222222328186
v404,2.0866782665252686,0.800000011920929,5.300000190734863,0.725412905216217,2.0999999046325684,1.100000023841858,3.0,0.9974048442906575,0.0,0.36539793014526367
v405,3.915339469909668,0.800000011920929,16.299999237060547,2.9213500022888184,3.0999999046325684,1.2999999523162842,8.100000381469727,0.7859751643535428,0.008765522279035792,2.157341241836548
v406,8.09970760345459,0.800000011920929,22.299999237060547,5.238639831542969,7.800000190734863,1.399999976158142,14.899999618530273,0.3623082542001461,0.09057706355003653,2.996786117553711
v407,3.8021466732025146,0.800000011920929,16.700000762939453,2.6389873027801514,3.200000047683716,1.2000000476837158,7.199999809265137,0.7984764542936288,0.004847645429362881,1.996260404586792
v408,2.6155917644500732,0.800000011920929,10.300000190734863,1.2530947923660278,2.5,1.2000000476837158,4.099999904632568,0.9518367346938775,0.0,0.7211428880691528
v409,3.008152484893799,0.800000011920929,13.5,1.8362481594085693,2.5999999046325684,1.2999999523162842,5.0,0.8994082840236687,0.0,1.1844838857650757
v41,2.380737066268921,0.800000011920929,7.599999904632568,1.1115906238555908,2.200000047683716,1.100000023841858,3.700000047683716,0.9595719381688466,0.0,0.664447009563446
v410,5.036245822906494,0.800000011920929,15.600000381469727,2.947122097015381,5.099999904632568,1.2999999523162842,9.199999809265137,0.4809688581314879,0.0034602076124567475,2.0458476543426514
v411,12.797979354858398,0.800000011920929,29.399999618530273,11.624687194824219,5.300000190734863,1.5,27.799999237060547,0.4866850321395776,0.39669421487603307,1.4181818962097168
v412,3.6615920066833496,0.800000011920929,14.899999618530273,2.4398887157440186,3.0999999046325684,1.2000000476837158,7.1499998569488525,0.7941176470588235,0.0,1.8799307346343994
v413,5.689737796783447,0.800000011920929,21.799999237060547,4.380335807800293,5.149999618530273,1.100000023841858,12.150000095367432,0.49382716049382713,0.04861111111111111,2.8705246448516846
v414,14.42663860321045,0.800000011920929,28.299999237060547,10.117213249206543,12.0,1.7000000476837158,26.899999618530273,0.259105098855359,0.4547346514047867,2.270967721939087
v415,3.5627424716949463,0.800000011920929,18.299999237060547,3.3021645545959473,2.299999952316284,1.100000023841858,8.699999809265137,0.8150969529085873,0.011772853185595568,2.260110855102539
v416,12.00759220123291,0.800000011920929,28.399999618530273,10.485376358032227,5.400000095367432,1.5,25.799999237060547,0.4726530612244898,0.396734693877551,2.0478367805480957
v417,3.625877618789673,0.800000011920929,10.899999618530273,1.791378378868103,3.5,1.2999999523162842,5.900000095367432,0.7861224489795918,0.0,0.9631021022796631
v418,2.122612237930298,0.800000011920929,7.599999904632568,1.0197412967681885,2.0,1.0,3.299999952316284,0.9746938775510204,0.0,0.6866939067840576
v419,3.0280864238739014,0.800000011920929,14.300000190734863,2.2910854816436768,2.4000000953674316,1.100000023841858,6.049999952316284,0.8688271604938271,0.0,1.57160484790802
v42,2.8158164024353027,0.800000011920929,6.5,1.150623083114624,2.799999952316284,1.2300000190734874,4.300000190734863,0.9617346938775511,0.0,0.605102002620697
v420,12.958563804626465,0.800000011920929,28.600000381469727,10.524399757385254,8.199999809265137,1.2999999523162842,26.799999237060547,0.36764705882352944,0.4143598615916955,2.948269844055176
v421,3.2726078033447266,0.800000011920929,17.200000762939453,2.7751622200012207,2.4000000953674316,1.100000023841858,6.8500001430511475,0.845679012345679,0.005401234567901234,2.0057098865509033
v422,3.9391000270843506,0.800000011920929,18.200000762939453,3.1277544498443604,3.0,1.2000000476837158,7.900000095367432,0.7915224913494809,0.01643598615916955,2.2768166065216064
v423,2.5290000438690186,0.800000011920929,6.699999809265137,1.045271396636963,2.5,1.2000000476837158,3.9000000953674316,0.9844444444444445,0.0,0.6108889579772949
v424,1.8076125383377075,0.800000011920929,4.199999809265137,0.6015931367874146,1.7999999523162842,1.0,2.5999999046325684,1.0,0.0,0.32283738255500793
v425,10.733033180236816,0.800000011920929,26.899999618530273,9.115628242492676,5.900000095367432,1.2999999523162842,22.899999618530273,0.45013850415512463,0.39335180055401664,2.699584722518921
v426,5.459596157073975,0.800000011920929,17.899999618530273,3.110795021057129,5.300000190734863,1.7799999713897716,9.399999618530273,0.4527089072543618,0.014692378328741965,1.9965107440948486
v427,3.6044118404388428,0.800000011920929,17.399999618530273,2.207122802734375,3.200000047683716,1.2000000476837158,6.400000095367432,0.8148788927335641,0.0025951557093425604,1.696712851524353
v428,11.651840209960938,0.800000011920929,26.100000381469727,8.362812995910645,11.5,1.2999999523162842,21.700000762939453,0.3296,0.4704,2.143359899520874
v429,1.8090718984603882,0.800000011920929,6.099999904632568,0.7819514870643616,1.7000000476837158,1.0,2.700000047683716,0.9916897506925207,0.0,0.5270082950592041
v43,15.079999923706055,0.800000011920929,30.5,12.093328475952148,8.100000381469727,1.5,29.5,0.3728,0.4608,2.1388800144195557
v430,3.4833452701568604,0.800000011920929,15.300000190734863,2.5652737617492676,2.5999999046325684,1.100000023841858,7.42000007629395,0.7830533235938641,0.0007304601899196494,1.984952449798584
v431,3.0373268127441406,0.800000011920929,13.399999618530273,2.0264692306518555,2.5,1.2000000476837158,5.669999837875371,0.871191135734072,0.0,1.3959834575653076
v432,3.6205248832702637,0.800000011920929,18.200000762939453,3.3254506587982178,2.5,1.100000023841858,8.399999618530273,0.8202160493827161,0.016975308641975308,2.3203704357147217
v433,4.426080226898193,0.800000011920929,21.399999618530273,4.095426082611084,2.9000000953674316,1.100000023841858,10.800000190734863,0.7330246913580247,0.04243827160493827,3.145678997039795
v434,4.052083492279053,0.800000011920929,20.200000762939453,3.6713180541992188,2.799999952316284,1.100000023841858,9.199999809265137,0.7685185185185185,0.029320987654320986,2.608487844467163
v435,3.7884585857391357,0.800000011920929,15.399999618530273,2.3251378536224365,3.4000000953674316,1.2999999523162842,6.300000190734863,0.7655222790357925,0.0029218407596785976,1.504747986793518
v436,6.254710674285889,0.800000011920929,19.399999618530273,3.820880889892578,6.199999809265137,1.5,10.800000190734863,0.44338933528122715,0.021183345507669833,1.9393718242645264
v437,11.125712394714355,0.800000011920929,25.299999237060547,8.748043060302734,8.0,1.2799999713897716,22.700000762939453,0.39669421487603307,0.40955004591368227,2.8042240142822266
v438,2.9849722385406494,0.800000011920929,14.899999618530273,2.167872190475464,2.4000000953674316,1.1300000309944165,5.400000095367432,0.8822714681440443,0.0,1.4544321298599243
v439,8.514551162719727,0.800000011920929,20.600000381469727,4.768149375915527,9.300000190734863,1.7999999523162842,14.300000190734863,0.30078125,0.0595703125,2.0810546875
v44,3.1884946823120117,0.800000011920929,13.100000381469727,1.696280598640442,2.799999952316284,1.2999999523162842,5.300000190734863,0.870242214532872,0.0,1.217128038406372
v440,9.675023078918457,0.800000011920929,24.600000381469727,7.505723476409912,7.699999809265137,1.2000000476837158,20.0,0.4389348025711662,0.3627180899908173,2.7098257541656494
v441,12.432966232299805,0.800000011920929,24.799999237060547,7.623459815979004,13.300000190734863,1.7999999523162842,22.220000457763675,0.256198347107438,0.4508723599632691,2.2231404781341553
v442,9.137792587280273,0.800000011920929,23.600000381469727,5.985236167907715,8.800000190734863,1.7000000476837158,16.700000762939453,0.3759765625,0.228515625,2.382617235183716
v443,3.773094892501831,0.800000011920929,19.399999618530273,3.664108991622925,2.200000047683716,1.0,9.120000267028813,0.800734618916437,0.02203856749311295,2.6440770626068115
v444,10.362235069274902,0.800000011920929,26.600000381469727,9.657485961914062,4.099999904632568,1.2799999713897716,23.919999694824224,0.5390796201607012,0.36888239590942296,2.0115413665771484
v445,5.1108574867248535,0.800000011920929,15.199999809265137,2.6181976795196533,5.099999904632568,1.600000023841858,8.660000038146986,0.4791836734693877,0.0008163265306122449,1.8994286060333252
v446,3.2270774841308594,0.800000011920929,12.600000381469727,1.9116915464401245,2.799999952316284,1.2000000476837158,5.599999904632568,0.8587257617728532,0.0,1.117590069770813
v447,2.255774974822998,0.800000011920929,7.699999809265137,1.0477319955825806,2.0999999046325684,1.100000023841858,3.5,0.9719042663891779,0.0,0.6588969230651855
v448,4.550122261047363,0.800000011920929,13.0,2.2097156047821045,4.599999904632568,1.600000023841858,7.300000190734863,0.5469387755102041,0.0,1.0496326684951782
v449,3.910726547241211,0.800000011920929,20.600000381469727,3.79813814163208,2.4000000953674316,1.100000023841858,9.199999809265137,0.7889273356401384,0.026816608996539794,2.7221453189849854
v45,9.127758026123047,0.800000011920929,26.700000762939453,6.081485748291016,8.600000381469727,1.600000023841858,17.600000381469727,0.34989043097151207,0.19211102994886778,2.86004376411438
v450,3.4801695346832275,0.800000011920929,16.0,2.178727149963379,3.0999999046325684,1.2999999523162842,5.599999904632568,0.8726851851851852,0.0015432098765432098,1.4473764896392822
v451,3.72188401222229,0.800000011920929,18.5,2.9515440464019775,3.0,1.2000000476837158,7.0,0.8213296398891967,0.012465373961218837,1.9221607446670532
v452,2.6689555644989014,0.800000011920929,16.700000762939453,2.335383653640747,2.0,1.0,4.519999980926518,0.9116143170197224,0.004382761139517896,1.4828342199325562
v453,10.541204452514648,0.800000011920929,26.0,8.940505981445312,5.5,1.2999999523162842,22.600000381469727,0.48148148148148145,0.40046296296296297,2.653395175933838
v454,8.737421989440918,0.800000011920929,24.5,8.132591247558594,3.4000000953674316,1.2000000476837158,20.5,0.5725308641975309,0.3742283950617284,1.69552481174469
v455,2.5832722187042236,0.800000011920929,17.399999618530273,2.3845479488372803,1.899999976158142,1.0,4.5,0.9086924762600438,0.005843681519357195,1.5221331119537354
v456,3.048489809036255,0.800000011920929,16.299999237060547,2.301140785217285,2.4000000953674316,1.0,5.599999904632568,0.8775510204081632,0.0008163265306122449,1.4981224536895752
v457,3.6712803840637207,0.800000011920929,11.399999618530273,1.8484835624694824,3.4000000953674316,1.3499999642372131,6.0,0.8070934256055363,0.0,1.1951557397842407
v458,3.9495725631713867,0.800000011920929,17.399999618530273,3.0998740196228027,3.0,1.2000000476837158,8.199999809265137,0.7698882314266929,0.011176857330703484,2.2646944522857666
v459,12.749958992004395,0.800000011920929,28.200000762939453,9.836625099182129,8.199999809265137,1.899999976158142,25.899999618530273,0.34775510204081633,0.4097959183673469,2.5098774433135986
v46,2.7266619205474854,0.800000011920929,9.199999809265137,1.4077986478805542,2.5,1.2999999523162842,4.699999809265137,0.9116143170197224,0.0,1.0071585178375244
v460,2.6766438484191895,0.800000011920929,9.899999618530273,1.3916239738464355,2.5,1.2000000476837158,4.199999809265137,0.9377162629757786,0.0,0.930449903011322
v461,11.464134216308594,0.800000011920929,27.100000381469727,10.117679595947266,5.599999904632568,1.2999999523162842,25.299999237060547,0.46384222059897734,0.3907962016070124,2.6878013610839844
v462,2.3066482543945312,0.800000011920929,11.300000190734863,1.616491436958313,1.8499999046325684,1.0,3.9000000953674316,0.9314404432132964,0.0,1.0626038312911987
v463,3.1667754650115967,0.800000011920929,14.800000190734863,2.1090316772460938,2.700000047683716,1.2000000476837158,5.760000038146987,0.8677551020408163,0.0,1.5603264570236206
v464,2.976402997970581,0.800000011920929,9.899999618530273,1.4142286777496338,2.9000000953674316,1.2000000476837158,4.599999904632568,0.923469387755102,0.0,0.9482142329216003
v465,3.219066619873047,0.800000011920929,16.899999618530273,2.7101590633392334,2.299999952316284,1.2000000476837158,6.099999904632568,0.8665351742274819,0.005259697567389875,1.8527284860610962
v466,4.0330610275268555,0.800000011920929,17.799999237060547,3.2813475131988525,3.0,1.100000023841858,8.699999809265137,0.76,0.015510204081632653,2.345959186553955
v467,2.2969906330108643,0.800000011920929,8.399999618530273,0.9178436398506165,2.200000047683716,1.2000000476837158,3.4000000953674316,0.9868827160493827,0.0,0.6359567642211914
v468,2.88525390625,0.800000011920929,11.300000190734863,1.5353984832763672,2.700000047683716,1.100000023841858,4.599999904632568,0.9228515625,0.0,0.8869140148162842
v469,3.3628571033477783,0.800000011920929,15.800000190734863,2.288088083267212,2.700000047683716,1.2000000476837158,6.099999904632568,0.8359183673469388,0.0016326530612244899,1.6302040815353394
v47,9.1287202835083,0.800000011920929,23.399999618530273,7.299564838409424,5.099999904632568,1.2999999523162842,19.100000381469727,0.48595213319458896,0.3485952133194589,2.2599375247955322
v470,2.6896324157714844,0.800000011920929,8.199999809265137,1.3904626369476318,2.5,1.100000023841858,4.699999809265137,0.9175510204081633,0.0,0.9632652997970581
v471,3.206834077835083,0.800000011920929,12.0,1.6767326593399048,3.0999999046325684,1.2999999523162842,5.0,0.8979238754325259,0.0,1.0081313848495483
v472,12.402469635009766,0.800000011920929,29.299999237060547,11.482534408569336,4.800000190734863,1.399999976158142,27.899999618530273,0.5123456790123457,0.37885802469135804,1.7367281913757324
v473,4.154204368591309,0.800000011920929,20.200000762939453,3.7508747577667236,2.9000000953674316,1.2000000476837158,9.5,0.7689795918367347,0.02857142857142857,2.635591745376587
v474,3.4911017417907715,0.800000011920929,12.699999809265137,2.056966781616211,3.0999999046325684,1.2000000476837158,6.559999942779554,0.8244897959183674,0.0,1.6048978567123413
v475,8.65297794342041,0.800000011920929,21.600000381469727,6.3116302490234375,5.900000095367432,1.399999976158142,17.200000762939453,0.37880886426592797,0.27977839335180055,1.8951524496078491
v476,3.0308642387390137,0.800000011920929,14.5,2.205780267715454,2.4000000953674316,1.2000000476837158,5.450000047683716,0.878858024691358,0.0,1.5287038087844849
v477,4.6023125648498535,0.800000011920929,14.800000190734863,2.4573817253112793,4.5,1.399999976158142,7.699999809265137,0.564375,0.0,1.644624948501587
v478,9.245800018310547,0.800000011920929,24.0,7.305470943450928,6.0,1.2000000476837158,18.899999618530273,0.4587289992695398,0.36011687363038714,2.7405405044555664
v479,2.661285638809204,0.800000011920929,15.600000381469727,2.1410775184631348,2.0,1.0,4.719999885559087,0.9065010956902849,0.0014609203798392988,1.3938641548156738
v48,2.737036943435669,0.800000011920929,10.100000381469727,1.8801394701004028,2.200000047683716,0.800000011920929,5.0,0.8888888888888888,0.0,0.8617284297943115
v480,4.011342525482178,0.800000011920929,16.5,2.6739661693573,3.299999952316284,1.2999999523162842,7.900000095367432,0.7561728395061729,0.0023148148148148147,2.0751543045043945
v481,5.140555381774902,0.800000011920929,20.799999237060547,3.325044631958008,4.900000095367432,1.5,9.199999809265137,0.5111111111111111,0.02,2.2873334884643555
v482,10.859240531921387,0.800000011920929,26.399999618530273,9.168776512145996,6.099999904632568,1.399999976158142,24.319999313354497,0.4404674945215486,0.36888239590942296,2.771804094314575
v483,13.391555786132812,0.800000011920929,28.700000762939453,12.064764976501465,3.700000047683716,0.8999999761581421,26.799999237060547,0.52,0.48,0.9235554933547974
v484,2.1070988178253174,0.800000011920929,8.0,1.0367307662963867,1.899999976158142,1.0,3.299999952316284,0.9699074074074074,0.0,0.6737654209136963
v485,6.7022857666015625,0.800000011920929,19.600000381469727,4.1300201416015625,6.800000190734863,1.399999976158142,12.100000381469727,0.41759002770083103,0.018698060941828253,2.6059558391571045
v486,3.83754563331604,0.800000011920929,19.100000381469727,2.982959747314453,3.0999999046325684,1.2000000476837158,7.519999980926518,0.8093498904309715,0.01241782322863404,2.044996500015259
v487,2.6699726581573486,0.800000011920929,15.800000190734863,2.4468507766723633,1.7999999523162842,1.0,5.5,0.8760330578512396,0.0018365472910927456,1.2815426588058472
v488,8.802775382995605,0.800000011920929,22.0,5.8361687660217285,7.599999904632568,1.7000000476837158,16.600000381469727,0.3966398831263696,0.1891891891891892,2.404090642929077
v489,5.666375160217285,0.800000011920929,15.0,3.2293741703033447,5.300000190734863,1.399999976158142,10.0,0.46875,0.0,1.3930000066757202
v49,4.67557430267334,0.800000011920929,12.899999618530273,2.5003674030303955,4.599999904632568,1.399999976158142,8.100000381469727,0.5647382920110193,0.0,1.486685037612915
v490,3.027562141418457,0.800000011920929,14.600000381469727,2.4068148136138916,2.299999952316284,1.100000023841858,6.069999933242802,0.8704986149584487,0.0,1.7000000476837158
v491,3.4218854904174805,0.800000011920929,16.5,3.100956439971924,2.299999952316284,1.0,7.699999809265137,0.8373702422145328,0.01124567474048443,2.1102075576782227
v492,2.5445215702056885,0.800000011920929,13.0,1.8882477283477783,2.0,1.0,4.75,0.904320987654321,0.0,1.2143518924713135
v493,3.9219133853912354,0.800000011920929,17.0,2.986863851547241,3.0999999046325684,1.100000023841858,8.349999904632568,0.7824074074074074,0.006172839506172839,2.116049289703369
v494,3.77370285987854,0.800000011920929,18.0,3.0866971015930176,2.9000000953674316,1.100000023841858,8.0,0.8114186851211073,0.012975778546712802,2.217646837234497
v495,4.002169609069824,0.800000011920929,14.5,2.461362600326538,3.4000000953674316,1.2000000476837158,7.599999904632568,0.7357001972386588,0.0,1.870742917060852
v496,14.219459533691406,0.800000011920929,28.100000381469727,10.042612075805664,12.0,1.7999999523162842,26.299999237060547,0.2695109261186264,0.4380853277835588,2.2345471382141113
v497,4.0052595138549805,0.800000011920929,21.0,3.7410502433776855,2.700000047683716,1.100000023841858,9.399999618530273,0.7757487216946677,0.030679327976625273,2.635500431060791
v498,3.9496712684631348,0.800000011920929,20.5,3.879842758178711,2.299999952316284,1.100000023841858,10.300000190734863,0.758217677136596,0.02556610664718773,2.4951059818267822
v499,3.3288462162017822,0.800000011920929,15.100000381469727,1.792434573173523,3.200000047683716,1.2000000476837158,5.300000190734863,0.8683431952662722,0.0014792899408284023,1.1843194961547852
v50,4.242950916290283,0.800000011920929,17.399999618530273,2.723642587661743,3.5999999046325684,1.399999976158142,7.900000095367432,0.7070854638422206,0.005843681519357195,1.9579254388809204
v500,1.9390431642532349,0.800000011920929,6.0,0.874009370803833,1.7000000476837158,1.0,3.0,0.9884259259259259,0.0,0.5891975164413452
v501,2.3203125,0.800000011920929,7.0,1.0145318508148193,2.200000047683716,1.100000023841858,3.700000047683716,0.9794921875,0.0,0.7261718511581421
v502,2.5099174976348877,0.800000011920929,7.5,1.0477019548416138,2.4000000953674316,1.2000000476837158,3.9000000953674316,0.9770431588613406,0.0,0.645179033279419
v503,4.393791198730469,0.800000011920929,16.600000381469727,2.8769500255584717,3.700000047683716,1.2000000476837158,8.620000267028813,0.6844411979547115,0.004382761139517896,1.9650838375091553
v504,3.1708545684814453,0.800000011920929,9.300000190734863,1.5272271633148193,3.0,1.2999999523162842,5.099999904632568,0.8838568298027758,0.0,0.9830533862113953
v505,1.9898918867111206,0.800000011920929,9.5,1.10171639919281,1.7999999523162842,1.0,3.200000047683716,0.9683641975308642,0.0,0.7489197254180908
v506,6.287755012512207,0.800000011920929,19.899999618530273,4.127727508544922,5.599999904632568,1.2999999523162842,11.899999618530273,0.4685714285714286,0.015510204081632653,2.0811429023742676
v507,4.604571342468262,0.800000011920929,19.399999618530273,3.4222960472106934,3.799999952316284,1.2000000476837158,9.560000228881849,0.6677551020408163,0.0163265306122449,2.475428581237793
v508,1.66652250289917,0.800000011920929,4.199999809265137,0.5613213777542114,1.600000023841858,1.0,2.4000000953674316,1.0,0.0,0.33788925409317017
v509,9.419135093688965,0.800000011920929,23.399999618530273,5.624124526977539,10.600000381469727,1.399999976158142,16.100000381469727,0.28780864197530864,0.1550925925925926,3.433950424194336
v51,12.096624374389648,0.800000011920929,30.100000381469727,11.24310302734375,5.699999809265137,1.399999976158142,27.899999618530273,0.451875,0.35,1.8004999160766602
v510,4.774879455566406,0.800000011920929,13.600000381469727,3.0040066242218018,4.099999904632568,1.100000023841858,8.660000038146975,0.5376,0.0,0.9513599872589111
v511,2.2052316665649414,0.800000011920929,8.399999618530273,1.2999849319458008,1.899999976158142,1.0,3.799999952316284,0.9417360285374554,0.0,0.7581450343132019
v512,2.0659592151641846,0.800000011920929,8.199999809265137,1.137232780456543,1.7999999523162842,1.0,3.4000000953674316,0.9681632653061224,0.0,0.7970612645149231
v513,2.7148919105529785,0.800000011920929,12.800000190734863,2.085388422012329,2.0999999046325684,1.0,5.599999904632568,0.8796296296296297,0.0,1.5004628896713257
v514,6.371176242828369,0.800000011920929,15.899999618530273,3.1071383953094482,6.599999904632568,1.899999976158142,10.199999809265137,0.31633714880332986,0.005202913631633715,1.9348595142364502
v515,3.9973063468933105,0.800000011920929,19.600000381469727,3.53957462310791,2.799999952316284,1.100000023841858,9.199999809265137,0.7714285714285715,0.0236734693877551,2.4455511569976807
v516,3.1653547286987305,0.800000011920929,14.699999809265137,2.001530170440674,2.700000047683716,1.2999999523162842,5.25,0.8858024691358025,0.0,1.2899692058563232
v517,4.333016872406006,0.800000011920929,22.5,3.8297200202941895,3.200000047683716,1.1800000429153454,9.100000381469727,0.7421475529583638,0.03506208911614317,2.7498905658721924
v518,4.788227081298828,0.800000011920929,22.200000762939453,4.249149799346924,3.200000047683716,1.2300000190734874,10.800000190734863,0.6724376731301939,0.05193905817174515,3.0925209522247314
v519,2.682340621948242,0.800000011920929,18.100000381469727,2.6391940116882324,2.0,1.100000023841858,4.300000190734863,0.925207756232687,0.009695290858725761,1.274653673171997
v52,10.013111114501953,0.800000011920929,23.799999237060547,6.597289562225342,9.300000190734863,1.600000023841858,18.600000381469727,0.33444444444444443,0.31777777777777777,2.7053332328796387
v520,2.2899928092956543,0.800000011920929,9.399999618530273,1.3186067342758179,2.0,1.0,3.9000000953674316,0.9466764061358656,0.0,0.9364499449729919
v521,3.6082184314727783,0.800000011920929,17.799999237060547,2.768360137939453,2.799999952316284,1.100000023841858,7.199999809265137,0.8159105851413544,0.005259697567389875,2.0714004039764404
v522,3.2007718086242676,0.800000011920929,11.699999809265137,1.9837143421173096,2.799999952316284,1.2000000476837158,5.800000190734863,0.8595679012345679,0.0,1.3861112594604492
v523,10.886035919189453,0.800000011920929,24.700000762939453,7.662866115570068,8.100000381469727,1.899999976158142,20.799999237060547,0.345703125,0.4189453125,2.165820360183716
v524,1.8445312976837158,0.800000011920929,5.400000095367432,0.6790887117385864,1.7999999523162842,1.0,2.700000047683716,0.9990234375,0.0,0.4105468988418579
v525,2.499269485473633,0.800000011920929,10.399999618530273,1.440887689590454,2.200000047683716,1.100000023841858,4.099999904632568,0.9335281227173119,0.0,1.034477710723877
v526,5.001556873321533,0.800000011920929,19.200000762939453,3.5981152057647705,4.199999809265137,1.2999999523162842,10.449999809265137,0.6167820069204152,0.023356401384083045,2.7629756927490234
v527,3.5926694869995117,0.800000011920929,15.800000190734863,2.887136220932007,2.5999999046325684,1.2000000476837158,7.800000190734863,0.8040123456790124,0.0023148148148148147,1.9254628419876099
v528,3.1145360469818115,0.800000011920929,18.899999618530273,2.945507049560547,2.0999999046325684,1.100000023841858,6.199999809265137,0.8685171658144631,0.013878743608473338,1.9479912519454956
v529,2.470890760421753,0.800000011920929,8.100000381469727,1.0157922506332397,2.4000000953674316,1.2000000476837158,3.5999999046325684,0.977961432506887,0.0,0.6225895285606384
v53,8.374459266662598,0.800000011920929,24.399999618530273,6.137807846069336,6.5,1.399999976158142,16.600000381469727,0.42901234567901236,0.1875,2.6171295642852783
v530,4.620414733886719,0.800000011920929,16.799999237060547,2.667914390563965,4.599999904632568,1.399999976158142,7.5,0.5614186851211073,0.004325259515570935,1.673702359199524
v531,1.9495512247085571,0.800000011920929,5.300000190734863,0.7855856418609619,1.899999976158142,1.0,3.0,0.9975510204081632,0.0,0.45485711097717285
v532,2.8623046875,0.800000011920929,10.199999809265137,1.6366245746612549,2.5,1.100000023841858,5.0,0.892578125,0.0,1.0886719226837158
v533,12.705190658569336,0.800000011920929,26.299999237060547,7.854859352111816,12.699999809265137,2.0,23.050000190734863,0.23442906574394465,0.4515570934256055,2.753633499145508
v534,5.871743202209473,0.800000011920929,21.399999618530273,3.824295997619629,5.699999809265137,1.5,10.399999618530273,0.4271267102914932,0.03152885187388459,2.615823984146118
v535,3.9387755393981934,0.800000011920929,21.200000762939453,3.7870075702667236,2.700000047683716,1.1400000333786016,9.160000038146986,0.7975510204081633,0.03428571428571429,2.593632698059082
v536,14.277050971984863,0.800000011920929,29.0,10.72606086730957,10.800000190734863,1.7000000476837158,27.100000381469727,0.3329369797859691,0.4470868014268728,2.0299642086029053
v537,8.708080291748047,0.800000011920929,21.600000381469727,5.0162553787231445,9.699999809265137,1.7799999713897716,14.399999618530273,0.31313131313131315,0.06703397612488522,2.350229501724243
v538,2.863673210144043,0.800000011920929,10.0,1.6060532331466675,2.5,1.100000023841858,5.099999904632568,0.8946938775510204,0.0,1.1075918674468994
v539,2.749861478805542,0.800000011920929,15.600000381469727,2.292525053024292,2.0,1.100000023841858,5.0,0.8981994459833795,0.0013850415512465374,1.377008318901062
v54,3.133793592453003,0.800000011920929,17.0,2.5609238147735596,2.4000000953674316,1.2000000476837158,5.900000095367432,0.8770545693622617,0.005917159763313609,1.7502959966659546
v540,5.197225093841553,0.800000011920929,21.700000762939453,3.7109339237213135,4.5,1.2000000476837158,10.100000381469727,0.5608163265306122,0.02857142857142857,2.7030205726623535
v541,3.079108715057373,0.800000011920929,11.199999809265137,1.8393281698226929,2.700000047683716,1.100000023841858,5.719999885559087,0.8568298027757487,0.0,1.4721693992614746
v542,2.9253859519958496,0.800000011920929,10.0,1.5801271200180054,2.5999999046325684,1.2000000476837158,5.300000190734863,0.8811728395061729,0.0,1.1739197969436646
v543,8.28626537322998,0.800000011920929,22.899999618530273,6.371686935424805,5.400000095367432,1.2999999523162842,16.799999237060547,0.4868827160493827,0.2191358024691358,2.5404319763183594
v544,12.384757041931152,0.800000011920929,28.399999618530273,10.540904998779297,7.099999904632568,1.2999999523162842,25.799999237060547,0.43526170798898073,0.40955004591368227,2.5634524822235107
v545,2.383650541305542,0.800000011920929,7.099999904632568,1.1289141178131104,2.200000047683716,1.100000023841858,4.0,0.9662629757785467,0.0,0.6711072325706482
v546,3.0653061866760254,0.800000011920929,15.399999618530273,2.3006715774536133,2.4000000953674316,1.100000023841858,6.0,0.8644897959183674,0.0008163265306122449,1.6182857751846313
v547,3.2599451541900635,0.800000011920929,12.800000190734863,1.5858558416366577,3.0999999046325684,1.2999999523162842,5.0,0.8984910836762688,0.0,1.1580246686935425
v548,2.926612615585327,0.800000011920929,14.600000381469727,2.3072402477264404,2.200000047683716,1.100000023841858,5.699999809265137,0.8775510204081632,0.0,1.6066938638687134
v549,3.2100071907043457,0.800000011920929,18.299999237060547,2.8176052570343018,2.299999952316284,1.100000023841858,6.699999809265137,0.8612125639152666,0.01095690284879474,1.8634039163589478
v55,3.3797836303710938,0.800000011920929,10.0,1.6544016599655151,3.4000000953674316,1.2999999523162842,5.599999904632568,0.8217592592592593,0.0,0.8515431880950928
v550,3.9993081092834473,0.800000011920929,19.100000381469727,3.3722612857818604,2.799999952316284,1.100000023841858,9.100000381469727,0.7422145328719724,0.01384083044982699,2.6712803840637207
v551,3.1631176471710205,0.800000011920929,17.100000381469727,2.7738218307495117,2.200000047683716,1.0,6.599999904632568,0.8549382716049383,0.0038580246913580245,1.9811729192733765
v552,3.9907755851745605,0.800000011920929,14.100000381469727,2.17616868019104,3.799999952316284,1.399999976158142,6.599999904632568,0.7167346938775511,0.0,1.3023672103881836
v553,3.9241690635681152,0.800000011920929,20.600000381469727,3.5639901161193848,2.5,1.100000023841858,9.0,0.7638504155124654,0.0221606648199446,2.4419667720794678
v554,4.1610612869262695,0.800000011920929,21.0,3.673611640930176,3.0999999046325684,1.100000023841858,9.300000190734863,0.7444897959183674,0.027755102040816326,2.079836845397949
v555,13.488118171691895,0.800000011920929,28.899999618530273,10.114892959594727,9.800000190734863,1.899999976158142,26.799999237060547,0.2908950617283951,0.41280864197530864,2.570679187774658
v556,4.838850498199463,0.800000011920929,13.300000190734863,3.092752695083618,3.700000047683716,1.5,9.399999618530273,0.5914127423822715,0.0,0.9815788865089417
v557,10.436211585998535,0.800000011920929,26.200000762939453,7.4755778312683105,8.899999618530273,1.600000023841858,19.700000762939453,0.39334027055150883,0.4308012486992716,2.6980228424072266
v558,4.935184955596924,0.800000011920929,24.200000762939453,4.517274379730225,3.4000000953674316,1.2000000476837158,10.800000190734863,0.6828703703703703,0.06327160493827161,2.9719135761260986
v559,11.908499717712402,0.800000011920929,28.299999237060547,9.822325706481934,6.800000190734863,1.7000000476837158,25.700000762939453,0.381875,0.35875,2.412750005722046
v56,3.969839572906494,0.800000011920929,11.600000381469727,1.8590872287750244,3.9000000953674316,1.5,6.400000095367432,0.7263533610945866,0.0,1.1646639108657837
v560,3.1961421966552734,0.800000011920929,13.100000381469727,2.09448504447937,2.700000047683716,1.100000023841858,5.549999952316284,0.8688271604938271,0.0,1.3638888597488403
v561,4.896814346313477,0.800000011920929,21.899999618530273,3.6058456897735596,3.9000000953674316,1.2999999523162842,9.800000190734863,0.6260387811634349,0.0221606648199446,2.5742383003234863
v562,3.201385021209717,0.800000011920929,22.0,2.8778738975524902,2.299999952316284,1.100000023841858,6.0,0.8594182825484764,0.014542936288088643,1.9556787014007568
v563,13.814001083374023,0.800000011920929,29.899999618530273,10.214319229125977,10.199999809265137,1.7999999523162842,28.200000762939453,0.24603174603174602,0.38492063492063494,3.154761791229248
v564,6.296562671661377,0.800000011920929,19.299999237060547,3.745776891708374,5.599999904632568,1.600000023841858,11.199999809265137,0.443125,0.0125,2.0328750610351562
v565,6.836108207702637,0.800000011920929,18.200000762939453,3.9782180786132812,7.400000095367432,1.600000023841858,11.899999618530273,0.40894901144641,0.009365244536940686,1.861602544784546
v566,12.571877479553223,0.800000011920929,28.799999237060547,9.741328239440918,8.399999618530273,1.5,25.52000007629395,0.3316289262235208,0.4039444850255661,2.7399561405181885
v567,2.5159974098205566,0.800000011920929,16.600000381469727,2.1489062309265137,1.899999976158142,1.0,4.300000190734863,0.9148199445983379,0.0013850415512465374,1.358033299446106
v568,4.136157512664795,0.800000011920929,18.0,3.1240134239196777,3.200000047683716,1.2000000476837158,8.300000190734863,0.7289992695398101,0.01168736303871439,2.2343316078186035
v569,1.7981301546096802,0.800000011920929,5.199999809265137,0.689897894859314,1.7000000476837158,1.0,2.700000047683716,0.9986149584487535,0.0,0.4524931013584137
v57,7.076932430267334,0.800000011920929,17.899999618530273,4.103797912597656,7.199999809265137,1.399999976158142,12.5,0.3258026159334126,0.019024970273483946,1.9736028909683228
v570,3.695500373840332,0.800000011920929,18.799999237060547,2.9513204097747803,3.299999952316284,1.100000023841858,6.1199998855590865,0.8292011019283747,0.01928374655647383,1.6411386728286743
v571,3.9946086406707764,0.800000011920929,15.899999618530273,2.4486541748046875,3.5999999046325684,1.2999999523162842,7.199999809265137,0.7527942143326759,0.0013149243918474688,1.8535174131393433
v572,3.142174482345581,0.800000011920929,26.200000762939453,3.084446430206299,2.4000000953674316,1.100000023841858,5.5,0.8767313019390581,0.018005540166204988,1.8785319328308105
v573,3.705709934234619,0.800000011920929,20.0,3.1404099464416504,2.799999952316284,1.100000023841858,7.549999952316284,0.8078703703703703,0.015432098765432098,2.2432100772857666
v574,3.768444061279297,0.800000011920929,12.0,2.1020281314849854,3.5,1.2000000476837158,6.599999904632568,0.7377647918188459,0.0,1.2169467210769653
v575,1.614660382270813,0.800000011920929,3.9000000953674316,0.5572484135627747,1.5,0.949999988079071,2.4000000953674316,1.0,0.0,0.28703704476356506
v576,13.751277923583984,0.800000011920929,29.700000762939453,11.224075317382812,8.600000381469727,1.5,28.299999237060547,0.3535427319211103,0.4010226442658875,2.844265937805176
v577,7.720447540283203,0.800000011920929,24.600000381469727,6.26606559753418,5.099999904632568,1.2999999523162842,17.5,0.4911242603550296,0.1722550953320184,2.1222879886627197
v578,3.6689815521240234,0.800000011920929,13.5,2.217211961746216,3.200000047683716,1.2000000476837158,6.800000190734863,0.7878086419753086,0.0,1.6891976594924927
v579,3.170501708984375,0.800000011920929,17.100000381469727,2.7148449420928955,2.4000000953674316,1.100000023841858,6.699999809265137,0.8728373702422145,0.004325259515570935,1.8468858003616333
v58,4.731673240661621,0.800000011920929,15.399999618530273,2.71836256980896,4.199999809265137,1.7000000476837158,8.5,0.6359183673469387,0.0008163265306122449,2.085387945175171
v580,3.745288372039795,0.800000011920929,14.5,2.7403502464294434,2.799999952316284,1.100000023841858,8.100000381469727,0.7552958363769174,0.0,2.147991418838501
v581,12.73208236694336,0.800000011920929,29.700000762939453,11.399711608886719,5.800000190734863,1.2999999523162842,28.100000381469727,0.46122448979591835,0.39346938775510204,2.5648980140686035
v582,2.533102512359619,0.800000011920929,13.199999809265137,1.861975073814392,2.0,1.0,4.5,0.9106648199445984,0.0,1.2085871696472168
v583,2.6521549224853516,0.800000011920929,24.899999618530273,2.6592557430267334,2.200000047683716,1.100000023841858,3.700000047683716,0.9671292914536158,0.017531044558071585,1.164937973022461
v584,13.44544506072998,0.800000011920929,28.299999237060547,10.703782081604004,8.0,1.7000000476837158,26.600000381469727,0.38222222222222224,0.4411111111111111,2.4322221279144287
v585,3.7306792736053467,0.800000011920929,21.600000381469727,3.4593045711517334,2.5999999046325684,1.100000023841858,7.719999885559087,0.8093498904309715,0.02337472607742878,2.2689554691314697
v586,4.5059590339660645,0.800000011920929,22.399999618530273,4.197348594665527,2.9000000953674316,1.2000000476837158,10.399999618530273,0.6946938775510204,0.044081632653061226,2.927999973297119
v587,14.974088668823242,0.800000011920929,29.799999237060547,11.182286262512207,10.100000381469727,2.0999999046325684,28.799999237060547,0.2736732570239334,0.43704474505723206,2.4072842597961426
v588,4.338568210601807,0.800000011920929,24.399999618530273,4.39076566696167,2.5999999046325684,1.2000000476837158,10.199999809265137,0.7246165084002922,0.04967129291453616,2.9161431789398193
v589,8.209637641906738,0.800000011920929,21.700000762939453,5.870477199554443,6.25,1.600000023841858,16.399999618530273,0.44501133786848074,0.17913832199546487,2.910430908203125
v59,6.73583984375,0.800000011920929,21.200000762939453,4.0189995765686035,6.599999904632568,1.7999999523162842,11.77000007629395,0.3447265625,0.0439453125,2.4736328125
v590,14.419554710388184,0.800000011920929,29.399999618530273,12.161614418029785,8.0,1.100000023841858,27.899999618530273,0.4577777777777778,0.48,1.130666732788086
v591,11.602005958557129,0.800000011920929,27.0,9.588983535766602,7.400000095367432,1.25,24.299999237060547,0.4174382716049383,0.4243827160493827,3.528394937515259
v592,4.243169784545898,0.800000011920929,14.100000381469727,2.347268581390381,4.199999809265137,1.2999999523162842,7.0,0.6639883126369612,0.0,1.2062820196151733
v593,7.422070503234863,0.800000011920929,19.600000381469727,5.493654251098633,5.900000095367432,1.2000000476837158,14.899999618530273,0.4677734375,0.0908203125,1.8839844465255737
v594,3.265061378479004,0.800000011920929,15.300000190734863,2.6302640438079834,2.4000000953674316,1.100000023841858,6.760000038146987,0.8457142857142858,0.0016326530612244899,1.8071837425231934
v595,4.808256149291992,0.800000011920929,22.299999237060547,4.081658840179443,3.299999952316284,1.2000000476837158,11.349999904632568,0.6520061728395061,0.032407407407407406,2.860339403152466
v596,9.676939010620117,0.800000011920929,25.100000381469727,8.223711013793945,4.800000190734863,1.2999999523162842,21.200000762939453,0.5062326869806094,0.3718836565096953,2.290443181991577
v597,2.65525484085083,0.800000011920929,10.0,1.3726388216018677,2.5,1.100000023841858,4.300000190734863,0.9354838709677419,0.0,0.8842872381210327
v598,4.60069465637207,0.800000011920929,22.200000762939453,4.494136333465576,2.5999999046325684,1.100000023841858,11.800000190734863,0.6736111111111112,0.05246913580246913,2.8828704357147217
v599,3.0525951385498047,0.800000011920929,14.699999809265137,2.353529691696167,2.5,1.100000023841858,5.400000095367432,0.8806228373702422,0.0,1.5795848369598389
v60,4.581437587738037,0.800000011920929,14.899999618530273,2.4273595809936523,4.400000095367432,1.600000023841858,7.599999904632568,0.593125,0.0,1.4601249694824219
v600,11.811816215515137,0.800000011920929,27.0,9.520238876342773,7.0,1.5,23.899999618530273,0.41796875,0.4130859375,2.122851610183716
v601,12.607596397399902,0.800000011920929,27.200000762939453,9.846485137939453,8.0,1.7000000476837158,25.299999237060547,0.3756503642039542,0.4141519250780437,2.2332985401153564
v602,2.6879501342773438,0.800000011920929,15.800000190734863,2.194624900817871,2.0,1.0,5.099999904632568,0.8947368421052632,0.002770083102493075,1.4565097093582153
v603,3.6574370861053467,0.800000011920929,25.799999237060547,3.4630126953125,2.5,1.2000000476837158,7.310000181198133,0.825,0.023125,2.3571250438690186
v604,4.1250691413879395,0.800000011920929,22.799999237060547,3.9757189750671387,2.5999999046325684,1.100000023841858,9.899999618530273,0.7529843893480257,0.03673094582185491,2.700826644897461
v605,3.3621106147766113,0.800000011920929,11.300000190734863,1.9405168294906616,3.0,1.2000000476837158,6.099999904632568,0.8278546712802768,0.0,1.357439398765564
v606,3.6658778190612793,0.800000011920929,17.399999618530273,2.831210136413574,3.0,1.100000023841858,7.099999904632568,0.8253061224489796,0.007346938775510204,1.9962447881698608
v607,5.950484752655029,0.800000011920929,16.700000762939453,3.5013303756713867,6.099999904632568,1.399999976158142,10.399999618530273,0.4245152354570637,0.006232686980609419,2.226177453994751
v608,3.9968366622924805,0.800000011920929,18.200000762939453,3.5304031372070312,2.700000047683716,1.100000023841858,9.849999904632568,0.7847222222222222,0.018518518518518517,2.4816360473632812
v609,14.405858993530273,0.800000011920929,28.100000381469727,10.104533195495605,12.75,1.7999999523162842,26.799999237060547,0.271484375,0.4560546875,2.8335936069488525
v61,9.265765190124512,0.800000011920929,21.0,5.696694374084473,9.100000381469727,1.7000000476837158,16.799999237060547,0.3215400624349636,0.19250780437044746,2.1140477657318115
v610,7.88253116607666,0.800000011920929,21.600000381469727,6.793785095214844,3.799999952316284,1.2999999523162842,17.700000762939453,0.5542857142857143,0.24408163265306124,1.8101223707199097
v611,3.413754463195801,0.800000011920929,15.899999618530273,2.5264949798583984,2.799999952316284,1.100000023841858,6.699999809265137,0.8598615916955017,0.0025951557093425604,1.6935986280441284
v612,10.024023056030273,0.800000011920929,23.0,5.793123722076416,10.800000190734863,1.5,17.200000762939453,0.255859375,0.2236328125,2.817577838897705
v613,3.317384958267212,0.800000011920929,11.800000190734863,1.6085160970687866,3.299999952316284,1.2999999523162842,5.199999809265137,0.8772826880934989,0.0,1.0657414197921753
v614,6.367798328399658,0.800000011920929,19.700000762939453,4.5381999015808105,5.199999809265137,1.2999999523162842,12.969999885559087,0.48337950138504154,0.037396121883656507,2.4200832843780518
v615,4.05712890625,0.800000011920929,13.5,2.312391757965088,4.0,1.2000000476837158,7.069999933242802,0.6982421875,0.0,1.6267577409744263
v616,6.523800373077393,0.800000011920929,21.799999237060547,4.734767913818359,5.900000095367432,1.2999999523162842,13.800000190734863,0.44247205785667326,0.07232084155161078,3.1480605602264404
v617,2.7004847526550293,0.800000011920929,6.800000190734863,1.0898008346557617,2.700000047683716,1.2999999523162842,4.099999904632568,0.9674515235457064,0.0,0.5995845198631287
v618,10.258145332336426,0.800000011920929,25.700000762939453,8.182307243347168,6.599999904632568,1.2999999523162842,21.200000762939453,0.4317019722425128,0.408327246165084,3.3975162506103516
v619,1.9555556774139404,0.800000011920929,3.9000000953674316,0.8460510969161987,2.0,0.800000011920929,3.0,1.0,0.0,0.36049380898475647
v62,6.161651134490967,0.800000011920929,16.700000762939453,4.06327486038208,4.599999904632568,1.399999976158142,11.600000381469727,0.5216049382716049,0.006172839506172839,1.7375000715255737
v620,2.9937143325805664,0.800000011920929,18.399999618530273,2.718703269958496,2.0999999046325684,1.100000023841858,5.5,0.883265306122449,0.00816326530612245,1.6582856178283691
v621,3.3498270511627197,0.800000011920929,12.699999809265137,2.336362600326538,2.700000047683716,1.100000023841858,6.75,0.8148788927335641,0.0,1.7131487131118774
v622,3.865387439727783,0.800000011920929,16.0,2.307954788208008,3.5999999046325684,1.2999999523162842,6.559999942779554,0.7706122448979592,0.0016326530612244899,1.6331427097320557
v623,4.0229363441467285,0.800000011920929,18.600000381469727,3.360565185546875,2.9000000953674316,1.2000000476837158,8.32000007629395,0.7684441197954711,0.019722425127830533,2.394740581512451
v624,11.544753074645996,0.800000011920929,25.299999237060547,9.494732856750488,12.399999618530273,1.0,23.0,0.4783950617283951,0.5,1.6055554151535034
v625,3.1781251430511475,0.800000011920929,17.600000381469727,2.945552349090576,2.0999999046325684,1.100000023841858,7.5,0.857421875,0.0078125,1.685546875
v626,4.3391523361206055,0.800000011920929,21.799999237060547,4.083691596984863,2.799999952316284,1.100000023841858,10.419999694824224,0.7377647918188459,0.04163623082542001,3.082688331604004
v627,2.8512346744537354,0.800000011920929,11.0,1.3468177318572998,2.700000047683716,1.2000000476837158,4.5,0.9351851851851852,0.0,0.9070987701416016
v628,5.598842620849609,0.800000011920929,24.100000381469727,4.760727882385254,3.799999952316284,1.2000000476837158,13.050000190734863,0.5763888888888888,0.06558641975308642,3.7674379348754883
v629,2.09889817237854,0.800000011920929,8.699999809265137,1.053194284439087,1.899999976158142,1.0,3.299999952316284,0.977961432506887,0.0,0.5276399850845337
v63,8.744897842407227,0.800000011920929,21.399999618530273,5.477113723754883,8.449999809265137,1.8299999594688428,15.5,0.3711734693877551,0.14668367346938777,1.427040696144104
v630,13.992562294006348,0.800000011920929,28.200000762939453,10.291149139404297,10.600000381469727,1.8799999713897717,26.52000007629395,0.30303030303030304,0.4508723599632691,2.6745638847351074
v631,6.286778450012207,0.800000011920929,19.399999618530273,3.722139835357666,5.5,1.7999999523162842,11.899999618530273,0.4302410518626735,0.028487947406866325,2.8309714794158936
v632,2.7791666984558105,0.800000011920929,12.100000381469727,1.6316832304000854,2.5999999046325684,1.100000023841858,4.5,0.9243827160493827,0.0,1.0151234865188599
v633,13.133203506469727,0.800000011920929,30.100000381469727,11.869400024414062,5.900000095367432,1.2999999523162842,28.600000381469727,0.46875,0.404296875,2.2003908157348633
v634,3.900346040725708,0.800000011920929,19.799999237060547,2.723785877227783,3.299999952316284,1.5,6.800000190734863,0.8123268698060941,0.009002770083102494,1.9067866802215576
v635,6.233633041381836,0.800000011920929,18.399999618530273,3.683870315551758,6.300000190734863,1.399999976158142,10.800000190734863,0.41061224489795917,0.0163265306122449,2.296489953994751
v636,11.801713943481445,0.800000011920929,28.899999618530273,10.737738609313965,5.699999809265137,1.2999999523162842,26.299999237060547,0.4775510204081633,0.3820408163265306,2.1924898624420166
v637,8.03762435913086,0.800000011920929,22.899999618530273,5.459390640258789,6.199999809265137,1.7000000476837158,15.5,0.428125,0.129375,2.3385000228881836
v638,4.5304999351501465,0.800000011920929,21.600000381469727,3.9751079082489014,3.0999999046325684,1.2000000476837158,10.199999809265137,0.681875,0.0375,2.942000150680542
v639,4.547750473022461,0.800000011920929,22.200000762939453,3.9352595806121826,3.200000047683716,1.2000000476837158,10.300000190734863,0.7076124567474048,0.037197231833910036,2.9103806018829346
v64,2.914625644683838,0.800000011920929,9.199999809265137,1.4251980781555176,2.799999952316284,1.2000000476837158,4.699999809265137,0.915576694411415,0.0,0.5417360067367554
v640,4.072144985198975,0.800000011920929,20.200000762939453,3.686030864715576,2.799999952316284,1.100000023841858,9.399999618530273,0.7739197530864198,0.02700617283950617,2.6569442749023438
v641,6.899221420288086,0.800000011920929,17.0,3.9357283115386963,7.25,1.5,11.600000381469727,0.39013840830449825,0.01384083044982699,1.8576123714447021
v642,7.207284450531006,0.800000011920929,20.5,5.0739288330078125,5.199999809265137,1.399999976158142,13.800000190734863,0.49011446409989595,0.05202913631633715,1.7061395645141602
v643,1.9506945610046387,0.800000011920929,12.0,1.384047031402588,1.600000023841858,0.8999999761581421,2.9000000953674316,0.9552469135802469,0.0,0.8594136238098145
v644,3.3222219944000244,0.800000011920929,19.399999618530273,3.335698366165161,2.0999999046325684,1.0,7.5,0.8572530864197531,0.019290123456790122,2.2731480598449707
v645,2.6316239833831787,0.800000011920929,9.800000190734863,1.2166521549224854,2.5,1.2999999523162842,4.0,0.9572649572649573,0.0,0.7172912359237671
v646,10.113520622253418,0.800000011920929,24.700000762939453,7.056783199310303,8.550000190734863,1.600000023841858,19.600000381469727,0.3635204081632653,0.3405612244897959,2.4357142448425293
v647,4.334285736083984,0.800000011920929,20.200000762939453,3.4567155838012695,3.200000047683716,1.2000000476837158,9.160000038146986,0.6971428571428572,0.022857142857142857,2.595754861831665
v648,3.863988161087036,0.800000011920929,19.700000762939453,3.3515753746032715,2.799999952316284,1.2000000476837158,8.800000190734863,0.8086194302410519,0.018261504747991233,2.349452257156372
v649,2.196990728378296,0.800000011920929,9.800000190734863,1.3061813116073608,1.899999976158142,1.0,3.700000047683716,0.9483024691358025,0.0,0.8890432715415955
v65,9.551234245300293,0.800000011920929,24.799999237060547,6.309610843658447,7.900000095367432,2.0999999046325684,18.100000381469727,0.35802469135802467,0.2839506172839506,2.8293209075927734
v650,5.613659858703613,0.800000011920929,15.5,3.2957212924957275,5.699999809265137,1.399999976158142,9.800000190734863,0.47114682249817386,0.0007304601899196494,1.989043116569519
v651,2.837049961090088,0.800000011920929,15.399999618530273,2.467939615249634,2.0,1.0,5.77000007629395,0.8774238227146814,0.002077562326869806,1.6452908515930176
v652,6.682250022888184,0.800000011920929,18.200000762939453,3.998527765274048,6.599999904632568,1.399999976158142,11.419999694824224,0.4112490869247626,0.013878743608473338,2.2913074493408203
v653,3.7053067684173584,0.800000011920929,10.199999809265137,1.6617202758789062,3.799999952316284,1.5,5.699999809265137,0.7835587929240374,0.0,0.8665972948074341
v654,2.5800929069519043,0.800000011920929,11.399999618530273,1.6184570789337158,2.299999952316284,1.0,4.400000095367432,0.9251543209876543,0.0,1.1299382448196411
v655,3.1258580684661865,0.800000011920929,10.0,1.511742353439331,3.0,1.2999999523162842,5.099999904632568,0.8838568298027758,0.0,0.756902813911438
v656,10.496399879455566,0.800000011920929,26.0,9.162408828735352,5.0,1.399999976158142,23.200000762939453,0.4986149584487535,0.37465373961218834,2.254570722579956
v657,5.361712455749512,0.800000011920929,14.699999809265137,3.684861183166504,3.5999999046325684,1.2999999523162842,10.300000190734863,0.5529131985731273,0.0,0.9346016645431519
v658,6.5638909339904785,0.800000011920929,16.600000381469727,3.440070629119873,7.0,1.600000023841858,10.600000381469727,0.3456276026174896,0.00594883997620464,2.075312376022339
v659,2.6397552490234375,0.800000011920929,13.600000381469727,1.907517671585083,2.0999999046325684,1.100000023841858,4.599999904632568,0.9085714285714286,0.0,1.2184491157531738
v66,15.863272666931152,0.800000011920929,30.700000762939453,11.772881507873535,10.199999809265137,2.299999952316284,29.799999237060547,0.25771604938271603,0.44753086419753085,1.7743828296661377
v660,12.155281066894531,0.800000011920929,27.100000381469727,7.961353778839111,12.199999809265137,1.600000023841858,21.299999237060547,0.27983539094650206,0.4787379972565158,2.1272976398468018
v661,4.111294746398926,0.800000011920929,19.799999237060547,3.8337717056274414,2.5999999046325684,1.100000023841858,10.199999809265137,0.768595041322314,0.028466483011937556,2.8018364906311035
v662,9.62946891784668,0.800000011920929,23.899999618530273,6.413658142089844,8.300000190734863,1.7999999523162842,17.799999237060547,0.3575510204081633,0.33877551020408164,2.2826123237609863
v663,3.651183605194092,0.800000011920929,14.199999809265137,1.926515817642212,3.4000000953674316,1.2999999523162842,6.199999809265137,0.7958579881656804,0.0,1.3786982297897339
v664,2.1391003131866455,0.800000011920929,7.300000190734863,0.9695594310760498,2.0,1.100000023841858,3.299999952316284,0.9757785467128027,0.0,0.6598616242408752
v665,4.211634635925293,0.800000011920929,16.5,2.585108757019043,3.700000047683716,1.5,7.470000028610234,0.6939058171745153,0.002770083102493075,1.6562327146530151
v666,3.3643534183502197,0.800000011920929,10.699999809265137,1.7441251277923584,3.0999999046325684,1.2000000476837158,5.699999809265137,0.8392987582176772,0.0,1.2011687755584717
v667,4.066837310791016,0.800000011920929,22.600000381469727,3.664170742034912,2.9000000953674316,1.100000023841858,8.82000007629395,0.7611395178962747,0.02483564645726808,2.3633310794830322
v668,6.244571685791016,0.800000011920929,17.5,4.387243747711182,4.199999809265137,1.2999999523162842,12.100000381469727,0.5248979591836734,0.006530612244897959,1.5902040004730225
v669,2.6235995292663574,0.800000011920929,12.899999618530273,1.9236156940460205,2.0999999046325684,1.0,5.199999809265137,0.8962350780532599,0.0,1.2501376867294312
v67,14.908241271972656,0.800000011920929,29.899999618530273,10.96435260772705,11.100000381469727,2.200000047683716,28.5,0.29362880886426596,0.4425207756232687,2.5677285194396973
v670,1.9835872650146484,0.800000011920929,7.099999904632568,0.9361547231674194,1.7999999523162842,1.0,3.0999999046325684,0.9813019390581718,0.0,0.6688365340232849
v671,4.814416885375977,0.800000011920929,17.600000381469727,3.2527284622192383,4.5,1.2000000476837158,9.219999885559087,0.588613406795225,0.011937557392102846,2.3348026275634766
v672,2.218282461166382,0.800000011920929,8.0,0.9505274295806885,2.0999999046325684,1.100000023841858,3.4000000953674316,0.9903047091412742,0.0,0.46011078357696533
v673,8.192896842956543,0.800000011920929,20.200000762939453,5.933603286743164,5.599999904632568,1.600000023841858,16.600000381469727,0.45877551020408164,0.19755102040816327,1.8666120767593384
v674,9.938444137573242,0.800000011920929,24.600000381469727,6.274094104766846,11.100000381469727,1.5,18.200000762939453,0.30777777777777776,0.23555555555555555,3.2244443893432617
v675,1.677777886390686,0.800000011920929,3.4000000953674316,0.6904999613761902,1.7000000476837158,0.800000011920929,2.5,1.0,0.0,0.23950617015361786
v676,3.038494825363159,0.800000011920929,12.800000190734863,1.9226065874099731,2.700000047683716,1.100000023841858,5.300000190734863,0.889273356401384,0.0,1.2240484952926636
v677,3.3378326892852783,0.800000011920929,9.399999618530273,1.6427600383758545,3.200000047683716,1.2000000476837158,5.599999904632568,0.8310376492194674,0.0,0.8486684560775757
v678,3.8968780040740967,0.800000011920929,17.100000381469727,2.8671646118164062,3.200000047683716,1.2000000476837158,7.820000171661381,0.7786960514233241,0.005509641873278237,1.8635445833206177
v679,4.451999664306641,0.800000011920929,16.299999237060547,2.93416428565979,4.199999809265137,1.2000000476837158,8.100000381469727,0.6440816326530612,0.006530612244897959,2.120326519012451
v68,15.64517879486084,0.800000011920929,30.0,11.602518081665039,12.199999809265137,1.5,29.0,0.3140495867768595,0.48117539026629935,2.5112950801849365
v680,5.064571380615234,0.800000011920929,16.799999237060547,3.4357330799102783,4.199999809265137,1.2000000476837158,9.600000381469727,0.529795918367347,0.004081632653061225,1.8626939058303833
v681,9.382099151611328,0.800000011920929,25.100000381469727,8.139731407165527,4.900000095367432,1.2000000476837158,20.899999618530273,0.5084876543209876,0.3734567901234568,2.3280866146087646
v682,4.756712913513184,0.800000011920929,18.799999237060547,3.4097559452056885,4.5,1.100000023841858,8.949999809265137,0.5408950617283951,0.016975308641975308,2.1646604537963867
v683,4.862111568450928,0.800000011920929,18.700000762939453,3.0687453746795654,4.699999809265137,1.2999999523162842,8.409999656677249,0.5422222222222223,0.012222222222222223,2.0162222385406494
v684,2.3588571548461914,0.800000011920929,6.5,0.9231385588645935,2.299999952316284,1.2000000476837158,3.5,0.986938775510204,0.0,0.5440000295639038
v685,5.807888984680176,0.800000011920929,17.5,2.99113392829895,5.599999904632568,1.8899999737739568,9.800000190734863,0.37555555555555553,0.0044444444444444444,2.2602221965789795
v686,9.789958953857422,0.800000011920929,24.100000381469727,8.064620971679688,5.599999904632568,1.2999999523162842,21.0,0.47591836734693876,0.3787755102040816,2.389061212539673
v687,2.348571538925171,0.800000011920929,10.100000381469727,1.5077540874481201,1.899999976158142,1.0,4.199999809265137,0.9257142857142857,0.0,1.0883264541625977
v688,5.221675872802734,0.800000011920929,23.0,3.967008352279663,4.400000095367432,1.2999999523162842,10.27000007629395,0.592797783933518,0.04085872576177285,2.8361494541168213
v689,4.252708911895752,0.800000011920929,13.899999618530273,2.458099603652954,3.799999952316284,1.2999999523162842,7.199999809265137,0.5500459136822773,0.0,1.1831037998199463
v69,10.322990417480469,0.800000011920929,27.299999237060547,8.533665657043457,5.599999904632568,1.7999999523162842,24.100000381469727,0.4564764681382757,0.358600583090379,3.480299949645996
v690,3.6851210594177246,0.800000011920929,12.100000381469727,1.9527604579925537,3.700000047683716,1.2000000476837158,6.199999809265137,0.7820069204152249,0.0,1.1211072206497192
v691,3.5904297828674316,0.800000011920929,18.399999618530273,3.3426380157470703,2.299999952316284,1.0,8.77000007629395,0.8037109375,0.0146484375,2.1539061069488525
v692,8.7223539352417,0.800000011920929,24.200000762939453,5.79788064956665,7.5,1.5,16.600000381469727,0.34516765285996054,0.168310322156476,3.2671926021575928
v693,7.942560195922852,0.800000011920929,26.700000762939453,4.494194984436035,8.399999618530273,1.899999976158142,13.100000381469727,0.29498269896193774,0.04671280276816609,2.791349411010742
v694,3.489877223968506,0.800000011920929,13.600000381469727,2.1296842098236084,3.0999999046325684,1.100000023841858,6.159999847412123,0.7485714285714286,0.0,1.2053877115249634
v695,11.612627029418945,0.800000011920929,25.100000381469727,8.7421293258667,7.949999809265137,1.5,22.299999237060547,0.3673469387755102,0.4362244897959184,1.407397985458374
v696,2.847994565963745,0.800000011920929,12.5,1.7793830633163452,2.5,1.2000000476837158,5.099999904632568,0.8941485864562788,0.0,1.153714656829834
v697,2.56345272064209,0.800000011920929,8.600000381469727,1.2711482048034668,2.4000000953674316,1.100000023841858,4.099999904632568,0.9467401285583104,0.0,0.7970615029335022
v698,2.0786705017089844,0.800000011920929,6.099999904632568,0.8615691065788269,2.0,1.0,3.200000047683716,0.9944598337950139,0.0,0.472022145986557
v699,5.325692176818848,0.800000011920929,18.299999237060547,3.3402185440063477,5.0,1.399999976158142,9.699999809265137,0.4979224376731302,0.01592797783933518,2.507340669631958
v70,14.222662925720215,0.800000011920929,29.5,9.728620529174805,11.100000381469727,2.299999952316284,26.5,0.24394463667820068,0.45761245674740486,2.620415210723877
v700,6.194521427154541,0.800000011920929,17.399999618530273,3.5178723335266113,5.949999809265137,1.600000023841858,10.800000190734863,0.4382716049382716,0.0038580246913580245,1.6695985794067383
v701,4.593672752380371,0.800000011920929,19.600000381469727,3.5491466522216797,4.050000190734863,1.100000023841858,9.100000381469727,0.6535493827160493,0.026234567901234566,2.4691355228424072
v702,2.5363266468048096,0.800000011920929,10.800000190734863,1.5372155904769897,2.200000047683716,1.0,4.360000133514418,0.929795918367347,0.0,1.0093060731887817
v703,2.464353561401367,0.800000011920929,16.5,2.1916470527648926,1.7999999523162842,1.0,4.320000171661381,0.9130752373995618,0.0014609203798392988,1.4073046445846558
v704,4.26705265045166,0.800000011920929,19.299999237060547,3.7437503337860107,2.799999952316284,1.2000000476837158,9.800000190734863,0.6936728395061729,0.02700617283950617,2.589043140411377
v705,4.578080177307129,0.800000011920929,14.600000381469727,2.514244318008423,4.699999809265137,1.2999999523162842,7.5,0.5344,0.0,1.1420800685882568
v706,2.940431833267212,0.800000011920929,10.800000190734863,1.4466387033462524,2.700000047683716,1.2999999523162842,4.800000190734863,0.9058641975308642,0.0,1.0308642387390137
v707,3.4974374771118164,0.800000011920929,16.600000381469727,2.473367929458618,2.799999952316284,1.2000000476837158,6.699999809265137,0.8289473684210527,0.002770083102493075,1.8469529151916504
v708,1.8116732835769653,0.800000011920929,4.199999809265137,0.6264008283615112,1.7999999523162842,1.0,2.700000047683716,1.0,0.0,0.3413877785205841
v709,5.765020847320557,0.800000011920929,19.299999237060547,3.702003002166748,6.199999809265137,1.2799999713897703,10.100000381469727,0.4403292181069959,0.023319615912208505,2.212071418762207
v71,5.6374993324279785,0.800000011920929,13.0,3.253798484802246,5.599999904632568,1.2999999523162842,9.969999885559083,0.4236111111111111,0.0,1.1916667222976685
v710,6.177908897399902,0.800000011920929,20.200000762939453,5.163658142089844,3.4000000953674316,1.2999999523162842,14.199999809265137,0.6219592373438527,0.062458908612754764,1.6949375867843628
v711,2.958448648452759,0.800000011920929,18.5,2.76662278175354,2.0,1.0,6.0,0.8698060941828255,0.007617728531855956,1.8199446201324463
v712,4.040302276611328,0.800000011920929,21.700000762939453,3.0261929035186768,3.4000000953674316,1.399999976158142,7.099999904632568,0.7915844838921762,0.017094017094017096,2.009598970413208
v713,4.216481685638428,0.800000011920929,23.0,4.346045017242432,2.299999952316284,1.100000023841858,10.5,0.739612188365651,0.05263157894736842,3.002216100692749
v714,10.733333587646484,0.800000011920929,24.700000762939453,8.945416450500488,5.050000190734863,1.399999976158142,22.299999237060547,0.4911111111111111,0.42,1.690222144126892
v715,8.096735000610352,0.800000011920929,20.799999237060547,5.614724636077881,6.199999809265137,1.7000000476837158,15.899999618530273,0.4489795918367347,0.15020408163265306,2.150040864944458
v716,6.338956832885742,0.800000011920929,17.200000762939453,3.5319807529449463,6.699999809265137,1.5,10.600000381469727,0.38545953360768176,0.010973936899862825,1.521810531616211
v717,10.745265007019043,0.800000011920929,23.700000762939453,7.729761600494385,7.300000190734863,1.600000023841858,20.5,0.3517169614984391,0.42455775234131116,2.0208115577697754
v718,13.51807975769043,0.800000011920929,29.200000762939453,10.673615455627441,8.399999618530273,2.0,27.399999618530273,0.34342560553633217,0.4013840830449827,2.4081315994262695
v719,15.015702247619629,0.800000011920929,30.0,12.620797157287598,12.699999809265137,1.030000007152558,28.899999618530273,0.44008264462809915,0.4896694214876033,1.7595040798187256
v72,12.90701961517334,0.800000011920929,29.0,9.219905853271484,9.199999809265137,2.200000047683716,26.0,0.2599643069601428,0.4176085663295657,3.319096088409424
v720,1.75802481174469,0.800000011920929,3.700000047683716,0.7638214826583862,1.7000000476837158,0.800000011920929,2.799999952316284,1.0,0.0,0.2518518567085266
v721,11.484342575073242,0.800000011920929,27.600000381469727,10.153800010681152,5.350000381469727,1.2999999523162842,25.15000057220459,0.4852941176470588,0.3953287197231834,2.3153979778289795
v722,1.653086543083191,0.800000011920929,3.4000000953674316,0.6867505311965942,1.600000023841858,0.800000011920929,2.5,1.0,0.0,0.19012345373630524
v723,2.5469720363616943,0.800000011920929,10.0,1.6114102602005005,2.0999999046325684,1.0,4.900000095367432,0.9039792387543253,0.0,1.036505103111267
v724,3.40163254737854,0.800000011920929,14.699999809265137,2.4090707302093506,2.700000047683716,1.100000023841858,6.900000095367432,0.7991836734693878,0.0,1.8337960243225098
v725,4.1414690017700195,0.800000011920929,18.600000381469727,3.1893563270568848,3.5,1.2000000476837158,8.300000190734863,0.763265306122449,0.015510204081632653,2.2431020736694336
v726,12.458040237426758,0.800000011920929,25.700000762939453,7.777385234832764,11.399999618530273,2.0999999046325684,22.299999237060547,0.24326530612244898,0.4179591836734694,2.676081895828247
v727,5.265999794006348,0.800000011920929,22.399999618530273,3.6278276443481445,5.0,1.2999999523162842,9.209999847412123,0.493125,0.026875,2.293750047683716
v728,3.1041150093078613,0.800000011920929,8.899999618530273,1.455865502357483,2.9000000953674316,1.2000000476837158,5.0,0.8888888888888888,0.0,0.8677640557289124
v729,1.914197325706482,0.800000011920929,10.600000381469727,1.279563546180725,1.600000023841858,0.8999999761581421,2.799999952316284,0.9583333333333334,0.0,0.8141974806785583
v73,8.384089469909668,0.800000011920929,21.299999237060547,5.511812210083008,8.100000381469727,1.7000000476837158,16.299999237060547,0.38527284681130836,0.15976331360946747,2.8707432746887207
v730,3.275865077972412,0.800000011920929,18.899999618530273,2.82277512550354,2.4000000953674316,1.100000023841858,6.599999904632568,0.8520761245674741,0.009515570934256055,1.9669550657272339
v731,4.725712776184082,0.800000011920929,21.299999237060547,3.4331421852111816,4.0,1.2999999523162842,8.600000381469727,0.5952919873245812,0.02489814395654142,2.2579445838928223
v732,2.7609734535217285,0.800000011920929,12.699999809265137,1.7911043167114258,2.4000000953674316,1.100000023841858,5.0,0.898989898989899,0.0,1.1744719743728638
v733,11.516263008117676,0.800000011920929,26.200000762939453,9.221871376037598,7.199999809265137,1.399999976158142,23.899999618530273,0.3961937716262976,0.4022491349480969,2.9806230068206787
v734,5.12440824508667,0.800000011920929,22.899999618530273,4.257367134094238,3.9000000953674316,1.2999999523162842,11.100000381469727,0.6351020408163265,0.052244897959183675,3.0782041549682617
v735,3.4408178329467773,0.800000011920929,13.800000190734863,2.074624538421631,3.0999999046325684,1.2000000476837158,5.800000190734863,0.8433641975308642,0.0,1.30540132522583
v736,2.735457181930542,0.800000011920929,17.0,2.463386297225952,1.899999976158142,1.0,5.400000095367432,0.8864265927977839,0.004155124653739612,1.6495845317840576
v737,1.7802468538284302,0.800000011920929,3.700000047683716,0.7781617641448975,1.7999999523162842,0.800000011920929,2.799999952316284,1.0,0.0,0.2320987731218338
v738,4.3740997314453125,0.800000011920929,17.0,2.6130599975585938,4.0,1.2999999523162842,7.900000095367432,0.6772853185595568,0.002077562326869806,1.8199446201324463
v739,5.697106838226318,0.800000011920929,20.899999618530273,3.7843101024627686,5.400000095367432,1.399999976158142,10.399999618530273,0.43261012491781725,0.029585798816568046,2.5986850261688232
v74,14.947092056274414,0.800000011920929,29.799999237060547,10.313326835632324,12.850000381469727,2.0999999046325684,28.0,0.25554016620498615,0.46814404432132967,3.70969557762146
v740,6.12286376953125,0.800000011920929,17.899999618530273,4.488802433013916,4.0,1.2000000476837158,12.300000190734863,0.5514974433893353,0.008035062089116142,1.4328707456588745
v741,2.1134374141693115,0.800000011920929,8.800000190734863,1.0169074535369873,1.899999976158142,1.100000023841858,3.299999952316284,0.976875,0.0,0.6296250224113464
v742,4.671439170837402,0.800000011920929,19.899999618530273,3.8174099922180176,3.5,1.2999999523162842,10.199999809265137,0.672753834915997,0.03506208911614317,2.8461649417877197
v743,9.920124053955078,0.800000011920929,25.299999237060547,7.52176570892334,6.599999904632568,1.7000000476837158,20.600000381469727,0.406875,0.369375,2.7284996509552
v744,2.999168872833252,0.800000011920929,11.100000381469727,1.7162251472473145,2.700000047683716,1.100000023841858,5.199999809265137,0.878808864265928,0.0,1.1049860715866089
v745,4.004967212677002,0.800000011920929,20.100000381469727,3.5708980560302734,2.9000000953674316,1.100000023841858,8.899999618530273,0.7925493060628196,0.026296566837107377,2.4683709144592285
v746,4.005092144012451,0.800000011920929,23.799999237060547,4.013067722320557,2.5,1.100000023841858,9.5,0.7800925925925926,0.036265432098765434,2.8003087043762207
v747,3.107304811477661,0.800000011920929,15.600000381469727,2.6554172039031982,2.299999952316284,1.100000023841858,6.699999809265137,0.8612125639152666,0.0014609203798392988,1.8175312280654907
v748,5.072506904602051,0.800000011920929,16.399999618530273,3.216923952102661,4.400000095367432,1.399999976158142,9.699999809265137,0.5851800554016621,0.009002770083102494,2.485180139541626
v749,3.2455077171325684,0.800000011920929,13.399999618530273,2.285432815551758,2.5999999046325684,1.100000023841858,6.900000095367432,0.845703125,0.0,1.5695313215255737
v75,9.664597511291504,0.800000011920929,26.5,7.36277961730957,7.0,1.600000023841858,20.899999618530273,0.41690962099125367,0.29029571012078303,3.387171983718872
v750,12.387419700622559,0.800000011920929,28.700000762939453,11.06198501586914,5.599999904632568,1.2799999713897716,26.899999618530273,0.4756657483930211,0.41046831955922863,2.404224157333374
v751,2.488020420074463,0.800000011920929,12.699999809265137,1.8380132913589478,2.0,1.100000023841858,4.5,0.9138056975894814,0.0,1.205405354499817
v752,2.1306939125061035,0.800000011920929,5.599999904632568,0.8681887984275818,2.0999999046325684,1.0,3.299999952316284,0.9918367346938776,0.0,0.5343673229217529
v753,9.3478364944458,0.800000011920929,22.5,6.404601573944092,7.5,1.8399999618530278,18.100000381469727,0.3902040816326531,0.28489795918367344,2.3717551231384277
v754,3.374382495880127,0.800000011920929,13.600000381469727,2.1419150829315186,2.9000000953674316,1.100000023841858,6.300000190734863,0.8325617283950617,0.0,1.415123462677002
v755,2.884110689163208,0.800000011920929,12.300000190734863,1.935264229774475,2.5,1.100000023841858,5.0099999904632595,0.8977777777777778,0.0,1.2308889627456665
v756,3.0413222312927246,0.800000011920929,7.800000190734863,1.2419956922531128,3.0,1.3799999713897717,4.599999904632568,0.9292929292929293,0.0,0.6409550309181213
v757,11.904199600219727,0.800000011920929,28.0,9.802705764770508,6.75,1.399999976158142,24.399999618530273,0.4306640625,0.419921875,2.4310545921325684
v758,2.20359206199646,0.800000011920929,7.800000190734863,1.1866276264190674,1.899999976158142,1.0,3.700000047683716,0.9567346938775511,0.0,0.8114285469055176
v759,3.885338306427002,0.800000011920929,19.299999237060547,3.404608964920044,2.5999999046325684,1.100000023841858,8.399999618530273,0.7692307692307693,0.0210387902695595,2.5793557167053223
v76,14.694561958312988,0.800000011920929,31.100000381469727,11.759541511535645,9.050000190734863,1.7000000476837158,29.899999618530273,0.334375,0.42125,2.6293749809265137
v760,5.764718532562256,0.800000011920929,15.800000190734863,3.247135639190674,5.5,1.5,10.199999809265137,0.4550766983199416,0.002191380569758948,1.8175309896469116
v761,12.153375625610352,0.800000011920929,30.399999618530273,11.861761093139648,4.400000095367432,1.399999976158142,28.899999618530273,0.5275,0.355625,2.052999973297119
v762,1.7521631717681885,0.800000011920929,4.0,0.5808627009391785,1.7000000476837158,1.0,2.5,1.0,0.0,0.30171430110931396
v763,3.9678239822387695,0.800000011920929,14.300000190734863,2.248732328414917,3.700000047683716,1.2999999523162842,6.699999809265137,0.7337962962962963,0.0,1.3337963819503784
v764,3.428114175796509,0.800000011920929,10.699999809265137,1.8464865684509277,3.4000000953674316,1.2000000476837158,5.699999809265137,0.8399653979238755,0.0,1.2140138149261475
v765,9.942530632019043,0.800000011920929,22.399999618530273,6.641854286193848,8.800000190734863,1.7000000476837158,19.160000610351577,0.32653061224489793,0.3142857142857143,2.9358365535736084
v766,11.478940963745117,0.800000011920929,27.700000762939453,9.70512580871582,6.800000190734863,1.5,25.299999237060547,0.41582391433670435,0.35276621058893515,2.7789413928985596
v767,12.750555992126465,0.800000011920929,28.799999237060547,11.108176231384277,5.850000381469727,1.399999976158142,26.700000762939453,0.4777777777777778,0.4211111111111111,2.0584444999694824
v768,13.75289249420166,0.800000011920929,29.399999618530273,10.922223091125488,10.199999809265137,1.5,27.200000762939453,0.3581267217630854,0.4297520661157025,2.4479339122772217
v769,4.599839687347412,0.800000011920929,16.200000762939453,2.928598165512085,4.900000095367432,1.100000023841858,7.900000095367432,0.5072,0.0032,1.455680012702942
v77,11.862199783325195,0.800000011920929,30.100000381469727,10.369132995605469,6.599999904632568,1.5,27.399999618530273,0.4388,0.3676,3.1613597869873047
v770,10.921399116516113,0.800000011920929,27.0,9.136000633239746,6.099999904632568,1.399999976158142,23.5,0.4404432132963989,0.3829639889196676,2.6619114875793457
v771,8.853878021240234,0.800000011920929,24.200000762939453,7.542385101318359,4.300000190734863,1.4299999833107007,19.299999237060547,0.5346260387811634,0.3628808864265928,1.8268698453903198
v772,11.756025314331055,0.800000011920929,28.299999237060547,10.062466621398926,6.099999904632568,1.399999976158142,25.5,0.44485025566106645,0.3973703433162893,2.8490867614746094
v773,3.739579200744629,0.800000011920929,20.399999618530273,3.286701202392578,2.700000047683716,1.2000000476837158,7.599999904632568,0.8021038790269559,0.018408941485864562,2.204470634460449
v774,9.860448837280273,0.800000011920929,26.0,8.585270881652832,4.300000190734863,1.2999999523162842,21.76999969482422,0.513671875,0.400390625,2.269335985183716
v775,7.082063674926758,0.800000011920929,20.799999237060547,4.152053356170654,7.550000190734863,1.600000023841858,12.0,0.3649584487534626,0.03185595567867036,2.6779778003692627
v776,13.375999450683594,0.800000011920929,28.200000762939453,9.242557525634766,13.5,1.399999976158142,24.5,0.31510204081632653,0.46938775510204084,2.411755323410034
v777,1.7905124425888062,0.800000011920929,4.599999904632568,0.640528678894043,1.7000000476837158,1.0,2.700000047683716,1.0,0.0,0.28573405742645264
v778,4.119354724884033,0.800000011920929,12.899999618530273,2.347726821899414,4.300000190734863,1.2000000476837158,7.0,0.6077003121748179,0.0,1.126118540763855
v779,8.441412925720215,0.800000011920929,24.799999237060547,5.266578197479248,9.0,1.5,15.100000381469727,0.31509695290858725,0.10110803324099724,3.4343490600585938
v78,6.08680534362793,0.800000011920929,14.600000381469727,3.603590726852417,6.099999904632568,1.2999999523162842,10.969999885559083,0.4027777777777778,0.0,1.398611068725586
v780,6.5369110107421875,0.800000011920929,22.100000381469727,4.882237911224365,5.099999904632568,1.2000000476837158,13.300000190734863,0.4951523545706371,0.04916897506925208,2.8865652084350586
v781,4.762119293212891,0.800000011920929,17.899999618530273,3.005622386932373,4.400000095367432,1.2999999523162842,8.669999980926518,0.5907202216066482,0.006925207756232687,2.1422436237335205
v782,3.0371248722076416,0.800000011920929,14.399999618530273,1.6253105401992798,2.799999952316284,1.399999976158142,4.699999809265137,0.9125,0.0,1.0765000581741333
v783,2.550605535507202,0.800000011920929,13.600000381469727,1.8945215940475464,2.0,1.0,4.299999952316284,0.9100346020761245,0.0,1.3105536699295044
v784,11.292914390563965,0.800000011920929,26.399999618530273,8.47596263885498,8.399999618530273,1.5,22.899999618530273,0.35865595325054783,0.40321402483564645,3.486632823944092
v785,2.2726078033447266,0.800000011920929,10.5,1.406491994857788,2.0,1.0,3.5999999046325684,0.9481373265157049,0.0,0.8736304044723511
v786,2.775918483734131,0.800000011920929,9.199999809265137,1.1799687147140503,2.799999952316284,1.2000000476837158,4.199999809265137,0.9616326530612245,0.0,0.6522449254989624
v787,12.990283966064453,0.800000011920929,30.0,11.685940742492676,6.400000095367432,1.3799999713897717,29.0,0.4528853177501826,0.3776479181884587,2.542147636413574
v788,1.79547119140625,0.800000011920929,5.0,0.6514533162117004,1.7000000476837158,1.0,2.5999999046325684,0.9992695398100804,0.0,0.40993422269821167
v789,10.944772720336914,0.800000011920929,26.799999237060547,9.36477279663086,5.599999904632568,1.5,24.299999237060547,0.4589086127547666,0.36554898093359633,2.4639053344726562
v79,13.359014511108398,0.800000011920929,29.899999618530273,10.548262596130371,8.100000381469727,1.5,27.799999237060547,0.30612244897959184,0.41099773242630383,2.6751701831817627
v790,6.392290115356445,0.800000011920929,18.200000762939453,4.366995811462402,4.599999904632568,1.5,12.5,0.5153061224489796,0.007936507936507936,1.8850340843200684
v791,6.464648723602295,0.800000011920929,23.600000381469727,3.9788012504577637,6.400000095367432,1.6300000309944165,11.300000190734863,0.3662109375,0.0390625,2.6351561546325684
v792,3.138843059539795,0.800000011920929,8.199999809265137,1.725066900253296,2.799999952316284,1.100000023841858,5.599999904632568,0.8273645546372819,0.0,0.6391184329986572
v793,4.002421855926514,0.800000011920929,15.100000381469727,2.5939130783081055,3.5,1.2000000476837158,7.800000190734863,0.7612456747404844,0.0008650519031141869,1.8577855825424194
v794,3.7233469486236572,0.800000011920929,11.600000381469727,1.8694782257080078,3.4000000953674316,1.5,6.199999809265137,0.8008163265306123,0.0,1.2798367738723755
v795,5.788705348968506,0.800000011920929,15.300000190734863,3.252249240875244,5.800000190734863,1.2999999523162842,10.100000381469727,0.41046831955922863,0.0009182736455463728,2.188246011734009
v796,3.468590259552002,0.800000011920929,17.600000381469727,3.0726115703582764,2.4000000953674316,1.100000023841858,7.719999885559087,0.8268809349890431,0.01168736303871439,2.135427236557007
v797,3.3958332538604736,0.800000011920929,18.399999618530273,3.1959221363067627,2.299999952316284,1.0,7.400000095367432,0.8387345679012346,0.015432098765432098,2.172222375869751
v798,3.711621046066284,0.800000011920929,18.899999618530273,3.6809065341949463,2.200000047683716,1.0,9.77000007629395,0.8134765625,0.0244140625,2.693554639816284
v799,1.9400622844696045,0.800000011920929,4.5,0.7689253687858582,1.899999976158142,1.0,3.0,1.0,0.0,0.337981253862381
v80,12.33265495300293,0.800000011920929,29.0,9.270072937011719,9.399999618530273,2.0,26.399999618530273,0.33601134215500944,0.416351606805293,4.799149513244629
v800,5.653116226196289,0.800000011920929,21.200000762939453,3.78599214553833,5.5,1.2000000476837158,10.399999618530273,0.45083102493074795,0.024930747922437674,2.6688363552093506
v801,2.8476734161376953,0.800000011920929,11.800000190734863,1.9474685192108154,2.4000000953674316,1.100000023841858,5.199999809265137,0.8865306122448979,0.0,1.4112653732299805
v802,1.7489440441131592,0.800000011920929,4.300000190734863,0.5796054005622864,1.7000000476837158,1.0,2.5,1.0,0.0,0.2942149043083191
v803,4.597916603088379,0.800000011920929,20.200000762939453,3.2120654582977295,4.0,1.399999976158142,8.399999618530273,0.6736111111111112,0.019290123456790122,2.27114200592041
v804,1.831510066986084,0.800000011920929,6.0,0.7689610123634338,1.7000000476837158,1.0,2.700000047683716,0.9910204081632653,0.0,0.4639999568462372
v805,3.4297142028808594,0.800000011920929,18.899999618530273,3.323194742202759,2.200000047683716,1.0,8.160000038146986,0.8383673469387755,0.018775510204081632,2.4000000953674316
v806,5.653177738189697,0.800000011920929,23.299999237060547,4.5006914138793945,5.0,1.100000023841858,12.120000267028813,0.4835646457268079,0.06428049671292914,3.228926420211792
v807,1.7839508056640625,0.800000011920929,3.5,0.7422782182693481,1.7999999523162842,0.800000011920929,2.700000047683716,1.0,0.0,0.25432100892066956
v808,2.529510736465454,0.800000011920929,11.300000190734863,1.602269172668457,2.0999999046325684,1.100000023841858,4.699999809265137,0.9130752373995618,0.0,1.2203068733215332
v809,2.1677186489105225,0.800000011920929,9.800000190734863,1.2932853698730469,1.899999976158142,1.0,3.5999999046325684,0.9506903353057199,0.0,0.8811308145523071
v81,12.294913291931152,0.800000011920929,29.700000762939453,9.915170669555664,7.900000095367432,1.7000000476837158,26.700000762939453,0.3782716049382716,0.39901234567901234,3.6300246715545654
v810,2.2059555053710938,0.800000011920929,10.600000381469727,1.464016318321228,1.7999999523162842,1.0,3.799999952316284,0.9369806094182825,0.0,1.0013850927352905
v811,4.6175923347473145,0.800000011920929,19.299999237060547,3.4647274017333984,3.700000047683716,1.2999999523162842,9.849999904632568,0.6759259259259259,0.021604938271604937,2.51419734954834
v812,4.206040859222412,0.800000011920929,12.800000190734863,2.2974655628204346,4.300000190734863,1.2000000476837158,7.0,0.5828571428571429,0.0,1.3103673458099365
v813,2.0769290924072266,0.800000011920929,5.800000190734863,0.828187882900238,2.0,1.0,3.0999999046325684,0.9945987654320988,0.0,0.5254629850387573
v814,4.792636394500732,0.800000011920929,21.200000762939453,3.573683500289917,4.0,1.2999999523162842,9.5,0.6686390532544378,0.027613412228796843,2.6014463901519775
v815,5.074857234954834,0.800000011920929,20.5,3.5723888874053955,4.599999904632568,1.2999999523162842,9.600000381469727,0.5583673469387755,0.026122448979591838,2.5131428241729736
v816,4.173529148101807,0.800000011920929,20.299999237060547,3.767566680908203,3.0,1.100000023841858,9.25,0.7681660899653979,0.0328719723183391,2.607266426086426
v817,2.004979372024536,0.800000011920929,9.300000190734863,1.054552674293518,1.7999999523162842,1.0,3.0999999046325684,0.9746938775510204,0.0,0.6973060965538025
v818,2.5342586040496826,0.800000011920929,16.0,2.2543301582336426,1.899999976158142,1.0,4.699999809265137,0.9086924762600438,0.0029218407596785976,1.4939371347427368
v819,4.429125785827637,0.800000011920929,21.899999618530273,3.603990077972412,3.5,1.2999999523162842,8.899999618530273,0.7350427350427351,0.027613412228796843,2.395660638809204
v82,6.660416603088379,0.800000011920929,16.399999618530273,3.9251010417938232,6.800000190734863,1.2000000476837158,11.579999923706062,0.3541666666666667,0.020833333333333332,1.7374999523162842
v820,1.9451557397842407,0.800000011920929,5.599999904632568,0.8434168696403503,1.7999999523162842,1.0,3.149999976158142,0.9965397923875432,0.0,0.5989619493484497
v821,4.193353176116943,0.800000011920929,16.0,2.676337480545044,4.0,1.2000000476837158,7.699999809265137,0.6508400292184076,0.0014609203798392988,1.6208912134170532
v822,3.266618013381958,0.800000011920929,14.600000381469727,2.0818960666656494,2.9000000953674316,1.100000023841858,5.699999809265137,0.8655953250547845,0.0,1.427903652191162
v823,4.5836501121521,0.800000011920929,18.5,3.3304977416992188,4.099999904632568,1.2000000476837158,8.949999809265137,0.6652249134948097,0.018166089965397925,2.328200578689575
v824,4.991562843322754,0.800000011920929,21.799999237060547,3.9359130859375,4.199999809265137,1.2999999523162842,10.610000324249281,0.6375,0.041875,2.5893750190734863
v825,3.464359998703003,0.800000011920929,19.399999618530273,3.1154696941375732,2.5,1.100000023841858,6.400000095367432,0.8278546712802768,0.014705882352941176,1.8740483522415161
v826,2.4391002655029297,0.800000011920929,9.899999618530273,1.2675114870071411,2.0999999046325684,1.2000000476837158,4.0,0.9532871972318339,0.0,0.8764706254005432
v827,2.9311635494232178,0.800000011920929,13.399999618530273,2.142693281173706,2.299999952316284,1.100000023841858,5.669999837875371,0.8760387811634349,0.0,1.4141273498535156
v828,4.674435615539551,0.800000011920929,16.100000381469727,2.8101608753204346,4.699999809265137,1.2000000476837158,8.0,0.5196195005945303,0.0047562425683709865,1.457312822341919
v829,3.5458619594573975,0.800000011920929,12.300000190734863,2.0097100734710693,3.0999999046325684,1.399999976158142,6.199999809265137,0.8253968253968254,0.0,1.4141724109649658
v83,5.671527862548828,0.800000011920929,13.899999618530273,3.254690170288086,5.75,1.2000000476837158,9.6399998664856,0.4305555555555556,0.0,1.2319444417953491
v830,7.771592140197754,0.800000011920929,20.399999618530273,4.446455001831055,8.300000190734863,1.5,13.300000190734863,0.32778355879292403,0.03225806451612903,2.417273759841919
v831,3.3506886959075928,0.800000011920929,10.300000190734863,1.7880898714065552,3.299999952316284,1.2000000476837158,5.599999904632568,0.8264462809917356,0.0,1.0448118448257446
v832,10.738396644592285,0.800000011920929,27.100000381469727,9.955140113830566,4.099999904632568,1.2000000476837158,24.100000381469727,0.5535900104058272,0.4120707596253902,1.7298647165298462
v833,2.515657424926758,0.800000011920929,11.399999618530273,1.579859972000122,2.200000047683716,1.0,4.300000190734863,0.9273356401384083,0.0,1.061072587966919
v834,1.5577561855316162,0.800000011920929,4.199999809265137,0.5445926189422607,1.5,0.8999999761581421,2.299999952316284,1.0,0.0,0.3041551411151886
v835,3.171250104904175,0.800000011920929,15.300000190734863,2.3961737155914307,2.4000000953674316,1.100000023841858,6.400000095367432,0.849375,0.000625,1.6364998817443848
v836,10.356836318969727,0.800000011920929,25.899999618530273,7.314072608947754,8.449999809265137,1.7000000476837158,19.399999618530273,0.3818359375,0.4208984375,2.74609375
v837,3.6189446449279785,0.800000011920929,15.300000190734863,2.618647575378418,3.0999999046325684,1.2000000476837158,6.800000190734863,0.8304498269896193,0.0025951557093425604,1.7852941751480103
v838,13.050040245056152,0.800000011920929,29.200000762939453,10.786001205444336,8.399999618530273,1.3399999618530278,27.200000762939453,0.403265306122449,0.43020408163265306,3.5622856616973877
v839,6.322863578796387,0.800000011920929,20.799999237060547,4.821057319641113,3.9000000953674316,1.399999976158142,13.199999809265137,0.5551497443389335,0.021183345507669833,1.4585829973220825
v84,10.954818725585938,0.800000011920929,27.600000381469727,8.431517601013184,7.699999809265137,1.7000000476837158,23.5,0.40532879818594103,0.3973922902494331,3.6921768188476562
v840,12.935639381408691,0.800000011920929,28.0,8.292670249938965,12.100000381469727,2.0,22.600000381469727,0.2647058823529412,0.45501730103806226,2.7826988697052
v841,3.8004631996154785,0.800000011920929,21.799999237060547,3.562893867492676,2.700000047683716,1.100000023841858,8.000000238418579,0.8109567901234568,0.02700617283950617,2.2209877967834473
v842,2.274768590927124,0.800000011920929,8.300000190734863,1.1329877376556396,2.0999999046325684,1.100000023841858,3.5999999046325684,0.9583333333333334,0.0,0.6739197373390198
v843,12.122092247009277,0.800000011920929,29.700000762939453,10.547750473022461,6.400000095367432,1.2999999523162842,26.200000762939453,0.44321329639889195,0.4099722991689751,3.221467971801758
v844,2.658642053604126,0.800000011920929,15.699999809265137,2.1329360008239746,2.0,1.0,5.400000095367432,0.8842592592592593,0.0007716049382716049,1.4237654209136963
v845,10.063427925109863,0.800000011920929,25.899999618530273,9.382796287536621,4.0,1.2999999523162842,23.0,0.5591836734693878,0.3820408163265306,1.6602449417114258
v846,3.271658420562744,0.800000011920929,18.700000762939453,2.9480206966400146,2.4000000953674316,1.0,7.019999980926518,0.8626734842951059,0.01095690284879474,1.9867056608200073
v847,11.557551383972168,0.800000011920929,27.200000762939453,9.480331420898438,7.099999904632568,1.2999999523162842,24.0,0.4138775510204082,0.4114285714285714,2.880000114440918
v848,2.3037984371185303,0.800000011920929,12.300000190734863,1.6403201818466187,1.899999976158142,1.0,3.700000047683716,0.9335281227173119,0.0,1.0435353517532349
v849,3.566782236099243,0.800000011920929,14.300000190734863,2.424950361251831,2.9000000953674316,1.2000000476837158,7.0,0.7915224913494809,0.0,1.6204153299331665
v85,2.8427915573120117,0.800000011920929,12.800000190734863,1.7794630527496338,2.4000000953674316,1.100000023841858,4.900000095367432,0.9044995408631772,0.0,1.1434342861175537
v850,3.6679327487945557,0.800000011920929,18.700000762939453,3.2936625480651855,2.5999999046325684,1.100000023841858,8.02000007629395,0.8298027757487217,0.018261504747991233,2.2731921672821045
v851,3.6652002334594727,0.800000011920929,19.600000381469727,3.0834085941314697,2.9000000953674316,1.100000023841858,7.199999809265137,0.8248456790123457,0.012345679012345678,2.0322530269622803
v852,3.6057956218719482,0.800000011920929,12.300000190734863,2.132852077484131,3.200000047683716,1.2000000476837158,6.599999904632568,0.7897923875432526,0.0,1.5230103731155396
v853,1.9064490795135498,0.800000011920929,4.800000190734863,0.679831326007843,1.7999999523162842,1.0,2.799999952316284,1.0,0.0,0.39510205388069153
v854,2.824326276779175,0.800000011920929,24.799999237060547,2.933443307876587,2.200000047683716,1.0,4.699999809265137,0.9151020408163265,0.02040816326530612,1.5049797296524048
v855,3.4491429328918457,0.800000011920929,16.100000381469727,2.4981889724731445,2.799999952316284,1.2000000476837158,6.800000190734863,0.8375510204081633,0.0008163265306122449,1.8334693908691406
v856,12.394068717956543,0.800000011920929,25.899999618530273,8.348823547363281,10.399999618530273,1.7000000476837158,22.899999618530273,0.2767950052029136,0.42455775234131116,2.4555671215057373
v857,1.8260388374328613,0.800000011920929,4.400000095367432,0.6541159749031067,1.7000000476837158,1.0,2.700000047683716,1.0,0.0,0.30277007818222046
v858,4.427687168121338,0.800000011920929,27.200000762939453,3.5427639484405518,3.799999952316284,1.2999999523162842,7.6099998950958385,0.72125,0.0225,2.2528750896453857
v859,2.203183650970459,0.800000011920929,6.800000190734863,0.9800031781196594,2.0,1.0,3.5999999046325684,0.9861224489795918,0.0,0.6842449307441711
v86,2.176360607147217,0.800000011920929,9.0,1.0829131603240967,1.899999976158142,1.100000023841858,3.5,0.969954648526077,0.0,0.7275511026382446
v860,1.7763841152191162,0.800000011920929,4.199999809265137,0.5884009003639221,1.7999999523162842,1.0,2.5,1.0,0.0,0.2852941155433655
v861,9.648534774780273,0.800000011920929,23.399999618530273,6.968231201171875,7.099999904632568,1.600000023841858,18.469999885559087,0.4169921875,0.3974609375,2.034960985183716
v862,12.705864906311035,0.800000011920929,28.399999618530273,9.281641006469727,10.300000190734863,1.600000023841858,24.5,0.32021604938271603,0.42978395061728397,3.4558639526367188
v863,2.1154286861419678,0.800000011920929,9.399999618530273,1.2930957078933716,1.7999999523162842,1.0,3.5999999046325684,0.9526530612244898,0.0,0.8558366298675537
v864,2.957756280899048,0.800000011920929,16.200000762939453,2.0106542110443115,2.5,1.100000023841858,5.199999809265137,0.8919667590027701,0.0006925207756232687,1.4094183444976807
v865,6.032851219177246,0.800000011920929,24.700000762939453,5.480886936187744,3.700000047683716,1.2000000476837158,14.300000190734863,0.5532024793388429,0.09297520661157024,3.6504132747650146
v866,3.2871837615966797,0.800000011920929,18.600000381469727,2.8059074878692627,2.4000000953674316,1.100000023841858,6.800000190734863,0.8571428571428571,0.007346938775510204,1.7782856225967407
v867,3.3933639526367188,0.800000011920929,17.899999618530273,2.740255355834961,2.5999999046325684,1.100000023841858,6.599999904632568,0.8441358024691358,0.006944444444444444,1.8626543283462524
v868,3.707812786102295,0.800000011920929,18.799999237060547,2.903380870819092,2.799999952316284,1.2999999523162842,7.300000190734863,0.8075,0.0125,1.9666250944137573
v869,9.545567512512207,0.800000011920929,24.600000381469727,7.366823196411133,7.199999809265137,1.2999999523162842,19.700000762939453,0.4279778393351801,0.3317174515235457,3.3631582260131836
v87,2.2906641960144043,0.800000011920929,6.699999809265137,0.9163169264793396,2.200000047683716,1.2000000476837158,3.5,0.9894806048652203,0.0,0.5190006494522095
v870,8.66147232055664,0.800000011920929,20.899999618530273,4.873987674713135,9.100000381469727,2.0,15.100000381469727,0.27613412228796846,0.10453648915187377,2.5621302127838135
v871,10.431666374206543,0.800000011920929,23.5,7.770667552947998,6.900000095367432,1.7000000476837158,20.5,0.4122222222222222,0.42,1.8020000457763672
v872,6.33740234375,0.800000011920929,18.899999618530273,3.7887320518493652,6.850000381469727,1.600000023841858,11.070000267028814,0.4248046875,0.015625,2.1107420921325684
v873,2.053086519241333,0.800000011920929,4.400000095367432,0.9149090051651001,2.0999999046325684,0.800000011920929,3.299999952316284,1.0,0.0,0.40246912837028503
v874,3.3464488983154297,0.800000011920929,14.5,2.468681812286377,2.5999999046325684,1.100000023841858,6.659999847412123,0.833469387755102,0.0,1.7560818195343018
v875,1.6753085851669312,0.800000011920929,3.299999952316284,0.6873694658279419,1.600000023841858,0.800000011920929,2.5,1.0,0.0,0.22469136118888855
v876,9.903871536254883,0.800000011920929,23.899999618530273,7.642925262451172,6.5,1.399999976158142,20.5,0.40759678597516436,0.3747260774287801,2.715851068496704
v877,3.257526159286499,0.800000011920929,17.899999618530273,2.885467290878296,2.299999952316284,1.100000023841858,6.099999904632568,0.870242214532872,0.014705882352941176,1.7479239702224731
v878,4.346530437469482,0.800000011920929,22.600000381469727,4.205073833465576,2.700000047683716,1.100000023841858,10.719999885559087,0.7414170927684441,0.04747991234477721,3.158802032470703
v879,4.24269962310791,0.800000011920929,13.199999809265137,2.3120763301849365,4.0,1.399999976158142,7.42000007629395,0.7043158861340679,0.0,1.623691439628601
v88,3.609787940979004,0.800000011920929,16.799999237060547,2.2865071296691895,3.0,1.399999976158142,6.400000095367432,0.8137326515704895,0.002191380569758948,1.6715850830078125
v880,2.936265468597412,0.800000011920929,17.399999618530273,2.7061538696289062,2.0,1.0,6.099999904632568,0.8618827160493827,0.005401234567901234,1.8777778148651123
v881,14.138684272766113,0.800000011920929,27.299999237060547,9.609906196594238,13.300000190734863,1.7000000476837158,25.5,0.27983539094650206,0.4842249657064472,2.3958847522735596
v882,2.3958382606506348,0.800000011920929,6.099999904632568,0.9357704520225525,2.4000000953674316,1.100000023841858,3.5,0.9916765755053508,0.0,0.47348394989967346
v883,4.509204387664795,0.800000011920929,20.899999618530273,3.623777389526367,3.200000047683716,1.2000000476837158,9.800000190734863,0.6791584483892176,0.0210387902695595,2.8011834621429443
v884,3.7608132362365723,0.800000011920929,14.899999618530273,2.266934394836426,3.200000047683716,1.5,6.699999809265137,0.8062283737024222,0.0,1.5195502042770386
v885,11.385354042053223,0.800000011920929,23.799999237060547,8.152843475341797,10.850000381469727,1.25,21.050000190734863,0.3520710059171598,0.4630177514792899,2.1109466552734375
v886,10.074448585510254,0.800000011920929,23.899999618530273,7.603724002838135,7.300000190734863,1.5,21.100000381469727,0.396734693877551,0.37142857142857144,2.4610612392425537
v887,2.104408025741577,0.800000011920929,7.0,0.982598066329956,2.0,1.0,3.4000000953674316,0.9812244897959184,0.0,0.6326530575752258
v888,2.0894463062286377,0.800000011920929,7.599999904632568,1.0224686861038208,1.899999976158142,1.0,3.299999952316284,0.9783737024221453,0.0,0.6394463181495667
v889,8.069984436035156,0.800000011920929,22.799999237060547,6.356673717498779,4.900000095367432,1.2999999523162842,16.700000762939453,0.5030864197530864,0.20756172839506173,2.7180557250976562
v89,3.9351084232330322,0.800000011920929,15.300000190734863,2.6039135456085205,3.200000047683716,1.399999976158142,7.699999809265137,0.7739197530864198,0.0015432098765432098,2.038425922393799
v890,3.011906385421753,0.800000011920929,16.399999618530273,2.4414002895355225,2.299999952316284,1.0,6.019999980926518,0.8670562454346238,0.002191380569758948,1.6968590021133423
v891,3.6009204387664795,0.800000011920929,11.600000381469727,2.016434669494629,3.0999999046325684,1.2000000476837158,6.300000190734863,0.7001972386587771,0.0,0.9051939249038696
v892,2.1394970417022705,0.800000011920929,7.300000190734863,0.9881662726402283,2.0,1.0,3.4000000953674316,0.9822485207100592,0.0,0.6227810382843018
v893,3.886791229248047,0.800000011920929,13.5,2.088495969772339,3.5999999046325684,1.5,6.699999809265137,0.7879818594104309,0.0,1.6604307889938354
v894,3.527768135070801,0.800000011920929,12.300000190734863,2.1462767124176025,3.0999999046325684,1.2000000476837158,6.5,0.8079584775086506,0.0,1.4389272928237915
v895,9.992622375488281,0.800000011920929,24.700000762939453,6.903122901916504,8.5,1.600000023841858,19.5,0.34331628926223523,0.3162892622352082,2.9439005851745605
v896,3.892286777496338,0.800000011920929,18.100000381469727,3.1406712532043457,3.0,1.2000000476837158,7.92000007629395,0.7988980716253443,0.01652892561983471,2.1415977478027344
v897,9.946929931640625,0.800000011920929,25.700000762939453,8.253144264221191,6.0,1.2000000476837158,20.5,0.47762747138397504,0.42455775234131116,2.09157133102417
v898,2.877185821533203,0.800000011920929,13.800000190734863,1.968288779258728,2.5,1.100000023841858,4.800000190734863,0.9046679815910585,0.0,1.2523339986801147
v899,3.1404082775115967,0.800000011920929,16.399999618530273,2.436603546142578,2.299999952316284,1.100000023841858,6.159999847412123,0.8538775510204082,0.0016326530612244899,1.778938889503479
v90,1.730055332183838,0.800000011920929,3.9000000953674316,0.536426305770874,1.7000000476837158,1.0300000071525586,2.4000000953674316,1.0,0.0,0.31551244854927063
v900,6.020291328430176,0.800000011920929,18.0,3.9739835262298584,4.800000190734863,1.600000023841858,12.100000381469727,0.5088449531737773,0.012486992715920915,1.5186264514923096
v901,4.45556640625,0.800000011920929,13.600000381469727,2.382436752319336,4.300000190734863,1.399999976158142,7.699999809265137,0.6337890625,0.0,1.5966796875
v902,3.3692243099212646,0.800000011920929,13.300000190734863,2.275938034057617,2.700000047683716,1.2000000476837158,6.599999904632568,0.8293877551020408,0.0,1.7644081115722656
v903,1.8337957859039307,0.800000011920929,4.5,0.6572924256324768,1.7999999523162842,1.0,2.700000047683716,1.0,0.0,0.43722447752952576
v904,2.8498172760009766,0.800000011920929,15.100000381469727,2.3820154666900635,2.0999999046325684,1.0,6.019999980926518,0.872899926953981,0.0007304601899196494,1.7046020030975342
v905,9.504865646362305,0.800000011920929,25.299999237060547,7.466920852661133,6.5,1.399999976158142,19.700000762939453,0.43852728468113084,0.3635765943458251,3.0909929275512695
v906,4.0958333015441895,0.800000011920929,18.200000762939453,3.040269374847412,3.4000000953674316,1.2000000476837158,8.050000190734863,0.7723765432098766,0.011574074074074073,2.2024691104888916
v907,6.429089069366455,0.800000011920929,17.899999618530273,4.814706802368164,3.9000000953674316,1.399999976158142,13.300000190734863,0.558641975308642,0.020061728395061727,1.2118827104568481
v908,3.373995542526245,0.800000011920929,13.399999618530273,2.213761806488037,2.799999952316284,1.100000023841858,6.219999885559087,0.8122717311906501,0.0,1.4308254718780518
v909,3.5982248783111572,0.800000011920929,16.100000381469727,2.749333381652832,2.700000047683716,1.2000000476837158,7.599999904632568,0.8027613412228797,0.0039447731755424065,2.0719263553619385
v91,2.660062551498413,0.800000011920929,9.5,1.2394801378250122,2.4000000953674316,1.2999999523162842,4.199999809265137,0.95,0.0,0.6466250419616699
v910,5.317244052886963,0.800000011920929,17.299999237060547,3.2310924530029297,4.900000095367432,1.399999976158142,9.699999809265137,0.5069252077562327,0.007617728531855956,1.9480609893798828
v911,8.15755558013916,0.800000011920929,19.200000762939453,5.486782073974609,6.300000190734863,1.600000023841858,15.199999809265137,0.44,0.11444444444444445,1.5502222776412964
v912,2.168816089630127,0.800000011920929,9.899999618530273,1.2978124618530273,1.899999976158142,1.0,3.5999999046325684,0.9469387755102041,0.0,0.8594285845756531
v913,3.641796827316284,0.800000011920929,19.299999237060547,3.67317795753479,2.200000047683716,1.100000023841858,8.469999885559087,0.837890625,0.0283203125,2.4554686546325684
v914,2.222160577774048,0.800000011920929,10.399999618530273,1.3724513053894043,1.899999976158142,1.0,3.5999999046325684,0.9480609418282548,0.0,0.8795014023780823
v915,5.12543249130249,0.800000011920929,16.399999618530273,3.503045082092285,4.199999809265137,1.2000000476837158,9.650000095367432,0.5242214532871973,0.004325259515570935,1.7380622625350952
v916,10.512792587280273,0.800000011920929,25.899999618530273,7.754334926605225,7.699999809265137,1.399999976158142,20.0,0.392578125,0.4306640625,2.5029296875
v917,5.310743808746338,0.800000011920929,19.200000762939453,3.7244513034820557,4.800000190734863,1.2999999523162842,10.199999809265137,0.5169880624426079,0.03305785123966942,2.6211202144622803
v918,1.8337963819503784,0.800000011920929,4.599999904632568,0.6793695092201233,1.7999999523162842,1.0,2.700000047683716,1.0,0.0,0.4166666567325592
v919,2.6076388359069824,0.800000011920929,12.100000381469727,1.5821521282196045,2.200000047683716,1.100000023841858,4.6499998569488525,0.9120370370370371,0.0,1.220833420753479
v92,2.80894136428833,0.800000011920929,12.0,1.555030107498169,2.5999999046325684,1.2000000476837158,4.5,0.9250493096646942,0.0,0.9843523502349854
v920,3.7391600608825684,0.800000011920929,19.0,3.6504199504852295,2.299999952316284,1.0,9.399999618530273,0.81640625,0.0224609375,2.6177732944488525
v921,2.7742934226989746,0.800000011920929,9.100000381469727,1.3890681266784668,2.5,1.2000000476837158,4.5,0.9237343852728468,0.0,1.090203881263733
v922,3.852489709854126,0.800000011920929,22.5,4.00200080871582,2.299999952316284,1.100000023841858,9.399999618530273,0.7763265306122449,0.04081632653061224,2.5800814628601074
v923,2.3288533687591553,0.800000011920929,10.899999618530273,1.6246750354766846,1.899999976158142,1.0,4.099999904632568,0.9240321402483564,0.0,1.074068546295166
v924,3.6036734580993652,0.800000011920929,20.5,3.719672441482544,2.200000047683716,1.0,8.5,0.8089795918367347,0.02857142857142857,2.59869384765625
v925,3.70452880859375,0.800000011920929,11.399999618530273,1.8226302862167358,3.5999999046325684,1.3799999713897717,5.900000095367432,0.7903579254930606,0.0,1.3348429203033447
v926,6.9500627517700195,0.800000011920929,21.799999237060547,4.12349796295166,7.199999809265137,1.789999961853028,12.0,0.37375,0.033125,2.431375026702881
v927,5.3314008712768555,0.800000011920929,22.799999237060547,4.346430778503418,3.9000000953674316,1.399999976158142,11.5,0.6323529411764706,0.056228373702422146,2.870415449142456
v928,3.4408178329467773,0.800000011920929,17.5,3.1088621616363525,2.299999952316284,1.100000023841858,8.0,0.8379629629629629,0.011574074074074073,2.268981456756592
v929,2.9631173610687256,0.800000011920929,16.5,2.704279899597168,2.0,1.0,6.5,0.8672839506172839,0.006172839506172839,1.8935185670852661
v93,2.018749952316284,0.800000011920929,5.0,0.7293846011161804,2.0,1.100000023841858,3.0,0.9992283950617284,0.0,0.33688271045684814
v930,12.838322639465332,0.800000011920929,27.299999237060547,9.912474632263184,15.899999618530273,1.0,24.399999618530273,0.41723356009070295,0.5011337868480725,1.8934237957000732
v931,10.781641006469727,0.800000011920929,25.799999237060547,6.536005973815918,11.050000190734863,1.899999976158142,19.17000064849854,0.263671875,0.3544921875,2.741406202316284
v932,4.6371073722839355,0.800000011920929,21.200000762939453,3.8811371326446533,3.299999952316284,1.2000000476837158,10.219999885559087,0.6968590211833455,0.03579254930606282,3.030241012573242
v933,3.56626296043396,0.800000011920929,13.199999809265137,2.139423131942749,3.299999952316284,1.2000000476837158,6.300000190734863,0.8217993079584776,0.0,1.40899658203125
v934,7.0111494064331055,0.800000011920929,20.100000381469727,6.002829074859619,3.5,1.2000000476837158,15.699999809265137,0.574792243767313,0.15096952908587258,1.6408586502075195
v935,2.037456512451172,0.800000011920929,6.199999809265137,0.8491641283035278,1.899999976158142,1.0,3.200000047683716,0.9922145328719724,0.0,0.5340830683708191
v936,2.7300949096679688,0.800000011920929,17.600000381469727,2.4686226844787598,2.0,1.0,4.900000095367432,0.9006574141709277,0.005113221329437546,1.5989773273468018
v937,1.9245712757110596,0.800000011920929,6.900000095367432,0.9304773807525635,1.7000000476837158,1.0,3.0999999046325684,0.9853061224489796,0.0,0.5688163042068481
v938,2.3775806427001953,0.800000011920929,12.100000381469727,1.5937223434448242,2.0,1.0,3.9000000953674316,0.9349112426035503,0.0,1.0170940160751343
v939,3.7470219135284424,0.800000011920929,14.800000190734863,2.251499652862549,3.4000000953674316,1.2999999523162842,6.400000095367432,0.7991689750692521,0.0,1.6150970458984375
v94,2.924018621444702,0.800000011920929,11.0,1.7755329608917236,2.5,1.25,5.5,0.8765495867768595,0.0,1.1627066135406494
v940,4.4155592918396,0.800000011920929,20.799999237060547,3.951303005218506,3.0,1.100000023841858,10.199999809265137,0.7151205259313368,0.03798392987582177,2.918480634689331
v941,4.3292012214660645,0.800000011920929,18.600000381469727,3.3612895011901855,3.299999952316284,1.100000023841858,9.800000190734863,0.7254361799816346,0.011937557392102846,2.4629933834075928
v942,5.511437892913818,0.800000011920929,19.5,3.4605672359466553,5.300000190734863,1.399999976158142,9.699999809265137,0.461875,0.019375,2.2371251583099365
v943,10.381558418273926,0.800000011920929,26.0,9.203863143920898,4.800000190734863,1.2999999523162842,23.34999942779541,0.5061728395061729,0.375,2.248919725418091
v944,3.676490068435669,0.800000011920929,10.800000190734863,1.7200244665145874,3.700000047683716,1.399999976158142,5.800000190734863,0.7869387755102041,0.0,1.0901224613189697
v945,4.366106986999512,0.800000011920929,11.600000381469727,1.9550961256027222,4.300000190734863,1.7999999523162842,6.900000095367432,0.6493791088385683,0.0,1.5158509016036987
v946,2.4315624237060547,0.800000011920929,6.099999904632568,0.979807436466217,2.4000000953674316,1.100000023841858,3.700000047683716,0.989375,0.0,0.4803749918937683
v947,6.136882781982422,0.800000011920929,19.600000381469727,3.923288106918335,5.900000095367432,1.399999976158142,11.25,0.44907407407407407,0.018518518518518517,2.0904321670532227
v948,3.521913528442383,0.800000011920929,10.800000190734863,1.7669193744659424,3.4000000953674316,1.2999999523162842,5.800000190734863,0.8125,0.0,1.2132714986801147
v949,2.6769795417785645,0.800000011920929,15.399999618530273,2.1837902069091797,2.0,1.0,5.099999904632568,0.893061224489796,0.0016326530612244899,1.3826937675476074
v95,2.8089232444763184,0.800000011920929,9.5,1.4709453582763672,2.5,1.2999999523162842,4.800000190734863,0.9095776323616894,0.0,1.0500892400741577
v950,2.749323606491089,0.800000011920929,11.100000381469727,1.5147632360458374,2.5,1.2000000476837158,4.5,0.9167533818938606,0.0,0.8651404976844788
v951,2.8946938514709473,0.800000011920929,13.100000381469727,2.1075096130371094,2.299999952316284,1.100000023841858,5.559999942779554,0.883265306122449,0.0,1.5193469524383545
v952,4.3947367668151855,0.800000011920929,20.299999237060547,3.4842801094055176,3.4000000953674316,1.2999999523162842,9.0,0.711218836565097,0.024238227146814405,2.5628809928894043
v953,4.294285774230957,0.800000011920929,19.700000762939453,3.7952020168304443,2.700000047683716,1.100000023841858,10.300000190734863,0.7012244897959183,0.022857142857142857,2.5859591960906982
v954,2.4750864505767822,0.800000011920929,10.100000381469727,1.5750824213027954,2.0999999046325684,1.0,4.199999809265137,0.9204152249134948,0.0,1.06885826587677
v955,3.995328903198242,0.800000011920929,18.399999618530273,3.22241473197937,3.0999999046325684,1.2000000476837158,8.0,0.7820069204152249,0.01643598615916955,2.2560553550720215
v956,3.521986961364746,0.800000011920929,18.399999618530273,2.91106915473938,2.5,1.100000023841858,7.199999809265137,0.8115412710007305,0.008765522279035792,2.1344048976898193
v957,2.4314050674438477,0.800000011920929,7.900000095367432,1.139952301979065,2.299999952316284,1.100000023841858,3.8199999809265184,0.9651056014692379,0.0,0.7331497073173523
v958,5.860972881317139,0.800000011920929,24.399999618530273,4.312900543212891,5.300000190734863,1.399999976158142,10.919999694824224,0.46097337006427913,0.05234159779614325,2.725436210632324
v959,8.984413146972656,0.800000011920929,21.100000381469727,6.127128601074219,7.199999809265137,1.5,17.200000762939453,0.375,0.24691358024691357,2.3858025074005127
v96,4.043877601623535,0.800000011920929,18.799999237060547,2.7599668502807617,3.299999952316284,1.4299999833107007,7.569999933242802,0.768140589569161,0.006802721088435374,1.836734652519226
v960,1.9791550636291504,0.800000011920929,7.0,0.7997326850891113,1.899999976158142,1.0,2.9000000953674316,0.9930747922437673,0.0,0.49127426743507385
v961,12.138285636901855,0.800000011920929,26.399999618530273,6.505463600158691,13.699999809265137,2.200000047683716,19.959999847412124,0.18122448979591838,0.4163265306122449,2.6837551593780518
v962,13.301560401916504,0.800000011920929,28.799999237060547,11.355022430419922,7.5,1.2999999523162842,27.700000762939453,0.4172736732570239,0.4339229968782518,2.6630594730377197
v963,10.91796875,0.800000011920929,26.299999237060547,8.515095710754395,7.0,1.5,22.700000762939453,0.3805697589481373,0.38933528122717315,2.701388120651245
v964,14.295831680297852,0.800000011920929,29.0,10.456826210021973,10.899999618530273,1.7000000476837158,27.700000762939453,0.2916666666666667,0.4359567901234568,3.3635804653167725
v965,4.465224742889404,0.800000011920929,20.600000381469727,3.4830362796783447,3.799999952316284,1.2000000476837158,9.199999809265137,0.7142857142857143,0.02040816326530612,2.50138783454895
v966,13.5863676071167,0.800000011920929,29.5,11.57237434387207,7.300000190734863,1.600000023841858,28.399999618530273,0.4179591836734694,0.41061224489795917,2.4445712566375732
v967,4.441939353942871,0.800000011920929,18.899999618530273,3.602869987487793,3.200000047683716,1.2000000476837158,9.800000190734863,0.6841165972635336,0.020226055919095775,2.7215943336486816
v968,4.216782093048096,0.800000011920929,16.100000381469727,2.659616470336914,4.0,1.2000000476837158,7.599999904632568,0.6903114186851211,0.0017301038062283738,1.702768087387085
v969,4.479321002960205,0.800000011920929,21.700000762939453,3.7155067920684814,3.4000000953674316,1.2000000476837158,9.150000095367432,0.720679012345679,0.032407407407407406,2.7808644771575928
v97,2.268902063369751,0.800000011920929,5.699999809265137,0.832760751247406,2.200000047683716,1.2000000476837158,3.299999952316284,0.9947403024326101,0.0,0.433925062417984
v970,8.334612846374512,0.800000011920929,20.600000381469727,5.934232234954834,6.5,1.399999976158142,16.200000762939453,0.433469387755102,0.18285714285714286,2.3211429119110107
v971,2.9776477813720703,0.800000011920929,16.399999618530273,2.7678940296173096,2.0,1.0,6.5,0.8670562454346238,0.004382761139517896,1.881081223487854
v972,6.749306678771973,0.800000011920929,21.299999237060547,5.163431644439697,5.199999809265137,1.2000000476837158,14.02000007629395,0.49306062819576335,0.06501095690284879,3.0574138164520264
v973,13.588184356689453,0.800000011920929,29.399999618530273,10.595978736877441,8.75,1.7000000476837158,27.399999618530273,0.3095703125,0.412109375,2.439648389816284
v974,1.741142749786377,0.800000011920929,4.0,0.5990376472473145,1.7000000476837158,1.0,2.5,1.0,0.0,0.32538774609565735
v975,4.283346652984619,0.800000011920929,14.399999618530273,2.5116708278656006,4.099999904632568,1.2999999523162842,7.300000190734863,0.5706122448979591,0.0,1.4068571329116821
v976,6.712558269500732,0.800000011920929,19.100000381469727,4.398703575134277,5.5,1.5,12.600000381469727,0.46745562130177515,0.02564102564102564,2.3823800086975098
v977,3.581866979598999,0.800000011920929,18.899999618530273,3.205779790878296,2.5,1.100000023841858,7.8500001430511475,0.8287037037037037,0.014660493827160493,2.2550923824310303
v978,1.7382715940475464,0.800000011920929,3.5,0.7384614944458008,1.7000000476837158,0.800000011920929,2.5999999046325684,1.0,0.0,0.2320987731218338
v979,3.714506149291992,0.800000011920929,19.5,3.576564073562622,2.4000000953674316,1.100000023841858,8.399999618530273,0.8140432098765432,0.027777777777777776,2.521296262741089
v98,3.0556249618530273,0.800000011920929,14.0,1.8612746000289917,2.700000047683716,1.2000000476837158,5.300000190734863,0.88125,0.0,1.1087499856948853
v980,3.898231029510498,0.800000011920929,14.199999809265137,2.6458587646484375,3.299999952316284,1.2000000476837158,8.0,0.7637877211238293,0.0,1.8380852937698364
v981,3.531747341156006,0.800000011920929,16.700000762939453,2.840059518814087,2.700000047683716,1.100000023841858,7.0,0.833044982698962,0.007785467128027681,1.990138292312622
v982,2.3015778064727783,0.800000011920929,6.900000095367432,1.1143543720245361,2.0999999046325684,1.100000023841858,3.9000000953674316,0.965154503616042,0.0,0.8532543778419495
v983,12.722993850708008,0.800000011920929,28.899999618530273,9.39236068725586,9.300000190734863,1.899999976158142,25.399999618530273,0.3101851851851852,0.39891975308641975,3.1484568119049072
v984,10.470967292785645,0.800000011920929,25.0,8.604299545288086,5.400000095367432,1.5,22.100000381469727,0.47762747138397504,0.4120707596253902,1.8634755611419678
v985,13.826464653015137,0.800000011920929,28.0,11.16905403137207,11.399999618530273,1.0,26.31999931335449,0.41398865784499056,0.48015122873345933,1.7648394107818604
v986,1.9314255714416504,0.800000011920929,4.199999809265137,0.6464751958847046,2.0,1.0,2.799999952316284,1.0,0.0,0.2874089181423187
v987,2.962191343307495,0.800000011920929,14.5,2.1937880516052246,2.4000000953674316,1.100000023841858,5.699999809265137,0.8819444444444444,0.0,1.524999976158142
v988,2.334799289703369,0.800000011920929,6.900000095367432,0.9378859400749207,2.200000047683716,1.2000000476837158,3.5999999046325684,0.9868827160493827,0.0,0.46373456716537476
v989,11.097922325134277,0.800000011920929,25.799999237060547,8.390768051147461,7.599999904632568,1.7000000476837158,22.899999618530273,0.3587257617728532,0.3760387811634349,2.745152473449707
v99,6.092089653015137,0.800000011920929,18.899999618530273,3.641855478286743,5.800000190734863,1.600000023841858,10.800000190734863,0.400390625,0.021484375,2.3427734375
v990,1.8664488792419434,0.800000011920929,5.0,0.7193257212638855,1.7999999523162842,1.0,2.799999952316284,0.9991836734693877,0.0,0.4444081783294678
v991,3.3531227111816406,0.800000011920929,18.200000762939453,2.805461883544922,2.5999999046325684,1.2000000476837158,6.199999809265137,0.8658777120315582,0.014464168310322156,1.7771203517913818
v992,15.331066131591797,0.800000011920929,28.899999618530273,10.549896240234375,15.050000190734863,1.600000023841858,27.399999618530273,0.27958579881656803,0.5,2.537278175354004
v993,5.640686511993408,0.800000011920929,21.0,3.6423892974853516,4.800000190734863,1.399999976158142,10.0,0.5054784514243974,0.01095690284879474,1.9002190828323364
v994,5.147600173950195,0.800000011920929,15.399999618530273,2.6878955364227295,5.300000190734863,1.5,8.5,0.4779750164365549,0.0006574621959237344,1.6093357801437378
v995,2.73628830909729,0.800000011920929,13.300000190734863,2.075896978378296,2.0999999046325684,1.0,5.0,0.8961218836565097,0.0,1.4581718444824219
v996,12.886564254760742,0.800000011920929,29.5,10.584489822387695,7.550000190734863,1.7000000476837158,27.299999237060547,0.3656509695290859,0.3718836565096953,2.3548476696014404
v997,3.2173824310302734,0.800000011920929,14.600000381469727,2.4621164798736572,2.5,1.100000023841858,6.800000190734863,0.840027700831025,0.0,1.743905782699585
v998,4.408565044403076,0.800000011920929,19.700000762939453,3.540102481842041,3.4000000953674316,1.2000000476837158,9.399999618530273,0.7361111111111112,0.024691358024691357,2.713426113128662
v999,1.5851850509643555,0.800000011920929,3.200000047683716,0.6281682252883911,1.5,0.800000011920929,2.4000000953674316,1.0,0.0,0.14814814925193787
