id,pmhc,tcr,label
vdjdb_full_17930,YSEHPTFTSQY_HLA-A*01:01,tcr6231,1
vdjdb_full_17930_rs_2_n0_iptm_filtered,YSEHPTFTSQY_HLA-A*01:01,tcr16970,0
vdjdb_full_15781,RTLNAWVKV_HLA-A*02:01,tcr985,1
vdjdb_full_15781_rs_2_n0_iptm_filtered,RTLNAWVKV_HLA-A*02:01,tcr13937,0
vdjdb_full_17456,LTSLTILQLY_HLA-A*01:01,tcr1909,1
vdjdb_full_17456_rs_2_n0_iptm_filtered,LTSLTILQLY_HLA-A*01:01,tcr2762,0
vdjdb_full_14702,CTELKLSDY_HLA-A*01:01,tcr14987,1
vdjdb_full_14702_rs_2_n0_iptm_filtered,CTELKLSDY_HLA-A*01:01,tcr9515,0
vdjdb_full_16489,RPPIFIRRL_HLA-B*07:02,tcr4912,1
vdjdb_full_16489_rs_2_n0_iptm_filtered,RPPIFIRRL_HLA-B*07:02,tcr4162,0
vdjdb_full_12156,FTSDYYQLY_HLA-A*01:01,tcr16525,1
vdjdb_full_12156_rs_2_n0_iptm_filtered,FTSDYYQLY_HLA-A*01:01,tcr1681,0
vdjdb_full_11651,ELAGIGILTV_HLA-A*02:01,tcr10322,1
vdjdb_full_11651_rs_2_n0_iptm_filtered,ELAGIGILTV_HLA-A*02:01,tcr10440,0
vdjdb_full_11927,ELAGIGILTV_HLA-A*02:01,tcr8368,1
vdjdb_full_11927_rs_2_n0_iptm_filtered,ELAGIGILTV_HLA-A*02:01,tcr7926,0
vdjdb_full_14848,LLWNGPMAV_HLA-A*02:01,tcr7038,1
vdjdb_full_14848_rs_2_n0_iptm_filtered,LLWNGPMAV_HLA-A*02:01,tcr8014,0
vdjdb_full_13718,TPRVTGGGAM_HLA-B*07:02,tcr17276,1
vdjdb_full_13718_rs_2_n0_iptm_filtered,TPRVTGGGAM_HLA-B*07:02,tcr8844,0
vdjdb_full_193,KLGGALQAK_HLA-A*03:01,tcr8760,1
vdjdb_full_193_rs_2_n0_iptm_filtered,KLGGALQAK_HLA-A*03:01,tcr4271,0
vdjdb_full_16008,KLVALGINAV_HLA-A*02:01,tcr15346,1
vdjdb_full_16008_rs_2_n0_iptm_filtered,KLVALGINAV_HLA-A*02:01,tcr6676,0
vdjdb_full_15738,VYFLQSINF_HLA-A*24:02,tcr281,1
vdjdb_full_15738_rs_2_n0_iptm_filtered,VYFLQSINF_HLA-A*24:02,tcr12911,0
vdjdb_full_20,QAKWRLQTL_HLA-B*08:01,tcr7664,1
vdjdb_full_20_rs_2_n0_iptm_filtered,QAKWRLQTL_HLA-B*08:01,tcr4124,0
vdjdb_full_12034,ALAGIGILTV_HLA-A*02:01,tcr5887,1
vdjdb_full_12034_rs_2_n0_iptm_filtered,ALAGIGILTV_HLA-A*02:01,tcr6638,0
vdjdb_full_11265,TTDPSFLGRY_HLA-A*01:01,tcr14153,1
vdjdb_full_11265_rs_2_n0_iptm_filtered,TTDPSFLGRY_HLA-A*01:01,tcr2055,0
vdjdb_full_11207,TTDPSFLGRY_HLA-A*01:01,tcr11792,1
vdjdb_full_11207_rs_2_n0_iptm_filtered,TTDPSFLGRY_HLA-A*01:01,tcr4979,0
vdjdb_full_17349,RPIIRPATL_HLA-B*07:02,tcr17281,1
vdjdb_full_17349_rs_2_n0_iptm_filtered,RPIIRPATL_HLA-B*07:02,tcr14754,0
vdjdb_full_10611,LTDEMIAQY_HLA-A*01:01,tcr7637,1
vdjdb_full_10611_rs_2_n0_iptm_filtered,LTDEMIAQY_HLA-A*01:01,tcr18301,0
vdjdb_full_10811,SPRWYFYYL_HLA-B*07:02,tcr8840,1
vdjdb_full_10811_rs_2_n0_iptm_filtered,SPRWYFYYL_HLA-B*07:02,tcr5413,0
vdjdb_full_10669,LTDEMIAQY_HLA-A*01:01,tcr14066,1
vdjdb_full_10669_rs_2_n0_iptm_filtered,LTDEMIAQY_HLA-A*01:01,tcr7445,0
vdjdb_full_11758,ELAGIGILTV_HLA-A*02:01,tcr3934,1
vdjdb_full_11758_rs_2_n0_iptm_filtered,ELAGIGILTV_HLA-A*02:01,tcr5439,0
vdjdb_full_14987,LLWNGPMAV_HLA-A*02:01,tcr15955,1
vdjdb_full_14987_rs_2_n0_iptm_filtered,LLWNGPMAV_HLA-A*02:01,tcr2442,0
vdjdb_full_13477,FLYALALLL_HLA-A*02:01,tcr575,1
vdjdb_full_13477_rs_2_n0_iptm_filtered,FLYALALLL_HLA-A*02:01,tcr2271,0
vdjdb_full_15625,FLRGRAYGL_HLA-B*08:01,tcr7395,1
vdjdb_full_15625_rs_2_n0_iptm_filtered,FLRGRAYGL_HLA-B*08:01,tcr15991,0
vdjdb_full_13333,CLGGLLTMV_HLA-A*02:01,tcr16451,1
vdjdb_full_13333_rs_2_n0_iptm_filtered,CLGGLLTMV_HLA-A*02:01,tcr2987,0
vdjdb_full_16381,PTDNYITTY_HLA-A*01:01,tcr3998,1
vdjdb_full_16381_rs_2_n0_iptm_filtered,PTDNYITTY_HLA-A*01:01,tcr13034,0
vdjdb_full_14620,CTELKLSDY_HLA-A*01:01,tcr11011,1
vdjdb_full_14620_rs_2_n0_iptm_filtered,CTELKLSDY_HLA-A*01:01,tcr399,0
vdjdb_full_4590,SLLMWITQV_HLA-A*02:01,tcr18059,1
vdjdb_full_4590_rs_2_n0_iptm_filtered,SLLMWITQV_HLA-A*02:01,tcr17118,0
vdjdb_full_2241,GLCTLVAML_HLA-A*02:01,tcr12049,1
vdjdb_full_2241_rs_2_n0_iptm_filtered,GLCTLVAML_HLA-A*02:01,tcr16703,0
vdjdb_full_8403,NLVPMVATV_HLA-A*02:01,tcr15795,1
vdjdb_full_8403_rs_2_n0_iptm_filtered,NLVPMVATV_HLA-A*02:01,tcr4029,0
vdjdb_full_17365,RPIIRPATL_HLA-B*07:02,tcr672,1
vdjdb_full_17365_rs_2_n0_iptm_filtered,RPIIRPATL_HLA-B*07:02,tcr16005,0
vdjdb_full_14372,RVRAYTYSK_HLA-A*03:01,tcr8014,1
vdjdb_full_14372_rs_2_n0_iptm_filtered,RVRAYTYSK_HLA-A*03:01,tcr4590,0
vdjdb_full_12553,IVTDFSVIK_HLA-A*11:01,tcr9851,1
vdjdb_full_12553_rs_2_n0_iptm_filtered,IVTDFSVIK_HLA-A*11:01,tcr5203,0
vdjdb_full_3663,SLLMWITQV_HLA-A*02:01,tcr9845,1
vdjdb_full_3663_rs_2_n0_iptm_filtered,SLLMWITQV_HLA-A*02:01,tcr906,0
vdjdb_full_13425,FLYALALLL_HLA-A*02:01,tcr11775,1
vdjdb_full_13425_rs_2_n0_iptm_filtered,FLYALALLL_HLA-A*02:01,tcr4469,0
vdjdb_full_14874,LLWNGPMAV_HLA-A*02:01,tcr5363,1
vdjdb_full_14874_rs_2_n0_iptm_filtered,LLWNGPMAV_HLA-A*02:01,tcr15798,0
vdjdb_full_14680,CTELKLSDY_HLA-A*01:01,tcr13029,1
vdjdb_full_14680_rs_2_n0_iptm_filtered,CTELKLSDY_HLA-A*01:01,tcr17560,0
vdjdb_full_14602,RVRAYTYSK_HLA-A*03:01,tcr8076,1
vdjdb_full_14602_rs_2_n0_iptm_filtered,RVRAYTYSK_HLA-A*03:01,tcr5907,0
vdjdb_full_11704,ELAGIGILTV_HLA-A*02:01,tcr15847,1
vdjdb_full_11704_rs_2_n0_iptm_filtered,ELAGIGILTV_HLA-A*02:01,tcr8872,0
vdjdb_full_13302,CLGGLLTMV_HLA-A*02:01,tcr14081,1
vdjdb_full_13302_rs_2_n0_iptm_filtered,CLGGLLTMV_HLA-A*02:01,tcr2511,0
vdjdb_full_9872,YLQPRTFLL_HLA-A*02:01,tcr9515,1
vdjdb_full_9872_rs_2_n0_iptm_filtered,YLQPRTFLL_HLA-A*02:01,tcr5112,0
vdjdb_full_7336,GILGFVFTL_HLA-A*02:01,tcr8121,1
vdjdb_full_7336_rs_2_n0_iptm_filtered,GILGFVFTL_HLA-A*02:01,tcr15849,0
vdjdb_full_9954,YLQPRTFLL_HLA-A*02:01,tcr10229,1
vdjdb_full_9954_rs_2_n0_iptm_filtered,YLQPRTFLL_HLA-A*02:01,tcr824,0
vdjdb_full_8077,GILGFVFTL_HLA-A*02:01,tcr7447,1
vdjdb_full_8077_rs_2_n0_iptm_filtered,GILGFVFTL_HLA-A*02:01,tcr8960,0
vdjdb_full_7460,GILGFVFTL_HLA-A*02:01,tcr14004,1
vdjdb_full_7460_rs_2_n0_iptm_filtered,GILGFVFTL_HLA-A*02:01,tcr6207,0
vdjdb_full_17940,YSEHPTFTSQY_HLA-A*01:01,tcr16493,1
vdjdb_full_17940_rs_2_n0_iptm_filtered,YSEHPTFTSQY_HLA-A*01:01,tcr13868,0
vdjdb_full_8574,NLVPMVATV_HLA-A*02:01,tcr13188,1
vdjdb_full_8574_rs_2_n0_iptm_filtered,NLVPMVATV_HLA-A*02:01,tcr9786,0
vdjdb_full_15830,ALGIGILTV_HLA-A*02:01,tcr17650,1
vdjdb_full_15830_rs_2_n0_iptm_filtered,ALGIGILTV_HLA-A*02:01,tcr15955,0
vdjdb_full_17413,RGPGRAFVTI_HLA-A*02:01,tcr14448,1
vdjdb_full_17413_rs_2_n0_iptm_filtered,RGPGRAFVTI_HLA-A*02:01,tcr3265,0
vdjdb_full_15090,NQKLIANQF_HLA-B*15:01,tcr4590,1
vdjdb_full_15090_rs_2_n0_iptm_filtered,NQKLIANQF_HLA-B*15:01,tcr6309,0
vdjdb_full_16951,NYNYLYRLF_HLA-A*24:02,tcr7508,1
vdjdb_full_16951_rs_2_n0_iptm_filtered,NYNYLYRLF_HLA-A*24:02,tcr15489,0
vdjdb_full_16469,RPPIFIRRL_HLA-B*07:02,tcr12540,1
vdjdb_full_16469_rs_2_n0_iptm_filtered,RPPIFIRRL_HLA-B*07:02,tcr12570,0
vdjdb_full_16470,RPPIFIRRL_HLA-B*07:02,tcr12743,1
vdjdb_full_16470_rs_2_n0_iptm_filtered,RPPIFIRRL_HLA-B*07:02,tcr13495,0
vdjdb_full_16494,RPPIFIRRL_HLA-B*07:02,tcr5925,1
vdjdb_full_16494_rs_2_n0_iptm_filtered,RPPIFIRRL_HLA-B*07:02,tcr4155,0
vdjdb_full_7418,GILGFVFTL_HLA-A*02:01,tcr9965,1
vdjdb_full_7418_rs_2_n0_iptm_filtered,GILGFVFTL_HLA-A*02:01,tcr5857,0
vdjdb_full_16793,RLPGVLPRA_HLA-A*02:01,tcr922,1
vdjdb_full_16793_rs_2_n0_iptm_filtered,RLPGVLPRA_HLA-A*02:01,tcr15346,0
vdjdb_full_15196,RPHERNGFTVL_HLA-B*07:02,tcr1760,1
vdjdb_full_15196_rs_2_n0_iptm_filtered,RPHERNGFTVL_HLA-B*07:02,tcr2514,0
vdjdb_full_15780,RTLNAWVKV_HLA-A*02:01,tcr7360,1
vdjdb_full_15780_rs_2_n0_iptm_filtered,RTLNAWVKV_HLA-A*02:01,tcr5135,0
vdjdb_full_7738,GILGFVFTL_HLA-A*02:01,tcr2304,1
vdjdb_full_7738_rs_2_n0_iptm_filtered,GILGFVFTL_HLA-A*02:01,tcr3398,0
vdjdb_full_9526,CVNGSCFTV_HLA-A*02:01,tcr14044,1
vdjdb_full_9526_rs_2_n0_iptm_filtered,CVNGSCFTV_HLA-A*02:01,tcr611,0
vdjdb_full_16022,KLVALGINAV_HLA-A*02:01,tcr15118,1
vdjdb_full_16022_rs_2_n0_iptm_filtered,KLVALGINAV_HLA-A*02:01,tcr6085,0
vdjdb_full_11595,ATDALMTGF_HLA-A*01:01,tcr14141,1
vdjdb_full_11595_rs_2_n0_iptm_filtered,ATDALMTGF_HLA-A*01:01,tcr573,0
vdjdb_full_9363,YVLDHLIVV_HLA-A*02:01,tcr10232,1
vdjdb_full_9363_rs_2_n0_iptm_filtered,YVLDHLIVV_HLA-A*02:01,tcr15665,0
vdjdb_full_16680,VMNILLQYV_HLA-A*02:01,tcr7143,1
vdjdb_full_16680_rs_2_n0_iptm_filtered,VMNILLQYV_HLA-A*02:01,tcr16451,0
vdjdb_full_12750,IVTDFSVIK_HLA-A*11:01,tcr1505,1
vdjdb_full_12750_rs_2_n0_iptm_filtered,IVTDFSVIK_HLA-A*11:01,tcr16908,0
vdjdb_full_15951,KSKRTPMGF_HLA-B*57:01,tcr14454,1
vdjdb_full_15951_rs_2_n0_iptm_filtered,KSKRTPMGF_HLA-B*57:01,tcr10676,0
vdjdb_full_14924,LLWNGPMAV_HLA-A*02:01,tcr17394,1
vdjdb_full_14924_rs_2_n0_iptm_filtered,LLWNGPMAV_HLA-A*02:01,tcr9719,0
vdjdb_full_11531,ATDALMTGF_HLA-A*01:01,tcr4497,1
vdjdb_full_11531_rs_2_n0_iptm_filtered,ATDALMTGF_HLA-A*01:01,tcr18059,0
vdjdb_full_7965,GILGFVFTL_HLA-A*02:01,tcr15237,1
vdjdb_full_7965_rs_2_n0_iptm_filtered,GILGFVFTL_HLA-A*02:01,tcr12902,0
vdjdb_full_2819,SLLMWITQV_HLA-A*02:01,tcr10367,1
vdjdb_full_2819_rs_2_n0_iptm_filtered,SLLMWITQV_HLA-A*02:01,tcr16605,0
vdjdb_full_16060,KLVAMGINAV_HLA-A*02:01,tcr14960,1
vdjdb_full_16060_rs_2_n0_iptm_filtered,KLVAMGINAV_HLA-A*02:01,tcr3051,0
vdjdb_full_9049,LLAGIGTVPI_HLA-A*02:01,tcr14979,1
vdjdb_full_9049_rs_2_n0_iptm_filtered,LLAGIGTVPI_HLA-A*02:01,tcr12570,0
vdjdb_full_16960,NYNYLYRLF_HLA-A*24:02,tcr2511,1
vdjdb_full_16960_rs_2_n0_iptm_filtered,NYNYLYRLF_HLA-A*24:02,tcr278,0
vdjdb_full_16013,KLVALGINAV_HLA-A*02:01,tcr11598,1
vdjdb_full_16013_rs_2_n0_iptm_filtered,KLVALGINAV_HLA-A*02:01,tcr3290,0
vdjdb_full_15833,KLWAQCVQL_HLA-A*02:01,tcr12981,1
vdjdb_full_15833_rs_2_n0_iptm_filtered,KLWAQCVQL_HLA-A*02:01,tcr15152,0
vdjdb_full_2884,SLLMWITQV_HLA-A*02:01,tcr14580,1
vdjdb_full_2884_rs_2_n0_iptm_filtered,SLLMWITQV_HLA-A*02:01,tcr9389,0
vdjdb_full_9273,YVLDHLIVV_HLA-A*02:01,tcr17560,1
vdjdb_full_9273_rs_2_n0_iptm_filtered,YVLDHLIVV_HLA-A*02:01,tcr17247,0
vdjdb_full_13490,FLYALALLL_HLA-A*02:01,tcr17769,1
vdjdb_full_13490_rs_2_n0_iptm_filtered,FLYALALLL_HLA-A*02:01,tcr8253,0
vdjdb_full_11563,ATDALMTGF_HLA-A*01:01,tcr5775,1
vdjdb_full_11563_rs_2_n0_iptm_filtered,ATDALMTGF_HLA-A*01:01,tcr4133,0
vdjdb_full_16305,RPIIRPATL_HLA-B*08:01,tcr3053,1
vdjdb_full_16305_rs_2_n0_iptm_filtered,RPIIRPATL_HLA-B*08:01,tcr4132,0
vdjdb_full_12818,IVTDFSVIK_HLA-A*11:01,tcr5423,1
vdjdb_full_12818_rs_2_n0_iptm_filtered,IVTDFSVIK_HLA-A*11:01,tcr2355,0
vdjdb_full_18311,RPHERNGFTV_HLA-B*07:02,tcr2635,1
vdjdb_full_18311_rs_2_n0_iptm_filtered,RPHERNGFTV_HLA-B*07:02,tcr235,0
vdjdb_full_12084,ALAGIGILTV_HLA-A*02:01,tcr17541,1
vdjdb_full_12084_rs_2_n0_iptm_filtered,ALAGIGILTV_HLA-A*02:01,tcr7360,0
vdjdb_full_16434,RTATKQYNV_HLA-A*02:01,tcr8914,1
vdjdb_full_16434_rs_2_n0_iptm_filtered,RTATKQYNV_HLA-A*02:01,tcr11223,0
vdjdb_full_8736,LLAGIGTVPI_HLA-A*02:01,tcr2044,1
vdjdb_full_8736_rs_2_n0_iptm_filtered,LLAGIGTVPI_HLA-A*02:01,tcr6593,0
vdjdb_full_8898,LLAGIGTVPI_HLA-A*02:01,tcr12572,1
vdjdb_full_8898_rs_2_n0_iptm_filtered,LLAGIGTVPI_HLA-A*02:01,tcr6415,0
vdjdb_full_8794,LLAGIGTVPI_HLA-A*02:01,tcr9389,1
vdjdb_full_8794_rs_2_n0_iptm_filtered,LLAGIGTVPI_HLA-A*02:01,tcr15362,0
vdjdb_full_17316,KSVNITFEL_HLA-A*02:01,tcr11114,1
vdjdb_full_17316_rs_2_n0_iptm_filtered,KSVNITFEL_HLA-A*02:01,tcr3289,0
vdjdb_full_13317,CLGGLLTMV_HLA-A*02:01,tcr12157,1
vdjdb_full_13317_rs_2_n0_iptm_filtered,CLGGLLTMV_HLA-A*02:01,tcr278,0
vdjdb_full_16010,KLVALGINAV_HLA-A*02:01,tcr3667,1
vdjdb_full_16010_rs_2_n0_iptm_filtered,KLVALGINAV_HLA-A*02:01,tcr12639,0
vdjdb_full_16508,RPPIFIRRL_HLA-B*07:02,tcr2850,1
vdjdb_full_16508_rs_2_n0_iptm_filtered,RPPIFIRRL_HLA-B*07:02,tcr397,0
vdjdb_full_11148,TTDPSFLGRY_HLA-A*01:01,tcr16455,1
vdjdb_full_11148_rs_2_n0_iptm_filtered,TTDPSFLGRY_HLA-A*01:01,tcr12266,0
vdjdb_full_16315,RPIIRPATL_HLA-B*08:01,tcr573,1
vdjdb_full_16315_rs_2_n0_iptm_filtered,RPIIRPATL_HLA-B*08:01,tcr12278,0
vdjdb_full_16778,RLPGVLPRA_HLA-A*02:01,tcr10100,1
vdjdb_full_16778_rs_2_n0_iptm_filtered,RLPGVLPRA_HLA-A*02:01,tcr5972,0
vdjdb_full_13463,FLYALALLL_HLA-A*02:01,tcr3136,1
vdjdb_full_13463_rs_2_n0_iptm_filtered,FLYALALLL_HLA-A*02:01,tcr8002,0
vdjdb_full_9671,YLQPRTFLL_HLA-A*02:01,tcr579,1
vdjdb_full_9671_rs_2_n0_iptm_filtered,YLQPRTFLL_HLA-A*02:01,tcr16025,0
vdjdb_full_15899,KSKRTPMGF_HLA-B*57:01,tcr3290,1
vdjdb_full_15899_rs_2_n0_iptm_filtered,KSKRTPMGF_HLA-B*57:01,tcr3910,0
vdjdb_full_14635,CTELKLSDY_HLA-A*01:01,tcr12012,1
vdjdb_full_14635_rs_2_n0_iptm_filtered,CTELKLSDY_HLA-A*01:01,tcr9416,0
vdjdb_full_11989,ELAGIGILTV_HLA-A*02:01,tcr11439,1
vdjdb_full_11989_rs_2_n0_iptm_filtered,ELAGIGILTV_HLA-A*02:01,tcr8144,0
vdjdb_full_12103,ALAGIGILTV_HLA-A*02:01,tcr9763,1
vdjdb_full_12103_rs_2_n0_iptm_filtered,ALAGIGILTV_HLA-A*02:01,tcr9651,0
vdjdb_full_15838,KLWAQCVQL_HLA-A*02:01,tcr9199,1
vdjdb_full_15838_rs_2_n0_iptm_filtered,KLWAQCVQL_HLA-A*02:01,tcr2360,0
vdjdb_full_10163,RLRAEAQVK_HLA-A*03:01,tcr1279,1
vdjdb_full_10163_rs_2_n0_iptm_filtered,RLRAEAQVK_HLA-A*03:01,tcr6726,0
vdjdb_full_17960,EPLPQGQLTAY_HLA-B*35:01,tcr1091,1
vdjdb_full_17960_rs_2_n0_iptm_filtered,EPLPQGQLTAY_HLA-B*35:01,tcr9389,0
vdjdb_full_17320,KSVNITFEL_HLA-A*02:01,tcr7584,1
vdjdb_full_17320_rs_2_n0_iptm_filtered,KSVNITFEL_HLA-A*02:01,tcr15169,0
vdjdb_full_17054,LLYDANYFL_HLA-A*02:01,tcr4179,1
vdjdb_full_17054_rs_2_n0_iptm_filtered,LLYDANYFL_HLA-A*02:01,tcr11729,0
vdjdb_full_15602,FLRGRAYGL_HLA-B*08:01,tcr5203,1
vdjdb_full_15602_rs_2_n0_iptm_filtered,FLRGRAYGL_HLA-B*08:01,tcr14393,0
vdjdb_full_13350,RMFPNAPYL_HLA-A*02:01,tcr16712,1
vdjdb_full_13350_rs_2_n0_iptm_filtered,RMFPNAPYL_HLA-A*02:01,tcr11798,0
vdjdb_full_10539,HPNGYKSLSTL_HLA-B*07:02,tcr5160,1
vdjdb_full_10539_rs_2_n0_iptm_filtered,HPNGYKSLSTL_HLA-B*07:02,tcr5698,0
vdjdb_full_8516,NLVPMVATV_HLA-A*02:01,tcr7267,1
vdjdb_full_8516_rs_2_n0_iptm_filtered,NLVPMVATV_HLA-A*02:01,tcr18301,0
vdjdb_full_17392,RGPGRAFVTI_HLA-A*02:01,tcr7856,1
vdjdb_full_17392_rs_2_n0_iptm_filtered,RGPGRAFVTI_HLA-A*02:01,tcr11176,0
vdjdb_full_9605,YLQPRTFLL_HLA-A*02:01,tcr12882,1
vdjdb_full_9605_rs_2_n0_iptm_filtered,YLQPRTFLL_HLA-A*02:01,tcr13158,0
vdjdb_full_2737,SLLMWITQV_HLA-A*02:01,tcr16709,1
vdjdb_full_2737_rs_2_n0_iptm_filtered,SLLMWITQV_HLA-A*02:01,tcr619,0
vdjdb_full_18070,CYTWNQMNL_HLA-A*24:02,tcr3045,1
vdjdb_full_18070_rs_2_n0_iptm_filtered,CYTWNQMNL_HLA-A*24:02,tcr15232,0
vdjdb_full_7581,GILGFVFTL_HLA-A*02:01,tcr230,1
vdjdb_full_7581_rs_2_n0_iptm_filtered,GILGFVFTL_HLA-A*02:01,tcr11444,0
vdjdb_full_5894,AVFDRKSDAK_HLA-A*11:01,tcr160,1
vdjdb_full_5894_rs_2_n0_iptm_filtered,AVFDRKSDAK_HLA-A*11:01,tcr575,0
vdjdb_full_8421,NLVPMVATV_HLA-A*02:01,tcr6141,1
vdjdb_full_8421_rs_2_n0_iptm_filtered,NLVPMVATV_HLA-A*02:01,tcr1621,0
vdjdb_full_15301,CINGVCWTV_HLA-A*02:01,tcr10222,1
vdjdb_full_15301_rs_2_n0_iptm_filtered,CINGVCWTV_HLA-A*02:01,tcr7664,0
vdjdb_full_16069,KLVAMGINAV_HLA-A*02:01,tcr10803,1
vdjdb_full_16069_rs_2_n0_iptm_filtered,KLVAMGINAV_HLA-A*02:01,tcr5980,0
vdjdb_full_15956,KSKRTPMGF_HLA-B*57:01,tcr13034,1
vdjdb_full_15956_rs_2_n0_iptm_filtered,KSKRTPMGF_HLA-B*57:01,tcr10525,0
vdjdb_full_16005,KLVALGINAV_HLA-A*02:01,tcr12907,1
vdjdb_full_16005_rs_2_n0_iptm_filtered,KLVALGINAV_HLA-A*02:01,tcr3139,0
vdjdb_full_17292,KLSALGINAV_HLA-A*02:01,tcr11029,1
vdjdb_full_17292_rs_2_n0_iptm_filtered,KLSALGINAV_HLA-A*02:01,tcr14944,0
vdjdb_full_11901,ELAGIGILTV_HLA-A*02:01,tcr6573,1
vdjdb_full_11901_rs_2_n0_iptm_filtered,ELAGIGILTV_HLA-A*02:01,tcr17963,0
vdjdb_full_13548,LLFGYPVYV_HLA-A*02:01,tcr18174,1
vdjdb_full_13548_rs_2_n0_iptm_filtered,LLFGYPVYV_HLA-A*02:01,tcr3459,0
vdjdb_full_10706,SPRWYFYYL_HLA-B*07:02,tcr5992,1
vdjdb_full_10706_rs_2_n0_iptm_filtered,SPRWYFYYL_HLA-B*07:02,tcr7799,0
vdjdb_full_17465,LTSLTILQLY_HLA-A*01:01,tcr5970,1
vdjdb_full_17465_rs_2_n0_iptm_filtered,LTSLTILQLY_HLA-A*01:01,tcr3155,0
vdjdb_full_18068,CYTWNQMNL_HLA-A*24:02,tcr3238,1
vdjdb_full_18068_rs_2_n0_iptm_filtered,CYTWNQMNL_HLA-A*24:02,tcr6715,0
vdjdb_full_16215,GPRLGVRAT_HLA-B*07:02,tcr13282,1
vdjdb_full_16215_rs_2_n0_iptm_filtered,GPRLGVRAT_HLA-B*07:02,tcr14005,0
vdjdb_full_3788,SLLMWITQV_HLA-A*02:01,tcr11001,1
vdjdb_full_3788_rs_2_n0_iptm_filtered,SLLMWITQV_HLA-A*02:01,tcr15169,0
vdjdb_full_2142,GLCTLVAML_HLA-A*02:01,tcr6726,1
vdjdb_full_2142_rs_2_n0_iptm_filtered,GLCTLVAML_HLA-A*02:01,tcr9580,0
vdjdb_full_14798,LLFNILGGWV_HLA-A*02:01,tcr15341,1
vdjdb_full_14798_rs_2_n0_iptm_filtered,LLFNILGGWV_HLA-A*02:01,tcr5936,0
vdjdb_full_13566,KTFPPTEPK_HLA-A*03:01,tcr3756,1
vdjdb_full_13566_rs_2_n0_iptm_filtered,KTFPPTEPK_HLA-A*03:01,tcr429,0
vdjdb_full_16862,MEVTPSGTWL_HLA-B*40:01,tcr1302,1
vdjdb_full_16862_rs_2_n0_iptm_filtered,MEVTPSGTWL_HLA-B*40:01,tcr3398,0
vdjdb_full_11498,ATDALMTGF_HLA-A*01:01,tcr1790,1
vdjdb_full_11498_rs_2_n0_iptm_filtered,ATDALMTGF_HLA-A*01:01,tcr2243,0
vdjdb_full_3193,SLLMWITQV_HLA-A*02:01,tcr5698,1
vdjdb_full_3193_rs_2_n0_iptm_filtered,SLLMWITQV_HLA-A*02:01,tcr15771,0
vdjdb_full_3553,SLLMWITQV_HLA-A*02:01,tcr250,1
vdjdb_full_3553_rs_2_n0_iptm_filtered,SLLMWITQV_HLA-A*02:01,tcr5985,0
vdjdb_full_15815,ALGIGILTV_HLA-A*02:01,tcr16140,1
vdjdb_full_15815_rs_2_n0_iptm_filtered,ALGIGILTV_HLA-A*02:01,tcr12918,0
vdjdb_full_11452,TTDPSFLGRY_HLA-A*01:01,tcr2513,1
vdjdb_full_11452_rs_2_n0_iptm_filtered,TTDPSFLGRY_HLA-A*01:01,tcr4826,0
vdjdb_full_8802,LLAGIGTVPI_HLA-A*02:01,tcr123,1
vdjdb_full_8802_rs_2_n0_iptm_filtered,LLAGIGTVPI_HLA-A*02:01,tcr4680,0
vdjdb_full_14658,CTELKLSDY_HLA-A*01:01,tcr14032,1
vdjdb_full_14658_rs_2_n0_iptm_filtered,CTELKLSDY_HLA-A*01:01,tcr4155,0
vdjdb_full_6038,AVFDRKSDAK_HLA-A*11:01,tcr828,1
vdjdb_full_6038_rs_2_n0_iptm_filtered,AVFDRKSDAK_HLA-A*11:01,tcr4179,0
vdjdb_full_17391,RGPGRAFVTI_HLA-A*02:01,tcr5733,1
vdjdb_full_17391_rs_2_n0_iptm_filtered,RGPGRAFVTI_HLA-A*02:01,tcr15636,0
vdjdb_full_17526,RLWGTWVKA_HLA-A*02:01,tcr9329,1
vdjdb_full_17526_rs_2_n0_iptm_filtered,RLWGTWVKA_HLA-A*02:01,tcr3236,0
vdjdb_full_9326,YVLDHLIVV_HLA-A*02:01,tcr12185,1
vdjdb_full_9326_rs_2_n0_iptm_filtered,YVLDHLIVV_HLA-A*02:01,tcr10945,0
vdjdb_full_9952,YLQPRTFLL_HLA-A*02:01,tcr18132,1
vdjdb_full_9952_rs_2_n0_iptm_filtered,YLQPRTFLL_HLA-A*02:01,tcr5066,0
vdjdb_full_1298,KLGGALQAK_HLA-A*03:01,tcr15479,1
vdjdb_full_1298_rs_2_n0_iptm_filtered,KLGGALQAK_HLA-A*03:01,tcr4768,0
vdjdb_full_8554,NLVPMVATV_HLA-A*02:01,tcr3528,1
vdjdb_full_8554_rs_2_n0_iptm_filtered,NLVPMVATV_HLA-A*02:01,tcr18269,0
vdjdb_full_11757,ELAGIGILTV_HLA-A*02:01,tcr9975,1
vdjdb_full_11757_rs_2_n0_iptm_filtered,ELAGIGILTV_HLA-A*02:01,tcr1424,0
vdjdb_full_14638,CTELKLSDY_HLA-A*01:01,tcr6692,1
vdjdb_full_14638_rs_2_n0_iptm_filtered,CTELKLSDY_HLA-A*01:01,tcr2747,0
vdjdb_full_13595,KTFPPTEPK_HLA-A*03:01,tcr11632,1
vdjdb_full_13595_rs_2_n0_iptm_filtered,KTFPPTEPK_HLA-A*03:01,tcr8966,0
vdjdb_full_15841,KLWAQCVQL_HLA-A*02:01,tcr14763,1
vdjdb_full_15841_rs_2_n0_iptm_filtered,KLWAQCVQL_HLA-A*02:01,tcr6073,0
vdjdb_full_14696,CTELKLSDY_HLA-A*01:01,tcr2433,1
vdjdb_full_14696_rs_2_n0_iptm_filtered,CTELKLSDY_HLA-A*01:01,tcr13691,0
vdjdb_full_17345,RVAGDSGFAAY_HLA-B*15:01,tcr16041,1
vdjdb_full_17345_rs_2_n0_iptm_filtered,RVAGDSGFAAY_HLA-B*15:01,tcr11221,0
vdjdb_full_14926,LLWNGPMAV_HLA-A*02:01,tcr13840,1
vdjdb_full_14926_rs_2_n0_iptm_filtered,LLWNGPMAV_HLA-A*02:01,tcr5086,0
vdjdb_full_2708,SLLMWITQV_HLA-A*02:01,tcr5631,1
vdjdb_full_2708_rs_2_n0_iptm_filtered,SLLMWITQV_HLA-A*02:01,tcr3854,0
vdjdb_full_16672,VMNILLQYV_HLA-A*02:01,tcr5687,1
vdjdb_full_16672_rs_2_n0_iptm_filtered,VMNILLQYV_HLA-A*02:01,tcr6207,0
vdjdb_full_17168,KTWGQYWQV_HLA-A*02:01,tcr17595,1
vdjdb_full_17168_rs_2_n0_iptm_filtered,KTWGQYWQV_HLA-A*02:01,tcr4385,0
vdjdb_full_11565,ATDALMTGF_HLA-A*01:01,tcr5991,1
vdjdb_full_11565_rs_2_n0_iptm_filtered,ATDALMTGF_HLA-A*01:01,tcr12191,0
vdjdb_full_14297,RVRAYTYSK_HLA-A*03:01,tcr17125,1
vdjdb_full_14297_rs_2_n0_iptm_filtered,RVRAYTYSK_HLA-A*03:01,tcr9058,0
vdjdb_full_17182,ALSKGVHFV_HLA-A*02:01,tcr13158,1
vdjdb_full_17182_rs_2_n0_iptm_filtered,ALSKGVHFV_HLA-A*02:01,tcr18340,0
vdjdb_full_11163,TTDPSFLGRY_HLA-A*01:01,tcr94,1
vdjdb_full_11163_rs_2_n0_iptm_filtered,TTDPSFLGRY_HLA-A*01:01,tcr17519,0
vdjdb_full_14646,CTELKLSDY_HLA-A*01:01,tcr16984,1
vdjdb_full_14646_rs_2_n0_iptm_filtered,CTELKLSDY_HLA-A*01:01,tcr14748,0
vdjdb_full_16313,RPIIRPATL_HLA-B*08:01,tcr8945,1
vdjdb_full_16313_rs_2_n0_iptm_filtered,RPIIRPATL_HLA-B*08:01,tcr5615,0
vdjdb_full_2962,SLLMWITQV_HLA-A*02:01,tcr7601,1
vdjdb_full_2962_rs_2_n0_iptm_filtered,SLLMWITQV_HLA-A*02:01,tcr6491,0
vdjdb_full_8342,NLVPMVATV_HLA-A*02:01,tcr12880,1
vdjdb_full_8342_rs_2_n0_iptm_filtered,NLVPMVATV_HLA-A*02:01,tcr3910,0
vdjdb_full_15244,RPHERNGFTVL_HLA-B*07:02,tcr10662,1
vdjdb_full_15244_rs_2_n0_iptm_filtered,RPHERNGFTVL_HLA-B*07:02,tcr9797,0
vdjdb_full_2821,SLLMWITQV_HLA-A*02:01,tcr17336,1
vdjdb_full_2821_rs_2_n0_iptm_filtered,SLLMWITQV_HLA-A*02:01,tcr8873,0
vdjdb_full_12090,ALAGIGILTV_HLA-A*02:01,tcr15603,1
vdjdb_full_12090_rs_2_n0_iptm_filtered,ALAGIGILTV_HLA-A*02:01,tcr1633,0
vdjdb_full_17402,RGPGRAFVTI_HLA-A*02:01,tcr13905,1
vdjdb_full_17402_rs_2_n0_iptm_filtered,RGPGRAFVTI_HLA-A*02:01,tcr18059,0
vdjdb_full_17255,YAKWKLCSA_HLA-B*08:01,tcr4528,1
vdjdb_full_17255_rs_2_n0_iptm_filtered,YAKWKLCSA_HLA-B*08:01,tcr13657,0
vdjdb_full_3791,SLLMWITQV_HLA-A*02:01,tcr7414,1
vdjdb_full_3791_rs_2_n0_iptm_filtered,SLLMWITQV_HLA-A*02:01,tcr7180,0
vdjdb_full_15667,FLRGRAYGL_HLA-B*08:01,tcr454,1
vdjdb_full_15667_rs_2_n0_iptm_filtered,FLRGRAYGL_HLA-B*08:01,tcr3012,0
vdjdb_full_10629,LTDEMIAQY_HLA-A*01:01,tcr16324,1
vdjdb_full_10629_rs_2_n0_iptm_filtered,LTDEMIAQY_HLA-A*01:01,tcr14580,0
vdjdb_full_17414,RGPGRAFVTI_HLA-A*02:01,tcr3837,1
vdjdb_full_17414_rs_2_n0_iptm_filtered,RGPGRAFVTI_HLA-A*02:01,tcr9786,0
vdjdb_full_13642,KTFPPTEPK_HLA-A*03:01,tcr847,1
vdjdb_full_13642_rs_2_n0_iptm_filtered,KTFPPTEPK_HLA-A*03:01,tcr7254,0
vdjdb_full_11530,ATDALMTGF_HLA-A*01:01,tcr10303,1
vdjdb_full_11530_rs_2_n0_iptm_filtered,ATDALMTGF_HLA-A*01:01,tcr16848,0
vdjdb_full_13393,FLYALALLL_HLA-A*02:01,tcr1334,1
vdjdb_full_13393_rs_2_n0_iptm_filtered,FLYALALLL_HLA-A*02:01,tcr18040,0
vdjdb_full_11772,ELAGIGILTV_HLA-A*02:01,tcr9416,1
vdjdb_full_11772_rs_2_n0_iptm_filtered,ELAGIGILTV_HLA-A*02:01,tcr5751,0
vdjdb_full_1504,KLGGALQAK_HLA-A*03:01,tcr3509,1
vdjdb_full_1504_rs_2_n0_iptm_filtered,KLGGALQAK_HLA-A*03:01,tcr8602,0
vdjdb_full_12062,ALAGIGILTV_HLA-A*02:01,tcr2042,1
vdjdb_full_12062_rs_2_n0_iptm_filtered,ALAGIGILTV_HLA-A*02:01,tcr11723,0
vdjdb_full_13694,TPRVTGGGAM_HLA-B*07:02,tcr5331,1
vdjdb_full_13694_rs_2_n0_iptm_filtered,TPRVTGGGAM_HLA-B*07:02,tcr2885,0
vdjdb_full_14392,RVRAYTYSK_HLA-A*03:01,tcr11617,1
vdjdb_full_14392_rs_2_n0_iptm_filtered,RVRAYTYSK_HLA-A*03:01,tcr8665,0
vdjdb_full_4096,SLLMWITQV_HLA-A*02:01,tcr11347,1
vdjdb_full_4096_rs_2_n0_iptm_filtered,SLLMWITQV_HLA-A*02:01,tcr11415,0
vdjdb_full_15663,FLRGRAYGL_HLA-B*08:01,tcr18218,1
vdjdb_full_15663_rs_2_n0_iptm_filtered,FLRGRAYGL_HLA-B*08:01,tcr3667,0
vdjdb_full_12329,IVTDFSVIK_HLA-A*11:01,tcr7478,1
vdjdb_full_12329_rs_2_n0_iptm_filtered,IVTDFSVIK_HLA-A*11:01,tcr3287,0
vdjdb_full_13544,LLFGYPVYV_HLA-A*02:01,tcr6593,1
vdjdb_full_13544_rs_2_n0_iptm_filtered,LLFGYPVYV_HLA-A*02:01,tcr11952,0
vdjdb_full_16063,KLVAMGINAV_HLA-A*02:01,tcr8874,1
vdjdb_full_16063_rs_2_n0_iptm_filtered,KLVAMGINAV_HLA-A*02:01,tcr8230,0
vdjdb_full_15025,LLWNGPMAV_HLA-A*02:01,tcr12122,1
vdjdb_full_15025_rs_2_n0_iptm_filtered,LLWNGPMAV_HLA-A*02:01,tcr10661,0
vdjdb_full_15662,FLRGRAYGL_HLA-B*08:01,tcr3577,1
vdjdb_full_15662_rs_2_n0_iptm_filtered,FLRGRAYGL_HLA-B*08:01,tcr4969,0
vdjdb_full_11585,ATDALMTGF_HLA-A*01:01,tcr17586,1
vdjdb_full_11585_rs_2_n0_iptm_filtered,ATDALMTGF_HLA-A*01:01,tcr14265,0
vdjdb_full_16021,KLVALGINAV_HLA-A*02:01,tcr5642,1
vdjdb_full_16021_rs_2_n0_iptm_filtered,KLVALGINAV_HLA-A*02:01,tcr18132,0
vdjdb_full_16312,RPIIRPATL_HLA-B*08:01,tcr6428,1
vdjdb_full_16312_rs_2_n0_iptm_filtered,RPIIRPATL_HLA-B*08:01,tcr2749,0
vdjdb_full_14616,CTELKLSDY_HLA-A*01:01,tcr8373,1
vdjdb_full_14616_rs_2_n0_iptm_filtered,CTELKLSDY_HLA-A*01:01,tcr15474,0
vdjdb_full_14985,LLWNGPMAV_HLA-A*02:01,tcr17773,1
vdjdb_full_14985_rs_2_n0_iptm_filtered,LLWNGPMAV_HLA-A*02:01,tcr12911,0
vdjdb_full_2409,GLCTLVAML_HLA-A*02:01,tcr3945,1
vdjdb_full_2409_rs_2_n0_iptm_filtered,GLCTLVAML_HLA-A*02:01,tcr227,0
vdjdb_full_7003,GILGFVFTL_HLA-A*02:01,tcr2885,1
vdjdb_full_7003_rs_2_n0_iptm_filtered,GILGFVFTL_HLA-A*02:01,tcr9295,0
vdjdb_full_13650,KTFPPTEPK_HLA-A*03:01,tcr8288,1
vdjdb_full_13650_rs_2_n0_iptm_filtered,KTFPPTEPK_HLA-A*03:01,tcr3139,0
vdjdb_full_14904,LLWNGPMAV_HLA-A*02:01,tcr1441,1
vdjdb_full_14904_rs_2_n0_iptm_filtered,LLWNGPMAV_HLA-A*02:01,tcr2609,0
vdjdb_full_11963,ELAGIGILTV_HLA-A*02:01,tcr5793,1
vdjdb_full_11963_rs_2_n0_iptm_filtered,ELAGIGILTV_HLA-A*02:01,tcr4961,0
vdjdb_full_11942,ELAGIGILTV_HLA-A*02:01,tcr13405,1
vdjdb_full_11942_rs_2_n0_iptm_filtered,ELAGIGILTV_HLA-A*02:01,tcr15521,0
vdjdb_full_10517,HPNGYKSLSTL_HLA-B*07:02,tcr16652,1
vdjdb_full_10517_rs_2_n0_iptm_filtered,HPNGYKSLSTL_HLA-B*07:02,tcr985,0
vdjdb_full_15344,CINGVCWTV_HLA-A*02:01,tcr3700,1
vdjdb_full_15344_rs_2_n0_iptm_filtered,CINGVCWTV_HLA-A*02:01,tcr3505,0
vdjdb_full_11100,TTDPSFLGRY_HLA-A*01:01,tcr11156,1
vdjdb_full_11100_rs_2_n0_iptm_filtered,TTDPSFLGRY_HLA-A*01:01,tcr17308,0
vdjdb_full_15124,NQKLIANQF_HLA-B*15:01,tcr668,1
vdjdb_full_15124_rs_2_n0_iptm_filtered,NQKLIANQF_HLA-B*15:01,tcr6410,0
vdjdb_full_1281,KLGGALQAK_HLA-A*03:01,tcr17750,1
vdjdb_full_1281_rs_2_n0_iptm_filtered,KLGGALQAK_HLA-A*03:01,tcr16848,0
vdjdb_full_13914,AYAQKIFKI_HLA-A*24:02,tcr7532,1
vdjdb_full_13914_rs_2_n0_iptm_filtered,AYAQKIFKI_HLA-A*24:02,tcr12093,0
vdjdb_full_17299,KLSALGINAV_HLA-A*02:01,tcr12925,1
vdjdb_full_17299_rs_2_n0_iptm_filtered,KLSALGINAV_HLA-A*02:01,tcr15159,0
vdjdb_full_14159,RVRAYTYSK_HLA-A*03:01,tcr6415,1
vdjdb_full_14159_rs_2_n0_iptm_filtered,RVRAYTYSK_HLA-A*03:01,tcr17551,0
vdjdb_full_12496,IVTDFSVIK_HLA-A*11:01,tcr17436,1
vdjdb_full_12496_rs_2_n0_iptm_filtered,IVTDFSVIK_HLA-A*11:01,tcr16025,0
vdjdb_full_12262,IVTDFSVIK_HLA-A*11:01,tcr4162,1
vdjdb_full_12262_rs_2_n0_iptm_filtered,IVTDFSVIK_HLA-A*11:01,tcr10370,0
vdjdb_full_16175,GPRLGVRAT_HLA-B*07:02,tcr2271,1
vdjdb_full_16175_rs_2_n0_iptm_filtered,GPRLGVRAT_HLA-B*07:02,tcr4978,0
vdjdb_full_16919,RTATKAYNV_HLA-A*02:01,tcr247,1
vdjdb_full_16919_rs_2_n0_iptm_filtered,RTATKAYNV_HLA-A*02:01,tcr16441,0
vdjdb_full_11619,ATDALMTGF_HLA-A*01:01,tcr11596,1
vdjdb_full_11619_rs_2_n0_iptm_filtered,ATDALMTGF_HLA-A*01:01,tcr17302,0
vdjdb_full_16406,EAAGIGILTV_HLA-A*02:01,tcr18301,1
vdjdb_full_16406_rs_2_n0_iptm_filtered,EAAGIGILTV_HLA-A*02:01,tcr7395,0
vdjdb_full_15817,ALGIGILTV_HLA-A*02:01,tcr11991,1
vdjdb_full_15817_rs_2_n0_iptm_filtered,ALGIGILTV_HLA-A*02:01,tcr3172,0
vdjdb_full_10994,SPRWYFYYL_HLA-B*07:02,tcr15143,1
vdjdb_full_10994_rs_2_n0_iptm_filtered,SPRWYFYYL_HLA-B*07:02,tcr15730,0
vdjdb_full_8530,NLVPMVATV_HLA-A*02:01,tcr6410,1
vdjdb_full_8530_rs_2_n0_iptm_filtered,NLVPMVATV_HLA-A*02:01,tcr479,0
vdjdb_full_10825,SPRWYFYYL_HLA-B*07:02,tcr13044,1
vdjdb_full_10825_rs_2_n0_iptm_filtered,SPRWYFYYL_HLA-B*07:02,tcr17725,0
vdjdb_full_16025,KLVALGINAV_HLA-A*02:01,tcr16291,1
vdjdb_full_16025_rs_2_n0_iptm_filtered,KLVALGINAV_HLA-A*02:01,tcr17674,0
vdjdb_full_3689,SLLMWITQV_HLA-A*02:01,tcr4020,1
vdjdb_full_3689_rs_2_n0_iptm_filtered,SLLMWITQV_HLA-A*02:01,tcr15704,0
vdjdb_full_17184,ALSKGVHFV_HLA-A*02:01,tcr4506,1
vdjdb_full_17184_rs_2_n0_iptm_filtered,ALSKGVHFV_HLA-A*02:01,tcr4068,0
vdjdb_full_7864,GILGFVFTL_HLA-A*02:01,tcr2327,1
vdjdb_full_7864_rs_2_n0_iptm_filtered,GILGFVFTL_HLA-A*02:01,tcr13722,0
vdjdb_full_13267,CLGGLLTMV_HLA-A*02:01,tcr13304,1
vdjdb_full_13267_rs_2_n0_iptm_filtered,CLGGLLTMV_HLA-A*02:01,tcr11148,0
vdjdb_full_15271,FMVFLQTHI_HLA-A*02:01,tcr12798,1
vdjdb_full_15271_rs_2_n0_iptm_filtered,FMVFLQTHI_HLA-A*02:01,tcr6098,0
vdjdb_full_9256,YVLDHLIVV_HLA-A*02:01,tcr918,1
vdjdb_full_9256_rs_2_n0_iptm_filtered,YVLDHLIVV_HLA-A*02:01,tcr13293,0
vdjdb_full_13720,TPRVTGGGAM_HLA-B*07:02,tcr2876,1
vdjdb_full_13720_rs_2_n0_iptm_filtered,TPRVTGGGAM_HLA-B*07:02,tcr14352,0
vdjdb_full_17302,KLSALGINAV_HLA-A*02:01,tcr1147,1
vdjdb_full_17302_rs_2_n0_iptm_filtered,KLSALGINAV_HLA-A*02:01,tcr16936,0
vdjdb_full_17196,ALSKGVHFV_HLA-A*02:01,tcr14303,1
vdjdb_full_17196_rs_2_n0_iptm_filtered,ALSKGVHFV_HLA-A*02:01,tcr16377,0
vdjdb_full_16653,QYIKWPWYI_HLA-A*24:02,tcr17195,1
vdjdb_full_16653_rs_2_n0_iptm_filtered,QYIKWPWYI_HLA-A*24:02,tcr10655,0
vdjdb_full_10797,SPRWYFYYL_HLA-B*07:02,tcr3064,1
vdjdb_full_10797_rs_2_n0_iptm_filtered,SPRWYFYYL_HLA-B*07:02,tcr12887,0
vdjdb_full_13414,FLYALALLL_HLA-A*02:01,tcr8732,1
vdjdb_full_13414_rs_2_n0_iptm_filtered,FLYALALLL_HLA-A*02:01,tcr10944,0
vdjdb_full_11523,ATDALMTGF_HLA-A*01:01,tcr2831,1
vdjdb_full_11523_rs_2_n0_iptm_filtered,ATDALMTGF_HLA-A*01:01,tcr1679,0
vdjdb_full_14276,RVRAYTYSK_HLA-A*03:01,tcr3367,1
vdjdb_full_14276_rs_2_n0_iptm_filtered,RVRAYTYSK_HLA-A*03:01,tcr11567,0
vdjdb_full_13341,CLGGLLTMV_HLA-A*02:01,tcr2550,1
vdjdb_full_13341_rs_2_n0_iptm_filtered,CLGGLLTMV_HLA-A*02:01,tcr3053,0
vdjdb_full_15684,FLRGRAYGL_HLA-B*08:01,tcr15829,1
vdjdb_full_15684_rs_2_n0_iptm_filtered,FLRGRAYGL_HLA-B*08:01,tcr11094,0
vdjdb_full_15349,CINGVCWTV_HLA-A*02:01,tcr3689,1
vdjdb_full_15349_rs_2_n0_iptm_filtered,CINGVCWTV_HLA-A*02:01,tcr10100,0
vdjdb_full_5657,AVFDRKSDAK_HLA-A*11:01,tcr1483,1
vdjdb_full_5657_rs_2_n0_iptm_filtered,AVFDRKSDAK_HLA-A*11:01,tcr15524,0
vdjdb_full_17128,HSNLNDATY_HLA-A*01:01,tcr1681,1
vdjdb_full_17128_rs_2_n0_iptm_filtered,HSNLNDATY_HLA-A*01:01,tcr14754,0
vdjdb_full_7393,GILGFVFTL_HLA-A*02:01,tcr18147,1
vdjdb_full_7393_rs_2_n0_iptm_filtered,GILGFVFTL_HLA-A*02:01,tcr7395,0
vdjdb_full_11621,ATDALMTGF_HLA-A*01:01,tcr14461,1
vdjdb_full_11621_rs_2_n0_iptm_filtered,ATDALMTGF_HLA-A*01:01,tcr16192,0
vdjdb_full_8406,NLVPMVATV_HLA-A*02:01,tcr9295,1
vdjdb_full_8406_rs_2_n0_iptm_filtered,NLVPMVATV_HLA-A*02:01,tcr2379,0
vdjdb_full_15394,CINGVCWTV_HLA-A*02:01,tcr16689,1
vdjdb_full_15394_rs_2_n0_iptm_filtered,CINGVCWTV_HLA-A*02:01,tcr15118,0
vdjdb_full_8754,LLAGIGTVPI_HLA-A*02:01,tcr8067,1
vdjdb_full_8754_rs_2_n0_iptm_filtered,LLAGIGTVPI_HLA-A*02:01,tcr14352,0
vdjdb_full_13429,FLYALALLL_HLA-A*02:01,tcr10927,1
vdjdb_full_13429_rs_2_n0_iptm_filtered,FLYALALLL_HLA-A*02:01,tcr3755,0
vdjdb_full_15174,ALWEIQQVV_HLA-A*02:01,tcr7239,1
vdjdb_full_15174_rs_2_n0_iptm_filtered,ALWEIQQVV_HLA-A*02:01,tcr18174,0
vdjdb_full_14774,RAQAPPPSW_HLA-B*57:01,tcr8363,1
vdjdb_full_14774_rs_2_n0_iptm_filtered,RAQAPPPSW_HLA-B*57:01,tcr1441,0
vdjdb_full_15307,CINGVCWTV_HLA-A*02:01,tcr13432,1
vdjdb_full_15307_rs_2_n0_iptm_filtered,CINGVCWTV_HLA-A*02:01,tcr16140,0
vdjdb_full_14724,RPRGEVRFL_HLA-B*07:02,tcr3751,1
vdjdb_full_14724_rs_2_n0_iptm_filtered,RPRGEVRFL_HLA-B*07:02,tcr3854,0
vdjdb_full_15734,VYFLQSINF_HLA-A*24:02,tcr12113,1
vdjdb_full_15734_rs_2_n0_iptm_filtered,VYFLQSINF_HLA-A*24:02,tcr3019,0
vdjdb_full_2679,SLLMWITQV_HLA-A*02:01,tcr3060,1
vdjdb_full_2679_rs_2_n0_iptm_filtered,SLLMWITQV_HLA-A*02:01,tcr847,0
vdjdb_full_11766,ELAGIGILTV_HLA-A*02:01,tcr6085,1
vdjdb_full_11766_rs_2_n0_iptm_filtered,ELAGIGILTV_HLA-A*02:01,tcr17372,0
vdjdb_full_13492,FLYALALLL_HLA-A*02:01,tcr17247,1
vdjdb_full_13492_rs_2_n0_iptm_filtered,FLYALALLL_HLA-A*02:01,tcr2363,0
vdjdb_full_4596,SLLMWITQV_HLA-A*02:01,tcr11188,1
vdjdb_full_4596_rs_2_n0_iptm_filtered,SLLMWITQV_HLA-A*02:01,tcr2725,0
vdjdb_full_11516,ATDALMTGF_HLA-A*01:01,tcr3287,1
vdjdb_full_11516_rs_2_n0_iptm_filtered,ATDALMTGF_HLA-A*01:01,tcr2327,0
vdjdb_full_2863,SLLMWITQV_HLA-A*02:01,tcr9286,1
vdjdb_full_2863_rs_2_n0_iptm_filtered,SLLMWITQV_HLA-A*02:01,tcr3148,0
vdjdb_full_17916,HPVGEADYFEY_HLA-B*35:08,tcr3148,1
vdjdb_full_17916_rs_2_n0_iptm_filtered,HPVGEADYFEY_HLA-B*35:08,tcr8341,0
vdjdb_full_15824,ALGIGILTV_HLA-A*02:01,tcr16971,1
vdjdb_full_15824_rs_2_n0_iptm_filtered,ALGIGILTV_HLA-A*02:01,tcr5061,0
vdjdb_full_17055,LLYDANYFL_HLA-A*02:01,tcr14070,1
vdjdb_full_17055_rs_2_n0_iptm_filtered,LLYDANYFL_HLA-A*02:01,tcr9954,0
vdjdb_full_9734,YLQPRTFLL_HLA-A*02:01,tcr13722,1
vdjdb_full_9734_rs_2_n0_iptm_filtered,YLQPRTFLL_HLA-A*02:01,tcr14415,0
vdjdb_full_15586,FLRGRAYGL_HLA-B*08:01,tcr3910,1
vdjdb_full_15586_rs_2_n0_iptm_filtered,FLRGRAYGL_HLA-B*08:01,tcr10926,0
vdjdb_full_13719,TPRVTGGGAM_HLA-B*07:02,tcr12451,1
vdjdb_full_13719_rs_2_n0_iptm_filtered,TPRVTGGGAM_HLA-B*07:02,tcr12049,0
vdjdb_full_15424,CINGVCWTV_HLA-A*02:01,tcr14330,1
vdjdb_full_15424_rs_2_n0_iptm_filtered,CINGVCWTV_HLA-A*02:01,tcr6689,0
vdjdb_full_9255,YVLDHLIVV_HLA-A*02:01,tcr5235,1
vdjdb_full_9255_rs_2_n0_iptm_filtered,YVLDHLIVV_HLA-A*02:01,tcr7038,0
vdjdb_full_2537,GLCTLVAML_HLA-A*02:01,tcr2507,1
vdjdb_full_2537_rs_2_n0_iptm_filtered,GLCTLVAML_HLA-A*02:01,tcr14725,0
vdjdb_full_17352,RPIIRPATL_HLA-B*07:02,tcr168,1
vdjdb_full_17352_rs_2_n0_iptm_filtered,RPIIRPATL_HLA-B*07:02,tcr9202,0
vdjdb_full_11902,ELAGIGILTV_HLA-A*02:01,tcr6469,1
vdjdb_full_11902_rs_2_n0_iptm_filtered,ELAGIGILTV_HLA-A*02:01,tcr6709,0
vdjdb_full_13901,AYAQKIFKI_HLA-A*24:02,tcr18113,1
vdjdb_full_13901_rs_2_n0_iptm_filtered,AYAQKIFKI_HLA-A*24:02,tcr16158,0
vdjdb_full_16371,PTDNYITTY_HLA-A*01:01,tcr6742,1
vdjdb_full_16371_rs_2_n0_iptm_filtered,PTDNYITTY_HLA-A*01:01,tcr14674,0
vdjdb_full_13594,KTFPPTEPK_HLA-A*03:01,tcr12191,1
vdjdb_full_13594_rs_2_n0_iptm_filtered,KTFPPTEPK_HLA-A*03:01,tcr1302,0
vdjdb_full_17864,RLLPLLALL_HLA-A*02:01,tcr13879,1
vdjdb_full_17864_rs_2_n0_iptm_filtered,RLLPLLALL_HLA-A*02:01,tcr3577,0
vdjdb_full_14669,CTELKLSDY_HLA-A*01:01,tcr9501,1
vdjdb_full_14669_rs_2_n0_iptm_filtered,CTELKLSDY_HLA-A*01:01,tcr10681,0
vdjdb_full_11505,ATDALMTGF_HLA-A*01:01,tcr15850,1
vdjdb_full_11505_rs_2_n0_iptm_filtered,ATDALMTGF_HLA-A*01:01,tcr17674,0
vdjdb_full_8447,NLVPMVATV_HLA-A*02:01,tcr9737,1
vdjdb_full_8447_rs_2_n0_iptm_filtered,NLVPMVATV_HLA-A*02:01,tcr11735,0
vdjdb_full_8805,LLAGIGTVPI_HLA-A*02:01,tcr4760,1
vdjdb_full_8805_rs_2_n0_iptm_filtered,LLAGIGTVPI_HLA-A*02:01,tcr5176,0
vdjdb_full_323,KLGGALQAK_HLA-A*03:01,tcr11723,1
vdjdb_full_323_rs_2_n0_iptm_filtered,KLGGALQAK_HLA-A*03:01,tcr16023,0
vdjdb_full_10841,SPRWYFYYL_HLA-B*07:02,tcr6368,1
vdjdb_full_10841_rs_2_n0_iptm_filtered,SPRWYFYYL_HLA-B*07:02,tcr386,0
vdjdb_full_11,QAKWRLQTL_HLA-B*08:01,tcr9367,1
vdjdb_full_11_rs_2_n0_iptm_filtered,QAKWRLQTL_HLA-B*08:01,tcr6033,0
vdjdb_full_11555,ATDALMTGF_HLA-A*01:01,tcr944,1
vdjdb_full_11555_rs_2_n0_iptm_filtered,ATDALMTGF_HLA-A*01:01,tcr5793,0
vdjdb_full_16201,GPRLGVRAT_HLA-B*07:02,tcr14341,1
vdjdb_full_16201_rs_2_n0_iptm_filtered,GPRLGVRAT_HLA-B*07:02,tcr3837,0
vdjdb_full_13682,QYDPVAALF_HLA-A*24:02,tcr12941,1
vdjdb_full_13682_rs_2_n0_iptm_filtered,QYDPVAALF_HLA-A*24:02,tcr5820,0
vdjdb_full_16419,RTATKQYNV_HLA-A*02:01,tcr16549,1
vdjdb_full_16419_rs_2_n0_iptm_filtered,RTATKQYNV_HLA-A*02:01,tcr10415,0
vdjdb_full_12057,ALAGIGILTV_HLA-A*02:01,tcr14753,1
vdjdb_full_12057_rs_2_n0_iptm_filtered,ALAGIGILTV_HLA-A*02:01,tcr977,0
vdjdb_full_11485,TTDPSFLGRY_HLA-A*01:01,tcr5972,1
vdjdb_full_11485_rs_2_n0_iptm_filtered,TTDPSFLGRY_HLA-A*01:01,tcr18218,0
vdjdb_full_2431,GLCTLVAML_HLA-A*02:01,tcr4132,1
vdjdb_full_2431_rs_2_n0_iptm_filtered,GLCTLVAML_HLA-A*02:01,tcr17487,0
vdjdb_full_16901,RTATKAYNV_HLA-A*02:01,tcr9170,1
vdjdb_full_16901_rs_2_n0_iptm_filtered,RTATKAYNV_HLA-A*02:01,tcr3597,0
vdjdb_full_1587,KLGGALQAK_HLA-A*03:01,tcr3782,1
vdjdb_full_1587_rs_2_n0_iptm_filtered,KLGGALQAK_HLA-A*03:01,tcr16182,0
vdjdb_full_9242,YVLDHLIVV_HLA-A*02:01,tcr15584,1
vdjdb_full_9242_rs_2_n0_iptm_filtered,YVLDHLIVV_HLA-A*02:01,tcr602,0
vdjdb_full_11948,ELAGIGILTV_HLA-A*02:01,tcr15636,1
vdjdb_full_11948_rs_2_n0_iptm_filtered,ELAGIGILTV_HLA-A*02:01,tcr11094,0
vdjdb_full_13468,FLYALALLL_HLA-A*02:01,tcr11864,1
vdjdb_full_13468_rs_2_n0_iptm_filtered,FLYALALLL_HLA-A*02:01,tcr4382,0
vdjdb_full_15374,CINGVCWTV_HLA-A*02:01,tcr16,1
vdjdb_full_15374_rs_2_n0_iptm_filtered,CINGVCWTV_HLA-A*02:01,tcr475,0
vdjdb_full_8924,LLAGIGTVPI_HLA-A*02:01,tcr4649,1
vdjdb_full_8924_rs_2_n0_iptm_filtered,LLAGIGTVPI_HLA-A*02:01,tcr8024,0
vdjdb_full_15570,FLRGRAYGL_HLA-B*08:01,tcr16588,1
vdjdb_full_15570_rs_2_n0_iptm_filtered,FLRGRAYGL_HLA-B*08:01,tcr4497,0
vdjdb_full_11985,ELAGIGILTV_HLA-A*02:01,tcr8619,1
vdjdb_full_11985_rs_2_n0_iptm_filtered,ELAGIGILTV_HLA-A*02:01,tcr5409,0
vdjdb_full_3901,SLLMWITQV_HLA-A*02:01,tcr16848,1
vdjdb_full_3901_rs_2_n0_iptm_filtered,SLLMWITQV_HLA-A*02:01,tcr1548,0
vdjdb_full_13534,LLFGYPVYV_HLA-A*02:01,tcr7254,1
vdjdb_full_13534_rs_2_n0_iptm_filtered,LLFGYPVYV_HLA-A*02:01,tcr10295,0
vdjdb_full_10606,LTDEMIAQY_HLA-A*01:01,tcr3012,1
vdjdb_full_10606_rs_2_n0_iptm_filtered,LTDEMIAQY_HLA-A*01:01,tcr14861,0
vdjdb_full_13841,TPRVTGGGAM_HLA-B*07:02,tcr9004,1
vdjdb_full_13841_rs_2_n0_iptm_filtered,TPRVTGGGAM_HLA-B*07:02,tcr17650,0
vdjdb_full_17830,TPSVSSSISSL_HLA-B*07:02,tcr9972,1
vdjdb_full_17830_rs_2_n0_iptm_filtered,TPSVSSSISSL_HLA-B*07:02,tcr13543,0
vdjdb_full_10552,LTDEMIAQY_HLA-A*01:01,tcr397,1
vdjdb_full_10552_rs_2_n0_iptm_filtered,LTDEMIAQY_HLA-A*01:01,tcr14330,0
vdjdb_full_14641,CTELKLSDY_HLA-A*01:01,tcr16498,1
vdjdb_full_14641_rs_2_n0_iptm_filtered,CTELKLSDY_HLA-A*01:01,tcr16500,0
vdjdb_full_15991,KLVALGINAV_HLA-A*02:01,tcr15599,1
vdjdb_full_15991_rs_2_n0_iptm_filtered,KLVALGINAV_HLA-A*02:01,tcr12284,0
vdjdb_full_11543,ATDALMTGF_HLA-A*01:01,tcr3034,1
vdjdb_full_11543_rs_2_n0_iptm_filtered,ATDALMTGF_HLA-A*01:01,tcr13029,0
vdjdb_full_14835,LLWNGPMAV_HLA-A*02:01,tcr5113,1
vdjdb_full_14835_rs_2_n0_iptm_filtered,LLWNGPMAV_HLA-A*02:01,tcr17322,0
vdjdb_full_3514,SLLMWITQV_HLA-A*02:01,tcr6044,1
vdjdb_full_3514_rs_2_n0_iptm_filtered,SLLMWITQV_HLA-A*02:01,tcr16460,0
vdjdb_full_11489,TTDPSFLGRY_HLA-A*01:01,tcr6767,1
vdjdb_full_11489_rs_2_n0_iptm_filtered,TTDPSFLGRY_HLA-A*01:01,tcr1185,0
vdjdb_full_15935,KSKRTPMGF_HLA-B*57:01,tcr12574,1
vdjdb_full_15935_rs_2_n0_iptm_filtered,KSKRTPMGF_HLA-B*57:01,tcr18361,0
vdjdb_full_3932,SLLMWITQV_HLA-A*02:01,tcr15647,1
vdjdb_full_3932_rs_2_n0_iptm_filtered,SLLMWITQV_HLA-A*02:01,tcr8659,0
vdjdb_full_15292,CINGVCWTV_HLA-A*02:01,tcr10758,1
vdjdb_full_15292_rs_2_n0_iptm_filtered,CINGVCWTV_HLA-A*02:01,tcr2725,0
vdjdb_full_12083,ALAGIGILTV_HLA-A*02:01,tcr9343,1
vdjdb_full_12083_rs_2_n0_iptm_filtered,ALAGIGILTV_HLA-A*02:01,tcr4304,0
vdjdb_full_8346,NLVPMVATV_HLA-A*02:01,tcr1121,1
vdjdb_full_8346_rs_2_n0_iptm_filtered,NLVPMVATV_HLA-A*02:01,tcr15098,0
vdjdb_full_7947,GILGFVFTL_HLA-A*02:01,tcr7338,1
vdjdb_full_7947_rs_2_n0_iptm_filtered,GILGFVFTL_HLA-A*02:01,tcr10942,0
vdjdb_full_13535,LLFGYPVYV_HLA-A*02:01,tcr5656,1
vdjdb_full_13535_rs_2_n0_iptm_filtered,LLFGYPVYV_HLA-A*02:01,tcr2396,0
vdjdb_full_10764,SPRWYFYYL_HLA-B*07:02,tcr8335,1
vdjdb_full_10764_rs_2_n0_iptm_filtered,SPRWYFYYL_HLA-B*07:02,tcr14032,0
vdjdb_full_16664,QYIKWPWYI_HLA-A*24:02,tcr13131,1
vdjdb_full_16664_rs_2_n0_iptm_filtered,QYIKWPWYI_HLA-A*24:02,tcr11495,0
vdjdb_full_15736,VYFLQSINF_HLA-A*24:02,tcr12918,1
vdjdb_full_15736_rs_2_n0_iptm_filtered,VYFLQSINF_HLA-A*24:02,tcr14449,0
vdjdb_full_14883,LLWNGPMAV_HLA-A*02:01,tcr5510,1
vdjdb_full_14883_rs_2_n0_iptm_filtered,LLWNGPMAV_HLA-A*02:01,tcr6716,0
vdjdb_full_17272,YAKWKLCSA_HLA-B*08:01,tcr11398,1
vdjdb_full_17272_rs_2_n0_iptm_filtered,YAKWKLCSA_HLA-B*08:01,tcr15365,0
vdjdb_full_14678,CTELKLSDY_HLA-A*01:01,tcr10139,1
vdjdb_full_14678_rs_2_n0_iptm_filtered,CTELKLSDY_HLA-A*01:01,tcr13392,0
vdjdb_full_45,QAKWRLQTL_HLA-B*08:01,tcr9171,1
vdjdb_full_45_rs_2_n0_iptm_filtered,QAKWRLQTL_HLA-B*08:01,tcr10139,0
vdjdb_full_15810,ALGIGILTV_HLA-A*02:01,tcr1936,1
vdjdb_full_15810_rs_2_n0_iptm_filtered,ALGIGILTV_HLA-A*02:01,tcr1621,0
vdjdb_full_16210,GPRLGVRAT_HLA-B*07:02,tcr2126,1
vdjdb_full_16210_rs_2_n0_iptm_filtered,GPRLGVRAT_HLA-B*07:02,tcr6402,0
vdjdb_full_15513,SLFNTVATLY_HLA-A*02:01,tcr5800,1
vdjdb_full_15513_rs_2_n0_iptm_filtered,SLFNTVATLY_HLA-A*02:01,tcr16652,0
vdjdb_full_8612,NLVPMVATV_HLA-A*02:01,tcr7487,1
vdjdb_full_8612_rs_2_n0_iptm_filtered,NLVPMVATV_HLA-A*02:01,tcr8002,0
vdjdb_full_17712,TLWCSPIKV_HLA-A*02:01,tcr13362,1
vdjdb_full_17712_rs_2_n0_iptm_filtered,TLWCSPIKV_HLA-A*02:01,tcr8785,0
vdjdb_full_15576,FLRGRAYGL_HLA-B*08:01,tcr14373,1
vdjdb_full_15576_rs_2_n0_iptm_filtered,FLRGRAYGL_HLA-B*08:01,tcr16005,0
vdjdb_full_17161,KTWGQYWQV_HLA-A*02:01,tcr5534,1
vdjdb_full_17161_rs_2_n0_iptm_filtered,KTWGQYWQV_HLA-A*02:01,tcr6821,0
vdjdb_full_51,QAKWRLQTL_HLA-B*08:01,tcr11802,1
vdjdb_full_51_rs_2_n0_iptm_filtered,QAKWRLQTL_HLA-B*08:01,tcr4117,0
vdjdb_full_11605,ATDALMTGF_HLA-A*01:01,tcr17402,1
vdjdb_full_11605_rs_2_n0_iptm_filtered,ATDALMTGF_HLA-A*01:01,tcr8527,0
vdjdb_full_14927,LLWNGPMAV_HLA-A*02:01,tcr8931,1
vdjdb_full_14927_rs_2_n0_iptm_filtered,LLWNGPMAV_HLA-A*02:01,tcr9758,0
vdjdb_full_9428,YVLDHLIVV_HLA-A*02:01,tcr6343,1
vdjdb_full_9428_rs_2_n0_iptm_filtered,YVLDHLIVV_HLA-A*02:01,tcr2360,0
vdjdb_full_10887,SPRWYFYYL_HLA-B*07:02,tcr10093,1
vdjdb_full_10887_rs_2_n0_iptm_filtered,SPRWYFYYL_HLA-B*07:02,tcr7448,0
vdjdb_full_8502,NLVPMVATV_HLA-A*02:01,tcr10655,1
vdjdb_full_8502_rs_2_n0_iptm_filtered,NLVPMVATV_HLA-A*02:01,tcr12660,0
vdjdb_full_15590,FLRGRAYGL_HLA-B*08:01,tcr2401,1
vdjdb_full_15590_rs_2_n0_iptm_filtered,FLRGRAYGL_HLA-B*08:01,tcr4188,0
vdjdb_full_16949,NYNYLYRLF_HLA-A*24:02,tcr17440,1
vdjdb_full_16949_rs_2_n0_iptm_filtered,NYNYLYRLF_HLA-A*24:02,tcr4462,0
vdjdb_full_9558,YLQPRTFLL_HLA-A*02:01,tcr12284,1
vdjdb_full_9558_rs_2_n0_iptm_filtered,YLQPRTFLL_HLA-A*02:01,tcr4680,0
vdjdb_full_2073,GLCTLVAML_HLA-A*02:01,tcr14512,1
vdjdb_full_2073_rs_2_n0_iptm_filtered,GLCTLVAML_HLA-A*02:01,tcr9979,0
vdjdb_full_8839,LLAGIGTVPI_HLA-A*02:01,tcr4188,1
vdjdb_full_8839_rs_2_n0_iptm_filtered,LLAGIGTVPI_HLA-A*02:01,tcr11781,0
vdjdb_full_11602,ATDALMTGF_HLA-A*01:01,tcr5359,1
vdjdb_full_11602_rs_2_n0_iptm_filtered,ATDALMTGF_HLA-A*01:01,tcr16841,0
vdjdb_full_12064,ALAGIGILTV_HLA-A*02:01,tcr4156,1
vdjdb_full_12064_rs_2_n0_iptm_filtered,ALAGIGILTV_HLA-A*02:01,tcr2011,0
vdjdb_full_9532,CVNGSCFTV_HLA-A*02:01,tcr2477,1
vdjdb_full_9532_rs_2_n0_iptm_filtered,CVNGSCFTV_HLA-A*02:01,tcr668,0
vdjdb_full_10016,RLRAEAQVK_HLA-A*03:01,tcr10435,1
vdjdb_full_10016_rs_2_n0_iptm_filtered,RLRAEAQVK_HLA-A*03:01,tcr14005,0
vdjdb_full_15888,KSKRTPMGF_HLA-B*57:01,tcr14969,1
vdjdb_full_15888_rs_2_n0_iptm_filtered,KSKRTPMGF_HLA-B*57:01,tcr14580,0
vdjdb_full_15902,KSKRTPMGF_HLA-B*57:01,tcr15521,1
vdjdb_full_15902_rs_2_n0_iptm_filtered,KSKRTPMGF_HLA-B*57:01,tcr5160,0
vdjdb_full_14699,CTELKLSDY_HLA-A*01:01,tcr5570,1
vdjdb_full_14699_rs_2_n0_iptm_filtered,CTELKLSDY_HLA-A*01:01,tcr16690,0
vdjdb_full_15866,KSKRTPMGF_HLA-B*57:01,tcr11798,1
vdjdb_full_15866_rs_2_n0_iptm_filtered,KSKRTPMGF_HLA-B*57:01,tcr8335,0
vdjdb_full_2145,GLCTLVAML_HLA-A*02:01,tcr17536,1
vdjdb_full_2145_rs_2_n0_iptm_filtered,GLCTLVAML_HLA-A*02:01,tcr11415,0
vdjdb_full_11206,TTDPSFLGRY_HLA-A*01:01,tcr8694,1
vdjdb_full_11206_rs_2_n0_iptm_filtered,TTDPSFLGRY_HLA-A*01:01,tcr13131,0
vdjdb_full_15456,CINGVCWTV_HLA-A*02:01,tcr1758,1
vdjdb_full_15456_rs_2_n0_iptm_filtered,CINGVCWTV_HLA-A*02:01,tcr13514,0
vdjdb_full_17354,RPIIRPATL_HLA-B*07:02,tcr12950,1
vdjdb_full_17354_rs_2_n0_iptm_filtered,RPIIRPATL_HLA-B*07:02,tcr3325,0
vdjdb_full_11599,ATDALMTGF_HLA-A*01:01,tcr3615,1
vdjdb_full_11599_rs_2_n0_iptm_filtered,ATDALMTGF_HLA-A*01:01,tcr6638,0
vdjdb_full_9744,YLQPRTFLL_HLA-A*02:01,tcr128,1
vdjdb_full_9744_rs_2_n0_iptm_filtered,YLQPRTFLL_HLA-A*02:01,tcr14565,0
vdjdb_full_17266,YAKWKLCSA_HLA-B*08:01,tcr13928,1
vdjdb_full_17266_rs_2_n0_iptm_filtered,YAKWKLCSA_HLA-B*08:01,tcr1091,0
vdjdb_full_10572,LTDEMIAQY_HLA-A*01:01,tcr856,1
vdjdb_full_10572_rs_2_n0_iptm_filtered,LTDEMIAQY_HLA-A*01:01,tcr3620,0
vdjdb_full_3194,SLLMWITQV_HLA-A*02:01,tcr10770,1
vdjdb_full_3194_rs_2_n0_iptm_filtered,SLLMWITQV_HLA-A*02:01,tcr9520,0
vdjdb_full_11988,ELAGIGILTV_HLA-A*02:01,tcr6309,1
vdjdb_full_11988_rs_2_n0_iptm_filtered,ELAGIGILTV_HLA-A*02:01,tcr11937,0
vdjdb_full_8667,NLVPMVATV_HLA-A*02:01,tcr3398,1
vdjdb_full_8667_rs_2_n0_iptm_filtered,NLVPMVATV_HLA-A*02:01,tcr4777,0
vdjdb_full_17335,RVAGDSGFAAY_HLA-B*15:01,tcr15849,1
vdjdb_full_17335_rs_2_n0_iptm_filtered,RVAGDSGFAAY_HLA-B*15:01,tcr17923,0
vdjdb_full_12059,ALAGIGILTV_HLA-A*02:01,tcr3335,1
vdjdb_full_12059_rs_2_n0_iptm_filtered,ALAGIGILTV_HLA-A*02:01,tcr3230,0
vdjdb_full_15886,KSKRTPMGF_HLA-B*57:01,tcr12707,1
vdjdb_full_15886_rs_2_n0_iptm_filtered,KSKRTPMGF_HLA-B*57:01,tcr3825,0
vdjdb_full_17363,RPIIRPATL_HLA-B*07:02,tcr2772,1
vdjdb_full_17363_rs_2_n0_iptm_filtered,RPIIRPATL_HLA-B*07:02,tcr11883,0
vdjdb_full_15305,CINGVCWTV_HLA-A*02:01,tcr14686,1
vdjdb_full_15305_rs_2_n0_iptm_filtered,CINGVCWTV_HLA-A*02:01,tcr14882,0
vdjdb_full_14995,LLWNGPMAV_HLA-A*02:01,tcr15962,1
vdjdb_full_14995_rs_2_n0_iptm_filtered,LLWNGPMAV_HLA-A*02:01,tcr17345,0
vdjdb_full_2856,SLLMWITQV_HLA-A*02:01,tcr17962,1
vdjdb_full_2856_rs_2_n0_iptm_filtered,SLLMWITQV_HLA-A*02:01,tcr18132,0
vdjdb_full_8908,LLAGIGTVPI_HLA-A*02:01,tcr7292,1
vdjdb_full_8908_rs_2_n0_iptm_filtered,LLAGIGTVPI_HLA-A*02:01,tcr14375,0
vdjdb_full_12142,FTSDYYQLY_HLA-A*01:01,tcr8527,1
vdjdb_full_12142_rs_2_n0_iptm_filtered,FTSDYYQLY_HLA-A*01:01,tcr5925,0
vdjdb_full_11541,ATDALMTGF_HLA-A*01:01,tcr5907,1
vdjdb_full_11541_rs_2_n0_iptm_filtered,ATDALMTGF_HLA-A*01:01,tcr17308,0
vdjdb_full_16410,EAAGIGILTV_HLA-A*02:01,tcr612,1
vdjdb_full_16410_rs_2_n0_iptm_filtered,EAAGIGILTV_HLA-A*02:01,tcr15856,0
vdjdb_full_16707,VAANIVLTV_HLA-A*02:01,tcr1633,1
vdjdb_full_16707_rs_2_n0_iptm_filtered,VAANIVLTV_HLA-A*02:01,tcr6225,0
vdjdb_full_13167,DATYQRTRALVR_HLA-A*68:01,tcr1866,1
vdjdb_full_13167_rs_2_n0_iptm_filtered,DATYQRTRALVR_HLA-A*68:01,tcr7267,0
vdjdb_full_12061,ALAGIGILTV_HLA-A*02:01,tcr7802,1
vdjdb_full_12061_rs_2_n0_iptm_filtered,ALAGIGILTV_HLA-A*02:01,tcr3051,0
vdjdb_full_14524,RVRAYTYSK_HLA-A*03:01,tcr18411,1
vdjdb_full_14524_rs_2_n0_iptm_filtered,RVRAYTYSK_HLA-A*03:01,tcr8341,0
vdjdb_full_13547,LLFGYPVYV_HLA-A*02:01,tcr15904,1
vdjdb_full_13547_rs_2_n0_iptm_filtered,LLFGYPVYV_HLA-A*02:01,tcr12150,0
vdjdb_full_16878,MEVTPSGTWL_HLA-B*40:01,tcr4629,1
vdjdb_full_16878_rs_2_n0_iptm_filtered,MEVTPSGTWL_HLA-B*40:01,tcr15474,0
vdjdb_full_17459,LTSLTILQLY_HLA-A*01:01,tcr15084,1
vdjdb_full_17459_rs_2_n0_iptm_filtered,LTSLTILQLY_HLA-A*01:01,tcr17724,0
vdjdb_full_9565,YLQPRTFLL_HLA-A*02:01,tcr3243,1
vdjdb_full_9565_rs_2_n0_iptm_filtered,YLQPRTFLL_HLA-A*02:01,tcr6470,0
vdjdb_full_10683,SPRWYFYYL_HLA-B*07:02,tcr11965,1
vdjdb_full_10683_rs_2_n0_iptm_filtered,SPRWYFYYL_HLA-B*07:02,tcr9154,0
vdjdb_full_11090,AAGIGILTV_HLA-A*02:01,tcr14954,1
vdjdb_full_11090_rs_2_n0_iptm_filtered,AAGIGILTV_HLA-A*02:01,tcr4609,0
vdjdb_full_15613,FLRGRAYGL_HLA-B*08:01,tcr977,1
vdjdb_full_15613_rs_2_n0_iptm_filtered,FLRGRAYGL_HLA-B*08:01,tcr14565,0
vdjdb_full_12135,FTSDYYQLY_HLA-A*01:01,tcr10526,1
vdjdb_full_12135_rs_2_n0_iptm_filtered,FTSDYYQLY_HLA-A*01:01,tcr5901,0
vdjdb_full_9809,YLQPRTFLL_HLA-A*02:01,tcr12692,1
vdjdb_full_9809_rs_2_n0_iptm_filtered,YLQPRTFLL_HLA-A*02:01,tcr9574,0
vdjdb_full_12054,ALAGIGILTV_HLA-A*02:01,tcr1537,1
vdjdb_full_12054_rs_2_n0_iptm_filtered,ALAGIGILTV_HLA-A*02:01,tcr5363,0
vdjdb_full_290,KLGGALQAK_HLA-A*03:01,tcr15539,1
vdjdb_full_290_rs_2_n0_iptm_filtered,KLGGALQAK_HLA-A*03:01,tcr8619,0
vdjdb_full_15743,VYFLQSINF_HLA-A*24:02,tcr17866,1
vdjdb_full_15743_rs_2_n0_iptm_filtered,VYFLQSINF_HLA-A*24:02,tcr8603,0
vdjdb_full_13779,TPRVTGGGAM_HLA-B*07:02,tcr10777,1
vdjdb_full_13779_rs_2_n0_iptm_filtered,TPRVTGGGAM_HLA-B*07:02,tcr16495,0
vdjdb_full_11546,ATDALMTGF_HLA-A*01:01,tcr14682,1
vdjdb_full_11546_rs_2_n0_iptm_filtered,ATDALMTGF_HLA-A*01:01,tcr9851,0
vdjdb_full_13392,FLYALALLL_HLA-A*02:01,tcr656,1
vdjdb_full_13392_rs_2_n0_iptm_filtered,FLYALALLL_HLA-A*02:01,tcr14825,0
vdjdb_full_15868,KSKRTPMGF_HLA-B*57:01,tcr14190,1
vdjdb_full_15868_rs_2_n0_iptm_filtered,KSKRTPMGF_HLA-B*57:01,tcr3837,0
vdjdb_full_17132,HSNLNDATY_HLA-A*01:01,tcr8324,1
vdjdb_full_17132_rs_2_n0_iptm_filtered,HSNLNDATY_HLA-A*01:01,tcr11957,0
vdjdb_full_15703,FLRGRAYGL_HLA-B*08:01,tcr9646,1
vdjdb_full_15703_rs_2_n0_iptm_filtered,FLRGRAYGL_HLA-B*08:01,tcr6689,0
vdjdb_full_14739,RAQAPPPSW_HLA-B*57:01,tcr10774,1
vdjdb_full_14739_rs_2_n0_iptm_filtered,RAQAPPPSW_HLA-B*57:01,tcr15147,0
vdjdb_full_15581,FLRGRAYGL_HLA-B*08:01,tcr9327,1
vdjdb_full_15581_rs_2_n0_iptm_filtered,FLRGRAYGL_HLA-B*08:01,tcr3080,0
vdjdb_full_14959,LLWNGPMAV_HLA-A*02:01,tcr4884,1
vdjdb_full_14959_rs_2_n0_iptm_filtered,LLWNGPMAV_HLA-A*02:01,tcr7360,0
vdjdb_full_14667,CTELKLSDY_HLA-A*01:01,tcr18323,1
vdjdb_full_14667_rs_2_n0_iptm_filtered,CTELKLSDY_HLA-A*01:01,tcr17472,0
vdjdb_full_14576,RVRAYTYSK_HLA-A*03:01,tcr11711,1
vdjdb_full_14576_rs_2_n0_iptm_filtered,RVRAYTYSK_HLA-A*03:01,tcr8067,0
vdjdb_full_15754,STNVGSNTY_HLA-A*01:01,tcr11013,1
vdjdb_full_15754_rs_2_n0_iptm_filtered,STNVGSNTY_HLA-A*01:01,tcr2683,0
vdjdb_full_6039,AVFDRKSDAK_HLA-A*11:01,tcr6207,1
vdjdb_full_6039_rs_2_n0_iptm_filtered,AVFDRKSDAK_HLA-A*11:01,tcr17911,0
vdjdb_full_15766,RTLNAWVKV_HLA-A*02:01,tcr5635,1
vdjdb_full_15766_rs_2_n0_iptm_filtered,RTLNAWVKV_HLA-A*02:01,tcr8231,0
vdjdb_full_11089,AAGIGILTV_HLA-A*02:01,tcr11553,1
vdjdb_full_11089_rs_2_n0_iptm_filtered,AAGIGILTV_HLA-A*02:01,tcr11723,0
vdjdb_full_15637,FLRGRAYGL_HLA-B*08:01,tcr3895,1
vdjdb_full_15637_rs_2_n0_iptm_filtered,FLRGRAYGL_HLA-B*08:01,tcr14158,0
vdjdb_full_12089,ALAGIGILTV_HLA-A*02:01,tcr12278,1
vdjdb_full_12089_rs_2_n0_iptm_filtered,ALAGIGILTV_HLA-A*02:01,tcr8994,0
vdjdb_full_8410,NLVPMVATV_HLA-A*02:01,tcr13644,1
vdjdb_full_8410_rs_2_n0_iptm_filtered,NLVPMVATV_HLA-A*02:01,tcr4909,0
vdjdb_full_15507,CINGVCWTV_HLA-A*02:01,tcr12616,1
vdjdb_full_15507_rs_2_n0_iptm_filtered,CINGVCWTV_HLA-A*02:01,tcr6194,0
vdjdb_full_16247,GIIYIIYKL_HLA-A*02:01,tcr2695,1
vdjdb_full_16247_rs_2_n0_iptm_filtered,GIIYIIYKL_HLA-A*02:01,tcr1121,0
vdjdb_full_9612,YLQPRTFLL_HLA-A*02:01,tcr15468,1
vdjdb_full_9612_rs_2_n0_iptm_filtered,YLQPRTFLL_HLA-A*02:01,tcr3155,0
vdjdb_full_16474,RPPIFIRRL_HLA-B*07:02,tcr6982,1
vdjdb_full_16474_rs_2_n0_iptm_filtered,RPPIFIRRL_HLA-B*07:02,tcr18338,0
vdjdb_full_10663,LTDEMIAQY_HLA-A*01:01,tcr17724,1
vdjdb_full_10663_rs_2_n0_iptm_filtered,LTDEMIAQY_HLA-A*01:01,tcr7572,0
vdjdb_full_15002,LLWNGPMAV_HLA-A*02:01,tcr11163,1
vdjdb_full_15002_rs_2_n0_iptm_filtered,LLWNGPMAV_HLA-A*02:01,tcr12243,0
vdjdb_full_2096,GLCTLVAML_HLA-A*02:01,tcr2679,1
vdjdb_full_2096_rs_2_n0_iptm_filtered,GLCTLVAML_HLA-A*02:01,tcr17195,0
vdjdb_full_13832,TPRVTGGGAM_HLA-B*07:02,tcr14005,1
vdjdb_full_13832_rs_2_n0_iptm_filtered,TPRVTGGGAM_HLA-B*07:02,tcr17492,0
vdjdb_full_12159,FTSDYYQLY_HLA-A*01:01,tcr3698,1
vdjdb_full_12159_rs_2_n0_iptm_filtered,FTSDYYQLY_HLA-A*01:01,tcr6859,0
vdjdb_full_11553,ATDALMTGF_HLA-A*01:01,tcr5277,1
vdjdb_full_11553_rs_2_n0_iptm_filtered,ATDALMTGF_HLA-A*01:01,tcr14936,0
vdjdb_full_7959,GILGFVFTL_HLA-A*02:01,tcr12457,1
vdjdb_full_7959_rs_2_n0_iptm_filtered,GILGFVFTL_HLA-A*02:01,tcr16605,0
vdjdb_full_9021,LLAGIGTVPI_HLA-A*02:01,tcr6675,1
vdjdb_full_9021_rs_2_n0_iptm_filtered,LLAGIGTVPI_HLA-A*02:01,tcr15365,0
vdjdb_full_13537,LLFGYPVYV_HLA-A*02:01,tcr9998,1
vdjdb_full_13537_rs_2_n0_iptm_filtered,LLFGYPVYV_HLA-A*02:01,tcr16324,0
vdjdb_full_316,KLGGALQAK_HLA-A*03:01,tcr1059,1
vdjdb_full_316_rs_2_n0_iptm_filtered,KLGGALQAK_HLA-A*03:01,tcr3,0
vdjdb_full_10509,LLSLFSLWL_HLA-A*02:01,tcr5688,1
vdjdb_full_10509_rs_2_n0_iptm_filtered,LLSLFSLWL_HLA-A*02:01,tcr5066,0
vdjdb_full_16988,NYNYLYRLF_HLA-A*24:02,tcr9891,1
vdjdb_full_16988_rs_2_n0_iptm_filtered,NYNYLYRLF_HLA-A*24:02,tcr6222,0
vdjdb_full_15327,CINGVCWTV_HLA-A*02:01,tcr3854,1
vdjdb_full_15327_rs_2_n0_iptm_filtered,CINGVCWTV_HLA-A*02:01,tcr164,0
vdjdb_full_13737,TPRVTGGGAM_HLA-B*07:02,tcr6262,1
vdjdb_full_13737_rs_2_n0_iptm_filtered,TPRVTGGGAM_HLA-B*07:02,tcr5307,0
vdjdb_full_16338,VTDAAHLLI_HLA-A*01:01,tcr15575,1
vdjdb_full_16338_rs_2_n0_iptm_filtered,VTDAAHLLI_HLA-A*01:01,tcr3148,0
vdjdb_full_13553,LLFGYPVYV_HLA-A*02:01,tcr2349,1
vdjdb_full_13553_rs_2_n0_iptm_filtered,LLFGYPVYV_HLA-A*02:01,tcr985,0
vdjdb_full_11708,ELAGIGILTV_HLA-A*02:01,tcr8603,1
vdjdb_full_11708_rs_2_n0_iptm_filtered,ELAGIGILTV_HLA-A*02:01,tcr6817,0
vdjdb_full_11224,TTDPSFLGRY_HLA-A*01:01,tcr8643,1
vdjdb_full_11224_rs_2_n0_iptm_filtered,TTDPSFLGRY_HLA-A*01:01,tcr15776,0
vdjdb_full_4165,SLLMWITQV_HLA-A*02:01,tcr13664,1
vdjdb_full_4165_rs_2_n0_iptm_filtered,SLLMWITQV_HLA-A*02:01,tcr9512,0
vdjdb_full_13421,FLYALALLL_HLA-A*02:01,tcr6007,1
vdjdb_full_13421_rs_2_n0_iptm_filtered,FLYALALLL_HLA-A*02:01,tcr3528,0
vdjdb_full_16218,GPRLGVRAT_HLA-B*07:02,tcr11169,1
vdjdb_full_16218_rs_2_n0_iptm_filtered,GPRLGVRAT_HLA-B*07:02,tcr18411,0
vdjdb_full_15539,SLFNTVATLY_HLA-A*02:01,tcr5741,1
vdjdb_full_15539_rs_2_n0_iptm_filtered,SLFNTVATLY_HLA-A*02:01,tcr10945,0
vdjdb_full_15971,KSKRTPMGF_HLA-B*57:01,tcr207,1
vdjdb_full_15971_rs_2_n0_iptm_filtered,KSKRTPMGF_HLA-B*57:01,tcr6852,0
vdjdb_full_13816,TPRVTGGGAM_HLA-B*07:02,tcr16005,1
vdjdb_full_13816_rs_2_n0_iptm_filtered,TPRVTGGGAM_HLA-B*07:02,tcr15539,0
vdjdb_full_17662,ALWALPHAA_HLA-A*02:01,tcr16890,1
vdjdb_full_17662_rs_2_n0_iptm_filtered,ALWALPHAA_HLA-A*02:01,tcr14748,0
vdjdb_full_8768,LLAGIGTVPI_HLA-A*02:01,tcr9886,1
vdjdb_full_8768_rs_2_n0_iptm_filtered,LLAGIGTVPI_HLA-A*02:01,tcr2679,0
vdjdb_full_13948,RVRAYTYSK_HLA-A*03:01,tcr10878,1
vdjdb_full_13948_rs_2_n0_iptm_filtered,RVRAYTYSK_HLA-A*03:01,tcr9812,0
vdjdb_full_8653,NLVPMVATV_HLA-A*02:01,tcr611,1
vdjdb_full_8653_rs_2_n0_iptm_filtered,NLVPMVATV_HLA-A*02:01,tcr6194,0
vdjdb_full_10891,SPRWYFYYL_HLA-B*07:02,tcr11495,1
vdjdb_full_10891_rs_2_n0_iptm_filtered,SPRWYFYYL_HLA-B*07:02,tcr16297,0
vdjdb_full_4338,SLLMWITQV_HLA-A*02:01,tcr5936,1
vdjdb_full_4338_rs_2_n0_iptm_filtered,SLLMWITQV_HLA-A*02:01,tcr4133,0
vdjdb_full_8631,NLVPMVATV_HLA-A*02:01,tcr14936,1
vdjdb_full_8631_rs_2_n0_iptm_filtered,NLVPMVATV_HLA-A*02:01,tcr10636,0
vdjdb_full_13496,FLYALALLL_HLA-A*02:01,tcr17472,1
vdjdb_full_13496_rs_2_n0_iptm_filtered,FLYALALLL_HLA-A*02:01,tcr14352,0
vdjdb_full_17406,RGPGRAFVTI_HLA-A*02:01,tcr10676,1
vdjdb_full_17406_rs_2_n0_iptm_filtered,RGPGRAFVTI_HLA-A*02:01,tcr1959,0
vdjdb_full_18165,QELIRQGTDY_HLA-B*44:02,tcr15704,1
vdjdb_full_18165_rs_2_n0_iptm_filtered,QELIRQGTDY_HLA-B*44:02,tcr16549,0
vdjdb_full_9633,YLQPRTFLL_HLA-A*02:01,tcr12860,1
vdjdb_full_9633_rs_2_n0_iptm_filtered,YLQPRTFLL_HLA-A*02:01,tcr6073,0
vdjdb_full_10511,LLSLFSLWL_HLA-A*02:01,tcr9651,1
vdjdb_full_10511_rs_2_n0_iptm_filtered,LLSLFSLWL_HLA-A*02:01,tcr13044,0
vdjdb_full_14758,RAQAPPPSW_HLA-B*57:01,tcr14774,1
vdjdb_full_14758_rs_2_n0_iptm_filtered,RAQAPPPSW_HLA-B*57:01,tcr6402,0
vdjdb_full_8173,GILGFVFTL_HLA-A*02:01,tcr16742,1
vdjdb_full_8173_rs_2_n0_iptm_filtered,GILGFVFTL_HLA-A*02:01,tcr14052,0
vdjdb_full_13619,KTFPPTEPK_HLA-A*03:01,tcr6402,1
vdjdb_full_13619_rs_2_n0_iptm_filtered,KTFPPTEPK_HLA-A*03:01,tcr5235,0
vdjdb_full_2578,GLCTLVAML_HLA-A*02:01,tcr15578,1
vdjdb_full_2578_rs_2_n0_iptm_filtered,GLCTLVAML_HLA-A*02:01,tcr13377,0
vdjdb_full_15748,STNVGSNTY_HLA-A*01:01,tcr11952,1
vdjdb_full_15748_rs_2_n0_iptm_filtered,STNVGSNTY_HLA-A*01:01,tcr15544,0
vdjdb_full_15688,FLRGRAYGL_HLA-B*08:01,tcr5935,1
vdjdb_full_15688_rs_2_n0_iptm_filtered,FLRGRAYGL_HLA-B*08:01,tcr5551,0
vdjdb_full_16795,RLPGVLPRA_HLA-A*02:01,tcr12962,1
vdjdb_full_16795_rs_2_n0_iptm_filtered,RLPGVLPRA_HLA-A*02:01,tcr2850,0
vdjdb_full_15941,KSKRTPMGF_HLA-B*57:01,tcr6095,1
vdjdb_full_15941_rs_2_n0_iptm_filtered,KSKRTPMGF_HLA-B*57:01,tcr2828,0
vdjdb_full_16376,PTDNYITTY_HLA-A*01:01,tcr8980,1
vdjdb_full_16376_rs_2_n0_iptm_filtered,PTDNYITTY_HLA-A*01:01,tcr15582,0
vdjdb_full_11644,ELAGIGILTV_HLA-A*02:01,tcr179,1
vdjdb_full_11644_rs_2_n0_iptm_filtered,ELAGIGILTV_HLA-A*02:01,tcr10650,0
vdjdb_full_16307,RPIIRPATL_HLA-B*08:01,tcr7277,1
vdjdb_full_16307_rs_2_n0_iptm_filtered,RPIIRPATL_HLA-B*08:01,tcr2747,0
vdjdb_full_14932,LLWNGPMAV_HLA-A*02:01,tcr5115,1
vdjdb_full_14932_rs_2_n0_iptm_filtered,LLWNGPMAV_HLA-A*02:01,tcr13158,0
vdjdb_full_12052,ALAGIGILTV_HLA-A*02:01,tcr2222,1
vdjdb_full_12052_rs_2_n0_iptm_filtered,ALAGIGILTV_HLA-A*02:01,tcr2891,0
vdjdb_full_15635,FLRGRAYGL_HLA-B*08:01,tcr13206,1
vdjdb_full_15635_rs_2_n0_iptm_filtered,FLRGRAYGL_HLA-B*08:01,tcr14348,0
vdjdb_full_8711,LLAGIGTVPI_HLA-A*02:01,tcr10942,1
vdjdb_full_8711_rs_2_n0_iptm_filtered,LLAGIGTVPI_HLA-A*02:01,tcr1909,0
vdjdb_full_10505,LLSLFSLWL_HLA-A*02:01,tcr4385,1
vdjdb_full_10505_rs_2_n0_iptm_filtered,LLSLFSLWL_HLA-A*02:01,tcr10840,0
vdjdb_full_10971,SPRWYFYYL_HLA-B*07:02,tcr12480,1
vdjdb_full_10971_rs_2_n0_iptm_filtered,SPRWYFYYL_HLA-B*07:02,tcr2378,0
vdjdb_full_13342,CLGGLLTMV_HLA-A*02:01,tcr13936,1
vdjdb_full_13342_rs_2_n0_iptm_filtered,CLGGLLTMV_HLA-A*02:01,tcr9001,0
vdjdb_full_9559,YLQPRTFLL_HLA-A*02:01,tcr13976,1
vdjdb_full_9559_rs_2_n0_iptm_filtered,YLQPRTFLL_HLA-A*02:01,tcr5751,0
vdjdb_full_17257,YAKWKLCSA_HLA-B*08:01,tcr5828,1
vdjdb_full_17257_rs_2_n0_iptm_filtered,YAKWKLCSA_HLA-B*08:01,tcr15991,0
vdjdb_full_13754,TPRVTGGGAM_HLA-B*07:02,tcr16823,1
vdjdb_full_13754_rs_2_n0_iptm_filtered,TPRVTGGGAM_HLA-B*07:02,tcr17928,0
vdjdb_full_12037,ALAGIGILTV_HLA-A*02:01,tcr11133,1
vdjdb_full_12037_rs_2_n0_iptm_filtered,ALAGIGILTV_HLA-A*02:01,tcr9627,0
vdjdb_full_11716,ELAGIGILTV_HLA-A*02:01,tcr5985,1
vdjdb_full_11716_rs_2_n0_iptm_filtered,ELAGIGILTV_HLA-A*02:01,tcr1242,0
vdjdb_full_13391,FLYALALLL_HLA-A*02:01,tcr13424,1
vdjdb_full_13391_rs_2_n0_iptm_filtered,FLYALALLL_HLA-A*02:01,tcr17089,0
vdjdb_full_13268,CLGGLLTMV_HLA-A*02:01,tcr2360,1
vdjdb_full_13268_rs_2_n0_iptm_filtered,CLGGLLTMV_HLA-A*02:01,tcr10926,0
vdjdb_full_9013,LLAGIGTVPI_HLA-A*02:01,tcr11258,1
vdjdb_full_9013_rs_2_n0_iptm_filtered,LLAGIGTVPI_HLA-A*02:01,tcr6194,0
vdjdb_full_15885,KSKRTPMGF_HLA-B*57:01,tcr8483,1
vdjdb_full_15885_rs_2_n0_iptm_filtered,KSKRTPMGF_HLA-B*57:01,tcr4958,0
vdjdb_full_17136,HSNLNDATY_HLA-A*01:01,tcr15362,1
vdjdb_full_17136_rs_2_n0_iptm_filtered,HSNLNDATY_HLA-A*01:01,tcr284,0
vdjdb_full_14977,LLWNGPMAV_HLA-A*02:01,tcr17089,1
vdjdb_full_14977_rs_2_n0_iptm_filtered,LLWNGPMAV_HLA-A*02:01,tcr8945,0
vdjdb_full_6804,GILGFVFTL_HLA-A*02:01,tcr9954,1
vdjdb_full_6804_rs_2_n0_iptm_filtered,GILGFVFTL_HLA-A*02:01,tcr3389,0
vdjdb_full_18154,MLDLQPETT_HLA-A*02:01,tcr164,1
vdjdb_full_18154_rs_2_n0_iptm_filtered,MLDLQPETT_HLA-A*02:01,tcr7671,0
vdjdb_full_13577,KTFPPTEPK_HLA-A*03:01,tcr3868,1
vdjdb_full_13577_rs_2_n0_iptm_filtered,KTFPPTEPK_HLA-A*03:01,tcr3267,0
vdjdb_full_10204,RLRAEAQVK_HLA-A*03:01,tcr7092,1
vdjdb_full_10204_rs_2_n0_iptm_filtered,RLRAEAQVK_HLA-A*03:01,tcr2327,0
vdjdb_full_16403,EAAGIGILTV_HLA-A*02:01,tcr4979,1
vdjdb_full_16403_rs_2_n0_iptm_filtered,EAAGIGILTV_HLA-A*02:01,tcr6195,0
vdjdb_full_15583,FLRGRAYGL_HLA-B*08:01,tcr8300,1
vdjdb_full_15583_rs_2_n0_iptm_filtered,FLRGRAYGL_HLA-B*08:01,tcr5537,0
vdjdb_full_10651,LTDEMIAQY_HLA-A*01:01,tcr15800,1
vdjdb_full_10651_rs_2_n0_iptm_filtered,LTDEMIAQY_HLA-A*01:01,tcr13304,0
vdjdb_full_14642,CTELKLSDY_HLA-A*01:01,tcr2380,1
vdjdb_full_14642_rs_2_n0_iptm_filtered,CTELKLSDY_HLA-A*01:01,tcr6469,0
vdjdb_full_12085,ALAGIGILTV_HLA-A*02:01,tcr2641,1
vdjdb_full_12085_rs_2_n0_iptm_filtered,ALAGIGILTV_HLA-A*02:01,tcr5235,0
vdjdb_full_16704,VAANIVLTV_HLA-A*02:01,tcr6824,1
vdjdb_full_16704_rs_2_n0_iptm_filtered,VAANIVLTV_HLA-A*02:01,tcr10669,0
vdjdb_full_15945,KSKRTPMGF_HLA-B*57:01,tcr14500,1
vdjdb_full_15945_rs_2_n0_iptm_filtered,KSKRTPMGF_HLA-B*57:01,tcr14954,0
vdjdb_full_6377,GILGFVFTL_HLA-A*02:01,tcr333,1
vdjdb_full_6377_rs_2_n0_iptm_filtered,GILGFVFTL_HLA-A*02:01,tcr10843,0
vdjdb_full_16374,PTDNYITTY_HLA-A*01:01,tcr9074,1
vdjdb_full_16374_rs_2_n0_iptm_filtered,PTDNYITTY_HLA-A*01:01,tcr9401,0
vdjdb_full_16693,VAANIVLTV_HLA-A*02:01,tcr9933,1
vdjdb_full_16693_rs_2_n0_iptm_filtered,VAANIVLTV_HLA-A*02:01,tcr4117,0
vdjdb_full_11957,ELAGIGILTV_HLA-A*02:01,tcr8108,1
vdjdb_full_11957_rs_2_n0_iptm_filtered,ELAGIGILTV_HLA-A*02:01,tcr3034,0
vdjdb_full_15445,CINGVCWTV_HLA-A*02:01,tcr1915,1
vdjdb_full_15445_rs_2_n0_iptm_filtered,CINGVCWTV_HLA-A*02:01,tcr7890,0
vdjdb_full_15905,KSKRTPMGF_HLA-B*57:01,tcr1504,1
vdjdb_full_15905_rs_2_n0_iptm_filtered,KSKRTPMGF_HLA-B*57:01,tcr17033,0
vdjdb_full_17131,HSNLNDATY_HLA-A*01:01,tcr17333,1
vdjdb_full_17131_rs_2_n0_iptm_filtered,HSNLNDATY_HLA-A*01:01,tcr16271,0
vdjdb_full_16004,KLVALGINAV_HLA-A*02:01,tcr3265,1
vdjdb_full_16004_rs_2_n0_iptm_filtered,KLVALGINAV_HLA-A*02:01,tcr15991,0
vdjdb_full_14908,LLWNGPMAV_HLA-A*02:01,tcr4940,1
vdjdb_full_14908_rs_2_n0_iptm_filtered,LLWNGPMAV_HLA-A*02:01,tcr1125,0
vdjdb_full_10,QAKWRLQTL_HLA-B*08:01,tcr2493,1
vdjdb_full_10_rs_2_n0_iptm_filtered,QAKWRLQTL_HLA-B*08:01,tcr3269,0
vdjdb_full_15573,FLRGRAYGL_HLA-B*08:01,tcr4062,1
vdjdb_full_15573_rs_2_n0_iptm_filtered,FLRGRAYGL_HLA-B*08:01,tcr3698,0
vdjdb_full_2370,GLCTLVAML_HLA-A*02:01,tcr15582,1
vdjdb_full_2370_rs_2_n0_iptm_filtered,GLCTLVAML_HLA-A*02:01,tcr7554,0
vdjdb_full_16555,RLGPVQNEV_HLA-A*02:01,tcr12810,1
vdjdb_full_16555_rs_2_n0_iptm_filtered,RLGPVQNEV_HLA-A*02:01,tcr12611,0
vdjdb_full_14968,LLWNGPMAV_HLA-A*02:01,tcr12276,1
vdjdb_full_14968_rs_2_n0_iptm_filtered,LLWNGPMAV_HLA-A*02:01,tcr5828,0
vdjdb_full_10742,SPRWYFYYL_HLA-B*07:02,tcr5307,1
vdjdb_full_10742_rs_2_n0_iptm_filtered,SPRWYFYYL_HLA-B*07:02,tcr13666,0
vdjdb_full_11116,TTDPSFLGRY_HLA-A*01:01,tcr16860,1
vdjdb_full_11116_rs_2_n0_iptm_filtered,TTDPSFLGRY_HLA-A*01:01,tcr9437,0
vdjdb_full_10978,SPRWYFYYL_HLA-B*07:02,tcr9786,1
vdjdb_full_10978_rs_2_n0_iptm_filtered,SPRWYFYYL_HLA-B*07:02,tcr11937,0
vdjdb_full_12026,ELAGIGILTV_HLA-A*02:01,tcr702,1
vdjdb_full_12026_rs_2_n0_iptm_filtered,ELAGIGILTV_HLA-A*02:01,tcr6875,0
vdjdb_full_15622,FLRGRAYGL_HLA-B*08:01,tcr14623,1
vdjdb_full_15622_rs_2_n0_iptm_filtered,FLRGRAYGL_HLA-B*08:01,tcr10588,0
vdjdb_full_9833,YLQPRTFLL_HLA-A*02:01,tcr8844,1
vdjdb_full_9833_rs_2_n0_iptm_filtered,YLQPRTFLL_HLA-A*02:01,tcr17750,0
vdjdb_full_13360,RMFPNAPYL_HLA-A*02:01,tcr10972,1
vdjdb_full_13360_rs_2_n0_iptm_filtered,RMFPNAPYL_HLA-A*02:01,tcr12387,0
vdjdb_full_14643,CTELKLSDY_HLA-A*01:01,tcr15499,1
vdjdb_full_14643_rs_2_n0_iptm_filtered,CTELKLSDY_HLA-A*01:01,tcr958,0
vdjdb_full_4230,SLLMWITQV_HLA-A*02:01,tcr4370,1
vdjdb_full_4230_rs_2_n0_iptm_filtered,SLLMWITQV_HLA-A*02:01,tcr2482,0
vdjdb_full_13361,RMFPNAPYL_HLA-A*02:01,tcr16152,1
vdjdb_full_13361_rs_2_n0_iptm_filtered,RMFPNAPYL_HLA-A*02:01,tcr17581,0
vdjdb_full_16648,QYIKWPWYI_HLA-A*24:02,tcr5342,1
vdjdb_full_16648_rs_2_n0_iptm_filtered,QYIKWPWYI_HLA-A*24:02,tcr11059,0
vdjdb_full_17356,RPIIRPATL_HLA-B*07:02,tcr14674,1
vdjdb_full_17356_rs_2_n0_iptm_filtered,RPIIRPATL_HLA-B*07:02,tcr4629,0
vdjdb_full_12100,ALAGIGILTV_HLA-A*02:01,tcr6134,1
vdjdb_full_12100_rs_2_n0_iptm_filtered,ALAGIGILTV_HLA-A*02:01,tcr17909,0
vdjdb_full_16700,VAANIVLTV_HLA-A*02:01,tcr3156,1
vdjdb_full_16700_rs_2_n0_iptm_filtered,VAANIVLTV_HLA-A*02:01,tcr5907,0
vdjdb_full_14737,RAQAPPPSW_HLA-B*57:01,tcr2,1
vdjdb_full_14737_rs_2_n0_iptm_filtered,RAQAPPPSW_HLA-B*57:01,tcr12348,0
vdjdb_full_2565,GLCTLVAML_HLA-A*02:01,tcr6156,1
vdjdb_full_2565_rs_2_n0_iptm_filtered,GLCTLVAML_HLA-A*02:01,tcr16629,0
vdjdb_full_17325,RVAGDSGFAAY_HLA-B*15:01,tcr6667,1
vdjdb_full_17325_rs_2_n0_iptm_filtered,RVAGDSGFAAY_HLA-B*15:01,tcr10033,0
vdjdb_full_10828,SPRWYFYYL_HLA-B*07:02,tcr6194,1
vdjdb_full_10828_rs_2_n0_iptm_filtered,SPRWYFYYL_HLA-B*07:02,tcr4385,0
vdjdb_full_16694,VAANIVLTV_HLA-A*02:01,tcr13392,1
vdjdb_full_16694_rs_2_n0_iptm_filtered,VAANIVLTV_HLA-A*02:01,tcr1537,0
vdjdb_full_15514,SLFNTVATLY_HLA-A*02:01,tcr12227,1
vdjdb_full_15514_rs_2_n0_iptm_filtered,SLFNTVATLY_HLA-A*02:01,tcr5115,0
vdjdb_full_10637,LTDEMIAQY_HLA-A*01:01,tcr6879,1
vdjdb_full_10637_rs_2_n0_iptm_filtered,LTDEMIAQY_HLA-A*01:01,tcr15479,0
vdjdb_full_16504,RPPIFIRRL_HLA-B*07:02,tcr7537,1
vdjdb_full_16504_rs_2_n0_iptm_filtered,RPPIFIRRL_HLA-B*07:02,tcr7637,0
vdjdb_full_13413,FLYALALLL_HLA-A*02:01,tcr16130,1
vdjdb_full_13413_rs_2_n0_iptm_filtered,FLYALALLL_HLA-A*02:01,tcr2891,0
vdjdb_full_17680,ALWALPHAA_HLA-A*02:01,tcr8646,1
vdjdb_full_17680_rs_2_n0_iptm_filtered,ALWALPHAA_HLA-A*02:01,tcr13517,0
vdjdb_full_10536,HPNGYKSLSTL_HLA-B*07:02,tcr6001,1
vdjdb_full_10536_rs_2_n0_iptm_filtered,HPNGYKSLSTL_HLA-B*07:02,tcr11802,0
vdjdb_full_15047,LLWNGPMAV_HLA-A*02:01,tcr2140,1
vdjdb_full_15047_rs_2_n0_iptm_filtered,LLWNGPMAV_HLA-A*02:01,tcr1790,0
vdjdb_full_17041,LLYDANYFL_HLA-A*02:01,tcr8562,1
vdjdb_full_17041_rs_2_n0_iptm_filtered,LLYDANYFL_HLA-A*02:01,tcr4156,0
vdjdb_full_15382,CINGVCWTV_HLA-A*02:01,tcr7217,1
vdjdb_full_15382_rs_2_n0_iptm_filtered,CINGVCWTV_HLA-A*02:01,tcr4062,0
vdjdb_full_15630,FLRGRAYGL_HLA-B*08:01,tcr8326,1
vdjdb_full_15630_rs_2_n0_iptm_filtered,FLRGRAYGL_HLA-B*08:01,tcr12502,0
vdjdb_full_13551,LLFGYPVYV_HLA-A*02:01,tcr11268,1
vdjdb_full_13551_rs_2_n0_iptm_filtered,LLFGYPVYV_HLA-A*02:01,tcr5493,0
vdjdb_full_13345,CLGGLLTMV_HLA-A*02:01,tcr13517,1
vdjdb_full_13345_rs_2_n0_iptm_filtered,CLGGLLTMV_HLA-A*02:01,tcr5936,0
vdjdb_full_4082,SLLMWITQV_HLA-A*02:01,tcr13898,1
vdjdb_full_4082_rs_2_n0_iptm_filtered,SLLMWITQV_HLA-A*02:01,tcr7532,0
vdjdb_full_15998,KLVALGINAV_HLA-A*02:01,tcr6637,1
vdjdb_full_15998_rs_2_n0_iptm_filtered,KLVALGINAV_HLA-A*02:01,tcr8603,0
vdjdb_full_8731,LLAGIGTVPI_HLA-A*02:01,tcr4609,1
vdjdb_full_8731_rs_2_n0_iptm_filtered,LLAGIGTVPI_HLA-A*02:01,tcr15147,0
vdjdb_full_8504,NLVPMVATV_HLA-A*02:01,tcr12243,1
vdjdb_full_8504_rs_2_n0_iptm_filtered,NLVPMVATV_HLA-A*02:01,tcr4850,0
vdjdb_full_14934,LLWNGPMAV_HLA-A*02:01,tcr10287,1
vdjdb_full_14934_rs_2_n0_iptm_filtered,LLWNGPMAV_HLA-A*02:01,tcr9001,0
vdjdb_full_13536,LLFGYPVYV_HLA-A*02:01,tcr5820,1
vdjdb_full_13536_rs_2_n0_iptm_filtered,LLFGYPVYV_HLA-A*02:01,tcr14141,0
vdjdb_full_14992,LLWNGPMAV_HLA-A*02:01,tcr7410,1
vdjdb_full_14992_rs_2_n0_iptm_filtered,LLWNGPMAV_HLA-A*02:01,tcr1298,0
vdjdb_full_5799,AVFDRKSDAK_HLA-A*11:01,tcr1689,1
vdjdb_full_5799_rs_2_n0_iptm_filtered,AVFDRKSDAK_HLA-A*11:01,tcr3698,0
vdjdb_full_10564,LTDEMIAQY_HLA-A*01:01,tcr5112,1
vdjdb_full_10564_rs_2_n0_iptm_filtered,LTDEMIAQY_HLA-A*01:01,tcr1530,0
vdjdb_full_15398,CINGVCWTV_HLA-A*02:01,tcr5137,1
vdjdb_full_15398_rs_2_n0_iptm_filtered,CINGVCWTV_HLA-A*02:01,tcr11415,0
vdjdb_full_14701,CTELKLSDY_HLA-A*01:01,tcr11012,1
vdjdb_full_14701_rs_2_n0_iptm_filtered,CTELKLSDY_HLA-A*01:01,tcr5612,0
vdjdb_full_15649,FLRGRAYGL_HLA-B*08:01,tcr17332,1
vdjdb_full_15649_rs_2_n0_iptm_filtered,FLRGRAYGL_HLA-B*08:01,tcr2378,0
vdjdb_full_9925,YLQPRTFLL_HLA-A*02:01,tcr1503,1
vdjdb_full_9925_rs_2_n0_iptm_filtered,YLQPRTFLL_HLA-A*02:01,tcr2477,0
vdjdb_full_17172,KTWGQYWQV_HLA-A*02:01,tcr8880,1
vdjdb_full_17172_rs_2_n0_iptm_filtered,KTWGQYWQV_HLA-A*02:01,tcr6667,0
vdjdb_full_14661,CTELKLSDY_HLA-A*01:01,tcr15058,1
vdjdb_full_14661_rs_2_n0_iptm_filtered,CTELKLSDY_HLA-A*01:01,tcr17595,0
vdjdb_full_3116,SLLMWITQV_HLA-A*02:01,tcr4961,1
vdjdb_full_3116_rs_2_n0_iptm_filtered,SLLMWITQV_HLA-A*02:01,tcr5152,0
vdjdb_full_10590,LTDEMIAQY_HLA-A*01:01,tcr1116,1
vdjdb_full_10590_rs_2_n0_iptm_filtered,LTDEMIAQY_HLA-A*01:01,tcr14960,0
vdjdb_full_15213,RPHERNGFTVL_HLA-B*07:02,tcr1528,1
vdjdb_full_15213_rs_2_n0_iptm_filtered,RPHERNGFTVL_HLA-B*07:02,tcr4653,0
vdjdb_full_12049,ALAGIGILTV_HLA-A*02:01,tcr7314,1
vdjdb_full_12049_rs_2_n0_iptm_filtered,ALAGIGILTV_HLA-A*02:01,tcr8840,0
vdjdb_full_8787,LLAGIGTVPI_HLA-A*02:01,tcr15415,1
vdjdb_full_8787_rs_2_n0_iptm_filtered,LLAGIGTVPI_HLA-A*02:01,tcr7671,0
vdjdb_full_13773,TPRVTGGGAM_HLA-B*07:02,tcr18197,1
vdjdb_full_13773_rs_2_n0_iptm_filtered,TPRVTGGGAM_HLA-B*07:02,tcr9546,0
vdjdb_full_11321,TTDPSFLGRY_HLA-A*01:01,tcr16168,1
vdjdb_full_11321_rs_2_n0_iptm_filtered,TTDPSFLGRY_HLA-A*01:01,tcr6852,0
vdjdb_full_6952,GILGFVFTL_HLA-A*02:01,tcr15152,1
vdjdb_full_6952_rs_2_n0_iptm_filtered,GILGFVFTL_HLA-A*02:01,tcr14454,0
vdjdb_full_15836,KLWAQCVQL_HLA-A*02:01,tcr1031,1
vdjdb_full_15836_rs_2_n0_iptm_filtered,KLWAQCVQL_HLA-A*02:01,tcr5152,0
vdjdb_full_9533,CVNGSCFTV_HLA-A*02:01,tcr10855,1
vdjdb_full_9533_rs_2_n0_iptm_filtered,CVNGSCFTV_HLA-A*02:01,tcr247,0
vdjdb_full_16773,RLPGVLPRA_HLA-A*02:01,tcr1563,1
vdjdb_full_16773_rs_2_n0_iptm_filtered,RLPGVLPRA_HLA-A*02:01,tcr284,0
vdjdb_full_14671,CTELKLSDY_HLA-A*01:01,tcr2599,1
vdjdb_full_14671_rs_2_n0_iptm_filtered,CTELKLSDY_HLA-A*01:01,tcr612,0
vdjdb_full_13567,KTFPPTEPK_HLA-A*03:01,tcr15656,1
vdjdb_full_13567_rs_2_n0_iptm_filtered,KTFPPTEPK_HLA-A*03:01,tcr2042,0
vdjdb_full_17533,RLWGTWVKA_HLA-A*02:01,tcr13937,1
vdjdb_full_17533_rs_2_n0_iptm_filtered,RLWGTWVKA_HLA-A*02:01,tcr10322,0
vdjdb_full_10500,LLSLFSLWL_HLA-A*02:01,tcr15524,1
vdjdb_full_10500_rs_2_n0_iptm_filtered,LLSLFSLWL_HLA-A*02:01,tcr15323,0
vdjdb_full_15117,NQKLIANQF_HLA-B*15:01,tcr17893,1
vdjdb_full_15117_rs_2_n0_iptm_filtered,NQKLIANQF_HLA-B*15:01,tcr8945,0
vdjdb_full_4536,SLLMWITQV_HLA-A*02:01,tcr6464,1
vdjdb_full_4536_rs_2_n0_iptm_filtered,SLLMWITQV_HLA-A*02:01,tcr5565,0
vdjdb_full_11519,ATDALMTGF_HLA-A*01:01,tcr7448,1
vdjdb_full_11519_rs_2_n0_iptm_filtered,ATDALMTGF_HLA-A*01:01,tcr4132,0
vdjdb_full_16191,GPRLGVRAT_HLA-B*07:02,tcr10,1
vdjdb_full_16191_rs_2_n0_iptm_filtered,GPRLGVRAT_HLA-B*07:02,tcr12498,0
vdjdb_full_10117,RLRAEAQVK_HLA-A*03:01,tcr12660,1
vdjdb_full_10117_rs_2_n0_iptm_filtered,RLRAEAQVK_HLA-A*03:01,tcr7201,0
vdjdb_full_12154,FTSDYYQLY_HLA-A*01:01,tcr8571,1
vdjdb_full_12154_rs_2_n0_iptm_filtered,FTSDYYQLY_HLA-A*01:01,tcr17206,0
vdjdb_full_16067,KLVAMGINAV_HLA-A*02:01,tcr9261,1
vdjdb_full_16067_rs_2_n0_iptm_filtered,KLVAMGINAV_HLA-A*02:01,tcr2119,0
vdjdb_full_10618,LTDEMIAQY_HLA-A*01:01,tcr13004,1
vdjdb_full_10618_rs_2_n0_iptm_filtered,LTDEMIAQY_HLA-A*01:01,tcr17040,0
vdjdb_full_9962,YLQPRTFLL_HLA-A*02:01,tcr15980,1
vdjdb_full_9962_rs_2_n0_iptm_filtered,YLQPRTFLL_HLA-A*02:01,tcr9812,0
vdjdb_full_12095,ALAGIGILTV_HLA-A*02:01,tcr7587,1
vdjdb_full_12095_rs_2_n0_iptm_filtered,ALAGIGILTV_HLA-A*02:01,tcr16432,0
vdjdb_full_12259,IVTDFSVIK_HLA-A*11:01,tcr11937,1
vdjdb_full_12259_rs_2_n0_iptm_filtered,IVTDFSVIK_HLA-A*11:01,tcr5025,0
vdjdb_full_15536,SLFNTVATLY_HLA-A*02:01,tcr3007,1
vdjdb_full_15536_rs_2_n0_iptm_filtered,SLFNTVATLY_HLA-A*02:01,tcr9851,0
vdjdb_full_16019,KLVALGINAV_HLA-A*02:01,tcr558,1
vdjdb_full_16019_rs_2_n0_iptm_filtered,KLVALGINAV_HLA-A*02:01,tcr5936,0
vdjdb_full_13483,FLYALALLL_HLA-A*02:01,tcr14385,1
vdjdb_full_13483_rs_2_n0_iptm_filtered,FLYALALLL_HLA-A*02:01,tcr2752,0
vdjdb_full_15285,CINGVCWTV_HLA-A*02:01,tcr17487,1
vdjdb_full_15285_rs_2_n0_iptm_filtered,CINGVCWTV_HLA-A*02:01,tcr18110,0
vdjdb_full_15842,KLWAQCVQL_HLA-A*02:01,tcr11354,1
vdjdb_full_15842_rs_2_n0_iptm_filtered,KLWAQCVQL_HLA-A*02:01,tcr1736,0
vdjdb_full_16690,VAANIVLTV_HLA-A*02:01,tcr4679,1
vdjdb_full_16690_rs_2_n0_iptm_filtered,VAANIVLTV_HLA-A*02:01,tcr13180,0
vdjdb_full_13610,KTFPPTEPK_HLA-A*03:01,tcr14882,1
vdjdb_full_13610_rs_2_n0_iptm_filtered,KTFPPTEPK_HLA-A*03:01,tcr2363,0
vdjdb_full_12443,IVTDFSVIK_HLA-A*11:01,tcr10636,1
vdjdb_full_12443_rs_2_n0_iptm_filtered,IVTDFSVIK_HLA-A*11:01,tcr6464,0
vdjdb_full_223,KLGGALQAK_HLA-A*03:01,tcr4133,1
vdjdb_full_223_rs_2_n0_iptm_filtered,KLGGALQAK_HLA-A*03:01,tcr5439,0
vdjdb_full_16904,RTATKAYNV_HLA-A*02:01,tcr3,1
vdjdb_full_16904_rs_2_n0_iptm_filtered,RTATKAYNV_HLA-A*02:01,tcr579,0
vdjdb_full_15923,KSKRTPMGF_HLA-B*57:01,tcr15444,1
vdjdb_full_15923_rs_2_n0_iptm_filtered,KSKRTPMGF_HLA-B*57:01,tcr10515,0
vdjdb_full_13,QAKWRLQTL_HLA-B*08:01,tcr14915,1
vdjdb_full_13_rs_2_n0_iptm_filtered,QAKWRLQTL_HLA-B*08:01,tcr3238,0
vdjdb_full_7341,GILGFVFTL_HLA-A*02:01,tcr11954,1
vdjdb_full_7341_rs_2_n0_iptm_filtered,GILGFVFTL_HLA-A*02:01,tcr8903,0
vdjdb_full_11616,ATDALMTGF_HLA-A*01:01,tcr3460,1
vdjdb_full_11616_rs_2_n0_iptm_filtered,ATDALMTGF_HLA-A*01:01,tcr14675,0
vdjdb_full_16856,MEVTPSGTWL_HLA-B*40:01,tcr11059,1
vdjdb_full_16856_rs_2_n0_iptm_filtered,MEVTPSGTWL_HLA-B*40:01,tcr15665,0
vdjdb_full_17717,TLWCSPIKV_HLA-A*02:01,tcr7225,1
vdjdb_full_17717_rs_2_n0_iptm_filtered,TLWCSPIKV_HLA-A*02:01,tcr17560,0
vdjdb_full_15799,RTLNAWVKV_HLA-A*02:01,tcr13319,1
vdjdb_full_15799_rs_2_n0_iptm_filtered,RTLNAWVKV_HLA-A*02:01,tcr2679,0
vdjdb_full_8514,NLVPMVATV_HLA-A*02:01,tcr3116,1
vdjdb_full_8514_rs_2_n0_iptm_filtered,NLVPMVATV_HLA-A*02:01,tcr2635,0
vdjdb_full_12060,ALAGIGILTV_HLA-A*02:01,tcr11342,1
vdjdb_full_12060_rs_2_n0_iptm_filtered,ALAGIGILTV_HLA-A*02:01,tcr16009,0
vdjdb_full_15909,KSKRTPMGF_HLA-B*57:01,tcr10324,1
vdjdb_full_15909_rs_2_n0_iptm_filtered,KSKRTPMGF_HLA-B*57:01,tcr2732,0
vdjdb_full_17045,LLYDANYFL_HLA-A*02:01,tcr8803,1
vdjdb_full_17045_rs_2_n0_iptm_filtered,LLYDANYFL_HLA-A*02:01,tcr3243,0
vdjdb_full_13467,FLYALALLL_HLA-A*02:01,tcr8299,1
vdjdb_full_13467_rs_2_n0_iptm_filtered,FLYALALLL_HLA-A*02:01,tcr7395,0
vdjdb_full_2992,SLLMWITQV_HLA-A*02:01,tcr7076,1
vdjdb_full_2992_rs_2_n0_iptm_filtered,SLLMWITQV_HLA-A*02:01,tcr10158,0
vdjdb_full_14766,RAQAPPPSW_HLA-B*57:01,tcr1548,1
vdjdb_full_14766_rs_2_n0_iptm_filtered,RAQAPPPSW_HLA-B*57:01,tcr15323,0
vdjdb_full_11596,ATDALMTGF_HLA-A*01:01,tcr14513,1
vdjdb_full_11596_rs_2_n0_iptm_filtered,ATDALMTGF_HLA-A*01:01,tcr12233,0
vdjdb_full_10896,SPRWYFYYL_HLA-B*07:02,tcr3975,1
vdjdb_full_10896_rs_2_n0_iptm_filtered,SPRWYFYYL_HLA-B*07:02,tcr6791,0
vdjdb_full_16501,RPPIFIRRL_HLA-B*07:02,tcr12478,1
vdjdb_full_16501_rs_2_n0_iptm_filtered,RPPIFIRRL_HLA-B*07:02,tcr10232,0
vdjdb_full_12122,YLQQNWWTL_HLA-A*02:01,tcr2987,1
vdjdb_full_12122_rs_2_n0_iptm_filtered,YLQQNWWTL_HLA-A*02:01,tcr4313,0
vdjdb_full_14857,LLWNGPMAV_HLA-A*02:01,tcr4777,1
vdjdb_full_14857_rs_2_n0_iptm_filtered,LLWNGPMAV_HLA-A*02:01,tcr10328,0
vdjdb_full_13258,HPVGEADYFEY_HLA-B*35:01,tcr4418,1
vdjdb_full_13258_rs_2_n0_iptm_filtered,HPVGEADYFEY_HLA-B*35:01,tcr3012,0
vdjdb_full_15484,CINGVCWTV_HLA-A*02:01,tcr14478,1
vdjdb_full_15484_rs_2_n0_iptm_filtered,CINGVCWTV_HLA-A*02:01,tcr10335,0
vdjdb_full_9173,LLAGIGTVPI_HLA-A*02:01,tcr14775,1
vdjdb_full_9173_rs_2_n0_iptm_filtered,LLAGIGTVPI_HLA-A*02:01,tcr14304,0
vdjdb_full_16382,PTDNYITTY_HLA-A*01:01,tcr15489,1
vdjdb_full_16382_rs_2_n0_iptm_filtered,PTDNYITTY_HLA-A*01:01,tcr17769,0
vdjdb_full_12096,ALAGIGILTV_HLA-A*02:01,tcr8966,1
vdjdb_full_12096_rs_2_n0_iptm_filtered,ALAGIGILTV_HLA-A*02:01,tcr14874,0
vdjdb_full_13749,TPRVTGGGAM_HLA-B*07:02,tcr8659,1
vdjdb_full_13749_rs_2_n0_iptm_filtered,TPRVTGGGAM_HLA-B*07:02,tcr14776,0
vdjdb_full_11803,ELAGIGILTV_HLA-A*02:01,tcr5821,1
vdjdb_full_11803_rs_2_n0_iptm_filtered,ELAGIGILTV_HLA-A*02:01,tcr6823,0
vdjdb_full_12073,ALAGIGILTV_HLA-A*02:01,tcr9931,1
vdjdb_full_12073_rs_2_n0_iptm_filtered,ALAGIGILTV_HLA-A*02:01,tcr1505,0
vdjdb_full_11702,ELAGIGILTV_HLA-A*02:01,tcr15380,1
vdjdb_full_11702_rs_2_n0_iptm_filtered,ELAGIGILTV_HLA-A*02:01,tcr17402,0
vdjdb_full_11573,ATDALMTGF_HLA-A*01:01,tcr3324,1
vdjdb_full_11573_rs_2_n0_iptm_filtered,ATDALMTGF_HLA-A*01:01,tcr9580,0
vdjdb_full_14834,LLWNGPMAV_HLA-A*02:01,tcr10525,1
vdjdb_full_14834_rs_2_n0_iptm_filtered,LLWNGPMAV_HLA-A*02:01,tcr18340,0
vdjdb_full_16277,RPIIRPATL_HLA-B*08:01,tcr6491,1
vdjdb_full_16277_rs_2_n0_iptm_filtered,RPIIRPATL_HLA-B*08:01,tcr5687,0
vdjdb_full_9567,YLQPRTFLL_HLA-A*02:01,tcr10795,1
vdjdb_full_9567_rs_2_n0_iptm_filtered,YLQPRTFLL_HLA-A*02:01,tcr5152,0
vdjdb_full_9607,YLQPRTFLL_HLA-A*02:01,tcr8187,1
vdjdb_full_9607_rs_2_n0_iptm_filtered,YLQPRTFLL_HLA-A*02:01,tcr11970,0
vdjdb_full_12041,ALAGIGILTV_HLA-A*02:01,tcr8960,1
vdjdb_full_12041_rs_2_n0_iptm_filtered,ALAGIGILTV_HLA-A*02:01,tcr207,0
vdjdb_full_15677,FLRGRAYGL_HLA-B*08:01,tcr10682,1
vdjdb_full_15677_rs_2_n0_iptm_filtered,FLRGRAYGL_HLA-B*08:01,tcr17045,0
vdjdb_full_12068,ALAGIGILTV_HLA-A*02:01,tcr11883,1
vdjdb_full_12068_rs_2_n0_iptm_filtered,ALAGIGILTV_HLA-A*02:01,tcr13308,0
vdjdb_full_17127,HSNLNDATY_HLA-A*01:01,tcr12611,1
vdjdb_full_17127_rs_2_n0_iptm_filtered,HSNLNDATY_HLA-A*01:01,tcr15521,0
vdjdb_full_17129,HSNLNDATY_HLA-A*01:01,tcr4726,1
vdjdb_full_17129_rs_2_n0_iptm_filtered,HSNLNDATY_HLA-A*01:01,tcr7219,0
vdjdb_full_8722,LLAGIGTVPI_HLA-A*02:01,tcr3825,1
vdjdb_full_8722_rs_2_n0_iptm_filtered,LLAGIGTVPI_HLA-A*02:01,tcr12342,0
vdjdb_full_14744,RAQAPPPSW_HLA-B*57:01,tcr12093,1
vdjdb_full_14744_rs_2_n0_iptm_filtered,RAQAPPPSW_HLA-B*57:01,tcr8993,0
vdjdb_full_10665,LTDEMIAQY_HLA-A*01:01,tcr9812,1
vdjdb_full_10665_rs_2_n0_iptm_filtered,LTDEMIAQY_HLA-A*01:01,tcr8960,0
vdjdb_full_11559,ATDALMTGF_HLA-A*01:01,tcr11990,1
vdjdb_full_11559_rs_2_n0_iptm_filtered,ATDALMTGF_HLA-A*01:01,tcr9170,0
vdjdb_full_11914,ELAGIGILTV_HLA-A*02:01,tcr1298,1
vdjdb_full_11914_rs_2_n0_iptm_filtered,ELAGIGILTV_HLA-A*02:01,tcr2,0
vdjdb_full_14088,RVRAYTYSK_HLA-A*03:01,tcr16025,1
vdjdb_full_14088_rs_2_n0_iptm_filtered,RVRAYTYSK_HLA-A*03:01,tcr105,0
vdjdb_full_17493,RLITGRLQSL_HLA-A*02:01,tcr5266,1
vdjdb_full_17493_rs_2_n0_iptm_filtered,RLITGRLQSL_HLA-A*02:01,tcr6262,0
vdjdb_full_11794,ELAGIGILTV_HLA-A*02:01,tcr12107,1
vdjdb_full_11794_rs_2_n0_iptm_filtered,ELAGIGILTV_HLA-A*02:01,tcr5160,0
vdjdb_full_12130,FTSDYYQLY_HLA-A*01:01,tcr453,1
vdjdb_full_12130_rs_2_n0_iptm_filtered,FTSDYYQLY_HLA-A*01:01,tcr5510,0
vdjdb_full_11631,ELAGIGILTV_HLA-A*02:01,tcr1530,1
vdjdb_full_11631_rs_2_n0_iptm_filtered,ELAGIGILTV_HLA-A*02:01,tcr17125,0
vdjdb_full_11426,TTDPSFLGRY_HLA-A*01:01,tcr4653,1
vdjdb_full_11426_rs_2_n0_iptm_filtered,TTDPSFLGRY_HLA-A*01:01,tcr4629,0
vdjdb_full_7298,GILGFVFTL_HLA-A*02:01,tcr17345,1
vdjdb_full_7298_rs_2_n0_iptm_filtered,GILGFVFTL_HLA-A*02:01,tcr1973,0
vdjdb_full_10542,HPNGYKSLSTL_HLA-B*07:02,tcr9181,1
vdjdb_full_10542_rs_2_n0_iptm_filtered,HPNGYKSLSTL_HLA-B*07:02,tcr8822,0
vdjdb_full_3181,SLLMWITQV_HLA-A*02:01,tcr7890,1
vdjdb_full_3181_rs_2_n0_iptm_filtered,SLLMWITQV_HLA-A*02:01,tcr4378,0
vdjdb_full_11165,TTDPSFLGRY_HLA-A*01:01,tcr12387,1
vdjdb_full_11165_rs_2_n0_iptm_filtered,TTDPSFLGRY_HLA-A*01:01,tcr1633,0
vdjdb_full_18153,MLDLQPETT_HLA-A*02:01,tcr149,1
vdjdb_full_18153_rs_2_n0_iptm_filtered,MLDLQPETT_HLA-A*02:01,tcr1242,0
vdjdb_full_14745,RAQAPPPSW_HLA-B*57:01,tcr8090,1
vdjdb_full_14745_rs_2_n0_iptm_filtered,RAQAPPPSW_HLA-B*57:01,tcr9763,0
vdjdb_full_17398,RGPGRAFVTI_HLA-A*02:01,tcr496,1
vdjdb_full_17398_rs_2_n0_iptm_filtered,RGPGRAFVTI_HLA-A*02:01,tcr6692,0
vdjdb_full_11013,SPRWYFYYL_HLA-B*07:02,tcr1403,1
vdjdb_full_11013_rs_2_n0_iptm_filtered,SPRWYFYYL_HLA-B*07:02,tcr15323,0
vdjdb_full_15776,RTLNAWVKV_HLA-A*02:01,tcr6455,1
vdjdb_full_15776_rs_2_n0_iptm_filtered,RTLNAWVKV_HLA-A*02:01,tcr15552,0
vdjdb_full_2474,GLCTLVAML_HLA-A*02:01,tcr11817,1
vdjdb_full_2474_rs_2_n0_iptm_filtered,GLCTLVAML_HLA-A*02:01,tcr14580,0
vdjdb_full_14718,RPRGEVRFL_HLA-B*07:02,tcr6875,1
vdjdb_full_14718_rs_2_n0_iptm_filtered,RPRGEVRFL_HLA-B*07:02,tcr10636,0
vdjdb_full_14957,LLWNGPMAV_HLA-A*02:01,tcr14375,1
vdjdb_full_14957_rs_2_n0_iptm_filtered,LLWNGPMAV_HLA-A*02:01,tcr10331,0
vdjdb_full_14631,CTELKLSDY_HLA-A*01:01,tcr11546,1
vdjdb_full_14631_rs_2_n0_iptm_filtered,CTELKLSDY_HLA-A*01:01,tcr8994,0
vdjdb_full_11427,TTDPSFLGRY_HLA-A*01:01,tcr17674,1
vdjdb_full_11427_rs_2_n0_iptm_filtered,TTDPSFLGRY_HLA-A*01:01,tcr15521,0
vdjdb_full_11608,ATDALMTGF_HLA-A*01:01,tcr13700,1
vdjdb_full_11608_rs_2_n0_iptm_filtered,ATDALMTGF_HLA-A*01:01,tcr12581,0
vdjdb_full_15477,CINGVCWTV_HLA-A*02:01,tcr3155,1
vdjdb_full_15477_rs_2_n0_iptm_filtered,CINGVCWTV_HLA-A*02:01,tcr14265,0
vdjdb_full_16736,YLLEMLWRL_HLA-A*02:01,tcr1736,1
vdjdb_full_16736_rs_2_n0_iptm_filtered,YLLEMLWRL_HLA-A*02:01,tcr8960,0
vdjdb_full_11785,ELAGIGILTV_HLA-A*02:01,tcr10016,1
vdjdb_full_11785_rs_2_n0_iptm_filtered,ELAGIGILTV_HLA-A*02:01,tcr11930,0
vdjdb_full_8561,NLVPMVATV_HLA-A*02:01,tcr10328,1
vdjdb_full_8561_rs_2_n0_iptm_filtered,NLVPMVATV_HLA-A*02:01,tcr6638,0
vdjdb_full_11885,ELAGIGILTV_HLA-A*02:01,tcr6559,1
vdjdb_full_11885_rs_2_n0_iptm_filtered,ELAGIGILTV_HLA-A*02:01,tcr13930,0
vdjdb_full_17531,RLWGTWVKA_HLA-A*02:01,tcr16669,1
vdjdb_full_17531_rs_2_n0_iptm_filtered,RLWGTWVKA_HLA-A*02:01,tcr7194,0
vdjdb_full_14684,CTELKLSDY_HLA-A*01:01,tcr17908,1
vdjdb_full_14684_rs_2_n0_iptm_filtered,CTELKLSDY_HLA-A*01:01,tcr5961,0
vdjdb_full_15890,KSKRTPMGF_HLA-B*57:01,tcr2436,1
vdjdb_full_15890_rs_2_n0_iptm_filtered,KSKRTPMGF_HLA-B*57:01,tcr10,0
vdjdb_full_12119,YLQQNWWTL_HLA-A*02:01,tcr249,1
vdjdb_full_12119_rs_2_n0_iptm_filtered,YLQQNWWTL_HLA-A*02:01,tcr15232,0
vdjdb_full_15059,TSQWLTNIF_HLA-A*24:02,tcr10926,1
vdjdb_full_15059_rs_2_n0_iptm_filtered,TSQWLTNIF_HLA-A*24:02,tcr397,0
vdjdb_full_17372,RPIIRPATL_HLA-B*07:02,tcr3970,1
vdjdb_full_17372_rs_2_n0_iptm_filtered,RPIIRPATL_HLA-B*07:02,tcr14528,0
vdjdb_full_7062,GILGFVFTL_HLA-A*02:01,tcr12985,1
vdjdb_full_7062_rs_2_n0_iptm_filtered,GILGFVFTL_HLA-A*02:01,tcr14664,0
vdjdb_full_11137,TTDPSFLGRY_HLA-A*01:01,tcr13308,1
vdjdb_full_11137_rs_2_n0_iptm_filtered,TTDPSFLGRY_HLA-A*01:01,tcr3840,0
vdjdb_full_14921,LLWNGPMAV_HLA-A*02:01,tcr3172,1
vdjdb_full_14921_rs_2_n0_iptm_filtered,LLWNGPMAV_HLA-A*02:01,tcr9359,0
vdjdb_full_12132,FTSDYYQLY_HLA-A*01:01,tcr1824,1
vdjdb_full_12132_rs_2_n0_iptm_filtered,FTSDYYQLY_HLA-A*01:01,tcr18155,0
vdjdb_full_15901,KSKRTPMGF_HLA-B*57:01,tcr17519,1
vdjdb_full_15901_rs_2_n0_iptm_filtered,KSKRTPMGF_HLA-B*57:01,tcr10435,0
vdjdb_full_4456,SLLMWITQV_HLA-A*02:01,tcr12787,1
vdjdb_full_4456_rs_2_n0_iptm_filtered,SLLMWITQV_HLA-A*02:01,tcr3080,0
vdjdb_full_12000,ELAGIGILTV_HLA-A*02:01,tcr949,1
vdjdb_full_12000_rs_2_n0_iptm_filtered,ELAGIGILTV_HLA-A*02:01,tcr5277,0
vdjdb_full_10677,LTDEMIAQY_HLA-A*01:01,tcr14632,1
vdjdb_full_10677_rs_2_n0_iptm_filtered,LTDEMIAQY_HLA-A*01:01,tcr5631,0
vdjdb_full_10518,HPNGYKSLSTL_HLA-B*07:02,tcr8998,1
vdjdb_full_10518_rs_2_n0_iptm_filtered,HPNGYKSLSTL_HLA-B*07:02,tcr7937,0
vdjdb_full_11591,ATDALMTGF_HLA-A*01:01,tcr14754,1
vdjdb_full_11591_rs_2_n0_iptm_filtered,ATDALMTGF_HLA-A*01:01,tcr10335,0
vdjdb_full_17300,KLSALGINAV_HLA-A*02:01,tcr15169,1
vdjdb_full_17300_rs_2_n0_iptm_filtered,KLSALGINAV_HLA-A*02:01,tcr453,0
vdjdb_full_10497,LLSLFSLWL_HLA-A*02:01,tcr13498,1
vdjdb_full_10497_rs_2_n0_iptm_filtered,LLSLFSLWL_HLA-A*02:01,tcr15315,0
vdjdb_full_16912,RTATKAYNV_HLA-A*02:01,tcr7799,1
vdjdb_full_16912_rs_2_n0_iptm_filtered,RTATKAYNV_HLA-A*02:01,tcr1121,0
vdjdb_full_16412,EAAGIGILTV_HLA-A*02:01,tcr15677,1
vdjdb_full_16412_rs_2_n0_iptm_filtered,EAAGIGILTV_HLA-A*02:01,tcr13304,0
vdjdb_full_15493,CINGVCWTV_HLA-A*02:01,tcr7734,1
vdjdb_full_15493_rs_2_n0_iptm_filtered,CINGVCWTV_HLA-A*02:01,tcr13308,0
vdjdb_full_7030,GILGFVFTL_HLA-A*02:01,tcr5459,1
vdjdb_full_7030_rs_2_n0_iptm_filtered,GILGFVFTL_HLA-A*02:01,tcr7537,0
vdjdb_full_17046,LLYDANYFL_HLA-A*02:01,tcr417,1
vdjdb_full_17046_rs_2_n0_iptm_filtered,LLYDANYFL_HLA-A*02:01,tcr13471,0
vdjdb_full_17024,LLYDANYFL_HLA-A*02:01,tcr4271,1
vdjdb_full_17024_rs_2_n0_iptm_filtered,LLYDANYFL_HLA-A*02:01,tcr11347,0
vdjdb_full_4004,SLLMWITQV_HLA-A*02:01,tcr9527,1
vdjdb_full_4004_rs_2_n0_iptm_filtered,SLLMWITQV_HLA-A*02:01,tcr16813,0
vdjdb_full_11094,TTDPSFLGRY_HLA-A*01:01,tcr4965,1
vdjdb_full_11094_rs_2_n0_iptm_filtered,TTDPSFLGRY_HLA-A*01:01,tcr11258,0
vdjdb_full_12070,ALAGIGILTV_HLA-A*02:01,tcr7671,1
vdjdb_full_12070_rs_2_n0_iptm_filtered,ALAGIGILTV_HLA-A*02:01,tcr10435,0
vdjdb_full_11323,TTDPSFLGRY_HLA-A*01:01,tcr9512,1
vdjdb_full_11323_rs_2_n0_iptm_filtered,TTDPSFLGRY_HLA-A*01:01,tcr11744,0
vdjdb_full_16200,GPRLGVRAT_HLA-B*07:02,tcr3715,1
vdjdb_full_16200_rs_2_n0_iptm_filtered,GPRLGVRAT_HLA-B*07:02,tcr6053,0
vdjdb_full_8501,NLVPMVATV_HLA-A*02:01,tcr12070,1
vdjdb_full_8501_rs_2_n0_iptm_filtered,NLVPMVATV_HLA-A*02:01,tcr397,0
vdjdb_full_11878,ELAGIGILTV_HLA-A*02:01,tcr764,1
vdjdb_full_11878_rs_2_n0_iptm_filtered,ELAGIGILTV_HLA-A*02:01,tcr9872,0
vdjdb_full_15632,FLRGRAYGL_HLA-B*08:01,tcr2725,1
vdjdb_full_15632_rs_2_n0_iptm_filtered,FLRGRAYGL_HLA-B*08:01,tcr12536,0
vdjdb_full_17211,VVTGVLVYL_HLA-A*02:01,tcr15323,1
vdjdb_full_17211_rs_2_n0_iptm_filtered,VVTGVLVYL_HLA-A*02:01,tcr5776,0
vdjdb_full_16705,VAANIVLTV_HLA-A*02:01,tcr17592,1
vdjdb_full_16705_rs_2_n0_iptm_filtered,VAANIVLTV_HLA-A*02:01,tcr8844,0
vdjdb_full_11029,SPRWYFYYL_HLA-B*07:02,tcr13292,1
vdjdb_full_11029_rs_2_n0_iptm_filtered,SPRWYFYYL_HLA-B*07:02,tcr16274,0
vdjdb_full_14841,LLWNGPMAV_HLA-A*02:01,tcr8144,1
vdjdb_full_14841_rs_2_n0_iptm_filtered,LLWNGPMAV_HLA-A*02:01,tcr8840,0
vdjdb_full_9174,LLAGIGTVPI_HLA-A*02:01,tcr7377,1
vdjdb_full_9174_rs_2_n0_iptm_filtered,LLAGIGTVPI_HLA-A*02:01,tcr7225,0
vdjdb_full_11629,ELAGIGILTV_HLA-A*02:01,tcr16274,1
vdjdb_full_11629_rs_2_n0_iptm_filtered,ELAGIGILTV_HLA-A*02:01,tcr13392,0
vdjdb_full_9445,YVLDHLIVV_HLA-A*02:01,tcr18110,1
vdjdb_full_9445_rs_2_n0_iptm_filtered,YVLDHLIVV_HLA-A*02:01,tcr6676,0
vdjdb_full_15962,KSKRTPMGF_HLA-B*57:01,tcr4978,1
vdjdb_full_15962_rs_2_n0_iptm_filtered,KSKRTPMGF_HLA-B*57:01,tcr8395,0
vdjdb_full_8427,NLVPMVATV_HLA-A*02:01,tcr10661,1
vdjdb_full_8427_rs_2_n0_iptm_filtered,NLVPMVATV_HLA-A*02:01,tcr6689,0
vdjdb_full_9454,YVLDHLIVV_HLA-A*02:01,tcr2890,1
vdjdb_full_9454_rs_2_n0_iptm_filtered,YVLDHLIVV_HLA-A*02:01,tcr11883,0
vdjdb_full_14769,RAQAPPPSW_HLA-B*57:01,tcr6852,1
vdjdb_full_14769_rs_2_n0_iptm_filtered,RAQAPPPSW_HLA-B*57:01,tcr10331,0
vdjdb_full_8935,LLAGIGTVPI_HLA-A*02:01,tcr12346,1
vdjdb_full_8935_rs_2_n0_iptm_filtered,LLAGIGTVPI_HLA-A*02:01,tcr16936,0
vdjdb_full_16758,YLLEMLWRL_HLA-A*02:01,tcr14393,1
vdjdb_full_16758_rs_2_n0_iptm_filtered,YLLEMLWRL_HLA-A*02:01,tcr10289,0
vdjdb_full_13667,KTFPPTEPK_HLA-A*03:01,tcr2723,1
vdjdb_full_13667_rs_2_n0_iptm_filtered,KTFPPTEPK_HLA-A*03:01,tcr16689,0
vdjdb_full_16211,GPRLGVRAT_HLA-B*07:02,tcr17551,1
vdjdb_full_16211_rs_2_n0_iptm_filtered,GPRLGVRAT_HLA-B*07:02,tcr13503,0
vdjdb_full_15039,LLWNGPMAV_HLA-A*02:01,tcr3597,1
vdjdb_full_15039_rs_2_n0_iptm_filtered,LLWNGPMAV_HLA-A*02:01,tcr11864,0
vdjdb_full_8745,LLAGIGTVPI_HLA-A*02:01,tcr5938,1
vdjdb_full_8745_rs_2_n0_iptm_filtered,LLAGIGTVPI_HLA-A*02:01,tcr11711,0
vdjdb_full_11879,ELAGIGILTV_HLA-A*02:01,tcr7116,1
vdjdb_full_11879_rs_2_n0_iptm_filtered,ELAGIGILTV_HLA-A*02:01,tcr15656,0
vdjdb_full_18201,GQAQGIGSSVY_HLA-B*15:01,tcr5414,1
vdjdb_full_18201_rs_2_n0_iptm_filtered,GQAQGIGSSVY_HLA-B*15:01,tcr3998,0
vdjdb_full_2434,GLCTLVAML_HLA-A*02:01,tcr12076,1
vdjdb_full_2434_rs_2_n0_iptm_filtered,GLCTLVAML_HLA-A*02:01,tcr6552,0
vdjdb_full_14687,CTELKLSDY_HLA-A*01:01,tcr4924,1
vdjdb_full_14687_rs_2_n0_iptm_filtered,CTELKLSDY_HLA-A*01:01,tcr8187,0
vdjdb_full_6145,AVFDRKSDAK_HLA-A*11:01,tcr5314,1
vdjdb_full_6145_rs_2_n0_iptm_filtered,AVFDRKSDAK_HLA-A*11:01,tcr6410,0
vdjdb_full_12116,YLQQNWWTL_HLA-A*02:01,tcr3051,1
vdjdb_full_12116_rs_2_n0_iptm_filtered,YLQQNWWTL_HLA-A*02:01,tcr454,0
vdjdb_full_12065,ALAGIGILTV_HLA-A*02:01,tcr7293,1
vdjdb_full_12065_rs_2_n0_iptm_filtered,ALAGIGILTV_HLA-A*02:01,tcr9515,0
vdjdb_full_11991,ELAGIGILTV_HLA-A*02:01,tcr1523,1
vdjdb_full_11991_rs_2_n0_iptm_filtered,ELAGIGILTV_HLA-A*02:01,tcr13474,0
vdjdb_full_16973,NYNYLYRLF_HLA-A*24:02,tcr14138,1
vdjdb_full_16973_rs_2_n0_iptm_filtered,NYNYLYRLF_HLA-A*24:02,tcr3809,0
vdjdb_full_11357,TTDPSFLGRY_HLA-A*01:01,tcr3932,1
vdjdb_full_11357_rs_2_n0_iptm_filtered,TTDPSFLGRY_HLA-A*01:01,tcr17536,0
vdjdb_full_13441,FLYALALLL_HLA-A*02:01,tcr16427,1
vdjdb_full_13441_rs_2_n0_iptm_filtered,FLYALALLL_HLA-A*02:01,tcr9038,0
vdjdb_full_16394,EAAGIGILTV_HLA-A*02:01,tcr11415,1
vdjdb_full_16394_rs_2_n0_iptm_filtered,EAAGIGILTV_HLA-A*02:01,tcr9574,0
vdjdb_full_16625,QYIKWPWYI_HLA-A*24:02,tcr12892,1
vdjdb_full_16625_rs_2_n0_iptm_filtered,QYIKWPWYI_HLA-A*24:02,tcr1091,0
vdjdb_full_17216,VVTGVLVYL_HLA-A*02:01,tcr5839,1
vdjdb_full_17216_rs_2_n0_iptm_filtered,VVTGVLVYL_HLA-A*02:01,tcr7274,0
vdjdb_full_16236,GIIYIIYKL_HLA-A*02:01,tcr15147,1
vdjdb_full_16236_rs_2_n0_iptm_filtered,GIIYIIYKL_HLA-A*02:01,tcr3868,0
vdjdb_full_17527,RLWGTWVKA_HLA-A*02:01,tcr852,1
vdjdb_full_17527_rs_2_n0_iptm_filtered,RLWGTWVKA_HLA-A*02:01,tcr3975,0
vdjdb_full_8090,GILGFVFTL_HLA-A*02:01,tcr7699,1
vdjdb_full_8090_rs_2_n0_iptm_filtered,GILGFVFTL_HLA-A*02:01,tcr10580,0
vdjdb_full_4469,SLLMWITQV_HLA-A*02:01,tcr386,1
vdjdb_full_4469_rs_2_n0_iptm_filtered,SLLMWITQV_HLA-A*02:01,tcr5771,0
vdjdb_full_15787,RTLNAWVKV_HLA-A*02:01,tcr2011,1
vdjdb_full_15787_rs_2_n0_iptm_filtered,RTLNAWVKV_HLA-A*02:01,tcr8569,0
vdjdb_full_15645,FLRGRAYGL_HLA-B*08:01,tcr14011,1
vdjdb_full_15645_rs_2_n0_iptm_filtered,FLRGRAYGL_HLA-B*08:01,tcr17893,0
vdjdb_full_15373,CINGVCWTV_HLA-A*02:01,tcr4958,1
vdjdb_full_15373_rs_2_n0_iptm_filtered,CINGVCWTV_HLA-A*02:01,tcr8659,0
vdjdb_full_11590,ATDALMTGF_HLA-A*01:01,tcr7159,1
vdjdb_full_11590_rs_2_n0_iptm_filtered,ATDALMTGF_HLA-A*01:01,tcr619,0
vdjdb_full_13822,TPRVTGGGAM_HLA-B*07:02,tcr17372,1
vdjdb_full_13822_rs_2_n0_iptm_filtered,TPRVTGGGAM_HLA-B*07:02,tcr7554,0
vdjdb_full_3059,SLLMWITQV_HLA-A*02:01,tcr5135,1
vdjdb_full_3059_rs_2_n0_iptm_filtered,SLLMWITQV_HLA-A*02:01,tcr4233,0
vdjdb_full_2152,GLCTLVAML_HLA-A*02:01,tcr16432,1
vdjdb_full_2152_rs_2_n0_iptm_filtered,GLCTLVAML_HLA-A*02:01,tcr12346,0
vdjdb_full_17404,RGPGRAFVTI_HLA-A*02:01,tcr4176,1
vdjdb_full_17404_rs_2_n0_iptm_filtered,RGPGRAFVTI_HLA-A*02:01,tcr5137,0
vdjdb_full_16217,GPRLGVRAT_HLA-B*07:02,tcr2114,1
vdjdb_full_16217_rs_2_n0_iptm_filtered,GPRLGVRAT_HLA-B*07:02,tcr11342,0
vdjdb_full_12043,ALAGIGILTV_HLA-A*02:01,tcr11313,1
vdjdb_full_12043_rs_2_n0_iptm_filtered,ALAGIGILTV_HLA-A*02:01,tcr17402,0
vdjdb_full_15577,FLRGRAYGL_HLA-B*08:01,tcr17328,1
vdjdb_full_15577_rs_2_n0_iptm_filtered,FLRGRAYGL_HLA-B*08:01,tcr13029,0
vdjdb_full_16650,QYIKWPWYI_HLA-A*24:02,tcr4903,1
vdjdb_full_16650_rs_2_n0_iptm_filtered,QYIKWPWYI_HLA-A*24:02,tcr14376,0
vdjdb_full_15253,FLSINVHKV_HLA-A*02:01,tcr2083,1
vdjdb_full_15253_rs_2_n0_iptm_filtered,FLSINVHKV_HLA-A*02:01,tcr9004,0
vdjdb_full_11877,ELAGIGILTV_HLA-A*02:01,tcr6821,1
vdjdb_full_11877_rs_2_n0_iptm_filtered,ELAGIGILTV_HLA-A*02:01,tcr8122,0
vdjdb_full_12091,ALAGIGILTV_HLA-A*02:01,tcr9334,1
vdjdb_full_12091_rs_2_n0_iptm_filtered,ALAGIGILTV_HLA-A*02:01,tcr2832,0
vdjdb_full_14960,LLWNGPMAV_HLA-A*02:01,tcr14675,1
vdjdb_full_14960_rs_2_n0_iptm_filtered,LLWNGPMAV_HLA-A*02:01,tcr11012,0
vdjdb_full_1129,KLGGALQAK_HLA-A*03:01,tcr3738,1
vdjdb_full_1129_rs_2_n0_iptm_filtered,KLGGALQAK_HLA-A*03:01,tcr6879,0
vdjdb_full_12079,ALAGIGILTV_HLA-A*02:01,tcr15665,1
vdjdb_full_12079_rs_2_n0_iptm_filtered,ALAGIGILTV_HLA-A*02:01,tcr5423,0
vdjdb_full_16519,RPPIFIRRL_HLA-B*07:02,tcr3218,1
vdjdb_full_16519_rs_2_n0_iptm_filtered,RPPIFIRRL_HLA-B*07:02,tcr15699,0
vdjdb_full_4164,SLLMWITQV_HLA-A*02:01,tcr3947,1
vdjdb_full_4164_rs_2_n0_iptm_filtered,SLLMWITQV_HLA-A*02:01,tcr2360,0
vdjdb_full_15683,FLRGRAYGL_HLA-B*08:01,tcr8873,1
vdjdb_full_15683_rs_2_n0_iptm_filtered,FLRGRAYGL_HLA-B*08:01,tcr12049,0
vdjdb_full_15443,CINGVCWTV_HLA-A*02:01,tcr3657,1
vdjdb_full_15443_rs_2_n0_iptm_filtered,CINGVCWTV_HLA-A*02:01,tcr15474,0
vdjdb_full_11525,ATDALMTGF_HLA-A*01:01,tcr15581,1
vdjdb_full_11525_rs_2_n0_iptm_filtered,ATDALMTGF_HLA-A*01:01,tcr8301,0
vdjdb_full_1744,KLGGALQAK_HLA-A*03:01,tcr9547,1
vdjdb_full_1744_rs_2_n0_iptm_filtered,KLGGALQAK_HLA-A*03:01,tcr15699,0
vdjdb_full_15922,KSKRTPMGF_HLA-B*57:01,tcr16835,1
vdjdb_full_15922_rs_2_n0_iptm_filtered,KSKRTPMGF_HLA-B*57:01,tcr2433,0
vdjdb_full_17032,LLYDANYFL_HLA-A*02:01,tcr8231,1
vdjdb_full_17032_rs_2_n0_iptm_filtered,LLYDANYFL_HLA-A*02:01,tcr16061,0
vdjdb_full_11387,TTDPSFLGRY_HLA-A*01:01,tcr6855,1
vdjdb_full_11387_rs_2_n0_iptm_filtered,TTDPSFLGRY_HLA-A*01:01,tcr10631,0
vdjdb_full_14146,RVRAYTYSK_HLA-A*03:01,tcr14179,1
vdjdb_full_14146_rs_2_n0_iptm_filtered,RVRAYTYSK_HLA-A*03:01,tcr2831,0
vdjdb_full_13825,TPRVTGGGAM_HLA-B*07:02,tcr17302,1
vdjdb_full_13825_rs_2_n0_iptm_filtered,TPRVTGGGAM_HLA-B*07:02,tcr17332,0
vdjdb_full_8319,LLDFVRFMGV_HLA-A*02:01,tcr10588,1
vdjdb_full_8319_rs_2_n0_iptm_filtered,LLDFVRFMGV_HLA-A*02:01,tcr7400,0
vdjdb_full_9431,YVLDHLIVV_HLA-A*02:01,tcr1572,1
vdjdb_full_9431_rs_2_n0_iptm_filtered,YVLDHLIVV_HLA-A*02:01,tcr1530,0
vdjdb_full_16342,VTDAAHLLI_HLA-A*01:01,tcr7180,1
vdjdb_full_16342_rs_2_n0_iptm_filtered,VTDAAHLLI_HLA-A*01:01,tcr9327,0
vdjdb_full_3942,SLLMWITQV_HLA-A*02:01,tcr17928,1
vdjdb_full_3942_rs_2_n0_iptm_filtered,SLLMWITQV_HLA-A*02:01,tcr14158,0
vdjdb_full_16886,MEVTPSGTWL_HLA-B*40:01,tcr10845,1
vdjdb_full_16886_rs_2_n0_iptm_filtered,MEVTPSGTWL_HLA-B*40:01,tcr10777,0
vdjdb_full_16187,GPRLGVRAT_HLA-B*07:02,tcr2363,1
vdjdb_full_16187_rs_2_n0_iptm_filtered,GPRLGVRAT_HLA-B*07:02,tcr16460,0
vdjdb_full_12078,ALAGIGILTV_HLA-A*02:01,tcr16075,1
vdjdb_full_12078_rs_2_n0_iptm_filtered,ALAGIGILTV_HLA-A*02:01,tcr668,0
vdjdb_full_11668,ELAGIGILTV_HLA-A*02:01,tcr13657,1
vdjdb_full_11668_rs_2_n0_iptm_filtered,ELAGIGILTV_HLA-A*02:01,tcr3910,0
vdjdb_full_13871,TPRVTGGGAM_HLA-B*07:02,tcr15360,1
vdjdb_full_13871_rs_2_n0_iptm_filtered,TPRVTGGGAM_HLA-B*07:02,tcr602,0
vdjdb_full_13707,TPRVTGGGAM_HLA-B*07:02,tcr15798,1
vdjdb_full_13707_rs_2_n0_iptm_filtered,TPRVTGGGAM_HLA-B*07:02,tcr2222,0
vdjdb_full_16768,RLPGVLPRA_HLA-A*02:01,tcr8301,1
vdjdb_full_16768_rs_2_n0_iptm_filtered,RLPGVLPRA_HLA-A*02:01,tcr11802,0
vdjdb_full_10614,LTDEMIAQY_HLA-A*01:01,tcr13081,1
vdjdb_full_10614_rs_2_n0_iptm_filtered,LTDEMIAQY_HLA-A*01:01,tcr17394,0
vdjdb_full_9403,YVLDHLIVV_HLA-A*02:01,tcr2420,1
vdjdb_full_9403_rs_2_n0_iptm_filtered,YVLDHLIVV_HLA-A*02:01,tcr610,0
vdjdb_full_6442,GILGFVFTL_HLA-A*02:01,tcr1900,1
vdjdb_full_6442_rs_2_n0_iptm_filtered,GILGFVFTL_HLA-A*02:01,tcr9574,0
vdjdb_full_15359,CINGVCWTV_HLA-A*02:01,tcr5039,1
vdjdb_full_15359_rs_2_n0_iptm_filtered,CINGVCWTV_HLA-A*02:01,tcr4127,0
vdjdb_full_17029,LLYDANYFL_HLA-A*02:01,tcr12395,1
vdjdb_full_17029_rs_2_n0_iptm_filtered,LLYDANYFL_HLA-A*02:01,tcr4883,0
vdjdb_full_3283,SLLMWITQV_HLA-A*02:01,tcr9202,1
vdjdb_full_3283_rs_2_n0_iptm_filtered,SLLMWITQV_HLA-A*02:01,tcr5741,0
vdjdb_full_4092,SLLMWITQV_HLA-A*02:01,tcr7509,1
vdjdb_full_4092_rs_2_n0_iptm_filtered,SLLMWITQV_HLA-A*02:01,tcr8002,0
vdjdb_full_12094,ALAGIGILTV_HLA-A*02:01,tcr4322,1
vdjdb_full_12094_rs_2_n0_iptm_filtered,ALAGIGILTV_HLA-A*02:01,tcr2507,0
vdjdb_full_16009,KLVALGINAV_HLA-A*02:01,tcr14664,1
vdjdb_full_16009_rs_2_n0_iptm_filtered,KLVALGINAV_HLA-A*02:01,tcr847,0
vdjdb_full_9321,YVLDHLIVV_HLA-A*02:01,tcr9437,1
vdjdb_full_9321_rs_2_n0_iptm_filtered,YVLDHLIVV_HLA-A*02:01,tcr4427,0
vdjdb_full_15921,KSKRTPMGF_HLA-B*57:01,tcr18222,1
vdjdb_full_15921_rs_2_n0_iptm_filtered,KSKRTPMGF_HLA-B*57:01,tcr12692,0
vdjdb_full_15870,KSKRTPMGF_HLA-B*57:01,tcr4431,1
vdjdb_full_15870_rs_2_n0_iptm_filtered,KSKRTPMGF_HLA-B*57:01,tcr14311,0
vdjdb_full_14873,LLWNGPMAV_HLA-A*02:01,tcr12617,1
vdjdb_full_14873_rs_2_n0_iptm_filtered,LLWNGPMAV_HLA-A*02:01,tcr13432,0
vdjdb_full_16780,RLPGVLPRA_HLA-A*02:01,tcr9370,1
vdjdb_full_16780_rs_2_n0_iptm_filtered,RLPGVLPRA_HLA-A*02:01,tcr5307,0
vdjdb_full_16212,GPRLGVRAT_HLA-B*07:02,tcr1884,1
vdjdb_full_16212_rs_2_n0_iptm_filtered,GPRLGVRAT_HLA-B*07:02,tcr10686,0
vdjdb_full_14,QAKWRLQTL_HLA-B*08:01,tcr9574,1
vdjdb_full_14_rs_2_n0_iptm_filtered,QAKWRLQTL_HLA-B*08:01,tcr7478,0
vdjdb_full_15263,FLSINVHKV_HLA-A*02:01,tcr12645,1
vdjdb_full_15263_rs_2_n0_iptm_filtered,FLSINVHKV_HLA-A*02:01,tcr12540,0
vdjdb_full_11507,ATDALMTGF_HLA-A*01:01,tcr5025,1
vdjdb_full_11507_rs_2_n0_iptm_filtered,ATDALMTGF_HLA-A*01:01,tcr8483,0
vdjdb_full_14862,LLWNGPMAV_HLA-A*02:01,tcr16332,1
vdjdb_full_14862_rs_2_n0_iptm_filtered,LLWNGPMAV_HLA-A*02:01,tcr14829,0
vdjdb_full_16007,KLVALGINAV_HLA-A*02:01,tcr1185,1
vdjdb_full_16007_rs_2_n0_iptm_filtered,KLVALGINAV_HLA-A*02:01,tcr3739,0
vdjdb_full_11079,AAGIGILTV_HLA-A*02:01,tcr6469,1
vdjdb_full_11079_rs_2_n0_iptm_filtered,AAGIGILTV_HLA-A*02:01,tcr11094,0
vdjdb_full_17125,HSNLNDATY_HLA-A*01:01,tcr2749,1
vdjdb_full_17125_rs_2_n0_iptm_filtered,HSNLNDATY_HLA-A*01:01,tcr7045,0
vdjdb_full_15993,KLVALGINAV_HLA-A*02:01,tcr4843,1
vdjdb_full_15993_rs_2_n0_iptm_filtered,KLVALGINAV_HLA-A*02:01,tcr13176,0
vdjdb_full_16018,KLVALGINAV_HLA-A*02:01,tcr9001,1
vdjdb_full_16018_rs_2_n0_iptm_filtered,KLVALGINAV_HLA-A*02:01,tcr4796,0
vdjdb_full_17532,RLWGTWVKA_HLA-A*02:01,tcr8819,1
vdjdb_full_17532_rs_2_n0_iptm_filtered,RLWGTWVKA_HLA-A*02:01,tcr16858,0
vdjdb_full_17282,KLSALGINAV_HLA-A*02:01,tcr17315,1
vdjdb_full_17282_rs_2_n0_iptm_filtered,KLSALGINAV_HLA-A*02:01,tcr7447,0
vdjdb_full_10578,LTDEMIAQY_HLA-A*01:01,tcr4042,1
vdjdb_full_10578_rs_2_n0_iptm_filtered,LTDEMIAQY_HLA-A*01:01,tcr614,0
vdjdb_full_13797,TPRVTGGGAM_HLA-B*07:02,tcr8262,1
vdjdb_full_13797_rs_2_n0_iptm_filtered,TPRVTGGGAM_HLA-B*07:02,tcr4124,0
vdjdb_full_14652,CTELKLSDY_HLA-A*01:01,tcr16411,1
vdjdb_full_14652_rs_2_n0_iptm_filtered,CTELKLSDY_HLA-A*01:01,tcr7537,0
vdjdb_full_12174,IMDQVPFSV_HLA-A*02:01,tcr13568,1
vdjdb_full_12174_rs_2_n0_iptm_filtered,IMDQVPFSV_HLA-A*02:01,tcr8024,0
vdjdb_full_10525,HPNGYKSLSTL_HLA-B*07:02,tcr10961,1
vdjdb_full_10525_rs_2_n0_iptm_filtered,HPNGYKSLSTL_HLA-B*07:02,tcr4114,0
vdjdb_full_15547,SLFNTVATLY_HLA-A*02:01,tcr10313,1
vdjdb_full_15547_rs_2_n0_iptm_filtered,SLFNTVATLY_HLA-A*02:01,tcr15717,0
vdjdb_full_52,QAKWRLQTL_HLA-B*08:01,tcr8993,1
vdjdb_full_52_rs_2_n0_iptm_filtered,QAKWRLQTL_HLA-B*08:01,tcr15489,0
vdjdb_full_16355,PTDNYITTY_HLA-A*01:01,tcr14740,1
vdjdb_full_16355_rs_2_n0_iptm_filtered,PTDNYITTY_HLA-A*01:01,tcr15575,0
vdjdb_full_6619,GILGFVFTL_HLA-A*02:01,tcr4762,1
vdjdb_full_6619_rs_2_n0_iptm_filtered,GILGFVFTL_HLA-A*02:01,tcr9627,0
vdjdb_full_16186,GPRLGVRAT_HLA-B*07:02,tcr4923,1
vdjdb_full_16186_rs_2_n0_iptm_filtered,GPRLGVRAT_HLA-B*07:02,tcr15341,0
vdjdb_full_11561,ATDALMTGF_HLA-A*01:01,tcr9744,1
vdjdb_full_11561_rs_2_n0_iptm_filtered,ATDALMTGF_HLA-A*01:01,tcr18353,0
vdjdb_full_15100,NQKLIANQF_HLA-B*15:01,tcr8605,1
vdjdb_full_15100_rs_2_n0_iptm_filtered,NQKLIANQF_HLA-B*15:01,tcr1816,0
vdjdb_full_9212,YVLDHLIVV_HLA-A*02:01,tcr11221,1
vdjdb_full_9212_rs_2_n0_iptm_filtered,YVLDHLIVV_HLA-A*02:01,tcr13359,0
vdjdb_full_15675,FLRGRAYGL_HLA-B*08:01,tcr11223,1
vdjdb_full_15675_rs_2_n0_iptm_filtered,FLRGRAYGL_HLA-B*08:01,tcr1886,0
vdjdb_full_14637,CTELKLSDY_HLA-A*01:01,tcr13543,1
vdjdb_full_14637_rs_2_n0_iptm_filtered,CTELKLSDY_HLA-A*01:01,tcr4006,0
vdjdb_full_11186,TTDPSFLGRY_HLA-A*01:01,tcr10340,1
vdjdb_full_11186_rs_2_n0_iptm_filtered,TTDPSFLGRY_HLA-A*01:01,tcr2568,0
vdjdb_full_15241,RPHERNGFTVL_HLA-B*07:02,tcr15365,1
vdjdb_full_15241_rs_2_n0_iptm_filtered,RPHERNGFTVL_HLA-B*07:02,tcr3289,0
vdjdb_full_17116,HSNLNDATY_HLA-A*01:01,tcr7709,1
vdjdb_full_17116_rs_2_n0_iptm_filtered,HSNLNDATY_HLA-A*01:01,tcr14095,0
vdjdb_full_13455,FLYALALLL_HLA-A*02:01,tcr15506,1
vdjdb_full_13455_rs_2_n0_iptm_filtered,FLYALALLL_HLA-A*02:01,tcr3148,0
vdjdb_full_15508,CINGVCWTV_HLA-A*02:01,tcr12887,1
vdjdb_full_15508_rs_2_n0_iptm_filtered,CINGVCWTV_HLA-A*02:01,tcr3755,0
vdjdb_full_10574,LTDEMIAQY_HLA-A*01:01,tcr10689,1
vdjdb_full_10574_rs_2_n0_iptm_filtered,LTDEMIAQY_HLA-A*01:01,tcr8121,0
vdjdb_full_13680,QYDPVAALF_HLA-A*24:02,tcr1861,1
vdjdb_full_13680_rs_2_n0_iptm_filtered,QYDPVAALF_HLA-A*24:02,tcr1292,0
vdjdb_full_2454,GLCTLVAML_HLA-A*02:01,tcr2752,1
vdjdb_full_2454_rs_2_n0_iptm_filtered,GLCTLVAML_HLA-A*02:01,tcr11474,0
vdjdb_full_11701,ELAGIGILTV_HLA-A*02:01,tcr13691,1
vdjdb_full_11701_rs_2_n0_iptm_filtered,ELAGIGILTV_HLA-A*02:01,tcr3053,0
vdjdb_full_11656,ELAGIGILTV_HLA-A*02:01,tcr3044,1
vdjdb_full_11656_rs_2_n0_iptm_filtered,ELAGIGILTV_HLA-A*02:01,tcr11013,0
vdjdb_full_16370,PTDNYITTY_HLA-A*01:01,tcr13447,1
vdjdb_full_16370_rs_2_n0_iptm_filtered,PTDNYITTY_HLA-A*01:01,tcr4909,0
vdjdb_full_11800,ELAGIGILTV_HLA-A*02:01,tcr4969,1
vdjdb_full_11800_rs_2_n0_iptm_filtered,ELAGIGILTV_HLA-A*02:01,tcr13825,0
vdjdb_full_18076,CYTWNQMNL_HLA-A*24:02,tcr15731,1
vdjdb_full_18076_rs_2_n0_iptm_filtered,CYTWNQMNL_HLA-A*24:02,tcr10843,0
vdjdb_full_14648,CTELKLSDY_HLA-A*01:01,tcr2857,1
vdjdb_full_14648_rs_2_n0_iptm_filtered,CTELKLSDY_HLA-A*01:01,tcr13206,0
vdjdb_full_10870,SPRWYFYYL_HLA-B*07:02,tcr15218,1
vdjdb_full_10870_rs_2_n0_iptm_filtered,SPRWYFYYL_HLA-B*07:02,tcr10367,0
vdjdb_full_12097,ALAGIGILTV_HLA-A*02:01,tcr17045,1
vdjdb_full_12097_rs_2_n0_iptm_filtered,ALAGIGILTV_HLA-A*02:01,tcr3577,0
vdjdb_full_16202,GPRLGVRAT_HLA-B*07:02,tcr16500,1
vdjdb_full_16202_rs_2_n0_iptm_filtered,GPRLGVRAT_HLA-B*07:02,tcr15904,0
vdjdb_full_17290,KLSALGINAV_HLA-A*02:01,tcr13629,1
vdjdb_full_17290_rs_2_n0_iptm_filtered,KLSALGINAV_HLA-A*02:01,tcr3007,0
vdjdb_full_10589,LTDEMIAQY_HLA-A*01:01,tcr602,1
vdjdb_full_10589_rs_2_n0_iptm_filtered,LTDEMIAQY_HLA-A*01:01,tcr5771,0
vdjdb_full_9291,YVLDHLIVV_HLA-A*02:01,tcr14494,1
vdjdb_full_9291_rs_2_n0_iptm_filtered,YVLDHLIVV_HLA-A*02:01,tcr13199,0
vdjdb_full_9336,YVLDHLIVV_HLA-A*02:01,tcr6703,1
vdjdb_full_9336_rs_2_n0_iptm_filtered,YVLDHLIVV_HLA-A*02:01,tcr2635,0
vdjdb_full_13531,LLFGYPVYV_HLA-A*02:01,tcr9560,1
vdjdb_full_13531_rs_2_n0_iptm_filtered,LLFGYPVYV_HLA-A*02:01,tcr18320,0
vdjdb_full_14900,LLWNGPMAV_HLA-A*02:01,tcr2494,1
vdjdb_full_14900_rs_2_n0_iptm_filtered,LLWNGPMAV_HLA-A*02:01,tcr7734,0
vdjdb_full_16398,EAAGIGILTV_HLA-A*02:01,tcr7208,1
vdjdb_full_16398_rs_2_n0_iptm_filtered,EAAGIGILTV_HLA-A*02:01,tcr11114,0
vdjdb_full_15343,CINGVCWTV_HLA-A*02:01,tcr14709,1
vdjdb_full_15343_rs_2_n0_iptm_filtered,CINGVCWTV_HLA-A*02:01,tcr10962,0
vdjdb_full_12229,IVTDFSVIK_HLA-A*11:01,tcr9720,1
vdjdb_full_12229_rs_2_n0_iptm_filtered,IVTDFSVIK_HLA-A*11:01,tcr3868,0
vdjdb_full_10155,RLRAEAQVK_HLA-A*03:01,tcr3459,1
vdjdb_full_10155_rs_2_n0_iptm_filtered,RLRAEAQVK_HLA-A*03:01,tcr14141,0
vdjdb_full_13791,TPRVTGGGAM_HLA-B*07:02,tcr6214,1
vdjdb_full_13791_rs_2_n0_iptm_filtered,TPRVTGGGAM_HLA-B*07:02,tcr14348,0
vdjdb_full_13400,FLYALALLL_HLA-A*02:01,tcr13534,1
vdjdb_full_13400_rs_2_n0_iptm_filtered,FLYALALLL_HLA-A*02:01,tcr18411,0
vdjdb_full_15390,CINGVCWTV_HLA-A*02:01,tcr12823,1
vdjdb_full_15390_rs_2_n0_iptm_filtered,CINGVCWTV_HLA-A*02:01,tcr6478,0
vdjdb_full_17962,EPLPQGQLTAY_HLA-B*35:01,tcr51,1
vdjdb_full_17962_rs_2_n0_iptm_filtered,EPLPQGQLTAY_HLA-B*35:01,tcr12113,0
vdjdb_full_7392,GILGFVFTL_HLA-A*02:01,tcr399,1
vdjdb_full_7392_rs_2_n0_iptm_filtered,GILGFVFTL_HLA-A*02:01,tcr51,0
vdjdb_full_8893,LLAGIGTVPI_HLA-A*02:01,tcr11444,1
vdjdb_full_8893_rs_2_n0_iptm_filtered,LLAGIGTVPI_HLA-A*02:01,tcr9182,0
vdjdb_full_11623,ATDALMTGF_HLA-A*01:01,tcr2107,1
vdjdb_full_11623_rs_2_n0_iptm_filtered,ATDALMTGF_HLA-A*01:01,tcr12617,0
vdjdb_full_17213,VVTGVLVYL_HLA-A*02:01,tcr17280,1
vdjdb_full_17213_rs_2_n0_iptm_filtered,VVTGVLVYL_HLA-A*02:01,tcr18301,0
vdjdb_full_15336,CINGVCWTV_HLA-A*02:01,tcr10716,1
vdjdb_full_15336_rs_2_n0_iptm_filtered,CINGVCWTV_HLA-A*02:01,tcr9975,0
vdjdb_full_13446,FLYALALLL_HLA-A*02:01,tcr7572,1
vdjdb_full_13446_rs_2_n0_iptm_filtered,FLYALALLL_HLA-A*02:01,tcr10636,0
vdjdb_full_13656,KTFPPTEPK_HLA-A*03:01,tcr5147,1
vdjdb_full_13656_rs_2_n0_iptm_filtered,KTFPPTEPK_HLA-A*03:01,tcr11440,0
vdjdb_full_16767,RLPGVLPRA_HLA-A*02:01,tcr1179,1
vdjdb_full_16767_rs_2_n0_iptm_filtered,RLPGVLPRA_HLA-A*02:01,tcr15856,0
vdjdb_full_10596,LTDEMIAQY_HLA-A*01:01,tcr3080,1
vdjdb_full_10596_rs_2_n0_iptm_filtered,LTDEMIAQY_HLA-A*01:01,tcr1936,0
vdjdb_full_14939,LLWNGPMAV_HLA-A*02:01,tcr10669,1
vdjdb_full_14939_rs_2_n0_iptm_filtered,LLWNGPMAV_HLA-A*02:01,tcr668,0
vdjdb_full_16751,YLLEMLWRL_HLA-A*02:01,tcr3019,1
vdjdb_full_16751_rs_2_n0_iptm_filtered,YLLEMLWRL_HLA-A*02:01,tcr16493,0
vdjdb_full_12120,YLQQNWWTL_HLA-A*02:01,tcr12780,1
vdjdb_full_12120_rs_2_n0_iptm_filtered,YLQQNWWTL_HLA-A*02:01,tcr3620,0
vdjdb_full_14945,LLWNGPMAV_HLA-A*02:01,tcr2732,1
vdjdb_full_14945_rs_2_n0_iptm_filtered,LLWNGPMAV_HLA-A*02:01,tcr17747,0
vdjdb_full_15262,FLSINVHKV_HLA-A*02:01,tcr14232,1
vdjdb_full_15262_rs_2_n0_iptm_filtered,FLSINVHKV_HLA-A*02:01,tcr8231,0
vdjdb_full_15772,RTLNAWVKV_HLA-A*02:01,tcr15580,1
vdjdb_full_15772_rs_2_n0_iptm_filtered,RTLNAWVKV_HLA-A*02:01,tcr2514,0
vdjdb_full_17044,LLYDANYFL_HLA-A*02:01,tcr3704,1
vdjdb_full_17044_rs_2_n0_iptm_filtered,LLYDANYFL_HLA-A*02:01,tcr16140,0
vdjdb_full_10506,LLSLFSLWL_HLA-A*02:01,tcr1473,1
vdjdb_full_10506_rs_2_n0_iptm_filtered,LLSLFSLWL_HLA-A*02:01,tcr16734,0
vdjdb_full_16385,PTDNYITTY_HLA-A*01:01,tcr6033,1
vdjdb_full_16385_rs_2_n0_iptm_filtered,PTDNYITTY_HLA-A*01:01,tcr16847,0
vdjdb_full_13427,FLYALALLL_HLA-A*02:01,tcr16460,1
vdjdb_full_13427_rs_2_n0_iptm_filtered,FLYALALLL_HLA-A*02:01,tcr383,0
vdjdb_full_9712,YLQPRTFLL_HLA-A*02:01,tcr12266,1
vdjdb_full_9712_rs_2_n0_iptm_filtered,YLQPRTFLL_HLA-A*02:01,tcr18292,0
vdjdb_full_10621,LTDEMIAQY_HLA-A*01:01,tcr14638,1
vdjdb_full_10621_rs_2_n0_iptm_filtered,LTDEMIAQY_HLA-A*01:01,tcr2107,0
vdjdb_full_7137,GILGFVFTL_HLA-A*02:01,tcr7478,1
vdjdb_full_7137_rs_2_n0_iptm_filtered,GILGFVFTL_HLA-A*02:01,tcr8897,0
vdjdb_full_12346,IVTDFSVIK_HLA-A*11:01,tcr2929,1
vdjdb_full_12346_rs_2_n0_iptm_filtered,IVTDFSVIK_HLA-A*11:01,tcr17581,0
vdjdb_full_2,QAKWRLQTL_HLA-B*08:01,tcr12036,1
vdjdb_full_2_rs_2_n0_iptm_filtered,QAKWRLQTL_HLA-B*08:01,tcr3801,0
vdjdb_full_15006,LLWNGPMAV_HLA-A*02:01,tcr10912,1
vdjdb_full_15006_rs_2_n0_iptm_filtered,LLWNGPMAV_HLA-A*02:01,tcr13868,0
vdjdb_full_16384,PTDNYITTY_HLA-A*01:01,tcr12522,1
vdjdb_full_16384_rs_2_n0_iptm_filtered,PTDNYITTY_HLA-A*01:01,tcr15552,0
vdjdb_full_16853,MEVTPSGTWL_HLA-B*40:01,tcr8264,1
vdjdb_full_16853_rs_2_n0_iptm_filtered,MEVTPSGTWL_HLA-B*40:01,tcr3835,0
vdjdb_full_11466,TTDPSFLGRY_HLA-A*01:01,tcr10331,1
vdjdb_full_11466_rs_2_n0_iptm_filtered,TTDPSFLGRY_HLA-A*01:01,tcr7954,0
vdjdb_full_15515,SLFNTVATLY_HLA-A*02:01,tcr4462,1
vdjdb_full_15515_rs_2_n0_iptm_filtered,SLFNTVATLY_HLA-A*02:01,tcr13937,0
vdjdb_full_18164,MLDLQPETT_HLA-A*02:01,tcr17449,1
vdjdb_full_18164_rs_2_n0_iptm_filtered,MLDLQPETT_HLA-A*02:01,tcr15699,0
vdjdb_full_7096,GILGFVFTL_HLA-A*02:01,tcr903,1
vdjdb_full_7096_rs_2_n0_iptm_filtered,GILGFVFTL_HLA-A*02:01,tcr14776,0
vdjdb_full_11124,TTDPSFLGRY_HLA-A*01:01,tcr11215,1
vdjdb_full_11124_rs_2_n0_iptm_filtered,TTDPSFLGRY_HLA-A*01:01,tcr10588,0
vdjdb_full_10856,SPRWYFYYL_HLA-B*07:02,tcr5409,1
vdjdb_full_10856_rs_2_n0_iptm_filtered,SPRWYFYYL_HLA-B*07:02,tcr15341,0
vdjdb_full_16869,MEVTPSGTWL_HLA-B*40:01,tcr3188,1
vdjdb_full_16869_rs_2_n0_iptm_filtered,MEVTPSGTWL_HLA-B*40:01,tcr15798,0
vdjdb_full_10961,SPRWYFYYL_HLA-B*07:02,tcr14504,1
vdjdb_full_10961_rs_2_n0_iptm_filtered,SPRWYFYYL_HLA-B*07:02,tcr13629,0
vdjdb_full_2248,GLCTLVAML_HLA-A*02:01,tcr13147,1
vdjdb_full_2248_rs_2_n0_iptm_filtered,GLCTLVAML_HLA-A*02:01,tcr4169,0
vdjdb_full_16253,GIIYIIYKL_HLA-A*02:01,tcr4681,1
vdjdb_full_16253_rs_2_n0_iptm_filtered,GIIYIIYKL_HLA-A*02:01,tcr5066,0
vdjdb_full_37,QAKWRLQTL_HLA-B*08:01,tcr667,1
vdjdb_full_37_rs_2_n0_iptm_filtered,QAKWRLQTL_HLA-B*08:01,tcr5086,0
vdjdb_full_17285,KLSALGINAV_HLA-A*02:01,tcr6791,1
vdjdb_full_17285_rs_2_n0_iptm_filtered,KLSALGINAV_HLA-A*02:01,tcr15647,0
vdjdb_full_3853,SLLMWITQV_HLA-A*02:01,tcr4389,1
vdjdb_full_3853_rs_2_n0_iptm_filtered,SLLMWITQV_HLA-A*02:01,tcr429,0
vdjdb_full_12092,ALAGIGILTV_HLA-A*02:01,tcr6470,1
vdjdb_full_12092_rs_2_n0_iptm_filtered,ALAGIGILTV_HLA-A*02:01,tcr1689,0
vdjdb_full_16883,MEVTPSGTWL_HLA-B*40:01,tcr11440,1
vdjdb_full_16883_rs_2_n0_iptm_filtered,MEVTPSGTWL_HLA-B*40:01,tcr16451,0
vdjdb_full_14830,LLWNGPMAV_HLA-A*02:01,tcr7379,1
vdjdb_full_14830_rs_2_n0_iptm_filtered,LLWNGPMAV_HLA-A*02:01,tcr4609,0
vdjdb_full_16730,YLLEMLWRL_HLA-A*02:01,tcr17322,1
vdjdb_full_16730_rs_2_n0_iptm_filtered,YLLEMLWRL_HLA-A*02:01,tcr8335,0
vdjdb_full_17134,HSNLNDATY_HLA-A*01:01,tcr16125,1
vdjdb_full_17134_rs_2_n0_iptm_filtered,HSNLNDATY_HLA-A*01:01,tcr1441,0
vdjdb_full_12053,ALAGIGILTV_HLA-A*02:01,tcr6478,1
vdjdb_full_12053_rs_2_n0_iptm_filtered,ALAGIGILTV_HLA-A*02:01,tcr17472,0
vdjdb_full_16359,PTDNYITTY_HLA-A*01:01,tcr11918,1
vdjdb_full_16359_rs_2_n0_iptm_filtered,PTDNYITTY_HLA-A*01:01,tcr15580,0
vdjdb_full_2417,GLCTLVAML_HLA-A*02:01,tcr16847,1
vdjdb_full_2417_rs_2_n0_iptm_filtered,GLCTLVAML_HLA-A*02:01,tcr14774,0
vdjdb_full_16349,VTDAAHLLI_HLA-A*01:01,tcr15542,1
vdjdb_full_16349_rs_2_n0_iptm_filtered,VTDAAHLLI_HLA-A*01:01,tcr8024,0
vdjdb_full_9016,LLAGIGTVPI_HLA-A*02:01,tcr15947,1
vdjdb_full_9016_rs_2_n0_iptm_filtered,LLAGIGTVPI_HLA-A*02:01,tcr12892,0
vdjdb_full_14695,CTELKLSDY_HLA-A*01:01,tcr17205,1
vdjdb_full_14695_rs_2_n0_iptm_filtered,CTELKLSDY_HLA-A*01:01,tcr13464,0
vdjdb_full_17360,RPIIRPATL_HLA-B*07:02,tcr8466,1
vdjdb_full_17360_rs_2_n0_iptm_filtered,RPIIRPATL_HLA-B*07:02,tcr5631,0
vdjdb_full_4177,SLLMWITQV_HLA-A*02:01,tcr5086,1
vdjdb_full_4177_rs_2_n0_iptm_filtered,SLLMWITQV_HLA-A*02:01,tcr16041,0
vdjdb_full_13815,TPRVTGGGAM_HLA-B*07:02,tcr6433,1
vdjdb_full_13815_rs_2_n0_iptm_filtered,TPRVTGGGAM_HLA-B*07:02,tcr15097,0
vdjdb_full_10528,HPNGYKSLSTL_HLA-B*07:02,tcr5061,1
vdjdb_full_10528_rs_2_n0_iptm_filtered,HPNGYKSLSTL_HLA-B*07:02,tcr9520,0
vdjdb_full_16356,PTDNYITTY_HLA-A*01:01,tcr3809,1
vdjdb_full_16356_rs_2_n0_iptm_filtered,PTDNYITTY_HLA-A*01:01,tcr1483,0
vdjdb_full_14102,RVRAYTYSK_HLA-A*03:01,tcr4103,1
vdjdb_full_14102_rs_2_n0_iptm_filtered,RVRAYTYSK_HLA-A*03:01,tcr14954,0
vdjdb_full_13840,TPRVTGGGAM_HLA-B*07:02,tcr14265,1
vdjdb_full_13840_rs_2_n0_iptm_filtered,TPRVTGGGAM_HLA-B*07:02,tcr3528,0
vdjdb_full_16887,MEVTPSGTWL_HLA-B*40:01,tcr16297,1
vdjdb_full_16887_rs_2_n0_iptm_filtered,MEVTPSGTWL_HLA-B*40:01,tcr672,0
vdjdb_full_10600,LTDEMIAQY_HLA-A*01:01,tcr2048,1
vdjdb_full_10600_rs_2_n0_iptm_filtered,LTDEMIAQY_HLA-A*01:01,tcr17519,0
vdjdb_full_3842,SLLMWITQV_HLA-A*02:01,tcr7811,1
vdjdb_full_3842_rs_2_n0_iptm_filtered,SLLMWITQV_HLA-A*02:01,tcr4164,0
vdjdb_full_8163,GILGFVFTL_HLA-A*02:01,tcr16737,1
vdjdb_full_8163_rs_2_n0_iptm_filtered,GILGFVFTL_HLA-A*02:01,tcr3080,0
vdjdb_full_9137,LLAGIGTVPI_HLA-A*02:01,tcr11772,1
vdjdb_full_9137_rs_2_n0_iptm_filtered,LLAGIGTVPI_HLA-A*02:01,tcr903,0
vdjdb_full_12774,IVTDFSVIK_HLA-A*11:01,tcr14725,1
vdjdb_full_12774_rs_2_n0_iptm_filtered,IVTDFSVIK_HLA-A*11:01,tcr15489,0
vdjdb_full_8311,LLDFVRFMGV_HLA-A*02:01,tcr15699,1
vdjdb_full_8311_rs_2_n0_iptm_filtered,LLDFVRFMGV_HLA-A*02:01,tcr10229,0
vdjdb_full_11175,TTDPSFLGRY_HLA-A*01:01,tcr9758,1
vdjdb_full_11175_rs_2_n0_iptm_filtered,TTDPSFLGRY_HLA-A*01:01,tcr2752,0
vdjdb_full_15829,ALGIGILTV_HLA-A*02:01,tcr2583,1
vdjdb_full_15829_rs_2_n0_iptm_filtered,ALGIGILTV_HLA-A*02:01,tcr5182,0
vdjdb_full_9556,YLQPRTFLL_HLA-A*02:01,tcr15012,1
vdjdb_full_9556_rs_2_n0_iptm_filtered,YLQPRTFLL_HLA-A*02:01,tcr6134,0
vdjdb_full_8463,NLVPMVATV_HLA-A*02:01,tcr10335,1
vdjdb_full_8463_rs_2_n0_iptm_filtered,NLVPMVATV_HLA-A*02:01,tcr1642,0
vdjdb_full_12017,ELAGIGILTV_HLA-A*02:01,tcr10580,1
vdjdb_full_12017_rs_2_n0_iptm_filtered,ELAGIGILTV_HLA-A*02:01,tcr16130,0
vdjdb_full_15997,KLVALGINAV_HLA-A*02:01,tcr8395,1
vdjdb_full_15997_rs_2_n0_iptm_filtered,KLVALGINAV_HLA-A*02:01,tcr7709,0
vdjdb_full_13823,TPRVTGGGAM_HLA-B*07:02,tcr10031,1
vdjdb_full_13823_rs_2_n0_iptm_filtered,TPRVTGGGAM_HLA-B*07:02,tcr7180,0
vdjdb_full_10730,SPRWYFYYL_HLA-B*07:02,tcr16734,1
vdjdb_full_10730_rs_2_n0_iptm_filtered,SPRWYFYYL_HLA-B*07:02,tcr9790,0
vdjdb_full_13216,DATYQRTRALVR_HLA-A*68:01,tcr16337,1
vdjdb_full_13216_rs_2_n0_iptm_filtered,DATYQRTRALVR_HLA-A*68:01,tcr12925,0
vdjdb_full_15099,NQKLIANQF_HLA-B*15:01,tcr16841,1
vdjdb_full_15099_rs_2_n0_iptm_filtered,NQKLIANQF_HLA-B*15:01,tcr16908,0
vdjdb_full_47,QAKWRLQTL_HLA-B*08:01,tcr5870,1
vdjdb_full_47_rs_2_n0_iptm_filtered,QAKWRLQTL_HLA-B*08:01,tcr333,0
vdjdb_full_14202,RVRAYTYSK_HLA-A*03:01,tcr9385,1
vdjdb_full_14202_rs_2_n0_iptm_filtered,RVRAYTYSK_HLA-A*03:01,tcr7395,0
vdjdb_full_14999,LLWNGPMAV_HLA-A*02:01,tcr2358,1
vdjdb_full_14999_rs_2_n0_iptm_filtered,LLWNGPMAV_HLA-A*02:01,tcr3073,0
vdjdb_full_15272,FMVFLQTHI_HLA-A*02:01,tcr14224,1
vdjdb_full_15272_rs_2_n0_iptm_filtered,FMVFLQTHI_HLA-A*02:01,tcr3324,0
vdjdb_full_16765,RLPGVLPRA_HLA-A*02:01,tcr4164,1
vdjdb_full_16765_rs_2_n0_iptm_filtered,RLPGVLPRA_HLA-A*02:01,tcr9367,0
vdjdb_full_10763,SPRWYFYYL_HLA-B*07:02,tcr8649,1
vdjdb_full_10763_rs_2_n0_iptm_filtered,SPRWYFYYL_HLA-B*07:02,tcr9437,0
vdjdb_full_15686,FLRGRAYGL_HLA-B*08:01,tcr12498,1
vdjdb_full_15686_rs_2_n0_iptm_filtered,FLRGRAYGL_HLA-B*08:01,tcr7601,0
vdjdb_full_13374,LPRWYFYYL_HLA-B*07:02,tcr12749,1
vdjdb_full_13374_rs_2_n0_iptm_filtered,LPRWYFYYL_HLA-B*07:02,tcr9343,0
vdjdb_full_15302,CINGVCWTV_HLA-A*02:01,tcr7730,1
vdjdb_full_15302_rs_2_n0_iptm_filtered,CINGVCWTV_HLA-A*02:01,tcr5991,0
vdjdb_full_14725,RPRGEVRFL_HLA-B*07:02,tcr11743,1
vdjdb_full_14725_rs_2_n0_iptm_filtered,RPRGEVRFL_HLA-B*07:02,tcr12574,0
vdjdb_full_18,QAKWRLQTL_HLA-B*08:01,tcr13377,1
vdjdb_full_18_rs_2_n0_iptm_filtered,QAKWRLQTL_HLA-B*08:01,tcr5644,0
vdjdb_full_17209,VVTGVLVYL_HLA-A*02:01,tcr4339,1
vdjdb_full_17209_rs_2_n0_iptm_filtered,VVTGVLVYL_HLA-A*02:01,tcr17519,0
vdjdb_full_11084,AAGIGILTV_HLA-A*02:01,tcr13657,1
vdjdb_full_11084_rs_2_n0_iptm_filtered,AAGIGILTV_HLA-A*02:01,tcr2916,0
vdjdb_full_13286,CLGGLLTMV_HLA-A*02:01,tcr3230,1
vdjdb_full_13286_rs_2_n0_iptm_filtered,CLGGLLTMV_HLA-A*02:01,tcr3868,0
vdjdb_full_3898,SLLMWITQV_HLA-A*02:01,tcr9473,1
vdjdb_full_3898_rs_2_n0_iptm_filtered,SLLMWITQV_HLA-A*02:01,tcr8324,0
vdjdb_full_16396,EAAGIGILTV_HLA-A*02:01,tcr5771,1
vdjdb_full_16396_rs_2_n0_iptm_filtered,EAAGIGILTV_HLA-A*02:01,tcr4760,0
vdjdb_full_6418,GILGFVFTL_HLA-A*02:01,tcr14644,1
vdjdb_full_6418_rs_2_n0_iptm_filtered,GILGFVFTL_HLA-A*02:01,tcr168,0
vdjdb_full_15661,FLRGRAYGL_HLA-B*08:01,tcr4068,1
vdjdb_full_15661_rs_2_n0_iptm_filtered,FLRGRAYGL_HLA-B*08:01,tcr5644,0
vdjdb_full_12165,IMDQVPFSV_HLA-A*02:01,tcr4012,1
vdjdb_full_12165_rs_2_n0_iptm_filtered,IMDQVPFSV_HLA-A*02:01,tcr3542,0
vdjdb_full_15593,FLRGRAYGL_HLA-B*08:01,tcr8872,1
vdjdb_full_15593_rs_2_n0_iptm_filtered,FLRGRAYGL_HLA-B*08:01,tcr3657,0
vdjdb_full_8788,LLAGIGTVPI_HLA-A*02:01,tcr2791,1
vdjdb_full_8788_rs_2_n0_iptm_filtered,LLAGIGTVPI_HLA-A*02:01,tcr6491,0
vdjdb_full_15228,RPHERNGFTVL_HLA-B*07:02,tcr7954,1
vdjdb_full_15228_rs_2_n0_iptm_filtered,RPHERNGFTVL_HLA-B*07:02,tcr4649,0
vdjdb_full_16401,EAAGIGILTV_HLA-A*02:01,tcr824,1
vdjdb_full_16401_rs_2_n0_iptm_filtered,EAAGIGILTV_HLA-A*02:01,tcr15444,0
vdjdb_full_10285,RLRAEAQVK_HLA-A*03:01,tcr6053,1
vdjdb_full_10285_rs_2_n0_iptm_filtered,RLRAEAQVK_HLA-A*03:01,tcr12860,0
vdjdb_full_15633,FLRGRAYGL_HLA-B*08:01,tcr10235,1
vdjdb_full_15633_rs_2_n0_iptm_filtered,FLRGRAYGL_HLA-B*08:01,tcr3148,0
vdjdb_full_10633,LTDEMIAQY_HLA-A*01:01,tcr8631,1
vdjdb_full_10633_rs_2_n0_iptm_filtered,LTDEMIAQY_HLA-A*01:01,tcr2271,0
vdjdb_full_17053,LLYDANYFL_HLA-A*02:01,tcr1621,1
vdjdb_full_17053_rs_2_n0_iptm_filtered,LLYDANYFL_HLA-A*02:01,tcr18218,0
vdjdb_full_15516,SLFNTVATLY_HLA-A*02:01,tcr8023,1
vdjdb_full_15516_rs_2_n0_iptm_filtered,SLFNTVATLY_HLA-A*02:01,tcr14979,0
vdjdb_full_15423,CINGVCWTV_HLA-A*02:01,tcr105,1
vdjdb_full_15423_rs_2_n0_iptm_filtered,CINGVCWTV_HLA-A*02:01,tcr10864,0
vdjdb_full_13515,LLFGYPVYV_HLA-A*02:01,tcr17492,1
vdjdb_full_13515_rs_2_n0_iptm_filtered,LLFGYPVYV_HLA-A*02:01,tcr13362,0
vdjdb_full_1028,KLGGALQAK_HLA-A*03:01,tcr12342,1
vdjdb_full_1028_rs_2_n0_iptm_filtered,KLGGALQAK_HLA-A*03:01,tcr15415,0
vdjdb_full_12660,IVTDFSVIK_HLA-A*11:01,tcr17417,1
vdjdb_full_12660_rs_2_n0_iptm_filtered,IVTDFSVIK_HLA-A*11:01,tcr5186,0
vdjdb_full_8456,NLVPMVATV_HLA-A*02:01,tcr12696,1
vdjdb_full_8456_rs_2_n0_iptm_filtered,NLVPMVATV_HLA-A*02:01,tcr12950,0
vdjdb_full_15679,FLRGRAYGL_HLA-B*08:01,tcr13095,1
vdjdb_full_15679_rs_2_n0_iptm_filtered,FLRGRAYGL_HLA-B*08:01,tcr17750,0
vdjdb_full_17265,YAKWKLCSA_HLA-B*08:01,tcr2939,1
vdjdb_full_17265_rs_2_n0_iptm_filtered,YAKWKLCSA_HLA-B*08:01,tcr9975,0
vdjdb_full_15030,LLWNGPMAV_HLA-A*02:01,tcr6623,1
vdjdb_full_15030_rs_2_n0_iptm_filtered,LLWNGPMAV_HLA-A*02:01,tcr4385,0
vdjdb_full_15995,KLVALGINAV_HLA-A*02:01,tcr2541,1
vdjdb_full_15995_rs_2_n0_iptm_filtered,KLVALGINAV_HLA-A*02:01,tcr9478,0
vdjdb_full_15794,RTLNAWVKV_HLA-A*02:01,tcr8665,1
vdjdb_full_15794_rs_2_n0_iptm_filtered,RTLNAWVKV_HLA-A*02:01,tcr16152,0
vdjdb_full_16023,KLVALGINAV_HLA-A*02:01,tcr8890,1
vdjdb_full_16023_rs_2_n0_iptm_filtered,KLVALGINAV_HLA-A*02:01,tcr13199,0
vdjdb_full_13731,TPRVTGGGAM_HLA-B*07:02,tcr784,1
vdjdb_full_13731_rs_2_n0_iptm_filtered,TPRVTGGGAM_HLA-B*07:02,tcr10264,0
vdjdb_full_7970,GILGFVFTL_HLA-A*02:01,tcr11306,1
vdjdb_full_7970_rs_2_n0_iptm_filtered,GILGFVFTL_HLA-A*02:01,tcr10878,0
vdjdb_full_12800,IVTDFSVIK_HLA-A*11:01,tcr8233,1
vdjdb_full_12800_rs_2_n0_iptm_filtered,IVTDFSVIK_HLA-A*11:01,tcr15704,0
vdjdb_full_11892,ELAGIGILTV_HLA-A*02:01,tcr5369,1
vdjdb_full_11892_rs_2_n0_iptm_filtered,ELAGIGILTV_HLA-A*02:01,tcr6982,0
vdjdb_full_15880,KSKRTPMGF_HLA-B*57:01,tcr11874,1
vdjdb_full_15880_rs_2_n0_iptm_filtered,KSKRTPMGF_HLA-B*57:01,tcr14186,0
vdjdb_full_17861,RLLPLLALL_HLA-A*02:01,tcr16695,1
vdjdb_full_17861_rs_2_n0_iptm_filtered,RLLPLLALL_HLA-A*02:01,tcr10962,0
vdjdb_full_7174,GILGFVFTL_HLA-A*02:01,tcr2832,1
vdjdb_full_7174_rs_2_n0_iptm_filtered,GILGFVFTL_HLA-A*02:01,tcr602,0
vdjdb_full_9011,LLAGIGTVPI_HLA-A*02:01,tcr5543,1
vdjdb_full_9011_rs_2_n0_iptm_filtered,LLAGIGTVPI_HLA-A*02:01,tcr6703,0
vdjdb_full_13273,CLGGLLTMV_HLA-A*02:01,tcr4101,1
vdjdb_full_13273_rs_2_n0_iptm_filtered,CLGGLLTMV_HLA-A*02:01,tcr16097,0
vdjdb_full_1096,KLGGALQAK_HLA-A*03:01,tcr4393,1
vdjdb_full_1096_rs_2_n0_iptm_filtered,KLGGALQAK_HLA-A*03:01,tcr5160,0
vdjdb_full_15808,ALGIGILTV_HLA-A*02:01,tcr1243,1
vdjdb_full_15808_rs_2_n0_iptm_filtered,ALGIGILTV_HLA-A*02:01,tcr7038,0
vdjdb_full_16938,RTATKAYNV_HLA-A*02:01,tcr7721,1
vdjdb_full_16938_rs_2_n0_iptm_filtered,RTATKAYNV_HLA-A*02:01,tcr12941,0
vdjdb_full_17173,KTWGQYWQV_HLA-A*02:01,tcr12911,1
vdjdb_full_17173_rs_2_n0_iptm_filtered,KTWGQYWQV_HLA-A*02:01,tcr14303,0
vdjdb_full_3727,SLLMWITQV_HLA-A*02:01,tcr17643,1
vdjdb_full_3727_rs_2_n0_iptm_filtered,SLLMWITQV_HLA-A*02:01,tcr10256,0
vdjdb_full_16993,NYNYLYRLF_HLA-A*24:02,tcr17118,1
vdjdb_full_16993_rs_2_n0_iptm_filtered,NYNYLYRLF_HLA-A*24:02,tcr6352,0
vdjdb_full_1439,KLGGALQAK_HLA-A*03:01,tcr4992,1
vdjdb_full_1439_rs_2_n0_iptm_filtered,KLGGALQAK_HLA-A*03:01,tcr4006,0
vdjdb_full_15908,KSKRTPMGF_HLA-B*57:01,tcr12308,1
vdjdb_full_15908_rs_2_n0_iptm_filtered,KSKRTPMGF_HLA-B*57:01,tcr13127,0
vdjdb_full_17530,RLWGTWVKA_HLA-A*02:01,tcr9627,1
vdjdb_full_17530_rs_2_n0_iptm_filtered,RLWGTWVKA_HLA-A*02:01,tcr17713,0
vdjdb_full_16503,RPPIFIRRL_HLA-B*07:02,tcr2378,1
vdjdb_full_16503_rs_2_n0_iptm_filtered,RPPIFIRRL_HLA-B*07:02,tcr14449,0
vdjdb_full_12098,ALAGIGILTV_HLA-A*02:01,tcr6689,1
vdjdb_full_12098_rs_2_n0_iptm_filtered,ALAGIGILTV_HLA-A*02:01,tcr6667,0
vdjdb_full_15835,KLWAQCVQL_HLA-A*02:01,tcr2798,1
vdjdb_full_15835_rs_2_n0_iptm_filtered,KLWAQCVQL_HLA-A*02:01,tcr18338,0
vdjdb_full_11261,TTDPSFLGRY_HLA-A*01:01,tcr1828,1
vdjdb_full_11261_rs_2_n0_iptm_filtered,TTDPSFLGRY_HLA-A*01:01,tcr7274,0
vdjdb_full_10813,SPRWYFYYL_HLA-B*07:02,tcr5755,1
vdjdb_full_10813_rs_2_n0_iptm_filtered,SPRWYFYYL_HLA-B*07:02,tcr8966,0
vdjdb_full_9123,LLAGIGTVPI_HLA-A*02:01,tcr14449,1
vdjdb_full_9123_rs_2_n0_iptm_filtered,LLAGIGTVPI_HLA-A*02:01,tcr3667,0
vdjdb_full_8909,LLAGIGTVPI_HLA-A*02:01,tcr4155,1
vdjdb_full_8909_rs_2_n0_iptm_filtered,LLAGIGTVPI_HLA-A*02:01,tcr13176,0
vdjdb_full_16944,RTATKAYNV_HLA-A*02:01,tcr8963,1
vdjdb_full_16944_rs_2_n0_iptm_filtered,RTATKAYNV_HLA-A*02:01,tcr1537,0
vdjdb_full_11739,ELAGIGILTV_HLA-A*02:01,tcr14142,1
vdjdb_full_11739_rs_2_n0_iptm_filtered,ELAGIGILTV_HLA-A*02:01,tcr17280,0
vdjdb_full_11082,AAGIGILTV_HLA-A*02:01,tcr3436,1
vdjdb_full_11082_rs_2_n0_iptm_filtered,AAGIGILTV_HLA-A*02:01,tcr4826,0
vdjdb_full_8922,LLAGIGTVPI_HLA-A*02:01,tcr619,1
vdjdb_full_8922_rs_2_n0_iptm_filtered,LLAGIGTVPI_HLA-A*02:01,tcr985,0
vdjdb_full_15578,FLRGRAYGL_HLA-B*08:01,tcr16844,1
vdjdb_full_15578_rs_2_n0_iptm_filtered,FLRGRAYGL_HLA-B*08:01,tcr5733,0
vdjdb_full_13696,TPRVTGGGAM_HLA-B*07:02,tcr16350,1
vdjdb_full_13696_rs_2_n0_iptm_filtered,TPRVTGGGAM_HLA-B*07:02,tcr18153,0
vdjdb_full_16083,VMVELVAEL_HLA-A*02:01,tcr14304,1
vdjdb_full_16083_rs_2_n0_iptm_filtered,VMVELVAEL_HLA-A*02:01,tcr6133,0
vdjdb_full_16249,GIIYIIYKL_HLA-A*02:01,tcr12150,1
vdjdb_full_16249_rs_2_n0_iptm_filtered,GIIYIIYKL_HLA-A*02:01,tcr8665,0
vdjdb_full_1506,KLGGALQAK_HLA-A*03:01,tcr15403,1
vdjdb_full_1506_rs_2_n0_iptm_filtered,KLGGALQAK_HLA-A*03:01,tcr918,0
vdjdb_full_16397,EAAGIGILTV_HLA-A*02:01,tcr5424,1
vdjdb_full_16397_rs_2_n0_iptm_filtered,EAAGIGILTV_HLA-A*02:01,tcr5732,0
vdjdb_full_10026,RLRAEAQVK_HLA-A*03:01,tcr11094,1
vdjdb_full_10026_rs_2_n0_iptm_filtered,RLRAEAQVK_HLA-A*03:01,tcr3934,0
vdjdb_full_10617,LTDEMIAQY_HLA-A*01:01,tcr14510,1
vdjdb_full_10617_rs_2_n0_iptm_filtered,LTDEMIAQY_HLA-A*01:01,tcr12620,0
vdjdb_full_4111,SLLMWITQV_HLA-A*02:01,tcr15416,1
vdjdb_full_4111_rs_2_n0_iptm_filtered,SLLMWITQV_HLA-A*02:01,tcr17769,0
vdjdb_full_15963,KSKRTPMGF_HLA-B*57:01,tcr17308,1
vdjdb_full_15963_rs_2_n0_iptm_filtered,KSKRTPMGF_HLA-B*57:01,tcr12076,0
vdjdb_full_12114,YLQQNWWTL_HLA-A*02:01,tcr14825,1
vdjdb_full_12114_rs_2_n0_iptm_filtered,YLQQNWWTL_HLA-A*02:01,tcr16158,0
vdjdb_full_15521,SLFNTVATLY_HLA-A*02:01,tcr13293,1
vdjdb_full_15521_rs_2_n0_iptm_filtered,SLFNTVATLY_HLA-A*02:01,tcr16500,0
vdjdb_full_15130,NQKLIANQF_HLA-B*15:01,tcr11118,1
vdjdb_full_15130_rs_2_n0_iptm_filtered,NQKLIANQF_HLA-B*15:01,tcr7208,0
vdjdb_full_12131,FTSDYYQLY_HLA-A*01:01,tcr18153,1
vdjdb_full_12131_rs_2_n0_iptm_filtered,FTSDYYQLY_HLA-A*01:01,tcr15468,0
vdjdb_full_14686,CTELKLSDY_HLA-A*01:01,tcr7297,1
vdjdb_full_14686_rs_2_n0_iptm_filtered,CTELKLSDY_HLA-A*01:01,tcr9401,0
vdjdb_full_15351,CINGVCWTV_HLA-A*02:01,tcr5955,1
vdjdb_full_15351_rs_2_n0_iptm_filtered,CINGVCWTV_HLA-A*02:01,tcr14142,0
vdjdb_full_15851,KLWAQCVQL_HLA-A*02:01,tcr5901,1
vdjdb_full_15851_rs_2_n0_iptm_filtered,KLWAQCVQL_HLA-A*02:01,tcr13928,0
vdjdb_full_16757,YLLEMLWRL_HLA-A*02:01,tcr11842,1
vdjdb_full_16757_rs_2_n0_iptm_filtered,YLLEMLWRL_HLA-A*02:01,tcr3791,0
vdjdb_full_14549,RVRAYTYSK_HLA-A*03:01,tcr5751,1
vdjdb_full_14549_rs_2_n0_iptm_filtered,RVRAYTYSK_HLA-A*03:01,tcr9726,0
vdjdb_full_16987,NYNYLYRLF_HLA-A*24:02,tcr15474,1
vdjdb_full_16987_rs_2_n0_iptm_filtered,NYNYLYRLF_HLA-A*24:02,tcr15877,0
vdjdb_full_11453,TTDPSFLGRY_HLA-A*01:01,tcr3624,1
vdjdb_full_11453_rs_2_n0_iptm_filtered,TTDPSFLGRY_HLA-A*01:01,tcr7721,0
vdjdb_full_2069,GLCTLVAML_HLA-A*02:01,tcr6705,1
vdjdb_full_2069_rs_2_n0_iptm_filtered,GLCTLVAML_HLA-A*02:01,tcr5972,0
vdjdb_full_15489,CINGVCWTV_HLA-A*02:01,tcr4575,1
vdjdb_full_15489_rs_2_n0_iptm_filtered,CINGVCWTV_HLA-A*02:01,tcr9812,0
vdjdb_full_14851,LLWNGPMAV_HLA-A*02:01,tcr276,1
vdjdb_full_14851_rs_2_n0_iptm_filtered,LLWNGPMAV_HLA-A*02:01,tcr13741,0
vdjdb_full_11166,TTDPSFLGRY_HLA-A*01:01,tcr17460,1
vdjdb_full_11166_rs_2_n0_iptm_filtered,TTDPSFLGRY_HLA-A*01:01,tcr17040,0
vdjdb_full_15133,NQKLIANQF_HLA-B*15:01,tcr10696,1
vdjdb_full_15133_rs_2_n0_iptm_filtered,NQKLIANQF_HLA-B*15:01,tcr4176,0
vdjdb_full_3401,SLLMWITQV_HLA-A*02:01,tcr4382,1
vdjdb_full_3401_rs_2_n0_iptm_filtered,SLLMWITQV_HLA-A*02:01,tcr5039,0
vdjdb_full_17270,YAKWKLCSA_HLA-B*08:01,tcr17911,1
vdjdb_full_17270_rs_2_n0_iptm_filtered,YAKWKLCSA_HLA-B*08:01,tcr6225,0
vdjdb_full_13380,LPRWYFYYL_HLA-B*07:02,tcr5081,1
vdjdb_full_13380_rs_2_n0_iptm_filtered,LPRWYFYYL_HLA-B*07:02,tcr16860,0
vdjdb_full_9749,YLQPRTFLL_HLA-A*02:01,tcr13340,1
vdjdb_full_9749_rs_2_n0_iptm_filtered,YLQPRTFLL_HLA-A*02:01,tcr5656,0
vdjdb_full_18077,CYTWNQMNL_HLA-A*24:02,tcr2487,1
vdjdb_full_18077_rs_2_n0_iptm_filtered,CYTWNQMNL_HLA-A*24:02,tcr12925,0
vdjdb_full_12552,IVTDFSVIK_HLA-A*11:01,tcr8107,1
vdjdb_full_12552_rs_2_n0_iptm_filtered,IVTDFSVIK_HLA-A*11:01,tcr9560,0
vdjdb_full_15463,CINGVCWTV_HLA-A*02:01,tcr2243,1
vdjdb_full_15463_rs_2_n0_iptm_filtered,CINGVCWTV_HLA-A*02:01,tcr6156,0
vdjdb_full_9019,LLAGIGTVPI_HLA-A*02:01,tcr5493,1
vdjdb_full_9019_rs_2_n0_iptm_filtered,LLAGIGTVPI_HLA-A*02:01,tcr12780,0
vdjdb_full_15871,KSKRTPMGF_HLA-B*57:01,tcr10343,1
vdjdb_full_15871_rs_2_n0_iptm_filtered,KSKRTPMGF_HLA-B*57:01,tcr2083,0
vdjdb_full_16068,KLVAMGINAV_HLA-A*02:01,tcr1125,1
vdjdb_full_16068_rs_2_n0_iptm_filtered,KLVAMGINAV_HLA-A*02:01,tcr13543,0
vdjdb_full_15026,LLWNGPMAV_HLA-A*02:01,tcr13609,1
vdjdb_full_15026_rs_2_n0_iptm_filtered,LLWNGPMAV_HLA-A*02:01,tcr13657,0
vdjdb_full_15397,CINGVCWTV_HLA-A*02:01,tcr17277,1
vdjdb_full_15397_rs_2_n0_iptm_filtered,CINGVCWTV_HLA-A*02:01,tcr11163,0
vdjdb_full_15049,LLWNGPMAV_HLA-A*02:01,tcr6380,1
vdjdb_full_15049_rs_2_n0_iptm_filtered,LLWNGPMAV_HLA-A*02:01,tcr11439,0
vdjdb_full_15936,KSKRTPMGF_HLA-B*57:01,tcr11556,1
vdjdb_full_15936_rs_2_n0_iptm_filtered,KSKRTPMGF_HLA-B*57:01,tcr9327,0
vdjdb_full_14722,RPRGEVRFL_HLA-B*07:02,tcr5044,1
vdjdb_full_14722_rs_2_n0_iptm_filtered,RPRGEVRFL_HLA-B*07:02,tcr4629,0
vdjdb_full_15045,LLWNGPMAV_HLA-A*02:01,tcr10840,1
vdjdb_full_15045_rs_2_n0_iptm_filtered,LLWNGPMAV_HLA-A*02:01,tcr3738,0
vdjdb_full_10628,LTDEMIAQY_HLA-A*01:01,tcr278,1
vdjdb_full_10628_rs_2_n0_iptm_filtered,LTDEMIAQY_HLA-A*01:01,tcr13976,0
vdjdb_full_15356,CINGVCWTV_HLA-A*02:01,tcr6243,1
vdjdb_full_15356_rs_2_n0_iptm_filtered,CINGVCWTV_HLA-A*02:01,tcr7487,0
vdjdb_full_13666,KTFPPTEPK_HLA-A*03:01,tcr16637,1
vdjdb_full_13666_rs_2_n0_iptm_filtered,KTFPPTEPK_HLA-A*03:01,tcr9389,0
vdjdb_full_14903,LLWNGPMAV_HLA-A*02:01,tcr15856,1
vdjdb_full_14903_rs_2_n0_iptm_filtered,LLWNGPMAV_HLA-A*02:01,tcr13927,0
vdjdb_full_15317,CINGVCWTV_HLA-A*02:01,tcr2606,1
vdjdb_full_15317_rs_2_n0_iptm_filtered,CINGVCWTV_HLA-A*02:01,tcr4629,0
vdjdb_full_8375,NLVPMVATV_HLA-A*02:01,tcr14095,1
vdjdb_full_8375_rs_2_n0_iptm_filtered,NLVPMVATV_HLA-A*02:01,tcr12037,0
vdjdb_full_12077,ALAGIGILTV_HLA-A*02:01,tcr8568,1
vdjdb_full_12077_rs_2_n0_iptm_filtered,ALAGIGILTV_HLA-A*02:01,tcr14311,0
vdjdb_full_10691,SPRWYFYYL_HLA-B*07:02,tcr17713,1
vdjdb_full_10691_rs_2_n0_iptm_filtered,SPRWYFYYL_HLA-B*07:02,tcr13095,0
vdjdb_full_15656,FLRGRAYGL_HLA-B*08:01,tcr6225,1
vdjdb_full_15656_rs_2_n0_iptm_filtered,FLRGRAYGL_HLA-B*08:01,tcr12639,0
vdjdb_full_7508,GILGFVFTL_HLA-A*02:01,tcr10686,1
vdjdb_full_7508_rs_2_n0_iptm_filtered,GILGFVFTL_HLA-A*02:01,tcr14330,0
vdjdb_full_14083,RVRAYTYSK_HLA-A*03:01,tcr8153,1
vdjdb_full_14083_rs_2_n0_iptm_filtered,RVRAYTYSK_HLA-A*03:01,tcr7293,0
vdjdb_full_13546,LLFGYPVYV_HLA-A*02:01,tcr728,1
vdjdb_full_13546_rs_2_n0_iptm_filtered,LLFGYPVYV_HLA-A*02:01,tcr1537,0
vdjdb_full_8644,NLVPMVATV_HLA-A*02:01,tcr3739,1
vdjdb_full_8644_rs_2_n0_iptm_filtered,NLVPMVATV_HLA-A*02:01,tcr9627,0
vdjdb_full_10622,LTDEMIAQY_HLA-A*01:01,tcr6709,1
vdjdb_full_10622_rs_2_n0_iptm_filtered,LTDEMIAQY_HLA-A*01:01,tcr3945,0
vdjdb_full_12173,IMDQVPFSV_HLA-A*02:01,tcr14348,1
vdjdb_full_12173_rs_2_n0_iptm_filtered,IMDQVPFSV_HLA-A*02:01,tcr164,0
vdjdb_full_15038,LLWNGPMAV_HLA-A*02:01,tcr16061,1
vdjdb_full_15038_rs_2_n0_iptm_filtered,LLWNGPMAV_HLA-A*02:01,tcr13498,0
vdjdb_full_17317,KSVNITFEL_HLA-A*02:01,tcr15855,1
vdjdb_full_17317_rs_2_n0_iptm_filtered,KSVNITFEL_HLA-A*02:01,tcr16192,0
vdjdb_full_15913,KSKRTPMGF_HLA-B*57:01,tcr6222,1
vdjdb_full_15913_rs_2_n0_iptm_filtered,KSKRTPMGF_HLA-B*57:01,tcr977,0
vdjdb_full_7751,GILGFVFTL_HLA-A*02:01,tcr4892,1
vdjdb_full_7751_rs_2_n0_iptm_filtered,GILGFVFTL_HLA-A*02:01,tcr12620,0
vdjdb_full_15123,NQKLIANQF_HLA-B*15:01,tcr10672,1
vdjdb_full_15123_rs_2_n0_iptm_filtered,NQKLIANQF_HLA-B*15:01,tcr610,0
vdjdb_full_15035,LLWNGPMAV_HLA-A*02:01,tcr13495,1
vdjdb_full_15035_rs_2_n0_iptm_filtered,LLWNGPMAV_HLA-A*02:01,tcr475,0
vdjdb_full_15660,FLRGRAYGL_HLA-B*08:01,tcr2514,1
vdjdb_full_15660_rs_2_n0_iptm_filtered,FLRGRAYGL_HLA-B*08:01,tcr6073,0
vdjdb_full_13774,TPRVTGGGAM_HLA-B*07:02,tcr3791,1
vdjdb_full_13774_rs_2_n0_iptm_filtered,TPRVTGGGAM_HLA-B*07:02,tcr16455,0
vdjdb_full_31,QAKWRLQTL_HLA-B*08:01,tcr1424,1
vdjdb_full_31_rs_2_n0_iptm_filtered,QAKWRLQTL_HLA-B*08:01,tcr10840,0
vdjdb_full_16362,PTDNYITTY_HLA-A*01:01,tcr12710,1
vdjdb_full_16362_rs_2_n0_iptm_filtered,PTDNYITTY_HLA-A*01:01,tcr14311,0
vdjdb_full_36,QAKWRLQTL_HLA-B*08:01,tcr16970,1
vdjdb_full_36_rs_2_n0_iptm_filtered,QAKWRLQTL_HLA-B*08:01,tcr8822,0
vdjdb_full_17214,VVTGVLVYL_HLA-A*02:01,tcr17235,1
vdjdb_full_17214_rs_2_n0_iptm_filtered,VVTGVLVYL_HLA-A*02:01,tcr13343,0
vdjdb_full_10645,LTDEMIAQY_HLA-A*01:01,tcr18251,1
vdjdb_full_10645_rs_2_n0_iptm_filtered,LTDEMIAQY_HLA-A*01:01,tcr13424,0
vdjdb_full_13704,TPRVTGGGAM_HLA-B*07:02,tcr622,1
vdjdb_full_13704_rs_2_n0_iptm_filtered,TPRVTGGGAM_HLA-B*07:02,tcr5112,0
vdjdb_full_7987,GILGFVFTL_HLA-A*02:01,tcr17174,1
vdjdb_full_7987_rs_2_n0_iptm_filtered,GILGFVFTL_HLA-A*02:01,tcr17033,0
vdjdb_full_12050,ALAGIGILTV_HLA-A*02:01,tcr7300,1
vdjdb_full_12050_rs_2_n0_iptm_filtered,ALAGIGILTV_HLA-A*02:01,tcr2890,0
vdjdb_full_17286,KLSALGINAV_HLA-A*02:01,tcr4312,1
vdjdb_full_17286_rs_2_n0_iptm_filtered,KLSALGINAV_HLA-A*02:01,tcr3436,0
vdjdb_full_9961,YLQPRTFLL_HLA-A*02:01,tcr13180,1
vdjdb_full_9961_rs_2_n0_iptm_filtered,YLQPRTFLL_HLA-A*02:01,tcr9520,0
vdjdb_full_11811,ELAGIGILTV_HLA-A*02:01,tcr8214,1
vdjdb_full_11811_rs_2_n0_iptm_filtered,ELAGIGILTV_HLA-A*02:01,tcr12925,0
vdjdb_full_11363,TTDPSFLGRY_HLA-A*01:01,tcr14415,1
vdjdb_full_11363_rs_2_n0_iptm_filtered,TTDPSFLGRY_HLA-A*01:01,tcr5048,0
vdjdb_full_15611,FLRGRAYGL_HLA-B*08:01,tcr13176,1
vdjdb_full_15611_rs_2_n0_iptm_filtered,FLRGRAYGL_HLA-B*08:01,tcr18320,0
vdjdb_full_14986,LLWNGPMAV_HLA-A*02:01,tcr2123,1
vdjdb_full_14986_rs_2_n0_iptm_filtered,LLWNGPMAV_HLA-A*02:01,tcr14081,0
vdjdb_full_11947,ELAGIGILTV_HLA-A*02:01,tcr3389,1
vdjdb_full_11947_rs_2_n0_iptm_filtered,ELAGIGILTV_HLA-A*02:01,tcr16620,0
vdjdb_full_13259,CLGGLLTMV_HLA-A*02:01,tcr3465,1
vdjdb_full_13259_rs_2_n0_iptm_filtered,CLGGLLTMV_HLA-A*02:01,tcr11204,0
vdjdb_full_14644,CTELKLSDY_HLA-A*01:01,tcr15504,1
vdjdb_full_14644_rs_2_n0_iptm_filtered,CTELKLSDY_HLA-A*01:01,tcr526,0
vdjdb_full_16885,MEVTPSGTWL_HLA-B*40:01,tcr16688,1
vdjdb_full_16885_rs_2_n0_iptm_filtered,MEVTPSGTWL_HLA-B*40:01,tcr4796,0
vdjdb_full_15548,SLFNTVATLY_HLA-A*02:01,tcr9726,1
vdjdb_full_15548_rs_2_n0_iptm_filtered,SLFNTVATLY_HLA-A*02:01,tcr12710,0
vdjdb_full_3547,SLLMWITQV_HLA-A*02:01,tcr7554,1
vdjdb_full_3547_rs_2_n0_iptm_filtered,SLLMWITQV_HLA-A*02:01,tcr8324,0
vdjdb_full_13668,KTFPPTEPK_HLA-A*03:01,tcr14023,1
vdjdb_full_13668_rs_2_n0_iptm_filtered,KTFPPTEPK_HLA-A*03:01,tcr10016,0
vdjdb_full_15813,ALGIGILTV_HLA-A*02:01,tcr9359,1
vdjdb_full_15813_rs_2_n0_iptm_filtered,ALGIGILTV_HLA-A*02:01,tcr8803,0
vdjdb_full_15498,CINGVCWTV_HLA-A*02:01,tcr16936,1
vdjdb_full_15498_rs_2_n0_iptm_filtered,CINGVCWTV_HLA-A*02:01,tcr5755,0
vdjdb_full_8661,NLVPMVATV_HLA-A*02:01,tcr9166,1
vdjdb_full_8661_rs_2_n0_iptm_filtered,NLVPMVATV_HLA-A*02:01,tcr16493,0
vdjdb_full_11544,ATDALMTGF_HLA-A*01:01,tcr7385,1
vdjdb_full_11544_rs_2_n0_iptm_filtered,ATDALMTGF_HLA-A*01:01,tcr824,0
vdjdb_full_16500,RPPIFIRRL_HLA-B*07:02,tcr17744,1
vdjdb_full_16500_rs_2_n0_iptm_filtered,RPPIFIRRL_HLA-B*07:02,tcr9327,0
vdjdb_full_9688,YLQPRTFLL_HLA-A*02:01,tcr9546,1
vdjdb_full_9688_rs_2_n0_iptm_filtered,YLQPRTFLL_HLA-A*02:01,tcr12954,0
vdjdb_full_16774,RLPGVLPRA_HLA-A*02:01,tcr16703,1
vdjdb_full_16774_rs_2_n0_iptm_filtered,RLPGVLPRA_HLA-A*02:01,tcr6262,0
vdjdb_full_2109,GLCTLVAML_HLA-A*02:01,tcr7480,1
vdjdb_full_2109_rs_2_n0_iptm_filtered,GLCTLVAML_HLA-A*02:01,tcr2541,0
vdjdb_full_13804,TPRVTGGGAM_HLA-B*07:02,tcr17725,1
vdjdb_full_13804_rs_2_n0_iptm_filtered,TPRVTGGGAM_HLA-B*07:02,tcr12742,0
vdjdb_full_18157,MLDLQPETT_HLA-A*02:01,tcr7926,1
vdjdb_full_18157_rs_2_n0_iptm_filtered,MLDLQPETT_HLA-A*02:01,tcr11952,0
vdjdb_full_11581,ATDALMTGF_HLA-A*01:01,tcr64,1
vdjdb_full_11581_rs_2_n0_iptm_filtered,ATDALMTGF_HLA-A*01:01,tcr13394,0
vdjdb_full_10676,LTDEMIAQY_HLA-A*01:01,tcr4124,1
vdjdb_full_10676_rs_2_n0_iptm_filtered,LTDEMIAQY_HLA-A*01:01,tcr14882,0
vdjdb_full_9166,LLAGIGTVPI_HLA-A*02:01,tcr8822,1
vdjdb_full_9166_rs_2_n0_iptm_filtered,LLAGIGTVPI_HLA-A*02:01,tcr5821,0
vdjdb_full_2072,GLCTLVAML_HLA-A*02:01,tcr18269,1
vdjdb_full_2072_rs_2_n0_iptm_filtered,GLCTLVAML_HLA-A*02:01,tcr3044,0
vdjdb_full_15341,CINGVCWTV_HLA-A*02:01,tcr11744,1
vdjdb_full_15341_rs_2_n0_iptm_filtered,CINGVCWTV_HLA-A*02:01,tcr2599,0
vdjdb_full_15831,ALGIGILTV_HLA-A*02:01,tcr3564,1
vdjdb_full_15831_rs_2_n0_iptm_filtered,ALGIGILTV_HLA-A*02:01,tcr5135,0
vdjdb_full_2604,GLCTLVAML_HLA-A*02:01,tcr958,1
vdjdb_full_2604_rs_2_n0_iptm_filtered,GLCTLVAML_HLA-A*02:01,tcr8114,0
vdjdb_full_10499,LLSLFSLWL_HLA-A*02:01,tcr906,1
vdjdb_full_10499_rs_2_n0_iptm_filtered,LLSLFSLWL_HLA-A*02:01,tcr11792,0
vdjdb_full_16920,RTATKAYNV_HLA-A*02:01,tcr14394,1
vdjdb_full_16920_rs_2_n0_iptm_filtered,RTATKAYNV_HLA-A*02:01,tcr14070,0
vdjdb_full_2261,GLCTLVAML_HLA-A*02:01,tcr18320,1
vdjdb_full_2261_rs_2_n0_iptm_filtered,GLCTLVAML_HLA-A*02:01,tcr3364,0
vdjdb_full_16087,VMVELVAEL_HLA-A*02:01,tcr8897,1
vdjdb_full_16087_rs_2_n0_iptm_filtered,VMVELVAEL_HLA-A*02:01,tcr8395,0
vdjdb_full_16754,YLLEMLWRL_HLA-A*02:01,tcr13343,1
vdjdb_full_16754_rs_2_n0_iptm_filtered,YLLEMLWRL_HLA-A*02:01,tcr14763,0
vdjdb_full_18172,QELIRQGTDY_HLA-B*44:02,tcr16133,1
vdjdb_full_18172_rs_2_n0_iptm_filtered,QELIRQGTDY_HLA-B*44:02,tcr6709,0
vdjdb_full_35,QAKWRLQTL_HLA-B*08:01,tcr5615,1
vdjdb_full_35_rs_2_n0_iptm_filtered,QAKWRLQTL_HLA-B*08:01,tcr227,0
vdjdb_full_9325,YVLDHLIVV_HLA-A*02:01,tcr6545,1
vdjdb_full_9325_rs_2_n0_iptm_filtered,YVLDHLIVV_HLA-A*02:01,tcr7856,0
vdjdb_full_17528,RLWGTWVKA_HLA-A*02:01,tcr13593,1
vdjdb_full_17528_rs_2_n0_iptm_filtered,RLWGTWVKA_HLA-A*02:01,tcr4025,0
vdjdb_full_17525,RLWGTWVKA_HLA-A*02:01,tcr17923,1
vdjdb_full_17525_rs_2_n0_iptm_filtered,RLWGTWVKA_HLA-A*02:01,tcr17040,0
vdjdb_full_17162,KTWGQYWQV_HLA-A*02:01,tcr7464,1
vdjdb_full_17162_rs_2_n0_iptm_filtered,KTWGQYWQV_HLA-A*02:01,tcr18353,0
vdjdb_full_15837,KLWAQCVQL_HLA-A*02:01,tcr17522,1
vdjdb_full_15837_rs_2_n0_iptm_filtered,KLWAQCVQL_HLA-A*02:01,tcr14936,0
vdjdb_full_14726,RPRGEVRFL_HLA-B*07:02,tcr7063,1
vdjdb_full_14726_rs_2_n0_iptm_filtered,RPRGEVRFL_HLA-B*07:02,tcr16155,0
vdjdb_full_13874,TPRVTGGGAM_HLA-B*07:02,tcr7445,1
vdjdb_full_13874_rs_2_n0_iptm_filtered,TPRVTGGGAM_HLA-B*07:02,tcr17336,0
vdjdb_full_14893,LLWNGPMAV_HLA-A*02:01,tcr11302,1
vdjdb_full_14893_rs_2_n0_iptm_filtered,LLWNGPMAV_HLA-A*02:01,tcr8843,0
vdjdb_full_11681,ELAGIGILTV_HLA-A*02:01,tcr4029,1
vdjdb_full_11681_rs_2_n0_iptm_filtered,ELAGIGILTV_HLA-A*02:01,tcr12070,0
vdjdb_full_16597,WPVTLACFV_HLA-B*07:02,tcr15877,1
vdjdb_full_16597_rs_2_n0_iptm_filtered,WPVTLACFV_HLA-B*07:02,tcr15346,0
vdjdb_full_14053,RVRAYTYSK_HLA-A*03:01,tcr5980,1
vdjdb_full_14053_rs_2_n0_iptm_filtered,RVRAYTYSK_HLA-A*03:01,tcr7297,0
vdjdb_full_15671,FLRGRAYGL_HLA-B*08:01,tcr8024,1
vdjdb_full_15671_rs_2_n0_iptm_filtered,FLRGRAYGL_HLA-B*08:01,tcr5688,0
vdjdb_full_13476,FLYALALLL_HLA-A*02:01,tcr2747,1
vdjdb_full_13476_rs_2_n0_iptm_filtered,FLYALALLL_HLA-A*02:01,tcr3034,0
vdjdb_full_6684,GILGFVFTL_HLA-A*02:01,tcr12821,1
vdjdb_full_6684_rs_2_n0_iptm_filtered,GILGFVFTL_HLA-A*02:01,tcr14232,0
vdjdb_full_16875,MEVTPSGTWL_HLA-B*40:01,tcr1245,1
vdjdb_full_16875_rs_2_n0_iptm_filtered,MEVTPSGTWL_HLA-B*40:01,tcr4304,0
vdjdb_full_10545,HPNGYKSLSTL_HLA-B*07:02,tcr17788,1
vdjdb_full_10545_rs_2_n0_iptm_filtered,HPNGYKSLSTL_HLA-B*07:02,tcr13147,0
vdjdb_full_18160,MLDLQPETT_HLA-A*02:01,tcr17238,1
vdjdb_full_18160_rs_2_n0_iptm_filtered,MLDLQPETT_HLA-A*02:01,tcr3172,0
vdjdb_full_10522,HPNGYKSLSTL_HLA-B*07:02,tcr10081,1
vdjdb_full_10522_rs_2_n0_iptm_filtered,HPNGYKSLSTL_HLA-B*07:02,tcr9512,0
vdjdb_full_15696,FLRGRAYGL_HLA-B*08:01,tcr402,1
vdjdb_full_15696_rs_2_n0_iptm_filtered,FLRGRAYGL_HLA-B*08:01,tcr13534,0
vdjdb_full_2559,GLCTLVAML_HLA-A*02:01,tcr5413,1
vdjdb_full_2559_rs_2_n0_iptm_filtered,GLCTLVAML_HLA-A*02:01,tcr1736,0
vdjdb_full_13475,FLYALALLL_HLA-A*02:01,tcr10681,1
vdjdb_full_13475_rs_2_n0_iptm_filtered,FLYALALLL_HLA-A*02:01,tcr8619,0
vdjdb_full_4340,SLLMWITQV_HLA-A*02:01,tcr15315,1
vdjdb_full_4340_rs_2_n0_iptm_filtered,SLLMWITQV_HLA-A*02:01,tcr12570,0
vdjdb_full_9458,YVLDHLIVV_HLA-A*02:01,tcr2124,1
vdjdb_full_9458_rs_2_n0_iptm_filtered,YVLDHLIVV_HLA-A*02:01,tcr9758,0
vdjdb_full_13416,FLYALALLL_HLA-A*02:01,tcr8843,1
vdjdb_full_13416_rs_2_n0_iptm_filtered,FLYALALLL_HLA-A*02:01,tcr11937,0
vdjdb_full_9564,YLQPRTFLL_HLA-A*02:01,tcr3984,1
vdjdb_full_9564_rs_2_n0_iptm_filtered,YLQPRTFLL_HLA-A*02:01,tcr3739,0
vdjdb_full_14974,LLWNGPMAV_HLA-A*02:01,tcr7689,1
vdjdb_full_14974_rs_2_n0_iptm_filtered,LLWNGPMAV_HLA-A*02:01,tcr7730,0
vdjdb_full_14837,LLWNGPMAV_HLA-A*02:01,tcr5867,1
vdjdb_full_14837_rs_2_n0_iptm_filtered,LLWNGPMAV_HLA-A*02:01,tcr14066,0
vdjdb_full_14915,LLWNGPMAV_HLA-A*02:01,tcr12620,1
vdjdb_full_14915_rs_2_n0_iptm_filtered,LLWNGPMAV_HLA-A*02:01,tcr16880,0
vdjdb_full_17833,TPSVSSSISSL_HLA-B*07:02,tcr2030,1
vdjdb_full_17833_rs_2_n0_iptm_filtered,TPSVSSSISSL_HLA-B*07:02,tcr13863,0
vdjdb_full_15563,FLRGRAYGL_HLA-B*08:01,tcr3802,1
vdjdb_full_15563_rs_2_n0_iptm_filtered,FLRGRAYGL_HLA-B*08:01,tcr5147,0
vdjdb_full_7332,GILGFVFTL_HLA-A*02:01,tcr9308,1
vdjdb_full_7332_rs_2_n0_iptm_filtered,GILGFVFTL_HLA-A*02:01,tcr8694,0
vdjdb_full_15814,ALGIGILTV_HLA-A*02:01,tcr1642,1
vdjdb_full_15814_rs_2_n0_iptm_filtered,ALGIGILTV_HLA-A*02:01,tcr5925,0
vdjdb_full_7028,GILGFVFTL_HLA-A*02:01,tcr171,1
vdjdb_full_7028_rs_2_n0_iptm_filtered,GILGFVFTL_HLA-A*02:01,tcr1861,0
vdjdb_full_16350,VTDAAHLLI_HLA-A*01:01,tcr13927,1
vdjdb_full_16350_rs_2_n0_iptm_filtered,VTDAAHLLI_HLA-A*01:01,tcr11817,0
vdjdb_full_12001,ELAGIGILTV_HLA-A*02:01,tcr15821,1
vdjdb_full_12001_rs_2_n0_iptm_filtered,ELAGIGILTV_HLA-A*02:01,tcr10295,0
vdjdb_full_13733,TPRVTGGGAM_HLA-B*07:02,tcr4427,1
vdjdb_full_13733_rs_2_n0_iptm_filtered,TPRVTGGGAM_HLA-B*07:02,tcr15218,0
vdjdb_full_15834,KLWAQCVQL_HLA-A*02:01,tcr4308,1
vdjdb_full_15834_rs_2_n0_iptm_filtered,KLWAQCVQL_HLA-A*02:01,tcr1523,0
vdjdb_full_15585,FLRGRAYGL_HLA-B*08:01,tcr10158,1
vdjdb_full_15585_rs_2_n0_iptm_filtered,FLRGRAYGL_HLA-B*08:01,tcr10650,0
vdjdb_full_10728,SPRWYFYYL_HLA-B*07:02,tcr6716,1
vdjdb_full_10728_rs_2_n0_iptm_filtered,SPRWYFYYL_HLA-B*07:02,tcr5135,0
vdjdb_full_949,KLGGALQAK_HLA-A*03:01,tcr4909,1
vdjdb_full_949_rs_2_n0_iptm_filtered,KLGGALQAK_HLA-A*03:01,tcr4068,0
vdjdb_full_14031,RVRAYTYSK_HLA-A*03:01,tcr5612,1
vdjdb_full_14031_rs_2_n0_iptm_filtered,RVRAYTYSK_HLA-A*03:01,tcr14915,0
vdjdb_full_4350,SLLMWITQV_HLA-A*02:01,tcr6091,1
vdjdb_full_4350_rs_2_n0_iptm_filtered,SLLMWITQV_HLA-A*02:01,tcr16835,0
vdjdb_full_13355,RMFPNAPYL_HLA-A*02:01,tcr475,1
vdjdb_full_13355_rs_2_n0_iptm_filtered,RMFPNAPYL_HLA-A*02:01,tcr5985,0
vdjdb_full_15690,FLRGRAYGL_HLA-B*08:01,tcr9719,1
vdjdb_full_15690_rs_2_n0_iptm_filtered,FLRGRAYGL_HLA-B*08:01,tcr12981,0
vdjdb_full_15900,KSKRTPMGF_HLA-B*57:01,tcr2683,1
vdjdb_full_15900_rs_2_n0_iptm_filtered,KSKRTPMGF_HLA-B*57:01,tcr8233,0
vdjdb_full_10713,SPRWYFYYL_HLA-B*07:02,tcr1065,1
vdjdb_full_10713_rs_2_n0_iptm_filtered,SPRWYFYYL_HLA-B*07:02,tcr16841,0
vdjdb_full_15629,FLRGRAYGL_HLA-B*08:01,tcr2696,1
vdjdb_full_15629_rs_2_n0_iptm_filtered,FLRGRAYGL_HLA-B*08:01,tcr9965,0
vdjdb_full_16487,RPPIFIRRL_HLA-B*07:02,tcr4304,1
vdjdb_full_16487_rs_2_n0_iptm_filtered,RPPIFIRRL_HLA-B*07:02,tcr3715,0
vdjdb_full_5129,AVFDRKSDAK_HLA-A*11:01,tcr10871,1
vdjdb_full_5129_rs_2_n0_iptm_filtered,AVFDRKSDAK_HLA-A*11:01,tcr12907,0
vdjdb_full_16190,GPRLGVRAT_HLA-B*07:02,tcr17055,1
vdjdb_full_16190_rs_2_n0_iptm_filtered,GPRLGVRAT_HLA-B*07:02,tcr9074,0
vdjdb_full_16659,QYIKWPWYI_HLA-A*24:02,tcr1138,1
vdjdb_full_16659_rs_2_n0_iptm_filtered,QYIKWPWYI_HLA-A*24:02,tcr5631,0
vdjdb_full_17377,RPIIRPATL_HLA-B*07:02,tcr12519,1
vdjdb_full_17377_rs_2_n0_iptm_filtered,RPIIRPATL_HLA-B*07:02,tcr8301,0
vdjdb_full_11970,ELAGIGILTV_HLA-A*02:01,tcr6581,1
vdjdb_full_11970_rs_2_n0_iptm_filtered,ELAGIGILTV_HLA-A*02:01,tcr5992,0
vdjdb_full_11626,ELAGIGILTV_HLA-A*02:01,tcr5857,1
vdjdb_full_11626_rs_2_n0_iptm_filtered,ELAGIGILTV_HLA-A*02:01,tcr5413,0
vdjdb_full_15903,KSKRTPMGF_HLA-B*57:01,tcr15063,1
vdjdb_full_15903_rs_2_n0_iptm_filtered,KSKRTPMGF_HLA-B*57:01,tcr12037,0
vdjdb_full_2405,GLCTLVAML_HLA-A*02:01,tcr3567,1
vdjdb_full_2405_rs_2_n0_iptm_filtered,GLCTLVAML_HLA-A*02:01,tcr5776,0
vdjdb_full_14891,LLWNGPMAV_HLA-A*02:01,tcr15907,1
vdjdb_full_14891_rs_2_n0_iptm_filtered,LLWNGPMAV_HLA-A*02:01,tcr123,0
vdjdb_full_13654,KTFPPTEPK_HLA-A*03:01,tcr11204,1
vdjdb_full_13654_rs_2_n0_iptm_filtered,KTFPPTEPK_HLA-A*03:01,tcr8144,0
vdjdb_full_17965,EPLPQGQLTAY_HLA-B*35:01,tcr17648,1
vdjdb_full_17965_rs_2_n0_iptm_filtered,EPLPQGQLTAY_HLA-B*35:01,tcr4308,0
vdjdb_full_16514,RPPIFIRRL_HLA-B*07:02,tcr11672,1
vdjdb_full_16514_rs_2_n0_iptm_filtered,RPPIFIRRL_HLA-B*07:02,tcr3269,0
vdjdb_full_13383,LPRWYFYYL_HLA-B*07:02,tcr7194,1
vdjdb_full_13383_rs_2_n0_iptm_filtered,LPRWYFYYL_HLA-B*07:02,tcr4020,0
vdjdb_full_17359,RPIIRPATL_HLA-B*07:02,tcr10515,1
vdjdb_full_17359_rs_2_n0_iptm_filtered,RPIIRPATL_HLA-B*07:02,tcr8122,0
vdjdb_full_14633,CTELKLSDY_HLA-A*01:01,tcr224,1
vdjdb_full_14633_rs_2_n0_iptm_filtered,CTELKLSDY_HLA-A*01:01,tcr16398,0
vdjdb_full_2131,GLCTLVAML_HLA-A*02:01,tcr1886,1
vdjdb_full_2131_rs_2_n0_iptm_filtered,GLCTLVAML_HLA-A*02:01,tcr5369,0
vdjdb_full_10507,LLSLFSLWL_HLA-A*02:01,tcr13474,1
vdjdb_full_10507_rs_2_n0_iptm_filtered,LLSLFSLWL_HLA-A*02:01,tcr3577,0
vdjdb_full_2504,GLCTLVAML_HLA-A*02:01,tcr10556,1
vdjdb_full_2504_rs_2_n0_iptm_filtered,GLCTLVAML_HLA-A*02:01,tcr160,0
vdjdb_full_2720,SLLMWITQV_HLA-A*02:01,tcr12683,1
vdjdb_full_2720_rs_2_n0_iptm_filtered,SLLMWITQV_HLA-A*02:01,tcr14960,0
vdjdb_full_8697,NLVPMVATV_HLA-A*02:01,tcr284,1
vdjdb_full_8697_rs_2_n0_iptm_filtered,NLVPMVATV_HLA-A*02:01,tcr16703,0
vdjdb_full_16360,PTDNYITTY_HLA-A*01:01,tcr12601,1
vdjdb_full_16360_rs_2_n0_iptm_filtered,PTDNYITTY_HLA-A*01:01,tcr15479,0
vdjdb_full_17847,TPSVSSSISSL_HLA-B*07:02,tcr10295,1
vdjdb_full_17847_rs_2_n0_iptm_filtered,TPSVSSSISSL_HLA-B*07:02,tcr8262,0
vdjdb_full_2349,GLCTLVAML_HLA-A*02:01,tcr6638,1
vdjdb_full_2349_rs_2_n0_iptm_filtered,GLCTLVAML_HLA-A*02:01,tcr4176,0
vdjdb_full_15551,FLRGRAYGL_HLA-B*08:01,tcr6133,1
vdjdb_full_15551_rs_2_n0_iptm_filtered,FLRGRAYGL_HLA-B*08:01,tcr2295,0
vdjdb_full_15827,ALGIGILTV_HLA-A*02:01,tcr15552,1
vdjdb_full_15827_rs_2_n0_iptm_filtered,ALGIGILTV_HLA-A*02:01,tcr11223,0
vdjdb_full_15693,FLRGRAYGL_HLA-B*08:01,tcr1189,1
vdjdb_full_15693_rs_2_n0_iptm_filtered,FLRGRAYGL_HLA-B*08:01,tcr7856,0
vdjdb_full_16631,QYIKWPWYI_HLA-A*24:02,tcr11970,1
vdjdb_full_16631_rs_2_n0_iptm_filtered,QYIKWPWYI_HLA-A*24:02,tcr3290,0
vdjdb_full_13375,LPRWYFYYL_HLA-B*07:02,tcr6352,1
vdjdb_full_13375_rs_2_n0_iptm_filtered,LPRWYFYYL_HLA-B*07:02,tcr17592,0
vdjdb_full_15692,FLRGRAYGL_HLA-B*08:01,tcr3924,1
vdjdb_full_15692_rs_2_n0_iptm_filtered,FLRGRAYGL_HLA-B*08:01,tcr7002,0
vdjdb_full_15946,KSKRTPMGF_HLA-B*57:01,tcr6823,1
vdjdb_full_15946_rs_2_n0_iptm_filtered,KSKRTPMGF_HLA-B*57:01,tcr12243,0
vdjdb_full_13410,FLYALALLL_HLA-A*02:01,tcr3073,1
vdjdb_full_13410_rs_2_n0_iptm_filtered,FLYALALLL_HLA-A*02:01,tcr14011,0
vdjdb_full_11494,ATDALMTGF_HLA-A*01:01,tcr16144,1
vdjdb_full_11494_rs_2_n0_iptm_filtered,ATDALMTGF_HLA-A*01:01,tcr9720,0
vdjdb_full_16351,VTDAAHLLI_HLA-A*01:01,tcr2396,1
vdjdb_full_16351_rs_2_n0_iptm_filtered,VTDAAHLLI_HLA-A*01:01,tcr12902,0
vdjdb_full_11582,ATDALMTGF_HLA-A*01:01,tcr11930,1
vdjdb_full_11582_rs_2_n0_iptm_filtered,ATDALMTGF_HLA-A*01:01,tcr5972,0
vdjdb_full_11720,ELAGIGILTV_HLA-A*02:01,tcr15815,1
vdjdb_full_11720_rs_2_n0_iptm_filtered,ELAGIGILTV_HLA-A*02:01,tcr5827,0
vdjdb_full_17114,HSNLNDATY_HLA-A*01:01,tcr2180,1
vdjdb_full_17114_rs_2_n0_iptm_filtered,HSNLNDATY_HLA-A*01:01,tcr16762,0
vdjdb_full_13528,LLFGYPVYV_HLA-A*02:01,tcr12497,1
vdjdb_full_13528_rs_2_n0_iptm_filtered,LLFGYPVYV_HLA-A*02:01,tcr5307,0
vdjdb_full_17313,KSVNITFEL_HLA-A*02:01,tcr7581,1
vdjdb_full_17313_rs_2_n0_iptm_filtered,KSVNITFEL_HLA-A*02:01,tcr16620,0
vdjdb_full_8767,LLAGIGTVPI_HLA-A*02:01,tcr4414,1
vdjdb_full_8767_rs_2_n0_iptm_filtered,LLAGIGTVPI_HLA-A*02:01,tcr15097,0
vdjdb_full_10510,LLSLFSLWL_HLA-A*02:01,tcr10121,1
vdjdb_full_10510_rs_2_n0_iptm_filtered,LLSLFSLWL_HLA-A*02:01,tcr17055,0
vdjdb_full_13262,CLGGLLTMV_HLA-A*02:01,tcr5660,1
vdjdb_full_13262_rs_2_n0_iptm_filtered,CLGGLLTMV_HLA-A*02:01,tcr9972,0
vdjdb_full_16857,MEVTPSGTWL_HLA-B*40:01,tcr10256,1
vdjdb_full_16857_rs_2_n0_iptm_filtered,MEVTPSGTWL_HLA-B*40:01,tcr1504,0
vdjdb_full_17178,ALSKGVHFV_HLA-A*02:01,tcr4768,1
vdjdb_full_17178_rs_2_n0_iptm_filtered,ALSKGVHFV_HLA-A*02:01,tcr16125,0
vdjdb_full_11539,ATDALMTGF_HLA-A*01:01,tcr1000,1
vdjdb_full_11539_rs_2_n0_iptm_filtered,ATDALMTGF_HLA-A*01:01,tcr5039,0
vdjdb_full_11576,ATDALMTGF_HLA-A*01:01,tcr5551,1
vdjdb_full_11576_rs_2_n0_iptm_filtered,ATDALMTGF_HLA-A*01:01,tcr1293,0
vdjdb_full_8455,NLVPMVATV_HLA-A*02:01,tcr14874,1
vdjdb_full_8455_rs_2_n0_iptm_filtered,NLVPMVATV_HLA-A*02:01,tcr7314,0
vdjdb_full_7903,GILGFVFTL_HLA-A*02:01,tcr6676,1
vdjdb_full_7903_rs_2_n0_iptm_filtered,GILGFVFTL_HLA-A*02:01,tcr3615,0
vdjdb_full_16932,RTATKAYNV_HLA-A*02:01,tcr9620,1
vdjdb_full_16932_rs_2_n0_iptm_filtered,RTATKAYNV_HLA-A*02:01,tcr9975,0
vdjdb_full_11133,TTDPSFLGRY_HLA-A*01:01,tcr10650,1
vdjdb_full_11133_rs_2_n0_iptm_filtered,TTDPSFLGRY_HLA-A*01:01,tcr8914,0
vdjdb_full_14886,LLWNGPMAV_HLA-A*02:01,tcr10370,1
vdjdb_full_14886_rs_2_n0_iptm_filtered,LLWNGPMAV_HLA-A*02:01,tcr10415,0
vdjdb_full_17408,RGPGRAFVTI_HLA-A*02:01,tcr5048,1
vdjdb_full_17408_rs_2_n0_iptm_filtered,RGPGRAFVTI_HLA-A*02:01,tcr12372,0
vdjdb_full_10213,RLRAEAQVK_HLA-A*03:01,tcr2869,1
vdjdb_full_10213_rs_2_n0_iptm_filtered,RLRAEAQVK_HLA-A*03:01,tcr4462,0
vdjdb_full_12123,FTSDYYQLY_HLA-A*01:01,tcr8457,1
vdjdb_full_12123_rs_2_n0_iptm_filtered,FTSDYYQLY_HLA-A*01:01,tcr1927,0
vdjdb_full_12088,ALAGIGILTV_HLA-A*02:01,tcr12348,1
vdjdb_full_12088_rs_2_n0_iptm_filtered,ALAGIGILTV_HLA-A*02:01,tcr227,0
vdjdb_full_17260,YAKWKLCSA_HLA-B*08:01,tcr10909,1
vdjdb_full_17260_rs_2_n0_iptm_filtered,YAKWKLCSA_HLA-B*08:01,tcr3657,0
vdjdb_full_17688,ALWALPHAA_HLA-A*02:01,tcr8785,1
vdjdb_full_17688_rs_2_n0_iptm_filtered,ALWALPHAA_HLA-A*02:01,tcr10232,0
vdjdb_full_15,QAKWRLQTL_HLA-B*08:01,tcr4369,1
vdjdb_full_15_rs_2_n0_iptm_filtered,QAKWRLQTL_HLA-B*08:01,tcr17963,0
vdjdb_full_16205,GPRLGVRAT_HLA-B*07:02,tcr11176,1
vdjdb_full_16205_rs_2_n0_iptm_filtered,GPRLGVRAT_HLA-B*07:02,tcr4884,0
vdjdb_full_16346,VTDAAHLLI_HLA-A*01:01,tcr14880,1
vdjdb_full_16346_rs_2_n0_iptm_filtered,VTDAAHLLI_HLA-A*01:01,tcr13495,0
vdjdb_full_15300,CINGVCWTV_HLA-A*02:01,tcr7937,1
vdjdb_full_15300_rs_2_n0_iptm_filtered,CINGVCWTV_HLA-A*02:01,tcr3564,0
vdjdb_full_16024,KLVALGINAV_HLA-A*02:01,tcr16023,1
vdjdb_full_16024_rs_2_n0_iptm_filtered,KLVALGINAV_HLA-A*02:01,tcr16994,0
vdjdb_full_9988,RLRAEAQVK_HLA-A*03:01,tcr7400,1
vdjdb_full_9988_rs_2_n0_iptm_filtered,RLRAEAQVK_HLA-A*03:01,tcr6821,0
vdjdb_full_3692,SLLMWITQV_HLA-A*02:01,tcr17033,1
vdjdb_full_3692_rs_2_n0_iptm_filtered,SLLMWITQV_HLA-A*02:01,tcr6195,0
vdjdb_full_17839,TPSVSSSISSL_HLA-B*07:02,tcr6502,1
vdjdb_full_17839_rs_2_n0_iptm_filtered,TPSVSSSISSL_HLA-B*07:02,tcr10661,0
vdjdb_full_16781,RLPGVLPRA_HLA-A*02:01,tcr5732,1
vdjdb_full_16781_rs_2_n0_iptm_filtered,RLPGVLPRA_HLA-A*02:01,tcr3798,0
vdjdb_full_14138,RVRAYTYSK_HLA-A*03:01,tcr16155,1
vdjdb_full_14138_rs_2_n0_iptm_filtered,RVRAYTYSK_HLA-A*03:01,tcr2890,0
vdjdb_full_16183,GPRLGVRAT_HLA-B*07:02,tcr54,1
vdjdb_full_16183_rs_2_n0_iptm_filtered,GPRLGVRAT_HLA-B*07:02,tcr15323,0
vdjdb_full_11607,ATDALMTGF_HLA-A*01:01,tcr3873,1
vdjdb_full_11607_rs_2_n0_iptm_filtered,ATDALMTGF_HLA-A*01:01,tcr13034,0
vdjdb_full_16409,EAAGIGILTV_HLA-A*02:01,tcr16158,1
vdjdb_full_16409_rs_2_n0_iptm_filtered,EAAGIGILTV_HLA-A*02:01,tcr194,0
vdjdb_full_16674,VMNILLQYV_HLA-A*02:01,tcr7523,1
vdjdb_full_16674_rs_2_n0_iptm_filtered,VMNILLQYV_HLA-A*02:01,tcr4382,0
vdjdb_full_15864,KSKRTPMGF_HLA-B*57:01,tcr7274,1
vdjdb_full_15864_rs_2_n0_iptm_filtered,KSKRTPMGF_HLA-B*57:01,tcr15058,0
vdjdb_full_14673,CTELKLSDY_HLA-A*01:01,tcr11148,1
vdjdb_full_14673_rs_2_n0_iptm_filtered,CTELKLSDY_HLA-A*01:01,tcr12076,0
vdjdb_full_13814,TPRVTGGGAM_HLA-B*07:02,tcr6688,1
vdjdb_full_13814_rs_2_n0_iptm_filtered,TPRVTGGGAM_HLA-B*07:02,tcr6593,0
vdjdb_full_14572,RVRAYTYSK_HLA-A*03:01,tcr8219,1
vdjdb_full_14572_rs_2_n0_iptm_filtered,RVRAYTYSK_HLA-A*03:01,tcr14265,0
vdjdb_full_4531,SLLMWITQV_HLA-A*02:01,tcr17747,1
vdjdb_full_4531_rs_2_n0_iptm_filtered,SLLMWITQV_HLA-A*02:01,tcr5500,0
vdjdb_full_8125,GILGFVFTL_HLA-A*02:01,tcr9797,1
vdjdb_full_8125_rs_2_n0_iptm_filtered,GILGFVFTL_HLA-A*02:01,tcr11952,0
vdjdb_full_11027,SPRWYFYYL_HLA-B*07:02,tcr8489,1
vdjdb_full_11027_rs_2_n0_iptm_filtered,SPRWYFYYL_HLA-B*07:02,tcr2732,0
vdjdb_full_16677,VMNILLQYV_HLA-A*02:01,tcr5814,1
vdjdb_full_16677_rs_2_n0_iptm_filtered,VMNILLQYV_HLA-A*02:01,tcr10681,0
vdjdb_full_14621,CTELKLSDY_HLA-A*01:01,tcr5565,1
vdjdb_full_14621_rs_2_n0_iptm_filtered,CTELKLSDY_HLA-A*01:01,tcr4124,0
vdjdb_full_15016,LLWNGPMAV_HLA-A*02:01,tcr14352,1
vdjdb_full_15016_rs_2_n0_iptm_filtered,LLWNGPMAV_HLA-A*02:01,tcr12985,0
vdjdb_full_8751,LLAGIGTVPI_HLA-A*02:01,tcr373,1
vdjdb_full_8751_rs_2_n0_iptm_filtered,LLAGIGTVPI_HLA-A*02:01,tcr10927,0
vdjdb_full_13370,LPRWYFYYL_HLA-B*07:02,tcr14329,1
vdjdb_full_13370_rs_2_n0_iptm_filtered,LPRWYFYYL_HLA-B*07:02,tcr12433,0
vdjdb_full_14717,RPRGEVRFL_HLA-B*07:02,tcr6195,1
vdjdb_full_14717_rs_2_n0_iptm_filtered,RPRGEVRFL_HLA-B*07:02,tcr1334,0
vdjdb_full_13549,LLFGYPVYV_HLA-A*02:01,tcr1927,1
vdjdb_full_13549_rs_2_n0_iptm_filtered,LLFGYPVYV_HLA-A*02:01,tcr5439,0
vdjdb_full_17964,EPLPQGQLTAY_HLA-B*35:01,tcr479,1
vdjdb_full_17964_rs_2_n0_iptm_filtered,EPLPQGQLTAY_HLA-B*35:01,tcr9872,0
vdjdb_full_12105,ALAGIGILTV_HLA-A*02:01,tcr610,1
vdjdb_full_12105_rs_2_n0_iptm_filtered,ALAGIGILTV_HLA-A*02:01,tcr10855,0
vdjdb_full_13430,FLYALALLL_HLA-A*02:01,tcr16377,1
vdjdb_full_13430_rs_2_n0_iptm_filtered,FLYALALLL_HLA-A*02:01,tcr5970,0
vdjdb_full_17685,ALWALPHAA_HLA-A*02:01,tcr7468,1
vdjdb_full_17685_rs_2_n0_iptm_filtered,ALWALPHAA_HLA-A*02:01,tcr1633,0
vdjdb_full_13565,KTFPPTEPK_HLA-A*03:01,tcr1292,1
vdjdb_full_13565_rs_2_n0_iptm_filtered,KTFPPTEPK_HLA-A*03:01,tcr4649,0
vdjdb_full_14409,RVRAYTYSK_HLA-A*03:01,tcr12995,1
vdjdb_full_14409_rs_2_n0_iptm_filtered,RVRAYTYSK_HLA-A*03:01,tcr11632,0
vdjdb_full_9476,YVLDHLIVV_HLA-A*02:01,tcr4850,1
vdjdb_full_9476_rs_2_n0_iptm_filtered,YVLDHLIVV_HLA-A*02:01,tcr9125,0
vdjdb_full_17133,HSNLNDATY_HLA-A*01:01,tcr13503,1
vdjdb_full_17133_rs_2_n0_iptm_filtered,HSNLNDATY_HLA-A*01:01,tcr11423,0
vdjdb_full_15994,KLVALGINAV_HLA-A*02:01,tcr10219,1
vdjdb_full_15994_rs_2_n0_iptm_filtered,KLVALGINAV_HLA-A*02:01,tcr15668,0
vdjdb_full_8837,LLAGIGTVPI_HLA-A*02:01,tcr3549,1
vdjdb_full_8837_rs_2_n0_iptm_filtered,LLAGIGTVPI_HLA-A*02:01,tcr2929,0
vdjdb_full_13542,LLFGYPVYV_HLA-A*02:01,tcr14379,1
vdjdb_full_13542_rs_2_n0_iptm_filtered,LLFGYPVYV_HLA-A*02:01,tcr8122,0
vdjdb_full_13555,LLFGYPVYV_HLA-A*02:01,tcr15472,1
vdjdb_full_13555_rs_2_n0_iptm_filtered,LLFGYPVYV_HLA-A*02:01,tcr2984,0
vdjdb_full_14822,LLWNGPMAV_HLA-A*02:01,tcr16994,1
vdjdb_full_14822_rs_2_n0_iptm_filtered,LLWNGPMAV_HLA-A*02:01,tcr13517,0
vdjdb_full_16361,PTDNYITTY_HLA-A*01:01,tcr14948,1
vdjdb_full_16361_rs_2_n0_iptm_filtered,PTDNYITTY_HLA-A*01:01,tcr10803,0
vdjdb_full_30,QAKWRLQTL_HLA-B*08:01,tcr17072,1
vdjdb_full_30_rs_2_n0_iptm_filtered,QAKWRLQTL_HLA-B*08:01,tcr2048,0
vdjdb_full_15636,FLRGRAYGL_HLA-B*08:01,tcr7219,1
vdjdb_full_15636_rs_2_n0_iptm_filtered,FLRGRAYGL_HLA-B*08:01,tcr8880,0
vdjdb_full_13652,KTFPPTEPK_HLA-A*03:01,tcr11811,1
vdjdb_full_13652_rs_2_n0_iptm_filtered,KTFPPTEPK_HLA-A*03:01,tcr17674,0
vdjdb_full_4218,SLLMWITQV_HLA-A*02:01,tcr136,1
vdjdb_full_4218_rs_2_n0_iptm_filtered,SLLMWITQV_HLA-A*02:01,tcr17541,0
vdjdb_full_15665,FLRGRAYGL_HLA-B*08:01,tcr15771,1
vdjdb_full_15665_rs_2_n0_iptm_filtered,FLRGRAYGL_HLA-B*08:01,tcr12611,0
vdjdb_full_16478,RPPIFIRRL_HLA-B*07:02,tcr15159,1
vdjdb_full_16478_rs_2_n0_iptm_filtered,RPPIFIRRL_HLA-B*07:02,tcr439,0
vdjdb_full_9024,LLAGIGTVPI_HLA-A*02:01,tcr3863,1
vdjdb_full_9024_rs_2_n0_iptm_filtered,LLAGIGTVPI_HLA-A*02:01,tcr16860,0
vdjdb_full_14682,CTELKLSDY_HLA-A*01:01,tcr6715,1
vdjdb_full_14682_rs_2_n0_iptm_filtered,CTELKLSDY_HLA-A*01:01,tcr14190,0
vdjdb_full_12063,ALAGIGILTV_HLA-A*02:01,tcr7045,1
vdjdb_full_12063_rs_2_n0_iptm_filtered,ALAGIGILTV_HLA-A*02:01,tcr3970,0
vdjdb_full_13390,FLYALALLL_HLA-A*02:01,tcr5425,1
vdjdb_full_13390_rs_2_n0_iptm_filtered,FLYALALLL_HLA-A*02:01,tcr18338,0
vdjdb_full_11858,ELAGIGILTV_HLA-A*02:01,tcr11423,1
vdjdb_full_11858_rs_2_n0_iptm_filtered,ELAGIGILTV_HLA-A*02:01,tcr7487,0
vdjdb_full_16941,RTATKAYNV_HLA-A*02:01,tcr2602,1
vdjdb_full_16941_rs_2_n0_iptm_filtered,RTATKAYNV_HLA-A*02:01,tcr3970,0
vdjdb_full_13910,AYAQKIFKI_HLA-A*24:02,tcr2762,1
vdjdb_full_13910_rs_2_n0_iptm_filtered,AYAQKIFKI_HLA-A*24:02,tcr4506,0
vdjdb_full_11510,ATDALMTGF_HLA-A*01:01,tcr17024,1
vdjdb_full_11510_rs_2_n0_iptm_filtered,ATDALMTGF_HLA-A*01:01,tcr15147,0
vdjdb_full_8979,LLAGIGTVPI_HLA-A*02:01,tcr18338,1
vdjdb_full_8979_rs_2_n0_iptm_filtered,LLAGIGTVPI_HLA-A*02:01,tcr15730,0
vdjdb_full_11350,TTDPSFLGRY_HLA-A*01:01,tcr8253,1
vdjdb_full_11350_rs_2_n0_iptm_filtered,TTDPSFLGRY_HLA-A*01:01,tcr17536,0
vdjdb_full_11588,ATDALMTGF_HLA-A*01:01,tcr227,1
vdjdb_full_11588_rs_2_n0_iptm_filtered,ATDALMTGF_HLA-A*01:01,tcr12674,0
vdjdb_full_11750,ELAGIGILTV_HLA-A*02:01,tcr6390,1
vdjdb_full_11750_rs_2_n0_iptm_filtered,ELAGIGILTV_HLA-A*02:01,tcr6415,0
vdjdb_full_15907,KSKRTPMGF_HLA-B*57:01,tcr5066,1
vdjdb_full_15907_rs_2_n0_iptm_filtered,KSKRTPMGF_HLA-B*57:01,tcr958,0
vdjdb_full_9484,YVLDHLIVV_HLA-A*02:01,tcr7129,1
vdjdb_full_9484_rs_2_n0_iptm_filtered,YVLDHLIVV_HLA-A*02:01,tcr6469,0
vdjdb_full_8461,NLVPMVATV_HLA-A*02:01,tcr13741,1
vdjdb_full_8461_rs_2_n0_iptm_filtered,NLVPMVATV_HLA-A*02:01,tcr4133,0
vdjdb_full_10751,SPRWYFYYL_HLA-B*07:02,tcr8312,1
vdjdb_full_10751_rs_2_n0_iptm_filtered,SPRWYFYYL_HLA-B*07:02,tcr18147,0
vdjdb_full_14765,RAQAPPPSW_HLA-B*57:01,tcr17040,1
vdjdb_full_14765_rs_2_n0_iptm_filtered,RAQAPPPSW_HLA-B*57:01,tcr7395,0
vdjdb_full_9613,YLQPRTFLL_HLA-A*02:01,tcr16762,1
vdjdb_full_9613_rs_2_n0_iptm_filtered,YLQPRTFLL_HLA-A*02:01,tcr12880,0
vdjdb_full_13250,HPVGEADYFEY_HLA-B*35:01,tcr15326,1
vdjdb_full_13250_rs_2_n0_iptm_filtered,HPVGEADYFEY_HLA-B*35:01,tcr16880,0
vdjdb_full_16399,EAAGIGILTV_HLA-A*02:01,tcr16562,1
vdjdb_full_16399_rs_2_n0_iptm_filtered,EAAGIGILTV_HLA-A*02:01,tcr17893,0
vdjdb_full_15664,FLRGRAYGL_HLA-B*08:01,tcr18369,1
vdjdb_full_15664_rs_2_n0_iptm_filtered,FLRGRAYGL_HLA-B*08:01,tcr423,0
vdjdb_full_12525,IVTDFSVIK_HLA-A*11:01,tcr4313,1
vdjdb_full_12525_rs_2_n0_iptm_filtered,IVTDFSVIK_HLA-A*11:01,tcr7572,0
vdjdb_full_12082,ALAGIGILTV_HLA-A*02:01,tcr15459,1
vdjdb_full_12082_rs_2_n0_iptm_filtered,ALAGIGILTV_HLA-A*02:01,tcr6715,0
vdjdb_full_16459,RTATKQYNV_HLA-A*02:01,tcr6264,1
vdjdb_full_16459_rs_2_n0_iptm_filtered,RTATKQYNV_HLA-A*02:01,tcr14960,0
vdjdb_full_13857,TPRVTGGGAM_HLA-B*07:02,tcr1520,1
vdjdb_full_13857_rs_2_n0_iptm_filtered,TPRVTGGGAM_HLA-B*07:02,tcr1147,0
vdjdb_full_11421,TTDPSFLGRY_HLA-A*01:01,tcr9557,1
vdjdb_full_11421_rs_2_n0_iptm_filtered,TTDPSFLGRY_HLA-A*01:01,tcr4969,0
vdjdb_full_10032,RLRAEAQVK_HLA-A*03:01,tcr8122,1
vdjdb_full_10032_rs_2_n0_iptm_filtered,RLRAEAQVK_HLA-A*03:01,tcr614,0
vdjdb_full_15950,KSKRTPMGF_HLA-B*57:01,tcr13315,1
vdjdb_full_15950_rs_2_n0_iptm_filtered,KSKRTPMGF_HLA-B*57:01,tcr14774,0
vdjdb_full_15177,ALWEIQQVV_HLA-A*02:01,tcr17959,1
vdjdb_full_15177_rs_2_n0_iptm_filtered,ALWEIQQVV_HLA-A*02:01,tcr3188,0
vdjdb_full_16914,RTATKAYNV_HLA-A*02:01,tcr10626,1
vdjdb_full_16914_rs_2_n0_iptm_filtered,RTATKAYNV_HLA-A*02:01,tcr14500,0
vdjdb_full_15256,FLSINVHKV_HLA-A*02:01,tcr12902,1
vdjdb_full_15256_rs_2_n0_iptm_filtered,FLSINVHKV_HLA-A*02:01,tcr17322,0
vdjdb_full_2074,GLCTLVAML_HLA-A*02:01,tcr5669,1
vdjdb_full_2074_rs_2_n0_iptm_filtered,GLCTLVAML_HLA-A*02:01,tcr16690,0
vdjdb_full_13254,HPVGEADYFEY_HLA-B*35:01,tcr12233,1
vdjdb_full_13254_rs_2_n0_iptm_filtered,HPVGEADYFEY_HLA-B*35:01,tcr17725,0
vdjdb_full_14951,LLWNGPMAV_HLA-A*02:01,tcr16243,1
vdjdb_full_14951_rs_2_n0_iptm_filtered,LLWNGPMAV_HLA-A*02:01,tcr3755,0
vdjdb_full_11641,ELAGIGILTV_HLA-A*02:01,tcr12357,1
vdjdb_full_11641_rs_2_n0_iptm_filtered,ELAGIGILTV_HLA-A*02:01,tcr11072,0
vdjdb_full_16922,RTATKAYNV_HLA-A*02:01,tcr13623,1
vdjdb_full_16922_rs_2_n0_iptm_filtered,RTATKAYNV_HLA-A*02:01,tcr9181,0
vdjdb_full_15138,NQKLIANQF_HLA-B*15:01,tcr2609,1
vdjdb_full_15138_rs_2_n0_iptm_filtered,NQKLIANQF_HLA-B*15:01,tcr9527,0
vdjdb_full_16498,RPPIFIRRL_HLA-B*07:02,tcr17581,1
vdjdb_full_16498_rs_2_n0_iptm_filtered,RPPIFIRRL_HLA-B*07:02,tcr17033,0
vdjdb_full_9165,LLAGIGTVPI_HLA-A*02:01,tcr6708,1
vdjdb_full_9165_rs_2_n0_iptm_filtered,LLAGIGTVPI_HLA-A*02:01,tcr7480,0
vdjdb_full_15080,NQKLIANQF_HLA-B*15:01,tcr5152,1
vdjdb_full_15080_rs_2_n0_iptm_filtered,NQKLIANQF_HLA-B*15:01,tcr9720,0
vdjdb_full_10535,HPNGYKSLSTL_HLA-B*07:02,tcr11729,1
vdjdb_full_10535_rs_2_n0_iptm_filtered,HPNGYKSLSTL_HLA-B*07:02,tcr9389,0
vdjdb_full_15825,ALGIGILTV_HLA-A*02:01,tcr3436,1
vdjdb_full_15825_rs_2_n0_iptm_filtered,ALGIGILTV_HLA-A*02:01,tcr14081,0
vdjdb_full_13353,RMFPNAPYL_HLA-A*02:01,tcr9182,1
vdjdb_full_13353_rs_2_n0_iptm_filtered,RMFPNAPYL_HLA-A*02:01,tcr3624,0
vdjdb_full_17719,TLWCSPIKV_HLA-A*02:01,tcr10981,1
vdjdb_full_17719_rs_2_n0_iptm_filtered,TLWCSPIKV_HLA-A*02:01,tcr6149,0
vdjdb_full_14640,CTELKLSDY_HLA-A*01:01,tcr12570,1
vdjdb_full_14640_rs_2_n0_iptm_filtered,CTELKLSDY_HLA-A*01:01,tcr4114,0
vdjdb_full_17339,RVAGDSGFAAY_HLA-B*15:01,tcr16206,1
vdjdb_full_17339_rs_2_n0_iptm_filtered,RVAGDSGFAAY_HLA-B*15:01,tcr6824,0
vdjdb_full_12035,ALAGIGILTV_HLA-A*02:01,tcr1816,1
vdjdb_full_12035_rs_2_n0_iptm_filtered,ALAGIGILTV_HLA-A*02:01,tcr194,0
vdjdb_full_9127,LLAGIGTVPI_HLA-A*02:01,tcr10843,1
vdjdb_full_9127_rs_2_n0_iptm_filtered,LLAGIGTVPI_HLA-A*02:01,tcr10655,0
vdjdb_full_17037,LLYDANYFL_HLA-A*02:01,tcr9664,1
vdjdb_full_17037_rs_2_n0_iptm_filtered,LLYDANYFL_HLA-A*02:01,tcr5112,0
vdjdb_full_2327,GLCTLVAML_HLA-A*02:01,tcr13825,1
vdjdb_full_2327_rs_2_n0_iptm_filtered,GLCTLVAML_HLA-A*02:01,tcr16970,0
vdjdb_full_61,QAKWRLQTL_HLA-B*08:01,tcr7002,1
vdjdb_full_61_rs_2_n0_iptm_filtered,QAKWRLQTL_HLA-B*08:01,tcr3657,0
vdjdb_full_16475,RPPIFIRRL_HLA-B*07:02,tcr12536,1
vdjdb_full_16475_rs_2_n0_iptm_filtered,RPPIFIRRL_HLA-B*07:02,tcr16835,0
vdjdb_full_2141,GLCTLVAML_HLA-A*02:01,tcr614,1
vdjdb_full_2141_rs_2_n0_iptm_filtered,GLCTLVAML_HLA-A*02:01,tcr7937,0
vdjdb_full_8423,NLVPMVATV_HLA-A*02:01,tcr10864,1
vdjdb_full_8423_rs_2_n0_iptm_filtered,NLVPMVATV_HLA-A*02:01,tcr1125,0
vdjdb_full_16357,PTDNYITTY_HLA-A*01:01,tcr18361,1
vdjdb_full_16357_rs_2_n0_iptm_filtered,PTDNYITTY_HLA-A*01:01,tcr11598,0
vdjdb_full_11671,ELAGIGILTV_HLA-A*02:01,tcr13471,1
vdjdb_full_11671_rs_2_n0_iptm_filtered,ELAGIGILTV_HLA-A*02:01,tcr3459,0
vdjdb_full_9195,YVLDHLIVV_HLA-A*02:01,tcr6996,1
vdjdb_full_9195_rs_2_n0_iptm_filtered,YVLDHLIVV_HLA-A*02:01,tcr2363,0
vdjdb_full_11078,AAGIGILTV_HLA-A*02:01,tcr11415,1
vdjdb_full_11078_rs_2_n0_iptm_filtered,AAGIGILTV_HLA-A*02:01,tcr4127,0
vdjdb_full_12086,ALAGIGILTV_HLA-A*02:01,tcr235,1
vdjdb_full_12086_rs_2_n0_iptm_filtered,ALAGIGILTV_HLA-A*02:01,tcr5039,0
vdjdb_full_14875,LLWNGPMAV_HLA-A*02:01,tcr7084,1
vdjdb_full_14875_rs_2_n0_iptm_filtered,LLWNGPMAV_HLA-A*02:01,tcr17402,0
vdjdb_full_11036,SPRWYFYYL_HLA-B*07:02,tcr1478,1
vdjdb_full_11036_rs_2_n0_iptm_filtered,SPRWYFYYL_HLA-B*07:02,tcr11842,0
vdjdb_full_2387,GLCTLVAML_HLA-A*02:01,tcr4114,1
vdjdb_full_2387_rs_2_n0_iptm_filtered,GLCTLVAML_HLA-A*02:01,tcr5820,0
vdjdb_full_14911,LLWNGPMAV_HLA-A*02:01,tcr194,1
vdjdb_full_14911_rs_2_n0_iptm_filtered,LLWNGPMAV_HLA-A*02:01,tcr12911,0
vdjdb_full_2126,GLCTLVAML_HLA-A*02:01,tcr8290,1
vdjdb_full_2126_rs_2_n0_iptm_filtered,GLCTLVAML_HLA-A*02:01,tcr14081,0
vdjdb_full_16952,NYNYLYRLF_HLA-A*24:02,tcr8994,1
vdjdb_full_16952_rs_2_n0_iptm_filtered,NYNYLYRLF_HLA-A*24:02,tcr16713,0
vdjdb_full_10670,LTDEMIAQY_HLA-A*01:01,tcr4006,1
vdjdb_full_10670_rs_2_n0_iptm_filtered,LTDEMIAQY_HLA-A*01:01,tcr11204,0
vdjdb_full_13819,TPRVTGGGAM_HLA-B*07:02,tcr8629,1
vdjdb_full_13819_rs_2_n0_iptm_filtered,TPRVTGGGAM_HLA-B*07:02,tcr14874,0
vdjdb_full_10519,HPNGYKSLSTL_HLA-B*07:02,tcr16713,1
vdjdb_full_10519_rs_2_n0_iptm_filtered,HPNGYKSLSTL_HLA-B*07:02,tcr2420,0
vdjdb_full_16061,KLVAMGINAV_HLA-A*02:01,tcr9044,1
vdjdb_full_16061_rs_2_n0_iptm_filtered,KLVAMGINAV_HLA-A*02:01,tcr12502,0
vdjdb_full_13440,FLYALALLL_HLA-A*02:01,tcr9125,1
vdjdb_full_13440_rs_2_n0_iptm_filtered,FLYALALLL_HLA-A*02:01,tcr14644,0
vdjdb_full_13899,AYAQKIFKI_HLA-A*24:02,tcr8341,1
vdjdb_full_13899_rs_2_n0_iptm_filtered,AYAQKIFKI_HLA-A*24:02,tcr7581,0
vdjdb_full_15674,FLRGRAYGL_HLA-B*08:01,tcr9980,1
vdjdb_full_15674_rs_2_n0_iptm_filtered,FLRGRAYGL_HLA-B*08:01,tcr7045,0
vdjdb_full_16702,VAANIVLTV_HLA-A*02:01,tcr7381,1
vdjdb_full_16702_rs_2_n0_iptm_filtered,VAANIVLTV_HLA-A*02:01,tcr8893,0
vdjdb_full_13532,LLFGYPVYV_HLA-A*02:01,tcr8893,1
vdjdb_full_13532_rs_2_n0_iptm_filtered,LLFGYPVYV_HLA-A*02:01,tcr7180,0
vdjdb_full_15013,LLWNGPMAV_HLA-A*02:01,tcr12674,1
vdjdb_full_15013_rs_2_n0_iptm_filtered,LLWNGPMAV_HLA-A*02:01,tcr9547,0
vdjdb_full_2638,SLLMWITQV_HLA-A*02:01,tcr12581,1
vdjdb_full_2638_rs_2_n0_iptm_filtered,SLLMWITQV_HLA-A*02:01,tcr4796,0
vdjdb_full_9122,LLAGIGTVPI_HLA-A*02:01,tcr15481,1
vdjdb_full_9122_rs_2_n0_iptm_filtered,LLAGIGTVPI_HLA-A*02:01,tcr12981,0
vdjdb_full_8357,NLVPMVATV_HLA-A*02:01,tcr3325,1
vdjdb_full_8357_rs_2_n0_iptm_filtered,NLVPMVATV_HLA-A*02:01,tcr1816,0
vdjdb_full_9629,YLQPRTFLL_HLA-A*02:01,tcr589,1
vdjdb_full_9629_rs_2_n0_iptm_filtered,YLQPRTFLL_HLA-A*02:01,tcr18174,0
vdjdb_full_9035,LLAGIGTVPI_HLA-A*02:01,tcr2740,1
vdjdb_full_9035_rs_2_n0_iptm_filtered,LLAGIGTVPI_HLA-A*02:01,tcr10551,0
vdjdb_full_16735,YLLEMLWRL_HLA-A*02:01,tcr6407,1
vdjdb_full_16735_rs_2_n0_iptm_filtered,YLLEMLWRL_HLA-A*02:01,tcr2869,0
vdjdb_full_16387,PTDNYITTY_HLA-A*01:01,tcr14354,1
vdjdb_full_16387_rs_2_n0_iptm_filtered,PTDNYITTY_HLA-A*01:01,tcr17125,0
vdjdb_full_17373,RPIIRPATL_HLA-B*07:02,tcr13873,1
vdjdb_full_17373_rs_2_n0_iptm_filtered,RPIIRPATL_HLA-B*07:02,tcr4418,0
vdjdb_full_6520,GILGFVFTL_HLA-A*02:01,tcr4469,1
vdjdb_full_6520_rs_2_n0_iptm_filtered,GILGFVFTL_HLA-A*02:01,tcr14158,0
vdjdb_full_15947,KSKRTPMGF_HLA-B*57:01,tcr9790,1
vdjdb_full_15947_rs_2_n0_iptm_filtered,KSKRTPMGF_HLA-B*57:01,tcr12392,0
vdjdb_full_10527,HPNGYKSLSTL_HLA-B*07:02,tcr10289,1
vdjdb_full_10527_rs_2_n0_iptm_filtered,HPNGYKSLSTL_HLA-B*07:02,tcr12357,0
vdjdb_full_11875,ELAGIGILTV_HLA-A*02:01,tcr3835,1
vdjdb_full_11875_rs_2_n0_iptm_filtered,ELAGIGILTV_HLA-A*02:01,tcr249,0
vdjdb_full_13527,LLFGYPVYV_HLA-A*02:01,tcr14311,1
vdjdb_full_13527_rs_2_n0_iptm_filtered,LLFGYPVYV_HLA-A*02:01,tcr11798,0
vdjdb_full_16456,RTATKQYNV_HLA-A*02:01,tcr2295,1
vdjdb_full_16456_rs_2_n0_iptm_filtered,RTATKQYNV_HLA-A*02:01,tcr5182,0
vdjdb_full_15897,KSKRTPMGF_HLA-B*57:01,tcr9872,1
vdjdb_full_15897_rs_2_n0_iptm_filtered,KSKRTPMGF_HLA-B*57:01,tcr284,0
vdjdb_full_17524,RLWGTWVKA_HLA-A*02:01,tcr7365,1
vdjdb_full_17524_rs_2_n0_iptm_filtered,RLWGTWVKA_HLA-A*02:01,tcr6623,0
vdjdb_full_6847,GILGFVFTL_HLA-A*02:01,tcr423,1
vdjdb_full_6847_rs_2_n0_iptm_filtered,GILGFVFTL_HLA-A*02:01,tcr14825,0
vdjdb_full_14824,LLWNGPMAV_HLA-A*02:01,tcr9889,1
vdjdb_full_14824_rs_2_n0_iptm_filtered,LLWNGPMAV_HLA-A*02:01,tcr5425,0
vdjdb_full_17181,ALSKGVHFV_HLA-A*02:01,tcr8002,1
vdjdb_full_17181_rs_2_n0_iptm_filtered,ALSKGVHFV_HLA-A*02:01,tcr8107,0
vdjdb_full_15848,KLWAQCVQL_HLA-A*02:01,tcr15875,1
vdjdb_full_15848_rs_2_n0_iptm_filtered,KLWAQCVQL_HLA-A*02:01,tcr18411,0
vdjdb_full_12251,IVTDFSVIK_HLA-A*11:01,tcr3620,1
vdjdb_full_12251_rs_2_n0_iptm_filtered,IVTDFSVIK_HLA-A*11:01,tcr3236,0
vdjdb_full_17275,YAKWKLCSA_HLA-B*08:01,tcr6552,1
vdjdb_full_17275_rs_2_n0_iptm_filtered,YAKWKLCSA_HLA-B*08:01,tcr3840,0
vdjdb_full_15955,KSKRTPMGF_HLA-B*57:01,tcr5961,1
vdjdb_full_15955_rs_2_n0_iptm_filtered,KSKRTPMGF_HLA-B*57:01,tcr10733,0
vdjdb_full_12164,IMDQVPFSV_HLA-A*02:01,tcr7642,1
vdjdb_full_12164_rs_2_n0_iptm_filtered,IMDQVPFSV_HLA-A*02:01,tcr13664,0
vdjdb_full_16058,KLVAMGINAV_HLA-A*02:01,tcr9435,1
vdjdb_full_16058_rs_2_n0_iptm_filtered,KLVAMGINAV_HLA-A*02:01,tcr3116,0
vdjdb_full_13761,TPRVTGGGAM_HLA-B*07:02,tcr6374,1
vdjdb_full_13761_rs_2_n0_iptm_filtered,TPRVTGGGAM_HLA-B*07:02,tcr15539,0
vdjdb_full_11087,AAGIGILTV_HLA-A*02:01,tcr13359,1
vdjdb_full_11087_rs_2_n0_iptm_filtered,AAGIGILTV_HLA-A*02:01,tcr9401,0
vdjdb_full_17959,EPLPQGQLTAY_HLA-B*35:01,tcr6558,1
vdjdb_full_17959_rs_2_n0_iptm_filtered,EPLPQGQLTAY_HLA-B*35:01,tcr6007,0
vdjdb_full_13812,TPRVTGGGAM_HLA-B*07:02,tcr8528,1
vdjdb_full_13812_rs_2_n0_iptm_filtered,TPRVTGGGAM_HLA-B*07:02,tcr14723,0
vdjdb_full_14796,LLFNILGGWV_HLA-A*02:01,tcr9580,1
vdjdb_full_14796_rs_2_n0_iptm_filtered,LLFNILGGWV_HLA-A*02:01,tcr14987,0
vdjdb_full_18302,RPHERNGFTV_HLA-B*07:02,tcr12433,1
vdjdb_full_18302_rs_2_n0_iptm_filtered,RPHERNGFTV_HLA-B*07:02,tcr2436,0
vdjdb_full_15014,LLWNGPMAV_HLA-A*02:01,tcr7201,1
vdjdb_full_15014_rs_2_n0_iptm_filtered,LLWNGPMAV_HLA-A*02:01,tcr13464,0
vdjdb_full_17295,KLSALGINAV_HLA-A*02:01,tcr11491,1
vdjdb_full_17295_rs_2_n0_iptm_filtered,KLSALGINAV_HLA-A*02:01,tcr13609,0
vdjdb_full_16026,KLVALGINAV_HLA-A*02:01,tcr14829,1
vdjdb_full_16026_rs_2_n0_iptm_filtered,KLVALGINAV_HLA-A*02:01,tcr10650,0
vdjdb_full_28,QAKWRLQTL_HLA-B*08:01,tcr11033,1
vdjdb_full_28_rs_2_n0_iptm_filtered,QAKWRLQTL_HLA-B*08:01,tcr14311,0
vdjdb_full_14296,RVRAYTYSK_HLA-A*03:01,tcr6149,1
vdjdb_full_14296_rs_2_n0_iptm_filtered,RVRAYTYSK_HLA-A*03:01,tcr1758,0
vdjdb_full_16916,RTATKAYNV_HLA-A*02:01,tcr11567,1
vdjdb_full_16916_rs_2_n0_iptm_filtered,RTATKAYNV_HLA-A*02:01,tcr3053,0
vdjdb_full_13227,DATYQRTRALVR_HLA-A*68:01,tcr12502,1
vdjdb_full_13227_rs_2_n0_iptm_filtered,DATYQRTRALVR_HLA-A*68:01,tcr7159,0
vdjdb_full_3287,SLLMWITQV_HLA-A*02:01,tcr11474,1
vdjdb_full_3287_rs_2_n0_iptm_filtered,SLLMWITQV_HLA-A*02:01,tcr7478,0
vdjdb_full_15018,LLWNGPMAV_HLA-A*02:01,tcr18137,1
vdjdb_full_15018_rs_2_n0_iptm_filtered,LLWNGPMAV_HLA-A*02:01,tcr15821,0
vdjdb_full_16445,RTATKQYNV_HLA-A*02:01,tcr18040,1
vdjdb_full_16445_rs_2_n0_iptm_filtered,RTATKQYNV_HLA-A*02:01,tcr4124,0
vdjdb_full_15797,RTLNAWVKV_HLA-A*02:01,tcr18292,1
vdjdb_full_15797_rs_2_n0_iptm_filtered,RTLNAWVKV_HLA-A*02:01,tcr8605,0
vdjdb_full_14689,CTELKLSDY_HLA-A*01:01,tcr10415,1
vdjdb_full_14689_rs_2_n0_iptm_filtered,CTELKLSDY_HLA-A*01:01,tcr12284,0
vdjdb_full_2674,SLLMWITQV_HLA-A*02:01,tcr10744,1
vdjdb_full_2674_rs_2_n0_iptm_filtered,SLLMWITQV_HLA-A*02:01,tcr8231,0
vdjdb_full_16913,RTATKAYNV_HLA-A*02:01,tcr14376,1
vdjdb_full_16913_rs_2_n0_iptm_filtered,RTATKAYNV_HLA-A*02:01,tcr8023,0
vdjdb_full_5454,AVFDRKSDAK_HLA-A*11:01,tcr16620,1
vdjdb_full_5454_rs_2_n0_iptm_filtered,AVFDRKSDAK_HLA-A*11:01,tcr7360,0
vdjdb_full_14931,LLWNGPMAV_HLA-A*02:01,tcr1242,1
vdjdb_full_14931_rs_2_n0_iptm_filtered,LLWNGPMAV_HLA-A*02:01,tcr10733,0
vdjdb_full_9,QAKWRLQTL_HLA-B*08:01,tcr3187,1
vdjdb_full_9_rs_2_n0_iptm_filtered,QAKWRLQTL_HLA-B*08:01,tcr3051,0
vdjdb_full_15801,ALGIGILTV_HLA-A*02:01,tcr15730,1
vdjdb_full_15801_rs_2_n0_iptm_filtered,ALGIGILTV_HLA-A*02:01,tcr3324,0
vdjdb_full_14371,RVRAYTYSK_HLA-A*03:01,tcr4796,1
vdjdb_full_14371_rs_2_n0_iptm_filtered,RVRAYTYSK_HLA-A*03:01,tcr11013,0
vdjdb_full_12509,IVTDFSVIK_HLA-A*11:01,tcr14864,1
vdjdb_full_12509_rs_2_n0_iptm_filtered,IVTDFSVIK_HLA-A*11:01,tcr5925,0
vdjdb_full_17715,TLWCSPIKV_HLA-A*02:01,tcr4127,1
vdjdb_full_17715_rs_2_n0_iptm_filtered,TLWCSPIKV_HLA-A*02:01,tcr2609,0
vdjdb_full_15843,KLWAQCVQL_HLA-A*02:01,tcr3236,1
vdjdb_full_15843_rs_2_n0_iptm_filtered,KLWAQCVQL_HLA-A*02:01,tcr9058,0
vdjdb_full_8417,NLVPMVATV_HLA-A*02:01,tcr16055,1
vdjdb_full_8417_rs_2_n0_iptm_filtered,NLVPMVATV_HLA-A*02:01,tcr16762,0
vdjdb_full_15604,FLRGRAYGL_HLA-B*08:01,tcr1959,1
vdjdb_full_15604_rs_2_n0_iptm_filtered,FLRGRAYGL_HLA-B*08:01,tcr16350,0
vdjdb_full_13609,KTFPPTEPK_HLA-A*03:01,tcr10551,1
vdjdb_full_13609_rs_2_n0_iptm_filtered,KTFPPTEPK_HLA-A*03:01,tcr16908,0
vdjdb_full_11999,ELAGIGILTV_HLA-A*02:01,tcr2355,1
vdjdb_full_11999_rs_2_n0_iptm_filtered,ELAGIGILTV_HLA-A*02:01,tcr7699,0
vdjdb_full_10529,HPNGYKSLSTL_HLA-B*07:02,tcr4122,1
vdjdb_full_10529_rs_2_n0_iptm_filtered,HPNGYKSLSTL_HLA-B*07:02,tcr2487,0
vdjdb_full_17379,RPIIRPATL_HLA-B*07:02,tcr16595,1
vdjdb_full_17379_rs_2_n0_iptm_filtered,RPIIRPATL_HLA-B*07:02,tcr14138,0
vdjdb_full_17337,RVAGDSGFAAY_HLA-B*15:01,tcr16082,1
vdjdb_full_17337_rs_2_n0_iptm_filtered,RVAGDSGFAAY_HLA-B*15:01,tcr386,0
vdjdb_full_9481,YVLDHLIVV_HLA-A*02:01,tcr3486,1
vdjdb_full_9481_rs_2_n0_iptm_filtered,YVLDHLIVV_HLA-A*02:01,tcr8994,0
vdjdb_full_12087,ALAGIGILTV_HLA-A*02:01,tcr11781,1
vdjdb_full_12087_rs_2_n0_iptm_filtered,ALAGIGILTV_HLA-A*02:01,tcr4726,0
vdjdb_full_9539,YLQPRTFLL_HLA-A*02:01,tcr526,1
vdjdb_full_9539_rs_2_n0_iptm_filtered,YLQPRTFLL_HLA-A*02:01,tcr4370,0
vdjdb_full_13251,HPVGEADYFEY_HLA-B*35:01,tcr17869,1
vdjdb_full_13251_rs_2_n0_iptm_filtered,HPVGEADYFEY_HLA-B*35:01,tcr12478,0
vdjdb_full_11156,TTDPSFLGRY_HLA-A*01:01,tcr9058,1
vdjdb_full_11156_rs_2_n0_iptm_filtered,TTDPSFLGRY_HLA-A*01:01,tcr16813,0
vdjdb_full_13904,AYAQKIFKI_HLA-A*24:02,tcr12639,1
vdjdb_full_13904_rs_2_n0_iptm_filtered,AYAQKIFKI_HLA-A*24:02,tcr3492,0
vdjdb_full_6083,AVFDRKSDAK_HLA-A*11:01,tcr10724,1
vdjdb_full_6083_rs_2_n0_iptm_filtered,AVFDRKSDAK_HLA-A*11:01,tcr1179,0
vdjdb_full_10521,HPNGYKSLSTL_HLA-B*07:02,tcr1266,1
vdjdb_full_10521_rs_2_n0_iptm_filtered,HPNGYKSLSTL_HLA-B*07:02,tcr15907,0
vdjdb_full_13820,TPRVTGGGAM_HLA-B*07:02,tcr13358,1
vdjdb_full_13820_rs_2_n0_iptm_filtered,TPRVTGGGAM_HLA-B*07:02,tcr12387,0
vdjdb_full_14615,CTELKLSDY_HLA-A*01:01,tcr15232,1
vdjdb_full_14615_rs_2_n0_iptm_filtered,CTELKLSDY_HLA-A*01:01,tcr3051,0
vdjdb_full_15687,FLRGRAYGL_HLA-B*08:01,tcr3139,1
vdjdb_full_15687_rs_2_n0_iptm_filtered,FLRGRAYGL_HLA-B*08:01,tcr17125,0
vdjdb_full_10627,LTDEMIAQY_HLA-A*01:01,tcr383,1
vdjdb_full_10627_rs_2_n0_iptm_filtered,LTDEMIAQY_HLA-A*01:01,tcr3825,0
vdjdb_full_14788,LLFNILGGWV_HLA-A*02:01,tcr11945,1
vdjdb_full_14788_rs_2_n0_iptm_filtered,LLFNILGGWV_HLA-A*02:01,tcr1760,0
vdjdb_full_15960,KSKRTPMGF_HLA-B*57:01,tcr9979,1
vdjdb_full_15960_rs_2_n0_iptm_filtered,KSKRTPMGF_HLA-B*57:01,tcr1483,0
vdjdb_full_17859,RLLPLLALL_HLA-A*02:01,tcr17206,1
vdjdb_full_17859_rs_2_n0_iptm_filtered,RLLPLLALL_HLA-A*02:01,tcr10942,0
vdjdb_full_14756,RAQAPPPSW_HLA-B*57:01,tcr12742,1
vdjdb_full_14756_rs_2_n0_iptm_filtered,RAQAPPPSW_HLA-B*57:01,tcr764,0
vdjdb_full_16931,RTATKAYNV_HLA-A*02:01,tcr9700,1
vdjdb_full_16931_rs_2_n0_iptm_filtered,RTATKAYNV_HLA-A*02:01,tcr4497,0
vdjdb_full_7423,GILGFVFTL_HLA-A*02:01,tcr1778,1
vdjdb_full_7423_rs_2_n0_iptm_filtered,GILGFVFTL_HLA-A*02:01,tcr10322,0
vdjdb_full_13886,AYAQKIFKI_HLA-A*24:02,tcr16690,1
vdjdb_full_13886_rs_2_n0_iptm_filtered,AYAQKIFKI_HLA-A*24:02,tcr2902,0
vdjdb_full_2139,GLCTLVAML_HLA-A*02:01,tcr16192,1
vdjdb_full_2139_rs_2_n0_iptm_filtered,GLCTLVAML_HLA-A*02:01,tcr4382,0
vdjdb_full_4232,SLLMWITQV_HLA-A*02:01,tcr9401,1
vdjdb_full_4232_rs_2_n0_iptm_filtered,SLLMWITQV_HLA-A*02:01,tcr51,0
vdjdb_full_12871,IVTDFSVIK_HLA-A*11:01,tcr907,1
vdjdb_full_12871_rs_2_n0_iptm_filtered,IVTDFSVIK_HLA-A*11:01,tcr5152,0
vdjdb_full_2085,GLCTLVAML_HLA-A*02:01,tcr9038,1
vdjdb_full_2085_rs_2_n0_iptm_filtered,GLCTLVAML_HLA-A*02:01,tcr17033,0
vdjdb_full_17336,RVAGDSGFAAY_HLA-B*15:01,tcr15668,1
vdjdb_full_17336_rs_2_n0_iptm_filtered,RVAGDSGFAAY_HLA-B*15:01,tcr1778,0
vdjdb_full_15294,CINGVCWTV_HLA-A*02:01,tcr5176,1
vdjdb_full_15294_rs_2_n0_iptm_filtered,CINGVCWTV_HLA-A*02:01,tcr622,0
vdjdb_full_11851,ELAGIGILTV_HLA-A*02:01,tcr5500,1
vdjdb_full_11851_rs_2_n0_iptm_filtered,ELAGIGILTV_HLA-A*02:01,tcr14461,0
vdjdb_full_14654,CTELKLSDY_HLA-A*01:01,tcr2159,1
vdjdb_full_14654_rs_2_n0_iptm_filtered,CTELKLSDY_HLA-A*01:01,tcr903,0
vdjdb_full_16595,WPVTLACFV_HLA-B*07:02,tcr16858,1
vdjdb_full_16595_rs_2_n0_iptm_filtered,WPVTLACFV_HLA-B*07:02,tcr15341,0
vdjdb_full_8141,GILGFVFTL_HLA-A*02:01,tcr11620,1
vdjdb_full_8141_rs_2_n0_iptm_filtered,GILGFVFTL_HLA-A*02:01,tcr15849,0
vdjdb_full_17051,LLYDANYFL_HLA-A*02:01,tcr4024,1
vdjdb_full_17051_rs_2_n0_iptm_filtered,LLYDANYFL_HLA-A*02:01,tcr598,0
vdjdb_full_7385,GILGFVFTL_HLA-A*02:01,tcr16991,1
vdjdb_full_7385_rs_2_n0_iptm_filtered,GILGFVFTL_HLA-A*02:01,tcr7274,0
vdjdb_full_14789,LLFNILGGWV_HLA-A*02:01,tcr17909,1
vdjdb_full_14789_rs_2_n0_iptm_filtered,LLFNILGGWV_HLA-A*02:01,tcr11163,0
vdjdb_full_11598,ATDALMTGF_HLA-A*01:01,tcr5204,1
vdjdb_full_11598_rs_2_n0_iptm_filtered,ATDALMTGF_HLA-A*01:01,tcr18301,0
vdjdb_full_11086,AAGIGILTV_HLA-A*02:01,tcr949,1
vdjdb_full_11086_rs_2_n0_iptm_filtered,AAGIGILTV_HLA-A*02:01,tcr5901,0
vdjdb_full_14656,CTELKLSDY_HLA-A*01:01,tcr11702,1
vdjdb_full_14656_rs_2_n0_iptm_filtered,CTELKLSDY_HLA-A*01:01,tcr856,0
vdjdb_full_14811,LLWNGPMAV_HLA-A*02:01,tcr9480,1
vdjdb_full_14811_rs_2_n0_iptm_filtered,LLWNGPMAV_HLA-A*02:01,tcr1537,0
vdjdb_full_7238,GILGFVFTL_HLA-A*02:01,tcr10033,1
vdjdb_full_7238_rs_2_n0_iptm_filtered,GILGFVFTL_HLA-A*02:01,tcr2857,0
vdjdb_full_18158,MLDLQPETT_HLA-A*02:01,tcr17963,1
vdjdb_full_18158_rs_2_n0_iptm_filtered,MLDLQPETT_HLA-A*02:01,tcr10733,0
vdjdb_full_12172,IMDQVPFSV_HLA-A*02:01,tcr429,1
vdjdb_full_12172_rs_2_n0_iptm_filtered,IMDQVPFSV_HLA-A*02:01,tcr2902,0
vdjdb_full_8474,NLVPMVATV_HLA-A*02:01,tcr14776,1
vdjdb_full_8474_rs_2_n0_iptm_filtered,NLVPMVATV_HLA-A*02:01,tcr4566,0
vdjdb_full_13793,TPRVTGGGAM_HLA-B*07:02,tcr1293,1
vdjdb_full_13793_rs_2_n0_iptm_filtered,TPRVTGGGAM_HLA-B*07:02,tcr10650,0
vdjdb_full_15698,FLRGRAYGL_HLA-B*08:01,tcr7551,1
vdjdb_full_15698_rs_2_n0_iptm_filtered,FLRGRAYGL_HLA-B*08:01,tcr12308,0
vdjdb_full_15618,FLRGRAYGL_HLA-B*08:01,tcr10440,1
vdjdb_full_15618_rs_2_n0_iptm_filtered,FLRGRAYGL_HLA-B*08:01,tcr6141,0
vdjdb_full_11578,ATDALMTGF_HLA-A*01:01,tcr16098,1
vdjdb_full_11578_rs_2_n0_iptm_filtered,ATDALMTGF_HLA-A*01:01,tcr2513,0
vdjdb_full_17497,RLITGRLQSL_HLA-A*02:01,tcr5186,1
vdjdb_full_17497_rs_2_n0_iptm_filtered,RLITGRLQSL_HLA-A*02:01,tcr11415,0
vdjdb_full_16290,RPIIRPATL_HLA-B*08:01,tcr4169,1
vdjdb_full_16290_rs_2_n0_iptm_filtered,RPIIRPATL_HLA-B*08:01,tcr6001,0
vdjdb_full_16509,RPPIFIRRL_HLA-B*07:02,tcr1666,1
vdjdb_full_16509_rs_2_n0_iptm_filtered,RPPIFIRRL_HLA-B*07:02,tcr11546,0
vdjdb_full_16,QAKWRLQTL_HLA-B*08:01,tcr3542,1
vdjdb_full_16_rs_2_n0_iptm_filtered,QAKWRLQTL_HLA-B*08:01,tcr7487,0
vdjdb_full_13601,KTFPPTEPK_HLA-A*03:01,tcr11628,1
vdjdb_full_13601_rs_2_n0_iptm_filtered,KTFPPTEPK_HLA-A*03:01,tcr13498,0
vdjdb_full_11609,ATDALMTGF_HLA-A*01:01,tcr1460,1
vdjdb_full_11609_rs_2_n0_iptm_filtered,ATDALMTGF_HLA-A*01:01,tcr5535,0
vdjdb_full_11665,ELAGIGILTV_HLA-A*02:01,tcr8602,1
vdjdb_full_11665_rs_2_n0_iptm_filtered,ELAGIGILTV_HLA-A*02:01,tcr1503,0
vdjdb_full_11083,AAGIGILTV_HLA-A*02:01,tcr5424,1
vdjdb_full_11083_rs_2_n0_iptm_filtered,AAGIGILTV_HLA-A*02:01,tcr4427,0
vdjdb_full_8730,LLAGIGTVPI_HLA-A*02:01,tcr16179,1
vdjdb_full_8730_rs_2_n0_iptm_filtered,LLAGIGTVPI_HLA-A*02:01,tcr828,0
vdjdb_full_15992,KLVALGINAV_HLA-A*02:01,tcr13070,1
vdjdb_full_15992_rs_2_n0_iptm_filtered,KLVALGINAV_HLA-A*02:01,tcr9933,0
vdjdb_full_16967,NYNYLYRLF_HLA-A*24:02,tcr3755,1
vdjdb_full_16967_rs_2_n0_iptm_filtered,NYNYLYRLF_HLA-A*24:02,tcr3998,0
vdjdb_full_6756,GILGFVFTL_HLA-A*02:01,tcr5535,1
vdjdb_full_6756_rs_2_n0_iptm_filtered,GILGFVFTL_HLA-A*02:01,tcr14664,0
vdjdb_full_14655,CTELKLSDY_HLA-A*01:01,tcr2984,1
vdjdb_full_14655_rs_2_n0_iptm_filtered,CTELKLSDY_HLA-A*01:01,tcr2436,0
vdjdb_full_13691,TPRVTGGGAM_HLA-B*07:02,tcr8903,1
vdjdb_full_13691_rs_2_n0_iptm_filtered,TPRVTGGGAM_HLA-B*07:02,tcr5925,0
vdjdb_full_2548,GLCTLVAML_HLA-A*02:01,tcr5439,1
vdjdb_full_2548_rs_2_n0_iptm_filtered,GLCTLVAML_HLA-A*02:01,tcr5331,0
vdjdb_full_13428,FLYALALLL_HLA-A*02:01,tcr17357,1
vdjdb_full_13428_rs_2_n0_iptm_filtered,FLYALALLL_HLA-A*02:01,tcr8603,0
vdjdb_full_16280,RPIIRPATL_HLA-B*08:01,tcr15544,1
vdjdb_full_16280_rs_2_n0_iptm_filtered,RPIIRPATL_HLA-B*08:01,tcr17345,0
vdjdb_full_15131,NQKLIANQF_HLA-B*15:01,tcr10835,1
vdjdb_full_15131_rs_2_n0_iptm_filtered,NQKLIANQF_HLA-B*15:01,tcr10655,0
vdjdb_full_11538,ATDALMTGF_HLA-A*01:01,tcr598,1
vdjdb_full_11538_rs_2_n0_iptm_filtered,ATDALMTGF_HLA-A*01:01,tcr16337,0
vdjdb_full_17293,KLSALGINAV_HLA-A*02:01,tcr10631,1
vdjdb_full_17293_rs_2_n0_iptm_filtered,KLSALGINAV_HLA-A*02:01,tcr18369,0
vdjdb_full_11784,ELAGIGILTV_HLA-A*02:01,tcr5962,1
vdjdb_full_11784_rs_2_n0_iptm_filtered,ELAGIGILTV_HLA-A*02:01,tcr5925,0
vdjdb_full_13378,LPRWYFYYL_HLA-B*07:02,tcr7838,1
vdjdb_full_13378_rs_2_n0_iptm_filtered,LPRWYFYYL_HLA-B*07:02,tcr7360,0
vdjdb_full_11699,ELAGIGILTV_HLA-A*02:01,tcr3267,1
vdjdb_full_11699_rs_2_n0_iptm_filtered,ELAGIGILTV_HLA-A*02:01,tcr7838,0
vdjdb_full_13562,KTFPPTEPK_HLA-A*03:01,tcr12037,1
vdjdb_full_13562_rs_2_n0_iptm_filtered,KTFPPTEPK_HLA-A*03:01,tcr5363,0
vdjdb_full_16395,EAAGIGILTV_HLA-A*02:01,tcr13514,1
vdjdb_full_16395_rs_2_n0_iptm_filtered,EAAGIGILTV_HLA-A*02:01,tcr8288,0
vdjdb_full_14981,LLWNGPMAV_HLA-A*02:01,tcr16441,1
vdjdb_full_14981_rs_2_n0_iptm_filtered,LLWNGPMAV_HLA-A*02:01,tcr13044,0
vdjdb_full_14664,CTELKLSDY_HLA-A*01:01,tcr18367,1
vdjdb_full_14664_rs_2_n0_iptm_filtered,CTELKLSDY_HLA-A*01:01,tcr14070,0
vdjdb_full_16964,NYNYLYRLF_HLA-A*24:02,tcr18353,1
vdjdb_full_16964_rs_2_n0_iptm_filtered,NYNYLYRLF_HLA-A*24:02,tcr2683,0
vdjdb_full_13357,RMFPNAPYL_HLA-A*02:01,tcr17050,1
vdjdb_full_13357_rs_2_n0_iptm_filtered,RMFPNAPYL_HLA-A*02:01,tcr4850,0
vdjdb_full_11569,ATDALMTGF_HLA-A*01:01,tcr16605,1
vdjdb_full_11569_rs_2_n0_iptm_filtered,ATDALMTGF_HLA-A*01:01,tcr6573,0
vdjdb_full_15619,FLRGRAYGL_HLA-B*08:01,tcr16398,1
vdjdb_full_15619_rs_2_n0_iptm_filtered,FLRGRAYGL_HLA-B*08:01,tcr5086,0
vdjdb_full_10653,LTDEMIAQY_HLA-A*01:01,tcr16182,1
vdjdb_full_10653_rs_2_n0_iptm_filtered,LTDEMIAQY_HLA-A*01:01,tcr17713,0
vdjdb_full_9010,LLAGIGTVPI_HLA-A*02:01,tcr7452,1
vdjdb_full_9010_rs_2_n0_iptm_filtered,LLAGIGTVPI_HLA-A*02:01,tcr17911,0
vdjdb_full_14716,RPRGEVRFL_HLA-B*07:02,tcr4673,1
vdjdb_full_14716_rs_2_n0_iptm_filtered,RPRGEVRFL_HLA-B*07:02,tcr17724,0
vdjdb_full_4300,SLLMWITQV_HLA-A*02:01,tcr8569,1
vdjdb_full_4300_rs_2_n0_iptm_filtered,SLLMWITQV_HLA-A*02:01,tcr1520,0
vdjdb_full_15666,FLRGRAYGL_HLA-B*08:01,tcr16511,1
vdjdb_full_15666_rs_2_n0_iptm_filtered,FLRGRAYGL_HLA-B*08:01,tcr6791,0
vdjdb_full_2597,GLCTLVAML_HLA-A*02:01,tcr3798,1
vdjdb_full_2597_rs_2_n0_iptm_filtered,GLCTLVAML_HLA-A*02:01,tcr14880,0
vdjdb_full_15594,FLRGRAYGL_HLA-B*08:01,tcr1490,1
vdjdb_full_15594_rs_2_n0_iptm_filtered,FLRGRAYGL_HLA-B*08:01,tcr12707,0
vdjdb_full_15865,KSKRTPMGF_HLA-B*57:01,tcr6073,1
vdjdb_full_15865_rs_2_n0_iptm_filtered,KSKRTPMGF_HLA-B*57:01,tcr9719,0
vdjdb_full_15473,CINGVCWTV_HLA-A*02:01,tcr14158,1
vdjdb_full_15473_rs_2_n0_iptm_filtered,CINGVCWTV_HLA-A*02:01,tcr15552,0
vdjdb_full_15996,KLVALGINAV_HLA-A*02:01,tcr4826,1
vdjdb_full_15996_rs_2_n0_iptm_filtered,KLVALGINAV_HLA-A*02:01,tcr15468,0
vdjdb_full_16079,VMVELVAEL_HLA-A*02:01,tcr6817,1
vdjdb_full_16079_rs_2_n0_iptm_filtered,VMVELVAEL_HLA-A*02:01,tcr11012,0
vdjdb_full_15485,CINGVCWTV_HLA-A*02:01,tcr10944,1
vdjdb_full_15485_rs_2_n0_iptm_filtered,CINGVCWTV_HLA-A*02:01,tcr11094,0
vdjdb_full_16244,GIIYIIYKL_HLA-A*02:01,tcr14386,1
vdjdb_full_16244_rs_2_n0_iptm_filtered,GIIYIIYKL_HLA-A*02:01,tcr6001,0
vdjdb_full_8868,LLAGIGTVPI_HLA-A*02:01,tcr18155,1
vdjdb_full_8868_rs_2_n0_iptm_filtered,LLAGIGTVPI_HLA-A*02:01,tcr2243,0
vdjdb_full_9957,YLQPRTFLL_HLA-A*02:01,tcr16880,1
vdjdb_full_9957_rs_2_n0_iptm_filtered,YLQPRTFLL_HLA-A*02:01,tcr13629,0
vdjdb_full_15533,SLFNTVATLY_HLA-A*02:01,tcr12660,1
vdjdb_full_15533_rs_2_n0_iptm_filtered,SLFNTVATLY_HLA-A*02:01,tcr6638,0
vdjdb_full_16479,RPPIFIRRL_HLA-B*07:02,tcr17199,1
vdjdb_full_16479_rs_2_n0_iptm_filtered,RPPIFIRRL_HLA-B*07:02,tcr1886,0
vdjdb_full_16698,VAANIVLTV_HLA-A*02:01,tcr18340,1
vdjdb_full_16698_rs_2_n0_iptm_filtered,VAANIVLTV_HLA-A*02:01,tcr7225,0
vdjdb_full_8560,NLVPMVATV_HLA-A*02:01,tcr1973,1
vdjdb_full_8560_rs_2_n0_iptm_filtered,NLVPMVATV_HLA-A*02:01,tcr14766,0
vdjdb_full_8791,LLAGIGTVPI_HLA-A*02:01,tcr10175,1
vdjdb_full_8791_rs_2_n0_iptm_filtered,LLAGIGTVPI_HLA-A*02:01,tcr14580,0
vdjdb_full_10659,LTDEMIAQY_HLA-A*01:01,tcr2891,1
vdjdb_full_10659_rs_2_n0_iptm_filtered,LTDEMIAQY_HLA-A*01:01,tcr14754,0
vdjdb_full_17119,HSNLNDATY_HLA-A*01:01,tcr18158,1
vdjdb_full_17119_rs_2_n0_iptm_filtered,HSNLNDATY_HLA-A*01:01,tcr18137,0
vdjdb_full_15818,ALGIGILTV_HLA-A*02:01,tcr12108,1
vdjdb_full_15818_rs_2_n0_iptm_filtered,ALGIGILTV_HLA-A*02:01,tcr14304,0
vdjdb_full_10649,LTDEMIAQY_HLA-A*01:01,tcr17386,1
vdjdb_full_10649_rs_2_n0_iptm_filtered,LTDEMIAQY_HLA-A*01:01,tcr8994,0
vdjdb_full_8665,NLVPMVATV_HLA-A*02:01,tcr9164,1
vdjdb_full_8665_rs_2_n0_iptm_filtered,NLVPMVATV_HLA-A*02:01,tcr12749,0
vdjdb_full_12148,FTSDYYQLY_HLA-A*01:01,tcr16097,1
vdjdb_full_12148_rs_2_n0_iptm_filtered,FTSDYYQLY_HLA-A*01:01,tcr2902,0
vdjdb_full_13405,FLYALALLL_HLA-A*02:01,tcr10463,1
vdjdb_full_13405_rs_2_n0_iptm_filtered,FLYALALLL_HLA-A*02:01,tcr10912,0
vdjdb_full_8985,LLAGIGTVPI_HLA-A*02:01,tcr10962,1
vdjdb_full_8985_rs_2_n0_iptm_filtered,LLAGIGTVPI_HLA-A*02:01,tcr11072,0
vdjdb_full_53,QAKWRLQTL_HLA-B*08:01,tcr9782,1
vdjdb_full_53_rs_2_n0_iptm_filtered,QAKWRLQTL_HLA-B*08:01,tcr9166,0
vdjdb_full_10513,LLSLFSLWL_HLA-A*02:01,tcr7965,1
vdjdb_full_10513_rs_2_n0_iptm_filtered,LLSLFSLWL_HLA-A*02:01,tcr1242,0
vdjdb_full_12046,ALAGIGILTV_HLA-A*02:01,tcr2379,1
vdjdb_full_12046_rs_2_n0_iptm_filtered,ALAGIGILTV_HLA-A*02:01,tcr12882,0
vdjdb_full_9619,YLQPRTFLL_HLA-A*02:01,tcr3695,1
vdjdb_full_9619_rs_2_n0_iptm_filtered,YLQPRTFLL_HLA-A*02:01,tcr3012,0
vdjdb_full_8889,LLAGIGTVPI_HLA-A*02:01,tcr1679,1
vdjdb_full_8889_rs_2_n0_iptm_filtered,LLAGIGTVPI_HLA-A*02:01,tcr14882,0
vdjdb_full_12036,ALAGIGILTV_HLA-A*02:01,tcr18301,1
vdjdb_full_12036_rs_2_n0_iptm_filtered,ALAGIGILTV_HLA-A*02:01,tcr15580,0
vdjdb_full_15580,FLRGRAYGL_HLA-B*08:01,tcr16629,1
vdjdb_full_15580_rs_2_n0_iptm_filtered,FLRGRAYGL_HLA-B*08:01,tcr15581,0
vdjdb_full_11904,ELAGIGILTV_HLA-A*02:01,tcr1501,1
vdjdb_full_11904_rs_2_n0_iptm_filtered,ELAGIGILTV_HLA-A*02:01,tcr8301,0
vdjdb_full_10581,LTDEMIAQY_HLA-A*01:01,tcr685,1
vdjdb_full_10581_rs_2_n0_iptm_filtered,LTDEMIAQY_HLA-A*01:01,tcr10549,0
vdjdb_full_15648,FLRGRAYGL_HLA-B*08:01,tcr14806,1
vdjdb_full_15648_rs_2_n0_iptm_filtered,FLRGRAYGL_HLA-B*08:01,tcr4909,0
vdjdb_full_11727,ELAGIGILTV_HLA-A*02:01,tcr14052,1
vdjdb_full_11727_rs_2_n0_iptm_filtered,ELAGIGILTV_HLA-A*02:01,tcr5066,0
vdjdb_full_17395,RGPGRAFVTI_HLA-A*02:01,tcr5764,1
vdjdb_full_17395_rs_2_n0_iptm_filtered,RGPGRAFVTI_HLA-A*02:01,tcr1504,0
vdjdb_full_8861,LLAGIGTVPI_HLA-A*02:01,tcr9478,1
vdjdb_full_8861_rs_2_n0_iptm_filtered,LLAGIGTVPI_HLA-A*02:01,tcr7143,0
vdjdb_full_10607,LTDEMIAQY_HLA-A*01:01,tcr588,1
vdjdb_full_10607_rs_2_n0_iptm_filtered,LTDEMIAQY_HLA-A*01:01,tcr15798,0
vdjdb_full_15569,FLRGRAYGL_HLA-B*08:01,tcr2119,1
vdjdb_full_15569_rs_2_n0_iptm_filtered,FLRGRAYGL_HLA-B*08:01,tcr15248,0
vdjdb_full_15560,FLRGRAYGL_HLA-B*08:01,tcr7662,1
vdjdb_full_15560_rs_2_n0_iptm_filtered,FLRGRAYGL_HLA-B*08:01,tcr2747,0
vdjdb_full_3687,SLLMWITQV_HLA-A*02:01,tcr15097,1
vdjdb_full_3687_rs_2_n0_iptm_filtered,SLLMWITQV_HLA-A*02:01,tcr10235,0
vdjdb_full_13377,LPRWYFYYL_HLA-B*07:02,tcr15991,1
vdjdb_full_13377_rs_2_n0_iptm_filtered,LPRWYFYYL_HLA-B*07:02,tcr3835,0
vdjdb_full_12169,IMDQVPFSV_HLA-A*02:01,tcr4883,1
vdjdb_full_12169_rs_2_n0_iptm_filtered,IMDQVPFSV_HLA-A*02:01,tcr15581,0
vdjdb_full_14882,LLWNGPMAV_HLA-A*02:01,tcr1429,1
vdjdb_full_14882_rs_2_n0_iptm_filtered,LLWNGPMAV_HLA-A*02:01,tcr10961,0
vdjdb_full_16311,RPIIRPATL_HLA-B*08:01,tcr13868,1
vdjdb_full_16311_rs_2_n0_iptm_filtered,RPIIRPATL_HLA-B*08:01,tcr1243,0
vdjdb_full_11617,ATDALMTGF_HLA-A*01:01,tcr11076,1
vdjdb_full_11617_rs_2_n0_iptm_filtered,ATDALMTGF_HLA-A*01:01,tcr1523,0
vdjdb_full_14947,LLWNGPMAV_HLA-A*02:01,tcr10264,1
vdjdb_full_14947_rs_2_n0_iptm_filtered,LLWNGPMAV_HLA-A*02:01,tcr12911,0
vdjdb_full_2983,SLLMWITQV_HLA-A*02:01,tcr13218,1
vdjdb_full_2983_rs_2_n0_iptm_filtered,SLLMWITQV_HLA-A*02:01,tcr194,0
vdjdb_full_8632,NLVPMVATV_HLA-A*02:01,tcr2828,1
vdjdb_full_8632_rs_2_n0_iptm_filtered,NLVPMVATV_HLA-A*02:01,tcr12798,0
vdjdb_full_16491,RPPIFIRRL_HLA-B*07:02,tcr13930,1
vdjdb_full_16491_rs_2_n0_iptm_filtered,RPPIFIRRL_HLA-B*07:02,tcr3064,0
vdjdb_full_13638,KTFPPTEPK_HLA-A*03:01,tcr6014,1
vdjdb_full_13638_rs_2_n0_iptm_filtered,KTFPPTEPK_HLA-A*03:01,tcr1287,0
vdjdb_full_15479,CINGVCWTV_HLA-A*02:01,tcr9154,1
vdjdb_full_15479_rs_2_n0_iptm_filtered,CINGVCWTV_HLA-A*02:01,tcr17440,0
vdjdb_full_2093,GLCTLVAML_HLA-A*02:01,tcr14944,1
vdjdb_full_2093_rs_2_n0_iptm_filtered,GLCTLVAML_HLA-A*02:01,tcr1504,0
vdjdb_full_8657,NLVPMVATV_HLA-A*02:01,tcr5537,1
vdjdb_full_8657_rs_2_n0_iptm_filtered,NLVPMVATV_HLA-A*02:01,tcr12497,0
vdjdb_full_16628,QYIKWPWYI_HLA-A*24:02,tcr15776,1
vdjdb_full_16628_rs_2_n0_iptm_filtered,QYIKWPWYI_HLA-A*24:02,tcr667,0
vdjdb_full_17362,RPIIRPATL_HLA-B*07:02,tcr4305,1
vdjdb_full_17362_rs_2_n0_iptm_filtered,RPIIRPATL_HLA-B*07:02,tcr13424,0
vdjdb_full_11490,TTDPSFLGRY_HLA-A*01:01,tcr5182,1
vdjdb_full_11490_rs_2_n0_iptm_filtered,TTDPSFLGRY_HLA-A*01:01,tcr14513,0
vdjdb_full_2153,GLCTLVAML_HLA-A*02:01,tcr11072,1
vdjdb_full_2153_rs_2_n0_iptm_filtered,GLCTLVAML_HLA-A*02:01,tcr17519,0
vdjdb_full_15802,ALGIGILTV_HLA-A*02:01,tcr13666,1
vdjdb_full_15802_rs_2_n0_iptm_filtered,ALGIGILTV_HLA-A*02:01,tcr16970,0
vdjdb_full_13522,LLFGYPVYV_HLA-A*02:01,tcr16813,1
vdjdb_full_13522_rs_2_n0_iptm_filtered,LLFGYPVYV_HLA-A*02:01,tcr6715,0
vdjdb_full_11535,ATDALMTGF_HLA-A*01:01,tcr2482,1
vdjdb_full_11535_rs_2_n0_iptm_filtered,ATDALMTGF_HLA-A*01:01,tcr17560,0
vdjdb_full_8334,LLDFVRFMGV_HLA-A*02:01,tcr11422,1
vdjdb_full_8334_rs_2_n0_iptm_filtered,LLDFVRFMGV_HLA-A*02:01,tcr7300,0
vdjdb_full_141,KLGGALQAK_HLA-A*03:01,tcr16009,1
vdjdb_full_141_rs_2_n0_iptm_filtered,KLGGALQAK_HLA-A*03:01,tcr7219,0
vdjdb_full_15459,CINGVCWTV_HLA-A*02:01,tcr11640,1
vdjdb_full_15459_rs_2_n0_iptm_filtered,CINGVCWTV_HLA-A*02:01,tcr10661,0
vdjdb_full_14720,RPRGEVRFL_HLA-B*07:02,tcr13005,1
vdjdb_full_14720_rs_2_n0_iptm_filtered,RPRGEVRFL_HLA-B*07:02,tcr17725,0
vdjdb_full_2140,GLCTLVAML_HLA-A*02:01,tcr4117,1
vdjdb_full_2140_rs_2_n0_iptm_filtered,GLCTLVAML_HLA-A*02:01,tcr3080,0
vdjdb_full_14694,CTELKLSDY_HLA-A*01:01,tcr11941,1
vdjdb_full_14694_rs_2_n0_iptm_filtered,CTELKLSDY_HLA-A*01:01,tcr6791,0
vdjdb_full_9378,YVLDHLIVV_HLA-A*02:01,tcr6859,1
vdjdb_full_9378_rs_2_n0_iptm_filtered,YVLDHLIVV_HLA-A*02:01,tcr4127,0
vdjdb_full_12038,ALAGIGILTV_HLA-A*02:01,tcr14766,1
vdjdb_full_12038_rs_2_n0_iptm_filtered,ALAGIGILTV_HLA-A*02:01,tcr16411,0
vdjdb_full_6372,GILGFVFTL_HLA-A*02:01,tcr10945,1
vdjdb_full_6372_rs_2_n0_iptm_filtered,GILGFVFTL_HLA-A*02:01,tcr5631,0
vdjdb_full_3364,SLLMWITQV_HLA-A*02:01,tcr3505,1
vdjdb_full_3364_rs_2_n0_iptm_filtered,SLLMWITQV_HLA-A*02:01,tcr2055,0
vdjdb_full_17676,ALWALPHAA_HLA-A*02:01,tcr15098,1
vdjdb_full_17676_rs_2_n0_iptm_filtered,ALWALPHAA_HLA-A*02:01,tcr7587,0
vdjdb_full_14738,RAQAPPPSW_HLA-B*57:01,tcr3492,1
vdjdb_full_14738_rs_2_n0_iptm_filtered,RAQAPPPSW_HLA-B*57:01,tcr6705,0
vdjdb_full_2359,GLCTLVAML_HLA-A*02:01,tcr13394,1
vdjdb_full_2359_rs_2_n0_iptm_filtered,GLCTLVAML_HLA-A*02:01,tcr12522,0
vdjdb_full_15877,KSKRTPMGF_HLA-B*57:01,tcr14723,1
vdjdb_full_15877_rs_2_n0_iptm_filtered,KSKRTPMGF_HLA-B*57:01,tcr11744,0
vdjdb_full_2608,GLCTLVAML_HLA-A*02:01,tcr16495,1
vdjdb_full_2608_rs_2_n0_iptm_filtered,GLCTLVAML_HLA-A*02:01,tcr11864,0
vdjdb_full_2168,GLCTLVAML_HLA-A*02:01,tcr12954,1
vdjdb_full_2168_rs_2_n0_iptm_filtered,GLCTLVAML_HLA-A*02:01,tcr856,0
vdjdb_full_16402,EAAGIGILTV_HLA-A*02:01,tcr18394,1
vdjdb_full_16402_rs_2_n0_iptm_filtered,EAAGIGILTV_HLA-A*02:01,tcr3012,0
vdjdb_full_9664,YLQPRTFLL_HLA-A*02:01,tcr17482,1
vdjdb_full_9664_rs_2_n0_iptm_filtered,YLQPRTFLL_HLA-A*02:01,tcr6207,0
vdjdb_full_11954,ELAGIGILTV_HLA-A*02:01,tcr2055,1
vdjdb_full_11954_rs_2_n0_iptm_filtered,ELAGIGILTV_HLA-A*02:01,tcr8253,0
vdjdb_full_15265,FMVFLQTHI_HLA-A*02:01,tcr2902,1
vdjdb_full_15265_rs_2_n0_iptm_filtered,FMVFLQTHI_HLA-A*02:01,tcr1031,0
vdjdb_full_13702,TPRVTGGGAM_HLA-B*07:02,tcr4113,1
vdjdb_full_13702_rs_2_n0_iptm_filtered,TPRVTGGGAM_HLA-B*07:02,tcr3567,0
vdjdb_full_12117,YLQQNWWTL_HLA-A*02:01,tcr4748,1
vdjdb_full_12117_rs_2_n0_iptm_filtered,YLQQNWWTL_HLA-A*02:01,tcr5081,0
vdjdb_full_9551,YLQPRTFLL_HLA-A*02:01,tcr4378,1
vdjdb_full_9551_rs_2_n0_iptm_filtered,YLQPRTFLL_HLA-A*02:01,tcr614,0
vdjdb_full_10257,RLRAEAQVK_HLA-A*03:01,tcr15717,1
vdjdb_full_10257_rs_2_n0_iptm_filtered,RLRAEAQVK_HLA-A*03:01,tcr16858,0
vdjdb_full_12141,FTSDYYQLY_HLA-A*01:01,tcr4025,1
vdjdb_full_12141_rs_2_n0_iptm_filtered,FTSDYYQLY_HLA-A*01:01,tcr14500,0
vdjdb_full_11406,TTDPSFLGRY_HLA-A*01:01,tcr11957,1
vdjdb_full_11406_rs_2_n0_iptm_filtered,TTDPSFLGRY_HLA-A*01:01,tcr9737,0
vdjdb_full_17344,RVAGDSGFAAY_HLA-B*15:01,tcr3840,1
vdjdb_full_17344_rs_2_n0_iptm_filtered,RVAGDSGFAAY_HLA-B*15:01,tcr4681,0
vdjdb_full_10594,LTDEMIAQY_HLA-A*01:01,tcr4233,1
vdjdb_full_10594_rs_2_n0_iptm_filtered,LTDEMIAQY_HLA-A*01:01,tcr1621,0
vdjdb_full_13480,FLYALALLL_HLA-A*02:01,tcr14748,1
vdjdb_full_13480_rs_2_n0_iptm_filtered,FLYALALLL_HLA-A*02:01,tcr3505,0
vdjdb_full_13156,DATYQRTRALVR_HLA-A*68:01,tcr2916,1
vdjdb_full_13156_rs_2_n0_iptm_filtered,DATYQRTRALVR_HLA-A*68:01,tcr14004,0
vdjdb_full_9433,YVLDHLIVV_HLA-A*02:01,tcr16223,1
vdjdb_full_9433_rs_2_n0_iptm_filtered,YVLDHLIVV_HLA-A*02:01,tcr5741,0
vdjdb_full_15519,SLFNTVATLY_HLA-A*02:01,tcr10549,1
vdjdb_full_15519_rs_2_n0_iptm_filtered,SLFNTVATLY_HLA-A*02:01,tcr10770,0
vdjdb_full_14969,LLWNGPMAV_HLA-A*02:01,tcr14861,1
vdjdb_full_14969_rs_2_n0_iptm_filtered,LLWNGPMAV_HLA-A*02:01,tcr17541,0
vdjdb_full_4442,SLLMWITQV_HLA-A*02:01,tcr14528,1
vdjdb_full_4442_rs_2_n0_iptm_filtered,SLLMWITQV_HLA-A*02:01,tcr9664,0
vdjdb_full_14548,RVRAYTYSK_HLA-A*03:01,tcr12832,1
vdjdb_full_14548_rs_2_n0_iptm_filtered,RVRAYTYSK_HLA-A*03:01,tcr17724,0
vdjdb_full_3596,SLLMWITQV_HLA-A*02:01,tcr12372,1
vdjdb_full_3596_rs_2_n0_iptm_filtered,SLLMWITQV_HLA-A*02:01,tcr852,0
vdjdb_full_15755,RTLNAWVKV_HLA-A*02:01,tcr16908,1
vdjdb_full_15755_rs_2_n0_iptm_filtered,RTLNAWVKV_HLA-A*02:01,tcr16223,0
vdjdb_full_17941,YSEHPTFTSQY_HLA-A*01:01,tcr14186,1
vdjdb_full_17941_rs_2_n0_iptm_filtered,YSEHPTFTSQY_HLA-A*01:01,tcr6415,0
vdjdb_full_13442,FLYALALLL_HLA-A*02:01,tcr15248,1
vdjdb_full_13442_rs_2_n0_iptm_filtered,FLYALALLL_HLA-A*02:01,tcr12707,0
vdjdb_full_12316,IVTDFSVIK_HLA-A*11:01,tcr6877,1
vdjdb_full_12316_rs_2_n0_iptm_filtered,IVTDFSVIK_HLA-A*11:01,tcr8489,0
vdjdb_full_12108,YLQQNWWTL_HLA-A*02:01,tcr4566,1
vdjdb_full_12108_rs_2_n0_iptm_filtered,YLQQNWWTL_HLA-A*02:01,tcr13514,0
vdjdb_full_15750,STNVGSNTY_HLA-A*01:01,tcr5644,1
vdjdb_full_15750_rs_2_n0_iptm_filtered,STNVGSNTY_HLA-A*01:01,tcr12113,0
vdjdb_full_16699,VAANIVLTV_HLA-A*02:01,tcr13464,1
vdjdb_full_16699_rs_2_n0_iptm_filtered,VAANIVLTV_HLA-A*02:01,tcr16525,0
vdjdb_full_9224,YVLDHLIVV_HLA-A*02:01,tcr6098,1
vdjdb_full_9224_rs_2_n0_iptm_filtered,YVLDHLIVV_HLA-A*02:01,tcr17769,0
vdjdb_full_12168,IMDQVPFSV_HLA-A*02:01,tcr3289,1
vdjdb_full_12168_rs_2_n0_iptm_filtered,IMDQVPFSV_HLA-A*02:01,tcr16734,0
vdjdb_full_16343,VTDAAHLLI_HLA-A*01:01,tcr14065,1
vdjdb_full_16343_rs_2_n0_iptm_filtered,VTDAAHLLI_HLA-A*01:01,tcr5086,0
vdjdb_full_10516,HPNGYKSLSTL_HLA-B*07:02,tcr2442,1
vdjdb_full_10516_rs_2_n0_iptm_filtered,HPNGYKSLSTL_HLA-B*07:02,tcr11313,0
vdjdb_full_10977,SPRWYFYYL_HLA-B*07:02,tcr13199,1
vdjdb_full_10977_rs_2_n0_iptm_filtered,SPRWYFYYL_HLA-B*07:02,tcr8324,0
vdjdb_full_13810,TPRVTGGGAM_HLA-B*07:02,tcr4212,1
vdjdb_full_13810_rs_2_n0_iptm_filtered,TPRVTGGGAM_HLA-B*07:02,tcr16848,0
vdjdb_full_12170,IMDQVPFSV_HLA-A*02:01,tcr2568,1
vdjdb_full_12170_rs_2_n0_iptm_filtered,IMDQVPFSV_HLA-A*02:01,tcr1679,0
vdjdb_full_14688,CTELKLSDY_HLA-A*01:01,tcr8230,1
vdjdb_full_14688_rs_2_n0_iptm_filtered,CTELKLSDY_HLA-A*01:01,tcr15169,0
vdjdb_full_16696,VAANIVLTV_HLA-A*02:01,tcr5776,1
vdjdb_full_16696_rs_2_n0_iptm_filtered,VAANIVLTV_HLA-A*02:01,tcr15575,0
vdjdb_full_9429,YVLDHLIVV_HLA-A*02:01,tcr3364,1
vdjdb_full_9429_rs_2_n0_iptm_filtered,YVLDHLIVV_HLA-A*02:01,tcr8301,0
vdjdb_full_11305,TTDPSFLGRY_HLA-A*01:01,tcr16040,1
vdjdb_full_11305_rs_2_n0_iptm_filtered,TTDPSFLGRY_HLA-A*01:01,tcr16970,0
vdjdb_full_17137,HSNLNDATY_HLA-A*01:01,tcr4680,1
vdjdb_full_17137_rs_2_n0_iptm_filtered,HSNLNDATY_HLA-A*01:01,tcr18137,0
vdjdb_full_2733,SLLMWITQV_HLA-A*02:01,tcr16271,1
vdjdb_full_2733_rs_2_n0_iptm_filtered,SLLMWITQV_HLA-A*02:01,tcr11059,0
vdjdb_full_16014,KLVALGINAV_HLA-A*02:01,tcr3801,1
vdjdb_full_16014_rs_2_n0_iptm_filtered,KLVALGINAV_HLA-A*02:01,tcr14142,0
vdjdb_full_16171,GPRLGVRAT_HLA-B*07:02,tcr10733,1
vdjdb_full_16171_rs_2_n0_iptm_filtered,GPRLGVRAT_HLA-B*07:02,tcr14880,0
vdjdb_full_13586,KTFPPTEPK_HLA-A*03:01,tcr12224,1
vdjdb_full_13586_rs_2_n0_iptm_filtered,KTFPPTEPK_HLA-A*03:01,tcr6262,0
vdjdb_full_3237,SLLMWITQV_HLA-A*02:01,tcr15529,1
vdjdb_full_3237_rs_2_n0_iptm_filtered,SLLMWITQV_HLA-A*02:01,tcr9744,0
vdjdb_full_6559,GILGFVFTL_HLA-A*02:01,tcr9520,1
vdjdb_full_6559_rs_2_n0_iptm_filtered,GILGFVFTL_HLA-A*02:01,tcr16841,0
vdjdb_full_10597,LTDEMIAQY_HLA-A*01:01,tcr3269,1
vdjdb_full_10597_rs_2_n0_iptm_filtered,LTDEMIAQY_HLA-A*01:01,tcr12070,0
vdjdb_full_157,KLGGALQAK_HLA-A*03:01,tcr439,1
vdjdb_full_157_rs_2_n0_iptm_filtered,KLGGALQAK_HLA-A*03:01,tcr4978,0
vdjdb_full_16945,RTATKAYNV_HLA-A*02:01,tcr4069,1
vdjdb_full_16945_rs_2_n0_iptm_filtered,RTATKAYNV_HLA-A*02:01,tcr17747,0
vdjdb_full_3433,SLLMWITQV_HLA-A*02:01,tcr14565,1
vdjdb_full_3433_rs_2_n0_iptm_filtered,SLLMWITQV_HLA-A*02:01,tcr4212,0
vdjdb_full_9113,LLAGIGTVPI_HLA-A*02:01,tcr11735,1
vdjdb_full_9113_rs_2_n0_iptm_filtered,LLAGIGTVPI_HLA-A*02:01,tcr10972,0
vdjdb_full_10531,HPNGYKSLSTL_HLA-B*07:02,tcr1287,1
vdjdb_full_10531_rs_2_n0_iptm_filtered,HPNGYKSLSTL_HLA-B*07:02,tcr14005,0
vdjdb_full_8691,NLVPMVATV_HLA-A*02:01,tcr8114,1
vdjdb_full_8691_rs_2_n0_iptm_filtered,NLVPMVATV_HLA-A*02:01,tcr667,0
vdjdb_full_15747,STNVGSNTY_HLA-A*01:01,tcr15150,1
vdjdb_full_15747_rs_2_n0_iptm_filtered,STNVGSNTY_HLA-A*01:01,tcr8002,0
vdjdb_full_12047,ALAGIGILTV_HLA-A*02:01,tcr12392,1
vdjdb_full_12047_rs_2_n0_iptm_filtered,ALAGIGILTV_HLA-A*02:01,tcr5631,0
vdjdb_full_12075,ALAGIGILTV_HLA-A*02:01,tcr13127,1
vdjdb_full_12075_rs_2_n0_iptm_filtered,ALAGIGILTV_HLA-A*02:01,tcr2869,0
vdjdb_full_16193,GPRLGVRAT_HLA-B*07:02,tcr13863,1
vdjdb_full_16193_rs_2_n0_iptm_filtered,GPRLGVRAT_HLA-B*07:02,tcr1828,0
vdjdb_full_16295,RPIIRPATL_HLA-B*08:01,tcr3821,1
vdjdb_full_16295_rs_2_n0_iptm_filtered,RPIIRPATL_HLA-B*08:01,tcr136,0
vdjdb_full_16923,RTATKAYNV_HLA-A*02:01,tcr5827,1
vdjdb_full_16923_rs_2_n0_iptm_filtered,RTATKAYNV_HLA-A*02:01,tcr2011,0
