id,pmhc,tcr,label
vdjdb_full_4469,SLLMWITQV_HLA-A*02:01,tcr386,1
vdjdb_full_2962,SLLMWITQV_HLA-A*02:01,tcr7601,1
vdjdb_full_3942,SLLMWITQV_HLA-A*02:01,tcr17928,1
vdjdb_full_3514,SLLMWITQV_HLA-A*02:01,tcr6044,1
vdjdb_full_3898,SLLMWITQV_HLA-A*02:01,tcr9473,1
vdjdb_full_3882,SLLMWITQV_HLA-A*02:01,tcr4244,1
vdjdb_full_3547,SLLMWITQV_HLA-A*02:01,tcr7554,1
vdjdb_full_4340,SLLMWITQV_HLA-A*02:01,tcr15315,1
vdjdb_full_2674,SLLMWITQV_HLA-A*02:01,tcr10744,1
vdjdb_full_3932,SLLMWITQV_HLA-A*02:01,tcr15647,1
vdjdb_full_2665,SLLMWITQV_HLA-A*02:01,tcr15182,1
vdjdb_full_3901,SLLMWITQV_HLA-A*02:01,tcr16848,1
vdjdb_full_3727,SLLMWITQV_HLA-A*02:01,tcr17643,1
vdjdb_full_3193,SLLMWITQV_HLA-A*02:01,tcr5698,1
vdjdb_full_2983,SLLMWITQV_HLA-A*02:01,tcr13218,1
vdjdb_full_2884,SLLMWITQV_HLA-A*02:01,tcr14580,1
vdjdb_full_3355,SLLMWITQV_HLA-A*02:01,tcr10323,1
vdjdb_full_2737,SLLMWITQV_HLA-A*02:01,tcr16709,1
vdjdb_full_4255,SLLMWITQV_HLA-A*02:01,tcr14796,1
vdjdb_full_4461,SLLMWITQV_HLA-A*02:01,tcr16138,1
vdjdb_full_3283,SLLMWITQV_HLA-A*02:01,tcr9202,1
vdjdb_full_4273,SLLMWITQV_HLA-A*02:01,tcr537,1
vdjdb_full_4590,SLLMWITQV_HLA-A*02:01,tcr18059,1
vdjdb_full_3692,SLLMWITQV_HLA-A*02:01,tcr17033,1
vdjdb_full_4531,SLLMWITQV_HLA-A*02:01,tcr17747,1
vdjdb_full_2708,SLLMWITQV_HLA-A*02:01,tcr5631,1
vdjdb_full_3788,SLLMWITQV_HLA-A*02:01,tcr11001,1
vdjdb_full_3573,SLLMWITQV_HLA-A*02:01,tcr9958,1
vdjdb_full_3401,SLLMWITQV_HLA-A*02:01,tcr4382,1
vdjdb_full_2638,SLLMWITQV_HLA-A*02:01,tcr12581,1
vdjdb_full_3237,SLLMWITQV_HLA-A*02:01,tcr15529,1
vdjdb_full_3553,SLLMWITQV_HLA-A*02:01,tcr250,1
vdjdb_full_3181,SLLMWITQV_HLA-A*02:01,tcr7890,1
vdjdb_full_3516,SLLMWITQV_HLA-A*02:01,tcr3097,1
vdjdb_full_3689,SLLMWITQV_HLA-A*02:01,tcr4020,1
vdjdb_full_3059,SLLMWITQV_HLA-A*02:01,tcr5135,1
vdjdb_full_4218,SLLMWITQV_HLA-A*02:01,tcr136,1
vdjdb_full_3899,SLLMWITQV_HLA-A*02:01,tcr1085,1
vdjdb_full_3687,SLLMWITQV_HLA-A*02:01,tcr15097,1
vdjdb_full_2863,SLLMWITQV_HLA-A*02:01,tcr9286,1
vdjdb_full_2733,SLLMWITQV_HLA-A*02:01,tcr16271,1
vdjdb_full_4536,SLLMWITQV_HLA-A*02:01,tcr6464,1
vdjdb_full_2860,SLLMWITQV_HLA-A*02:01,tcr4274,1
vdjdb_full_3194,SLLMWITQV_HLA-A*02:01,tcr10770,1
vdjdb_full_4177,SLLMWITQV_HLA-A*02:01,tcr5086,1
vdjdb_full_3433,SLLMWITQV_HLA-A*02:01,tcr14565,1
vdjdb_full_3116,SLLMWITQV_HLA-A*02:01,tcr4961,1
vdjdb_full_3498,SLLMWITQV_HLA-A*02:01,tcr15092,1
vdjdb_full_2679,SLLMWITQV_HLA-A*02:01,tcr3060,1
vdjdb_full_4217,SLLMWITQV_HLA-A*02:01,tcr17701,1
vdjdb_full_4141,SLLMWITQV_HLA-A*02:01,tcr174,1
vdjdb_full_2856,SLLMWITQV_HLA-A*02:01,tcr17962,1
vdjdb_full_4059,SLLMWITQV_HLA-A*02:01,tcr13919,1
vdjdb_full_2821,SLLMWITQV_HLA-A*02:01,tcr17336,1
vdjdb_full_3518,SLLMWITQV_HLA-A*02:01,tcr403,1
vdjdb_full_4350,SLLMWITQV_HLA-A*02:01,tcr6091,1
vdjdb_full_3853,SLLMWITQV_HLA-A*02:01,tcr4389,1
vdjdb_full_4305,SLLMWITQV_HLA-A*02:01,tcr3181,1
vdjdb_full_3791,SLLMWITQV_HLA-A*02:01,tcr7414,1
vdjdb_full_2970,SLLMWITQV_HLA-A*02:01,tcr3021,1
vdjdb_full_4082,SLLMWITQV_HLA-A*02:01,tcr13898,1
vdjdb_full_3287,SLLMWITQV_HLA-A*02:01,tcr11474,1
vdjdb_full_4230,SLLMWITQV_HLA-A*02:01,tcr4370,1
vdjdb_full_3698,SLLMWITQV_HLA-A*02:01,tcr8596,1
vdjdb_full_4596,SLLMWITQV_HLA-A*02:01,tcr11188,1
vdjdb_full_4456,SLLMWITQV_HLA-A*02:01,tcr12787,1
vdjdb_full_3596,SLLMWITQV_HLA-A*02:01,tcr12372,1
vdjdb_full_4121,SLLMWITQV_HLA-A*02:01,tcr1081,1
vdjdb_full_2720,SLLMWITQV_HLA-A*02:01,tcr12683,1
vdjdb_full_4096,SLLMWITQV_HLA-A*02:01,tcr11347,1
vdjdb_full_4062,SLLMWITQV_HLA-A*02:01,tcr5426,1
vdjdb_full_2992,SLLMWITQV_HLA-A*02:01,tcr7076,1
vdjdb_full_4004,SLLMWITQV_HLA-A*02:01,tcr9527,1
vdjdb_full_3663,SLLMWITQV_HLA-A*02:01,tcr9845,1
vdjdb_full_3364,SLLMWITQV_HLA-A*02:01,tcr3505,1
vdjdb_full_2933,SLLMWITQV_HLA-A*02:01,tcr1958,1
vdjdb_full_4232,SLLMWITQV_HLA-A*02:01,tcr9401,1
vdjdb_full_3396,SLLMWITQV_HLA-A*02:01,tcr11401,1
vdjdb_full_2977,SLLMWITQV_HLA-A*02:01,tcr2449,1
vdjdb_full_4428,SLLMWITQV_HLA-A*02:01,tcr16240,1
vdjdb_full_2678,SLLMWITQV_HLA-A*02:01,tcr17218,1
vdjdb_full_3466,SLLMWITQV_HLA-A*02:01,tcr1139,1
vdjdb_full_4092,SLLMWITQV_HLA-A*02:01,tcr7509,1
vdjdb_full_4164,SLLMWITQV_HLA-A*02:01,tcr3947,1
vdjdb_full_4300,SLLMWITQV_HLA-A*02:01,tcr8569,1
vdjdb_full_4083,SLLMWITQV_HLA-A*02:01,tcr16093,1
vdjdb_full_4407,SLLMWITQV_HLA-A*02:01,tcr6780,1
vdjdb_full_3087,SLLMWITQV_HLA-A*02:01,tcr4819,1
vdjdb_full_2890,SLLMWITQV_HLA-A*02:01,tcr6451,1
vdjdb_full_4256,SLLMWITQV_HLA-A*02:01,tcr13506,1
vdjdb_full_4165,SLLMWITQV_HLA-A*02:01,tcr13664,1
vdjdb_full_4338,SLLMWITQV_HLA-A*02:01,tcr5936,1
vdjdb_full_2819,SLLMWITQV_HLA-A*02:01,tcr10367,1
vdjdb_full_2906,SLLMWITQV_HLA-A*02:01,tcr833,1
vdjdb_full_4493,SLLMWITQV_HLA-A*02:01,tcr14259,1
vdjdb_full_4442,SLLMWITQV_HLA-A*02:01,tcr14528,1
vdjdb_full_3260,SLLMWITQV_HLA-A*02:01,tcr17712,1
vdjdb_full_3842,SLLMWITQV_HLA-A*02:01,tcr7811,1
vdjdb_full_4111,SLLMWITQV_HLA-A*02:01,tcr15416,1
vdjdb_full_4540,SLLMWITQV_HLA-A*02:01,tcr3553,1
vdjdb_full_7965,GILGFVFTL_HLA-A*02:01,tcr15237,1
vdjdb_full_7751,GILGFVFTL_HLA-A*02:01,tcr4892,1
vdjdb_full_8077,GILGFVFTL_HLA-A*02:01,tcr7447,1
vdjdb_full_7393,GILGFVFTL_HLA-A*02:01,tcr18147,1
vdjdb_full_6621,GILGFVFTL_HLA-A*02:01,tcr1113,1
vdjdb_full_6750,GILGFVFTL_HLA-A*02:01,tcr837,1
vdjdb_full_7815,GILGFVFTL_HLA-A*02:01,tcr358,1
vdjdb_full_6919,GILGFVFTL_HLA-A*02:01,tcr14140,1
vdjdb_full_8173,GILGFVFTL_HLA-A*02:01,tcr16742,1
vdjdb_full_6619,GILGFVFTL_HLA-A*02:01,tcr4762,1
vdjdb_full_6684,GILGFVFTL_HLA-A*02:01,tcr12821,1
vdjdb_full_7963,GILGFVFTL_HLA-A*02:01,tcr5979,1
vdjdb_full_7864,GILGFVFTL_HLA-A*02:01,tcr2327,1
vdjdb_full_8123,GILGFVFTL_HLA-A*02:01,tcr14257,1
vdjdb_full_7446,GILGFVFTL_HLA-A*02:01,tcr5506,1
vdjdb_full_8090,GILGFVFTL_HLA-A*02:01,tcr7699,1
vdjdb_full_6376,GILGFVFTL_HLA-A*02:01,tcr3169,1
vdjdb_full_7959,GILGFVFTL_HLA-A*02:01,tcr12457,1
vdjdb_full_6756,GILGFVFTL_HLA-A*02:01,tcr5535,1
vdjdb_full_6442,GILGFVFTL_HLA-A*02:01,tcr1900,1
vdjdb_full_6876,GILGFVFTL_HLA-A*02:01,tcr8356,1
vdjdb_full_6406,GILGFVFTL_HLA-A*02:01,tcr391,1
vdjdb_full_7392,GILGFVFTL_HLA-A*02:01,tcr399,1
vdjdb_full_7767,GILGFVFTL_HLA-A*02:01,tcr15217,1
vdjdb_full_7062,GILGFVFTL_HLA-A*02:01,tcr12985,1
vdjdb_full_7804,GILGFVFTL_HLA-A*02:01,tcr10907,1
vdjdb_full_6559,GILGFVFTL_HLA-A*02:01,tcr9520,1
vdjdb_full_6668,GILGFVFTL_HLA-A*02:01,tcr5047,1
vdjdb_full_7640,GILGFVFTL_HLA-A*02:01,tcr7472,1
vdjdb_full_6363,GILGFVFTL_HLA-A*02:01,tcr4272,1
vdjdb_full_8163,GILGFVFTL_HLA-A*02:01,tcr16737,1
vdjdb_full_7793,GILGFVFTL_HLA-A*02:01,tcr5715,1
vdjdb_full_8141,GILGFVFTL_HLA-A*02:01,tcr11620,1
vdjdb_full_7986,GILGFVFTL_HLA-A*02:01,tcr16552,1
vdjdb_full_7238,GILGFVFTL_HLA-A*02:01,tcr10033,1
vdjdb_full_7371,GILGFVFTL_HLA-A*02:01,tcr14286,1
vdjdb_full_6418,GILGFVFTL_HLA-A*02:01,tcr14644,1
vdjdb_full_7480,GILGFVFTL_HLA-A*02:01,tcr12465,1
vdjdb_full_7096,GILGFVFTL_HLA-A*02:01,tcr903,1
vdjdb_full_7508,GILGFVFTL_HLA-A*02:01,tcr10686,1
vdjdb_full_7865,GILGFVFTL_HLA-A*02:01,tcr8321,1
vdjdb_full_7689,GILGFVFTL_HLA-A*02:01,tcr2952,1
vdjdb_full_6377,GILGFVFTL_HLA-A*02:01,tcr333,1
vdjdb_full_8242,GILGFVFTL_HLA-A*02:01,tcr87,1
vdjdb_full_7418,GILGFVFTL_HLA-A*02:01,tcr9965,1
vdjdb_full_8125,GILGFVFTL_HLA-A*02:01,tcr9797,1
vdjdb_full_8194,GILGFVFTL_HLA-A*02:01,tcr14716,1
vdjdb_full_7598,GILGFVFTL_HLA-A*02:01,tcr11241,1
vdjdb_full_7783,GILGFVFTL_HLA-A*02:01,tcr17138,1
vdjdb_full_7844,GILGFVFTL_HLA-A*02:01,tcr7674,1
vdjdb_full_7385,GILGFVFTL_HLA-A*02:01,tcr16991,1
vdjdb_full_7003,GILGFVFTL_HLA-A*02:01,tcr2885,1
vdjdb_full_7578,GILGFVFTL_HLA-A*02:01,tcr15515,1
vdjdb_full_7460,GILGFVFTL_HLA-A*02:01,tcr14004,1
vdjdb_full_6520,GILGFVFTL_HLA-A*02:01,tcr4469,1
vdjdb_full_6804,GILGFVFTL_HLA-A*02:01,tcr9954,1
vdjdb_full_6729,GILGFVFTL_HLA-A*02:01,tcr14950,1
vdjdb_full_6930,GILGFVFTL_HLA-A*02:01,tcr14878,1
vdjdb_full_6847,GILGFVFTL_HLA-A*02:01,tcr423,1
vdjdb_full_7723,GILGFVFTL_HLA-A*02:01,tcr11528,1
vdjdb_full_8294,GILGFVFTL_HLA-A*02:01,tcr16674,1
vdjdb_full_7958,GILGFVFTL_HLA-A*02:01,tcr661,1
vdjdb_full_7516,GILGFVFTL_HLA-A*02:01,tcr30,1
vdjdb_full_7903,GILGFVFTL_HLA-A*02:01,tcr6676,1
vdjdb_full_7030,GILGFVFTL_HLA-A*02:01,tcr5459,1
vdjdb_full_6873,GILGFVFTL_HLA-A*02:01,tcr8902,1
vdjdb_full_6661,GILGFVFTL_HLA-A*02:01,tcr10798,1
vdjdb_full_7341,GILGFVFTL_HLA-A*02:01,tcr11954,1
vdjdb_full_7322,GILGFVFTL_HLA-A*02:01,tcr12919,1
vdjdb_full_7987,GILGFVFTL_HLA-A*02:01,tcr17174,1
vdjdb_full_7825,GILGFVFTL_HLA-A*02:01,tcr14168,1
vdjdb_full_7947,GILGFVFTL_HLA-A*02:01,tcr7338,1
vdjdb_full_8246,GILGFVFTL_HLA-A*02:01,tcr16656,1
vdjdb_full_6427,GILGFVFTL_HLA-A*02:01,tcr2081,1
vdjdb_full_7580,GILGFVFTL_HLA-A*02:01,tcr7215,1
vdjdb_full_7816,GILGFVFTL_HLA-A*02:01,tcr16268,1
vdjdb_full_8128,GILGFVFTL_HLA-A*02:01,tcr2262,1
vdjdb_full_7407,GILGFVFTL_HLA-A*02:01,tcr2612,1
vdjdb_full_6551,GILGFVFTL_HLA-A*02:01,tcr18134,1
vdjdb_full_7072,GILGFVFTL_HLA-A*02:01,tcr3894,1
vdjdb_full_7423,GILGFVFTL_HLA-A*02:01,tcr1778,1
vdjdb_full_7839,GILGFVFTL_HLA-A*02:01,tcr10336,1
vdjdb_full_6951,GILGFVFTL_HLA-A*02:01,tcr17552,1
vdjdb_full_7581,GILGFVFTL_HLA-A*02:01,tcr230,1
vdjdb_full_7174,GILGFVFTL_HLA-A*02:01,tcr2832,1
vdjdb_full_7350,GILGFVFTL_HLA-A*02:01,tcr16814,1
vdjdb_full_6667,GILGFVFTL_HLA-A*02:01,tcr10276,1
vdjdb_full_7296,GILGFVFTL_HLA-A*02:01,tcr11966,1
vdjdb_full_7028,GILGFVFTL_HLA-A*02:01,tcr171,1
vdjdb_full_7137,GILGFVFTL_HLA-A*02:01,tcr7478,1
vdjdb_full_6952,GILGFVFTL_HLA-A*02:01,tcr15152,1
vdjdb_full_7738,GILGFVFTL_HLA-A*02:01,tcr2304,1
vdjdb_full_7332,GILGFVFTL_HLA-A*02:01,tcr9308,1
vdjdb_full_7298,GILGFVFTL_HLA-A*02:01,tcr17345,1
vdjdb_full_6372,GILGFVFTL_HLA-A*02:01,tcr10945,1
vdjdb_full_7336,GILGFVFTL_HLA-A*02:01,tcr8121,1
vdjdb_full_8160,GILGFVFTL_HLA-A*02:01,tcr16747,1
vdjdb_full_7970,GILGFVFTL_HLA-A*02:01,tcr11306,1
vdjdb_full_8075,GILGFVFTL_HLA-A*02:01,tcr9147,1
vdjdb_full_6336,GILGFVFTL_HLA-A*02:01,tcr12691,1
vdjdb_full_322,KLGGALQAK_HLA-A*03:01,tcr11537,1
vdjdb_full_1107,KLGGALQAK_HLA-A*03:01,tcr12515,1
vdjdb_full_1298,KLGGALQAK_HLA-A*03:01,tcr15479,1
vdjdb_full_1746,KLGGALQAK_HLA-A*03:01,tcr3906,1
vdjdb_full_1394,KLGGALQAK_HLA-A*03:01,tcr13831,1
vdjdb_full_1312,KLGGALQAK_HLA-A*03:01,tcr1225,1
vdjdb_full_1068,KLGGALQAK_HLA-A*03:01,tcr6017,1
vdjdb_full_1687,KLGGALQAK_HLA-A*03:01,tcr3273,1
vdjdb_full_1587,KLGGALQAK_HLA-A*03:01,tcr3782,1
vdjdb_full_1983,KLGGALQAK_HLA-A*03:01,tcr14657,1
vdjdb_full_80,KLGGALQAK_HLA-A*03:01,tcr16246,1
vdjdb_full_180,KLGGALQAK_HLA-A*03:01,tcr6925,1
vdjdb_full_1825,KLGGALQAK_HLA-A*03:01,tcr12152,1
vdjdb_full_1122,KLGGALQAK_HLA-A*03:01,tcr18070,1
vdjdb_full_68,KLGGALQAK_HLA-A*03:01,tcr13043,1
vdjdb_full_1234,KLGGALQAK_HLA-A*03:01,tcr3201,1
vdjdb_full_465,KLGGALQAK_HLA-A*03:01,tcr16998,1
vdjdb_full_170,KLGGALQAK_HLA-A*03:01,tcr17435,1
vdjdb_full_1360,KLGGALQAK_HLA-A*03:01,tcr7347,1
vdjdb_full_426,KLGGALQAK_HLA-A*03:01,tcr4487,1
vdjdb_full_801,KLGGALQAK_HLA-A*03:01,tcr29,1
vdjdb_full_1331,KLGGALQAK_HLA-A*03:01,tcr13829,1
vdjdb_full_712,KLGGALQAK_HLA-A*03:01,tcr9352,1
vdjdb_full_1508,KLGGALQAK_HLA-A*03:01,tcr9908,1
vdjdb_full_1982,KLGGALQAK_HLA-A*03:01,tcr5636,1
vdjdb_full_157,KLGGALQAK_HLA-A*03:01,tcr439,1
vdjdb_full_1129,KLGGALQAK_HLA-A*03:01,tcr3738,1
vdjdb_full_568,KLGGALQAK_HLA-A*03:01,tcr18121,1
vdjdb_full_400,KLGGALQAK_HLA-A*03:01,tcr3707,1
vdjdb_full_622,KLGGALQAK_HLA-A*03:01,tcr13687,1
vdjdb_full_514,KLGGALQAK_HLA-A*03:01,tcr3967,1
vdjdb_full_158,KLGGALQAK_HLA-A*03:01,tcr12026,1
vdjdb_full_1219,KLGGALQAK_HLA-A*03:01,tcr13406,1
vdjdb_full_872,KLGGALQAK_HLA-A*03:01,tcr4004,1
vdjdb_full_420,KLGGALQAK_HLA-A*03:01,tcr6032,1
vdjdb_full_364,KLGGALQAK_HLA-A*03:01,tcr17947,1
vdjdb_full_343,KLGGALQAK_HLA-A*03:01,tcr8995,1
vdjdb_full_736,KLGGALQAK_HLA-A*03:01,tcr5437,1
vdjdb_full_1506,KLGGALQAK_HLA-A*03:01,tcr15403,1
vdjdb_full_690,KLGGALQAK_HLA-A*03:01,tcr6893,1
vdjdb_full_1547,KLGGALQAK_HLA-A*03:01,tcr3214,1
vdjdb_full_1857,KLGGALQAK_HLA-A*03:01,tcr12099,1
vdjdb_full_588,KLGGALQAK_HLA-A*03:01,tcr14106,1
vdjdb_full_837,KLGGALQAK_HLA-A*03:01,tcr4163,1
vdjdb_full_605,KLGGALQAK_HLA-A*03:01,tcr14091,1
vdjdb_full_444,KLGGALQAK_HLA-A*03:01,tcr10470,1
vdjdb_full_1393,KLGGALQAK_HLA-A*03:01,tcr756,1
vdjdb_full_279,KLGGALQAK_HLA-A*03:01,tcr16020,1
vdjdb_full_1096,KLGGALQAK_HLA-A*03:01,tcr4393,1
vdjdb_full_316,KLGGALQAK_HLA-A*03:01,tcr1059,1
vdjdb_full_323,KLGGALQAK_HLA-A*03:01,tcr11723,1
vdjdb_full_1659,KLGGALQAK_HLA-A*03:01,tcr6638,1
vdjdb_full_223,KLGGALQAK_HLA-A*03:01,tcr4133,1
vdjdb_full_1200,KLGGALQAK_HLA-A*03:01,tcr1423,1
vdjdb_full_539,KLGGALQAK_HLA-A*03:01,tcr2941,1
vdjdb_full_2031,KLGGALQAK_HLA-A*03:01,tcr2405,1
vdjdb_full_1744,KLGGALQAK_HLA-A*03:01,tcr9547,1
vdjdb_full_1361,KLGGALQAK_HLA-A*03:01,tcr10614,1
vdjdb_full_1445,KLGGALQAK_HLA-A*03:01,tcr3332,1
vdjdb_full_220,KLGGALQAK_HLA-A*03:01,tcr14981,1
vdjdb_full_950,KLGGALQAK_HLA-A*03:01,tcr15130,1
vdjdb_full_2053,KLGGALQAK_HLA-A*03:01,tcr15102,1
vdjdb_full_415,KLGGALQAK_HLA-A*03:01,tcr11619,1
vdjdb_full_1890,KLGGALQAK_HLA-A*03:01,tcr5700,1
vdjdb_full_1281,KLGGALQAK_HLA-A*03:01,tcr17750,1
vdjdb_full_290,KLGGALQAK_HLA-A*03:01,tcr15539,1
vdjdb_full_193,KLGGALQAK_HLA-A*03:01,tcr8760,1
vdjdb_full_988,KLGGALQAK_HLA-A*03:01,tcr2263,1
vdjdb_full_1644,KLGGALQAK_HLA-A*03:01,tcr12621,1
vdjdb_full_924,KLGGALQAK_HLA-A*03:01,tcr4562,1
vdjdb_full_1773,KLGGALQAK_HLA-A*03:01,tcr13454,1
vdjdb_full_276,KLGGALQAK_HLA-A*03:01,tcr5757,1
vdjdb_full_1500,KLGGALQAK_HLA-A*03:01,tcr16561,1
vdjdb_full_1063,KLGGALQAK_HLA-A*03:01,tcr7358,1
vdjdb_full_1860,KLGGALQAK_HLA-A*03:01,tcr6445,1
vdjdb_full_335,KLGGALQAK_HLA-A*03:01,tcr3996,1
vdjdb_full_141,KLGGALQAK_HLA-A*03:01,tcr16009,1
vdjdb_full_376,KLGGALQAK_HLA-A*03:01,tcr18395,1
vdjdb_full_1028,KLGGALQAK_HLA-A*03:01,tcr12342,1
vdjdb_full_1580,KLGGALQAK_HLA-A*03:01,tcr1885,1
vdjdb_full_494,KLGGALQAK_HLA-A*03:01,tcr4701,1
vdjdb_full_1902,KLGGALQAK_HLA-A*03:01,tcr13062,1
vdjdb_full_684,KLGGALQAK_HLA-A*03:01,tcr6546,1
vdjdb_full_1504,KLGGALQAK_HLA-A*03:01,tcr3509,1
vdjdb_full_1439,KLGGALQAK_HLA-A*03:01,tcr4992,1
vdjdb_full_217,KLGGALQAK_HLA-A*03:01,tcr12545,1
vdjdb_full_1340,KLGGALQAK_HLA-A*03:01,tcr10570,1
vdjdb_full_181,KLGGALQAK_HLA-A*03:01,tcr15646,1
vdjdb_full_1946,KLGGALQAK_HLA-A*03:01,tcr13266,1
vdjdb_full_1460,KLGGALQAK_HLA-A*03:01,tcr1318,1
vdjdb_full_949,KLGGALQAK_HLA-A*03:01,tcr4909,1
vdjdb_full_1392,KLGGALQAK_HLA-A*03:01,tcr5053,1
vdjdb_full_862,KLGGALQAK_HLA-A*03:01,tcr1713,1
vdjdb_full_380,KLGGALQAK_HLA-A*03:01,tcr4474,1
vdjdb_full_1255,KLGGALQAK_HLA-A*03:01,tcr1372,1
vdjdb_full_1416,KLGGALQAK_HLA-A*03:01,tcr5482,1
vdjdb_full_936,KLGGALQAK_HLA-A*03:01,tcr11343,1
vdjdb_full_591,KLGGALQAK_HLA-A*03:01,tcr17787,1
vdjdb_full_931,KLGGALQAK_HLA-A*03:01,tcr11591,1
vdjdb_full_659,KLGGALQAK_HLA-A*03:01,tcr2922,1
vdjdb_full_4750,AVFDRKSDAK_HLA-A*11:01,tcr1699,1
vdjdb_full_5111,AVFDRKSDAK_HLA-A*11:01,tcr6954,1
vdjdb_full_6258,AVFDRKSDAK_HLA-A*11:01,tcr3936,1
vdjdb_full_5202,AVFDRKSDAK_HLA-A*11:01,tcr3467,1
vdjdb_full_6010,AVFDRKSDAK_HLA-A*11:01,tcr12726,1
vdjdb_full_5827,AVFDRKSDAK_HLA-A*11:01,tcr9281,1
vdjdb_full_6274,AVFDRKSDAK_HLA-A*11:01,tcr9639,1
vdjdb_full_5454,AVFDRKSDAK_HLA-A*11:01,tcr16620,1
vdjdb_full_5569,AVFDRKSDAK_HLA-A*11:01,tcr10614,1
vdjdb_full_4898,AVFDRKSDAK_HLA-A*11:01,tcr11191,1
vdjdb_full_5256,AVFDRKSDAK_HLA-A*11:01,tcr4446,1
vdjdb_full_5489,AVFDRKSDAK_HLA-A*11:01,tcr16300,1
vdjdb_full_5315,AVFDRKSDAK_HLA-A*11:01,tcr14075,1
vdjdb_full_4639,AVFDRKSDAK_HLA-A*11:01,tcr10685,1
vdjdb_full_5186,AVFDRKSDAK_HLA-A*11:01,tcr12793,1
vdjdb_full_5400,AVFDRKSDAK_HLA-A*11:01,tcr13769,1
vdjdb_full_5047,AVFDRKSDAK_HLA-A*11:01,tcr14291,1
vdjdb_full_4888,AVFDRKSDAK_HLA-A*11:01,tcr11199,1
vdjdb_full_5463,AVFDRKSDAK_HLA-A*11:01,tcr18168,1
vdjdb_full_4917,AVFDRKSDAK_HLA-A*11:01,tcr17331,1
vdjdb_full_4932,AVFDRKSDAK_HLA-A*11:01,tcr6333,1
vdjdb_full_4871,AVFDRKSDAK_HLA-A*11:01,tcr11229,1
vdjdb_full_4867,AVFDRKSDAK_HLA-A*11:01,tcr8523,1
vdjdb_full_5061,AVFDRKSDAK_HLA-A*11:01,tcr16650,1
vdjdb_full_6056,AVFDRKSDAK_HLA-A*11:01,tcr209,1
vdjdb_full_5012,AVFDRKSDAK_HLA-A*11:01,tcr10043,1
vdjdb_full_5817,AVFDRKSDAK_HLA-A*11:01,tcr6602,1
vdjdb_full_5114,AVFDRKSDAK_HLA-A*11:01,tcr10915,1
vdjdb_full_4682,AVFDRKSDAK_HLA-A*11:01,tcr286,1
vdjdb_full_6253,AVFDRKSDAK_HLA-A*11:01,tcr1574,1
vdjdb_full_5441,AVFDRKSDAK_HLA-A*11:01,tcr9787,1
vdjdb_full_4938,AVFDRKSDAK_HLA-A*11:01,tcr12429,1
vdjdb_full_5382,AVFDRKSDAK_HLA-A*11:01,tcr12178,1
vdjdb_full_5185,AVFDRKSDAK_HLA-A*11:01,tcr15471,1
vdjdb_full_4640,AVFDRKSDAK_HLA-A*11:01,tcr14165,1
vdjdb_full_4739,AVFDRKSDAK_HLA-A*11:01,tcr14759,1
vdjdb_full_6083,AVFDRKSDAK_HLA-A*11:01,tcr10724,1
vdjdb_full_6236,AVFDRKSDAK_HLA-A*11:01,tcr13811,1
vdjdb_full_5710,AVFDRKSDAK_HLA-A*11:01,tcr12484,1
vdjdb_full_5070,AVFDRKSDAK_HLA-A*11:01,tcr2780,1
vdjdb_full_5082,AVFDRKSDAK_HLA-A*11:01,tcr16139,1
vdjdb_full_5350,AVFDRKSDAK_HLA-A*11:01,tcr1462,1
vdjdb_full_5481,AVFDRKSDAK_HLA-A*11:01,tcr5349,1
vdjdb_full_5115,AVFDRKSDAK_HLA-A*11:01,tcr4632,1
vdjdb_full_6249,AVFDRKSDAK_HLA-A*11:01,tcr9177,1
vdjdb_full_5829,AVFDRKSDAK_HLA-A*11:01,tcr12997,1
vdjdb_full_5546,AVFDRKSDAK_HLA-A*11:01,tcr104,1
vdjdb_full_6183,AVFDRKSDAK_HLA-A*11:01,tcr6567,1
vdjdb_full_4633,AVFDRKSDAK_HLA-A*11:01,tcr7936,1
vdjdb_full_4901,AVFDRKSDAK_HLA-A*11:01,tcr559,1
vdjdb_full_4642,AVFDRKSDAK_HLA-A*11:01,tcr13765,1
vdjdb_full_6009,AVFDRKSDAK_HLA-A*11:01,tcr12409,1
vdjdb_full_5039,AVFDRKSDAK_HLA-A*11:01,tcr356,1
vdjdb_full_5632,AVFDRKSDAK_HLA-A*11:01,tcr6763,1
vdjdb_full_6137,AVFDRKSDAK_HLA-A*11:01,tcr18152,1
vdjdb_full_5129,AVFDRKSDAK_HLA-A*11:01,tcr10871,1
vdjdb_full_4677,AVFDRKSDAK_HLA-A*11:01,tcr4064,1
vdjdb_full_5707,AVFDRKSDAK_HLA-A*11:01,tcr15946,1
vdjdb_full_5917,AVFDRKSDAK_HLA-A*11:01,tcr3810,1
vdjdb_full_6158,AVFDRKSDAK_HLA-A*11:01,tcr3690,1
vdjdb_full_5246,AVFDRKSDAK_HLA-A*11:01,tcr15745,1
vdjdb_full_4792,AVFDRKSDAK_HLA-A*11:01,tcr713,1
vdjdb_full_5163,AVFDRKSDAK_HLA-A*11:01,tcr9743,1
vdjdb_full_6060,AVFDRKSDAK_HLA-A*11:01,tcr11779,1
vdjdb_full_5330,AVFDRKSDAK_HLA-A*11:01,tcr17013,1
vdjdb_full_5307,AVFDRKSDAK_HLA-A*11:01,tcr1323,1
vdjdb_full_5652,AVFDRKSDAK_HLA-A*11:01,tcr5458,1
vdjdb_full_5623,AVFDRKSDAK_HLA-A*11:01,tcr8220,1
vdjdb_full_4671,AVFDRKSDAK_HLA-A*11:01,tcr5437,1
vdjdb_full_6102,AVFDRKSDAK_HLA-A*11:01,tcr5383,1
vdjdb_full_4681,AVFDRKSDAK_HLA-A*11:01,tcr7693,1
vdjdb_full_6145,AVFDRKSDAK_HLA-A*11:01,tcr5314,1
vdjdb_full_5414,AVFDRKSDAK_HLA-A*11:01,tcr15266,1
vdjdb_full_4779,AVFDRKSDAK_HLA-A*11:01,tcr10530,1
vdjdb_full_6148,AVFDRKSDAK_HLA-A*11:01,tcr11589,1
vdjdb_full_5978,AVFDRKSDAK_HLA-A*11:01,tcr15859,1
vdjdb_full_5052,AVFDRKSDAK_HLA-A*11:01,tcr15483,1
vdjdb_full_5647,AVFDRKSDAK_HLA-A*11:01,tcr2051,1
vdjdb_full_5265,AVFDRKSDAK_HLA-A*11:01,tcr5848,1
vdjdb_full_6038,AVFDRKSDAK_HLA-A*11:01,tcr828,1
vdjdb_full_4981,AVFDRKSDAK_HLA-A*11:01,tcr17703,1
vdjdb_full_5894,AVFDRKSDAK_HLA-A*11:01,tcr160,1
vdjdb_full_4713,AVFDRKSDAK_HLA-A*11:01,tcr7107,1
vdjdb_full_4897,AVFDRKSDAK_HLA-A*11:01,tcr7706,1
vdjdb_full_5657,AVFDRKSDAK_HLA-A*11:01,tcr1483,1
vdjdb_full_5054,AVFDRKSDAK_HLA-A*11:01,tcr13345,1
vdjdb_full_4878,AVFDRKSDAK_HLA-A*11:01,tcr15548,1
vdjdb_full_5540,AVFDRKSDAK_HLA-A*11:01,tcr17818,1
vdjdb_full_5799,AVFDRKSDAK_HLA-A*11:01,tcr1689,1
vdjdb_full_5905,AVFDRKSDAK_HLA-A*11:01,tcr16504,1
vdjdb_full_5965,AVFDRKSDAK_HLA-A*11:01,tcr364,1
vdjdb_full_6105,AVFDRKSDAK_HLA-A*11:01,tcr6069,1
vdjdb_full_6044,AVFDRKSDAK_HLA-A*11:01,tcr4281,1
vdjdb_full_5536,AVFDRKSDAK_HLA-A*11:01,tcr13151,1
vdjdb_full_5997,AVFDRKSDAK_HLA-A*11:01,tcr8601,1
vdjdb_full_5598,AVFDRKSDAK_HLA-A*11:01,tcr4032,1
vdjdb_full_5347,AVFDRKSDAK_HLA-A*11:01,tcr5790,1
vdjdb_full_5635,AVFDRKSDAK_HLA-A*11:01,tcr15995,1
vdjdb_full_4874,AVFDRKSDAK_HLA-A*11:01,tcr3355,1
vdjdb_full_6039,AVFDRKSDAK_HLA-A*11:01,tcr6207,1
vdjdb_full_12552,IVTDFSVIK_HLA-A*11:01,tcr8107,1
vdjdb_full_12340,IVTDFSVIK_HLA-A*11:01,tcr646,1
vdjdb_full_12673,IVTDFSVIK_HLA-A*11:01,tcr12434,1
vdjdb_full_12714,IVTDFSVIK_HLA-A*11:01,tcr8706,1
vdjdb_full_12463,IVTDFSVIK_HLA-A*11:01,tcr4938,1
vdjdb_full_12553,IVTDFSVIK_HLA-A*11:01,tcr9851,1
vdjdb_full_12500,IVTDFSVIK_HLA-A*11:01,tcr14003,1
vdjdb_full_12382,IVTDFSVIK_HLA-A*11:01,tcr13767,1
vdjdb_full_12718,IVTDFSVIK_HLA-A*11:01,tcr464,1
vdjdb_full_12271,IVTDFSVIK_HLA-A*11:01,tcr15214,1
vdjdb_full_12262,IVTDFSVIK_HLA-A*11:01,tcr4162,1
vdjdb_full_12450,IVTDFSVIK_HLA-A*11:01,tcr8189,1
vdjdb_full_12545,IVTDFSVIK_HLA-A*11:01,tcr3709,1
vdjdb_full_12405,IVTDFSVIK_HLA-A*11:01,tcr9208,1
vdjdb_full_12394,IVTDFSVIK_HLA-A*11:01,tcr13669,1
vdjdb_full_12244,IVTDFSVIK_HLA-A*11:01,tcr5658,1
vdjdb_full_12234,IVTDFSVIK_HLA-A*11:01,tcr11449,1
vdjdb_full_12800,IVTDFSVIK_HLA-A*11:01,tcr8233,1
vdjdb_full_12488,IVTDFSVIK_HLA-A*11:01,tcr5847,1
vdjdb_full_12337,IVTDFSVIK_HLA-A*11:01,tcr5333,1
vdjdb_full_12290,IVTDFSVIK_HLA-A*11:01,tcr2371,1
vdjdb_full_12815,IVTDFSVIK_HLA-A*11:01,tcr9451,1
vdjdb_full_12551,IVTDFSVIK_HLA-A*11:01,tcr887,1
vdjdb_full_12525,IVTDFSVIK_HLA-A*11:01,tcr4313,1
vdjdb_full_12836,IVTDFSVIK_HLA-A*11:01,tcr18019,1
vdjdb_full_12840,IVTDFSVIK_HLA-A*11:01,tcr9013,1
vdjdb_full_12442,IVTDFSVIK_HLA-A*11:01,tcr16958,1
vdjdb_full_12868,IVTDFSVIK_HLA-A*11:01,tcr4019,1
vdjdb_full_12710,IVTDFSVIK_HLA-A*11:01,tcr5298,1
vdjdb_full_12257,IVTDFSVIK_HLA-A*11:01,tcr13615,1
vdjdb_full_12873,IVTDFSVIK_HLA-A*11:01,tcr15420,1
vdjdb_full_12750,IVTDFSVIK_HLA-A*11:01,tcr1505,1
vdjdb_full_12666,IVTDFSVIK_HLA-A*11:01,tcr10474,1
vdjdb_full_12316,IVTDFSVIK_HLA-A*11:01,tcr6877,1
vdjdb_full_12317,IVTDFSVIK_HLA-A*11:01,tcr3396,1
vdjdb_full_12282,IVTDFSVIK_HLA-A*11:01,tcr932,1
vdjdb_full_12253,IVTDFSVIK_HLA-A*11:01,tcr3233,1
vdjdb_full_12477,IVTDFSVIK_HLA-A*11:01,tcr7538,1
vdjdb_full_12187,IVTDFSVIK_HLA-A*11:01,tcr13461,1
vdjdb_full_12862,IVTDFSVIK_HLA-A*11:01,tcr1756,1
vdjdb_full_12776,IVTDFSVIK_HLA-A*11:01,tcr9316,1
vdjdb_full_12510,IVTDFSVIK_HLA-A*11:01,tcr14440,1
vdjdb_full_12209,IVTDFSVIK_HLA-A*11:01,tcr15879,1
vdjdb_full_12752,IVTDFSVIK_HLA-A*11:01,tcr166,1
vdjdb_full_12588,IVTDFSVIK_HLA-A*11:01,tcr8450,1
vdjdb_full_12660,IVTDFSVIK_HLA-A*11:01,tcr17417,1
vdjdb_full_12825,IVTDFSVIK_HLA-A*11:01,tcr9781,1
vdjdb_full_12299,IVTDFSVIK_HLA-A*11:01,tcr6840,1
vdjdb_full_12235,IVTDFSVIK_HLA-A*11:01,tcr6330,1
vdjdb_full_12443,IVTDFSVIK_HLA-A*11:01,tcr10636,1
vdjdb_full_12792,IVTDFSVIK_HLA-A*11:01,tcr11594,1
vdjdb_full_12537,IVTDFSVIK_HLA-A*11:01,tcr621,1
vdjdb_full_12258,IVTDFSVIK_HLA-A*11:01,tcr18330,1
vdjdb_full_12768,IVTDFSVIK_HLA-A*11:01,tcr16318,1
vdjdb_full_12259,IVTDFSVIK_HLA-A*11:01,tcr11937,1
vdjdb_full_12842,IVTDFSVIK_HLA-A*11:01,tcr6101,1
vdjdb_full_12774,IVTDFSVIK_HLA-A*11:01,tcr14725,1
vdjdb_full_12527,IVTDFSVIK_HLA-A*11:01,tcr5849,1
vdjdb_full_12543,IVTDFSVIK_HLA-A*11:01,tcr2072,1
vdjdb_full_12364,IVTDFSVIK_HLA-A*11:01,tcr13684,1
vdjdb_full_12346,IVTDFSVIK_HLA-A*11:01,tcr2929,1
vdjdb_full_12301,IVTDFSVIK_HLA-A*11:01,tcr282,1
vdjdb_full_12179,IVTDFSVIK_HLA-A*11:01,tcr15700,1
vdjdb_full_12347,IVTDFSVIK_HLA-A*11:01,tcr2152,1
vdjdb_full_12674,IVTDFSVIK_HLA-A*11:01,tcr4036,1
vdjdb_full_12870,IVTDFSVIK_HLA-A*11:01,tcr8222,1
vdjdb_full_12829,IVTDFSVIK_HLA-A*11:01,tcr1926,1
vdjdb_full_12490,IVTDFSVIK_HLA-A*11:01,tcr3031,1
vdjdb_full_12240,IVTDFSVIK_HLA-A*11:01,tcr4174,1
vdjdb_full_12314,IVTDFSVIK_HLA-A*11:01,tcr6938,1
vdjdb_full_12208,IVTDFSVIK_HLA-A*11:01,tcr15086,1
vdjdb_full_12250,IVTDFSVIK_HLA-A*11:01,tcr7435,1
vdjdb_full_12480,IVTDFSVIK_HLA-A*11:01,tcr8759,1
vdjdb_full_12664,IVTDFSVIK_HLA-A*11:01,tcr17971,1
vdjdb_full_12224,IVTDFSVIK_HLA-A*11:01,tcr2834,1
vdjdb_full_12251,IVTDFSVIK_HLA-A*11:01,tcr3620,1
vdjdb_full_12529,IVTDFSVIK_HLA-A*11:01,tcr15797,1
vdjdb_full_12365,IVTDFSVIK_HLA-A*11:01,tcr16895,1
vdjdb_full_12711,IVTDFSVIK_HLA-A*11:01,tcr12976,1
vdjdb_full_12861,IVTDFSVIK_HLA-A*11:01,tcr10584,1
vdjdb_full_12648,IVTDFSVIK_HLA-A*11:01,tcr6748,1
vdjdb_full_12358,IVTDFSVIK_HLA-A*11:01,tcr12689,1
vdjdb_full_12732,IVTDFSVIK_HLA-A*11:01,tcr5060,1
vdjdb_full_12246,IVTDFSVIK_HLA-A*11:01,tcr13581,1
vdjdb_full_12818,IVTDFSVIK_HLA-A*11:01,tcr5423,1
vdjdb_full_12229,IVTDFSVIK_HLA-A*11:01,tcr9720,1
vdjdb_full_12329,IVTDFSVIK_HLA-A*11:01,tcr7478,1
vdjdb_full_12558,IVTDFSVIK_HLA-A*11:01,tcr6760,1
vdjdb_full_12218,IVTDFSVIK_HLA-A*11:01,tcr5241,1
vdjdb_full_12708,IVTDFSVIK_HLA-A*11:01,tcr13162,1
vdjdb_full_12496,IVTDFSVIK_HLA-A*11:01,tcr17436,1
vdjdb_full_12183,IVTDFSVIK_HLA-A*11:01,tcr18370,1
vdjdb_full_12823,IVTDFSVIK_HLA-A*11:01,tcr5627,1
vdjdb_full_12871,IVTDFSVIK_HLA-A*11:01,tcr907,1
vdjdb_full_12393,IVTDFSVIK_HLA-A*11:01,tcr5731,1
vdjdb_full_12854,IVTDFSVIK_HLA-A*11:01,tcr1377,1
vdjdb_full_12312,IVTDFSVIK_HLA-A*11:01,tcr6430,1
vdjdb_full_12522,IVTDFSVIK_HLA-A*11:01,tcr2824,1
vdjdb_full_12509,IVTDFSVIK_HLA-A*11:01,tcr14864,1
vdjdb_full_12830,IVTDFSVIK_HLA-A*11:01,tcr15664,1
vdjdb_full_14593,RVRAYTYSK_HLA-A*03:01,tcr10590,1
vdjdb_full_14148,RVRAYTYSK_HLA-A*03:01,tcr3820,1
vdjdb_full_14549,RVRAYTYSK_HLA-A*03:01,tcr5751,1
vdjdb_full_14371,RVRAYTYSK_HLA-A*03:01,tcr4796,1
vdjdb_full_13990,RVRAYTYSK_HLA-A*03:01,tcr2177,1
vdjdb_full_14393,RVRAYTYSK_HLA-A*03:01,tcr14403,1
vdjdb_full_14106,RVRAYTYSK_HLA-A*03:01,tcr10629,1
vdjdb_full_14053,RVRAYTYSK_HLA-A*03:01,tcr5980,1
vdjdb_full_14159,RVRAYTYSK_HLA-A*03:01,tcr6415,1
vdjdb_full_14208,RVRAYTYSK_HLA-A*03:01,tcr14778,1
vdjdb_full_14561,RVRAYTYSK_HLA-A*03:01,tcr687,1
vdjdb_full_14212,RVRAYTYSK_HLA-A*03:01,tcr11521,1
vdjdb_full_14179,RVRAYTYSK_HLA-A*03:01,tcr8652,1
vdjdb_full_13999,RVRAYTYSK_HLA-A*03:01,tcr1272,1
vdjdb_full_14409,RVRAYTYSK_HLA-A*03:01,tcr12995,1
vdjdb_full_14177,RVRAYTYSK_HLA-A*03:01,tcr2341,1
vdjdb_full_14297,RVRAYTYSK_HLA-A*03:01,tcr17125,1
vdjdb_full_14554,RVRAYTYSK_HLA-A*03:01,tcr11499,1
vdjdb_full_13987,RVRAYTYSK_HLA-A*03:01,tcr2147,1
vdjdb_full_13928,RVRAYTYSK_HLA-A*03:01,tcr3576,1
vdjdb_full_14275,RVRAYTYSK_HLA-A*03:01,tcr3328,1
vdjdb_full_13981,RVRAYTYSK_HLA-A*03:01,tcr3399,1
vdjdb_full_14276,RVRAYTYSK_HLA-A*03:01,tcr3367,1
vdjdb_full_13972,RVRAYTYSK_HLA-A*03:01,tcr4106,1
vdjdb_full_14486,RVRAYTYSK_HLA-A*03:01,tcr1661,1
vdjdb_full_14281,RVRAYTYSK_HLA-A*03:01,tcr8590,1
vdjdb_full_14102,RVRAYTYSK_HLA-A*03:01,tcr4103,1
vdjdb_full_14229,RVRAYTYSK_HLA-A*03:01,tcr17527,1
vdjdb_full_14458,RVRAYTYSK_HLA-A*03:01,tcr16534,1
vdjdb_full_13949,RVRAYTYSK_HLA-A*03:01,tcr16927,1
vdjdb_full_14580,RVRAYTYSK_HLA-A*03:01,tcr3217,1
vdjdb_full_13973,RVRAYTYSK_HLA-A*03:01,tcr3153,1
vdjdb_full_14099,RVRAYTYSK_HLA-A*03:01,tcr17225,1
vdjdb_full_14428,RVRAYTYSK_HLA-A*03:01,tcr13182,1
vdjdb_full_14503,RVRAYTYSK_HLA-A*03:01,tcr865,1
vdjdb_full_14136,RVRAYTYSK_HLA-A*03:01,tcr2531,1
vdjdb_full_14032,RVRAYTYSK_HLA-A*03:01,tcr9479,1
vdjdb_full_14311,RVRAYTYSK_HLA-A*03:01,tcr16087,1
vdjdb_full_14138,RVRAYTYSK_HLA-A*03:01,tcr16155,1
vdjdb_full_14083,RVRAYTYSK_HLA-A*03:01,tcr8153,1
vdjdb_full_14090,RVRAYTYSK_HLA-A*03:01,tcr5513,1
vdjdb_full_14296,RVRAYTYSK_HLA-A*03:01,tcr6149,1
vdjdb_full_14475,RVRAYTYSK_HLA-A*03:01,tcr13912,1
vdjdb_full_13994,RVRAYTYSK_HLA-A*03:01,tcr9885,1
vdjdb_full_14548,RVRAYTYSK_HLA-A*03:01,tcr12832,1
vdjdb_full_13920,RVRAYTYSK_HLA-A*03:01,tcr3950,1
vdjdb_full_14573,RVRAYTYSK_HLA-A*03:01,tcr12483,1
vdjdb_full_14202,RVRAYTYSK_HLA-A*03:01,tcr9385,1
vdjdb_full_14223,RVRAYTYSK_HLA-A*03:01,tcr6097,1
vdjdb_full_14380,RVRAYTYSK_HLA-A*03:01,tcr10802,1
vdjdb_full_14602,RVRAYTYSK_HLA-A*03:01,tcr8076,1
vdjdb_full_14010,RVRAYTYSK_HLA-A*03:01,tcr1935,1
vdjdb_full_14447,RVRAYTYSK_HLA-A*03:01,tcr5600,1
vdjdb_full_14431,RVRAYTYSK_HLA-A*03:01,tcr17605,1
vdjdb_full_13948,RVRAYTYSK_HLA-A*03:01,tcr10878,1
vdjdb_full_14260,RVRAYTYSK_HLA-A*03:01,tcr11051,1
vdjdb_full_14101,RVRAYTYSK_HLA-A*03:01,tcr6992,1
vdjdb_full_14372,RVRAYTYSK_HLA-A*03:01,tcr8014,1
vdjdb_full_13962,RVRAYTYSK_HLA-A*03:01,tcr12694,1
vdjdb_full_14195,RVRAYTYSK_HLA-A*03:01,tcr1802,1
vdjdb_full_13996,RVRAYTYSK_HLA-A*03:01,tcr15747,1
vdjdb_full_14391,RVRAYTYSK_HLA-A*03:01,tcr692,1
vdjdb_full_14022,RVRAYTYSK_HLA-A*03:01,tcr1546,1
vdjdb_full_14302,RVRAYTYSK_HLA-A*03:01,tcr3823,1
vdjdb_full_14299,RVRAYTYSK_HLA-A*03:01,tcr1034,1
vdjdb_full_14231,RVRAYTYSK_HLA-A*03:01,tcr2835,1
vdjdb_full_14285,RVRAYTYSK_HLA-A*03:01,tcr6679,1
vdjdb_full_14511,RVRAYTYSK_HLA-A*03:01,tcr13980,1
vdjdb_full_14088,RVRAYTYSK_HLA-A*03:01,tcr16025,1
vdjdb_full_14443,RVRAYTYSK_HLA-A*03:01,tcr4574,1
vdjdb_full_13983,RVRAYTYSK_HLA-A*03:01,tcr16922,1
vdjdb_full_14342,RVRAYTYSK_HLA-A*03:01,tcr1387,1
vdjdb_full_13967,RVRAYTYSK_HLA-A*03:01,tcr11634,1
vdjdb_full_14450,RVRAYTYSK_HLA-A*03:01,tcr1746,1
vdjdb_full_14146,RVRAYTYSK_HLA-A*03:01,tcr14179,1
vdjdb_full_13957,RVRAYTYSK_HLA-A*03:01,tcr14564,1
vdjdb_full_14129,RVRAYTYSK_HLA-A*03:01,tcr5235,1
vdjdb_full_14253,RVRAYTYSK_HLA-A*03:01,tcr1977,1
vdjdb_full_13924,RVRAYTYSK_HLA-A*03:01,tcr606,1
vdjdb_full_14572,RVRAYTYSK_HLA-A*03:01,tcr8219,1
vdjdb_full_14344,RVRAYTYSK_HLA-A*03:01,tcr4509,1
vdjdb_full_14562,RVRAYTYSK_HLA-A*03:01,tcr9332,1
vdjdb_full_14360,RVRAYTYSK_HLA-A*03:01,tcr7432,1
vdjdb_full_14524,RVRAYTYSK_HLA-A*03:01,tcr18411,1
vdjdb_full_14243,RVRAYTYSK_HLA-A*03:01,tcr2424,1
vdjdb_full_14279,RVRAYTYSK_HLA-A*03:01,tcr4079,1
vdjdb_full_14006,RVRAYTYSK_HLA-A*03:01,tcr6743,1
vdjdb_full_14187,RVRAYTYSK_HLA-A*03:01,tcr15887,1
vdjdb_full_14196,RVRAYTYSK_HLA-A*03:01,tcr12111,1
vdjdb_full_14557,RVRAYTYSK_HLA-A*03:01,tcr10084,1
vdjdb_full_14031,RVRAYTYSK_HLA-A*03:01,tcr5612,1
vdjdb_full_14072,RVRAYTYSK_HLA-A*03:01,tcr16189,1
vdjdb_full_13959,RVRAYTYSK_HLA-A*03:01,tcr9183,1
vdjdb_full_14284,RVRAYTYSK_HLA-A*03:01,tcr7976,1
vdjdb_full_14392,RVRAYTYSK_HLA-A*03:01,tcr11617,1
vdjdb_full_13974,RVRAYTYSK_HLA-A*03:01,tcr16412,1
vdjdb_full_14603,RVRAYTYSK_HLA-A*03:01,tcr3373,1
vdjdb_full_14576,RVRAYTYSK_HLA-A*03:01,tcr11711,1
vdjdb_full_14199,RVRAYTYSK_HLA-A*03:01,tcr7549,1
vdjdb_full_14068,RVRAYTYSK_HLA-A*03:01,tcr7985,1
vdjdb_full_2226,GLCTLVAML_HLA-A*02:01,tcr15120,1
vdjdb_full_2474,GLCTLVAML_HLA-A*02:01,tcr11817,1
vdjdb_full_2069,GLCTLVAML_HLA-A*02:01,tcr6705,1
vdjdb_full_2497,GLCTLVAML_HLA-A*02:01,tcr10831,1
vdjdb_full_2142,GLCTLVAML_HLA-A*02:01,tcr6726,1
vdjdb_full_2291,GLCTLVAML_HLA-A*02:01,tcr17175,1
vdjdb_full_2608,GLCTLVAML_HLA-A*02:01,tcr16495,1
vdjdb_full_2574,GLCTLVAML_HLA-A*02:01,tcr3806,1
vdjdb_full_2405,GLCTLVAML_HLA-A*02:01,tcr3567,1
vdjdb_full_2168,GLCTLVAML_HLA-A*02:01,tcr12954,1
vdjdb_full_2073,GLCTLVAML_HLA-A*02:01,tcr14512,1
vdjdb_full_2164,GLCTLVAML_HLA-A*02:01,tcr8578,1
vdjdb_full_2139,GLCTLVAML_HLA-A*02:01,tcr16192,1
vdjdb_full_2261,GLCTLVAML_HLA-A*02:01,tcr18320,1
vdjdb_full_2245,GLCTLVAML_HLA-A*02:01,tcr11471,1
vdjdb_full_2433,GLCTLVAML_HLA-A*02:01,tcr11485,1
vdjdb_full_2065,GLCTLVAML_HLA-A*02:01,tcr12179,1
vdjdb_full_2241,GLCTLVAML_HLA-A*02:01,tcr12049,1
vdjdb_full_2482,GLCTLVAML_HLA-A*02:01,tcr5520,1
vdjdb_full_2199,GLCTLVAML_HLA-A*02:01,tcr15983,1
vdjdb_full_2189,GLCTLVAML_HLA-A*02:01,tcr10051,1
vdjdb_full_2346,GLCTLVAML_HLA-A*02:01,tcr13693,1
vdjdb_full_2321,GLCTLVAML_HLA-A*02:01,tcr1453,1
vdjdb_full_2508,GLCTLVAML_HLA-A*02:01,tcr7535,1
vdjdb_full_2250,GLCTLVAML_HLA-A*02:01,tcr3679,1
vdjdb_full_2145,GLCTLVAML_HLA-A*02:01,tcr17536,1
vdjdb_full_2503,GLCTLVAML_HLA-A*02:01,tcr2224,1
vdjdb_full_2152,GLCTLVAML_HLA-A*02:01,tcr16432,1
vdjdb_full_2372,GLCTLVAML_HLA-A*02:01,tcr11652,1
vdjdb_full_2309,GLCTLVAML_HLA-A*02:01,tcr10273,1
vdjdb_full_2135,GLCTLVAML_HLA-A*02:01,tcr16477,1
vdjdb_full_2118,GLCTLVAML_HLA-A*02:01,tcr16779,1
vdjdb_full_2147,GLCTLVAML_HLA-A*02:01,tcr15335,1
vdjdb_full_2487,GLCTLVAML_HLA-A*02:01,tcr12051,1
vdjdb_full_2093,GLCTLVAML_HLA-A*02:01,tcr14944,1
vdjdb_full_2434,GLCTLVAML_HLA-A*02:01,tcr12076,1
vdjdb_full_2504,GLCTLVAML_HLA-A*02:01,tcr10556,1
vdjdb_full_2461,GLCTLVAML_HLA-A*02:01,tcr9484,1
vdjdb_full_2072,GLCTLVAML_HLA-A*02:01,tcr18269,1
vdjdb_full_2377,GLCTLVAML_HLA-A*02:01,tcr11335,1
vdjdb_full_2131,GLCTLVAML_HLA-A*02:01,tcr1886,1
vdjdb_full_2414,GLCTLVAML_HLA-A*02:01,tcr11115,1
vdjdb_full_2349,GLCTLVAML_HLA-A*02:01,tcr6638,1
vdjdb_full_2417,GLCTLVAML_HLA-A*02:01,tcr16847,1
vdjdb_full_2280,GLCTLVAML_HLA-A*02:01,tcr5567,1
vdjdb_full_2607,GLCTLVAML_HLA-A*02:01,tcr5811,1
vdjdb_full_2136,GLCTLVAML_HLA-A*02:01,tcr5489,1
vdjdb_full_2298,GLCTLVAML_HLA-A*02:01,tcr10511,1
vdjdb_full_2198,GLCTLVAML_HLA-A*02:01,tcr8332,1
vdjdb_full_2141,GLCTLVAML_HLA-A*02:01,tcr614,1
vdjdb_full_2133,GLCTLVAML_HLA-A*02:01,tcr8052,1
vdjdb_full_2338,GLCTLVAML_HLA-A*02:01,tcr6890,1
vdjdb_full_2398,GLCTLVAML_HLA-A*02:01,tcr1693,1
vdjdb_full_2550,GLCTLVAML_HLA-A*02:01,tcr508,1
vdjdb_full_2578,GLCTLVAML_HLA-A*02:01,tcr15578,1
vdjdb_full_2559,GLCTLVAML_HLA-A*02:01,tcr5413,1
vdjdb_full_2595,GLCTLVAML_HLA-A*02:01,tcr3070,1
vdjdb_full_2359,GLCTLVAML_HLA-A*02:01,tcr13394,1
vdjdb_full_2548,GLCTLVAML_HLA-A*02:01,tcr5439,1
vdjdb_full_2431,GLCTLVAML_HLA-A*02:01,tcr4132,1
vdjdb_full_2533,GLCTLVAML_HLA-A*02:01,tcr17548,1
vdjdb_full_2455,GLCTLVAML_HLA-A*02:01,tcr13297,1
vdjdb_full_2235,GLCTLVAML_HLA-A*02:01,tcr14378,1
vdjdb_full_2602,GLCTLVAML_HLA-A*02:01,tcr7336,1
vdjdb_full_2604,GLCTLVAML_HLA-A*02:01,tcr958,1
vdjdb_full_2207,GLCTLVAML_HLA-A*02:01,tcr12382,1
vdjdb_full_2221,GLCTLVAML_HLA-A*02:01,tcr4088,1
vdjdb_full_2565,GLCTLVAML_HLA-A*02:01,tcr6156,1
vdjdb_full_2337,GLCTLVAML_HLA-A*02:01,tcr16801,1
vdjdb_full_2126,GLCTLVAML_HLA-A*02:01,tcr8290,1
vdjdb_full_2521,GLCTLVAML_HLA-A*02:01,tcr7257,1
vdjdb_full_2153,GLCTLVAML_HLA-A*02:01,tcr11072,1
vdjdb_full_2138,GLCTLVAML_HLA-A*02:01,tcr13183,1
vdjdb_full_2248,GLCTLVAML_HLA-A*02:01,tcr13147,1
vdjdb_full_2096,GLCTLVAML_HLA-A*02:01,tcr2679,1
vdjdb_full_2140,GLCTLVAML_HLA-A*02:01,tcr4117,1
vdjdb_full_2409,GLCTLVAML_HLA-A*02:01,tcr3945,1
vdjdb_full_2063,GLCTLVAML_HLA-A*02:01,tcr3762,1
vdjdb_full_2074,GLCTLVAML_HLA-A*02:01,tcr5669,1
vdjdb_full_2579,GLCTLVAML_HLA-A*02:01,tcr18299,1
vdjdb_full_2085,GLCTLVAML_HLA-A*02:01,tcr9038,1
vdjdb_full_2182,GLCTLVAML_HLA-A*02:01,tcr13269,1
vdjdb_full_2360,GLCTLVAML_HLA-A*02:01,tcr2837,1
vdjdb_full_2387,GLCTLVAML_HLA-A*02:01,tcr4114,1
vdjdb_full_2597,GLCTLVAML_HLA-A*02:01,tcr3798,1
vdjdb_full_2327,GLCTLVAML_HLA-A*02:01,tcr13825,1
vdjdb_full_2370,GLCTLVAML_HLA-A*02:01,tcr15582,1
vdjdb_full_2081,GLCTLVAML_HLA-A*02:01,tcr10380,1
vdjdb_full_2253,GLCTLVAML_HLA-A*02:01,tcr6984,1
vdjdb_full_2204,GLCTLVAML_HLA-A*02:01,tcr12230,1
vdjdb_full_2078,GLCTLVAML_HLA-A*02:01,tcr3490,1
vdjdb_full_2299,GLCTLVAML_HLA-A*02:01,tcr8206,1
vdjdb_full_2102,GLCTLVAML_HLA-A*02:01,tcr11232,1
vdjdb_full_2561,GLCTLVAML_HLA-A*02:01,tcr17673,1
vdjdb_full_2109,GLCTLVAML_HLA-A*02:01,tcr7480,1
vdjdb_full_2156,GLCTLVAML_HLA-A*02:01,tcr9747,1
vdjdb_full_2392,GLCTLVAML_HLA-A*02:01,tcr11694,1
vdjdb_full_2432,GLCTLVAML_HLA-A*02:01,tcr15792,1
vdjdb_full_2537,GLCTLVAML_HLA-A*02:01,tcr2507,1
vdjdb_full_2454,GLCTLVAML_HLA-A*02:01,tcr2752,1
vdjdb_full_8938,LLAGIGTVPI_HLA-A*02:01,tcr17203,1
vdjdb_full_8742,LLAGIGTVPI_HLA-A*02:01,tcr10625,1
vdjdb_full_8751,LLAGIGTVPI_HLA-A*02:01,tcr373,1
vdjdb_full_8935,LLAGIGTVPI_HLA-A*02:01,tcr12346,1
vdjdb_full_8837,LLAGIGTVPI_HLA-A*02:01,tcr3549,1
vdjdb_full_8916,LLAGIGTVPI_HLA-A*02:01,tcr11541,1
vdjdb_full_9024,LLAGIGTVPI_HLA-A*02:01,tcr3863,1
vdjdb_full_8924,LLAGIGTVPI_HLA-A*02:01,tcr4649,1
vdjdb_full_9173,LLAGIGTVPI_HLA-A*02:01,tcr14775,1
vdjdb_full_8789,LLAGIGTVPI_HLA-A*02:01,tcr15236,1
vdjdb_full_9170,LLAGIGTVPI_HLA-A*02:01,tcr10818,1
vdjdb_full_9113,LLAGIGTVPI_HLA-A*02:01,tcr11735,1
vdjdb_full_8788,LLAGIGTVPI_HLA-A*02:01,tcr2791,1
vdjdb_full_9101,LLAGIGTVPI_HLA-A*02:01,tcr16540,1
vdjdb_full_8992,LLAGIGTVPI_HLA-A*02:01,tcr13920,1
vdjdb_full_8985,LLAGIGTVPI_HLA-A*02:01,tcr10962,1
vdjdb_full_8782,LLAGIGTVPI_HLA-A*02:01,tcr469,1
vdjdb_full_8805,LLAGIGTVPI_HLA-A*02:01,tcr4760,1
vdjdb_full_8870,LLAGIGTVPI_HLA-A*02:01,tcr11660,1
vdjdb_full_8711,LLAGIGTVPI_HLA-A*02:01,tcr10942,1
vdjdb_full_9103,LLAGIGTVPI_HLA-A*02:01,tcr6314,1
vdjdb_full_8794,LLAGIGTVPI_HLA-A*02:01,tcr9389,1
vdjdb_full_9083,LLAGIGTVPI_HLA-A*02:01,tcr13284,1
vdjdb_full_9072,LLAGIGTVPI_HLA-A*02:01,tcr11510,1
vdjdb_full_9136,LLAGIGTVPI_HLA-A*02:01,tcr12443,1
vdjdb_full_9021,LLAGIGTVPI_HLA-A*02:01,tcr6675,1
vdjdb_full_8885,LLAGIGTVPI_HLA-A*02:01,tcr1042,1
vdjdb_full_8889,LLAGIGTVPI_HLA-A*02:01,tcr1679,1
vdjdb_full_8730,LLAGIGTVPI_HLA-A*02:01,tcr16179,1
vdjdb_full_8720,LLAGIGTVPI_HLA-A*02:01,tcr2366,1
vdjdb_full_9144,LLAGIGTVPI_HLA-A*02:01,tcr2277,1
vdjdb_full_9164,LLAGIGTVPI_HLA-A*02:01,tcr9735,1
vdjdb_full_8785,LLAGIGTVPI_HLA-A*02:01,tcr12517,1
vdjdb_full_8947,LLAGIGTVPI_HLA-A*02:01,tcr2058,1
vdjdb_full_9001,LLAGIGTVPI_HLA-A*02:01,tcr12801,1
vdjdb_full_9123,LLAGIGTVPI_HLA-A*02:01,tcr14449,1
vdjdb_full_8767,LLAGIGTVPI_HLA-A*02:01,tcr4414,1
vdjdb_full_8802,LLAGIGTVPI_HLA-A*02:01,tcr123,1
vdjdb_full_9079,LLAGIGTVPI_HLA-A*02:01,tcr6519,1
vdjdb_full_8791,LLAGIGTVPI_HLA-A*02:01,tcr10175,1
vdjdb_full_9040,LLAGIGTVPI_HLA-A*02:01,tcr8705,1
vdjdb_full_9166,LLAGIGTVPI_HLA-A*02:01,tcr8822,1
vdjdb_full_8922,LLAGIGTVPI_HLA-A*02:01,tcr619,1
vdjdb_full_8886,LLAGIGTVPI_HLA-A*02:01,tcr1696,1
vdjdb_full_8898,LLAGIGTVPI_HLA-A*02:01,tcr12572,1
vdjdb_full_8784,LLAGIGTVPI_HLA-A*02:01,tcr16941,1
vdjdb_full_8861,LLAGIGTVPI_HLA-A*02:01,tcr9478,1
vdjdb_full_8790,LLAGIGTVPI_HLA-A*02:01,tcr4690,1
vdjdb_full_8839,LLAGIGTVPI_HLA-A*02:01,tcr4188,1
vdjdb_full_8845,LLAGIGTVPI_HLA-A*02:01,tcr7375,1
vdjdb_full_9174,LLAGIGTVPI_HLA-A*02:01,tcr7377,1
vdjdb_full_8787,LLAGIGTVPI_HLA-A*02:01,tcr15415,1
vdjdb_full_9010,LLAGIGTVPI_HLA-A*02:01,tcr7452,1
vdjdb_full_8908,LLAGIGTVPI_HLA-A*02:01,tcr7292,1
vdjdb_full_8844,LLAGIGTVPI_HLA-A*02:01,tcr7449,1
vdjdb_full_8940,LLAGIGTVPI_HLA-A*02:01,tcr5070,1
vdjdb_full_9080,LLAGIGTVPI_HLA-A*02:01,tcr15992,1
vdjdb_full_8745,LLAGIGTVPI_HLA-A*02:01,tcr5938,1
vdjdb_full_9088,LLAGIGTVPI_HLA-A*02:01,tcr11548,1
vdjdb_full_9035,LLAGIGTVPI_HLA-A*02:01,tcr2740,1
vdjdb_full_9124,LLAGIGTVPI_HLA-A*02:01,tcr3503,1
vdjdb_full_8853,LLAGIGTVPI_HLA-A*02:01,tcr2908,1
vdjdb_full_8722,LLAGIGTVPI_HLA-A*02:01,tcr3825,1
vdjdb_full_9122,LLAGIGTVPI_HLA-A*02:01,tcr15481,1
vdjdb_full_8726,LLAGIGTVPI_HLA-A*02:01,tcr1296,1
vdjdb_full_9137,LLAGIGTVPI_HLA-A*02:01,tcr11772,1
vdjdb_full_9073,LLAGIGTVPI_HLA-A*02:01,tcr1700,1
vdjdb_full_8731,LLAGIGTVPI_HLA-A*02:01,tcr4609,1
vdjdb_full_9011,LLAGIGTVPI_HLA-A*02:01,tcr5543,1
vdjdb_full_9131,LLAGIGTVPI_HLA-A*02:01,tcr12208,1
vdjdb_full_8768,LLAGIGTVPI_HLA-A*02:01,tcr9886,1
vdjdb_full_8909,LLAGIGTVPI_HLA-A*02:01,tcr4155,1
vdjdb_full_9049,LLAGIGTVPI_HLA-A*02:01,tcr14979,1
vdjdb_full_9019,LLAGIGTVPI_HLA-A*02:01,tcr5493,1
vdjdb_full_8826,LLAGIGTVPI_HLA-A*02:01,tcr5268,1
vdjdb_full_8868,LLAGIGTVPI_HLA-A*02:01,tcr18155,1
vdjdb_full_9109,LLAGIGTVPI_HLA-A*02:01,tcr13098,1
vdjdb_full_8737,LLAGIGTVPI_HLA-A*02:01,tcr6317,1
vdjdb_full_9165,LLAGIGTVPI_HLA-A*02:01,tcr6708,1
vdjdb_full_8969,LLAGIGTVPI_HLA-A*02:01,tcr17311,1
vdjdb_full_8893,LLAGIGTVPI_HLA-A*02:01,tcr11444,1
vdjdb_full_8754,LLAGIGTVPI_HLA-A*02:01,tcr8067,1
vdjdb_full_9016,LLAGIGTVPI_HLA-A*02:01,tcr15947,1
vdjdb_full_8813,LLAGIGTVPI_HLA-A*02:01,tcr5138,1
vdjdb_full_9148,LLAGIGTVPI_HLA-A*02:01,tcr909,1
vdjdb_full_9117,LLAGIGTVPI_HLA-A*02:01,tcr927,1
vdjdb_full_8850,LLAGIGTVPI_HLA-A*02:01,tcr13620,1
vdjdb_full_9013,LLAGIGTVPI_HLA-A*02:01,tcr11258,1
vdjdb_full_8734,LLAGIGTVPI_HLA-A*02:01,tcr10752,1
vdjdb_full_9015,LLAGIGTVPI_HLA-A*02:01,tcr7683,1
vdjdb_full_8758,LLAGIGTVPI_HLA-A*02:01,tcr9616,1
vdjdb_full_8881,LLAGIGTVPI_HLA-A*02:01,tcr8716,1
vdjdb_full_9176,LLAGIGTVPI_HLA-A*02:01,tcr18054,1
vdjdb_full_9127,LLAGIGTVPI_HLA-A*02:01,tcr10843,1
vdjdb_full_8979,LLAGIGTVPI_HLA-A*02:01,tcr18338,1
vdjdb_full_8769,LLAGIGTVPI_HLA-A*02:01,tcr17597,1
vdjdb_full_8912,LLAGIGTVPI_HLA-A*02:01,tcr4842,1
vdjdb_full_8888,LLAGIGTVPI_HLA-A*02:01,tcr3949,1
vdjdb_full_8736,LLAGIGTVPI_HLA-A*02:01,tcr2044,1
vdjdb_full_8728,LLAGIGTVPI_HLA-A*02:01,tcr15637,1
vdjdb_full_9685,YLQPRTFLL_HLA-A*02:01,tcr16714,1
vdjdb_full_9880,YLQPRTFLL_HLA-A*02:01,tcr6615,1
vdjdb_full_9715,YLQPRTFLL_HLA-A*02:01,tcr15964,1
vdjdb_full_9915,YLQPRTFLL_HLA-A*02:01,tcr12643,1
vdjdb_full_9962,YLQPRTFLL_HLA-A*02:01,tcr15980,1
vdjdb_full_9608,YLQPRTFLL_HLA-A*02:01,tcr3408,1
vdjdb_full_9672,YLQPRTFLL_HLA-A*02:01,tcr12859,1
vdjdb_full_9677,YLQPRTFLL_HLA-A*02:01,tcr2321,1
vdjdb_full_9564,YLQPRTFLL_HLA-A*02:01,tcr3984,1
vdjdb_full_9607,YLQPRTFLL_HLA-A*02:01,tcr8187,1
vdjdb_full_9605,YLQPRTFLL_HLA-A*02:01,tcr12882,1
vdjdb_full_9633,YLQPRTFLL_HLA-A*02:01,tcr12860,1
vdjdb_full_9914,YLQPRTFLL_HLA-A*02:01,tcr2505,1
vdjdb_full_9629,YLQPRTFLL_HLA-A*02:01,tcr589,1
vdjdb_full_9872,YLQPRTFLL_HLA-A*02:01,tcr9515,1
vdjdb_full_9958,YLQPRTFLL_HLA-A*02:01,tcr4016,1
vdjdb_full_9543,YLQPRTFLL_HLA-A*02:01,tcr4187,1
vdjdb_full_9789,YLQPRTFLL_HLA-A*02:01,tcr8065,1
vdjdb_full_9736,YLQPRTFLL_HLA-A*02:01,tcr17958,1
vdjdb_full_9772,YLQPRTFLL_HLA-A*02:01,tcr699,1
vdjdb_full_9732,YLQPRTFLL_HLA-A*02:01,tcr3872,1
vdjdb_full_9780,YLQPRTFLL_HLA-A*02:01,tcr11791,1
vdjdb_full_9964,YLQPRTFLL_HLA-A*02:01,tcr7192,1
vdjdb_full_9769,YLQPRTFLL_HLA-A*02:01,tcr3833,1
vdjdb_full_9590,YLQPRTFLL_HLA-A*02:01,tcr6678,1
vdjdb_full_9899,YLQPRTFLL_HLA-A*02:01,tcr9599,1
vdjdb_full_9591,YLQPRTFLL_HLA-A*02:01,tcr2164,1
vdjdb_full_9841,YLQPRTFLL_HLA-A*02:01,tcr10044,1
vdjdb_full_9814,YLQPRTFLL_HLA-A*02:01,tcr17760,1
vdjdb_full_9616,YLQPRTFLL_HLA-A*02:01,tcr14402,1
vdjdb_full_9955,YLQPRTFLL_HLA-A*02:01,tcr8985,1
vdjdb_full_9656,YLQPRTFLL_HLA-A*02:01,tcr7800,1
vdjdb_full_9749,YLQPRTFLL_HLA-A*02:01,tcr13340,1
vdjdb_full_9734,YLQPRTFLL_HLA-A*02:01,tcr13722,1
vdjdb_full_9883,YLQPRTFLL_HLA-A*02:01,tcr10034,1
vdjdb_full_9724,YLQPRTFLL_HLA-A*02:01,tcr1608,1
vdjdb_full_9759,YLQPRTFLL_HLA-A*02:01,tcr13674,1
vdjdb_full_9574,YLQPRTFLL_HLA-A*02:01,tcr12600,1
vdjdb_full_9708,YLQPRTFLL_HLA-A*02:01,tcr18314,1
vdjdb_full_9805,YLQPRTFLL_HLA-A*02:01,tcr4511,1
vdjdb_full_9611,YLQPRTFLL_HLA-A*02:01,tcr17614,1
vdjdb_full_9612,YLQPRTFLL_HLA-A*02:01,tcr15468,1
vdjdb_full_9961,YLQPRTFLL_HLA-A*02:01,tcr13180,1
vdjdb_full_9567,YLQPRTFLL_HLA-A*02:01,tcr10795,1
vdjdb_full_9653,YLQPRTFLL_HLA-A*02:01,tcr3162,1
vdjdb_full_9921,YLQPRTFLL_HLA-A*02:01,tcr10861,1
vdjdb_full_9688,YLQPRTFLL_HLA-A*02:01,tcr9546,1
vdjdb_full_9838,YLQPRTFLL_HLA-A*02:01,tcr539,1
vdjdb_full_9913,YLQPRTFLL_HLA-A*02:01,tcr12072,1
vdjdb_full_9549,YLQPRTFLL_HLA-A*02:01,tcr1370,1
vdjdb_full_9614,YLQPRTFLL_HLA-A*02:01,tcr1071,1
vdjdb_full_9861,YLQPRTFLL_HLA-A*02:01,tcr12576,1
vdjdb_full_9534,YLQPRTFLL_HLA-A*02:01,tcr3626,1
vdjdb_full_9553,YLQPRTFLL_HLA-A*02:01,tcr972,1
vdjdb_full_9935,YLQPRTFLL_HLA-A*02:01,tcr10381,1
vdjdb_full_9822,YLQPRTFLL_HLA-A*02:01,tcr3869,1
vdjdb_full_9824,YLQPRTFLL_HLA-A*02:01,tcr12504,1
vdjdb_full_9821,YLQPRTFLL_HLA-A*02:01,tcr1058,1
vdjdb_full_9613,YLQPRTFLL_HLA-A*02:01,tcr16762,1
vdjdb_full_9619,YLQPRTFLL_HLA-A*02:01,tcr3695,1
vdjdb_full_9902,YLQPRTFLL_HLA-A*02:01,tcr10535,1
vdjdb_full_9643,YLQPRTFLL_HLA-A*02:01,tcr14626,1
vdjdb_full_9559,YLQPRTFLL_HLA-A*02:01,tcr13976,1
vdjdb_full_9925,YLQPRTFLL_HLA-A*02:01,tcr1503,1
vdjdb_full_9712,YLQPRTFLL_HLA-A*02:01,tcr12266,1
vdjdb_full_9912,YLQPRTFLL_HLA-A*02:01,tcr9671,1
vdjdb_full_9809,YLQPRTFLL_HLA-A*02:01,tcr12692,1
vdjdb_full_9577,YLQPRTFLL_HLA-A*02:01,tcr17362,1
vdjdb_full_9713,YLQPRTFLL_HLA-A*02:01,tcr13024,1
vdjdb_full_9916,YLQPRTFLL_HLA-A*02:01,tcr8725,1
vdjdb_full_9664,YLQPRTFLL_HLA-A*02:01,tcr17482,1
vdjdb_full_9885,YLQPRTFLL_HLA-A*02:01,tcr2895,1
vdjdb_full_9840,YLQPRTFLL_HLA-A*02:01,tcr5282,1
vdjdb_full_9815,YLQPRTFLL_HLA-A*02:01,tcr12539,1
vdjdb_full_9556,YLQPRTFLL_HLA-A*02:01,tcr15012,1
vdjdb_full_9581,YLQPRTFLL_HLA-A*02:01,tcr7958,1
vdjdb_full_9828,YLQPRTFLL_HLA-A*02:01,tcr17122,1
vdjdb_full_9632,YLQPRTFLL_HLA-A*02:01,tcr14959,1
vdjdb_full_9952,YLQPRTFLL_HLA-A*02:01,tcr18132,1
vdjdb_full_9954,YLQPRTFLL_HLA-A*02:01,tcr10229,1
vdjdb_full_9592,YLQPRTFLL_HLA-A*02:01,tcr14582,1
vdjdb_full_9957,YLQPRTFLL_HLA-A*02:01,tcr16880,1
vdjdb_full_9558,YLQPRTFLL_HLA-A*02:01,tcr12284,1
vdjdb_full_9551,YLQPRTFLL_HLA-A*02:01,tcr4378,1
vdjdb_full_9601,YLQPRTFLL_HLA-A*02:01,tcr11047,1
vdjdb_full_9671,YLQPRTFLL_HLA-A*02:01,tcr579,1
vdjdb_full_9565,YLQPRTFLL_HLA-A*02:01,tcr3243,1
vdjdb_full_9621,YLQPRTFLL_HLA-A*02:01,tcr7153,1
vdjdb_full_9833,YLQPRTFLL_HLA-A*02:01,tcr8844,1
vdjdb_full_9953,YLQPRTFLL_HLA-A*02:01,tcr7441,1
vdjdb_full_9879,YLQPRTFLL_HLA-A*02:01,tcr13891,1
vdjdb_full_9693,YLQPRTFLL_HLA-A*02:01,tcr14935,1
vdjdb_full_9788,YLQPRTFLL_HLA-A*02:01,tcr1075,1
vdjdb_full_9744,YLQPRTFLL_HLA-A*02:01,tcr128,1
vdjdb_full_9751,YLQPRTFLL_HLA-A*02:01,tcr16394,1
vdjdb_full_9539,YLQPRTFLL_HLA-A*02:01,tcr526,1
vdjdb_full_9580,YLQPRTFLL_HLA-A*02:01,tcr17349,1
vdjdb_full_9825,YLQPRTFLL_HLA-A*02:01,tcr9757,1
vdjdb_full_9948,YLQPRTFLL_HLA-A*02:01,tcr7989,1
vdjdb_full_9907,YLQPRTFLL_HLA-A*02:01,tcr16269,1
vdjdb_full_11740,ELAGIGILTV_HLA-A*02:01,tcr5036,1
vdjdb_full_11908,ELAGIGILTV_HLA-A*02:01,tcr5056,1
vdjdb_full_11867,ELAGIGILTV_HLA-A*02:01,tcr15559,1
vdjdb_full_11683,ELAGIGILTV_HLA-A*02:01,tcr2579,1
vdjdb_full_11698,ELAGIGILTV_HLA-A*02:01,tcr8169,1
vdjdb_full_11985,ELAGIGILTV_HLA-A*02:01,tcr8619,1
vdjdb_full_11699,ELAGIGILTV_HLA-A*02:01,tcr3267,1
vdjdb_full_11784,ELAGIGILTV_HLA-A*02:01,tcr5962,1
vdjdb_full_11780,ELAGIGILTV_HLA-A*02:01,tcr14085,1
vdjdb_full_11989,ELAGIGILTV_HLA-A*02:01,tcr11439,1
vdjdb_full_11635,ELAGIGILTV_HLA-A*02:01,tcr2101,1
vdjdb_full_12021,ELAGIGILTV_HLA-A*02:01,tcr9901,1
vdjdb_full_11727,ELAGIGILTV_HLA-A*02:01,tcr14052,1
vdjdb_full_11696,ELAGIGILTV_HLA-A*02:01,tcr16815,1
vdjdb_full_12000,ELAGIGILTV_HLA-A*02:01,tcr949,1
vdjdb_full_11811,ELAGIGILTV_HLA-A*02:01,tcr8214,1
vdjdb_full_11668,ELAGIGILTV_HLA-A*02:01,tcr13657,1
vdjdb_full_11904,ELAGIGILTV_HLA-A*02:01,tcr1501,1
vdjdb_full_11912,ELAGIGILTV_HLA-A*02:01,tcr3081,1
vdjdb_full_11825,ELAGIGILTV_HLA-A*02:01,tcr1099,1
vdjdb_full_11641,ELAGIGILTV_HLA-A*02:01,tcr12357,1
vdjdb_full_11878,ELAGIGILTV_HLA-A*02:01,tcr764,1
vdjdb_full_11957,ELAGIGILTV_HLA-A*02:01,tcr8108,1
vdjdb_full_11626,ELAGIGILTV_HLA-A*02:01,tcr5857,1
vdjdb_full_11730,ELAGIGILTV_HLA-A*02:01,tcr6739,1
vdjdb_full_11991,ELAGIGILTV_HLA-A*02:01,tcr1523,1
vdjdb_full_11704,ELAGIGILTV_HLA-A*02:01,tcr15847,1
vdjdb_full_11659,ELAGIGILTV_HLA-A*02:01,tcr17628,1
vdjdb_full_11863,ELAGIGILTV_HLA-A*02:01,tcr10063,1
vdjdb_full_11927,ELAGIGILTV_HLA-A*02:01,tcr8368,1
vdjdb_full_11710,ELAGIGILTV_HLA-A*02:01,tcr10905,1
vdjdb_full_11962,ELAGIGILTV_HLA-A*02:01,tcr9765,1
vdjdb_full_11966,ELAGIGILTV_HLA-A*02:01,tcr3937,1
vdjdb_full_11682,ELAGIGILTV_HLA-A*02:01,tcr2004,1
vdjdb_full_11703,ELAGIGILTV_HLA-A*02:01,tcr4771,1
vdjdb_full_11954,ELAGIGILTV_HLA-A*02:01,tcr2055,1
vdjdb_full_11891,ELAGIGILTV_HLA-A*02:01,tcr5374,1
vdjdb_full_11800,ELAGIGILTV_HLA-A*02:01,tcr4969,1
vdjdb_full_11948,ELAGIGILTV_HLA-A*02:01,tcr15636,1
vdjdb_full_11757,ELAGIGILTV_HLA-A*02:01,tcr9975,1
vdjdb_full_11651,ELAGIGILTV_HLA-A*02:01,tcr10322,1
vdjdb_full_11942,ELAGIGILTV_HLA-A*02:01,tcr13405,1
vdjdb_full_11681,ELAGIGILTV_HLA-A*02:01,tcr4029,1
vdjdb_full_12018,ELAGIGILTV_HLA-A*02:01,tcr11913,1
vdjdb_full_11775,ELAGIGILTV_HLA-A*02:01,tcr512,1
vdjdb_full_11702,ELAGIGILTV_HLA-A*02:01,tcr15380,1
vdjdb_full_11720,ELAGIGILTV_HLA-A*02:01,tcr15815,1
vdjdb_full_11672,ELAGIGILTV_HLA-A*02:01,tcr122,1
vdjdb_full_11947,ELAGIGILTV_HLA-A*02:01,tcr3389,1
vdjdb_full_11708,ELAGIGILTV_HLA-A*02:01,tcr8603,1
vdjdb_full_11877,ELAGIGILTV_HLA-A*02:01,tcr6821,1
vdjdb_full_11665,ELAGIGILTV_HLA-A*02:01,tcr8602,1
vdjdb_full_11879,ELAGIGILTV_HLA-A*02:01,tcr7116,1
vdjdb_full_11716,ELAGIGILTV_HLA-A*02:01,tcr5985,1
vdjdb_full_11656,ELAGIGILTV_HLA-A*02:01,tcr3044,1
vdjdb_full_11917,ELAGIGILTV_HLA-A*02:01,tcr3759,1
vdjdb_full_11807,ELAGIGILTV_HLA-A*02:01,tcr9859,1
vdjdb_full_11858,ELAGIGILTV_HLA-A*02:01,tcr11423,1
vdjdb_full_11794,ELAGIGILTV_HLA-A*02:01,tcr12107,1
vdjdb_full_11785,ELAGIGILTV_HLA-A*02:01,tcr10016,1
vdjdb_full_11648,ELAGIGILTV_HLA-A*02:01,tcr2227,1
vdjdb_full_11657,ELAGIGILTV_HLA-A*02:01,tcr11505,1
vdjdb_full_12019,ELAGIGILTV_HLA-A*02:01,tcr12066,1
vdjdb_full_11744,ELAGIGILTV_HLA-A*02:01,tcr11858,1
vdjdb_full_11901,ELAGIGILTV_HLA-A*02:01,tcr6573,1
vdjdb_full_11772,ELAGIGILTV_HLA-A*02:01,tcr9416,1
vdjdb_full_11952,ELAGIGILTV_HLA-A*02:01,tcr17337,1
vdjdb_full_12025,ELAGIGILTV_HLA-A*02:01,tcr14082,1
vdjdb_full_11804,ELAGIGILTV_HLA-A*02:01,tcr9697,1
vdjdb_full_11766,ELAGIGILTV_HLA-A*02:01,tcr6085,1
vdjdb_full_11631,ELAGIGILTV_HLA-A*02:01,tcr1530,1
vdjdb_full_11671,ELAGIGILTV_HLA-A*02:01,tcr13471,1
vdjdb_full_12017,ELAGIGILTV_HLA-A*02:01,tcr10580,1
vdjdb_full_11988,ELAGIGILTV_HLA-A*02:01,tcr6309,1
vdjdb_full_11851,ELAGIGILTV_HLA-A*02:01,tcr5500,1
vdjdb_full_11997,ELAGIGILTV_HLA-A*02:01,tcr8798,1
vdjdb_full_11970,ELAGIGILTV_HLA-A*02:01,tcr6581,1
vdjdb_full_11758,ELAGIGILTV_HLA-A*02:01,tcr3934,1
vdjdb_full_11629,ELAGIGILTV_HLA-A*02:01,tcr16274,1
vdjdb_full_11644,ELAGIGILTV_HLA-A*02:01,tcr179,1
vdjdb_full_11892,ELAGIGILTV_HLA-A*02:01,tcr5369,1
vdjdb_full_11739,ELAGIGILTV_HLA-A*02:01,tcr14142,1
vdjdb_full_11803,ELAGIGILTV_HLA-A*02:01,tcr5821,1
vdjdb_full_11689,ELAGIGILTV_HLA-A*02:01,tcr11523,1
vdjdb_full_11875,ELAGIGILTV_HLA-A*02:01,tcr3835,1
vdjdb_full_11719,ELAGIGILTV_HLA-A*02:01,tcr16180,1
vdjdb_full_12026,ELAGIGILTV_HLA-A*02:01,tcr702,1
vdjdb_full_11750,ELAGIGILTV_HLA-A*02:01,tcr6390,1
vdjdb_full_11999,ELAGIGILTV_HLA-A*02:01,tcr2355,1
vdjdb_full_11824,ELAGIGILTV_HLA-A*02:01,tcr4869,1
vdjdb_full_11742,ELAGIGILTV_HLA-A*02:01,tcr5874,1
vdjdb_full_11907,ELAGIGILTV_HLA-A*02:01,tcr14248,1
vdjdb_full_11902,ELAGIGILTV_HLA-A*02:01,tcr6469,1
vdjdb_full_11975,ELAGIGILTV_HLA-A*02:01,tcr12573,1
vdjdb_full_12001,ELAGIGILTV_HLA-A*02:01,tcr15821,1
vdjdb_full_11885,ELAGIGILTV_HLA-A*02:01,tcr6559,1
vdjdb_full_11914,ELAGIGILTV_HLA-A*02:01,tcr1298,1
vdjdb_full_11701,ELAGIGILTV_HLA-A*02:01,tcr13691,1
vdjdb_full_11963,ELAGIGILTV_HLA-A*02:01,tcr5793,1
vdjdb_full_11734,ELAGIGILTV_HLA-A*02:01,tcr8181,1
vdjdb_full_11171,TTDPSFLGRY_HLA-A*01:01,tcr6426,1
vdjdb_full_11372,TTDPSFLGRY_HLA-A*01:01,tcr13635,1
vdjdb_full_11345,TTDPSFLGRY_HLA-A*01:01,tcr11819,1
vdjdb_full_11148,TTDPSFLGRY_HLA-A*01:01,tcr16455,1
vdjdb_full_11489,TTDPSFLGRY_HLA-A*01:01,tcr6767,1
vdjdb_full_11378,TTDPSFLGRY_HLA-A*01:01,tcr13572,1
vdjdb_full_11133,TTDPSFLGRY_HLA-A*01:01,tcr10650,1
vdjdb_full_11437,TTDPSFLGRY_HLA-A*01:01,tcr13530,1
vdjdb_full_11245,TTDPSFLGRY_HLA-A*01:01,tcr8912,1
vdjdb_full_11209,TTDPSFLGRY_HLA-A*01:01,tcr509,1
vdjdb_full_11100,TTDPSFLGRY_HLA-A*01:01,tcr11156,1
vdjdb_full_11305,TTDPSFLGRY_HLA-A*01:01,tcr16040,1
vdjdb_full_11417,TTDPSFLGRY_HLA-A*01:01,tcr10231,1
vdjdb_full_11261,TTDPSFLGRY_HLA-A*01:01,tcr1828,1
vdjdb_full_11426,TTDPSFLGRY_HLA-A*01:01,tcr4653,1
vdjdb_full_11475,TTDPSFLGRY_HLA-A*01:01,tcr15748,1
vdjdb_full_11217,TTDPSFLGRY_HLA-A*01:01,tcr10183,1
vdjdb_full_11492,TTDPSFLGRY_HLA-A*01:01,tcr5865,1
vdjdb_full_11296,TTDPSFLGRY_HLA-A*01:01,tcr493,1
vdjdb_full_11430,TTDPSFLGRY_HLA-A*01:01,tcr16074,1
vdjdb_full_11106,TTDPSFLGRY_HLA-A*01:01,tcr2768,1
vdjdb_full_11490,TTDPSFLGRY_HLA-A*01:01,tcr5182,1
vdjdb_full_11406,TTDPSFLGRY_HLA-A*01:01,tcr11957,1
vdjdb_full_11091,TTDPSFLGRY_HLA-A*01:01,tcr16036,1
vdjdb_full_11234,TTDPSFLGRY_HLA-A*01:01,tcr715,1
vdjdb_full_11206,TTDPSFLGRY_HLA-A*01:01,tcr8694,1
vdjdb_full_11170,TTDPSFLGRY_HLA-A*01:01,tcr2279,1
vdjdb_full_11124,TTDPSFLGRY_HLA-A*01:01,tcr11215,1
vdjdb_full_11194,TTDPSFLGRY_HLA-A*01:01,tcr1836,1
vdjdb_full_11169,TTDPSFLGRY_HLA-A*01:01,tcr5440,1
vdjdb_full_11250,TTDPSFLGRY_HLA-A*01:01,tcr4372,1
vdjdb_full_11353,TTDPSFLGRY_HLA-A*01:01,tcr4687,1
vdjdb_full_11387,TTDPSFLGRY_HLA-A*01:01,tcr6855,1
vdjdb_full_11453,TTDPSFLGRY_HLA-A*01:01,tcr3624,1
vdjdb_full_11183,TTDPSFLGRY_HLA-A*01:01,tcr17627,1
vdjdb_full_11391,TTDPSFLGRY_HLA-A*01:01,tcr12097,1
vdjdb_full_11230,TTDPSFLGRY_HLA-A*01:01,tcr17810,1
vdjdb_full_11150,TTDPSFLGRY_HLA-A*01:01,tcr4039,1
vdjdb_full_11166,TTDPSFLGRY_HLA-A*01:01,tcr17460,1
vdjdb_full_11116,TTDPSFLGRY_HLA-A*01:01,tcr16860,1
vdjdb_full_11165,TTDPSFLGRY_HLA-A*01:01,tcr12387,1
vdjdb_full_11421,TTDPSFLGRY_HLA-A*01:01,tcr9557,1
vdjdb_full_11322,TTDPSFLGRY_HLA-A*01:01,tcr18390,1
vdjdb_full_11357,TTDPSFLGRY_HLA-A*01:01,tcr3932,1
vdjdb_full_11274,TTDPSFLGRY_HLA-A*01:01,tcr12966,1
vdjdb_full_11186,TTDPSFLGRY_HLA-A*01:01,tcr10340,1
vdjdb_full_11138,TTDPSFLGRY_HLA-A*01:01,tcr4115,1
vdjdb_full_11400,TTDPSFLGRY_HLA-A*01:01,tcr12546,1
vdjdb_full_11201,TTDPSFLGRY_HLA-A*01:01,tcr7623,1
vdjdb_full_11291,TTDPSFLGRY_HLA-A*01:01,tcr9133,1
vdjdb_full_11130,TTDPSFLGRY_HLA-A*01:01,tcr5679,1
vdjdb_full_11149,TTDPSFLGRY_HLA-A*01:01,tcr6794,1
vdjdb_full_11121,TTDPSFLGRY_HLA-A*01:01,tcr3645,1
vdjdb_full_11416,TTDPSFLGRY_HLA-A*01:01,tcr18166,1
vdjdb_full_11485,TTDPSFLGRY_HLA-A*01:01,tcr5972,1
vdjdb_full_11225,TTDPSFLGRY_HLA-A*01:01,tcr919,1
vdjdb_full_11445,TTDPSFLGRY_HLA-A*01:01,tcr14060,1
vdjdb_full_11356,TTDPSFLGRY_HLA-A*01:01,tcr12083,1
vdjdb_full_11113,TTDPSFLGRY_HLA-A*01:01,tcr5191,1
vdjdb_full_11122,TTDPSFLGRY_HLA-A*01:01,tcr2838,1
vdjdb_full_11187,TTDPSFLGRY_HLA-A*01:01,tcr5796,1
vdjdb_full_11288,TTDPSFLGRY_HLA-A*01:01,tcr5373,1
vdjdb_full_11251,TTDPSFLGRY_HLA-A*01:01,tcr5649,1
vdjdb_full_11302,TTDPSFLGRY_HLA-A*01:01,tcr14654,1
vdjdb_full_11366,TTDPSFLGRY_HLA-A*01:01,tcr10746,1
vdjdb_full_11343,TTDPSFLGRY_HLA-A*01:01,tcr7093,1
vdjdb_full_11163,TTDPSFLGRY_HLA-A*01:01,tcr94,1
vdjdb_full_11269,TTDPSFLGRY_HLA-A*01:01,tcr18271,1
vdjdb_full_11265,TTDPSFLGRY_HLA-A*01:01,tcr14153,1
vdjdb_full_11096,TTDPSFLGRY_HLA-A*01:01,tcr240,1
vdjdb_full_11137,TTDPSFLGRY_HLA-A*01:01,tcr13308,1
vdjdb_full_11177,TTDPSFLGRY_HLA-A*01:01,tcr1894,1
vdjdb_full_11350,TTDPSFLGRY_HLA-A*01:01,tcr8253,1
vdjdb_full_11203,TTDPSFLGRY_HLA-A*01:01,tcr9087,1
vdjdb_full_11462,TTDPSFLGRY_HLA-A*01:01,tcr14875,1
vdjdb_full_11175,TTDPSFLGRY_HLA-A*01:01,tcr9758,1
vdjdb_full_11207,TTDPSFLGRY_HLA-A*01:01,tcr11792,1
vdjdb_full_11094,TTDPSFLGRY_HLA-A*01:01,tcr4965,1
vdjdb_full_11109,TTDPSFLGRY_HLA-A*01:01,tcr6947,1
vdjdb_full_11266,TTDPSFLGRY_HLA-A*01:01,tcr11006,1
vdjdb_full_11433,TTDPSFLGRY_HLA-A*01:01,tcr8322,1
vdjdb_full_11268,TTDPSFLGRY_HLA-A*01:01,tcr14596,1
vdjdb_full_11156,TTDPSFLGRY_HLA-A*01:01,tcr9058,1
vdjdb_full_11342,TTDPSFLGRY_HLA-A*01:01,tcr2426,1
vdjdb_full_11321,TTDPSFLGRY_HLA-A*01:01,tcr16168,1
vdjdb_full_11427,TTDPSFLGRY_HLA-A*01:01,tcr17674,1
vdjdb_full_11482,TTDPSFLGRY_HLA-A*01:01,tcr16060,1
vdjdb_full_11323,TTDPSFLGRY_HLA-A*01:01,tcr9512,1
vdjdb_full_11317,TTDPSFLGRY_HLA-A*01:01,tcr2255,1
vdjdb_full_11224,TTDPSFLGRY_HLA-A*01:01,tcr8643,1
vdjdb_full_11464,TTDPSFLGRY_HLA-A*01:01,tcr11742,1
vdjdb_full_11270,TTDPSFLGRY_HLA-A*01:01,tcr5415,1
vdjdb_full_11363,TTDPSFLGRY_HLA-A*01:01,tcr14415,1
vdjdb_full_11466,TTDPSFLGRY_HLA-A*01:01,tcr10331,1
vdjdb_full_11370,TTDPSFLGRY_HLA-A*01:01,tcr9518,1
vdjdb_full_11412,TTDPSFLGRY_HLA-A*01:01,tcr12818,1
vdjdb_full_11168,TTDPSFLGRY_HLA-A*01:01,tcr11778,1
vdjdb_full_11197,TTDPSFLGRY_HLA-A*01:01,tcr7609,1
vdjdb_full_11452,TTDPSFLGRY_HLA-A*01:01,tcr2513,1
vdjdb_full_11107,TTDPSFLGRY_HLA-A*01:01,tcr14814,1
vdjdb_full_10080,RLRAEAQVK_HLA-A*03:01,tcr3522,1
vdjdb_full_10285,RLRAEAQVK_HLA-A*03:01,tcr6053,1
vdjdb_full_10257,RLRAEAQVK_HLA-A*03:01,tcr15717,1
vdjdb_full_10057,RLRAEAQVK_HLA-A*03:01,tcr12613,1
vdjdb_full_9995,RLRAEAQVK_HLA-A*03:01,tcr70,1
vdjdb_full_10213,RLRAEAQVK_HLA-A*03:01,tcr2869,1
vdjdb_full_10044,RLRAEAQVK_HLA-A*03:01,tcr12025,1
vdjdb_full_10243,RLRAEAQVK_HLA-A*03:01,tcr5041,1
vdjdb_full_10155,RLRAEAQVK_HLA-A*03:01,tcr3459,1
vdjdb_full_10119,RLRAEAQVK_HLA-A*03:01,tcr13894,1
vdjdb_full_10009,RLRAEAQVK_HLA-A*03:01,tcr7341,1
vdjdb_full_10218,RLRAEAQVK_HLA-A*03:01,tcr6211,1
vdjdb_full_10278,RLRAEAQVK_HLA-A*03:01,tcr8005,1
vdjdb_full_10172,RLRAEAQVK_HLA-A*03:01,tcr10386,1
vdjdb_full_9979,RLRAEAQVK_HLA-A*03:01,tcr18140,1
vdjdb_full_10284,RLRAEAQVK_HLA-A*03:01,tcr1931,1
vdjdb_full_10128,RLRAEAQVK_HLA-A*03:01,tcr8889,1
vdjdb_full_10281,RLRAEAQVK_HLA-A*03:01,tcr17240,1
vdjdb_full_10300,RLRAEAQVK_HLA-A*03:01,tcr16679,1
vdjdb_full_10345,RLRAEAQVK_HLA-A*03:01,tcr12639,1
vdjdb_full_10015,RLRAEAQVK_HLA-A*03:01,tcr15689,1
vdjdb_full_9996,RLRAEAQVK_HLA-A*03:01,tcr10939,1
vdjdb_full_10360,RLRAEAQVK_HLA-A*03:01,tcr15475,1
vdjdb_full_10000,RLRAEAQVK_HLA-A*03:01,tcr14718,1
vdjdb_full_10145,RLRAEAQVK_HLA-A*03:01,tcr10257,1
vdjdb_full_10116,RLRAEAQVK_HLA-A*03:01,tcr4363,1
vdjdb_full_10079,RLRAEAQVK_HLA-A*03:01,tcr2334,1
vdjdb_full_10034,RLRAEAQVK_HLA-A*03:01,tcr9666,1
vdjdb_full_10103,RLRAEAQVK_HLA-A*03:01,tcr4035,1
vdjdb_full_10078,RLRAEAQVK_HLA-A*03:01,tcr9241,1
vdjdb_full_10161,RLRAEAQVK_HLA-A*03:01,tcr4356,1
vdjdb_full_9975,RLRAEAQVK_HLA-A*03:01,tcr12621,1
vdjdb_full_10301,RLRAEAQVK_HLA-A*03:01,tcr5718,1
vdjdb_full_10368,RLRAEAQVK_HLA-A*03:01,tcr716,1
vdjdb_full_10092,RLRAEAQVK_HLA-A*03:01,tcr7771,1
vdjdb_full_10268,RLRAEAQVK_HLA-A*03:01,tcr8375,1
vdjdb_full_10141,RLRAEAQVK_HLA-A*03:01,tcr16143,1
vdjdb_full_10059,RLRAEAQVK_HLA-A*03:01,tcr3655,1
vdjdb_full_10075,RLRAEAQVK_HLA-A*03:01,tcr10899,1
vdjdb_full_10026,RLRAEAQVK_HLA-A*03:01,tcr11094,1
vdjdb_full_10074,RLRAEAQVK_HLA-A*03:01,tcr17976,1
vdjdb_full_10150,RLRAEAQVK_HLA-A*03:01,tcr14971,1
vdjdb_full_9976,RLRAEAQVK_HLA-A*03:01,tcr17506,1
vdjdb_full_10146,RLRAEAQVK_HLA-A*03:01,tcr15245,1
vdjdb_full_10163,RLRAEAQVK_HLA-A*03:01,tcr1279,1
vdjdb_full_10095,RLRAEAQVK_HLA-A*03:01,tcr11370,1
vdjdb_full_10048,RLRAEAQVK_HLA-A*03:01,tcr17737,1
vdjdb_full_10333,RLRAEAQVK_HLA-A*03:01,tcr1386,1
vdjdb_full_10111,RLRAEAQVK_HLA-A*03:01,tcr7155,1
vdjdb_full_10204,RLRAEAQVK_HLA-A*03:01,tcr7092,1
vdjdb_full_10041,RLRAEAQVK_HLA-A*03:01,tcr2804,1
vdjdb_full_10058,RLRAEAQVK_HLA-A*03:01,tcr12606,1
vdjdb_full_10031,RLRAEAQVK_HLA-A*03:01,tcr16864,1
vdjdb_full_9981,RLRAEAQVK_HLA-A*03:01,tcr2824,1
vdjdb_full_9991,RLRAEAQVK_HLA-A*03:01,tcr170,1
vdjdb_full_10136,RLRAEAQVK_HLA-A*03:01,tcr593,1
vdjdb_full_10170,RLRAEAQVK_HLA-A*03:01,tcr16682,1
vdjdb_full_10174,RLRAEAQVK_HLA-A*03:01,tcr18230,1
vdjdb_full_10022,RLRAEAQVK_HLA-A*03:01,tcr6302,1
vdjdb_full_10032,RLRAEAQVK_HLA-A*03:01,tcr8122,1
vdjdb_full_10096,RLRAEAQVK_HLA-A*03:01,tcr7907,1
vdjdb_full_10201,RLRAEAQVK_HLA-A*03:01,tcr6754,1
vdjdb_full_10364,RLRAEAQVK_HLA-A*03:01,tcr4698,1
vdjdb_full_10185,RLRAEAQVK_HLA-A*03:01,tcr8511,1
vdjdb_full_10334,RLRAEAQVK_HLA-A*03:01,tcr12847,1
vdjdb_full_10190,RLRAEAQVK_HLA-A*03:01,tcr7299,1
vdjdb_full_10359,RLRAEAQVK_HLA-A*03:01,tcr16693,1
vdjdb_full_10180,RLRAEAQVK_HLA-A*03:01,tcr14982,1
vdjdb_full_10258,RLRAEAQVK_HLA-A*03:01,tcr4739,1
vdjdb_full_10005,RLRAEAQVK_HLA-A*03:01,tcr8461,1
vdjdb_full_10047,RLRAEAQVK_HLA-A*03:01,tcr11542,1
vdjdb_full_10086,RLRAEAQVK_HLA-A*03:01,tcr5083,1
vdjdb_full_10249,RLRAEAQVK_HLA-A*03:01,tcr6922,1
vdjdb_full_10113,RLRAEAQVK_HLA-A*03:01,tcr11119,1
vdjdb_full_9968,RLRAEAQVK_HLA-A*03:01,tcr7130,1
vdjdb_full_10084,RLRAEAQVK_HLA-A*03:01,tcr3189,1
vdjdb_full_10117,RLRAEAQVK_HLA-A*03:01,tcr12660,1
vdjdb_full_10003,RLRAEAQVK_HLA-A*03:01,tcr7529,1
vdjdb_full_10018,RLRAEAQVK_HLA-A*03:01,tcr13964,1
vdjdb_full_10341,RLRAEAQVK_HLA-A*03:01,tcr1638,1
vdjdb_full_10191,RLRAEAQVK_HLA-A*03:01,tcr16028,1
vdjdb_full_10179,RLRAEAQVK_HLA-A*03:01,tcr6162,1
vdjdb_full_10065,RLRAEAQVK_HLA-A*03:01,tcr16104,1
vdjdb_full_10355,RLRAEAQVK_HLA-A*03:01,tcr11854,1
vdjdb_full_10239,RLRAEAQVK_HLA-A*03:01,tcr16422,1
vdjdb_full_9988,RLRAEAQVK_HLA-A*03:01,tcr7400,1
vdjdb_full_9987,RLRAEAQVK_HLA-A*03:01,tcr3027,1
vdjdb_full_10323,RLRAEAQVK_HLA-A*03:01,tcr14520,1
vdjdb_full_10230,RLRAEAQVK_HLA-A*03:01,tcr12356,1
vdjdb_full_10135,RLRAEAQVK_HLA-A*03:01,tcr16224,1
vdjdb_full_10292,RLRAEAQVK_HLA-A*03:01,tcr3264,1
vdjdb_full_10370,RLRAEAQVK_HLA-A*03:01,tcr5517,1
vdjdb_full_10247,RLRAEAQVK_HLA-A*03:01,tcr5630,1
vdjdb_full_9972,RLRAEAQVK_HLA-A*03:01,tcr15026,1
vdjdb_full_9998,RLRAEAQVK_HLA-A*03:01,tcr15892,1
vdjdb_full_10219,RLRAEAQVK_HLA-A*03:01,tcr7996,1
vdjdb_full_10077,RLRAEAQVK_HLA-A*03:01,tcr11845,1
vdjdb_full_10107,RLRAEAQVK_HLA-A*03:01,tcr17700,1
vdjdb_full_10276,RLRAEAQVK_HLA-A*03:01,tcr15137,1
vdjdb_full_10016,RLRAEAQVK_HLA-A*03:01,tcr10435,1
vdjdb_full_8579,NLVPMVATV_HLA-A*02:01,tcr4143,1
vdjdb_full_8463,NLVPMVATV_HLA-A*02:01,tcr10335,1
vdjdb_full_8398,NLVPMVATV_HLA-A*02:01,tcr17619,1
vdjdb_full_8504,NLVPMVATV_HLA-A*02:01,tcr12243,1
vdjdb_full_8456,NLVPMVATV_HLA-A*02:01,tcr12696,1
vdjdb_full_8474,NLVPMVATV_HLA-A*02:01,tcr14776,1
vdjdb_full_8382,NLVPMVATV_HLA-A*02:01,tcr17420,1
vdjdb_full_8406,NLVPMVATV_HLA-A*02:01,tcr9295,1
vdjdb_full_8591,NLVPMVATV_HLA-A*02:01,tcr5397,1
vdjdb_full_8419,NLVPMVATV_HLA-A*02:01,tcr914,1
vdjdb_full_8420,NLVPMVATV_HLA-A*02:01,tcr10815,1
vdjdb_full_8560,NLVPMVATV_HLA-A*02:01,tcr1973,1
vdjdb_full_8575,NLVPMVATV_HLA-A*02:01,tcr9252,1
vdjdb_full_8536,NLVPMVATV_HLA-A*02:01,tcr6766,1
vdjdb_full_8465,NLVPMVATV_HLA-A*02:01,tcr16299,1
vdjdb_full_8385,NLVPMVATV_HLA-A*02:01,tcr7998,1
vdjdb_full_8653,NLVPMVATV_HLA-A*02:01,tcr611,1
vdjdb_full_8423,NLVPMVATV_HLA-A*02:01,tcr10864,1
vdjdb_full_8672,NLVPMVATV_HLA-A*02:01,tcr8182,1
vdjdb_full_8466,NLVPMVATV_HLA-A*02:01,tcr10178,1
vdjdb_full_8585,NLVPMVATV_HLA-A*02:01,tcr3487,1
vdjdb_full_8400,NLVPMVATV_HLA-A*02:01,tcr9215,1
vdjdb_full_8547,NLVPMVATV_HLA-A*02:01,tcr5651,1
vdjdb_full_8435,NLVPMVATV_HLA-A*02:01,tcr11271,1
vdjdb_full_8642,NLVPMVATV_HLA-A*02:01,tcr6867,1
vdjdb_full_8367,NLVPMVATV_HLA-A*02:01,tcr10341,1
vdjdb_full_8607,NLVPMVATV_HLA-A*02:01,tcr12841,1
vdjdb_full_8348,NLVPMVATV_HLA-A*02:01,tcr238,1
vdjdb_full_8439,NLVPMVATV_HLA-A*02:01,tcr12587,1
vdjdb_full_8438,NLVPMVATV_HLA-A*02:01,tcr15082,1
vdjdb_full_8708,NLVPMVATV_HLA-A*02:01,tcr18082,1
vdjdb_full_8502,NLVPMVATV_HLA-A*02:01,tcr10655,1
vdjdb_full_8561,NLVPMVATV_HLA-A*02:01,tcr10328,1
vdjdb_full_8364,NLVPMVATV_HLA-A*02:01,tcr2818,1
vdjdb_full_8460,NLVPMVATV_HLA-A*02:01,tcr2914,1
vdjdb_full_8596,NLVPMVATV_HLA-A*02:01,tcr6315,1
vdjdb_full_8399,NLVPMVATV_HLA-A*02:01,tcr88,1
vdjdb_full_8501,NLVPMVATV_HLA-A*02:01,tcr12070,1
vdjdb_full_8372,NLVPMVATV_HLA-A*02:01,tcr14369,1
vdjdb_full_8388,NLVPMVATV_HLA-A*02:01,tcr17112,1
vdjdb_full_8447,NLVPMVATV_HLA-A*02:01,tcr9737,1
vdjdb_full_8461,NLVPMVATV_HLA-A*02:01,tcr13741,1
vdjdb_full_8632,NLVPMVATV_HLA-A*02:01,tcr2828,1
vdjdb_full_8485,NLVPMVATV_HLA-A*02:01,tcr7207,1
vdjdb_full_8344,NLVPMVATV_HLA-A*02:01,tcr13100,1
vdjdb_full_8570,NLVPMVATV_HLA-A*02:01,tcr1219,1
vdjdb_full_8698,NLVPMVATV_HLA-A*02:01,tcr13686,1
vdjdb_full_8696,NLVPMVATV_HLA-A*02:01,tcr13395,1
vdjdb_full_8553,NLVPMVATV_HLA-A*02:01,tcr4384,1
vdjdb_full_8516,NLVPMVATV_HLA-A*02:01,tcr7267,1
vdjdb_full_8680,NLVPMVATV_HLA-A*02:01,tcr18403,1
vdjdb_full_8507,NLVPMVATV_HLA-A*02:01,tcr6533,1
vdjdb_full_8342,NLVPMVATV_HLA-A*02:01,tcr12880,1
vdjdb_full_8455,NLVPMVATV_HLA-A*02:01,tcr14874,1
vdjdb_full_8416,NLVPMVATV_HLA-A*02:01,tcr17582,1
vdjdb_full_8661,NLVPMVATV_HLA-A*02:01,tcr9166,1
vdjdb_full_8700,NLVPMVATV_HLA-A*02:01,tcr11247,1
vdjdb_full_8389,NLVPMVATV_HLA-A*02:01,tcr3623,1
vdjdb_full_8669,NLVPMVATV_HLA-A*02:01,tcr3600,1
vdjdb_full_8417,NLVPMVATV_HLA-A*02:01,tcr16055,1
vdjdb_full_8574,NLVPMVATV_HLA-A*02:01,tcr13188,1
vdjdb_full_8514,NLVPMVATV_HLA-A*02:01,tcr3116,1
vdjdb_full_8375,NLVPMVATV_HLA-A*02:01,tcr14095,1
vdjdb_full_8665,NLVPMVATV_HLA-A*02:01,tcr9164,1
vdjdb_full_8599,NLVPMVATV_HLA-A*02:01,tcr11564,1
vdjdb_full_8421,NLVPMVATV_HLA-A*02:01,tcr6141,1
vdjdb_full_8506,NLVPMVATV_HLA-A*02:01,tcr9043,1
vdjdb_full_8533,NLVPMVATV_HLA-A*02:01,tcr6340,1
vdjdb_full_8495,NLVPMVATV_HLA-A*02:01,tcr16121,1
vdjdb_full_8617,NLVPMVATV_HLA-A*02:01,tcr5192,1
vdjdb_full_8683,NLVPMVATV_HLA-A*02:01,tcr5782,1
vdjdb_full_8530,NLVPMVATV_HLA-A*02:01,tcr6410,1
vdjdb_full_8697,NLVPMVATV_HLA-A*02:01,tcr284,1
vdjdb_full_8427,NLVPMVATV_HLA-A*02:01,tcr10661,1
vdjdb_full_8357,NLVPMVATV_HLA-A*02:01,tcr3325,1
vdjdb_full_8410,NLVPMVATV_HLA-A*02:01,tcr13644,1
vdjdb_full_8480,NLVPMVATV_HLA-A*02:01,tcr14297,1
vdjdb_full_8346,NLVPMVATV_HLA-A*02:01,tcr1121,1
vdjdb_full_8650,NLVPMVATV_HLA-A*02:01,tcr3831,1
vdjdb_full_8454,NLVPMVATV_HLA-A*02:01,tcr9963,1
vdjdb_full_8667,NLVPMVATV_HLA-A*02:01,tcr3398,1
vdjdb_full_8691,NLVPMVATV_HLA-A*02:01,tcr8114,1
vdjdb_full_8429,NLVPMVATV_HLA-A*02:01,tcr6191,1
vdjdb_full_8641,NLVPMVATV_HLA-A*02:01,tcr11561,1
vdjdb_full_8631,NLVPMVATV_HLA-A*02:01,tcr14936,1
vdjdb_full_8657,NLVPMVATV_HLA-A*02:01,tcr5537,1
vdjdb_full_8403,NLVPMVATV_HLA-A*02:01,tcr15795,1
vdjdb_full_8554,NLVPMVATV_HLA-A*02:01,tcr3528,1
vdjdb_full_8600,NLVPMVATV_HLA-A*02:01,tcr244,1
vdjdb_full_8681,NLVPMVATV_HLA-A*02:01,tcr4341,1
vdjdb_full_8562,NLVPMVATV_HLA-A*02:01,tcr11849,1
vdjdb_full_8612,NLVPMVATV_HLA-A*02:01,tcr7487,1
vdjdb_full_8358,NLVPMVATV_HLA-A*02:01,tcr12765,1
vdjdb_full_8590,NLVPMVATV_HLA-A*02:01,tcr14400,1
vdjdb_full_8366,NLVPMVATV_HLA-A*02:01,tcr5006,1
vdjdb_full_8663,NLVPMVATV_HLA-A*02:01,tcr4547,1
vdjdb_full_8644,NLVPMVATV_HLA-A*02:01,tcr3739,1
vdjdb_full_8531,NLVPMVATV_HLA-A*02:01,tcr4862,1
vdjdb_full_8601,NLVPMVATV_HLA-A*02:01,tcr3556,1
vdjdb_full_8705,NLVPMVATV_HLA-A*02:01,tcr15997,1
vdjdb_full_10845,SPRWYFYYL_HLA-B*07:02,tcr18156,1
vdjdb_full_11031,SPRWYFYYL_HLA-B*07:02,tcr14502,1
vdjdb_full_11005,SPRWYFYYL_HLA-B*07:02,tcr1435,1
vdjdb_full_10922,SPRWYFYYL_HLA-B*07:02,tcr7021,1
vdjdb_full_10843,SPRWYFYYL_HLA-B*07:02,tcr13350,1
vdjdb_full_10963,SPRWYFYYL_HLA-B*07:02,tcr13513,1
vdjdb_full_10994,SPRWYFYYL_HLA-B*07:02,tcr15143,1
vdjdb_full_10915,SPRWYFYYL_HLA-B*07:02,tcr5616,1
vdjdb_full_10967,SPRWYFYYL_HLA-B*07:02,tcr15896,1
vdjdb_full_10873,SPRWYFYYL_HLA-B*07:02,tcr9659,1
vdjdb_full_10761,SPRWYFYYL_HLA-B*07:02,tcr5685,1
vdjdb_full_10811,SPRWYFYYL_HLA-B*07:02,tcr8840,1
vdjdb_full_10856,SPRWYFYYL_HLA-B*07:02,tcr5409,1
vdjdb_full_10813,SPRWYFYYL_HLA-B*07:02,tcr5755,1
vdjdb_full_10861,SPRWYFYYL_HLA-B*07:02,tcr4423,1
vdjdb_full_10722,SPRWYFYYL_HLA-B*07:02,tcr1536,1
vdjdb_full_10987,SPRWYFYYL_HLA-B*07:02,tcr1999,1
vdjdb_full_10763,SPRWYFYYL_HLA-B*07:02,tcr8649,1
vdjdb_full_10741,SPRWYFYYL_HLA-B*07:02,tcr5735,1
vdjdb_full_10805,SPRWYFYYL_HLA-B*07:02,tcr3087,1
vdjdb_full_10921,SPRWYFYYL_HLA-B*07:02,tcr14275,1
vdjdb_full_10728,SPRWYFYYL_HLA-B*07:02,tcr6716,1
vdjdb_full_10870,SPRWYFYYL_HLA-B*07:02,tcr15218,1
vdjdb_full_10961,SPRWYFYYL_HLA-B*07:02,tcr14504,1
vdjdb_full_10768,SPRWYFYYL_HLA-B*07:02,tcr15518,1
vdjdb_full_10707,SPRWYFYYL_HLA-B*07:02,tcr3323,1
vdjdb_full_10926,SPRWYFYYL_HLA-B*07:02,tcr15091,1
vdjdb_full_10691,SPRWYFYYL_HLA-B*07:02,tcr17713,1
vdjdb_full_10779,SPRWYFYYL_HLA-B*07:02,tcr15146,1
vdjdb_full_10883,SPRWYFYYL_HLA-B*07:02,tcr16653,1
vdjdb_full_10984,SPRWYFYYL_HLA-B*07:02,tcr4433,1
vdjdb_full_10865,SPRWYFYYL_HLA-B*07:02,tcr4093,1
vdjdb_full_10704,SPRWYFYYL_HLA-B*07:02,tcr8123,1
vdjdb_full_10806,SPRWYFYYL_HLA-B*07:02,tcr15701,1
vdjdb_full_10971,SPRWYFYYL_HLA-B*07:02,tcr12480,1
vdjdb_full_10740,SPRWYFYYL_HLA-B*07:02,tcr3860,1
vdjdb_full_10725,SPRWYFYYL_HLA-B*07:02,tcr4003,1
vdjdb_full_10713,SPRWYFYYL_HLA-B*07:02,tcr1065,1
vdjdb_full_10896,SPRWYFYYL_HLA-B*07:02,tcr3975,1
vdjdb_full_10999,SPRWYFYYL_HLA-B*07:02,tcr11747,1
vdjdb_full_10800,SPRWYFYYL_HLA-B*07:02,tcr1659,1
vdjdb_full_10770,SPRWYFYYL_HLA-B*07:02,tcr13986,1
vdjdb_full_11027,SPRWYFYYL_HLA-B*07:02,tcr8489,1
vdjdb_full_10685,SPRWYFYYL_HLA-B*07:02,tcr8330,1
vdjdb_full_10937,SPRWYFYYL_HLA-B*07:02,tcr5596,1
vdjdb_full_10840,SPRWYFYYL_HLA-B*07:02,tcr18038,1
vdjdb_full_10742,SPRWYFYYL_HLA-B*07:02,tcr5307,1
vdjdb_full_10978,SPRWYFYYL_HLA-B*07:02,tcr9786,1
vdjdb_full_10759,SPRWYFYYL_HLA-B*07:02,tcr10199,1
vdjdb_full_11013,SPRWYFYYL_HLA-B*07:02,tcr1403,1
vdjdb_full_11028,SPRWYFYYL_HLA-B*07:02,tcr4525,1
vdjdb_full_10683,SPRWYFYYL_HLA-B*07:02,tcr11965,1
vdjdb_full_10795,SPRWYFYYL_HLA-B*07:02,tcr7540,1
vdjdb_full_10796,SPRWYFYYL_HLA-B*07:02,tcr17447,1
vdjdb_full_10928,SPRWYFYYL_HLA-B*07:02,tcr3357,1
vdjdb_full_10975,SPRWYFYYL_HLA-B*07:02,tcr16014,1
vdjdb_full_10730,SPRWYFYYL_HLA-B*07:02,tcr16734,1
vdjdb_full_10891,SPRWYFYYL_HLA-B*07:02,tcr11495,1
vdjdb_full_10758,SPRWYFYYL_HLA-B*07:02,tcr4542,1
vdjdb_full_10801,SPRWYFYYL_HLA-B*07:02,tcr2792,1
vdjdb_full_10864,SPRWYFYYL_HLA-B*07:02,tcr13097,1
vdjdb_full_10716,SPRWYFYYL_HLA-B*07:02,tcr1325,1
vdjdb_full_10748,SPRWYFYYL_HLA-B*07:02,tcr14463,1
vdjdb_full_11029,SPRWYFYYL_HLA-B*07:02,tcr13292,1
vdjdb_full_10762,SPRWYFYYL_HLA-B*07:02,tcr2234,1
vdjdb_full_10781,SPRWYFYYL_HLA-B*07:02,tcr18100,1
vdjdb_full_10869,SPRWYFYYL_HLA-B*07:02,tcr17927,1
vdjdb_full_10867,SPRWYFYYL_HLA-B*07:02,tcr5920,1
vdjdb_full_10887,SPRWYFYYL_HLA-B*07:02,tcr10093,1
vdjdb_full_11016,SPRWYFYYL_HLA-B*07:02,tcr15783,1
vdjdb_full_10916,SPRWYFYYL_HLA-B*07:02,tcr7891,1
vdjdb_full_10764,SPRWYFYYL_HLA-B*07:02,tcr8335,1
vdjdb_full_10776,SPRWYFYYL_HLA-B*07:02,tcr13555,1
vdjdb_full_10698,SPRWYFYYL_HLA-B*07:02,tcr353,1
vdjdb_full_10751,SPRWYFYYL_HLA-B*07:02,tcr8312,1
vdjdb_full_10977,SPRWYFYYL_HLA-B*07:02,tcr13199,1
vdjdb_full_10688,SPRWYFYYL_HLA-B*07:02,tcr9439,1
vdjdb_full_10797,SPRWYFYYL_HLA-B*07:02,tcr3064,1
vdjdb_full_10890,SPRWYFYYL_HLA-B*07:02,tcr6520,1
vdjdb_full_11000,SPRWYFYYL_HLA-B*07:02,tcr172,1
vdjdb_full_11002,SPRWYFYYL_HLA-B*07:02,tcr11927,1
vdjdb_full_10825,SPRWYFYYL_HLA-B*07:02,tcr13044,1
vdjdb_full_10841,SPRWYFYYL_HLA-B*07:02,tcr6368,1
vdjdb_full_10788,SPRWYFYYL_HLA-B*07:02,tcr27,1
vdjdb_full_10951,SPRWYFYYL_HLA-B*07:02,tcr16960,1
vdjdb_full_10745,SPRWYFYYL_HLA-B*07:02,tcr4621,1
vdjdb_full_11036,SPRWYFYYL_HLA-B*07:02,tcr1478,1
vdjdb_full_10936,SPRWYFYYL_HLA-B*07:02,tcr326,1
vdjdb_full_10938,SPRWYFYYL_HLA-B*07:02,tcr8431,1
vdjdb_full_10898,SPRWYFYYL_HLA-B*07:02,tcr17599,1
vdjdb_full_11004,SPRWYFYYL_HLA-B*07:02,tcr617,1
vdjdb_full_10699,SPRWYFYYL_HLA-B*07:02,tcr597,1
vdjdb_full_10828,SPRWYFYYL_HLA-B*07:02,tcr6194,1
vdjdb_full_10706,SPRWYFYYL_HLA-B*07:02,tcr5992,1
vdjdb_full_10997,SPRWYFYYL_HLA-B*07:02,tcr4685,1
vdjdb_full_11021,SPRWYFYYL_HLA-B*07:02,tcr3244,1
vdjdb_full_10910,SPRWYFYYL_HLA-B*07:02,tcr16118,1
vdjdb_full_10927,SPRWYFYYL_HLA-B*07:02,tcr17471,1
vdjdb_full_11035,SPRWYFYYL_HLA-B*07:02,tcr17555,1
vdjdb_full_10885,SPRWYFYYL_HLA-B*07:02,tcr583,1
vdjdb_full_9290,YVLDHLIVV_HLA-A*02:01,tcr12247,1
vdjdb_full_9517,YVLDHLIVV_HLA-A*02:01,tcr9134,1
vdjdb_full_9367,YVLDHLIVV_HLA-A*02:01,tcr8515,1
vdjdb_full_9255,YVLDHLIVV_HLA-A*02:01,tcr5235,1
vdjdb_full_9394,YVLDHLIVV_HLA-A*02:01,tcr12365,1
vdjdb_full_9382,YVLDHLIVV_HLA-A*02:01,tcr485,1
vdjdb_full_9221,YVLDHLIVV_HLA-A*02:01,tcr8030,1
vdjdb_full_9443,YVLDHLIVV_HLA-A*02:01,tcr8218,1
vdjdb_full_9392,YVLDHLIVV_HLA-A*02:01,tcr10449,1
vdjdb_full_9204,YVLDHLIVV_HLA-A*02:01,tcr8530,1
vdjdb_full_9299,YVLDHLIVV_HLA-A*02:01,tcr11700,1
vdjdb_full_9420,YVLDHLIVV_HLA-A*02:01,tcr17718,1
vdjdb_full_9512,YVLDHLIVV_HLA-A*02:01,tcr13285,1
vdjdb_full_9242,YVLDHLIVV_HLA-A*02:01,tcr15584,1
vdjdb_full_9325,YVLDHLIVV_HLA-A*02:01,tcr6545,1
vdjdb_full_9261,YVLDHLIVV_HLA-A*02:01,tcr8589,1
vdjdb_full_9377,YVLDHLIVV_HLA-A*02:01,tcr1668,1
vdjdb_full_9307,YVLDHLIVV_HLA-A*02:01,tcr7352,1
vdjdb_full_9236,YVLDHLIVV_HLA-A*02:01,tcr5389,1
vdjdb_full_9188,YVLDHLIVV_HLA-A*02:01,tcr5986,1
vdjdb_full_9514,YVLDHLIVV_HLA-A*02:01,tcr10609,1
vdjdb_full_9511,YVLDHLIVV_HLA-A*02:01,tcr93,1
vdjdb_full_9501,YVLDHLIVV_HLA-A*02:01,tcr14101,1
vdjdb_full_9293,YVLDHLIVV_HLA-A*02:01,tcr4774,1
vdjdb_full_9288,YVLDHLIVV_HLA-A*02:01,tcr12086,1
vdjdb_full_9313,YVLDHLIVV_HLA-A*02:01,tcr9453,1
vdjdb_full_9357,YVLDHLIVV_HLA-A*02:01,tcr16638,1
vdjdb_full_9291,YVLDHLIVV_HLA-A*02:01,tcr14494,1
vdjdb_full_9225,YVLDHLIVV_HLA-A*02:01,tcr17573,1
vdjdb_full_9251,YVLDHLIVV_HLA-A*02:01,tcr17502,1
vdjdb_full_9273,YVLDHLIVV_HLA-A*02:01,tcr17560,1
vdjdb_full_9321,YVLDHLIVV_HLA-A*02:01,tcr9437,1
vdjdb_full_9385,YVLDHLIVV_HLA-A*02:01,tcr8700,1
vdjdb_full_9184,YVLDHLIVV_HLA-A*02:01,tcr18068,1
vdjdb_full_9463,YVLDHLIVV_HLA-A*02:01,tcr13020,1
vdjdb_full_9297,YVLDHLIVV_HLA-A*02:01,tcr5219,1
vdjdb_full_9458,YVLDHLIVV_HLA-A*02:01,tcr2124,1
vdjdb_full_9484,YVLDHLIVV_HLA-A*02:01,tcr7129,1
vdjdb_full_9257,YVLDHLIVV_HLA-A*02:01,tcr9049,1
vdjdb_full_9182,YVLDHLIVV_HLA-A*02:01,tcr17805,1
vdjdb_full_9429,YVLDHLIVV_HLA-A*02:01,tcr3364,1
vdjdb_full_9405,YVLDHLIVV_HLA-A*02:01,tcr4471,1
vdjdb_full_9386,YVLDHLIVV_HLA-A*02:01,tcr4521,1
vdjdb_full_9378,YVLDHLIVV_HLA-A*02:01,tcr6859,1
vdjdb_full_9476,YVLDHLIVV_HLA-A*02:01,tcr4850,1
vdjdb_full_9234,YVLDHLIVV_HLA-A*02:01,tcr9764,1
vdjdb_full_9327,YVLDHLIVV_HLA-A*02:01,tcr9523,1
vdjdb_full_9212,YVLDHLIVV_HLA-A*02:01,tcr11221,1
vdjdb_full_9294,YVLDHLIVV_HLA-A*02:01,tcr17185,1
vdjdb_full_9358,YVLDHLIVV_HLA-A*02:01,tcr1733,1
vdjdb_full_9334,YVLDHLIVV_HLA-A*02:01,tcr2333,1
vdjdb_full_9256,YVLDHLIVV_HLA-A*02:01,tcr918,1
vdjdb_full_9504,YVLDHLIVV_HLA-A*02:01,tcr10315,1
vdjdb_full_9502,YVLDHLIVV_HLA-A*02:01,tcr17313,1
vdjdb_full_9263,YVLDHLIVV_HLA-A*02:01,tcr3043,1
vdjdb_full_9364,YVLDHLIVV_HLA-A*02:01,tcr376,1
vdjdb_full_9224,YVLDHLIVV_HLA-A*02:01,tcr6098,1
vdjdb_full_9469,YVLDHLIVV_HLA-A*02:01,tcr9344,1
vdjdb_full_9489,YVLDHLIVV_HLA-A*02:01,tcr16572,1
vdjdb_full_9500,YVLDHLIVV_HLA-A*02:01,tcr3377,1
vdjdb_full_9348,YVLDHLIVV_HLA-A*02:01,tcr9107,1
vdjdb_full_9346,YVLDHLIVV_HLA-A*02:01,tcr1562,1
vdjdb_full_9280,YVLDHLIVV_HLA-A*02:01,tcr14460,1
vdjdb_full_9362,YVLDHLIVV_HLA-A*02:01,tcr6199,1
vdjdb_full_9252,YVLDHLIVV_HLA-A*02:01,tcr8741,1
vdjdb_full_9195,YVLDHLIVV_HLA-A*02:01,tcr6996,1
vdjdb_full_9245,YVLDHLIVV_HLA-A*02:01,tcr7122,1
vdjdb_full_9287,YVLDHLIVV_HLA-A*02:01,tcr16346,1
vdjdb_full_9186,YVLDHLIVV_HLA-A*02:01,tcr11126,1
vdjdb_full_9408,YVLDHLIVV_HLA-A*02:01,tcr7994,1
vdjdb_full_9326,YVLDHLIVV_HLA-A*02:01,tcr12185,1
vdjdb_full_9485,YVLDHLIVV_HLA-A*02:01,tcr121,1
vdjdb_full_9481,YVLDHLIVV_HLA-A*02:01,tcr3486,1
vdjdb_full_9254,YVLDHLIVV_HLA-A*02:01,tcr14606,1
vdjdb_full_9403,YVLDHLIVV_HLA-A*02:01,tcr2420,1
vdjdb_full_9519,YVLDHLIVV_HLA-A*02:01,tcr15043,1
vdjdb_full_9431,YVLDHLIVV_HLA-A*02:01,tcr1572,1
vdjdb_full_9239,YVLDHLIVV_HLA-A*02:01,tcr17056,1
vdjdb_full_9433,YVLDHLIVV_HLA-A*02:01,tcr16223,1
vdjdb_full_9269,YVLDHLIVV_HLA-A*02:01,tcr14689,1
vdjdb_full_9375,YVLDHLIVV_HLA-A*02:01,tcr7429,1
vdjdb_full_9196,YVLDHLIVV_HLA-A*02:01,tcr7413,1
vdjdb_full_9203,YVLDHLIVV_HLA-A*02:01,tcr17620,1
vdjdb_full_9365,YVLDHLIVV_HLA-A*02:01,tcr14353,1
vdjdb_full_9320,YVLDHLIVV_HLA-A*02:01,tcr7986,1
vdjdb_full_9428,YVLDHLIVV_HLA-A*02:01,tcr6343,1
vdjdb_full_9427,YVLDHLIVV_HLA-A*02:01,tcr6457,1
vdjdb_full_9363,YVLDHLIVV_HLA-A*02:01,tcr10232,1
vdjdb_full_9349,YVLDHLIVV_HLA-A*02:01,tcr6265,1
vdjdb_full_9305,YVLDHLIVV_HLA-A*02:01,tcr15119,1
vdjdb_full_9328,YVLDHLIVV_HLA-A*02:01,tcr8418,1
vdjdb_full_9441,YVLDHLIVV_HLA-A*02:01,tcr10480,1
vdjdb_full_9198,YVLDHLIVV_HLA-A*02:01,tcr18275,1
vdjdb_full_9336,YVLDHLIVV_HLA-A*02:01,tcr6703,1
vdjdb_full_9258,YVLDHLIVV_HLA-A*02:01,tcr2996,1
vdjdb_full_9354,YVLDHLIVV_HLA-A*02:01,tcr14732,1
vdjdb_full_9197,YVLDHLIVV_HLA-A*02:01,tcr17171,1
vdjdb_full_9445,YVLDHLIVV_HLA-A*02:01,tcr18110,1
vdjdb_full_9210,YVLDHLIVV_HLA-A*02:01,tcr16913,1
vdjdb_full_9454,YVLDHLIVV_HLA-A*02:01,tcr2890,1
vdjdb_full_14830,LLWNGPMAV_HLA-A*02:01,tcr7379,1
vdjdb_full_14812,LLWNGPMAV_HLA-A*02:01,tcr6694,1
vdjdb_full_15032,LLWNGPMAV_HLA-A*02:01,tcr14149,1
vdjdb_full_15017,LLWNGPMAV_HLA-A*02:01,tcr11104,1
vdjdb_full_15047,LLWNGPMAV_HLA-A*02:01,tcr2140,1
vdjdb_full_14981,LLWNGPMAV_HLA-A*02:01,tcr16441,1
vdjdb_full_15006,LLWNGPMAV_HLA-A*02:01,tcr10912,1
vdjdb_full_15030,LLWNGPMAV_HLA-A*02:01,tcr6623,1
vdjdb_full_14815,LLWNGPMAV_HLA-A*02:01,tcr7752,1
vdjdb_full_14920,LLWNGPMAV_HLA-A*02:01,tcr14077,1
vdjdb_full_14851,LLWNGPMAV_HLA-A*02:01,tcr276,1
vdjdb_full_15016,LLWNGPMAV_HLA-A*02:01,tcr14352,1
vdjdb_full_15036,LLWNGPMAV_HLA-A*02:01,tcr10487,1
vdjdb_full_15018,LLWNGPMAV_HLA-A*02:01,tcr18137,1
vdjdb_full_14889,LLWNGPMAV_HLA-A*02:01,tcr4952,1
vdjdb_full_14951,LLWNGPMAV_HLA-A*02:01,tcr16243,1
vdjdb_full_14995,LLWNGPMAV_HLA-A*02:01,tcr15962,1
vdjdb_full_14821,LLWNGPMAV_HLA-A*02:01,tcr1098,1
vdjdb_full_14873,LLWNGPMAV_HLA-A*02:01,tcr12617,1
vdjdb_full_14934,LLWNGPMAV_HLA-A*02:01,tcr10287,1
vdjdb_full_14839,LLWNGPMAV_HLA-A*02:01,tcr17455,1
vdjdb_full_14825,LLWNGPMAV_HLA-A*02:01,tcr5722,1
vdjdb_full_14915,LLWNGPMAV_HLA-A*02:01,tcr12620,1
vdjdb_full_14836,LLWNGPMAV_HLA-A*02:01,tcr11668,1
vdjdb_full_14992,LLWNGPMAV_HLA-A*02:01,tcr7410,1
vdjdb_full_14977,LLWNGPMAV_HLA-A*02:01,tcr17089,1
vdjdb_full_14816,LLWNGPMAV_HLA-A*02:01,tcr5760,1
vdjdb_full_14880,LLWNGPMAV_HLA-A*02:01,tcr5068,1
vdjdb_full_14900,LLWNGPMAV_HLA-A*02:01,tcr2494,1
vdjdb_full_14961,LLWNGPMAV_HLA-A*02:01,tcr9622,1
vdjdb_full_14918,LLWNGPMAV_HLA-A*02:01,tcr18,1
vdjdb_full_15025,LLWNGPMAV_HLA-A*02:01,tcr12122,1
vdjdb_full_14831,LLWNGPMAV_HLA-A*02:01,tcr13109,1
vdjdb_full_14867,LLWNGPMAV_HLA-A*02:01,tcr10040,1
vdjdb_full_14824,LLWNGPMAV_HLA-A*02:01,tcr9889,1
vdjdb_full_14933,LLWNGPMAV_HLA-A*02:01,tcr16831,1
vdjdb_full_14903,LLWNGPMAV_HLA-A*02:01,tcr15856,1
vdjdb_full_15003,LLWNGPMAV_HLA-A*02:01,tcr15259,1
vdjdb_full_14944,LLWNGPMAV_HLA-A*02:01,tcr6950,1
vdjdb_full_15049,LLWNGPMAV_HLA-A*02:01,tcr6380,1
vdjdb_full_14882,LLWNGPMAV_HLA-A*02:01,tcr1429,1
vdjdb_full_14924,LLWNGPMAV_HLA-A*02:01,tcr17394,1
vdjdb_full_14919,LLWNGPMAV_HLA-A*02:01,tcr17835,1
vdjdb_full_14822,LLWNGPMAV_HLA-A*02:01,tcr16994,1
vdjdb_full_15002,LLWNGPMAV_HLA-A*02:01,tcr11163,1
vdjdb_full_14874,LLWNGPMAV_HLA-A*02:01,tcr5363,1
vdjdb_full_15038,LLWNGPMAV_HLA-A*02:01,tcr16061,1
vdjdb_full_14844,LLWNGPMAV_HLA-A*02:01,tcr3867,1
vdjdb_full_14987,LLWNGPMAV_HLA-A*02:01,tcr15955,1
vdjdb_full_14922,LLWNGPMAV_HLA-A*02:01,tcr13602,1
vdjdb_full_15014,LLWNGPMAV_HLA-A*02:01,tcr7201,1
vdjdb_full_15026,LLWNGPMAV_HLA-A*02:01,tcr13609,1
vdjdb_full_14939,LLWNGPMAV_HLA-A*02:01,tcr10669,1
vdjdb_full_14891,LLWNGPMAV_HLA-A*02:01,tcr15907,1
vdjdb_full_14861,LLWNGPMAV_HLA-A*02:01,tcr8215,1
vdjdb_full_14893,LLWNGPMAV_HLA-A*02:01,tcr11302,1
vdjdb_full_14968,LLWNGPMAV_HLA-A*02:01,tcr12276,1
vdjdb_full_14985,LLWNGPMAV_HLA-A*02:01,tcr17773,1
vdjdb_full_14957,LLWNGPMAV_HLA-A*02:01,tcr14375,1
vdjdb_full_15039,LLWNGPMAV_HLA-A*02:01,tcr3597,1
vdjdb_full_14960,LLWNGPMAV_HLA-A*02:01,tcr14675,1
vdjdb_full_14904,LLWNGPMAV_HLA-A*02:01,tcr1441,1
vdjdb_full_14947,LLWNGPMAV_HLA-A*02:01,tcr10264,1
vdjdb_full_14999,LLWNGPMAV_HLA-A*02:01,tcr2358,1
vdjdb_full_14875,LLWNGPMAV_HLA-A*02:01,tcr7084,1
vdjdb_full_14926,LLWNGPMAV_HLA-A*02:01,tcr13840,1
vdjdb_full_14876,LLWNGPMAV_HLA-A*02:01,tcr3928,1
vdjdb_full_14959,LLWNGPMAV_HLA-A*02:01,tcr4884,1
vdjdb_full_15001,LLWNGPMAV_HLA-A*02:01,tcr18259,1
vdjdb_full_14911,LLWNGPMAV_HLA-A*02:01,tcr194,1
vdjdb_full_14916,LLWNGPMAV_HLA-A*02:01,tcr9296,1
vdjdb_full_15045,LLWNGPMAV_HLA-A*02:01,tcr10840,1
vdjdb_full_14886,LLWNGPMAV_HLA-A*02:01,tcr10370,1
vdjdb_full_14835,LLWNGPMAV_HLA-A*02:01,tcr5113,1
vdjdb_full_14927,LLWNGPMAV_HLA-A*02:01,tcr8931,1
vdjdb_full_14921,LLWNGPMAV_HLA-A*02:01,tcr3172,1
vdjdb_full_14986,LLWNGPMAV_HLA-A*02:01,tcr2123,1
vdjdb_full_14811,LLWNGPMAV_HLA-A*02:01,tcr9480,1
vdjdb_full_14862,LLWNGPMAV_HLA-A*02:01,tcr16332,1
vdjdb_full_14931,LLWNGPMAV_HLA-A*02:01,tcr1242,1
vdjdb_full_14953,LLWNGPMAV_HLA-A*02:01,tcr16933,1
vdjdb_full_15035,LLWNGPMAV_HLA-A*02:01,tcr13495,1
vdjdb_full_14872,LLWNGPMAV_HLA-A*02:01,tcr3341,1
vdjdb_full_14974,LLWNGPMAV_HLA-A*02:01,tcr7689,1
vdjdb_full_15013,LLWNGPMAV_HLA-A*02:01,tcr12674,1
vdjdb_full_14950,LLWNGPMAV_HLA-A*02:01,tcr7955,1
vdjdb_full_14837,LLWNGPMAV_HLA-A*02:01,tcr5867,1
vdjdb_full_14818,LLWNGPMAV_HLA-A*02:01,tcr4300,1
vdjdb_full_14841,LLWNGPMAV_HLA-A*02:01,tcr8144,1
vdjdb_full_14834,LLWNGPMAV_HLA-A*02:01,tcr10525,1
vdjdb_full_14848,LLWNGPMAV_HLA-A*02:01,tcr7038,1
vdjdb_full_14908,LLWNGPMAV_HLA-A*02:01,tcr4940,1
vdjdb_full_14932,LLWNGPMAV_HLA-A*02:01,tcr5115,1
vdjdb_full_14969,LLWNGPMAV_HLA-A*02:01,tcr14861,1
vdjdb_full_14857,LLWNGPMAV_HLA-A*02:01,tcr4777,1
vdjdb_full_14902,LLWNGPMAV_HLA-A*02:01,tcr18149,1
vdjdb_full_14945,LLWNGPMAV_HLA-A*02:01,tcr2732,1
vdjdb_full_15022,LLWNGPMAV_HLA-A*02:01,tcr15939,1
vdjdb_full_14883,LLWNGPMAV_HLA-A*02:01,tcr5510,1
vdjdb_full_14847,LLWNGPMAV_HLA-A*02:01,tcr16530,1
vdjdb_full_15285,CINGVCWTV_HLA-A*02:01,tcr17487,1
vdjdb_full_15465,CINGVCWTV_HLA-A*02:01,tcr13090,1
vdjdb_full_15399,CINGVCWTV_HLA-A*02:01,tcr351,1
vdjdb_full_15491,CINGVCWTV_HLA-A*02:01,tcr12079,1
vdjdb_full_15428,CINGVCWTV_HLA-A*02:01,tcr1882,1
vdjdb_full_15498,CINGVCWTV_HLA-A*02:01,tcr16936,1
vdjdb_full_15463,CINGVCWTV_HLA-A*02:01,tcr2243,1
vdjdb_full_15363,CINGVCWTV_HLA-A*02:01,tcr11205,1
vdjdb_full_15459,CINGVCWTV_HLA-A*02:01,tcr11640,1
vdjdb_full_15456,CINGVCWTV_HLA-A*02:01,tcr1758,1
vdjdb_full_15344,CINGVCWTV_HLA-A*02:01,tcr3700,1
vdjdb_full_15291,CINGVCWTV_HLA-A*02:01,tcr15136,1
vdjdb_full_15484,CINGVCWTV_HLA-A*02:01,tcr14478,1
vdjdb_full_15301,CINGVCWTV_HLA-A*02:01,tcr10222,1
vdjdb_full_15306,CINGVCWTV_HLA-A*02:01,tcr17966,1
vdjdb_full_15321,CINGVCWTV_HLA-A*02:01,tcr10604,1
vdjdb_full_15336,CINGVCWTV_HLA-A*02:01,tcr10716,1
vdjdb_full_15457,CINGVCWTV_HLA-A*02:01,tcr7051,1
vdjdb_full_15379,CINGVCWTV_HLA-A*02:01,tcr3901,1
vdjdb_full_15445,CINGVCWTV_HLA-A*02:01,tcr1915,1
vdjdb_full_15356,CINGVCWTV_HLA-A*02:01,tcr6243,1
vdjdb_full_15294,CINGVCWTV_HLA-A*02:01,tcr5176,1
vdjdb_full_15447,CINGVCWTV_HLA-A*02:01,tcr325,1
vdjdb_full_15432,CINGVCWTV_HLA-A*02:01,tcr1079,1
vdjdb_full_15373,CINGVCWTV_HLA-A*02:01,tcr4958,1
vdjdb_full_15359,CINGVCWTV_HLA-A*02:01,tcr5039,1
vdjdb_full_15477,CINGVCWTV_HLA-A*02:01,tcr3155,1
vdjdb_full_15453,CINGVCWTV_HLA-A*02:01,tcr16261,1
vdjdb_full_15505,CINGVCWTV_HLA-A*02:01,tcr5628,1
vdjdb_full_15382,CINGVCWTV_HLA-A*02:01,tcr7217,1
vdjdb_full_15397,CINGVCWTV_HLA-A*02:01,tcr17277,1
vdjdb_full_15351,CINGVCWTV_HLA-A*02:01,tcr5955,1
vdjdb_full_15292,CINGVCWTV_HLA-A*02:01,tcr10758,1
vdjdb_full_15482,CINGVCWTV_HLA-A*02:01,tcr2893,1
vdjdb_full_15485,CINGVCWTV_HLA-A*02:01,tcr10944,1
vdjdb_full_15396,CINGVCWTV_HLA-A*02:01,tcr10096,1
vdjdb_full_15479,CINGVCWTV_HLA-A*02:01,tcr9154,1
vdjdb_full_15393,CINGVCWTV_HLA-A*02:01,tcr5641,1
vdjdb_full_15389,CINGVCWTV_HLA-A*02:01,tcr8380,1
vdjdb_full_15424,CINGVCWTV_HLA-A*02:01,tcr14330,1
vdjdb_full_15421,CINGVCWTV_HLA-A*02:01,tcr17988,1
vdjdb_full_15497,CINGVCWTV_HLA-A*02:01,tcr11503,1
vdjdb_full_15423,CINGVCWTV_HLA-A*02:01,tcr105,1
vdjdb_full_15507,CINGVCWTV_HLA-A*02:01,tcr12616,1
vdjdb_full_15422,CINGVCWTV_HLA-A*02:01,tcr12978,1
vdjdb_full_15443,CINGVCWTV_HLA-A*02:01,tcr3657,1
vdjdb_full_15343,CINGVCWTV_HLA-A*02:01,tcr14709,1
vdjdb_full_15331,CINGVCWTV_HLA-A*02:01,tcr8817,1
vdjdb_full_15403,CINGVCWTV_HLA-A*02:01,tcr9503,1
vdjdb_full_15406,CINGVCWTV_HLA-A*02:01,tcr2290,1
vdjdb_full_15493,CINGVCWTV_HLA-A*02:01,tcr7734,1
vdjdb_full_15361,CINGVCWTV_HLA-A*02:01,tcr17341,1
vdjdb_full_15370,CINGVCWTV_HLA-A*02:01,tcr12653,1
vdjdb_full_15374,CINGVCWTV_HLA-A*02:01,tcr16,1
vdjdb_full_15394,CINGVCWTV_HLA-A*02:01,tcr16689,1
vdjdb_full_15314,CINGVCWTV_HLA-A*02:01,tcr4457,1
vdjdb_full_15300,CINGVCWTV_HLA-A*02:01,tcr7937,1
vdjdb_full_15398,CINGVCWTV_HLA-A*02:01,tcr5137,1
vdjdb_full_15464,CINGVCWTV_HLA-A*02:01,tcr4612,1
vdjdb_full_15478,CINGVCWTV_HLA-A*02:01,tcr15971,1
vdjdb_full_15286,CINGVCWTV_HLA-A*02:01,tcr12872,1
vdjdb_full_15345,CINGVCWTV_HLA-A*02:01,tcr7027,1
vdjdb_full_15305,CINGVCWTV_HLA-A*02:01,tcr14686,1
vdjdb_full_15295,CINGVCWTV_HLA-A*02:01,tcr6238,1
vdjdb_full_15386,CINGVCWTV_HLA-A*02:01,tcr17053,1
vdjdb_full_15342,CINGVCWTV_HLA-A*02:01,tcr115,1
vdjdb_full_15349,CINGVCWTV_HLA-A*02:01,tcr3689,1
vdjdb_full_15281,CINGVCWTV_HLA-A*02:01,tcr14,1
vdjdb_full_15332,CINGVCWTV_HLA-A*02:01,tcr1878,1
vdjdb_full_15390,CINGVCWTV_HLA-A*02:01,tcr12823,1
vdjdb_full_15417,CINGVCWTV_HLA-A*02:01,tcr4050,1
vdjdb_full_15414,CINGVCWTV_HLA-A*02:01,tcr4532,1
vdjdb_full_15341,CINGVCWTV_HLA-A*02:01,tcr11744,1
vdjdb_full_15420,CINGVCWTV_HLA-A*02:01,tcr12830,1
vdjdb_full_15474,CINGVCWTV_HLA-A*02:01,tcr1430,1
vdjdb_full_15508,CINGVCWTV_HLA-A*02:01,tcr12887,1
vdjdb_full_15307,CINGVCWTV_HLA-A*02:01,tcr13432,1
vdjdb_full_15288,CINGVCWTV_HLA-A*02:01,tcr12595,1
vdjdb_full_15311,CINGVCWTV_HLA-A*02:01,tcr2246,1
vdjdb_full_15304,CINGVCWTV_HLA-A*02:01,tcr14205,1
vdjdb_full_15318,CINGVCWTV_HLA-A*02:01,tcr11850,1
vdjdb_full_15404,CINGVCWTV_HLA-A*02:01,tcr8019,1
vdjdb_full_15391,CINGVCWTV_HLA-A*02:01,tcr9564,1
vdjdb_full_15433,CINGVCWTV_HLA-A*02:01,tcr7818,1
vdjdb_full_15327,CINGVCWTV_HLA-A*02:01,tcr3854,1
vdjdb_full_15462,CINGVCWTV_HLA-A*02:01,tcr15319,1
vdjdb_full_15461,CINGVCWTV_HLA-A*02:01,tcr7364,1
vdjdb_full_15352,CINGVCWTV_HLA-A*02:01,tcr7323,1
vdjdb_full_15317,CINGVCWTV_HLA-A*02:01,tcr2606,1
vdjdb_full_15372,CINGVCWTV_HLA-A*02:01,tcr443,1
vdjdb_full_15418,CINGVCWTV_HLA-A*02:01,tcr5488,1
vdjdb_full_15355,CINGVCWTV_HLA-A*02:01,tcr2509,1
vdjdb_full_15436,CINGVCWTV_HLA-A*02:01,tcr2992,1
vdjdb_full_15302,CINGVCWTV_HLA-A*02:01,tcr7730,1
vdjdb_full_15489,CINGVCWTV_HLA-A*02:01,tcr4575,1
vdjdb_full_15473,CINGVCWTV_HLA-A*02:01,tcr14158,1
vdjdb_full_15405,CINGVCWTV_HLA-A*02:01,tcr18080,1
vdjdb_full_15276,CINGVCWTV_HLA-A*02:01,tcr11880,1
vdjdb_full_15278,CINGVCWTV_HLA-A*02:01,tcr16655,1
vdjdb_full_15353,CINGVCWTV_HLA-A*02:01,tcr15844,1
vdjdb_full_13711,TPRVTGGGAM_HLA-B*07:02,tcr10539,1
vdjdb_full_13735,TPRVTGGGAM_HLA-B*07:02,tcr8673,1
vdjdb_full_13851,TPRVTGGGAM_HLA-B*07:02,tcr1202,1
vdjdb_full_13794,TPRVTGGGAM_HLA-B*07:02,tcr3147,1
vdjdb_full_13843,TPRVTGGGAM_HLA-B*07:02,tcr17668,1
vdjdb_full_13707,TPRVTGGGAM_HLA-B*07:02,tcr15798,1
vdjdb_full_13716,TPRVTGGGAM_HLA-B*07:02,tcr1160,1
vdjdb_full_13763,TPRVTGGGAM_HLA-B*07:02,tcr8604,1
vdjdb_full_13812,TPRVTGGGAM_HLA-B*07:02,tcr8528,1
vdjdb_full_13791,TPRVTGGGAM_HLA-B*07:02,tcr6214,1
vdjdb_full_13790,TPRVTGGGAM_HLA-B*07:02,tcr6488,1
vdjdb_full_13857,TPRVTGGGAM_HLA-B*07:02,tcr1520,1
vdjdb_full_13764,TPRVTGGGAM_HLA-B*07:02,tcr9624,1
vdjdb_full_13807,TPRVTGGGAM_HLA-B*07:02,tcr13846,1
vdjdb_full_13738,TPRVTGGGAM_HLA-B*07:02,tcr3166,1
vdjdb_full_13708,TPRVTGGGAM_HLA-B*07:02,tcr16163,1
vdjdb_full_13744,TPRVTGGGAM_HLA-B*07:02,tcr14181,1
vdjdb_full_13824,TPRVTGGGAM_HLA-B*07:02,tcr11797,1
vdjdb_full_13793,TPRVTGGGAM_HLA-B*07:02,tcr1293,1
vdjdb_full_13749,TPRVTGGGAM_HLA-B*07:02,tcr8659,1
vdjdb_full_13871,TPRVTGGGAM_HLA-B*07:02,tcr15360,1
vdjdb_full_13819,TPRVTGGGAM_HLA-B*07:02,tcr8629,1
vdjdb_full_13841,TPRVTGGGAM_HLA-B*07:02,tcr9004,1
vdjdb_full_13723,TPRVTGGGAM_HLA-B*07:02,tcr13138,1
vdjdb_full_13701,TPRVTGGGAM_HLA-B*07:02,tcr14715,1
vdjdb_full_13820,TPRVTGGGAM_HLA-B*07:02,tcr13358,1
vdjdb_full_13754,TPRVTGGGAM_HLA-B*07:02,tcr16823,1
vdjdb_full_13710,TPRVTGGGAM_HLA-B*07:02,tcr8834,1
vdjdb_full_13862,TPRVTGGGAM_HLA-B*07:02,tcr926,1
vdjdb_full_13840,TPRVTGGGAM_HLA-B*07:02,tcr14265,1
vdjdb_full_13869,TPRVTGGGAM_HLA-B*07:02,tcr7187,1
vdjdb_full_13748,TPRVTGGGAM_HLA-B*07:02,tcr1385,1
vdjdb_full_13785,TPRVTGGGAM_HLA-B*07:02,tcr16397,1
vdjdb_full_13777,TPRVTGGGAM_HLA-B*07:02,tcr5417,1
vdjdb_full_13761,TPRVTGGGAM_HLA-B*07:02,tcr6374,1
vdjdb_full_13722,TPRVTGGGAM_HLA-B*07:02,tcr11997,1
vdjdb_full_13816,TPRVTGGGAM_HLA-B*07:02,tcr16005,1
vdjdb_full_13760,TPRVTGGGAM_HLA-B*07:02,tcr6453,1
vdjdb_full_13762,TPRVTGGGAM_HLA-B*07:02,tcr17445,1
vdjdb_full_13724,TPRVTGGGAM_HLA-B*07:02,tcr11262,1
vdjdb_full_13704,TPRVTGGGAM_HLA-B*07:02,tcr622,1
vdjdb_full_13734,TPRVTGGGAM_HLA-B*07:02,tcr10236,1
vdjdb_full_13823,TPRVTGGGAM_HLA-B*07:02,tcr10031,1
vdjdb_full_13788,TPRVTGGGAM_HLA-B*07:02,tcr1105,1
vdjdb_full_13811,TPRVTGGGAM_HLA-B*07:02,tcr14045,1
vdjdb_full_13780,TPRVTGGGAM_HLA-B*07:02,tcr7767,1
vdjdb_full_13814,TPRVTGGGAM_HLA-B*07:02,tcr6688,1
vdjdb_full_13731,TPRVTGGGAM_HLA-B*07:02,tcr784,1
vdjdb_full_13815,TPRVTGGGAM_HLA-B*07:02,tcr6433,1
vdjdb_full_13847,TPRVTGGGAM_HLA-B*07:02,tcr10066,1
vdjdb_full_13770,TPRVTGGGAM_HLA-B*07:02,tcr11403,1
vdjdb_full_13858,TPRVTGGGAM_HLA-B*07:02,tcr9594,1
vdjdb_full_13694,TPRVTGGGAM_HLA-B*07:02,tcr5331,1
vdjdb_full_13804,TPRVTGGGAM_HLA-B*07:02,tcr17725,1
vdjdb_full_13739,TPRVTGGGAM_HLA-B*07:02,tcr8713,1
vdjdb_full_13859,TPRVTGGGAM_HLA-B*07:02,tcr4973,1
vdjdb_full_13850,TPRVTGGGAM_HLA-B*07:02,tcr8054,1
vdjdb_full_13805,TPRVTGGGAM_HLA-B*07:02,tcr18417,1
vdjdb_full_13845,TPRVTGGGAM_HLA-B*07:02,tcr7024,1
vdjdb_full_13718,TPRVTGGGAM_HLA-B*07:02,tcr17276,1
vdjdb_full_13853,TPRVTGGGAM_HLA-B*07:02,tcr3153,1
vdjdb_full_13796,TPRVTGGGAM_HLA-B*07:02,tcr9628,1
vdjdb_full_13810,TPRVTGGGAM_HLA-B*07:02,tcr4212,1
vdjdb_full_13822,TPRVTGGGAM_HLA-B*07:02,tcr17372,1
vdjdb_full_13729,TPRVTGGGAM_HLA-B*07:02,tcr14269,1
vdjdb_full_13797,TPRVTGGGAM_HLA-B*07:02,tcr8262,1
vdjdb_full_13714,TPRVTGGGAM_HLA-B*07:02,tcr2808,1
vdjdb_full_13874,TPRVTGGGAM_HLA-B*07:02,tcr7445,1
vdjdb_full_13771,TPRVTGGGAM_HLA-B*07:02,tcr5928,1
vdjdb_full_13808,TPRVTGGGAM_HLA-B*07:02,tcr11785,1
vdjdb_full_13703,TPRVTGGGAM_HLA-B*07:02,tcr6565,1
vdjdb_full_13800,TPRVTGGGAM_HLA-B*07:02,tcr1723,1
vdjdb_full_13698,TPRVTGGGAM_HLA-B*07:02,tcr14590,1
vdjdb_full_13719,TPRVTGGGAM_HLA-B*07:02,tcr12451,1
vdjdb_full_13829,TPRVTGGGAM_HLA-B*07:02,tcr3261,1
vdjdb_full_13696,TPRVTGGGAM_HLA-B*07:02,tcr16350,1
vdjdb_full_13725,TPRVTGGGAM_HLA-B*07:02,tcr697,1
vdjdb_full_13773,TPRVTGGGAM_HLA-B*07:02,tcr18197,1
vdjdb_full_13842,TPRVTGGGAM_HLA-B*07:02,tcr3228,1
vdjdb_full_13830,TPRVTGGGAM_HLA-B*07:02,tcr16558,1
vdjdb_full_13825,TPRVTGGGAM_HLA-B*07:02,tcr17302,1
vdjdb_full_13702,TPRVTGGGAM_HLA-B*07:02,tcr4113,1
vdjdb_full_13867,TPRVTGGGAM_HLA-B*07:02,tcr15993,1
vdjdb_full_13844,TPRVTGGGAM_HLA-B*07:02,tcr13075,1
vdjdb_full_13691,TPRVTGGGAM_HLA-B*07:02,tcr8903,1
vdjdb_full_13834,TPRVTGGGAM_HLA-B*07:02,tcr1823,1
vdjdb_full_13765,TPRVTGGGAM_HLA-B*07:02,tcr11113,1
vdjdb_full_13759,TPRVTGGGAM_HLA-B*07:02,tcr5246,1
vdjdb_full_13737,TPRVTGGGAM_HLA-B*07:02,tcr6262,1
vdjdb_full_13817,TPRVTGGGAM_HLA-B*07:02,tcr3929,1
vdjdb_full_13720,TPRVTGGGAM_HLA-B*07:02,tcr2876,1
vdjdb_full_13733,TPRVTGGGAM_HLA-B*07:02,tcr4427,1
vdjdb_full_13836,TPRVTGGGAM_HLA-B*07:02,tcr10452,1
vdjdb_full_13837,TPRVTGGGAM_HLA-B*07:02,tcr3494,1
vdjdb_full_13717,TPRVTGGGAM_HLA-B*07:02,tcr16325,1
vdjdb_full_13715,TPRVTGGGAM_HLA-B*07:02,tcr12590,1
vdjdb_full_13832,TPRVTGGGAM_HLA-B*07:02,tcr14005,1
vdjdb_full_13776,TPRVTGGGAM_HLA-B*07:02,tcr862,1
vdjdb_full_13774,TPRVTGGGAM_HLA-B*07:02,tcr3791,1
vdjdb_full_13779,TPRVTGGGAM_HLA-B*07:02,tcr10777,1
vdjdb_full_15636,FLRGRAYGL_HLA-B*08:01,tcr7219,1
vdjdb_full_15638,FLRGRAYGL_HLA-B*08:01,tcr2946,1
vdjdb_full_15649,FLRGRAYGL_HLA-B*08:01,tcr17332,1
vdjdb_full_15667,FLRGRAYGL_HLA-B*08:01,tcr454,1
vdjdb_full_15580,FLRGRAYGL_HLA-B*08:01,tcr16629,1
vdjdb_full_15666,FLRGRAYGL_HLA-B*08:01,tcr16511,1
vdjdb_full_15630,FLRGRAYGL_HLA-B*08:01,tcr8326,1
vdjdb_full_15633,FLRGRAYGL_HLA-B*08:01,tcr10235,1
vdjdb_full_15569,FLRGRAYGL_HLA-B*08:01,tcr2119,1
vdjdb_full_15566,FLRGRAYGL_HLA-B*08:01,tcr12393,1
vdjdb_full_15570,FLRGRAYGL_HLA-B*08:01,tcr16588,1
vdjdb_full_15563,FLRGRAYGL_HLA-B*08:01,tcr3802,1
vdjdb_full_15560,FLRGRAYGL_HLA-B*08:01,tcr7662,1
vdjdb_full_15593,FLRGRAYGL_HLA-B*08:01,tcr8872,1
vdjdb_full_15602,FLRGRAYGL_HLA-B*08:01,tcr5203,1
vdjdb_full_15621,FLRGRAYGL_HLA-B*08:01,tcr18368,1
vdjdb_full_15661,FLRGRAYGL_HLA-B*08:01,tcr4068,1
vdjdb_full_15688,FLRGRAYGL_HLA-B*08:01,tcr5935,1
vdjdb_full_15616,FLRGRAYGL_HLA-B*08:01,tcr7417,1
vdjdb_full_15648,FLRGRAYGL_HLA-B*08:01,tcr14806,1
vdjdb_full_15627,FLRGRAYGL_HLA-B*08:01,tcr2938,1
vdjdb_full_15675,FLRGRAYGL_HLA-B*08:01,tcr11223,1
vdjdb_full_15582,FLRGRAYGL_HLA-B*08:01,tcr12324,1
vdjdb_full_15617,FLRGRAYGL_HLA-B*08:01,tcr4825,1
vdjdb_full_15606,FLRGRAYGL_HLA-B*08:01,tcr7990,1
vdjdb_full_15581,FLRGRAYGL_HLA-B*08:01,tcr9327,1
vdjdb_full_15577,FLRGRAYGL_HLA-B*08:01,tcr17328,1
vdjdb_full_15683,FLRGRAYGL_HLA-B*08:01,tcr8873,1
vdjdb_full_15687,FLRGRAYGL_HLA-B*08:01,tcr3139,1
vdjdb_full_15587,FLRGRAYGL_HLA-B*08:01,tcr688,1
vdjdb_full_15665,FLRGRAYGL_HLA-B*08:01,tcr15771,1
vdjdb_full_15646,FLRGRAYGL_HLA-B*08:01,tcr10721,1
vdjdb_full_15619,FLRGRAYGL_HLA-B*08:01,tcr16398,1
vdjdb_full_15573,FLRGRAYGL_HLA-B*08:01,tcr4062,1
vdjdb_full_15596,FLRGRAYGL_HLA-B*08:01,tcr13841,1
vdjdb_full_15628,FLRGRAYGL_HLA-B*08:01,tcr13492,1
vdjdb_full_15562,FLRGRAYGL_HLA-B*08:01,tcr143,1
vdjdb_full_15686,FLRGRAYGL_HLA-B*08:01,tcr12498,1
vdjdb_full_15684,FLRGRAYGL_HLA-B*08:01,tcr15829,1
vdjdb_full_15680,FLRGRAYGL_HLA-B*08:01,tcr2605,1
vdjdb_full_15578,FLRGRAYGL_HLA-B*08:01,tcr16844,1
vdjdb_full_15615,FLRGRAYGL_HLA-B*08:01,tcr10594,1
vdjdb_full_15694,FLRGRAYGL_HLA-B*08:01,tcr1456,1
vdjdb_full_15679,FLRGRAYGL_HLA-B*08:01,tcr13095,1
vdjdb_full_15555,FLRGRAYGL_HLA-B*08:01,tcr17493,1
vdjdb_full_15583,FLRGRAYGL_HLA-B*08:01,tcr8300,1
vdjdb_full_15660,FLRGRAYGL_HLA-B*08:01,tcr2514,1
vdjdb_full_15642,FLRGRAYGL_HLA-B*08:01,tcr4755,1
vdjdb_full_15656,FLRGRAYGL_HLA-B*08:01,tcr6225,1
vdjdb_full_15567,FLRGRAYGL_HLA-B*08:01,tcr15996,1
vdjdb_full_15663,FLRGRAYGL_HLA-B*08:01,tcr18218,1
vdjdb_full_15561,FLRGRAYGL_HLA-B*08:01,tcr13434,1
vdjdb_full_15607,FLRGRAYGL_HLA-B*08:01,tcr17854,1
vdjdb_full_15703,FLRGRAYGL_HLA-B*08:01,tcr9646,1
vdjdb_full_15664,FLRGRAYGL_HLA-B*08:01,tcr18369,1
vdjdb_full_15611,FLRGRAYGL_HLA-B*08:01,tcr13176,1
vdjdb_full_15618,FLRGRAYGL_HLA-B*08:01,tcr10440,1
vdjdb_full_15653,FLRGRAYGL_HLA-B*08:01,tcr5886,1
vdjdb_full_15662,FLRGRAYGL_HLA-B*08:01,tcr3577,1
vdjdb_full_15575,FLRGRAYGL_HLA-B*08:01,tcr6755,1
vdjdb_full_15551,FLRGRAYGL_HLA-B*08:01,tcr6133,1
vdjdb_full_15595,FLRGRAYGL_HLA-B*08:01,tcr9519,1
vdjdb_full_15700,FLRGRAYGL_HLA-B*08:01,tcr16846,1
vdjdb_full_15579,FLRGRAYGL_HLA-B*08:01,tcr12677,1
vdjdb_full_15591,FLRGRAYGL_HLA-B*08:01,tcr6904,1
vdjdb_full_15647,FLRGRAYGL_HLA-B*08:01,tcr6720,1
vdjdb_full_15576,FLRGRAYGL_HLA-B*08:01,tcr14373,1
vdjdb_full_15574,FLRGRAYGL_HLA-B*08:01,tcr1603,1
vdjdb_full_15693,FLRGRAYGL_HLA-B*08:01,tcr1189,1
vdjdb_full_15590,FLRGRAYGL_HLA-B*08:01,tcr2401,1
vdjdb_full_15696,FLRGRAYGL_HLA-B*08:01,tcr402,1
vdjdb_full_15674,FLRGRAYGL_HLA-B*08:01,tcr9980,1
vdjdb_full_15598,FLRGRAYGL_HLA-B*08:01,tcr16295,1
vdjdb_full_15698,FLRGRAYGL_HLA-B*08:01,tcr7551,1
vdjdb_full_15670,FLRGRAYGL_HLA-B*08:01,tcr6636,1
vdjdb_full_15625,FLRGRAYGL_HLA-B*08:01,tcr7395,1
vdjdb_full_15584,FLRGRAYGL_HLA-B*08:01,tcr8350,1
vdjdb_full_15645,FLRGRAYGL_HLA-B*08:01,tcr14011,1
vdjdb_full_15701,FLRGRAYGL_HLA-B*08:01,tcr4183,1
vdjdb_full_15613,FLRGRAYGL_HLA-B*08:01,tcr977,1
vdjdb_full_15634,FLRGRAYGL_HLA-B*08:01,tcr9926,1
vdjdb_full_15637,FLRGRAYGL_HLA-B*08:01,tcr3895,1
vdjdb_full_15604,FLRGRAYGL_HLA-B*08:01,tcr1959,1
vdjdb_full_15556,FLRGRAYGL_HLA-B*08:01,tcr2794,1
vdjdb_full_15650,FLRGRAYGL_HLA-B*08:01,tcr6691,1
vdjdb_full_15657,FLRGRAYGL_HLA-B*08:01,tcr14229,1
vdjdb_full_15600,FLRGRAYGL_HLA-B*08:01,tcr633,1
vdjdb_full_15586,FLRGRAYGL_HLA-B*08:01,tcr3910,1
vdjdb_full_15632,FLRGRAYGL_HLA-B*08:01,tcr2725,1
vdjdb_full_15629,FLRGRAYGL_HLA-B*08:01,tcr2696,1
vdjdb_full_15585,FLRGRAYGL_HLA-B*08:01,tcr10158,1
vdjdb_full_15671,FLRGRAYGL_HLA-B*08:01,tcr8024,1
vdjdb_full_15558,FLRGRAYGL_HLA-B*08:01,tcr4863,1
vdjdb_full_15594,FLRGRAYGL_HLA-B*08:01,tcr1490,1
vdjdb_full_15622,FLRGRAYGL_HLA-B*08:01,tcr14623,1
vdjdb_full_15692,FLRGRAYGL_HLA-B*08:01,tcr3924,1
vdjdb_full_15677,FLRGRAYGL_HLA-B*08:01,tcr10682,1
vdjdb_full_15635,FLRGRAYGL_HLA-B*08:01,tcr13206,1
vdjdb_full_15689,FLRGRAYGL_HLA-B*08:01,tcr3315,1
vdjdb_full_15690,FLRGRAYGL_HLA-B*08:01,tcr9719,1
vdjdb_full_11570,ATDALMTGF_HLA-A*01:01,tcr13451,1
vdjdb_full_11516,ATDALMTGF_HLA-A*01:01,tcr3287,1
vdjdb_full_11615,ATDALMTGF_HLA-A*01:01,tcr5813,1
vdjdb_full_11564,ATDALMTGF_HLA-A*01:01,tcr16812,1
vdjdb_full_11591,ATDALMTGF_HLA-A*01:01,tcr14754,1
vdjdb_full_11574,ATDALMTGF_HLA-A*01:01,tcr5184,1
vdjdb_full_11528,ATDALMTGF_HLA-A*01:01,tcr1955,1
vdjdb_full_11550,ATDALMTGF_HLA-A*01:01,tcr3675,1
vdjdb_full_11616,ATDALMTGF_HLA-A*01:01,tcr3460,1
vdjdb_full_11541,ATDALMTGF_HLA-A*01:01,tcr5907,1
vdjdb_full_11499,ATDALMTGF_HLA-A*01:01,tcr4517,1
vdjdb_full_11602,ATDALMTGF_HLA-A*01:01,tcr5359,1
vdjdb_full_11533,ATDALMTGF_HLA-A*01:01,tcr17287,1
vdjdb_full_11595,ATDALMTGF_HLA-A*01:01,tcr14141,1
vdjdb_full_11575,ATDALMTGF_HLA-A*01:01,tcr13448,1
vdjdb_full_11515,ATDALMTGF_HLA-A*01:01,tcr7939,1
vdjdb_full_11588,ATDALMTGF_HLA-A*01:01,tcr227,1
vdjdb_full_11505,ATDALMTGF_HLA-A*01:01,tcr15850,1
vdjdb_full_11552,ATDALMTGF_HLA-A*01:01,tcr6616,1
vdjdb_full_11506,ATDALMTGF_HLA-A*01:01,tcr17107,1
vdjdb_full_11542,ATDALMTGF_HLA-A*01:01,tcr1095,1
vdjdb_full_11523,ATDALMTGF_HLA-A*01:01,tcr2831,1
vdjdb_full_11573,ATDALMTGF_HLA-A*01:01,tcr3324,1
vdjdb_full_11494,ATDALMTGF_HLA-A*01:01,tcr16144,1
vdjdb_full_11553,ATDALMTGF_HLA-A*01:01,tcr5277,1
vdjdb_full_11537,ATDALMTGF_HLA-A*01:01,tcr1934,1
vdjdb_full_11565,ATDALMTGF_HLA-A*01:01,tcr5991,1
vdjdb_full_11507,ATDALMTGF_HLA-A*01:01,tcr5025,1
vdjdb_full_11608,ATDALMTGF_HLA-A*01:01,tcr13700,1
vdjdb_full_11623,ATDALMTGF_HLA-A*01:01,tcr2107,1
vdjdb_full_11524,ATDALMTGF_HLA-A*01:01,tcr5539,1
vdjdb_full_11521,ATDALMTGF_HLA-A*01:01,tcr9973,1
vdjdb_full_11544,ATDALMTGF_HLA-A*01:01,tcr7385,1
vdjdb_full_11607,ATDALMTGF_HLA-A*01:01,tcr3873,1
vdjdb_full_11622,ATDALMTGF_HLA-A*01:01,tcr6943,1
vdjdb_full_11510,ATDALMTGF_HLA-A*01:01,tcr17024,1
vdjdb_full_11594,ATDALMTGF_HLA-A*01:01,tcr998,1
vdjdb_full_11519,ATDALMTGF_HLA-A*01:01,tcr7448,1
vdjdb_full_11539,ATDALMTGF_HLA-A*01:01,tcr1000,1
vdjdb_full_11559,ATDALMTGF_HLA-A*01:01,tcr11990,1
vdjdb_full_11614,ATDALMTGF_HLA-A*01:01,tcr15600,1
vdjdb_full_11527,ATDALMTGF_HLA-A*01:01,tcr3312,1
vdjdb_full_11562,ATDALMTGF_HLA-A*01:01,tcr11836,1
vdjdb_full_11593,ATDALMTGF_HLA-A*01:01,tcr17282,1
vdjdb_full_11504,ATDALMTGF_HLA-A*01:01,tcr15642,1
vdjdb_full_11530,ATDALMTGF_HLA-A*01:01,tcr10303,1
vdjdb_full_11561,ATDALMTGF_HLA-A*01:01,tcr9744,1
vdjdb_full_11522,ATDALMTGF_HLA-A*01:01,tcr3584,1
vdjdb_full_11612,ATDALMTGF_HLA-A*01:01,tcr4464,1
vdjdb_full_11525,ATDALMTGF_HLA-A*01:01,tcr15581,1
vdjdb_full_11577,ATDALMTGF_HLA-A*01:01,tcr5257,1
vdjdb_full_11586,ATDALMTGF_HLA-A*01:01,tcr11326,1
vdjdb_full_11500,ATDALMTGF_HLA-A*01:01,tcr6928,1
vdjdb_full_11563,ATDALMTGF_HLA-A*01:01,tcr5775,1
vdjdb_full_11619,ATDALMTGF_HLA-A*01:01,tcr11596,1
vdjdb_full_11536,ATDALMTGF_HLA-A*01:01,tcr13734,1
vdjdb_full_11546,ATDALMTGF_HLA-A*01:01,tcr14682,1
vdjdb_full_11532,ATDALMTGF_HLA-A*01:01,tcr5195,1
vdjdb_full_11511,ATDALMTGF_HLA-A*01:01,tcr10293,1
vdjdb_full_11566,ATDALMTGF_HLA-A*01:01,tcr6963,1
vdjdb_full_11531,ATDALMTGF_HLA-A*01:01,tcr4497,1
vdjdb_full_11580,ATDALMTGF_HLA-A*01:01,tcr8164,1
vdjdb_full_11502,ATDALMTGF_HLA-A*01:01,tcr1680,1
vdjdb_full_11618,ATDALMTGF_HLA-A*01:01,tcr9863,1
vdjdb_full_11540,ATDALMTGF_HLA-A*01:01,tcr6303,1
vdjdb_full_11567,ATDALMTGF_HLA-A*01:01,tcr8877,1
vdjdb_full_11599,ATDALMTGF_HLA-A*01:01,tcr3615,1
vdjdb_full_11620,ATDALMTGF_HLA-A*01:01,tcr16594,1
vdjdb_full_11503,ATDALMTGF_HLA-A*01:01,tcr10991,1
vdjdb_full_11508,ATDALMTGF_HLA-A*01:01,tcr15069,1
vdjdb_full_11590,ATDALMTGF_HLA-A*01:01,tcr7159,1
vdjdb_full_11498,ATDALMTGF_HLA-A*01:01,tcr1790,1
vdjdb_full_11514,ATDALMTGF_HLA-A*01:01,tcr13149,1
vdjdb_full_11535,ATDALMTGF_HLA-A*01:01,tcr2482,1
vdjdb_full_11569,ATDALMTGF_HLA-A*01:01,tcr16605,1
vdjdb_full_11596,ATDALMTGF_HLA-A*01:01,tcr14513,1
vdjdb_full_11501,ATDALMTGF_HLA-A*01:01,tcr248,1
vdjdb_full_11578,ATDALMTGF_HLA-A*01:01,tcr16098,1
vdjdb_full_11606,ATDALMTGF_HLA-A*01:01,tcr16545,1
vdjdb_full_11598,ATDALMTGF_HLA-A*01:01,tcr5204,1
vdjdb_full_11551,ATDALMTGF_HLA-A*01:01,tcr3982,1
vdjdb_full_11547,ATDALMTGF_HLA-A*01:01,tcr9971,1
vdjdb_full_11581,ATDALMTGF_HLA-A*01:01,tcr64,1
vdjdb_full_11543,ATDALMTGF_HLA-A*01:01,tcr3034,1
vdjdb_full_11582,ATDALMTGF_HLA-A*01:01,tcr11930,1
vdjdb_full_11558,ATDALMTGF_HLA-A*01:01,tcr16849,1
vdjdb_full_11621,ATDALMTGF_HLA-A*01:01,tcr14461,1
vdjdb_full_11576,ATDALMTGF_HLA-A*01:01,tcr5551,1
vdjdb_full_11609,ATDALMTGF_HLA-A*01:01,tcr1460,1
vdjdb_full_11538,ATDALMTGF_HLA-A*01:01,tcr598,1
vdjdb_full_11555,ATDALMTGF_HLA-A*01:01,tcr944,1
vdjdb_full_11587,ATDALMTGF_HLA-A*01:01,tcr9033,1
vdjdb_full_11545,ATDALMTGF_HLA-A*01:01,tcr8617,1
vdjdb_full_11585,ATDALMTGF_HLA-A*01:01,tcr17586,1
vdjdb_full_11605,ATDALMTGF_HLA-A*01:01,tcr17402,1
vdjdb_full_11554,ATDALMTGF_HLA-A*01:01,tcr16932,1
vdjdb_full_11572,ATDALMTGF_HLA-A*01:01,tcr4144,1
vdjdb_full_11529,ATDALMTGF_HLA-A*01:01,tcr6862,1
vdjdb_full_11617,ATDALMTGF_HLA-A*01:01,tcr11076,1
vdjdb_full_11556,ATDALMTGF_HLA-A*01:01,tcr3272,1
vdjdb_full_10567,LTDEMIAQY_HLA-A*01:01,tcr640,1
vdjdb_full_10594,LTDEMIAQY_HLA-A*01:01,tcr4233,1
vdjdb_full_10587,LTDEMIAQY_HLA-A*01:01,tcr13013,1
vdjdb_full_10628,LTDEMIAQY_HLA-A*01:01,tcr278,1
vdjdb_full_10605,LTDEMIAQY_HLA-A*01:01,tcr15833,1
vdjdb_full_10642,LTDEMIAQY_HLA-A*01:01,tcr5278,1
vdjdb_full_10608,LTDEMIAQY_HLA-A*01:01,tcr14575,1
vdjdb_full_10678,LTDEMIAQY_HLA-A*01:01,tcr5910,1
vdjdb_full_10677,LTDEMIAQY_HLA-A*01:01,tcr14632,1
vdjdb_full_10551,LTDEMIAQY_HLA-A*01:01,tcr3427,1
vdjdb_full_10577,LTDEMIAQY_HLA-A*01:01,tcr2135,1
vdjdb_full_10654,LTDEMIAQY_HLA-A*01:01,tcr920,1
vdjdb_full_10596,LTDEMIAQY_HLA-A*01:01,tcr3080,1
vdjdb_full_10647,LTDEMIAQY_HLA-A*01:01,tcr14334,1
vdjdb_full_10568,LTDEMIAQY_HLA-A*01:01,tcr6471,1
vdjdb_full_10629,LTDEMIAQY_HLA-A*01:01,tcr16324,1
vdjdb_full_10558,LTDEMIAQY_HLA-A*01:01,tcr18035,1
vdjdb_full_10653,LTDEMIAQY_HLA-A*01:01,tcr16182,1
vdjdb_full_10559,LTDEMIAQY_HLA-A*01:01,tcr4761,1
vdjdb_full_10667,LTDEMIAQY_HLA-A*01:01,tcr4357,1
vdjdb_full_10599,LTDEMIAQY_HLA-A*01:01,tcr11940,1
vdjdb_full_10630,LTDEMIAQY_HLA-A*01:01,tcr10708,1
vdjdb_full_10546,LTDEMIAQY_HLA-A*01:01,tcr10649,1
vdjdb_full_10576,LTDEMIAQY_HLA-A*01:01,tcr8007,1
vdjdb_full_10581,LTDEMIAQY_HLA-A*01:01,tcr685,1
vdjdb_full_10619,LTDEMIAQY_HLA-A*01:01,tcr10595,1
vdjdb_full_10560,LTDEMIAQY_HLA-A*01:01,tcr44,1
vdjdb_full_10574,LTDEMIAQY_HLA-A*01:01,tcr10689,1
vdjdb_full_10597,LTDEMIAQY_HLA-A*01:01,tcr3269,1
vdjdb_full_10661,LTDEMIAQY_HLA-A*01:01,tcr13790,1
vdjdb_full_10641,LTDEMIAQY_HLA-A*01:01,tcr2619,1
vdjdb_full_10625,LTDEMIAQY_HLA-A*01:01,tcr3352,1
vdjdb_full_10616,LTDEMIAQY_HLA-A*01:01,tcr4899,1
vdjdb_full_10564,LTDEMIAQY_HLA-A*01:01,tcr5112,1
vdjdb_full_10665,LTDEMIAQY_HLA-A*01:01,tcr9812,1
vdjdb_full_10572,LTDEMIAQY_HLA-A*01:01,tcr856,1
vdjdb_full_10592,LTDEMIAQY_HLA-A*01:01,tcr13943,1
vdjdb_full_10633,LTDEMIAQY_HLA-A*01:01,tcr8631,1
vdjdb_full_10637,LTDEMIAQY_HLA-A*01:01,tcr6879,1
vdjdb_full_10580,LTDEMIAQY_HLA-A*01:01,tcr8783,1
vdjdb_full_10645,LTDEMIAQY_HLA-A*01:01,tcr18251,1
vdjdb_full_10607,LTDEMIAQY_HLA-A*01:01,tcr588,1
vdjdb_full_10557,LTDEMIAQY_HLA-A*01:01,tcr8162,1
vdjdb_full_10583,LTDEMIAQY_HLA-A*01:01,tcr13805,1
vdjdb_full_10614,LTDEMIAQY_HLA-A*01:01,tcr13081,1
vdjdb_full_10575,LTDEMIAQY_HLA-A*01:01,tcr4349,1
vdjdb_full_10673,LTDEMIAQY_HLA-A*01:01,tcr6311,1
vdjdb_full_10578,LTDEMIAQY_HLA-A*01:01,tcr4042,1
vdjdb_full_10618,LTDEMIAQY_HLA-A*01:01,tcr13004,1
vdjdb_full_10643,LTDEMIAQY_HLA-A*01:01,tcr9157,1
vdjdb_full_10552,LTDEMIAQY_HLA-A*01:01,tcr397,1
vdjdb_full_10617,LTDEMIAQY_HLA-A*01:01,tcr14510,1
vdjdb_full_10622,LTDEMIAQY_HLA-A*01:01,tcr6709,1
vdjdb_full_10590,LTDEMIAQY_HLA-A*01:01,tcr1116,1
vdjdb_full_10601,LTDEMIAQY_HLA-A*01:01,tcr5509,1
vdjdb_full_10585,LTDEMIAQY_HLA-A*01:01,tcr2187,1
vdjdb_full_10565,LTDEMIAQY_HLA-A*01:01,tcr635,1
vdjdb_full_10620,LTDEMIAQY_HLA-A*01:01,tcr8763,1
vdjdb_full_10584,LTDEMIAQY_HLA-A*01:01,tcr11980,1
vdjdb_full_10668,LTDEMIAQY_HLA-A*01:01,tcr3665,1
vdjdb_full_10554,LTDEMIAQY_HLA-A*01:01,tcr15612,1
vdjdb_full_10671,LTDEMIAQY_HLA-A*01:01,tcr1586,1
vdjdb_full_10595,LTDEMIAQY_HLA-A*01:01,tcr4667,1
vdjdb_full_10646,LTDEMIAQY_HLA-A*01:01,tcr11504,1
vdjdb_full_10621,LTDEMIAQY_HLA-A*01:01,tcr14638,1
vdjdb_full_10663,LTDEMIAQY_HLA-A*01:01,tcr17724,1
vdjdb_full_10658,LTDEMIAQY_HLA-A*01:01,tcr15051,1
vdjdb_full_10555,LTDEMIAQY_HLA-A*01:01,tcr8597,1
vdjdb_full_10562,LTDEMIAQY_HLA-A*01:01,tcr16247,1
vdjdb_full_10669,LTDEMIAQY_HLA-A*01:01,tcr14066,1
vdjdb_full_10550,LTDEMIAQY_HLA-A*01:01,tcr11369,1
vdjdb_full_10566,LTDEMIAQY_HLA-A*01:01,tcr3351,1
vdjdb_full_10589,LTDEMIAQY_HLA-A*01:01,tcr602,1
vdjdb_full_10624,LTDEMIAQY_HLA-A*01:01,tcr1101,1
vdjdb_full_10649,LTDEMIAQY_HLA-A*01:01,tcr17386,1
vdjdb_full_10553,LTDEMIAQY_HLA-A*01:01,tcr18270,1
vdjdb_full_10632,LTDEMIAQY_HLA-A*01:01,tcr12200,1
vdjdb_full_10675,LTDEMIAQY_HLA-A*01:01,tcr4407,1
vdjdb_full_10651,LTDEMIAQY_HLA-A*01:01,tcr15800,1
vdjdb_full_10606,LTDEMIAQY_HLA-A*01:01,tcr3012,1
vdjdb_full_10602,LTDEMIAQY_HLA-A*01:01,tcr14745,1
vdjdb_full_10635,LTDEMIAQY_HLA-A*01:01,tcr5749,1
vdjdb_full_10598,LTDEMIAQY_HLA-A*01:01,tcr17294,1
vdjdb_full_10636,LTDEMIAQY_HLA-A*01:01,tcr2826,1
vdjdb_full_10613,LTDEMIAQY_HLA-A*01:01,tcr10462,1
vdjdb_full_10676,LTDEMIAQY_HLA-A*01:01,tcr4124,1
vdjdb_full_10631,LTDEMIAQY_HLA-A*01:01,tcr7423,1
vdjdb_full_10650,LTDEMIAQY_HLA-A*01:01,tcr4402,1
vdjdb_full_10593,LTDEMIAQY_HLA-A*01:01,tcr6918,1
vdjdb_full_10610,LTDEMIAQY_HLA-A*01:01,tcr12979,1
vdjdb_full_10600,LTDEMIAQY_HLA-A*01:01,tcr2048,1
vdjdb_full_10640,LTDEMIAQY_HLA-A*01:01,tcr2131,1
vdjdb_full_10659,LTDEMIAQY_HLA-A*01:01,tcr2891,1
vdjdb_full_10609,LTDEMIAQY_HLA-A*01:01,tcr15164,1
vdjdb_full_10627,LTDEMIAQY_HLA-A*01:01,tcr383,1
vdjdb_full_10582,LTDEMIAQY_HLA-A*01:01,tcr6344,1
vdjdb_full_10670,LTDEMIAQY_HLA-A*01:01,tcr4006,1
vdjdb_full_10611,LTDEMIAQY_HLA-A*01:01,tcr7637,1
vdjdb_full_10615,LTDEMIAQY_HLA-A*01:01,tcr12027,1
vdjdb_full_10662,LTDEMIAQY_HLA-A*01:01,tcr15742,1
vdjdb_full_13467,FLYALALLL_HLA-A*02:01,tcr8299,1
vdjdb_full_13391,FLYALALLL_HLA-A*02:01,tcr13424,1
vdjdb_full_13427,FLYALALLL_HLA-A*02:01,tcr16460,1
vdjdb_full_13456,FLYALALLL_HLA-A*02:01,tcr7238,1
vdjdb_full_13397,FLYALALLL_HLA-A*02:01,tcr12100,1
vdjdb_full_13432,FLYALALLL_HLA-A*02:01,tcr11641,1
vdjdb_full_13457,FLYALALLL_HLA-A*02:01,tcr4595,1
vdjdb_full_13453,FLYALALLL_HLA-A*02:01,tcr9443,1
vdjdb_full_13434,FLYALALLL_HLA-A*02:01,tcr14231,1
vdjdb_full_13398,FLYALALLL_HLA-A*02:01,tcr3944,1
vdjdb_full_13485,FLYALALLL_HLA-A*02:01,tcr814,1
vdjdb_full_13423,FLYALALLL_HLA-A*02:01,tcr16609,1
vdjdb_full_13470,FLYALALLL_HLA-A*02:01,tcr1457,1
vdjdb_full_13498,FLYALALLL_HLA-A*02:01,tcr5702,1
vdjdb_full_13405,FLYALALLL_HLA-A*02:01,tcr10463,1
vdjdb_full_13387,FLYALALLL_HLA-A*02:01,tcr7531,1
vdjdb_full_13459,FLYALALLL_HLA-A*02:01,tcr3083,1
vdjdb_full_13413,FLYALALLL_HLA-A*02:01,tcr16130,1
vdjdb_full_13468,FLYALALLL_HLA-A*02:01,tcr11864,1
vdjdb_full_13440,FLYALALLL_HLA-A*02:01,tcr9125,1
vdjdb_full_13491,FLYALALLL_HLA-A*02:01,tcr10394,1
vdjdb_full_13478,FLYALALLL_HLA-A*02:01,tcr13056,1
vdjdb_full_13399,FLYALALLL_HLA-A*02:01,tcr476,1
vdjdb_full_13418,FLYALALLL_HLA-A*02:01,tcr7368,1
vdjdb_full_13454,FLYALALLL_HLA-A*02:01,tcr2289,1
vdjdb_full_13497,FLYALALLL_HLA-A*02:01,tcr8541,1
vdjdb_full_13494,FLYALALLL_HLA-A*02:01,tcr9253,1
vdjdb_full_13409,FLYALALLL_HLA-A*02:01,tcr10128,1
vdjdb_full_13431,FLYALALLL_HLA-A*02:01,tcr13311,1
vdjdb_full_13495,FLYALALLL_HLA-A*02:01,tcr18103,1
vdjdb_full_13465,FLYALALLL_HLA-A*02:01,tcr14550,1
vdjdb_full_13402,FLYALALLL_HLA-A*02:01,tcr2728,1
vdjdb_full_13417,FLYALALLL_HLA-A*02:01,tcr5850,1
vdjdb_full_13490,FLYALALLL_HLA-A*02:01,tcr17769,1
vdjdb_full_13396,FLYALALLL_HLA-A*02:01,tcr7611,1
vdjdb_full_13420,FLYALALLL_HLA-A*02:01,tcr17340,1
vdjdb_full_13449,FLYALALLL_HLA-A*02:01,tcr12622,1
vdjdb_full_13452,FLYALALLL_HLA-A*02:01,tcr10712,1
vdjdb_full_13415,FLYALALLL_HLA-A*02:01,tcr7223,1
vdjdb_full_13429,FLYALALLL_HLA-A*02:01,tcr10927,1
vdjdb_full_13392,FLYALALLL_HLA-A*02:01,tcr656,1
vdjdb_full_13442,FLYALALLL_HLA-A*02:01,tcr15248,1
vdjdb_full_13451,FLYALALLL_HLA-A*02:01,tcr14471,1
vdjdb_full_13426,FLYALALLL_HLA-A*02:01,tcr9351,1
vdjdb_full_13422,FLYALALLL_HLA-A*02:01,tcr17834,1
vdjdb_full_13403,FLYALALLL_HLA-A*02:01,tcr12535,1
vdjdb_full_13487,FLYALALLL_HLA-A*02:01,tcr10574,1
vdjdb_full_13421,FLYALALLL_HLA-A*02:01,tcr6007,1
vdjdb_full_13443,FLYALALLL_HLA-A*02:01,tcr8217,1
vdjdb_full_13394,FLYALALLL_HLA-A*02:01,tcr15961,1
vdjdb_full_13430,FLYALALLL_HLA-A*02:01,tcr16377,1
vdjdb_full_13455,FLYALALLL_HLA-A*02:01,tcr15506,1
vdjdb_full_13472,FLYALALLL_HLA-A*02:01,tcr9538,1
vdjdb_full_13414,FLYALALLL_HLA-A*02:01,tcr8732,1
vdjdb_full_13406,FLYALALLL_HLA-A*02:01,tcr2459,1
vdjdb_full_13477,FLYALALLL_HLA-A*02:01,tcr575,1
vdjdb_full_13482,FLYALALLL_HLA-A*02:01,tcr7206,1
vdjdb_full_13412,FLYALALLL_HLA-A*02:01,tcr16310,1
vdjdb_full_13395,FLYALALLL_HLA-A*02:01,tcr17633,1
vdjdb_full_13471,FLYALALLL_HLA-A*02:01,tcr8949,1
vdjdb_full_13436,FLYALALLL_HLA-A*02:01,tcr11721,1
vdjdb_full_13400,FLYALALLL_HLA-A*02:01,tcr13534,1
vdjdb_full_13466,FLYALALLL_HLA-A*02:01,tcr9572,1
vdjdb_full_13411,FLYALALLL_HLA-A*02:01,tcr16542,1
vdjdb_full_13390,FLYALALLL_HLA-A*02:01,tcr5425,1
vdjdb_full_13404,FLYALALLL_HLA-A*02:01,tcr1368,1
vdjdb_full_13425,FLYALALLL_HLA-A*02:01,tcr11775,1
vdjdb_full_13480,FLYALALLL_HLA-A*02:01,tcr14748,1
vdjdb_full_13393,FLYALALLL_HLA-A*02:01,tcr1334,1
vdjdb_full_13460,FLYALALLL_HLA-A*02:01,tcr16293,1
vdjdb_full_13484,FLYALALLL_HLA-A*02:01,tcr723,1
vdjdb_full_13476,FLYALALLL_HLA-A*02:01,tcr2747,1
vdjdb_full_13441,FLYALALLL_HLA-A*02:01,tcr16427,1
vdjdb_full_13437,FLYALALLL_HLA-A*02:01,tcr4424,1
vdjdb_full_13463,FLYALALLL_HLA-A*02:01,tcr3136,1
vdjdb_full_13433,FLYALALLL_HLA-A*02:01,tcr10766,1
vdjdb_full_13464,FLYALALLL_HLA-A*02:01,tcr11610,1
vdjdb_full_13448,FLYALALLL_HLA-A*02:01,tcr4030,1
vdjdb_full_13496,FLYALALLL_HLA-A*02:01,tcr17472,1
vdjdb_full_13475,FLYALALLL_HLA-A*02:01,tcr10681,1
vdjdb_full_13428,FLYALALLL_HLA-A*02:01,tcr17357,1
vdjdb_full_13445,FLYALALLL_HLA-A*02:01,tcr7865,1
vdjdb_full_13435,FLYALALLL_HLA-A*02:01,tcr7864,1
vdjdb_full_13483,FLYALALLL_HLA-A*02:01,tcr14385,1
vdjdb_full_13444,FLYALALLL_HLA-A*02:01,tcr3063,1
vdjdb_full_13462,FLYALALLL_HLA-A*02:01,tcr6411,1
vdjdb_full_13419,FLYALALLL_HLA-A*02:01,tcr14090,1
vdjdb_full_13492,FLYALALLL_HLA-A*02:01,tcr17247,1
vdjdb_full_13446,FLYALALLL_HLA-A*02:01,tcr7572,1
vdjdb_full_13450,FLYALALLL_HLA-A*02:01,tcr7095,1
vdjdb_full_13481,FLYALALLL_HLA-A*02:01,tcr17087,1
vdjdb_full_13424,FLYALALLL_HLA-A*02:01,tcr372,1
vdjdb_full_13416,FLYALALLL_HLA-A*02:01,tcr8843,1
vdjdb_full_13486,FLYALALLL_HLA-A*02:01,tcr4611,1
vdjdb_full_13388,FLYALALLL_HLA-A*02:01,tcr15268,1
vdjdb_full_13439,FLYALALLL_HLA-A*02:01,tcr1182,1
vdjdb_full_13408,FLYALALLL_HLA-A*02:01,tcr16079,1
vdjdb_full_13389,FLYALALLL_HLA-A*02:01,tcr5984,1
vdjdb_full_13410,FLYALALLL_HLA-A*02:01,tcr3073,1
vdjdb_full_13474,FLYALALLL_HLA-A*02:01,tcr12663,1
vdjdb_full_15944,KSKRTPMGF_HLA-B*57:01,tcr12273,1
vdjdb_full_15871,KSKRTPMGF_HLA-B*57:01,tcr10343,1
vdjdb_full_15865,KSKRTPMGF_HLA-B*57:01,tcr6073,1
vdjdb_full_15950,KSKRTPMGF_HLA-B*57:01,tcr13315,1
vdjdb_full_15930,KSKRTPMGF_HLA-B*57:01,tcr17316,1
vdjdb_full_15934,KSKRTPMGF_HLA-B*57:01,tcr18346,1
vdjdb_full_15894,KSKRTPMGF_HLA-B*57:01,tcr309,1
vdjdb_full_15909,KSKRTPMGF_HLA-B*57:01,tcr10324,1
vdjdb_full_15963,KSKRTPMGF_HLA-B*57:01,tcr17308,1
vdjdb_full_15872,KSKRTPMGF_HLA-B*57:01,tcr4181,1
vdjdb_full_15945,KSKRTPMGF_HLA-B*57:01,tcr14500,1
vdjdb_full_15946,KSKRTPMGF_HLA-B*57:01,tcr6823,1
vdjdb_full_15861,KSKRTPMGF_HLA-B*57:01,tcr2626,1
vdjdb_full_15947,KSKRTPMGF_HLA-B*57:01,tcr9790,1
vdjdb_full_15880,KSKRTPMGF_HLA-B*57:01,tcr11874,1
vdjdb_full_15936,KSKRTPMGF_HLA-B*57:01,tcr11556,1
vdjdb_full_15921,KSKRTPMGF_HLA-B*57:01,tcr18222,1
vdjdb_full_15938,KSKRTPMGF_HLA-B*57:01,tcr1165,1
vdjdb_full_15974,KSKRTPMGF_HLA-B*57:01,tcr5148,1
vdjdb_full_15906,KSKRTPMGF_HLA-B*57:01,tcr888,1
vdjdb_full_15873,KSKRTPMGF_HLA-B*57:01,tcr1820,1
vdjdb_full_15900,KSKRTPMGF_HLA-B*57:01,tcr2683,1
vdjdb_full_15931,KSKRTPMGF_HLA-B*57:01,tcr1273,1
vdjdb_full_15888,KSKRTPMGF_HLA-B*57:01,tcr14969,1
vdjdb_full_15884,KSKRTPMGF_HLA-B*57:01,tcr14506,1
vdjdb_full_15895,KSKRTPMGF_HLA-B*57:01,tcr7137,1
vdjdb_full_15912,KSKRTPMGF_HLA-B*57:01,tcr9254,1
vdjdb_full_15942,KSKRTPMGF_HLA-B*57:01,tcr13450,1
vdjdb_full_15877,KSKRTPMGF_HLA-B*57:01,tcr14723,1
vdjdb_full_15908,KSKRTPMGF_HLA-B*57:01,tcr12308,1
vdjdb_full_15955,KSKRTPMGF_HLA-B*57:01,tcr5961,1
vdjdb_full_15956,KSKRTPMGF_HLA-B*57:01,tcr13034,1
vdjdb_full_15870,KSKRTPMGF_HLA-B*57:01,tcr4431,1
vdjdb_full_15897,KSKRTPMGF_HLA-B*57:01,tcr9872,1
vdjdb_full_15920,KSKRTPMGF_HLA-B*57:01,tcr6046,1
vdjdb_full_15935,KSKRTPMGF_HLA-B*57:01,tcr12574,1
vdjdb_full_15890,KSKRTPMGF_HLA-B*57:01,tcr2436,1
vdjdb_full_15904,KSKRTPMGF_HLA-B*57:01,tcr6738,1
vdjdb_full_15866,KSKRTPMGF_HLA-B*57:01,tcr11798,1
vdjdb_full_15918,KSKRTPMGF_HLA-B*57:01,tcr3536,1
vdjdb_full_15928,KSKRTPMGF_HLA-B*57:01,tcr12720,1
vdjdb_full_15903,KSKRTPMGF_HLA-B*57:01,tcr15063,1
vdjdb_full_15899,KSKRTPMGF_HLA-B*57:01,tcr3290,1
vdjdb_full_15878,KSKRTPMGF_HLA-B*57:01,tcr12420,1
vdjdb_full_15970,KSKRTPMGF_HLA-B*57:01,tcr5370,1
vdjdb_full_15898,KSKRTPMGF_HLA-B*57:01,tcr6804,1
vdjdb_full_15933,KSKRTPMGF_HLA-B*57:01,tcr12561,1
vdjdb_full_15868,KSKRTPMGF_HLA-B*57:01,tcr14190,1
vdjdb_full_15907,KSKRTPMGF_HLA-B*57:01,tcr5066,1
vdjdb_full_15932,KSKRTPMGF_HLA-B*57:01,tcr16820,1
vdjdb_full_15939,KSKRTPMGF_HLA-B*57:01,tcr18331,1
vdjdb_full_15889,KSKRTPMGF_HLA-B*57:01,tcr15345,1
vdjdb_full_15881,KSKRTPMGF_HLA-B*57:01,tcr1976,1
vdjdb_full_15954,KSKRTPMGF_HLA-B*57:01,tcr10718,1
vdjdb_full_15960,KSKRTPMGF_HLA-B*57:01,tcr9979,1
vdjdb_full_15887,KSKRTPMGF_HLA-B*57:01,tcr16531,1
vdjdb_full_15869,KSKRTPMGF_HLA-B*57:01,tcr10464,1
vdjdb_full_15968,KSKRTPMGF_HLA-B*57:01,tcr15744,1
vdjdb_full_15914,KSKRTPMGF_HLA-B*57:01,tcr12213,1
vdjdb_full_15874,KSKRTPMGF_HLA-B*57:01,tcr6163,1
vdjdb_full_15943,KSKRTPMGF_HLA-B*57:01,tcr16081,1
vdjdb_full_15886,KSKRTPMGF_HLA-B*57:01,tcr12707,1
vdjdb_full_15864,KSKRTPMGF_HLA-B*57:01,tcr7274,1
vdjdb_full_15879,KSKRTPMGF_HLA-B*57:01,tcr1190,1
vdjdb_full_15902,KSKRTPMGF_HLA-B*57:01,tcr15521,1
vdjdb_full_15951,KSKRTPMGF_HLA-B*57:01,tcr14454,1
vdjdb_full_15867,KSKRTPMGF_HLA-B*57:01,tcr13641,1
vdjdb_full_15971,KSKRTPMGF_HLA-B*57:01,tcr207,1
vdjdb_full_15962,KSKRTPMGF_HLA-B*57:01,tcr4978,1
vdjdb_full_15957,KSKRTPMGF_HLA-B*57:01,tcr6359,1
vdjdb_full_15919,KSKRTPMGF_HLA-B*57:01,tcr11174,1
vdjdb_full_15915,KSKRTPMGF_HLA-B*57:01,tcr4831,1
vdjdb_full_15965,KSKRTPMGF_HLA-B*57:01,tcr2889,1
vdjdb_full_15910,KSKRTPMGF_HLA-B*57:01,tcr2248,1
vdjdb_full_15949,KSKRTPMGF_HLA-B*57:01,tcr1763,1
vdjdb_full_15927,KSKRTPMGF_HLA-B*57:01,tcr12011,1
vdjdb_full_15972,KSKRTPMGF_HLA-B*57:01,tcr6055,1
vdjdb_full_15967,KSKRTPMGF_HLA-B*57:01,tcr182,1
vdjdb_full_15905,KSKRTPMGF_HLA-B*57:01,tcr1504,1
vdjdb_full_15923,KSKRTPMGF_HLA-B*57:01,tcr15444,1
vdjdb_full_15913,KSKRTPMGF_HLA-B*57:01,tcr6222,1
vdjdb_full_15961,KSKRTPMGF_HLA-B*57:01,tcr12275,1
vdjdb_full_15922,KSKRTPMGF_HLA-B*57:01,tcr16835,1
vdjdb_full_15941,KSKRTPMGF_HLA-B*57:01,tcr6095,1
vdjdb_full_15896,KSKRTPMGF_HLA-B*57:01,tcr2173,1
vdjdb_full_15975,KSKRTPMGF_HLA-B*57:01,tcr3524,1
vdjdb_full_15925,KSKRTPMGF_HLA-B*57:01,tcr8704,1
vdjdb_full_15929,KSKRTPMGF_HLA-B*57:01,tcr12625,1
vdjdb_full_15973,KSKRTPMGF_HLA-B*57:01,tcr4818,1
vdjdb_full_15901,KSKRTPMGF_HLA-B*57:01,tcr17519,1
vdjdb_full_15892,KSKRTPMGF_HLA-B*57:01,tcr11462,1
vdjdb_full_15964,KSKRTPMGF_HLA-B*57:01,tcr11786,1
vdjdb_full_15862,KSKRTPMGF_HLA-B*57:01,tcr2802,1
vdjdb_full_15917,KSKRTPMGF_HLA-B*57:01,tcr13605,1
vdjdb_full_15883,KSKRTPMGF_HLA-B*57:01,tcr6596,1
vdjdb_full_15863,KSKRTPMGF_HLA-B*57:01,tcr15984,1
vdjdb_full_15885,KSKRTPMGF_HLA-B*57:01,tcr8483,1
vdjdb_full_15953,KSKRTPMGF_HLA-B*57:01,tcr14804,1
vdjdb_full_15966,KSKRTPMGF_HLA-B*57:01,tcr16935,1
vdjdb_full_15940,KSKRTPMGF_HLA-B*57:01,tcr17714,1
vdjdb_full_13638,KTFPPTEPK_HLA-A*03:01,tcr6014,1
vdjdb_full_13566,KTFPPTEPK_HLA-A*03:01,tcr3756,1
vdjdb_full_13560,KTFPPTEPK_HLA-A*03:01,tcr14974,1
vdjdb_full_13644,KTFPPTEPK_HLA-A*03:01,tcr18379,1
vdjdb_full_13619,KTFPPTEPK_HLA-A*03:01,tcr6402,1
vdjdb_full_13625,KTFPPTEPK_HLA-A*03:01,tcr4476,1
vdjdb_full_13586,KTFPPTEPK_HLA-A*03:01,tcr12224,1
vdjdb_full_13601,KTFPPTEPK_HLA-A*03:01,tcr11628,1
vdjdb_full_13656,KTFPPTEPK_HLA-A*03:01,tcr5147,1
vdjdb_full_13567,KTFPPTEPK_HLA-A*03:01,tcr15656,1
vdjdb_full_13642,KTFPPTEPK_HLA-A*03:01,tcr847,1
vdjdb_full_13640,KTFPPTEPK_HLA-A*03:01,tcr10768,1
vdjdb_full_13556,KTFPPTEPK_HLA-A*03:01,tcr7929,1
vdjdb_full_13641,KTFPPTEPK_HLA-A*03:01,tcr11424,1
vdjdb_full_13574,KTFPPTEPK_HLA-A*03:01,tcr13815,1
vdjdb_full_13627,KTFPPTEPK_HLA-A*03:01,tcr3014,1
vdjdb_full_13612,KTFPPTEPK_HLA-A*03:01,tcr10616,1
vdjdb_full_13637,KTFPPTEPK_HLA-A*03:01,tcr11624,1
vdjdb_full_13668,KTFPPTEPK_HLA-A*03:01,tcr14023,1
vdjdb_full_13598,KTFPPTEPK_HLA-A*03:01,tcr17496,1
vdjdb_full_13568,KTFPPTEPK_HLA-A*03:01,tcr12957,1
vdjdb_full_13592,KTFPPTEPK_HLA-A*03:01,tcr18258,1
vdjdb_full_13621,KTFPPTEPK_HLA-A*03:01,tcr13104,1
vdjdb_full_13582,KTFPPTEPK_HLA-A*03:01,tcr3726,1
vdjdb_full_13578,KTFPPTEPK_HLA-A*03:01,tcr3143,1
vdjdb_full_13587,KTFPPTEPK_HLA-A*03:01,tcr6489,1
vdjdb_full_13603,KTFPPTEPK_HLA-A*03:01,tcr16167,1
vdjdb_full_13662,KTFPPTEPK_HLA-A*03:01,tcr16187,1
vdjdb_full_13571,KTFPPTEPK_HLA-A*03:01,tcr1438,1
vdjdb_full_13600,KTFPPTEPK_HLA-A*03:01,tcr15500,1
vdjdb_full_13649,KTFPPTEPK_HLA-A*03:01,tcr7832,1
vdjdb_full_13650,KTFPPTEPK_HLA-A*03:01,tcr8288,1
vdjdb_full_13565,KTFPPTEPK_HLA-A*03:01,tcr1292,1
vdjdb_full_13589,KTFPPTEPK_HLA-A*03:01,tcr17476,1
vdjdb_full_13611,KTFPPTEPK_HLA-A*03:01,tcr3685,1
vdjdb_full_13665,KTFPPTEPK_HLA-A*03:01,tcr8507,1
vdjdb_full_13584,KTFPPTEPK_HLA-A*03:01,tcr5076,1
vdjdb_full_13596,KTFPPTEPK_HLA-A*03:01,tcr6584,1
vdjdb_full_13561,KTFPPTEPK_HLA-A*03:01,tcr8490,1
vdjdb_full_13609,KTFPPTEPK_HLA-A*03:01,tcr10551,1
vdjdb_full_19289,KTFPPTEPK_HLA-A*11:01,tcr4691,1
vdjdb_full_13595,KTFPPTEPK_HLA-A*03:01,tcr11632,1
vdjdb_full_13591,KTFPPTEPK_HLA-A*03:01,tcr9219,1
vdjdb_full_13572,KTFPPTEPK_HLA-A*03:01,tcr9623,1
vdjdb_full_13639,KTFPPTEPK_HLA-A*03:01,tcr9561,1
vdjdb_full_13590,KTFPPTEPK_HLA-A*03:01,tcr257,1
vdjdb_full_13624,KTFPPTEPK_HLA-A*03:01,tcr17925,1
vdjdb_full_13563,KTFPPTEPK_HLA-A*03:01,tcr4045,1
vdjdb_full_13599,KTFPPTEPK_HLA-A*03:01,tcr10011,1
vdjdb_full_13623,KTFPPTEPK_HLA-A*03:01,tcr10970,1
vdjdb_full_13631,KTFPPTEPK_HLA-A*03:01,tcr8345,1
vdjdb_full_13583,KTFPPTEPK_HLA-A*03:01,tcr5558,1
vdjdb_full_13575,KTFPPTEPK_HLA-A*03:01,tcr16763,1
vdjdb_full_13651,KTFPPTEPK_HLA-A*03:01,tcr5484,1
vdjdb_full_13667,KTFPPTEPK_HLA-A*03:01,tcr2723,1
vdjdb_full_13581,KTFPPTEPK_HLA-A*03:01,tcr16165,1
vdjdb_full_13626,KTFPPTEPK_HLA-A*03:01,tcr3152,1
vdjdb_full_13605,KTFPPTEPK_HLA-A*03:01,tcr9011,1
vdjdb_full_13569,KTFPPTEPK_HLA-A*03:01,tcr4298,1
vdjdb_full_13580,KTFPPTEPK_HLA-A*03:01,tcr1782,1
vdjdb_full_13559,KTFPPTEPK_HLA-A*03:01,tcr3532,1
vdjdb_full_13573,KTFPPTEPK_HLA-A*03:01,tcr2900,1
vdjdb_full_13594,KTFPPTEPK_HLA-A*03:01,tcr12191,1
vdjdb_full_13564,KTFPPTEPK_HLA-A*03:01,tcr89,1
vdjdb_full_13645,KTFPPTEPK_HLA-A*03:01,tcr14879,1
vdjdb_full_13562,KTFPPTEPK_HLA-A*03:01,tcr12037,1
vdjdb_full_13628,KTFPPTEPK_HLA-A*03:01,tcr17523,1
vdjdb_full_13655,KTFPPTEPK_HLA-A*03:01,tcr17037,1
vdjdb_full_13661,KTFPPTEPK_HLA-A*03:01,tcr9335,1
vdjdb_full_13610,KTFPPTEPK_HLA-A*03:01,tcr14882,1
vdjdb_full_13606,KTFPPTEPK_HLA-A*03:01,tcr15400,1
vdjdb_full_13633,KTFPPTEPK_HLA-A*03:01,tcr157,1
vdjdb_full_13602,KTFPPTEPK_HLA-A*03:01,tcr7342,1
vdjdb_full_13658,KTFPPTEPK_HLA-A*03:01,tcr10666,1
vdjdb_full_13618,KTFPPTEPK_HLA-A*03:01,tcr7703,1
vdjdb_full_13666,KTFPPTEPK_HLA-A*03:01,tcr16637,1
vdjdb_full_13646,KTFPPTEPK_HLA-A*03:01,tcr13625,1
vdjdb_full_13597,KTFPPTEPK_HLA-A*03:01,tcr14477,1
vdjdb_full_13615,KTFPPTEPK_HLA-A*03:01,tcr2587,1
vdjdb_full_13604,KTFPPTEPK_HLA-A*03:01,tcr14523,1
vdjdb_full_13654,KTFPPTEPK_HLA-A*03:01,tcr11204,1
vdjdb_full_13613,KTFPPTEPK_HLA-A*03:01,tcr8399,1
vdjdb_full_13636,KTFPPTEPK_HLA-A*03:01,tcr15573,1
vdjdb_full_13588,KTFPPTEPK_HLA-A*03:01,tcr17903,1
vdjdb_full_13663,KTFPPTEPK_HLA-A*03:01,tcr14270,1
vdjdb_full_13616,KTFPPTEPK_HLA-A*03:01,tcr14196,1
vdjdb_full_13620,KTFPPTEPK_HLA-A*03:01,tcr14786,1
vdjdb_full_13652,KTFPPTEPK_HLA-A*03:01,tcr11811,1
vdjdb_full_13593,KTFPPTEPK_HLA-A*03:01,tcr14583,1
vdjdb_full_13585,KTFPPTEPK_HLA-A*03:01,tcr10987,1
vdjdb_full_13657,KTFPPTEPK_HLA-A*03:01,tcr12015,1
vdjdb_full_13557,KTFPPTEPK_HLA-A*03:01,tcr524,1
vdjdb_full_13608,KTFPPTEPK_HLA-A*03:01,tcr11454,1
vdjdb_full_13577,KTFPPTEPK_HLA-A*03:01,tcr3868,1
vdjdb_full_13558,KTFPPTEPK_HLA-A*03:01,tcr10082,1
vdjdb_full_13579,KTFPPTEPK_HLA-A*03:01,tcr8225,1
vdjdb_full_13648,KTFPPTEPK_HLA-A*03:01,tcr3674,1
vdjdb_full_13659,KTFPPTEPK_HLA-A*03:01,tcr2991,1
vdjdb_full_13634,KTFPPTEPK_HLA-A*03:01,tcr4409,1
vdjdb_full_13647,KTFPPTEPK_HLA-A*03:01,tcr13706,1
vdjdb_full_13152,DATYQRTRALVR_HLA-A*68:01,tcr8386,1
vdjdb_full_13153,DATYQRTRALVR_HLA-A*68:01,tcr12299,1
vdjdb_full_13154,DATYQRTRALVR_HLA-A*68:01,tcr11843,1
vdjdb_full_13155,DATYQRTRALVR_HLA-A*68:01,tcr10481,1
vdjdb_full_13156,DATYQRTRALVR_HLA-A*68:01,tcr2916,1
vdjdb_full_13157,DATYQRTRALVR_HLA-A*68:01,tcr12466,1
vdjdb_full_13158,DATYQRTRALVR_HLA-A*68:01,tcr10596,1
vdjdb_full_13159,DATYQRTRALVR_HLA-A*68:01,tcr1046,1
vdjdb_full_13160,DATYQRTRALVR_HLA-A*68:01,tcr10053,1
vdjdb_full_13161,DATYQRTRALVR_HLA-A*68:01,tcr7905,1
vdjdb_full_13162,DATYQRTRALVR_HLA-A*68:01,tcr17618,1
vdjdb_full_13163,DATYQRTRALVR_HLA-A*68:01,tcr8109,1
vdjdb_full_13164,DATYQRTRALVR_HLA-A*68:01,tcr532,1
vdjdb_full_13165,DATYQRTRALVR_HLA-A*68:01,tcr15788,1
vdjdb_full_13166,DATYQRTRALVR_HLA-A*68:01,tcr14645,1
vdjdb_full_13167,DATYQRTRALVR_HLA-A*68:01,tcr1866,1
vdjdb_full_13168,DATYQRTRALVR_HLA-A*68:01,tcr7702,1
vdjdb_full_13169,DATYQRTRALVR_HLA-A*68:01,tcr2672,1
vdjdb_full_13170,DATYQRTRALVR_HLA-A*68:01,tcr11863,1
vdjdb_full_13171,DATYQRTRALVR_HLA-A*68:01,tcr16116,1
vdjdb_full_13172,DATYQRTRALVR_HLA-A*68:01,tcr12234,1
vdjdb_full_13173,DATYQRTRALVR_HLA-A*68:01,tcr3963,1
vdjdb_full_13174,DATYQRTRALVR_HLA-A*68:01,tcr46,1
vdjdb_full_13176,DATYQRTRALVR_HLA-A*68:01,tcr79,1
vdjdb_full_13177,DATYQRTRALVR_HLA-A*68:01,tcr8762,1
vdjdb_full_13178,DATYQRTRALVR_HLA-A*68:01,tcr16102,1
vdjdb_full_13179,DATYQRTRALVR_HLA-A*68:01,tcr8371,1
vdjdb_full_13180,DATYQRTRALVR_HLA-A*68:01,tcr16816,1
vdjdb_full_13182,DATYQRTRALVR_HLA-A*68:01,tcr474,1
vdjdb_full_13183,DATYQRTRALVR_HLA-A*68:01,tcr15020,1
vdjdb_full_13184,DATYQRTRALVR_HLA-A*68:01,tcr11760,1
vdjdb_full_13185,DATYQRTRALVR_HLA-A*68:01,tcr7393,1
vdjdb_full_13186,DATYQRTRALVR_HLA-A*68:01,tcr13709,1
vdjdb_full_13187,DATYQRTRALVR_HLA-A*68:01,tcr6484,1
vdjdb_full_13188,DATYQRTRALVR_HLA-A*68:01,tcr4146,1
vdjdb_full_13189,DATYQRTRALVR_HLA-A*68:01,tcr17046,1
vdjdb_full_13190,DATYQRTRALVR_HLA-A*68:01,tcr3875,1
vdjdb_full_13191,DATYQRTRALVR_HLA-A*68:01,tcr6026,1
vdjdb_full_13192,DATYQRTRALVR_HLA-A*68:01,tcr9002,1
vdjdb_full_13193,DATYQRTRALVR_HLA-A*68:01,tcr11872,1
vdjdb_full_13195,DATYQRTRALVR_HLA-A*68:01,tcr4099,1
vdjdb_full_13196,DATYQRTRALVR_HLA-A*68:01,tcr15221,1
vdjdb_full_13197,DATYQRTRALVR_HLA-A*68:01,tcr15441,1
vdjdb_full_13198,DATYQRTRALVR_HLA-A*68:01,tcr15246,1
vdjdb_full_13199,DATYQRTRALVR_HLA-A*68:01,tcr5279,1
vdjdb_full_13200,DATYQRTRALVR_HLA-A*68:01,tcr5519,1
vdjdb_full_13201,DATYQRTRALVR_HLA-A*68:01,tcr12301,1
vdjdb_full_13202,DATYQRTRALVR_HLA-A*68:01,tcr7676,1
vdjdb_full_13203,DATYQRTRALVR_HLA-A*68:01,tcr4256,1
vdjdb_full_13204,DATYQRTRALVR_HLA-A*68:01,tcr8639,1
vdjdb_full_13205,DATYQRTRALVR_HLA-A*68:01,tcr14239,1
vdjdb_full_13206,DATYQRTRALVR_HLA-A*68:01,tcr17069,1
vdjdb_full_13207,DATYQRTRALVR_HLA-A*68:01,tcr10124,1
vdjdb_full_13208,DATYQRTRALVR_HLA-A*68:01,tcr3636,1
vdjdb_full_13209,DATYQRTRALVR_HLA-A*68:01,tcr2534,1
vdjdb_full_13210,DATYQRTRALVR_HLA-A*68:01,tcr6070,1
vdjdb_full_13211,DATYQRTRALVR_HLA-A*68:01,tcr12647,1
vdjdb_full_13212,DATYQRTRALVR_HLA-A*68:01,tcr9415,1
vdjdb_full_13213,DATYQRTRALVR_HLA-A*68:01,tcr9052,1
vdjdb_full_13214,DATYQRTRALVR_HLA-A*68:01,tcr12031,1
vdjdb_full_13215,DATYQRTRALVR_HLA-A*68:01,tcr13531,1
vdjdb_full_13216,DATYQRTRALVR_HLA-A*68:01,tcr16337,1
vdjdb_full_13217,DATYQRTRALVR_HLA-A*68:01,tcr11915,1
vdjdb_full_13218,DATYQRTRALVR_HLA-A*68:01,tcr14983,1
vdjdb_full_13219,DATYQRTRALVR_HLA-A*68:01,tcr8526,1
vdjdb_full_13220,DATYQRTRALVR_HLA-A*68:01,tcr13125,1
vdjdb_full_13221,DATYQRTRALVR_HLA-A*68:01,tcr4189,1
vdjdb_full_13222,DATYQRTRALVR_HLA-A*68:01,tcr9457,1
vdjdb_full_13223,DATYQRTRALVR_HLA-A*68:01,tcr12913,1
vdjdb_full_13224,DATYQRTRALVR_HLA-A*68:01,tcr5087,1
vdjdb_full_13225,DATYQRTRALVR_HLA-A*68:01,tcr8588,1
vdjdb_full_13226,DATYQRTRALVR_HLA-A*68:01,tcr5897,1
vdjdb_full_13227,DATYQRTRALVR_HLA-A*68:01,tcr12502,1
vdjdb_full_13228,DATYQRTRALVR_HLA-A*68:01,tcr14198,1
vdjdb_full_13229,DATYQRTRALVR_HLA-A*68:01,tcr3041,1
vdjdb_full_13230,DATYQRTRALVR_HLA-A*68:01,tcr10391,1
vdjdb_full_13231,DATYQRTRALVR_HLA-A*68:01,tcr17969,1
vdjdb_full_13232,DATYQRTRALVR_HLA-A*68:01,tcr3815,1
vdjdb_full_13233,DATYQRTRALVR_HLA-A*68:01,tcr15021,1
vdjdb_full_13234,DATYQRTRALVR_HLA-A*68:01,tcr8410,1
vdjdb_full_13235,DATYQRTRALVR_HLA-A*68:01,tcr6600,1
vdjdb_full_13236,DATYQRTRALVR_HLA-A*68:01,tcr10201,1
vdjdb_full_13237,DATYQRTRALVR_HLA-A*68:01,tcr16756,1
vdjdb_full_13238,DATYQRTRALVR_HLA-A*68:01,tcr16942,1
vdjdb_full_13239,DATYQRTRALVR_HLA-A*68:01,tcr16701,1
vdjdb_full_13240,DATYQRTRALVR_HLA-A*68:01,tcr9959,1
vdjdb_full_13241,DATYQRTRALVR_HLA-A*68:01,tcr4412,1
vdjdb_full_13242,DATYQRTRALVR_HLA-A*68:01,tcr17528,1
vdjdb_full_13243,DATYQRTRALVR_HLA-A*68:01,tcr11273,1
vdjdb_full_13244,DATYQRTRALVR_HLA-A*68:01,tcr7755,1
vdjdb_full_13245,DATYQRTRALVR_HLA-A*68:01,tcr15186,1
vdjdb_full_13246,DATYQRTRALVR_HLA-A*68:01,tcr13407,1
vdjdb_full_14615,CTELKLSDY_HLA-A*01:01,tcr15232,1
vdjdb_full_14616,CTELKLSDY_HLA-A*01:01,tcr8373,1
vdjdb_full_14617,CTELKLSDY_HLA-A*01:01,tcr6449,1
vdjdb_full_14618,CTELKLSDY_HLA-A*01:01,tcr7708,1
vdjdb_full_14619,CTELKLSDY_HLA-A*01:01,tcr15219,1
vdjdb_full_14620,CTELKLSDY_HLA-A*01:01,tcr11011,1
vdjdb_full_14621,CTELKLSDY_HLA-A*01:01,tcr5565,1
vdjdb_full_14622,CTELKLSDY_HLA-A*01:01,tcr15170,1
vdjdb_full_14623,CTELKLSDY_HLA-A*01:01,tcr48,1
vdjdb_full_14624,CTELKLSDY_HLA-A*01:01,tcr11625,1
vdjdb_full_14625,CTELKLSDY_HLA-A*01:01,tcr15966,1
vdjdb_full_14626,CTELKLSDY_HLA-A*01:01,tcr11046,1
vdjdb_full_14627,CTELKLSDY_HLA-A*01:01,tcr335,1
vdjdb_full_14628,CTELKLSDY_HLA-A*01:01,tcr16786,1
vdjdb_full_14629,CTELKLSDY_HLA-A*01:01,tcr16528,1
vdjdb_full_14630,CTELKLSDY_HLA-A*01:01,tcr680,1
vdjdb_full_14631,CTELKLSDY_HLA-A*01:01,tcr11546,1
vdjdb_full_14632,CTELKLSDY_HLA-A*01:01,tcr8336,1
vdjdb_full_14633,CTELKLSDY_HLA-A*01:01,tcr224,1
vdjdb_full_14634,CTELKLSDY_HLA-A*01:01,tcr124,1
vdjdb_full_14635,CTELKLSDY_HLA-A*01:01,tcr12012,1
vdjdb_full_14636,CTELKLSDY_HLA-A*01:01,tcr4123,1
vdjdb_full_14637,CTELKLSDY_HLA-A*01:01,tcr13543,1
vdjdb_full_14638,CTELKLSDY_HLA-A*01:01,tcr6692,1
vdjdb_full_14639,CTELKLSDY_HLA-A*01:01,tcr7101,1
vdjdb_full_14640,CTELKLSDY_HLA-A*01:01,tcr12570,1
vdjdb_full_14641,CTELKLSDY_HLA-A*01:01,tcr16498,1
vdjdb_full_14642,CTELKLSDY_HLA-A*01:01,tcr2380,1
vdjdb_full_14643,CTELKLSDY_HLA-A*01:01,tcr15499,1
vdjdb_full_14644,CTELKLSDY_HLA-A*01:01,tcr15504,1
vdjdb_full_14645,CTELKLSDY_HLA-A*01:01,tcr7438,1
vdjdb_full_14646,CTELKLSDY_HLA-A*01:01,tcr16984,1
vdjdb_full_14647,CTELKLSDY_HLA-A*01:01,tcr3368,1
vdjdb_full_14648,CTELKLSDY_HLA-A*01:01,tcr2857,1
vdjdb_full_14649,CTELKLSDY_HLA-A*01:01,tcr119,1
vdjdb_full_14650,CTELKLSDY_HLA-A*01:01,tcr15927,1
vdjdb_full_14651,CTELKLSDY_HLA-A*01:01,tcr6849,1
vdjdb_full_14652,CTELKLSDY_HLA-A*01:01,tcr16411,1
vdjdb_full_14653,CTELKLSDY_HLA-A*01:01,tcr9829,1
vdjdb_full_14654,CTELKLSDY_HLA-A*01:01,tcr2159,1
vdjdb_full_14655,CTELKLSDY_HLA-A*01:01,tcr2984,1
vdjdb_full_14656,CTELKLSDY_HLA-A*01:01,tcr11702,1
vdjdb_full_14657,CTELKLSDY_HLA-A*01:01,tcr17691,1
vdjdb_full_14658,CTELKLSDY_HLA-A*01:01,tcr14032,1
vdjdb_full_14659,CTELKLSDY_HLA-A*01:01,tcr14490,1
vdjdb_full_14660,CTELKLSDY_HLA-A*01:01,tcr4260,1
vdjdb_full_14661,CTELKLSDY_HLA-A*01:01,tcr15058,1
vdjdb_full_14662,CTELKLSDY_HLA-A*01:01,tcr16772,1
vdjdb_full_14663,CTELKLSDY_HLA-A*01:01,tcr1979,1
vdjdb_full_14664,CTELKLSDY_HLA-A*01:01,tcr18367,1
vdjdb_full_14665,CTELKLSDY_HLA-A*01:01,tcr15902,1
vdjdb_full_14666,CTELKLSDY_HLA-A*01:01,tcr13977,1
vdjdb_full_14667,CTELKLSDY_HLA-A*01:01,tcr18323,1
vdjdb_full_14668,CTELKLSDY_HLA-A*01:01,tcr9221,1
vdjdb_full_14669,CTELKLSDY_HLA-A*01:01,tcr9501,1
vdjdb_full_14670,CTELKLSDY_HLA-A*01:01,tcr1830,1
vdjdb_full_14671,CTELKLSDY_HLA-A*01:01,tcr2599,1
vdjdb_full_14672,CTELKLSDY_HLA-A*01:01,tcr10812,1
vdjdb_full_14673,CTELKLSDY_HLA-A*01:01,tcr11148,1
vdjdb_full_14674,CTELKLSDY_HLA-A*01:01,tcr12575,1
vdjdb_full_14675,CTELKLSDY_HLA-A*01:01,tcr18210,1
vdjdb_full_14676,CTELKLSDY_HLA-A*01:01,tcr4442,1
vdjdb_full_14677,CTELKLSDY_HLA-A*01:01,tcr9576,1
vdjdb_full_14678,CTELKLSDY_HLA-A*01:01,tcr10139,1
vdjdb_full_14679,CTELKLSDY_HLA-A*01:01,tcr15602,1
vdjdb_full_14680,CTELKLSDY_HLA-A*01:01,tcr13029,1
vdjdb_full_14681,CTELKLSDY_HLA-A*01:01,tcr8383,1
vdjdb_full_14682,CTELKLSDY_HLA-A*01:01,tcr6715,1
vdjdb_full_14683,CTELKLSDY_HLA-A*01:01,tcr1417,1
vdjdb_full_14684,CTELKLSDY_HLA-A*01:01,tcr17908,1
vdjdb_full_14686,CTELKLSDY_HLA-A*01:01,tcr7297,1
vdjdb_full_14687,CTELKLSDY_HLA-A*01:01,tcr4924,1
vdjdb_full_14688,CTELKLSDY_HLA-A*01:01,tcr8230,1
vdjdb_full_14689,CTELKLSDY_HLA-A*01:01,tcr10415,1
vdjdb_full_14690,CTELKLSDY_HLA-A*01:01,tcr8784,1
vdjdb_full_14691,CTELKLSDY_HLA-A*01:01,tcr14524,1
vdjdb_full_14692,CTELKLSDY_HLA-A*01:01,tcr2313,1
vdjdb_full_14693,CTELKLSDY_HLA-A*01:01,tcr14220,1
vdjdb_full_14694,CTELKLSDY_HLA-A*01:01,tcr11941,1
vdjdb_full_14695,CTELKLSDY_HLA-A*01:01,tcr17205,1
vdjdb_full_14696,CTELKLSDY_HLA-A*01:01,tcr2433,1
vdjdb_full_14697,CTELKLSDY_HLA-A*01:01,tcr17021,1
vdjdb_full_14698,CTELKLSDY_HLA-A*01:01,tcr12594,1
vdjdb_full_14699,CTELKLSDY_HLA-A*01:01,tcr5570,1
vdjdb_full_14700,CTELKLSDY_HLA-A*01:01,tcr18321,1
vdjdb_full_14701,CTELKLSDY_HLA-A*01:01,tcr11012,1
vdjdb_full_14702,CTELKLSDY_HLA-A*01:01,tcr14987,1
vdjdb_full_14703,CTELKLSDY_HLA-A*01:01,tcr2455,1
vdjdb_full_14704,CTELKLSDY_HLA-A*01:01,tcr14600,1
vdjdb_full_16271,RPIIRPATL_HLA-B*08:01,tcr10306,1
vdjdb_full_16272,RPIIRPATL_HLA-B*08:01,tcr14008,1
vdjdb_full_16274,RPIIRPATL_HLA-B*08:01,tcr10552,1
vdjdb_full_16275,RPIIRPATL_HLA-B*08:01,tcr14742,1
vdjdb_full_16276,RPIIRPATL_HLA-B*08:01,tcr17639,1
vdjdb_full_16277,RPIIRPATL_HLA-B*08:01,tcr6491,1
vdjdb_full_16278,RPIIRPATL_HLA-B*08:01,tcr12684,1
vdjdb_full_16279,RPIIRPATL_HLA-B*08:01,tcr1109,1
vdjdb_full_16280,RPIIRPATL_HLA-B*08:01,tcr15544,1
vdjdb_full_16281,RPIIRPATL_HLA-B*08:01,tcr5134,1
vdjdb_full_16282,RPIIRPATL_HLA-B*08:01,tcr8501,1
vdjdb_full_16284,RPIIRPATL_HLA-B*08:01,tcr17784,1
vdjdb_full_16285,RPIIRPATL_HLA-B*08:01,tcr18306,1
vdjdb_full_16286,RPIIRPATL_HLA-B*08:01,tcr12454,1
vdjdb_full_16287,RPIIRPATL_HLA-B*08:01,tcr5325,1
vdjdb_full_16288,RPIIRPATL_HLA-B*08:01,tcr16796,1
vdjdb_full_16289,RPIIRPATL_HLA-B*08:01,tcr16145,1
vdjdb_full_16290,RPIIRPATL_HLA-B*08:01,tcr4169,1
vdjdb_full_16291,RPIIRPATL_HLA-B*08:01,tcr11508,1
vdjdb_full_16292,RPIIRPATL_HLA-B*08:01,tcr10959,1
vdjdb_full_16293,RPIIRPATL_HLA-B*08:01,tcr18037,1
vdjdb_full_16294,RPIIRPATL_HLA-B*08:01,tcr13614,1
vdjdb_full_16295,RPIIRPATL_HLA-B*08:01,tcr3821,1
vdjdb_full_16297,RPIIRPATL_HLA-B*08:01,tcr8455,1
vdjdb_full_16298,RPIIRPATL_HLA-B*08:01,tcr10159,1
vdjdb_full_16299,RPIIRPATL_HLA-B*08:01,tcr17079,1
vdjdb_full_16300,RPIIRPATL_HLA-B*08:01,tcr13670,1
vdjdb_full_16301,RPIIRPATL_HLA-B*08:01,tcr2921,1
vdjdb_full_16302,RPIIRPATL_HLA-B*08:01,tcr17388,1
vdjdb_full_16303,RPIIRPATL_HLA-B*08:01,tcr12320,1
vdjdb_full_16304,RPIIRPATL_HLA-B*08:01,tcr4071,1
vdjdb_full_16305,RPIIRPATL_HLA-B*08:01,tcr3053,1
vdjdb_full_16306,RPIIRPATL_HLA-B*08:01,tcr2061,1
vdjdb_full_16307,RPIIRPATL_HLA-B*08:01,tcr7277,1
vdjdb_full_16308,RPIIRPATL_HLA-B*08:01,tcr14889,1
vdjdb_full_16309,RPIIRPATL_HLA-B*08:01,tcr9266,1
vdjdb_full_16310,RPIIRPATL_HLA-B*08:01,tcr3822,1
vdjdb_full_16311,RPIIRPATL_HLA-B*08:01,tcr13868,1
vdjdb_full_16312,RPIIRPATL_HLA-B*08:01,tcr6428,1
vdjdb_full_16313,RPIIRPATL_HLA-B*08:01,tcr8945,1
vdjdb_full_16314,RPIIRPATL_HLA-B*08:01,tcr6040,1
vdjdb_full_16315,RPIIRPATL_HLA-B*08:01,tcr573,1
vdjdb_full_16316,RPIIRPATL_HLA-B*08:01,tcr3422,1
vdjdb_full_17347,RPIIRPATL_HLA-B*07:02,tcr11027,1
vdjdb_full_17348,RPIIRPATL_HLA-B*07:02,tcr6318,1
vdjdb_full_17349,RPIIRPATL_HLA-B*07:02,tcr17281,1
vdjdb_full_17350,RPIIRPATL_HLA-B*07:02,tcr13240,1
vdjdb_full_17351,RPIIRPATL_HLA-B*07:02,tcr8837,1
vdjdb_full_17352,RPIIRPATL_HLA-B*07:02,tcr168,1
vdjdb_full_17353,RPIIRPATL_HLA-B*07:02,tcr18221,1
vdjdb_full_17354,RPIIRPATL_HLA-B*07:02,tcr12950,1
vdjdb_full_17355,RPIIRPATL_HLA-B*07:02,tcr11054,1
vdjdb_full_17356,RPIIRPATL_HLA-B*07:02,tcr14674,1
vdjdb_full_17357,RPIIRPATL_HLA-B*07:02,tcr8441,1
vdjdb_full_17359,RPIIRPATL_HLA-B*07:02,tcr10515,1
vdjdb_full_17360,RPIIRPATL_HLA-B*07:02,tcr8466,1
vdjdb_full_17362,RPIIRPATL_HLA-B*07:02,tcr4305,1
vdjdb_full_17363,RPIIRPATL_HLA-B*07:02,tcr2772,1
vdjdb_full_17364,RPIIRPATL_HLA-B*07:02,tcr9160,1
vdjdb_full_17365,RPIIRPATL_HLA-B*07:02,tcr672,1
vdjdb_full_17366,RPIIRPATL_HLA-B*07:02,tcr675,1
vdjdb_full_17367,RPIIRPATL_HLA-B*07:02,tcr6397,1
vdjdb_full_17368,RPIIRPATL_HLA-B*07:02,tcr7527,1
vdjdb_full_17369,RPIIRPATL_HLA-B*07:02,tcr10014,1
vdjdb_full_17370,RPIIRPATL_HLA-B*07:02,tcr3417,1
vdjdb_full_17372,RPIIRPATL_HLA-B*07:02,tcr3970,1
vdjdb_full_17373,RPIIRPATL_HLA-B*07:02,tcr13873,1
vdjdb_full_17374,RPIIRPATL_HLA-B*07:02,tcr7731,1
vdjdb_full_17375,RPIIRPATL_HLA-B*07:02,tcr9699,1
vdjdb_full_17377,RPIIRPATL_HLA-B*07:02,tcr12519,1
vdjdb_full_17378,RPIIRPATL_HLA-B*07:02,tcr1356,1
vdjdb_full_17379,RPIIRPATL_HLA-B*07:02,tcr16595,1
vdjdb_full_17380,RPIIRPATL_HLA-B*07:02,tcr4217,1
vdjdb_full_17381,RPIIRPATL_HLA-B*07:02,tcr7485,1
vdjdb_full_12032,ALAGIGILTV_HLA-A*02:01,tcr6125,1
vdjdb_full_12033,ALAGIGILTV_HLA-A*02:01,tcr5453,1
vdjdb_full_12034,ALAGIGILTV_HLA-A*02:01,tcr5887,1
vdjdb_full_12035,ALAGIGILTV_HLA-A*02:01,tcr1816,1
vdjdb_full_12036,ALAGIGILTV_HLA-A*02:01,tcr18301,1
vdjdb_full_12037,ALAGIGILTV_HLA-A*02:01,tcr11133,1
vdjdb_full_12038,ALAGIGILTV_HLA-A*02:01,tcr14766,1
vdjdb_full_12039,ALAGIGILTV_HLA-A*02:01,tcr6388,1
vdjdb_full_12040,ALAGIGILTV_HLA-A*02:01,tcr9915,1
vdjdb_full_12041,ALAGIGILTV_HLA-A*02:01,tcr8960,1
vdjdb_full_12042,ALAGIGILTV_HLA-A*02:01,tcr6926,1
vdjdb_full_12043,ALAGIGILTV_HLA-A*02:01,tcr11313,1
vdjdb_full_12044,ALAGIGILTV_HLA-A*02:01,tcr3491,1
vdjdb_full_12045,ALAGIGILTV_HLA-A*02:01,tcr15071,1
vdjdb_full_12046,ALAGIGILTV_HLA-A*02:01,tcr2379,1
vdjdb_full_12047,ALAGIGILTV_HLA-A*02:01,tcr12392,1
vdjdb_full_12048,ALAGIGILTV_HLA-A*02:01,tcr7287,1
vdjdb_full_12049,ALAGIGILTV_HLA-A*02:01,tcr7314,1
vdjdb_full_12050,ALAGIGILTV_HLA-A*02:01,tcr7300,1
vdjdb_full_12051,ALAGIGILTV_HLA-A*02:01,tcr16601,1
vdjdb_full_12052,ALAGIGILTV_HLA-A*02:01,tcr2222,1
vdjdb_full_12053,ALAGIGILTV_HLA-A*02:01,tcr6478,1
vdjdb_full_12054,ALAGIGILTV_HLA-A*02:01,tcr1537,1
vdjdb_full_12055,ALAGIGILTV_HLA-A*02:01,tcr17202,1
vdjdb_full_12056,ALAGIGILTV_HLA-A*02:01,tcr18071,1
vdjdb_full_12057,ALAGIGILTV_HLA-A*02:01,tcr14753,1
vdjdb_full_12058,ALAGIGILTV_HLA-A*02:01,tcr8581,1
vdjdb_full_12059,ALAGIGILTV_HLA-A*02:01,tcr3335,1
vdjdb_full_12060,ALAGIGILTV_HLA-A*02:01,tcr11342,1
vdjdb_full_12061,ALAGIGILTV_HLA-A*02:01,tcr7802,1
vdjdb_full_12062,ALAGIGILTV_HLA-A*02:01,tcr2042,1
vdjdb_full_12063,ALAGIGILTV_HLA-A*02:01,tcr7045,1
vdjdb_full_12064,ALAGIGILTV_HLA-A*02:01,tcr4156,1
vdjdb_full_12065,ALAGIGILTV_HLA-A*02:01,tcr7293,1
vdjdb_full_12066,ALAGIGILTV_HLA-A*02:01,tcr678,1
vdjdb_full_12067,ALAGIGILTV_HLA-A*02:01,tcr2833,1
vdjdb_full_12068,ALAGIGILTV_HLA-A*02:01,tcr11883,1
vdjdb_full_12069,ALAGIGILTV_HLA-A*02:01,tcr13589,1
vdjdb_full_12070,ALAGIGILTV_HLA-A*02:01,tcr7671,1
vdjdb_full_12072,ALAGIGILTV_HLA-A*02:01,tcr17850,1
vdjdb_full_12073,ALAGIGILTV_HLA-A*02:01,tcr9931,1
vdjdb_full_12075,ALAGIGILTV_HLA-A*02:01,tcr13127,1
vdjdb_full_12076,ALAGIGILTV_HLA-A*02:01,tcr9542,1
vdjdb_full_12077,ALAGIGILTV_HLA-A*02:01,tcr8568,1
vdjdb_full_12078,ALAGIGILTV_HLA-A*02:01,tcr16075,1
vdjdb_full_12079,ALAGIGILTV_HLA-A*02:01,tcr15665,1
vdjdb_full_12082,ALAGIGILTV_HLA-A*02:01,tcr15459,1
vdjdb_full_12083,ALAGIGILTV_HLA-A*02:01,tcr9343,1
vdjdb_full_12084,ALAGIGILTV_HLA-A*02:01,tcr17541,1
vdjdb_full_12085,ALAGIGILTV_HLA-A*02:01,tcr2641,1
vdjdb_full_12086,ALAGIGILTV_HLA-A*02:01,tcr235,1
vdjdb_full_12087,ALAGIGILTV_HLA-A*02:01,tcr11781,1
vdjdb_full_12088,ALAGIGILTV_HLA-A*02:01,tcr12348,1
vdjdb_full_12089,ALAGIGILTV_HLA-A*02:01,tcr12278,1
vdjdb_full_12090,ALAGIGILTV_HLA-A*02:01,tcr15603,1
vdjdb_full_12091,ALAGIGILTV_HLA-A*02:01,tcr9334,1
vdjdb_full_12092,ALAGIGILTV_HLA-A*02:01,tcr6470,1
vdjdb_full_12093,ALAGIGILTV_HLA-A*02:01,tcr17407,1
vdjdb_full_12094,ALAGIGILTV_HLA-A*02:01,tcr4322,1
vdjdb_full_12095,ALAGIGILTV_HLA-A*02:01,tcr7587,1
vdjdb_full_12096,ALAGIGILTV_HLA-A*02:01,tcr8966,1
vdjdb_full_12097,ALAGIGILTV_HLA-A*02:01,tcr17045,1
vdjdb_full_12098,ALAGIGILTV_HLA-A*02:01,tcr6689,1
vdjdb_full_12099,ALAGIGILTV_HLA-A*02:01,tcr1007,1
vdjdb_full_12100,ALAGIGILTV_HLA-A*02:01,tcr6134,1
vdjdb_full_12101,ALAGIGILTV_HLA-A*02:01,tcr11331,1
vdjdb_full_12102,ALAGIGILTV_HLA-A*02:01,tcr13082,1
vdjdb_full_12103,ALAGIGILTV_HLA-A*02:01,tcr9763,1
vdjdb_full_12104,ALAGIGILTV_HLA-A*02:01,tcr14107,1
vdjdb_full_12105,ALAGIGILTV_HLA-A*02:01,tcr610,1
vdjdb_full_12106,ALAGIGILTV_HLA-A*02:01,tcr4661,1
vdjdb_full_15071,NQKLIANQF_HLA-B*15:01,tcr5099,1
vdjdb_full_15072,NQKLIANQF_HLA-B*15:01,tcr17949,1
vdjdb_full_15073,NQKLIANQF_HLA-B*15:01,tcr2548,1
vdjdb_full_15074,NQKLIANQF_HLA-B*15:01,tcr7946,1
vdjdb_full_15075,NQKLIANQF_HLA-B*15:01,tcr14152,1
vdjdb_full_15076,NQKLIANQF_HLA-B*15:01,tcr1011,1
vdjdb_full_15077,NQKLIANQF_HLA-B*15:01,tcr8493,1
vdjdb_full_15078,NQKLIANQF_HLA-B*15:01,tcr3735,1
vdjdb_full_15079,NQKLIANQF_HLA-B*15:01,tcr13821,1
vdjdb_full_15080,NQKLIANQF_HLA-B*15:01,tcr5152,1
vdjdb_full_15081,NQKLIANQF_HLA-B*15:01,tcr11654,1
vdjdb_full_15082,NQKLIANQF_HLA-B*15:01,tcr2645,1
vdjdb_full_15083,NQKLIANQF_HLA-B*15:01,tcr90,1
vdjdb_full_15084,NQKLIANQF_HLA-B*15:01,tcr13286,1
vdjdb_full_15086,NQKLIANQF_HLA-B*15:01,tcr4229,1
vdjdb_full_15087,NQKLIANQF_HLA-B*15:01,tcr2949,1
vdjdb_full_15088,NQKLIANQF_HLA-B*15:01,tcr17256,1
vdjdb_full_15089,NQKLIANQF_HLA-B*15:01,tcr4703,1
vdjdb_full_15090,NQKLIANQF_HLA-B*15:01,tcr4590,1
vdjdb_full_15091,NQKLIANQF_HLA-B*15:01,tcr1819,1
vdjdb_full_15092,NQKLIANQF_HLA-B*15:01,tcr3728,1
vdjdb_full_15093,NQKLIANQF_HLA-B*15:01,tcr3646,1
vdjdb_full_15094,NQKLIANQF_HLA-B*15:01,tcr11130,1
vdjdb_full_15095,NQKLIANQF_HLA-B*15:01,tcr3128,1
vdjdb_full_15096,NQKLIANQF_HLA-B*15:01,tcr6382,1
vdjdb_full_15097,NQKLIANQF_HLA-B*15:01,tcr18092,1
vdjdb_full_15098,NQKLIANQF_HLA-B*15:01,tcr9753,1
vdjdb_full_15099,NQKLIANQF_HLA-B*15:01,tcr16841,1
vdjdb_full_15100,NQKLIANQF_HLA-B*15:01,tcr8605,1
vdjdb_full_15101,NQKLIANQF_HLA-B*15:01,tcr4896,1
vdjdb_full_15102,NQKLIANQF_HLA-B*15:01,tcr9338,1
vdjdb_full_15103,NQKLIANQF_HLA-B*15:01,tcr7684,1
vdjdb_full_15104,NQKLIANQF_HLA-B*15:01,tcr14271,1
vdjdb_full_15105,NQKLIANQF_HLA-B*15:01,tcr6653,1
vdjdb_full_15106,NQKLIANQF_HLA-B*15:01,tcr6981,1
vdjdb_full_15107,NQKLIANQF_HLA-B*15:01,tcr3129,1
vdjdb_full_15108,NQKLIANQF_HLA-B*15:01,tcr3951,1
vdjdb_full_15109,NQKLIANQF_HLA-B*15:01,tcr6957,1
vdjdb_full_15110,NQKLIANQF_HLA-B*15:01,tcr2480,1
vdjdb_full_15111,NQKLIANQF_HLA-B*15:01,tcr3805,1
vdjdb_full_15112,NQKLIANQF_HLA-B*15:01,tcr6102,1
vdjdb_full_15113,NQKLIANQF_HLA-B*15:01,tcr16696,1
vdjdb_full_15114,NQKLIANQF_HLA-B*15:01,tcr10992,1
vdjdb_full_15115,NQKLIANQF_HLA-B*15:01,tcr10928,1
vdjdb_full_15116,NQKLIANQF_HLA-B*15:01,tcr2870,1
vdjdb_full_15117,NQKLIANQF_HLA-B*15:01,tcr17893,1
vdjdb_full_15118,NQKLIANQF_HLA-B*15:01,tcr5179,1
vdjdb_full_15119,NQKLIANQF_HLA-B*15:01,tcr7442,1
vdjdb_full_15120,NQKLIANQF_HLA-B*15:01,tcr12934,1
vdjdb_full_15121,NQKLIANQF_HLA-B*15:01,tcr2812,1
vdjdb_full_15122,NQKLIANQF_HLA-B*15:01,tcr10929,1
vdjdb_full_15123,NQKLIANQF_HLA-B*15:01,tcr10672,1
vdjdb_full_15124,NQKLIANQF_HLA-B*15:01,tcr668,1
vdjdb_full_15125,NQKLIANQF_HLA-B*15:01,tcr7574,1
vdjdb_full_15126,NQKLIANQF_HLA-B*15:01,tcr6876,1
vdjdb_full_15127,NQKLIANQF_HLA-B*15:01,tcr6900,1
vdjdb_full_15128,NQKLIANQF_HLA-B*15:01,tcr16229,1
vdjdb_full_15129,NQKLIANQF_HLA-B*15:01,tcr3939,1
vdjdb_full_15130,NQKLIANQF_HLA-B*15:01,tcr11118,1
vdjdb_full_15131,NQKLIANQF_HLA-B*15:01,tcr10835,1
vdjdb_full_15132,NQKLIANQF_HLA-B*15:01,tcr13547,1
vdjdb_full_15133,NQKLIANQF_HLA-B*15:01,tcr10696,1
vdjdb_full_15134,NQKLIANQF_HLA-B*15:01,tcr6365,1
vdjdb_full_15136,NQKLIANQF_HLA-B*15:01,tcr9545,1
vdjdb_full_15138,NQKLIANQF_HLA-B*15:01,tcr2609,1
vdjdb_full_15139,NQKLIANQF_HLA-B*15:01,tcr5372,1
vdjdb_full_15140,NQKLIANQF_HLA-B*15:01,tcr6178,1
vdjdb_full_15141,NQKLIANQF_HLA-B*15:01,tcr5038,1
vdjdb_full_15142,NQKLIANQF_HLA-B*15:01,tcr16899,1
vdjdb_full_15143,NQKLIANQF_HLA-B*15:01,tcr9076,1
vdjdb_full_0,QAKWRLQTL_HLA-B*08:01,tcr7183,1
vdjdb_full_1,QAKWRLQTL_HLA-B*08:01,tcr14836,1
vdjdb_full_10,QAKWRLQTL_HLA-B*08:01,tcr2493,1
vdjdb_full_11,QAKWRLQTL_HLA-B*08:01,tcr9367,1
vdjdb_full_12,QAKWRLQTL_HLA-B*08:01,tcr11231,1
vdjdb_full_13,QAKWRLQTL_HLA-B*08:01,tcr14915,1
vdjdb_full_14,QAKWRLQTL_HLA-B*08:01,tcr9574,1
vdjdb_full_15,QAKWRLQTL_HLA-B*08:01,tcr4369,1
vdjdb_full_16,QAKWRLQTL_HLA-B*08:01,tcr3542,1
vdjdb_full_17,QAKWRLQTL_HLA-B*08:01,tcr7725,1
vdjdb_full_18,QAKWRLQTL_HLA-B*08:01,tcr13377,1
vdjdb_full_19,QAKWRLQTL_HLA-B*08:01,tcr12559,1
vdjdb_full_2,QAKWRLQTL_HLA-B*08:01,tcr12036,1
vdjdb_full_20,QAKWRLQTL_HLA-B*08:01,tcr7664,1
vdjdb_full_21,QAKWRLQTL_HLA-B*08:01,tcr18352,1
vdjdb_full_22,QAKWRLQTL_HLA-B*08:01,tcr11352,1
vdjdb_full_23,QAKWRLQTL_HLA-B*08:01,tcr10500,1
vdjdb_full_24,QAKWRLQTL_HLA-B*08:01,tcr11207,1
vdjdb_full_25,QAKWRLQTL_HLA-B*08:01,tcr16765,1
vdjdb_full_26,QAKWRLQTL_HLA-B*08:01,tcr11064,1
vdjdb_full_27,QAKWRLQTL_HLA-B*08:01,tcr9505,1
vdjdb_full_28,QAKWRLQTL_HLA-B*08:01,tcr11033,1
vdjdb_full_29,QAKWRLQTL_HLA-B*08:01,tcr4320,1
vdjdb_full_3,QAKWRLQTL_HLA-B*08:01,tcr10881,1
vdjdb_full_30,QAKWRLQTL_HLA-B*08:01,tcr17072,1
vdjdb_full_31,QAKWRLQTL_HLA-B*08:01,tcr1424,1
vdjdb_full_32,QAKWRLQTL_HLA-B*08:01,tcr499,1
vdjdb_full_33,QAKWRLQTL_HLA-B*08:01,tcr8687,1
vdjdb_full_34,QAKWRLQTL_HLA-B*08:01,tcr1772,1
vdjdb_full_35,QAKWRLQTL_HLA-B*08:01,tcr5615,1
vdjdb_full_36,QAKWRLQTL_HLA-B*08:01,tcr16970,1
vdjdb_full_37,QAKWRLQTL_HLA-B*08:01,tcr667,1
vdjdb_full_38,QAKWRLQTL_HLA-B*08:01,tcr15554,1
vdjdb_full_39,QAKWRLQTL_HLA-B*08:01,tcr4780,1
vdjdb_full_4,QAKWRLQTL_HLA-B*08:01,tcr2019,1
vdjdb_full_40,QAKWRLQTL_HLA-B*08:01,tcr13950,1
vdjdb_full_41,QAKWRLQTL_HLA-B*08:01,tcr17664,1
vdjdb_full_42,QAKWRLQTL_HLA-B*08:01,tcr1436,1
vdjdb_full_43,QAKWRLQTL_HLA-B*08:01,tcr15199,1
vdjdb_full_44,QAKWRLQTL_HLA-B*08:01,tcr6079,1
vdjdb_full_45,QAKWRLQTL_HLA-B*08:01,tcr9171,1
vdjdb_full_46,QAKWRLQTL_HLA-B*08:01,tcr9865,1
vdjdb_full_47,QAKWRLQTL_HLA-B*08:01,tcr5870,1
vdjdb_full_48,QAKWRLQTL_HLA-B*08:01,tcr11645,1
vdjdb_full_49,QAKWRLQTL_HLA-B*08:01,tcr2726,1
vdjdb_full_5,QAKWRLQTL_HLA-B*08:01,tcr8928,1
vdjdb_full_50,QAKWRLQTL_HLA-B*08:01,tcr9185,1
vdjdb_full_51,QAKWRLQTL_HLA-B*08:01,tcr11802,1
vdjdb_full_52,QAKWRLQTL_HLA-B*08:01,tcr8993,1
vdjdb_full_53,QAKWRLQTL_HLA-B*08:01,tcr9782,1
vdjdb_full_54,QAKWRLQTL_HLA-B*08:01,tcr11911,1
vdjdb_full_55,QAKWRLQTL_HLA-B*08:01,tcr9079,1
vdjdb_full_56,QAKWRLQTL_HLA-B*08:01,tcr14434,1
vdjdb_full_57,QAKWRLQTL_HLA-B*08:01,tcr5377,1
vdjdb_full_58,QAKWRLQTL_HLA-B*08:01,tcr2463,1
vdjdb_full_59,QAKWRLQTL_HLA-B*08:01,tcr16008,1
vdjdb_full_6,QAKWRLQTL_HLA-B*08:01,tcr5291,1
vdjdb_full_60,QAKWRLQTL_HLA-B*08:01,tcr4522,1
vdjdb_full_61,QAKWRLQTL_HLA-B*08:01,tcr7002,1
vdjdb_full_62,QAKWRLQTL_HLA-B*08:01,tcr7650,1
vdjdb_full_7,QAKWRLQTL_HLA-B*08:01,tcr7635,1
vdjdb_full_8,QAKWRLQTL_HLA-B*08:01,tcr3336,1
vdjdb_full_9,QAKWRLQTL_HLA-B*08:01,tcr3187,1
vdjdb_full_15185,RPHERNGFTVL_HLA-B*07:02,tcr4285,1
vdjdb_full_15186,RPHERNGFTVL_HLA-B*07:02,tcr18313,1
vdjdb_full_15187,RPHERNGFTVL_HLA-B*07:02,tcr1083,1
vdjdb_full_15188,RPHERNGFTVL_HLA-B*07:02,tcr8625,1
vdjdb_full_15189,RPHERNGFTVL_HLA-B*07:02,tcr5171,1
vdjdb_full_15190,RPHERNGFTVL_HLA-B*07:02,tcr17646,1
vdjdb_full_15192,RPHERNGFTVL_HLA-B*07:02,tcr17681,1
vdjdb_full_15193,RPHERNGFTVL_HLA-B*07:02,tcr2197,1
vdjdb_full_15194,RPHERNGFTVL_HLA-B*07:02,tcr12807,1
vdjdb_full_15195,RPHERNGFTVL_HLA-B*07:02,tcr9922,1
vdjdb_full_15196,RPHERNGFTVL_HLA-B*07:02,tcr1760,1
vdjdb_full_15197,RPHERNGFTVL_HLA-B*07:02,tcr5974,1
vdjdb_full_15198,RPHERNGFTVL_HLA-B*07:02,tcr3038,1
vdjdb_full_15199,RPHERNGFTVL_HLA-B*07:02,tcr17098,1
vdjdb_full_15200,RPHERNGFTVL_HLA-B*07:02,tcr14930,1
vdjdb_full_15201,RPHERNGFTVL_HLA-B*07:02,tcr7123,1
vdjdb_full_15202,RPHERNGFTVL_HLA-B*07:02,tcr12673,1
vdjdb_full_15203,RPHERNGFTVL_HLA-B*07:02,tcr671,1
vdjdb_full_15204,RPHERNGFTVL_HLA-B*07:02,tcr17270,1
vdjdb_full_15205,RPHERNGFTVL_HLA-B*07:02,tcr17622,1
vdjdb_full_15206,RPHERNGFTVL_HLA-B*07:02,tcr9794,1
vdjdb_full_15207,RPHERNGFTVL_HLA-B*07:02,tcr7289,1
vdjdb_full_15208,RPHERNGFTVL_HLA-B*07:02,tcr9306,1
vdjdb_full_15209,RPHERNGFTVL_HLA-B*07:02,tcr10743,1
vdjdb_full_15210,RPHERNGFTVL_HLA-B*07:02,tcr5429,1
vdjdb_full_15211,RPHERNGFTVL_HLA-B*07:02,tcr6531,1
vdjdb_full_15212,RPHERNGFTVL_HLA-B*07:02,tcr13871,1
vdjdb_full_15213,RPHERNGFTVL_HLA-B*07:02,tcr1528,1
vdjdb_full_15214,RPHERNGFTVL_HLA-B*07:02,tcr15002,1
vdjdb_full_15215,RPHERNGFTVL_HLA-B*07:02,tcr10659,1
vdjdb_full_15216,RPHERNGFTVL_HLA-B*07:02,tcr11664,1
vdjdb_full_15217,RPHERNGFTVL_HLA-B*07:02,tcr8650,1
vdjdb_full_15218,RPHERNGFTVL_HLA-B*07:02,tcr8805,1
vdjdb_full_15219,RPHERNGFTVL_HLA-B*07:02,tcr8289,1
vdjdb_full_15220,RPHERNGFTVL_HLA-B*07:02,tcr12714,1
vdjdb_full_15221,RPHERNGFTVL_HLA-B*07:02,tcr9085,1
vdjdb_full_15222,RPHERNGFTVL_HLA-B*07:02,tcr8168,1
vdjdb_full_15223,RPHERNGFTVL_HLA-B*07:02,tcr1654,1
vdjdb_full_15224,RPHERNGFTVL_HLA-B*07:02,tcr17776,1
vdjdb_full_15225,RPHERNGFTVL_HLA-B*07:02,tcr15364,1
vdjdb_full_15226,RPHERNGFTVL_HLA-B*07:02,tcr3844,1
vdjdb_full_15227,RPHERNGFTVL_HLA-B*07:02,tcr13892,1
vdjdb_full_15228,RPHERNGFTVL_HLA-B*07:02,tcr7954,1
vdjdb_full_15229,RPHERNGFTVL_HLA-B*07:02,tcr5807,1
vdjdb_full_15230,RPHERNGFTVL_HLA-B*07:02,tcr15547,1
vdjdb_full_15231,RPHERNGFTVL_HLA-B*07:02,tcr10090,1
vdjdb_full_15232,RPHERNGFTVL_HLA-B*07:02,tcr8939,1
vdjdb_full_15233,RPHERNGFTVL_HLA-B*07:02,tcr1706,1
vdjdb_full_15234,RPHERNGFTVL_HLA-B*07:02,tcr15360,1
vdjdb_full_15235,RPHERNGFTVL_HLA-B*07:02,tcr5904,1
vdjdb_full_15236,RPHERNGFTVL_HLA-B*07:02,tcr4197,1
vdjdb_full_15237,RPHERNGFTVL_HLA-B*07:02,tcr13324,1
vdjdb_full_15238,RPHERNGFTVL_HLA-B*07:02,tcr15412,1
vdjdb_full_15239,RPHERNGFTVL_HLA-B*07:02,tcr17227,1
vdjdb_full_15240,RPHERNGFTVL_HLA-B*07:02,tcr14175,1
vdjdb_full_15241,RPHERNGFTVL_HLA-B*07:02,tcr15365,1
vdjdb_full_15242,RPHERNGFTVL_HLA-B*07:02,tcr16723,1
vdjdb_full_15243,RPHERNGFTVL_HLA-B*07:02,tcr5485,1
vdjdb_full_15244,RPHERNGFTVL_HLA-B*07:02,tcr10662,1
vdjdb_full_15245,RPHERNGFTVL_HLA-B*07:02,tcr707,1
vdjdb_full_15246,RPHERNGFTVL_HLA-B*07:02,tcr1805,1
vdjdb_full_15247,RPHERNGFTVL_HLA-B*07:02,tcr8195,1
vdjdb_full_13259,CLGGLLTMV_HLA-A*02:01,tcr3465,1
vdjdb_full_13261,CLGGLLTMV_HLA-A*02:01,tcr5611,1
vdjdb_full_13262,CLGGLLTMV_HLA-A*02:01,tcr5660,1
vdjdb_full_13263,CLGGLLTMV_HLA-A*02:01,tcr10482,1
vdjdb_full_13264,CLGGLLTMV_HLA-A*02:01,tcr520,1
vdjdb_full_13266,CLGGLLTMV_HLA-A*02:01,tcr6729,1
vdjdb_full_13267,CLGGLLTMV_HLA-A*02:01,tcr13304,1
vdjdb_full_13268,CLGGLLTMV_HLA-A*02:01,tcr2360,1
vdjdb_full_13271,CLGGLLTMV_HLA-A*02:01,tcr2082,1
vdjdb_full_13272,CLGGLLTMV_HLA-A*02:01,tcr16396,1
vdjdb_full_13273,CLGGLLTMV_HLA-A*02:01,tcr4101,1
vdjdb_full_13274,CLGGLLTMV_HLA-A*02:01,tcr8294,1
vdjdb_full_13276,CLGGLLTMV_HLA-A*02:01,tcr12195,1
vdjdb_full_13277,CLGGLLTMV_HLA-A*02:01,tcr14069,1
vdjdb_full_13278,CLGGLLTMV_HLA-A*02:01,tcr2897,1
vdjdb_full_13283,CLGGLLTMV_HLA-A*02:01,tcr10450,1
vdjdb_full_13284,CLGGLLTMV_HLA-A*02:01,tcr18257,1
vdjdb_full_13286,CLGGLLTMV_HLA-A*02:01,tcr3230,1
vdjdb_full_13287,CLGGLLTMV_HLA-A*02:01,tcr13791,1
vdjdb_full_13288,CLGGLLTMV_HLA-A*02:01,tcr8094,1
vdjdb_full_13289,CLGGLLTMV_HLA-A*02:01,tcr18381,1
vdjdb_full_13290,CLGGLLTMV_HLA-A*02:01,tcr14818,1
vdjdb_full_13291,CLGGLLTMV_HLA-A*02:01,tcr1023,1
vdjdb_full_13292,CLGGLLTMV_HLA-A*02:01,tcr8448,1
vdjdb_full_13293,CLGGLLTMV_HLA-A*02:01,tcr7956,1
vdjdb_full_13295,CLGGLLTMV_HLA-A*02:01,tcr15387,1
vdjdb_full_13296,CLGGLLTMV_HLA-A*02:01,tcr5473,1
vdjdb_full_13297,CLGGLLTMV_HLA-A*02:01,tcr4347,1
vdjdb_full_13298,CLGGLLTMV_HLA-A*02:01,tcr3648,1
vdjdb_full_13301,CLGGLLTMV_HLA-A*02:01,tcr17621,1
vdjdb_full_13302,CLGGLLTMV_HLA-A*02:01,tcr14081,1
vdjdb_full_13303,CLGGLLTMV_HLA-A*02:01,tcr17179,1
vdjdb_full_13304,CLGGLLTMV_HLA-A*02:01,tcr3220,1
vdjdb_full_13305,CLGGLLTMV_HLA-A*02:01,tcr16706,1
vdjdb_full_13307,CLGGLLTMV_HLA-A*02:01,tcr8313,1
vdjdb_full_13308,CLGGLLTMV_HLA-A*02:01,tcr2663,1
vdjdb_full_13309,CLGGLLTMV_HLA-A*02:01,tcr1253,1
vdjdb_full_13311,CLGGLLTMV_HLA-A*02:01,tcr9824,1
vdjdb_full_13312,CLGGLLTMV_HLA-A*02:01,tcr8896,1
vdjdb_full_13313,CLGGLLTMV_HLA-A*02:01,tcr7424,1
vdjdb_full_13316,CLGGLLTMV_HLA-A*02:01,tcr8775,1
vdjdb_full_13317,CLGGLLTMV_HLA-A*02:01,tcr12157,1
vdjdb_full_13320,CLGGLLTMV_HLA-A*02:01,tcr17461,1
vdjdb_full_13322,CLGGLLTMV_HLA-A*02:01,tcr5040,1
vdjdb_full_13323,CLGGLLTMV_HLA-A*02:01,tcr10050,1
vdjdb_full_13325,CLGGLLTMV_HLA-A*02:01,tcr17681,1
vdjdb_full_13331,CLGGLLTMV_HLA-A*02:01,tcr1498,1
vdjdb_full_13332,CLGGLLTMV_HLA-A*02:01,tcr17020,1
vdjdb_full_13333,CLGGLLTMV_HLA-A*02:01,tcr16451,1
vdjdb_full_13337,CLGGLLTMV_HLA-A*02:01,tcr2886,1
vdjdb_full_13338,CLGGLLTMV_HLA-A*02:01,tcr1437,1
vdjdb_full_13339,CLGGLLTMV_HLA-A*02:01,tcr4983,1
vdjdb_full_13340,CLGGLLTMV_HLA-A*02:01,tcr16266,1
vdjdb_full_13341,CLGGLLTMV_HLA-A*02:01,tcr2550,1
vdjdb_full_13342,CLGGLLTMV_HLA-A*02:01,tcr13936,1
vdjdb_full_13343,CLGGLLTMV_HLA-A*02:01,tcr3452,1
vdjdb_full_13344,CLGGLLTMV_HLA-A*02:01,tcr3165,1
vdjdb_full_13345,CLGGLLTMV_HLA-A*02:01,tcr13517,1
vdjdb_full_13348,CLGGLLTMV_HLA-A*02:01,tcr4158,1
vdjdb_full_16468,RPPIFIRRL_HLA-B*07:02,tcr13181,1
vdjdb_full_16469,RPPIFIRRL_HLA-B*07:02,tcr12540,1
vdjdb_full_16470,RPPIFIRRL_HLA-B*07:02,tcr12743,1
vdjdb_full_16471,RPPIFIRRL_HLA-B*07:02,tcr1461,1
vdjdb_full_16472,RPPIFIRRL_HLA-B*07:02,tcr6734,1
vdjdb_full_16474,RPPIFIRRL_HLA-B*07:02,tcr6982,1
vdjdb_full_16475,RPPIFIRRL_HLA-B*07:02,tcr12536,1
vdjdb_full_16476,RPPIFIRRL_HLA-B*07:02,tcr2092,1
vdjdb_full_16477,RPPIFIRRL_HLA-B*07:02,tcr15674,1
vdjdb_full_16478,RPPIFIRRL_HLA-B*07:02,tcr15159,1
vdjdb_full_16479,RPPIFIRRL_HLA-B*07:02,tcr17199,1
vdjdb_full_16480,RPPIFIRRL_HLA-B*07:02,tcr15360,1
vdjdb_full_16481,RPPIFIRRL_HLA-B*07:02,tcr4319,1
vdjdb_full_16482,RPPIFIRRL_HLA-B*07:02,tcr7135,1
vdjdb_full_16483,RPPIFIRRL_HLA-B*07:02,tcr6081,1
vdjdb_full_16484,RPPIFIRRL_HLA-B*07:02,tcr1272,1
vdjdb_full_16485,RPPIFIRRL_HLA-B*07:02,tcr17567,1
vdjdb_full_16486,RPPIFIRRL_HLA-B*07:02,tcr7062,1
vdjdb_full_16487,RPPIFIRRL_HLA-B*07:02,tcr4304,1
vdjdb_full_16488,RPPIFIRRL_HLA-B*07:02,tcr17685,1
vdjdb_full_16489,RPPIFIRRL_HLA-B*07:02,tcr4912,1
vdjdb_full_16490,RPPIFIRRL_HLA-B*07:02,tcr8655,1
vdjdb_full_16491,RPPIFIRRL_HLA-B*07:02,tcr13930,1
vdjdb_full_16492,RPPIFIRRL_HLA-B*07:02,tcr15576,1
vdjdb_full_16493,RPPIFIRRL_HLA-B*07:02,tcr16461,1
vdjdb_full_16494,RPPIFIRRL_HLA-B*07:02,tcr5925,1
vdjdb_full_16495,RPPIFIRRL_HLA-B*07:02,tcr4065,1
vdjdb_full_16496,RPPIFIRRL_HLA-B*07:02,tcr16657,1
vdjdb_full_16497,RPPIFIRRL_HLA-B*07:02,tcr8627,1
vdjdb_full_16498,RPPIFIRRL_HLA-B*07:02,tcr17581,1
vdjdb_full_16499,RPPIFIRRL_HLA-B*07:02,tcr2479,1
vdjdb_full_16500,RPPIFIRRL_HLA-B*07:02,tcr17744,1
vdjdb_full_16501,RPPIFIRRL_HLA-B*07:02,tcr12478,1
vdjdb_full_16502,RPPIFIRRL_HLA-B*07:02,tcr11524,1
vdjdb_full_16503,RPPIFIRRL_HLA-B*07:02,tcr2378,1
vdjdb_full_16504,RPPIFIRRL_HLA-B*07:02,tcr7537,1
vdjdb_full_16505,RPPIFIRRL_HLA-B*07:02,tcr12281,1
vdjdb_full_16506,RPPIFIRRL_HLA-B*07:02,tcr16923,1
vdjdb_full_16507,RPPIFIRRL_HLA-B*07:02,tcr17577,1
vdjdb_full_16508,RPPIFIRRL_HLA-B*07:02,tcr2850,1
vdjdb_full_16509,RPPIFIRRL_HLA-B*07:02,tcr1666,1
vdjdb_full_16510,RPPIFIRRL_HLA-B*07:02,tcr6100,1
vdjdb_full_16511,RPPIFIRRL_HLA-B*07:02,tcr6329,1
vdjdb_full_16512,RPPIFIRRL_HLA-B*07:02,tcr9828,1
vdjdb_full_16513,RPPIFIRRL_HLA-B*07:02,tcr8404,1
vdjdb_full_16514,RPPIFIRRL_HLA-B*07:02,tcr11672,1
vdjdb_full_16515,RPPIFIRRL_HLA-B*07:02,tcr4031,1
vdjdb_full_16516,RPPIFIRRL_HLA-B*07:02,tcr14126,1
vdjdb_full_16517,RPPIFIRRL_HLA-B*07:02,tcr13535,1
vdjdb_full_16518,RPPIFIRRL_HLA-B*07:02,tcr7522,1
vdjdb_full_16519,RPPIFIRRL_HLA-B*07:02,tcr3218,1
vdjdb_full_16520,RPPIFIRRL_HLA-B*07:02,tcr4057,1
vdjdb_full_16521,RPPIFIRRL_HLA-B*07:02,tcr1304,1
vdjdb_full_16522,RPPIFIRRL_HLA-B*07:02,tcr9704,1
vdjdb_full_16523,RPPIFIRRL_HLA-B*07:02,tcr17887,1
vdjdb_full_16613,QYIKWPWYI_HLA-A*24:02,tcr7043,1
vdjdb_full_16614,QYIKWPWYI_HLA-A*24:02,tcr827,1
vdjdb_full_16615,QYIKWPWYI_HLA-A*24:02,tcr1484,1
vdjdb_full_16616,QYIKWPWYI_HLA-A*24:02,tcr4459,1
vdjdb_full_16617,QYIKWPWYI_HLA-A*24:02,tcr7064,1
vdjdb_full_16618,QYIKWPWYI_HLA-A*24:02,tcr8876,1
vdjdb_full_16619,QYIKWPWYI_HLA-A*24:02,tcr10692,1
vdjdb_full_16621,QYIKWPWYI_HLA-A*24:02,tcr11312,1
vdjdb_full_16622,QYIKWPWYI_HLA-A*24:02,tcr13737,1
vdjdb_full_16623,QYIKWPWYI_HLA-A*24:02,tcr18120,1
vdjdb_full_16624,QYIKWPWYI_HLA-A*24:02,tcr15366,1
vdjdb_full_16625,QYIKWPWYI_HLA-A*24:02,tcr12892,1
vdjdb_full_16626,QYIKWPWYI_HLA-A*24:02,tcr891,1
vdjdb_full_16627,QYIKWPWYI_HLA-A*24:02,tcr13042,1
vdjdb_full_16628,QYIKWPWYI_HLA-A*24:02,tcr15776,1
vdjdb_full_16629,QYIKWPWYI_HLA-A*24:02,tcr2782,1
vdjdb_full_16630,QYIKWPWYI_HLA-A*24:02,tcr14673,1
vdjdb_full_16631,QYIKWPWYI_HLA-A*24:02,tcr11970,1
vdjdb_full_16632,QYIKWPWYI_HLA-A*24:02,tcr7476,1
vdjdb_full_16633,QYIKWPWYI_HLA-A*24:02,tcr1267,1
vdjdb_full_16634,QYIKWPWYI_HLA-A*24:02,tcr2069,1
vdjdb_full_16635,QYIKWPWYI_HLA-A*24:02,tcr608,1
vdjdb_full_16636,QYIKWPWYI_HLA-A*24:02,tcr14951,1
vdjdb_full_16637,QYIKWPWYI_HLA-A*24:02,tcr13764,1
vdjdb_full_16638,QYIKWPWYI_HLA-A*24:02,tcr12088,1
vdjdb_full_16639,QYIKWPWYI_HLA-A*24:02,tcr10823,1
vdjdb_full_16640,QYIKWPWYI_HLA-A*24:02,tcr15617,1
vdjdb_full_16641,QYIKWPWYI_HLA-A*24:02,tcr1653,1
vdjdb_full_16643,QYIKWPWYI_HLA-A*24:02,tcr4827,1
vdjdb_full_16644,QYIKWPWYI_HLA-A*24:02,tcr2088,1
vdjdb_full_16645,QYIKWPWYI_HLA-A*24:02,tcr15769,1
vdjdb_full_16646,QYIKWPWYI_HLA-A*24:02,tcr15158,1
vdjdb_full_16647,QYIKWPWYI_HLA-A*24:02,tcr17399,1
vdjdb_full_16648,QYIKWPWYI_HLA-A*24:02,tcr5342,1
vdjdb_full_16649,QYIKWPWYI_HLA-A*24:02,tcr17283,1
vdjdb_full_16650,QYIKWPWYI_HLA-A*24:02,tcr4903,1
vdjdb_full_16651,QYIKWPWYI_HLA-A*24:02,tcr609,1
vdjdb_full_16652,QYIKWPWYI_HLA-A*24:02,tcr8878,1
vdjdb_full_16653,QYIKWPWYI_HLA-A*24:02,tcr17195,1
vdjdb_full_16654,QYIKWPWYI_HLA-A*24:02,tcr14150,1
vdjdb_full_16655,QYIKWPWYI_HLA-A*24:02,tcr8946,1
vdjdb_full_16656,QYIKWPWYI_HLA-A*24:02,tcr13466,1
vdjdb_full_16657,QYIKWPWYI_HLA-A*24:02,tcr1567,1
vdjdb_full_16658,QYIKWPWYI_HLA-A*24:02,tcr6420,1
vdjdb_full_16659,QYIKWPWYI_HLA-A*24:02,tcr1138,1
vdjdb_full_16660,QYIKWPWYI_HLA-A*24:02,tcr10936,1
vdjdb_full_16661,QYIKWPWYI_HLA-A*24:02,tcr15133,1
vdjdb_full_16662,QYIKWPWYI_HLA-A*24:02,tcr16977,1
vdjdb_full_16663,QYIKWPWYI_HLA-A*24:02,tcr13895,1
vdjdb_full_16664,QYIKWPWYI_HLA-A*24:02,tcr13131,1
vdjdb_full_16665,QYIKWPWYI_HLA-A*24:02,tcr5859,1
vdjdb_full_16666,QYIKWPWYI_HLA-A*24:02,tcr9888,1
vdjdb_full_16667,QYIKWPWYI_HLA-A*24:02,tcr2930,1
vdjdb_full_16169,GPRLGVRAT_HLA-B*07:02,tcr15806,1
vdjdb_full_16170,GPRLGVRAT_HLA-B*07:02,tcr11506,1
vdjdb_full_16171,GPRLGVRAT_HLA-B*07:02,tcr10733,1
vdjdb_full_16172,GPRLGVRAT_HLA-B*07:02,tcr17245,1
vdjdb_full_16173,GPRLGVRAT_HLA-B*07:02,tcr2875,1
vdjdb_full_16174,GPRLGVRAT_HLA-B*07:02,tcr17663,1
vdjdb_full_16175,GPRLGVRAT_HLA-B*07:02,tcr2271,1
vdjdb_full_16176,GPRLGVRAT_HLA-B*07:02,tcr3133,1
vdjdb_full_16177,GPRLGVRAT_HLA-B*07:02,tcr1589,1
vdjdb_full_16178,GPRLGVRAT_HLA-B*07:02,tcr16390,1
vdjdb_full_16179,GPRLGVRAT_HLA-B*07:02,tcr1793,1
vdjdb_full_16181,GPRLGVRAT_HLA-B*07:02,tcr10160,1
vdjdb_full_16182,GPRLGVRAT_HLA-B*07:02,tcr9837,1
vdjdb_full_16183,GPRLGVRAT_HLA-B*07:02,tcr54,1
vdjdb_full_16184,GPRLGVRAT_HLA-B*07:02,tcr8727,1
vdjdb_full_16185,GPRLGVRAT_HLA-B*07:02,tcr6021,1
vdjdb_full_16186,GPRLGVRAT_HLA-B*07:02,tcr4923,1
vdjdb_full_16187,GPRLGVRAT_HLA-B*07:02,tcr2363,1
vdjdb_full_16188,GPRLGVRAT_HLA-B*07:02,tcr17671,1
vdjdb_full_16189,GPRLGVRAT_HLA-B*07:02,tcr5544,1
vdjdb_full_16190,GPRLGVRAT_HLA-B*07:02,tcr17055,1
vdjdb_full_16191,GPRLGVRAT_HLA-B*07:02,tcr10,1
vdjdb_full_16192,GPRLGVRAT_HLA-B*07:02,tcr11480,1
vdjdb_full_16193,GPRLGVRAT_HLA-B*07:02,tcr13863,1
vdjdb_full_16194,GPRLGVRAT_HLA-B*07:02,tcr15989,1
vdjdb_full_16195,GPRLGVRAT_HLA-B*07:02,tcr68,1
vdjdb_full_16196,GPRLGVRAT_HLA-B*07:02,tcr17910,1
vdjdb_full_16197,GPRLGVRAT_HLA-B*07:02,tcr17444,1
vdjdb_full_16198,GPRLGVRAT_HLA-B*07:02,tcr11379,1
vdjdb_full_16199,GPRLGVRAT_HLA-B*07:02,tcr212,1
vdjdb_full_16200,GPRLGVRAT_HLA-B*07:02,tcr3715,1
vdjdb_full_16201,GPRLGVRAT_HLA-B*07:02,tcr14341,1
vdjdb_full_16202,GPRLGVRAT_HLA-B*07:02,tcr16500,1
vdjdb_full_16203,GPRLGVRAT_HLA-B*07:02,tcr11994,1
vdjdb_full_16204,GPRLGVRAT_HLA-B*07:02,tcr12603,1
vdjdb_full_16205,GPRLGVRAT_HLA-B*07:02,tcr11176,1
vdjdb_full_16206,GPRLGVRAT_HLA-B*07:02,tcr9571,1
vdjdb_full_16207,GPRLGVRAT_HLA-B*07:02,tcr5256,1
vdjdb_full_16208,GPRLGVRAT_HLA-B*07:02,tcr13780,1
vdjdb_full_16209,GPRLGVRAT_HLA-B*07:02,tcr8861,1
vdjdb_full_16210,GPRLGVRAT_HLA-B*07:02,tcr2126,1
vdjdb_full_16211,GPRLGVRAT_HLA-B*07:02,tcr17551,1
vdjdb_full_16212,GPRLGVRAT_HLA-B*07:02,tcr1884,1
vdjdb_full_16213,GPRLGVRAT_HLA-B*07:02,tcr956,1
vdjdb_full_16214,GPRLGVRAT_HLA-B*07:02,tcr12043,1
vdjdb_full_16215,GPRLGVRAT_HLA-B*07:02,tcr13282,1
vdjdb_full_16216,GPRLGVRAT_HLA-B*07:02,tcr1754,1
vdjdb_full_16217,GPRLGVRAT_HLA-B*07:02,tcr2114,1
vdjdb_full_16218,GPRLGVRAT_HLA-B*07:02,tcr11169,1
vdjdb_full_16219,GPRLGVRAT_HLA-B*07:02,tcr374,1
vdjdb_full_16220,GPRLGVRAT_HLA-B*07:02,tcr2670,1
vdjdb_full_16221,GPRLGVRAT_HLA-B*07:02,tcr5404,1
vdjdb_full_16415,RTATKQYNV_HLA-A*02:01,tcr17729,1
vdjdb_full_16416,RTATKQYNV_HLA-A*02:01,tcr14442,1
vdjdb_full_16417,RTATKQYNV_HLA-A*02:01,tcr7687,1
vdjdb_full_16419,RTATKQYNV_HLA-A*02:01,tcr16549,1
vdjdb_full_16420,RTATKQYNV_HLA-A*02:01,tcr15461,1
vdjdb_full_16421,RTATKQYNV_HLA-A*02:01,tcr7373,1
vdjdb_full_16422,RTATKQYNV_HLA-A*02:01,tcr12531,1
vdjdb_full_16423,RTATKQYNV_HLA-A*02:01,tcr2259,1
vdjdb_full_16424,RTATKQYNV_HLA-A*02:01,tcr13444,1
vdjdb_full_16425,RTATKQYNV_HLA-A*02:01,tcr8036,1
vdjdb_full_16426,RTATKQYNV_HLA-A*02:01,tcr11034,1
vdjdb_full_16427,RTATKQYNV_HLA-A*02:01,tcr9810,1
vdjdb_full_16428,RTATKQYNV_HLA-A*02:01,tcr3991,1
vdjdb_full_16429,RTATKQYNV_HLA-A*02:01,tcr3196,1
vdjdb_full_16430,RTATKQYNV_HLA-A*02:01,tcr992,1
vdjdb_full_16431,RTATKQYNV_HLA-A*02:01,tcr7592,1
vdjdb_full_16432,RTATKQYNV_HLA-A*02:01,tcr14377,1
vdjdb_full_16433,RTATKQYNV_HLA-A*02:01,tcr3275,1
vdjdb_full_16434,RTATKQYNV_HLA-A*02:01,tcr8914,1
vdjdb_full_16435,RTATKQYNV_HLA-A*02:01,tcr9193,1
vdjdb_full_16436,RTATKQYNV_HLA-A*02:01,tcr14364,1
vdjdb_full_16437,RTATKQYNV_HLA-A*02:01,tcr11573,1
vdjdb_full_16438,RTATKQYNV_HLA-A*02:01,tcr2053,1
vdjdb_full_16439,RTATKQYNV_HLA-A*02:01,tcr12175,1
vdjdb_full_16440,RTATKQYNV_HLA-A*02:01,tcr8791,1
vdjdb_full_16441,RTATKQYNV_HLA-A*02:01,tcr18245,1
vdjdb_full_16443,RTATKQYNV_HLA-A*02:01,tcr7903,1
vdjdb_full_16444,RTATKQYNV_HLA-A*02:01,tcr2563,1
vdjdb_full_16445,RTATKQYNV_HLA-A*02:01,tcr18040,1
vdjdb_full_16446,RTATKQYNV_HLA-A*02:01,tcr16788,1
vdjdb_full_16447,RTATKQYNV_HLA-A*02:01,tcr9682,1
vdjdb_full_16448,RTATKQYNV_HLA-A*02:01,tcr5360,1
vdjdb_full_16449,RTATKQYNV_HLA-A*02:01,tcr3625,1
vdjdb_full_16450,RTATKQYNV_HLA-A*02:01,tcr3177,1
vdjdb_full_16451,RTATKQYNV_HLA-A*02:01,tcr16483,1
vdjdb_full_16452,RTATKQYNV_HLA-A*02:01,tcr1149,1
vdjdb_full_16453,RTATKQYNV_HLA-A*02:01,tcr1652,1
vdjdb_full_16454,RTATKQYNV_HLA-A*02:01,tcr9493,1
vdjdb_full_16455,RTATKQYNV_HLA-A*02:01,tcr12391,1
vdjdb_full_16456,RTATKQYNV_HLA-A*02:01,tcr2295,1
vdjdb_full_16457,RTATKQYNV_HLA-A*02:01,tcr10821,1
vdjdb_full_16458,RTATKQYNV_HLA-A*02:01,tcr8349,1
vdjdb_full_16459,RTATKQYNV_HLA-A*02:01,tcr6264,1
vdjdb_full_16460,RTATKQYNV_HLA-A*02:01,tcr9444,1
vdjdb_full_16461,RTATKQYNV_HLA-A*02:01,tcr6146,1
vdjdb_full_16463,RTATKQYNV_HLA-A*02:01,tcr11330,1
vdjdb_full_16464,RTATKQYNV_HLA-A*02:01,tcr1987,1
vdjdb_full_16465,RTATKQYNV_HLA-A*02:01,tcr899,1
vdjdb_full_16897,RTATKAYNV_HLA-A*02:01,tcr535,1
vdjdb_full_16898,RTATKAYNV_HLA-A*02:01,tcr2446,1
vdjdb_full_16899,RTATKAYNV_HLA-A*02:01,tcr14621,1
vdjdb_full_16900,RTATKAYNV_HLA-A*02:01,tcr7819,1
vdjdb_full_16901,RTATKAYNV_HLA-A*02:01,tcr9170,1
vdjdb_full_16902,RTATKAYNV_HLA-A*02:01,tcr17890,1
vdjdb_full_16903,RTATKAYNV_HLA-A*02:01,tcr14660,1
vdjdb_full_16904,RTATKAYNV_HLA-A*02:01,tcr3,1
vdjdb_full_16905,RTATKAYNV_HLA-A*02:01,tcr5668,1
vdjdb_full_16907,RTATKAYNV_HLA-A*02:01,tcr6977,1
vdjdb_full_16908,RTATKAYNV_HLA-A*02:01,tcr4182,1
vdjdb_full_16909,RTATKAYNV_HLA-A*02:01,tcr17234,1
vdjdb_full_16910,RTATKAYNV_HLA-A*02:01,tcr2411,1
vdjdb_full_16911,RTATKAYNV_HLA-A*02:01,tcr3432,1
vdjdb_full_16912,RTATKAYNV_HLA-A*02:01,tcr7799,1
vdjdb_full_16913,RTATKAYNV_HLA-A*02:01,tcr14376,1
vdjdb_full_16914,RTATKAYNV_HLA-A*02:01,tcr10626,1
vdjdb_full_16915,RTATKAYNV_HLA-A*02:01,tcr1993,1
vdjdb_full_16916,RTATKAYNV_HLA-A*02:01,tcr11567,1
vdjdb_full_16918,RTATKAYNV_HLA-A*02:01,tcr17738,1
vdjdb_full_16919,RTATKAYNV_HLA-A*02:01,tcr247,1
vdjdb_full_16920,RTATKAYNV_HLA-A*02:01,tcr14394,1
vdjdb_full_16921,RTATKAYNV_HLA-A*02:01,tcr2115,1
vdjdb_full_16922,RTATKAYNV_HLA-A*02:01,tcr13623,1
vdjdb_full_16923,RTATKAYNV_HLA-A*02:01,tcr5827,1
vdjdb_full_16924,RTATKAYNV_HLA-A*02:01,tcr2560,1
vdjdb_full_16925,RTATKAYNV_HLA-A*02:01,tcr2539,1
vdjdb_full_16926,RTATKAYNV_HLA-A*02:01,tcr10732,1
vdjdb_full_16927,RTATKAYNV_HLA-A*02:01,tcr18344,1
vdjdb_full_16928,RTATKAYNV_HLA-A*02:01,tcr2730,1
vdjdb_full_16929,RTATKAYNV_HLA-A*02:01,tcr9413,1
vdjdb_full_16930,RTATKAYNV_HLA-A*02:01,tcr11771,1
vdjdb_full_16931,RTATKAYNV_HLA-A*02:01,tcr9700,1
vdjdb_full_16932,RTATKAYNV_HLA-A*02:01,tcr9620,1
vdjdb_full_16933,RTATKAYNV_HLA-A*02:01,tcr9097,1
vdjdb_full_16934,RTATKAYNV_HLA-A*02:01,tcr11629,1
vdjdb_full_16935,RTATKAYNV_HLA-A*02:01,tcr154,1
vdjdb_full_16936,RTATKAYNV_HLA-A*02:01,tcr8529,1
vdjdb_full_16937,RTATKAYNV_HLA-A*02:01,tcr16363,1
vdjdb_full_16938,RTATKAYNV_HLA-A*02:01,tcr7721,1
vdjdb_full_16939,RTATKAYNV_HLA-A*02:01,tcr10117,1
vdjdb_full_16940,RTATKAYNV_HLA-A*02:01,tcr12486,1
vdjdb_full_16941,RTATKAYNV_HLA-A*02:01,tcr2602,1
vdjdb_full_16942,RTATKAYNV_HLA-A*02:01,tcr16336,1
vdjdb_full_16943,RTATKAYNV_HLA-A*02:01,tcr3814,1
vdjdb_full_16944,RTATKAYNV_HLA-A*02:01,tcr8963,1
vdjdb_full_16945,RTATKAYNV_HLA-A*02:01,tcr4069,1
vdjdb_full_16946,RTATKAYNV_HLA-A*02:01,tcr18385,1
vdjdb_full_13511,LLFGYPVYV_HLA-A*02:01,tcr16597,1
vdjdb_full_13512,LLFGYPVYV_HLA-A*02:01,tcr13544,1
vdjdb_full_13513,LLFGYPVYV_HLA-A*02:01,tcr951,1
vdjdb_full_13514,LLFGYPVYV_HLA-A*02:01,tcr2425,1
vdjdb_full_13515,LLFGYPVYV_HLA-A*02:01,tcr17492,1
vdjdb_full_13516,LLFGYPVYV_HLA-A*02:01,tcr10865,1
vdjdb_full_13517,LLFGYPVYV_HLA-A*02:01,tcr4795,1
vdjdb_full_13518,LLFGYPVYV_HLA-A*02:01,tcr5170,1
vdjdb_full_13519,LLFGYPVYV_HLA-A*02:01,tcr11285,1
vdjdb_full_13520,LLFGYPVYV_HLA-A*02:01,tcr13244,1
vdjdb_full_13521,LLFGYPVYV_HLA-A*02:01,tcr4316,1
vdjdb_full_13522,LLFGYPVYV_HLA-A*02:01,tcr16813,1
vdjdb_full_13523,LLFGYPVYV_HLA-A*02:01,tcr16845,1
vdjdb_full_13524,LLFGYPVYV_HLA-A*02:01,tcr10251,1
vdjdb_full_13525,LLFGYPVYV_HLA-A*02:01,tcr232,1
vdjdb_full_13526,LLFGYPVYV_HLA-A*02:01,tcr1751,1
vdjdb_full_13527,LLFGYPVYV_HLA-A*02:01,tcr14311,1
vdjdb_full_13528,LLFGYPVYV_HLA-A*02:01,tcr12497,1
vdjdb_full_13529,LLFGYPVYV_HLA-A*02:01,tcr9256,1
vdjdb_full_13530,LLFGYPVYV_HLA-A*02:01,tcr17902,1
vdjdb_full_13531,LLFGYPVYV_HLA-A*02:01,tcr9560,1
vdjdb_full_13532,LLFGYPVYV_HLA-A*02:01,tcr8893,1
vdjdb_full_13533,LLFGYPVYV_HLA-A*02:01,tcr7389,1
vdjdb_full_13534,LLFGYPVYV_HLA-A*02:01,tcr7254,1
vdjdb_full_13535,LLFGYPVYV_HLA-A*02:01,tcr5656,1
vdjdb_full_13536,LLFGYPVYV_HLA-A*02:01,tcr5820,1
vdjdb_full_13537,LLFGYPVYV_HLA-A*02:01,tcr9998,1
vdjdb_full_13538,LLFGYPVYV_HLA-A*02:01,tcr10192,1
vdjdb_full_13539,LLFGYPVYV_HLA-A*02:01,tcr14957,1
vdjdb_full_13540,LLFGYPVYV_HLA-A*02:01,tcr11367,1
vdjdb_full_13541,LLFGYPVYV_HLA-A*02:01,tcr11250,1
vdjdb_full_13542,LLFGYPVYV_HLA-A*02:01,tcr14379,1
vdjdb_full_13543,LLFGYPVYV_HLA-A*02:01,tcr5052,1
vdjdb_full_13544,LLFGYPVYV_HLA-A*02:01,tcr6593,1
vdjdb_full_13545,LLFGYPVYV_HLA-A*02:01,tcr9277,1
vdjdb_full_13546,LLFGYPVYV_HLA-A*02:01,tcr728,1
vdjdb_full_13547,LLFGYPVYV_HLA-A*02:01,tcr15904,1
vdjdb_full_13548,LLFGYPVYV_HLA-A*02:01,tcr18174,1
vdjdb_full_13549,LLFGYPVYV_HLA-A*02:01,tcr1927,1
vdjdb_full_13550,LLFGYPVYV_HLA-A*02:01,tcr14278,1
vdjdb_full_13551,LLFGYPVYV_HLA-A*02:01,tcr11268,1
vdjdb_full_13552,LLFGYPVYV_HLA-A*02:01,tcr13563,1
vdjdb_full_13553,LLFGYPVYV_HLA-A*02:01,tcr2349,1
vdjdb_full_13554,LLFGYPVYV_HLA-A*02:01,tcr4671,1
vdjdb_full_13555,LLFGYPVYV_HLA-A*02:01,tcr15472,1
vdjdb_full_16717,YLLEMLWRL_HLA-A*02:01,tcr5545,1
vdjdb_full_16718,YLLEMLWRL_HLA-A*02:01,tcr16502,1
vdjdb_full_16719,YLLEMLWRL_HLA-A*02:01,tcr1082,1
vdjdb_full_16720,YLLEMLWRL_HLA-A*02:01,tcr17111,1
vdjdb_full_16721,YLLEMLWRL_HLA-A*02:01,tcr12339,1
vdjdb_full_16722,YLLEMLWRL_HLA-A*02:01,tcr11675,1
vdjdb_full_16723,YLLEMLWRL_HLA-A*02:01,tcr14620,1
vdjdb_full_16724,YLLEMLWRL_HLA-A*02:01,tcr17058,1
vdjdb_full_16725,YLLEMLWRL_HLA-A*02:01,tcr4465,1
vdjdb_full_16726,YLLEMLWRL_HLA-A*02:01,tcr961,1
vdjdb_full_16727,YLLEMLWRL_HLA-A*02:01,tcr5239,1
vdjdb_full_16728,YLLEMLWRL_HLA-A*02:01,tcr369,1
vdjdb_full_16729,YLLEMLWRL_HLA-A*02:01,tcr4108,1
vdjdb_full_16730,YLLEMLWRL_HLA-A*02:01,tcr17322,1
vdjdb_full_16731,YLLEMLWRL_HLA-A*02:01,tcr13866,1
vdjdb_full_16732,YLLEMLWRL_HLA-A*02:01,tcr11865,1
vdjdb_full_16733,YLLEMLWRL_HLA-A*02:01,tcr3956,1
vdjdb_full_16734,YLLEMLWRL_HLA-A*02:01,tcr6201,1
vdjdb_full_16735,YLLEMLWRL_HLA-A*02:01,tcr6407,1
vdjdb_full_16736,YLLEMLWRL_HLA-A*02:01,tcr1736,1
vdjdb_full_16737,YLLEMLWRL_HLA-A*02:01,tcr7885,1
vdjdb_full_16738,YLLEMLWRL_HLA-A*02:01,tcr6501,1
vdjdb_full_16739,YLLEMLWRL_HLA-A*02:01,tcr2671,1
vdjdb_full_16740,YLLEMLWRL_HLA-A*02:01,tcr17359,1
vdjdb_full_16741,YLLEMLWRL_HLA-A*02:01,tcr13900,1
vdjdb_full_16742,YLLEMLWRL_HLA-A*02:01,tcr839,1
vdjdb_full_16743,YLLEMLWRL_HLA-A*02:01,tcr6790,1
vdjdb_full_16744,YLLEMLWRL_HLA-A*02:01,tcr9275,1
vdjdb_full_16745,YLLEMLWRL_HLA-A*02:01,tcr16024,1
vdjdb_full_16746,YLLEMLWRL_HLA-A*02:01,tcr16752,1
vdjdb_full_16747,YLLEMLWRL_HLA-A*02:01,tcr7840,1
vdjdb_full_16748,YLLEMLWRL_HLA-A*02:01,tcr10454,1
vdjdb_full_16749,YLLEMLWRL_HLA-A*02:01,tcr7594,1
vdjdb_full_16750,YLLEMLWRL_HLA-A*02:01,tcr10291,1
vdjdb_full_16751,YLLEMLWRL_HLA-A*02:01,tcr3019,1
vdjdb_full_16752,YLLEMLWRL_HLA-A*02:01,tcr8145,1
vdjdb_full_16753,YLLEMLWRL_HLA-A*02:01,tcr12159,1
vdjdb_full_16754,YLLEMLWRL_HLA-A*02:01,tcr13343,1
vdjdb_full_16755,YLLEMLWRL_HLA-A*02:01,tcr4885,1
vdjdb_full_16756,YLLEMLWRL_HLA-A*02:01,tcr10333,1
vdjdb_full_16757,YLLEMLWRL_HLA-A*02:01,tcr11842,1
vdjdb_full_16758,YLLEMLWRL_HLA-A*02:01,tcr14393,1
vdjdb_full_16759,YLLEMLWRL_HLA-A*02:01,tcr4352,1
vdjdb_full_16760,YLLEMLWRL_HLA-A*02:01,tcr2510,1
vdjdb_full_16761,YLLEMLWRL_HLA-A*02:01,tcr12005,1
vdjdb_full_15755,RTLNAWVKV_HLA-A*02:01,tcr16908,1
vdjdb_full_15756,RTLNAWVKV_HLA-A*02:01,tcr737,1
vdjdb_full_15757,RTLNAWVKV_HLA-A*02:01,tcr12422,1
vdjdb_full_15759,RTLNAWVKV_HLA-A*02:01,tcr5538,1
vdjdb_full_15760,RTLNAWVKV_HLA-A*02:01,tcr6357,1
vdjdb_full_15761,RTLNAWVKV_HLA-A*02:01,tcr18151,1
vdjdb_full_15762,RTLNAWVKV_HLA-A*02:01,tcr3804,1
vdjdb_full_15763,RTLNAWVKV_HLA-A*02:01,tcr2709,1
vdjdb_full_15764,RTLNAWVKV_HLA-A*02:01,tcr14203,1
vdjdb_full_15765,RTLNAWVKV_HLA-A*02:01,tcr5064,1
vdjdb_full_15766,RTLNAWVKV_HLA-A*02:01,tcr5635,1
vdjdb_full_15767,RTLNAWVKV_HLA-A*02:01,tcr16104,1
vdjdb_full_15768,RTLNAWVKV_HLA-A*02:01,tcr6763,1
vdjdb_full_15769,RTLNAWVKV_HLA-A*02:01,tcr9055,1
vdjdb_full_15770,RTLNAWVKV_HLA-A*02:01,tcr11109,1
vdjdb_full_15772,RTLNAWVKV_HLA-A*02:01,tcr15580,1
vdjdb_full_15773,RTLNAWVKV_HLA-A*02:01,tcr13272,1
vdjdb_full_15774,RTLNAWVKV_HLA-A*02:01,tcr12115,1
vdjdb_full_15775,RTLNAWVKV_HLA-A*02:01,tcr1294,1
vdjdb_full_15776,RTLNAWVKV_HLA-A*02:01,tcr6455,1
vdjdb_full_15777,RTLNAWVKV_HLA-A*02:01,tcr3273,1
vdjdb_full_15778,RTLNAWVKV_HLA-A*02:01,tcr8005,1
vdjdb_full_15779,RTLNAWVKV_HLA-A*02:01,tcr1667,1
vdjdb_full_15780,RTLNAWVKV_HLA-A*02:01,tcr7360,1
vdjdb_full_15781,RTLNAWVKV_HLA-A*02:01,tcr985,1
vdjdb_full_15782,RTLNAWVKV_HLA-A*02:01,tcr18074,1
vdjdb_full_15783,RTLNAWVKV_HLA-A*02:01,tcr6183,1
vdjdb_full_15784,RTLNAWVKV_HLA-A*02:01,tcr330,1
vdjdb_full_15785,RTLNAWVKV_HLA-A*02:01,tcr5125,1
vdjdb_full_15786,RTLNAWVKV_HLA-A*02:01,tcr1090,1
vdjdb_full_15787,RTLNAWVKV_HLA-A*02:01,tcr2011,1
vdjdb_full_15788,RTLNAWVKV_HLA-A*02:01,tcr5975,1
vdjdb_full_15789,RTLNAWVKV_HLA-A*02:01,tcr17306,1
vdjdb_full_15791,RTLNAWVKV_HLA-A*02:01,tcr14837,1
vdjdb_full_15792,RTLNAWVKV_HLA-A*02:01,tcr14431,1
vdjdb_full_15793,RTLNAWVKV_HLA-A*02:01,tcr17590,1
vdjdb_full_15794,RTLNAWVKV_HLA-A*02:01,tcr8665,1
vdjdb_full_15795,RTLNAWVKV_HLA-A*02:01,tcr12660,1
vdjdb_full_15796,RTLNAWVKV_HLA-A*02:01,tcr8426,1
vdjdb_full_15797,RTLNAWVKV_HLA-A*02:01,tcr18292,1
vdjdb_full_15798,RTLNAWVKV_HLA-A*02:01,tcr16476,1
vdjdb_full_15799,RTLNAWVKV_HLA-A*02:01,tcr13319,1
vdjdb_full_15800,RTLNAWVKV_HLA-A*02:01,tcr7493,1
vdjdb_full_16353,PTDNYITTY_HLA-A*01:01,tcr4519,1
vdjdb_full_16354,PTDNYITTY_HLA-A*01:01,tcr9245,1
vdjdb_full_16355,PTDNYITTY_HLA-A*01:01,tcr14740,1
vdjdb_full_16356,PTDNYITTY_HLA-A*01:01,tcr3809,1
vdjdb_full_16357,PTDNYITTY_HLA-A*01:01,tcr18361,1
vdjdb_full_16358,PTDNYITTY_HLA-A*01:01,tcr3468,1
vdjdb_full_16359,PTDNYITTY_HLA-A*01:01,tcr11918,1
vdjdb_full_16360,PTDNYITTY_HLA-A*01:01,tcr12601,1
vdjdb_full_16361,PTDNYITTY_HLA-A*01:01,tcr14948,1
vdjdb_full_16362,PTDNYITTY_HLA-A*01:01,tcr12710,1
vdjdb_full_16363,PTDNYITTY_HLA-A*01:01,tcr14866,1
vdjdb_full_16364,PTDNYITTY_HLA-A*01:01,tcr3256,1
vdjdb_full_16365,PTDNYITTY_HLA-A*01:01,tcr15948,1
vdjdb_full_16366,PTDNYITTY_HLA-A*01:01,tcr2901,1
vdjdb_full_16367,PTDNYITTY_HLA-A*01:01,tcr15369,1
vdjdb_full_16368,PTDNYITTY_HLA-A*01:01,tcr2607,1
vdjdb_full_16369,PTDNYITTY_HLA-A*01:01,tcr10242,1
vdjdb_full_16370,PTDNYITTY_HLA-A*01:01,tcr13447,1
vdjdb_full_16371,PTDNYITTY_HLA-A*01:01,tcr6742,1
vdjdb_full_16372,PTDNYITTY_HLA-A*01:01,tcr11286,1
vdjdb_full_16373,PTDNYITTY_HLA-A*01:01,tcr5143,1
vdjdb_full_16374,PTDNYITTY_HLA-A*01:01,tcr9074,1
vdjdb_full_16375,PTDNYITTY_HLA-A*01:01,tcr11973,1
vdjdb_full_16376,PTDNYITTY_HLA-A*01:01,tcr8980,1
vdjdb_full_16377,PTDNYITTY_HLA-A*01:01,tcr131,1
vdjdb_full_16378,PTDNYITTY_HLA-A*01:01,tcr2947,1
vdjdb_full_16379,PTDNYITTY_HLA-A*01:01,tcr7222,1
vdjdb_full_16380,PTDNYITTY_HLA-A*01:01,tcr12876,1
vdjdb_full_16381,PTDNYITTY_HLA-A*01:01,tcr3998,1
vdjdb_full_16382,PTDNYITTY_HLA-A*01:01,tcr15489,1
vdjdb_full_16383,PTDNYITTY_HLA-A*01:01,tcr17695,1
vdjdb_full_16384,PTDNYITTY_HLA-A*01:01,tcr12522,1
vdjdb_full_16385,PTDNYITTY_HLA-A*01:01,tcr6033,1
vdjdb_full_16386,PTDNYITTY_HLA-A*01:01,tcr16038,1
vdjdb_full_16387,PTDNYITTY_HLA-A*01:01,tcr14354,1
vdjdb_full_16388,PTDNYITTY_HLA-A*01:01,tcr9396,1
vdjdb_full_16389,PTDNYITTY_HLA-A*01:01,tcr17672,1
vdjdb_full_16390,PTDNYITTY_HLA-A*01:01,tcr17824,1
vdjdb_full_16391,PTDNYITTY_HLA-A*01:01,tcr2979,1
vdjdb_full_16392,PTDNYITTY_HLA-A*01:01,tcr15820,1
vdjdb_full_16948,NYNYLYRLF_HLA-A*24:02,tcr241,1
vdjdb_full_16949,NYNYLYRLF_HLA-A*24:02,tcr17440,1
vdjdb_full_16950,NYNYLYRLF_HLA-A*24:02,tcr2063,1
vdjdb_full_16951,NYNYLYRLF_HLA-A*24:02,tcr7508,1
vdjdb_full_16952,NYNYLYRLF_HLA-A*24:02,tcr8994,1
vdjdb_full_16953,NYNYLYRLF_HLA-A*24:02,tcr6851,1
vdjdb_full_16954,NYNYLYRLF_HLA-A*24:02,tcr615,1
vdjdb_full_16955,NYNYLYRLF_HLA-A*24:02,tcr8251,1
vdjdb_full_16958,NYNYLYRLF_HLA-A*24:02,tcr2735,1
vdjdb_full_16959,NYNYLYRLF_HLA-A*24:02,tcr6454,1
vdjdb_full_16960,NYNYLYRLF_HLA-A*24:02,tcr2511,1
vdjdb_full_16961,NYNYLYRLF_HLA-A*24:02,tcr9375,1
vdjdb_full_16962,NYNYLYRLF_HLA-A*24:02,tcr11767,1
vdjdb_full_16964,NYNYLYRLF_HLA-A*24:02,tcr18353,1
vdjdb_full_16965,NYNYLYRLF_HLA-A*24:02,tcr14381,1
vdjdb_full_16966,NYNYLYRLF_HLA-A*24:02,tcr648,1
vdjdb_full_16967,NYNYLYRLF_HLA-A*24:02,tcr3755,1
vdjdb_full_16969,NYNYLYRLF_HLA-A*24:02,tcr8800,1
vdjdb_full_16970,NYNYLYRLF_HLA-A*24:02,tcr13906,1
vdjdb_full_16971,NYNYLYRLF_HLA-A*24:02,tcr15516,1
vdjdb_full_16972,NYNYLYRLF_HLA-A*24:02,tcr9227,1
vdjdb_full_16973,NYNYLYRLF_HLA-A*24:02,tcr14138,1
vdjdb_full_16974,NYNYLYRLF_HLA-A*24:02,tcr15843,1
vdjdb_full_16976,NYNYLYRLF_HLA-A*24:02,tcr10426,1
vdjdb_full_16978,NYNYLYRLF_HLA-A*24:02,tcr11239,1
vdjdb_full_16979,NYNYLYRLF_HLA-A*24:02,tcr7394,1
vdjdb_full_16980,NYNYLYRLF_HLA-A*24:02,tcr12084,1
vdjdb_full_16981,NYNYLYRLF_HLA-A*24:02,tcr8787,1
vdjdb_full_16982,NYNYLYRLF_HLA-A*24:02,tcr10964,1
vdjdb_full_16984,NYNYLYRLF_HLA-A*24:02,tcr8390,1
vdjdb_full_16985,NYNYLYRLF_HLA-A*24:02,tcr11230,1
vdjdb_full_16986,NYNYLYRLF_HLA-A*24:02,tcr17991,1
vdjdb_full_16987,NYNYLYRLF_HLA-A*24:02,tcr15474,1
vdjdb_full_16988,NYNYLYRLF_HLA-A*24:02,tcr9891,1
vdjdb_full_16990,NYNYLYRLF_HLA-A*24:02,tcr3257,1
vdjdb_full_16991,NYNYLYRLF_HLA-A*24:02,tcr2864,1
vdjdb_full_16992,NYNYLYRLF_HLA-A*24:02,tcr7181,1
vdjdb_full_16993,NYNYLYRLF_HLA-A*24:02,tcr17118,1
vdjdb_full_16994,NYNYLYRLF_HLA-A*24:02,tcr9869,1
vdjdb_full_16995,NYNYLYRLF_HLA-A*24:02,tcr9775,1
vdjdb_full_13879,AYAQKIFKI_HLA-A*24:02,tcr17448,1
vdjdb_full_13880,AYAQKIFKI_HLA-A*24:02,tcr13638,1
vdjdb_full_13881,AYAQKIFKI_HLA-A*24:02,tcr18195,1
vdjdb_full_13882,AYAQKIFKI_HLA-A*24:02,tcr11686,1
vdjdb_full_13883,AYAQKIFKI_HLA-A*24:02,tcr2473,1
vdjdb_full_13884,AYAQKIFKI_HLA-A*24:02,tcr18160,1
vdjdb_full_13885,AYAQKIFKI_HLA-A*24:02,tcr1386,1
vdjdb_full_13886,AYAQKIFKI_HLA-A*24:02,tcr16690,1
vdjdb_full_13887,AYAQKIFKI_HLA-A*24:02,tcr14926,1
vdjdb_full_13888,AYAQKIFKI_HLA-A*24:02,tcr14050,1
vdjdb_full_13889,AYAQKIFKI_HLA-A*24:02,tcr7420,1
vdjdb_full_13890,AYAQKIFKI_HLA-A*24:02,tcr5950,1
vdjdb_full_13891,AYAQKIFKI_HLA-A*24:02,tcr17726,1
vdjdb_full_13892,AYAQKIFKI_HLA-A*24:02,tcr13141,1
vdjdb_full_13893,AYAQKIFKI_HLA-A*24:02,tcr4902,1
vdjdb_full_13894,AYAQKIFKI_HLA-A*24:02,tcr15485,1
vdjdb_full_13895,AYAQKIFKI_HLA-A*24:02,tcr9319,1
vdjdb_full_13896,AYAQKIFKI_HLA-A*24:02,tcr10658,1
vdjdb_full_13897,AYAQKIFKI_HLA-A*24:02,tcr7973,1
vdjdb_full_13898,AYAQKIFKI_HLA-A*24:02,tcr10600,1
vdjdb_full_13899,AYAQKIFKI_HLA-A*24:02,tcr8341,1
vdjdb_full_13900,AYAQKIFKI_HLA-A*24:02,tcr17572,1
vdjdb_full_13901,AYAQKIFKI_HLA-A*24:02,tcr18113,1
vdjdb_full_13902,AYAQKIFKI_HLA-A*24:02,tcr15356,1
vdjdb_full_13903,AYAQKIFKI_HLA-A*24:02,tcr7151,1
vdjdb_full_13904,AYAQKIFKI_HLA-A*24:02,tcr12639,1
vdjdb_full_13905,AYAQKIFKI_HLA-A*24:02,tcr911,1
vdjdb_full_13906,AYAQKIFKI_HLA-A*24:02,tcr16444,1
vdjdb_full_13907,AYAQKIFKI_HLA-A*24:02,tcr11094,1
vdjdb_full_13908,AYAQKIFKI_HLA-A*24:02,tcr11502,1
vdjdb_full_13909,AYAQKIFKI_HLA-A*24:02,tcr5441,1
vdjdb_full_13910,AYAQKIFKI_HLA-A*24:02,tcr2762,1
vdjdb_full_13911,AYAQKIFKI_HLA-A*24:02,tcr3221,1
vdjdb_full_13912,AYAQKIFKI_HLA-A*24:02,tcr13795,1
vdjdb_full_13913,AYAQKIFKI_HLA-A*24:02,tcr4258,1
vdjdb_full_13914,AYAQKIFKI_HLA-A*24:02,tcr7532,1
vdjdb_full_13915,AYAQKIFKI_HLA-A*24:02,tcr6865,1
vdjdb_full_13916,AYAQKIFKI_HLA-A*24:02,tcr10446,1
vdjdb_full_13917,AYAQKIFKI_HLA-A*24:02,tcr2799,1
vdjdb_full_16764,RLPGVLPRA_HLA-A*02:01,tcr1191,1
vdjdb_full_16765,RLPGVLPRA_HLA-A*02:01,tcr4164,1
vdjdb_full_16766,RLPGVLPRA_HLA-A*02:01,tcr13819,1
vdjdb_full_16767,RLPGVLPRA_HLA-A*02:01,tcr1179,1
vdjdb_full_16768,RLPGVLPRA_HLA-A*02:01,tcr8301,1
vdjdb_full_16769,RLPGVLPRA_HLA-A*02:01,tcr14335,1
vdjdb_full_16770,RLPGVLPRA_HLA-A*02:01,tcr929,1
vdjdb_full_16771,RLPGVLPRA_HLA-A*02:01,tcr12604,1
vdjdb_full_16772,RLPGVLPRA_HLA-A*02:01,tcr8359,1
vdjdb_full_16773,RLPGVLPRA_HLA-A*02:01,tcr1563,1
vdjdb_full_16774,RLPGVLPRA_HLA-A*02:01,tcr16703,1
vdjdb_full_16775,RLPGVLPRA_HLA-A*02:01,tcr3076,1
vdjdb_full_16776,RLPGVLPRA_HLA-A*02:01,tcr9173,1
vdjdb_full_16777,RLPGVLPRA_HLA-A*02:01,tcr15445,1
vdjdb_full_16778,RLPGVLPRA_HLA-A*02:01,tcr10100,1
vdjdb_full_16779,RLPGVLPRA_HLA-A*02:01,tcr870,1
vdjdb_full_16780,RLPGVLPRA_HLA-A*02:01,tcr9370,1
vdjdb_full_16781,RLPGVLPRA_HLA-A*02:01,tcr5732,1
vdjdb_full_16783,RLPGVLPRA_HLA-A*02:01,tcr6860,1
vdjdb_full_16784,RLPGVLPRA_HLA-A*02:01,tcr8900,1
vdjdb_full_16785,RLPGVLPRA_HLA-A*02:01,tcr2788,1
vdjdb_full_16786,RLPGVLPRA_HLA-A*02:01,tcr7136,1
vdjdb_full_16788,RLPGVLPRA_HLA-A*02:01,tcr11639,1
vdjdb_full_16789,RLPGVLPRA_HLA-A*02:01,tcr13486,1
vdjdb_full_16791,RLPGVLPRA_HLA-A*02:01,tcr16539,1
vdjdb_full_16792,RLPGVLPRA_HLA-A*02:01,tcr3127,1
vdjdb_full_16793,RLPGVLPRA_HLA-A*02:01,tcr922,1
vdjdb_full_16794,RLPGVLPRA_HLA-A*02:01,tcr12377,1
vdjdb_full_16795,RLPGVLPRA_HLA-A*02:01,tcr12962,1
vdjdb_full_16796,RLPGVLPRA_HLA-A*02:01,tcr10914,1
vdjdb_full_16797,RLPGVLPRA_HLA-A*02:01,tcr5402,1
vdjdb_full_16798,RLPGVLPRA_HLA-A*02:01,tcr8309,1
vdjdb_full_16799,RLPGVLPRA_HLA-A*02:01,tcr8591,1
vdjdb_full_16800,RLPGVLPRA_HLA-A*02:01,tcr6857,1
vdjdb_full_16801,RLPGVLPRA_HLA-A*02:01,tcr3660,1
vdjdb_full_16802,RLPGVLPRA_HLA-A*02:01,tcr6107,1
vdjdb_full_16803,RLPGVLPRA_HLA-A*02:01,tcr3239,1
vdjdb_full_16804,RLPGVLPRA_HLA-A*02:01,tcr12196,1
vdjdb_full_16805,RLPGVLPRA_HLA-A*02:01,tcr11539,1
vdjdb_full_16850,MEVTPSGTWL_HLA-B*40:01,tcr16885,1
vdjdb_full_16851,MEVTPSGTWL_HLA-B*40:01,tcr7343,1
vdjdb_full_16852,MEVTPSGTWL_HLA-B*40:01,tcr1003,1
vdjdb_full_16853,MEVTPSGTWL_HLA-B*40:01,tcr8264,1
vdjdb_full_16854,MEVTPSGTWL_HLA-B*40:01,tcr810,1
vdjdb_full_16855,MEVTPSGTWL_HLA-B*40:01,tcr6158,1
vdjdb_full_16856,MEVTPSGTWL_HLA-B*40:01,tcr11059,1
vdjdb_full_16857,MEVTPSGTWL_HLA-B*40:01,tcr10256,1
vdjdb_full_16858,MEVTPSGTWL_HLA-B*40:01,tcr7648,1
vdjdb_full_16859,MEVTPSGTWL_HLA-B*40:01,tcr16929,1
vdjdb_full_16860,MEVTPSGTWL_HLA-B*40:01,tcr12676,1
vdjdb_full_16862,MEVTPSGTWL_HLA-B*40:01,tcr1302,1
vdjdb_full_16863,MEVTPSGTWL_HLA-B*40:01,tcr5661,1
vdjdb_full_16865,MEVTPSGTWL_HLA-B*40:01,tcr6642,1
vdjdb_full_16866,MEVTPSGTWL_HLA-B*40:01,tcr12730,1
vdjdb_full_16867,MEVTPSGTWL_HLA-B*40:01,tcr3940,1
vdjdb_full_16868,MEVTPSGTWL_HLA-B*40:01,tcr13777,1
vdjdb_full_16869,MEVTPSGTWL_HLA-B*40:01,tcr3188,1
vdjdb_full_16870,MEVTPSGTWL_HLA-B*40:01,tcr1869,1
vdjdb_full_16871,MEVTPSGTWL_HLA-B*40:01,tcr16113,1
vdjdb_full_16872,MEVTPSGTWL_HLA-B*40:01,tcr5106,1
vdjdb_full_16874,MEVTPSGTWL_HLA-B*40:01,tcr10918,1
vdjdb_full_16875,MEVTPSGTWL_HLA-B*40:01,tcr1245,1
vdjdb_full_16876,MEVTPSGTWL_HLA-B*40:01,tcr9123,1
vdjdb_full_16877,MEVTPSGTWL_HLA-B*40:01,tcr14298,1
vdjdb_full_16878,MEVTPSGTWL_HLA-B*40:01,tcr4629,1
vdjdb_full_16879,MEVTPSGTWL_HLA-B*40:01,tcr2104,1
vdjdb_full_16880,MEVTPSGTWL_HLA-B*40:01,tcr11432,1
vdjdb_full_16881,MEVTPSGTWL_HLA-B*40:01,tcr5968,1
vdjdb_full_16882,MEVTPSGTWL_HLA-B*40:01,tcr11062,1
vdjdb_full_16883,MEVTPSGTWL_HLA-B*40:01,tcr11440,1
vdjdb_full_16884,MEVTPSGTWL_HLA-B*40:01,tcr12491,1
vdjdb_full_16885,MEVTPSGTWL_HLA-B*40:01,tcr16688,1
vdjdb_full_16886,MEVTPSGTWL_HLA-B*40:01,tcr10845,1
vdjdb_full_16887,MEVTPSGTWL_HLA-B*40:01,tcr16297,1
vdjdb_full_16888,MEVTPSGTWL_HLA-B*40:01,tcr17142,1
vdjdb_full_16889,MEVTPSGTWL_HLA-B*40:01,tcr8751,1
vdjdb_full_16891,MEVTPSGTWL_HLA-B*40:01,tcr3281,1
vdjdb_full_16892,MEVTPSGTWL_HLA-B*40:01,tcr2751,1
vdjdb_full_12123,FTSDYYQLY_HLA-A*01:01,tcr8457,1
vdjdb_full_12124,FTSDYYQLY_HLA-A*01:01,tcr17906,1
vdjdb_full_12125,FTSDYYQLY_HLA-A*01:01,tcr6498,1
vdjdb_full_12126,FTSDYYQLY_HLA-A*01:01,tcr10968,1
vdjdb_full_12127,FTSDYYQLY_HLA-A*01:01,tcr11246,1
vdjdb_full_12128,FTSDYYQLY_HLA-A*01:01,tcr13106,1
vdjdb_full_12129,FTSDYYQLY_HLA-A*01:01,tcr10153,1
vdjdb_full_12130,FTSDYYQLY_HLA-A*01:01,tcr453,1
vdjdb_full_12131,FTSDYYQLY_HLA-A*01:01,tcr18153,1
vdjdb_full_12132,FTSDYYQLY_HLA-A*01:01,tcr1824,1
vdjdb_full_12133,FTSDYYQLY_HLA-A*01:01,tcr16063,1
vdjdb_full_12134,FTSDYYQLY_HLA-A*01:01,tcr3318,1
vdjdb_full_12135,FTSDYYQLY_HLA-A*01:01,tcr10526,1
vdjdb_full_12136,FTSDYYQLY_HLA-A*01:01,tcr1130,1
vdjdb_full_12137,FTSDYYQLY_HLA-A*01:01,tcr14317,1
vdjdb_full_12138,FTSDYYQLY_HLA-A*01:01,tcr11041,1
vdjdb_full_12139,FTSDYYQLY_HLA-A*01:01,tcr430,1
vdjdb_full_12140,FTSDYYQLY_HLA-A*01:01,tcr12975,1
vdjdb_full_12141,FTSDYYQLY_HLA-A*01:01,tcr4025,1
vdjdb_full_12142,FTSDYYQLY_HLA-A*01:01,tcr8527,1
vdjdb_full_12143,FTSDYYQLY_HLA-A*01:01,tcr696,1
vdjdb_full_12144,FTSDYYQLY_HLA-A*01:01,tcr1593,1
vdjdb_full_12145,FTSDYYQLY_HLA-A*01:01,tcr8745,1
vdjdb_full_12146,FTSDYYQLY_HLA-A*01:01,tcr17438,1
vdjdb_full_12147,FTSDYYQLY_HLA-A*01:01,tcr15666,1
vdjdb_full_12148,FTSDYYQLY_HLA-A*01:01,tcr16097,1
vdjdb_full_12149,FTSDYYQLY_HLA-A*01:01,tcr16979,1
vdjdb_full_12150,FTSDYYQLY_HLA-A*01:01,tcr14821,1
vdjdb_full_12151,FTSDYYQLY_HLA-A*01:01,tcr14811,1
vdjdb_full_12152,FTSDYYQLY_HLA-A*01:01,tcr13128,1
vdjdb_full_12153,FTSDYYQLY_HLA-A*01:01,tcr16371,1
vdjdb_full_12154,FTSDYYQLY_HLA-A*01:01,tcr8571,1
vdjdb_full_12155,FTSDYYQLY_HLA-A*01:01,tcr13848,1
vdjdb_full_12156,FTSDYYQLY_HLA-A*01:01,tcr16525,1
vdjdb_full_12157,FTSDYYQLY_HLA-A*01:01,tcr7921,1
vdjdb_full_12158,FTSDYYQLY_HLA-A*01:01,tcr10494,1
vdjdb_full_12159,FTSDYYQLY_HLA-A*01:01,tcr3698,1
vdjdb_full_12160,FTSDYYQLY_HLA-A*01:01,tcr3799,1
vdjdb_full_15990,KLVALGINAV_HLA-A*02:01,tcr2022,1
vdjdb_full_15991,KLVALGINAV_HLA-A*02:01,tcr15599,1
vdjdb_full_15992,KLVALGINAV_HLA-A*02:01,tcr13070,1
vdjdb_full_15993,KLVALGINAV_HLA-A*02:01,tcr4843,1
vdjdb_full_15994,KLVALGINAV_HLA-A*02:01,tcr10219,1
vdjdb_full_15995,KLVALGINAV_HLA-A*02:01,tcr2541,1
vdjdb_full_15996,KLVALGINAV_HLA-A*02:01,tcr4826,1
vdjdb_full_15997,KLVALGINAV_HLA-A*02:01,tcr8395,1
vdjdb_full_15998,KLVALGINAV_HLA-A*02:01,tcr6637,1
vdjdb_full_15999,KLVALGINAV_HLA-A*02:01,tcr9935,1
vdjdb_full_16000,KLVALGINAV_HLA-A*02:01,tcr12467,1
vdjdb_full_16001,KLVALGINAV_HLA-A*02:01,tcr10438,1
vdjdb_full_16002,KLVALGINAV_HLA-A*02:01,tcr16281,1
vdjdb_full_16003,KLVALGINAV_HLA-A*02:01,tcr3916,1
vdjdb_full_16004,KLVALGINAV_HLA-A*02:01,tcr3265,1
vdjdb_full_16005,KLVALGINAV_HLA-A*02:01,tcr12907,1
vdjdb_full_16006,KLVALGINAV_HLA-A*02:01,tcr14701,1
vdjdb_full_16007,KLVALGINAV_HLA-A*02:01,tcr1185,1
vdjdb_full_16008,KLVALGINAV_HLA-A*02:01,tcr15346,1
vdjdb_full_16009,KLVALGINAV_HLA-A*02:01,tcr14664,1
vdjdb_full_16010,KLVALGINAV_HLA-A*02:01,tcr3667,1
vdjdb_full_16011,KLVALGINAV_HLA-A*02:01,tcr16510,1
vdjdb_full_16012,KLVALGINAV_HLA-A*02:01,tcr9129,1
vdjdb_full_16013,KLVALGINAV_HLA-A*02:01,tcr11598,1
vdjdb_full_16014,KLVALGINAV_HLA-A*02:01,tcr3801,1
vdjdb_full_16015,KLVALGINAV_HLA-A*02:01,tcr7867,1
vdjdb_full_16016,KLVALGINAV_HLA-A*02:01,tcr2533,1
vdjdb_full_16017,KLVALGINAV_HLA-A*02:01,tcr6606,1
vdjdb_full_16018,KLVALGINAV_HLA-A*02:01,tcr9001,1
vdjdb_full_16019,KLVALGINAV_HLA-A*02:01,tcr558,1
vdjdb_full_16020,KLVALGINAV_HLA-A*02:01,tcr14536,1
vdjdb_full_16021,KLVALGINAV_HLA-A*02:01,tcr5642,1
vdjdb_full_16022,KLVALGINAV_HLA-A*02:01,tcr15118,1
vdjdb_full_16023,KLVALGINAV_HLA-A*02:01,tcr8890,1
vdjdb_full_16024,KLVALGINAV_HLA-A*02:01,tcr16023,1
vdjdb_full_16025,KLVALGINAV_HLA-A*02:01,tcr16291,1
vdjdb_full_16026,KLVALGINAV_HLA-A*02:01,tcr14829,1
vdjdb_full_16027,KLVALGINAV_HLA-A*02:01,tcr762,1
vdjdb_full_14735,RAQAPPPSW_HLA-B*57:01,tcr11147,1
vdjdb_full_14736,RAQAPPPSW_HLA-B*57:01,tcr10651,1
vdjdb_full_14737,RAQAPPPSW_HLA-B*57:01,tcr2,1
vdjdb_full_14738,RAQAPPPSW_HLA-B*57:01,tcr3492,1
vdjdb_full_14739,RAQAPPPSW_HLA-B*57:01,tcr10774,1
vdjdb_full_14740,RAQAPPPSW_HLA-B*57:01,tcr13651,1
vdjdb_full_14741,RAQAPPPSW_HLA-B*57:01,tcr8207,1
vdjdb_full_14742,RAQAPPPSW_HLA-B*57:01,tcr2748,1
vdjdb_full_14743,RAQAPPPSW_HLA-B*57:01,tcr8582,1
vdjdb_full_14744,RAQAPPPSW_HLA-B*57:01,tcr12093,1
vdjdb_full_14745,RAQAPPPSW_HLA-B*57:01,tcr8090,1
vdjdb_full_14746,RAQAPPPSW_HLA-B*57:01,tcr6009,1
vdjdb_full_14750,RAQAPPPSW_HLA-B*57:01,tcr1341,1
vdjdb_full_14751,RAQAPPPSW_HLA-B*57:01,tcr4460,1
vdjdb_full_14753,RAQAPPPSW_HLA-B*57:01,tcr17433,1
vdjdb_full_14754,RAQAPPPSW_HLA-B*57:01,tcr6530,1
vdjdb_full_14755,RAQAPPPSW_HLA-B*57:01,tcr1720,1
vdjdb_full_14756,RAQAPPPSW_HLA-B*57:01,tcr12742,1
vdjdb_full_14757,RAQAPPPSW_HLA-B*57:01,tcr12306,1
vdjdb_full_14758,RAQAPPPSW_HLA-B*57:01,tcr14774,1
vdjdb_full_14759,RAQAPPPSW_HLA-B*57:01,tcr4666,1
vdjdb_full_14760,RAQAPPPSW_HLA-B*57:01,tcr14355,1
vdjdb_full_14761,RAQAPPPSW_HLA-B*57:01,tcr11393,1
vdjdb_full_14762,RAQAPPPSW_HLA-B*57:01,tcr5548,1
vdjdb_full_14763,RAQAPPPSW_HLA-B*57:01,tcr3960,1
vdjdb_full_14765,RAQAPPPSW_HLA-B*57:01,tcr17040,1
vdjdb_full_14766,RAQAPPPSW_HLA-B*57:01,tcr1548,1
vdjdb_full_14768,RAQAPPPSW_HLA-B*57:01,tcr6485,1
vdjdb_full_14769,RAQAPPPSW_HLA-B*57:01,tcr6852,1
vdjdb_full_14770,RAQAPPPSW_HLA-B*57:01,tcr6237,1
vdjdb_full_14771,RAQAPPPSW_HLA-B*57:01,tcr10123,1
vdjdb_full_14772,RAQAPPPSW_HLA-B*57:01,tcr11888,1
vdjdb_full_14773,RAQAPPPSW_HLA-B*57:01,tcr6549,1
vdjdb_full_14774,RAQAPPPSW_HLA-B*57:01,tcr8363,1
vdjdb_full_14776,RAQAPPPSW_HLA-B*57:01,tcr11378,1
vdjdb_full_14777,RAQAPPPSW_HLA-B*57:01,tcr4152,1
vdjdb_full_14778,RAQAPPPSW_HLA-B*57:01,tcr780,1
vdjdb_full_15512,SLFNTVATLY_HLA-A*02:01,tcr11848,1
vdjdb_full_15513,SLFNTVATLY_HLA-A*02:01,tcr5800,1
vdjdb_full_15514,SLFNTVATLY_HLA-A*02:01,tcr12227,1
vdjdb_full_15515,SLFNTVATLY_HLA-A*02:01,tcr4462,1
vdjdb_full_15516,SLFNTVATLY_HLA-A*02:01,tcr8023,1
vdjdb_full_15517,SLFNTVATLY_HLA-A*02:01,tcr11097,1
vdjdb_full_15519,SLFNTVATLY_HLA-A*02:01,tcr10549,1
vdjdb_full_15521,SLFNTVATLY_HLA-A*02:01,tcr13293,1
vdjdb_full_15522,SLFNTVATLY_HLA-A*02:01,tcr5662,1
vdjdb_full_15523,SLFNTVATLY_HLA-A*02:01,tcr12337,1
vdjdb_full_15524,SLFNTVATLY_HLA-A*02:01,tcr7478,1
vdjdb_full_15525,SLFNTVATLY_HLA-A*02:01,tcr11448,1
vdjdb_full_15526,SLFNTVATLY_HLA-A*02:01,tcr12314,1
vdjdb_full_15527,SLFNTVATLY_HLA-A*02:01,tcr2720,1
vdjdb_full_15528,SLFNTVATLY_HLA-A*02:01,tcr997,1
vdjdb_full_15529,SLFNTVATLY_HLA-A*02:01,tcr985,1
vdjdb_full_15530,SLFNTVATLY_HLA-A*02:01,tcr2761,1
vdjdb_full_15531,SLFNTVATLY_HLA-A*02:01,tcr1663,1
vdjdb_full_15532,SLFNTVATLY_HLA-A*02:01,tcr14972,1
vdjdb_full_15533,SLFNTVATLY_HLA-A*02:01,tcr12660,1
vdjdb_full_15534,SLFNTVATLY_HLA-A*02:01,tcr6763,1
vdjdb_full_15535,SLFNTVATLY_HLA-A*02:01,tcr4392,1
vdjdb_full_15536,SLFNTVATLY_HLA-A*02:01,tcr3007,1
vdjdb_full_15537,SLFNTVATLY_HLA-A*02:01,tcr17790,1
vdjdb_full_15538,SLFNTVATLY_HLA-A*02:01,tcr11833,1
vdjdb_full_15539,SLFNTVATLY_HLA-A*02:01,tcr5741,1
vdjdb_full_15540,SLFNTVATLY_HLA-A*02:01,tcr14050,1
vdjdb_full_15541,SLFNTVATLY_HLA-A*02:01,tcr11566,1
vdjdb_full_15542,SLFNTVATLY_HLA-A*02:01,tcr3027,1
vdjdb_full_15543,SLFNTVATLY_HLA-A*02:01,tcr5768,1
vdjdb_full_15544,SLFNTVATLY_HLA-A*02:01,tcr14113,1
vdjdb_full_15545,SLFNTVATLY_HLA-A*02:01,tcr1480,1
vdjdb_full_15546,SLFNTVATLY_HLA-A*02:01,tcr6334,1
vdjdb_full_15547,SLFNTVATLY_HLA-A*02:01,tcr10313,1
vdjdb_full_15548,SLFNTVATLY_HLA-A*02:01,tcr9726,1
vdjdb_full_11043,FLASKIGRLV_HLA-A*02:01,tcr9883,1
vdjdb_full_11044,FLASKIGRLV_HLA-A*02:01,tcr5498,1
vdjdb_full_11045,FLASKIGRLV_HLA-A*02:01,tcr669,1
vdjdb_full_11046,FLASKIGRLV_HLA-A*02:01,tcr11848,1
vdjdb_full_11047,FLASKIGRLV_HLA-A*02:01,tcr3512,1
vdjdb_full_11048,FLASKIGRLV_HLA-A*02:01,tcr14212,1
vdjdb_full_11049,FLASKIGRLV_HLA-A*02:01,tcr17415,1
vdjdb_full_11050,FLASKIGRLV_HLA-A*02:01,tcr8402,1
vdjdb_full_11051,FLASKIGRLV_HLA-A*02:01,tcr3207,1
vdjdb_full_11052,FLASKIGRLV_HLA-A*02:01,tcr8237,1
vdjdb_full_11053,FLASKIGRLV_HLA-A*02:01,tcr13102,1
vdjdb_full_11054,FLASKIGRLV_HLA-A*02:01,tcr14759,1
vdjdb_full_11055,FLASKIGRLV_HLA-A*02:01,tcr14050,1
vdjdb_full_11056,FLASKIGRLV_HLA-A*02:01,tcr17259,1
vdjdb_full_11057,FLASKIGRLV_HLA-A*02:01,tcr9055,1
vdjdb_full_11058,FLASKIGRLV_HLA-A*02:01,tcr1001,1
vdjdb_full_11059,FLASKIGRLV_HLA-A*02:01,tcr985,1
vdjdb_full_11060,FLASKIGRLV_HLA-A*02:01,tcr6763,1
vdjdb_full_11061,FLASKIGRLV_HLA-A*02:01,tcr11119,1
vdjdb_full_11062,FLASKIGRLV_HLA-A*02:01,tcr466,1
vdjdb_full_11063,FLASKIGRLV_HLA-A*02:01,tcr6054,1
vdjdb_full_11064,FLASKIGRLV_HLA-A*02:01,tcr17483,1
vdjdb_full_11065,FLASKIGRLV_HLA-A*02:01,tcr11323,1
vdjdb_full_11066,FLASKIGRLV_HLA-A*02:01,tcr12328,1
vdjdb_full_11067,FLASKIGRLV_HLA-A*02:01,tcr10010,1
vdjdb_full_11068,FLASKIGRLV_HLA-A*02:01,tcr3175,1
vdjdb_full_11069,FLASKIGRLV_HLA-A*02:01,tcr15749,1
vdjdb_full_11070,FLASKIGRLV_HLA-A*02:01,tcr12660,1
vdjdb_full_11071,FLASKIGRLV_HLA-A*02:01,tcr6112,1
vdjdb_full_11073,FLASKIGRLV_HLA-A*02:01,tcr6820,1
vdjdb_full_11074,FLASKIGRLV_HLA-A*02:01,tcr8665,1
vdjdb_full_11075,FLASKIGRLV_HLA-A*02:01,tcr16507,1
vdjdb_full_11076,FLASKIGRLV_HLA-A*02:01,tcr6638,1
vdjdb_full_17024,LLYDANYFL_HLA-A*02:01,tcr4271,1
vdjdb_full_17025,LLYDANYFL_HLA-A*02:01,tcr2649,1
vdjdb_full_17026,LLYDANYFL_HLA-A*02:01,tcr7253,1
vdjdb_full_17027,LLYDANYFL_HLA-A*02:01,tcr8967,1
vdjdb_full_17028,LLYDANYFL_HLA-A*02:01,tcr10837,1
vdjdb_full_17029,LLYDANYFL_HLA-A*02:01,tcr12395,1
vdjdb_full_17030,LLYDANYFL_HLA-A*02:01,tcr7163,1
vdjdb_full_17031,LLYDANYFL_HLA-A*02:01,tcr13810,1
vdjdb_full_17032,LLYDANYFL_HLA-A*02:01,tcr8231,1
vdjdb_full_17033,LLYDANYFL_HLA-A*02:01,tcr11275,1
vdjdb_full_17034,LLYDANYFL_HLA-A*02:01,tcr7963,1
vdjdb_full_17035,LLYDANYFL_HLA-A*02:01,tcr14200,1
vdjdb_full_17036,LLYDANYFL_HLA-A*02:01,tcr8747,1
vdjdb_full_17037,LLYDANYFL_HLA-A*02:01,tcr9664,1
vdjdb_full_17038,LLYDANYFL_HLA-A*02:01,tcr16557,1
vdjdb_full_17039,LLYDANYFL_HLA-A*02:01,tcr16856,1
vdjdb_full_17040,LLYDANYFL_HLA-A*02:01,tcr7259,1
vdjdb_full_17041,LLYDANYFL_HLA-A*02:01,tcr8562,1
vdjdb_full_17042,LLYDANYFL_HLA-A*02:01,tcr17802,1
vdjdb_full_17043,LLYDANYFL_HLA-A*02:01,tcr16659,1
vdjdb_full_17044,LLYDANYFL_HLA-A*02:01,tcr3704,1
vdjdb_full_17045,LLYDANYFL_HLA-A*02:01,tcr8803,1
vdjdb_full_17046,LLYDANYFL_HLA-A*02:01,tcr417,1
vdjdb_full_17047,LLYDANYFL_HLA-A*02:01,tcr15017,1
vdjdb_full_17048,LLYDANYFL_HLA-A*02:01,tcr17181,1
vdjdb_full_17049,LLYDANYFL_HLA-A*02:01,tcr9445,1
vdjdb_full_17050,LLYDANYFL_HLA-A*02:01,tcr15049,1
vdjdb_full_17051,LLYDANYFL_HLA-A*02:01,tcr4024,1
vdjdb_full_17052,LLYDANYFL_HLA-A*02:01,tcr10919,1
vdjdb_full_17053,LLYDANYFL_HLA-A*02:01,tcr1621,1
vdjdb_full_17054,LLYDANYFL_HLA-A*02:01,tcr4179,1
vdjdb_full_17055,LLYDANYFL_HLA-A*02:01,tcr14070,1
vdjdb_full_15801,ALGIGILTV_HLA-A*02:01,tcr15730,1
vdjdb_full_15802,ALGIGILTV_HLA-A*02:01,tcr13666,1
vdjdb_full_15803,ALGIGILTV_HLA-A*02:01,tcr3431,1
vdjdb_full_15804,ALGIGILTV_HLA-A*02:01,tcr12430,1
vdjdb_full_15805,ALGIGILTV_HLA-A*02:01,tcr404,1
vdjdb_full_15806,ALGIGILTV_HLA-A*02:01,tcr11553,1
vdjdb_full_15807,ALGIGILTV_HLA-A*02:01,tcr6924,1
vdjdb_full_15808,ALGIGILTV_HLA-A*02:01,tcr1243,1
vdjdb_full_15809,ALGIGILTV_HLA-A*02:01,tcr16175,1
vdjdb_full_15810,ALGIGILTV_HLA-A*02:01,tcr1936,1
vdjdb_full_15811,ALGIGILTV_HLA-A*02:01,tcr7491,1
vdjdb_full_15812,ALGIGILTV_HLA-A*02:01,tcr13558,1
vdjdb_full_15813,ALGIGILTV_HLA-A*02:01,tcr9359,1
vdjdb_full_15814,ALGIGILTV_HLA-A*02:01,tcr1642,1
vdjdb_full_15815,ALGIGILTV_HLA-A*02:01,tcr16140,1
vdjdb_full_15816,ALGIGILTV_HLA-A*02:01,tcr4781,1
vdjdb_full_15817,ALGIGILTV_HLA-A*02:01,tcr11991,1
vdjdb_full_15818,ALGIGILTV_HLA-A*02:01,tcr12108,1
vdjdb_full_15819,ALGIGILTV_HLA-A*02:01,tcr8534,1
vdjdb_full_15820,ALGIGILTV_HLA-A*02:01,tcr11916,1
vdjdb_full_15821,ALGIGILTV_HLA-A*02:01,tcr8765,1
vdjdb_full_15822,ALGIGILTV_HLA-A*02:01,tcr16007,1
vdjdb_full_15823,ALGIGILTV_HLA-A*02:01,tcr8235,1
vdjdb_full_15824,ALGIGILTV_HLA-A*02:01,tcr16971,1
vdjdb_full_15825,ALGIGILTV_HLA-A*02:01,tcr3436,1
vdjdb_full_15826,ALGIGILTV_HLA-A*02:01,tcr245,1
vdjdb_full_15827,ALGIGILTV_HLA-A*02:01,tcr15552,1
vdjdb_full_15828,ALGIGILTV_HLA-A*02:01,tcr4813,1
vdjdb_full_15829,ALGIGILTV_HLA-A*02:01,tcr2583,1
vdjdb_full_15830,ALGIGILTV_HLA-A*02:01,tcr17650,1
vdjdb_full_15831,ALGIGILTV_HLA-A*02:01,tcr3564,1
vdjdb_full_10516,HPNGYKSLSTL_HLA-B*07:02,tcr2442,1
vdjdb_full_10517,HPNGYKSLSTL_HLA-B*07:02,tcr16652,1
vdjdb_full_10518,HPNGYKSLSTL_HLA-B*07:02,tcr8998,1
vdjdb_full_10519,HPNGYKSLSTL_HLA-B*07:02,tcr16713,1
vdjdb_full_10521,HPNGYKSLSTL_HLA-B*07:02,tcr1266,1
vdjdb_full_10522,HPNGYKSLSTL_HLA-B*07:02,tcr10081,1
vdjdb_full_10523,HPNGYKSLSTL_HLA-B*07:02,tcr12783,1
vdjdb_full_10524,HPNGYKSLSTL_HLA-B*07:02,tcr13744,1
vdjdb_full_10525,HPNGYKSLSTL_HLA-B*07:02,tcr10961,1
vdjdb_full_10526,HPNGYKSLSTL_HLA-B*07:02,tcr5172,1
vdjdb_full_10527,HPNGYKSLSTL_HLA-B*07:02,tcr10289,1
vdjdb_full_10528,HPNGYKSLSTL_HLA-B*07:02,tcr5061,1
vdjdb_full_10529,HPNGYKSLSTL_HLA-B*07:02,tcr4122,1
vdjdb_full_10530,HPNGYKSLSTL_HLA-B*07:02,tcr817,1
vdjdb_full_10531,HPNGYKSLSTL_HLA-B*07:02,tcr1287,1
vdjdb_full_10532,HPNGYKSLSTL_HLA-B*07:02,tcr14487,1
vdjdb_full_10533,HPNGYKSLSTL_HLA-B*07:02,tcr7753,1
vdjdb_full_10535,HPNGYKSLSTL_HLA-B*07:02,tcr11729,1
vdjdb_full_10536,HPNGYKSLSTL_HLA-B*07:02,tcr6001,1
vdjdb_full_10537,HPNGYKSLSTL_HLA-B*07:02,tcr12796,1
vdjdb_full_10538,HPNGYKSLSTL_HLA-B*07:02,tcr8658,1
vdjdb_full_10539,HPNGYKSLSTL_HLA-B*07:02,tcr5160,1
vdjdb_full_10540,HPNGYKSLSTL_HLA-B*07:02,tcr14585,1
vdjdb_full_10541,HPNGYKSLSTL_HLA-B*07:02,tcr6651,1
vdjdb_full_10542,HPNGYKSLSTL_HLA-B*07:02,tcr9181,1
vdjdb_full_10543,HPNGYKSLSTL_HLA-B*07:02,tcr16824,1
vdjdb_full_10544,HPNGYKSLSTL_HLA-B*07:02,tcr5481,1
vdjdb_full_10545,HPNGYKSLSTL_HLA-B*07:02,tcr17788,1
vdjdb_full_15715,VYFLQSINF_HLA-A*24:02,tcr1468,1
vdjdb_full_15716,VYFLQSINF_HLA-A*24:02,tcr1917,1
vdjdb_full_15717,VYFLQSINF_HLA-A*24:02,tcr4023,1
vdjdb_full_15718,VYFLQSINF_HLA-A*24:02,tcr16954,1
vdjdb_full_15719,VYFLQSINF_HLA-A*24:02,tcr13982,1
vdjdb_full_15720,VYFLQSINF_HLA-A*24:02,tcr5464,1
vdjdb_full_15721,VYFLQSINF_HLA-A*24:02,tcr11244,1
vdjdb_full_15722,VYFLQSINF_HLA-A*24:02,tcr14467,1
vdjdb_full_15723,VYFLQSINF_HLA-A*24:02,tcr17625,1
vdjdb_full_15724,VYFLQSINF_HLA-A*24:02,tcr13477,1
vdjdb_full_15726,VYFLQSINF_HLA-A*24:02,tcr15073,1
vdjdb_full_15727,VYFLQSINF_HLA-A*24:02,tcr17704,1
vdjdb_full_15728,VYFLQSINF_HLA-A*24:02,tcr11220,1
vdjdb_full_15729,VYFLQSINF_HLA-A*24:02,tcr12212,1
vdjdb_full_15730,VYFLQSINF_HLA-A*24:02,tcr9476,1
vdjdb_full_15731,VYFLQSINF_HLA-A*24:02,tcr6263,1
vdjdb_full_15732,VYFLQSINF_HLA-A*24:02,tcr11108,1
vdjdb_full_15733,VYFLQSINF_HLA-A*24:02,tcr1029,1
vdjdb_full_15734,VYFLQSINF_HLA-A*24:02,tcr12113,1
vdjdb_full_15735,VYFLQSINF_HLA-A*24:02,tcr14562,1
vdjdb_full_15736,VYFLQSINF_HLA-A*24:02,tcr12918,1
vdjdb_full_15737,VYFLQSINF_HLA-A*24:02,tcr15839,1
vdjdb_full_15738,VYFLQSINF_HLA-A*24:02,tcr281,1
vdjdb_full_15739,VYFLQSINF_HLA-A*24:02,tcr3020,1
vdjdb_full_15740,VYFLQSINF_HLA-A*24:02,tcr14397,1
vdjdb_full_15741,VYFLQSINF_HLA-A*24:02,tcr1052,1
vdjdb_full_15742,VYFLQSINF_HLA-A*24:02,tcr4380,1
vdjdb_full_15743,VYFLQSINF_HLA-A*24:02,tcr17866,1
vdjdb_full_17662,ALWALPHAA_HLA-A*02:01,tcr16890,1
vdjdb_full_17663,ALWALPHAA_HLA-A*02:01,tcr1622,1
vdjdb_full_17664,ALWALPHAA_HLA-A*02:01,tcr15898,1
vdjdb_full_17665,ALWALPHAA_HLA-A*02:01,tcr9280,1
vdjdb_full_17666,ALWALPHAA_HLA-A*02:01,tcr8628,1
vdjdb_full_17667,ALWALPHAA_HLA-A*02:01,tcr14337,1
vdjdb_full_17668,ALWALPHAA_HLA-A*02:01,tcr3925,1
vdjdb_full_17669,ALWALPHAA_HLA-A*02:01,tcr13947,1
vdjdb_full_17670,ALWALPHAA_HLA-A*02:01,tcr16201,1
vdjdb_full_17671,ALWALPHAA_HLA-A*02:01,tcr10275,1
vdjdb_full_17672,ALWALPHAA_HLA-A*02:01,tcr17644,1
vdjdb_full_17673,ALWALPHAA_HLA-A*02:01,tcr14586,1
vdjdb_full_17675,ALWALPHAA_HLA-A*02:01,tcr2045,1
vdjdb_full_17676,ALWALPHAA_HLA-A*02:01,tcr15098,1
vdjdb_full_17677,ALWALPHAA_HLA-A*02:01,tcr18188,1
vdjdb_full_17678,ALWALPHAA_HLA-A*02:01,tcr17484,1
vdjdb_full_17680,ALWALPHAA_HLA-A*02:01,tcr8646,1
vdjdb_full_17681,ALWALPHAA_HLA-A*02:01,tcr2190,1
vdjdb_full_17682,ALWALPHAA_HLA-A*02:01,tcr2416,1
vdjdb_full_17683,ALWALPHAA_HLA-A*02:01,tcr6917,1
vdjdb_full_17684,ALWALPHAA_HLA-A*02:01,tcr10667,1
vdjdb_full_17685,ALWALPHAA_HLA-A*02:01,tcr7468,1
vdjdb_full_17686,ALWALPHAA_HLA-A*02:01,tcr9494,1
vdjdb_full_17687,ALWALPHAA_HLA-A*02:01,tcr15928,1
vdjdb_full_17688,ALWALPHAA_HLA-A*02:01,tcr8785,1
vdjdb_full_17689,ALWALPHAA_HLA-A*02:01,tcr7649,1
vdjdb_full_17690,ALWALPHAA_HLA-A*02:01,tcr12886,1
vdjdb_full_8309,LLDFVRFMGV_HLA-A*02:01,tcr566,1
vdjdb_full_8310,LLDFVRFMGV_HLA-A*02:01,tcr6967,1
vdjdb_full_8311,LLDFVRFMGV_HLA-A*02:01,tcr15699,1
vdjdb_full_8312,LLDFVRFMGV_HLA-A*02:01,tcr3816,1
vdjdb_full_8313,LLDFVRFMGV_HLA-A*02:01,tcr14412,1
vdjdb_full_8314,LLDFVRFMGV_HLA-A*02:01,tcr16843,1
vdjdb_full_8315,LLDFVRFMGV_HLA-A*02:01,tcr14752,1
vdjdb_full_8316,LLDFVRFMGV_HLA-A*02:01,tcr7993,1
vdjdb_full_8317,LLDFVRFMGV_HLA-A*02:01,tcr4925,1
vdjdb_full_8318,LLDFVRFMGV_HLA-A*02:01,tcr4921,1
vdjdb_full_8319,LLDFVRFMGV_HLA-A*02:01,tcr10588,1
vdjdb_full_8320,LLDFVRFMGV_HLA-A*02:01,tcr17944,1
vdjdb_full_8321,LLDFVRFMGV_HLA-A*02:01,tcr8046,1
vdjdb_full_8322,LLDFVRFMGV_HLA-A*02:01,tcr6763,1
vdjdb_full_8323,LLDFVRFMGV_HLA-A*02:01,tcr3216,1
vdjdb_full_8324,LLDFVRFMGV_HLA-A*02:01,tcr12262,1
vdjdb_full_8325,LLDFVRFMGV_HLA-A*02:01,tcr8220,1
vdjdb_full_8326,LLDFVRFMGV_HLA-A*02:01,tcr12916,1
vdjdb_full_8327,LLDFVRFMGV_HLA-A*02:01,tcr746,1
vdjdb_full_8328,LLDFVRFMGV_HLA-A*02:01,tcr12298,1
vdjdb_full_8329,LLDFVRFMGV_HLA-A*02:01,tcr269,1
vdjdb_full_8330,LLDFVRFMGV_HLA-A*02:01,tcr5885,1
vdjdb_full_8331,LLDFVRFMGV_HLA-A*02:01,tcr1,1
vdjdb_full_8332,LLDFVRFMGV_HLA-A*02:01,tcr9742,1
vdjdb_full_8333,LLDFVRFMGV_HLA-A*02:01,tcr13720,1
vdjdb_full_8334,LLDFVRFMGV_HLA-A*02:01,tcr11422,1
vdjdb_full_8335,LLDFVRFMGV_HLA-A*02:01,tcr11538,1
vdjdb_full_17112,HSNLNDATY_HLA-A*01:01,tcr16485,1
vdjdb_full_17113,HSNLNDATY_HLA-A*01:01,tcr1511,1
vdjdb_full_17114,HSNLNDATY_HLA-A*01:01,tcr2180,1
vdjdb_full_17115,HSNLNDATY_HLA-A*01:01,tcr9644,1
vdjdb_full_17116,HSNLNDATY_HLA-A*01:01,tcr7709,1
vdjdb_full_17117,HSNLNDATY_HLA-A*01:01,tcr1344,1
vdjdb_full_17118,HSNLNDATY_HLA-A*01:01,tcr12732,1
vdjdb_full_17119,HSNLNDATY_HLA-A*01:01,tcr18158,1
vdjdb_full_17120,HSNLNDATY_HLA-A*01:01,tcr10344,1
vdjdb_full_17123,HSNLNDATY_HLA-A*01:01,tcr8020,1
vdjdb_full_17124,HSNLNDATY_HLA-A*01:01,tcr15530,1
vdjdb_full_17125,HSNLNDATY_HLA-A*01:01,tcr2749,1
vdjdb_full_17126,HSNLNDATY_HLA-A*01:01,tcr15491,1
vdjdb_full_17127,HSNLNDATY_HLA-A*01:01,tcr12611,1
vdjdb_full_17128,HSNLNDATY_HLA-A*01:01,tcr1681,1
vdjdb_full_17129,HSNLNDATY_HLA-A*01:01,tcr4726,1
vdjdb_full_17130,HSNLNDATY_HLA-A*01:01,tcr4224,1
vdjdb_full_17131,HSNLNDATY_HLA-A*01:01,tcr17333,1
vdjdb_full_17132,HSNLNDATY_HLA-A*01:01,tcr8324,1
vdjdb_full_17133,HSNLNDATY_HLA-A*01:01,tcr13503,1
vdjdb_full_17134,HSNLNDATY_HLA-A*01:01,tcr16125,1
vdjdb_full_17135,HSNLNDATY_HLA-A*01:01,tcr9339,1
vdjdb_full_17136,HSNLNDATY_HLA-A*01:01,tcr15362,1
vdjdb_full_17137,HSNLNDATY_HLA-A*01:01,tcr4680,1
vdjdb_full_17138,HSNLNDATY_HLA-A*01:01,tcr8342,1
vdjdb_full_17139,HSNLNDATY_HLA-A*01:01,tcr12253,1
vdjdb_full_15160,ALWEIQQVV_HLA-A*02:01,tcr1094,1
vdjdb_full_15161,ALWEIQQVV_HLA-A*02:01,tcr16006,1
vdjdb_full_15162,ALWEIQQVV_HLA-A*02:01,tcr8484,1
vdjdb_full_15163,ALWEIQQVV_HLA-A*02:01,tcr1596,1
vdjdb_full_15164,ALWEIQQVV_HLA-A*02:01,tcr16686,1
vdjdb_full_15165,ALWEIQQVV_HLA-A*02:01,tcr2310,1
vdjdb_full_15166,ALWEIQQVV_HLA-A*02:01,tcr7320,1
vdjdb_full_15167,ALWEIQQVV_HLA-A*02:01,tcr2724,1
vdjdb_full_15168,ALWEIQQVV_HLA-A*02:01,tcr10253,1
vdjdb_full_15169,ALWEIQQVV_HLA-A*02:01,tcr6145,1
vdjdb_full_15170,ALWEIQQVV_HLA-A*02:01,tcr6115,1
vdjdb_full_15171,ALWEIQQVV_HLA-A*02:01,tcr5580,1
vdjdb_full_15172,ALWEIQQVV_HLA-A*02:01,tcr12304,1
vdjdb_full_15173,ALWEIQQVV_HLA-A*02:01,tcr4911,1
vdjdb_full_15174,ALWEIQQVV_HLA-A*02:01,tcr7239,1
vdjdb_full_15175,ALWEIQQVV_HLA-A*02:01,tcr9680,1
vdjdb_full_15176,ALWEIQQVV_HLA-A*02:01,tcr8411,1
vdjdb_full_15177,ALWEIQQVV_HLA-A*02:01,tcr17959,1
vdjdb_full_15178,ALWEIQQVV_HLA-A*02:01,tcr6891,1
vdjdb_full_15179,ALWEIQQVV_HLA-A*02:01,tcr17369,1
vdjdb_full_15180,ALWEIQQVV_HLA-A*02:01,tcr15044,1
vdjdb_full_15181,ALWEIQQVV_HLA-A*02:01,tcr11099,1
vdjdb_full_15182,ALWEIQQVV_HLA-A*02:01,tcr13654,1
vdjdb_full_15183,ALWEIQQVV_HLA-A*02:01,tcr12556,1
vdjdb_full_15184,ALWEIQQVV_HLA-A*02:01,tcr14788,1
vdjdb_full_17322,RVAGDSGFAAY_HLA-B*15:01,tcr4296,1
vdjdb_full_17323,RVAGDSGFAAY_HLA-B*15:01,tcr10493,1
vdjdb_full_17324,RVAGDSGFAAY_HLA-B*15:01,tcr11903,1
vdjdb_full_17325,RVAGDSGFAAY_HLA-B*15:01,tcr6667,1
vdjdb_full_17326,RVAGDSGFAAY_HLA-B*15:01,tcr15045,1
vdjdb_full_17327,RVAGDSGFAAY_HLA-B*15:01,tcr874,1
vdjdb_full_17328,RVAGDSGFAAY_HLA-B*15:01,tcr12216,1
vdjdb_full_17329,RVAGDSGFAAY_HLA-B*15:01,tcr5943,1
vdjdb_full_17330,RVAGDSGFAAY_HLA-B*15:01,tcr689,1
vdjdb_full_17331,RVAGDSGFAAY_HLA-B*15:01,tcr6697,1
vdjdb_full_17332,RVAGDSGFAAY_HLA-B*15:01,tcr6896,1
vdjdb_full_17333,RVAGDSGFAAY_HLA-B*15:01,tcr7978,1
vdjdb_full_17334,RVAGDSGFAAY_HLA-B*15:01,tcr5260,1
vdjdb_full_17335,RVAGDSGFAAY_HLA-B*15:01,tcr15849,1
vdjdb_full_17336,RVAGDSGFAAY_HLA-B*15:01,tcr15668,1
vdjdb_full_17337,RVAGDSGFAAY_HLA-B*15:01,tcr16082,1
vdjdb_full_17338,RVAGDSGFAAY_HLA-B*15:01,tcr15083,1
vdjdb_full_17339,RVAGDSGFAAY_HLA-B*15:01,tcr16206,1
vdjdb_full_17340,RVAGDSGFAAY_HLA-B*15:01,tcr17319,1
vdjdb_full_17341,RVAGDSGFAAY_HLA-B*15:01,tcr16538,1
vdjdb_full_17342,RVAGDSGFAAY_HLA-B*15:01,tcr17585,1
vdjdb_full_17343,RVAGDSGFAAY_HLA-B*15:01,tcr8618,1
vdjdb_full_17344,RVAGDSGFAAY_HLA-B*15:01,tcr3840,1
vdjdb_full_17345,RVAGDSGFAAY_HLA-B*15:01,tcr16041,1
vdjdb_full_17255,YAKWKLCSA_HLA-B*08:01,tcr4528,1
vdjdb_full_17256,YAKWKLCSA_HLA-B*08:01,tcr15543,1
vdjdb_full_17257,YAKWKLCSA_HLA-B*08:01,tcr5828,1
vdjdb_full_17258,YAKWKLCSA_HLA-B*08:01,tcr12258,1
vdjdb_full_17259,YAKWKLCSA_HLA-B*08:01,tcr4419,1
vdjdb_full_17260,YAKWKLCSA_HLA-B*08:01,tcr10909,1
vdjdb_full_17261,YAKWKLCSA_HLA-B*08:01,tcr13518,1
vdjdb_full_17263,YAKWKLCSA_HLA-B*08:01,tcr2586,1
vdjdb_full_17264,YAKWKLCSA_HLA-B*08:01,tcr18332,1
vdjdb_full_17265,YAKWKLCSA_HLA-B*08:01,tcr2939,1
vdjdb_full_17266,YAKWKLCSA_HLA-B*08:01,tcr13928,1
vdjdb_full_17267,YAKWKLCSA_HLA-B*08:01,tcr14505,1
vdjdb_full_17268,YAKWKLCSA_HLA-B*08:01,tcr16320,1
vdjdb_full_17269,YAKWKLCSA_HLA-B*08:01,tcr2413,1
vdjdb_full_17270,YAKWKLCSA_HLA-B*08:01,tcr17911,1
vdjdb_full_17271,YAKWKLCSA_HLA-B*08:01,tcr11720,1
vdjdb_full_17272,YAKWKLCSA_HLA-B*08:01,tcr11398,1
vdjdb_full_17273,YAKWKLCSA_HLA-B*08:01,tcr8307,1
vdjdb_full_17274,YAKWKLCSA_HLA-B*08:01,tcr2861,1
vdjdb_full_17275,YAKWKLCSA_HLA-B*08:01,tcr6552,1
vdjdb_full_17276,YAKWKLCSA_HLA-B*08:01,tcr15126,1
vdjdb_full_17277,YAKWKLCSA_HLA-B*08:01,tcr14072,1
vdjdb_full_17278,YAKWKLCSA_HLA-B*08:01,tcr14295,1
vdjdb_full_13364,LPRWYFYYL_HLA-B*07:02,tcr413,1
vdjdb_full_13365,LPRWYFYYL_HLA-B*07:02,tcr7553,1
vdjdb_full_13366,LPRWYFYYL_HLA-B*07:02,tcr11855,1
vdjdb_full_13367,LPRWYFYYL_HLA-B*07:02,tcr6785,1
vdjdb_full_13368,LPRWYFYYL_HLA-B*07:02,tcr17145,1
vdjdb_full_13369,LPRWYFYYL_HLA-B*07:02,tcr12480,1
vdjdb_full_13370,LPRWYFYYL_HLA-B*07:02,tcr14329,1
vdjdb_full_13371,LPRWYFYYL_HLA-B*07:02,tcr3686,1
vdjdb_full_13372,LPRWYFYYL_HLA-B*07:02,tcr9796,1
vdjdb_full_13373,LPRWYFYYL_HLA-B*07:02,tcr7335,1
vdjdb_full_13374,LPRWYFYYL_HLA-B*07:02,tcr12749,1
vdjdb_full_13375,LPRWYFYYL_HLA-B*07:02,tcr6352,1
vdjdb_full_13376,LPRWYFYYL_HLA-B*07:02,tcr3353,1
vdjdb_full_13377,LPRWYFYYL_HLA-B*07:02,tcr15991,1
vdjdb_full_13378,LPRWYFYYL_HLA-B*07:02,tcr7838,1
vdjdb_full_13379,LPRWYFYYL_HLA-B*07:02,tcr7059,1
vdjdb_full_13380,LPRWYFYYL_HLA-B*07:02,tcr5081,1
vdjdb_full_13381,LPRWYFYYL_HLA-B*07:02,tcr5553,1
vdjdb_full_13382,LPRWYFYYL_HLA-B*07:02,tcr5031,1
vdjdb_full_13383,LPRWYFYYL_HLA-B*07:02,tcr7194,1
vdjdb_full_13384,LPRWYFYYL_HLA-B*07:02,tcr10317,1
vdjdb_full_13385,LPRWYFYYL_HLA-B*07:02,tcr10119,1
vdjdb_full_16687,VAANIVLTV_HLA-A*02:01,tcr16177,1
vdjdb_full_16688,VAANIVLTV_HLA-A*02:01,tcr16949,1
vdjdb_full_16689,VAANIVLTV_HLA-A*02:01,tcr18401,1
vdjdb_full_16690,VAANIVLTV_HLA-A*02:01,tcr4679,1
vdjdb_full_16692,VAANIVLTV_HLA-A*02:01,tcr5094,1
vdjdb_full_16693,VAANIVLTV_HLA-A*02:01,tcr9933,1
vdjdb_full_16694,VAANIVLTV_HLA-A*02:01,tcr13392,1
vdjdb_full_16695,VAANIVLTV_HLA-A*02:01,tcr9637,1
vdjdb_full_16696,VAANIVLTV_HLA-A*02:01,tcr5776,1
vdjdb_full_16697,VAANIVLTV_HLA-A*02:01,tcr9152,1
vdjdb_full_16698,VAANIVLTV_HLA-A*02:01,tcr18340,1
vdjdb_full_16699,VAANIVLTV_HLA-A*02:01,tcr13464,1
vdjdb_full_16700,VAANIVLTV_HLA-A*02:01,tcr3156,1
vdjdb_full_16701,VAANIVLTV_HLA-A*02:01,tcr16866,1
vdjdb_full_16702,VAANIVLTV_HLA-A*02:01,tcr7381,1
vdjdb_full_16703,VAANIVLTV_HLA-A*02:01,tcr13289,1
vdjdb_full_16704,VAANIVLTV_HLA-A*02:01,tcr6824,1
vdjdb_full_16705,VAANIVLTV_HLA-A*02:01,tcr17592,1
vdjdb_full_16706,VAANIVLTV_HLA-A*02:01,tcr370,1
vdjdb_full_16707,VAANIVLTV_HLA-A*02:01,tcr1633,1
vdjdb_full_16708,VAANIVLTV_HLA-A*02:01,tcr17186,1
vdjdb_full_16709,VAANIVLTV_HLA-A*02:01,tcr6827,1
vdjdb_full_17174,ALSKGVHFV_HLA-A*02:01,tcr15908,1
vdjdb_full_17175,ALSKGVHFV_HLA-A*02:01,tcr17852,1
vdjdb_full_17176,ALSKGVHFV_HLA-A*02:01,tcr7663,1
vdjdb_full_17177,ALSKGVHFV_HLA-A*02:01,tcr10311,1
vdjdb_full_17178,ALSKGVHFV_HLA-A*02:01,tcr4768,1
vdjdb_full_17180,ALSKGVHFV_HLA-A*02:01,tcr16378,1
vdjdb_full_17181,ALSKGVHFV_HLA-A*02:01,tcr8002,1
vdjdb_full_17182,ALSKGVHFV_HLA-A*02:01,tcr13158,1
vdjdb_full_17184,ALSKGVHFV_HLA-A*02:01,tcr4506,1
vdjdb_full_17185,ALSKGVHFV_HLA-A*02:01,tcr14975,1
vdjdb_full_17186,ALSKGVHFV_HLA-A*02:01,tcr10134,1
vdjdb_full_17187,ALSKGVHFV_HLA-A*02:01,tcr5780,1
vdjdb_full_17188,ALSKGVHFV_HLA-A*02:01,tcr16946,1
vdjdb_full_17189,ALSKGVHFV_HLA-A*02:01,tcr213,1
vdjdb_full_17190,ALSKGVHFV_HLA-A*02:01,tcr7261,1
vdjdb_full_17191,ALSKGVHFV_HLA-A*02:01,tcr14276,1
vdjdb_full_17192,ALSKGVHFV_HLA-A*02:01,tcr9596,1
vdjdb_full_17193,ALSKGVHFV_HLA-A*02:01,tcr9521,1
vdjdb_full_17194,ALSKGVHFV_HLA-A*02:01,tcr9895,1
vdjdb_full_17195,ALSKGVHFV_HLA-A*02:01,tcr1707,1
vdjdb_full_17196,ALSKGVHFV_HLA-A*02:01,tcr14303,1
vdjdb_full_17197,ALSKGVHFV_HLA-A*02:01,tcr15312,1
vdjdb_full_17281,KLSALGINAV_HLA-A*02:01,tcr15626,1
vdjdb_full_17282,KLSALGINAV_HLA-A*02:01,tcr17315,1
vdjdb_full_17283,KLSALGINAV_HLA-A*02:01,tcr11067,1
vdjdb_full_17284,KLSALGINAV_HLA-A*02:01,tcr14622,1
vdjdb_full_17285,KLSALGINAV_HLA-A*02:01,tcr6791,1
vdjdb_full_17286,KLSALGINAV_HLA-A*02:01,tcr4312,1
vdjdb_full_17287,KLSALGINAV_HLA-A*02:01,tcr4485,1
vdjdb_full_17288,KLSALGINAV_HLA-A*02:01,tcr6292,1
vdjdb_full_17289,KLSALGINAV_HLA-A*02:01,tcr2230,1
vdjdb_full_17290,KLSALGINAV_HLA-A*02:01,tcr13629,1
vdjdb_full_17291,KLSALGINAV_HLA-A*02:01,tcr527,1
vdjdb_full_17292,KLSALGINAV_HLA-A*02:01,tcr11029,1
vdjdb_full_17293,KLSALGINAV_HLA-A*02:01,tcr10631,1
vdjdb_full_17294,KLSALGINAV_HLA-A*02:01,tcr9833,1
vdjdb_full_17295,KLSALGINAV_HLA-A*02:01,tcr11491,1
vdjdb_full_17296,KLSALGINAV_HLA-A*02:01,tcr13205,1
vdjdb_full_17297,KLSALGINAV_HLA-A*02:01,tcr14572,1
vdjdb_full_17298,KLSALGINAV_HLA-A*02:01,tcr8032,1
vdjdb_full_17299,KLSALGINAV_HLA-A*02:01,tcr12925,1
vdjdb_full_17300,KLSALGINAV_HLA-A*02:01,tcr15169,1
vdjdb_full_17301,KLSALGINAV_HLA-A*02:01,tcr9190,1
vdjdb_full_17302,KLSALGINAV_HLA-A*02:01,tcr1147,1
vdjdb_full_17923,YSEHPTFTSQY_HLA-A*01:01,tcr14444,1
vdjdb_full_17924,YSEHPTFTSQY_HLA-A*01:01,tcr6683,1
vdjdb_full_17925,YSEHPTFTSQY_HLA-A*01:01,tcr7596,1
vdjdb_full_17926,YSEHPTFTSQY_HLA-A*01:01,tcr15502,1
vdjdb_full_17927,YSEHPTFTSQY_HLA-A*01:01,tcr8066,1
vdjdb_full_17928,YSEHPTFTSQY_HLA-A*01:01,tcr2447,1
vdjdb_full_17929,YSEHPTFTSQY_HLA-A*01:01,tcr6727,1
vdjdb_full_17930,YSEHPTFTSQY_HLA-A*01:01,tcr6231,1
vdjdb_full_17931,YSEHPTFTSQY_HLA-A*01:01,tcr7515,1
vdjdb_full_17932,YSEHPTFTSQY_HLA-A*01:01,tcr310,1
vdjdb_full_17933,YSEHPTFTSQY_HLA-A*01:01,tcr17516,1
vdjdb_full_17934,YSEHPTFTSQY_HLA-A*01:01,tcr10641,1
vdjdb_full_17935,YSEHPTFTSQY_HLA-A*01:01,tcr2049,1
vdjdb_full_17936,YSEHPTFTSQY_HLA-A*01:01,tcr15296,1
vdjdb_full_17937,YSEHPTFTSQY_HLA-A*01:01,tcr13711,1
vdjdb_full_17938,YSEHPTFTSQY_HLA-A*01:01,tcr1322,1
vdjdb_full_17939,YSEHPTFTSQY_HLA-A*01:01,tcr16586,1
vdjdb_full_17940,YSEHPTFTSQY_HLA-A*01:01,tcr16493,1
vdjdb_full_17941,YSEHPTFTSQY_HLA-A*01:01,tcr14186,1
vdjdb_full_17942,YSEHPTFTSQY_HLA-A*01:01,tcr10804,1
vdjdb_full_17943,YSEHPTFTSQY_HLA-A*01:01,tcr3544,1
vdjdb_full_17944,YSEHPTFTSQY_HLA-A*01:01,tcr11834,1
vdjdb_full_14714,RPRGEVRFL_HLA-B*07:02,tcr17278,1
vdjdb_full_14715,RPRGEVRFL_HLA-B*07:02,tcr9880,1
vdjdb_full_14716,RPRGEVRFL_HLA-B*07:02,tcr4673,1
vdjdb_full_14717,RPRGEVRFL_HLA-B*07:02,tcr6195,1
vdjdb_full_14718,RPRGEVRFL_HLA-B*07:02,tcr6875,1
vdjdb_full_14719,RPRGEVRFL_HLA-B*07:02,tcr10149,1
vdjdb_full_14720,RPRGEVRFL_HLA-B*07:02,tcr13005,1
vdjdb_full_14721,RPRGEVRFL_HLA-B*07:02,tcr13045,1
vdjdb_full_14722,RPRGEVRFL_HLA-B*07:02,tcr5044,1
vdjdb_full_14723,RPRGEVRFL_HLA-B*07:02,tcr9820,1
vdjdb_full_14724,RPRGEVRFL_HLA-B*07:02,tcr3751,1
vdjdb_full_14725,RPRGEVRFL_HLA-B*07:02,tcr11743,1
vdjdb_full_14726,RPRGEVRFL_HLA-B*07:02,tcr7063,1
vdjdb_full_14727,RPRGEVRFL_HLA-B*07:02,tcr4596,1
vdjdb_full_14728,RPRGEVRFL_HLA-B*07:02,tcr5251,1
vdjdb_full_14729,RPRGEVRFL_HLA-B*07:02,tcr5021,1
vdjdb_full_14730,RPRGEVRFL_HLA-B*07:02,tcr8871,1
vdjdb_full_14731,RPRGEVRFL_HLA-B*07:02,tcr11887,1
vdjdb_full_14732,RPRGEVRFL_HLA-B*07:02,tcr9898,1
vdjdb_full_14733,RPRGEVRFL_HLA-B*07:02,tcr11592,1
vdjdb_full_14734,RPRGEVRFL_HLA-B*07:02,tcr15715,1
vdjdb_full_16233,GIIYIIYKL_HLA-A*02:01,tcr10383,1
vdjdb_full_16234,GIIYIIYKL_HLA-A*02:01,tcr10073,1
vdjdb_full_16235,GIIYIIYKL_HLA-A*02:01,tcr17339,1
vdjdb_full_16236,GIIYIIYKL_HLA-A*02:01,tcr15147,1
vdjdb_full_16237,GIIYIIYKL_HLA-A*02:01,tcr8401,1
vdjdb_full_16238,GIIYIIYKL_HLA-A*02:01,tcr9870,1
vdjdb_full_16239,GIIYIIYKL_HLA-A*02:01,tcr8129,1
vdjdb_full_16240,GIIYIIYKL_HLA-A*02:01,tcr5629,1
vdjdb_full_16241,GIIYIIYKL_HLA-A*02:01,tcr13027,1
vdjdb_full_16242,GIIYIIYKL_HLA-A*02:01,tcr16541,1
vdjdb_full_16243,GIIYIIYKL_HLA-A*02:01,tcr2536,1
vdjdb_full_16244,GIIYIIYKL_HLA-A*02:01,tcr14386,1
vdjdb_full_16245,GIIYIIYKL_HLA-A*02:01,tcr13592,1
vdjdb_full_16246,GIIYIIYKL_HLA-A*02:01,tcr11635,1
vdjdb_full_16247,GIIYIIYKL_HLA-A*02:01,tcr2695,1
vdjdb_full_16248,GIIYIIYKL_HLA-A*02:01,tcr12940,1
vdjdb_full_16249,GIIYIIYKL_HLA-A*02:01,tcr12150,1
vdjdb_full_16250,GIIYIIYKL_HLA-A*02:01,tcr10196,1
vdjdb_full_16251,GIIYIIYKL_HLA-A*02:01,tcr14720,1
vdjdb_full_16252,GIIYIIYKL_HLA-A*02:01,tcr1380,1
vdjdb_full_16253,GIIYIIYKL_HLA-A*02:01,tcr4681,1
vdjdb_full_17391,RGPGRAFVTI_HLA-A*02:01,tcr5733,1
vdjdb_full_17392,RGPGRAFVTI_HLA-A*02:01,tcr7856,1
vdjdb_full_17393,RGPGRAFVTI_HLA-A*02:01,tcr13559,1
vdjdb_full_17394,RGPGRAFVTI_HLA-A*02:01,tcr9141,1
vdjdb_full_17395,RGPGRAFVTI_HLA-A*02:01,tcr5764,1
vdjdb_full_17396,RGPGRAFVTI_HLA-A*02:01,tcr14466,1
vdjdb_full_17397,RGPGRAFVTI_HLA-A*02:01,tcr17844,1
vdjdb_full_17398,RGPGRAFVTI_HLA-A*02:01,tcr496,1
vdjdb_full_17399,RGPGRAFVTI_HLA-A*02:01,tcr15618,1
vdjdb_full_17401,RGPGRAFVTI_HLA-A*02:01,tcr17583,1
vdjdb_full_17402,RGPGRAFVTI_HLA-A*02:01,tcr13905,1
vdjdb_full_17403,RGPGRAFVTI_HLA-A*02:01,tcr5270,1
vdjdb_full_17404,RGPGRAFVTI_HLA-A*02:01,tcr4176,1
vdjdb_full_17406,RGPGRAFVTI_HLA-A*02:01,tcr10676,1
vdjdb_full_17407,RGPGRAFVTI_HLA-A*02:01,tcr8003,1
vdjdb_full_17408,RGPGRAFVTI_HLA-A*02:01,tcr5048,1
vdjdb_full_17409,RGPGRAFVTI_HLA-A*02:01,tcr15451,1
vdjdb_full_17411,RGPGRAFVTI_HLA-A*02:01,tcr13774,1
vdjdb_full_17413,RGPGRAFVTI_HLA-A*02:01,tcr14448,1
vdjdb_full_17414,RGPGRAFVTI_HLA-A*02:01,tcr3837,1
vdjdb_full_17417,RGPGRAFVTI_HLA-A*02:01,tcr7203,1
vdjdb_full_15832,KLWAQCVQL_HLA-A*02:01,tcr3132,1
vdjdb_full_15833,KLWAQCVQL_HLA-A*02:01,tcr12981,1
vdjdb_full_15834,KLWAQCVQL_HLA-A*02:01,tcr4308,1
vdjdb_full_15835,KLWAQCVQL_HLA-A*02:01,tcr2798,1
vdjdb_full_15836,KLWAQCVQL_HLA-A*02:01,tcr1031,1
vdjdb_full_15837,KLWAQCVQL_HLA-A*02:01,tcr17522,1
vdjdb_full_15838,KLWAQCVQL_HLA-A*02:01,tcr9199,1
vdjdb_full_15839,KLWAQCVQL_HLA-A*02:01,tcr17458,1
vdjdb_full_15840,KLWAQCVQL_HLA-A*02:01,tcr9174,1
vdjdb_full_15841,KLWAQCVQL_HLA-A*02:01,tcr14763,1
vdjdb_full_15842,KLWAQCVQL_HLA-A*02:01,tcr11354,1
vdjdb_full_15843,KLWAQCVQL_HLA-A*02:01,tcr3236,1
vdjdb_full_15844,KLWAQCVQL_HLA-A*02:01,tcr7628,1
vdjdb_full_15845,KLWAQCVQL_HLA-A*02:01,tcr13371,1
vdjdb_full_15846,KLWAQCVQL_HLA-A*02:01,tcr1803,1
vdjdb_full_15847,KLWAQCVQL_HLA-A*02:01,tcr2002,1
vdjdb_full_15848,KLWAQCVQL_HLA-A*02:01,tcr15875,1
vdjdb_full_15849,KLWAQCVQL_HLA-A*02:01,tcr8339,1
vdjdb_full_15850,KLWAQCVQL_HLA-A*02:01,tcr15487,1
vdjdb_full_15851,KLWAQCVQL_HLA-A*02:01,tcr5901,1
vdjdb_full_16393,EAAGIGILTV_HLA-A*02:01,tcr2601,1
vdjdb_full_16394,EAAGIGILTV_HLA-A*02:01,tcr11415,1
vdjdb_full_16395,EAAGIGILTV_HLA-A*02:01,tcr13514,1
vdjdb_full_16396,EAAGIGILTV_HLA-A*02:01,tcr5771,1
vdjdb_full_16397,EAAGIGILTV_HLA-A*02:01,tcr5424,1
vdjdb_full_16398,EAAGIGILTV_HLA-A*02:01,tcr7208,1
vdjdb_full_16399,EAAGIGILTV_HLA-A*02:01,tcr16562,1
vdjdb_full_16400,EAAGIGILTV_HLA-A*02:01,tcr949,1
vdjdb_full_16401,EAAGIGILTV_HLA-A*02:01,tcr824,1
vdjdb_full_16402,EAAGIGILTV_HLA-A*02:01,tcr18394,1
vdjdb_full_16403,EAAGIGILTV_HLA-A*02:01,tcr4979,1
vdjdb_full_16404,EAAGIGILTV_HLA-A*02:01,tcr982,1
vdjdb_full_16405,EAAGIGILTV_HLA-A*02:01,tcr3441,1
vdjdb_full_16406,EAAGIGILTV_HLA-A*02:01,tcr18301,1
vdjdb_full_16407,EAAGIGILTV_HLA-A*02:01,tcr6456,1
vdjdb_full_16408,EAAGIGILTV_HLA-A*02:01,tcr6924,1
vdjdb_full_16409,EAAGIGILTV_HLA-A*02:01,tcr16158,1
vdjdb_full_16410,EAAGIGILTV_HLA-A*02:01,tcr612,1
vdjdb_full_16411,EAAGIGILTV_HLA-A*02:01,tcr677,1
vdjdb_full_16412,EAAGIGILTV_HLA-A*02:01,tcr15677,1
vdjdb_full_16538,RLGPVQNEV_HLA-A*02:01,tcr3513,1
vdjdb_full_16539,RLGPVQNEV_HLA-A*02:01,tcr197,1
vdjdb_full_16540,RLGPVQNEV_HLA-A*02:01,tcr1032,1
vdjdb_full_16541,RLGPVQNEV_HLA-A*02:01,tcr18325,1
vdjdb_full_16542,RLGPVQNEV_HLA-A*02:01,tcr3955,1
vdjdb_full_16543,RLGPVQNEV_HLA-A*02:01,tcr500,1
vdjdb_full_16544,RLGPVQNEV_HLA-A*02:01,tcr5483,1
vdjdb_full_16545,RLGPVQNEV_HLA-A*02:01,tcr17967,1
vdjdb_full_16546,RLGPVQNEV_HLA-A*02:01,tcr4211,1
vdjdb_full_16547,RLGPVQNEV_HLA-A*02:01,tcr12334,1
vdjdb_full_16548,RLGPVQNEV_HLA-A*02:01,tcr17831,1
vdjdb_full_16549,RLGPVQNEV_HLA-A*02:01,tcr436,1
vdjdb_full_16550,RLGPVQNEV_HLA-A*02:01,tcr13087,1
vdjdb_full_16552,RLGPVQNEV_HLA-A*02:01,tcr15204,1
vdjdb_full_16553,RLGPVQNEV_HLA-A*02:01,tcr15030,1
vdjdb_full_16554,RLGPVQNEV_HLA-A*02:01,tcr2849,1
vdjdb_full_16555,RLGPVQNEV_HLA-A*02:01,tcr12810,1
vdjdb_full_16556,RLGPVQNEV_HLA-A*02:01,tcr12579,1
vdjdb_full_16557,RLGPVQNEV_HLA-A*02:01,tcr6015,1
vdjdb_full_16558,RLGPVQNEV_HLA-A*02:01,tcr11905,1
vdjdb_full_17450,LTSLTILQLY_HLA-A*01:01,tcr5187,1
vdjdb_full_17451,LTSLTILQLY_HLA-A*01:01,tcr15227,1
vdjdb_full_17452,LTSLTILQLY_HLA-A*01:01,tcr14332,1
vdjdb_full_17453,LTSLTILQLY_HLA-A*01:01,tcr8149,1
vdjdb_full_17454,LTSLTILQLY_HLA-A*01:01,tcr1730,1
vdjdb_full_17455,LTSLTILQLY_HLA-A*01:01,tcr4109,1
vdjdb_full_17456,LTSLTILQLY_HLA-A*01:01,tcr1909,1
vdjdb_full_17457,LTSLTILQLY_HLA-A*01:01,tcr5079,1
vdjdb_full_17458,LTSLTILQLY_HLA-A*01:01,tcr3680,1
vdjdb_full_17459,LTSLTILQLY_HLA-A*01:01,tcr15084,1
vdjdb_full_17461,LTSLTILQLY_HLA-A*01:01,tcr9565,1
vdjdb_full_17462,LTSLTILQLY_HLA-A*01:01,tcr3342,1
vdjdb_full_17463,LTSLTILQLY_HLA-A*01:01,tcr1443,1
vdjdb_full_17464,LTSLTILQLY_HLA-A*01:01,tcr98,1
vdjdb_full_17465,LTSLTILQLY_HLA-A*01:01,tcr5970,1
vdjdb_full_17466,LTSLTILQLY_HLA-A*01:01,tcr12254,1
vdjdb_full_17467,LTSLTILQLY_HLA-A*01:01,tcr165,1
vdjdb_full_17468,LTSLTILQLY_HLA-A*01:01,tcr6762,1
vdjdb_full_17469,LTSLTILQLY_HLA-A*01:01,tcr12415,1
vdjdb_full_17470,LTSLTILQLY_HLA-A*01:01,tcr13408,1
vdjdb_full_17829,TPSVSSSISSL_HLA-B*07:02,tcr12263,1
vdjdb_full_17830,TPSVSSSISSL_HLA-B*07:02,tcr9972,1
vdjdb_full_17831,TPSVSSSISSL_HLA-B*07:02,tcr15360,1
vdjdb_full_17832,TPSVSSSISSL_HLA-B*07:02,tcr11663,1
vdjdb_full_17833,TPSVSSSISSL_HLA-B*07:02,tcr2030,1
vdjdb_full_17834,TPSVSSSISSL_HLA-B*07:02,tcr13429,1
vdjdb_full_17835,TPSVSSSISSL_HLA-B*07:02,tcr7172,1
vdjdb_full_17836,TPSVSSSISSL_HLA-B*07:02,tcr15145,1
vdjdb_full_17837,TPSVSSSISSL_HLA-B*07:02,tcr17106,1
vdjdb_full_17838,TPSVSSSISSL_HLA-B*07:02,tcr5475,1
vdjdb_full_17839,TPSVSSSISSL_HLA-B*07:02,tcr6502,1
vdjdb_full_17840,TPSVSSSISSL_HLA-B*07:02,tcr17681,1
vdjdb_full_17841,TPSVSSSISSL_HLA-B*07:02,tcr16718,1
vdjdb_full_17842,TPSVSSSISSL_HLA-B*07:02,tcr16798,1
vdjdb_full_17843,TPSVSSSISSL_HLA-B*07:02,tcr6929,1
vdjdb_full_17844,TPSVSSSISSL_HLA-B*07:02,tcr9588,1
vdjdb_full_17845,TPSVSSSISSL_HLA-B*07:02,tcr7086,1
vdjdb_full_17846,TPSVSSSISSL_HLA-B*07:02,tcr16809,1
vdjdb_full_17847,TPSVSSSISSL_HLA-B*07:02,tcr10295,1
vdjdb_full_10497,LLSLFSLWL_HLA-A*02:01,tcr13498,1
vdjdb_full_10498,LLSLFSLWL_HLA-A*02:01,tcr13364,1
vdjdb_full_10499,LLSLFSLWL_HLA-A*02:01,tcr906,1
vdjdb_full_10500,LLSLFSLWL_HLA-A*02:01,tcr15524,1
vdjdb_full_10501,LLSLFSLWL_HLA-A*02:01,tcr2249,1
vdjdb_full_10502,LLSLFSLWL_HLA-A*02:01,tcr14316,1
vdjdb_full_10503,LLSLFSLWL_HLA-A*02:01,tcr10872,1
vdjdb_full_10504,LLSLFSLWL_HLA-A*02:01,tcr6988,1
vdjdb_full_10505,LLSLFSLWL_HLA-A*02:01,tcr4385,1
vdjdb_full_10506,LLSLFSLWL_HLA-A*02:01,tcr1473,1
vdjdb_full_10507,LLSLFSLWL_HLA-A*02:01,tcr13474,1
vdjdb_full_10508,LLSLFSLWL_HLA-A*02:01,tcr1362,1
vdjdb_full_10509,LLSLFSLWL_HLA-A*02:01,tcr5688,1
vdjdb_full_10510,LLSLFSLWL_HLA-A*02:01,tcr10121,1
vdjdb_full_10511,LLSLFSLWL_HLA-A*02:01,tcr9651,1
vdjdb_full_10512,LLSLFSLWL_HLA-A*02:01,tcr12646,1
vdjdb_full_10513,LLSLFSLWL_HLA-A*02:01,tcr7965,1
vdjdb_full_10514,LLSLFSLWL_HLA-A*02:01,tcr6022,1
vdjdb_full_16826,VLEETSVML_HLA-A*02:01,tcr11052,1
vdjdb_full_16827,VLEETSVML_HLA-A*02:01,tcr11703,1
vdjdb_full_16829,VLEETSVML_HLA-A*02:01,tcr12263,1
vdjdb_full_16830,VLEETSVML_HLA-A*02:01,tcr8038,1
vdjdb_full_16831,VLEETSVML_HLA-A*02:01,tcr3303,1
vdjdb_full_16832,VLEETSVML_HLA-A*02:01,tcr16174,1
vdjdb_full_16833,VLEETSVML_HLA-A*02:01,tcr16487,1
vdjdb_full_16834,VLEETSVML_HLA-A*02:01,tcr7044,1
vdjdb_full_16835,VLEETSVML_HLA-A*02:01,tcr15343,1
vdjdb_full_16836,VLEETSVML_HLA-A*02:01,tcr8427,1
vdjdb_full_16837,VLEETSVML_HLA-A*02:01,tcr8717,1
vdjdb_full_16839,VLEETSVML_HLA-A*02:01,tcr13962,1
vdjdb_full_16840,VLEETSVML_HLA-A*02:01,tcr14937,1
vdjdb_full_16841,VLEETSVML_HLA-A*02:01,tcr10507,1
vdjdb_full_16842,VLEETSVML_HLA-A*02:01,tcr15462,1
vdjdb_full_16843,VLEETSVML_HLA-A*02:01,tcr8217,1
vdjdb_full_16844,VLEETSVML_HLA-A*02:01,tcr6103,1
vdjdb_full_16845,VLEETSVML_HLA-A*02:01,tcr4493,1
vdjdb_full_14787,LLFNILGGWV_HLA-A*02:01,tcr7516,1
vdjdb_full_14788,LLFNILGGWV_HLA-A*02:01,tcr11945,1
vdjdb_full_14789,LLFNILGGWV_HLA-A*02:01,tcr17909,1
vdjdb_full_14790,LLFNILGGWV_HLA-A*02:01,tcr9140,1
vdjdb_full_14791,LLFNILGGWV_HLA-A*02:01,tcr1815,1
vdjdb_full_14792,LLFNILGGWV_HLA-A*02:01,tcr7738,1
vdjdb_full_14793,LLFNILGGWV_HLA-A*02:01,tcr6087,1
vdjdb_full_14794,LLFNILGGWV_HLA-A*02:01,tcr14900,1
vdjdb_full_14795,LLFNILGGWV_HLA-A*02:01,tcr4135,1
vdjdb_full_14796,LLFNILGGWV_HLA-A*02:01,tcr9580,1
vdjdb_full_14797,LLFNILGGWV_HLA-A*02:01,tcr1240,1
vdjdb_full_14798,LLFNILGGWV_HLA-A*02:01,tcr15341,1
vdjdb_full_14799,LLFNILGGWV_HLA-A*02:01,tcr1950,1
vdjdb_full_14800,LLFNILGGWV_HLA-A*02:01,tcr11,1
vdjdb_full_14801,LLFNILGGWV_HLA-A*02:01,tcr10103,1
vdjdb_full_14802,LLFNILGGWV_HLA-A*02:01,tcr2898,1
vdjdb_full_14803,LLFNILGGWV_HLA-A*02:01,tcr1255,1
vdjdb_full_12107,YLQQNWWTL_HLA-A*02:01,tcr12842,1
vdjdb_full_12108,YLQQNWWTL_HLA-A*02:01,tcr4566,1
vdjdb_full_12109,YLQQNWWTL_HLA-A*02:01,tcr7061,1
vdjdb_full_12110,YLQQNWWTL_HLA-A*02:01,tcr11305,1
vdjdb_full_12111,YLQQNWWTL_HLA-A*02:01,tcr13281,1
vdjdb_full_12112,YLQQNWWTL_HLA-A*02:01,tcr12759,1
vdjdb_full_12113,YLQQNWWTL_HLA-A*02:01,tcr11962,1
vdjdb_full_12114,YLQQNWWTL_HLA-A*02:01,tcr14825,1
vdjdb_full_12115,YLQQNWWTL_HLA-A*02:01,tcr1939,1
vdjdb_full_12116,YLQQNWWTL_HLA-A*02:01,tcr3051,1
vdjdb_full_12117,YLQQNWWTL_HLA-A*02:01,tcr4748,1
vdjdb_full_12118,YLQQNWWTL_HLA-A*02:01,tcr6319,1
vdjdb_full_12119,YLQQNWWTL_HLA-A*02:01,tcr249,1
vdjdb_full_12120,YLQQNWWTL_HLA-A*02:01,tcr12780,1
vdjdb_full_12121,YLQQNWWTL_HLA-A*02:01,tcr1845,1
vdjdb_full_12122,YLQQNWWTL_HLA-A*02:01,tcr2987,1
vdjdb_full_12161,IMDQVPFSV_HLA-A*02:01,tcr8551,1
vdjdb_full_12162,IMDQVPFSV_HLA-A*02:01,tcr7082,1
vdjdb_full_12163,IMDQVPFSV_HLA-A*02:01,tcr3475,1
vdjdb_full_12164,IMDQVPFSV_HLA-A*02:01,tcr7642,1
vdjdb_full_12165,IMDQVPFSV_HLA-A*02:01,tcr4012,1
vdjdb_full_12166,IMDQVPFSV_HLA-A*02:01,tcr5016,1
vdjdb_full_12167,IMDQVPFSV_HLA-A*02:01,tcr6629,1
vdjdb_full_12168,IMDQVPFSV_HLA-A*02:01,tcr3289,1
vdjdb_full_12169,IMDQVPFSV_HLA-A*02:01,tcr4883,1
vdjdb_full_12170,IMDQVPFSV_HLA-A*02:01,tcr2568,1
vdjdb_full_12171,IMDQVPFSV_HLA-A*02:01,tcr13268,1
vdjdb_full_12172,IMDQVPFSV_HLA-A*02:01,tcr429,1
vdjdb_full_12173,IMDQVPFSV_HLA-A*02:01,tcr14348,1
vdjdb_full_12174,IMDQVPFSV_HLA-A*02:01,tcr13568,1
vdjdb_full_12175,IMDQVPFSV_HLA-A*02:01,tcr12900,1
vdjdb_full_12176,IMDQVPFSV_HLA-A*02:01,tcr14756,1
vdjdb_full_17200,VVTGVLVYL_HLA-A*02:01,tcr4073,1
vdjdb_full_17201,VVTGVLVYL_HLA-A*02:01,tcr15942,1
vdjdb_full_17202,VVTGVLVYL_HLA-A*02:01,tcr14033,1
vdjdb_full_17203,VVTGVLVYL_HLA-A*02:01,tcr9769,1
vdjdb_full_17205,VVTGVLVYL_HLA-A*02:01,tcr14909,1
vdjdb_full_17206,VVTGVLVYL_HLA-A*02:01,tcr6119,1
vdjdb_full_17207,VVTGVLVYL_HLA-A*02:01,tcr17914,1
vdjdb_full_17208,VVTGVLVYL_HLA-A*02:01,tcr7651,1
vdjdb_full_17209,VVTGVLVYL_HLA-A*02:01,tcr4339,1
vdjdb_full_17210,VVTGVLVYL_HLA-A*02:01,tcr4375,1
vdjdb_full_17211,VVTGVLVYL_HLA-A*02:01,tcr15323,1
vdjdb_full_17212,VVTGVLVYL_HLA-A*02:01,tcr8881,1
vdjdb_full_17213,VVTGVLVYL_HLA-A*02:01,tcr17280,1
vdjdb_full_17214,VVTGVLVYL_HLA-A*02:01,tcr17235,1
vdjdb_full_17215,VVTGVLVYL_HLA-A*02:01,tcr3313,1
vdjdb_full_17216,VVTGVLVYL_HLA-A*02:01,tcr5839,1
vdjdb_full_17306,KSVNITFEL_HLA-A*02:01,tcr9390,1
vdjdb_full_17307,KSVNITFEL_HLA-A*02:01,tcr12332,1
vdjdb_full_17308,KSVNITFEL_HLA-A*02:01,tcr7451,1
vdjdb_full_17309,KSVNITFEL_HLA-A*02:01,tcr14963,1
vdjdb_full_17310,KSVNITFEL_HLA-A*02:01,tcr17397,1
vdjdb_full_17311,KSVNITFEL_HLA-A*02:01,tcr9800,1
vdjdb_full_17312,KSVNITFEL_HLA-A*02:01,tcr3779,1
vdjdb_full_17313,KSVNITFEL_HLA-A*02:01,tcr7581,1
vdjdb_full_17314,KSVNITFEL_HLA-A*02:01,tcr6811,1
vdjdb_full_17315,KSVNITFEL_HLA-A*02:01,tcr818,1
vdjdb_full_17316,KSVNITFEL_HLA-A*02:01,tcr11114,1
vdjdb_full_17317,KSVNITFEL_HLA-A*02:01,tcr15855,1
vdjdb_full_17318,KSVNITFEL_HLA-A*02:01,tcr233,1
vdjdb_full_17319,KSVNITFEL_HLA-A*02:01,tcr15140,1
vdjdb_full_17320,KSVNITFEL_HLA-A*02:01,tcr7584,1
vdjdb_full_17321,KSVNITFEL_HLA-A*02:01,tcr8964,1
vdjdb_full_16053,KLVAMGINAV_HLA-A*02:01,tcr14641,1
vdjdb_full_16054,KLVAMGINAV_HLA-A*02:01,tcr11348,1
vdjdb_full_16055,KLVAMGINAV_HLA-A*02:01,tcr15615,1
vdjdb_full_16056,KLVAMGINAV_HLA-A*02:01,tcr9670,1
vdjdb_full_16058,KLVAMGINAV_HLA-A*02:01,tcr9435,1
vdjdb_full_16059,KLVAMGINAV_HLA-A*02:01,tcr5560,1
vdjdb_full_16060,KLVAMGINAV_HLA-A*02:01,tcr14960,1
vdjdb_full_16061,KLVAMGINAV_HLA-A*02:01,tcr9044,1
vdjdb_full_16062,KLVAMGINAV_HLA-A*02:01,tcr10851,1
vdjdb_full_16063,KLVAMGINAV_HLA-A*02:01,tcr8874,1
vdjdb_full_16065,KLVAMGINAV_HLA-A*02:01,tcr12923,1
vdjdb_full_16066,KLVAMGINAV_HLA-A*02:01,tcr8815,1
vdjdb_full_16067,KLVAMGINAV_HLA-A*02:01,tcr9261,1
vdjdb_full_16068,KLVAMGINAV_HLA-A*02:01,tcr1125,1
vdjdb_full_16069,KLVAMGINAV_HLA-A*02:01,tcr10803,1
vdjdb_full_16337,VTDAAHLLI_HLA-A*01:01,tcr1332,1
vdjdb_full_16338,VTDAAHLLI_HLA-A*01:01,tcr15575,1
vdjdb_full_16340,VTDAAHLLI_HLA-A*01:01,tcr4917,1
vdjdb_full_16341,VTDAAHLLI_HLA-A*01:01,tcr5005,1
vdjdb_full_16342,VTDAAHLLI_HLA-A*01:01,tcr7180,1
vdjdb_full_16343,VTDAAHLLI_HLA-A*01:01,tcr14065,1
vdjdb_full_16344,VTDAAHLLI_HLA-A*01:01,tcr5598,1
vdjdb_full_16345,VTDAAHLLI_HLA-A*01:01,tcr13441,1
vdjdb_full_16346,VTDAAHLLI_HLA-A*01:01,tcr14880,1
vdjdb_full_16347,VTDAAHLLI_HLA-A*01:01,tcr15414,1
vdjdb_full_16348,VTDAAHLLI_HLA-A*01:01,tcr15353,1
vdjdb_full_16349,VTDAAHLLI_HLA-A*01:01,tcr15542,1
vdjdb_full_16350,VTDAAHLLI_HLA-A*01:01,tcr13927,1
vdjdb_full_16351,VTDAAHLLI_HLA-A*01:01,tcr2396,1
vdjdb_full_16352,VTDAAHLLI_HLA-A*01:01,tcr5719,1
vdjdb_full_16594,WPVTLACFV_HLA-B*07:02,tcr9526,1
vdjdb_full_16595,WPVTLACFV_HLA-B*07:02,tcr16858,1
vdjdb_full_16596,WPVTLACFV_HLA-B*07:02,tcr13403,1
vdjdb_full_16597,WPVTLACFV_HLA-B*07:02,tcr15877,1
vdjdb_full_16598,WPVTLACFV_HLA-B*07:02,tcr7626,1
vdjdb_full_16599,WPVTLACFV_HLA-B*07:02,tcr13822,1
vdjdb_full_16600,WPVTLACFV_HLA-B*07:02,tcr18241,1
vdjdb_full_16601,WPVTLACFV_HLA-B*07:02,tcr1533,1
vdjdb_full_16602,WPVTLACFV_HLA-B*07:02,tcr11177,1
vdjdb_full_16603,WPVTLACFV_HLA-B*07:02,tcr4047,1
vdjdb_full_16604,WPVTLACFV_HLA-B*07:02,tcr9927,1
vdjdb_full_16605,WPVTLACFV_HLA-B*07:02,tcr9626,1
vdjdb_full_16606,WPVTLACFV_HLA-B*07:02,tcr1554,1
vdjdb_full_16607,WPVTLACFV_HLA-B*07:02,tcr15206,1
vdjdb_full_17160,KTWGQYWQV_HLA-A*02:01,tcr912,1
vdjdb_full_17161,KTWGQYWQV_HLA-A*02:01,tcr5534,1
vdjdb_full_17162,KTWGQYWQV_HLA-A*02:01,tcr7464,1
vdjdb_full_17163,KTWGQYWQV_HLA-A*02:01,tcr2216,1
vdjdb_full_17164,KTWGQYWQV_HLA-A*02:01,tcr14850,1
vdjdb_full_17165,KTWGQYWQV_HLA-A*02:01,tcr11158,1
vdjdb_full_17166,KTWGQYWQV_HLA-A*02:01,tcr17885,1
vdjdb_full_17167,KTWGQYWQV_HLA-A*02:01,tcr14800,1
vdjdb_full_17168,KTWGQYWQV_HLA-A*02:01,tcr17595,1
vdjdb_full_17169,KTWGQYWQV_HLA-A*02:01,tcr12521,1
vdjdb_full_17170,KTWGQYWQV_HLA-A*02:01,tcr14538,1
vdjdb_full_17171,KTWGQYWQV_HLA-A*02:01,tcr9674,1
vdjdb_full_17172,KTWGQYWQV_HLA-A*02:01,tcr8880,1
vdjdb_full_17173,KTWGQYWQV_HLA-A*02:01,tcr12911,1
vdjdb_full_11078,AAGIGILTV_HLA-A*02:01,tcr11415,1
vdjdb_full_11079,AAGIGILTV_HLA-A*02:01,tcr6469,1
vdjdb_full_11080,AAGIGILTV_HLA-A*02:01,tcr5617,1
vdjdb_full_11081,AAGIGILTV_HLA-A*02:01,tcr14870,1
vdjdb_full_11082,AAGIGILTV_HLA-A*02:01,tcr3436,1
vdjdb_full_11083,AAGIGILTV_HLA-A*02:01,tcr5424,1
vdjdb_full_11084,AAGIGILTV_HLA-A*02:01,tcr13657,1
vdjdb_full_11085,AAGIGILTV_HLA-A*02:01,tcr17368,1
vdjdb_full_11086,AAGIGILTV_HLA-A*02:01,tcr949,1
vdjdb_full_11087,AAGIGILTV_HLA-A*02:01,tcr13359,1
vdjdb_full_11088,AAGIGILTV_HLA-A*02:01,tcr16184,1
vdjdb_full_11089,AAGIGILTV_HLA-A*02:01,tcr11553,1
vdjdb_full_11090,AAGIGILTV_HLA-A*02:01,tcr14954,1
vdjdb_full_13250,HPVGEADYFEY_HLA-B*35:01,tcr15326,1
vdjdb_full_13251,HPVGEADYFEY_HLA-B*35:01,tcr17869,1
vdjdb_full_13252,HPVGEADYFEY_HLA-B*35:01,tcr2953,1
vdjdb_full_13253,HPVGEADYFEY_HLA-B*35:01,tcr17189,1
vdjdb_full_13254,HPVGEADYFEY_HLA-B*35:01,tcr12233,1
vdjdb_full_13255,HPVGEADYFEY_HLA-B*35:01,tcr3148,1
vdjdb_full_13256,HPVGEADYFEY_HLA-B*35:01,tcr5286,1
vdjdb_full_13257,HPVGEADYFEY_HLA-B*35:01,tcr11885,1
vdjdb_full_13258,HPVGEADYFEY_HLA-B*35:01,tcr4418,1
vdjdb_full_17914,HPVGEADYFEY_HLA-B*35:08,tcr5286,1
vdjdb_full_17915,HPVGEADYFEY_HLA-B*35:08,tcr3582,1
vdjdb_full_17916,HPVGEADYFEY_HLA-B*35:08,tcr3148,1
vdjdb_full_17917,HPVGEADYFEY_HLA-B*35:08,tcr2009,1
vdjdb_full_13349,RMFPNAPYL_HLA-A*02:01,tcr16611,1
vdjdb_full_13350,RMFPNAPYL_HLA-A*02:01,tcr16712,1
vdjdb_full_13351,RMFPNAPYL_HLA-A*02:01,tcr16185,1
vdjdb_full_13352,RMFPNAPYL_HLA-A*02:01,tcr10677,1
vdjdb_full_13353,RMFPNAPYL_HLA-A*02:01,tcr9182,1
vdjdb_full_13354,RMFPNAPYL_HLA-A*02:01,tcr13267,1
vdjdb_full_13355,RMFPNAPYL_HLA-A*02:01,tcr475,1
vdjdb_full_13356,RMFPNAPYL_HLA-A*02:01,tcr2046,1
vdjdb_full_13357,RMFPNAPYL_HLA-A*02:01,tcr17050,1
vdjdb_full_13358,RMFPNAPYL_HLA-A*02:01,tcr9307,1
vdjdb_full_13359,RMFPNAPYL_HLA-A*02:01,tcr5523,1
vdjdb_full_13360,RMFPNAPYL_HLA-A*02:01,tcr10972,1
vdjdb_full_13361,RMFPNAPYL_HLA-A*02:01,tcr16152,1
vdjdb_full_15251,FLSINVHKV_HLA-A*02:01,tcr7117,1
vdjdb_full_15252,FLSINVHKV_HLA-A*02:01,tcr16205,1
vdjdb_full_15253,FLSINVHKV_HLA-A*02:01,tcr2083,1
vdjdb_full_15254,FLSINVHKV_HLA-A*02:01,tcr3135,1
vdjdb_full_15255,FLSINVHKV_HLA-A*02:01,tcr18189,1
vdjdb_full_15256,FLSINVHKV_HLA-A*02:01,tcr12902,1
vdjdb_full_15257,FLSINVHKV_HLA-A*02:01,tcr10046,1
vdjdb_full_15258,FLSINVHKV_HLA-A*02:01,tcr2489,1
vdjdb_full_15259,FLSINVHKV_HLA-A*02:01,tcr11757,1
vdjdb_full_15260,FLSINVHKV_HLA-A*02:01,tcr9507,1
vdjdb_full_15261,FLSINVHKV_HLA-A*02:01,tcr7184,1
vdjdb_full_15262,FLSINVHKV_HLA-A*02:01,tcr14232,1
vdjdb_full_15263,FLSINVHKV_HLA-A*02:01,tcr12645,1
vdjdb_full_16077,VMVELVAEL_HLA-A*02:01,tcr12029,1
vdjdb_full_16078,VMVELVAEL_HLA-A*02:01,tcr8950,1
vdjdb_full_16079,VMVELVAEL_HLA-A*02:01,tcr6817,1
vdjdb_full_16080,VMVELVAEL_HLA-A*02:01,tcr17442,1
vdjdb_full_16081,VMVELVAEL_HLA-A*02:01,tcr7645,1
vdjdb_full_16082,VMVELVAEL_HLA-A*02:01,tcr2047,1
vdjdb_full_16083,VMVELVAEL_HLA-A*02:01,tcr14304,1
vdjdb_full_16084,VMVELVAEL_HLA-A*02:01,tcr12577,1
vdjdb_full_16085,VMVELVAEL_HLA-A*02:01,tcr16787,1
vdjdb_full_16086,VMVELVAEL_HLA-A*02:01,tcr9890,1
vdjdb_full_16087,VMVELVAEL_HLA-A*02:01,tcr8897,1
vdjdb_full_16088,VMVELVAEL_HLA-A*02:01,tcr6020,1
vdjdb_full_16089,VMVELVAEL_HLA-A*02:01,tcr4625,1
vdjdb_full_17957,EPLPQGQLTAY_HLA-B*35:01,tcr5573,1
vdjdb_full_17958,EPLPQGQLTAY_HLA-B*35:01,tcr14842,1
vdjdb_full_17959,EPLPQGQLTAY_HLA-B*35:01,tcr6558,1
vdjdb_full_17960,EPLPQGQLTAY_HLA-B*35:01,tcr1091,1
vdjdb_full_17961,EPLPQGQLTAY_HLA-B*35:01,tcr10498,1
vdjdb_full_17962,EPLPQGQLTAY_HLA-B*35:01,tcr51,1
vdjdb_full_17964,EPLPQGQLTAY_HLA-B*35:01,tcr479,1
vdjdb_full_17965,EPLPQGQLTAY_HLA-B*35:01,tcr17648,1
vdjdb_full_17966,EPLPQGQLTAY_HLA-B*35:01,tcr12425,1
vdjdb_full_17967,EPLPQGQLTAY_HLA-B*35:01,tcr16326,1
vdjdb_full_17968,EPLPQGQLTAY_HLA-B*35:01,tcr15351,1
vdjdb_full_17969,EPLPQGQLTAY_HLA-B*35:01,tcr10105,1
vdjdb_full_17970,EPLPQGQLTAY_HLA-B*35:01,tcr13731,1
vdjdb_full_18066,CYTWNQMNL_HLA-A*24:02,tcr5117,1
vdjdb_full_18067,CYTWNQMNL_HLA-A*24:02,tcr283,1
vdjdb_full_18068,CYTWNQMNL_HLA-A*24:02,tcr3238,1
vdjdb_full_18069,CYTWNQMNL_HLA-A*24:02,tcr8461,1
vdjdb_full_18070,CYTWNQMNL_HLA-A*24:02,tcr3045,1
vdjdb_full_18071,CYTWNQMNL_HLA-A*24:02,tcr17932,1
vdjdb_full_18072,CYTWNQMNL_HLA-A*24:02,tcr17124,1
vdjdb_full_18073,CYTWNQMNL_HLA-A*24:02,tcr2753,1
vdjdb_full_18074,CYTWNQMNL_HLA-A*24:02,tcr15075,1
vdjdb_full_18075,CYTWNQMNL_HLA-A*24:02,tcr1014,1
vdjdb_full_18076,CYTWNQMNL_HLA-A*24:02,tcr15731,1
vdjdb_full_18077,CYTWNQMNL_HLA-A*24:02,tcr2487,1
vdjdb_full_18078,CYTWNQMNL_HLA-A*24:02,tcr7980,1
vdjdb_full_18111,SIIAYTMSL_HLA-B*07:02,tcr4085,1
vdjdb_full_18112,SIIAYTMSL_HLA-B*07:02,tcr3845,1
vdjdb_full_18113,SIIAYTMSL_HLA-B*07:02,tcr9506,1
vdjdb_full_18114,SIIAYTMSL_HLA-B*07:02,tcr18399,1
vdjdb_full_18116,SIIAYTMSL_HLA-B*07:02,tcr12302,1
vdjdb_full_18118,SIIAYTMSL_HLA-B*07:02,tcr9273,1
vdjdb_full_18119,SIIAYTMSL_HLA-B*07:02,tcr11161,1
vdjdb_full_18120,SIIAYTMSL_HLA-B*07:02,tcr13096,1
vdjdb_full_18121,SIIAYTMSL_HLA-B*07:02,tcr9145,1
vdjdb_full_18122,SIIAYTMSL_HLA-B*07:02,tcr3644,1
vdjdb_full_18123,SIIAYTMSL_HLA-B*07:02,tcr16404,1
vdjdb_full_18124,SIIAYTMSL_HLA-B*07:02,tcr17049,1
vdjdb_full_18951,SIIAYTMSL_HLA-A*02:01,tcr1833,1
vdjdb_full_13671,QYDPVAALF_HLA-A*24:02,tcr13908,1
vdjdb_full_13672,QYDPVAALF_HLA-A*24:02,tcr8665,1
vdjdb_full_13673,QYDPVAALF_HLA-A*24:02,tcr5479,1
vdjdb_full_13674,QYDPVAALF_HLA-A*24:02,tcr2203,1
vdjdb_full_13675,QYDPVAALF_HLA-A*24:02,tcr17448,1
vdjdb_full_13676,QYDPVAALF_HLA-A*24:02,tcr1848,1
vdjdb_full_13677,QYDPVAALF_HLA-A*24:02,tcr2035,1
vdjdb_full_13678,QYDPVAALF_HLA-A*24:02,tcr6763,1
vdjdb_full_13679,QYDPVAALF_HLA-A*24:02,tcr412,1
vdjdb_full_13680,QYDPVAALF_HLA-A*24:02,tcr1861,1
vdjdb_full_13681,QYDPVAALF_HLA-A*24:02,tcr9168,1
vdjdb_full_13682,QYDPVAALF_HLA-A*24:02,tcr12941,1
vdjdb_full_15264,FMVFLQTHI_HLA-A*02:01,tcr16221,1
vdjdb_full_15265,FMVFLQTHI_HLA-A*02:01,tcr2902,1
vdjdb_full_15266,FMVFLQTHI_HLA-A*02:01,tcr6291,1
vdjdb_full_15267,FMVFLQTHI_HLA-A*02:01,tcr618,1
vdjdb_full_15268,FMVFLQTHI_HLA-A*02:01,tcr10304,1
vdjdb_full_15269,FMVFLQTHI_HLA-A*02:01,tcr5785,1
vdjdb_full_15270,FMVFLQTHI_HLA-A*02:01,tcr11979,1
vdjdb_full_15271,FMVFLQTHI_HLA-A*02:01,tcr12798,1
vdjdb_full_15272,FMVFLQTHI_HLA-A*02:01,tcr14224,1
vdjdb_full_15273,FMVFLQTHI_HLA-A*02:01,tcr1379,1
vdjdb_full_15274,FMVFLQTHI_HLA-A*02:01,tcr10849,1
vdjdb_full_15275,FMVFLQTHI_HLA-A*02:01,tcr1072,1
vdjdb_full_17857,RLLPLLALL_HLA-A*02:01,tcr5511,1
vdjdb_full_17858,RLLPLLALL_HLA-A*02:01,tcr15370,1
vdjdb_full_17859,RLLPLLALL_HLA-A*02:01,tcr17206,1
vdjdb_full_17860,RLLPLLALL_HLA-A*02:01,tcr15609,1
vdjdb_full_17861,RLLPLLALL_HLA-A*02:01,tcr16695,1
vdjdb_full_17862,RLLPLLALL_HLA-A*02:01,tcr81,1
vdjdb_full_17863,RLLPLLALL_HLA-A*02:01,tcr13599,1
vdjdb_full_17864,RLLPLLALL_HLA-A*02:01,tcr13879,1
vdjdb_full_17865,RLLPLLALL_HLA-A*02:01,tcr10896,1
vdjdb_full_17866,RLLPLLALL_HLA-A*02:01,tcr6923,1
vdjdb_full_17867,RLLPLLALL_HLA-A*02:01,tcr14450,1
vdjdb_full_17868,RLLPLLALL_HLA-A*02:01,tcr4361,1
vdjdb_full_18151,MLDLQPETT_HLA-A*02:01,tcr3419,1
vdjdb_full_18153,MLDLQPETT_HLA-A*02:01,tcr149,1
vdjdb_full_18154,MLDLQPETT_HLA-A*02:01,tcr164,1
vdjdb_full_18155,MLDLQPETT_HLA-A*02:01,tcr13369,1
vdjdb_full_18156,MLDLQPETT_HLA-A*02:01,tcr4097,1
vdjdb_full_18157,MLDLQPETT_HLA-A*02:01,tcr7926,1
vdjdb_full_18158,MLDLQPETT_HLA-A*02:01,tcr17963,1
vdjdb_full_18159,MLDLQPETT_HLA-A*02:01,tcr9896,1
vdjdb_full_18160,MLDLQPETT_HLA-A*02:01,tcr17238,1
vdjdb_full_18161,MLDLQPETT_HLA-A*02:01,tcr7858,1
vdjdb_full_18162,MLDLQPETT_HLA-A*02:01,tcr2437,1
vdjdb_full_18164,MLDLQPETT_HLA-A*02:01,tcr17449,1
vdjdb_full_18196,GQAQGIGSSVY_HLA-B*15:01,tcr13756,1
vdjdb_full_18197,GQAQGIGSSVY_HLA-B*15:01,tcr17578,1
vdjdb_full_18198,GQAQGIGSSVY_HLA-B*15:01,tcr1982,1
vdjdb_full_18199,GQAQGIGSSVY_HLA-B*15:01,tcr5347,1
vdjdb_full_18200,GQAQGIGSSVY_HLA-B*15:01,tcr3880,1
vdjdb_full_18201,GQAQGIGSSVY_HLA-B*15:01,tcr5414,1
vdjdb_full_18202,GQAQGIGSSVY_HLA-B*15:01,tcr17004,1
vdjdb_full_18203,GQAQGIGSSVY_HLA-B*15:01,tcr987,1
vdjdb_full_18204,GQAQGIGSSVY_HLA-B*15:01,tcr16681,1
vdjdb_full_18205,GQAQGIGSSVY_HLA-B*15:01,tcr5834,1
vdjdb_full_18206,GQAQGIGSSVY_HLA-B*15:01,tcr4461,1
vdjdb_full_18207,GQAQGIGSSVY_HLA-B*15:01,tcr4259,1
vdjdb_full_18302,RPHERNGFTV_HLA-B*07:02,tcr12433,1
vdjdb_full_18303,RPHERNGFTV_HLA-B*07:02,tcr16683,1
vdjdb_full_18304,RPHERNGFTV_HLA-B*07:02,tcr1943,1
vdjdb_full_18305,RPHERNGFTV_HLA-B*07:02,tcr16119,1
vdjdb_full_18306,RPHERNGFTV_HLA-B*07:02,tcr8139,1
vdjdb_full_18307,RPHERNGFTV_HLA-B*07:02,tcr17841,1
vdjdb_full_18309,RPHERNGFTV_HLA-B*07:02,tcr258,1
vdjdb_full_18310,RPHERNGFTV_HLA-B*07:02,tcr6869,1
vdjdb_full_18311,RPHERNGFTV_HLA-B*07:02,tcr2635,1
vdjdb_full_18313,RPHERNGFTV_HLA-B*07:02,tcr11926,1
vdjdb_full_18314,RPHERNGFTV_HLA-B*07:02,tcr13333,1
vdjdb_full_18315,RPHERNGFTV_HLA-B*07:02,tcr15165,1
vdjdb_full_15744,STNVGSNTY_HLA-A*01:01,tcr13061,1
vdjdb_full_15745,STNVGSNTY_HLA-A*01:01,tcr6534,1
vdjdb_full_15746,STNVGSNTY_HLA-A*01:01,tcr8910,1
vdjdb_full_15747,STNVGSNTY_HLA-A*01:01,tcr15150,1
vdjdb_full_15748,STNVGSNTY_HLA-A*01:01,tcr11952,1
vdjdb_full_15749,STNVGSNTY_HLA-A*01:01,tcr12717,1
vdjdb_full_15750,STNVGSNTY_HLA-A*01:01,tcr5644,1
vdjdb_full_15751,STNVGSNTY_HLA-A*01:01,tcr18248,1
vdjdb_full_15752,STNVGSNTY_HLA-A*01:01,tcr10254,1
vdjdb_full_15753,STNVGSNTY_HLA-A*01:01,tcr8524,1
vdjdb_full_15754,STNVGSNTY_HLA-A*01:01,tcr11013,1
vdjdb_full_16671,VMNILLQYV_HLA-A*02:01,tcr8553,1
vdjdb_full_16672,VMNILLQYV_HLA-A*02:01,tcr5687,1
vdjdb_full_16673,VMNILLQYV_HLA-A*02:01,tcr13714,1
vdjdb_full_16674,VMNILLQYV_HLA-A*02:01,tcr7523,1
vdjdb_full_16675,VMNILLQYV_HLA-A*02:01,tcr3627,1
vdjdb_full_16676,VMNILLQYV_HLA-A*02:01,tcr8083,1
vdjdb_full_16677,VMNILLQYV_HLA-A*02:01,tcr5814,1
vdjdb_full_16678,VMNILLQYV_HLA-A*02:01,tcr15923,1
vdjdb_full_16679,VMNILLQYV_HLA-A*02:01,tcr5964,1
vdjdb_full_16680,VMNILLQYV_HLA-A*02:01,tcr7143,1
vdjdb_full_16681,VMNILLQYV_HLA-A*02:01,tcr7788,1
vdjdb_full_13501,LLLEWLAMA_HLA-A*02:01,tcr6035,1
vdjdb_full_13502,LLLEWLAMA_HLA-A*02:01,tcr2529,1
vdjdb_full_13503,LLLEWLAMA_HLA-A*02:01,tcr14554,1
vdjdb_full_13504,LLLEWLAMA_HLA-A*02:01,tcr13835,1
vdjdb_full_13505,LLLEWLAMA_HLA-A*02:01,tcr14118,1
vdjdb_full_13506,LLLEWLAMA_HLA-A*02:01,tcr15013,1
vdjdb_full_13507,LLLEWLAMA_HLA-A*02:01,tcr8438,1
vdjdb_full_13508,LLLEWLAMA_HLA-A*02:01,tcr15269,1
vdjdb_full_13509,LLLEWLAMA_HLA-A*02:01,tcr14042,1
vdjdb_full_13510,LLLEWLAMA_HLA-A*02:01,tcr13617,1
vdjdb_full_15052,TSQWLTNIF_HLA-A*24:02,tcr16944,1
vdjdb_full_15053,TSQWLTNIF_HLA-A*24:02,tcr3390,1
vdjdb_full_15054,TSQWLTNIF_HLA-A*24:02,tcr14917,1
vdjdb_full_15055,TSQWLTNIF_HLA-A*24:02,tcr1089,1
vdjdb_full_15056,TSQWLTNIF_HLA-A*24:02,tcr16372,1
vdjdb_full_15057,TSQWLTNIF_HLA-A*24:02,tcr14441,1
vdjdb_full_15058,TSQWLTNIF_HLA-A*24:02,tcr14706,1
vdjdb_full_15059,TSQWLTNIF_HLA-A*24:02,tcr10926,1
vdjdb_full_15060,TSQWLTNIF_HLA-A*24:02,tcr4406,1
vdjdb_full_15061,TSQWLTNIF_HLA-A*24:02,tcr10950,1
vdjdb_full_17493,RLITGRLQSL_HLA-A*02:01,tcr5266,1
vdjdb_full_17494,RLITGRLQSL_HLA-A*02:01,tcr12383,1
vdjdb_full_17495,RLITGRLQSL_HLA-A*02:01,tcr8754,1
vdjdb_full_17496,RLITGRLQSL_HLA-A*02:01,tcr13844,1
vdjdb_full_17497,RLITGRLQSL_HLA-A*02:01,tcr5186,1
vdjdb_full_17498,RLITGRLQSL_HLA-A*02:01,tcr7803,1
vdjdb_full_17499,RLITGRLQSL_HLA-A*02:01,tcr14398,1
vdjdb_full_17500,RLITGRLQSL_HLA-A*02:01,tcr16399,1
vdjdb_full_17501,RLITGRLQSL_HLA-A*02:01,tcr8671,1
vdjdb_full_17502,RLITGRLQSL_HLA-A*02:01,tcr811,1
vdjdb_full_17524,RLWGTWVKA_HLA-A*02:01,tcr7365,1
vdjdb_full_17525,RLWGTWVKA_HLA-A*02:01,tcr17923,1
vdjdb_full_17526,RLWGTWVKA_HLA-A*02:01,tcr9329,1
vdjdb_full_17527,RLWGTWVKA_HLA-A*02:01,tcr852,1
vdjdb_full_17528,RLWGTWVKA_HLA-A*02:01,tcr13593,1
vdjdb_full_17529,RLWGTWVKA_HLA-A*02:01,tcr15724,1
vdjdb_full_17530,RLWGTWVKA_HLA-A*02:01,tcr9627,1
vdjdb_full_17531,RLWGTWVKA_HLA-A*02:01,tcr16669,1
vdjdb_full_17532,RLWGTWVKA_HLA-A*02:01,tcr8819,1
vdjdb_full_17533,RLWGTWVKA_HLA-A*02:01,tcr13937,1
vdjdb_full_17712,TLWCSPIKV_HLA-A*02:01,tcr13362,1
vdjdb_full_17713,TLWCSPIKV_HLA-A*02:01,tcr12487,1
vdjdb_full_17714,TLWCSPIKV_HLA-A*02:01,tcr14300,1
vdjdb_full_17715,TLWCSPIKV_HLA-A*02:01,tcr4127,1
vdjdb_full_17716,TLWCSPIKV_HLA-A*02:01,tcr4864,1
vdjdb_full_17717,TLWCSPIKV_HLA-A*02:01,tcr7225,1
vdjdb_full_17718,TLWCSPIKV_HLA-A*02:01,tcr7182,1
vdjdb_full_17719,TLWCSPIKV_HLA-A*02:01,tcr10981,1
vdjdb_full_17720,TLWCSPIKV_HLA-A*02:01,tcr14997,1
vdjdb_full_17721,TLWCSPIKV_HLA-A*02:01,tcr15065,1
vdjdb_full_18165,QELIRQGTDY_HLA-B*44:02,tcr15704,1
vdjdb_full_18166,QELIRQGTDY_HLA-B*44:02,tcr1451,1
vdjdb_full_18167,QELIRQGTDY_HLA-B*44:02,tcr3748,1
vdjdb_full_18168,QELIRQGTDY_HLA-B*44:02,tcr2673,1
vdjdb_full_18169,QELIRQGTDY_HLA-B*44:02,tcr11253,1
vdjdb_full_18170,QELIRQGTDY_HLA-B*44:02,tcr11456,1
vdjdb_full_18171,QELIRQGTDY_HLA-B*44:02,tcr5108,1
vdjdb_full_18172,QELIRQGTDY_HLA-B*44:02,tcr16133,1
vdjdb_full_18173,QELIRQGTDY_HLA-B*44:02,tcr9297,1
vdjdb_full_18174,QELIRQGTDY_HLA-B*44:02,tcr13404,1
vdjdb_full_18410,FLWSVFWLI_HLA-A*02:01,tcr15271,1
vdjdb_full_18411,FLWSVFWLI_HLA-A*02:01,tcr11988,1
vdjdb_full_18412,FLWSVFWLI_HLA-A*02:01,tcr7886,1
vdjdb_full_18413,FLWSVFWLI_HLA-A*02:01,tcr11014,1
vdjdb_full_18414,FLWSVFWLI_HLA-A*02:01,tcr292,1
vdjdb_full_18415,FLWSVFWLI_HLA-A*02:01,tcr8449,1
vdjdb_full_18416,FLWSVFWLI_HLA-A*02:01,tcr1418,1
vdjdb_full_18417,FLWSVFWLI_HLA-A*02:01,tcr156,1
vdjdb_full_18418,FLWSVFWLI_HLA-A*02:01,tcr16724,1
vdjdb_full_18419,FLWSVFWLI_HLA-A*02:01,tcr6493,1
vdjdb_full_9523,CVNGSCFTV_HLA-A*02:01,tcr15890,1
vdjdb_full_9524,CVNGSCFTV_HLA-A*02:01,tcr17507,1
vdjdb_full_9525,CVNGSCFTV_HLA-A*02:01,tcr13159,1
vdjdb_full_9526,CVNGSCFTV_HLA-A*02:01,tcr14044,1
vdjdb_full_9527,CVNGSCFTV_HLA-A*02:01,tcr6256,1
vdjdb_full_9529,CVNGSCFTV_HLA-A*02:01,tcr655,1
vdjdb_full_9530,CVNGSCFTV_HLA-A*02:01,tcr13554,1
vdjdb_full_9531,CVNGSCFTV_HLA-A*02:01,tcr7100,1
vdjdb_full_9532,CVNGSCFTV_HLA-A*02:01,tcr2477,1
vdjdb_full_9533,CVNGSCFTV_HLA-A*02:01,tcr10855,1
