vdjdb_full_1 E 1 2 3 4 5 6 7 8 9
vdjdb_full_1 A 28 29 30 31 32 49 50 51 52 54 71 94 95 96 97 98 99
vdjdb_full_1 B 29 30 94 95 96 97
vdjdb_full_10031 E 1 2 3 4 5 6 7 8 9
vdjdb_full_10031 A 30 31 50 95 96 97 98 99 100 101
vdjdb_full_10031 B 28 29 30 31 32 91 92 93 94 95 96 97 98
vdjdb_full_10026 E 1 2 3 4 5 6 7 8 9
vdjdb_full_10026 A 28 29 30 31 48 49 50 51 52 54 56 57 94 95 96 97 98 99 100 101
vdjdb_full_10026 B 92 93 94 95 96 97 98 99 100 101 102 103
vdjdb_full_10 E 1 2 3 4 5 6 7 8 9
vdjdb_full_10 A 28 29 30 31 49 50 51 55 95 96 97 98 99 100 101 102
vdjdb_full_10 B 29 94 95 96 97 98
vdjdb_full_10032 E 1 2 3 4 5 6 7 8 9
vdjdb_full_10032 A 28 29 30 31 50 51 94 95 96 97 98
vdjdb_full_10032 B 29 95 96 97 98 99 100 101
vdjdb_full_10103 E 1 2 3 4 5 6 7 8 9
vdjdb_full_10103 A 28 29 30 31 32 48 49 50 51 55 72 95 96 97 98 99 100
vdjdb_full_10103 B 28 29 30 31 32 93 94 95 96 97
vdjdb_full_10092 E 1 2 3 4 5 6 7 8 9
vdjdb_full_10092 A 30 50 51 95 96 97 98 99 100 101 102
vdjdb_full_10092 B 28 29 30 31 94 95 96 97
vdjdb_full_10239 E 1 2 3 4 5 6 7 8 9
vdjdb_full_10239 A 96 97 98 99 100 101 102
vdjdb_full_10239 B 27 28 29 30 31 91 92 93 94 95 96 97 98 99
vdjdb_full_10213 E 1 2 3 4 5 6 7 8 9
vdjdb_full_10213 A 30 31 49 50 51 52 53 54 55 96 97 98 99 100 101 102 103 104
vdjdb_full_10213 B 95 96 97 98 99 100
vdjdb_full_10117 E 1 2 3 4 5 6 7 8 9
vdjdb_full_10117 A 28 29 30 31 32 48 49 50 51 55 95 96 97 98 99 100
vdjdb_full_10117 B 28 29 30 32 94 95 96 97 98 99 100
vdjdb_full_10146 E 1 2 3 4 5 6 7 8 9
vdjdb_full_10146 A 96 97 98 99 100 101 102 103 104
vdjdb_full_10146 B 28 29 30 31 32 33 50 51 91 92 93 94 95 96 97
vdjdb_full_10163 E 1 2 3 4 5 6 7 8 9
vdjdb_full_10163 A 28 29 30 31 48 50 51 55 56 95 96 97 98 99 100 101 102
vdjdb_full_10163 B 29 93 94 95 96 97 98 99 100
vdjdb_full_10204 E 1 2 3 4 5 6 7 8 9
vdjdb_full_10204 A 28 29 30 31 50 55 56 95 96 97 98 99 100 101
vdjdb_full_10204 B 28 30 31 92 93 94 95 96 97 98 99
vdjdb_full_10155 E 1 2 3 4 5 6 7 8 9
vdjdb_full_10155 A 28 30 31 49 50 51 55 95 96 97 98 99 100 101 102
vdjdb_full_10155 B 29 93 94 95 96 97 98 99
vdjdb_full_10257 E 1 2 3 4 5 6 7 8 9
vdjdb_full_10257 A 28 29 30 31 50 51 55 56 94 95 96 97 98 99 100 101 102 103 104 105
vdjdb_full_10257 B 93 94 95 96 97 98 99
vdjdb_full_1028 E 1 2 3 4 5 6 7 8 9
vdjdb_full_1028 A 27 28 29 30 31 50 94 95 96 97 98 99 100
vdjdb_full_1028 B 31 93 94 95 96 97 98 99 100
vdjdb_full_10497 E 1 2 3 4 5 6 7 8 9
vdjdb_full_10497 A 30 31 50 95 96 97 98 99
vdjdb_full_10497 B 27 28 29 30 31 50 51 52 67 91 92 93 94 95 96 97
vdjdb_full_10284 E 1 2 3 4 5 6 7 8 9
vdjdb_full_10284 A 28 30 50 51 94 95 96 97 98 99
vdjdb_full_10284 B 29 30 94 95 96 97 98 99 100 101
vdjdb_full_10016 E 1 2 3 4 5 6 7 8 9
vdjdb_full_10016 A 30 94 95 96 97 98 99 100 101
vdjdb_full_10016 B 30 91 92 93 94 95
vdjdb_full_10285 E 1 2 3 4 5 6 7 8 9
vdjdb_full_10285 A 30 50 55 56 95 96 97 98 99 100 101 102
vdjdb_full_10285 B 28 29 30 31 32 91 92 93 94 95 96 97 98 99
vdjdb_full_10500 E 1 2 3 4 5 6 7 8 9
vdjdb_full_10500 A 95 96 97 98 99 100 101 102 103
vdjdb_full_10500 B 28 29 30 31 32 33 51 90 91 92 93 94 95
vdjdb_full_10499 E 1 2 3 4 5 6 7 8 9
vdjdb_full_10499 A 30 31 50 94 95 96 97 98 99 100 101 102
vdjdb_full_10499 B 28 29 30 31 32 33 51 90 91 92 93 94 95
vdjdb_full_10503 E 1 2 3 4 5 6 7 8 9
vdjdb_full_10503 A 28 30 31 50 94 95 96 97 98
vdjdb_full_10503 B 28 29 30 31 32 33 51 91 92 93 94 95 96
vdjdb_full_10501 E 1 2 3 4 5 6 7 8 9
vdjdb_full_10501 A 27 28 29 30 31 50 51 94 95 96 97 98 99 100
vdjdb_full_10501 B 28 29 30 31 32 33 51 91 92 93 94 95 96 97 98
vdjdb_full_10507 E 1 2 3 4 5 6 7 8 9
vdjdb_full_10507 A 28 30 31 50 94 95 96 97 98 99
vdjdb_full_10507 B 28 29 30 31 32 33 51 90 91 92 93 94 95
vdjdb_full_10498 E 1 2 3 4 5 6 7 8 9
vdjdb_full_10498 A 27 28 29 30 31 50 51 94 95 96 97 98 99
vdjdb_full_10498 B 28 29 30 31 32 33 51 91 92 93 94 95 96 97
vdjdb_full_10509 E 1 2 3 4 5 6 7 8 9
vdjdb_full_10509 A 28 30 50 51 95 96 97 98 99 100
vdjdb_full_10509 B 28 29 30 31 32 33 50 51 91 92 93 94 95 96
vdjdb_full_10511 E 1 2 3 4 5 6 7 8 9
vdjdb_full_10511 A 28 29 30 31 50 51 95 96 97 98 99 100
vdjdb_full_10511 B 28 29 30 31 32 33 90 91 92 93 94 95
vdjdb_full_10505 E 1 2 3 4 5 6 7 8 9
vdjdb_full_10505 A 28 29 30 31 50 51 52 94 95 96 97 98 99
vdjdb_full_10505 B 1 2 27 28 29 30 31 32 92 93 94 95 96 97 98 99
vdjdb_full_10510 E 1 2 3 4 5 6 7 8 9
vdjdb_full_10510 A 30 31 49 50 51 52 53 55 94 95 96 97 98 99
vdjdb_full_10510 B 28 29 30 31 32 91 92 93 94 95 96 97 98
vdjdb_full_10513 E 1 2 3 4 5 6 7 8 9
vdjdb_full_10513 A 28 30 31 50 55 95 96 97 98 99 100 101 102
vdjdb_full_10513 B 28 29 30 31 32 33 51 93 94 95 96 97 98
vdjdb_full_10506 E 1 2 3 4 5 6 7 8 9
vdjdb_full_10506 A 30 94 95 96 97 98 99 100
vdjdb_full_10506 B 28 29 30 31 32 33 50 51 91 92 93 94 95 96
vdjdb_full_10517 E 1 2 3 4 5 6 7 8 9 10 11
vdjdb_full_10517 A 28 30 31 50 95 96 97 98 99 100 101 102 103
vdjdb_full_10517 B 30 32 51 94 95 96 97 98 100 101 102 103
vdjdb_full_10518 E 1 2 3 4 5 6 7 8 9 10 11
vdjdb_full_10518 A 30 31 50 51 94 95 96 97 98 99 100
vdjdb_full_10518 B 29 30 31 32 33 52 95 96 97 98 99 100 101 102 103
vdjdb_full_10516 E 1 2 3 4 5 6 7 8 9 10 11
vdjdb_full_10516 A 30 31 50 95 96 97 98 99 100 101 102 103
vdjdb_full_10516 B 29 30 31 32 96 97 98 99 100 101 102
vdjdb_full_10519 E 1 2 3 4 5 6 7 8 9 10 11
vdjdb_full_10519 A 50 51 55 56 95 96 97 98 99 100 101 102
vdjdb_full_10519 B 29 31 32 51 93 94 95 96 97 98 99
vdjdb_full_10521 E 1 2 3 4 5 6 7 8 9 10 11
vdjdb_full_10521 A 30 31 50 95 96 97 98 99 100 101 102 103
vdjdb_full_10521 B 29 30 31 32 95 96 97 98 99 100 101 102 103
vdjdb_full_10527 E 1 2 3 4 5 6 7 8 9 10 11
vdjdb_full_10527 A 28 30 31 49 50 51 55 95 96 97 98 99 100 101 102 103
vdjdb_full_10527 B 28 29 30 31 50 91 92 93 94 95 97 98 99 100
vdjdb_full_10525 E 1 2 3 4 5 6 7 8 9 10 11
vdjdb_full_10525 A 28 30 31 50 51 55 56 94 95 96 97 98 99 100 101
vdjdb_full_10525 B 29 30 31 32 33 54 95 96 97 98 99 100 101 102 103
vdjdb_full_10522 E 1 2 3 4 5 6 7 8 9 10 11
vdjdb_full_10522 A 28 29 30 31 32 48 49 50 51 53 55 94 95 96 97 98 99
vdjdb_full_10522 B 30 32 51 94 95 96 97 98 99 100 101
vdjdb_full_10529 E 1 2 3 4 5 6 7 8 9 10 11
vdjdb_full_10529 A 29 30 31 49 50 51 52 94 95 96 97 98 99 100 101
vdjdb_full_10529 B 29 30 31 32 33 52 53 54 95 96 97 98 99 100 101
vdjdb_full_10528 E 1 2 3 4 5 6 7 8 9 10 11
vdjdb_full_10528 A 30 31 50 51 94 95 96 97 98 99 100 101
vdjdb_full_10528 B 29 30 31 32 33 52 54 95 96 97 98 99 100 101 102 103
vdjdb_full_10538 E 1 2 3 4 5 6 7 8 9 10 11
vdjdb_full_10538 A 30 50 95 96 97 98 99 100
vdjdb_full_10538 B 29 30 31 32 33 95 96 97 98 99 100 101 102 103
vdjdb_full_10531 E 1 2 3 4 5 6 7 8 9 10 11
vdjdb_full_10531 A 28 29 30 31 49 50 51 52 94 95 96 97 98 99
vdjdb_full_10531 B 31 32 33 54 95 96 97 98 99 100 101
vdjdb_full_10536 E 1 2 3 4 5 6 7 8 9 10 11
vdjdb_full_10536 A 30 31 50 94 95 96 97 98 99 100 101 102
vdjdb_full_10536 B 30 92 93 94 95 96 97 98 99 100 101
vdjdb_full_10535 E 1 2 3 4 5 6 7 8 9 10 11
vdjdb_full_10535 A 30 31 49 50 51 94 95 96 97 98 99 100
vdjdb_full_10535 B 29 30 31 32 33 50 51 52 53 92 93 94 95 96 97
vdjdb_full_10542 E 1 2 3 4 5 6 7 8 9 10 11
vdjdb_full_10542 A 28 29 30 31 32 49 50 51 95 96 97 98 99
vdjdb_full_10542 B 28 29 30 31 50 91 92 93 99
vdjdb_full_10539 E 1 2 3 4 5 6 7 8 9 10 11
vdjdb_full_10539 A 29 31 98 99 100 101 102 103
vdjdb_full_10539 B 97 98 99 100 101 102 103
vdjdb_full_10552 E 1 2 3 4 5 6 7 8 9
vdjdb_full_10552 A 28 29 30 31 32 48 49 50 51 55 94 95 96 97 98 99
vdjdb_full_10552 B 28 29 30 31 32 91 92 93 94 95
vdjdb_full_10550 E 1 2 3 4 5 6 7 8 9
vdjdb_full_10550 A 28 29 30 31 32 49 50 51 52 95 96 97 98 99 100
vdjdb_full_10550 B 28 29 30 31 49 50 92 93 94 95 96
vdjdb_full_10560 E 1 2 3 4 5 6 7 8 9
vdjdb_full_10560 A 28 29 30 31 32 49 50 51 52 54 94 95 96 97 98 99
vdjdb_full_10560 B 28 29 31 93 94 95 96 97
vdjdb_full_10545 E 1 2 3 4 5 6 7 8 9 10 11
vdjdb_full_10545 A 28 29 30 31 50 51 94 95 96 97 98 99
vdjdb_full_10545 B 29 30 31 32 51 94 95 96 97 98 99
vdjdb_full_10558 E 1 2 3 4 5 6 7 8 9
vdjdb_full_10558 A 28 29 30 31 50 51 95 96 97 98 99 100 101 102
vdjdb_full_10558 B 29 30 31 32 50 51 52 94 95
vdjdb_full_10553 E 1 2 3 4 5 6 7 8 9
vdjdb_full_10553 A 28 29 30 50 55 95 96 97 98 99 100 101 102
vdjdb_full_10553 B 29 31 32 93 94 95 96 97 98
vdjdb_full_10567 E 1 2 3 4 5 6 7 8 9
vdjdb_full_10567 A 28 29 30 31 49 50 51 53 55 56 95 96 97 98 99 100
vdjdb_full_10567 B 30 92 93 95 96 97 98 99 100 101 102
vdjdb_full_10559 E 1 2 3 4 5 6 7 8 9
vdjdb_full_10559 A 30 31 50 51 94 95 96 97 98 99
vdjdb_full_10559 B 30 93 94 95 96 97 98
vdjdb_full_10565 E 1 2 3 4 5 6 7 8 9
vdjdb_full_10565 A 28 29 30 31 50 51 55 95 96 97 98 99 100
vdjdb_full_10565 B 30 92 93 94 95 96 97 98 99
vdjdb_full_10564 E 1 2 3 4 5 6 7 8 9
vdjdb_full_10564 A 27 28 29 30 31 96 97 98 99 100 101 102
vdjdb_full_10564 B 30 92 93 94 95 96 97 98 99 100 101
vdjdb_full_10574 E 1 2 3 4 5 6 7 8 9
vdjdb_full_10574 A 27 28 29 30 31 49 50 51 94 95 96 97 98 99 100
vdjdb_full_10574 B 31 93 94 95 96 97 98 99 100
vdjdb_full_10572 E 1 2 3 4 5 6 7 8 9
vdjdb_full_10572 A 28 29 30 31 50 51 96 97 98 99 100 102 103 104
vdjdb_full_10572 B 29 30 31 92 93 94 95
vdjdb_full_10582 E 1 2 3 4 5 6 7 8 9
vdjdb_full_10582 A 28 30 31 50 51 95 96 97 98 99 100 101
vdjdb_full_10582 B 31 95 96 97 98 99 100
vdjdb_full_10578 E 1 2 3 4 5 6 7 8 9
vdjdb_full_10578 A 28 29 30 31 50 95 96 97 98 99 100 101 102
vdjdb_full_10578 B 30 31 32 93 94 95 96 97 98 99
vdjdb_full_10581 E 1 2 3 4 5 6 7 8 9
vdjdb_full_10581 A 28 29 30 31 49 50 51 94 95 96 97 98 99 100 101 102
vdjdb_full_10581 B 27 28 29 30 31 32 51 52 93 94 95 96 97
vdjdb_full_10583 E 1 2 3 4 5 6 7 8 9
vdjdb_full_10583 A 27 28 29 30 31 50 94 95 96 97 98 99 100
vdjdb_full_10583 B 28 29 30 31 92 93 94 95 96
vdjdb_full_10594 E 1 2 3 4 5 6 7 8 9
vdjdb_full_10594 A 28 29 30 31 49 50 51 94 95 96 97 98 99 100
vdjdb_full_10594 B 27 28 29 30 31 32 51 94 95 96 97 98
vdjdb_full_10587 E 1 2 3 4 5 6 7 8 9
vdjdb_full_10587 A 28 29 30 31 96 97 98 99 100 101 102 103 104
vdjdb_full_10587 B 28 29 30 31 91 92 93 94 95 96 97 98 99
vdjdb_full_10589 E 1 2 3 4 5 6 7 8 9
vdjdb_full_10589 A 30 31 50 55 96 97 98 99 100
vdjdb_full_10589 B 31 96 97 98 99 100 101 102 103 104 105
vdjdb_full_10590 E 1 2 3 4 5 6 7 8 9
vdjdb_full_10590 A 95 96 97 98 99 100 101 102 103 104
vdjdb_full_10590 B 31 96 97 98 99 100 101
vdjdb_full_10584 E 1 2 3 4 5 6 7 8 9
vdjdb_full_10584 A 27 28 29 30 31 49 50 51 71 94 95 96 97 98 99 100 101 102
vdjdb_full_10584 B 31 94 95 96 97 98
vdjdb_full_10597 E 1 2 3 4 5 6 7 8 9
vdjdb_full_10597 A 27 28 29 30 31 96 97 98 99 100 101 102
vdjdb_full_10597 B 29 31 32 92 93 94 95 96 97 98 99
vdjdb_full_10596 E 1 2 3 4 5 6 7 8 9
vdjdb_full_10596 A 28 29 30 31 32 51 94 95 96 97 98 99
vdjdb_full_10596 B 30 31 92 93 94 95 96 97 98
vdjdb_full_10599 E 1 2 3 4 5 6 7 8 9
vdjdb_full_10599 A 28 29 30 31 32 49 50 51 94 95 96 97 98 99 100
vdjdb_full_10599 B 27 28 29 30 31 32 33 51 91 92 93 94 95 96 97 98
vdjdb_full_10593 E 1 2 3 4 5 6 7 8 9
vdjdb_full_10593 A 28 29 30 31 95 96 97 98 99 100 101
vdjdb_full_10593 B 28 29 30 31 32 92 93 94 95 96
vdjdb_full_10600 E 1 2 3 4 5 6 7 8 9
vdjdb_full_10600 A 28 29 30 50 51 55 56 94 95 96 97 98 99 100 101
vdjdb_full_10600 B 28 30 31 92 93 94 95 96 97 98 99
vdjdb_full_10611 E 1 2 3 4 5 6 7 8 9
vdjdb_full_10611 A 26 27 28 29 30 31 74 97 98 99 100 101 102 103 104 105
vdjdb_full_10611 B 30 31 50 94
vdjdb_full_10601 E 1 2 3 4 5 6 7 8 9
vdjdb_full_10601 A 29 30 31 49 50 51 94 95 96 97 98 99
vdjdb_full_10601 B 26 27 28 29 30 31 51 92 93 94 95 96
vdjdb_full_10606 E 1 2 3 4 5 6 7 8 9
vdjdb_full_10606 A 30 50 95 96 97 98 99 100 101 102 103
vdjdb_full_10606 B 29 31 92 93 94 95 96 97
vdjdb_full_10610 E 1 2 3 4 5 6 7 8 9
vdjdb_full_10610 A 30 31 50 51 95 96 97 98 99 100 101
vdjdb_full_10610 B 31 94 95 96 97 98 99 100
vdjdb_full_10609 E 1 2 3 4 5 6 7 8 9
vdjdb_full_10609 A 28 29 30 31 50 51 55 95 96 97 98 99 100 101
vdjdb_full_10609 B 31 94 95 96 97 98 99
vdjdb_full_10616 E 1 2 3 4 5 6 7 8 9
vdjdb_full_10616 A 30 50 55 56 94 95 96 97 98 99 100 101
vdjdb_full_10616 B 30 92 93 94 95 96 97 98 99 100
vdjdb_full_10618 E 1 2 3 4 5 6 7 8 9
vdjdb_full_10618 A 28 30 31 50 51 94 95 96 97 98 99 100 101
vdjdb_full_10618 B 31 93 94 95 96 97 98 99 100
vdjdb_full_10620 E 1 2 3 4 5 6 7 8 9
vdjdb_full_10620 A 28 29 30 31 50 51 95 96 97 98 99 100 101
vdjdb_full_10620 B 31 94 95 96 97 99 100 101
vdjdb_full_10617 E 1 2 3 4 5 6 7 8 9
vdjdb_full_10617 A 28 29 30 31 50 55 95 96 97 98 99 100 101
vdjdb_full_10617 B 31 93 94 95 96 97 98 99 100
vdjdb_full_10607 E 1 2 3 4 5 6 7 8 9
vdjdb_full_10607 A 30 50 55 96 97 98 99 100 101 102 103
vdjdb_full_10607 B 31 94 95 96 97
vdjdb_full_10619 E 1 2 3 4 5 6 7 8 9
vdjdb_full_10619 A 28 29 30 31 49 50 51 94 95 96 97 98 99
vdjdb_full_10619 B 26 27 28 29 30 31 51 92 93 94 95 96
vdjdb_full_10622 E 1 2 3 4 5 6 7 8 9
vdjdb_full_10622 A 28 29 30 31 50 51 55 95 96 97 98 99 100 101 102 103 104
vdjdb_full_10622 B 95 96 97 98 99
vdjdb_full_10627 E 1 2 3 4 5 6 7 8 9
vdjdb_full_10627 A 28 30 31 50 94 95 96 97 98 99
vdjdb_full_10627 B 27 28 29 30 31 32 50 89 90 91 92 93 94
vdjdb_full_10621 E 1 2 3 4 5 6 7 8 9
vdjdb_full_10621 A 95 96 97 98 99 100 101 102 103 104
vdjdb_full_10621 B 31 96 97 98 99 100 101
vdjdb_full_10614 E 1 2 3 4 5 6 7 8 9
vdjdb_full_10614 A 27 28 29 30 31 96 97 98 99 100 101 102
vdjdb_full_10614 B 93 94 95 96 97 98 99 100
vdjdb_full_10625 E 1 2 3 4 5 6 7 8 9
vdjdb_full_10625 A 28 29 30 31 48 50 51 55 56 94 95 96 97 98 99 100 101 102
vdjdb_full_10625 B 95 96 97 98 99
vdjdb_full_10628 E 1 2 3 4 5 6 7 8 9
vdjdb_full_10628 A 26 27 28 29 30 31 50 51 94 95 96 97 98 99
vdjdb_full_10628 B 29 30 31 92 93 94 95 96 97
vdjdb_full_10637 E 1 2 3 4 5 6 7 8 9
vdjdb_full_10637 A 50 95 96 97 98 99 100 101 102
vdjdb_full_10637 B 31 93 94 95 96 97 98
vdjdb_full_10633 E 1 2 3 4 5 6 7 8 9
vdjdb_full_10633 A 28 29 30 31 50 51 52 94 95 96 97 98 99 100 101
vdjdb_full_10633 B 27 28 29 30 31 50 91 92 93 94 95 96
vdjdb_full_10636 E 1 2 3 4 5 6 7 8 9
vdjdb_full_10636 A 28 30 31 50 94 95 96 97 98 99 100 101 102
vdjdb_full_10636 B 28 29 30 31 32 93 94 95 96
vdjdb_full_10629 E 1 2 3 4 5 6 7 8 9
vdjdb_full_10629 A 27 28 29 30 31 49 50 51 94 95 96 97 98 99 100
vdjdb_full_10629 B 28 30 31 92 93 94 95 96 97 98
vdjdb_full_10645 E 1 2 3 4 5 6 7 8 9
vdjdb_full_10645 A 28 29 30 31 50 51 94 95 96 97
vdjdb_full_10645 B 28 29 30 31 32 51 92 93 94 95 96
vdjdb_full_10646 E 1 2 3 4 5 6 7 8 9
vdjdb_full_10646 A 30 31 50 95 96 97 98 99 100 101 102
vdjdb_full_10646 B 30 31 32 93 94 95 96 97 98 99 100
vdjdb_full_10668 E 1 2 3 4 5 6 7 8 9
vdjdb_full_10668 A 27 28 29 30 31 96 97 98 99 100 101 102
vdjdb_full_10668 B 31 93 94 95 96 97 98 99
vdjdb_full_10653 E 1 2 3 4 5 6 7 8 9
vdjdb_full_10653 A 102
vdjdb_full_10653 B 94 95 96 97 98
vdjdb_full_10665 E 1 2 3 4 5 6 7 8 9
vdjdb_full_10665 A 27 28 29 30 31 95 96 97 98 99 100 101
vdjdb_full_10665 B 31 94 95 96 97 98 99 100
vdjdb_full_10651 E 1 2 3 4 5 6 7 8 9
vdjdb_full_10651 A 27 28 29 30 31 49 50 51 52 54 94 95 96 97 98 99 100
vdjdb_full_10651 B 30 92 93 94 95 96
vdjdb_full_10663 E 1 2 3 4 5 6 7 8 9
vdjdb_full_10663 A 27 28 29 30 31 49 50 51 52 94 95 96 97 98 99 100
vdjdb_full_10663 B 96 97 98 99 100 101 102
vdjdb_full_10649 E 1 2 3 4 5 6 7 8 9
vdjdb_full_10649 A 28 30 95 96 97 98 99 100
vdjdb_full_10649 B 31 32 95 96 97 98 99 100 101
vdjdb_full_10669 E 1 2 3 4 5 6 7 8 9
vdjdb_full_10669 A 28 30 31 50 94 95 96 97 98 99 100 101
vdjdb_full_10669 B 94 95 96 97 98 99 100
vdjdb_full_10670 E 1 2 3 4 5 6 7 8 9
vdjdb_full_10670 A 28 29 30 31 50 51 55 94 95 96 97 98 99
vdjdb_full_10670 B 28 29 30 31 32 91 92 93 94 95 96
vdjdb_full_10659 E 1 2 3 4 5 6 7 8 9
vdjdb_full_10659 A 27 28 29 30 31 32 49 50 51 95 96 97 98
vdjdb_full_10659 B 29 31 94 95 96 97
vdjdb_full_10685 E 1 2 3 4 5 6 7 8 9
vdjdb_full_10685 A 28 29 30 31 49 50 51 55 95 96 97 98 99 100 101 102
vdjdb_full_10685 B 94 95 96 97 98 99 100 102 103 104
vdjdb_full_10683 E 1 2 3 4 5 6 7 8 9
vdjdb_full_10683 A 28 29 30 31 49 50 51 94 95 96 97 98 99 100 101 102 103 104
vdjdb_full_10683 B 28 29 30 93 94 95 96 97 98 99 100 101
vdjdb_full_10677 E 1 2 3 4 5 6 7 8 9
vdjdb_full_10677 A 28 29 30 31 50 51 55 94 95 96 97 98 99 100
vdjdb_full_10677 B 26 27 28 29 30 31 91 92 93 94 95 96
vdjdb_full_10678 E 1 2 3 4 5 6 7 8 9
vdjdb_full_10678 A 28 29 30 31 50 55 96 97 98 99 100 101 102
vdjdb_full_10678 B 29 31 93 94 95 96 97 98
vdjdb_full_10698 E 1 2 3 4 5 6 7 8 9
vdjdb_full_10698 A 28 29 30 31 50 51 55 94 95 96 97 98 99 100 101
vdjdb_full_10698 B 32 95 96 97 98 99
vdjdb_full_10676 E 1 2 3 4 5 6 7 8 9
vdjdb_full_10676 A 27 28 29 30 31 49 50 51 94 95 96 97 98 99
vdjdb_full_10676 B 30 31 92 93 94 95 96
vdjdb_full_10691 E 1 2 3 4 5 6 7 8 9
vdjdb_full_10691 A 28 30 31 50 51 55 94 95 96 97 98 99 100 101
vdjdb_full_10691 B 30 31 92 93 94 95 96 97
vdjdb_full_10699 E 1 2 3 4 5 6 7 8 9
vdjdb_full_10699 A 30 31 50 51 94 95 96 97 98 99 100
vdjdb_full_10699 B 27 28 29 30 31 91 92 93 94 95 96 97
vdjdb_full_10713 E 1 2 3 4 5 6 7 8 9
vdjdb_full_10713 A 28 30 95 96 97 98 99 100 101 102 103
vdjdb_full_10713 B 29 30 31 32 33 52 53 54 95 96 97 98 101 102 103
vdjdb_full_10706 E 1 2 3 4 5 6 7 8 9
vdjdb_full_10706 A 28 29 30 31 49 50 51 94 95 96 97 98 99 104
vdjdb_full_10706 B 29 30 31 95 96 97 98 99
vdjdb_full_10722 E 1 2 3 4 5 6 7 8 9
vdjdb_full_10722 A 28 29 30 31 49 50 51 52 94 95 96 97 98 99 100
vdjdb_full_10722 B 95 96 97 98 99 100 101 102 103
vdjdb_full_10728 E 1 2 3 4 5 6 7 8 9
vdjdb_full_10728 A 30 31 48 49 50 51 55 56 94 95 96 97 98 99
vdjdb_full_10728 B 28 29 30 31 32 33 95 96 97 98 99 100
vdjdb_full_10730 E 1 2 3 4 5 6 7 8 9
vdjdb_full_10730 A 30 96 97 98 99 100 101 102 103
vdjdb_full_10730 B 29 30 31 32 51 52 94 95 96 97 98 99 100
vdjdb_full_10745 E 1 2 3 4 5 6 7 8 9
vdjdb_full_10745 A 95 96 97 98 99 100 101 102 103
vdjdb_full_10745 B 28 29 30 31 32 50 51 52 94 95 96 97 98 99
vdjdb_full_10742 E 1 2 3 4 5 6 7 8 9
vdjdb_full_10742 A 28 30 31 50 96 97 98 99 100
vdjdb_full_10742 B 29 30 31 32 51 92 93 94 95 96 97
vdjdb_full_10751 E 1 2 3 4 5 6 7 8 9
vdjdb_full_10751 A 30 31 50 51 95 96 97 98 99 100 101 102
vdjdb_full_10751 B 28 29 30 31 92 93 94 95 96 97 98 99
vdjdb_full_10763 E 1 2 3 4 5 6 7 8 9
vdjdb_full_10763 A 30 31 50 51 94 95 96 97 98 99 100
vdjdb_full_10763 B 28 29 30 31 92 93 94 95 96
vdjdb_full_10764 E 1 2 3 4 5 6 7 8 9
vdjdb_full_10764 A 30 95 96 97 98 99 100 101
vdjdb_full_10764 B 28 29 30 31 32 51 92 93 94 98
vdjdb_full_10797 E 1 2 3 4 5 6 7 8 9
vdjdb_full_10797 A 28 30 31 50 94 95 96 97 98 99 100
vdjdb_full_10797 B 28 29 30 31 32 91 92 93 94 95 96 97 98 99 100
vdjdb_full_10781 E 1 2 3 4 5 6 7 8 9
vdjdb_full_10781 A 28 30 31 49 50 51 94 95 96 97 98 99 100 103
vdjdb_full_10781 B 90 91 92 93 94 95
vdjdb_full_10740 E 1 2 3 4 5 6 7 8 9
vdjdb_full_10740 A 28 29 30 31 32 50 51 52 53 55 71 94 95 96 97
vdjdb_full_10740 B 28 29 30 31 91 92 93 94 95
vdjdb_full_10805 E 1 2 3 4 5 6 7 8 9
vdjdb_full_10805 A 28 29 30 31 49 50 51 94 95 96 97 98 99 100 102 103 104
vdjdb_full_10805 B 93 94 95 96 97 98 99
vdjdb_full_10813 E 1 2 3 4 5 6 7 8 9
vdjdb_full_10813 A 28 29 30 31 49 50 51 52 94 95 96 97 98
vdjdb_full_10813 B 30 92 93 94 95 96
vdjdb_full_10841 E 1 2 3 4 5 6 7 8 9
vdjdb_full_10841 A 31 50 51 55 97 98 99 102 103
vdjdb_full_10841 B 29 30 31 32 91 92 93 94 95 96 97 98 99
vdjdb_full_10811 E 1 2 3 4 5 6 7 8 9
vdjdb_full_10811 A 98 99 100 101 102 103 104 105
vdjdb_full_10811 B 29 30 31 32 33 52 53 54 55 95 96 97 98 99
vdjdb_full_10825 E 1 2 3 4 5 6 7 8 9
vdjdb_full_10825 A 28 30 31 50 95 96 97 98 99 100 101 102 103
vdjdb_full_10825 B 28 29 30 32 94 95 96 97 98 99 100 101
vdjdb_full_10801 E 1 2 3 4 5 6 7 8 9
vdjdb_full_10801 A 28 29 30 31 49 50 51 94 95 96 97 98 99 100 101 102 103
vdjdb_full_10801 B 94 95 96 97 98 99
vdjdb_full_10870 E 1 2 3 4 5 6 7 8 9
vdjdb_full_10870 A 28 30 31 50 94 95 96 97 98 99 100 101
vdjdb_full_10870 B 28 29 30 94 95 96 97 98 99 100
vdjdb_full_10856 E 1 2 3 4 5 6 7 8 9
vdjdb_full_10856 A 28 30 96 97 98 99 100 101 102 103 104
vdjdb_full_10856 B 29 30 31 32 50 92 93 94 95 96
vdjdb_full_10887 E 1 2 3 4 5 6 7 8 9
vdjdb_full_10887 A 26 27 28 29 30 31 32 49 50 51 71 72 73 94 95 96 97 98 99 100 101
vdjdb_full_10887 B 29 30 32 94 95 96 97 98 99 100 101
vdjdb_full_10891 E 1 2 3 4 5 6 7 8 9
vdjdb_full_10891 A 28 29 30 31 32 49 50 51 52 53 55 72 95 96 97 98 99 100 101 102
vdjdb_full_10891 B 28 29 30 31 32 95 96 97
vdjdb_full_10896 E 1 2 3 4 5 6 7 8 9
vdjdb_full_10896 A 28 29 30 31 50 51 55 94 95 96 97 98 99 100 101 102
vdjdb_full_10896 B 28 29 30 31 92 93 94 95 96 97
vdjdb_full_10828 E 1 2 3 4 5 6 7 8 9
vdjdb_full_10828 A 30 31 55 94 95 96 97 98 99 100 101
vdjdb_full_10828 B 30 31 50 92 94 95 96 97
vdjdb_full_10961 E 1 2 3 4 5 6 7 8 9
vdjdb_full_10961 A 28 30 31 49 50 51 94 95 96 97 98 99 100 101
vdjdb_full_10961 B 94 95 96 97 98 99 100
vdjdb_full_10936 E 1 2 3 4 5 6 7 8 9
vdjdb_full_10936 A 28 29 30 31 50 51 94 95 96 97 98 99
vdjdb_full_10936 B 29 30 31 92 93 94 95 96 97 98
vdjdb_full_10971 E 1 2 3 4 5 6 7 8 9
vdjdb_full_10971 A 30 31 50 51 94 95 96 97 98 99 100
vdjdb_full_10971 B 27 28 29 30 31 50 91 92 93 94 95 96 97
vdjdb_full_10963 E 1 2 3 4 5 6 7 8 9
vdjdb_full_10963 A 95 96 97 98 99 100 101 102 103 104
vdjdb_full_10963 B 28 29 30 31 32 51 52 94 95 96 97 98 99 100
vdjdb_full_1096 E 1 2 3 4 5 6 7 8 9
vdjdb_full_1096 A 28 29 30 31 50 51 94 95 96 97 98 99 100 101
vdjdb_full_1096 B 28 29 30 31 32 91 92 93 94 95 96 97
vdjdb_full_10916 E 1 2 3 4 5 6 7 8 9
vdjdb_full_10916 A 95 96 97 98 99 100 101 102
vdjdb_full_10916 B 29 30 31 32 93 94 95 96 97 98 99 100
vdjdb_full_10975 E 1 2 3 4 5 6 7 8 9
vdjdb_full_10975 A 27 28 29 30 31 95 96 97 98 99
vdjdb_full_10975 B 30 32 91 92 93 94 95 96 97
vdjdb_full_10928 E 1 2 3 4 5 6 7 8 9
vdjdb_full_10928 A 28 29 30 31 50 51 94 95 96 97 98 99 100 101 102
vdjdb_full_10928 B 28 30 92 93 94 95 96 97
vdjdb_full_10978 E 1 2 3 4 5 6 7 8 9
vdjdb_full_10978 A 27 28 29 30 31 32 49 50 51 55 95 96 97
vdjdb_full_10978 B 97 98 99 100 101 102
vdjdb_full_10977 E 1 2 3 4 5 6 7 8 9
vdjdb_full_10977 A 28 29 30 31 50 51 55 94 95 96 97 98 99 100
vdjdb_full_10977 B 29 30 31 32 93 94 95 96 97 98 99 100 101
vdjdb_full_10994 E 1 2 3 4 5 6 7 8 9
vdjdb_full_10994 A 30 50 55 56 96 97 98 99 100 101 102
vdjdb_full_10994 B 92 93 94 95 96 97 98 99
vdjdb_full_11 E 1 2 3 4 5 6 7 8 9
vdjdb_full_11 A 28 29 30 31 49 50 51 95 96 97 98 99 100 101 103
vdjdb_full_11 B 28 29 31 32 93 94 95 96 97 98 99
vdjdb_full_10999 E 1 2 3 4 5 6 7 8 9
vdjdb_full_10999 A 28 29 30 31 49 50 51 52 54 94 95 96 97 98 99
vdjdb_full_10999 B 27 28 29 30 31 91 92 93 94 95 96
vdjdb_full_11027 E 1 2 3 4 5 6 7 8 9
vdjdb_full_11027 A 27 28 29 30 31 49 50 51 52 54 71 94 95 96 97 98 99 100 101
vdjdb_full_11027 B 29 30 31 92 93 94 95
vdjdb_full_11013 E 1 2 3 4 5 6 7 8 9
vdjdb_full_11013 A 27 28 29 30 31 94 95 96 97 98 99 100 101 102
vdjdb_full_11013 B 29 30 31 32 91 92 93 94 95 96 97 98
vdjdb_full_11016 E 1 2 3 4 5 6 7 8 9
vdjdb_full_11016 A 30 95 96 97 98 99 100 101
vdjdb_full_11016 B 28 29 30 31 32 51 52 94 95 96 97 98 99
vdjdb_full_11036 E 1 2 3 4 5 6 7 8 9
vdjdb_full_11036 A 28 95 96 97 98 99 100 101 102
vdjdb_full_11036 B 28 29 30 31 32 50 51 52 94 96 99
vdjdb_full_11069 E 1 2 3 4 5 6 7 8 9 10
vdjdb_full_11069 A 29 30 31 32 48 49 50 51 53 54 55 56 95 96 97 98 99 100 101 102 103
vdjdb_full_11069 B 2 27 28 29 30 31 32 93 94 95 96 97 98
vdjdb_full_11075 E 1 2 3 4 5 6 7 8 9 10
vdjdb_full_11075 A 28 30 31 50 95 96 97 98 99 100 101 102
vdjdb_full_11075 B 27 28 29 30 31 50 91 92 93 94 95 96
vdjdb_full_11078 E 1 2 3 4 5 6 7 8 9
vdjdb_full_11078 A 28 29 30 31 94 95 96 97 98 99 100 101 102
vdjdb_full_11078 B 28 29 30 31 32 33 50 51 92 93 94 95 96
vdjdb_full_11029 E 1 2 3 4 5 6 7 8 9
vdjdb_full_11029 A 95 96 97 98 99 100 101 102 103
vdjdb_full_11029 B 29 31 32 51 52 53 93 94 95 96 97
vdjdb_full_11082 E 1 2 3 4 5 6 7 8 9
vdjdb_full_11082 A 28 29 30 31 49 50 51 52 53 55 95 96 97 98 99 100 101 102
vdjdb_full_11082 B 28 29 30 31 32 33 51 91 92 93 94 95 96
vdjdb_full_11084 E 1 2 3 4 5 6 7 8 9
vdjdb_full_11084 A 28 29 30 31 50 51 52 71 94 95 96 97 98
vdjdb_full_11084 B 28 29 30 31 32 33 51 91 92 93 94 95 96 97 98
vdjdb_full_11081 E 1 2 3 4 5 6 7 8 9
vdjdb_full_11081 A 28 29 30 31 50 51 52 94 95 96 97 98 99
vdjdb_full_11081 B 28 29 30 31 32 33 51 91 92 93 94 95 96 97
vdjdb_full_11083 E 1 2 3 4 5 6 7 8 9
vdjdb_full_11083 A 29 30 31 32 94 95 96 97 98 99 100 101
vdjdb_full_11083 B 28 29 30 31 32 33 50 51 52 92 93 94 95
vdjdb_full_11079 E 1 2 3 4 5 6 7 8 9
vdjdb_full_11079 A 28 29 30 31 50 51 52 71 94 95 96 97 98
vdjdb_full_11079 B 28 29 30 31 32 33 51 91 92 93 94 95 96 97 98
vdjdb_full_11088 E 1 2 3 4 5 6 7 8 9
vdjdb_full_11088 A 28 29 30 31 50 51 52 94 95 96 97 98 99
vdjdb_full_11088 B 28 29 30 31 32 33 51 91 92 93 94 95 96 97
vdjdb_full_11086 E 1 2 3 4 5 6 7 8 9
vdjdb_full_11086 A 29 30 31 51 94 95 96 97 98 99 100 101
vdjdb_full_11086 B 28 29 30 31 32 33 51 92 93 94 95 96
vdjdb_full_11087 E 1 2 3 4 5 6 7 8 9
vdjdb_full_11087 A 28 29 30 31 50 51 52 71 94 95 96 97 98 99 100
vdjdb_full_11087 B 28 29 30 31 32 33 51 92 93 94 95 96 97
vdjdb_full_11090 E 1 2 3 4 5 6 7 8 9
vdjdb_full_11090 A 28 29 30 31 50 51 52 71 94 95 96 97 98 99 100
vdjdb_full_11090 B 28 29 30 31 32 33 51 92 93 94 95 96 97
vdjdb_full_11089 E 1 2 3 4 5 6 7 8 9
vdjdb_full_11089 A 28 29 30 31 95 96 97 98 99 100 101 102
vdjdb_full_11089 B 28 29 30 31 32 33 51 92 93 94 95 96
vdjdb_full_11094 E 1 2 3 4 5 6 7 8 9 10
vdjdb_full_11094 A 30 94 95 96 97 98 99 100
vdjdb_full_11094 B 2 27 28 29 30 31 32 93 94 95 96 97 98 99 100
vdjdb_full_11091 E 1 2 3 4 5 6 7 8 9 10
vdjdb_full_11091 A 27 28 29 30 31 32 49 50 51 52 54 71 94 95 96 97 98 99 100 101
vdjdb_full_11091 B 29 32 93 94 95 96 97 98
vdjdb_full_11100 E 1 2 3 4 5 6 7 8 9 10
vdjdb_full_11100 A 28 29 30 31 32 95 96 97 98 99 100 101 102 103
vdjdb_full_11100 B 29 30 31 50 92 93 94 95 96 97 98 99
vdjdb_full_11116 E 1 2 3 4 5 6 7 8 9 10
vdjdb_full_11116 A 27 28 29 30 31 32 48 49 50 51 52 54 94 95 96 97 98 99 100
vdjdb_full_11116 B 29 93 94 95 96 97 98
vdjdb_full_11107 E 1 2 3 4 5 6 7 8 9 10
vdjdb_full_11107 A 30 31 49 50 51 94 95 96 97 98 99 100
vdjdb_full_11107 B 27 28 29 30 31 69 92 93 94 95 96 97
vdjdb_full_11122 E 1 2 3 4 5 6 7 8 9 10
vdjdb_full_11122 A 28 29 30 31 50 51 55 56 94 95 96 97 98 99 100 101 102
vdjdb_full_11122 B 31 33 96 97 98 99 100 101 106
vdjdb_full_11137 E 1 2 3 4 5 6 7 8 9 10
vdjdb_full_11137 A 94 95 96 97 98 99 100 101 102 103
vdjdb_full_11137 B 28 29 30 31 48 49 50 91 92 93 94 95 96 97 98
vdjdb_full_11133 E 1 2 3 4 5 6 7 8 9 10
vdjdb_full_11133 A 31 50 96 97 98 99 101
vdjdb_full_11133 B 29 30 31 32 93 94 95 96 97 98 99
vdjdb_full_11148 E 1 2 3 4 5 6 7 8 9 10
vdjdb_full_11148 A 30 50 95 96 97 98 99 100
vdjdb_full_11148 B 29 30 31 32 51 93 94 95 96 97 98 99 100
vdjdb_full_11124 E 1 2 3 4 5 6 7 8 9 10
vdjdb_full_11124 A 30 31 49 50 51 94 95 96 97 98 99 100
vdjdb_full_11124 B 1 2 27 28 29 30 31 32 51 93 94 95 96 97
vdjdb_full_11156 E 1 2 3 4 5 6 7 8 9 10
vdjdb_full_11156 A 27 28 29 30 31 49 50 51 94 95 96 97 98 99 100 101
vdjdb_full_11156 B 29 30 32 51 93 94 95 96 97
vdjdb_full_11166 E 1 2 3 4 5 6 7 8 9 10
vdjdb_full_11166 A 29 30 31 49 50 51 94 95 96 97 98 99
vdjdb_full_11166 B 3 26 27 28 29 30 31 32 50 51 91 92 93 94 95 96
vdjdb_full_11163 E 1 2 3 4 5 6 7 8 9 10
vdjdb_full_11163 A 27 28 29 30 31 49 50 51 52 54 71 94 95 96 97 98 99 100 103
vdjdb_full_11163 B 29 30 31 32 95 96 97 98 99
vdjdb_full_11169 E 1 2 3 4 5 6 7 8 9 10
vdjdb_full_11169 A 30 31 49 50 51 94 95 96 97 98 99
vdjdb_full_11169 B 28 29 30 31 32 91 92 93 94 95 96 97
vdjdb_full_11175 E 1 2 3 4 5 6 7 8 9 10
vdjdb_full_11175 A 27 28 29 30 31 49 50 51 52 94 95 96 97 98 99 100 101
vdjdb_full_11175 B 30 31 50 92 93 94 95 96 97 98 99 100
vdjdb_full_11165 E 1 2 3 4 5 6 7 8 9 10
vdjdb_full_11165 A 30 31 49 50 51 94 95 96 97 98 99 100
vdjdb_full_11165 B 27 28 29 30 31 32 51 92 93 94 95 96 97 98 99
vdjdb_full_11187 E 1 2 3 4 5 6 7 8 9 10
vdjdb_full_11187 A 28 29 30 31 50 94 95 96 97 98 99 100
vdjdb_full_11187 B 29 30 31 32 51 93 94 95 96 97 98 99
vdjdb_full_11171 E 1 2 3 4 5 6 7 8 9 10
vdjdb_full_11171 A 28 29 30 31 50 51 94 95 96 97 98 99
vdjdb_full_11171 B 28 29 30 31 50 92 93 94 95 96 97 98
vdjdb_full_11207 E 1 2 3 4 5 6 7 8 9 10
vdjdb_full_11207 A 28 30 55 56 94 95 96 97 98 99
vdjdb_full_11207 B 29 30 31 32 51 93 94 95 96 97 98 99 100 101 102
vdjdb_full_11203 E 1 2 3 4 5 6 7 8 9 10
vdjdb_full_11203 A 27 28 29 30 31 32 51 94 95 96 97 98 99 100
vdjdb_full_11203 B 31 32 51 93 94 95 96 97 98
vdjdb_full_11209 E 1 2 3 4 5 6 7 8 9 10
vdjdb_full_11209 A 28 29 30 31 32 48 95 96 97 98 99 100 101 102
vdjdb_full_11209 B 29 30 31 32 93 94 95 96 97 98 99 100
vdjdb_full_11206 E 1 2 3 4 5 6 7 8 9 10
vdjdb_full_11206 A 27 28 29 30 31 49 50 51 94 95 96 97 98 99 100 101
vdjdb_full_11206 B 87 88 89 90 91 92
vdjdb_full_11186 E 1 2 3 4 5 6 7 8 9 10
vdjdb_full_11186 A 55 95 96 97 98 99 100 101
vdjdb_full_11186 B 29 31 32 51 93 94 95 96 97 98
vdjdb_full_11265 E 1 2 3 4 5 6 7 8 9 10
vdjdb_full_11265 A 27 28 29 30 31 50 94 95 96 97 98 99 100
vdjdb_full_11265 B 27 28 29 30 31 32 49 50 91 92 93 94 95 96 97 98
vdjdb_full_11261 E 1 2 3 4 5 6 7 8 9 10
vdjdb_full_11261 A 30 31 49 50 51 94 95 96 97 98 99 100
vdjdb_full_11261 B 28 29 30 31 50 91 92 93 94 95 96 97 98 99
vdjdb_full_11269 E 1 2 3 4 5 6 7 8 9 10
vdjdb_full_11269 A 28 29 30 31 50 55 94 95 96 97 98 99 100 101 102
vdjdb_full_11269 B 28 29 30 31 32 93 94 95 96 97 98 99
vdjdb_full_11245 E 1 2 3 4 5 6 7 8 9 10
vdjdb_full_11245 A 2 26 27 28 29 30 31 94 95 96 97 98 99
vdjdb_full_11245 B 28 29 30 31 32 33 34 49 50 51 91 92 93 94 95 96 97
vdjdb_full_11224 E 1 2 3 4 5 6 7 8 9 10
vdjdb_full_11224 A 27 28 29 30 31 32 49 50 51 52 54 93 94 95 96 97 98 99
vdjdb_full_11224 B 93 94 95 96 97 98
vdjdb_full_11274 E 1 2 3 4 5 6 7 8 9 10
vdjdb_full_11274 A 27 28 29 30 31 49 50 51 54 56 94 95 96 97 98 99 100 101
vdjdb_full_11274 B 87 88 89 90 91 92 93
vdjdb_full_1129 E 1 2 3 4 5 6 7 8 9
vdjdb_full_1129 B 96 97 98 99 100 101
vdjdb_full_11305 E 1 2 3 4 5 6 7 8 9 10
vdjdb_full_11305 A 28 29 30 31 32 95 96 97 98 99 100 101 102
vdjdb_full_11305 B 29 30 31 32 93 94 95 96 97 98 99 100
vdjdb_full_11317 E 1 2 3 4 5 6 7 8 9 10
vdjdb_full_11317 A 30 31 50 51 94 95 96 97 98 99 100
vdjdb_full_11317 B 27 28 29 30 31 32 91 92 93 94 95 96 97
vdjdb_full_11323 E 1 2 3 4 5 6 7 8 9 10
vdjdb_full_11323 A 28 30 31 50 51 94 95 96 97 98 99
vdjdb_full_11323 B 1 2 27 28 29 30 31 32 51 92 93 94 95 96 97 98
vdjdb_full_11321 E 1 2 3 4 5 6 7 8 9 10
vdjdb_full_11321 A 30 31 50 51 94 95 96 97 98 99 100
vdjdb_full_11321 B 1 2 27 28 29 30 31 32 51 92 93 94 95 96 97 98
vdjdb_full_11406 E 1 2 3 4 5 6 7 8 9 10
vdjdb_full_11406 A 27 28 29 30 31 49 50 51 94 95 96 97 98 99 100 101
vdjdb_full_11406 B 27 28 29 30 31 50 91 92 93 94 95
vdjdb_full_11350 E 1 2 3 4 5 6 7 8 9 10
vdjdb_full_11350 A 27 28 29 30 31 49 50 51 52 54 94 95 96 97 98 99
vdjdb_full_11350 B 29 31 95 96 97 98 99 100 101 102 103 104 105
vdjdb_full_11363 E 1 2 3 4 5 6 7 8 9 10
vdjdb_full_11363 A 27 28 29 30 31 49 50 51 52 54 94 95 96 97 98 99 100
vdjdb_full_11363 B 28 29 30 32 51 93 94 95 96 97
vdjdb_full_11417 E 1 2 3 4 5 6 7 8 9 10
vdjdb_full_11417 A 27 28 29 30 31 49 50 51 52 54 94 95 96 97 98 99 100 101
vdjdb_full_11417 B 96 97 98 99 100 101
vdjdb_full_11421 E 1 2 3 4 5 6 7 8 9 10
vdjdb_full_11421 A 30 31 49 50 51 94 95 96 97 98 99
vdjdb_full_11421 B 28 29 30 31 32 91 92 93 94 95 96 97
vdjdb_full_11357 E 1 2 3 4 5 6 7 8 9 10
vdjdb_full_11357 A 28 30 31 50 94 95 96 97 98 99 100
vdjdb_full_11357 B 29 31 32 93 94 95 96 97 98 99 100
vdjdb_full_11416 E 1 2 3 4 5 6 7 8 9 10
vdjdb_full_11416 A 28 29 30 31 32 96 97 98 99
vdjdb_full_11416 B 28 29 30 31 49 50 92 93 94 95 96 97 98 99 101 102 103 104 105
vdjdb_full_11387 E 1 2 3 4 5 6 7 8 9 10
vdjdb_full_11387 A 27 28 29 30 31 32 49 50 51 94 95 96 97 98
vdjdb_full_11387 B 29 31 95 96 97
vdjdb_full_11445 E 1 2 3 4 5 6 7 8 9 10
vdjdb_full_11445 A 27 28 29 30 31 95 96 97 98 99 100 101 102 103 104
vdjdb_full_11445 B 29 30 31 32 51 52 92 93 94 95 96 97 98
vdjdb_full_11433 E 1 2 3 4 5 6 7 8 9 10
vdjdb_full_11433 A 30 31 50 51 95 96 97 98 99 100 101
vdjdb_full_11433 B 28 29 30 31 91 92 93 94 95 96 97 98
vdjdb_full_11453 E 1 2 3 4 5 6 7 8 9 10
vdjdb_full_11453 A 28 29 30 31 50 51 94 95 96 97 98 99 100
vdjdb_full_11453 B 27 28 29 30 31 32 51 52 53 92 93 94 95 96 97 98
vdjdb_full_11452 E 1 2 3 4 5 6 7 8 9 10
vdjdb_full_11452 A 95 96 97 98 99 100 101
vdjdb_full_11452 B 28 29 30 31 32 51 93 94 95 96 97 98 99
vdjdb_full_11427 E 1 2 3 4 5 6 7 8 9 10
vdjdb_full_11427 A 27 28 29 30 31 50 51 94 95 96 97 98 99 100 101 102
vdjdb_full_11427 B 31 33 52 95 96 97 98 99 100
vdjdb_full_11426 E 1 2 3 4 5 6 7 8 9 10
vdjdb_full_11426 A 27 28 29 30 31 49 50 51 94 95 96 97 98 99 100
vdjdb_full_11426 B 29 31 32 51 93 94 95 96 97 98 99 100
vdjdb_full_11494 E 1 2 3 4 5 6 7 8 9
vdjdb_full_11494 A 28 29 30 31 50 51 55 95 97 98 99 100 101 102
vdjdb_full_11494 B 31 32 96 97 98 99 100 101 102 103
vdjdb_full_11466 E 1 2 3 4 5 6 7 8 9 10
vdjdb_full_11466 A 28 29 30 31 50 51 95 96 97 98 99 100 101
vdjdb_full_11466 B 29 30 31 50 92 93 94 95 96 97 98
vdjdb_full_11489 E 1 2 3 4 5 6 7 8 9 10
vdjdb_full_11489 A 27 28 29 30 31 32 49 50 51 94 95 96 97 98 99 100 101 102
vdjdb_full_11489 B 96 97 98 99 100 101 102 103 104 105
vdjdb_full_11485 E 1 2 3 4 5 6 7 8 9 10
vdjdb_full_11485 A 28 29 30 31 50 51 55 95 96 97 98 99 100 101
vdjdb_full_11485 B 29 30 31 32 93 94 95 96 97 98
vdjdb_full_11492 E 1 2 3 4 5 6 7 8 9 10
vdjdb_full_11492 A 28 29 30 31 49 50 51 52 94 95 96 97 98 99
vdjdb_full_11492 B 27 28 29 30 31 32 52 92 93 94 95 96 97 98
vdjdb_full_11498 E 1 2 3 4 5 6 7 8 9
vdjdb_full_11498 A 28 30 31 50 94 95 96 97 98 99 100 101
vdjdb_full_11498 B 31 32 96 97 98 99 100 101 102 103
vdjdb_full_11502 E 1 2 3 4 5 6 7 8 9
vdjdb_full_11502 A 95 96 97 98 99 100 101 102 103 104
vdjdb_full_11502 B 27 28 29 30 31 32 51 52 92 93 94 95 96
vdjdb_full_11490 E 1 2 3 4 5 6 7 8 9 10
vdjdb_full_11490 A 28 29 30 31 49 50 51 55 56 94 95 96 97 98 99 102 103
vdjdb_full_11490 B 28 29 30 31 32 93 94 95 96 97 98 99
vdjdb_full_11503 E 1 2 3 4 5 6 7 8 9
vdjdb_full_11503 A 30 31 50 51 95 96 97 98 99 100 101
vdjdb_full_11503 B 28 29 30 31 32 92 93 94 95 96 97
vdjdb_full_11504 E 1 2 3 4 5 6 7 8 9
vdjdb_full_11504 A 29 30 31 49 50 51 94 95 96 97 98 99 100
vdjdb_full_11504 B 30 92 93 94 95 96 97 98
vdjdb_full_11507 E 1 2 3 4 5 6 7 8 9
vdjdb_full_11507 A 30 31 50 55 95 96 97 98 99 100 101 102
vdjdb_full_11507 B 29 31 93 94 95 96 97 98 99 100
vdjdb_full_11505 E 1 2 3 4 5 6 7 8 9
vdjdb_full_11505 A 30 31 50 55 56 96 97 98 99 100 101
vdjdb_full_11505 B 30 31 93 94 95 96 97 98 99 100
vdjdb_full_11500 E 1 2 3 4 5 6 7 8 9
vdjdb_full_11500 A 28 30 31 50 55 94 95 96 97 98 99 100 101
vdjdb_full_11500 B 94 95 96 97 98 99 100 101 102 103
vdjdb_full_11522 E 1 2 3 4 5 6 7 8 9
vdjdb_full_11522 A 29 31 97 98 99 100 101 102 103 104
vdjdb_full_11522 B 29 30 31 32 33 95 96 97 98 99 100 101 102 103
vdjdb_full_11516 E 1 2 3 4 5 6 7 8 9
vdjdb_full_11516 A 28 29 30 31 50 51 55 95 96 97 98 99 100 101 102 104
vdjdb_full_11516 B 31 32 92 93 94 95 96 97 98
vdjdb_full_11519 E 1 2 3 4 5 6 7 8 9
vdjdb_full_11519 A 28 30 31 50 55 95 96 97 98 99 100 101 102
vdjdb_full_11519 B 29 30 31 93 94 95 96 97 98 99 100
vdjdb_full_11510 E 1 2 3 4 5 6 7 8 9
vdjdb_full_11510 A 28 30 31 32 48 49 50 51 53 54 55 56 95 96 97 98 99 100 101 102
vdjdb_full_11510 B 94 95 96 97 98 99 100
vdjdb_full_11511 E 1 2 3 4 5 6 7 8 9
vdjdb_full_11511 A 30 50 51 96 97
vdjdb_full_11523 E 1 2 3 4 5 6 7 8 9
vdjdb_full_11523 A 28 29 30 31 49 50 51 55 95 96 97 98 99 100 101 102
vdjdb_full_11523 B 30 31 93 94 95 96 97 98 99
vdjdb_full_11538 E 1 2 3 4 5 6 7 8 9
vdjdb_full_11538 A 28 30 31 50 51 55 95 96 97 98 99 100 101
vdjdb_full_11538 B 29 30 31 32 93 94 95 96 97 98 99 100
vdjdb_full_11531 E 1 2 3 4 5 6 7 8 9
vdjdb_full_11531 A 30 31 50 51 55 94 95 96 97 98 99 100 101 102
vdjdb_full_11531 B 29 30 31 32 93 94 95 96 97 98 99 100 101
vdjdb_full_11539 E 1 2 3 4 5 6 7 8 9
vdjdb_full_11539 A 28 29 30 31 49 50 51 55 56 95 96 97 98 99 100 101
vdjdb_full_11539 B 30 31 93 94 95 96 97 98 99
vdjdb_full_11530 E 1 2 3 4 5 6 7 8 9
vdjdb_full_11530 A 28 30 31 50 94 95 96 97 98 99 100 101
vdjdb_full_11530 B 96 97 98 99 100 101 104 105
vdjdb_full_11525 E 1 2 3 4 5 6 7 8 9
vdjdb_full_11525 A 30 31 50 55 95 96 97 98 99 100 101 102
vdjdb_full_11525 B 31 96 97 98 99 100
vdjdb_full_11535 E 1 2 3 4 5 6 7 8 9
vdjdb_full_11535 A 28 29 30 31 50 51 94 95 96 97 98 99 100 101
vdjdb_full_11535 B 94 95 96 97 98 99
vdjdb_full_11527 E 1 2 3 4 5 6 7 8 9
vdjdb_full_11527 A 28 30 31 50 95 96 97 98 99 100 101
vdjdb_full_11527 B 30 31 94 95 96 97 98 99 100
vdjdb_full_11540 E 1 2 3 4 5 6 7 8 9
vdjdb_full_11540 A 30 31 50 94 95 96 97 98 99 100 101
vdjdb_full_11540 B 29 30 94 95 96 97 98 99
vdjdb_full_11546 E 1 2 3 4 5 6 7 8 9
vdjdb_full_11546 A 30 31 49 50 55 56 95 96 97 98 99 100 101
vdjdb_full_11546 B 29 30 31 32 93 94 95 96 97 98 99
vdjdb_full_11551 E 1 2 3 4 5 6 7 8 9
vdjdb_full_11551 A 30 31 95 96 97 98 99 100 101 102 103
vdjdb_full_11551 B 28 29 30 31 50 92 93 94 95 96
vdjdb_full_11545 E 1 2 3 4 5 6 7 8 9
vdjdb_full_11545 A 28 29 30 31 49 50 51 55 95 96 97 98 99 100 101
vdjdb_full_11545 B 29 30 31 32 93 94 95 96 97 98 99
vdjdb_full_11541 E 1 2 3 4 5 6 7 8 9
vdjdb_full_11541 A 30 31 50 94 95 96 97 98 99 100 101
vdjdb_full_11541 B 1 2 27 28 29 30 31 32 51 94 95 96 97 98 99
vdjdb_full_11543 E 1 2 3 4 5 6 7 8 9
vdjdb_full_11543 A 30 31 50 55 95 96 97 98 99 100 101 102
vdjdb_full_11543 B 29 30 31 32 93 94 95 96 97 98 99 100
vdjdb_full_11544 E 1 2 3 4 5 6 7 8 9
vdjdb_full_11544 A 28 30 50 94 95 96 97 98 99 100
vdjdb_full_11544 B 29 30 31 32 91 92 93 94 95 96
vdjdb_full_11553 E 1 2 3 4 5 6 7 8 9
vdjdb_full_11553 A 28 30 50 95 96 97 98 99 100 101
vdjdb_full_11553 B 29 31 32 91 92 93 94 95 97 98 99
vdjdb_full_11555 E 1 2 3 4 5 6 7 8 9
vdjdb_full_11555 A 30 31 50 94 95 96 97 98 99 100 101
vdjdb_full_11555 B 1 2 27 28 29 30 31 32 51 94 95 96 97 98 99
vdjdb_full_11563 E 1 2 3 4 5 6 7 8 9
vdjdb_full_11563 A 30 31 50 55 96 97 98 99 100 101
vdjdb_full_11563 B 29 31 32 92 93 94 95 96 97
vdjdb_full_11559 E 1 2 3 4 5 6 7 8 9
vdjdb_full_11559 A 28 30 31 49 50 51 55 95 96 97 98 99 100 101
vdjdb_full_11559 B 30 31 93 94 95 96 97 98 99
vdjdb_full_11562 E 1 2 3 4 5 6 7 8 9
vdjdb_full_11562 A 28 30 31 50 94 95 96 97 98 99 100 101
vdjdb_full_11562 B 31 96 97 98 99 100 102 103
vdjdb_full_11565 E 1 2 3 4 5 6 7 8 9
vdjdb_full_11565 A 29 30 31 32 97 98 99 100 101 102 103 104
vdjdb_full_11565 B 29 30 31 32 95 96 97 98 99 100 102 103
vdjdb_full_11561 E 1 2 3 4 5 6 7 8 9
vdjdb_full_11561 A 30 31 50 55 95 96 97 98 99 100 101
vdjdb_full_11561 B 28 29 30 31 32 91 92 93 94 95 96 97 98 99
vdjdb_full_11576 E 1 2 3 4 5 6 7 8 9
vdjdb_full_11576 A 31 50 95 96 97 98 99 100 101 102 103
vdjdb_full_11576 B 2 28 29 30 31 91 92 93 94 95 96 97 98
vdjdb_full_11573 E 1 2 3 4 5 6 7 8 9
vdjdb_full_11573 A 28 29 30 31 32 48 49 50 51 52 53 54 55 56 95 96 97 98 99 100 101
vdjdb_full_11573 B 29 30 31 93 94 95 96 97 98 99
vdjdb_full_11570 E 1 2 3 4 5 6 7 8 9
vdjdb_full_11570 A 28 30 31 50 95 96 97 98 99 100 101
vdjdb_full_11570 B 31 94 95 96 97 98 99
vdjdb_full_11582 E 1 2 3 4 5 6 7 8 9
vdjdb_full_11582 A 28 29 30 31 50 51 71 94 95 96 97 98 99 100 101
vdjdb_full_11582 B 51 52 96 98
vdjdb_full_11569 E 1 2 3 4 5 6 7 8 9
vdjdb_full_11569 A 28 30 31 50 55 94 95 96 97 98 99 100 101
vdjdb_full_11569 B 29 30 31 32 51 92 93 94 95 96 98 99
vdjdb_full_11578 E 1 2 3 4 5 6 7 8 9
vdjdb_full_11578 A 28 29 30 31 50 94 95 96 97 98 99 100 101
vdjdb_full_11578 B 31 96 97 98 99 101 102 103
vdjdb_full_11577 E 1 2 3 4 5 6 7 8 9
vdjdb_full_11577 A 28 30 31 49 50 51 55 95 96 97 98 99 100 101
vdjdb_full_11577 B 30 31 94 95 96 97 98 99
vdjdb_full_11581 E 1 2 3 4 5 6 7 8 9
vdjdb_full_11581 A 28 30 96 97 98 99 100 101 102
vdjdb_full_11581 B 29 30 31 32 33 54 95 96 97 98 99 100 101
vdjdb_full_11574 E 1 2 3 4 5 6 7 8 9
vdjdb_full_11574 A 28 30 31 50 51 94 95 96 97 98 99 100
vdjdb_full_11574 B 27 28 29 30 31 32 33 51 91 92 93 94 97 98 99 100
vdjdb_full_11585 E 1 2 3 4 5 6 7 8 9
vdjdb_full_11585 A 30 31 50 51 94 95 96 97 98 99 100
vdjdb_full_11585 B 28 29 30 31 91 92 93 94 95 96 97 98 99
vdjdb_full_11590 E 1 2 3 4 5 6 7 8 9
vdjdb_full_11590 A 28 29 30 31 96 97 98 99 100 101 102 103 104 105 106
vdjdb_full_11590 B 27 28 29 30 31 32 33 90 91 92 93 94 95 96 97
vdjdb_full_11591 E 1 2 3 4 5 6 7 8 9
vdjdb_full_11591 A 28 30 31 50 94 95 96 97 98 99 100 101
vdjdb_full_11591 B 27 28 29 30 31 32 33 91 92 93 94 95 96
vdjdb_full_11598 E 1 2 3 4 5 6 7 8 9
vdjdb_full_11598 A 95 96 97 98 99 100 101
vdjdb_full_11598 B 1 29 30 32 94 95 96 97 98 99
vdjdb_full_11595 E 1 2 3 4 5 6 7 8 9
vdjdb_full_11595 A 28 29 30 31 32 48 49 50 51 54 55 56 95 96 97 98 99 100 101
vdjdb_full_11595 B 29 30 31 32 92 93 94 95 96 97 98 99 100
vdjdb_full_11599 E 1 2 3 4 5 6 7 8 9
vdjdb_full_11599 A 27 28 29 30 31 50 51 94 95 96 97 98 99 100 101
vdjdb_full_11599 B 31 96 97 98 99 100 102 103
vdjdb_full_11602 E 1 2 3 4 5 6 7 8 9
vdjdb_full_11602 A 28 29 30 31 50 51 94 95 96 97 98 99 100 101
vdjdb_full_11602 B 30 31 92 93 94 95 96 97 98 99 100 101 102 103 104 105
vdjdb_full_11605 E 1 2 3 4 5 6 7 8 9
vdjdb_full_11605 A 28 30 31 49 50 51 55 95 96 97 98 99 100 101
vdjdb_full_11605 B 30 31 93 94 95 96 97 98 99
vdjdb_full_11588 E 1 2 3 4 5 6 7 8 9
vdjdb_full_11588 A 30 31 49 50 55 56 95 96 97 98 99 100 101 102
vdjdb_full_11588 B 29 30 31 32 93 94 95 96 97 98 99 100
vdjdb_full_11596 E 1 2 3 4 5 6 7 8 9
vdjdb_full_11596 A 28 30 31 50 55 94 95 96 97 98 99 100 101
vdjdb_full_11596 B 94 95 96 97 98 99 100 101
vdjdb_full_11606 E 1 2 3 4 5 6 7 8 9
vdjdb_full_11606 A 29 30 31 32 97 98 99 100 101 102 103 104
vdjdb_full_11606 B 29 31 32 95 96 97 98 99 100 102 103
vdjdb_full_11607 E 1 2 3 4 5 6 7 8 9
vdjdb_full_11607 A 28 29 30 31 49 50 51 53 55 56 95 96 97 98 99 100 101
vdjdb_full_11607 B 31 94 95 96 97 98 99
vdjdb_full_11612 E 1 2 3 4 5 6 7 8 9
vdjdb_full_11612 A 95 96 97 98 99 100 101 102
vdjdb_full_11612 B 28 29 30 31 32 51 92 93 94 95 96
vdjdb_full_11608 E 1 2 3 4 5 6 7 8 9
vdjdb_full_11608 A 28 29 30 31 49 50 51 52 54 94 95 96 97 98 99 100
vdjdb_full_11608 B 31 94 95 96 97 98 99 100
vdjdb_full_11609 E 1 2 3 4 5 6 7 8 9
vdjdb_full_11609 A 28 29 30 31 96 97 98 99 100 101 102 103 104 105
vdjdb_full_11609 B 27 28 29 30 31 32 33 90 91 92 93 94 95 96 97
vdjdb_full_11616 E 1 2 3 4 5 6 7 8 9
vdjdb_full_11616 A 30 50 94 95 96 97 98 99 100 101
vdjdb_full_11616 B 2 27 28 29 30 31 32 51 94 95 96 97 98 99
vdjdb_full_11619 E 1 2 3 4 5 6 7 8 9
vdjdb_full_11619 A 28 29 30 31 48 49 50 51 53 54 55 56 94 95 96 97 98 99
vdjdb_full_11619 B 29 31 93 94 95 96 97 98
vdjdb_full_11621 E 1 2 3 4 5 6 7 8 9
vdjdb_full_11621 A 28 29 30 31 50 94 95 96 97 98 99 100 101
vdjdb_full_11621 B 31 32 96 97 98 99 101 102 103
vdjdb_full_11618 E 1 2 3 4 5 6 7 8 9
vdjdb_full_11618 A 30 31 50 95 96 97 98 99 100 101 102
vdjdb_full_11618 B 1 29 30 94 95 96 97 98 99
vdjdb_full_11617 E 1 2 3 4 5 6 7 8 9
vdjdb_full_11617 A 28 30 31 50 55 95 96 97 98 99 100 101 102 103
vdjdb_full_11617 B 28 29 30 31 92 93 94 95 96 97 98
vdjdb_full_11623 E 1 2 3 4 5 6 7 8 9
vdjdb_full_11623 A 28 29 30 31 50 51 94 95 96 97 98 99 100 101
vdjdb_full_11623 B 94 95 96 97 98 99
vdjdb_full_11631 E 1 2 3 4 5 6 7 8 9 10
vdjdb_full_11631 A 28 29 30 31 50 51 94 95 96 97 98 99 100
vdjdb_full_11631 B 29 30 31 32 33 50 51 52 92 93 94 95 96 97 98 99 103 104 105
vdjdb_full_11651 E 1 2 3 4 5 6 7 8 9 10
vdjdb_full_11651 A 28 29 30 31 50 51 94 95 96 97 98 99 100 101
vdjdb_full_11651 B 28 29 30 31 32 33 50 51 52 91 92 93 94 95 96 97
vdjdb_full_11629 E 1 2 3 4 5 6 7 8 9 10
vdjdb_full_11629 A 95 96 97 98 99 100 101 102
vdjdb_full_11629 B 28 29 30 31 32 33 50 51 52 91 92 93 94 95
vdjdb_full_11644 E 1 2 3 4 5 6 7 8 9 10
vdjdb_full_11644 A 97 98 99 100 101 102
vdjdb_full_11644 B 28 29 30 31 32 33 49 50 51 52 91 92 93 94 95 96 97 98
vdjdb_full_11656 E 1 2 3 4 5 6 7 8 9 10
vdjdb_full_11656 A 28 29 30 31 32 74 97 98 99 100 101 102 103 104 105
vdjdb_full_11656 B 28 29 30 31 32 33 49 50 51 52 91 92 93 94 95 96
vdjdb_full_11641 E 1 2 3 4 5 6 7 8 9 10
vdjdb_full_11641 A 28 29 30 31 50 51 95 96 97 98 99 100 101 102 103 104 105
vdjdb_full_11641 B 28 29 30 31 32 33 50 51 52 91 92 93 94 95 96
vdjdb_full_11626 E 1 2 3 4 5 6 7 8 9 10
vdjdb_full_11626 A 27 28 29 30 31 50 51 94 95 96 97 98 99 100 101
vdjdb_full_11626 B 28 29 30 31 32 33 49 50 51 52 90 91 92 93 94 95 96 97
vdjdb_full_11665 E 1 2 3 4 5 6 7 8 9 10
vdjdb_full_11665 A 28 29 30 31 50 51 52 94 95 96 97 98 99 100 101 102
vdjdb_full_11665 B 28 29 30 31 32 33 50 51 52 91 92 93 94 95 96 97 98
vdjdb_full_11657 E 1 2 3 4 5 6 7 8 9 10
vdjdb_full_11657 A 28 30 94 95 96 97 98 99 100 101
vdjdb_full_11657 B 28 29 30 31 32 33 49 50 51 52 91 92 93 94 95
vdjdb_full_11659 E 1 2 3 4 5 6 7 8 9 10
vdjdb_full_11659 A 27 28 29 30 31 50 94 95 96 97 98 99 100 101
vdjdb_full_11659 B 28 29 30 31 32 33 49 50 51 52 91 92 93 94 100 101 102 103 104
vdjdb_full_11671 E 1 2 3 4 5 6 7 8 9 10
vdjdb_full_11671 A 28 29 30 31 50 51 95 96 97 98 99 100 101
vdjdb_full_11671 B 28 29 30 31 32 33 49 50 51 52 91 92 93 94
vdjdb_full_11672 E 1 2 3 4 5 6 7 8 9 10
vdjdb_full_11672 A 27 28 29 30 31 50 51 94 95 96 97 98 99 100
vdjdb_full_11672 B 28 29 30 31 32 33 49 50 51 52 91 92 93 94 95 96 97
vdjdb_full_11635 E 1 2 3 4 5 6 7 8 9 10
vdjdb_full_11635 A 27 28 29 30 31 50 51 94 95 96 97 98 99 100
vdjdb_full_11635 B 28 29 30 31 32 33 50 51 52 91 92 93 94 98 99 100 101
vdjdb_full_11668 E 1 2 3 4 5 6 7 8 9 10
vdjdb_full_11668 A 28 29 30 31 50 51 52 71 94 95 96 97 98 99
vdjdb_full_11668 B 28 29 30 31 32 33 49 50 51 52 91 92 93 94 95 96 97 98
vdjdb_full_11698 E 1 2 3 4 5 6 7 8 9 10
vdjdb_full_11698 A 96 97 98 99 100 101 102
vdjdb_full_11698 B 28 29 30 31 32 33 49 50 51 52 92 93 94 95 96 97 98
vdjdb_full_11681 E 1 2 3 4 5 6 7 8 9 10
vdjdb_full_11681 A 27 28 29 30 31 94 95 96 97 98 99 100 101
vdjdb_full_11681 B 28 29 30 31 32 33 49 50 51 52 91 92 93 94 99
vdjdb_full_11689 E 1 2 3 4 5 6 7 8 9 10
vdjdb_full_11689 A 30 96 97 98 99 100 101
vdjdb_full_11689 B 28 29 30 31 32 33 50 51 52 92 93 94 95 96 97 98
vdjdb_full_11696 E 1 2 3 4 5 6 7 8 9 10
vdjdb_full_11696 A 27 28 29 30 31 32 74 97 98 99 100 101 102
vdjdb_full_11696 B 28 29 30 31 32 33 49 50 51 52 91 92 93 94 95 96
vdjdb_full_11699 E 1 2 3 4 5 6 7 8 9 10
vdjdb_full_11699 A 28 30 31 51 95 96 97 98 99 100 101
vdjdb_full_11699 B 28 29 30 31 32 33 49 50 51 52 91 92 93 94 95 96 97
vdjdb_full_11702 E 1 2 3 4 5 6 7 8 9 10
vdjdb_full_11702 A 28 29 30 31 50 51 95 96 97 98 99 100 101 102
vdjdb_full_11702 B 28 29 30 31 32 33 49 50 51 52 91 92 93 94 95
vdjdb_full_11703 E 1 2 3 4 5 6 7 8 9 10
vdjdb_full_11703 A 30 95 96 97 98 99 100 101 102
vdjdb_full_11703 B 28 29 30 31 32 33 50 51 52 91 92 93 94 95 96 97 99 100
vdjdb_full_11720 E 1 2 3 4 5 6 7 8 9 10
vdjdb_full_11720 A 27 28 29 30 31 50 51 71 94 95 96 97 98 99 100
vdjdb_full_11720 B 28 29 30 31 32 33 49 50 51 52 91 92 93 94 95 96 97 98 99 100
vdjdb_full_11704 E 1 2 3 4 5 6 7 8 9 10
vdjdb_full_11704 A 27 28 29 30 31 94 95 96 97 98 99 100 101
vdjdb_full_11704 B 28 29 30 31 32 33 49 50 51 52 91 92 93 94 95 98 99
vdjdb_full_11701 E 1 2 3 4 5 6 7 8 9 10
vdjdb_full_11701 A 28 30 95 96 97 98 99
vdjdb_full_11701 B 28 29 30 31 32 33 49 50 51 52 91 92 93 94 95 96
vdjdb_full_11708 E 1 2 3 4 5 6 7 8 9 10
vdjdb_full_11708 A 28 29 30 31 51 94 95 96 97 98 99 100 101 102 103 104
vdjdb_full_11708 B 28 29 30 31 32 33 50 51 52 91 92 93 94 95 96 97 98 99
vdjdb_full_11710 E 1 2 3 4 5 6 7 8 9 10
vdjdb_full_11710 A 27 28 29 30 31 50 51 94 95 96 97 98 99 100 101
vdjdb_full_11710 B 28 29 30 31 32 33 49 50 51 52 91 92 93 94 95 96 102
vdjdb_full_11730 E 1 2 3 4 5 6 7 8 9 10
vdjdb_full_11730 A 28 29 30 31 50 51 94 95 96 97 98 99 100
vdjdb_full_11730 B 28 29 30 31 32 33 49 50 51 52 91 92 93 94 95 96
vdjdb_full_11716 E 1 2 3 4 5 6 7 8 9 10
vdjdb_full_11716 A 28 29 30 31 50 51 52 94 95 96 97 98 99 100
vdjdb_full_11716 B 28 29 30 31 32 33 50 51 52 91 92 93 94 95 96 97 98 99 100
vdjdb_full_11727 E 1 2 3 4 5 6 7 8 9 10
vdjdb_full_11727 A 27 28 29 30 31 50 51 94 95 96 97 98 99 100
vdjdb_full_11727 B 28 29 30 31 32 33 50 51 52 91 92 93 94 95 96 97 98
vdjdb_full_11734 E 1 2 3 4 5 6 7 8 9 10
vdjdb_full_11734 A 96 97 98 99 100 101 102 103 104 105
vdjdb_full_11734 B 28 29 30 31 32 33 49 50 51 52 91 92 93 94 95 96 97 98 99
vdjdb_full_11757 E 1 2 3 4 5 6 7 8 9 10
vdjdb_full_11757 A 28 29 30 31 50 51 94 95 96 97 98 99 100 101 102
vdjdb_full_11757 B 28 29 30 31 32 33 50 51 52 91 92 93 94 95 96 97 98 99
vdjdb_full_11750 E 1 2 3 4 5 6 7 8 9 10
vdjdb_full_11750 A 28 29 30 31 50 94 95 96 97 98 99 100 101
vdjdb_full_11750 B 28 29 30 31 32 33 49 50 51 52 91 92 93 94 95 96
vdjdb_full_11740 E 1 2 3 4 5 6 7 8 9 10
vdjdb_full_11740 A 27 28 29 30 31 50 51 94 95 96 97 98 99 100 101 102 103
vdjdb_full_11740 B 28 29 30 31 32 33 50 51 52 91 92 93 94 95 96 97 98
vdjdb_full_11742 E 1 2 3 4 5 6 7 8 9 10
vdjdb_full_11742 A 98 99 100 101 102 103 104
vdjdb_full_11742 B 29 30 31 32 33 50 51 52 92 93 94 95 96 97 98 99
vdjdb_full_11744 E 1 2 3 4 5 6 7 8 9 10
vdjdb_full_11744 A 30 50 51 95 96 97 98 99
vdjdb_full_11744 B 29 30 31 32 33 50 51 52 92 93 94 95 96 97 98 99 100 103 104
vdjdb_full_11739 E 1 2 3 4 5 6 7 8 9 10
vdjdb_full_11739 A 27 28 29 30 31 50 51 94 95 96 97 98 99 100
vdjdb_full_11739 B 28 29 30 31 32 33 50 51 52 91 92 93 94 95 97 98 99 100
vdjdb_full_11758 E 1 2 3 4 5 6 7 8 9 10
vdjdb_full_11758 A 28 29 30 31 96 97 98 99 100 101 102 103 104 105
vdjdb_full_11758 B 29 30 31 32 33 50 51 52 91 92 93 94 95 96
vdjdb_full_11784 E 1 2 3 4 5 6 7 8 9 10
vdjdb_full_11784 A 27 28 29 30 94 95 96 97 98 99 100 101
vdjdb_full_11784 B 28 29 30 31 32 33 49 50 51 52 91 92 93 94 95 96 97
vdjdb_full_11785 E 1 2 3 4 5 6 7 8 9 10
vdjdb_full_11785 A 28 29 30 31 50 51 52 54 94 95 96 97 98 99
vdjdb_full_11785 B 28 29 30 31 32 33 50 51 52 91 92 93 94 95 96 97 98 99 100
vdjdb_full_11794 E 1 2 3 4 5 6 7 8 9 10
vdjdb_full_11794 A 27 28 29 30 31 74 97 98 99 100 101 102 103 104
vdjdb_full_11794 B 28 29 30 31 32 33 49 50 51 52 91 92 93 94 95 96 97
vdjdb_full_11780 E 1 2 3 4 5 6 7 8 9 10
vdjdb_full_11780 A 28 29 30 31 50 51 94 95 96 97 98 99 100 101 102
vdjdb_full_11780 B 28 29 30 31 32 33 50 51 52 91 92 93 94 95 96
vdjdb_full_11775 E 1 2 3 4 5 6 7 8 9 10
vdjdb_full_11775 A 50 55 96 97 98 99 100 101
vdjdb_full_11775 B 28 29 30 31 32 33 50 51 52 92 93 94 95 96 97 98 99 100
vdjdb_full_11766 E 1 2 3 4 5 6 7 8 9 10
vdjdb_full_11766 A 28 29 30 31 49 50 51 52 54 94 95 96 97 98 99 100 101 102 103
vdjdb_full_11766 B 28 29 30 31 32 33 50 51 52 91 92 93 94 95 96
vdjdb_full_11800 E 1 2 3 4 5 6 7 8 9 10
vdjdb_full_11800 A 28 29 30 51 94 95 96 97 98 99 100
vdjdb_full_11800 B 28 29 30 31 32 33 50 51 52 91 92 93 94 95 96
vdjdb_full_11772 E 1 2 3 4 5 6 7 8 9 10
vdjdb_full_11772 A 28 29 30 31 50 51 94 95 96 97 98 99 100 101
vdjdb_full_11772 B 28 29 30 31 32 33 50 51 52 91 92 93 94 95 96 97 98
vdjdb_full_11858 E 1 2 3 4 5 6 7 8 9 10
vdjdb_full_11858 A 28 29 30 31 50 51 94 95 96 97 98 99 100
vdjdb_full_11858 B 28 29 30 31 32 33 49 50 51 52 91 92 93 94 95 96 97 98
vdjdb_full_11851 E 1 2 3 4 5 6 7 8 9 10
vdjdb_full_11851 A 27 28 29 30 31 74 97 98 99 100 101 102 103
vdjdb_full_11851 B 29 30 31 32 33 50 51 52 92 93 94 95 96 97
vdjdb_full_11804 E 1 2 3 4 5 6 7 8 9 10
vdjdb_full_11804 A 95 96 97 98 99 100 102 103 104
vdjdb_full_11804 B 28 29 30 31 32 33 49 50 51 52 91 92 93 94 95 96
vdjdb_full_11803 E 1 2 3 4 5 6 7 8 9 10
vdjdb_full_11803 A 30 95 96 97 98 99 100 101 102
vdjdb_full_11803 B 28 29 30 31 32 33 50 51 52 91 92 93 94 95 96 97 98 99
vdjdb_full_11867 E 1 2 3 4 5 6 7 8 9 10
vdjdb_full_11867 A 28 29 30 31 50 51 95 96 97 98 99
vdjdb_full_11867 B 28 29 30 31 32 33 50 51 52 91 92 93 94 95 96 97
vdjdb_full_11875 E 1 2 3 4 5 6 7 8 9 10
vdjdb_full_11875 A 28 29 30 31 32 33 48 49 50 51 52 54 93 94 95 96 97 98 99
vdjdb_full_11875 B 28 29 30 31 32 33 51 91 92 93 94 95 96 97 98 99
vdjdb_full_11863 E 1 2 3 4 5 6 7 8 9 10
vdjdb_full_11863 A 28 29 30 31 50 51 94 95 96 97 98 99 100 101 102 105
vdjdb_full_11863 B 28 29 30 31 32 33 50 51 52 91 92 93 94 95 96
vdjdb_full_11879 E 1 2 3 4 5 6 7 8 9 10
vdjdb_full_11879 A 28 29 30 31 50 51 94 95 96 97 98 99 100 101
vdjdb_full_11879 B 29 30 31 32 33 50 51 52 92 93 94 95 96 97 98 99 100
vdjdb_full_11811 E 1 2 3 4 5 6 7 8 9 10
vdjdb_full_11811 A 28 29 30 31 50 51 94 95 96 97 98 99 100
vdjdb_full_11811 B 28 29 30 31 32 33 50 51 52 91 92 93 94 95 96 97 98 99
vdjdb_full_11878 E 1 2 3 4 5 6 7 8 9 10
vdjdb_full_11878 A 30 51 95 96 97 98 99 100 101 102
vdjdb_full_11878 B 28 29 30 31 32 33 50 51 52 91 92 93 94 95 96
vdjdb_full_11892 E 1 2 3 4 5 6 7 8 9 10
vdjdb_full_11892 A 28 29 30 31 51 94 95 96 97 98 99 100 101
vdjdb_full_11892 B 28 29 30 31 32 33 50 51 52 91 92 93 94 95
vdjdb_full_11891 E 1 2 3 4 5 6 7 8 9 10
vdjdb_full_11891 A 28 29 30 31 51 94 95 96 97 98 99 100 101 102
vdjdb_full_11891 B 28 29 30 31 32 33 49 50 51 52 91 92 93 94 95 96 97 98
vdjdb_full_11877 E 1 2 3 4 5 6 7 8 9 10
vdjdb_full_11877 A 29 30 31 49 50 51 52 94 95 96 97 98 99 100 101 102
vdjdb_full_11877 B 28 29 30 31 32 33 50 51 52 91 92 93 94 95 96 97
vdjdb_full_11901 E 1 2 3 4 5 6 7 8 9 10
vdjdb_full_11901 A 27 28 29 30 31 49 50 51 52 71 94 95 96 97 98
vdjdb_full_11901 B 32 93 94 95 96 97 98 99 100 101
vdjdb_full_11904 E 1 2 3 4 5 6 7 8 9 10
vdjdb_full_11904 A 28 29 30 31 50 51 94 95 96 97 98 99 100 101
vdjdb_full_11904 B 28 29 30 31 32 33 50 51 52 91 92 93 94 95 96 97 99 100
vdjdb_full_11927 E 1 2 3 4 5 6 7 8 9 10
vdjdb_full_11927 A 29 30 31 49 50 51 52 54 94 95 96 97 98
vdjdb_full_11927 B 27 28 29 30 31 32 33 49 50 51 52 91 92 93 94 95 96 97
vdjdb_full_11914 E 1 2 3 4 5 6 7 8 9 10
vdjdb_full_11914 A 28 29 30 31 50 51 95 96 97 98 99 100
vdjdb_full_11914 B 28 29 30 31 32 33 49 50 51 52 91 92 93 94 95 96 97
vdjdb_full_11942 E 1 2 3 4 5 6 7 8 9 10
vdjdb_full_11942 A 28 29 30 31 51 94 95 96 97 98 99 100 101
vdjdb_full_11942 B 28 29 30 31 32 33 50 51 52 91 92 93 94 95 96 97
vdjdb_full_11947 E 1 2 3 4 5 6 7 8 9 10
vdjdb_full_11947 A 27 28 29 30 31 50 94 95 96 97 98 99 100 101 102
vdjdb_full_11947 B 28 29 30 31 32 33 50 51 52 92 93 94 95 97 98 99 100 101
vdjdb_full_11917 E 1 2 3 4 5 6 7 8 9 10
vdjdb_full_11917 A 27 28 29 30 31 50 51 94 95 96 97 98 99 100
vdjdb_full_11917 B 28 29 30 31 32 33 49 50 51 52 91 92 93 94
vdjdb_full_11902 E 1 2 3 4 5 6 7 8 9 10
vdjdb_full_11902 A 28 29 30 31 50 51 52 71 94 95 96 97 98 99
vdjdb_full_11902 B 28 29 30 31 32 33 49 50 51 52 91 92 93 94 95 96 97 98
vdjdb_full_11885 E 1 2 3 4 5 6 7 8 9 10
vdjdb_full_11885 A 27 28 29 30 31 50 94 95 96 97 98 99 100 101
vdjdb_full_11885 B 28 29 30 31 32 33 50 51 52 91 92 93 97 98 99 100
vdjdb_full_11952 E 1 2 3 4 5 6 7 8 9 10
vdjdb_full_11952 A 28 29 30 31 50 51 94 95 96 97 98 99 100 101 102
vdjdb_full_11952 B 28 29 30 31 32 33 49 50 51 52 91 92 93 94 100 101 102
vdjdb_full_11948 E 1 2 3 4 5 6 7 8 9 10
vdjdb_full_11948 A 27 28 29 30 31 50 51 94 95 96 97 98 99 100
vdjdb_full_11948 B 28 29 30 31 32 33 49 50 51 52 91 92 93 94 95
vdjdb_full_11957 E 1 2 3 4 5 6 7 8 9 10
vdjdb_full_11957 A 28 29 30 31 50 51 94 95 96 97 98 99 100
vdjdb_full_11957 B 28 29 30 31 32 33 49 50 51 52 91 92 93 94 95 96
vdjdb_full_11963 E 1 2 3 4 5 6 7 8 9 10
vdjdb_full_11963 A 30 95 96 97 98 99 100 101 102 103 104
vdjdb_full_11963 B 28 29 30 31 32 33 49 50 51 52 91 92 93 94
vdjdb_full_11954 E 1 2 3 4 5 6 7 8 9 10
vdjdb_full_11954 A 28 29 30 31 51 95 96 97 98 99 100 101
vdjdb_full_11954 B 28 29 30 31 32 33 49 50 51 52 92 93 94 95 96 97 98 99
vdjdb_full_11966 E 1 2 3 4 5 6 7 8 9 10
vdjdb_full_11966 A 28 30 51 95 96 97 98 99 100 101
vdjdb_full_11966 B 28 29 30 31 32 33 49 50 51 52 91 92 93 94 95 96 97 98
vdjdb_full_11970 E 1 2 3 4 5 6 7 8 9 10
vdjdb_full_11970 A 95 96 97 98
vdjdb_full_11970 B 28 29 30 31 32 33 49 50 51 52 92 93 94 95 96 97 98 99
vdjdb_full_11975 E 1 2 3 4 5 6 7 8 9 10
vdjdb_full_11975 A 27 28 29 30 31 50 51 94 95 96 97 98 99 100
vdjdb_full_11975 B 28 29 30 31 32 33 50 51 52 91 92 93 94 95 96 97 98 99
vdjdb_full_11985 E 1 2 3 4 5 6 7 8 9 10
vdjdb_full_11985 A 27 28 29 30 31 50 94 95 96 97 98 99 100
vdjdb_full_11985 B 28 29 30 31 32 33 49 50 51 52 91 92 93 94 95 96 97 98
vdjdb_full_11991 E 1 2 3 4 5 6 7 8 9 10
vdjdb_full_11991 A 28 29 30 31 95 96 97 98 99 100 101 102
vdjdb_full_11991 B 28 29 30 31 32 33 49 50 51 52 91 92 93 94 95 96 97 98 99
vdjdb_full_11962 E 1 2 3 4 5 6 7 8 9 10
vdjdb_full_11962 A 27 28 29 30 31 50 51 94 95 96 97 98 99 100 101
vdjdb_full_11962 B 28 29 30 31 32 33 50 51 52 91 92 93 94 98 99 100 101
vdjdb_full_11989 E 1 2 3 4 5 6 7 8 9 10
vdjdb_full_11989 A 27 28 29 30 31 50 51 94 95 96 97 98 99 100 101
vdjdb_full_11989 B 28 29 30 31 32 33 50 51 52 91 92 93 94 95 96
vdjdb_full_11988 E 1 2 3 4 5 6 7 8 9 10
vdjdb_full_11988 A 30 96 97 98 99 100 101 102 103 104
vdjdb_full_11988 B 28 29 30 31 32 33 49 50 51 52 91 92 93 94 95 96 97
vdjdb_full_11997 E 1 2 3 4 5 6 7 8 9 10
vdjdb_full_11997 A 28 29 30 31 50 51 94 95 96 97 98 99 100
vdjdb_full_11997 B 28 29 30 31 32 33 49 50 51 52 91 92 93 94 95 96 97
vdjdb_full_11999 E 1 2 3 4 5 6 7 8 9 10
vdjdb_full_11999 A 28 29 30 50 51 96 97 98 99 100 101 102
vdjdb_full_11999 B 28 29 30 31 32 33 50 51 52 91 92 93 94 95 96
vdjdb_full_12000 E 1 2 3 4 5 6 7 8 9 10
vdjdb_full_12000 A 29 30 31 32 94 95 96 97 98 99 100 101
vdjdb_full_12000 B 28 29 30 31 32 33 49 50 51 52 91 92 93 94 95 96 97
vdjdb_full_12026 E 1 2 3 4 5 6 7 8 9 10
vdjdb_full_12026 A 28 29 30 31 50 51 52 94 95 96 97 98 99 100
vdjdb_full_12026 B 28 29 30 31 32 33 50 51 52 91 92 93 94 95 96 97 98
vdjdb_full_12 E 1 2 3 4 5 6 7 8 9
vdjdb_full_12 A 30 31 48 49 50 51 55 95 96 97 98 99 100 101
vdjdb_full_12 B 27 28 29 30 31 91 92 93 94 95 96
vdjdb_full_12001 E 1 2 3 4 5 6 7 8 9 10
vdjdb_full_12001 A 27 28 29 30 31 50 94 95 96 97 98 99 100 101
vdjdb_full_12001 B 28 29 30 31 32 33 49 50 51 52 91 92 93 94 95 96 97
vdjdb_full_12025 E 1 2 3 4 5 6 7 8 9 10
vdjdb_full_12025 A 28 29 30 31 50 51 95 96 97 98 99 100 101
vdjdb_full_12025 B 28 29 30 31 32 33 50 51 52 91 92 93 94
vdjdb_full_12019 E 1 2 3 4 5 6 7 8 9 10
vdjdb_full_12019 A 30 31 50 95 96 97 98 99 100 101 102 103
vdjdb_full_12019 B 28 29 30 31 32 33 49 50 51 52 91 92 93 94 95 96 97
vdjdb_full_12033 E 1 2 3 4 5 6 7 8 9 10
vdjdb_full_12033 A 28 29 30 31 50 51 94 95 96 97 98 99 100
vdjdb_full_12033 B 28 29 30 31 32 33 50 51 52 91 92 93 94 95 96 97 98
vdjdb_full_12017 E 1 2 3 4 5 6 7 8 9 10
vdjdb_full_12017 A 28 29 30 31 50 95 96 97 98 99 100 101 102
vdjdb_full_12017 B 28 29 30 31 32 33 49 50 51 52 91 92 93 94 95 96
vdjdb_full_12034 E 1 2 3 4 5 6 7 8 9 10
vdjdb_full_12034 A 28 29 30 31 32 49 50 51 55 94 95 96 97 98
vdjdb_full_12034 B 28 29 30 31 32 33 50 51 91 92 93 94 95 96 97
vdjdb_full_12036 E 1 2 3 4 5 6 7 8 9 10
vdjdb_full_12036 A 96 97 98 99 100 101 102
vdjdb_full_12036 B 29 30 31 32 33 50 51 52 92 93 94 95 96 97
vdjdb_full_12040 E 1 2 3 4 5 6 7 8 9 10
vdjdb_full_12040 A 27 28 29 30 94 95 96 97 98 99 100
vdjdb_full_12040 B 29 30 31 32 33 50 51 52 91 92 93 94 95 96 97 98 99
vdjdb_full_12037 E 1 2 3 4 5 6 7 8 9 10
vdjdb_full_12037 A 28 29 30 31 50 51 94 95 96 97 98 99
vdjdb_full_12037 B 28 29 30 31 32 33 49 50 51 52 91 92 93 94 95
vdjdb_full_12038 E 1 2 3 4 5 6 7 8 9 10
vdjdb_full_12038 A 28 29 30 31 50 51 52 94 95 96 97 98 99 100
vdjdb_full_12038 B 28 29 30 31 32 33 50 51 52 92 93 94 95 96 97 98 99
vdjdb_full_12041 E 1 2 3 4 5 6 7 8 9 10
vdjdb_full_12041 A 28 29 30 31 51 95 96 97 98 99 100 101 102
vdjdb_full_12041 B 28 29 30 31 32 33 50 51 52 91 92 93 94 95 96 97
vdjdb_full_12044 E 1 2 3 4 5 6 7 8 9 10
vdjdb_full_12044 A 28 30 31 50 51 94 95 96 97 98 99 100 101
vdjdb_full_12044 B 29 30 31 32 33 50 51 94 95 96 97 98 99 100
vdjdb_full_12042 E 1 2 3 4 5 6 7 8 9 10
vdjdb_full_12042 A 27 28 29 30 31 32 74 97 98 99 100 101
vdjdb_full_12042 B 28 29 30 31 32 33 49 50 51 52 91 92 93 94 95 96
vdjdb_full_12035 E 1 2 3 4 5 6 7 8 9 10
vdjdb_full_12035 A 50 53 54 55 56
vdjdb_full_12035 B 30 93 94 95 96 97 98
vdjdb_full_12047 E 1 2 3 4 5 6 7 8 9 10
vdjdb_full_12047 A 28 29 30 31 50 51 94 95 96 97 98 99 100 101
vdjdb_full_12047 B 28 29 30 31 32 33 49 50 51 52 92 93 94 95 96 97 98
vdjdb_full_12046 E 1 2 3 4 5 6 7 8 9 10
vdjdb_full_12046 A 96 97 98 99 100 101 102 103 104 105
vdjdb_full_12046 B 28 29 30 31 32 33 50 51 52 92 93 94 95 96 97 98
vdjdb_full_12043 E 1 2 3 4 5 6 7 8 9 10
vdjdb_full_12043 A 28 29 30 31 50 51 52 94 95 96 97 98 99
vdjdb_full_12043 B 28 29 30 31 32 33 50 51 52 90 91 92 93 94 95 96
vdjdb_full_12049 E 1 2 3 4 5 6 7 8 9 10
vdjdb_full_12049 A 28 29 30 31 96 97 98 99 100 101 102 103
vdjdb_full_12049 B 28 29 30 31 32 33 49 50 51 52 91 92 93 94 95 100 101 102
vdjdb_full_12050 E 1 2 3 4 5 6 7 8 9 10
vdjdb_full_12050 A 27 28 97 98 99 100 101 102 103
vdjdb_full_12050 B 28 29 30 31 32 33 49 50 51 52 92 93 94 95 96 97
vdjdb_full_12048 E 1 2 3 4 5 6 7 8 9 10
vdjdb_full_12048 A 28 29 30 31 51 94 95 96 97 98 99 100 101
vdjdb_full_12048 B 29 30 31 32 33 50 51 52 92 93 94 96 100
vdjdb_full_12058 E 1 2 3 4 5 6 7 8 9 10
vdjdb_full_12058 A 28 30 96 97 98 99 100
vdjdb_full_12058 B 28 29 30 31 32 33 49 50 51 52 92 93 94 95 96 97 98
vdjdb_full_12051 E 1 2 3 4 5 6 7 8 9 10
vdjdb_full_12051 A 28 29 30 31 50 51 94 95 96 97 98 99
vdjdb_full_12051 B 28 29 30 31 32 33 50 51 52 91 92 93 94 95 96 97 98
vdjdb_full_12052 E 1 2 3 4 5 6 7 8 9 10
vdjdb_full_12052 A 28 29 30 31 32 74 97 98 99 100 101 102 103 104
vdjdb_full_12052 B 28 29 30 31 32 33 50 51 52 91 92 93 94 95 96 97
vdjdb_full_12054 E 1 2 3 4 5 6 7 8 9 10
vdjdb_full_12054 A 28 29 30 31 50 51 94 95 96 97 98 99 100 101 102
vdjdb_full_12054 B 28 29 30 31 32 33 49 50 51 52 91 92 93 94 95 96 97 98 99
vdjdb_full_12060 E 1 2 3 4 5 6 7 8 9 10
vdjdb_full_12060 A 28 29 30 31 50 94 95 96 97 98 99 100 101 102
vdjdb_full_12060 B 28 29 30 31 32 33 49 50 51 52 91 92 93 94 95 96
vdjdb_full_12057 E 1 2 3 4 5 6 7 8 9 10
vdjdb_full_12057 A 28 29 30 31 50 51 52 71 94 95 96 97 98
vdjdb_full_12057 B 28 29 30 31 32 33 50 51 52 92 93 94 95 96 97
vdjdb_full_12059 E 1 2 3 4 5 6 7 8 9 10
vdjdb_full_12059 A 28 29 30 31 51 95 96 97 98 99 100
vdjdb_full_12059 B 28 29 30 31 32 33 49 50 51 52 91 92 93 94 95 96 97
vdjdb_full_12062 E 1 2 3 4 5 6 7 8 9 10
vdjdb_full_12062 A 28 29 30 31 50 94 95 96 97 98
vdjdb_full_12062 B 28 29 30 31 32 33 49 50 51 52 91 92 93 94 95 96 97
vdjdb_full_12061 E 1 2 3 4 5 6 7 8 9 10
vdjdb_full_12061 A 28 29 30 31 50 51 71 94 95 96 97 98 99 100 101 102
vdjdb_full_12061 B 28 29 30 31 32 33 50 51 52 91 92 93 94 95 96 98 99
vdjdb_full_12053 E 1 2 3 4 5 6 7 8 9 10
vdjdb_full_12053 A 28 29 30 31 50 94 95 96 97 98 99 100 101 102
vdjdb_full_12053 B 28 29 30 31 32 33 49 50 51 52 91 92 93 94 95 96 97 98
vdjdb_full_12063 E 1 2 3 4 5 6 7 8 9 10
vdjdb_full_12063 A 28 29 30 31 73 96 97 98 99 100 101
vdjdb_full_12063 B 28 29 30 31 32 33 50 51 52 91 92 93 94 95
vdjdb_full_12064 E 1 2 3 4 5 6 7 8 9 10
vdjdb_full_12064 A 28 29 30 31 50 51 52 94 95 96 97 98 99 100
vdjdb_full_12064 B 28 29 30 31 32 33 49 50 51 52 91 92 93 94 95 96 97
vdjdb_full_12068 E 1 2 3 4 5 6 7 8 9 10
vdjdb_full_12068 A 28 29 30 31 50 51 52 71 94 95 96 97 98 99 100
vdjdb_full_12068 B 28 29 30 31 32 33 50 51 52 91 92 93 94 95
vdjdb_full_12067 E 1 2 3 4 5 6 7 8 9 10
vdjdb_full_12067 A 28 29 30 31 51 94 95 96 97 98
vdjdb_full_12067 B 28 29 30 31 32 33 50 51 52 91 92 93 94 95 96 98
vdjdb_full_12066 E 1 2 3 4 5 6 7 8 9 10
vdjdb_full_12066 A 30 31 50 55 56 57 95 96 97 98 99 100 101 102 103 104 105
vdjdb_full_12066 B 29 31 32 33 91 92 93 94 95 96 97
vdjdb_full_12072 E 1 2 3 4 5 6 7 8 9 10
vdjdb_full_12072 A 28 29 30 31 49 50 51 52 94 95 96 97 98 99
vdjdb_full_12072 B 28 29 30 31 32 33 49 50 51 52 91 92 93 94 95
vdjdb_full_12070 E 1 2 3 4 5 6 7 8 9 10
vdjdb_full_12070 A 28 29 30 31 49 50 51 52 54 94 95 96 97 98 99 100
vdjdb_full_12070 B 28 29 30 31 32 33 50 51 52 91 92 93 94 95 96 97
vdjdb_full_12065 E 1 2 3 4 5 6 7 8 9 10
vdjdb_full_12065 A 27 28 29 30 31 50 51 94 95 96 97 98 99
vdjdb_full_12065 B 28 29 30 31 32 33 50 51 52 91 92 93 94 95 97 98 99
vdjdb_full_12075 E 1 2 3 4 5 6 7 8 9 10
vdjdb_full_12075 A 28 29 30 31 50 51 52 94 95 96 97 98 99 100 101
vdjdb_full_12075 B 28 29 30 31 32 33 49 50 51 52 91 92 93 94 95 96 97 98
vdjdb_full_12073 E 1 2 3 4 5 6 7 8 9 10
vdjdb_full_12073 A 28 30 31 50 51 94 95 96 97 98 99
vdjdb_full_12073 B 28 29 30 31 32 33 50 51 52 92 93 94 95 96 97 98
vdjdb_full_12078 E 1 2 3 4 5 6 7 8 9 10
vdjdb_full_12078 A 30 95 96 97 98 99
vdjdb_full_12078 B 28 29 30 31 32 33 50 51 52 91 92 93 94 95 96 97
vdjdb_full_12076 E 1 2 3 4 5 6 7 8 9 10
vdjdb_full_12076 A 28 29 30 31 49 50 51 52 94 95 96 97 98 99 100
vdjdb_full_12076 B 28 29 30 31 32 33 49 50 51 52 91 92 93 94 95 96 97 98 99
vdjdb_full_12084 E 1 2 3 4 5 6 7 8 9 10
vdjdb_full_12084 A 27 28 29 30 31 50 94 95 96 97 98 99 100 101
vdjdb_full_12084 B 28 29 30 31 32 33 49 50 51 52 91 92 93 94 95 96 97 99
vdjdb_full_12077 E 1 2 3 4 5 6 7 8 9 10
vdjdb_full_12077 A 27 28 29 30 31 50 94 95 96 97 98 99 100 101
vdjdb_full_12077 B 28 29 30 31 32 33 49 50 51 52 91 92 93 94 95 96 97 98
vdjdb_full_12085 E 1 2 3 4 5 6 7 8 9 10
vdjdb_full_12085 A 28 29 30 31 50 51 95 96 97 98 99 100 101
vdjdb_full_12085 B 28 29 30 31 32 33 49 50 51 52 91 92 93 94 95 96 97 98
vdjdb_full_12089 E 1 2 3 4 5 6 7 8 9 10
vdjdb_full_12089 A 28 29 30 31 50 51 95 96 97 98 99 100 101
vdjdb_full_12089 B 28 29 30 31 32 33 49 50 51 52 91 92 93 94 95 96
vdjdb_full_12079 E 1 2 3 4 5 6 7 8 9 10
vdjdb_full_12079 A 29 30 31 32 74 97 98 99 100 101 102 103 104
vdjdb_full_12079 B 28 29 30 31 32 33 49 50 51 52 91 92 93 94 95 96 97
vdjdb_full_12088 E 1 2 3 4 5 6 7 8 9 10
vdjdb_full_12088 A 28 30 94 95 96 97 98 99 100 101 102 103
vdjdb_full_12088 B 28 29 30 31 32 33 49 50 51 52 91 92 93 94 95
vdjdb_full_12087 E 1 2 3 4 5 6 7 8 9 10
vdjdb_full_12087 A 27 28 29 30 31 50 94 95 96 97 98 99 100 101 102
vdjdb_full_12087 B 28 29 30 31 32 33 50 51 52 91 92 93
vdjdb_full_12086 E 1 2 3 4 5 6 7 8 9 10
vdjdb_full_12086 A 27 28 29 30 31 50 94 95 96 97 98 99 100 101
vdjdb_full_12086 B 28 29 30 31 32 33 50 51 52 91 92 93 94 95 96 97 98
vdjdb_full_12083 E 1 2 3 4 5 6 7 8 9 10
vdjdb_full_12083 A 28 29 30 31 51 94 95 96 97 98 99
vdjdb_full_12083 B 28 29 30 31 32 33 49 50 51 52 91 92 93 94 95 96 97 98
vdjdb_full_12092 E 1 2 3 4 5 6 7 8 9 10
vdjdb_full_12092 A 28 29 30 31 50 51 95 96 97 98 99 100
vdjdb_full_12092 B 28 29 30 31 32 33 49 50 51 52 90 91 92 93 94 95 96
vdjdb_full_12082 E 1 2 3 4 5 6 7 8 9 10
vdjdb_full_12082 A 28 29 30 31 50 51 72 95 96 97 98 99 100
vdjdb_full_12082 B 29 32 50 51 52 94 95 96 97 98 99 100
vdjdb_full_12094 E 1 2 3 4 5 6 7 8 9 10
vdjdb_full_12094 A 27 28 29 30 31 50 94 95 96 97 98 99 100
vdjdb_full_12094 B 28 29 30 31 32 33 50 51 52 91 92 93 94 99 100 101
vdjdb_full_12091 E 1 2 3 4 5 6 7 8 9 10
vdjdb_full_12091 A 28 29 30 31 51 94 95 96 97 98 99
vdjdb_full_12091 B 28 29 30 31 32 33 50 51 52 91 92 93 94 95 96 97 98
vdjdb_full_12090 E 1 2 3 4 5 6 7 8 9 10
vdjdb_full_12090 A 28 29 30 31 50 51 94 95 96 97 98 99 100 101
vdjdb_full_12090 B 28 29 30 31 32 33 49 50 51 52 91 92 93 94 95
vdjdb_full_12096 E 1 2 3 4 5 6 7 8 9 10
vdjdb_full_12096 A 28 29 30 31 50 51 52 94 95 96 97 98 99 100 101 102
vdjdb_full_12096 B 30 31 32 50 51 52 53 94 95 96 97 98 99 100
vdjdb_full_12097 E 1 2 3 4 5 6 7 8 9 10
vdjdb_full_12097 A 28 29 30 31 50 51 94 95 96 97 98 99
vdjdb_full_12097 B 28 29 30 31 32 33 50 51 52 91 92 93 94 95 96 97
vdjdb_full_12102 E 1 2 3 4 5 6 7 8 9 10
vdjdb_full_12102 A 28 29 30 31 94 95 96 97 98 99 100
vdjdb_full_12102 B 28 29 30 31 32 33 49 50 51 52 91 92 93
vdjdb_full_12095 E 1 2 3 4 5 6 7 8 9 10
vdjdb_full_12095 A 27 28 29 30 31 50 51 94 95 96 97 98 99 100
vdjdb_full_12095 B 28 29 30 31 32 33 49 50 51 52 91 92 93 94 95 96 97
vdjdb_full_12101 E 1 2 3 4 5 6 7 8 9 10
vdjdb_full_12101 A 30 31 50 51 94 95 96 97 98
vdjdb_full_12101 B 28 29 30 31 32 33 50 51 52 91 92 93 94 95 96 97 98
vdjdb_full_12098 E 1 2 3 4 5 6 7 8 9 10
vdjdb_full_12098 A 27 28 29 30 31 50 51 94 95 96 97 98 99 100 101 102
vdjdb_full_12098 B 28 29 30 31 32 33 50 51 52 91 92 93 94 95 96 97
vdjdb_full_12100 E 1 2 3 4 5 6 7 8 9 10
vdjdb_full_12100 A 28 29 30 31 94 95 96 97 98 99 100 101
vdjdb_full_12100 B 29 30 31 32 33 51 92 93 94 95 96 97 98 99 100
vdjdb_full_12099 E 1 2 3 4 5 6 7 8 9 10
vdjdb_full_12099 A 27 28 29 30 31 50 51 94 95 96 97 98 99
vdjdb_full_12099 B 28 29 30 31 32 33 50 51 52 91 92 93 94 95 96 97
vdjdb_full_12104 E 1 2 3 4 5 6 7 8 9 10
vdjdb_full_12104 A 28 29 30 31 50 51 52 94 95 96 97 98 99 100
vdjdb_full_12104 B 28 29 30 31 32 33 49 50 51 52 91 92 93 94 95 96 97
vdjdb_full_12103 E 1 2 3 4 5 6 7 8 9 10
vdjdb_full_12103 A 28 29 30 31 73 96 97 98 99 100 101
vdjdb_full_12103 B 28 29 30 31 32 33 50 51 52 91 92 93 94 95 96
vdjdb_full_12116 E 1 2 3 4 5 6 7 8 9
vdjdb_full_12116 A 28 29 30 31 50 51 94 95 96 97 98 99 100
vdjdb_full_12116 B 29 30 31 32 51 91 92 93 94 95 96 97 98
vdjdb_full_12107 E 1 2 3 4 5 6 7 8 9
vdjdb_full_12107 A 28 29 30 31 50 51 52 94 95 96 97
vdjdb_full_12107 B 27 28 29 30 31 32 33 50 51 91 92 93 94 95 96 97 98 99
vdjdb_full_12105 E 1 2 3 4 5 6 7 8 9 10
vdjdb_full_12105 A 28 29 30 31 50 51 95 96 97 98 99 100 101
vdjdb_full_12105 B 28 29 30 31 32 33 49 50 51 52 91 92 93 94 95 96 97 98 99
vdjdb_full_12119 E 1 2 3 4 5 6 7 8 9
vdjdb_full_12119 A 30 31 49 50 51 94 95 96 97 98 99 100
vdjdb_full_12119 B 27 28 29 30 31 32 33 51 91 92 93 94 95 97 98 99 100 101
vdjdb_full_12117 E 1 2 3 4 5 6 7 8 9
vdjdb_full_12117 A 30 31 50 51 95 96 97 98 99 100 101
vdjdb_full_12117 B 27 28 29 30 31 32 33 51 90 91 92 93 94 95 96 97 98 99
vdjdb_full_12114 E 1 2 3 4 5 6 7 8 9
vdjdb_full_12114 A 30 31 50 51 95 96 97 98 99 100 101
vdjdb_full_12114 B 27 28 29 30 31 32 33 51 91 92 93 94 95 96 97 98
vdjdb_full_12121 E 1 2 3 4 5 6 7 8 9
vdjdb_full_12121 A 28 29 30 31 50 51 94 95 96 97 98 99
vdjdb_full_12121 B 27 28 29 30 31 32 33 90 91 92 93 94 95 96 97 98 99
vdjdb_full_12108 E 1 2 3 4 5 6 7 8 9
vdjdb_full_12108 A 28 29 30 31 50 51 94 95 96 97 98 99
vdjdb_full_12108 B 28 29 30 31 32 91 92 93 94 95 96 97 98
vdjdb_full_12120 E 1 2 3 4 5 6 7 8 9
vdjdb_full_12120 A 28 29 30 31 50 51 94 95 96 97 98 99
vdjdb_full_12120 B 27 28 29 30 31 32 51 91 92 93 94 95 96
vdjdb_full_12131 E 1 2 3 4 5 6 7 8 9
vdjdb_full_12131 A 27 28 29 30 31 50 94 95 96 97 98 99 100 101
vdjdb_full_12131 B 32 92 93 94 95 96 97 98 99
vdjdb_full_12132 E 1 2 3 4 5 6 7 8 9
vdjdb_full_12132 A 55 95 96 97 98 99 100 101
vdjdb_full_12132 B 32 93 94 95 96 97 98 99
vdjdb_full_12122 E 1 2 3 4 5 6 7 8 9
vdjdb_full_12122 A 28 29 30 31 50 51 94 95 96 97 98 99
vdjdb_full_12122 B 27 28 29 30 31 32 33 90 91 92 93 94 95 96 97 98 99
vdjdb_full_12138 E 1 2 3 4 5 6 7 8 9
vdjdb_full_12138 A 28 30 31 50 51 94 95 96 97 98 99 100
vdjdb_full_12138 B 95 96 97 98 99 100
vdjdb_full_12123 E 1 2 3 4 5 6 7 8 9
vdjdb_full_12123 A 27 28 29 30 31 32 73 96 97 98 99 100 101 102
vdjdb_full_12123 B 30 92 93 94 95 96 97 98
vdjdb_full_12130 E 1 2 3 4 5 6 7 8 9
vdjdb_full_12130 A 31 50 55 96 97 98 99 100 101 102
vdjdb_full_12130 B 28 29 30 31 32 95 96 97 98 99 100 101 102
vdjdb_full_12135 E 1 2 3 4 5 6 7 8 9
vdjdb_full_12135 A 27 28 29 30 31 50 51 94 95 96 97 98 99 100
vdjdb_full_12135 B 32 92 93 94 95 96 97 98 99
vdjdb_full_12141 E 1 2 3 4 5 6 7 8 9
vdjdb_full_12141 A 30 31 49 50 51 94 95 96 97 98 99 100 101
vdjdb_full_12141 B 27 28 29 30 31 32 33 53 95 96 97 98 99 100 101
vdjdb_full_12142 E 1 2 3 4 5 6 7 8 9
vdjdb_full_12142 A 28 29 30 31 32 49 50 51 55 95 96 97 98 99 100 101 102 103 104
vdjdb_full_12142 B 30 93 94 95 96
vdjdb_full_12147 E 1 2 3 4 5 6 7 8 9
vdjdb_full_12147 A 95 96 97 98 99 100 101 102
vdjdb_full_12147 B 97 100
vdjdb_full_12156 E 1 2 3 4 5 6 7 8 9
vdjdb_full_12156 A 28 29 30 95 96 97 98 99 100
vdjdb_full_12156 B 29 30 31 91 92 93 94 95 96 97 98 99
vdjdb_full_12159 E 1 2 3 4 5 6 7 8 9
vdjdb_full_12159 A 30 50 95 96 97 98 99 100 101
vdjdb_full_12159 B 30 31 92 93 94 95 96 97 98
vdjdb_full_12154 E 1 2 3 4 5 6 7 8 9
vdjdb_full_12154 A 50 55 56 95 96 97 98 99 100 101
vdjdb_full_12154 B 31 32 93 94 95 96 97 98 99
vdjdb_full_12148 E 1 2 3 4 5 6 7 8 9
vdjdb_full_12148 A 50 55 56 95 96 97 98 99 100 101
vdjdb_full_12148 B 30 31 90 91 92 93 94 95 96 97
vdjdb_full_12163 E 1 2 3 4 5 6 7 8 9
vdjdb_full_12163 A 27 28 29 30 31 49 50 51 52 71 94 95 96 97 98 99 100 101
vdjdb_full_12163 B 95 96 97 98 99
vdjdb_full_12165 E 1 2 3 4 5 6 7 8 9
vdjdb_full_12165 A 28 29 30 31 49 50 51 53 54 55 56 94 95 96 97 98 99
vdjdb_full_12165 B 28 29 30 32 94 95 96 97 98 99
vdjdb_full_12166 E 1 2 3 4 5 6 7 8 9
vdjdb_full_12166 A 27 28 29 30 31 50 51 94 95 96 97 98 99 100 101
vdjdb_full_12166 B 29 30 31 32 92 93 94 95 96 97 98
vdjdb_full_12164 E 1 2 3 4 5 6 7 8 9
vdjdb_full_12164 A 28 29 30 31 48 50 51 55 56 94 95 96 97 98 99 100 101
vdjdb_full_12164 B 29 31 32 93 94 95 96 97 98 99 100 101
vdjdb_full_12167 E 1 2 3 4 5 6 7 8 9
vdjdb_full_12167 A 30 31 49 50 51 52 54 94 95 96 97 98 99
vdjdb_full_12167 B 27 28 29 30 31 32 91 92 93 94 95 96 97 98
vdjdb_full_12170 E 1 2 3 4 5 6 7 8 9
vdjdb_full_12170 A 28 29 30 31 49 50 51 52 94 95 96 97 98 99 100 101
vdjdb_full_12170 B 30 31 96 97 98 99 100 103 104
vdjdb_full_12169 E 1 2 3 4 5 6 7 8 9
vdjdb_full_12169 A 28 30 31 50 95 96 97 98 99 100 101 102
vdjdb_full_12169 B 28 29 30 31 90 91 92 93 94 95 96
vdjdb_full_12174 E 1 2 3 4 5 6 7 8 9
vdjdb_full_12174 A 30 31 49 50 51 54 94 95 96 97 98 99
vdjdb_full_12174 B 27 28 29 30 31 32 91 92 93 94 95 96 97
vdjdb_full_12172 E 1 2 3 4 5 6 7 8 9
vdjdb_full_12172 A 28 29 30 31 49 50 51 52 71 94 95 96 97 98 99 100
vdjdb_full_12172 B 31 32 93 94 95 96 97 98
vdjdb_full_12168 E 1 2 3 4 5 6 7 8 9
vdjdb_full_12168 A 28 29 30 31 49 50 51 55 95 96 97 98 99 100 101 102
vdjdb_full_12168 B 29 30 31 32 93 94 95 96 97
vdjdb_full_12173 E 1 2 3 4 5 6 7 8 9
vdjdb_full_12173 A 28 29 30 31 49 50 51 52 54 94 95 96 97 98 99
vdjdb_full_12173 B 30 92 93 94 95 96 97 98 99 100
vdjdb_full_12175 E 1 2 3 4 5 6 7 8 9
vdjdb_full_12175 A 28 29 30 31 49 50 51 52 54 71 94 95 96 97 98 99 100
vdjdb_full_12175 B 29 30 31 32 92 93 94 95 96 97 98
vdjdb_full_12229 E 1 2 3 4 5 6 7 8 9
vdjdb_full_12229 A 30 50 95 96 97 98 99 100 101 102 103
vdjdb_full_12229 B 29 30 31 50 91 92 93 94 95 96 97
vdjdb_full_12251 E 1 2 3 4 5 6 7 8 9
vdjdb_full_12251 A 27 28 29 30 31 32 49 50 51 52 55 72 95 96 97 98 99 100 101 102
vdjdb_full_12251 B 29 31 32 93 94 95 96 97 98 99
vdjdb_full_12250 E 1 2 3 4 5 6 7 8 9
vdjdb_full_12250 A 27 28 29 30 31 50 51 55 56 94 95 96 97 98 99 100
vdjdb_full_12250 B 31 95 96 97 98 99
vdjdb_full_12316 E 1 2 3 4 5 6 7 8 9
vdjdb_full_12316 A 95 96 97 98 99 100 101 102
vdjdb_full_12316 B 29 30 31 32 93 94 95 96 97 98 99 100 101
vdjdb_full_12262 E 1 2 3 4 5 6 7 8 9
vdjdb_full_12262 A 28 29 30 31 32 49 50 51 52 55 71 72 95 96 97 98 99 100 101 102 103
vdjdb_full_12262 B 31 93 94 95 96 97 98
vdjdb_full_12259 E 1 2 3 4 5 6 7 8 9
vdjdb_full_12259 A 27 28 29 30 31 50 94 95 96 97 98 99 100
vdjdb_full_12259 B 31 94 95 96 97 98 99
vdjdb_full_12329 E 1 2 3 4 5 6 7 8 9
vdjdb_full_12329 A 30 95 96 97 98 99 100 101 102 103
vdjdb_full_12329 B 29 30 31 93 94 95 96 97 98
vdjdb_full_12443 E 1 2 3 4 5 6 7 8 9
vdjdb_full_12443 A 28 29 30 31 48 50 51 55 56 94 95 96 97 98 99 100 101
vdjdb_full_12443 B 93 94 95 96 97 98
vdjdb_full_12176 E 1 2 3 4 5 6 7 8 9
vdjdb_full_12176 A 28 29 30 31 49 50 51 52 94 95 96 97 98 99 100 101
vdjdb_full_12176 B 30 31 96 97 98 99 100 103 104
vdjdb_full_12346 E 1 2 3 4 5 6 7 8 9
vdjdb_full_12346 A 27 28 29 30 31 49 50 51 95 96 97 98 99 100 101 102 103 104
vdjdb_full_12346 B 30 92 93 94 95 96 97 98 99 100
vdjdb_full_12337 E 1 2 3 4 5 6 7 8 9
vdjdb_full_12337 A 27 28 29 30 31 32 49 50 51 52 55 72 95 96 97 98 99 100 101 102
vdjdb_full_12337 B 29 95 96 97 98 99 100 101
vdjdb_full_12496 E 1 2 3 4 5 6 7 8 9
vdjdb_full_12496 A 95 96 97 98 99 100 101
vdjdb_full_12496 B 30 31 51 52 53
vdjdb_full_12358 E 1 2 3 4 5 6 7 8 9
vdjdb_full_12358 A 27 28 29 30 31 50 51 55 94 95 96 97 98 99 100
vdjdb_full_12358 B 29 30 31 32 93 94 95 96 97 98 99 100 101
vdjdb_full_1234 E 1 2 3 4 5 6 7 8 9
vdjdb_full_1234 A 27 28 29 30 31 50 51 54 94 95 96 97 98 99 100 101
vdjdb_full_1234 B 94 95 96 97 98 99 100
vdjdb_full_12509 E 1 2 3 4 5 6 7 8 9
vdjdb_full_12509 A 27 28 29 30 31 32 49 50 51 52 71 72 95 96 97 98 99 100 101 102 103 104
vdjdb_full_12509 B 30 92 93 94 95 96 97
vdjdb_full_12525 E 1 2 3 4 5 6 7 8 9
vdjdb_full_12525 A 30 95 96 97
vdjdb_full_12525 B 29 31 94 95 96 97 98 99 100
vdjdb_full_12660 E 1 2 3 4 5 6 7 8 9
vdjdb_full_12660 A 28 29 30 31 50 51 55 94 95 96 97 98 99 100 101
vdjdb_full_12660 B 29 30 92 93 94 95 96 97 98 99
vdjdb_full_12750 E 1 2 3 4 5 6 7 8 9
vdjdb_full_12750 A 28 29 30 31 32 49 50 51 52 55 72 95 96 97 98 99 100 101 102
vdjdb_full_12750 B 29 30 31 32 93 94 95 96 97
vdjdb_full_12552 E 1 2 3 4 5 6 7 8 9
vdjdb_full_12552 A 98 99 100 101 102 103
vdjdb_full_12800 E 1 2 3 4 5 6 7 8 9
vdjdb_full_12800 A 27 94 95 96 97 98 99 100 101
vdjdb_full_12800 B 28 30 31 50 92 93 94 95 96 97
vdjdb_full_12553 E 1 2 3 4 5 6 7 8 9
vdjdb_full_12553 A 28 29 30 31 32 49 50 51 55 95 96 97 98 99 100
vdjdb_full_12553 B 31 93 94 95 96 97 98 99 100 101
vdjdb_full_12674 E 1 2 3 4 5 6 7 8 9
vdjdb_full_12674 A 27 28 29 30 31 49 50 51 95 96 97 98 99 100
vdjdb_full_12674 B 30 92 93 94 95 96 98 99
vdjdb_full_1281 E 1 2 3 4 5 6 7 8 9
vdjdb_full_1281 A 28 29 30 31 49 50 51 55 96 97 98 99 100 101
vdjdb_full_1281 B 29 30 31 92 93 94 95 96
vdjdb_full_12861 E 1 2 3 4 5 6 7 8 9
vdjdb_full_12861 A 28 29 30 31 50 51 55 56 94 95 96 97 98 99 100 101 102
vdjdb_full_12861 B 31 93 94 96 97 98 99 100 101
vdjdb_full_12774 E 1 2 3 4 5 6 7 8 9
vdjdb_full_12774 A 30 31 49 50 51 55 95 96 97 98 99 100 101
vdjdb_full_12774 B 27 28 29 30 31 50 69 91 92 93 94 95 96 97
vdjdb_full_12825 E 1 2 3 4 5 6 7 8 9
vdjdb_full_12825 A 28 29 30 31 32 49 50 51 52 55 72 95 96 97 98 99 100 101 102
vdjdb_full_12825 B 29 30 32 90 91 92
vdjdb_full_12871 E 1 2 3 4 5 6 7 8 9
vdjdb_full_12871 A 27 28 29 30 31 49 50 51 55 94 95 96 97 98 99 100
vdjdb_full_12871 B 93 94 95 96 97 98 99 100
vdjdb_full_1298 E 1 2 3 4 5 6 7 8 9
vdjdb_full_1298 A 27 28 29 30 31 50 51 52 71 94 95 96 97 98 99 100 101
vdjdb_full_1298 B 30 92 93 94
vdjdb_full_12818 E 1 2 3 4 5 6 7 8 9
vdjdb_full_12818 A 27 28 29 30 31 50 51 94 95 96 97 98 99
vdjdb_full_12818 B 28 29 30 31 32 51 92 93 94 95 96 97 98 99 100
vdjdb_full_12830 E 1 2 3 4 5 6 7 8 9
vdjdb_full_12830 A 28 29 30 31 50 51 95 96 97 98 99 100 101
vdjdb_full_12830 B 28 29 30 31 91 92 93 94 95 96 97
vdjdb_full_13227 E 1 2 3 4 5 6 7 8 9 10 11 12
vdjdb_full_13227 A 50 94 95 96 97 98 99 100 101
vdjdb_full_13227 B 28 29 30 31 50 92 93 94 95 96 97
vdjdb_full_13 E 1 2 3 4 5 6 7 8 9
vdjdb_full_13 A 95 96 97 98 99 100 101 102
vdjdb_full_13 B 31 32 52 96 97 98 99 100 101 105
vdjdb_full_13156 E 1 2 3 4 5 6 7 8 9 10 11 12
vdjdb_full_13156 A 31 50 94 95 96 97 98 99 100 101 102
vdjdb_full_13156 B 29 30 31 32 33 49 51 91 92 93 94 95 96 97 98 99
vdjdb_full_13167 E 1 2 3 4 5 6 7 8 9 10 11 12
vdjdb_full_13167 A 28 30 31 50 51 95 96 97 98 99 100
vdjdb_full_13167 B 27 28 29 30 31 92 93 94 95 96
vdjdb_full_13216 E 1 2 3 4 5 6 7 8 9 10 11 12
vdjdb_full_13216 A 31 50 94 95 96 97 98 99 100 101
vdjdb_full_13216 B 28 29 30 31 32 33 34 49 50 51 89 90 91 92 93 94 95 96 97 98 99 100
vdjdb_full_13250 E 1 2 3 4 5 6 7 8 9 10 11
vdjdb_full_13250 A 28 29 30 31 32 33 48 49 50 51 55 56 92 93 94 95 96 97 98
vdjdb_full_13250 B 28 29 30 31 32 91 92 93 94 95 96 97 98 99
vdjdb_full_13251 E 1 2 3 4 5 6 7 8 9 10 11
vdjdb_full_13251 A 28 30 31 50 51 95 96 97 98 99 100
vdjdb_full_13251 B 29 30 31 32 51 93 94 95 96 97 98 99
vdjdb_full_13221 E 1 2 3 4 5 6 7 8 9 10 11 12
vdjdb_full_13221 A 28 29 30 31 50 51 55 56 94 95 96 97 98 99 100 101 102 103 104 105 106
vdjdb_full_13221 B 27 28 29 30 31 32 33 50 51 52 92 93 94 95 96 97 98 99 100
vdjdb_full_13257 E 1 2 3 4 5 6 7 8 9 10 11
vdjdb_full_13257 A 26 27 28 29 30 31 32 49 50 51 52 71 92 93 94 95 96 97 98
vdjdb_full_13257 B 28 30 31 92 93 94 95 96 97 98
vdjdb_full_13252 E 1 2 3 4 5 6 7 8 9 10 11
vdjdb_full_13252 A 28 29 30 31 32 33 48 49 50 51 55 56 92 93 94 95 96 97 98 99 100
vdjdb_full_13252 B 28 29 30 31 32 91 92 93 94 95 96 97 98 99
vdjdb_full_13254 E 1 2 3 4 5 6 7 8 9 10 11
vdjdb_full_13254 A 28 29 30 31 32 33 48 49 50 51 55 56 92 93 94 95 96 97 98 99 100
vdjdb_full_13254 B 28 29 30 31 32 91 92 93 94 95 96 97 98 99
vdjdb_full_13253 E 1 2 3 4 5 6 7 8 9 10 11
vdjdb_full_13253 A 28 29 30 31 32 33 48 49 50 51 55 56 92 93 94 95 96 97 98 99 100
vdjdb_full_13253 B 28 29 30 31 32 91 92 93 94 95 96 97 98 99
vdjdb_full_13256 E 1 2 3 4 5 6 7 8 9 10 11
vdjdb_full_13256 A 28 29 30 31 32 33 48 49 50 51 55 56 92 93 94 95 96 97 98 99 100
vdjdb_full_13256 B 28 29 30 31 32 91 92 93 94 95 96 97 98 99
vdjdb_full_13255 E 1 2 3 4 5 6 7 8 9 10 11
vdjdb_full_13255 A 28 29 30 31 32 33 48 49 50 51 55 56 92 93 94 95 96 97 98 99
vdjdb_full_13255 B 28 29 30 31 32 91 92 93 94 95 96 97 98 99
vdjdb_full_13259 E 1 2 3 4 5 6 7 8 9
vdjdb_full_13259 A 28 29 30 31 50 94 95 96 97 98 99 100 101
vdjdb_full_13259 B 29 30 31 32 92 93 94 95 96 97 98
vdjdb_full_13262 E 1 2 3 4 5 6 7 8 9
vdjdb_full_13262 A 27 28 29 30 31 49 50 51 52 71 94 95 96 97 98
vdjdb_full_13262 B 31 96 97 98
vdjdb_full_13268 E 1 2 3 4 5 6 7 8 9
vdjdb_full_13268 A 27 28 29 30 31 32 49 50 51 52 94 95 96 97 98 99 100 101
vdjdb_full_13268 B 29 30 31 32 54 97 98
vdjdb_full_13258 E 1 2 3 4 5 6 7 8 9 10 11
vdjdb_full_13258 A 28 29 30 31 32 33 48 49 50 51 55 56 92 93 94 95 96 97 98 99 100
vdjdb_full_13258 B 28 29 30 31 32 91 92 93 94 95 96 97 98 99
vdjdb_full_13288 E 1 2 3 4 5 6 7 8 9
vdjdb_full_13288 A 27 28 29 30 31 50 51 52 71 94 95 96 97 98 99
vdjdb_full_13288 B 29 30 32 51 94 95 96 97 98 99 100 101
vdjdb_full_13276 E 1 2 3 4 5 6 7 8 9
vdjdb_full_13276 A 28 30 31 50 95 96 97 98 99 100 101 102
vdjdb_full_13276 B 32 94 95 96 97 98 99 100 101 102
vdjdb_full_13277 E 1 2 3 4 5 6 7 8 9
vdjdb_full_13277 A 28 30 31 94 95 96 97 98 99 100 101
vdjdb_full_13277 B 29 30 31 32 93 94 95 96 97 98
vdjdb_full_13286 E 1 2 3 4 5 6 7 8 9
vdjdb_full_13286 A 30 31 48 49 50 51 52 53 54 55 56 68 95 96 97 98 99
vdjdb_full_13286 B 95 96 97 98
vdjdb_full_13267 E 1 2 3 4 5 6 7 8 9
vdjdb_full_13267 A 48 50 54 55 56 57 95 96 97 98 99 100 101
vdjdb_full_13267 B 28 88 89 90 91 92 93 94
vdjdb_full_13273 E 1 2 3 4 5 6 7 8 9
vdjdb_full_13273 A 28 30 95 96 97 98 99 100 101 102
vdjdb_full_13273 B 28 29 30 31 92 93 94 95 96 97 98 99
vdjdb_full_13337 E 1 2 3 4 5 6 7 8 9
vdjdb_full_13337 A 28 29 30 31 50 51 94 95 96 97 98 99 100 101 103
vdjdb_full_13337 B 26 27 28 29 30 31 91 92 93 94 95 96 97 98
vdjdb_full_13341 E 1 2 3 4 5 6 7 8 9
vdjdb_full_13341 A 30 31 32 48 49 50 51 52 53 54 55 56 57 95 96 97 98 99
vdjdb_full_13341 B 94 95 96 97
vdjdb_full_13290 E 1 2 3 4 5 6 7 8 9
vdjdb_full_13290 A 28 29 30 31 32 48 49 50 51 55 72 95 96 97 98 99 100 101
vdjdb_full_13290 B 30 92 93 94 95 96
vdjdb_full_13333 E 1 2 3 4 5 6 7 8 9
vdjdb_full_13333 A 30 31 50 51 95 96 97 98 99 100 101 102
vdjdb_full_13333 B 27 28 29 30 31 32 51 91 92 93 94 95 96 97 98 99
vdjdb_full_13313 E 1 2 3 4 5 6 7 8 9
vdjdb_full_13313 A 30 50 95 96 97 98 99 100 101 102
vdjdb_full_13313 B 28 29 30 31 92 93 94 95 96 97 98 99
vdjdb_full_13302 E 1 2 3 4 5 6 7 8 9
vdjdb_full_13302 A 27 28 29 30 31 32 49 50 51 52 54 71 94 95 96 97 98 99 100
vdjdb_full_13302 B 95 96 97
vdjdb_full_13317 E 1 2 3 4 5 6 7 8 9
vdjdb_full_13317 A 28 29 30 31 32 49 50 51 52 53 54 55 71 94 95 96 97 98 99
vdjdb_full_13317 B 95 96 97
vdjdb_full_13342 E 1 2 3 4 5 6 7 8 9
vdjdb_full_13342 A 28 30 31 50 51 94 95 96 97 98 99 100 101 102
vdjdb_full_13342 B 29 30 31 32 95 96 97 98 99 100 101 102
vdjdb_full_13293 E 1 2 3 4 5 6 7 8 9
vdjdb_full_13293 A 28 30 31 50 95 96 97 98 99 100 101 102
vdjdb_full_13293 B 29 30 31 32 33 95 96 97 98 99 100 101 102 103
vdjdb_full_13353 E 1 2 3 4 5 6 7 8 9
vdjdb_full_13353 A 28 29 30 31 50 51 55 95 96 97 98 99 100 101
vdjdb_full_13353 B 28 30 31 91 92 93 94 95 96 97 98 99
vdjdb_full_13357 E 1 2 3 4 5 6 7 8 9
vdjdb_full_13357 A 28 29 30 31 50 51 55 95 96 97 98 99 100 101 102 103 104 105
vdjdb_full_13357 B 31 93 94 95 96 97 98 99 100
vdjdb_full_13358 E 1 2 3 4 5 6 7 8 9
vdjdb_full_13358 A 27 28 29 30 31 50 94 95 96 97 98 99 100
vdjdb_full_13358 B 29 31 32 92 93 94 95 96 97 98 99 100 101
vdjdb_full_13355 E 1 2 3 4 5 6 7 8 9
vdjdb_full_13355 A 29 30 31 32 94 95 96 97 98 99
vdjdb_full_13355 B 28 29 30 31 32 33 52 53 95 96 97 98 99
vdjdb_full_13350 E 1 2 3 4 5 6 7 8 9
vdjdb_full_13350 A 27 28 29 30 31 49 50 51 55 95 96 97 98 99 100 101 102
vdjdb_full_13350 B 29 31 32 93 94 95 96 97 98
vdjdb_full_13360 E 1 2 3 4 5 6 7 8 9
vdjdb_full_13360 A 28 30 95 96 97 98 99 100
vdjdb_full_13360 B 28 29 30 31 91 92 93 94 95 96 97
vdjdb_full_13370 E 1 2 3 4 5 6 7 8 9
vdjdb_full_13370 A 30 50 95 96 97 98 99 100 101 102
vdjdb_full_13370 B 28 29 30 31 32 51 93 94 95 96 97
vdjdb_full_13369 E 1 2 3 4 5 6 7 8 9
vdjdb_full_13369 A 30 31 50 51 94 95 96 97 98 99 100
vdjdb_full_13369 B 27 28 29 30 31 50 91 92 93 94 95 96 97
vdjdb_full_13361 E 1 2 3 4 5 6 7 8 9
vdjdb_full_13361 A 28 29 30 31 50 51 55 95 96 97 98 99 100 101
vdjdb_full_13361 B 28 30 31 91 92 93 94 95 96 97 98 99
vdjdb_full_13345 E 1 2 3 4 5 6 7 8 9
vdjdb_full_13345 A 31 94 95 96 97 98 99 100 101
vdjdb_full_13345 B 29 30 31 32 33 91 92 93 94 95 96 97 98
vdjdb_full_13376 E 1 2 3 4 5 6 7 8 9
vdjdb_full_13376 A 28 29 30 31 50 51 55 94 95 96 97 98
vdjdb_full_13376 B 28 29 30 31 92 93 94 95 96 97
vdjdb_full_13375 E 1 2 3 4 5 6 7 8 9
vdjdb_full_13375 A 30 50 95 96 97 98 99 100 101 102
vdjdb_full_13375 B 28 29 30 31 32 33 95 96 97 98 99 100 101 102 103
vdjdb_full_13377 E 1 2 3 4 5 6 7 8 9
vdjdb_full_13377 A 28 30 95 96 97 98 99 100 101 102 103 104
vdjdb_full_13377 B 30 31 32 51 52 94 95 96 99
vdjdb_full_13378 E 1 2 3 4 5 6 7 8 9
vdjdb_full_13378 A 28 30 96 97 98 99 100 101 102 103
vdjdb_full_13378 B 28 29 30 31 32 51 52 53 94 95 96 97 98 99 100
vdjdb_full_13379 E 1 2 3 4 5 6 7 8 9
vdjdb_full_13379 A 28 29 30 31 50 51 55 95 96 97 98 99 100 101 102 103
vdjdb_full_13379 B 28 29 30 31 32 94 95 96 97 98 99 100 101
vdjdb_full_13391 E 1 2 3 4 5 6 7 8 9
vdjdb_full_13391 A 28 29 30 31 49 50 51 52 54 94 95 96 97 98 99 100
vdjdb_full_13391 B 28 29 30 31 92 93 94 95 96 97 98 99
vdjdb_full_13383 E 1 2 3 4 5 6 7 8 9
vdjdb_full_13383 A 28 30 96 97 98 99 100 101 102 103 104
vdjdb_full_13383 B 28 29 30 31 32 33 50 51 52 94 95 96 97
vdjdb_full_13374 E 1 2 3 4 5 6 7 8 9
vdjdb_full_13374 A 30 31 50 94 95 96 97 98 99 100 101 102
vdjdb_full_13374 B 27 28 29 30 31 50 91 92 93 94 95 96 97 98
vdjdb_full_13390 E 1 2 3 4 5 6 7 8 9
vdjdb_full_13390 A 28 29 30 31 48 49 50 51 52 53 54 55 56 94 95 96 97 98 99 100
vdjdb_full_13390 B 30 91 92 93 94 95 96 97 98 99 100 101
vdjdb_full_13392 E 1 2 3 4 5 6 7 8 9
vdjdb_full_13392 A 28 29 30 31 32 48 49 50 51 52 53 54 56 71 94 95 96 97 98 99 100
vdjdb_full_13392 B 27 28 29 30 31 91 92 93 94 95 96 97 98 99 100
vdjdb_full_13389 E 1 2 3 4 5 6 7 8 9
vdjdb_full_13389 A 28 29 30 31 32 48 49 50 51 52 53 54 55 56 71 94 95 96 97 98 99
vdjdb_full_13389 B 30 92 93 94 95 96 97 98 99
vdjdb_full_13380 E 1 2 3 4 5 6 7 8 9
vdjdb_full_13380 A 28 30 31 50 51 95 96 97 98 99 100 101 102 103 104
vdjdb_full_13380 B 93 94 95 96 97 98 99 100
vdjdb_full_13393 E 1 2 3 4 5 6 7 8 9
vdjdb_full_13393 A 28 29 30 31 32 48 49 50 51 52 54 94 95 96 97 98 99 100
vdjdb_full_13393 B 28 29 30 31 91 92 93 94 95 96 97 98 99 100
vdjdb_full_13396 E 1 2 3 4 5 6 7 8 9
vdjdb_full_13396 A 28 29 30 31 32 49 50 51 52 94 95 96 97 98 99 100 101
vdjdb_full_13396 B 27 28 29 30 31 32 33 53 94 95 96 97 98 99 100
vdjdb_full_13397 E 1 2 3 4 5 6 7 8 9
vdjdb_full_13397 A 28 29 30 31 32 48 49 50 51 52 53 54 56 94 95 96 97 98 99
vdjdb_full_13397 B 28 29 30 31 92 93 94 95 96 97 98 99
vdjdb_full_13400 E 1 2 3 4 5 6 7 8 9
vdjdb_full_13400 A 28 29 30 31 32 48 49 50 51 52 54 56 71 94 95 96 97 98 99
vdjdb_full_13400 B 28 29 30 31 92 93 94 95 96 97 98 99 100
vdjdb_full_13399 E 1 2 3 4 5 6 7 8 9
vdjdb_full_13399 A 30 31 48 49 50 51 52 53 54 56 94 95 96 97 98 99 100
vdjdb_full_13399 B 27 28 29 30 31 91 92 93 94 95 96 97 98 99 100
vdjdb_full_13405 E 1 2 3 4 5 6 7 8 9
vdjdb_full_13405 A 28 29 30 31 49 50 51 52 54 94 95 96 97 98 99 100
vdjdb_full_13405 B 28 29 30 31 51 92 93 94 95 96 97 98 99
vdjdb_full_13406 E 1 2 3 4 5 6 7 8 9
vdjdb_full_13406 A 28 29 30 31 50 51 94 95 96 97 98 99 100 101 102 103
vdjdb_full_13406 B 28 30 31 92 93 94 95 96 97 98
vdjdb_full_13410 E 1 2 3 4 5 6 7 8 9
vdjdb_full_13410 A 28 29 30 31 32 48 49 50 51 52 54 56 94 95 96 97 98 99
vdjdb_full_13410 B 28 29 30 31 91 92 93 94 95 96 97 98 99
vdjdb_full_13413 E 1 2 3 4 5 6 7 8 9
vdjdb_full_13413 A 28 29 30 31 32 48 49 50 51 52 54 94 95 96 97 98 99 100
vdjdb_full_13413 B 28 29 30 31 91 92 93 94 95 96 97 98 99 100
vdjdb_full_13414 E 1 2 3 4 5 6 7 8 9
vdjdb_full_13414 A 28 29 30 31 49 50 51 55 94 95 96 97 98 99 100 101
vdjdb_full_13414 B 28 29 30 31 92 93 94 95 96 97 98 99 100
vdjdb_full_13421 E 1 2 3 4 5 6 7 8 9
vdjdb_full_13421 A 28 29 30 31 32 48 49 50 51 52 54 55 56 94 95 96 97 98 99
vdjdb_full_13421 B 28 29 30 31 91 92 93 94 95 96 97 98 99 100
vdjdb_full_13427 E 1 2 3 4 5 6 7 8 9
vdjdb_full_13427 A 30 31 50 51 95 96 97 98 99 100
vdjdb_full_13427 B 28 29 30 31 92 93 94 95 96 97 98 99
vdjdb_full_13428 E 1 2 3 4 5 6 7 8 9
vdjdb_full_13428 A 28 29 30 31 49 50 51 52 54 56 94 95 96 97 98 99 100
vdjdb_full_13428 B 1 28 29 30 31 92 93 94 95 96 97 98 99 100
vdjdb_full_13425 E 1 2 3 4 5 6 7 8 9
vdjdb_full_13429 E 1 2 3 4 5 6 7 8 9
vdjdb_full_13429 A 28 29 30 31 32 48 49 50 51 52 53 54 56 71 94 95 96 97 98 99
vdjdb_full_13429 B 28 29 30 31 91 92 93 94 95 96 97 98 99 100
vdjdb_full_13416 E 1 2 3 4 5 6 7 8 9
vdjdb_full_13416 A 28 29 30 31 32 48 49 50 51 52 54 94 95 96 97 98 99 100
vdjdb_full_13416 B 28 29 30 31 91 92 93 94 95 96 97 98 99
vdjdb_full_13435 E 1 2 3 4 5 6 7 8 9
vdjdb_full_13435 A 28 29 30 31 32 48 49 50 51 52 53 54 56 94 95 96 97 98 99 100
vdjdb_full_13435 B 1 28 29 30 31 91 92 93 94 95 96 97 98 99 100
vdjdb_full_13440 E 1 2 3 4 5 6 7 8 9
vdjdb_full_13440 A 28 29 30 31 32 49 50 51 52 94 95 96 97 98 99 100 101
vdjdb_full_13440 B 28 29 30 31 32 52 92 93 94 95 96 97 98 99
vdjdb_full_13441 E 1 2 3 4 5 6 7 8 9
vdjdb_full_13441 A 28 29 30 31 48 49 50 51 52 53 54 56 94 95 96 97 98 99
vdjdb_full_13441 B 1 2 27 28 29 30 31 91 92 93 94 95
vdjdb_full_13446 E 1 2 3 4 5 6 7 8 9
vdjdb_full_13446 A 28 29 30 31 48 49 50 51 52 53 54 55 56 71 94 95 96 97 98 99
vdjdb_full_13446 B 2 28 29 30 31 32 94 95 96 97 98
vdjdb_full_13426 E 1 2 3 4 5 6 7 8 9
vdjdb_full_13426 A 29 30 31 32 48 49 50 51 52 53 54 55 56 94 95 96 97 98 99 100
vdjdb_full_13426 B 29 30 31 32 93 94 95 96 97 98
vdjdb_full_13430 E 1 2 3 4 5 6 7 8 9
vdjdb_full_13430 A 28 29 30 31 32 48 49 50 51 52 53 54 55 56 71 94 95 96 97 98 99
vdjdb_full_13430 B 28 29 30 31 91 92 93 94 95 96 97 98 99 100
vdjdb_full_13442 E 1 2 3 4 5 6 7 8 9
vdjdb_full_13442 A 28 29 30 31 32 49 50 51 52 53 54 56 71 94 95 96 97 98
vdjdb_full_13442 B 1 2 28 29 30 31 91 92 93 94 95
vdjdb_full_13463 E 1 2 3 4 5 6 7 8 9
vdjdb_full_13463 A 28 29 30 31 32 48 49 50 51 52 53 54 55 56 94 95 96 97 98 99
vdjdb_full_13463 B 27 28 29 30 31 91 92 93 94 95 96 97 98 99 100
vdjdb_full_13450 E 1 2 3 4 5 6 7 8 9
vdjdb_full_13450 A 28 29 30 31 32 48 49 50 51 52 54 71 94 95 96 97 98 99 100
vdjdb_full_13450 B 28 29 30 31 91 92 93 94 95 96 97 98 99 100
vdjdb_full_13420 E 1 2 3 4 5 6 7 8 9
vdjdb_full_13420 A 28 29 30 31 49 50 51 52 54 94 95 96 97 98
vdjdb_full_13420 B 27 28 29 30 31 91 92 93 94 95 96 97 98 99 100
vdjdb_full_13467 E 1 2 3 4 5 6 7 8 9
vdjdb_full_13467 A 50 51 54 96 97 98 99
vdjdb_full_13467 B 95 96
vdjdb_full_13468 E 1 2 3 4 5 6 7 8 9
vdjdb_full_13468 A 27 28 29 30 31 32 49 50 51 52 71 94 95 96 97 98 99 100
vdjdb_full_13468 B 28 29 30 31 51 92 93 94 95 96 97 98 99
vdjdb_full_13455 E 1 2 3 4 5 6 7 8 9
vdjdb_full_13455 A 28 29 30 31 32 48 49 50 51 52 53 54 55 56 94 95 96 97 98 99
vdjdb_full_13455 B 27 28 29 30 31 91 92 93 94 95 96 97 98 99 100
vdjdb_full_13459 E 1 2 3 4 5 6 7 8 9
vdjdb_full_13459 A 27 28 29 30 31 32 49 50 51 52 53 54 68 69 70 71 94 95 96 97
vdjdb_full_13459 B 97 98 99 100
vdjdb_full_13471 E 1 2 3 4 5 6 7 8 9
vdjdb_full_13471 A 28 29 30 31 32 48 49 50 51 52 53 54 55 56 94 95 96 97 98 99 100
vdjdb_full_13471 B 27 28 29 30 31 91 92 93 94 95 96 97 98 99 100
vdjdb_full_13476 E 1 2 3 4 5 6 7 8 9
vdjdb_full_13476 A 28 29 30 31 32 48 49 50 51 52 54 55 56 94 95 96 97 98
vdjdb_full_13476 B 27 28 29 30 31 51 91 92 93 94 95 96 97 98 99 100
vdjdb_full_13475 E 1 2 3 4 5 6 7 8 9
vdjdb_full_13475 A 28 29 30 31 32 48 49 50 51 52 54 56 71 94 95 96 97 98 99
vdjdb_full_13475 B 1 28 29 30 31 91 92 93 94 95 96 97 98 99 100
vdjdb_full_13480 E 1 2 3 4 5 6 7 8 9
vdjdb_full_13480 A 28 29 30 31 32 48 49 50 51 52 53 54 55 56 94 95 96 97 98 99
vdjdb_full_13480 B 27 28 29 30 31 91 92 93 94 95 96 97 98 99 100
vdjdb_full_13477 E 1 2 3 4 5 6 7 8 9
vdjdb_full_13477 A 28 29 30 31 49 50 51 52 53 54 55 56 71 94 95 96 97 98 99 100
vdjdb_full_13477 B 28 29 30 31 32 93 94 95 96 97
vdjdb_full_13490 E 1 2 3 4 5 6 7 8 9
vdjdb_full_13490 A 28 29 30 31 32 48 49 50 51 52 54 56 94 95 96 97 98 99 100
vdjdb_full_13490 B 28 29 30 31 91 92 93 94 95 96 97 98 99 100
vdjdb_full_13464 E 1 2 3 4 5 6 7 8 9
vdjdb_full_13464 A 28 29 30 31 49 50 51 52 54 56 94 95 96 97 98 99 100
vdjdb_full_13464 B 28 29 30 31 32 91 92 93 94
vdjdb_full_13492 E 1 2 3 4 5 6 7 8 9
vdjdb_full_13492 A 28 29 30 31 32 49 50 51 52 54 71 94 95 96 97 98 99 100
vdjdb_full_13492 B 28 29 30 31 92 93 94 95 96 97 98 99 100
vdjdb_full_13483 E 1 2 3 4 5 6 7 8 9
vdjdb_full_13483 A 28 29 30 31 49 50 51 55 94 95 96 97 98 99
vdjdb_full_13483 B 28 29 30 31 32 33 51 91 92 93 94 95 96
vdjdb_full_13491 E 1 2 3 4 5 6 7 8 9
vdjdb_full_13491 A 29 30 31 32 33 49 50 51 52 55 93 94 95 96 97 98 99
vdjdb_full_13491 B 27 28 29 30 31 32 91 92 93 94 95 96 97
vdjdb_full_13487 E 1 2 3 4 5 6 7 8 9
vdjdb_full_13487 A 28 29 30 31 32 48 49 50 51 52 53 54 55 56 94 95 96 97 98 99
vdjdb_full_13487 B 27 28 29 30 31 51 91 92 93 94 95 96 97 98 99 100
vdjdb_full_13494 E 1 2 3 4 5 6 7 8 9
vdjdb_full_13494 A 28 29 30 31 32 48 49 50 51 52 53 54 55 56 94 95 96 97 98 99
vdjdb_full_13494 B 27 28 29 30 31 51 91 92 93 94 95 96 97 98 99 100
vdjdb_full_13496 E 1 2 3 4 5 6 7 8 9
vdjdb_full_13496 A 28 29 30 31 32 48 49 50 51 52 54 56 94 95 96 97 98 99
vdjdb_full_13496 B 1 2 28 29 30 31 91 92 93 94 95 96 97 98 99 100
vdjdb_full_13520 E 1 2 3 4 5 6 7 8 9
vdjdb_full_13520 A 27 28 29 30 31 49 50 51 52 54 94 95 96 97 98 99 100
vdjdb_full_13520 B 94 95 96 97 98 99 100 101
vdjdb_full_13513 E 1 2 3 4 5 6 7 8 9
vdjdb_full_13513 A 28 30 31 50 51 96 97 98 99 100 101 102
vdjdb_full_13513 B 92 93 94 95 96 97 98 99
vdjdb_full_13498 E 1 2 3 4 5 6 7 8 9
vdjdb_full_13498 A 28 29 30 31 32 48 49 50 51 52 54 56 94 95 96 97 98
vdjdb_full_13498 B 27 28 29 30 31 91 92 93 94 95 96 97 98 99 100
vdjdb_full_13515 E 1 2 3 4 5 6 7 8 9
vdjdb_full_13515 A 30 95 96 97 98 99 100 101 102 103
vdjdb_full_13515 B 28 29 30 31 32 51 92 93 94 95 96 97
vdjdb_full_13525 E 1 2 3 4 5 6 7 8 9
vdjdb_full_13525 A 28 30 95 96 97 98 99 100 101 102 103
vdjdb_full_13525 B 28 29 30 31 32 51 92 93 94 95 96 97
vdjdb_full_13523 E 1 2 3 4 5 6 7 8 9
vdjdb_full_13523 A 28 30 95 96 97 98 99 100 101 102 103
vdjdb_full_13523 B 28 29 30 31 32 51 92 93 94 95 96 97
vdjdb_full_13522 E 1 2 3 4 5 6 7 8 9
vdjdb_full_13522 A 28 29 30 31 48 49 50 51 55 56 95 96 97 98 99 100 101 102
vdjdb_full_13522 B 30 31 92 93 94 95 96 97 98 99 100
vdjdb_full_13527 E 1 2 3 4 5 6 7 8 9
vdjdb_full_13527 A 28 30 95 96 97 98 99 100 101 102 103
vdjdb_full_13527 B 28 29 30 31 32 51 92 93 94 95 96 97
vdjdb_full_13526 E 1 2 3 4 5 6 7 8 9
vdjdb_full_13526 A 96 97 98 99 100 101 102 103
vdjdb_full_13526 B 28 29 30 31 32 51 92 93 94 95 96 97 98 99
vdjdb_full_13528 E 1 2 3 4 5 6 7 8 9
vdjdb_full_13528 A 30 31 48 50 51 55 56 95 96 97 98 99 100 101 102
vdjdb_full_13528 B 28 29 30 31 32 33 51 91 92 93 94 95 96 97 98
vdjdb_full_13530 E 1 2 3 4 5 6 7 8 9
vdjdb_full_13530 A 30 31 50 51 95 96 97 98 99 100 101
vdjdb_full_13530 B 28 29 30 31 32 93 94 95 96 97 98 99 100
vdjdb_full_13532 E 1 2 3 4 5 6 7 8 9
vdjdb_full_13532 A 30 50 95 96 97 98 99 100 101
vdjdb_full_13532 B 29 31 32 51 93 94 95 96 97 98
vdjdb_full_13536 E 1 2 3 4 5 6 7 8 9
vdjdb_full_13536 A 30 95 96 97 98 99 100 101 102 103
vdjdb_full_13536 B 28 29 30 31 32 51 92 93 94 95 96 97
vdjdb_full_13534 E 1 2 3 4 5 6 7 8 9
vdjdb_full_13534 A 28 29 30 31 50 51 94 95 96 97 98 99 100
vdjdb_full_13534 B 28 29 30 31 32 51 92 93 94 95 96
vdjdb_full_13542 E 1 2 3 4 5 6 7 8 9
vdjdb_full_13542 A 30 95 96 97 98 99 100 101 102 103
vdjdb_full_13542 B 28 29 30 31 32 51 92 93 94 95 96
vdjdb_full_13531 E 1 2 3 4 5 6 7 8 9
vdjdb_full_13531 A 30 50 95 96 97 98 99
vdjdb_full_13531 B 28 29 30 31 32 96 97 98 99 100 101 102 103 104
vdjdb_full_13535 E 1 2 3 4 5 6 7 8 9
vdjdb_full_13535 A 28 30 31 50 51 55 95 96 97 98 99 100 101
vdjdb_full_13535 B 29 31 32 92 93 94 95 96
vdjdb_full_13544 E 1 2 3 4 5 6 7 8 9
vdjdb_full_13544 A 29 31 32 97 98 99 100 101 102 103
vdjdb_full_13544 B 28 29 30 31 32 51 91 92 93 94 95
vdjdb_full_13549 E 1 2 3 4 5 6 7 8 9
vdjdb_full_13549 A 30 95 96 97 98 99 100 101 102 103
vdjdb_full_13549 B 28 29 30 31 32 51 92 93 94 95 96
vdjdb_full_13537 E 1 2 3 4 5 6 7 8 9
vdjdb_full_13537 A 28 30 95 96 97 98 99 100 101 102 103
vdjdb_full_13537 B 28 29 30 31 32 51 92 93 94 95 96
vdjdb_full_13548 E 1 2 3 4 5 6 7 8 9
vdjdb_full_13548 A 95 96 97 98 99 100 101 102 103
vdjdb_full_13548 B 28 29 30 31 32 51 92 93 94 95 96 97
vdjdb_full_13543 E 1 2 3 4 5 6 7 8 9
vdjdb_full_13543 A 30 95 96 97 98 99 100 101 102 103
vdjdb_full_13543 B 28 29 30 31 32 51 92 93 94 95 96 97
vdjdb_full_13547 E 1 2 3 4 5 6 7 8 9
vdjdb_full_13547 A 29 30 31 32 48 49 50 51 52 53 54 55 56 69 70 71 72 73 96 97 98 99
vdjdb_full_13547 B 97 98 99 100 101 102
vdjdb_full_13551 E 1 2 3 4 5 6 7 8 9
vdjdb_full_13551 A 30 95 96 97 98 99 100 101 102 103
vdjdb_full_13551 B 28 29 30 31 32 51 92 93 94 95 96 97
vdjdb_full_13555 E 1 2 3 4 5 6 7 8 9
vdjdb_full_13555 A 30 95 96 97 98 99 100 101 102 103
vdjdb_full_13555 B 28 29 30 31 32 51 92 93 94 95 96 97
vdjdb_full_13546 E 1 2 3 4 5 6 7 8 9
vdjdb_full_13546 A 30 95 96 97 98 99 100 101 102 103
vdjdb_full_13546 B 28 29 30 31 32 51 92 93 94 95 96 97
vdjdb_full_13562 E 1 2 3 4 5 6 7 8 9
vdjdb_full_13562 A 28 29 30 31 50 51 71 94 95 96 97 98 99 100 101 102 103
vdjdb_full_13562 B 29 94 95 96 97 98 99 100
vdjdb_full_13553 E 1 2 3 4 5 6 7 8 9
vdjdb_full_13553 A 28 30 95 96 97 98 99 100 101 102 103
vdjdb_full_13553 B 28 29 30 31 32 51 92 93 94 95 96 97 98
vdjdb_full_13566 E 1 2 3 4 5 6 7 8 9
vdjdb_full_13566 A 28 30 50 95 96 97 98 99 100 101
vdjdb_full_13566 B 27 28 29 30 31 91 92 93 94 95 96 97
vdjdb_full_13567 E 1 2 3 4 5 6 7 8 9
vdjdb_full_13567 A 28 29 30 31 50 51 55 95 96 97 98 99
vdjdb_full_13567 B 28 29 30 31 93 94 95 96 97 98 99 100 101
vdjdb_full_13577 E 1 2 3 4 5 6 7 8 9
vdjdb_full_13577 A 28 29 30 31 50 51 55 94 95 96 97 98 99 100 101
vdjdb_full_13577 B 29 30 32 92 93 94 95 96 97
vdjdb_full_13586 E 1 2 3 4 5 6 7 8 9
vdjdb_full_13586 A 28 29 30 31 50 51 55 56 94 95 96 97 98 99 100 101 102
vdjdb_full_13586 B 28 29 30 31 32 93 94 95 96 97 98 99
vdjdb_full_13584 E 1 2 3 4 5 6 7 8 9
vdjdb_full_13584 A 28 29 30 31 32 49 50 51 52 54 71 94 95 96 97
vdjdb_full_13584 B 30 92 93 94 95 96 97 98
vdjdb_full_13565 E 1 2 3 4 5 6 7 8 9
vdjdb_full_13565 A 28 29 30 31 50 51 55 56 94 95 96 97 98 99 100 101 102 103 104
vdjdb_full_13565 B 31 91 92 93 94 95 96
vdjdb_full_13595 E 1 2 3 4 5 6 7 8 9
vdjdb_full_13595 A 28 30 31 50 96 97 98 99 100 101 102 103 104
vdjdb_full_13595 B 92 93 94 95 96 97 98
vdjdb_full_13594 E 1 2 3 4 5 6 7 8 9
vdjdb_full_13594 A 27 28 29 30 31 50 51 94 95 96 97 98 99 100 101
vdjdb_full_13594 B 96 97 98 99 100
vdjdb_full_13592 E 1 2 3 4 5 6 7 8 9
vdjdb_full_13592 A 28 29 30 31 49 50 51 55 95 96 97 98 99 100 101 102 103 104 105
vdjdb_full_13592 B 28 29 30 31 92 93 94 95
vdjdb_full_13642 E 1 2 3 4 5 6 7 8 9
vdjdb_full_13642 A 30 31 49 50 51 53 54 55 56 96 97 98 103
vdjdb_full_13642 B 27 92 93 94 95 96 97 98 99 100 101
vdjdb_full_13609 E 1 2 3 4 5 6 7 8 9
vdjdb_full_13609 A 50 55 97 98 99 100
vdjdb_full_13609 B 27 28 29 30 31 91 92 93 94 95 96 97
vdjdb_full_13638 E 1 2 3 4 5 6 7 8 9
vdjdb_full_13638 A 30 31 49 50 51 53 54 55 56 95 96 97 98 99 100
vdjdb_full_13638 B 93 94 95 96 97
vdjdb_full_1360 E 1 2 3 4 5 6 7 8 9
vdjdb_full_1360 A 28 29 30 50 94 95 96 97 98 99 100 101
vdjdb_full_1360 B 92 93 94 95 96
vdjdb_full_13619 E 1 2 3 4 5 6 7 8 9
vdjdb_full_13619 A 2 25 26 27 28 29 30 31 94 95 96 97 98 100
vdjdb_full_13619 B 94 95 96 97 98 100
vdjdb_full_13649 E 1 2 3 4 5 6 7 8 9
vdjdb_full_13649 A 27 28 29 30 31 50 51 94 95 96 97 98 99 100 101
vdjdb_full_13649 B 31 32 96 97 98 99 100
vdjdb_full_13652 E 1 2 3 4 5 6 7 8 9
vdjdb_full_13652 A 31 98 99 100 101 102 103 104
vdjdb_full_13652 B 27 28 29 30 91 92 93 94 95 96 97 98 99 100 101
vdjdb_full_13601 E 1 2 3 4 5 6 7 8 9
vdjdb_full_13601 A 27 28 29 30 31 49 50 51 52 54 94 95 96 97 98 99 100
vdjdb_full_13601 B 93 94 95 96 97 98 99
vdjdb_full_13656 E 1 2 3 4 5 6 7 8 9
vdjdb_full_13656 A 96 97 98 99 100 101 102
vdjdb_full_13656 B 27 28 29 30 31 92 93 94 95 96 97
vdjdb_full_13666 E 1 2 3 4 5 6 7 8 9
vdjdb_full_13666 A 30 31 50 51 54 55 56 94 95 96 97 98 99 100
vdjdb_full_13666 B 30 92 93 94 95 96 97 98 99 100
vdjdb_full_13650 E 1 2 3 4 5 6 7 8 9
vdjdb_full_13650 A 30 31 49 50 51 52 53 54 55 95 96 97 98
vdjdb_full_13650 B 95 96 97 98 99
vdjdb_full_13610 E 1 2 3 4 5 6 7 8 9
vdjdb_full_13610 A 96 97 98 99 100 101 102 104
vdjdb_full_13610 B 31 96 97 98 99 100 101 102 103
vdjdb_full_13654 E 1 2 3 4 5 6 7 8 9
vdjdb_full_13654 A 30 50 55 96 97 98 99 100 102 103
vdjdb_full_13654 B 28 29 30 31 32 33 95 96 97 98 99 100
vdjdb_full_13674 E 1 2 3 4 5 6 7 8 9
vdjdb_full_13674 A 28 29 30 31 32 49 50 51 53 95 96 97 98 99 100 101
vdjdb_full_13674 B 27 28 29 30 31 32 51 91 92 93 94 95 96 97 98
vdjdb_full_13682 E 1 2 3 4 5 6 7 8 9
vdjdb_full_13682 A 28 29 30 31 50 55 95 96 97 98 99 100 101 102
vdjdb_full_13682 B 29 31 32 93 94 95 96 97 98 99 100
vdjdb_full_13668 E 1 2 3 4 5 6 7 8 9
vdjdb_full_13668 A 28 30 31 50 94 95 96 97 98 99 100 101 102 103 104
vdjdb_full_13668 B 27 28 29 30 31 91 92 93 94 95
vdjdb_full_13680 E 1 2 3 4 5 6 7 8 9
vdjdb_full_13680 A 28 29 30 31 50 94 95 96 97 98 99 100 101 102
vdjdb_full_13680 B 29 30 94 95 96 97 98 99 100 101
vdjdb_full_13667 E 1 2 3 4 5 6 7 8 9
vdjdb_full_13667 A 27 28 29 30 31 93 94 95 96 97 98 99 100 101 102 103
vdjdb_full_13667 B 31 32 92 94 95 96
vdjdb_full_13691 E 1 2 3 4 5 6 7 8 9 10
vdjdb_full_13691 A 28 29 30 31 50 95 96 97 98 99 100 101 102 103
vdjdb_full_13691 B 29 31 32 95 96 97 98 99 100 101 102 103
vdjdb_full_13694 E 1 2 3 4 5 6 7 8 9 10
vdjdb_full_13694 A 28 30 31 50 95 96 97 98 99 100 101 102 103 104
vdjdb_full_13694 B 30 93 94 95 96 97 98 99
vdjdb_full_13696 E 1 2 3 4 5 6 7 8 9 10
vdjdb_full_13696 A 27 28 29 30 31 50 51 93 94 95 96 97 98 99 100 101
vdjdb_full_13696 B 30 92 94 95 96 97
vdjdb_full_13702 E 1 2 3 4 5 6 7 8 9 10
vdjdb_full_13702 A 55 56
vdjdb_full_13702 B 95 96 97 98
vdjdb_full_13718 E 1 2 3 4 5 6 7 8 9 10
vdjdb_full_13718 A 28 29 30 31 32 49 50 51 95 96 97 98 99 100 101 102 103 104
vdjdb_full_13718 B 95 96 97 98 99 100 101 102
vdjdb_full_13714 E 1 2 3 4 5 6 7 8 9 10
vdjdb_full_13714 A 28 30 31 95 96 97 98 99 100 101 102 103 104 105
vdjdb_full_13714 B 32 51 94 95 96 97 98 99 100 101
vdjdb_full_13704 E 1 2 3 4 5 6 7 8 9 10
vdjdb_full_13704 A 27 28 29 30 31 50 51 94 95 96 97 98 99 100 101 103 104
vdjdb_full_13704 B 94 95 96 97 98 99
vdjdb_full_13707 E 1 2 3 4 5 6 7 8 9 10
vdjdb_full_13707 A 27 28 29 30 31 49 50 51 94 95 96 97 98 99 100 101 102
vdjdb_full_13707 B 31 95 96 97 98 99 100 101 102 103
vdjdb_full_13719 E 1 2 3 4 5 6 7 8 9 10
vdjdb_full_13719 A 28 29 30 31 32 49 50 51 94 95 96 97 98 99 100 101
vdjdb_full_13719 B 95 96 97 98 99 100 101 102
vdjdb_full_13724 E 1 2 3 4 5 6 7 8 9 10
vdjdb_full_13724 A 28 29 30 31 32 49 50 51 55 95 96 97 98 99 100 101 102 103
vdjdb_full_13724 B 30 93 94 95 96 97 98 99 100
vdjdb_full_13733 E 1 2 3 4 5 6 7 8 9 10
vdjdb_full_13733 A 27 28 29 30 31 50 51 52 71 94 95 96 97 98 99 100 101
vdjdb_full_13733 B 29 30 31 32 93 94 95 96 97 98 99 100
vdjdb_full_13739 E 1 2 3 4 5 6 7 8 9 10
vdjdb_full_13739 A 28 30 31 50 95 96 97 98 99 100 101 102 103 104
vdjdb_full_13739 B 29 31 95 96 97 98 99 100 101 102
vdjdb_full_13720 E 1 2 3 4 5 6 7 8 9 10
vdjdb_full_13720 A 28 29 30 31 32 48 49 50 51 52 53 54 55 56 72 95 96 97 98 99 100 101
vdjdb_full_13720 B 30 31 32 95 96 97 98 99 100 101 102 103
vdjdb_full_13754 E 1 2 3 4 5 6 7 8 9 10
vdjdb_full_13754 A 28 29 30 31 94 95 96 97 98 99 100 101 102
vdjdb_full_13754 B 29 30 31 32 93 94 95 96 97
vdjdb_full_13737 E 1 2 3 4 5 6 7 8 9 10
vdjdb_full_13737 A 28 29 30 31 50 51 95 96 97 98 99 100 101 102 103
vdjdb_full_13737 B 30 93 94 95 96 97 98 99
vdjdb_full_13731 E 1 2 3 4 5 6 7 8 9 10
vdjdb_full_13731 A 28 30 31 32 48 49 50 51 55 56 95 96 97 98 99 100 101 102 103 104
vdjdb_full_13731 B 29 31 94 95 96 97 98 99 100 101
vdjdb_full_13779 E 1 2 3 4 5 6 7 8 9 10
vdjdb_full_13779 A 30 31 50 51 95 96 97 98 99 100
vdjdb_full_13779 B 26 27 28 29 30 31 50 51 66 91 92 93 94 95
vdjdb_full_13749 E 1 2 3 4 5 6 7 8 9 10
vdjdb_full_13749 A 28 29 30 31 49 50 51 95 96 97 98 99 100 101 102 103 104
vdjdb_full_13749 B 30 93 94 95 96 97 98 99 100
vdjdb_full_13780 E 1 2 3 4 5 6 7 8 9 10
vdjdb_full_13780 A 28 29 30 31 32 49 50 51 55 94 95 96 97 98 99 100 101 103
vdjdb_full_13780 B 27 28 29 30 31 51 91 92 93 94 95 96
vdjdb_full_13773 E 1 2 3 4 5 6 7 8 9 10
vdjdb_full_13773 A 28 29 30 31 49 50 51 95 96 97 98 99 100 102 103
vdjdb_full_13773 B 30 93 94 95 96 97 98 99
vdjdb_full_13793 E 1 2 3 4 5 6 7 8 9 10
vdjdb_full_13793 A 27 28 29 30 31 32 49 50 51 52 54 94 95 96 97 98 99 100 101 102
vdjdb_full_13793 B 96 97 98 99 100 101
vdjdb_full_13791 E 1 2 3 4 5 6 7 8 9 10
vdjdb_full_13791 A 27 28 29 30 31 49 50 51 52 94 95 96 97 98 99 100
vdjdb_full_13791 B 29 30 31 32 33 52 53 54 95 96 97 98 99 101 102 103
vdjdb_full_13794 E 1 2 3 4 5 6 7 8 9 10
vdjdb_full_13794 A 28 29 30 31 32 49 50 51 95 96 97 98 99 100 101 102 103 104 105 106
vdjdb_full_13794 B 95 96 97 98 99 100 101
vdjdb_full_13761 E 1 2 3 4 5 6 7 8 9 10
vdjdb_full_13761 A 27 28 29 30 31 49 50 51 52 54 94 95 96 97 98 99 100 101
vdjdb_full_13761 B 93 94 95 96 97 98 99
vdjdb_full_13797 E 1 2 3 4 5 6 7 8 9 10
vdjdb_full_13797 A 30 31 49 50 55 95 96 97 98 99 100 101 102
vdjdb_full_13797 B 30 92 93 94 95 96 97 98 99 100
vdjdb_full_13774 E 1 2 3 4 5 6 7 8 9 10
vdjdb_full_13774 A 27 28 29 30 31 32 49 50 51 52 94 95 96 97 98 99 100 101
vdjdb_full_13774 B 95 96 97 98 99 100 101
vdjdb_full_13812 E 1 2 3 4 5 6 7 8 9 10
vdjdb_full_13812 A 28 29 31 32 97 98 99 100 101 102 103 104 105 106
vdjdb_full_13812 B 28 29 30 31 50 91 92 93 94 95 96 97 98 99
vdjdb_full_13804 E 1 2 3 4 5 6 7 8 9 10
vdjdb_full_13804 A 28 30 31 95 96 97 98 99 100 101 102 103 104
vdjdb_full_13804 B 29 31 95 96 97 98 99 100 101 102
vdjdb_full_13815 E 1 2 3 4 5 6 7 8 9 10
vdjdb_full_13815 A 30 96 97 98 99 100 101 102 103
vdjdb_full_13815 B 30 31 32 51 94 95 96 97 98 99 100 101 102
vdjdb_full_13814 E 1 2 3 4 5 6 7 8 9 10
vdjdb_full_13814 A 28 29 30 31 32 49 50 51 55 94 95 96 97 98 99 100 101 102 103
vdjdb_full_13814 B 29 30 94 95 96 97 98 99 100 101 102
vdjdb_full_13816 E 1 2 3 4 5 6 7 8 9 10
vdjdb_full_13816 A 28 30 31 50 55 95 96 97 98 99 100 101
vdjdb_full_13816 B 29 30 31 32 91 92 93 94 95 96
vdjdb_full_13817 E 1 2 3 4 5 6 7 8 9 10
vdjdb_full_13817 A 28 29 30 31 32 49 50 51 53 55 95 96 97 98 99 100 102
vdjdb_full_13817 B 29 31 32 93 94 95 96 97 98
vdjdb_full_13820 E 1 2 3 4 5 6 7 8 9 10
vdjdb_full_13820 A 28 30 31 50 95 96 97 98 99 100 101 102 103 104
vdjdb_full_13820 B 30 93 94 95 96 97 98 99
vdjdb_full_13822 E 1 2 3 4 5 6 7 8 9 10
vdjdb_full_13822 A 28 30 31 49 50 55 95 96 97 98 99 100 101 102 103 104
vdjdb_full_13822 B 29 31 95 96 97 98 99 100 101 102 103
vdjdb_full_13825 E 1 2 3 4 5 6 7 8 9 10
vdjdb_full_13825 A 27 28 29 30 31 50 51 95 96 97 98 99 100 101 102
vdjdb_full_13825 B 27 28 29 30 31 50 91 92 93 94 95 96 97 98 99
vdjdb_full_13819 E 1 2 3 4 5 6 7 8 9 10
vdjdb_full_13819 A 30 31 49 50 51 55 95 96 97 98 99 100 101 102
vdjdb_full_13819 B 2 27 28 29 30 31 32 33 48 49 50 68 69 90 91 92 93 94 95 96
vdjdb_full_13810 E 1 2 3 4 5 6 7 8 9 10
vdjdb_full_13810 A 28 30 31 50 55 95 96 97 98 99 100 101 102 103 104 105
vdjdb_full_13810 B 95 96 97 98 99 100 101
vdjdb_full_13832 E 1 2 3 4 5 6 7 8 9 10
vdjdb_full_13832 A 27 28 29 30 31 49 50 51 94 95 96 97 98 99 100 101
vdjdb_full_13832 B 95 96 97 98 99 100 101
vdjdb_full_13840 E 1 2 3 4 5 6 7 8 9 10
vdjdb_full_13840 A 28 29 30 31 49 50 51 94 95 96 97 98 99 100 101 102 103 104 105
vdjdb_full_13840 B 29 31 32 51 93 94 95 96 97
vdjdb_full_13836 E 1 2 3 4 5 6 7 8 9 10
vdjdb_full_13836 A 28 29 30 31 51 95 96 97 98 99 100 101
vdjdb_full_13836 B 30 95 96 97 98 99 100 101
vdjdb_full_13823 E 1 2 3 4 5 6 7 8 9 10
vdjdb_full_13823 A 28 29 30 31 32 49 50 51 55 95 96 97 98 99 100 101 102 103 104
vdjdb_full_13823 B 93 94 95 96 97 98 99 100
vdjdb_full_13871 E 1 2 3 4 5 6 7 8 9 10
vdjdb_full_13871 A 31 50 55 56 94 95 96 97 98 99 100 101 103
vdjdb_full_13871 B 26 27 28 29 30 31 50 91 92 93 94 95 96 97 98 99 100
vdjdb_full_13874 E 1 2 3 4 5 6 7 8 9 10
vdjdb_full_13874 A 28 29 30 31 50 51 94 95 96 97 98 99 100 101
vdjdb_full_13874 B 28 29 30 31 32 33 52 54 95 96 97 98 99 100 103
vdjdb_full_13841 E 1 2 3 4 5 6 7 8 9 10
vdjdb_full_13841 A 28 30 31 50 95 96 97 98 99 100 101 102 103
vdjdb_full_13841 B 30 93 94 95 96 97 98 99
vdjdb_full_13857 E 1 2 3 4 5 6 7 8 9 10
vdjdb_full_13857 A 27 28 29 30 31 50 51 52 71 94 95 96 97 98 99 100
vdjdb_full_13857 B 29 30 94 95 96 97 98 99 100
vdjdb_full_13847 E 1 2 3 4 5 6 7 8 9 10
vdjdb_full_13847 A 94 95 96 97 98 99 100 101 102 103
vdjdb_full_13847 B 28 29 30 31 32 51 91 92 93 94 95 96 97 98
vdjdb_full_13910 E 1 2 3 4 5 6 7 8 9
vdjdb_full_13910 A 30 51 95 96 97 98 99
vdjdb_full_13910 B 28 29 30 31 32 51 92 93 94 95 96
vdjdb_full_13886 E 1 2 3 4 5 6 7 8 9
vdjdb_full_13886 A 29 30 31 32 50 51 52 94 95 96 97
vdjdb_full_13886 B 27 28 29 30 31 32 50 68 69 91 92 93 94 95 96 97
vdjdb_full_13901 E 1 2 3 4 5 6 7 8 9
vdjdb_full_13901 A 29 30 31 32 50 51 52 94 95 96 97 98
vdjdb_full_13901 B 1 2 27 28 29 30 31 91 92 93 94 95 96 97
vdjdb_full_13899 E 1 2 3 4 5 6 7 8 9
vdjdb_full_13899 A 30 95 96 97 98 99
vdjdb_full_13899 B 28 29 30 31 32 51 92 93 94 95 96 99 100 101 102
vdjdb_full_13904 E 1 2 3 4 5 6 7 8 9
vdjdb_full_13904 A 28 30 31 50 95 96 97 98 99 100 101 102 103 104 105 106
vdjdb_full_13904 B 28 29 30 31 32 51 92 93 94 95 96
vdjdb_full_1392 E 1 2 3 4 5 6 7 8 9
vdjdb_full_1392 A 28 29 30 31 32 49 50 51 52 71 93 94 95 96 97 98
vdjdb_full_1392 B 28 29 30 31 32 92 93 94 95 96
vdjdb_full_13914 E 1 2 3 4 5 6 7 8 9
vdjdb_full_13914 A 95 96 97 98 99 100 101
vdjdb_full_13914 B 29 30 31 32 51 92 93 94 95 96 97 98
vdjdb_full_1394 E 1 2 3 4 5 6 7 8 9
vdjdb_full_1394 A 28 29 30 31 50 51 55 94 95 96 97 98 99 100 101
vdjdb_full_1394 B 96 97 98 99 100 101 102 103 104
vdjdb_full_14 E 1 2 3 4 5 6 7 8 9
vdjdb_full_14 A 30 31 32 48 49 50 51 52 53 54 55 56 95 96 97
vdjdb_full_14 B 95 96 97 98 99 100 101 102 103
vdjdb_full_13948 E 1 2 3 4 5 6 7 8 9
vdjdb_full_13948 A 28 29 30 31 48 50 55 56 95 96 97 98 99 100 101
vdjdb_full_13948 B 29 30 31 32 93 94 95 96 97 98
vdjdb_full_13990 E 1 2 3 4 5 6 7 8 9
vdjdb_full_13990 A 27 28 29 30 31 96 97 98 99 100
vdjdb_full_13990 B 29 94 95 96 97 98 99 100 101
vdjdb_full_13967 E 1 2 3 4 5 6 7 8 9
vdjdb_full_13967 A 27 28 29 30 31 50 51 94 95 96 97 98 99
vdjdb_full_13967 B 28 29 30 31 32 51 92 93 94 95 96 97 98 99 100 101
vdjdb_full_14053 E 1 2 3 4 5 6 7 8 9
vdjdb_full_14053 A 28 29 30 31 32 49 50 51 55 95 96 97 98 99 101 102 103
vdjdb_full_14053 B 31 32 95 96 97 98 99 100 101 102
vdjdb_full_14083 E 1 2 3 4 5 6 7 8 9
vdjdb_full_14083 A 95 96 97 98 99 100 101 102
vdjdb_full_14083 B 28 29 30 31 32 33 95 96 97 98 99 100
vdjdb_full_14031 E 1 2 3 4 5 6 7 8 9
vdjdb_full_14031 A 30 31 49 50 51 94 95 96 97 98 99 100
vdjdb_full_14031 B 92 93 94 95 96 97 98
vdjdb_full_14102 E 1 2 3 4 5 6 7 8 9
vdjdb_full_14102 A 28 29 30 31 50 51 55 95 96 97 98 99 100 101 102 103
vdjdb_full_14102 B 27 28 29 30 31 91 92 93 94 95 96 97
vdjdb_full_141 E 1 2 3 4 5 6 7 8 9
vdjdb_full_141 A 28 29 30 31 50 51 95 96 97 98 99 100 101 102
vdjdb_full_141 B 29 31 94 95 96 97 98 99
vdjdb_full_14088 E 1 2 3 4 5 6 7 8 9
vdjdb_full_14088 A 95 96 97 98 99 100 101 102 103
vdjdb_full_14088 B 27 28 29 30 31 32 33 94 95 96 97 98 99 100 101 102
vdjdb_full_14138 E 1 2 3 4 5 6 7 8 9
vdjdb_full_14138 A 28 29 30 31 50 55 95 96 97 98 99 100 102 103
vdjdb_full_14138 B 29 31 32 92 93 94 95 96 97
vdjdb_full_14296 E 1 2 3 4 5 6 7 8 9
vdjdb_full_14296 A 28 29 30 31 50 55 95 96 97 98 99 100 101
vdjdb_full_14296 B 29 30 31 32 33 95 96 97 98 99 100 101 102
vdjdb_full_14146 E 1 2 3 4 5 6 7 8 9
vdjdb_full_14146 A 28 29 30 31 50 51 55 56 94 95 96 97 98 99
vdjdb_full_14146 B 29 31 32 93 94 95 96 97 98 99
vdjdb_full_14159 E 1 2 3 4 5 6 7 8 9
vdjdb_full_14159 A 48 49 50 51 52 53 54 55 56 57 58 96 98 99
vdjdb_full_14159 B 93 94 96 97
vdjdb_full_14202 E 1 2 3 4 5 6 7 8 9
vdjdb_full_14276 E 1 2 3 4 5 6 7 8 9
vdjdb_full_14276 A 28 29 30 31 50 51 55 56 94 95 96 97 98 99 101 103
vdjdb_full_14276 B 28 29 30 31 32 33 51 91 92 93 94 95 96 97 98
vdjdb_full_14297 E 1 2 3 4 5 6 7 8 9
vdjdb_full_14297 A 50 51 54 55 56 96 97 98 99
vdjdb_full_14297 B 28 29 30 31 32 52 53 93 94 95 96 97 98 99 100 101 102
vdjdb_full_1439 E 1 2 3 4 5 6 7 8 9
vdjdb_full_1439 A 28 29 30 31 48 49 50 51 52 53 54 55 56 69 70 71 72 97 98 99 100
vdjdb_full_1439 B 29 30 95 96 97 98 99 100
vdjdb_full_14475 E 1 2 3 4 5 6 7 8 9
vdjdb_full_14475 A 28 29 30 31 50 55 56 95 96 97 98 99 100
vdjdb_full_14475 B 29 30 31 32 93 94 95 96 97 98 99 100
vdjdb_full_14371 E 1 2 3 4 5 6 7 8 9
vdjdb_full_14371 A 30 50 95 96 97 98 99 100
vdjdb_full_14371 B 29 30 31 32 95 96 97 98 99 100 101 102 103
vdjdb_full_14392 E 1 2 3 4 5 6 7 8 9
vdjdb_full_14392 A 28 29 30 31 50 51 55 56 94 95 96 97 98 99 100 101
vdjdb_full_14392 B 29 31 32 93 94 95 96 97 98 99
vdjdb_full_14548 E 1 2 3 4 5 6 7 8 9
vdjdb_full_14548 A 28 29 30 31 50 51 94 95 96 97 98 99 100
vdjdb_full_14548 B 28 29 30 31 32 33 95 96 97 98 99 100
vdjdb_full_14524 E 1 2 3 4 5 6 7 8 9
vdjdb_full_14524 A 95 96 97 98 99 103 104 105 106 107
vdjdb_full_14524 B 27 28 29 30 31 50 91 92 93 94 95 96 97
vdjdb_full_14372 E 1 2 3 4 5 6 7 8 9
vdjdb_full_14372 A 28 29 30 31 32 49 50 51 72 95 96 97 98 99 100
vdjdb_full_14372 B 27 28 29 30 31 32 92 93 94 95 96 97 98 99
vdjdb_full_14511 E 1 2 3 4 5 6 7 8 9
vdjdb_full_14511 A 28 29 30 31 32 48 49 50 51 52 55 95 96 97 98 99 100 101
vdjdb_full_14511 B 28 29 30 31 32 33 91 92 93 94 95 96
vdjdb_full_14409 E 1 2 3 4 5 6 7 8 9
vdjdb_full_14409 A 27 28 29 30 31 32 49 50 51 52 54 71 72 93 94 95 96
vdjdb_full_14409 B 29 30 32 94 95 96 97 98 99 100
vdjdb_full_14576 E 1 2 3 4 5 6 7 8 9
vdjdb_full_14576 A 30 31 49 50 51 55 94 95 96 97 98 99 100
vdjdb_full_14576 B 95 96 97 98 99 100
vdjdb_full_14602 E 1 2 3 4 5 6 7 8 9
vdjdb_full_14602 A 28 29 30 31 96 97 98 99 100 101 102
vdjdb_full_14602 B 29 30 31 32 91 92 93 94 95 96 97
vdjdb_full_14593 E 1 2 3 4 5 6 7 8 9
vdjdb_full_14593 A 28 29 30 31 50 55 95 96 97 98 99 100 101 102
vdjdb_full_14593 B 29 30 31 50 92 93 94 95 96 97
vdjdb_full_14549 E 1 2 3 4 5 6 7 8 9
vdjdb_full_14549 A 27 28 29 30 31 50 94 95 96 97 98 99 100
vdjdb_full_14549 B 94 95 96 97 98 99 100
vdjdb_full_14572 E 1 2 3 4 5 6 7 8 9
vdjdb_full_14572 A 28 29 30 31 50 51 55 56 94 95 96 97 98 99 100 101
vdjdb_full_14572 B 1 27 28 29 30 31 50 90 91 92 93 94 95 96 97
vdjdb_full_14616 E 1 2 3 4 5 6 7 8 9
vdjdb_full_14616 A 27 28 29 30 31 51 94 95 96 97 98 99 100 101 102
vdjdb_full_14616 B 29 30 31 32 93 94 95 96 97 98 99
vdjdb_full_14622 E 1 2 3 4 5 6 7 8 9
vdjdb_full_14622 A 30 50 95 96 97 98 99 100 101
vdjdb_full_14622 B 29 95 96 97 98 99
vdjdb_full_14615 E 1 2 3 4 5 6 7 8 9
vdjdb_full_14615 A 27 28 29 31 32 97 98 99 100 101 102 103 105
vdjdb_full_14615 B 31 96 97 98 99 100 101 102
vdjdb_full_14621 E 1 2 3 4 5 6 7 8 9
vdjdb_full_14621 A 28 29 30 31 50 51 55 94 95 96 97 98 99 100
vdjdb_full_14621 B 27 28 29 30 31 87 88 89 90 92 93 94 95 96
vdjdb_full_14562 E 1 2 3 4 5 6 7 8 9
vdjdb_full_14562 A 29 30 32 94 95 96 97 98 99 100 101
vdjdb_full_14562 B 29 30 31 32 51 93 94 95 96 97 98
vdjdb_full_14630 E 1 2 3 4 5 6 7 8 9
vdjdb_full_14630 A 28 29 30 31 50 51 55 95 96 97 98 99 100
vdjdb_full_14630 B 28 29 30 31 32 91 92 93 94 95
vdjdb_full_14631 E 1 2 3 4 5 6 7 8 9
vdjdb_full_14631 A 28 29 30 31 96 97 98 99 100 101 102
vdjdb_full_14631 B 32 51 94 95 96 97 98 99 100 101
vdjdb_full_14624 E 1 2 3 4 5 6 7 8 9
vdjdb_full_14624 A 28 29 30 31 50 51 55 95 96 97 98 99 100
vdjdb_full_14624 B 27 28 29 30 31 32 90 91 92 93
vdjdb_full_14620 E 1 2 3 4 5 6 7 8 9
vdjdb_full_14620 A 28 30 50 94 95 96 97 98 99 100 101
vdjdb_full_14620 B 29 95 96 97 98 99 100
vdjdb_full_14633 E 1 2 3 4 5 6 7 8 9
vdjdb_full_14633 A 28 30 31 48 49 50 51 53 54 55 56 96 97 98 99 100 101 102 103 104 105
vdjdb_full_14633 B 94 95 96 97
vdjdb_full_14635 E 1 2 3 4 5 6 7 8 9
vdjdb_full_14635 A 30 50 94 95 96 97 98 99 100 101 102
vdjdb_full_14635 B 29 30 95 96 97 98 99
vdjdb_full_14637 E 1 2 3 4 5 6 7 8 9
vdjdb_full_14637 A 27 28 29 30 31 50 51 94 95 96 97 98 99 100 101 102
vdjdb_full_14637 B 31 32 93 94 95 96 97 98 99 100
vdjdb_full_14638 E 1 2 3 4 5 6 7 8 9
vdjdb_full_14638 A 28 30 31 50 51 94 95 96 97 98 99 100 101
vdjdb_full_14638 B 93 94 95 96 97 98
vdjdb_full_14640 E 1 2 3 4 5 6 7 8 9
vdjdb_full_14640 A 50 95 96 97 98 99 100 101
vdjdb_full_14640 B 30 31 32 93 94 95 96 97 98 99
vdjdb_full_14641 E 1 2 3 4 5 6 7 8 9
vdjdb_full_14641 A 28 30 31 50 94 95 96 97 98 99
vdjdb_full_14641 B 29 30 31 32 93 94 95 96 97 98
vdjdb_full_14642 E 1 2 3 4 5 6 7 8 9
vdjdb_full_14642 A 28 30 50 94 95 96 97 98 99 100 101 102
vdjdb_full_14642 B 29 95 96 97 98 99
vdjdb_full_14645 E 1 2 3 4 5 6 7 8 9
vdjdb_full_14645 A 28 30 50 94 95 96 97 98 99
vdjdb_full_14645 B 29 30 31 32 93 94 95 96 97 98 99
vdjdb_full_14644 E 1 2 3 4 5 6 7 8 9
vdjdb_full_14644 A 28 29 30 31 50 51 55 95 96 97 98 99 100
vdjdb_full_14644 B 28 29 30 31 91 92 93 94 95 96
vdjdb_full_14646 E 1 2 3 4 5 6 7 8 9
vdjdb_full_14646 A 28 29 31 32 97 98 99 100 101 102 103 105
vdjdb_full_14646 B 31 97 100 101 102
vdjdb_full_14652 E 1 2 3 4 5 6 7 8 9
vdjdb_full_14652 A 95 96 97 98 99
vdjdb_full_14652 B 27 28 29 30 31 90 91 92 93 94 95 96 97
vdjdb_full_14647 E 1 2 3 4 5 6 7 8 9
vdjdb_full_14647 A 30 31 50 51 95 96 97 98 99 100 101 102 103
vdjdb_full_14647 B 30 92 93 94 95 96 97 98 99
vdjdb_full_14648 E 1 2 3 4 5 6 7 8 9
vdjdb_full_14648 A 28 29 30 31 50 51 55 95 96 97 98 99
vdjdb_full_14648 B 27 28 29 30 31 32 91 92 93 94 95 96
vdjdb_full_14643 E 1 2 3 4 5 6 7 8 9
vdjdb_full_14643 A 30 50 95 96 97 98 99 100 101 102
vdjdb_full_14643 B 29 95 96 97 98 99 100
vdjdb_full_14654 E 1 2 3 4 5 6 7 8 9
vdjdb_full_14654 A 30 31 55 95 96 97 98 99 100 101 102
vdjdb_full_14654 B 27 28 29 30 31 32 91 92 93 94
vdjdb_full_14655 E 1 2 3 4 5 6 7 8 9
vdjdb_full_14655 A 30 55 95 96 97 98 99 100 101 102
vdjdb_full_14655 B 30 32 95 96 97 98 99 100
vdjdb_full_14658 E 1 2 3 4 5 6 7 8 9
vdjdb_full_14658 A 28 29 30 31 50 51 55 56 94 95 96 97 98
vdjdb_full_14658 B 29 30 31 32 93 94 95 96 98 99 100 101
vdjdb_full_14656 E 1 2 3 4 5 6 7 8 9
vdjdb_full_14656 A 27 28 29 30 31 49 50 51 52 71 94 95 96 97 98 99 100 101 102
vdjdb_full_14656 B 93 94 95 96 97
vdjdb_full_14657 E 1 2 3 4 5 6 7 8 9
vdjdb_full_14657 A 28 29 30 31 50 51 55 56 95 96 97 98 99 100 101 102
vdjdb_full_14657 B 27 28 29 30 31 91 92 93 94
vdjdb_full_14661 E 1 2 3 4 5 6 7 8 9
vdjdb_full_14661 A 30 50 95 96 97 98 99 100
vdjdb_full_14661 B 95 96 97 98 99
vdjdb_full_14664 E 1 2 3 4 5 6 7 8 9
vdjdb_full_14664 A 28 29 30 31 50 51 55 95 96 97 98 99 100
vdjdb_full_14664 B 28 29 30 31 91 92 93 94 95 96
vdjdb_full_14667 E 1 2 3 4 5 6 7 8 9
vdjdb_full_14667 A 28 29 30 31 50 51 55 56 95 96 97 98 99 100
vdjdb_full_14667 B 29 30 31 32 91 92 93 94 95 96
vdjdb_full_14669 E 1 2 3 4 5 6 7 8 9
vdjdb_full_14669 A 29 30 31 32 97 98 99 100 101 102 103 104
vdjdb_full_14669 B 97 98 99 100 101 102
vdjdb_full_14673 E 1 2 3 4 5 6 7 8 9
vdjdb_full_14673 A 28 29 30 31 50 51 95 96 97 98 99 100 101 102
vdjdb_full_14673 B 29 30 31 32 51 93 94 95 96 97 98
vdjdb_full_14671 E 1 2 3 4 5 6 7 8 9
vdjdb_full_14671 A 27 28 29 30 31 51 94 95 96 97 98 99 100 101 102
vdjdb_full_14671 B 30 31 50 92 93 94 95 96 98 99 100 101
vdjdb_full_14675 E 1 2 3 4 5 6 7 8 9
vdjdb_full_14675 A 28 29 30 95 96 97 98 99 100
vdjdb_full_14675 B 29 30 31 32 92 93 94 95 96
vdjdb_full_14684 E 1 2 3 4 5 6 7 8 9
vdjdb_full_14684 A 28 29 30 31 48 49 50 51 55 56 95 96 97 98 99 100
vdjdb_full_14684 B 29 30 31 32 93 94 95 96 97
vdjdb_full_14681 E 1 2 3 4 5 6 7 8 9
vdjdb_full_14681 A 28 29 30 31 50 55 95 96 97 98 99 100 101
vdjdb_full_14681 B 30 31 91 92 93 94 95
vdjdb_full_14674 E 1 2 3 4 5 6 7 8 9
vdjdb_full_14674 A 28 29 30 31 50 51 55 94 95 96 97 98
vdjdb_full_14674 B 28 29 30 31 32 91 92 93 94 95
vdjdb_full_14686 E 1 2 3 4 5 6 7 8 9
vdjdb_full_14686 A 28 29 30 31 50 51 55 95 96 97 98 99 100
vdjdb_full_14686 B 28 29 30 31 91 92 93 94 95 96
vdjdb_full_14680 E 1 2 3 4 5 6 7 8 9
vdjdb_full_14680 A 28 29 30 31 49 50 51 55 94 95 96 97 98 99 100
vdjdb_full_14680 B 27 28 29 30 31 32 52 93 94 95 96
vdjdb_full_14688 E 1 2 3 4 5 6 7 8 9
vdjdb_full_14688 A 28 29 30 31 49 50 51 54 55 56 94 95 96 97
vdjdb_full_14688 B 31 96 97 98 99 100 101
vdjdb_full_14682 E 1 2 3 4 5 6 7 8 9
vdjdb_full_14682 A 30 50 95 96 97 98 99 100 101 102
vdjdb_full_14682 B 28 29 30 32 94 95 96 97 98 99 100
vdjdb_full_14678 E 1 2 3 4 5 6 7 8 9
vdjdb_full_14678 A 28 29 30 31 49 50 51 94 95 96 97 98 99 100 101
vdjdb_full_14678 B 95 96 97 98 99 100
vdjdb_full_14687 E 1 2 3 4 5 6 7 8 9
vdjdb_full_14687 A 95 96 97 98 99 100 101 104
vdjdb_full_14687 B 27 28 29 30 31 90 91 92 93 94 95 96 97
vdjdb_full_14689 E 1 2 3 4 5 6 7 8 9
vdjdb_full_14689 A 28 29 30 31 51 94 95 96 97 98 99 100 101 102
vdjdb_full_14689 B 28 29 30 31 32 51 92 93 94 95 96 97
vdjdb_full_14692 E 1 2 3 4 5 6 7 8 9
vdjdb_full_14692 A 28 29 30 31 50 51 55 95 96 97 98 99 100
vdjdb_full_14692 B 29 30 31 32 91 92 93 94 95 96
vdjdb_full_14693 E 1 2 3 4 5 6 7 8 9
vdjdb_full_14693 A 50 95 96 97 98 99 100 101
vdjdb_full_14693 B 30 31 32 93 94 95 96 97 98 99
vdjdb_full_14695 E 1 2 3 4 5 6 7 8 9
vdjdb_full_14695 A 28 29 30 31 50 94 95 96 97 98 99
vdjdb_full_14695 B 29 30 31 32 93 94 95 96 97 98 99
vdjdb_full_14694 E 1 2 3 4 5 6 7 8 9
vdjdb_full_14694 A 28 29 30 31 50 51 94 95 96 97 98 99 100 101 102
vdjdb_full_14694 B 27 28 29 30 31 32 93 94 95 96
vdjdb_full_14718 E 1 2 3 4 5 6 7 8 9
vdjdb_full_14718 A 95 96 97 98 99 100 101 102
vdjdb_full_14718 B 29 30 31 32 91 92 93 94 95 96
vdjdb_full_14696 E 1 2 3 4 5 6 7 8 9
vdjdb_full_14696 A 28 29 30 31 50 94 95 96 97 98 99 100
vdjdb_full_14696 B 29 30 31 32 91 92 93 94 95 96 97 98 99
vdjdb_full_14700 E 1 2 3 4 5 6 7 8 9
vdjdb_full_14700 A 27 28 29 30 31 51 94 95 96 97 98 99 100 101 102
vdjdb_full_14700 B 28 29 30 31 32 93 94 95 96
vdjdb_full_14720 E 1 2 3 4 5 6 7 8 9
vdjdb_full_14720 A 50 51 55 95 96 97 98 99 100 101
vdjdb_full_14720 B 28 30 92 93 94 95 96 97 98
vdjdb_full_14716 E 1 2 3 4 5 6 7 8 9
vdjdb_full_14716 A 30 50 51 95 96 97 98 99 100
vdjdb_full_14716 B 28 29 30 31 32 95 96 97 98 99
vdjdb_full_14724 E 1 2 3 4 5 6 7 8 9
vdjdb_full_14724 A 30 31 50 96 97 98 99 100 101
vdjdb_full_14724 B 28 29 31 32 95 96 97 98 99
vdjdb_full_14701 E 1 2 3 4 5 6 7 8 9
vdjdb_full_14701 A 30 50 95 96 97 98 99 100
vdjdb_full_14701 B 31 32 51 93 94 95 96 97
vdjdb_full_14699 E 1 2 3 4 5 6 7 8 9
vdjdb_full_14699 A 28 29 30 31 50 51 55 56 95 96 97 98 99 100 101
vdjdb_full_14699 B 27 28 29 30 31 91 92 93 94
vdjdb_full_14702 E 1 2 3 4 5 6 7 8 9
vdjdb_full_14702 A 28 29 30 31 50 51 94 95 96 97 98 99 100
vdjdb_full_14702 B 93 94 95 96
vdjdb_full_14722 E 1 2 3 4 5 6 7 8 9
vdjdb_full_14722 A 28 30 96 97 98 99 100 101 102
vdjdb_full_14722 B 30 31 92 93 94 95 96 97 98
vdjdb_full_14717 E 1 2 3 4 5 6 7 8 9
vdjdb_full_14717 A 30 31 49 50 51 94 95 96 97 98 99 100
vdjdb_full_14717 B 27 28 29 30 91 92 93 94 95
vdjdb_full_14725 E 1 2 3 4 5 6 7 8 9
vdjdb_full_14725 A 28 29 30 51 96 97 98 99 100 101
vdjdb_full_14725 B 28 29 30 31 32 91 92 93 94 95
vdjdb_full_14729 E 1 2 3 4 5 6 7 8 9
vdjdb_full_14729 A 28 30 50 51 55 95 96 97 98 99 100
vdjdb_full_14729 B 30 92 93 94 95 96
vdjdb_full_14737 E 1 2 3 4 5 6 7 8 9
vdjdb_full_14737 A 27 28 29 30 31 50 51 72 95 96 97 98 99 100 101 102 103
vdjdb_full_14737 B 30 92 93 94 95 96 97 98 99
vdjdb_full_14736 E 1 2 3 4 5 6 7 8 9
vdjdb_full_14736 A 27 28 29 30 31 50 51 71 94 95 96 97 98 99
vdjdb_full_14736 B 29 31 95 96 97 98 99 100 101
vdjdb_full_14726 E 1 2 3 4 5 6 7 8 9
vdjdb_full_14726 A 30 50 51 55 95 96 97 98 99 100
vdjdb_full_14726 B 29 30 31 32 91 92 93 94 95 96 97 98
vdjdb_full_14739 E 1 2 3 4 5 6 7 8 9
vdjdb_full_14739 A 27 28 29 30 31 49 50 51 52 54 71 94 95 96 97 98 99
vdjdb_full_14739 B 96 97 98 99 100 101 102 103
vdjdb_full_14738 E 1 2 3 4 5 6 7 8 9
vdjdb_full_14738 A 27 28 29 30 31 49 50 51 52 54 71 94 95 96 97 98 101
vdjdb_full_14738 B 96 97 98 99 100 101 102 103
vdjdb_full_14750 E 1 2 3 4 5 6 7 8 9
vdjdb_full_14750 A 27 28 29 30 31 50 51 54 71 94 95 96 97 98 99 100
vdjdb_full_14750 B 31 96 97 98
vdjdb_full_14740 E 1 2 3 4 5 6 7 8 9
vdjdb_full_14740 A 28 30 31 50 95 96 97 98 99 100 101
vdjdb_full_14740 B 29 30 92 93 94 95 96 97 98 99
vdjdb_full_14755 E 1 2 3 4 5 6 7 8 9
vdjdb_full_14755 A 27 28 29 30 31 49 50 51 52 54 71 94 95 96 97 98
vdjdb_full_14755 B 96 97 98 99 100 101 102 103
vdjdb_full_14757 E 1 2 3 4 5 6 7 8 9
vdjdb_full_14757 A 27 28 29 30 31 49 50 51 52 54 71 94 95 96 97 98 101
vdjdb_full_14757 B 96 97 98 99 100 101 102
vdjdb_full_14745 E 1 2 3 4 5 6 7 8 9
vdjdb_full_14745 A 27 28 29 30 31 50 51 71 94 95 96 97 98 99
vdjdb_full_14745 B 29 31 95 96 97 98 99 100 101
vdjdb_full_14758 E 1 2 3 4 5 6 7 8 9
vdjdb_full_14758 A 27 28 29 30 31 49 50 51 52 54 71 94 95 96 97 98 101
vdjdb_full_14758 B 96 97 98 99 100 101 102 103
vdjdb_full_14744 E 1 2 3 4 5 6 7 8 9
vdjdb_full_14744 A 27 28 29 30 31 49 50 51 52 54 71 94 95 96 97 98 100
vdjdb_full_14744 B 93 94 95 96 97 98 99 100 101
vdjdb_full_14766 E 1 2 3 4 5 6 7 8 9
vdjdb_full_14766 A 27 28 29 30 31 49 50 51 54 71 94 95 96 97 98 99
vdjdb_full_14766 B 96 97 98 99 100 101 102 103
vdjdb_full_14756 E 1 2 3 4 5 6 7 8 9
vdjdb_full_14756 A 27 28 29 30 31 50 51 54 71 94 95 96 97 98 99 100
vdjdb_full_14756 B 94 95 96 97 98 99 100 101
vdjdb_full_14789 E 1 2 3 4 5 6 7 8 9 10
vdjdb_full_14789 A 30 31 50 51 94 95 96 97 98 99 100
vdjdb_full_14789 B 27 28 29 30 31 32 33 34 51 52 53 54 94 95 96 97 98 99
vdjdb_full_14774 E 1 2 3 4 5 6 7 8 9
vdjdb_full_14774 A 27 28 29 30 31 49 50 51 52 54 71 94 95 96 97 98 99
vdjdb_full_14774 B 94 96 97 98 99 100
vdjdb_full_14765 E 1 2 3 4 5 6 7 8 9
vdjdb_full_14769 E 1 2 3 4 5 6 7 8 9
vdjdb_full_14769 A 27 28 29 30 31 50 51 54 71 94 95 96 97 98 99 100
vdjdb_full_14769 B 31 96 97 98
vdjdb_full_14788 E 1 2 3 4 5 6 7 8 9 10
vdjdb_full_14788 A 95 96 97 98 99 100 101 102 103
vdjdb_full_14788 B 27 28 29 30 31 32 33 53 54 95 96 97 98 99 100 101 102 103 104
vdjdb_full_14754 E 1 2 3 4 5 6 7 8 9
vdjdb_full_14754 A 27 28 29 30 31 50 51 95 96 97 98 99 100 101 102 103 104
vdjdb_full_14754 B 30 93 94 95 96
vdjdb_full_14815 E 1 2 3 4 5 6 7 8 9
vdjdb_full_14815 A 27 28 29 30 31 50 51 52 71 94 95 96 97 98 99 100 101 102
vdjdb_full_14815 B 28 29 30 31 32 91 92 93 94 95 96 97 98
vdjdb_full_14796 E 1 2 3 4 5 6 7 8 9 10
vdjdb_full_14796 A 30 31 50 94 95 96 97 98 99 100 101 102 103 104
vdjdb_full_14796 B 27 28 29 30 31 32 33 34 51 52 53 54 94 95 96 97 98 99 100
vdjdb_full_14818 E 1 2 3 4 5 6 7 8 9
vdjdb_full_14818 A 28 29 30 31 50 51 94 95 96 97 98 99 100
vdjdb_full_14818 B 28 29 30 31 32 51 92 93 94 95 96 97 98
vdjdb_full_14799 E 1 2 3 4 5 6 7 8 9 10
vdjdb_full_14799 A 29 30 31 32 96 97 98 99 100 101 102 103 104 105
vdjdb_full_14799 B 29 30 31 32 33 34 49 51 52 92 93 94 95 96 97 98
vdjdb_full_14811 E 1 2 3 4 5 6 7 8 9
vdjdb_full_14811 A 29 30 31 32 52 74 97 98 99 100 101 102 103 104
vdjdb_full_14811 B 28 29 30 31 32 33 91 92 93 94 95 96
vdjdb_full_14802 E 1 2 3 4 5 6 7 8 9 10
vdjdb_full_14802 A 31 97 98 99 100 101 102 103 104 105 106
vdjdb_full_14802 B 27 28 29 30 31 32 33 50 51 52 93 94 95 96 97 98
vdjdb_full_14798 E 1 2 3 4 5 6 7 8 9 10
vdjdb_full_14798 A 28 29 30 31 50 51 94 95 96 97 98 99
vdjdb_full_14798 B 28 29 30 31 32 33 49 50 51 91 92 93 94 95 96 97
vdjdb_full_14816 E 1 2 3 4 5 6 7 8 9
vdjdb_full_14816 A 28 29 30 31 50 51 94 95 96 97 98 99 100
vdjdb_full_14816 B 28 29 30 31 32 33 51 91 92 93 94 95
vdjdb_full_14822 E 1 2 3 4 5 6 7 8 9
vdjdb_full_14822 A 27 28 29 30 31 50 51 52 94 95 96 97 98 99 100
vdjdb_full_14822 B 28 29 30 31 32 33 90 91 92 93 94 95
vdjdb_full_14821 E 1 2 3 4 5 6 7 8 9
vdjdb_full_14821 A 28 29 30 31 50 51 95 96 97 98 99 100 101
vdjdb_full_14821 B 27 28 29 30 31 91 92 93 94 95 96
vdjdb_full_14830 E 1 2 3 4 5 6 7 8 9
vdjdb_full_14830 A 27 28 29 30 31 50 94 95 96 97 98 99 100 101 102
vdjdb_full_14830 B 28 29 30 31 32 33 51 91 92 93 94 95 96
vdjdb_full_14834 E 1 2 3 4 5 6 7 8 9
vdjdb_full_14834 A 28 29 30 31 50 51 94 95 96 97 98 99 100 101
vdjdb_full_14834 B 28 29 30 31 32 33 91 92 93 94 95 96
vdjdb_full_14825 E 1 2 3 4 5 6 7 8 9
vdjdb_full_14825 A 28 29 30 31 50 51 94 95 96 97 98 99 100 101
vdjdb_full_14825 B 28 29 30 31 32 33 51 91 92 93 94 95 96
vdjdb_full_14831 E 1 2 3 4 5 6 7 8 9
vdjdb_full_14831 A 30 31 50 51 95 96 97 98 99 100
vdjdb_full_14831 B 28 29 30 31 90 91 92 93 94 95 96 97 98
vdjdb_full_14824 E 1 2 3 4 5 6 7 8 9
vdjdb_full_14824 A 28 29 30 31 50 51 94 95 96 97 98 99 100 101 102 103
vdjdb_full_14824 B 28 29 30 31 32 33 51 91 92 93 94 95 96
vdjdb_full_14836 E 1 2 3 4 5 6 7 8 9
vdjdb_full_14836 A 28 29 30 31 50 51 52 94 95 96 97 98 99 100 101
vdjdb_full_14836 B 28 29 30 31 32 33 51 91 92 93 94 95 96
vdjdb_full_14835 E 1 2 3 4 5 6 7 8 9
vdjdb_full_14835 A 28 29 30 31 50 51 95 96 97 98 99 100 102 103
vdjdb_full_14835 B 28 29 30 31 32 91 92 93 94 95 96
vdjdb_full_14841 E 1 2 3 4 5 6 7 8 9
vdjdb_full_14841 A 28 30 94 95 96 97 98 99 100
vdjdb_full_14841 B 28 29 30 31 32 33 51 91 92 93 94 95 96 97
vdjdb_full_14837 E 1 2 3 4 5 6 7 8 9
vdjdb_full_14837 A 28 29 30 31 32 74 97 98 99 100 101 102 103 104
vdjdb_full_14837 B 28 29 30 31 32 33 91 92 93 94 95 96 97
vdjdb_full_14851 E 1 2 3 4 5 6 7 8 9
vdjdb_full_14851 A 27 28 29 30 31 50 51 94 95 96 97 98 99 100
vdjdb_full_14851 B 29 30 31 32 51 93 94 95 96 97 98 99 100 101
vdjdb_full_14848 E 1 2 3 4 5 6 7 8 9
vdjdb_full_14848 A 28 30 50 51 95 96 97 98 99 100 101 102
vdjdb_full_14848 B 27 28 29 30 31 91 92 93 94 97 98 99 100
vdjdb_full_14857 E 1 2 3 4 5 6 7 8 9
vdjdb_full_14857 A 27 28 29 30 31 50 94 95 96 97 98 99
vdjdb_full_14857 B 28 29 30 31 32 33 90 91 92 93 94 95 96
vdjdb_full_14844 E 1 2 3 4 5 6 7 8 9
vdjdb_full_14844 A 28 30 31 50 51 55 94 95 96 97 98 99 100 101 102 103
vdjdb_full_14844 B 31 94 95 96 97 98 99 100
vdjdb_full_14847 E 1 2 3 4 5 6 7 8 9
vdjdb_full_14847 A 27 28 29 30 31 50 51 94 95 96 97 98 99 100 101
vdjdb_full_14847 B 28 29 30 31 32 33 51 91 92 93 94 101
vdjdb_full_14861 E 1 2 3 4 5 6 7 8 9
vdjdb_full_14861 A 28 29 30 31 49 50 51 55 72 95 96 97 98 99 100
vdjdb_full_14861 B 28 29 30 31 32 33 51 91 92 93 94 95 96 97
vdjdb_full_14862 E 1 2 3 4 5 6 7 8 9
vdjdb_full_14862 A 28 29 30 31 50 51 94 95 96 97 98 99 100 101 102 103
vdjdb_full_14862 B 28 29 30 31 32 33 51 91 92 93 94 95 96
vdjdb_full_14872 E 1 2 3 4 5 6 7 8 9
vdjdb_full_14872 A 27 28 29 30 31 50 94 95 96 97 98 99 100 101
vdjdb_full_14872 B 28 29 30 31 32 33 90 91 92 93 94 95
vdjdb_full_14873 E 1 2 3 4 5 6 7 8 9
vdjdb_full_14873 A 28 29 30 31 50 94 95 96 97 98 99 100 101
vdjdb_full_14873 B 29 30 31 32 94 95 96 97 98 99 100
vdjdb_full_14867 E 1 2 3 4 5 6 7 8 9
vdjdb_full_14867 A 30 96 97 98 99 100 101 102 103 104
vdjdb_full_14867 B 28 29 30 31 32 33 51 91 92 93 94 95 96
vdjdb_full_14880 E 1 2 3 4 5 6 7 8 9
vdjdb_full_14880 A 27 28 29 30 31 50 94 95 96 97 98 99 100 101
vdjdb_full_14880 B 28 29 30 31 32 33 51 91 92 93 94 95 96
vdjdb_full_14882 E 1 2 3 4 5 6 7 8 9
vdjdb_full_14882 A 26 27 28 29 30 31 50 95 96 97 98 99 100 101 102
vdjdb_full_14882 B 93 94 95 96 97 98 99 100
vdjdb_full_14883 E 1 2 3 4 5 6 7 8 9
vdjdb_full_14883 A 28 29 30 31 50 51 94 95 96 97 98 99
vdjdb_full_14883 B 28 29 30 31 32 33 51 91 92 93 94 95 96 97
vdjdb_full_14875 E 1 2 3 4 5 6 7 8 9
vdjdb_full_14875 A 28 29 30 31 50 51 94 95 96 97 98 99 100 101
vdjdb_full_14875 B 32 94 95 96 97 98 99 100 101 102
vdjdb_full_14886 E 1 2 3 4 5 6 7 8 9
vdjdb_full_14886 A 28 29 30 31 32 74 97 98 99 100 101
vdjdb_full_14886 B 28 29 30 31 32 33 51 91 92 93 94 95 96
vdjdb_full_14874 E 1 2 3 4 5 6 7 8 9
vdjdb_full_14874 A 28 29 30 31 50 51 95 96 97 98 99 100 101
vdjdb_full_14874 B 28 29 30 31 32 33 51 91 92 93 94 95 96 97
vdjdb_full_14889 E 1 2 3 4 5 6 7 8 9
vdjdb_full_14889 A 27 28 29 30 31 50 51 94 95 96 97 98 99 100
vdjdb_full_14889 B 28 29 30 31 32 33 51 91 92 93 94 95 96 97
vdjdb_full_14900 E 1 2 3 4 5 6 7 8 9
vdjdb_full_14900 A 28 29 30 31 50 51 52 94 95 96 97 98 99 100 101
vdjdb_full_14900 B 28 29 30 31 32 91 92 93 94 95 96
vdjdb_full_14893 E 1 2 3 4 5 6 7 8 9
vdjdb_full_14893 A 28 29 30 31 50 51 94 95 96 97 98 99 100 101
vdjdb_full_14893 B 28 29 30 31 32 33 90 91 92 93 94 95
vdjdb_full_14891 E 1 2 3 4 5 6 7 8 9
vdjdb_full_14891 A 28 30 50 51 96 97 98 99 100 101
vdjdb_full_14891 B 29 30 31 32 93 94 95 96 97
vdjdb_full_14911 E 1 2 3 4 5 6 7 8 9
vdjdb_full_14911 A 28 29 30 31 50 51 94 95 96 97 98 99 100 101
vdjdb_full_14911 B 28 29 30 31 32 33 51 91 92 93 94 95 96 97 98
vdjdb_full_14903 E 1 2 3 4 5 6 7 8 9
vdjdb_full_14903 A 28 29 30 31 50 51 94 95 96 97 98 99 100 101 102
vdjdb_full_14903 B 28 29 30 31 32 33 51 91 92 93 94 95 96
vdjdb_full_14904 E 1 2 3 4 5 6 7 8 9
vdjdb_full_14904 A 28 29 30 31 50 51 95 96 97 98 99 100 101
vdjdb_full_14904 B 28 29 30 31 32 33 91 92 93 94 95 96
vdjdb_full_14902 E 1 2 3 4 5 6 7 8 9
vdjdb_full_14902 A 28 29 30 31 50 51 94 95 96 97 98 99 100
vdjdb_full_14902 B 28 29 30 31 32 33 90 91 92 93 94 95
vdjdb_full_14915 E 1 2 3 4 5 6 7 8 9
vdjdb_full_14915 A 28 29 30 31 50 51 94 95 96 97 98 99 100 101
vdjdb_full_14915 B 28 29 30 31 32 33 51 91 92 93 94 95 96
vdjdb_full_14908 E 1 2 3 4 5 6 7 8 9
vdjdb_full_14908 A 28 29 30 31 50 51 94 95 96 97 98 99 100 101 102
vdjdb_full_14908 B 28 29 30 31 32 33 91 92 93 94 95 96
vdjdb_full_14918 E 1 2 3 4 5 6 7 8 9
vdjdb_full_14918 A 28 29 30 31 32 74 97 98 99 100 101 102 103 104
vdjdb_full_14918 B 28 29 30 31 32 33 51 91 92 93 94 95 96
vdjdb_full_14919 E 1 2 3 4 5 6 7 8 9
vdjdb_full_14919 A 95 96 97 98 99 100 101 102 103
vdjdb_full_14919 B 28 29 30 31 32 91 92 93 94 95 96 97 98 99 100
vdjdb_full_14921 E 1 2 3 4 5 6 7 8 9
vdjdb_full_14921 A 28 29 30 31 50 51 94 95 96 97 98 99 100
vdjdb_full_14921 B 28 29 30 31 32 33 91 92 93 94 95 96 97 98
vdjdb_full_14922 E 1 2 3 4 5 6 7 8 9
vdjdb_full_14922 A 28 29 30 31 32 74 97 98 99 100 101 102 103 104 105
vdjdb_full_14922 B 28 29 30 31 32 33 51 91 92 93 94 95 96
vdjdb_full_14920 E 1 2 3 4 5 6 7 8 9
vdjdb_full_14920 A 28 29 30 31 50 51 52 71 94 95 96 97 98 99 100
vdjdb_full_14920 B 28 29 30 31 91 92 93 94 95 96 97 98 99
vdjdb_full_14924 E 1 2 3 4 5 6 7 8 9
vdjdb_full_14924 A 28 29 30 31 50 51 94 95 96 97 98 99 100 101 102
vdjdb_full_14924 B 28 29 30 31 32 33 51 91 92 93 94 95 96
vdjdb_full_14934 E 1 2 3 4 5 6 7 8 9
vdjdb_full_14934 A 27 28 94 95 96 97 98 99 100 101 102 103
vdjdb_full_14934 B 28 29 30 31 32 33 51 91 92 93 94 95 96
vdjdb_full_14939 E 1 2 3 4 5 6 7 8 9
vdjdb_full_14939 A 27 28 29 30 31 32 97 98 99 100 101 102 103 104 105
vdjdb_full_14939 B 28 29 30 31 32 33 51 91 92 93 94 95 96 97
vdjdb_full_14927 E 1 2 3 4 5 6 7 8 9
vdjdb_full_14927 A 28 29 30 31 73 96 97 98 99 100 101 102 103 104
vdjdb_full_14927 B 28 29 30 31 32 33 51 91 92 93 94 95 96
vdjdb_full_14945 E 1 2 3 4 5 6 7 8 9
vdjdb_full_14945 A 29 30 31 32 52 97 98 99 100 101 102 103 104
vdjdb_full_14945 B 28 29 30 31 32 33 51 91 92 93 94 95 96
vdjdb_full_14926 E 1 2 3 4 5 6 7 8 9
vdjdb_full_14926 A 28 29 30 31 50 51 94 95 96 97 98 99 100 101 102
vdjdb_full_14926 B 28 29 30 31 32 33 51 91 92 93 94 95 96
vdjdb_full_14932 E 1 2 3 4 5 6 7 8 9
vdjdb_full_14932 A 28 29 30 31 50 51 94 95 96 97 98 99 100 101 102
vdjdb_full_14932 B 28 29 30 31 32 33 51 91 92 93 94 95 96
vdjdb_full_14931 E 1 2 3 4 5 6 7 8 9
vdjdb_full_14931 A 27 28 29 30 31 73 96 97 98 99 100 101 102
vdjdb_full_14931 B 28 29 30 31 32 33 51 91 92 93 94 95 96
vdjdb_full_14947 E 1 2 3 4 5 6 7 8 9
vdjdb_full_14947 A 28 29 30 31 50 51 94 95 96 97 98 99 100
vdjdb_full_14947 B 28 29 30 31 32 33 51 91 92 93 94 95 96
vdjdb_full_14960 E 1 2 3 4 5 6 7 8 9
vdjdb_full_14960 A 28 29 30 31 50 51 94 95 96 97 98 99 100
vdjdb_full_14960 B 28 29 30 31 32 33 90 91 92 93 94 95
vdjdb_full_14951 E 1 2 3 4 5 6 7 8 9
vdjdb_full_14951 A 27 28 29 30 31 74 97 98 99 100 101 102 103
vdjdb_full_14951 B 28 29 30 31 32 33 51 91 92 93 94 95 96
vdjdb_full_14969 E 1 2 3 4 5 6 7 8 9
vdjdb_full_14969 A 27 28 29 30 31 50 94 95 96 97 98 99 100
vdjdb_full_14969 B 28 29 30 31 32 33 51 91 92 93 94 95 96
vdjdb_full_14968 E 1 2 3 4 5 6 7 8 9
vdjdb_full_14968 A 27 28 29 30 31 50 51 52 94 95 96 97 98 99 100 101
vdjdb_full_14968 B 28 29 30 31 32 33 51 91 92 93 94 95 96 97
vdjdb_full_14959 E 1 2 3 4 5 6 7 8 9
vdjdb_full_14959 A 28 29 30 31 50 51 52 71 94 95 96 97 98 99 100 101 102
vdjdb_full_14959 B 28 29 30 31 32 33 91 92 93 94 95
vdjdb_full_14957 E 1 2 3 4 5 6 7 8 9
vdjdb_full_14957 A 28 29 30 31 50 51 94 95 96 97 98 99 100 101
vdjdb_full_14957 B 28 29 30 31 32 33 51 91 92 93 94 95
vdjdb_full_14974 E 1 2 3 4 5 6 7 8 9
vdjdb_full_14974 A 27 28 29 30 31 50 94 95 96 97 98 99 100 101 102
vdjdb_full_14974 B 28 29 30 31 32 33 51 91 92 93 94 95 96
vdjdb_full_14981 E 1 2 3 4 5 6 7 8 9
vdjdb_full_14981 A 28 29 30 31 49 50 51 52 94 95 96 97 98 99 100 101
vdjdb_full_14981 B 28 29 30 31 32 33 51 91 92 93 94 95 96
vdjdb_full_14985 E 1 2 3 4 5 6 7 8 9
vdjdb_full_14985 A 28 29 30 31 50 94 95 96 97 98 99 100 101 102 103
vdjdb_full_14985 B 28 29 30 31 32 33 51 91 92 93 94 95 96 97
vdjdb_full_14999 E 1 2 3 4 5 6 7 8 9
vdjdb_full_14999 A 28 29 30 31 50 94 95 96 97 98 99 100 101 102 103
vdjdb_full_14999 B 28 29 30 31 32 33 91 92 93 94 95 96
vdjdb_full_14987 E 1 2 3 4 5 6 7 8 9
vdjdb_full_14987 A 28 29 30 31 50 51 55 94 95 96 97 98 99 100 101
vdjdb_full_14987 B 30 31 91 92 93 94 95 96 97
vdjdb_full_14986 E 1 2 3 4 5 6 7 8 9
vdjdb_full_14986 A 28 30 31 50 51 95 96 97 98 99 100 101 102
vdjdb_full_14986 B 28 29 30 31 32 51 91 92 93 94 95 96
vdjdb_full_14977 E 1 2 3 4 5 6 7 8 9
vdjdb_full_14977 A 28 29 30 31 50 51 94 95 96 97 98 99 100 101
vdjdb_full_14977 B 28 29 30 31 32 51 91 92 93 94 95 96
vdjdb_full_14992 E 1 2 3 4 5 6 7 8 9
vdjdb_full_14992 A 28 29 30 31 50 51 52 95 96 97 98 99 100 101 102
vdjdb_full_14992 B 28 29 30 31 32 33 91 92 93 94 95 96
vdjdb_full_15002 E 1 2 3 4 5 6 7 8 9
vdjdb_full_15002 A 28 29 30 31 50 51 52 94 95 96 97 98 99 100
vdjdb_full_15002 B 28 29 30 31 32 33 51 91 92 93 94 95 96
vdjdb_full_14995 E 1 2 3 4 5 6 7 8 9
vdjdb_full_14995 A 27 28 29 30 31 50 51 94 95 96 97 98 99 100 101
vdjdb_full_14995 B 29 31 32 92 93 94 95 96 97 98 99
vdjdb_full_15 E 1 2 3 4 5 6 7 8 9
vdjdb_full_15 A 30 31 50 51 55 95 96 97 98 99 100 101
vdjdb_full_15 B 27 28 29 30 31 91 92 93 94 95 96
vdjdb_full_15016 E 1 2 3 4 5 6 7 8 9
vdjdb_full_15016 A 28 29 30 31 50 51 94 95 96 97 98 99 100 101 102
vdjdb_full_15016 B 28 29 30 31 32 33 91 92 93 94 95 96
vdjdb_full_15014 E 1 2 3 4 5 6 7 8 9
vdjdb_full_15014 A 28 29 30 31 50 51 94 95 96 97 98 99 100
vdjdb_full_15014 B 28 29 30 31 32 33 51 91 92 93 94 95 96
vdjdb_full_15013 E 1 2 3 4 5 6 7 8 9
vdjdb_full_15013 A 28 30 31 50 51 95 96 97 98 99 100 101 102
vdjdb_full_15013 B 28 29 30 31 32 33 91 92 93 94 95 96 97
vdjdb_full_15006 E 1 2 3 4 5 6 7 8 9
vdjdb_full_15006 A 28 29 30 31 50 51 94 95 96 97 98 99 100
vdjdb_full_15006 B 28 29 30 31 32 33 51 91 92 93 94 95 96
vdjdb_full_15026 E 1 2 3 4 5 6 7 8 9
vdjdb_full_15026 A 28 29 30 31 50 51 94 95 96 97
vdjdb_full_15026 B 29 30 31 92 93 94 95 96 97 98 99 100
vdjdb_full_15018 E 1 2 3 4 5 6 7 8 9
vdjdb_full_15018 A 28 29 30 31 50 51 55 94 95 96 97 98 99 100 101
vdjdb_full_15018 B 28 29 30 31 92 93 94 95 96 97 98 99
vdjdb_full_15017 E 1 2 3 4 5 6 7 8 9
vdjdb_full_15017 A 28 29 30 31 32 74 97 98 99 100 101 102 103 104
vdjdb_full_15017 B 28 29 30 31 32 33 51 91 92 93 94 95 96
vdjdb_full_15035 E 1 2 3 4 5 6 7 8 9
vdjdb_full_15035 A 27 28 29 30 31 50 51 94 95 96 97 98 99 100 101 102
vdjdb_full_15035 B 29 30 31 32 93 94 95 96 97 98
vdjdb_full_15030 E 1 2 3 4 5 6 7 8 9
vdjdb_full_15030 A 28 29 30 31 49 50 51 52 71 94 95 96 97 98 99 100
vdjdb_full_15030 B 28 29 30 31 32 33 51 91 92 93 94 95 96
vdjdb_full_15039 E 1 2 3 4 5 6 7 8 9
vdjdb_full_15039 A 28 29 30 31 49 50 51 52 94 95 96 97 98 99 100 101
vdjdb_full_15039 B 28 29 30 31 32 33 91 92 93 94 95 96
vdjdb_full_15025 E 1 2 3 4 5 6 7 8 9
vdjdb_full_15025 A 28 29 30 31 50 51 94 95 96 97 98 99 100 101 102
vdjdb_full_15025 B 28 29 30 31 32 33 91 92 93 94 95 96
vdjdb_full_15038 E 1 2 3 4 5 6 7 8 9
vdjdb_full_15038 A 28 29 30 31 50 51 94 95 96 97 98 99 100
vdjdb_full_15038 B 27 28 29 30 31 91 92 93 94 95 96 97 98
vdjdb_full_1504 E 1 2 3 4 5 6 7 8 9
vdjdb_full_1504 A 31 97 98 99 100 101 102 103 104 105 106
vdjdb_full_1504 B 31 96 97 98 99 100 101 102
vdjdb_full_15074 E 1 2 3 4 5 6 7 8 9
vdjdb_full_15074 A 28 30 31 50 95 96 97 98 99 100 101 102 103
vdjdb_full_15074 B 29 30 31 92 93 94 95 96 97 98
vdjdb_full_15047 E 1 2 3 4 5 6 7 8 9
vdjdb_full_15047 A 28 29 30 31 50 94 95 96 97 98 99 100 101 102 103
vdjdb_full_15047 B 28 29 30 31 32 33 51 91 92 93 94 95 96 97
vdjdb_full_15059 E 1 2 3 4 5 6 7 8 9
vdjdb_full_15059 A 28 29 30 31 49 50 51 52 54 94 95 96 97 98 99 100
vdjdb_full_15059 B 28 29 30 31 32 90 91 92 93 94 95 96 97 98 99
vdjdb_full_15049 E 1 2 3 4 5 6 7 8 9
vdjdb_full_15049 A 28 29 30 31 50 51 94 95 96 97 98 99 100 101
vdjdb_full_15049 B 28 29 30 31 32 33 91 92 93 94 95 96
vdjdb_full_15071 E 1 2 3 4 5 6 7 8 9
vdjdb_full_15071 A 30 31 48 49 50 51 52 53 54 55 56 94 95 96 97 98 99 100 101
vdjdb_full_15071 B 30 92 93 94 95
vdjdb_full_1506 E 1 2 3 4 5 6 7 8 9
vdjdb_full_1506 A 28 30 50 51 55 94 95 96 97 98 99 100
vdjdb_full_1506 B 96 97 98 99 100 101 102
vdjdb_full_15080 E 1 2 3 4 5 6 7 8 9
vdjdb_full_15080 A 27 28 29 30 31 49 50 51 71 94 95 96 97 98 99 100
vdjdb_full_15080 B 31 96 97 98 99 100 101
vdjdb_full_15099 E 1 2 3 4 5 6 7 8 9
vdjdb_full_15099 A 30 31 50 95 96 97 98 99 100 101 102 103 104 105
vdjdb_full_15099 B 28 29 30 31 32 95 96 97 98 99 100 101
vdjdb_full_15045 E 1 2 3 4 5 6 7 8 9
vdjdb_full_15045 A 28 30 31 50 51 94 95 96 97 98 99
vdjdb_full_15045 B 28 29 30 31 92 93 94 95 96 97 98 99
vdjdb_full_15100 E 1 2 3 4 5 6 7 8 9
vdjdb_full_15100 A 28 29 30 31 49 50 51 95 96 97 98 99
vdjdb_full_15100 B 28 29 95 96 97 98 99 100
vdjdb_full_15105 E 1 2 3 4 5 6 7 8 9
vdjdb_full_15105 A 28 29 30 31 49 50 51 95 96 97 98 99 100
vdjdb_full_15105 B 29 94 95 96 97 98 99 100 101 102
vdjdb_full_15102 E 1 2 3 4 5 6 7 8 9
vdjdb_full_15102 A 29 30 31 32 97 98 99 100 101 102 103 104 105
vdjdb_full_15102 B 97 98
vdjdb_full_15117 E 1 2 3 4 5 6 7 8 9
vdjdb_full_15117 A 28 29 30 31 49 50 51 55 95 96 97 98 99 100 101 102
vdjdb_full_15117 B 29 30 95 96 97 98 99 100 101
vdjdb_full_15130 E 1 2 3 4 5 6 7 8 9
vdjdb_full_15130 A 28 29 30 31 50 55 94 95 96 97 98 99 100 101 102
vdjdb_full_15130 B 28 29 30 31 91 92 93 94 95 96 97
vdjdb_full_15124 E 1 2 3 4 5 6 7 8 9
vdjdb_full_15124 A 29 31 32 97 98 99 100 101 102 103
vdjdb_full_15124 B 27 28 29 30 31 50 91 92 93 94 95 96 97 98 99 100
vdjdb_full_15121 E 1 2 3 4 5 6 7 8 9
vdjdb_full_15121 A 96 97 98 99 100 101 102 103
vdjdb_full_15121 B 51
vdjdb_full_15090 E 1 2 3 4 5 6 7 8 9
vdjdb_full_15090 A 27 28 29 30 31 95 96 97 98 99 100 101
vdjdb_full_15090 B 29 31 93
vdjdb_full_15123 E 1 2 3 4 5 6 7 8 9
vdjdb_full_15123 A 27 28 29 30 31 32 49 50 51 52 71 93 94 95 96 97 98 99 100
vdjdb_full_15123 B 30 93 94 95 96 97 99 100 101
vdjdb_full_15126 E 1 2 3 4 5 6 7 8 9
vdjdb_full_15126 A 26 27 28 29 30 31 49 50 51 70 71 72 94 95 96 97 98 99 100 101 102
vdjdb_full_15126 B 31 97 98
vdjdb_full_15131 E 1 2 3 4 5 6 7 8 9
vdjdb_full_15131 A 30 50 96 97 98 99 100 101 102 103 104 105
vdjdb_full_15131 B 27 28 29 30 31 32 33 50 51 91 92 93 94 95
vdjdb_full_15133 E 1 2 3 4 5 6 7 8 9
vdjdb_full_15133 A 28 30 31 50 94 95 96 97 98 99 100 101 102 103 104 105
vdjdb_full_15133 B 28 29 30 31 92 93 94 95 96 97 98
vdjdb_full_15138 E 1 2 3 4 5 6 7 8 9
vdjdb_full_15138 A 28 29 30 31 50 51 94 95 96 97 98 99 100 101 102
vdjdb_full_15138 B 27 28 29 30 91 92 93 94 95 96
vdjdb_full_15177 E 1 2 3 4 5 6 7 8 9
vdjdb_full_15177 A 28 30 31 50 51 95 96 97 98 99 100 101
vdjdb_full_15177 B 28 29 30 31 32 33 51 91 92 93 94 95 96 97 98
vdjdb_full_15139 E 1 2 3 4 5 6 7 8 9
vdjdb_full_15139 A 28 29 30 31 32 49 50 51 55 95 96 97 98 99 100 101 102
vdjdb_full_15139 B 94 95 96 97
vdjdb_full_15174 E 1 2 3 4 5 6 7 8 9
vdjdb_full_15174 A 30 31 49 50 51 52 54 94 95 96
vdjdb_full_15174 B 2 27 28 29 30 31 32 51 93 94 95 96 97 98 99
vdjdb_full_15176 E 1 2 3 4 5 6 7 8 9
vdjdb_full_15176 A 30 31 49 50 51 52 54 94 95 96 97 98 99
vdjdb_full_15176 B 27 28 29 30 31 50 65 89 90 91 92 93 94 95 96
vdjdb_full_15196 E 1 2 3 4 5 6 7 8 9 10 11
vdjdb_full_15196 A 30 31 49 50 55 95 96 97 98 99 100 101
vdjdb_full_15196 B 31 95 96 97 98 99 100 101 102
vdjdb_full_15244 E 1 2 3 4 5 6 7 8 9 10 11
vdjdb_full_15244 A 30 31 50 94 95 96 97 99 100 101 102 103 104 105
vdjdb_full_15244 B 29 30 31 32 51 52 93 94 95 96 97 98 99 100 101
vdjdb_full_15241 E 1 2 3 4 5 6 7 8 9 10 11
vdjdb_full_15241 A 30 31 50 51 55 94 95 96 97 98 99 100 101 102 103
vdjdb_full_15241 B 27 28 29 30 92 93 94 95 96 97 98 99
vdjdb_full_15224 E 1 2 3 4 5 6 7 8 9 10 11
vdjdb_full_15224 A 28 29 30 31 32 48 49 50 51 52 54 93 94 95 96 97 98 99 100
vdjdb_full_15224 B 29 30 31 32 48 49 50 51 92 93 94 95 96 97 98
vdjdb_full_15213 E 1 2 3 4 5 6 7 8 9 10 11
vdjdb_full_15213 A 30 31 49 50 51 94 95 96 97 98 99 100 101 102 103 104
vdjdb_full_15213 B 30 31 32 93 94 95 96 97 98 99 100 101 102 103 104
vdjdb_full_15253 E 1 2 3 4 5 6 7 8 9
vdjdb_full_15253 A 28 30 31 48 50 51 54 55 56 57 94 95 96 97 98
vdjdb_full_15253 B 92 93 94 95 96 97 98 99
vdjdb_full_15252 E 1 2 3 4 5 6 7 8 9
vdjdb_full_15252 A 30 31 50 51 52 53 55 95 96 97 98 99 100 102
vdjdb_full_15252 B 53 89 90 91 92
vdjdb_full_15251 E 1 2 3 4 5 6 7 8 9
vdjdb_full_15251 A 30 31 32 48 49 50 51 52 53 54 55 56 94 95 96 97
vdjdb_full_15251 B 29 31 92 93 94 95 96 97 98 99
vdjdb_full_15228 E 1 2 3 4 5 6 7 8 9 10 11
vdjdb_full_15228 A 28 29 30 31 32 49 50 51 55 94 95 96 97 98 99 100 101 102 103 104
vdjdb_full_15228 B 27 28 29 30 31 91 92 93 94 95 96 97 98 99
vdjdb_full_15246 E 1 2 3 4 5 6 7 8 9 10 11
vdjdb_full_15246 A 30 31 94 95 96 97 98 99 100
vdjdb_full_15246 B 31 32 94 95 96 97 98 99
vdjdb_full_15260 E 1 2 3 4 5 6 7 8 9
vdjdb_full_15260 A 28 30 31 48 49 50 51 54 55 56 57 94 95 96 97 98
vdjdb_full_15260 B 92 93 94 95 96 97 98 99 100
vdjdb_full_15255 E 1 2 3 4 5 6 7 8 9
vdjdb_full_15255 A 27 28 29 30 94 95 96 97 98 99 100
vdjdb_full_15255 B 29 30 31 32 92 93 94 95 96 98 99 100 101
vdjdb_full_15263 E 1 2 3 4 5 6 7 8 9
vdjdb_full_15263 A 29 30 31 32 51 52 94 95 96 97 98 99 100
vdjdb_full_15263 B 1 27 28 29 30 31 50 90 91 92 93 94 95 96
vdjdb_full_15257 E 1 2 3 4 5 6 7 8 9
vdjdb_full_15257 A 28 29 30 31 50 94 95 96 97 98 99
vdjdb_full_15257 B 30 31 92 93 94 95 96 97 98 99 100 101 102
vdjdb_full_15259 E 1 2 3 4 5 6 7 8 9
vdjdb_full_15259 A 27 28 94 95 96 97 98 99
vdjdb_full_15259 B 29 30 31 32 33 51 92 93 94 95 96 97
vdjdb_full_15262 E 1 2 3 4 5 6 7 8 9
vdjdb_full_15262 A 28 30 31 50 51 94 95 96 97 98 99 100 101
vdjdb_full_15262 B 29 30 31 32 51 91 92 93 94 95 96 97 98 99 100 101
vdjdb_full_15265 E 1 2 3 4 5 6 7 8 9
vdjdb_full_15265 A 28 29 30 31 50 94 95 96 97 98 99 100 101
vdjdb_full_15265 B 29 30 31 50 91 92 93 94 95 96 97 98
vdjdb_full_15267 E 1 2 3 4 5 6 7 8 9
vdjdb_full_15267 A 28 29 30 31 50 51 94 95 96 97 98 99 100
vdjdb_full_15267 B 28 29 30 31 32 50 91 92 93 94 95 96 97
vdjdb_full_15256 E 1 2 3 4 5 6 7 8 9
vdjdb_full_15256 A 27 28 30 31 94 95 96 97 98 99
vdjdb_full_15256 B 29 30 31 32 51 91 92 93 94 95 96 97
vdjdb_full_15271 E 1 2 3 4 5 6 7 8 9
vdjdb_full_15271 A 29 30 31 49 50 51 94 95 96 97 98 99 100 101 102 103
vdjdb_full_15271 B 31 96 97 98 99 100 101 102 103 104
vdjdb_full_15300 E 1 2 3 4 5 6 7 8 9
vdjdb_full_15300 A 28 29 30 31 50 51 94 95 96 97 98 99 100 101
vdjdb_full_15300 B 28 29 30 31 32 91 92 93 94 95 96
vdjdb_full_15285 E 1 2 3 4 5 6 7 8 9
vdjdb_full_15285 A 30 31 50 95 96 97 98 99 100 101 102 103
vdjdb_full_15285 B 28 29 30 31 50 90 91 92 93 94 95 96 97 98 99
vdjdb_full_15272 E 1 2 3 4 5 6 7 8 9
vdjdb_full_15272 A 28 29 30 31 49 50 51 94 95 96 97 98 99 100 101 102
vdjdb_full_15272 B 29 95 96 97 98 99 100 101 102
vdjdb_full_15301 E 1 2 3 4 5 6 7 8 9
vdjdb_full_15301 A 28 29 30 31 51 94 95 96 97 98 99 100 101 102 103 104
vdjdb_full_15301 B 29 30 31 32 91 92 93 94 95 96 99
vdjdb_full_15294 E 1 2 3 4 5 6 7 8 9
vdjdb_full_15294 A 96 97 98 99 100
vdjdb_full_15294 B 27 28 29 30 31 90 91 92 93 94 95 96 97 98
vdjdb_full_15292 E 1 2 3 4 5 6 7 8 9
vdjdb_full_15292 A 30 95 96 97 98 99 100 101 102
vdjdb_full_15292 B 28 29 30 31 32 51 91 92 93 94 95 96
vdjdb_full_15307 E 1 2 3 4 5 6 7 8 9
vdjdb_full_15307 A 28 29 30 31 50 51 55 94 95 96 97 98 99
vdjdb_full_15307 B 27 28 29 30 31 92 93 94 95 96
vdjdb_full_15302 E 1 2 3 4 5 6 7 8 9
vdjdb_full_15302 A 28 29 30 31 94 95 96 97 98 99 100 101 102 103
vdjdb_full_15302 B 28 29 30 31 32 51 91 92 93 94 95 96 97 98 99
vdjdb_full_15311 E 1 2 3 4 5 6 7 8 9
vdjdb_full_15311 A 30 50 51 95 96 97 98 99 100
vdjdb_full_15311 B 26 27 28 29 30 31 91 92 93 94 95 96 97
vdjdb_full_15336 E 1 2 3 4 5 6 7 8 9
vdjdb_full_15336 A 30 31 94 95 96 97 98 99 100 101
vdjdb_full_15336 B 28 29 30 31 32 51 91 92 93 94 95 96
vdjdb_full_15327 E 1 2 3 4 5 6 7 8 9
vdjdb_full_15327 A 28 29 30 31 50 51 94 95 96 97 98 99 100 101 102
vdjdb_full_15327 B 28 29 30 31 32 91 92 93 94 95 96 97
vdjdb_full_15318 E 1 2 3 4 5 6 7 8 9
vdjdb_full_15318 A 95 96 97 98 99 100 101 102 103 104
vdjdb_full_15318 B 30 32 91 92 93 94 95 96 99 100
vdjdb_full_15317 E 1 2 3 4 5 6 7 8 9
vdjdb_full_15317 A 95 96 97 98 99 100 101 102
vdjdb_full_15317 B 91 92 93 94 95 96 97 98
vdjdb_full_15305 E 1 2 3 4 5 6 7 8 9
vdjdb_full_15305 A 29 31 32 97 98 99 100 101 102 103 104
vdjdb_full_15305 B 28 29 30 31 32 91 92 93 94 95 96 97
vdjdb_full_15341 E 1 2 3 4 5 6 7 8 9
vdjdb_full_15341 A 30 95 96 97 98 99 100
vdjdb_full_15341 B 28 29 30 31 32 51 91 92 93 94 95 96 97 98 99
vdjdb_full_15343 E 1 2 3 4 5 6 7 8 9
vdjdb_full_15343 A 28 29 30 31 50 51 94 95 96 97 98 99 100 101 102 103
vdjdb_full_15343 B 28 29 30 31 32 49 51 91 92 93
vdjdb_full_15355 E 1 2 3 4 5 6 7 8 9
vdjdb_full_15355 A 30 94 95 96 97 98 99 100 101 102
vdjdb_full_15355 B 28 29 30 31 32 51 91 94 95 96 97 98 99
vdjdb_full_15356 E 1 2 3 4 5 6 7 8 9
vdjdb_full_15356 A 28 30 31 95 96 97 98 99 100 101 102
vdjdb_full_15356 B 28 29 30 31 32 51 91 92 93 94 95 96 97 98
vdjdb_full_15349 E 1 2 3 4 5 6 7 8 9
vdjdb_full_15349 A 28 29 30 31 50 51 55 95 96 97 98 99 100 101
vdjdb_full_15349 B 28 30 31 32 91 92 93 94 95 96 97 98 99
vdjdb_full_15351 E 1 2 3 4 5 6 7 8 9
vdjdb_full_15351 A 28 30 31 50 51 94 95 96 97 98 99 100 101
vdjdb_full_15351 B 27 28 29 30 31 91 92 93 94 95 96 97 98 99
vdjdb_full_15344 E 1 2 3 4 5 6 7 8 9
vdjdb_full_15344 A 28 30 31 32 48 49 50 51 52 54 55 56 95 96 97 98 99
vdjdb_full_15344 B 29 94 95 96 97 98 99
vdjdb_full_15374 E 1 2 3 4 5 6 7 8 9
vdjdb_full_15374 A 28 30 31 50 51 94 95 96 97 98 99 100
vdjdb_full_15374 B 27 28 29 30 31 91 92 93 94 95 96 97 98 99
vdjdb_full_15397 E 1 2 3 4 5 6 7 8 9
vdjdb_full_15397 A 95 96 97 98 99 100 101 102 103
vdjdb_full_15397 B 28 29 30 31 32 91 92 93 94 95 96
vdjdb_full_15359 E 1 2 3 4 5 6 7 8 9
vdjdb_full_15359 A 30 50 51 95 96 97 98 99 100
vdjdb_full_15359 B 27 28 29 30 31 91 92 93 94 95 96
vdjdb_full_15398 E 1 2 3 4 5 6 7 8 9
vdjdb_full_15398 A 95 96 97 98 99 100 101 102 103
vdjdb_full_15398 B 29 30 31 32 33 52 54 95 96 97 98 99 100 101
vdjdb_full_15373 E 1 2 3 4 5 6 7 8 9
vdjdb_full_15373 A 28 29 30 31 48 49 50 51 52 53 54 55 56 68 71 94 96
vdjdb_full_15373 B 29 31 93 94 95 96 97 98 99 100
vdjdb_full_15390 E 1 2 3 4 5 6 7 8 9
vdjdb_full_15390 A 30 95 96 97 98 99 100 101
vdjdb_full_15390 B 28 29 30 31 32 51 91 92 93 94 95 96 97 98 99
vdjdb_full_15399 E 1 2 3 4 5 6 7 8 9
vdjdb_full_15399 A 28 29 30 31 50 51 94 95 96 97 98 99 100 101
vdjdb_full_15399 B 29 30 31 32 91 92 93 94
vdjdb_full_15382 E 1 2 3 4 5 6 7 8 9
vdjdb_full_15382 A 95 96 97 98 99
vdjdb_full_15382 B 28 29 30 31 32 51 91 92 93 94 95 96 97
vdjdb_full_15394 E 1 2 3 4 5 6 7 8 9
vdjdb_full_15394 A 95 96 97 98 99 100 101
vdjdb_full_15394 B 28 29 30 31 32 91 92 93 94 95 96 97 98
vdjdb_full_15403 E 1 2 3 4 5 6 7 8 9
vdjdb_full_15403 A 28 29 30 31 50 51 94 95 96 97 98 99
vdjdb_full_15403 B 27 28 29 30 31 50 91 92 93 94 95 96 97 98
vdjdb_full_15423 E 1 2 3 4 5 6 7 8 9
vdjdb_full_15423 A 28 29 30 31 50 51 94 95 96 97 98 99 100 101 102
vdjdb_full_15423 B 29 30 31 32 51 92 93 94 96 97 98
vdjdb_full_15405 E 1 2 3 4 5 6 7 8 9
vdjdb_full_15405 A 28 29 30 31 50 51 94 95 96 97 98 99 100
vdjdb_full_15405 B 29 30 31 32 33 95 96 97 98 99 100 101 102
vdjdb_full_15424 E 1 2 3 4 5 6 7 8 9
vdjdb_full_15424 A 28 30 50 95 96 97 98 99 100 101 102
vdjdb_full_15424 B 31 32 33 95 96 97 98 99 100 101 102 103
vdjdb_full_15456 E 1 2 3 4 5 6 7 8 9
vdjdb_full_15456 A 28 29 30 31 50 51 55 95 96 97 98 99 100
vdjdb_full_15456 B 31 32 93 94 95 96 97 98 99 100 101
vdjdb_full_15445 E 1 2 3 4 5 6 7 8 9
vdjdb_full_15445 A 96 97 98 99 100
vdjdb_full_15445 B 28 29 30 31 32 51 91 92 93 94 95 96 97 98 99
vdjdb_full_15443 E 1 2 3 4 5 6 7 8 9
vdjdb_full_15443 A 28 30 94 95 96 97 98 99 100
vdjdb_full_15443 B 28 29 30 31 32 51 91 92 93
vdjdb_full_15473 E 1 2 3 4 5 6 7 8 9
vdjdb_full_15473 A 28 30 94 95 96 97 98 99 100 101 102 103
vdjdb_full_15473 B 28 29 30 31 32 51 91 92 93 94 95 96 97 98
vdjdb_full_15478 E 1 2 3 4 5 6 7 8 9
vdjdb_full_15478 A 28 29 30 31 50 51 94 95 96 97 98 99 100 101
vdjdb_full_15478 B 27 28 29 30 31 92 93 94 95 96 97
vdjdb_full_15479 E 1 2 3 4 5 6 7 8 9
vdjdb_full_15479 A 96 97 98 99 100 101 102
vdjdb_full_15479 B 28 29 30 31 32 91 92 93 94 95 96 97 98 99
vdjdb_full_15465 E 1 2 3 4 5 6 7 8 9
vdjdb_full_15465 A 28 30 31 95 96 97 98 99 100 101
vdjdb_full_15465 B 28 29 30 31 32 51 91 92 93 94
vdjdb_full_15477 E 1 2 3 4 5 6 7 8 9
vdjdb_full_15477 A 95 96 97 98 99 100
vdjdb_full_15477 B 30 91 92 93 94 95 96 97 98
vdjdb_full_15463 E 1 2 3 4 5 6 7 8 9
vdjdb_full_15463 A 95 96 97 98 99 100
vdjdb_full_15463 B 28 29 30 31 32 51 91 92 93 94 95 96
vdjdb_full_15461 E 1 2 3 4 5 6 7 8 9
vdjdb_full_15461 A 95 96 97 98 99 100 101 102 103
vdjdb_full_15461 B 29 30 31 32 33 52 95 96 97 98 99 100 102 103 104 105
vdjdb_full_15459 E 1 2 3 4 5 6 7 8 9
vdjdb_full_15459 A 31 94 95 96 97 98 99 100 101 102
vdjdb_full_15459 B 28 29 30 31 32 50 90 91 92 93 94 95 96
vdjdb_full_15507 E 1 2 3 4 5 6 7 8 9
vdjdb_full_15507 A 28 30 94 95 96 97 98 99 100 101 102 103
vdjdb_full_15507 B 28 29 30 31 32 51 91 92 93 94 95 96 99 100
vdjdb_full_15497 E 1 2 3 4 5 6 7 8 9
vdjdb_full_15497 A 29 30 31 32 48 49 50 51 52 53 54 55 56 69 70 71 72 96 97 98
vdjdb_full_15497 B 31 94 95 96 97 98
vdjdb_full_15484 E 1 2 3 4 5 6 7 8 9
vdjdb_full_15484 A 28 29 30 31 50 51 55 56 94 95 96 97 98 99 100
vdjdb_full_15484 B 29 32 93 94 95 96 97 98 99 100 101
vdjdb_full_15489 E 1 2 3 4 5 6 7 8 9
vdjdb_full_15489 A 28 29 30 31 96 97 98 99 100 101 102 103 104 105 106
vdjdb_full_15489 B 32 94
vdjdb_full_15508 E 1 2 3 4 5 6 7 8 9
vdjdb_full_15508 A 28 29 30 31 50 51 94 95 96 97 98 99 100
vdjdb_full_15508 B 32 51 94 95 96 97 98 99 100 101
vdjdb_full_15485 E 1 2 3 4 5 6 7 8 9
vdjdb_full_15485 A 30 94 95 96 97 98 99 100 101 102
vdjdb_full_15485 B 28 30 31 32 91 92 93 94 95 96 97 98
vdjdb_full_15493 E 1 2 3 4 5 6 7 8 9
vdjdb_full_15493 A 95 96 97 98 99
vdjdb_full_15493 B 28 29 30 31 32 51 91 92 93 94 95 96 97 98 99
vdjdb_full_15513 E 1 2 3 4 5 6 7 8 9 10
vdjdb_full_15513 A 28 29 30 31 50 51 55 56 94 95 96 97 98 99 100 101
vdjdb_full_15513 B 28 29 30 31 50 92 93 94 95 96 97 98
vdjdb_full_15498 E 1 2 3 4 5 6 7 8 9
vdjdb_full_15498 A 95 96 97 98 99 100 101 102
vdjdb_full_15498 B 29 30 31 32 91 92 93 94
vdjdb_full_15516 E 1 2 3 4 5 6 7 8 9 10
vdjdb_full_15516 A 96 97 98 99 100 101 102 103 104 105
vdjdb_full_15516 B 29 30 31 32 33 95 96 97 98 99 100 101 102
vdjdb_full_15514 E 1 2 3 4 5 6 7 8 9 10
vdjdb_full_15514 A 95 96 97 98 99 100 101 102 103 104
vdjdb_full_15514 B 30 31 32 52 95 96 97 98 99 100 101 102
vdjdb_full_15515 E 1 2 3 4 5 6 7 8 9 10
vdjdb_full_15515 A 27 28 29 30 31 32 49 50 51 52 54 71 94 95 96 97 98
vdjdb_full_15515 B 28 29 30 31 92 93 94 95 96 97 98 99
vdjdb_full_15524 E 1 2 3 4 5 6 7 8 9 10
vdjdb_full_15524 A 28 30 50 51 94 95 96 97 98 99 100 101 102 103
vdjdb_full_15524 B 29 30 31 32 93 94 95 96 97 98
vdjdb_full_15521 E 1 2 3 4 5 6 7 8 9 10
vdjdb_full_15521 A 28 29 30 31 48 50 51 55 94 95 96 97 98 99
vdjdb_full_15521 B 28 29 30 31 91 92 93 94 95 96 97 98 99 100 101
vdjdb_full_15533 E 1 2 3 4 5 6 7 8 9 10
vdjdb_full_15533 A 28 29 30 31 32 49 50 51 52 53 55 71 72 73 94 95 96 97 98 99 100
vdjdb_full_15533 B 29 30 94 95 96 97 98 99 100
vdjdb_full_15541 E 1 2 3 4 5 6 7 8 9 10
vdjdb_full_15541 A 28 29 30 31 49 50 51 55 95 96 97 98 99
vdjdb_full_15541 B 27 28 29 30 31 32 91 92 93 94 95 96
vdjdb_full_15539 E 1 2 3 4 5 6 7 8 9 10
vdjdb_full_15539 A 26 27 28 29 30 31 49 50 51 52 71 94 95 96 97 98 99 100 101
vdjdb_full_15539 B 31 95 96 97 98 99
vdjdb_full_15548 E 1 2 3 4 5 6 7 8 9 10
vdjdb_full_15548 A 28 29 30 31 49 50 51 52 55 71 72 95 96 97 98 99 100 101 102 103 104 105
vdjdb_full_15548 B 94 95 96 97
vdjdb_full_15551 E 1 2 3 4 5 6 7 8 9
vdjdb_full_15551 A 30 31 50 95 96 97 98 99 100 101
vdjdb_full_15551 B 28 29 30 31 32 91 92 93 94 95 96 97 98 99 100
vdjdb_full_15519 E 1 2 3 4 5 6 7 8 9 10
vdjdb_full_15519 A 27 28 29 30 31 50 51 71 94 95 96 97 98 99 100 101 102
vdjdb_full_15519 B 29 30 32 93 94 95 96 97 98
vdjdb_full_15560 E 1 2 3 4 5 6 7 8 9
vdjdb_full_15560 A 30 31 50 95 96 97 98 99 100 101
vdjdb_full_15560 B 28 30 92 93 94 95 96 97 98 99
vdjdb_full_15555 E 1 2 3 4 5 6 7 8 9
vdjdb_full_15555 A 28 29 30 31 32 49 50 51 55 95 96 97 98 99 103 104
vdjdb_full_15555 B 27 28 29 30 91 92 93 94 95 96
vdjdb_full_15561 E 1 2 3 4 5 6 7 8 9
vdjdb_full_15561 A 28 29 30 31 50 95 96 97 98 99 100 101
vdjdb_full_15561 B 92 93 94 95 96 97 98 99
vdjdb_full_15536 E 1 2 3 4 5 6 7 8 9 10
vdjdb_full_15536 A 27 28 29 32 97 98 99 100 101 102 103 104
vdjdb_full_15536 B 29 30 31 48 50 91 92 93 94 95 96
vdjdb_full_15569 E 1 2 3 4 5 6 7 8 9
vdjdb_full_15569 A 28 29 30 31 32 48 49 50 51 52 53 55 95 96 97 98 99 100
vdjdb_full_15569 B 28 29 30 94 95 96 97 98 99
vdjdb_full_15547 E 1 2 3 4 5 6 7 8 9 10
vdjdb_full_15547 A 27 28 29 30 31 50 51 94 95 96 97 98 99 100
vdjdb_full_15547 B 28 29 30 31 32 33 51 91 92 93 94 95 96
vdjdb_full_15573 E 1 2 3 4 5 6 7 8 9
vdjdb_full_15573 A 28 29 30 31 50 95 96 97 98 99 100 101
vdjdb_full_15573 B 28 29 30 31 32 51 91
vdjdb_full_15576 E 1 2 3 4 5 6 7 8 9
vdjdb_full_15576 A 28 29 30 31 32 48 49 50 51 52 53 55 72 95 96 97 98 99 100 101 102 103
vdjdb_full_15576 B 96 97 98 99 100
vdjdb_full_15570 E 1 2 3 4 5 6 7 8 9
vdjdb_full_15570 A 28 30 31 95 96 97 98 99 100 101
vdjdb_full_15570 B 28 29 30 31 32 91 92 93 94 95 96 97 98 99 100
vdjdb_full_15580 E 1 2 3 4 5 6 7 8 9
vdjdb_full_15580 A 30 31 95 96 97 98 99 100 101
vdjdb_full_15580 B 28 29 30 31 32 91 92 93 94 95 96 97 98 99 100
vdjdb_full_15563 E 1 2 3 4 5 6 7 8 9
vdjdb_full_15563 A 30 31 50 95 96 97 98 99 100 101
vdjdb_full_15563 B 30 31 91 92 93 94 95 96 97
vdjdb_full_15577 E 1 2 3 4 5 6 7 8 9
vdjdb_full_15577 A 28 29 30 31 49 50 51 95 96 97 98 99 100 101
vdjdb_full_15577 B 30 92 95 96 97 98 99
vdjdb_full_15581 E 1 2 3 4 5 6 7 8 9
vdjdb_full_15581 A 28 29 30 31 50 95 96 97 98 99 100 101
vdjdb_full_15581 B 30 96 97 98 99
vdjdb_full_15584 E 1 2 3 4 5 6 7 8 9
vdjdb_full_15584 A 27 28 29 30 31 50 51 94 95 96 97 98 99 100 101 102 103 104
vdjdb_full_15584 B 97 98
vdjdb_full_15582 E 1 2 3 4 5 6 7 8 9
vdjdb_full_15582 A 28 30 31 95 96 97 98 99 100 101
vdjdb_full_15582 B 28 29 30 31 32 91 92 93 94 95 96 97 98 99 100
vdjdb_full_15585 E 1 2 3 4 5 6 7 8 9
vdjdb_full_15585 A 28 30 31 95 96 97 98 99 100 101
vdjdb_full_15585 B 30 31 32 91 92 93 94 95 97 98 99 100
vdjdb_full_15586 E 1 2 3 4 5 6 7 8 9
vdjdb_full_15586 A 30 31 95 96 97 98 99 100 101
vdjdb_full_15586 B 28 29 30 31 32 91 92 93 94 95 96 97 98 99 100
vdjdb_full_15578 E 1 2 3 4 5 6 7 8 9
vdjdb_full_15578 A 28 29 30 31 50 95 96 97 98 99 100 101
vdjdb_full_15578 B 92 93 94 95 96 97 98 99
vdjdb_full_15590 E 1 2 3 4 5 6 7 8 9
vdjdb_full_15590 A 28 29 30 31 50 51 94 95 96 97 98 99 100 101
vdjdb_full_15590 B 93 94 95 96 97 98
vdjdb_full_15583 E 1 2 3 4 5 6 7 8 9
vdjdb_full_15583 A 28 29 30 31 50 95 96 97 98 99
vdjdb_full_15583 B 30 93 94 95 96 97 98
vdjdb_full_15593 E 1 2 3 4 5 6 7 8 9
vdjdb_full_15593 A 30 31 95 96 97 98 99 100 101
vdjdb_full_15593 B 28 29 30 31 32 91 92 93 94 95 96 97 98 99 100
vdjdb_full_15607 E 1 2 3 4 5 6 7 8 9
vdjdb_full_15607 A 28 29 30 31 32 48 49 50 51 52 53 55 95 96 97 98 99 100 101 102 103
vdjdb_full_15607 B 96 97 98 99 100
vdjdb_full_15594 E 1 2 3 4 5 6 7 8 9
vdjdb_full_15594 A 28 29 30 31 32 49 50 51 95 96 97 98 99 100 101
vdjdb_full_15594 B 30 92 94 95 96 97 98 99
vdjdb_full_15596 E 1 2 3 4 5 6 7 8 9
vdjdb_full_15596 A 28 29 30 31 32 49 50 51 95 96 97 98 99 100 101 102
vdjdb_full_15596 B 29 31 95 96
vdjdb_full_15604 E 1 2 3 4 5 6 7 8 9
vdjdb_full_15604 A 28 29 30 31 50 95 96 97 98 99 100 101
vdjdb_full_15604 B 30 92 94 95 96 97 98 99
vdjdb_full_15602 E 1 2 3 4 5 6 7 8 9
vdjdb_full_15602 A 25 26 27 28 29 30 31 32 51 72 73 74 95 96 97 98 99 100 101 102 103
vdjdb_full_15602 B 98 99
vdjdb_full_15613 E 1 2 3 4 5 6 7 8 9
vdjdb_full_15613 A 28 29 30 31 50 51 95 96 97 98 99 100 101 102
vdjdb_full_15613 B 29 31 93 94 95 96 97 98
vdjdb_full_15617 E 1 2 3 4 5 6 7 8 9
vdjdb_full_15617 A 28 29 30 31 49 50 51 95 96 97 98 99 100 101
vdjdb_full_15617 B 92 93 94 95 96 97 98 99
vdjdb_full_15618 E 1 2 3 4 5 6 7 8 9
vdjdb_full_15618 A 28 29 30 31 32 49 50 51 52 53 55 72 95 96 97 98 99 100 101 104 105
vdjdb_full_15618 B 29 30 31 96 97 98
vdjdb_full_15619 E 1 2 3 4 5 6 7 8 9
vdjdb_full_15619 A 30 31 50 94 95 96 97 98 99 100 101
vdjdb_full_15619 B 31 32 93 94 95 96 97 98
vdjdb_full_15611 E 1 2 3 4 5 6 7 8 9
vdjdb_full_15611 A 28 29 30 31 32 49 50 51 52 53 55 72 95 96 97 98 99 100 101
vdjdb_full_15611 B 30 31 96 97 98 99 100 101 102
vdjdb_full_15622 E 1 2 3 4 5 6 7 8 9
vdjdb_full_15622 A 28 29 30 31 50 95 96 97 98 99 100 101
vdjdb_full_15622 B 30 92 95 96 97 98 99
vdjdb_full_15625 E 1 2 3 4 5 6 7 8 9
vdjdb_full_15625 A 28 30 31 95 96 97 98 99 100 101
vdjdb_full_15625 B 29 30 31 32 91 92 93 94 95 96 97 98 99
vdjdb_full_15630 E 1 2 3 4 5 6 7 8 9
vdjdb_full_15630 A 28 29 30 31 50 95 96 97 98 99
vdjdb_full_15630 B 30 93 94 95 96 97 98
vdjdb_full_15629 E 1 2 3 4 5 6 7 8 9
vdjdb_full_15629 A 28 29 30 31 32 49 50 51 55 95 96 97 98 99 100
vdjdb_full_15629 B 27 28 29 30 31 32 91 92 93 94 95 96
vdjdb_full_15632 E 1 2 3 4 5 6 7 8 9
vdjdb_full_15632 A 28 29 30 31 50 95 96 97 98 99 100 101 102 103 104
vdjdb_full_15632 B 96 97 98
vdjdb_full_15637 E 1 2 3 4 5 6 7 8 9
vdjdb_full_15637 A 95 96 97 98 99 100 101
vdjdb_full_15637 B 28 29 30 31 32 33 51 90 91 92 93 94 95 96 97 98 99 100
vdjdb_full_15616 E 1 2 3 4 5 6 7 8 9
vdjdb_full_15616 A 28 30 31 95 96 97 98 99 100 101
vdjdb_full_15616 B 29 30 31 32 91 92 93 94 95 96 97 98 99
vdjdb_full_15633 E 1 2 3 4 5 6 7 8 9
vdjdb_full_15633 A 28 29 30 31 49 50 95 96 97 98 99 100 101
vdjdb_full_15633 B 94 95 96 97 98
vdjdb_full_15635 E 1 2 3 4 5 6 7 8 9
vdjdb_full_15635 A 28 29 30 31 49 50 51 95 96 97 98 99 100 101 102
vdjdb_full_15635 B 95 96
vdjdb_full_15642 E 1 2 3 4 5 6 7 8 9
vdjdb_full_15642 A 28 30 31 95 96 97 98 99 100 101
vdjdb_full_15642 B 29 30 31 32 91 92 93 94 95 96 97 98 99 100
vdjdb_full_15636 E 1 2 3 4 5 6 7 8 9
vdjdb_full_15636 A 28 29 30 31 32 49 50 51 52 53 55 95 96 97 98 99 100 101 102 103
vdjdb_full_15636 B 96 97 98 99 100
vdjdb_full_15645 E 1 2 3 4 5 6 7 8 9
vdjdb_full_15645 A 28 29 30 31 32 49 50 51 55 95 96 97 98 99
vdjdb_full_15645 B 30 93 94 95 96 97 98 99
vdjdb_full_15638 E 1 2 3 4 5 6 7 8 9
vdjdb_full_15638 A 28 29 30 31 50 51 95 96 97 98 99 100 101 102 103 104
vdjdb_full_15638 B 30 96 97 98 100
vdjdb_full_15648 E 1 2 3 4 5 6 7 8 9
vdjdb_full_15648 A 28 29 30 31 50 95 96 97 98 99 100 101
vdjdb_full_15648 B 30 92 95 96 97 98 99
vdjdb_full_15646 E 1 2 3 4 5 6 7 8 9
vdjdb_full_15646 A 30 31 95 96 97 98 99 100 101
vdjdb_full_15646 B 29 30 31 32 91 92 93 94 95 96 97 98 99 100
vdjdb_full_15656 E 1 2 3 4 5 6 7 8 9
vdjdb_full_15656 A 28 29 30 31 50 95 96 97 98 99 100 101 102 103 104
vdjdb_full_15656 B 96 97 98
vdjdb_full_15660 E 1 2 3 4 5 6 7 8 9
vdjdb_full_15660 A 28 29 30 31 32 49 50 51 55 95 96 97 98 99
vdjdb_full_15660 B 95 96 97 98 99 100 101 102
vdjdb_full_15661 E 1 2 3 4 5 6 7 8 9
vdjdb_full_15661 A 28 29 30 31 50 95 96 97 98 99 100 101
vdjdb_full_15661 B 92 94 95 96 97 99
vdjdb_full_15665 E 1 2 3 4 5 6 7 8 9
vdjdb_full_15665 A 30 31 95 96 97 98 99 100 101
vdjdb_full_15665 B 28 29 30 31 32 91 92 93 94 95 96 97 98 99 100
vdjdb_full_15649 E 1 2 3 4 5 6 7 8 9
vdjdb_full_15649 A 30 31 50 94 95 96 97 98 99 100
vdjdb_full_15649 B 28 29 30 31 50 91 92 93 94 95
vdjdb_full_15666 E 1 2 3 4 5 6 7 8 9
vdjdb_full_15666 A 28 29 30 31 49 50 51 95 96 97 98 99 100
vdjdb_full_15666 B 29 31 94 95 96 97 98 99 100
vdjdb_full_15664 E 1 2 3 4 5 6 7 8 9
vdjdb_full_15664 A 28 29 30 31 32 48 49 50 51 52 53 55 95 96 97 98 99 100 101 102 103
vdjdb_full_15664 B 96 97 98 99 100
vdjdb_full_15657 E 1 2 3 4 5 6 7 8 9
vdjdb_full_15657 A 30 31 95 96 97 98 99 100 101
vdjdb_full_15657 B 28 29 30 31 32 91 92 93 94 95 96 97 98 99 100
vdjdb_full_15662 E 1 2 3 4 5 6 7 8 9
vdjdb_full_15662 A 30 31 95 96 97 98 99 100 101
vdjdb_full_15662 B 30 31 32 91 92 93 94 95 96 97 98 99 100
vdjdb_full_15671 E 1 2 3 4 5 6 7 8 9
vdjdb_full_15671 A 28 29 30 31 32 48 49 50 51 52 53 55 72 94 95 96 97 98 99
vdjdb_full_15671 B 29 30 31 92 93 94 95 96 97 98 99
vdjdb_full_15663 E 1 2 3 4 5 6 7 8 9
vdjdb_full_15663 A 30 31 95 96 97 98 99 100 101
vdjdb_full_15663 B 28 29 30 31 32 91 92 93 94 95 96 97 98 99 100
vdjdb_full_15667 E 1 2 3 4 5 6 7 8 9
vdjdb_full_15667 A 30 31 50 94 95 96 97 98 99 100 101 102 103
vdjdb_full_15667 B 96 97
vdjdb_full_15674 E 1 2 3 4 5 6 7 8 9
vdjdb_full_15674 A 27 28 29 30 31 50 51 52 70 72 94 95 96 97 98 100
vdjdb_full_15674 B 30
vdjdb_full_15675 E 1 2 3 4 5 6 7 8 9
vdjdb_full_15675 A 30 31 50 94 95 96 97 98 99 100 101
vdjdb_full_15675 B 28 29 30 31 32 91 92 93 94 95
vdjdb_full_15684 E 1 2 3 4 5 6 7 8 9
vdjdb_full_15684 A 28 29 30 31 32 49 50 51 55 95 96 97 98 99 100 101
vdjdb_full_15684 B 30 92 93 94 95 96 97 98 99 100
vdjdb_full_15687 E 1 2 3 4 5 6 7 8 9
vdjdb_full_15687 A 28 30 31 50 95 96 97 98 99 100 101
vdjdb_full_15687 B 29 30 31 32 91 92 93 94 95 96 97 98 99 100
vdjdb_full_15677 E 1 2 3 4 5 6 7 8 9
vdjdb_full_15677 A 96 97 98 99 100 101 102
vdjdb_full_15677 B 25 26 27 28 29 30 31 32 91 92 93 94 95 96 97 98 99
vdjdb_full_15690 E 1 2 3 4 5 6 7 8 9
vdjdb_full_15690 A 28 29 30 31 50 95 96 97 98 99 100 101
vdjdb_full_15690 B 30 95 96 97 98 99
vdjdb_full_15679 E 1 2 3 4 5 6 7 8 9
vdjdb_full_15679 A 30 31 95 96 97 98 99 100 101
vdjdb_full_15679 B 29 30 31 32 91 92 93 95 96 97 98 99 100
vdjdb_full_15686 E 1 2 3 4 5 6 7 8 9
vdjdb_full_15686 A 28 29 30 31 50 95 96 97 98 99 100 101
vdjdb_full_15686 B 30 92 94 95 96 97 98 99
vdjdb_full_15693 E 1 2 3 4 5 6 7 8 9
vdjdb_full_15693 A 28 29 30 31 50 95 96 97 98 99
vdjdb_full_15693 B 30 93 94 95 96 97 98
vdjdb_full_15698 E 1 2 3 4 5 6 7 8 9
vdjdb_full_15698 A 28 29 30 31 49 50 51 95 96 97 98 99
vdjdb_full_15698 B 28 29 30 31 92 93 94 95 96 97
vdjdb_full_15692 E 1 2 3 4 5 6 7 8 9
vdjdb_full_15692 A 30 31 95 96 97 98 99 100 101
vdjdb_full_15692 B 29 30 31 32 91 92 93 94 95 96 97 98 99 100
vdjdb_full_15688 E 1 2 3 4 5 6 7 8 9
vdjdb_full_15688 A 28 29 30 31 50 95 96 97 98 99 100 101
vdjdb_full_15688 B 30 92 94 95 96 97 98 99
vdjdb_full_15694 E 1 2 3 4 5 6 7 8 9
vdjdb_full_15694 A 28 30 96 97 98 99 100 101
vdjdb_full_15694 B 28 29 30 31 32 51 91 92 93 94 98 99 100
vdjdb_full_15696 E 1 2 3 4 5 6 7 8 9
vdjdb_full_15696 A 28 29 30 31 32 48 49 50 51 55 95 96 97 98 102 103 104
vdjdb_full_15696 B 28 29 31 94 95 96 97 98
vdjdb_full_157 E 1 2 3 4 5 6 7 8 9
vdjdb_full_157 A 28 30 31 50 95 96 97 98 99 100 101 102 103
vdjdb_full_157 B 28 29 30 31 92 93 94 95 96
vdjdb_full_15735 E 1 2 3 4 5 6 7 8 9
vdjdb_full_15735 A 30 31 96 97 98 99 100 101 102 103
vdjdb_full_15735 B 27 28 29 30 31 50 90 91 92 93 94 95 96 97 98
vdjdb_full_15701 E 1 2 3 4 5 6 7 8 9
vdjdb_full_15701 A 27 28 29 30 31 50 95 96 97 98 99 100 101 102 103 104
vdjdb_full_15701 B 96 97 98
vdjdb_full_15703 E 1 2 3 4 5 6 7 8 9
vdjdb_full_15703 A 28 30 96 97 98 99 100 101
vdjdb_full_15703 B 29 30 31 32 91 92 93 95 96 97 98 99
vdjdb_full_15734 E 1 2 3 4 5 6 7 8 9
vdjdb_full_15734 A 28 29 30 31 50 51 55 94 95 96 97 98 99 100 101
vdjdb_full_15734 B 28 29 30 31 32 91 92 93 94 95 97
vdjdb_full_15683 E 1 2 3 4 5 6 7 8 9
vdjdb_full_15683 A 28 30 31 95 96 97 98 99 100 101
vdjdb_full_15683 B 29 30 31 32 91 92 93 94 95 97 98 99
vdjdb_full_15736 E 1 2 3 4 5 6 7 8 9
vdjdb_full_15736 A 27 28 29 30 31 32 49 50 51 52 54 71 94 95 96 97 98 99 100
vdjdb_full_15736 B 30 93 94 95 96
vdjdb_full_15724 E 1 2 3 4 5 6 7 8 9
vdjdb_full_15724 A 96 97 98 99 100 101 102
vdjdb_full_15724 B 28 29 30 31 92 93 94 95 96 97 98 99
vdjdb_full_15738 E 1 2 3 4 5 6 7 8 9
vdjdb_full_15738 A 30 31 50 51 94 95 96 97 98 99 100 101 102 103
vdjdb_full_15738 B 27 28 29 30 31 32 52 93 94 95 96 97 98
vdjdb_full_15747 E 1 2 3 4 5 6 7 8 9
vdjdb_full_15747 A 27 28 29 30 31 50 51 94 95 96 97 98 99
vdjdb_full_15747 B 31 95 96 97 98 99 100 101 102
vdjdb_full_15748 E 1 2 3 4 5 6 7 8 9
vdjdb_full_15748 A 28 29 30 50 95 96 97 98 99 100 101
vdjdb_full_15748 B 30 92 93 94 95 96
vdjdb_full_15715 E 1 2 3 4 5 6 7 8 9
vdjdb_full_15715 A 30 31 50 51 55 95 96 97 98 99
vdjdb_full_15715 B 93 94 95 96 97 98 99 100 101
vdjdb_full_15750 E 1 2 3 4 5 6 7 8 9
vdjdb_full_15750 A 28 29 30 31 32 49 50 51 52 53 55 95 96 97 98 99 100 101
vdjdb_full_15750 B 28 29 30 31 93 94 95 96 97
vdjdb_full_15737 E 1 2 3 4 5 6 7 8 9
vdjdb_full_15737 A 28 29 30 31 32 49 50 51 55 94 95 96 97 98 99
vdjdb_full_15737 B 29 31 93 94 95 96 97 98 99
vdjdb_full_15743 E 1 2 3 4 5 6 7 8 9
vdjdb_full_15743 A 28 29 30 31 50 51 94 95 96 97 98 99 100 101 102 103 104
vdjdb_full_15743 B 30 31 32 50 51 52 53 93 94 95 99
vdjdb_full_15755 E 1 2 3 4 5 6 7 8 9
vdjdb_full_15755 A 28 29 30 31 49 50 51 53 55 95 96 97 98 99 100 101 102 103
vdjdb_full_15755 B 29 30 31 93 94 95 96 97 98 99 100
vdjdb_full_15751 E 1 2 3 4 5 6 7 8 9
vdjdb_full_15751 A 28 29 30 31 50 51 55 95 96 97 98 99 100 101 102
vdjdb_full_15751 B 29 30 31 32 93 94 95 96 97
vdjdb_full_15764 E 1 2 3 4 5 6 7 8 9
vdjdb_full_15764 A 28 30 95 96 97 98 99 100 101
vdjdb_full_15764 B 27 28 29 30 31 32 33 52 53 54 95 96 97 98 99 100
vdjdb_full_15762 E 1 2 3 4 5 6 7 8 9
vdjdb_full_15762 A 27 28 29 30 31 32 73 95 96 97 98 99 100 101
vdjdb_full_15762 B 29 30 31 32 51 52 93 94 95 96 97
vdjdb_full_15754 E 1 2 3 4 5 6 7 8 9
vdjdb_full_15754 A 27 28 29 30 31 50 51 94 95 96 97 98 99
vdjdb_full_15754 B 31 96 97 98 99 100
vdjdb_full_15766 E 1 2 3 4 5 6 7 8 9
vdjdb_full_15766 A 30 31 50 94 95 96 97 98 99 100 101 102 103
vdjdb_full_15766 B 29 30 31 32 95 96 97 98 99 100 101 102 103 104 105
vdjdb_full_15763 E 1 2 3 4 5 6 7 8 9
vdjdb_full_15763 A 28 29 30 31 50 51 95 96 97 98 99 100 101 102
vdjdb_full_15763 B 27 28 29 30 31 91 92 93 94 95 96 97
vdjdb_full_15772 E 1 2 3 4 5 6 7 8 9
vdjdb_full_15772 A 28 29 30 31 50 94 95 96 97 98 99
vdjdb_full_15772 B 28 29 30 31 90 91 92 93 94 95 96 97 98
vdjdb_full_15780 E 1 2 3 4 5 6 7 8 9
vdjdb_full_15780 A 31 94 95 96 97 98 99 100 101
vdjdb_full_15780 B 28 29 30 31 32 33 51 91 92 93 94 95 96
vdjdb_full_15787 E 1 2 3 4 5 6 7 8 9
vdjdb_full_15787 A 30 31 50 51 94 95 96 97 98 99 100
vdjdb_full_15787 B 1 26 27 28 29 30 31 51 91 92 93 94 95 96 97
vdjdb_full_15776 E 1 2 3 4 5 6 7 8 9
vdjdb_full_15776 A 30 31 48 49 50 51 52 53 54 55 56 70 95 96 97 98 99
vdjdb_full_15776 B 93 94 95 96 97
vdjdb_full_15799 E 1 2 3 4 5 6 7 8 9
vdjdb_full_15799 A 28 30 31 49 50 51 55 56 94 95 96 97 98 99 100
vdjdb_full_15799 B 92 93 94 95 96 97 98
vdjdb_full_15794 E 1 2 3 4 5 6 7 8 9
vdjdb_full_15794 A 28 29 30 31 96 97 98 99 100 101 102
vdjdb_full_15794 B 29 30 31 32 92 93 94 95 96 97
vdjdb_full_15801 E 1 2 3 4 5 6 7 8 9
vdjdb_full_15801 A 27 28 29 30 31 50 51 94 95 96 97 98 99 100 101 102
vdjdb_full_15801 B 28 29 30 31 32 33 51 91 92 93 94 95 96 97 99 100
vdjdb_full_15781 E 1 2 3 4 5 6 7 8 9
vdjdb_full_15781 A 28 29 30 31 50 51 94 95 96 97 98 99 100
vdjdb_full_15781 B 29 32 94 95 96 97 98 99
vdjdb_full_15797 E 1 2 3 4 5 6 7 8 9
vdjdb_full_15797 A 28 30 31 50 51 95 96 97 98 99 100 101 102 103 104 105
vdjdb_full_15797 B 28 29 30 31 32 95 96 97 98 99
vdjdb_full_15803 E 1 2 3 4 5 6 7 8 9
vdjdb_full_15803 A 28 29 30 31 50 51 95 96 97 98 99 100 101 102
vdjdb_full_15803 B 29 30 31 32 51 92 93 94 95 96 97
vdjdb_full_15807 E 1 2 3 4 5 6 7 8 9
vdjdb_full_15807 A 27 28 29 30 31 50 94 95 96 97 98 99 100 101
vdjdb_full_15807 B 28 29 30 31 32 33 50 51 52 92 93 94 95 96 97
vdjdb_full_15804 E 1 2 3 4 5 6 7 8 9
vdjdb_full_15804 A 28 29 30 31 50 51 52 94 95 96 97 98 99 100
vdjdb_full_15804 B 28 29 30 31 32 33 51 92 93 94 97 98
vdjdb_full_15802 E 1 2 3 4 5 6 7 8 9
vdjdb_full_15802 A 28 29 30 31 50 51 94 95 96 97 98 99 100 101
vdjdb_full_15802 B 29 30 31 32 93 94 95 96 97 98 99
vdjdb_full_15810 E 1 2 3 4 5 6 7 8 9
vdjdb_full_15810 A 28 29 30 31 50 51 94 95 96 97 98 99 100
vdjdb_full_15810 B 28 29 30 31 32 33 51 91 92 93 94 95 96 97
vdjdb_full_15812 E 1 2 3 4 5 6 7 8 9
vdjdb_full_15812 A 27 28 29 30 31 95 96 97 98 99 100 101 102 103
vdjdb_full_15812 B 31 32 54 97
vdjdb_full_15806 E 1 2 3 4 5 6 7 8 9
vdjdb_full_15806 A 28 29 30 31 32 48 49 50 51 52 53 55 95 96 97 98 99 100 101 102
vdjdb_full_15806 B 28 29 30 31 32 33 51 91 92 93 94 95 96
vdjdb_full_15811 E 1 2 3 4 5 6 7 8 9
vdjdb_full_15811 A 28 29 30 31 94 95 96 97 98 99 100 101
vdjdb_full_15811 B 29 30 31 32 51 91 92 93 94 95 96 97 98
vdjdb_full_15808 E 1 2 3 4 5 6 7 8 9
vdjdb_full_15808 A 28 29 30 31 50 51 71 94 95 96 97 98 99 100 101
vdjdb_full_15808 B 28 29 30 31 32 51 93 94 95 96 97
vdjdb_full_15814 E 1 2 3 4 5 6 7 8 9
vdjdb_full_15814 A 28 30 31 94 95 96 97 98 99
vdjdb_full_15814 B 29 31 32 93 94 95 96 97 98
vdjdb_full_15817 E 1 2 3 4 5 6 7 8 9
vdjdb_full_15817 A 28 29 30 31 49 50 51 52 94 95 96 97 98 99 100
vdjdb_full_15817 B 29 30 31 32 51 92 93 94 95 96 97
vdjdb_full_15815 E 1 2 3 4 5 6 7 8 9
vdjdb_full_15815 A 28 29 30 31 50 51 94 95 96 97 98 99 100
vdjdb_full_15815 B 28 29 30 31 92 93 94 95 96 97 98
vdjdb_full_15822 E 1 2 3 4 5 6 7 8 9
vdjdb_full_15822 A 28 29 30 31 50 51 71 94 95 96 97 98 99 100
vdjdb_full_15822 B 31 50 92 93 94 95 96 97 98
vdjdb_full_15818 E 1 2 3 4 5 6 7 8 9
vdjdb_full_15818 A 27 28 29 30 31 50 51 94 95 96 97 98 99 100 101 102
vdjdb_full_15818 B 28 29 30 31 32 33 51 92 93 94 95
vdjdb_full_15829 E 1 2 3 4 5 6 7 8 9
vdjdb_full_15829 A 28 29 30 31 50 51 52 71 94 95 96 97 98 99 100
vdjdb_full_15829 B 28 29 30 31 32 51 94 95 96 97 98
vdjdb_full_15824 E 1 2 3 4 5 6 7 8 9
vdjdb_full_15824 A 28 29 30 31 50 51 94 95 96 97 98 99 100
vdjdb_full_15824 B 28 29 30 31 32 33 51 92 93 94 95 96 97 98
vdjdb_full_15813 E 1 2 3 4 5 6 7 8 9
vdjdb_full_15813 A 28 29 30 31 50 51 94 95 96 97 98 99 100 101
vdjdb_full_15813 B 30 31 32 95 96 97 98 99 100 101
vdjdb_full_15826 E 1 2 3 4 5 6 7 8 9
vdjdb_full_15826 A 28 29 30 31 50 51 52 71 94 95 96 97 98 99 100
vdjdb_full_15826 B 29 30 32 51 94 95 96 97 98 99 100
vdjdb_full_15825 E 1 2 3 4 5 6 7 8 9
vdjdb_full_15825 A 28 29 30 31 95 96 97 98 99 100 101 102
vdjdb_full_15825 B 28 29 30 31 32 33 50 51 52 92 93 94 95
vdjdb_full_15828 E 1 2 3 4 5 6 7 8 9
vdjdb_full_15828 A 28 29 30 31 50 51 95 96 97 98 99 100 101 102 103
vdjdb_full_15828 B 29 30 31 92 93 94 95 96 97 98 99
vdjdb_full_15830 E 1 2 3 4 5 6 7 8 9
vdjdb_full_15830 A 28 29 30 31 94 95 96 97 98 99 100 101
vdjdb_full_15830 B 28 29 30 31 32 33 51 91 92 93 94 95 96
vdjdb_full_15831 E 1 2 3 4 5 6 7 8 9
vdjdb_full_15831 A 28 29 30 31 49 50 51 52 54 94 95 96 97 98 99 100
vdjdb_full_15831 B 28 29 30 31 32 33 51 91 92 93 94 95 96 97
vdjdb_full_15835 E 1 2 3 4 5 6 7 8 9
vdjdb_full_15835 A 28 29 30 31 50 51 52 94 95 96 97 98 99
vdjdb_full_15835 B 27 28 29 30 31 32 33 53 95 96 97 98 99
vdjdb_full_15836 E 1 2 3 4 5 6 7 8 9
vdjdb_full_15836 A 28 29 30 31 50 51 52 94 95 96 97 98 99 100 101 102
vdjdb_full_15836 B 27 28 29 30 31 32 33 53 95 96 97 98
vdjdb_full_15827 E 1 2 3 4 5 6 7 8 9
vdjdb_full_15827 A 28 30 51 95 96 97 98 99 100 101 102 103
vdjdb_full_15827 B 28 29 30 31 32 33 50 51 90 91 92
vdjdb_full_15833 E 1 2 3 4 5 6 7 8 9
vdjdb_full_15833 A 28 29 30 31 50 51 94 95 96 97 98 99 100 101
vdjdb_full_15833 B 27 28 29 30 31 32 33 53 95 96 97 98 99 100
vdjdb_full_15834 E 1 2 3 4 5 6 7 8 9
vdjdb_full_15834 A 28 29 30 31 49 50 51 55 94 95 96 97 98 99 100
vdjdb_full_15834 B 29 31 32 95 96 97 98 99 100 101
vdjdb_full_15837 E 1 2 3 4 5 6 7 8 9
vdjdb_full_15837 A 28 29 30 31 50 51 94 95 96 97 98 100
vdjdb_full_15837 B 27 28 29 30 31 32 33 52 53 54 95 96 97 98 99
vdjdb_full_15842 E 1 2 3 4 5 6 7 8 9
vdjdb_full_15842 A 30 31 49 50 51 52 94 95 96 97 98 99 100
vdjdb_full_15842 B 27 28 29 30 31 32 33 53 95 96 97 98 99 100
vdjdb_full_15841 E 1 2 3 4 5 6 7 8 9
vdjdb_full_15841 A 28 30 31 50 94 95 96 97 98 99 100
vdjdb_full_15841 B 27 28 29 30 31 32 33 53 94 95 96 97 98 99
vdjdb_full_15845 E 1 2 3 4 5 6 7 8 9
vdjdb_full_15845 A 29 30 31 49 50 51 52 54 94 95 96 97 98 99 100
vdjdb_full_15845 B 27 28 29 30 31 32 33 53 54 95 96 97 98 99
vdjdb_full_15838 E 1 2 3 4 5 6 7 8 9
vdjdb_full_15838 A 29 30 31 49 50 51 52 94 95 96 97 98 99 100
vdjdb_full_15838 B 27 28 29 30 31 32 33 53 95 96 97 98 99 100
vdjdb_full_15847 E 1 2 3 4 5 6 7 8 9
vdjdb_full_15847 A 30 31 50 51 94 95 96 97 98 99 100 102
vdjdb_full_15847 B 28 29 30 31 32 33 95 96 97 98 99
vdjdb_full_15843 E 1 2 3 4 5 6 7 8 9
vdjdb_full_15843 A 28 30 31 50 51 55 94 95 96 97 98 99 100
vdjdb_full_15843 B 27 28 29 30 31 32 33 95 96 97 98 99
vdjdb_full_15849 E 1 2 3 4 5 6 7 8 9
vdjdb_full_15849 A 30 31 49 50 51 94 95 96 97 98 99 100 101 102
vdjdb_full_15849 B 27 28 29 30 31 32 33 95 96 97 98
vdjdb_full_15844 E 1 2 3 4 5 6 7 8 9
vdjdb_full_15844 A 28 29 30 31 50 51 94 95 96 97 98 99 100 101
vdjdb_full_15844 B 27 28 29 30 31 32 33 53 54 95 96 97 98 99 100 101 102
vdjdb_full_15846 E 1 2 3 4 5 6 7 8 9
vdjdb_full_15846 A 28 29 30 31 32 48 49 50 51 55 95 96 97 98 99 100
vdjdb_full_15846 B 28 30 31 91 92 93 94 95 96 97
vdjdb_full_15848 E 1 2 3 4 5 6 7 8 9
vdjdb_full_15848 A 28 29 30 31 32 97 98 99 100 101 102 103 104
vdjdb_full_15848 B 1 28 29 30 31 32 33 52 53 95 96 97 98 99
vdjdb_full_15851 E 1 2 3 4 5 6 7 8 9
vdjdb_full_15851 A 30 50 96 97 98 99 100 101 102
vdjdb_full_15851 B 29 30 31 32 94 95 96 97 98 99
vdjdb_full_15864 E 1 2 3 4 5 6 7 8 9
vdjdb_full_15864 A 28 30 31 50 55 95 96 97 98 99 100 101
vdjdb_full_15864 B 28 29 30 31 32 92 93 94 95 96 97
vdjdb_full_15866 E 1 2 3 4 5 6 7 8 9
vdjdb_full_15866 A 28 29 30 31 32 49 50 51 55 95 96 97 98 99
vdjdb_full_15866 B 28 29 30 31 92 94 95 96 97 98
vdjdb_full_15862 E 1 2 3 4 5 6 7 8 9
vdjdb_full_15862 A 28 29 30 31 73 96 97 98 99 100 101 102 103 104 105 106
vdjdb_full_15862 B 30 92 93 94 95 96 97 98 99 100
vdjdb_full_15850 E 1 2 3 4 5 6 7 8 9
vdjdb_full_15850 A 28 29 30 31 50 51 52 94 95 96 97 98 99
vdjdb_full_15850 B 1 27 28 29 30 31 32 33 53 54 95 96 97 98 99 100
vdjdb_full_15861 E 1 2 3 4 5 6 7 8 9
vdjdb_full_15861 A 95 96 97 98 99 100 101 102 103 104
vdjdb_full_15861 B 27 28 29 30 31 91 92 93 94 95
vdjdb_full_15867 E 1 2 3 4 5 6 7 8 9
vdjdb_full_15867 A 28 29 30 31 50 95 96 97 98 99 100 101
vdjdb_full_15867 B 29 31 94 95 96
vdjdb_full_15868 E 1 2 3 4 5 6 7 8 9
vdjdb_full_15868 A 28 30 31 50 95 96 97 98 99 100 101 102 103
vdjdb_full_15868 B 30 92 93 94 95 96 97 98 99 100
vdjdb_full_15872 E 1 2 3 4 5 6 7 8 9
vdjdb_full_15872 A 28 29 30 31 49 50 51 55 95 96 97 98
vdjdb_full_15872 B 28 29 31 32 93 94 95 96 97 98 99 100 101
vdjdb_full_15865 E 1 2 3 4 5 6 7 8 9
vdjdb_full_15865 A 28 29 30 31 32 48 49 50 51 52 53 54 55 69 70 71 72 95 96 97 98 99 100 101 102 103
vdjdb_full_15865 B 94 95 96 97 98 99
vdjdb_full_15871 E 1 2 3 4 5 6 7 8 9
vdjdb_full_15871 A 28 29 30 31 50 95 96 97 98 99 100 101 102 103 104
vdjdb_full_15871 B 30 31 94 95 96 97
vdjdb_full_15870 E 1 2 3 4 5 6 7 8 9
vdjdb_full_15870 A 28 30 95 96 97 98 99 100
vdjdb_full_15870 B 28 29 30 31 32 51 91 92 93 94 95 96
vdjdb_full_15880 E 1 2 3 4 5 6 7 8 9
vdjdb_full_15880 A 28 29 30 31 50 51 55 95 96 97 98 99 100 101
vdjdb_full_15880 B 28 29 31 32 93 94 95 96 97 98 99 100
vdjdb_full_1587 E 1 2 3 4 5 6 7 8 9
vdjdb_full_1587 A 27 28 29 30 31 50 51 71 94 95 96 97 98 99 100
vdjdb_full_1587 B 30 93 94 95 96 97
vdjdb_full_15886 E 1 2 3 4 5 6 7 8 9
vdjdb_full_15886 A 27 28 29 30 31 50 94 95 96 97 98 99 100 101
vdjdb_full_15886 B 30 31 32 93 94 95 96 97 98 99
vdjdb_full_15884 E 1 2 3 4 5 6 7 8 9
vdjdb_full_15884 A 28 29 30 31 50 95 96 97 98 99 100 101 102
vdjdb_full_15884 B 30 31 96 97 98 99
vdjdb_full_15881 E 1 2 3 4 5 6 7 8 9
vdjdb_full_15881 A 28 30 31 50 95 96 97 98 99 100 101 103 104
vdjdb_full_15881 B 28 29 30 31 32 93 94 95 96 97 98 99 100 101
vdjdb_full_15877 E 1 2 3 4 5 6 7 8 9
vdjdb_full_15877 A 50 55 56 97 98 99 100 101 102
vdjdb_full_15877 B 95 96 97 98 99 100
vdjdb_full_15885 E 1 2 3 4 5 6 7 8 9
vdjdb_full_15885 A 28 30 31 49 50 51 55 95 96 97 98 99 100 101
vdjdb_full_15885 B 28 29 31 32 93 94 95 96 97 98 99 100 101
vdjdb_full_15883 E 1 2 3 4 5 6 7 8 9
vdjdb_full_15883 A 28 30 31 50 95 96 97 98 99 100 101 102 103 104
vdjdb_full_15883 B 31 94 95 96
vdjdb_full_15890 E 1 2 3 4 5 6 7 8 9
vdjdb_full_15890 A 27 28 29 30 31 93 94 95 96 97 98 99 100 101 102 103
vdjdb_full_15890 B 31 93 94 95 96 97 98 99 100
vdjdb_full_15896 E 1 2 3 4 5 6 7 8 9
vdjdb_full_15896 A 28 29 30 31 49 50 51 55 95 96 97 98 99 100 101 102
vdjdb_full_15896 B 28 29 30 31 90 91 92 93 94 95 96
vdjdb_full_15897 E 1 2 3 4 5 6 7 8 9
vdjdb_full_15897 A 30 50 55 95 96 97 98 99 100 101 102 103 104
vdjdb_full_15897 B 27 28 29 30 31 50 91 92 93 94 95
vdjdb_full_15888 E 1 2 3 4 5 6 7 8 9
vdjdb_full_15888 A 28 30 31 50 95 96 97 98 99 100 101 102 103 104
vdjdb_full_15888 B 29 31 93 94 95 96
vdjdb_full_15902 E 1 2 3 4 5 6 7 8 9
vdjdb_full_15902 A 30 31 50 94 95 96 97 98 99 100 101
vdjdb_full_15902 B 29 30 31 32 33 51 92 93 94 95 96 97 98
vdjdb_full_15899 E 1 2 3 4 5 6 7 8 9
vdjdb_full_15899 A 50 55 96 97 98 99 100 101 102 103
vdjdb_full_15899 B 95 96 97 98 99
vdjdb_full_15903 E 1 2 3 4 5 6 7 8 9
vdjdb_full_15903 A 27 28 29 30 31 49 50 51 52 53 55 95 96 97 98 99
vdjdb_full_15903 B 96 97 98 99 100 101 102 103
vdjdb_full_15905 E 1 2 3 4 5 6 7 8 9
vdjdb_full_15905 A 30 31 50 96 97 98 99 100 101 102 103
vdjdb_full_15905 B 29 31 94 95 96 97 98
vdjdb_full_15901 E 1 2 3 4 5 6 7 8 9
vdjdb_full_15901 A 28 30 31 50 55 95 96 97 98 99 100 101 102
vdjdb_full_15901 B 28 30 31 92 93 94 95 96 97 98
vdjdb_full_15900 E 1 2 3 4 5 6 7 8 9
vdjdb_full_15900 A 28 30 50 95 96 97 98 99 100 101
vdjdb_full_15900 B 94 95 96 97 98 99 100 101
vdjdb_full_15917 E 1 2 3 4 5 6 7 8 9
vdjdb_full_15917 A 28 30 31 50 55 95 96 97 98 99
vdjdb_full_15917 B 30 92 93 94 95 96 97 98
vdjdb_full_15907 E 1 2 3 4 5 6 7 8 9
vdjdb_full_15907 A 28 29 30 31 49 50 51 55 95 96 97 98 99 100 101 102
vdjdb_full_15907 B 29 31 32 93 94 95 96 97 98 99 100
vdjdb_full_15908 E 1 2 3 4 5 6 7 8 9
vdjdb_full_15908 A 50 55 96 97 98 99 100 101 102 103
vdjdb_full_15908 B 95 96 97 98 99
vdjdb_full_15913 E 1 2 3 4 5 6 7 8 9
vdjdb_full_15913 A 27 28 29 30 31 49 50 51 52 54 94 95 96 97 98 99 100
vdjdb_full_15913 B 28 29 30 31 32 93 94 95 96 97 98
vdjdb_full_15914 E 1 2 3 4 5 6 7 8 9
vdjdb_full_15914 A 30 50 96 97 98 99 100 101 102 103
vdjdb_full_15914 B 29 31 32 94 95 96 97 98
vdjdb_full_15921 E 1 2 3 4 5 6 7 8 9
vdjdb_full_15921 A 28 29 30 31 32 49 50 51 52 55 95 96 97 98 99
vdjdb_full_15921 B 96 97 98 99 100 101 102 103
vdjdb_full_15922 E 1 2 3 4 5 6 7 8 9
vdjdb_full_15922 A 27 28 29 30 31 32 49 50 51 52 54 94 95 96 97 98 99
vdjdb_full_15922 B 95 96 97 98
vdjdb_full_15909 E 1 2 3 4 5 6 7 8 9
vdjdb_full_15909 A 28 30 31 49 50 51 55 94 95 96 97 98 99 100
vdjdb_full_15909 B 30 92 93 94 95 96 97 99 100
vdjdb_full_15935 E 1 2 3 4 5 6 7 8 9
vdjdb_full_15935 A 28 29 30 31 50 95 96 97 98 99 100 101 102 103 104
vdjdb_full_15935 B 28 31 94 95 96
vdjdb_full_15936 E 1 2 3 4 5 6 7 8 9
vdjdb_full_15936 A 28 29 30 31 50 95 96 97 98 99 100
vdjdb_full_15936 B 31 93 94 95 96 97 98 99
vdjdb_full_15944 E 1 2 3 4 5 6 7 8 9
vdjdb_full_15944 A 28 29 30 31 50 51 95 96 97 98 99 100 101 102 103 104
vdjdb_full_15944 B 29 31 92 93 94 95 96 97 98
vdjdb_full_15941 E 1 2 3 4 5 6 7 8 9
vdjdb_full_15941 A 28 30 31 50 55 95 96 97 98 99
vdjdb_full_15941 B 30 92 93 94 95 96 97 98 99
vdjdb_full_15923 E 1 2 3 4 5 6 7 8 9
vdjdb_full_15923 A 30 50 96 97 98 99 100 101 102 103
vdjdb_full_15923 B 29 31 92 93 94 95 96 97 98
vdjdb_full_15945 E 1 2 3 4 5 6 7 8 9
vdjdb_full_15945 A 96 97 98 99 100 101 102 103
vdjdb_full_15945 B 29 30 31 32 91 92 93 94 95 96 97
vdjdb_full_15942 E 1 2 3 4 5 6 7 8 9
vdjdb_full_15942 A 28 29 30 31 32 49 50 51 52 55 95 96 97 98 99
vdjdb_full_15942 B 96 97 98 99 100 101 102 103
vdjdb_full_15934 E 1 2 3 4 5 6 7 8 9
vdjdb_full_15934 A 28 29 30 31 49 50 51 55 95 96 97 98 99 100 101 102
vdjdb_full_15934 B 29 30 31 32 93 94 95 96 97 98 99 100
vdjdb_full_15947 E 1 2 3 4 5 6 7 8 9
vdjdb_full_15947 A 30 95 96 97 98 99 100 101 102 103
vdjdb_full_15947 B 29 31 32 93 94 95 96
vdjdb_full_15950 E 1 2 3 4 5 6 7 8 9
vdjdb_full_15950 A 28 29 30 31 49 50 51 55 95 96 97 98 99 100 102 103 104 105 106
vdjdb_full_15950 B 28 29 31 32 93 94 95 96 97 98 99 100
vdjdb_full_15946 E 1 2 3 4 5 6 7 8 9
vdjdb_full_15946 A 28 30 31 50 95 96 97 98 99 100 101 102 103 104 105
vdjdb_full_15946 B 30 92 93 94 95 96 97
vdjdb_full_15951 E 1 2 3 4 5 6 7 8 9
vdjdb_full_15951 A 28 30 31 50 95 96 97 98 99 100 101
vdjdb_full_15951 B 31 95 96 97 98 99 100 101
vdjdb_full_15949 E 1 2 3 4 5 6 7 8 9
vdjdb_full_15949 A 28 30 31 48 50 55 95 96 97 98 99 101 102 103 104
vdjdb_full_15949 B 28 30 31 92 93 94 95 96 97 98 99 100
vdjdb_full_15955 E 1 2 3 4 5 6 7 8 9
vdjdb_full_15955 A 28 29 30 31 49 50 51 95 96 97 98 99
vdjdb_full_15955 B 28 29 30 31 92 93 94 95 96 97 98 99
vdjdb_full_15956 E 1 2 3 4 5 6 7 8 9
vdjdb_full_15956 A 28 30 31 50 95 96 97 98 99 100
vdjdb_full_15956 B 29 31 92 93 94 95 96 97 98 99
vdjdb_full_15957 E 1 2 3 4 5 6 7 8 9
vdjdb_full_15957 A 30 31 48 49 50 51 55 95 96 97 98 99 100
vdjdb_full_15957 B 29 30 31 93 94 95 96 97 98 99 100 101 102 103 104
vdjdb_full_15960 E 1 2 3 4 5 6 7 8 9
vdjdb_full_15960 A 97 98 99 100 101 102 103
vdjdb_full_15960 B 28 29 30 31 49 50 87 88 89 90 91 92
vdjdb_full_15962 E 1 2 3 4 5 6 7 8 9
vdjdb_full_15962 A 28 29 30 31 49 50 51 95 96 97 98 99 100 101 102 103 104
vdjdb_full_15962 B 29 30 31 92 93 94 95 98
vdjdb_full_15973 E 1 2 3 4 5 6 7 8 9
vdjdb_full_15973 A 28 30 31 50 95 96 97 98 99 100 101
vdjdb_full_15973 B 31 32 95 96 97 98 99 100 101
vdjdb_full_15963 E 1 2 3 4 5 6 7 8 9
vdjdb_full_15963 A 30 50 51 55 96 97 98 99
vdjdb_full_15963 B 28 29 30 31 92 93 94 95 96 97 98 99
vdjdb_full_15968 E 1 2 3 4 5 6 7 8 9
vdjdb_full_15968 A 28 29 30 31 50 95 96 97 98 99 100 101 102
vdjdb_full_15968 B 29 92 93 94 95 96 97 98
vdjdb_full_15966 E 1 2 3 4 5 6 7 8 9
vdjdb_full_15966 A 30 96 97 98 99 100 101 102
vdjdb_full_15966 B 28 29 30 31 32 91 92 93 94 95
vdjdb_full_15971 E 1 2 3 4 5 6 7 8 9
vdjdb_full_15971 A 30 96 97 98 99 100 101 102
vdjdb_full_15971 B 28 29 30 31 32 91 92 93 94 95
vdjdb_full_15997 E 1 2 3 4 5 6 7 8 9 10
vdjdb_full_15997 A 28 29 30 31 50 51 94 95 96 97 98 99 100 101
vdjdb_full_15997 B 29 31 32 92 93 94 95 96 97 98 99
vdjdb_full_15990 E 1 2 3 4 5 6 7 8 9 10
vdjdb_full_15990 A 30 31 50 51 52 53 55 95 96 97 98 99 100
vdjdb_full_15990 B 27 28 29 30 31 32 33 52 53 54 95 96 97 98 99
vdjdb_full_15994 E 1 2 3 4 5 6 7 8 9 10
vdjdb_full_15994 A 28 30 31 50 51 55 56 94 95 96 97 98 99 100 101
vdjdb_full_15994 B 29 30 31 32 33 50 51 52 92 93 94 95 96
vdjdb_full_15993 E 1 2 3 4 5 6 7 8 9 10
vdjdb_full_15993 A 30 31 50 51 52 95 96 97 98 99 100
vdjdb_full_15993 B 27 28 29 30 31 32 33 34 51 52 53 54 94 95 96 97 98 99
vdjdb_full_15995 E 1 2 3 4 5 6 7 8 9 10
vdjdb_full_15995 A 30 31 49 50 51 52 94 95 96 97 98
vdjdb_full_15995 B 27 28 29 30 31 32 33 34 51 52 53 54 95 96 97 98 99
vdjdb_full_15996 E 1 2 3 4 5 6 7 8 9 10
vdjdb_full_15996 A 28 29 30 31 49 50 51 52 54 71 94 95 96 97
vdjdb_full_15996 B 27 28 29 30 31 32 33 34 51 52 53 54 94 95 96
vdjdb_full_15998 E 1 2 3 4 5 6 7 8 9 10
vdjdb_full_15998 A 28 29 30 31 49 50 51 52 54 71 94 95 96 97
vdjdb_full_15998 B 27 28 29 30 31 32 33 34 52 53 54 94 95 96 97 98 99
vdjdb_full_16001 E 1 2 3 4 5 6 7 8 9 10
vdjdb_full_16001 A 28 29 30 31 49 50 51 52 54 71 94 95 96 97 98
vdjdb_full_16001 B 27 28 29 30 31 32 33 34 51 52 53 54 94 95 96 97 98 99
vdjdb_full_16 E 1 2 3 4 5 6 7 8 9
vdjdb_full_16 A 95 96 97 98 99 100
vdjdb_full_16 B 28 29 30 92 93 94
vdjdb_full_15991 E 1 2 3 4 5 6 7 8 9 10
vdjdb_full_15991 A 28 30 31 50 51 96 97 98 99 100 101 102 103
vdjdb_full_15991 B 27 28 29 30 31 32 33 34 52 53 54 94 95 96 97
vdjdb_full_16002 E 1 2 3 4 5 6 7 8 9 10
vdjdb_full_16002 A 30 50 51 95 96 97 98 99 100 101
vdjdb_full_16002 B 1 27 28 29 30 31 32 33 52 53 54 95 96 97 98 99 100 101
vdjdb_full_15992 E 1 2 3 4 5 6 7 8 9 10
vdjdb_full_15992 A 29 30 31 49 50 51 52 54 94 95 96 97 98
vdjdb_full_15992 B 27 28 29 30 31 32 33 52 53 54 95 96 97 98 99 100
vdjdb_full_16005 E 1 2 3 4 5 6 7 8 9 10
vdjdb_full_16005 A 28 29 30 31 49 50 51 52 54 94 95 96 97
vdjdb_full_16005 B 27 28 29 30 31 32 33 34 51 52 53 54 95 96 97 98 99
vdjdb_full_16007 E 1 2 3 4 5 6 7 8 9 10
vdjdb_full_16007 A 28 29 30 51 95 96 97 98 99 100 101 102
vdjdb_full_16007 B 28 29 30 31 32 33 52 53 54 95 96 97 98 99 100 101 102
vdjdb_full_16006 E 1 2 3 4 5 6 7 8 9 10
vdjdb_full_16006 A 28 29 30 31 49 50 51 52 54 71 94 95 96 97 98
vdjdb_full_16006 B 27 28 29 30 31 32 33 52 53 54 95 96 97 98 99
vdjdb_full_16013 E 1 2 3 4 5 6 7 8 9 10
vdjdb_full_16013 A 28 29 30 31 49 50 51 52 54 71 94 95 96 97 98
vdjdb_full_16013 B 27 28 29 30 31 32 33 34 51 52 53 54 94 95 96 97 98 99
vdjdb_full_16012 E 1 2 3 4 5 6 7 8 9 10
vdjdb_full_16012 A 28 29 30 31 50 51 52 71 94 95 96 97
vdjdb_full_16012 B 1 27 28 29 30 31 32 33 34 51 52 53 54 95 96 97 98 99 102
vdjdb_full_16008 E 1 2 3 4 5 6 7 8 9 10
vdjdb_full_16008 A 28 30 95 96 97 98 99 100 101 102 103
vdjdb_full_16008 B 27 28 29 30 31 32 33 52 53 54 95 96 97 98 99
vdjdb_full_16009 E 1 2 3 4 5 6 7 8 9 10
vdjdb_full_16009 A 28 29 30 31 49 50 51 52 53 55 95 96 97 98 99
vdjdb_full_16009 B 27 28 29 30 31 32 33 52 53 54 94 95 96 97 98 99 100
vdjdb_full_16014 E 1 2 3 4 5 6 7 8 9 10
vdjdb_full_16014 A 28 29 30 31 50 51 52 54 95 96 97 98 99
vdjdb_full_16014 B 27 28 29 30 31 32 33 52 53 54 95 96 97 98
vdjdb_full_16004 E 1 2 3 4 5 6 7 8 9 10
vdjdb_full_16004 A 30 31 49 50 51 52 54 94 95 96 97 98 99 100 101
vdjdb_full_16004 B 1 27 28 29 30 31 32 33 52 53 54 95 96 97 98
vdjdb_full_16016 E 1 2 3 4 5 6 7 8 9 10
vdjdb_full_16016 A 95 96 97 98 99 100
vdjdb_full_16016 B 29 30 31 32 33 91 92 93 94 95 96 97
vdjdb_full_16020 E 1 2 3 4 5 6 7 8 9 10
vdjdb_full_16020 A 27 28 29 32 96 97 98 99 100 101 102 103 104
vdjdb_full_16020 B 28 29 30 31 32 50 91 92 93 94 95 96 97
vdjdb_full_16010 E 1 2 3 4 5 6 7 8 9 10
vdjdb_full_16010 A 28 29 30 31 32 49 50 51 52 54 71 94 95 96 97
vdjdb_full_16010 B 27 28 29 30 31 32 33 52 53 54 95 96 97 98
vdjdb_full_16019 E 1 2 3 4 5 6 7 8 9 10
vdjdb_full_16019 A 28 29 30 31 32 50 51 52 53 55 94 95 96 97 98 99
vdjdb_full_16019 B 27 28 29 30 31 32 33 52 53 54 95 96 97 98 99 100
vdjdb_full_16021 E 1 2 3 4 5 6 7 8 9 10
vdjdb_full_16021 A 28 29 30 31 49 50 51 52 54 71 94 95 96 97
vdjdb_full_16021 B 27 28 29 30 31 32 33 52 53 54 95 96 97 98 99
vdjdb_full_16022 E 1 2 3 4 5 6 7 8 9 10
vdjdb_full_16022 A 28 29 30 31 32 49 50 51 52 54 71 94 95 96 97 98
vdjdb_full_16022 B 27 28 29 30 31 32 33 52 53 54 95 96 97 99 100 101
vdjdb_full_16018 E 1 2 3 4 5 6 7 8 9 10
vdjdb_full_16018 A 30 31 49 50 51 52 54 94 95 96 97 98
vdjdb_full_16018 B 27 28 29 30 31 32 33 52 53 54 95 96 97 98 99
vdjdb_full_16027 E 1 2 3 4 5 6 7 8 9 10
vdjdb_full_16027 A 28 29 30 31 49 50 51 95 96 97 98 99 100 101 102
vdjdb_full_16027 B 30 31 32 33 52 53 95 96 97 98 99
vdjdb_full_16024 E 1 2 3 4 5 6 7 8 9 10
vdjdb_full_16024 A 30 50 51 96 97 98 99 100 103 104
vdjdb_full_16024 B 2 27 28 29 30 31 32 33 52 53 54 95 96 97 98 99 100
vdjdb_full_16025 E 1 2 3 4 5 6 7 8 9 10
vdjdb_full_16025 A 28 29 30 31 32 49 50 51 52 54 71 94 95 96 97 98 99
vdjdb_full_16025 B 29 30 32 94 95 96 97 98 99 100 101 102 103 104
vdjdb_full_16026 E 1 2 3 4 5 6 7 8 9 10
vdjdb_full_16026 A 27 28 29 30 31 50 51 94 95 96 97 98 99 100
vdjdb_full_16026 B 28 29 30 31 32 51 91 92 93
vdjdb_full_16053 E 1 2 3 4 5 6 7 8 9 10
vdjdb_full_16053 A 28 29 30 31 49 50 51 94 95 96 97 98 99 100 101
vdjdb_full_16053 B 27 28 29 30 31 32 33 34 51 52 53 54 95 96 97 98 99 100
vdjdb_full_16023 E 1 2 3 4 5 6 7 8 9 10
vdjdb_full_16023 A 28 29 30 31 49 50 51 52 54 71 94 95 96 97 98
vdjdb_full_16023 B 27 28 29 30 31 32 33 52 53 54 95 96 97 98
vdjdb_full_16059 E 1 2 3 4 5 6 7 8 9 10
vdjdb_full_16059 A 28 29 30 31 49 50 51 52 54 71 94 95 96 97
vdjdb_full_16059 B 27 28 29 30 31 32 33 34 52 53 54 95 96 97 98 99
vdjdb_full_16058 E 1 2 3 4 5 6 7 8 9 10
vdjdb_full_16058 A 28 29 30 31 50 51 94 95 96 97 98 99 100
vdjdb_full_16058 B 28 29 30 31 32 33 49 50 51 91 92 93 94 95 96 97 98
vdjdb_full_16067 E 1 2 3 4 5 6 7 8 9 10
vdjdb_full_16067 A 28 29 30 31 32 49 50 51 52 54 71 94 95 96 97 98
vdjdb_full_16067 B 27 28 29 30 31 32 33 34 51 52 53 54 95 96 97 98 99 100 101
vdjdb_full_16060 E 1 2 3 4 5 6 7 8 9 10
vdjdb_full_16060 A 27 28 29 30 31 49 50 51 71 94 95 96 97 98 99 100
vdjdb_full_16060 B 29 31 32 33 95 96 97 98 99 100 101 102 103 104 105
vdjdb_full_16065 E 1 2 3 4 5 6 7 8 9 10
vdjdb_full_16065 A 28 29 30 31 32 49 50 51 52 54 71 94 95 96 97
vdjdb_full_16065 B 27 28 29 30 31 32 33 52 53 54 94 95 96 97 98 99
vdjdb_full_16061 E 1 2 3 4 5 6 7 8 9 10
vdjdb_full_16061 A 28 30 95 96 97 98 99 100 101 102 103
vdjdb_full_16061 B 29 30 31 32 33 51 52 53 54 95 96 97 98 99 100 101 102
vdjdb_full_16063 E 1 2 3 4 5 6 7 8 9 10
vdjdb_full_16063 A 28 29 30 31 32 49 50 51 52 54 71 94 95 96 97
vdjdb_full_16063 B 27 28 29 30 31 32 33 34 52 53 54 94 95 96 97 98 99 100
vdjdb_full_16054 E 1 2 3 4 5 6 7 8 9 10
vdjdb_full_16054 A 28 29 30 31 32 49 50 51 52 54 71 94 95 96 97 98 99
vdjdb_full_16054 B 27 28 29 30 31 32 33 34 52 53 54 95 96 97 98 99 100
vdjdb_full_16069 E 1 2 3 4 5 6 7 8 9 10
vdjdb_full_16069 A 30 31 49 50 51 52 54 95 96 97 98 99 100 101 102 103 104
vdjdb_full_16069 B 27 28 29 30 31 32 33 52 53 54 95 96 97 98 99
vdjdb_full_16079 E 1 2 3 4 5 6 7 8 9
vdjdb_full_16079 A 28 29 30 31 50 51 95 96 97 98 99 100 101 102 103
vdjdb_full_16079 B 30 32 90 91 92 93 94 95 96
vdjdb_full_16170 E 1 2 3 4 5 6 7 8 9
vdjdb_full_16170 A 30 95 96 97 98 99 100 101 102 103
vdjdb_full_16170 B 29 30 31 32 50 51 52 53 94 95 96 97 98 99
vdjdb_full_16174 E 1 2 3 4 5 6 7 8 9
vdjdb_full_16174 A 27 28 29 30 31 49 50 51 94 95 96 97 98 99 100 101 102
vdjdb_full_16174 B 30 90 91 93 94 95 97 98 99 100
vdjdb_full_16083 E 1 2 3 4 5 6 7 8 9
vdjdb_full_16083 A 28 29 30 31 50 51 55 56 94 95 96 97 98 99 100 101
vdjdb_full_16083 B 29 30 31 32 93 94 95 96 97 98 99
vdjdb_full_16171 E 1 2 3 4 5 6 7 8 9
vdjdb_full_16171 A 94 95 96 97 98 99 100 101 102 103
vdjdb_full_16171 B 94 95 97 100
vdjdb_full_16068 E 1 2 3 4 5 6 7 8 9 10
vdjdb_full_16068 A 28 29 30 31 32 49 50 51 52 54 71 94 95 96 97 98
vdjdb_full_16068 B 27 28 29 30 31 32 33 34 51 52 53 54 95 96 97 98 99 100 101
vdjdb_full_16183 E 1 2 3 4 5 6 7 8 9
vdjdb_full_16183 A 28 29 30 31 48 49 50 51 52 53 54 55 56 95 96 97 98 99 100 101
vdjdb_full_16183 B 30 91 92 93 94 95
vdjdb_full_16175 E 1 2 3 4 5 6 7 8 9
vdjdb_full_16175 A 27 28 29 30 31 49 50 51 54 94 95 96 97 98 99 100
vdjdb_full_16175 B 96 97 98 99 100 101 102 103
vdjdb_full_16087 E 1 2 3 4 5 6 7 8 9
vdjdb_full_16087 A 30 95 96 97 98 99 100 101
vdjdb_full_16087 B 28 29 30 31 32 93 94 95 96 97 98 99
vdjdb_full_16188 E 1 2 3 4 5 6 7 8 9
vdjdb_full_16188 A 28 29 30 31 48 49 50 51 52 53 54 55 56 95 96 97 98 99 100 101
vdjdb_full_16188 B 29 31 94 95 96 97 98 99
vdjdb_full_16191 E 1 2 3 4 5 6 7 8 9
vdjdb_full_16191 A 28 30 31 49 50 51 53 54 55 56 95 96 97 98 99 100 101 102
vdjdb_full_16191 B 95 96 97 98 99 100 101
vdjdb_full_16186 E 1 2 3 4 5 6 7 8 9
vdjdb_full_16186 A 27 28 29 30 31 50 51 94 95 96 97 98 99 100 101 102
vdjdb_full_16186 B 30 92 93 94 95 96 97 98 99
vdjdb_full_16190 E 1 2 3 4 5 6 7 8 9
vdjdb_full_16190 A 28 30 31 50 51 96 97 98 99 100 101
vdjdb_full_16190 B 30 31 32 91 93 94 95 96
vdjdb_full_16196 E 1 2 3 4 5 6 7 8 9
vdjdb_full_16196 A 27 28 29 30 31 49 50 51 94 95 96 97 98 99
vdjdb_full_16196 B 32 94 95 96 97 98 102 103
vdjdb_full_16187 E 1 2 3 4 5 6 7 8 9
vdjdb_full_16187 A 30 50 51 95 96 97 98 99 100 101 102 103
vdjdb_full_16187 B 29 30 31 32 51 52 94 95 96 97 98
vdjdb_full_16205 E 1 2 3 4 5 6 7 8 9
vdjdb_full_16205 A 31 97 98 99 100 101 102 103 104 105 106
vdjdb_full_16205 B 51 93 94 95 96
vdjdb_full_16200 E 1 2 3 4 5 6 7 8 9
vdjdb_full_16200 A 28 30 31 50 51 95 96 97 98 99 100 101 102
vdjdb_full_16200 B 29 30 32 51 94 95 96 97 98 99
vdjdb_full_16193 E 1 2 3 4 5 6 7 8 9
vdjdb_full_16193 A 28 29 30 31 50 51 95 96 97 98 99 100
vdjdb_full_16193 B 51 52 53 95 96 97 98 99
vdjdb_full_16202 E 1 2 3 4 5 6 7 8 9
vdjdb_full_16202 A 28 30 50 51 96 97 98 99 100 101
vdjdb_full_16202 B 30 32 51 96 97 98 99 100
vdjdb_full_16210 E 1 2 3 4 5 6 7 8 9
vdjdb_full_16210 A 28 29 30 31 48 49 50 51 52 53 55 56 95 96 97 98 99 100 101
vdjdb_full_16210 B 29 94 95 96 97 98
vdjdb_full_16201 E 1 2 3 4 5 6 7 8 9
vdjdb_full_16201 A 28 30 31 49 50 51 94 95 96 97 98 99 100 101
vdjdb_full_16201 B 30 93 94 95 96 97 98 99
vdjdb_full_16211 E 1 2 3 4 5 6 7 8 9
vdjdb_full_16211 A 27 28 29 30 94 95 96 97 98 99 100 101
vdjdb_full_16211 B 29 30 31 32 91 92 93 94 96 97 98 99
vdjdb_full_16215 E 1 2 3 4 5 6 7 8 9
vdjdb_full_16215 A 30 55 95 96 97 98 99 100 101
vdjdb_full_16215 B 28 29 30 31 91 92 93 94 95 96 97
vdjdb_full_16208 E 1 2 3 4 5 6 7 8 9
vdjdb_full_16208 A 28 29 30 31 48 49 50 51 52 53 54 55 56 95 96 97 98 99 100 101 102
vdjdb_full_16208 B 93 94 95 96 97
vdjdb_full_16212 E 1 2 3 4 5 6 7 8 9
vdjdb_full_16212 A 27 28 29 30 31 49 50 51 54 94 95 96 97 98 99
vdjdb_full_16212 B 94 95 96 97 98 99 100 101 102 103
vdjdb_full_16217 E 1 2 3 4 5 6 7 8 9
vdjdb_full_16217 A 28 95 96 97 98 99 100 101
vdjdb_full_16217 B 29 30 31 32 91 92 93 94 95 96 97
vdjdb_full_16241 E 1 2 3 4 5 6 7 8 9
vdjdb_full_16241 A 29 30 31 32 50 51 52 94 95 96 97 98
vdjdb_full_16241 B 28 29 30 31 32 90 91 92 93 94 95
vdjdb_full_16242 E 1 2 3 4 5 6 7 8 9
vdjdb_full_16242 A 28 29 30 31 49 50 51 55 94 95 96 97 98 99
vdjdb_full_16242 B 28 29 30 31 50 89 90 91 92 93 94 95 96 97
vdjdb_full_16218 E 1 2 3 4 5 6 7 8 9
vdjdb_full_16218 A 30 50 95 96 97 98 99 100 101
vdjdb_full_16218 B 27 28 29 30 31 91 92 93 94 95 96 97 98 99
vdjdb_full_16213 E 1 2 3 4 5 6 7 8 9
vdjdb_full_16213 A 28 30 51 95 96 97 98 99 100 101 102
vdjdb_full_16213 B 30 32 51 52 95 96 97 98 99 103
vdjdb_full_16244 E 1 2 3 4 5 6 7 8 9
vdjdb_full_16244 A 30 95 96 97 98 99 100 101 102 103
vdjdb_full_16244 B 31 32 33 95 96 97 98 99 100 101
vdjdb_full_16276 E 1 2 3 4 5 6 7 8 9
vdjdb_full_16276 A 27 28 29 30 31 73 95 96 97 98 99 100 101 102
vdjdb_full_16276 B 28 29 30 94 95 96
vdjdb_full_16249 E 1 2 3 4 5 6 7 8 9
vdjdb_full_16249 A 28 29 30 31 50 51 52 55 72 95 96 97 98 99
vdjdb_full_16249 B 30 31 92 93 94
vdjdb_full_16247 E 1 2 3 4 5 6 7 8 9
vdjdb_full_16247 A 28 29 30 31 50 51 55 95 96 97 98 99 100 101 102 103
vdjdb_full_16247 B 29 31 32 33 95 96 97 98
vdjdb_full_16253 E 1 2 3 4 5 6 7 8 9
vdjdb_full_16253 A 28 29 30 31 49 50 51 55 95 96 97 98 99 100 101
vdjdb_full_16253 B 28 29 30 31 50 90 91 92 93 94 95 96 97
vdjdb_full_16277 E 1 2 3 4 5 6 7 8 9
vdjdb_full_16277 A 28 29 30 31 50 51 94 95 96 97 98 99 100 101 102
vdjdb_full_16277 B 29 30 50 92 93 94 95
vdjdb_full_16236 E 1 2 3 4 5 6 7 8 9
vdjdb_full_16236 A 28 30 96 97 98 99 100 101 102
vdjdb_full_16236 B 28 29 30 31 92 93 94 95 96 97
vdjdb_full_16280 E 1 2 3 4 5 6 7 8 9
vdjdb_full_16280 A 28 29 30 31 50 51 94 95 96 97 98 99 100
vdjdb_full_16280 B 97 98 99 100 101 102
vdjdb_full_16282 E 1 2 3 4 5 6 7 8 9
vdjdb_full_16282 A 28 29 30 31 50 94 95 96 97 98
vdjdb_full_16282 B 31 96 97 98 99 100 101
vdjdb_full_16299 E 1 2 3 4 5 6 7 8 9
vdjdb_full_16299 A 2 27 28 29 30 31 32 72 73 74 95 96 97 98 99 100
vdjdb_full_16299 B 96 97 98 99 100 101 102 103
vdjdb_full_16294 E 1 2 3 4 5 6 7 8 9
vdjdb_full_16294 A 95 96 97 98 99
vdjdb_full_16294 B 28 29 30 31 32 51 91 92 93 94 95 96
vdjdb_full_16286 E 1 2 3 4 5 6 7 8 9
vdjdb_full_16286 A 28 29 30 95 96 97 98 99 100 101
vdjdb_full_16286 B 94 95 96 97
vdjdb_full_16300 E 1 2 3 4 5 6 7 8 9
vdjdb_full_16300 A 28 29 30 50 51 52 95 96 97 98 99
vdjdb_full_16301 E 1 2 3 4 5 6 7 8 9
vdjdb_full_16301 A 28 30 31 50 95 96 97 98 99 100 101 102
vdjdb_full_16301 B 29 30 31 91 92 93 94
vdjdb_full_16305 E 1 2 3 4 5 6 7 8 9
vdjdb_full_16305 A 98 99 100 101 102 103 104 105
vdjdb_full_16305 B 30 92 93 94 95 96 97
vdjdb_full_16307 E 1 2 3 4 5 6 7 8 9
vdjdb_full_16307 A 26 27 28 29 30 31 50 95 96 97 98 99 100 101
vdjdb_full_16307 B 94 95 96 97 98
vdjdb_full_16295 E 1 2 3 4 5 6 7 8 9
vdjdb_full_16295 A 29 30 31 32 48 49 50 51 52 53 55 95 96 97 98
vdjdb_full_16295 B 29 30 31 32 51 52 94 95 96 97 98 99 100 101
vdjdb_full_16311 E 1 2 3 4 5 6 7 8 9
vdjdb_full_16311 A 28 29 30 31 32 49 50 51 52 54 56 94 95 96 97 98 99 100
vdjdb_full_16311 B 96 97 98 99 100
vdjdb_full_16312 E 1 2 3 4 5 6 7 8 9
vdjdb_full_16312 A 28 29 30 31 32 96 97 98 99 100 101 102 103 104 105 106
vdjdb_full_16312 B 28 29 30 31 32 33 51 92 93 94 100 101 102
vdjdb_full_16313 E 1 2 3 4 5 6 7 8 9
vdjdb_full_16313 A 30 31 50 94 95 96 97 98 99 100 101
vdjdb_full_16313 B 28 29 30 31 32 51 94 95 96 97 98
vdjdb_full_16290 E 1 2 3 4 5 6 7 8 9
vdjdb_full_16290 A 95 96 97 98 99 100 101
vdjdb_full_16290 B 31 96 97 98 99 101 102
vdjdb_full_16316 E 1 2 3 4 5 6 7 8 9
vdjdb_full_16316 A 28 30 94 95 96 97 98 99
vdjdb_full_16316 B 29 30 31 91 92 93 94 95 96
vdjdb_full_16338 E 1 2 3 4 5 6 7 8 9
vdjdb_full_16338 A 28 29 30 31 50 95 96 97 98 99 100 101
vdjdb_full_16338 B 29 30 92 93 94 95 96 97 98
vdjdb_full_16315 E 1 2 3 4 5 6 7 8 9
vdjdb_full_16315 A 28 29 30 31 32 49 50 51 52 54 56 94 95 96 97 98
vdjdb_full_16315 B 96 97 98 99 100 101 102
vdjdb_full_16346 E 1 2 3 4 5 6 7 8 9
vdjdb_full_16346 A 30 95 96 97 98 99
vdjdb_full_16346 B 29 31 93 94 95 96 97 98 99 100
vdjdb_full_16343 E 1 2 3 4 5 6 7 8 9
vdjdb_full_16343 A 28 29 30 31 32 49 50 51 94 95 96 97 98
vdjdb_full_16343 B 27 28 29 30 31 32 33 51 91 92 93 94 95 96 97
vdjdb_full_16342 E 1 2 3 4 5 6 7 8 9
vdjdb_full_16342 A 30 50 95 96 97 98 99 100 101 102 103 104
vdjdb_full_16342 B 29 30 31 32 33 91 92 93 94 95 96 97
vdjdb_full_16349 E 1 2 3 4 5 6 7 8 9
vdjdb_full_16349 A 28 30 31 50 51 55 56 95 96 97 98 99 100 101 102
vdjdb_full_16349 B 28 29 30 31 32 93 94 95 96 97 98
vdjdb_full_16350 E 1 2 3 4 5 6 7 8 9
vdjdb_full_16350 A 28 29 30 31 50 94 95 96 97 98 99 100 101 102
vdjdb_full_16350 B 92 93 94 95 96 97 98
vdjdb_full_16355 E 1 2 3 4 5 6 7 8 9
vdjdb_full_16355 A 28 29 30 31 49 50 51 52 54 94 95 96 97 98 99
vdjdb_full_16355 B 28 29 30 31 32 33 95 96 97 98 99 100 101 102 103 104
vdjdb_full_16356 E 1 2 3 4 5 6 7 8 9
vdjdb_full_16356 A 30 31 50 95 96 97 98 99
vdjdb_full_16356 B 95 96 97 98 99 100 101
vdjdb_full_16351 E 1 2 3 4 5 6 7 8 9
vdjdb_full_16351 A 27 28 29 30 31 32 49 50 51 55 95 96 97 98 99 100
vdjdb_full_16351 B 31 95 96 97 98 99 100 101
vdjdb_full_16359 E 1 2 3 4 5 6 7 8 9
vdjdb_full_16359 A 28 29 30 31 32 49 50 51 53 55 94 95 96 97 98 99 100
vdjdb_full_16359 B 1 2 27 28 29 30 31 32 51 92 93 94 95 96 97 98
vdjdb_full_16360 E 1 2 3 4 5 6 7 8 9
vdjdb_full_16360 A 30 95 96 97 98 99 100 101
vdjdb_full_16360 B 28 29 30 31 32 33 90 91 92 93 94 95 96
vdjdb_full_16373 E 1 2 3 4 5 6 7 8 9
vdjdb_full_16373 A 28 29 30 31 49 50 51 52 54 94 95 96 97 98 99
vdjdb_full_16373 B 31 93 94 95 96 97 98 99 100
vdjdb_full_16362 E 1 2 3 4 5 6 7 8 9
vdjdb_full_16362 A 28 29 30 31 32 49 50 51 52 71 94 95 96 97 98
vdjdb_full_16362 B 28 29 30 31 32 90 91 92 93 94 95 96
vdjdb_full_16361 E 1 2 3 4 5 6 7 8 9
vdjdb_full_16361 A 30 31 50 94 95 96 97 98 99 100 101
vdjdb_full_16361 B 29 30 31 32 91 92 93 94 95
vdjdb_full_16363 E 1 2 3 4 5 6 7 8 9
vdjdb_full_16363 A 30 31 50 94 95 96 97 98 99 100 101
vdjdb_full_16363 B 28 29 30 31 32 91 92 93 94 95
vdjdb_full_16371 E 1 2 3 4 5 6 7 8 9
vdjdb_full_16371 A 28 29 30 31 32 49 50 51 52 54 94 95 96 97 98 99 100 101
vdjdb_full_16371 B 27 28 29 30 31 32 51 94 95 96 97 98 99
vdjdb_full_16374 E 1 2 3 4 5 6 7 8 9
vdjdb_full_16374 A 95 96 97 98 99 100
vdjdb_full_16374 B 28 29 30 31 32 51 91 92 93 94 95
vdjdb_full_16357 E 1 2 3 4 5 6 7 8 9
vdjdb_full_16357 A 30 31 50 94 95 96 97 98 99 100 101
vdjdb_full_16357 B 28 29 30 31 32 91 92 93 94 95 96
vdjdb_full_16382 E 1 2 3 4 5 6 7 8 9
vdjdb_full_16382 A 29 31 32 97 98 99 100 101 102 103 104
vdjdb_full_16382 B 97 98 99 100
vdjdb_full_16376 E 1 2 3 4 5 6 7 8 9
vdjdb_full_16376 A 28 29 30 31 49 50 51 55 56 95 96 97 98 99 100
vdjdb_full_16376 B 27 28 29 30 31 32 33 51 90 91 92 93 94 95 96
vdjdb_full_16384 E 1 2 3 4 5 6 7 8 9
vdjdb_full_16384 A 28 29 30 31 50 51 95 96 97 98 99 100 101 102
vdjdb_full_16384 B 29 30 31 32 51 93 94 95 96 97 98 99 100
vdjdb_full_16380 E 1 2 3 4 5 6 7 8 9
vdjdb_full_16380 A 95 96 97 98 99 100
vdjdb_full_16380 B 29 30 31 32 51 91 92 93 94
vdjdb_full_16370 E 1 2 3 4 5 6 7 8 9
vdjdb_full_16370 A 28 30 31 50 94 95 96 97 98 99 100
vdjdb_full_16370 B 28 29 30 31 32 91 92 93 94 95
vdjdb_full_16381 E 1 2 3 4 5 6 7 8 9
vdjdb_full_16381 A 28 29 30 31 50 51 95 96 97 98 99 100 101 103 104
vdjdb_full_16381 B 30 31 32 95 96 97 98 99 100 101 102 103
vdjdb_full_16387 E 1 2 3 4 5 6 7 8 9
vdjdb_full_16387 A 30 31 50 94 95 96 97 98 99 100
vdjdb_full_16387 B 28 29 30 31 32 51 91 92 93 94 95
vdjdb_full_16396 E 1 2 3 4 5 6 7 8 9 10
vdjdb_full_16396 A 28 30 95 96 97 98 99 100 101
vdjdb_full_16396 B 28 29 30 31 32 33 50 51 52 92 93 94 95 99 100 101
vdjdb_full_16385 E 1 2 3 4 5 6 7 8 9
vdjdb_full_16385 A 27 28 29 30 31 50 51 52 71 94 95 96 97 98 99 100
vdjdb_full_16385 B 29 30 31 32 33 95 96 97 98
vdjdb_full_16398 E 1 2 3 4 5 6 7 8 9 10
vdjdb_full_16398 A 28 29 30 31 50 51 95 96 97 98 99 100
vdjdb_full_16398 B 28 29 30 31 32 33 49 50 51 52 91 92 93 94 95 96 97
vdjdb_full_16395 E 1 2 3 4 5 6 7 8 9 10
vdjdb_full_16395 A 28 30 31 50 51 52 95 96 97 98 99
vdjdb_full_16395 B 29 30 31 32 33 50 51 52 92 93 94 95 96 97 98 99 100
vdjdb_full_16399 E 1 2 3 4 5 6 7 8 9 10
vdjdb_full_16399 A 28 29 30 31 50 51 52 94 95 96 97 98 99
vdjdb_full_16399 B 28 29 30 31 32 33 50 51 52 92 93 94 95 96 97 98 99 100
vdjdb_full_16397 E 1 2 3 4 5 6 7 8 9 10
vdjdb_full_16397 A 29 30 31 32 94 95 96 97 98 99 100 101
vdjdb_full_16397 B 27 28 29 30 31 32 33 49 50 51 52 91 92 93 94 95 96 97
vdjdb_full_16394 E 1 2 3 4 5 6 7 8 9 10
vdjdb_full_16394 A 29 30 31 32 94 95 96 97 98 99 100 101 102
vdjdb_full_16394 B 28 29 30 31 32 33 49 50 51 52 91 92 93 94 95 96 97
vdjdb_full_16400 E 1 2 3 4 5 6 7 8 9 10
vdjdb_full_16400 A 29 30 31 32 94 95 96 97 98 99 100 101
vdjdb_full_16400 B 28 29 30 31 32 33 49 50 51 52 91 92 93 94 95 96 97
vdjdb_full_16401 E 1 2 3 4 5 6 7 8 9 10
vdjdb_full_16401 A 28 29 30 31 50 51 94 95 96 97 98 99 100 101
vdjdb_full_16401 B 28 29 30 31 32 33 49 50 51 52 91 92 93 94 95 96
vdjdb_full_16405 E 1 2 3 4 5 6 7 8 9 10
vdjdb_full_16405 A 28 29 30 31 74 97 98 99 100 101 102 103 104
vdjdb_full_16405 B 28 29 30 31 32 33 49 50 51 52 91 92 93 94 95 96 97
vdjdb_full_16404 E 1 2 3 4 5 6 7 8 9 10
vdjdb_full_16404 A 27 28 29 30 31 74 97 98 99 100 101 102 103 104
vdjdb_full_16404 B 29 30 31 32 33 50 51 52 92 93 94 95 96 97 98 99 100
vdjdb_full_16402 E 1 2 3 4 5 6 7 8 9 10
vdjdb_full_16402 A 27 28 29 30 31 50 51 94 95 96 97 98 99 100 101
vdjdb_full_16402 B 28 29 30 31 32 33 50 51 52 91 92 93 94 99 100
vdjdb_full_16406 E 1 2 3 4 5 6 7 8 9 10
vdjdb_full_16406 A 96 97 98 99 100 101 102
vdjdb_full_16406 B 29 30 31 32 33 50 51 52 92 93 94 95 96 97
vdjdb_full_16403 E 1 2 3 4 5 6 7 8 9 10
vdjdb_full_16403 A 28 29 30 31 51 94 95 96 97 98 99 100 101 102 103
vdjdb_full_16403 B 28 29 30 31 32 33 50 51 52 92 93 94 95 96 97
vdjdb_full_16407 E 1 2 3 4 5 6 7 8 9 10
vdjdb_full_16407 A 28 29 30 31 49 50 51 52 72 95 96 97 98 99 100
vdjdb_full_16407 B 29 30 31 32 93 94 95 96 97 98 99
vdjdb_full_16408 E 1 2 3 4 5 6 7 8 9 10
vdjdb_full_16408 A 27 28 29 30 31 50 94 95 96 97 98 99 100 101
vdjdb_full_16408 B 28 29 30 31 32 33 49 50 51 52 91 92 93 94 95 96 97 98
vdjdb_full_16410 E 1 2 3 4 5 6 7 8 9 10
vdjdb_full_16410 A 27 28 29 30 31 50 51 94 95 96 97 98 99 100
vdjdb_full_16410 B 28 29 30 31 32 33 50 51 52 91 92 93 94 95 96
vdjdb_full_16409 E 1 2 3 4 5 6 7 8 9 10
vdjdb_full_16409 A 28 29 30 31 50 51 94 95 96 97 98 99 100 101 102 103 104
vdjdb_full_16409 B 28 29 30 31 32 33 49 50 51 52 91 92 93 94 95 96
vdjdb_full_16417 E 1 2 3 4 5 6 7 8 9
vdjdb_full_16417 A 28 30 50 96 97 98 99 100 101 102 103
vdjdb_full_16417 B 27 28 29 30 31 32 33 54 95 96 97 98 99 100
vdjdb_full_16423 E 1 2 3 4 5 6 7 8 9
vdjdb_full_16423 A 28 29 30 31 96 97 98 99 100 101 102 103
vdjdb_full_16423 B 94 95 96 97 98 99 100 101 102
vdjdb_full_16434 E 1 2 3 4 5 6 7 8 9
vdjdb_full_16434 A 28 29 30 31 49 50 51 52 55 72 95 96 97 98 99 100 101 102 103
vdjdb_full_16434 B 93 94 95 96 97 98 99 100
vdjdb_full_16419 E 1 2 3 4 5 6 7 8 9
vdjdb_full_16419 A 28 29 30 31 49 50 51 52 94 95 96 97 98 99 100
vdjdb_full_16419 B 26 27 28 29 30 31 32 51 91 92 93 94 95 96 97 98
vdjdb_full_16412 E 1 2 3 4 5 6 7 8 9 10
vdjdb_full_16412 A 28 30 96 97 98 99 100 101 102
vdjdb_full_16412 B 29 31 32 33 50 51 92 93 94 95 96 97 98 99
vdjdb_full_16445 E 1 2 3 4 5 6 7 8 9
vdjdb_full_16445 A 55 56
vdjdb_full_16445 B 27 93 94 95 96
vdjdb_full_16475 E 1 2 3 4 5 6 7 8 9
vdjdb_full_16475 A 30 50 51 95 96 97 98 99 100
vdjdb_full_16475 B 27 28 29 30 31 32 33 95 96 97 98 99 100
vdjdb_full_16470 E 1 2 3 4 5 6 7 8 9
vdjdb_full_16470 A 30 50 95 96 97 98 99 100 101 102 103
vdjdb_full_16470 B 27 28 29 30 31 32 33 53 54 95 96 97 98 99
vdjdb_full_16459 E 1 2 3 4 5 6 7 8 9
vdjdb_full_16459 A 27 28 29 30 31 50 51 94 95 96 97 98 99 100 101 102 103
vdjdb_full_16459 B 30 32 94 95 96 97 98 99 100 101 102
vdjdb_full_16474 E 1 2 3 4 5 6 7 8 9
vdjdb_full_16474 A 28 30 31 50 94 95 96 97 98 99 100 101
vdjdb_full_16474 B 29 30 31 32 51 93 94 95 96 97 98 99 100
vdjdb_full_16469 E 1 2 3 4 5 6 7 8 9
vdjdb_full_16469 A 28 30 31 50 94 95 96 97 98 99 100 101
vdjdb_full_16469 B 29 30 31 32 51 93 94 95 96 97 98 99 100
vdjdb_full_16456 E 1 2 3 4 5 6 7 8 9
vdjdb_full_16456 A 30 31 50 51 95 97 98 99 100 101 102
vdjdb_full_16456 B 2 27 28 29 30 31 32 33 95 96 97 98
vdjdb_full_16478 E 1 2 3 4 5 6 7 8 9
vdjdb_full_16478 A 30 50 51 95 96 97 98 99 100
vdjdb_full_16478 B 27 28 29 30 31 32 33 95 96 97 98 99 100
vdjdb_full_16487 E 1 2 3 4 5 6 7 8 9
vdjdb_full_16487 A 28 29 30 31 50 51 52 94 95 96 97 98 99 100 101 102 103
vdjdb_full_16487 B 32 92 93 94 95 96 97 98
vdjdb_full_16481 E 1 2 3 4 5 6 7 8 9
vdjdb_full_16481 A 28 30 31 50 94 95 96 97 98 99 100 101
vdjdb_full_16481 B 29 30 31 32 51 93 94 95 96 97 98 99 100
vdjdb_full_16493 E 1 2 3 4 5 6 7 8 9
vdjdb_full_16493 A 30 31 50 51 94 95 96 97 98 99 100 101
vdjdb_full_16493 B 30 31 32 93 94 95 96 97 98 99
vdjdb_full_16479 E 1 2 3 4 5 6 7 8 9
vdjdb_full_16479 A 31 48 49 50 55 56 96 97 98 99 100
vdjdb_full_16479 B 27 28 29 87 88 89 90 91 92 93 94 95
vdjdb_full_16489 E 1 2 3 4 5 6 7 8 9
vdjdb_full_16489 A 28 29 30 31 49 50 51 52 54 94 95 96 97 98 99 100 101
vdjdb_full_16489 B 30 31 93 94 95 96 97 98 99
vdjdb_full_16491 E 1 2 3 4 5 6 7 8 9
vdjdb_full_16491 A 30 50 95 96 97 98 99 100 102 103
vdjdb_full_16491 B 28 29 30 31 32 33 53 54 95 96 97 98 99
vdjdb_full_16495 E 1 2 3 4 5 6 7 8 9
vdjdb_full_16495 A 27 28 29 30 31 49 50 51 52 54 94 95 96 97 98 99 100 101
vdjdb_full_16495 B 94 96 97 98 99 100
vdjdb_full_16498 E 1 2 3 4 5 6 7 8 9
vdjdb_full_16498 A 27 28 29 30 31 50 94 95 96 97 98 99 100 101 102 103 104
vdjdb_full_16498 B 31 32 93 94 95 96 97 98 99 100
vdjdb_full_16497 E 1 2 3 4 5 6 7 8 9
vdjdb_full_16497 A 30 31 50 95 96 97 98 99 100
vdjdb_full_16497 B 28 29 30 31 32 91 92 93 94 95 96 97 98 99
vdjdb_full_16496 E 1 2 3 4 5 6 7 8 9
vdjdb_full_16496 A 30 31 50 51 55 95 96 97 98 99 100 101 102
vdjdb_full_16496 B 27 28 29 30 31 32 33 95 96 97 98 99 100
vdjdb_full_16494 E 1 2 3 4 5 6 7 8 9
vdjdb_full_16494 A 30 50 51 95 96 97 98 99 100
vdjdb_full_16504 E 1 2 3 4 5 6 7 8 9
vdjdb_full_16504 A 30 50 51 95 96 97 98 99 100 101 102
vdjdb_full_16504 B 27 28 29 30 31 32 33 95 96 97 98 99 100
vdjdb_full_16501 E 1 2 3 4 5 6 7 8 9
vdjdb_full_16501 A 28 30 31 50 94 95 96 97 98 99 100
vdjdb_full_16501 B 29 30 31 32 51 93 94 95 96 97 98 99 100
vdjdb_full_16505 E 1 2 3 4 5 6 7 8 9
vdjdb_full_16505 A 27 28 29 30 31 49 50 51 52 54 94 95 96 97 98 99 100
vdjdb_full_16505 B 30 91 92 93 94 95 96 97
vdjdb_full_16503 E 1 2 3 4 5 6 7 8 9
vdjdb_full_16503 A 27 28 29 30 31 32 73 95 96 97 98 99 100 101 102 103 104 105 106 107
vdjdb_full_16503 B 94 95
vdjdb_full_16508 E 1 2 3 4 5 6 7 8 9
vdjdb_full_16508 A 28 29 30 31 49 50 51 52 54 94 95 96 97 98 99 100 101
vdjdb_full_16508 B 31 93 94 95 96 97 98 99
vdjdb_full_16500 E 1 2 3 4 5 6 7 8 9
vdjdb_full_16500 A 30 31 50 51 95 96 97 98 99 100 101
vdjdb_full_16500 B 29 30 31 93 94 95 96 97 98 99
vdjdb_full_16507 E 1 2 3 4 5 6 7 8 9
vdjdb_full_16507 A 30 96 97 98 99 100 101 102
vdjdb_full_16507 B 29 30 31 93 94 95 96 97 98 99 100 101 102 103 104
vdjdb_full_16519 E 1 2 3 4 5 6 7 8 9
vdjdb_full_16519 A 30 31 50 95 96 97 98 99 100 101
vdjdb_full_16519 B 30 31 91 92 93 94 95 96 97
vdjdb_full_16509 E 1 2 3 4 5 6 7 8 9
vdjdb_full_16509 A 30 50 95 96 97 98 99 100 101 102 103
vdjdb_full_16509 B 28 29 30 31 32 33 53 54 95 96 97 98 99
vdjdb_full_16520 E 1 2 3 4 5 6 7 8 9
vdjdb_full_16520 A 95 96 97 98 99 100 101 102
vdjdb_full_16520 B 28 29 30 31 32 33 52 53 54 95 96 97 98 99
vdjdb_full_16514 E 1 2 3 4 5 6 7 8 9
vdjdb_full_16514 A 50 95 96 97 98 99 100
vdjdb_full_16514 B 27 28 29 30 31 32 33 54 95 96 97 98 99 100
vdjdb_full_16540 E 1 2 3 4 5 6 7 8 9
vdjdb_full_16540 A 28 30 50 95 96 97 98 99 100 101 102
vdjdb_full_16540 B 29 30 31 32 51 52 94 95 96 97 98 99 100
vdjdb_full_16510 E 1 2 3 4 5 6 7 8 9
vdjdb_full_16510 A 28 29 30 31 49 50 51 52 54 94 95 96 97 98 99 100 101
vdjdb_full_16510 B 30 31 93 94 95 96 97 98 99
vdjdb_full_16555 E 1 2 3 4 5 6 7 8 9
vdjdb_full_16555 A 28 29 30 31 50 51 55 95 96 97 98 99
vdjdb_full_16555 B 29 30 31 32 51 92 93 94 95 96 97 98 99
vdjdb_full_16595 E 1 2 3 4 5 6 7 8 9
vdjdb_full_16595 A 28 30 31 50 51 55 56 95 96 97 98 99 100 101 102
vdjdb_full_16595 B 28 29 30 31 32 33 95 96 97 98 99 100
vdjdb_full_16605 E 1 2 3 4 5 6 7 8 9
vdjdb_full_16605 A 28 30 50 96 97 98 99 100 101 102
vdjdb_full_16605 B 29 30 31 32 33 95 96 97 98 99 100 101 102
vdjdb_full_16597 E 1 2 3 4 5 6 7 8 9
vdjdb_full_16597 A 28 29 30 31 50 94 95 96 97 98 99 100
vdjdb_full_16597 B 29 30 31 32 94 95 96 97 98 99
vdjdb_full_16556 E 1 2 3 4 5 6 7 8 9
vdjdb_full_16556 A 28 29 30 31 49 50 51 55 95 96 97 98 99 100
vdjdb_full_16556 B 29 30 31 32 92 93 94 95 96 97 98 99
vdjdb_full_16538 E 1 2 3 4 5 6 7 8 9
vdjdb_full_16538 A 27 28 29 30 31 49 50 51 54 94 95 96 97 98
vdjdb_full_16538 B 29 95 96 97 98 99 100
vdjdb_full_16621 E 1 2 3 4 5 6 7 8 9
vdjdb_full_16621 A 28 94 95 96 97 98 99 100 101
vdjdb_full_16621 B 28 29 30 31 32 51 90 91 92 93 94
vdjdb_full_16623 E 1 2 3 4 5 6 7 8 9
vdjdb_full_16623 A 28 29 30 31 49 50 51 52 53 54 55 70 71 72 73 97 98
vdjdb_full_16623 B 96 97 98 99 100
vdjdb_full_16631 E 1 2 3 4 5 6 7 8 9
vdjdb_full_16631 A 28 29 30 31 50 51 94 95 96 97 98
vdjdb_full_16631 B 29 30 31 32 93 94 95 96 97 98 99
vdjdb_full_16625 E 1 2 3 4 5 6 7 8 9
vdjdb_full_16625 A 98 99 100 101 102
vdjdb_full_16625 B 28 29 30 31 32 33 95 96 97 98 99 100 101 102
vdjdb_full_16650 E 1 2 3 4 5 6 7 8 9
vdjdb_full_16650 A 28 29 30 31 32 49 50 51 93 94 95 96 97 98 99 100
vdjdb_full_16650 B 30 31 32 33 49 50 51 52 93 94
vdjdb_full_16648 E 1 2 3 4 5 6 7 8 9
vdjdb_full_16648 A 30 31 48 49 50 51 52 53 55 94 95 96 97 98 99 100
vdjdb_full_16648 B 30 31 32 50 51 52 53 94 95 96 97 98 99
vdjdb_full_16628 E 1 2 3 4 5 6 7 8 9
vdjdb_full_16628 A 31 98 99 100 101 102 103 104
vdjdb_full_16628 B 29 30 31 32 33 52 95 96 97 98 99 100
vdjdb_full_16651 E 1 2 3 4 5 6 7 8 9
vdjdb_full_16651 A 31 97 98 99 100 101 102 103 104 105 106
vdjdb_full_16651 B 27 28 29 30 31 32 50 51 52 68 93 94 95 96 97 98 99
vdjdb_full_16672 E 1 2 3 4 5 6 7 8 9
vdjdb_full_16672 A 28 30 94 95 96 97 98 99 100 101
vdjdb_full_16672 B 28 29 30 31 32 33 51 91 92 93 94 95 96
vdjdb_full_16656 E 1 2 3 4 5 6 7 8 9
vdjdb_full_16656 A 96 97 98 99 100 101
vdjdb_full_16656 B 29 30 31 92 93 94 95 96 97 98
vdjdb_full_16664 E 1 2 3 4 5 6 7 8 9
vdjdb_full_16664 A 96 97 98 99 100 101 102 103
vdjdb_full_16664 B 97 98 99 100 101 102
vdjdb_full_16677 E 1 2 3 4 5 6 7 8 9
vdjdb_full_16677 A 29 32 97 98 99 100 101 102 103 104 105
vdjdb_full_16677 B 29 31 32 33 94 95 96 97 98 99 100 101
vdjdb_full_16659 E 1 2 3 4 5 6 7 8 9
vdjdb_full_16659 A 31 32 97 98 99 100 101 102 103 104
vdjdb_full_16659 B 95 96 97 98 99 100
vdjdb_full_16674 E 1 2 3 4 5 6 7 8 9
vdjdb_full_16674 A 27 28 29 30 31 74 97 98 99 100 101 102 103 104
vdjdb_full_16674 B 28 29 30 31 32 33 51 91 92 93 94 95 96
vdjdb_full_16653 E 1 2 3 4 5 6 7 8 9
vdjdb_full_16653 A 98 99 100 101 102 103
vdjdb_full_16653 B 28 29 30 31 90 91 92 93 94 95
vdjdb_full_16690 E 1 2 3 4 5 6 7 8 9
vdjdb_full_16690 A 28 29 30 31 50 51 52 71 94 95 96 97 98 99 100 101
vdjdb_full_16690 B 31 96 97 98 99 100 101 102 103 104
vdjdb_full_16696 E 1 2 3 4 5 6 7 8 9
vdjdb_full_16696 A 28 29 30 31 32 49 50 51 52 54 71 94 95 96 97 98 99
vdjdb_full_16696 B 28 29 30 31 92 93 94 95 96 97
vdjdb_full_16679 E 1 2 3 4 5 6 7 8 9
vdjdb_full_16679 A 96 97 98 99 100 101
vdjdb_full_16679 B 29 30 31 32 48 49 50 90 91 92 93 94 95 96
vdjdb_full_16688 E 1 2 3 4 5 6 7 8 9
vdjdb_full_16688 A 28 29 30 31 32 49 50 51 52 54 71 94 95 96 97 98 99 100 101
vdjdb_full_16688 B 94 95 96 97 98 99 100 101 102
vdjdb_full_16694 E 1 2 3 4 5 6 7 8 9
vdjdb_full_16694 A 28 29 30 31 50 51 95 96 97 98 99
vdjdb_full_16694 B 29 30 31 32 49 51 93 94 95 96 97 98
vdjdb_full_16680 E 1 2 3 4 5 6 7 8 9
vdjdb_full_16680 A 28 30 95 96 97 98 99 100 101 102 103
vdjdb_full_16680 B 28 29 30 31 32 33 51 91 92 93 94 95 96
vdjdb_full_16693 E 1 2 3 4 5 6 7 8 9
vdjdb_full_16693 A 30 50 51 95 96 97 98 99 100
vdjdb_full_16693 B 27 28 29 30 31 32 91 92 93 94 95 96 97
vdjdb_full_16697 E 1 2 3 4 5 6 7 8 9
vdjdb_full_16697 A 28 29 30 31 32 49 50 51 52 54 71 94 95 96 97 98 99
vdjdb_full_16697 B 30 31 91 92 93 94 95 96 97 98
vdjdb_full_16706 E 1 2 3 4 5 6 7 8 9
vdjdb_full_16706 A 28 29 30 31 32 48 49 50 51 52 54 94 95 96 97
vdjdb_full_16706 B 2 27 28 29 30 31 32 33 95 96 97 98 99
vdjdb_full_16699 E 1 2 3 4 5 6 7 8 9
vdjdb_full_16699 A 30 31 50 51 55 96 97 98 99 100 101
vdjdb_full_16699 B 28 29 30 31 92 93 94 95 96 97 98 99 100
vdjdb_full_16700 E 1 2 3 4 5 6 7 8 9
vdjdb_full_16700 A 28 29 30 31 96 97 98 99 100 101 102
vdjdb_full_16700 B 28 29 30 31 32 51 91 92 93 94 95
vdjdb_full_16702 E 1 2 3 4 5 6 7 8 9
vdjdb_full_16702 A 28 29 30 31 50 51 94 95 96 97 98 99 100
vdjdb_full_16702 B 31 32 93 94 95 96 97 98 99 100 101 102 103 104
vdjdb_full_16704 E 1 2 3 4 5 6 7 8 9
vdjdb_full_16704 A 28 29 30 31 32 49 50 51 52 54 71 94 95 96 97 98 99
vdjdb_full_16704 B 29 31 32 96 97 98 99 100 101 102 103
vdjdb_full_16698 E 1 2 3 4 5 6 7 8 9
vdjdb_full_16698 A 28 29 30 31 50 51 55 94 95 96 97 98 99 100 101 102 103
vdjdb_full_16698 B 94 95 96 97 98 99 100 101
vdjdb_full_16707 E 1 2 3 4 5 6 7 8 9
vdjdb_full_16707 A 28 29 30 31 32 49 50 51 52 71 94 95 96 97 98 99 100
vdjdb_full_16707 B 31 96 97 98 99
vdjdb_full_16705 E 1 2 3 4 5 6 7 8 9
vdjdb_full_16705 A 28 29 30 31 32 49 50 51 52 54 56 71 94 95 96 97 98 99 100
vdjdb_full_16705 B 93 94 95 96 97
vdjdb_full_16751 E 1 2 3 4 5 6 7 8 9
vdjdb_full_16751 A 28 29 30 31 49 50 51 52 53 55 95 96 97 98 99 100
vdjdb_full_16751 B 95 96 97 98 99 100 101 102
vdjdb_full_16730 E 1 2 3 4 5 6 7 8 9
vdjdb_full_16730 B 29 30 31 32 54 97 98 99 100 101 102 103
vdjdb_full_16709 E 1 2 3 4 5 6 7 8 9
vdjdb_full_16709 A 28 29 30 31 49 50 51 52 54 71 94 95 96 97 98 100
vdjdb_full_16709 B 28 29 30 31 91 92 93 94 95 96 97 98 99
vdjdb_full_16735 E 1 2 3 4 5 6 7 8 9
vdjdb_full_16735 A 50 51 55 96 97 98 99
vdjdb_full_16735 B 27 28 29 30 31 32 94 95 96 97 98
vdjdb_full_16736 E 1 2 3 4 5 6 7 8 9
vdjdb_full_16736 A 28 29 30 31 50 51 55 56 94 95 96 97 98
vdjdb_full_16736 B 28 29 30 31 32 33 51 91 92 93 94 95 96 97
vdjdb_full_16754 E 1 2 3 4 5 6 7 8 9
vdjdb_full_16754 B 28 29 30 31 32 54 96 97 98 99 100 101 102 103
vdjdb_full_16757 E 1 2 3 4 5 6 7 8 9
vdjdb_full_16757 A 29 30 31 32 51 52 74 97 98 99 100 101 102
vdjdb_full_16757 B 28 29 30 31 32 33 52 53 54 95 96 97 98 99
vdjdb_full_16768 E 1 2 3 4 5 6 7 8 9
vdjdb_full_16768 A 27 28 29 30 31 32 49 50 51 52 54 71 94 95 96 97 98 99 100
vdjdb_full_16768 B 96 97 98 99 100 101 102
vdjdb_full_16765 E 1 2 3 4 5 6 7 8 9
vdjdb_full_16765 A 28 30 31 50 95 96 97 98 99 100
vdjdb_full_16765 B 29 30 31 32 33 52 95 96 97 98 99 100 101 102
vdjdb_full_16720 E 1 2 3 4 5 6 7 8 9
vdjdb_full_16720 A 30 95 96 97 98 99 100 101
vdjdb_full_16720 B 28 29 30 31 32 33 52 53 54 95 96 97 98 99 100 101 102
vdjdb_full_16758 E 1 2 3 4 5 6 7 8 9
vdjdb_full_16758 A 29 30 31 96 97 98 99 100 101 102
vdjdb_full_16758 B 28 29 30 31 32 91 92 93 94 95 96 97
vdjdb_full_16769 E 1 2 3 4 5 6 7 8 9
vdjdb_full_16769 A 27 28 29 30 31 32 74 97 98 99 100
vdjdb_full_16769 B 28 29 30 31 92 93 94 95 96 97
vdjdb_full_16778 E 1 2 3 4 5 6 7 8 9
vdjdb_full_16778 A 28 29 30 31 50 51 52 71 94 95 96 97 98
vdjdb_full_16778 B 31 97 98 99 100
vdjdb_full_16767 E 1 2 3 4 5 6 7 8 9
vdjdb_full_16767 A 30 50 94 95 96 97 98 99 100 101
vdjdb_full_16767 B 28 29 30 31 32 33 52 53 54 95 96 97 98 99 100
vdjdb_full_16773 E 1 2 3 4 5 6 7 8 9
vdjdb_full_16773 A 95 96 97 98 99
vdjdb_full_16773 B 28 29 30 31 32 33 52 53 95 96 97 98 99
vdjdb_full_16780 E 1 2 3 4 5 6 7 8 9
vdjdb_full_16780 A 27 28 29 30 31 49 50 51 94 95 96 97 98 99
vdjdb_full_16780 B 31 32 95 96 97 98 99 100 101 102
vdjdb_full_16774 E 1 2 3 4 5 6 7 8 9
vdjdb_full_16774 A 27 28 29 30 31 32 49 50 51 52 54 71 94 95 96 97 98 99 100
vdjdb_full_16774 B 30 92 93 94 95 96 97 98 99
vdjdb_full_16781 E 1 2 3 4 5 6 7 8 9
vdjdb_full_16781 A 28 29 30 31 96 97 98 99 100 101 102
vdjdb_full_16781 B 29 31 32 91 92 93 94 95 96 97 98
vdjdb_full_16793 E 1 2 3 4 5 6 7 8 9
vdjdb_full_16793 A 28 29 30 31 50 95 96 97 98 99 100 101
vdjdb_full_16793 B 27 28 29 30 31 50 92 93 94 95
vdjdb_full_16789 E 1 2 3 4 5 6 7 8 9
vdjdb_full_16789 A 95 96 97 98 99 100 101 102
vdjdb_full_16789 B 30 31 32 96 97 98 99 100
vdjdb_full_16786 E 1 2 3 4 5 6 7 8 9
vdjdb_full_16786 A 94 95 96 97 98 99 100 101 102
vdjdb_full_16786 B 27 28 29 30 31 50 91 92 93 94 95 96
vdjdb_full_16862 E 1 2 3 4 5 6 7 8 9 10
vdjdb_full_16862 A 28 29 30 31 49 50 51 94 95 96 97 98 99 100 101 102 103 104
vdjdb_full_16862 B 1 28 29 30 31 32 33 53 54 95 96 97 98 99 100 101 102
vdjdb_full_16784 E 1 2 3 4 5 6 7 8 9
vdjdb_full_16784 A 28 29 30 31 50 51 94 95 96 97 98
vdjdb_full_16784 B 28 29 30 31 32 93 94 95 96 97
vdjdb_full_16805 E 1 2 3 4 5 6 7 8 9
vdjdb_full_16805 A 28 29 30 31 50 51 95 96 97 98 99 100 101 102 103
vdjdb_full_16805 B 29 31 93 94 95 96 97
vdjdb_full_16798 E 1 2 3 4 5 6 7 8 9
vdjdb_full_16798 A 28 29 30 50 51 55 97 98 99 100 101 102
vdjdb_full_16798 B 30 31 92 93 94 95 96 97 98 99 100
vdjdb_full_16795 E 1 2 3 4 5 6 7 8 9
vdjdb_full_16795 A 28 29 30 31 50 51 94 95 96 97 98 99
vdjdb_full_16795 B 28 29 30 51 93 94 95 96 97 98 100 101 102 103
vdjdb_full_16853 E 1 2 3 4 5 6 7 8 9 10
vdjdb_full_16853 A 30 31 50 51 95 96 97 98 99 100 101
vdjdb_full_16853 B 29 30 31 32 50 51 52 94 95 96 97 98 99 100 101 102
vdjdb_full_16856 E 1 2 3 4 5 6 7 8 9 10
vdjdb_full_16856 A 95 96 97 98 99 100 101
vdjdb_full_16856 B 26 27 28 29 30 31 50 91 92 93 94 95 96 97 98 99 100
vdjdb_full_16869 E 1 2 3 4 5 6 7 8 9 10
vdjdb_full_16869 A 28 29 30 31 32 49 50 51 94 95 96 97 98 99 100
vdjdb_full_16869 B 26 27 28 29 30 31 32 50 90 91 92 93 94 96 97 98 99 100
vdjdb_full_16870 E 1 2 3 4 5 6 7 8 9 10
vdjdb_full_16870 A 28 30 31 50 51 94 95 96 97 98 99 100 101
vdjdb_full_16870 B 29 30 31 32 33 53 54 95 96 97 98 99 100 101 102 103
vdjdb_full_16883 E 1 2 3 4 5 6 7 8 9 10
vdjdb_full_16883 A 30 31 50 51 94 95 96 97 98 99
vdjdb_full_16883 B 26 27 28 29 30 31 32 49 50 91 92 93 94 95 96 97 98 99 100 101
vdjdb_full_16877 E 1 2 3 4 5 6 7 8 9 10
vdjdb_full_16877 A 28 30 31 50 95 96 97 98 99 100 101 102 103 104
vdjdb_full_16877 B 31 96 97 98 99 100 101 102
vdjdb_full_16875 E 1 2 3 4 5 6 7 8 9 10
vdjdb_full_16875 A 30 31 94 95 96 97 98 99 100 101 102 103
vdjdb_full_16875 B 28 29 30 31 32 33 53 54 95 96 97 98 101 102
vdjdb_full_16857 E 1 2 3 4 5 6 7 8 9 10
vdjdb_full_16857 A 28 29 30 31 32 49 50 51 54 94 95 96 97 98 99 100
vdjdb_full_16857 B 28 29 30 31 91 92 93 94 95 96
vdjdb_full_16885 E 1 2 3 4 5 6 7 8 9 10
vdjdb_full_16885 A 28 29 30 31 32 49 50 51 52 54 94 95 96 97 98 99 100
vdjdb_full_16885 B 27 28 29 30 31 91 92 93 94 95
vdjdb_full_16872 E 1 2 3 4 5 6 7 8 9 10
vdjdb_full_16872 A 97 98 99 100 101 102 103 104
vdjdb_full_16872 B 27 28 29 30 31 32 33 48 49 50 68 69 90 91 92 93 94 95 96 97 98
vdjdb_full_16905 E 1 2 3 4 5 6 7 8 9
vdjdb_full_16905 A 1 27 28 30 31 96 97 98 99 100 101 102
vdjdb_full_16905 B 29 30 31 32 33 91 92 93 94 95 96 97
vdjdb_full_16878 E 1 2 3 4 5 6 7 8 9 10
vdjdb_full_16878 A 28 29 30 31 32 49 50 51 94 95 96 97 98 99 100 101 102 103 104
vdjdb_full_16878 B 28 29 30 31 32 33 53 54 95 96 97 100 101 102 103
vdjdb_full_16888 E 1 2 3 4 5 6 7 8 9 10
vdjdb_full_16888 A 28 29 30 31 49 50 51 94 95 96 97 98 99
vdjdb_full_16888 B 28 29 30 31 32 48 49 50 91 92 93 94 95 96 97 98 99
vdjdb_full_16887 E 1 2 3 4 5 6 7 8 9 10
vdjdb_full_16887 A 28 29 30 31 49 50 51 55 94 95 96 97 98 99 100 101 102
vdjdb_full_16887 B 30 93 94 95 96 97 98 99
vdjdb_full_16886 E 1 2 3 4 5 6 7 8 9 10
vdjdb_full_16886 A 31 48 50 55 56 94 95 96 97 98 99 100 101
vdjdb_full_16886 B 1 25 26 27 28 29 30 31 50 90 91 92 93 94 95 96
vdjdb_full_16907 E 1 2 3 4 5 6 7 8 9
vdjdb_full_16907 A 30 31 50 51 96 97 98 99 100
vdjdb_full_16907 B 28 29 30 31 92 93 94 95 96 97 98 99
vdjdb_full_16913 E 1 2 3 4 5 6 7 8 9
vdjdb_full_16913 A 28 30 31 50 51 55 56 95 96 97 98 99
vdjdb_full_16913 B 28 29 30 31 92 93 94 95 96 97 98 99
vdjdb_full_16901 E 1 2 3 4 5 6 7 8 9
vdjdb_full_16901 A 28 30 31 50 51 55 96 97 98 99 100
vdjdb_full_16901 B 28 29 30 31 92 93 94 95 96 97 98 99
vdjdb_full_16923 E 1 2 3 4 5 6 7 8 9
vdjdb_full_16923 A 30 50 51 55 56 95 96 97 98 99 100 101
vdjdb_full_16923 B 28 29 30 31 92 93 94 95 96 97 98 99
vdjdb_full_16912 E 1 2 3 4 5 6 7 8 9
vdjdb_full_16912 A 28 30 31 50 51 55 94 95 96 97 98 99
vdjdb_full_16912 B 28 29 30 31 92 93 94 95 96 97 98
vdjdb_full_16904 E 1 2 3 4 5 6 7 8 9
vdjdb_full_16904 A 28 29 30 31 50 55 95 96 97 98 99 100 101
vdjdb_full_16904 B 30 31 91 92 93 94 95 96 97
vdjdb_full_16914 E 1 2 3 4 5 6 7 8 9
vdjdb_full_16914 A 30 50 55 96 97 98 99 100 101 102 103
vdjdb_full_16914 B 29 30 31 92 93 94 95 96 97 98 99
vdjdb_full_16922 E 1 2 3 4 5 6 7 8 9
vdjdb_full_16922 A 28 30 51 95 96 97 98 99 100 101
vdjdb_full_16922 B 28 29 30 31 92 93 94 95 96 97 98 99
vdjdb_full_16920 E 1 2 3 4 5 6 7 8 9
vdjdb_full_16920 A 28 30 50 51 54 55 56 95 96 97 98 99
vdjdb_full_16920 B 30 92 93 94 95 96 97
vdjdb_full_16919 E 1 2 3 4 5 6 7 8 9
vdjdb_full_16919 A 30 96 97 98 99 100
vdjdb_full_16919 B 27 28 29 30 31 32 33 95 96 97 98 99 100 101 102
vdjdb_full_16927 E 1 2 3 4 5 6 7 8 9
vdjdb_full_16927 A 28 30 31 51 95 96 97 98 99 100
vdjdb_full_16927 B 28 29 30 31 32 33 51 91 92 93 94 95 96
vdjdb_full_16932 E 1 2 3 4 5 6 7 8 9
vdjdb_full_16932 A 96 97 98 99 100 101 102 103 104
vdjdb_full_16932 B 28 29 30 31 32 33 95 96 97 98 99 100 101
vdjdb_full_16931 E 1 2 3 4 5 6 7 8 9
vdjdb_full_16931 A 97 98 99 100 101 102 103 104 105
vdjdb_full_16931 B 29 30 31 32 33 90 91 92 93 94 95 96 97
vdjdb_full_16916 E 1 2 3 4 5 6 7 8 9
vdjdb_full_16916 A 27 28 29 31 32 97 98 99 100 101 102 103 104
vdjdb_full_16916 B 30 92 93 94 95 96 97
vdjdb_full_16938 E 1 2 3 4 5 6 7 8 9
vdjdb_full_16938 A 30 31 49 50 51 52 54 95 96 97 98 99 100 101 102
vdjdb_full_16938 B 28 29 30 31 92 93 94 95 96 97 98 99
vdjdb_full_16933 E 1 2 3 4 5 6 7 8 9
vdjdb_full_16933 A 28 29 30 31 51 95 96 97 98 99 100
vdjdb_full_16933 B 29 30 31 32 91 92 93 94 95 96 97
vdjdb_full_16934 E 1 2 3 4 5 6 7 8 9
vdjdb_full_16934 A 28 29 30 31 50 51 52 94 95 96 97 100 101
vdjdb_full_16934 B 28 29 30 31 92 93 94 95 96 97 98 99
vdjdb_full_16943 E 1 2 3 4 5 6 7 8 9
vdjdb_full_16943 A 28 30 50 51 95 96 97 98 99
vdjdb_full_16943 B 28 29 30 31 92 93 94 95 96 97 98 99
vdjdb_full_16941 E 1 2 3 4 5 6 7 8 9
vdjdb_full_16941 A 95 96 97 98 99 100 101
vdjdb_full_16941 B 29 30 31 32 91 92 93 94 95 96 97
vdjdb_full_16942 E 1 2 3 4 5 6 7 8 9
vdjdb_full_16942 A 95 96 97 98 99 100 101 102
vdjdb_full_16942 B 29 30 31 32 91 92 93 94 95 96 97
vdjdb_full_16949 E 1 2 3 4 5 6 7 8 9
vdjdb_full_16949 A 28 29 30 95 96 97 98 99 100 101
vdjdb_full_16949 B 29 30 31 32 51 91 92 93 96 97 98
vdjdb_full_16944 E 1 2 3 4 5 6 7 8 9
vdjdb_full_16944 A 28 29 30 31 50 55 95 96 97 98 99 100 101
vdjdb_full_16944 B 28 29 30 31 51 91 92 93 94 95 96 97 98 99
vdjdb_full_16945 E 1 2 3 4 5 6 7 8 9
vdjdb_full_16945 A 28 29 30 31 50 51 95 96 97 98 99 100
vdjdb_full_16945 B 28 29 30 31 32 91 92 93 94 95 96 97
vdjdb_full_16951 E 1 2 3 4 5 6 7 8 9
vdjdb_full_16951 A 27 28 29 30 31 94 95 96 97 98 99 100
vdjdb_full_16951 B 29 30 31 32 91 92 93 94 96 97 98
vdjdb_full_16955 E 1 2 3 4 5 6 7 8 9
vdjdb_full_16955 A 30 50 94 95 96 97 98 99 100
vdjdb_full_16955 B 27 28 29 30 31 32 91 92 93 94 98 99 100 101 102 103
vdjdb_full_16952 E 1 2 3 4 5 6 7 8 9
vdjdb_full_16952 A 27 28 29 30 31 94 95 96 97 98 99 100
vdjdb_full_16952 B 29 30 31 32 33 50 51 91 92 93 97 98
vdjdb_full_16961 E 1 2 3 4 5 6 7 8 9
vdjdb_full_16961 A 27 28 29 30 31 50 94 95 96 97 98 99 100
vdjdb_full_16961 B 29 30 31 32 51 91 92 93 98 99 100
vdjdb_full_16958 E 1 2 3 4 5 6 7 8 9
vdjdb_full_16958 A 30 94 95 96 97 98 99 100
vdjdb_full_16958 B 27 28 29 30 31 32 33 91 92 93 94 95 98 99 100 101
vdjdb_full_16964 E 1 2 3 4 5 6 7 8 9
vdjdb_full_16964 A 95 96 97 98 99 100
vdjdb_full_16964 B 28 29 30 31 32 91 92 93 94 95 96 97 98
vdjdb_full_16970 E 1 2 3 4 5 6 7 8 9
vdjdb_full_16970 A 26 27 28 29 30 31 50 94 95 96 97 98 99 100
vdjdb_full_16970 B 31 32 51 91 92 93 97 98 99 100
vdjdb_full_16960 E 1 2 3 4 5 6 7 8 9
vdjdb_full_16960 A 28 30 95 96 97 98 99 100 101
vdjdb_full_16960 B 28 29 30 31 32 91 92 93 94 95 96
vdjdb_full_16967 E 1 2 3 4 5 6 7 8 9
vdjdb_full_16967 A 27 28 29 30 31 94 95 96 97 98 99 100
vdjdb_full_16967 B 29 30 31 32 33 51 91 92 93 97 98 99 100 101 102
vdjdb_full_16972 E 1 2 3 4 5 6 7 8 9
vdjdb_full_16972 A 28 29 30 95 96 97 98 99 100 101 102
vdjdb_full_16972 B 28 29 30 31 32 51 91 92 93 94 95 96 97
vdjdb_full_16973 E 1 2 3 4 5 6 7 8 9
vdjdb_full_16973 A 27 28 29 30 31 94 95 96 97 98 99 100
vdjdb_full_16973 B 29 30 31 32 33 51 91 92 93 97 98 99 100
vdjdb_full_16974 E 1 2 3 4 5 6 7 8 9
vdjdb_full_16974 A 28 30 95 96 97 98 99 100 101 102
vdjdb_full_16974 B 28 29 30 31 32 51 52 91 92 93 94 95 96
vdjdb_full_16976 E 1 2 3 4 5 6 7 8 9
vdjdb_full_16976 A 28 29 30 94 95 96 97 98 99 100 101
vdjdb_full_16976 B 29 30 31 32 91 92 93 94 97 98 99 100 101
vdjdb_full_16987 E 1 2 3 4 5 6 7 8 9
vdjdb_full_16987 A 27 28 29 30 31 94 95 96 97 98 99 100
vdjdb_full_16987 B 29 30 31 32 33 51 91 92 93 96 97 98 99
vdjdb_full_17026 E 1 2 3 4 5 6 7 8 9
vdjdb_full_17026 A 28 29 30 31 49 50 51 55 95 96 97 98 99
vdjdb_full_17026 B 27 28 29 30 31 32 51 94 95 96 97 98 99 100
vdjdb_full_16988 E 1 2 3 4 5 6 7 8 9
vdjdb_full_16988 A 27 28 29 30 31 94 95 96 97 98 99 100
vdjdb_full_16988 B 29 30 31 32 51 91 92 93 94 96 97 98 99
vdjdb_full_17024 E 1 2 3 4 5 6 7 8 9
vdjdb_full_17024 A 28 30 31 49 50 51 53 55 95 96 97 98 99
vdjdb_full_17024 B 27 28 29 30 31 32 51 94 95 96 97 98 99 100
vdjdb_full_16993 E 1 2 3 4 5 6 7 8 9
vdjdb_full_16993 A 28 29 30 95 96 97 98 99 100 101
vdjdb_full_16993 B 29 30 31 32 51 91 92 93 96 97 98
vdjdb_full_17027 E 1 2 3 4 5 6 7 8 9
vdjdb_full_17027 A 28 29 30 31 49 50 51 53 55 95 96 97 98 99
vdjdb_full_17027 B 1 27 28 29 30 31 32 51 94 95 96 97 98 99 100
vdjdb_full_16978 E 1 2 3 4 5 6 7 8 9
vdjdb_full_16978 A 27 28 29 30 31 50 95 96 97 98 99 100 101
vdjdb_full_16978 B 31 91 92 93 94 95 97 98 99 100 101
vdjdb_full_17033 E 1 2 3 4 5 6 7 8 9
vdjdb_full_17033 A 28 29 30 31 49 50 51 52 53 55 95 96 97 98 99
vdjdb_full_17033 B 27 28 29 30 31 32 51 94 95 96 97 98 99 100
vdjdb_full_17029 E 1 2 3 4 5 6 7 8 9
vdjdb_full_17029 A 28 29 30 31 49 50 51 53 55 95 96 97 98 99 100
vdjdb_full_17029 B 1 27 28 29 30 31 32 51 94 95 96 97 98 99 100
vdjdb_full_17032 E 1 2 3 4 5 6 7 8 9
vdjdb_full_17032 A 30 31 49 50 51 55 95 96 97 98 99
vdjdb_full_17032 B 27 28 29 30 31 32 94 95 96 97 98 99 100
vdjdb_full_17035 E 1 2 3 4 5 6 7 8 9
vdjdb_full_17035 A 28 29 30 31 49 50 51 55 95 96 97 98 99
vdjdb_full_17035 B 27 28 29 30 31 32 51 94 95 96 97 98 99 100
vdjdb_full_17030 E 1 2 3 4 5 6 7 8 9
vdjdb_full_17030 A 28 29 30 31 49 50 51 52 53 55 95 96 97 98 99
vdjdb_full_17030 B 27 28 29 30 31 32 94 95 96 97 98 99 100
vdjdb_full_17034 E 1 2 3 4 5 6 7 8 9
vdjdb_full_17034 A 28 29 30 31 50 51 95 96 97 98 99 100 101
vdjdb_full_17034 B 28 29 30 31 32 51 52 93 94 95 96 97
vdjdb_full_17045 E 1 2 3 4 5 6 7 8 9
vdjdb_full_17045 A 28 29 30 31 32 49 50 51 52 54 94 95 96 97 98 99
vdjdb_full_17045 B 27 28 29 30 31 32 33 51 91 92 93 94 95 96 97 98
vdjdb_full_17043 E 1 2 3 4 5 6 7 8 9
vdjdb_full_17043 A 28 29 30 31 49 50 51 53 55 95 96 97 98 99
vdjdb_full_17043 B 27 28 29 30 31 32 51 94 95 96 97 98 99 100
vdjdb_full_17044 E 1 2 3 4 5 6 7 8 9
vdjdb_full_17044 A 28 29 30 31 49 50 51 52 53 55 95 96 97 98 99 100 101
vdjdb_full_17044 B 28 29 30 31 32 33 52 53 54 95 96 97 98 99 100 101
vdjdb_full_17046 E 1 2 3 4 5 6 7 8 9
vdjdb_full_17046 A 95 96 97 98 99 100 101 102
vdjdb_full_17046 B 28 29 30 31 32 91 92 93 94 95 96 97 98 99
vdjdb_full_17037 E 1 2 3 4 5 6 7 8 9
vdjdb_full_17037 A 28 29 30 31 49 50 51 52 53 55 95 96 97 98 99
vdjdb_full_17037 B 27 28 29 30 31 32 51 94 95 96 97 98 99 100
vdjdb_full_17041 E 1 2 3 4 5 6 7 8 9
vdjdb_full_17041 A 28 29 30 31 32 49 50 51 95 96 97 98 99 100 101 102 103
vdjdb_full_17041 B 29 30 31 32 95 96 97 98 99 100 101 102 103
vdjdb_full_17050 E 1 2 3 4 5 6 7 8 9
vdjdb_full_17050 A 30 31 50 94 95 96 97 98 99 100 101 102 103 104
vdjdb_full_17050 B 28 29 30 31 32 33 51 91 92 93 96 97 98
vdjdb_full_17053 E 1 2 3 4 5 6 7 8 9
vdjdb_full_17053 A 30 31 48 49 50 51 52 53 54 55 56 94 95 96 97 98 99 100
vdjdb_full_17053 B 28 29 30 31 32 92 93 94 95 96 97 98
vdjdb_full_17054 E 1 2 3 4 5 6 7 8 9
vdjdb_full_17054 A 28 29 30 31 49 50 51 53 55 95 96 97 98 99
vdjdb_full_17054 B 27 28 29 30 31 32 51 94 95 96 97 98 99 100
vdjdb_full_17052 E 1 2 3 4 5 6 7 8 9
vdjdb_full_17052 A 28 29 30 31 49 50 51 55 95 96 97 98 99 100 101
vdjdb_full_17052 B 27 28 29 30 31 32 51 94 95 96 97 98 99 100
vdjdb_full_17116 E 1 2 3 4 5 6 7 8 9
vdjdb_full_17116 A 30 31 49 50 51 55 56 94 95 96 97 98 99 100 101
vdjdb_full_17116 B 29 30 91 92 93 94 95 96
vdjdb_full_17051 E 1 2 3 4 5 6 7 8 9
vdjdb_full_17051 A 28 29 30 31 49 50 51 53 55 95 96 97 98 99 100
vdjdb_full_17051 B 27 28 29 30 31 32 51 94 95 96 97 98 99 100
vdjdb_full_17120 E 1 2 3 4 5 6 7 8 9
vdjdb_full_17120 A 27 28 29 30 31 32 73 74 95 96 97 98 99 100
vdjdb_full_17120 B 29 30 31 96 97 98 99 100 101 102
vdjdb_full_17125 E 1 2 3 4 5 6 7 8 9
vdjdb_full_17125 A 27 28 29 30 31 49 50 51 52 54 94 95 96 97 98 99
vdjdb_full_17125 B 92 93 94 95 96 97
vdjdb_full_17055 E 1 2 3 4 5 6 7 8 9
vdjdb_full_17055 A 28 29 30 31 49 50 51 53 55 95 96 97 98 99
vdjdb_full_17055 B 27 28 29 30 31 32 51 94 95 96 97 98 99 100
vdjdb_full_17114 E 1 2 3 4 5 6 7 8 9
vdjdb_full_17114 A 27 28 29 30 31 32 73 96 97 98 99 100 101
vdjdb_full_17114 B 31 32 91 92 93 94 95 96 97 98 99
vdjdb_full_17124 E 1 2 3 4 5 6 7 8 9
vdjdb_full_17124 A 28 29 30 31 32 49 50 51 55 95 96 97 98 99 100 101 102
vdjdb_full_17124 B 28 29 31 92 93 94 95
vdjdb_full_17119 E 1 2 3 4 5 6 7 8 9
vdjdb_full_17119 A 28 29 30 31 49 50 51 52 94 95 96 97 98 99 100 101 102
vdjdb_full_17119 B 27 28 29 30 31 32 90 91 92 93
vdjdb_full_17129 E 1 2 3 4 5 6 7 8 9
vdjdb_full_17129 A 28 29 30 31 32 49 50 51 55 95 96 97 98 99
vdjdb_full_17129 B 29 93 94 95 96 97 98
vdjdb_full_17133 E 1 2 3 4 5 6 7 8 9
vdjdb_full_17133 A 28 29 30 31 49 50 51 52 95 96 97 98 99 100 101 102 103
vdjdb_full_17133 B 29 30 31
vdjdb_full_17127 E 1 2 3 4 5 6 7 8 9
vdjdb_full_17127 A 27 28 29 30 31 50 51 71 94 95 96 97 98 99 100
vdjdb_full_17127 B 31 96 97 98 99
vdjdb_full_17160 E 1 2 3 4 5 6 7 8 9
vdjdb_full_17160 A 28 29 30 31 49 50 51 55 95 96 97 98 99 100
vdjdb_full_17160 B 27 28 29 30 31 91 92 93 94 95 96 97 98
vdjdb_full_17161 E 1 2 3 4 5 6 7 8 9
vdjdb_full_17161 A 28 29 30 31 49 50 51 55 95 96 97 98 99 100
vdjdb_full_17161 B 27 28 29 30 31 91 92 93 94 95 96
vdjdb_full_17128 E 1 2 3 4 5 6 7 8 9
vdjdb_full_17128 A 28 29 30 31 32 49 50 51 55 95 96 97 98 99 100 101
vdjdb_full_17128 B 28 29 30 31 93 94 95 96 97
vdjdb_full_17131 E 1 2 3 4 5 6 7 8 9
vdjdb_full_17131 A 28 29 30 31 49 50 51 95 96 97 98 99 100 101 102 103
vdjdb_full_17131 B 28 29 30 31 52 95 96 97 98
vdjdb_full_17136 E 1 2 3 4 5 6 7 8 9
vdjdb_full_17136 A 28 29 30 31 49 50 51 94 95 96 97 98 99
vdjdb_full_17136 B 28 29 30 31 32 52 93 94 95 96 97
vdjdb_full_17132 E 1 2 3 4 5 6 7 8 9
vdjdb_full_17132 A 27 28 29 30 31 49 50 51 54 94 95 96 97 98 99 100 101
vdjdb_full_17132 B 94 95 96 97
vdjdb_full_17134 E 1 2 3 4 5 6 7 8 9
vdjdb_full_17134 A 28 29 30 31 32 49 50 51 94 95 96 97 98 99 100
vdjdb_full_17134 B 28 29 30 31 32 33 51 91 92 93 94 95 96 97 98 99
vdjdb_full_17173 E 1 2 3 4 5 6 7 8 9
vdjdb_full_17173 A 28 29 30 31 49 50 51 55 95 96 97 98 99 100 101 102
vdjdb_full_17173 B 28 29 30 32 51 93 94 95 96 97 98 99 100 101
vdjdb_full_17137 E 1 2 3 4 5 6 7 8 9
vdjdb_full_17137 A 28 29 30 31 49 50 51 55 71 94 95 96 97 98 99
vdjdb_full_17137 B 28 29 31 32 92 93 94 95 96
vdjdb_full_17168 E 1 2 3 4 5 6 7 8 9
vdjdb_full_17168 A 29 30 31 32 97 98 99 100 101 102 103 104 105 106 107 108
vdjdb_full_17168 B 31 95 96 97 98 99 100 101 102
vdjdb_full_17172 E 1 2 3 4 5 6 7 8 9
vdjdb_full_17172 A 28 29 30 31 32 49 50 51 55 95 96 97 98 99 100
vdjdb_full_17172 B 1 28 29 30 31 91 92 93 94 95 96
vdjdb_full_17174 E 1 2 3 4 5 6 7 8 9
vdjdb_full_17174 A 31 97 98 99 100 101 102 103 104
vdjdb_full_17174 B 29 30 31 32 91 92 93 94 95 96 97 98
vdjdb_full_17162 E 1 2 3 4 5 6 7 8 9
vdjdb_full_17162 A 28 29 30 31 48 49 50 51 55 56 94 95 96 97 98 99 100 101
vdjdb_full_17162 B 94 95 96 97 98 99 100 101 102
vdjdb_full_17178 E 1 2 3 4 5 6 7 8 9
vdjdb_full_17178 A 28 29 30 31 50 51 94 95 96 97 98 99
vdjdb_full_17178 B 27 28 29 30 31 32 33 51 91 92 93 94 95 96 97
vdjdb_full_17181 E 1 2 3 4 5 6 7 8 9
vdjdb_full_17181 A 28 30 95 96 97 98 99 100 101
vdjdb_full_17181 B 28 29 30 31 32 51 93 94 95 96 97 98
vdjdb_full_17191 E 1 2 3 4 5 6 7 8 9
vdjdb_full_17191 A 28 29 30 31 32 49 50 51 52 53 54 71 94 95 96 97 98 99 100 101
vdjdb_full_17191 B 30 90 91 92 93 94
vdjdb_full_17184 E 1 2 3 4 5 6 7 8 9
vdjdb_full_17184 A 27 28 29 30 31 49 50 51 52 71 94 95 96 97 98 99 100 101
vdjdb_full_17184 B 30 32 94 95 96 97 98
vdjdb_full_17182 E 1 2 3 4 5 6 7 8 9
vdjdb_full_17182 A 28 29 30 31 49 50 51 52 54 71 94 95 96 97 98 99 100 101
vdjdb_full_17182 B 29 30 90 91 92 93 94
vdjdb_full_17196 E 1 2 3 4 5 6 7 8 9
vdjdb_full_17196 A 31 51 52 53 98 99 100 101 102
vdjdb_full_17196 B 27 28 29 30 31 32 51 52 91 92 93 94 95 96 97 98 99
vdjdb_full_17205 E 1 2 3 4 5 6 7 8 9
vdjdb_full_17205 A 28 29 30 31 49 50 51 55 94 95 96 97 98 99
vdjdb_full_17205 B 30 32 51 94 95 96 97 98 99 100 101 102
vdjdb_full_17200 E 1 2 3 4 5 6 7 8 9
vdjdb_full_17200 A 28 30 31 50 95 96 97 98 99 100 101
vdjdb_full_17200 B 29 31 95 96 97 98 99 100 101 102
vdjdb_full_17202 E 1 2 3 4 5 6 7 8 9
vdjdb_full_17202 A 30 31 32 48 49 50 51 52 53 54 55 56 69 70 96 97 98 99
vdjdb_full_17202 B 95 96 97 98 99 100 101 102 103 104
vdjdb_full_17213 E 1 2 3 4 5 6 7 8 9
vdjdb_full_17213 A 30 31 49 50 51 52 53 55 95 96 97 98 99 100 101
vdjdb_full_17213 B 28 29 30 31 32 92 93 94 95 96
vdjdb_full_17212 E 1 2 3 4 5 6 7 8 9
vdjdb_full_17212 A 30 31 49 50 51 52 53 55 94 95 96 97 98 99 100 101 102
vdjdb_full_17212 B 28 29 30 31 32 92 93 94 95 96
vdjdb_full_17209 E 1 2 3 4 5 6 7 8 9
vdjdb_full_17209 A 28 29 30 31 32 49 50 51 94 95 96 97 98 99 100
vdjdb_full_17209 B 29 30 31 32 51 92 93 94 95 96 97 98 99
vdjdb_full_17214 E 1 2 3 4 5 6 7 8 9
vdjdb_full_17214 A 30 50 95 96 97 98 99 100 102
vdjdb_full_17214 B 29 31 32 95 96 97 98 99 100 101 102 103 104
vdjdb_full_17211 E 1 2 3 4 5 6 7 8 9
vdjdb_full_17211 A 28 29 30 31 32 49 50 51 52 94 95 96 97 98 99
vdjdb_full_17211 B 92 93 94 95 96 97 98 99
vdjdb_full_17255 E 1 2 3 4 5 6 7 8 9
vdjdb_full_17255 A 28 29 30 31 32 49 50 51 95 96 97 98 99
vdjdb_full_17255 B 31 92 93 94 95 96
vdjdb_full_17257 E 1 2 3 4 5 6 7 8 9
vdjdb_full_17257 A 95 96 97 98 99 100 101 102
vdjdb_full_17257 B 27 28 29 30 31 50 91 92 93 94
vdjdb_full_17216 E 1 2 3 4 5 6 7 8 9
vdjdb_full_17216 A 28 29 30 31 49 50 51 52 54 94 95 96 97 98 99
vdjdb_full_17216 B 27 28 29 30 31 32 51 91 92 93 94 95 96 97
vdjdb_full_17260 E 1 2 3 4 5 6 7 8 9
vdjdb_full_17260 A 1 2 26 27 28 29 30 31 94 95 96 97 98
vdjdb_full_17264 E 1 2 3 4 5 6 7 8 9
vdjdb_full_17264 A 28 29 30 96 97 98 99 100 103
vdjdb_full_17264 B 95 96
vdjdb_full_17270 E 1 2 3 4 5 6 7 8 9
vdjdb_full_17270 A 28 29 30 31 50 51 95 96 97 98 99 100 101 102 103
vdjdb_full_17270 B 94 95 96
vdjdb_full_17268 E 1 2 3 4 5 6 7 8 9
vdjdb_full_17268 A 28 30 31 49 50 95 96 97 98 99 100
vdjdb_full_17268 B 27 31 87 88 89 90 91 92 93 94 95
vdjdb_full_17265 E 1 2 3 4 5 6 7 8 9
vdjdb_full_17265 A 28 29 30 31 49 50 51 52 53 55 94 95 96 97 98 99
vdjdb_full_17265 B 95 96 97 99
vdjdb_full_17275 E 1 2 3 4 5 6 7 8 9
vdjdb_full_17275 A 27 28 29 30 31 73 96 97 98 99 100 101 102 103
vdjdb_full_17275 B 95 96 97
vdjdb_full_17266 E 1 2 3 4 5 6 7 8 9
vdjdb_full_17266 A 28 29 30 31 32 49 50 51 94 95 96 97 98 99 100
vdjdb_full_17266 B 29 30 95 96 97 98 99 100
vdjdb_full_17272 E 1 2 3 4 5 6 7 8 9
vdjdb_full_17272 A 28 29 30 31 49 50 51 52 54 94 95 96 97 98 99
vdjdb_full_17272 B 96 97 98 99 100 101 102
vdjdb_full_17285 E 1 2 3 4 5 6 7 8 9 10
vdjdb_full_17285 A 28 29 30 31 51 94 95 96 97 98 99 100 101 102
vdjdb_full_17285 B 28 29 30 31 32 33 50 51 52 91 92 93 94 95 96 97 98
vdjdb_full_17283 E 1 2 3 4 5 6 7 8 9 10
vdjdb_full_17283 A 28 29 30 31 50 51 94 95 96 97 98 99 100 101 102
vdjdb_full_17283 B 27 28 29 30 31 32 33 52 53 54 95 96 97 98 99
vdjdb_full_17290 E 1 2 3 4 5 6 7 8 9 10
vdjdb_full_17290 A 28 29 30 31 50 51 94 95 96 97 98 99 100 101 102 103 104 105
vdjdb_full_17290 B 29 30 31 32 33 50 51 52 92 93 94 95 100
vdjdb_full_17293 E 1 2 3 4 5 6 7 8 9 10
vdjdb_full_17293 A 28 29 30 31 32 49 50 51 52 54 71 94 95 96 97 98 99
vdjdb_full_17293 B 27 28 29 30 31 32 33 52 53 54 94 95 96 97 98 99 100
vdjdb_full_17277 E 1 2 3 4 5 6 7 8 9
vdjdb_full_17277 A 29 30 31 49 50 51 52 54 56 94 95 96 97 98 99 100
vdjdb_full_17277 B 94 95 96 97 98
vdjdb_full_17286 E 1 2 3 4 5 6 7 8 9 10
vdjdb_full_17286 A 28 30 31 50 51 96 97 98 99 100
vdjdb_full_17286 B 29 30 31 32 33 52 53 54 95 96 97 98 99 100 101 102
vdjdb_full_17292 E 1 2 3 4 5 6 7 8 9 10
vdjdb_full_17292 A 29 30 31 32 51 94 95 96 97 98 99 100 101 102
vdjdb_full_17292 B 29 30 31 32 93 94 95 96 97 98 99 100
vdjdb_full_17282 E 1 2 3 4 5 6 7 8 9 10
vdjdb_full_17282 A 28 29 30 31 50 51 94 95 96 97 98 99 100 101
vdjdb_full_17282 B 29 30 31 32 33 50 51 52 92 93 94 95 96 97 98
vdjdb_full_17299 E 1 2 3 4 5 6 7 8 9 10
vdjdb_full_17299 A 28 29 30 31 96 97 98 99 100 101 102
vdjdb_full_17299 B 29 30 31 32 33 52 53 54 95 96 97 98 99
vdjdb_full_17296 E 1 2 3 4 5 6 7 8 9 10
vdjdb_full_17296 A 28 29 30 31 50 51 94 95 96 97 98 99 100 101 102
vdjdb_full_17296 B 28 29 30 31 32 33 50 51 52 91 92 93 94 95 99 100 101
vdjdb_full_17295 E 1 2 3 4 5 6 7 8 9 10
vdjdb_full_17295 A 29 30 31 32 51 94 95 96 97 98 99 100 101 102
vdjdb_full_17295 B 29 30 31 32 93 94 95 96 97 98 99 100
vdjdb_full_17294 E 1 2 3 4 5 6 7 8 9 10
vdjdb_full_17294 A 28 29 30 31 50 51 96 97 98 99 100
vdjdb_full_17294 B 28 29 30 31 32 33 52 53 54 95 96 97 98 99 100 101 102
vdjdb_full_17298 E 1 2 3 4 5 6 7 8 9 10
vdjdb_full_17298 A 28 29 30 31 50 51 52 94 95 96 97 98 99 100 101
vdjdb_full_17298 B 27 28 29 30 31 32 33 52 53 54 95 96 97 98 99 102
vdjdb_full_17300 E 1 2 3 4 5 6 7 8 9 10
vdjdb_full_17300 A 28 29 30 31 50 51 94 95 96 97 98 99 100 101
vdjdb_full_17300 B 29 30 31 32 33 50 51 52 92 93 94 95 96 97 98 99
vdjdb_full_17297 E 1 2 3 4 5 6 7 8 9 10
vdjdb_full_17297 A 28 29 30 31 51 95 96 97 98 99 100
vdjdb_full_17297 B 29 30 31 32 33 52 53 54 95 96 97 98 99 100 101 102
vdjdb_full_17313 E 1 2 3 4 5 6 7 8 9
vdjdb_full_17313 A 28 29 30 31 50 51 55 94 95 96 97 98 99 100 101
vdjdb_full_17313 B 28 29 30 31 92 93 94 95 96 97 98
vdjdb_full_17302 E 1 2 3 4 5 6 7 8 9 10
vdjdb_full_17302 A 28 29 30 31 50 51 94 95 96 97 98 99 100 101 102
vdjdb_full_17302 B 29 30 31 32 33 50 51 52 92 93 94 95 96 97 98
vdjdb_full_17316 E 1 2 3 4 5 6 7 8 9
vdjdb_full_17316 A 29 95 96 97 98 99 100 101
vdjdb_full_17316 B 27 28 29 30 31 50 51 91 92 93 94 95 96 97
vdjdb_full_17320 E 1 2 3 4 5 6 7 8 9
vdjdb_full_17320 A 28 29 30 31 50 51 94 95 96 97 98 99 100
vdjdb_full_17320 B 1 2 26 27 28 29 30 31 91 92 93 94 95 96 97 98
vdjdb_full_17317 E 1 2 3 4 5 6 7 8 9
vdjdb_full_17317 A 28 29 30 31 50 51 95 96 97 98 99 100 101
vdjdb_full_17317 B 30 31 92 93 94 95 96 97 98 99 100 101
vdjdb_full_17326 E 1 2 3 4 5 6 7 8 9 10 11
vdjdb_full_17326 A 28 29 30 31 50 51 95 96 97 98 99 100 101 102 103
vdjdb_full_17326 B 29 30 31 32 51 52 93 94 95 96 97 98 99 100
vdjdb_full_17335 E 1 2 3 4 5 6 7 8 9 10 11
vdjdb_full_17335 A 28 30 31 50 51 95 96 97 98 99 100 101 102 103
vdjdb_full_17335 B 31 32 51 93 94 95 96 97 98 99 100 101
vdjdb_full_17325 E 1 2 3 4 5 6 7 8 9 10 11
vdjdb_full_17325 A 28 30 31 50 51 96 97 98 99 100 101 102
vdjdb_full_17325 B 29 30 31 32 51 93 94 95 96 97 98
vdjdb_full_17327 E 1 2 3 4 5 6 7 8 9 10 11
vdjdb_full_17327 A 28 30 31 32 48 49 50 55 56 95 96 97 98 99 102 103 104 105
vdjdb_full_17327 B 27 28 29 30 31 50 91 92 93 94 95 96
vdjdb_full_17352 E 1 2 3 4 5 6 7 8 9
vdjdb_full_17352 A 30 31 50 55 94 95 96 97 98 99 100 101 102
vdjdb_full_17352 B 27 28 29 30 31 50 91 92 93 94 95 96 97 98
vdjdb_full_17337 E 1 2 3 4 5 6 7 8 9 10 11
vdjdb_full_17337 A 28 30 31 50 51 94 95 96 97 98 99 100 101
vdjdb_full_17337 B 29 30 31 50 91 93 96 97 98
vdjdb_full_17338 E 1 2 3 4 5 6 7 8 9 10 11
vdjdb_full_17338 A 30 94 95 96 97 98 99 100 101 102 103 104
vdjdb_full_17338 B 26 27 28 29 30 31 32 49 50 51 91 92 93 94 95 96 97 98
vdjdb_full_17336 E 1 2 3 4 5 6 7 8 9 10 11
vdjdb_full_17336 A 28 29 30 31 50 51 55 95 96 97 98 99 100
vdjdb_full_17336 B 28 29 30 31 32 49 50 91 92 93 94 95 96 97 103 104 105 106 107 108
vdjdb_full_17349 E 1 2 3 4 5 6 7 8 9
vdjdb_full_17349 A 28 29 30 31 50 51 94 95 96 97 98 99 100 101
vdjdb_full_17349 B 29 30 31 32 51 52 53 93 94 95 100 101 102 103
vdjdb_full_17339 E 1 2 3 4 5 6 7 8 9 10 11
vdjdb_full_17339 A 28 30 31 50 95 96 97 98 99 100 101 102 103
vdjdb_full_17339 B 32 51 94 95 96 97 98 99
vdjdb_full_17345 E 1 2 3 4 5 6 7 8 9 10 11
vdjdb_full_17345 A 28 30 31 50 94 95 96 97 98 99 100 101 102 103 104
vdjdb_full_17345 B 31 96 97 98 99 100 101
vdjdb_full_17344 E 1 2 3 4 5 6 7 8 9 10 11
vdjdb_full_17344 A 27 28 29 30 31 32 49 50 51 52 54 94 95 96 97 98 99 100
vdjdb_full_17344 B 32 51 94 95 96 97 98 99 100 101
vdjdb_full_17360 E 1 2 3 4 5 6 7 8 9
vdjdb_full_17360 A 28 29 30 31 49 50 51 94 95 96 97 98 99 100 101 102
vdjdb_full_17360 B 28 29 30 92 93 94 95 96 97 98 99
vdjdb_full_17354 E 1 2 3 4 5 6 7 8 9
vdjdb_full_17354 A 28 30 31 50 51 55 94 95 96 97 98 99 100 101 102
vdjdb_full_17354 B 27 28 29 30 31 91 92 93 94 95 96 97
vdjdb_full_17355 E 1 2 3 4 5 6 7 8 9
vdjdb_full_17355 A 30 31 48 49 50 51 53 54 55 56 95 96 97 98 99 100
vdjdb_full_17355 B 27 28 29 30 31 91 92 93 94 95 96 97
vdjdb_full_17359 E 1 2 3 4 5 6 7 8 9
vdjdb_full_17359 A 28 30 31 50 95 96 97 98 99 100 101 102 103
vdjdb_full_17359 B 28 29 30 31 32 95 96 97 98 99 100 101 102
vdjdb_full_17356 E 1 2 3 4 5 6 7 8 9
vdjdb_full_17356 A 30 31 50 55 94 95 96 97 98 99 100 101 102
vdjdb_full_17356 B 27 28 29 30 31 91 92 93 94 95 96 97 98
vdjdb_full_17363 E 1 2 3 4 5 6 7 8 9
vdjdb_full_17363 A 95 96 97 98 99 100
vdjdb_full_17363 B 29 30 31 32 33 54 95 96 97 98 99 100 101 102 103
vdjdb_full_17353 E 1 2 3 4 5 6 7 8 9
vdjdb_full_17353 A 28 29 30 31 32 49 50 51 52 54 94 95 96 97 98 99 101
vdjdb_full_17353 B 95 96 97 98 99 100 101
vdjdb_full_17365 E 1 2 3 4 5 6 7 8 9
vdjdb_full_17365 A 30 31 50 55 95 96 97 98 99 100
vdjdb_full_17365 B 27 28 29 30 31 50 91 92 93 94 95 96 97 98
vdjdb_full_17369 E 1 2 3 4 5 6 7 8 9
vdjdb_full_17369 A 27 28 29 30 31 32 49 50 51 52 71 94 95 96 97 98 99 100
vdjdb_full_17369 B 97 98 99 100 101 104
vdjdb_full_17372 E 1 2 3 4 5 6 7 8 9
vdjdb_full_17372 A 28 30 31 50 51 94 95 96 97 98 99 100
vdjdb_full_17372 B 27 28 29 30 31 91 92 93 94 95 96 97 98
vdjdb_full_17377 E 1 2 3 4 5 6 7 8 9
vdjdb_full_17377 A 28 29 30 31 50 51 94 95 96 97 98 99 100 101
vdjdb_full_17377 B 29 31 32 93 94 95 96
vdjdb_full_17362 E 1 2 3 4 5 6 7 8 9
vdjdb_full_17362 A 95 96 97 98 99 100 101
vdjdb_full_17362 B 29 30 31 32 33 54 95 96 97 98 99 101 102
vdjdb_full_17391 E 1 2 3 4 5 6 7 8 9 10
vdjdb_full_17391 A 28 29 30 31 32 48 49 50 51 55 95 96 97 98 99 100
vdjdb_full_17391 B 28 29 30 31 32 33 51 92 93 94 95 96 97 98
vdjdb_full_17379 E 1 2 3 4 5 6 7 8 9
vdjdb_full_17379 A 30 31 50 94 95 96 97 98 99 100 101 102
vdjdb_full_17379 B 27 28 29 30 31 50 91 92 93 94 95 96 97 98
vdjdb_full_17380 E 1 2 3 4 5 6 7 8 9
vdjdb_full_17380 A 29 30 31 49 50 51 55 95 97 98 99 100 101 102
vdjdb_full_17380 B 27 28 29 30 31 91 92 93 94 95 96 97
vdjdb_full_17394 E 1 2 3 4 5 6 7 8 9 10
vdjdb_full_17394 A 28 29 30 31 32 48 49 50 51 53 55 93 94 95 96 97 98 99 100
vdjdb_full_17394 B 28 29 30 31 32 33 51 91 92 93 94 95 96 97 98
vdjdb_full_17373 E 1 2 3 4 5 6 7 8 9
vdjdb_full_17373 A 30 31 50 51 94 95 96 97 98 99 100 101 102 103 104 105
vdjdb_full_17373 B 28 29 30 31 32 95 96 97 98 99 100 101 102
vdjdb_full_17392 E 1 2 3 4 5 6 7 8 9 10
vdjdb_full_17392 A 28 29 30 31 32 48 49 50 51 52 53 55 95 96 97 98 99 100 101 102 103
vdjdb_full_17392 B 29 31 32 93 94 95 96 97 98 99
vdjdb_full_17395 E 1 2 3 4 5 6 7 8 9 10
vdjdb_full_17395 A 95 96 97 98 99 100 101 102
vdjdb_full_17395 B 29 30 31 32 33 53 54 95 96 97 98 99 100
vdjdb_full_17398 E 1 2 3 4 5 6 7 8 9 10
vdjdb_full_17398 A 28 29 30 31 96 97 98 99 100
vdjdb_full_17398 B 30 32 91 92 93 94 95 96
vdjdb_full_17401 E 1 2 3 4 5 6 7 8 9 10
vdjdb_full_17401 A 28 30 50 96 97 98 99 100 101 102
vdjdb_full_17401 B 30 31 50 92 93 94 95 96 97
vdjdb_full_17404 E 1 2 3 4 5 6 7 8 9 10
vdjdb_full_17404 A 30 31 50 95 96 97 98 99 100 101 102 103
vdjdb_full_17404 B 28 29 30 31 32 33 50 51 52 92 93 94 95 96 97 98 99
vdjdb_full_17413 E 1 2 3 4 5 6 7 8 9 10
vdjdb_full_17413 A 28 30 31 49 50 51 53 55 94 95 96 97 98 99 100 101 102
vdjdb_full_17413 B 28 29 30 31 32 52 92 93 94 95 96 97
vdjdb_full_17402 E 1 2 3 4 5 6 7 8 9 10
vdjdb_full_17402 A 28 30 31 49 50 51 55 95 96 97 98 99 100
vdjdb_full_17402 B 28 29 30 31 51 91 92 93 94 95 96 97 98
vdjdb_full_17408 E 1 2 3 4 5 6 7 8 9 10
vdjdb_full_17408 A 28 29 30 31 97 98 99 100 101 102 103
vdjdb_full_17408 B 31 32 33 51 93 94 95 96 97 98 99
vdjdb_full_17414 E 1 2 3 4 5 6 7 8 9 10
vdjdb_full_17414 A 28 29 30 31 49 50 51 55 95 96 97 98 99
vdjdb_full_17414 B 28 29 30 31 32 33 53 54 95 96 97 98 99
vdjdb_full_17459 E 1 2 3 4 5 6 7 8 9 10
vdjdb_full_17459 A 28 29 30 31 49 50 51 54 94 95 96 97 98 99
vdjdb_full_17459 B 32 92 93 94 95 96 97
vdjdb_full_17406 E 1 2 3 4 5 6 7 8 9 10
vdjdb_full_17406 A 95 96 97 98 99 100 101 102 103
vdjdb_full_17406 B 29 30 31 32 33 52 95 96 97 98 99 100 101 102
vdjdb_full_17456 E 1 2 3 4 5 6 7 8 9 10
vdjdb_full_17456 A 26 27 28 29 30 31 32 50 51 93 94 95 96 97 98
vdjdb_full_17456 B 31 96 97 98 99 100
vdjdb_full_17468 E 1 2 3 4 5 6 7 8 9 10
vdjdb_full_17468 A 30 31 94 95 96 97 98 99 100 101
vdjdb_full_17468 B 29 30 31 32 33 91 92 93 94 95 96 97 98
vdjdb_full_17524 E 1 2 3 4 5 6 7 8 9
vdjdb_full_17524 A 29 30 31 32 50 51 52 94 95 96 97 98 99 100 101
vdjdb_full_17524 B 31 95 96 97 98 99 100 101 102 103 104 105 106
vdjdb_full_17493 E 1 2 3 4 5 6 7 8 9 10
vdjdb_full_17493 A 30 31 50 51 95 96 97 98 99 100 101 102
vdjdb_full_17493 B 29 31 93 94 95
vdjdb_full_1744 E 1 2 3 4 5 6 7 8 9
vdjdb_full_1744 A 28 29 30 31 96 97 98 99 100 101 102 103
vdjdb_full_1744 B 30 51 93 94 95 96 97 98 99 100
vdjdb_full_17497 E 1 2 3 4 5 6 7 8 9 10
vdjdb_full_17497 A 30 50 51 95 96 97 98 99 100
vdjdb_full_17497 B 93 94 95 96 97 98 99
vdjdb_full_17525 E 1 2 3 4 5 6 7 8 9
vdjdb_full_17525 A 29 30 31 32 33 49 50 51 52 53 94 95 96 97 98 99 100
vdjdb_full_17525 B 29 32 91 92 93 94 95 96
vdjdb_full_17526 E 1 2 3 4 5 6 7 8 9
vdjdb_full_17526 A 28 29 30 31 32 33 50 51 52 53 94 95 96 97 98 99 100 101
vdjdb_full_17526 B 29 31 95 96 97 98 99 100 101 102 103
vdjdb_full_17465 E 1 2 3 4 5 6 7 8 9 10
vdjdb_full_17465 A 28 29 30 31 50 51 94 95 96 97 98 99 100 101
vdjdb_full_17465 B 28 29 30 31 32 33 51 91 92 93 94 95 96 97 98
vdjdb_full_17499 E 1 2 3 4 5 6 7 8 9 10
vdjdb_full_17499 A 28 29 30 31 50 95 96 97 98 99 100
vdjdb_full_17499 B 28 29 30 31 32 49 50 51 91 92 93 94 95 96 97
vdjdb_full_17527 E 1 2 3 4 5 6 7 8 9
vdjdb_full_17527 A 29 30 31 32 50 51 52 53 94 95 96 97 98 99 100 101 102
vdjdb_full_17527 B 28 29 30 31 32 33 95 96 97 98 99 100
vdjdb_full_17533 E 1 2 3 4 5 6 7 8 9
vdjdb_full_17533 A 29 30 31 32 33 34 49 50 51 52 53 93 94 95 96 97 98 99 100 101 102
vdjdb_full_17533 B 26 27 28 29 30 31 91 92 93 94 95 96
vdjdb_full_17531 E 1 2 3 4 5 6 7 8 9
vdjdb_full_17531 A 28 29 30 31 32 50 51 52 53 94 95 96 97 98 99
vdjdb_full_17531 B 30 92 93 94 95 96 97 98
vdjdb_full_17662 E 1 2 3 4 5 6 7 8 9
vdjdb_full_17662 A 28 29 30 31 50 51 55 95 96 97 98 99 100 101 102 103 104 105
vdjdb_full_17662 B 29 30 31 32 93 94 95 96 97
vdjdb_full_17528 E 1 2 3 4 5 6 7 8 9
vdjdb_full_17528 A 29 30 31 32 50 51 52 53 94 95 96 97 98 99 100 101
vdjdb_full_17528 B 29 30 31 32 93 94 95 96 97
vdjdb_full_17532 E 1 2 3 4 5 6 7 8 9
vdjdb_full_17532 A 30 50 51 55 56 95 96 97 98 99 100 101 102
vdjdb_full_17532 B 29 30 31 32 95 96 97 98
vdjdb_full_17530 E 1 2 3 4 5 6 7 8 9
vdjdb_full_17530 A 28 30 31 50 51 55 94 95 96 97 98 99 101 102 103
vdjdb_full_17530 B 94 95 96 97 98 99 100 101
vdjdb_full_17676 E 1 2 3 4 5 6 7 8 9
vdjdb_full_17676 A 28 29 30 31 50 94 95 96 97 98 99 100 101
vdjdb_full_17676 B 27 28 29 30 31 50 91 92 93 94 95 96 97 98
vdjdb_full_17712 E 1 2 3 4 5 6 7 8 9
vdjdb_full_17712 A 30 50 95 96 97 98 99 100
vdjdb_full_17712 B 28 29 30 31 92 93 94 95 96 97 98 99 100
vdjdb_full_17685 E 1 2 3 4 5 6 7 8 9
vdjdb_full_17685 A 28 29 30 31 96 97 98 99 100 101
vdjdb_full_17685 B 31 32 92 93 94 95 96 97 98 99 100
vdjdb_full_17715 E 1 2 3 4 5 6 7 8 9
vdjdb_full_17715 A 28 30 31 50 51 55 96 97 98 99 100 101 102 103 104
vdjdb_full_17715 B 28 29 30 31 32 94 95 96 97 98 99 100 101
vdjdb_full_17717 E 1 2 3 4 5 6 7 8 9
vdjdb_full_17717 A 28 30 31 50 51 55 94 95 96 97 98 99 100
vdjdb_full_17717 B 28 29 30 31 32 92 93 94 95 96 97
vdjdb_full_17688 E 1 2 3 4 5 6 7 8 9
vdjdb_full_17688 A 28 29 30 31 50 51 95 96 97 98 99 100 101 102
vdjdb_full_17688 B 28 29 30 31 32 51 91 92 93 94 95 96
vdjdb_full_17680 E 1 2 3 4 5 6 7 8 9
vdjdb_full_17680 A 28 29 30 31 50 94 95 96 97 98 99
vdjdb_full_17680 B 28 29 30 31 32 33 51 91 92 93 94 95 96 97
vdjdb_full_17714 E 1 2 3 4 5 6 7 8 9
vdjdb_full_17714 A 30 31 50 51 55 56 94 95 96 97 98 99
vdjdb_full_17714 B 31 95 96 97 98 99 100 101
vdjdb_full_17720 E 1 2 3 4 5 6 7 8 9
vdjdb_full_17720 A 28 29 30 31 48 49 50 51 55 56 94 95 96 97
vdjdb_full_17720 B 29 31 32 93 94 95 96 97 98
vdjdb_full_17835 E 1 2 3 4 5 6 7 8 9 10 11
vdjdb_full_17835 A 30 31 49 50 51 94 95 96 97 98 99
vdjdb_full_17835 B 27 28 29 30 31 50 69 91 92 93 94 95 96 97 98
vdjdb_full_17839 E 1 2 3 4 5 6 7 8 9 10 11
vdjdb_full_17839 A 28 29 30 31 50 51 55 95 96 97 98
vdjdb_full_17839 B 29 31 32 93 94 95 96 97 98 99 100 101 102 103 104
vdjdb_full_17719 E 1 2 3 4 5 6 7 8 9
vdjdb_full_17719 A 28 30 31 50 51 55 94 95 96 97 98 99 100
vdjdb_full_17719 B 32 51 94 95 96 97 98 99 101 102 103 104
vdjdb_full_17830 E 1 2 3 4 5 6 7 8 9 10 11
vdjdb_full_17830 A 28 29 30 31 50 51 94 95 96 97 98 99 100
vdjdb_full_17830 B 30 31 93 94 95 96 97 98 99
vdjdb_full_17847 E 1 2 3 4 5 6 7 8 9 10 11
vdjdb_full_17847 A 28 30 31 50 51 94 95 96 97 98 99 100 101
vdjdb_full_17847 B 27 28 29 30 31 32 49 50 91 92 93 94 95 96 97 98
vdjdb_full_17857 E 1 2 3 4 5 6 7 8 9
vdjdb_full_17857 A 28 29 30 31 32 49 50 51 53 55 95 96 97 98 99 100 101
vdjdb_full_17857 B 32 92 93 94 95 96 97 98
vdjdb_full_17833 E 1 2 3 4 5 6 7 8 9 10 11
vdjdb_full_17833 A 30 31 50 55 95 96 97 98 99 100 101 102 103
vdjdb_full_17833 B 27 28 29 30 31 50 91 92 93 94 95
vdjdb_full_17859 E 1 2 3 4 5 6 7 8 9
vdjdb_full_17859 A 95 96 97 98 99 100
vdjdb_full_17859 B 29 31 32 51 93 94 95 96 97 98 99 100
vdjdb_full_17864 E 1 2 3 4 5 6 7 8 9
vdjdb_full_17864 A 27 28 29 30 31 73 96 97 98 99 100 101 102
vdjdb_full_17864 B 29 31 32 92 93 94 95 96 97 98 99 100
vdjdb_full_17861 E 1 2 3 4 5 6 7 8 9
vdjdb_full_17861 A 28 29 30 31 50 55 94 95 96 97 98 99 100 101
vdjdb_full_17861 B 31 91 92 93 94 95 96 97 98 99 100 101
vdjdb_full_17914 E 1 2 3 4 5 6 7 8 9 10 11
vdjdb_full_17914 A 28 29 30 31 32 33 48 49 50 51 55 56 92 93 94 95 96 97 98 99 100
vdjdb_full_17914 B 28 29 30 31 32 91 92 93 94 95 96 97 98 99
vdjdb_full_17917 E 1 2 3 4 5 6 7 8 9 10 11
vdjdb_full_17917 A 28 29 30 31 32 33 48 49 50 51 53 54 55 56 93 94 95 96 97 98 99 100
vdjdb_full_17917 B 29 31 32 93 94 95 96 97 98 99 100 101
vdjdb_full_17930 E 1 2 3 4 5 6 7 8 9 10 11
vdjdb_full_17930 A 31 95 96 97 98 99 100 101 102
vdjdb_full_17930 B 28 29 30 31 32 33 51 91 92 93 94 95 96 97 98 99
vdjdb_full_17916 E 1 2 3 4 5 6 7 8 9 10 11
vdjdb_full_17916 A 28 29 30 31 32 33 48 49 50 51 55 56 92 93 94 95 96 97 98
vdjdb_full_17916 B 28 29 30 31 32 91 92 93 94 95 96 97 98 99
vdjdb_full_17940 E 1 2 3 4 5 6 7 8 9 10 11
vdjdb_full_17940 A 94 95 96 97 98 99 100 101 102 103
vdjdb_full_17940 B 29 30 31 32 48 49 50 51 92 93 94 95 96 99 100
vdjdb_full_17964 E 1 2 3 4 5 6 7 8 9 10 11
vdjdb_full_17964 A 27 28 29 30 31 50 94 95 96 97 98 99 100 101
vdjdb_full_17964 B 28 29 30 31 91 92 93 94 96 97 98
vdjdb_full_17959 E 1 2 3 4 5 6 7 8 9 10 11
vdjdb_full_17959 A 27 28 29 30 31 50 94 95 96 97 98 99 100 101
vdjdb_full_17959 B 27 28 29 30 31 91 92 93 94 95 96 97 98
vdjdb_full_17965 E 1 2 3 4 5 6 7 8 9 10 11
vdjdb_full_17965 A 27 28 29 30 31 50 94 95 96 97 98 99 100 101
vdjdb_full_17965 B 27 28 29 30 31 91 92 93 94 95 96 97 98
vdjdb_full_17960 E 1 2 3 4 5 6 7 8 9 10 11
vdjdb_full_17960 A 27 28 29 30 31 50 94 95 96 97 98 99 100 101
vdjdb_full_17960 B 27 28 29 30 31 91 92 93 94 95 96 97 98
vdjdb_full_17962 E 1 2 3 4 5 6 7 8 9 10 11
vdjdb_full_17962 A 27 28 29 30 31 50 94 95 96 97 98 99 100 101
vdjdb_full_17962 B 27 28 29 30 31 91 92 93 94 96 97 98
vdjdb_full_17941 E 1 2 3 4 5 6 7 8 9 10 11
vdjdb_full_18 E 1 2 3 4 5 6 7 8 9
vdjdb_full_18 A 97 98 99 100 101 102
vdjdb_full_18 B 28 29 30 31 50 91 92 93 94 95
vdjdb_full_18070 E 1 2 3 4 5 6 7 8 9
vdjdb_full_18070 A 28 30 31 94 95 96 97 98 99 100 101 102
vdjdb_full_18070 B 27 28 29 30 31 50 91 92 93 97 98 99
vdjdb_full_18067 E 1 2 3 4 5 6 7 8 9
vdjdb_full_18067 A 30 31 94 95 96 97 98 99 100 101 102
vdjdb_full_18067 B 28 29 30 31 32 91 92 93 94 95 96 97
vdjdb_full_18068 E 1 2 3 4 5 6 7 8 9
vdjdb_full_18068 A 30 50 96 97 98 99 100 101 105
vdjdb_full_18068 B 30 94 95 96 97 98 99 100 101 102
vdjdb_full_18154 E 1 2 3 4 5 6 7 8 9
vdjdb_full_18154 A 28 29 30 31 49 50 51 53 55 94 95 96 97 98 99 100
vdjdb_full_18154 B 27 28 29 30 31 32 94 95 96 97 98 99 100
vdjdb_full_18076 E 1 2 3 4 5 6 7 8 9
vdjdb_full_18076 A 28 30 31 50 55 95 96 97 98 99 100 101
vdjdb_full_18076 B 29 30 31 32 92 93 94 95 96 97
vdjdb_full_18155 E 1 2 3 4 5 6 7 8 9
vdjdb_full_18155 A 31 50 95 96 97 98 99 100
vdjdb_full_18155 B 29 30 31 91 92 93 94 95 96 97 98 99 100
vdjdb_full_18078 E 1 2 3 4 5 6 7 8 9
vdjdb_full_18078 A 28 29 30 31 94 95 96 97 98 99 100 101 102
vdjdb_full_18078 B 27 28 29 30 31 32 91 92 93 94 95 99
vdjdb_full_18077 E 1 2 3 4 5 6 7 8 9
vdjdb_full_18077 A 28 30 31 50 94 95 96 97 98 99 100 101
vdjdb_full_18077 B 96 97 98 99 100 101 102 103 104 105
vdjdb_full_18153 E 1 2 3 4 5 6 7 8 9
vdjdb_full_18153 A 28 29 30 31 50 51 95 96 97 98 99 100
vdjdb_full_18153 B 29 30 31 32 92 93 94 95 96 97 98 99 100
vdjdb_full_18158 E 1 2 3 4 5 6 7 8 9
vdjdb_full_18158 A 28 29 30 31 50 51 94 95 96 97 98 99 100 102
vdjdb_full_18158 B 30 31 32 96 97 98 99 100 101 102
vdjdb_full_18151 E 1 2 3 4 5 6 7 8 9
vdjdb_full_18151 A 27 28 29 30 31 50 94 95 96 97 98 99
vdjdb_full_18151 B 29 30 31 32 51 92 93 94 95 98 99
vdjdb_full_18157 E 1 2 3 4 5 6 7 8 9
vdjdb_full_18157 A 28 29 30 31 48 49 50 51 55 56 96 97 98 99 100 101 102
vdjdb_full_18157 B 28 29 30 31 32 33 51 91 92 93 94 95 96
vdjdb_full_18161 E 1 2 3 4 5 6 7 8 9
vdjdb_full_18161 A 28 29 30 31 50 51 94 95 96 97 98 99
vdjdb_full_18161 B 29 30 31 32 93 94 95 96 97 98 99
vdjdb_full_18159 E 1 2 3 4 5 6 7 8 9
vdjdb_full_18159 A 30 31 50 94 95 96 97 98 99 100
vdjdb_full_18159 B 28 29 30 31 32 33 91 92 93 94 95
vdjdb_full_18160 E 1 2 3 4 5 6 7 8 9
vdjdb_full_18160 A 28 30 31 49 50 51 55 94 95 96 97 98 99 100
vdjdb_full_18160 B 28 29 30 31 32 92 93 94 95 96
vdjdb_full_18164 E 1 2 3 4 5 6 7 8 9
vdjdb_full_18164 A 30 31 50 94 95 96 97 98 99
vdjdb_full_18164 B 29 30 31 32 91 92 93 94 95 96 97 100 101
vdjdb_full_18165 E 1 2 3 4 5 6 7 8 9 10
vdjdb_full_18165 A 27 28 29 30 31 51 71 94 95 96 97 98 99
vdjdb_full_18165 B 29 31 32 94 95 96 97 98 99 100 101 102
vdjdb_full_18196 E 1 2 3 4 5 6 7 8 9 10 11
vdjdb_full_18196 A 1 2 3 25 26 27 28 29 30 31 73 95 96 97 98 99 100 101 103
vdjdb_full_18196 B 94 97 98
vdjdb_full_18172 E 1 2 3 4 5 6 7 8 9 10
vdjdb_full_18172 A 28 29 30 31 32 49 50 51 93 94 95 96 97 98 99
vdjdb_full_18172 B 28 29 30 31 92 93 94 95 96 97 98 99
vdjdb_full_18201 E 1 2 3 4 5 6 7 8 9 10 11
vdjdb_full_18201 A 27 28 29 30 31 72 73 74 95 96 97 98 99 100
vdjdb_full_18201 B 30 31 92 93 94 95 97 98 99 100
vdjdb_full_18311 E 1 2 3 4 5 6 7 8 9 10
vdjdb_full_18311 A 28 29 30 31 49 50 51 55 95 96 97 98 99 100 101
vdjdb_full_18311 B 28 29 30 32 94 95 96 97
vdjdb_full_18302 E 1 2 3 4 5 6 7 8 9 10
vdjdb_full_18302 A 28 29 30 31 32 49 50 51 94 95 96 97 98 99
vdjdb_full_18302 B 28 29 30 31 92 93 94 95 96 97
vdjdb_full_18200 E 1 2 3 4 5 6 7 8 9 10 11
vdjdb_full_18200 A 27 28 29 30 31 94 95 96 97 98 99 100
vdjdb_full_18200 B 29 30 31 32 49 91 92 93 94 95 96
vdjdb_full_18206 E 1 2 3 4 5 6 7 8 9 10 11
vdjdb_full_18206 A 27 28 29 30 31 94 95 96 97 98 99 100 101 102 103 104
vdjdb_full_18206 B 29 30 31 32 91 92 93 94
vdjdb_full_18415 E 1 2 3 4 5 6 7 8 9
vdjdb_full_18415 A 28 30 31 50 94 95 96 97 98 99 100 101 102
vdjdb_full_18415 B 28 29 30 31 32 51 91 92 93 94 95 96 97 98
vdjdb_full_18207 E 1 2 3 4 5 6 7 8 9 10 11
vdjdb_full_18207 A 28 30 31 50 51 55 96 97 98 99 100 101 102 103
vdjdb_full_18207 B 29 30 31 32 92 93 94 95 96
vdjdb_full_1982 E 1 2 3 4 5 6 7 8 9
vdjdb_full_1982 A 27 28 29 30 31 50 51 71 94 95 96 97 98 99 100
vdjdb_full_1982 B 28 29 30 31 32 93 94 95 96 97
vdjdb_full_193 E 1 2 3 4 5 6 7 8 9
vdjdb_full_193 A 28 29 30 31 48 49 50 51 55 95 96 97 98 99 100 101 102
vdjdb_full_193 B 29 30 31 32 93 94 95 96 97 98 99
vdjdb_full_18414 E 1 2 3 4 5 6 7 8 9
vdjdb_full_18414 A 28 29 30 31 49 50 51 94 95 96 97 98 99
vdjdb_full_18414 B 27 28 29 30 31 32 33 50 51 91 92 93 94 95 96 97 98
vdjdb_full_20 E 1 2 3 4 5 6 7 8 9
vdjdb_full_20 A 30 96 97 98 99 100
vdjdb_full_20 B 26 27 28 29 30 31 50 66 91 92 93 94
vdjdb_full_2073 E 1 2 3 4 5 6 7 8 9
vdjdb_full_2073 A 28 30 50 55 95 96 97 98 99 100 101 102
vdjdb_full_2073 B 29 31 95 96 97 98 99 100 101 102 103 104
vdjdb_full_18413 E 1 2 3 4 5 6 7 8 9
vdjdb_full_18413 A 28 29 30 31 32 74 97 98 99 100 101 102
vdjdb_full_18413 B 29 30 31 32 51 91 92 93 94 95 96 97 98
vdjdb_full_2 E 1 2 3 4 5 6 7 8 9
vdjdb_full_2 A 31 50 95 96 97 98 99 100 101 102 103 104
vdjdb_full_2 B 30 31 90 91 92 93 94 95
vdjdb_full_2069 E 1 2 3 4 5 6 7 8 9
vdjdb_full_2069 A 28 30 31 49 50 51 55 56 94 95 96 97 98 99 100
vdjdb_full_2069 B 26 28 29 30 31 32 91 92 93 94 95 96
vdjdb_full_2074 E 1 2 3 4 5 6 7 8 9
vdjdb_full_2074 A 28 29 30 31 96 97 98 99 100 101 102 103
vdjdb_full_2074 B 28 29 30 31 32 50 51 91 92 93 94 95 96
vdjdb_full_21 E 1 2 3 4 5 6 7 8 9
vdjdb_full_21 A 27 28 29 30 31 95 96 97 98 99 101 102
vdjdb_full_21 B 97 98 101
vdjdb_full_2085 E 1 2 3 4 5 6 7 8 9
vdjdb_full_2085 A 27 28 29 30 31 96 97 98 99 100 101 102 103
vdjdb_full_2085 B 26 28 29 30 31 32 91 92 93 94 95 96 97
vdjdb_full_2072 E 1 2 3 4 5 6 7 8 9
vdjdb_full_2072 A 28 29 30 31 96 97 98 99 100 101 102 103
vdjdb_full_2072 B 26 27 28 29 30 31 51 91 92 93 94 95 96 97
vdjdb_full_2093 E 1 2 3 4 5 6 7 8 9
vdjdb_full_2093 A 28 29 30 31 32 49 50 51 55 72 95 96 97 98 99 100 101 102
vdjdb_full_2093 B 32 93 94 95 96 97 98 99 100
vdjdb_full_2081 E 1 2 3 4 5 6 7 8 9
vdjdb_full_2081 A 28 29 30 31 50 51 94 95 96 97 98 99 100 101
vdjdb_full_2081 B 30 31 32 93 94 95 96 97 98 99 100 101
vdjdb_full_2118 E 1 2 3 4 5 6 7 8 9
vdjdb_full_2118 A 30 96 97 98 99 100 101 102 103
vdjdb_full_2118 B 29 30 31 32 91 92 93 94 95 96 97 98
vdjdb_full_2126 E 1 2 3 4 5 6 7 8 9
vdjdb_full_2126 A 28 30 31 50 51 55 56 95 96 97 98 99 100 101
vdjdb_full_2126 B 29 32 93 94 95 96 97 98 99 100 101 102 103
vdjdb_full_2136 E 1 2 3 4 5 6 7 8 9
vdjdb_full_2136 A 28 29 30 31 96 97 98 99 100 101 102 103
vdjdb_full_2136 B 28 29 30 31 32 91 92 93 94 95 96 97
vdjdb_full_2131 E 1 2 3 4 5 6 7 8 9
vdjdb_full_2131 A 30 96 97 98 99 100 101 102 103 104 105
vdjdb_full_2131 B 28 29 30 31 92 93 94 95 96 97 98
vdjdb_full_2096 E 1 2 3 4 5 6 7 8 9
vdjdb_full_2096 A 96 97 98 99 100 101 102 103
vdjdb_full_2096 B 94 95 96
vdjdb_full_2102 E 1 2 3 4 5 6 7 8 9
vdjdb_full_2102 A 28 30 50 51 55 95 96 97 98 99 100 101 102
vdjdb_full_2102 B 28 29 30 31 92 93 94 95 96 97 98
vdjdb_full_2109 E 1 2 3 4 5 6 7 8 9
vdjdb_full_2109 A 28 29 30 31 32 48 49 50 51 55 56 95 96 97 98 99 100 101 102
vdjdb_full_2109 B 29 30 31 93 94 95 96 97 98 99
vdjdb_full_2139 E 1 2 3 4 5 6 7 8 9
vdjdb_full_2139 A 28 29 30 31 50 51 95 96 97 98 99 100 101
vdjdb_full_2139 B 1 28 29 30 31 32 91 92 93 94 95 96 97
vdjdb_full_2140 E 1 2 3 4 5 6 7 8 9
vdjdb_full_2140 A 28 30 31 50 51 55 56 94 95 96 97 98 99 100 101
vdjdb_full_2140 B 29 31 32 91 92 93 94 95 96 97
vdjdb_full_2145 E 1 2 3 4 5 6 7 8 9
vdjdb_full_2145 A 30 96 97 98 99 100 101 102
vdjdb_full_2145 B 29 30 31 32 91 92 93 94 95 96 97
vdjdb_full_2141 E 1 2 3 4 5 6 7 8 9
vdjdb_full_2141 A 95 96 97 98 99 100 101
vdjdb_full_2141 B 29 30 51 94 95 96 97 98 99 100 101 102
vdjdb_full_2168 E 1 2 3 4 5 6 7 8 9
vdjdb_full_2168 A 28 29 30 31 50 51 94 95 96 97 98 99 100
vdjdb_full_2168 B 28 29 30 31 50 91 92 93 94 95 96 97
vdjdb_full_2152 E 1 2 3 4 5 6 7 8 9
vdjdb_full_2152 A 28 30 50 51 55 95 96 97 98 99 100 101
vdjdb_full_2152 B 27 28 29 30 31 50 91 92 93 94 95 96 97
vdjdb_full_2156 E 1 2 3 4 5 6 7 8 9
vdjdb_full_2156 A 96 97 98 99 100 101 102
vdjdb_full_2156 B 29 30 31 32 91 92 93 94 95 96 97 98
vdjdb_full_2142 E 1 2 3 4 5 6 7 8 9
vdjdb_full_2142 A 28 29 30 31 96 97 98 99 100 101 102 103
vdjdb_full_2142 B 28 29 30 31 32 50 91 92 93 94 95 96 97
vdjdb_full_2153 E 1 2 3 4 5 6 7 8 9
vdjdb_full_2153 A 29 30 31 32 97 98 99 100 101 102 103 104
vdjdb_full_2153 B 28 29 30 31 32 91 92 93 94 95 96 97
vdjdb_full_223 E 1 2 3 4 5 6 7 8 9
vdjdb_full_223 A 28 29 30 31 49 50 51 95 96 97 98 99
vdjdb_full_223 B 27 28 29 30 31 92 93 94 95 96 97
vdjdb_full_2235 E 1 2 3 4 5 6 7 8 9
vdjdb_full_2235 A 28 29 30 31 32 97 98 99 100 101 102 103
vdjdb_full_2235 B 28 29 30 31 32 91 92 93 94 95 96 97
vdjdb_full_2248 E 1 2 3 4 5 6 7 8 9
vdjdb_full_2248 A 28 29 30 31 50 94 95 96 97 98 99 100
vdjdb_full_2248 B 28 29 30 31 50 91 92 93 94 95 96 97
vdjdb_full_2261 E 1 2 3 4 5 6 7 8 9
vdjdb_full_2261 A 28 30 50 55 95 96 97 98 99 100 101
vdjdb_full_2261 B 29 30 31 50 51 92 93 94 95 96 97 98
vdjdb_full_2241 E 1 2 3 4 5 6 7 8 9
vdjdb_full_2241 A 28 29 30 31 32 97 98 99 100 101 102 103 104 105
vdjdb_full_2241 B 26 28 29 30 31 32 91 92 93 94 95 96 97
vdjdb_full_2253 E 1 2 3 4 5 6 7 8 9
vdjdb_full_2253 A 27 28 29 30 31 32 49 50 51 52 54 71 94 95 96 97 98 99
vdjdb_full_2253 B 96 97 98 99 100 101 102 103 104
vdjdb_full_2199 E 1 2 3 4 5 6 7 8 9
vdjdb_full_2199 A 28 29 30 31 32 97 98 99 100 101 102 103 104
vdjdb_full_2199 B 28 29 30 31 32 91 92 93 94 95 96 97
vdjdb_full_2164 E 1 2 3 4 5 6 7 8 9
vdjdb_full_2164 A 28 29 30 31 73 96 97 98 99 100 101 102 103 104
vdjdb_full_2164 B 28 29 30 31 32 91 92 93 94 95 96
vdjdb_full_2309 E 1 2 3 4 5 6 7 8 9
vdjdb_full_2309 A 27 28 29 30 31 96 97 98 99 100 101 102
vdjdb_full_2309 B 28 29 30 31 32 91 92 93 94 95 96 97
vdjdb_full_2349 E 1 2 3 4 5 6 7 8 9
vdjdb_full_2349 A 28 30 31 50 51 96 97 98 99 102
vdjdb_full_2349 B 29 30 31 32 33 52 53 54 95 96 97 98 99 100
vdjdb_full_2360 E 1 2 3 4 5 6 7 8 9
vdjdb_full_2360 A 28 29 30 31 32 97 98 99 100 101 102 103 104
vdjdb_full_2360 B 26 28 29 30 31 32 91 92 93 94 95 96 97
vdjdb_full_2198 E 1 2 3 4 5 6 7 8 9
vdjdb_full_2198 A 27 28 29 30 31 74 97 98 99 100 101 102 103
vdjdb_full_2198 B 28 29 30 31 50 91 92 93 94 95 96 97 98
vdjdb_full_2327 E 1 2 3 4 5 6 7 8 9
vdjdb_full_2327 A 29 30 31 32 96 97 98 99 100 101 102 103 104
vdjdb_full_2327 B 26 28 29 30 31 32 91 92 93 94 95 96 97
vdjdb_full_2359 E 1 2 3 4 5 6 7 8 9
vdjdb_full_2359 A 28 29 30 31 50 51 55 94 95 96 97 98 99 100
vdjdb_full_2359 B 29 30 31 32 92 93 94 95 96
vdjdb_full_2370 E 1 2 3 4 5 6 7 8 9
vdjdb_full_2370 A 28 29 30 31 49 50 51 52 53 55 71 94 95 96 97 98 99 100 101
vdjdb_full_2370 B 31 32 93 94 95 96 97
vdjdb_full_2372 E 1 2 3 4 5 6 7 8 9
vdjdb_full_2372 A 29 31 97 98 99 100 101 102 103 104
vdjdb_full_2372 B 26 28 29 30 31 32 91 92 93 94 95 96 97
vdjdb_full_2405 E 1 2 3 4 5 6 7 8 9
vdjdb_full_2405 A 28 29 30 31 50 51 95 96 97 98 99 100 101
vdjdb_full_2405 B 29 30 31 32 33 50 51 94 95 96 97 98 99
vdjdb_full_2409 E 1 2 3 4 5 6 7 8 9
vdjdb_full_2409 A 28 29 30 31 50 51 95 96 97 98 99 100 101 102
vdjdb_full_2409 B 29 30 31 32 92 93 94 95 96 97 98 99 100 101 102
vdjdb_full_2417 E 1 2 3 4 5 6 7 8 9
vdjdb_full_2417 A 28 29 30 31 73 96 97 98 99 100 101 102
vdjdb_full_2417 B 31 93 94 95 96 97 98 99
vdjdb_full_2431 E 1 2 3 4 5 6 7 8 9
vdjdb_full_2431 A 27 28 29 30 31 73 95 96 97 98 99 100 101 102 103
vdjdb_full_2431 B 28 29 30 31 32 91 92 93 94 95 96
vdjdb_full_2387 E 1 2 3 4 5 6 7 8 9
vdjdb_full_2387 A 30 31 95 96 97 98 99 100 101 102 103
vdjdb_full_2387 B 29 30 31 32 91 92 93 94 95 96 97 98
vdjdb_full_2434 E 1 2 3 4 5 6 7 8 9
vdjdb_full_2434 A 28 29 30 31 32 97 98 99 100 101 102 103 104 105
vdjdb_full_2434 B 28 29 30 31 32 91 92 93 94 95 96 97
vdjdb_full_2474 E 1 2 3 4 5 6 7 8 9
vdjdb_full_2474 A 27 28 29 30 31 32 33 96 97 98 99 100 101 102 103 104
vdjdb_full_2474 B 28 29 30 31 32 91 92 93 94 95 96 97
vdjdb_full_2454 E 1 2 3 4 5 6 7 8 9
vdjdb_full_2454 A 28 29 30 31 50 51 95 96 97 98 99 100 101
vdjdb_full_2454 B 26 28 29 30 31 32 91 92 93 94 95 96
vdjdb_full_2565 E 1 2 3 4 5 6 7 8 9
vdjdb_full_2565 A 28 29 30 31 50 51 95 96 97 98 99 100 101
vdjdb_full_2565 B 1 28 29 30 31 32 91 92 93 94 95 96 97
vdjdb_full_2550 E 1 2 3 4 5 6 7 8 9
vdjdb_full_2550 A 28 29 30 31 32 97 98 99 100 101 102 103 104
vdjdb_full_2550 B 2 28 29 30 31 32 91 92 93 94 95 96 97
vdjdb_full_2597 E 1 2 3 4 5 6 7 8 9
vdjdb_full_2597 A 28 29 30 31 50 51 95 96 97 98 99 100 101 102 103
vdjdb_full_2597 B 26 28 29 30 31 32 91 92 93 94 95 96 97 98
vdjdb_full_2537 E 1 2 3 4 5 6 7 8 9
vdjdb_full_2537 A 28 29 30 31 50 51 55 94 95 96 97 98 99 100 101 102
vdjdb_full_2537 B 29 30 31 50 92 93 94 95 96 97 98
vdjdb_full_2579 E 1 2 3 4 5 6 7 8 9
vdjdb_full_2579 A 28 29 30 31 50 51 55 95 96 97 98 99 100 101
vdjdb_full_2579 B 32 94 95 96 97 98 99 100
vdjdb_full_2504 E 1 2 3 4 5 6 7 8 9
vdjdb_full_2504 A 27 28 29 30 31 32 73 95 96 97 98 99 100 101 102 103
vdjdb_full_2504 B 92 93 94 95 96
vdjdb_full_2602 E 1 2 3 4 5 6 7 8 9
vdjdb_full_2602 A 28 29 30 31 32 97 98 99 100 101 102 103
vdjdb_full_2602 B 28 29 30 31 32 90 91 92 93 94 95 96
vdjdb_full_2559 E 1 2 3 4 5 6 7 8 9
vdjdb_full_2559 A 28 29 30 31 50 51 55 94 95 96 97 98 99 100 101 102
vdjdb_full_2559 B 29 30 31 50 92 93 94 95 96 97 98
vdjdb_full_2608 E 1 2 3 4 5 6 7 8 9
vdjdb_full_2608 A 28 29 30 31 32 97 98 99 100 101 102 103 104
vdjdb_full_2608 B 26 28 29 30 31 32 91 92 93 94 95 96 97
vdjdb_full_2548 E 1 2 3 4 5 6 7 8 9
vdjdb_full_2548 A 28 29 30 31 32 97 98 99 100 101 102 103 104
vdjdb_full_2548 B 28 29 30 31 32 91 92 93 94 95 96 97
vdjdb_full_2578 E 1 2 3 4 5 6 7 8 9
vdjdb_full_2578 A 28 29 30 31 49 50 51 95 96 97 98 99 100 101
vdjdb_full_2578 B 2 28 29 30 31 91 92 93 94 95
vdjdb_full_2607 E 1 2 3 4 5 6 7 8 9
vdjdb_full_2607 A 30 31 96 97 98 99 100 101 102
vdjdb_full_2607 B 27 28 29 30 31 32 33 51 90 91 92 93 94
vdjdb_full_2604 E 1 2 3 4 5 6 7 8 9
vdjdb_full_2604 A 32 97 98 99 100 101 102 103 104 105 106 107
vdjdb_full_2604 B 28 29 30 31 32 91 92 93 94 95 96 97
vdjdb_full_2679 E 1 2 3 4 5 6 7 8 9
vdjdb_full_2679 A 27 28 29 30 31 50 94 95 96 97 98 99 100 101
vdjdb_full_2679 B 29 30 31 32 51 93 94 95 96 97 98 99 100 101
vdjdb_full_2720 E 1 2 3 4 5 6 7 8 9
vdjdb_full_2720 A 27 28 29 30 31 50 94 95 96 97 98 99 100 101
vdjdb_full_2720 B 29 30 31 32 93 94 95 96 97 98 99 100 101
vdjdb_full_2638 E 1 2 3 4 5 6 7 8 9
vdjdb_full_2638 A 27 28 29 30 31 50 94 95 96 97 98 99 100 101
vdjdb_full_2638 B 29 30 31 32 93 94 95 96 97 98 99 100 101
vdjdb_full_2737 E 1 2 3 4 5 6 7 8 9
vdjdb_full_2737 A 27 28 29 30 31 50 94 95 96 97 98 99 100 101
vdjdb_full_2737 B 29 30 31 32 51 93 94 95 96 97 98 99 100 101
vdjdb_full_2733 E 1 2 3 4 5 6 7 8 9
vdjdb_full_2733 A 28 30 50 95 96 97 98 99 100 101 102
vdjdb_full_2733 B 29 30 31 32 52 93 94 95 96 97 98 99 100 101
vdjdb_full_28 E 1 2 3 4 5 6 7 8 9
vdjdb_full_28 A 30 31 50 95 96 97 98 99 100 101 102
vdjdb_full_28 B 29 30 95 96 97 98 99 100
vdjdb_full_2665 E 1 2 3 4 5 6 7 8 9
vdjdb_full_2665 A 27 28 30 50 95 96 97 98 99 100 101 102
vdjdb_full_2665 B 29 30 31 32 93 94 95 96 97 98 99 100 101
vdjdb_full_2708 E 1 2 3 4 5 6 7 8 9
vdjdb_full_2708 A 27 28 29 30 31 50 94 95 96 97 98 99 100 101
vdjdb_full_2708 B 29 30 31 32 51 93 94 95 96 97 98 99 100 101
vdjdb_full_2674 E 1 2 3 4 5 6 7 8 9
vdjdb_full_2674 A 27 28 29 30 31 50 94 95 96 97 98 99 100 101 102 103 104
vdjdb_full_2674 B 29 30 31 32 93 94 95 96 97 98 99 100 101
vdjdb_full_2678 E 1 2 3 4 5 6 7 8 9
vdjdb_full_2678 A 27 28 29 30 31 50 94 95 96 97 98 99 100
vdjdb_full_2678 B 29 30 31 32 93 94 95 96 97 98 99 100 101
vdjdb_full_2819 E 1 2 3 4 5 6 7 8 9
vdjdb_full_2819 A 27 28 29 30 31 50 94 95 96 97 98 99 100 101
vdjdb_full_2819 B 29 30 31 32 51 93 94 95 96 97 98 99 100 101
vdjdb_full_2860 E 1 2 3 4 5 6 7 8 9
vdjdb_full_2860 A 27 28 29 30 31 50 94 95 96 97 98 99 100 101
vdjdb_full_2860 B 29 30 31 32 51 93 94 95 96 97 98 99 100 101
vdjdb_full_2821 E 1 2 3 4 5 6 7 8 9
vdjdb_full_2821 A 28 30 31 50 94 95 96 97 98 99 100 101 102 103
vdjdb_full_2821 B 29 30 31 32 93 94 95 96 97 98 99 100 101
vdjdb_full_2856 E 1 2 3 4 5 6 7 8 9
vdjdb_full_2856 A 28 30 50 95 96 97 98 99 100 101 102 103
vdjdb_full_2856 B 29 30 31 32 52 93 94 95 96 97 98 99 100 101
vdjdb_full_2863 E 1 2 3 4 5 6 7 8 9
vdjdb_full_2863 A 27 28 29 30 31 50 94 95 96 97 98 99 100 101
vdjdb_full_2863 B 29 30 31 32 51 93 94 95 96 97 98 99 100 101
vdjdb_full_290 E 1 2 3 4 5 6 7 8 9
vdjdb_full_290 A 28 29 30 31 50 51 95 96 97 98 99 100 101 102
vdjdb_full_290 B 96 97 98 99 100 101 102
vdjdb_full_2884 E 1 2 3 4 5 6 7 8 9
vdjdb_full_2884 A 27 28 29 30 31 50 94 95 96 97 98 99 100 101
vdjdb_full_2884 B 29 30 31 32 51 93 94 95 96 97 98 99 100 101
vdjdb_full_2890 E 1 2 3 4 5 6 7 8 9
vdjdb_full_2890 A 28 30 50 95 96 97 98 99 100 101 102
vdjdb_full_2890 B 29 30 31 32 93 94 95 96 97 98 99 100 101
vdjdb_full_29 E 1 2 3 4 5 6 7 8 9
vdjdb_full_29 A 30 31 50 51 55 95 96 97 98 99 100 101
vdjdb_full_29 B 27 28 29 30 31 91 92 93 94 95 96
vdjdb_full_2962 E 1 2 3 4 5 6 7 8 9
vdjdb_full_2962 A 27 28 29 30 31 50 94 95 96 97 98 99 100 101
vdjdb_full_2962 B 29 30 31 32 51 93 94 95 96 97 98 99 100 101
vdjdb_full_2933 E 1 2 3 4 5 6 7 8 9
vdjdb_full_2933 A 27 28 29 30 31 50 94 95 96 97 98 99 100 101
vdjdb_full_2933 B 29 30 31 32 93 94 95 96 97 98 99 100 101
vdjdb_full_30 E 1 2 3 4 5 6 7 8 9
vdjdb_full_30 A 27 28 29 30 31 32 49 50 51 52 54 71 94 95 96 97 98 99 104
vdjdb_full_30 B 95 96 97 98 101 102 103
vdjdb_full_2977 E 1 2 3 4 5 6 7 8 9
vdjdb_full_2977 A 27 28 29 30 31 50 94 95 96 97 98 99 100 101
vdjdb_full_2977 B 29 30 31 32 51 93 94 95 96 97 98 99 100 101
vdjdb_full_2992 E 1 2 3 4 5 6 7 8 9
vdjdb_full_2992 A 27 28 29 30 31 50 94 95 96 97 98 99 100 101
vdjdb_full_2992 B 29 30 31 32 93 94 95 96 97 98 99 100 101
vdjdb_full_3059 E 1 2 3 4 5 6 7 8 9
vdjdb_full_3059 A 27 28 29 30 31 50 94 95 96 97 98 99 100 101
vdjdb_full_3059 B 29 30 31 32 93 94 95 96 97 98 99 100 101
vdjdb_full_2970 E 1 2 3 4 5 6 7 8 9
vdjdb_full_2970 A 27 28 29 30 31 50 94 95 96 97 98 99 100 101
vdjdb_full_2970 B 29 30 31 32 93 94 95 96 97 98 99 100 101
vdjdb_full_2983 E 1 2 3 4 5 6 7 8 9
vdjdb_full_2983 A 27 28 29 30 31 50 94 95 96 97 98 99 100 101
vdjdb_full_2983 B 29 30 31 32 51 93 94 95 96 97 98 99 100 101
vdjdb_full_316 E 1 2 3 4 5 6 7 8 9
vdjdb_full_316 A 28 30 50 51 55 94 95 96 97 98 99 100 101 102
vdjdb_full_316 B 28 29 30 31 32 51 92 93 94 95 96 97
vdjdb_full_2906 E 1 2 3 4 5 6 7 8 9
vdjdb_full_2906 A 27 28 30 31 50 94 95 96 97 98 99 100
vdjdb_full_2906 B 29 30 31 32 93 94 95 96 97 98 99 100 101
vdjdb_full_3194 E 1 2 3 4 5 6 7 8 9
vdjdb_full_3194 A 27 28 30 50 95 96 97 98 99 100 101 102 103
vdjdb_full_3194 B 29 30 31 32 93 94 95 96 97 98 99 100 101
vdjdb_full_3116 E 1 2 3 4 5 6 7 8 9
vdjdb_full_3116 A 27 28 29 30 31 50 94 95 96 97 98 99 100 101
vdjdb_full_3116 B 29 30 31 32 51 93 94 95 96 97 98 99 100 101
vdjdb_full_31 E 1 2 3 4 5 6 7 8 9
vdjdb_full_31 A 30 49 50 51 52 54 96 97 98 99
vdjdb_full_31 B 95 96 97 98 99 100 101 102
vdjdb_full_3087 E 1 2 3 4 5 6 7 8 9
vdjdb_full_3087 A 27 28 29 30 31 50 51 71 94 95 96 97 98 99 100
vdjdb_full_3087 B 29 30 31 93 94 95 96 97 98 99 100 101
vdjdb_full_3193 E 1 2 3 4 5 6 7 8 9
vdjdb_full_3193 A 28 30 50 95 96 97 98 99 100 101 102 103
vdjdb_full_3193 B 29 30 31 32 93 94 95 96 97 98 99 100 101
vdjdb_full_3181 E 1 2 3 4 5 6 7 8 9
vdjdb_full_3181 A 28 30 50 95 96 97 98 99 100
vdjdb_full_3181 B 29 30 31 93 94 95 96 97 98 99 100 101
vdjdb_full_3260 E 1 2 3 4 5 6 7 8 9
vdjdb_full_3260 A 27 28 29 30 31 50 94 95 96 97 98 99 100 101 102 103
vdjdb_full_3260 B 29 30 31 32 93 94 95 96 97 98 99 100 101
vdjdb_full_3355 E 1 2 3 4 5 6 7 8 9
vdjdb_full_3355 A 50 95 96 97 98 99 100 101 102
vdjdb_full_3355 B 29 30 31 32 51 52 93 94 95 96 97 98 99 100 101
vdjdb_full_3287 E 1 2 3 4 5 6 7 8 9
vdjdb_full_3287 A 27 28 29 30 31 50 94 95 96 97 98 99 100 102 103 104 105
vdjdb_full_3287 B 29 30 31 32 51 93 94 95 96 97 98 99 100 101
vdjdb_full_3283 E 1 2 3 4 5 6 7 8 9
vdjdb_full_3283 A 28 30 50 95 96 97 98 99 100 101 102
vdjdb_full_3283 B 29 30 31 32 93 94 95 96 97 98 99 100 101
vdjdb_full_323 E 1 2 3 4 5 6 7 8 9
vdjdb_full_323 A 28 29 30 31 50 51 55 94 95 96 97 98 99
vdjdb_full_323 B 27 28 29 30 31 91 92 93 94 95 96 97 98
vdjdb_full_3364 E 1 2 3 4 5 6 7 8 9
vdjdb_full_3364 A 27 28 29 30 31 50 94 95 96 97 98 99 100 102 103 104 105
vdjdb_full_3364 B 29 30 31 32 93 94 95 96 97 98 99 100 101
vdjdb_full_3237 E 1 2 3 4 5 6 7 8 9
vdjdb_full_3237 A 28 30 50 95 96 97 98 99 100 101 102
vdjdb_full_3237 B 29 30 31 32 93 94 95 96 97 98 99 100 101
vdjdb_full_3396 E 1 2 3 4 5 6 7 8 9
vdjdb_full_3396 A 27 28 29 30 31 50 94 95 96 97 98 99 100 101
vdjdb_full_3396 B 29 30 31 32 93 94 95 96 97 98 99 100 101
vdjdb_full_3433 E 1 2 3 4 5 6 7 8 9
vdjdb_full_3433 A 27 28 29 30 31 50 94 95 96 97 98 99 100 101
vdjdb_full_3433 B 29 30 31 32 93 94 95 96 97 98 99 100 101
vdjdb_full_3498 E 1 2 3 4 5 6 7 8 9
vdjdb_full_3498 A 27 28 29 30 31 50 94 95 96 97 98 99 102 103 104 105
vdjdb_full_3498 B 29 30 31 32 93 94 95 96 97 98 99 100 101
vdjdb_full_3518 E 1 2 3 4 5 6 7 8 9
vdjdb_full_3518 A 27 28 29 30 31 50 94 95 96 97 98 99 100 101
vdjdb_full_3518 B 29 30 31 32 93 94 95 96 97 98 99 100 101
vdjdb_full_3466 E 1 2 3 4 5 6 7 8 9
vdjdb_full_3466 A 27 28 29 30 31 50 94 95 96 97 98 99 100 101
vdjdb_full_3466 B 29 30 31 32 51 93 94 95 96 97 98 99 100 101
vdjdb_full_3401 E 1 2 3 4 5 6 7 8 9
vdjdb_full_3401 A 27 28 30 31 50 94 95 96 97 98 99 100 101 102 103
vdjdb_full_3401 B 29 30 31 32 93 94 95 96 97 98 99 100 101
vdjdb_full_35 E 1 2 3 4 5 6 7 8 9
vdjdb_full_35 A 30 95 96 97 98 99 100 101 102
vdjdb_full_35 B 30 31 96 97 98 99 101
vdjdb_full_3516 E 1 2 3 4 5 6 7 8 9
vdjdb_full_3516 A 28 30 50 95 96 97 98 99 100 101 102
vdjdb_full_3516 B 29 30 31 32 93 94 95 96 97 98 99 100 101
vdjdb_full_3514 E 1 2 3 4 5 6 7 8 9
vdjdb_full_3514 A 27 28 30 50 94 95 96 97 98 99 100 101 102 103
vdjdb_full_3514 B 29 30 31 32 93 94 95 96 97 98 99 100 101
vdjdb_full_3687 E 1 2 3 4 5 6 7 8 9
vdjdb_full_3687 A 27 28 29 30 31 50 94 95 96 97 98 99 100 101 102 103 104 105
vdjdb_full_3687 B 29 30 31 32 93 94 95 96 97 98 99 100 101
vdjdb_full_3547 E 1 2 3 4 5 6 7 8 9
vdjdb_full_3547 A 50 95 96 97 98 99 100 101 102 103 104 105
vdjdb_full_3547 B 29 30 31 32 93 94 95 96 97 98 99 100 101
vdjdb_full_3553 E 1 2 3 4 5 6 7 8 9
vdjdb_full_3553 A 50 95 96 97 98 99 100 101 102 103 104 105
vdjdb_full_3553 B 29 30 31 32 93 94 95 96 97 98 99 100 101
vdjdb_full_3573 E 1 2 3 4 5 6 7 8 9
vdjdb_full_3573 A 27 28 29 30 31 50 94 95 96 97 98 99 100 101
vdjdb_full_3573 B 29 30 31 32 51 93 94 95 96 97 98 99 100 101
vdjdb_full_36 E 1 2 3 4 5 6 7 8 9
vdjdb_full_36 A 28 30 94 95 96 97 98 99 100 101 102
vdjdb_full_36 B 31 96 97 98 99 102 103
vdjdb_full_3692 E 1 2 3 4 5 6 7 8 9
vdjdb_full_3692 A 27 28 29 30 31 50 94 95 96 97 98 99 100 101
vdjdb_full_3692 B 29 30 31 32 93 94 95 96 97 98 99 100 101
vdjdb_full_3698 E 1 2 3 4 5 6 7 8 9
vdjdb_full_3698 A 27 28 29 30 31 50 94 95 96 97 98 99 100 101 102 103 104 105
vdjdb_full_3698 B 29 30 31 32 93 94 95 96 97 98 99 100 101
vdjdb_full_3663 E 1 2 3 4 5 6 7 8 9
vdjdb_full_3663 A 27 28 29 30 31 50 94 95 96 97 98 99 100 101
vdjdb_full_3663 B 29 30 31 32 93 94 95 96 97 98 99 100 101
vdjdb_full_3596 E 1 2 3 4 5 6 7 8 9
vdjdb_full_3596 A 28 30 50 95 96 97 98 99 100 101 102
vdjdb_full_3596 B 29 30 31 32 93 94 95 96 97 98 99 100 101
vdjdb_full_3689 E 1 2 3 4 5 6 7 8 9
vdjdb_full_3689 A 27 28 29 30 31 50 94 95 96 97 98 99 100 101
vdjdb_full_3689 B 29 30 31 32 93 94 95 96 97 98 99 100 101
vdjdb_full_37 E 1 2 3 4 5 6 7 8 9
vdjdb_full_37 A 30 31 50 51 55 56 94 95 96 97 98 99 100 102
vdjdb_full_37 B 94 95 96 97 98 100 101 102 103
vdjdb_full_3791 E 1 2 3 4 5 6 7 8 9
vdjdb_full_3791 A 50 95 96 97 98 99 100 101 102
vdjdb_full_3791 B 29 30 31 32 93 94 95 96 97 98 99 100 101
vdjdb_full_3842 E 1 2 3 4 5 6 7 8 9
vdjdb_full_3842 A 27 28 29 30 31 50 94 95 96 97 98 99 100 101
vdjdb_full_3842 B 29 30 31 32 51 93 94 95 96 97 98 99 100 101
vdjdb_full_3853 E 1 2 3 4 5 6 7 8 9
vdjdb_full_3853 A 50 95 96 97 98 99 100 101 102 103
vdjdb_full_3853 B 29 30 31 32 51 52 93 94 95 96 97 98 99 100 101
vdjdb_full_3882 E 1 2 3 4 5 6 7 8 9
vdjdb_full_3882 A 27 28 29 30 31 50 94 95 96 97 98 99 100 101
vdjdb_full_3882 B 29 30 31 32 51 93 94 95 96 97 98 99 100 101
vdjdb_full_3727 E 1 2 3 4 5 6 7 8 9
vdjdb_full_3727 A 27 28 29 30 31 50 94 95 96 97 98 99 100 101
vdjdb_full_3727 B 29 30 31 32 51 93 94 95 96 97 98 99 100 101
vdjdb_full_3788 E 1 2 3 4 5 6 7 8 9
vdjdb_full_3788 A 27 28 29 30 31 50 94 95 96 97 98 99 100 101
vdjdb_full_3788 B 29 30 31 32 51 93 94 95 96 97 98 99 100 101
vdjdb_full_3899 E 1 2 3 4 5 6 7 8 9
vdjdb_full_3899 A 27 28 29 30 31 50 94 95 96 97 98 99 100 101
vdjdb_full_3899 B 29 30 31 32 51 93 94 95 96 97 98 99 100 101
vdjdb_full_3898 E 1 2 3 4 5 6 7 8 9
vdjdb_full_3898 A 27 28 29 30 31 50 94 95 96 97 98 99 100 101
vdjdb_full_3898 B 29 30 31 32 93 94 95 96 97 98 99 100 101
vdjdb_full_3932 E 1 2 3 4 5 6 7 8 9
vdjdb_full_3932 A 27 28 29 30 31 50 94 95 96 97 98 99 100 101
vdjdb_full_3932 B 29 30 31 32 51 93 94 95 96 97 98 99 100 101
vdjdb_full_3942 E 1 2 3 4 5 6 7 8 9
vdjdb_full_3942 A 30 50 95 96 97 98 99 100 101 102 103 104 105
vdjdb_full_3942 B 29 30 31 32 51 52 93 94 95 96 97 98 99 100 101
vdjdb_full_4082 E 1 2 3 4 5 6 7 8 9
vdjdb_full_4082 A 27 28 29 30 31 50 94 95 96 97 98 99 100 101 102 103
vdjdb_full_4082 B 29 30 31 32 93 94 95 96 97 98 99 100 101
vdjdb_full_4004 E 1 2 3 4 5 6 7 8 9
vdjdb_full_4004 A 27 28 29 30 31 50 94 95 96 97 98 99 100 101
vdjdb_full_4004 B 29 30 31 32 51 93 94 95 96 97 98 99 100 101
vdjdb_full_3901 E 1 2 3 4 5 6 7 8 9
vdjdb_full_3901 A 27 28 29 30 31 50 94 95 96 97 98 99 100 101
vdjdb_full_3901 B 29 30 31 32 93 94 95 96 97 98 99 100 101
vdjdb_full_4096 E 1 2 3 4 5 6 7 8 9
vdjdb_full_4096 A 50 95 96 97 98 99 100 101 102
vdjdb_full_4096 B 29 30 31 32 52 93 94 95 96 97 98 99 100 101
vdjdb_full_4092 E 1 2 3 4 5 6 7 8 9
vdjdb_full_4092 A 27 28 29 30 31 50 94 95 96 97 98 99 100 101
vdjdb_full_4092 B 29 30 31 32 93 94 95 96 97 98 99 100 101
vdjdb_full_4083 E 1 2 3 4 5 6 7 8 9
vdjdb_full_4083 A 50 95 96 97 98 99 100 101 102 103
vdjdb_full_4083 B 29 30 31 32 51 52 93 94 95 96 97 98 99 100 101
vdjdb_full_4111 E 1 2 3 4 5 6 7 8 9
vdjdb_full_4111 A 28 30 31 50 95 96 97 98 99 100 101 102 103 104 105
vdjdb_full_4111 B 29 30 31 32 93 94 95 96 97 98 99 100 101
vdjdb_full_41 E 1 2 3 4 5 6 7 8 9
vdjdb_full_41 A 30 31 50 55 95 96 97 98 99 100 101
vdjdb_full_41 B 27 28 29 30 31 91 92 93 94 95 96
vdjdb_full_4062 E 1 2 3 4 5 6 7 8 9
vdjdb_full_4062 A 27 28 29 30 31 50 94 95 96 97 98 99 100 101
vdjdb_full_4062 B 29 30 31 32 51 93 94 95 96 97 98 99 100 101
vdjdb_full_4177 E 1 2 3 4 5 6 7 8 9
vdjdb_full_4177 A 27 28 29 30 31 50 94 95 96 97 98 99 100 101
vdjdb_full_4177 B 29 30 31 32 93 94 95 96 97 98 99 100 101
vdjdb_full_4141 E 1 2 3 4 5 6 7 8 9
vdjdb_full_4141 A 28 30 50 95 96 97 98 99 100 101 102 103
vdjdb_full_4141 B 29 30 31 32 93 94 95 96 97 98 99 100 101
vdjdb_full_4164 E 1 2 3 4 5 6 7 8 9
vdjdb_full_4164 A 27 28 29 30 31 50 94 95 96 97 98 99 100 101 102 103
vdjdb_full_4164 B 29 30 31 32 93 94 95 96 97 98 99 100 101
vdjdb_full_4121 E 1 2 3 4 5 6 7 8 9
vdjdb_full_4121 A 27 28 29 30 31 50 94 95 96 97 98 99 100 101
vdjdb_full_4121 B 29 30 31 32 93 94 95 96 97 98 99 100 101
vdjdb_full_4165 E 1 2 3 4 5 6 7 8 9
vdjdb_full_4165 A 27 28 29 30 31 50 94 95 96 97 98 99 100 101
vdjdb_full_4165 B 29 30 31 32 51 93 94 95 96 97 98 99 100 101
vdjdb_full_4218 E 1 2 3 4 5 6 7 8 9
vdjdb_full_4218 A 27 28 29 30 31 50 94 95 96 97 98 99 100 101
vdjdb_full_4218 B 29 30 31 32 93 94 95 96 97 98 99 100 101
vdjdb_full_4255 E 1 2 3 4 5 6 7 8 9
vdjdb_full_4255 A 28 30 50 95 96 97 98 99 100
vdjdb_full_4255 B 29 30 31 32 93 94 95 96 97 98 99 100 101
vdjdb_full_4232 E 1 2 3 4 5 6 7 8 9
vdjdb_full_4232 A 27 28 29 30 31 50 94 95 96 97 98 99 100 101
vdjdb_full_4232 B 29 30 31 32 93 94 95 96 97 98 99 100 101
vdjdb_full_4230 E 1 2 3 4 5 6 7 8 9
vdjdb_full_4230 A 27 28 29 30 31 50 94 95 96 97 98 99 100 101
vdjdb_full_4230 B 29 30 31 32 93 94 95 96 97 98 99 100 101
vdjdb_full_4217 E 1 2 3 4 5 6 7 8 9
vdjdb_full_4217 A 27 28 29 30 31 50 94 95 96 97 98 99 100 101
vdjdb_full_4217 B 29 30 31 32 93 94 95 96 97 98 99 100 101
vdjdb_full_43 E 1 2 3 4 5 6 7 8 9
vdjdb_full_43 A 30 31 32 48 49 50 51 52 53 54 55 56 95 96 97
vdjdb_full_43 B 94 95 96 98 99 100 101 102 103 104
vdjdb_full_4305 E 1 2 3 4 5 6 7 8 9
vdjdb_full_4305 A 27 28 29 30 31 50 94 95 96 97 98 99 100 101
vdjdb_full_4305 B 29 30 31 32 93 94 95 96 97 98 99 100 101
vdjdb_full_4300 E 1 2 3 4 5 6 7 8 9
vdjdb_full_4300 A 27 28 29 30 31 50 94 95 96 97 98 99 100 101
vdjdb_full_4300 B 29 30 31 32 51 93 94 95 96 97 98 99 100 101
vdjdb_full_4338 E 1 2 3 4 5 6 7 8 9
vdjdb_full_4338 A 27 28 29 30 31 50 94 95 96 97 98 99 100 101
vdjdb_full_4338 B 29 30 31 32 93 94 95 96 97 98 99 100 101
vdjdb_full_4256 E 1 2 3 4 5 6 7 8 9
vdjdb_full_4256 A 27 28 29 30 31 50 94 95 96 97 98 99 100 101
vdjdb_full_4256 B 29 30 31 32 93 94 95 96 97 98 99 100 101
vdjdb_full_4273 E 1 2 3 4 5 6 7 8 9
vdjdb_full_4273 A 28 30 50 95 96 97 98 99 100 101 102
vdjdb_full_4273 B 29 30 31 32 93 94 95 96 97 98 99 100 101
vdjdb_full_4350 E 1 2 3 4 5 6 7 8 9
vdjdb_full_4350 A 30 50 95 96 97 98 99 100 101 102 103 104 105
vdjdb_full_4350 B 29 30 31 32 93 94 95 96 97 98 99 100 101
vdjdb_full_4340 E 1 2 3 4 5 6 7 8 9
vdjdb_full_4340 A 27 28 29 30 31 50 94 95 96 97 98 99 100 101
vdjdb_full_4340 B 29 30 31 32 93 94 95 96 97 98 99 100 101
vdjdb_full_4428 E 1 2 3 4 5 6 7 8 9
vdjdb_full_4428 A 27 28 29 30 31 50 94 95 96 97 98 99 100 101
vdjdb_full_4428 B 29 30 31 32 51 93 94 95 96 97 98 99 100 101
vdjdb_full_4442 E 1 2 3 4 5 6 7 8 9
vdjdb_full_4442 A 27 28 29 30 31 50 94 95 96 97 98 99 100 101
vdjdb_full_4442 B 29 30 31 32 51 93 94 95 96 97 98 99 100 101
vdjdb_full_4469 E 1 2 3 4 5 6 7 8 9
vdjdb_full_4469 A 27 28 29 30 31 50 94 95 96 97 98 99 100 101
vdjdb_full_4469 B 29 30 31 32 93 94 95 96 97 98 99 100 101
vdjdb_full_4456 E 1 2 3 4 5 6 7 8 9
vdjdb_full_4456 A 28 30 50 95 96 97 98 99 100 101 102 103 104 105
vdjdb_full_4456 B 29 30 31 32 93 94 95 96 97 98 99 100 101
vdjdb_full_45 E 1 2 3 4 5 6 7 8 9
vdjdb_full_45 A 30 31 50 51 95 96 97 98 99 100 101
vdjdb_full_45 B 29 30 31 32 52 93 94 95 96 97 98
vdjdb_full_4461 E 1 2 3 4 5 6 7 8 9
vdjdb_full_4461 A 27 28 29 30 31 50 94 95 96 97 98 99 100 101
vdjdb_full_4461 B 29 30 31 32 51 93 94 95 96 97 98 99 100 101
vdjdb_full_4590 E 1 2 3 4 5 6 7 8 9
vdjdb_full_4590 A 27 28 29 30 31 50 94 95 96 97 98 99 100 101
vdjdb_full_4590 B 29 30 31 32 93 94 95 96 97 98 99 100 101
vdjdb_full_4407 E 1 2 3 4 5 6 7 8 9
vdjdb_full_4407 A 27 28 29 30 31 50 94 95 96 97 98 99 100
vdjdb_full_4407 B 29 30 31 32 93 94 95 96 97 98 99 100 101
vdjdb_full_4531 E 1 2 3 4 5 6 7 8 9
vdjdb_full_4531 A 27 28 29 30 31 50 94 95 96 97 98 99 100 101 102 103 104 105
vdjdb_full_4531 B 29 30 31 32 93 94 95 96 97 98 99 100 101
vdjdb_full_4536 E 1 2 3 4 5 6 7 8 9
vdjdb_full_4536 A 27 28 29 30 31 50 94 95 96 97 98 99 100 101 102 103
vdjdb_full_4536 B 29 30 31 32 93 94 95 96 97 98 99 100 101
vdjdb_full_4540 E 1 2 3 4 5 6 7 8 9
vdjdb_full_4540 A 27 28 29 30 31 50 94 95 96 97 98 99 100 101
vdjdb_full_4540 B 29 30 31 32 51 93 94 95 96 97 98 99 100 101
vdjdb_full_4493 E 1 2 3 4 5 6 7 8 9
vdjdb_full_4493 A 28 30 50 95 96 97 98 99 100 101 102 103
vdjdb_full_4493 B 29 30 31 32 93 94 95 96 97 98 99 100 101
vdjdb_full_5047 E 1 2 3 4 5 6 7 8 9 10
vdjdb_full_5047 A 28 29 30 31 50 51 94 95 96 97 98 99 100 101
vdjdb_full_5047 B 27 28 29 30 31 32 50 51 52 94 95 96 97 98 99
vdjdb_full_4596 E 1 2 3 4 5 6 7 8 9
vdjdb_full_4596 A 27 28 29 30 31 50 94 95 96 97 98 99 100 101
vdjdb_full_4596 B 29 30 31 32 51 93 94 95 96 97 98 99 100 101
vdjdb_full_47 E 1 2 3 4 5 6 7 8 9
vdjdb_full_47 A 27 28 30 50 95 96 97 98 99 100 101
vdjdb_full_47 B 95 96
vdjdb_full_5129 E 1 2 3 4 5 6 7 8 9 10
vdjdb_full_5129 A 49 50 51 52 53 54 55 56 95 96 97 98 99
vdjdb_full_5129 B 94 95 96 97 98 99
vdjdb_full_52 E 1 2 3 4 5 6 7 8 9
vdjdb_full_52 A 28 29 30 31 49 50 51 95 96 97 98 99 100 101 102
vdjdb_full_52 B 29 31 96 97 98 99 100 104
vdjdb_full_51 E 1 2 3 4 5 6 7 8 9
vdjdb_full_51 A 28 30 95 96 97 98 99 100 101
vdjdb_full_51 B 31 97
vdjdb_full_53 E 1 2 3 4 5 6 7 8 9
vdjdb_full_53 A 30 31 50 51 55 94 95 96 97 98 99
vdjdb_full_53 B 94 95 96 97 98 99 100 101
vdjdb_full_5454 E 1 2 3 4 5 6 7 8 9 10
vdjdb_full_5454 A 30 31 48 49 50 51 52 53 55 94 95 96 97 98 99 100 101
vdjdb_full_5454 B 29 30 31 32 93 94 95 96 97 98 99
vdjdb_full_5246 E 1 2 3 4 5 6 7 8 9 10
vdjdb_full_5246 A 28 29 30 31 49 50 51 55 94 95 96 97 98 99 100 101
vdjdb_full_5246 B 30 31 32 95 96 97 98 99 100 101 102 103
vdjdb_full_5657 E 1 2 3 4 5 6 7 8 9 10
vdjdb_full_5894 E 1 2 3 4 5 6 7 8 9 10
vdjdb_full_5894 A 28 29 30 31 94 95 96 97 98 99 100 101
vdjdb_full_5894 B 30 92 93 94 95 96 97 98 99 100
vdjdb_full_5799 E 1 2 3 4 5 6 7 8 9 10
vdjdb_full_5829 E 1 2 3 4 5 6 7 8 9 10
vdjdb_full_5829 A 95 96 97 99 100 101 102 103 104
vdjdb_full_5829 B 29 30 31 49 50 51 52 69 92 93
vdjdb_full_5905 E 1 2 3 4 5 6 7 8 9 10
vdjdb_full_5905 A 28 29 30 31 48 50 51 55 56 93 94 95 96 97 98 99 100 101 102
vdjdb_full_5905 B 29 31 48 50 90 91 92 93 94
vdjdb_full_6038 E 1 2 3 4 5 6 7 8 9 10
vdjdb_full_6038 A 28 29 30 31 49 50 51 94 95 96 97 98 99 100 101 102 103
vdjdb_full_6038 B 28 29 30 31 32 51 92 93 94 95 96 97
vdjdb_full_57 E 1 2 3 4 5 6 7 8 9
vdjdb_full_57 A 28 29 30 31 49 50 51 94 95 96 97 98 99
vdjdb_full_57 B 29 31 32 93 94 95 96
vdjdb_full_61 E 1 2 3 4 5 6 7 8 9
vdjdb_full_61 A 30 31 49 50 51 55 94 95 96 97 98 99
vdjdb_full_61 B 94 95 96 97 98 99 100 101 102
vdjdb_full_5347 E 1 2 3 4 5 6 7 8 9 10
vdjdb_full_5347 A 31 97 98 99 100 101 102 103 104
vdjdb_full_5347 B 31 32 95 96 97
vdjdb_full_6372 E 1 2 3 4 5 6 7 8 9
vdjdb_full_6372 A 30 31 49 50 51 54 94 95 96 97 98 99 100
vdjdb_full_6372 B 28 29 30 31 32 91 92 93 94 95 98 99 100 101 102
vdjdb_full_6039 E 1 2 3 4 5 6 7 8 9 10
vdjdb_full_6039 A 28 30 31 50 94 95 96 97 98 99 100 101 102 103
vdjdb_full_6039 B 30 93 94 95 96 97 98
vdjdb_full_6145 E 1 2 3 4 5 6 7 8 9 10
vdjdb_full_6145 B 31 97 98 99 100
vdjdb_full_6083 E 1 2 3 4 5 6 7 8 9 10
vdjdb_full_6083 A 28 29 30 31 96 97 98 99 100 101 102
vdjdb_full_6083 B 2 29 30 31 32 92 93 94 95 96 97
vdjdb_full_6377 E 1 2 3 4 5 6 7 8 9
vdjdb_full_6377 A 28 29 30 31 49 50 51 52 54 56 71 94 95 96 97 98 99
vdjdb_full_6377 B 92 93 94 95 96 97 98 99 100 101
vdjdb_full_6520 E 1 2 3 4 5 6 7 8 9
vdjdb_full_6520 A 28 29 30 31 49 50 51 52 54 56 71 94 95 96 97 98 99 100
vdjdb_full_6520 B 95 96 97 98 99 100 101
vdjdb_full_6684 E 1 2 3 4 5 6 7 8 9
vdjdb_full_6684 A 28 29 30 31 32 49 50 51 52 54 56 94 95 96 97 98 99
vdjdb_full_6684 B 92 93 94 95 96 97 98
vdjdb_full_6427 E 1 2 3 4 5 6 7 8 9
vdjdb_full_6427 A 28 29 30 31 32 48 49 50 51 52 54 56 94 95 96 97 98 99
vdjdb_full_6427 B 30 92 93 94 95 96 97 98
vdjdb_full_6559 E 1 2 3 4 5 6 7 8 9
vdjdb_full_6559 A 28 29 30 31 48 49 50 51 52 54 55 56 94 95 96 97 98 99 100 101
vdjdb_full_6559 B 95 96 97
vdjdb_full_6442 E 1 2 3 4 5 6 7 8 9
vdjdb_full_6442 A 30 50 95 96 97 98 99 100 101
vdjdb_full_6442 B 31 96 97 98 99 100 101 102 103 104 105
vdjdb_full_6418 E 1 2 3 4 5 6 7 8 9
vdjdb_full_6418 A 28 29 30 31 49 50 51 52 56 71 94 95 96 97 98 99
vdjdb_full_6418 B 28 30 31 92 93 94 95 96
vdjdb_full_6619 E 1 2 3 4 5 6 7 8 9
vdjdb_full_6619 A 28 29 30 31 32 49 50 51 52 54 56 71 94 95 96 97 98 99
vdjdb_full_6619 B 30 92 93 94 95 96 97 98 99 100
vdjdb_full_6756 E 1 2 3 4 5 6 7 8 9
vdjdb_full_6756 A 28 29 30 31 32 48 49 50 51 52 54 56 94 95 96 97 98 99
vdjdb_full_6756 B 30 92 93 94 95 96 97 98
vdjdb_full_6406 E 1 2 3 4 5 6 7 8 9
vdjdb_full_6406 A 30 31 50 94 95 96 97 98 99 100 101 102
vdjdb_full_6406 B 29 30 31 32 33 51 91 92 93 94 95 96 97
vdjdb_full_6804 E 1 2 3 4 5 6 7 8 9
vdjdb_full_6804 A 28 29 30 31 32 49 50 51 52 54 56 71 94 95 96 97 98 99
vdjdb_full_6804 B 95 96 97 98 99 100 101
vdjdb_full_6952 E 1 2 3 4 5 6 7 8 9
vdjdb_full_6952 A 28 29 30 31 32 49 50 51 52 54 56 71 94 95 96 97 98 99
vdjdb_full_6952 B 28 29 30 31 90 91 92 93 94 95
vdjdb_full_7062 E 1 2 3 4 5 6 7 8 9
vdjdb_full_7062 A 26 27 28 29 30 31 50 51 55 56 94 95 96 97 98 99 100 101
vdjdb_full_7062 B 31 92 93 94 95 96 97 98 99 100
vdjdb_full_7030 E 1 2 3 4 5 6 7 8 9
vdjdb_full_7030 A 28 29 30 31 49 50 51 52 54 56 94 95 96 97 98 99
vdjdb_full_7030 B 92 93 94 95 96 97 98 99 100
vdjdb_full_7096 E 1 2 3 4 5 6 7 8 9
vdjdb_full_7096 A 28 29 30 31 32 49 50 51 52 54 56 71 94 95 96 97 98 99
vdjdb_full_7096 B 30 92 93 94 95 96 97 98 99 100 101
vdjdb_full_7003 E 1 2 3 4 5 6 7 8 9
vdjdb_full_7003 A 30 31 50 51 95 96 97 98 99 100 101 102 103
vdjdb_full_7003 B 1 30 31 32 94 95 96 97 98
vdjdb_full_7238 E 1 2 3 4 5 6 7 8 9
vdjdb_full_7238 A 28 29 30 31 32 49 50 51 52 54 56 71 94 95 96 97 98 99
vdjdb_full_7238 B 30 91 92 93 94 95 96 97 98
vdjdb_full_6847 E 1 2 3 4 5 6 7 8 9
vdjdb_full_6847 A 50 55 95 96 97 98 99 100 101 102
vdjdb_full_6847 B 1 2 27 28 29 30 31 32 93 94 95 96 97 98 99 100
vdjdb_full_6951 E 1 2 3 4 5 6 7 8 9
vdjdb_full_6951 A 28 29 30 31 32 48 49 50 51 52 54 56 94 95 96 97 98 99
vdjdb_full_6951 B 30 92 93 94 95 96 97 98 99 100
vdjdb_full_7174 E 1 2 3 4 5 6 7 8 9
vdjdb_full_7174 A 28 30 31 50 51 55 56 95 96 97 98 99 100 101 102 103
vdjdb_full_7174 B 29 31 32 33 95 96 97 98 99 100 101 102 103
vdjdb_full_7298 E 1 2 3 4 5 6 7 8 9
vdjdb_full_7298 A 28 29 30 31 32 48 49 50 51 52 54 56 71 94 95 96 97 98 99
vdjdb_full_7298 B 30 92 93 94 95 96 97 98 99 100
vdjdb_full_7322 E 1 2 3 4 5 6 7 8 9
vdjdb_full_7322 A 28 29 30 31 32 48 49 50 51 52 54 56 94 95 96 97 98 99
vdjdb_full_7322 B 30 92 93 94 95 96 97 98 99 100
vdjdb_full_7137 E 1 2 3 4 5 6 7 8 9
vdjdb_full_7137 A 28 29 30 31 50 51 94 95 96 97 98 99 100 101 102 103 104
vdjdb_full_7137 B 31 93 95
vdjdb_full_7332 E 1 2 3 4 5 6 7 8 9
vdjdb_full_7332 A 28 29 30 31 32 49 50 51 52 54 56 71 94 95 96 97 98 99 100 101
vdjdb_full_7332 B 94 95 96 97 98 99 100 101
vdjdb_full_7336 E 1 2 3 4 5 6 7 8 9
vdjdb_full_7336 A 28 29 30 31 32 49 50 51 52 54 56 71 94 95 96 97 98
vdjdb_full_7336 B 92 93 94 95 96 97 98 99
vdjdb_full_7028 E 1 2 3 4 5 6 7 8 9
vdjdb_full_7028 A 28 29 30 31 32 49 50 51 52 54 56 71 94 95 96 97 98 99
vdjdb_full_7028 B 94 95 96 97 98 99 100
vdjdb_full_7371 E 1 2 3 4 5 6 7 8 9
vdjdb_full_7371 A 28 29 30 31 32 49 50 51 52 54 56 71 94 95 96 97 98 99
vdjdb_full_7371 B 93 94 95 96 97 98 99 100
vdjdb_full_7392 E 1 2 3 4 5 6 7 8 9
vdjdb_full_7392 A 27 28 29 30 31 32 48 49 50 51 52 54 71 94 95 96 97 98
vdjdb_full_7392 B 30 91 92 93 94 95 96 97 98 99
vdjdb_full_7393 E 1 2 3 4 5 6 7 8 9
vdjdb_full_7393 A 28 30 31 48 49 50 51 53 55 56 95 96 97 98 99 100 101
vdjdb_full_7393 B 28 29 30 31 91 92 93 94 95 96 97 98
vdjdb_full_7385 E 1 2 3 4 5 6 7 8 9
vdjdb_full_7385 A 28 29 30 31 49 50 51 55 56 95 96 97 98 99 100 101
vdjdb_full_7385 B 32 92 93 94 95 96 97 98 99 100 101
vdjdb_full_7350 E 1 2 3 4 5 6 7 8 9
vdjdb_full_7350 A 28 29 30 31 32 49 50 51 52 54 56 71 94 95 96 97 98 99
vdjdb_full_7350 B 30 92 93 94 95 96 97 98 99 100
vdjdb_full_7423 E 1 2 3 4 5 6 7 8 9
vdjdb_full_7423 A 28 29 30 31 49 50 51 52 54 55 56 71 94 95 96 97 98 99
vdjdb_full_7423 B 94 95 96 97 98 99 100
vdjdb_full_7341 E 1 2 3 4 5 6 7 8 9
vdjdb_full_7341 A 28 29 30 31 32 49 50 51 52 54 56 94 95 96 97 98 99
vdjdb_full_7341 B 97 98 99 100 101 102 103 104
vdjdb_full_7446 E 1 2 3 4 5 6 7 8 9
vdjdb_full_7446 A 28 29 30 31 32 48 49 50 51 52 54 56 71 94 95 96 97 98 99
vdjdb_full_7446 B 92 93 94 95 96 97 98 99 100
vdjdb_full_7418 E 1 2 3 4 5 6 7 8 9
vdjdb_full_7418 A 28 29 30 31 32 49 50 51 52 54 56 94 95 96 97 98 99
vdjdb_full_7418 B 30 92 93 94 95 96 97 98 99 100
vdjdb_full_7581 E 1 2 3 4 5 6 7 8 9
vdjdb_full_7581 A 30 96 97 98 99 100 101
vdjdb_full_7581 B 29 30 31 32 51 92 93 94 95 96 98 99 100
vdjdb_full_7460 E 1 2 3 4 5 6 7 8 9
vdjdb_full_7460 A 28 29 30 31 32 95 96 97 98 99 100 101 102 103 104 105
vdjdb_full_7460 B 30 32 94 95 96 97 98 99 100
vdjdb_full_7508 E 1 2 3 4 5 6 7 8 9
vdjdb_full_7508 A 28 29 30 31 48 49 50 51 52 54 55 56 57 94 95 96 97 98 99
vdjdb_full_7508 B 92 93 94 95 96 97 98 99
vdjdb_full_7407 E 1 2 3 4 5 6 7 8 9
vdjdb_full_7407 A 28 29 30 31 50 51 94 95 96 97 98 99 100 101
vdjdb_full_7407 B 29 30 31 32 90 91 92 93 94 95 96 97
vdjdb_full_7578 E 1 2 3 4 5 6 7 8 9
vdjdb_full_7578 A 28 29 30 31 32 49 50 51 52 54 56 94 95 96 97 98 99
vdjdb_full_7578 B 30 92 93 94 95 96 97 98 99 100
vdjdb_full_7751 E 1 2 3 4 5 6 7 8 9
vdjdb_full_7751 A 28 29 30 31 49 50 51 52 54 56 94 95 96 97 98 99
vdjdb_full_7751 B 91 92 93 94 95 96
vdjdb_full_7689 E 1 2 3 4 5 6 7 8 9
vdjdb_full_7689 A 28 29 30 31 49 50 51 52 54 56 71 94 95 96 97 98 99
vdjdb_full_7689 B 94 95 96 97 98 99
vdjdb_full_7738 E 1 2 3 4 5 6 7 8 9
vdjdb_full_7738 A 28 29 30 31 49 50 51 52 54 56 94 95 96 97 98 99
vdjdb_full_7738 B 30 92 93 94 95 96 97 98 99 100 101
vdjdb_full_7783 E 1 2 3 4 5 6 7 8 9
vdjdb_full_7783 A 28 29 30 31 32 48 49 50 51 52 54 56 71 94 95 96 97 98
vdjdb_full_7783 B 31 93 94 95 96 97 98 99 100
vdjdb_full_7793 E 1 2 3 4 5 6 7 8 9
vdjdb_full_7793 A 28 29 30 31 32 49 50 51 52 54 56 71 94 95 96 97 98 99 100
vdjdb_full_7793 B 94 95 96 97 98 99
vdjdb_full_7825 E 1 2 3 4 5 6 7 8 9
vdjdb_full_7825 A 95 96 97 98 99 100 101 103
vdjdb_full_7825 B 29 30 31 32 95 96 97 98 99 100 101 102
vdjdb_full_7864 E 1 2 3 4 5 6 7 8 9
vdjdb_full_7864 A 30 31 49 50 51 52 54 94 95 96 97 98 99 100 101
vdjdb_full_7864 B 29 30 31 32 33 95 96 97 98 99 102 103 104 105
vdjdb_full_7865 E 1 2 3 4 5 6 7 8 9
vdjdb_full_7865 A 28 29 30 31 32 49 50 51 52 54 56 71 94 95 96 97 98 99
vdjdb_full_7865 B 92 93 94 95 96 97 98 99 100 101 102
vdjdb_full_7804 E 1 2 3 4 5 6 7 8 9
vdjdb_full_7804 A 28 29 30 31 32 49 50 51 52 54 56 71 94 95 96 97 98 99
vdjdb_full_7804 B 94 95 96 97 98 99 100 101 102
vdjdb_full_7903 E 1 2 3 4 5 6 7 8 9
vdjdb_full_7903 A 28 29 30 31 50 51 52 94 95 96 97 98 99 100 101
vdjdb_full_7903 B 29 30 31 32 33 51 92 93 94 95 96 97
vdjdb_full_7947 E 1 2 3 4 5 6 7 8 9
vdjdb_full_7947 A 28 29 30 31 32 49 50 51 52 54 94 95 96 97 98 99 100
vdjdb_full_7947 B 27 28 29 30 31 32 91 92 93 94 95 96 97 98 99 100
vdjdb_full_7965 E 1 2 3 4 5 6 7 8 9
vdjdb_full_7965 A 28 29 30 31 32 49 50 51 52 54 71 94 95 96 97 98 99
vdjdb_full_7965 B 31 33 95 96 97 98 99 100 102 103 104 105
vdjdb_full_7970 E 1 2 3 4 5 6 7 8 9
vdjdb_full_7970 A 28 29 30 31 32 49 50 51 52 54 56 71 94 95 96 97
vdjdb_full_7970 B 96 97 98 99 100 101 102 103 104 105
vdjdb_full_7959 E 1 2 3 4 5 6 7 8 9
vdjdb_full_7959 A 28 29 30 31 49 50 51 52 54 56 71 94 95 96 97 98 99 100 101
vdjdb_full_7959 B 96 97 98 99 100 101 102 103 104 105 106
vdjdb_full_7987 E 1 2 3 4 5 6 7 8 9
vdjdb_full_7987 A 28 29 30 31 32 49 50 51 52 54 56 94 95 96 97 98 99
vdjdb_full_7987 B 30 92 93 94 95 96 97 98 99 100
vdjdb_full_7958 E 1 2 3 4 5 6 7 8 9
vdjdb_full_7958 A 28 29 30 31 48 49 50 51 52 54 56 94 95 96 97 98 99
vdjdb_full_7958 B 92 93 94 95 96 97 98 99 100 101
vdjdb_full_8125 E 1 2 3 4 5 6 7 8 9
vdjdb_full_8125 A 28 29 30 31 32 49 50 51 52 54 56 71 94 95 96 97 98 99
vdjdb_full_8125 B 30 92 93 94 95 96 97 98 99
vdjdb_full_8077 E 1 2 3 4 5 6 7 8 9
vdjdb_full_8077 A 28 29 30 31 32 49 50 51 52 54 56 71 94 95 96 97 98 99
vdjdb_full_8077 B 94 95 96 97 98 99 100 101
vdjdb_full_8075 E 1 2 3 4 5 6 7 8 9
vdjdb_full_8075 A 28 29 30 31 32 49 50 51 52 54 56 71 94 95 96 97 98 99
vdjdb_full_8075 B 30 92 93 94 95 96 97 98 99 100
vdjdb_full_8163 E 1 2 3 4 5 6 7 8 9
vdjdb_full_8163 A 28 29 30 31 32 49 50 51 52 54 56 71 94 95 96 97 98 99
vdjdb_full_8163 B 93 94 95 96 97 98 99 100
vdjdb_full_8173 E 1 2 3 4 5 6 7 8 9
vdjdb_full_8173 A 28 29 30 31 48 49 50 51 52 54 55 56 57 94 95 96 97 98 99
vdjdb_full_8173 B 30 92 93 94 95 96 97 98
vdjdb_full_8090 E 1 2 3 4 5 6 7 8 9
vdjdb_full_8090 A 28 29 30 31 49 50 51 52 54 56 71 94 95 96 97 98 99
vdjdb_full_8090 B 95 96 99 100 101 102
vdjdb_full_8141 E 1 2 3 4 5 6 7 8 9
vdjdb_full_8141 A 28 29 30 31 32 49 50 51 52 54 56 71 94 95 96 97 98 99 100 101
vdjdb_full_8141 B 92 93 95 96 97 98 99 100
vdjdb_full_8242 E 1 2 3 4 5 6 7 8 9
vdjdb_full_8242 A 27 28 30 31 50 94 95 96 97 98 99 100 101 102
vdjdb_full_8242 B 30 32 94 95 96 97 98 99 100 101
vdjdb_full_8319 E 1 2 3 4 5 6 7 8 9 10
vdjdb_full_8319 A 30 31 49 50 51 55 94 95 96 97 98 99 100
vdjdb_full_8319 B 28 30 31 92 93 94 95 96 97 98 99
vdjdb_full_8311 E 1 2 3 4 5 6 7 8 9 10
vdjdb_full_8311 A 28 29 30 31 49 50 51 94 95 96 97 98 99
vdjdb_full_8311 B 29 30 31 32 33 95 96 97 98 99 100 101
vdjdb_full_8329 E 1 2 3 4 5 6 7 8 9 10
vdjdb_full_8329 A 28 30 31 50 95 96 97 98
vdjdb_full_8329 B 96 97 98 99
vdjdb_full_8294 E 1 2 3 4 5 6 7 8 9
vdjdb_full_8294 A 28 29 30 31 49 50 51 52 54 56 71 94 95 96 97 98 99
vdjdb_full_8294 B 92 93 94 95 96 97 98 99 100 101
vdjdb_full_8342 E 1 2 3 4 5 6 7 8 9
vdjdb_full_8342 A 28 29 30 31 32 48 49 50 51 55 95 96 97 98 99 100 101
vdjdb_full_8342 B 32 93 94 95 96 97 98 99 100 101
vdjdb_full_8313 E 1 2 3 4 5 6 7 8 9 10
vdjdb_full_8313 A 27 28 29 30 31 49 50 51 52 94 95 96 97 98 99 100
vdjdb_full_8313 B 29 31 32 93 94 95 96 97 98 99
vdjdb_full_8317 E 1 2 3 4 5 6 7 8 9 10
vdjdb_full_8317 A 27 28 29 30 31 32 49 50 51 52 54 94 95 96 97 98 99 100
vdjdb_full_8317 B 94 95 96 97 98 99 100 101
vdjdb_full_8334 E 1 2 3 4 5 6 7 8 9 10
vdjdb_full_8334 A 30 31 49 50 51 55 56 95 96 97 98 99 100
vdjdb_full_8334 B 1 27 28 29 30 31 92 93 94 95 96 97
vdjdb_full_8348 E 1 2 3 4 5 6 7 8 9
vdjdb_full_8348 A 28 29 30 31 50 51 94 95 96 97 98 99 100 101
vdjdb_full_8348 B 29 31 94 95 96 97 98 99
vdjdb_full_8385 E 1 2 3 4 5 6 7 8 9
vdjdb_full_8385 A 28 29 30 31 32 49 50 51 55 72 95 96 97 98 99 100
vdjdb_full_8385 B 30 31 91 92 93 94 95 96 97 98 99 100
vdjdb_full_8375 E 1 2 3 4 5 6 7 8 9
vdjdb_full_8375 A 30 94 95 96 97 98 99 100
vdjdb_full_8375 B 29 30 31 32 93 94 95 96 97 98
vdjdb_full_8346 E 1 2 3 4 5 6 7 8 9
vdjdb_full_8346 A 28 29 30 31 73 95 96 97 98 99 101 102 103 104 105 106
vdjdb_full_8346 B 28 29 30 31 32 33 92 93 94 95 96 97 98
vdjdb_full_8399 E 1 2 3 4 5 6 7 8 9
vdjdb_full_8399 A 55 95 96 97 98 99 100 101 102
vdjdb_full_8399 B 28 29 30 31 91 92 93 95 96 97 98 99
vdjdb_full_8357 E 1 2 3 4 5 6 7 8 9
vdjdb_full_8357 A 28 29 30 31 50 51 55 95 96 97 98 99 100
vdjdb_full_8357 B 30 31 91 92 93 94 95 96 97 98 99 100
vdjdb_full_8417 E 1 2 3 4 5 6 7 8 9
vdjdb_full_8417 A 28 29 30 31 49 50 51 52 55 72 95 96 97 98 99 100 102 103 104 105
vdjdb_full_8417 B 29 30 32 51 94 95 96 97 98 99 100
vdjdb_full_8366 E 1 2 3 4 5 6 7 8 9
vdjdb_full_8366 A 28 29 30 31 50 51 95 96 97 98 99 100 101 102
vdjdb_full_8366 B 28 29 30 31 91 92 93 94 95 96 97 98 99 100 101 102
vdjdb_full_8423 E 1 2 3 4 5 6 7 8 9
vdjdb_full_8423 A 31 32 97 98 99 100 101 102 103 104
vdjdb_full_8423 B 29 30 31 32 51 91 92 93 94 95 96 97 98 99
vdjdb_full_8421 E 1 2 3 4 5 6 7 8 9
vdjdb_full_8421 A 28 29 30 31 50 51 55 56 95 96 97 98 99 100 101 102 103
vdjdb_full_8421 B 29 30 31 32 91 92 93 94 95 96 97 98
vdjdb_full_8410 E 1 2 3 4 5 6 7 8 9
vdjdb_full_8410 A 29 30 31 50 51 52 94 95 96 97 98 99 100 101 102
vdjdb_full_8410 B 26 27 28 29 30 31 32 51 92 93 94 95 96 97
vdjdb_full_8406 E 1 2 3 4 5 6 7 8 9
vdjdb_full_8406 A 28 29 30 31 50 51 94 95 96 97 98 99 100 101 102 103
vdjdb_full_8406 B 27 28 29 30 31 32 33 50 51 52 93 94 95 96 97
vdjdb_full_8403 E 1 2 3 4 5 6 7 8 9
vdjdb_full_8403 A 28 29 30 31 50 51 94 95 96 97 98 99
vdjdb_full_8403 B 1 28 29 30 31 32 33 89 90 91 92 93 94
vdjdb_full_8438 E 1 2 3 4 5 6 7 8 9
vdjdb_full_8438 A 28 29 30 31 50 51 94 95 96 97 98 99 100 101
vdjdb_full_8438 B 26 27 28 29 30 31 32 51 92 93 94 95 96 97 98
vdjdb_full_8427 E 1 2 3 4 5 6 7 8 9
vdjdb_full_8427 A 28 29 30 31 32 49 50 51 55 72 95 96 97 98 99 100
vdjdb_full_8427 B 28 29 30 31 32 94 95 96 97 98 99 100
vdjdb_full_8461 E 1 2 3 4 5 6 7 8 9
vdjdb_full_8461 A 28 29 30 31 49 50 51 55 95 96 97 98 99 100 101 102
vdjdb_full_8461 B 31 93 94 95 96 97 98
vdjdb_full_8447 E 1 2 3 4 5 6 7 8 9
vdjdb_full_8447 A 28 29 30 31 49 50 51 52 54 94 95 96 97 98 99 100 101
vdjdb_full_8447 B 28 29 30 31 32 95 96 97 98 99 100 101 102
vdjdb_full_8455 E 1 2 3 4 5 6 7 8 9
vdjdb_full_8455 A 29 30 31 50 51 94 95 96 97 98 99 100 101 102
vdjdb_full_8455 B 26 27 28 29 30 31 32 92 93 94 95 96 97 98
vdjdb_full_8463 E 1 2 3 4 5 6 7 8 9
vdjdb_full_8463 A 28 29 30 31 49 50 51 55 95 96 97 98 99 100 101 102 103
vdjdb_full_8463 B 29 31 32 91 92 93 94 95 96 97 98 99
vdjdb_full_8474 E 1 2 3 4 5 6 7 8 9
vdjdb_full_8474 A 28 29 30 31 96 97 98 99 100 101 102 103
vdjdb_full_8474 B 28 29 30 31 32 51 94 95 96 97 98
vdjdb_full_8501 E 1 2 3 4 5 6 7 8 9
vdjdb_full_8501 A 28 29 30 31 50 51 55 94 95 96 97 98
vdjdb_full_8501 B 26 27 28 29 30 31 50 90 91 92 93 94 95 96
vdjdb_full_8504 E 1 2 3 4 5 6 7 8 9
vdjdb_full_8504 A 28 29 30 31 32 48 49 50 51 52 55 72 95 96 97 98 99
vdjdb_full_8504 B 28 29 30 31 32 93 94 95 96 97 98 99 100
vdjdb_full_8502 E 1 2 3 4 5 6 7 8 9
vdjdb_full_8502 A 28 29 30 31 50 95 96 97 98 99
vdjdb_full_8502 B 29 31 32 92 93 94 95 96 97 98 99
vdjdb_full_8516 E 1 2 3 4 5 6 7 8 9
vdjdb_full_8516 A 29 30 31 50 51 94 95 96 97 98 99 100 101
vdjdb_full_8516 B 26 27 28 29 30 31 32 51 92 93 94 95 96 97 98
vdjdb_full_8514 E 1 2 3 4 5 6 7 8 9
vdjdb_full_8514 A 29 30 31 50 51 94 95 96 97 98 99 100 101 102
vdjdb_full_8514 B 26 27 28 29 30 31 32 51 92 93 94 95 96 97
vdjdb_full_8456 E 1 2 3 4 5 6 7 8 9
vdjdb_full_8456 A 29 30 31 50 51 52 94 95 96 97 98 99 100 101 102
vdjdb_full_8456 B 26 27 28 29 30 31 32 92 93 94 95 96 97
vdjdb_full_8554 E 1 2 3 4 5 6 7 8 9
vdjdb_full_8554 A 29 31 32 52 97 98 99 100 101 102 103
vdjdb_full_8554 B 28 29 30 31 91 92 93 94 95 96 97 98 99
vdjdb_full_8495 E 1 2 3 4 5 6 7 8 9
vdjdb_full_8495 A 28 30 31 50 51 55 56 95 96 97 98 99 100 101
vdjdb_full_8495 B 28 30 92 93 94 95 96 97 98 99
vdjdb_full_8561 E 1 2 3 4 5 6 7 8 9
vdjdb_full_8561 A 28 29 30 31 32 48 49 50 51 55 56 95 96 97 98 99 100 101
vdjdb_full_8561 B 29 32 94 95 96 97 98 99 100
vdjdb_full_8553 E 1 2 3 4 5 6 7 8 9
vdjdb_full_8553 A 97 98 99 100 101 102 103 104
vdjdb_full_8553 B 27 28 29 30 31 91 92 93 94 95 96 97 98
vdjdb_full_8560 E 1 2 3 4 5 6 7 8 9
vdjdb_full_8560 A 28 29 30 31 32 49 50 51 55 95 96 97 98 99
vdjdb_full_8560 B 28 29 30 31 32 93 94 95 96 97 98 99 100
vdjdb_full_8530 E 1 2 3 4 5 6 7 8 9
vdjdb_full_8530 A 28 29 30 31 32 49 50 51 55 72 95 96 97 98 99 100
vdjdb_full_8530 B 28 29 30 31 32 93 94 95 96 97 98 99 100
vdjdb_full_8600 E 1 2 3 4 5 6 7 8 9
vdjdb_full_8600 A 28 29 30 31 50 51 55 95 96 97 98 99 100 101
vdjdb_full_8600 B 27 28 29 30 31 91 92 93 94 95 96 97 98
vdjdb_full_8612 E 1 2 3 4 5 6 7 8 9
vdjdb_full_8612 A 28 29 30 31 48 49 50 51 55 95 96 97 98 99
vdjdb_full_8612 B 28 29 30 32 93 94 95 96 97 98 99 100
vdjdb_full_8574 E 1 2 3 4 5 6 7 8 9
vdjdb_full_8574 A 28 29 30 31 50 51 55 56 94 95 96 97 98 99
vdjdb_full_8574 B 29 30 31 32 93 94 95 96 97 98
vdjdb_full_8631 E 1 2 3 4 5 6 7 8 9
vdjdb_full_8631 A 27 28 29 30 31 50 94 95 96 97 98 99 100
vdjdb_full_8631 B 28 30 31 92 93 94 95 96 97 98 99 100
vdjdb_full_8641 E 1 2 3 4 5 6 7 8 9
vdjdb_full_8641 A 27 28 29 30 31 50 51 94 95 96 97 98 99 100 101 102 103
vdjdb_full_8641 B 28 29 30 31 32 33 51 91 92 93 94 95 96 99 100
vdjdb_full_8653 E 1 2 3 4 5 6 7 8 9
vdjdb_full_8653 A 28 30 31 50 51 55 94 95 96 97 98 99
vdjdb_full_8653 B 29 30 31 32 93 94 95 96 97 98 99
vdjdb_full_8644 E 1 2 3 4 5 6 7 8 9
vdjdb_full_8644 A 27 28 29 30 31 74 97 98 99 100 101 102 103 104 105 106
vdjdb_full_8644 B 28 29 30 31 91 92 93 94 95 96 97 98 99 100
vdjdb_full_8632 E 1 2 3 4 5 6 7 8 9
vdjdb_full_8632 A 29 30 31 50 51 52 94 95 96 97 98 99 100 101 102
vdjdb_full_8632 B 26 27 28 29 30 31 32 33 92 93 94 95 96
vdjdb_full_8657 E 1 2 3 4 5 6 7 8 9
vdjdb_full_8657 A 28 29 30 31 50 94 95 96 97 98 99 100 101 102 103 104
vdjdb_full_8657 B 28 29 30 31 32 50 91 92 93 94 95 96 97
vdjdb_full_8681 E 1 2 3 4 5 6 7 8 9
vdjdb_full_8681 A 29 30 31 50 51 94 95 96 97 98 99
vdjdb_full_8681 B 27 28 29 30 31 32 33 50 51 93 94 95 96 97 98 99
vdjdb_full_8661 E 1 2 3 4 5 6 7 8 9
vdjdb_full_8661 A 28 29 30 31 50 51 94 95 96 97 98 99 100 101
vdjdb_full_8661 B 26 27 28 29 30 31 32 51 93 94 95 96 97
vdjdb_full_8665 E 1 2 3 4 5 6 7 8 9
vdjdb_full_8665 A 95 96 97 98 99 100 101
vdjdb_full_8665 B 96 97 98 99 100 101 102 103
vdjdb_full_8667 E 1 2 3 4 5 6 7 8 9
vdjdb_full_8667 A 28 29 30 31 50 94 95 96 97 98 99 100 101 102 103
vdjdb_full_8667 B 29 30 31 32 33 95 96 97 98 99
vdjdb_full_8663 E 1 2 3 4 5 6 7 8 9
vdjdb_full_8663 A 1 26 27 28 29 30 31 72 94 95 96 97 98 99 100 101 102 103
vdjdb_full_8663 B 30 31 92 93 94 95 97 98 99
vdjdb_full_8711 E 1 2 3 4 5 6 7 8 9 10
vdjdb_full_8711 A 28 29 30 31 50 51 95 96 97 98 99 100 101 102
vdjdb_full_8711 B 28 29 30 31 32 33 49 50 51 52 91 92 93 94 95 96
vdjdb_full_8691 E 1 2 3 4 5 6 7 8 9
vdjdb_full_8691 A 28 29 30 31 49 50 51 55 95 96 97 98 99 100 101 102 103 104 105
vdjdb_full_8691 B 28 29 30 31 32 51 52 94 95 96 97 99 100
vdjdb_full_8683 E 1 2 3 4 5 6 7 8 9
vdjdb_full_8683 A 30 31 49 50 51 52 54 95 96 97 98 99 100 101 102
vdjdb_full_8683 B 28 29 30 31 32 33 51 93 94 95 96 97 98 99
vdjdb_full_872 E 1 2 3 4 5 6 7 8 9
vdjdb_full_872 A 27 28 29 30 50 51 94 95 96 97
vdjdb_full_872 B 28 29 30 92 93 94 95
vdjdb_full_8722 E 1 2 3 4 5 6 7 8 9 10
vdjdb_full_8722 A 28 29 30 31 50 51 94 95 96 97 98 99 100 101 102 103 104
vdjdb_full_8722 B 28 29 30 31 32 33 49 50 51 52 91 92 93 94 95
vdjdb_full_8730 E 1 2 3 4 5 6 7 8 9 10
vdjdb_full_8730 A 30 50 51 96 97 98 99 100 101 102
vdjdb_full_8730 B 28 29 30 31 32 33 49 50 51 52 91 92 93 94 95 96 97 98
vdjdb_full_8697 E 1 2 3 4 5 6 7 8 9
vdjdb_full_8697 A 30 50 51 55 56 95 96 97 98 99 100 101
vdjdb_full_8697 B 27 28 29 30 31 91 92 93 94 95 96
vdjdb_full_8731 E 1 2 3 4 5 6 7 8 9 10
vdjdb_full_8731 A 96 97
vdjdb_full_8731 B 28 29 30 31 32 51 92 93 94 95 96 97 98 99
vdjdb_full_8751 E 1 2 3 4 5 6 7 8 9 10
vdjdb_full_8751 A 27 28 29 30 31 50 51 94 95 96 97 98 99 100 101
vdjdb_full_8751 B 28 29 30 31 32 33 49 50 51 52 92 93 94 95 98 99 100
vdjdb_full_8768 E 1 2 3 4 5 6 7 8 9 10
vdjdb_full_8768 A 29 30 31 49 50 51 55 95 96 97 102 103 104 105 106
vdjdb_full_8768 B 28 29 30 31 32 33 50 51 52 92 93 94 95 96 97
vdjdb_full_8791 E 1 2 3 4 5 6 7 8 9 10
vdjdb_full_8791 A 28 30 95 96 97 98 99 100 101 102 103 104
vdjdb_full_8791 B 28 29 30 31 32 33 49 50 51 52 91 92 93 94 95 96 97 98
vdjdb_full_8767 E 1 2 3 4 5 6 7 8 9 10
vdjdb_full_8767 A 27 28 29 30 31 32 49 50 51 53 55 72 94 95 96 97 98 99
vdjdb_full_8767 B 32 93 94 95 96 97 98 99
vdjdb_full_8745 E 1 2 3 4 5 6 7 8 9 10
vdjdb_full_8745 A 28 29 30 31 32 49 50 51 71 94 95 96 97 98
vdjdb_full_8745 B 28 29 30 31 32 93 94 95 96
vdjdb_full_8736 E 1 2 3 4 5 6 7 8 9 10
vdjdb_full_8736 A 28 29 30 31 32 33 48 49 50 51 52 53 54 55 56 70 71 72 73 95 96 97 99 100 101 102 103
vdjdb_full_8736 B 29 31 92 93 94 95 96 97 98 99
vdjdb_full_8788 E 1 2 3 4 5 6 7 8 9 10
vdjdb_full_8788 A 30 50 96 97 98 99 100 101 102 103
vdjdb_full_8788 B 28 29 30 31 32 33 50 51 52 91 92 93 94 95 96 97
vdjdb_full_8787 E 1 2 3 4 5 6 7 8 9 10
vdjdb_full_8787 A 28 95 96 97 98 99 100 101 102
vdjdb_full_8787 B 28 29 30 31 32 33 49 50 51 52 92 93 94 95 96
vdjdb_full_8794 E 1 2 3 4 5 6 7 8 9 10
vdjdb_full_8794 A 27 28 29 30 31 94 95 96 97 98 99 100 101 102 103
vdjdb_full_8794 B 31 32 51 92 93 94 95 96 97 98 99 100
vdjdb_full_8802 E 1 2 3 4 5 6 7 8 9 10
vdjdb_full_8802 A 96 97 98 99 100 101 102
vdjdb_full_8802 B 28 29 30 31 32 33 49 50 51 52 91 92 93 94 95 96 97 98 99
vdjdb_full_8837 E 1 2 3 4 5 6 7 8 9 10
vdjdb_full_8837 A 99 100 101 104 105 106
vdjdb_full_8837 B 28 29 30 31 32 33 50 51 52 92 93 94 95 96 97 98 99 100
vdjdb_full_8754 E 1 2 3 4 5 6 7 8 9 10
vdjdb_full_8754 A 28 29 30 31 50 51 95 96 97 98 99 100 101 102
vdjdb_full_8754 B 28 29 30 31 32 33 49 50 51 52 91 92 93 94 95 96
vdjdb_full_8861 E 1 2 3 4 5 6 7 8 9 10
vdjdb_full_8861 A 28 29 30 31 50 51 95 96 97 98 99 100 101 102 103
vdjdb_full_8861 B 28 29 30 31 32 33 49 50 51 52 92 93 94
vdjdb_full_8839 E 1 2 3 4 5 6 7 8 9 10
vdjdb_full_8839 A 27 28 29 30 31 50 51 52 94 95 96 97 98 99 100 101 102
vdjdb_full_8839 B 28 29 30 31 32 33 50 51 52 91 92 93 94 95 96 97 98 100 101
vdjdb_full_8826 E 1 2 3 4 5 6 7 8 9 10
vdjdb_full_8826 A 27 28 29 30 94 95 96 97 98 99 100 101 102
vdjdb_full_8826 B 28 29 30 31 32 33 49 50 51 52 91 92 93 94 95 96 98
vdjdb_full_8844 E 1 2 3 4 5 6 7 8 9 10
vdjdb_full_8844 A 29 31 98 99 100 101 102 103 104
vdjdb_full_8844 B 28 29 30 31 32 33 50 51 52 91 92 93 94 95 96
vdjdb_full_8868 E 1 2 3 4 5 6 7 8 9 10
vdjdb_full_8868 A 30 95 96 97 98 99 100 101
vdjdb_full_8868 B 28 29 30 31 32 33 50 51 52 91 92 93 94 95 96 97
vdjdb_full_8889 E 1 2 3 4 5 6 7 8 9 10
vdjdb_full_8889 A 97 98 99 100 101 102 103 104 105
vdjdb_full_8889 B 28 29 30 31 32 50 51 92 93 94 95 96 97 98 99
vdjdb_full_8898 E 1 2 3 4 5 6 7 8 9 10
vdjdb_full_8898 A 27 28 29 30 31 50 94 95 96 97 98 99 100 101 102
vdjdb_full_8898 B 28 29 30 31 48 49 50 91 92 93 94 95 96 97 98
vdjdb_full_8893 E 1 2 3 4 5 6 7 8 9 10
vdjdb_full_8893 A 27 28 29 30 31 95 96 97 98 99 100 101 102
vdjdb_full_8893 B 31 32 33 49 50 51 92 93 94 95 96 97 98 99 100
vdjdb_full_8885 E 1 2 3 4 5 6 7 8 9 10
vdjdb_full_8885 A 27 28 29 30 31 32 52 74 97 98 99 100 101 102 103
vdjdb_full_8885 B 28 29 30 31 32 33 49 50 51 52 91 92 93 94 95
vdjdb_full_8909 E 1 2 3 4 5 6 7 8 9 10
vdjdb_full_8909 A 28 29 30 31 50 94 95 96 97 98 99 100 101 102
vdjdb_full_8909 B 28 29 30 31 32 51 92 93 94 95 96
vdjdb_full_8908 E 1 2 3 4 5 6 7 8 9 10
vdjdb_full_8908 A 28 30 31 50 51 96 97 98 99 100 101 102 103
vdjdb_full_8908 B 28 29 30 31 32 50 51 91 92 93 94 95 96 97
vdjdb_full_8924 E 1 2 3 4 5 6 7 8 9 10
vdjdb_full_8924 A 28 29 30 31 50 51 95 96 97 98 99 100 101
vdjdb_full_8924 B 28 29 30 31 32 33 50 51 52 91 92 93 94 95 96 97
vdjdb_full_8805 E 1 2 3 4 5 6 7 8 9 10
vdjdb_full_8805 A 28 29 30 31 50 51 94 95 96 97 98
vdjdb_full_8805 B 28 29 30 31 32 33 49 50 51 52 91 92 93 94 95 96 97 98
vdjdb_full_8935 E 1 2 3 4 5 6 7 8 9 10
vdjdb_full_8935 A 27 28 29 30 31 32 74 97 98 99 100 101
vdjdb_full_8935 B 28 29 30 31 32 33 49 50 51 52 91 92 93 94 95 96
vdjdb_full_8922 E 1 2 3 4 5 6 7 8 9 10
vdjdb_full_8922 A 95 96 97 98 99 100 101 102 103
vdjdb_full_8922 B 28 29 30 31 32 33 50 51 92 93 94 95 96 97 98 99
vdjdb_full_9 E 1 2 3 4 5 6 7 8 9
vdjdb_full_9 A 30 31 50 51 55 95 96 97 98 99 100 101
vdjdb_full_9 B 27 28 29 30 31 91 92 93 94
vdjdb_full_8992 E 1 2 3 4 5 6 7 8 9 10
vdjdb_full_8992 A 95 96 97 98 99 100 101
vdjdb_full_8992 B 28 29 30 31 32 33 50 51 92 93 94 95 96 97 98 99
vdjdb_full_8979 E 1 2 3 4 5 6 7 8 9 10
vdjdb_full_8979 A 28 30 31 94 95 96 97 98 99 100
vdjdb_full_8979 B 28 29 30 31 32 33 49 50 51 52 90 91 92 93 94 95 96
vdjdb_full_9001 E 1 2 3 4 5 6 7 8 9 10
vdjdb_full_9001 A 28 29 30 31 74 97 98 99 100 101 102 104 105 106
vdjdb_full_9001 B 28 29 30 31 32 33 49 50 51 52 90 91 92 93 94 95
vdjdb_full_8985 E 1 2 3 4 5 6 7 8 9 10
vdjdb_full_8985 A 97 98 99 100 101 102 103 104 105
vdjdb_full_8985 B 28 29 30 31 32 33 49 50 51 52 92 93
vdjdb_full_9010 E 1 2 3 4 5 6 7 8 9 10
vdjdb_full_9010 A 28 29 30 31 50 51 94 95 96 97 98 99 100 101
vdjdb_full_9010 B 28 29 30 31 32 33 50 51 52 91 92 93 94 95 96 97 98
vdjdb_full_9011 E 1 2 3 4 5 6 7 8 9 10
vdjdb_full_9011 A 28 29 30 31 50 94 95 96 97 98 99 100 101 102
vdjdb_full_9011 B 28 29 30 31 32 33 49 50 51 52 91 92 93 94 95 96 97 98 99
vdjdb_full_9024 E 1 2 3 4 5 6 7 8 9 10
vdjdb_full_9024 A 26 27 28 29 30 31 50 51 72 95 96 97 98 99 100 101 102 103 104
vdjdb_full_9024 B 94 95 96 97
vdjdb_full_9021 E 1 2 3 4 5 6 7 8 9 10
vdjdb_full_9021 A 28 29 30 31 50 51 94 95 96 97 98 99 100 101 102
vdjdb_full_9021 B 28 29 30 31 32 33 49 50 51 52 91 92 93 94 95 96 97 98
vdjdb_full_9019 E 1 2 3 4 5 6 7 8 9 10
vdjdb_full_9019 A 28 29 30 31 50 51 94 95 96 97 98 99 100 101 102
vdjdb_full_9019 B 28 29 30 31 32 33 49 50 51 52 92 97
vdjdb_full_9015 E 1 2 3 4 5 6 7 8 9 10
vdjdb_full_9015 A 95 96 97 98 99
vdjdb_full_9015 B 28 29 30 31 32 33 50 51 92 93 94 95 96 97 98 99
vdjdb_full_9016 E 1 2 3 4 5 6 7 8 9 10
vdjdb_full_9016 A 98 99 100 101 102 103 104 105
vdjdb_full_9016 B 28 29 30 31 32 33 50 51 52 91 92 93 94 95 96
vdjdb_full_9013 E 1 2 3 4 5 6 7 8 9 10
vdjdb_full_9013 A 97 98 99 100 101 102 103
vdjdb_full_9013 B 28 29 30 31 32 33 50 51 52 92 93 94 95 96 97 98 99
vdjdb_full_9079 E 1 2 3 4 5 6 7 8 9 10
vdjdb_full_9079 A 28 29 30 31 51 94 95 96 97 98 99 100 101 102
vdjdb_full_9079 B 28 29 30 31 32 33 49 50 51 52 92 93 94 95 98 99 100
vdjdb_full_9122 E 1 2 3 4 5 6 7 8 9 10
vdjdb_full_9122 A 28 29 30 31 49 50 51 55 95 96 97 98 99 100 101
vdjdb_full_9122 B 93 94 95 96 97 98 99
vdjdb_full_9123 E 1 2 3 4 5 6 7 8 9 10
vdjdb_full_9123 A 30 95 96 97 98 99 100 101 102
vdjdb_full_9123 B 28 29 30 31 32 33 49 50 51 52 91 92 93 94 95 96 97
vdjdb_full_9113 E 1 2 3 4 5 6 7 8 9 10
vdjdb_full_9113 A 28 29 30 31 50 51 94 95 96 97 98 99 100 101 102
vdjdb_full_9113 B 28 29 30 31 32 33 49 50 51 52 91 92 93 94 95
vdjdb_full_9035 E 1 2 3 4 5 6 7 8 9 10
vdjdb_full_9035 A 28 29 30 31 50 51 94 95 96 97 98 99 100 101
vdjdb_full_9035 B 28 29 30 31 32 33 49 50 51 52 91 92 93 94 95 96
vdjdb_full_9127 E 1 2 3 4 5 6 7 8 9 10
vdjdb_full_9127 A 27 28 29 30 31 73 96 97 98 99 100 101 102 103 104 105
vdjdb_full_9127 B 28 29 30 31 32 33 49 50 51 52 91 92 93 94 95 96 97 98
vdjdb_full_9049 E 1 2 3 4 5 6 7 8 9 10
vdjdb_full_9049 A 28 29 30 31 50 94 95 96 97 98 99 100
vdjdb_full_9049 B 28 29 30 31 32 33 49 50 51 52 90 91 92 93 94 95 96
vdjdb_full_9174 E 1 2 3 4 5 6 7 8 9 10
vdjdb_full_9174 A 28 30 50 51 94 95 96 97 98 99 100
vdjdb_full_9174 B 28 29 30 31 32 33 49 50 51 52 91 92 93 94 95 96 97
vdjdb_full_9165 E 1 2 3 4 5 6 7 8 9 10
vdjdb_full_9165 A 27 28 29 30 31 50 51 95 96 97 98 99 100
vdjdb_full_9165 B 28 29 30 31 32 33 50 51 52 91 92 93 94 95
vdjdb_full_9166 E 1 2 3 4 5 6 7 8 9 10
vdjdb_full_9166 A 27 28 29 30 31 94 95 96 97 98 99 100 101 102
vdjdb_full_9166 B 31 32 51 92 93 94 95 96 97 98 99
vdjdb_full_9101 E 1 2 3 4 5 6 7 8 9 10
vdjdb_full_9101 A 98 99 100 101 106
vdjdb_full_9101 B 28 29 30 31 32 51 92 93 94 95 96 97 98 99
vdjdb_full_9131 E 1 2 3 4 5 6 7 8 9 10
vdjdb_full_9131 A 27 28 29 30 31 94 95 96 97 98 99 100 101 102
vdjdb_full_9131 B 31 32 51 92 93 94 95 96 97 98 99
vdjdb_full_9173 E 1 2 3 4 5 6 7 8 9 10
vdjdb_full_9173 A 28 29 30 31 50 51 95 96 97 98 99 100 101 102 103 104
vdjdb_full_9173 B 28 29 30 31 32 33 49 50 51 52 91 92 93 94 95 96 97
vdjdb_full_9186 E 1 2 3 4 5 6 7 8 9
vdjdb_full_9186 A 29 30 31 32 94 95 96 97 98 99 100 101
vdjdb_full_9186 B 27 28 29 30 31 32 33 91 92 93 94 95 96 97
vdjdb_full_9176 E 1 2 3 4 5 6 7 8 9 10
vdjdb_full_9176 A 97 98 99 100 101 102 103 104 105
vdjdb_full_9176 B 28 29 30 31 32 33 50 51 52 92 93 94 95 96 97 98 99
vdjdb_full_9210 E 1 2 3 4 5 6 7 8 9
vdjdb_full_9210 A 30 50 51 95 96 97 98 99 100 101 102
vdjdb_full_9210 B 27 28 29 30 31 32 51 93 94 95 96 97 98
vdjdb_full_9195 E 1 2 3 4 5 6 7 8 9
vdjdb_full_9195 A 30 95 96 97 98 99 100 101 102
vdjdb_full_9195 B 27 28 29 30 31 32 33 51 89 90 91 92 93 94
vdjdb_full_9224 E 1 2 3 4 5 6 7 8 9
vdjdb_full_9224 A 30 31 49 50 51 52 54 95 96 97 98 99 100 101
vdjdb_full_9224 B 27 28 29 30 31 32 94 95 96 97 98
vdjdb_full_9242 E 1 2 3 4 5 6 7 8 9
vdjdb_full_9242 A 28 29 30 31 32 49 51 74 96 97 98 99 100 101 102 103 104
vdjdb_full_9242 B 29 30 31 32 92 93 94 95 96 97 98
vdjdb_full_9212 E 1 2 3 4 5 6 7 8 9
vdjdb_full_9212 A 28 29 30 31 49 50 51 52 54 94 95 96 97 98 99 100 101 102
vdjdb_full_9212 B 27 28 29 30 31 32 51 94 95 96 97 98
vdjdb_full_9221 E 1 2 3 4 5 6 7 8 9
vdjdb_full_9221 A 29 30 31 49 50 51 52 54 94 95 96 97 98 99 100
vdjdb_full_9221 B 27 28 29 30 31 32 94 95 96 97 98
vdjdb_full_9236 E 1 2 3 4 5 6 7 8 9
vdjdb_full_9236 A 30 31 49 50 51 52 54 95 96 97 98 99 100 101
vdjdb_full_9236 B 27 28 29 30 31 32 93 94 95 96 97 98
vdjdb_full_9137 E 1 2 3 4 5 6 7 8 9 10
vdjdb_full_9137 A 30 95 96 97 98 99 100 101
vdjdb_full_9137 B 28 29 30 31 32 33 49 50 51 52 91 92 93 94
vdjdb_full_9256 E 1 2 3 4 5 6 7 8 9
vdjdb_full_9256 A 28 29 30 31 49 50 51 52 54 94 95 96 97 98 99
vdjdb_full_9256 B 28 29 30 31 32 33 50 51 91 92 93 94 95
vdjdb_full_9291 E 1 2 3 4 5 6 7 8 9
vdjdb_full_9291 A 28 30 31 50 94 95 96 97 98 99 100
vdjdb_full_9291 B 27 28 29 30 31 32 89 90 91 92 93 94
vdjdb_full_9299 E 1 2 3 4 5 6 7 8 9
vdjdb_full_9299 A 28 29 30 31 49 50 51 52 53 55 94 95 96 97 98 99
vdjdb_full_9299 B 2 27 28 29 30 31 32 94 95 96 97 98
vdjdb_full_9273 E 1 2 3 4 5 6 7 8 9
vdjdb_full_9273 A 95 96 97 98 99 100 101
vdjdb_full_9273 B 1 2 27 28 29 30 31 32 51 52 94 95 96 97 98
vdjdb_full_9293 E 1 2 3 4 5 6 7 8 9
vdjdb_full_9293 A 95 96 97 98 99 100 101 102
vdjdb_full_9293 B 2 28 29 30 31 32 94 95 96 97 98
vdjdb_full_9263 E 1 2 3 4 5 6 7 8 9
vdjdb_full_9263 A 30 96 97 98 99 100 101 102 103
vdjdb_full_9263 B 27 28 29 30 31 32 50 51 52 93 94 95 96 97 98
vdjdb_full_9288 E 1 2 3 4 5 6 7 8 9
vdjdb_full_9288 A 30 31 50 94 95 96 97 98 99 100
vdjdb_full_9288 B 27 28 29 30 31 32 89 90 91 92 93 94
vdjdb_full_9255 E 1 2 3 4 5 6 7 8 9
vdjdb_full_9255 A 30 31 50 94 95 96 97 98 99 100
vdjdb_full_9255 B 28 29 30 31 32 33 51 91 92 93 94 95 96 97 98
vdjdb_full_9321 E 1 2 3 4 5 6 7 8 9
vdjdb_full_9321 A 28 29 30 31 50 51 94 95 96 97 98 99 100 101
vdjdb_full_9321 B 2 27 28 29 30 31 32 51 94 95 96 97 98
vdjdb_full_9336 E 1 2 3 4 5 6 7 8 9
vdjdb_full_9336 A 28 30 31 50 51 94 95 96 97 98 99 100 101
vdjdb_full_9336 B 28 29 30 31 32 33 50 51 91 92 93 94 95 96
vdjdb_full_9363 E 1 2 3 4 5 6 7 8 9
vdjdb_full_9363 A 27 28 29 30 31 96 97 98 99 100 101 102 103 104
vdjdb_full_9363 B 31 95 96 97 98 99 100 101 102
vdjdb_full_9326 E 1 2 3 4 5 6 7 8 9
vdjdb_full_9326 A 28 29 30 31 49 50 51 52 53 54 56 71 95 96 97 98
vdjdb_full_9326 B 29 30 90 91 92 93 94 95
vdjdb_full_9348 E 1 2 3 4 5 6 7 8 9
vdjdb_full_9348 A 29 30 31 50 51 94 95 96 97 98 99 100
vdjdb_full_9348 B 1 2 27 28 29 30 31 32 51 93 94 95 96 97 98
vdjdb_full_9334 E 1 2 3 4 5 6 7 8 9
vdjdb_full_9334 A 28 30 31 94 95 96 97 98 99 100 101 102 103
vdjdb_full_9334 B 27 28 29 30 31 32 51 93 94 95 96 97 98
vdjdb_full_9325 E 1 2 3 4 5 6 7 8 9
vdjdb_full_9325 A 28 29 30 31 50 51 94 95 96 97 98 99 100 101 102 103 104
vdjdb_full_9325 B 28 29 30 31 32 51 94 95 96 97 98
vdjdb_full_9378 E 1 2 3 4 5 6 7 8 9
vdjdb_full_9378 A 30 95 96 97 98 99 100 101 102
vdjdb_full_9378 B 27 28 29 30 31 32 51 94 95 96 97 98
vdjdb_full_9349 E 1 2 3 4 5 6 7 8 9
vdjdb_full_9349 A 27 28 29 30 31 50 51 94 95 96 97 98 99 100 101 102
vdjdb_full_9349 B 29 30 31 32 93 94 95 96 97 98 99 100
vdjdb_full_9428 E 1 2 3 4 5 6 7 8 9
vdjdb_full_9428 A 28 29 30 31 50 51 94 95 96 97 98 99 100 101
vdjdb_full_9428 B 27 28 29 30 31 32 51 89 90 91 92 93 94 95
vdjdb_full_9403 E 1 2 3 4 5 6 7 8 9
vdjdb_full_9403 A 28 29 30 31 96 97 98 99 100 101 102 103
vdjdb_full_9403 B 28 29 30 31 32 49 50 51 92 93 94 95 96
vdjdb_full_9405 E 1 2 3 4 5 6 7 8 9
vdjdb_full_9405 A 28 30 31 50 51 94 95 96 97 98 99 100
vdjdb_full_9405 B 30 31 32 94 95 96 97 98 99 100 101
vdjdb_full_9431 E 1 2 3 4 5 6 7 8 9
vdjdb_full_9431 A 30 31 50 51 94 95 96 97 98 99 100 101
vdjdb_full_9431 B 27 28 29 30 31 32 51 93 94 95 96 97 98 99
vdjdb_full_9458 E 1 2 3 4 5 6 7 8 9
vdjdb_full_9458 A 30 31 49 50 51 52 95 96 97 98 99 100 101
vdjdb_full_9458 B 27 28 29 30 31 32 94 95 96 97 98
vdjdb_full_9429 E 1 2 3 4 5 6 7 8 9
vdjdb_full_9429 A 30 31 50 51 95 96 97 98 99 100 101
vdjdb_full_9429 B 27 28 29 30 31 32 51 94 95 96 97 98 99
vdjdb_full_9445 E 1 2 3 4 5 6 7 8 9
vdjdb_full_9445 A 29 31 32 33 49 50 51 57 97 98 99 100 101 102 103
vdjdb_full_9445 B 92 94 95 96 97 98
vdjdb_full_9481 E 1 2 3 4 5 6 7 8 9
vdjdb_full_9481 A 28 29 30 31 32 74 97 98 99 100 101 102 103 104
vdjdb_full_9481 B 29 30 31 32 33 51 92 93 94 95 96 97 98 99 100
vdjdb_full_9433 E 1 2 3 4 5 6 7 8 9
vdjdb_full_9433 A 28 30 31 50 51 94 95 96 97 98 99 100 101
vdjdb_full_9433 B 28 29 30 31 32 93 94
vdjdb_full_9454 E 1 2 3 4 5 6 7 8 9
vdjdb_full_9484 E 1 2 3 4 5 6 7 8 9
vdjdb_full_9484 A 30 95 96 97 98 99 100 101 102
vdjdb_full_9484 B 27 28 29 30 31 32 51 93 94 95 96 97 98 99
vdjdb_full_9485 E 1 2 3 4 5 6 7 8 9
vdjdb_full_9485 A 95 96 97 98 99 100 101
vdjdb_full_9485 B 1 2 27 28 29 30 31 32 89 90 91 92 93 94 95 96
vdjdb_full_9524 E 1 2 3 4 5 6 7 8 9
vdjdb_full_9524 A 28 29 30 31 49 50 51 52 94 95 96 97 98 99 100 101 102
vdjdb_full_9524 B 29 30 31 32 93 94 95 96 97 98
vdjdb_full_949 E 1 2 3 4 5 6 7 8 9
vdjdb_full_949 A 28 29 30 31 96 97 98 99 100 101
vdjdb_full_949 B 29 30 31 91 92 93 94
vdjdb_full_9526 E 1 2 3 4 5 6 7 8 9
vdjdb_full_9526 A 28 29 30 31 96 97 98 99 100 101
vdjdb_full_9526 B 30 31 92 93 94 95 96 97 98 99 100 101 102
vdjdb_full_950 E 1 2 3 4 5 6 7 8 9
vdjdb_full_950 A 28 30 50 51 95 96 97 98 99 100 101 102
vdjdb_full_950 B 28 29 30 31 32 96 97 98 99
vdjdb_full_9525 E 1 2 3 4 5 6 7 8 9
vdjdb_full_9525 A 28 29 30 31 50 51 55 94 95 96 97 98 99 100
vdjdb_full_9525 B 29 31 32 93 94 95 96 97 98 99 100 101
vdjdb_full_9476 E 1 2 3 4 5 6 7 8 9
vdjdb_full_9476 A 28 29 30 31 49 50 51 52 53 54 71 94 95 96 97 98
vdjdb_full_9476 B 2 27 28 29 30 31 32 93 94 95 96 97 98 99
vdjdb_full_9533 E 1 2 3 4 5 6 7 8 9
vdjdb_full_9533 A 28 29 30 31 50 51 94 95 96 97 98 99 100 101
vdjdb_full_9533 B 27 28 29 30 31 50 91 92 93 94 95 96 97 98 99 100
vdjdb_full_9532 E 1 2 3 4 5 6 7 8 9
vdjdb_full_9532 A 30 95 96 97 98 99 100 101 102 103 104
vdjdb_full_9532 B 28 29 30 31 32 51 92 93 94 95 96 97
vdjdb_full_9564 E 1 2 3 4 5 6 7 8 9
vdjdb_full_9564 A 28 30 31 50 51 55 56 95 96 97 98 99 100
vdjdb_full_9564 B 27 28 29 30 31 32 93 94 95 96 97
vdjdb_full_9558 E 1 2 3 4 5 6 7 8 9
vdjdb_full_9558 A 28 29 30 31 50 94 95 96 97 98 99 100
vdjdb_full_9558 B 27 28 29 30 31 32 33 90 91 92 93 94 95 96
vdjdb_full_9559 E 1 2 3 4 5 6 7 8 9
vdjdb_full_9559 A 28 29 30 31 50 55 95 96 97 98 99 100 101
vdjdb_full_9559 B 29 31 91 92 93 94 95 96 97 98
vdjdb_full_9551 E 1 2 3 4 5 6 7 8 9
vdjdb_full_9551 A 28 29 30 31 50 51 55 56 94 95 96 97 98 99
vdjdb_full_9551 B 29 30 31 32 91 92 93 94 95
vdjdb_full_9565 E 1 2 3 4 5 6 7 8 9
vdjdb_full_9565 A 28 29 30 31 32 74 97 98 99 100 101 102 103 104 105 106
vdjdb_full_9565 B 28 29 30 31 32 33 90 91 92 93 94 95 96
vdjdb_full_9539 E 1 2 3 4 5 6 7 8 9
vdjdb_full_9539 A 28 29 30 31 50 51 55 95 96 97 98 99 100 101
vdjdb_full_9539 B 27 28 29 30 31 32 33 90 91 92 93 94 95 96 97 98
vdjdb_full_9567 E 1 2 3 4 5 6 7 8 9
vdjdb_full_9567 A 29 30 31 50 55 95 96 97 98 99 100 101
vdjdb_full_9567 B 27 28 29 30 31 32 91 92 93 94 95 96 97
vdjdb_full_9556 E 1 2 3 4 5 6 7 8 9
vdjdb_full_9556 A 28 29 30 31 50 55 95 96 97 98
vdjdb_full_9556 B 27 28 29 30 31 32 91 92 93 94 95 96 97
vdjdb_full_9612 E 1 2 3 4 5 6 7 8 9
vdjdb_full_9612 A 95 96 97 98 99 100 101 102 103
vdjdb_full_9612 B 29 31 32 51 91 92 93 94 95
vdjdb_full_9577 E 1 2 3 4 5 6 7 8 9
vdjdb_full_9577 A 28 29 30 31 50 94 95 96 97 98 99 100
vdjdb_full_9577 B 27 28 29 30 31 32 33 90 91 92 93 94 95 96
vdjdb_full_9592 E 1 2 3 4 5 6 7 8 9
vdjdb_full_9592 A 28 29 30 31 50 55 56 95 96 97 98 99 100 101
vdjdb_full_9592 B 27 28 29 30 31 32 33 90 91 92 93 94 95 96 97
vdjdb_full_9607 E 1 2 3 4 5 6 7 8 9
vdjdb_full_9607 A 29 30 31 32 51 94 95 96 97 98 99 100
vdjdb_full_9607 B 27 28 29 30 31 32 33 90 91 92 93 94 95 96 97 98
vdjdb_full_9613 E 1 2 3 4 5 6 7 8 9
vdjdb_full_9613 A 28 29 30 31 48 50 55 95 96 97 98 99 100 101
vdjdb_full_9613 B 28 29 30 31 32 89 90 91 92 93 94 95 96 97 98 99 100 101
vdjdb_full_9605 E 1 2 3 4 5 6 7 8 9
vdjdb_full_9605 A 28 29 30 31 94 95 96 97 98 99 100
vdjdb_full_9605 B 28 29 30 31 50 91 92 93 94 95 96 97 98 99 100 101
vdjdb_full_9629 E 1 2 3 4 5 6 7 8 9
vdjdb_full_9629 A 27 28 29 30 31 50 51 55 95 96 97 98 99
vdjdb_full_9629 B 29 30 31 32 91 92 93 94 95 96 97
vdjdb_full_9616 E 1 2 3 4 5 6 7 8 9
vdjdb_full_9616 A 27 28 29 30 95 96 97 98 99 100
vdjdb_full_9616 B 28 29 30 93 94 95 96 97 98 99 100 101 102
vdjdb_full_9633 E 1 2 3 4 5 6 7 8 9
vdjdb_full_9633 A 28 29 30 31 50 55 95 96 97 98 99
vdjdb_full_9633 B 27 28 29 30 31 86 87 88 89 90 91
vdjdb_full_9671 E 1 2 3 4 5 6 7 8 9
vdjdb_full_9671 A 28 29 30 31 50 51 55 95 96 97 98 99 100 101
vdjdb_full_9671 B 27 28 29 30 31 32 91 92 93 94 95 96
vdjdb_full_9664 E 1 2 3 4 5 6 7 8 9
vdjdb_full_9664 A 95 96 97 98 99 100 101 102 103
vdjdb_full_9664 B 29 30 31 32 91 92 93 94 95 96 97 98
vdjdb_full_9619 E 1 2 3 4 5 6 7 8 9
vdjdb_full_9619 A 30 97 98 99 100 101 102
vdjdb_full_9619 B 27 28 29 30 31 32 91 92 93 94 95 96 97
vdjdb_full_9685 E 1 2 3 4 5 6 7 8 9
vdjdb_full_9685 A 94 95 96 97 98 99 100 101 102
vdjdb_full_9685 B 27 28 29 30 31 32 33 90 91 92 93 94 95 96 97 98 99
vdjdb_full_9672 E 1 2 3 4 5 6 7 8 9
vdjdb_full_9672 A 28 29 30 31 50 51 55 94 95 96 97 98 99 100
vdjdb_full_9672 B 27 28 29 30 31 32 33 90 91 92 93 94 95 96
vdjdb_full_9693 E 1 2 3 4 5 6 7 8 9
vdjdb_full_9693 A 30 31 50 55 95 96 97 98 99 100 101
vdjdb_full_9693 B 27 28 29 30 31 32 33 51 90 91 92 93 94 95 96
vdjdb_full_9712 E 1 2 3 4 5 6 7 8 9
vdjdb_full_9712 A 28 29 30 31 50 95 96 97 98 99
vdjdb_full_9712 B 27 28 29 30 31 32 33 90 91 92 93 94 95 96
vdjdb_full_9734 E 1 2 3 4 5 6 7 8 9
vdjdb_full_9734 A 28 29 30 31 50 55 95 96 97 98 99
vdjdb_full_9734 B 27 28 29 30 31 32 90 91 92 93 94 95 96
vdjdb_full_9736 E 1 2 3 4 5 6 7 8 9
vdjdb_full_9736 A 95 96 97 98 99 100 101 102 103
vdjdb_full_9736 B 27 28 29 30 31 32 33 90 91 92 93 94 95 96 97 98
vdjdb_full_9688 E 1 2 3 4 5 6 7 8 9
vdjdb_full_9688 A 28 29 30 31 48 50 51 55 56 95 96 97 98 99 100
vdjdb_full_9688 B 28 29 30 31 90 91 92 93 94 95 96 97 98 99 100
vdjdb_full_9744 E 1 2 3 4 5 6 7 8 9
vdjdb_full_9744 A 30 31 94 95 96 97 98 99 100 101 102
vdjdb_full_9744 B 28 29 30 31 32 91 92 93 94 95 96 97
vdjdb_full_9780 E 1 2 3 4 5 6 7 8 9
vdjdb_full_9780 A 28 29 30 31 50 95 96 97 98 99
vdjdb_full_9780 B 27 28 29 30 31 32 33 51 91 92 93 94 95 96 97
vdjdb_full_9809 E 1 2 3 4 5 6 7 8 9
vdjdb_full_9809 A 28 29 30 31 50 51 55 95 96 97 98 99 100 101
vdjdb_full_9809 B 27 28 29 30 31 32 91 92 93 94 95 96
vdjdb_full_9788 E 1 2 3 4 5 6 7 8 9
vdjdb_full_9788 A 28 29 30 31 50 55 95 96 97 98 99
vdjdb_full_9788 B 27 28 29 30 31 32 90 91 92 93 94 95 96
vdjdb_full_9749 E 1 2 3 4 5 6 7 8 9
vdjdb_full_9749 A 28 29 30 31 50 95 96 97 98 99
vdjdb_full_9749 B 27 28 29 30 31 32 90 91 92 93 94 95 96
vdjdb_full_9872 E 1 2 3 4 5 6 7 8 9
vdjdb_full_9872 A 28 29 30 31 50 55 95 96 97 98 99 100 101
vdjdb_full_9872 B 27 28 29 30 31 32 33 90 91 92 93 94 95 96
vdjdb_full_9840 E 1 2 3 4 5 6 7 8 9
vdjdb_full_9840 A 28 29 30 31 50 51 94 95 96 97 98 99 100
vdjdb_full_9840 B 27 28 29 30 31 32 33 90 91 92 93 94 95 96
vdjdb_full_9833 E 1 2 3 4 5 6 7 8 9
vdjdb_full_9833 A 30 51 95 96 97 98 99 100
vdjdb_full_9833 B 28 29 30 31 32 52 93 94 95 96 97 98 99 100 101
vdjdb_full_9885 E 1 2 3 4 5 6 7 8 9
vdjdb_full_9885 A 27 30 50 94 95 96 97 98 99 100 101 102
vdjdb_full_9885 B 30 94 95 96 97 98 100
vdjdb_full_9815 E 1 2 3 4 5 6 7 8 9
vdjdb_full_9815 A 28 29 30 31 50 51 55 95 96 97 98 99 100 101
vdjdb_full_9815 B 27 28 29 30 31 32 33 90 91 92 93 94 95 96 97
vdjdb_full_9822 E 1 2 3 4 5 6 7 8 9
vdjdb_full_9822 A 28 30 31 50 51 94 95 96 97 98 99 100
vdjdb_full_9822 B 29 30 31 32 91 92 93 94 95
vdjdb_full_9988 E 1 2 3 4 5 6 7 8 9
vdjdb_full_9988 A 95 96 97 98 99 100 101 102 103
vdjdb_full_9988 B 27 28 29 30 31 32 33 50 51 91 92 93 94 95 96 97 98 99 100 101
vdjdb_full_9952 E 1 2 3 4 5 6 7 8 9
vdjdb_full_9952 A 28 29 30 31 50 95 96 97 98 99
vdjdb_full_9952 B 27 28 29 30 31 32 33 51 91 92 93 94 95 96 97
vdjdb_full_9962 E 1 2 3 4 5 6 7 8 9
vdjdb_full_9962 A 28 29 30 31 50 95 96 97 98 99 100 101
vdjdb_full_9962 B 28 29 30 31 32 91 92 93 94 95 96 97
vdjdb_full_9925 E 1 2 3 4 5 6 7 8 9
vdjdb_full_9925 A 28 29 30 31 51 94 95 96 97 98 99 100
vdjdb_full_9925 B 27 28 29 30 31 32 90 91 92 93 94 95 96
vdjdb_full_9954 E 1 2 3 4 5 6 7 8 9
vdjdb_full_9961 E 1 2 3 4 5 6 7 8 9
vdjdb_full_9961 A 28 29 30 31 94 95 96 97 98 99 100
vdjdb_full_9961 B 27 28 29 30 31 32 33 90 91 92 93 94 95 96
vdjdb_full_9957 E 1 2 3 4 5 6 7 8 9
vdjdb_full_9957 A 30 95 96 97 98 99 100
vdjdb_full_9957 B 27 28 29 30 31 32 33 90 91 92 93 94 95 96 97 98
vdjdb_full_9915 E 1 2 3 4 5 6 7 8 9
vdjdb_full_9915 A 97 98 99 100 101
vdjdb_full_9915 B 31 96 97 98 99
