id,pmhc,tcr,label
v0,AAFKRSCLK_HLA-A*03:01,tcr1886,1
v0_ss_3_n0,AAFKRSCLK_HLA-A*03:01,tcr894,0
v1,AAFKRSCLK_HLA-A*03:01,tcr2060,1
v1_ss_3_n0,AAFKRSCLK_HLA-A*03:01,tcr1171,0
v2,AAFKRSCLK_HLA-A*03:01,tcr2071,1
v2_ss_3_n0,AAFKRSCLK_HLA-A*03:01,tcr162,0
v3,AAFKRSCLK_HLA-A*03:01,tcr476,1
v3_ss_3_n0,AAFKRSCLK_HLA-A*03:01,tcr53,0
v4,AAFKRSCLK_HLA-A*03:01,tcr546,1
v4_ss_3_n0,AAFKRSCLK_HLA-A*03:01,tcr591,0
v5,AAGIGILTV_HLA-A*02:01,tcr1189,1
v5_ss_3_n0,AAGIGILTV_HLA-A*02:01,tcr1895,0
v6,AAGIGILTV_HLA-A*02:01,tcr1523,1
v6_ss_3_n0,AAGIGILTV_HLA-A*02:01,tcr1554,0
v7,AAGIGILTV_HLA-A*02:01,tcr408,1
v7_ss_3_n0,AAGIGILTV_HLA-A*02:01,tcr48,0
v8,AAGIGILTV_HLA-A*02:01,tcr870,1
v8_ss_3_n0,AAGIGILTV_HLA-A*02:01,tcr2071,0
v9,AALPILFQV_HLA-A*02:01,tcr331,1
v9_ss_3_n0,AALPILFQV_HLA-A*02:01,tcr836,0
v13,ALGIGILTV_HLA-A*02:01,tcr1171,1
v13_ss_3_n0,ALGIGILTV_HLA-A*02:01,tcr1454,0
v14,ALHGGWTTK_HLA-A*03:01,tcr2009,1
v14_ss_3_n0,ALHGGWTTK_HLA-A*03:01,tcr1981,0
v15,ALLLQLFTL_HLA-A*02:01,tcr2020,1
v15_ss_3_n0,ALLLQLFTL_HLA-A*02:01,tcr607,0
v21,ALSPVIPHI_HLA-A*02:01,tcr116,1
v21_ss_3_n0,ALSPVIPHI_HLA-A*02:01,tcr423,0
v22,ALSPVIPHI_HLA-A*02:01,tcr1683,1
v22_ss_3_n0,ALSPVIPHI_HLA-A*02:01,tcr414,0
v23,ALWEIQQVV_HLA-A*02:01,tcr1162,1
v23_ss_3_n0,ALWEIQQVV_HLA-A*02:01,tcr199,0
v24,ALWGPDPAAA_HLA-A*02:01,tcr915,1
v24_ss_3_n0,ALWGPDPAAA_HLA-A*02:01,tcr1938,0
v25,ALYGFVPVL_HLA-A*02:01,tcr1834,1
v25_ss_3_n0,ALYGFVPVL_HLA-A*02:01,tcr17,0
v26,ALYGFVPVL_HLA-A*02:01,tcr2199,1
v26_ss_3_n0,ALYGFVPVL_HLA-A*02:01,tcr2194,0
v27,ALYGFVPVL_HLA-A*02:01,tcr244,1
v27_ss_3_n0,ALYGFVPVL_HLA-A*02:01,tcr1913,0
v28,ALYGFVPVL_HLA-A*02:01,tcr385,1
v28_ss_3_n0,ALYGFVPVL_HLA-A*02:01,tcr1640,0
v31,AQWGPDPAAA_HLA-A*02:01,tcr915,1
v31_ss_3_n0,AQWGPDPAAA_HLA-A*02:01,tcr1965,0
v32,ATDALMTGF_HLA-A*01:01,tcr1099,1
v32_ss_3_n0,ATDALMTGF_HLA-A*01:01,tcr1920,0
v33,AVGSYVYSV_HLA-A*02:01,tcr2053,1
v33_ss_3_n0,AVGSYVYSV_HLA-A*02:01,tcr1856,0
v34,AVGSYVYSV_HLA-A*02:01,tcr947,1
v34_ss_3_n0,AVGSYVYSV_HLA-A*02:01,tcr53,0
v54,CISSCNPNL_HLA-A*02:01,tcr2195,1
v54_ss_3_n0,CISSCNPNL_HLA-A*02:01,tcr921,0
v55,CPSQEPMSIYVY_HLA-B*35:08,tcr783,1
v55_ss_3_n0,CPSQEPMSIYVY_HLA-B*35:08,tcr60,0
v66,DATYQRTRALVR_HLA-A*68:01,tcr1198,1
v66_ss_3_n0,DATYQRTRALVR_HLA-A*68:01,tcr1075,0
v67,DATYQRTRALVR_HLA-A*68:01,tcr1271,1
v67_ss_3_n0,DATYQRTRALVR_HLA-A*68:01,tcr316,0
v68,DATYQRTRALVR_HLA-A*68:01,tcr1353,1
v68_ss_3_n0,DATYQRTRALVR_HLA-A*68:01,tcr1785,0
v69,DATYQRTRALVR_HLA-A*68:01,tcr1381,1
v69_ss_3_n0,DATYQRTRALVR_HLA-A*68:01,tcr2075,0
v70,DATYQRTRALVR_HLA-A*68:01,tcr2055,1
v70_ss_3_n0,DATYQRTRALVR_HLA-A*68:01,tcr434,0
v71,DATYQRTRALVR_HLA-A*68:01,tcr2213,1
v71_ss_3_n0,DATYQRTRALVR_HLA-A*68:01,tcr377,0
v72,DATYQRTRALVR_HLA-A*68:01,tcr245,1
v72_ss_3_n0,DATYQRTRALVR_HLA-A*68:01,tcr1639,0
v73,DATYQRTRALVR_HLA-A*68:01,tcr285,1
v73_ss_3_n0,DATYQRTRALVR_HLA-A*68:01,tcr1378,0
v74,DATYQRTRALVR_HLA-A*68:01,tcr40,1
v74_ss_3_n0,DATYQRTRALVR_HLA-A*68:01,tcr1294,0
v75,DATYQRTRALVR_HLA-A*68:01,tcr413,1
v75_ss_3_n0,DATYQRTRALVR_HLA-A*68:01,tcr538,0
v76,DATYQRTRALVR_HLA-A*68:01,tcr504,1
v76_ss_3_n0,DATYQRTRALVR_HLA-A*68:01,tcr87,0
v77,DATYQRTRALVR_HLA-A*68:01,tcr522,1
v77_ss_3_n0,DATYQRTRALVR_HLA-A*68:01,tcr2009,0
v78,DATYQRTRALVR_HLA-A*68:01,tcr591,1
v78_ss_3_n0,DATYQRTRALVR_HLA-A*68:01,tcr1191,0
v79,DATYQRTRALVR_HLA-A*68:01,tcr831,1
v79_ss_3_n0,DATYQRTRALVR_HLA-A*68:01,tcr171,0
v80,DATYQRTRALVR_HLA-A*68:01,tcr841,1
v80_ss_3_n0,DATYQRTRALVR_HLA-A*68:01,tcr1453,0
v81,DATYQRTRALVR_HLA-A*68:01,tcr843,1
v81_ss_3_n0,DATYQRTRALVR_HLA-A*68:01,tcr2171,0
v82,DATYQRTRALVR_HLA-A*68:01,tcr888,1
v82_ss_3_n0,DATYQRTRALVR_HLA-A*68:01,tcr2162,0
v83,DATYQRTRALVR_HLA-A*68:01,tcr897,1
v83_ss_3_n0,DATYQRTRALVR_HLA-A*68:01,tcr1428,0
v84,DATYQRTRALVR_HLA-A*68:01,tcr973,1
v84_ss_3_n0,DATYQRTRALVR_HLA-A*68:01,tcr744,0
v85,EAAGIGILTV_HLA-A*02:01,tcr1133,1
v85_ss_3_n0,EAAGIGILTV_HLA-A*02:01,tcr781,0
v86,EAAGIGILTV_HLA-A*02:01,tcr1171,1
v86_ss_3_n0,EAAGIGILTV_HLA-A*02:01,tcr1702,0
v87,EAAGIGILTV_HLA-A*02:01,tcr1189,1
v87_ss_3_n0,EAAGIGILTV_HLA-A*02:01,tcr2111,0
v88,EAAGIGILTV_HLA-A*02:01,tcr1598,1
v88_ss_3_n0,EAAGIGILTV_HLA-A*02:01,tcr692,0
v89,EAAGIGILTV_HLA-A*02:01,tcr1841,1
v89_ss_3_n0,EAAGIGILTV_HLA-A*02:01,tcr1798,0
v90,EAAGIGILTV_HLA-A*02:01,tcr1954,1
v90_ss_3_n0,EAAGIGILTV_HLA-A*02:01,tcr1504,0
v91,EAAGIGILTV_HLA-A*02:01,tcr1975,1
v91_ss_3_n0,EAAGIGILTV_HLA-A*02:01,tcr1290,0
v92,EAAGIGILTV_HLA-A*02:01,tcr2065,1
v92_ss_3_n0,EAAGIGILTV_HLA-A*02:01,tcr320,0
v93,EAAGIGILTV_HLA-A*02:01,tcr2068,1
v93_ss_3_n0,EAAGIGILTV_HLA-A*02:01,tcr1196,0
v94,EAAGIGILTV_HLA-A*02:01,tcr2129,1
v94_ss_3_n0,EAAGIGILTV_HLA-A*02:01,tcr2010,0
v95,EAAGIGILTV_HLA-A*02:01,tcr260,1
v95_ss_3_n0,EAAGIGILTV_HLA-A*02:01,tcr536,0
v96,EAAGIGILTV_HLA-A*02:01,tcr599,1
v96_ss_3_n0,EAAGIGILTV_HLA-A*02:01,tcr894,0
v97,EAAGIGILTV_HLA-A*02:01,tcr666,1
v97_ss_3_n0,EAAGIGILTV_HLA-A*02:01,tcr291,0
v98,EAAGIGILTV_HLA-A*02:01,tcr89,1
v98_ss_3_n0,EAAGIGILTV_HLA-A*02:01,tcr12,0
v100,EEIEITTHF_HLA-B*18:01,tcr1892,1
v100_ss_3_n0,EEIEITTHF_HLA-B*18:01,tcr860,0
v102,ELAGIGILTV_HLA-A*02:01,tcr1031,1
v102_ss_3_n0,ELAGIGILTV_HLA-A*02:01,tcr684,0
v103,ELAGIGILTV_HLA-A*02:01,tcr1069,1
v103_ss_3_n0,ELAGIGILTV_HLA-A*02:01,tcr1377,0
v104,ELAGIGILTV_HLA-A*02:01,tcr1189,1
v104_ss_3_n0,ELAGIGILTV_HLA-A*02:01,tcr1300,0
v105,ELAGIGILTV_HLA-A*02:01,tcr1308,1
v105_ss_3_n0,ELAGIGILTV_HLA-A*02:01,tcr836,0
v106,ELAGIGILTV_HLA-A*02:01,tcr1523,1
v106_ss_3_n0,ELAGIGILTV_HLA-A*02:01,tcr1724,0
v107,ELAGIGILTV_HLA-A*02:01,tcr1541,1
v107_ss_3_n0,ELAGIGILTV_HLA-A*02:01,tcr166,0
v108,ELAGIGILTV_HLA-A*02:01,tcr1709,1
v108_ss_3_n0,ELAGIGILTV_HLA-A*02:01,tcr1643,0
v109,ELAGIGILTV_HLA-A*02:01,tcr1864,1
v109_ss_3_n0,ELAGIGILTV_HLA-A*02:01,tcr2172,0
v110,ELAGIGILTV_HLA-A*02:01,tcr1990,1
v110_ss_3_n0,ELAGIGILTV_HLA-A*02:01,tcr1186,0
v111,ELAGIGILTV_HLA-A*02:01,tcr204,1
v111_ss_3_n0,ELAGIGILTV_HLA-A*02:01,tcr114,0
v112,ELAGIGILTV_HLA-A*02:01,tcr2171,1
v112_ss_3_n0,ELAGIGILTV_HLA-A*02:01,tcr1014,0
v113,ELAGIGILTV_HLA-A*02:01,tcr377,1
v113_ss_3_n0,ELAGIGILTV_HLA-A*02:01,tcr2038,0
v114,ELAGIGILTV_HLA-A*02:01,tcr379,1
v114_ss_3_n0,ELAGIGILTV_HLA-A*02:01,tcr1026,0
v115,ELAGIGILTV_HLA-A*02:01,tcr408,1
v115_ss_3_n0,ELAGIGILTV_HLA-A*02:01,tcr1366,0
v116,ELAGIGILTV_HLA-A*02:01,tcr549,1
v116_ss_3_n0,ELAGIGILTV_HLA-A*02:01,tcr1300,0
v117,ELAGIGILTV_HLA-A*02:01,tcr733,1
v117_ss_3_n0,ELAGIGILTV_HLA-A*02:01,tcr630,0
v118,ELAGIGILTV_HLA-A*02:01,tcr776,1
v118_ss_3_n0,ELAGIGILTV_HLA-A*02:01,tcr1781,0
v119,ELAGIGILTV_HLA-A*02:01,tcr840,1
v119_ss_3_n0,ELAGIGILTV_HLA-A*02:01,tcr1932,0
v120,ELAGIGILTV_HLA-A*02:01,tcr870,1
v120_ss_3_n0,ELAGIGILTV_HLA-A*02:01,tcr1855,0
v121,ELRRKMMYM_HLA-B*08:01,tcr2182,1
v121_ss_3_n0,ELRRKMMYM_HLA-B*08:01,tcr180,0
v122,EMLFSHGLVK_HLA-A*03:01,tcr1584,1
v122_ss_3_n0,EMLFSHGLVK_HLA-A*03:01,tcr524,0
v123,EPLPQGQLTAY_HLA-B*35:01,tcr1049,1
v123_ss_3_n0,EPLPQGQLTAY_HLA-B*35:01,tcr1151,0
v124,EPLPQGQLTAY_HLA-B*35:01,tcr1207,1
v124_ss_3_n0,EPLPQGQLTAY_HLA-B*35:01,tcr36,0
v125,EPLPQGQLTAY_HLA-B*35:01,tcr1383,1
v125_ss_3_n0,EPLPQGQLTAY_HLA-B*35:01,tcr1017,0
v126,EPLPQGQLTAY_HLA-B*35:01,tcr1509,1
v126_ss_3_n0,EPLPQGQLTAY_HLA-B*35:01,tcr490,0
v127,EPLPQGQLTAY_HLA-B*35:01,tcr1664,1
v127_ss_3_n0,EPLPQGQLTAY_HLA-B*35:01,tcr1486,0
v128,EPLPQGQLTAY_HLA-B*35:01,tcr1929,1
v128_ss_3_n0,EPLPQGQLTAY_HLA-B*35:01,tcr1083,0
v129,EPLPQGQLTAY_HLA-B*35:01,tcr258,1
v129_ss_3_n0,EPLPQGQLTAY_HLA-B*35:01,tcr820,0
v130,EPLPQGQLTAY_HLA-B*35:01,tcr261,1
v130_ss_3_n0,EPLPQGQLTAY_HLA-B*35:01,tcr1373,0
v131,EPLPQGQLTAY_HLA-B*35:01,tcr691,1
v131_ss_3_n0,EPLPQGQLTAY_HLA-B*35:01,tcr1045,0
v132,EPLPQGQLTAY_HLA-B*35:01,tcr754,1
v132_ss_3_n0,EPLPQGQLTAY_HLA-B*35:01,tcr82,0
v133,EPLPQGQLTAY_HLA-B*35:01,tcr768,1
v133_ss_3_n0,EPLPQGQLTAY_HLA-B*35:01,tcr508,0
v134,EPLPQGQLTAY_HLA-B*35:01,tcr779,1
v134_ss_3_n0,EPLPQGQLTAY_HLA-B*35:01,tcr154,0
v135,EPLPQGQLTAY_HLA-B*35:01,tcr796,1
v135_ss_3_n0,EPLPQGQLTAY_HLA-B*35:01,tcr1752,0
v137,ESITGSLGPLL_HLA-B*40:01,tcr1394,1
v137_ss_3_n0,ESITGSLGPLL_HLA-B*40:01,tcr1073,0
v138,EVDPIGHLY_HLA-A*01:01,tcr912,1
v138_ss_3_n0,EVDPIGHLY_HLA-A*01:01,tcr1738,0
v139,EVLPFFLFF_HLA-A*29:02,tcr159,1
v139_ss_3_n0,EVLPFFLFF_HLA-A*29:02,tcr1074,0
v143,FEDLRVLSF_HLA-B*37:01,tcr2027,1
v143_ss_3_n0,FEDLRVLSF_HLA-B*37:01,tcr1845,0
v145,FGDVGSTLF_HLA-C*08:02,tcr1131,1
v145_ss_3_n0,FGDVGSTLF_HLA-C*08:02,tcr2178,0
v152,FLYALALLL_HLA-A*02:01,tcr1609,1
v152_ss_3_n0,FLYALALLL_HLA-A*02:01,tcr229,0
v153,FLYALALLL_HLA-A*02:01,tcr1648,1
v153_ss_3_n0,FLYALALLL_HLA-A*02:01,tcr355,0
v154,FMPDFDLHL_HLA-A*02:01,tcr15,1
v154_ss_3_n0,FMPDFDLHL_HLA-A*02:01,tcr781,0
v155,FMPDFDLHL_HLA-A*02:01,tcr1816,1
v155_ss_3_n0,FMPDFDLHL_HLA-A*02:01,tcr1922,0
v158,FVVPYMIYLL_HLA-C*03:03,tcr1077,1
v158_ss_3_n0,FVVPYMIYLL_HLA-C*03:03,tcr180,0
v159,GADGVGKSAL_HLA-C*08:02,tcr1421,1
v159_ss_3_n0,GADGVGKSAL_HLA-C*08:02,tcr744,0
v160,GADGVGKSAL_HLA-C*08:02,tcr2186,1
v160_ss_3_n0,GADGVGKSAL_HLA-C*08:02,tcr2082,0
v161,GADGVGKSAL_HLA-C*08:02,tcr563,1
v161_ss_3_n0,GADGVGKSAL_HLA-C*08:02,tcr1510,0
v162,GADGVGKSAL_HLA-C*08:02,tcr828,1
v162_ss_3_n0,GADGVGKSAL_HLA-C*08:02,tcr897,0
v164,GEEDGAGGHSL_HLA-B*44:02,tcr1951,1
v164_ss_3_n0,GEEDGAGGHSL_HLA-B*44:02,tcr1896,0
v165,GEEDGAGGHSL_HLA-B*44:02,tcr2200,1
v165_ss_3_n0,GEEDGAGGHSL_HLA-B*44:02,tcr2152,0
v167,GILGFVFTL_HLA-A*02:01,tcr10,1
v167_ss_3_n0,GILGFVFTL_HLA-A*02:01,tcr1933,0
v168,GILGFVFTL_HLA-A*02:01,tcr1000,1
v168_ss_3_n0,GILGFVFTL_HLA-A*02:01,tcr261,0
v169,GILGFVFTL_HLA-A*02:01,tcr1003,1
v169_ss_3_n0,GILGFVFTL_HLA-A*02:01,tcr1092,0
v170,GILGFVFTL_HLA-A*02:01,tcr1004,1
v170_ss_3_n0,GILGFVFTL_HLA-A*02:01,tcr893,0
v171,GILGFVFTL_HLA-A*02:01,tcr1005,1
v171_ss_3_n0,GILGFVFTL_HLA-A*02:01,tcr1575,0
v172,GILGFVFTL_HLA-A*02:01,tcr1006,1
v172_ss_3_n0,GILGFVFTL_HLA-A*02:01,tcr2097,0
v173,GILGFVFTL_HLA-A*02:01,tcr1008,1
v173_ss_3_n0,GILGFVFTL_HLA-A*02:01,tcr405,0
v174,GILGFVFTL_HLA-A*02:01,tcr1009,1
v174_ss_3_n0,GILGFVFTL_HLA-A*02:01,tcr362,0
v175,GILGFVFTL_HLA-A*02:01,tcr101,1
v175_ss_3_n0,GILGFVFTL_HLA-A*02:01,tcr1108,0
v176,GILGFVFTL_HLA-A*02:01,tcr1018,1
v176_ss_3_n0,GILGFVFTL_HLA-A*02:01,tcr1177,0
v177,GILGFVFTL_HLA-A*02:01,tcr102,1
v177_ss_3_n0,GILGFVFTL_HLA-A*02:01,tcr1227,0
v178,GILGFVFTL_HLA-A*02:01,tcr1020,1
v178_ss_3_n0,GILGFVFTL_HLA-A*02:01,tcr476,0
v179,GILGFVFTL_HLA-A*02:01,tcr1022,1
v179_ss_3_n0,GILGFVFTL_HLA-A*02:01,tcr330,0
v180,GILGFVFTL_HLA-A*02:01,tcr1025,1
v180_ss_3_n0,GILGFVFTL_HLA-A*02:01,tcr2015,0
v181,GILGFVFTL_HLA-A*02:01,tcr1026,1
v181_ss_3_n0,GILGFVFTL_HLA-A*02:01,tcr672,0
v182,GILGFVFTL_HLA-A*02:01,tcr1027,1
v182_ss_3_n0,GILGFVFTL_HLA-A*02:01,tcr1744,0
v183,GILGFVFTL_HLA-A*02:01,tcr1029,1
v183_ss_3_n0,GILGFVFTL_HLA-A*02:01,tcr2131,0
v184,GILGFVFTL_HLA-A*02:01,tcr103,1
v184_ss_3_n0,GILGFVFTL_HLA-A*02:01,tcr2171,0
v185,GILGFVFTL_HLA-A*02:01,tcr1030,1
v185_ss_3_n0,GILGFVFTL_HLA-A*02:01,tcr1534,0
v186,GILGFVFTL_HLA-A*02:01,tcr1033,1
v186_ss_3_n0,GILGFVFTL_HLA-A*02:01,tcr453,0
v187,GILGFVFTL_HLA-A*02:01,tcr1035,1
v187_ss_3_n0,GILGFVFTL_HLA-A*02:01,tcr990,0
v188,GILGFVFTL_HLA-A*02:01,tcr1037,1
v188_ss_3_n0,GILGFVFTL_HLA-A*02:01,tcr148,0
v189,GILGFVFTL_HLA-A*02:01,tcr1038,1
v189_ss_3_n0,GILGFVFTL_HLA-A*02:01,tcr1015,0
v190,GILGFVFTL_HLA-A*02:01,tcr1040,1
v190_ss_3_n0,GILGFVFTL_HLA-A*02:01,tcr831,0
v191,GILGFVFTL_HLA-A*02:01,tcr1041,1
v191_ss_3_n0,GILGFVFTL_HLA-A*02:01,tcr2071,0
v192,GILGFVFTL_HLA-A*02:01,tcr1044,1
v192_ss_3_n0,GILGFVFTL_HLA-A*02:01,tcr1533,0
v193,GILGFVFTL_HLA-A*02:01,tcr1046,1
v193_ss_3_n0,GILGFVFTL_HLA-A*02:01,tcr772,0
v194,GILGFVFTL_HLA-A*02:01,tcr1050,1
v194_ss_3_n0,GILGFVFTL_HLA-A*02:01,tcr2167,0
v195,GILGFVFTL_HLA-A*02:01,tcr1053,1
v195_ss_3_n0,GILGFVFTL_HLA-A*02:01,tcr2099,0
v196,GILGFVFTL_HLA-A*02:01,tcr1056,1
v196_ss_3_n0,GILGFVFTL_HLA-A*02:01,tcr163,0
v197,GILGFVFTL_HLA-A*02:01,tcr1057,1
v197_ss_3_n0,GILGFVFTL_HLA-A*02:01,tcr1308,0
v198,GILGFVFTL_HLA-A*02:01,tcr1059,1
v198_ss_3_n0,GILGFVFTL_HLA-A*02:01,tcr1429,0
v199,GILGFVFTL_HLA-A*02:01,tcr106,1
v199_ss_3_n0,GILGFVFTL_HLA-A*02:01,tcr909,0
v200,GILGFVFTL_HLA-A*02:01,tcr1060,1
v200_ss_3_n0,GILGFVFTL_HLA-A*02:01,tcr221,0
v201,GILGFVFTL_HLA-A*02:01,tcr1062,1
v201_ss_3_n0,GILGFVFTL_HLA-A*02:01,tcr380,0
v202,GILGFVFTL_HLA-A*02:01,tcr1063,1
v202_ss_3_n0,GILGFVFTL_HLA-A*02:01,tcr1817,0
v203,GILGFVFTL_HLA-A*02:01,tcr1064,1
v203_ss_3_n0,GILGFVFTL_HLA-A*02:01,tcr1933,0
v204,GILGFVFTL_HLA-A*02:01,tcr1065,1
v204_ss_3_n0,GILGFVFTL_HLA-A*02:01,tcr2183,0
v205,GILGFVFTL_HLA-A*02:01,tcr1067,1
v205_ss_3_n0,GILGFVFTL_HLA-A*02:01,tcr1782,0
v206,GILGFVFTL_HLA-A*02:01,tcr1068,1
v206_ss_3_n0,GILGFVFTL_HLA-A*02:01,tcr1821,0
v207,GILGFVFTL_HLA-A*02:01,tcr1075,1
v207_ss_3_n0,GILGFVFTL_HLA-A*02:01,tcr1880,0
v208,GILGFVFTL_HLA-A*02:01,tcr1076,1
v208_ss_3_n0,GILGFVFTL_HLA-A*02:01,tcr1453,0
v209,GILGFVFTL_HLA-A*02:01,tcr1078,1
v209_ss_3_n0,GILGFVFTL_HLA-A*02:01,tcr1880,0
v210,GILGFVFTL_HLA-A*02:01,tcr1079,1
v210_ss_3_n0,GILGFVFTL_HLA-A*02:01,tcr1309,0
v211,GILGFVFTL_HLA-A*02:01,tcr1080,1
v211_ss_3_n0,GILGFVFTL_HLA-A*02:01,tcr2073,0
v212,GILGFVFTL_HLA-A*02:01,tcr1081,1
v212_ss_3_n0,GILGFVFTL_HLA-A*02:01,tcr279,0
v213,GILGFVFTL_HLA-A*02:01,tcr1082,1
v213_ss_3_n0,GILGFVFTL_HLA-A*02:01,tcr1422,0
v214,GILGFVFTL_HLA-A*02:01,tcr1083,1
v214_ss_3_n0,GILGFVFTL_HLA-A*02:01,tcr533,0
v215,GILGFVFTL_HLA-A*02:01,tcr1084,1
v215_ss_3_n0,GILGFVFTL_HLA-A*02:01,tcr2060,0
v216,GILGFVFTL_HLA-A*02:01,tcr1086,1
v216_ss_3_n0,GILGFVFTL_HLA-A*02:01,tcr873,0
v217,GILGFVFTL_HLA-A*02:01,tcr109,1
v217_ss_3_n0,GILGFVFTL_HLA-A*02:01,tcr560,0
v218,GILGFVFTL_HLA-A*02:01,tcr1091,1
v218_ss_3_n0,GILGFVFTL_HLA-A*02:01,tcr2168,0
v219,GILGFVFTL_HLA-A*02:01,tcr1095,1
v219_ss_3_n0,GILGFVFTL_HLA-A*02:01,tcr50,0
v220,GILGFVFTL_HLA-A*02:01,tcr1097,1
v220_ss_3_n0,GILGFVFTL_HLA-A*02:01,tcr566,0
v221,GILGFVFTL_HLA-A*02:01,tcr1098,1
v221_ss_3_n0,GILGFVFTL_HLA-A*02:01,tcr756,0
v222,GILGFVFTL_HLA-A*02:01,tcr110,1
v222_ss_3_n0,GILGFVFTL_HLA-A*02:01,tcr446,0
v223,GILGFVFTL_HLA-A*02:01,tcr1100,1
v223_ss_3_n0,GILGFVFTL_HLA-A*02:01,tcr1146,0
v224,GILGFVFTL_HLA-A*02:01,tcr1101,1
v224_ss_3_n0,GILGFVFTL_HLA-A*02:01,tcr1590,0
v225,GILGFVFTL_HLA-A*02:01,tcr1103,1
v225_ss_3_n0,GILGFVFTL_HLA-A*02:01,tcr506,0
v226,GILGFVFTL_HLA-A*02:01,tcr1105,1
v226_ss_3_n0,GILGFVFTL_HLA-A*02:01,tcr1841,0
v227,GILGFVFTL_HLA-A*02:01,tcr1106,1
v227_ss_3_n0,GILGFVFTL_HLA-A*02:01,tcr387,0
v228,GILGFVFTL_HLA-A*02:01,tcr1107,1
v228_ss_3_n0,GILGFVFTL_HLA-A*02:01,tcr1131,0
v229,GILGFVFTL_HLA-A*02:01,tcr111,1
v229_ss_3_n0,GILGFVFTL_HLA-A*02:01,tcr413,0
v230,GILGFVFTL_HLA-A*02:01,tcr1113,1
v230_ss_3_n0,GILGFVFTL_HLA-A*02:01,tcr1810,0
v231,GILGFVFTL_HLA-A*02:01,tcr1116,1
v231_ss_3_n0,GILGFVFTL_HLA-A*02:01,tcr1166,0
v232,GILGFVFTL_HLA-A*02:01,tcr1117,1
v232_ss_3_n0,GILGFVFTL_HLA-A*02:01,tcr965,0
v233,GILGFVFTL_HLA-A*02:01,tcr1119,1
v233_ss_3_n0,GILGFVFTL_HLA-A*02:01,tcr1658,0
v234,GILGFVFTL_HLA-A*02:01,tcr112,1
v234_ss_3_n0,GILGFVFTL_HLA-A*02:01,tcr1793,0
v235,GILGFVFTL_HLA-A*02:01,tcr1120,1
v235_ss_3_n0,GILGFVFTL_HLA-A*02:01,tcr1281,0
v236,GILGFVFTL_HLA-A*02:01,tcr1122,1
v236_ss_3_n0,GILGFVFTL_HLA-A*02:01,tcr2143,0
v237,GILGFVFTL_HLA-A*02:01,tcr1123,1
v237_ss_3_n0,GILGFVFTL_HLA-A*02:01,tcr219,0
v238,GILGFVFTL_HLA-A*02:01,tcr1124,1
v238_ss_3_n0,GILGFVFTL_HLA-A*02:01,tcr72,0
v239,GILGFVFTL_HLA-A*02:01,tcr1125,1
v239_ss_3_n0,GILGFVFTL_HLA-A*02:01,tcr622,0
v240,GILGFVFTL_HLA-A*02:01,tcr1129,1
v240_ss_3_n0,GILGFVFTL_HLA-A*02:01,tcr1258,0
v241,GILGFVFTL_HLA-A*02:01,tcr113,1
v241_ss_3_n0,GILGFVFTL_HLA-A*02:01,tcr829,0
v242,GILGFVFTL_HLA-A*02:01,tcr1132,1
v242_ss_3_n0,GILGFVFTL_HLA-A*02:01,tcr34,0
v243,GILGFVFTL_HLA-A*02:01,tcr1134,1
v243_ss_3_n0,GILGFVFTL_HLA-A*02:01,tcr1862,0
v244,GILGFVFTL_HLA-A*02:01,tcr1135,1
v244_ss_3_n0,GILGFVFTL_HLA-A*02:01,tcr2073,0
v245,GILGFVFTL_HLA-A*02:01,tcr1136,1
v245_ss_3_n0,GILGFVFTL_HLA-A*02:01,tcr2143,0
v246,GILGFVFTL_HLA-A*02:01,tcr1137,1
v246_ss_3_n0,GILGFVFTL_HLA-A*02:01,tcr1304,0
v247,GILGFVFTL_HLA-A*02:01,tcr1138,1
v247_ss_3_n0,GILGFVFTL_HLA-A*02:01,tcr1683,0
v248,GILGFVFTL_HLA-A*02:01,tcr114,1
v248_ss_3_n0,GILGFVFTL_HLA-A*02:01,tcr431,0
v249,GILGFVFTL_HLA-A*02:01,tcr1141,1
v249_ss_3_n0,GILGFVFTL_HLA-A*02:01,tcr1216,0
v250,GILGFVFTL_HLA-A*02:01,tcr1142,1
v250_ss_3_n0,GILGFVFTL_HLA-A*02:01,tcr289,0
v251,GILGFVFTL_HLA-A*02:01,tcr1143,1
v251_ss_3_n0,GILGFVFTL_HLA-A*02:01,tcr1052,0
v252,GILGFVFTL_HLA-A*02:01,tcr1148,1
v252_ss_3_n0,GILGFVFTL_HLA-A*02:01,tcr625,0
v253,GILGFVFTL_HLA-A*02:01,tcr1152,1
v253_ss_3_n0,GILGFVFTL_HLA-A*02:01,tcr616,0
v254,GILGFVFTL_HLA-A*02:01,tcr1153,1
v254_ss_3_n0,GILGFVFTL_HLA-A*02:01,tcr1013,0
v255,GILGFVFTL_HLA-A*02:01,tcr1157,1
v255_ss_3_n0,GILGFVFTL_HLA-A*02:01,tcr840,0
v256,GILGFVFTL_HLA-A*02:01,tcr1159,1
v256_ss_3_n0,GILGFVFTL_HLA-A*02:01,tcr683,0
v257,GILGFVFTL_HLA-A*02:01,tcr1163,1
v257_ss_3_n0,GILGFVFTL_HLA-A*02:01,tcr2035,0
v258,GILGFVFTL_HLA-A*02:01,tcr1168,1
v258_ss_3_n0,GILGFVFTL_HLA-A*02:01,tcr772,0
v259,GILGFVFTL_HLA-A*02:01,tcr1169,1
v259_ss_3_n0,GILGFVFTL_HLA-A*02:01,tcr375,0
v260,GILGFVFTL_HLA-A*02:01,tcr1173,1
v260_ss_3_n0,GILGFVFTL_HLA-A*02:01,tcr1690,0
v261,GILGFVFTL_HLA-A*02:01,tcr1175,1
v261_ss_3_n0,GILGFVFTL_HLA-A*02:01,tcr1892,0
v262,GILGFVFTL_HLA-A*02:01,tcr1179,1
v262_ss_3_n0,GILGFVFTL_HLA-A*02:01,tcr814,0
v263,GILGFVFTL_HLA-A*02:01,tcr1183,1
v263_ss_3_n0,GILGFVFTL_HLA-A*02:01,tcr503,0
v264,GILGFVFTL_HLA-A*02:01,tcr1185,1
v264_ss_3_n0,GILGFVFTL_HLA-A*02:01,tcr788,0
v265,GILGFVFTL_HLA-A*02:01,tcr1187,1
v265_ss_3_n0,GILGFVFTL_HLA-A*02:01,tcr337,0
v266,GILGFVFTL_HLA-A*02:01,tcr1193,1
v266_ss_3_n0,GILGFVFTL_HLA-A*02:01,tcr1054,0
v267,GILGFVFTL_HLA-A*02:01,tcr1195,1
v267_ss_3_n0,GILGFVFTL_HLA-A*02:01,tcr387,0
v268,GILGFVFTL_HLA-A*02:01,tcr1196,1
v268_ss_3_n0,GILGFVFTL_HLA-A*02:01,tcr453,0
v269,GILGFVFTL_HLA-A*02:01,tcr1197,1
v269_ss_3_n0,GILGFVFTL_HLA-A*02:01,tcr1118,0
v270,GILGFVFTL_HLA-A*02:01,tcr120,1
v270_ss_3_n0,GILGFVFTL_HLA-A*02:01,tcr1775,0
v271,GILGFVFTL_HLA-A*02:01,tcr1200,1
v271_ss_3_n0,GILGFVFTL_HLA-A*02:01,tcr1561,0
v272,GILGFVFTL_HLA-A*02:01,tcr1201,1
v272_ss_3_n0,GILGFVFTL_HLA-A*02:01,tcr512,0
v273,GILGFVFTL_HLA-A*02:01,tcr1202,1
v273_ss_3_n0,GILGFVFTL_HLA-A*02:01,tcr1039,0
v274,GILGFVFTL_HLA-A*02:01,tcr1203,1
v274_ss_3_n0,GILGFVFTL_HLA-A*02:01,tcr1055,0
v275,GILGFVFTL_HLA-A*02:01,tcr1204,1
v275_ss_3_n0,GILGFVFTL_HLA-A*02:01,tcr1127,0
v276,GILGFVFTL_HLA-A*02:01,tcr1208,1
v276_ss_3_n0,GILGFVFTL_HLA-A*02:01,tcr526,0
v277,GILGFVFTL_HLA-A*02:01,tcr1209,1
v277_ss_3_n0,GILGFVFTL_HLA-A*02:01,tcr462,0
v278,GILGFVFTL_HLA-A*02:01,tcr121,1
v278_ss_3_n0,GILGFVFTL_HLA-A*02:01,tcr2225,0
v279,GILGFVFTL_HLA-A*02:01,tcr1210,1
v279_ss_3_n0,GILGFVFTL_HLA-A*02:01,tcr1077,0
v280,GILGFVFTL_HLA-A*02:01,tcr1212,1
v280_ss_3_n0,GILGFVFTL_HLA-A*02:01,tcr50,0
v281,GILGFVFTL_HLA-A*02:01,tcr1213,1
v281_ss_3_n0,GILGFVFTL_HLA-A*02:01,tcr415,0
v282,GILGFVFTL_HLA-A*02:01,tcr1217,1
v282_ss_3_n0,GILGFVFTL_HLA-A*02:01,tcr451,0
v283,GILGFVFTL_HLA-A*02:01,tcr122,1
v283_ss_3_n0,GILGFVFTL_HLA-A*02:01,tcr819,0
v284,GILGFVFTL_HLA-A*02:01,tcr1220,1
v284_ss_3_n0,GILGFVFTL_HLA-A*02:01,tcr1789,0
v285,GILGFVFTL_HLA-A*02:01,tcr1221,1
v285_ss_3_n0,GILGFVFTL_HLA-A*02:01,tcr1466,0
v286,GILGFVFTL_HLA-A*02:01,tcr1224,1
v286_ss_3_n0,GILGFVFTL_HLA-A*02:01,tcr1609,0
v287,GILGFVFTL_HLA-A*02:01,tcr1225,1
v287_ss_3_n0,GILGFVFTL_HLA-A*02:01,tcr387,0
v288,GILGFVFTL_HLA-A*02:01,tcr123,1
v288_ss_3_n0,GILGFVFTL_HLA-A*02:01,tcr1287,0
v289,GILGFVFTL_HLA-A*02:01,tcr1230,1
v289_ss_3_n0,GILGFVFTL_HLA-A*02:01,tcr85,0
v290,GILGFVFTL_HLA-A*02:01,tcr1232,1
v290_ss_3_n0,GILGFVFTL_HLA-A*02:01,tcr1795,0
v291,GILGFVFTL_HLA-A*02:01,tcr1233,1
v291_ss_3_n0,GILGFVFTL_HLA-A*02:01,tcr1694,0
v292,GILGFVFTL_HLA-A*02:01,tcr1234,1
v292_ss_3_n0,GILGFVFTL_HLA-A*02:01,tcr994,0
v293,GILGFVFTL_HLA-A*02:01,tcr1238,1
v293_ss_3_n0,GILGFVFTL_HLA-A*02:01,tcr1151,0
v294,GILGFVFTL_HLA-A*02:01,tcr124,1
v294_ss_3_n0,GILGFVFTL_HLA-A*02:01,tcr1598,0
v295,GILGFVFTL_HLA-A*02:01,tcr1240,1
v295_ss_3_n0,GILGFVFTL_HLA-A*02:01,tcr664,0
v296,GILGFVFTL_HLA-A*02:01,tcr1242,1
v296_ss_3_n0,GILGFVFTL_HLA-A*02:01,tcr1162,0
v297,GILGFVFTL_HLA-A*02:01,tcr1248,1
v297_ss_3_n0,GILGFVFTL_HLA-A*02:01,tcr279,0
v298,GILGFVFTL_HLA-A*02:01,tcr1249,1
v298_ss_3_n0,GILGFVFTL_HLA-A*02:01,tcr1447,0
v299,GILGFVFTL_HLA-A*02:01,tcr125,1
v299_ss_3_n0,GILGFVFTL_HLA-A*02:01,tcr354,0
v300,GILGFVFTL_HLA-A*02:01,tcr1251,1
v300_ss_3_n0,GILGFVFTL_HLA-A*02:01,tcr2236,0
v301,GILGFVFTL_HLA-A*02:01,tcr1252,1
v301_ss_3_n0,GILGFVFTL_HLA-A*02:01,tcr2024,0
v302,GILGFVFTL_HLA-A*02:01,tcr1253,1
v302_ss_3_n0,GILGFVFTL_HLA-A*02:01,tcr917,0
v303,GILGFVFTL_HLA-A*02:01,tcr1256,1
v303_ss_3_n0,GILGFVFTL_HLA-A*02:01,tcr291,0
v304,GILGFVFTL_HLA-A*02:01,tcr1260,1
v304_ss_3_n0,GILGFVFTL_HLA-A*02:01,tcr491,0
v305,GILGFVFTL_HLA-A*02:01,tcr1262,1
v305_ss_3_n0,GILGFVFTL_HLA-A*02:01,tcr1015,0
v306,GILGFVFTL_HLA-A*02:01,tcr1265,1
v306_ss_3_n0,GILGFVFTL_HLA-A*02:01,tcr1648,0
v307,GILGFVFTL_HLA-A*02:01,tcr1266,1
v307_ss_3_n0,GILGFVFTL_HLA-A*02:01,tcr545,0
v308,GILGFVFTL_HLA-A*02:01,tcr1267,1
v308_ss_3_n0,GILGFVFTL_HLA-A*02:01,tcr2087,0
v309,GILGFVFTL_HLA-A*02:01,tcr1270,1
v309_ss_3_n0,GILGFVFTL_HLA-A*02:01,tcr237,0
v310,GILGFVFTL_HLA-A*02:01,tcr1272,1
v310_ss_3_n0,GILGFVFTL_HLA-A*02:01,tcr790,0
v311,GILGFVFTL_HLA-A*02:01,tcr1273,1
v311_ss_3_n0,GILGFVFTL_HLA-A*02:01,tcr1750,0
v312,GILGFVFTL_HLA-A*02:01,tcr1274,1
v312_ss_3_n0,GILGFVFTL_HLA-A*02:01,tcr1777,0
v313,GILGFVFTL_HLA-A*02:01,tcr1276,1
v313_ss_3_n0,GILGFVFTL_HLA-A*02:01,tcr912,0
v314,GILGFVFTL_HLA-A*02:01,tcr1278,1
v314_ss_3_n0,GILGFVFTL_HLA-A*02:01,tcr1509,0
v315,GILGFVFTL_HLA-A*02:01,tcr1279,1
v315_ss_3_n0,GILGFVFTL_HLA-A*02:01,tcr1425,0
v316,GILGFVFTL_HLA-A*02:01,tcr1282,1
v316_ss_3_n0,GILGFVFTL_HLA-A*02:01,tcr1263,0
v317,GILGFVFTL_HLA-A*02:01,tcr1283,1
v317_ss_3_n0,GILGFVFTL_HLA-A*02:01,tcr1071,0
v318,GILGFVFTL_HLA-A*02:01,tcr1284,1
v318_ss_3_n0,GILGFVFTL_HLA-A*02:01,tcr1470,0
v319,GILGFVFTL_HLA-A*02:01,tcr1285,1
v319_ss_3_n0,GILGFVFTL_HLA-A*02:01,tcr2178,0
v320,GILGFVFTL_HLA-A*02:01,tcr1286,1
v320_ss_3_n0,GILGFVFTL_HLA-A*02:01,tcr2022,0
v321,GILGFVFTL_HLA-A*02:01,tcr1288,1
v321_ss_3_n0,GILGFVFTL_HLA-A*02:01,tcr476,0
v322,GILGFVFTL_HLA-A*02:01,tcr1291,1
v322_ss_3_n0,GILGFVFTL_HLA-A*02:01,tcr980,0
v323,GILGFVFTL_HLA-A*02:01,tcr1294,1
v323_ss_3_n0,GILGFVFTL_HLA-A*02:01,tcr2122,0
v324,GILGFVFTL_HLA-A*02:01,tcr1295,1
v324_ss_3_n0,GILGFVFTL_HLA-A*02:01,tcr915,0
v325,GILGFVFTL_HLA-A*02:01,tcr1296,1
v325_ss_3_n0,GILGFVFTL_HLA-A*02:01,tcr982,0
v326,GILGFVFTL_HLA-A*02:01,tcr1298,1
v326_ss_3_n0,GILGFVFTL_HLA-A*02:01,tcr1620,0
v327,GILGFVFTL_HLA-A*02:01,tcr1299,1
v327_ss_3_n0,GILGFVFTL_HLA-A*02:01,tcr988,0
v328,GILGFVFTL_HLA-A*02:01,tcr13,1
v328_ss_3_n0,GILGFVFTL_HLA-A*02:01,tcr2186,0
v329,GILGFVFTL_HLA-A*02:01,tcr130,1
v329_ss_3_n0,GILGFVFTL_HLA-A*02:01,tcr1946,0
v330,GILGFVFTL_HLA-A*02:01,tcr1300,1
v330_ss_3_n0,GILGFVFTL_HLA-A*02:01,tcr506,0
v331,GILGFVFTL_HLA-A*02:01,tcr1301,1
v331_ss_3_n0,GILGFVFTL_HLA-A*02:01,tcr1094,0
v332,GILGFVFTL_HLA-A*02:01,tcr1302,1
v332_ss_3_n0,GILGFVFTL_HLA-A*02:01,tcr1813,0
v333,GILGFVFTL_HLA-A*02:01,tcr1306,1
v333_ss_3_n0,GILGFVFTL_HLA-A*02:01,tcr1259,0
v334,GILGFVFTL_HLA-A*02:01,tcr1307,1
v334_ss_3_n0,GILGFVFTL_HLA-A*02:01,tcr2131,0
v335,GILGFVFTL_HLA-A*02:01,tcr131,1
v335_ss_3_n0,GILGFVFTL_HLA-A*02:01,tcr2219,0
v336,GILGFVFTL_HLA-A*02:01,tcr1310,1
v336_ss_3_n0,GILGFVFTL_HLA-A*02:01,tcr682,0
v337,GILGFVFTL_HLA-A*02:01,tcr1312,1
v337_ss_3_n0,GILGFVFTL_HLA-A*02:01,tcr1429,0
v338,GILGFVFTL_HLA-A*02:01,tcr1314,1
v338_ss_3_n0,GILGFVFTL_HLA-A*02:01,tcr1821,0
v339,GILGFVFTL_HLA-A*02:01,tcr1315,1
v339_ss_3_n0,GILGFVFTL_HLA-A*02:01,tcr768,0
v340,GILGFVFTL_HLA-A*02:01,tcr1316,1
v340_ss_3_n0,GILGFVFTL_HLA-A*02:01,tcr1489,0
v341,GILGFVFTL_HLA-A*02:01,tcr1317,1
v341_ss_3_n0,GILGFVFTL_HLA-A*02:01,tcr1434,0
v342,GILGFVFTL_HLA-A*02:01,tcr132,1
v342_ss_3_n0,GILGFVFTL_HLA-A*02:01,tcr1172,0
v343,GILGFVFTL_HLA-A*02:01,tcr1320,1
v343_ss_3_n0,GILGFVFTL_HLA-A*02:01,tcr281,0
v344,GILGFVFTL_HLA-A*02:01,tcr1322,1
v344_ss_3_n0,GILGFVFTL_HLA-A*02:01,tcr854,0
v345,GILGFVFTL_HLA-A*02:01,tcr1323,1
v345_ss_3_n0,GILGFVFTL_HLA-A*02:01,tcr58,0
v346,GILGFVFTL_HLA-A*02:01,tcr1327,1
v346_ss_3_n0,GILGFVFTL_HLA-A*02:01,tcr2008,0
v347,GILGFVFTL_HLA-A*02:01,tcr133,1
v347_ss_3_n0,GILGFVFTL_HLA-A*02:01,tcr1013,0
v348,GILGFVFTL_HLA-A*02:01,tcr1330,1
v348_ss_3_n0,GILGFVFTL_HLA-A*02:01,tcr1506,0
v349,GILGFVFTL_HLA-A*02:01,tcr1331,1
v349_ss_3_n0,GILGFVFTL_HLA-A*02:01,tcr377,0
v350,GILGFVFTL_HLA-A*02:01,tcr1332,1
v350_ss_3_n0,GILGFVFTL_HLA-A*02:01,tcr185,0
v351,GILGFVFTL_HLA-A*02:01,tcr1335,1
v351_ss_3_n0,GILGFVFTL_HLA-A*02:01,tcr1880,0
v352,GILGFVFTL_HLA-A*02:01,tcr1337,1
v352_ss_3_n0,GILGFVFTL_HLA-A*02:01,tcr734,0
v353,GILGFVFTL_HLA-A*02:01,tcr1340,1
v353_ss_3_n0,GILGFVFTL_HLA-A*02:01,tcr2026,0
v354,GILGFVFTL_HLA-A*02:01,tcr1341,1
v354_ss_3_n0,GILGFVFTL_HLA-A*02:01,tcr82,0
v355,GILGFVFTL_HLA-A*02:01,tcr1343,1
v355_ss_3_n0,GILGFVFTL_HLA-A*02:01,tcr1783,0
v356,GILGFVFTL_HLA-A*02:01,tcr1344,1
v356_ss_3_n0,GILGFVFTL_HLA-A*02:01,tcr1783,0
v357,GILGFVFTL_HLA-A*02:01,tcr1346,1
v357_ss_3_n0,GILGFVFTL_HLA-A*02:01,tcr1823,0
v358,GILGFVFTL_HLA-A*02:01,tcr1347,1
v358_ss_3_n0,GILGFVFTL_HLA-A*02:01,tcr915,0
v359,GILGFVFTL_HLA-A*02:01,tcr1348,1
v359_ss_3_n0,GILGFVFTL_HLA-A*02:01,tcr1777,0
v360,GILGFVFTL_HLA-A*02:01,tcr1352,1
v360_ss_3_n0,GILGFVFTL_HLA-A*02:01,tcr522,0
v361,GILGFVFTL_HLA-A*02:01,tcr1356,1
v361_ss_3_n0,GILGFVFTL_HLA-A*02:01,tcr814,0
v362,GILGFVFTL_HLA-A*02:01,tcr1357,1
v362_ss_3_n0,GILGFVFTL_HLA-A*02:01,tcr58,0
v363,GILGFVFTL_HLA-A*02:01,tcr1359,1
v363_ss_3_n0,GILGFVFTL_HLA-A*02:01,tcr1395,0
v364,GILGFVFTL_HLA-A*02:01,tcr136,1
v364_ss_3_n0,GILGFVFTL_HLA-A*02:01,tcr333,0
v365,GILGFVFTL_HLA-A*02:01,tcr1360,1
v365_ss_3_n0,GILGFVFTL_HLA-A*02:01,tcr2158,0
v366,GILGFVFTL_HLA-A*02:01,tcr1361,1
v366_ss_3_n0,GILGFVFTL_HLA-A*02:01,tcr1572,0
v367,GILGFVFTL_HLA-A*02:01,tcr1363,1
v367_ss_3_n0,GILGFVFTL_HLA-A*02:01,tcr1139,0
v368,GILGFVFTL_HLA-A*02:01,tcr1367,1
v368_ss_3_n0,GILGFVFTL_HLA-A*02:01,tcr2099,0
v369,GILGFVFTL_HLA-A*02:01,tcr137,1
v369_ss_3_n0,GILGFVFTL_HLA-A*02:01,tcr647,0
v370,GILGFVFTL_HLA-A*02:01,tcr1371,1
v370_ss_3_n0,GILGFVFTL_HLA-A*02:01,tcr225,0
v371,GILGFVFTL_HLA-A*02:01,tcr1372,1
v371_ss_3_n0,GILGFVFTL_HLA-A*02:01,tcr222,0
v372,GILGFVFTL_HLA-A*02:01,tcr1373,1
v372_ss_3_n0,GILGFVFTL_HLA-A*02:01,tcr2122,0
v373,GILGFVFTL_HLA-A*02:01,tcr1374,1
v373_ss_3_n0,GILGFVFTL_HLA-A*02:01,tcr679,0
v374,GILGFVFTL_HLA-A*02:01,tcr1378,1
v374_ss_3_n0,GILGFVFTL_HLA-A*02:01,tcr635,0
v375,GILGFVFTL_HLA-A*02:01,tcr1379,1
v375_ss_3_n0,GILGFVFTL_HLA-A*02:01,tcr2163,0
v376,GILGFVFTL_HLA-A*02:01,tcr138,1
v376_ss_3_n0,GILGFVFTL_HLA-A*02:01,tcr2219,0
v377,GILGFVFTL_HLA-A*02:01,tcr1382,1
v377_ss_3_n0,GILGFVFTL_HLA-A*02:01,tcr2232,0
v378,GILGFVFTL_HLA-A*02:01,tcr1387,1
v378_ss_3_n0,GILGFVFTL_HLA-A*02:01,tcr1228,0
v379,GILGFVFTL_HLA-A*02:01,tcr1388,1
v379_ss_3_n0,GILGFVFTL_HLA-A*02:01,tcr1466,0
v380,GILGFVFTL_HLA-A*02:01,tcr1390,1
v380_ss_3_n0,GILGFVFTL_HLA-A*02:01,tcr194,0
v381,GILGFVFTL_HLA-A*02:01,tcr1391,1
v381_ss_3_n0,GILGFVFTL_HLA-A*02:01,tcr980,0
v382,GILGFVFTL_HLA-A*02:01,tcr1398,1
v382_ss_3_n0,GILGFVFTL_HLA-A*02:01,tcr732,0
v383,GILGFVFTL_HLA-A*02:01,tcr1399,1
v383_ss_3_n0,GILGFVFTL_HLA-A*02:01,tcr1369,0
v384,GILGFVFTL_HLA-A*02:01,tcr140,1
v384_ss_3_n0,GILGFVFTL_HLA-A*02:01,tcr905,0
v385,GILGFVFTL_HLA-A*02:01,tcr1402,1
v385_ss_3_n0,GILGFVFTL_HLA-A*02:01,tcr1394,0
v386,GILGFVFTL_HLA-A*02:01,tcr1403,1
v386_ss_3_n0,GILGFVFTL_HLA-A*02:01,tcr2148,0
v387,GILGFVFTL_HLA-A*02:01,tcr1404,1
v387_ss_3_n0,GILGFVFTL_HLA-A*02:01,tcr2087,0
v388,GILGFVFTL_HLA-A*02:01,tcr1405,1
v388_ss_3_n0,GILGFVFTL_HLA-A*02:01,tcr2075,0
v389,GILGFVFTL_HLA-A*02:01,tcr1406,1
v389_ss_3_n0,GILGFVFTL_HLA-A*02:01,tcr938,0
v390,GILGFVFTL_HLA-A*02:01,tcr1407,1
v390_ss_3_n0,GILGFVFTL_HLA-A*02:01,tcr682,0
v391,GILGFVFTL_HLA-A*02:01,tcr1408,1
v391_ss_3_n0,GILGFVFTL_HLA-A*02:01,tcr2053,0
v392,GILGFVFTL_HLA-A*02:01,tcr1411,1
v392_ss_3_n0,GILGFVFTL_HLA-A*02:01,tcr2182,0
v393,GILGFVFTL_HLA-A*02:01,tcr1412,1
v393_ss_3_n0,GILGFVFTL_HLA-A*02:01,tcr635,0
v394,GILGFVFTL_HLA-A*02:01,tcr1413,1
v394_ss_3_n0,GILGFVFTL_HLA-A*02:01,tcr1818,0
v395,GILGFVFTL_HLA-A*02:01,tcr1414,1
v395_ss_3_n0,GILGFVFTL_HLA-A*02:01,tcr2183,0
v396,GILGFVFTL_HLA-A*02:01,tcr1416,1
v396_ss_3_n0,GILGFVFTL_HLA-A*02:01,tcr1782,0
v397,GILGFVFTL_HLA-A*02:01,tcr1419,1
v397_ss_3_n0,GILGFVFTL_HLA-A*02:01,tcr638,0
v398,GILGFVFTL_HLA-A*02:01,tcr1423,1
v398_ss_3_n0,GILGFVFTL_HLA-A*02:01,tcr280,0
v399,GILGFVFTL_HLA-A*02:01,tcr1424,1
v399_ss_3_n0,GILGFVFTL_HLA-A*02:01,tcr337,0
v400,GILGFVFTL_HLA-A*02:01,tcr1427,1
v400_ss_3_n0,GILGFVFTL_HLA-A*02:01,tcr1012,0
v401,GILGFVFTL_HLA-A*02:01,tcr1428,1
v401_ss_3_n0,GILGFVFTL_HLA-A*02:01,tcr732,0
v402,GILGFVFTL_HLA-A*02:01,tcr143,1
v402_ss_3_n0,GILGFVFTL_HLA-A*02:01,tcr1329,0
v403,GILGFVFTL_HLA-A*02:01,tcr1432,1
v403_ss_3_n0,GILGFVFTL_HLA-A*02:01,tcr1926,0
v404,GILGFVFTL_HLA-A*02:01,tcr1435,1
v404_ss_3_n0,GILGFVFTL_HLA-A*02:01,tcr2010,0
v405,GILGFVFTL_HLA-A*02:01,tcr1436,1
v405_ss_3_n0,GILGFVFTL_HLA-A*02:01,tcr335,0
v406,GILGFVFTL_HLA-A*02:01,tcr144,1
v406_ss_3_n0,GILGFVFTL_HLA-A*02:01,tcr373,0
v407,GILGFVFTL_HLA-A*02:01,tcr1440,1
v407_ss_3_n0,GILGFVFTL_HLA-A*02:01,tcr938,0
v408,GILGFVFTL_HLA-A*02:01,tcr1442,1
v408_ss_3_n0,GILGFVFTL_HLA-A*02:01,tcr717,0
v409,GILGFVFTL_HLA-A*02:01,tcr1443,1
v409_ss_3_n0,GILGFVFTL_HLA-A*02:01,tcr1798,0
v410,GILGFVFTL_HLA-A*02:01,tcr1444,1
v410_ss_3_n0,GILGFVFTL_HLA-A*02:01,tcr168,0
v411,GILGFVFTL_HLA-A*02:01,tcr1446,1
v411_ss_3_n0,GILGFVFTL_HLA-A*02:01,tcr1823,0
v412,GILGFVFTL_HLA-A*02:01,tcr1448,1
v412_ss_3_n0,GILGFVFTL_HLA-A*02:01,tcr1226,0
v413,GILGFVFTL_HLA-A*02:01,tcr145,1
v413_ss_3_n0,GILGFVFTL_HLA-A*02:01,tcr1572,0
v414,GILGFVFTL_HLA-A*02:01,tcr1450,1
v414_ss_3_n0,GILGFVFTL_HLA-A*02:01,tcr284,0
v415,GILGFVFTL_HLA-A*02:01,tcr1452,1
v415_ss_3_n0,GILGFVFTL_HLA-A*02:01,tcr1121,0
v416,GILGFVFTL_HLA-A*02:01,tcr1454,1
v416_ss_3_n0,GILGFVFTL_HLA-A*02:01,tcr1385,0
v417,GILGFVFTL_HLA-A*02:01,tcr1457,1
v417_ss_3_n0,GILGFVFTL_HLA-A*02:01,tcr2168,0
v418,GILGFVFTL_HLA-A*02:01,tcr146,1
v418_ss_3_n0,GILGFVFTL_HLA-A*02:01,tcr2180,0
v419,GILGFVFTL_HLA-A*02:01,tcr1460,1
v419_ss_3_n0,GILGFVFTL_HLA-A*02:01,tcr1477,0
v420,GILGFVFTL_HLA-A*02:01,tcr1461,1
v420_ss_3_n0,GILGFVFTL_HLA-A*02:01,tcr1789,0
v421,GILGFVFTL_HLA-A*02:01,tcr1462,1
v421_ss_3_n0,GILGFVFTL_HLA-A*02:01,tcr2015,0
v422,GILGFVFTL_HLA-A*02:01,tcr1463,1
v422_ss_3_n0,GILGFVFTL_HLA-A*02:01,tcr77,0
v423,GILGFVFTL_HLA-A*02:01,tcr1464,1
v423_ss_3_n0,GILGFVFTL_HLA-A*02:01,tcr582,0
v424,GILGFVFTL_HLA-A*02:01,tcr1468,1
v424_ss_3_n0,GILGFVFTL_HLA-A*02:01,tcr801,0
v425,GILGFVFTL_HLA-A*02:01,tcr1471,1
v425_ss_3_n0,GILGFVFTL_HLA-A*02:01,tcr1088,0
v426,GILGFVFTL_HLA-A*02:01,tcr1473,1
v426_ss_3_n0,GILGFVFTL_HLA-A*02:01,tcr536,0
v427,GILGFVFTL_HLA-A*02:01,tcr1474,1
v427_ss_3_n0,GILGFVFTL_HLA-A*02:01,tcr2022,0
v428,GILGFVFTL_HLA-A*02:01,tcr1480,1
v428_ss_3_n0,GILGFVFTL_HLA-A*02:01,tcr1334,0
v429,GILGFVFTL_HLA-A*02:01,tcr1482,1
v429_ss_3_n0,GILGFVFTL_HLA-A*02:01,tcr2173,0
v430,GILGFVFTL_HLA-A*02:01,tcr1484,1
v430_ss_3_n0,GILGFVFTL_HLA-A*02:01,tcr1139,0
v431,GILGFVFTL_HLA-A*02:01,tcr1486,1
v431_ss_3_n0,GILGFVFTL_HLA-A*02:01,tcr465,0
v432,GILGFVFTL_HLA-A*02:01,tcr1487,1
v432_ss_3_n0,GILGFVFTL_HLA-A*02:01,tcr1933,0
v433,GILGFVFTL_HLA-A*02:01,tcr1488,1
v433_ss_3_n0,GILGFVFTL_HLA-A*02:01,tcr1628,0
v434,GILGFVFTL_HLA-A*02:01,tcr1491,1
v434_ss_3_n0,GILGFVFTL_HLA-A*02:01,tcr645,0
v435,GILGFVFTL_HLA-A*02:01,tcr1492,1
v435_ss_3_n0,GILGFVFTL_HLA-A*02:01,tcr267,0
v436,GILGFVFTL_HLA-A*02:01,tcr1493,1
v436_ss_3_n0,GILGFVFTL_HLA-A*02:01,tcr2051,0
v437,GILGFVFTL_HLA-A*02:01,tcr1495,1
v437_ss_3_n0,GILGFVFTL_HLA-A*02:01,tcr1683,0
v438,GILGFVFTL_HLA-A*02:01,tcr1496,1
v438_ss_3_n0,GILGFVFTL_HLA-A*02:01,tcr355,0
v439,GILGFVFTL_HLA-A*02:01,tcr1497,1
v439_ss_3_n0,GILGFVFTL_HLA-A*02:01,tcr9,0
v440,GILGFVFTL_HLA-A*02:01,tcr1498,1
v440_ss_3_n0,GILGFVFTL_HLA-A*02:01,tcr1674,0
v441,GILGFVFTL_HLA-A*02:01,tcr1499,1
v441_ss_3_n0,GILGFVFTL_HLA-A*02:01,tcr70,0
v442,GILGFVFTL_HLA-A*02:01,tcr1500,1
v442_ss_3_n0,GILGFVFTL_HLA-A*02:01,tcr893,0
v443,GILGFVFTL_HLA-A*02:01,tcr1501,1
v443_ss_3_n0,GILGFVFTL_HLA-A*02:01,tcr280,0
v444,GILGFVFTL_HLA-A*02:01,tcr1504,1
v444_ss_3_n0,GILGFVFTL_HLA-A*02:01,tcr9,0
v445,GILGFVFTL_HLA-A*02:01,tcr1505,1
v445_ss_3_n0,GILGFVFTL_HLA-A*02:01,tcr1149,0
v446,GILGFVFTL_HLA-A*02:01,tcr1507,1
v446_ss_3_n0,GILGFVFTL_HLA-A*02:01,tcr1489,0
v447,GILGFVFTL_HLA-A*02:01,tcr151,1
v447_ss_3_n0,GILGFVFTL_HLA-A*02:01,tcr417,0
v448,GILGFVFTL_HLA-A*02:01,tcr1510,1
v448_ss_3_n0,GILGFVFTL_HLA-A*02:01,tcr476,0
v449,GILGFVFTL_HLA-A*02:01,tcr1512,1
v449_ss_3_n0,GILGFVFTL_HLA-A*02:01,tcr91,0
v450,GILGFVFTL_HLA-A*02:01,tcr1513,1
v450_ss_3_n0,GILGFVFTL_HLA-A*02:01,tcr1172,0
v451,GILGFVFTL_HLA-A*02:01,tcr1514,1
v451_ss_3_n0,GILGFVFTL_HLA-A*02:01,tcr1353,0
v452,GILGFVFTL_HLA-A*02:01,tcr1515,1
v452_ss_3_n0,GILGFVFTL_HLA-A*02:01,tcr163,0
v453,GILGFVFTL_HLA-A*02:01,tcr1518,1
v453_ss_3_n0,GILGFVFTL_HLA-A*02:01,tcr2015,0
v454,GILGFVFTL_HLA-A*02:01,tcr152,1
v454_ss_3_n0,GILGFVFTL_HLA-A*02:01,tcr335,0
v455,GILGFVFTL_HLA-A*02:01,tcr1520,1
v455_ss_3_n0,GILGFVFTL_HLA-A*02:01,tcr1069,0
v456,GILGFVFTL_HLA-A*02:01,tcr1521,1
v456_ss_3_n0,GILGFVFTL_HLA-A*02:01,tcr1886,0
v457,GILGFVFTL_HLA-A*02:01,tcr1524,1
v457_ss_3_n0,GILGFVFTL_HLA-A*02:01,tcr912,0
v458,GILGFVFTL_HLA-A*02:01,tcr1526,1
v458_ss_3_n0,GILGFVFTL_HLA-A*02:01,tcr1644,0
v459,GILGFVFTL_HLA-A*02:01,tcr1530,1
v459_ss_3_n0,GILGFVFTL_HLA-A*02:01,tcr1469,0
v460,GILGFVFTL_HLA-A*02:01,tcr1531,1
v460_ss_3_n0,GILGFVFTL_HLA-A*02:01,tcr7,0
v461,GILGFVFTL_HLA-A*02:01,tcr1532,1
v461_ss_3_n0,GILGFVFTL_HLA-A*02:01,tcr118,0
v462,GILGFVFTL_HLA-A*02:01,tcr1535,1
v462_ss_3_n0,GILGFVFTL_HLA-A*02:01,tcr1014,0
v463,GILGFVFTL_HLA-A*02:01,tcr1539,1
v463_ss_3_n0,GILGFVFTL_HLA-A*02:01,tcr1782,0
v464,GILGFVFTL_HLA-A*02:01,tcr1546,1
v464_ss_3_n0,GILGFVFTL_HLA-A*02:01,tcr7,0
v465,GILGFVFTL_HLA-A*02:01,tcr1550,1
v465_ss_3_n0,GILGFVFTL_HLA-A*02:01,tcr1915,0
v466,GILGFVFTL_HLA-A*02:01,tcr1551,1
v466_ss_3_n0,GILGFVFTL_HLA-A*02:01,tcr1162,0
v467,GILGFVFTL_HLA-A*02:01,tcr1554,1
v467_ss_3_n0,GILGFVFTL_HLA-A*02:01,tcr679,0
v468,GILGFVFTL_HLA-A*02:01,tcr1557,1
v468_ss_3_n0,GILGFVFTL_HLA-A*02:01,tcr204,0
v469,GILGFVFTL_HLA-A*02:01,tcr1558,1
v469_ss_3_n0,GILGFVFTL_HLA-A*02:01,tcr2167,0
v470,GILGFVFTL_HLA-A*02:01,tcr156,1
v470_ss_3_n0,GILGFVFTL_HLA-A*02:01,tcr2060,0
v471,GILGFVFTL_HLA-A*02:01,tcr1562,1
v471_ss_3_n0,GILGFVFTL_HLA-A*02:01,tcr708,0
v472,GILGFVFTL_HLA-A*02:01,tcr1566,1
v472_ss_3_n0,GILGFVFTL_HLA-A*02:01,tcr823,0
v473,GILGFVFTL_HLA-A*02:01,tcr1567,1
v473_ss_3_n0,GILGFVFTL_HLA-A*02:01,tcr274,0
v474,GILGFVFTL_HLA-A*02:01,tcr1570,1
v474_ss_3_n0,GILGFVFTL_HLA-A*02:01,tcr1943,0
v475,GILGFVFTL_HLA-A*02:01,tcr1571,1
v475_ss_3_n0,GILGFVFTL_HLA-A*02:01,tcr1817,0
v476,GILGFVFTL_HLA-A*02:01,tcr1573,1
v476_ss_3_n0,GILGFVFTL_HLA-A*02:01,tcr154,0
v477,GILGFVFTL_HLA-A*02:01,tcr1576,1
v477_ss_3_n0,GILGFVFTL_HLA-A*02:01,tcr730,0
v478,GILGFVFTL_HLA-A*02:01,tcr1577,1
v478_ss_3_n0,GILGFVFTL_HLA-A*02:01,tcr2080,0
v479,GILGFVFTL_HLA-A*02:01,tcr1578,1
v479_ss_3_n0,GILGFVFTL_HLA-A*02:01,tcr632,0
v480,GILGFVFTL_HLA-A*02:01,tcr158,1
v480_ss_3_n0,GILGFVFTL_HLA-A*02:01,tcr60,0
v481,GILGFVFTL_HLA-A*02:01,tcr1580,1
v481_ss_3_n0,GILGFVFTL_HLA-A*02:01,tcr413,0
v482,GILGFVFTL_HLA-A*02:01,tcr1582,1
v482_ss_3_n0,GILGFVFTL_HLA-A*02:01,tcr58,0
v483,GILGFVFTL_HLA-A*02:01,tcr1583,1
v483_ss_3_n0,GILGFVFTL_HLA-A*02:01,tcr325,0
v484,GILGFVFTL_HLA-A*02:01,tcr1585,1
v484_ss_3_n0,GILGFVFTL_HLA-A*02:01,tcr325,0
v485,GILGFVFTL_HLA-A*02:01,tcr1587,1
v485_ss_3_n0,GILGFVFTL_HLA-A*02:01,tcr1938,0
v486,GILGFVFTL_HLA-A*02:01,tcr1588,1
v486_ss_3_n0,GILGFVFTL_HLA-A*02:01,tcr331,0
v487,GILGFVFTL_HLA-A*02:01,tcr1589,1
v487_ss_3_n0,GILGFVFTL_HLA-A*02:01,tcr818,0
v488,GILGFVFTL_HLA-A*02:01,tcr1591,1
v488_ss_3_n0,GILGFVFTL_HLA-A*02:01,tcr280,0
v489,GILGFVFTL_HLA-A*02:01,tcr1592,1
v489_ss_3_n0,GILGFVFTL_HLA-A*02:01,tcr1834,0
v490,GILGFVFTL_HLA-A*02:01,tcr1593,1
v490_ss_3_n0,GILGFVFTL_HLA-A*02:01,tcr1264,0
v491,GILGFVFTL_HLA-A*02:01,tcr1594,1
v491_ss_3_n0,GILGFVFTL_HLA-A*02:01,tcr408,0
v492,GILGFVFTL_HLA-A*02:01,tcr1595,1
v492_ss_3_n0,GILGFVFTL_HLA-A*02:01,tcr914,0
v493,GILGFVFTL_HLA-A*02:01,tcr1596,1
v493_ss_3_n0,GILGFVFTL_HLA-A*02:01,tcr698,0
v494,GILGFVFTL_HLA-A*02:01,tcr1597,1
v494_ss_3_n0,GILGFVFTL_HLA-A*02:01,tcr1711,0
v495,GILGFVFTL_HLA-A*02:01,tcr1599,1
v495_ss_3_n0,GILGFVFTL_HLA-A*02:01,tcr1986,0
v496,GILGFVFTL_HLA-A*02:01,tcr160,1
v496_ss_3_n0,GILGFVFTL_HLA-A*02:01,tcr492,0
v497,GILGFVFTL_HLA-A*02:01,tcr1601,1
v497_ss_3_n0,GILGFVFTL_HLA-A*02:01,tcr279,0
v498,GILGFVFTL_HLA-A*02:01,tcr1603,1
v498_ss_3_n0,GILGFVFTL_HLA-A*02:01,tcr41,0
v499,GILGFVFTL_HLA-A*02:01,tcr1604,1
v499_ss_3_n0,GILGFVFTL_HLA-A*02:01,tcr593,0
v500,GILGFVFTL_HLA-A*02:01,tcr1607,1
v500_ss_3_n0,GILGFVFTL_HLA-A*02:01,tcr348,0
v501,GILGFVFTL_HLA-A*02:01,tcr161,1
v501_ss_3_n0,GILGFVFTL_HLA-A*02:01,tcr1951,0
v502,GILGFVFTL_HLA-A*02:01,tcr1610,1
v502_ss_3_n0,GILGFVFTL_HLA-A*02:01,tcr290,0
v503,GILGFVFTL_HLA-A*02:01,tcr1611,1
v503_ss_3_n0,GILGFVFTL_HLA-A*02:01,tcr745,0
v504,GILGFVFTL_HLA-A*02:01,tcr1612,1
v504_ss_3_n0,GILGFVFTL_HLA-A*02:01,tcr480,0
v505,GILGFVFTL_HLA-A*02:01,tcr1613,1
v505_ss_3_n0,GILGFVFTL_HLA-A*02:01,tcr1170,0
v506,GILGFVFTL_HLA-A*02:01,tcr1615,1
v506_ss_3_n0,GILGFVFTL_HLA-A*02:01,tcr139,0
v507,GILGFVFTL_HLA-A*02:01,tcr1616,1
v507_ss_3_n0,GILGFVFTL_HLA-A*02:01,tcr1880,0
v508,GILGFVFTL_HLA-A*02:01,tcr1617,1
v508_ss_3_n0,GILGFVFTL_HLA-A*02:01,tcr380,0
v509,GILGFVFTL_HLA-A*02:01,tcr1619,1
v509_ss_3_n0,GILGFVFTL_HLA-A*02:01,tcr1189,0
v510,GILGFVFTL_HLA-A*02:01,tcr1622,1
v510_ss_3_n0,GILGFVFTL_HLA-A*02:01,tcr2145,0
v511,GILGFVFTL_HLA-A*02:01,tcr1623,1
v511_ss_3_n0,GILGFVFTL_HLA-A*02:01,tcr838,0
v512,GILGFVFTL_HLA-A*02:01,tcr1624,1
v512_ss_3_n0,GILGFVFTL_HLA-A*02:01,tcr388,0
v513,GILGFVFTL_HLA-A*02:01,tcr1625,1
v513_ss_3_n0,GILGFVFTL_HLA-A*02:01,tcr1845,0
v514,GILGFVFTL_HLA-A*02:01,tcr1627,1
v514_ss_3_n0,GILGFVFTL_HLA-A*02:01,tcr1384,0
v515,GILGFVFTL_HLA-A*02:01,tcr1629,1
v515_ss_3_n0,GILGFVFTL_HLA-A*02:01,tcr279,0
v516,GILGFVFTL_HLA-A*02:01,tcr1630,1
v516_ss_3_n0,GILGFVFTL_HLA-A*02:01,tcr1647,0
v517,GILGFVFTL_HLA-A*02:01,tcr1632,1
v517_ss_3_n0,GILGFVFTL_HLA-A*02:01,tcr1821,0
v518,GILGFVFTL_HLA-A*02:01,tcr1633,1
v518_ss_3_n0,GILGFVFTL_HLA-A*02:01,tcr1458,0
v519,GILGFVFTL_HLA-A*02:01,tcr1635,1
v519_ss_3_n0,GILGFVFTL_HLA-A*02:01,tcr1031,0
v520,GILGFVFTL_HLA-A*02:01,tcr1636,1
v520_ss_3_n0,GILGFVFTL_HLA-A*02:01,tcr1523,0
v521,GILGFVFTL_HLA-A*02:01,tcr1637,1
v521_ss_3_n0,GILGFVFTL_HLA-A*02:01,tcr708,0
v522,GILGFVFTL_HLA-A*02:01,tcr1639,1
v522_ss_3_n0,GILGFVFTL_HLA-A*02:01,tcr1737,0
v523,GILGFVFTL_HLA-A*02:01,tcr1640,1
v523_ss_3_n0,GILGFVFTL_HLA-A*02:01,tcr1334,0
v524,GILGFVFTL_HLA-A*02:01,tcr1641,1
v524_ss_3_n0,GILGFVFTL_HLA-A*02:01,tcr686,0
v525,GILGFVFTL_HLA-A*02:01,tcr1643,1
v525_ss_3_n0,GILGFVFTL_HLA-A*02:01,tcr221,0
v526,GILGFVFTL_HLA-A*02:01,tcr1645,1
v526_ss_3_n0,GILGFVFTL_HLA-A*02:01,tcr1477,0
v527,GILGFVFTL_HLA-A*02:01,tcr1646,1
v527_ss_3_n0,GILGFVFTL_HLA-A*02:01,tcr1523,0
v528,GILGFVFTL_HLA-A*02:01,tcr1649,1
v528_ss_3_n0,GILGFVFTL_HLA-A*02:01,tcr1887,0
v529,GILGFVFTL_HLA-A*02:01,tcr1651,1
v529_ss_3_n0,GILGFVFTL_HLA-A*02:01,tcr698,0
v530,GILGFVFTL_HLA-A*02:01,tcr1652,1
v530_ss_3_n0,GILGFVFTL_HLA-A*02:01,tcr1393,0
v531,GILGFVFTL_HLA-A*02:01,tcr1653,1
v531_ss_3_n0,GILGFVFTL_HLA-A*02:01,tcr1735,0
v532,GILGFVFTL_HLA-A*02:01,tcr1655,1
v532_ss_3_n0,GILGFVFTL_HLA-A*02:01,tcr1130,0
v533,GILGFVFTL_HLA-A*02:01,tcr1657,1
v533_ss_3_n0,GILGFVFTL_HLA-A*02:01,tcr99,0
v534,GILGFVFTL_HLA-A*02:01,tcr1659,1
v534_ss_3_n0,GILGFVFTL_HLA-A*02:01,tcr164,0
v535,GILGFVFTL_HLA-A*02:01,tcr1660,1
v535_ss_3_n0,GILGFVFTL_HLA-A*02:01,tcr1916,0
v536,GILGFVFTL_HLA-A*02:01,tcr1662,1
v536_ss_3_n0,GILGFVFTL_HLA-A*02:01,tcr566,0
v537,GILGFVFTL_HLA-A*02:01,tcr1663,1
v537_ss_3_n0,GILGFVFTL_HLA-A*02:01,tcr915,0
v538,GILGFVFTL_HLA-A*02:01,tcr1665,1
v538_ss_3_n0,GILGFVFTL_HLA-A*02:01,tcr542,0
v539,GILGFVFTL_HLA-A*02:01,tcr1667,1
v539_ss_3_n0,GILGFVFTL_HLA-A*02:01,tcr465,0
v540,GILGFVFTL_HLA-A*02:01,tcr1669,1
v540_ss_3_n0,GILGFVFTL_HLA-A*02:01,tcr1913,0
v541,GILGFVFTL_HLA-A*02:01,tcr1672,1
v541_ss_3_n0,GILGFVFTL_HLA-A*02:01,tcr78,0
v542,GILGFVFTL_HLA-A*02:01,tcr1675,1
v542_ss_3_n0,GILGFVFTL_HLA-A*02:01,tcr733,0
v543,GILGFVFTL_HLA-A*02:01,tcr1678,1
v543_ss_3_n0,GILGFVFTL_HLA-A*02:01,tcr1350,0
v544,GILGFVFTL_HLA-A*02:01,tcr1679,1
v544_ss_3_n0,GILGFVFTL_HLA-A*02:01,tcr2211,0
v545,GILGFVFTL_HLA-A*02:01,tcr1680,1
v545_ss_3_n0,GILGFVFTL_HLA-A*02:01,tcr1165,0
v546,GILGFVFTL_HLA-A*02:01,tcr1682,1
v546_ss_3_n0,GILGFVFTL_HLA-A*02:01,tcr1946,0
v547,GILGFVFTL_HLA-A*02:01,tcr1684,1
v547_ss_3_n0,GILGFVFTL_HLA-A*02:01,tcr41,0
v548,GILGFVFTL_HLA-A*02:01,tcr1687,1
v548_ss_3_n0,GILGFVFTL_HLA-A*02:01,tcr2011,0
v549,GILGFVFTL_HLA-A*02:01,tcr1689,1
v549_ss_3_n0,GILGFVFTL_HLA-A*02:01,tcr385,0
v550,GILGFVFTL_HLA-A*02:01,tcr1692,1
v550_ss_3_n0,GILGFVFTL_HLA-A*02:01,tcr15,0
v551,GILGFVFTL_HLA-A*02:01,tcr1693,1
v551_ss_3_n0,GILGFVFTL_HLA-A*02:01,tcr1139,0
v552,GILGFVFTL_HLA-A*02:01,tcr1697,1
v552_ss_3_n0,GILGFVFTL_HLA-A*02:01,tcr1846,0
v553,GILGFVFTL_HLA-A*02:01,tcr1699,1
v553_ss_3_n0,GILGFVFTL_HLA-A*02:01,tcr858,0
v554,GILGFVFTL_HLA-A*02:01,tcr17,1
v554_ss_3_n0,GILGFVFTL_HLA-A*02:01,tcr823,0
v555,GILGFVFTL_HLA-A*02:01,tcr1700,1
v555_ss_3_n0,GILGFVFTL_HLA-A*02:01,tcr1094,0
v556,GILGFVFTL_HLA-A*02:01,tcr1701,1
v556_ss_3_n0,GILGFVFTL_HLA-A*02:01,tcr2022,0
v557,GILGFVFTL_HLA-A*02:01,tcr1705,1
v557_ss_3_n0,GILGFVFTL_HLA-A*02:01,tcr1365,0
v558,GILGFVFTL_HLA-A*02:01,tcr1707,1
v558_ss_3_n0,GILGFVFTL_HLA-A*02:01,tcr1880,0
v559,GILGFVFTL_HLA-A*02:01,tcr1708,1
v559_ss_3_n0,GILGFVFTL_HLA-A*02:01,tcr222,0
v560,GILGFVFTL_HLA-A*02:01,tcr1712,1
v560_ss_3_n0,GILGFVFTL_HLA-A*02:01,tcr682,0
v561,GILGFVFTL_HLA-A*02:01,tcr1713,1
v561_ss_3_n0,GILGFVFTL_HLA-A*02:01,tcr1746,0
v562,GILGFVFTL_HLA-A*02:01,tcr1714,1
v562_ss_3_n0,GILGFVFTL_HLA-A*02:01,tcr289,0
v563,GILGFVFTL_HLA-A*02:01,tcr1715,1
v563_ss_3_n0,GILGFVFTL_HLA-A*02:01,tcr1880,0
v564,GILGFVFTL_HLA-A*02:01,tcr1716,1
v564_ss_3_n0,GILGFVFTL_HLA-A*02:01,tcr1449,0
v565,GILGFVFTL_HLA-A*02:01,tcr1717,1
v565_ss_3_n0,GILGFVFTL_HLA-A*02:01,tcr1043,0
v566,GILGFVFTL_HLA-A*02:01,tcr1718,1
v566_ss_3_n0,GILGFVFTL_HLA-A*02:01,tcr1880,0
v567,GILGFVFTL_HLA-A*02:01,tcr172,1
v567_ss_3_n0,GILGFVFTL_HLA-A*02:01,tcr2173,0
v568,GILGFVFTL_HLA-A*02:01,tcr1722,1
v568_ss_3_n0,GILGFVFTL_HLA-A*02:01,tcr2171,0
v569,GILGFVFTL_HLA-A*02:01,tcr1723,1
v569_ss_3_n0,GILGFVFTL_HLA-A*02:01,tcr1880,0
v570,GILGFVFTL_HLA-A*02:01,tcr1724,1
v570_ss_3_n0,GILGFVFTL_HLA-A*02:01,tcr1102,0
v571,GILGFVFTL_HLA-A*02:01,tcr1726,1
v571_ss_3_n0,GILGFVFTL_HLA-A*02:01,tcr965,0
v572,GILGFVFTL_HLA-A*02:01,tcr1727,1
v572_ss_3_n0,GILGFVFTL_HLA-A*02:01,tcr204,0
v573,GILGFVFTL_HLA-A*02:01,tcr1728,1
v573_ss_3_n0,GILGFVFTL_HLA-A*02:01,tcr1092,0
v574,GILGFVFTL_HLA-A*02:01,tcr173,1
v574_ss_3_n0,GILGFVFTL_HLA-A*02:01,tcr1305,0
v575,GILGFVFTL_HLA-A*02:01,tcr1730,1
v575_ss_3_n0,GILGFVFTL_HLA-A*02:01,tcr512,0
v576,GILGFVFTL_HLA-A*02:01,tcr1732,1
v576_ss_3_n0,GILGFVFTL_HLA-A*02:01,tcr733,0
v577,GILGFVFTL_HLA-A*02:01,tcr1733,1
v577_ss_3_n0,GILGFVFTL_HLA-A*02:01,tcr1121,0
v578,GILGFVFTL_HLA-A*02:01,tcr1734,1
v578_ss_3_n0,GILGFVFTL_HLA-A*02:01,tcr1281,0
v579,GILGFVFTL_HLA-A*02:01,tcr1738,1
v579_ss_3_n0,GILGFVFTL_HLA-A*02:01,tcr1192,0
v580,GILGFVFTL_HLA-A*02:01,tcr1739,1
v580_ss_3_n0,GILGFVFTL_HLA-A*02:01,tcr1817,0
v581,GILGFVFTL_HLA-A*02:01,tcr174,1
v581_ss_3_n0,GILGFVFTL_HLA-A*02:01,tcr994,0
v582,GILGFVFTL_HLA-A*02:01,tcr1740,1
v582_ss_3_n0,GILGFVFTL_HLA-A*02:01,tcr135,0
v583,GILGFVFTL_HLA-A*02:01,tcr1745,1
v583_ss_3_n0,GILGFVFTL_HLA-A*02:01,tcr1395,0
v584,GILGFVFTL_HLA-A*02:01,tcr1747,1
v584_ss_3_n0,GILGFVFTL_HLA-A*02:01,tcr330,0
v585,GILGFVFTL_HLA-A*02:01,tcr1748,1
v585_ss_3_n0,GILGFVFTL_HLA-A*02:01,tcr544,0
v586,GILGFVFTL_HLA-A*02:01,tcr1751,1
v586_ss_3_n0,GILGFVFTL_HLA-A*02:01,tcr1821,0
v587,GILGFVFTL_HLA-A*02:01,tcr1752,1
v587_ss_3_n0,GILGFVFTL_HLA-A*02:01,tcr163,0
v588,GILGFVFTL_HLA-A*02:01,tcr1756,1
v588_ss_3_n0,GILGFVFTL_HLA-A*02:01,tcr461,0
v589,GILGFVFTL_HLA-A*02:01,tcr1758,1
v589_ss_3_n0,GILGFVFTL_HLA-A*02:01,tcr1031,0
v590,GILGFVFTL_HLA-A*02:01,tcr1759,1
v590_ss_3_n0,GILGFVFTL_HLA-A*02:01,tcr1017,0
v591,GILGFVFTL_HLA-A*02:01,tcr1761,1
v591_ss_3_n0,GILGFVFTL_HLA-A*02:01,tcr1780,0
v592,GILGFVFTL_HLA-A*02:01,tcr1762,1
v592_ss_3_n0,GILGFVFTL_HLA-A*02:01,tcr625,0
v593,GILGFVFTL_HLA-A*02:01,tcr1765,1
v593_ss_3_n0,GILGFVFTL_HLA-A*02:01,tcr991,0
v594,GILGFVFTL_HLA-A*02:01,tcr1766,1
v594_ss_3_n0,GILGFVFTL_HLA-A*02:01,tcr2061,0
v595,GILGFVFTL_HLA-A*02:01,tcr1767,1
v595_ss_3_n0,GILGFVFTL_HLA-A*02:01,tcr1287,0
v596,GILGFVFTL_HLA-A*02:01,tcr1768,1
v596_ss_3_n0,GILGFVFTL_HLA-A*02:01,tcr258,0
v597,GILGFVFTL_HLA-A*02:01,tcr1769,1
v597_ss_3_n0,GILGFVFTL_HLA-A*02:01,tcr980,0
v598,GILGFVFTL_HLA-A*02:01,tcr177,1
v598_ss_3_n0,GILGFVFTL_HLA-A*02:01,tcr1776,0
v599,GILGFVFTL_HLA-A*02:01,tcr1771,1
v599_ss_3_n0,GILGFVFTL_HLA-A*02:01,tcr1702,0
v600,GILGFVFTL_HLA-A*02:01,tcr1772,1
v600_ss_3_n0,GILGFVFTL_HLA-A*02:01,tcr1841,0
v601,GILGFVFTL_HLA-A*02:01,tcr1773,1
v601_ss_3_n0,GILGFVFTL_HLA-A*02:01,tcr1375,0
v602,GILGFVFTL_HLA-A*02:01,tcr1774,1
v602_ss_3_n0,GILGFVFTL_HLA-A*02:01,tcr864,0
v603,GILGFVFTL_HLA-A*02:01,tcr1779,1
v603_ss_3_n0,GILGFVFTL_HLA-A*02:01,tcr1834,0
v604,GILGFVFTL_HLA-A*02:01,tcr178,1
v604_ss_3_n0,GILGFVFTL_HLA-A*02:01,tcr906,0
v605,GILGFVFTL_HLA-A*02:01,tcr1784,1
v605_ss_3_n0,GILGFVFTL_HLA-A*02:01,tcr335,0
v606,GILGFVFTL_HLA-A*02:01,tcr1785,1
v606_ss_3_n0,GILGFVFTL_HLA-A*02:01,tcr773,0
v607,GILGFVFTL_HLA-A*02:01,tcr1786,1
v607_ss_3_n0,GILGFVFTL_HLA-A*02:01,tcr387,0
v608,GILGFVFTL_HLA-A*02:01,tcr1787,1
v608_ss_3_n0,GILGFVFTL_HLA-A*02:01,tcr1887,0
v609,GILGFVFTL_HLA-A*02:01,tcr1788,1
v609_ss_3_n0,GILGFVFTL_HLA-A*02:01,tcr1561,0
v610,GILGFVFTL_HLA-A*02:01,tcr179,1
v610_ss_3_n0,GILGFVFTL_HLA-A*02:01,tcr593,0
v611,GILGFVFTL_HLA-A*02:01,tcr1792,1
v611_ss_3_n0,GILGFVFTL_HLA-A*02:01,tcr1891,0
v612,GILGFVFTL_HLA-A*02:01,tcr1794,1
v612_ss_3_n0,GILGFVFTL_HLA-A*02:01,tcr819,0
v613,GILGFVFTL_HLA-A*02:01,tcr1796,1
v613_ss_3_n0,GILGFVFTL_HLA-A*02:01,tcr1795,0
v614,GILGFVFTL_HLA-A*02:01,tcr1797,1
v614_ss_3_n0,GILGFVFTL_HLA-A*02:01,tcr1385,0
v615,GILGFVFTL_HLA-A*02:01,tcr1799,1
v615_ss_3_n0,GILGFVFTL_HLA-A*02:01,tcr1178,0
v616,GILGFVFTL_HLA-A*02:01,tcr18,1
v616_ss_3_n0,GILGFVFTL_HLA-A*02:01,tcr1476,0
v617,GILGFVFTL_HLA-A*02:01,tcr180,1
v617_ss_3_n0,GILGFVFTL_HLA-A*02:01,tcr858,0
v618,GILGFVFTL_HLA-A*02:01,tcr1800,1
v618_ss_3_n0,GILGFVFTL_HLA-A*02:01,tcr806,0
v619,GILGFVFTL_HLA-A*02:01,tcr1801,1
v619_ss_3_n0,GILGFVFTL_HLA-A*02:01,tcr2068,0
v620,GILGFVFTL_HLA-A*02:01,tcr1804,1
v620_ss_3_n0,GILGFVFTL_HLA-A*02:01,tcr1102,0
v621,GILGFVFTL_HLA-A*02:01,tcr1805,1
v621_ss_3_n0,GILGFVFTL_HLA-A*02:01,tcr1880,0
v622,GILGFVFTL_HLA-A*02:01,tcr1806,1
v622_ss_3_n0,GILGFVFTL_HLA-A*02:01,tcr844,0
v623,GILGFVFTL_HLA-A*02:01,tcr1807,1
v623_ss_3_n0,GILGFVFTL_HLA-A*02:01,tcr431,0
v624,GILGFVFTL_HLA-A*02:01,tcr1808,1
v624_ss_3_n0,GILGFVFTL_HLA-A*02:01,tcr1024,0
v625,GILGFVFTL_HLA-A*02:01,tcr1809,1
v625_ss_3_n0,GILGFVFTL_HLA-A*02:01,tcr818,0
v626,GILGFVFTL_HLA-A*02:01,tcr1811,1
v626_ss_3_n0,GILGFVFTL_HLA-A*02:01,tcr717,0
v627,GILGFVFTL_HLA-A*02:01,tcr1814,1
v627_ss_3_n0,GILGFVFTL_HLA-A*02:01,tcr1216,0
v628,GILGFVFTL_HLA-A*02:01,tcr1815,1
v628_ss_3_n0,GILGFVFTL_HLA-A*02:01,tcr1055,0
v629,GILGFVFTL_HLA-A*02:01,tcr1819,1
v629_ss_3_n0,GILGFVFTL_HLA-A*02:01,tcr1544,0
v630,GILGFVFTL_HLA-A*02:01,tcr1822,1
v630_ss_3_n0,GILGFVFTL_HLA-A*02:01,tcr645,0
v631,GILGFVFTL_HLA-A*02:01,tcr1824,1
v631_ss_3_n0,GILGFVFTL_HLA-A*02:01,tcr1264,0
v632,GILGFVFTL_HLA-A*02:01,tcr1826,1
v632_ss_3_n0,GILGFVFTL_HLA-A*02:01,tcr15,0
v633,GILGFVFTL_HLA-A*02:01,tcr1827,1
v633_ss_3_n0,GILGFVFTL_HLA-A*02:01,tcr2080,0
v634,GILGFVFTL_HLA-A*02:01,tcr1829,1
v634_ss_3_n0,GILGFVFTL_HLA-A*02:01,tcr1880,0
v635,GILGFVFTL_HLA-A*02:01,tcr1830,1
v635_ss_3_n0,GILGFVFTL_HLA-A*02:01,tcr519,0
v636,GILGFVFTL_HLA-A*02:01,tcr1832,1
v636_ss_3_n0,GILGFVFTL_HLA-A*02:01,tcr1511,0
v637,GILGFVFTL_HLA-A*02:01,tcr1833,1
v637_ss_3_n0,GILGFVFTL_HLA-A*02:01,tcr1077,0
v638,GILGFVFTL_HLA-A*02:01,tcr1837,1
v638_ss_3_n0,GILGFVFTL_HLA-A*02:01,tcr526,0
v639,GILGFVFTL_HLA-A*02:01,tcr1838,1
v639_ss_3_n0,GILGFVFTL_HLA-A*02:01,tcr2213,0
v640,GILGFVFTL_HLA-A*02:01,tcr1839,1
v640_ss_3_n0,GILGFVFTL_HLA-A*02:01,tcr169,0
v641,GILGFVFTL_HLA-A*02:01,tcr1840,1
v641_ss_3_n0,GILGFVFTL_HLA-A*02:01,tcr1350,0
v642,GILGFVFTL_HLA-A*02:01,tcr1842,1
v642_ss_3_n0,GILGFVFTL_HLA-A*02:01,tcr1523,0
v643,GILGFVFTL_HLA-A*02:01,tcr1843,1
v643_ss_3_n0,GILGFVFTL_HLA-A*02:01,tcr72,0
v644,GILGFVFTL_HLA-A*02:01,tcr1847,1
v644_ss_3_n0,GILGFVFTL_HLA-A*02:01,tcr1620,0
v645,GILGFVFTL_HLA-A*02:01,tcr1848,1
v645_ss_3_n0,GILGFVFTL_HLA-A*02:01,tcr647,0
v646,GILGFVFTL_HLA-A*02:01,tcr1850,1
v646_ss_3_n0,GILGFVFTL_HLA-A*02:01,tcr637,0
v647,GILGFVFTL_HLA-A*02:01,tcr1852,1
v647_ss_3_n0,GILGFVFTL_HLA-A*02:01,tcr1511,0
v648,GILGFVFTL_HLA-A*02:01,tcr1854,1
v648_ss_3_n0,GILGFVFTL_HLA-A*02:01,tcr1350,0
v649,GILGFVFTL_HLA-A*02:01,tcr1855,1
v649_ss_3_n0,GILGFVFTL_HLA-A*02:01,tcr546,0
v650,GILGFVFTL_HLA-A*02:01,tcr1856,1
v650_ss_3_n0,GILGFVFTL_HLA-A*02:01,tcr1729,0
v651,GILGFVFTL_HLA-A*02:01,tcr1857,1
v651_ss_3_n0,GILGFVFTL_HLA-A*02:01,tcr935,0
v652,GILGFVFTL_HLA-A*02:01,tcr1858,1
v652_ss_3_n0,GILGFVFTL_HLA-A*02:01,tcr581,0
v653,GILGFVFTL_HLA-A*02:01,tcr1859,1
v653_ss_3_n0,GILGFVFTL_HLA-A*02:01,tcr200,0
v654,GILGFVFTL_HLA-A*02:01,tcr186,1
v654_ss_3_n0,GILGFVFTL_HLA-A*02:01,tcr1506,0
v655,GILGFVFTL_HLA-A*02:01,tcr1861,1
v655_ss_3_n0,GILGFVFTL_HLA-A*02:01,tcr36,0
v656,GILGFVFTL_HLA-A*02:01,tcr1863,1
v656_ss_3_n0,GILGFVFTL_HLA-A*02:01,tcr842,0
v657,GILGFVFTL_HLA-A*02:01,tcr1867,1
v657_ss_3_n0,GILGFVFTL_HLA-A*02:01,tcr2200,0
v658,GILGFVFTL_HLA-A*02:01,tcr1868,1
v658_ss_3_n0,GILGFVFTL_HLA-A*02:01,tcr1051,0
v659,GILGFVFTL_HLA-A*02:01,tcr1869,1
v659_ss_3_n0,GILGFVFTL_HLA-A*02:01,tcr1620,0
v660,GILGFVFTL_HLA-A*02:01,tcr1870,1
v660_ss_3_n0,GILGFVFTL_HLA-A*02:01,tcr1131,0
v661,GILGFVFTL_HLA-A*02:01,tcr1875,1
v661_ss_3_n0,GILGFVFTL_HLA-A*02:01,tcr1887,0
v662,GILGFVFTL_HLA-A*02:01,tcr1877,1
v662_ss_3_n0,GILGFVFTL_HLA-A*02:01,tcr1817,0
v663,GILGFVFTL_HLA-A*02:01,tcr1879,1
v663_ss_3_n0,GILGFVFTL_HLA-A*02:01,tcr46,0
v664,GILGFVFTL_HLA-A*02:01,tcr188,1
v664_ss_3_n0,GILGFVFTL_HLA-A*02:01,tcr2234,0
v665,GILGFVFTL_HLA-A*02:01,tcr1881,1
v665_ss_3_n0,GILGFVFTL_HLA-A*02:01,tcr1841,0
v666,GILGFVFTL_HLA-A*02:01,tcr1884,1
v666_ss_3_n0,GILGFVFTL_HLA-A*02:01,tcr616,0
v667,GILGFVFTL_HLA-A*02:01,tcr1885,1
v667_ss_3_n0,GILGFVFTL_HLA-A*02:01,tcr1172,0
v668,GILGFVFTL_HLA-A*02:01,tcr1888,1
v668_ss_3_n0,GILGFVFTL_HLA-A*02:01,tcr1527,0
v669,GILGFVFTL_HLA-A*02:01,tcr1889,1
v669_ss_3_n0,GILGFVFTL_HLA-A*02:01,tcr734,0
v670,GILGFVFTL_HLA-A*02:01,tcr189,1
v670_ss_3_n0,GILGFVFTL_HLA-A*02:01,tcr1092,0
v671,GILGFVFTL_HLA-A*02:01,tcr1894,1
v671_ss_3_n0,GILGFVFTL_HLA-A*02:01,tcr1227,0
v672,GILGFVFTL_HLA-A*02:01,tcr1895,1
v672_ss_3_n0,GILGFVFTL_HLA-A*02:01,tcr1776,0
v673,GILGFVFTL_HLA-A*02:01,tcr1896,1
v673_ss_3_n0,GILGFVFTL_HLA-A*02:01,tcr339,0
v674,GILGFVFTL_HLA-A*02:01,tcr19,1
v674_ss_3_n0,GILGFVFTL_HLA-A*02:01,tcr1178,0
v675,GILGFVFTL_HLA-A*02:01,tcr1900,1
v675_ss_3_n0,GILGFVFTL_HLA-A*02:01,tcr1897,0
v676,GILGFVFTL_HLA-A*02:01,tcr1903,1
v676_ss_3_n0,GILGFVFTL_HLA-A*02:01,tcr582,0
v677,GILGFVFTL_HLA-A*02:01,tcr1905,1
v677_ss_3_n0,GILGFVFTL_HLA-A*02:01,tcr1477,0
v678,GILGFVFTL_HLA-A*02:01,tcr1908,1
v678_ss_3_n0,GILGFVFTL_HLA-A*02:01,tcr404,0
v679,GILGFVFTL_HLA-A*02:01,tcr1909,1
v679_ss_3_n0,GILGFVFTL_HLA-A*02:01,tcr2080,0
v680,GILGFVFTL_HLA-A*02:01,tcr191,1
v680_ss_3_n0,GILGFVFTL_HLA-A*02:01,tcr1781,0
v681,GILGFVFTL_HLA-A*02:01,tcr1910,1
v681_ss_3_n0,GILGFVFTL_HLA-A*02:01,tcr1303,0
v682,GILGFVFTL_HLA-A*02:01,tcr1911,1
v682_ss_3_n0,GILGFVFTL_HLA-A*02:01,tcr64,0
v683,GILGFVFTL_HLA-A*02:01,tcr1912,1
v683_ss_3_n0,GILGFVFTL_HLA-A*02:01,tcr1845,0
v684,GILGFVFTL_HLA-A*02:01,tcr1914,1
v684_ss_3_n0,GILGFVFTL_HLA-A*02:01,tcr1565,0
v685,GILGFVFTL_HLA-A*02:01,tcr1917,1
v685_ss_3_n0,GILGFVFTL_HLA-A*02:01,tcr1757,0
v686,GILGFVFTL_HLA-A*02:01,tcr1918,1
v686_ss_3_n0,GILGFVFTL_HLA-A*02:01,tcr823,0
v687,GILGFVFTL_HLA-A*02:01,tcr1919,1
v687_ss_3_n0,GILGFVFTL_HLA-A*02:01,tcr990,0
v688,GILGFVFTL_HLA-A*02:01,tcr192,1
v688_ss_3_n0,GILGFVFTL_HLA-A*02:01,tcr1694,0
v689,GILGFVFTL_HLA-A*02:01,tcr1920,1
v689_ss_3_n0,GILGFVFTL_HLA-A*02:01,tcr573,0
v690,GILGFVFTL_HLA-A*02:01,tcr1921,1
v690_ss_3_n0,GILGFVFTL_HLA-A*02:01,tcr2140,0
v691,GILGFVFTL_HLA-A*02:01,tcr1922,1
v691_ss_3_n0,GILGFVFTL_HLA-A*02:01,tcr1880,0
v692,GILGFVFTL_HLA-A*02:01,tcr1923,1
v692_ss_3_n0,GILGFVFTL_HLA-A*02:01,tcr1609,0
v693,GILGFVFTL_HLA-A*02:01,tcr1925,1
v693_ss_3_n0,GILGFVFTL_HLA-A*02:01,tcr805,0
v694,GILGFVFTL_HLA-A*02:01,tcr1927,1
v694_ss_3_n0,GILGFVFTL_HLA-A*02:01,tcr505,0
v695,GILGFVFTL_HLA-A*02:01,tcr1928,1
v695_ss_3_n0,GILGFVFTL_HLA-A*02:01,tcr2027,0
v696,GILGFVFTL_HLA-A*02:01,tcr193,1
v696_ss_3_n0,GILGFVFTL_HLA-A*02:01,tcr1164,0
v697,GILGFVFTL_HLA-A*02:01,tcr1930,1
v697_ss_3_n0,GILGFVFTL_HLA-A*02:01,tcr377,0
v698,GILGFVFTL_HLA-A*02:01,tcr1931,1
v698_ss_3_n0,GILGFVFTL_HLA-A*02:01,tcr116,0
v699,GILGFVFTL_HLA-A*02:01,tcr1932,1
v699_ss_3_n0,GILGFVFTL_HLA-A*02:01,tcr494,0
v700,GILGFVFTL_HLA-A*02:01,tcr1934,1
v700_ss_3_n0,GILGFVFTL_HLA-A*02:01,tcr1001,0
v701,GILGFVFTL_HLA-A*02:01,tcr1936,1
v701_ss_3_n0,GILGFVFTL_HLA-A*02:01,tcr796,0
v702,GILGFVFTL_HLA-A*02:01,tcr1937,1
v702_ss_3_n0,GILGFVFTL_HLA-A*02:01,tcr1,0
v703,GILGFVFTL_HLA-A*02:01,tcr1939,1
v703_ss_3_n0,GILGFVFTL_HLA-A*02:01,tcr515,0
v704,GILGFVFTL_HLA-A*02:01,tcr1941,1
v704_ss_3_n0,GILGFVFTL_HLA-A*02:01,tcr245,0
v705,GILGFVFTL_HLA-A*02:01,tcr1942,1
v705_ss_3_n0,GILGFVFTL_HLA-A*02:01,tcr325,0
v706,GILGFVFTL_HLA-A*02:01,tcr1945,1
v706_ss_3_n0,GILGFVFTL_HLA-A*02:01,tcr1139,0
v707,GILGFVFTL_HLA-A*02:01,tcr1947,1
v707_ss_3_n0,GILGFVFTL_HLA-A*02:01,tcr505,0
v708,GILGFVFTL_HLA-A*02:01,tcr1948,1
v708_ss_3_n0,GILGFVFTL_HLA-A*02:01,tcr1565,0
v709,GILGFVFTL_HLA-A*02:01,tcr1949,1
v709_ss_3_n0,GILGFVFTL_HLA-A*02:01,tcr716,0
v710,GILGFVFTL_HLA-A*02:01,tcr195,1
v710_ss_3_n0,GILGFVFTL_HLA-A*02:01,tcr1397,0
v711,GILGFVFTL_HLA-A*02:01,tcr1953,1
v711_ss_3_n0,GILGFVFTL_HLA-A*02:01,tcr1764,0
v712,GILGFVFTL_HLA-A*02:01,tcr1956,1
v712_ss_3_n0,GILGFVFTL_HLA-A*02:01,tcr593,0
v713,GILGFVFTL_HLA-A*02:01,tcr1958,1
v713_ss_3_n0,GILGFVFTL_HLA-A*02:01,tcr1979,0
v714,GILGFVFTL_HLA-A*02:01,tcr1959,1
v714_ss_3_n0,GILGFVFTL_HLA-A*02:01,tcr619,0
v715,GILGFVFTL_HLA-A*02:01,tcr196,1
v715_ss_3_n0,GILGFVFTL_HLA-A*02:01,tcr759,0
v716,GILGFVFTL_HLA-A*02:01,tcr1964,1
v716_ss_3_n0,GILGFVFTL_HLA-A*02:01,tcr886,0
v717,GILGFVFTL_HLA-A*02:01,tcr1966,1
v717_ss_3_n0,GILGFVFTL_HLA-A*02:01,tcr2080,0
v718,GILGFVFTL_HLA-A*02:01,tcr1968,1
v718_ss_3_n0,GILGFVFTL_HLA-A*02:01,tcr1289,0
v719,GILGFVFTL_HLA-A*02:01,tcr197,1
v719_ss_3_n0,GILGFVFTL_HLA-A*02:01,tcr431,0
v720,GILGFVFTL_HLA-A*02:01,tcr1970,1
v720_ss_3_n0,GILGFVFTL_HLA-A*02:01,tcr805,0
v721,GILGFVFTL_HLA-A*02:01,tcr1971,1
v721_ss_3_n0,GILGFVFTL_HLA-A*02:01,tcr560,0
v722,GILGFVFTL_HLA-A*02:01,tcr1973,1
v722_ss_3_n0,GILGFVFTL_HLA-A*02:01,tcr242,0
v723,GILGFVFTL_HLA-A*02:01,tcr1974,1
v723_ss_3_n0,GILGFVFTL_HLA-A*02:01,tcr204,0
v724,GILGFVFTL_HLA-A*02:01,tcr1976,1
v724_ss_3_n0,GILGFVFTL_HLA-A*02:01,tcr267,0
v725,GILGFVFTL_HLA-A*02:01,tcr1977,1
v725_ss_3_n0,GILGFVFTL_HLA-A*02:01,tcr1609,0
v726,GILGFVFTL_HLA-A*02:01,tcr1978,1
v726_ss_3_n0,GILGFVFTL_HLA-A*02:01,tcr783,0
v727,GILGFVFTL_HLA-A*02:01,tcr198,1
v727_ss_3_n0,GILGFVFTL_HLA-A*02:01,tcr458,0
v728,GILGFVFTL_HLA-A*02:01,tcr1980,1
v728_ss_3_n0,GILGFVFTL_HLA-A*02:01,tcr1171,0
v729,GILGFVFTL_HLA-A*02:01,tcr1981,1
v729_ss_3_n0,GILGFVFTL_HLA-A*02:01,tcr379,0
v730,GILGFVFTL_HLA-A*02:01,tcr1982,1
v730_ss_3_n0,GILGFVFTL_HLA-A*02:01,tcr1243,0
v731,GILGFVFTL_HLA-A*02:01,tcr1984,1
v731_ss_3_n0,GILGFVFTL_HLA-A*02:01,tcr893,0
v732,GILGFVFTL_HLA-A*02:01,tcr1985,1
v732_ss_3_n0,GILGFVFTL_HLA-A*02:01,tcr892,0
v733,GILGFVFTL_HLA-A*02:01,tcr1987,1
v733_ss_3_n0,GILGFVFTL_HLA-A*02:01,tcr292,0
v734,GILGFVFTL_HLA-A*02:01,tcr1988,1
v734_ss_3_n0,GILGFVFTL_HLA-A*02:01,tcr1384,0
v735,GILGFVFTL_HLA-A*02:01,tcr1989,1
v735_ss_3_n0,GILGFVFTL_HLA-A*02:01,tcr546,0
v736,GILGFVFTL_HLA-A*02:01,tcr1992,1
v736_ss_3_n0,GILGFVFTL_HLA-A*02:01,tcr1377,0
v737,GILGFVFTL_HLA-A*02:01,tcr1993,1
v737_ss_3_n0,GILGFVFTL_HLA-A*02:01,tcr1938,0
v738,GILGFVFTL_HLA-A*02:01,tcr1994,1
v738_ss_3_n0,GILGFVFTL_HLA-A*02:01,tcr1410,0
v739,GILGFVFTL_HLA-A*02:01,tcr1996,1
v739_ss_3_n0,GILGFVFTL_HLA-A*02:01,tcr78,0
v740,GILGFVFTL_HLA-A*02:01,tcr1998,1
v740_ss_3_n0,GILGFVFTL_HLA-A*02:01,tcr1654,0
v741,GILGFVFTL_HLA-A*02:01,tcr1999,1
v741_ss_3_n0,GILGFVFTL_HLA-A*02:01,tcr2183,0
v742,GILGFVFTL_HLA-A*02:01,tcr2,1
v742_ss_3_n0,GILGFVFTL_HLA-A*02:01,tcr2051,0
v743,GILGFVFTL_HLA-A*02:01,tcr2002,1
v743_ss_3_n0,GILGFVFTL_HLA-A*02:01,tcr1954,0
v744,GILGFVFTL_HLA-A*02:01,tcr2004,1
v744_ss_3_n0,GILGFVFTL_HLA-A*02:01,tcr290,0
v745,GILGFVFTL_HLA-A*02:01,tcr2006,1
v745_ss_3_n0,GILGFVFTL_HLA-A*02:01,tcr550,0
v746,GILGFVFTL_HLA-A*02:01,tcr2007,1
v746_ss_3_n0,GILGFVFTL_HLA-A*02:01,tcr325,0
v747,GILGFVFTL_HLA-A*02:01,tcr2013,1
v747_ss_3_n0,GILGFVFTL_HLA-A*02:01,tcr1400,0
v748,GILGFVFTL_HLA-A*02:01,tcr2014,1
v748_ss_3_n0,GILGFVFTL_HLA-A*02:01,tcr1177,0
v749,GILGFVFTL_HLA-A*02:01,tcr2017,1
v749_ss_3_n0,GILGFVFTL_HLA-A*02:01,tcr280,0
v750,GILGFVFTL_HLA-A*02:01,tcr2018,1
v750_ss_3_n0,GILGFVFTL_HLA-A*02:01,tcr258,0
v751,GILGFVFTL_HLA-A*02:01,tcr202,1
v751_ss_3_n0,GILGFVFTL_HLA-A*02:01,tcr682,0
v752,GILGFVFTL_HLA-A*02:01,tcr2021,1
v752_ss_3_n0,GILGFVFTL_HLA-A*02:01,tcr873,0
v753,GILGFVFTL_HLA-A*02:01,tcr2023,1
v753_ss_3_n0,GILGFVFTL_HLA-A*02:01,tcr2010,0
v754,GILGFVFTL_HLA-A*02:01,tcr2028,1
v754_ss_3_n0,GILGFVFTL_HLA-A*02:01,tcr1304,0
v755,GILGFVFTL_HLA-A*02:01,tcr2030,1
v755_ss_3_n0,GILGFVFTL_HLA-A*02:01,tcr1258,0
v756,GILGFVFTL_HLA-A*02:01,tcr2032,1
v756_ss_3_n0,GILGFVFTL_HLA-A*02:01,tcr717,0
v757,GILGFVFTL_HLA-A*02:01,tcr2036,1
v757_ss_3_n0,GILGFVFTL_HLA-A*02:01,tcr1503,0
v758,GILGFVFTL_HLA-A*02:01,tcr2037,1
v758_ss_3_n0,GILGFVFTL_HLA-A*02:01,tcr1024,0
v759,GILGFVFTL_HLA-A*02:01,tcr2038,1
v759_ss_3_n0,GILGFVFTL_HLA-A*02:01,tcr1385,0
v760,GILGFVFTL_HLA-A*02:01,tcr2040,1
v760_ss_3_n0,GILGFVFTL_HLA-A*02:01,tcr1166,0
v761,GILGFVFTL_HLA-A*02:01,tcr2041,1
v761_ss_3_n0,GILGFVFTL_HLA-A*02:01,tcr790,0
v762,GILGFVFTL_HLA-A*02:01,tcr2042,1
v762_ss_3_n0,GILGFVFTL_HLA-A*02:01,tcr1533,0
v763,GILGFVFTL_HLA-A*02:01,tcr2044,1
v763_ss_3_n0,GILGFVFTL_HLA-A*02:01,tcr2232,0
v764,GILGFVFTL_HLA-A*02:01,tcr2045,1
v764_ss_3_n0,GILGFVFTL_HLA-A*02:01,tcr1409,0
v765,GILGFVFTL_HLA-A*02:01,tcr2047,1
v765_ss_3_n0,GILGFVFTL_HLA-A*02:01,tcr990,0
v766,GILGFVFTL_HLA-A*02:01,tcr2049,1
v766_ss_3_n0,GILGFVFTL_HLA-A*02:01,tcr823,0
v767,GILGFVFTL_HLA-A*02:01,tcr2052,1
v767_ss_3_n0,GILGFVFTL_HLA-A*02:01,tcr1470,0
v768,GILGFVFTL_HLA-A*02:01,tcr2056,1
v768_ss_3_n0,GILGFVFTL_HLA-A*02:01,tcr1090,0
v769,GILGFVFTL_HLA-A*02:01,tcr2057,1
v769_ss_3_n0,GILGFVFTL_HLA-A*02:01,tcr573,0
v770,GILGFVFTL_HLA-A*02:01,tcr2059,1
v770_ss_3_n0,GILGFVFTL_HLA-A*02:01,tcr1933,0
v771,GILGFVFTL_HLA-A*02:01,tcr206,1
v771_ss_3_n0,GILGFVFTL_HLA-A*02:01,tcr183,0
v772,GILGFVFTL_HLA-A*02:01,tcr207,1
v772_ss_3_n0,GILGFVFTL_HLA-A*02:01,tcr93,0
v773,GILGFVFTL_HLA-A*02:01,tcr2072,1
v773_ss_3_n0,GILGFVFTL_HLA-A*02:01,tcr1094,0
v774,GILGFVFTL_HLA-A*02:01,tcr2082,1
v774_ss_3_n0,GILGFVFTL_HLA-A*02:01,tcr331,0
v775,GILGFVFTL_HLA-A*02:01,tcr2084,1
v775_ss_3_n0,GILGFVFTL_HLA-A*02:01,tcr842,0
v776,GILGFVFTL_HLA-A*02:01,tcr2085,1
v776_ss_3_n0,GILGFVFTL_HLA-A*02:01,tcr888,0
v777,GILGFVFTL_HLA-A*02:01,tcr2086,1
v777_ss_3_n0,GILGFVFTL_HLA-A*02:01,tcr1128,0
v778,GILGFVFTL_HLA-A*02:01,tcr2088,1
v778_ss_3_n0,GILGFVFTL_HLA-A*02:01,tcr1841,0
v779,GILGFVFTL_HLA-A*02:01,tcr2089,1
v779_ss_3_n0,GILGFVFTL_HLA-A*02:01,tcr1422,0
v780,GILGFVFTL_HLA-A*02:01,tcr2090,1
v780_ss_3_n0,GILGFVFTL_HLA-A*02:01,tcr1170,0
v781,GILGFVFTL_HLA-A*02:01,tcr2091,1
v781_ss_3_n0,GILGFVFTL_HLA-A*02:01,tcr1658,0
v782,GILGFVFTL_HLA-A*02:01,tcr2092,1
v782_ss_3_n0,GILGFVFTL_HLA-A*02:01,tcr1074,0
v783,GILGFVFTL_HLA-A*02:01,tcr2095,1
v783_ss_3_n0,GILGFVFTL_HLA-A*02:01,tcr456,0
v784,GILGFVFTL_HLA-A*02:01,tcr2096,1
v784_ss_3_n0,GILGFVFTL_HLA-A*02:01,tcr2211,0
v785,GILGFVFTL_HLA-A*02:01,tcr2098,1
v785_ss_3_n0,GILGFVFTL_HLA-A*02:01,tcr1333,0
v786,GILGFVFTL_HLA-A*02:01,tcr2101,1
v786_ss_3_n0,GILGFVFTL_HLA-A*02:01,tcr1548,0
v787,GILGFVFTL_HLA-A*02:01,tcr2102,1
v787_ss_3_n0,GILGFVFTL_HLA-A*02:01,tcr83,0
v788,GILGFVFTL_HLA-A*02:01,tcr2105,1
v788_ss_3_n0,GILGFVFTL_HLA-A*02:01,tcr1789,0
v789,GILGFVFTL_HLA-A*02:01,tcr2109,1
v789_ss_3_n0,GILGFVFTL_HLA-A*02:01,tcr1229,0
v790,GILGFVFTL_HLA-A*02:01,tcr2110,1
v790_ss_3_n0,GILGFVFTL_HLA-A*02:01,tcr1308,0
v791,GILGFVFTL_HLA-A*02:01,tcr2111,1
v791_ss_3_n0,GILGFVFTL_HLA-A*02:01,tcr699,0
v792,GILGFVFTL_HLA-A*02:01,tcr2112,1
v792_ss_3_n0,GILGFVFTL_HLA-A*02:01,tcr1887,0
v793,GILGFVFTL_HLA-A*02:01,tcr2113,1
v793_ss_3_n0,GILGFVFTL_HLA-A*02:01,tcr715,0
v794,GILGFVFTL_HLA-A*02:01,tcr2115,1
v794_ss_3_n0,GILGFVFTL_HLA-A*02:01,tcr388,0
v795,GILGFVFTL_HLA-A*02:01,tcr2116,1
v795_ss_3_n0,GILGFVFTL_HLA-A*02:01,tcr500,0
v796,GILGFVFTL_HLA-A*02:01,tcr2117,1
v796_ss_3_n0,GILGFVFTL_HLA-A*02:01,tcr1541,0
v797,GILGFVFTL_HLA-A*02:01,tcr2118,1
v797_ss_3_n0,GILGFVFTL_HLA-A*02:01,tcr1176,0
v798,GILGFVFTL_HLA-A*02:01,tcr212,1
v798_ss_3_n0,GILGFVFTL_HLA-A*02:01,tcr277,0
v799,GILGFVFTL_HLA-A*02:01,tcr2121,1
v799_ss_3_n0,GILGFVFTL_HLA-A*02:01,tcr877,0
v800,GILGFVFTL_HLA-A*02:01,tcr2123,1
v800_ss_3_n0,GILGFVFTL_HLA-A*02:01,tcr1353,0
v801,GILGFVFTL_HLA-A*02:01,tcr2125,1
v801_ss_3_n0,GILGFVFTL_HLA-A*02:01,tcr645,0
v802,GILGFVFTL_HLA-A*02:01,tcr2127,1
v802_ss_3_n0,GILGFVFTL_HLA-A*02:01,tcr823,0
v803,GILGFVFTL_HLA-A*02:01,tcr2128,1
v803_ss_3_n0,GILGFVFTL_HLA-A*02:01,tcr333,0
v804,GILGFVFTL_HLA-A*02:01,tcr213,1
v804_ss_3_n0,GILGFVFTL_HLA-A*02:01,tcr1803,0
v805,GILGFVFTL_HLA-A*02:01,tcr2130,1
v805_ss_3_n0,GILGFVFTL_HLA-A*02:01,tcr1735,0
v806,GILGFVFTL_HLA-A*02:01,tcr2132,1
v806_ss_3_n0,GILGFVFTL_HLA-A*02:01,tcr1096,0
v807,GILGFVFTL_HLA-A*02:01,tcr2133,1
v807_ss_3_n0,GILGFVFTL_HLA-A*02:01,tcr1470,0
v808,GILGFVFTL_HLA-A*02:01,tcr2134,1
v808_ss_3_n0,GILGFVFTL_HLA-A*02:01,tcr1016,0
v809,GILGFVFTL_HLA-A*02:01,tcr2135,1
v809_ss_3_n0,GILGFVFTL_HLA-A*02:01,tcr947,0
v810,GILGFVFTL_HLA-A*02:01,tcr2138,1
v810_ss_3_n0,GILGFVFTL_HLA-A*02:01,tcr168,0
v811,GILGFVFTL_HLA-A*02:01,tcr2139,1
v811_ss_3_n0,GILGFVFTL_HLA-A*02:01,tcr966,0
v812,GILGFVFTL_HLA-A*02:01,tcr2141,1
v812_ss_3_n0,GILGFVFTL_HLA-A*02:01,tcr1241,0
v813,GILGFVFTL_HLA-A*02:01,tcr2142,1
v813_ss_3_n0,GILGFVFTL_HLA-A*02:01,tcr2136,0
v814,GILGFVFTL_HLA-A*02:01,tcr2144,1
v814_ss_3_n0,GILGFVFTL_HLA-A*02:01,tcr1913,0
v815,GILGFVFTL_HLA-A*02:01,tcr2147,1
v815_ss_3_n0,GILGFVFTL_HLA-A*02:01,tcr1915,0
v816,GILGFVFTL_HLA-A*02:01,tcr2149,1
v816_ss_3_n0,GILGFVFTL_HLA-A*02:01,tcr965,0
v817,GILGFVFTL_HLA-A*02:01,tcr215,1
v817_ss_3_n0,GILGFVFTL_HLA-A*02:01,tcr2234,0
v818,GILGFVFTL_HLA-A*02:01,tcr2150,1
v818_ss_3_n0,GILGFVFTL_HLA-A*02:01,tcr267,0
v819,GILGFVFTL_HLA-A*02:01,tcr2151,1
v819_ss_3_n0,GILGFVFTL_HLA-A*02:01,tcr768,0
v820,GILGFVFTL_HLA-A*02:01,tcr2152,1
v820_ss_3_n0,GILGFVFTL_HLA-A*02:01,tcr221,0
v821,GILGFVFTL_HLA-A*02:01,tcr2153,1
v821_ss_3_n0,GILGFVFTL_HLA-A*02:01,tcr1511,0
v822,GILGFVFTL_HLA-A*02:01,tcr2154,1
v822_ss_3_n0,GILGFVFTL_HLA-A*02:01,tcr2183,0
v823,GILGFVFTL_HLA-A*02:01,tcr2159,1
v823_ss_3_n0,GILGFVFTL_HLA-A*02:01,tcr2168,0
v824,GILGFVFTL_HLA-A*02:01,tcr216,1
v824_ss_3_n0,GILGFVFTL_HLA-A*02:01,tcr1334,0
v825,GILGFVFTL_HLA-A*02:01,tcr2162,1
v825_ss_3_n0,GILGFVFTL_HLA-A*02:01,tcr2000,0
v826,GILGFVFTL_HLA-A*02:01,tcr2164,1
v826_ss_3_n0,GILGFVFTL_HLA-A*02:01,tcr2033,0
v827,GILGFVFTL_HLA-A*02:01,tcr2165,1
v827_ss_3_n0,GILGFVFTL_HLA-A*02:01,tcr642,0
v828,GILGFVFTL_HLA-A*02:01,tcr217,1
v828_ss_3_n0,GILGFVFTL_HLA-A*02:01,tcr46,0
v829,GILGFVFTL_HLA-A*02:01,tcr2172,1
v829_ss_3_n0,GILGFVFTL_HLA-A*02:01,tcr1960,0
v830,GILGFVFTL_HLA-A*02:01,tcr2174,1
v830_ss_3_n0,GILGFVFTL_HLA-A*02:01,tcr2131,0
v831,GILGFVFTL_HLA-A*02:01,tcr2175,1
v831_ss_3_n0,GILGFVFTL_HLA-A*02:01,tcr1777,0
v832,GILGFVFTL_HLA-A*02:01,tcr2177,1
v832_ss_3_n0,GILGFVFTL_HLA-A*02:01,tcr222,0
v833,GILGFVFTL_HLA-A*02:01,tcr218,1
v833_ss_3_n0,GILGFVFTL_HLA-A*02:01,tcr2094,0
v834,GILGFVFTL_HLA-A*02:01,tcr2181,1
v834_ss_3_n0,GILGFVFTL_HLA-A*02:01,tcr1880,0
v835,GILGFVFTL_HLA-A*02:01,tcr2184,1
v835_ss_3_n0,GILGFVFTL_HLA-A*02:01,tcr1536,0
v836,GILGFVFTL_HLA-A*02:01,tcr2185,1
v836_ss_3_n0,GILGFVFTL_HLA-A*02:01,tcr665,0
v837,GILGFVFTL_HLA-A*02:01,tcr2188,1
v837_ss_3_n0,GILGFVFTL_HLA-A*02:01,tcr1014,0
v838,GILGFVFTL_HLA-A*02:01,tcr2189,1
v838_ss_3_n0,GILGFVFTL_HLA-A*02:01,tcr1401,0
v839,GILGFVFTL_HLA-A*02:01,tcr2190,1
v839_ss_3_n0,GILGFVFTL_HLA-A*02:01,tcr168,0
v840,GILGFVFTL_HLA-A*02:01,tcr2191,1
v840_ss_3_n0,GILGFVFTL_HLA-A*02:01,tcr7,0
v841,GILGFVFTL_HLA-A*02:01,tcr2192,1
v841_ss_3_n0,GILGFVFTL_HLA-A*02:01,tcr801,0
v842,GILGFVFTL_HLA-A*02:01,tcr2193,1
v842_ss_3_n0,GILGFVFTL_HLA-A*02:01,tcr1790,0
v843,GILGFVFTL_HLA-A*02:01,tcr2194,1
v843_ss_3_n0,GILGFVFTL_HLA-A*02:01,tcr93,0
v844,GILGFVFTL_HLA-A*02:01,tcr2196,1
v844_ss_3_n0,GILGFVFTL_HLA-A*02:01,tcr1229,0
v845,GILGFVFTL_HLA-A*02:01,tcr2198,1
v845_ss_3_n0,GILGFVFTL_HLA-A*02:01,tcr955,0
v846,GILGFVFTL_HLA-A*02:01,tcr22,1
v846_ss_3_n0,GILGFVFTL_HLA-A*02:01,tcr46,0
v847,GILGFVFTL_HLA-A*02:01,tcr220,1
v847_ss_3_n0,GILGFVFTL_HLA-A*02:01,tcr171,0
v848,GILGFVFTL_HLA-A*02:01,tcr2201,1
v848_ss_3_n0,GILGFVFTL_HLA-A*02:01,tcr2080,0
v849,GILGFVFTL_HLA-A*02:01,tcr2202,1
v849_ss_3_n0,GILGFVFTL_HLA-A*02:01,tcr387,0
v850,GILGFVFTL_HLA-A*02:01,tcr2203,1
v850_ss_3_n0,GILGFVFTL_HLA-A*02:01,tcr1401,0
v851,GILGFVFTL_HLA-A*02:01,tcr2204,1
v851_ss_3_n0,GILGFVFTL_HLA-A*02:01,tcr2033,0
v852,GILGFVFTL_HLA-A*02:01,tcr2205,1
v852_ss_3_n0,GILGFVFTL_HLA-A*02:01,tcr1670,0
v853,GILGFVFTL_HLA-A*02:01,tcr2206,1
v853_ss_3_n0,GILGFVFTL_HLA-A*02:01,tcr568,0
v854,GILGFVFTL_HLA-A*02:01,tcr2207,1
v854_ss_3_n0,GILGFVFTL_HLA-A*02:01,tcr2077,0
v855,GILGFVFTL_HLA-A*02:01,tcr2208,1
v855_ss_3_n0,GILGFVFTL_HLA-A*02:01,tcr461,0
v856,GILGFVFTL_HLA-A*02:01,tcr2209,1
v856_ss_3_n0,GILGFVFTL_HLA-A*02:01,tcr730,0
v857,GILGFVFTL_HLA-A*02:01,tcr2210,1
v857_ss_3_n0,GILGFVFTL_HLA-A*02:01,tcr1564,0
v858,GILGFVFTL_HLA-A*02:01,tcr2212,1
v858_ss_3_n0,GILGFVFTL_HLA-A*02:01,tcr1073,0
v859,GILGFVFTL_HLA-A*02:01,tcr2215,1
v859_ss_3_n0,GILGFVFTL_HLA-A*02:01,tcr1386,0
v860,GILGFVFTL_HLA-A*02:01,tcr2216,1
v860_ss_3_n0,GILGFVFTL_HLA-A*02:01,tcr431,0
v861,GILGFVFTL_HLA-A*02:01,tcr2217,1
v861_ss_3_n0,GILGFVFTL_HLA-A*02:01,tcr1470,0
v862,GILGFVFTL_HLA-A*02:01,tcr2218,1
v862_ss_3_n0,GILGFVFTL_HLA-A*02:01,tcr1293,0
v863,GILGFVFTL_HLA-A*02:01,tcr2220,1
v863_ss_3_n0,GILGFVFTL_HLA-A*02:01,tcr1261,0
v864,GILGFVFTL_HLA-A*02:01,tcr2221,1
v864_ss_3_n0,GILGFVFTL_HLA-A*02:01,tcr1711,0
v865,GILGFVFTL_HLA-A*02:01,tcr2222,1
v865_ss_3_n0,GILGFVFTL_HLA-A*02:01,tcr1780,0
v866,GILGFVFTL_HLA-A*02:01,tcr2224,1
v866_ss_3_n0,GILGFVFTL_HLA-A*02:01,tcr1961,0
v867,GILGFVFTL_HLA-A*02:01,tcr2226,1
v867_ss_3_n0,GILGFVFTL_HLA-A*02:01,tcr1781,0
v868,GILGFVFTL_HLA-A*02:01,tcr2229,1
v868_ss_3_n0,GILGFVFTL_HLA-A*02:01,tcr258,0
v869,GILGFVFTL_HLA-A*02:01,tcr223,1
v869_ss_3_n0,GILGFVFTL_HLA-A*02:01,tcr823,0
v870,GILGFVFTL_HLA-A*02:01,tcr2230,1
v870_ss_3_n0,GILGFVFTL_HLA-A*02:01,tcr980,0
v871,GILGFVFTL_HLA-A*02:01,tcr2231,1
v871_ss_3_n0,GILGFVFTL_HLA-A*02:01,tcr334,0
v872,GILGFVFTL_HLA-A*02:01,tcr2233,1
v872_ss_3_n0,GILGFVFTL_HLA-A*02:01,tcr550,0
v873,GILGFVFTL_HLA-A*02:01,tcr2238,1
v873_ss_3_n0,GILGFVFTL_HLA-A*02:01,tcr491,0
v874,GILGFVFTL_HLA-A*02:01,tcr224,1
v874_ss_3_n0,GILGFVFTL_HLA-A*02:01,tcr1790,0
v875,GILGFVFTL_HLA-A*02:01,tcr229,1
v875_ss_3_n0,GILGFVFTL_HLA-A*02:01,tcr642,0
v876,GILGFVFTL_HLA-A*02:01,tcr230,1
v876_ss_3_n0,GILGFVFTL_HLA-A*02:01,tcr1051,0
v877,GILGFVFTL_HLA-A*02:01,tcr232,1
v877_ss_3_n0,GILGFVFTL_HLA-A*02:01,tcr1719,0
v878,GILGFVFTL_HLA-A*02:01,tcr235,1
v878_ss_3_n0,GILGFVFTL_HLA-A*02:01,tcr470,0
v879,GILGFVFTL_HLA-A*02:01,tcr236,1
v879_ss_3_n0,GILGFVFTL_HLA-A*02:01,tcr1783,0
v880,GILGFVFTL_HLA-A*02:01,tcr238,1
v880_ss_3_n0,GILGFVFTL_HLA-A*02:01,tcr440,0
v881,GILGFVFTL_HLA-A*02:01,tcr239,1
v881_ss_3_n0,GILGFVFTL_HLA-A*02:01,tcr159,0
v882,GILGFVFTL_HLA-A*02:01,tcr240,1
v882_ss_3_n0,GILGFVFTL_HLA-A*02:01,tcr1178,0
v883,GILGFVFTL_HLA-A*02:01,tcr243,1
v883_ss_3_n0,GILGFVFTL_HLA-A*02:01,tcr637,0
v884,GILGFVFTL_HLA-A*02:01,tcr246,1
v884_ss_3_n0,GILGFVFTL_HLA-A*02:01,tcr2065,0
v885,GILGFVFTL_HLA-A*02:01,tcr248,1
v885_ss_3_n0,GILGFVFTL_HLA-A*02:01,tcr1150,0
v886,GILGFVFTL_HLA-A*02:01,tcr249,1
v886_ss_3_n0,GILGFVFTL_HLA-A*02:01,tcr1841,0
v887,GILGFVFTL_HLA-A*02:01,tcr25,1
v887_ss_3_n0,GILGFVFTL_HLA-A*02:01,tcr164,0
v888,GILGFVFTL_HLA-A*02:01,tcr251,1
v888_ss_3_n0,GILGFVFTL_HLA-A*02:01,tcr1841,0
v889,GILGFVFTL_HLA-A*02:01,tcr252,1
v889_ss_3_n0,GILGFVFTL_HLA-A*02:01,tcr1541,0
v890,GILGFVFTL_HLA-A*02:01,tcr254,1
v890_ss_3_n0,GILGFVFTL_HLA-A*02:01,tcr141,0
v891,GILGFVFTL_HLA-A*02:01,tcr256,1
v891_ss_3_n0,GILGFVFTL_HLA-A*02:01,tcr2060,0
v892,GILGFVFTL_HLA-A*02:01,tcr257,1
v892_ss_3_n0,GILGFVFTL_HLA-A*02:01,tcr974,0
v893,GILGFVFTL_HLA-A*02:01,tcr259,1
v893_ss_3_n0,GILGFVFTL_HLA-A*02:01,tcr431,0
v894,GILGFVFTL_HLA-A*02:01,tcr26,1
v894_ss_3_n0,GILGFVFTL_HLA-A*02:01,tcr1186,0
v895,GILGFVFTL_HLA-A*02:01,tcr263,1
v895_ss_3_n0,GILGFVFTL_HLA-A*02:01,tcr1190,0
v896,GILGFVFTL_HLA-A*02:01,tcr265,1
v896_ss_3_n0,GILGFVFTL_HLA-A*02:01,tcr1393,0
v897,GILGFVFTL_HLA-A*02:01,tcr27,1
v897_ss_3_n0,GILGFVFTL_HLA-A*02:01,tcr1139,0
v898,GILGFVFTL_HLA-A*02:01,tcr270,1
v898_ss_3_n0,GILGFVFTL_HLA-A*02:01,tcr1121,0
v899,GILGFVFTL_HLA-A*02:01,tcr272,1
v899_ss_3_n0,GILGFVFTL_HLA-A*02:01,tcr1441,0
v900,GILGFVFTL_HLA-A*02:01,tcr273,1
v900_ss_3_n0,GILGFVFTL_HLA-A*02:01,tcr672,0
v901,GILGFVFTL_HLA-A*02:01,tcr275,1
v901_ss_3_n0,GILGFVFTL_HLA-A*02:01,tcr416,0
v902,GILGFVFTL_HLA-A*02:01,tcr276,1
v902_ss_3_n0,GILGFVFTL_HLA-A*02:01,tcr1548,0
v903,GILGFVFTL_HLA-A*02:01,tcr278,1
v903_ss_3_n0,GILGFVFTL_HLA-A*02:01,tcr2051,0
v904,GILGFVFTL_HLA-A*02:01,tcr282,1
v904_ss_3_n0,GILGFVFTL_HLA-A*02:01,tcr507,0
v905,GILGFVFTL_HLA-A*02:01,tcr283,1
v905_ss_3_n0,GILGFVFTL_HLA-A*02:01,tcr1846,0
v906,GILGFVFTL_HLA-A*02:01,tcr286,1
v906_ss_3_n0,GILGFVFTL_HLA-A*02:01,tcr573,0
v907,GILGFVFTL_HLA-A*02:01,tcr288,1
v907_ss_3_n0,GILGFVFTL_HLA-A*02:01,tcr684,0
v908,GILGFVFTL_HLA-A*02:01,tcr293,1
v908_ss_3_n0,GILGFVFTL_HLA-A*02:01,tcr85,0
v909,GILGFVFTL_HLA-A*02:01,tcr294,1
v909_ss_3_n0,GILGFVFTL_HLA-A*02:01,tcr264,0
v910,GILGFVFTL_HLA-A*02:01,tcr295,1
v910_ss_3_n0,GILGFVFTL_HLA-A*02:01,tcr1144,0
v911,GILGFVFTL_HLA-A*02:01,tcr296,1
v911_ss_3_n0,GILGFVFTL_HLA-A*02:01,tcr515,0
v912,GILGFVFTL_HLA-A*02:01,tcr297,1
v912_ss_3_n0,GILGFVFTL_HLA-A*02:01,tcr1631,0
v913,GILGFVFTL_HLA-A*02:01,tcr298,1
v913_ss_3_n0,GILGFVFTL_HLA-A*02:01,tcr1146,0
v914,GILGFVFTL_HLA-A*02:01,tcr30,1
v914_ss_3_n0,GILGFVFTL_HLA-A*02:01,tcr1753,0
v915,GILGFVFTL_HLA-A*02:01,tcr300,1
v915_ss_3_n0,GILGFVFTL_HLA-A*02:01,tcr1131,0
v916,GILGFVFTL_HLA-A*02:01,tcr301,1
v916_ss_3_n0,GILGFVFTL_HLA-A*02:01,tcr1019,0
v917,GILGFVFTL_HLA-A*02:01,tcr304,1
v917_ss_3_n0,GILGFVFTL_HLA-A*02:01,tcr1886,0
v918,GILGFVFTL_HLA-A*02:01,tcr308,1
v918_ss_3_n0,GILGFVFTL_HLA-A*02:01,tcr1886,0
v919,GILGFVFTL_HLA-A*02:01,tcr309,1
v919_ss_3_n0,GILGFVFTL_HLA-A*02:01,tcr1369,0
v920,GILGFVFTL_HLA-A*02:01,tcr31,1
v920_ss_3_n0,GILGFVFTL_HLA-A*02:01,tcr500,0
v921,GILGFVFTL_HLA-A*02:01,tcr310,1
v921_ss_3_n0,GILGFVFTL_HLA-A*02:01,tcr533,0
v922,GILGFVFTL_HLA-A*02:01,tcr311,1
v922_ss_3_n0,GILGFVFTL_HLA-A*02:01,tcr2161,0
v923,GILGFVFTL_HLA-A*02:01,tcr312,1
v923_ss_3_n0,GILGFVFTL_HLA-A*02:01,tcr1319,0
v924,GILGFVFTL_HLA-A*02:01,tcr314,1
v924_ss_3_n0,GILGFVFTL_HLA-A*02:01,tcr1055,0
v925,GILGFVFTL_HLA-A*02:01,tcr315,1
v925_ss_3_n0,GILGFVFTL_HLA-A*02:01,tcr666,0
v926,GILGFVFTL_HLA-A*02:01,tcr317,1
v926_ss_3_n0,GILGFVFTL_HLA-A*02:01,tcr1890,0
v927,GILGFVFTL_HLA-A*02:01,tcr319,1
v927_ss_3_n0,GILGFVFTL_HLA-A*02:01,tcr519,0
v928,GILGFVFTL_HLA-A*02:01,tcr32,1
v928_ss_3_n0,GILGFVFTL_HLA-A*02:01,tcr147,0
v929,GILGFVFTL_HLA-A*02:01,tcr320,1
v929_ss_3_n0,GILGFVFTL_HLA-A*02:01,tcr404,0
v930,GILGFVFTL_HLA-A*02:01,tcr321,1
v930_ss_3_n0,GILGFVFTL_HLA-A*02:01,tcr503,0
v931,GILGFVFTL_HLA-A*02:01,tcr322,1
v931_ss_3_n0,GILGFVFTL_HLA-A*02:01,tcr139,0
v932,GILGFVFTL_HLA-A*02:01,tcr323,1
v932_ss_3_n0,GILGFVFTL_HLA-A*02:01,tcr2070,0
v933,GILGFVFTL_HLA-A*02:01,tcr324,1
v933_ss_3_n0,GILGFVFTL_HLA-A*02:01,tcr2173,0
v934,GILGFVFTL_HLA-A*02:01,tcr327,1
v934_ss_3_n0,GILGFVFTL_HLA-A*02:01,tcr1614,0
v935,GILGFVFTL_HLA-A*02:01,tcr328,1
v935_ss_3_n0,GILGFVFTL_HLA-A*02:01,tcr839,0
v936,GILGFVFTL_HLA-A*02:01,tcr329,1
v936_ss_3_n0,GILGFVFTL_HLA-A*02:01,tcr362,0
v937,GILGFVFTL_HLA-A*02:01,tcr33,1
v937_ss_3_n0,GILGFVFTL_HLA-A*02:01,tcr1456,0
v938,GILGFVFTL_HLA-A*02:01,tcr332,1
v938_ss_3_n0,GILGFVFTL_HLA-A*02:01,tcr1777,0
v939,GILGFVFTL_HLA-A*02:01,tcr338,1
v939_ss_3_n0,GILGFVFTL_HLA-A*02:01,tcr614,0
v940,GILGFVFTL_HLA-A*02:01,tcr340,1
v940_ss_3_n0,GILGFVFTL_HLA-A*02:01,tcr620,0
v941,GILGFVFTL_HLA-A*02:01,tcr341,1
v941_ss_3_n0,GILGFVFTL_HLA-A*02:01,tcr1394,0
v942,GILGFVFTL_HLA-A*02:01,tcr342,1
v942_ss_3_n0,GILGFVFTL_HLA-A*02:01,tcr389,0
v943,GILGFVFTL_HLA-A*02:01,tcr343,1
v943_ss_3_n0,GILGFVFTL_HLA-A*02:01,tcr250,0
v944,GILGFVFTL_HLA-A*02:01,tcr344,1
v944_ss_3_n0,GILGFVFTL_HLA-A*02:01,tcr1054,0
v945,GILGFVFTL_HLA-A*02:01,tcr346,1
v945_ss_3_n0,GILGFVFTL_HLA-A*02:01,tcr1489,0
v946,GILGFVFTL_HLA-A*02:01,tcr347,1
v946_ss_3_n0,GILGFVFTL_HLA-A*02:01,tcr1259,0
v947,GILGFVFTL_HLA-A*02:01,tcr349,1
v947_ss_3_n0,GILGFVFTL_HLA-A*02:01,tcr828,0
v948,GILGFVFTL_HLA-A*02:01,tcr35,1
v948_ss_3_n0,GILGFVFTL_HLA-A*02:01,tcr1897,0
v949,GILGFVFTL_HLA-A*02:01,tcr350,1
v949_ss_3_n0,GILGFVFTL_HLA-A*02:01,tcr1014,0
v950,GILGFVFTL_HLA-A*02:01,tcr352,1
v950_ss_3_n0,GILGFVFTL_HLA-A*02:01,tcr506,0
v951,GILGFVFTL_HLA-A*02:01,tcr353,1
v951_ss_3_n0,GILGFVFTL_HLA-A*02:01,tcr93,0
v952,GILGFVFTL_HLA-A*02:01,tcr356,1
v952_ss_3_n0,GILGFVFTL_HLA-A*02:01,tcr581,0
v953,GILGFVFTL_HLA-A*02:01,tcr359,1
v953_ss_3_n0,GILGFVFTL_HLA-A*02:01,tcr1043,0
v954,GILGFVFTL_HLA-A*02:01,tcr363,1
v954_ss_3_n0,GILGFVFTL_HLA-A*02:01,tcr841,0
v955,GILGFVFTL_HLA-A*02:01,tcr364,1
v955_ss_3_n0,GILGFVFTL_HLA-A*02:01,tcr1527,0
v956,GILGFVFTL_HLA-A*02:01,tcr365,1
v956_ss_3_n0,GILGFVFTL_HLA-A*02:01,tcr72,0
v957,GILGFVFTL_HLA-A*02:01,tcr367,1
v957_ss_3_n0,GILGFVFTL_HLA-A*02:01,tcr500,0
v958,GILGFVFTL_HLA-A*02:01,tcr368,1
v958_ss_3_n0,GILGFVFTL_HLA-A*02:01,tcr242,0
v959,GILGFVFTL_HLA-A*02:01,tcr369,1
v959_ss_3_n0,GILGFVFTL_HLA-A*02:01,tcr1289,0
v960,GILGFVFTL_HLA-A*02:01,tcr370,1
v960_ss_3_n0,GILGFVFTL_HLA-A*02:01,tcr142,0
v961,GILGFVFTL_HLA-A*02:01,tcr371,1
v961_ss_3_n0,GILGFVFTL_HLA-A*02:01,tcr1092,0
v962,GILGFVFTL_HLA-A*02:01,tcr372,1
v962_ss_3_n0,GILGFVFTL_HLA-A*02:01,tcr1670,0
v963,GILGFVFTL_HLA-A*02:01,tcr376,1
v963_ss_3_n0,GILGFVFTL_HLA-A*02:01,tcr2200,0
v964,GILGFVFTL_HLA-A*02:01,tcr378,1
v964_ss_3_n0,GILGFVFTL_HLA-A*02:01,tcr470,0
v965,GILGFVFTL_HLA-A*02:01,tcr381,1
v965_ss_3_n0,GILGFVFTL_HLA-A*02:01,tcr1160,0
v966,GILGFVFTL_HLA-A*02:01,tcr382,1
v966_ss_3_n0,GILGFVFTL_HLA-A*02:01,tcr1776,0
v967,GILGFVFTL_HLA-A*02:01,tcr383,1
v967_ss_3_n0,GILGFVFTL_HLA-A*02:01,tcr831,0
v968,GILGFVFTL_HLA-A*02:01,tcr386,1
v968_ss_3_n0,GILGFVFTL_HLA-A*02:01,tcr1864,0
v969,GILGFVFTL_HLA-A*02:01,tcr39,1
v969_ss_3_n0,GILGFVFTL_HLA-A*02:01,tcr637,0
v970,GILGFVFTL_HLA-A*02:01,tcr390,1
v970_ss_3_n0,GILGFVFTL_HLA-A*02:01,tcr979,0
v971,GILGFVFTL_HLA-A*02:01,tcr391,1
v971_ss_3_n0,GILGFVFTL_HLA-A*02:01,tcr2166,0
v972,GILGFVFTL_HLA-A*02:01,tcr392,1
v972_ss_3_n0,GILGFVFTL_HLA-A*02:01,tcr1924,0
v973,GILGFVFTL_HLA-A*02:01,tcr393,1
v973_ss_3_n0,GILGFVFTL_HLA-A*02:01,tcr1088,0
v974,GILGFVFTL_HLA-A*02:01,tcr395,1
v974_ss_3_n0,GILGFVFTL_HLA-A*02:01,tcr536,0
v975,GILGFVFTL_HLA-A*02:01,tcr397,1
v975_ss_3_n0,GILGFVFTL_HLA-A*02:01,tcr938,0
v976,GILGFVFTL_HLA-A*02:01,tcr398,1
v976_ss_3_n0,GILGFVFTL_HLA-A*02:01,tcr1013,0
v977,GILGFVFTL_HLA-A*02:01,tcr399,1
v977_ss_3_n0,GILGFVFTL_HLA-A*02:01,tcr715,0
v978,GILGFVFTL_HLA-A*02:01,tcr4,1
v978_ss_3_n0,GILGFVFTL_HLA-A*02:01,tcr1742,0
v979,GILGFVFTL_HLA-A*02:01,tcr400,1
v979_ss_3_n0,GILGFVFTL_HLA-A*02:01,tcr1001,0
v980,GILGFVFTL_HLA-A*02:01,tcr401,1
v980_ss_3_n0,GILGFVFTL_HLA-A*02:01,tcr354,0
v981,GILGFVFTL_HLA-A*02:01,tcr402,1
v981_ss_3_n0,GILGFVFTL_HLA-A*02:01,tcr764,0
v982,GILGFVFTL_HLA-A*02:01,tcr403,1
v982_ss_3_n0,GILGFVFTL_HLA-A*02:01,tcr906,0
v983,GILGFVFTL_HLA-A*02:01,tcr406,1
v983_ss_3_n0,GILGFVFTL_HLA-A*02:01,tcr1324,0
v984,GILGFVFTL_HLA-A*02:01,tcr409,1
v984_ss_3_n0,GILGFVFTL_HLA-A*02:01,tcr1880,0
v985,GILGFVFTL_HLA-A*02:01,tcr411,1
v985_ss_3_n0,GILGFVFTL_HLA-A*02:01,tcr1354,0
v986,GILGFVFTL_HLA-A*02:01,tcr412,1
v986_ss_3_n0,GILGFVFTL_HLA-A*02:01,tcr823,0
v987,GILGFVFTL_HLA-A*02:01,tcr418,1
v987_ss_3_n0,GILGFVFTL_HLA-A*02:01,tcr915,0
v988,GILGFVFTL_HLA-A*02:01,tcr419,1
v988_ss_3_n0,GILGFVFTL_HLA-A*02:01,tcr1816,0
v989,GILGFVFTL_HLA-A*02:01,tcr42,1
v989_ss_3_n0,GILGFVFTL_HLA-A*02:01,tcr1880,0
v990,GILGFVFTL_HLA-A*02:01,tcr420,1
v990_ss_3_n0,GILGFVFTL_HLA-A*02:01,tcr1189,0
v991,GILGFVFTL_HLA-A*02:01,tcr421,1
v991_ss_3_n0,GILGFVFTL_HLA-A*02:01,tcr981,0
v992,GILGFVFTL_HLA-A*02:01,tcr423,1
v992_ss_3_n0,GILGFVFTL_HLA-A*02:01,tcr1409,0
v993,GILGFVFTL_HLA-A*02:01,tcr424,1
v993_ss_3_n0,GILGFVFTL_HLA-A*02:01,tcr348,0
v994,GILGFVFTL_HLA-A*02:01,tcr425,1
v994_ss_3_n0,GILGFVFTL_HLA-A*02:01,tcr664,0
v995,GILGFVFTL_HLA-A*02:01,tcr426,1
v995_ss_3_n0,GILGFVFTL_HLA-A*02:01,tcr1880,0
v996,GILGFVFTL_HLA-A*02:01,tcr427,1
v996_ss_3_n0,GILGFVFTL_HLA-A*02:01,tcr175,0
v997,GILGFVFTL_HLA-A*02:01,tcr428,1
v997_ss_3_n0,GILGFVFTL_HLA-A*02:01,tcr1400,0
v998,GILGFVFTL_HLA-A*02:01,tcr430,1
v998_ss_3_n0,GILGFVFTL_HLA-A*02:01,tcr716,0
v999,GILGFVFTL_HLA-A*02:01,tcr434,1
v999_ss_3_n0,GILGFVFTL_HLA-A*02:01,tcr965,0
v1000,GILGFVFTL_HLA-A*02:01,tcr435,1
v1000_ss_3_n0,GILGFVFTL_HLA-A*02:01,tcr1817,0
v1001,GILGFVFTL_HLA-A*02:01,tcr436,1
v1001_ss_3_n0,GILGFVFTL_HLA-A*02:01,tcr1502,0
v1002,GILGFVFTL_HLA-A*02:01,tcr438,1
v1002_ss_3_n0,GILGFVFTL_HLA-A*02:01,tcr1016,0
v1003,GILGFVFTL_HLA-A*02:01,tcr439,1
v1003_ss_3_n0,GILGFVFTL_HLA-A*02:01,tcr893,0
v1004,GILGFVFTL_HLA-A*02:01,tcr441,1
v1004_ss_3_n0,GILGFVFTL_HLA-A*02:01,tcr2035,0
v1005,GILGFVFTL_HLA-A*02:01,tcr442,1
v1005_ss_3_n0,GILGFVFTL_HLA-A*02:01,tcr1523,0
v1006,GILGFVFTL_HLA-A*02:01,tcr443,1
v1006_ss_3_n0,GILGFVFTL_HLA-A*02:01,tcr2232,0
v1007,GILGFVFTL_HLA-A*02:01,tcr444,1
v1007_ss_3_n0,GILGFVFTL_HLA-A*02:01,tcr462,0
v1008,GILGFVFTL_HLA-A*02:01,tcr445,1
v1008_ss_3_n0,GILGFVFTL_HLA-A*02:01,tcr185,0
v1009,GILGFVFTL_HLA-A*02:01,tcr447,1
v1009_ss_3_n0,GILGFVFTL_HLA-A*02:01,tcr1469,0
v1010,GILGFVFTL_HLA-A*02:01,tcr449,1
v1010_ss_3_n0,GILGFVFTL_HLA-A*02:01,tcr1289,0
v1011,GILGFVFTL_HLA-A*02:01,tcr45,1
v1011_ss_3_n0,GILGFVFTL_HLA-A*02:01,tcr1329,0
v1012,GILGFVFTL_HLA-A*02:01,tcr450,1
v1012_ss_3_n0,GILGFVFTL_HLA-A*02:01,tcr331,0
v1013,GILGFVFTL_HLA-A*02:01,tcr452,1
v1013_ss_3_n0,GILGFVFTL_HLA-A*02:01,tcr1926,0
v1014,GILGFVFTL_HLA-A*02:01,tcr457,1
v1014_ss_3_n0,GILGFVFTL_HLA-A*02:01,tcr806,0
v1015,GILGFVFTL_HLA-A*02:01,tcr459,1
v1015_ss_3_n0,GILGFVFTL_HLA-A*02:01,tcr976,0
v1016,GILGFVFTL_HLA-A*02:01,tcr463,1
v1016_ss_3_n0,GILGFVFTL_HLA-A*02:01,tcr1880,0
v1017,GILGFVFTL_HLA-A*02:01,tcr466,1
v1017_ss_3_n0,GILGFVFTL_HLA-A*02:01,tcr1257,0
v1018,GILGFVFTL_HLA-A*02:01,tcr468,1
v1018_ss_3_n0,GILGFVFTL_HLA-A*02:01,tcr492,0
v1019,GILGFVFTL_HLA-A*02:01,tcr469,1
v1019_ss_3_n0,GILGFVFTL_HLA-A*02:01,tcr544,0
v1020,GILGFVFTL_HLA-A*02:01,tcr471,1
v1020_ss_3_n0,GILGFVFTL_HLA-A*02:01,tcr1166,0
v1021,GILGFVFTL_HLA-A*02:01,tcr473,1
v1021_ss_3_n0,GILGFVFTL_HLA-A*02:01,tcr974,0
v1022,GILGFVFTL_HLA-A*02:01,tcr474,1
v1022_ss_3_n0,GILGFVFTL_HLA-A*02:01,tcr1790,0
v1023,GILGFVFTL_HLA-A*02:01,tcr475,1
v1023_ss_3_n0,GILGFVFTL_HLA-A*02:01,tcr1873,0
v1024,GILGFVFTL_HLA-A*02:01,tcr477,1
v1024_ss_3_n0,GILGFVFTL_HLA-A*02:01,tcr979,0
v1025,GILGFVFTL_HLA-A*02:01,tcr48,1
v1025_ss_3_n0,GILGFVFTL_HLA-A*02:01,tcr635,0
v1026,GILGFVFTL_HLA-A*02:01,tcr481,1
v1026_ss_3_n0,GILGFVFTL_HLA-A*02:01,tcr194,0
v1027,GILGFVFTL_HLA-A*02:01,tcr482,1
v1027_ss_3_n0,GILGFVFTL_HLA-A*02:01,tcr892,0
v1028,GILGFVFTL_HLA-A*02:01,tcr484,1
v1028_ss_3_n0,GILGFVFTL_HLA-A*02:01,tcr998,0
v1029,GILGFVFTL_HLA-A*02:01,tcr485,1
v1029_ss_3_n0,GILGFVFTL_HLA-A*02:01,tcr876,0
v1030,GILGFVFTL_HLA-A*02:01,tcr489,1
v1030_ss_3_n0,GILGFVFTL_HLA-A*02:01,tcr1880,0
v1031,GILGFVFTL_HLA-A*02:01,tcr49,1
v1031_ss_3_n0,GILGFVFTL_HLA-A*02:01,tcr271,0
v1032,GILGFVFTL_HLA-A*02:01,tcr490,1
v1032_ss_3_n0,GILGFVFTL_HLA-A*02:01,tcr580,0
v1033,GILGFVFTL_HLA-A*02:01,tcr495,1
v1033_ss_3_n0,GILGFVFTL_HLA-A*02:01,tcr335,0
v1034,GILGFVFTL_HLA-A*02:01,tcr497,1
v1034_ss_3_n0,GILGFVFTL_HLA-A*02:01,tcr1789,0
v1035,GILGFVFTL_HLA-A*02:01,tcr498,1
v1035_ss_3_n0,GILGFVFTL_HLA-A*02:01,tcr1552,0
v1036,GILGFVFTL_HLA-A*02:01,tcr499,1
v1036_ss_3_n0,GILGFVFTL_HLA-A*02:01,tcr104,0
v1037,GILGFVFTL_HLA-A*02:01,tcr502,1
v1037_ss_3_n0,GILGFVFTL_HLA-A*02:01,tcr1979,0
v1038,GILGFVFTL_HLA-A*02:01,tcr508,1
v1038_ss_3_n0,GILGFVFTL_HLA-A*02:01,tcr250,0
v1039,GILGFVFTL_HLA-A*02:01,tcr511,1
v1039_ss_3_n0,GILGFVFTL_HLA-A*02:01,tcr416,0
v1040,GILGFVFTL_HLA-A*02:01,tcr513,1
v1040_ss_3_n0,GILGFVFTL_HLA-A*02:01,tcr1541,0
v1041,GILGFVFTL_HLA-A*02:01,tcr514,1
v1041_ss_3_n0,GILGFVFTL_HLA-A*02:01,tcr645,0
v1042,GILGFVFTL_HLA-A*02:01,tcr516,1
v1042_ss_3_n0,GILGFVFTL_HLA-A*02:01,tcr1681,0
v1043,GILGFVFTL_HLA-A*02:01,tcr518,1
v1043_ss_3_n0,GILGFVFTL_HLA-A*02:01,tcr46,0
v1044,GILGFVFTL_HLA-A*02:01,tcr520,1
v1044_ss_3_n0,GILGFVFTL_HLA-A*02:01,tcr955,0
v1045,GILGFVFTL_HLA-A*02:01,tcr521,1
v1045_ss_3_n0,GILGFVFTL_HLA-A*02:01,tcr1258,0
v1046,GILGFVFTL_HLA-A*02:01,tcr524,1
v1046_ss_3_n0,GILGFVFTL_HLA-A*02:01,tcr325,0
v1047,GILGFVFTL_HLA-A*02:01,tcr525,1
v1047_ss_3_n0,GILGFVFTL_HLA-A*02:01,tcr1882,0
v1048,GILGFVFTL_HLA-A*02:01,tcr528,1
v1048_ss_3_n0,GILGFVFTL_HLA-A*02:01,tcr1007,0
v1049,GILGFVFTL_HLA-A*02:01,tcr529,1
v1049_ss_3_n0,GILGFVFTL_HLA-A*02:01,tcr595,0
v1050,GILGFVFTL_HLA-A*02:01,tcr53,1
v1050_ss_3_n0,GILGFVFTL_HLA-A*02:01,tcr1133,0
v1051,GILGFVFTL_HLA-A*02:01,tcr530,1
v1051_ss_3_n0,GILGFVFTL_HLA-A*02:01,tcr1834,0
v1052,GILGFVFTL_HLA-A*02:01,tcr531,1
v1052_ss_3_n0,GILGFVFTL_HLA-A*02:01,tcr2015,0
v1053,GILGFVFTL_HLA-A*02:01,tcr534,1
v1053_ss_3_n0,GILGFVFTL_HLA-A*02:01,tcr142,0
v1054,GILGFVFTL_HLA-A*02:01,tcr535,1
v1054_ss_3_n0,GILGFVFTL_HLA-A*02:01,tcr707,0
v1055,GILGFVFTL_HLA-A*02:01,tcr54,1
v1055_ss_3_n0,GILGFVFTL_HLA-A*02:01,tcr1658,0
v1056,GILGFVFTL_HLA-A*02:01,tcr540,1
v1056_ss_3_n0,GILGFVFTL_HLA-A*02:01,tcr1746,0
v1057,GILGFVFTL_HLA-A*02:01,tcr541,1
v1057_ss_3_n0,GILGFVFTL_HLA-A*02:01,tcr905,0
v1058,GILGFVFTL_HLA-A*02:01,tcr547,1
v1058_ss_3_n0,GILGFVFTL_HLA-A*02:01,tcr389,0
v1059,GILGFVFTL_HLA-A*02:01,tcr548,1
v1059_ss_3_n0,GILGFVFTL_HLA-A*02:01,tcr1309,0
v1060,GILGFVFTL_HLA-A*02:01,tcr551,1
v1060_ss_3_n0,GILGFVFTL_HLA-A*02:01,tcr1955,0
v1061,GILGFVFTL_HLA-A*02:01,tcr552,1
v1061_ss_3_n0,GILGFVFTL_HLA-A*02:01,tcr1537,0
v1062,GILGFVFTL_HLA-A*02:01,tcr553,1
v1062_ss_3_n0,GILGFVFTL_HLA-A*02:01,tcr1793,0
v1063,GILGFVFTL_HLA-A*02:01,tcr555,1
v1063_ss_3_n0,GILGFVFTL_HLA-A*02:01,tcr915,0
v1064,GILGFVFTL_HLA-A*02:01,tcr556,1
v1064_ss_3_n0,GILGFVFTL_HLA-A*02:01,tcr1133,0
v1065,GILGFVFTL_HLA-A*02:01,tcr558,1
v1065_ss_3_n0,GILGFVFTL_HLA-A*02:01,tcr2070,0
v1066,GILGFVFTL_HLA-A*02:01,tcr559,1
v1066_ss_3_n0,GILGFVFTL_HLA-A*02:01,tcr1190,0
v1067,GILGFVFTL_HLA-A*02:01,tcr56,1
v1067_ss_3_n0,GILGFVFTL_HLA-A*02:01,tcr1880,0
v1068,GILGFVFTL_HLA-A*02:01,tcr562,1
v1068_ss_3_n0,GILGFVFTL_HLA-A*02:01,tcr2008,0
v1069,GILGFVFTL_HLA-A*02:01,tcr564,1
v1069_ss_3_n0,GILGFVFTL_HLA-A*02:01,tcr1841,0
v1070,GILGFVFTL_HLA-A*02:01,tcr567,1
v1070_ss_3_n0,GILGFVFTL_HLA-A*02:01,tcr1975,0
v1071,GILGFVFTL_HLA-A*02:01,tcr57,1
v1071_ss_3_n0,GILGFVFTL_HLA-A*02:01,tcr505,0
v1072,GILGFVFTL_HLA-A*02:01,tcr571,1
v1072_ss_3_n0,GILGFVFTL_HLA-A*02:01,tcr1048,0
v1073,GILGFVFTL_HLA-A*02:01,tcr574,1
v1073_ss_3_n0,GILGFVFTL_HLA-A*02:01,tcr935,0
v1074,GILGFVFTL_HLA-A*02:01,tcr575,1
v1074_ss_3_n0,GILGFVFTL_HLA-A*02:01,tcr396,0
v1075,GILGFVFTL_HLA-A*02:01,tcr577,1
v1075_ss_3_n0,GILGFVFTL_HLA-A*02:01,tcr1055,0
v1076,GILGFVFTL_HLA-A*02:01,tcr585,1
v1076_ss_3_n0,GILGFVFTL_HLA-A*02:01,tcr1383,0
v1077,GILGFVFTL_HLA-A*02:01,tcr586,1
v1077_ss_3_n0,GILGFVFTL_HLA-A*02:01,tcr1552,0
v1078,GILGFVFTL_HLA-A*02:01,tcr587,1
v1078_ss_3_n0,GILGFVFTL_HLA-A*02:01,tcr1289,0
v1079,GILGFVFTL_HLA-A*02:01,tcr588,1
v1079_ss_3_n0,GILGFVFTL_HLA-A*02:01,tcr790,0
v1080,GILGFVFTL_HLA-A*02:01,tcr589,1
v1080_ss_3_n0,GILGFVFTL_HLA-A*02:01,tcr1189,0
v1081,GILGFVFTL_HLA-A*02:01,tcr59,1
v1081_ss_3_n0,GILGFVFTL_HLA-A*02:01,tcr1780,0
v1082,GILGFVFTL_HLA-A*02:01,tcr590,1
v1082_ss_3_n0,GILGFVFTL_HLA-A*02:01,tcr1933,0
v1083,GILGFVFTL_HLA-A*02:01,tcr594,1
v1083_ss_3_n0,GILGFVFTL_HLA-A*02:01,tcr1776,0
v1084,GILGFVFTL_HLA-A*02:01,tcr597,1
v1084_ss_3_n0,GILGFVFTL_HLA-A*02:01,tcr620,0
v1085,GILGFVFTL_HLA-A*02:01,tcr6,1
v1085_ss_3_n0,GILGFVFTL_HLA-A*02:01,tcr1099,0
v1086,GILGFVFTL_HLA-A*02:01,tcr600,1
v1086_ss_3_n0,GILGFVFTL_HLA-A*02:01,tcr2140,0
v1087,GILGFVFTL_HLA-A*02:01,tcr601,1
v1087_ss_3_n0,GILGFVFTL_HLA-A*02:01,tcr1017,0
v1088,GILGFVFTL_HLA-A*02:01,tcr603,1
v1088_ss_3_n0,GILGFVFTL_HLA-A*02:01,tcr537,0
v1089,GILGFVFTL_HLA-A*02:01,tcr604,1
v1089_ss_3_n0,GILGFVFTL_HLA-A*02:01,tcr1167,0
v1090,GILGFVFTL_HLA-A*02:01,tcr605,1
v1090_ss_3_n0,GILGFVFTL_HLA-A*02:01,tcr1671,0
v1091,GILGFVFTL_HLA-A*02:01,tcr608,1
v1091_ss_3_n0,GILGFVFTL_HLA-A*02:01,tcr2061,0
v1092,GILGFVFTL_HLA-A*02:01,tcr609,1
v1092_ss_3_n0,GILGFVFTL_HLA-A*02:01,tcr715,0
v1093,GILGFVFTL_HLA-A*02:01,tcr61,1
v1093_ss_3_n0,GILGFVFTL_HLA-A*02:01,tcr1516,0
v1094,GILGFVFTL_HLA-A*02:01,tcr610,1
v1094_ss_3_n0,GILGFVFTL_HLA-A*02:01,tcr51,0
v1095,GILGFVFTL_HLA-A*02:01,tcr612,1
v1095_ss_3_n0,GILGFVFTL_HLA-A*02:01,tcr1628,0
v1096,GILGFVFTL_HLA-A*02:01,tcr613,1
v1096_ss_3_n0,GILGFVFTL_HLA-A*02:01,tcr1946,0
v1097,GILGFVFTL_HLA-A*02:01,tcr615,1
v1097_ss_3_n0,GILGFVFTL_HLA-A*02:01,tcr234,0
v1098,GILGFVFTL_HLA-A*02:01,tcr618,1
v1098_ss_3_n0,GILGFVFTL_HLA-A*02:01,tcr1536,0
v1099,GILGFVFTL_HLA-A*02:01,tcr62,1
v1099_ss_3_n0,GILGFVFTL_HLA-A*02:01,tcr870,0
v1100,GILGFVFTL_HLA-A*02:01,tcr621,1
v1100_ss_3_n0,GILGFVFTL_HLA-A*02:01,tcr1776,0
v1101,GILGFVFTL_HLA-A*02:01,tcr626,1
v1101_ss_3_n0,GILGFVFTL_HLA-A*02:01,tcr2170,0
v1102,GILGFVFTL_HLA-A*02:01,tcr629,1
v1102_ss_3_n0,GILGFVFTL_HLA-A*02:01,tcr1654,0
v1103,GILGFVFTL_HLA-A*02:01,tcr63,1
v1103_ss_3_n0,GILGFVFTL_HLA-A*02:01,tcr515,0
v1104,GILGFVFTL_HLA-A*02:01,tcr630,1
v1104_ss_3_n0,GILGFVFTL_HLA-A*02:01,tcr1088,0
v1105,GILGFVFTL_HLA-A*02:01,tcr631,1
v1105_ss_3_n0,GILGFVFTL_HLA-A*02:01,tcr78,0
v1106,GILGFVFTL_HLA-A*02:01,tcr634,1
v1106_ss_3_n0,GILGFVFTL_HLA-A*02:01,tcr1741,0
v1107,GILGFVFTL_HLA-A*02:01,tcr636,1
v1107_ss_3_n0,GILGFVFTL_HLA-A*02:01,tcr1441,0
v1108,GILGFVFTL_HLA-A*02:01,tcr639,1
v1108_ss_3_n0,GILGFVFTL_HLA-A*02:01,tcr142,0
v1109,GILGFVFTL_HLA-A*02:01,tcr640,1
v1109_ss_3_n0,GILGFVFTL_HLA-A*02:01,tcr1575,0
v1110,GILGFVFTL_HLA-A*02:01,tcr641,1
v1110_ss_3_n0,GILGFVFTL_HLA-A*02:01,tcr453,0
v1111,GILGFVFTL_HLA-A*02:01,tcr643,1
v1111_ss_3_n0,GILGFVFTL_HLA-A*02:01,tcr1561,0
v1112,GILGFVFTL_HLA-A*02:01,tcr646,1
v1112_ss_3_n0,GILGFVFTL_HLA-A*02:01,tcr1110,0
v1113,GILGFVFTL_HLA-A*02:01,tcr649,1
v1113_ss_3_n0,GILGFVFTL_HLA-A*02:01,tcr915,0
v1114,GILGFVFTL_HLA-A*02:01,tcr65,1
v1114_ss_3_n0,GILGFVFTL_HLA-A*02:01,tcr938,0
v1115,GILGFVFTL_HLA-A*02:01,tcr651,1
v1115_ss_3_n0,GILGFVFTL_HLA-A*02:01,tcr1543,0
v1116,GILGFVFTL_HLA-A*02:01,tcr653,1
v1116_ss_3_n0,GILGFVFTL_HLA-A*02:01,tcr34,0
v1117,GILGFVFTL_HLA-A*02:01,tcr654,1
v1117_ss_3_n0,GILGFVFTL_HLA-A*02:01,tcr163,0
v1118,GILGFVFTL_HLA-A*02:01,tcr656,1
v1118_ss_3_n0,GILGFVFTL_HLA-A*02:01,tcr884,0
v1119,GILGFVFTL_HLA-A*02:01,tcr658,1
v1119_ss_3_n0,GILGFVFTL_HLA-A*02:01,tcr1121,0
v1120,GILGFVFTL_HLA-A*02:01,tcr659,1
v1120_ss_3_n0,GILGFVFTL_HLA-A*02:01,tcr404,0
v1121,GILGFVFTL_HLA-A*02:01,tcr66,1
v1121_ss_3_n0,GILGFVFTL_HLA-A*02:01,tcr1066,0
v1122,GILGFVFTL_HLA-A*02:01,tcr660,1
v1122_ss_3_n0,GILGFVFTL_HLA-A*02:01,tcr209,0
v1123,GILGFVFTL_HLA-A*02:01,tcr661,1
v1123_ss_3_n0,GILGFVFTL_HLA-A*02:01,tcr126,0
v1124,GILGFVFTL_HLA-A*02:01,tcr662,1
v1124_ss_3_n0,GILGFVFTL_HLA-A*02:01,tcr1229,0
v1125,GILGFVFTL_HLA-A*02:01,tcr667,1
v1125_ss_3_n0,GILGFVFTL_HLA-A*02:01,tcr1736,0
v1126,GILGFVFTL_HLA-A*02:01,tcr669,1
v1126_ss_3_n0,GILGFVFTL_HLA-A*02:01,tcr915,0
v1127,GILGFVFTL_HLA-A*02:01,tcr67,1
v1127_ss_3_n0,GILGFVFTL_HLA-A*02:01,tcr2122,0
v1128,GILGFVFTL_HLA-A*02:01,tcr671,1
v1128_ss_3_n0,GILGFVFTL_HLA-A*02:01,tcr261,0
v1129,GILGFVFTL_HLA-A*02:01,tcr673,1
v1129_ss_3_n0,GILGFVFTL_HLA-A*02:01,tcr1216,0
v1130,GILGFVFTL_HLA-A*02:01,tcr674,1
v1130_ss_3_n0,GILGFVFTL_HLA-A*02:01,tcr181,0
v1131,GILGFVFTL_HLA-A*02:01,tcr675,1
v1131_ss_3_n0,GILGFVFTL_HLA-A*02:01,tcr71,0
v1132,GILGFVFTL_HLA-A*02:01,tcr677,1
v1132_ss_3_n0,GILGFVFTL_HLA-A*02:01,tcr1042,0
v1133,GILGFVFTL_HLA-A*02:01,tcr678,1
v1133_ss_3_n0,GILGFVFTL_HLA-A*02:01,tcr637,0
v1134,GILGFVFTL_HLA-A*02:01,tcr68,1
v1134_ss_3_n0,GILGFVFTL_HLA-A*02:01,tcr355,0
v1135,GILGFVFTL_HLA-A*02:01,tcr680,1
v1135_ss_3_n0,GILGFVFTL_HLA-A*02:01,tcr1609,0
v1136,GILGFVFTL_HLA-A*02:01,tcr687,1
v1136_ss_3_n0,GILGFVFTL_HLA-A*02:01,tcr9,0
v1137,GILGFVFTL_HLA-A*02:01,tcr689,1
v1137_ss_3_n0,GILGFVFTL_HLA-A*02:01,tcr85,0
v1138,GILGFVFTL_HLA-A*02:01,tcr69,1
v1138_ss_3_n0,GILGFVFTL_HLA-A*02:01,tcr147,0
v1139,GILGFVFTL_HLA-A*02:01,tcr692,1
v1139_ss_3_n0,GILGFVFTL_HLA-A*02:01,tcr478,0
v1140,GILGFVFTL_HLA-A*02:01,tcr693,1
v1140_ss_3_n0,GILGFVFTL_HLA-A*02:01,tcr1873,0
v1141,GILGFVFTL_HLA-A*02:01,tcr696,1
v1141_ss_3_n0,GILGFVFTL_HLA-A*02:01,tcr915,0
v1142,GILGFVFTL_HLA-A*02:01,tcr697,1
v1142_ss_3_n0,GILGFVFTL_HLA-A*02:01,tcr1590,0
v1143,GILGFVFTL_HLA-A*02:01,tcr700,1
v1143_ss_3_n0,GILGFVFTL_HLA-A*02:01,tcr1564,0
v1144,GILGFVFTL_HLA-A*02:01,tcr701,1
v1144_ss_3_n0,GILGFVFTL_HLA-A*02:01,tcr1644,0
v1145,GILGFVFTL_HLA-A*02:01,tcr703,1
v1145_ss_3_n0,GILGFVFTL_HLA-A*02:01,tcr862,0
v1146,GILGFVFTL_HLA-A*02:01,tcr704,1
v1146_ss_3_n0,GILGFVFTL_HLA-A*02:01,tcr1184,0
v1147,GILGFVFTL_HLA-A*02:01,tcr705,1
v1147_ss_3_n0,GILGFVFTL_HLA-A*02:01,tcr1845,0
v1148,GILGFVFTL_HLA-A*02:01,tcr706,1
v1148_ss_3_n0,GILGFVFTL_HLA-A*02:01,tcr1696,0
v1149,GILGFVFTL_HLA-A*02:01,tcr709,1
v1149_ss_3_n0,GILGFVFTL_HLA-A*02:01,tcr1162,0
v1150,GILGFVFTL_HLA-A*02:01,tcr710,1
v1150_ss_3_n0,GILGFVFTL_HLA-A*02:01,tcr416,0
v1151,GILGFVFTL_HLA-A*02:01,tcr714,1
v1151_ss_3_n0,GILGFVFTL_HLA-A*02:01,tcr616,0
v1152,GILGFVFTL_HLA-A*02:01,tcr719,1
v1152_ss_3_n0,GILGFVFTL_HLA-A*02:01,tcr1481,0
v1153,GILGFVFTL_HLA-A*02:01,tcr721,1
v1153_ss_3_n0,GILGFVFTL_HLA-A*02:01,tcr1121,0
v1154,GILGFVFTL_HLA-A*02:01,tcr722,1
v1154_ss_3_n0,GILGFVFTL_HLA-A*02:01,tcr333,0
v1155,GILGFVFTL_HLA-A*02:01,tcr723,1
v1155_ss_3_n0,GILGFVFTL_HLA-A*02:01,tcr545,0
v1156,GILGFVFTL_HLA-A*02:01,tcr725,1
v1156_ss_3_n0,GILGFVFTL_HLA-A*02:01,tcr1469,0
v1157,GILGFVFTL_HLA-A*02:01,tcr726,1
v1157_ss_3_n0,GILGFVFTL_HLA-A*02:01,tcr1775,0
v1158,GILGFVFTL_HLA-A*02:01,tcr727,1
v1158_ss_3_n0,GILGFVFTL_HLA-A*02:01,tcr1160,0
v1159,GILGFVFTL_HLA-A*02:01,tcr729,1
v1159_ss_3_n0,GILGFVFTL_HLA-A*02:01,tcr1584,0
v1160,GILGFVFTL_HLA-A*02:01,tcr73,1
v1160_ss_3_n0,GILGFVFTL_HLA-A*02:01,tcr1447,0
v1161,GILGFVFTL_HLA-A*02:01,tcr731,1
v1161_ss_3_n0,GILGFVFTL_HLA-A*02:01,tcr1289,0
v1162,GILGFVFTL_HLA-A*02:01,tcr735,1
v1162_ss_3_n0,GILGFVFTL_HLA-A*02:01,tcr2050,0
v1163,GILGFVFTL_HLA-A*02:01,tcr736,1
v1163_ss_3_n0,GILGFVFTL_HLA-A*02:01,tcr1691,0
v1164,GILGFVFTL_HLA-A*02:01,tcr737,1
v1164_ss_3_n0,GILGFVFTL_HLA-A*02:01,tcr1880,0
v1165,GILGFVFTL_HLA-A*02:01,tcr739,1
v1165_ss_3_n0,GILGFVFTL_HLA-A*02:01,tcr994,0
v1166,GILGFVFTL_HLA-A*02:01,tcr74,1
v1166_ss_3_n0,GILGFVFTL_HLA-A*02:01,tcr159,0
v1167,GILGFVFTL_HLA-A*02:01,tcr744,1
v1167_ss_3_n0,GILGFVFTL_HLA-A*02:01,tcr1146,0
v1168,GILGFVFTL_HLA-A*02:01,tcr747,1
v1168_ss_3_n0,GILGFVFTL_HLA-A*02:01,tcr1255,0
v1169,GILGFVFTL_HLA-A*02:01,tcr748,1
v1169_ss_3_n0,GILGFVFTL_HLA-A*02:01,tcr377,0
v1170,GILGFVFTL_HLA-A*02:01,tcr750,1
v1170_ss_3_n0,GILGFVFTL_HLA-A*02:01,tcr2140,0
v1171,GILGFVFTL_HLA-A*02:01,tcr751,1
v1171_ss_3_n0,GILGFVFTL_HLA-A*02:01,tcr1241,0
v1172,GILGFVFTL_HLA-A*02:01,tcr752,1
v1172_ss_3_n0,GILGFVFTL_HLA-A*02:01,tcr582,0
v1173,GILGFVFTL_HLA-A*02:01,tcr753,1
v1173_ss_3_n0,GILGFVFTL_HLA-A*02:01,tcr1634,0
v1174,GILGFVFTL_HLA-A*02:01,tcr755,1
v1174_ss_3_n0,GILGFVFTL_HLA-A*02:01,tcr1229,0
v1175,GILGFVFTL_HLA-A*02:01,tcr757,1
v1175_ss_3_n0,GILGFVFTL_HLA-A*02:01,tcr1289,0
v1176,GILGFVFTL_HLA-A*02:01,tcr760,1
v1176_ss_3_n0,GILGFVFTL_HLA-A*02:01,tcr517,0
v1177,GILGFVFTL_HLA-A*02:01,tcr761,1
v1177_ss_3_n0,GILGFVFTL_HLA-A*02:01,tcr183,0
v1178,GILGFVFTL_HLA-A*02:01,tcr762,1
v1178_ss_3_n0,GILGFVFTL_HLA-A*02:01,tcr358,0
v1179,GILGFVFTL_HLA-A*02:01,tcr765,1
v1179_ss_3_n0,GILGFVFTL_HLA-A*02:01,tcr768,0
v1180,GILGFVFTL_HLA-A*02:01,tcr766,1
v1180_ss_3_n0,GILGFVFTL_HLA-A*02:01,tcr1073,0
v1181,GILGFVFTL_HLA-A*02:01,tcr767,1
v1181_ss_3_n0,GILGFVFTL_HLA-A*02:01,tcr592,0
v1182,GILGFVFTL_HLA-A*02:01,tcr771,1
v1182_ss_3_n0,GILGFVFTL_HLA-A*02:01,tcr1729,0
v1183,GILGFVFTL_HLA-A*02:01,tcr774,1
v1183_ss_3_n0,GILGFVFTL_HLA-A*02:01,tcr878,0
v1184,GILGFVFTL_HLA-A*02:01,tcr777,1
v1184_ss_3_n0,GILGFVFTL_HLA-A*02:01,tcr668,0
v1185,GILGFVFTL_HLA-A*02:01,tcr778,1
v1185_ss_3_n0,GILGFVFTL_HLA-A*02:01,tcr2073,0
v1186,GILGFVFTL_HLA-A*02:01,tcr780,1
v1186_ss_3_n0,GILGFVFTL_HLA-A*02:01,tcr1606,0
v1187,GILGFVFTL_HLA-A*02:01,tcr781,1
v1187_ss_3_n0,GILGFVFTL_HLA-A*02:01,tcr814,0
v1188,GILGFVFTL_HLA-A*02:01,tcr782,1
v1188_ss_3_n0,GILGFVFTL_HLA-A*02:01,tcr826,0
v1189,GILGFVFTL_HLA-A*02:01,tcr784,1
v1189_ss_3_n0,GILGFVFTL_HLA-A*02:01,tcr884,0
v1190,GILGFVFTL_HLA-A*02:01,tcr786,1
v1190_ss_3_n0,GILGFVFTL_HLA-A*02:01,tcr1719,0
v1191,GILGFVFTL_HLA-A*02:01,tcr789,1
v1191_ss_3_n0,GILGFVFTL_HLA-A*02:01,tcr1305,0
v1192,GILGFVFTL_HLA-A*02:01,tcr79,1
v1192_ss_3_n0,GILGFVFTL_HLA-A*02:01,tcr664,0
v1193,GILGFVFTL_HLA-A*02:01,tcr791,1
v1193_ss_3_n0,GILGFVFTL_HLA-A*02:01,tcr1702,0
v1194,GILGFVFTL_HLA-A*02:01,tcr793,1
v1194_ss_3_n0,GILGFVFTL_HLA-A*02:01,tcr1239,0
v1195,GILGFVFTL_HLA-A*02:01,tcr794,1
v1195_ss_3_n0,GILGFVFTL_HLA-A*02:01,tcr1777,0
v1196,GILGFVFTL_HLA-A*02:01,tcr795,1
v1196_ss_3_n0,GILGFVFTL_HLA-A*02:01,tcr1880,0
v1197,GILGFVFTL_HLA-A*02:01,tcr797,1
v1197_ss_3_n0,GILGFVFTL_HLA-A*02:01,tcr2051,0
v1198,GILGFVFTL_HLA-A*02:01,tcr798,1
v1198_ss_3_n0,GILGFVFTL_HLA-A*02:01,tcr909,0
v1199,GILGFVFTL_HLA-A*02:01,tcr799,1
v1199_ss_3_n0,GILGFVFTL_HLA-A*02:01,tcr12,0
v1200,GILGFVFTL_HLA-A*02:01,tcr8,1
v1200_ss_3_n0,GILGFVFTL_HLA-A*02:01,tcr429,0
v1201,GILGFVFTL_HLA-A*02:01,tcr800,1
v1201_ss_3_n0,GILGFVFTL_HLA-A*02:01,tcr1990,0
v1202,GILGFVFTL_HLA-A*02:01,tcr802,1
v1202_ss_3_n0,GILGFVFTL_HLA-A*02:01,tcr1519,0
v1203,GILGFVFTL_HLA-A*02:01,tcr807,1
v1203_ss_3_n0,GILGFVFTL_HLA-A*02:01,tcr878,0
v1204,GILGFVFTL_HLA-A*02:01,tcr81,1
v1204_ss_3_n0,GILGFVFTL_HLA-A*02:01,tcr1866,0
v1205,GILGFVFTL_HLA-A*02:01,tcr810,1
v1205_ss_3_n0,GILGFVFTL_HLA-A*02:01,tcr2195,0
v1206,GILGFVFTL_HLA-A*02:01,tcr811,1
v1206_ss_3_n0,GILGFVFTL_HLA-A*02:01,tcr1447,0
v1207,GILGFVFTL_HLA-A*02:01,tcr813,1
v1207_ss_3_n0,GILGFVFTL_HLA-A*02:01,tcr1128,0
v1208,GILGFVFTL_HLA-A*02:01,tcr815,1
v1208_ss_3_n0,GILGFVFTL_HLA-A*02:01,tcr1243,0
v1209,GILGFVFTL_HLA-A*02:01,tcr817,1
v1209_ss_3_n0,GILGFVFTL_HLA-A*02:01,tcr801,0
v1210,GILGFVFTL_HLA-A*02:01,tcr820,1
v1210_ss_3_n0,GILGFVFTL_HLA-A*02:01,tcr285,0
v1211,GILGFVFTL_HLA-A*02:01,tcr824,1
v1211_ss_3_n0,GILGFVFTL_HLA-A*02:01,tcr237,0
v1212,GILGFVFTL_HLA-A*02:01,tcr827,1
v1212_ss_3_n0,GILGFVFTL_HLA-A*02:01,tcr2070,0
v1213,GILGFVFTL_HLA-A*02:01,tcr833,1
v1213_ss_3_n0,GILGFVFTL_HLA-A*02:01,tcr691,0
v1214,GILGFVFTL_HLA-A*02:01,tcr834,1
v1214_ss_3_n0,GILGFVFTL_HLA-A*02:01,tcr1236,0
v1215,GILGFVFTL_HLA-A*02:01,tcr835,1
v1215_ss_3_n0,GILGFVFTL_HLA-A*02:01,tcr969,0
v1216,GILGFVFTL_HLA-A*02:01,tcr836,1
v1216_ss_3_n0,GILGFVFTL_HLA-A*02:01,tcr1880,0
v1217,GILGFVFTL_HLA-A*02:01,tcr84,1
v1217_ss_3_n0,GILGFVFTL_HLA-A*02:01,tcr1494,0
v1218,GILGFVFTL_HLA-A*02:01,tcr847,1
v1218_ss_3_n0,GILGFVFTL_HLA-A*02:01,tcr546,0
v1219,GILGFVFTL_HLA-A*02:01,tcr848,1
v1219_ss_3_n0,GILGFVFTL_HLA-A*02:01,tcr1915,0
v1220,GILGFVFTL_HLA-A*02:01,tcr850,1
v1220_ss_3_n0,GILGFVFTL_HLA-A*02:01,tcr1736,0
v1221,GILGFVFTL_HLA-A*02:01,tcr852,1
v1221_ss_3_n0,GILGFVFTL_HLA-A*02:01,tcr325,0
v1222,GILGFVFTL_HLA-A*02:01,tcr853,1
v1222_ss_3_n0,GILGFVFTL_HLA-A*02:01,tcr970,0
v1223,GILGFVFTL_HLA-A*02:01,tcr855,1
v1223_ss_3_n0,GILGFVFTL_HLA-A*02:01,tcr1620,0
v1224,GILGFVFTL_HLA-A*02:01,tcr857,1
v1224_ss_3_n0,GILGFVFTL_HLA-A*02:01,tcr361,0
v1225,GILGFVFTL_HLA-A*02:01,tcr860,1
v1225_ss_3_n0,GILGFVFTL_HLA-A*02:01,tcr992,0
v1226,GILGFVFTL_HLA-A*02:01,tcr861,1
v1226_ss_3_n0,GILGFVFTL_HLA-A*02:01,tcr1397,0
v1227,GILGFVFTL_HLA-A*02:01,tcr863,1
v1227_ss_3_n0,GILGFVFTL_HLA-A*02:01,tcr1366,0
v1228,GILGFVFTL_HLA-A*02:01,tcr867,1
v1228_ss_3_n0,GILGFVFTL_HLA-A*02:01,tcr415,0
v1229,GILGFVFTL_HLA-A*02:01,tcr869,1
v1229_ss_3_n0,GILGFVFTL_HLA-A*02:01,tcr316,0
v1230,GILGFVFTL_HLA-A*02:01,tcr87,1
v1230_ss_3_n0,GILGFVFTL_HLA-A*02:01,tcr801,0
v1231,GILGFVFTL_HLA-A*02:01,tcr871,1
v1231_ss_3_n0,GILGFVFTL_HLA-A*02:01,tcr1186,0
v1232,GILGFVFTL_HLA-A*02:01,tcr872,1
v1232_ss_3_n0,GILGFVFTL_HLA-A*02:01,tcr504,0
v1233,GILGFVFTL_HLA-A*02:01,tcr874,1
v1233_ss_3_n0,GILGFVFTL_HLA-A*02:01,tcr1094,0
v1234,GILGFVFTL_HLA-A*02:01,tcr879,1
v1234_ss_3_n0,GILGFVFTL_HLA-A*02:01,tcr1054,0
v1235,GILGFVFTL_HLA-A*02:01,tcr880,1
v1235_ss_3_n0,GILGFVFTL_HLA-A*02:01,tcr1015,0
v1236,GILGFVFTL_HLA-A*02:01,tcr881,1
v1236_ss_3_n0,GILGFVFTL_HLA-A*02:01,tcr1661,0
v1237,GILGFVFTL_HLA-A*02:01,tcr883,1
v1237_ss_3_n0,GILGFVFTL_HLA-A*02:01,tcr1489,0
v1238,GILGFVFTL_HLA-A*02:01,tcr885,1
v1238_ss_3_n0,GILGFVFTL_HLA-A*02:01,tcr2146,0
v1239,GILGFVFTL_HLA-A*02:01,tcr889,1
v1239_ss_3_n0,GILGFVFTL_HLA-A*02:01,tcr284,0
v1240,GILGFVFTL_HLA-A*02:01,tcr890,1
v1240_ss_3_n0,GILGFVFTL_HLA-A*02:01,tcr1961,0
v1241,GILGFVFTL_HLA-A*02:01,tcr894,1
v1241_ss_3_n0,GILGFVFTL_HLA-A*02:01,tcr1820,0
v1242,GILGFVFTL_HLA-A*02:01,tcr90,1
v1242_ss_3_n0,GILGFVFTL_HLA-A*02:01,tcr611,0
v1243,GILGFVFTL_HLA-A*02:01,tcr900,1
v1243_ss_3_n0,GILGFVFTL_HLA-A*02:01,tcr1164,0
v1244,GILGFVFTL_HLA-A*02:01,tcr901,1
v1244_ss_3_n0,GILGFVFTL_HLA-A*02:01,tcr2163,0
v1245,GILGFVFTL_HLA-A*02:01,tcr902,1
v1245_ss_3_n0,GILGFVFTL_HLA-A*02:01,tcr2094,0
v1246,GILGFVFTL_HLA-A*02:01,tcr903,1
v1246_ss_3_n0,GILGFVFTL_HLA-A*02:01,tcr1661,0
v1247,GILGFVFTL_HLA-A*02:01,tcr904,1
v1247_ss_3_n0,GILGFVFTL_HLA-A*02:01,tcr992,0
v1248,GILGFVFTL_HLA-A*02:01,tcr907,1
v1248_ss_3_n0,GILGFVFTL_HLA-A*02:01,tcr845,0
v1249,GILGFVFTL_HLA-A*02:01,tcr908,1
v1249_ss_3_n0,GILGFVFTL_HLA-A*02:01,tcr2146,0
v1250,GILGFVFTL_HLA-A*02:01,tcr910,1
v1250_ss_3_n0,GILGFVFTL_HLA-A*02:01,tcr37,0
v1251,GILGFVFTL_HLA-A*02:01,tcr913,1
v1251_ss_3_n0,GILGFVFTL_HLA-A*02:01,tcr870,0
v1252,GILGFVFTL_HLA-A*02:01,tcr916,1
v1252_ss_3_n0,GILGFVFTL_HLA-A*02:01,tcr1975,0
v1253,GILGFVFTL_HLA-A*02:01,tcr918,1
v1253_ss_3_n0,GILGFVFTL_HLA-A*02:01,tcr333,0
v1254,GILGFVFTL_HLA-A*02:01,tcr919,1
v1254_ss_3_n0,GILGFVFTL_HLA-A*02:01,tcr2008,0
v1255,GILGFVFTL_HLA-A*02:01,tcr92,1
v1255_ss_3_n0,GILGFVFTL_HLA-A*02:01,tcr1186,0
v1256,GILGFVFTL_HLA-A*02:01,tcr920,1
v1256_ss_3_n0,GILGFVFTL_HLA-A*02:01,tcr2232,0
v1257,GILGFVFTL_HLA-A*02:01,tcr923,1
v1257_ss_3_n0,GILGFVFTL_HLA-A*02:01,tcr650,0
v1258,GILGFVFTL_HLA-A*02:01,tcr924,1
v1258_ss_3_n0,GILGFVFTL_HLA-A*02:01,tcr141,0
v1259,GILGFVFTL_HLA-A*02:01,tcr925,1
v1259_ss_3_n0,GILGFVFTL_HLA-A*02:01,tcr1456,0
v1260,GILGFVFTL_HLA-A*02:01,tcr927,1
v1260_ss_3_n0,GILGFVFTL_HLA-A*02:01,tcr1654,0
v1261,GILGFVFTL_HLA-A*02:01,tcr928,1
v1261_ss_3_n0,GILGFVFTL_HLA-A*02:01,tcr980,0
v1262,GILGFVFTL_HLA-A*02:01,tcr929,1
v1262_ss_3_n0,GILGFVFTL_HLA-A*02:01,tcr1334,0
v1263,GILGFVFTL_HLA-A*02:01,tcr930,1
v1263_ss_3_n0,GILGFVFTL_HLA-A*02:01,tcr1775,0
v1264,GILGFVFTL_HLA-A*02:01,tcr931,1
v1264_ss_3_n0,GILGFVFTL_HLA-A*02:01,tcr988,0
v1265,GILGFVFTL_HLA-A*02:01,tcr932,1
v1265_ss_3_n0,GILGFVFTL_HLA-A*02:01,tcr1244,0
v1266,GILGFVFTL_HLA-A*02:01,tcr933,1
v1266_ss_3_n0,GILGFVFTL_HLA-A*02:01,tcr981,0
v1267,GILGFVFTL_HLA-A*02:01,tcr934,1
v1267_ss_3_n0,GILGFVFTL_HLA-A*02:01,tcr717,0
v1268,GILGFVFTL_HLA-A*02:01,tcr936,1
v1268_ss_3_n0,GILGFVFTL_HLA-A*02:01,tcr955,0
v1269,GILGFVFTL_HLA-A*02:01,tcr937,1
v1269_ss_3_n0,GILGFVFTL_HLA-A*02:01,tcr222,0
v1270,GILGFVFTL_HLA-A*02:01,tcr939,1
v1270_ss_3_n0,GILGFVFTL_HLA-A*02:01,tcr478,0
v1271,GILGFVFTL_HLA-A*02:01,tcr94,1
v1271_ss_3_n0,GILGFVFTL_HLA-A*02:01,tcr831,0
v1272,GILGFVFTL_HLA-A*02:01,tcr940,1
v1272_ss_3_n0,GILGFVFTL_HLA-A*02:01,tcr1933,0
v1273,GILGFVFTL_HLA-A*02:01,tcr941,1
v1273_ss_3_n0,GILGFVFTL_HLA-A*02:01,tcr139,0
v1274,GILGFVFTL_HLA-A*02:01,tcr942,1
v1274_ss_3_n0,GILGFVFTL_HLA-A*02:01,tcr414,0
v1275,GILGFVFTL_HLA-A*02:01,tcr943,1
v1275_ss_3_n0,GILGFVFTL_HLA-A*02:01,tcr1793,0
v1276,GILGFVFTL_HLA-A*02:01,tcr944,1
v1276_ss_3_n0,GILGFVFTL_HLA-A*02:01,tcr864,0
v1277,GILGFVFTL_HLA-A*02:01,tcr945,1
v1277_ss_3_n0,GILGFVFTL_HLA-A*02:01,tcr876,0
v1278,GILGFVFTL_HLA-A*02:01,tcr946,1
v1278_ss_3_n0,GILGFVFTL_HLA-A*02:01,tcr190,0
v1279,GILGFVFTL_HLA-A*02:01,tcr948,1
v1279_ss_3_n0,GILGFVFTL_HLA-A*02:01,tcr1962,0
v1280,GILGFVFTL_HLA-A*02:01,tcr949,1
v1280_ss_3_n0,GILGFVFTL_HLA-A*02:01,tcr864,0
v1281,GILGFVFTL_HLA-A*02:01,tcr95,1
v1281_ss_3_n0,GILGFVFTL_HLA-A*02:01,tcr2148,0
v1282,GILGFVFTL_HLA-A*02:01,tcr950,1
v1282_ss_3_n0,GILGFVFTL_HLA-A*02:01,tcr266,0
v1283,GILGFVFTL_HLA-A*02:01,tcr951,1
v1283_ss_3_n0,GILGFVFTL_HLA-A*02:01,tcr2027,0
v1284,GILGFVFTL_HLA-A*02:01,tcr952,1
v1284_ss_3_n0,GILGFVFTL_HLA-A*02:01,tcr1171,0
v1285,GILGFVFTL_HLA-A*02:01,tcr953,1
v1285_ss_3_n0,GILGFVFTL_HLA-A*02:01,tcr1975,0
v1286,GILGFVFTL_HLA-A*02:01,tcr954,1
v1286_ss_3_n0,GILGFVFTL_HLA-A*02:01,tcr105,0
v1287,GILGFVFTL_HLA-A*02:01,tcr956,1
v1287_ss_3_n0,GILGFVFTL_HLA-A*02:01,tcr408,0
v1288,GILGFVFTL_HLA-A*02:01,tcr957,1
v1288_ss_3_n0,GILGFVFTL_HLA-A*02:01,tcr1690,0
v1289,GILGFVFTL_HLA-A*02:01,tcr958,1
v1289_ss_3_n0,GILGFVFTL_HLA-A*02:01,tcr664,0
v1290,GILGFVFTL_HLA-A*02:01,tcr959,1
v1290_ss_3_n0,GILGFVFTL_HLA-A*02:01,tcr274,0
v1291,GILGFVFTL_HLA-A*02:01,tcr96,1
v1291_ss_3_n0,GILGFVFTL_HLA-A*02:01,tcr99,0
v1292,GILGFVFTL_HLA-A*02:01,tcr960,1
v1292_ss_3_n0,GILGFVFTL_HLA-A*02:01,tcr1741,0
v1293,GILGFVFTL_HLA-A*02:01,tcr964,1
v1293_ss_3_n0,GILGFVFTL_HLA-A*02:01,tcr118,0
v1294,GILGFVFTL_HLA-A*02:01,tcr967,1
v1294_ss_3_n0,GILGFVFTL_HLA-A*02:01,tcr334,0
v1295,GILGFVFTL_HLA-A*02:01,tcr968,1
v1295_ss_3_n0,GILGFVFTL_HLA-A*02:01,tcr1523,0
v1296,GILGFVFTL_HLA-A*02:01,tcr971,1
v1296_ss_3_n0,GILGFVFTL_HLA-A*02:01,tcr478,0
v1297,GILGFVFTL_HLA-A*02:01,tcr972,1
v1297_ss_3_n0,GILGFVFTL_HLA-A*02:01,tcr1929,0
v1298,GILGFVFTL_HLA-A*02:01,tcr975,1
v1298_ss_3_n0,GILGFVFTL_HLA-A*02:01,tcr1933,0
v1299,GILGFVFTL_HLA-A*02:01,tcr978,1
v1299_ss_3_n0,GILGFVFTL_HLA-A*02:01,tcr1014,0
v1300,GILGFVFTL_HLA-A*02:01,tcr98,1
v1300_ss_3_n0,GILGFVFTL_HLA-A*02:01,tcr1014,0
v1301,GILGFVFTL_HLA-A*02:01,tcr983,1
v1301_ss_3_n0,GILGFVFTL_HLA-A*02:01,tcr1572,0
v1302,GILGFVFTL_HLA-A*02:01,tcr984,1
v1302_ss_3_n0,GILGFVFTL_HLA-A*02:01,tcr779,0
v1303,GILGFVFTL_HLA-A*02:01,tcr987,1
v1303_ss_3_n0,GILGFVFTL_HLA-A*02:01,tcr1049,0
v1304,GILGFVFTL_HLA-A*02:01,tcr989,1
v1304_ss_3_n0,GILGFVFTL_HLA-A*02:01,tcr1289,0
v1305,GILGFVFTL_HLA-A*02:01,tcr993,1
v1305_ss_3_n0,GILGFVFTL_HLA-A*02:01,tcr12,0
v1306,GILGFVFTL_HLA-A*02:01,tcr995,1
v1306_ss_3_n0,GILGFVFTL_HLA-A*02:01,tcr148,0
v1307,GILGFVFTL_HLA-A*02:01,tcr997,1
v1307_ss_3_n0,GILGFVFTL_HLA-A*02:01,tcr222,0
v1308,GILGFVFTL_HLA-A*02:01,tcr999,1
v1308_ss_3_n0,GILGFVFTL_HLA-A*02:01,tcr812,0
v1309,GLCTLVAML_HLA-A*02:01,tcr1110,1
v1309_ss_3_n0,GLCTLVAML_HLA-A*02:01,tcr1195,0
v1310,GLCTLVAML_HLA-A*02:01,tcr1166,1
v1310_ss_3_n0,GLCTLVAML_HLA-A*02:01,tcr1806,0
v1311,GLCTLVAML_HLA-A*02:01,tcr1184,1
v1311_ss_3_n0,GLCTLVAML_HLA-A*02:01,tcr1943,0
v1312,GLCTLVAML_HLA-A*02:01,tcr1303,1
v1312_ss_3_n0,GLCTLVAML_HLA-A*02:01,tcr599,0
v1313,GLCTLVAML_HLA-A*02:01,tcr139,1
v1313_ss_3_n0,GLCTLVAML_HLA-A*02:01,tcr615,0
v1314,GLCTLVAML_HLA-A*02:01,tcr141,1
v1314_ss_3_n0,GLCTLVAML_HLA-A*02:01,tcr1298,0
v1315,GLCTLVAML_HLA-A*02:01,tcr1430,1
v1315_ss_3_n0,GLCTLVAML_HLA-A*02:01,tcr1081,0
v1316,GLCTLVAML_HLA-A*02:01,tcr1467,1
v1316_ss_3_n0,GLCTLVAML_HLA-A*02:01,tcr1924,0
v1317,GLCTLVAML_HLA-A*02:01,tcr1476,1
v1317_ss_3_n0,GLCTLVAML_HLA-A*02:01,tcr520,0
v1318,GLCTLVAML_HLA-A*02:01,tcr1517,1
v1318_ss_3_n0,GLCTLVAML_HLA-A*02:01,tcr237,0
v1319,GLCTLVAML_HLA-A*02:01,tcr1560,1
v1319_ss_3_n0,GLCTLVAML_HLA-A*02:01,tcr97,0
v1320,GLCTLVAML_HLA-A*02:01,tcr1670,1
v1320_ss_3_n0,GLCTLVAML_HLA-A*02:01,tcr1623,0
v1321,GLCTLVAML_HLA-A*02:01,tcr1690,1
v1321_ss_3_n0,GLCTLVAML_HLA-A*02:01,tcr403,0
v1322,GLCTLVAML_HLA-A*02:01,tcr1694,1
v1322_ss_3_n0,GLCTLVAML_HLA-A*02:01,tcr1133,0
v1323,GLCTLVAML_HLA-A*02:01,tcr1746,1
v1323_ss_3_n0,GLCTLVAML_HLA-A*02:01,tcr2024,0
v1324,GLCTLVAML_HLA-A*02:01,tcr1757,1
v1324_ss_3_n0,GLCTLVAML_HLA-A*02:01,tcr917,0
v1325,GLCTLVAML_HLA-A*02:01,tcr1793,1
v1325_ss_3_n0,GLCTLVAML_HLA-A*02:01,tcr95,0
v1326,GLCTLVAML_HLA-A*02:01,tcr1818,1
v1326_ss_3_n0,GLCTLVAML_HLA-A*02:01,tcr1442,0
v1327,GLCTLVAML_HLA-A*02:01,tcr1820,1
v1327_ss_3_n0,GLCTLVAML_HLA-A*02:01,tcr1176,0
v1328,GLCTLVAML_HLA-A*02:01,tcr1823,1
v1328_ss_3_n0,GLCTLVAML_HLA-A*02:01,tcr914,0
v1329,GLCTLVAML_HLA-A*02:01,tcr1944,1
v1329_ss_3_n0,GLCTLVAML_HLA-A*02:01,tcr2188,0
v1330,GLCTLVAML_HLA-A*02:01,tcr2074,1
v1330_ss_3_n0,GLCTLVAML_HLA-A*02:01,tcr703,0
v1331,GLCTLVAML_HLA-A*02:01,tcr2097,1
v1331_ss_3_n0,GLCTLVAML_HLA-A*02:01,tcr401,0
v1332,GLCTLVAML_HLA-A*02:01,tcr2211,1
v1332_ss_3_n0,GLCTLVAML_HLA-A*02:01,tcr1564,0
v1333,GLCTLVAML_HLA-A*02:01,tcr222,1
v1333_ss_3_n0,GLCTLVAML_HLA-A*02:01,tcr1987,0
v1334,GLCTLVAML_HLA-A*02:01,tcr2225,1
v1334_ss_3_n0,GLCTLVAML_HLA-A*02:01,tcr355,0
v1335,GLCTLVAML_HLA-A*02:01,tcr334,1
v1335_ss_3_n0,GLCTLVAML_HLA-A*02:01,tcr150,0
v1336,GLCTLVAML_HLA-A*02:01,tcr384,1
v1336_ss_3_n0,GLCTLVAML_HLA-A*02:01,tcr190,0
v1337,GLCTLVAML_HLA-A*02:01,tcr417,1
v1337_ss_3_n0,GLCTLVAML_HLA-A*02:01,tcr480,0
v1338,GLCTLVAML_HLA-A*02:01,tcr429,1
v1338_ss_3_n0,GLCTLVAML_HLA-A*02:01,tcr2110,0
v1339,GLCTLVAML_HLA-A*02:01,tcr536,1
v1339_ss_3_n0,GLCTLVAML_HLA-A*02:01,tcr1421,0
v1340,GLCTLVAML_HLA-A*02:01,tcr545,1
v1340_ss_3_n0,GLCTLVAML_HLA-A*02:01,tcr799,0
v1341,GLCTLVAML_HLA-A*02:01,tcr560,1
v1341_ss_3_n0,GLCTLVAML_HLA-A*02:01,tcr1409,0
v1342,GLCTLVAML_HLA-A*02:01,tcr645,1
v1342_ss_3_n0,GLCTLVAML_HLA-A*02:01,tcr2063,0
v1343,GLCTLVAML_HLA-A*02:01,tcr647,1
v1343_ss_3_n0,GLCTLVAML_HLA-A*02:01,tcr1237,0
v1344,GLCTLVAML_HLA-A*02:01,tcr682,1
v1344_ss_3_n0,GLCTLVAML_HLA-A*02:01,tcr1855,0
v1345,GLCTLVAML_HLA-A*02:01,tcr71,1
v1345_ss_3_n0,GLCTLVAML_HLA-A*02:01,tcr2031,0
v1346,GLCTLVAML_HLA-A*02:01,tcr715,1
v1346_ss_3_n0,GLCTLVAML_HLA-A*02:01,tcr1456,0
v1347,GLCTLVAML_HLA-A*02:01,tcr72,1
v1347_ss_3_n0,GLCTLVAML_HLA-A*02:01,tcr2061,0
v1348,GLCTLVAML_HLA-A*02:01,tcr745,1
v1348_ss_3_n0,GLCTLVAML_HLA-A*02:01,tcr1981,0
v1349,GLCTLVAML_HLA-A*02:01,tcr756,1
v1349_ss_3_n0,GLCTLVAML_HLA-A*02:01,tcr309,0
v1350,GLCTLVAML_HLA-A*02:01,tcr806,1
v1350_ss_3_n0,GLCTLVAML_HLA-A*02:01,tcr1253,0
v1351,GLCTLVAML_HLA-A*02:01,tcr826,1
v1351_ss_3_n0,GLCTLVAML_HLA-A*02:01,tcr116,0
v1352,GLCTLVAML_HLA-A*02:01,tcr845,1
v1352_ss_3_n0,GLCTLVAML_HLA-A*02:01,tcr1530,0
v1353,GLCTLVAML_HLA-A*02:01,tcr851,1
v1353_ss_3_n0,GLCTLVAML_HLA-A*02:01,tcr1334,0
v1354,GLCTLVAML_HLA-A*02:01,tcr856,1
v1354_ss_3_n0,GLCTLVAML_HLA-A*02:01,tcr1,0
v1355,GLCTLVAML_HLA-A*02:01,tcr876,1
v1355_ss_3_n0,GLCTLVAML_HLA-A*02:01,tcr419,0
v1356,GLCTLVAML_HLA-A*02:01,tcr9,1
v1356_ss_3_n0,GLCTLVAML_HLA-A*02:01,tcr1507,0
v1357,GLCTLVAML_HLA-A*02:01,tcr906,1
v1357_ss_3_n0,GLCTLVAML_HLA-A*02:01,tcr1880,0
v1358,GLCTLVAML_HLA-A*02:01,tcr99,1
v1358_ss_3_n0,GLCTLVAML_HLA-A*02:01,tcr746,0
v1359,GLCTLVAML_HLA-A*02:01,tcr998,1
v1359_ss_3_n0,GLCTLVAML_HLA-A*02:01,tcr860,0
v1360,GMDYHNGHL_HLA-A*02:01,tcr1880,1
v1360_ss_3_n0,GMDYHNGHL_HLA-A*02:01,tcr2102,0
v1369,GQVMVVAPR_HLA-B*27:05,tcr1489,1
v1369_ss_3_n0,GQVMVVAPR_HLA-B*27:05,tcr1744,0
v1370,GTSGSPIINR_HLA-A*11:01,tcr1151,1
v1370_ss_3_n0,GTSGSPIINR_HLA-A*11:01,tcr756,0
v1371,GTSGSPIINR_HLA-A*11:01,tcr505,1
v1371_ss_3_n0,GTSGSPIINR_HLA-A*11:01,tcr2136,0
v1372,GTSGSPIINR_HLA-A*11:01,tcr64,1
v1372_ss_3_n0,GTSGSPIINR_HLA-A*11:01,tcr480,0
v1376,GVYALIAGA_HLA-A*02:01,tcr1810,1
v1376_ss_3_n0,GVYALIAGA_HLA-A*02:01,tcr266,0
v1377,GVYALIAGA_HLA-A*02:01,tcr2061,1
v1377_ss_3_n0,GVYALIAGA_HLA-A*02:01,tcr909,0
v1378,GVYALIAGA_HLA-A*02:01,tcr461,1
v1378_ss_3_n0,GVYALIAGA_HLA-A*02:01,tcr1578,0
v1379,GVYDGREHTV_HLA-A*02:01,tcr437,1
v1379_ss_3_n0,GVYDGREHTV_HLA-A*02:01,tcr1808,0
v1384,HPNGYKSLSTL_HLA-B*07:02,tcr1052,1
v1384_ss_3_n0,HPNGYKSLSTL_HLA-B*07:02,tcr1199,0
v1385,HPNGYKSLSTL_HLA-B*07:02,tcr1054,1
v1385_ss_3_n0,HPNGYKSLSTL_HLA-B*07:02,tcr1416,0
v1386,HPNGYKSLSTL_HLA-B*07:02,tcr1096,1
v1386_ss_3_n0,HPNGYKSLSTL_HLA-B*07:02,tcr197,0
v1387,HPNGYKSLSTL_HLA-B*07:02,tcr1466,1
v1387_ss_3_n0,HPNGYKSLSTL_HLA-B*07:02,tcr58,0
v1388,HPNGYKSLSTL_HLA-B*07:02,tcr1644,1
v1388_ss_3_n0,HPNGYKSLSTL_HLA-B*07:02,tcr1131,0
v1389,HPNGYKSLSTL_HLA-B*07:02,tcr1702,1
v1389_ss_3_n0,HPNGYKSLSTL_HLA-B*07:02,tcr700,0
v1390,HPNGYKSLSTL_HLA-B*07:02,tcr1737,1
v1390_ss_3_n0,HPNGYKSLSTL_HLA-B*07:02,tcr935,0
v1391,HPNGYKSLSTL_HLA-B*07:02,tcr2008,1
v1391_ss_3_n0,HPNGYKSLSTL_HLA-B*07:02,tcr1284,0
v1392,HPNGYKSLSTL_HLA-B*07:02,tcr2043,1
v1392_ss_3_n0,HPNGYKSLSTL_HLA-B*07:02,tcr851,0
v1393,HPNGYKSLSTL_HLA-B*07:02,tcr2050,1
v1393_ss_3_n0,HPNGYKSLSTL_HLA-B*07:02,tcr280,0
v1394,HPNGYKSLSTL_HLA-B*07:02,tcr2075,1
v1394_ss_3_n0,HPNGYKSLSTL_HLA-B*07:02,tcr915,0
v1395,HPNGYKSLSTL_HLA-B*07:02,tcr2094,1
v1395_ss_3_n0,HPNGYKSLSTL_HLA-B*07:02,tcr1428,0
v1396,HPNGYKSLSTL_HLA-B*07:02,tcr2103,1
v1396_ss_3_n0,HPNGYKSLSTL_HLA-B*07:02,tcr1732,0
v1397,HPNGYKSLSTL_HLA-B*07:02,tcr219,1
v1397_ss_3_n0,HPNGYKSLSTL_HLA-B*07:02,tcr993,0
v1398,HPNGYKSLSTL_HLA-B*07:02,tcr241,1
v1398_ss_3_n0,HPNGYKSLSTL_HLA-B*07:02,tcr495,0
v1399,HPNGYKSLSTL_HLA-B*07:02,tcr264,1
v1399_ss_3_n0,HPNGYKSLSTL_HLA-B*07:02,tcr856,0
v1400,HPNGYKSLSTL_HLA-B*07:02,tcr281,1
v1400_ss_3_n0,HPNGYKSLSTL_HLA-B*07:02,tcr1664,0
v1401,HPNGYKSLSTL_HLA-B*07:02,tcr330,1
v1401_ss_3_n0,HPNGYKSLSTL_HLA-B*07:02,tcr612,0
v1402,HPNGYKSLSTL_HLA-B*07:02,tcr34,1
v1402_ss_3_n0,HPNGYKSLSTL_HLA-B*07:02,tcr2144,0
v1403,HPNGYKSLSTL_HLA-B*07:02,tcr465,1
v1403_ss_3_n0,HPNGYKSLSTL_HLA-B*07:02,tcr1108,0
v1404,HPNGYKSLSTL_HLA-B*07:02,tcr537,1
v1404_ss_3_n0,HPNGYKSLSTL_HLA-B*07:02,tcr458,0
v1405,HPNGYKSLSTL_HLA-B*07:02,tcr625,1
v1405_ss_3_n0,HPNGYKSLSTL_HLA-B*07:02,tcr1944,0
v1406,HPNGYKSLSTL_HLA-B*07:02,tcr686,1
v1406_ss_3_n0,HPNGYKSLSTL_HLA-B*07:02,tcr968,0
v1407,HPNGYKSLSTL_HLA-B*07:02,tcr732,1
v1407_ss_3_n0,HPNGYKSLSTL_HLA-B*07:02,tcr717,0
v1408,HPNGYKSLSTL_HLA-B*07:02,tcr77,1
v1408_ss_3_n0,HPNGYKSLSTL_HLA-B*07:02,tcr631,0
v1409,HPNGYKSLSTL_HLA-B*07:02,tcr814,1
v1409_ss_3_n0,HPNGYKSLSTL_HLA-B*07:02,tcr687,0
v1410,HPNGYKSLSTL_HLA-B*07:02,tcr873,1
v1410_ss_3_n0,HPNGYKSLSTL_HLA-B*07:02,tcr926,0
v1411,HPNGYKSLSTL_HLA-B*07:02,tcr991,1
v1411_ss_3_n0,HPNGYKSLSTL_HLA-B*07:02,tcr858,0
v1412,HPVGDADYFEY_HLA-B*35:08,tcr2080,1
v1412_ss_3_n0,HPVGDADYFEY_HLA-B*35:08,tcr798,0
v1413,HPVGEADYFEY_HLA-B*35:01,tcr1229,1
v1413_ss_3_n0,HPVGEADYFEY_HLA-B*35:01,tcr1999,0
v1414,HPVGEADYFEY_HLA-B*35:01,tcr1263,1
v1414_ss_3_n0,HPVGEADYFEY_HLA-B*35:01,tcr1960,0
v1415,HPVGEADYFEY_HLA-B*35:01,tcr1543,1
v1415_ss_3_n0,HPVGEADYFEY_HLA-B*35:01,tcr422,0
v1416,HPVGEADYFEY_HLA-B*35:01,tcr1575,1
v1416_ss_3_n0,HPVGEADYFEY_HLA-B*35:01,tcr2116,0
v1417,HPVGEADYFEY_HLA-B*35:01,tcr2080,1
v1417_ss_3_n0,HPVGEADYFEY_HLA-B*35:01,tcr656,0
v1418,HPVGEADYFEY_HLA-B*35:01,tcr2122,1
v1418_ss_3_n0,HPVGEADYFEY_HLA-B*35:01,tcr1405,0
v1419,HPVGEADYFEY_HLA-B*35:01,tcr506,1
v1419_ss_3_n0,HPVGEADYFEY_HLA-B*35:01,tcr1228,0
v1420,HPVGEADYFEY_HLA-B*35:08,tcr2080,1
v1420_ss_3_n0,HPVGEADYFEY_HLA-B*35:08,tcr1587,0
v1421,HPVGEADYFEY_HLA-B*35:08,tcr839,1
v1421_ss_3_n0,HPVGEADYFEY_HLA-B*35:08,tcr397,0
v1422,HPVGEADYFEY_HLA-B*35:08,tcr842,1
v1422_ss_3_n0,HPVGEADYFEY_HLA-B*35:08,tcr618,0
v1423,HQNPVTGLLL_HLA-B*38:01,tcr573,1
v1423_ss_3_n0,HQNPVTGLLL_HLA-B*38:01,tcr730,0
v1425,HSKKKCDEL_HLA-B*08:01,tcr1259,1
v1425_ss_3_n0,HSKKKCDEL_HLA-B*08:01,tcr947,0
v1426,HYPYRLWHY_HLA-A*03:01,tcr638,1
v1426_ss_3_n0,HYPYRLWHY_HLA-A*03:01,tcr405,0
v1427,ILAKFLHWL_HLA-A*02:01,tcr1182,1
v1427_ss_3_n0,ILAKFLHWL_HLA-A*02:01,tcr1595,0
v1428,ILAKFLHWL_HLA-A*02:01,tcr7,1
v1428_ss_3_n0,ILAKFLHWL_HLA-A*02:01,tcr1197,0
v1429,ILDQVPFSV_HLA-A*02:01,tcr1108,1
v1429_ss_3_n0,ILDQVPFSV_HLA-A*02:01,tcr552,0
v1430,IMDQVPFSV_HLA-A*02:01,tcr80,1
v1430_ss_3_n0,IMDQVPFSV_HLA-A*02:01,tcr1773,0
v1431,IPLTEEAEL_HLA-B*35:01,tcr1150,1
v1431_ss_3_n0,IPLTEEAEL_HLA-B*35:01,tcr1493,0
v1432,IPSINVHHY_HLA-B*35:01,tcr1243,1
v1432_ss_3_n0,IPSINVHHY_HLA-B*35:01,tcr1296,0
v1438,KASEKIFYV_HLA-A*02:01,tcr1216,1
v1438_ss_3_n0,KASEKIFYV_HLA-A*02:01,tcr1210,0
v1439,KASEKIFYV_HLA-A*02:01,tcr1304,1
v1439_ss_3_n0,KASEKIFYV_HLA-A*02:01,tcr417,0
v1440,KASEKIFYV_HLA-A*02:01,tcr1614,1
v1440_ss_3_n0,KASEKIFYV_HLA-A*02:01,tcr1200,0
v1441,KASEKIFYV_HLA-A*02:01,tcr992,1
v1441_ss_3_n0,KASEKIFYV_HLA-A*02:01,tcr1220,0
v1442,KIYSKHTPI_HLA-A*02:01,tcr1503,1
v1442_ss_3_n0,KIYSKHTPI_HLA-A*02:01,tcr434,0
v1443,KLFEFLVYGV_HLA-A*02:01,tcr1775,1
v1443_ss_3_n0,KLFEFLVYGV_HLA-A*02:01,tcr1716,0
v1444,KLFEFLVYGV_HLA-A*02:01,tcr190,1
v1444_ss_3_n0,KLFEFLVYGV_HLA-A*02:01,tcr1470,0
v1445,KLFEFLVYGV_HLA-A*02:01,tcr708,1
v1445_ss_3_n0,KLFEFLVYGV_HLA-A*02:01,tcr1314,0
v1446,KLGGALQAK_HLA-A*03:01,tcr1043,1
v1446_ss_3_n0,KLGGALQAK_HLA-A*03:01,tcr2220,0
v1447,KLSALGINAV_HLA-A*02:01,tcr1481,1
v1447_ss_3_n0,KLSALGINAV_HLA-A*02:01,tcr1492,0
v1448,KLSALGINAV_HLA-A*02:01,tcr2000,1
v1448_ss_3_n0,KLSALGINAV_HLA-A*02:01,tcr1480,0
v1449,KLSALGINAV_HLA-A*02:01,tcr2143,1
v1449_ss_3_n0,KLSALGINAV_HLA-A*02:01,tcr1036,0
v1450,KLSALGINAV_HLA-A*02:01,tcr2156,1
v1450_ss_3_n0,KLSALGINAV_HLA-A*02:01,tcr513,0
v1451,KLSALGINAV_HLA-A*02:01,tcr592,1
v1451_ss_3_n0,KLSALGINAV_HLA-A*02:01,tcr1693,0
v1452,KLTESLHKV_HLA-A*02:01,tcr1890,1
v1452_ss_3_n0,KLTESLHKV_HLA-A*02:01,tcr499,0
v1487,KLVAMGINAV_HLA-A*02:01,tcr1015,1
v1487_ss_3_n0,KLVAMGINAV_HLA-A*02:01,tcr1539,0
v1488,KLVAMGINAV_HLA-A*02:01,tcr1472,1
v1488_ss_3_n0,KLVAMGINAV_HLA-A*02:01,tcr185,0
v1489,KLVAMGINAV_HLA-A*02:01,tcr267,1
v1489_ss_3_n0,KLVAMGINAV_HLA-A*02:01,tcr67,0
v1490,KLVAMGINAV_HLA-A*02:01,tcr396,1
v1490_ss_3_n0,KLVAMGINAV_HLA-A*02:01,tcr1592,0
v1491,KLVAMGINAV_HLA-A*02:01,tcr85,1
v1491_ss_3_n0,KLVAMGINAV_HLA-A*02:01,tcr1197,0
v1493,KLYGLDWAEL_HLA-A*02:01,tcr1634,1
v1493_ss_3_n0,KLYGLDWAEL_HLA-A*02:01,tcr1337,0
v1494,KLYGLDWAEL_HLA-A*02:01,tcr1938,1
v1494_ss_3_n0,KLYGLDWAEL_HLA-A*02:01,tcr506,0
v1495,KLYGLDWAEL_HLA-A*02:01,tcr41,1
v1495_ss_3_n0,KLYGLDWAEL_HLA-A*02:01,tcr327,0
v1496,KMDYFSGQL_HLA-A*02:01,tcr1880,1
v1496_ss_3_n0,KMDYFSGQL_HLA-A*02:01,tcr1642,0
v1497,KMDYFSGQL_HLA-A*02:01,tcr818,1
v1497_ss_3_n0,KMDYFSGQL_HLA-A*02:01,tcr972,0
v1498,KPRQKRTAT_HLA-B*07:02,tcr694,1
v1498_ss_3_n0,KPRQKRTAT_HLA-B*07:02,tcr1792,0
v1500,KRWIILGLNK_HLA-B*27:05,tcr2077,1
v1500_ss_3_n0,KRWIILGLNK_HLA-B*27:05,tcr1357,0
v1502,KSKRTPMGF_HLA-B*57:01,tcr1165,1
v1502_ss_3_n0,KSKRTPMGF_HLA-B*57:01,tcr2102,0
v1504,KVDPIGHVY_HLA-A*01:01,tcr203,1
v1504_ss_3_n0,KVDPIGHVY_HLA-A*01:01,tcr1880,0
v1505,KVDPIGHVY_HLA-A*01:01,tcr969,1
v1505_ss_3_n0,KVDPIGHVY_HLA-A*01:01,tcr1092,0
v1506,LGYGFVNYI_HLA-A*02:01,tcr1933,1
v1506_ss_3_n0,LGYGFVNYI_HLA-A*02:01,tcr1880,0
v1508,LLFGKPVYV_HLA-A*02:01,tcr1933,1
v1508_ss_3_n0,LLFGKPVYV_HLA-A*02:01,tcr1590,0
v1509,LLFGYAVYV_HLA-A*02:01,tcr1933,1
v1509_ss_3_n0,LLFGYAVYV_HLA-A*02:01,tcr1664,0
v1510,LLFGYPRYV_HLA-A*02:01,tcr1933,1
v1510_ss_3_n0,LLFGYPRYV_HLA-A*02:01,tcr406,0
v1511,LLFGYPVYV_HLA-A*02:01,tcr1552,1
v1511_ss_3_n0,LLFGYPVYV_HLA-A*02:01,tcr1312,0
v1512,LLFGYPVYV_HLA-A*02:01,tcr168,1
v1512_ss_3_n0,LLFGYPVYV_HLA-A*02:01,tcr177,0
v1513,LLFGYPVYV_HLA-A*02:01,tcr1783,1
v1513_ss_3_n0,LLFGYPVYV_HLA-A*02:01,tcr1462,0
v1514,LLFGYPVYV_HLA-A*02:01,tcr1933,1
v1514_ss_3_n0,LLFGYPVYV_HLA-A*02:01,tcr418,0
v1515,LLFNKVTLA_HLA-A*02:01,tcr955,1
v1515_ss_3_n0,LLFNKVTLA_HLA-A*02:01,tcr482,0
v1516,LLIRWQHFL_HLA-A*02:01,tcr1926,1
v1516_ss_3_n0,LLIRWQHFL_HLA-A*02:01,tcr1441,0
v1518,LMDMHNGQL_HLA-A*02:01,tcr1880,1
v1518_ss_3_n0,LMDMHNGQL_HLA-A*02:01,tcr315,0
v1519,LMDYWQGQL_HLA-A*02:01,tcr1880,1
v1519_ss_3_n0,LMDYWQGQL_HLA-A*02:01,tcr1690,0
v1520,LMDYWQGQL_HLA-A*02:01,tcr818,1
v1520_ss_3_n0,LMDYWQGQL_HLA-A*02:01,tcr12,0
v1521,LPFDKATIM_HLA-B*35:01,tcr823,1
v1521_ss_3_n0,LPFDKATIM_HLA-B*35:01,tcr546,0
v1525,LPFDKSTVM_HLA-B*35:01,tcr519,1
v1525_ss_3_n0,LPFDKSTVM_HLA-B*35:01,tcr2150,0
v1526,LPFDKTTIM_HLA-B*35:01,tcr1572,1
v1526_ss_3_n0,LPFDKTTIM_HLA-B*35:01,tcr1862,0
v1527,LPFDKTTIM_HLA-B*35:01,tcr823,1
v1527_ss_3_n0,LPFDKTTIM_HLA-B*35:01,tcr783,0
v1528,LPFEKSTIM_HLA-B*35:01,tcr519,1
v1528_ss_3_n0,LPFEKSTIM_HLA-B*35:01,tcr171,0
v1529,LPFEKSTIM_HLA-B*35:01,tcr823,1
v1529_ss_3_n0,LPFEKSTIM_HLA-B*35:01,tcr1407,0
v1532,LPPAYTNSF_HLA-B*07:02,tcr105,1
v1532_ss_3_n0,LPPAYTNSF_HLA-B*07:02,tcr1443,0
v1533,LPPAYTNSF_HLA-B*07:02,tcr36,1
v1533_ss_3_n0,LPPAYTNSF_HLA-B*07:02,tcr314,0
v1534,LRVMMLAPF_HLA-B*27:05,tcr1489,1
v1534_ss_3_n0,LRVMMLAPF_HLA-B*27:05,tcr1988,0
v1535,LRVMMLAPF_HLA-B*27:05,tcr325,1
v1535_ss_3_n0,LRVMMLAPF_HLA-B*27:05,tcr2204,0
v1536,LRVMMLAPF_HLA-B*27:05,tcr404,1
v1536_ss_3_n0,LRVMMLAPF_HLA-B*27:05,tcr15,0
v1537,LWMRLLPLL_HLA-A*24:02,tcr1244,1
v1537_ss_3_n0,LWMRLLPLL_HLA-A*24:02,tcr1753,0
v1538,LYPEFIASI_HLA-A*24:02,tcr1764,1
v1538_ss_3_n0,LYPEFIASI_HLA-A*24:02,tcr1489,0
v1539,MEVDPIGHLY_HLA-B*18:01,tcr184,1
v1539_ss_3_n0,MEVDPIGHLY_HLA-B*18:01,tcr2026,0
v1540,MLAKALRKV_HLA-A*02:01,tcr1239,1
v1540_ss_3_n0,MLAKALRKV_HLA-A*02:01,tcr1917,0
v1541,MLAKALRKV_HLA-A*02:01,tcr1433,1
v1541_ss_3_n0,MLAKALRKV_HLA-A*02:01,tcr17,0
v1542,MLAKALRKV_HLA-A*02:01,tcr60,1
v1542_ss_3_n0,MLAKALRKV_HLA-A*02:01,tcr2146,0
v1543,MLFSHGLVK_HLA-A*03:01,tcr287,1
v1543_ss_3_n0,MLFSHGLVK_HLA-A*03:01,tcr1041,0
v1544,MLIGIPVYV_HLA-A*24:02,tcr1803,1
v1544_ss_3_n0,MLIGIPVYV_HLA-A*24:02,tcr2171,0
v1545,MLWGYLQYV_HLA-A*02:01,tcr1933,1
v1545_ss_3_n0,MLWGYLQYV_HLA-A*02:01,tcr23,0
v1546,MLYQHLLPL_HLA-A*02:01,tcr1227,1
v1546_ss_3_n0,MLYQHLLPL_HLA-A*02:01,tcr1970,0
v1547,MMDFFNAQM_HLA-A*02:01,tcr1880,1
v1547_ss_3_n0,MMDFFNAQM_HLA-A*02:01,tcr1866,0
v1548,MMDFFNAQM_HLA-A*02:01,tcr818,1
v1548_ss_3_n0,MMDFFNAQM_HLA-A*02:01,tcr1445,0
v1551,MQLFFSYFA_HLA-A*02:01,tcr1422,1
v1551_ss_3_n0,MQLFFSYFA_HLA-A*02:01,tcr797,0
v1552,MVWGPDPLYV_HLA-A*02:01,tcr915,1
v1552_ss_3_n0,MVWGPDPLYV_HLA-A*02:01,tcr271,0
v1557,NLVPMVATV_HLA-A*02:01,tcr1012,1
v1557_ss_3_n0,NLVPMVATV_HLA-A*02:01,tcr1784,0
v1558,NLVPMVATV_HLA-A*02:01,tcr1013,1
v1558_ss_3_n0,NLVPMVATV_HLA-A*02:01,tcr1551,0
v1559,NLVPMVATV_HLA-A*02:01,tcr1014,1
v1559_ss_3_n0,NLVPMVATV_HLA-A*02:01,tcr267,0
v1560,NLVPMVATV_HLA-A*02:01,tcr1017,1
v1560_ss_3_n0,NLVPMVATV_HLA-A*02:01,tcr2048,0
v1561,NLVPMVATV_HLA-A*02:01,tcr1024,1
v1561_ss_3_n0,NLVPMVATV_HLA-A*02:01,tcr784,0
v1562,NLVPMVATV_HLA-A*02:01,tcr1028,1
v1562_ss_3_n0,NLVPMVATV_HLA-A*02:01,tcr815,0
v1563,NLVPMVATV_HLA-A*02:01,tcr1034,1
v1563_ss_3_n0,NLVPMVATV_HLA-A*02:01,tcr531,0
v1564,NLVPMVATV_HLA-A*02:01,tcr1036,1
v1564_ss_3_n0,NLVPMVATV_HLA-A*02:01,tcr361,0
v1565,NLVPMVATV_HLA-A*02:01,tcr1039,1
v1565_ss_3_n0,NLVPMVATV_HLA-A*02:01,tcr1838,0
v1566,NLVPMVATV_HLA-A*02:01,tcr104,1
v1566_ss_3_n0,NLVPMVATV_HLA-A*02:01,tcr725,0
v1567,NLVPMVATV_HLA-A*02:01,tcr1048,1
v1567_ss_3_n0,NLVPMVATV_HLA-A*02:01,tcr99,0
v1568,NLVPMVATV_HLA-A*02:01,tcr1051,1
v1568_ss_3_n0,NLVPMVATV_HLA-A*02:01,tcr621,0
v1569,NLVPMVATV_HLA-A*02:01,tcr1071,1
v1569_ss_3_n0,NLVPMVATV_HLA-A*02:01,tcr2133,0
v1570,NLVPMVATV_HLA-A*02:01,tcr1088,1
v1570_ss_3_n0,NLVPMVATV_HLA-A*02:01,tcr279,0
v1571,NLVPMVATV_HLA-A*02:01,tcr1118,1
v1571_ss_3_n0,NLVPMVATV_HLA-A*02:01,tcr1348,0
v1572,NLVPMVATV_HLA-A*02:01,tcr1121,1
v1572_ss_3_n0,NLVPMVATV_HLA-A*02:01,tcr4,0
v1573,NLVPMVATV_HLA-A*02:01,tcr1127,1
v1573_ss_3_n0,NLVPMVATV_HLA-A*02:01,tcr229,0
v1574,NLVPMVATV_HLA-A*02:01,tcr1128,1
v1574_ss_3_n0,NLVPMVATV_HLA-A*02:01,tcr528,0
v1575,NLVPMVATV_HLA-A*02:01,tcr1147,1
v1575_ss_3_n0,NLVPMVATV_HLA-A*02:01,tcr1713,0
v1576,NLVPMVATV_HLA-A*02:01,tcr1160,1
v1576_ss_3_n0,NLVPMVATV_HLA-A*02:01,tcr2159,0
v1577,NLVPMVATV_HLA-A*02:01,tcr1164,1
v1577_ss_3_n0,NLVPMVATV_HLA-A*02:01,tcr990,0
v1578,NLVPMVATV_HLA-A*02:01,tcr1170,1
v1578_ss_3_n0,NLVPMVATV_HLA-A*02:01,tcr954,0
v1579,NLVPMVATV_HLA-A*02:01,tcr1172,1
v1579_ss_3_n0,NLVPMVATV_HLA-A*02:01,tcr2023,0
v1580,NLVPMVATV_HLA-A*02:01,tcr1176,1
v1580_ss_3_n0,NLVPMVATV_HLA-A*02:01,tcr1880,0
v1581,NLVPMVATV_HLA-A*02:01,tcr118,1
v1581_ss_3_n0,NLVPMVATV_HLA-A*02:01,tcr1814,0
v1582,NLVPMVATV_HLA-A*02:01,tcr1188,1
v1582_ss_3_n0,NLVPMVATV_HLA-A*02:01,tcr504,0
v1583,NLVPMVATV_HLA-A*02:01,tcr1199,1
v1583_ss_3_n0,NLVPMVATV_HLA-A*02:01,tcr1460,0
v1584,NLVPMVATV_HLA-A*02:01,tcr1223,1
v1584_ss_3_n0,NLVPMVATV_HLA-A*02:01,tcr1974,0
v1585,NLVPMVATV_HLA-A*02:01,tcr1228,1
v1585_ss_3_n0,NLVPMVATV_HLA-A*02:01,tcr1392,0
v1586,NLVPMVATV_HLA-A*02:01,tcr1236,1
v1586_ss_3_n0,NLVPMVATV_HLA-A*02:01,tcr517,0
v1587,NLVPMVATV_HLA-A*02:01,tcr1237,1
v1587_ss_3_n0,NLVPMVATV_HLA-A*02:01,tcr26,0
v1588,NLVPMVATV_HLA-A*02:01,tcr1241,1
v1588_ss_3_n0,NLVPMVATV_HLA-A*02:01,tcr1077,0
v1589,NLVPMVATV_HLA-A*02:01,tcr1257,1
v1589_ss_3_n0,NLVPMVATV_HLA-A*02:01,tcr213,0
v1590,NLVPMVATV_HLA-A*02:01,tcr1261,1
v1590_ss_3_n0,NLVPMVATV_HLA-A*02:01,tcr1298,0
v1591,NLVPMVATV_HLA-A*02:01,tcr1287,1
v1591_ss_3_n0,NLVPMVATV_HLA-A*02:01,tcr1614,0
v1592,NLVPMVATV_HLA-A*02:01,tcr1289,1
v1592_ss_3_n0,NLVPMVATV_HLA-A*02:01,tcr2014,0
v1593,NLVPMVATV_HLA-A*02:01,tcr1290,1
v1593_ss_3_n0,NLVPMVATV_HLA-A*02:01,tcr998,0
v1594,NLVPMVATV_HLA-A*02:01,tcr1293,1
v1594_ss_3_n0,NLVPMVATV_HLA-A*02:01,tcr942,0
v1595,NLVPMVATV_HLA-A*02:01,tcr1309,1
v1595_ss_3_n0,NLVPMVATV_HLA-A*02:01,tcr1503,0
v1596,NLVPMVATV_HLA-A*02:01,tcr1319,1
v1596_ss_3_n0,NLVPMVATV_HLA-A*02:01,tcr356,0
v1597,NLVPMVATV_HLA-A*02:01,tcr1324,1
v1597_ss_3_n0,NLVPMVATV_HLA-A*02:01,tcr903,0
v1598,NLVPMVATV_HLA-A*02:01,tcr1329,1
v1598_ss_3_n0,NLVPMVATV_HLA-A*02:01,tcr1570,0
v1599,NLVPMVATV_HLA-A*02:01,tcr1334,1
v1599_ss_3_n0,NLVPMVATV_HLA-A*02:01,tcr206,0
v1600,NLVPMVATV_HLA-A*02:01,tcr134,1
v1600_ss_3_n0,NLVPMVATV_HLA-A*02:01,tcr54,0
v1601,NLVPMVATV_HLA-A*02:01,tcr135,1
v1601_ss_3_n0,NLVPMVATV_HLA-A*02:01,tcr160,0
v1602,NLVPMVATV_HLA-A*02:01,tcr1366,1
v1602_ss_3_n0,NLVPMVATV_HLA-A*02:01,tcr1200,0
v1603,NLVPMVATV_HLA-A*02:01,tcr1369,1
v1603_ss_3_n0,NLVPMVATV_HLA-A*02:01,tcr904,0
v1604,NLVPMVATV_HLA-A*02:01,tcr1375,1
v1604_ss_3_n0,NLVPMVATV_HLA-A*02:01,tcr12,0
v1605,NLVPMVATV_HLA-A*02:01,tcr1385,1
v1605_ss_3_n0,NLVPMVATV_HLA-A*02:01,tcr2094,0
v1606,NLVPMVATV_HLA-A*02:01,tcr1386,1
v1606_ss_3_n0,NLVPMVATV_HLA-A*02:01,tcr428,0
v1607,NLVPMVATV_HLA-A*02:01,tcr1397,1
v1607_ss_3_n0,NLVPMVATV_HLA-A*02:01,tcr611,0
v1608,NLVPMVATV_HLA-A*02:01,tcr1400,1
v1608_ss_3_n0,NLVPMVATV_HLA-A*02:01,tcr2103,0
v1609,NLVPMVATV_HLA-A*02:01,tcr1409,1
v1609_ss_3_n0,NLVPMVATV_HLA-A*02:01,tcr1624,0
v1610,NLVPMVATV_HLA-A*02:01,tcr1410,1
v1610_ss_3_n0,NLVPMVATV_HLA-A*02:01,tcr2086,0
v1611,NLVPMVATV_HLA-A*02:01,tcr1425,1
v1611_ss_3_n0,NLVPMVATV_HLA-A*02:01,tcr959,0
v1612,NLVPMVATV_HLA-A*02:01,tcr1441,1
v1612_ss_3_n0,NLVPMVATV_HLA-A*02:01,tcr1727,0
v1613,NLVPMVATV_HLA-A*02:01,tcr1445,1
v1613_ss_3_n0,NLVPMVATV_HLA-A*02:01,tcr143,0
v1614,NLVPMVATV_HLA-A*02:01,tcr1447,1
v1614_ss_3_n0,NLVPMVATV_HLA-A*02:01,tcr1674,0
v1615,NLVPMVATV_HLA-A*02:01,tcr1453,1
v1615_ss_3_n0,NLVPMVATV_HLA-A*02:01,tcr1859,0
v1616,NLVPMVATV_HLA-A*02:01,tcr1456,1
v1616_ss_3_n0,NLVPMVATV_HLA-A*02:01,tcr146,0
v1617,NLVPMVATV_HLA-A*02:01,tcr1458,1
v1617_ss_3_n0,NLVPMVATV_HLA-A*02:01,tcr140,0
v1618,NLVPMVATV_HLA-A*02:01,tcr1470,1
v1618_ss_3_n0,NLVPMVATV_HLA-A*02:01,tcr309,0
v1619,NLVPMVATV_HLA-A*02:01,tcr1494,1
v1619_ss_3_n0,NLVPMVATV_HLA-A*02:01,tcr1683,0
v1620,NLVPMVATV_HLA-A*02:01,tcr150,1
v1620_ss_3_n0,NLVPMVATV_HLA-A*02:01,tcr147,0
v1621,NLVPMVATV_HLA-A*02:01,tcr1502,1
v1621_ss_3_n0,NLVPMVATV_HLA-A*02:01,tcr281,0
v1622,NLVPMVATV_HLA-A*02:01,tcr1508,1
v1622_ss_3_n0,NLVPMVATV_HLA-A*02:01,tcr2020,0
v1623,NLVPMVATV_HLA-A*02:01,tcr1516,1
v1623_ss_3_n0,NLVPMVATV_HLA-A*02:01,tcr1129,0
v1624,NLVPMVATV_HLA-A*02:01,tcr1527,1
v1624_ss_3_n0,NLVPMVATV_HLA-A*02:01,tcr1019,0
v1625,NLVPMVATV_HLA-A*02:01,tcr1528,1
v1625_ss_3_n0,NLVPMVATV_HLA-A*02:01,tcr1031,0
v1626,NLVPMVATV_HLA-A*02:01,tcr1533,1
v1626_ss_3_n0,NLVPMVATV_HLA-A*02:01,tcr1566,0
v1627,NLVPMVATV_HLA-A*02:01,tcr1534,1
v1627_ss_3_n0,NLVPMVATV_HLA-A*02:01,tcr197,0
v1628,NLVPMVATV_HLA-A*02:01,tcr154,1
v1628_ss_3_n0,NLVPMVATV_HLA-A*02:01,tcr994,0
v1629,NLVPMVATV_HLA-A*02:01,tcr155,1
v1629_ss_3_n0,NLVPMVATV_HLA-A*02:01,tcr289,0
v1630,NLVPMVATV_HLA-A*02:01,tcr1553,1
v1630_ss_3_n0,NLVPMVATV_HLA-A*02:01,tcr2121,0
v1631,NLVPMVATV_HLA-A*02:01,tcr1556,1
v1631_ss_3_n0,NLVPMVATV_HLA-A*02:01,tcr195,0
v1632,NLVPMVATV_HLA-A*02:01,tcr1561,1
v1632_ss_3_n0,NLVPMVATV_HLA-A*02:01,tcr321,0
v1633,NLVPMVATV_HLA-A*02:01,tcr1564,1
v1633_ss_3_n0,NLVPMVATV_HLA-A*02:01,tcr835,0
v1634,NLVPMVATV_HLA-A*02:01,tcr1569,1
v1634_ss_3_n0,NLVPMVATV_HLA-A*02:01,tcr780,0
v1635,NLVPMVATV_HLA-A*02:01,tcr1606,1
v1635_ss_3_n0,NLVPMVATV_HLA-A*02:01,tcr1281,0
v1636,NLVPMVATV_HLA-A*02:01,tcr162,1
v1636_ss_3_n0,NLVPMVATV_HLA-A*02:01,tcr1805,0
v1637,NLVPMVATV_HLA-A*02:01,tcr1620,1
v1637_ss_3_n0,NLVPMVATV_HLA-A*02:01,tcr2056,0
v1638,NLVPMVATV_HLA-A*02:01,tcr1628,1
v1638_ss_3_n0,NLVPMVATV_HLA-A*02:01,tcr1927,0
v1639,NLVPMVATV_HLA-A*02:01,tcr163,1
v1639_ss_3_n0,NLVPMVATV_HLA-A*02:01,tcr334,0
v1640,NLVPMVATV_HLA-A*02:01,tcr164,1
v1640_ss_3_n0,NLVPMVATV_HLA-A*02:01,tcr1281,0
v1641,NLVPMVATV_HLA-A*02:01,tcr1642,1
v1641_ss_3_n0,NLVPMVATV_HLA-A*02:01,tcr84,0
v1642,NLVPMVATV_HLA-A*02:01,tcr1654,1
v1642_ss_3_n0,NLVPMVATV_HLA-A*02:01,tcr144,0
v1643,NLVPMVATV_HLA-A*02:01,tcr1661,1
v1643_ss_3_n0,NLVPMVATV_HLA-A*02:01,tcr65,0
v1644,NLVPMVATV_HLA-A*02:01,tcr1668,1
v1644_ss_3_n0,NLVPMVATV_HLA-A*02:01,tcr1771,0
v1645,NLVPMVATV_HLA-A*02:01,tcr167,1
v1645_ss_3_n0,NLVPMVATV_HLA-A*02:01,tcr2075,0
v1646,NLVPMVATV_HLA-A*02:01,tcr1671,1
v1646_ss_3_n0,NLVPMVATV_HLA-A*02:01,tcr12,0
v1647,NLVPMVATV_HLA-A*02:01,tcr169,1
v1647_ss_3_n0,NLVPMVATV_HLA-A*02:01,tcr1761,0
v1648,NLVPMVATV_HLA-A*02:01,tcr171,1
v1648_ss_3_n0,NLVPMVATV_HLA-A*02:01,tcr1739,0
v1649,NLVPMVATV_HLA-A*02:01,tcr1710,1
v1649_ss_3_n0,NLVPMVATV_HLA-A*02:01,tcr396,0
v1650,NLVPMVATV_HLA-A*02:01,tcr1729,1
v1650_ss_3_n0,NLVPMVATV_HLA-A*02:01,tcr405,0
v1651,NLVPMVATV_HLA-A*02:01,tcr1735,1
v1651_ss_3_n0,NLVPMVATV_HLA-A*02:01,tcr1792,0
v1652,NLVPMVATV_HLA-A*02:01,tcr1741,1
v1652_ss_3_n0,NLVPMVATV_HLA-A*02:01,tcr1053,0
v1653,NLVPMVATV_HLA-A*02:01,tcr1753,1
v1653_ss_3_n0,NLVPMVATV_HLA-A*02:01,tcr79,0
v1654,NLVPMVATV_HLA-A*02:01,tcr1754,1
v1654_ss_3_n0,NLVPMVATV_HLA-A*02:01,tcr504,0
v1655,NLVPMVATV_HLA-A*02:01,tcr1770,1
v1655_ss_3_n0,NLVPMVATV_HLA-A*02:01,tcr206,0
v1656,NLVPMVATV_HLA-A*02:01,tcr1776,1
v1656_ss_3_n0,NLVPMVATV_HLA-A*02:01,tcr1603,0
v1657,NLVPMVATV_HLA-A*02:01,tcr1777,1
v1657_ss_3_n0,NLVPMVATV_HLA-A*02:01,tcr1478,0
v1658,NLVPMVATV_HLA-A*02:01,tcr1780,1
v1658_ss_3_n0,NLVPMVATV_HLA-A*02:01,tcr513,0
v1659,NLVPMVATV_HLA-A*02:01,tcr181,1
v1659_ss_3_n0,NLVPMVATV_HLA-A*02:01,tcr2225,0
v1660,NLVPMVATV_HLA-A*02:01,tcr1813,1
v1660_ss_3_n0,NLVPMVATV_HLA-A*02:01,tcr824,0
v1661,NLVPMVATV_HLA-A*02:01,tcr183,1
v1661_ss_3_n0,NLVPMVATV_HLA-A*02:01,tcr350,0
v1662,NLVPMVATV_HLA-A*02:01,tcr1846,1
v1662_ss_3_n0,NLVPMVATV_HLA-A*02:01,tcr1699,0
v1663,NLVPMVATV_HLA-A*02:01,tcr185,1
v1663_ss_3_n0,NLVPMVATV_HLA-A*02:01,tcr297,0
v1664,NLVPMVATV_HLA-A*02:01,tcr1862,1
v1664_ss_3_n0,NLVPMVATV_HLA-A*02:01,tcr1152,0
v1665,NLVPMVATV_HLA-A*02:01,tcr1866,1
v1665_ss_3_n0,NLVPMVATV_HLA-A*02:01,tcr474,0
v1666,NLVPMVATV_HLA-A*02:01,tcr1873,1
v1666_ss_3_n0,NLVPMVATV_HLA-A*02:01,tcr1378,0
v1667,NLVPMVATV_HLA-A*02:01,tcr1874,1
v1667_ss_3_n0,NLVPMVATV_HLA-A*02:01,tcr421,0
v1668,NLVPMVATV_HLA-A*02:01,tcr1891,1
v1668_ss_3_n0,NLVPMVATV_HLA-A*02:01,tcr1953,0
v1669,NLVPMVATV_HLA-A*02:01,tcr1897,1
v1669_ss_3_n0,NLVPMVATV_HLA-A*02:01,tcr658,0
v1670,NLVPMVATV_HLA-A*02:01,tcr1899,1
v1670_ss_3_n0,NLVPMVATV_HLA-A*02:01,tcr575,0
v1671,NLVPMVATV_HLA-A*02:01,tcr1902,1
v1671_ss_3_n0,NLVPMVATV_HLA-A*02:01,tcr341,0
v1672,NLVPMVATV_HLA-A*02:01,tcr1916,1
v1672_ss_3_n0,NLVPMVATV_HLA-A*02:01,tcr2092,0
v1673,NLVPMVATV_HLA-A*02:01,tcr1943,1
v1673_ss_3_n0,NLVPMVATV_HLA-A*02:01,tcr885,0
v1674,NLVPMVATV_HLA-A*02:01,tcr1946,1
v1674_ss_3_n0,NLVPMVATV_HLA-A*02:01,tcr589,0
v1675,NLVPMVATV_HLA-A*02:01,tcr1961,1
v1675_ss_3_n0,NLVPMVATV_HLA-A*02:01,tcr2142,0
v1676,NLVPMVATV_HLA-A*02:01,tcr1979,1
v1676_ss_3_n0,NLVPMVATV_HLA-A*02:01,tcr1209,0
v1677,NLVPMVATV_HLA-A*02:01,tcr1983,1
v1677_ss_3_n0,NLVPMVATV_HLA-A*02:01,tcr2218,0
v1678,NLVPMVATV_HLA-A*02:01,tcr199,1
v1678_ss_3_n0,NLVPMVATV_HLA-A*02:01,tcr534,0
v1679,NLVPMVATV_HLA-A*02:01,tcr1995,1
v1679_ss_3_n0,NLVPMVATV_HLA-A*02:01,tcr1624,0
v1680,NLVPMVATV_HLA-A*02:01,tcr200,1
v1680_ss_3_n0,NLVPMVATV_HLA-A*02:01,tcr839,0
v1681,NLVPMVATV_HLA-A*02:01,tcr2015,1
v1681_ss_3_n0,NLVPMVATV_HLA-A*02:01,tcr1163,0
v1682,NLVPMVATV_HLA-A*02:01,tcr2022,1
v1682_ss_3_n0,NLVPMVATV_HLA-A*02:01,tcr665,0
v1683,NLVPMVATV_HLA-A*02:01,tcr2024,1
v1683_ss_3_n0,NLVPMVATV_HLA-A*02:01,tcr1822,0
v1684,NLVPMVATV_HLA-A*02:01,tcr2026,1
v1684_ss_3_n0,NLVPMVATV_HLA-A*02:01,tcr111,0
v1685,NLVPMVATV_HLA-A*02:01,tcr2035,1
v1685_ss_3_n0,NLVPMVATV_HLA-A*02:01,tcr518,0
v1686,NLVPMVATV_HLA-A*02:01,tcr2046,1
v1686_ss_3_n0,NLVPMVATV_HLA-A*02:01,tcr548,0
v1687,NLVPMVATV_HLA-A*02:01,tcr205,1
v1687_ss_3_n0,NLVPMVATV_HLA-A*02:01,tcr2212,0
v1688,NLVPMVATV_HLA-A*02:01,tcr2051,1
v1688_ss_3_n0,NLVPMVATV_HLA-A*02:01,tcr2088,0
v1689,NLVPMVATV_HLA-A*02:01,tcr2054,1
v1689_ss_3_n0,NLVPMVATV_HLA-A*02:01,tcr1454,0
v1690,NLVPMVATV_HLA-A*02:01,tcr2063,1
v1690_ss_3_n0,NLVPMVATV_HLA-A*02:01,tcr1273,0
v1691,NLVPMVATV_HLA-A*02:01,tcr2070,1
v1691_ss_3_n0,NLVPMVATV_HLA-A*02:01,tcr408,0
v1692,NLVPMVATV_HLA-A*02:01,tcr2073,1
v1692_ss_3_n0,NLVPMVATV_HLA-A*02:01,tcr1927,0
v1693,NLVPMVATV_HLA-A*02:01,tcr2081,1
v1693_ss_3_n0,NLVPMVATV_HLA-A*02:01,tcr940,0
v1694,NLVPMVATV_HLA-A*02:01,tcr2087,1
v1694_ss_3_n0,NLVPMVATV_HLA-A*02:01,tcr474,0
v1695,NLVPMVATV_HLA-A*02:01,tcr209,1
v1695_ss_3_n0,NLVPMVATV_HLA-A*02:01,tcr1986,0
v1696,NLVPMVATV_HLA-A*02:01,tcr2099,1
v1696_ss_3_n0,NLVPMVATV_HLA-A*02:01,tcr622,0
v1697,NLVPMVATV_HLA-A*02:01,tcr210,1
v1697_ss_3_n0,NLVPMVATV_HLA-A*02:01,tcr1464,0
v1698,NLVPMVATV_HLA-A*02:01,tcr2124,1
v1698_ss_3_n0,NLVPMVATV_HLA-A*02:01,tcr915,0
v1699,NLVPMVATV_HLA-A*02:01,tcr2136,1
v1699_ss_3_n0,NLVPMVATV_HLA-A*02:01,tcr1682,0
v1700,NLVPMVATV_HLA-A*02:01,tcr2140,1
v1700_ss_3_n0,NLVPMVATV_HLA-A*02:01,tcr392,0
v1701,NLVPMVATV_HLA-A*02:01,tcr2145,1
v1701_ss_3_n0,NLVPMVATV_HLA-A*02:01,tcr1890,0
v1702,NLVPMVATV_HLA-A*02:01,tcr2146,1
v1702_ss_3_n0,NLVPMVATV_HLA-A*02:01,tcr662,0
v1703,NLVPMVATV_HLA-A*02:01,tcr2161,1
v1703_ss_3_n0,NLVPMVATV_HLA-A*02:01,tcr2013,0
v1704,NLVPMVATV_HLA-A*02:01,tcr2166,1
v1704_ss_3_n0,NLVPMVATV_HLA-A*02:01,tcr615,0
v1705,NLVPMVATV_HLA-A*02:01,tcr2167,1
v1705_ss_3_n0,NLVPMVATV_HLA-A*02:01,tcr333,0
v1706,NLVPMVATV_HLA-A*02:01,tcr2170,1
v1706_ss_3_n0,NLVPMVATV_HLA-A*02:01,tcr1157,0
v1707,NLVPMVATV_HLA-A*02:01,tcr2178,1
v1707_ss_3_n0,NLVPMVATV_HLA-A*02:01,tcr900,0
v1708,NLVPMVATV_HLA-A*02:01,tcr2180,1
v1708_ss_3_n0,NLVPMVATV_HLA-A*02:01,tcr1446,0
v1709,NLVPMVATV_HLA-A*02:01,tcr2183,1
v1709_ss_3_n0,NLVPMVATV_HLA-A*02:01,tcr1782,0
v1710,NLVPMVATV_HLA-A*02:01,tcr221,1
v1710_ss_3_n0,NLVPMVATV_HLA-A*02:01,tcr732,0
v1711,NLVPMVATV_HLA-A*02:01,tcr2219,1
v1711_ss_3_n0,NLVPMVATV_HLA-A*02:01,tcr799,0
v1712,NLVPMVATV_HLA-A*02:01,tcr2232,1
v1712_ss_3_n0,NLVPMVATV_HLA-A*02:01,tcr1784,0
v1713,NLVPMVATV_HLA-A*02:01,tcr2234,1
v1713_ss_3_n0,NLVPMVATV_HLA-A*02:01,tcr715,0
v1714,NLVPMVATV_HLA-A*02:01,tcr2236,1
v1714_ss_3_n0,NLVPMVATV_HLA-A*02:01,tcr1063,0
v1715,NLVPMVATV_HLA-A*02:01,tcr225,1
v1715_ss_3_n0,NLVPMVATV_HLA-A*02:01,tcr310,0
v1716,NLVPMVATV_HLA-A*02:01,tcr233,1
v1716_ss_3_n0,NLVPMVATV_HLA-A*02:01,tcr1562,0
v1717,NLVPMVATV_HLA-A*02:01,tcr234,1
v1717_ss_3_n0,NLVPMVATV_HLA-A*02:01,tcr482,0
v1718,NLVPMVATV_HLA-A*02:01,tcr253,1
v1718_ss_3_n0,NLVPMVATV_HLA-A*02:01,tcr213,0
v1719,NLVPMVATV_HLA-A*02:01,tcr266,1
v1719_ss_3_n0,NLVPMVATV_HLA-A*02:01,tcr426,0
v1720,NLVPMVATV_HLA-A*02:01,tcr280,1
v1720_ss_3_n0,NLVPMVATV_HLA-A*02:01,tcr356,0
v1721,NLVPMVATV_HLA-A*02:01,tcr290,1
v1721_ss_3_n0,NLVPMVATV_HLA-A*02:01,tcr696,0
v1722,NLVPMVATV_HLA-A*02:01,tcr292,1
v1722_ss_3_n0,NLVPMVATV_HLA-A*02:01,tcr421,0
v1723,NLVPMVATV_HLA-A*02:01,tcr302,1
v1723_ss_3_n0,NLVPMVATV_HLA-A*02:01,tcr1133,0
v1724,NLVPMVATV_HLA-A*02:01,tcr303,1
v1724_ss_3_n0,NLVPMVATV_HLA-A*02:01,tcr729,0
v1725,NLVPMVATV_HLA-A*02:01,tcr306,1
v1725_ss_3_n0,NLVPMVATV_HLA-A*02:01,tcr2080,0
v1726,NLVPMVATV_HLA-A*02:01,tcr316,1
v1726_ss_3_n0,NLVPMVATV_HLA-A*02:01,tcr1383,0
v1727,NLVPMVATV_HLA-A*02:01,tcr335,1
v1727_ss_3_n0,NLVPMVATV_HLA-A*02:01,tcr2149,0
v1728,NLVPMVATV_HLA-A*02:01,tcr348,1
v1728_ss_3_n0,NLVPMVATV_HLA-A*02:01,tcr1239,0
v1729,NLVPMVATV_HLA-A*02:01,tcr354,1
v1729_ss_3_n0,NLVPMVATV_HLA-A*02:01,tcr2199,0
v1730,NLVPMVATV_HLA-A*02:01,tcr357,1
v1730_ss_3_n0,NLVPMVATV_HLA-A*02:01,tcr1191,0
v1731,NLVPMVATV_HLA-A*02:01,tcr358,1
v1731_ss_3_n0,NLVPMVATV_HLA-A*02:01,tcr1781,0
v1732,NLVPMVATV_HLA-A*02:01,tcr37,1
v1732_ss_3_n0,NLVPMVATV_HLA-A*02:01,tcr697,0
v1733,NLVPMVATV_HLA-A*02:01,tcr375,1
v1733_ss_3_n0,NLVPMVATV_HLA-A*02:01,tcr1694,0
v1734,NLVPMVATV_HLA-A*02:01,tcr387,1
v1734_ss_3_n0,NLVPMVATV_HLA-A*02:01,tcr757,0
v1735,NLVPMVATV_HLA-A*02:01,tcr414,1
v1735_ss_3_n0,NLVPMVATV_HLA-A*02:01,tcr15,0
v1736,NLVPMVATV_HLA-A*02:01,tcr415,1
v1736_ss_3_n0,NLVPMVATV_HLA-A*02:01,tcr1331,0
v1737,NLVPMVATV_HLA-A*02:01,tcr422,1
v1737_ss_3_n0,NLVPMVATV_HLA-A*02:01,tcr215,0
v1738,NLVPMVATV_HLA-A*02:01,tcr446,1
v1738_ss_3_n0,NLVPMVATV_HLA-A*02:01,tcr734,0
v1739,NLVPMVATV_HLA-A*02:01,tcr455,1
v1739_ss_3_n0,NLVPMVATV_HLA-A*02:01,tcr2092,0
v1740,NLVPMVATV_HLA-A*02:01,tcr456,1
v1740_ss_3_n0,NLVPMVATV_HLA-A*02:01,tcr2059,0
v1741,NLVPMVATV_HLA-A*02:01,tcr46,1
v1741_ss_3_n0,NLVPMVATV_HLA-A*02:01,tcr85,0
v1742,NLVPMVATV_HLA-A*02:01,tcr478,1
v1742_ss_3_n0,NLVPMVATV_HLA-A*02:01,tcr103,0
v1743,NLVPMVATV_HLA-A*02:01,tcr479,1
v1743_ss_3_n0,NLVPMVATV_HLA-A*02:01,tcr1667,0
v1744,NLVPMVATV_HLA-A*02:01,tcr480,1
v1744_ss_3_n0,NLVPMVATV_HLA-A*02:01,tcr2135,0
v1745,NLVPMVATV_HLA-A*02:01,tcr494,1
v1745_ss_3_n0,NLVPMVATV_HLA-A*02:01,tcr626,0
v1746,NLVPMVATV_HLA-A*02:01,tcr5,1
v1746_ss_3_n0,NLVPMVATV_HLA-A*02:01,tcr1713,0
v1747,NLVPMVATV_HLA-A*02:01,tcr50,1
v1747_ss_3_n0,NLVPMVATV_HLA-A*02:01,tcr1352,0
v1748,NLVPMVATV_HLA-A*02:01,tcr500,1
v1748_ss_3_n0,NLVPMVATV_HLA-A*02:01,tcr1766,0
v1749,NLVPMVATV_HLA-A*02:01,tcr503,1
v1749_ss_3_n0,NLVPMVATV_HLA-A*02:01,tcr1723,0
v1750,NLVPMVATV_HLA-A*02:01,tcr507,1
v1750_ss_3_n0,NLVPMVATV_HLA-A*02:01,tcr604,0
v1751,NLVPMVATV_HLA-A*02:01,tcr51,1
v1751_ss_3_n0,NLVPMVATV_HLA-A*02:01,tcr761,0
v1752,NLVPMVATV_HLA-A*02:01,tcr512,1
v1752_ss_3_n0,NLVPMVATV_HLA-A*02:01,tcr1398,0
v1753,NLVPMVATV_HLA-A*02:01,tcr515,1
v1753_ss_3_n0,NLVPMVATV_HLA-A*02:01,tcr372,0
v1754,NLVPMVATV_HLA-A*02:01,tcr533,1
v1754_ss_3_n0,NLVPMVATV_HLA-A*02:01,tcr997,0
v1755,NLVPMVATV_HLA-A*02:01,tcr538,1
v1755_ss_3_n0,NLVPMVATV_HLA-A*02:01,tcr1941,0
v1756,NLVPMVATV_HLA-A*02:01,tcr542,1
v1756_ss_3_n0,NLVPMVATV_HLA-A*02:01,tcr2031,0
v1757,NLVPMVATV_HLA-A*02:01,tcr568,1
v1757_ss_3_n0,NLVPMVATV_HLA-A*02:01,tcr96,0
v1758,NLVPMVATV_HLA-A*02:01,tcr578,1
v1758_ss_3_n0,NLVPMVATV_HLA-A*02:01,tcr1518,0
v1759,NLVPMVATV_HLA-A*02:01,tcr58,1
v1759_ss_3_n0,NLVPMVATV_HLA-A*02:01,tcr1750,0
v1760,NLVPMVATV_HLA-A*02:01,tcr580,1
v1760_ss_3_n0,NLVPMVATV_HLA-A*02:01,tcr450,0
v1761,NLVPMVATV_HLA-A*02:01,tcr581,1
v1761_ss_3_n0,NLVPMVATV_HLA-A*02:01,tcr745,0
v1762,NLVPMVATV_HLA-A*02:01,tcr582,1
v1762_ss_3_n0,NLVPMVATV_HLA-A*02:01,tcr727,0
v1763,NLVPMVATV_HLA-A*02:01,tcr593,1
v1763_ss_3_n0,NLVPMVATV_HLA-A*02:01,tcr1258,0
v1764,NLVPMVATV_HLA-A*02:01,tcr595,1
v1764_ss_3_n0,NLVPMVATV_HLA-A*02:01,tcr530,0
v1765,NLVPMVATV_HLA-A*02:01,tcr619,1
v1765_ss_3_n0,NLVPMVATV_HLA-A*02:01,tcr796,0
v1766,NLVPMVATV_HLA-A*02:01,tcr623,1
v1766_ss_3_n0,NLVPMVATV_HLA-A*02:01,tcr1672,0
v1767,NLVPMVATV_HLA-A*02:01,tcr627,1
v1767_ss_3_n0,NLVPMVATV_HLA-A*02:01,tcr829,0
v1768,NLVPMVATV_HLA-A*02:01,tcr632,1
v1768_ss_3_n0,NLVPMVATV_HLA-A*02:01,tcr643,0
v1769,NLVPMVATV_HLA-A*02:01,tcr637,1
v1769_ss_3_n0,NLVPMVATV_HLA-A*02:01,tcr249,0
v1770,NLVPMVATV_HLA-A*02:01,tcr642,1
v1770_ss_3_n0,NLVPMVATV_HLA-A*02:01,tcr1596,0
v1771,NLVPMVATV_HLA-A*02:01,tcr644,1
v1771_ss_3_n0,NLVPMVATV_HLA-A*02:01,tcr1081,0
v1772,NLVPMVATV_HLA-A*02:01,tcr650,1
v1772_ss_3_n0,NLVPMVATV_HLA-A*02:01,tcr1933,0
v1773,NLVPMVATV_HLA-A*02:01,tcr664,1
v1773_ss_3_n0,NLVPMVATV_HLA-A*02:01,tcr1098,0
v1774,NLVPMVATV_HLA-A*02:01,tcr672,1
v1774_ss_3_n0,NLVPMVATV_HLA-A*02:01,tcr1210,0
v1775,NLVPMVATV_HLA-A*02:01,tcr683,1
v1775_ss_3_n0,NLVPMVATV_HLA-A*02:01,tcr1616,0
v1776,NLVPMVATV_HLA-A*02:01,tcr699,1
v1776_ss_3_n0,NLVPMVATV_HLA-A*02:01,tcr1889,0
v1777,NLVPMVATV_HLA-A*02:01,tcr707,1
v1777_ss_3_n0,NLVPMVATV_HLA-A*02:01,tcr1087,0
v1778,NLVPMVATV_HLA-A*02:01,tcr711,1
v1778_ss_3_n0,NLVPMVATV_HLA-A*02:01,tcr1580,0
v1779,NLVPMVATV_HLA-A*02:01,tcr716,1
v1779_ss_3_n0,NLVPMVATV_HLA-A*02:01,tcr1798,0
v1780,NLVPMVATV_HLA-A*02:01,tcr717,1
v1780_ss_3_n0,NLVPMVATV_HLA-A*02:01,tcr879,0
v1781,NLVPMVATV_HLA-A*02:01,tcr740,1
v1781_ss_3_n0,NLVPMVATV_HLA-A*02:01,tcr1354,0
v1782,NLVPMVATV_HLA-A*02:01,tcr770,1
v1782_ss_3_n0,NLVPMVATV_HLA-A*02:01,tcr1098,0
v1783,NLVPMVATV_HLA-A*02:01,tcr772,1
v1783_ss_3_n0,NLVPMVATV_HLA-A*02:01,tcr1875,0
v1784,NLVPMVATV_HLA-A*02:01,tcr775,1
v1784_ss_3_n0,NLVPMVATV_HLA-A*02:01,tcr2172,0
v1785,NLVPMVATV_HLA-A*02:01,tcr788,1
v1785_ss_3_n0,NLVPMVATV_HLA-A*02:01,tcr520,0
v1786,NLVPMVATV_HLA-A*02:01,tcr790,1
v1786_ss_3_n0,NLVPMVATV_HLA-A*02:01,tcr1357,0
v1787,NLVPMVATV_HLA-A*02:01,tcr809,1
v1787_ss_3_n0,NLVPMVATV_HLA-A*02:01,tcr551,0
v1788,NLVPMVATV_HLA-A*02:01,tcr812,1
v1788_ss_3_n0,NLVPMVATV_HLA-A*02:01,tcr1691,0
v1789,NLVPMVATV_HLA-A*02:01,tcr82,1
v1789_ss_3_n0,NLVPMVATV_HLA-A*02:01,tcr56,0
v1790,NLVPMVATV_HLA-A*02:01,tcr821,1
v1790_ss_3_n0,NLVPMVATV_HLA-A*02:01,tcr833,0
v1791,NLVPMVATV_HLA-A*02:01,tcr83,1
v1791_ss_3_n0,NLVPMVATV_HLA-A*02:01,tcr1514,0
v1792,NLVPMVATV_HLA-A*02:01,tcr838,1
v1792_ss_3_n0,NLVPMVATV_HLA-A*02:01,tcr1333,0
v1793,NLVPMVATV_HLA-A*02:01,tcr844,1
v1793_ss_3_n0,NLVPMVATV_HLA-A*02:01,tcr376,0
v1794,NLVPMVATV_HLA-A*02:01,tcr862,1
v1794_ss_3_n0,NLVPMVATV_HLA-A*02:01,tcr2038,0
v1795,NLVPMVATV_HLA-A*02:01,tcr864,1
v1795_ss_3_n0,NLVPMVATV_HLA-A*02:01,tcr1842,0
v1796,NLVPMVATV_HLA-A*02:01,tcr884,1
v1796_ss_3_n0,NLVPMVATV_HLA-A*02:01,tcr1130,0
v1797,NLVPMVATV_HLA-A*02:01,tcr893,1
v1797_ss_3_n0,NLVPMVATV_HLA-A*02:01,tcr287,0
v1798,NLVPMVATV_HLA-A*02:01,tcr899,1
v1798_ss_3_n0,NLVPMVATV_HLA-A*02:01,tcr1933,0
v1799,NLVPMVATV_HLA-A*02:01,tcr905,1
v1799_ss_3_n0,NLVPMVATV_HLA-A*02:01,tcr1288,0
v1800,NLVPMVATV_HLA-A*02:01,tcr909,1
v1800_ss_3_n0,NLVPMVATV_HLA-A*02:01,tcr1511,0
v1801,NLVPMVATV_HLA-A*02:01,tcr91,1
v1801_ss_3_n0,NLVPMVATV_HLA-A*02:01,tcr1814,0
v1802,NLVPMVATV_HLA-A*02:01,tcr921,1
v1802_ss_3_n0,NLVPMVATV_HLA-A*02:01,tcr2052,0
v1803,NLVPMVATV_HLA-A*02:01,tcr926,1
v1803_ss_3_n0,NLVPMVATV_HLA-A*02:01,tcr1757,0
v1804,NLVPMVATV_HLA-A*02:01,tcr966,1
v1804_ss_3_n0,NLVPMVATV_HLA-A*02:01,tcr2037,0
v1805,NLVPMVATV_HLA-A*02:01,tcr970,1
v1805_ss_3_n0,NLVPMVATV_HLA-A*02:01,tcr1076,0
v1806,NLVPMVATV_HLA-A*02:01,tcr974,1
v1806_ss_3_n0,NLVPMVATV_HLA-A*02:01,tcr219,0
v1807,NLVPMVATV_HLA-A*02:01,tcr982,1
v1807_ss_3_n0,NLVPMVATV_HLA-A*02:01,tcr915,0
v1808,NMMWFQGQL_HLA-A*02:01,tcr1880,1
v1808_ss_3_n0,NMMWFQGQL_HLA-A*02:01,tcr478,0
v1809,NMMWFQGQL_HLA-A*02:01,tcr818,1
v1809_ss_3_n0,NMMWFQGQL_HLA-A*02:01,tcr559,0
v1810,NYMPYFFTL_HLA-A*24:02,tcr2114,1
v1810_ss_3_n0,NYMPYFFTL_HLA-A*24:02,tcr1472,0
v1815,QLCDVMFYL_HLA-A*02:01,tcr877,1
v1815_ss_3_n0,QLCDVMFYL_HLA-A*02:01,tcr1425,0
v1817,QTNPVTLQY_HLA-A*29:02,tcr1264,1
v1817_ss_3_n0,QTNPVTLQY_HLA-A*29:02,tcr1038,0
v1818,QYIKWPWYI_HLA-A*24:02,tcr97,1
v1818_ss_3_n0,QYIKWPWYI_HLA-A*24:02,tcr175,0
v1823,RFPLTFGWCF_HLA-A*24:02,tcr829,1
v1823_ss_3_n0,RFPLTFGWCF_HLA-A*24:02,tcr2222,0
v1824,RIRGGDGKM_HLA-B*07:02,tcr1674,1
v1824_ss_3_n0,RIRGGDGKM_HLA-B*07:02,tcr1034,0
v1825,RLARLALVL_HLA-A*02:01,tcr1469,1
v1825_ss_3_n0,RLARLALVL_HLA-A*02:01,tcr850,0
v1826,RLARLALVL_HLA-A*02:01,tcr1537,1
v1826_ss_3_n0,RLARLALVL_HLA-A*02:01,tcr1278,0
v1827,RLARLALVL_HLA-A*02:01,tcr1791,1
v1827_ss_3_n0,RLARLALVL_HLA-A*02:01,tcr1051,0
v1828,RLARLALVL_HLA-A*02:01,tcr2031,1
v1828_ss_3_n0,RLARLALVL_HLA-A*02:01,tcr1510,0
v1829,RLARLALVL_HLA-A*02:01,tcr380,1
v1829_ss_3_n0,RLARLALVL_HLA-A*02:01,tcr2038,0
v1830,RLARLALVL_HLA-A*02:01,tcr388,1
v1830_ss_3_n0,RLARLALVL_HLA-A*02:01,tcr1653,0
v1831,RLARLALVL_HLA-A*02:01,tcr805,1
v1831_ss_3_n0,RLARLALVL_HLA-A*02:01,tcr101,0
v1832,RLDAMNGQL_HLA-A*02:01,tcr1880,1
v1832_ss_3_n0,RLDAMNGQL_HLA-A*02:01,tcr854,0
v1833,RLGPVQNEV_HLA-A*02:01,tcr1007,1
v1833_ss_3_n0,RLGPVQNEV_HLA-A*02:01,tcr983,0
v1834,RLGPVQNEV_HLA-A*02:01,tcr2029,1
v1834_ss_3_n0,RLGPVQNEV_HLA-A*02:01,tcr806,0
v1835,RLITGRLQSL_HLA-A*02:01,tcr1154,1
v1835_ss_3_n0,RLITGRLQSL_HLA-A*02:01,tcr384,0
v1836,RLITGRLQSL_HLA-A*02:01,tcr126,1
v1836_ss_3_n0,RLITGRLQSL_HLA-A*02:01,tcr533,0
v1837,RLITGRLQSL_HLA-A*02:01,tcr1350,1
v1837_ss_3_n0,RLITGRLQSL_HLA-A*02:01,tcr1814,0
v1838,RLITGRLQSL_HLA-A*02:01,tcr1380,1
v1838_ss_3_n0,RLITGRLQSL_HLA-A*02:01,tcr2092,0
v1839,RLITGRLQSL_HLA-A*02:01,tcr1871,1
v1839_ss_3_n0,RLITGRLQSL_HLA-A*02:01,tcr1330,0
v1840,RLITGRLQSL_HLA-A*02:01,tcr1887,1
v1840_ss_3_n0,RLITGRLQSL_HLA-A*02:01,tcr2091,0
v1841,RLITGRLQSL_HLA-A*02:01,tcr2079,1
v1841_ss_3_n0,RLITGRLQSL_HLA-A*02:01,tcr903,0
v1842,RLITGRLQSL_HLA-A*02:01,tcr431,1
v1842_ss_3_n0,RLITGRLQSL_HLA-A*02:01,tcr123,0
v1843,RLITGRLQSL_HLA-A*02:01,tcr451,1
v1843_ss_3_n0,RLITGRLQSL_HLA-A*02:01,tcr1306,0
v1844,RLITGRLQSL_HLA-A*02:01,tcr78,1
v1844_ss_3_n0,RLITGRLQSL_HLA-A*02:01,tcr421,0
v1856,RLQSLQTYV_HLA-A*02:01,tcr472,1
v1856_ss_3_n0,RLQSLQTYV_HLA-A*02:01,tcr1887,0
v1857,RLWGTWVKA_HLA-A*02:01,tcr1032,1
v1857_ss_3_n0,RLWGTWVKA_HLA-A*02:01,tcr284,0
v1858,RLWGTWVKA_HLA-A*02:01,tcr1333,1
v1858_ss_3_n0,RLWGTWVKA_HLA-A*02:01,tcr1083,0
v1859,RLWGTWVKA_HLA-A*02:01,tcr1396,1
v1859_ss_3_n0,RLWGTWVKA_HLA-A*02:01,tcr585,0
v1860,RLWGTWVKA_HLA-A*02:01,tcr1924,1
v1860_ss_3_n0,RLWGTWVKA_HLA-A*02:01,tcr930,0
v1861,RLWGTWVKA_HLA-A*02:01,tcr2148,1
v1861_ss_3_n0,RLWGTWVKA_HLA-A*02:01,tcr1428,0
v1862,RLWGTWVKA_HLA-A*02:01,tcr23,1
v1862_ss_3_n0,RLWGTWVKA_HLA-A*02:01,tcr2051,0
v1863,RLWGTWVKA_HLA-A*02:01,tcr373,1
v1863_ss_3_n0,RLWGTWVKA_HLA-A*02:01,tcr653,0
v1864,RLWGTWVKA_HLA-A*02:01,tcr620,1
v1864_ss_3_n0,RLWGTWVKA_HLA-A*02:01,tcr1948,0
v1865,RLWGTWVKA_HLA-A*02:01,tcr655,1
v1865_ss_3_n0,RLWGTWVKA_HLA-A*02:01,tcr1738,0
v1866,RLWGTWVKA_HLA-A*02:01,tcr976,1
v1866_ss_3_n0,RLWGTWVKA_HLA-A*02:01,tcr710,0
v1867,RMDYNNMQM_HLA-A*02:01,tcr1880,1
v1867_ss_3_n0,RMDYNNMQM_HLA-A*02:01,tcr473,0
v1868,RMFPNAPYL_HLA-A*02:01,tcr1258,1
v1868_ss_3_n0,RMFPNAPYL_HLA-A*02:01,tcr644,0
v1869,RMFPNAPYL_HLA-A*02:01,tcr1478,1
v1869_ss_3_n0,RMFPNAPYL_HLA-A*02:01,tcr1458,0
v1870,RMFPNAPYL_HLA-A*02:01,tcr362,1
v1870_ss_3_n0,RMFPNAPYL_HLA-A*02:01,tcr1400,0
v1871,RMFPNAPYL_HLA-A*02:01,tcr980,1
v1871_ss_3_n0,RMFPNAPYL_HLA-A*02:01,tcr1009,0
v1872,RPHERNGFTVL_HLA-B*07:02,tcr979,1
v1872_ss_3_n0,RPHERNGFTVL_HLA-B*07:02,tcr1595,0
v1873,RPIIRPATL_HLA-B*07:02,tcr1,1
v1873_ss_3_n0,RPIIRPATL_HLA-B*07:02,tcr442,0
v1874,RPIIRPATL_HLA-B*07:02,tcr1016,1
v1874_ss_3_n0,RPIIRPATL_HLA-B*07:02,tcr313,0
v1875,RPIIRPATL_HLA-B*07:02,tcr1042,1
v1875_ss_3_n0,RPIIRPATL_HLA-B*07:02,tcr746,0
v1876,RPIIRPATL_HLA-B*07:02,tcr1055,1
v1876_ss_3_n0,RPIIRPATL_HLA-B*07:02,tcr301,0
v1877,RPIIRPATL_HLA-B*07:02,tcr1146,1
v1877_ss_3_n0,RPIIRPATL_HLA-B*07:02,tcr1824,0
v1878,RPIIRPATL_HLA-B*07:02,tcr147,1
v1878_ss_3_n0,RPIIRPATL_HLA-B*07:02,tcr536,0
v1879,RPIIRPATL_HLA-B*07:02,tcr1506,1
v1879_ss_3_n0,RPIIRPATL_HLA-B*07:02,tcr2166,0
v1880,RPIIRPATL_HLA-B*07:02,tcr1538,1
v1880_ss_3_n0,RPIIRPATL_HLA-B*07:02,tcr1281,0
v1881,RPIIRPATL_HLA-B*07:02,tcr1590,1
v1881_ss_3_n0,RPIIRPATL_HLA-B*07:02,tcr2232,0
v1882,RPIIRPATL_HLA-B*07:02,tcr1681,1
v1882_ss_3_n0,RPIIRPATL_HLA-B*07:02,tcr768,0
v1883,RPIIRPATL_HLA-B*07:02,tcr1685,1
v1883_ss_3_n0,RPIIRPATL_HLA-B*07:02,tcr1777,0
v1884,RPIIRPATL_HLA-B*07:02,tcr1736,1
v1884_ss_3_n0,RPIIRPATL_HLA-B*07:02,tcr534,0
v1885,RPIIRPATL_HLA-B*07:02,tcr1742,1
v1885_ss_3_n0,RPIIRPATL_HLA-B*07:02,tcr1489,0
v1886,RPIIRPATL_HLA-B*07:02,tcr1763,1
v1886_ss_3_n0,RPIIRPATL_HLA-B*07:02,tcr1880,0
v1887,RPIIRPATL_HLA-B*07:02,tcr1789,1
v1887_ss_3_n0,RPIIRPATL_HLA-B*07:02,tcr285,0
v1888,RPIIRPATL_HLA-B*07:02,tcr1798,1
v1888_ss_3_n0,RPIIRPATL_HLA-B*07:02,tcr1006,0
v1889,RPIIRPATL_HLA-B*07:02,tcr187,1
v1889_ss_3_n0,RPIIRPATL_HLA-B*07:02,tcr261,0
v1890,RPIIRPATL_HLA-B*07:02,tcr1882,1
v1890_ss_3_n0,RPIIRPATL_HLA-B*07:02,tcr42,0
v1891,RPIIRPATL_HLA-B*07:02,tcr1915,1
v1891_ss_3_n0,RPIIRPATL_HLA-B*07:02,tcr1392,0
v1892,RPIIRPATL_HLA-B*07:02,tcr1950,1
v1892_ss_3_n0,RPIIRPATL_HLA-B*07:02,tcr1059,0
v1893,RPIIRPATL_HLA-B*07:02,tcr2173,1
v1893_ss_3_n0,RPIIRPATL_HLA-B*07:02,tcr2205,0
v1894,RPIIRPATL_HLA-B*07:02,tcr271,1
v1894_ss_3_n0,RPIIRPATL_HLA-B*07:02,tcr65,0
v1895,RPIIRPATL_HLA-B*07:02,tcr291,1
v1895_ss_3_n0,RPIIRPATL_HLA-B*07:02,tcr522,0
v1896,RPIIRPATL_HLA-B*07:02,tcr337,1
v1896_ss_3_n0,RPIIRPATL_HLA-B*07:02,tcr1587,0
v1897,RPIIRPATL_HLA-B*07:02,tcr470,1
v1897_ss_3_n0,RPIIRPATL_HLA-B*07:02,tcr468,0
v1898,RPIIRPATL_HLA-B*07:02,tcr517,1
v1898_ss_3_n0,RPIIRPATL_HLA-B*07:02,tcr601,0
v1899,RPIIRPATL_HLA-B*07:02,tcr614,1
v1899_ss_3_n0,RPIIRPATL_HLA-B*07:02,tcr1894,0
v1900,RPIIRPATL_HLA-B*07:02,tcr665,1
v1900_ss_3_n0,RPIIRPATL_HLA-B*07:02,tcr2155,0
v1901,RPIIRPATL_HLA-B*07:02,tcr804,1
v1901_ss_3_n0,RPIIRPATL_HLA-B*07:02,tcr634,0
v1902,RPIIRPATL_HLA-B*07:02,tcr854,1
v1902_ss_3_n0,RPIIRPATL_HLA-B*07:02,tcr145,0
v1903,RPIIRPATL_HLA-B*07:02,tcr938,1
v1903_ss_3_n0,RPIIRPATL_HLA-B*07:02,tcr1477,0
v1904,RPIIRPATL_HLA-B*08:01,tcr1021,1
v1904_ss_3_n0,RPIIRPATL_HLA-B*08:01,tcr2189,0
v1905,RPIIRPATL_HLA-B*08:01,tcr1045,1
v1905_ss_3_n0,RPIIRPATL_HLA-B*08:01,tcr2167,0
v1906,RPIIRPATL_HLA-B*08:01,tcr1074,1
v1906_ss_3_n0,RPIIRPATL_HLA-B*08:01,tcr1880,0
v1907,RPIIRPATL_HLA-B*08:01,tcr1115,1
v1907_ss_3_n0,RPIIRPATL_HLA-B*08:01,tcr1807,0
v1908,RPIIRPATL_HLA-B*08:01,tcr1144,1
v1908_ss_3_n0,RPIIRPATL_HLA-B*08:01,tcr140,0
v1909,RPIIRPATL_HLA-B*08:01,tcr1192,1
v1909_ss_3_n0,RPIIRPATL_HLA-B*08:01,tcr1751,0
v1910,RPIIRPATL_HLA-B*08:01,tcr1245,1
v1910_ss_3_n0,RPIIRPATL_HLA-B*08:01,tcr821,0
v1911,RPIIRPATL_HLA-B*08:01,tcr1449,1
v1911_ss_3_n0,RPIIRPATL_HLA-B*08:01,tcr23,0
v1912,RPIIRPATL_HLA-B*08:01,tcr1511,1
v1912_ss_3_n0,RPIIRPATL_HLA-B*08:01,tcr613,0
v1913,RPIIRPATL_HLA-B*08:01,tcr1536,1
v1913_ss_3_n0,RPIIRPATL_HLA-B*08:01,tcr1163,0
v1914,RPIIRPATL_HLA-B*08:01,tcr1548,1
v1914_ss_3_n0,RPIIRPATL_HLA-B*08:01,tcr1841,0
v1915,RPIIRPATL_HLA-B*08:01,tcr1631,1
v1915_ss_3_n0,RPIIRPATL_HLA-B*08:01,tcr818,0
v1916,RPIIRPATL_HLA-B*08:01,tcr1658,1
v1916_ss_3_n0,RPIIRPATL_HLA-B*08:01,tcr1719,0
v1917,RPIIRPATL_HLA-B*08:01,tcr1696,1
v1917_ss_3_n0,RPIIRPATL_HLA-B*08:01,tcr338,0
v1918,RPIIRPATL_HLA-B*08:01,tcr175,1
v1918_ss_3_n0,RPIIRPATL_HLA-B*08:01,tcr1107,0
v1919,RPIIRPATL_HLA-B*08:01,tcr1845,1
v1919_ss_3_n0,RPIIRPATL_HLA-B*08:01,tcr162,0
v1920,RPIIRPATL_HLA-B*08:01,tcr1898,1
v1920_ss_3_n0,RPIIRPATL_HLA-B*08:01,tcr1887,0
v1921,RPIIRPATL_HLA-B*08:01,tcr1957,1
v1921_ss_3_n0,RPIIRPATL_HLA-B*08:01,tcr191,0
v1922,RPIIRPATL_HLA-B*08:01,tcr1986,1
v1922_ss_3_n0,RPIIRPATL_HLA-B*08:01,tcr1632,0
v1923,RPIIRPATL_HLA-B*08:01,tcr2062,1
v1923_ss_3_n0,RPIIRPATL_HLA-B*08:01,tcr70,0
v1924,RPIIRPATL_HLA-B*08:01,tcr2168,1
v1924_ss_3_n0,RPIIRPATL_HLA-B*08:01,tcr387,0
v1925,RPIIRPATL_HLA-B*08:01,tcr227,1
v1925_ss_3_n0,RPIIRPATL_HLA-B*08:01,tcr1754,0
v1926,RPIIRPATL_HLA-B*08:01,tcr339,1
v1926_ss_3_n0,RPIIRPATL_HLA-B*08:01,tcr1649,0
v1927,RPIIRPATL_HLA-B*08:01,tcr389,1
v1927_ss_3_n0,RPIIRPATL_HLA-B*08:01,tcr2086,0
v1928,RPIIRPATL_HLA-B*08:01,tcr544,1
v1928_ss_3_n0,RPIIRPATL_HLA-B*08:01,tcr2189,0
v1929,RPIIRPATL_HLA-B*08:01,tcr611,1
v1929_ss_3_n0,RPIIRPATL_HLA-B*08:01,tcr2081,0
v1930,RPIIRPATL_HLA-B*08:01,tcr684,1
v1930_ss_3_n0,RPIIRPATL_HLA-B*08:01,tcr2193,0
v1931,RPIIRPATL_HLA-B*08:01,tcr730,1
v1931_ss_3_n0,RPIIRPATL_HLA-B*08:01,tcr2092,0
v1932,RPIIRPATL_HLA-B*08:01,tcr734,1
v1932_ss_3_n0,RPIIRPATL_HLA-B*08:01,tcr533,0
v1933,RPIIRPATL_HLA-B*08:01,tcr764,1
v1933_ss_3_n0,RPIIRPATL_HLA-B*08:01,tcr2065,0
v1934,RPIIRPATL_HLA-B*08:01,tcr917,1
v1934_ss_3_n0,RPIIRPATL_HLA-B*08:01,tcr57,0
v1935,RPIIRPATL_HLA-B*08:01,tcr935,1
v1935_ss_3_n0,RPIIRPATL_HLA-B*08:01,tcr1008,0
v1936,RPIIRPATL_HLA-B*08:01,tcr965,1
v1936_ss_3_n0,RPIIRPATL_HLA-B*08:01,tcr1014,0
v1937,RPIIRPATL_HLA-B*08:01,tcr988,1
v1937_ss_3_n0,RPIIRPATL_HLA-B*08:01,tcr1142,0
v1938,RPPIFIRRL_HLA-B*07:02,tcr440,1
v1938_ss_3_n0,RPPIFIRRL_HLA-B*07:02,tcr931,0
v1939,RPRGEVRFL_HLA-B*07:02,tcr107,1
v1939_ss_3_n0,RPRGEVRFL_HLA-B*07:02,tcr1051,0
v1940,RPRGEVRFL_HLA-B*07:02,tcr1178,1
v1940_ss_3_n0,RPRGEVRFL_HLA-B*07:02,tcr1463,0
v1941,RPRGEVRFL_HLA-B*07:02,tcr1190,1
v1941_ss_3_n0,RPRGEVRFL_HLA-B*07:02,tcr1405,0
v1942,RPRGEVRFL_HLA-B*07:02,tcr1281,1
v1942_ss_3_n0,RPRGEVRFL_HLA-B*07:02,tcr884,0
v1943,RPRGEVRFL_HLA-B*07:02,tcr1384,1
v1943_ss_3_n0,RPRGEVRFL_HLA-B*07:02,tcr392,0
v1944,RPRGEVRFL_HLA-B*07:02,tcr1477,1
v1944_ss_3_n0,RPRGEVRFL_HLA-B*07:02,tcr1144,0
v1945,RPRGEVRFL_HLA-B*07:02,tcr148,1
v1945_ss_3_n0,RPRGEVRFL_HLA-B*07:02,tcr1912,0
v1946,RPRGEVRFL_HLA-B*07:02,tcr1544,1
v1946_ss_3_n0,RPRGEVRFL_HLA-B*07:02,tcr1569,0
v1947,RPRGEVRFL_HLA-B*07:02,tcr1647,1
v1947_ss_3_n0,RPRGEVRFL_HLA-B*07:02,tcr461,0
v1948,RPRGEVRFL_HLA-B*07:02,tcr1965,1
v1948_ss_3_n0,RPRGEVRFL_HLA-B*07:02,tcr41,0
v1949,RPRGEVRFL_HLA-B*07:02,tcr277,1
v1949_ss_3_n0,RPRGEVRFL_HLA-B*07:02,tcr1960,0
v1950,RPRGEVRFL_HLA-B*07:02,tcr361,1
v1950_ss_3_n0,RPRGEVRFL_HLA-B*07:02,tcr64,0
v1951,RPRGEVRFL_HLA-B*07:02,tcr453,1
v1951_ss_3_n0,RPRGEVRFL_HLA-B*07:02,tcr552,0
v1952,RPRGEVRFL_HLA-B*07:02,tcr550,1
v1952_ss_3_n0,RPRGEVRFL_HLA-B*07:02,tcr1407,0
v1953,RPRGEVRFL_HLA-B*07:02,tcr616,1
v1953_ss_3_n0,RPRGEVRFL_HLA-B*07:02,tcr1566,0
v1954,RPRGEVRFL_HLA-B*07:02,tcr668,1
v1954_ss_3_n0,RPRGEVRFL_HLA-B*07:02,tcr192,0
v1955,RPRGEVRFL_HLA-B*07:02,tcr746,1
v1955_ss_3_n0,RPRGEVRFL_HLA-B*07:02,tcr1524,0
v1956,RPRGEVRFL_HLA-B*07:02,tcr822,1
v1956_ss_3_n0,RPRGEVRFL_HLA-B*07:02,tcr1124,0
v1958,RQFGPDWIVA_HLA-A*02:01,tcr915,1
v1958_ss_3_n0,RQFGPDWIVA_HLA-A*02:01,tcr1016,0
v1959,RQWGPDPAAV_HLA-A*02:01,tcr915,1
v1959_ss_3_n0,RQWGPDPAAV_HLA-A*02:01,tcr1959,0
v1960,RSGGFSFGK_HLA-A*03:01,tcr355,1
v1960_ss_3_n0,RSGGFSFGK_HLA-A*03:01,tcr1389,0
v1961,RVRFFFPSL_HLA-B*07:02,tcr801,1
v1961_ss_3_n0,RVRFFFPSL_HLA-B*07:02,tcr1683,0
v1962,RVSTLRVSL_HLA-B*07:02,tcr1438,1
v1962_ss_3_n0,RVSTLRVSL_HLA-B*07:02,tcr1087,0
v1963,RYGSFSVTL_HLA-C*07:01,tcr1781,1
v1963_ss_3_n0,RYGSFSVTL_HLA-C*07:01,tcr2085,0
v1964,RYPLTFGWCF_HLA-A*24:02,tcr1090,1
v1964_ss_3_n0,RYPLTFGWCF_HLA-A*24:02,tcr673,0
v1965,RYPLTFGWCF_HLA-A*24:02,tcr1750,1
v1965_ss_3_n0,RYPLTFGWCF_HLA-A*24:02,tcr673,0
v1966,RYPLTLGWCF_HLA-A*24:02,tcr1750,1
v1966_ss_3_n0,RYPLTLGWCF_HLA-A*24:02,tcr1381,0
v2000,SLSKILDTV_HLA-A*02:01,tcr1158,1
v2000_ss_3_n0,SLSKILDTV_HLA-A*02:01,tcr1237,0
v2001,SLYNTIATL_HLA-A*02:01,tcr878,1
v2001_ss_3_n0,SLYNTIATL_HLA-A*02:01,tcr1897,0
v2002,SLYNTVATL_HLA-A*02:01,tcr878,1
v2002_ss_3_n0,SLYNTVATL_HLA-A*02:01,tcr611,0
v2003,SMDWFQGQM_HLA-A*02:01,tcr1880,1
v2003_ss_3_n0,SMDWFQGQM_HLA-A*02:01,tcr1317,0
v2004,SMDWFQGQM_HLA-A*02:01,tcr818,1
v2004_ss_3_n0,SMDWFQGQM_HLA-A*02:01,tcr1691,0
v2006,SPRWYFYYL_HLA-B*07:02,tcr1001,1
v2006_ss_3_n0,SPRWYFYYL_HLA-B*07:02,tcr1640,0
v2007,SPRWYFYYL_HLA-B*07:02,tcr1087,1
v2007_ss_3_n0,SPRWYFYYL_HLA-B*07:02,tcr1413,0
v2008,SPRWYFYYL_HLA-B*07:02,tcr1104,1
v2008_ss_3_n0,SPRWYFYYL_HLA-B*07:02,tcr2220,0
v2009,SPRWYFYYL_HLA-B*07:02,tcr1191,1
v2009_ss_3_n0,SPRWYFYYL_HLA-B*07:02,tcr2131,0
v2010,SPRWYFYYL_HLA-B*07:02,tcr1401,1
v2010_ss_3_n0,SPRWYFYYL_HLA-B*07:02,tcr384,0
v2011,SPRWYFYYL_HLA-B*07:02,tcr1434,1
v2011_ss_3_n0,SPRWYFYYL_HLA-B*07:02,tcr221,0
v2012,SPRWYFYYL_HLA-B*07:02,tcr1565,1
v2012_ss_3_n0,SPRWYFYYL_HLA-B*07:02,tcr1561,0
v2013,SPRWYFYYL_HLA-B*07:02,tcr1711,1
v2013_ss_3_n0,SPRWYFYYL_HLA-B*07:02,tcr844,0
v2014,SPRWYFYYL_HLA-B*07:02,tcr1720,1
v2014_ss_3_n0,SPRWYFYYL_HLA-B*07:02,tcr93,0
v2015,SPRWYFYYL_HLA-B*07:02,tcr1913,1
v2015_ss_3_n0,SPRWYFYYL_HLA-B*07:02,tcr482,0
v2016,SPRWYFYYL_HLA-B*07:02,tcr194,1
v2016_ss_3_n0,SPRWYFYYL_HLA-B*07:02,tcr1917,0
v2017,SPRWYFYYL_HLA-B*07:02,tcr2011,1
v2017_ss_3_n0,SPRWYFYYL_HLA-B*07:02,tcr679,0
v2018,SPRWYFYYL_HLA-B*07:02,tcr237,1
v2018_ss_3_n0,SPRWYFYYL_HLA-B*07:02,tcr1026,0
v2019,SPRWYFYYL_HLA-B*07:02,tcr250,1
v2019_ss_3_n0,SPRWYFYYL_HLA-B*07:02,tcr232,0
v2020,SPRWYFYYL_HLA-B*07:02,tcr279,1
v2020_ss_3_n0,SPRWYFYYL_HLA-B*07:02,tcr661,0
v2021,SPRWYFYYL_HLA-B*07:02,tcr491,1
v2021_ss_3_n0,SPRWYFYYL_HLA-B*07:02,tcr2146,0
v2022,SPRWYFYYL_HLA-B*07:02,tcr566,1
v2022_ss_3_n0,SPRWYFYYL_HLA-B*07:02,tcr2131,0
v2023,SPRWYFYYL_HLA-B*07:02,tcr70,1
v2023_ss_3_n0,SPRWYFYYL_HLA-B*07:02,tcr1121,0
v2024,SPRWYFYYL_HLA-B*07:02,tcr990,1
v2024_ss_3_n0,SPRWYFYYL_HLA-B*07:02,tcr2117,0
v2025,SSCMGGMNWR_HLA-A*68:01,tcr1226,1
v2025_ss_3_n0,SSCMGGMNWR_HLA-A*68:01,tcr1185,0
v2026,SSCMGGMNWR_HLA-A*68:01,tcr1305,1
v2026_ss_3_n0,SSCMGGMNWR_HLA-A*68:01,tcr342,0
v2027,SSCMGGMNWR_HLA-A*68:01,tcr2163,1
v2027_ss_3_n0,SSCMGGMNWR_HLA-A*68:01,tcr683,0
v2028,SVCAGILSYGV_HLA-A*02:06,tcr1429,1
v2028_ss_3_n0,SVCAGILSYGV_HLA-A*02:06,tcr1189,0
v2029,SVCAGILSYGV_HLA-A*02:06,tcr1568,1
v2029_ss_3_n0,SVCAGILSYGV_HLA-A*02:06,tcr649,0
v2030,SVCAGILSYGV_HLA-A*02:06,tcr2160,1
v2030_ss_3_n0,SVCAGILSYGV_HLA-A*02:06,tcr560,0
v2031,TEDEHFEFY_HLA-B*44:03,tcr1389,1
v2031_ss_3_n0,TEDEHFEFY_HLA-B*44:03,tcr2097,0
v2032,TEDEHFEFY_HLA-B*44:03,tcr712,1
v2032_ss_3_n0,TEDEHFEFY_HLA-B*44:03,tcr1912,0
v2034,TLATHGLAAV_HLA-A*02:01,tcr602,1
v2034_ss_3_n0,TLATHGLAAV_HLA-A*02:01,tcr405,0
v2035,TLWCSPIKV_HLA-A*02:01,tcr142,1
v2035_ss_3_n0,TLWCSPIKV_HLA-A*02:01,tcr878,0
v2036,TLWCSPIKV_HLA-A*02:01,tcr1559,1
v2036_ss_3_n0,TLWCSPIKV_HLA-A*02:01,tcr347,0
v2037,TLWCSPIKV_HLA-A*02:01,tcr2048,1
v2037_ss_3_n0,TLWCSPIKV_HLA-A*02:01,tcr2075,0
v2038,TLWCSPIKV_HLA-A*02:01,tcr2155,1
v2038_ss_3_n0,TLWCSPIKV_HLA-A*02:01,tcr209,0
v2039,TLWCSPIKV_HLA-A*02:01,tcr242,1
v2039_ss_3_n0,TLWCSPIKV_HLA-A*02:01,tcr227,0
v2040,TLWCSPIKV_HLA-A*02:01,tcr274,1
v2040_ss_3_n0,TLWCSPIKV_HLA-A*02:01,tcr709,0
v2041,TLWCSPIKV_HLA-A*02:01,tcr607,1
v2041_ss_3_n0,TLWCSPIKV_HLA-A*02:01,tcr1082,0
v2042,TLWCSPIKV_HLA-A*02:01,tcr635,1
v2042_ss_3_n0,TLWCSPIKV_HLA-A*02:01,tcr49,0
v2043,TLWCSPIKV_HLA-A*02:01,tcr759,1
v2043_ss_3_n0,TLWCSPIKV_HLA-A*02:01,tcr932,0
v2044,TLWCSPIKV_HLA-A*02:01,tcr819,1
v2044_ss_3_n0,TLWCSPIKV_HLA-A*02:01,tcr1623,0
v2045,TLYSLTLLY_HLA-A*29:02,tcr679,1
v2045_ss_3_n0,TLYSLTLLY_HLA-A*29:02,tcr1385,0
v2047,TPQDLNTML_HLA-B*42:01,tcr1255,1
v2047_ss_3_n0,TPQDLNTML_HLA-B*42:01,tcr869,0
v2048,TPQDLNTML_HLA-B*81:01,tcr1255,1
v2048_ss_3_n0,TPQDLNTML_HLA-B*81:01,tcr2171,0
v2049,TRLALIAPK_HLA-B*27:05,tcr1130,1
v2049_ss_3_n0,TRLALIAPK_HLA-B*27:05,tcr1842,0
v2050,TRLALIAPK_HLA-B*27:05,tcr1489,1
v2050_ss_3_n0,TRLALIAPK_HLA-B*27:05,tcr1014,0
v2051,TRLALIAPK_HLA-B*27:05,tcr325,1
v2051_ss_3_n0,TRLALIAPK_HLA-B*27:05,tcr421,0
v2067,VLDLFQGQL_HLA-A*02:01,tcr1880,1
v2067_ss_3_n0,VLDLFQGQL_HLA-A*02:01,tcr1591,0
v2069,VLNGTVHPV_HLA-A*02:01,tcr1102,1
v2069_ss_3_n0,VLNGTVHPV_HLA-A*02:01,tcr984,0
v2072,VVMSWAPPV_HLA-A*02:01,tcr1139,1
v2072_ss_3_n0,VVMSWAPPV_HLA-A*02:01,tcr597,0
v2073,VVMSWAPPV_HLA-A*02:01,tcr153,1
v2073_ss_3_n0,VVMSWAPPV_HLA-A*02:01,tcr1723,0
v2074,VVMSWAPPV_HLA-A*02:01,tcr405,1
v2074_ss_3_n0,VVMSWAPPV_HLA-A*02:01,tcr249,0
v2075,VVMSWAPPV_HLA-A*02:01,tcr509,1
v2075_ss_3_n0,VVMSWAPPV_HLA-A*02:01,tcr1438,0
v2076,VVMSWAPPV_HLA-A*02:01,tcr981,1
v2076_ss_3_n0,VVMSWAPPV_HLA-A*02:01,tcr1051,0
v2078,VVVGAVGVGK_HLA-A*03:01,tcr1177,1
v2078_ss_3_n0,VVVGAVGVGK_HLA-A*03:01,tcr1809,0
v2079,VYAWNRKRI_HLA-A*24:02,tcr88,1
v2079_ss_3_n0,VYAWNRKRI_HLA-A*24:02,tcr550,0
v2080,VYFFLPDHL_HLA-A*24:02,tcr914,1
v2080_ss_3_n0,VYFFLPDHL_HLA-A*24:02,tcr453,0
v2081,VYFLQSINF_HLA-A*24:02,tcr166,1
v2081_ss_3_n0,VYFLQSINF_HLA-A*24:02,tcr143,0
v2083,WLIRETQPITK_HLA-A*03:01,tcr1365,1
v2083_ss_3_n0,WLIRETQPITK_HLA-A*03:01,tcr1962,0
v2084,WLIRETQPITK_HLA-A*03:01,tcr1821,1
v2084_ss_3_n0,WLIRETQPITK_HLA-A*03:01,tcr308,0
v2085,WSYDSTLLAY_HLA-A*25:01,tcr1790,1
v2085_ss_3_n0,WSYDSTLLAY_HLA-A*25:01,tcr801,0
v2086,YLEPGPVTA_HLA-A*02:01,tcr12,1
v2086_ss_3_n0,YLEPGPVTA_HLA-A*02:01,tcr1584,0
v2087,YLEPGPVTA_HLA-A*02:01,tcr1817,1
v2087_ss_3_n0,YLEPGPVTA_HLA-A*02:01,tcr1452,0
v2088,YLEPGPVTA_HLA-A*02:01,tcr1962,1
v2088_ss_3_n0,YLEPGPVTA_HLA-A*02:01,tcr41,0
v2089,YLEPGPVTV_HLA-A*02:01,tcr12,1
v2089_ss_3_n0,YLEPGPVTV_HLA-A*02:01,tcr1740,0
v2090,YLGGPDFPTI_HLA-A*02:01,tcr915,1
v2090_ss_3_n0,YLGGPDFPTI_HLA-A*02:01,tcr60,0
v2091,YLQPRTFLL_HLA-A*02:01,tcr1019,1
v2091_ss_3_n0,YLQPRTFLL_HLA-A*02:01,tcr649,0
v2092,YLQPRTFLL_HLA-A*02:01,tcr1066,1
v2092_ss_3_n0,YLQPRTFLL_HLA-A*02:01,tcr1332,0
v2093,YLQPRTFLL_HLA-A*02:01,tcr1073,1
v2093_ss_3_n0,YLQPRTFLL_HLA-A*02:01,tcr1756,0
v2094,YLQPRTFLL_HLA-A*02:01,tcr1094,1
v2094_ss_3_n0,YLQPRTFLL_HLA-A*02:01,tcr68,0
v2095,YLQPRTFLL_HLA-A*02:01,tcr1109,1
v2095_ss_3_n0,YLQPRTFLL_HLA-A*02:01,tcr1448,0
v2096,YLQPRTFLL_HLA-A*02:01,tcr1149,1
v2096_ss_3_n0,YLQPRTFLL_HLA-A*02:01,tcr1074,0
v2097,YLQPRTFLL_HLA-A*02:01,tcr1167,1
v2097_ss_3_n0,YLQPRTFLL_HLA-A*02:01,tcr1523,0
v2098,YLQPRTFLL_HLA-A*02:01,tcr1186,1
v2098_ss_3_n0,YLQPRTFLL_HLA-A*02:01,tcr955,0
v2099,YLQPRTFLL_HLA-A*02:01,tcr1205,1
v2099_ss_3_n0,YLQPRTFLL_HLA-A*02:01,tcr390,0
v2100,YLQPRTFLL_HLA-A*02:01,tcr1292,1
v2100_ss_3_n0,YLQPRTFLL_HLA-A*02:01,tcr1619,0
v2101,YLQPRTFLL_HLA-A*02:01,tcr1354,1
v2101_ss_3_n0,YLQPRTFLL_HLA-A*02:01,tcr2170,0
v2102,YLQPRTFLL_HLA-A*02:01,tcr1377,1
v2102_ss_3_n0,YLQPRTFLL_HLA-A*02:01,tcr106,0
v2103,YLQPRTFLL_HLA-A*02:01,tcr1392,1
v2103_ss_3_n0,YLQPRTFLL_HLA-A*02:01,tcr874,0
v2104,YLQPRTFLL_HLA-A*02:01,tcr1393,1
v2104_ss_3_n0,YLQPRTFLL_HLA-A*02:01,tcr2021,0
v2105,YLQPRTFLL_HLA-A*02:01,tcr1395,1
v2105_ss_3_n0,YLQPRTFLL_HLA-A*02:01,tcr2008,0
v2106,YLQPRTFLL_HLA-A*02:01,tcr1455,1
v2106_ss_3_n0,YLQPRTFLL_HLA-A*02:01,tcr1741,0
v2107,YLQPRTFLL_HLA-A*02:01,tcr1519,1
v2107_ss_3_n0,YLQPRTFLL_HLA-A*02:01,tcr220,0
v2108,YLQPRTFLL_HLA-A*02:01,tcr1650,1
v2108_ss_3_n0,YLQPRTFLL_HLA-A*02:01,tcr1763,0
v2109,YLQPRTFLL_HLA-A*02:01,tcr1691,1
v2109_ss_3_n0,YLQPRTFLL_HLA-A*02:01,tcr2070,0
v2110,YLQPRTFLL_HLA-A*02:01,tcr1719,1
v2110_ss_3_n0,YLQPRTFLL_HLA-A*02:01,tcr590,0
v2111,YLQPRTFLL_HLA-A*02:01,tcr1795,1
v2111_ss_3_n0,YLQPRTFLL_HLA-A*02:01,tcr653,0
v2112,YLQPRTFLL_HLA-A*02:01,tcr182,1
v2112_ss_3_n0,YLQPRTFLL_HLA-A*02:01,tcr1859,0
v2113,YLQPRTFLL_HLA-A*02:01,tcr1825,1
v2113_ss_3_n0,YLQPRTFLL_HLA-A*02:01,tcr842,0
v2114,YLQPRTFLL_HLA-A*02:01,tcr1952,1
v2114_ss_3_n0,YLQPRTFLL_HLA-A*02:01,tcr1900,0
v2115,YLQPRTFLL_HLA-A*02:01,tcr1955,1
v2115_ss_3_n0,YLQPRTFLL_HLA-A*02:01,tcr439,0
v2116,YLQPRTFLL_HLA-A*02:01,tcr2003,1
v2116_ss_3_n0,YLQPRTFLL_HLA-A*02:01,tcr637,0
v2117,YLQPRTFLL_HLA-A*02:01,tcr2010,1
v2117_ss_3_n0,YLQPRTFLL_HLA-A*02:01,tcr424,0
v2118,YLQPRTFLL_HLA-A*02:01,tcr2033,1
v2118_ss_3_n0,YLQPRTFLL_HLA-A*02:01,tcr823,0
v2119,YLQPRTFLL_HLA-A*02:01,tcr2131,1
v2119_ss_3_n0,YLQPRTFLL_HLA-A*02:01,tcr40,0
v2120,YLQPRTFLL_HLA-A*02:01,tcr2137,1
v2120_ss_3_n0,YLQPRTFLL_HLA-A*02:01,tcr389,0
v2121,YLQPRTFLL_HLA-A*02:01,tcr2158,1
v2121_ss_3_n0,YLQPRTFLL_HLA-A*02:01,tcr1734,0
v2122,YLQPRTFLL_HLA-A*02:01,tcr284,1
v2122_ss_3_n0,YLQPRTFLL_HLA-A*02:01,tcr187,0
v2123,YLQPRTFLL_HLA-A*02:01,tcr313,1
v2123_ss_3_n0,YLQPRTFLL_HLA-A*02:01,tcr897,0
v2124,YLQPRTFLL_HLA-A*02:01,tcr333,1
v2124_ss_3_n0,YLQPRTFLL_HLA-A*02:01,tcr2017,0
v2125,YLQPRTFLL_HLA-A*02:01,tcr416,1
v2125_ss_3_n0,YLQPRTFLL_HLA-A*02:01,tcr921,0
v2126,YLQPRTFLL_HLA-A*02:01,tcr458,1
v2126_ss_3_n0,YLQPRTFLL_HLA-A*02:01,tcr1632,0
v2127,YLQPRTFLL_HLA-A*02:01,tcr462,1
v2127_ss_3_n0,YLQPRTFLL_HLA-A*02:01,tcr1674,0
v2128,YLQPRTFLL_HLA-A*02:01,tcr467,1
v2128_ss_3_n0,YLQPRTFLL_HLA-A*02:01,tcr1639,0
v2129,YLQPRTFLL_HLA-A*02:01,tcr492,1
v2129_ss_3_n0,YLQPRTFLL_HLA-A*02:01,tcr331,0
v2130,YLQPRTFLL_HLA-A*02:01,tcr579,1
v2130_ss_3_n0,YLQPRTFLL_HLA-A*02:01,tcr1171,0
v2131,YLQPRTFLL_HLA-A*02:01,tcr598,1
v2131_ss_3_n0,YLQPRTFLL_HLA-A*02:01,tcr987,0
v2132,YLQPRTFLL_HLA-A*02:01,tcr622,1
v2132_ss_3_n0,YLQPRTFLL_HLA-A*02:01,tcr1926,0
v2133,YLQPRTFLL_HLA-A*02:01,tcr698,1
v2133_ss_3_n0,YLQPRTFLL_HLA-A*02:01,tcr314,0
v2134,YLQPRTFLL_HLA-A*02:01,tcr773,1
v2134_ss_3_n0,YLQPRTFLL_HLA-A*02:01,tcr1593,0
v2135,YLQPRTFLL_HLA-A*02:01,tcr858,1
v2135_ss_3_n0,YLQPRTFLL_HLA-A*02:01,tcr249,0
v2136,YLQPRTFLL_HLA-A*02:01,tcr886,1
v2136_ss_3_n0,YLQPRTFLL_HLA-A*02:01,tcr1888,0
v2137,YLQPRTFLL_HLA-A*02:01,tcr892,1
v2137_ss_3_n0,YLQPRTFLL_HLA-A*02:01,tcr447,0
v2138,YLQPRTFLL_HLA-A*02:01,tcr93,1
v2138_ss_3_n0,YLQPRTFLL_HLA-A*02:01,tcr1941,0
v2139,YLQPRTFLL_HLA-A*02:01,tcr994,1
v2139_ss_3_n0,YLQPRTFLL_HLA-A*02:01,tcr140,0
v2140,YLSNIIPAL_HLA-A*02:01,tcr1744,1
v2140_ss_3_n0,YLSNIIPAL_HLA-A*02:01,tcr135,0
v2142,YPDKVFRSSV_HLA-B*07:02,tcr1140,1
v2142_ss_3_n0,YPDKVFRSSV_HLA-B*07:02,tcr1589,0
v2143,YPDKVFRSSV_HLA-B*07:02,tcr289,1
v2143_ss_3_n0,YPDKVFRSSV_HLA-B*07:02,tcr163,0
v2144,YPLHEQHGM_HLA-B*35:01,tcr526,1
v2144_ss_3_n0,YPLHEQHGM_HLA-B*35:01,tcr2022,0
v2146,YSEHPTFTSQY_HLA-A*01:01,tcr1092,1
v2146_ss_3_n0,YSEHPTFTSQY_HLA-A*01:01,tcr2086,0
v2147,YVLDHLIVV_HLA-A*02:01,tcr1782,1
v2147_ss_3_n0,YVLDHLIVV_HLA-A*02:01,tcr1652,0
v2148,YYTSNPTTF_HLA-A*24:02,tcr1960,1
v2148_ss_3_n0,YYTSNPTTF_HLA-A*24:02,tcr1088,0
