id,pmhc,tcr,label
vdjdb_full_7965,GILGFVFTL_HLA-A*02:01,tcr15237,1
vdjdb_full_7965_ss_3_n0,GILGFVFTL_HLA-A*02:01,tcr13125,0
vdjdb_full_7751,GILGFVFTL_HLA-A*02:01,tcr4892,1
vdjdb_full_7751_ss_3_n0,GILGFVFTL_HLA-A*02:01,tcr12653,0
vdjdb_full_8077,GILGFVFTL_HLA-A*02:01,tcr7447,1
vdjdb_full_8077_ss_3_n0,GILGFVFTL_HLA-A*02:01,tcr4625,0
vdjdb_full_7393,GILGFVFTL_HLA-A*02:01,tcr18147,1
vdjdb_full_7393_ss_3_n0,GILGFVFTL_HLA-A*02:01,tcr7429,0
vdjdb_full_6621,GILGFVFTL_HLA-A*02:01,tcr1113,1
vdjdb_full_6621_ss_3_n0,GILGFVFTL_HLA-A*02:01,tcr7445,0
vdjdb_full_6750,GILGFVFTL_HLA-A*02:01,tcr837,1
vdjdb_full_6750_ss_3_n0,GILGFVFTL_HLA-A*02:01,tcr5813,0
vdjdb_full_7815,GILGFVFTL_HLA-A*02:01,tcr358,1
vdjdb_full_7815_ss_3_n0,GILGFVFTL_HLA-A*02:01,tcr14304,0
vdjdb_full_6919,GILGFVFTL_HLA-A*02:01,tcr14140,1
vdjdb_full_6919_ss_3_n0,GILGFVFTL_HLA-A*02:01,tcr12673,0
vdjdb_full_8173,GILGFVFTL_HLA-A*02:01,tcr16742,1
vdjdb_full_8173_ss_3_n0,GILGFVFTL_HLA-A*02:01,tcr7084,0
vdjdb_full_6619,GILGFVFTL_HLA-A*02:01,tcr4762,1
vdjdb_full_6619_ss_3_n0,GILGFVFTL_HLA-A*02:01,tcr756,0
vdjdb_full_6684,GILGFVFTL_HLA-A*02:01,tcr12821,1
vdjdb_full_6684_ss_3_n0,GILGFVFTL_HLA-A*02:01,tcr6688,0
vdjdb_full_7963,GILGFVFTL_HLA-A*02:01,tcr5979,1
vdjdb_full_7963_ss_3_n0,GILGFVFTL_HLA-A*02:01,tcr17932,0
vdjdb_full_7864,GILGFVFTL_HLA-A*02:01,tcr2327,1
vdjdb_full_7864_ss_3_n0,GILGFVFTL_HLA-A*02:01,tcr4442,0
vdjdb_full_8123,GILGFVFTL_HLA-A*02:01,tcr14257,1
vdjdb_full_8123_ss_3_n0,GILGFVFTL_HLA-A*02:01,tcr11916,0
vdjdb_full_7446,GILGFVFTL_HLA-A*02:01,tcr5506,1
vdjdb_full_7446_ss_3_n0,GILGFVFTL_HLA-A*02:01,tcr856,0
vdjdb_full_8090,GILGFVFTL_HLA-A*02:01,tcr7699,1
vdjdb_full_8090_ss_3_n0,GILGFVFTL_HLA-A*02:01,tcr3685,0
vdjdb_full_6376,GILGFVFTL_HLA-A*02:01,tcr3169,1
vdjdb_full_6376_ss_3_n0,GILGFVFTL_HLA-A*02:01,tcr617,0
vdjdb_full_7959,GILGFVFTL_HLA-A*02:01,tcr12457,1
vdjdb_full_7959_ss_3_n0,GILGFVFTL_HLA-A*02:01,tcr2473,0
vdjdb_full_6756,GILGFVFTL_HLA-A*02:01,tcr5535,1
vdjdb_full_6756_ss_3_n0,GILGFVFTL_HLA-A*02:01,tcr18320,0
vdjdb_full_6442,GILGFVFTL_HLA-A*02:01,tcr1900,1
vdjdb_full_6442_ss_3_n0,GILGFVFTL_HLA-A*02:01,tcr2425,0
vdjdb_full_6876,GILGFVFTL_HLA-A*02:01,tcr8356,1
vdjdb_full_6876_ss_3_n0,GILGFVFTL_HLA-A*02:01,tcr14837,0
vdjdb_full_6406,GILGFVFTL_HLA-A*02:01,tcr391,1
vdjdb_full_6406_ss_3_n0,GILGFVFTL_HLA-A*02:01,tcr13731,0
vdjdb_full_7392,GILGFVFTL_HLA-A*02:01,tcr399,1
vdjdb_full_7392_ss_3_n0,GILGFVFTL_HLA-A*02:01,tcr10899,0
vdjdb_full_7767,GILGFVFTL_HLA-A*02:01,tcr15217,1
vdjdb_full_7767_ss_3_n0,GILGFVFTL_HLA-A*02:01,tcr10383,0
vdjdb_full_7062,GILGFVFTL_HLA-A*02:01,tcr12985,1
vdjdb_full_7062_ss_3_n0,GILGFVFTL_HLA-A*02:01,tcr3136,0
vdjdb_full_7804,GILGFVFTL_HLA-A*02:01,tcr10907,1
vdjdb_full_7804_ss_3_n0,GILGFVFTL_HLA-A*02:01,tcr15012,0
vdjdb_full_6559,GILGFVFTL_HLA-A*02:01,tcr9520,1
vdjdb_full_6559_ss_3_n0,GILGFVFTL_HLA-A*02:01,tcr2897,0
vdjdb_full_6668,GILGFVFTL_HLA-A*02:01,tcr5047,1
vdjdb_full_6668_ss_3_n0,GILGFVFTL_HLA-A*02:01,tcr11046,0
vdjdb_full_7640,GILGFVFTL_HLA-A*02:01,tcr7472,1
vdjdb_full_7640_ss_3_n0,GILGFVFTL_HLA-A*02:01,tcr1819,0
vdjdb_full_6363,GILGFVFTL_HLA-A*02:01,tcr4272,1
vdjdb_full_6363_ss_3_n0,GILGFVFTL_HLA-A*02:01,tcr16611,0
vdjdb_full_8163,GILGFVFTL_HLA-A*02:01,tcr16737,1
vdjdb_full_8163_ss_3_n0,GILGFVFTL_HLA-A*02:01,tcr13687,0
vdjdb_full_7793,GILGFVFTL_HLA-A*02:01,tcr5715,1
vdjdb_full_7793_ss_3_n0,GILGFVFTL_HLA-A*02:01,tcr3243,0
vdjdb_full_8141,GILGFVFTL_HLA-A*02:01,tcr11620,1
vdjdb_full_8141_ss_3_n0,GILGFVFTL_HLA-A*02:01,tcr475,0
vdjdb_full_7986,GILGFVFTL_HLA-A*02:01,tcr16552,1
vdjdb_full_7986_ss_3_n0,GILGFVFTL_HLA-A*02:01,tcr15701,0
vdjdb_full_7238,GILGFVFTL_HLA-A*02:01,tcr10033,1
vdjdb_full_7238_ss_3_n0,GILGFVFTL_HLA-A*02:01,tcr5053,0
vdjdb_full_7371,GILGFVFTL_HLA-A*02:01,tcr14286,1
vdjdb_full_7371_ss_3_n0,GILGFVFTL_HLA-A*02:01,tcr14355,0
vdjdb_full_6418,GILGFVFTL_HLA-A*02:01,tcr14644,1
vdjdb_full_6418_ss_3_n0,GILGFVFTL_HLA-A*02:01,tcr16394,0
vdjdb_full_7480,GILGFVFTL_HLA-A*02:01,tcr12465,1
vdjdb_full_7480_ss_3_n0,GILGFVFTL_HLA-A*02:01,tcr12430,0
vdjdb_full_7096,GILGFVFTL_HLA-A*02:01,tcr903,1
vdjdb_full_7096_ss_3_n0,GILGFVFTL_HLA-A*02:01,tcr11940,0
vdjdb_full_7508,GILGFVFTL_HLA-A*02:01,tcr10686,1
vdjdb_full_7508_ss_3_n0,GILGFVFTL_HLA-A*02:01,tcr17294,0
vdjdb_full_7865,GILGFVFTL_HLA-A*02:01,tcr8321,1
vdjdb_full_7865_ss_3_n0,GILGFVFTL_HLA-A*02:01,tcr11747,0
vdjdb_full_7689,GILGFVFTL_HLA-A*02:01,tcr2952,1
vdjdb_full_7689_ss_3_n0,GILGFVFTL_HLA-A*02:01,tcr11378,0
vdjdb_full_6377,GILGFVFTL_HLA-A*02:01,tcr333,1
vdjdb_full_6377_ss_3_n0,GILGFVFTL_HLA-A*02:01,tcr16336,0
vdjdb_full_8242,GILGFVFTL_HLA-A*02:01,tcr87,1
vdjdb_full_8242_ss_3_n0,GILGFVFTL_HLA-A*02:01,tcr16411,0
vdjdb_full_7418,GILGFVFTL_HLA-A*02:01,tcr9965,1
vdjdb_full_7418_ss_3_n0,GILGFVFTL_HLA-A*02:01,tcr14585,0
vdjdb_full_8125,GILGFVFTL_HLA-A*02:01,tcr9797,1
vdjdb_full_8125_ss_3_n0,GILGFVFTL_HLA-A*02:01,tcr7663,0
vdjdb_full_8194,GILGFVFTL_HLA-A*02:01,tcr14716,1
vdjdb_full_8194_ss_3_n0,GILGFVFTL_HLA-A*02:01,tcr9011,0
vdjdb_full_7598,GILGFVFTL_HLA-A*02:01,tcr11241,1
vdjdb_full_7598_ss_3_n0,GILGFVFTL_HLA-A*02:01,tcr6900,0
vdjdb_full_7783,GILGFVFTL_HLA-A*02:01,tcr17138,1
vdjdb_full_7783_ss_3_n0,GILGFVFTL_HLA-A*02:01,tcr8995,0
vdjdb_full_7844,GILGFVFTL_HLA-A*02:01,tcr7674,1
vdjdb_full_7844_ss_3_n0,GILGFVFTL_HLA-A*02:01,tcr4827,0
vdjdb_full_7385,GILGFVFTL_HLA-A*02:01,tcr16991,1
vdjdb_full_7385_ss_3_n0,GILGFVFTL_HLA-A*02:01,tcr17671,0
vdjdb_full_7003,GILGFVFTL_HLA-A*02:01,tcr2885,1
vdjdb_full_7003_ss_3_n0,GILGFVFTL_HLA-A*02:01,tcr14196,0
vdjdb_full_7578,GILGFVFTL_HLA-A*02:01,tcr15515,1
vdjdb_full_7578_ss_3_n0,GILGFVFTL_HLA-A*02:01,tcr640,0
vdjdb_full_7460,GILGFVFTL_HLA-A*02:01,tcr14004,1
vdjdb_full_7460_ss_3_n0,GILGFVFTL_HLA-A*02:01,tcr7159,0
vdjdb_full_6520,GILGFVFTL_HLA-A*02:01,tcr4469,1
vdjdb_full_6520_ss_3_n0,GILGFVFTL_HLA-A*02:01,tcr7261,0
vdjdb_full_6804,GILGFVFTL_HLA-A*02:01,tcr9954,1
vdjdb_full_6804_ss_3_n0,GILGFVFTL_HLA-A*02:01,tcr7183,0
vdjdb_full_6729,GILGFVFTL_HLA-A*02:01,tcr14950,1
vdjdb_full_6729_ss_3_n0,GILGFVFTL_HLA-A*02:01,tcr14645,0
vdjdb_full_6930,GILGFVFTL_HLA-A*02:01,tcr14878,1
vdjdb_full_6930_ss_3_n0,GILGFVFTL_HLA-A*02:01,tcr13359,0
vdjdb_full_6847,GILGFVFTL_HLA-A*02:01,tcr423,1
vdjdb_full_6847_ss_3_n0,GILGFVFTL_HLA-A*02:01,tcr12066,0
vdjdb_full_7723,GILGFVFTL_HLA-A*02:01,tcr11528,1
vdjdb_full_7723_ss_3_n0,GILGFVFTL_HLA-A*02:01,tcr5417,0
vdjdb_full_8294,GILGFVFTL_HLA-A*02:01,tcr16674,1
vdjdb_full_8294_ss_3_n0,GILGFVFTL_HLA-A*02:01,tcr9700,0
vdjdb_full_7958,GILGFVFTL_HLA-A*02:01,tcr661,1
vdjdb_full_7958_ss_3_n0,GILGFVFTL_HLA-A*02:01,tcr16682,0
vdjdb_full_7516,GILGFVFTL_HLA-A*02:01,tcr30,1
vdjdb_full_7516_ss_3_n0,GILGFVFTL_HLA-A*02:01,tcr3762,0
vdjdb_full_7903,GILGFVFTL_HLA-A*02:01,tcr6676,1
vdjdb_full_7903_ss_3_n0,GILGFVFTL_HLA-A*02:01,tcr1638,0
vdjdb_full_7030,GILGFVFTL_HLA-A*02:01,tcr5459,1
vdjdb_full_7030_ss_3_n0,GILGFVFTL_HLA-A*02:01,tcr16655,0
vdjdb_full_6873,GILGFVFTL_HLA-A*02:01,tcr8902,1
vdjdb_full_6873_ss_3_n0,GILGFVFTL_HLA-A*02:01,tcr13943,0
vdjdb_full_6661,GILGFVFTL_HLA-A*02:01,tcr10798,1
vdjdb_full_6661_ss_3_n0,GILGFVFTL_HLA-A*02:01,tcr17522,0
vdjdb_full_7341,GILGFVFTL_HLA-A*02:01,tcr11954,1
vdjdb_full_7341_ss_3_n0,GILGFVFTL_HLA-A*02:01,tcr7194,0
vdjdb_full_7322,GILGFVFTL_HLA-A*02:01,tcr12919,1
vdjdb_full_7322_ss_3_n0,GILGFVFTL_HLA-A*02:01,tcr11836,0
vdjdb_full_7987,GILGFVFTL_HLA-A*02:01,tcr17174,1
vdjdb_full_7987_ss_3_n0,GILGFVFTL_HLA-A*02:01,tcr14448,0
vdjdb_full_7825,GILGFVFTL_HLA-A*02:01,tcr14168,1
vdjdb_full_7825_ss_3_n0,GILGFVFTL_HLA-A*02:01,tcr17142,0
vdjdb_full_7947,GILGFVFTL_HLA-A*02:01,tcr7338,1
vdjdb_full_7947_ss_3_n0,GILGFVFTL_HLA-A*02:01,tcr15462,0
vdjdb_full_8246,GILGFVFTL_HLA-A*02:01,tcr16656,1
vdjdb_full_8246_ss_3_n0,GILGFVFTL_HLA-A*02:01,tcr14638,0
vdjdb_full_6427,GILGFVFTL_HLA-A*02:01,tcr2081,1
vdjdb_full_6427_ss_3_n0,GILGFVFTL_HLA-A*02:01,tcr3155,0
vdjdb_full_7580,GILGFVFTL_HLA-A*02:01,tcr7215,1
vdjdb_full_7580_ss_3_n0,GILGFVFTL_HLA-A*02:01,tcr12306,0
vdjdb_full_7816,GILGFVFTL_HLA-A*02:01,tcr16268,1
vdjdb_full_7816_ss_3_n0,GILGFVFTL_HLA-A*02:01,tcr2870,0
vdjdb_full_8128,GILGFVFTL_HLA-A*02:01,tcr2262,1
vdjdb_full_8128_ss_3_n0,GILGFVFTL_HLA-A*02:01,tcr5464,0
vdjdb_full_7407,GILGFVFTL_HLA-A*02:01,tcr2612,1
vdjdb_full_7407_ss_3_n0,GILGFVFTL_HLA-A*02:01,tcr18321,0
vdjdb_full_6551,GILGFVFTL_HLA-A*02:01,tcr18134,1
vdjdb_full_6551_ss_3_n0,GILGFVFTL_HLA-A*02:01,tcr11118,0
vdjdb_full_7072,GILGFVFTL_HLA-A*02:01,tcr3894,1
vdjdb_full_7072_ss_3_n0,GILGFVFTL_HLA-A*02:01,tcr9565,0
vdjdb_full_7423,GILGFVFTL_HLA-A*02:01,tcr1778,1
vdjdb_full_7423_ss_3_n0,GILGFVFTL_HLA-A*02:01,tcr14720,0
vdjdb_full_7839,GILGFVFTL_HLA-A*02:01,tcr10336,1
vdjdb_full_7839_ss_3_n0,GILGFVFTL_HLA-A*02:01,tcr13822,0
vdjdb_full_6951,GILGFVFTL_HLA-A*02:01,tcr17552,1
vdjdb_full_6951_ss_3_n0,GILGFVFTL_HLA-A*02:01,tcr8076,0
vdjdb_full_7581,GILGFVFTL_HLA-A*02:01,tcr230,1
vdjdb_full_7581_ss_3_n0,GILGFVFTL_HLA-A*02:01,tcr8264,0
vdjdb_full_7174,GILGFVFTL_HLA-A*02:01,tcr2832,1
vdjdb_full_7174_ss_3_n0,GILGFVFTL_HLA-A*02:01,tcr8373,0
vdjdb_full_7350,GILGFVFTL_HLA-A*02:01,tcr16814,1
vdjdb_full_7350_ss_3_n0,GILGFVFTL_HLA-A*02:01,tcr17458,0
vdjdb_full_6667,GILGFVFTL_HLA-A*02:01,tcr10276,1
vdjdb_full_6667_ss_3_n0,GILGFVFTL_HLA-A*02:01,tcr3063,0
vdjdb_full_7296,GILGFVFTL_HLA-A*02:01,tcr11966,1
vdjdb_full_7296_ss_3_n0,GILGFVFTL_HLA-A*02:01,tcr7420,0
vdjdb_full_7028,GILGFVFTL_HLA-A*02:01,tcr171,1
vdjdb_full_7028_ss_3_n0,GILGFVFTL_HLA-A*02:01,tcr7342,0
vdjdb_full_7137,GILGFVFTL_HLA-A*02:01,tcr7478,1
vdjdb_full_7137_ss_3_n0,GILGFVFTL_HLA-A*02:01,tcr1079,0
vdjdb_full_6952,GILGFVFTL_HLA-A*02:01,tcr15152,1
vdjdb_full_6952_ss_3_n0,GILGFVFTL_HLA-A*02:01,tcr443,0
vdjdb_full_7738,GILGFVFTL_HLA-A*02:01,tcr2304,1
vdjdb_full_7738_ss_3_n0,GILGFVFTL_HLA-A*02:01,tcr10494,0
vdjdb_full_7332,GILGFVFTL_HLA-A*02:01,tcr9308,1
vdjdb_full_7332_ss_3_n0,GILGFVFTL_HLA-A*02:01,tcr10236,0
vdjdb_full_7298,GILGFVFTL_HLA-A*02:01,tcr17345,1
vdjdb_full_7298_ss_3_n0,GILGFVFTL_HLA-A*02:01,tcr14303,0
vdjdb_full_6372,GILGFVFTL_HLA-A*02:01,tcr10945,1
vdjdb_full_6372_ss_3_n0,GILGFVFTL_HLA-A*02:01,tcr14175,0
vdjdb_full_7336,GILGFVFTL_HLA-A*02:01,tcr8121,1
vdjdb_full_7336_ss_3_n0,GILGFVFTL_HLA-A*02:01,tcr4164,0
vdjdb_full_8160,GILGFVFTL_HLA-A*02:01,tcr16747,1
vdjdb_full_8160_ss_3_n0,GILGFVFTL_HLA-A*02:01,tcr10046,0
vdjdb_full_7970,GILGFVFTL_HLA-A*02:01,tcr11306,1
vdjdb_full_7970_ss_3_n0,GILGFVFTL_HLA-A*02:01,tcr17256,0
vdjdb_full_8075,GILGFVFTL_HLA-A*02:01,tcr9147,1
vdjdb_full_8075_ss_3_n0,GILGFVFTL_HLA-A*02:01,tcr12674,0
vdjdb_full_6336,GILGFVFTL_HLA-A*02:01,tcr12691,1
vdjdb_full_6336_ss_3_n0,GILGFVFTL_HLA-A*02:01,tcr16274,0
vdjdb_full_322,KLGGALQAK_HLA-A*03:01,tcr11537,1
vdjdb_full_322_ss_3_n0,KLGGALQAK_HLA-A*03:01,tcr5596,0
vdjdb_full_1107,KLGGALQAK_HLA-A*03:01,tcr12515,1
vdjdb_full_1107_ss_3_n0,KLGGALQAK_HLA-A*03:01,tcr14759,0
vdjdb_full_1298,KLGGALQAK_HLA-A*03:01,tcr15479,1
vdjdb_full_1298_ss_3_n0,KLGGALQAK_HLA-A*03:01,tcr14745,0
vdjdb_full_1746,KLGGALQAK_HLA-A*03:01,tcr3906,1
vdjdb_full_1746_ss_3_n0,KLGGALQAK_HLA-A*03:01,tcr11503,0
vdjdb_full_1394,KLGGALQAK_HLA-A*03:01,tcr13831,1
vdjdb_full_1394_ss_3_n0,KLGGALQAK_HLA-A*03:01,tcr4661,0
vdjdb_full_1312,KLGGALQAK_HLA-A*03:01,tcr1225,1
vdjdb_full_1312_ss_3_n0,KLGGALQAK_HLA-A*03:01,tcr9670,0
vdjdb_full_1068,KLGGALQAK_HLA-A*03:01,tcr6017,1
vdjdb_full_1068_ss_3_n0,KLGGALQAK_HLA-A*03:01,tcr3809,0
vdjdb_full_1687,KLGGALQAK_HLA-A*03:01,tcr3273,1
vdjdb_full_1687_ss_3_n0,KLGGALQAK_HLA-A*03:01,tcr8819,0
vdjdb_full_1587,KLGGALQAK_HLA-A*03:01,tcr3782,1
vdjdb_full_1587_ss_3_n0,KLGGALQAK_HLA-A*03:01,tcr7084,0
vdjdb_full_1983,KLGGALQAK_HLA-A*03:01,tcr14657,1
vdjdb_full_1983_ss_3_n0,KLGGALQAK_HLA-A*03:01,tcr10992,0
vdjdb_full_80,KLGGALQAK_HLA-A*03:01,tcr16246,1
vdjdb_full_80_ss_3_n0,KLGGALQAK_HLA-A*03:01,tcr14732,0
vdjdb_full_180,KLGGALQAK_HLA-A*03:01,tcr6925,1
vdjdb_full_180_ss_3_n0,KLGGALQAK_HLA-A*03:01,tcr15890,0
vdjdb_full_1825,KLGGALQAK_HLA-A*03:01,tcr12152,1
vdjdb_full_1825_ss_3_n0,KLGGALQAK_HLA-A*03:01,tcr6716,0
vdjdb_full_1122,KLGGALQAK_HLA-A*03:01,tcr18070,1
vdjdb_full_1122_ss_3_n0,KLGGALQAK_HLA-A*03:01,tcr512,0
vdjdb_full_68,KLGGALQAK_HLA-A*03:01,tcr13043,1
vdjdb_full_68_ss_3_n0,KLGGALQAK_HLA-A*03:01,tcr4883,0
vdjdb_full_1234,KLGGALQAK_HLA-A*03:01,tcr3201,1
vdjdb_full_1234_ss_3_n0,KLGGALQAK_HLA-A*03:01,tcr453,0
vdjdb_full_465,KLGGALQAK_HLA-A*03:01,tcr16998,1
vdjdb_full_465_ss_3_n0,KLGGALQAK_HLA-A*03:01,tcr707,0
vdjdb_full_170,KLGGALQAK_HLA-A*03:01,tcr17435,1
vdjdb_full_170_ss_3_n0,KLGGALQAK_HLA-A*03:01,tcr9157,0
vdjdb_full_1360,KLGGALQAK_HLA-A*03:01,tcr7347,1
vdjdb_full_1360_ss_3_n0,KLGGALQAK_HLA-A*03:01,tcr764,0
vdjdb_full_426,KLGGALQAK_HLA-A*03:01,tcr4487,1
vdjdb_full_426_ss_3_n0,KLGGALQAK_HLA-A*03:01,tcr3901,0
vdjdb_full_801,KLGGALQAK_HLA-A*03:01,tcr29,1
vdjdb_full_801_ss_3_n0,KLGGALQAK_HLA-A*03:01,tcr15584,0
vdjdb_full_1331,KLGGALQAK_HLA-A*03:01,tcr13829,1
vdjdb_full_1331_ss_3_n0,KLGGALQAK_HLA-A*03:01,tcr4285,0
vdjdb_full_712,KLGGALQAK_HLA-A*03:01,tcr9352,1
vdjdb_full_712_ss_3_n0,KLGGALQAK_HLA-A*03:01,tcr8122,0
vdjdb_full_1508,KLGGALQAK_HLA-A*03:01,tcr9908,1
vdjdb_full_1508_ss_3_n0,KLGGALQAK_HLA-A*03:01,tcr2509,0
vdjdb_full_1982,KLGGALQAK_HLA-A*03:01,tcr5636,1
vdjdb_full_1982_ss_3_n0,KLGGALQAK_HLA-A*03:01,tcr14050,0
vdjdb_full_157,KLGGALQAK_HLA-A*03:01,tcr439,1
vdjdb_full_157_ss_3_n0,KLGGALQAK_HLA-A*03:01,tcr13407,0
vdjdb_full_1129,KLGGALQAK_HLA-A*03:01,tcr3738,1
vdjdb_full_1129_ss_3_n0,KLGGALQAK_HLA-A*03:01,tcr1149,0
vdjdb_full_568,KLGGALQAK_HLA-A*03:01,tcr18121,1
vdjdb_full_568_ss_3_n0,KLGGALQAK_HLA-A*03:01,tcr17238,0
vdjdb_full_400,KLGGALQAK_HLA-A*03:01,tcr3707,1
vdjdb_full_400_ss_3_n0,KLGGALQAK_HLA-A*03:01,tcr4575,0
vdjdb_full_622,KLGGALQAK_HLA-A*03:01,tcr13687,1
vdjdb_full_622_ss_3_n0,KLGGALQAK_HLA-A*03:01,tcr1457,0
vdjdb_full_514,KLGGALQAK_HLA-A*03:01,tcr3967,1
vdjdb_full_514_ss_3_n0,KLGGALQAK_HLA-A*03:01,tcr17618,0
vdjdb_full_158,KLGGALQAK_HLA-A*03:01,tcr12026,1
vdjdb_full_158_ss_3_n0,KLGGALQAK_HLA-A*03:01,tcr6875,0
vdjdb_full_1219,KLGGALQAK_HLA-A*03:01,tcr13406,1
vdjdb_full_1219_ss_3_n0,KLGGALQAK_HLA-A*03:01,tcr5179,0
vdjdb_full_872,KLGGALQAK_HLA-A*03:01,tcr4004,1
vdjdb_full_872_ss_3_n0,KLGGALQAK_HLA-A*03:01,tcr3172,0
vdjdb_full_420,KLGGALQAK_HLA-A*03:01,tcr6032,1
vdjdb_full_420_ss_3_n0,KLGGALQAK_HLA-A*03:01,tcr606,0
vdjdb_full_364,KLGGALQAK_HLA-A*03:01,tcr17947,1
vdjdb_full_364_ss_3_n0,KLGGALQAK_HLA-A*03:01,tcr10303,0
vdjdb_full_343,KLGGALQAK_HLA-A*03:01,tcr8995,1
vdjdb_full_343_ss_3_n0,KLGGALQAK_HLA-A*03:01,tcr12606,0
vdjdb_full_736,KLGGALQAK_HLA-A*03:01,tcr5437,1
vdjdb_full_736_ss_3_n0,KLGGALQAK_HLA-A*03:01,tcr2752,0
vdjdb_full_1506,KLGGALQAK_HLA-A*03:01,tcr15403,1
vdjdb_full_1506_ss_3_n0,KLGGALQAK_HLA-A*03:01,tcr1453,0
vdjdb_full_690,KLGGALQAK_HLA-A*03:01,tcr6893,1
vdjdb_full_690_ss_3_n0,KLGGALQAK_HLA-A*03:01,tcr14175,0
vdjdb_full_1547,KLGGALQAK_HLA-A*03:01,tcr3214,1
vdjdb_full_1547_ss_3_n0,KLGGALQAK_HLA-A*03:01,tcr7535,0
vdjdb_full_1857,KLGGALQAK_HLA-A*03:01,tcr12099,1
vdjdb_full_1857_ss_3_n0,KLGGALQAK_HLA-A*03:01,tcr2507,0
vdjdb_full_588,KLGGALQAK_HLA-A*03:01,tcr14106,1
vdjdb_full_588_ss_3_n0,KLGGALQAK_HLA-A*03:01,tcr12108,0
vdjdb_full_837,KLGGALQAK_HLA-A*03:01,tcr4163,1
vdjdb_full_837_ss_3_n0,KLGGALQAK_HLA-A*03:01,tcr13986,0
vdjdb_full_605,KLGGALQAK_HLA-A*03:01,tcr14091,1
vdjdb_full_605_ss_3_n0,KLGGALQAK_HLA-A*03:01,tcr5413,0
vdjdb_full_444,KLGGALQAK_HLA-A*03:01,tcr10470,1
vdjdb_full_444_ss_3_n0,KLGGALQAK_HLA-A*03:01,tcr5389,0
vdjdb_full_1393,KLGGALQAK_HLA-A*03:01,tcr756,1
vdjdb_full_1393_ss_3_n0,KLGGALQAK_HLA-A*03:01,tcr17087,0
vdjdb_full_279,KLGGALQAK_HLA-A*03:01,tcr16020,1
vdjdb_full_279_ss_3_n0,KLGGALQAK_HLA-A*03:01,tcr10669,0
vdjdb_full_1096,KLGGALQAK_HLA-A*03:01,tcr4393,1
vdjdb_full_1096_ss_3_n0,KLGGALQAK_HLA-A*03:01,tcr16638,0
vdjdb_full_316,KLGGALQAK_HLA-A*03:01,tcr1059,1
vdjdb_full_316_ss_3_n0,KLGGALQAK_HLA-A*03:01,tcr1886,0
vdjdb_full_323,KLGGALQAK_HLA-A*03:01,tcr11723,1
vdjdb_full_323_ss_3_n0,KLGGALQAK_HLA-A*03:01,tcr526,0
vdjdb_full_1659,KLGGALQAK_HLA-A*03:01,tcr6638,1
vdjdb_full_1659_ss_3_n0,KLGGALQAK_HLA-A*03:01,tcr2539,0
vdjdb_full_223,KLGGALQAK_HLA-A*03:01,tcr4133,1
vdjdb_full_223_ss_3_n0,KLGGALQAK_HLA-A*03:01,tcr1746,0
vdjdb_full_1200,KLGGALQAK_HLA-A*03:01,tcr1423,1
vdjdb_full_1200_ss_3_n0,KLGGALQAK_HLA-A*03:01,tcr2124,0
vdjdb_full_539,KLGGALQAK_HLA-A*03:01,tcr2941,1
vdjdb_full_539_ss_3_n0,KLGGALQAK_HLA-A*03:01,tcr11913,0
vdjdb_full_2031,KLGGALQAK_HLA-A*03:01,tcr2405,1
vdjdb_full_2031_ss_3_n0,KLGGALQAK_HLA-A*03:01,tcr18100,0
vdjdb_full_1744,KLGGALQAK_HLA-A*03:01,tcr9547,1
vdjdb_full_1744_ss_3_n0,KLGGALQAK_HLA-A*03:01,tcr2147,0
vdjdb_full_1361,KLGGALQAK_HLA-A*03:01,tcr10614,1
vdjdb_full_1361_ss_3_n0,KLGGALQAK_HLA-A*03:01,tcr671,0
vdjdb_full_1445,KLGGALQAK_HLA-A*03:01,tcr3332,1
vdjdb_full_1445_ss_3_n0,KLGGALQAK_HLA-A*03:01,tcr614,0
vdjdb_full_220,KLGGALQAK_HLA-A*03:01,tcr14981,1
vdjdb_full_220_ss_3_n0,KLGGALQAK_HLA-A*03:01,tcr5513,0
vdjdb_full_950,KLGGALQAK_HLA-A*03:01,tcr15130,1
vdjdb_full_950_ss_3_n0,KLGGALQAK_HLA-A*03:01,tcr15269,0
vdjdb_full_2053,KLGGALQAK_HLA-A*03:01,tcr15102,1
vdjdb_full_2053_ss_3_n0,KLGGALQAK_HLA-A*03:01,tcr12043,0
vdjdb_full_415,KLGGALQAK_HLA-A*03:01,tcr11619,1
vdjdb_full_415_ss_3_n0,KLGGALQAK_HLA-A*03:01,tcr14487,0
vdjdb_full_1890,KLGGALQAK_HLA-A*03:01,tcr5700,1
vdjdb_full_1890_ss_3_n0,KLGGALQAK_HLA-A*03:01,tcr7721,0
vdjdb_full_1281,KLGGALQAK_HLA-A*03:01,tcr17750,1
vdjdb_full_1281_ss_3_n0,KLGGALQAK_HLA-A*03:01,tcr8541,0
vdjdb_full_290,KLGGALQAK_HLA-A*03:01,tcr15539,1
vdjdb_full_290_ss_3_n0,KLGGALQAK_HLA-A*03:01,tcr14198,0
vdjdb_full_193,KLGGALQAK_HLA-A*03:01,tcr8760,1
vdjdb_full_193_ss_3_n0,KLGGALQAK_HLA-A*03:01,tcr3799,0
vdjdb_full_988,KLGGALQAK_HLA-A*03:01,tcr2263,1
vdjdb_full_988_ss_3_n0,KLGGALQAK_HLA-A*03:01,tcr1266,0
vdjdb_full_1644,KLGGALQAK_HLA-A*03:01,tcr12621,1
vdjdb_full_1644_ss_3_n0,KLGGALQAK_HLA-A*03:01,tcr18270,0
vdjdb_full_924,KLGGALQAK_HLA-A*03:01,tcr4562,1
vdjdb_full_924_ss_3_n0,KLGGALQAK_HLA-A*03:01,tcr16929,0
vdjdb_full_1773,KLGGALQAK_HLA-A*03:01,tcr13454,1
vdjdb_full_1773_ss_3_n0,KLGGALQAK_HLA-A*03:01,tcr9765,0
vdjdb_full_276,KLGGALQAK_HLA-A*03:01,tcr5757,1
vdjdb_full_276_ss_3_n0,KLGGALQAK_HLA-A*03:01,tcr9829,0
vdjdb_full_1500,KLGGALQAK_HLA-A*03:01,tcr16561,1
vdjdb_full_1500_ss_3_n0,KLGGALQAK_HLA-A*03:01,tcr5056,0
vdjdb_full_1063,KLGGALQAK_HLA-A*03:01,tcr7358,1
vdjdb_full_1063_ss_3_n0,KLGGALQAK_HLA-A*03:01,tcr2531,0
vdjdb_full_1860,KLGGALQAK_HLA-A*03:01,tcr6445,1
vdjdb_full_1860_ss_3_n0,KLGGALQAK_HLA-A*03:01,tcr13269,0
vdjdb_full_335,KLGGALQAK_HLA-A*03:01,tcr3996,1
vdjdb_full_335_ss_3_n0,KLGGALQAK_HLA-A*03:01,tcr11059,0
vdjdb_full_141,KLGGALQAK_HLA-A*03:01,tcr16009,1
vdjdb_full_141_ss_3_n0,KLGGALQAK_HLA-A*03:01,tcr164,0
vdjdb_full_376,KLGGALQAK_HLA-A*03:01,tcr18395,1
vdjdb_full_376_ss_3_n0,KLGGALQAK_HLA-A*03:01,tcr15875,0
vdjdb_full_1028,KLGGALQAK_HLA-A*03:01,tcr12342,1
vdjdb_full_1028_ss_3_n0,KLGGALQAK_HLA-A*03:01,tcr8591,0
vdjdb_full_1580,KLGGALQAK_HLA-A*03:01,tcr1885,1
vdjdb_full_1580_ss_3_n0,KLGGALQAK_HLA-A*03:01,tcr15206,0
vdjdb_full_494,KLGGALQAK_HLA-A*03:01,tcr4701,1
vdjdb_full_494_ss_3_n0,KLGGALQAK_HLA-A*03:01,tcr6407,0
vdjdb_full_1902,KLGGALQAK_HLA-A*03:01,tcr13062,1
vdjdb_full_1902_ss_3_n0,KLGGALQAK_HLA-A*03:01,tcr5458,0
vdjdb_full_684,KLGGALQAK_HLA-A*03:01,tcr6546,1
vdjdb_full_684_ss_3_n0,KLGGALQAK_HLA-A*03:01,tcr15217,0
vdjdb_full_1504,KLGGALQAK_HLA-A*03:01,tcr3509,1
vdjdb_full_1504_ss_3_n0,KLGGALQAK_HLA-A*03:01,tcr2,0
vdjdb_full_1439,KLGGALQAK_HLA-A*03:01,tcr4992,1
vdjdb_full_1439_ss_3_n0,KLGGALQAK_HLA-A*03:01,tcr14800,0
vdjdb_full_217,KLGGALQAK_HLA-A*03:01,tcr12545,1
vdjdb_full_217_ss_3_n0,KLGGALQAK_HLA-A*03:01,tcr325,0
vdjdb_full_1340,KLGGALQAK_HLA-A*03:01,tcr10570,1
vdjdb_full_1340_ss_3_n0,KLGGALQAK_HLA-A*03:01,tcr13706,0
vdjdb_full_181,KLGGALQAK_HLA-A*03:01,tcr15646,1
vdjdb_full_181_ss_3_n0,KLGGALQAK_HLA-A*03:01,tcr10084,0
vdjdb_full_1946,KLGGALQAK_HLA-A*03:01,tcr13266,1
vdjdb_full_1946_ss_3_n0,KLGGALQAK_HLA-A*03:01,tcr16261,0
vdjdb_full_1460,KLGGALQAK_HLA-A*03:01,tcr1318,1
vdjdb_full_1460_ss_3_n0,KLGGALQAK_HLA-A*03:01,tcr14081,0
vdjdb_full_949,KLGGALQAK_HLA-A*03:01,tcr4909,1
vdjdb_full_949_ss_3_n0,KLGGALQAK_HLA-A*03:01,tcr10878,0
vdjdb_full_1392,KLGGALQAK_HLA-A*03:01,tcr5053,1
vdjdb_full_1392_ss_3_n0,KLGGALQAK_HLA-A*03:01,tcr3162,0
vdjdb_full_862,KLGGALQAK_HLA-A*03:01,tcr1713,1
vdjdb_full_862_ss_3_n0,KLGGALQAK_HLA-A*03:01,tcr13765,0
vdjdb_full_380,KLGGALQAK_HLA-A*03:01,tcr4474,1
vdjdb_full_380_ss_3_n0,KLGGALQAK_HLA-A*03:01,tcr7730,0
vdjdb_full_1255,KLGGALQAK_HLA-A*03:01,tcr1372,1
vdjdb_full_1255_ss_3_n0,KLGGALQAK_HLA-A*03:01,tcr18210,0
vdjdb_full_1416,KLGGALQAK_HLA-A*03:01,tcr5482,1
vdjdb_full_1416_ss_3_n0,KLGGALQAK_HLA-A*03:01,tcr13821,0
vdjdb_full_936,KLGGALQAK_HLA-A*03:01,tcr11343,1
vdjdb_full_936_ss_3_n0,KLGGALQAK_HLA-A*03:01,tcr2271,0
vdjdb_full_591,KLGGALQAK_HLA-A*03:01,tcr17787,1
vdjdb_full_591_ss_3_n0,KLGGALQAK_HLA-A*03:01,tcr16396,0
vdjdb_full_931,KLGGALQAK_HLA-A*03:01,tcr11591,1
vdjdb_full_931_ss_3_n0,KLGGALQAK_HLA-A*03:01,tcr14271,0
vdjdb_full_659,KLGGALQAK_HLA-A*03:01,tcr2922,1
vdjdb_full_659_ss_3_n0,KLGGALQAK_HLA-A*03:01,tcr8129,0
vdjdb_full_4750,AVFDRKSDAK_HLA-A*11:01,tcr1699,1
vdjdb_full_4750_ss_3_n0,AVFDRKSDAK_HLA-A*11:01,tcr8963,0
vdjdb_full_5111,AVFDRKSDAK_HLA-A*11:01,tcr6954,1
vdjdb_full_5111_ss_3_n0,AVFDRKSDAK_HLA-A*11:01,tcr1403,0
vdjdb_full_6258,AVFDRKSDAK_HLA-A*11:01,tcr3936,1
vdjdb_full_6258_ss_3_n0,AVFDRKSDAK_HLA-A*11:01,tcr14352,0
vdjdb_full_5202,AVFDRKSDAK_HLA-A*11:01,tcr3467,1
vdjdb_full_5202_ss_3_n0,AVFDRKSDAK_HLA-A*11:01,tcr17171,0
vdjdb_full_6010,AVFDRKSDAK_HLA-A*11:01,tcr12726,1
vdjdb_full_6010_ss_3_n0,AVFDRKSDAK_HLA-A*11:01,tcr1955,0
vdjdb_full_5827,AVFDRKSDAK_HLA-A*11:01,tcr9281,1
vdjdb_full_5827_ss_3_n0,AVFDRKSDAK_HLA-A*11:01,tcr14376,0
vdjdb_full_6274,AVFDRKSDAK_HLA-A*11:01,tcr9639,1
vdjdb_full_6274_ss_3_n0,AVFDRKSDAK_HLA-A*11:01,tcr17988,0
vdjdb_full_5454,AVFDRKSDAK_HLA-A*11:01,tcr16620,1
vdjdb_full_5454_ss_3_n0,AVFDRKSDAK_HLA-A*11:01,tcr7886,0
vdjdb_full_5569,AVFDRKSDAK_HLA-A*11:01,tcr10614,1
vdjdb_full_5569_ss_3_n0,AVFDRKSDAK_HLA-A*11:01,tcr9973,0
vdjdb_full_4898,AVFDRKSDAK_HLA-A*11:01,tcr11191,1
vdjdb_full_4898_ss_3_n0,AVFDRKSDAK_HLA-A*11:01,tcr2671,0
vdjdb_full_5256,AVFDRKSDAK_HLA-A*11:01,tcr4446,1
vdjdb_full_5256_ss_3_n0,AVFDRKSDAK_HLA-A*11:01,tcr15677,0
vdjdb_full_5489,AVFDRKSDAK_HLA-A*11:01,tcr16300,1
vdjdb_full_5489_ss_3_n0,AVFDRKSDAK_HLA-A*11:01,tcr11596,0
vdjdb_full_5315,AVFDRKSDAK_HLA-A*11:01,tcr14075,1
vdjdb_full_5315_ss_3_n0,AVFDRKSDAK_HLA-A*11:01,tcr622,0
vdjdb_full_4639,AVFDRKSDAK_HLA-A*11:01,tcr10685,1
vdjdb_full_4639_ss_3_n0,AVFDRKSDAK_HLA-A*11:01,tcr12617,0
vdjdb_full_5186,AVFDRKSDAK_HLA-A*11:01,tcr12793,1
vdjdb_full_5186_ss_3_n0,AVFDRKSDAK_HLA-A*11:01,tcr12639,0
vdjdb_full_5400,AVFDRKSDAK_HLA-A*11:01,tcr13769,1
vdjdb_full_5400_ss_3_n0,AVFDRKSDAK_HLA-A*11:01,tcr12913,0
vdjdb_full_5047,AVFDRKSDAK_HLA-A*11:01,tcr14291,1
vdjdb_full_5047_ss_3_n0,AVFDRKSDAK_HLA-A*11:01,tcr15992,0
vdjdb_full_4888,AVFDRKSDAK_HLA-A*11:01,tcr11199,1
vdjdb_full_4888_ss_3_n0,AVFDRKSDAK_HLA-A*11:01,tcr1824,0
vdjdb_full_5463,AVFDRKSDAK_HLA-A*11:01,tcr18168,1
vdjdb_full_5463_ss_3_n0,AVFDRKSDAK_HLA-A*11:01,tcr10256,0
vdjdb_full_4917,AVFDRKSDAK_HLA-A*11:01,tcr17331,1
vdjdb_full_4917_ss_3_n0,AVFDRKSDAK_HLA-A*11:01,tcr6449,0
vdjdb_full_4932,AVFDRKSDAK_HLA-A*11:01,tcr6333,1
vdjdb_full_4932_ss_3_n0,AVFDRKSDAK_HLA-A*11:01,tcr3816,0
vdjdb_full_4871,AVFDRKSDAK_HLA-A*11:01,tcr11229,1
vdjdb_full_4871_ss_3_n0,AVFDRKSDAK_HLA-A*11:01,tcr697,0
vdjdb_full_4867,AVFDRKSDAK_HLA-A*11:01,tcr8523,1
vdjdb_full_4867_ss_3_n0,AVFDRKSDAK_HLA-A*11:01,tcr1403,0
vdjdb_full_5061,AVFDRKSDAK_HLA-A*11:01,tcr16650,1
vdjdb_full_5061_ss_3_n0,AVFDRKSDAK_HLA-A*11:01,tcr5764,0
vdjdb_full_6056,AVFDRKSDAK_HLA-A*11:01,tcr209,1
vdjdb_full_6056_ss_3_n0,AVFDRKSDAK_HLA-A*11:01,tcr17902,0
vdjdb_full_5012,AVFDRKSDAK_HLA-A*11:01,tcr10043,1
vdjdb_full_5012_ss_3_n0,AVFDRKSDAK_HLA-A*11:01,tcr12005,0
vdjdb_full_5817,AVFDRKSDAK_HLA-A*11:01,tcr6602,1
vdjdb_full_5817_ss_3_n0,AVFDRKSDAK_HLA-A*11:01,tcr14621,0
vdjdb_full_5114,AVFDRKSDAK_HLA-A*11:01,tcr10915,1
vdjdb_full_5114_ss_3_n0,AVFDRKSDAK_HLA-A*11:01,tcr15747,0
vdjdb_full_4682,AVFDRKSDAK_HLA-A*11:01,tcr286,1
vdjdb_full_4682_ss_3_n0,AVFDRKSDAK_HLA-A*11:01,tcr9594,0
vdjdb_full_6253,AVFDRKSDAK_HLA-A*11:01,tcr1574,1
vdjdb_full_6253_ss_3_n0,AVFDRKSDAK_HLA-A*11:01,tcr3196,0
vdjdb_full_5441,AVFDRKSDAK_HLA-A*11:01,tcr9787,1
vdjdb_full_5441_ss_3_n0,AVFDRKSDAK_HLA-A*11:01,tcr8288,0
vdjdb_full_4938,AVFDRKSDAK_HLA-A*11:01,tcr12429,1
vdjdb_full_4938_ss_3_n0,AVFDRKSDAK_HLA-A*11:01,tcr6716,0
vdjdb_full_5382,AVFDRKSDAK_HLA-A*11:01,tcr12178,1
vdjdb_full_5382_ss_3_n0,AVFDRKSDAK_HLA-A*11:01,tcr4685,0
vdjdb_full_5185,AVFDRKSDAK_HLA-A*11:01,tcr15471,1
vdjdb_full_5185_ss_3_n0,AVFDRKSDAK_HLA-A*11:01,tcr10939,0
vdjdb_full_4640,AVFDRKSDAK_HLA-A*11:01,tcr14165,1
vdjdb_full_4640_ss_3_n0,AVFDRKSDAK_HLA-A*11:01,tcr13720,0
vdjdb_full_4739,AVFDRKSDAK_HLA-A*11:01,tcr14759,1
vdjdb_full_4739_ss_3_n0,AVFDRKSDAK_HLA-A*11:01,tcr9627,0
vdjdb_full_6083,AVFDRKSDAK_HLA-A*11:01,tcr10724,1
vdjdb_full_6083_ss_3_n0,AVFDRKSDAK_HLA-A*11:01,tcr15798,0
vdjdb_full_6236,AVFDRKSDAK_HLA-A*11:01,tcr13811,1
vdjdb_full_6236_ss_3_n0,AVFDRKSDAK_HLA-A*11:01,tcr7206,0
vdjdb_full_5710,AVFDRKSDAK_HLA-A*11:01,tcr12484,1
vdjdb_full_5710_ss_3_n0,AVFDRKSDAK_HLA-A*11:01,tcr15798,0
vdjdb_full_5070,AVFDRKSDAK_HLA-A*11:01,tcr2780,1
vdjdb_full_5070_ss_3_n0,AVFDRKSDAK_HLA-A*11:01,tcr9901,0
vdjdb_full_5082,AVFDRKSDAK_HLA-A*11:01,tcr16139,1
vdjdb_full_5082_ss_3_n0,AVFDRKSDAK_HLA-A*11:01,tcr4188,0
vdjdb_full_5350,AVFDRKSDAK_HLA-A*11:01,tcr1462,1
vdjdb_full_5350_ss_3_n0,AVFDRKSDAK_HLA-A*11:01,tcr16014,0
vdjdb_full_5481,AVFDRKSDAK_HLA-A*11:01,tcr5349,1
vdjdb_full_5481_ss_3_n0,AVFDRKSDAK_HLA-A*11:01,tcr1593,0
vdjdb_full_5115,AVFDRKSDAK_HLA-A*11:01,tcr4632,1
vdjdb_full_5115_ss_3_n0,AVFDRKSDAK_HLA-A*11:01,tcr2897,0
vdjdb_full_6249,AVFDRKSDAK_HLA-A*11:01,tcr9177,1
vdjdb_full_6249_ss_3_n0,AVFDRKSDAK_HLA-A*11:01,tcr3991,0
vdjdb_full_5829,AVFDRKSDAK_HLA-A*11:01,tcr12997,1
vdjdb_full_5829_ss_3_n0,AVFDRKSDAK_HLA-A*11:01,tcr3264,0
vdjdb_full_5546,AVFDRKSDAK_HLA-A*11:01,tcr104,1
vdjdb_full_5546_ss_3_n0,AVFDRKSDAK_HLA-A*11:01,tcr10507,0
vdjdb_full_6183,AVFDRKSDAK_HLA-A*11:01,tcr6567,1
vdjdb_full_6183_ss_3_n0,AVFDRKSDAK_HLA-A*11:01,tcr17472,0
vdjdb_full_4633,AVFDRKSDAK_HLA-A*11:01,tcr7936,1
vdjdb_full_4633_ss_3_n0,AVFDRKSDAK_HLA-A*11:01,tcr4671,0
vdjdb_full_4901,AVFDRKSDAK_HLA-A*11:01,tcr559,1
vdjdb_full_4901_ss_3_n0,AVFDRKSDAK_HLA-A*11:01,tcr4781,0
vdjdb_full_4642,AVFDRKSDAK_HLA-A*11:01,tcr13765,1
vdjdb_full_4642_ss_3_n0,AVFDRKSDAK_HLA-A*11:01,tcr8834,0
vdjdb_full_6009,AVFDRKSDAK_HLA-A*11:01,tcr12409,1
vdjdb_full_6009_ss_3_n0,AVFDRKSDAK_HLA-A*11:01,tcr12031,0
vdjdb_full_5039,AVFDRKSDAK_HLA-A*11:01,tcr356,1
vdjdb_full_5039_ss_3_n0,AVFDRKSDAK_HLA-A*11:01,tcr14836,0
vdjdb_full_5632,AVFDRKSDAK_HLA-A*11:01,tcr6763,1
vdjdb_full_5632_ss_3_n0,AVFDRKSDAK_HLA-A*11:01,tcr12522,0
vdjdb_full_6137,AVFDRKSDAK_HLA-A*11:01,tcr18152,1
vdjdb_full_6137_ss_3_n0,AVFDRKSDAK_HLA-A*11:01,tcr602,0
vdjdb_full_5129,AVFDRKSDAK_HLA-A*11:01,tcr10871,1
vdjdb_full_5129_ss_3_n0,AVFDRKSDAK_HLA-A*11:01,tcr8939,0
vdjdb_full_4677,AVFDRKSDAK_HLA-A*11:01,tcr4064,1
vdjdb_full_4677_ss_3_n0,AVFDRKSDAK_HLA-A*11:01,tcr3679,0
vdjdb_full_5707,AVFDRKSDAK_HLA-A*11:01,tcr15946,1
vdjdb_full_5707_ss_3_n0,AVFDRKSDAK_HLA-A*11:01,tcr10878,0
vdjdb_full_5917,AVFDRKSDAK_HLA-A*11:01,tcr3810,1
vdjdb_full_5917_ss_3_n0,AVFDRKSDAK_HLA-A*11:01,tcr1065,0
vdjdb_full_6158,AVFDRKSDAK_HLA-A*11:01,tcr3690,1
vdjdb_full_6158_ss_3_n0,AVFDRKSDAK_HLA-A*11:01,tcr499,0
vdjdb_full_5246,AVFDRKSDAK_HLA-A*11:01,tcr15745,1
vdjdb_full_5246_ss_3_n0,AVFDRKSDAK_HLA-A*11:01,tcr16485,0
vdjdb_full_4792,AVFDRKSDAK_HLA-A*11:01,tcr713,1
vdjdb_full_4792_ss_3_n0,AVFDRKSDAK_HLA-A*11:01,tcr3312,0
vdjdb_full_5163,AVFDRKSDAK_HLA-A*11:01,tcr9743,1
vdjdb_full_5163_ss_3_n0,AVFDRKSDAK_HLA-A*11:01,tcr9413,0
vdjdb_full_6060,AVFDRKSDAK_HLA-A*11:01,tcr11779,1
vdjdb_full_6060_ss_3_n0,AVFDRKSDAK_HLA-A*11:01,tcr12575,0
vdjdb_full_5330,AVFDRKSDAK_HLA-A*11:01,tcr17013,1
vdjdb_full_5330_ss_3_n0,AVFDRKSDAK_HLA-A*11:01,tcr4114,0
vdjdb_full_5307,AVFDRKSDAK_HLA-A*11:01,tcr1323,1
vdjdb_full_5307_ss_3_n0,AVFDRKSDAK_HLA-A*11:01,tcr756,0
vdjdb_full_5652,AVFDRKSDAK_HLA-A*11:01,tcr5458,1
vdjdb_full_5652_ss_3_n0,AVFDRKSDAK_HLA-A*11:01,tcr8002,0
vdjdb_full_5623,AVFDRKSDAK_HLA-A*11:01,tcr8220,1
vdjdb_full_5623_ss_3_n0,AVFDRKSDAK_HLA-A*11:01,tcr17668,0
vdjdb_full_4671,AVFDRKSDAK_HLA-A*11:01,tcr5437,1
vdjdb_full_4671_ss_3_n0,AVFDRKSDAK_HLA-A*11:01,tcr8153,0
vdjdb_full_6102,AVFDRKSDAK_HLA-A*11:01,tcr5383,1
vdjdb_full_6102_ss_3_n0,AVFDRKSDAK_HLA-A*11:01,tcr4739,0
vdjdb_full_4681,AVFDRKSDAK_HLA-A*11:01,tcr7693,1
vdjdb_full_4681_ss_3_n0,AVFDRKSDAK_HLA-A*11:01,tcr13285,0
vdjdb_full_6145,AVFDRKSDAK_HLA-A*11:01,tcr5314,1
vdjdb_full_6145_ss_3_n0,AVFDRKSDAK_HLA-A*11:01,tcr14378,0
vdjdb_full_5414,AVFDRKSDAK_HLA-A*11:01,tcr15266,1
vdjdb_full_5414_ss_3_n0,AVFDRKSDAK_HLA-A*11:01,tcr18080,0
vdjdb_full_4779,AVFDRKSDAK_HLA-A*11:01,tcr10530,1
vdjdb_full_4779_ss_3_n0,AVFDRKSDAK_HLA-A*11:01,tcr7531,0
vdjdb_full_6148,AVFDRKSDAK_HLA-A*11:01,tcr11589,1
vdjdb_full_6148_ss_3_n0,AVFDRKSDAK_HLA-A*11:01,tcr4113,0
vdjdb_full_5978,AVFDRKSDAK_HLA-A*11:01,tcr15859,1
vdjdb_full_5978_ss_3_n0,AVFDRKSDAK_HLA-A*11:01,tcr12107,0
vdjdb_full_5052,AVFDRKSDAK_HLA-A*11:01,tcr15483,1
vdjdb_full_5052_ss_3_n0,AVFDRKSDAK_HLA-A*11:01,tcr3759,0
vdjdb_full_5647,AVFDRKSDAK_HLA-A*11:01,tcr2051,1
vdjdb_full_5647_ss_3_n0,AVFDRKSDAK_HLA-A*11:01,tcr9049,0
vdjdb_full_5265,AVFDRKSDAK_HLA-A*11:01,tcr5848,1
vdjdb_full_5265_ss_3_n0,AVFDRKSDAK_HLA-A*11:01,tcr5402,0
vdjdb_full_6038,AVFDRKSDAK_HLA-A*11:01,tcr828,1
vdjdb_full_6038_ss_3_n0,AVFDRKSDAK_HLA-A*11:01,tcr9786,0
vdjdb_full_4981,AVFDRKSDAK_HLA-A*11:01,tcr17703,1
vdjdb_full_4981_ss_3_n0,AVFDRKSDAK_HLA-A*11:01,tcr9437,0
vdjdb_full_5894,AVFDRKSDAK_HLA-A*11:01,tcr160,1
vdjdb_full_5894_ss_3_n0,AVFDRKSDAK_HLA-A*11:01,tcr14494,0
vdjdb_full_4713,AVFDRKSDAK_HLA-A*11:01,tcr7107,1
vdjdb_full_4713_ss_3_n0,AVFDRKSDAK_HLA-A*11:01,tcr17045,0
vdjdb_full_4897,AVFDRKSDAK_HLA-A*11:01,tcr7706,1
vdjdb_full_4897_ss_3_n0,AVFDRKSDAK_HLA-A*11:01,tcr2788,0
vdjdb_full_5657,AVFDRKSDAK_HLA-A*11:01,tcr1483,1
vdjdb_full_5657_ss_3_n0,AVFDRKSDAK_HLA-A*11:01,tcr8206,0
vdjdb_full_5054,AVFDRKSDAK_HLA-A*11:01,tcr13345,1
vdjdb_full_5054_ss_3_n0,AVFDRKSDAK_HLA-A*11:01,tcr9863,0
vdjdb_full_4878,AVFDRKSDAK_HLA-A*11:01,tcr15548,1
vdjdb_full_4878_ss_3_n0,AVFDRKSDAK_HLA-A*11:01,tcr7753,0
vdjdb_full_5540,AVFDRKSDAK_HLA-A*11:01,tcr17818,1
vdjdb_full_5540_ss_3_n0,AVFDRKSDAK_HLA-A*11:01,tcr11130,0
vdjdb_full_5799,AVFDRKSDAK_HLA-A*11:01,tcr1689,1
vdjdb_full_5799_ss_3_n0,AVFDRKSDAK_HLA-A*11:01,tcr15504,0
vdjdb_full_5905,AVFDRKSDAK_HLA-A*11:01,tcr16504,1
vdjdb_full_5905_ss_3_n0,AVFDRKSDAK_HLA-A*11:01,tcr11499,0
vdjdb_full_5965,AVFDRKSDAK_HLA-A*11:01,tcr364,1
vdjdb_full_5965_ss_3_n0,AVFDRKSDAK_HLA-A*11:01,tcr3835,0
vdjdb_full_6105,AVFDRKSDAK_HLA-A*11:01,tcr6069,1
vdjdb_full_6105_ss_3_n0,AVFDRKSDAK_HLA-A*11:01,tcr9123,0
vdjdb_full_6044,AVFDRKSDAK_HLA-A*11:01,tcr4281,1
vdjdb_full_6044_ss_3_n0,AVFDRKSDAK_HLA-A*11:01,tcr10945,0
vdjdb_full_5536,AVFDRKSDAK_HLA-A*11:01,tcr13151,1
vdjdb_full_5536_ss_3_n0,AVFDRKSDAK_HLA-A*11:01,tcr17445,0
vdjdb_full_5997,AVFDRKSDAK_HLA-A*11:01,tcr8601,1
vdjdb_full_5997_ss_3_n0,AVFDRKSDAK_HLA-A*11:01,tcr13666,0
vdjdb_full_5598,AVFDRKSDAK_HLA-A*11:01,tcr4032,1
vdjdb_full_5598_ss_3_n0,AVFDRKSDAK_HLA-A*11:01,tcr1001,0
vdjdb_full_5347,AVFDRKSDAK_HLA-A*11:01,tcr5790,1
vdjdb_full_5347_ss_3_n0,AVFDRKSDAK_HLA-A*11:01,tcr9700,0
vdjdb_full_5635,AVFDRKSDAK_HLA-A*11:01,tcr15995,1
vdjdb_full_5635_ss_3_n0,AVFDRKSDAK_HLA-A*11:01,tcr9820,0
vdjdb_full_4874,AVFDRKSDAK_HLA-A*11:01,tcr3355,1
vdjdb_full_4874_ss_3_n0,AVFDRKSDAK_HLA-A*11:01,tcr6156,0
vdjdb_full_6039,AVFDRKSDAK_HLA-A*11:01,tcr6207,1
vdjdb_full_6039_ss_3_n0,AVFDRKSDAK_HLA-A*11:01,tcr12985,0
vdjdb_full_14593,RVRAYTYSK_HLA-A*03:01,tcr10590,1
vdjdb_full_14593_ss_3_n0,RVRAYTYSK_HLA-A*03:01,tcr5596,0
vdjdb_full_14148,RVRAYTYSK_HLA-A*03:01,tcr3820,1
vdjdb_full_14148_ss_3_n0,RVRAYTYSK_HLA-A*03:01,tcr11052,0
vdjdb_full_14549,RVRAYTYSK_HLA-A*03:01,tcr5751,1
vdjdb_full_14549_ss_3_n0,RVRAYTYSK_HLA-A*03:01,tcr837,0
vdjdb_full_14371,RVRAYTYSK_HLA-A*03:01,tcr4796,1
vdjdb_full_14371_ss_3_n0,RVRAYTYSK_HLA-A*03:01,tcr7802,0
vdjdb_full_13990,RVRAYTYSK_HLA-A*03:01,tcr2177,1
vdjdb_full_13990_ss_3_n0,RVRAYTYSK_HLA-A*03:01,tcr7215,0
vdjdb_full_14393,RVRAYTYSK_HLA-A*03:01,tcr14403,1
vdjdb_full_14393_ss_3_n0,RVRAYTYSK_HLA-A*03:01,tcr17368,0
vdjdb_full_14106,RVRAYTYSK_HLA-A*03:01,tcr10629,1
vdjdb_full_14106_ss_3_n0,RVRAYTYSK_HLA-A*03:01,tcr17760,0
vdjdb_full_14053,RVRAYTYSK_HLA-A*03:01,tcr5980,1
vdjdb_full_14053_ss_3_n0,RVRAYTYSK_HLA-A*03:01,tcr17175,0
vdjdb_full_14159,RVRAYTYSK_HLA-A*03:01,tcr6415,1
vdjdb_full_14159_ss_3_n0,RVRAYTYSK_HLA-A*03:01,tcr13005,0
vdjdb_full_14208,RVRAYTYSK_HLA-A*03:01,tcr14778,1
vdjdb_full_14208_ss_3_n0,RVRAYTYSK_HLA-A*03:01,tcr14673,0
vdjdb_full_14561,RVRAYTYSK_HLA-A*03:01,tcr687,1
vdjdb_full_14561_ss_3_n0,RVRAYTYSK_HLA-A*03:01,tcr5479,0
vdjdb_full_14212,RVRAYTYSK_HLA-A*03:01,tcr11521,1
vdjdb_full_14212_ss_3_n0,RVRAYTYSK_HLA-A*03:01,tcr3951,0
vdjdb_full_14179,RVRAYTYSK_HLA-A*03:01,tcr8652,1
vdjdb_full_14179_ss_3_n0,RVRAYTYSK_HLA-A*03:01,tcr15689,0
vdjdb_full_13999,RVRAYTYSK_HLA-A*03:01,tcr1272,1
vdjdb_full_13999_ss_3_n0,RVRAYTYSK_HLA-A*03:01,tcr8949,0
vdjdb_full_14409,RVRAYTYSK_HLA-A*03:01,tcr12995,1
vdjdb_full_14409_ss_3_n0,RVRAYTYSK_HLA-A*03:01,tcr18080,0
vdjdb_full_14177,RVRAYTYSK_HLA-A*03:01,tcr2341,1
vdjdb_full_14177_ss_3_n0,RVRAYTYSK_HLA-A*03:01,tcr11306,0
vdjdb_full_14297,RVRAYTYSK_HLA-A*03:01,tcr17125,1
vdjdb_full_14297_ss_3_n0,RVRAYTYSK_HLA-A*03:01,tcr6852,0
vdjdb_full_14554,RVRAYTYSK_HLA-A*03:01,tcr11499,1
vdjdb_full_14554_ss_3_n0,RVRAYTYSK_HLA-A*03:01,tcr9769,0
vdjdb_full_13987,RVRAYTYSK_HLA-A*03:01,tcr2147,1
vdjdb_full_13987_ss_3_n0,RVRAYTYSK_HLA-A*03:01,tcr51,0
vdjdb_full_13928,RVRAYTYSK_HLA-A*03:01,tcr3576,1
vdjdb_full_13928_ss_3_n0,RVRAYTYSK_HLA-A*03:01,tcr696,0
vdjdb_full_14275,RVRAYTYSK_HLA-A*03:01,tcr3328,1
vdjdb_full_14275_ss_3_n0,RVRAYTYSK_HLA-A*03:01,tcr1751,0
vdjdb_full_13981,RVRAYTYSK_HLA-A*03:01,tcr3399,1
vdjdb_full_13981_ss_3_n0,RVRAYTYSK_HLA-A*03:01,tcr2030,0
vdjdb_full_14276,RVRAYTYSK_HLA-A*03:01,tcr3367,1
vdjdb_full_14276_ss_3_n0,RVRAYTYSK_HLA-A*03:01,tcr12051,0
vdjdb_full_13972,RVRAYTYSK_HLA-A*03:01,tcr4106,1
vdjdb_full_13972_ss_3_n0,RVRAYTYSK_HLA-A*03:01,tcr8783,0
vdjdb_full_14486,RVRAYTYSK_HLA-A*03:01,tcr1661,1
vdjdb_full_14486_ss_3_n0,RVRAYTYSK_HLA-A*03:01,tcr4940,0
vdjdb_full_14281,RVRAYTYSK_HLA-A*03:01,tcr8590,1
vdjdb_full_14281_ss_3_n0,RVRAYTYSK_HLA-A*03:01,tcr13286,0
vdjdb_full_14102,RVRAYTYSK_HLA-A*03:01,tcr4103,1
vdjdb_full_14102_ss_3_n0,RVRAYTYSK_HLA-A*03:01,tcr7535,0
vdjdb_full_14229,RVRAYTYSK_HLA-A*03:01,tcr17527,1
vdjdb_full_14229_ss_3_n0,RVRAYTYSK_HLA-A*03:01,tcr18323,0
vdjdb_full_14458,RVRAYTYSK_HLA-A*03:01,tcr16534,1
vdjdb_full_14458_ss_3_n0,RVRAYTYSK_HLA-A*03:01,tcr12263,0
vdjdb_full_13949,RVRAYTYSK_HLA-A*03:01,tcr16927,1
vdjdb_full_13949_ss_3_n0,RVRAYTYSK_HLA-A*03:01,tcr15164,0
vdjdb_full_14580,RVRAYTYSK_HLA-A*03:01,tcr3217,1
vdjdb_full_14580_ss_3_n0,RVRAYTYSK_HLA-A*03:01,tcr89,0
vdjdb_full_13973,RVRAYTYSK_HLA-A*03:01,tcr3153,1
vdjdb_full_13973_ss_3_n0,RVRAYTYSK_HLA-A*03:01,tcr12365,0
vdjdb_full_14099,RVRAYTYSK_HLA-A*03:01,tcr17225,1
vdjdb_full_14099_ss_3_n0,RVRAYTYSK_HLA-A*03:01,tcr2263,0
vdjdb_full_14428,RVRAYTYSK_HLA-A*03:01,tcr13182,1
vdjdb_full_14428_ss_3_n0,RVRAYTYSK_HLA-A*03:01,tcr5885,0
vdjdb_full_14503,RVRAYTYSK_HLA-A*03:01,tcr865,1
vdjdb_full_14503_ss_3_n0,RVRAYTYSK_HLA-A*03:01,tcr2539,0
vdjdb_full_14136,RVRAYTYSK_HLA-A*03:01,tcr2531,1
vdjdb_full_14136_ss_3_n0,RVRAYTYSK_HLA-A*03:01,tcr8784,0
vdjdb_full_14032,RVRAYTYSK_HLA-A*03:01,tcr9479,1
vdjdb_full_14032_ss_3_n0,RVRAYTYSK_HLA-A*03:01,tcr8426,0
vdjdb_full_14311,RVRAYTYSK_HLA-A*03:01,tcr16087,1
vdjdb_full_14311_ss_3_n0,RVRAYTYSK_HLA-A*03:01,tcr12570,0
vdjdb_full_14138,RVRAYTYSK_HLA-A*03:01,tcr16155,1
vdjdb_full_14138_ss_3_n0,RVRAYTYSK_HLA-A*03:01,tcr245,0
vdjdb_full_14083,RVRAYTYSK_HLA-A*03:01,tcr8153,1
vdjdb_full_14083_ss_3_n0,RVRAYTYSK_HLA-A*03:01,tcr12093,0
vdjdb_full_14090,RVRAYTYSK_HLA-A*03:01,tcr5513,1
vdjdb_full_14090_ss_3_n0,RVRAYTYSK_HLA-A*03:01,tcr10415,0
vdjdb_full_14296,RVRAYTYSK_HLA-A*03:01,tcr6149,1
vdjdb_full_14296_ss_3_n0,RVRAYTYSK_HLA-A*03:01,tcr5715,0
vdjdb_full_14475,RVRAYTYSK_HLA-A*03:01,tcr13912,1
vdjdb_full_14475_ss_3_n0,RVRAYTYSK_HLA-A*03:01,tcr13620,0
vdjdb_full_13994,RVRAYTYSK_HLA-A*03:01,tcr9885,1
vdjdb_full_13994_ss_3_n0,RVRAYTYSK_HLA-A*03:01,tcr8840,0
vdjdb_full_14548,RVRAYTYSK_HLA-A*03:01,tcr12832,1
vdjdb_full_14548_ss_3_n0,RVRAYTYSK_HLA-A*03:01,tcr8568,0
vdjdb_full_13920,RVRAYTYSK_HLA-A*03:01,tcr3950,1
vdjdb_full_13920_ss_3_n0,RVRAYTYSK_HLA-A*03:01,tcr8784,0
vdjdb_full_14573,RVRAYTYSK_HLA-A*03:01,tcr12483,1
vdjdb_full_14573_ss_3_n0,RVRAYTYSK_HLA-A*03:01,tcr5424,0
vdjdb_full_14202,RVRAYTYSK_HLA-A*03:01,tcr9385,1
vdjdb_full_14202_ss_3_n0,RVRAYTYSK_HLA-A*03:01,tcr1533,0
vdjdb_full_14223,RVRAYTYSK_HLA-A*03:01,tcr6097,1
vdjdb_full_14223_ss_3_n0,RVRAYTYSK_HLA-A*03:01,tcr5481,0
vdjdb_full_14380,RVRAYTYSK_HLA-A*03:01,tcr10802,1
vdjdb_full_14380_ss_3_n0,RVRAYTYSK_HLA-A*03:01,tcr12391,0
vdjdb_full_14602,RVRAYTYSK_HLA-A*03:01,tcr8076,1
vdjdb_full_14602_ss_3_n0,RVRAYTYSK_HLA-A*03:01,tcr11169,0
vdjdb_full_14010,RVRAYTYSK_HLA-A*03:01,tcr1935,1
vdjdb_full_14010_ss_3_n0,RVRAYTYSK_HLA-A*03:01,tcr15058,0
vdjdb_full_14447,RVRAYTYSK_HLA-A*03:01,tcr5600,1
vdjdb_full_14447_ss_3_n0,RVRAYTYSK_HLA-A*03:01,tcr18314,0
vdjdb_full_14431,RVRAYTYSK_HLA-A*03:01,tcr17605,1
vdjdb_full_14431_ss_3_n0,RVRAYTYSK_HLA-A*03:01,tcr14754,0
vdjdb_full_13948,RVRAYTYSK_HLA-A*03:01,tcr10878,1
vdjdb_full_13948_ss_3_n0,RVRAYTYSK_HLA-A*03:01,tcr17528,0
vdjdb_full_14260,RVRAYTYSK_HLA-A*03:01,tcr11051,1
vdjdb_full_14260_ss_3_n0,RVRAYTYSK_HLA-A*03:01,tcr17447,0
vdjdb_full_14101,RVRAYTYSK_HLA-A*03:01,tcr6992,1
vdjdb_full_14101_ss_3_n0,RVRAYTYSK_HLA-A*03:01,tcr9820,0
vdjdb_full_14372,RVRAYTYSK_HLA-A*03:01,tcr8014,1
vdjdb_full_14372_ss_3_n0,RVRAYTYSK_HLA-A*03:01,tcr13559,0
vdjdb_full_13962,RVRAYTYSK_HLA-A*03:01,tcr12694,1
vdjdb_full_13962_ss_3_n0,RVRAYTYSK_HLA-A*03:01,tcr6070,0
vdjdb_full_14195,RVRAYTYSK_HLA-A*03:01,tcr1802,1
vdjdb_full_14195_ss_3_n0,RVRAYTYSK_HLA-A*03:01,tcr16723,0
vdjdb_full_13996,RVRAYTYSK_HLA-A*03:01,tcr15747,1
vdjdb_full_13996_ss_3_n0,RVRAYTYSK_HLA-A*03:01,tcr10293,0
vdjdb_full_14391,RVRAYTYSK_HLA-A*03:01,tcr692,1
vdjdb_full_14391_ss_3_n0,RVRAYTYSK_HLA-A*03:01,tcr13029,0
vdjdb_full_14022,RVRAYTYSK_HLA-A*03:01,tcr1546,1
vdjdb_full_14022_ss_3_n0,RVRAYTYSK_HLA-A*03:01,tcr3318,0
vdjdb_full_14302,RVRAYTYSK_HLA-A*03:01,tcr3823,1
vdjdb_full_14302_ss_3_n0,RVRAYTYSK_HLA-A*03:01,tcr4487,0
vdjdb_full_14299,RVRAYTYSK_HLA-A*03:01,tcr1034,1
vdjdb_full_14299_ss_3_n0,RVRAYTYSK_HLA-A*03:01,tcr8568,0
vdjdb_full_14231,RVRAYTYSK_HLA-A*03:01,tcr2835,1
vdjdb_full_14231_ss_3_n0,RVRAYTYSK_HLA-A*03:01,tcr4132,0
vdjdb_full_14285,RVRAYTYSK_HLA-A*03:01,tcr6679,1
vdjdb_full_14285_ss_3_n0,RVRAYTYSK_HLA-A*03:01,tcr961,0
vdjdb_full_14511,RVRAYTYSK_HLA-A*03:01,tcr13980,1
vdjdb_full_14511_ss_3_n0,RVRAYTYSK_HLA-A*03:01,tcr15833,0
vdjdb_full_14088,RVRAYTYSK_HLA-A*03:01,tcr16025,1
vdjdb_full_14088_ss_3_n0,RVRAYTYSK_HLA-A*03:01,tcr3244,0
vdjdb_full_14443,RVRAYTYSK_HLA-A*03:01,tcr4574,1
vdjdb_full_14443_ss_3_n0,RVRAYTYSK_HLA-A*03:01,tcr16504,0
vdjdb_full_13983,RVRAYTYSK_HLA-A*03:01,tcr16922,1
vdjdb_full_13983_ss_3_n0,RVRAYTYSK_HLA-A*03:01,tcr2487,0
vdjdb_full_14342,RVRAYTYSK_HLA-A*03:01,tcr1387,1
vdjdb_full_14342_ss_3_n0,RVRAYTYSK_HLA-A*03:01,tcr3324,0
vdjdb_full_13967,RVRAYTYSK_HLA-A*03:01,tcr11634,1
vdjdb_full_13967_ss_3_n0,RVRAYTYSK_HLA-A*03:01,tcr15749,0
vdjdb_full_14450,RVRAYTYSK_HLA-A*03:01,tcr1746,1
vdjdb_full_14450_ss_3_n0,RVRAYTYSK_HLA-A*03:01,tcr9307,0
vdjdb_full_14146,RVRAYTYSK_HLA-A*03:01,tcr14179,1
vdjdb_full_14146_ss_3_n0,RVRAYTYSK_HLA-A*03:01,tcr1751,0
vdjdb_full_13957,RVRAYTYSK_HLA-A*03:01,tcr14564,1
vdjdb_full_13957_ss_3_n0,RVRAYTYSK_HLA-A*03:01,tcr1706,0
vdjdb_full_14129,RVRAYTYSK_HLA-A*03:01,tcr5235,1
vdjdb_full_14129_ss_3_n0,RVRAYTYSK_HLA-A*03:01,tcr7130,0
vdjdb_full_14253,RVRAYTYSK_HLA-A*03:01,tcr1977,1
vdjdb_full_14253_ss_3_n0,RVRAYTYSK_HLA-A*03:01,tcr4625,0
vdjdb_full_13924,RVRAYTYSK_HLA-A*03:01,tcr606,1
vdjdb_full_13924_ss_3_n0,RVRAYTYSK_HLA-A*03:01,tcr13821,0
vdjdb_full_14572,RVRAYTYSK_HLA-A*03:01,tcr8219,1
vdjdb_full_14572_ss_3_n0,RVRAYTYSK_HLA-A*03:01,tcr5991,0
vdjdb_full_14344,RVRAYTYSK_HLA-A*03:01,tcr4509,1
vdjdb_full_14344_ss_3_n0,RVRAYTYSK_HLA-A*03:01,tcr5489,0
vdjdb_full_14562,RVRAYTYSK_HLA-A*03:01,tcr9332,1
vdjdb_full_14562_ss_3_n0,RVRAYTYSK_HLA-A*03:01,tcr12783,0
vdjdb_full_14360,RVRAYTYSK_HLA-A*03:01,tcr7432,1
vdjdb_full_14360_ss_3_n0,RVRAYTYSK_HLA-A*03:01,tcr1294,0
vdjdb_full_14524,RVRAYTYSK_HLA-A*03:01,tcr18411,1
vdjdb_full_14524_ss_3_n0,RVRAYTYSK_HLA-A*03:01,tcr2046,0
vdjdb_full_14243,RVRAYTYSK_HLA-A*03:01,tcr2424,1
vdjdb_full_14243_ss_3_n0,RVRAYTYSK_HLA-A*03:01,tcr12887,0
vdjdb_full_14279,RVRAYTYSK_HLA-A*03:01,tcr4079,1
vdjdb_full_14279_ss_3_n0,RVRAYTYSK_HLA-A*03:01,tcr1483,0
vdjdb_full_14006,RVRAYTYSK_HLA-A*03:01,tcr6743,1
vdjdb_full_14006_ss_3_n0,RVRAYTYSK_HLA-A*03:01,tcr7956,0
vdjdb_full_14187,RVRAYTYSK_HLA-A*03:01,tcr15887,1
vdjdb_full_14187_ss_3_n0,RVRAYTYSK_HLA-A*03:01,tcr3214,0
vdjdb_full_14196,RVRAYTYSK_HLA-A*03:01,tcr12111,1
vdjdb_full_14196_ss_3_n0,RVRAYTYSK_HLA-A*03:01,tcr3512,0
vdjdb_full_14557,RVRAYTYSK_HLA-A*03:01,tcr10084,1
vdjdb_full_14557_ss_3_n0,RVRAYTYSK_HLA-A*03:01,tcr10851,0
vdjdb_full_14031,RVRAYTYSK_HLA-A*03:01,tcr5612,1
vdjdb_full_14031_ss_3_n0,RVRAYTYSK_HLA-A*03:01,tcr15584,0
vdjdb_full_14072,RVRAYTYSK_HLA-A*03:01,tcr16189,1
vdjdb_full_14072_ss_3_n0,RVRAYTYSK_HLA-A*03:01,tcr4099,0
vdjdb_full_13959,RVRAYTYSK_HLA-A*03:01,tcr9183,1
vdjdb_full_13959_ss_3_n0,RVRAYTYSK_HLA-A*03:01,tcr5113,0
vdjdb_full_14284,RVRAYTYSK_HLA-A*03:01,tcr7976,1
vdjdb_full_14284_ss_3_n0,RVRAYTYSK_HLA-A*03:01,tcr1723,0
vdjdb_full_14392,RVRAYTYSK_HLA-A*03:01,tcr11617,1
vdjdb_full_14392_ss_3_n0,RVRAYTYSK_HLA-A*03:01,tcr5968,0
vdjdb_full_13974,RVRAYTYSK_HLA-A*03:01,tcr16412,1
vdjdb_full_13974_ss_3_n0,RVRAYTYSK_HLA-A*03:01,tcr5538,0
vdjdb_full_14603,RVRAYTYSK_HLA-A*03:01,tcr3373,1
vdjdb_full_14603_ss_3_n0,RVRAYTYSK_HLA-A*03:01,tcr1003,0
vdjdb_full_14576,RVRAYTYSK_HLA-A*03:01,tcr11711,1
vdjdb_full_14576_ss_3_n0,RVRAYTYSK_HLA-A*03:01,tcr2599,0
vdjdb_full_14199,RVRAYTYSK_HLA-A*03:01,tcr7549,1
vdjdb_full_14199_ss_3_n0,RVRAYTYSK_HLA-A*03:01,tcr18068,0
vdjdb_full_14068,RVRAYTYSK_HLA-A*03:01,tcr7985,1
vdjdb_full_14068_ss_3_n0,RVRAYTYSK_HLA-A*03:01,tcr11505,0
vdjdb_full_2226,GLCTLVAML_HLA-A*02:01,tcr15120,1
vdjdb_full_2226_ss_3_n0,GLCTLVAML_HLA-A*02:01,tcr5493,0
vdjdb_full_2474,GLCTLVAML_HLA-A*02:01,tcr11817,1
vdjdb_full_2474_ss_3_n0,GLCTLVAML_HLA-A*02:01,tcr10470,0
vdjdb_full_2069,GLCTLVAML_HLA-A*02:01,tcr6705,1
vdjdb_full_2069_ss_3_n0,GLCTLVAML_HLA-A*02:01,tcr7155,0
vdjdb_full_2497,GLCTLVAML_HLA-A*02:01,tcr10831,1
vdjdb_full_2497_ss_3_n0,GLCTLVAML_HLA-A*02:01,tcr12759,0
vdjdb_full_2142,GLCTLVAML_HLA-A*02:01,tcr6726,1
vdjdb_full_2142_ss_3_n0,GLCTLVAML_HLA-A*02:01,tcr4465,0
vdjdb_full_2291,GLCTLVAML_HLA-A*02:01,tcr17175,1
vdjdb_full_2291_ss_3_n0,GLCTLVAML_HLA-A*02:01,tcr3336,0
vdjdb_full_2608,GLCTLVAML_HLA-A*02:01,tcr16495,1
vdjdb_full_2608_ss_3_n0,GLCTLVAML_HLA-A*02:01,tcr11553,0
vdjdb_full_2574,GLCTLVAML_HLA-A*02:01,tcr3806,1
vdjdb_full_2574_ss_3_n0,GLCTLVAML_HLA-A*02:01,tcr15164,0
vdjdb_full_2405,GLCTLVAML_HLA-A*02:01,tcr3567,1
vdjdb_full_2405_ss_3_n0,GLCTLVAML_HLA-A*02:01,tcr7996,0
vdjdb_full_2168,GLCTLVAML_HLA-A*02:01,tcr12954,1
vdjdb_full_2168_ss_3_n0,GLCTLVAML_HLA-A*02:01,tcr13894,0
vdjdb_full_2073,GLCTLVAML_HLA-A*02:01,tcr14512,1
vdjdb_full_2073_ss_3_n0,GLCTLVAML_HLA-A*02:01,tcr325,0
vdjdb_full_2164,GLCTLVAML_HLA-A*02:01,tcr8578,1
vdjdb_full_2164_ss_3_n0,GLCTLVAML_HLA-A*02:01,tcr6368,0
vdjdb_full_2139,GLCTLVAML_HLA-A*02:01,tcr16192,1
vdjdb_full_2139_ss_3_n0,GLCTLVAML_HLA-A*02:01,tcr5513,0
vdjdb_full_2261,GLCTLVAML_HLA-A*02:01,tcr18320,1
vdjdb_full_2261_ss_3_n0,GLCTLVAML_HLA-A*02:01,tcr17664,0
vdjdb_full_2245,GLCTLVAML_HLA-A*02:01,tcr11471,1
vdjdb_full_2245_ss_3_n0,GLCTLVAML_HLA-A*02:01,tcr13061,0
vdjdb_full_2433,GLCTLVAML_HLA-A*02:01,tcr11485,1
vdjdb_full_2433_ss_3_n0,GLCTLVAML_HLA-A*02:01,tcr4461,0
vdjdb_full_2065,GLCTLVAML_HLA-A*02:01,tcr12179,1
vdjdb_full_2065_ss_3_n0,GLCTLVAML_HLA-A*02:01,tcr4525,0
vdjdb_full_2241,GLCTLVAML_HLA-A*02:01,tcr12049,1
vdjdb_full_2241_ss_3_n0,GLCTLVAML_HLA-A*02:01,tcr10803,0
vdjdb_full_2482,GLCTLVAML_HLA-A*02:01,tcr5520,1
vdjdb_full_2482_ss_3_n0,GLCTLVAML_HLA-A*02:01,tcr7592,0
vdjdb_full_2199,GLCTLVAML_HLA-A*02:01,tcr15983,1
vdjdb_full_2199_ss_3_n0,GLCTLVAML_HLA-A*02:01,tcr7155,0
vdjdb_full_2189,GLCTLVAML_HLA-A*02:01,tcr10051,1
vdjdb_full_2189_ss_3_n0,GLCTLVAML_HLA-A*02:01,tcr15218,0
vdjdb_full_2346,GLCTLVAML_HLA-A*02:01,tcr13693,1
vdjdb_full_2346_ss_3_n0,GLCTLVAML_HLA-A*02:01,tcr6238,0
vdjdb_full_2321,GLCTLVAML_HLA-A*02:01,tcr1453,1
vdjdb_full_2321_ss_3_n0,GLCTLVAML_HLA-A*02:01,tcr15369,0
vdjdb_full_2508,GLCTLVAML_HLA-A*02:01,tcr7535,1
vdjdb_full_2508_ss_3_n0,GLCTLVAML_HLA-A*02:01,tcr5735,0
vdjdb_full_2250,GLCTLVAML_HLA-A*02:01,tcr3679,1
vdjdb_full_2250_ss_3_n0,GLCTLVAML_HLA-A*02:01,tcr2609,0
vdjdb_full_2145,GLCTLVAML_HLA-A*02:01,tcr17536,1
vdjdb_full_2145_ss_3_n0,GLCTLVAML_HLA-A*02:01,tcr692,0
vdjdb_full_2503,GLCTLVAML_HLA-A*02:01,tcr2224,1
vdjdb_full_2503_ss_3_n0,GLCTLVAML_HLA-A*02:01,tcr7574,0
vdjdb_full_2152,GLCTLVAML_HLA-A*02:01,tcr16432,1
vdjdb_full_2152_ss_3_n0,GLCTLVAML_HLA-A*02:01,tcr15259,0
vdjdb_full_2372,GLCTLVAML_HLA-A*02:01,tcr11652,1
vdjdb_full_2372_ss_3_n0,GLCTLVAML_HLA-A*02:01,tcr15468,0
vdjdb_full_2309,GLCTLVAML_HLA-A*02:01,tcr10273,1
vdjdb_full_2309_ss_3_n0,GLCTLVAML_HLA-A*02:01,tcr17903,0
vdjdb_full_2135,GLCTLVAML_HLA-A*02:01,tcr16477,1
vdjdb_full_2135_ss_3_n0,GLCTLVAML_HLA-A*02:01,tcr6102,0
vdjdb_full_2118,GLCTLVAML_HLA-A*02:01,tcr16779,1
vdjdb_full_2118_ss_3_n0,GLCTLVAML_HLA-A*02:01,tcr6763,0
vdjdb_full_2147,GLCTLVAML_HLA-A*02:01,tcr15335,1
vdjdb_full_2147_ss_3_n0,GLCTLVAML_HLA-A*02:01,tcr7553,0
vdjdb_full_2487,GLCTLVAML_HLA-A*02:01,tcr12051,1
vdjdb_full_2487_ss_3_n0,GLCTLVAML_HLA-A*02:01,tcr5372,0
vdjdb_full_2093,GLCTLVAML_HLA-A*02:01,tcr14944,1
vdjdb_full_2093_ss_3_n0,GLCTLVAML_HLA-A*02:01,tcr14753,0
vdjdb_full_2434,GLCTLVAML_HLA-A*02:01,tcr12076,1
vdjdb_full_2434_ss_3_n0,GLCTLVAML_HLA-A*02:01,tcr5630,0
vdjdb_full_2504,GLCTLVAML_HLA-A*02:01,tcr10556,1
vdjdb_full_2504_ss_3_n0,GLCTLVAML_HLA-A*02:01,tcr14825,0
vdjdb_full_2461,GLCTLVAML_HLA-A*02:01,tcr9484,1
vdjdb_full_2461_ss_3_n0,GLCTLVAML_HLA-A*02:01,tcr7400,0
vdjdb_full_2072,GLCTLVAML_HLA-A*02:01,tcr18269,1
vdjdb_full_2072_ss_3_n0,GLCTLVAML_HLA-A*02:01,tcr1699,0
vdjdb_full_2377,GLCTLVAML_HLA-A*02:01,tcr11335,1
vdjdb_full_2377_ss_3_n0,GLCTLVAML_HLA-A*02:01,tcr12342,0
vdjdb_full_2131,GLCTLVAML_HLA-A*02:01,tcr1886,1
vdjdb_full_2131_ss_3_n0,GLCTLVAML_HLA-A*02:01,tcr2890,0
vdjdb_full_2414,GLCTLVAML_HLA-A*02:01,tcr11115,1
vdjdb_full_2414_ss_3_n0,GLCTLVAML_HLA-A*02:01,tcr1462,0
vdjdb_full_2349,GLCTLVAML_HLA-A*02:01,tcr6638,1
vdjdb_full_2349_ss_3_n0,GLCTLVAML_HLA-A*02:01,tcr15902,0
vdjdb_full_2417,GLCTLVAML_HLA-A*02:01,tcr16847,1
vdjdb_full_2417_ss_3_n0,GLCTLVAML_HLA-A*02:01,tcr17203,0
vdjdb_full_2280,GLCTLVAML_HLA-A*02:01,tcr5567,1
vdjdb_full_2280_ss_3_n0,GLCTLVAML_HLA-A*02:01,tcr476,0
vdjdb_full_2607,GLCTLVAML_HLA-A*02:01,tcr5811,1
vdjdb_full_2607_ss_3_n0,GLCTLVAML_HLA-A*02:01,tcr9277,0
vdjdb_full_2136,GLCTLVAML_HLA-A*02:01,tcr5489,1
vdjdb_full_2136_ss_3_n0,GLCTLVAML_HLA-A*02:01,tcr14745,0
vdjdb_full_2298,GLCTLVAML_HLA-A*02:01,tcr10511,1
vdjdb_full_2298_ss_3_n0,GLCTLVAML_HLA-A*02:01,tcr520,0
vdjdb_full_2198,GLCTLVAML_HLA-A*02:01,tcr8332,1
vdjdb_full_2198_ss_3_n0,GLCTLVAML_HLA-A*02:01,tcr12263,0
vdjdb_full_2141,GLCTLVAML_HLA-A*02:01,tcr614,1
vdjdb_full_2141_ss_3_n0,GLCTLVAML_HLA-A*02:01,tcr9367,0
vdjdb_full_2133,GLCTLVAML_HLA-A*02:01,tcr8052,1
vdjdb_full_2133_ss_3_n0,GLCTLVAML_HLA-A*02:01,tcr11589,0
vdjdb_full_2338,GLCTLVAML_HLA-A*02:01,tcr6890,1
vdjdb_full_2338_ss_3_n0,GLCTLVAML_HLA-A*02:01,tcr17227,0
vdjdb_full_2398,GLCTLVAML_HLA-A*02:01,tcr1693,1
vdjdb_full_2398_ss_3_n0,GLCTLVAML_HLA-A*02:01,tcr18120,0
vdjdb_full_2550,GLCTLVAML_HLA-A*02:01,tcr508,1
vdjdb_full_2550_ss_3_n0,GLCTLVAML_HLA-A*02:01,tcr18270,0
vdjdb_full_2578,GLCTLVAML_HLA-A*02:01,tcr15578,1
vdjdb_full_2578_ss_3_n0,GLCTLVAML_HLA-A*02:01,tcr15475,0
vdjdb_full_2559,GLCTLVAML_HLA-A*02:01,tcr5413,1
vdjdb_full_2559_ss_3_n0,GLCTLVAML_HLA-A*02:01,tcr16970,0
vdjdb_full_2595,GLCTLVAML_HLA-A*02:01,tcr3070,1
vdjdb_full_2595_ss_3_n0,GLCTLVAML_HLA-A*02:01,tcr7936,0
vdjdb_full_2359,GLCTLVAML_HLA-A*02:01,tcr13394,1
vdjdb_full_2359_ss_3_n0,GLCTLVAML_HLA-A*02:01,tcr6860,0
vdjdb_full_2548,GLCTLVAML_HLA-A*02:01,tcr5439,1
vdjdb_full_2548_ss_3_n0,GLCTLVAML_HLA-A*02:01,tcr15502,0
vdjdb_full_2431,GLCTLVAML_HLA-A*02:01,tcr4132,1
vdjdb_full_2431_ss_3_n0,GLCTLVAML_HLA-A*02:01,tcr10201,0
vdjdb_full_2533,GLCTLVAML_HLA-A*02:01,tcr17548,1
vdjdb_full_2533_ss_3_n0,GLCTLVAML_HLA-A*02:01,tcr17633,0
vdjdb_full_2455,GLCTLVAML_HLA-A*02:01,tcr13297,1
vdjdb_full_2455_ss_3_n0,GLCTLVAML_HLA-A*02:01,tcr8431,0
vdjdb_full_2235,GLCTLVAML_HLA-A*02:01,tcr14378,1
vdjdb_full_2235_ss_3_n0,GLCTLVAML_HLA-A*02:01,tcr2804,0
vdjdb_full_2602,GLCTLVAML_HLA-A*02:01,tcr7336,1
vdjdb_full_2602_ss_3_n0,GLCTLVAML_HLA-A*02:01,tcr8215,0
vdjdb_full_2604,GLCTLVAML_HLA-A*02:01,tcr958,1
vdjdb_full_2604_ss_3_n0,GLCTLVAML_HLA-A*02:01,tcr4320,0
vdjdb_full_2207,GLCTLVAML_HLA-A*02:01,tcr12382,1
vdjdb_full_2207_ss_3_n0,GLCTLVAML_HLA-A*02:01,tcr4850,0
vdjdb_full_2221,GLCTLVAML_HLA-A*02:01,tcr4088,1
vdjdb_full_2221_ss_3_n0,GLCTLVAML_HLA-A*02:01,tcr3735,0
vdjdb_full_2565,GLCTLVAML_HLA-A*02:01,tcr6156,1
vdjdb_full_2565_ss_3_n0,GLCTLVAML_HLA-A*02:01,tcr8410,0
vdjdb_full_2337,GLCTLVAML_HLA-A*02:01,tcr16801,1
vdjdb_full_2337_ss_3_n0,GLCTLVAML_HLA-A*02:01,tcr8030,0
vdjdb_full_2126,GLCTLVAML_HLA-A*02:01,tcr8290,1
vdjdb_full_2126_ss_3_n0,GLCTLVAML_HLA-A*02:01,tcr14982,0
vdjdb_full_2521,GLCTLVAML_HLA-A*02:01,tcr7257,1
vdjdb_full_2521_ss_3_n0,GLCTLVAML_HLA-A*02:01,tcr1936,0
vdjdb_full_2153,GLCTLVAML_HLA-A*02:01,tcr11072,1
vdjdb_full_2153_ss_3_n0,GLCTLVAML_HLA-A*02:01,tcr16714,0
vdjdb_full_2138,GLCTLVAML_HLA-A*02:01,tcr13183,1
vdjdb_full_2138_ss_3_n0,GLCTLVAML_HLA-A*02:01,tcr11505,0
vdjdb_full_2248,GLCTLVAML_HLA-A*02:01,tcr13147,1
vdjdb_full_2248_ss_3_n0,GLCTLVAML_HLA-A*02:01,tcr1548,0
vdjdb_full_2096,GLCTLVAML_HLA-A*02:01,tcr2679,1
vdjdb_full_2096_ss_3_n0,GLCTLVAML_HLA-A*02:01,tcr7671,0
vdjdb_full_2140,GLCTLVAML_HLA-A*02:01,tcr4117,1
vdjdb_full_2140_ss_3_n0,GLCTLVAML_HLA-A*02:01,tcr4649,0
vdjdb_full_2409,GLCTLVAML_HLA-A*02:01,tcr3945,1
vdjdb_full_2409_ss_3_n0,GLCTLVAML_HLA-A*02:01,tcr8893,0
vdjdb_full_2063,GLCTLVAML_HLA-A*02:01,tcr3762,1
vdjdb_full_2063_ss_3_n0,GLCTLVAML_HLA-A*02:01,tcr7002,0
vdjdb_full_2074,GLCTLVAML_HLA-A*02:01,tcr5669,1
vdjdb_full_2074_ss_3_n0,GLCTLVAML_HLA-A*02:01,tcr909,0
vdjdb_full_2579,GLCTLVAML_HLA-A*02:01,tcr18299,1
vdjdb_full_2579_ss_3_n0,GLCTLVAML_HLA-A*02:01,tcr9666,0
vdjdb_full_2085,GLCTLVAML_HLA-A*02:01,tcr9038,1
vdjdb_full_2085_ss_3_n0,GLCTLVAML_HLA-A*02:01,tcr14375,0
vdjdb_full_2182,GLCTLVAML_HLA-A*02:01,tcr13269,1
vdjdb_full_2182_ss_3_n0,GLCTLVAML_HLA-A*02:01,tcr6456,0
vdjdb_full_2360,GLCTLVAML_HLA-A*02:01,tcr2837,1
vdjdb_full_2360_ss_3_n0,GLCTLVAML_HLA-A*02:01,tcr9927,0
vdjdb_full_2387,GLCTLVAML_HLA-A*02:01,tcr4114,1
vdjdb_full_2387_ss_3_n0,GLCTLVAML_HLA-A*02:01,tcr1372,0
vdjdb_full_2597,GLCTLVAML_HLA-A*02:01,tcr3798,1
vdjdb_full_2597_ss_3_n0,GLCTLVAML_HLA-A*02:01,tcr13623,0
vdjdb_full_2327,GLCTLVAML_HLA-A*02:01,tcr13825,1
vdjdb_full_2327_ss_3_n0,GLCTLVAML_HLA-A*02:01,tcr8763,0
vdjdb_full_2370,GLCTLVAML_HLA-A*02:01,tcr15582,1
vdjdb_full_2370_ss_3_n0,GLCTLVAML_HLA-A*02:01,tcr1287,0
vdjdb_full_2081,GLCTLVAML_HLA-A*02:01,tcr10380,1
vdjdb_full_2081_ss_3_n0,GLCTLVAML_HLA-A*02:01,tcr12941,0
vdjdb_full_2253,GLCTLVAML_HLA-A*02:01,tcr6984,1
vdjdb_full_2253_ss_3_n0,GLCTLVAML_HLA-A*02:01,tcr6954,0
vdjdb_full_2204,GLCTLVAML_HLA-A*02:01,tcr12230,1
vdjdb_full_2204_ss_3_n0,GLCTLVAML_HLA-A*02:01,tcr3837,0
vdjdb_full_2078,GLCTLVAML_HLA-A*02:01,tcr3490,1
vdjdb_full_2078_ss_3_n0,GLCTLVAML_HLA-A*02:01,tcr11220,0
vdjdb_full_2299,GLCTLVAML_HLA-A*02:01,tcr8206,1
vdjdb_full_2299_ss_3_n0,GLCTLVAML_HLA-A*02:01,tcr10487,0
vdjdb_full_2102,GLCTLVAML_HLA-A*02:01,tcr11232,1
vdjdb_full_2102_ss_3_n0,GLCTLVAML_HLA-A*02:01,tcr14075,0
vdjdb_full_2561,GLCTLVAML_HLA-A*02:01,tcr17673,1
vdjdb_full_2561_ss_3_n0,GLCTLVAML_HLA-A*02:01,tcr4885,0
vdjdb_full_2109,GLCTLVAML_HLA-A*02:01,tcr7480,1
vdjdb_full_2109_ss_3_n0,GLCTLVAML_HLA-A*02:01,tcr5044,0
vdjdb_full_2156,GLCTLVAML_HLA-A*02:01,tcr9747,1
vdjdb_full_2156_ss_3_n0,GLCTLVAML_HLA-A*02:01,tcr11104,0
vdjdb_full_2392,GLCTLVAML_HLA-A*02:01,tcr11694,1
vdjdb_full_2392_ss_3_n0,GLCTLVAML_HLA-A*02:01,tcr15075,0
vdjdb_full_2432,GLCTLVAML_HLA-A*02:01,tcr15792,1
vdjdb_full_2432_ss_3_n0,GLCTLVAML_HLA-A*02:01,tcr14069,0
vdjdb_full_2537,GLCTLVAML_HLA-A*02:01,tcr2507,1
vdjdb_full_2537_ss_3_n0,GLCTLVAML_HLA-A*02:01,tcr9011,0
vdjdb_full_2454,GLCTLVAML_HLA-A*02:01,tcr2752,1
vdjdb_full_2454_ss_3_n0,GLCTLVAML_HLA-A*02:01,tcr15821,0
vdjdb_full_8938,LLAGIGTVPI_HLA-A*02:01,tcr17203,1
vdjdb_full_8938_ss_3_n0,LLAGIGTVPI_HLA-A*02:01,tcr2187,0
vdjdb_full_8742,LLAGIGTVPI_HLA-A*02:01,tcr10625,1
vdjdb_full_8742_ss_3_n0,LLAGIGTVPI_HLA-A*02:01,tcr179,0
vdjdb_full_8751,LLAGIGTVPI_HLA-A*02:01,tcr373,1
vdjdb_full_8751_ss_3_n0,LLAGIGTVPI_HLA-A*02:01,tcr6195,0
vdjdb_full_8935,LLAGIGTVPI_HLA-A*02:01,tcr12346,1
vdjdb_full_8935_ss_3_n0,LLAGIGTVPI_HLA-A*02:01,tcr18411,0
vdjdb_full_8837,LLAGIGTVPI_HLA-A*02:01,tcr3549,1
vdjdb_full_8837_ss_3_n0,LLAGIGTVPI_HLA-A*02:01,tcr9824,0
vdjdb_full_8916,LLAGIGTVPI_HLA-A*02:01,tcr11541,1
vdjdb_full_8916_ss_3_n0,LLAGIGTVPI_HLA-A*02:01,tcr16787,0
vdjdb_full_9024,LLAGIGTVPI_HLA-A*02:01,tcr3863,1
vdjdb_full_9024_ss_3_n0,LLAGIGTVPI_HLA-A*02:01,tcr14248,0
vdjdb_full_8924,LLAGIGTVPI_HLA-A*02:01,tcr4649,1
vdjdb_full_8924_ss_3_n0,LLAGIGTVPI_HLA-A*02:01,tcr8665,0
vdjdb_full_9173,LLAGIGTVPI_HLA-A*02:01,tcr14775,1
vdjdb_full_9173_ss_3_n0,LLAGIGTVPI_HLA-A*02:01,tcr5669,0
vdjdb_full_8789,LLAGIGTVPI_HLA-A*02:01,tcr15236,1
vdjdb_full_8789_ss_3_n0,LLAGIGTVPI_HLA-A*02:01,tcr14620,0
vdjdb_full_9170,LLAGIGTVPI_HLA-A*02:01,tcr10818,1
vdjdb_full_9170_ss_3_n0,LLAGIGTVPI_HLA-A*02:01,tcr399,0
vdjdb_full_9113,LLAGIGTVPI_HLA-A*02:01,tcr11735,1
vdjdb_full_9113_ss_3_n0,LLAGIGTVPI_HLA-A*02:01,tcr3868,0
vdjdb_full_8788,LLAGIGTVPI_HLA-A*02:01,tcr2791,1
vdjdb_full_8788_ss_3_n0,LLAGIGTVPI_HLA-A*02:01,tcr9545,0
vdjdb_full_9101,LLAGIGTVPI_HLA-A*02:01,tcr16540,1
vdjdb_full_9101_ss_3_n0,LLAGIGTVPI_HLA-A*02:01,tcr15365,0
vdjdb_full_8992,LLAGIGTVPI_HLA-A*02:01,tcr13920,1
vdjdb_full_8992_ss_3_n0,LLAGIGTVPI_HLA-A*02:01,tcr6388,0
vdjdb_full_8985,LLAGIGTVPI_HLA-A*02:01,tcr10962,1
vdjdb_full_8985_ss_3_n0,LLAGIGTVPI_HLA-A*02:01,tcr1782,0
vdjdb_full_8782,LLAGIGTVPI_HLA-A*02:01,tcr469,1
vdjdb_full_8782_ss_3_n0,LLAGIGTVPI_HLA-A*02:01,tcr8741,0
vdjdb_full_8805,LLAGIGTVPI_HLA-A*02:01,tcr4760,1
vdjdb_full_8805_ss_3_n0,LLAGIGTVPI_HLA-A*02:01,tcr5771,0
vdjdb_full_8870,LLAGIGTVPI_HLA-A*02:01,tcr11660,1
vdjdb_full_8870_ss_3_n0,LLAGIGTVPI_HLA-A*02:01,tcr18120,0
vdjdb_full_8711,LLAGIGTVPI_HLA-A*02:01,tcr10942,1
vdjdb_full_8711_ss_3_n0,LLAGIGTVPI_HLA-A*02:01,tcr6146,0
vdjdb_full_9103,LLAGIGTVPI_HLA-A*02:01,tcr6314,1
vdjdb_full_9103_ss_3_n0,LLAGIGTVPI_HLA-A*02:01,tcr12604,0
vdjdb_full_8794,LLAGIGTVPI_HLA-A*02:01,tcr9389,1
vdjdb_full_8794_ss_3_n0,LLAGIGTVPI_HLA-A*02:01,tcr11343,0
vdjdb_full_9083,LLAGIGTVPI_HLA-A*02:01,tcr13284,1
vdjdb_full_9083_ss_3_n0,LLAGIGTVPI_HLA-A*02:01,tcr2104,0
vdjdb_full_9072,LLAGIGTVPI_HLA-A*02:01,tcr11510,1
vdjdb_full_9072_ss_3_n0,LLAGIGTVPI_HLA-A*02:01,tcr11775,0
vdjdb_full_9136,LLAGIGTVPI_HLA-A*02:01,tcr12443,1
vdjdb_full_9136_ss_3_n0,LLAGIGTVPI_HLA-A*02:01,tcr3929,0
vdjdb_full_9021,LLAGIGTVPI_HLA-A*02:01,tcr6675,1
vdjdb_full_9021_ss_3_n0,LLAGIGTVPI_HLA-A*02:01,tcr9538,0
vdjdb_full_8885,LLAGIGTVPI_HLA-A*02:01,tcr1042,1
vdjdb_full_8885_ss_3_n0,LLAGIGTVPI_HLA-A*02:01,tcr8931,0
vdjdb_full_8889,LLAGIGTVPI_HLA-A*02:01,tcr1679,1
vdjdb_full_8889_ss_3_n0,LLAGIGTVPI_HLA-A*02:01,tcr14641,0
vdjdb_full_8730,LLAGIGTVPI_HLA-A*02:01,tcr16179,1
vdjdb_full_8730_ss_3_n0,LLAGIGTVPI_HLA-A*02:01,tcr911,0
vdjdb_full_8720,LLAGIGTVPI_HLA-A*02:01,tcr2366,1
vdjdb_full_8720_ss_3_n0,LLAGIGTVPI_HLA-A*02:01,tcr13369,0
vdjdb_full_9144,LLAGIGTVPI_HLA-A*02:01,tcr2277,1
vdjdb_full_9144_ss_3_n0,LLAGIGTVPI_HLA-A*02:01,tcr13774,0
vdjdb_full_9164,LLAGIGTVPI_HLA-A*02:01,tcr9735,1
vdjdb_full_9164_ss_3_n0,LLAGIGTVPI_HLA-A*02:01,tcr17852,0
vdjdb_full_8785,LLAGIGTVPI_HLA-A*02:01,tcr12517,1
vdjdb_full_8785_ss_3_n0,LLAGIGTVPI_HLA-A*02:01,tcr14257,0
vdjdb_full_8947,LLAGIGTVPI_HLA-A*02:01,tcr2058,1
vdjdb_full_8947_ss_3_n0,LLAGIGTVPI_HLA-A*02:01,tcr1823,0
vdjdb_full_9001,LLAGIGTVPI_HLA-A*02:01,tcr12801,1
vdjdb_full_9001_ss_3_n0,LLAGIGTVPI_HLA-A*02:01,tcr15221,0
vdjdb_full_9123,LLAGIGTVPI_HLA-A*02:01,tcr14449,1
vdjdb_full_9123_ss_3_n0,LLAGIGTVPI_HLA-A*02:01,tcr17447,0
vdjdb_full_8767,LLAGIGTVPI_HLA-A*02:01,tcr4414,1
vdjdb_full_8767_ss_3_n0,LLAGIGTVPI_HLA-A*02:01,tcr12425,0
vdjdb_full_8802,LLAGIGTVPI_HLA-A*02:01,tcr123,1
vdjdb_full_8802_ss_3_n0,LLAGIGTVPI_HLA-A*02:01,tcr15012,0
vdjdb_full_9079,LLAGIGTVPI_HLA-A*02:01,tcr6519,1
vdjdb_full_9079_ss_3_n0,LLAGIGTVPI_HLA-A*02:01,tcr9931,0
vdjdb_full_8791,LLAGIGTVPI_HLA-A*02:01,tcr10175,1
vdjdb_full_8791_ss_3_n0,LLAGIGTVPI_HLA-A*02:01,tcr10311,0
vdjdb_full_9040,LLAGIGTVPI_HLA-A*02:01,tcr8705,1
vdjdb_full_9040_ss_3_n0,LLAGIGTVPI_HLA-A*02:01,tcr10487,0
vdjdb_full_9166,LLAGIGTVPI_HLA-A*02:01,tcr8822,1
vdjdb_full_9166_ss_3_n0,LLAGIGTVPI_HLA-A*02:01,tcr1225,0
vdjdb_full_8922,LLAGIGTVPI_HLA-A*02:01,tcr619,1
vdjdb_full_8922_ss_3_n0,LLAGIGTVPI_HLA-A*02:01,tcr6311,0
vdjdb_full_8886,LLAGIGTVPI_HLA-A*02:01,tcr1696,1
vdjdb_full_8886_ss_3_n0,LLAGIGTVPI_HLA-A*02:01,tcr13693,0
vdjdb_full_8898,LLAGIGTVPI_HLA-A*02:01,tcr12572,1
vdjdb_full_8898_ss_3_n0,LLAGIGTVPI_HLA-A*02:01,tcr7297,0
vdjdb_full_8784,LLAGIGTVPI_HLA-A*02:01,tcr16941,1
vdjdb_full_8784_ss_3_n0,LLAGIGTVPI_HLA-A*02:01,tcr15133,0
vdjdb_full_8861,LLAGIGTVPI_HLA-A*02:01,tcr9478,1
vdjdb_full_8861_ss_3_n0,LLAGIGTVPI_HLA-A*02:01,tcr17402,0
vdjdb_full_8790,LLAGIGTVPI_HLA-A*02:01,tcr4690,1
vdjdb_full_8790_ss_3_n0,LLAGIGTVPI_HLA-A*02:01,tcr12601,0
vdjdb_full_8839,LLAGIGTVPI_HLA-A*02:01,tcr4188,1
vdjdb_full_8839_ss_3_n0,LLAGIGTVPI_HLA-A*02:01,tcr3323,0
vdjdb_full_8845,LLAGIGTVPI_HLA-A*02:01,tcr7375,1
vdjdb_full_8845_ss_3_n0,LLAGIGTVPI_HLA-A*02:01,tcr14353,0
vdjdb_full_9174,LLAGIGTVPI_HLA-A*02:01,tcr7377,1
vdjdb_full_9174_ss_3_n0,LLAGIGTVPI_HLA-A*02:01,tcr3207,0
vdjdb_full_8787,LLAGIGTVPI_HLA-A*02:01,tcr15415,1
vdjdb_full_8787_ss_3_n0,LLAGIGTVPI_HLA-A*02:01,tcr11352,0
vdjdb_full_9010,LLAGIGTVPI_HLA-A*02:01,tcr7452,1
vdjdb_full_9010_ss_3_n0,LLAGIGTVPI_HLA-A*02:01,tcr10482,0
vdjdb_full_8908,LLAGIGTVPI_HLA-A*02:01,tcr7292,1
vdjdb_full_8908_ss_3_n0,LLAGIGTVPI_HLA-A*02:01,tcr8019,0
vdjdb_full_8844,LLAGIGTVPI_HLA-A*02:01,tcr7449,1
vdjdb_full_8844_ss_3_n0,LLAGIGTVPI_HLA-A*02:01,tcr7958,0
vdjdb_full_8940,LLAGIGTVPI_HLA-A*02:01,tcr5070,1
vdjdb_full_8940_ss_3_n0,LLAGIGTVPI_HLA-A*02:01,tcr1999,0
vdjdb_full_9080,LLAGIGTVPI_HLA-A*02:01,tcr15992,1
vdjdb_full_9080_ss_3_n0,LLAGIGTVPI_HLA-A*02:01,tcr14107,0
vdjdb_full_8745,LLAGIGTVPI_HLA-A*02:01,tcr5938,1
vdjdb_full_8745_ss_3_n0,LLAGIGTVPI_HLA-A*02:01,tcr16325,0
vdjdb_full_9088,LLAGIGTVPI_HLA-A*02:01,tcr11548,1
vdjdb_full_9088_ss_3_n0,LLAGIGTVPI_HLA-A*02:01,tcr10914,0
vdjdb_full_9035,LLAGIGTVPI_HLA-A*02:01,tcr2740,1
vdjdb_full_9035_ss_3_n0,LLAGIGTVPI_HLA-A*02:01,tcr3937,0
vdjdb_full_9124,LLAGIGTVPI_HLA-A*02:01,tcr3503,1
vdjdb_full_9124_ss_3_n0,LLAGIGTVPI_HLA-A*02:01,tcr2115,0
vdjdb_full_8853,LLAGIGTVPI_HLA-A*02:01,tcr2908,1
vdjdb_full_8853_ss_3_n0,LLAGIGTVPI_HLA-A*02:01,tcr4903,0
vdjdb_full_8722,LLAGIGTVPI_HLA-A*02:01,tcr3825,1
vdjdb_full_8722_ss_3_n0,LLAGIGTVPI_HLA-A*02:01,tcr3166,0
vdjdb_full_9122,LLAGIGTVPI_HLA-A*02:01,tcr15481,1
vdjdb_full_9122_ss_3_n0,LLAGIGTVPI_HLA-A*02:01,tcr4356,0
vdjdb_full_8726,LLAGIGTVPI_HLA-A*02:01,tcr1296,1
vdjdb_full_8726_ss_3_n0,LLAGIGTVPI_HLA-A*02:01,tcr18134,0
vdjdb_full_9137,LLAGIGTVPI_HLA-A*02:01,tcr11772,1
vdjdb_full_9137_ss_3_n0,LLAGIGTVPI_HLA-A*02:01,tcr4187,0
vdjdb_full_9073,LLAGIGTVPI_HLA-A*02:01,tcr1700,1
vdjdb_full_9073_ss_3_n0,LLAGIGTVPI_HLA-A*02:01,tcr2123,0
vdjdb_full_8731,LLAGIGTVPI_HLA-A*02:01,tcr4609,1
vdjdb_full_8731_ss_3_n0,LLAGIGTVPI_HLA-A*02:01,tcr372,0
vdjdb_full_9011,LLAGIGTVPI_HLA-A*02:01,tcr5543,1
vdjdb_full_9011_ss_3_n0,LLAGIGTVPI_HLA-A*02:01,tcr10945,0
vdjdb_full_9131,LLAGIGTVPI_HLA-A*02:01,tcr12208,1
vdjdb_full_9131_ss_3_n0,LLAGIGTVPI_HLA-A*02:01,tcr17087,0
vdjdb_full_8768,LLAGIGTVPI_HLA-A*02:01,tcr9886,1
vdjdb_full_8768_ss_3_n0,LLAGIGTVPI_HLA-A*02:01,tcr8217,0
vdjdb_full_8909,LLAGIGTVPI_HLA-A*02:01,tcr4155,1
vdjdb_full_8909_ss_3_n0,LLAGIGTVPI_HLA-A*02:01,tcr12559,0
vdjdb_full_9049,LLAGIGTVPI_HLA-A*02:01,tcr14979,1
vdjdb_full_9049_ss_3_n0,LLAGIGTVPI_HLA-A*02:01,tcr6263,0
vdjdb_full_9019,LLAGIGTVPI_HLA-A*02:01,tcr5493,1
vdjdb_full_9019_ss_3_n0,LLAGIGTVPI_HLA-A*02:01,tcr2030,0
vdjdb_full_8826,LLAGIGTVPI_HLA-A*02:01,tcr5268,1
vdjdb_full_8826_ss_3_n0,LLAGIGTVPI_HLA-A*02:01,tcr11811,0
vdjdb_full_8868,LLAGIGTVPI_HLA-A*02:01,tcr18155,1
vdjdb_full_8868_ss_3_n0,LLAGIGTVPI_HLA-A*02:01,tcr9493,0
vdjdb_full_9109,LLAGIGTVPI_HLA-A*02:01,tcr13098,1
vdjdb_full_9109_ss_3_n0,LLAGIGTVPI_HLA-A*02:01,tcr588,0
vdjdb_full_8737,LLAGIGTVPI_HLA-A*02:01,tcr6317,1
vdjdb_full_8737_ss_3_n0,LLAGIGTVPI_HLA-A*02:01,tcr5291,0
vdjdb_full_9165,LLAGIGTVPI_HLA-A*02:01,tcr6708,1
vdjdb_full_9165_ss_3_n0,LLAGIGTVPI_HLA-A*02:01,tcr14754,0
vdjdb_full_8969,LLAGIGTVPI_HLA-A*02:01,tcr17311,1
vdjdb_full_8969_ss_3_n0,LLAGIGTVPI_HLA-A*02:01,tcr12051,0
vdjdb_full_8893,LLAGIGTVPI_HLA-A*02:01,tcr11444,1
vdjdb_full_8893_ss_3_n0,LLAGIGTVPI_HLA-A*02:01,tcr837,0
vdjdb_full_8754,LLAGIGTVPI_HLA-A*02:01,tcr8067,1
vdjdb_full_8754_ss_3_n0,LLAGIGTVPI_HLA-A*02:01,tcr17277,0
vdjdb_full_9016,LLAGIGTVPI_HLA-A*02:01,tcr15947,1
vdjdb_full_9016_ss_3_n0,LLAGIGTVPI_HLA-A*02:01,tcr12200,0
vdjdb_full_8813,LLAGIGTVPI_HLA-A*02:01,tcr5138,1
vdjdb_full_8813_ss_3_n0,LLAGIGTVPI_HLA-A*02:01,tcr8639,0
vdjdb_full_9148,LLAGIGTVPI_HLA-A*02:01,tcr909,1
vdjdb_full_9148_ss_3_n0,LLAGIGTVPI_HLA-A*02:01,tcr8783,0
vdjdb_full_9117,LLAGIGTVPI_HLA-A*02:01,tcr927,1
vdjdb_full_9117_ss_3_n0,LLAGIGTVPI_HLA-A*02:01,tcr12660,0
vdjdb_full_8850,LLAGIGTVPI_HLA-A*02:01,tcr13620,1
vdjdb_full_8850_ss_3_n0,LLAGIGTVPI_HLA-A*02:01,tcr2782,0
vdjdb_full_9013,LLAGIGTVPI_HLA-A*02:01,tcr11258,1
vdjdb_full_9013_ss_3_n0,LLAGIGTVPI_HLA-A*02:01,tcr18137,0
vdjdb_full_8734,LLAGIGTVPI_HLA-A*02:01,tcr10752,1
vdjdb_full_8734_ss_3_n0,LLAGIGTVPI_HLA-A*02:01,tcr364,0
vdjdb_full_9015,LLAGIGTVPI_HLA-A*02:01,tcr7683,1
vdjdb_full_9015_ss_3_n0,LLAGIGTVPI_HLA-A*02:01,tcr7650,0
vdjdb_full_8758,LLAGIGTVPI_HLA-A*02:01,tcr9616,1
vdjdb_full_8758_ss_3_n0,LLAGIGTVPI_HLA-A*02:01,tcr3152,0
vdjdb_full_8881,LLAGIGTVPI_HLA-A*02:01,tcr8716,1
vdjdb_full_8881_ss_3_n0,LLAGIGTVPI_HLA-A*02:01,tcr4892,0
vdjdb_full_9176,LLAGIGTVPI_HLA-A*02:01,tcr18054,1
vdjdb_full_9176_ss_3_n0,LLAGIGTVPI_HLA-A*02:01,tcr5749,0
vdjdb_full_9127,LLAGIGTVPI_HLA-A*02:01,tcr10843,1
vdjdb_full_9127_ss_3_n0,LLAGIGTVPI_HLA-A*02:01,tcr16932,0
vdjdb_full_8979,LLAGIGTVPI_HLA-A*02:01,tcr18338,1
vdjdb_full_8979_ss_3_n0,LLAGIGTVPI_HLA-A*02:01,tcr17703,0
vdjdb_full_8769,LLAGIGTVPI_HLA-A*02:01,tcr17597,1
vdjdb_full_8769_ss_3_n0,LLAGIGTVPI_HLA-A*02:01,tcr2875,0
vdjdb_full_8912,LLAGIGTVPI_HLA-A*02:01,tcr4842,1
vdjdb_full_8912_ss_3_n0,LLAGIGTVPI_HLA-A*02:01,tcr1736,0
vdjdb_full_8888,LLAGIGTVPI_HLA-A*02:01,tcr3949,1
vdjdb_full_8888_ss_3_n0,LLAGIGTVPI_HLA-A*02:01,tcr2447,0
vdjdb_full_8736,LLAGIGTVPI_HLA-A*02:01,tcr2044,1
vdjdb_full_8736_ss_3_n0,LLAGIGTVPI_HLA-A*02:01,tcr4691,0
vdjdb_full_8728,LLAGIGTVPI_HLA-A*02:01,tcr15637,1
vdjdb_full_8728_ss_3_n0,LLAGIGTVPI_HLA-A*02:01,tcr12278,0
vdjdb_full_9685,YLQPRTFLL_HLA-A*02:01,tcr16714,1
vdjdb_full_9685_ss_3_n0,YLQPRTFLL_HLA-A*02:01,tcr10625,0
vdjdb_full_9880,YLQPRTFLL_HLA-A*02:01,tcr6615,1
vdjdb_full_9880_ss_3_n0,YLQPRTFLL_HLA-A*02:01,tcr2494,0
vdjdb_full_9715,YLQPRTFLL_HLA-A*02:01,tcr15964,1
vdjdb_full_9715_ss_3_n0,YLQPRTFLL_HLA-A*02:01,tcr14504,0
vdjdb_full_9915,YLQPRTFLL_HLA-A*02:01,tcr12643,1
vdjdb_full_9915_ss_3_n0,YLQPRTFLL_HLA-A*02:01,tcr1287,0
vdjdb_full_9962,YLQPRTFLL_HLA-A*02:01,tcr15980,1
vdjdb_full_9962_ss_3_n0,YLQPRTFLL_HLA-A*02:01,tcr15724,0
vdjdb_full_9608,YLQPRTFLL_HLA-A*02:01,tcr3408,1
vdjdb_full_9608_ss_3_n0,YLQPRTFLL_HLA-A*02:01,tcr4925,0
vdjdb_full_9672,YLQPRTFLL_HLA-A*02:01,tcr12859,1
vdjdb_full_9672_ss_3_n0,YLQPRTFLL_HLA-A*02:01,tcr14660,0
vdjdb_full_9677,YLQPRTFLL_HLA-A*02:01,tcr2321,1
vdjdb_full_9677_ss_3_n0,YLQPRTFLL_HLA-A*02:01,tcr985,0
vdjdb_full_9564,YLQPRTFLL_HLA-A*02:01,tcr3984,1
vdjdb_full_9564_ss_3_n0,YLQPRTFLL_HLA-A*02:01,tcr16539,0
vdjdb_full_9607,YLQPRTFLL_HLA-A*02:01,tcr8187,1
vdjdb_full_9607_ss_3_n0,YLQPRTFLL_HLA-A*02:01,tcr7452,0
vdjdb_full_9605,YLQPRTFLL_HLA-A*02:01,tcr12882,1
vdjdb_full_9605_ss_3_n0,YLQPRTFLL_HLA-A*02:01,tcr7206,0
vdjdb_full_9633,YLQPRTFLL_HLA-A*02:01,tcr12860,1
vdjdb_full_9633_ss_3_n0,YLQPRTFLL_HLA-A*02:01,tcr11133,0
vdjdb_full_9914,YLQPRTFLL_HLA-A*02:01,tcr2505,1
vdjdb_full_9914_ss_3_n0,YLQPRTFLL_HLA-A*02:01,tcr10905,0
vdjdb_full_9629,YLQPRTFLL_HLA-A*02:01,tcr589,1
vdjdb_full_9629_ss_3_n0,YLQPRTFLL_HLA-A*02:01,tcr2222,0
vdjdb_full_9872,YLQPRTFLL_HLA-A*02:01,tcr9515,1
vdjdb_full_9872_ss_3_n0,YLQPRTFLL_HLA-A*02:01,tcr6602,0
vdjdb_full_9958,YLQPRTFLL_HLA-A*02:01,tcr4016,1
vdjdb_full_9958_ss_3_n0,YLQPRTFLL_HLA-A*02:01,tcr15441,0
vdjdb_full_9543,YLQPRTFLL_HLA-A*02:01,tcr4187,1
vdjdb_full_9543_ss_3_n0,YLQPRTFLL_HLA-A*02:01,tcr11883,0
vdjdb_full_9789,YLQPRTFLL_HLA-A*02:01,tcr8065,1
vdjdb_full_9789_ss_3_n0,YLQPRTFLL_HLA-A*02:01,tcr609,0
vdjdb_full_9736,YLQPRTFLL_HLA-A*02:01,tcr17958,1
vdjdb_full_9736_ss_3_n0,YLQPRTFLL_HLA-A*02:01,tcr6007,0
vdjdb_full_9772,YLQPRTFLL_HLA-A*02:01,tcr699,1
vdjdb_full_9772_ss_3_n0,YLQPRTFLL_HLA-A*02:01,tcr15075,0
vdjdb_full_9732,YLQPRTFLL_HLA-A*02:01,tcr3872,1
vdjdb_full_9732_ss_3_n0,YLQPRTFLL_HLA-A*02:01,tcr1125,0
vdjdb_full_9780,YLQPRTFLL_HLA-A*02:01,tcr11791,1
vdjdb_full_9780_ss_3_n0,YLQPRTFLL_HLA-A*02:01,tcr1011,0
vdjdb_full_9964,YLQPRTFLL_HLA-A*02:01,tcr7192,1
vdjdb_full_9964_ss_3_n0,YLQPRTFLL_HLA-A*02:01,tcr15962,0
vdjdb_full_9769,YLQPRTFLL_HLA-A*02:01,tcr3833,1
vdjdb_full_9769_ss_3_n0,YLQPRTFLL_HLA-A*02:01,tcr7342,0
vdjdb_full_9590,YLQPRTFLL_HLA-A*02:01,tcr6678,1
vdjdb_full_9590_ss_3_n0,YLQPRTFLL_HLA-A*02:01,tcr11326,0
vdjdb_full_9899,YLQPRTFLL_HLA-A*02:01,tcr9599,1
vdjdb_full_9899_ss_3_n0,YLQPRTFLL_HLA-A*02:01,tcr8438,0
vdjdb_full_9591,YLQPRTFLL_HLA-A*02:01,tcr2164,1
vdjdb_full_9591_ss_3_n0,YLQPRTFLL_HLA-A*02:01,tcr15364,0
vdjdb_full_9841,YLQPRTFLL_HLA-A*02:01,tcr10044,1
vdjdb_full_9841_ss_3_n0,YLQPRTFLL_HLA-A*02:01,tcr2463,0
vdjdb_full_9814,YLQPRTFLL_HLA-A*02:01,tcr17760,1
vdjdb_full_9814_ss_3_n0,YLQPRTFLL_HLA-A*02:01,tcr3051,0
vdjdb_full_9616,YLQPRTFLL_HLA-A*02:01,tcr14402,1
vdjdb_full_9616_ss_3_n0,YLQPRTFLL_HLA-A*02:01,tcr15518,0
vdjdb_full_9955,YLQPRTFLL_HLA-A*02:01,tcr8985,1
vdjdb_full_9955_ss_3_n0,YLQPRTFLL_HLA-A*02:01,tcr4979,0
vdjdb_full_9656,YLQPRTFLL_HLA-A*02:01,tcr7800,1
vdjdb_full_9656_ss_3_n0,YLQPRTFLL_HLA-A*02:01,tcr2333,0
vdjdb_full_9749,YLQPRTFLL_HLA-A*02:01,tcr13340,1
vdjdb_full_9749_ss_3_n0,YLQPRTFLL_HLA-A*02:01,tcr3522,0
vdjdb_full_9734,YLQPRTFLL_HLA-A*02:01,tcr13722,1
vdjdb_full_9734_ss_3_n0,YLQPRTFLL_HLA-A*02:01,tcr4099,0
vdjdb_full_9883,YLQPRTFLL_HLA-A*02:01,tcr10034,1
vdjdb_full_9883_ss_3_n0,YLQPRTFLL_HLA-A*02:01,tcr12975,0
vdjdb_full_9724,YLQPRTFLL_HLA-A*02:01,tcr1608,1
vdjdb_full_9724_ss_3_n0,YLQPRTFLL_HLA-A*02:01,tcr1533,0
vdjdb_full_9759,YLQPRTFLL_HLA-A*02:01,tcr13674,1
vdjdb_full_9759_ss_3_n0,YLQPRTFLL_HLA-A*02:01,tcr6546,0
vdjdb_full_9574,YLQPRTFLL_HLA-A*02:01,tcr12600,1
vdjdb_full_9574_ss_3_n0,YLQPRTFLL_HLA-A*02:01,tcr13835,0
vdjdb_full_9708,YLQPRTFLL_HLA-A*02:01,tcr18314,1
vdjdb_full_9708_ss_3_n0,YLQPRTFLL_HLA-A*02:01,tcr15942,0
vdjdb_full_9805,YLQPRTFLL_HLA-A*02:01,tcr4511,1
vdjdb_full_9805_ss_3_n0,YLQPRTFLL_HLA-A*02:01,tcr12392,0
vdjdb_full_9611,YLQPRTFLL_HLA-A*02:01,tcr17614,1
vdjdb_full_9611_ss_3_n0,YLQPRTFLL_HLA-A*02:01,tcr11169,0
vdjdb_full_9612,YLQPRTFLL_HLA-A*02:01,tcr15468,1
vdjdb_full_9612_ss_3_n0,YLQPRTFLL_HLA-A*02:01,tcr12012,0
vdjdb_full_9961,YLQPRTFLL_HLA-A*02:01,tcr13180,1
vdjdb_full_9961_ss_3_n0,YLQPRTFLL_HLA-A*02:01,tcr3041,0
vdjdb_full_9567,YLQPRTFLL_HLA-A*02:01,tcr10795,1
vdjdb_full_9567_ss_3_n0,YLQPRTFLL_HLA-A*02:01,tcr4476,0
vdjdb_full_9653,YLQPRTFLL_HLA-A*02:01,tcr3162,1
vdjdb_full_9653_ss_3_n0,YLQPRTFLL_HLA-A*02:01,tcr13691,0
vdjdb_full_9921,YLQPRTFLL_HLA-A*02:01,tcr10861,1
vdjdb_full_9921_ss_3_n0,YLQPRTFLL_HLA-A*02:01,tcr1023,0
vdjdb_full_9688,YLQPRTFLL_HLA-A*02:01,tcr9546,1
vdjdb_full_9688_ss_3_n0,YLQPRTFLL_HLA-A*02:01,tcr2216,0
vdjdb_full_9838,YLQPRTFLL_HLA-A*02:01,tcr539,1
vdjdb_full_9838_ss_3_n0,YLQPRTFLL_HLA-A*02:01,tcr7215,0
vdjdb_full_9913,YLQPRTFLL_HLA-A*02:01,tcr12072,1
vdjdb_full_9913_ss_3_n0,YLQPRTFLL_HLA-A*02:01,tcr7491,0
vdjdb_full_9549,YLQPRTFLL_HLA-A*02:01,tcr1370,1
vdjdb_full_9549_ss_3_n0,YLQPRTFLL_HLA-A*02:01,tcr12577,0
vdjdb_full_9614,YLQPRTFLL_HLA-A*02:01,tcr1071,1
vdjdb_full_9614_ss_3_n0,YLQPRTFLL_HLA-A*02:01,tcr588,0
vdjdb_full_9861,YLQPRTFLL_HLA-A*02:01,tcr12576,1
vdjdb_full_9861_ss_3_n0,YLQPRTFLL_HLA-A*02:01,tcr2493,0
vdjdb_full_9534,YLQPRTFLL_HLA-A*02:01,tcr3626,1
vdjdb_full_9534_ss_3_n0,YLQPRTFLL_HLA-A*02:01,tcr8153,0
vdjdb_full_9553,YLQPRTFLL_HLA-A*02:01,tcr972,1
vdjdb_full_9553_ss_3_n0,YLQPRTFLL_HLA-A*02:01,tcr15962,0
vdjdb_full_9935,YLQPRTFLL_HLA-A*02:01,tcr10381,1
vdjdb_full_9935_ss_3_n0,YLQPRTFLL_HLA-A*02:01,tcr2002,0
vdjdb_full_9822,YLQPRTFLL_HLA-A*02:01,tcr3869,1
vdjdb_full_9822_ss_3_n0,YLQPRTFLL_HLA-A*02:01,tcr15366,0
vdjdb_full_9824,YLQPRTFLL_HLA-A*02:01,tcr12504,1
vdjdb_full_9824_ss_3_n0,YLQPRTFLL_HLA-A*02:01,tcr10450,0
vdjdb_full_9821,YLQPRTFLL_HLA-A*02:01,tcr1058,1
vdjdb_full_9821_ss_3_n0,YLQPRTFLL_HLA-A*02:01,tcr13062,0
vdjdb_full_9613,YLQPRTFLL_HLA-A*02:01,tcr16762,1
vdjdb_full_9613_ss_3_n0,YLQPRTFLL_HLA-A*02:01,tcr14341,0
vdjdb_full_9619,YLQPRTFLL_HLA-A*02:01,tcr3695,1
vdjdb_full_9619_ss_3_n0,YLQPRTFLL_HLA-A*02:01,tcr7671,0
vdjdb_full_9902,YLQPRTFLL_HLA-A*02:01,tcr10535,1
vdjdb_full_9902_ss_3_n0,YLQPRTFLL_HLA-A*02:01,tcr10073,0
vdjdb_full_9643,YLQPRTFLL_HLA-A*02:01,tcr14626,1
vdjdb_full_9643_ss_3_n0,YLQPRTFLL_HLA-A*02:01,tcr5424,0
vdjdb_full_9559,YLQPRTFLL_HLA-A*02:01,tcr13976,1
vdjdb_full_9559_ss_3_n0,YLQPRTFLL_HLA-A*02:01,tcr2752,0
vdjdb_full_9925,YLQPRTFLL_HLA-A*02:01,tcr1503,1
vdjdb_full_9925_ss_3_n0,YLQPRTFLL_HLA-A*02:01,tcr17397,0
vdjdb_full_9712,YLQPRTFLL_HLA-A*02:01,tcr12266,1
vdjdb_full_9712_ss_3_n0,YLQPRTFLL_HLA-A*02:01,tcr7905,0
vdjdb_full_9912,YLQPRTFLL_HLA-A*02:01,tcr9671,1
vdjdb_full_9912_ss_3_n0,YLQPRTFLL_HLA-A*02:01,tcr2044,0
vdjdb_full_9809,YLQPRTFLL_HLA-A*02:01,tcr12692,1
vdjdb_full_9809_ss_3_n0,YLQPRTFLL_HLA-A*02:01,tcr12639,0
vdjdb_full_9577,YLQPRTFLL_HLA-A*02:01,tcr17362,1
vdjdb_full_9577_ss_3_n0,YLQPRTFLL_HLA-A*02:01,tcr12037,0
vdjdb_full_9713,YLQPRTFLL_HLA-A*02:01,tcr13024,1
vdjdb_full_9713_ss_3_n0,YLQPRTFLL_HLA-A*02:01,tcr5115,0
vdjdb_full_9916,YLQPRTFLL_HLA-A*02:01,tcr8725,1
vdjdb_full_9916_ss_3_n0,YLQPRTFLL_HLA-A*02:01,tcr10333,0
vdjdb_full_9664,YLQPRTFLL_HLA-A*02:01,tcr17482,1
vdjdb_full_9664_ss_3_n0,YLQPRTFLL_HLA-A*02:01,tcr6763,0
vdjdb_full_9885,YLQPRTFLL_HLA-A*02:01,tcr2895,1
vdjdb_full_9885_ss_3_n0,YLQPRTFLL_HLA-A*02:01,tcr3364,0
vdjdb_full_9840,YLQPRTFLL_HLA-A*02:01,tcr5282,1
vdjdb_full_9840_ss_3_n0,YLQPRTFLL_HLA-A*02:01,tcr11779,0
vdjdb_full_9815,YLQPRTFLL_HLA-A*02:01,tcr12539,1
vdjdb_full_9815_ss_3_n0,YLQPRTFLL_HLA-A*02:01,tcr3657,0
vdjdb_full_9556,YLQPRTFLL_HLA-A*02:01,tcr15012,1
vdjdb_full_9556_ss_3_n0,YLQPRTFLL_HLA-A*02:01,tcr404,0
vdjdb_full_9581,YLQPRTFLL_HLA-A*02:01,tcr7958,1
vdjdb_full_9581_ss_3_n0,YLQPRTFLL_HLA-A*02:01,tcr8597,0
vdjdb_full_9828,YLQPRTFLL_HLA-A*02:01,tcr17122,1
vdjdb_full_9828_ss_3_n0,YLQPRTFLL_HLA-A*02:01,tcr9572,0
vdjdb_full_9632,YLQPRTFLL_HLA-A*02:01,tcr14959,1
vdjdb_full_9632_ss_3_n0,YLQPRTFLL_HLA-A*02:01,tcr15369,0
vdjdb_full_9952,YLQPRTFLL_HLA-A*02:01,tcr18132,1
vdjdb_full_9952_ss_3_n0,YLQPRTFLL_HLA-A*02:01,tcr1707,0
vdjdb_full_9954,YLQPRTFLL_HLA-A*02:01,tcr10229,1
vdjdb_full_9954_ss_3_n0,YLQPRTFLL_HLA-A*02:01,tcr11130,0
vdjdb_full_9592,YLQPRTFLL_HLA-A*02:01,tcr14582,1
vdjdb_full_9592_ss_3_n0,YLQPRTFLL_HLA-A*02:01,tcr1869,0
vdjdb_full_9957,YLQPRTFLL_HLA-A*02:01,tcr16880,1
vdjdb_full_9957_ss_3_n0,YLQPRTFLL_HLA-A*02:01,tcr15636,0
vdjdb_full_9558,YLQPRTFLL_HLA-A*02:01,tcr12284,1
vdjdb_full_9558_ss_3_n0,YLQPRTFLL_HLA-A*02:01,tcr17947,0
vdjdb_full_9551,YLQPRTFLL_HLA-A*02:01,tcr4378,1
vdjdb_full_9551_ss_3_n0,YLQPRTFLL_HLA-A*02:01,tcr4899,0
vdjdb_full_9601,YLQPRTFLL_HLA-A*02:01,tcr11047,1
vdjdb_full_9601_ss_3_n0,YLQPRTFLL_HLA-A*02:01,tcr10798,0
vdjdb_full_9671,YLQPRTFLL_HLA-A*02:01,tcr579,1
vdjdb_full_9671_ss_3_n0,YLQPRTFLL_HLA-A*02:01,tcr17726,0
vdjdb_full_9565,YLQPRTFLL_HLA-A*02:01,tcr3243,1
vdjdb_full_9565_ss_3_n0,YLQPRTFLL_HLA-A*02:01,tcr13950,0
vdjdb_full_9621,YLQPRTFLL_HLA-A*02:01,tcr7153,1
vdjdb_full_9621_ss_3_n0,YLQPRTFLL_HLA-A*02:01,tcr18395,0
vdjdb_full_9833,YLQPRTFLL_HLA-A*02:01,tcr8844,1
vdjdb_full_9833_ss_3_n0,YLQPRTFLL_HLA-A*02:01,tcr6727,0
vdjdb_full_9953,YLQPRTFLL_HLA-A*02:01,tcr7441,1
vdjdb_full_9953_ss_3_n0,YLQPRTFLL_HLA-A*02:01,tcr5429,0
vdjdb_full_9879,YLQPRTFLL_HLA-A*02:01,tcr13891,1
vdjdb_full_9879_ss_3_n0,YLQPRTFLL_HLA-A*02:01,tcr2870,0
vdjdb_full_9693,YLQPRTFLL_HLA-A*02:01,tcr14935,1
vdjdb_full_9693_ss_3_n0,YLQPRTFLL_HLA-A*02:01,tcr6977,0
vdjdb_full_9788,YLQPRTFLL_HLA-A*02:01,tcr1075,1
vdjdb_full_9788_ss_3_n0,YLQPRTFLL_HLA-A*02:01,tcr13151,0
vdjdb_full_9744,YLQPRTFLL_HLA-A*02:01,tcr128,1
vdjdb_full_9744_ss_3_n0,YLQPRTFLL_HLA-A*02:01,tcr17004,0
vdjdb_full_9751,YLQPRTFLL_HLA-A*02:01,tcr16394,1
vdjdb_full_9751_ss_3_n0,YLQPRTFLL_HLA-A*02:01,tcr11250,0
vdjdb_full_9539,YLQPRTFLL_HLA-A*02:01,tcr526,1
vdjdb_full_9539_ss_3_n0,YLQPRTFLL_HLA-A*02:01,tcr16954,0
vdjdb_full_9580,YLQPRTFLL_HLA-A*02:01,tcr17349,1
vdjdb_full_9580_ss_3_n0,YLQPRTFLL_HLA-A*02:01,tcr10481,0
vdjdb_full_9825,YLQPRTFLL_HLA-A*02:01,tcr9757,1
vdjdb_full_9825_ss_3_n0,YLQPRTFLL_HLA-A*02:01,tcr3880,0
vdjdb_full_9948,YLQPRTFLL_HLA-A*02:01,tcr7989,1
vdjdb_full_9948_ss_3_n0,YLQPRTFLL_HLA-A*02:01,tcr13513,0
vdjdb_full_9907,YLQPRTFLL_HLA-A*02:01,tcr16269,1
vdjdb_full_9907_ss_3_n0,YLQPRTFLL_HLA-A*02:01,tcr1380,0
vdjdb_full_11740,ELAGIGILTV_HLA-A*02:01,tcr5036,1
vdjdb_full_11740_ss_3_n0,ELAGIGILTV_HLA-A*02:01,tcr14957,0
vdjdb_full_11908,ELAGIGILTV_HLA-A*02:01,tcr5056,1
vdjdb_full_11908_ss_3_n0,ELAGIGILTV_HLA-A*02:01,tcr8902,0
vdjdb_full_11867,ELAGIGILTV_HLA-A*02:01,tcr15559,1
vdjdb_full_11867_ss_3_n0,ELAGIGILTV_HLA-A*02:01,tcr4609,0
vdjdb_full_11683,ELAGIGILTV_HLA-A*02:01,tcr2579,1
vdjdb_full_11683_ss_3_n0,ELAGIGILTV_HLA-A*02:01,tcr8840,0
vdjdb_full_11698,ELAGIGILTV_HLA-A*02:01,tcr8169,1
vdjdb_full_11698_ss_3_n0,ELAGIGILTV_HLA-A*02:01,tcr5377,0
vdjdb_full_11985,ELAGIGILTV_HLA-A*02:01,tcr8619,1
vdjdb_full_11985_ss_3_n0,ELAGIGILTV_HLA-A*02:01,tcr10034,0
vdjdb_full_11699,ELAGIGILTV_HLA-A*02:01,tcr3267,1
vdjdb_full_11699_ss_3_n0,ELAGIGILTV_HLA-A*02:01,tcr14231,0
vdjdb_full_11784,ELAGIGILTV_HLA-A*02:01,tcr5962,1
vdjdb_full_11784_ss_3_n0,ELAGIGILTV_HLA-A*02:01,tcr412,0
vdjdb_full_11780,ELAGIGILTV_HLA-A*02:01,tcr14085,1
vdjdb_full_11780_ss_3_n0,ELAGIGILTV_HLA-A*02:01,tcr16179,0
vdjdb_full_11989,ELAGIGILTV_HLA-A*02:01,tcr11439,1
vdjdb_full_11989_ss_3_n0,ELAGIGILTV_HLA-A*02:01,tcr2922,0
vdjdb_full_11635,ELAGIGILTV_HLA-A*02:01,tcr2101,1
vdjdb_full_11635_ss_3_n0,ELAGIGILTV_HLA-A*02:01,tcr9782,0
vdjdb_full_12021,ELAGIGILTV_HLA-A*02:01,tcr9901,1
vdjdb_full_12021_ss_3_n0,ELAGIGILTV_HLA-A*02:01,tcr3243,0
vdjdb_full_11727,ELAGIGILTV_HLA-A*02:01,tcr14052,1
vdjdb_full_11727_ss_3_n0,ELAGIGILTV_HLA-A*02:01,tcr12832,0
vdjdb_full_11696,ELAGIGILTV_HLA-A*02:01,tcr16815,1
vdjdb_full_11696_ss_3_n0,ELAGIGILTV_HLA-A*02:01,tcr12099,0
vdjdb_full_12000,ELAGIGILTV_HLA-A*02:01,tcr949,1
vdjdb_full_12000_ss_3_n0,ELAGIGILTV_HLA-A*02:01,tcr13547,0
vdjdb_full_11811,ELAGIGILTV_HLA-A*02:01,tcr8214,1
vdjdb_full_11811_ss_3_n0,ELAGIGILTV_HLA-A*02:01,tcr1878,0
vdjdb_full_11668,ELAGIGILTV_HLA-A*02:01,tcr13657,1
vdjdb_full_11668_ss_3_n0,ELAGIGILTV_HLA-A*02:01,tcr3196,0
vdjdb_full_11904,ELAGIGILTV_HLA-A*02:01,tcr1501,1
vdjdb_full_11904_ss_3_n0,ELAGIGILTV_HLA-A*02:01,tcr13780,0
vdjdb_full_11912,ELAGIGILTV_HLA-A*02:01,tcr3081,1
vdjdb_full_11912_ss_3_n0,ELAGIGILTV_HLA-A*02:01,tcr6954,0
vdjdb_full_11825,ELAGIGILTV_HLA-A*02:01,tcr1099,1
vdjdb_full_11825_ss_3_n0,ELAGIGILTV_HLA-A*02:01,tcr17107,0
vdjdb_full_11641,ELAGIGILTV_HLA-A*02:01,tcr12357,1
vdjdb_full_11641_ss_3_n0,ELAGIGILTV_HLA-A*02:01,tcr14504,0
vdjdb_full_11878,ELAGIGILTV_HLA-A*02:01,tcr764,1
vdjdb_full_11878_ss_3_n0,ELAGIGILTV_HLA-A*02:01,tcr16936,0
vdjdb_full_11957,ELAGIGILTV_HLA-A*02:01,tcr8108,1
vdjdb_full_11957_ss_3_n0,ELAGIGILTV_HLA-A*02:01,tcr7663,0
vdjdb_full_11626,ELAGIGILTV_HLA-A*02:01,tcr5857,1
vdjdb_full_11626_ss_3_n0,ELAGIGILTV_HLA-A*02:01,tcr14186,0
vdjdb_full_11730,ELAGIGILTV_HLA-A*02:01,tcr6739,1
vdjdb_full_11730_ss_3_n0,ELAGIGILTV_HLA-A*02:01,tcr17923,0
vdjdb_full_11991,ELAGIGILTV_HLA-A*02:01,tcr1523,1
vdjdb_full_11991_ss_3_n0,ELAGIGILTV_HLA-A*02:01,tcr9973,0
vdjdb_full_11704,ELAGIGILTV_HLA-A*02:01,tcr15847,1
vdjdb_full_11704_ss_3_n0,ELAGIGILTV_HLA-A*02:01,tcr2548,0
vdjdb_full_11659,ELAGIGILTV_HLA-A*02:01,tcr17628,1
vdjdb_full_11659_ss_3_n0,ELAGIGILTV_HLA-A*02:01,tcr16558,0
vdjdb_full_11863,ELAGIGILTV_HLA-A*02:01,tcr10063,1
vdjdb_full_11863_ss_3_n0,ELAGIGILTV_HLA-A*02:01,tcr11510,0
vdjdb_full_11927,ELAGIGILTV_HLA-A*02:01,tcr8368,1
vdjdb_full_11927_ss_3_n0,ELAGIGILTV_HLA-A*02:01,tcr4903,0
vdjdb_full_11710,ELAGIGILTV_HLA-A*02:01,tcr10905,1
vdjdb_full_11710_ss_3_n0,ELAGIGILTV_HLA-A*02:01,tcr9922,0
vdjdb_full_11962,ELAGIGILTV_HLA-A*02:01,tcr9765,1
vdjdb_full_11962_ss_3_n0,ELAGIGILTV_HLA-A*02:01,tcr9670,0
vdjdb_full_11966,ELAGIGILTV_HLA-A*02:01,tcr3937,1
vdjdb_full_11966_ss_3_n0,ELAGIGILTV_HLA-A*02:01,tcr9895,0
vdjdb_full_11682,ELAGIGILTV_HLA-A*02:01,tcr2004,1
vdjdb_full_11682_ss_3_n0,ELAGIGILTV_HLA-A*02:01,tcr9157,0
vdjdb_full_11703,ELAGIGILTV_HLA-A*02:01,tcr4771,1
vdjdb_full_11703_ss_3_n0,ELAGIGILTV_HLA-A*02:01,tcr8629,0
vdjdb_full_11954,ELAGIGILTV_HLA-A*02:01,tcr2055,1
vdjdb_full_11954_ss_3_n0,ELAGIGILTV_HLA-A*02:01,tcr269,0
vdjdb_full_11891,ELAGIGILTV_HLA-A*02:01,tcr5374,1
vdjdb_full_11891_ss_3_n0,ELAGIGILTV_HLA-A*02:01,tcr16858,0
vdjdb_full_11800,ELAGIGILTV_HLA-A*02:01,tcr4969,1
vdjdb_full_11800_ss_3_n0,ELAGIGILTV_HLA-A*02:01,tcr11966,0
vdjdb_full_11948,ELAGIGILTV_HLA-A*02:01,tcr15636,1
vdjdb_full_11948_ss_3_n0,ELAGIGILTV_HLA-A*02:01,tcr17107,0
vdjdb_full_11757,ELAGIGILTV_HLA-A*02:01,tcr9975,1
vdjdb_full_11757_ss_3_n0,ELAGIGILTV_HLA-A*02:01,tcr10804,0
vdjdb_full_11651,ELAGIGILTV_HLA-A*02:01,tcr10322,1
vdjdb_full_11651_ss_3_n0,ELAGIGILTV_HLA-A*02:01,tcr3034,0
vdjdb_full_11942,ELAGIGILTV_HLA-A*02:01,tcr13405,1
vdjdb_full_11942_ss_3_n0,ELAGIGILTV_HLA-A*02:01,tcr17522,0
vdjdb_full_11681,ELAGIGILTV_HLA-A*02:01,tcr4029,1
vdjdb_full_11681_ss_3_n0,ELAGIGILTV_HLA-A*02:01,tcr18074,0
vdjdb_full_12018,ELAGIGILTV_HLA-A*02:01,tcr11913,1
vdjdb_full_12018_ss_3_n0,ELAGIGILTV_HLA-A*02:01,tcr1436,0
vdjdb_full_11775,ELAGIGILTV_HLA-A*02:01,tcr512,1
vdjdb_full_11775_ss_3_n0,ELAGIGILTV_HLA-A*02:01,tcr6954,0
vdjdb_full_11702,ELAGIGILTV_HLA-A*02:01,tcr15380,1
vdjdb_full_11702_ss_3_n0,ELAGIGILTV_HLA-A*02:01,tcr13593,0
vdjdb_full_11720,ELAGIGILTV_HLA-A*02:01,tcr15815,1
vdjdb_full_11720_ss_3_n0,ELAGIGILTV_HLA-A*02:01,tcr8461,0
vdjdb_full_11672,ELAGIGILTV_HLA-A*02:01,tcr122,1
vdjdb_full_11672_ss_3_n0,ELAGIGILTV_HLA-A*02:01,tcr164,0
vdjdb_full_11947,ELAGIGILTV_HLA-A*02:01,tcr3389,1
vdjdb_full_11947_ss_3_n0,ELAGIGILTV_HLA-A*02:01,tcr13805,0
vdjdb_full_11708,ELAGIGILTV_HLA-A*02:01,tcr8603,1
vdjdb_full_11708_ss_3_n0,ELAGIGILTV_HLA-A*02:01,tcr17345,0
vdjdb_full_11877,ELAGIGILTV_HLA-A*02:01,tcr6821,1
vdjdb_full_11877_ss_3_n0,ELAGIGILTV_HLA-A*02:01,tcr12012,0
vdjdb_full_11665,ELAGIGILTV_HLA-A*02:01,tcr8602,1
vdjdb_full_11665_ss_3_n0,ELAGIGILTV_HLA-A*02:01,tcr16763,0
vdjdb_full_11879,ELAGIGILTV_HLA-A*02:01,tcr7116,1
vdjdb_full_11879_ss_3_n0,ELAGIGILTV_HLA-A*02:01,tcr1091,0
vdjdb_full_11716,ELAGIGILTV_HLA-A*02:01,tcr5985,1
vdjdb_full_11716_ss_3_n0,ELAGIGILTV_HLA-A*02:01,tcr399,0
vdjdb_full_11656,ELAGIGILTV_HLA-A*02:01,tcr3044,1
vdjdb_full_11656_ss_3_n0,ELAGIGILTV_HLA-A*02:01,tcr128,0
vdjdb_full_11917,ELAGIGILTV_HLA-A*02:01,tcr3759,1
vdjdb_full_11917_ss_3_n0,ELAGIGILTV_HLA-A*02:01,tcr17448,0
vdjdb_full_11807,ELAGIGILTV_HLA-A*02:01,tcr9859,1
vdjdb_full_11807_ss_3_n0,ELAGIGILTV_HLA-A*02:01,tcr6079,0
vdjdb_full_11858,ELAGIGILTV_HLA-A*02:01,tcr11423,1
vdjdb_full_11858_ss_3_n0,ELAGIGILTV_HLA-A*02:01,tcr3027,0
vdjdb_full_11794,ELAGIGILTV_HLA-A*02:01,tcr12107,1
vdjdb_full_11794_ss_3_n0,ELAGIGILTV_HLA-A*02:01,tcr9275,0
vdjdb_full_11785,ELAGIGILTV_HLA-A*02:01,tcr10016,1
vdjdb_full_11785_ss_3_n0,ELAGIGILTV_HLA-A*02:01,tcr13358,0
vdjdb_full_11648,ELAGIGILTV_HLA-A*02:01,tcr2227,1
vdjdb_full_11648_ss_3_n0,ELAGIGILTV_HLA-A*02:01,tcr14463,0
vdjdb_full_11657,ELAGIGILTV_HLA-A*02:01,tcr11505,1
vdjdb_full_11657_ss_3_n0,ELAGIGILTV_HLA-A*02:01,tcr8914,0
vdjdb_full_12019,ELAGIGILTV_HLA-A*02:01,tcr12066,1
vdjdb_full_12019_ss_3_n0,ELAGIGILTV_HLA-A*02:01,tcr15199,0
vdjdb_full_11744,ELAGIGILTV_HLA-A*02:01,tcr11858,1
vdjdb_full_11744_ss_3_n0,ELAGIGILTV_HLA-A*02:01,tcr3038,0
vdjdb_full_11901,ELAGIGILTV_HLA-A*02:01,tcr6573,1
vdjdb_full_11901_ss_3_n0,ELAGIGILTV_HLA-A*02:01,tcr12036,0
vdjdb_full_11772,ELAGIGILTV_HLA-A*02:01,tcr9416,1
vdjdb_full_11772_ss_3_n0,ELAGIGILTV_HLA-A*02:01,tcr16104,0
vdjdb_full_11952,ELAGIGILTV_HLA-A*02:01,tcr17337,1
vdjdb_full_11952_ss_3_n0,ELAGIGILTV_HLA-A*02:01,tcr17013,0
vdjdb_full_12025,ELAGIGILTV_HLA-A*02:01,tcr14082,1
vdjdb_full_12025_ss_3_n0,ELAGIGILTV_HLA-A*02:01,tcr10649,0
vdjdb_full_11804,ELAGIGILTV_HLA-A*02:01,tcr9697,1
vdjdb_full_11804_ss_3_n0,ELAGIGILTV_HLA-A*02:01,tcr15612,0
vdjdb_full_11766,ELAGIGILTV_HLA-A*02:01,tcr6085,1
vdjdb_full_11766_ss_3_n0,ELAGIGILTV_HLA-A*02:01,tcr10818,0
vdjdb_full_11631,ELAGIGILTV_HLA-A*02:01,tcr1530,1
vdjdb_full_11631_ss_3_n0,ELAGIGILTV_HLA-A*02:01,tcr5025,0
vdjdb_full_11671,ELAGIGILTV_HLA-A*02:01,tcr13471,1
vdjdb_full_11671_ss_3_n0,ELAGIGILTV_HLA-A*02:01,tcr17910,0
vdjdb_full_12017,ELAGIGILTV_HLA-A*02:01,tcr10580,1
vdjdb_full_12017_ss_3_n0,ELAGIGILTV_HLA-A*02:01,tcr13340,0
vdjdb_full_11988,ELAGIGILTV_HLA-A*02:01,tcr6309,1
vdjdb_full_11988_ss_3_n0,ELAGIGILTV_HLA-A*02:01,tcr2529,0
vdjdb_full_11851,ELAGIGILTV_HLA-A*02:01,tcr5500,1
vdjdb_full_11851_ss_3_n0,ELAGIGILTV_HLA-A*02:01,tcr7864,0
vdjdb_full_11997,ELAGIGILTV_HLA-A*02:01,tcr8798,1
vdjdb_full_11997_ss_3_n0,ELAGIGILTV_HLA-A*02:01,tcr11729,0
vdjdb_full_11970,ELAGIGILTV_HLA-A*02:01,tcr6581,1
vdjdb_full_11970_ss_3_n0,ELAGIGILTV_HLA-A*02:01,tcr9885,0
vdjdb_full_11758,ELAGIGILTV_HLA-A*02:01,tcr3934,1
vdjdb_full_11758_ss_3_n0,ELAGIGILTV_HLA-A*02:01,tcr8341,0
vdjdb_full_11629,ELAGIGILTV_HLA-A*02:01,tcr16274,1
vdjdb_full_11629_ss_3_n0,ELAGIGILTV_HLA-A*02:01,tcr476,0
vdjdb_full_11644,ELAGIGILTV_HLA-A*02:01,tcr179,1
vdjdb_full_11644_ss_3_n0,ELAGIGILTV_HLA-A*02:01,tcr8003,0
vdjdb_full_11892,ELAGIGILTV_HLA-A*02:01,tcr5369,1
vdjdb_full_11892_ss_3_n0,ELAGIGILTV_HLA-A*02:01,tcr10881,0
vdjdb_full_11739,ELAGIGILTV_HLA-A*02:01,tcr14142,1
vdjdb_full_11739_ss_3_n0,ELAGIGILTV_HLA-A*02:01,tcr713,0
vdjdb_full_11803,ELAGIGILTV_HLA-A*02:01,tcr5821,1
vdjdb_full_11803_ss_3_n0,ELAGIGILTV_HLA-A*02:01,tcr14550,0
vdjdb_full_11689,ELAGIGILTV_HLA-A*02:01,tcr11523,1
vdjdb_full_11689_ss_3_n0,ELAGIGILTV_HLA-A*02:01,tcr5377,0
vdjdb_full_11875,ELAGIGILTV_HLA-A*02:01,tcr3835,1
vdjdb_full_11875_ss_3_n0,ELAGIGILTV_HLA-A*02:01,tcr17372,0
vdjdb_full_11719,ELAGIGILTV_HLA-A*02:01,tcr16180,1
vdjdb_full_11719_ss_3_n0,ELAGIGILTV_HLA-A*02:01,tcr8094,0
vdjdb_full_12026,ELAGIGILTV_HLA-A*02:01,tcr702,1
vdjdb_full_12026_ss_3_n0,ELAGIGILTV_HLA-A*02:01,tcr8900,0
vdjdb_full_11750,ELAGIGILTV_HLA-A*02:01,tcr6390,1
vdjdb_full_11750_ss_3_n0,ELAGIGILTV_HLA-A*02:01,tcr11064,0
vdjdb_full_11999,ELAGIGILTV_HLA-A*02:01,tcr2355,1
vdjdb_full_11999_ss_3_n0,ELAGIGILTV_HLA-A*02:01,tcr15323,0
vdjdb_full_11824,ELAGIGILTV_HLA-A*02:01,tcr4869,1
vdjdb_full_11824_ss_3_n0,ELAGIGILTV_HLA-A*02:01,tcr18152,0
vdjdb_full_11742,ELAGIGILTV_HLA-A*02:01,tcr5874,1
vdjdb_full_11742_ss_3_n0,ELAGIGILTV_HLA-A*02:01,tcr170,0
vdjdb_full_11907,ELAGIGILTV_HLA-A*02:01,tcr14248,1
vdjdb_full_11907_ss_3_n0,ELAGIGILTV_HLA-A*02:01,tcr1202,0
vdjdb_full_11902,ELAGIGILTV_HLA-A*02:01,tcr6469,1
vdjdb_full_11902_ss_3_n0,ELAGIGILTV_HLA-A*02:01,tcr13044,0
vdjdb_full_11975,ELAGIGILTV_HLA-A*02:01,tcr12573,1
vdjdb_full_11975_ss_3_n0,ELAGIGILTV_HLA-A*02:01,tcr12535,0
vdjdb_full_12001,ELAGIGILTV_HLA-A*02:01,tcr15821,1
vdjdb_full_12001_ss_3_n0,ELAGIGILTV_HLA-A*02:01,tcr1059,0
vdjdb_full_11885,ELAGIGILTV_HLA-A*02:01,tcr6559,1
vdjdb_full_11885_ss_3_n0,ELAGIGILTV_HLA-A*02:01,tcr171,0
vdjdb_full_11914,ELAGIGILTV_HLA-A*02:01,tcr1298,1
vdjdb_full_11914_ss_3_n0,ELAGIGILTV_HLA-A*02:01,tcr14090,0
vdjdb_full_11701,ELAGIGILTV_HLA-A*02:01,tcr13691,1
vdjdb_full_11701_ss_3_n0,ELAGIGILTV_HLA-A*02:01,tcr11538,0
vdjdb_full_11963,ELAGIGILTV_HLA-A*02:01,tcr5793,1
vdjdb_full_11963_ss_3_n0,ELAGIGILTV_HLA-A*02:01,tcr499,0
vdjdb_full_11734,ELAGIGILTV_HLA-A*02:01,tcr8181,1
vdjdb_full_11734_ss_3_n0,ELAGIGILTV_HLA-A*02:01,tcr14675,0
vdjdb_full_10080,RLRAEAQVK_HLA-A*03:01,tcr3522,1
vdjdb_full_10080_ss_3_n0,RLRAEAQVK_HLA-A*03:01,tcr5611,0
vdjdb_full_10285,RLRAEAQVK_HLA-A*03:01,tcr6053,1
vdjdb_full_10285_ss_3_n0,RLRAEAQVK_HLA-A*03:01,tcr5125,0
vdjdb_full_10257,RLRAEAQVK_HLA-A*03:01,tcr15717,1
vdjdb_full_10257_ss_3_n0,RLRAEAQVK_HLA-A*03:01,tcr17407,0
vdjdb_full_10057,RLRAEAQVK_HLA-A*03:01,tcr12613,1
vdjdb_full_10057_ss_3_n0,RLRAEAQVK_HLA-A*03:01,tcr14675,0
vdjdb_full_9995,RLRAEAQVK_HLA-A*03:01,tcr70,1
vdjdb_full_9995_ss_3_n0,RLRAEAQVK_HLA-A*03:01,tcr7937,0
vdjdb_full_10213,RLRAEAQVK_HLA-A*03:01,tcr2869,1
vdjdb_full_10213_ss_3_n0,RLRAEAQVK_HLA-A*03:01,tcr12676,0
vdjdb_full_10044,RLRAEAQVK_HLA-A*03:01,tcr12025,1
vdjdb_full_10044_ss_3_n0,RLRAEAQVK_HLA-A*03:01,tcr15489,0
vdjdb_full_10243,RLRAEAQVK_HLA-A*03:01,tcr5041,1
vdjdb_full_10243_ss_3_n0,RLRAEAQVK_HLA-A*03:01,tcr149,0
vdjdb_full_10155,RLRAEAQVK_HLA-A*03:01,tcr3459,1
vdjdb_full_10155_ss_3_n0,RLRAEAQVK_HLA-A*03:01,tcr18301,0
vdjdb_full_10119,RLRAEAQVK_HLA-A*03:01,tcr13894,1
vdjdb_full_10119_ss_3_n0,RLRAEAQVK_HLA-A*03:01,tcr14821,0
vdjdb_full_10009,RLRAEAQVK_HLA-A*03:01,tcr7341,1
vdjdb_full_10009_ss_3_n0,RLRAEAQVK_HLA-A*03:01,tcr18323,0
vdjdb_full_10218,RLRAEAQVK_HLA-A*03:01,tcr6211,1
vdjdb_full_10218_ss_3_n0,RLRAEAQVK_HLA-A*03:01,tcr8705,0
vdjdb_full_10278,RLRAEAQVK_HLA-A*03:01,tcr8005,1
vdjdb_full_10278_ss_3_n0,RLRAEAQVK_HLA-A*03:01,tcr13369,0
vdjdb_full_10172,RLRAEAQVK_HLA-A*03:01,tcr10386,1
vdjdb_full_10172_ss_3_n0,RLRAEAQVK_HLA-A*03:01,tcr9810,0
vdjdb_full_9979,RLRAEAQVK_HLA-A*03:01,tcr18140,1
vdjdb_full_9979_ss_3_n0,RLRAEAQVK_HLA-A*03:01,tcr14044,0
vdjdb_full_10284,RLRAEAQVK_HLA-A*03:01,tcr1931,1
vdjdb_full_10284_ss_3_n0,RLRAEAQVK_HLA-A*03:01,tcr3549,0
vdjdb_full_10128,RLRAEAQVK_HLA-A*03:01,tcr8889,1
vdjdb_full_10128_ss_3_n0,RLRAEAQVK_HLA-A*03:01,tcr5565,0
vdjdb_full_10281,RLRAEAQVK_HLA-A*03:01,tcr17240,1
vdjdb_full_10281_ss_3_n0,RLRAEAQVK_HLA-A*03:01,tcr1778,0
vdjdb_full_10300,RLRAEAQVK_HLA-A*03:01,tcr16679,1
vdjdb_full_10300_ss_3_n0,RLRAEAQVK_HLA-A*03:01,tcr17125,0
vdjdb_full_10345,RLRAEAQVK_HLA-A*03:01,tcr12639,1
vdjdb_full_10345_ss_3_n0,RLRAEAQVK_HLA-A*03:01,tcr17435,0
vdjdb_full_10015,RLRAEAQVK_HLA-A*03:01,tcr15689,1
vdjdb_full_10015_ss_3_n0,RLRAEAQVK_HLA-A*03:01,tcr7194,0
vdjdb_full_9996,RLRAEAQVK_HLA-A*03:01,tcr10939,1
vdjdb_full_9996_ss_3_n0,RLRAEAQVK_HLA-A*03:01,tcr15646,0
vdjdb_full_10360,RLRAEAQVK_HLA-A*03:01,tcr15475,1
vdjdb_full_10360_ss_3_n0,RLRAEAQVK_HLA-A*03:01,tcr4025,0
vdjdb_full_10000,RLRAEAQVK_HLA-A*03:01,tcr14718,1
vdjdb_full_10000_ss_3_n0,RLRAEAQVK_HLA-A*03:01,tcr13563,0
vdjdb_full_10145,RLRAEAQVK_HLA-A*03:01,tcr10257,1
vdjdb_full_10145_ss_3_n0,RLRAEAQVK_HLA-A*03:01,tcr8162,0
vdjdb_full_10116,RLRAEAQVK_HLA-A*03:01,tcr4363,1
vdjdb_full_10116_ss_3_n0,RLRAEAQVK_HLA-A*03:01,tcr9479,0
vdjdb_full_10079,RLRAEAQVK_HLA-A*03:01,tcr2334,1
vdjdb_full_10079_ss_3_n0,RLRAEAQVK_HLA-A*03:01,tcr6201,0
vdjdb_full_10034,RLRAEAQVK_HLA-A*03:01,tcr9666,1
vdjdb_full_10034_ss_3_n0,RLRAEAQVK_HLA-A*03:01,tcr14461,0
vdjdb_full_10103,RLRAEAQVK_HLA-A*03:01,tcr4035,1
vdjdb_full_10103_ss_3_n0,RLRAEAQVK_HLA-A*03:01,tcr17586,0
vdjdb_full_10078,RLRAEAQVK_HLA-A*03:01,tcr9241,1
vdjdb_full_10078_ss_3_n0,RLRAEAQVK_HLA-A*03:01,tcr1586,0
vdjdb_full_10161,RLRAEAQVK_HLA-A*03:01,tcr4356,1
vdjdb_full_10161_ss_3_n0,RLRAEAQVK_HLA-A*03:01,tcr11548,0
vdjdb_full_9975,RLRAEAQVK_HLA-A*03:01,tcr12621,1
vdjdb_full_9975_ss_3_n0,RLRAEAQVK_HLA-A*03:01,tcr11994,0
vdjdb_full_10301,RLRAEAQVK_HLA-A*03:01,tcr5718,1
vdjdb_full_10301_ss_3_n0,RLRAEAQVK_HLA-A*03:01,tcr7635,0
vdjdb_full_10368,RLRAEAQVK_HLA-A*03:01,tcr716,1
vdjdb_full_10368_ss_3_n0,RLRAEAQVK_HLA-A*03:01,tcr5901,0
vdjdb_full_10092,RLRAEAQVK_HLA-A*03:01,tcr7771,1
vdjdb_full_10092_ss_3_n0,RLRAEAQVK_HLA-A*03:01,tcr4519,0
vdjdb_full_10268,RLRAEAQVK_HLA-A*03:01,tcr8375,1
vdjdb_full_10268_ss_3_n0,RLRAEAQVK_HLA-A*03:01,tcr2341,0
vdjdb_full_10141,RLRAEAQVK_HLA-A*03:01,tcr16143,1
vdjdb_full_10141_ss_3_n0,RLRAEAQVK_HLA-A*03:01,tcr5545,0
vdjdb_full_10059,RLRAEAQVK_HLA-A*03:01,tcr3655,1
vdjdb_full_10059_ss_3_n0,RLRAEAQVK_HLA-A*03:01,tcr11503,0
vdjdb_full_10075,RLRAEAQVK_HLA-A*03:01,tcr10899,1
vdjdb_full_10075_ss_3_n0,RLRAEAQVK_HLA-A*03:01,tcr6079,0
vdjdb_full_10026,RLRAEAQVK_HLA-A*03:01,tcr11094,1
vdjdb_full_10026_ss_3_n0,RLRAEAQVK_HLA-A*03:01,tcr5839,0
vdjdb_full_10074,RLRAEAQVK_HLA-A*03:01,tcr17976,1
vdjdb_full_10074_ss_3_n0,RLRAEAQVK_HLA-A*03:01,tcr9352,0
vdjdb_full_10150,RLRAEAQVK_HLA-A*03:01,tcr14971,1
vdjdb_full_10150_ss_3_n0,RLRAEAQVK_HLA-A*03:01,tcr15946,0
vdjdb_full_9976,RLRAEAQVK_HLA-A*03:01,tcr17506,1
vdjdb_full_9976_ss_3_n0,RLRAEAQVK_HLA-A*03:01,tcr3323,0
vdjdb_full_10146,RLRAEAQVK_HLA-A*03:01,tcr15245,1
vdjdb_full_10146_ss_3_n0,RLRAEAQVK_HLA-A*03:01,tcr8527,0
vdjdb_full_10163,RLRAEAQVK_HLA-A*03:01,tcr1279,1
vdjdb_full_10163_ss_3_n0,RLRAEAQVK_HLA-A*03:01,tcr5764,0
vdjdb_full_10095,RLRAEAQVK_HLA-A*03:01,tcr11370,1
vdjdb_full_10095_ss_3_n0,RLRAEAQVK_HLA-A*03:01,tcr8341,0
vdjdb_full_10048,RLRAEAQVK_HLA-A*03:01,tcr17737,1
vdjdb_full_10048_ss_3_n0,RLRAEAQVK_HLA-A*03:01,tcr10175,0
vdjdb_full_10333,RLRAEAQVK_HLA-A*03:01,tcr1386,1
vdjdb_full_10333_ss_3_n0,RLRAEAQVK_HLA-A*03:01,tcr4940,0
vdjdb_full_10111,RLRAEAQVK_HLA-A*03:01,tcr7155,1
vdjdb_full_10111_ss_3_n0,RLRAEAQVK_HLA-A*03:01,tcr16063,0
vdjdb_full_10204,RLRAEAQVK_HLA-A*03:01,tcr7092,1
vdjdb_full_10204_ss_3_n0,RLRAEAQVK_HLA-A*03:01,tcr16007,0
vdjdb_full_10041,RLRAEAQVK_HLA-A*03:01,tcr2804,1
vdjdb_full_10041_ss_3_n0,RLRAEAQVK_HLA-A*03:01,tcr16152,0
vdjdb_full_10058,RLRAEAQVK_HLA-A*03:01,tcr12606,1
vdjdb_full_10058_ss_3_n0,RLRAEAQVK_HLA-A*03:01,tcr9542,0
vdjdb_full_10031,RLRAEAQVK_HLA-A*03:01,tcr16864,1
vdjdb_full_10031_ss_3_n0,RLRAEAQVK_HLA-A*03:01,tcr4197,0
vdjdb_full_9981,RLRAEAQVK_HLA-A*03:01,tcr2824,1
vdjdb_full_9981_ss_3_n0,RLRAEAQVK_HLA-A*03:01,tcr11059,0
vdjdb_full_9991,RLRAEAQVK_HLA-A*03:01,tcr170,1
vdjdb_full_9991_ss_3_n0,RLRAEAQVK_HLA-A*03:01,tcr17235,0
vdjdb_full_10136,RLRAEAQVK_HLA-A*03:01,tcr593,1
vdjdb_full_10136_ss_3_n0,RLRAEAQVK_HLA-A*03:01,tcr2088,0
vdjdb_full_10170,RLRAEAQVK_HLA-A*03:01,tcr16682,1
vdjdb_full_10170_ss_3_n0,RLRAEAQVK_HLA-A*03:01,tcr17599,0
vdjdb_full_10174,RLRAEAQVK_HLA-A*03:01,tcr18230,1
vdjdb_full_10174_ss_3_n0,RLRAEAQVK_HLA-A*03:01,tcr5038,0
vdjdb_full_10022,RLRAEAQVK_HLA-A*03:01,tcr6302,1
vdjdb_full_10022_ss_3_n0,RLRAEAQVK_HLA-A*03:01,tcr2433,0
vdjdb_full_10032,RLRAEAQVK_HLA-A*03:01,tcr8122,1
vdjdb_full_10032_ss_3_n0,RLRAEAQVK_HLA-A*03:01,tcr2259,0
vdjdb_full_10096,RLRAEAQVK_HLA-A*03:01,tcr7907,1
vdjdb_full_10096_ss_3_n0,RLRAEAQVK_HLA-A*03:01,tcr17087,0
vdjdb_full_10201,RLRAEAQVK_HLA-A*03:01,tcr6754,1
vdjdb_full_10201_ss_3_n0,RLRAEAQVK_HLA-A*03:01,tcr1451,0
vdjdb_full_10364,RLRAEAQVK_HLA-A*03:01,tcr4698,1
vdjdb_full_10364_ss_3_n0,RLRAEAQVK_HLA-A*03:01,tcr11064,0
vdjdb_full_10185,RLRAEAQVK_HLA-A*03:01,tcr8511,1
vdjdb_full_10185_ss_3_n0,RLRAEAQVK_HLA-A*03:01,tcr17788,0
vdjdb_full_10334,RLRAEAQVK_HLA-A*03:01,tcr12847,1
vdjdb_full_10334_ss_3_n0,RLRAEAQVK_HLA-A*03:01,tcr8582,0
vdjdb_full_10190,RLRAEAQVK_HLA-A*03:01,tcr7299,1
vdjdb_full_10190_ss_3_n0,RLRAEAQVK_HLA-A*03:01,tcr8427,0
vdjdb_full_10359,RLRAEAQVK_HLA-A*03:01,tcr16693,1
vdjdb_full_10359_ss_3_n0,RLRAEAQVK_HLA-A*03:01,tcr12934,0
vdjdb_full_10180,RLRAEAQVK_HLA-A*03:01,tcr14982,1
vdjdb_full_10180_ss_3_n0,RLRAEAQVK_HLA-A*03:01,tcr10945,0
vdjdb_full_10258,RLRAEAQVK_HLA-A*03:01,tcr4739,1
vdjdb_full_10258_ss_3_n0,RLRAEAQVK_HLA-A*03:01,tcr6314,0
vdjdb_full_10005,RLRAEAQVK_HLA-A*03:01,tcr8461,1
vdjdb_full_10005_ss_3_n0,RLRAEAQVK_HLA-A*03:01,tcr4258,0
vdjdb_full_10047,RLRAEAQVK_HLA-A*03:01,tcr11542,1
vdjdb_full_10047_ss_3_n0,RLRAEAQVK_HLA-A*03:01,tcr11781,0
vdjdb_full_10086,RLRAEAQVK_HLA-A*03:01,tcr5083,1
vdjdb_full_10086_ss_3_n0,RLRAEAQVK_HLA-A*03:01,tcr707,0
vdjdb_full_10249,RLRAEAQVK_HLA-A*03:01,tcr6922,1
vdjdb_full_10249_ss_3_n0,RLRAEAQVK_HLA-A*03:01,tcr16609,0
vdjdb_full_10113,RLRAEAQVK_HLA-A*03:01,tcr11119,1
vdjdb_full_10113_ss_3_n0,RLRAEAQVK_HLA-A*03:01,tcr9644,0
vdjdb_full_9968,RLRAEAQVK_HLA-A*03:01,tcr7130,1
vdjdb_full_9968_ss_3_n0,RLRAEAQVK_HLA-A*03:01,tcr4925,0
vdjdb_full_10084,RLRAEAQVK_HLA-A*03:01,tcr3189,1
vdjdb_full_10084_ss_3_n0,RLRAEAQVK_HLA-A*03:01,tcr15580,0
vdjdb_full_10117,RLRAEAQVK_HLA-A*03:01,tcr12660,1
vdjdb_full_10117_ss_3_n0,RLRAEAQVK_HLA-A*03:01,tcr3217,0
vdjdb_full_10003,RLRAEAQVK_HLA-A*03:01,tcr7529,1
vdjdb_full_10003_ss_3_n0,RLRAEAQVK_HLA-A*03:01,tcr15602,0
vdjdb_full_10018,RLRAEAQVK_HLA-A*03:01,tcr13964,1
vdjdb_full_10018_ss_3_n0,RLRAEAQVK_HLA-A*03:01,tcr8805,0
vdjdb_full_10341,RLRAEAQVK_HLA-A*03:01,tcr1638,1
vdjdb_full_10341_ss_3_n0,RLRAEAQVK_HLA-A*03:01,tcr14682,0
vdjdb_full_10191,RLRAEAQVK_HLA-A*03:01,tcr16028,1
vdjdb_full_10191_ss_3_n0,RLRAEAQVK_HLA-A*03:01,tcr16946,0
vdjdb_full_10179,RLRAEAQVK_HLA-A*03:01,tcr6162,1
vdjdb_full_10179_ss_3_n0,RLRAEAQVK_HLA-A*03:01,tcr1999,0
vdjdb_full_10065,RLRAEAQVK_HLA-A*03:01,tcr16104,1
vdjdb_full_10065_ss_3_n0,RLRAEAQVK_HLA-A*03:01,tcr13764,0
vdjdb_full_10355,RLRAEAQVK_HLA-A*03:01,tcr11854,1
vdjdb_full_10355_ss_3_n0,RLRAEAQVK_HLA-A*03:01,tcr2893,0
vdjdb_full_10239,RLRAEAQVK_HLA-A*03:01,tcr16422,1
vdjdb_full_10239_ss_3_n0,RLRAEAQVK_HLA-A*03:01,tcr2477,0
vdjdb_full_9988,RLRAEAQVK_HLA-A*03:01,tcr7400,1
vdjdb_full_9988_ss_3_n0,RLRAEAQVK_HLA-A*03:01,tcr7856,0
vdjdb_full_9987,RLRAEAQVK_HLA-A*03:01,tcr3027,1
vdjdb_full_9987_ss_3_n0,RLRAEAQVK_HLA-A*03:01,tcr8960,0
vdjdb_full_10323,RLRAEAQVK_HLA-A*03:01,tcr14520,1
vdjdb_full_10323_ss_3_n0,RLRAEAQVK_HLA-A*03:01,tcr12617,0
vdjdb_full_10230,RLRAEAQVK_HLA-A*03:01,tcr12356,1
vdjdb_full_10230_ss_3_n0,RLRAEAQVK_HLA-A*03:01,tcr10712,0
vdjdb_full_10135,RLRAEAQVK_HLA-A*03:01,tcr16224,1
vdjdb_full_10135_ss_3_n0,RLRAEAQVK_HLA-A*03:01,tcr17340,0
vdjdb_full_10292,RLRAEAQVK_HLA-A*03:01,tcr3264,1
vdjdb_full_10292_ss_3_n0,RLRAEAQVK_HLA-A*03:01,tcr15365,0
vdjdb_full_10370,RLRAEAQVK_HLA-A*03:01,tcr5517,1
vdjdb_full_10370_ss_3_n0,RLRAEAQVK_HLA-A*03:01,tcr5612,0
vdjdb_full_10247,RLRAEAQVK_HLA-A*03:01,tcr5630,1
vdjdb_full_10247_ss_3_n0,RLRAEAQVK_HLA-A*03:01,tcr17349,0
vdjdb_full_9972,RLRAEAQVK_HLA-A*03:01,tcr15026,1
vdjdb_full_9972_ss_3_n0,RLRAEAQVK_HLA-A*03:01,tcr524,0
vdjdb_full_9998,RLRAEAQVK_HLA-A*03:01,tcr15892,1
vdjdb_full_9998_ss_3_n0,RLRAEAQVK_HLA-A*03:01,tcr6977,0
vdjdb_full_10219,RLRAEAQVK_HLA-A*03:01,tcr7996,1
vdjdb_full_10219_ss_3_n0,RLRAEAQVK_HLA-A*03:01,tcr2782,0
vdjdb_full_10077,RLRAEAQVK_HLA-A*03:01,tcr11845,1
vdjdb_full_10077_ss_3_n0,RLRAEAQVK_HLA-A*03:01,tcr18149,0
vdjdb_full_10107,RLRAEAQVK_HLA-A*03:01,tcr17700,1
vdjdb_full_10107_ss_3_n0,RLRAEAQVK_HLA-A*03:01,tcr12076,0
vdjdb_full_10276,RLRAEAQVK_HLA-A*03:01,tcr15137,1
vdjdb_full_10276_ss_3_n0,RLRAEAQVK_HLA-A*03:01,tcr9820,0
vdjdb_full_10016,RLRAEAQVK_HLA-A*03:01,tcr10435,1
vdjdb_full_10016_ss_3_n0,RLRAEAQVK_HLA-A*03:01,tcr5992,0
vdjdb_full_10845,SPRWYFYYL_HLA-B*07:02,tcr18156,1
vdjdb_full_10845_ss_3_n0,SPRWYFYYL_HLA-B*07:02,tcr12072,0
vdjdb_full_11031,SPRWYFYYL_HLA-B*07:02,tcr14502,1
vdjdb_full_11031_ss_3_n0,SPRWYFYYL_HLA-B*07:02,tcr2534,0
vdjdb_full_11005,SPRWYFYYL_HLA-B*07:02,tcr1435,1
vdjdb_full_11005_ss_3_n0,SPRWYFYYL_HLA-B*07:02,tcr6957,0
vdjdb_full_10922,SPRWYFYYL_HLA-B*07:02,tcr7021,1
vdjdb_full_10922_ss_3_n0,SPRWYFYYL_HLA-B*07:02,tcr6014,0
vdjdb_full_10843,SPRWYFYYL_HLA-B*07:02,tcr13350,1
vdjdb_full_10843_ss_3_n0,SPRWYFYYL_HLA-B*07:02,tcr6502,0
vdjdb_full_10963,SPRWYFYYL_HLA-B*07:02,tcr13513,1
vdjdb_full_10963_ss_3_n0,SPRWYFYYL_HLA-B*07:02,tcr10134,0
vdjdb_full_10994,SPRWYFYYL_HLA-B*07:02,tcr15143,1
vdjdb_full_10994_ss_3_n0,SPRWYFYYL_HLA-B*07:02,tcr17122,0
vdjdb_full_10915,SPRWYFYYL_HLA-B*07:02,tcr5616,1
vdjdb_full_10915_ss_3_n0,SPRWYFYYL_HLA-B*07:02,tcr12377,0
vdjdb_full_10967,SPRWYFYYL_HLA-B*07:02,tcr15896,1
vdjdb_full_10967_ss_3_n0,SPRWYFYYL_HLA-B*07:02,tcr16008,0
vdjdb_full_10873,SPRWYFYYL_HLA-B*07:02,tcr9659,1
vdjdb_full_10873_ss_3_n0,SPRWYFYYL_HLA-B*07:02,tcr15637,0
vdjdb_full_10761,SPRWYFYYL_HLA-B*07:02,tcr5685,1
vdjdb_full_10761_ss_3_n0,SPRWYFYYL_HLA-B*07:02,tcr16942,0
vdjdb_full_10811,SPRWYFYYL_HLA-B*07:02,tcr8840,1
vdjdb_full_10811_ss_3_n0,SPRWYFYYL_HLA-B*07:02,tcr3844,0
vdjdb_full_10856,SPRWYFYYL_HLA-B*07:02,tcr5409,1
vdjdb_full_10856_ss_3_n0,SPRWYFYYL_HLA-B*07:02,tcr17852,0
vdjdb_full_10813,SPRWYFYYL_HLA-B*07:02,tcr5755,1
vdjdb_full_10813_ss_3_n0,SPRWYFYYL_HLA-B*07:02,tcr2747,0
vdjdb_full_10861,SPRWYFYYL_HLA-B*07:02,tcr4423,1
vdjdb_full_10861_ss_3_n0,SPRWYFYYL_HLA-B*07:02,tcr5482,0
vdjdb_full_10722,SPRWYFYYL_HLA-B*07:02,tcr1536,1
vdjdb_full_10722_ss_3_n0,SPRWYFYYL_HLA-B*07:02,tcr9666,0
vdjdb_full_10987,SPRWYFYYL_HLA-B*07:02,tcr1999,1
vdjdb_full_10987_ss_3_n0,SPRWYFYYL_HLA-B*07:02,tcr9334,0
vdjdb_full_10763,SPRWYFYYL_HLA-B*07:02,tcr8649,1
vdjdb_full_10763_ss_3_n0,SPRWYFYYL_HLA-B*07:02,tcr3597,0
vdjdb_full_10741,SPRWYFYYL_HLA-B*07:02,tcr5735,1
vdjdb_full_10741_ss_3_n0,SPRWYFYYL_HLA-B*07:02,tcr10795,0
vdjdb_full_10805,SPRWYFYYL_HLA-B*07:02,tcr3087,1
vdjdb_full_10805_ss_3_n0,SPRWYFYYL_HLA-B*07:02,tcr476,0
vdjdb_full_10921,SPRWYFYYL_HLA-B*07:02,tcr14275,1
vdjdb_full_10921_ss_3_n0,SPRWYFYYL_HLA-B*07:02,tcr4780,0
vdjdb_full_10728,SPRWYFYYL_HLA-B*07:02,tcr6716,1
vdjdb_full_10728_ss_3_n0,SPRWYFYYL_HLA-B*07:02,tcr18352,0
vdjdb_full_10870,SPRWYFYYL_HLA-B*07:02,tcr15218,1
vdjdb_full_10870_ss_3_n0,SPRWYFYYL_HLA-B*07:02,tcr12559,0
vdjdb_full_10961,SPRWYFYYL_HLA-B*07:02,tcr14504,1
vdjdb_full_10961_ss_3_n0,SPRWYFYYL_HLA-B*07:02,tcr11480,0
vdjdb_full_10768,SPRWYFYYL_HLA-B*07:02,tcr15518,1
vdjdb_full_10768_ss_3_n0,SPRWYFYYL_HLA-B*07:02,tcr14520,0
vdjdb_full_10707,SPRWYFYYL_HLA-B*07:02,tcr3323,1
vdjdb_full_10707_ss_3_n0,SPRWYFYYL_HLA-B*07:02,tcr9915,0
vdjdb_full_10926,SPRWYFYYL_HLA-B*07:02,tcr15091,1
vdjdb_full_10926_ss_3_n0,SPRWYFYYL_HLA-B*07:02,tcr9666,0
vdjdb_full_10691,SPRWYFYYL_HLA-B*07:02,tcr17713,1
vdjdb_full_10691_ss_3_n0,SPRWYFYYL_HLA-B*07:02,tcr16942,0
vdjdb_full_10779,SPRWYFYYL_HLA-B*07:02,tcr15146,1
vdjdb_full_10779_ss_3_n0,SPRWYFYYL_HLA-B*07:02,tcr194,0
vdjdb_full_10883,SPRWYFYYL_HLA-B*07:02,tcr16653,1
vdjdb_full_10883_ss_3_n0,SPRWYFYYL_HLA-B*07:02,tcr9885,0
vdjdb_full_10984,SPRWYFYYL_HLA-B*07:02,tcr4433,1
vdjdb_full_10984_ss_3_n0,SPRWYFYYL_HLA-B*07:02,tcr14332,0
vdjdb_full_10865,SPRWYFYYL_HLA-B*07:02,tcr4093,1
vdjdb_full_10865_ss_3_n0,SPRWYFYYL_HLA-B*07:02,tcr4446,0
vdjdb_full_10704,SPRWYFYYL_HLA-B*07:02,tcr8123,1
vdjdb_full_10704_ss_3_n0,SPRWYFYYL_HLA-B*07:02,tcr8878,0
vdjdb_full_10806,SPRWYFYYL_HLA-B*07:02,tcr15701,1
vdjdb_full_10806_ss_3_n0,SPRWYFYYL_HLA-B*07:02,tcr13106,0
vdjdb_full_10971,SPRWYFYYL_HLA-B*07:02,tcr12480,1
vdjdb_full_10971_ss_3_n0,SPRWYFYYL_HLA-B*07:02,tcr325,0
vdjdb_full_10740,SPRWYFYYL_HLA-B*07:02,tcr3860,1
vdjdb_full_10740_ss_3_n0,SPRWYFYYL_HLA-B*07:02,tcr5715,0
vdjdb_full_10725,SPRWYFYYL_HLA-B*07:02,tcr4003,1
vdjdb_full_10725_ss_3_n0,SPRWYFYYL_HLA-B*07:02,tcr16847,0
vdjdb_full_10713,SPRWYFYYL_HLA-B*07:02,tcr1065,1
vdjdb_full_10713_ss_3_n0,SPRWYFYYL_HLA-B*07:02,tcr2187,0
vdjdb_full_10896,SPRWYFYYL_HLA-B*07:02,tcr3975,1
vdjdb_full_10896_ss_3_n0,SPRWYFYYL_HLA-B*07:02,tcr14748,0
vdjdb_full_10999,SPRWYFYYL_HLA-B*07:02,tcr11747,1
vdjdb_full_10999_ss_3_n0,SPRWYFYYL_HLA-B*07:02,tcr2885,0
vdjdb_full_10800,SPRWYFYYL_HLA-B*07:02,tcr1659,1
vdjdb_full_10800_ss_3_n0,SPRWYFYYL_HLA-B*07:02,tcr9765,0
vdjdb_full_10770,SPRWYFYYL_HLA-B*07:02,tcr13986,1
vdjdb_full_10770_ss_3_n0,SPRWYFYYL_HLA-B*07:02,tcr17278,0
vdjdb_full_11027,SPRWYFYYL_HLA-B*07:02,tcr8489,1
vdjdb_full_11027_ss_3_n0,SPRWYFYYL_HLA-B*07:02,tcr10,0
vdjdb_full_10685,SPRWYFYYL_HLA-B*07:02,tcr8330,1
vdjdb_full_10685_ss_3_n0,SPRWYFYYL_HLA-B*07:02,tcr11848,0
vdjdb_full_10937,SPRWYFYYL_HLA-B*07:02,tcr5596,1
vdjdb_full_10937_ss_3_n0,SPRWYFYYL_HLA-B*07:02,tcr9972,0
vdjdb_full_10840,SPRWYFYYL_HLA-B*07:02,tcr18038,1
vdjdb_full_10840_ss_3_n0,SPRWYFYYL_HLA-B*07:02,tcr13674,0
vdjdb_full_10742,SPRWYFYYL_HLA-B*07:02,tcr5307,1
vdjdb_full_10742_ss_3_n0,SPRWYFYYL_HLA-B*07:02,tcr16397,0
vdjdb_full_10978,SPRWYFYYL_HLA-B*07:02,tcr9786,1
vdjdb_full_10978_ss_3_n0,SPRWYFYYL_HLA-B*07:02,tcr13272,0
vdjdb_full_10759,SPRWYFYYL_HLA-B*07:02,tcr10199,1
vdjdb_full_10759_ss_3_n0,SPRWYFYYL_HLA-B*07:02,tcr9526,0
vdjdb_full_11013,SPRWYFYYL_HLA-B*07:02,tcr1403,1
vdjdb_full_11013_ss_3_n0,SPRWYFYYL_HLA-B*07:02,tcr1680,0
vdjdb_full_11028,SPRWYFYYL_HLA-B*07:02,tcr4525,1
vdjdb_full_11028_ss_3_n0,SPRWYFYYL_HLA-B*07:02,tcr12179,0
vdjdb_full_10683,SPRWYFYYL_HLA-B*07:02,tcr11965,1
vdjdb_full_10683_ss_3_n0,SPRWYFYYL_HLA-B*07:02,tcr6926,0
vdjdb_full_10795,SPRWYFYYL_HLA-B*07:02,tcr7540,1
vdjdb_full_10795_ss_3_n0,SPRWYFYYL_HLA-B*07:02,tcr16534,0
vdjdb_full_10796,SPRWYFYYL_HLA-B*07:02,tcr17447,1
vdjdb_full_10796_ss_3_n0,SPRWYFYYL_HLA-B*07:02,tcr1225,0
vdjdb_full_10928,SPRWYFYYL_HLA-B*07:02,tcr3357,1
vdjdb_full_10928_ss_3_n0,SPRWYFYYL_HLA-B*07:02,tcr11954,0
vdjdb_full_10975,SPRWYFYYL_HLA-B*07:02,tcr16014,1
vdjdb_full_10975_ss_3_n0,SPRWYFYYL_HLA-B*07:02,tcr5278,0
vdjdb_full_10730,SPRWYFYYL_HLA-B*07:02,tcr16734,1
vdjdb_full_10730_ss_3_n0,SPRWYFYYL_HLA-B*07:02,tcr12328,0
vdjdb_full_10891,SPRWYFYYL_HLA-B*07:02,tcr11495,1
vdjdb_full_10891_ss_3_n0,SPRWYFYYL_HLA-B*07:02,tcr4375,0
vdjdb_full_10758,SPRWYFYYL_HLA-B*07:02,tcr4542,1
vdjdb_full_10758_ss_3_n0,SPRWYFYYL_HLA-B*07:02,tcr6054,0
vdjdb_full_10801,SPRWYFYYL_HLA-B*07:02,tcr2792,1
vdjdb_full_10801_ss_3_n0,SPRWYFYYL_HLA-B*07:02,tcr12036,0
vdjdb_full_10864,SPRWYFYYL_HLA-B*07:02,tcr13097,1
vdjdb_full_10864_ss_3_n0,SPRWYFYYL_HLA-B*07:02,tcr14434,0
vdjdb_full_10716,SPRWYFYYL_HLA-B*07:02,tcr1325,1
vdjdb_full_10716_ss_3_n0,SPRWYFYYL_HLA-B*07:02,tcr11456,0
vdjdb_full_10748,SPRWYFYYL_HLA-B*07:02,tcr14463,1
vdjdb_full_10748_ss_3_n0,SPRWYFYYL_HLA-B*07:02,tcr17302,0
vdjdb_full_11029,SPRWYFYYL_HLA-B*07:02,tcr13292,1
vdjdb_full_11029_ss_3_n0,SPRWYFYYL_HLA-B*07:02,tcr6183,0
vdjdb_full_10762,SPRWYFYYL_HLA-B*07:02,tcr2234,1
vdjdb_full_10762_ss_3_n0,SPRWYFYYL_HLA-B*07:02,tcr10905,0
vdjdb_full_10781,SPRWYFYYL_HLA-B*07:02,tcr18100,1
vdjdb_full_10781_ss_3_n0,SPRWYFYYL_HLA-B*07:02,tcr588,0
vdjdb_full_10869,SPRWYFYYL_HLA-B*07:02,tcr17927,1
vdjdb_full_10869_ss_3_n0,SPRWYFYYL_HLA-B*07:02,tcr1014,0
vdjdb_full_10867,SPRWYFYYL_HLA-B*07:02,tcr5920,1
vdjdb_full_10867_ss_3_n0,SPRWYFYYL_HLA-B*07:02,tcr2602,0
vdjdb_full_10887,SPRWYFYYL_HLA-B*07:02,tcr10093,1
vdjdb_full_10887_ss_3_n0,SPRWYFYYL_HLA-B*07:02,tcr14487,0
vdjdb_full_11016,SPRWYFYYL_HLA-B*07:02,tcr15783,1
vdjdb_full_11016_ss_3_n0,SPRWYFYYL_HLA-B*07:02,tcr17394,0
vdjdb_full_10916,SPRWYFYYL_HLA-B*07:02,tcr7891,1
vdjdb_full_10916_ss_3_n0,SPRWYFYYL_HLA-B*07:02,tcr6821,0
vdjdb_full_10764,SPRWYFYYL_HLA-B*07:02,tcr8335,1
vdjdb_full_10764_ss_3_n0,SPRWYFYYL_HLA-B*07:02,tcr1042,0
vdjdb_full_10776,SPRWYFYYL_HLA-B*07:02,tcr13555,1
vdjdb_full_10776_ss_3_n0,SPRWYFYYL_HLA-B*07:02,tcr11246,0
vdjdb_full_10698,SPRWYFYYL_HLA-B*07:02,tcr353,1
vdjdb_full_10698_ss_3_n0,SPRWYFYYL_HLA-B*07:02,tcr1484,0
vdjdb_full_10751,SPRWYFYYL_HLA-B*07:02,tcr8312,1
vdjdb_full_10751_ss_3_n0,SPRWYFYYL_HLA-B*07:02,tcr15717,0
vdjdb_full_10977,SPRWYFYYL_HLA-B*07:02,tcr13199,1
vdjdb_full_10977_ss_3_n0,SPRWYFYYL_HLA-B*07:02,tcr9503,0
vdjdb_full_10688,SPRWYFYYL_HLA-B*07:02,tcr9439,1
vdjdb_full_10688_ss_3_n0,SPRWYFYYL_HLA-B*07:02,tcr15547,0
vdjdb_full_10797,SPRWYFYYL_HLA-B*07:02,tcr3064,1
vdjdb_full_10797_ss_3_n0,SPRWYFYYL_HLA-B*07:02,tcr17203,0
vdjdb_full_10890,SPRWYFYYL_HLA-B*07:02,tcr6520,1
vdjdb_full_10890_ss_3_n0,SPRWYFYYL_HLA-B*07:02,tcr15636,0
vdjdb_full_11000,SPRWYFYYL_HLA-B*07:02,tcr172,1
vdjdb_full_11000_ss_3_n0,SPRWYFYYL_HLA-B*07:02,tcr8568,0
vdjdb_full_11002,SPRWYFYYL_HLA-B*07:02,tcr11927,1
vdjdb_full_11002_ss_3_n0,SPRWYFYYL_HLA-B*07:02,tcr1387,0
vdjdb_full_10825,SPRWYFYYL_HLA-B*07:02,tcr13044,1
vdjdb_full_10825_ss_3_n0,SPRWYFYYL_HLA-B*07:02,tcr2425,0
vdjdb_full_10841,SPRWYFYYL_HLA-B*07:02,tcr6368,1
vdjdb_full_10841_ss_3_n0,SPRWYFYYL_HLA-B*07:02,tcr2534,0
vdjdb_full_10788,SPRWYFYYL_HLA-B*07:02,tcr27,1
vdjdb_full_10788_ss_3_n0,SPRWYFYYL_HLA-B*07:02,tcr3044,0
vdjdb_full_10951,SPRWYFYYL_HLA-B*07:02,tcr16960,1
vdjdb_full_10951_ss_3_n0,SPRWYFYYL_HLA-B*07:02,tcr11454,0
vdjdb_full_10745,SPRWYFYYL_HLA-B*07:02,tcr4621,1
vdjdb_full_10745_ss_3_n0,SPRWYFYYL_HLA-B*07:02,tcr16483,0
vdjdb_full_11036,SPRWYFYYL_HLA-B*07:02,tcr1478,1
vdjdb_full_11036_ss_3_n0,SPRWYFYYL_HLA-B*07:02,tcr5160,0
vdjdb_full_10936,SPRWYFYYL_HLA-B*07:02,tcr326,1
vdjdb_full_10936_ss_3_n0,SPRWYFYYL_HLA-B*07:02,tcr372,0
vdjdb_full_10938,SPRWYFYYL_HLA-B*07:02,tcr8431,1
vdjdb_full_10938_ss_3_n0,SPRWYFYYL_HLA-B*07:02,tcr8410,0
vdjdb_full_10898,SPRWYFYYL_HLA-B*07:02,tcr17599,1
vdjdb_full_10898_ss_3_n0,SPRWYFYYL_HLA-B*07:02,tcr6679,0
vdjdb_full_11004,SPRWYFYYL_HLA-B*07:02,tcr617,1
vdjdb_full_11004_ss_3_n0,SPRWYFYYL_HLA-B*07:02,tcr4680,0
vdjdb_full_10699,SPRWYFYYL_HLA-B*07:02,tcr597,1
vdjdb_full_10699_ss_3_n0,SPRWYFYYL_HLA-B*07:02,tcr3873,0
vdjdb_full_10828,SPRWYFYYL_HLA-B*07:02,tcr6194,1
vdjdb_full_10828_ss_3_n0,SPRWYFYYL_HLA-B*07:02,tcr1000,0
vdjdb_full_10706,SPRWYFYYL_HLA-B*07:02,tcr5992,1
vdjdb_full_10706_ss_3_n0,SPRWYFYYL_HLA-B*07:02,tcr12504,0
vdjdb_full_10997,SPRWYFYYL_HLA-B*07:02,tcr4685,1
vdjdb_full_10997_ss_3_n0,SPRWYFYYL_HLA-B*07:02,tcr12941,0
vdjdb_full_11021,SPRWYFYYL_HLA-B*07:02,tcr3244,1
vdjdb_full_11021_ss_3_n0,SPRWYFYYL_HLA-B*07:02,tcr3837,0
vdjdb_full_10910,SPRWYFYYL_HLA-B*07:02,tcr16118,1
vdjdb_full_10910_ss_3_n0,SPRWYFYYL_HLA-B*07:02,tcr17282,0
vdjdb_full_10927,SPRWYFYYL_HLA-B*07:02,tcr17471,1
vdjdb_full_10927_ss_3_n0,SPRWYFYYL_HLA-B*07:02,tcr6493,0
vdjdb_full_11035,SPRWYFYYL_HLA-B*07:02,tcr17555,1
vdjdb_full_11035_ss_3_n0,SPRWYFYYL_HLA-B*07:02,tcr2140,0
vdjdb_full_10885,SPRWYFYYL_HLA-B*07:02,tcr583,1
vdjdb_full_10885_ss_3_n0,SPRWYFYYL_HLA-B*07:02,tcr12594,0
vdjdb_full_9290,YVLDHLIVV_HLA-A*02:01,tcr12247,1
vdjdb_full_9290_ss_3_n0,YVLDHLIVV_HLA-A*02:01,tcr5985,0
vdjdb_full_9517,YVLDHLIVV_HLA-A*02:01,tcr9134,1
vdjdb_full_9517_ss_3_n0,YVLDHLIVV_HLA-A*02:01,tcr1608,0
vdjdb_full_9367,YVLDHLIVV_HLA-A*02:01,tcr8515,1
vdjdb_full_9367_ss_3_n0,YVLDHLIVV_HLA-A*02:01,tcr4883,0
vdjdb_full_9255,YVLDHLIVV_HLA-A*02:01,tcr5235,1
vdjdb_full_9255_ss_3_n0,YVLDHLIVV_HLA-A*02:01,tcr7336,0
vdjdb_full_9394,YVLDHLIVV_HLA-A*02:01,tcr12365,1
vdjdb_full_9394_ss_3_n0,YVLDHLIVV_HLA-A*02:01,tcr16224,0
vdjdb_full_9382,YVLDHLIVV_HLA-A*02:01,tcr485,1
vdjdb_full_9382_ss_3_n0,YVLDHLIVV_HLA-A*02:01,tcr14983,0
vdjdb_full_9221,YVLDHLIVV_HLA-A*02:01,tcr8030,1
vdjdb_full_9221_ss_3_n0,YVLDHLIVV_HLA-A*02:01,tcr209,0
vdjdb_full_9443,YVLDHLIVV_HLA-A*02:01,tcr8218,1
vdjdb_full_9443_ss_3_n0,YVLDHLIVV_HLA-A*02:01,tcr12108,0
vdjdb_full_9392,YVLDHLIVV_HLA-A*02:01,tcr10449,1
vdjdb_full_9392_ss_3_n0,YVLDHLIVV_HLA-A*02:01,tcr9157,0
vdjdb_full_9204,YVLDHLIVV_HLA-A*02:01,tcr8530,1
vdjdb_full_9204_ss_3_n0,YVLDHLIVV_HLA-A*02:01,tcr4681,0
vdjdb_full_9299,YVLDHLIVV_HLA-A*02:01,tcr11700,1
vdjdb_full_9299_ss_3_n0,YVLDHLIVV_HLA-A*02:01,tcr3313,0
vdjdb_full_9420,YVLDHLIVV_HLA-A*02:01,tcr17718,1
vdjdb_full_9420_ss_3_n0,YVLDHLIVV_HLA-A*02:01,tcr15217,0
vdjdb_full_9512,YVLDHLIVV_HLA-A*02:01,tcr13285,1
vdjdb_full_9512_ss_3_n0,YVLDHLIVV_HLA-A*02:01,tcr13141,0
vdjdb_full_9242,YVLDHLIVV_HLA-A*02:01,tcr15584,1
vdjdb_full_9242_ss_3_n0,YVLDHLIVV_HLA-A*02:01,tcr8665,0
vdjdb_full_9325,YVLDHLIVV_HLA-A*02:01,tcr6545,1
vdjdb_full_9325_ss_3_n0,YVLDHLIVV_HLA-A*02:01,tcr12066,0
vdjdb_full_9261,YVLDHLIVV_HLA-A*02:01,tcr8589,1
vdjdb_full_9261_ss_3_n0,YVLDHLIVV_HLA-A*02:01,tcr12732,0
vdjdb_full_9377,YVLDHLIVV_HLA-A*02:01,tcr1668,1
vdjdb_full_9377_ss_3_n0,YVLDHLIVV_HLA-A*02:01,tcr4983,0
vdjdb_full_9307,YVLDHLIVV_HLA-A*02:01,tcr7352,1
vdjdb_full_9307_ss_3_n0,YVLDHLIVV_HLA-A*02:01,tcr11641,0
vdjdb_full_9236,YVLDHLIVV_HLA-A*02:01,tcr5389,1
vdjdb_full_9236_ss_3_n0,YVLDHLIVV_HLA-A*02:01,tcr6489,0
vdjdb_full_9188,YVLDHLIVV_HLA-A*02:01,tcr5986,1
vdjdb_full_9188_ss_3_n0,YVLDHLIVV_HLA-A*02:01,tcr13559,0
vdjdb_full_9514,YVLDHLIVV_HLA-A*02:01,tcr10609,1
vdjdb_full_9514_ss_3_n0,YVLDHLIVV_HLA-A*02:01,tcr333,0
vdjdb_full_9511,YVLDHLIVV_HLA-A*02:01,tcr93,1
vdjdb_full_9511_ss_3_n0,YVLDHLIVV_HLA-A*02:01,tcr16788,0
vdjdb_full_9501,YVLDHLIVV_HLA-A*02:01,tcr14101,1
vdjdb_full_9501_ss_3_n0,YVLDHLIVV_HLA-A*02:01,tcr3872,0
vdjdb_full_9293,YVLDHLIVV_HLA-A*02:01,tcr4774,1
vdjdb_full_9293_ss_3_n0,YVLDHLIVV_HLA-A*02:01,tcr15075,0
vdjdb_full_9288,YVLDHLIVV_HLA-A*02:01,tcr12086,1
vdjdb_full_9288_ss_3_n0,YVLDHLIVV_HLA-A*02:01,tcr10798,0
vdjdb_full_9313,YVLDHLIVV_HLA-A*02:01,tcr9453,1
vdjdb_full_9313_ss_3_n0,YVLDHLIVV_HLA-A*02:01,tcr3162,0
vdjdb_full_9357,YVLDHLIVV_HLA-A*02:01,tcr16638,1
vdjdb_full_9357_ss_3_n0,YVLDHLIVV_HLA-A*02:01,tcr2607,0
vdjdb_full_9291,YVLDHLIVV_HLA-A*02:01,tcr14494,1
vdjdb_full_9291_ss_3_n0,YVLDHLIVV_HLA-A*02:01,tcr18156,0
vdjdb_full_9225,YVLDHLIVV_HLA-A*02:01,tcr17573,1
vdjdb_full_9225_ss_3_n0,YVLDHLIVV_HLA-A*02:01,tcr10912,0
vdjdb_full_9251,YVLDHLIVV_HLA-A*02:01,tcr17502,1
vdjdb_full_9251_ss_3_n0,YVLDHLIVV_HLA-A*02:01,tcr15051,0
vdjdb_full_9273,YVLDHLIVV_HLA-A*02:01,tcr17560,1
vdjdb_full_9273_ss_3_n0,YVLDHLIVV_HLA-A*02:01,tcr5064,0
vdjdb_full_9321,YVLDHLIVV_HLA-A*02:01,tcr9437,1
vdjdb_full_9321_ss_3_n0,YVLDHLIVV_HLA-A*02:01,tcr8448,0
vdjdb_full_9385,YVLDHLIVV_HLA-A*02:01,tcr8700,1
vdjdb_full_9385_ss_3_n0,YVLDHLIVV_HLA-A*02:01,tcr14786,0
vdjdb_full_9184,YVLDHLIVV_HLA-A*02:01,tcr18068,1
vdjdb_full_9184_ss_3_n0,YVLDHLIVV_HLA-A*02:01,tcr16539,0
vdjdb_full_9463,YVLDHLIVV_HLA-A*02:01,tcr13020,1
vdjdb_full_9463_ss_3_n0,YVLDHLIVV_HLA-A*02:01,tcr9181,0
vdjdb_full_9297,YVLDHLIVV_HLA-A*02:01,tcr5219,1
vdjdb_full_9297_ss_3_n0,YVLDHLIVV_HLA-A*02:01,tcr1372,0
vdjdb_full_9458,YVLDHLIVV_HLA-A*02:01,tcr2124,1
vdjdb_full_9458_ss_3_n0,YVLDHLIVV_HLA-A*02:01,tcr17551,0
vdjdb_full_9484,YVLDHLIVV_HLA-A*02:01,tcr7129,1
vdjdb_full_9484_ss_3_n0,YVLDHLIVV_HLA-A*02:01,tcr4762,0
vdjdb_full_9257,YVLDHLIVV_HLA-A*02:01,tcr9049,1
vdjdb_full_9257_ss_3_n0,YVLDHLIVV_HLA-A*02:01,tcr2101,0
vdjdb_full_9182,YVLDHLIVV_HLA-A*02:01,tcr17805,1
vdjdb_full_9182_ss_3_n0,YVLDHLIVV_HLA-A*02:01,tcr10942,0
vdjdb_full_9429,YVLDHLIVV_HLA-A*02:01,tcr3364,1
vdjdb_full_9429_ss_3_n0,YVLDHLIVV_HLA-A*02:01,tcr8604,0
vdjdb_full_9405,YVLDHLIVV_HLA-A*02:01,tcr4471,1
vdjdb_full_9405_ss_3_n0,YVLDHLIVV_HLA-A*02:01,tcr5517,0
vdjdb_full_9386,YVLDHLIVV_HLA-A*02:01,tcr4521,1
vdjdb_full_9386_ss_3_n0,YVLDHLIVV_HLA-A*02:01,tcr8877,0
vdjdb_full_9378,YVLDHLIVV_HLA-A*02:01,tcr6859,1
vdjdb_full_9378_ss_3_n0,YVLDHLIVV_HLA-A*02:01,tcr14935,0
vdjdb_full_9476,YVLDHLIVV_HLA-A*02:01,tcr4850,1
vdjdb_full_9476_ss_3_n0,YVLDHLIVV_HLA-A*02:01,tcr2437,0
vdjdb_full_9234,YVLDHLIVV_HLA-A*02:01,tcr9764,1
vdjdb_full_9234_ss_3_n0,YVLDHLIVV_HLA-A*02:01,tcr13350,0
vdjdb_full_9327,YVLDHLIVV_HLA-A*02:01,tcr9523,1
vdjdb_full_9327_ss_3_n0,YVLDHLIVV_HLA-A*02:01,tcr14756,0
vdjdb_full_9212,YVLDHLIVV_HLA-A*02:01,tcr11221,1
vdjdb_full_9212_ss_3_n0,YVLDHLIVV_HLA-A*02:01,tcr2782,0
vdjdb_full_9294,YVLDHLIVV_HLA-A*02:01,tcr17185,1
vdjdb_full_9294_ss_3_n0,YVLDHLIVV_HLA-A*02:01,tcr6017,0
vdjdb_full_9358,YVLDHLIVV_HLA-A*02:01,tcr1733,1
vdjdb_full_9358_ss_3_n0,YVLDHLIVV_HLA-A*02:01,tcr12076,0
vdjdb_full_9334,YVLDHLIVV_HLA-A*02:01,tcr2333,1
vdjdb_full_9334_ss_3_n0,YVLDHLIVV_HLA-A*02:01,tcr9594,0
vdjdb_full_9256,YVLDHLIVV_HLA-A*02:01,tcr918,1
vdjdb_full_9256_ss_3_n0,YVLDHLIVV_HLA-A*02:01,tcr10043,0
vdjdb_full_9504,YVLDHLIVV_HLA-A*02:01,tcr10315,1
vdjdb_full_9504_ss_3_n0,YVLDHLIVV_HLA-A*02:01,tcr12692,0
vdjdb_full_9502,YVLDHLIVV_HLA-A*02:01,tcr17313,1
vdjdb_full_9502_ss_3_n0,YVLDHLIVV_HLA-A*02:01,tcr7635,0
vdjdb_full_9263,YVLDHLIVV_HLA-A*02:01,tcr3043,1
vdjdb_full_9263_ss_3_n0,YVLDHLIVV_HLA-A*02:01,tcr4506,0
vdjdb_full_9364,YVLDHLIVV_HLA-A*02:01,tcr376,1
vdjdb_full_9364_ss_3_n0,YVLDHLIVV_HLA-A*02:01,tcr2799,0
vdjdb_full_9224,YVLDHLIVV_HLA-A*02:01,tcr6098,1
vdjdb_full_9224_ss_3_n0,YVLDHLIVV_HLA-A*02:01,tcr1014,0
vdjdb_full_9469,YVLDHLIVV_HLA-A*02:01,tcr9344,1
vdjdb_full_9469_ss_3_n0,YVLDHLIVV_HLA-A*02:01,tcr3063,0
vdjdb_full_9489,YVLDHLIVV_HLA-A*02:01,tcr16572,1
vdjdb_full_9489_ss_3_n0,YVLDHLIVV_HLA-A*02:01,tcr1468,0
vdjdb_full_9500,YVLDHLIVV_HLA-A*02:01,tcr3377,1
vdjdb_full_9500_ss_3_n0,YVLDHLIVV_HLA-A*02:01,tcr2437,0
vdjdb_full_9348,YVLDHLIVV_HLA-A*02:01,tcr9107,1
vdjdb_full_9348_ss_3_n0,YVLDHLIVV_HLA-A*02:01,tcr16113,0
vdjdb_full_9346,YVLDHLIVV_HLA-A*02:01,tcr1562,1
vdjdb_full_9346_ss_3_n0,YVLDHLIVV_HLA-A*02:01,tcr10716,0
vdjdb_full_9280,YVLDHLIVV_HLA-A*02:01,tcr14460,1
vdjdb_full_9280_ss_3_n0,YVLDHLIVV_HLA-A*02:01,tcr8169,0
vdjdb_full_9362,YVLDHLIVV_HLA-A*02:01,tcr6199,1
vdjdb_full_9362_ss_3_n0,YVLDHLIVV_HLA-A*02:01,tcr12299,0
vdjdb_full_9252,YVLDHLIVV_HLA-A*02:01,tcr8741,1
vdjdb_full_9252_ss_3_n0,YVLDHLIVV_HLA-A*02:01,tcr14082,0
vdjdb_full_9195,YVLDHLIVV_HLA-A*02:01,tcr6996,1
vdjdb_full_9195_ss_3_n0,YVLDHLIVV_HLA-A*02:01,tcr2893,0
vdjdb_full_9245,YVLDHLIVV_HLA-A*02:01,tcr7122,1
vdjdb_full_9245_ss_3_n0,YVLDHLIVV_HLA-A*02:01,tcr6311,0
vdjdb_full_9287,YVLDHLIVV_HLA-A*02:01,tcr16346,1
vdjdb_full_9287_ss_3_n0,YVLDHLIVV_HLA-A*02:01,tcr16936,0
vdjdb_full_9186,YVLDHLIVV_HLA-A*02:01,tcr11126,1
vdjdb_full_9186_ss_3_n0,YVLDHLIVV_HLA-A*02:01,tcr17650,0
vdjdb_full_9408,YVLDHLIVV_HLA-A*02:01,tcr7994,1
vdjdb_full_9408_ss_3_n0,YVLDHLIVV_HLA-A*02:01,tcr16688,0
vdjdb_full_9326,YVLDHLIVV_HLA-A*02:01,tcr12185,1
vdjdb_full_9326_ss_3_n0,YVLDHLIVV_HLA-A*02:01,tcr1417,0
vdjdb_full_9485,YVLDHLIVV_HLA-A*02:01,tcr121,1
vdjdb_full_9485_ss_3_n0,YVLDHLIVV_HLA-A*02:01,tcr12012,0
vdjdb_full_9481,YVLDHLIVV_HLA-A*02:01,tcr3486,1
vdjdb_full_9481_ss_3_n0,YVLDHLIVV_HLA-A*02:01,tcr14836,0
vdjdb_full_9254,YVLDHLIVV_HLA-A*02:01,tcr14606,1
vdjdb_full_9254_ss_3_n0,YVLDHLIVV_HLA-A*02:01,tcr17125,0
vdjdb_full_9403,YVLDHLIVV_HLA-A*02:01,tcr2420,1
vdjdb_full_9403_ss_3_n0,YVLDHLIVV_HLA-A*02:01,tcr13706,0
vdjdb_full_9519,YVLDHLIVV_HLA-A*02:01,tcr15043,1
vdjdb_full_9519_ss_3_n0,YVLDHLIVV_HLA-A*02:01,tcr3542,0
vdjdb_full_9431,YVLDHLIVV_HLA-A*02:01,tcr1572,1
vdjdb_full_9431_ss_3_n0,YVLDHLIVV_HLA-A*02:01,tcr14882,0
vdjdb_full_9239,YVLDHLIVV_HLA-A*02:01,tcr17056,1
vdjdb_full_9239_ss_3_n0,YVLDHLIVV_HLA-A*02:01,tcr1091,0
vdjdb_full_9433,YVLDHLIVV_HLA-A*02:01,tcr16223,1
vdjdb_full_9433_ss_3_n0,YVLDHLIVV_HLA-A*02:01,tcr16712,0
vdjdb_full_9269,YVLDHLIVV_HLA-A*02:01,tcr14689,1
vdjdb_full_9269_ss_3_n0,YVLDHLIVV_HLA-A*02:01,tcr2123,0
vdjdb_full_9375,YVLDHLIVV_HLA-A*02:01,tcr7429,1
vdjdb_full_9375_ss_3_n0,YVLDHLIVV_HLA-A*02:01,tcr15475,0
vdjdb_full_9196,YVLDHLIVV_HLA-A*02:01,tcr7413,1
vdjdb_full_9196_ss_3_n0,YVLDHLIVV_HLA-A*02:01,tcr7385,0
vdjdb_full_9203,YVLDHLIVV_HLA-A*02:01,tcr17620,1
vdjdb_full_9203_ss_3_n0,YVLDHLIVV_HLA-A*02:01,tcr278,0
vdjdb_full_9365,YVLDHLIVV_HLA-A*02:01,tcr14353,1
vdjdb_full_9365_ss_3_n0,YVLDHLIVV_HLA-A*02:01,tcr7095,0
vdjdb_full_9320,YVLDHLIVV_HLA-A*02:01,tcr7986,1
vdjdb_full_9320_ss_3_n0,YVLDHLIVV_HLA-A*02:01,tcr15776,0
vdjdb_full_9428,YVLDHLIVV_HLA-A*02:01,tcr6343,1
vdjdb_full_9428_ss_3_n0,YVLDHLIVV_HLA-A*02:01,tcr2671,0
vdjdb_full_9427,YVLDHLIVV_HLA-A*02:01,tcr6457,1
vdjdb_full_9427_ss_3_n0,YVLDHLIVV_HLA-A*02:01,tcr4163,0
vdjdb_full_9363,YVLDHLIVV_HLA-A*02:01,tcr10232,1
vdjdb_full_9363_ss_3_n0,YVLDHLIVV_HLA-A*02:01,tcr6683,0
vdjdb_full_9349,YVLDHLIVV_HLA-A*02:01,tcr6265,1
vdjdb_full_9349_ss_3_n0,YVLDHLIVV_HLA-A*02:01,tcr1915,0
vdjdb_full_9305,YVLDHLIVV_HLA-A*02:01,tcr15119,1
vdjdb_full_9305_ss_3_n0,YVLDHLIVV_HLA-A*02:01,tcr13319,0
vdjdb_full_9328,YVLDHLIVV_HLA-A*02:01,tcr8418,1
vdjdb_full_9328_ss_3_n0,YVLDHLIVV_HLA-A*02:01,tcr640,0
vdjdb_full_9441,YVLDHLIVV_HLA-A*02:01,tcr10480,1
vdjdb_full_9441_ss_3_n0,YVLDHLIVV_HLA-A*02:01,tcr15269,0
vdjdb_full_9198,YVLDHLIVV_HLA-A*02:01,tcr18275,1
vdjdb_full_9198_ss_3_n0,YVLDHLIVV_HLA-A*02:01,tcr4726,0
vdjdb_full_9336,YVLDHLIVV_HLA-A*02:01,tcr6703,1
vdjdb_full_9336_ss_3_n0,YVLDHLIVV_HLA-A*02:01,tcr5920,0
vdjdb_full_9258,YVLDHLIVV_HLA-A*02:01,tcr2996,1
vdjdb_full_9258_ss_3_n0,YVLDHLIVV_HLA-A*02:01,tcr678,0
vdjdb_full_9354,YVLDHLIVV_HLA-A*02:01,tcr14732,1
vdjdb_full_9354_ss_3_n0,YVLDHLIVV_HLA-A*02:01,tcr10812,0
vdjdb_full_9197,YVLDHLIVV_HLA-A*02:01,tcr17171,1
vdjdb_full_9197_ss_3_n0,YVLDHLIVV_HLA-A*02:01,tcr15515,0
vdjdb_full_9445,YVLDHLIVV_HLA-A*02:01,tcr18110,1
vdjdb_full_9445_ss_3_n0,YVLDHLIVV_HLA-A*02:01,tcr4176,0
vdjdb_full_9210,YVLDHLIVV_HLA-A*02:01,tcr16913,1
vdjdb_full_9210_ss_3_n0,YVLDHLIVV_HLA-A*02:01,tcr583,0
vdjdb_full_9454,YVLDHLIVV_HLA-A*02:01,tcr2890,1
vdjdb_full_9454_ss_3_n0,YVLDHLIVV_HLA-A*02:01,tcr8162,0
vdjdb_full_14830,LLWNGPMAV_HLA-A*02:01,tcr7379,1
vdjdb_full_14830_ss_3_n0,LLWNGPMAV_HLA-A*02:01,tcr7122,0
vdjdb_full_14812,LLWNGPMAV_HLA-A*02:01,tcr6694,1
vdjdb_full_14812_ss_3_n0,LLWNGPMAV_HLA-A*02:01,tcr11711,0
vdjdb_full_15032,LLWNGPMAV_HLA-A*02:01,tcr14149,1
vdjdb_full_15032_ss_3_n0,LLWNGPMAV_HLA-A*02:01,tcr5669,0
vdjdb_full_15017,LLWNGPMAV_HLA-A*02:01,tcr11104,1
vdjdb_full_15017_ss_3_n0,LLWNGPMAV_HLA-A*02:01,tcr10539,0
vdjdb_full_15047,LLWNGPMAV_HLA-A*02:01,tcr2140,1
vdjdb_full_15047_ss_3_n0,LLWNGPMAV_HLA-A*02:01,tcr4356,0
vdjdb_full_14981,LLWNGPMAV_HLA-A*02:01,tcr16441,1
vdjdb_full_14981_ss_3_n0,LLWNGPMAV_HLA-A*02:01,tcr399,0
vdjdb_full_15006,LLWNGPMAV_HLA-A*02:01,tcr10912,1
vdjdb_full_15006_ss_3_n0,LLWNGPMAV_HLA-A*02:01,tcr10804,0
vdjdb_full_15030,LLWNGPMAV_HLA-A*02:01,tcr6623,1
vdjdb_full_15030_ss_3_n0,LLWNGPMAV_HLA-A*02:01,tcr1344,0
vdjdb_full_14815,LLWNGPMAV_HLA-A*02:01,tcr7752,1
vdjdb_full_14815_ss_3_n0,LLWNGPMAV_HLA-A*02:01,tcr15471,0
vdjdb_full_14920,LLWNGPMAV_HLA-A*02:01,tcr14077,1
vdjdb_full_14920_ss_3_n0,LLWNGPMAV_HLA-A*02:01,tcr2304,0
vdjdb_full_14851,LLWNGPMAV_HLA-A*02:01,tcr276,1
vdjdb_full_14851_ss_3_n0,LLWNGPMAV_HLA-A*02:01,tcr4493,0
vdjdb_full_15016,LLWNGPMAV_HLA-A*02:01,tcr14352,1
vdjdb_full_15016_ss_3_n0,LLWNGPMAV_HLA-A*02:01,tcr14091,0
vdjdb_full_15036,LLWNGPMAV_HLA-A*02:01,tcr10487,1
vdjdb_full_15036_ss_3_n0,LLWNGPMAV_HLA-A*02:01,tcr10942,0
vdjdb_full_15018,LLWNGPMAV_HLA-A*02:01,tcr18137,1
vdjdb_full_15018_ss_3_n0,LLWNGPMAV_HLA-A*02:01,tcr10861,0
vdjdb_full_14889,LLWNGPMAV_HLA-A*02:01,tcr4952,1
vdjdb_full_14889_ss_3_n0,LLWNGPMAV_HLA-A*02:01,tcr17507,0
vdjdb_full_14951,LLWNGPMAV_HLA-A*02:01,tcr16243,1
vdjdb_full_14951_ss_3_n0,LLWNGPMAV_HLA-A*02:01,tcr14759,0
vdjdb_full_14995,LLWNGPMAV_HLA-A*02:01,tcr15962,1
vdjdb_full_14995_ss_3_n0,LLWNGPMAV_HLA-A*02:01,tcr13180,0
vdjdb_full_14821,LLWNGPMAV_HLA-A*02:01,tcr1098,1
vdjdb_full_14821_ss_3_n0,LLWNGPMAV_HLA-A*02:01,tcr949,0
vdjdb_full_14873,LLWNGPMAV_HLA-A*02:01,tcr12617,1
vdjdb_full_14873_ss_3_n0,LLWNGPMAV_HLA-A*02:01,tcr16970,0
vdjdb_full_14934,LLWNGPMAV_HLA-A*02:01,tcr10287,1
vdjdb_full_14934_ss_3_n0,LLWNGPMAV_HLA-A*02:01,tcr10580,0
vdjdb_full_14839,LLWNGPMAV_HLA-A*02:01,tcr17455,1
vdjdb_full_14839_ss_3_n0,LLWNGPMAV_HLA-A*02:01,tcr17824,0
vdjdb_full_14825,LLWNGPMAV_HLA-A*02:01,tcr5722,1
vdjdb_full_14825_ss_3_n0,LLWNGPMAV_HLA-A*02:01,tcr903,0
vdjdb_full_14915,LLWNGPMAV_HLA-A*02:01,tcr12620,1
vdjdb_full_14915_ss_3_n0,LLWNGPMAV_HLA-A*02:01,tcr245,0
vdjdb_full_14836,LLWNGPMAV_HLA-A*02:01,tcr11668,1
vdjdb_full_14836_ss_3_n0,LLWNGPMAV_HLA-A*02:01,tcr2897,0
vdjdb_full_14992,LLWNGPMAV_HLA-A*02:01,tcr7410,1
vdjdb_full_14992_ss_3_n0,LLWNGPMAV_HLA-A*02:01,tcr3936,0
vdjdb_full_14977,LLWNGPMAV_HLA-A*02:01,tcr17089,1
vdjdb_full_14977_ss_3_n0,LLWNGPMAV_HLA-A*02:01,tcr827,0
vdjdb_full_14816,LLWNGPMAV_HLA-A*02:01,tcr5760,1
vdjdb_full_14816_ss_3_n0,LLWNGPMAV_HLA-A*02:01,tcr10498,0
vdjdb_full_14880,LLWNGPMAV_HLA-A*02:01,tcr5068,1
vdjdb_full_14880_ss_3_n0,LLWNGPMAV_HLA-A*02:01,tcr6559,0
vdjdb_full_14900,LLWNGPMAV_HLA-A*02:01,tcr2494,1
vdjdb_full_14900_ss_3_n0,LLWNGPMAV_HLA-A*02:01,tcr8652,0
vdjdb_full_14961,LLWNGPMAV_HLA-A*02:01,tcr9622,1
vdjdb_full_14961_ss_3_n0,LLWNGPMAV_HLA-A*02:01,tcr7438,0
vdjdb_full_14918,LLWNGPMAV_HLA-A*02:01,tcr18,1
vdjdb_full_14918_ss_3_n0,LLWNGPMAV_HLA-A*02:01,tcr16174,0
vdjdb_full_15025,LLWNGPMAV_HLA-A*02:01,tcr12122,1
vdjdb_full_15025_ss_3_n0,LLWNGPMAV_HLA-A*02:01,tcr10242,0
vdjdb_full_14831,LLWNGPMAV_HLA-A*02:01,tcr13109,1
vdjdb_full_14831_ss_3_n0,LLWNGPMAV_HLA-A*02:01,tcr17337,0
vdjdb_full_14867,LLWNGPMAV_HLA-A*02:01,tcr10040,1
vdjdb_full_14867_ss_3_n0,LLWNGPMAV_HLA-A*02:01,tcr13908,0
vdjdb_full_14824,LLWNGPMAV_HLA-A*02:01,tcr9889,1
vdjdb_full_14824_ss_3_n0,LLWNGPMAV_HLA-A*02:01,tcr7572,0
vdjdb_full_14933,LLWNGPMAV_HLA-A*02:01,tcr16831,1
vdjdb_full_14933_ss_3_n0,LLWNGPMAV_HLA-A*02:01,tcr17020,0
vdjdb_full_14903,LLWNGPMAV_HLA-A*02:01,tcr15856,1
vdjdb_full_14903_ss_3_n0,LLWNGPMAV_HLA-A*02:01,tcr18323,0
vdjdb_full_15003,LLWNGPMAV_HLA-A*02:01,tcr15259,1
vdjdb_full_15003_ss_3_n0,LLWNGPMAV_HLA-A*02:01,tcr1293,0
vdjdb_full_14944,LLWNGPMAV_HLA-A*02:01,tcr6950,1
vdjdb_full_14944_ss_3_n0,LLWNGPMAV_HLA-A*02:01,tcr7299,0
vdjdb_full_15049,LLWNGPMAV_HLA-A*02:01,tcr6380,1
vdjdb_full_15049_ss_3_n0,LLWNGPMAV_HLA-A*02:01,tcr7676,0
vdjdb_full_14882,LLWNGPMAV_HLA-A*02:01,tcr1429,1
vdjdb_full_14882_ss_3_n0,LLWNGPMAV_HLA-A*02:01,tcr814,0
vdjdb_full_14924,LLWNGPMAV_HLA-A*02:01,tcr17394,1
vdjdb_full_14924_ss_3_n0,LLWNGPMAV_HLA-A*02:01,tcr9564,0
vdjdb_full_14919,LLWNGPMAV_HLA-A*02:01,tcr17835,1
vdjdb_full_14919_ss_3_n0,LLWNGPMAV_HLA-A*02:01,tcr17235,0
vdjdb_full_14822,LLWNGPMAV_HLA-A*02:01,tcr16994,1
vdjdb_full_14822_ss_3_n0,LLWNGPMAV_HLA-A*02:01,tcr6763,0
vdjdb_full_15002,LLWNGPMAV_HLA-A*02:01,tcr11163,1
vdjdb_full_15002_ss_3_n0,LLWNGPMAV_HLA-A*02:01,tcr2730,0
vdjdb_full_14874,LLWNGPMAV_HLA-A*02:01,tcr5363,1
vdjdb_full_14874_ss_3_n0,LLWNGPMAV_HLA-A*02:01,tcr18338,0
vdjdb_full_15038,LLWNGPMAV_HLA-A*02:01,tcr16061,1
vdjdb_full_15038_ss_3_n0,LLWNGPMAV_HLA-A*02:01,tcr376,0
vdjdb_full_14844,LLWNGPMAV_HLA-A*02:01,tcr3867,1
vdjdb_full_14844_ss_3_n0,LLWNGPMAV_HLA-A*02:01,tcr9002,0
vdjdb_full_14987,LLWNGPMAV_HLA-A*02:01,tcr15955,1
vdjdb_full_14987_ss_3_n0,LLWNGPMAV_HLA-A*02:01,tcr5172,0
vdjdb_full_14922,LLWNGPMAV_HLA-A*02:01,tcr13602,1
vdjdb_full_14922_ss_3_n0,LLWNGPMAV_HLA-A*02:01,tcr9743,0
vdjdb_full_15014,LLWNGPMAV_HLA-A*02:01,tcr7201,1
vdjdb_full_15014_ss_3_n0,LLWNGPMAV_HLA-A*02:01,tcr7753,0
vdjdb_full_15026,LLWNGPMAV_HLA-A*02:01,tcr13609,1
vdjdb_full_15026_ss_3_n0,LLWNGPMAV_HLA-A*02:01,tcr5235,0
vdjdb_full_14939,LLWNGPMAV_HLA-A*02:01,tcr10669,1
vdjdb_full_14939_ss_3_n0,LLWNGPMAV_HLA-A*02:01,tcr11114,0
vdjdb_full_14891,LLWNGPMAV_HLA-A*02:01,tcr15907,1
vdjdb_full_14891_ss_3_n0,LLWNGPMAV_HLA-A*02:01,tcr14317,0
vdjdb_full_14861,LLWNGPMAV_HLA-A*02:01,tcr8215,1
vdjdb_full_14861_ss_3_n0,LLWNGPMAV_HLA-A*02:01,tcr209,0
vdjdb_full_14893,LLWNGPMAV_HLA-A*02:01,tcr11302,1
vdjdb_full_14893_ss_3_n0,LLWNGPMAV_HLA-A*02:01,tcr1243,0
vdjdb_full_14968,LLWNGPMAV_HLA-A*02:01,tcr12276,1
vdjdb_full_14968_ss_3_n0,LLWNGPMAV_HLA-A*02:01,tcr9484,0
vdjdb_full_14985,LLWNGPMAV_HLA-A*02:01,tcr17773,1
vdjdb_full_14985_ss_3_n0,LLWNGPMAV_HLA-A*02:01,tcr14504,0
vdjdb_full_14957,LLWNGPMAV_HLA-A*02:01,tcr14375,1
vdjdb_full_14957_ss_3_n0,LLWNGPMAV_HLA-A*02:01,tcr7532,0
vdjdb_full_15039,LLWNGPMAV_HLA-A*02:01,tcr3597,1
vdjdb_full_15039_ss_3_n0,LLWNGPMAV_HLA-A*02:01,tcr10160,0
vdjdb_full_14960,LLWNGPMAV_HLA-A*02:01,tcr14675,1
vdjdb_full_14960_ss_3_n0,LLWNGPMAV_HLA-A*02:01,tcr13149,0
vdjdb_full_14904,LLWNGPMAV_HLA-A*02:01,tcr1441,1
vdjdb_full_14904_ss_3_n0,LLWNGPMAV_HLA-A*02:01,tcr4357,0
vdjdb_full_14947,LLWNGPMAV_HLA-A*02:01,tcr10264,1
vdjdb_full_14947_ss_3_n0,LLWNGPMAV_HLA-A*02:01,tcr8893,0
vdjdb_full_14999,LLWNGPMAV_HLA-A*02:01,tcr2358,1
vdjdb_full_14999_ss_3_n0,LLWNGPMAV_HLA-A*02:01,tcr1302,0
vdjdb_full_14875,LLWNGPMAV_HLA-A*02:01,tcr7084,1
vdjdb_full_14875_ss_3_n0,LLWNGPMAV_HLA-A*02:01,tcr3901,0
vdjdb_full_14926,LLWNGPMAV_HLA-A*02:01,tcr13840,1
vdjdb_full_14926_ss_3_n0,LLWNGPMAV_HLA-A*02:01,tcr3051,0
vdjdb_full_14876,LLWNGPMAV_HLA-A*02:01,tcr3928,1
vdjdb_full_14876_ss_3_n0,LLWNGPMAV_HLA-A*02:01,tcr11432,0
vdjdb_full_14959,LLWNGPMAV_HLA-A*02:01,tcr4884,1
vdjdb_full_14959_ss_3_n0,LLWNGPMAV_HLA-A*02:01,tcr4029,0
vdjdb_full_15001,LLWNGPMAV_HLA-A*02:01,tcr18259,1
vdjdb_full_15001_ss_3_n0,LLWNGPMAV_HLA-A*02:01,tcr10625,0
vdjdb_full_14911,LLWNGPMAV_HLA-A*02:01,tcr194,1
vdjdb_full_14911_ss_3_n0,LLWNGPMAV_HLA-A*02:01,tcr6926,0
vdjdb_full_14916,LLWNGPMAV_HLA-A*02:01,tcr9296,1
vdjdb_full_14916_ss_3_n0,LLWNGPMAV_HLA-A*02:01,tcr6742,0
vdjdb_full_15045,LLWNGPMAV_HLA-A*02:01,tcr10840,1
vdjdb_full_15045_ss_3_n0,LLWNGPMAV_HLA-A*02:01,tcr14278,0
vdjdb_full_14886,LLWNGPMAV_HLA-A*02:01,tcr10370,1
vdjdb_full_14886_ss_3_n0,LLWNGPMAV_HLA-A*02:01,tcr11072,0
vdjdb_full_14835,LLWNGPMAV_HLA-A*02:01,tcr5113,1
vdjdb_full_14835_ss_3_n0,LLWNGPMAV_HLA-A*02:01,tcr7856,0
vdjdb_full_14927,LLWNGPMAV_HLA-A*02:01,tcr8931,1
vdjdb_full_14927_ss_3_n0,LLWNGPMAV_HLA-A*02:01,tcr376,0
vdjdb_full_14921,LLWNGPMAV_HLA-A*02:01,tcr3172,1
vdjdb_full_14921_ss_3_n0,LLWNGPMAV_HLA-A*02:01,tcr13005,0
vdjdb_full_14986,LLWNGPMAV_HLA-A*02:01,tcr2123,1
vdjdb_full_14986_ss_3_n0,LLWNGPMAV_HLA-A*02:01,tcr4402,0
vdjdb_full_14811,LLWNGPMAV_HLA-A*02:01,tcr9480,1
vdjdb_full_14811_ss_3_n0,LLWNGPMAV_HLA-A*02:01,tcr17492,0
vdjdb_full_14862,LLWNGPMAV_HLA-A*02:01,tcr16332,1
vdjdb_full_14862_ss_3_n0,LLWNGPMAV_HLA-A*02:01,tcr7045,0
vdjdb_full_14931,LLWNGPMAV_HLA-A*02:01,tcr1242,1
vdjdb_full_14931_ss_3_n0,LLWNGPMAV_HLA-A*02:01,tcr6317,0
vdjdb_full_14953,LLWNGPMAV_HLA-A*02:01,tcr16933,1
vdjdb_full_14953_ss_3_n0,LLWNGPMAV_HLA-A*02:01,tcr2762,0
vdjdb_full_15035,LLWNGPMAV_HLA-A*02:01,tcr13495,1
vdjdb_full_15035_ss_3_n0,LLWNGPMAV_HLA-A*02:01,tcr14276,0
vdjdb_full_14872,LLWNGPMAV_HLA-A*02:01,tcr3341,1
vdjdb_full_14872_ss_3_n0,LLWNGPMAV_HLA-A*02:01,tcr14811,0
vdjdb_full_14974,LLWNGPMAV_HLA-A*02:01,tcr7689,1
vdjdb_full_14974_ss_3_n0,LLWNGPMAV_HLA-A*02:01,tcr10236,0
vdjdb_full_15013,LLWNGPMAV_HLA-A*02:01,tcr12674,1
vdjdb_full_15013_ss_3_n0,LLWNGPMAV_HLA-A*02:01,tcr11863,0
vdjdb_full_14950,LLWNGPMAV_HLA-A*02:01,tcr7955,1
vdjdb_full_14950_ss_3_n0,LLWNGPMAV_HLA-A*02:01,tcr3833,0
vdjdb_full_14837,LLWNGPMAV_HLA-A*02:01,tcr5867,1
vdjdb_full_14837_ss_3_n0,LLWNGPMAV_HLA-A*02:01,tcr9439,0
vdjdb_full_14818,LLWNGPMAV_HLA-A*02:01,tcr4300,1
vdjdb_full_14818_ss_3_n0,LLWNGPMAV_HLA-A*02:01,tcr6319,0
vdjdb_full_14841,LLWNGPMAV_HLA-A*02:01,tcr8144,1
vdjdb_full_14841_ss_3_n0,LLWNGPMAV_HLA-A*02:01,tcr16638,0
vdjdb_full_14834,LLWNGPMAV_HLA-A*02:01,tcr10525,1
vdjdb_full_14834_ss_3_n0,LLWNGPMAV_HLA-A*02:01,tcr9147,0
vdjdb_full_14848,LLWNGPMAV_HLA-A*02:01,tcr7038,1
vdjdb_full_14848_ss_3_n0,LLWNGPMAV_HLA-A*02:01,tcr3490,0
vdjdb_full_14908,LLWNGPMAV_HLA-A*02:01,tcr4940,1
vdjdb_full_14908_ss_3_n0,LLWNGPMAV_HLA-A*02:01,tcr474,0
vdjdb_full_14932,LLWNGPMAV_HLA-A*02:01,tcr5115,1
vdjdb_full_14932_ss_3_n0,LLWNGPMAV_HLA-A*02:01,tcr2723,0
vdjdb_full_14969,LLWNGPMAV_HLA-A*02:01,tcr14861,1
vdjdb_full_14969_ss_3_n0,LLWNGPMAV_HLA-A*02:01,tcr1453,0
vdjdb_full_14857,LLWNGPMAV_HLA-A*02:01,tcr4777,1
vdjdb_full_14857_ss_3_n0,LLWNGPMAV_HLA-A*02:01,tcr2550,0
vdjdb_full_14902,LLWNGPMAV_HLA-A*02:01,tcr18149,1
vdjdb_full_14902_ss_3_n0,LLWNGPMAV_HLA-A*02:01,tcr6638,0
vdjdb_full_14945,LLWNGPMAV_HLA-A*02:01,tcr2732,1
vdjdb_full_14945_ss_3_n0,LLWNGPMAV_HLA-A*02:01,tcr12027,0
vdjdb_full_15022,LLWNGPMAV_HLA-A*02:01,tcr15939,1
vdjdb_full_15022_ss_3_n0,LLWNGPMAV_HLA-A*02:01,tcr10229,0
vdjdb_full_14883,LLWNGPMAV_HLA-A*02:01,tcr5510,1
vdjdb_full_14883_ss_3_n0,LLWNGPMAV_HLA-A*02:01,tcr11231,0
vdjdb_full_14847,LLWNGPMAV_HLA-A*02:01,tcr16530,1
vdjdb_full_14847_ss_3_n0,LLWNGPMAV_HLA-A*02:01,tcr10752,0
vdjdb_full_15285,CINGVCWTV_HLA-A*02:01,tcr17487,1
vdjdb_full_15285_ss_3_n0,CINGVCWTV_HLA-A*02:01,tcr4760,0
vdjdb_full_15465,CINGVCWTV_HLA-A*02:01,tcr13090,1
vdjdb_full_15465_ss_3_n0,CINGVCWTV_HLA-A*02:01,tcr14763,0
vdjdb_full_15399,CINGVCWTV_HLA-A*02:01,tcr351,1
vdjdb_full_15399_ss_3_n0,CINGVCWTV_HLA-A*02:01,tcr1438,0
vdjdb_full_15491,CINGVCWTV_HLA-A*02:01,tcr12079,1
vdjdb_full_15491_ss_3_n0,CINGVCWTV_HLA-A*02:01,tcr1746,0
vdjdb_full_15428,CINGVCWTV_HLA-A*02:01,tcr1882,1
vdjdb_full_15428_ss_3_n0,CINGVCWTV_HLA-A*02:01,tcr1917,0
vdjdb_full_15498,CINGVCWTV_HLA-A*02:01,tcr16936,1
vdjdb_full_15498_ss_3_n0,CINGVCWTV_HLA-A*02:01,tcr508,0
vdjdb_full_15463,CINGVCWTV_HLA-A*02:01,tcr2243,1
vdjdb_full_15463_ss_3_n0,CINGVCWTV_HLA-A*02:01,tcr11052,0
vdjdb_full_15363,CINGVCWTV_HLA-A*02:01,tcr11205,1
vdjdb_full_15363_ss_3_n0,CINGVCWTV_HLA-A*02:01,tcr8629,0
vdjdb_full_15459,CINGVCWTV_HLA-A*02:01,tcr11640,1
vdjdb_full_15459_ss_3_n0,CINGVCWTV_HLA-A*02:01,tcr1900,0
vdjdb_full_15456,CINGVCWTV_HLA-A*02:01,tcr1758,1
vdjdb_full_15456_ss_3_n0,CINGVCWTV_HLA-A*02:01,tcr3934,0
vdjdb_full_15344,CINGVCWTV_HLA-A*02:01,tcr3700,1
vdjdb_full_15344_ss_3_n0,CINGVCWTV_HLA-A*02:01,tcr3951,0
vdjdb_full_15291,CINGVCWTV_HLA-A*02:01,tcr15136,1
vdjdb_full_15291_ss_3_n0,CINGVCWTV_HLA-A*02:01,tcr8014,0
vdjdb_full_15484,CINGVCWTV_HLA-A*02:01,tcr14478,1
vdjdb_full_15484_ss_3_n0,CINGVCWTV_HLA-A*02:01,tcr9886,0
vdjdb_full_15301,CINGVCWTV_HLA-A*02:01,tcr10222,1
vdjdb_full_15301_ss_3_n0,CINGVCWTV_HLA-A*02:01,tcr2159,0
vdjdb_full_15306,CINGVCWTV_HLA-A*02:01,tcr17966,1
vdjdb_full_15306_ss_3_n0,CINGVCWTV_HLA-A*02:01,tcr949,0
vdjdb_full_15321,CINGVCWTV_HLA-A*02:01,tcr10604,1
vdjdb_full_15321_ss_3_n0,CINGVCWTV_HLA-A*02:01,tcr16690,0
vdjdb_full_15336,CINGVCWTV_HLA-A*02:01,tcr10716,1
vdjdb_full_15336_ss_3_n0,CINGVCWTV_HLA-A*02:01,tcr13592,0
vdjdb_full_15457,CINGVCWTV_HLA-A*02:01,tcr7051,1
vdjdb_full_15457_ss_3_n0,CINGVCWTV_HLA-A*02:01,tcr5539,0
vdjdb_full_15379,CINGVCWTV_HLA-A*02:01,tcr3901,1
vdjdb_full_15379_ss_3_n0,CINGVCWTV_HLA-A*02:01,tcr13657,0
vdjdb_full_15445,CINGVCWTV_HLA-A*02:01,tcr1915,1
vdjdb_full_15445_ss_3_n0,CINGVCWTV_HLA-A*02:01,tcr10992,0
vdjdb_full_15356,CINGVCWTV_HLA-A*02:01,tcr6243,1
vdjdb_full_15356_ss_3_n0,CINGVCWTV_HLA-A*02:01,tcr1266,0
vdjdb_full_15294,CINGVCWTV_HLA-A*02:01,tcr5176,1
vdjdb_full_15294_ss_3_n0,CINGVCWTV_HLA-A*02:01,tcr8309,0
vdjdb_full_15447,CINGVCWTV_HLA-A*02:01,tcr325,1
vdjdb_full_15447_ss_3_n0,CINGVCWTV_HLA-A*02:01,tcr12730,0
vdjdb_full_15432,CINGVCWTV_HLA-A*02:01,tcr1079,1
vdjdb_full_15432_ss_3_n0,CINGVCWTV_HLA-A*02:01,tcr9800,0
vdjdb_full_15373,CINGVCWTV_HLA-A*02:01,tcr4958,1
vdjdb_full_15373_ss_3_n0,CINGVCWTV_HLA-A*02:01,tcr2447,0
vdjdb_full_15359,CINGVCWTV_HLA-A*02:01,tcr5039,1
vdjdb_full_15359_ss_3_n0,CINGVCWTV_HLA-A*02:01,tcr9901,0
vdjdb_full_15477,CINGVCWTV_HLA-A*02:01,tcr3155,1
vdjdb_full_15477_ss_3_n0,CINGVCWTV_HLA-A*02:01,tcr2463,0
vdjdb_full_15453,CINGVCWTV_HLA-A*02:01,tcr16261,1
vdjdb_full_15453_ss_3_n0,CINGVCWTV_HLA-A*02:01,tcr2411,0
vdjdb_full_15505,CINGVCWTV_HLA-A*02:01,tcr5628,1
vdjdb_full_15505_ss_3_n0,CINGVCWTV_HLA-A*02:01,tcr16525,0
vdjdb_full_15382,CINGVCWTV_HLA-A*02:01,tcr7217,1
vdjdb_full_15382_ss_3_n0,CINGVCWTV_HLA-A*02:01,tcr13403,0
vdjdb_full_15397,CINGVCWTV_HLA-A*02:01,tcr17277,1
vdjdb_full_15397_ss_3_n0,CINGVCWTV_HLA-A*02:01,tcr5962,0
vdjdb_full_15351,CINGVCWTV_HLA-A*02:01,tcr5955,1
vdjdb_full_15351_ss_3_n0,CINGVCWTV_HLA-A*02:01,tcr9171,0
vdjdb_full_15292,CINGVCWTV_HLA-A*02:01,tcr10758,1
vdjdb_full_15292_ss_3_n0,CINGVCWTV_HLA-A*02:01,tcr8426,0
vdjdb_full_15482,CINGVCWTV_HLA-A*02:01,tcr2893,1
vdjdb_full_15482_ss_3_n0,CINGVCWTV_HLA-A*02:01,tcr4703,0
vdjdb_full_15485,CINGVCWTV_HLA-A*02:01,tcr10944,1
vdjdb_full_15485_ss_3_n0,CINGVCWTV_HLA-A*02:01,tcr13651,0
vdjdb_full_15396,CINGVCWTV_HLA-A*02:01,tcr10096,1
vdjdb_full_15396_ss_3_n0,CINGVCWTV_HLA-A*02:01,tcr10322,0
vdjdb_full_15479,CINGVCWTV_HLA-A*02:01,tcr9154,1
vdjdb_full_15479_ss_3_n0,CINGVCWTV_HLA-A*02:01,tcr10551,0
vdjdb_full_15393,CINGVCWTV_HLA-A*02:01,tcr5641,1
vdjdb_full_15393_ss_3_n0,CINGVCWTV_HLA-A*02:01,tcr2493,0
vdjdb_full_15389,CINGVCWTV_HLA-A*02:01,tcr8380,1
vdjdb_full_15389_ss_3_n0,CINGVCWTV_HLA-A*02:01,tcr7648,0
vdjdb_full_15424,CINGVCWTV_HLA-A*02:01,tcr14330,1
vdjdb_full_15424_ss_3_n0,CINGVCWTV_HLA-A*02:01,tcr2147,0
vdjdb_full_15421,CINGVCWTV_HLA-A*02:01,tcr17988,1
vdjdb_full_15421_ss_3_n0,CINGVCWTV_HLA-A*02:01,tcr326,0
vdjdb_full_15497,CINGVCWTV_HLA-A*02:01,tcr11503,1
vdjdb_full_15497_ss_3_n0,CINGVCWTV_HLA-A*02:01,tcr15296,0
vdjdb_full_15423,CINGVCWTV_HLA-A*02:01,tcr105,1
vdjdb_full_15423_ss_3_n0,CINGVCWTV_HLA-A*02:01,tcr5979,0
vdjdb_full_15507,CINGVCWTV_HLA-A*02:01,tcr12616,1
vdjdb_full_15507_ss_3_n0,CINGVCWTV_HLA-A*02:01,tcr17541,0
vdjdb_full_15422,CINGVCWTV_HLA-A*02:01,tcr12978,1
vdjdb_full_15422_ss_3_n0,CINGVCWTV_HLA-A*02:01,tcr15788,0
vdjdb_full_15443,CINGVCWTV_HLA-A*02:01,tcr3657,1
vdjdb_full_15443_ss_3_n0,CINGVCWTV_HLA-A*02:01,tcr17949,0
vdjdb_full_15343,CINGVCWTV_HLA-A*02:01,tcr14709,1
vdjdb_full_15343_ss_3_n0,CINGVCWTV_HLA-A*02:01,tcr2832,0
vdjdb_full_15331,CINGVCWTV_HLA-A*02:01,tcr8817,1
vdjdb_full_15331_ss_3_n0,CINGVCWTV_HLA-A*02:01,tcr13980,0
vdjdb_full_15403,CINGVCWTV_HLA-A*02:01,tcr9503,1
vdjdb_full_15403_ss_3_n0,CINGVCWTV_HLA-A*02:01,tcr374,0
vdjdb_full_15406,CINGVCWTV_HLA-A*02:01,tcr2290,1
vdjdb_full_15406_ss_3_n0,CINGVCWTV_HLA-A*02:01,tcr13495,0
vdjdb_full_15493,CINGVCWTV_HLA-A*02:01,tcr7734,1
vdjdb_full_15493_ss_3_n0,CINGVCWTV_HLA-A*02:01,tcr11757,0
vdjdb_full_15361,CINGVCWTV_HLA-A*02:01,tcr17341,1
vdjdb_full_15361_ss_3_n0,CINGVCWTV_HLA-A*02:01,tcr10394,0
vdjdb_full_15370,CINGVCWTV_HLA-A*02:01,tcr12653,1
vdjdb_full_15370_ss_3_n0,CINGVCWTV_HLA-A*02:01,tcr4661,0
vdjdb_full_15374,CINGVCWTV_HLA-A*02:01,tcr16,1
vdjdb_full_15374_ss_3_n0,CINGVCWTV_HLA-A*02:01,tcr9306,0
vdjdb_full_15394,CINGVCWTV_HLA-A*02:01,tcr16689,1
vdjdb_full_15394_ss_3_n0,CINGVCWTV_HLA-A*02:01,tcr3341,0
vdjdb_full_15314,CINGVCWTV_HLA-A*02:01,tcr4457,1
vdjdb_full_15314_ss_3_n0,CINGVCWTV_HLA-A*02:01,tcr4300,0
vdjdb_full_15300,CINGVCWTV_HLA-A*02:01,tcr7937,1
vdjdb_full_15300_ss_3_n0,CINGVCWTV_HLA-A*02:01,tcr4465,0
vdjdb_full_15398,CINGVCWTV_HLA-A*02:01,tcr5137,1
vdjdb_full_15398_ss_3_n0,CINGVCWTV_HLA-A*02:01,tcr949,0
vdjdb_full_15464,CINGVCWTV_HLA-A*02:01,tcr4612,1
vdjdb_full_15464_ss_3_n0,CINGVCWTV_HLA-A*02:01,tcr7410,0
vdjdb_full_15478,CINGVCWTV_HLA-A*02:01,tcr15971,1
vdjdb_full_15478_ss_3_n0,CINGVCWTV_HLA-A*02:01,tcr12247,0
vdjdb_full_15286,CINGVCWTV_HLA-A*02:01,tcr12872,1
vdjdb_full_15286_ss_3_n0,CINGVCWTV_HLA-A*02:01,tcr17555,0
vdjdb_full_15345,CINGVCWTV_HLA-A*02:01,tcr7027,1
vdjdb_full_15345_ss_3_n0,CINGVCWTV_HLA-A*02:01,tcr1562,0
vdjdb_full_15305,CINGVCWTV_HLA-A*02:01,tcr14686,1
vdjdb_full_15305_ss_3_n0,CINGVCWTV_HLA-A*02:01,tcr12940,0
vdjdb_full_15295,CINGVCWTV_HLA-A*02:01,tcr6238,1
vdjdb_full_15295_ss_3_n0,CINGVCWTV_HLA-A*02:01,tcr7753,0
vdjdb_full_15386,CINGVCWTV_HLA-A*02:01,tcr17053,1
vdjdb_full_15386_ss_3_n0,CINGVCWTV_HLA-A*02:01,tcr8014,0
vdjdb_full_15342,CINGVCWTV_HLA-A*02:01,tcr115,1
vdjdb_full_15342_ss_3_n0,CINGVCWTV_HLA-A*02:01,tcr12266,0
vdjdb_full_15349,CINGVCWTV_HLA-A*02:01,tcr3689,1
vdjdb_full_15349_ss_3_n0,CINGVCWTV_HLA-A*02:01,tcr5475,0
vdjdb_full_15281,CINGVCWTV_HLA-A*02:01,tcr14,1
vdjdb_full_15281_ss_3_n0,CINGVCWTV_HLA-A*02:01,tcr14979,0
vdjdb_full_15332,CINGVCWTV_HLA-A*02:01,tcr1878,1
vdjdb_full_15332_ss_3_n0,CINGVCWTV_HLA-A*02:01,tcr8162,0
vdjdb_full_15390,CINGVCWTV_HLA-A*02:01,tcr12823,1
vdjdb_full_15390_ss_3_n0,CINGVCWTV_HLA-A*02:01,tcr575,0
vdjdb_full_15417,CINGVCWTV_HLA-A*02:01,tcr4050,1
vdjdb_full_15417_ss_3_n0,CINGVCWTV_HLA-A*02:01,tcr16788,0
vdjdb_full_15414,CINGVCWTV_HLA-A*02:01,tcr4532,1
vdjdb_full_15414_ss_3_n0,CINGVCWTV_HLA-A*02:01,tcr11330,0
vdjdb_full_15341,CINGVCWTV_HLA-A*02:01,tcr11744,1
vdjdb_full_15341_ss_3_n0,CINGVCWTV_HLA-A*02:01,tcr9870,0
vdjdb_full_15420,CINGVCWTV_HLA-A*02:01,tcr12830,1
vdjdb_full_15420_ss_3_n0,CINGVCWTV_HLA-A*02:01,tcr12902,0
vdjdb_full_15474,CINGVCWTV_HLA-A*02:01,tcr1430,1
vdjdb_full_15474_ss_3_n0,CINGVCWTV_HLA-A*02:01,tcr17650,0
vdjdb_full_15508,CINGVCWTV_HLA-A*02:01,tcr12887,1
vdjdb_full_15508_ss_3_n0,CINGVCWTV_HLA-A*02:01,tcr3460,0
vdjdb_full_15307,CINGVCWTV_HLA-A*02:01,tcr13432,1
vdjdb_full_15307_ss_3_n0,CINGVCWTV_HLA-A*02:01,tcr11645,0
vdjdb_full_15288,CINGVCWTV_HLA-A*02:01,tcr12595,1
vdjdb_full_15288_ss_3_n0,CINGVCWTV_HLA-A*02:01,tcr9168,0
vdjdb_full_15311,CINGVCWTV_HLA-A*02:01,tcr2246,1
vdjdb_full_15311_ss_3_n0,CINGVCWTV_HLA-A*02:01,tcr11797,0
vdjdb_full_15304,CINGVCWTV_HLA-A*02:01,tcr14205,1
vdjdb_full_15304_ss_3_n0,CINGVCWTV_HLA-A*02:01,tcr11858,0
vdjdb_full_15318,CINGVCWTV_HLA-A*02:01,tcr11850,1
vdjdb_full_15318_ss_3_n0,CINGVCWTV_HLA-A*02:01,tcr14149,0
vdjdb_full_15404,CINGVCWTV_HLA-A*02:01,tcr8019,1
vdjdb_full_15404_ss_3_n0,CINGVCWTV_HLA-A*02:01,tcr8717,0
vdjdb_full_15391,CINGVCWTV_HLA-A*02:01,tcr9564,1
vdjdb_full_15391_ss_3_n0,CINGVCWTV_HLA-A*02:01,tcr10945,0
vdjdb_full_15433,CINGVCWTV_HLA-A*02:01,tcr7818,1
vdjdb_full_15433_ss_3_n0,CINGVCWTV_HLA-A*02:01,tcr12676,0
vdjdb_full_15327,CINGVCWTV_HLA-A*02:01,tcr3854,1
vdjdb_full_15327_ss_3_n0,CINGVCWTV_HLA-A*02:01,tcr11163,0
vdjdb_full_15462,CINGVCWTV_HLA-A*02:01,tcr15319,1
vdjdb_full_15462_ss_3_n0,CINGVCWTV_HLA-A*02:01,tcr10435,0
vdjdb_full_15461,CINGVCWTV_HLA-A*02:01,tcr7364,1
vdjdb_full_15461_ss_3_n0,CINGVCWTV_HLA-A*02:01,tcr11610,0
vdjdb_full_15352,CINGVCWTV_HLA-A*02:01,tcr7323,1
vdjdb_full_15352_ss_3_n0,CINGVCWTV_HLA-A*02:01,tcr3364,0
vdjdb_full_15317,CINGVCWTV_HLA-A*02:01,tcr2606,1
vdjdb_full_15317_ss_3_n0,CINGVCWTV_HLA-A*02:01,tcr7343,0
vdjdb_full_15372,CINGVCWTV_HLA-A*02:01,tcr443,1
vdjdb_full_15372_ss_3_n0,CINGVCWTV_HLA-A*02:01,tcr5834,0
vdjdb_full_15418,CINGVCWTV_HLA-A*02:01,tcr5488,1
vdjdb_full_15418_ss_3_n0,CINGVCWTV_HLA-A*02:01,tcr7101,0
vdjdb_full_15355,CINGVCWTV_HLA-A*02:01,tcr2509,1
vdjdb_full_15355_ss_3_n0,CINGVCWTV_HLA-A*02:01,tcr2313,0
vdjdb_full_15436,CINGVCWTV_HLA-A*02:01,tcr2992,1
vdjdb_full_15436_ss_3_n0,CINGVCWTV_HLA-A*02:01,tcr16184,0
vdjdb_full_15302,CINGVCWTV_HLA-A*02:01,tcr7730,1
vdjdb_full_15302_ss_3_n0,CINGVCWTV_HLA-A*02:01,tcr5453,0
vdjdb_full_15489,CINGVCWTV_HLA-A*02:01,tcr4575,1
vdjdb_full_15489_ss_3_n0,CINGVCWTV_HLA-A*02:01,tcr8541,0
vdjdb_full_15473,CINGVCWTV_HLA-A*02:01,tcr14158,1
vdjdb_full_15473_ss_3_n0,CINGVCWTV_HLA-A*02:01,tcr16394,0
vdjdb_full_15405,CINGVCWTV_HLA-A*02:01,tcr18080,1
vdjdb_full_15405_ss_3_n0,CINGVCWTV_HLA-A*02:01,tcr9437,0
vdjdb_full_15276,CINGVCWTV_HLA-A*02:01,tcr11880,1
vdjdb_full_15276_ss_3_n0,CINGVCWTV_HLA-A*02:01,tcr3073,0
vdjdb_full_15278,CINGVCWTV_HLA-A*02:01,tcr16655,1
vdjdb_full_15278_ss_3_n0,CINGVCWTV_HLA-A*02:01,tcr12115,0
vdjdb_full_15353,CINGVCWTV_HLA-A*02:01,tcr15844,1
vdjdb_full_15353_ss_3_n0,CINGVCWTV_HLA-A*02:01,tcr13471,0
vdjdb_full_13711,TPRVTGGGAM_HLA-B*07:02,tcr10539,1
vdjdb_full_13711_ss_3_n0,TPRVTGGGAM_HLA-B*07:02,tcr1746,0
vdjdb_full_13735,TPRVTGGGAM_HLA-B*07:02,tcr8673,1
vdjdb_full_13735_ss_3_n0,TPRVTGGGAM_HLA-B*07:02,tcr11864,0
vdjdb_full_13851,TPRVTGGGAM_HLA-B*07:02,tcr1202,1
vdjdb_full_13851_ss_3_n0,TPRVTGGGAM_HLA-B*07:02,tcr7626,0
vdjdb_full_13794,TPRVTGGGAM_HLA-B*07:02,tcr3147,1
vdjdb_full_13794_ss_3_n0,TPRVTGGGAM_HLA-B*07:02,tcr154,0
vdjdb_full_13843,TPRVTGGGAM_HLA-B*07:02,tcr17668,1
vdjdb_full_13843_ss_3_n0,TPRVTGGGAM_HLA-B*07:02,tcr10609,0
vdjdb_full_13707,TPRVTGGGAM_HLA-B*07:02,tcr15798,1
vdjdb_full_13707_ss_3_n0,TPRVTGGGAM_HLA-B*07:02,tcr2246,0
vdjdb_full_13716,TPRVTGGGAM_HLA-B*07:02,tcr1160,1
vdjdb_full_13716_ss_3_n0,TPRVTGGGAM_HLA-B*07:02,tcr12872,0
vdjdb_full_13763,TPRVTGGGAM_HLA-B*07:02,tcr8604,1
vdjdb_full_13763_ss_3_n0,TPRVTGGGAM_HLA-B*07:02,tcr17852,0
vdjdb_full_13812,TPRVTGGGAM_HLA-B*07:02,tcr8528,1
vdjdb_full_13812_ss_3_n0,TPRVTGGGAM_HLA-B*07:02,tcr14951,0
vdjdb_full_13791,TPRVTGGGAM_HLA-B*07:02,tcr6214,1
vdjdb_full_13791_ss_3_n0,TPRVTGGGAM_HLA-B*07:02,tcr7448,0
vdjdb_full_13790,TPRVTGGGAM_HLA-B*07:02,tcr6488,1
vdjdb_full_13790_ss_3_n0,TPRVTGGGAM_HLA-B*07:02,tcr9515,0
vdjdb_full_13857,TPRVTGGGAM_HLA-B*07:02,tcr1520,1
vdjdb_full_13857_ss_3_n0,TPRVTGGGAM_HLA-B*07:02,tcr3335,0
vdjdb_full_13764,TPRVTGGGAM_HLA-B*07:02,tcr9624,1
vdjdb_full_13764_ss_3_n0,TPRVTGGGAM_HLA-B*07:02,tcr5702,0
vdjdb_full_13807,TPRVTGGGAM_HLA-B*07:02,tcr13846,1
vdjdb_full_13807_ss_3_n0,TPRVTGGGAM_HLA-B*07:02,tcr6357,0
vdjdb_full_13738,TPRVTGGGAM_HLA-B*07:02,tcr3166,1
vdjdb_full_13738_ss_3_n0,TPRVTGGGAM_HLA-B*07:02,tcr15783,0
vdjdb_full_13708,TPRVTGGGAM_HLA-B*07:02,tcr16163,1
vdjdb_full_13708_ss_3_n0,TPRVTGGGAM_HLA-B*07:02,tcr8427,0
vdjdb_full_13744,TPRVTGGGAM_HLA-B*07:02,tcr14181,1
vdjdb_full_13744_ss_3_n0,TPRVTGGGAM_HLA-B*07:02,tcr17311,0
vdjdb_full_13824,TPRVTGGGAM_HLA-B*07:02,tcr11797,1
vdjdb_full_13824_ss_3_n0,TPRVTGGGAM_HLA-B*07:02,tcr14044,0
vdjdb_full_13793,TPRVTGGGAM_HLA-B*07:02,tcr1293,1
vdjdb_full_13793_ss_3_n0,TPRVTGGGAM_HLA-B*07:02,tcr15600,0
vdjdb_full_13749,TPRVTGGGAM_HLA-B*07:02,tcr8659,1
vdjdb_full_13749_ss_3_n0,TPRVTGGGAM_HLA-B*07:02,tcr949,0
vdjdb_full_13871,TPRVTGGGAM_HLA-B*07:02,tcr15360,1
vdjdb_full_13871_ss_3_n0,TPRVTGGGAM_HLA-B*07:02,tcr2536,0
vdjdb_full_13819,TPRVTGGGAM_HLA-B*07:02,tcr8629,1
vdjdb_full_13819_ss_3_n0,TPRVTGGGAM_HLA-B*07:02,tcr10096,0
vdjdb_full_13841,TPRVTGGGAM_HLA-B*07:02,tcr9004,1
vdjdb_full_13841_ss_3_n0,TPRVTGGGAM_HLA-B*07:02,tcr1939,0
vdjdb_full_13723,TPRVTGGGAM_HLA-B*07:02,tcr13138,1
vdjdb_full_13723_ss_3_n0,TPRVTGGGAM_HLA-B*07:02,tcr13061,0
vdjdb_full_13701,TPRVTGGGAM_HLA-B*07:02,tcr14715,1
vdjdb_full_13701_ss_3_n0,TPRVTGGGAM_HLA-B*07:02,tcr2277,0
vdjdb_full_13820,TPRVTGGGAM_HLA-B*07:02,tcr13358,1
vdjdb_full_13820_ss_3_n0,TPRVTGGGAM_HLA-B*07:02,tcr15515,0
vdjdb_full_13754,TPRVTGGGAM_HLA-B*07:02,tcr16823,1
vdjdb_full_13754_ss_3_n0,TPRVTGGGAM_HLA-B*07:02,tcr15259,0
vdjdb_full_13710,TPRVTGGGAM_HLA-B*07:02,tcr8834,1
vdjdb_full_13710_ss_3_n0,TPRVTGGGAM_HLA-B*07:02,tcr14582,0
vdjdb_full_13862,TPRVTGGGAM_HLA-B*07:02,tcr926,1
vdjdb_full_13862_ss_3_n0,TPRVTGGGAM_HLA-B*07:02,tcr13894,0
vdjdb_full_13840,TPRVTGGGAM_HLA-B*07:02,tcr14265,1
vdjdb_full_13840_ss_3_n0,TPRVTGGGAM_HLA-B*07:02,tcr10276,0
vdjdb_full_13869,TPRVTGGGAM_HLA-B*07:02,tcr7187,1
vdjdb_full_13869_ss_3_n0,TPRVTGGGAM_HLA-B*07:02,tcr14554,0
vdjdb_full_13748,TPRVTGGGAM_HLA-B*07:02,tcr1385,1
vdjdb_full_13748_ss_3_n0,TPRVTGGGAM_HLA-B*07:02,tcr737,0
vdjdb_full_13785,TPRVTGGGAM_HLA-B*07:02,tcr16397,1
vdjdb_full_13785_ss_3_n0,TPRVTGGGAM_HLA-B*07:02,tcr11641,0
vdjdb_full_13777,TPRVTGGGAM_HLA-B*07:02,tcr5417,1
vdjdb_full_13777_ss_3_n0,TPRVTGGGAM_HLA-B*07:02,tcr13466,0
vdjdb_full_13761,TPRVTGGGAM_HLA-B*07:02,tcr6374,1
vdjdb_full_13761_ss_3_n0,TPRVTGGGAM_HLA-B*07:02,tcr8299,0
vdjdb_full_13722,TPRVTGGGAM_HLA-B*07:02,tcr11997,1
vdjdb_full_13722_ss_3_n0,TPRVTGGGAM_HLA-B*07:02,tcr12339,0
vdjdb_full_13816,TPRVTGGGAM_HLA-B*07:02,tcr16005,1
vdjdb_full_13816_ss_3_n0,TPRVTGGGAM_HLA-B*07:02,tcr3073,0
vdjdb_full_13760,TPRVTGGGAM_HLA-B*07:02,tcr6453,1
vdjdb_full_13760_ss_3_n0,TPRVTGGGAM_HLA-B*07:02,tcr2568,0
vdjdb_full_13762,TPRVTGGGAM_HLA-B*07:02,tcr17445,1
vdjdb_full_13762_ss_3_n0,TPRVTGGGAM_HLA-B*07:02,tcr11991,0
vdjdb_full_13724,TPRVTGGGAM_HLA-B*07:02,tcr11262,1
vdjdb_full_13724_ss_3_n0,TPRVTGGGAM_HLA-B*07:02,tcr2510,0
vdjdb_full_13704,TPRVTGGGAM_HLA-B*07:02,tcr622,1
vdjdb_full_13704_ss_3_n0,TPRVTGGGAM_HLA-B*07:02,tcr6388,0
vdjdb_full_13734,TPRVTGGGAM_HLA-B*07:02,tcr10236,1
vdjdb_full_13734_ss_3_n0,TPRVTGGGAM_HLA-B*07:02,tcr5548,0
vdjdb_full_13823,TPRVTGGGAM_HLA-B*07:02,tcr10031,1
vdjdb_full_13823_ss_3_n0,TPRVTGGGAM_HLA-B*07:02,tcr3341,0
vdjdb_full_13788,TPRVTGGGAM_HLA-B*07:02,tcr1105,1
vdjdb_full_13788_ss_3_n0,TPRVTGGGAM_HLA-B*07:02,tcr16703,0
vdjdb_full_13811,TPRVTGGGAM_HLA-B*07:02,tcr14045,1
vdjdb_full_13811_ss_3_n0,TPRVTGGGAM_HLA-B*07:02,tcr12594,0
vdjdb_full_13780,TPRVTGGGAM_HLA-B*07:02,tcr7767,1
vdjdb_full_13780_ss_3_n0,TPRVTGGGAM_HLA-B*07:02,tcr2135,0
vdjdb_full_13814,TPRVTGGGAM_HLA-B*07:02,tcr6688,1
vdjdb_full_13814_ss_3_n0,TPRVTGGGAM_HLA-B*07:02,tcr14276,0
vdjdb_full_13731,TPRVTGGGAM_HLA-B*07:02,tcr784,1
vdjdb_full_13731_ss_3_n0,TPRVTGGGAM_HLA-B*07:02,tcr17240,0
vdjdb_full_13815,TPRVTGGGAM_HLA-B*07:02,tcr6433,1
vdjdb_full_13815_ss_3_n0,TPRVTGGGAM_HLA-B*07:02,tcr598,0
vdjdb_full_13847,TPRVTGGGAM_HLA-B*07:02,tcr10066,1
vdjdb_full_13847_ss_3_n0,TPRVTGGGAM_HLA-B*07:02,tcr17903,0
vdjdb_full_13770,TPRVTGGGAM_HLA-B*07:02,tcr11403,1
vdjdb_full_13770_ss_3_n0,TPRVTGGGAM_HLA-B*07:02,tcr15904,0
vdjdb_full_13858,TPRVTGGGAM_HLA-B*07:02,tcr9594,1
vdjdb_full_13858_ss_3_n0,TPRVTGGGAM_HLA-B*07:02,tcr6033,0
vdjdb_full_13694,TPRVTGGGAM_HLA-B*07:02,tcr5331,1
vdjdb_full_13694_ss_3_n0,TPRVTGGGAM_HLA-B*07:02,tcr5764,0
vdjdb_full_13804,TPRVTGGGAM_HLA-B*07:02,tcr17725,1
vdjdb_full_13804_ss_3_n0,TPRVTGGGAM_HLA-B*07:02,tcr8448,0
vdjdb_full_13739,TPRVTGGGAM_HLA-B*07:02,tcr8713,1
vdjdb_full_13739_ss_3_n0,TPRVTGGGAM_HLA-B*07:02,tcr15971,0
vdjdb_full_13859,TPRVTGGGAM_HLA-B*07:02,tcr4973,1
vdjdb_full_13859_ss_3_n0,TPRVTGGGAM_HLA-B*07:02,tcr5702,0
vdjdb_full_13850,TPRVTGGGAM_HLA-B*07:02,tcr8054,1
vdjdb_full_13850_ss_3_n0,TPRVTGGGAM_HLA-B*07:02,tcr13943,0
vdjdb_full_13805,TPRVTGGGAM_HLA-B*07:02,tcr18417,1
vdjdb_full_13805_ss_3_n0,TPRVTGGGAM_HLA-B*07:02,tcr5834,0
vdjdb_full_13845,TPRVTGGGAM_HLA-B*07:02,tcr7024,1
vdjdb_full_13845_ss_3_n0,TPRVTGGGAM_HLA-B*07:02,tcr10590,0
vdjdb_full_13718,TPRVTGGGAM_HLA-B*07:02,tcr17276,1
vdjdb_full_13718_ss_3_n0,TPRVTGGGAM_HLA-B*07:02,tcr15147,0
vdjdb_full_13853,TPRVTGGGAM_HLA-B*07:02,tcr3153,1
vdjdb_full_13853_ss_3_n0,TPRVTGGGAM_HLA-B*07:02,tcr7375,0
vdjdb_full_13796,TPRVTGGGAM_HLA-B*07:02,tcr9628,1
vdjdb_full_13796_ss_3_n0,TPRVTGGGAM_HLA-B*07:02,tcr2782,0
vdjdb_full_13810,TPRVTGGGAM_HLA-B*07:02,tcr4212,1
vdjdb_full_13810_ss_3_n0,TPRVTGGGAM_HLA-B*07:02,tcr8007,0
vdjdb_full_13822,TPRVTGGGAM_HLA-B*07:02,tcr17372,1
vdjdb_full_13822_ss_3_n0,TPRVTGGGAM_HLA-B*07:02,tcr9134,0
vdjdb_full_13729,TPRVTGGGAM_HLA-B*07:02,tcr14269,1
vdjdb_full_13729_ss_3_n0,TPRVTGGGAM_HLA-B*07:02,tcr7342,0
vdjdb_full_13797,TPRVTGGGAM_HLA-B*07:02,tcr8262,1
vdjdb_full_13797_ss_3_n0,TPRVTGGGAM_HLA-B*07:02,tcr14950,0
vdjdb_full_13714,TPRVTGGGAM_HLA-B*07:02,tcr2808,1
vdjdb_full_13714_ss_3_n0,TPRVTGGGAM_HLA-B*07:02,tcr8066,0
vdjdb_full_13874,TPRVTGGGAM_HLA-B*07:02,tcr7445,1
vdjdb_full_13874_ss_3_n0,TPRVTGGGAM_HLA-B*07:02,tcr7222,0
vdjdb_full_13771,TPRVTGGGAM_HLA-B*07:02,tcr5928,1
vdjdb_full_13771_ss_3_n0,TPRVTGGGAM_HLA-B*07:02,tcr11537,0
vdjdb_full_13808,TPRVTGGGAM_HLA-B*07:02,tcr11785,1
vdjdb_full_13808_ss_3_n0,TPRVTGGGAM_HLA-B*07:02,tcr8449,0
vdjdb_full_13703,TPRVTGGGAM_HLA-B*07:02,tcr6565,1
vdjdb_full_13703_ss_3_n0,TPRVTGGGAM_HLA-B*07:02,tcr17013,0
vdjdb_full_13800,TPRVTGGGAM_HLA-B*07:02,tcr1723,1
vdjdb_full_13800_ss_3_n0,TPRVTGGGAM_HLA-B*07:02,tcr12714,0
vdjdb_full_13698,TPRVTGGGAM_HLA-B*07:02,tcr14590,1
vdjdb_full_13698_ss_3_n0,TPRVTGGGAM_HLA-B*07:02,tcr7352,0
vdjdb_full_13719,TPRVTGGGAM_HLA-B*07:02,tcr12451,1
vdjdb_full_13719_ss_3_n0,TPRVTGGGAM_HLA-B*07:02,tcr9880,0
vdjdb_full_13829,TPRVTGGGAM_HLA-B*07:02,tcr3261,1
vdjdb_full_13829_ss_3_n0,TPRVTGGGAM_HLA-B*07:02,tcr12185,0
vdjdb_full_13696,TPRVTGGGAM_HLA-B*07:02,tcr16350,1
vdjdb_full_13696_ss_3_n0,TPRVTGGGAM_HLA-B*07:02,tcr16936,0
vdjdb_full_13725,TPRVTGGGAM_HLA-B*07:02,tcr697,1
vdjdb_full_13725_ss_3_n0,TPRVTGGGAM_HLA-B*07:02,tcr7574,0
vdjdb_full_13773,TPRVTGGGAM_HLA-B*07:02,tcr18197,1
vdjdb_full_13773_ss_3_n0,TPRVTGGGAM_HLA-B*07:02,tcr376,0
vdjdb_full_13842,TPRVTGGGAM_HLA-B*07:02,tcr3228,1
vdjdb_full_13842_ss_3_n0,TPRVTGGGAM_HLA-B*07:02,tcr115,0
vdjdb_full_13830,TPRVTGGGAM_HLA-B*07:02,tcr16558,1
vdjdb_full_13830_ss_3_n0,TPRVTGGGAM_HLA-B*07:02,tcr1435,0
vdjdb_full_13825,TPRVTGGGAM_HLA-B*07:02,tcr17302,1
vdjdb_full_13825_ss_3_n0,TPRVTGGGAM_HLA-B*07:02,tcr2996,0
vdjdb_full_13702,TPRVTGGGAM_HLA-B*07:02,tcr4113,1
vdjdb_full_13702_ss_3_n0,TPRVTGGGAM_HLA-B*07:02,tcr157,0
vdjdb_full_13867,TPRVTGGGAM_HLA-B*07:02,tcr15993,1
vdjdb_full_13867_ss_3_n0,TPRVTGGGAM_HLA-B*07:02,tcr1830,0
vdjdb_full_13844,TPRVTGGGAM_HLA-B*07:02,tcr13075,1
vdjdb_full_13844_ss_3_n0,TPRVTGGGAM_HLA-B*07:02,tcr18248,0
vdjdb_full_13691,TPRVTGGGAM_HLA-B*07:02,tcr8903,1
vdjdb_full_13691_ss_3_n0,TPRVTGGGAM_HLA-B*07:02,tcr10944,0
vdjdb_full_13834,TPRVTGGGAM_HLA-B*07:02,tcr1823,1
vdjdb_full_13834_ss_3_n0,TPRVTGGGAM_HLA-B*07:02,tcr12653,0
vdjdb_full_13765,TPRVTGGGAM_HLA-B*07:02,tcr11113,1
vdjdb_full_13765_ss_3_n0,TPRVTGGGAM_HLA-B*07:02,tcr11854,0
vdjdb_full_13759,TPRVTGGGAM_HLA-B*07:02,tcr5246,1
vdjdb_full_13759_ss_3_n0,TPRVTGGGAM_HLA-B*07:02,tcr15991,0
vdjdb_full_13737,TPRVTGGGAM_HLA-B*07:02,tcr6262,1
vdjdb_full_13737_ss_3_n0,TPRVTGGGAM_HLA-B*07:02,tcr7393,0
vdjdb_full_13817,TPRVTGGGAM_HLA-B*07:02,tcr3929,1
vdjdb_full_13817_ss_3_n0,TPRVTGGGAM_HLA-B*07:02,tcr10482,0
vdjdb_full_13720,TPRVTGGGAM_HLA-B*07:02,tcr2876,1
vdjdb_full_13720_ss_3_n0,TPRVTGGGAM_HLA-B*07:02,tcr10462,0
vdjdb_full_13733,TPRVTGGGAM_HLA-B*07:02,tcr4427,1
vdjdb_full_13733_ss_3_n0,TPRVTGGGAM_HLA-B*07:02,tcr7802,0
vdjdb_full_13836,TPRVTGGGAM_HLA-B*07:02,tcr10452,1
vdjdb_full_13836_ss_3_n0,TPRVTGGGAM_HLA-B*07:02,tcr7002,0
vdjdb_full_13837,TPRVTGGGAM_HLA-B*07:02,tcr3494,1
vdjdb_full_13837_ss_3_n0,TPRVTGGGAM_HLA-B*07:02,tcr4649,0
vdjdb_full_13717,TPRVTGGGAM_HLA-B*07:02,tcr16325,1
vdjdb_full_13717_ss_3_n0,TPRVTGGGAM_HLA-B*07:02,tcr8169,0
vdjdb_full_13715,TPRVTGGGAM_HLA-B*07:02,tcr12590,1
vdjdb_full_13715_ss_3_n0,TPRVTGGGAM_HLA-B*07:02,tcr6014,0
vdjdb_full_13832,TPRVTGGGAM_HLA-B*07:02,tcr14005,1
vdjdb_full_13832_ss_3_n0,TPRVTGGGAM_HLA-B*07:02,tcr1915,0
vdjdb_full_13776,TPRVTGGGAM_HLA-B*07:02,tcr862,1
vdjdb_full_13776_ss_3_n0,TPRVTGGGAM_HLA-B*07:02,tcr10831,0
vdjdb_full_13774,TPRVTGGGAM_HLA-B*07:02,tcr3791,1
vdjdb_full_13774_ss_3_n0,TPRVTGGGAM_HLA-B*07:02,tcr13756,0
vdjdb_full_13779,TPRVTGGGAM_HLA-B*07:02,tcr10777,1
vdjdb_full_13779_ss_3_n0,TPRVTGGGAM_HLA-B*07:02,tcr15971,0
vdjdb_full_11570,ATDALMTGF_HLA-A*01:01,tcr13451,1
vdjdb_full_11570_ss_3_n0,ATDALMTGF_HLA-A*01:01,tcr5409,0
vdjdb_full_11516,ATDALMTGF_HLA-A*01:01,tcr3287,1
vdjdb_full_11516_ss_3_n0,ATDALMTGF_HLA-A*01:01,tcr1302,0
vdjdb_full_11615,ATDALMTGF_HLA-A*01:01,tcr5813,1
vdjdb_full_11615_ss_3_n0,ATDALMTGF_HLA-A*01:01,tcr17646,0
vdjdb_full_11564,ATDALMTGF_HLA-A*01:01,tcr16812,1
vdjdb_full_11564_ss_3_n0,ATDALMTGF_HLA-A*01:01,tcr11046,0
vdjdb_full_11591,ATDALMTGF_HLA-A*01:01,tcr14754,1
vdjdb_full_11591_ss_3_n0,ATDALMTGF_HLA-A*01:01,tcr5349,0
vdjdb_full_11574,ATDALMTGF_HLA-A*01:01,tcr5184,1
vdjdb_full_11574_ss_3_n0,ATDALMTGF_HLA-A*01:01,tcr13625,0
vdjdb_full_11528,ATDALMTGF_HLA-A*01:01,tcr1955,1
vdjdb_full_11528_ss_3_n0,ATDALMTGF_HLA-A*01:01,tcr14150,0
vdjdb_full_11550,ATDALMTGF_HLA-A*01:01,tcr3675,1
vdjdb_full_11550_ss_3_n0,ATDALMTGF_HLA-A*01:01,tcr17866,0
vdjdb_full_11616,ATDALMTGF_HLA-A*01:01,tcr3460,1
vdjdb_full_11616_ss_3_n0,ATDALMTGF_HLA-A*01:01,tcr15847,0
vdjdb_full_11541,ATDALMTGF_HLA-A*01:01,tcr5907,1
vdjdb_full_11541_ss_3_n0,ATDALMTGF_HLA-A*01:01,tcr16350,0
vdjdb_full_11499,ATDALMTGF_HLA-A*01:01,tcr4517,1
vdjdb_full_11499_ss_3_n0,ATDALMTGF_HLA-A*01:01,tcr15800,0
vdjdb_full_11602,ATDALMTGF_HLA-A*01:01,tcr5359,1
vdjdb_full_11602_ss_3_n0,ATDALMTGF_HLA-A*01:01,tcr2437,0
vdjdb_full_11533,ATDALMTGF_HLA-A*01:01,tcr17287,1
vdjdb_full_11533_ss_3_n0,ATDALMTGF_HLA-A*01:01,tcr12916,0
vdjdb_full_11595,ATDALMTGF_HLA-A*01:01,tcr14141,1
vdjdb_full_11595_ss_3_n0,ATDALMTGF_HLA-A*01:01,tcr13871,0
vdjdb_full_11575,ATDALMTGF_HLA-A*01:01,tcr13448,1
vdjdb_full_11575_ss_3_n0,ATDALMTGF_HLA-A*01:01,tcr10322,0
vdjdb_full_11515,ATDALMTGF_HLA-A*01:01,tcr7939,1
vdjdb_full_11515_ss_3_n0,ATDALMTGF_HLA-A*01:01,tcr15717,0
vdjdb_full_11588,ATDALMTGF_HLA-A*01:01,tcr227,1
vdjdb_full_11588_ss_3_n0,ATDALMTGF_HLA-A*01:01,tcr723,0
vdjdb_full_11505,ATDALMTGF_HLA-A*01:01,tcr15850,1
vdjdb_full_11505_ss_3_n0,ATDALMTGF_HLA-A*01:01,tcr9547,0
vdjdb_full_11552,ATDALMTGF_HLA-A*01:01,tcr6616,1
vdjdb_full_11552_ss_3_n0,ATDALMTGF_HLA-A*01:01,tcr7451,0
vdjdb_full_11506,ATDALMTGF_HLA-A*01:01,tcr17107,1
vdjdb_full_11506_ss_3_n0,ATDALMTGF_HLA-A*01:01,tcr475,0
vdjdb_full_11542,ATDALMTGF_HLA-A*01:01,tcr1095,1
vdjdb_full_11542_ss_3_n0,ATDALMTGF_HLA-A*01:01,tcr3399,0
vdjdb_full_11523,ATDALMTGF_HLA-A*01:01,tcr2831,1
vdjdb_full_11523_ss_3_n0,ATDALMTGF_HLA-A*01:01,tcr6967,0
vdjdb_full_11573,ATDALMTGF_HLA-A*01:01,tcr3324,1
vdjdb_full_11573_ss_3_n0,ATDALMTGF_HLA-A*01:01,tcr1293,0
vdjdb_full_11494,ATDALMTGF_HLA-A*01:01,tcr16144,1
vdjdb_full_11494_ss_3_n0,ATDALMTGF_HLA-A*01:01,tcr17442,0
vdjdb_full_11553,ATDALMTGF_HLA-A*01:01,tcr5277,1
vdjdb_full_11553_ss_3_n0,ATDALMTGF_HLA-A*01:01,tcr10987,0
vdjdb_full_11537,ATDALMTGF_HLA-A*01:01,tcr1934,1
vdjdb_full_11537_ss_3_n0,ATDALMTGF_HLA-A*01:01,tcr11440,0
vdjdb_full_11565,ATDALMTGF_HLA-A*01:01,tcr5991,1
vdjdb_full_11565_ss_3_n0,ATDALMTGF_HLA-A*01:01,tcr2984,0
vdjdb_full_11507,ATDALMTGF_HLA-A*01:01,tcr5025,1
vdjdb_full_11507_ss_3_n0,ATDALMTGF_HLA-A*01:01,tcr3136,0
vdjdb_full_11608,ATDALMTGF_HLA-A*01:01,tcr13700,1
vdjdb_full_11608_ss_3_n0,ATDALMTGF_HLA-A*01:01,tcr3815,0
vdjdb_full_11623,ATDALMTGF_HLA-A*01:01,tcr2107,1
vdjdb_full_11623_ss_3_n0,ATDALMTGF_HLA-A*01:01,tcr16140,0
vdjdb_full_11524,ATDALMTGF_HLA-A*01:01,tcr5539,1
vdjdb_full_11524_ss_3_n0,ATDALMTGF_HLA-A*01:01,tcr17908,0
vdjdb_full_11521,ATDALMTGF_HLA-A*01:01,tcr9973,1
vdjdb_full_11521_ss_3_n0,ATDALMTGF_HLA-A*01:01,tcr12212,0
vdjdb_full_11544,ATDALMTGF_HLA-A*01:01,tcr7385,1
vdjdb_full_11544_ss_3_n0,ATDALMTGF_HLA-A*01:01,tcr583,0
vdjdb_full_11607,ATDALMTGF_HLA-A*01:01,tcr3873,1
vdjdb_full_11607_ss_3_n0,ATDALMTGF_HLA-A*01:01,tcr3869,0
vdjdb_full_11622,ATDALMTGF_HLA-A*01:01,tcr6943,1
vdjdb_full_11622_ss_3_n0,ATDALMTGF_HLA-A*01:01,tcr4519,0
vdjdb_full_11510,ATDALMTGF_HLA-A*01:01,tcr17024,1
vdjdb_full_11510_ss_3_n0,ATDALMTGF_HLA-A*01:01,tcr11785,0
vdjdb_full_11594,ATDALMTGF_HLA-A*01:01,tcr998,1
vdjdb_full_11594_ss_3_n0,ATDALMTGF_HLA-A*01:01,tcr9628,0
vdjdb_full_11519,ATDALMTGF_HLA-A*01:01,tcr7448,1
vdjdb_full_11519_ss_3_n0,ATDALMTGF_HLA-A*01:01,tcr566,0
vdjdb_full_11539,ATDALMTGF_HLA-A*01:01,tcr1000,1
vdjdb_full_11539_ss_3_n0,ATDALMTGF_HLA-A*01:01,tcr12622,0
vdjdb_full_11559,ATDALMTGF_HLA-A*01:01,tcr11990,1
vdjdb_full_11559_ss_3_n0,ATDALMTGF_HLA-A*01:01,tcr6201,0
vdjdb_full_11614,ATDALMTGF_HLA-A*01:01,tcr15600,1
vdjdb_full_11614_ss_3_n0,ATDALMTGF_HLA-A*01:01,tcr746,0
vdjdb_full_11527,ATDALMTGF_HLA-A*01:01,tcr3312,1
vdjdb_full_11527_ss_3_n0,ATDALMTGF_HLA-A*01:01,tcr17322,0
vdjdb_full_11562,ATDALMTGF_HLA-A*01:01,tcr11836,1
vdjdb_full_11562_ss_3_n0,ATDALMTGF_HLA-A*01:01,tcr16185,0
vdjdb_full_11593,ATDALMTGF_HLA-A*01:01,tcr17282,1
vdjdb_full_11593_ss_3_n0,ATDALMTGF_HLA-A*01:01,tcr3809,0
vdjdb_full_11504,ATDALMTGF_HLA-A*01:01,tcr15642,1
vdjdb_full_11504_ss_3_n0,ATDALMTGF_HLA-A*01:01,tcr12643,0
vdjdb_full_11530,ATDALMTGF_HLA-A*01:01,tcr10303,1
vdjdb_full_11530_ss_3_n0,ATDALMTGF_HLA-A*01:01,tcr14732,0
vdjdb_full_11561,ATDALMTGF_HLA-A*01:01,tcr9744,1
vdjdb_full_11561_ss_3_n0,ATDALMTGF_HLA-A*01:01,tcr16611,0
vdjdb_full_11522,ATDALMTGF_HLA-A*01:01,tcr3584,1
vdjdb_full_11522_ss_3_n0,ATDALMTGF_HLA-A*01:01,tcr17142,0
vdjdb_full_11612,ATDALMTGF_HLA-A*01:01,tcr4464,1
vdjdb_full_11612_ss_3_n0,ATDALMTGF_HLA-A*01:01,tcr13544,0
vdjdb_full_11525,ATDALMTGF_HLA-A*01:01,tcr15581,1
vdjdb_full_11525_ss_3_n0,ATDALMTGF_HLA-A*01:01,tcr8289,0
vdjdb_full_11577,ATDALMTGF_HLA-A*01:01,tcr5257,1
vdjdb_full_11577_ss_3_n0,ATDALMTGF_HLA-A*01:01,tcr11241,0
vdjdb_full_11586,ATDALMTGF_HLA-A*01:01,tcr11326,1
vdjdb_full_11586_ss_3_n0,ATDALMTGF_HLA-A*01:01,tcr7002,0
vdjdb_full_11500,ATDALMTGF_HLA-A*01:01,tcr6928,1
vdjdb_full_11500_ss_3_n0,ATDALMTGF_HLA-A*01:01,tcr16104,0
vdjdb_full_11563,ATDALMTGF_HLA-A*01:01,tcr5775,1
vdjdb_full_11563_ss_3_n0,ATDALMTGF_HLA-A*01:01,tcr12086,0
vdjdb_full_11619,ATDALMTGF_HLA-A*01:01,tcr11596,1
vdjdb_full_11619_ss_3_n0,ATDALMTGF_HLA-A*01:01,tcr11094,0
vdjdb_full_11536,ATDALMTGF_HLA-A*01:01,tcr13734,1
vdjdb_full_11536_ss_3_n0,ATDALMTGF_HLA-A*01:01,tcr784,0
vdjdb_full_11546,ATDALMTGF_HLA-A*01:01,tcr14682,1
vdjdb_full_11546_ss_3_n0,ATDALMTGF_HLA-A*01:01,tcr12012,0
vdjdb_full_11532,ATDALMTGF_HLA-A*01:01,tcr5195,1
vdjdb_full_11532_ss_3_n0,ATDALMTGF_HLA-A*01:01,tcr10752,0
vdjdb_full_11511,ATDALMTGF_HLA-A*01:01,tcr10293,1
vdjdb_full_11511_ss_3_n0,ATDALMTGF_HLA-A*01:01,tcr17681,0
vdjdb_full_11566,ATDALMTGF_HLA-A*01:01,tcr6963,1
vdjdb_full_11566_ss_3_n0,ATDALMTGF_HLA-A*01:01,tcr9308,0
vdjdb_full_11531,ATDALMTGF_HLA-A*01:01,tcr4497,1
vdjdb_full_11531_ss_3_n0,ATDALMTGF_HLA-A*01:01,tcr10034,0
vdjdb_full_11580,ATDALMTGF_HLA-A*01:01,tcr8164,1
vdjdb_full_11580_ss_3_n0,ATDALMTGF_HLA-A*01:01,tcr15012,0
vdjdb_full_11502,ATDALMTGF_HLA-A*01:01,tcr1680,1
vdjdb_full_11502_ss_3_n0,ATDALMTGF_HLA-A*01:01,tcr4629,0
vdjdb_full_11618,ATDALMTGF_HLA-A*01:01,tcr9863,1
vdjdb_full_11618_ss_3_n0,ATDALMTGF_HLA-A*01:01,tcr5307,0
vdjdb_full_11540,ATDALMTGF_HLA-A*01:01,tcr6303,1
vdjdb_full_11540_ss_3_n0,ATDALMTGF_HLA-A*01:01,tcr18113,0
vdjdb_full_11567,ATDALMTGF_HLA-A*01:01,tcr8877,1
vdjdb_full_11567_ss_3_n0,ATDALMTGF_HLA-A*01:01,tcr8090,0
vdjdb_full_11599,ATDALMTGF_HLA-A*01:01,tcr3615,1
vdjdb_full_11599_ss_3_n0,ATDALMTGF_HLA-A*01:01,tcr8578,0
vdjdb_full_11620,ATDALMTGF_HLA-A*01:01,tcr16594,1
vdjdb_full_11620_ss_3_n0,ATDALMTGF_HLA-A*01:01,tcr10449,0
vdjdb_full_11503,ATDALMTGF_HLA-A*01:01,tcr10991,1
vdjdb_full_11503_ss_3_n0,ATDALMTGF_HLA-A*01:01,tcr4460,0
vdjdb_full_11508,ATDALMTGF_HLA-A*01:01,tcr15069,1
vdjdb_full_11508_ss_3_n0,ATDALMTGF_HLA-A*01:01,tcr16572,0
vdjdb_full_11590,ATDALMTGF_HLA-A*01:01,tcr7159,1
vdjdb_full_11590_ss_3_n0,ATDALMTGF_HLA-A*01:01,tcr430,0
vdjdb_full_11498,ATDALMTGF_HLA-A*01:01,tcr1790,1
vdjdb_full_11498_ss_3_n0,ATDALMTGF_HLA-A*01:01,tcr11855,0
vdjdb_full_11514,ATDALMTGF_HLA-A*01:01,tcr13149,1
vdjdb_full_11514_ss_3_n0,ATDALMTGF_HLA-A*01:01,tcr3690,0
vdjdb_full_11535,ATDALMTGF_HLA-A*01:01,tcr2482,1
vdjdb_full_11535_ss_3_n0,ATDALMTGF_HLA-A*01:01,tcr9820,0
vdjdb_full_11569,ATDALMTGF_HLA-A*01:01,tcr16605,1
vdjdb_full_11569_ss_3_n0,ATDALMTGF_HLA-A*01:01,tcr123,0
vdjdb_full_11596,ATDALMTGF_HLA-A*01:01,tcr14513,1
vdjdb_full_11596_ss_3_n0,ATDALMTGF_HLA-A*01:01,tcr10616,0
vdjdb_full_11501,ATDALMTGF_HLA-A*01:01,tcr248,1
vdjdb_full_11501_ss_3_n0,ATDALMTGF_HLA-A*01:01,tcr17923,0
vdjdb_full_11578,ATDALMTGF_HLA-A*01:01,tcr16098,1
vdjdb_full_11578_ss_3_n0,ATDALMTGF_HLA-A*01:01,tcr3373,0
vdjdb_full_11606,ATDALMTGF_HLA-A*01:01,tcr16545,1
vdjdb_full_11606_ss_3_n0,ATDALMTGF_HLA-A*01:01,tcr7702,0
vdjdb_full_11598,ATDALMTGF_HLA-A*01:01,tcr5204,1
vdjdb_full_11598_ss_3_n0,ATDALMTGF_HLA-A*01:01,tcr8966,0
vdjdb_full_11551,ATDALMTGF_HLA-A*01:01,tcr3982,1
vdjdb_full_11551_ss_3_n0,ATDALMTGF_HLA-A*01:01,tcr11262,0
vdjdb_full_11547,ATDALMTGF_HLA-A*01:01,tcr9971,1
vdjdb_full_11547_ss_3_n0,ATDALMTGF_HLA-A*01:01,tcr11757,0
vdjdb_full_11581,ATDALMTGF_HLA-A*01:01,tcr64,1
vdjdb_full_11581_ss_3_n0,ATDALMTGF_HLA-A*01:01,tcr12902,0
vdjdb_full_11543,ATDALMTGF_HLA-A*01:01,tcr3034,1
vdjdb_full_11543_ss_3_n0,ATDALMTGF_HLA-A*01:01,tcr10626,0
vdjdb_full_11582,ATDALMTGF_HLA-A*01:01,tcr11930,1
vdjdb_full_11582_ss_3_n0,ATDALMTGF_HLA-A*01:01,tcr18110,0
vdjdb_full_11558,ATDALMTGF_HLA-A*01:01,tcr16849,1
vdjdb_full_11558_ss_3_n0,ATDALMTGF_HLA-A*01:01,tcr12298,0
vdjdb_full_11621,ATDALMTGF_HLA-A*01:01,tcr14461,1
vdjdb_full_11621_ss_3_n0,ATDALMTGF_HLA-A*01:01,tcr12108,0
vdjdb_full_11576,ATDALMTGF_HLA-A*01:01,tcr5551,1
vdjdb_full_11576_ss_3_n0,ATDALMTGF_HLA-A*01:01,tcr15980,0
vdjdb_full_11609,ATDALMTGF_HLA-A*01:01,tcr1460,1
vdjdb_full_11609_ss_3_n0,ATDALMTGF_HLA-A*01:01,tcr15487,0
vdjdb_full_11538,ATDALMTGF_HLA-A*01:01,tcr598,1
vdjdb_full_11538_ss_3_n0,ATDALMTGF_HLA-A*01:01,tcr17037,0
vdjdb_full_11555,ATDALMTGF_HLA-A*01:01,tcr944,1
vdjdb_full_11555_ss_3_n0,ATDALMTGF_HLA-A*01:01,tcr2349,0
vdjdb_full_11587,ATDALMTGF_HLA-A*01:01,tcr9033,1
vdjdb_full_11587_ss_3_n0,ATDALMTGF_HLA-A*01:01,tcr15445,0
vdjdb_full_11545,ATDALMTGF_HLA-A*01:01,tcr8617,1
vdjdb_full_11545_ss_3_n0,ATDALMTGF_HLA-A*01:01,tcr14975,0
vdjdb_full_11585,ATDALMTGF_HLA-A*01:01,tcr17586,1
vdjdb_full_11585_ss_3_n0,ATDALMTGF_HLA-A*01:01,tcr13268,0
vdjdb_full_11605,ATDALMTGF_HLA-A*01:01,tcr17402,1
vdjdb_full_11605_ss_3_n0,ATDALMTGF_HLA-A*01:01,tcr10804,0
vdjdb_full_11554,ATDALMTGF_HLA-A*01:01,tcr16932,1
vdjdb_full_11554_ss_3_n0,ATDALMTGF_HLA-A*01:01,tcr14181,0
vdjdb_full_11572,ATDALMTGF_HLA-A*01:01,tcr4144,1
vdjdb_full_11572_ss_3_n0,ATDALMTGF_HLA-A*01:01,tcr4188,0
vdjdb_full_11529,ATDALMTGF_HLA-A*01:01,tcr6862,1
vdjdb_full_11529_ss_3_n0,ATDALMTGF_HLA-A*01:01,tcr6558,0
vdjdb_full_11617,ATDALMTGF_HLA-A*01:01,tcr11076,1
vdjdb_full_11617_ss_3_n0,ATDALMTGF_HLA-A*01:01,tcr1483,0
vdjdb_full_11556,ATDALMTGF_HLA-A*01:01,tcr3272,1
vdjdb_full_11556_ss_3_n0,ATDALMTGF_HLA-A*01:01,tcr7926,0
vdjdb_full_10567,LTDEMIAQY_HLA-A*01:01,tcr640,1
vdjdb_full_10567_ss_3_n0,LTDEMIAQY_HLA-A*01:01,tcr6559,0
vdjdb_full_10594,LTDEMIAQY_HLA-A*01:01,tcr4233,1
vdjdb_full_10594_ss_3_n0,LTDEMIAQY_HLA-A*01:01,tcr5848,0
vdjdb_full_10587,LTDEMIAQY_HLA-A*01:01,tcr13013,1
vdjdb_full_10587_ss_3_n0,LTDEMIAQY_HLA-A*01:01,tcr10556,0
vdjdb_full_10628,LTDEMIAQY_HLA-A*01:01,tcr278,1
vdjdb_full_10628_ss_3_n0,LTDEMIAQY_HLA-A*01:01,tcr3275,0
vdjdb_full_10605,LTDEMIAQY_HLA-A*01:01,tcr15833,1
vdjdb_full_10605_ss_3_n0,LTDEMIAQY_HLA-A*01:01,tcr5870,0
vdjdb_full_10642,LTDEMIAQY_HLA-A*01:01,tcr5278,1
vdjdb_full_10642_ss_3_n0,LTDEMIAQY_HLA-A*01:01,tcr1149,0
vdjdb_full_10608,LTDEMIAQY_HLA-A*01:01,tcr14575,1
vdjdb_full_10608_ss_3_n0,LTDEMIAQY_HLA-A*01:01,tcr9296,0
vdjdb_full_10678,LTDEMIAQY_HLA-A*01:01,tcr5910,1
vdjdb_full_10678_ss_3_n0,LTDEMIAQY_HLA-A*01:01,tcr10044,0
vdjdb_full_10677,LTDEMIAQY_HLA-A*01:01,tcr14632,1
vdjdb_full_10677_ss_3_n0,LTDEMIAQY_HLA-A*01:01,tcr13403,0
vdjdb_full_10551,LTDEMIAQY_HLA-A*01:01,tcr3427,1
vdjdb_full_10551_ss_3_n0,LTDEMIAQY_HLA-A*01:01,tcr9308,0
vdjdb_full_10577,LTDEMIAQY_HLA-A*01:01,tcr2135,1
vdjdb_full_10577_ss_3_n0,LTDEMIAQY_HLA-A*01:01,tcr6097,0
vdjdb_full_10654,LTDEMIAQY_HLA-A*01:01,tcr920,1
vdjdb_full_10654_ss_3_n0,LTDEMIAQY_HLA-A*01:01,tcr4424,0
vdjdb_full_10596,LTDEMIAQY_HLA-A*01:01,tcr3080,1
vdjdb_full_10596_ss_3_n0,LTDEMIAQY_HLA-A*01:01,tcr1751,0
vdjdb_full_10647,LTDEMIAQY_HLA-A*01:01,tcr14334,1
vdjdb_full_10647_ss_3_n0,LTDEMIAQY_HLA-A*01:01,tcr10303,0
vdjdb_full_10568,LTDEMIAQY_HLA-A*01:01,tcr6471,1
vdjdb_full_10568_ss_3_n0,LTDEMIAQY_HLA-A*01:01,tcr15462,0
vdjdb_full_10629,LTDEMIAQY_HLA-A*01:01,tcr16324,1
vdjdb_full_10629_ss_3_n0,LTDEMIAQY_HLA-A*01:01,tcr2671,0
vdjdb_full_10558,LTDEMIAQY_HLA-A*01:01,tcr18035,1
vdjdb_full_10558_ss_3_n0,LTDEMIAQY_HLA-A*01:01,tcr8625,0
vdjdb_full_10653,LTDEMIAQY_HLA-A*01:01,tcr16182,1
vdjdb_full_10653_ss_3_n0,LTDEMIAQY_HLA-A*01:01,tcr8639,0
vdjdb_full_10559,LTDEMIAQY_HLA-A*01:01,tcr4761,1
vdjdb_full_10559_ss_3_n0,LTDEMIAQY_HLA-A*01:01,tcr11930,0
vdjdb_full_10667,LTDEMIAQY_HLA-A*01:01,tcr4357,1
vdjdb_full_10667_ss_3_n0,LTDEMIAQY_HLA-A*01:01,tcr11539,0
vdjdb_full_10599,LTDEMIAQY_HLA-A*01:01,tcr11940,1
vdjdb_full_10599_ss_3_n0,LTDEMIAQY_HLA-A*01:01,tcr17738,0
vdjdb_full_10630,LTDEMIAQY_HLA-A*01:01,tcr10708,1
vdjdb_full_10630_ss_3_n0,LTDEMIAQY_HLA-A*01:01,tcr15745,0
vdjdb_full_10546,LTDEMIAQY_HLA-A*01:01,tcr10649,1
vdjdb_full_10546_ss_3_n0,LTDEMIAQY_HLA-A*01:01,tcr814,0
vdjdb_full_10576,LTDEMIAQY_HLA-A*01:01,tcr8007,1
vdjdb_full_10576_ss_3_n0,LTDEMIAQY_HLA-A*01:01,tcr17966,0
vdjdb_full_10581,LTDEMIAQY_HLA-A*01:01,tcr685,1
vdjdb_full_10581_ss_3_n0,LTDEMIAQY_HLA-A*01:01,tcr5839,0
vdjdb_full_10619,LTDEMIAQY_HLA-A*01:01,tcr10595,1
vdjdb_full_10619_ss_3_n0,LTDEMIAQY_HLA-A*01:01,tcr8914,0
vdjdb_full_10560,LTDEMIAQY_HLA-A*01:01,tcr44,1
vdjdb_full_10560_ss_3_n0,LTDEMIAQY_HLA-A*01:01,tcr18147,0
vdjdb_full_10574,LTDEMIAQY_HLA-A*01:01,tcr10689,1
vdjdb_full_10574_ss_3_n0,LTDEMIAQY_HLA-A*01:01,tcr18314,0
vdjdb_full_10597,LTDEMIAQY_HLA-A*01:01,tcr3269,1
vdjdb_full_10597_ss_3_n0,LTDEMIAQY_HLA-A*01:01,tcr17407,0
vdjdb_full_10661,LTDEMIAQY_HLA-A*01:01,tcr13790,1
vdjdb_full_10661_ss_3_n0,LTDEMIAQY_HLA-A*01:01,tcr8219,0
vdjdb_full_10641,LTDEMIAQY_HLA-A*01:01,tcr2619,1
vdjdb_full_10641_ss_3_n0,LTDEMIAQY_HLA-A*01:01,tcr12212,0
vdjdb_full_10625,LTDEMIAQY_HLA-A*01:01,tcr3352,1
vdjdb_full_10625_ss_3_n0,LTDEMIAQY_HLA-A*01:01,tcr929,0
vdjdb_full_10616,LTDEMIAQY_HLA-A*01:01,tcr4899,1
vdjdb_full_10616_ss_3_n0,LTDEMIAQY_HLA-A*01:01,tcr17958,0
vdjdb_full_10564,LTDEMIAQY_HLA-A*01:01,tcr5112,1
vdjdb_full_10564_ss_3_n0,LTDEMIAQY_HLA-A*01:01,tcr13863,0
vdjdb_full_10665,LTDEMIAQY_HLA-A*01:01,tcr9812,1
vdjdb_full_10665_ss_3_n0,LTDEMIAQY_HLA-A*01:01,tcr11439,0
vdjdb_full_10572,LTDEMIAQY_HLA-A*01:01,tcr856,1
vdjdb_full_10572_ss_3_n0,LTDEMIAQY_HLA-A*01:01,tcr11047,0
vdjdb_full_10592,LTDEMIAQY_HLA-A*01:01,tcr13943,1
vdjdb_full_10592_ss_3_n0,LTDEMIAQY_HLA-A*01:01,tcr7377,0
vdjdb_full_10633,LTDEMIAQY_HLA-A*01:01,tcr8631,1
vdjdb_full_10633_ss_3_n0,LTDEMIAQY_HLA-A*01:01,tcr12783,0
vdjdb_full_10637,LTDEMIAQY_HLA-A*01:01,tcr6879,1
vdjdb_full_10637_ss_3_n0,LTDEMIAQY_HLA-A*01:01,tcr5629,0
vdjdb_full_10580,LTDEMIAQY_HLA-A*01:01,tcr8783,1
vdjdb_full_10580_ss_3_n0,LTDEMIAQY_HLA-A*01:01,tcr609,0
vdjdb_full_10645,LTDEMIAQY_HLA-A*01:01,tcr18251,1
vdjdb_full_10645_ss_3_n0,LTDEMIAQY_HLA-A*01:01,tcr18103,0
vdjdb_full_10607,LTDEMIAQY_HLA-A*01:01,tcr588,1
vdjdb_full_10607_ss_3_n0,LTDEMIAQY_HLA-A*01:01,tcr6020,0
vdjdb_full_10557,LTDEMIAQY_HLA-A*01:01,tcr8162,1
vdjdb_full_10557_ss_3_n0,LTDEMIAQY_HLA-A*01:01,tcr1417,0
vdjdb_full_10583,LTDEMIAQY_HLA-A*01:01,tcr13805,1
vdjdb_full_10583_ss_3_n0,LTDEMIAQY_HLA-A*01:01,tcr6149,0
vdjdb_full_10614,LTDEMIAQY_HLA-A*01:01,tcr13081,1
vdjdb_full_10614_ss_3_n0,LTDEMIAQY_HLA-A*01:01,tcr9623,0
vdjdb_full_10575,LTDEMIAQY_HLA-A*01:01,tcr4349,1
vdjdb_full_10575_ss_3_n0,LTDEMIAQY_HLA-A*01:01,tcr8220,0
vdjdb_full_10673,LTDEMIAQY_HLA-A*01:01,tcr6311,1
vdjdb_full_10673_ss_3_n0,LTDEMIAQY_HLA-A*01:01,tcr9837,0
vdjdb_full_10578,LTDEMIAQY_HLA-A*01:01,tcr4042,1
vdjdb_full_10578_ss_3_n0,LTDEMIAQY_HLA-A*01:01,tcr13090,0
vdjdb_full_10618,LTDEMIAQY_HLA-A*01:01,tcr13004,1
vdjdb_full_10618_ss_3_n0,LTDEMIAQY_HLA-A*01:01,tcr1242,0
vdjdb_full_10643,LTDEMIAQY_HLA-A*01:01,tcr9157,1
vdjdb_full_10643_ss_3_n0,LTDEMIAQY_HLA-A*01:01,tcr4680,0
vdjdb_full_10552,LTDEMIAQY_HLA-A*01:01,tcr397,1
vdjdb_full_10552_ss_3_n0,LTDEMIAQY_HLA-A*01:01,tcr9415,0
vdjdb_full_10617,LTDEMIAQY_HLA-A*01:01,tcr14510,1
vdjdb_full_10617_ss_3_n0,LTDEMIAQY_HLA-A*01:01,tcr559,0
vdjdb_full_10622,LTDEMIAQY_HLA-A*01:01,tcr6709,1
vdjdb_full_10622_ss_3_n0,LTDEMIAQY_HLA-A*01:01,tcr3043,0
vdjdb_full_10590,LTDEMIAQY_HLA-A*01:01,tcr1116,1
vdjdb_full_10590_ss_3_n0,LTDEMIAQY_HLA-A*01:01,tcr2147,0
vdjdb_full_10601,LTDEMIAQY_HLA-A*01:01,tcr5509,1
vdjdb_full_10601_ss_3_n0,LTDEMIAQY_HLA-A*01:01,tcr15580,0
vdjdb_full_10585,LTDEMIAQY_HLA-A*01:01,tcr2187,1
vdjdb_full_10585_ss_3_n0,LTDEMIAQY_HLA-A*01:01,tcr13777,0
vdjdb_full_10565,LTDEMIAQY_HLA-A*01:01,tcr635,1
vdjdb_full_10565_ss_3_n0,LTDEMIAQY_HLA-A*01:01,tcr15615,0
vdjdb_full_10620,LTDEMIAQY_HLA-A*01:01,tcr8763,1
vdjdb_full_10620_ss_3_n0,LTDEMIAQY_HLA-A*01:01,tcr7645,0
vdjdb_full_10584,LTDEMIAQY_HLA-A*01:01,tcr11980,1
vdjdb_full_10584_ss_3_n0,LTDEMIAQY_HLA-A*01:01,tcr15506,0
vdjdb_full_10668,LTDEMIAQY_HLA-A*01:01,tcr3665,1
vdjdb_full_10668_ss_3_n0,LTDEMIAQY_HLA-A*01:01,tcr1681,0
vdjdb_full_10554,LTDEMIAQY_HLA-A*01:01,tcr15612,1
vdjdb_full_10554_ss_3_n0,LTDEMIAQY_HLA-A*01:01,tcr17672,0
vdjdb_full_10671,LTDEMIAQY_HLA-A*01:01,tcr1586,1
vdjdb_full_10671_ss_3_n0,LTDEMIAQY_HLA-A*01:01,tcr7464,0
vdjdb_full_10595,LTDEMIAQY_HLA-A*01:01,tcr4667,1
vdjdb_full_10595_ss_3_n0,LTDEMIAQY_HLA-A*01:01,tcr10929,0
vdjdb_full_10646,LTDEMIAQY_HLA-A*01:01,tcr11504,1
vdjdb_full_10646_ss_3_n0,LTDEMIAQY_HLA-A*01:01,tcr9296,0
vdjdb_full_10621,LTDEMIAQY_HLA-A*01:01,tcr14638,1
vdjdb_full_10621_ss_3_n0,LTDEMIAQY_HLA-A*01:01,tcr9435,0
vdjdb_full_10663,LTDEMIAQY_HLA-A*01:01,tcr17724,1
vdjdb_full_10663_ss_3_n0,LTDEMIAQY_HLA-A*01:01,tcr17247,0
vdjdb_full_10658,LTDEMIAQY_HLA-A*01:01,tcr15051,1
vdjdb_full_10658_ss_3_n0,LTDEMIAQY_HLA-A*01:01,tcr7531,0
vdjdb_full_10555,LTDEMIAQY_HLA-A*01:01,tcr8597,1
vdjdb_full_10555_ss_3_n0,LTDEMIAQY_HLA-A*01:01,tcr13625,0
vdjdb_full_10562,LTDEMIAQY_HLA-A*01:01,tcr16247,1
vdjdb_full_10562_ss_3_n0,LTDEMIAQY_HLA-A*01:01,tcr14460,0
vdjdb_full_10669,LTDEMIAQY_HLA-A*01:01,tcr14066,1
vdjdb_full_10669_ss_3_n0,LTDEMIAQY_HLA-A*01:01,tcr15890,0
vdjdb_full_10550,LTDEMIAQY_HLA-A*01:01,tcr11369,1
vdjdb_full_10550_ss_3_n0,LTDEMIAQY_HLA-A*01:01,tcr13345,0
vdjdb_full_10566,LTDEMIAQY_HLA-A*01:01,tcr3351,1
vdjdb_full_10566_ss_3_n0,LTDEMIAQY_HLA-A*01:01,tcr7709,0
vdjdb_full_10589,LTDEMIAQY_HLA-A*01:01,tcr602,1
vdjdb_full_10589_ss_3_n0,LTDEMIAQY_HLA-A*01:01,tcr4896,0
vdjdb_full_10624,LTDEMIAQY_HLA-A*01:01,tcr1101,1
vdjdb_full_10624_ss_3_n0,LTDEMIAQY_HLA-A*01:01,tcr6302,0
vdjdb_full_10649,LTDEMIAQY_HLA-A*01:01,tcr17386,1
vdjdb_full_10649_ss_3_n0,LTDEMIAQY_HLA-A*01:01,tcr14466,0
vdjdb_full_10553,LTDEMIAQY_HLA-A*01:01,tcr18270,1
vdjdb_full_10553_ss_3_n0,LTDEMIAQY_HLA-A*01:01,tcr1125,0
vdjdb_full_10632,LTDEMIAQY_HLA-A*01:01,tcr12200,1
vdjdb_full_10632_ss_3_n0,LTDEMIAQY_HLA-A*01:01,tcr14600,0
vdjdb_full_10675,LTDEMIAQY_HLA-A*01:01,tcr4407,1
vdjdb_full_10675_ss_3_n0,LTDEMIAQY_HLA-A*01:01,tcr16493,0
vdjdb_full_10651,LTDEMIAQY_HLA-A*01:01,tcr15800,1
vdjdb_full_10651_ss_3_n0,LTDEMIAQY_HLA-A*01:01,tcr4625,0
vdjdb_full_10606,LTDEMIAQY_HLA-A*01:01,tcr3012,1
vdjdb_full_10606_ss_3_n0,LTDEMIAQY_HLA-A*01:01,tcr9507,0
vdjdb_full_10602,LTDEMIAQY_HLA-A*01:01,tcr14745,1
vdjdb_full_10602_ss_3_n0,LTDEMIAQY_HLA-A*01:01,tcr14715,0
vdjdb_full_10635,LTDEMIAQY_HLA-A*01:01,tcr5749,1
vdjdb_full_10635_ss_3_n0,LTDEMIAQY_HLA-A*01:01,tcr6584,0
vdjdb_full_10598,LTDEMIAQY_HLA-A*01:01,tcr17294,1
vdjdb_full_10598_ss_3_n0,LTDEMIAQY_HLA-A*01:01,tcr524,0
vdjdb_full_10636,LTDEMIAQY_HLA-A*01:01,tcr2826,1
vdjdb_full_10636_ss_3_n0,LTDEMIAQY_HLA-A*01:01,tcr14448,0
vdjdb_full_10613,LTDEMIAQY_HLA-A*01:01,tcr10462,1
vdjdb_full_10613_ss_3_n0,LTDEMIAQY_HLA-A*01:01,tcr17225,0
vdjdb_full_10676,LTDEMIAQY_HLA-A*01:01,tcr4124,1
vdjdb_full_10676_ss_3_n0,LTDEMIAQY_HLA-A*01:01,tcr18230,0
vdjdb_full_10631,LTDEMIAQY_HLA-A*01:01,tcr7423,1
vdjdb_full_10631_ss_3_n0,LTDEMIAQY_HLA-A*01:01,tcr15335,0
vdjdb_full_10650,LTDEMIAQY_HLA-A*01:01,tcr4402,1
vdjdb_full_10650_ss_3_n0,LTDEMIAQY_HLA-A*01:01,tcr9889,0
vdjdb_full_10593,LTDEMIAQY_HLA-A*01:01,tcr6918,1
vdjdb_full_10593_ss_3_n0,LTDEMIAQY_HLA-A*01:01,tcr2107,0
vdjdb_full_10610,LTDEMIAQY_HLA-A*01:01,tcr12979,1
vdjdb_full_10610_ss_3_n0,LTDEMIAQY_HLA-A*01:01,tcr12842,0
vdjdb_full_10600,LTDEMIAQY_HLA-A*01:01,tcr2048,1
vdjdb_full_10600_ss_3_n0,LTDEMIAQY_HLA-A*01:01,tcr4649,0
vdjdb_full_10640,LTDEMIAQY_HLA-A*01:01,tcr2131,1
vdjdb_full_10640_ss_3_n0,LTDEMIAQY_HLA-A*01:01,tcr15730,0
vdjdb_full_10659,LTDEMIAQY_HLA-A*01:01,tcr2891,1
vdjdb_full_10659_ss_3_n0,LTDEMIAQY_HLA-A*01:01,tcr12076,0
vdjdb_full_10609,LTDEMIAQY_HLA-A*01:01,tcr15164,1
vdjdb_full_10609_ss_3_n0,LTDEMIAQY_HLA-A*01:01,tcr10970,0
vdjdb_full_10627,LTDEMIAQY_HLA-A*01:01,tcr383,1
vdjdb_full_10627_ss_3_n0,LTDEMIAQY_HLA-A*01:01,tcr13319,0
vdjdb_full_10582,LTDEMIAQY_HLA-A*01:01,tcr6344,1
vdjdb_full_10582_ss_3_n0,LTDEMIAQY_HLA-A*01:01,tcr6158,0
vdjdb_full_10670,LTDEMIAQY_HLA-A*01:01,tcr4006,1
vdjdb_full_10670_ss_3_n0,LTDEMIAQY_HLA-A*01:01,tcr17415,0
vdjdb_full_10611,LTDEMIAQY_HLA-A*01:01,tcr7637,1
vdjdb_full_10611_ss_3_n0,LTDEMIAQY_HLA-A*01:01,tcr2055,0
vdjdb_full_10615,LTDEMIAQY_HLA-A*01:01,tcr12027,1
vdjdb_full_10615_ss_3_n0,LTDEMIAQY_HLA-A*01:01,tcr7683,0
vdjdb_full_10662,LTDEMIAQY_HLA-A*01:01,tcr15742,1
vdjdb_full_10662_ss_3_n0,LTDEMIAQY_HLA-A*01:01,tcr16118,0
vdjdb_full_13467,FLYALALLL_HLA-A*02:01,tcr8299,1
vdjdb_full_13467_ss_3_n0,FLYALALLL_HLA-A*02:01,tcr6743,0
vdjdb_full_13391,FLYALALLL_HLA-A*02:01,tcr13424,1
vdjdb_full_13391_ss_3_n0,FLYALALLL_HLA-A*02:01,tcr1824,0
vdjdb_full_13427,FLYALALLL_HLA-A*02:01,tcr16460,1
vdjdb_full_13427_ss_3_n0,FLYALALLL_HLA-A*02:01,tcr9277,0
vdjdb_full_13456,FLYALALLL_HLA-A*02:01,tcr7238,1
vdjdb_full_13456_ss_3_n0,FLYALALLL_HLA-A*02:01,tcr13962,0
vdjdb_full_13397,FLYALALLL_HLA-A*02:01,tcr12100,1
vdjdb_full_13397_ss_3_n0,FLYALALLL_HLA-A*02:01,tcr11888,0
vdjdb_full_13432,FLYALALLL_HLA-A*02:01,tcr11641,1
vdjdb_full_13432_ss_3_n0,FLYALALLL_HLA-A*02:01,tcr15689,0
vdjdb_full_13457,FLYALALLL_HLA-A*02:01,tcr4595,1
vdjdb_full_13457_ss_3_n0,FLYALALLL_HLA-A*02:01,tcr8448,0
vdjdb_full_13453,FLYALALLL_HLA-A*02:01,tcr9443,1
vdjdb_full_13453_ss_3_n0,FLYALALLL_HLA-A*02:01,tcr11115,0
vdjdb_full_13434,FLYALALLL_HLA-A*02:01,tcr14231,1
vdjdb_full_13434_ss_3_n0,FLYALALLL_HLA-A*02:01,tcr9173,0
vdjdb_full_13398,FLYALALLL_HLA-A*02:01,tcr3944,1
vdjdb_full_13398_ss_3_n0,FLYALALLL_HLA-A*02:01,tcr3318,0
vdjdb_full_13485,FLYALALLL_HLA-A*02:01,tcr814,1
vdjdb_full_13485_ss_3_n0,FLYALALLL_HLA-A*02:01,tcr4883,0
vdjdb_full_13423,FLYALALLL_HLA-A*02:01,tcr16609,1
vdjdb_full_13423_ss_3_n0,FLYALALLL_HLA-A*02:01,tcr17415,0
vdjdb_full_13470,FLYALALLL_HLA-A*02:01,tcr1457,1
vdjdb_full_13470_ss_3_n0,FLYALALLL_HLA-A*02:01,tcr8019,0
vdjdb_full_13498,FLYALALLL_HLA-A*02:01,tcr5702,1
vdjdb_full_13498_ss_3_n0,FLYALALLL_HLA-A*02:01,tcr4025,0
vdjdb_full_13405,FLYALALLL_HLA-A*02:01,tcr10463,1
vdjdb_full_13405_ss_3_n0,FLYALALLL_HLA-A*02:01,tcr16008,0
vdjdb_full_13387,FLYALALLL_HLA-A*02:01,tcr7531,1
vdjdb_full_13387_ss_3_n0,FLYALALLL_HLA-A*02:01,tcr12346,0
vdjdb_full_13459,FLYALALLL_HLA-A*02:01,tcr3083,1
vdjdb_full_13459_ss_3_n0,FLYALALLL_HLA-A*02:01,tcr12872,0
vdjdb_full_13413,FLYALALLL_HLA-A*02:01,tcr16130,1
vdjdb_full_13413_ss_3_n0,FLYALALLL_HLA-A*02:01,tcr8371,0
vdjdb_full_13468,FLYALALLL_HLA-A*02:01,tcr11864,1
vdjdb_full_13468_ss_3_n0,FLYALALLL_HLA-A*02:01,tcr8380,0
vdjdb_full_13440,FLYALALLL_HLA-A*02:01,tcr9125,1
vdjdb_full_13440_ss_3_n0,FLYALALLL_HLA-A*02:01,tcr870,0
vdjdb_full_13491,FLYALALLL_HLA-A*02:01,tcr10394,1
vdjdb_full_13491_ss_3_n0,FLYALALLL_HLA-A*02:01,tcr6859,0
vdjdb_full_13478,FLYALALLL_HLA-A*02:01,tcr13056,1
vdjdb_full_13478_ss_3_n0,FLYALALLL_HLA-A*02:01,tcr6134,0
vdjdb_full_13399,FLYALALLL_HLA-A*02:01,tcr476,1
vdjdb_full_13399_ss_3_n0,FLYALALLL_HLA-A*02:01,tcr16723,0
vdjdb_full_13418,FLYALALLL_HLA-A*02:01,tcr7368,1
vdjdb_full_13418_ss_3_n0,FLYALALLL_HLA-A*02:01,tcr11432,0
vdjdb_full_13454,FLYALALLL_HLA-A*02:01,tcr2289,1
vdjdb_full_13454_ss_3_n0,FLYALALLL_HLA-A*02:01,tcr5347,0
vdjdb_full_13497,FLYALALLL_HLA-A*02:01,tcr8541,1
vdjdb_full_13497_ss_3_n0,FLYALALLL_HLA-A*02:01,tcr9576,0
vdjdb_full_13494,FLYALALLL_HLA-A*02:01,tcr9253,1
vdjdb_full_13494_ss_3_n0,FLYALALLL_HLA-A*02:01,tcr5251,0
vdjdb_full_13409,FLYALALLL_HLA-A*02:01,tcr10128,1
vdjdb_full_13409_ss_3_n0,FLYALALLL_HLA-A*02:01,tcr9626,0
vdjdb_full_13431,FLYALALLL_HLA-A*02:01,tcr13311,1
vdjdb_full_13431_ss_3_n0,FLYALALLL_HLA-A*02:01,tcr14926,0
vdjdb_full_13495,FLYALALLL_HLA-A*02:01,tcr18103,1
vdjdb_full_13495_ss_3_n0,FLYALALLL_HLA-A*02:01,tcr5424,0
vdjdb_full_13465,FLYALALLL_HLA-A*02:01,tcr14550,1
vdjdb_full_13465_ss_3_n0,FLYALALLL_HLA-A*02:01,tcr399,0
vdjdb_full_13402,FLYALALLL_HLA-A*02:01,tcr2728,1
vdjdb_full_13402_ss_3_n0,FLYALALLL_HLA-A*02:01,tcr15335,0
vdjdb_full_13417,FLYALALLL_HLA-A*02:01,tcr5850,1
vdjdb_full_13417_ss_3_n0,FLYALALLL_HLA-A*02:01,tcr14963,0
vdjdb_full_13490,FLYALALLL_HLA-A*02:01,tcr17769,1
vdjdb_full_13490_ss_3_n0,FLYALALLL_HLA-A*02:01,tcr9889,0
vdjdb_full_13396,FLYALALLL_HLA-A*02:01,tcr7611,1
vdjdb_full_13396_ss_3_n0,FLYALALLL_HLA-A*02:01,tcr17174,0
vdjdb_full_13420,FLYALALLL_HLA-A*02:01,tcr17340,1
vdjdb_full_13420_ss_3_n0,FLYALALLL_HLA-A*02:01,tcr11444,0
vdjdb_full_13449,FLYALALLL_HLA-A*02:01,tcr12622,1
vdjdb_full_13449_ss_3_n0,FLYALALLL_HLA-A*02:01,tcr11994,0
vdjdb_full_13452,FLYALALLL_HLA-A*02:01,tcr10712,1
vdjdb_full_13452_ss_3_n0,FLYALALLL_HLA-A*02:01,tcr1699,0
vdjdb_full_13415,FLYALALLL_HLA-A*02:01,tcr7223,1
vdjdb_full_13415_ss_3_n0,FLYALALLL_HLA-A*02:01,tcr1023,0
vdjdb_full_13429,FLYALALLL_HLA-A*02:01,tcr10927,1
vdjdb_full_13429_ss_3_n0,FLYALALLL_HLA-A*02:01,tcr11126,0
vdjdb_full_13392,FLYALALLL_HLA-A*02:01,tcr656,1
vdjdb_full_13392_ss_3_n0,FLYALALLL_HLA-A*02:01,tcr9174,0
vdjdb_full_13442,FLYALALLL_HLA-A*02:01,tcr15248,1
vdjdb_full_13442_ss_3_n0,FLYALALLL_HLA-A*02:01,tcr13454,0
vdjdb_full_13451,FLYALALLL_HLA-A*02:01,tcr14471,1
vdjdb_full_13451_ss_3_n0,FLYALALLL_HLA-A*02:01,tcr15530,0
vdjdb_full_13426,FLYALALLL_HLA-A*02:01,tcr9351,1
vdjdb_full_13426_ss_3_n0,FLYALALLL_HLA-A*02:01,tcr6918,0
vdjdb_full_13422,FLYALALLL_HLA-A*02:01,tcr17834,1
vdjdb_full_13422_ss_3_n0,FLYALALLL_HLA-A*02:01,tcr1830,0
vdjdb_full_13403,FLYALALLL_HLA-A*02:01,tcr12535,1
vdjdb_full_13403_ss_3_n0,FLYALALLL_HLA-A*02:01,tcr14759,0
vdjdb_full_13487,FLYALALLL_HLA-A*02:01,tcr10574,1
vdjdb_full_13487_ss_3_n0,FLYALALLL_HLA-A*02:01,tcr9889,0
vdjdb_full_13421,FLYALALLL_HLA-A*02:01,tcr6007,1
vdjdb_full_13421_ss_3_n0,FLYALALLL_HLA-A*02:01,tcr17614,0
vdjdb_full_13443,FLYALALLL_HLA-A*02:01,tcr8217,1
vdjdb_full_13443_ss_3_n0,FLYALALLL_HLA-A*02:01,tcr12483,0
vdjdb_full_13394,FLYALALLL_HLA-A*02:01,tcr15961,1
vdjdb_full_13394_ss_3_n0,FLYALALLL_HLA-A*02:01,tcr2180,0
vdjdb_full_13430,FLYALALLL_HLA-A*02:01,tcr16377,1
vdjdb_full_13430_ss_3_n0,FLYALALLL_HLA-A*02:01,tcr10222,0
vdjdb_full_13455,FLYALALLL_HLA-A*02:01,tcr15506,1
vdjdb_full_13455_ss_3_n0,FLYALALLL_HLA-A*02:01,tcr14645,0
vdjdb_full_13472,FLYALALLL_HLA-A*02:01,tcr9538,1
vdjdb_full_13472_ss_3_n0,FLYALALLL_HLA-A*02:01,tcr6926,0
vdjdb_full_13414,FLYALALLL_HLA-A*02:01,tcr8732,1
vdjdb_full_13414_ss_3_n0,FLYALALLL_HLA-A*02:01,tcr3038,0
vdjdb_full_13406,FLYALALLL_HLA-A*02:01,tcr2459,1
vdjdb_full_13406_ss_3_n0,FLYALALLL_HLA-A*02:01,tcr13920,0
vdjdb_full_13477,FLYALALLL_HLA-A*02:01,tcr575,1
vdjdb_full_13477_ss_3_n0,FLYALALLL_HLA-A*02:01,tcr3129,0
vdjdb_full_13482,FLYALALLL_HLA-A*02:01,tcr7206,1
vdjdb_full_13482_ss_3_n0,FLYALALLL_HLA-A*02:01,tcr15573,0
vdjdb_full_13412,FLYALALLL_HLA-A*02:01,tcr16310,1
vdjdb_full_13412_ss_3_n0,FLYALALLL_HLA-A*02:01,tcr18035,0
vdjdb_full_13395,FLYALALLL_HLA-A*02:01,tcr17633,1
vdjdb_full_13395_ss_3_n0,FLYALALLL_HLA-A*02:01,tcr16525,0
vdjdb_full_13471,FLYALALLL_HLA-A*02:01,tcr8949,1
vdjdb_full_13471_ss_3_n0,FLYALALLL_HLA-A*02:01,tcr12159,0
vdjdb_full_13436,FLYALALLL_HLA-A*02:01,tcr11721,1
vdjdb_full_13436_ss_3_n0,FLYALALLL_HLA-A*02:01,tcr3782,0
vdjdb_full_13400,FLYALALLL_HLA-A*02:01,tcr13534,1
vdjdb_full_13400_ss_3_n0,FLYALALLL_HLA-A*02:01,tcr17923,0
vdjdb_full_13466,FLYALALLL_HLA-A*02:01,tcr9572,1
vdjdb_full_13466_ss_3_n0,FLYALALLL_HLA-A*02:01,tcr4739,0
vdjdb_full_13411,FLYALALLL_HLA-A*02:01,tcr16542,1
vdjdb_full_13411_ss_3_n0,FLYALALLL_HLA-A*02:01,tcr13657,0
vdjdb_full_13390,FLYALALLL_HLA-A*02:01,tcr5425,1
vdjdb_full_13390_ss_3_n0,FLYALALLL_HLA-A*02:01,tcr15875,0
vdjdb_full_13404,FLYALALLL_HLA-A*02:01,tcr1368,1
vdjdb_full_13404_ss_3_n0,FLYALALLL_HLA-A*02:01,tcr4006,0
vdjdb_full_13425,FLYALALLL_HLA-A*02:01,tcr11775,1
vdjdb_full_13425_ss_3_n0,FLYALALLL_HLA-A*02:01,tcr3799,0
vdjdb_full_13480,FLYALALLL_HLA-A*02:01,tcr14748,1
vdjdb_full_13480_ss_3_n0,FLYALALLL_HLA-A*02:01,tcr474,0
vdjdb_full_13393,FLYALALLL_HLA-A*02:01,tcr1334,1
vdjdb_full_13393_ss_3_n0,FLYALALLL_HLA-A*02:01,tcr13098,0
vdjdb_full_13460,FLYALALLL_HLA-A*02:01,tcr16293,1
vdjdb_full_13460_ss_3_n0,FLYALALLL_HLA-A*02:01,tcr12208,0
vdjdb_full_13484,FLYALALLL_HLA-A*02:01,tcr723,1
vdjdb_full_13484_ss_3_n0,FLYALALLL_HLA-A*02:01,tcr13128,0
vdjdb_full_13476,FLYALALLL_HLA-A*02:01,tcr2747,1
vdjdb_full_13476_ss_3_n0,FLYALALLL_HLA-A*02:01,tcr9588,0
vdjdb_full_13441,FLYALALLL_HLA-A*02:01,tcr16427,1
vdjdb_full_13441_ss_3_n0,FLYALALLL_HLA-A*02:01,tcr5039,0
vdjdb_full_13437,FLYALALLL_HLA-A*02:01,tcr4424,1
vdjdb_full_13437_ss_3_n0,FLYALALLL_HLA-A*02:01,tcr2949,0
vdjdb_full_13463,FLYALALLL_HLA-A*02:01,tcr3136,1
vdjdb_full_13463_ss_3_n0,FLYALALLL_HLA-A*02:01,tcr1927,0
vdjdb_full_13433,FLYALALLL_HLA-A*02:01,tcr10766,1
vdjdb_full_13433_ss_3_n0,FLYALALLL_HLA-A*02:01,tcr18251,0
vdjdb_full_13464,FLYALALLL_HLA-A*02:01,tcr11610,1
vdjdb_full_13464_ss_3_n0,FLYALALLL_HLA-A*02:01,tcr1059,0
vdjdb_full_13448,FLYALALLL_HLA-A*02:01,tcr4030,1
vdjdb_full_13448_ss_3_n0,FLYALALLL_HLA-A*02:01,tcr16139,0
vdjdb_full_13496,FLYALALLL_HLA-A*02:01,tcr17472,1
vdjdb_full_13496_ss_3_n0,FLYALALLL_HLA-A*02:01,tcr8123,0
vdjdb_full_13475,FLYALALLL_HLA-A*02:01,tcr10681,1
vdjdb_full_13475_ss_3_n0,FLYALALLL_HLA-A*02:01,tcr3153,0
vdjdb_full_13428,FLYALALLL_HLA-A*02:01,tcr17357,1
vdjdb_full_13428_ss_3_n0,FLYALALLL_HLA-A*02:01,tcr1778,0
vdjdb_full_13445,FLYALALLL_HLA-A*02:01,tcr7865,1
vdjdb_full_13445_ss_3_n0,FLYALALLL_HLA-A*02:01,tcr6085,0
vdjdb_full_13435,FLYALALLL_HLA-A*02:01,tcr7864,1
vdjdb_full_13435_ss_3_n0,FLYALALLL_HLA-A*02:01,tcr11916,0
vdjdb_full_13483,FLYALALLL_HLA-A*02:01,tcr14385,1
vdjdb_full_13483_ss_3_n0,FLYALALLL_HLA-A*02:01,tcr14775,0
vdjdb_full_13444,FLYALALLL_HLA-A*02:01,tcr3063,1
vdjdb_full_13444_ss_3_n0,FLYALALLL_HLA-A*02:01,tcr8528,0
vdjdb_full_13462,FLYALALLL_HLA-A*02:01,tcr6411,1
vdjdb_full_13462_ss_3_n0,FLYALALLL_HLA-A*02:01,tcr7994,0
vdjdb_full_13419,FLYALALLL_HLA-A*02:01,tcr14090,1
vdjdb_full_13419_ss_3_n0,FLYALALLL_HLA-A*02:01,tcr2216,0
vdjdb_full_13492,FLYALALLL_HLA-A*02:01,tcr17247,1
vdjdb_full_13492_ss_3_n0,FLYALALLL_HLA-A*02:01,tcr14753,0
vdjdb_full_13446,FLYALALLL_HLA-A*02:01,tcr7572,1
vdjdb_full_13446_ss_3_n0,FLYALALLL_HLA-A*02:01,tcr15637,0
vdjdb_full_13450,FLYALALLL_HLA-A*02:01,tcr7095,1
vdjdb_full_13450_ss_3_n0,FLYALALLL_HLA-A*02:01,tcr16689,0
vdjdb_full_13481,FLYALALLL_HLA-A*02:01,tcr17087,1
vdjdb_full_13481_ss_3_n0,FLYALALLL_HLA-A*02:01,tcr911,0
vdjdb_full_13424,FLYALALLL_HLA-A*02:01,tcr372,1
vdjdb_full_13424_ss_3_n0,FLYALALLL_HLA-A*02:01,tcr8631,0
vdjdb_full_13416,FLYALALLL_HLA-A*02:01,tcr8843,1
vdjdb_full_13416_ss_3_n0,FLYALALLL_HLA-A*02:01,tcr3936,0
vdjdb_full_13486,FLYALALLL_HLA-A*02:01,tcr4611,1
vdjdb_full_13486_ss_3_n0,FLYALALLL_HLA-A*02:01,tcr2053,0
vdjdb_full_13388,FLYALALLL_HLA-A*02:01,tcr15268,1
vdjdb_full_13388_ss_3_n0,FLYALALLL_HLA-A*02:01,tcr6709,0
vdjdb_full_13439,FLYALALLL_HLA-A*02:01,tcr1182,1
vdjdb_full_13439_ss_3_n0,FLYALALLL_HLA-A*02:01,tcr11772,0
vdjdb_full_13408,FLYALALLL_HLA-A*02:01,tcr16079,1
vdjdb_full_13408_ss_3_n0,FLYALALLL_HLA-A*02:01,tcr14682,0
vdjdb_full_13389,FLYALALLL_HLA-A*02:01,tcr5984,1
vdjdb_full_13389_ss_3_n0,FLYALALLL_HLA-A*02:01,tcr14600,0
vdjdb_full_13410,FLYALALLL_HLA-A*02:01,tcr3073,1
vdjdb_full_13410_ss_3_n0,FLYALALLL_HLA-A*02:01,tcr5171,0
vdjdb_full_13474,FLYALALLL_HLA-A*02:01,tcr12663,1
vdjdb_full_13474_ss_3_n0,FLYALALLL_HLA-A*02:01,tcr3336,0
vdjdb_full_13638,KTFPPTEPK_HLA-A*03:01,tcr6014,1
vdjdb_full_13638_ss_3_n0,KTFPPTEPK_HLA-A*03:01,tcr8299,0
vdjdb_full_13566,KTFPPTEPK_HLA-A*03:01,tcr3756,1
vdjdb_full_13566_ss_3_n0,KTFPPTEPK_HLA-A*03:01,tcr14562,0
vdjdb_full_13560,KTFPPTEPK_HLA-A*03:01,tcr14974,1
vdjdb_full_13560_ss_3_n0,KTFPPTEPK_HLA-A*03:01,tcr5534,0
vdjdb_full_13644,KTFPPTEPK_HLA-A*03:01,tcr18379,1
vdjdb_full_13644_ss_3_n0,KTFPPTEPK_HLA-A*03:01,tcr17595,0
vdjdb_full_13619,KTFPPTEPK_HLA-A*03:01,tcr6402,1
vdjdb_full_13619_ss_3_n0,KTFPPTEPK_HLA-A*03:01,tcr911,0
vdjdb_full_13625,KTFPPTEPK_HLA-A*03:01,tcr4476,1
vdjdb_full_13625_ss_3_n0,KTFPPTEPK_HLA-A*03:01,tcr16540,0
vdjdb_full_13586,KTFPPTEPK_HLA-A*03:01,tcr12224,1
vdjdb_full_13586_ss_3_n0,KTFPPTEPK_HLA-A*03:01,tcr16297,0
vdjdb_full_13601,KTFPPTEPK_HLA-A*03:01,tcr11628,1
vdjdb_full_13601_ss_3_n0,KTFPPTEPK_HLA-A*03:01,tcr2446,0
vdjdb_full_13656,KTFPPTEPK_HLA-A*03:01,tcr5147,1
vdjdb_full_13656_ss_3_n0,KTFPPTEPK_HLA-A*03:01,tcr17053,0
vdjdb_full_13567,KTFPPTEPK_HLA-A*03:01,tcr15656,1
vdjdb_full_13567_ss_3_n0,KTFPPTEPK_HLA-A*03:01,tcr5733,0
vdjdb_full_13642,KTFPPTEPK_HLA-A*03:01,tcr847,1
vdjdb_full_13642_ss_3_n0,KTFPPTEPK_HLA-A*03:01,tcr5520,0
vdjdb_full_13640,KTFPPTEPK_HLA-A*03:01,tcr10768,1
vdjdb_full_13640_ss_3_n0,KTFPPTEPK_HLA-A*03:01,tcr17444,0
vdjdb_full_13556,KTFPPTEPK_HLA-A*03:01,tcr7929,1
vdjdb_full_13556_ss_3_n0,KTFPPTEPK_HLA-A*03:01,tcr1293,0
vdjdb_full_13641,KTFPPTEPK_HLA-A*03:01,tcr11424,1
vdjdb_full_13641_ss_3_n0,KTFPPTEPK_HLA-A*03:01,tcr10595,0
vdjdb_full_13574,KTFPPTEPK_HLA-A*03:01,tcr13815,1
vdjdb_full_13574_ss_3_n0,KTFPPTEPK_HLA-A*03:01,tcr14269,0
vdjdb_full_13627,KTFPPTEPK_HLA-A*03:01,tcr3014,1
vdjdb_full_13627_ss_3_n0,KTFPPTEPK_HLA-A*03:01,tcr17287,0
vdjdb_full_13612,KTFPPTEPK_HLA-A*03:01,tcr10616,1
vdjdb_full_13612_ss_3_n0,KTFPPTEPK_HLA-A*03:01,tcr12299,0
vdjdb_full_13637,KTFPPTEPK_HLA-A*03:01,tcr11624,1
vdjdb_full_13637_ss_3_n0,KTFPPTEPK_HLA-A*03:01,tcr10914,0
vdjdb_full_13668,KTFPPTEPK_HLA-A*03:01,tcr14023,1
vdjdb_full_13668_ss_3_n0,KTFPPTEPK_HLA-A*03:01,tcr15360,0
vdjdb_full_13598,KTFPPTEPK_HLA-A*03:01,tcr17496,1
vdjdb_full_13598_ss_3_n0,KTFPPTEPK_HLA-A*03:01,tcr17433,0
vdjdb_full_13568,KTFPPTEPK_HLA-A*03:01,tcr12957,1
vdjdb_full_13568_ss_3_n0,KTFPPTEPK_HLA-A*03:01,tcr6453,0
vdjdb_full_13592,KTFPPTEPK_HLA-A*03:01,tcr18258,1
vdjdb_full_13592_ss_3_n0,KTFPPTEPK_HLA-A*03:01,tcr68,0
vdjdb_full_13621,KTFPPTEPK_HLA-A*03:01,tcr13104,1
vdjdb_full_13621_ss_3_n0,KTFPPTEPK_HLA-A*03:01,tcr12391,0
vdjdb_full_13582,KTFPPTEPK_HLA-A*03:01,tcr3726,1
vdjdb_full_13582_ss_3_n0,KTFPPTEPK_HLA-A*03:01,tcr1462,0
vdjdb_full_13578,KTFPPTEPK_HLA-A*03:01,tcr3143,1
vdjdb_full_13578_ss_3_n0,KTFPPTEPK_HLA-A*03:01,tcr10802,0
vdjdb_full_13587,KTFPPTEPK_HLA-A*03:01,tcr6489,1
vdjdb_full_13587_ss_3_n0,KTFPPTEPK_HLA-A*03:01,tcr5523,0
vdjdb_full_13603,KTFPPTEPK_HLA-A*03:01,tcr16167,1
vdjdb_full_13603_ss_3_n0,KTFPPTEPK_HLA-A*03:01,tcr10942,0
vdjdb_full_13662,KTFPPTEPK_HLA-A*03:01,tcr16187,1
vdjdb_full_13662_ss_3_n0,KTFPPTEPK_HLA-A*03:01,tcr8207,0
vdjdb_full_13571,KTFPPTEPK_HLA-A*03:01,tcr1438,1
vdjdb_full_13571_ss_3_n0,KTFPPTEPK_HLA-A*03:01,tcr7314,0
vdjdb_full_13600,KTFPPTEPK_HLA-A*03:01,tcr15500,1
vdjdb_full_13600_ss_3_n0,KTFPPTEPK_HLA-A*03:01,tcr18269,0
vdjdb_full_13649,KTFPPTEPK_HLA-A*03:01,tcr7832,1
vdjdb_full_13649_ss_3_n0,KTFPPTEPK_HLA-A*03:01,tcr5955,0
vdjdb_full_13650,KTFPPTEPK_HLA-A*03:01,tcr8288,1
vdjdb_full_13650_ss_3_n0,KTFPPTEPK_HLA-A*03:01,tcr16118,0
vdjdb_full_13565,KTFPPTEPK_HLA-A*03:01,tcr1292,1
vdjdb_full_13565_ss_3_n0,KTFPPTEPK_HLA-A*03:01,tcr17691,0
vdjdb_full_13589,KTFPPTEPK_HLA-A*03:01,tcr17476,1
vdjdb_full_13589_ss_3_n0,KTFPPTEPK_HLA-A*03:01,tcr5186,0
vdjdb_full_13611,KTFPPTEPK_HLA-A*03:01,tcr3685,1
vdjdb_full_13611_ss_3_n0,KTFPPTEPK_HLA-A*03:01,tcr15582,0
vdjdb_full_13665,KTFPPTEPK_HLA-A*03:01,tcr8507,1
vdjdb_full_13665_ss_3_n0,KTFPPTEPK_HLA-A*03:01,tcr12026,0
vdjdb_full_13584,KTFPPTEPK_HLA-A*03:01,tcr5076,1
vdjdb_full_13584_ss_3_n0,KTFPPTEPK_HLA-A*03:01,tcr4892,0
vdjdb_full_13596,KTFPPTEPK_HLA-A*03:01,tcr6584,1
vdjdb_full_13596_ss_3_n0,KTFPPTEPK_HLA-A*03:01,tcr2808,0
vdjdb_full_13561,KTFPPTEPK_HLA-A*03:01,tcr8490,1
vdjdb_full_13561_ss_3_n0,KTFPPTEPK_HLA-A*03:01,tcr702,0
vdjdb_full_13609,KTFPPTEPK_HLA-A*03:01,tcr10551,1
vdjdb_full_13609_ss_3_n0,KTFPPTEPK_HLA-A*03:01,tcr14140,0
vdjdb_full_19289,KTFPPTEPK_HLA-A*11:01,tcr4691,1
vdjdb_full_19289_ss_3_n0,KTFPPTEPK_HLA-A*11:01,tcr5543,0
vdjdb_full_13595,KTFPPTEPK_HLA-A*03:01,tcr11632,1
vdjdb_full_13595_ss_3_n0,KTFPPTEPK_HLA-A*03:01,tcr2788,0
vdjdb_full_13591,KTFPPTEPK_HLA-A*03:01,tcr9219,1
vdjdb_full_13591_ss_3_n0,KTFPPTEPK_HLA-A*03:01,tcr13795,0
vdjdb_full_13572,KTFPPTEPK_HLA-A*03:01,tcr9623,1
vdjdb_full_13572_ss_3_n0,KTFPPTEPK_HLA-A*03:01,tcr824,0
vdjdb_full_13639,KTFPPTEPK_HLA-A*03:01,tcr9561,1
vdjdb_full_13639_ss_3_n0,KTFPPTEPK_HLA-A*03:01,tcr13892,0
vdjdb_full_13590,KTFPPTEPK_HLA-A*03:01,tcr257,1
vdjdb_full_13590_ss_3_n0,KTFPPTEPK_HLA-A*03:01,tcr16655,0
vdjdb_full_13624,KTFPPTEPK_HLA-A*03:01,tcr17925,1
vdjdb_full_13624_ss_3_n0,KTFPPTEPK_HLA-A*03:01,tcr14329,0
vdjdb_full_13563,KTFPPTEPK_HLA-A*03:01,tcr4045,1
vdjdb_full_13563_ss_3_n0,KTFPPTEPK_HLA-A*03:01,tcr3816,0
vdjdb_full_13599,KTFPPTEPK_HLA-A*03:01,tcr10011,1
vdjdb_full_13599_ss_3_n0,KTFPPTEPK_HLA-A*03:01,tcr15902,0
vdjdb_full_13623,KTFPPTEPK_HLA-A*03:01,tcr10970,1
vdjdb_full_13623_ss_3_n0,KTFPPTEPK_HLA-A*03:01,tcr16908,0
vdjdb_full_13631,KTFPPTEPK_HLA-A*03:01,tcr8345,1
vdjdb_full_13631_ss_3_n0,KTFPPTEPK_HLA-A*03:01,tcr374,0
vdjdb_full_13583,KTFPPTEPK_HLA-A*03:01,tcr5558,1
vdjdb_full_13583_ss_3_n0,KTFPPTEPK_HLA-A*03:01,tcr123,0
vdjdb_full_13575,KTFPPTEPK_HLA-A*03:01,tcr16763,1
vdjdb_full_13575_ss_3_n0,KTFPPTEPK_HLA-A*03:01,tcr17724,0
vdjdb_full_13651,KTFPPTEPK_HLA-A*03:01,tcr5484,1
vdjdb_full_13651_ss_3_n0,KTFPPTEPK_HLA-A*03:01,tcr397,0
vdjdb_full_13667,KTFPPTEPK_HLA-A*03:01,tcr2723,1
vdjdb_full_13667_ss_3_n0,KTFPPTEPK_HLA-A*03:01,tcr2979,0
vdjdb_full_13581,KTFPPTEPK_HLA-A*03:01,tcr16165,1
vdjdb_full_13581_ss_3_n0,KTFPPTEPK_HLA-A*03:01,tcr13900,0
vdjdb_full_13626,KTFPPTEPK_HLA-A*03:01,tcr3152,1
vdjdb_full_13626_ss_3_n0,KTFPPTEPK_HLA-A*03:01,tcr8745,0
vdjdb_full_13605,KTFPPTEPK_HLA-A*03:01,tcr9011,1
vdjdb_full_13605_ss_3_n0,KTFPPTEPK_HLA-A*03:01,tcr9670,0
vdjdb_full_13569,KTFPPTEPK_HLA-A*03:01,tcr4298,1
vdjdb_full_13569_ss_3_n0,KTFPPTEPK_HLA-A*03:01,tcr16674,0
vdjdb_full_13580,KTFPPTEPK_HLA-A*03:01,tcr1782,1
vdjdb_full_13580_ss_3_n0,KTFPPTEPK_HLA-A*03:01,tcr7100,0
vdjdb_full_13559,KTFPPTEPK_HLA-A*03:01,tcr3532,1
vdjdb_full_13559_ss_3_n0,KTFPPTEPK_HLA-A*03:01,tcr13128,0
vdjdb_full_13573,KTFPPTEPK_HLA-A*03:01,tcr2900,1
vdjdb_full_13573_ss_3_n0,KTFPPTEPK_HLA-A*03:01,tcr1520,0
vdjdb_full_13594,KTFPPTEPK_HLA-A*03:01,tcr12191,1
vdjdb_full_13594_ss_3_n0,KTFPPTEPK_HLA-A*03:01,tcr14606,0
vdjdb_full_13564,KTFPPTEPK_HLA-A*03:01,tcr89,1
vdjdb_full_13564_ss_3_n0,KTFPPTEPK_HLA-A*03:01,tcr7092,0
vdjdb_full_13645,KTFPPTEPK_HLA-A*03:01,tcr14879,1
vdjdb_full_13645_ss_3_n0,KTFPPTEPK_HLA-A*03:01,tcr14276,0
vdjdb_full_13562,KTFPPTEPK_HLA-A*03:01,tcr12037,1
vdjdb_full_13562_ss_3_n0,KTFPPTEPK_HLA-A*03:01,tcr11119,0
vdjdb_full_13628,KTFPPTEPK_HLA-A*03:01,tcr17523,1
vdjdb_full_13628_ss_3_n0,KTFPPTEPK_HLA-A*03:01,tcr15908,0
vdjdb_full_13655,KTFPPTEPK_HLA-A*03:01,tcr17037,1
vdjdb_full_13655_ss_3_n0,KTFPPTEPK_HLA-A*03:01,tcr5551,0
vdjdb_full_13661,KTFPPTEPK_HLA-A*03:01,tcr9335,1
vdjdb_full_13661_ss_3_n0,KTFPPTEPK_HLA-A*03:01,tcr14745,0
vdjdb_full_13610,KTFPPTEPK_HLA-A*03:01,tcr14882,1
vdjdb_full_13610_ss_3_n0,KTFPPTEPK_HLA-A*03:01,tcr4774,0
vdjdb_full_13606,KTFPPTEPK_HLA-A*03:01,tcr15400,1
vdjdb_full_13606_ss_3_n0,KTFPPTEPK_HLA-A*03:01,tcr17142,0
vdjdb_full_13633,KTFPPTEPK_HLA-A*03:01,tcr157,1
vdjdb_full_13633_ss_3_n0,KTFPPTEPK_HLA-A*03:01,tcr10201,0
vdjdb_full_13602,KTFPPTEPK_HLA-A*03:01,tcr7342,1
vdjdb_full_13602_ss_3_n0,KTFPPTEPK_HLA-A*03:01,tcr3436,0
vdjdb_full_13658,KTFPPTEPK_HLA-A*03:01,tcr10666,1
vdjdb_full_13658_ss_3_n0,KTFPPTEPK_HLA-A*03:01,tcr10831,0
vdjdb_full_13618,KTFPPTEPK_HLA-A*03:01,tcr7703,1
vdjdb_full_13618_ss_3_n0,KTFPPTEPK_HLA-A*03:01,tcr3835,0
vdjdb_full_13666,KTFPPTEPK_HLA-A*03:01,tcr16637,1
vdjdb_full_13666_ss_3_n0,KTFPPTEPK_HLA-A*03:01,tcr14050,0
vdjdb_full_13646,KTFPPTEPK_HLA-A*03:01,tcr13625,1
vdjdb_full_13646_ss_3_n0,KTFPPTEPK_HLA-A*03:01,tcr7980,0
vdjdb_full_13597,KTFPPTEPK_HLA-A*03:01,tcr14477,1
vdjdb_full_13597_ss_3_n0,KTFPPTEPK_HLA-A*03:01,tcr5016,0
vdjdb_full_13615,KTFPPTEPK_HLA-A*03:01,tcr2587,1
vdjdb_full_13615_ss_3_n0,KTFPPTEPK_HLA-A*03:01,tcr9359,0
vdjdb_full_13604,KTFPPTEPK_HLA-A*03:01,tcr14523,1
vdjdb_full_13604_ss_3_n0,KTFPPTEPK_HLA-A*03:01,tcr10676,0
vdjdb_full_13654,KTFPPTEPK_HLA-A*03:01,tcr11204,1
vdjdb_full_13654_ss_3_n0,KTFPPTEPK_HLA-A*03:01,tcr11541,0
vdjdb_full_13613,KTFPPTEPK_HLA-A*03:01,tcr8399,1
vdjdb_full_13613_ss_3_n0,KTFPPTEPK_HLA-A*03:01,tcr16669,0
vdjdb_full_13636,KTFPPTEPK_HLA-A*03:01,tcr15573,1
vdjdb_full_13636_ss_3_n0,KTFPPTEPK_HLA-A*03:01,tcr2798,0
vdjdb_full_13588,KTFPPTEPK_HLA-A*03:01,tcr17903,1
vdjdb_full_13588_ss_3_n0,KTFPPTEPK_HLA-A*03:01,tcr16063,0
vdjdb_full_13663,KTFPPTEPK_HLA-A*03:01,tcr14270,1
vdjdb_full_13663_ss_3_n0,KTFPPTEPK_HLA-A*03:01,tcr612,0
vdjdb_full_13616,KTFPPTEPK_HLA-A*03:01,tcr14196,1
vdjdb_full_13616_ss_3_n0,KTFPPTEPK_HLA-A*03:01,tcr15776,0
vdjdb_full_13620,KTFPPTEPK_HLA-A*03:01,tcr14786,1
vdjdb_full_13620_ss_3_n0,KTFPPTEPK_HLA-A*03:01,tcr13791,0
vdjdb_full_13652,KTFPPTEPK_HLA-A*03:01,tcr11811,1
vdjdb_full_13652_ss_3_n0,KTFPPTEPK_HLA-A*03:01,tcr4666,0
vdjdb_full_13593,KTFPPTEPK_HLA-A*03:01,tcr14583,1
vdjdb_full_13593_ss_3_n0,KTFPPTEPK_HLA-A*03:01,tcr3281,0
vdjdb_full_13585,KTFPPTEPK_HLA-A*03:01,tcr10987,1
vdjdb_full_13585_ss_3_n0,KTFPPTEPK_HLA-A*03:01,tcr10010,0
vdjdb_full_13657,KTFPPTEPK_HLA-A*03:01,tcr12015,1
vdjdb_full_13657_ss_3_n0,KTFPPTEPK_HLA-A*03:01,tcr2726,0
vdjdb_full_13557,KTFPPTEPK_HLA-A*03:01,tcr524,1
vdjdb_full_13557_ss_3_n0,KTFPPTEPK_HLA-A*03:01,tcr3982,0
vdjdb_full_13608,KTFPPTEPK_HLA-A*03:01,tcr11454,1
vdjdb_full_13608_ss_3_n0,KTFPPTEPK_HLA-A*03:01,tcr920,0
vdjdb_full_13577,KTFPPTEPK_HLA-A*03:01,tcr3868,1
vdjdb_full_13577_ss_3_n0,KTFPPTEPK_HLA-A*03:01,tcr9182,0
vdjdb_full_13558,KTFPPTEPK_HLA-A*03:01,tcr10082,1
vdjdb_full_13558_ss_3_n0,KTFPPTEPK_HLA-A*03:01,tcr17976,0
vdjdb_full_13579,KTFPPTEPK_HLA-A*03:01,tcr8225,1
vdjdb_full_13579_ss_3_n0,KTFPPTEPK_HLA-A*03:01,tcr6263,0
vdjdb_full_13648,KTFPPTEPK_HLA-A*03:01,tcr3674,1
vdjdb_full_13648_ss_3_n0,KTFPPTEPK_HLA-A*03:01,tcr13737,0
vdjdb_full_13659,KTFPPTEPK_HLA-A*03:01,tcr2991,1
vdjdb_full_13659_ss_3_n0,KTFPPTEPK_HLA-A*03:01,tcr16460,0
vdjdb_full_13634,KTFPPTEPK_HLA-A*03:01,tcr4409,1
vdjdb_full_13634_ss_3_n0,KTFPPTEPK_HLA-A*03:01,tcr9351,0
vdjdb_full_13647,KTFPPTEPK_HLA-A*03:01,tcr13706,1
vdjdb_full_13647_ss_3_n0,KTFPPTEPK_HLA-A*03:01,tcr13266,0
vdjdb_full_13152,DATYQRTRALVR_HLA-A*68:01,tcr8386,1
vdjdb_full_13152_ss_3_n0,DATYQRTRALVR_HLA-A*68:01,tcr4442,0
vdjdb_full_13153,DATYQRTRALVR_HLA-A*68:01,tcr12299,1
vdjdb_full_13153_ss_3_n0,DATYQRTRALVR_HLA-A*68:01,tcr8515,0
vdjdb_full_13154,DATYQRTRALVR_HLA-A*68:01,tcr11843,1
vdjdb_full_13154_ss_3_n0,DATYQRTRALVR_HLA-A*68:01,tcr4212,0
vdjdb_full_13155,DATYQRTRALVR_HLA-A*68:01,tcr10481,1
vdjdb_full_13155_ss_3_n0,DATYQRTRALVR_HLA-A*68:01,tcr3135,0
vdjdb_full_13156,DATYQRTRALVR_HLA-A*68:01,tcr2916,1
vdjdb_full_13156_ss_3_n0,DATYQRTRALVR_HLA-A*68:01,tcr4424,0
vdjdb_full_13157,DATYQRTRALVR_HLA-A*68:01,tcr12466,1
vdjdb_full_13157_ss_3_n0,DATYQRTRALVR_HLA-A*68:01,tcr10526,0
vdjdb_full_13158,DATYQRTRALVR_HLA-A*68:01,tcr10596,1
vdjdb_full_13158_ss_3_n0,DATYQRTRALVR_HLA-A*68:01,tcr16650,0
vdjdb_full_13159,DATYQRTRALVR_HLA-A*68:01,tcr1046,1
vdjdb_full_13159_ss_3_n0,DATYQRTRALVR_HLA-A*68:01,tcr16266,0
vdjdb_full_13160,DATYQRTRALVR_HLA-A*68:01,tcr10053,1
vdjdb_full_13160_ss_3_n0,DATYQRTRALVR_HLA-A*68:01,tcr5493,0
vdjdb_full_13161,DATYQRTRALVR_HLA-A*68:01,tcr7905,1
vdjdb_full_13161_ss_3_n0,DATYQRTRALVR_HLA-A*68:01,tcr6415,0
vdjdb_full_13162,DATYQRTRALVR_HLA-A*68:01,tcr17618,1
vdjdb_full_13162_ss_3_n0,DATYQRTRALVR_HLA-A*68:01,tcr10732,0
vdjdb_full_13163,DATYQRTRALVR_HLA-A*68:01,tcr8109,1
vdjdb_full_13163_ss_3_n0,DATYQRTRALVR_HLA-A*68:01,tcr13513,0
vdjdb_full_13164,DATYQRTRALVR_HLA-A*68:01,tcr532,1
vdjdb_full_13164_ss_3_n0,DATYQRTRALVR_HLA-A*68:01,tcr4575,0
vdjdb_full_13165,DATYQRTRALVR_HLA-A*68:01,tcr15788,1
vdjdb_full_13165_ss_3_n0,DATYQRTRALVR_HLA-A*68:01,tcr10766,0
vdjdb_full_13166,DATYQRTRALVR_HLA-A*68:01,tcr14645,1
vdjdb_full_13166_ss_3_n0,DATYQRTRALVR_HLA-A*68:01,tcr54,0
vdjdb_full_13167,DATYQRTRALVR_HLA-A*68:01,tcr1866,1
vdjdb_full_13167_ss_3_n0,DATYQRTRALVR_HLA-A*68:01,tcr5968,0
vdjdb_full_13168,DATYQRTRALVR_HLA-A*68:01,tcr7702,1
vdjdb_full_13168_ss_3_n0,DATYQRTRALVR_HLA-A*68:01,tcr9125,0
vdjdb_full_13169,DATYQRTRALVR_HLA-A*68:01,tcr2672,1
vdjdb_full_13169_ss_3_n0,DATYQRTRALVR_HLA-A*68:01,tcr7976,0
vdjdb_full_13170,DATYQRTRALVR_HLA-A*68:01,tcr11863,1
vdjdb_full_13170_ss_3_n0,DATYQRTRALVR_HLA-A*68:01,tcr17927,0
vdjdb_full_13171,DATYQRTRALVR_HLA-A*68:01,tcr16116,1
vdjdb_full_13171_ss_3_n0,DATYQRTRALVR_HLA-A*68:01,tcr10574,0
vdjdb_full_13172,DATYQRTRALVR_HLA-A*68:01,tcr12234,1
vdjdb_full_13172_ss_3_n0,DATYQRTRALVR_HLA-A*68:01,tcr15323,0
vdjdb_full_13173,DATYQRTRALVR_HLA-A*68:01,tcr3963,1
vdjdb_full_13173_ss_3_n0,DATYQRTRALVR_HLA-A*68:01,tcr4285,0
vdjdb_full_13174,DATYQRTRALVR_HLA-A*68:01,tcr46,1
vdjdb_full_13174_ss_3_n0,DATYQRTRALVR_HLA-A*68:01,tcr15051,0
vdjdb_full_13176,DATYQRTRALVR_HLA-A*68:01,tcr79,1
vdjdb_full_13176_ss_3_n0,DATYQRTRALVR_HLA-A*68:01,tcr3814,0
vdjdb_full_13177,DATYQRTRALVR_HLA-A*68:01,tcr8762,1
vdjdb_full_13177_ss_3_n0,DATYQRTRALVR_HLA-A*68:01,tcr17337,0
vdjdb_full_13178,DATYQRTRALVR_HLA-A*68:01,tcr16102,1
vdjdb_full_13178_ss_3_n0,DATYQRTRALVR_HLA-A*68:01,tcr15820,0
vdjdb_full_13179,DATYQRTRALVR_HLA-A*68:01,tcr8371,1
vdjdb_full_13179_ss_3_n0,DATYQRTRALVR_HLA-A*68:01,tcr13602,0
vdjdb_full_13180,DATYQRTRALVR_HLA-A*68:01,tcr16816,1
vdjdb_full_13180_ss_3_n0,DATYQRTRALVR_HLA-A*68:01,tcr16180,0
vdjdb_full_13182,DATYQRTRALVR_HLA-A*68:01,tcr474,1
vdjdb_full_13182_ss_3_n0,DATYQRTRALVR_HLA-A*68:01,tcr702,0
vdjdb_full_13183,DATYQRTRALVR_HLA-A*68:01,tcr15020,1
vdjdb_full_13183_ss_3_n0,DATYQRTRALVR_HLA-A*68:01,tcr16336,0
vdjdb_full_13184,DATYQRTRALVR_HLA-A*68:01,tcr11760,1
vdjdb_full_13184_ss_3_n0,DATYQRTRALVR_HLA-A*68:01,tcr4152,0
vdjdb_full_13185,DATYQRTRALVR_HLA-A*68:01,tcr7393,1
vdjdb_full_13185_ss_3_n0,DATYQRTRALVR_HLA-A*68:01,tcr3351,0
vdjdb_full_13186,DATYQRTRALVR_HLA-A*68:01,tcr13709,1
vdjdb_full_13186_ss_3_n0,DATYQRTRALVR_HLA-A*68:01,tcr9594,0
vdjdb_full_13187,DATYQRTRALVR_HLA-A*68:01,tcr6484,1
vdjdb_full_13187_ss_3_n0,DATYQRTRALVR_HLA-A*68:01,tcr10871,0
vdjdb_full_13188,DATYQRTRALVR_HLA-A*68:01,tcr4146,1
vdjdb_full_13188_ss_3_n0,DATYQRTRALVR_HLA-A*68:01,tcr13297,0
vdjdb_full_13189,DATYQRTRALVR_HLA-A*68:01,tcr17046,1
vdjdb_full_13189_ss_3_n0,DATYQRTRALVR_HLA-A*68:01,tcr11109,0
vdjdb_full_13190,DATYQRTRALVR_HLA-A*68:01,tcr3875,1
vdjdb_full_13190_ss_3_n0,DATYQRTRALVR_HLA-A*68:01,tcr11013,0
vdjdb_full_13191,DATYQRTRALVR_HLA-A*68:01,tcr6026,1
vdjdb_full_13191_ss_3_n0,DATYQRTRALVR_HLA-A*68:01,tcr5600,0
vdjdb_full_13192,DATYQRTRALVR_HLA-A*68:01,tcr9002,1
vdjdb_full_13192_ss_3_n0,DATYQRTRALVR_HLA-A*68:01,tcr16713,0
vdjdb_full_13193,DATYQRTRALVR_HLA-A*68:01,tcr11872,1
vdjdb_full_13193_ss_3_n0,DATYQRTRALVR_HLA-A*68:01,tcr1052,0
vdjdb_full_13195,DATYQRTRALVR_HLA-A*68:01,tcr4099,1
vdjdb_full_13195_ss_3_n0,DATYQRTRALVR_HLA-A*68:01,tcr1501,0
vdjdb_full_13196,DATYQRTRALVR_HLA-A*68:01,tcr15221,1
vdjdb_full_13196_ss_3_n0,DATYQRTRALVR_HLA-A*68:01,tcr9538,0
vdjdb_full_13197,DATYQRTRALVR_HLA-A*68:01,tcr15441,1
vdjdb_full_13197_ss_3_n0,DATYQRTRALVR_HLA-A*68:01,tcr6950,0
vdjdb_full_13198,DATYQRTRALVR_HLA-A*68:01,tcr15246,1
vdjdb_full_13198_ss_3_n0,DATYQRTRALVR_HLA-A*68:01,tcr10153,0
vdjdb_full_13199,DATYQRTRALVR_HLA-A*68:01,tcr5279,1
vdjdb_full_13199_ss_3_n0,DATYQRTRALVR_HLA-A*68:01,tcr3303,0
vdjdb_full_13200,DATYQRTRALVR_HLA-A*68:01,tcr5519,1
vdjdb_full_13200_ss_3_n0,DATYQRTRALVR_HLA-A*68:01,tcr2164,0
vdjdb_full_13201,DATYQRTRALVR_HLA-A*68:01,tcr12301,1
vdjdb_full_13201_ss_3_n0,DATYQRTRALVR_HLA-A*68:01,tcr15815,0
vdjdb_full_13202,DATYQRTRALVR_HLA-A*68:01,tcr7676,1
vdjdb_full_13202_ss_3_n0,DATYQRTRALVR_HLA-A*68:01,tcr764,0
vdjdb_full_13203,DATYQRTRALVR_HLA-A*68:01,tcr4256,1
vdjdb_full_13203_ss_3_n0,DATYQRTRALVR_HLA-A*68:01,tcr13454,0
vdjdb_full_13204,DATYQRTRALVR_HLA-A*68:01,tcr8639,1
vdjdb_full_13204_ss_3_n0,DATYQRTRALVR_HLA-A*68:01,tcr8145,0
vdjdb_full_13205,DATYQRTRALVR_HLA-A*68:01,tcr14239,1
vdjdb_full_13205_ss_3_n0,DATYQRTRALVR_HLA-A*68:01,tcr17925,0
vdjdb_full_13206,DATYQRTRALVR_HLA-A*68:01,tcr17069,1
vdjdb_full_13206_ss_3_n0,DATYQRTRALVR_HLA-A*68:01,tcr15995,0
vdjdb_full_13207,DATYQRTRALVR_HLA-A*68:01,tcr10124,1
vdjdb_full_13207_ss_3_n0,DATYQRTRALVR_HLA-A*68:01,tcr911,0
vdjdb_full_13208,DATYQRTRALVR_HLA-A*68:01,tcr3636,1
vdjdb_full_13208_ss_3_n0,DATYQRTRALVR_HLA-A*68:01,tcr14775,0
vdjdb_full_13209,DATYQRTRALVR_HLA-A*68:01,tcr2534,1
vdjdb_full_13209_ss_3_n0,DATYQRTRALVR_HLA-A*68:01,tcr3967,0
vdjdb_full_13210,DATYQRTRALVR_HLA-A*68:01,tcr6070,1
vdjdb_full_13210_ss_3_n0,DATYQRTRALVR_HLA-A*68:01,tcr5859,0
vdjdb_full_13211,DATYQRTRALVR_HLA-A*68:01,tcr12647,1
vdjdb_full_13211_ss_3_n0,DATYQRTRALVR_HLA-A*68:01,tcr18137,0
vdjdb_full_13212,DATYQRTRALVR_HLA-A*68:01,tcr9415,1
vdjdb_full_13212_ss_3_n0,DATYQRTRALVR_HLA-A*68:01,tcr6890,0
vdjdb_full_13213,DATYQRTRALVR_HLA-A*68:01,tcr9052,1
vdjdb_full_13213_ss_3_n0,DATYQRTRALVR_HLA-A*68:01,tcr17976,0
vdjdb_full_13214,DATYQRTRALVR_HLA-A*68:01,tcr12031,1
vdjdb_full_13214_ss_3_n0,DATYQRTRALVR_HLA-A*68:01,tcr11610,0
vdjdb_full_13215,DATYQRTRALVR_HLA-A*68:01,tcr13531,1
vdjdb_full_13215_ss_3_n0,DATYQRTRALVR_HLA-A*68:01,tcr3127,0
vdjdb_full_13216,DATYQRTRALVR_HLA-A*68:01,tcr16337,1
vdjdb_full_13216_ss_3_n0,DATYQRTRALVR_HLA-A*68:01,tcr10823,0
vdjdb_full_13217,DATYQRTRALVR_HLA-A*68:01,tcr11915,1
vdjdb_full_13217_ss_3_n0,DATYQRTRALVR_HLA-A*68:01,tcr13734,0
vdjdb_full_13218,DATYQRTRALVR_HLA-A*68:01,tcr14983,1
vdjdb_full_13218_ss_3_n0,DATYQRTRALVR_HLA-A*68:01,tcr12328,0
vdjdb_full_13219,DATYQRTRALVR_HLA-A*68:01,tcr8526,1
vdjdb_full_13219_ss_3_n0,DATYQRTRALVR_HLA-A*68:01,tcr11205,0
vdjdb_full_13220,DATYQRTRALVR_HLA-A*68:01,tcr13125,1
vdjdb_full_13220_ss_3_n0,DATYQRTRALVR_HLA-A*68:01,tcr2895,0
vdjdb_full_13221,DATYQRTRALVR_HLA-A*68:01,tcr4189,1
vdjdb_full_13221_ss_3_n0,DATYQRTRALVR_HLA-A*68:01,tcr15360,0
vdjdb_full_13222,DATYQRTRALVR_HLA-A*68:01,tcr9457,1
vdjdb_full_13222_ss_3_n0,DATYQRTRALVR_HLA-A*68:01,tcr17333,0
vdjdb_full_13223,DATYQRTRALVR_HLA-A*68:01,tcr12913,1
vdjdb_full_13223_ss_3_n0,DATYQRTRALVR_HLA-A*68:01,tcr16954,0
vdjdb_full_13224,DATYQRTRALVR_HLA-A*68:01,tcr5087,1
vdjdb_full_13224_ss_3_n0,DATYQRTRALVR_HLA-A*68:01,tcr3196,0
vdjdb_full_13225,DATYQRTRALVR_HLA-A*68:01,tcr8588,1
vdjdb_full_13225_ss_3_n0,DATYQRTRALVR_HLA-A*68:01,tcr4703,0
vdjdb_full_13226,DATYQRTRALVR_HLA-A*68:01,tcr5897,1
vdjdb_full_13226_ss_3_n0,DATYQRTRALVR_HLA-A*68:01,tcr9319,0
vdjdb_full_13227,DATYQRTRALVR_HLA-A*68:01,tcr12502,1
vdjdb_full_13227_ss_3_n0,DATYQRTRALVR_HLA-A*68:01,tcr14463,0
vdjdb_full_13228,DATYQRTRALVR_HLA-A*68:01,tcr14198,1
vdjdb_full_13228_ss_3_n0,DATYQRTRALVR_HLA-A*68:01,tcr2826,0
vdjdb_full_13229,DATYQRTRALVR_HLA-A*68:01,tcr3041,1
vdjdb_full_13229_ss_3_n0,DATYQRTRALVR_HLA-A*68:01,tcr2507,0
vdjdb_full_13230,DATYQRTRALVR_HLA-A*68:01,tcr10391,1
vdjdb_full_13230_ss_3_n0,DATYQRTRALVR_HLA-A*68:01,tcr640,0
vdjdb_full_13231,DATYQRTRALVR_HLA-A*68:01,tcr17969,1
vdjdb_full_13231_ss_3_n0,DATYQRTRALVR_HLA-A*68:01,tcr10462,0
vdjdb_full_13232,DATYQRTRALVR_HLA-A*68:01,tcr3815,1
vdjdb_full_13232_ss_3_n0,DATYQRTRALVR_HLA-A*68:01,tcr11854,0
vdjdb_full_13233,DATYQRTRALVR_HLA-A*68:01,tcr15021,1
vdjdb_full_13233_ss_3_n0,DATYQRTRALVR_HLA-A*68:01,tcr8960,0
vdjdb_full_13234,DATYQRTRALVR_HLA-A*68:01,tcr8410,1
vdjdb_full_13234_ss_3_n0,DATYQRTRALVR_HLA-A*68:01,tcr7730,0
vdjdb_full_13235,DATYQRTRALVR_HLA-A*68:01,tcr6600,1
vdjdb_full_13235_ss_3_n0,DATYQRTRALVR_HLA-A*68:01,tcr1805,0
vdjdb_full_13236,DATYQRTRALVR_HLA-A*68:01,tcr10201,1
vdjdb_full_13236_ss_3_n0,DATYQRTRALVR_HLA-A*68:01,tcr8220,0
vdjdb_full_13237,DATYQRTRALVR_HLA-A*68:01,tcr16756,1
vdjdb_full_13237_ss_3_n0,DATYQRTRALVR_HLA-A*68:01,tcr15847,0
vdjdb_full_13238,DATYQRTRALVR_HLA-A*68:01,tcr16942,1
vdjdb_full_13238_ss_3_n0,DATYQRTRALVR_HLA-A*68:01,tcr2341,0
vdjdb_full_13239,DATYQRTRALVR_HLA-A*68:01,tcr16701,1
vdjdb_full_13239_ss_3_n0,DATYQRTRALVR_HLA-A*68:01,tcr3051,0
vdjdb_full_13240,DATYQRTRALVR_HLA-A*68:01,tcr9959,1
vdjdb_full_13240_ss_3_n0,DATYQRTRALVR_HLA-A*68:01,tcr14502,0
vdjdb_full_13241,DATYQRTRALVR_HLA-A*68:01,tcr4412,1
vdjdb_full_13241_ss_3_n0,DATYQRTRALVR_HLA-A*68:01,tcr17718,0
vdjdb_full_13242,DATYQRTRALVR_HLA-A*68:01,tcr17528,1
vdjdb_full_13242_ss_3_n0,DATYQRTRALVR_HLA-A*68:01,tcr17448,0
vdjdb_full_13243,DATYQRTRALVR_HLA-A*68:01,tcr11273,1
vdjdb_full_13243_ss_3_n0,DATYQRTRALVR_HLA-A*68:01,tcr12796,0
vdjdb_full_13244,DATYQRTRALVR_HLA-A*68:01,tcr7755,1
vdjdb_full_13244_ss_3_n0,DATYQRTRALVR_HLA-A*68:01,tcr6821,0
vdjdb_full_13245,DATYQRTRALVR_HLA-A*68:01,tcr15186,1
vdjdb_full_13245_ss_3_n0,DATYQRTRALVR_HLA-A*68:01,tcr2723,0
vdjdb_full_13246,DATYQRTRALVR_HLA-A*68:01,tcr13407,1
vdjdb_full_13246_ss_3_n0,DATYQRTRALVR_HLA-A*68:01,tcr15717,0
vdjdb_full_14615,CTELKLSDY_HLA-A*01:01,tcr15232,1
vdjdb_full_14615_ss_3_n0,CTELKLSDY_HLA-A*01:01,tcr5955,0
vdjdb_full_14616,CTELKLSDY_HLA-A*01:01,tcr8373,1
vdjdb_full_14616_ss_3_n0,CTELKLSDY_HLA-A*01:01,tcr12717,0
vdjdb_full_14617,CTELKLSDY_HLA-A*01:01,tcr6449,1
vdjdb_full_14617_ss_3_n0,CTELKLSDY_HLA-A*01:01,tcr15983,0
vdjdb_full_14618,CTELKLSDY_HLA-A*01:01,tcr7708,1
vdjdb_full_14618_ss_3_n0,CTELKLSDY_HLA-A*01:01,tcr51,0
vdjdb_full_14619,CTELKLSDY_HLA-A*01:01,tcr15219,1
vdjdb_full_14619_ss_3_n0,CTELKLSDY_HLA-A*01:01,tcr11848,0
vdjdb_full_14620,CTELKLSDY_HLA-A*01:01,tcr11011,1
vdjdb_full_14620_ss_3_n0,CTELKLSDY_HLA-A*01:01,tcr810,0
vdjdb_full_14621,CTELKLSDY_HLA-A*01:01,tcr5565,1
vdjdb_full_14621_ss_3_n0,CTELKLSDY_HLA-A*01:01,tcr12391,0
vdjdb_full_14622,CTELKLSDY_HLA-A*01:01,tcr15170,1
vdjdb_full_14622_ss_3_n0,CTELKLSDY_HLA-A*01:01,tcr1149,0
vdjdb_full_14623,CTELKLSDY_HLA-A*01:01,tcr48,1
vdjdb_full_14623_ss_3_n0,CTELKLSDY_HLA-A*01:01,tcr15581,0
vdjdb_full_14624,CTELKLSDY_HLA-A*01:01,tcr11625,1
vdjdb_full_14624_ss_3_n0,CTELKLSDY_HLA-A*01:01,tcr2425,0
vdjdb_full_14625,CTELKLSDY_HLA-A*01:01,tcr15966,1
vdjdb_full_14625_ss_3_n0,CTELKLSDY_HLA-A*01:01,tcr9174,0
vdjdb_full_14626,CTELKLSDY_HLA-A*01:01,tcr11046,1
vdjdb_full_14626_ss_3_n0,CTELKLSDY_HLA-A*01:01,tcr14442,0
vdjdb_full_14627,CTELKLSDY_HLA-A*01:01,tcr335,1
vdjdb_full_14627_ss_3_n0,CTELKLSDY_HLA-A*01:01,tcr4182,0
vdjdb_full_14628,CTELKLSDY_HLA-A*01:01,tcr16786,1
vdjdb_full_14628_ss_3_n0,CTELKLSDY_HLA-A*01:01,tcr1909,0
vdjdb_full_14629,CTELKLSDY_HLA-A*01:01,tcr16528,1
vdjdb_full_14629_ss_3_n0,CTELKLSDY_HLA-A*01:01,tcr16638,0
vdjdb_full_14630,CTELKLSDY_HLA-A*01:01,tcr680,1
vdjdb_full_14630_ss_3_n0,CTELKLSDY_HLA-A*01:01,tcr15890,0
vdjdb_full_14631,CTELKLSDY_HLA-A*01:01,tcr11546,1
vdjdb_full_14631_ss_3_n0,CTELKLSDY_HLA-A*01:01,tcr12357,0
vdjdb_full_14632,CTELKLSDY_HLA-A*01:01,tcr8336,1
vdjdb_full_14632_ss_3_n0,CTELKLSDY_HLA-A*01:01,tcr6876,0
vdjdb_full_14633,CTELKLSDY_HLA-A*01:01,tcr224,1
vdjdb_full_14633_ss_3_n0,CTELKLSDY_HLA-A*01:01,tcr12941,0
vdjdb_full_14634,CTELKLSDY_HLA-A*01:01,tcr124,1
vdjdb_full_14634_ss_3_n0,CTELKLSDY_HLA-A*01:01,tcr14645,0
vdjdb_full_14635,CTELKLSDY_HLA-A*01:01,tcr12012,1
vdjdb_full_14635_ss_3_n0,CTELKLSDY_HLA-A*01:01,tcr2663,0
vdjdb_full_14636,CTELKLSDY_HLA-A*01:01,tcr4123,1
vdjdb_full_14636_ss_3_n0,CTELKLSDY_HLA-A*01:01,tcr6125,0
vdjdb_full_14637,CTELKLSDY_HLA-A*01:01,tcr13543,1
vdjdb_full_14637_ss_3_n0,CTELKLSDY_HLA-A*01:01,tcr16946,0
vdjdb_full_14638,CTELKLSDY_HLA-A*01:01,tcr6692,1
vdjdb_full_14638_ss_3_n0,CTELKLSDY_HLA-A*01:01,tcr2560,0
vdjdb_full_14639,CTELKLSDY_HLA-A*01:01,tcr7101,1
vdjdb_full_14639_ss_3_n0,CTELKLSDY_HLA-A*01:01,tcr7002,0
vdjdb_full_14640,CTELKLSDY_HLA-A*01:01,tcr12570,1
vdjdb_full_14640_ss_3_n0,CTELKLSDY_HLA-A*01:01,tcr1202,0
vdjdb_full_14641,CTELKLSDY_HLA-A*01:01,tcr16498,1
vdjdb_full_14641_ss_3_n0,CTELKLSDY_HLA-A*01:01,tcr12916,0
vdjdb_full_14642,CTELKLSDY_HLA-A*01:01,tcr2380,1
vdjdb_full_14642_ss_3_n0,CTELKLSDY_HLA-A*01:01,tcr8206,0
vdjdb_full_14643,CTELKLSDY_HLA-A*01:01,tcr15499,1
vdjdb_full_14643_ss_3_n0,CTELKLSDY_HLA-A*01:01,tcr926,0
vdjdb_full_14644,CTELKLSDY_HLA-A*01:01,tcr15504,1
vdjdb_full_14644_ss_3_n0,CTELKLSDY_HLA-A*01:01,tcr5186,0
vdjdb_full_14645,CTELKLSDY_HLA-A*01:01,tcr7438,1
vdjdb_full_14645_ss_3_n0,CTELKLSDY_HLA-A*01:01,tcr3567,0
vdjdb_full_14646,CTELKLSDY_HLA-A*01:01,tcr16984,1
vdjdb_full_14646_ss_3_n0,CTELKLSDY_HLA-A*01:01,tcr4281,0
vdjdb_full_14647,CTELKLSDY_HLA-A*01:01,tcr3368,1
vdjdb_full_14647_ss_3_n0,CTELKLSDY_HLA-A*01:01,tcr7699,0
vdjdb_full_14648,CTELKLSDY_HLA-A*01:01,tcr2857,1
vdjdb_full_14648_ss_3_n0,CTELKLSDY_HLA-A*01:01,tcr1372,0
vdjdb_full_14649,CTELKLSDY_HLA-A*01:01,tcr119,1
vdjdb_full_14649_ss_3_n0,CTELKLSDY_HLA-A*01:01,tcr11231,0
vdjdb_full_14650,CTELKLSDY_HLA-A*01:01,tcr15927,1
vdjdb_full_14650_ss_3_n0,CTELKLSDY_HLA-A*01:01,tcr2234,0
vdjdb_full_14651,CTELKLSDY_HLA-A*01:01,tcr6849,1
vdjdb_full_14651_ss_3_n0,CTELKLSDY_HLA-A*01:01,tcr7045,0
vdjdb_full_14652,CTELKLSDY_HLA-A*01:01,tcr16411,1
vdjdb_full_14652_ss_3_n0,CTELKLSDY_HLA-A*01:01,tcr14825,0
vdjdb_full_14653,CTELKLSDY_HLA-A*01:01,tcr9829,1
vdjdb_full_14653_ss_3_n0,CTELKLSDY_HLA-A*01:01,tcr16243,0
vdjdb_full_14654,CTELKLSDY_HLA-A*01:01,tcr2159,1
vdjdb_full_14654_ss_3_n0,CTELKLSDY_HLA-A*01:01,tcr13042,0
vdjdb_full_14655,CTELKLSDY_HLA-A*01:01,tcr2984,1
vdjdb_full_14655_ss_3_n0,CTELKLSDY_HLA-A*01:01,tcr8528,0
vdjdb_full_14656,CTELKLSDY_HLA-A*01:01,tcr11702,1
vdjdb_full_14656_ss_3_n0,CTELKLSDY_HLA-A*01:01,tcr3486,0
vdjdb_full_14657,CTELKLSDY_HLA-A*01:01,tcr17691,1
vdjdb_full_14657_ss_3_n0,CTELKLSDY_HLA-A*01:01,tcr4896,0
vdjdb_full_14658,CTELKLSDY_HLA-A*01:01,tcr14032,1
vdjdb_full_14658_ss_3_n0,CTELKLSDY_HLA-A*01:01,tcr7208,0
vdjdb_full_14659,CTELKLSDY_HLA-A*01:01,tcr14490,1
vdjdb_full_14659_ss_3_n0,CTELKLSDY_HLA-A*01:01,tcr7347,0
vdjdb_full_14660,CTELKLSDY_HLA-A*01:01,tcr4260,1
vdjdb_full_14660_ss_3_n0,CTELKLSDY_HLA-A*01:01,tcr14165,0
vdjdb_full_14661,CTELKLSDY_HLA-A*01:01,tcr15058,1
vdjdb_full_14661_ss_3_n0,CTELKLSDY_HLA-A*01:01,tcr3626,0
vdjdb_full_14662,CTELKLSDY_HLA-A*01:01,tcr16772,1
vdjdb_full_14662_ss_3_n0,CTELKLSDY_HLA-A*01:01,tcr6918,0
vdjdb_full_14663,CTELKLSDY_HLA-A*01:01,tcr1979,1
vdjdb_full_14663_ss_3_n0,CTELKLSDY_HLA-A*01:01,tcr1760,0
vdjdb_full_14664,CTELKLSDY_HLA-A*01:01,tcr18367,1
vdjdb_full_14664_ss_3_n0,CTELKLSDY_HLA-A*01:01,tcr668,0
vdjdb_full_14665,CTELKLSDY_HLA-A*01:01,tcr15902,1
vdjdb_full_14665_ss_3_n0,CTELKLSDY_HLA-A*01:01,tcr7082,0
vdjdb_full_14666,CTELKLSDY_HLA-A*01:01,tcr13977,1
vdjdb_full_14666_ss_3_n0,CTELKLSDY_HLA-A*01:01,tcr18352,0
vdjdb_full_14667,CTELKLSDY_HLA-A*01:01,tcr18323,1
vdjdb_full_14667_ss_3_n0,CTELKLSDY_HLA-A*01:01,tcr1149,0
vdjdb_full_14668,CTELKLSDY_HLA-A*01:01,tcr9221,1
vdjdb_full_14668_ss_3_n0,CTELKLSDY_HLA-A*01:01,tcr4940,0
vdjdb_full_14669,CTELKLSDY_HLA-A*01:01,tcr9501,1
vdjdb_full_14669_ss_3_n0,CTELKLSDY_HLA-A*01:01,tcr3436,0
vdjdb_full_14670,CTELKLSDY_HLA-A*01:01,tcr1830,1
vdjdb_full_14670_ss_3_n0,CTELKLSDY_HLA-A*01:01,tcr10600,0
vdjdb_full_14671,CTELKLSDY_HLA-A*01:01,tcr2599,1
vdjdb_full_14671_ss_3_n0,CTELKLSDY_HLA-A*01:01,tcr8717,0
vdjdb_full_14672,CTELKLSDY_HLA-A*01:01,tcr10812,1
vdjdb_full_14672_ss_3_n0,CTELKLSDY_HLA-A*01:01,tcr15400,0
vdjdb_full_14673,CTELKLSDY_HLA-A*01:01,tcr11148,1
vdjdb_full_14673_ss_3_n0,CTELKLSDY_HLA-A*01:01,tcr1031,0
vdjdb_full_14674,CTELKLSDY_HLA-A*01:01,tcr12575,1
vdjdb_full_14674_ss_3_n0,CTELKLSDY_HLA-A*01:01,tcr8819,0
vdjdb_full_14675,CTELKLSDY_HLA-A*01:01,tcr18210,1
vdjdb_full_14675_ss_3_n0,CTELKLSDY_HLA-A*01:01,tcr598,0
vdjdb_full_14676,CTELKLSDY_HLA-A*01:01,tcr4442,1
vdjdb_full_14676_ss_3_n0,CTELKLSDY_HLA-A*01:01,tcr1318,0
vdjdb_full_14677,CTELKLSDY_HLA-A*01:01,tcr9576,1
vdjdb_full_14677_ss_3_n0,CTELKLSDY_HLA-A*01:01,tcr6638,0
vdjdb_full_14678,CTELKLSDY_HLA-A*01:01,tcr10139,1
vdjdb_full_14678_ss_3_n0,CTELKLSDY_HLA-A*01:01,tcr6264,0
vdjdb_full_14679,CTELKLSDY_HLA-A*01:01,tcr15602,1
vdjdb_full_14679_ss_3_n0,CTELKLSDY_HLA-A*01:01,tcr7478,0
vdjdb_full_14680,CTELKLSDY_HLA-A*01:01,tcr13029,1
vdjdb_full_14680_ss_3_n0,CTELKLSDY_HLA-A*01:01,tcr2804,0
vdjdb_full_14681,CTELKLSDY_HLA-A*01:01,tcr8383,1
vdjdb_full_14681_ss_3_n0,CTELKLSDY_HLA-A*01:01,tcr9596,0
vdjdb_full_14682,CTELKLSDY_HLA-A*01:01,tcr6715,1
vdjdb_full_14682_ss_3_n0,CTELKLSDY_HLA-A*01:01,tcr13081,0
vdjdb_full_14683,CTELKLSDY_HLA-A*01:01,tcr1417,1
vdjdb_full_14683_ss_3_n0,CTELKLSDY_HLA-A*01:01,tcr11930,0
vdjdb_full_14684,CTELKLSDY_HLA-A*01:01,tcr17908,1
vdjdb_full_14684_ss_3_n0,CTELKLSDY_HLA-A*01:01,tcr16922,0
vdjdb_full_14686,CTELKLSDY_HLA-A*01:01,tcr7297,1
vdjdb_full_14686_ss_3_n0,CTELKLSDY_HLA-A*01:01,tcr614,0
vdjdb_full_14687,CTELKLSDY_HLA-A*01:01,tcr4924,1
vdjdb_full_14687_ss_3_n0,CTELKLSDY_HLA-A*01:01,tcr9769,0
vdjdb_full_14688,CTELKLSDY_HLA-A*01:01,tcr8230,1
vdjdb_full_14688_ss_3_n0,CTELKLSDY_HLA-A*01:01,tcr10322,0
vdjdb_full_14689,CTELKLSDY_HLA-A*01:01,tcr10415,1
vdjdb_full_14689_ss_3_n0,CTELKLSDY_HLA-A*01:01,tcr11480,0
vdjdb_full_14690,CTELKLSDY_HLA-A*01:01,tcr8784,1
vdjdb_full_14690_ss_3_n0,CTELKLSDY_HLA-A*01:01,tcr16779,0
vdjdb_full_14691,CTELKLSDY_HLA-A*01:01,tcr14524,1
vdjdb_full_14691_ss_3_n0,CTELKLSDY_HLA-A*01:01,tcr1468,0
vdjdb_full_14692,CTELKLSDY_HLA-A*01:01,tcr2313,1
vdjdb_full_14692_ss_3_n0,CTELKLSDY_HLA-A*01:01,tcr4542,0
vdjdb_full_14693,CTELKLSDY_HLA-A*01:01,tcr14220,1
vdjdb_full_14693_ss_3_n0,CTELKLSDY_HLA-A*01:01,tcr17703,0
vdjdb_full_14694,CTELKLSDY_HLA-A*01:01,tcr11941,1
vdjdb_full_14694_ss_3_n0,CTELKLSDY_HLA-A*01:01,tcr15158,0
vdjdb_full_14695,CTELKLSDY_HLA-A*01:01,tcr17205,1
vdjdb_full_14695_ss_3_n0,CTELKLSDY_HLA-A*01:01,tcr746,0
vdjdb_full_14696,CTELKLSDY_HLA-A*01:01,tcr2433,1
vdjdb_full_14696_ss_3_n0,CTELKLSDY_HLA-A*01:01,tcr269,0
vdjdb_full_14697,CTELKLSDY_HLA-A*01:01,tcr17021,1
vdjdb_full_14697_ss_3_n0,CTELKLSDY_HLA-A*01:01,tcr12975,0
vdjdb_full_14698,CTELKLSDY_HLA-A*01:01,tcr12594,1
vdjdb_full_14698_ss_3_n0,CTELKLSDY_HLA-A*01:01,tcr9870,0
vdjdb_full_14699,CTELKLSDY_HLA-A*01:01,tcr5570,1
vdjdb_full_14699_ss_3_n0,CTELKLSDY_HLA-A*01:01,tcr3187,0
vdjdb_full_14700,CTELKLSDY_HLA-A*01:01,tcr18321,1
vdjdb_full_14700_ss_3_n0,CTELKLSDY_HLA-A*01:01,tcr8108,0
vdjdb_full_14701,CTELKLSDY_HLA-A*01:01,tcr11012,1
vdjdb_full_14701_ss_3_n0,CTELKLSDY_HLA-A*01:01,tcr1287,0
vdjdb_full_14702,CTELKLSDY_HLA-A*01:01,tcr14987,1
vdjdb_full_14702_ss_3_n0,CTELKLSDY_HLA-A*01:01,tcr5544,0
vdjdb_full_14703,CTELKLSDY_HLA-A*01:01,tcr2455,1
vdjdb_full_14703_ss_3_n0,CTELKLSDY_HLA-A*01:01,tcr3576,0
vdjdb_full_14704,CTELKLSDY_HLA-A*01:01,tcr14600,1
vdjdb_full_14704_ss_3_n0,CTELKLSDY_HLA-A*01:01,tcr4446,0
vdjdb_full_12032,ALAGIGILTV_HLA-A*02:01,tcr6125,1
vdjdb_full_12032_ss_3_n0,ALAGIGILTV_HLA-A*02:01,tcr2812,0
vdjdb_full_12033,ALAGIGILTV_HLA-A*02:01,tcr5453,1
vdjdb_full_12033_ss_3_n0,ALAGIGILTV_HLA-A*02:01,tcr11033,0
vdjdb_full_12034,ALAGIGILTV_HLA-A*02:01,tcr5887,1
vdjdb_full_12034_ss_3_n0,ALAGIGILTV_HLA-A*02:01,tcr14915,0
vdjdb_full_12035,ALAGIGILTV_HLA-A*02:01,tcr1816,1
vdjdb_full_12035_ss_3_n0,ALAGIGILTV_HLA-A*02:01,tcr13905,0
vdjdb_full_12036,ALAGIGILTV_HLA-A*02:01,tcr18301,1
vdjdb_full_12036_ss_3_n0,ALAGIGILTV_HLA-A*02:01,tcr1689,0
vdjdb_full_12037,ALAGIGILTV_HLA-A*02:01,tcr11133,1
vdjdb_full_12037_ss_3_n0,ALAGIGILTV_HLA-A*02:01,tcr17726,0
vdjdb_full_12038,ALAGIGILTV_HLA-A*02:01,tcr14766,1
vdjdb_full_12038_ss_3_n0,ALAGIGILTV_HLA-A*02:01,tcr13693,0
vdjdb_full_12039,ALAGIGILTV_HLA-A*02:01,tcr6388,1
vdjdb_full_12039_ss_3_n0,ALAGIGILTV_HLA-A*02:01,tcr8665,0
vdjdb_full_12040,ALAGIGILTV_HLA-A*02:01,tcr9915,1
vdjdb_full_12040_ss_3_n0,ALAGIGILTV_HLA-A*02:01,tcr9572,0
vdjdb_full_12041,ALAGIGILTV_HLA-A*02:01,tcr8960,1
vdjdb_full_12041_ss_3_n0,ALAGIGILTV_HLA-A*02:01,tcr6344,0
vdjdb_full_12042,ALAGIGILTV_HLA-A*02:01,tcr6926,1
vdjdb_full_12042_ss_3_n0,ALAGIGILTV_HLA-A*02:01,tcr3133,0
vdjdb_full_12043,ALAGIGILTV_HLA-A*02:01,tcr11313,1
vdjdb_full_12043_ss_3_n0,ALAGIGILTV_HLA-A*02:01,tcr9241,0
vdjdb_full_12044,ALAGIGILTV_HLA-A*02:01,tcr3491,1
vdjdb_full_12044_ss_3_n0,ALAGIGILTV_HLA-A*02:01,tcr8725,0
vdjdb_full_12045,ALAGIGILTV_HLA-A*02:01,tcr15071,1
vdjdb_full_12045_ss_3_n0,ALAGIGILTV_HLA-A*02:01,tcr2341,0
vdjdb_full_12046,ALAGIGILTV_HLA-A*02:01,tcr2379,1
vdjdb_full_12046_ss_3_n0,ALAGIGILTV_HLA-A*02:01,tcr12415,0
vdjdb_full_12047,ALAGIGILTV_HLA-A*02:01,tcr12392,1
vdjdb_full_12047_ss_3_n0,ALAGIGILTV_HLA-A*02:01,tcr18379,0
vdjdb_full_12048,ALAGIGILTV_HLA-A*02:01,tcr7287,1
vdjdb_full_12048_ss_3_n0,ALAGIGILTV_HLA-A*02:01,tcr8149,0
vdjdb_full_12049,ALAGIGILTV_HLA-A*02:01,tcr7314,1
vdjdb_full_12049_ss_3_n0,ALAGIGILTV_HLA-A*02:01,tcr9157,0
vdjdb_full_12050,ALAGIGILTV_HLA-A*02:01,tcr7300,1
vdjdb_full_12050_ss_3_n0,ALAGIGILTV_HLA-A*02:01,tcr6984,0
vdjdb_full_12051,ALAGIGILTV_HLA-A*02:01,tcr16601,1
vdjdb_full_12051_ss_3_n0,ALAGIGILTV_HLA-A*02:01,tcr16737,0
vdjdb_full_12052,ALAGIGILTV_HLA-A*02:01,tcr2222,1
vdjdb_full_12052_ss_3_n0,ALAGIGILTV_HLA-A*02:01,tcr12298,0
vdjdb_full_12053,ALAGIGILTV_HLA-A*02:01,tcr6478,1
vdjdb_full_12053_ss_3_n0,ALAGIGILTV_HLA-A*02:01,tcr17280,0
vdjdb_full_12054,ALAGIGILTV_HLA-A*02:01,tcr1537,1
vdjdb_full_12054_ss_3_n0,ALAGIGILTV_HLA-A*02:01,tcr2886,0
vdjdb_full_12055,ALAGIGILTV_HLA-A*02:01,tcr17202,1
vdjdb_full_12055_ss_3_n0,ALAGIGILTV_HLA-A*02:01,tcr3975,0
vdjdb_full_12056,ALAGIGILTV_HLA-A*02:01,tcr18071,1
vdjdb_full_12056_ss_3_n0,ALAGIGILTV_HLA-A*02:01,tcr11495,0
vdjdb_full_12057,ALAGIGILTV_HLA-A*02:01,tcr14753,1
vdjdb_full_12057_ss_3_n0,ALAGIGILTV_HLA-A*02:01,tcr16908,0
vdjdb_full_12058,ALAGIGILTV_HLA-A*02:01,tcr8581,1
vdjdb_full_12058_ss_3_n0,ALAGIGILTV_HLA-A*02:01,tcr992,0
vdjdb_full_12059,ALAGIGILTV_HLA-A*02:01,tcr3335,1
vdjdb_full_12059_ss_3_n0,ALAGIGILTV_HLA-A*02:01,tcr15491,0
vdjdb_full_12060,ALAGIGILTV_HLA-A*02:01,tcr11342,1
vdjdb_full_12060_ss_3_n0,ALAGIGILTV_HLA-A*02:01,tcr899,0
vdjdb_full_12061,ALAGIGILTV_HLA-A*02:01,tcr7802,1
vdjdb_full_12061_ss_3_n0,ALAGIGILTV_HLA-A*02:01,tcr9700,0
vdjdb_full_12062,ALAGIGILTV_HLA-A*02:01,tcr2042,1
vdjdb_full_12062_ss_3_n0,ALAGIGILTV_HLA-A*02:01,tcr17399,0
vdjdb_full_12063,ALAGIGILTV_HLA-A*02:01,tcr7045,1
vdjdb_full_12063_ss_3_n0,ALAGIGILTV_HLA-A*02:01,tcr10511,0
vdjdb_full_12064,ALAGIGILTV_HLA-A*02:01,tcr4156,1
vdjdb_full_12064_ss_3_n0,ALAGIGILTV_HLA-A*02:01,tcr2568,0
vdjdb_full_12065,ALAGIGILTV_HLA-A*02:01,tcr7293,1
vdjdb_full_12065_ss_3_n0,ALAGIGILTV_HLA-A*02:01,tcr7257,0
vdjdb_full_12066,ALAGIGILTV_HLA-A*02:01,tcr678,1
vdjdb_full_12066_ss_3_n0,ALAGIGILTV_HLA-A*02:01,tcr15704,0
vdjdb_full_12067,ALAGIGILTV_HLA-A*02:01,tcr2833,1
vdjdb_full_12067_ss_3_n0,ALAGIGILTV_HLA-A*02:01,tcr7360,0
vdjdb_full_12068,ALAGIGILTV_HLA-A*02:01,tcr11883,1
vdjdb_full_12068_ss_3_n0,ALAGIGILTV_HLA-A*02:01,tcr16929,0
vdjdb_full_12069,ALAGIGILTV_HLA-A*02:01,tcr13589,1
vdjdb_full_12069_ss_3_n0,ALAGIGILTV_HLA-A*02:01,tcr17885,0
vdjdb_full_12070,ALAGIGILTV_HLA-A*02:01,tcr7671,1
vdjdb_full_12070_ss_3_n0,ALAGIGILTV_HLA-A*02:01,tcr9277,0
vdjdb_full_12072,ALAGIGILTV_HLA-A*02:01,tcr17850,1
vdjdb_full_12072_ss_3_n0,ALAGIGILTV_HLA-A*02:01,tcr15145,0
vdjdb_full_12073,ALAGIGILTV_HLA-A*02:01,tcr9931,1
vdjdb_full_12073_ss_3_n0,ALAGIGILTV_HLA-A*02:01,tcr14004,0
vdjdb_full_12075,ALAGIGILTV_HLA-A*02:01,tcr13127,1
vdjdb_full_12075_ss_3_n0,ALAGIGILTV_HLA-A*02:01,tcr10845,0
vdjdb_full_12076,ALAGIGILTV_HLA-A*02:01,tcr9542,1
vdjdb_full_12076_ss_3_n0,ALAGIGILTV_HLA-A*02:01,tcr9599,0
vdjdb_full_12077,ALAGIGILTV_HLA-A*02:01,tcr8568,1
vdjdb_full_12077_ss_3_n0,ALAGIGILTV_HLA-A*02:01,tcr8993,0
vdjdb_full_12078,ALAGIGILTV_HLA-A*02:01,tcr16075,1
vdjdb_full_12078_ss_3_n0,ALAGIGILTV_HLA-A*02:01,tcr18155,0
vdjdb_full_12079,ALAGIGILTV_HLA-A*02:01,tcr15665,1
vdjdb_full_12079_ss_3_n0,ALAGIGILTV_HLA-A*02:01,tcr14759,0
vdjdb_full_12082,ALAGIGILTV_HLA-A*02:01,tcr15459,1
vdjdb_full_12082_ss_3_n0,ALAGIGILTV_HLA-A*02:01,tcr17737,0
vdjdb_full_12083,ALAGIGILTV_HLA-A*02:01,tcr9343,1
vdjdb_full_12083_ss_3_n0,ALAGIGILTV_HLA-A*02:01,tcr7044,0
vdjdb_full_12084,ALAGIGILTV_HLA-A*02:01,tcr17541,1
vdjdb_full_12084_ss_3_n0,ALAGIGILTV_HLA-A*02:01,tcr909,0
vdjdb_full_12085,ALAGIGILTV_HLA-A*02:01,tcr2641,1
vdjdb_full_12085_ss_3_n0,ALAGIGILTV_HLA-A*02:01,tcr2246,0
vdjdb_full_12086,ALAGIGILTV_HLA-A*02:01,tcr235,1
vdjdb_full_12086_ss_3_n0,ALAGIGILTV_HLA-A*02:01,tcr8964,0
vdjdb_full_12087,ALAGIGILTV_HLA-A*02:01,tcr11781,1
vdjdb_full_12087_ss_3_n0,ALAGIGILTV_HLA-A*02:01,tcr14149,0
vdjdb_full_12088,ALAGIGILTV_HLA-A*02:01,tcr12348,1
vdjdb_full_12088_ss_3_n0,ALAGIGILTV_HLA-A*02:01,tcr15502,0
vdjdb_full_12089,ALAGIGILTV_HLA-A*02:01,tcr12278,1
vdjdb_full_12089_ss_3_n0,ALAGIGILTV_HLA-A*02:01,tcr164,0
vdjdb_full_12090,ALAGIGILTV_HLA-A*02:01,tcr15603,1
vdjdb_full_12090_ss_3_n0,ALAGIGILTV_HLA-A*02:01,tcr13744,0
vdjdb_full_12091,ALAGIGILTV_HLA-A*02:01,tcr9334,1
vdjdb_full_12091_ss_3_n0,ALAGIGILTV_HLA-A*02:01,tcr15296,0
vdjdb_full_12092,ALAGIGILTV_HLA-A*02:01,tcr6470,1
vdjdb_full_12092_ss_3_n0,ALAGIGILTV_HLA-A*02:01,tcr12590,0
vdjdb_full_12093,ALAGIGILTV_HLA-A*02:01,tcr17407,1
vdjdb_full_12093_ss_3_n0,ALAGIGILTV_HLA-A*02:01,tcr14626,0
vdjdb_full_12094,ALAGIGILTV_HLA-A*02:01,tcr4322,1
vdjdb_full_12094_ss_3_n0,ALAGIGILTV_HLA-A*02:01,tcr2679,0
vdjdb_full_12095,ALAGIGILTV_HLA-A*02:01,tcr7587,1
vdjdb_full_12095_ss_3_n0,ALAGIGILTV_HLA-A*02:01,tcr4117,0
vdjdb_full_12096,ALAGIGILTV_HLA-A*02:01,tcr8966,1
vdjdb_full_12096_ss_3_n0,ALAGIGILTV_HLA-A*02:01,tcr8066,0
vdjdb_full_12097,ALAGIGILTV_HLA-A*02:01,tcr17045,1
vdjdb_full_12097_ss_3_n0,ALAGIGILTV_HLA-A*02:01,tcr15479,0
vdjdb_full_12098,ALAGIGILTV_HLA-A*02:01,tcr6689,1
vdjdb_full_12098_ss_3_n0,ALAGIGILTV_HLA-A*02:01,tcr8431,0
vdjdb_full_12099,ALAGIGILTV_HLA-A*02:01,tcr1007,1
vdjdb_full_12099_ss_3_n0,ALAGIGILTV_HLA-A*02:01,tcr12208,0
vdjdb_full_12100,ALAGIGILTV_HLA-A*02:01,tcr6134,1
vdjdb_full_12100_ss_3_n0,ALAGIGILTV_HLA-A*02:01,tcr8020,0
vdjdb_full_12101,ALAGIGILTV_HLA-A*02:01,tcr11331,1
vdjdb_full_12101_ss_3_n0,ALAGIGILTV_HLA-A*02:01,tcr1567,0
vdjdb_full_12102,ALAGIGILTV_HLA-A*02:01,tcr13082,1
vdjdb_full_12102_ss_3_n0,ALAGIGILTV_HLA-A*02:01,tcr14386,0
vdjdb_full_12103,ALAGIGILTV_HLA-A*02:01,tcr9763,1
vdjdb_full_12103_ss_3_n0,ALAGIGILTV_HLA-A*02:01,tcr1760,0
vdjdb_full_12104,ALAGIGILTV_HLA-A*02:01,tcr14107,1
vdjdb_full_12104_ss_3_n0,ALAGIGILTV_HLA-A*02:01,tcr4030,0
vdjdb_full_12105,ALAGIGILTV_HLA-A*02:01,tcr610,1
vdjdb_full_12105_ss_3_n0,ALAGIGILTV_HLA-A*02:01,tcr17925,0
vdjdb_full_12106,ALAGIGILTV_HLA-A*02:01,tcr4661,1
vdjdb_full_12106_ss_3_n0,ALAGIGILTV_HLA-A*02:01,tcr14740,0
vdjdb_full_15071,NQKLIANQF_HLA-B*15:01,tcr5099,1
vdjdb_full_15071_ss_3_n0,NQKLIANQF_HLA-B*15:01,tcr14434,0
vdjdb_full_15072,NQKLIANQF_HLA-B*15:01,tcr17949,1
vdjdb_full_15072_ss_3_n0,NQKLIANQF_HLA-B*15:01,tcr14364,0
vdjdb_full_15073,NQKLIANQF_HLA-B*15:01,tcr2548,1
vdjdb_full_15073_ss_3_n0,NQKLIANQF_HLA-B*15:01,tcr13674,0
vdjdb_full_15074,NQKLIANQF_HLA-B*15:01,tcr7946,1
vdjdb_full_15074_ss_3_n0,NQKLIANQF_HLA-B*15:01,tcr9219,0
vdjdb_full_15075,NQKLIANQF_HLA-B*15:01,tcr14152,1
vdjdb_full_15075_ss_3_n0,NQKLIANQF_HLA-B*15:01,tcr15783,0
vdjdb_full_15076,NQKLIANQF_HLA-B*15:01,tcr1011,1
vdjdb_full_15076_ss_3_n0,NQKLIANQF_HLA-B*15:01,tcr16493,0
vdjdb_full_15077,NQKLIANQF_HLA-B*15:01,tcr8493,1
vdjdb_full_15077_ss_3_n0,NQKLIANQF_HLA-B*15:01,tcr10987,0
vdjdb_full_15078,NQKLIANQF_HLA-B*15:01,tcr3735,1
vdjdb_full_15078_ss_3_n0,NQKLIANQF_HLA-B*15:01,tcr5955,0
vdjdb_full_15079,NQKLIANQF_HLA-B*15:01,tcr13821,1
vdjdb_full_15079_ss_3_n0,NQKLIANQF_HLA-B*15:01,tcr6069,0
vdjdb_full_15080,NQKLIANQF_HLA-B*15:01,tcr5152,1
vdjdb_full_15080_ss_3_n0,NQKLIANQF_HLA-B*15:01,tcr3675,0
vdjdb_full_15081,NQKLIANQF_HLA-B*15:01,tcr11654,1
vdjdb_full_15081_ss_3_n0,NQKLIANQF_HLA-B*15:01,tcr8745,0
vdjdb_full_15082,NQKLIANQF_HLA-B*15:01,tcr2645,1
vdjdb_full_15082_ss_3_n0,NQKLIANQF_HLA-B*15:01,tcr4575,0
vdjdb_full_15083,NQKLIANQF_HLA-B*15:01,tcr90,1
vdjdb_full_15083_ss_3_n0,NQKLIANQF_HLA-B*15:01,tcr6893,0
vdjdb_full_15084,NQKLIANQF_HLA-B*15:01,tcr13286,1
vdjdb_full_15084_ss_3_n0,NQKLIANQF_HLA-B*15:01,tcr17013,0
vdjdb_full_15086,NQKLIANQF_HLA-B*15:01,tcr4229,1
vdjdb_full_15086_ss_3_n0,NQKLIANQF_HLA-B*15:01,tcr6471,0
vdjdb_full_15087,NQKLIANQF_HLA-B*15:01,tcr2949,1
vdjdb_full_15087_ss_3_n0,NQKLIANQF_HLA-B*15:01,tcr8834,0
vdjdb_full_15088,NQKLIANQF_HLA-B*15:01,tcr17256,1
vdjdb_full_15088_ss_3_n0,NQKLIANQF_HLA-B*15:01,tcr15158,0
vdjdb_full_15089,NQKLIANQF_HLA-B*15:01,tcr4703,1
vdjdb_full_15089_ss_3_n0,NQKLIANQF_HLA-B*15:01,tcr2505,0
vdjdb_full_15090,NQKLIANQF_HLA-B*15:01,tcr4590,1
vdjdb_full_15090_ss_3_n0,NQKLIANQF_HLA-B*15:01,tcr14352,0
vdjdb_full_15091,NQKLIANQF_HLA-B*15:01,tcr1819,1
vdjdb_full_15091_ss_3_n0,NQKLIANQF_HLA-B*15:01,tcr13976,0
vdjdb_full_15092,NQKLIANQF_HLA-B*15:01,tcr3728,1
vdjdb_full_15092_ss_3_n0,NQKLIANQF_HLA-B*15:01,tcr12572,0
vdjdb_full_15093,NQKLIANQF_HLA-B*15:01,tcr3646,1
vdjdb_full_15093_ss_3_n0,NQKLIANQF_HLA-B*15:01,tcr7840,0
vdjdb_full_15094,NQKLIANQF_HLA-B*15:01,tcr11130,1
vdjdb_full_15094_ss_3_n0,NQKLIANQF_HLA-B*15:01,tcr13013,0
vdjdb_full_15095,NQKLIANQF_HLA-B*15:01,tcr3128,1
vdjdb_full_15095_ss_3_n0,NQKLIANQF_HLA-B*15:01,tcr7891,0
vdjdb_full_15096,NQKLIANQF_HLA-B*15:01,tcr6382,1
vdjdb_full_15096_ss_3_n0,NQKLIANQF_HLA-B*15:01,tcr5331,0
vdjdb_full_15097,NQKLIANQF_HLA-B*15:01,tcr18092,1
vdjdb_full_15097_ss_3_n0,NQKLIANQF_HLA-B*15:01,tcr11485,0
vdjdb_full_15098,NQKLIANQF_HLA-B*15:01,tcr9753,1
vdjdb_full_15098_ss_3_n0,NQKLIANQF_HLA-B*15:01,tcr6705,0
vdjdb_full_15099,NQKLIANQF_HLA-B*15:01,tcr16841,1
vdjdb_full_15099_ss_3_n0,NQKLIANQF_HLA-B*15:01,tcr9183,0
vdjdb_full_15100,NQKLIANQF_HLA-B*15:01,tcr8605,1
vdjdb_full_15100_ss_3_n0,NQKLIANQF_HLA-B*15:01,tcr6103,0
vdjdb_full_15101,NQKLIANQF_HLA-B*15:01,tcr4896,1
vdjdb_full_15101_ss_3_n0,NQKLIANQF_HLA-B*15:01,tcr2355,0
vdjdb_full_15102,NQKLIANQF_HLA-B*15:01,tcr9338,1
vdjdb_full_15102_ss_3_n0,NQKLIANQF_HLA-B*15:01,tcr17496,0
vdjdb_full_15103,NQKLIANQF_HLA-B*15:01,tcr7684,1
vdjdb_full_15103_ss_3_n0,NQKLIANQF_HLA-B*15:01,tcr6134,0
vdjdb_full_15104,NQKLIANQF_HLA-B*15:01,tcr14271,1
vdjdb_full_15104_ss_3_n0,NQKLIANQF_HLA-B*15:01,tcr4050,0
vdjdb_full_15105,NQKLIANQF_HLA-B*15:01,tcr6653,1
vdjdb_full_15105_ss_3_n0,NQKLIANQF_HLA-B*15:01,tcr12807,0
vdjdb_full_15106,NQKLIANQF_HLA-B*15:01,tcr6981,1
vdjdb_full_15106_ss_3_n0,NQKLIANQF_HLA-B*15:01,tcr17174,0
vdjdb_full_15107,NQKLIANQF_HLA-B*15:01,tcr3129,1
vdjdb_full_15107_ss_3_n0,NQKLIANQF_HLA-B*15:01,tcr3542,0
vdjdb_full_15108,NQKLIANQF_HLA-B*15:01,tcr3951,1
vdjdb_full_15108_ss_3_n0,NQKLIANQF_HLA-B*15:01,tcr12621,0
vdjdb_full_15109,NQKLIANQF_HLA-B*15:01,tcr6957,1
vdjdb_full_15109_ss_3_n0,NQKLIANQF_HLA-B*15:01,tcr8418,0
vdjdb_full_15110,NQKLIANQF_HLA-B*15:01,tcr2480,1
vdjdb_full_15110_ss_3_n0,NQKLIANQF_HLA-B*15:01,tcr8187,0
vdjdb_full_15111,NQKLIANQF_HLA-B*15:01,tcr3805,1
vdjdb_full_15111_ss_3_n0,NQKLIANQF_HLA-B*15:01,tcr14442,0
vdjdb_full_15112,NQKLIANQF_HLA-B*15:01,tcr6102,1
vdjdb_full_15112_ss_3_n0,NQKLIANQF_HLA-B*15:01,tcr5498,0
vdjdb_full_15113,NQKLIANQF_HLA-B*15:01,tcr16696,1
vdjdb_full_15113_ss_3_n0,NQKLIANQF_HLA-B*15:01,tcr2159,0
vdjdb_full_15114,NQKLIANQF_HLA-B*15:01,tcr10992,1
vdjdb_full_15114_ss_3_n0,NQKLIANQF_HLA-B*15:01,tcr17046,0
vdjdb_full_15115,NQKLIANQF_HLA-B*15:01,tcr10928,1
vdjdb_full_15115_ss_3_n0,NQKLIANQF_HLA-B*15:01,tcr1830,0
vdjdb_full_15116,NQKLIANQF_HLA-B*15:01,tcr2870,1
vdjdb_full_15116_ss_3_n0,NQKLIANQF_HLA-B*15:01,tcr209,0
vdjdb_full_15117,NQKLIANQF_HLA-B*15:01,tcr17893,1
vdjdb_full_15117_ss_3_n0,NQKLIANQF_HLA-B*15:01,tcr16549,0
vdjdb_full_15118,NQKLIANQF_HLA-B*15:01,tcr5179,1
vdjdb_full_15118_ss_3_n0,NQKLIANQF_HLA-B*15:01,tcr3751,0
vdjdb_full_15119,NQKLIANQF_HLA-B*15:01,tcr7442,1
vdjdb_full_15119_ss_3_n0,NQKLIANQF_HLA-B*15:01,tcr15485,0
vdjdb_full_15120,NQKLIANQF_HLA-B*15:01,tcr12934,1
vdjdb_full_15120_ss_3_n0,NQKLIANQF_HLA-B*15:01,tcr11207,0
vdjdb_full_15121,NQKLIANQF_HLA-B*15:01,tcr2812,1
vdjdb_full_15121_ss_3_n0,NQKLIANQF_HLA-B*15:01,tcr10588,0
vdjdb_full_15122,NQKLIANQF_HLA-B*15:01,tcr10929,1
vdjdb_full_15122_ss_3_n0,NQKLIANQF_HLA-B*15:01,tcr17394,0
vdjdb_full_15123,NQKLIANQF_HLA-B*15:01,tcr10672,1
vdjdb_full_15123_ss_3_n0,NQKLIANQF_HLA-B*15:01,tcr10011,0
vdjdb_full_15124,NQKLIANQF_HLA-B*15:01,tcr668,1
vdjdb_full_15124_ss_3_n0,NQKLIANQF_HLA-B*15:01,tcr15776,0
vdjdb_full_15125,NQKLIANQF_HLA-B*15:01,tcr7574,1
vdjdb_full_15125_ss_3_n0,NQKLIANQF_HLA-B*15:01,tcr5195,0
vdjdb_full_15126,NQKLIANQF_HLA-B*15:01,tcr6876,1
vdjdb_full_15126_ss_3_n0,NQKLIANQF_HLA-B*15:01,tcr16656,0
vdjdb_full_15127,NQKLIANQF_HLA-B*15:01,tcr6900,1
vdjdb_full_15127_ss_3_n0,NQKLIANQF_HLA-B*15:01,tcr1987,0
vdjdb_full_15128,NQKLIANQF_HLA-B*15:01,tcr16229,1
vdjdb_full_15128_ss_3_n0,NQKLIANQF_HLA-B*15:01,tcr11041,0
vdjdb_full_15129,NQKLIANQF_HLA-B*15:01,tcr3939,1
vdjdb_full_15129_ss_3_n0,NQKLIANQF_HLA-B*15:01,tcr4464,0
vdjdb_full_15130,NQKLIANQF_HLA-B*15:01,tcr11118,1
vdjdb_full_15130_ss_3_n0,NQKLIANQF_HLA-B*15:01,tcr16187,0
vdjdb_full_15131,NQKLIANQF_HLA-B*15:01,tcr10835,1
vdjdb_full_15131_ss_3_n0,NQKLIANQF_HLA-B*15:01,tcr16397,0
vdjdb_full_15132,NQKLIANQF_HLA-B*15:01,tcr13547,1
vdjdb_full_15132_ss_3_n0,NQKLIANQF_HLA-B*15:01,tcr4073,0
vdjdb_full_15133,NQKLIANQF_HLA-B*15:01,tcr10696,1
vdjdb_full_15133_ss_3_n0,NQKLIANQF_HLA-B*15:01,tcr9367,0
vdjdb_full_15134,NQKLIANQF_HLA-B*15:01,tcr6365,1
vdjdb_full_15134_ss_3_n0,NQKLIANQF_HLA-B*15:01,tcr13424,0
vdjdb_full_15136,NQKLIANQF_HLA-B*15:01,tcr9545,1
vdjdb_full_15136_ss_3_n0,NQKLIANQF_HLA-B*15:01,tcr4357,0
vdjdb_full_15138,NQKLIANQF_HLA-B*15:01,tcr2609,1
vdjdb_full_15138_ss_3_n0,NQKLIANQF_HLA-B*15:01,tcr10435,0
vdjdb_full_15139,NQKLIANQF_HLA-B*15:01,tcr5372,1
vdjdb_full_15139_ss_3_n0,NQKLIANQF_HLA-B*15:01,tcr15221,0
vdjdb_full_15140,NQKLIANQF_HLA-B*15:01,tcr6178,1
vdjdb_full_15140_ss_3_n0,NQKLIANQF_HLA-B*15:01,tcr16772,0
vdjdb_full_15141,NQKLIANQF_HLA-B*15:01,tcr5038,1
vdjdb_full_15141_ss_3_n0,NQKLIANQF_HLA-B*15:01,tcr11285,0
vdjdb_full_15142,NQKLIANQF_HLA-B*15:01,tcr16899,1
vdjdb_full_15142_ss_3_n0,NQKLIANQF_HLA-B*15:01,tcr10596,0
vdjdb_full_15143,NQKLIANQF_HLA-B*15:01,tcr9076,1
vdjdb_full_15143_ss_3_n0,NQKLIANQF_HLA-B*15:01,tcr3172,0
vdjdb_full_0,QAKWRLQTL_HLA-B*08:01,tcr7183,1
vdjdb_full_0_ss_3_n0,QAKWRLQTL_HLA-B*08:01,tcr7024,0
vdjdb_full_1,QAKWRLQTL_HLA-B*08:01,tcr14836,1
vdjdb_full_1_ss_3_n0,QAKWRLQTL_HLA-B*08:01,tcr8741,0
vdjdb_full_10,QAKWRLQTL_HLA-B*08:01,tcr2493,1
vdjdb_full_10_ss_3_n0,QAKWRLQTL_HLA-B*08:01,tcr4316,0
vdjdb_full_11,QAKWRLQTL_HLA-B*08:01,tcr9367,1
vdjdb_full_11_ss_3_n0,QAKWRLQTL_HLA-B*08:01,tcr3389,0
vdjdb_full_12,QAKWRLQTL_HLA-B*08:01,tcr11231,1
vdjdb_full_12_ss_3_n0,QAKWRLQTL_HLA-B*08:01,tcr10659,0
vdjdb_full_13,QAKWRLQTL_HLA-B*08:01,tcr14915,1
vdjdb_full_13_ss_3_n0,QAKWRLQTL_HLA-B*08:01,tcr3655,0
vdjdb_full_14,QAKWRLQTL_HLA-B*08:01,tcr9574,1
vdjdb_full_14_ss_3_n0,QAKWRLQTL_HLA-B*08:01,tcr3341,0
vdjdb_full_15,QAKWRLQTL_HLA-B*08:01,tcr4369,1
vdjdb_full_15_ss_3_n0,QAKWRLQTL_HLA-B*08:01,tcr15073,0
vdjdb_full_16,QAKWRLQTL_HLA-B*08:01,tcr3542,1
vdjdb_full_16_ss_3_n0,QAKWRLQTL_HLA-B*08:01,tcr2947,0
vdjdb_full_17,QAKWRLQTL_HLA-B*08:01,tcr7725,1
vdjdb_full_17_ss_3_n0,QAKWRLQTL_HLA-B*08:01,tcr17037,0
vdjdb_full_18,QAKWRLQTL_HLA-B*08:01,tcr13377,1
vdjdb_full_18_ss_3_n0,QAKWRLQTL_HLA-B*08:01,tcr1574,0
vdjdb_full_19,QAKWRLQTL_HLA-B*08:01,tcr12559,1
vdjdb_full_19_ss_3_n0,QAKWRLQTL_HLA-B*08:01,tcr14045,0
vdjdb_full_2,QAKWRLQTL_HLA-B*08:01,tcr12036,1
vdjdb_full_2_ss_3_n0,QAKWRLQTL_HLA-B*08:01,tcr1589,0
vdjdb_full_20,QAKWRLQTL_HLA-B*08:01,tcr7664,1
vdjdb_full_20_ss_3_n0,QAKWRLQTL_HLA-B*08:01,tcr16788,0
vdjdb_full_21,QAKWRLQTL_HLA-B*08:01,tcr18352,1
vdjdb_full_21_ss_3_n0,QAKWRLQTL_HLA-B*08:01,tcr4006,0
vdjdb_full_22,QAKWRLQTL_HLA-B*08:01,tcr11352,1
vdjdb_full_22_ss_3_n0,QAKWRLQTL_HLA-B*08:01,tcr1977,0
vdjdb_full_23,QAKWRLQTL_HLA-B*08:01,tcr10500,1
vdjdb_full_23_ss_3_n0,QAKWRLQTL_HLA-B*08:01,tcr11757,0
vdjdb_full_24,QAKWRLQTL_HLA-B*08:01,tcr11207,1
vdjdb_full_24_ss_3_n0,QAKWRLQTL_HLA-B*08:01,tcr13127,0
vdjdb_full_25,QAKWRLQTL_HLA-B*08:01,tcr16765,1
vdjdb_full_25_ss_3_n0,QAKWRLQTL_HLA-B*08:01,tcr9296,0
vdjdb_full_26,QAKWRLQTL_HLA-B*08:01,tcr11064,1
vdjdb_full_26_ss_3_n0,QAKWRLQTL_HLA-B*08:01,tcr14142,0
vdjdb_full_27,QAKWRLQTL_HLA-B*08:01,tcr9505,1
vdjdb_full_27_ss_3_n0,QAKWRLQTL_HLA-B*08:01,tcr245,0
vdjdb_full_28,QAKWRLQTL_HLA-B*08:01,tcr11033,1
vdjdb_full_28_ss_3_n0,QAKWRLQTL_HLA-B*08:01,tcr13285,0
vdjdb_full_29,QAKWRLQTL_HLA-B*08:01,tcr4320,1
vdjdb_full_29_ss_3_n0,QAKWRLQTL_HLA-B*08:01,tcr16377,0
vdjdb_full_3,QAKWRLQTL_HLA-B*08:01,tcr10881,1
vdjdb_full_3_ss_3_n0,QAKWRLQTL_HLA-B*08:01,tcr3264,0
vdjdb_full_30,QAKWRLQTL_HLA-B*08:01,tcr17072,1
vdjdb_full_30_ss_3_n0,QAKWRLQTL_HLA-B*08:01,tcr16849,0
vdjdb_full_31,QAKWRLQTL_HLA-B*08:01,tcr1424,1
vdjdb_full_31_ss_3_n0,QAKWRLQTL_HLA-B*08:01,tcr4176,0
vdjdb_full_32,QAKWRLQTL_HLA-B*08:01,tcr499,1
vdjdb_full_32_ss_3_n0,QAKWRLQTL_HLA-B*08:01,tcr9154,0
vdjdb_full_33,QAKWRLQTL_HLA-B*08:01,tcr8687,1
vdjdb_full_33_ss_3_n0,QAKWRLQTL_HLA-B*08:01,tcr18151,0
vdjdb_full_34,QAKWRLQTL_HLA-B*08:01,tcr1772,1
vdjdb_full_34_ss_3_n0,QAKWRLQTL_HLA-B*08:01,tcr9639,0
vdjdb_full_35,QAKWRLQTL_HLA-B*08:01,tcr5615,1
vdjdb_full_35_ss_3_n0,QAKWRLQTL_HLA-B*08:01,tcr12115,0
vdjdb_full_36,QAKWRLQTL_HLA-B*08:01,tcr16970,1
vdjdb_full_36_ss_3_n0,QAKWRLQTL_HLA-B*08:01,tcr4412,0
vdjdb_full_37,QAKWRLQTL_HLA-B*08:01,tcr667,1
vdjdb_full_37_ss_3_n0,QAKWRLQTL_HLA-B*08:01,tcr7708,0
vdjdb_full_38,QAKWRLQTL_HLA-B*08:01,tcr15554,1
vdjdb_full_38_ss_3_n0,QAKWRLQTL_HLA-B*08:01,tcr12997,0
vdjdb_full_39,QAKWRLQTL_HLA-B*08:01,tcr4780,1
vdjdb_full_39_ss_3_n0,QAKWRLQTL_HLA-B*08:01,tcr6879,0
vdjdb_full_4,QAKWRLQTL_HLA-B*08:01,tcr2019,1
vdjdb_full_4_ss_3_n0,QAKWRLQTL_HLA-B*08:01,tcr8383,0
vdjdb_full_40,QAKWRLQTL_HLA-B*08:01,tcr13950,1
vdjdb_full_40_ss_3_n0,QAKWRLQTL_HLA-B*08:01,tcr3984,0
vdjdb_full_41,QAKWRLQTL_HLA-B*08:01,tcr17664,1
vdjdb_full_41_ss_3_n0,QAKWRLQTL_HLA-B*08:01,tcr10462,0
vdjdb_full_42,QAKWRLQTL_HLA-B*08:01,tcr1436,1
vdjdb_full_42_ss_3_n0,QAKWRLQTL_HLA-B*08:01,tcr13027,0
vdjdb_full_43,QAKWRLQTL_HLA-B*08:01,tcr15199,1
vdjdb_full_43_ss_3_n0,QAKWRLQTL_HLA-B*08:01,tcr12673,0
vdjdb_full_44,QAKWRLQTL_HLA-B*08:01,tcr6079,1
vdjdb_full_44_ss_3_n0,QAKWRLQTL_HLA-B*08:01,tcr5985,0
vdjdb_full_45,QAKWRLQTL_HLA-B*08:01,tcr9171,1
vdjdb_full_45_ss_3_n0,QAKWRLQTL_HLA-B*08:01,tcr17339,0
vdjdb_full_46,QAKWRLQTL_HLA-B*08:01,tcr9865,1
vdjdb_full_46_ss_3_n0,QAKWRLQTL_HLA-B*08:01,tcr18321,0
vdjdb_full_47,QAKWRLQTL_HLA-B*08:01,tcr5870,1
vdjdb_full_47_ss_3_n0,QAKWRLQTL_HLA-B*08:01,tcr6689,0
vdjdb_full_48,QAKWRLQTL_HLA-B*08:01,tcr11645,1
vdjdb_full_48_ss_3_n0,QAKWRLQTL_HLA-B*08:01,tcr926,0
vdjdb_full_49,QAKWRLQTL_HLA-B*08:01,tcr2726,1
vdjdb_full_49_ss_3_n0,QAKWRLQTL_HLA-B*08:01,tcr11456,0
vdjdb_full_5,QAKWRLQTL_HLA-B*08:01,tcr8928,1
vdjdb_full_5_ss_3_n0,QAKWRLQTL_HLA-B*08:01,tcr9863,0
vdjdb_full_50,QAKWRLQTL_HLA-B*08:01,tcr9185,1
vdjdb_full_50_ss_3_n0,QAKWRLQTL_HLA-B*08:01,tcr160,0
vdjdb_full_51,QAKWRLQTL_HLA-B*08:01,tcr11802,1
vdjdb_full_51_ss_3_n0,QAKWRLQTL_HLA-B*08:01,tcr12535,0
vdjdb_full_52,QAKWRLQTL_HLA-B*08:01,tcr8993,1
vdjdb_full_52_ss_3_n0,QAKWRLQTL_HLA-B*08:01,tcr6821,0
vdjdb_full_53,QAKWRLQTL_HLA-B*08:01,tcr9782,1
vdjdb_full_53_ss_3_n0,QAKWRLQTL_HLA-B*08:01,tcr18040,0
vdjdb_full_54,QAKWRLQTL_HLA-B*08:01,tcr11911,1
vdjdb_full_54_ss_3_n0,QAKWRLQTL_HLA-B*08:01,tcr1608,0
vdjdb_full_55,QAKWRLQTL_HLA-B*08:01,tcr9079,1
vdjdb_full_55_ss_3_n0,QAKWRLQTL_HLA-B*08:01,tcr520,0
vdjdb_full_56,QAKWRLQTL_HLA-B*08:01,tcr14434,1
vdjdb_full_56_ss_3_n0,QAKWRLQTL_HLA-B*08:01,tcr17681,0
vdjdb_full_57,QAKWRLQTL_HLA-B*08:01,tcr5377,1
vdjdb_full_57_ss_3_n0,QAKWRLQTL_HLA-B*08:01,tcr14186,0
vdjdb_full_58,QAKWRLQTL_HLA-B*08:01,tcr2463,1
vdjdb_full_58_ss_3_n0,QAKWRLQTL_HLA-B*08:01,tcr15335,0
vdjdb_full_59,QAKWRLQTL_HLA-B*08:01,tcr16008,1
vdjdb_full_59_ss_3_n0,QAKWRLQTL_HLA-B*08:01,tcr6402,0
vdjdb_full_6,QAKWRLQTL_HLA-B*08:01,tcr5291,1
vdjdb_full_6_ss_3_n0,QAKWRLQTL_HLA-B*08:01,tcr16205,0
vdjdb_full_60,QAKWRLQTL_HLA-B*08:01,tcr4522,1
vdjdb_full_60_ss_3_n0,QAKWRLQTL_HLA-B*08:01,tcr7092,0
vdjdb_full_61,QAKWRLQTL_HLA-B*08:01,tcr7002,1
vdjdb_full_61_ss_3_n0,QAKWRLQTL_HLA-B*08:01,tcr14232,0
vdjdb_full_62,QAKWRLQTL_HLA-B*08:01,tcr7650,1
vdjdb_full_62_ss_3_n0,QAKWRLQTL_HLA-B*08:01,tcr3,0
vdjdb_full_7,QAKWRLQTL_HLA-B*08:01,tcr7635,1
vdjdb_full_7_ss_3_n0,QAKWRLQTL_HLA-B*08:01,tcr8591,0
vdjdb_full_8,QAKWRLQTL_HLA-B*08:01,tcr3336,1
vdjdb_full_8_ss_3_n0,QAKWRLQTL_HLA-B*08:01,tcr17256,0
vdjdb_full_9,QAKWRLQTL_HLA-B*08:01,tcr3187,1
vdjdb_full_9_ss_3_n0,QAKWRLQTL_HLA-B*08:01,tcr2049,0
vdjdb_full_15185,RPHERNGFTVL_HLA-B*07:02,tcr4285,1
vdjdb_full_15185_ss_3_n0,RPHERNGFTVL_HLA-B*07:02,tcr11422,0
vdjdb_full_15186,RPHERNGFTVL_HLA-B*07:02,tcr18313,1
vdjdb_full_15186_ss_3_n0,RPHERNGFTVL_HLA-B*07:02,tcr566,0
vdjdb_full_15187,RPHERNGFTVL_HLA-B*07:02,tcr1083,1
vdjdb_full_15187_ss_3_n0,RPHERNGFTVL_HLA-B*07:02,tcr15227,0
vdjdb_full_15188,RPHERNGFTVL_HLA-B*07:02,tcr8625,1
vdjdb_full_15188_ss_3_n0,RPHERNGFTVL_HLA-B*07:02,tcr15137,0
vdjdb_full_15189,RPHERNGFTVL_HLA-B*07:02,tcr5171,1
vdjdb_full_15189_ss_3_n0,RPHERNGFTVL_HLA-B*07:02,tcr15013,0
vdjdb_full_15190,RPHERNGFTVL_HLA-B*07:02,tcr17646,1
vdjdb_full_15190_ss_3_n0,RPHERNGFTVL_HLA-B*07:02,tcr9998,0
vdjdb_full_15192,RPHERNGFTVL_HLA-B*07:02,tcr17681,1
vdjdb_full_15192_ss_3_n0,RPHERNGFTVL_HLA-B*07:02,tcr10462,0
vdjdb_full_15193,RPHERNGFTVL_HLA-B*07:02,tcr2197,1
vdjdb_full_15193_ss_3_n0,RPHERNGFTVL_HLA-B*07:02,tcr2798,0
vdjdb_full_15194,RPHERNGFTVL_HLA-B*07:02,tcr12807,1
vdjdb_full_15194_ss_3_n0,RPHERNGFTVL_HLA-B*07:02,tcr1778,0
vdjdb_full_15195,RPHERNGFTVL_HLA-B*07:02,tcr9922,1
vdjdb_full_15195_ss_3_n0,RPHERNGFTVL_HLA-B*07:02,tcr3019,0
vdjdb_full_15196,RPHERNGFTVL_HLA-B*07:02,tcr1760,1
vdjdb_full_15196_ss_3_n0,RPHERNGFTVL_HLA-B*07:02,tcr12600,0
vdjdb_full_15197,RPHERNGFTVL_HLA-B*07:02,tcr5974,1
vdjdb_full_15197_ss_3_n0,RPHERNGFTVL_HLA-B*07:02,tcr5257,0
vdjdb_full_15198,RPHERNGFTVL_HLA-B*07:02,tcr3038,1
vdjdb_full_15198_ss_3_n0,RPHERNGFTVL_HLA-B*07:02,tcr12504,0
vdjdb_full_15199,RPHERNGFTVL_HLA-B*07:02,tcr17098,1
vdjdb_full_15199_ss_3_n0,RPHERNGFTVL_HLA-B*07:02,tcr5052,0
vdjdb_full_15200,RPHERNGFTVL_HLA-B*07:02,tcr14930,1
vdjdb_full_15200_ss_3_n0,RPHERNGFTVL_HLA-B*07:02,tcr862,0
vdjdb_full_15201,RPHERNGFTVL_HLA-B*07:02,tcr7123,1
vdjdb_full_15201_ss_3_n0,RPHERNGFTVL_HLA-B*07:02,tcr8791,0
vdjdb_full_15202,RPHERNGFTVL_HLA-B*07:02,tcr12673,1
vdjdb_full_15202_ss_3_n0,RPHERNGFTVL_HLA-B*07:02,tcr17053,0
vdjdb_full_15203,RPHERNGFTVL_HLA-B*07:02,tcr671,1
vdjdb_full_15203_ss_3_n0,RPHERNGFTVL_HLA-B*07:02,tcr4632,0
vdjdb_full_15204,RPHERNGFTVL_HLA-B*07:02,tcr17270,1
vdjdb_full_15204_ss_3_n0,RPHERNGFTVL_HLA-B*07:02,tcr17362,0
vdjdb_full_15205,RPHERNGFTVL_HLA-B*07:02,tcr17622,1
vdjdb_full_15205_ss_3_n0,RPHERNGFTVL_HLA-B*07:02,tcr2908,0
vdjdb_full_15206,RPHERNGFTVL_HLA-B*07:02,tcr9794,1
vdjdb_full_15206_ss_3_n0,RPHERNGFTVL_HLA-B*07:02,tcr7976,0
vdjdb_full_15207,RPHERNGFTVL_HLA-B*07:02,tcr7289,1
vdjdb_full_15207_ss_3_n0,RPHERNGFTVL_HLA-B*07:02,tcr17306,0
vdjdb_full_15208,RPHERNGFTVL_HLA-B*07:02,tcr9306,1
vdjdb_full_15208_ss_3_n0,RPHERNGFTVL_HLA-B*07:02,tcr1075,0
vdjdb_full_15209,RPHERNGFTVL_HLA-B*07:02,tcr10743,1
vdjdb_full_15209_ss_3_n0,RPHERNGFTVL_HLA-B*07:02,tcr6070,0
vdjdb_full_15210,RPHERNGFTVL_HLA-B*07:02,tcr5429,1
vdjdb_full_15210_ss_3_n0,RPHERNGFTVL_HLA-B*07:02,tcr12185,0
vdjdb_full_15211,RPHERNGFTVL_HLA-B*07:02,tcr6531,1
vdjdb_full_15211_ss_3_n0,RPHERNGFTVL_HLA-B*07:02,tcr4433,0
vdjdb_full_15212,RPHERNGFTVL_HLA-B*07:02,tcr13871,1
vdjdb_full_15212_ss_3_n0,RPHERNGFTVL_HLA-B*07:02,tcr9281,0
vdjdb_full_15213,RPHERNGFTVL_HLA-B*07:02,tcr1528,1
vdjdb_full_15213_ss_3_n0,RPHERNGFTVL_HLA-B*07:02,tcr9885,0
vdjdb_full_15214,RPHERNGFTVL_HLA-B*07:02,tcr15002,1
vdjdb_full_15214_ss_3_n0,RPHERNGFTVL_HLA-B*07:02,tcr9700,0
vdjdb_full_15215,RPHERNGFTVL_HLA-B*07:02,tcr10659,1
vdjdb_full_15215_ss_3_n0,RPHERNGFTVL_HLA-B*07:02,tcr17927,0
vdjdb_full_15216,RPHERNGFTVL_HLA-B*07:02,tcr11664,1
vdjdb_full_15216_ss_3_n0,RPHERNGFTVL_HLA-B*07:02,tcr5760,0
vdjdb_full_15217,RPHERNGFTVL_HLA-B*07:02,tcr8650,1
vdjdb_full_15217_ss_3_n0,RPHERNGFTVL_HLA-B*07:02,tcr14142,0
vdjdb_full_15218,RPHERNGFTVL_HLA-B*07:02,tcr8805,1
vdjdb_full_15218_ss_3_n0,RPHERNGFTVL_HLA-B*07:02,tcr5021,0
vdjdb_full_15219,RPHERNGFTVL_HLA-B*07:02,tcr8289,1
vdjdb_full_15219_ss_3_n0,RPHERNGFTVL_HLA-B*07:02,tcr987,0
vdjdb_full_15220,RPHERNGFTVL_HLA-B*07:02,tcr12714,1
vdjdb_full_15220_ss_3_n0,RPHERNGFTVL_HLA-B*07:02,tcr13082,0
vdjdb_full_15221,RPHERNGFTVL_HLA-B*07:02,tcr9085,1
vdjdb_full_15221_ss_3_n0,RPHERNGFTVL_HLA-B*07:02,tcr12978,0
vdjdb_full_15222,RPHERNGFTVL_HLA-B*07:02,tcr8168,1
vdjdb_full_15222_ss_3_n0,RPHERNGFTVL_HLA-B*07:02,tcr5404,0
vdjdb_full_15223,RPHERNGFTVL_HLA-B*07:02,tcr1654,1
vdjdb_full_15223_ss_3_n0,RPHERNGFTVL_HLA-B*07:02,tcr10236,0
vdjdb_full_15224,RPHERNGFTVL_HLA-B*07:02,tcr17776,1
vdjdb_full_15224_ss_3_n0,RPHERNGFTVL_HLA-B*07:02,tcr9183,0
vdjdb_full_15225,RPHERNGFTVL_HLA-B*07:02,tcr15364,1
vdjdb_full_15225_ss_3_n0,RPHERNGFTVL_HLA-B*07:02,tcr14434,0
vdjdb_full_15226,RPHERNGFTVL_HLA-B*07:02,tcr3844,1
vdjdb_full_15226_ss_3_n0,RPHERNGFTVL_HLA-B*07:02,tcr15266,0
vdjdb_full_15227,RPHERNGFTVL_HLA-B*07:02,tcr13892,1
vdjdb_full_15227_ss_3_n0,RPHERNGFTVL_HLA-B*07:02,tcr13891,0
vdjdb_full_15228,RPHERNGFTVL_HLA-B*07:02,tcr7954,1
vdjdb_full_15228_ss_3_n0,RPHERNGFTVL_HLA-B*07:02,tcr5775,0
vdjdb_full_15229,RPHERNGFTVL_HLA-B*07:02,tcr5807,1
vdjdb_full_15229_ss_3_n0,RPHERNGFTVL_HLA-B*07:02,tcr8571,0
vdjdb_full_15230,RPHERNGFTVL_HLA-B*07:02,tcr15547,1
vdjdb_full_15230_ss_3_n0,RPHERNGFTVL_HLA-B*07:02,tcr8235,0
vdjdb_full_15231,RPHERNGFTVL_HLA-B*07:02,tcr10090,1
vdjdb_full_15231_ss_3_n0,RPHERNGFTVL_HLA-B*07:02,tcr12559,0
vdjdb_full_15232,RPHERNGFTVL_HLA-B*07:02,tcr8939,1
vdjdb_full_15232_ss_3_n0,RPHERNGFTVL_HLA-B*07:02,tcr3549,0
vdjdb_full_15233,RPHERNGFTVL_HLA-B*07:02,tcr1706,1
vdjdb_full_15233_ss_3_n0,RPHERNGFTVL_HLA-B*07:02,tcr6615,0
vdjdb_full_15234,RPHERNGFTVL_HLA-B*07:02,tcr15360,1
vdjdb_full_15234_ss_3_n0,RPHERNGFTVL_HLA-B*07:02,tcr6929,0
vdjdb_full_15235,RPHERNGFTVL_HLA-B*07:02,tcr5904,1
vdjdb_full_15235_ss_3_n0,RPHERNGFTVL_HLA-B*07:02,tcr15043,0
vdjdb_full_15236,RPHERNGFTVL_HLA-B*07:02,tcr4197,1
vdjdb_full_15236_ss_3_n0,RPHERNGFTVL_HLA-B*07:02,tcr17966,0
vdjdb_full_15237,RPHERNGFTVL_HLA-B*07:02,tcr13324,1
vdjdb_full_15237_ss_3_n0,RPHERNGFTVL_HLA-B*07:02,tcr3272,0
vdjdb_full_15238,RPHERNGFTVL_HLA-B*07:02,tcr15412,1
vdjdb_full_15238_ss_3_n0,RPHERNGFTVL_HLA-B*07:02,tcr9915,0
vdjdb_full_15239,RPHERNGFTVL_HLA-B*07:02,tcr17227,1
vdjdb_full_15239_ss_3_n0,RPHERNGFTVL_HLA-B*07:02,tcr9457,0
vdjdb_full_15240,RPHERNGFTVL_HLA-B*07:02,tcr14175,1
vdjdb_full_15240_ss_3_n0,RPHERNGFTVL_HLA-B*07:02,tcr6549,0
vdjdb_full_15241,RPHERNGFTVL_HLA-B*07:02,tcr15365,1
vdjdb_full_15241_ss_3_n0,RPHERNGFTVL_HLA-B*07:02,tcr3269,0
vdjdb_full_15242,RPHERNGFTVL_HLA-B*07:02,tcr16723,1
vdjdb_full_15242_ss_3_n0,RPHERNGFTVL_HLA-B*07:02,tcr14412,0
vdjdb_full_15243,RPHERNGFTVL_HLA-B*07:02,tcr5485,1
vdjdb_full_15243_ss_3_n0,RPHERNGFTVL_HLA-B*07:02,tcr3080,0
vdjdb_full_15244,RPHERNGFTVL_HLA-B*07:02,tcr10662,1
vdjdb_full_15244_ss_3_n0,RPHERNGFTVL_HLA-B*07:02,tcr12465,0
vdjdb_full_15245,RPHERNGFTVL_HLA-B*07:02,tcr707,1
vdjdb_full_15245_ss_3_n0,RPHERNGFTVL_HLA-B*07:02,tcr2246,0
vdjdb_full_15246,RPHERNGFTVL_HLA-B*07:02,tcr1805,1
vdjdb_full_15246_ss_3_n0,RPHERNGFTVL_HLA-B*07:02,tcr2234,0
vdjdb_full_15247,RPHERNGFTVL_HLA-B*07:02,tcr8195,1
vdjdb_full_15247_ss_3_n0,RPHERNGFTVL_HLA-B*07:02,tcr9049,0
vdjdb_full_13259,CLGGLLTMV_HLA-A*02:01,tcr3465,1
vdjdb_full_13259_ss_3_n0,CLGGLLTMV_HLA-A*02:01,tcr13846,0
vdjdb_full_13261,CLGGLLTMV_HLA-A*02:01,tcr5611,1
vdjdb_full_13261_ss_3_n0,CLGGLLTMV_HLA-A*02:01,tcr13284,0
vdjdb_full_13262,CLGGLLTMV_HLA-A*02:01,tcr5660,1
vdjdb_full_13262_ss_3_n0,CLGGLLTMV_HLA-A*02:01,tcr17142,0
vdjdb_full_13263,CLGGLLTMV_HLA-A*02:01,tcr10482,1
vdjdb_full_13263_ss_3_n0,CLGGLLTMV_HLA-A*02:01,tcr8843,0
vdjdb_full_13264,CLGGLLTMV_HLA-A*02:01,tcr520,1
vdjdb_full_13264_ss_3_n0,CLGGLLTMV_HLA-A*02:01,tcr7379,0
vdjdb_full_13266,CLGGLLTMV_HLA-A*02:01,tcr6729,1
vdjdb_full_13266_ss_3_n0,CLGGLLTMV_HLA-A*02:01,tcr7856,0
vdjdb_full_13267,CLGGLLTMV_HLA-A*02:01,tcr13304,1
vdjdb_full_13267_ss_3_n0,CLGGLLTMV_HLA-A*02:01,tcr6703,0
vdjdb_full_13268,CLGGLLTMV_HLA-A*02:01,tcr2360,1
vdjdb_full_13268_ss_3_n0,CLGGLLTMV_HLA-A*02:01,tcr369,0
vdjdb_full_13271,CLGGLLTMV_HLA-A*02:01,tcr2082,1
vdjdb_full_13271_ss_3_n0,CLGGLLTMV_HLA-A*02:01,tcr1386,0
vdjdb_full_13272,CLGGLLTMV_HLA-A*02:01,tcr16396,1
vdjdb_full_13272_ss_3_n0,CLGGLLTMV_HLA-A*02:01,tcr8345,0
vdjdb_full_13273,CLGGLLTMV_HLA-A*02:01,tcr4101,1
vdjdb_full_13273_ss_3_n0,CLGGLLTMV_HLA-A*02:01,tcr6469,0
vdjdb_full_13274,CLGGLLTMV_HLA-A*02:01,tcr8294,1
vdjdb_full_13274_ss_3_n0,CLGGLLTMV_HLA-A*02:01,tcr16936,0
vdjdb_full_13276,CLGGLLTMV_HLA-A*02:01,tcr12195,1
vdjdb_full_13276_ss_3_n0,CLGGLLTMV_HLA-A*02:01,tcr6996,0
vdjdb_full_13277,CLGGLLTMV_HLA-A*02:01,tcr14069,1
vdjdb_full_13277_ss_3_n0,CLGGLLTMV_HLA-A*02:01,tcr9954,0
vdjdb_full_13278,CLGGLLTMV_HLA-A*02:01,tcr2897,1
vdjdb_full_13278_ss_3_n0,CLGGLLTMV_HLA-A*02:01,tcr7059,0
vdjdb_full_13283,CLGGLLTMV_HLA-A*02:01,tcr10450,1
vdjdb_full_13283_ss_3_n0,CLGGLLTMV_HLA-A*02:01,tcr14909,0
vdjdb_full_13284,CLGGLLTMV_HLA-A*02:01,tcr18257,1
vdjdb_full_13284_ss_3_n0,CLGGLLTMV_HLA-A*02:01,tcr12823,0
vdjdb_full_13286,CLGGLLTMV_HLA-A*02:01,tcr3230,1
vdjdb_full_13286_ss_3_n0,CLGGLLTMV_HLA-A*02:01,tcr1608,0
vdjdb_full_13287,CLGGLLTMV_HLA-A*02:01,tcr13791,1
vdjdb_full_13287_ss_3_n0,CLGGLLTMV_HLA-A*02:01,tcr7117,0
vdjdb_full_13288,CLGGLLTMV_HLA-A*02:01,tcr8094,1
vdjdb_full_13288_ss_3_n0,CLGGLLTMV_HLA-A*02:01,tcr17703,0
vdjdb_full_13289,CLGGLLTMV_HLA-A*02:01,tcr18381,1
vdjdb_full_13289_ss_3_n0,CLGGLLTMV_HLA-A*02:01,tcr2482,0
vdjdb_full_13290,CLGGLLTMV_HLA-A*02:01,tcr14818,1
vdjdb_full_13290_ss_3_n0,CLGGLLTMV_HLA-A*02:01,tcr11480,0
vdjdb_full_13291,CLGGLLTMV_HLA-A*02:01,tcr1023,1
vdjdb_full_13291_ss_3_n0,CLGGLLTMV_HLA-A*02:01,tcr87,0
vdjdb_full_13292,CLGGLLTMV_HLA-A*02:01,tcr8448,1
vdjdb_full_13292_ss_3_n0,CLGGLLTMV_HLA-A*02:01,tcr10840,0
vdjdb_full_13293,CLGGLLTMV_HLA-A*02:01,tcr7956,1
vdjdb_full_13293_ss_3_n0,CLGGLLTMV_HLA-A*02:01,tcr17903,0
vdjdb_full_13295,CLGGLLTMV_HLA-A*02:01,tcr15387,1
vdjdb_full_13295_ss_3_n0,CLGGLLTMV_HLA-A*02:01,tcr3991,0
vdjdb_full_13296,CLGGLLTMV_HLA-A*02:01,tcr5473,1
vdjdb_full_13296_ss_3_n0,CLGGLLTMV_HLA-A*02:01,tcr16020,0
vdjdb_full_13297,CLGGLLTMV_HLA-A*02:01,tcr4347,1
vdjdb_full_13297_ss_3_n0,CLGGLLTMV_HLA-A*02:01,tcr14032,0
vdjdb_full_13298,CLGGLLTMV_HLA-A*02:01,tcr3648,1
vdjdb_full_13298_ss_3_n0,CLGGLLTMV_HLA-A*02:01,tcr15140,0
vdjdb_full_13301,CLGGLLTMV_HLA-A*02:01,tcr17621,1
vdjdb_full_13301_ss_3_n0,CLGGLLTMV_HLA-A*02:01,tcr7393,0
vdjdb_full_13302,CLGGLLTMV_HLA-A*02:01,tcr14081,1
vdjdb_full_13302_ss_3_n0,CLGGLLTMV_HLA-A*02:01,tcr44,0
vdjdb_full_13303,CLGGLLTMV_HLA-A*02:01,tcr17179,1
vdjdb_full_13303_ss_3_n0,CLGGLLTMV_HLA-A*02:01,tcr1344,0
vdjdb_full_13304,CLGGLLTMV_HLA-A*02:01,tcr3220,1
vdjdb_full_13304_ss_3_n0,CLGGLLTMV_HLA-A*02:01,tcr9147,0
vdjdb_full_13305,CLGGLLTMV_HLA-A*02:01,tcr16706,1
vdjdb_full_13305_ss_3_n0,CLGGLLTMV_HLA-A*02:01,tcr6469,0
vdjdb_full_13307,CLGGLLTMV_HLA-A*02:01,tcr8313,1
vdjdb_full_13307_ss_3_n0,CLGGLLTMV_HLA-A*02:01,tcr14205,0
vdjdb_full_13308,CLGGLLTMV_HLA-A*02:01,tcr2663,1
vdjdb_full_13308_ss_3_n0,CLGGLLTMV_HLA-A*02:01,tcr11834,0
vdjdb_full_13309,CLGGLLTMV_HLA-A*02:01,tcr1253,1
vdjdb_full_13309_ss_3_n0,CLGGLLTMV_HLA-A*02:01,tcr17202,0
vdjdb_full_13311,CLGGLLTMV_HLA-A*02:01,tcr9824,1
vdjdb_full_13311_ss_3_n0,CLGGLLTMV_HLA-A*02:01,tcr6928,0
vdjdb_full_13312,CLGGLLTMV_HLA-A*02:01,tcr8896,1
vdjdb_full_13312_ss_3_n0,CLGGLLTMV_HLA-A*02:01,tcr6449,0
vdjdb_full_13313,CLGGLLTMV_HLA-A*02:01,tcr7424,1
vdjdb_full_13313_ss_3_n0,CLGGLLTMV_HLA-A*02:01,tcr13097,0
vdjdb_full_13316,CLGGLLTMV_HLA-A*02:01,tcr8775,1
vdjdb_full_13316_ss_3_n0,CLGGLLTMV_HLA-A*02:01,tcr5052,0
vdjdb_full_13317,CLGGLLTMV_HLA-A*02:01,tcr12157,1
vdjdb_full_13317_ss_3_n0,CLGGLLTMV_HLA-A*02:01,tcr7529,0
vdjdb_full_13320,CLGGLLTMV_HLA-A*02:01,tcr17461,1
vdjdb_full_13320_ss_3_n0,CLGGLLTMV_HLA-A*02:01,tcr11505,0
vdjdb_full_13322,CLGGLLTMV_HLA-A*02:01,tcr5040,1
vdjdb_full_13322_ss_3_n0,CLGGLLTMV_HLA-A*02:01,tcr6333,0
vdjdb_full_13323,CLGGLLTMV_HLA-A*02:01,tcr10050,1
vdjdb_full_13323_ss_3_n0,CLGGLLTMV_HLA-A*02:01,tcr16841,0
vdjdb_full_13325,CLGGLLTMV_HLA-A*02:01,tcr17681,1
vdjdb_full_13325_ss_3_n0,CLGGLLTMV_HLA-A*02:01,tcr8230,0
vdjdb_full_13331,CLGGLLTMV_HLA-A*02:01,tcr1498,1
vdjdb_full_13331_ss_3_n0,CLGGLLTMV_HLA-A*02:01,tcr14158,0
vdjdb_full_13332,CLGGLLTMV_HLA-A*02:01,tcr17020,1
vdjdb_full_13332_ss_3_n0,CLGGLLTMV_HLA-A*02:01,tcr11640,0
vdjdb_full_13333,CLGGLLTMV_HLA-A*02:01,tcr16451,1
vdjdb_full_13333_ss_3_n0,CLGGLLTMV_HLA-A*02:01,tcr3,0
vdjdb_full_13337,CLGGLLTMV_HLA-A*02:01,tcr2886,1
vdjdb_full_13337_ss_3_n0,CLGGLLTMV_HLA-A*02:01,tcr14175,0
vdjdb_full_13338,CLGGLLTMV_HLA-A*02:01,tcr1437,1
vdjdb_full_13338_ss_3_n0,CLGGLLTMV_HLA-A*02:01,tcr9890,0
vdjdb_full_13339,CLGGLLTMV_HLA-A*02:01,tcr4983,1
vdjdb_full_13339_ss_3_n0,CLGGLLTMV_HLA-A*02:01,tcr358,0
vdjdb_full_13340,CLGGLLTMV_HLA-A*02:01,tcr16266,1
vdjdb_full_13340_ss_3_n0,CLGGLLTMV_HLA-A*02:01,tcr5493,0
vdjdb_full_13341,CLGGLLTMV_HLA-A*02:01,tcr2550,1
vdjdb_full_13341_ss_3_n0,CLGGLLTMV_HLA-A*02:01,tcr12830,0
vdjdb_full_13342,CLGGLLTMV_HLA-A*02:01,tcr13936,1
vdjdb_full_13342_ss_3_n0,CLGGLLTMV_HLA-A*02:01,tcr18160,0
vdjdb_full_13343,CLGGLLTMV_HLA-A*02:01,tcr3452,1
vdjdb_full_13343_ss_3_n0,CLGGLLTMV_HLA-A*02:01,tcr922,0
vdjdb_full_13344,CLGGLLTMV_HLA-A*02:01,tcr3165,1
vdjdb_full_13344_ss_3_n0,CLGGLLTMV_HLA-A*02:01,tcr5979,0
vdjdb_full_13345,CLGGLLTMV_HLA-A*02:01,tcr13517,1
vdjdb_full_13345_ss_3_n0,CLGGLLTMV_HLA-A*02:01,tcr14866,0
vdjdb_full_13348,CLGGLLTMV_HLA-A*02:01,tcr4158,1
vdjdb_full_13348_ss_3_n0,CLGGLLTMV_HLA-A*02:01,tcr8383,0
vdjdb_full_16613,QYIKWPWYI_HLA-A*24:02,tcr7043,1
vdjdb_full_16613_ss_3_n0,QYIKWPWYI_HLA-A*24:02,tcr11342,0
vdjdb_full_16614,QYIKWPWYI_HLA-A*24:02,tcr827,1
vdjdb_full_16614_ss_3_n0,QYIKWPWYI_HLA-A*24:02,tcr7903,0
vdjdb_full_16615,QYIKWPWYI_HLA-A*24:02,tcr1484,1
vdjdb_full_16615_ss_3_n0,QYIKWPWYI_HLA-A*24:02,tcr15335,0
vdjdb_full_16616,QYIKWPWYI_HLA-A*24:02,tcr4459,1
vdjdb_full_16616_ss_3_n0,QYIKWPWYI_HLA-A*24:02,tcr6455,0
vdjdb_full_16617,QYIKWPWYI_HLA-A*24:02,tcr7064,1
vdjdb_full_16617_ss_3_n0,QYIKWPWYI_HLA-A*24:02,tcr11499,0
vdjdb_full_16618,QYIKWPWYI_HLA-A*24:02,tcr8876,1
vdjdb_full_16618_ss_3_n0,QYIKWPWYI_HLA-A*24:02,tcr1886,0
vdjdb_full_16619,QYIKWPWYI_HLA-A*24:02,tcr10692,1
vdjdb_full_16619_ss_3_n0,QYIKWPWYI_HLA-A*24:02,tcr11229,0
vdjdb_full_16621,QYIKWPWYI_HLA-A*24:02,tcr11312,1
vdjdb_full_16621_ss_3_n0,QYIKWPWYI_HLA-A*24:02,tcr12934,0
vdjdb_full_16622,QYIKWPWYI_HLA-A*24:02,tcr13737,1
vdjdb_full_16622_ss_3_n0,QYIKWPWYI_HLA-A*24:02,tcr15323,0
vdjdb_full_16623,QYIKWPWYI_HLA-A*24:02,tcr18120,1
vdjdb_full_16623_ss_3_n0,QYIKWPWYI_HLA-A*24:02,tcr14355,0
vdjdb_full_16624,QYIKWPWYI_HLA-A*24:02,tcr15366,1
vdjdb_full_16624_ss_3_n0,QYIKWPWYI_HLA-A*24:02,tcr16601,0
vdjdb_full_16625,QYIKWPWYI_HLA-A*24:02,tcr12892,1
vdjdb_full_16625_ss_3_n0,QYIKWPWYI_HLA-A*24:02,tcr11610,0
vdjdb_full_16626,QYIKWPWYI_HLA-A*24:02,tcr891,1
vdjdb_full_16626_ss_3_n0,QYIKWPWYI_HLA-A*24:02,tcr12600,0
vdjdb_full_16627,QYIKWPWYI_HLA-A*24:02,tcr13042,1
vdjdb_full_16627_ss_3_n0,QYIKWPWYI_HLA-A*24:02,tcr17885,0
vdjdb_full_16628,QYIKWPWYI_HLA-A*24:02,tcr15776,1
vdjdb_full_16628_ss_3_n0,QYIKWPWYI_HLA-A*24:02,tcr9810,0
vdjdb_full_16629,QYIKWPWYI_HLA-A*24:02,tcr2782,1
vdjdb_full_16629_ss_3_n0,QYIKWPWYI_HLA-A*24:02,tcr9177,0
vdjdb_full_16630,QYIKWPWYI_HLA-A*24:02,tcr14673,1
vdjdb_full_16630_ss_3_n0,QYIKWPWYI_HLA-A*24:02,tcr9697,0
vdjdb_full_16631,QYIKWPWYI_HLA-A*24:02,tcr11970,1
vdjdb_full_16631_ss_3_n0,QYIKWPWYI_HLA-A*24:02,tcr8671,0
vdjdb_full_16632,QYIKWPWYI_HLA-A*24:02,tcr7476,1
vdjdb_full_16632_ss_3_n0,QYIKWPWYI_HLA-A*24:02,tcr14377,0
vdjdb_full_16633,QYIKWPWYI_HLA-A*24:02,tcr1267,1
vdjdb_full_16633_ss_3_n0,QYIKWPWYI_HLA-A*24:02,tcr4629,0
vdjdb_full_16634,QYIKWPWYI_HLA-A*24:02,tcr2069,1
vdjdb_full_16634_ss_3_n0,QYIKWPWYI_HLA-A*24:02,tcr6676,0
vdjdb_full_16635,QYIKWPWYI_HLA-A*24:02,tcr608,1
vdjdb_full_16635_ss_3_n0,QYIKWPWYI_HLA-A*24:02,tcr5520,0
vdjdb_full_16636,QYIKWPWYI_HLA-A*24:02,tcr14951,1
vdjdb_full_16636_ss_3_n0,QYIKWPWYI_HLA-A*24:02,tcr10435,0
vdjdb_full_16637,QYIKWPWYI_HLA-A*24:02,tcr13764,1
vdjdb_full_16637_ss_3_n0,QYIKWPWYI_HLA-A*24:02,tcr622,0
vdjdb_full_16638,QYIKWPWYI_HLA-A*24:02,tcr12088,1
vdjdb_full_16638_ss_3_n0,QYIKWPWYI_HLA-A*24:02,tcr1014,0
vdjdb_full_16639,QYIKWPWYI_HLA-A*24:02,tcr10823,1
vdjdb_full_16639_ss_3_n0,QYIKWPWYI_HLA-A*24:02,tcr16371,0
vdjdb_full_16640,QYIKWPWYI_HLA-A*24:02,tcr15617,1
vdjdb_full_16640_ss_3_n0,QYIKWPWYI_HLA-A*24:02,tcr16594,0
vdjdb_full_16641,QYIKWPWYI_HLA-A*24:02,tcr1653,1
vdjdb_full_16641_ss_3_n0,QYIKWPWYI_HLA-A*24:02,tcr11114,0
vdjdb_full_16643,QYIKWPWYI_HLA-A*24:02,tcr4827,1
vdjdb_full_16643_ss_3_n0,QYIKWPWYI_HLA-A*24:02,tcr14376,0
vdjdb_full_16644,QYIKWPWYI_HLA-A*24:02,tcr2088,1
vdjdb_full_16644_ss_3_n0,QYIKWPWYI_HLA-A*24:02,tcr17560,0
vdjdb_full_16645,QYIKWPWYI_HLA-A*24:02,tcr15769,1
vdjdb_full_16645_ss_3_n0,QYIKWPWYI_HLA-A*24:02,tcr4625,0
vdjdb_full_16646,QYIKWPWYI_HLA-A*24:02,tcr15158,1
vdjdb_full_16646_ss_3_n0,QYIKWPWYI_HLA-A*24:02,tcr172,0
vdjdb_full_16647,QYIKWPWYI_HLA-A*24:02,tcr17399,1
vdjdb_full_16647_ss_3_n0,QYIKWPWYI_HLA-A*24:02,tcr16933,0
vdjdb_full_16648,QYIKWPWYI_HLA-A*24:02,tcr5342,1
vdjdb_full_16648_ss_3_n0,QYIKWPWYI_HLA-A*24:02,tcr13602,0
vdjdb_full_16649,QYIKWPWYI_HLA-A*24:02,tcr17283,1
vdjdb_full_16649_ss_3_n0,QYIKWPWYI_HLA-A*24:02,tcr14682,0
vdjdb_full_16650,QYIKWPWYI_HLA-A*24:02,tcr4903,1
vdjdb_full_16650_ss_3_n0,QYIKWPWYI_HLA-A*24:02,tcr5760,0
vdjdb_full_16651,QYIKWPWYI_HLA-A*24:02,tcr609,1
vdjdb_full_16651_ss_3_n0,QYIKWPWYI_HLA-A*24:02,tcr6238,0
vdjdb_full_16652,QYIKWPWYI_HLA-A*24:02,tcr8878,1
vdjdb_full_16652_ss_3_n0,QYIKWPWYI_HLA-A*24:02,tcr4363,0
vdjdb_full_16653,QYIKWPWYI_HLA-A*24:02,tcr17195,1
vdjdb_full_16653_ss_3_n0,QYIKWPWYI_HLA-A*24:02,tcr15815,0
vdjdb_full_16654,QYIKWPWYI_HLA-A*24:02,tcr14150,1
vdjdb_full_16654_ss_3_n0,QYIKWPWYI_HLA-A*24:02,tcr4272,0
vdjdb_full_16655,QYIKWPWYI_HLA-A*24:02,tcr8946,1
vdjdb_full_16655_ss_3_n0,QYIKWPWYI_HLA-A*24:02,tcr5038,0
vdjdb_full_16656,QYIKWPWYI_HLA-A*24:02,tcr13466,1
vdjdb_full_16656_ss_3_n0,QYIKWPWYI_HLA-A*24:02,tcr4029,0
vdjdb_full_16657,QYIKWPWYI_HLA-A*24:02,tcr1567,1
vdjdb_full_16657_ss_3_n0,QYIKWPWYI_HLA-A*24:02,tcr13795,0
vdjdb_full_16658,QYIKWPWYI_HLA-A*24:02,tcr6420,1
vdjdb_full_16658_ss_3_n0,QYIKWPWYI_HLA-A*24:02,tcr11115,0
vdjdb_full_16659,QYIKWPWYI_HLA-A*24:02,tcr1138,1
vdjdb_full_16659_ss_3_n0,QYIKWPWYI_HLA-A*24:02,tcr4108,0
vdjdb_full_16660,QYIKWPWYI_HLA-A*24:02,tcr10936,1
vdjdb_full_16660_ss_3_n0,QYIKWPWYI_HLA-A*24:02,tcr15887,0
vdjdb_full_16661,QYIKWPWYI_HLA-A*24:02,tcr15133,1
vdjdb_full_16661_ss_3_n0,QYIKWPWYI_HLA-A*24:02,tcr16712,0
vdjdb_full_16662,QYIKWPWYI_HLA-A*24:02,tcr16977,1
vdjdb_full_16662_ss_3_n0,QYIKWPWYI_HLA-A*24:02,tcr10928,0
vdjdb_full_16663,QYIKWPWYI_HLA-A*24:02,tcr13895,1
vdjdb_full_16663_ss_3_n0,QYIKWPWYI_HLA-A*24:02,tcr10899,0
vdjdb_full_16664,QYIKWPWYI_HLA-A*24:02,tcr13131,1
vdjdb_full_16664_ss_3_n0,QYIKWPWYI_HLA-A*24:02,tcr9319,0
vdjdb_full_16665,QYIKWPWYI_HLA-A*24:02,tcr5859,1
vdjdb_full_16665_ss_3_n0,QYIKWPWYI_HLA-A*24:02,tcr10596,0
vdjdb_full_16666,QYIKWPWYI_HLA-A*24:02,tcr9888,1
vdjdb_full_16666_ss_3_n0,QYIKWPWYI_HLA-A*24:02,tcr8399,0
vdjdb_full_16667,QYIKWPWYI_HLA-A*24:02,tcr2930,1
vdjdb_full_16667_ss_3_n0,QYIKWPWYI_HLA-A*24:02,tcr2051,0
vdjdb_full_16169,GPRLGVRAT_HLA-B*07:02,tcr15806,1
vdjdb_full_16169_ss_3_n0,GPRLGVRAT_HLA-B*07:02,tcr156,0
vdjdb_full_16170,GPRLGVRAT_HLA-B*07:02,tcr11506,1
vdjdb_full_16170_ss_3_n0,GPRLGVRAT_HLA-B*07:02,tcr6573,0
vdjdb_full_16171,GPRLGVRAT_HLA-B*07:02,tcr10733,1
vdjdb_full_16171_ss_3_n0,GPRLGVRAT_HLA-B*07:02,tcr16422,0
vdjdb_full_16172,GPRLGVRAT_HLA-B*07:02,tcr17245,1
vdjdb_full_16172_ss_3_n0,GPRLGVRAT_HLA-B*07:02,tcr10498,0
vdjdb_full_16173,GPRLGVRAT_HLA-B*07:02,tcr2875,1
vdjdb_full_16173_ss_3_n0,GPRLGVRAT_HLA-B*07:02,tcr6534,0
vdjdb_full_16174,GPRLGVRAT_HLA-B*07:02,tcr17663,1
vdjdb_full_16174_ss_3_n0,GPRLGVRAT_HLA-B*07:02,tcr6519,0
vdjdb_full_16175,GPRLGVRAT_HLA-B*07:02,tcr2271,1
vdjdb_full_16175_ss_3_n0,GPRLGVRAT_HLA-B*07:02,tcr16451,0
vdjdb_full_16176,GPRLGVRAT_HLA-B*07:02,tcr3133,1
vdjdb_full_16176_ss_3_n0,GPRLGVRAT_HLA-B*07:02,tcr12357,0
vdjdb_full_16177,GPRLGVRAT_HLA-B*07:02,tcr1589,1
vdjdb_full_16177_ss_3_n0,GPRLGVRAT_HLA-B*07:02,tcr8625,0
vdjdb_full_16178,GPRLGVRAT_HLA-B*07:02,tcr16390,1
vdjdb_full_16178_ss_3_n0,GPRLGVRAT_HLA-B*07:02,tcr13432,0
vdjdb_full_16179,GPRLGVRAT_HLA-B*07:02,tcr1793,1
vdjdb_full_16179_ss_3_n0,GPRLGVRAT_HLA-B*07:02,tcr8665,0
vdjdb_full_16181,GPRLGVRAT_HLA-B*07:02,tcr10160,1
vdjdb_full_16181_ss_3_n0,GPRLGVRAT_HLA-B*07:02,tcr5771,0
vdjdb_full_16182,GPRLGVRAT_HLA-B*07:02,tcr9837,1
vdjdb_full_16182_ss_3_n0,GPRLGVRAT_HLA-B*07:02,tcr5056,0
vdjdb_full_16183,GPRLGVRAT_HLA-B*07:02,tcr54,1
vdjdb_full_16183_ss_3_n0,GPRLGVRAT_HLA-B*07:02,tcr8418,0
vdjdb_full_16184,GPRLGVRAT_HLA-B*07:02,tcr8727,1
vdjdb_full_16184_ss_3_n0,GPRLGVRAT_HLA-B*07:02,tcr7100,0
vdjdb_full_16185,GPRLGVRAT_HLA-B*07:02,tcr6021,1
vdjdb_full_16185_ss_3_n0,GPRLGVRAT_HLA-B*07:02,tcr5975,0
vdjdb_full_16186,GPRLGVRAT_HLA-B*07:02,tcr4923,1
vdjdb_full_16186_ss_3_n0,GPRLGVRAT_HLA-B*07:02,tcr15217,0
vdjdb_full_16187,GPRLGVRAT_HLA-B*07:02,tcr2363,1
vdjdb_full_16187_ss_3_n0,GPRLGVRAT_HLA-B*07:02,tcr9181,0
vdjdb_full_16188,GPRLGVRAT_HLA-B*07:02,tcr17671,1
vdjdb_full_16188_ss_3_n0,GPRLGVRAT_HLA-B*07:02,tcr11988,0
vdjdb_full_16189,GPRLGVRAT_HLA-B*07:02,tcr5544,1
vdjdb_full_16189_ss_3_n0,GPRLGVRAT_HLA-B*07:02,tcr3377,0
vdjdb_full_16190,GPRLGVRAT_HLA-B*07:02,tcr17055,1
vdjdb_full_16190_ss_3_n0,GPRLGVRAT_HLA-B*07:02,tcr13466,0
vdjdb_full_16191,GPRLGVRAT_HLA-B*07:02,tcr10,1
vdjdb_full_16191_ss_3_n0,GPRLGVRAT_HLA-B*07:02,tcr17646,0
vdjdb_full_16192,GPRLGVRAT_HLA-B*07:02,tcr11480,1
vdjdb_full_16192_ss_3_n0,GPRLGVRAT_HLA-B*07:02,tcr11011,0
vdjdb_full_16193,GPRLGVRAT_HLA-B*07:02,tcr13863,1
vdjdb_full_16193_ss_3_n0,GPRLGVRAT_HLA-B*07:02,tcr1593,0
vdjdb_full_16194,GPRLGVRAT_HLA-B*07:02,tcr15989,1
vdjdb_full_16194_ss_3_n0,GPRLGVRAT_HLA-B*07:02,tcr9697,0
vdjdb_full_16195,GPRLGVRAT_HLA-B*07:02,tcr68,1
vdjdb_full_16195_ss_3_n0,GPRLGVRAT_HLA-B*07:02,tcr11760,0
vdjdb_full_16196,GPRLGVRAT_HLA-B*07:02,tcr17910,1
vdjdb_full_16196_ss_3_n0,GPRLGVRAT_HLA-B*07:02,tcr18258,0
vdjdb_full_16197,GPRLGVRAT_HLA-B*07:02,tcr17444,1
vdjdb_full_16197_ss_3_n0,GPRLGVRAT_HLA-B*07:02,tcr6069,0
vdjdb_full_16198,GPRLGVRAT_HLA-B*07:02,tcr11379,1
vdjdb_full_16198_ss_3_n0,GPRLGVRAT_HLA-B*07:02,tcr6469,0
vdjdb_full_16199,GPRLGVRAT_HLA-B*07:02,tcr212,1
vdjdb_full_16199_ss_3_n0,GPRLGVRAT_HLA-B*07:02,tcr17438,0
vdjdb_full_16200,GPRLGVRAT_HLA-B*07:02,tcr3715,1
vdjdb_full_16200_ss_3_n0,GPRLGVRAT_HLA-B*07:02,tcr8568,0
vdjdb_full_16201,GPRLGVRAT_HLA-B*07:02,tcr14341,1
vdjdb_full_16201_ss_3_n0,GPRLGVRAT_HLA-B*07:02,tcr11229,0
vdjdb_full_16202,GPRLGVRAT_HLA-B*07:02,tcr16500,1
vdjdb_full_16202_ss_3_n0,GPRLGVRAT_HLA-B*07:02,tcr412,0
vdjdb_full_16203,GPRLGVRAT_HLA-B*07:02,tcr11994,1
vdjdb_full_16203_ss_3_n0,GPRLGVRAT_HLA-B*07:02,tcr1501,0
vdjdb_full_16204,GPRLGVRAT_HLA-B*07:02,tcr12603,1
vdjdb_full_16204_ss_3_n0,GPRLGVRAT_HLA-B*07:02,tcr3748,0
vdjdb_full_16205,GPRLGVRAT_HLA-B*07:02,tcr11176,1
vdjdb_full_16205_ss_3_n0,GPRLGVRAT_HLA-B*07:02,tcr8950,0
vdjdb_full_16206,GPRLGVRAT_HLA-B*07:02,tcr9571,1
vdjdb_full_16206_ss_3_n0,GPRLGVRAT_HLA-B*07:02,tcr11108,0
vdjdb_full_16207,GPRLGVRAT_HLA-B*07:02,tcr5256,1
vdjdb_full_16207_ss_3_n0,GPRLGVRAT_HLA-B*07:02,tcr6017,0
vdjdb_full_16208,GPRLGVRAT_HLA-B*07:02,tcr13780,1
vdjdb_full_16208_ss_3_n0,GPRLGVRAT_HLA-B*07:02,tcr12575,0
vdjdb_full_16209,GPRLGVRAT_HLA-B*07:02,tcr8861,1
vdjdb_full_16209_ss_3_n0,GPRLGVRAT_HLA-B*07:02,tcr14330,0
vdjdb_full_16210,GPRLGVRAT_HLA-B*07:02,tcr2126,1
vdjdb_full_16210_ss_3_n0,GPRLGVRAT_HLA-B*07:02,tcr13281,0
vdjdb_full_16211,GPRLGVRAT_HLA-B*07:02,tcr17551,1
vdjdb_full_16211_ss_3_n0,GPRLGVRAT_HLA-B*07:02,tcr8218,0
vdjdb_full_16212,GPRLGVRAT_HLA-B*07:02,tcr1884,1
vdjdb_full_16212_ss_3_n0,GPRLGVRAT_HLA-B*07:02,tcr9596,0
vdjdb_full_16213,GPRLGVRAT_HLA-B*07:02,tcr956,1
vdjdb_full_16213_ss_3_n0,GPRLGVRAT_HLA-B*07:02,tcr5138,0
vdjdb_full_16214,GPRLGVRAT_HLA-B*07:02,tcr12043,1
vdjdb_full_16214_ss_3_n0,GPRLGVRAT_HLA-B*07:02,tcr12691,0
vdjdb_full_16215,GPRLGVRAT_HLA-B*07:02,tcr13282,1
vdjdb_full_16215_ss_3_n0,GPRLGVRAT_HLA-B*07:02,tcr1816,0
vdjdb_full_16216,GPRLGVRAT_HLA-B*07:02,tcr1754,1
vdjdb_full_16216_ss_3_n0,GPRLGVRAT_HLA-B*07:02,tcr7980,0
vdjdb_full_16217,GPRLGVRAT_HLA-B*07:02,tcr2114,1
vdjdb_full_16217_ss_3_n0,GPRLGVRAT_HLA-B*07:02,tcr12430,0
vdjdb_full_16218,GPRLGVRAT_HLA-B*07:02,tcr11169,1
vdjdb_full_16218_ss_3_n0,GPRLGVRAT_HLA-B*07:02,tcr2082,0
vdjdb_full_16219,GPRLGVRAT_HLA-B*07:02,tcr374,1
vdjdb_full_16219_ss_3_n0,GPRLGVRAT_HLA-B*07:02,tcr9735,0
vdjdb_full_16220,GPRLGVRAT_HLA-B*07:02,tcr2670,1
vdjdb_full_16220_ss_3_n0,GPRLGVRAT_HLA-B*07:02,tcr16561,0
vdjdb_full_16221,GPRLGVRAT_HLA-B*07:02,tcr5404,1
vdjdb_full_16221_ss_3_n0,GPRLGVRAT_HLA-B*07:02,tcr7671,0
vdjdb_full_16415,RTATKQYNV_HLA-A*02:01,tcr17729,1
vdjdb_full_16415_ss_3_n0,RTATKQYNV_HLA-A*02:01,tcr6007,0
vdjdb_full_16416,RTATKQYNV_HLA-A*02:01,tcr14442,1
vdjdb_full_16416_ss_3_n0,RTATKQYNV_HLA-A*02:01,tcr13617,0
vdjdb_full_16417,RTATKQYNV_HLA-A*02:01,tcr7687,1
vdjdb_full_16417_ss_3_n0,RTATKQYNV_HLA-A*02:01,tcr17663,0
vdjdb_full_16419,RTATKQYNV_HLA-A*02:01,tcr16549,1
vdjdb_full_16419_ss_3_n0,RTATKQYNV_HLA-A*02:01,tcr16476,0
vdjdb_full_16420,RTATKQYNV_HLA-A*02:01,tcr15461,1
vdjdb_full_16420_ss_3_n0,RTATKQYNV_HLA-A*02:01,tcr2101,0
vdjdb_full_16421,RTATKQYNV_HLA-A*02:01,tcr7373,1
vdjdb_full_16421_ss_3_n0,RTATKQYNV_HLA-A*02:01,tcr13811,0
vdjdb_full_16422,RTATKQYNV_HLA-A*02:01,tcr12531,1
vdjdb_full_16422_ss_3_n0,RTATKQYNV_HLA-A*02:01,tcr2609,0
vdjdb_full_16423,RTATKQYNV_HLA-A*02:01,tcr2259,1
vdjdb_full_16423_ss_3_n0,RTATKQYNV_HLA-A*02:01,tcr17663,0
vdjdb_full_16424,RTATKQYNV_HLA-A*02:01,tcr13444,1
vdjdb_full_16424_ss_3_n0,RTATKQYNV_HLA-A*02:01,tcr2124,0
vdjdb_full_16425,RTATKQYNV_HLA-A*02:01,tcr8036,1
vdjdb_full_16425_ss_3_n0,RTATKQYNV_HLA-A*02:01,tcr5187,0
vdjdb_full_16426,RTATKQYNV_HLA-A*02:01,tcr11034,1
vdjdb_full_16426_ss_3_n0,RTATKQYNV_HLA-A*02:01,tcr124,0
vdjdb_full_16427,RTATKQYNV_HLA-A*02:01,tcr9810,1
vdjdb_full_16427_ss_3_n0,RTATKQYNV_HLA-A*02:01,tcr14050,0
vdjdb_full_16428,RTATKQYNV_HLA-A*02:01,tcr3991,1
vdjdb_full_16428_ss_3_n0,RTATKQYNV_HLA-A*02:01,tcr14811,0
vdjdb_full_16429,RTATKQYNV_HLA-A*02:01,tcr3196,1
vdjdb_full_16429_ss_3_n0,RTATKQYNV_HLA-A*02:01,tcr3228,0
vdjdb_full_16430,RTATKQYNV_HLA-A*02:01,tcr992,1
vdjdb_full_16430_ss_3_n0,RTATKQYNV_HLA-A*02:01,tcr16268,0
vdjdb_full_16431,RTATKQYNV_HLA-A*02:01,tcr7592,1
vdjdb_full_16431_ss_3_n0,RTATKQYNV_HLA-A*02:01,tcr6763,0
vdjdb_full_16432,RTATKQYNV_HLA-A*02:01,tcr14377,1
vdjdb_full_16432_ss_3_n0,RTATKQYNV_HLA-A*02:01,tcr283,0
vdjdb_full_16433,RTATKQYNV_HLA-A*02:01,tcr3275,1
vdjdb_full_16433_ss_3_n0,RTATKQYNV_HLA-A*02:01,tcr9594,0
vdjdb_full_16434,RTATKQYNV_HLA-A*02:01,tcr8914,1
vdjdb_full_16434_ss_3_n0,RTATKQYNV_HLA-A*02:01,tcr1001,0
vdjdb_full_16435,RTATKQYNV_HLA-A*02:01,tcr9193,1
vdjdb_full_16435_ss_3_n0,RTATKQYNV_HLA-A*02:01,tcr8066,0
vdjdb_full_16436,RTATKQYNV_HLA-A*02:01,tcr14364,1
vdjdb_full_16436_ss_3_n0,RTATKQYNV_HLA-A*02:01,tcr11521,0
vdjdb_full_16437,RTATKQYNV_HLA-A*02:01,tcr11573,1
vdjdb_full_16437_ss_3_n0,RTATKQYNV_HLA-A*02:01,tcr11312,0
vdjdb_full_16438,RTATKQYNV_HLA-A*02:01,tcr2053,1
vdjdb_full_16438_ss_3_n0,RTATKQYNV_HLA-A*02:01,tcr15833,0
vdjdb_full_16439,RTATKQYNV_HLA-A*02:01,tcr12175,1
vdjdb_full_16439_ss_3_n0,RTATKQYNV_HLA-A*02:01,tcr16597,0
vdjdb_full_16440,RTATKQYNV_HLA-A*02:01,tcr8791,1
vdjdb_full_16440_ss_3_n0,RTATKQYNV_HLA-A*02:01,tcr7194,0
vdjdb_full_16441,RTATKQYNV_HLA-A*02:01,tcr18245,1
vdjdb_full_16441_ss_3_n0,RTATKQYNV_HLA-A*02:01,tcr10936,0
vdjdb_full_16443,RTATKQYNV_HLA-A*02:01,tcr7903,1
vdjdb_full_16443_ss_3_n0,RTATKQYNV_HLA-A*02:01,tcr4774,0
vdjdb_full_16444,RTATKQYNV_HLA-A*02:01,tcr2563,1
vdjdb_full_16444_ss_3_n0,RTATKQYNV_HLA-A*02:01,tcr4532,0
vdjdb_full_16445,RTATKQYNV_HLA-A*02:01,tcr18040,1
vdjdb_full_16445_ss_3_n0,RTATKQYNV_HLA-A*02:01,tcr14158,0
vdjdb_full_16446,RTATKQYNV_HLA-A*02:01,tcr16788,1
vdjdb_full_16446_ss_3_n0,RTATKQYNV_HLA-A*02:01,tcr12954,0
vdjdb_full_16447,RTATKQYNV_HLA-A*02:01,tcr9682,1
vdjdb_full_16447_ss_3_n0,RTATKQYNV_HLA-A*02:01,tcr1179,0
vdjdb_full_16448,RTATKQYNV_HLA-A*02:01,tcr5360,1
vdjdb_full_16448_ss_3_n0,RTATKQYNV_HLA-A*02:01,tcr10669,0
vdjdb_full_16449,RTATKQYNV_HLA-A*02:01,tcr3625,1
vdjdb_full_16449_ss_3_n0,RTATKQYNV_HLA-A*02:01,tcr1370,0
vdjdb_full_16450,RTATKQYNV_HLA-A*02:01,tcr3177,1
vdjdb_full_16450_ss_3_n0,RTATKQYNV_HLA-A*02:01,tcr3929,0
vdjdb_full_16451,RTATKQYNV_HLA-A*02:01,tcr16483,1
vdjdb_full_16451_ss_3_n0,RTATKQYNV_HLA-A*02:01,tcr1816,0
vdjdb_full_16452,RTATKQYNV_HLA-A*02:01,tcr1149,1
vdjdb_full_16452_ss_3_n0,RTATKQYNV_HLA-A*02:01,tcr14682,0
vdjdb_full_16453,RTATKQYNV_HLA-A*02:01,tcr1652,1
vdjdb_full_16453_ss_3_n0,RTATKQYNV_HLA-A*02:01,tcr11158,0
vdjdb_full_16454,RTATKQYNV_HLA-A*02:01,tcr9493,1
vdjdb_full_16454_ss_3_n0,RTATKQYNV_HLA-A*02:01,tcr4073,0
vdjdb_full_16455,RTATKQYNV_HLA-A*02:01,tcr12391,1
vdjdb_full_16455_ss_3_n0,RTATKQYNV_HLA-A*02:01,tcr4666,0
vdjdb_full_16456,RTATKQYNV_HLA-A*02:01,tcr2295,1
vdjdb_full_16456_ss_3_n0,RTATKQYNV_HLA-A*02:01,tcr3318,0
vdjdb_full_16457,RTATKQYNV_HLA-A*02:01,tcr10821,1
vdjdb_full_16457_ss_3_n0,RTATKQYNV_HLA-A*02:01,tcr2124,0
vdjdb_full_16458,RTATKQYNV_HLA-A*02:01,tcr8349,1
vdjdb_full_16458_ss_3_n0,RTATKQYNV_HLA-A*02:01,tcr8527,0
vdjdb_full_16459,RTATKQYNV_HLA-A*02:01,tcr6264,1
vdjdb_full_16459_ss_3_n0,RTATKQYNV_HLA-A*02:01,tcr230,0
vdjdb_full_16460,RTATKQYNV_HLA-A*02:01,tcr9444,1
vdjdb_full_16460_ss_3_n0,RTATKQYNV_HLA-A*02:01,tcr10454,0
vdjdb_full_16461,RTATKQYNV_HLA-A*02:01,tcr6146,1
vdjdb_full_16461_ss_3_n0,RTATKQYNV_HLA-A*02:01,tcr2243,0
vdjdb_full_16463,RTATKQYNV_HLA-A*02:01,tcr11330,1
vdjdb_full_16463_ss_3_n0,RTATKQYNV_HLA-A*02:01,tcr3336,0
vdjdb_full_16464,RTATKQYNV_HLA-A*02:01,tcr1987,1
vdjdb_full_16464_ss_3_n0,RTATKQYNV_HLA-A*02:01,tcr3467,0
vdjdb_full_16465,RTATKQYNV_HLA-A*02:01,tcr899,1
vdjdb_full_16465_ss_3_n0,RTATKQYNV_HLA-A*02:01,tcr14461,0
vdjdb_full_16897,RTATKAYNV_HLA-A*02:01,tcr535,1
vdjdb_full_16897_ss_3_n0,RTATKAYNV_HLA-A*02:01,tcr14689,0
vdjdb_full_16898,RTATKAYNV_HLA-A*02:01,tcr2446,1
vdjdb_full_16898_ss_3_n0,RTATKAYNV_HLA-A*02:01,tcr12443,0
vdjdb_full_16899,RTATKAYNV_HLA-A*02:01,tcr14621,1
vdjdb_full_16899_ss_3_n0,RTATKAYNV_HLA-A*02:01,tcr14203,0
vdjdb_full_16900,RTATKAYNV_HLA-A*02:01,tcr7819,1
vdjdb_full_16900_ss_3_n0,RTATKAYNV_HLA-A*02:01,tcr14348,0
vdjdb_full_16901,RTATKAYNV_HLA-A*02:01,tcr9170,1
vdjdb_full_16901_ss_3_n0,RTATKAYNV_HLA-A*02:01,tcr10192,0
vdjdb_full_16902,RTATKAYNV_HLA-A*02:01,tcr17890,1
vdjdb_full_16902_ss_3_n0,RTATKAYNV_HLA-A*02:01,tcr3934,0
vdjdb_full_16903,RTATKAYNV_HLA-A*02:01,tcr14660,1
vdjdb_full_16903_ss_3_n0,RTATKAYNV_HLA-A*02:01,tcr11158,0
vdjdb_full_16904,RTATKAYNV_HLA-A*02:01,tcr3,1
vdjdb_full_16904_ss_3_n0,RTATKAYNV_HLA-A*02:01,tcr6726,0
vdjdb_full_16905,RTATKAYNV_HLA-A*02:01,tcr5668,1
vdjdb_full_16905_ss_3_n0,RTATKAYNV_HLA-A*02:01,tcr2380,0
vdjdb_full_16907,RTATKAYNV_HLA-A*02:01,tcr6977,1
vdjdb_full_16907_ss_3_n0,RTATKAYNV_HLA-A*02:01,tcr11076,0
vdjdb_full_16908,RTATKAYNV_HLA-A*02:01,tcr4182,1
vdjdb_full_16908_ss_3_n0,RTATKAYNV_HLA-A*02:01,tcr8582,0
vdjdb_full_16909,RTATKAYNV_HLA-A*02:01,tcr17234,1
vdjdb_full_16909_ss_3_n0,RTATKAYNV_HLA-A*02:01,tcr16597,0
vdjdb_full_16910,RTATKAYNV_HLA-A*02:01,tcr2411,1
vdjdb_full_16910_ss_3_n0,RTATKAYNV_HLA-A*02:01,tcr3289,0
vdjdb_full_16911,RTATKAYNV_HLA-A*02:01,tcr3432,1
vdjdb_full_16911_ss_3_n0,RTATKAYNV_HLA-A*02:01,tcr2740,0
vdjdb_full_16912,RTATKAYNV_HLA-A*02:01,tcr7799,1
vdjdb_full_16912_ss_3_n0,RTATKAYNV_HLA-A*02:01,tcr3467,0
vdjdb_full_16913,RTATKAYNV_HLA-A*02:01,tcr14376,1
vdjdb_full_16913_ss_3_n0,RTATKAYNV_HLA-A*02:01,tcr15487,0
vdjdb_full_16914,RTATKAYNV_HLA-A*02:01,tcr10626,1
vdjdb_full_16914_ss_3_n0,RTATKAYNV_HLA-A*02:01,tcr3408,0
vdjdb_full_16915,RTATKAYNV_HLA-A*02:01,tcr1993,1
vdjdb_full_16915_ss_3_n0,RTATKAYNV_HLA-A*02:01,tcr7553,0
vdjdb_full_16916,RTATKAYNV_HLA-A*02:01,tcr11567,1
vdjdb_full_16916_ss_3_n0,RTATKAYNV_HLA-A*02:01,tcr5087,0
vdjdb_full_16918,RTATKAYNV_HLA-A*02:01,tcr17738,1
vdjdb_full_16918_ss_3_n0,RTATKAYNV_HLA-A*02:01,tcr16979,0
vdjdb_full_16919,RTATKAYNV_HLA-A*02:01,tcr247,1
vdjdb_full_16919_ss_3_n0,RTATKAYNV_HLA-A*02:01,tcr14212,0
vdjdb_full_16920,RTATKAYNV_HLA-A*02:01,tcr14394,1
vdjdb_full_16920_ss_3_n0,RTATKAYNV_HLA-A*02:01,tcr4795,0
vdjdb_full_16921,RTATKAYNV_HLA-A*02:01,tcr2115,1
vdjdb_full_16921_ss_3_n0,RTATKAYNV_HLA-A*02:01,tcr4259,0
vdjdb_full_16922,RTATKAYNV_HLA-A*02:01,tcr13623,1
vdjdb_full_16922_ss_3_n0,RTATKAYNV_HLA-A*02:01,tcr13706,0
vdjdb_full_16923,RTATKAYNV_HLA-A*02:01,tcr5827,1
vdjdb_full_16923_ss_3_n0,RTATKAYNV_HLA-A*02:01,tcr15539,0
vdjdb_full_16924,RTATKAYNV_HLA-A*02:01,tcr2560,1
vdjdb_full_16924_ss_3_n0,RTATKAYNV_HLA-A*02:01,tcr16140,0
vdjdb_full_16925,RTATKAYNV_HLA-A*02:01,tcr2539,1
vdjdb_full_16925_ss_3_n0,RTATKAYNV_HLA-A*02:01,tcr6256,0
vdjdb_full_16926,RTATKAYNV_HLA-A*02:01,tcr10732,1
vdjdb_full_16926_ss_3_n0,RTATKAYNV_HLA-A*02:01,tcr8960,0
vdjdb_full_16927,RTATKAYNV_HLA-A*02:01,tcr18344,1
vdjdb_full_16927_ss_3_n0,RTATKAYNV_HLA-A*02:01,tcr4349,0
vdjdb_full_16928,RTATKAYNV_HLA-A*02:01,tcr2730,1
vdjdb_full_16928_ss_3_n0,RTATKAYNV_HLA-A*02:01,tcr2114,0
vdjdb_full_16929,RTATKAYNV_HLA-A*02:01,tcr9413,1
vdjdb_full_16929_ss_3_n0,RTATKAYNV_HLA-A*02:01,tcr8380,0
vdjdb_full_16930,RTATKAYNV_HLA-A*02:01,tcr11771,1
vdjdb_full_16930_ss_3_n0,RTATKAYNV_HLA-A*02:01,tcr6231,0
vdjdb_full_16931,RTATKAYNV_HLA-A*02:01,tcr9700,1
vdjdb_full_16931_ss_3_n0,RTATKAYNV_HLA-A*02:01,tcr3155,0
vdjdb_full_16932,RTATKAYNV_HLA-A*02:01,tcr9620,1
vdjdb_full_16932_ss_3_n0,RTATKAYNV_HLA-A*02:01,tcr4088,0
vdjdb_full_16933,RTATKAYNV_HLA-A*02:01,tcr9097,1
vdjdb_full_16933_ss_3_n0,RTATKAYNV_HLA-A*02:01,tcr18156,0
vdjdb_full_16934,RTATKAYNV_HLA-A*02:01,tcr11629,1
vdjdb_full_16934_ss_3_n0,RTATKAYNV_HLA-A*02:01,tcr2135,0
vdjdb_full_16935,RTATKAYNV_HLA-A*02:01,tcr154,1
vdjdb_full_16935_ss_3_n0,RTATKAYNV_HLA-A*02:01,tcr364,0
vdjdb_full_16936,RTATKAYNV_HLA-A*02:01,tcr8529,1
vdjdb_full_16936_ss_3_n0,RTATKAYNV_HLA-A*02:01,tcr391,0
vdjdb_full_16937,RTATKAYNV_HLA-A*02:01,tcr16363,1
vdjdb_full_16937_ss_3_n0,RTATKAYNV_HLA-A*02:01,tcr7061,0
vdjdb_full_16938,RTATKAYNV_HLA-A*02:01,tcr7721,1
vdjdb_full_16938_ss_3_n0,RTATKAYNV_HLA-A*02:01,tcr16507,0
vdjdb_full_16939,RTATKAYNV_HLA-A*02:01,tcr10117,1
vdjdb_full_16939_ss_3_n0,RTATKAYNV_HLA-A*02:01,tcr3238,0
vdjdb_full_16940,RTATKAYNV_HLA-A*02:01,tcr12486,1
vdjdb_full_16940_ss_3_n0,RTATKAYNV_HLA-A*02:01,tcr11191,0
vdjdb_full_16941,RTATKAYNV_HLA-A*02:01,tcr2602,1
vdjdb_full_16941_ss_3_n0,RTATKAYNV_HLA-A*02:01,tcr14032,0
vdjdb_full_16942,RTATKAYNV_HLA-A*02:01,tcr16336,1
vdjdb_full_16942_ss_3_n0,RTATKAYNV_HLA-A*02:01,tcr8597,0
vdjdb_full_16943,RTATKAYNV_HLA-A*02:01,tcr3814,1
vdjdb_full_16943_ss_3_n0,RTATKAYNV_HLA-A*02:01,tcr5106,0
vdjdb_full_16944,RTATKAYNV_HLA-A*02:01,tcr8963,1
vdjdb_full_16944_ss_3_n0,RTATKAYNV_HLA-A*02:01,tcr10128,0
vdjdb_full_16945,RTATKAYNV_HLA-A*02:01,tcr4069,1
vdjdb_full_16945_ss_3_n0,RTATKAYNV_HLA-A*02:01,tcr7297,0
vdjdb_full_16946,RTATKAYNV_HLA-A*02:01,tcr18385,1
vdjdb_full_16946_ss_3_n0,RTATKAYNV_HLA-A*02:01,tcr8716,0
vdjdb_full_13511,LLFGYPVYV_HLA-A*02:01,tcr16597,1
vdjdb_full_13511_ss_3_n0,LLFGYPVYV_HLA-A*02:01,tcr6642,0
vdjdb_full_13512,LLFGYPVYV_HLA-A*02:01,tcr13544,1
vdjdb_full_13512_ss_3_n0,LLFGYPVYV_HLA-A*02:01,tcr17256,0
vdjdb_full_13513,LLFGYPVYV_HLA-A*02:01,tcr951,1
vdjdb_full_13513_ss_3_n0,LLFGYPVYV_HLA-A*02:01,tcr16133,0
vdjdb_full_13514,LLFGYPVYV_HLA-A*02:01,tcr2425,1
vdjdb_full_13514_ss_3_n0,LLFGYPVYV_HLA-A*02:01,tcr15312,0
vdjdb_full_13515,LLFGYPVYV_HLA-A*02:01,tcr17492,1
vdjdb_full_13515_ss_3_n0,LLFGYPVYV_HLA-A*02:01,tcr16038,0
vdjdb_full_13516,LLFGYPVYV_HLA-A*02:01,tcr10865,1
vdjdb_full_13516_ss_3_n0,LLFGYPVYV_HLA-A*02:01,tcr6860,0
vdjdb_full_13517,LLFGYPVYV_HLA-A*02:01,tcr4795,1
vdjdb_full_13517_ss_3_n0,LLFGYPVYV_HLA-A*02:01,tcr922,0
vdjdb_full_13518,LLFGYPVYV_HLA-A*02:01,tcr5170,1
vdjdb_full_13518_ss_3_n0,LLFGYPVYV_HLA-A*02:01,tcr453,0
vdjdb_full_13519,LLFGYPVYV_HLA-A*02:01,tcr11285,1
vdjdb_full_13519_ss_3_n0,LLFGYPVYV_HLA-A*02:01,tcr15747,0
vdjdb_full_13520,LLFGYPVYV_HLA-A*02:01,tcr13244,1
vdjdb_full_13520_ss_3_n0,LLFGYPVYV_HLA-A*02:01,tcr2442,0
vdjdb_full_13521,LLFGYPVYV_HLA-A*02:01,tcr4316,1
vdjdb_full_13521_ss_3_n0,LLFGYPVYV_HLA-A*02:01,tcr14412,0
vdjdb_full_13522,LLFGYPVYV_HLA-A*02:01,tcr16813,1
vdjdb_full_13522_ss_3_n0,LLFGYPVYV_HLA-A*02:01,tcr16798,0
vdjdb_full_13523,LLFGYPVYV_HLA-A*02:01,tcr16845,1
vdjdb_full_13523_ss_3_n0,LLFGYPVYV_HLA-A*02:01,tcr10798,0
vdjdb_full_13524,LLFGYPVYV_HLA-A*02:01,tcr10251,1
vdjdb_full_13524_ss_3_n0,LLFGYPVYV_HLA-A*02:01,tcr2835,0
vdjdb_full_13525,LLFGYPVYV_HLA-A*02:01,tcr232,1
vdjdb_full_13525_ss_3_n0,LLFGYPVYV_HLA-A*02:01,tcr7107,0
vdjdb_full_13526,LLFGYPVYV_HLA-A*02:01,tcr1751,1
vdjdb_full_13526_ss_3_n0,LLFGYPVYV_HLA-A*02:01,tcr14069,0
vdjdb_full_13527,LLFGYPVYV_HLA-A*02:01,tcr14311,1
vdjdb_full_13527_ss_3_n0,LLFGYPVYV_HLA-A*02:01,tcr7449,0
vdjdb_full_13528,LLFGYPVYV_HLA-A*02:01,tcr12497,1
vdjdb_full_13528_ss_3_n0,LLFGYPVYV_HLA-A*02:01,tcr8617,0
vdjdb_full_13529,LLFGYPVYV_HLA-A*02:01,tcr9256,1
vdjdb_full_13529_ss_3_n0,LLFGYPVYV_HLA-A*02:01,tcr11567,0
vdjdb_full_13530,LLFGYPVYV_HLA-A*02:01,tcr17902,1
vdjdb_full_13530_ss_3_n0,LLFGYPVYV_HLA-A*02:01,tcr597,0
vdjdb_full_13531,LLFGYPVYV_HLA-A*02:01,tcr9560,1
vdjdb_full_13531_ss_3_n0,LLFGYPVYV_HLA-A*02:01,tcr1385,0
vdjdb_full_13532,LLFGYPVYV_HLA-A*02:01,tcr8893,1
vdjdb_full_13532_ss_3_n0,LLFGYPVYV_HLA-A*02:01,tcr3269,0
vdjdb_full_13533,LLFGYPVYV_HLA-A*02:01,tcr7389,1
vdjdb_full_13533_ss_3_n0,LLFGYPVYV_HLA-A*02:01,tcr3165,0
vdjdb_full_13534,LLFGYPVYV_HLA-A*02:01,tcr7254,1
vdjdb_full_13534_ss_3_n0,LLFGYPVYV_HLA-A*02:01,tcr8426,0
vdjdb_full_13535,LLFGYPVYV_HLA-A*02:01,tcr5656,1
vdjdb_full_13535_ss_3_n0,LLFGYPVYV_HLA-A*02:01,tcr6102,0
vdjdb_full_13536,LLFGYPVYV_HLA-A*02:01,tcr5820,1
vdjdb_full_13536_ss_3_n0,LLFGYPVYV_HLA-A*02:01,tcr2695,0
vdjdb_full_13537,LLFGYPVYV_HLA-A*02:01,tcr9998,1
vdjdb_full_13537_ss_3_n0,LLFGYPVYV_HLA-A*02:01,tcr8815,0
vdjdb_full_13538,LLFGYPVYV_HLA-A*02:01,tcr10192,1
vdjdb_full_13538_ss_3_n0,LLFGYPVYV_HLA-A*02:01,tcr7203,0
vdjdb_full_13539,LLFGYPVYV_HLA-A*02:01,tcr14957,1
vdjdb_full_13539_ss_3_n0,LLFGYPVYV_HLA-A*02:01,tcr1001,0
vdjdb_full_13540,LLFGYPVYV_HLA-A*02:01,tcr11367,1
vdjdb_full_13540_ss_3_n0,LLFGYPVYV_HLA-A*02:01,tcr14467,0
vdjdb_full_13541,LLFGYPVYV_HLA-A*02:01,tcr11250,1
vdjdb_full_13541_ss_3_n0,LLFGYPVYV_HLA-A*02:01,tcr16843,0
vdjdb_full_13542,LLFGYPVYV_HLA-A*02:01,tcr14379,1
vdjdb_full_13542_ss_3_n0,LLFGYPVYV_HLA-A*02:01,tcr18151,0
vdjdb_full_13543,LLFGYPVYV_HLA-A*02:01,tcr5052,1
vdjdb_full_13543_ss_3_n0,LLFGYPVYV_HLA-A*02:01,tcr7671,0
vdjdb_full_13544,LLFGYPVYV_HLA-A*02:01,tcr6593,1
vdjdb_full_13544_ss_3_n0,LLFGYPVYV_HLA-A*02:01,tcr12730,0
vdjdb_full_13545,LLFGYPVYV_HLA-A*02:01,tcr9277,1
vdjdb_full_13545_ss_3_n0,LLFGYPVYV_HLA-A*02:01,tcr6079,0
vdjdb_full_13546,LLFGYPVYV_HLA-A*02:01,tcr728,1
vdjdb_full_13546_ss_3_n0,LLFGYPVYV_HLA-A*02:01,tcr15724,0
vdjdb_full_13547,LLFGYPVYV_HLA-A*02:01,tcr15904,1
vdjdb_full_13547_ss_3_n0,LLFGYPVYV_HLA-A*02:01,tcr17472,0
vdjdb_full_13548,LLFGYPVYV_HLA-A*02:01,tcr18174,1
vdjdb_full_13548_ss_3_n0,LLFGYPVYV_HLA-A*02:01,tcr16324,0
vdjdb_full_13549,LLFGYPVYV_HLA-A*02:01,tcr1927,1
vdjdb_full_13549_ss_3_n0,LLFGYPVYV_HLA-A*02:01,tcr13451,0
vdjdb_full_13550,LLFGYPVYV_HLA-A*02:01,tcr14278,1
vdjdb_full_13550_ss_3_n0,LLFGYPVYV_HLA-A*02:01,tcr11781,0
vdjdb_full_13551,LLFGYPVYV_HLA-A*02:01,tcr11268,1
vdjdb_full_13551_ss_3_n0,LLFGYPVYV_HLA-A*02:01,tcr15475,0
vdjdb_full_13552,LLFGYPVYV_HLA-A*02:01,tcr13563,1
vdjdb_full_13552_ss_3_n0,LLFGYPVYV_HLA-A*02:01,tcr6449,0
vdjdb_full_13553,LLFGYPVYV_HLA-A*02:01,tcr2349,1
vdjdb_full_13553_ss_3_n0,LLFGYPVYV_HLA-A*02:01,tcr4680,0
vdjdb_full_13554,LLFGYPVYV_HLA-A*02:01,tcr4671,1
vdjdb_full_13554_ss_3_n0,LLFGYPVYV_HLA-A*02:01,tcr5204,0
vdjdb_full_13555,LLFGYPVYV_HLA-A*02:01,tcr15472,1
vdjdb_full_13555_ss_3_n0,LLFGYPVYV_HLA-A*02:01,tcr998,0
vdjdb_full_16717,YLLEMLWRL_HLA-A*02:01,tcr5545,1
vdjdb_full_16717_ss_3_n0,YLLEMLWRL_HLA-A*02:01,tcr14974,0
vdjdb_full_16718,YLLEMLWRL_HLA-A*02:01,tcr16502,1
vdjdb_full_16718_ss_3_n0,YLLEMLWRL_HLA-A*02:01,tcr2379,0
vdjdb_full_16719,YLLEMLWRL_HLA-A*02:01,tcr1082,1
vdjdb_full_16719_ss_3_n0,YLLEMLWRL_HLA-A*02:01,tcr17906,0
vdjdb_full_16720,YLLEMLWRL_HLA-A*02:01,tcr17111,1
vdjdb_full_16720_ss_3_n0,YLLEMLWRL_HLA-A*02:01,tcr6963,0
vdjdb_full_16721,YLLEMLWRL_HLA-A*02:01,tcr12339,1
vdjdb_full_16721_ss_3_n0,YLLEMLWRL_HLA-A*02:01,tcr18174,0
vdjdb_full_16722,YLLEMLWRL_HLA-A*02:01,tcr11675,1
vdjdb_full_16722_ss_3_n0,YLLEMLWRL_HLA-A*02:01,tcr12332,0
vdjdb_full_16723,YLLEMLWRL_HLA-A*02:01,tcr14620,1
vdjdb_full_16723_ss_3_n0,YLLEMLWRL_HLA-A*02:01,tcr439,0
vdjdb_full_16724,YLLEMLWRL_HLA-A*02:01,tcr17058,1
vdjdb_full_16724_ss_3_n0,YLLEMLWRL_HLA-A*02:01,tcr9389,0
vdjdb_full_16725,YLLEMLWRL_HLA-A*02:01,tcr4465,1
vdjdb_full_16725_ss_3_n0,YLLEMLWRL_HLA-A*02:01,tcr9185,0
vdjdb_full_16726,YLLEMLWRL_HLA-A*02:01,tcr961,1
vdjdb_full_16726_ss_3_n0,YLLEMLWRL_HLA-A*02:01,tcr18395,0
vdjdb_full_16727,YLLEMLWRL_HLA-A*02:01,tcr5239,1
vdjdb_full_16727_ss_3_n0,YLLEMLWRL_HLA-A*02:01,tcr14434,0
vdjdb_full_16728,YLLEMLWRL_HLA-A*02:01,tcr369,1
vdjdb_full_16728_ss_3_n0,YLLEMLWRL_HLA-A*02:01,tcr2996,0
vdjdb_full_16729,YLLEMLWRL_HLA-A*02:01,tcr4108,1
vdjdb_full_16729_ss_3_n0,YLLEMLWRL_HLA-A*02:01,tcr15084,0
vdjdb_full_16730,YLLEMLWRL_HLA-A*02:01,tcr17322,1
vdjdb_full_16730_ss_3_n0,YLLEMLWRL_HLA-A*02:01,tcr7903,0
vdjdb_full_16731,YLLEMLWRL_HLA-A*02:01,tcr13866,1
vdjdb_full_16731_ss_3_n0,YLLEMLWRL_HLA-A*02:01,tcr17760,0
vdjdb_full_16732,YLLEMLWRL_HLA-A*02:01,tcr11865,1
vdjdb_full_16732_ss_3_n0,YLLEMLWRL_HLA-A*02:01,tcr9307,0
vdjdb_full_16733,YLLEMLWRL_HLA-A*02:01,tcr3956,1
vdjdb_full_16733_ss_3_n0,YLLEMLWRL_HLA-A*02:01,tcr3975,0
vdjdb_full_16734,YLLEMLWRL_HLA-A*02:01,tcr6201,1
vdjdb_full_16734_ss_3_n0,YLLEMLWRL_HLA-A*02:01,tcr14149,0
vdjdb_full_16735,YLLEMLWRL_HLA-A*02:01,tcr6407,1
vdjdb_full_16735_ss_3_n0,YLLEMLWRL_HLA-A*02:01,tcr10051,0
vdjdb_full_16736,YLLEMLWRL_HLA-A*02:01,tcr1736,1
vdjdb_full_16736_ss_3_n0,YLLEMLWRL_HLA-A*02:01,tcr7958,0
vdjdb_full_16737,YLLEMLWRL_HLA-A*02:01,tcr7885,1
vdjdb_full_16737_ss_3_n0,YLLEMLWRL_HLA-A*02:01,tcr13029,0
vdjdb_full_16738,YLLEMLWRL_HLA-A*02:01,tcr6501,1
vdjdb_full_16738_ss_3_n0,YLLEMLWRL_HLA-A*02:01,tcr17555,0
vdjdb_full_16739,YLLEMLWRL_HLA-A*02:01,tcr2671,1
vdjdb_full_16739_ss_3_n0,YLLEMLWRL_HLA-A*02:01,tcr4106,0
vdjdb_full_16740,YLLEMLWRL_HLA-A*02:01,tcr17359,1
vdjdb_full_16740_ss_3_n0,YLLEMLWRL_HLA-A*02:01,tcr9002,0
vdjdb_full_16741,YLLEMLWRL_HLA-A*02:01,tcr13900,1
vdjdb_full_16741_ss_3_n0,YLLEMLWRL_HLA-A*02:01,tcr5513,0
vdjdb_full_16742,YLLEMLWRL_HLA-A*02:01,tcr839,1
vdjdb_full_16742_ss_3_n0,YLLEMLWRL_HLA-A*02:01,tcr8760,0
vdjdb_full_16743,YLLEMLWRL_HLA-A*02:01,tcr6790,1
vdjdb_full_16743_ss_3_n0,YLLEMLWRL_HLA-A*02:01,tcr5053,0
vdjdb_full_16744,YLLEMLWRL_HLA-A*02:01,tcr9275,1
vdjdb_full_16744_ss_3_n0,YLLEMLWRL_HLA-A*02:01,tcr14878,0
vdjdb_full_16745,YLLEMLWRL_HLA-A*02:01,tcr16024,1
vdjdb_full_16745_ss_3_n0,YLLEMLWRL_HLA-A*02:01,tcr11916,0
vdjdb_full_16746,YLLEMLWRL_HLA-A*02:01,tcr16752,1
vdjdb_full_16746_ss_3_n0,YLLEMLWRL_HLA-A*02:01,tcr16247,0
vdjdb_full_16747,YLLEMLWRL_HLA-A*02:01,tcr7840,1
vdjdb_full_16747_ss_3_n0,YLLEMLWRL_HLA-A*02:01,tcr13471,0
vdjdb_full_16748,YLLEMLWRL_HLA-A*02:01,tcr10454,1
vdjdb_full_16748_ss_3_n0,YLLEMLWRL_HLA-A*02:01,tcr8005,0
vdjdb_full_16749,YLLEMLWRL_HLA-A*02:01,tcr7594,1
vdjdb_full_16749_ss_3_n0,YLLEMLWRL_HLA-A*02:01,tcr7400,0
vdjdb_full_16750,YLLEMLWRL_HLA-A*02:01,tcr10291,1
vdjdb_full_16750_ss_3_n0,YLLEMLWRL_HLA-A*02:01,tcr13962,0
vdjdb_full_16751,YLLEMLWRL_HLA-A*02:01,tcr3019,1
vdjdb_full_16751_ss_3_n0,YLLEMLWRL_HLA-A*02:01,tcr15219,0
vdjdb_full_16752,YLLEMLWRL_HLA-A*02:01,tcr8145,1
vdjdb_full_16752_ss_3_n0,YLLEMLWRL_HLA-A*02:01,tcr6311,0
vdjdb_full_16753,YLLEMLWRL_HLA-A*02:01,tcr12159,1
vdjdb_full_16753_ss_3_n0,YLLEMLWRL_HLA-A*02:01,tcr13825,0
vdjdb_full_16754,YLLEMLWRL_HLA-A*02:01,tcr13343,1
vdjdb_full_16754_ss_3_n0,YLLEMLWRL_HLA-A*02:01,tcr1046,0
vdjdb_full_16755,YLLEMLWRL_HLA-A*02:01,tcr4885,1
vdjdb_full_16755_ss_3_n0,YLLEMLWRL_HLA-A*02:01,tcr9735,0
vdjdb_full_16756,YLLEMLWRL_HLA-A*02:01,tcr10333,1
vdjdb_full_16756_ss_3_n0,YLLEMLWRL_HLA-A*02:01,tcr6309,0
vdjdb_full_16757,YLLEMLWRL_HLA-A*02:01,tcr11842,1
vdjdb_full_16757_ss_3_n0,YLLEMLWRL_HLA-A*02:01,tcr3975,0
vdjdb_full_16758,YLLEMLWRL_HLA-A*02:01,tcr14393,1
vdjdb_full_16758_ss_3_n0,YLLEMLWRL_HLA-A*02:01,tcr14232,0
vdjdb_full_16759,YLLEMLWRL_HLA-A*02:01,tcr4352,1
vdjdb_full_16759_ss_3_n0,YLLEMLWRL_HLA-A*02:01,tcr9221,0
vdjdb_full_16760,YLLEMLWRL_HLA-A*02:01,tcr2510,1
vdjdb_full_16760_ss_3_n0,YLLEMLWRL_HLA-A*02:01,tcr3494,0
vdjdb_full_16761,YLLEMLWRL_HLA-A*02:01,tcr12005,1
vdjdb_full_16761_ss_3_n0,YLLEMLWRL_HLA-A*02:01,tcr8237,0
vdjdb_full_15755,RTLNAWVKV_HLA-A*02:01,tcr16908,1
vdjdb_full_15755_ss_3_n0,RTLNAWVKV_HLA-A*02:01,tcr1816,0
vdjdb_full_15756,RTLNAWVKV_HLA-A*02:01,tcr737,1
vdjdb_full_15756_ss_3_n0,RTLNAWVKV_HLA-A*02:01,tcr6817,0
vdjdb_full_15757,RTLNAWVKV_HLA-A*02:01,tcr12422,1
vdjdb_full_15757_ss_3_n0,RTLNAWVKV_HLA-A*02:01,tcr15137,0
vdjdb_full_15759,RTLNAWVKV_HLA-A*02:01,tcr5538,1
vdjdb_full_15759_ss_3_n0,RTLNAWVKV_HLA-A*02:01,tcr5160,0
vdjdb_full_15760,RTLNAWVKV_HLA-A*02:01,tcr6357,1
vdjdb_full_15760_ss_3_n0,RTLNAWVKV_HLA-A*02:01,tcr3680,0
vdjdb_full_15761,RTLNAWVKV_HLA-A*02:01,tcr18151,1
vdjdb_full_15761_ss_3_n0,RTLNAWVKV_HLA-A*02:01,tcr5170,0
vdjdb_full_15762,RTLNAWVKV_HLA-A*02:01,tcr3804,1
vdjdb_full_15762_ss_3_n0,RTLNAWVKV_HLA-A*02:01,tcr12429,0
vdjdb_full_15763,RTLNAWVKV_HLA-A*02:01,tcr2709,1
vdjdb_full_15763_ss_3_n0,RTLNAWVKV_HLA-A*02:01,tcr5314,0
vdjdb_full_15764,RTLNAWVKV_HLA-A*02:01,tcr14203,1
vdjdb_full_15764_ss_3_n0,RTLNAWVKV_HLA-A*02:01,tcr5186,0
vdjdb_full_15765,RTLNAWVKV_HLA-A*02:01,tcr5064,1
vdjdb_full_15765_ss_3_n0,RTLNAWVKV_HLA-A*02:01,tcr9744,0
vdjdb_full_15766,RTLNAWVKV_HLA-A*02:01,tcr5635,1
vdjdb_full_15766_ss_3_n0,RTLNAWVKV_HLA-A*02:01,tcr11326,0
vdjdb_full_15767,RTLNAWVKV_HLA-A*02:01,tcr16104,1
vdjdb_full_15767_ss_3_n0,RTLNAWVKV_HLA-A*02:01,tcr6238,0
vdjdb_full_15768,RTLNAWVKV_HLA-A*02:01,tcr6763,1
vdjdb_full_15768_ss_3_n0,RTLNAWVKV_HLA-A*02:01,tcr2405,0
vdjdb_full_15769,RTLNAWVKV_HLA-A*02:01,tcr9055,1
vdjdb_full_15769_ss_3_n0,RTLNAWVKV_HLA-A*02:01,tcr5068,0
vdjdb_full_15770,RTLNAWVKV_HLA-A*02:01,tcr11109,1
vdjdb_full_15770_ss_3_n0,RTLNAWVKV_HLA-A*02:01,tcr15548,0
vdjdb_full_15772,RTLNAWVKV_HLA-A*02:01,tcr15580,1
vdjdb_full_15772_ss_3_n0,RTLNAWVKV_HLA-A*02:01,tcr17586,0
vdjdb_full_15773,RTLNAWVKV_HLA-A*02:01,tcr13272,1
vdjdb_full_15773_ss_3_n0,RTLNAWVKV_HLA-A*02:01,tcr15158,0
vdjdb_full_15774,RTLNAWVKV_HLA-A*02:01,tcr12115,1
vdjdb_full_15774_ss_3_n0,RTLNAWVKV_HLA-A*02:01,tcr6531,0
vdjdb_full_15775,RTLNAWVKV_HLA-A*02:01,tcr1294,1
vdjdb_full_15775_ss_3_n0,RTLNAWVKV_HLA-A*02:01,tcr12962,0
vdjdb_full_15776,RTLNAWVKV_HLA-A*02:01,tcr6455,1
vdjdb_full_15776_ss_3_n0,RTLNAWVKV_HLA-A*02:01,tcr7261,0
vdjdb_full_15777,RTLNAWVKV_HLA-A*02:01,tcr3273,1
vdjdb_full_15777_ss_3_n0,RTLNAWVKV_HLA-A*02:01,tcr10264,0
vdjdb_full_15778,RTLNAWVKV_HLA-A*02:01,tcr8005,1
vdjdb_full_15778_ss_3_n0,RTLNAWVKV_HLA-A*02:01,tcr16899,0
vdjdb_full_15779,RTLNAWVKV_HLA-A*02:01,tcr1667,1
vdjdb_full_15779_ss_3_n0,RTLNAWVKV_HLA-A*02:01,tcr8880,0
vdjdb_full_15780,RTLNAWVKV_HLA-A*02:01,tcr7360,1
vdjdb_full_15780_ss_3_n0,RTLNAWVKV_HLA-A*02:01,tcr12099,0
vdjdb_full_15781,RTLNAWVKV_HLA-A*02:01,tcr985,1
vdjdb_full_15781_ss_3_n0,RTLNAWVKV_HLA-A*02:01,tcr11306,0
vdjdb_full_15782,RTLNAWVKV_HLA-A*02:01,tcr18074,1
vdjdb_full_15782_ss_3_n0,RTLNAWVKV_HLA-A*02:01,tcr12392,0
vdjdb_full_15783,RTLNAWVKV_HLA-A*02:01,tcr6183,1
vdjdb_full_15783_ss_3_n0,RTLNAWVKV_HLA-A*02:01,tcr696,0
vdjdb_full_15784,RTLNAWVKV_HLA-A*02:01,tcr330,1
vdjdb_full_15784_ss_3_n0,RTLNAWVKV_HLA-A*02:01,tcr3081,0
vdjdb_full_15785,RTLNAWVKV_HLA-A*02:01,tcr5125,1
vdjdb_full_15785_ss_3_n0,RTLNAWVKV_HLA-A*02:01,tcr14330,0
vdjdb_full_15786,RTLNAWVKV_HLA-A*02:01,tcr1090,1
vdjdb_full_15786_ss_3_n0,RTLNAWVKV_HLA-A*02:01,tcr11553,0
vdjdb_full_15787,RTLNAWVKV_HLA-A*02:01,tcr2011,1
vdjdb_full_15787_ss_3_n0,RTLNAWVKV_HLA-A*02:01,tcr16798,0
vdjdb_full_15788,RTLNAWVKV_HLA-A*02:01,tcr5975,1
vdjdb_full_15788_ss_3_n0,RTLNAWVKV_HLA-A*02:01,tcr2135,0
vdjdb_full_15789,RTLNAWVKV_HLA-A*02:01,tcr17306,1
vdjdb_full_15789_ss_3_n0,RTLNAWVKV_HLA-A*02:01,tcr16530,0
vdjdb_full_15791,RTLNAWVKV_HLA-A*02:01,tcr14837,1
vdjdb_full_15791_ss_3_n0,RTLNAWVKV_HLA-A*02:01,tcr6900,0
vdjdb_full_15792,RTLNAWVKV_HLA-A*02:01,tcr14431,1
vdjdb_full_15792_ss_3_n0,RTLNAWVKV_HLA-A*02:01,tcr12284,0
vdjdb_full_15793,RTLNAWVKV_HLA-A*02:01,tcr17590,1
vdjdb_full_15793_ss_3_n0,RTLNAWVKV_HLA-A*02:01,tcr2433,0
vdjdb_full_15794,RTLNAWVKV_HLA-A*02:01,tcr8665,1
vdjdb_full_15794_ss_3_n0,RTLNAWVKV_HLA-A*02:01,tcr16269,0
vdjdb_full_15795,RTLNAWVKV_HLA-A*02:01,tcr12660,1
vdjdb_full_15795_ss_3_n0,RTLNAWVKV_HLA-A*02:01,tcr11911,0
vdjdb_full_15796,RTLNAWVKV_HLA-A*02:01,tcr8426,1
vdjdb_full_15796_ss_3_n0,RTLNAWVKV_HLA-A*02:01,tcr13020,0
vdjdb_full_15797,RTLNAWVKV_HLA-A*02:01,tcr18292,1
vdjdb_full_15797_ss_3_n0,RTLNAWVKV_HLA-A*02:01,tcr5596,0
vdjdb_full_15798,RTLNAWVKV_HLA-A*02:01,tcr16476,1
vdjdb_full_15798_ss_3_n0,RTLNAWVKV_HLA-A*02:01,tcr7027,0
vdjdb_full_15799,RTLNAWVKV_HLA-A*02:01,tcr13319,1
vdjdb_full_15799_ss_3_n0,RTLNAWVKV_HLA-A*02:01,tcr5506,0
vdjdb_full_15800,RTLNAWVKV_HLA-A*02:01,tcr7493,1
vdjdb_full_15800_ss_3_n0,RTLNAWVKV_HLA-A*02:01,tcr5498,0
vdjdb_full_16353,PTDNYITTY_HLA-A*01:01,tcr4519,1
vdjdb_full_16353_ss_3_n0,PTDNYITTY_HLA-A*01:01,tcr15530,0
vdjdb_full_16354,PTDNYITTY_HLA-A*01:01,tcr9245,1
vdjdb_full_16354_ss_3_n0,PTDNYITTY_HLA-A*01:01,tcr7905,0
vdjdb_full_16355,PTDNYITTY_HLA-A*01:01,tcr14740,1
vdjdb_full_16355_ss_3_n0,PTDNYITTY_HLA-A*01:01,tcr14944,0
vdjdb_full_16356,PTDNYITTY_HLA-A*01:01,tcr3809,1
vdjdb_full_16356_ss_3_n0,PTDNYITTY_HLA-A*01:01,tcr4004,0
vdjdb_full_16357,PTDNYITTY_HLA-A*01:01,tcr18361,1
vdjdb_full_16357_ss_3_n0,PTDNYITTY_HLA-A*01:01,tcr7885,0
vdjdb_full_16358,PTDNYITTY_HLA-A*01:01,tcr3468,1
vdjdb_full_16358_ss_3_n0,PTDNYITTY_HLA-A*01:01,tcr4667,0
vdjdb_full_16359,PTDNYITTY_HLA-A*01:01,tcr11918,1
vdjdb_full_16359_ss_3_n0,PTDNYITTY_HLA-A*01:01,tcr3685,0
vdjdb_full_16360,PTDNYITTY_HLA-A*01:01,tcr12601,1
vdjdb_full_16360_ss_3_n0,PTDNYITTY_HLA-A*01:01,tcr1723,0
vdjdb_full_16361,PTDNYITTY_HLA-A*01:01,tcr14948,1
vdjdb_full_16361_ss_3_n0,PTDNYITTY_HLA-A*01:01,tcr7645,0
vdjdb_full_16362,PTDNYITTY_HLA-A*01:01,tcr12710,1
vdjdb_full_16362_ss_3_n0,PTDNYITTY_HLA-A*01:01,tcr10907,0
vdjdb_full_16363,PTDNYITTY_HLA-A*01:01,tcr14866,1
vdjdb_full_16363_ss_3_n0,PTDNYITTY_HLA-A*01:01,tcr5413,0
vdjdb_full_16364,PTDNYITTY_HLA-A*01:01,tcr3256,1
vdjdb_full_16364_ss_3_n0,PTDNYITTY_HLA-A*01:01,tcr12823,0
vdjdb_full_16365,PTDNYITTY_HLA-A*01:01,tcr15948,1
vdjdb_full_16365_ss_3_n0,PTDNYITTY_HLA-A*01:01,tcr3214,0
vdjdb_full_16366,PTDNYITTY_HLA-A*01:01,tcr2901,1
vdjdb_full_16366_ss_3_n0,PTDNYITTY_HLA-A*01:01,tcr16815,0
vdjdb_full_16367,PTDNYITTY_HLA-A*01:01,tcr15369,1
vdjdb_full_16367_ss_3_n0,PTDNYITTY_HLA-A*01:01,tcr656,0
vdjdb_full_16368,PTDNYITTY_HLA-A*01:01,tcr2607,1
vdjdb_full_16368_ss_3_n0,PTDNYITTY_HLA-A*01:01,tcr5056,0
vdjdb_full_16369,PTDNYITTY_HLA-A*01:01,tcr10242,1
vdjdb_full_16369_ss_3_n0,PTDNYITTY_HLA-A*01:01,tcr6382,0
vdjdb_full_16370,PTDNYITTY_HLA-A*01:01,tcr13447,1
vdjdb_full_16370_ss_3_n0,PTDNYITTY_HLA-A*01:01,tcr14232,0
vdjdb_full_16371,PTDNYITTY_HLA-A*01:01,tcr6742,1
vdjdb_full_16371_ss_3_n0,PTDNYITTY_HLA-A*01:01,tcr18417,0
vdjdb_full_16372,PTDNYITTY_HLA-A*01:01,tcr11286,1
vdjdb_full_16372_ss_3_n0,PTDNYITTY_HLA-A*01:01,tcr351,0
vdjdb_full_16373,PTDNYITTY_HLA-A*01:01,tcr5143,1
vdjdb_full_16373_ss_3_n0,PTDNYITTY_HLA-A*01:01,tcr16324,0
vdjdb_full_16374,PTDNYITTY_HLA-A*01:01,tcr9074,1
vdjdb_full_16374_ss_3_n0,PTDNYITTY_HLA-A*01:01,tcr2679,0
vdjdb_full_16375,PTDNYITTY_HLA-A*01:01,tcr11973,1
vdjdb_full_16375_ss_3_n0,PTDNYITTY_HLA-A*01:01,tcr10914,0
vdjdb_full_16376,PTDNYITTY_HLA-A*01:01,tcr8980,1
vdjdb_full_16376_ss_3_n0,PTDNYITTY_HLA-A*01:01,tcr5070,0
vdjdb_full_16377,PTDNYITTY_HLA-A*01:01,tcr131,1
vdjdb_full_16377_ss_3_n0,PTDNYITTY_HLA-A*01:01,tcr443,0
vdjdb_full_16378,PTDNYITTY_HLA-A*01:01,tcr2947,1
vdjdb_full_16378_ss_3_n0,PTDNYITTY_HLA-A*01:01,tcr160,0
vdjdb_full_16379,PTDNYITTY_HLA-A*01:01,tcr7222,1
vdjdb_full_16379_ss_3_n0,PTDNYITTY_HLA-A*01:01,tcr18320,0
vdjdb_full_16380,PTDNYITTY_HLA-A*01:01,tcr12876,1
vdjdb_full_16380_ss_3_n0,PTDNYITTY_HLA-A*01:01,tcr3352,0
vdjdb_full_16381,PTDNYITTY_HLA-A*01:01,tcr3998,1
vdjdb_full_16381_ss_3_n0,PTDNYITTY_HLA-A*01:01,tcr5560,0
vdjdb_full_16382,PTDNYITTY_HLA-A*01:01,tcr15489,1
vdjdb_full_16382_ss_3_n0,PTDNYITTY_HLA-A*01:01,tcr79,0
vdjdb_full_16383,PTDNYITTY_HLA-A*01:01,tcr17695,1
vdjdb_full_16383_ss_3_n0,PTDNYITTY_HLA-A*01:01,tcr6368,0
vdjdb_full_16384,PTDNYITTY_HLA-A*01:01,tcr12522,1
vdjdb_full_16384_ss_3_n0,PTDNYITTY_HLA-A*01:01,tcr6879,0
vdjdb_full_16385,PTDNYITTY_HLA-A*01:01,tcr6033,1
vdjdb_full_16385_ss_3_n0,PTDNYITTY_HLA-A*01:01,tcr11771,0
vdjdb_full_16386,PTDNYITTY_HLA-A*01:01,tcr16038,1
vdjdb_full_16386_ss_3_n0,PTDNYITTY_HLA-A*01:01,tcr12714,0
vdjdb_full_16387,PTDNYITTY_HLA-A*01:01,tcr14354,1
vdjdb_full_16387_ss_3_n0,PTDNYITTY_HLA-A*01:01,tcr5991,0
vdjdb_full_16388,PTDNYITTY_HLA-A*01:01,tcr9396,1
vdjdb_full_16388_ss_3_n0,PTDNYITTY_HLA-A*01:01,tcr5885,0
vdjdb_full_16389,PTDNYITTY_HLA-A*01:01,tcr17672,1
vdjdb_full_16389_ss_3_n0,PTDNYITTY_HLA-A*01:01,tcr956,0
vdjdb_full_16390,PTDNYITTY_HLA-A*01:01,tcr17824,1
vdjdb_full_16390_ss_3_n0,PTDNYITTY_HLA-A*01:01,tcr10463,0
vdjdb_full_16391,PTDNYITTY_HLA-A*01:01,tcr2979,1
vdjdb_full_16391_ss_3_n0,PTDNYITTY_HLA-A*01:01,tcr3967,0
vdjdb_full_16392,PTDNYITTY_HLA-A*01:01,tcr15820,1
vdjdb_full_16392_ss_3_n0,PTDNYITTY_HLA-A*01:01,tcr18338,0
vdjdb_full_13879,AYAQKIFKI_HLA-A*24:02,tcr17448,1
vdjdb_full_13879_ss_3_n0,AYAQKIFKI_HLA-A*24:02,tcr4032,0
vdjdb_full_13880,AYAQKIFKI_HLA-A*24:02,tcr13638,1
vdjdb_full_13880_ss_3_n0,AYAQKIFKI_HLA-A*24:02,tcr702,0
vdjdb_full_13881,AYAQKIFKI_HLA-A*24:02,tcr18195,1
vdjdb_full_13881_ss_3_n0,AYAQKIFKI_HLA-A*24:02,tcr17750,0
vdjdb_full_13882,AYAQKIFKI_HLA-A*24:02,tcr11686,1
vdjdb_full_13882_ss_3_n0,AYAQKIFKI_HLA-A*24:02,tcr14937,0
vdjdb_full_13883,AYAQKIFKI_HLA-A*24:02,tcr2473,1
vdjdb_full_13883_ss_3_n0,AYAQKIFKI_HLA-A*24:02,tcr16913,0
vdjdb_full_13884,AYAQKIFKI_HLA-A*24:02,tcr18160,1
vdjdb_full_13884_ss_3_n0,AYAQKIFKI_HLA-A*24:02,tcr3494,0
vdjdb_full_13885,AYAQKIFKI_HLA-A*24:02,tcr1386,1
vdjdb_full_13885_ss_3_n0,AYAQKIFKI_HLA-A*24:02,tcr14291,0
vdjdb_full_13886,AYAQKIFKI_HLA-A*24:02,tcr16690,1
vdjdb_full_13886_ss_3_n0,AYAQKIFKI_HLA-A*24:02,tcr9520,0
vdjdb_full_13887,AYAQKIFKI_HLA-A*24:02,tcr14926,1
vdjdb_full_13887_ss_3_n0,AYAQKIFKI_HLA-A*24:02,tcr2147,0
vdjdb_full_13888,AYAQKIFKI_HLA-A*24:02,tcr14050,1
vdjdb_full_13888_ss_3_n0,AYAQKIFKI_HLA-A*24:02,tcr3063,0
vdjdb_full_13889,AYAQKIFKI_HLA-A*24:02,tcr7420,1
vdjdb_full_13889_ss_3_n0,AYAQKIFKI_HLA-A*24:02,tcr17247,0
vdjdb_full_13890,AYAQKIFKI_HLA-A*24:02,tcr5950,1
vdjdb_full_13890_ss_3_n0,AYAQKIFKI_HLA-A*24:02,tcr16098,0
vdjdb_full_13891,AYAQKIFKI_HLA-A*24:02,tcr17726,1
vdjdb_full_13891_ss_3_n0,AYAQKIFKI_HLA-A*24:02,tcr4016,0
vdjdb_full_13892,AYAQKIFKI_HLA-A*24:02,tcr13141,1
vdjdb_full_13892_ss_3_n0,AYAQKIFKI_HLA-A*24:02,tcr6374,0
vdjdb_full_13893,AYAQKIFKI_HLA-A*24:02,tcr4902,1
vdjdb_full_13893_ss_3_n0,AYAQKIFKI_HLA-A*24:02,tcr9261,0
vdjdb_full_13894,AYAQKIFKI_HLA-A*24:02,tcr15485,1
vdjdb_full_13894_ss_3_n0,AYAQKIFKI_HLA-A*24:02,tcr10641,0
vdjdb_full_13895,AYAQKIFKI_HLA-A*24:02,tcr9319,1
vdjdb_full_13895_ss_3_n0,AYAQKIFKI_HLA-A*24:02,tcr5377,0
vdjdb_full_13896,AYAQKIFKI_HLA-A*24:02,tcr10658,1
vdjdb_full_13896_ss_3_n0,AYAQKIFKI_HLA-A*24:02,tcr11548,0
vdjdb_full_13897,AYAQKIFKI_HLA-A*24:02,tcr7973,1
vdjdb_full_13897_ss_3_n0,AYAQKIFKI_HLA-A*24:02,tcr14582,0
vdjdb_full_13898,AYAQKIFKI_HLA-A*24:02,tcr10600,1
vdjdb_full_13898_ss_3_n0,AYAQKIFKI_HLA-A*24:02,tcr257,0
vdjdb_full_13899,AYAQKIFKI_HLA-A*24:02,tcr8341,1
vdjdb_full_13899_ss_3_n0,AYAQKIFKI_HLA-A*24:02,tcr3063,0
vdjdb_full_13900,AYAQKIFKI_HLA-A*24:02,tcr17572,1
vdjdb_full_13900_ss_3_n0,AYAQKIFKI_HLA-A*24:02,tcr13404,0
vdjdb_full_13901,AYAQKIFKI_HLA-A*24:02,tcr18113,1
vdjdb_full_13901_ss_3_n0,AYAQKIFKI_HLA-A*24:02,tcr3341,0
vdjdb_full_13902,AYAQKIFKI_HLA-A*24:02,tcr15356,1
vdjdb_full_13902_ss_3_n0,AYAQKIFKI_HLA-A*24:02,tcr12911,0
vdjdb_full_13903,AYAQKIFKI_HLA-A*24:02,tcr7151,1
vdjdb_full_13903_ss_3_n0,AYAQKIFKI_HLA-A*24:02,tcr2380,0
vdjdb_full_13904,AYAQKIFKI_HLA-A*24:02,tcr12639,1
vdjdb_full_13904_ss_3_n0,AYAQKIFKI_HLA-A*24:02,tcr685,0
vdjdb_full_13905,AYAQKIFKI_HLA-A*24:02,tcr911,1
vdjdb_full_13905_ss_3_n0,AYAQKIFKI_HLA-A*24:02,tcr12793,0
vdjdb_full_13906,AYAQKIFKI_HLA-A*24:02,tcr16444,1
vdjdb_full_13906_ss_3_n0,AYAQKIFKI_HLA-A*24:02,tcr6456,0
vdjdb_full_13907,AYAQKIFKI_HLA-A*24:02,tcr11094,1
vdjdb_full_13907_ss_3_n0,AYAQKIFKI_HLA-A*24:02,tcr10961,0
vdjdb_full_13908,AYAQKIFKI_HLA-A*24:02,tcr11502,1
vdjdb_full_13908_ss_3_n0,AYAQKIFKI_HLA-A*24:02,tcr2333,0
vdjdb_full_13909,AYAQKIFKI_HLA-A*24:02,tcr5441,1
vdjdb_full_13909_ss_3_n0,AYAQKIFKI_HLA-A*24:02,tcr1537,0
vdjdb_full_13910,AYAQKIFKI_HLA-A*24:02,tcr2762,1
vdjdb_full_13910_ss_3_n0,AYAQKIFKI_HLA-A*24:02,tcr3273,0
vdjdb_full_13911,AYAQKIFKI_HLA-A*24:02,tcr3221,1
vdjdb_full_13911_ss_3_n0,AYAQKIFKI_HLA-A*24:02,tcr5439,0
vdjdb_full_13912,AYAQKIFKI_HLA-A*24:02,tcr13795,1
vdjdb_full_13912_ss_3_n0,AYAQKIFKI_HLA-A*24:02,tcr17021,0
vdjdb_full_13913,AYAQKIFKI_HLA-A*24:02,tcr4258,1
vdjdb_full_13913_ss_3_n0,AYAQKIFKI_HLA-A*24:02,tcr15646,0
vdjdb_full_13914,AYAQKIFKI_HLA-A*24:02,tcr7532,1
vdjdb_full_13914_ss_3_n0,AYAQKIFKI_HLA-A*24:02,tcr3377,0
vdjdb_full_13915,AYAQKIFKI_HLA-A*24:02,tcr6865,1
vdjdb_full_13915_ss_3_n0,AYAQKIFKI_HLA-A*24:02,tcr12575,0
vdjdb_full_13916,AYAQKIFKI_HLA-A*24:02,tcr10446,1
vdjdb_full_13916_ss_3_n0,AYAQKIFKI_HLA-A*24:02,tcr15800,0
vdjdb_full_13917,AYAQKIFKI_HLA-A*24:02,tcr2799,1
vdjdb_full_13917_ss_3_n0,AYAQKIFKI_HLA-A*24:02,tcr8581,0
vdjdb_full_16764,RLPGVLPRA_HLA-A*02:01,tcr1191,1
vdjdb_full_16764_ss_3_n0,RLPGVLPRA_HLA-A*02:01,tcr10802,0
vdjdb_full_16765,RLPGVLPRA_HLA-A*02:01,tcr4164,1
vdjdb_full_16765_ss_3_n0,RLPGVLPRA_HLA-A*02:01,tcr12660,0
vdjdb_full_16766,RLPGVLPRA_HLA-A*02:01,tcr13819,1
vdjdb_full_16766_ss_3_n0,RLPGVLPRA_HLA-A*02:01,tcr2837,0
vdjdb_full_16767,RLPGVLPRA_HLA-A*02:01,tcr1179,1
vdjdb_full_16767_ss_3_n0,RLPGVLPRA_HLA-A*02:01,tcr12043,0
vdjdb_full_16768,RLPGVLPRA_HLA-A*02:01,tcr8301,1
vdjdb_full_16768_ss_3_n0,RLPGVLPRA_HLA-A*02:01,tcr8705,0
vdjdb_full_16769,RLPGVLPRA_HLA-A*02:01,tcr14335,1
vdjdb_full_16769_ss_3_n0,RLPGVLPRA_HLA-A*02:01,tcr16247,0
vdjdb_full_16770,RLPGVLPRA_HLA-A*02:01,tcr929,1
vdjdb_full_16770_ss_3_n0,RLPGVLPRA_HLA-A*02:01,tcr5117,0
vdjdb_full_16771,RLPGVLPRA_HLA-A*02:01,tcr12604,1
vdjdb_full_16771_ss_3_n0,RLPGVLPRA_HLA-A*02:01,tcr15369,0
vdjdb_full_16772,RLPGVLPRA_HLA-A*02:01,tcr8359,1
vdjdb_full_16772_ss_3_n0,RLPGVLPRA_HLA-A*02:01,tcr11221,0
vdjdb_full_16773,RLPGVLPRA_HLA-A*02:01,tcr1563,1
vdjdb_full_16773_ss_3_n0,RLPGVLPRA_HLA-A*02:01,tcr10732,0
vdjdb_full_16774,RLPGVLPRA_HLA-A*02:01,tcr16703,1
vdjdb_full_16774_ss_3_n0,RLPGVLPRA_HLA-A*02:01,tcr15084,0
vdjdb_full_16775,RLPGVLPRA_HLA-A*02:01,tcr3076,1
vdjdb_full_16775_ss_3_n0,RLPGVLPRA_HLA-A*02:01,tcr6149,0
vdjdb_full_16776,RLPGVLPRA_HLA-A*02:01,tcr9173,1
vdjdb_full_16776_ss_3_n0,RLPGVLPRA_HLA-A*02:01,tcr6158,0
vdjdb_full_16777,RLPGVLPRA_HLA-A*02:01,tcr15445,1
vdjdb_full_16777_ss_3_n0,RLPGVLPRA_HLA-A*02:01,tcr2164,0
vdjdb_full_16778,RLPGVLPRA_HLA-A*02:01,tcr10100,1
vdjdb_full_16778_ss_3_n0,RLPGVLPRA_HLA-A*02:01,tcr9927,0
vdjdb_full_16779,RLPGVLPRA_HLA-A*02:01,tcr870,1
vdjdb_full_16779_ss_3_n0,RLPGVLPRA_HLA-A*02:01,tcr16929,0
vdjdb_full_16780,RLPGVLPRA_HLA-A*02:01,tcr9370,1
vdjdb_full_16780_ss_3_n0,RLPGVLPRA_HLA-A*02:01,tcr2334,0
vdjdb_full_16781,RLPGVLPRA_HLA-A*02:01,tcr5732,1
vdjdb_full_16781_ss_3_n0,RLPGVLPRA_HLA-A*02:01,tcr9859,0
vdjdb_full_16783,RLPGVLPRA_HLA-A*02:01,tcr6860,1
vdjdb_full_16783_ss_3_n0,RLPGVLPRA_HLA-A*02:01,tcr8571,0
vdjdb_full_16784,RLPGVLPRA_HLA-A*02:01,tcr8900,1
vdjdb_full_16784_ss_3_n0,RLPGVLPRA_HLA-A*02:01,tcr5498,0
vdjdb_full_16785,RLPGVLPRA_HLA-A*02:01,tcr2788,1
vdjdb_full_16785_ss_3_n0,RLPGVLPRA_HLA-A*02:01,tcr927,0
vdjdb_full_16786,RLPGVLPRA_HLA-A*02:01,tcr7136,1
vdjdb_full_16786_ss_3_n0,RLPGVLPRA_HLA-A*02:01,tcr11620,0
vdjdb_full_16788,RLPGVLPRA_HLA-A*02:01,tcr11639,1
vdjdb_full_16788_ss_3_n0,RLPGVLPRA_HLA-A*02:01,tcr3335,0
vdjdb_full_16789,RLPGVLPRA_HLA-A*02:01,tcr13486,1
vdjdb_full_16789_ss_3_n0,RLPGVLPRA_HLA-A*02:01,tcr7122,0
vdjdb_full_16791,RLPGVLPRA_HLA-A*02:01,tcr16539,1
vdjdb_full_16791_ss_3_n0,RLPGVLPRA_HLA-A*02:01,tcr429,0
vdjdb_full_16792,RLPGVLPRA_HLA-A*02:01,tcr3127,1
vdjdb_full_16792_ss_3_n0,RLPGVLPRA_HLA-A*02:01,tcr9154,0
vdjdb_full_16793,RLPGVLPRA_HLA-A*02:01,tcr922,1
vdjdb_full_16793_ss_3_n0,RLPGVLPRA_HLA-A*02:01,tcr10498,0
vdjdb_full_16794,RLPGVLPRA_HLA-A*02:01,tcr12377,1
vdjdb_full_16794_ss_3_n0,RLPGVLPRA_HLA-A*02:01,tcr404,0
vdjdb_full_16795,RLPGVLPRA_HLA-A*02:01,tcr12962,1
vdjdb_full_16795_ss_3_n0,RLPGVLPRA_HLA-A*02:01,tcr8341,0
vdjdb_full_16796,RLPGVLPRA_HLA-A*02:01,tcr10914,1
vdjdb_full_16796_ss_3_n0,RLPGVLPRA_HLA-A*02:01,tcr4762,0
vdjdb_full_16797,RLPGVLPRA_HLA-A*02:01,tcr5402,1
vdjdb_full_16797_ss_3_n0,RLPGVLPRA_HLA-A*02:01,tcr9501,0
vdjdb_full_16798,RLPGVLPRA_HLA-A*02:01,tcr8309,1
vdjdb_full_16798_ss_3_n0,RLPGVLPRA_HLA-A*02:01,tcr13863,0
vdjdb_full_16799,RLPGVLPRA_HLA-A*02:01,tcr8591,1
vdjdb_full_16799_ss_3_n0,RLPGVLPRA_HLA-A*02:01,tcr15369,0
vdjdb_full_16800,RLPGVLPRA_HLA-A*02:01,tcr6857,1
vdjdb_full_16800_ss_3_n0,RLPGVLPRA_HLA-A*02:01,tcr18153,0
vdjdb_full_16801,RLPGVLPRA_HLA-A*02:01,tcr3660,1
vdjdb_full_16801_ss_3_n0,RLPGVLPRA_HLA-A*02:01,tcr8339,0
vdjdb_full_16802,RLPGVLPRA_HLA-A*02:01,tcr6107,1
vdjdb_full_16802_ss_3_n0,RLPGVLPRA_HLA-A*02:01,tcr276,0
vdjdb_full_16803,RLPGVLPRA_HLA-A*02:01,tcr3239,1
vdjdb_full_16803_ss_3_n0,RLPGVLPRA_HLA-A*02:01,tcr4487,0
vdjdb_full_16804,RLPGVLPRA_HLA-A*02:01,tcr12196,1
vdjdb_full_16804_ss_3_n0,RLPGVLPRA_HLA-A*02:01,tcr6420,0
vdjdb_full_16805,RLPGVLPRA_HLA-A*02:01,tcr11539,1
vdjdb_full_16805_ss_3_n0,RLPGVLPRA_HLA-A*02:01,tcr13706,0
vdjdb_full_16850,MEVTPSGTWL_HLA-B*40:01,tcr16885,1
vdjdb_full_16850_ss_3_n0,MEVTPSGTWL_HLA-B*40:01,tcr48,0
vdjdb_full_16851,MEVTPSGTWL_HLA-B*40:01,tcr7343,1
vdjdb_full_16851_ss_3_n0,MEVTPSGTWL_HLA-B*40:01,tcr18361,0
vdjdb_full_16852,MEVTPSGTWL_HLA-B*40:01,tcr1003,1
vdjdb_full_16852_ss_3_n0,MEVTPSGTWL_HLA-B*40:01,tcr2568,0
vdjdb_full_16853,MEVTPSGTWL_HLA-B*40:01,tcr8264,1
vdjdb_full_16853_ss_3_n0,MEVTPSGTWL_HLA-B*40:01,tcr11253,0
vdjdb_full_16854,MEVTPSGTWL_HLA-B*40:01,tcr810,1
vdjdb_full_16854_ss_3_n0,MEVTPSGTWL_HLA-B*40:01,tcr2002,0
vdjdb_full_16855,MEVTPSGTWL_HLA-B*40:01,tcr6158,1
vdjdb_full_16855_ss_3_n0,MEVTPSGTWL_HLA-B*40:01,tcr16762,0
vdjdb_full_16856,MEVTPSGTWL_HLA-B*40:01,tcr11059,1
vdjdb_full_16856_ss_3_n0,MEVTPSGTWL_HLA-B*40:01,tcr9052,0
vdjdb_full_16857,MEVTPSGTWL_HLA-B*40:01,tcr10256,1
vdjdb_full_16857_ss_3_n0,MEVTPSGTWL_HLA-B*40:01,tcr3364,0
vdjdb_full_16858,MEVTPSGTWL_HLA-B*40:01,tcr7648,1
vdjdb_full_16858_ss_3_n0,MEVTPSGTWL_HLA-B*40:01,tcr17362,0
vdjdb_full_16859,MEVTPSGTWL_HLA-B*40:01,tcr16929,1
vdjdb_full_16859_ss_3_n0,MEVTPSGTWL_HLA-B*40:01,tcr11109,0
vdjdb_full_16860,MEVTPSGTWL_HLA-B*40:01,tcr12676,1
vdjdb_full_16860_ss_3_n0,MEVTPSGTWL_HLA-B*40:01,tcr4229,0
vdjdb_full_16862,MEVTPSGTWL_HLA-B*40:01,tcr1302,1
vdjdb_full_16862_ss_3_n0,MEVTPSGTWL_HLA-B*40:01,tcr2004,0
vdjdb_full_16863,MEVTPSGTWL_HLA-B*40:01,tcr5661,1
vdjdb_full_16863_ss_3_n0,MEVTPSGTWL_HLA-B*40:01,tcr4574,0
vdjdb_full_16865,MEVTPSGTWL_HLA-B*40:01,tcr6642,1
vdjdb_full_16865_ss_3_n0,MEVTPSGTWL_HLA-B*40:01,tcr1296,0
vdjdb_full_16866,MEVTPSGTWL_HLA-B*40:01,tcr12730,1
vdjdb_full_16866_ss_3_n0,MEVTPSGTWL_HLA-B*40:01,tcr15400,0
vdjdb_full_16867,MEVTPSGTWL_HLA-B*40:01,tcr3940,1
vdjdb_full_16867_ss_3_n0,MEVTPSGTWL_HLA-B*40:01,tcr15603,0
vdjdb_full_16868,MEVTPSGTWL_HLA-B*40:01,tcr13777,1
vdjdb_full_16868_ss_3_n0,MEVTPSGTWL_HLA-B*40:01,tcr15472,0
vdjdb_full_16869,MEVTPSGTWL_HLA-B*40:01,tcr3188,1
vdjdb_full_16869_ss_3_n0,MEVTPSGTWL_HLA-B*40:01,tcr8230,0
vdjdb_full_16870,MEVTPSGTWL_HLA-B*40:01,tcr1869,1
vdjdb_full_16870_ss_3_n0,MEVTPSGTWL_HLA-B*40:01,tcr5991,0
vdjdb_full_16871,MEVTPSGTWL_HLA-B*40:01,tcr16113,1
vdjdb_full_16871_ss_3_n0,MEVTPSGTWL_HLA-B*40:01,tcr5733,0
vdjdb_full_16872,MEVTPSGTWL_HLA-B*40:01,tcr5106,1
vdjdb_full_16872_ss_3_n0,MEVTPSGTWL_HLA-B*40:01,tcr12093,0
vdjdb_full_16874,MEVTPSGTWL_HLA-B*40:01,tcr10918,1
vdjdb_full_16874_ss_3_n0,MEVTPSGTWL_HLA-B*40:01,tcr3133,0
vdjdb_full_16875,MEVTPSGTWL_HLA-B*40:01,tcr1245,1
vdjdb_full_16875_ss_3_n0,MEVTPSGTWL_HLA-B*40:01,tcr1661,0
vdjdb_full_16876,MEVTPSGTWL_HLA-B*40:01,tcr9123,1
vdjdb_full_16876_ss_3_n0,MEVTPSGTWL_HLA-B*40:01,tcr12051,0
vdjdb_full_16877,MEVTPSGTWL_HLA-B*40:01,tcr14298,1
vdjdb_full_16877_ss_3_n0,MEVTPSGTWL_HLA-B*40:01,tcr3155,0
vdjdb_full_16878,MEVTPSGTWL_HLA-B*40:01,tcr4629,1
vdjdb_full_16878_ss_3_n0,MEVTPSGTWL_HLA-B*40:01,tcr10507,0
vdjdb_full_16879,MEVTPSGTWL_HLA-B*40:01,tcr2104,1
vdjdb_full_16879_ss_3_n0,MEVTPSGTWL_HLA-B*40:01,tcr13158,0
vdjdb_full_16880,MEVTPSGTWL_HLA-B*40:01,tcr11432,1
vdjdb_full_16880_ss_3_n0,MEVTPSGTWL_HLA-B*40:01,tcr5112,0
vdjdb_full_16881,MEVTPSGTWL_HLA-B*40:01,tcr5968,1
vdjdb_full_16881_ss_3_n0,MEVTPSGTWL_HLA-B*40:01,tcr14975,0
vdjdb_full_16882,MEVTPSGTWL_HLA-B*40:01,tcr11062,1
vdjdb_full_16882_ss_3_n0,MEVTPSGTWL_HLA-B*40:01,tcr48,0
vdjdb_full_16883,MEVTPSGTWL_HLA-B*40:01,tcr11440,1
vdjdb_full_16883_ss_3_n0,MEVTPSGTWL_HLA-B*40:01,tcr5570,0
vdjdb_full_16884,MEVTPSGTWL_HLA-B*40:01,tcr12491,1
vdjdb_full_16884_ss_3_n0,MEVTPSGTWL_HLA-B*40:01,tcr5910,0
vdjdb_full_16885,MEVTPSGTWL_HLA-B*40:01,tcr16688,1
vdjdb_full_16885_ss_3_n0,MEVTPSGTWL_HLA-B*40:01,tcr2747,0
vdjdb_full_16886,MEVTPSGTWL_HLA-B*40:01,tcr10845,1
vdjdb_full_16886_ss_3_n0,MEVTPSGTWL_HLA-B*40:01,tcr13454,0
vdjdb_full_16887,MEVTPSGTWL_HLA-B*40:01,tcr16297,1
vdjdb_full_16887_ss_3_n0,MEVTPSGTWL_HLA-B*40:01,tcr8903,0
vdjdb_full_16888,MEVTPSGTWL_HLA-B*40:01,tcr17142,1
vdjdb_full_16888_ss_3_n0,MEVTPSGTWL_HLA-B*40:01,tcr6303,0
vdjdb_full_16889,MEVTPSGTWL_HLA-B*40:01,tcr8751,1
vdjdb_full_16889_ss_3_n0,MEVTPSGTWL_HLA-B*40:01,tcr2053,0
vdjdb_full_16891,MEVTPSGTWL_HLA-B*40:01,tcr3281,1
vdjdb_full_16891_ss_3_n0,MEVTPSGTWL_HLA-B*40:01,tcr15806,0
vdjdb_full_16892,MEVTPSGTWL_HLA-B*40:01,tcr2751,1
vdjdb_full_16892_ss_3_n0,MEVTPSGTWL_HLA-B*40:01,tcr6478,0
vdjdb_full_12123,FTSDYYQLY_HLA-A*01:01,tcr8457,1
vdjdb_full_12123_ss_3_n0,FTSDYYQLY_HLA-A*01:01,tcr15704,0
vdjdb_full_12124,FTSDYYQLY_HLA-A*01:01,tcr17906,1
vdjdb_full_12124_ss_3_n0,FTSDYYQLY_HLA-A*01:01,tcr9277,0
vdjdb_full_12125,FTSDYYQLY_HLA-A*01:01,tcr6498,1
vdjdb_full_12125_ss_3_n0,FTSDYYQLY_HLA-A*01:01,tcr5827,0
vdjdb_full_12126,FTSDYYQLY_HLA-A*01:01,tcr10968,1
vdjdb_full_12126_ss_3_n0,FTSDYYQLY_HLA-A*01:01,tcr956,0
vdjdb_full_12127,FTSDYYQLY_HLA-A*01:01,tcr11246,1
vdjdb_full_12127_ss_3_n0,FTSDYYQLY_HLA-A*01:01,tcr8805,0
vdjdb_full_12128,FTSDYYQLY_HLA-A*01:01,tcr13106,1
vdjdb_full_12128_ss_3_n0,FTSDYYQLY_HLA-A*01:01,tcr9744,0
vdjdb_full_12129,FTSDYYQLY_HLA-A*01:01,tcr10153,1
vdjdb_full_12129_ss_3_n0,FTSDYYQLY_HLA-A*01:01,tcr16020,0
vdjdb_full_12130,FTSDYYQLY_HLA-A*01:01,tcr453,1
vdjdb_full_12130_ss_3_n0,FTSDYYQLY_HLA-A*01:01,tcr7400,0
vdjdb_full_12131,FTSDYYQLY_HLA-A*01:01,tcr18153,1
vdjdb_full_12131_ss_3_n0,FTSDYYQLY_HLA-A*01:01,tcr11845,0
vdjdb_full_12132,FTSDYYQLY_HLA-A*01:01,tcr1824,1
vdjdb_full_12132_ss_3_n0,FTSDYYQLY_HLA-A*01:01,tcr6485,0
vdjdb_full_12133,FTSDYYQLY_HLA-A*01:01,tcr16063,1
vdjdb_full_12133_ss_3_n0,FTSDYYQLY_HLA-A*01:01,tcr3368,0
vdjdb_full_12134,FTSDYYQLY_HLA-A*01:01,tcr3318,1
vdjdb_full_12134_ss_3_n0,FTSDYYQLY_HLA-A*01:01,tcr17988,0
vdjdb_full_12135,FTSDYYQLY_HLA-A*01:01,tcr10526,1
vdjdb_full_12135_ss_3_n0,FTSDYYQLY_HLA-A*01:01,tcr12031,0
vdjdb_full_12136,FTSDYYQLY_HLA-A*01:01,tcr1130,1
vdjdb_full_12136_ss_3_n0,FTSDYYQLY_HLA-A*01:01,tcr11528,0
vdjdb_full_12137,FTSDYYQLY_HLA-A*01:01,tcr14317,1
vdjdb_full_12137_ss_3_n0,FTSDYYQLY_HLA-A*01:01,tcr15806,0
vdjdb_full_12138,FTSDYYQLY_HLA-A*01:01,tcr11041,1
vdjdb_full_12138_ss_3_n0,FTSDYYQLY_HLA-A*01:01,tcr14461,0
vdjdb_full_12139,FTSDYYQLY_HLA-A*01:01,tcr430,1
vdjdb_full_12139_ss_3_n0,FTSDYYQLY_HLA-A*01:01,tcr3087,0
vdjdb_full_12140,FTSDYYQLY_HLA-A*01:01,tcr12975,1
vdjdb_full_12140_ss_3_n0,FTSDYYQLY_HLA-A*01:01,tcr11432,0
vdjdb_full_12141,FTSDYYQLY_HLA-A*01:01,tcr4025,1
vdjdb_full_12141_ss_3_n0,FTSDYYQLY_HLA-A*01:01,tcr10625,0
vdjdb_full_12142,FTSDYYQLY_HLA-A*01:01,tcr8527,1
vdjdb_full_12142_ss_3_n0,FTSDYYQLY_HLA-A*01:01,tcr12793,0
vdjdb_full_12143,FTSDYYQLY_HLA-A*01:01,tcr696,1
vdjdb_full_12143_ss_3_n0,FTSDYYQLY_HLA-A*01:01,tcr11113,0
vdjdb_full_12144,FTSDYYQLY_HLA-A*01:01,tcr1593,1
vdjdb_full_12144_ss_3_n0,FTSDYYQLY_HLA-A*01:01,tcr9810,0
vdjdb_full_12145,FTSDYYQLY_HLA-A*01:01,tcr8745,1
vdjdb_full_12145_ss_3_n0,FTSDYYQLY_HLA-A*01:01,tcr11539,0
vdjdb_full_12146,FTSDYYQLY_HLA-A*01:01,tcr17438,1
vdjdb_full_12146_ss_3_n0,FTSDYYQLY_HLA-A*01:01,tcr13477,0
vdjdb_full_12147,FTSDYYQLY_HLA-A*01:01,tcr15666,1
vdjdb_full_12147_ss_3_n0,FTSDYYQLY_HLA-A*01:01,tcr9616,0
vdjdb_full_12148,FTSDYYQLY_HLA-A*01:01,tcr16097,1
vdjdb_full_12148_ss_3_n0,FTSDYYQLY_HLA-A*01:01,tcr17805,0
vdjdb_full_12149,FTSDYYQLY_HLA-A*01:01,tcr16979,1
vdjdb_full_12149_ss_3_n0,FTSDYYQLY_HLA-A*01:01,tcr11970,0
vdjdb_full_12150,FTSDYYQLY_HLA-A*01:01,tcr14821,1
vdjdb_full_12150_ss_3_n0,FTSDYYQLY_HLA-A*01:01,tcr8840,0
vdjdb_full_12151,FTSDYYQLY_HLA-A*01:01,tcr14811,1
vdjdb_full_12151_ss_3_n0,FTSDYYQLY_HLA-A*01:01,tcr11503,0
vdjdb_full_12152,FTSDYYQLY_HLA-A*01:01,tcr13128,1
vdjdb_full_12152_ss_3_n0,FTSDYYQLY_HLA-A*01:01,tcr14448,0
vdjdb_full_12153,FTSDYYQLY_HLA-A*01:01,tcr16371,1
vdjdb_full_12153_ss_3_n0,FTSDYYQLY_HLA-A*01:01,tcr18035,0
vdjdb_full_12154,FTSDYYQLY_HLA-A*01:01,tcr8571,1
vdjdb_full_12154_ss_3_n0,FTSDYYQLY_HLA-A*01:01,tcr17283,0
vdjdb_full_12155,FTSDYYQLY_HLA-A*01:01,tcr13848,1
vdjdb_full_12155_ss_3_n0,FTSDYYQLY_HLA-A*01:01,tcr8121,0
vdjdb_full_12156,FTSDYYQLY_HLA-A*01:01,tcr16525,1
vdjdb_full_12156_ss_3_n0,FTSDYYQLY_HLA-A*01:01,tcr16534,0
vdjdb_full_12157,FTSDYYQLY_HLA-A*01:01,tcr7921,1
vdjdb_full_12157_ss_3_n0,FTSDYYQLY_HLA-A*01:01,tcr7858,0
vdjdb_full_12158,FTSDYYQLY_HLA-A*01:01,tcr10494,1
vdjdb_full_12158_ss_3_n0,FTSDYYQLY_HLA-A*01:01,tcr17646,0
vdjdb_full_12159,FTSDYYQLY_HLA-A*01:01,tcr3698,1
vdjdb_full_12159_ss_3_n0,FTSDYYQLY_HLA-A*01:01,tcr11499,0
vdjdb_full_12160,FTSDYYQLY_HLA-A*01:01,tcr3799,1
vdjdb_full_12160_ss_3_n0,FTSDYYQLY_HLA-A*01:01,tcr9883,0
vdjdb_full_14735,RAQAPPPSW_HLA-B*57:01,tcr11147,1
vdjdb_full_14735_ss_3_n0,RAQAPPPSW_HLA-B*57:01,tcr6694,0
vdjdb_full_14736,RAQAPPPSW_HLA-B*57:01,tcr10651,1
vdjdb_full_14736_ss_3_n0,RAQAPPPSW_HLA-B*57:01,tcr17944,0
vdjdb_full_14737,RAQAPPPSW_HLA-B*57:01,tcr2,1
vdjdb_full_14737_ss_3_n0,RAQAPPPSW_HLA-B*57:01,tcr7802,0
vdjdb_full_14738,RAQAPPPSW_HLA-B*57:01,tcr3492,1
vdjdb_full_14738_ss_3_n0,RAQAPPPSW_HLA-B*57:01,tcr5363,0
vdjdb_full_14739,RAQAPPPSW_HLA-B*57:01,tcr10774,1
vdjdb_full_14739_ss_3_n0,RAQAPPPSW_HLA-B*57:01,tcr14759,0
vdjdb_full_14740,RAQAPPPSW_HLA-B*57:01,tcr13651,1
vdjdb_full_14740_ss_3_n0,RAQAPPPSW_HLA-B*57:01,tcr8896,0
vdjdb_full_14741,RAQAPPPSW_HLA-B*57:01,tcr8207,1
vdjdb_full_14741_ss_3_n0,RAQAPPPSW_HLA-B*57:01,tcr4596,0
vdjdb_full_14742,RAQAPPPSW_HLA-B*57:01,tcr2748,1
vdjdb_full_14742_ss_3_n0,RAQAPPPSW_HLA-B*57:01,tcr2730,0
vdjdb_full_14743,RAQAPPPSW_HLA-B*57:01,tcr8582,1
vdjdb_full_14743_ss_3_n0,RAQAPPPSW_HLA-B*57:01,tcr15237,0
vdjdb_full_14744,RAQAPPPSW_HLA-B*57:01,tcr12093,1
vdjdb_full_14744_ss_3_n0,RAQAPPPSW_HLA-B*57:01,tcr8288,0
vdjdb_full_14745,RAQAPPPSW_HLA-B*57:01,tcr8090,1
vdjdb_full_14745_ss_3_n0,RAQAPPPSW_HLA-B*57:01,tcr10798,0
vdjdb_full_14746,RAQAPPPSW_HLA-B*57:01,tcr6009,1
vdjdb_full_14746_ss_3_n0,RAQAPPPSW_HLA-B*57:01,tcr3689,0
vdjdb_full_14750,RAQAPPPSW_HLA-B*57:01,tcr1341,1
vdjdb_full_14750_ss_3_n0,RAQAPPPSW_HLA-B*57:01,tcr3281,0
vdjdb_full_14751,RAQAPPPSW_HLA-B*57:01,tcr4460,1
vdjdb_full_14751_ss_3_n0,RAQAPPPSW_HLA-B*57:01,tcr15137,0
vdjdb_full_14753,RAQAPPPSW_HLA-B*57:01,tcr17433,1
vdjdb_full_14753_ss_3_n0,RAQAPPPSW_HLA-B*57:01,tcr5068,0
vdjdb_full_14754,RAQAPPPSW_HLA-B*57:01,tcr6530,1
vdjdb_full_14754_ss_3_n0,RAQAPPPSW_HLA-B*57:01,tcr12043,0
vdjdb_full_14755,RAQAPPPSW_HLA-B*57:01,tcr1720,1
vdjdb_full_14755_ss_3_n0,RAQAPPPSW_HLA-B*57:01,tcr17625,0
vdjdb_full_14756,RAQAPPPSW_HLA-B*57:01,tcr12742,1
vdjdb_full_14756_ss_3_n0,RAQAPPPSW_HLA-B*57:01,tcr16885,0
vdjdb_full_14757,RAQAPPPSW_HLA-B*57:01,tcr12306,1
vdjdb_full_14757_ss_3_n0,RAQAPPPSW_HLA-B*57:01,tcr6638,0
vdjdb_full_14758,RAQAPPPSW_HLA-B*57:01,tcr14774,1
vdjdb_full_14758_ss_3_n0,RAQAPPPSW_HLA-B*57:01,tcr14239,0
vdjdb_full_14759,RAQAPPPSW_HLA-B*57:01,tcr4666,1
vdjdb_full_14759_ss_3_n0,RAQAPPPSW_HLA-B*57:01,tcr713,0
vdjdb_full_14760,RAQAPPPSW_HLA-B*57:01,tcr14355,1
vdjdb_full_14760_ss_3_n0,RAQAPPPSW_HLA-B*57:01,tcr17455,0
vdjdb_full_14761,RAQAPPPSW_HLA-B*57:01,tcr11393,1
vdjdb_full_14761_ss_3_n0,RAQAPPPSW_HLA-B*57:01,tcr17372,0
vdjdb_full_14762,RAQAPPPSW_HLA-B*57:01,tcr5548,1
vdjdb_full_14762_ss_3_n0,RAQAPPPSW_HLA-B*57:01,tcr11694,0
vdjdb_full_14763,RAQAPPPSW_HLA-B*57:01,tcr3960,1
vdjdb_full_14763_ss_3_n0,RAQAPPPSW_HLA-B*57:01,tcr11253,0
vdjdb_full_14765,RAQAPPPSW_HLA-B*57:01,tcr17040,1
vdjdb_full_14765_ss_3_n0,RAQAPPPSW_HLA-B*57:01,tcr5052,0
vdjdb_full_14766,RAQAPPPSW_HLA-B*57:01,tcr1548,1
vdjdb_full_14766_ss_3_n0,RAQAPPPSW_HLA-B*57:01,tcr16549,0
vdjdb_full_14768,RAQAPPPSW_HLA-B*57:01,tcr6485,1
vdjdb_full_14768_ss_3_n0,RAQAPPPSW_HLA-B*57:01,tcr4774,0
vdjdb_full_14769,RAQAPPPSW_HLA-B*57:01,tcr6852,1
vdjdb_full_14769_ss_3_n0,RAQAPPPSW_HLA-B*57:01,tcr11432,0
vdjdb_full_14770,RAQAPPPSW_HLA-B*57:01,tcr6237,1
vdjdb_full_14770_ss_3_n0,RAQAPPPSW_HLA-B*57:01,tcr9898,0
vdjdb_full_14771,RAQAPPPSW_HLA-B*57:01,tcr10123,1
vdjdb_full_14771_ss_3_n0,RAQAPPPSW_HLA-B*57:01,tcr10454,0
vdjdb_full_14772,RAQAPPPSW_HLA-B*57:01,tcr11888,1
vdjdb_full_14772_ss_3_n0,RAQAPPPSW_HLA-B*57:01,tcr68,0
vdjdb_full_14773,RAQAPPPSW_HLA-B*57:01,tcr6549,1
vdjdb_full_14773_ss_3_n0,RAQAPPPSW_HLA-B*57:01,tcr17522,0
vdjdb_full_14774,RAQAPPPSW_HLA-B*57:01,tcr8363,1
vdjdb_full_14774_ss_3_n0,RAQAPPPSW_HLA-B*57:01,tcr5115,0
vdjdb_full_14776,RAQAPPPSW_HLA-B*57:01,tcr11378,1
vdjdb_full_14776_ss_3_n0,RAQAPPPSW_HLA-B*57:01,tcr11802,0
vdjdb_full_14777,RAQAPPPSW_HLA-B*57:01,tcr4152,1
vdjdb_full_14777_ss_3_n0,RAQAPPPSW_HLA-B*57:01,tcr11990,0
vdjdb_full_14778,RAQAPPPSW_HLA-B*57:01,tcr780,1
vdjdb_full_14778_ss_3_n0,RAQAPPPSW_HLA-B*57:01,tcr3038,0
vdjdb_full_11043,FLASKIGRLV_HLA-A*02:01,tcr9883,1
vdjdb_full_11043_ss_3_n0,FLASKIGRLV_HLA-A*02:01,tcr7289,0
vdjdb_full_11044,FLASKIGRLV_HLA-A*02:01,tcr5498,1
vdjdb_full_11044_ss_3_n0,FLASKIGRLV_HLA-A*02:01,tcr4469,0
vdjdb_full_11045,FLASKIGRLV_HLA-A*02:01,tcr669,1
vdjdb_full_11045_ss_3_n0,FLASKIGRLV_HLA-A*02:01,tcr12643,0
vdjdb_full_11046,FLASKIGRLV_HLA-A*02:01,tcr11848,1
vdjdb_full_11046_ss_3_n0,FLASKIGRLV_HLA-A*02:01,tcr3791,0
vdjdb_full_11047,FLASKIGRLV_HLA-A*02:01,tcr3512,1
vdjdb_full_11047_ss_3_n0,FLASKIGRLV_HLA-A*02:01,tcr8763,0
vdjdb_full_11048,FLASKIGRLV_HLA-A*02:01,tcr14212,1
vdjdb_full_11048_ss_3_n0,FLASKIGRLV_HLA-A*02:01,tcr11367,0
vdjdb_full_11049,FLASKIGRLV_HLA-A*02:01,tcr17415,1
vdjdb_full_11049_ss_3_n0,FLASKIGRLV_HLA-A*02:01,tcr16713,0
vdjdb_full_11050,FLASKIGRLV_HLA-A*02:01,tcr8402,1
vdjdb_full_11050_ss_3_n0,FLASKIGRLV_HLA-A*02:01,tcr16061,0
vdjdb_full_11051,FLASKIGRLV_HLA-A*02:01,tcr3207,1
vdjdb_full_11051_ss_3_n0,FLASKIGRLV_HLA-A*02:01,tcr15904,0
vdjdb_full_11052,FLASKIGRLV_HLA-A*02:01,tcr8237,1
vdjdb_full_11052_ss_3_n0,FLASKIGRLV_HLA-A*02:01,tcr8928,0
vdjdb_full_11053,FLASKIGRLV_HLA-A*02:01,tcr13102,1
vdjdb_full_11053_ss_3_n0,FLASKIGRLV_HLA-A*02:01,tcr14786,0
vdjdb_full_11054,FLASKIGRLV_HLA-A*02:01,tcr14759,1
vdjdb_full_11054_ss_3_n0,FLASKIGRLV_HLA-A*02:01,tcr13406,0
vdjdb_full_11055,FLASKIGRLV_HLA-A*02:01,tcr14050,1
vdjdb_full_11055_ss_3_n0,FLASKIGRLV_HLA-A*02:01,tcr5038,0
vdjdb_full_11056,FLASKIGRLV_HLA-A*02:01,tcr17259,1
vdjdb_full_11056_ss_3_n0,FLASKIGRLV_HLA-A*02:01,tcr3038,0
vdjdb_full_11057,FLASKIGRLV_HLA-A*02:01,tcr9055,1
vdjdb_full_11057_ss_3_n0,FLASKIGRLV_HLA-A*02:01,tcr10046,0
vdjdb_full_11058,FLASKIGRLV_HLA-A*02:01,tcr1001,1
vdjdb_full_11058_ss_3_n0,FLASKIGRLV_HLA-A*02:01,tcr3459,0
vdjdb_full_11059,FLASKIGRLV_HLA-A*02:01,tcr985,1
vdjdb_full_11059_ss_3_n0,FLASKIGRLV_HLA-A*02:01,tcr982,0
vdjdb_full_11060,FLASKIGRLV_HLA-A*02:01,tcr6763,1
vdjdb_full_11060_ss_3_n0,FLASKIGRLV_HLA-A*02:01,tcr10818,0
vdjdb_full_11061,FLASKIGRLV_HLA-A*02:01,tcr11119,1
vdjdb_full_11061_ss_3_n0,FLASKIGRLV_HLA-A*02:01,tcr14203,0
vdjdb_full_11062,FLASKIGRLV_HLA-A*02:01,tcr466,1
vdjdb_full_11062_ss_3_n0,FLASKIGRLV_HLA-A*02:01,tcr5064,0
vdjdb_full_11063,FLASKIGRLV_HLA-A*02:01,tcr6054,1
vdjdb_full_11063_ss_3_n0,FLASKIGRLV_HLA-A*02:01,tcr11538,0
vdjdb_full_11064,FLASKIGRLV_HLA-A*02:01,tcr17483,1
vdjdb_full_11064_ss_3_n0,FLASKIGRLV_HLA-A*02:01,tcr13471,0
vdjdb_full_11065,FLASKIGRLV_HLA-A*02:01,tcr11323,1
vdjdb_full_11065_ss_3_n0,FLASKIGRLV_HLA-A*02:01,tcr15487,0
vdjdb_full_11066,FLASKIGRLV_HLA-A*02:01,tcr12328,1
vdjdb_full_11066_ss_3_n0,FLASKIGRLV_HLA-A*02:01,tcr3135,0
vdjdb_full_11067,FLASKIGRLV_HLA-A*02:01,tcr10010,1
vdjdb_full_11067_ss_3_n0,FLASKIGRLV_HLA-A*02:01,tcr4189,0
vdjdb_full_11068,FLASKIGRLV_HLA-A*02:01,tcr3175,1
vdjdb_full_11068_ss_3_n0,FLASKIGRLV_HLA-A*02:01,tcr9547,0
vdjdb_full_11069,FLASKIGRLV_HLA-A*02:01,tcr15749,1
vdjdb_full_11069_ss_3_n0,FLASKIGRLV_HLA-A*02:01,tcr1999,0
vdjdb_full_11070,FLASKIGRLV_HLA-A*02:01,tcr12660,1
vdjdb_full_11070_ss_3_n0,FLASKIGRLV_HLA-A*02:01,tcr1293,0
vdjdb_full_11071,FLASKIGRLV_HLA-A*02:01,tcr6112,1
vdjdb_full_11071_ss_3_n0,FLASKIGRLV_HLA-A*02:01,tcr3816,0
vdjdb_full_11073,FLASKIGRLV_HLA-A*02:01,tcr6820,1
vdjdb_full_11073_ss_3_n0,FLASKIGRLV_HLA-A*02:01,tcr4004,0
vdjdb_full_11074,FLASKIGRLV_HLA-A*02:01,tcr8665,1
vdjdb_full_11074_ss_3_n0,FLASKIGRLV_HLA-A*02:01,tcr358,0
vdjdb_full_11075,FLASKIGRLV_HLA-A*02:01,tcr16507,1
vdjdb_full_11075_ss_3_n0,FLASKIGRLV_HLA-A*02:01,tcr10093,0
vdjdb_full_11076,FLASKIGRLV_HLA-A*02:01,tcr6638,1
vdjdb_full_11076_ss_3_n0,FLASKIGRLV_HLA-A*02:01,tcr8700,0
vdjdb_full_15801,ALGIGILTV_HLA-A*02:01,tcr15730,1
vdjdb_full_15801_ss_3_n0,ALGIGILTV_HLA-A*02:01,tcr5735,0
vdjdb_full_15802,ALGIGILTV_HLA-A*02:01,tcr13666,1
vdjdb_full_15802_ss_3_n0,ALGIGILTV_HLA-A*02:01,tcr7441,0
vdjdb_full_15803,ALGIGILTV_HLA-A*02:01,tcr3431,1
vdjdb_full_15803_ss_3_n0,ALGIGILTV_HLA-A*02:01,tcr7201,0
vdjdb_full_15804,ALGIGILTV_HLA-A*02:01,tcr12430,1
vdjdb_full_15804_ss_3_n0,ALGIGILTV_HLA-A*02:01,tcr157,0
vdjdb_full_15805,ALGIGILTV_HLA-A*02:01,tcr404,1
vdjdb_full_15805_ss_3_n0,ALGIGILTV_HLA-A*02:01,tcr4780,0
vdjdb_full_15806,ALGIGILTV_HLA-A*02:01,tcr11553,1
vdjdb_full_15806_ss_3_n0,ALGIGILTV_HLA-A*02:01,tcr818,0
vdjdb_full_15807,ALGIGILTV_HLA-A*02:01,tcr6924,1
vdjdb_full_15807_ss_3_n0,ALGIGILTV_HLA-A*02:01,tcr2949,0
vdjdb_full_15808,ALGIGILTV_HLA-A*02:01,tcr1243,1
vdjdb_full_15808_ss_3_n0,ALGIGILTV_HLA-A*02:01,tcr2752,0
vdjdb_full_15809,ALGIGILTV_HLA-A*02:01,tcr16175,1
vdjdb_full_15809_ss_3_n0,ALGIGILTV_HLA-A*02:01,tcr14909,0
vdjdb_full_15810,ALGIGILTV_HLA-A*02:01,tcr1936,1
vdjdb_full_15810_ss_3_n0,ALGIGILTV_HLA-A*02:01,tcr3509,0
vdjdb_full_15811,ALGIGILTV_HLA-A*02:01,tcr7491,1
vdjdb_full_15811_ss_3_n0,ALGIGILTV_HLA-A*02:01,tcr4739,0
vdjdb_full_15812,ALGIGILTV_HLA-A*02:01,tcr13558,1
vdjdb_full_15812_ss_3_n0,ALGIGILTV_HLA-A*02:01,tcr8861,0
vdjdb_full_15813,ALGIGILTV_HLA-A*02:01,tcr9359,1
vdjdb_full_15813_ss_3_n0,ALGIGILTV_HLA-A*02:01,tcr10487,0
vdjdb_full_15814,ALGIGILTV_HLA-A*02:01,tcr1642,1
vdjdb_full_15814_ss_3_n0,ALGIGILTV_HLA-A*02:01,tcr6950,0
vdjdb_full_15815,ALGIGILTV_HLA-A*02:01,tcr16140,1
vdjdb_full_15815_ss_3_n0,ALGIGILTV_HLA-A*02:01,tcr8301,0
vdjdb_full_15816,ALGIGILTV_HLA-A*02:01,tcr4781,1
vdjdb_full_15816_ss_3_n0,ALGIGILTV_HLA-A*02:01,tcr443,0
vdjdb_full_15817,ALGIGILTV_HLA-A*02:01,tcr11991,1
vdjdb_full_15817_ss_3_n0,ALGIGILTV_HLA-A*02:01,tcr10600,0
vdjdb_full_15818,ALGIGILTV_HLA-A*02:01,tcr12108,1
vdjdb_full_15818_ss_3_n0,ALGIGILTV_HLA-A*02:01,tcr14645,0
vdjdb_full_15819,ALGIGILTV_HLA-A*02:01,tcr8534,1
vdjdb_full_15819_ss_3_n0,ALGIGILTV_HLA-A*02:01,tcr7338,0
vdjdb_full_15820,ALGIGILTV_HLA-A*02:01,tcr11916,1
vdjdb_full_15820_ss_3_n0,ALGIGILTV_HLA-A*02:01,tcr11850,0
vdjdb_full_15821,ALGIGILTV_HLA-A*02:01,tcr8765,1
vdjdb_full_15821_ss_3_n0,ALGIGILTV_HLA-A*02:01,tcr9628,0
vdjdb_full_15822,ALGIGILTV_HLA-A*02:01,tcr16007,1
vdjdb_full_15822_ss_3_n0,ALGIGILTV_HLA-A*02:01,tcr13407,0
vdjdb_full_15823,ALGIGILTV_HLA-A*02:01,tcr8235,1
vdjdb_full_15823_ss_3_n0,ALGIGILTV_HLA-A*02:01,tcr6178,0
vdjdb_full_15824,ALGIGILTV_HLA-A*02:01,tcr16971,1
vdjdb_full_15824_ss_3_n0,ALGIGILTV_HLA-A*02:01,tcr16653,0
vdjdb_full_15825,ALGIGILTV_HLA-A*02:01,tcr3436,1
vdjdb_full_15825_ss_3_n0,ALGIGILTV_HLA-A*02:01,tcr524,0
vdjdb_full_15826,ALGIGILTV_HLA-A*02:01,tcr245,1
vdjdb_full_15826_ss_3_n0,ALGIGILTV_HLA-A*02:01,tcr17482,0
vdjdb_full_15827,ALGIGILTV_HLA-A*02:01,tcr15552,1
vdjdb_full_15827_ss_3_n0,ALGIGILTV_HLA-A*02:01,tcr12517,0
vdjdb_full_15828,ALGIGILTV_HLA-A*02:01,tcr4813,1
vdjdb_full_15828_ss_3_n0,ALGIGILTV_HLA-A*02:01,tcr10812,0
vdjdb_full_15829,ALGIGILTV_HLA-A*02:01,tcr2583,1
vdjdb_full_15829_ss_3_n0,ALGIGILTV_HLA-A*02:01,tcr671,0
vdjdb_full_15830,ALGIGILTV_HLA-A*02:01,tcr17650,1
vdjdb_full_15830_ss_3_n0,ALGIGILTV_HLA-A*02:01,tcr3655,0
vdjdb_full_15831,ALGIGILTV_HLA-A*02:01,tcr3564,1
vdjdb_full_15831_ss_3_n0,ALGIGILTV_HLA-A*02:01,tcr3351,0
vdjdb_full_10516,HPNGYKSLSTL_HLA-B*07:02,tcr2442,1
vdjdb_full_10516_ss_3_n0,HPNGYKSLSTL_HLA-B*07:02,tcr8065,0
vdjdb_full_10517,HPNGYKSLSTL_HLA-B*07:02,tcr16652,1
vdjdb_full_10517_ss_3_n0,HPNGYKSLSTL_HLA-B*07:02,tcr11596,0
vdjdb_full_10518,HPNGYKSLSTL_HLA-B*07:02,tcr8998,1
vdjdb_full_10518_ss_3_n0,HPNGYKSLSTL_HLA-B*07:02,tcr13840,0
vdjdb_full_10519,HPNGYKSLSTL_HLA-B*07:02,tcr16713,1
vdjdb_full_10519_ss_3_n0,HPNGYKSLSTL_HLA-B*07:02,tcr17445,0
vdjdb_full_10521,HPNGYKSLSTL_HLA-B*07:02,tcr1266,1
vdjdb_full_10521_ss_3_n0,HPNGYKSLSTL_HLA-B*07:02,tcr11109,0
vdjdb_full_10522,HPNGYKSLSTL_HLA-B*07:02,tcr10081,1
vdjdb_full_10522_ss_3_n0,HPNGYKSLSTL_HLA-B*07:02,tcr4023,0
vdjdb_full_10523,HPNGYKSLSTL_HLA-B*07:02,tcr12783,1
vdjdb_full_10523_ss_3_n0,HPNGYKSLSTL_HLA-B*07:02,tcr13638,0
vdjdb_full_10524,HPNGYKSLSTL_HLA-B*07:02,tcr13744,1
vdjdb_full_10524_ss_3_n0,HPNGYKSLSTL_HLA-B*07:02,tcr9922,0
vdjdb_full_10525,HPNGYKSLSTL_HLA-B*07:02,tcr10961,1
vdjdb_full_10525_ss_3_n0,HPNGYKSLSTL_HLA-B*07:02,tcr8687,0
vdjdb_full_10526,HPNGYKSLSTL_HLA-B*07:02,tcr5172,1
vdjdb_full_10526_ss_3_n0,HPNGYKSLSTL_HLA-B*07:02,tcr5630,0
vdjdb_full_10527,HPNGYKSLSTL_HLA-B*07:02,tcr10289,1
vdjdb_full_10527_ss_3_n0,HPNGYKSLSTL_HLA-B*07:02,tcr5565,0
vdjdb_full_10528,HPNGYKSLSTL_HLA-B*07:02,tcr5061,1
vdjdb_full_10528_ss_3_n0,HPNGYKSLSTL_HLA-B*07:02,tcr7531,0
vdjdb_full_10529,HPNGYKSLSTL_HLA-B*07:02,tcr4122,1
vdjdb_full_10529_ss_3_n0,HPNGYKSLSTL_HLA-B*07:02,tcr6069,0
vdjdb_full_10530,HPNGYKSLSTL_HLA-B*07:02,tcr817,1
vdjdb_full_10530_ss_3_n0,HPNGYKSLSTL_HLA-B*07:02,tcr16432,0
vdjdb_full_10531,HPNGYKSLSTL_HLA-B*07:02,tcr1287,1
vdjdb_full_10531_ss_3_n0,HPNGYKSLSTL_HLA-B*07:02,tcr16693,0
vdjdb_full_10532,HPNGYKSLSTL_HLA-B*07:02,tcr14487,1
vdjdb_full_10532_ss_3_n0,HPNGYKSLSTL_HLA-B*07:02,tcr12823,0
vdjdb_full_10533,HPNGYKSLSTL_HLA-B*07:02,tcr7753,1
vdjdb_full_10533_ss_3_n0,HPNGYKSLSTL_HLA-B*07:02,tcr16601,0
vdjdb_full_10535,HPNGYKSLSTL_HLA-B*07:02,tcr11729,1
vdjdb_full_10535_ss_3_n0,HPNGYKSLSTL_HLA-B*07:02,tcr12590,0
vdjdb_full_10536,HPNGYKSLSTL_HLA-B*07:02,tcr6001,1
vdjdb_full_10536_ss_3_n0,HPNGYKSLSTL_HLA-B*07:02,tcr14298,0
vdjdb_full_10537,HPNGYKSLSTL_HLA-B*07:02,tcr12796,1
vdjdb_full_10537_ss_3_n0,HPNGYKSLSTL_HLA-B*07:02,tcr17306,0
vdjdb_full_10538,HPNGYKSLSTL_HLA-B*07:02,tcr8658,1
vdjdb_full_10538_ss_3_n0,HPNGYKSLSTL_HLA-B*07:02,tcr474,0
vdjdb_full_10539,HPNGYKSLSTL_HLA-B*07:02,tcr5160,1
vdjdb_full_10539_ss_3_n0,HPNGYKSLSTL_HLA-B*07:02,tcr5359,0
vdjdb_full_10540,HPNGYKSLSTL_HLA-B*07:02,tcr14585,1
vdjdb_full_10540_ss_3_n0,HPNGYKSLSTL_HLA-B*07:02,tcr15578,0
vdjdb_full_10541,HPNGYKSLSTL_HLA-B*07:02,tcr6651,1
vdjdb_full_10541_ss_3_n0,HPNGYKSLSTL_HLA-B*07:02,tcr12230,0
vdjdb_full_10542,HPNGYKSLSTL_HLA-B*07:02,tcr9181,1
vdjdb_full_10542_ss_3_n0,HPNGYKSLSTL_HLA-B*07:02,tcr3355,0
vdjdb_full_10543,HPNGYKSLSTL_HLA-B*07:02,tcr16824,1
vdjdb_full_10543_ss_3_n0,HPNGYKSLSTL_HLA-B*07:02,tcr11855,0
vdjdb_full_10544,HPNGYKSLSTL_HLA-B*07:02,tcr5481,1
vdjdb_full_10544_ss_3_n0,HPNGYKSLSTL_HLA-B*07:02,tcr13559,0
vdjdb_full_10545,HPNGYKSLSTL_HLA-B*07:02,tcr17788,1
vdjdb_full_10545_ss_3_n0,HPNGYKSLSTL_HLA-B*07:02,tcr14466,0
vdjdb_full_15715,VYFLQSINF_HLA-A*24:02,tcr1468,1
vdjdb_full_15715_ss_3_n0,VYFLQSINF_HLA-A*24:02,tcr17069,0
vdjdb_full_15716,VYFLQSINF_HLA-A*24:02,tcr1917,1
vdjdb_full_15716_ss_3_n0,VYFLQSINF_HLA-A*24:02,tcr469,0
vdjdb_full_15717,VYFLQSINF_HLA-A*24:02,tcr4023,1
vdjdb_full_15717_ss_3_n0,VYFLQSINF_HLA-A*24:02,tcr429,0
vdjdb_full_15718,VYFLQSINF_HLA-A*24:02,tcr16954,1
vdjdb_full_15718_ss_3_n0,VYFLQSINF_HLA-A*24:02,tcr17760,0
vdjdb_full_15719,VYFLQSINF_HLA-A*24:02,tcr13982,1
vdjdb_full_15719_ss_3_n0,VYFLQSINF_HLA-A*24:02,tcr3342,0
vdjdb_full_15720,VYFLQSINF_HLA-A*24:02,tcr5464,1
vdjdb_full_15720_ss_3_n0,VYFLQSINF_HLA-A*24:02,tcr4016,0
vdjdb_full_15721,VYFLQSINF_HLA-A*24:02,tcr11244,1
vdjdb_full_15721_ss_3_n0,VYFLQSINF_HLA-A*24:02,tcr9735,0
vdjdb_full_15722,VYFLQSINF_HLA-A*24:02,tcr14467,1
vdjdb_full_15722_ss_3_n0,VYFLQSINF_HLA-A*24:02,tcr13043,0
vdjdb_full_15723,VYFLQSINF_HLA-A*24:02,tcr17625,1
vdjdb_full_15723_ss_3_n0,VYFLQSINF_HLA-A*24:02,tcr1437,0
vdjdb_full_15724,VYFLQSINF_HLA-A*24:02,tcr13477,1
vdjdb_full_15724_ss_3_n0,VYFLQSINF_HLA-A*24:02,tcr3087,0
vdjdb_full_15726,VYFLQSINF_HLA-A*24:02,tcr15073,1
vdjdb_full_15726_ss_3_n0,VYFLQSINF_HLA-A*24:02,tcr512,0
vdjdb_full_15727,VYFLQSINF_HLA-A*24:02,tcr17704,1
vdjdb_full_15727_ss_3_n0,VYFLQSINF_HLA-A*24:02,tcr5510,0
vdjdb_full_15728,VYFLQSINF_HLA-A*24:02,tcr11220,1
vdjdb_full_15728_ss_3_n0,VYFLQSINF_HLA-A*24:02,tcr14600,0
vdjdb_full_15729,VYFLQSINF_HLA-A*24:02,tcr12212,1
vdjdb_full_15729_ss_3_n0,VYFLQSINF_HLA-A*24:02,tcr9484,0
vdjdb_full_15730,VYFLQSINF_HLA-A*24:02,tcr9476,1
vdjdb_full_15730_ss_3_n0,VYFLQSINF_HLA-A*24:02,tcr1441,0
vdjdb_full_15731,VYFLQSINF_HLA-A*24:02,tcr6263,1
vdjdb_full_15731_ss_3_n0,VYFLQSINF_HLA-A*24:02,tcr12979,0
vdjdb_full_15732,VYFLQSINF_HLA-A*24:02,tcr11108,1
vdjdb_full_15732_ss_3_n0,VYFLQSINF_HLA-A*24:02,tcr8665,0
vdjdb_full_15733,VYFLQSINF_HLA-A*24:02,tcr1029,1
vdjdb_full_15733_ss_3_n0,VYFLQSINF_HLA-A*24:02,tcr4402,0
vdjdb_full_15734,VYFLQSINF_HLA-A*24:02,tcr12113,1
vdjdb_full_15734_ss_3_n0,VYFLQSINF_HLA-A*24:02,tcr6743,0
vdjdb_full_15735,VYFLQSINF_HLA-A*24:02,tcr14562,1
vdjdb_full_15735_ss_3_n0,VYFLQSINF_HLA-A*24:02,tcr5821,0
vdjdb_full_15736,VYFLQSINF_HLA-A*24:02,tcr12918,1
vdjdb_full_15736_ss_3_n0,VYFLQSINF_HLA-A*24:02,tcr3863,0
vdjdb_full_15737,VYFLQSINF_HLA-A*24:02,tcr15839,1
vdjdb_full_15737_ss_3_n0,VYFLQSINF_HLA-A*24:02,tcr8727,0
vdjdb_full_15738,VYFLQSINF_HLA-A*24:02,tcr281,1
vdjdb_full_15738_ss_3_n0,VYFLQSINF_HLA-A*24:02,tcr1058,0
vdjdb_full_15739,VYFLQSINF_HLA-A*24:02,tcr3020,1
vdjdb_full_15739_ss_3_n0,VYFLQSINF_HLA-A*24:02,tcr8985,0
vdjdb_full_15740,VYFLQSINF_HLA-A*24:02,tcr14397,1
vdjdb_full_15740_ss_3_n0,VYFLQSINF_HLA-A*24:02,tcr11126,0
vdjdb_full_15741,VYFLQSINF_HLA-A*24:02,tcr1052,1
vdjdb_full_15741_ss_3_n0,VYFLQSINF_HLA-A*24:02,tcr2216,0
vdjdb_full_15742,VYFLQSINF_HLA-A*24:02,tcr4380,1
vdjdb_full_15742_ss_3_n0,VYFLQSINF_HLA-A*24:02,tcr17448,0
vdjdb_full_15743,VYFLQSINF_HLA-A*24:02,tcr17866,1
vdjdb_full_15743_ss_3_n0,VYFLQSINF_HLA-A*24:02,tcr4649,0
vdjdb_full_8309,LLDFVRFMGV_HLA-A*02:01,tcr566,1
vdjdb_full_8309_ss_3_n0,LLDFVRFMGV_HLA-A*02:01,tcr3675,0
vdjdb_full_8310,LLDFVRFMGV_HLA-A*02:01,tcr6967,1
vdjdb_full_8310_ss_3_n0,LLDFVRFMGV_HLA-A*02:01,tcr9241,0
vdjdb_full_8311,LLDFVRFMGV_HLA-A*02:01,tcr15699,1
vdjdb_full_8311_ss_3_n0,LLDFVRFMGV_HLA-A*02:01,tcr3625,0
vdjdb_full_8312,LLDFVRFMGV_HLA-A*02:01,tcr3816,1
vdjdb_full_8312_ss_3_n0,LLDFVRFMGV_HLA-A*02:01,tcr6763,0
vdjdb_full_8313,LLDFVRFMGV_HLA-A*02:01,tcr14412,1
vdjdb_full_8313_ss_3_n0,LLDFVRFMGV_HLA-A*02:01,tcr847,0
vdjdb_full_8314,LLDFVRFMGV_HLA-A*02:01,tcr16843,1
vdjdb_full_8314_ss_3_n0,LLDFVRFMGV_HLA-A*02:01,tcr4511,0
vdjdb_full_8315,LLDFVRFMGV_HLA-A*02:01,tcr14752,1
vdjdb_full_8315_ss_3_n0,LLDFVRFMGV_HLA-A*02:01,tcr14821,0
vdjdb_full_8316,LLDFVRFMGV_HLA-A*02:01,tcr7993,1
vdjdb_full_8316_ss_3_n0,LLDFVRFMGV_HLA-A*02:01,tcr12902,0
vdjdb_full_8317,LLDFVRFMGV_HLA-A*02:01,tcr4925,1
vdjdb_full_8317_ss_3_n0,LLDFVRFMGV_HLA-A*02:01,tcr1113,0
vdjdb_full_8318,LLDFVRFMGV_HLA-A*02:01,tcr4921,1
vdjdb_full_8318_ss_3_n0,LLDFVRFMGV_HLA-A*02:01,tcr17923,0
vdjdb_full_8319,LLDFVRFMGV_HLA-A*02:01,tcr10588,1
vdjdb_full_8319_ss_3_n0,LLDFVRFMGV_HLA-A*02:01,tcr18210,0
vdjdb_full_8320,LLDFVRFMGV_HLA-A*02:01,tcr17944,1
vdjdb_full_8320_ss_3_n0,LLDFVRFMGV_HLA-A*02:01,tcr9319,0
vdjdb_full_8321,LLDFVRFMGV_HLA-A*02:01,tcr8046,1
vdjdb_full_8321_ss_3_n0,LLDFVRFMGV_HLA-A*02:01,tcr14987,0
vdjdb_full_8322,LLDFVRFMGV_HLA-A*02:01,tcr6763,1
vdjdb_full_8322_ss_3_n0,LLDFVRFMGV_HLA-A*02:01,tcr15137,0
vdjdb_full_8323,LLDFVRFMGV_HLA-A*02:01,tcr3216,1
vdjdb_full_8323_ss_3_n0,LLDFVRFMGV_HLA-A*02:01,tcr8332,0
vdjdb_full_8324,LLDFVRFMGV_HLA-A*02:01,tcr12262,1
vdjdb_full_8324_ss_3_n0,LLDFVRFMGV_HLA-A*02:01,tcr14198,0
vdjdb_full_8325,LLDFVRFMGV_HLA-A*02:01,tcr8220,1
vdjdb_full_8325_ss_3_n0,LLDFVRFMGV_HLA-A*02:01,tcr17386,0
vdjdb_full_8326,LLDFVRFMGV_HLA-A*02:01,tcr12916,1
vdjdb_full_8326_ss_3_n0,LLDFVRFMGV_HLA-A*02:01,tcr7002,0
vdjdb_full_8327,LLDFVRFMGV_HLA-A*02:01,tcr746,1
vdjdb_full_8327_ss_3_n0,LLDFVRFMGV_HLA-A*02:01,tcr9545,0
vdjdb_full_8328,LLDFVRFMGV_HLA-A*02:01,tcr12298,1
vdjdb_full_8328_ss_3_n0,LLDFVRFMGV_HLA-A*02:01,tcr951,0
vdjdb_full_8329,LLDFVRFMGV_HLA-A*02:01,tcr269,1
vdjdb_full_8329_ss_3_n0,LLDFVRFMGV_HLA-A*02:01,tcr2619,0
vdjdb_full_8330,LLDFVRFMGV_HLA-A*02:01,tcr5885,1
vdjdb_full_8330_ss_3_n0,LLDFVRFMGV_HLA-A*02:01,tcr17522,0
vdjdb_full_8331,LLDFVRFMGV_HLA-A*02:01,tcr1,1
vdjdb_full_8331_ss_3_n0,LLDFVRFMGV_HLA-A*02:01,tcr4347,0
vdjdb_full_8332,LLDFVRFMGV_HLA-A*02:01,tcr9742,1
vdjdb_full_8332_ss_3_n0,LLDFVRFMGV_HLA-A*02:01,tcr18137,0
vdjdb_full_8333,LLDFVRFMGV_HLA-A*02:01,tcr13720,1
vdjdb_full_8333_ss_3_n0,LLDFVRFMGV_HLA-A*02:01,tcr5437,0
vdjdb_full_8334,LLDFVRFMGV_HLA-A*02:01,tcr11422,1
vdjdb_full_8334_ss_3_n0,LLDFVRFMGV_HLA-A*02:01,tcr810,0
vdjdb_full_8335,LLDFVRFMGV_HLA-A*02:01,tcr11538,1
vdjdb_full_8335_ss_3_n0,LLDFVRFMGV_HLA-A*02:01,tcr16300,0
vdjdb_full_17112,HSNLNDATY_HLA-A*01:01,tcr16485,1
vdjdb_full_17112_ss_3_n0,HSNLNDATY_HLA-A*01:01,tcr2885,0
vdjdb_full_17113,HSNLNDATY_HLA-A*01:01,tcr1511,1
vdjdb_full_17113_ss_3_n0,HSNLNDATY_HLA-A*01:01,tcr13444,0
vdjdb_full_17114,HSNLNDATY_HLA-A*01:01,tcr2180,1
vdjdb_full_17114_ss_3_n0,HSNLNDATY_HLA-A*01:01,tcr6754,0
vdjdb_full_17115,HSNLNDATY_HLA-A*01:01,tcr9644,1
vdjdb_full_17115_ss_3_n0,HSNLNDATY_HLA-A*01:01,tcr5349,0
vdjdb_full_17116,HSNLNDATY_HLA-A*01:01,tcr7709,1
vdjdb_full_17116_ss_3_n0,HSNLNDATY_HLA-A*01:01,tcr5509,0
vdjdb_full_17117,HSNLNDATY_HLA-A*01:01,tcr1344,1
vdjdb_full_17117_ss_3_n0,HSNLNDATY_HLA-A*01:01,tcr10629,0
vdjdb_full_17118,HSNLNDATY_HLA-A*01:01,tcr12732,1
vdjdb_full_17118_ss_3_n0,HSNLNDATY_HLA-A*01:01,tcr16097,0
vdjdb_full_17119,HSNLNDATY_HLA-A*01:01,tcr18158,1
vdjdb_full_17119_ss_3_n0,HSNLNDATY_HLA-A*01:01,tcr5048,0
vdjdb_full_17120,HSNLNDATY_HLA-A*01:01,tcr10344,1
vdjdb_full_17120_ss_3_n0,HSNLNDATY_HLA-A*01:01,tcr8121,0
vdjdb_full_17123,HSNLNDATY_HLA-A*01:01,tcr8020,1
vdjdb_full_17123_ss_3_n0,HSNLNDATY_HLA-A*01:01,tcr5820,0
vdjdb_full_17124,HSNLNDATY_HLA-A*01:01,tcr15530,1
vdjdb_full_17124_ss_3_n0,HSNLNDATY_HLA-A*01:01,tcr15902,0
vdjdb_full_17125,HSNLNDATY_HLA-A*01:01,tcr2749,1
vdjdb_full_17125_ss_3_n0,HSNLNDATY_HLA-A*01:01,tcr17963,0
vdjdb_full_17126,HSNLNDATY_HLA-A*01:01,tcr15491,1
vdjdb_full_17126_ss_3_n0,HSNLNDATY_HLA-A*01:01,tcr7535,0
vdjdb_full_17127,HSNLNDATY_HLA-A*01:01,tcr12611,1
vdjdb_full_17127_ss_3_n0,HSNLNDATY_HLA-A*01:01,tcr18301,0
vdjdb_full_17128,HSNLNDATY_HLA-A*01:01,tcr1681,1
vdjdb_full_17128_ss_3_n0,HSNLNDATY_HLA-A*01:01,tcr3187,0
vdjdb_full_17129,HSNLNDATY_HLA-A*01:01,tcr4726,1
vdjdb_full_17129_ss_3_n0,HSNLNDATY_HLA-A*01:01,tcr5424,0
vdjdb_full_17130,HSNLNDATY_HLA-A*01:01,tcr4224,1
vdjdb_full_17130_ss_3_n0,HSNLNDATY_HLA-A*01:01,tcr17902,0
vdjdb_full_17131,HSNLNDATY_HLA-A*01:01,tcr17333,1
vdjdb_full_17131_ss_3_n0,HSNLNDATY_HLA-A*01:01,tcr4923,0
vdjdb_full_17132,HSNLNDATY_HLA-A*01:01,tcr8324,1
vdjdb_full_17132_ss_3_n0,HSNLNDATY_HLA-A*01:01,tcr7352,0
vdjdb_full_17133,HSNLNDATY_HLA-A*01:01,tcr13503,1
vdjdb_full_17133_ss_3_n0,HSNLNDATY_HLA-A*01:01,tcr413,0
vdjdb_full_17134,HSNLNDATY_HLA-A*01:01,tcr16125,1
vdjdb_full_17134_ss_3_n0,HSNLNDATY_HLA-A*01:01,tcr7347,0
vdjdb_full_17135,HSNLNDATY_HLA-A*01:01,tcr9339,1
vdjdb_full_17135_ss_3_n0,HSNLNDATY_HLA-A*01:01,tcr2477,0
vdjdb_full_17136,HSNLNDATY_HLA-A*01:01,tcr15362,1
vdjdb_full_17136_ss_3_n0,HSNLNDATY_HLA-A*01:01,tcr18394,0
vdjdb_full_17137,HSNLNDATY_HLA-A*01:01,tcr4680,1
vdjdb_full_17137_ss_3_n0,HSNLNDATY_HLA-A*01:01,tcr16140,0
vdjdb_full_17138,HSNLNDATY_HLA-A*01:01,tcr8342,1
vdjdb_full_17138_ss_3_n0,HSNLNDATY_HLA-A*01:01,tcr7734,0
vdjdb_full_17139,HSNLNDATY_HLA-A*01:01,tcr12253,1
vdjdb_full_17139_ss_3_n0,HSNLNDATY_HLA-A*01:01,tcr1101,0
vdjdb_full_13364,LPRWYFYYL_HLA-B*07:02,tcr413,1
vdjdb_full_13364_ss_3_n0,LPRWYFYYL_HLA-B*07:02,tcr17750,0
vdjdb_full_13365,LPRWYFYYL_HLA-B*07:02,tcr7553,1
vdjdb_full_13365_ss_3_n0,LPRWYFYYL_HLA-B*07:02,tcr926,0
vdjdb_full_13366,LPRWYFYYL_HLA-B*07:02,tcr11855,1
vdjdb_full_13366_ss_3_n0,LPRWYFYYL_HLA-B*07:02,tcr7086,0
vdjdb_full_13367,LPRWYFYYL_HLA-B*07:02,tcr6785,1
vdjdb_full_13367_ss_3_n0,LPRWYFYYL_HLA-B*07:02,tcr1824,0
vdjdb_full_13368,LPRWYFYYL_HLA-B*07:02,tcr17145,1
vdjdb_full_13368_ss_3_n0,LPRWYFYYL_HLA-B*07:02,tcr17522,0
vdjdb_full_13369,LPRWYFYYL_HLA-B*07:02,tcr12480,1
vdjdb_full_13369_ss_3_n0,LPRWYFYYL_HLA-B*07:02,tcr512,0
vdjdb_full_13370,LPRWYFYYL_HLA-B*07:02,tcr14329,1
vdjdb_full_13370_ss_3_n0,LPRWYFYYL_HLA-B*07:02,tcr18270,0
vdjdb_full_13371,LPRWYFYYL_HLA-B*07:02,tcr3686,1
vdjdb_full_13371_ss_3_n0,LPRWYFYYL_HLA-B*07:02,tcr16942,0
vdjdb_full_13372,LPRWYFYYL_HLA-B*07:02,tcr9796,1
vdjdb_full_13372_ss_3_n0,LPRWYFYYL_HLA-B*07:02,tcr1386,0
vdjdb_full_13373,LPRWYFYYL_HLA-B*07:02,tcr7335,1
vdjdb_full_13373_ss_3_n0,LPRWYFYYL_HLA-B*07:02,tcr9753,0
vdjdb_full_13374,LPRWYFYYL_HLA-B*07:02,tcr12749,1
vdjdb_full_13374_ss_3_n0,LPRWYFYYL_HLA-B*07:02,tcr8264,0
vdjdb_full_13375,LPRWYFYYL_HLA-B*07:02,tcr6352,1
vdjdb_full_13375_ss_3_n0,LPRWYFYYL_HLA-B*07:02,tcr17672,0
vdjdb_full_13376,LPRWYFYYL_HLA-B*07:02,tcr3353,1
vdjdb_full_13376_ss_3_n0,LPRWYFYYL_HLA-B*07:02,tcr8652,0
vdjdb_full_13377,LPRWYFYYL_HLA-B*07:02,tcr15991,1
vdjdb_full_13377_ss_3_n0,LPRWYFYYL_HLA-B*07:02,tcr14752,0
vdjdb_full_13378,LPRWYFYYL_HLA-B*07:02,tcr7838,1
vdjdb_full_13378_ss_3_n0,LPRWYFYYL_HLA-B*07:02,tcr4532,0
vdjdb_full_13379,LPRWYFYYL_HLA-B*07:02,tcr7059,1
vdjdb_full_13379_ss_3_n0,LPRWYFYYL_HLA-B*07:02,tcr671,0
vdjdb_full_13380,LPRWYFYYL_HLA-B*07:02,tcr5081,1
vdjdb_full_13380_ss_3_n0,LPRWYFYYL_HLA-B*07:02,tcr6893,0
vdjdb_full_13381,LPRWYFYYL_HLA-B*07:02,tcr5553,1
vdjdb_full_13381_ss_3_n0,LPRWYFYYL_HLA-B*07:02,tcr11596,0
vdjdb_full_13382,LPRWYFYYL_HLA-B*07:02,tcr5031,1
vdjdb_full_13382_ss_3_n0,LPRWYFYYL_HLA-B*07:02,tcr16104,0
vdjdb_full_13383,LPRWYFYYL_HLA-B*07:02,tcr7194,1
vdjdb_full_13383_ss_3_n0,LPRWYFYYL_HLA-B*07:02,tcr10840,0
vdjdb_full_13384,LPRWYFYYL_HLA-B*07:02,tcr10317,1
vdjdb_full_13384_ss_3_n0,LPRWYFYYL_HLA-B*07:02,tcr335,0
vdjdb_full_13385,LPRWYFYYL_HLA-B*07:02,tcr10119,1
vdjdb_full_13385_ss_3_n0,LPRWYFYYL_HLA-B*07:02,tcr11205,0
vdjdb_full_17174,ALSKGVHFV_HLA-A*02:01,tcr15908,1
vdjdb_full_17174_ss_3_n0,ALSKGVHFV_HLA-A*02:01,tcr7352,0
vdjdb_full_17175,ALSKGVHFV_HLA-A*02:01,tcr17852,1
vdjdb_full_17175_ss_3_n0,ALSKGVHFV_HLA-A*02:01,tcr2263,0
vdjdb_full_17176,ALSKGVHFV_HLA-A*02:01,tcr7663,1
vdjdb_full_17176_ss_3_n0,ALSKGVHFV_HLA-A*02:01,tcr11158,0
vdjdb_full_17177,ALSKGVHFV_HLA-A*02:01,tcr10311,1
vdjdb_full_17177_ss_3_n0,ALSKGVHFV_HLA-A*02:01,tcr5636,0
vdjdb_full_17178,ALSKGVHFV_HLA-A*02:01,tcr4768,1
vdjdb_full_17178_ss_3_n0,ALSKGVHFV_HLA-A*02:01,tcr5152,0
vdjdb_full_17180,ALSKGVHFV_HLA-A*02:01,tcr16378,1
vdjdb_full_17180_ss_3_n0,ALSKGVHFV_HLA-A*02:01,tcr14502,0
vdjdb_full_17181,ALSKGVHFV_HLA-A*02:01,tcr8002,1
vdjdb_full_17181_ss_3_n0,ALSKGVHFV_HLA-A*02:01,tcr2442,0
vdjdb_full_17182,ALSKGVHFV_HLA-A*02:01,tcr13158,1
vdjdb_full_17182_ss_3_n0,ALSKGVHFV_HLA-A*02:01,tcr15847,0
vdjdb_full_17184,ALSKGVHFV_HLA-A*02:01,tcr4506,1
vdjdb_full_17184_ss_3_n0,ALSKGVHFV_HLA-A*02:01,tcr6519,0
vdjdb_full_17185,ALSKGVHFV_HLA-A*02:01,tcr14975,1
vdjdb_full_17185_ss_3_n0,ALSKGVHFV_HLA-A*02:01,tcr12621,0
vdjdb_full_17186,ALSKGVHFV_HLA-A*02:01,tcr10134,1
vdjdb_full_17186_ss_3_n0,ALSKGVHFV_HLA-A*02:01,tcr5112,0
vdjdb_full_17187,ALSKGVHFV_HLA-A*02:01,tcr5780,1
vdjdb_full_17187_ss_3_n0,ALSKGVHFV_HLA-A*02:01,tcr16337,0
vdjdb_full_17188,ALSKGVHFV_HLA-A*02:01,tcr16946,1
vdjdb_full_17188_ss_3_n0,ALSKGVHFV_HLA-A*02:01,tcr8687,0
vdjdb_full_17189,ALSKGVHFV_HLA-A*02:01,tcr213,1
vdjdb_full_17189_ss_3_n0,ALSKGVHFV_HLA-A*02:01,tcr9478,0
vdjdb_full_17190,ALSKGVHFV_HLA-A*02:01,tcr7261,1
vdjdb_full_17190_ss_3_n0,ALSKGVHFV_HLA-A*02:01,tcr6739,0
vdjdb_full_17191,ALSKGVHFV_HLA-A*02:01,tcr14276,1
vdjdb_full_17191_ss_3_n0,ALSKGVHFV_HLA-A*02:01,tcr6365,0
vdjdb_full_17192,ALSKGVHFV_HLA-A*02:01,tcr9596,1
vdjdb_full_17192_ss_3_n0,ALSKGVHFV_HLA-A*02:01,tcr8038,0
vdjdb_full_17193,ALSKGVHFV_HLA-A*02:01,tcr9521,1
vdjdb_full_17193_ss_3_n0,ALSKGVHFV_HLA-A*02:01,tcr11051,0
vdjdb_full_17194,ALSKGVHFV_HLA-A*02:01,tcr9895,1
vdjdb_full_17194_ss_3_n0,ALSKGVHFV_HLA-A*02:01,tcr3352,0
vdjdb_full_17195,ALSKGVHFV_HLA-A*02:01,tcr1707,1
vdjdb_full_17195_ss_3_n0,ALSKGVHFV_HLA-A*02:01,tcr7358,0
vdjdb_full_17196,ALSKGVHFV_HLA-A*02:01,tcr14303,1
vdjdb_full_17196_ss_3_n0,ALSKGVHFV_HLA-A*02:01,tcr7129,0
vdjdb_full_17197,ALSKGVHFV_HLA-A*02:01,tcr15312,1
vdjdb_full_17197_ss_3_n0,ALSKGVHFV_HLA-A*02:01,tcr13846,0
vdjdb_full_17923,YSEHPTFTSQY_HLA-A*01:01,tcr14444,1
vdjdb_full_17923_ss_3_n0,YSEHPTFTSQY_HLA-A*01:01,tcr13894,0
vdjdb_full_17924,YSEHPTFTSQY_HLA-A*01:01,tcr6683,1
vdjdb_full_17924_ss_3_n0,YSEHPTFTSQY_HLA-A*01:01,tcr8878,0
vdjdb_full_17925,YSEHPTFTSQY_HLA-A*01:01,tcr7596,1
vdjdb_full_17925_ss_3_n0,YSEHPTFTSQY_HLA-A*01:01,tcr15584,0
vdjdb_full_17926,YSEHPTFTSQY_HLA-A*01:01,tcr15502,1
vdjdb_full_17926_ss_3_n0,YSEHPTFTSQY_HLA-A*01:01,tcr12012,0
vdjdb_full_17927,YSEHPTFTSQY_HLA-A*01:01,tcr8066,1
vdjdb_full_17927_ss_3_n0,YSEHPTFTSQY_HLA-A*01:01,tcr16182,0
vdjdb_full_17928,YSEHPTFTSQY_HLA-A*01:01,tcr2447,1
vdjdb_full_17928_ss_3_n0,YSEHPTFTSQY_HLA-A*01:01,tcr7107,0
vdjdb_full_17929,YSEHPTFTSQY_HLA-A*01:01,tcr6727,1
vdjdb_full_17929_ss_3_n0,YSEHPTFTSQY_HLA-A*01:01,tcr7540,0
vdjdb_full_17930,YSEHPTFTSQY_HLA-A*01:01,tcr6231,1
vdjdb_full_17930_ss_3_n0,YSEHPTFTSQY_HLA-A*01:01,tcr399,0
vdjdb_full_17931,YSEHPTFTSQY_HLA-A*01:01,tcr7515,1
vdjdb_full_17931_ss_3_n0,YSEHPTFTSQY_HLA-A*01:01,tcr9998,0
vdjdb_full_17932,YSEHPTFTSQY_HLA-A*01:01,tcr310,1
vdjdb_full_17932_ss_3_n0,YSEHPTFTSQY_HLA-A*01:01,tcr10878,0
vdjdb_full_17933,YSEHPTFTSQY_HLA-A*01:01,tcr17516,1
vdjdb_full_17933_ss_3_n0,YSEHPTFTSQY_HLA-A*01:01,tcr8963,0
vdjdb_full_17934,YSEHPTFTSQY_HLA-A*01:01,tcr10641,1
vdjdb_full_17934_ss_3_n0,YSEHPTFTSQY_HLA-A*01:01,tcr9183,0
vdjdb_full_17935,YSEHPTFTSQY_HLA-A*01:01,tcr2049,1
vdjdb_full_17935_ss_3_n0,YSEHPTFTSQY_HLA-A*01:01,tcr17013,0
vdjdb_full_17936,YSEHPTFTSQY_HLA-A*01:01,tcr15296,1
vdjdb_full_17936_ss_3_n0,YSEHPTFTSQY_HLA-A*01:01,tcr2857,0
vdjdb_full_17937,YSEHPTFTSQY_HLA-A*01:01,tcr13711,1
vdjdb_full_17937_ss_3_n0,YSEHPTFTSQY_HLA-A*01:01,tcr2334,0
vdjdb_full_17938,YSEHPTFTSQY_HLA-A*01:01,tcr1322,1
vdjdb_full_17938_ss_3_n0,YSEHPTFTSQY_HLA-A*01:01,tcr575,0
vdjdb_full_17939,YSEHPTFTSQY_HLA-A*01:01,tcr16586,1
vdjdb_full_17939_ss_3_n0,YSEHPTFTSQY_HLA-A*01:01,tcr9863,0
vdjdb_full_17940,YSEHPTFTSQY_HLA-A*01:01,tcr16493,1
vdjdb_full_17940_ss_3_n0,YSEHPTFTSQY_HLA-A*01:01,tcr16008,0
vdjdb_full_17941,YSEHPTFTSQY_HLA-A*01:01,tcr14186,1
vdjdb_full_17941_ss_3_n0,YSEHPTFTSQY_HLA-A*01:01,tcr15939,0
vdjdb_full_17942,YSEHPTFTSQY_HLA-A*01:01,tcr10804,1
vdjdb_full_17942_ss_3_n0,YSEHPTFTSQY_HLA-A*01:01,tcr13513,0
vdjdb_full_17943,YSEHPTFTSQY_HLA-A*01:01,tcr3544,1
vdjdb_full_17943_ss_3_n0,YSEHPTFTSQY_HLA-A*01:01,tcr3626,0
vdjdb_full_17944,YSEHPTFTSQY_HLA-A*01:01,tcr11834,1
vdjdb_full_17944_ss_3_n0,YSEHPTFTSQY_HLA-A*01:01,tcr17238,0
vdjdb_full_14714,RPRGEVRFL_HLA-B*07:02,tcr17278,1
vdjdb_full_14714_ss_3_n0,RPRGEVRFL_HLA-B*07:02,tcr2177,0
vdjdb_full_14715,RPRGEVRFL_HLA-B*07:02,tcr9880,1
vdjdb_full_14715_ss_3_n0,RPRGEVRFL_HLA-B*07:02,tcr12570,0
vdjdb_full_14716,RPRGEVRFL_HLA-B*07:02,tcr4673,1
vdjdb_full_14716_ss_3_n0,RPRGEVRFL_HLA-B*07:02,tcr9123,0
vdjdb_full_14717,RPRGEVRFL_HLA-B*07:02,tcr6195,1
vdjdb_full_14717_ss_3_n0,RPRGEVRFL_HLA-B*07:02,tcr903,0
vdjdb_full_14718,RPRGEVRFL_HLA-B*07:02,tcr6875,1
vdjdb_full_14718_ss_3_n0,RPRGEVRFL_HLA-B*07:02,tcr6857,0
vdjdb_full_14719,RPRGEVRFL_HLA-B*07:02,tcr10149,1
vdjdb_full_14719_ss_3_n0,RPRGEVRFL_HLA-B*07:02,tcr5270,0
vdjdb_full_14720,RPRGEVRFL_HLA-B*07:02,tcr13005,1
vdjdb_full_14720_ss_3_n0,RPRGEVRFL_HLA-B*07:02,tcr6821,0
vdjdb_full_14721,RPRGEVRFL_HLA-B*07:02,tcr13045,1
vdjdb_full_14721_ss_3_n0,RPRGEVRFL_HLA-B*07:02,tcr8217,0
vdjdb_full_14722,RPRGEVRFL_HLA-B*07:02,tcr5044,1
vdjdb_full_14722_ss_3_n0,RPRGEVRFL_HLA-B*07:02,tcr5535,0
vdjdb_full_14723,RPRGEVRFL_HLA-B*07:02,tcr9820,1
vdjdb_full_14723_ss_3_n0,RPRGEVRFL_HLA-B*07:02,tcr15075,0
vdjdb_full_14724,RPRGEVRFL_HLA-B*07:02,tcr3751,1
vdjdb_full_14724_ss_3_n0,RPRGEVRFL_HLA-B*07:02,tcr16605,0
vdjdb_full_14725,RPRGEVRFL_HLA-B*07:02,tcr11743,1
vdjdb_full_14725_ss_3_n0,RPRGEVRFL_HLA-B*07:02,tcr15468,0
vdjdb_full_14726,RPRGEVRFL_HLA-B*07:02,tcr7063,1
vdjdb_full_14726_ss_3_n0,RPRGEVRFL_HLA-B*07:02,tcr15699,0
vdjdb_full_14727,RPRGEVRFL_HLA-B*07:02,tcr4596,1
vdjdb_full_14727_ss_3_n0,RPRGEVRFL_HLA-B*07:02,tcr15199,0
vdjdb_full_14728,RPRGEVRFL_HLA-B*07:02,tcr5251,1
vdjdb_full_14728_ss_3_n0,RPRGEVRFL_HLA-B*07:02,tcr2420,0
vdjdb_full_14729,RPRGEVRFL_HLA-B*07:02,tcr5021,1
vdjdb_full_14729_ss_3_n0,RPRGEVRFL_HLA-B*07:02,tcr16158,0
vdjdb_full_14730,RPRGEVRFL_HLA-B*07:02,tcr8871,1
vdjdb_full_14730_ss_3_n0,RPRGEVRFL_HLA-B*07:02,tcr13340,0
vdjdb_full_14731,RPRGEVRFL_HLA-B*07:02,tcr11887,1
vdjdb_full_14731_ss_3_n0,RPRGEVRFL_HLA-B*07:02,tcr6070,0
vdjdb_full_14732,RPRGEVRFL_HLA-B*07:02,tcr9898,1
vdjdb_full_14732_ss_3_n0,RPRGEVRFL_HLA-B*07:02,tcr17487,0
vdjdb_full_14733,RPRGEVRFL_HLA-B*07:02,tcr11592,1
vdjdb_full_14733_ss_3_n0,RPRGEVRFL_HLA-B*07:02,tcr5928,0
vdjdb_full_14734,RPRGEVRFL_HLA-B*07:02,tcr15715,1
vdjdb_full_14734_ss_3_n0,RPRGEVRFL_HLA-B*07:02,tcr16269,0
vdjdb_full_16233,GIIYIIYKL_HLA-A*02:01,tcr10383,1
vdjdb_full_16233_ss_3_n0,GIIYIIYKL_HLA-A*02:01,tcr9859,0
vdjdb_full_16234,GIIYIIYKL_HLA-A*02:01,tcr10073,1
vdjdb_full_16234_ss_3_n0,GIIYIIYKL_HLA-A*02:01,tcr4097,0
vdjdb_full_16235,GIIYIIYKL_HLA-A*02:01,tcr17339,1
vdjdb_full_16235_ss_3_n0,GIIYIIYKL_HLA-A*02:01,tcr15319,0
vdjdb_full_16236,GIIYIIYKL_HLA-A*02:01,tcr15147,1
vdjdb_full_16236_ss_3_n0,GIIYIIYKL_HLA-A*02:01,tcr15021,0
vdjdb_full_16237,GIIYIIYKL_HLA-A*02:01,tcr8401,1
vdjdb_full_16237_ss_3_n0,GIIYIIYKL_HLA-A*02:01,tcr9181,0
vdjdb_full_16238,GIIYIIYKL_HLA-A*02:01,tcr9870,1
vdjdb_full_16238_ss_3_n0,GIIYIIYKL_HLA-A*02:01,tcr14335,0
vdjdb_full_16239,GIIYIIYKL_HLA-A*02:01,tcr8129,1
vdjdb_full_16239_ss_3_n0,GIIYIIYKL_HLA-A*02:01,tcr9038,0
vdjdb_full_16240,GIIYIIYKL_HLA-A*02:01,tcr5629,1
vdjdb_full_16240_ss_3_n0,GIIYIIYKL_HLA-A*02:01,tcr8217,0
vdjdb_full_16241,GIIYIIYKL_HLA-A*02:01,tcr13027,1
vdjdb_full_16241_ss_3_n0,GIIYIIYKL_HLA-A*02:01,tcr2363,0
vdjdb_full_16242,GIIYIIYKL_HLA-A*02:01,tcr16541,1
vdjdb_full_16242_ss_3_n0,GIIYIIYKL_HLA-A*02:01,tcr9183,0
vdjdb_full_16243,GIIYIIYKL_HLA-A*02:01,tcr2536,1
vdjdb_full_16243_ss_3_n0,GIIYIIYKL_HLA-A*02:01,tcr10918,0
vdjdb_full_16244,GIIYIIYKL_HLA-A*02:01,tcr14386,1
vdjdb_full_16244_ss_3_n0,GIIYIIYKL_HLA-A*02:01,tcr10732,0
vdjdb_full_16245,GIIYIIYKL_HLA-A*02:01,tcr13592,1
vdjdb_full_16245_ss_3_n0,GIIYIIYKL_HLA-A*02:01,tcr9157,0
vdjdb_full_16246,GIIYIIYKL_HLA-A*02:01,tcr11635,1
vdjdb_full_16246_ss_3_n0,GIIYIIYKL_HLA-A*02:01,tcr16133,0
vdjdb_full_16247,GIIYIIYKL_HLA-A*02:01,tcr2695,1
vdjdb_full_16247_ss_3_n0,GIIYIIYKL_HLA-A*02:01,tcr16737,0
vdjdb_full_16248,GIIYIIYKL_HLA-A*02:01,tcr12940,1
vdjdb_full_16248_ss_3_n0,GIIYIIYKL_HLA-A*02:01,tcr11204,0
vdjdb_full_16249,GIIYIIYKL_HLA-A*02:01,tcr12150,1
vdjdb_full_16249_ss_3_n0,GIIYIIYKL_HLA-A*02:01,tcr17560,0
vdjdb_full_16250,GIIYIIYKL_HLA-A*02:01,tcr10196,1
vdjdb_full_16250_ss_3_n0,GIIYIIYKL_HLA-A*02:01,tcr7725,0
vdjdb_full_16251,GIIYIIYKL_HLA-A*02:01,tcr14720,1
vdjdb_full_16251_ss_3_n0,GIIYIIYKL_HLA-A*02:01,tcr16422,0
vdjdb_full_16252,GIIYIIYKL_HLA-A*02:01,tcr1380,1
vdjdb_full_16252_ss_3_n0,GIIYIIYKL_HLA-A*02:01,tcr2792,0
vdjdb_full_16253,GIIYIIYKL_HLA-A*02:01,tcr4681,1
vdjdb_full_16253_ss_3_n0,GIIYIIYKL_HLA-A*02:01,tcr11625,0
vdjdb_full_17391,RGPGRAFVTI_HLA-A*02:01,tcr5733,1
vdjdb_full_17391_ss_3_n0,RGPGRAFVTI_HLA-A*02:01,tcr10381,0
vdjdb_full_17392,RGPGRAFVTI_HLA-A*02:01,tcr7856,1
vdjdb_full_17392_ss_3_n0,RGPGRAFVTI_HLA-A*02:01,tcr598,0
vdjdb_full_17393,RGPGRAFVTI_HLA-A*02:01,tcr13559,1
vdjdb_full_17393_ss_3_n0,RGPGRAFVTI_HLA-A*02:01,tcr10242,0
vdjdb_full_17394,RGPGRAFVTI_HLA-A*02:01,tcr9141,1
vdjdb_full_17394_ss_3_n0,RGPGRAFVTI_HLA-A*02:01,tcr16152,0
vdjdb_full_17395,RGPGRAFVTI_HLA-A*02:01,tcr5764,1
vdjdb_full_17395_ss_3_n0,RGPGRAFVTI_HLA-A*02:01,tcr3689,0
vdjdb_full_17396,RGPGRAFVTI_HLA-A*02:01,tcr14466,1
vdjdb_full_17396_ss_3_n0,RGPGRAFVTI_HLA-A*02:01,tcr9253,0
vdjdb_full_17397,RGPGRAFVTI_HLA-A*02:01,tcr17844,1
vdjdb_full_17397_ss_3_n0,RGPGRAFVTI_HLA-A*02:01,tcr15119,0
vdjdb_full_17398,RGPGRAFVTI_HLA-A*02:01,tcr496,1
vdjdb_full_17398_ss_3_n0,RGPGRAFVTI_HLA-A*02:01,tcr12301,0
vdjdb_full_17399,RGPGRAFVTI_HLA-A*02:01,tcr15618,1
vdjdb_full_17399_ss_3_n0,RGPGRAFVTI_HLA-A*02:01,tcr10046,0
vdjdb_full_17401,RGPGRAFVTI_HLA-A*02:01,tcr17583,1
vdjdb_full_17401_ss_3_n0,RGPGRAFVTI_HLA-A*02:01,tcr17311,0
vdjdb_full_17402,RGPGRAFVTI_HLA-A*02:01,tcr13905,1
vdjdb_full_17402_ss_3_n0,RGPGRAFVTI_HLA-A*02:01,tcr8964,0
vdjdb_full_17403,RGPGRAFVTI_HLA-A*02:01,tcr5270,1
vdjdb_full_17403_ss_3_n0,RGPGRAFVTI_HLA-A*02:01,tcr11109,0
vdjdb_full_17404,RGPGRAFVTI_HLA-A*02:01,tcr4176,1
vdjdb_full_17404_ss_3_n0,RGPGRAFVTI_HLA-A*02:01,tcr3960,0
vdjdb_full_17406,RGPGRAFVTI_HLA-A*02:01,tcr10676,1
vdjdb_full_17406_ss_3_n0,RGPGRAFVTI_HLA-A*02:01,tcr8551,0
vdjdb_full_17407,RGPGRAFVTI_HLA-A*02:01,tcr8003,1
vdjdb_full_17407_ss_3_n0,RGPGRAFVTI_HLA-A*02:01,tcr9277,0
vdjdb_full_17408,RGPGRAFVTI_HLA-A*02:01,tcr5048,1
vdjdb_full_17408_ss_3_n0,RGPGRAFVTI_HLA-A*02:01,tcr4433,0
vdjdb_full_17409,RGPGRAFVTI_HLA-A*02:01,tcr15451,1
vdjdb_full_17409_ss_3_n0,RGPGRAFVTI_HLA-A*02:01,tcr17906,0
vdjdb_full_17411,RGPGRAFVTI_HLA-A*02:01,tcr13774,1
vdjdb_full_17411_ss_3_n0,RGPGRAFVTI_HLA-A*02:01,tcr8507,0
vdjdb_full_17413,RGPGRAFVTI_HLA-A*02:01,tcr14448,1
vdjdb_full_17413_ss_3_n0,RGPGRAFVTI_HLA-A*02:01,tcr13097,0
vdjdb_full_17414,RGPGRAFVTI_HLA-A*02:01,tcr3837,1
vdjdb_full_17414_ss_3_n0,RGPGRAFVTI_HLA-A*02:01,tcr11864,0
vdjdb_full_17417,RGPGRAFVTI_HLA-A*02:01,tcr7203,1
vdjdb_full_17417_ss_3_n0,RGPGRAFVTI_HLA-A*02:01,tcr13764,0
vdjdb_full_15832,KLWAQCVQL_HLA-A*02:01,tcr3132,1
vdjdb_full_15832_ss_3_n0,KLWAQCVQL_HLA-A*02:01,tcr14504,0
vdjdb_full_15833,KLWAQCVQL_HLA-A*02:01,tcr12981,1
vdjdb_full_15833_ss_3_n0,KLWAQCVQL_HLA-A*02:01,tcr17359,0
vdjdb_full_15834,KLWAQCVQL_HLA-A*02:01,tcr4308,1
vdjdb_full_15834_ss_3_n0,KLWAQCVQL_HLA-A*02:01,tcr14150,0
vdjdb_full_15835,KLWAQCVQL_HLA-A*02:01,tcr2798,1
vdjdb_full_15835_ss_3_n0,KLWAQCVQL_HLA-A*02:01,tcr11013,0
vdjdb_full_15836,KLWAQCVQL_HLA-A*02:01,tcr1031,1
vdjdb_full_15836_ss_3_n0,KLWAQCVQL_HLA-A*02:01,tcr10803,0
vdjdb_full_15837,KLWAQCVQL_HLA-A*02:01,tcr17522,1
vdjdb_full_15837_ss_3_n0,KLWAQCVQL_HLA-A*02:01,tcr6380,0
vdjdb_full_15838,KLWAQCVQL_HLA-A*02:01,tcr9199,1
vdjdb_full_15838_ss_3_n0,KLWAQCVQL_HLA-A*02:01,tcr4073,0
vdjdb_full_15839,KLWAQCVQL_HLA-A*02:01,tcr17458,1
vdjdb_full_15839_ss_3_n0,KLWAQCVQL_HLA-A*02:01,tcr7664,0
vdjdb_full_15840,KLWAQCVQL_HLA-A*02:01,tcr9174,1
vdjdb_full_15840_ss_3_n0,KLWAQCVQL_HLA-A*02:01,tcr8164,0
vdjdb_full_15841,KLWAQCVQL_HLA-A*02:01,tcr14763,1
vdjdb_full_15841_ss_3_n0,KLWAQCVQL_HLA-A*02:01,tcr18258,0
vdjdb_full_15842,KLWAQCVQL_HLA-A*02:01,tcr11354,1
vdjdb_full_15842_ss_3_n0,KLWAQCVQL_HLA-A*02:01,tcr5991,0
vdjdb_full_15843,KLWAQCVQL_HLA-A*02:01,tcr3236,1
vdjdb_full_15843_ss_3_n0,KLWAQCVQL_HLA-A*02:01,tcr16689,0
vdjdb_full_15844,KLWAQCVQL_HLA-A*02:01,tcr7628,1
vdjdb_full_15844_ss_3_n0,KLWAQCVQL_HLA-A*02:01,tcr9700,0
vdjdb_full_15845,KLWAQCVQL_HLA-A*02:01,tcr13371,1
vdjdb_full_15845_ss_3_n0,KLWAQCVQL_HLA-A*02:01,tcr3804,0
vdjdb_full_15846,KLWAQCVQL_HLA-A*02:01,tcr1803,1
vdjdb_full_15846_ss_3_n0,KLWAQCVQL_HLA-A*02:01,tcr1885,0
vdjdb_full_15847,KLWAQCVQL_HLA-A*02:01,tcr2002,1
vdjdb_full_15847_ss_3_n0,KLWAQCVQL_HLA-A*02:01,tcr18100,0
vdjdb_full_15848,KLWAQCVQL_HLA-A*02:01,tcr15875,1
vdjdb_full_15848_ss_3_n0,KLWAQCVQL_HLA-A*02:01,tcr5441,0
vdjdb_full_15849,KLWAQCVQL_HLA-A*02:01,tcr8339,1
vdjdb_full_15849_ss_3_n0,KLWAQCVQL_HLA-A*02:01,tcr10641,0
vdjdb_full_15850,KLWAQCVQL_HLA-A*02:01,tcr15487,1
vdjdb_full_15850_ss_3_n0,KLWAQCVQL_HLA-A*02:01,tcr15170,0
vdjdb_full_15851,KLWAQCVQL_HLA-A*02:01,tcr5901,1
vdjdb_full_15851_ss_3_n0,KLWAQCVQL_HLA-A*02:01,tcr17932,0
vdjdb_full_16393,EAAGIGILTV_HLA-A*02:01,tcr2601,1
vdjdb_full_16393_ss_3_n0,EAAGIGILTV_HLA-A*02:01,tcr911,0
vdjdb_full_16394,EAAGIGILTV_HLA-A*02:01,tcr11415,1
vdjdb_full_16394_ss_3_n0,EAAGIGILTV_HLA-A*02:01,tcr8129,0
vdjdb_full_16395,EAAGIGILTV_HLA-A*02:01,tcr13514,1
vdjdb_full_16395_ss_3_n0,EAAGIGILTV_HLA-A*02:01,tcr15451,0
vdjdb_full_16396,EAAGIGILTV_HLA-A*02:01,tcr5771,1
vdjdb_full_16396_ss_3_n0,EAAGIGILTV_HLA-A*02:01,tcr1031,0
vdjdb_full_16397,EAAGIGILTV_HLA-A*02:01,tcr5424,1
vdjdb_full_16397_ss_3_n0,EAAGIGILTV_HLA-A*02:01,tcr11848,0
vdjdb_full_16398,EAAGIGILTV_HLA-A*02:01,tcr7208,1
vdjdb_full_16398_ss_3_n0,EAAGIGILTV_HLA-A*02:01,tcr14626,0
vdjdb_full_16399,EAAGIGILTV_HLA-A*02:01,tcr16562,1
vdjdb_full_16399_ss_3_n0,EAAGIGILTV_HLA-A*02:01,tcr8149,0
vdjdb_full_16400,EAAGIGILTV_HLA-A*02:01,tcr949,1
vdjdb_full_16400_ss_3_n0,EAAGIGILTV_HLA-A*02:01,tcr79,0
vdjdb_full_16401,EAAGIGILTV_HLA-A*02:01,tcr824,1
vdjdb_full_16401_ss_3_n0,EAAGIGILTV_HLA-A*02:01,tcr9199,0
vdjdb_full_16402,EAAGIGILTV_HLA-A*02:01,tcr18394,1
vdjdb_full_16402_ss_3_n0,EAAGIGILTV_HLA-A*02:01,tcr3244,0
vdjdb_full_16403,EAAGIGILTV_HLA-A*02:01,tcr4979,1
vdjdb_full_16403_ss_3_n0,EAAGIGILTV_HLA-A*02:01,tcr4609,0
vdjdb_full_16404,EAAGIGILTV_HLA-A*02:01,tcr982,1
vdjdb_full_16404_ss_3_n0,EAAGIGILTV_HLA-A*02:01,tcr3452,0
vdjdb_full_16405,EAAGIGILTV_HLA-A*02:01,tcr3441,1
vdjdb_full_16405_ss_3_n0,EAAGIGILTV_HLA-A*02:01,tcr17885,0
vdjdb_full_16406,EAAGIGILTV_HLA-A*02:01,tcr18301,1
vdjdb_full_16406_ss_3_n0,EAAGIGILTV_HLA-A*02:01,tcr9185,0
vdjdb_full_16407,EAAGIGILTV_HLA-A*02:01,tcr6456,1
vdjdb_full_16407_ss_3_n0,EAAGIGILTV_HLA-A*02:01,tcr899,0
vdjdb_full_16408,EAAGIGILTV_HLA-A*02:01,tcr6924,1
vdjdb_full_16408_ss_3_n0,EAAGIGILTV_HLA-A*02:01,tcr12196,0
vdjdb_full_16409,EAAGIGILTV_HLA-A*02:01,tcr16158,1
vdjdb_full_16409_ss_3_n0,EAAGIGILTV_HLA-A*02:01,tcr8493,0
vdjdb_full_16410,EAAGIGILTV_HLA-A*02:01,tcr612,1
vdjdb_full_16410_ss_3_n0,EAAGIGILTV_HLA-A*02:01,tcr4883,0
vdjdb_full_16411,EAAGIGILTV_HLA-A*02:01,tcr677,1
vdjdb_full_16411_ss_3_n0,EAAGIGILTV_HLA-A*02:01,tcr2510,0
vdjdb_full_16412,EAAGIGILTV_HLA-A*02:01,tcr15677,1
vdjdb_full_16412_ss_3_n0,EAAGIGILTV_HLA-A*02:01,tcr5661,0
vdjdb_full_17450,LTSLTILQLY_HLA-A*01:01,tcr5187,1
vdjdb_full_17450_ss_3_n0,LTSLTILQLY_HLA-A*01:01,tcr8589,0
vdjdb_full_17451,LTSLTILQLY_HLA-A*01:01,tcr15227,1
vdjdb_full_17451_ss_3_n0,LTSLTILQLY_HLA-A*01:01,tcr4363,0
vdjdb_full_17452,LTSLTILQLY_HLA-A*01:01,tcr14332,1
vdjdb_full_17452_ss_3_n0,LTSLTILQLY_HLA-A*01:01,tcr11326,0
vdjdb_full_17453,LTSLTILQLY_HLA-A*01:01,tcr8149,1
vdjdb_full_17453_ss_3_n0,LTSLTILQLY_HLA-A*01:01,tcr827,0
vdjdb_full_17454,LTSLTILQLY_HLA-A*01:01,tcr1730,1
vdjdb_full_17454_ss_3_n0,LTSLTILQLY_HLA-A*01:01,tcr11858,0
vdjdb_full_17455,LTSLTILQLY_HLA-A*01:01,tcr4109,1
vdjdb_full_17455_ss_3_n0,LTSLTILQLY_HLA-A*01:01,tcr12919,0
vdjdb_full_17456,LTSLTILQLY_HLA-A*01:01,tcr1909,1
vdjdb_full_17456_ss_3_n0,LTSLTILQLY_HLA-A*01:01,tcr17020,0
vdjdb_full_17457,LTSLTILQLY_HLA-A*01:01,tcr5079,1
vdjdb_full_17457_ss_3_n0,LTSLTILQLY_HLA-A*01:01,tcr11537,0
vdjdb_full_17458,LTSLTILQLY_HLA-A*01:01,tcr3680,1
vdjdb_full_17458_ss_3_n0,LTSLTILQLY_HLA-A*01:01,tcr9889,0
vdjdb_full_17459,LTSLTILQLY_HLA-A*01:01,tcr15084,1
vdjdb_full_17459_ss_3_n0,LTSLTILQLY_HLA-A*01:01,tcr4850,0
vdjdb_full_17461,LTSLTILQLY_HLA-A*01:01,tcr9565,1
vdjdb_full_17461_ss_3_n0,LTSLTILQLY_HLA-A*01:01,tcr5793,0
vdjdb_full_17462,LTSLTILQLY_HLA-A*01:01,tcr3342,1
vdjdb_full_17462_ss_3_n0,LTSLTILQLY_HLA-A*01:01,tcr160,0
vdjdb_full_17463,LTSLTILQLY_HLA-A*01:01,tcr1443,1
vdjdb_full_17463_ss_3_n0,LTSLTILQLY_HLA-A*01:01,tcr9883,0
vdjdb_full_17464,LTSLTILQLY_HLA-A*01:01,tcr98,1
vdjdb_full_17464_ss_3_n0,LTSLTILQLY_HLA-A*01:01,tcr13345,0
vdjdb_full_17465,LTSLTILQLY_HLA-A*01:01,tcr5970,1
vdjdb_full_17465_ss_3_n0,LTSLTILQLY_HLA-A*01:01,tcr12600,0
vdjdb_full_17466,LTSLTILQLY_HLA-A*01:01,tcr12254,1
vdjdb_full_17466_ss_3_n0,LTSLTILQLY_HLA-A*01:01,tcr8716,0
vdjdb_full_17467,LTSLTILQLY_HLA-A*01:01,tcr165,1
vdjdb_full_17467_ss_3_n0,LTSLTILQLY_HLA-A*01:01,tcr8582,0
vdjdb_full_17468,LTSLTILQLY_HLA-A*01:01,tcr6762,1
vdjdb_full_17468_ss_3_n0,LTSLTILQLY_HLA-A*01:01,tcr12531,0
vdjdb_full_17469,LTSLTILQLY_HLA-A*01:01,tcr12415,1
vdjdb_full_17469_ss_3_n0,LTSLTILQLY_HLA-A*01:01,tcr9507,0
vdjdb_full_17470,LTSLTILQLY_HLA-A*01:01,tcr13408,1
vdjdb_full_17470_ss_3_n0,LTSLTILQLY_HLA-A*01:01,tcr6817,0
vdjdb_full_17829,TPSVSSSISSL_HLA-B*07:02,tcr12263,1
vdjdb_full_17829_ss_3_n0,TPSVSSSISSL_HLA-B*07:02,tcr1681,0
vdjdb_full_17830,TPSVSSSISSL_HLA-B*07:02,tcr9972,1
vdjdb_full_17830_ss_3_n0,TPSVSSSISSL_HLA-B*07:02,tcr12570,0
vdjdb_full_17831,TPSVSSSISSL_HLA-B*07:02,tcr15360,1
vdjdb_full_17831_ss_3_n0,TPSVSSSISSL_HLA-B*07:02,tcr6651,0
vdjdb_full_17832,TPSVSSSISSL_HLA-B*07:02,tcr11663,1
vdjdb_full_17832_ss_3_n0,TPSVSSSISSL_HLA-B*07:02,tcr10802,0
vdjdb_full_17833,TPSVSSSISSL_HLA-B*07:02,tcr2030,1
vdjdb_full_17833_ss_3_n0,TPSVSSSISSL_HLA-B*07:02,tcr4979,0
vdjdb_full_17834,TPSVSSSISSL_HLA-B*07:02,tcr13429,1
vdjdb_full_17834_ss_3_n0,TPSVSSSISSL_HLA-B*07:02,tcr5733,0
vdjdb_full_17835,TPSVSSSISSL_HLA-B*07:02,tcr7172,1
vdjdb_full_17835_ss_3_n0,TPSVSSSISSL_HLA-B*07:02,tcr16605,0
vdjdb_full_17836,TPSVSSSISSL_HLA-B*07:02,tcr15145,1
vdjdb_full_17836_ss_3_n0,TPSVSSSISSL_HLA-B*07:02,tcr11432,0
vdjdb_full_17837,TPSVSSSISSL_HLA-B*07:02,tcr17106,1
vdjdb_full_17837_ss_3_n0,TPSVSSSISSL_HLA-B*07:02,tcr249,0
vdjdb_full_17838,TPSVSSSISSL_HLA-B*07:02,tcr5475,1
vdjdb_full_17838_ss_3_n0,TPSVSSSISSL_HLA-B*07:02,tcr13159,0
vdjdb_full_17839,TPSVSSSISSL_HLA-B*07:02,tcr6502,1
vdjdb_full_17839_ss_3_n0,TPSVSSSISSL_HLA-B*07:02,tcr1430,0
vdjdb_full_17840,TPSVSSSISSL_HLA-B*07:02,tcr17681,1
vdjdb_full_17840_ss_3_n0,TPSVSSSISSL_HLA-B*07:02,tcr6407,0
vdjdb_full_17841,TPSVSSSISSL_HLA-B*07:02,tcr16718,1
vdjdb_full_17841_ss_3_n0,TPSVSSSISSL_HLA-B*07:02,tcr16397,0
vdjdb_full_17842,TPSVSSSISSL_HLA-B*07:02,tcr16798,1
vdjdb_full_17842_ss_3_n0,TPSVSSSISSL_HLA-B*07:02,tcr11913,0
vdjdb_full_17843,TPSVSSSISSL_HLA-B*07:02,tcr6929,1
vdjdb_full_17843_ss_3_n0,TPSVSSSISSL_HLA-B*07:02,tcr14158,0
vdjdb_full_17844,TPSVSSSISSL_HLA-B*07:02,tcr9588,1
vdjdb_full_17844_ss_3_n0,TPSVSSSISSL_HLA-B*07:02,tcr5374,0
vdjdb_full_17845,TPSVSSSISSL_HLA-B*07:02,tcr7086,1
vdjdb_full_17845_ss_3_n0,TPSVSSSISSL_HLA-B*07:02,tcr496,0
vdjdb_full_17846,TPSVSSSISSL_HLA-B*07:02,tcr16809,1
vdjdb_full_17846_ss_3_n0,TPSVSSSISSL_HLA-B*07:02,tcr9359,0
vdjdb_full_17847,TPSVSSSISSL_HLA-B*07:02,tcr10295,1
vdjdb_full_17847_ss_3_n0,TPSVSSSISSL_HLA-B*07:02,tcr9493,0
vdjdb_full_16826,VLEETSVML_HLA-A*02:01,tcr11052,1
vdjdb_full_16826_ss_3_n0,VLEETSVML_HLA-A*02:01,tcr2740,0
vdjdb_full_16827,VLEETSVML_HLA-A*02:01,tcr11703,1
vdjdb_full_16827_ss_3_n0,VLEETSVML_HLA-A*02:01,tcr14466,0
vdjdb_full_16829,VLEETSVML_HLA-A*02:01,tcr12263,1
vdjdb_full_16829_ss_3_n0,VLEETSVML_HLA-A*02:01,tcr6924,0
vdjdb_full_16830,VLEETSVML_HLA-A*02:01,tcr8038,1
vdjdb_full_16830_ss_3_n0,VLEETSVML_HLA-A*02:01,tcr11244,0
vdjdb_full_16831,VLEETSVML_HLA-A*02:01,tcr3303,1
vdjdb_full_16831_ss_3_n0,VLEETSVML_HLA-A*02:01,tcr7092,0
vdjdb_full_16832,VLEETSVML_HLA-A*02:01,tcr16174,1
vdjdb_full_16832_ss_3_n0,VLEETSVML_HLA-A*02:01,tcr4661,0
vdjdb_full_16833,VLEETSVML_HLA-A*02:01,tcr16487,1
vdjdb_full_16833_ss_3_n0,VLEETSVML_HLA-A*02:01,tcr8985,0
vdjdb_full_16834,VLEETSVML_HLA-A*02:01,tcr7044,1
vdjdb_full_16834_ss_3_n0,VLEETSVML_HLA-A*02:01,tcr2447,0
vdjdb_full_16835,VLEETSVML_HLA-A*02:01,tcr15343,1
vdjdb_full_16835_ss_3_n0,VLEETSVML_HLA-A*02:01,tcr6653,0
vdjdb_full_16836,VLEETSVML_HLA-A*02:01,tcr8427,1
vdjdb_full_16836_ss_3_n0,VLEETSVML_HLA-A*02:01,tcr11253,0
vdjdb_full_16837,VLEETSVML_HLA-A*02:01,tcr8717,1
vdjdb_full_16837_ss_3_n0,VLEETSVML_HLA-A*02:01,tcr16786,0
vdjdb_full_16839,VLEETSVML_HLA-A*02:01,tcr13962,1
vdjdb_full_16839_ss_3_n0,VLEETSVML_HLA-A*02:01,tcr6857,0
vdjdb_full_16840,VLEETSVML_HLA-A*02:01,tcr14937,1
vdjdb_full_16840_ss_3_n0,VLEETSVML_HLA-A*02:01,tcr7532,0
vdjdb_full_16841,VLEETSVML_HLA-A*02:01,tcr10507,1
vdjdb_full_16841_ss_3_n0,VLEETSVML_HLA-A*02:01,tcr10662,0
vdjdb_full_16842,VLEETSVML_HLA-A*02:01,tcr15462,1
vdjdb_full_16842_ss_3_n0,VLEETSVML_HLA-A*02:01,tcr16104,0
vdjdb_full_16843,VLEETSVML_HLA-A*02:01,tcr8217,1
vdjdb_full_16843_ss_3_n0,VLEETSVML_HLA-A*02:01,tcr9624,0
vdjdb_full_16844,VLEETSVML_HLA-A*02:01,tcr6103,1
vdjdb_full_16844_ss_3_n0,VLEETSVML_HLA-A*02:01,tcr10386,0
vdjdb_full_16845,VLEETSVML_HLA-A*02:01,tcr4493,1
vdjdb_full_16845_ss_3_n0,VLEETSVML_HLA-A*02:01,tcr14434,0
vdjdb_full_12107,YLQQNWWTL_HLA-A*02:01,tcr12842,1
vdjdb_full_12107_ss_3_n0,YLQQNWWTL_HLA-A*02:01,tcr12262,0
vdjdb_full_12108,YLQQNWWTL_HLA-A*02:01,tcr4566,1
vdjdb_full_12108_ss_3_n0,YLQQNWWTL_HLA-A*02:01,tcr5025,0
vdjdb_full_12109,YLQQNWWTL_HLA-A*02:01,tcr7061,1
vdjdb_full_12109_ss_3_n0,YLQQNWWTL_HLA-A*02:01,tcr11471,0
vdjdb_full_12110,YLQQNWWTL_HLA-A*02:01,tcr11305,1
vdjdb_full_12110_ss_3_n0,YLQQNWWTL_HLA-A*02:01,tcr2695,0
vdjdb_full_12111,YLQQNWWTL_HLA-A*02:01,tcr13281,1
vdjdb_full_12111_ss_3_n0,YLQQNWWTL_HLA-A*02:01,tcr2363,0
vdjdb_full_12112,YLQQNWWTL_HLA-A*02:01,tcr12759,1
vdjdb_full_12112_ss_3_n0,YLQQNWWTL_HLA-A*02:01,tcr14800,0
vdjdb_full_12113,YLQQNWWTL_HLA-A*02:01,tcr11962,1
vdjdb_full_12113_ss_3_n0,YLQQNWWTL_HLA-A*02:01,tcr1723,0
vdjdb_full_12114,YLQQNWWTL_HLA-A*02:01,tcr14825,1
vdjdb_full_12114_ss_3_n0,YLQQNWWTL_HLA-A*02:01,tcr7206,0
vdjdb_full_12115,YLQQNWWTL_HLA-A*02:01,tcr1939,1
vdjdb_full_12115_ss_3_n0,YLQQNWWTL_HLA-A*02:01,tcr1955,0
vdjdb_full_12116,YLQQNWWTL_HLA-A*02:01,tcr3051,1
vdjdb_full_12116_ss_3_n0,YLQQNWWTL_HLA-A*02:01,tcr11635,0
vdjdb_full_12117,YLQQNWWTL_HLA-A*02:01,tcr4748,1
vdjdb_full_12117_ss_3_n0,YLQQNWWTL_HLA-A*02:01,tcr14077,0
vdjdb_full_12118,YLQQNWWTL_HLA-A*02:01,tcr6319,1
vdjdb_full_12118_ss_3_n0,YLQQNWWTL_HLA-A*02:01,tcr1652,0
vdjdb_full_12119,YLQQNWWTL_HLA-A*02:01,tcr249,1
vdjdb_full_12119_ss_3_n0,YLQQNWWTL_HLA-A*02:01,tcr7063,0
vdjdb_full_12120,YLQQNWWTL_HLA-A*02:01,tcr12780,1
vdjdb_full_12120_ss_3_n0,YLQQNWWTL_HLA-A*02:01,tcr10251,0
vdjdb_full_12121,YLQQNWWTL_HLA-A*02:01,tcr1845,1
vdjdb_full_12121_ss_3_n0,YLQQNWWTL_HLA-A*02:01,tcr14550,0
vdjdb_full_12122,YLQQNWWTL_HLA-A*02:01,tcr2987,1
vdjdb_full_12122_ss_3_n0,YLQQNWWTL_HLA-A*02:01,tcr12409,0
vdjdb_full_12161,IMDQVPFSV_HLA-A*02:01,tcr8551,1
vdjdb_full_12161_ss_3_n0,IMDQVPFSV_HLA-A*02:01,tcr9666,0
vdjdb_full_12162,IMDQVPFSV_HLA-A*02:01,tcr7082,1
vdjdb_full_12162_ss_3_n0,IMDQVPFSV_HLA-A*02:01,tcr2753,0
vdjdb_full_12163,IMDQVPFSV_HLA-A*02:01,tcr3475,1
vdjdb_full_12163_ss_3_n0,IMDQVPFSV_HLA-A*02:01,tcr9880,0
vdjdb_full_12164,IMDQVPFSV_HLA-A*02:01,tcr7642,1
vdjdb_full_12164_ss_3_n0,IMDQVPFSV_HLA-A*02:01,tcr6679,0
vdjdb_full_12165,IMDQVPFSV_HLA-A*02:01,tcr4012,1
vdjdb_full_12165_ss_3_n0,IMDQVPFSV_HLA-A*02:01,tcr6485,0
vdjdb_full_12166,IMDQVPFSV_HLA-A*02:01,tcr5016,1
vdjdb_full_12166_ss_3_n0,IMDQVPFSV_HLA-A*02:01,tcr18092,0
vdjdb_full_12167,IMDQVPFSV_HLA-A*02:01,tcr6629,1
vdjdb_full_12167_ss_3_n0,IMDQVPFSV_HLA-A*02:01,tcr4511,0
vdjdb_full_12168,IMDQVPFSV_HLA-A*02:01,tcr3289,1
vdjdb_full_12168_ss_3_n0,IMDQVPFSV_HLA-A*02:01,tcr17483,0
vdjdb_full_12169,IMDQVPFSV_HLA-A*02:01,tcr4883,1
vdjdb_full_12169_ss_3_n0,IMDQVPFSV_HLA-A*02:01,tcr597,0
vdjdb_full_12170,IMDQVPFSV_HLA-A*02:01,tcr2568,1
vdjdb_full_12170_ss_3_n0,IMDQVPFSV_HLA-A*02:01,tcr15380,0
vdjdb_full_12171,IMDQVPFSV_HLA-A*02:01,tcr13268,1
vdjdb_full_12171_ss_3_n0,IMDQVPFSV_HLA-A*02:01,tcr17280,0
vdjdb_full_12172,IMDQVPFSV_HLA-A*02:01,tcr429,1
vdjdb_full_12172_ss_3_n0,IMDQVPFSV_HLA-A*02:01,tcr18151,0
vdjdb_full_12173,IMDQVPFSV_HLA-A*02:01,tcr14348,1
vdjdb_full_12173_ss_3_n0,IMDQVPFSV_HLA-A*02:01,tcr15483,0
vdjdb_full_12174,IMDQVPFSV_HLA-A*02:01,tcr13568,1
vdjdb_full_12174_ss_3_n0,IMDQVPFSV_HLA-A*02:01,tcr15800,0
vdjdb_full_12175,IMDQVPFSV_HLA-A*02:01,tcr12900,1
vdjdb_full_12175_ss_3_n0,IMDQVPFSV_HLA-A*02:01,tcr16713,0
vdjdb_full_12176,IMDQVPFSV_HLA-A*02:01,tcr14756,1
vdjdb_full_12176_ss_3_n0,IMDQVPFSV_HLA-A*02:01,tcr11268,0
vdjdb_full_17200,VVTGVLVYL_HLA-A*02:01,tcr4073,1
vdjdb_full_17200_ss_3_n0,VVTGVLVYL_HLA-A*02:01,tcr3837,0
vdjdb_full_17201,VVTGVLVYL_HLA-A*02:01,tcr15942,1
vdjdb_full_17201_ss_3_n0,VVTGVLVYL_HLA-A*02:01,tcr8619,0
vdjdb_full_17202,VVTGVLVYL_HLA-A*02:01,tcr14033,1
vdjdb_full_17202_ss_3_n0,VVTGVLVYL_HLA-A*02:01,tcr369,0
vdjdb_full_17203,VVTGVLVYL_HLA-A*02:01,tcr9769,1
vdjdb_full_17203_ss_3_n0,VVTGVLVYL_HLA-A*02:01,tcr12208,0
vdjdb_full_17205,VVTGVLVYL_HLA-A*02:01,tcr14909,1
vdjdb_full_17205_ss_3_n0,VVTGVLVYL_HLA-A*02:01,tcr2437,0
vdjdb_full_17206,VVTGVLVYL_HLA-A*02:01,tcr6119,1
vdjdb_full_17206_ss_3_n0,VVTGVLVYL_HLA-A*02:01,tcr11076,0
vdjdb_full_17207,VVTGVLVYL_HLA-A*02:01,tcr17914,1
vdjdb_full_17207_ss_3_n0,VVTGVLVYL_HLA-A*02:01,tcr3236,0
vdjdb_full_17208,VVTGVLVYL_HLA-A*02:01,tcr7651,1
vdjdb_full_17208_ss_3_n0,VVTGVLVYL_HLA-A*02:01,tcr17124,0
vdjdb_full_17209,VVTGVLVYL_HLA-A*02:01,tcr4339,1
vdjdb_full_17209_ss_3_n0,VVTGVLVYL_HLA-A*02:01,tcr8215,0
vdjdb_full_17210,VVTGVLVYL_HLA-A*02:01,tcr4375,1
vdjdb_full_17210_ss_3_n0,VVTGVLVYL_HLA-A*02:01,tcr12539,0
vdjdb_full_17211,VVTGVLVYL_HLA-A*02:01,tcr15323,1
vdjdb_full_17211_ss_3_n0,VVTGVLVYL_HLA-A*02:01,tcr12660,0
vdjdb_full_17212,VVTGVLVYL_HLA-A*02:01,tcr8881,1
vdjdb_full_17212_ss_3_n0,VVTGVLVYL_HLA-A*02:01,tcr17885,0
vdjdb_full_17213,VVTGVLVYL_HLA-A*02:01,tcr17280,1
vdjdb_full_17213_ss_3_n0,VVTGVLVYL_HLA-A*02:01,tcr17663,0
vdjdb_full_17214,VVTGVLVYL_HLA-A*02:01,tcr17235,1
vdjdb_full_17214_ss_3_n0,VVTGVLVYL_HLA-A*02:01,tcr5479,0
vdjdb_full_17215,VVTGVLVYL_HLA-A*02:01,tcr3313,1
vdjdb_full_17215_ss_3_n0,VVTGVLVYL_HLA-A*02:01,tcr4023,0
vdjdb_full_17216,VVTGVLVYL_HLA-A*02:01,tcr5839,1
vdjdb_full_17216_ss_3_n0,VVTGVLVYL_HLA-A*02:01,tcr4625,0
vdjdb_full_17306,KSVNITFEL_HLA-A*02:01,tcr9390,1
vdjdb_full_17306_ss_3_n0,KSVNITFEL_HLA-A*02:01,tcr6584,0
vdjdb_full_17307,KSVNITFEL_HLA-A*02:01,tcr12332,1
vdjdb_full_17307_ss_3_n0,KSVNITFEL_HLA-A*02:01,tcr8775,0
vdjdb_full_17308,KSVNITFEL_HLA-A*02:01,tcr7451,1
vdjdb_full_17308_ss_3_n0,KSVNITFEL_HLA-A*02:01,tcr11158,0
vdjdb_full_17309,KSVNITFEL_HLA-A*02:01,tcr14963,1
vdjdb_full_17309_ss_3_n0,KSVNITFEL_HLA-A*02:01,tcr7637,0
vdjdb_full_17310,KSVNITFEL_HLA-A*02:01,tcr17397,1
vdjdb_full_17310_ss_3_n0,KSVNITFEL_HLA-A*02:01,tcr9765,0
vdjdb_full_17311,KSVNITFEL_HLA-A*02:01,tcr9800,1
vdjdb_full_17311_ss_3_n0,KSVNITFEL_HLA-A*02:01,tcr12594,0
vdjdb_full_17312,KSVNITFEL_HLA-A*02:01,tcr3779,1
vdjdb_full_17312_ss_3_n0,KSVNITFEL_HLA-A*02:01,tcr18,0
vdjdb_full_17313,KSVNITFEL_HLA-A*02:01,tcr7581,1
vdjdb_full_17313_ss_3_n0,KSVNITFEL_HLA-A*02:01,tcr6918,0
vdjdb_full_17314,KSVNITFEL_HLA-A*02:01,tcr6811,1
vdjdb_full_17314_ss_3_n0,KSVNITFEL_HLA-A*02:01,tcr7958,0
vdjdb_full_17315,KSVNITFEL_HLA-A*02:01,tcr818,1
vdjdb_full_17315_ss_3_n0,KSVNITFEL_HLA-A*02:01,tcr5534,0
vdjdb_full_17316,KSVNITFEL_HLA-A*02:01,tcr11114,1
vdjdb_full_17316_ss_3_n0,KSVNITFEL_HLA-A*02:01,tcr17925,0
vdjdb_full_17317,KSVNITFEL_HLA-A*02:01,tcr15855,1
vdjdb_full_17317_ss_3_n0,KSVNITFEL_HLA-A*02:01,tcr17552,0
vdjdb_full_17318,KSVNITFEL_HLA-A*02:01,tcr233,1
vdjdb_full_17318_ss_3_n0,KSVNITFEL_HLA-A*02:01,tcr18411,0
vdjdb_full_17319,KSVNITFEL_HLA-A*02:01,tcr15140,1
vdjdb_full_17319_ss_3_n0,KSVNITFEL_HLA-A*02:01,tcr13281,0
vdjdb_full_17320,KSVNITFEL_HLA-A*02:01,tcr7584,1
vdjdb_full_17320_ss_3_n0,KSVNITFEL_HLA-A*02:01,tcr13534,0
vdjdb_full_17321,KSVNITFEL_HLA-A*02:01,tcr8964,1
vdjdb_full_17321_ss_3_n0,KSVNITFEL_HLA-A*02:01,tcr4590,0
vdjdb_full_16053,KLVAMGINAV_HLA-A*02:01,tcr14641,1
vdjdb_full_16053_ss_3_n0,KLVAMGINAV_HLA-A*02:01,tcr3166,0
vdjdb_full_16054,KLVAMGINAV_HLA-A*02:01,tcr11348,1
vdjdb_full_16054_ss_3_n0,KLVAMGINAV_HLA-A*02:01,tcr1334,0
vdjdb_full_16055,KLVAMGINAV_HLA-A*02:01,tcr15615,1
vdjdb_full_16055_ss_3_n0,KLVAMGINAV_HLA-A*02:01,tcr6865,0
vdjdb_full_16056,KLVAMGINAV_HLA-A*02:01,tcr9670,1
vdjdb_full_16056_ss_3_n0,KLVAMGINAV_HLA-A*02:01,tcr16991,0
vdjdb_full_16058,KLVAMGINAV_HLA-A*02:01,tcr9435,1
vdjdb_full_16058_ss_3_n0,KLVAMGINAV_HLA-A*02:01,tcr1052,0
vdjdb_full_16059,KLVAMGINAV_HLA-A*02:01,tcr5560,1
vdjdb_full_16059_ss_3_n0,KLVAMGINAV_HLA-A*02:01,tcr9971,0
vdjdb_full_16060,KLVAMGINAV_HLA-A*02:01,tcr14960,1
vdjdb_full_16060_ss_3_n0,KLVAMGINAV_HLA-A*02:01,tcr16734,0
vdjdb_full_16061,KLVAMGINAV_HLA-A*02:01,tcr9044,1
vdjdb_full_16061_ss_3_n0,KLVAMGINAV_HLA-A*02:01,tcr640,0
vdjdb_full_16062,KLVAMGINAV_HLA-A*02:01,tcr10851,1
vdjdb_full_16062_ss_3_n0,KLVAMGINAV_HLA-A*02:01,tcr13593,0
vdjdb_full_16063,KLVAMGINAV_HLA-A*02:01,tcr8874,1
vdjdb_full_16063_ss_3_n0,KLVAMGINAV_HLA-A*02:01,tcr4519,0
vdjdb_full_16065,KLVAMGINAV_HLA-A*02:01,tcr12923,1
vdjdb_full_16065_ss_3_n0,KLVAMGINAV_HLA-A*02:01,tcr2035,0
vdjdb_full_16066,KLVAMGINAV_HLA-A*02:01,tcr8815,1
vdjdb_full_16066_ss_3_n0,KLVAMGINAV_HLA-A*02:01,tcr3626,0
vdjdb_full_16067,KLVAMGINAV_HLA-A*02:01,tcr9261,1
vdjdb_full_16067_ss_3_n0,KLVAMGINAV_HLA-A*02:01,tcr15362,0
vdjdb_full_16068,KLVAMGINAV_HLA-A*02:01,tcr1125,1
vdjdb_full_16068_ss_3_n0,KLVAMGINAV_HLA-A*02:01,tcr982,0
vdjdb_full_16069,KLVAMGINAV_HLA-A*02:01,tcr10803,1
vdjdb_full_16069_ss_3_n0,KLVAMGINAV_HLA-A*02:01,tcr12860,0
vdjdb_full_16594,WPVTLACFV_HLA-B*07:02,tcr9526,1
vdjdb_full_16594_ss_3_n0,WPVTLACFV_HLA-B*07:02,tcr7549,0
vdjdb_full_16595,WPVTLACFV_HLA-B*07:02,tcr16858,1
vdjdb_full_16595_ss_3_n0,WPVTLACFV_HLA-B*07:02,tcr15665,0
vdjdb_full_16596,WPVTLACFV_HLA-B*07:02,tcr13403,1
vdjdb_full_16596_ss_3_n0,WPVTLACFV_HLA-B*07:02,tcr13183,0
vdjdb_full_16597,WPVTLACFV_HLA-B*07:02,tcr15877,1
vdjdb_full_16597_ss_3_n0,WPVTLACFV_HLA-B*07:02,tcr7572,0
vdjdb_full_16598,WPVTLACFV_HLA-B*07:02,tcr7626,1
vdjdb_full_16598_ss_3_n0,WPVTLACFV_HLA-B*07:02,tcr16530,0
vdjdb_full_16599,WPVTLACFV_HLA-B*07:02,tcr13822,1
vdjdb_full_16599_ss_3_n0,WPVTLACFV_HLA-B*07:02,tcr16752,0
vdjdb_full_16600,WPVTLACFV_HLA-B*07:02,tcr18241,1
vdjdb_full_16600_ss_3_n0,WPVTLACFV_HLA-B*07:02,tcr6817,0
vdjdb_full_16601,WPVTLACFV_HLA-B*07:02,tcr1533,1
vdjdb_full_16601_ss_3_n0,WPVTLACFV_HLA-B*07:02,tcr3243,0
vdjdb_full_16602,WPVTLACFV_HLA-B*07:02,tcr11177,1
vdjdb_full_16602_ss_3_n0,WPVTLACFV_HLA-B*07:02,tcr17947,0
vdjdb_full_16603,WPVTLACFV_HLA-B*07:02,tcr4047,1
vdjdb_full_16603_ss_3_n0,WPVTLACFV_HLA-B*07:02,tcr4992,0
vdjdb_full_16604,WPVTLACFV_HLA-B*07:02,tcr9927,1
vdjdb_full_16604_ss_3_n0,WPVTLACFV_HLA-B*07:02,tcr7642,0
vdjdb_full_16605,WPVTLACFV_HLA-B*07:02,tcr9626,1
vdjdb_full_16605_ss_3_n0,WPVTLACFV_HLA-B*07:02,tcr7217,0
vdjdb_full_16606,WPVTLACFV_HLA-B*07:02,tcr1554,1
vdjdb_full_16606_ss_3_n0,WPVTLACFV_HLA-B*07:02,tcr18251,0
vdjdb_full_16607,WPVTLACFV_HLA-B*07:02,tcr15206,1
vdjdb_full_16607_ss_3_n0,WPVTLACFV_HLA-B*07:02,tcr15747,0
vdjdb_full_17160,KTWGQYWQV_HLA-A*02:01,tcr912,1
vdjdb_full_17160_ss_3_n0,KTWGQYWQV_HLA-A*02:01,tcr7955,0
vdjdb_full_17161,KTWGQYWQV_HLA-A*02:01,tcr5534,1
vdjdb_full_17161_ss_3_n0,KTWGQYWQV_HLA-A*02:01,tcr16718,0
vdjdb_full_17162,KTWGQYWQV_HLA-A*02:01,tcr7464,1
vdjdb_full_17162_ss_3_n0,KTWGQYWQV_HLA-A*02:01,tcr12253,0
vdjdb_full_17163,KTWGQYWQV_HLA-A*02:01,tcr2216,1
vdjdb_full_17163_ss_3_n0,KTWGQYWQV_HLA-A*02:01,tcr5630,0
vdjdb_full_17164,KTWGQYWQV_HLA-A*02:01,tcr14850,1
vdjdb_full_17164_ss_3_n0,KTWGQYWQV_HLA-A*02:01,tcr9794,0
vdjdb_full_17165,KTWGQYWQV_HLA-A*02:01,tcr11158,1
vdjdb_full_17165_ss_3_n0,KTWGQYWQV_HLA-A*02:01,tcr12191,0
vdjdb_full_17166,KTWGQYWQV_HLA-A*02:01,tcr17885,1
vdjdb_full_17166_ss_3_n0,KTWGQYWQV_HLA-A*02:01,tcr4380,0
vdjdb_full_17167,KTWGQYWQV_HLA-A*02:01,tcr14800,1
vdjdb_full_17167_ss_3_n0,KTWGQYWQV_HLA-A*02:01,tcr12801,0
vdjdb_full_17168,KTWGQYWQV_HLA-A*02:01,tcr17595,1
vdjdb_full_17168_ss_3_n0,KTWGQYWQV_HLA-A*02:01,tcr9931,0
vdjdb_full_17169,KTWGQYWQV_HLA-A*02:01,tcr12521,1
vdjdb_full_17169_ss_3_n0,KTWGQYWQV_HLA-A*02:01,tcr9883,0
vdjdb_full_17170,KTWGQYWQV_HLA-A*02:01,tcr14538,1
vdjdb_full_17170_ss_3_n0,KTWGQYWQV_HLA-A*02:01,tcr7352,0
vdjdb_full_17171,KTWGQYWQV_HLA-A*02:01,tcr9674,1
vdjdb_full_17171_ss_3_n0,KTWGQYWQV_HLA-A*02:01,tcr8665,0
vdjdb_full_17172,KTWGQYWQV_HLA-A*02:01,tcr8880,1
vdjdb_full_17172_ss_3_n0,KTWGQYWQV_HLA-A*02:01,tcr3389,0
vdjdb_full_17173,KTWGQYWQV_HLA-A*02:01,tcr12911,1
vdjdb_full_17173_ss_3_n0,KTWGQYWQV_HLA-A*02:01,tcr5479,0
vdjdb_full_11078,AAGIGILTV_HLA-A*02:01,tcr11415,1
vdjdb_full_11078_ss_3_n0,AAGIGILTV_HLA-A*02:01,tcr4300,0
vdjdb_full_11079,AAGIGILTV_HLA-A*02:01,tcr6469,1
vdjdb_full_11079_ss_3_n0,AAGIGILTV_HLA-A*02:01,tcr11367,0
vdjdb_full_11080,AAGIGILTV_HLA-A*02:01,tcr5617,1
vdjdb_full_11080_ss_3_n0,AAGIGILTV_HLA-A*02:01,tcr7840,0
vdjdb_full_11081,AAGIGILTV_HLA-A*02:01,tcr14870,1
vdjdb_full_11081_ss_3_n0,AAGIGILTV_HLA-A*02:01,tcr3087,0
vdjdb_full_11082,AAGIGILTV_HLA-A*02:01,tcr3436,1
vdjdb_full_11082_ss_3_n0,AAGIGILTV_HLA-A*02:01,tcr4780,0
vdjdb_full_11083,AAGIGILTV_HLA-A*02:01,tcr5424,1
vdjdb_full_11083_ss_3_n0,AAGIGILTV_HLA-A*02:01,tcr16998,0
vdjdb_full_11084,AAGIGILTV_HLA-A*02:01,tcr13657,1
vdjdb_full_11084_ss_3_n0,AAGIGILTV_HLA-A*02:01,tcr10669,0
vdjdb_full_11085,AAGIGILTV_HLA-A*02:01,tcr17368,1
vdjdb_full_11085_ss_3_n0,AAGIGILTV_HLA-A*02:01,tcr5520,0
vdjdb_full_11086,AAGIGILTV_HLA-A*02:01,tcr949,1
vdjdb_full_11086_ss_3_n0,AAGIGILTV_HLA-A*02:01,tcr7637,0
vdjdb_full_11087,AAGIGILTV_HLA-A*02:01,tcr13359,1
vdjdb_full_11087_ss_3_n0,AAGIGILTV_HLA-A*02:01,tcr10040,0
vdjdb_full_11088,AAGIGILTV_HLA-A*02:01,tcr16184,1
vdjdb_full_11088_ss_3_n0,AAGIGILTV_HLA-A*02:01,tcr8332,0
vdjdb_full_11089,AAGIGILTV_HLA-A*02:01,tcr11553,1
vdjdb_full_11089_ss_3_n0,AAGIGILTV_HLA-A*02:01,tcr7389,0
vdjdb_full_11090,AAGIGILTV_HLA-A*02:01,tcr14954,1
vdjdb_full_11090_ss_3_n0,AAGIGILTV_HLA-A*02:01,tcr11246,0
vdjdb_full_13349,RMFPNAPYL_HLA-A*02:01,tcr16611,1
vdjdb_full_13349_ss_3_n0,RMFPNAPYL_HLA-A*02:01,tcr16310,0
vdjdb_full_13350,RMFPNAPYL_HLA-A*02:01,tcr16712,1
vdjdb_full_13350_ss_3_n0,RMFPNAPYL_HLA-A*02:01,tcr3698,0
vdjdb_full_13351,RMFPNAPYL_HLA-A*02:01,tcr16185,1
vdjdb_full_13351_ss_3_n0,RMFPNAPYL_HLA-A*02:01,tcr15724,0
vdjdb_full_13352,RMFPNAPYL_HLA-A*02:01,tcr10677,1
vdjdb_full_13352_ss_3_n0,RMFPNAPYL_HLA-A*02:01,tcr2053,0
vdjdb_full_13353,RMFPNAPYL_HLA-A*02:01,tcr9182,1
vdjdb_full_13353_ss_3_n0,RMFPNAPYL_HLA-A*02:01,tcr16098,0
vdjdb_full_13354,RMFPNAPYL_HLA-A*02:01,tcr13267,1
vdjdb_full_13354_ss_3_n0,RMFPNAPYL_HLA-A*02:01,tcr5558,0
vdjdb_full_13355,RMFPNAPYL_HLA-A*02:01,tcr475,1
vdjdb_full_13355_ss_3_n0,RMFPNAPYL_HLA-A*02:01,tcr4519,0
vdjdb_full_13356,RMFPNAPYL_HLA-A*02:01,tcr2046,1
vdjdb_full_13356_ss_3_n0,RMFPNAPYL_HLA-A*02:01,tcr16747,0
vdjdb_full_13357,RMFPNAPYL_HLA-A*02:01,tcr17050,1
vdjdb_full_13357_ss_3_n0,RMFPNAPYL_HLA-A*02:01,tcr15600,0
vdjdb_full_13358,RMFPNAPYL_HLA-A*02:01,tcr9307,1
vdjdb_full_13358_ss_3_n0,RMFPNAPYL_HLA-A*02:01,tcr16816,0
vdjdb_full_13359,RMFPNAPYL_HLA-A*02:01,tcr5523,1
vdjdb_full_13359_ss_3_n0,RMFPNAPYL_HLA-A*02:01,tcr17339,0
vdjdb_full_13360,RMFPNAPYL_HLA-A*02:01,tcr10972,1
vdjdb_full_13360_ss_3_n0,RMFPNAPYL_HLA-A*02:01,tcr992,0
vdjdb_full_13361,RMFPNAPYL_HLA-A*02:01,tcr16152,1
vdjdb_full_13361_ss_3_n0,RMFPNAPYL_HLA-A*02:01,tcr9915,0
vdjdb_full_15251,FLSINVHKV_HLA-A*02:01,tcr7117,1
vdjdb_full_15251_ss_3_n0,FLSINVHKV_HLA-A*02:01,tcr2857,0
vdjdb_full_15252,FLSINVHKV_HLA-A*02:01,tcr16205,1
vdjdb_full_15252_ss_3_n0,FLSINVHKV_HLA-A*02:01,tcr9123,0
vdjdb_full_15253,FLSINVHKV_HLA-A*02:01,tcr2083,1
vdjdb_full_15253_ss_3_n0,FLSINVHKV_HLA-A*02:01,tcr13687,0
vdjdb_full_15254,FLSINVHKV_HLA-A*02:01,tcr3135,1
vdjdb_full_15254_ss_3_n0,FLSINVHKV_HLA-A*02:01,tcr5441,0
vdjdb_full_15255,FLSINVHKV_HLA-A*02:01,tcr18189,1
vdjdb_full_15255_ss_3_n0,FLSINVHKV_HLA-A*02:01,tcr6433,0
vdjdb_full_15256,FLSINVHKV_HLA-A*02:01,tcr12902,1
vdjdb_full_15256_ss_3_n0,FLSINVHKV_HLA-A*02:01,tcr16224,0
vdjdb_full_15257,FLSINVHKV_HLA-A*02:01,tcr10046,1
vdjdb_full_15257_ss_3_n0,FLSINVHKV_HLA-A*02:01,tcr6415,0
vdjdb_full_15258,FLSINVHKV_HLA-A*02:01,tcr2489,1
vdjdb_full_15258_ss_3_n0,FLSINVHKV_HLA-A*02:01,tcr9763,0
vdjdb_full_15259,FLSINVHKV_HLA-A*02:01,tcr11757,1
vdjdb_full_15259_ss_3_n0,FLSINVHKV_HLA-A*02:01,tcr8457,0
vdjdb_full_15260,FLSINVHKV_HLA-A*02:01,tcr9507,1
vdjdb_full_15260_ss_3_n0,FLSINVHKV_HLA-A*02:01,tcr10845,0
vdjdb_full_15261,FLSINVHKV_HLA-A*02:01,tcr7184,1
vdjdb_full_15261_ss_3_n0,FLSINVHKV_HLA-A*02:01,tcr12780,0
vdjdb_full_15262,FLSINVHKV_HLA-A*02:01,tcr14232,1
vdjdb_full_15262_ss_3_n0,FLSINVHKV_HLA-A*02:01,tcr17483,0
vdjdb_full_15263,FLSINVHKV_HLA-A*02:01,tcr12645,1
vdjdb_full_15263_ss_3_n0,FLSINVHKV_HLA-A*02:01,tcr6079,0
vdjdb_full_16077,VMVELVAEL_HLA-A*02:01,tcr12029,1
vdjdb_full_16077_ss_3_n0,VMVELVAEL_HLA-A*02:01,tcr11348,0
vdjdb_full_16078,VMVELVAEL_HLA-A*02:01,tcr8950,1
vdjdb_full_16078_ss_3_n0,VMVELVAEL_HLA-A*02:01,tcr13722,0
vdjdb_full_16079,VMVELVAEL_HLA-A*02:01,tcr6817,1
vdjdb_full_16079_ss_3_n0,VMVELVAEL_HLA-A*02:01,tcr5170,0
vdjdb_full_16080,VMVELVAEL_HLA-A*02:01,tcr17442,1
vdjdb_full_16080_ss_3_n0,VMVELVAEL_HLA-A*02:01,tcr2114,0
vdjdb_full_16081,VMVELVAEL_HLA-A*02:01,tcr7645,1
vdjdb_full_16081_ss_3_n0,VMVELVAEL_HLA-A*02:01,tcr998,0
vdjdb_full_16082,VMVELVAEL_HLA-A*02:01,tcr2047,1
vdjdb_full_16082_ss_3_n0,VMVELVAEL_HLA-A*02:01,tcr8094,0
vdjdb_full_16083,VMVELVAEL_HLA-A*02:01,tcr14304,1
vdjdb_full_16083_ss_3_n0,VMVELVAEL_HLA-A*02:01,tcr2048,0
vdjdb_full_16084,VMVELVAEL_HLA-A*02:01,tcr12577,1
vdjdb_full_16084_ss_3_n0,VMVELVAEL_HLA-A*02:01,tcr179,0
vdjdb_full_16085,VMVELVAEL_HLA-A*02:01,tcr16787,1
vdjdb_full_16085_ss_3_n0,VMVELVAEL_HLA-A*02:01,tcr16332,0
vdjdb_full_16086,VMVELVAEL_HLA-A*02:01,tcr9890,1
vdjdb_full_16086_ss_3_n0,VMVELVAEL_HLA-A*02:01,tcr123,0
vdjdb_full_16087,VMVELVAEL_HLA-A*02:01,tcr8897,1
vdjdb_full_16087_ss_3_n0,VMVELVAEL_HLA-A*02:01,tcr8964,0
vdjdb_full_16088,VMVELVAEL_HLA-A*02:01,tcr6020,1
vdjdb_full_16088_ss_3_n0,VMVELVAEL_HLA-A*02:01,tcr8526,0
vdjdb_full_16089,VMVELVAEL_HLA-A*02:01,tcr4625,1
vdjdb_full_16089_ss_3_n0,VMVELVAEL_HLA-A*02:01,tcr7907,0
vdjdb_full_17957,EPLPQGQLTAY_HLA-B*35:01,tcr5573,1
vdjdb_full_17957_ss_3_n0,EPLPQGQLTAY_HLA-B*35:01,tcr4924,0
vdjdb_full_17958,EPLPQGQLTAY_HLA-B*35:01,tcr14842,1
vdjdb_full_17958_ss_3_n0,EPLPQGQLTAY_HLA-B*35:01,tcr6149,0
vdjdb_full_17959,EPLPQGQLTAY_HLA-B*35:01,tcr6558,1
vdjdb_full_17959_ss_3_n0,EPLPQGQLTAY_HLA-B*35:01,tcr14304,0
vdjdb_full_17960,EPLPQGQLTAY_HLA-B*35:01,tcr1091,1
vdjdb_full_17960_ss_3_n0,EPLPQGQLTAY_HLA-B*35:01,tcr9753,0
vdjdb_full_17961,EPLPQGQLTAY_HLA-B*35:01,tcr10498,1
vdjdb_full_17961_ss_3_n0,EPLPQGQLTAY_HLA-B*35:01,tcr4097,0
vdjdb_full_17962,EPLPQGQLTAY_HLA-B*35:01,tcr51,1
vdjdb_full_17962_ss_3_n0,EPLPQGQLTAY_HLA-B*35:01,tcr1667,0
vdjdb_full_17964,EPLPQGQLTAY_HLA-B*35:01,tcr479,1
vdjdb_full_17964_ss_3_n0,EPLPQGQLTAY_HLA-B*35:01,tcr922,0
vdjdb_full_17965,EPLPQGQLTAY_HLA-B*35:01,tcr17648,1
vdjdb_full_17965_ss_3_n0,EPLPQGQLTAY_HLA-B*35:01,tcr5848,0
vdjdb_full_17966,EPLPQGQLTAY_HLA-B*35:01,tcr12425,1
vdjdb_full_17966_ss_3_n0,EPLPQGQLTAY_HLA-B*35:01,tcr14271,0
vdjdb_full_17967,EPLPQGQLTAY_HLA-B*35:01,tcr16326,1
vdjdb_full_17967_ss_3_n0,EPLPQGQLTAY_HLA-B*35:01,tcr27,0
vdjdb_full_17968,EPLPQGQLTAY_HLA-B*35:01,tcr15351,1
vdjdb_full_17968_ss_3_n0,EPLPQGQLTAY_HLA-B*35:01,tcr16061,0
vdjdb_full_17969,EPLPQGQLTAY_HLA-B*35:01,tcr10105,1
vdjdb_full_17969_ss_3_n0,EPLPQGQLTAY_HLA-B*35:01,tcr1003,0
vdjdb_full_17970,EPLPQGQLTAY_HLA-B*35:01,tcr13731,1
vdjdb_full_17970_ss_3_n0,EPLPQGQLTAY_HLA-B*35:01,tcr4691,0
vdjdb_full_18066,CYTWNQMNL_HLA-A*24:02,tcr5117,1
vdjdb_full_18066_ss_3_n0,CYTWNQMNL_HLA-A*24:02,tcr16562,0
vdjdb_full_18067,CYTWNQMNL_HLA-A*24:02,tcr283,1
vdjdb_full_18067_ss_3_n0,CYTWNQMNL_HLA-A*24:02,tcr5920,0
vdjdb_full_18068,CYTWNQMNL_HLA-A*24:02,tcr3238,1
vdjdb_full_18068_ss_3_n0,CYTWNQMNL_HLA-A*24:02,tcr3532,0
vdjdb_full_18069,CYTWNQMNL_HLA-A*24:02,tcr8461,1
vdjdb_full_18069_ss_3_n0,CYTWNQMNL_HLA-A*24:02,tcr16737,0
vdjdb_full_18070,CYTWNQMNL_HLA-A*24:02,tcr3045,1
vdjdb_full_18070_ss_3_n0,CYTWNQMNL_HLA-A*24:02,tcr12590,0
vdjdb_full_18071,CYTWNQMNL_HLA-A*24:02,tcr17932,1
vdjdb_full_18071_ss_3_n0,CYTWNQMNL_HLA-A*24:02,tcr12029,0
vdjdb_full_18072,CYTWNQMNL_HLA-A*24:02,tcr17124,1
vdjdb_full_18072_ss_3_n0,CYTWNQMNL_HLA-A*24:02,tcr13986,0
vdjdb_full_18073,CYTWNQMNL_HLA-A*24:02,tcr2753,1
vdjdb_full_18073_ss_3_n0,CYTWNQMNL_HLA-A*24:02,tcr9183,0
vdjdb_full_18074,CYTWNQMNL_HLA-A*24:02,tcr15075,1
vdjdb_full_18074_ss_3_n0,CYTWNQMNL_HLA-A*24:02,tcr2583,0
vdjdb_full_18075,CYTWNQMNL_HLA-A*24:02,tcr1014,1
vdjdb_full_18075_ss_3_n0,CYTWNQMNL_HLA-A*24:02,tcr13486,0
vdjdb_full_18076,CYTWNQMNL_HLA-A*24:02,tcr15731,1
vdjdb_full_18076_ss_3_n0,CYTWNQMNL_HLA-A*24:02,tcr6311,0
vdjdb_full_18077,CYTWNQMNL_HLA-A*24:02,tcr2487,1
vdjdb_full_18077_ss_3_n0,CYTWNQMNL_HLA-A*24:02,tcr11108,0
vdjdb_full_18078,CYTWNQMNL_HLA-A*24:02,tcr7980,1
vdjdb_full_18078_ss_3_n0,CYTWNQMNL_HLA-A*24:02,tcr13345,0
vdjdb_full_13671,QYDPVAALF_HLA-A*24:02,tcr13908,1
vdjdb_full_13671_ss_3_n0,QYDPVAALF_HLA-A*24:02,tcr353,0
vdjdb_full_13672,QYDPVAALF_HLA-A*24:02,tcr8665,1
vdjdb_full_13672_ss_3_n0,QYDPVAALF_HLA-A*24:02,tcr9965,0
vdjdb_full_13673,QYDPVAALF_HLA-A*24:02,tcr5479,1
vdjdb_full_13673_ss_3_n0,QYDPVAALF_HLA-A*24:02,tcr3427,0
vdjdb_full_13674,QYDPVAALF_HLA-A*24:02,tcr2203,1
vdjdb_full_13674_ss_3_n0,QYDPVAALF_HLA-A*24:02,tcr13871,0
vdjdb_full_13675,QYDPVAALF_HLA-A*24:02,tcr17448,1
vdjdb_full_13675_ss_3_n0,QYDPVAALF_HLA-A*24:02,tcr13159,0
vdjdb_full_13676,QYDPVAALF_HLA-A*24:02,tcr1848,1
vdjdb_full_13676_ss_3_n0,QYDPVAALF_HLA-A*24:02,tcr1091,0
vdjdb_full_13677,QYDPVAALF_HLA-A*24:02,tcr2035,1
vdjdb_full_13677_ss_3_n0,QYDPVAALF_HLA-A*24:02,tcr1462,0
vdjdb_full_13678,QYDPVAALF_HLA-A*24:02,tcr6763,1
vdjdb_full_13678_ss_3_n0,QYDPVAALF_HLA-A*24:02,tcr16247,0
vdjdb_full_13679,QYDPVAALF_HLA-A*24:02,tcr412,1
vdjdb_full_13679_ss_3_n0,QYDPVAALF_HLA-A*24:02,tcr10383,0
vdjdb_full_13680,QYDPVAALF_HLA-A*24:02,tcr1861,1
vdjdb_full_13680_ss_3_n0,QYDPVAALF_HLA-A*24:02,tcr1934,0
vdjdb_full_13681,QYDPVAALF_HLA-A*24:02,tcr9168,1
vdjdb_full_13681_ss_3_n0,QYDPVAALF_HLA-A*24:02,tcr8206,0
vdjdb_full_13682,QYDPVAALF_HLA-A*24:02,tcr12941,1
vdjdb_full_13682_ss_3_n0,QYDPVAALF_HLA-A*24:02,tcr15351,0
vdjdb_full_18151,MLDLQPETT_HLA-A*02:01,tcr3419,1
vdjdb_full_18151_ss_3_n0,MLDLQPETT_HLA-A*02:01,tcr1546,0
vdjdb_full_18153,MLDLQPETT_HLA-A*02:01,tcr149,1
vdjdb_full_18153_ss_3_n0,MLDLQPETT_HLA-A*02:01,tcr5239,0
vdjdb_full_18154,MLDLQPETT_HLA-A*02:01,tcr164,1
vdjdb_full_18154_ss_3_n0,MLDLQPETT_HLA-A*02:01,tcr12807,0
vdjdb_full_18155,MLDLQPETT_HLA-A*02:01,tcr13369,1
vdjdb_full_18155_ss_3_n0,MLDLQPETT_HLA-A*02:01,tcr8515,0
vdjdb_full_18156,MLDLQPETT_HLA-A*02:01,tcr4097,1
vdjdb_full_18156_ss_3_n0,MLDLQPETT_HLA-A*02:01,tcr9886,0
vdjdb_full_18157,MLDLQPETT_HLA-A*02:01,tcr7926,1
vdjdb_full_18157_ss_3_n0,MLDLQPETT_HLA-A*02:01,tcr13451,0
vdjdb_full_18158,MLDLQPETT_HLA-A*02:01,tcr17963,1
vdjdb_full_18158_ss_3_n0,MLDLQPETT_HLA-A*02:01,tcr8665,0
vdjdb_full_18159,MLDLQPETT_HLA-A*02:01,tcr9896,1
vdjdb_full_18159_ss_3_n0,MLDLQPETT_HLA-A*02:01,tcr11883,0
vdjdb_full_18160,MLDLQPETT_HLA-A*02:01,tcr17238,1
vdjdb_full_18160_ss_3_n0,MLDLQPETT_HLA-A*02:01,tcr9787,0
vdjdb_full_18161,MLDLQPETT_HLA-A*02:01,tcr7858,1
vdjdb_full_18161_ss_3_n0,MLDLQPETT_HLA-A*02:01,tcr16397,0
vdjdb_full_18162,MLDLQPETT_HLA-A*02:01,tcr2437,1
vdjdb_full_18162_ss_3_n0,MLDLQPETT_HLA-A*02:01,tcr11610,0
vdjdb_full_18164,MLDLQPETT_HLA-A*02:01,tcr17449,1
vdjdb_full_18164_ss_3_n0,MLDLQPETT_HLA-A*02:01,tcr5661,0
vdjdb_full_18196,GQAQGIGSSVY_HLA-B*15:01,tcr13756,1
vdjdb_full_18196_ss_3_n0,GQAQGIGSSVY_HLA-B*15:01,tcr5534,0
vdjdb_full_18197,GQAQGIGSSVY_HLA-B*15:01,tcr17578,1
vdjdb_full_18197_ss_3_n0,GQAQGIGSSVY_HLA-B*15:01,tcr11503,0
vdjdb_full_18198,GQAQGIGSSVY_HLA-B*15:01,tcr1982,1
vdjdb_full_18198_ss_3_n0,GQAQGIGSSVY_HLA-B*15:01,tcr7937,0
vdjdb_full_18199,GQAQGIGSSVY_HLA-B*15:01,tcr5347,1
vdjdb_full_18199_ss_3_n0,GQAQGIGSSVY_HLA-B*15:01,tcr12887,0
vdjdb_full_18200,GQAQGIGSSVY_HLA-B*15:01,tcr3880,1
vdjdb_full_18200_ss_3_n0,GQAQGIGSSVY_HLA-B*15:01,tcr4796,0
vdjdb_full_18201,GQAQGIGSSVY_HLA-B*15:01,tcr5414,1
vdjdb_full_18201_ss_3_n0,GQAQGIGSSVY_HLA-B*15:01,tcr4229,0
vdjdb_full_18202,GQAQGIGSSVY_HLA-B*15:01,tcr17004,1
vdjdb_full_18202_ss_3_n0,GQAQGIGSSVY_HLA-B*15:01,tcr17902,0
vdjdb_full_18203,GQAQGIGSSVY_HLA-B*15:01,tcr987,1
vdjdb_full_18203_ss_3_n0,GQAQGIGSSVY_HLA-B*15:01,tcr15798,0
vdjdb_full_18204,GQAQGIGSSVY_HLA-B*15:01,tcr16681,1
vdjdb_full_18204_ss_3_n0,GQAQGIGSSVY_HLA-B*15:01,tcr13769,0
vdjdb_full_18205,GQAQGIGSSVY_HLA-B*15:01,tcr5834,1
vdjdb_full_18205_ss_3_n0,GQAQGIGSSVY_HLA-B*15:01,tcr14866,0
vdjdb_full_18206,GQAQGIGSSVY_HLA-B*15:01,tcr4461,1
vdjdb_full_18206_ss_3_n0,GQAQGIGSSVY_HLA-B*15:01,tcr11537,0
vdjdb_full_18207,GQAQGIGSSVY_HLA-B*15:01,tcr4259,1
vdjdb_full_18207_ss_3_n0,GQAQGIGSSVY_HLA-B*15:01,tcr1861,0
vdjdb_full_15744,STNVGSNTY_HLA-A*01:01,tcr13061,1
vdjdb_full_15744_ss_3_n0,STNVGSNTY_HLA-A*01:01,tcr8878,0
vdjdb_full_15745,STNVGSNTY_HLA-A*01:01,tcr6534,1
vdjdb_full_15745_ss_3_n0,STNVGSNTY_HLA-A*01:01,tcr15043,0
vdjdb_full_15746,STNVGSNTY_HLA-A*01:01,tcr8910,1
vdjdb_full_15746_ss_3_n0,STNVGSNTY_HLA-A*01:01,tcr3937,0
vdjdb_full_15747,STNVGSNTY_HLA-A*01:01,tcr15150,1
vdjdb_full_15747_ss_3_n0,STNVGSNTY_HLA-A*01:01,tcr7929,0
vdjdb_full_15748,STNVGSNTY_HLA-A*01:01,tcr11952,1
vdjdb_full_15748_ss_3_n0,STNVGSNTY_HLA-A*01:01,tcr3452,0
vdjdb_full_15749,STNVGSNTY_HLA-A*01:01,tcr12717,1
vdjdb_full_15749_ss_3_n0,STNVGSNTY_HLA-A*01:01,tcr12185,0
vdjdb_full_15750,STNVGSNTY_HLA-A*01:01,tcr5644,1
vdjdb_full_15750_ss_3_n0,STNVGSNTY_HLA-A*01:01,tcr926,0
vdjdb_full_15751,STNVGSNTY_HLA-A*01:01,tcr18248,1
vdjdb_full_15751_ss_3_n0,STNVGSNTY_HLA-A*01:01,tcr15942,0
vdjdb_full_15752,STNVGSNTY_HLA-A*01:01,tcr10254,1
vdjdb_full_15752_ss_3_n0,STNVGSNTY_HLA-A*01:01,tcr14393,0
vdjdb_full_15753,STNVGSNTY_HLA-A*01:01,tcr8524,1
vdjdb_full_15753_ss_3_n0,STNVGSNTY_HLA-A*01:01,tcr4813,0
vdjdb_full_15754,STNVGSNTY_HLA-A*01:01,tcr11013,1
vdjdb_full_15754_ss_3_n0,STNVGSNTY_HLA-A*01:01,tcr6112,0
vdjdb_full_13501,LLLEWLAMA_HLA-A*02:01,tcr6035,1
vdjdb_full_13501_ss_3_n0,LLLEWLAMA_HLA-A*02:01,tcr5360,0
vdjdb_full_13502,LLLEWLAMA_HLA-A*02:01,tcr2529,1
vdjdb_full_13502_ss_3_n0,LLLEWLAMA_HLA-A*02:01,tcr13141,0
vdjdb_full_13503,LLLEWLAMA_HLA-A*02:01,tcr14554,1
vdjdb_full_13503_ss_3_n0,LLLEWLAMA_HLA-A*02:01,tcr16024,0
vdjdb_full_13504,LLLEWLAMA_HLA-A*02:01,tcr13835,1
vdjdb_full_13504_ss_3_n0,LLLEWLAMA_HLA-A*02:01,tcr5079,0
vdjdb_full_13505,LLLEWLAMA_HLA-A*02:01,tcr14118,1
vdjdb_full_13505_ss_3_n0,LLLEWLAMA_HLA-A*02:01,tcr4698,0
vdjdb_full_13506,LLLEWLAMA_HLA-A*02:01,tcr15013,1
vdjdb_full_13506_ss_3_n0,LLLEWLAMA_HLA-A*02:01,tcr15387,0
vdjdb_full_13507,LLLEWLAMA_HLA-A*02:01,tcr8438,1
vdjdb_full_13507_ss_3_n0,LLLEWLAMA_HLA-A*02:01,tcr1034,0
vdjdb_full_13508,LLLEWLAMA_HLA-A*02:01,tcr15269,1
vdjdb_full_13508_ss_3_n0,LLLEWLAMA_HLA-A*02:01,tcr11033,0
vdjdb_full_13509,LLLEWLAMA_HLA-A*02:01,tcr14042,1
vdjdb_full_13509_ss_3_n0,LLLEWLAMA_HLA-A*02:01,tcr14444,0
vdjdb_full_13510,LLLEWLAMA_HLA-A*02:01,tcr13617,1
vdjdb_full_13510_ss_3_n0,LLLEWLAMA_HLA-A*02:01,tcr3353,0
vdjdb_full_17493,RLITGRLQSL_HLA-A*02:01,tcr5266,1
vdjdb_full_17493_ss_3_n0,RLITGRLQSL_HLA-A*02:01,tcr3960,0
vdjdb_full_17494,RLITGRLQSL_HLA-A*02:01,tcr12383,1
vdjdb_full_17494_ss_3_n0,RLITGRLQSL_HLA-A*02:01,tcr8038,0
vdjdb_full_17495,RLITGRLQSL_HLA-A*02:01,tcr8754,1
vdjdb_full_17495_ss_3_n0,RLITGRLQSL_HLA-A*02:01,tcr5984,0
vdjdb_full_17496,RLITGRLQSL_HLA-A*02:01,tcr13844,1
vdjdb_full_17496_ss_3_n0,RLITGRLQSL_HLA-A*02:01,tcr1736,0
vdjdb_full_17497,RLITGRLQSL_HLA-A*02:01,tcr5186,1
vdjdb_full_17497_ss_3_n0,RLITGRLQSL_HLA-A*02:01,tcr1267,0
vdjdb_full_17498,RLITGRLQSL_HLA-A*02:01,tcr7803,1
vdjdb_full_17498_ss_3_n0,RLITGRLQSL_HLA-A*02:01,tcr15839,0
vdjdb_full_17499,RLITGRLQSL_HLA-A*02:01,tcr14398,1
vdjdb_full_17499_ss_3_n0,RLITGRLQSL_HLA-A*02:01,tcr12113,0
vdjdb_full_17500,RLITGRLQSL_HLA-A*02:01,tcr16399,1
vdjdb_full_17500_ss_3_n0,RLITGRLQSL_HLA-A*02:01,tcr903,0
vdjdb_full_17501,RLITGRLQSL_HLA-A*02:01,tcr8671,1
vdjdb_full_17501_ss_3_n0,RLITGRLQSL_HLA-A*02:01,tcr18147,0
vdjdb_full_17502,RLITGRLQSL_HLA-A*02:01,tcr811,1
vdjdb_full_17502_ss_3_n0,RLITGRLQSL_HLA-A*02:01,tcr9735,0
vdjdb_full_17524,RLWGTWVKA_HLA-A*02:01,tcr7365,1
vdjdb_full_17524_ss_3_n0,RLWGTWVKA_HLA-A*02:01,tcr14175,0
vdjdb_full_17525,RLWGTWVKA_HLA-A*02:01,tcr17923,1
vdjdb_full_17525_ss_3_n0,RLWGTWVKA_HLA-A*02:01,tcr4103,0
vdjdb_full_17526,RLWGTWVKA_HLA-A*02:01,tcr9329,1
vdjdb_full_17526_ss_3_n0,RLWGTWVKA_HLA-A*02:01,tcr16530,0
vdjdb_full_17527,RLWGTWVKA_HLA-A*02:01,tcr852,1
vdjdb_full_17527_ss_3_n0,RLWGTWVKA_HLA-A*02:01,tcr608,0
vdjdb_full_17528,RLWGTWVKA_HLA-A*02:01,tcr13593,1
vdjdb_full_17528_ss_3_n0,RLWGTWVKA_HLA-A*02:01,tcr2709,0
vdjdb_full_17529,RLWGTWVKA_HLA-A*02:01,tcr15724,1
vdjdb_full_17529_ss_3_n0,RLWGTWVKA_HLA-A*02:01,tcr2259,0
vdjdb_full_17530,RLWGTWVKA_HLA-A*02:01,tcr9627,1
vdjdb_full_17530_ss_3_n0,RLWGTWVKA_HLA-A*02:01,tcr14878,0
vdjdb_full_17531,RLWGTWVKA_HLA-A*02:01,tcr16669,1
vdjdb_full_17531_ss_3_n0,RLWGTWVKA_HLA-A*02:01,tcr1075,0
vdjdb_full_17532,RLWGTWVKA_HLA-A*02:01,tcr8819,1
vdjdb_full_17532_ss_3_n0,RLWGTWVKA_HLA-A*02:01,tcr15559,0
vdjdb_full_17533,RLWGTWVKA_HLA-A*02:01,tcr13937,1
vdjdb_full_17533_ss_3_n0,RLWGTWVKA_HLA-A*02:01,tcr17069,0
vdjdb_full_18165,QELIRQGTDY_HLA-B*44:02,tcr15704,1
vdjdb_full_18165_ss_3_n0,QELIRQGTDY_HLA-B*44:02,tcr5441,0
vdjdb_full_18166,QELIRQGTDY_HLA-B*44:02,tcr1451,1
vdjdb_full_18166_ss_3_n0,QELIRQGTDY_HLA-B*44:02,tcr4042,0
vdjdb_full_18167,QELIRQGTDY_HLA-B*44:02,tcr3748,1
vdjdb_full_18167_ss_3_n0,QELIRQGTDY_HLA-B*44:02,tcr17339,0
vdjdb_full_18168,QELIRQGTDY_HLA-B*44:02,tcr2673,1
vdjdb_full_18168_ss_3_n0,QELIRQGTDY_HLA-B*44:02,tcr15890,0
vdjdb_full_18169,QELIRQGTDY_HLA-B*44:02,tcr11253,1
vdjdb_full_18169_ss_3_n0,QELIRQGTDY_HLA-B*44:02,tcr11415,0
vdjdb_full_18170,QELIRQGTDY_HLA-B*44:02,tcr11456,1
vdjdb_full_18170_ss_3_n0,QELIRQGTDY_HLA-B*44:02,tcr1272,0
vdjdb_full_18171,QELIRQGTDY_HLA-B*44:02,tcr5108,1
vdjdb_full_18171_ss_3_n0,QELIRQGTDY_HLA-B*44:02,tcr12480,0
vdjdb_full_18172,QELIRQGTDY_HLA-B*44:02,tcr16133,1
vdjdb_full_18172_ss_3_n0,QELIRQGTDY_HLA-B*44:02,tcr18035,0
vdjdb_full_18173,QELIRQGTDY_HLA-B*44:02,tcr9297,1
vdjdb_full_18173_ss_3_n0,QELIRQGTDY_HLA-B*44:02,tcr1713,0
vdjdb_full_18174,QELIRQGTDY_HLA-B*44:02,tcr13404,1
vdjdb_full_18174_ss_3_n0,QELIRQGTDY_HLA-B*44:02,tcr10336,0
vdjdb_full_18410,FLWSVFWLI_HLA-A*02:01,tcr15271,1
vdjdb_full_18410_ss_3_n0,FLWSVFWLI_HLA-A*02:01,tcr696,0
vdjdb_full_18411,FLWSVFWLI_HLA-A*02:01,tcr11988,1
vdjdb_full_18411_ss_3_n0,FLWSVFWLI_HLA-A*02:01,tcr2601,0
vdjdb_full_18412,FLWSVFWLI_HLA-A*02:01,tcr7886,1
vdjdb_full_18412_ss_3_n0,FLWSVFWLI_HLA-A*02:01,tcr13815,0
vdjdb_full_18413,FLWSVFWLI_HLA-A*02:01,tcr11014,1
vdjdb_full_18413_ss_3_n0,FLWSVFWLI_HLA-A*02:01,tcr10681,0
vdjdb_full_18414,FLWSVFWLI_HLA-A*02:01,tcr292,1
vdjdb_full_18414_ss_3_n0,FLWSVFWLI_HLA-A*02:01,tcr11528,0
vdjdb_full_18415,FLWSVFWLI_HLA-A*02:01,tcr8449,1
vdjdb_full_18415_ss_3_n0,FLWSVFWLI_HLA-A*02:01,tcr11163,0
vdjdb_full_18416,FLWSVFWLI_HLA-A*02:01,tcr1418,1
vdjdb_full_18416_ss_3_n0,FLWSVFWLI_HLA-A*02:01,tcr9626,0
vdjdb_full_18417,FLWSVFWLI_HLA-A*02:01,tcr156,1
vdjdb_full_18417_ss_3_n0,FLWSVFWLI_HLA-A*02:01,tcr2885,0
vdjdb_full_18418,FLWSVFWLI_HLA-A*02:01,tcr16724,1
vdjdb_full_18418_ss_3_n0,FLWSVFWLI_HLA-A*02:01,tcr7223,0
vdjdb_full_18419,FLWSVFWLI_HLA-A*02:01,tcr6493,1
vdjdb_full_18419_ss_3_n0,FLWSVFWLI_HLA-A*02:01,tcr13706,0
vdjdb_full_9523,CVNGSCFTV_HLA-A*02:01,tcr15890,1
vdjdb_full_9523_ss_3_n0,CVNGSCFTV_HLA-A*02:01,tcr7689,0
vdjdb_full_9524,CVNGSCFTV_HLA-A*02:01,tcr17507,1
vdjdb_full_9524_ss_3_n0,CVNGSCFTV_HLA-A*02:01,tcr11997,0
vdjdb_full_9525,CVNGSCFTV_HLA-A*02:01,tcr13159,1
vdjdb_full_9525_ss_3_n0,CVNGSCFTV_HLA-A*02:01,tcr1707,0
vdjdb_full_9526,CVNGSCFTV_HLA-A*02:01,tcr14044,1
vdjdb_full_9526_ss_3_n0,CVNGSCFTV_HLA-A*02:01,tcr1652,0
vdjdb_full_9527,CVNGSCFTV_HLA-A*02:01,tcr6256,1
vdjdb_full_9527_ss_3_n0,CVNGSCFTV_HLA-A*02:01,tcr909,0
vdjdb_full_9529,CVNGSCFTV_HLA-A*02:01,tcr655,1
vdjdb_full_9529_ss_3_n0,CVNGSCFTV_HLA-A*02:01,tcr1437,0
vdjdb_full_9530,CVNGSCFTV_HLA-A*02:01,tcr13554,1
vdjdb_full_9530_ss_3_n0,CVNGSCFTV_HLA-A*02:01,tcr8168,0
vdjdb_full_9531,CVNGSCFTV_HLA-A*02:01,tcr7100,1
vdjdb_full_9531_ss_3_n0,CVNGSCFTV_HLA-A*02:01,tcr15360,0
vdjdb_full_9532,CVNGSCFTV_HLA-A*02:01,tcr2477,1
vdjdb_full_9532_ss_3_n0,CVNGSCFTV_HLA-A*02:01,tcr9055,0
vdjdb_full_9533,CVNGSCFTV_HLA-A*02:01,tcr10855,1
vdjdb_full_9533_ss_3_n0,CVNGSCFTV_HLA-A*02:01,tcr12647,0
