id,pmhc,tcr,label
vdjdb_full_7965,GILGFVFTL_HLA-A*02:01,tcr15237,1
vdjdb_full_7965_ss_2_n0,GILGFVFTL_HLA-A*02:01,tcr17824,0
vdjdb_full_7751,GILGFVFTL_HLA-A*02:01,tcr4892,1
vdjdb_full_7751_ss_2_n0,GILGFVFTL_HLA-A*02:01,tcr8529,0
vdjdb_full_8077,GILGFVFTL_HLA-A*02:01,tcr7447,1
vdjdb_full_8077_ss_2_n0,GILGFVFTL_HLA-A*02:01,tcr7648,0
vdjdb_full_7393,GILGFVFTL_HLA-A*02:01,tcr18147,1
vdjdb_full_7393_ss_2_n0,GILGFVFTL_HLA-A*02:01,tcr8288,0
vdjdb_full_6621,GILGFVFTL_HLA-A*02:01,tcr1113,1
vdjdb_full_6621_ss_2_n0,GILGFVFTL_HLA-A*02:01,tcr3233,0
vdjdb_full_6750,GILGFVFTL_HLA-A*02:01,tcr837,1
vdjdb_full_6750_ss_2_n0,GILGFVFTL_HLA-A*02:01,tcr4691,0
vdjdb_full_7815,GILGFVFTL_HLA-A*02:01,tcr358,1
vdjdb_full_7815_ss_2_n0,GILGFVFTL_HLA-A*02:01,tcr10815,0
vdjdb_full_6919,GILGFVFTL_HLA-A*02:01,tcr14140,1
vdjdb_full_6919_ss_2_n0,GILGFVFTL_HLA-A*02:01,tcr3353,0
vdjdb_full_8173,GILGFVFTL_HLA-A*02:01,tcr16742,1
vdjdb_full_8173_ss_2_n0,GILGFVFTL_HLA-A*02:01,tcr12830,0
vdjdb_full_6619,GILGFVFTL_HLA-A*02:01,tcr4762,1
vdjdb_full_6619_ss_2_n0,GILGFVFTL_HLA-A*02:01,tcr14538,0
vdjdb_full_6684,GILGFVFTL_HLA-A*02:01,tcr12821,1
vdjdb_full_6684_ss_2_n0,GILGFVFTL_HLA-A*02:01,tcr4921,0
vdjdb_full_7963,GILGFVFTL_HLA-A*02:01,tcr5979,1
vdjdb_full_7963_ss_2_n0,GILGFVFTL_HLA-A*02:01,tcr1273,0
vdjdb_full_7864,GILGFVFTL_HLA-A*02:01,tcr2327,1
vdjdb_full_7864_ss_2_n0,GILGFVFTL_HLA-A*02:01,tcr11628,0
vdjdb_full_8123,GILGFVFTL_HLA-A*02:01,tcr14257,1
vdjdb_full_8123_ss_2_n0,GILGFVFTL_HLA-A*02:01,tcr14440,0
vdjdb_full_7446,GILGFVFTL_HLA-A*02:01,tcr5506,1
vdjdb_full_7446_ss_2_n0,GILGFVFTL_HLA-A*02:01,tcr911,0
vdjdb_full_8090,GILGFVFTL_HLA-A*02:01,tcr7699,1
vdjdb_full_8090_ss_2_n0,GILGFVFTL_HLA-A*02:01,tcr5066,0
vdjdb_full_6376,GILGFVFTL_HLA-A*02:01,tcr3169,1
vdjdb_full_6376_ss_2_n0,GILGFVFTL_HLA-A*02:01,tcr5859,0
vdjdb_full_7959,GILGFVFTL_HLA-A*02:01,tcr12457,1
vdjdb_full_7959_ss_2_n0,GILGFVFTL_HLA-A*02:01,tcr3273,0
vdjdb_full_6756,GILGFVFTL_HLA-A*02:01,tcr5535,1
vdjdb_full_6756_ss_2_n0,GILGFVFTL_HLA-A*02:01,tcr10658,0
vdjdb_full_6442,GILGFVFTL_HLA-A*02:01,tcr1900,1
vdjdb_full_6442_ss_2_n0,GILGFVFTL_HLA-A*02:01,tcr10103,0
vdjdb_full_6876,GILGFVFTL_HLA-A*02:01,tcr8356,1
vdjdb_full_6876_ss_2_n0,GILGFVFTL_HLA-A*02:01,tcr8763,0
vdjdb_full_6406,GILGFVFTL_HLA-A*02:01,tcr391,1
vdjdb_full_6406_ss_2_n0,GILGFVFTL_HLA-A*02:01,tcr7725,0
vdjdb_full_7392,GILGFVFTL_HLA-A*02:01,tcr399,1
vdjdb_full_7392_ss_2_n0,GILGFVFTL_HLA-A*02:01,tcr6046,0
vdjdb_full_7767,GILGFVFTL_HLA-A*02:01,tcr15217,1
vdjdb_full_7767_ss_2_n0,GILGFVFTL_HLA-A*02:01,tcr8448,0
vdjdb_full_7062,GILGFVFTL_HLA-A*02:01,tcr12985,1
vdjdb_full_7062_ss_2_n0,GILGFVFTL_HLA-A*02:01,tcr1298,0
vdjdb_full_7804,GILGFVFTL_HLA-A*02:01,tcr10907,1
vdjdb_full_7804_ss_2_n0,GILGFVFTL_HLA-A*02:01,tcr11874,0
vdjdb_full_6559,GILGFVFTL_HLA-A*02:01,tcr9520,1
vdjdb_full_6559_ss_2_n0,GILGFVFTL_HLA-A*02:01,tcr1125,0
vdjdb_full_6668,GILGFVFTL_HLA-A*02:01,tcr5047,1
vdjdb_full_6668_ss_2_n0,GILGFVFTL_HLA-A*02:01,tcr4135,0
vdjdb_full_7640,GILGFVFTL_HLA-A*02:01,tcr7472,1
vdjdb_full_7640_ss_2_n0,GILGFVFTL_HLA-A*02:01,tcr10016,0
vdjdb_full_6363,GILGFVFTL_HLA-A*02:01,tcr4272,1
vdjdb_full_6363_ss_2_n0,GILGFVFTL_HLA-A*02:01,tcr887,0
vdjdb_full_8163,GILGFVFTL_HLA-A*02:01,tcr16737,1
vdjdb_full_8163_ss_2_n0,GILGFVFTL_HLA-A*02:01,tcr10090,0
vdjdb_full_7793,GILGFVFTL_HLA-A*02:01,tcr5715,1
vdjdb_full_7793_ss_2_n0,GILGFVFTL_HLA-A*02:01,tcr4296,0
vdjdb_full_8141,GILGFVFTL_HLA-A*02:01,tcr11620,1
vdjdb_full_8141_ss_2_n0,GILGFVFTL_HLA-A*02:01,tcr14821,0
vdjdb_full_7986,GILGFVFTL_HLA-A*02:01,tcr16552,1
vdjdb_full_7986_ss_2_n0,GILGFVFTL_HLA-A*02:01,tcr5700,0
vdjdb_full_7238,GILGFVFTL_HLA-A*02:01,tcr10033,1
vdjdb_full_7238_ss_2_n0,GILGFVFTL_HLA-A*02:01,tcr14948,0
vdjdb_full_7371,GILGFVFTL_HLA-A*02:01,tcr14286,1
vdjdb_full_7371_ss_2_n0,GILGFVFTL_HLA-A*02:01,tcr10909,0
vdjdb_full_6418,GILGFVFTL_HLA-A*02:01,tcr14644,1
vdjdb_full_6418_ss_2_n0,GILGFVFTL_HLA-A*02:01,tcr3325,0
vdjdb_full_7480,GILGFVFTL_HLA-A*02:01,tcr12465,1
vdjdb_full_7480_ss_2_n0,GILGFVFTL_HLA-A*02:01,tcr500,0
vdjdb_full_7096,GILGFVFTL_HLA-A*02:01,tcr903,1
vdjdb_full_7096_ss_2_n0,GILGFVFTL_HLA-A*02:01,tcr11792,0
vdjdb_full_7508,GILGFVFTL_HLA-A*02:01,tcr10686,1
vdjdb_full_7508_ss_2_n0,GILGFVFTL_HLA-A*02:01,tcr810,0
vdjdb_full_7865,GILGFVFTL_HLA-A*02:01,tcr8321,1
vdjdb_full_7865_ss_2_n0,GILGFVFTL_HLA-A*02:01,tcr17118,0
vdjdb_full_7689,GILGFVFTL_HLA-A*02:01,tcr2952,1
vdjdb_full_7689_ss_2_n0,GILGFVFTL_HLA-A*02:01,tcr16455,0
vdjdb_full_6377,GILGFVFTL_HLA-A*02:01,tcr333,1
vdjdb_full_6377_ss_2_n0,GILGFVFTL_HLA-A*02:01,tcr14575,0
vdjdb_full_8242,GILGFVFTL_HLA-A*02:01,tcr87,1
vdjdb_full_8242_ss_2_n0,GILGFVFTL_HLA-A*02:01,tcr9001,0
vdjdb_full_7418,GILGFVFTL_HLA-A*02:01,tcr9965,1
vdjdb_full_7418_ss_2_n0,GILGFVFTL_HLA-A*02:01,tcr17496,0
vdjdb_full_8125,GILGFVFTL_HLA-A*02:01,tcr9797,1
vdjdb_full_8125_ss_2_n0,GILGFVFTL_HLA-A*02:01,tcr8843,0
vdjdb_full_8194,GILGFVFTL_HLA-A*02:01,tcr14716,1
vdjdb_full_8194_ss_2_n0,GILGFVFTL_HLA-A*02:01,tcr17672,0
vdjdb_full_7598,GILGFVFTL_HLA-A*02:01,tcr11241,1
vdjdb_full_7598_ss_2_n0,GILGFVFTL_HLA-A*02:01,tcr11566,0
vdjdb_full_7783,GILGFVFTL_HLA-A*02:01,tcr17138,1
vdjdb_full_7783_ss_2_n0,GILGFVFTL_HLA-A*02:01,tcr15420,0
vdjdb_full_7844,GILGFVFTL_HLA-A*02:01,tcr7674,1
vdjdb_full_7844_ss_2_n0,GILGFVFTL_HLA-A*02:01,tcr15636,0
vdjdb_full_7385,GILGFVFTL_HLA-A*02:01,tcr16991,1
vdjdb_full_7385_ss_2_n0,GILGFVFTL_HLA-A*02:01,tcr17650,0
vdjdb_full_7003,GILGFVFTL_HLA-A*02:01,tcr2885,1
vdjdb_full_7003_ss_2_n0,GILGFVFTL_HLA-A*02:01,tcr11422,0
vdjdb_full_7578,GILGFVFTL_HLA-A*02:01,tcr15515,1
vdjdb_full_7578_ss_2_n0,GILGFVFTL_HLA-A*02:01,tcr3427,0
vdjdb_full_7460,GILGFVFTL_HLA-A*02:01,tcr14004,1
vdjdb_full_7460_ss_2_n0,GILGFVFTL_HLA-A*02:01,tcr18195,0
vdjdb_full_6520,GILGFVFTL_HLA-A*02:01,tcr4469,1
vdjdb_full_6520_ss_2_n0,GILGFVFTL_HLA-A*02:01,tcr11610,0
vdjdb_full_6804,GILGFVFTL_HLA-A*02:01,tcr9954,1
vdjdb_full_6804_ss_2_n0,GILGFVFTL_HLA-A*02:01,tcr1621,0
vdjdb_full_6729,GILGFVFTL_HLA-A*02:01,tcr14950,1
vdjdb_full_6729_ss_2_n0,GILGFVFTL_HLA-A*02:01,tcr15636,0
vdjdb_full_6930,GILGFVFTL_HLA-A*02:01,tcr14878,1
vdjdb_full_6930_ss_2_n0,GILGFVFTL_HLA-A*02:01,tcr10712,0
vdjdb_full_6847,GILGFVFTL_HLA-A*02:01,tcr423,1
vdjdb_full_6847_ss_2_n0,GILGFVFTL_HLA-A*02:01,tcr9651,0
vdjdb_full_7723,GILGFVFTL_HLA-A*02:01,tcr11528,1
vdjdb_full_7723_ss_2_n0,GILGFVFTL_HLA-A*02:01,tcr8619,0
vdjdb_full_8294,GILGFVFTL_HLA-A*02:01,tcr16674,1
vdjdb_full_8294_ss_2_n0,GILGFVFTL_HLA-A*02:01,tcr8418,0
vdjdb_full_7958,GILGFVFTL_HLA-A*02:01,tcr661,1
vdjdb_full_7958_ss_2_n0,GILGFVFTL_HLA-A*02:01,tcr8946,0
vdjdb_full_7516,GILGFVFTL_HLA-A*02:01,tcr30,1
vdjdb_full_7516_ss_2_n0,GILGFVFTL_HLA-A*02:01,tcr17648,0
vdjdb_full_7903,GILGFVFTL_HLA-A*02:01,tcr6676,1
vdjdb_full_7903_ss_2_n0,GILGFVFTL_HLA-A*02:01,tcr8030,0
vdjdb_full_7030,GILGFVFTL_HLA-A*02:01,tcr5459,1
vdjdb_full_7030_ss_2_n0,GILGFVFTL_HLA-A*02:01,tcr5874,0
vdjdb_full_6873,GILGFVFTL_HLA-A*02:01,tcr8902,1
vdjdb_full_6873_ss_2_n0,GILGFVFTL_HLA-A*02:01,tcr8114,0
vdjdb_full_6661,GILGFVFTL_HLA-A*02:01,tcr10798,1
vdjdb_full_6661_ss_2_n0,GILGFVFTL_HLA-A*02:01,tcr8005,0
vdjdb_full_7341,GILGFVFTL_HLA-A*02:01,tcr11954,1
vdjdb_full_7341_ss_2_n0,GILGFVFTL_HLA-A*02:01,tcr3351,0
vdjdb_full_7322,GILGFVFTL_HLA-A*02:01,tcr12919,1
vdjdb_full_7322_ss_2_n0,GILGFVFTL_HLA-A*02:01,tcr8066,0
vdjdb_full_7987,GILGFVFTL_HLA-A*02:01,tcr17174,1
vdjdb_full_7987_ss_2_n0,GILGFVFTL_HLA-A*02:01,tcr17308,0
vdjdb_full_7825,GILGFVFTL_HLA-A*02:01,tcr14168,1
vdjdb_full_7825_ss_2_n0,GILGFVFTL_HLA-A*02:01,tcr6455,0
vdjdb_full_7947,GILGFVFTL_HLA-A*02:01,tcr7338,1
vdjdb_full_7947_ss_2_n0,GILGFVFTL_HLA-A*02:01,tcr16609,0
vdjdb_full_8246,GILGFVFTL_HLA-A*02:01,tcr16656,1
vdjdb_full_8246_ss_2_n0,GILGFVFTL_HLA-A*02:01,tcr18370,0
vdjdb_full_6427,GILGFVFTL_HLA-A*02:01,tcr2081,1
vdjdb_full_6427_ss_2_n0,GILGFVFTL_HLA-A*02:01,tcr8732,0
vdjdb_full_7580,GILGFVFTL_HLA-A*02:01,tcr7215,1
vdjdb_full_7580_ss_2_n0,GILGFVFTL_HLA-A*02:01,tcr3152,0
vdjdb_full_7816,GILGFVFTL_HLA-A*02:01,tcr16268,1
vdjdb_full_7816_ss_2_n0,GILGFVFTL_HLA-A*02:01,tcr10584,0
vdjdb_full_8128,GILGFVFTL_HLA-A*02:01,tcr2262,1
vdjdb_full_8128_ss_2_n0,GILGFVFTL_HLA-A*02:01,tcr2420,0
vdjdb_full_7407,GILGFVFTL_HLA-A*02:01,tcr2612,1
vdjdb_full_7407_ss_2_n0,GILGFVFTL_HLA-A*02:01,tcr17923,0
vdjdb_full_6551,GILGFVFTL_HLA-A*02:01,tcr18134,1
vdjdb_full_6551_ss_2_n0,GILGFVFTL_HLA-A*02:01,tcr14441,0
vdjdb_full_7072,GILGFVFTL_HLA-A*02:01,tcr3894,1
vdjdb_full_7072_ss_2_n0,GILGFVFTL_HLA-A*02:01,tcr6549,0
vdjdb_full_7423,GILGFVFTL_HLA-A*02:01,tcr1778,1
vdjdb_full_7423_ss_2_n0,GILGFVFTL_HLA-A*02:01,tcr10011,0
vdjdb_full_7839,GILGFVFTL_HLA-A*02:01,tcr10336,1
vdjdb_full_7839_ss_2_n0,GILGFVFTL_HLA-A*02:01,tcr4097,0
vdjdb_full_6951,GILGFVFTL_HLA-A*02:01,tcr17552,1
vdjdb_full_6951_ss_2_n0,GILGFVFTL_HLA-A*02:01,tcr4006,0
vdjdb_full_7581,GILGFVFTL_HLA-A*02:01,tcr230,1
vdjdb_full_7581_ss_2_n0,GILGFVFTL_HLA-A*02:01,tcr18241,0
vdjdb_full_7174,GILGFVFTL_HLA-A*02:01,tcr2832,1
vdjdb_full_7174_ss_2_n0,GILGFVFTL_HLA-A*02:01,tcr12559,0
vdjdb_full_7350,GILGFVFTL_HLA-A*02:01,tcr16814,1
vdjdb_full_7350_ss_2_n0,GILGFVFTL_HLA-A*02:01,tcr13614,0
vdjdb_full_6667,GILGFVFTL_HLA-A*02:01,tcr10276,1
vdjdb_full_6667_ss_2_n0,GILGFVFTL_HLA-A*02:01,tcr12434,0
vdjdb_full_7296,GILGFVFTL_HLA-A*02:01,tcr11966,1
vdjdb_full_7296_ss_2_n0,GILGFVFTL_HLA-A*02:01,tcr5137,0
vdjdb_full_7028,GILGFVFTL_HLA-A*02:01,tcr171,1
vdjdb_full_7028_ss_2_n0,GILGFVFTL_HLA-A*02:01,tcr8874,0
vdjdb_full_7137,GILGFVFTL_HLA-A*02:01,tcr7478,1
vdjdb_full_7137_ss_2_n0,GILGFVFTL_HLA-A*02:01,tcr10658,0
vdjdb_full_6952,GILGFVFTL_HLA-A*02:01,tcr15152,1
vdjdb_full_6952_ss_2_n0,GILGFVFTL_HLA-A*02:01,tcr1720,0
vdjdb_full_7738,GILGFVFTL_HLA-A*02:01,tcr2304,1
vdjdb_full_7738_ss_2_n0,GILGFVFTL_HLA-A*02:01,tcr9895,0
vdjdb_full_7332,GILGFVFTL_HLA-A*02:01,tcr9308,1
vdjdb_full_7332_ss_2_n0,GILGFVFTL_HLA-A*02:01,tcr14536,0
vdjdb_full_7298,GILGFVFTL_HLA-A*02:01,tcr17345,1
vdjdb_full_7298_ss_2_n0,GILGFVFTL_HLA-A*02:01,tcr12546,0
vdjdb_full_6372,GILGFVFTL_HLA-A*02:01,tcr10945,1
vdjdb_full_6372_ss_2_n0,GILGFVFTL_HLA-A*02:01,tcr17079,0
vdjdb_full_7336,GILGFVFTL_HLA-A*02:01,tcr8121,1
vdjdb_full_7336_ss_2_n0,GILGFVFTL_HLA-A*02:01,tcr4680,0
vdjdb_full_8160,GILGFVFTL_HLA-A*02:01,tcr16747,1
vdjdb_full_8160_ss_2_n0,GILGFVFTL_HLA-A*02:01,tcr17523,0
vdjdb_full_7970,GILGFVFTL_HLA-A*02:01,tcr11306,1
vdjdb_full_7970_ss_2_n0,GILGFVFTL_HLA-A*02:01,tcr9168,0
vdjdb_full_8075,GILGFVFTL_HLA-A*02:01,tcr9147,1
vdjdb_full_8075_ss_2_n0,GILGFVFTL_HLA-A*02:01,tcr14752,0
vdjdb_full_6336,GILGFVFTL_HLA-A*02:01,tcr12691,1
vdjdb_full_6336_ss_2_n0,GILGFVFTL_HLA-A*02:01,tcr12902,0
vdjdb_full_322,KLGGALQAK_HLA-A*03:01,tcr11537,1
vdjdb_full_322_ss_2_n0,KLGGALQAK_HLA-A*03:01,tcr13572,0
vdjdb_full_1107,KLGGALQAK_HLA-A*03:01,tcr12515,1
vdjdb_full_1107_ss_2_n0,KLGGALQAK_HLA-A*03:01,tcr10081,0
vdjdb_full_1298,KLGGALQAK_HLA-A*03:01,tcr15479,1
vdjdb_full_1298_ss_2_n0,KLGGALQAK_HLA-A*03:01,tcr4115,0
vdjdb_full_1746,KLGGALQAK_HLA-A*03:01,tcr3906,1
vdjdb_full_1746_ss_2_n0,KLGGALQAK_HLA-A*03:01,tcr13131,0
vdjdb_full_1394,KLGGALQAK_HLA-A*03:01,tcr13831,1
vdjdb_full_1394_ss_2_n0,KLGGALQAK_HLA-A*03:01,tcr17700,0
vdjdb_full_1312,KLGGALQAK_HLA-A*03:01,tcr1225,1
vdjdb_full_1312_ss_2_n0,KLGGALQAK_HLA-A*03:01,tcr6573,0
vdjdb_full_1068,KLGGALQAK_HLA-A*03:01,tcr6017,1
vdjdb_full_1068_ss_2_n0,KLGGALQAK_HLA-A*03:01,tcr8368,0
vdjdb_full_1687,KLGGALQAK_HLA-A*03:01,tcr3273,1
vdjdb_full_1687_ss_2_n0,KLGGALQAK_HLA-A*03:01,tcr9865,0
vdjdb_full_1587,KLGGALQAK_HLA-A*03:01,tcr3782,1
vdjdb_full_1587_ss_2_n0,KLGGALQAK_HLA-A*03:01,tcr4135,0
vdjdb_full_1983,KLGGALQAK_HLA-A*03:01,tcr14657,1
vdjdb_full_1983_ss_2_n0,KLGGALQAK_HLA-A*03:01,tcr11041,0
vdjdb_full_80,KLGGALQAK_HLA-A*03:01,tcr16246,1
vdjdb_full_80_ss_2_n0,KLGGALQAK_HLA-A*03:01,tcr11033,0
vdjdb_full_180,KLGGALQAK_HLA-A*03:01,tcr6925,1
vdjdb_full_180_ss_2_n0,KLGGALQAK_HLA-A*03:01,tcr1987,0
vdjdb_full_1825,KLGGALQAK_HLA-A*03:01,tcr12152,1
vdjdb_full_1825_ss_2_n0,KLGGALQAK_HLA-A*03:01,tcr6191,0
vdjdb_full_1122,KLGGALQAK_HLA-A*03:01,tcr18070,1
vdjdb_full_1122_ss_2_n0,KLGGALQAK_HLA-A*03:01,tcr5171,0
vdjdb_full_68,KLGGALQAK_HLA-A*03:01,tcr13043,1
vdjdb_full_68_ss_2_n0,KLGGALQAK_HLA-A*03:01,tcr13744,0
vdjdb_full_1234,KLGGALQAK_HLA-A*03:01,tcr3201,1
vdjdb_full_1234_ss_2_n0,KLGGALQAK_HLA-A*03:01,tcr1931,0
vdjdb_full_465,KLGGALQAK_HLA-A*03:01,tcr16998,1
vdjdb_full_465_ss_2_n0,KLGGALQAK_HLA-A*03:01,tcr7721,0
vdjdb_full_170,KLGGALQAK_HLA-A*03:01,tcr17435,1
vdjdb_full_170_ss_2_n0,KLGGALQAK_HLA-A*03:01,tcr14917,0
vdjdb_full_1360,KLGGALQAK_HLA-A*03:01,tcr7347,1
vdjdb_full_1360_ss_2_n0,KLGGALQAK_HLA-A*03:01,tcr17496,0
vdjdb_full_426,KLGGALQAK_HLA-A*03:01,tcr4487,1
vdjdb_full_426_ss_2_n0,KLGGALQAK_HLA-A*03:01,tcr9219,0
vdjdb_full_801,KLGGALQAK_HLA-A*03:01,tcr29,1
vdjdb_full_801_ss_2_n0,KLGGALQAK_HLA-A*03:01,tcr5731,0
vdjdb_full_1331,KLGGALQAK_HLA-A*03:01,tcr13829,1
vdjdb_full_1331_ss_2_n0,KLGGALQAK_HLA-A*03:01,tcr13777,0
vdjdb_full_712,KLGGALQAK_HLA-A*03:01,tcr9352,1
vdjdb_full_712_ss_2_n0,KLGGALQAK_HLA-A*03:01,tcr1931,0
vdjdb_full_1508,KLGGALQAK_HLA-A*03:01,tcr9908,1
vdjdb_full_1508_ss_2_n0,KLGGALQAK_HLA-A*03:01,tcr5955,0
vdjdb_full_1982,KLGGALQAK_HLA-A*03:01,tcr5636,1
vdjdb_full_1982_ss_2_n0,KLGGALQAK_HLA-A*03:01,tcr8461,0
vdjdb_full_157,KLGGALQAK_HLA-A*03:01,tcr439,1
vdjdb_full_157_ss_2_n0,KLGGALQAK_HLA-A*03:01,tcr17189,0
vdjdb_full_1129,KLGGALQAK_HLA-A*03:01,tcr3738,1
vdjdb_full_1129_ss_2_n0,KLGGALQAK_HLA-A*03:01,tcr16476,0
vdjdb_full_568,KLGGALQAK_HLA-A*03:01,tcr18121,1
vdjdb_full_568_ss_2_n0,KLGGALQAK_HLA-A*03:01,tcr13162,0
vdjdb_full_400,KLGGALQAK_HLA-A*03:01,tcr3707,1
vdjdb_full_400_ss_2_n0,KLGGALQAK_HLA-A*03:01,tcr8817,0
vdjdb_full_622,KLGGALQAK_HLA-A*03:01,tcr13687,1
vdjdb_full_622_ss_2_n0,KLGGALQAK_HLA-A*03:01,tcr11556,0
vdjdb_full_514,KLGGALQAK_HLA-A*03:01,tcr3967,1
vdjdb_full_514_ss_2_n0,KLGGALQAK_HLA-A*03:01,tcr18370,0
vdjdb_full_158,KLGGALQAK_HLA-A*03:01,tcr12026,1
vdjdb_full_158_ss_2_n0,KLGGALQAK_HLA-A*03:01,tcr13614,0
vdjdb_full_1219,KLGGALQAK_HLA-A*03:01,tcr13406,1
vdjdb_full_1219_ss_2_n0,KLGGALQAK_HLA-A*03:01,tcr5979,0
vdjdb_full_872,KLGGALQAK_HLA-A*03:01,tcr4004,1
vdjdb_full_872_ss_2_n0,KLGGALQAK_HLA-A*03:01,tcr10768,0
vdjdb_full_420,KLGGALQAK_HLA-A*03:01,tcr6032,1
vdjdb_full_420_ss_2_n0,KLGGALQAK_HLA-A*03:01,tcr11811,0
vdjdb_full_364,KLGGALQAK_HLA-A*03:01,tcr17947,1
vdjdb_full_364_ss_2_n0,KLGGALQAK_HLA-A*03:01,tcr4457,0
vdjdb_full_343,KLGGALQAK_HLA-A*03:01,tcr8995,1
vdjdb_full_343_ss_2_n0,KLGGALQAK_HLA-A*03:01,tcr17186,0
vdjdb_full_736,KLGGALQAK_HLA-A*03:01,tcr5437,1
vdjdb_full_736_ss_2_n0,KLGGALQAK_HLA-A*03:01,tcr376,0
vdjdb_full_1506,KLGGALQAK_HLA-A*03:01,tcr15403,1
vdjdb_full_1506_ss_2_n0,KLGGALQAK_HLA-A*03:01,tcr6877,0
vdjdb_full_690,KLGGALQAK_HLA-A*03:01,tcr6893,1
vdjdb_full_690_ss_2_n0,KLGGALQAK_HLA-A*03:01,tcr15387,0
vdjdb_full_1547,KLGGALQAK_HLA-A*03:01,tcr3214,1
vdjdb_full_1547_ss_2_n0,KLGGALQAK_HLA-A*03:01,tcr12356,0
vdjdb_full_1857,KLGGALQAK_HLA-A*03:01,tcr12099,1
vdjdb_full_1857_ss_2_n0,KLGGALQAK_HLA-A*03:01,tcr13311,0
vdjdb_full_588,KLGGALQAK_HLA-A*03:01,tcr14106,1
vdjdb_full_588_ss_2_n0,KLGGALQAK_HLA-A*03:01,tcr10865,0
vdjdb_full_837,KLGGALQAK_HLA-A*03:01,tcr4163,1
vdjdb_full_837_ss_2_n0,KLGGALQAK_HLA-A*03:01,tcr9526,0
vdjdb_full_605,KLGGALQAK_HLA-A*03:01,tcr14091,1
vdjdb_full_605_ss_2_n0,KLGGALQAK_HLA-A*03:01,tcr3152,0
vdjdb_full_444,KLGGALQAK_HLA-A*03:01,tcr10470,1
vdjdb_full_444_ss_2_n0,KLGGALQAK_HLA-A*03:01,tcr2864,0
vdjdb_full_1393,KLGGALQAK_HLA-A*03:01,tcr756,1
vdjdb_full_1393_ss_2_n0,KLGGALQAK_HLA-A*03:01,tcr891,0
vdjdb_full_279,KLGGALQAK_HLA-A*03:01,tcr16020,1
vdjdb_full_279_ss_2_n0,KLGGALQAK_HLA-A*03:01,tcr13950,0
vdjdb_full_1096,KLGGALQAK_HLA-A*03:01,tcr4393,1
vdjdb_full_1096_ss_2_n0,KLGGALQAK_HLA-A*03:01,tcr3257,0
vdjdb_full_316,KLGGALQAK_HLA-A*03:01,tcr1059,1
vdjdb_full_316_ss_2_n0,KLGGALQAK_HLA-A*03:01,tcr453,0
vdjdb_full_323,KLGGALQAK_HLA-A*03:01,tcr11723,1
vdjdb_full_323_ss_2_n0,KLGGALQAK_HLA-A*03:01,tcr6877,0
vdjdb_full_1659,KLGGALQAK_HLA-A*03:01,tcr6638,1
vdjdb_full_1659_ss_2_n0,KLGGALQAK_HLA-A*03:01,tcr10865,0
vdjdb_full_223,KLGGALQAK_HLA-A*03:01,tcr4133,1
vdjdb_full_223_ss_2_n0,KLGGALQAK_HLA-A*03:01,tcr281,0
vdjdb_full_1200,KLGGALQAK_HLA-A*03:01,tcr1423,1
vdjdb_full_1200_ss_2_n0,KLGGALQAK_HLA-A*03:01,tcr12587,0
vdjdb_full_539,KLGGALQAK_HLA-A*03:01,tcr2941,1
vdjdb_full_539_ss_2_n0,KLGGALQAK_HLA-A*03:01,tcr12606,0
vdjdb_full_2031,KLGGALQAK_HLA-A*03:01,tcr2405,1
vdjdb_full_2031_ss_2_n0,KLGGALQAK_HLA-A*03:01,tcr17967,0
vdjdb_full_1744,KLGGALQAK_HLA-A*03:01,tcr9547,1
vdjdb_full_1744_ss_2_n0,KLGGALQAK_HLA-A*03:01,tcr16843,0
vdjdb_full_1361,KLGGALQAK_HLA-A*03:01,tcr10614,1
vdjdb_full_1361_ss_2_n0,KLGGALQAK_HLA-A*03:01,tcr3804,0
vdjdb_full_1445,KLGGALQAK_HLA-A*03:01,tcr3332,1
vdjdb_full_1445_ss_2_n0,KLGGALQAK_HLA-A*03:01,tcr11564,0
vdjdb_full_220,KLGGALQAK_HLA-A*03:01,tcr14981,1
vdjdb_full_220_ss_2_n0,KLGGALQAK_HLA-A*03:01,tcr7206,0
vdjdb_full_950,KLGGALQAK_HLA-A*03:01,tcr15130,1
vdjdb_full_950_ss_2_n0,KLGGALQAK_HLA-A*03:01,tcr5658,0
vdjdb_full_2053,KLGGALQAK_HLA-A*03:01,tcr15102,1
vdjdb_full_2053_ss_2_n0,KLGGALQAK_HLA-A*03:01,tcr17788,0
vdjdb_full_415,KLGGALQAK_HLA-A*03:01,tcr11619,1
vdjdb_full_415_ss_2_n0,KLGGALQAK_HLA-A*03:01,tcr2230,0
vdjdb_full_1890,KLGGALQAK_HLA-A*03:01,tcr5700,1
vdjdb_full_1890_ss_2_n0,KLGGALQAK_HLA-A*03:01,tcr6191,0
vdjdb_full_1281,KLGGALQAK_HLA-A*03:01,tcr17750,1
vdjdb_full_1281_ss_2_n0,KLGGALQAK_HLA-A*03:01,tcr13424,0
vdjdb_full_290,KLGGALQAK_HLA-A*03:01,tcr15539,1
vdjdb_full_290_ss_2_n0,KLGGALQAK_HLA-A*03:01,tcr1377,0
vdjdb_full_193,KLGGALQAK_HLA-A*03:01,tcr8760,1
vdjdb_full_193_ss_2_n0,KLGGALQAK_HLA-A*03:01,tcr2473,0
vdjdb_full_988,KLGGALQAK_HLA-A*03:01,tcr2263,1
vdjdb_full_988_ss_2_n0,KLGGALQAK_HLA-A*03:01,tcr14586,0
vdjdb_full_1644,KLGGALQAK_HLA-A*03:01,tcr12621,1
vdjdb_full_1644_ss_2_n0,KLGGALQAK_HLA-A*03:01,tcr6977,0
vdjdb_full_924,KLGGALQAK_HLA-A*03:01,tcr4562,1
vdjdb_full_924_ss_2_n0,KLGGALQAK_HLA-A*03:01,tcr8964,0
vdjdb_full_1773,KLGGALQAK_HLA-A*03:01,tcr13454,1
vdjdb_full_1773_ss_2_n0,KLGGALQAK_HLA-A*03:01,tcr13405,0
vdjdb_full_276,KLGGALQAK_HLA-A*03:01,tcr5757,1
vdjdb_full_276_ss_2_n0,KLGGALQAK_HLA-A*03:01,tcr9308,0
vdjdb_full_1500,KLGGALQAK_HLA-A*03:01,tcr16561,1
vdjdb_full_1500_ss_2_n0,KLGGALQAK_HLA-A*03:01,tcr309,0
vdjdb_full_1063,KLGGALQAK_HLA-A*03:01,tcr7358,1
vdjdb_full_1063_ss_2_n0,KLGGALQAK_HLA-A*03:01,tcr5509,0
vdjdb_full_1860,KLGGALQAK_HLA-A*03:01,tcr6445,1
vdjdb_full_1860_ss_2_n0,KLGGALQAK_HLA-A*03:01,tcr5182,0
vdjdb_full_335,KLGGALQAK_HLA-A*03:01,tcr3996,1
vdjdb_full_335_ss_2_n0,KLGGALQAK_HLA-A*03:01,tcr16958,0
vdjdb_full_141,KLGGALQAK_HLA-A*03:01,tcr16009,1
vdjdb_full_141_ss_2_n0,KLGGALQAK_HLA-A*03:01,tcr12689,0
vdjdb_full_376,KLGGALQAK_HLA-A*03:01,tcr18395,1
vdjdb_full_376_ss_2_n0,KLGGALQAK_HLA-A*03:01,tcr18222,0
vdjdb_full_1028,KLGGALQAK_HLA-A*03:01,tcr12342,1
vdjdb_full_1028_ss_2_n0,KLGGALQAK_HLA-A*03:01,tcr14434,0
vdjdb_full_1580,KLGGALQAK_HLA-A*03:01,tcr1885,1
vdjdb_full_1580_ss_2_n0,KLGGALQAK_HLA-A*03:01,tcr14536,0
vdjdb_full_494,KLGGALQAK_HLA-A*03:01,tcr4701,1
vdjdb_full_494_ss_2_n0,KLGGALQAK_HLA-A*03:01,tcr10105,0
vdjdb_full_1902,KLGGALQAK_HLA-A*03:01,tcr13062,1
vdjdb_full_1902_ss_2_n0,KLGGALQAK_HLA-A*03:01,tcr9518,0
vdjdb_full_684,KLGGALQAK_HLA-A*03:01,tcr6546,1
vdjdb_full_684_ss_2_n0,KLGGALQAK_HLA-A*03:01,tcr2420,0
vdjdb_full_1504,KLGGALQAK_HLA-A*03:01,tcr3509,1
vdjdb_full_1504_ss_2_n0,KLGGALQAK_HLA-A*03:01,tcr11432,0
vdjdb_full_1439,KLGGALQAK_HLA-A*03:01,tcr4992,1
vdjdb_full_1439_ss_2_n0,KLGGALQAK_HLA-A*03:01,tcr2901,0
vdjdb_full_217,KLGGALQAK_HLA-A*03:01,tcr12545,1
vdjdb_full_217_ss_2_n0,KLGGALQAK_HLA-A*03:01,tcr6191,0
vdjdb_full_1340,KLGGALQAK_HLA-A*03:01,tcr10570,1
vdjdb_full_1340_ss_2_n0,KLGGALQAK_HLA-A*03:01,tcr4680,0
vdjdb_full_181,KLGGALQAK_HLA-A*03:01,tcr15646,1
vdjdb_full_181_ss_2_n0,KLGGALQAK_HLA-A*03:01,tcr4025,0
vdjdb_full_1946,KLGGALQAK_HLA-A*03:01,tcr13266,1
vdjdb_full_1946_ss_2_n0,KLGGALQAK_HLA-A*03:01,tcr5764,0
vdjdb_full_1460,KLGGALQAK_HLA-A*03:01,tcr1318,1
vdjdb_full_1460_ss_2_n0,KLGGALQAK_HLA-A*03:01,tcr15164,0
vdjdb_full_949,KLGGALQAK_HLA-A*03:01,tcr4909,1
vdjdb_full_949_ss_2_n0,KLGGALQAK_HLA-A*03:01,tcr12941,0
vdjdb_full_1392,KLGGALQAK_HLA-A*03:01,tcr5053,1
vdjdb_full_1392_ss_2_n0,KLGGALQAK_HLA-A*03:01,tcr2749,0
vdjdb_full_862,KLGGALQAK_HLA-A*03:01,tcr1713,1
vdjdb_full_862_ss_2_n0,KLGGALQAK_HLA-A*03:01,tcr358,0
vdjdb_full_380,KLGGALQAK_HLA-A*03:01,tcr4474,1
vdjdb_full_380_ss_2_n0,KLGGALQAK_HLA-A*03:01,tcr2022,0
vdjdb_full_1255,KLGGALQAK_HLA-A*03:01,tcr1372,1
vdjdb_full_1255_ss_2_n0,KLGGALQAK_HLA-A*03:01,tcr8375,0
vdjdb_full_1416,KLGGALQAK_HLA-A*03:01,tcr5482,1
vdjdb_full_1416_ss_2_n0,KLGGALQAK_HLA-A*03:01,tcr9824,0
vdjdb_full_936,KLGGALQAK_HLA-A*03:01,tcr11343,1
vdjdb_full_936_ss_2_n0,KLGGALQAK_HLA-A*03:01,tcr1730,0
vdjdb_full_591,KLGGALQAK_HLA-A*03:01,tcr17787,1
vdjdb_full_591_ss_2_n0,KLGGALQAK_HLA-A*03:01,tcr17737,0
vdjdb_full_931,KLGGALQAK_HLA-A*03:01,tcr11591,1
vdjdb_full_931_ss_2_n0,KLGGALQAK_HLA-A*03:01,tcr15575,0
vdjdb_full_659,KLGGALQAK_HLA-A*03:01,tcr2922,1
vdjdb_full_659_ss_2_n0,KLGGALQAK_HLA-A*03:01,tcr4271,0
vdjdb_full_12552,IVTDFSVIK_HLA-A*11:01,tcr8107,1
vdjdb_full_12552_ss_2_n0,IVTDFSVIK_HLA-A*11:01,tcr13835,0
vdjdb_full_12340,IVTDFSVIK_HLA-A*11:01,tcr646,1
vdjdb_full_12340_ss_2_n0,IVTDFSVIK_HLA-A*11:01,tcr4476,0
vdjdb_full_12673,IVTDFSVIK_HLA-A*11:01,tcr12434,1
vdjdb_full_12673_ss_2_n0,IVTDFSVIK_HLA-A*11:01,tcr8541,0
vdjdb_full_12714,IVTDFSVIK_HLA-A*11:01,tcr8706,1
vdjdb_full_12714_ss_2_n0,IVTDFSVIK_HLA-A*11:01,tcr8036,0
vdjdb_full_12463,IVTDFSVIK_HLA-A*11:01,tcr4938,1
vdjdb_full_12463_ss_2_n0,IVTDFSVIK_HLA-A*11:01,tcr14168,0
vdjdb_full_12553,IVTDFSVIK_HLA-A*11:01,tcr9851,1
vdjdb_full_12553_ss_2_n0,IVTDFSVIK_HLA-A*11:01,tcr14450,0
vdjdb_full_12500,IVTDFSVIK_HLA-A*11:01,tcr14003,1
vdjdb_full_12500_ss_2_n0,IVTDFSVIK_HLA-A*11:01,tcr11230,0
vdjdb_full_12382,IVTDFSVIK_HLA-A*11:01,tcr13767,1
vdjdb_full_12382_ss_2_n0,IVTDFSVIK_HLA-A*11:01,tcr14317,0
vdjdb_full_12718,IVTDFSVIK_HLA-A*11:01,tcr464,1
vdjdb_full_12718_ss_2_n0,IVTDFSVIK_HLA-A*11:01,tcr5048,0
vdjdb_full_12271,IVTDFSVIK_HLA-A*11:01,tcr15214,1
vdjdb_full_12271_ss_2_n0,IVTDFSVIK_HLA-A*11:01,tcr6493,0
vdjdb_full_12262,IVTDFSVIK_HLA-A*11:01,tcr4162,1
vdjdb_full_12262_ss_2_n0,IVTDFSVIK_HLA-A*11:01,tcr11686,0
vdjdb_full_12450,IVTDFSVIK_HLA-A*11:01,tcr8189,1
vdjdb_full_12450_ss_2_n0,IVTDFSVIK_HLA-A*11:01,tcr11591,0
vdjdb_full_12545,IVTDFSVIK_HLA-A*11:01,tcr3709,1
vdjdb_full_12545_ss_2_n0,IVTDFSVIK_HLA-A*11:01,tcr3645,0
vdjdb_full_12405,IVTDFSVIK_HLA-A*11:01,tcr9208,1
vdjdb_full_12405_ss_2_n0,IVTDFSVIK_HLA-A*11:01,tcr12107,0
vdjdb_full_12394,IVTDFSVIK_HLA-A*11:01,tcr13669,1
vdjdb_full_12394_ss_2_n0,IVTDFSVIK_HLA-A*11:01,tcr5523,0
vdjdb_full_12244,IVTDFSVIK_HLA-A*11:01,tcr5658,1
vdjdb_full_12244_ss_2_n0,IVTDFSVIK_HLA-A*11:01,tcr10803,0
vdjdb_full_12234,IVTDFSVIK_HLA-A*11:01,tcr11449,1
vdjdb_full_12234_ss_2_n0,IVTDFSVIK_HLA-A*11:01,tcr6754,0
vdjdb_full_12800,IVTDFSVIK_HLA-A*11:01,tcr8233,1
vdjdb_full_12800_ss_2_n0,IVTDFSVIK_HLA-A*11:01,tcr13617,0
vdjdb_full_12488,IVTDFSVIK_HLA-A*11:01,tcr5847,1
vdjdb_full_12488_ss_2_n0,IVTDFSVIK_HLA-A*11:01,tcr10462,0
vdjdb_full_12337,IVTDFSVIK_HLA-A*11:01,tcr5333,1
vdjdb_full_12337_ss_2_n0,IVTDFSVIK_HLA-A*11:01,tcr14231,0
vdjdb_full_12290,IVTDFSVIK_HLA-A*11:01,tcr2371,1
vdjdb_full_12290_ss_2_n0,IVTDFSVIK_HLA-A*11:01,tcr15849,0
vdjdb_full_12815,IVTDFSVIK_HLA-A*11:01,tcr9451,1
vdjdb_full_12815_ss_2_n0,IVTDFSVIK_HLA-A*11:01,tcr2730,0
vdjdb_full_12551,IVTDFSVIK_HLA-A*11:01,tcr887,1
vdjdb_full_12551_ss_2_n0,IVTDFSVIK_HLA-A*11:01,tcr1730,0
vdjdb_full_12525,IVTDFSVIK_HLA-A*11:01,tcr4313,1
vdjdb_full_12525_ss_2_n0,IVTDFSVIK_HLA-A*11:01,tcr8342,0
vdjdb_full_12836,IVTDFSVIK_HLA-A*11:01,tcr18019,1
vdjdb_full_12836_ss_2_n0,IVTDFSVIK_HLA-A*11:01,tcr12720,0
vdjdb_full_12840,IVTDFSVIK_HLA-A*11:01,tcr9013,1
vdjdb_full_12840_ss_2_n0,IVTDFSVIK_HLA-A*11:01,tcr18140,0
vdjdb_full_12442,IVTDFSVIK_HLA-A*11:01,tcr16958,1
vdjdb_full_12442_ss_2_n0,IVTDFSVIK_HLA-A*11:01,tcr9580,0
vdjdb_full_12868,IVTDFSVIK_HLA-A*11:01,tcr4019,1
vdjdb_full_12868_ss_2_n0,IVTDFSVIK_HLA-A*11:01,tcr6893,0
vdjdb_full_12710,IVTDFSVIK_HLA-A*11:01,tcr5298,1
vdjdb_full_12710_ss_2_n0,IVTDFSVIK_HLA-A*11:01,tcr16908,0
vdjdb_full_12257,IVTDFSVIK_HLA-A*11:01,tcr13615,1
vdjdb_full_12257_ss_2_n0,IVTDFSVIK_HLA-A*11:01,tcr9810,0
vdjdb_full_12873,IVTDFSVIK_HLA-A*11:01,tcr15420,1
vdjdb_full_12873_ss_2_n0,IVTDFSVIK_HLA-A*11:01,tcr1642,0
vdjdb_full_12750,IVTDFSVIK_HLA-A*11:01,tcr1505,1
vdjdb_full_12750_ss_2_n0,IVTDFSVIK_HLA-A*11:01,tcr10718,0
vdjdb_full_12666,IVTDFSVIK_HLA-A*11:01,tcr10474,1
vdjdb_full_12666_ss_2_n0,IVTDFSVIK_HLA-A*11:01,tcr949,0
vdjdb_full_12316,IVTDFSVIK_HLA-A*11:01,tcr6877,1
vdjdb_full_12316_ss_2_n0,IVTDFSVIK_HLA-A*11:01,tcr9526,0
vdjdb_full_12317,IVTDFSVIK_HLA-A*11:01,tcr3396,1
vdjdb_full_12317_ss_2_n0,IVTDFSVIK_HLA-A*11:01,tcr8912,0
vdjdb_full_12282,IVTDFSVIK_HLA-A*11:01,tcr932,1
vdjdb_full_12282_ss_2_n0,IVTDFSVIK_HLA-A*11:01,tcr6410,0
vdjdb_full_12253,IVTDFSVIK_HLA-A*11:01,tcr3233,1
vdjdb_full_12253_ss_2_n0,IVTDFSVIK_HLA-A*11:01,tcr6397,0
vdjdb_full_12477,IVTDFSVIK_HLA-A*11:01,tcr7538,1
vdjdb_full_12477_ss_2_n0,IVTDFSVIK_HLA-A*11:01,tcr15137,0
vdjdb_full_12187,IVTDFSVIK_HLA-A*11:01,tcr13461,1
vdjdb_full_12187_ss_2_n0,IVTDFSVIK_HLA-A*11:01,tcr12621,0
vdjdb_full_12862,IVTDFSVIK_HLA-A*11:01,tcr1756,1
vdjdb_full_12862_ss_2_n0,IVTDFSVIK_HLA-A*11:01,tcr10275,0
vdjdb_full_12776,IVTDFSVIK_HLA-A*11:01,tcr9316,1
vdjdb_full_12776_ss_2_n0,IVTDFSVIK_HLA-A*11:01,tcr7239,0
vdjdb_full_12510,IVTDFSVIK_HLA-A*11:01,tcr14440,1
vdjdb_full_12510_ss_2_n0,IVTDFSVIK_HLA-A*11:01,tcr9339,0
vdjdb_full_12209,IVTDFSVIK_HLA-A*11:01,tcr15879,1
vdjdb_full_12209_ss_2_n0,IVTDFSVIK_HLA-A*11:01,tcr11422,0
vdjdb_full_12752,IVTDFSVIK_HLA-A*11:01,tcr166,1
vdjdb_full_12752_ss_2_n0,IVTDFSVIK_HLA-A*11:01,tcr8083,0
vdjdb_full_12588,IVTDFSVIK_HLA-A*11:01,tcr8450,1
vdjdb_full_12588_ss_2_n0,IVTDFSVIK_HLA-A*11:01,tcr2327,0
vdjdb_full_12660,IVTDFSVIK_HLA-A*11:01,tcr17417,1
vdjdb_full_12660_ss_2_n0,IVTDFSVIK_HLA-A*11:01,tcr16060,0
vdjdb_full_12825,IVTDFSVIK_HLA-A*11:01,tcr9781,1
vdjdb_full_12825_ss_2_n0,IVTDFSVIK_HLA-A*11:01,tcr2626,0
vdjdb_full_12299,IVTDFSVIK_HLA-A*11:01,tcr6840,1
vdjdb_full_12299_ss_2_n0,IVTDFSVIK_HLA-A*11:01,tcr16336,0
vdjdb_full_12235,IVTDFSVIK_HLA-A*11:01,tcr6330,1
vdjdb_full_12235_ss_2_n0,IVTDFSVIK_HLA-A*11:01,tcr18258,0
vdjdb_full_12443,IVTDFSVIK_HLA-A*11:01,tcr10636,1
vdjdb_full_12443_ss_2_n0,IVTDFSVIK_HLA-A*11:01,tcr5651,0
vdjdb_full_12792,IVTDFSVIK_HLA-A*11:01,tcr11594,1
vdjdb_full_12792_ss_2_n0,IVTDFSVIK_HLA-A*11:01,tcr1763,0
vdjdb_full_12537,IVTDFSVIK_HLA-A*11:01,tcr621,1
vdjdb_full_12537_ss_2_n0,IVTDFSVIK_HLA-A*11:01,tcr2824,0
vdjdb_full_12258,IVTDFSVIK_HLA-A*11:01,tcr18330,1
vdjdb_full_12258_ss_2_n0,IVTDFSVIK_HLA-A*11:01,tcr16399,0
vdjdb_full_12768,IVTDFSVIK_HLA-A*11:01,tcr16318,1
vdjdb_full_12768_ss_2_n0,IVTDFSVIK_HLA-A*11:01,tcr2360,0
vdjdb_full_12259,IVTDFSVIK_HLA-A*11:01,tcr11937,1
vdjdb_full_12259_ss_2_n0,IVTDFSVIK_HLA-A*11:01,tcr11239,0
vdjdb_full_12842,IVTDFSVIK_HLA-A*11:01,tcr6101,1
vdjdb_full_12842_ss_2_n0,IVTDFSVIK_HLA-A*11:01,tcr9049,0
vdjdb_full_12774,IVTDFSVIK_HLA-A*11:01,tcr14725,1
vdjdb_full_12774_ss_2_n0,IVTDFSVIK_HLA-A*11:01,tcr10153,0
vdjdb_full_12527,IVTDFSVIK_HLA-A*11:01,tcr5849,1
vdjdb_full_12527_ss_2_n0,IVTDFSVIK_HLA-A*11:01,tcr2539,0
vdjdb_full_12543,IVTDFSVIK_HLA-A*11:01,tcr2072,1
vdjdb_full_12543_ss_2_n0,IVTDFSVIK_HLA-A*11:01,tcr4163,0
vdjdb_full_12364,IVTDFSVIK_HLA-A*11:01,tcr13684,1
vdjdb_full_12364_ss_2_n0,IVTDFSVIK_HLA-A*11:01,tcr2511,0
vdjdb_full_12346,IVTDFSVIK_HLA-A*11:01,tcr2929,1
vdjdb_full_12346_ss_2_n0,IVTDFSVIK_HLA-A*11:01,tcr14072,0
vdjdb_full_12301,IVTDFSVIK_HLA-A*11:01,tcr282,1
vdjdb_full_12301_ss_2_n0,IVTDFSVIK_HLA-A*11:01,tcr3960,0
vdjdb_full_12179,IVTDFSVIK_HLA-A*11:01,tcr15700,1
vdjdb_full_12179_ss_2_n0,IVTDFSVIK_HLA-A*11:01,tcr6007,0
vdjdb_full_12347,IVTDFSVIK_HLA-A*11:01,tcr2152,1
vdjdb_full_12347_ss_2_n0,IVTDFSVIK_HLA-A*11:01,tcr1987,0
vdjdb_full_12674,IVTDFSVIK_HLA-A*11:01,tcr4036,1
vdjdb_full_12674_ss_2_n0,IVTDFSVIK_HLA-A*11:01,tcr15369,0
vdjdb_full_12870,IVTDFSVIK_HLA-A*11:01,tcr8222,1
vdjdb_full_12870_ss_2_n0,IVTDFSVIK_HLA-A*11:01,tcr12100,0
vdjdb_full_12829,IVTDFSVIK_HLA-A*11:01,tcr1926,1
vdjdb_full_12829_ss_2_n0,IVTDFSVIK_HLA-A*11:01,tcr6925,0
vdjdb_full_12490,IVTDFSVIK_HLA-A*11:01,tcr3031,1
vdjdb_full_12490_ss_2_n0,IVTDFSVIK_HLA-A*11:01,tcr1362,0
vdjdb_full_12240,IVTDFSVIK_HLA-A*11:01,tcr4174,1
vdjdb_full_12240_ss_2_n0,IVTDFSVIK_HLA-A*11:01,tcr3136,0
vdjdb_full_12314,IVTDFSVIK_HLA-A*11:01,tcr6938,1
vdjdb_full_12314_ss_2_n0,IVTDFSVIK_HLA-A*11:01,tcr13714,0
vdjdb_full_12208,IVTDFSVIK_HLA-A*11:01,tcr15086,1
vdjdb_full_12208_ss_2_n0,IVTDFSVIK_HLA-A*11:01,tcr8007,0
vdjdb_full_12250,IVTDFSVIK_HLA-A*11:01,tcr7435,1
vdjdb_full_12250_ss_2_n0,IVTDFSVIK_HLA-A*11:01,tcr1869,0
vdjdb_full_12480,IVTDFSVIK_HLA-A*11:01,tcr8759,1
vdjdb_full_12480_ss_2_n0,IVTDFSVIK_HLA-A*11:01,tcr11,0
vdjdb_full_12664,IVTDFSVIK_HLA-A*11:01,tcr17971,1
vdjdb_full_12664_ss_2_n0,IVTDFSVIK_HLA-A*11:01,tcr16788,0
vdjdb_full_12224,IVTDFSVIK_HLA-A*11:01,tcr2834,1
vdjdb_full_12224_ss_2_n0,IVTDFSVIK_HLA-A*11:01,tcr14118,0
vdjdb_full_12251,IVTDFSVIK_HLA-A*11:01,tcr3620,1
vdjdb_full_12251_ss_2_n0,IVTDFSVIK_HLA-A*11:01,tcr12531,0
vdjdb_full_12529,IVTDFSVIK_HLA-A*11:01,tcr15797,1
vdjdb_full_12529_ss_2_n0,IVTDFSVIK_HLA-A*11:01,tcr2411,0
vdjdb_full_12365,IVTDFSVIK_HLA-A*11:01,tcr16895,1
vdjdb_full_12365_ss_2_n0,IVTDFSVIK_HLA-A*11:01,tcr11880,0
vdjdb_full_12711,IVTDFSVIK_HLA-A*11:01,tcr12976,1
vdjdb_full_12711_ss_2_n0,IVTDFSVIK_HLA-A*11:01,tcr6309,0
vdjdb_full_12861,IVTDFSVIK_HLA-A*11:01,tcr10584,1
vdjdb_full_12861_ss_2_n0,IVTDFSVIK_HLA-A*11:01,tcr10482,0
vdjdb_full_12648,IVTDFSVIK_HLA-A*11:01,tcr6748,1
vdjdb_full_12648_ss_2_n0,IVTDFSVIK_HLA-A*11:01,tcr7788,0
vdjdb_full_12358,IVTDFSVIK_HLA-A*11:01,tcr12689,1
vdjdb_full_12358_ss_2_n0,IVTDFSVIK_HLA-A*11:01,tcr14756,0
vdjdb_full_12732,IVTDFSVIK_HLA-A*11:01,tcr5060,1
vdjdb_full_12732_ss_2_n0,IVTDFSVIK_HLA-A*11:01,tcr14963,0
vdjdb_full_12246,IVTDFSVIK_HLA-A*11:01,tcr13581,1
vdjdb_full_12246_ss_2_n0,IVTDFSVIK_HLA-A*11:01,tcr4528,0
vdjdb_full_12818,IVTDFSVIK_HLA-A*11:01,tcr5423,1
vdjdb_full_12818_ss_2_n0,IVTDFSVIK_HLA-A*11:01,tcr14381,0
vdjdb_full_12229,IVTDFSVIK_HLA-A*11:01,tcr9720,1
vdjdb_full_12229_ss_2_n0,IVTDFSVIK_HLA-A*11:01,tcr8220,0
vdjdb_full_12329,IVTDFSVIK_HLA-A*11:01,tcr7478,1
vdjdb_full_12329_ss_2_n0,IVTDFSVIK_HLA-A*11:01,tcr6344,0
vdjdb_full_12558,IVTDFSVIK_HLA-A*11:01,tcr6760,1
vdjdb_full_12558_ss_2_n0,IVTDFSVIK_HLA-A*11:01,tcr1987,0
vdjdb_full_12218,IVTDFSVIK_HLA-A*11:01,tcr5241,1
vdjdb_full_12218_ss_2_n0,IVTDFSVIK_HLA-A*11:01,tcr780,0
vdjdb_full_12708,IVTDFSVIK_HLA-A*11:01,tcr13162,1
vdjdb_full_12708_ss_2_n0,IVTDFSVIK_HLA-A*11:01,tcr8139,0
vdjdb_full_12496,IVTDFSVIK_HLA-A*11:01,tcr17436,1
vdjdb_full_12496_ss_2_n0,IVTDFSVIK_HLA-A*11:01,tcr2477,0
vdjdb_full_12183,IVTDFSVIK_HLA-A*11:01,tcr18370,1
vdjdb_full_12183_ss_2_n0,IVTDFSVIK_HLA-A*11:01,tcr13737,0
vdjdb_full_12823,IVTDFSVIK_HLA-A*11:01,tcr5627,1
vdjdb_full_12823_ss_2_n0,IVTDFSVIK_HLA-A*11:01,tcr6040,0
vdjdb_full_12871,IVTDFSVIK_HLA-A*11:01,tcr907,1
vdjdb_full_12871_ss_2_n0,IVTDFSVIK_HLA-A*11:01,tcr7207,0
vdjdb_full_12393,IVTDFSVIK_HLA-A*11:01,tcr5731,1
vdjdb_full_12393_ss_2_n0,IVTDFSVIK_HLA-A*11:01,tcr9058,0
vdjdb_full_12854,IVTDFSVIK_HLA-A*11:01,tcr1377,1
vdjdb_full_12854_ss_2_n0,IVTDFSVIK_HLA-A*11:01,tcr13943,0
vdjdb_full_12312,IVTDFSVIK_HLA-A*11:01,tcr6430,1
vdjdb_full_12312_ss_2_n0,IVTDFSVIK_HLA-A*11:01,tcr12653,0
vdjdb_full_12522,IVTDFSVIK_HLA-A*11:01,tcr2824,1
vdjdb_full_12522_ss_2_n0,IVTDFSVIK_HLA-A*11:01,tcr2263,0
vdjdb_full_12509,IVTDFSVIK_HLA-A*11:01,tcr14864,1
vdjdb_full_12509_ss_2_n0,IVTDFSVIK_HLA-A*11:01,tcr5377,0
vdjdb_full_12830,IVTDFSVIK_HLA-A*11:01,tcr15664,1
vdjdb_full_12830_ss_2_n0,IVTDFSVIK_HLA-A*11:01,tcr12872,0
vdjdb_full_11740,ELAGIGILTV_HLA-A*02:01,tcr5036,1
vdjdb_full_11740_ss_2_n0,ELAGIGILTV_HLA-A*02:01,tcr5260,0
vdjdb_full_11908,ELAGIGILTV_HLA-A*02:01,tcr5056,1
vdjdb_full_11908_ss_2_n0,ELAGIGILTV_HLA-A*02:01,tcr11880,0
vdjdb_full_11867,ELAGIGILTV_HLA-A*02:01,tcr15559,1
vdjdb_full_11867_ss_2_n0,ELAGIGILTV_HLA-A*02:01,tcr15656,0
vdjdb_full_11683,ELAGIGILTV_HLA-A*02:01,tcr2579,1
vdjdb_full_11683_ss_2_n0,ELAGIGILTV_HLA-A*02:01,tcr14329,0
vdjdb_full_11698,ELAGIGILTV_HLA-A*02:01,tcr8169,1
vdjdb_full_11698_ss_2_n0,ELAGIGILTV_HLA-A*02:01,tcr14494,0
vdjdb_full_11985,ELAGIGILTV_HLA-A*02:01,tcr8619,1
vdjdb_full_11985_ss_2_n0,ELAGIGILTV_HLA-A*02:01,tcr7424,0
vdjdb_full_11699,ELAGIGILTV_HLA-A*02:01,tcr3267,1
vdjdb_full_11699_ss_2_n0,ELAGIGILTV_HLA-A*02:01,tcr13844,0
vdjdb_full_11784,ELAGIGILTV_HLA-A*02:01,tcr5962,1
vdjdb_full_11784_ss_2_n0,ELAGIGILTV_HLA-A*02:01,tcr10849,0
vdjdb_full_11780,ELAGIGILTV_HLA-A*02:01,tcr14085,1
vdjdb_full_11780_ss_2_n0,ELAGIGILTV_HLA-A*02:01,tcr10981,0
vdjdb_full_11989,ELAGIGILTV_HLA-A*02:01,tcr11439,1
vdjdb_full_11989_ss_2_n0,ELAGIGILTV_HLA-A*02:01,tcr16006,0
vdjdb_full_11635,ELAGIGILTV_HLA-A*02:01,tcr2101,1
vdjdb_full_11635_ss_2_n0,ELAGIGILTV_HLA-A*02:01,tcr3868,0
vdjdb_full_12021,ELAGIGILTV_HLA-A*02:01,tcr9901,1
vdjdb_full_12021_ss_2_n0,ELAGIGILTV_HLA-A*02:01,tcr1438,0
vdjdb_full_11727,ELAGIGILTV_HLA-A*02:01,tcr14052,1
vdjdb_full_11727_ss_2_n0,ELAGIGILTV_HLA-A*02:01,tcr2459,0
vdjdb_full_11696,ELAGIGILTV_HLA-A*02:01,tcr16815,1
vdjdb_full_11696_ss_2_n0,ELAGIGILTV_HLA-A*02:01,tcr8775,0
vdjdb_full_12000,ELAGIGILTV_HLA-A*02:01,tcr949,1
vdjdb_full_12000_ss_2_n0,ELAGIGILTV_HLA-A*02:01,tcr11903,0
vdjdb_full_11811,ELAGIGILTV_HLA-A*02:01,tcr8214,1
vdjdb_full_11811_ss_2_n0,ELAGIGILTV_HLA-A*02:01,tcr5171,0
vdjdb_full_11668,ELAGIGILTV_HLA-A*02:01,tcr13657,1
vdjdb_full_11668_ss_2_n0,ELAGIGILTV_HLA-A*02:01,tcr9193,0
vdjdb_full_11904,ELAGIGILTV_HLA-A*02:01,tcr1501,1
vdjdb_full_11904_ss_2_n0,ELAGIGILTV_HLA-A*02:01,tcr14674,0
vdjdb_full_11912,ELAGIGILTV_HLA-A*02:01,tcr3081,1
vdjdb_full_11912_ss_2_n0,ELAGIGILTV_HLA-A*02:01,tcr6237,0
vdjdb_full_11825,ELAGIGILTV_HLA-A*02:01,tcr1099,1
vdjdb_full_11825_ss_2_n0,ELAGIGILTV_HLA-A*02:01,tcr11109,0
vdjdb_full_11641,ELAGIGILTV_HLA-A*02:01,tcr12357,1
vdjdb_full_11641_ss_2_n0,ELAGIGILTV_HLA-A*02:01,tcr11561,0
vdjdb_full_11878,ELAGIGILTV_HLA-A*02:01,tcr764,1
vdjdb_full_11878_ss_2_n0,ELAGIGILTV_HLA-A*02:01,tcr13377,0
vdjdb_full_11957,ELAGIGILTV_HLA-A*02:01,tcr8108,1
vdjdb_full_11957_ss_2_n0,ELAGIGILTV_HLA-A*02:01,tcr1225,0
vdjdb_full_11626,ELAGIGILTV_HLA-A*02:01,tcr5857,1
vdjdb_full_11626_ss_2_n0,ELAGIGILTV_HLA-A*02:01,tcr1760,0
vdjdb_full_11730,ELAGIGILTV_HLA-A*02:01,tcr6739,1
vdjdb_full_11730_ss_2_n0,ELAGIGILTV_HLA-A*02:01,tcr621,0
vdjdb_full_11991,ELAGIGILTV_HLA-A*02:01,tcr1523,1
vdjdb_full_11991_ss_2_n0,ELAGIGILTV_HLA-A*02:01,tcr6967,0
vdjdb_full_11704,ELAGIGILTV_HLA-A*02:01,tcr15847,1
vdjdb_full_11704_ss_2_n0,ELAGIGILTV_HLA-A*02:01,tcr9277,0
vdjdb_full_11659,ELAGIGILTV_HLA-A*02:01,tcr17628,1
vdjdb_full_11659_ss_2_n0,ELAGIGILTV_HLA-A*02:01,tcr5538,0
vdjdb_full_11863,ELAGIGILTV_HLA-A*02:01,tcr10063,1
vdjdb_full_11863_ss_2_n0,ELAGIGILTV_HLA-A*02:01,tcr1147,0
vdjdb_full_11927,ELAGIGILTV_HLA-A*02:01,tcr8368,1
vdjdb_full_11927_ss_2_n0,ELAGIGILTV_HLA-A*02:01,tcr5679,0
vdjdb_full_11710,ELAGIGILTV_HLA-A*02:01,tcr10905,1
vdjdb_full_11710_ss_2_n0,ELAGIGILTV_HLA-A*02:01,tcr4519,0
vdjdb_full_11962,ELAGIGILTV_HLA-A*02:01,tcr9765,1
vdjdb_full_11962_ss_2_n0,ELAGIGILTV_HLA-A*02:01,tcr1332,0
vdjdb_full_11966,ELAGIGILTV_HLA-A*02:01,tcr3937,1
vdjdb_full_11966_ss_2_n0,ELAGIGILTV_HLA-A*02:01,tcr11343,0
vdjdb_full_11682,ELAGIGILTV_HLA-A*02:01,tcr2004,1
vdjdb_full_11682_ss_2_n0,ELAGIGILTV_HLA-A*02:01,tcr2939,0
vdjdb_full_11703,ELAGIGILTV_HLA-A*02:01,tcr4771,1
vdjdb_full_11703_ss_2_n0,ELAGIGILTV_HLA-A*02:01,tcr7584,0
vdjdb_full_11954,ELAGIGILTV_HLA-A*02:01,tcr2055,1
vdjdb_full_11954_ss_2_n0,ELAGIGILTV_HLA-A*02:01,tcr2891,0
vdjdb_full_11891,ELAGIGILTV_HLA-A*02:01,tcr5374,1
vdjdb_full_11891_ss_2_n0,ELAGIGILTV_HLA-A*02:01,tcr11610,0
vdjdb_full_11800,ELAGIGILTV_HLA-A*02:01,tcr4969,1
vdjdb_full_11800_ss_2_n0,ELAGIGILTV_HLA-A*02:01,tcr16557,0
vdjdb_full_11948,ELAGIGILTV_HLA-A*02:01,tcr15636,1
vdjdb_full_11948_ss_2_n0,ELAGIGILTV_HLA-A*02:01,tcr12304,0
vdjdb_full_11757,ELAGIGILTV_HLA-A*02:01,tcr9975,1
vdjdb_full_11757_ss_2_n0,ELAGIGILTV_HLA-A*02:01,tcr5079,0
vdjdb_full_11651,ELAGIGILTV_HLA-A*02:01,tcr10322,1
vdjdb_full_11651_ss_2_n0,ELAGIGILTV_HLA-A*02:01,tcr6237,0
vdjdb_full_11942,ELAGIGILTV_HLA-A*02:01,tcr13405,1
vdjdb_full_11942_ss_2_n0,ELAGIGILTV_HLA-A*02:01,tcr6231,0
vdjdb_full_11681,ELAGIGILTV_HLA-A*02:01,tcr4029,1
vdjdb_full_11681_ss_2_n0,ELAGIGILTV_HLA-A*02:01,tcr12093,0
vdjdb_full_12018,ELAGIGILTV_HLA-A*02:01,tcr11913,1
vdjdb_full_12018_ss_2_n0,ELAGIGILTV_HLA-A*02:01,tcr18103,0
vdjdb_full_11775,ELAGIGILTV_HLA-A*02:01,tcr512,1
vdjdb_full_11775_ss_2_n0,ELAGIGILTV_HLA-A*02:01,tcr8694,0
vdjdb_full_11702,ELAGIGILTV_HLA-A*02:01,tcr15380,1
vdjdb_full_11702_ss_2_n0,ELAGIGILTV_HLA-A*02:01,tcr8380,0
vdjdb_full_11720,ELAGIGILTV_HLA-A*02:01,tcr15815,1
vdjdb_full_11720_ss_2_n0,ELAGIGILTV_HLA-A*02:01,tcr2416,0
vdjdb_full_11672,ELAGIGILTV_HLA-A*02:01,tcr122,1
vdjdb_full_11672_ss_2_n0,ELAGIGILTV_HLA-A*02:01,tcr16723,0
vdjdb_full_11947,ELAGIGILTV_HLA-A*02:01,tcr3389,1
vdjdb_full_11947_ss_2_n0,ELAGIGILTV_HLA-A*02:01,tcr7687,0
vdjdb_full_11708,ELAGIGILTV_HLA-A*02:01,tcr8603,1
vdjdb_full_11708_ss_2_n0,ELAGIGILTV_HLA-A*02:01,tcr1130,0
vdjdb_full_11877,ELAGIGILTV_HLA-A*02:01,tcr6821,1
vdjdb_full_11877_ss_2_n0,ELAGIGILTV_HLA-A*02:01,tcr12880,0
vdjdb_full_11665,ELAGIGILTV_HLA-A*02:01,tcr8602,1
vdjdb_full_11665_ss_2_n0,ELAGIGILTV_HLA-A*02:01,tcr4039,0
vdjdb_full_11879,ELAGIGILTV_HLA-A*02:01,tcr7116,1
vdjdb_full_11879_ss_2_n0,ELAGIGILTV_HLA-A*02:01,tcr9493,0
vdjdb_full_11716,ELAGIGILTV_HLA-A*02:01,tcr5985,1
vdjdb_full_11716_ss_2_n0,ELAGIGILTV_HLA-A*02:01,tcr11109,0
vdjdb_full_11656,ELAGIGILTV_HLA-A*02:01,tcr3044,1
vdjdb_full_11656_ss_2_n0,ELAGIGILTV_HLA-A*02:01,tcr10676,0
vdjdb_full_11917,ELAGIGILTV_HLA-A*02:01,tcr3759,1
vdjdb_full_11917_ss_2_n0,ELAGIGILTV_HLA-A*02:01,tcr8896,0
vdjdb_full_11807,ELAGIGILTV_HLA-A*02:01,tcr9859,1
vdjdb_full_11807_ss_2_n0,ELAGIGILTV_HLA-A*02:01,tcr3264,0
vdjdb_full_11858,ELAGIGILTV_HLA-A*02:01,tcr11423,1
vdjdb_full_11858_ss_2_n0,ELAGIGILTV_HLA-A*02:01,tcr10315,0
vdjdb_full_11794,ELAGIGILTV_HLA-A*02:01,tcr12107,1
vdjdb_full_11794_ss_2_n0,ELAGIGILTV_HLA-A*02:01,tcr9435,0
vdjdb_full_11785,ELAGIGILTV_HLA-A*02:01,tcr10016,1
vdjdb_full_11785_ss_2_n0,ELAGIGILTV_HLA-A*02:01,tcr3336,0
vdjdb_full_11648,ELAGIGILTV_HLA-A*02:01,tcr2227,1
vdjdb_full_11648_ss_2_n0,ELAGIGILTV_HLA-A*02:01,tcr7254,0
vdjdb_full_11657,ELAGIGILTV_HLA-A*02:01,tcr11505,1
vdjdb_full_11657_ss_2_n0,ELAGIGILTV_HLA-A*02:01,tcr5137,0
vdjdb_full_12019,ELAGIGILTV_HLA-A*02:01,tcr12066,1
vdjdb_full_12019_ss_2_n0,ELAGIGILTV_HLA-A*02:01,tcr4921,0
vdjdb_full_11744,ELAGIGILTV_HLA-A*02:01,tcr11858,1
vdjdb_full_11744_ss_2_n0,ELAGIGILTV_HLA-A*02:01,tcr17738,0
vdjdb_full_11901,ELAGIGILTV_HLA-A*02:01,tcr6573,1
vdjdb_full_11901_ss_2_n0,ELAGIGILTV_HLA-A*02:01,tcr7203,0
vdjdb_full_11772,ELAGIGILTV_HLA-A*02:01,tcr9416,1
vdjdb_full_11772_ss_2_n0,ELAGIGILTV_HLA-A*02:01,tcr4409,0
vdjdb_full_11952,ELAGIGILTV_HLA-A*02:01,tcr17337,1
vdjdb_full_11952_ss_2_n0,ELAGIGILTV_HLA-A*02:01,tcr9001,0
vdjdb_full_12025,ELAGIGILTV_HLA-A*02:01,tcr14082,1
vdjdb_full_12025_ss_2_n0,ELAGIGILTV_HLA-A*02:01,tcr12561,0
vdjdb_full_11804,ELAGIGILTV_HLA-A*02:01,tcr9697,1
vdjdb_full_11804_ss_2_n0,ELAGIGILTV_HLA-A*02:01,tcr13669,0
vdjdb_full_11766,ELAGIGILTV_HLA-A*02:01,tcr6085,1
vdjdb_full_11766_ss_2_n0,ELAGIGILTV_HLA-A*02:01,tcr5627,0
vdjdb_full_11631,ELAGIGILTV_HLA-A*02:01,tcr1530,1
vdjdb_full_11631_ss_2_n0,ELAGIGILTV_HLA-A*02:01,tcr16820,0
vdjdb_full_11671,ELAGIGILTV_HLA-A*02:01,tcr13471,1
vdjdb_full_11671_ss_2_n0,ELAGIGILTV_HLA-A*02:01,tcr15898,0
vdjdb_full_12017,ELAGIGILTV_HLA-A*02:01,tcr10580,1
vdjdb_full_12017_ss_2_n0,ELAGIGILTV_HLA-A*02:01,tcr5187,0
vdjdb_full_11988,ELAGIGILTV_HLA-A*02:01,tcr6309,1
vdjdb_full_11988_ss_2_n0,ELAGIGILTV_HLA-A*02:01,tcr14168,0
vdjdb_full_11851,ELAGIGILTV_HLA-A*02:01,tcr5500,1
vdjdb_full_11851_ss_2_n0,ELAGIGILTV_HLA-A*02:01,tcr1828,0
vdjdb_full_11997,ELAGIGILTV_HLA-A*02:01,tcr8798,1
vdjdb_full_11997_ss_2_n0,ELAGIGILTV_HLA-A*02:01,tcr5266,0
vdjdb_full_11970,ELAGIGILTV_HLA-A*02:01,tcr6581,1
vdjdb_full_11970_ss_2_n0,ELAGIGILTV_HLA-A*02:01,tcr2493,0
vdjdb_full_11758,ELAGIGILTV_HLA-A*02:01,tcr3934,1
vdjdb_full_11758_ss_2_n0,ELAGIGILTV_HLA-A*02:01,tcr15084,0
vdjdb_full_11629,ELAGIGILTV_HLA-A*02:01,tcr16274,1
vdjdb_full_11629_ss_2_n0,ELAGIGILTV_HLA-A*02:01,tcr9352,0
vdjdb_full_11644,ELAGIGILTV_HLA-A*02:01,tcr179,1
vdjdb_full_11644_ss_2_n0,ELAGIGILTV_HLA-A*02:01,tcr15345,0
vdjdb_full_11892,ELAGIGILTV_HLA-A*02:01,tcr5369,1
vdjdb_full_11892_ss_2_n0,ELAGIGILTV_HLA-A*02:01,tcr4025,0
vdjdb_full_11739,ELAGIGILTV_HLA-A*02:01,tcr14142,1
vdjdb_full_11739_ss_2_n0,ELAGIGILTV_HLA-A*02:01,tcr3465,0
vdjdb_full_11803,ELAGIGILTV_HLA-A*02:01,tcr5821,1
vdjdb_full_11803_ss_2_n0,ELAGIGILTV_HLA-A*02:01,tcr3148,0
vdjdb_full_11689,ELAGIGILTV_HLA-A*02:01,tcr11523,1
vdjdb_full_11689_ss_2_n0,ELAGIGILTV_HLA-A*02:01,tcr15217,0
vdjdb_full_11875,ELAGIGILTV_HLA-A*02:01,tcr3835,1
vdjdb_full_11875_ss_2_n0,ELAGIGILTV_HLA-A*02:01,tcr14478,0
vdjdb_full_11719,ELAGIGILTV_HLA-A*02:01,tcr16180,1
vdjdb_full_11719_ss_2_n0,ELAGIGILTV_HLA-A*02:01,tcr12521,0
vdjdb_full_12026,ELAGIGILTV_HLA-A*02:01,tcr702,1
vdjdb_full_12026_ss_2_n0,ELAGIGILTV_HLA-A*02:01,tcr2413,0
vdjdb_full_11750,ELAGIGILTV_HLA-A*02:01,tcr6390,1
vdjdb_full_11750_ss_2_n0,ELAGIGILTV_HLA-A*02:01,tcr17306,0
vdjdb_full_11999,ELAGIGILTV_HLA-A*02:01,tcr2355,1
vdjdb_full_11999_ss_2_n0,ELAGIGILTV_HLA-A*02:01,tcr16820,0
vdjdb_full_11824,ELAGIGILTV_HLA-A*02:01,tcr4869,1
vdjdb_full_11824_ss_2_n0,ELAGIGILTV_HLA-A*02:01,tcr17053,0
vdjdb_full_11742,ELAGIGILTV_HLA-A*02:01,tcr5874,1
vdjdb_full_11742_ss_2_n0,ELAGIGILTV_HLA-A*02:01,tcr412,0
vdjdb_full_11907,ELAGIGILTV_HLA-A*02:01,tcr14248,1
vdjdb_full_11907_ss_2_n0,ELAGIGILTV_HLA-A*02:01,tcr1101,0
vdjdb_full_11902,ELAGIGILTV_HLA-A*02:01,tcr6469,1
vdjdb_full_11902_ss_2_n0,ELAGIGILTV_HLA-A*02:01,tcr4460,0
vdjdb_full_11975,ELAGIGILTV_HLA-A*02:01,tcr12573,1
vdjdb_full_11975_ss_2_n0,ELAGIGILTV_HLA-A*02:01,tcr17841,0
vdjdb_full_12001,ELAGIGILTV_HLA-A*02:01,tcr15821,1
vdjdb_full_12001_ss_2_n0,ELAGIGILTV_HLA-A*02:01,tcr13731,0
vdjdb_full_11885,ELAGIGILTV_HLA-A*02:01,tcr6559,1
vdjdb_full_11885_ss_2_n0,ELAGIGILTV_HLA-A*02:01,tcr11330,0
vdjdb_full_11914,ELAGIGILTV_HLA-A*02:01,tcr1298,1
vdjdb_full_11914_ss_2_n0,ELAGIGILTV_HLA-A*02:01,tcr6923,0
vdjdb_full_11701,ELAGIGILTV_HLA-A*02:01,tcr13691,1
vdjdb_full_11701_ss_2_n0,ELAGIGILTV_HLA-A*02:01,tcr7626,0
vdjdb_full_11963,ELAGIGILTV_HLA-A*02:01,tcr5793,1
vdjdb_full_11963_ss_2_n0,ELAGIGILTV_HLA-A*02:01,tcr11268,0
vdjdb_full_11734,ELAGIGILTV_HLA-A*02:01,tcr8181,1
vdjdb_full_11734_ss_2_n0,ELAGIGILTV_HLA-A*02:01,tcr4349,0
vdjdb_full_11171,TTDPSFLGRY_HLA-A*01:01,tcr6426,1
vdjdb_full_11171_ss_2_n0,TTDPSFLGRY_HLA-A*01:01,tcr16274,0
vdjdb_full_11372,TTDPSFLGRY_HLA-A*01:01,tcr13635,1
vdjdb_full_11372_ss_2_n0,TTDPSFLGRY_HLA-A*01:01,tcr2069,0
vdjdb_full_11345,TTDPSFLGRY_HLA-A*01:01,tcr11819,1
vdjdb_full_11345_ss_2_n0,TTDPSFLGRY_HLA-A*01:01,tcr1845,0
vdjdb_full_11148,TTDPSFLGRY_HLA-A*01:01,tcr16455,1
vdjdb_full_11148_ss_2_n0,TTDPSFLGRY_HLA-A*01:01,tcr16318,0
vdjdb_full_11489,TTDPSFLGRY_HLA-A*01:01,tcr6767,1
vdjdb_full_11489_ss_2_n0,TTDPSFLGRY_HLA-A*01:01,tcr13205,0
vdjdb_full_11378,TTDPSFLGRY_HLA-A*01:01,tcr13572,1
vdjdb_full_11378_ss_2_n0,TTDPSFLGRY_HLA-A*01:01,tcr14334,0
vdjdb_full_11133,TTDPSFLGRY_HLA-A*01:01,tcr10650,1
vdjdb_full_11133_ss_2_n0,TTDPSFLGRY_HLA-A*01:01,tcr8341,0
vdjdb_full_11437,TTDPSFLGRY_HLA-A*01:01,tcr13530,1
vdjdb_full_11437_ss_2_n0,TTDPSFLGRY_HLA-A*01:01,tcr11099,0
vdjdb_full_11245,TTDPSFLGRY_HLA-A*01:01,tcr8912,1
vdjdb_full_11245_ss_2_n0,TTDPSFLGRY_HLA-A*01:01,tcr1548,0
vdjdb_full_11209,TTDPSFLGRY_HLA-A*01:01,tcr509,1
vdjdb_full_11209_ss_2_n0,TTDPSFLGRY_HLA-A*01:01,tcr920,0
vdjdb_full_11100,TTDPSFLGRY_HLA-A*01:01,tcr11156,1
vdjdb_full_11100_ss_2_n0,TTDPSFLGRY_HLA-A*01:01,tcr5985,0
vdjdb_full_11305,TTDPSFLGRY_HLA-A*01:01,tcr16040,1
vdjdb_full_11305_ss_2_n0,TTDPSFLGRY_HLA-A*01:01,tcr122,0
vdjdb_full_11417,TTDPSFLGRY_HLA-A*01:01,tcr10231,1
vdjdb_full_11417_ss_2_n0,TTDPSFLGRY_HLA-A*01:01,tcr8597,0
vdjdb_full_11261,TTDPSFLGRY_HLA-A*01:01,tcr1828,1
vdjdb_full_11261_ss_2_n0,TTDPSFLGRY_HLA-A*01:01,tcr245,0
vdjdb_full_11426,TTDPSFLGRY_HLA-A*01:01,tcr4653,1
vdjdb_full_11426_ss_2_n0,TTDPSFLGRY_HLA-A*01:01,tcr12216,0
vdjdb_full_11475,TTDPSFLGRY_HLA-A*01:01,tcr15748,1
vdjdb_full_11475_ss_2_n0,TTDPSFLGRY_HLA-A*01:01,tcr10153,0
vdjdb_full_11217,TTDPSFLGRY_HLA-A*01:01,tcr10183,1
vdjdb_full_11217_ss_2_n0,TTDPSFLGRY_HLA-A*01:01,tcr2861,0
vdjdb_full_11492,TTDPSFLGRY_HLA-A*01:01,tcr5865,1
vdjdb_full_11492_ss_2_n0,TTDPSFLGRY_HLA-A*01:01,tcr12916,0
vdjdb_full_11296,TTDPSFLGRY_HLA-A*01:01,tcr493,1
vdjdb_full_11296_ss_2_n0,TTDPSFLGRY_HLA-A*01:01,tcr14709,0
vdjdb_full_11430,TTDPSFLGRY_HLA-A*01:01,tcr16074,1
vdjdb_full_11430_ss_2_n0,TTDPSFLGRY_HLA-A*01:01,tcr11424,0
vdjdb_full_11106,TTDPSFLGRY_HLA-A*01:01,tcr2768,1
vdjdb_full_11106_ss_2_n0,TTDPSFLGRY_HLA-A*01:01,tcr4519,0
vdjdb_full_11490,TTDPSFLGRY_HLA-A*01:01,tcr5182,1
vdjdb_full_11490_ss_2_n0,TTDPSFLGRY_HLA-A*01:01,tcr15063,0
vdjdb_full_11406,TTDPSFLGRY_HLA-A*01:01,tcr11957,1
vdjdb_full_11406_ss_2_n0,TTDPSFLGRY_HLA-A*01:01,tcr11352,0
vdjdb_full_11091,TTDPSFLGRY_HLA-A*01:01,tcr16036,1
vdjdb_full_11091_ss_2_n0,TTDPSFLGRY_HLA-A*01:01,tcr13657,0
vdjdb_full_11234,TTDPSFLGRY_HLA-A*01:01,tcr715,1
vdjdb_full_11234_ss_2_n0,TTDPSFLGRY_HLA-A*01:01,tcr11268,0
vdjdb_full_11206,TTDPSFLGRY_HLA-A*01:01,tcr8694,1
vdjdb_full_11206_ss_2_n0,TTDPSFLGRY_HLA-A*01:01,tcr17944,0
vdjdb_full_11170,TTDPSFLGRY_HLA-A*01:01,tcr2279,1
vdjdb_full_11170_ss_2_n0,TTDPSFLGRY_HLA-A*01:01,tcr3332,0
vdjdb_full_11124,TTDPSFLGRY_HLA-A*01:01,tcr11215,1
vdjdb_full_11124_ss_2_n0,TTDPSFLGRY_HLA-A*01:01,tcr8775,0
vdjdb_full_11194,TTDPSFLGRY_HLA-A*01:01,tcr1836,1
vdjdb_full_11194_ss_2_n0,TTDPSFLGRY_HLA-A*01:01,tcr5651,0
vdjdb_full_11169,TTDPSFLGRY_HLA-A*01:01,tcr5440,1
vdjdb_full_11169_ss_2_n0,TTDPSFLGRY_HLA-A*01:01,tcr5975,0
vdjdb_full_11250,TTDPSFLGRY_HLA-A*01:01,tcr4372,1
vdjdb_full_11250_ss_2_n0,TTDPSFLGRY_HLA-A*01:01,tcr15369,0
vdjdb_full_11353,TTDPSFLGRY_HLA-A*01:01,tcr4687,1
vdjdb_full_11353_ss_2_n0,TTDPSFLGRY_HLA-A*01:01,tcr3216,0
vdjdb_full_11387,TTDPSFLGRY_HLA-A*01:01,tcr6855,1
vdjdb_full_11387_ss_2_n0,TTDPSFLGRY_HLA-A*01:01,tcr16125,0
vdjdb_full_11453,TTDPSFLGRY_HLA-A*01:01,tcr3624,1
vdjdb_full_11453_ss_2_n0,TTDPSFLGRY_HLA-A*01:01,tcr17283,0
vdjdb_full_11183,TTDPSFLGRY_HLA-A*01:01,tcr17627,1
vdjdb_full_11183_ss_2_n0,TTDPSFLGRY_HLA-A*01:01,tcr14821,0
vdjdb_full_11391,TTDPSFLGRY_HLA-A*01:01,tcr12097,1
vdjdb_full_11391_ss_2_n0,TTDPSFLGRY_HLA-A*01:01,tcr12253,0
vdjdb_full_11230,TTDPSFLGRY_HLA-A*01:01,tcr17810,1
vdjdb_full_11230_ss_2_n0,TTDPSFLGRY_HLA-A*01:01,tcr911,0
vdjdb_full_11150,TTDPSFLGRY_HLA-A*01:01,tcr4039,1
vdjdb_full_11150_ss_2_n0,TTDPSFLGRY_HLA-A*01:01,tcr10344,0
vdjdb_full_11166,TTDPSFLGRY_HLA-A*01:01,tcr17460,1
vdjdb_full_11166_ss_2_n0,TTDPSFLGRY_HLA-A*01:01,tcr5611,0
vdjdb_full_11116,TTDPSFLGRY_HLA-A*01:01,tcr16860,1
vdjdb_full_11116_ss_2_n0,TTDPSFLGRY_HLA-A*01:01,tcr1973,0
vdjdb_full_11165,TTDPSFLGRY_HLA-A*01:01,tcr12387,1
vdjdb_full_11165_ss_2_n0,TTDPSFLGRY_HLA-A*01:01,tcr1377,0
vdjdb_full_11421,TTDPSFLGRY_HLA-A*01:01,tcr9557,1
vdjdb_full_11421_ss_2_n0,TTDPSFLGRY_HLA-A*01:01,tcr3564,0
vdjdb_full_11322,TTDPSFLGRY_HLA-A*01:01,tcr18390,1
vdjdb_full_11322_ss_2_n0,TTDPSFLGRY_HLA-A*01:01,tcr8589,0
vdjdb_full_11357,TTDPSFLGRY_HLA-A*01:01,tcr3932,1
vdjdb_full_11357_ss_2_n0,TTDPSFLGRY_HLA-A*01:01,tcr7907,0
vdjdb_full_11274,TTDPSFLGRY_HLA-A*01:01,tcr12966,1
vdjdb_full_11274_ss_2_n0,TTDPSFLGRY_HLA-A*01:01,tcr3536,0
vdjdb_full_11186,TTDPSFLGRY_HLA-A*01:01,tcr10340,1
vdjdb_full_11186_ss_2_n0,TTDPSFLGRY_HLA-A*01:01,tcr8945,0
vdjdb_full_11138,TTDPSFLGRY_HLA-A*01:01,tcr4115,1
vdjdb_full_11138_ss_2_n0,TTDPSFLGRY_HLA-A*01:01,tcr14381,0
vdjdb_full_11400,TTDPSFLGRY_HLA-A*01:01,tcr12546,1
vdjdb_full_11400_ss_2_n0,TTDPSFLGRY_HLA-A*01:01,tcr10500,0
vdjdb_full_11201,TTDPSFLGRY_HLA-A*01:01,tcr7623,1
vdjdb_full_11201_ss_2_n0,TTDPSFLGRY_HLA-A*01:01,tcr17056,0
vdjdb_full_11291,TTDPSFLGRY_HLA-A*01:01,tcr9133,1
vdjdb_full_11291_ss_2_n0,TTDPSFLGRY_HLA-A*01:01,tcr13950,0
vdjdb_full_11130,TTDPSFLGRY_HLA-A*01:01,tcr5679,1
vdjdb_full_11130_ss_2_n0,TTDPSFLGRY_HLA-A*01:01,tcr16683,0
vdjdb_full_11149,TTDPSFLGRY_HLA-A*01:01,tcr6794,1
vdjdb_full_11149_ss_2_n0,TTDPSFLGRY_HLA-A*01:01,tcr244,0
vdjdb_full_11121,TTDPSFLGRY_HLA-A*01:01,tcr3645,1
vdjdb_full_11121_ss_2_n0,TTDPSFLGRY_HLA-A*01:01,tcr1530,0
vdjdb_full_11416,TTDPSFLGRY_HLA-A*01:01,tcr18166,1
vdjdb_full_11416_ss_2_n0,TTDPSFLGRY_HLA-A*01:01,tcr6924,0
vdjdb_full_11485,TTDPSFLGRY_HLA-A*01:01,tcr5972,1
vdjdb_full_11485_ss_2_n0,TTDPSFLGRY_HLA-A*01:01,tcr16097,0
vdjdb_full_11225,TTDPSFLGRY_HLA-A*01:01,tcr919,1
vdjdb_full_11225_ss_2_n0,TTDPSFLGRY_HLA-A*01:01,tcr2053,0
vdjdb_full_11445,TTDPSFLGRY_HLA-A*01:01,tcr14060,1
vdjdb_full_11445_ss_2_n0,TTDPSFLGRY_HLA-A*01:01,tcr14200,0
vdjdb_full_11356,TTDPSFLGRY_HLA-A*01:01,tcr12083,1
vdjdb_full_11356_ss_2_n0,TTDPSFLGRY_HLA-A*01:01,tcr7626,0
vdjdb_full_11113,TTDPSFLGRY_HLA-A*01:01,tcr5191,1
vdjdb_full_11113_ss_2_n0,TTDPSFLGRY_HLA-A*01:01,tcr15017,0
vdjdb_full_11122,TTDPSFLGRY_HLA-A*01:01,tcr2838,1
vdjdb_full_11122_ss_2_n0,TTDPSFLGRY_HLA-A*01:01,tcr7819,0
vdjdb_full_11187,TTDPSFLGRY_HLA-A*01:01,tcr5796,1
vdjdb_full_11187_ss_2_n0,TTDPSFLGRY_HLA-A*01:01,tcr10063,0
vdjdb_full_11288,TTDPSFLGRY_HLA-A*01:01,tcr5373,1
vdjdb_full_11288_ss_2_n0,TTDPSFLGRY_HLA-A*01:01,tcr13964,0
vdjdb_full_11251,TTDPSFLGRY_HLA-A*01:01,tcr5649,1
vdjdb_full_11251_ss_2_n0,TTDPSFLGRY_HLA-A*01:01,tcr15472,0
vdjdb_full_11302,TTDPSFLGRY_HLA-A*01:01,tcr14654,1
vdjdb_full_11302_ss_2_n0,TTDPSFLGRY_HLA-A*01:01,tcr8235,0
vdjdb_full_11366,TTDPSFLGRY_HLA-A*01:01,tcr10746,1
vdjdb_full_11366_ss_2_n0,TTDPSFLGRY_HLA-A*01:01,tcr122,0
vdjdb_full_11343,TTDPSFLGRY_HLA-A*01:01,tcr7093,1
vdjdb_full_11343_ss_2_n0,TTDPSFLGRY_HLA-A*01:01,tcr14448,0
vdjdb_full_11163,TTDPSFLGRY_HLA-A*01:01,tcr94,1
vdjdb_full_11163_ss_2_n0,TTDPSFLGRY_HLA-A*01:01,tcr7365,0
vdjdb_full_11269,TTDPSFLGRY_HLA-A*01:01,tcr18271,1
vdjdb_full_11269_ss_2_n0,TTDPSFLGRY_HLA-A*01:01,tcr906,0
vdjdb_full_11265,TTDPSFLGRY_HLA-A*01:01,tcr14153,1
vdjdb_full_11265_ss_2_n0,TTDPSFLGRY_HLA-A*01:01,tcr951,0
vdjdb_full_11096,TTDPSFLGRY_HLA-A*01:01,tcr240,1
vdjdb_full_11096_ss_2_n0,TTDPSFLGRY_HLA-A*01:01,tcr13815,0
vdjdb_full_11137,TTDPSFLGRY_HLA-A*01:01,tcr13308,1
vdjdb_full_11137_ss_2_n0,TTDPSFLGRY_HLA-A*01:01,tcr13950,0
vdjdb_full_11177,TTDPSFLGRY_HLA-A*01:01,tcr1894,1
vdjdb_full_11177_ss_2_n0,TTDPSFLGRY_HLA-A*01:01,tcr16679,0
vdjdb_full_11350,TTDPSFLGRY_HLA-A*01:01,tcr8253,1
vdjdb_full_11350_ss_2_n0,TTDPSFLGRY_HLA-A*01:01,tcr3916,0
vdjdb_full_11203,TTDPSFLGRY_HLA-A*01:01,tcr9087,1
vdjdb_full_11203_ss_2_n0,TTDPSFLGRY_HLA-A*01:01,tcr5064,0
vdjdb_full_11462,TTDPSFLGRY_HLA-A*01:01,tcr14875,1
vdjdb_full_11462_ss_2_n0,TTDPSFLGRY_HLA-A*01:01,tcr399,0
vdjdb_full_11175,TTDPSFLGRY_HLA-A*01:01,tcr9758,1
vdjdb_full_11175_ss_2_n0,TTDPSFLGRY_HLA-A*01:01,tcr6390,0
vdjdb_full_11207,TTDPSFLGRY_HLA-A*01:01,tcr11792,1
vdjdb_full_11207_ss_2_n0,TTDPSFLGRY_HLA-A*01:01,tcr6035,0
vdjdb_full_11094,TTDPSFLGRY_HLA-A*01:01,tcr4965,1
vdjdb_full_11094_ss_2_n0,TTDPSFLGRY_HLA-A*01:01,tcr1878,0
vdjdb_full_11109,TTDPSFLGRY_HLA-A*01:01,tcr6947,1
vdjdb_full_11109_ss_2_n0,TTDPSFLGRY_HLA-A*01:01,tcr5360,0
vdjdb_full_11266,TTDPSFLGRY_HLA-A*01:01,tcr11006,1
vdjdb_full_11266_ss_2_n0,TTDPSFLGRY_HLA-A*01:01,tcr10926,0
vdjdb_full_11433,TTDPSFLGRY_HLA-A*01:01,tcr8322,1
vdjdb_full_11433_ss_2_n0,TTDPSFLGRY_HLA-A*01:01,tcr1438,0
vdjdb_full_11268,TTDPSFLGRY_HLA-A*01:01,tcr14596,1
vdjdb_full_11268_ss_2_n0,TTDPSFLGRY_HLA-A*01:01,tcr16788,0
vdjdb_full_11156,TTDPSFLGRY_HLA-A*01:01,tcr9058,1
vdjdb_full_11156_ss_2_n0,TTDPSFLGRY_HLA-A*01:01,tcr18370,0
vdjdb_full_11342,TTDPSFLGRY_HLA-A*01:01,tcr2426,1
vdjdb_full_11342_ss_2_n0,TTDPSFLGRY_HLA-A*01:01,tcr7225,0
vdjdb_full_11321,TTDPSFLGRY_HLA-A*01:01,tcr16168,1
vdjdb_full_11321_ss_2_n0,TTDPSFLGRY_HLA-A*01:01,tcr13281,0
vdjdb_full_11427,TTDPSFLGRY_HLA-A*01:01,tcr17674,1
vdjdb_full_11427_ss_2_n0,TTDPSFLGRY_HLA-A*01:01,tcr1642,0
vdjdb_full_11482,TTDPSFLGRY_HLA-A*01:01,tcr16060,1
vdjdb_full_11482_ss_2_n0,TTDPSFLGRY_HLA-A*01:01,tcr3726,0
vdjdb_full_11323,TTDPSFLGRY_HLA-A*01:01,tcr9512,1
vdjdb_full_11323_ss_2_n0,TTDPSFLGRY_HLA-A*01:01,tcr7424,0
vdjdb_full_11317,TTDPSFLGRY_HLA-A*01:01,tcr2255,1
vdjdb_full_11317_ss_2_n0,TTDPSFLGRY_HLA-A*01:01,tcr10909,0
vdjdb_full_11224,TTDPSFLGRY_HLA-A*01:01,tcr8643,1
vdjdb_full_11224_ss_2_n0,TTDPSFLGRY_HLA-A*01:01,tcr13815,0
vdjdb_full_11464,TTDPSFLGRY_HLA-A*01:01,tcr11742,1
vdjdb_full_11464_ss_2_n0,TTDPSFLGRY_HLA-A*01:01,tcr6035,0
vdjdb_full_11270,TTDPSFLGRY_HLA-A*01:01,tcr5415,1
vdjdb_full_11270_ss_2_n0,TTDPSFLGRY_HLA-A*01:01,tcr6763,0
vdjdb_full_11363,TTDPSFLGRY_HLA-A*01:01,tcr14415,1
vdjdb_full_11363_ss_2_n0,TTDPSFLGRY_HLA-A*01:01,tcr12243,0
vdjdb_full_11466,TTDPSFLGRY_HLA-A*01:01,tcr10331,1
vdjdb_full_11466_ss_2_n0,TTDPSFLGRY_HLA-A*01:01,tcr10313,0
vdjdb_full_11370,TTDPSFLGRY_HLA-A*01:01,tcr9518,1
vdjdb_full_11370_ss_2_n0,TTDPSFLGRY_HLA-A*01:01,tcr18037,0
vdjdb_full_11412,TTDPSFLGRY_HLA-A*01:01,tcr12818,1
vdjdb_full_11412_ss_2_n0,TTDPSFLGRY_HLA-A*01:01,tcr15485,0
vdjdb_full_11168,TTDPSFLGRY_HLA-A*01:01,tcr11778,1
vdjdb_full_11168_ss_2_n0,TTDPSFLGRY_HLA-A*01:01,tcr13464,0
vdjdb_full_11197,TTDPSFLGRY_HLA-A*01:01,tcr7609,1
vdjdb_full_11197_ss_2_n0,TTDPSFLGRY_HLA-A*01:01,tcr7181,0
vdjdb_full_11452,TTDPSFLGRY_HLA-A*01:01,tcr2513,1
vdjdb_full_11452_ss_2_n0,TTDPSFLGRY_HLA-A*01:01,tcr17340,0
vdjdb_full_11107,TTDPSFLGRY_HLA-A*01:01,tcr14814,1
vdjdb_full_11107_ss_2_n0,TTDPSFLGRY_HLA-A*01:01,tcr6642,0
vdjdb_full_10080,RLRAEAQVK_HLA-A*03:01,tcr3522,1
vdjdb_full_10080_ss_2_n0,RLRAEAQVK_HLA-A*03:01,tcr2473,0
vdjdb_full_10285,RLRAEAQVK_HLA-A*03:01,tcr6053,1
vdjdb_full_10285_ss_2_n0,RLRAEAQVK_HLA-A*03:01,tcr7709,0
vdjdb_full_10257,RLRAEAQVK_HLA-A*03:01,tcr15717,1
vdjdb_full_10257_ss_2_n0,RLRAEAQVK_HLA-A*03:01,tcr723,0
vdjdb_full_10057,RLRAEAQVK_HLA-A*03:01,tcr12613,1
vdjdb_full_10057_ss_2_n0,RLRAEAQVK_HLA-A*03:01,tcr11231,0
vdjdb_full_9995,RLRAEAQVK_HLA-A*03:01,tcr70,1
vdjdb_full_9995_ss_2_n0,RLRAEAQVK_HLA-A*03:01,tcr5771,0
vdjdb_full_10213,RLRAEAQVK_HLA-A*03:01,tcr2869,1
vdjdb_full_10213_ss_2_n0,RLRAEAQVK_HLA-A*03:01,tcr1190,0
vdjdb_full_10044,RLRAEAQVK_HLA-A*03:01,tcr12025,1
vdjdb_full_10044_ss_2_n0,RLRAEAQVK_HLA-A*03:01,tcr920,0
vdjdb_full_10243,RLRAEAQVK_HLA-A*03:01,tcr5041,1
vdjdb_full_10243_ss_2_n0,RLRAEAQVK_HLA-A*03:01,tcr5125,0
vdjdb_full_10155,RLRAEAQVK_HLA-A*03:01,tcr3459,1
vdjdb_full_10155_ss_2_n0,RLRAEAQVK_HLA-A*03:01,tcr16268,0
vdjdb_full_10119,RLRAEAQVK_HLA-A*03:01,tcr13894,1
vdjdb_full_10119_ss_2_n0,RLRAEAQVK_HLA-A*03:01,tcr10552,0
vdjdb_full_10009,RLRAEAQVK_HLA-A*03:01,tcr7341,1
vdjdb_full_10009_ss_2_n0,RLRAEAQVK_HLA-A*03:01,tcr1820,0
vdjdb_full_10218,RLRAEAQVK_HLA-A*03:01,tcr6211,1
vdjdb_full_10218_ss_2_n0,RLRAEAQVK_HLA-A*03:01,tcr13848,0
vdjdb_full_10278,RLRAEAQVK_HLA-A*03:01,tcr8005,1
vdjdb_full_10278_ss_2_n0,RLRAEAQVK_HLA-A*03:01,tcr11449,0
vdjdb_full_10172,RLRAEAQVK_HLA-A*03:01,tcr10386,1
vdjdb_full_10172_ss_2_n0,RLRAEAQVK_HLA-A*03:01,tcr10105,0
vdjdb_full_9979,RLRAEAQVK_HLA-A*03:01,tcr18140,1
vdjdb_full_9979_ss_2_n0,RLRAEAQVK_HLA-A*03:01,tcr5052,0
vdjdb_full_10284,RLRAEAQVK_HLA-A*03:01,tcr1931,1
vdjdb_full_10284_ss_2_n0,RLRAEAQVK_HLA-A*03:01,tcr1344,0
vdjdb_full_10128,RLRAEAQVK_HLA-A*03:01,tcr8889,1
vdjdb_full_10128_ss_2_n0,RLRAEAQVK_HLA-A*03:01,tcr12425,0
vdjdb_full_10281,RLRAEAQVK_HLA-A*03:01,tcr17240,1
vdjdb_full_10281_ss_2_n0,RLRAEAQVK_HLA-A*03:01,tcr29,0
vdjdb_full_10300,RLRAEAQVK_HLA-A*03:01,tcr16679,1
vdjdb_full_10300_ss_2_n0,RLRAEAQVK_HLA-A*03:01,tcr685,0
vdjdb_full_10345,RLRAEAQVK_HLA-A*03:01,tcr12639,1
vdjdb_full_10345_ss_2_n0,RLRAEAQVK_HLA-A*03:01,tcr429,0
vdjdb_full_10015,RLRAEAQVK_HLA-A*03:01,tcr15689,1
vdjdb_full_10015_ss_2_n0,RLRAEAQVK_HLA-A*03:01,tcr13362,0
vdjdb_full_9996,RLRAEAQVK_HLA-A*03:01,tcr10939,1
vdjdb_full_9996_ss_2_n0,RLRAEAQVK_HLA-A*03:01,tcr12732,0
vdjdb_full_10360,RLRAEAQVK_HLA-A*03:01,tcr15475,1
vdjdb_full_10360_ss_2_n0,RLRAEAQVK_HLA-A*03:01,tcr12487,0
vdjdb_full_10000,RLRAEAQVK_HLA-A*03:01,tcr14718,1
vdjdb_full_10000_ss_2_n0,RLRAEAQVK_HLA-A*03:01,tcr12337,0
vdjdb_full_10145,RLRAEAQVK_HLA-A*03:01,tcr10257,1
vdjdb_full_10145_ss_2_n0,RLRAEAQVK_HLA-A*03:01,tcr10033,0
vdjdb_full_10116,RLRAEAQVK_HLA-A*03:01,tcr4363,1
vdjdb_full_10116_ss_2_n0,RLRAEAQVK_HLA-A*03:01,tcr10936,0
vdjdb_full_10079,RLRAEAQVK_HLA-A*03:01,tcr2334,1
vdjdb_full_10079_ss_2_n0,RLRAEAQVK_HLA-A*03:01,tcr16291,0
vdjdb_full_10034,RLRAEAQVK_HLA-A*03:01,tcr9666,1
vdjdb_full_10034_ss_2_n0,RLRAEAQVK_HLA-A*03:01,tcr2720,0
vdjdb_full_10103,RLRAEAQVK_HLA-A*03:01,tcr4035,1
vdjdb_full_10103_ss_2_n0,RLRAEAQVK_HLA-A*03:01,tcr723,0
vdjdb_full_10078,RLRAEAQVK_HLA-A*03:01,tcr9241,1
vdjdb_full_10078_ss_2_n0,RLRAEAQVK_HLA-A*03:01,tcr3398,0
vdjdb_full_10161,RLRAEAQVK_HLA-A*03:01,tcr4356,1
vdjdb_full_10161_ss_2_n0,RLRAEAQVK_HLA-A*03:01,tcr370,0
vdjdb_full_9975,RLRAEAQVK_HLA-A*03:01,tcr12621,1
vdjdb_full_9975_ss_2_n0,RLRAEAQVK_HLA-A*03:01,tcr2900,0
vdjdb_full_10301,RLRAEAQVK_HLA-A*03:01,tcr5718,1
vdjdb_full_10301_ss_2_n0,RLRAEAQVK_HLA-A*03:01,tcr12357,0
vdjdb_full_10368,RLRAEAQVK_HLA-A*03:01,tcr716,1
vdjdb_full_10368_ss_2_n0,RLRAEAQVK_HLA-A*03:01,tcr13774,0
vdjdb_full_10092,RLRAEAQVK_HLA-A*03:01,tcr7771,1
vdjdb_full_10092_ss_2_n0,RLRAEAQVK_HLA-A*03:01,tcr18188,0
vdjdb_full_10268,RLRAEAQVK_HLA-A*03:01,tcr8375,1
vdjdb_full_10268_ss_2_n0,RLRAEAQVK_HLA-A*03:01,tcr2101,0
vdjdb_full_10141,RLRAEAQVK_HLA-A*03:01,tcr16143,1
vdjdb_full_10141_ss_2_n0,RLRAEAQVK_HLA-A*03:01,tcr6014,0
vdjdb_full_10059,RLRAEAQVK_HLA-A*03:01,tcr3655,1
vdjdb_full_10059_ss_2_n0,RLRAEAQVK_HLA-A*03:01,tcr2135,0
vdjdb_full_10075,RLRAEAQVK_HLA-A*03:01,tcr10899,1
vdjdb_full_10075_ss_2_n0,RLRAEAQVK_HLA-A*03:01,tcr8356,0
vdjdb_full_10026,RLRAEAQVK_HLA-A*03:01,tcr11094,1
vdjdb_full_10026_ss_2_n0,RLRAEAQVK_HLA-A*03:01,tcr14674,0
vdjdb_full_10074,RLRAEAQVK_HLA-A*03:01,tcr17976,1
vdjdb_full_10074_ss_2_n0,RLRAEAQVK_HLA-A*03:01,tcr15444,0
vdjdb_full_10150,RLRAEAQVK_HLA-A*03:01,tcr14971,1
vdjdb_full_10150_ss_2_n0,RLRAEAQVK_HLA-A*03:01,tcr14150,0
vdjdb_full_9976,RLRAEAQVK_HLA-A*03:01,tcr17506,1
vdjdb_full_9976_ss_2_n0,RLRAEAQVK_HLA-A*03:01,tcr1707,0
vdjdb_full_10146,RLRAEAQVK_HLA-A*03:01,tcr15245,1
vdjdb_full_10146_ss_2_n0,RLRAEAQVK_HLA-A*03:01,tcr14706,0
vdjdb_full_10163,RLRAEAQVK_HLA-A*03:01,tcr1279,1
vdjdb_full_10163_ss_2_n0,RLRAEAQVK_HLA-A*03:01,tcr7864,0
vdjdb_full_10095,RLRAEAQVK_HLA-A*03:01,tcr11370,1
vdjdb_full_10095_ss_2_n0,RLRAEAQVK_HLA-A*03:01,tcr11619,0
vdjdb_full_10048,RLRAEAQVK_HLA-A*03:01,tcr17737,1
vdjdb_full_10048_ss_2_n0,RLRAEAQVK_HLA-A*03:01,tcr7064,0
vdjdb_full_10333,RLRAEAQVK_HLA-A*03:01,tcr1386,1
vdjdb_full_10333_ss_2_n0,RLRAEAQVK_HLA-A*03:01,tcr5506,0
vdjdb_full_10111,RLRAEAQVK_HLA-A*03:01,tcr7155,1
vdjdb_full_10111_ss_2_n0,RLRAEAQVK_HLA-A*03:01,tcr13319,0
vdjdb_full_10204,RLRAEAQVK_HLA-A*03:01,tcr7092,1
vdjdb_full_10204_ss_2_n0,RLRAEAQVK_HLA-A*03:01,tcr7365,0
vdjdb_full_10041,RLRAEAQVK_HLA-A*03:01,tcr2804,1
vdjdb_full_10041_ss_2_n0,RLRAEAQVK_HLA-A*03:01,tcr17633,0
vdjdb_full_10058,RLRAEAQVK_HLA-A*03:01,tcr12606,1
vdjdb_full_10058_ss_2_n0,RLRAEAQVK_HLA-A*03:01,tcr15017,0
vdjdb_full_10031,RLRAEAQVK_HLA-A*03:01,tcr16864,1
vdjdb_full_10031_ss_2_n0,RLRAEAQVK_HLA-A*03:01,tcr4827,0
vdjdb_full_9981,RLRAEAQVK_HLA-A*03:01,tcr2824,1
vdjdb_full_9981_ss_2_n0,RLRAEAQVK_HLA-A*03:01,tcr2442,0
vdjdb_full_9991,RLRAEAQVK_HLA-A*03:01,tcr170,1
vdjdb_full_9991_ss_2_n0,RLRAEAQVK_HLA-A*03:01,tcr11062,0
vdjdb_full_10136,RLRAEAQVK_HLA-A*03:01,tcr593,1
vdjdb_full_10136_ss_2_n0,RLRAEAQVK_HLA-A*03:01,tcr14317,0
vdjdb_full_10170,RLRAEAQVK_HLA-A*03:01,tcr16682,1
vdjdb_full_10170_ss_2_n0,RLRAEAQVK_HLA-A*03:01,tcr888,0
vdjdb_full_10174,RLRAEAQVK_HLA-A*03:01,tcr18230,1
vdjdb_full_10174_ss_2_n0,RLRAEAQVK_HLA-A*03:01,tcr16310,0
vdjdb_full_10022,RLRAEAQVK_HLA-A*03:01,tcr6302,1
vdjdb_full_10022_ss_2_n0,RLRAEAQVK_HLA-A*03:01,tcr12273,0
vdjdb_full_10032,RLRAEAQVK_HLA-A*03:01,tcr8122,1
vdjdb_full_10032_ss_2_n0,RLRAEAQVK_HLA-A*03:01,tcr7129,0
vdjdb_full_10096,RLRAEAQVK_HLA-A*03:01,tcr7907,1
vdjdb_full_10096_ss_2_n0,RLRAEAQVK_HLA-A*03:01,tcr13651,0
vdjdb_full_10201,RLRAEAQVK_HLA-A*03:01,tcr6754,1
vdjdb_full_10201_ss_2_n0,RLRAEAQVK_HLA-A*03:01,tcr7538,0
vdjdb_full_10364,RLRAEAQVK_HLA-A*03:01,tcr4698,1
vdjdb_full_10364_ss_2_n0,RLRAEAQVK_HLA-A*03:01,tcr12342,0
vdjdb_full_10185,RLRAEAQVK_HLA-A*03:01,tcr8511,1
vdjdb_full_10185_ss_2_n0,RLRAEAQVK_HLA-A*03:01,tcr16935,0
vdjdb_full_10334,RLRAEAQVK_HLA-A*03:01,tcr12847,1
vdjdb_full_10334_ss_2_n0,RLRAEAQVK_HLA-A*03:01,tcr14586,0
vdjdb_full_10190,RLRAEAQVK_HLA-A*03:01,tcr7299,1
vdjdb_full_10190_ss_2_n0,RLRAEAQVK_HLA-A*03:01,tcr2425,0
vdjdb_full_10359,RLRAEAQVK_HLA-A*03:01,tcr16693,1
vdjdb_full_10359_ss_2_n0,RLRAEAQVK_HLA-A*03:01,tcr16399,0
vdjdb_full_10180,RLRAEAQVK_HLA-A*03:01,tcr14982,1
vdjdb_full_10180_ss_2_n0,RLRAEAQVK_HLA-A*03:01,tcr14505,0
vdjdb_full_10258,RLRAEAQVK_HLA-A*03:01,tcr4739,1
vdjdb_full_10258_ss_2_n0,RLRAEAQVK_HLA-A*03:01,tcr11729,0
vdjdb_full_10005,RLRAEAQVK_HLA-A*03:01,tcr8461,1
vdjdb_full_10005_ss_2_n0,RLRAEAQVK_HLA-A*03:01,tcr14376,0
vdjdb_full_10047,RLRAEAQVK_HLA-A*03:01,tcr11542,1
vdjdb_full_10047_ss_2_n0,RLRAEAQVK_HLA-A*03:01,tcr5731,0
vdjdb_full_10086,RLRAEAQVK_HLA-A*03:01,tcr5083,1
vdjdb_full_10086_ss_2_n0,RLRAEAQVK_HLA-A*03:01,tcr5424,0
vdjdb_full_10249,RLRAEAQVK_HLA-A*03:01,tcr6922,1
vdjdb_full_10249_ss_2_n0,RLRAEAQVK_HLA-A*03:01,tcr8438,0
vdjdb_full_10113,RLRAEAQVK_HLA-A*03:01,tcr11119,1
vdjdb_full_10113_ss_2_n0,RLRAEAQVK_HLA-A*03:01,tcr8181,0
vdjdb_full_9968,RLRAEAQVK_HLA-A*03:01,tcr7130,1
vdjdb_full_9968_ss_2_n0,RLRAEAQVK_HLA-A*03:01,tcr16742,0
vdjdb_full_10084,RLRAEAQVK_HLA-A*03:01,tcr3189,1
vdjdb_full_10084_ss_2_n0,RLRAEAQVK_HLA-A*03:01,tcr18301,0
vdjdb_full_10117,RLRAEAQVK_HLA-A*03:01,tcr12660,1
vdjdb_full_10117_ss_2_n0,RLRAEAQVK_HLA-A*03:01,tcr15904,0
vdjdb_full_10003,RLRAEAQVK_HLA-A*03:01,tcr7529,1
vdjdb_full_10003_ss_2_n0,RLRAEAQVK_HLA-A*03:01,tcr8345,0
vdjdb_full_10018,RLRAEAQVK_HLA-A*03:01,tcr13964,1
vdjdb_full_10018_ss_2_n0,RLRAEAQVK_HLA-A*03:01,tcr11721,0
vdjdb_full_10341,RLRAEAQVK_HLA-A*03:01,tcr1638,1
vdjdb_full_10341_ss_2_n0,RLRAEAQVK_HLA-A*03:01,tcr238,0
vdjdb_full_10191,RLRAEAQVK_HLA-A*03:01,tcr16028,1
vdjdb_full_10191_ss_2_n0,RLRAEAQVK_HLA-A*03:01,tcr3051,0
vdjdb_full_10179,RLRAEAQVK_HLA-A*03:01,tcr6162,1
vdjdb_full_10179_ss_2_n0,RLRAEAQVK_HLA-A*03:01,tcr5970,0
vdjdb_full_10065,RLRAEAQVK_HLA-A*03:01,tcr16104,1
vdjdb_full_10065_ss_2_n0,RLRAEAQVK_HLA-A*03:01,tcr16460,0
vdjdb_full_10355,RLRAEAQVK_HLA-A*03:01,tcr11854,1
vdjdb_full_10355_ss_2_n0,RLRAEAQVK_HLA-A*03:01,tcr412,0
vdjdb_full_10239,RLRAEAQVK_HLA-A*03:01,tcr16422,1
vdjdb_full_10239_ss_2_n0,RLRAEAQVK_HLA-A*03:01,tcr12985,0
vdjdb_full_9988,RLRAEAQVK_HLA-A*03:01,tcr7400,1
vdjdb_full_9988_ss_2_n0,RLRAEAQVK_HLA-A*03:01,tcr11980,0
vdjdb_full_9987,RLRAEAQVK_HLA-A*03:01,tcr3027,1
vdjdb_full_9987_ss_2_n0,RLRAEAQVK_HLA-A*03:01,tcr16935,0
vdjdb_full_10323,RLRAEAQVK_HLA-A*03:01,tcr14520,1
vdjdb_full_10323_ss_2_n0,RLRAEAQVK_HLA-A*03:01,tcr4462,0
vdjdb_full_10230,RLRAEAQVK_HLA-A*03:01,tcr12356,1
vdjdb_full_10230_ss_2_n0,RLRAEAQVK_HLA-A*03:01,tcr847,0
vdjdb_full_10135,RLRAEAQVK_HLA-A*03:01,tcr16224,1
vdjdb_full_10135_ss_2_n0,RLRAEAQVK_HLA-A*03:01,tcr3801,0
vdjdb_full_10292,RLRAEAQVK_HLA-A*03:01,tcr3264,1
vdjdb_full_10292_ss_2_n0,RLRAEAQVK_HLA-A*03:01,tcr14444,0
vdjdb_full_10370,RLRAEAQVK_HLA-A*03:01,tcr5517,1
vdjdb_full_10370_ss_2_n0,RLRAEAQVK_HLA-A*03:01,tcr14442,0
vdjdb_full_10247,RLRAEAQVK_HLA-A*03:01,tcr5630,1
vdjdb_full_10247_ss_2_n0,RLRAEAQVK_HLA-A*03:01,tcr12577,0
vdjdb_full_9972,RLRAEAQVK_HLA-A*03:01,tcr15026,1
vdjdb_full_9972_ss_2_n0,RLRAEAQVK_HLA-A*03:01,tcr9133,0
vdjdb_full_9998,RLRAEAQVK_HLA-A*03:01,tcr15892,1
vdjdb_full_9998_ss_2_n0,RLRAEAQVK_HLA-A*03:01,tcr9147,0
vdjdb_full_10219,RLRAEAQVK_HLA-A*03:01,tcr7996,1
vdjdb_full_10219_ss_2_n0,RLRAEAQVK_HLA-A*03:01,tcr13013,0
vdjdb_full_10077,RLRAEAQVK_HLA-A*03:01,tcr11845,1
vdjdb_full_10077_ss_2_n0,RLRAEAQVK_HLA-A*03:01,tcr7182,0
vdjdb_full_10107,RLRAEAQVK_HLA-A*03:01,tcr17700,1
vdjdb_full_10107_ss_2_n0,RLRAEAQVK_HLA-A*03:01,tcr16074,0
vdjdb_full_10276,RLRAEAQVK_HLA-A*03:01,tcr15137,1
vdjdb_full_10276_ss_2_n0,RLRAEAQVK_HLA-A*03:01,tcr15474,0
vdjdb_full_10016,RLRAEAQVK_HLA-A*03:01,tcr10435,1
vdjdb_full_10016_ss_2_n0,RLRAEAQVK_HLA-A*03:01,tcr10768,0
vdjdb_full_8579,NLVPMVATV_HLA-A*02:01,tcr4143,1
vdjdb_full_8579_ss_2_n0,NLVPMVATV_HLA-A*02:01,tcr11874,0
vdjdb_full_8463,NLVPMVATV_HLA-A*02:01,tcr10335,1
vdjdb_full_8463_ss_2_n0,NLVPMVATV_HLA-A*02:01,tcr17341,0
vdjdb_full_8398,NLVPMVATV_HLA-A*02:01,tcr17619,1
vdjdb_full_8398_ss_2_n0,NLVPMVATV_HLA-A*02:01,tcr811,0
vdjdb_full_8504,NLVPMVATV_HLA-A*02:01,tcr12243,1
vdjdb_full_8504_ss_2_n0,NLVPMVATV_HLA-A*02:01,tcr1894,0
vdjdb_full_8456,NLVPMVATV_HLA-A*02:01,tcr12696,1
vdjdb_full_8456_ss_2_n0,NLVPMVATV_HLA-A*02:01,tcr4361,0
vdjdb_full_8474,NLVPMVATV_HLA-A*02:01,tcr14776,1
vdjdb_full_8474_ss_2_n0,NLVPMVATV_HLA-A*02:01,tcr15904,0
vdjdb_full_8382,NLVPMVATV_HLA-A*02:01,tcr17420,1
vdjdb_full_8382_ss_2_n0,NLVPMVATV_HLA-A*02:01,tcr2255,0
vdjdb_full_8406,NLVPMVATV_HLA-A*02:01,tcr9295,1
vdjdb_full_8406_ss_2_n0,NLVPMVATV_HLA-A*02:01,tcr13777,0
vdjdb_full_8591,NLVPMVATV_HLA-A*02:01,tcr5397,1
vdjdb_full_8591_ss_2_n0,NLVPMVATV_HLA-A*02:01,tcr1931,0
vdjdb_full_8419,NLVPMVATV_HLA-A*02:01,tcr914,1
vdjdb_full_8419_ss_2_n0,NLVPMVATV_HLA-A*02:01,tcr16261,0
vdjdb_full_8420,NLVPMVATV_HLA-A*02:01,tcr10815,1
vdjdb_full_8420_ss_2_n0,NLVPMVATV_HLA-A*02:01,tcr16081,0
vdjdb_full_8560,NLVPMVATV_HLA-A*02:01,tcr1973,1
vdjdb_full_8560_ss_2_n0,NLVPMVATV_HLA-A*02:01,tcr7993,0
vdjdb_full_8575,NLVPMVATV_HLA-A*02:01,tcr9252,1
vdjdb_full_8575_ss_2_n0,NLVPMVATV_HLA-A*02:01,tcr10463,0
vdjdb_full_8536,NLVPMVATV_HLA-A*02:01,tcr6766,1
vdjdb_full_8536_ss_2_n0,NLVPMVATV_HLA-A*02:01,tcr10909,0
vdjdb_full_8465,NLVPMVATV_HLA-A*02:01,tcr16299,1
vdjdb_full_8465_ss_2_n0,NLVPMVATV_HLA-A*02:01,tcr762,0
vdjdb_full_8385,NLVPMVATV_HLA-A*02:01,tcr7998,1
vdjdb_full_8385_ss_2_n0,NLVPMVATV_HLA-A*02:01,tcr817,0
vdjdb_full_8653,NLVPMVATV_HLA-A*02:01,tcr611,1
vdjdb_full_8653_ss_2_n0,NLVPMVATV_HLA-A*02:01,tcr13308,0
vdjdb_full_8423,NLVPMVATV_HLA-A*02:01,tcr10864,1
vdjdb_full_8423_ss_2_n0,NLVPMVATV_HLA-A*02:01,tcr6683,0
vdjdb_full_8672,NLVPMVATV_HLA-A*02:01,tcr8182,1
vdjdb_full_8672_ss_2_n0,NLVPMVATV_HLA-A*02:01,tcr11006,0
vdjdb_full_8466,NLVPMVATV_HLA-A*02:01,tcr10178,1
vdjdb_full_8466_ss_2_n0,NLVPMVATV_HLA-A*02:01,tcr15890,0
vdjdb_full_8585,NLVPMVATV_HLA-A*02:01,tcr3487,1
vdjdb_full_8585_ss_2_n0,NLVPMVATV_HLA-A*02:01,tcr17449,0
vdjdb_full_8400,NLVPMVATV_HLA-A*02:01,tcr9215,1
vdjdb_full_8400_ss_2_n0,NLVPMVATV_HLA-A*02:01,tcr2019,0
vdjdb_full_8547,NLVPMVATV_HLA-A*02:01,tcr5651,1
vdjdb_full_8547_ss_2_n0,NLVPMVATV_HLA-A*02:01,tcr7856,0
vdjdb_full_8435,NLVPMVATV_HLA-A*02:01,tcr11271,1
vdjdb_full_8435_ss_2_n0,NLVPMVATV_HLA-A*02:01,tcr14190,0
vdjdb_full_8642,NLVPMVATV_HLA-A*02:01,tcr6867,1
vdjdb_full_8642_ss_2_n0,NLVPMVATV_HLA-A*02:01,tcr17189,0
vdjdb_full_8367,NLVPMVATV_HLA-A*02:01,tcr10341,1
vdjdb_full_8367_ss_2_n0,NLVPMVATV_HLA-A*02:01,tcr1976,0
vdjdb_full_8607,NLVPMVATV_HLA-A*02:01,tcr12841,1
vdjdb_full_8607_ss_2_n0,NLVPMVATV_HLA-A*02:01,tcr8995,0
vdjdb_full_8348,NLVPMVATV_HLA-A*02:01,tcr238,1
vdjdb_full_8348_ss_2_n0,NLVPMVATV_HLA-A*02:01,tcr11205,0
vdjdb_full_8439,NLVPMVATV_HLA-A*02:01,tcr12587,1
vdjdb_full_8439_ss_2_n0,NLVPMVATV_HLA-A*02:01,tcr13450,0
vdjdb_full_8438,NLVPMVATV_HLA-A*02:01,tcr15082,1
vdjdb_full_8438_ss_2_n0,NLVPMVATV_HLA-A*02:01,tcr13572,0
vdjdb_full_8708,NLVPMVATV_HLA-A*02:01,tcr18082,1
vdjdb_full_8708_ss_2_n0,NLVPMVATV_HLA-A*02:01,tcr16538,0
vdjdb_full_8502,NLVPMVATV_HLA-A*02:01,tcr10655,1
vdjdb_full_8502_ss_2_n0,NLVPMVATV_HLA-A*02:01,tcr6851,0
vdjdb_full_8561,NLVPMVATV_HLA-A*02:01,tcr10328,1
vdjdb_full_8561_ss_2_n0,NLVPMVATV_HLA-A*02:01,tcr15626,0
vdjdb_full_8364,NLVPMVATV_HLA-A*02:01,tcr2818,1
vdjdb_full_8364_ss_2_n0,NLVPMVATV_HLA-A*02:01,tcr13268,0
vdjdb_full_8460,NLVPMVATV_HLA-A*02:01,tcr2914,1
vdjdb_full_8460_ss_2_n0,NLVPMVATV_HLA-A*02:01,tcr5821,0
vdjdb_full_8596,NLVPMVATV_HLA-A*02:01,tcr6315,1
vdjdb_full_8596_ss_2_n0,NLVPMVATV_HLA-A*02:01,tcr14477,0
vdjdb_full_8399,NLVPMVATV_HLA-A*02:01,tcr88,1
vdjdb_full_8399_ss_2_n0,NLVPMVATV_HLA-A*02:01,tcr2728,0
vdjdb_full_8501,NLVPMVATV_HLA-A*02:01,tcr12070,1
vdjdb_full_8501_ss_2_n0,NLVPMVATV_HLA-A*02:01,tcr2249,0
vdjdb_full_8372,NLVPMVATV_HLA-A*02:01,tcr14369,1
vdjdb_full_8372_ss_2_n0,NLVPMVATV_HLA-A*02:01,tcr12900,0
vdjdb_full_8388,NLVPMVATV_HLA-A*02:01,tcr17112,1
vdjdb_full_8388_ss_2_n0,NLVPMVATV_HLA-A*02:01,tcr6546,0
vdjdb_full_8447,NLVPMVATV_HLA-A*02:01,tcr9737,1
vdjdb_full_8447_ss_2_n0,NLVPMVATV_HLA-A*02:01,tcr16679,0
vdjdb_full_8461,NLVPMVATV_HLA-A*02:01,tcr13741,1
vdjdb_full_8461_ss_2_n0,NLVPMVATV_HLA-A*02:01,tcr12306,0
vdjdb_full_8632,NLVPMVATV_HLA-A*02:01,tcr2828,1
vdjdb_full_8632_ss_2_n0,NLVPMVATV_HLA-A*02:01,tcr14786,0
vdjdb_full_8485,NLVPMVATV_HLA-A*02:01,tcr7207,1
vdjdb_full_8485_ss_2_n0,NLVPMVATV_HLA-A*02:01,tcr15026,0
vdjdb_full_8344,NLVPMVATV_HLA-A*02:01,tcr13100,1
vdjdb_full_8344_ss_2_n0,NLVPMVATV_HLA-A*02:01,tcr13004,0
vdjdb_full_8570,NLVPMVATV_HLA-A*02:01,tcr1219,1
vdjdb_full_8570_ss_2_n0,NLVPMVATV_HLA-A*02:01,tcr8324,0
vdjdb_full_8698,NLVPMVATV_HLA-A*02:01,tcr13686,1
vdjdb_full_8698_ss_2_n0,NLVPMVATV_HLA-A*02:01,tcr12113,0
vdjdb_full_8696,NLVPMVATV_HLA-A*02:01,tcr13395,1
vdjdb_full_8696_ss_2_n0,NLVPMVATV_HLA-A*02:01,tcr17357,0
vdjdb_full_8553,NLVPMVATV_HLA-A*02:01,tcr4384,1
vdjdb_full_8553_ss_2_n0,NLVPMVATV_HLA-A*02:01,tcr2081,0
vdjdb_full_8516,NLVPMVATV_HLA-A*02:01,tcr7267,1
vdjdb_full_8516_ss_2_n0,NLVPMVATV_HLA-A*02:01,tcr16824,0
vdjdb_full_8680,NLVPMVATV_HLA-A*02:01,tcr18403,1
vdjdb_full_8680_ss_2_n0,NLVPMVATV_HLA-A*02:01,tcr3657,0
vdjdb_full_8507,NLVPMVATV_HLA-A*02:01,tcr6533,1
vdjdb_full_8507_ss_2_n0,NLVPMVATV_HLA-A*02:01,tcr6785,0
vdjdb_full_8342,NLVPMVATV_HLA-A*02:01,tcr12880,1
vdjdb_full_8342_ss_2_n0,NLVPMVATV_HLA-A*02:01,tcr7130,0
vdjdb_full_8455,NLVPMVATV_HLA-A*02:01,tcr14874,1
vdjdb_full_8455_ss_2_n0,NLVPMVATV_HLA-A*02:01,tcr14583,0
vdjdb_full_8416,NLVPMVATV_HLA-A*02:01,tcr17582,1
vdjdb_full_8416_ss_2_n0,NLVPMVATV_HLA-A*02:01,tcr615,0
vdjdb_full_8661,NLVPMVATV_HLA-A*02:01,tcr9166,1
vdjdb_full_8661_ss_2_n0,NLVPMVATV_HLA-A*02:01,tcr13635,0
vdjdb_full_8700,NLVPMVATV_HLA-A*02:01,tcr11247,1
vdjdb_full_8700_ss_2_n0,NLVPMVATV_HLA-A*02:01,tcr6703,0
vdjdb_full_8389,NLVPMVATV_HLA-A*02:01,tcr3623,1
vdjdb_full_8389_ss_2_n0,NLVPMVATV_HLA-A*02:01,tcr4176,0
vdjdb_full_8669,NLVPMVATV_HLA-A*02:01,tcr3600,1
vdjdb_full_8669_ss_2_n0,NLVPMVATV_HLA-A*02:01,tcr11802,0
vdjdb_full_8417,NLVPMVATV_HLA-A*02:01,tcr16055,1
vdjdb_full_8417_ss_2_n0,NLVPMVATV_HLA-A*02:01,tcr13308,0
vdjdb_full_8574,NLVPMVATV_HLA-A*02:01,tcr13188,1
vdjdb_full_8574_ss_2_n0,NLVPMVATV_HLA-A*02:01,tcr12383,0
vdjdb_full_8514,NLVPMVATV_HLA-A*02:01,tcr3116,1
vdjdb_full_8514_ss_2_n0,NLVPMVATV_HLA-A*02:01,tcr9680,0
vdjdb_full_8375,NLVPMVATV_HLA-A*02:01,tcr14095,1
vdjdb_full_8375_ss_2_n0,NLVPMVATV_HLA-A*02:01,tcr9975,0
vdjdb_full_8665,NLVPMVATV_HLA-A*02:01,tcr9164,1
vdjdb_full_8665_ss_2_n0,NLVPMVATV_HLA-A*02:01,tcr15666,0
vdjdb_full_8599,NLVPMVATV_HLA-A*02:01,tcr11564,1
vdjdb_full_8599_ss_2_n0,NLVPMVATV_HLA-A*02:01,tcr4305,0
vdjdb_full_8421,NLVPMVATV_HLA-A*02:01,tcr6141,1
vdjdb_full_8421_ss_2_n0,NLVPMVATV_HLA-A*02:01,tcr10551,0
vdjdb_full_8506,NLVPMVATV_HLA-A*02:01,tcr9043,1
vdjdb_full_8506_ss_2_n0,NLVPMVATV_HLA-A*02:01,tcr18230,0
vdjdb_full_8533,NLVPMVATV_HLA-A*02:01,tcr6340,1
vdjdb_full_8533_ss_2_n0,NLVPMVATV_HLA-A*02:01,tcr13687,0
vdjdb_full_8495,NLVPMVATV_HLA-A*02:01,tcr16121,1
vdjdb_full_8495_ss_2_n0,NLVPMVATV_HLA-A*02:01,tcr951,0
vdjdb_full_8617,NLVPMVATV_HLA-A*02:01,tcr5192,1
vdjdb_full_8617_ss_2_n0,NLVPMVATV_HLA-A*02:01,tcr3044,0
vdjdb_full_8683,NLVPMVATV_HLA-A*02:01,tcr5782,1
vdjdb_full_8683_ss_2_n0,NLVPMVATV_HLA-A*02:01,tcr5865,0
vdjdb_full_8530,NLVPMVATV_HLA-A*02:01,tcr6410,1
vdjdb_full_8530_ss_2_n0,NLVPMVATV_HLA-A*02:01,tcr3332,0
vdjdb_full_8697,NLVPMVATV_HLA-A*02:01,tcr284,1
vdjdb_full_8697_ss_2_n0,NLVPMVATV_HLA-A*02:01,tcr17189,0
vdjdb_full_8427,NLVPMVATV_HLA-A*02:01,tcr10661,1
vdjdb_full_8427_ss_2_n0,NLVPMVATV_HLA-A*02:01,tcr14091,0
vdjdb_full_8357,NLVPMVATV_HLA-A*02:01,tcr3325,1
vdjdb_full_8357_ss_2_n0,NLVPMVATV_HLA-A*02:01,tcr5148,0
vdjdb_full_8410,NLVPMVATV_HLA-A*02:01,tcr13644,1
vdjdb_full_8410_ss_2_n0,NLVPMVATV_HLA-A*02:01,tcr16205,0
vdjdb_full_8480,NLVPMVATV_HLA-A*02:01,tcr14297,1
vdjdb_full_8480_ss_2_n0,NLVPMVATV_HLA-A*02:01,tcr11523,0
vdjdb_full_8346,NLVPMVATV_HLA-A*02:01,tcr1121,1
vdjdb_full_8346_ss_2_n0,NLVPMVATV_HLA-A*02:01,tcr7261,0
vdjdb_full_8650,NLVPMVATV_HLA-A*02:01,tcr3831,1
vdjdb_full_8650_ss_2_n0,NLVPMVATV_HLA-A*02:01,tcr14950,0
vdjdb_full_8454,NLVPMVATV_HLA-A*02:01,tcr9963,1
vdjdb_full_8454_ss_2_n0,NLVPMVATV_HLA-A*02:01,tcr7703,0
vdjdb_full_8667,NLVPMVATV_HLA-A*02:01,tcr3398,1
vdjdb_full_8667_ss_2_n0,NLVPMVATV_HLA-A*02:01,tcr10231,0
vdjdb_full_8691,NLVPMVATV_HLA-A*02:01,tcr8114,1
vdjdb_full_8691_ss_2_n0,NLVPMVATV_HLA-A*02:01,tcr2902,0
vdjdb_full_8429,NLVPMVATV_HLA-A*02:01,tcr6191,1
vdjdb_full_8429_ss_2_n0,NLVPMVATV_HLA-A*02:01,tcr3814,0
vdjdb_full_8641,NLVPMVATV_HLA-A*02:01,tcr11561,1
vdjdb_full_8641_ss_2_n0,NLVPMVATV_HLA-A*02:01,tcr2824,0
vdjdb_full_8631,NLVPMVATV_HLA-A*02:01,tcr14936,1
vdjdb_full_8631_ss_2_n0,NLVPMVATV_HLA-A*02:01,tcr11126,0
vdjdb_full_8657,NLVPMVATV_HLA-A*02:01,tcr5537,1
vdjdb_full_8657_ss_2_n0,NLVPMVATV_HLA-A*02:01,tcr12830,0
vdjdb_full_8403,NLVPMVATV_HLA-A*02:01,tcr15795,1
vdjdb_full_8403_ss_2_n0,NLVPMVATV_HLA-A*02:01,tcr7338,0
vdjdb_full_8554,NLVPMVATV_HLA-A*02:01,tcr3528,1
vdjdb_full_8554_ss_2_n0,NLVPMVATV_HLA-A*02:01,tcr17622,0
vdjdb_full_8600,NLVPMVATV_HLA-A*02:01,tcr244,1
vdjdb_full_8600_ss_2_n0,NLVPMVATV_HLA-A*02:01,tcr635,0
vdjdb_full_8681,NLVPMVATV_HLA-A*02:01,tcr4341,1
vdjdb_full_8681_ss_2_n0,NLVPMVATV_HLA-A*02:01,tcr5483,0
vdjdb_full_8562,NLVPMVATV_HLA-A*02:01,tcr11849,1
vdjdb_full_8562_ss_2_n0,NLVPMVATV_HLA-A*02:01,tcr10708,0
vdjdb_full_8612,NLVPMVATV_HLA-A*02:01,tcr7487,1
vdjdb_full_8612_ss_2_n0,NLVPMVATV_HLA-A*02:01,tcr4316,0
vdjdb_full_8358,NLVPMVATV_HLA-A*02:01,tcr12765,1
vdjdb_full_8358_ss_2_n0,NLVPMVATV_HLA-A*02:01,tcr16336,0
vdjdb_full_8590,NLVPMVATV_HLA-A*02:01,tcr14400,1
vdjdb_full_8590_ss_2_n0,NLVPMVATV_HLA-A*02:01,tcr13831,0
vdjdb_full_8366,NLVPMVATV_HLA-A*02:01,tcr5006,1
vdjdb_full_8366_ss_2_n0,NLVPMVATV_HLA-A*02:01,tcr3265,0
vdjdb_full_8663,NLVPMVATV_HLA-A*02:01,tcr4547,1
vdjdb_full_8663_ss_2_n0,NLVPMVATV_HLA-A*02:01,tcr1298,0
vdjdb_full_8644,NLVPMVATV_HLA-A*02:01,tcr3739,1
vdjdb_full_8644_ss_2_n0,NLVPMVATV_HLA-A*02:01,tcr8349,0
vdjdb_full_8531,NLVPMVATV_HLA-A*02:01,tcr4862,1
vdjdb_full_8531_ss_2_n0,NLVPMVATV_HLA-A*02:01,tcr2902,0
vdjdb_full_8601,NLVPMVATV_HLA-A*02:01,tcr3556,1
vdjdb_full_8601_ss_2_n0,NLVPMVATV_HLA-A*02:01,tcr1730,0
vdjdb_full_8705,NLVPMVATV_HLA-A*02:01,tcr15997,1
vdjdb_full_8705_ss_2_n0,NLVPMVATV_HLA-A*02:01,tcr8751,0
vdjdb_full_9290,YVLDHLIVV_HLA-A*02:01,tcr12247,1
vdjdb_full_9290_ss_2_n0,YVLDHLIVV_HLA-A*02:01,tcr2513,0
vdjdb_full_9517,YVLDHLIVV_HLA-A*02:01,tcr9134,1
vdjdb_full_9517_ss_2_n0,YVLDHLIVV_HLA-A*02:01,tcr15800,0
vdjdb_full_9367,YVLDHLIVV_HLA-A*02:01,tcr8515,1
vdjdb_full_9367_ss_2_n0,YVLDHLIVV_HLA-A*02:01,tcr18346,0
vdjdb_full_9255,YVLDHLIVV_HLA-A*02:01,tcr5235,1
vdjdb_full_9255_ss_2_n0,YVLDHLIVV_HLA-A*02:01,tcr14004,0
vdjdb_full_9394,YVLDHLIVV_HLA-A*02:01,tcr12365,1
vdjdb_full_9394_ss_2_n0,YVLDHLIVV_HLA-A*02:01,tcr14748,0
vdjdb_full_9382,YVLDHLIVV_HLA-A*02:01,tcr485,1
vdjdb_full_9382_ss_2_n0,YVLDHLIVV_HLA-A*02:01,tcr9140,0
vdjdb_full_9221,YVLDHLIVV_HLA-A*02:01,tcr8030,1
vdjdb_full_9221_ss_2_n0,YVLDHLIVV_HLA-A*02:01,tcr2446,0
vdjdb_full_9443,YVLDHLIVV_HLA-A*02:01,tcr8218,1
vdjdb_full_9443_ss_2_n0,YVLDHLIVV_HLA-A*02:01,tcr6498,0
vdjdb_full_9392,YVLDHLIVV_HLA-A*02:01,tcr10449,1
vdjdb_full_9392_ss_2_n0,YVLDHLIVV_HLA-A*02:01,tcr12314,0
vdjdb_full_9204,YVLDHLIVV_HLA-A*02:01,tcr8530,1
vdjdb_full_9204_ss_2_n0,YVLDHLIVV_HLA-A*02:01,tcr5757,0
vdjdb_full_9299,YVLDHLIVV_HLA-A*02:01,tcr11700,1
vdjdb_full_9299_ss_2_n0,YVLDHLIVV_HLA-A*02:01,tcr13795,0
vdjdb_full_9420,YVLDHLIVV_HLA-A*02:01,tcr17718,1
vdjdb_full_9420_ss_2_n0,YVLDHLIVV_HLA-A*02:01,tcr16041,0
vdjdb_full_9512,YVLDHLIVV_HLA-A*02:01,tcr13285,1
vdjdb_full_9512_ss_2_n0,YVLDHLIVV_HLA-A*02:01,tcr6891,0
vdjdb_full_9242,YVLDHLIVV_HLA-A*02:01,tcr15584,1
vdjdb_full_9242_ss_2_n0,YVLDHLIVV_HLA-A*02:01,tcr4629,0
vdjdb_full_9325,YVLDHLIVV_HLA-A*02:01,tcr6545,1
vdjdb_full_9325_ss_2_n0,YVLDHLIVV_HLA-A*02:01,tcr8815,0
vdjdb_full_9261,YVLDHLIVV_HLA-A*02:01,tcr8589,1
vdjdb_full_9261_ss_2_n0,YVLDHLIVV_HLA-A*02:01,tcr115,0
vdjdb_full_9377,YVLDHLIVV_HLA-A*02:01,tcr1668,1
vdjdb_full_9377_ss_2_n0,YVLDHLIVV_HLA-A*02:01,tcr12025,0
vdjdb_full_9307,YVLDHLIVV_HLA-A*02:01,tcr7352,1
vdjdb_full_9307_ss_2_n0,YVLDHLIVV_HLA-A*02:01,tcr16958,0
vdjdb_full_9236,YVLDHLIVV_HLA-A*02:01,tcr5389,1
vdjdb_full_9236_ss_2_n0,YVLDHLIVV_HLA-A*02:01,tcr2446,0
vdjdb_full_9188,YVLDHLIVV_HLA-A*02:01,tcr5986,1
vdjdb_full_9188_ss_2_n0,YVLDHLIVV_HLA-A*02:01,tcr13392,0
vdjdb_full_9514,YVLDHLIVV_HLA-A*02:01,tcr10609,1
vdjdb_full_9514_ss_2_n0,YVLDHLIVV_HLA-A*02:01,tcr3837,0
vdjdb_full_9511,YVLDHLIVV_HLA-A*02:01,tcr93,1
vdjdb_full_9511_ss_2_n0,YVLDHLIVV_HLA-A*02:01,tcr11811,0
vdjdb_full_9501,YVLDHLIVV_HLA-A*02:01,tcr14101,1
vdjdb_full_9501_ss_2_n0,YVLDHLIVV_HLA-A*02:01,tcr10907,0
vdjdb_full_9293,YVLDHLIVV_HLA-A*02:01,tcr4774,1
vdjdb_full_9293_ss_2_n0,YVLDHLIVV_HLA-A*02:01,tcr5573,0
vdjdb_full_9288,YVLDHLIVV_HLA-A*02:01,tcr12086,1
vdjdb_full_9288_ss_2_n0,YVLDHLIVV_HLA-A*02:01,tcr2047,0
vdjdb_full_9313,YVLDHLIVV_HLA-A*02:01,tcr9453,1
vdjdb_full_9313_ss_2_n0,YVLDHLIVV_HLA-A*02:01,tcr171,0
vdjdb_full_9357,YVLDHLIVV_HLA-A*02:01,tcr16638,1
vdjdb_full_9357_ss_2_n0,YVLDHLIVV_HLA-A*02:01,tcr4831,0
vdjdb_full_9291,YVLDHLIVV_HLA-A*02:01,tcr14494,1
vdjdb_full_9291_ss_2_n0,YVLDHLIVV_HLA-A*02:01,tcr8914,0
vdjdb_full_9225,YVLDHLIVV_HLA-A*02:01,tcr17573,1
vdjdb_full_9225_ss_2_n0,YVLDHLIVV_HLA-A*02:01,tcr14158,0
vdjdb_full_9251,YVLDHLIVV_HLA-A*02:01,tcr17502,1
vdjdb_full_9251_ss_2_n0,YVLDHLIVV_HLA-A*02:01,tcr11850,0
vdjdb_full_9273,YVLDHLIVV_HLA-A*02:01,tcr17560,1
vdjdb_full_9273_ss_2_n0,YVLDHLIVV_HLA-A*02:01,tcr3352,0
vdjdb_full_9321,YVLDHLIVV_HLA-A*02:01,tcr9437,1
vdjdb_full_9321_ss_2_n0,YVLDHLIVV_HLA-A*02:01,tcr7217,0
vdjdb_full_9385,YVLDHLIVV_HLA-A*02:01,tcr8700,1
vdjdb_full_9385_ss_2_n0,YVLDHLIVV_HLA-A*02:01,tcr2941,0
vdjdb_full_9184,YVLDHLIVV_HLA-A*02:01,tcr18068,1
vdjdb_full_9184_ss_2_n0,YVLDHLIVV_HLA-A*02:01,tcr16652,0
vdjdb_full_9463,YVLDHLIVV_HLA-A*02:01,tcr13020,1
vdjdb_full_9463_ss_2_n0,YVLDHLIVV_HLA-A*02:01,tcr10552,0
vdjdb_full_9297,YVLDHLIVV_HLA-A*02:01,tcr5219,1
vdjdb_full_9297_ss_2_n0,YVLDHLIVV_HLA-A*02:01,tcr8441,0
vdjdb_full_9458,YVLDHLIVV_HLA-A*02:01,tcr2124,1
vdjdb_full_9458_ss_2_n0,YVLDHLIVV_HLA-A*02:01,tcr4135,0
vdjdb_full_9484,YVLDHLIVV_HLA-A*02:01,tcr7129,1
vdjdb_full_9484_ss_2_n0,YVLDHLIVV_HLA-A*02:01,tcr10289,0
vdjdb_full_9257,YVLDHLIVV_HLA-A*02:01,tcr9049,1
vdjdb_full_9257_ss_2_n0,YVLDHLIVV_HLA-A*02:01,tcr4979,0
vdjdb_full_9182,YVLDHLIVV_HLA-A*02:01,tcr17805,1
vdjdb_full_9182_ss_2_n0,YVLDHLIVV_HLA-A*02:01,tcr1713,0
vdjdb_full_9429,YVLDHLIVV_HLA-A*02:01,tcr3364,1
vdjdb_full_9429_ss_2_n0,YVLDHLIVV_HLA-A*02:01,tcr4012,0
vdjdb_full_9405,YVLDHLIVV_HLA-A*02:01,tcr4471,1
vdjdb_full_9405_ss_2_n0,YVLDHLIVV_HLA-A*02:01,tcr512,0
vdjdb_full_9386,YVLDHLIVV_HLA-A*02:01,tcr4521,1
vdjdb_full_9386_ss_2_n0,YVLDHLIVV_HLA-A*02:01,tcr1523,0
vdjdb_full_9378,YVLDHLIVV_HLA-A*02:01,tcr6859,1
vdjdb_full_9378_ss_2_n0,YVLDHLIVV_HLA-A*02:01,tcr5481,0
vdjdb_full_9476,YVLDHLIVV_HLA-A*02:01,tcr4850,1
vdjdb_full_9476_ss_2_n0,YVLDHLIVV_HLA-A*02:01,tcr12227,0
vdjdb_full_9234,YVLDHLIVV_HLA-A*02:01,tcr9764,1
vdjdb_full_9234_ss_2_n0,YVLDHLIVV_HLA-A*02:01,tcr182,0
vdjdb_full_9327,YVLDHLIVV_HLA-A*02:01,tcr9523,1
vdjdb_full_9327_ss_2_n0,YVLDHLIVV_HLA-A*02:01,tcr1023,0
vdjdb_full_9212,YVLDHLIVV_HLA-A*02:01,tcr11221,1
vdjdb_full_9212_ss_2_n0,YVLDHLIVV_HLA-A*02:01,tcr2930,0
vdjdb_full_9294,YVLDHLIVV_HLA-A*02:01,tcr17185,1
vdjdb_full_9294_ss_2_n0,YVLDHLIVV_HLA-A*02:01,tcr5083,0
vdjdb_full_9358,YVLDHLIVV_HLA-A*02:01,tcr1733,1
vdjdb_full_9358_ss_2_n0,YVLDHLIVV_HLA-A*02:01,tcr3932,0
vdjdb_full_9334,YVLDHLIVV_HLA-A*02:01,tcr2333,1
vdjdb_full_9334_ss_2_n0,YVLDHLIVV_HLA-A*02:01,tcr6489,0
vdjdb_full_9256,YVLDHLIVV_HLA-A*02:01,tcr918,1
vdjdb_full_9256_ss_2_n0,YVLDHLIVV_HLA-A*02:01,tcr8094,0
vdjdb_full_9504,YVLDHLIVV_HLA-A*02:01,tcr10315,1
vdjdb_full_9504_ss_2_n0,YVLDHLIVV_HLA-A*02:01,tcr15165,0
vdjdb_full_9502,YVLDHLIVV_HLA-A*02:01,tcr17313,1
vdjdb_full_9502_ss_2_n0,YVLDHLIVV_HLA-A*02:01,tcr11305,0
vdjdb_full_9263,YVLDHLIVV_HLA-A*02:01,tcr3043,1
vdjdb_full_9263_ss_2_n0,YVLDHLIVV_HLA-A*02:01,tcr11241,0
vdjdb_full_9364,YVLDHLIVV_HLA-A*02:01,tcr376,1
vdjdb_full_9364_ss_2_n0,YVLDHLIVV_HLA-A*02:01,tcr15030,0
vdjdb_full_9224,YVLDHLIVV_HLA-A*02:01,tcr6098,1
vdjdb_full_9224_ss_2_n0,YVLDHLIVV_HLA-A*02:01,tcr6141,0
vdjdb_full_9469,YVLDHLIVV_HLA-A*02:01,tcr9344,1
vdjdb_full_9469_ss_2_n0,YVLDHLIVV_HLA-A*02:01,tcr15730,0
vdjdb_full_9489,YVLDHLIVV_HLA-A*02:01,tcr16572,1
vdjdb_full_9489_ss_2_n0,YVLDHLIVV_HLA-A*02:01,tcr9164,0
vdjdb_full_9500,YVLDHLIVV_HLA-A*02:01,tcr3377,1
vdjdb_full_9500_ss_2_n0,YVLDHLIVV_HLA-A*02:01,tcr7253,0
vdjdb_full_9348,YVLDHLIVV_HLA-A*02:01,tcr9107,1
vdjdb_full_9348_ss_2_n0,YVLDHLIVV_HLA-A*02:01,tcr8345,0
vdjdb_full_9346,YVLDHLIVV_HLA-A*02:01,tcr1562,1
vdjdb_full_9346_ss_2_n0,YVLDHLIVV_HLA-A*02:01,tcr14440,0
vdjdb_full_9280,YVLDHLIVV_HLA-A*02:01,tcr14460,1
vdjdb_full_9280_ss_2_n0,YVLDHLIVV_HLA-A*02:01,tcr8107,0
vdjdb_full_9362,YVLDHLIVV_HLA-A*02:01,tcr6199,1
vdjdb_full_9362_ss_2_n0,YVLDHLIVV_HLA-A*02:01,tcr9416,0
vdjdb_full_9252,YVLDHLIVV_HLA-A*02:01,tcr8741,1
vdjdb_full_9252_ss_2_n0,YVLDHLIVV_HLA-A*02:01,tcr10981,0
vdjdb_full_9195,YVLDHLIVV_HLA-A*02:01,tcr6996,1
vdjdb_full_9195_ss_2_n0,YVLDHLIVV_HLA-A*02:01,tcr6264,0
vdjdb_full_9245,YVLDHLIVV_HLA-A*02:01,tcr7122,1
vdjdb_full_9245_ss_2_n0,YVLDHLIVV_HLA-A*02:01,tcr8890,0
vdjdb_full_9287,YVLDHLIVV_HLA-A*02:01,tcr16346,1
vdjdb_full_9287_ss_2_n0,YVLDHLIVV_HLA-A*02:01,tcr2493,0
vdjdb_full_9186,YVLDHLIVV_HLA-A*02:01,tcr11126,1
vdjdb_full_9186_ss_2_n0,YVLDHLIVV_HLA-A*02:01,tcr2152,0
vdjdb_full_9408,YVLDHLIVV_HLA-A*02:01,tcr7994,1
vdjdb_full_9408_ss_2_n0,YVLDHLIVV_HLA-A*02:01,tcr17388,0
vdjdb_full_9326,YVLDHLIVV_HLA-A*02:01,tcr12185,1
vdjdb_full_9326_ss_2_n0,YVLDHLIVV_HLA-A*02:01,tcr8294,0
vdjdb_full_9485,YVLDHLIVV_HLA-A*02:01,tcr121,1
vdjdb_full_9485_ss_2_n0,YVLDHLIVV_HLA-A*02:01,tcr1023,0
vdjdb_full_9481,YVLDHLIVV_HLA-A*02:01,tcr3486,1
vdjdb_full_9481_ss_2_n0,YVLDHLIVV_HLA-A*02:01,tcr17552,0
vdjdb_full_9254,YVLDHLIVV_HLA-A*02:01,tcr14606,1
vdjdb_full_9254_ss_2_n0,YVLDHLIVV_HLA-A*02:01,tcr9087,0
vdjdb_full_9403,YVLDHLIVV_HLA-A*02:01,tcr2420,1
vdjdb_full_9403_ss_2_n0,YVLDHLIVV_HLA-A*02:01,tcr8411,0
vdjdb_full_9519,YVLDHLIVV_HLA-A*02:01,tcr15043,1
vdjdb_full_9519_ss_2_n0,YVLDHLIVV_HLA-A*02:01,tcr4347,0
vdjdb_full_9431,YVLDHLIVV_HLA-A*02:01,tcr1572,1
vdjdb_full_9431_ss_2_n0,YVLDHLIVV_HLA-A*02:01,tcr5904,0
vdjdb_full_9239,YVLDHLIVV_HLA-A*02:01,tcr17056,1
vdjdb_full_9239_ss_2_n0,YVLDHLIVV_HLA-A*02:01,tcr16890,0
vdjdb_full_9433,YVLDHLIVV_HLA-A*02:01,tcr16223,1
vdjdb_full_9433_ss_2_n0,YVLDHLIVV_HLA-A*02:01,tcr9295,0
vdjdb_full_9269,YVLDHLIVV_HLA-A*02:01,tcr14689,1
vdjdb_full_9269_ss_2_n0,YVLDHLIVV_HLA-A*02:01,tcr1848,0
vdjdb_full_9375,YVLDHLIVV_HLA-A*02:01,tcr7429,1
vdjdb_full_9375_ss_2_n0,YVLDHLIVV_HLA-A*02:01,tcr3187,0
vdjdb_full_9196,YVLDHLIVV_HLA-A*02:01,tcr7413,1
vdjdb_full_9196_ss_2_n0,YVLDHLIVV_HLA-A*02:01,tcr11848,0
vdjdb_full_9203,YVLDHLIVV_HLA-A*02:01,tcr17620,1
vdjdb_full_9203_ss_2_n0,YVLDHLIVV_HLA-A*02:01,tcr9319,0
vdjdb_full_9365,YVLDHLIVV_HLA-A*02:01,tcr14353,1
vdjdb_full_9365_ss_2_n0,YVLDHLIVV_HLA-A*02:01,tcr13706,0
vdjdb_full_9320,YVLDHLIVV_HLA-A*02:01,tcr7986,1
vdjdb_full_9320_ss_2_n0,YVLDHLIVV_HLA-A*02:01,tcr18257,0
vdjdb_full_9428,YVLDHLIVV_HLA-A*02:01,tcr6343,1
vdjdb_full_9428_ss_2_n0,YVLDHLIVV_HLA-A*02:01,tcr6022,0
vdjdb_full_9427,YVLDHLIVV_HLA-A*02:01,tcr6457,1
vdjdb_full_9427_ss_2_n0,YVLDHLIVV_HLA-A*02:01,tcr14487,0
vdjdb_full_9363,YVLDHLIVV_HLA-A*02:01,tcr10232,1
vdjdb_full_9363_ss_2_n0,YVLDHLIVV_HLA-A*02:01,tcr11720,0
vdjdb_full_9349,YVLDHLIVV_HLA-A*02:01,tcr6265,1
vdjdb_full_9349_ss_2_n0,YVLDHLIVV_HLA-A*02:01,tcr10493,0
vdjdb_full_9305,YVLDHLIVV_HLA-A*02:01,tcr15119,1
vdjdb_full_9305_ss_2_n0,YVLDHLIVV_HLA-A*02:01,tcr17472,0
vdjdb_full_9328,YVLDHLIVV_HLA-A*02:01,tcr8418,1
vdjdb_full_9328_ss_2_n0,YVLDHLIVV_HLA-A*02:01,tcr12979,0
vdjdb_full_9441,YVLDHLIVV_HLA-A*02:01,tcr10480,1
vdjdb_full_9441_ss_2_n0,YVLDHLIVV_HLA-A*02:01,tcr11911,0
vdjdb_full_9198,YVLDHLIVV_HLA-A*02:01,tcr18275,1
vdjdb_full_9198_ss_2_n0,YVLDHLIVV_HLA-A*02:01,tcr18306,0
vdjdb_full_9336,YVLDHLIVV_HLA-A*02:01,tcr6703,1
vdjdb_full_9336_ss_2_n0,YVLDHLIVV_HLA-A*02:01,tcr10927,0
vdjdb_full_9258,YVLDHLIVV_HLA-A*02:01,tcr2996,1
vdjdb_full_9258_ss_2_n0,YVLDHLIVV_HLA-A*02:01,tcr16020,0
vdjdb_full_9354,YVLDHLIVV_HLA-A*02:01,tcr14732,1
vdjdb_full_9354_ss_2_n0,YVLDHLIVV_HLA-A*02:01,tcr5052,0
vdjdb_full_9197,YVLDHLIVV_HLA-A*02:01,tcr17171,1
vdjdb_full_9197_ss_2_n0,YVLDHLIVV_HLA-A*02:01,tcr17195,0
vdjdb_full_9445,YVLDHLIVV_HLA-A*02:01,tcr18110,1
vdjdb_full_9445_ss_2_n0,YVLDHLIVV_HLA-A*02:01,tcr12097,0
vdjdb_full_9210,YVLDHLIVV_HLA-A*02:01,tcr16913,1
vdjdb_full_9210_ss_2_n0,YVLDHLIVV_HLA-A*02:01,tcr5342,0
vdjdb_full_9454,YVLDHLIVV_HLA-A*02:01,tcr2890,1
vdjdb_full_9454_ss_2_n0,YVLDHLIVV_HLA-A*02:01,tcr13424,0
vdjdb_full_15285,CINGVCWTV_HLA-A*02:01,tcr17487,1
vdjdb_full_15285_ss_2_n0,CINGVCWTV_HLA-A*02:01,tcr7491,0
vdjdb_full_15465,CINGVCWTV_HLA-A*02:01,tcr13090,1
vdjdb_full_15465_ss_2_n0,CINGVCWTV_HLA-A*02:01,tcr8169,0
vdjdb_full_15399,CINGVCWTV_HLA-A*02:01,tcr351,1
vdjdb_full_15399_ss_2_n0,CINGVCWTV_HLA-A*02:01,tcr13240,0
vdjdb_full_15491,CINGVCWTV_HLA-A*02:01,tcr12079,1
vdjdb_full_15491_ss_2_n0,CINGVCWTV_HLA-A*02:01,tcr5425,0
vdjdb_full_15428,CINGVCWTV_HLA-A*02:01,tcr1882,1
vdjdb_full_15428_ss_2_n0,CINGVCWTV_HLA-A*02:01,tcr5560,0
vdjdb_full_15498,CINGVCWTV_HLA-A*02:01,tcr16936,1
vdjdb_full_15498_ss_2_n0,CINGVCWTV_HLA-A*02:01,tcr847,0
vdjdb_full_15463,CINGVCWTV_HLA-A*02:01,tcr2243,1
vdjdb_full_15463_ss_2_n0,CINGVCWTV_HLA-A*02:01,tcr907,0
vdjdb_full_15363,CINGVCWTV_HLA-A*02:01,tcr11205,1
vdjdb_full_15363_ss_2_n0,CINGVCWTV_HLA-A*02:01,tcr15554,0
vdjdb_full_15459,CINGVCWTV_HLA-A*02:01,tcr11640,1
vdjdb_full_15459_ss_2_n0,CINGVCWTV_HLA-A*02:01,tcr5849,0
vdjdb_full_15456,CINGVCWTV_HLA-A*02:01,tcr1758,1
vdjdb_full_15456_ss_2_n0,CINGVCWTV_HLA-A*02:01,tcr1993,0
vdjdb_full_15344,CINGVCWTV_HLA-A*02:01,tcr3700,1
vdjdb_full_15344_ss_2_n0,CINGVCWTV_HLA-A*02:01,tcr15500,0
vdjdb_full_15291,CINGVCWTV_HLA-A*02:01,tcr15136,1
vdjdb_full_15291_ss_2_n0,CINGVCWTV_HLA-A*02:01,tcr13461,0
vdjdb_full_15484,CINGVCWTV_HLA-A*02:01,tcr14478,1
vdjdb_full_15484_ss_2_n0,CINGVCWTV_HLA-A*02:01,tcr16363,0
vdjdb_full_15301,CINGVCWTV_HLA-A*02:01,tcr10222,1
vdjdb_full_15301_ss_2_n0,CINGVCWTV_HLA-A*02:01,tcr13669,0
vdjdb_full_15306,CINGVCWTV_HLA-A*02:01,tcr17966,1
vdjdb_full_15306_ss_2_n0,CINGVCWTV_HLA-A*02:01,tcr5052,0
vdjdb_full_15321,CINGVCWTV_HLA-A*02:01,tcr10604,1
vdjdb_full_15321_ss_2_n0,CINGVCWTV_HLA-A*02:01,tcr13266,0
vdjdb_full_15336,CINGVCWTV_HLA-A*02:01,tcr10716,1
vdjdb_full_15336_ss_2_n0,CINGVCWTV_HLA-A*02:01,tcr17619,0
vdjdb_full_15457,CINGVCWTV_HLA-A*02:01,tcr7051,1
vdjdb_full_15457_ss_2_n0,CINGVCWTV_HLA-A*02:01,tcr4528,0
vdjdb_full_15379,CINGVCWTV_HLA-A*02:01,tcr3901,1
vdjdb_full_15379_ss_2_n0,CINGVCWTV_HLA-A*02:01,tcr1083,0
vdjdb_full_15445,CINGVCWTV_HLA-A*02:01,tcr1915,1
vdjdb_full_15445_ss_2_n0,CINGVCWTV_HLA-A*02:01,tcr15599,0
vdjdb_full_15356,CINGVCWTV_HLA-A*02:01,tcr6243,1
vdjdb_full_15356_ss_2_n0,CINGVCWTV_HLA-A*02:01,tcr16177,0
vdjdb_full_15294,CINGVCWTV_HLA-A*02:01,tcr5176,1
vdjdb_full_15294_ss_2_n0,CINGVCWTV_HLA-A*02:01,tcr7381,0
vdjdb_full_15447,CINGVCWTV_HLA-A*02:01,tcr325,1
vdjdb_full_15447_ss_2_n0,CINGVCWTV_HLA-A*02:01,tcr16082,0
vdjdb_full_15432,CINGVCWTV_HLA-A*02:01,tcr1079,1
vdjdb_full_15432_ss_2_n0,CINGVCWTV_HLA-A*02:01,tcr3782,0
vdjdb_full_15373,CINGVCWTV_HLA-A*02:01,tcr4958,1
vdjdb_full_15373_ss_2_n0,CINGVCWTV_HLA-A*02:01,tcr6343,0
vdjdb_full_15359,CINGVCWTV_HLA-A*02:01,tcr5039,1
vdjdb_full_15359_ss_2_n0,CINGVCWTV_HLA-A*02:01,tcr10939,0
vdjdb_full_15477,CINGVCWTV_HLA-A*02:01,tcr3155,1
vdjdb_full_15477_ss_2_n0,CINGVCWTV_HLA-A*02:01,tcr8815,0
vdjdb_full_15453,CINGVCWTV_HLA-A*02:01,tcr16261,1
vdjdb_full_15453_ss_2_n0,CINGVCWTV_HLA-A*02:01,tcr12100,0
vdjdb_full_15505,CINGVCWTV_HLA-A*02:01,tcr5628,1
vdjdb_full_15505_ss_2_n0,CINGVCWTV_HLA-A*02:01,tcr11059,0
vdjdb_full_15382,CINGVCWTV_HLA-A*02:01,tcr7217,1
vdjdb_full_15382_ss_2_n0,CINGVCWTV_HLA-A*02:01,tcr12957,0
vdjdb_full_15397,CINGVCWTV_HLA-A*02:01,tcr17277,1
vdjdb_full_15397_ss_2_n0,CINGVCWTV_HLA-A*02:01,tcr1760,0
vdjdb_full_15351,CINGVCWTV_HLA-A*02:01,tcr5955,1
vdjdb_full_15351_ss_2_n0,CINGVCWTV_HLA-A*02:01,tcr11241,0
vdjdb_full_15292,CINGVCWTV_HLA-A*02:01,tcr10758,1
vdjdb_full_15292_ss_2_n0,CINGVCWTV_HLA-A*02:01,tcr16113,0
vdjdb_full_15482,CINGVCWTV_HLA-A*02:01,tcr2893,1
vdjdb_full_15482_ss_2_n0,CINGVCWTV_HLA-A*02:01,tcr9147,0
vdjdb_full_15485,CINGVCWTV_HLA-A*02:01,tcr10944,1
vdjdb_full_15485_ss_2_n0,CINGVCWTV_HLA-A*02:01,tcr14622,0
vdjdb_full_15396,CINGVCWTV_HLA-A*02:01,tcr10096,1
vdjdb_full_15396_ss_2_n0,CINGVCWTV_HLA-A*02:01,tcr13805,0
vdjdb_full_15479,CINGVCWTV_HLA-A*02:01,tcr9154,1
vdjdb_full_15479_ss_2_n0,CINGVCWTV_HLA-A*02:01,tcr16291,0
vdjdb_full_15393,CINGVCWTV_HLA-A*02:01,tcr5641,1
vdjdb_full_15393_ss_2_n0,CINGVCWTV_HLA-A*02:01,tcr13304,0
vdjdb_full_15389,CINGVCWTV_HLA-A*02:01,tcr8380,1
vdjdb_full_15389_ss_2_n0,CINGVCWTV_HLA-A*02:01,tcr7803,0
vdjdb_full_15424,CINGVCWTV_HLA-A*02:01,tcr14330,1
vdjdb_full_15424_ss_2_n0,CINGVCWTV_HLA-A*02:01,tcr16679,0
vdjdb_full_15421,CINGVCWTV_HLA-A*02:01,tcr17988,1
vdjdb_full_15421_ss_2_n0,CINGVCWTV_HLA-A*02:01,tcr10256,0
vdjdb_full_15497,CINGVCWTV_HLA-A*02:01,tcr11503,1
vdjdb_full_15497_ss_2_n0,CINGVCWTV_HLA-A*02:01,tcr14441,0
vdjdb_full_15423,CINGVCWTV_HLA-A*02:01,tcr105,1
vdjdb_full_15423_ss_2_n0,CINGVCWTV_HLA-A*02:01,tcr7687,0
vdjdb_full_15507,CINGVCWTV_HLA-A*02:01,tcr12616,1
vdjdb_full_15507_ss_2_n0,CINGVCWTV_HLA-A*02:01,tcr7116,0
vdjdb_full_15422,CINGVCWTV_HLA-A*02:01,tcr12978,1
vdjdb_full_15422_ss_2_n0,CINGVCWTV_HLA-A*02:01,tcr3256,0
vdjdb_full_15443,CINGVCWTV_HLA-A*02:01,tcr3657,1
vdjdb_full_15443_ss_2_n0,CINGVCWTV_HLA-A*02:01,tcr5484,0
vdjdb_full_15343,CINGVCWTV_HLA-A*02:01,tcr14709,1
vdjdb_full_15343_ss_2_n0,CINGVCWTV_HLA-A*02:01,tcr11398,0
vdjdb_full_15331,CINGVCWTV_HLA-A*02:01,tcr8817,1
vdjdb_full_15331_ss_2_n0,CINGVCWTV_HLA-A*02:01,tcr2772,0
vdjdb_full_15403,CINGVCWTV_HLA-A*02:01,tcr9503,1
vdjdb_full_15403_ss_2_n0,CINGVCWTV_HLA-A*02:01,tcr10667,0
vdjdb_full_15406,CINGVCWTV_HLA-A*02:01,tcr2290,1
vdjdb_full_15406_ss_2_n0,CINGVCWTV_HLA-A*02:01,tcr1457,0
vdjdb_full_15493,CINGVCWTV_HLA-A*02:01,tcr7734,1
vdjdb_full_15493_ss_2_n0,CINGVCWTV_HLA-A*02:01,tcr15626,0
vdjdb_full_15361,CINGVCWTV_HLA-A*02:01,tcr17341,1
vdjdb_full_15361_ss_2_n0,CINGVCWTV_HLA-A*02:01,tcr5377,0
vdjdb_full_15370,CINGVCWTV_HLA-A*02:01,tcr12653,1
vdjdb_full_15370_ss_2_n0,CINGVCWTV_HLA-A*02:01,tcr7151,0
vdjdb_full_15374,CINGVCWTV_HLA-A*02:01,tcr16,1
vdjdb_full_15374_ss_2_n0,CINGVCWTV_HLA-A*02:01,tcr9800,0
vdjdb_full_15394,CINGVCWTV_HLA-A*02:01,tcr16689,1
vdjdb_full_15394_ss_2_n0,CINGVCWTV_HLA-A*02:01,tcr10636,0
vdjdb_full_15314,CINGVCWTV_HLA-A*02:01,tcr4457,1
vdjdb_full_15314_ss_2_n0,CINGVCWTV_HLA-A*02:01,tcr17472,0
vdjdb_full_15300,CINGVCWTV_HLA-A*02:01,tcr7937,1
vdjdb_full_15300_ss_2_n0,CINGVCWTV_HLA-A*02:01,tcr4406,0
vdjdb_full_15398,CINGVCWTV_HLA-A*02:01,tcr5137,1
vdjdb_full_15398_ss_2_n0,CINGVCWTV_HLA-A*02:01,tcr8032,0
vdjdb_full_15464,CINGVCWTV_HLA-A*02:01,tcr4612,1
vdjdb_full_15464_ss_2_n0,CINGVCWTV_HLA-A*02:01,tcr12691,0
vdjdb_full_15478,CINGVCWTV_HLA-A*02:01,tcr15971,1
vdjdb_full_15478_ss_2_n0,CINGVCWTV_HLA-A*02:01,tcr11306,0
vdjdb_full_15286,CINGVCWTV_HLA-A*02:01,tcr12872,1
vdjdb_full_15286_ss_2_n0,CINGVCWTV_HLA-A*02:01,tcr13441,0
vdjdb_full_15345,CINGVCWTV_HLA-A*02:01,tcr7027,1
vdjdb_full_15345_ss_2_n0,CINGVCWTV_HLA-A*02:01,tcr15013,0
vdjdb_full_15305,CINGVCWTV_HLA-A*02:01,tcr14686,1
vdjdb_full_15305_ss_2_n0,CINGVCWTV_HLA-A*02:01,tcr14882,0
vdjdb_full_15295,CINGVCWTV_HLA-A*02:01,tcr6238,1
vdjdb_full_15295_ss_2_n0,CINGVCWTV_HLA-A*02:01,tcr6638,0
vdjdb_full_15386,CINGVCWTV_HLA-A*02:01,tcr17053,1
vdjdb_full_15386_ss_2_n0,CINGVCWTV_HLA-A*02:01,tcr5560,0
vdjdb_full_15342,CINGVCWTV_HLA-A*02:01,tcr115,1
vdjdb_full_15342_ss_2_n0,CINGVCWTV_HLA-A*02:01,tcr11686,0
vdjdb_full_15349,CINGVCWTV_HLA-A*02:01,tcr3689,1
vdjdb_full_15349_ss_2_n0,CINGVCWTV_HLA-A*02:01,tcr15126,0
vdjdb_full_15281,CINGVCWTV_HLA-A*02:01,tcr14,1
vdjdb_full_15281_ss_2_n0,CINGVCWTV_HLA-A*02:01,tcr6748,0
vdjdb_full_15332,CINGVCWTV_HLA-A*02:01,tcr1878,1
vdjdb_full_15332_ss_2_n0,CINGVCWTV_HLA-A*02:01,tcr8530,0
vdjdb_full_15390,CINGVCWTV_HLA-A*02:01,tcr12823,1
vdjdb_full_15390_ss_2_n0,CINGVCWTV_HLA-A*02:01,tcr4316,0
vdjdb_full_15417,CINGVCWTV_HLA-A*02:01,tcr4050,1
vdjdb_full_15417_ss_2_n0,CINGVCWTV_HLA-A*02:01,tcr14878,0
vdjdb_full_15414,CINGVCWTV_HLA-A*02:01,tcr4532,1
vdjdb_full_15414_ss_2_n0,CINGVCWTV_HLA-A*02:01,tcr9764,0
vdjdb_full_15341,CINGVCWTV_HLA-A*02:01,tcr11744,1
vdjdb_full_15341_ss_2_n0,CINGVCWTV_HLA-A*02:01,tcr14878,0
vdjdb_full_15420,CINGVCWTV_HLA-A*02:01,tcr12830,1
vdjdb_full_15420_ss_2_n0,CINGVCWTV_HLA-A*02:01,tcr8628,0
vdjdb_full_15474,CINGVCWTV_HLA-A*02:01,tcr1430,1
vdjdb_full_15474_ss_2_n0,CINGVCWTV_HLA-A*02:01,tcr1245,0
vdjdb_full_15508,CINGVCWTV_HLA-A*02:01,tcr12887,1
vdjdb_full_15508_ss_2_n0,CINGVCWTV_HLA-A*02:01,tcr7122,0
vdjdb_full_15307,CINGVCWTV_HLA-A*02:01,tcr13432,1
vdjdb_full_15307_ss_2_n0,CINGVCWTV_HLA-A*02:01,tcr4687,0
vdjdb_full_15288,CINGVCWTV_HLA-A*02:01,tcr12595,1
vdjdb_full_15288_ss_2_n0,CINGVCWTV_HLA-A*02:01,tcr5635,0
vdjdb_full_15311,CINGVCWTV_HLA-A*02:01,tcr2246,1
vdjdb_full_15311_ss_2_n0,CINGVCWTV_HLA-A*02:01,tcr15126,0
vdjdb_full_15304,CINGVCWTV_HLA-A*02:01,tcr14205,1
vdjdb_full_15304_ss_2_n0,CINGVCWTV_HLA-A*02:01,tcr15137,0
vdjdb_full_15318,CINGVCWTV_HLA-A*02:01,tcr11850,1
vdjdb_full_15318_ss_2_n0,CINGVCWTV_HLA-A*02:01,tcr899,0
vdjdb_full_15404,CINGVCWTV_HLA-A*02:01,tcr8019,1
vdjdb_full_15404_ss_2_n0,CINGVCWTV_HLA-A*02:01,tcr10936,0
vdjdb_full_15391,CINGVCWTV_HLA-A*02:01,tcr9564,1
vdjdb_full_15391_ss_2_n0,CINGVCWTV_HLA-A*02:01,tcr16396,0
vdjdb_full_15433,CINGVCWTV_HLA-A*02:01,tcr7818,1
vdjdb_full_15433_ss_2_n0,CINGVCWTV_HLA-A*02:01,tcr14664,0
vdjdb_full_15327,CINGVCWTV_HLA-A*02:01,tcr3854,1
vdjdb_full_15327_ss_2_n0,CINGVCWTV_HLA-A*02:01,tcr12195,0
vdjdb_full_15462,CINGVCWTV_HLA-A*02:01,tcr15319,1
vdjdb_full_15462_ss_2_n0,CINGVCWTV_HLA-A*02:01,tcr8524,0
vdjdb_full_15461,CINGVCWTV_HLA-A*02:01,tcr7364,1
vdjdb_full_15461_ss_2_n0,CINGVCWTV_HLA-A*02:01,tcr16813,0
vdjdb_full_15352,CINGVCWTV_HLA-A*02:01,tcr7323,1
vdjdb_full_15352_ss_2_n0,CINGVCWTV_HLA-A*02:01,tcr14415,0
vdjdb_full_15317,CINGVCWTV_HLA-A*02:01,tcr2606,1
vdjdb_full_15317_ss_2_n0,CINGVCWTV_HLA-A*02:01,tcr11641,0
vdjdb_full_15372,CINGVCWTV_HLA-A*02:01,tcr443,1
vdjdb_full_15372_ss_2_n0,CINGVCWTV_HLA-A*02:01,tcr11973,0
vdjdb_full_15418,CINGVCWTV_HLA-A*02:01,tcr5488,1
vdjdb_full_15418_ss_2_n0,CINGVCWTV_HLA-A*02:01,tcr14596,0
vdjdb_full_15355,CINGVCWTV_HLA-A*02:01,tcr2509,1
vdjdb_full_15355_ss_2_n0,CINGVCWTV_HLA-A*02:01,tcr5719,0
vdjdb_full_15436,CINGVCWTV_HLA-A*02:01,tcr2992,1
vdjdb_full_15436_ss_2_n0,CINGVCWTV_HLA-A*02:01,tcr2726,0
vdjdb_full_15302,CINGVCWTV_HLA-A*02:01,tcr7730,1
vdjdb_full_15302_ss_2_n0,CINGVCWTV_HLA-A*02:01,tcr8094,0
vdjdb_full_15489,CINGVCWTV_HLA-A*02:01,tcr4575,1
vdjdb_full_15489_ss_2_n0,CINGVCWTV_HLA-A*02:01,tcr4419,0
vdjdb_full_15473,CINGVCWTV_HLA-A*02:01,tcr14158,1
vdjdb_full_15473_ss_2_n0,CINGVCWTV_HLA-A*02:01,tcr9872,0
vdjdb_full_15405,CINGVCWTV_HLA-A*02:01,tcr18080,1
vdjdb_full_15405_ss_2_n0,CINGVCWTV_HLA-A*02:01,tcr12663,0
vdjdb_full_15276,CINGVCWTV_HLA-A*02:01,tcr11880,1
vdjdb_full_15276_ss_2_n0,CINGVCWTV_HLA-A*02:01,tcr4258,0
vdjdb_full_15278,CINGVCWTV_HLA-A*02:01,tcr16655,1
vdjdb_full_15278_ss_2_n0,CINGVCWTV_HLA-A*02:01,tcr13614,0
vdjdb_full_15353,CINGVCWTV_HLA-A*02:01,tcr15844,1
vdjdb_full_15353_ss_2_n0,CINGVCWTV_HLA-A*02:01,tcr1266,0
vdjdb_full_10567,LTDEMIAQY_HLA-A*01:01,tcr640,1
vdjdb_full_10567_ss_2_n0,LTDEMIAQY_HLA-A*01:01,tcr7907,0
vdjdb_full_10594,LTDEMIAQY_HLA-A*01:01,tcr4233,1
vdjdb_full_10594_ss_2_n0,LTDEMIAQY_HLA-A*01:01,tcr5186,0
vdjdb_full_10587,LTDEMIAQY_HLA-A*01:01,tcr13013,1
vdjdb_full_10587_ss_2_n0,LTDEMIAQY_HLA-A*01:01,tcr7413,0
vdjdb_full_10628,LTDEMIAQY_HLA-A*01:01,tcr278,1
vdjdb_full_10628_ss_2_n0,LTDEMIAQY_HLA-A*01:01,tcr16856,0
vdjdb_full_10605,LTDEMIAQY_HLA-A*01:01,tcr15833,1
vdjdb_full_10605_ss_2_n0,LTDEMIAQY_HLA-A*01:01,tcr8168,0
vdjdb_full_10642,LTDEMIAQY_HLA-A*01:01,tcr5278,1
vdjdb_full_10642_ss_2_n0,LTDEMIAQY_HLA-A*01:01,tcr18160,0
vdjdb_full_10608,LTDEMIAQY_HLA-A*01:01,tcr14575,1
vdjdb_full_10608_ss_2_n0,LTDEMIAQY_HLA-A*01:01,tcr11508,0
vdjdb_full_10678,LTDEMIAQY_HLA-A*01:01,tcr5910,1
vdjdb_full_10678_ss_2_n0,LTDEMIAQY_HLA-A*01:01,tcr8411,0
vdjdb_full_10677,LTDEMIAQY_HLA-A*01:01,tcr14632,1
vdjdb_full_10677_ss_2_n0,LTDEMIAQY_HLA-A*01:01,tcr14963,0
vdjdb_full_10551,LTDEMIAQY_HLA-A*01:01,tcr3427,1
vdjdb_full_10551_ss_2_n0,LTDEMIAQY_HLA-A*01:01,tcr5961,0
vdjdb_full_10577,LTDEMIAQY_HLA-A*01:01,tcr2135,1
vdjdb_full_10577_ss_2_n0,LTDEMIAQY_HLA-A*01:01,tcr3755,0
vdjdb_full_10654,LTDEMIAQY_HLA-A*01:01,tcr920,1
vdjdb_full_10654_ss_2_n0,LTDEMIAQY_HLA-A*01:01,tcr14232,0
vdjdb_full_10596,LTDEMIAQY_HLA-A*01:01,tcr3080,1
vdjdb_full_10596_ss_2_n0,LTDEMIAQY_HLA-A*01:01,tcr5053,0
vdjdb_full_10647,LTDEMIAQY_HLA-A*01:01,tcr14334,1
vdjdb_full_10647_ss_2_n0,LTDEMIAQY_HLA-A*01:01,tcr4902,0
vdjdb_full_10568,LTDEMIAQY_HLA-A*01:01,tcr6471,1
vdjdb_full_10568_ss_2_n0,LTDEMIAQY_HLA-A*01:01,tcr5827,0
vdjdb_full_10629,LTDEMIAQY_HLA-A*01:01,tcr16324,1
vdjdb_full_10629_ss_2_n0,LTDEMIAQY_HLA-A*01:01,tcr14974,0
vdjdb_full_10558,LTDEMIAQY_HLA-A*01:01,tcr18035,1
vdjdb_full_10558_ss_2_n0,LTDEMIAQY_HLA-A*01:01,tcr11905,0
vdjdb_full_10653,LTDEMIAQY_HLA-A*01:01,tcr16182,1
vdjdb_full_10653_ss_2_n0,LTDEMIAQY_HLA-A*01:01,tcr7699,0
vdjdb_full_10559,LTDEMIAQY_HLA-A*01:01,tcr4761,1
vdjdb_full_10559_ss_2_n0,LTDEMIAQY_HLA-A*01:01,tcr1298,0
vdjdb_full_10667,LTDEMIAQY_HLA-A*01:01,tcr4357,1
vdjdb_full_10667_ss_2_n0,LTDEMIAQY_HLA-A*01:01,tcr14224,0
vdjdb_full_10599,LTDEMIAQY_HLA-A*01:01,tcr11940,1
vdjdb_full_10599_ss_2_n0,LTDEMIAQY_HLA-A*01:01,tcr14,0
vdjdb_full_10630,LTDEMIAQY_HLA-A*01:01,tcr10708,1
vdjdb_full_10630_ss_2_n0,LTDEMIAQY_HLA-A*01:01,tcr15126,0
vdjdb_full_10546,LTDEMIAQY_HLA-A*01:01,tcr10649,1
vdjdb_full_10546_ss_2_n0,LTDEMIAQY_HLA-A*01:01,tcr4316,0
vdjdb_full_10576,LTDEMIAQY_HLA-A*01:01,tcr8007,1
vdjdb_full_10576_ss_2_n0,LTDEMIAQY_HLA-A*01:01,tcr18394,0
vdjdb_full_10581,LTDEMIAQY_HLA-A*01:01,tcr685,1
vdjdb_full_10581_ss_2_n0,LTDEMIAQY_HLA-A*01:01,tcr7381,0
vdjdb_full_10619,LTDEMIAQY_HLA-A*01:01,tcr10595,1
vdjdb_full_10619_ss_2_n0,LTDEMIAQY_HLA-A*01:01,tcr9193,0
vdjdb_full_10560,LTDEMIAQY_HLA-A*01:01,tcr44,1
vdjdb_full_10560_ss_2_n0,LTDEMIAQY_HLA-A*01:01,tcr3398,0
vdjdb_full_10574,LTDEMIAQY_HLA-A*01:01,tcr10689,1
vdjdb_full_10574_ss_2_n0,LTDEMIAQY_HLA-A*01:01,tcr6593,0
vdjdb_full_10597,LTDEMIAQY_HLA-A*01:01,tcr3269,1
vdjdb_full_10597_ss_2_n0,LTDEMIAQY_HLA-A*01:01,tcr5649,0
vdjdb_full_10661,LTDEMIAQY_HLA-A*01:01,tcr13790,1
vdjdb_full_10661_ss_2_n0,LTDEMIAQY_HLA-A*01:01,tcr8231,0
vdjdb_full_10641,LTDEMIAQY_HLA-A*01:01,tcr2619,1
vdjdb_full_10641_ss_2_n0,LTDEMIAQY_HLA-A*01:01,tcr11027,0
vdjdb_full_10625,LTDEMIAQY_HLA-A*01:01,tcr3352,1
vdjdb_full_10625_ss_2_n0,LTDEMIAQY_HLA-A*01:01,tcr6163,0
vdjdb_full_10616,LTDEMIAQY_HLA-A*01:01,tcr4899,1
vdjdb_full_10616_ss_2_n0,LTDEMIAQY_HLA-A*01:01,tcr7137,0
vdjdb_full_10564,LTDEMIAQY_HLA-A*01:01,tcr5112,1
vdjdb_full_10564_ss_2_n0,LTDEMIAQY_HLA-A*01:01,tcr9700,0
vdjdb_full_10665,LTDEMIAQY_HLA-A*01:01,tcr9812,1
vdjdb_full_10665_ss_2_n0,LTDEMIAQY_HLA-A*01:01,tcr4869,0
vdjdb_full_10572,LTDEMIAQY_HLA-A*01:01,tcr856,1
vdjdb_full_10572_ss_2_n0,LTDEMIAQY_HLA-A*01:01,tcr14353,0
vdjdb_full_10592,LTDEMIAQY_HLA-A*01:01,tcr13943,1
vdjdb_full_10592_ss_2_n0,LTDEMIAQY_HLA-A*01:01,tcr3513,0
vdjdb_full_10633,LTDEMIAQY_HLA-A*01:01,tcr8631,1
vdjdb_full_10633_ss_2_n0,LTDEMIAQY_HLA-A*01:01,tcr9890,0
vdjdb_full_10637,LTDEMIAQY_HLA-A*01:01,tcr6879,1
vdjdb_full_10637_ss_2_n0,LTDEMIAQY_HLA-A*01:01,tcr6231,0
vdjdb_full_10580,LTDEMIAQY_HLA-A*01:01,tcr8783,1
vdjdb_full_10580_ss_2_n0,LTDEMIAQY_HLA-A*01:01,tcr6456,0
vdjdb_full_10645,LTDEMIAQY_HLA-A*01:01,tcr18251,1
vdjdb_full_10645_ss_2_n0,LTDEMIAQY_HLA-A*01:01,tcr11250,0
vdjdb_full_10607,LTDEMIAQY_HLA-A*01:01,tcr588,1
vdjdb_full_10607_ss_2_n0,LTDEMIAQY_HLA-A*01:01,tcr9129,0
vdjdb_full_10557,LTDEMIAQY_HLA-A*01:01,tcr8162,1
vdjdb_full_10557_ss_2_n0,LTDEMIAQY_HLA-A*01:01,tcr7261,0
vdjdb_full_10583,LTDEMIAQY_HLA-A*01:01,tcr13805,1
vdjdb_full_10583_ss_2_n0,LTDEMIAQY_HLA-A*01:01,tcr17186,0
vdjdb_full_10614,LTDEMIAQY_HLA-A*01:01,tcr13081,1
vdjdb_full_10614_ss_2_n0,LTDEMIAQY_HLA-A*01:01,tcr16152,0
vdjdb_full_10575,LTDEMIAQY_HLA-A*01:01,tcr4349,1
vdjdb_full_10575_ss_2_n0,LTDEMIAQY_HLA-A*01:01,tcr11505,0
vdjdb_full_10673,LTDEMIAQY_HLA-A*01:01,tcr6311,1
vdjdb_full_10673_ss_2_n0,LTDEMIAQY_HLA-A*01:01,tcr10242,0
vdjdb_full_10578,LTDEMIAQY_HLA-A*01:01,tcr4042,1
vdjdb_full_10578_ss_2_n0,LTDEMIAQY_HLA-A*01:01,tcr12950,0
vdjdb_full_10618,LTDEMIAQY_HLA-A*01:01,tcr13004,1
vdjdb_full_10618_ss_2_n0,LTDEMIAQY_HLA-A*01:01,tcr12015,0
vdjdb_full_10643,LTDEMIAQY_HLA-A*01:01,tcr9157,1
vdjdb_full_10643_ss_2_n0,LTDEMIAQY_HLA-A*01:01,tcr87,0
vdjdb_full_10552,LTDEMIAQY_HLA-A*01:01,tcr397,1
vdjdb_full_10552_ss_2_n0,LTDEMIAQY_HLA-A*01:01,tcr14866,0
vdjdb_full_10617,LTDEMIAQY_HLA-A*01:01,tcr14510,1
vdjdb_full_10617_ss_2_n0,LTDEMIAQY_HLA-A*01:01,tcr17619,0
vdjdb_full_10622,LTDEMIAQY_HLA-A*01:01,tcr6709,1
vdjdb_full_10622_ss_2_n0,LTDEMIAQY_HLA-A*01:01,tcr8876,0
vdjdb_full_10590,LTDEMIAQY_HLA-A*01:01,tcr1116,1
vdjdb_full_10590_ss_2_n0,LTDEMIAQY_HLA-A*01:01,tcr17903,0
vdjdb_full_10601,LTDEMIAQY_HLA-A*01:01,tcr5509,1
vdjdb_full_10601_ss_2_n0,LTDEMIAQY_HLA-A*01:01,tcr8874,0
vdjdb_full_10585,LTDEMIAQY_HLA-A*01:01,tcr2187,1
vdjdb_full_10585_ss_2_n0,LTDEMIAQY_HLA-A*01:01,tcr16689,0
vdjdb_full_10565,LTDEMIAQY_HLA-A*01:01,tcr635,1
vdjdb_full_10565_ss_2_n0,LTDEMIAQY_HLA-A*01:01,tcr12742,0
vdjdb_full_10620,LTDEMIAQY_HLA-A*01:01,tcr8763,1
vdjdb_full_10620_ss_2_n0,LTDEMIAQY_HLA-A*01:01,tcr9565,0
vdjdb_full_10584,LTDEMIAQY_HLA-A*01:01,tcr11980,1
vdjdb_full_10584_ss_2_n0,LTDEMIAQY_HLA-A*01:01,tcr11415,0
vdjdb_full_10668,LTDEMIAQY_HLA-A*01:01,tcr3665,1
vdjdb_full_10668_ss_2_n0,LTDEMIAQY_HLA-A*01:01,tcr14701,0
vdjdb_full_10554,LTDEMIAQY_HLA-A*01:01,tcr15612,1
vdjdb_full_10554_ss_2_n0,LTDEMIAQY_HLA-A*01:01,tcr6922,0
vdjdb_full_10671,LTDEMIAQY_HLA-A*01:01,tcr1586,1
vdjdb_full_10671_ss_2_n0,LTDEMIAQY_HLA-A*01:01,tcr814,0
vdjdb_full_10595,LTDEMIAQY_HLA-A*01:01,tcr4667,1
vdjdb_full_10595_ss_2_n0,LTDEMIAQY_HLA-A*01:01,tcr14008,0
vdjdb_full_10646,LTDEMIAQY_HLA-A*01:01,tcr11504,1
vdjdb_full_10646_ss_2_n0,LTDEMIAQY_HLA-A*01:01,tcr7184,0
vdjdb_full_10621,LTDEMIAQY_HLA-A*01:01,tcr14638,1
vdjdb_full_10621_ss_2_n0,LTDEMIAQY_HLA-A*01:01,tcr3031,0
vdjdb_full_10663,LTDEMIAQY_HLA-A*01:01,tcr17724,1
vdjdb_full_10663_ss_2_n0,LTDEMIAQY_HLA-A*01:01,tcr5052,0
vdjdb_full_10658,LTDEMIAQY_HLA-A*01:01,tcr15051,1
vdjdb_full_10658_ss_2_n0,LTDEMIAQY_HLA-A*01:01,tcr7753,0
vdjdb_full_10555,LTDEMIAQY_HLA-A*01:01,tcr8597,1
vdjdb_full_10555_ss_2_n0,LTDEMIAQY_HLA-A*01:01,tcr9623,0
vdjdb_full_10562,LTDEMIAQY_HLA-A*01:01,tcr16247,1
vdjdb_full_10562_ss_2_n0,LTDEMIAQY_HLA-A*01:01,tcr4406,0
vdjdb_full_10669,LTDEMIAQY_HLA-A*01:01,tcr14066,1
vdjdb_full_10669_ss_2_n0,LTDEMIAQY_HLA-A*01:01,tcr6703,0
vdjdb_full_10550,LTDEMIAQY_HLA-A*01:01,tcr11369,1
vdjdb_full_10550_ss_2_n0,LTDEMIAQY_HLA-A*01:01,tcr13319,0
vdjdb_full_10566,LTDEMIAQY_HLA-A*01:01,tcr3351,1
vdjdb_full_10566_ss_2_n0,LTDEMIAQY_HLA-A*01:01,tcr8289,0
vdjdb_full_10589,LTDEMIAQY_HLA-A*01:01,tcr602,1
vdjdb_full_10589_ss_2_n0,LTDEMIAQY_HLA-A*01:01,tcr7207,0
vdjdb_full_10624,LTDEMIAQY_HLA-A*01:01,tcr1101,1
vdjdb_full_10624_ss_2_n0,LTDEMIAQY_HLA-A*01:01,tcr675,0
vdjdb_full_10649,LTDEMIAQY_HLA-A*01:01,tcr17386,1
vdjdb_full_10649_ss_2_n0,LTDEMIAQY_HLA-A*01:01,tcr16023,0
vdjdb_full_10553,LTDEMIAQY_HLA-A*01:01,tcr18270,1
vdjdb_full_10553_ss_2_n0,LTDEMIAQY_HLA-A*01:01,tcr5373,0
vdjdb_full_10632,LTDEMIAQY_HLA-A*01:01,tcr12200,1
vdjdb_full_10632_ss_2_n0,LTDEMIAQY_HLA-A*01:01,tcr18313,0
vdjdb_full_10675,LTDEMIAQY_HLA-A*01:01,tcr4407,1
vdjdb_full_10675_ss_2_n0,LTDEMIAQY_HLA-A*01:01,tcr4320,0
vdjdb_full_10651,LTDEMIAQY_HLA-A*01:01,tcr15800,1
vdjdb_full_10651_ss_2_n0,LTDEMIAQY_HLA-A*01:01,tcr11454,0
vdjdb_full_10606,LTDEMIAQY_HLA-A*01:01,tcr3012,1
vdjdb_full_10606_ss_2_n0,LTDEMIAQY_HLA-A*01:01,tcr1334,0
vdjdb_full_10602,LTDEMIAQY_HLA-A*01:01,tcr14745,1
vdjdb_full_10602_ss_2_n0,LTDEMIAQY_HLA-A*01:01,tcr10677,0
vdjdb_full_10635,LTDEMIAQY_HLA-A*01:01,tcr5749,1
vdjdb_full_10635_ss_2_n0,LTDEMIAQY_HLA-A*01:01,tcr17674,0
vdjdb_full_10598,LTDEMIAQY_HLA-A*01:01,tcr17294,1
vdjdb_full_10598_ss_2_n0,LTDEMIAQY_HLA-A*01:01,tcr12521,0
vdjdb_full_10636,LTDEMIAQY_HLA-A*01:01,tcr2826,1
vdjdb_full_10636_ss_2_n0,LTDEMIAQY_HLA-A*01:01,tcr17959,0
vdjdb_full_10613,LTDEMIAQY_HLA-A*01:01,tcr10462,1
vdjdb_full_10613_ss_2_n0,LTDEMIAQY_HLA-A*01:01,tcr4341,0
vdjdb_full_10676,LTDEMIAQY_HLA-A*01:01,tcr4124,1
vdjdb_full_10676_ss_2_n0,LTDEMIAQY_HLA-A*01:01,tcr16201,0
vdjdb_full_10631,LTDEMIAQY_HLA-A*01:01,tcr7423,1
vdjdb_full_10631_ss_2_n0,LTDEMIAQY_HLA-A*01:01,tcr10331,0
vdjdb_full_10650,LTDEMIAQY_HLA-A*01:01,tcr4402,1
vdjdb_full_10650_ss_2_n0,LTDEMIAQY_HLA-A*01:01,tcr11775,0
vdjdb_full_10593,LTDEMIAQY_HLA-A*01:01,tcr6918,1
vdjdb_full_10593_ss_2_n0,LTDEMIAQY_HLA-A*01:01,tcr9451,0
vdjdb_full_10610,LTDEMIAQY_HLA-A*01:01,tcr12979,1
vdjdb_full_10610_ss_2_n0,LTDEMIAQY_HLA-A*01:01,tcr8356,0
vdjdb_full_10600,LTDEMIAQY_HLA-A*01:01,tcr2048,1
vdjdb_full_10600_ss_2_n0,LTDEMIAQY_HLA-A*01:01,tcr3955,0
vdjdb_full_10640,LTDEMIAQY_HLA-A*01:01,tcr2131,1
vdjdb_full_10640_ss_2_n0,LTDEMIAQY_HLA-A*01:01,tcr13106,0
vdjdb_full_10659,LTDEMIAQY_HLA-A*01:01,tcr2891,1
vdjdb_full_10659_ss_2_n0,LTDEMIAQY_HLA-A*01:01,tcr16689,0
vdjdb_full_10609,LTDEMIAQY_HLA-A*01:01,tcr15164,1
vdjdb_full_10609_ss_2_n0,LTDEMIAQY_HLA-A*01:01,tcr14278,0
vdjdb_full_10627,LTDEMIAQY_HLA-A*01:01,tcr383,1
vdjdb_full_10627_ss_2_n0,LTDEMIAQY_HLA-A*01:01,tcr13392,0
vdjdb_full_10582,LTDEMIAQY_HLA-A*01:01,tcr6344,1
vdjdb_full_10582_ss_2_n0,LTDEMIAQY_HLA-A*01:01,tcr1003,0
vdjdb_full_10670,LTDEMIAQY_HLA-A*01:01,tcr4006,1
vdjdb_full_10670_ss_2_n0,LTDEMIAQY_HLA-A*01:01,tcr14224,0
vdjdb_full_10611,LTDEMIAQY_HLA-A*01:01,tcr7637,1
vdjdb_full_10611_ss_2_n0,LTDEMIAQY_HLA-A*01:01,tcr17718,0
vdjdb_full_10615,LTDEMIAQY_HLA-A*01:01,tcr12027,1
vdjdb_full_10615_ss_2_n0,LTDEMIAQY_HLA-A*01:01,tcr5865,0
vdjdb_full_10662,LTDEMIAQY_HLA-A*01:01,tcr15742,1
vdjdb_full_10662_ss_2_n0,LTDEMIAQY_HLA-A*01:01,tcr12415,0
vdjdb_full_13467,FLYALALLL_HLA-A*02:01,tcr8299,1
vdjdb_full_13467_ss_2_n0,FLYALALLL_HLA-A*02:01,tcr8524,0
vdjdb_full_13391,FLYALALLL_HLA-A*02:01,tcr13424,1
vdjdb_full_13391_ss_2_n0,FLYALALLL_HLA-A*02:01,tcr1733,0
vdjdb_full_13427,FLYALALLL_HLA-A*02:01,tcr16460,1
vdjdb_full_13427_ss_2_n0,FLYALALLL_HLA-A*02:01,tcr4012,0
vdjdb_full_13456,FLYALALLL_HLA-A*02:01,tcr7238,1
vdjdb_full_13456_ss_2_n0,FLYALALLL_HLA-A*02:01,tcr17831,0
vdjdb_full_13397,FLYALALLL_HLA-A*02:01,tcr12100,1
vdjdb_full_13397_ss_2_n0,FLYALALLL_HLA-A*02:01,tcr7381,0
vdjdb_full_13432,FLYALALLL_HLA-A*02:01,tcr11641,1
vdjdb_full_13432_ss_2_n0,FLYALALLL_HLA-A*02:01,tcr3704,0
vdjdb_full_13457,FLYALALLL_HLA-A*02:01,tcr4595,1
vdjdb_full_13457_ss_2_n0,FLYALALLL_HLA-A*02:01,tcr5424,0
vdjdb_full_13453,FLYALALLL_HLA-A*02:01,tcr9443,1
vdjdb_full_13453_ss_2_n0,FLYALALLL_HLA-A*02:01,tcr14,0
vdjdb_full_13434,FLYALALLL_HLA-A*02:01,tcr14231,1
vdjdb_full_13434_ss_2_n0,FLYALALLL_HLA-A*02:01,tcr11220,0
vdjdb_full_13398,FLYALALLL_HLA-A*02:01,tcr3944,1
vdjdb_full_13398_ss_2_n0,FLYALALLL_HLA-A*02:01,tcr17492,0
vdjdb_full_13485,FLYALALLL_HLA-A*02:01,tcr814,1
vdjdb_full_13485_ss_2_n0,FLYALALLL_HLA-A*02:01,tcr2914,0
vdjdb_full_13423,FLYALALLL_HLA-A*02:01,tcr16609,1
vdjdb_full_13423_ss_2_n0,FLYALALLL_HLA-A*02:01,tcr12227,0
vdjdb_full_13470,FLYALALLL_HLA-A*02:01,tcr1457,1
vdjdb_full_13470_ss_2_n0,FLYALALLL_HLA-A*02:01,tcr5535,0
vdjdb_full_13498,FLYALALLL_HLA-A*02:01,tcr5702,1
vdjdb_full_13498_ss_2_n0,FLYALALLL_HLA-A*02:01,tcr11034,0
vdjdb_full_13405,FLYALALLL_HLA-A*02:01,tcr10463,1
vdjdb_full_13405_ss_2_n0,FLYALALLL_HLA-A*02:01,tcr5651,0
vdjdb_full_13387,FLYALALLL_HLA-A*02:01,tcr7531,1
vdjdb_full_13387_ss_2_n0,FLYALALLL_HLA-A*02:01,tcr11556,0
vdjdb_full_13459,FLYALALLL_HLA-A*02:01,tcr3083,1
vdjdb_full_13459_ss_2_n0,FLYALALLL_HLA-A*02:01,tcr94,0
vdjdb_full_13413,FLYALALLL_HLA-A*02:01,tcr16130,1
vdjdb_full_13413_ss_2_n0,FLYALALLL_HLA-A*02:01,tcr122,0
vdjdb_full_13468,FLYALALLL_HLA-A*02:01,tcr11864,1
vdjdb_full_13468_ss_2_n0,FLYALALLL_HLA-A*02:01,tcr12841,0
vdjdb_full_13440,FLYALALLL_HLA-A*02:01,tcr9125,1
vdjdb_full_13440_ss_2_n0,FLYALALLL_HLA-A*02:01,tcr17438,0
vdjdb_full_13491,FLYALALLL_HLA-A*02:01,tcr10394,1
vdjdb_full_13491_ss_2_n0,FLYALALLL_HLA-A*02:01,tcr3053,0
vdjdb_full_13478,FLYALALLL_HLA-A*02:01,tcr13056,1
vdjdb_full_13478_ss_2_n0,FLYALALLL_HLA-A*02:01,tcr14415,0
vdjdb_full_13399,FLYALALLL_HLA-A*02:01,tcr476,1
vdjdb_full_13399_ss_2_n0,FLYALALLL_HLA-A*02:01,tcr914,0
vdjdb_full_13418,FLYALALLL_HLA-A*02:01,tcr7368,1
vdjdb_full_13418_ss_2_n0,FLYALALLL_HLA-A*02:01,tcr14874,0
vdjdb_full_13454,FLYALALLL_HLA-A*02:01,tcr2289,1
vdjdb_full_13454_ss_2_n0,FLYALALLL_HLA-A*02:01,tcr9319,0
vdjdb_full_13497,FLYALALLL_HLA-A*02:01,tcr8541,1
vdjdb_full_13497_ss_2_n0,FLYALALLL_HLA-A*02:01,tcr5076,0
vdjdb_full_13494,FLYALALLL_HLA-A*02:01,tcr9253,1
vdjdb_full_13494_ss_2_n0,FLYALALLL_HLA-A*02:01,tcr3431,0
vdjdb_full_13409,FLYALALLL_HLA-A*02:01,tcr10128,1
vdjdb_full_13409_ss_2_n0,FLYALALLL_HLA-A*02:01,tcr7886,0
vdjdb_full_13431,FLYALALLL_HLA-A*02:01,tcr13311,1
vdjdb_full_13431_ss_2_n0,FLYALALLL_HLA-A*02:01,tcr15369,0
vdjdb_full_13495,FLYALALLL_HLA-A*02:01,tcr18103,1
vdjdb_full_13495_ss_2_n0,FLYALALLL_HLA-A*02:01,tcr4182,0
vdjdb_full_13465,FLYALALLL_HLA-A*02:01,tcr14550,1
vdjdb_full_13465_ss_2_n0,FLYALALLL_HLA-A*02:01,tcr14889,0
vdjdb_full_13402,FLYALALLL_HLA-A*02:01,tcr2728,1
vdjdb_full_13402_ss_2_n0,FLYALALLL_HLA-A*02:01,tcr2586,0
vdjdb_full_13417,FLYALALLL_HLA-A*02:01,tcr5850,1
vdjdb_full_13417_ss_2_n0,FLYALALLL_HLA-A*02:01,tcr18344,0
vdjdb_full_13490,FLYALALLL_HLA-A*02:01,tcr17769,1
vdjdb_full_13490_ss_2_n0,FLYALALLL_HLA-A*02:01,tcr6040,0
vdjdb_full_13396,FLYALALLL_HLA-A*02:01,tcr7611,1
vdjdb_full_13396_ss_2_n0,FLYALALLL_HLA-A*02:01,tcr4547,0
vdjdb_full_13420,FLYALALLL_HLA-A*02:01,tcr17340,1
vdjdb_full_13420_ss_2_n0,FLYALALLL_HLA-A*02:01,tcr2864,0
vdjdb_full_13449,FLYALALLL_HLA-A*02:01,tcr12622,1
vdjdb_full_13449_ss_2_n0,FLYALALLL_HLA-A*02:01,tcr6596,0
vdjdb_full_13452,FLYALALLL_HLA-A*02:01,tcr10712,1
vdjdb_full_13452_ss_2_n0,FLYALALLL_HLA-A*02:01,tcr12710,0
vdjdb_full_13415,FLYALALLL_HLA-A*02:01,tcr7223,1
vdjdb_full_13415_ss_2_n0,FLYALALLL_HLA-A*02:01,tcr7730,0
vdjdb_full_13429,FLYALALLL_HLA-A*02:01,tcr10927,1
vdjdb_full_13429_ss_2_n0,FLYALALLL_HLA-A*02:01,tcr6917,0
vdjdb_full_13392,FLYALALLL_HLA-A*02:01,tcr656,1
vdjdb_full_13392_ss_2_n0,FLYALALLL_HLA-A*02:01,tcr3486,0
vdjdb_full_13442,FLYALALLL_HLA-A*02:01,tcr15248,1
vdjdb_full_13442_ss_2_n0,FLYALALLL_HLA-A*02:01,tcr18251,0
vdjdb_full_13451,FLYALALLL_HLA-A*02:01,tcr14471,1
vdjdb_full_13451_ss_2_n0,FLYALALLL_HLA-A*02:01,tcr764,0
vdjdb_full_13426,FLYALALLL_HLA-A*02:01,tcr9351,1
vdjdb_full_13426_ss_2_n0,FLYALALLL_HLA-A*02:01,tcr8791,0
vdjdb_full_13422,FLYALALLL_HLA-A*02:01,tcr17834,1
vdjdb_full_13422_ss_2_n0,FLYALALLL_HLA-A*02:01,tcr8910,0
vdjdb_full_13403,FLYALALLL_HLA-A*02:01,tcr12535,1
vdjdb_full_13403_ss_2_n0,FLYALALLL_HLA-A*02:01,tcr13950,0
vdjdb_full_13487,FLYALALLL_HLA-A*02:01,tcr10574,1
vdjdb_full_13487_ss_2_n0,FLYALALLL_HLA-A*02:01,tcr8030,0
vdjdb_full_13421,FLYALALLL_HLA-A*02:01,tcr6007,1
vdjdb_full_13421_ss_2_n0,FLYALALLL_HLA-A*02:01,tcr5500,0
vdjdb_full_13443,FLYALALLL_HLA-A*02:01,tcr8217,1
vdjdb_full_13443_ss_2_n0,FLYALALLL_HLA-A*02:01,tcr7648,0
vdjdb_full_13394,FLYALALLL_HLA-A*02:01,tcr15961,1
vdjdb_full_13394_ss_2_n0,FLYALALLL_HLA-A*02:01,tcr2824,0
vdjdb_full_13430,FLYALALLL_HLA-A*02:01,tcr16377,1
vdjdb_full_13430_ss_2_n0,FLYALALLL_HLA-A*02:01,tcr197,0
vdjdb_full_13455,FLYALALLL_HLA-A*02:01,tcr15506,1
vdjdb_full_13455_ss_2_n0,FLYALALLL_HLA-A*02:01,tcr1356,0
vdjdb_full_13472,FLYALALLL_HLA-A*02:01,tcr9538,1
vdjdb_full_13472_ss_2_n0,FLYALALLL_HLA-A*02:01,tcr14052,0
vdjdb_full_13414,FLYALALLL_HLA-A*02:01,tcr8732,1
vdjdb_full_13414_ss_2_n0,FLYALALLL_HLA-A*02:01,tcr18313,0
vdjdb_full_13406,FLYALALLL_HLA-A*02:01,tcr2459,1
vdjdb_full_13406_ss_2_n0,FLYALALLL_HLA-A*02:01,tcr3645,0
vdjdb_full_13477,FLYALALLL_HLA-A*02:01,tcr575,1
vdjdb_full_13477_ss_2_n0,FLYALALLL_HLA-A*02:01,tcr18230,0
vdjdb_full_13482,FLYALALLL_HLA-A*02:01,tcr7206,1
vdjdb_full_13482_ss_2_n0,FLYALALLL_HLA-A*02:01,tcr11957,0
vdjdb_full_13412,FLYALALLL_HLA-A*02:01,tcr16310,1
vdjdb_full_13412_ss_2_n0,FLYALALLL_HLA-A*02:01,tcr15948,0
vdjdb_full_13395,FLYALALLL_HLA-A*02:01,tcr17633,1
vdjdb_full_13395_ss_2_n0,FLYALALLL_HLA-A*02:01,tcr11645,0
vdjdb_full_13471,FLYALALLL_HLA-A*02:01,tcr8949,1
vdjdb_full_13471_ss_2_n0,FLYALALLL_HLA-A*02:01,tcr12011,0
vdjdb_full_13436,FLYALALLL_HLA-A*02:01,tcr11721,1
vdjdb_full_13436_ss_2_n0,FLYALALLL_HLA-A*02:01,tcr10865,0
vdjdb_full_13400,FLYALALLL_HLA-A*02:01,tcr13534,1
vdjdb_full_13400_ss_2_n0,FLYALALLL_HLA-A*02:01,tcr11916,0
vdjdb_full_13466,FLYALALLL_HLA-A*02:01,tcr9572,1
vdjdb_full_13466_ss_2_n0,FLYALALLL_HLA-A*02:01,tcr3779,0
vdjdb_full_13411,FLYALALLL_HLA-A*02:01,tcr16542,1
vdjdb_full_13411_ss_2_n0,FLYALALLL_HLA-A*02:01,tcr7799,0
vdjdb_full_13390,FLYALALLL_HLA-A*02:01,tcr5425,1
vdjdb_full_13390_ss_2_n0,FLYALALLL_HLA-A*02:01,tcr919,0
vdjdb_full_13404,FLYALALLL_HLA-A*02:01,tcr1368,1
vdjdb_full_13404_ss_2_n0,FLYALALLL_HLA-A*02:01,tcr7116,0
vdjdb_full_13425,FLYALALLL_HLA-A*02:01,tcr11775,1
vdjdb_full_13425_ss_2_n0,FLYALALLL_HLA-A*02:01,tcr8218,0
vdjdb_full_13480,FLYALALLL_HLA-A*02:01,tcr14748,1
vdjdb_full_13480_ss_2_n0,FLYALALLL_HLA-A*02:01,tcr914,0
vdjdb_full_13393,FLYALALLL_HLA-A*02:01,tcr1334,1
vdjdb_full_13393_ss_2_n0,FLYALALLL_HLA-A*02:01,tcr70,0
vdjdb_full_13460,FLYALALLL_HLA-A*02:01,tcr16293,1
vdjdb_full_13460_ss_2_n0,FLYALALLL_HLA-A*02:01,tcr269,0
vdjdb_full_13484,FLYALALLL_HLA-A*02:01,tcr723,1
vdjdb_full_13484_ss_2_n0,FLYALALLL_HLA-A*02:01,tcr8897,0
vdjdb_full_13476,FLYALALLL_HLA-A*02:01,tcr2747,1
vdjdb_full_13476_ss_2_n0,FLYALALLL_HLA-A*02:01,tcr5598,0
vdjdb_full_13441,FLYALALLL_HLA-A*02:01,tcr16427,1
vdjdb_full_13441_ss_2_n0,FLYALALLL_HLA-A*02:01,tcr9133,0
vdjdb_full_13437,FLYALALLL_HLA-A*02:01,tcr4424,1
vdjdb_full_13437_ss_2_n0,FLYALALLL_HLA-A*02:01,tcr81,0
vdjdb_full_13463,FLYALALLL_HLA-A*02:01,tcr3136,1
vdjdb_full_13463_ss_2_n0,FLYALALLL_HLA-A*02:01,tcr16856,0
vdjdb_full_13433,FLYALALLL_HLA-A*02:01,tcr10766,1
vdjdb_full_13433_ss_2_n0,FLYALALLL_HLA-A*02:01,tcr2649,0
vdjdb_full_13464,FLYALALLL_HLA-A*02:01,tcr11610,1
vdjdb_full_13464_ss_2_n0,FLYALALLL_HLA-A*02:01,tcr16763,0
vdjdb_full_13448,FLYALALLL_HLA-A*02:01,tcr4030,1
vdjdb_full_13448_ss_2_n0,FLYALALLL_HLA-A*02:01,tcr2601,0
vdjdb_full_13496,FLYALALLL_HLA-A*02:01,tcr17472,1
vdjdb_full_13496_ss_2_n0,FLYALALLL_HLA-A*02:01,tcr535,0
vdjdb_full_13475,FLYALALLL_HLA-A*02:01,tcr10681,1
vdjdb_full_13475_ss_2_n0,FLYALALLL_HLA-A*02:01,tcr3937,0
vdjdb_full_13428,FLYALALLL_HLA-A*02:01,tcr17357,1
vdjdb_full_13428_ss_2_n0,FLYALALLL_HLA-A*02:01,tcr14586,0
vdjdb_full_13445,FLYALALLL_HLA-A*02:01,tcr7865,1
vdjdb_full_13445_ss_2_n0,FLYALALLL_HLA-A*02:01,tcr17040,0
vdjdb_full_13435,FLYALALLL_HLA-A*02:01,tcr7864,1
vdjdb_full_13435_ss_2_n0,FLYALALLL_HLA-A*02:01,tcr5125,0
vdjdb_full_13483,FLYALALLL_HLA-A*02:01,tcr14385,1
vdjdb_full_13483_ss_2_n0,FLYALALLL_HLA-A*02:01,tcr16695,0
vdjdb_full_13444,FLYALALLL_HLA-A*02:01,tcr3063,1
vdjdb_full_13444_ss_2_n0,FLYALALLL_HLA-A*02:01,tcr2635,0
vdjdb_full_13462,FLYALALLL_HLA-A*02:01,tcr6411,1
vdjdb_full_13462_ss_2_n0,FLYALALLL_HLA-A*02:01,tcr9796,0
vdjdb_full_13419,FLYALALLL_HLA-A*02:01,tcr14090,1
vdjdb_full_13419_ss_2_n0,FLYALALLL_HLA-A*02:01,tcr5484,0
vdjdb_full_13492,FLYALALLL_HLA-A*02:01,tcr17247,1
vdjdb_full_13492_ss_2_n0,FLYALALLL_HLA-A*02:01,tcr8426,0
vdjdb_full_13446,FLYALALLL_HLA-A*02:01,tcr7572,1
vdjdb_full_13446_ss_2_n0,FLYALALLL_HLA-A*02:01,tcr3148,0
vdjdb_full_13450,FLYALALLL_HLA-A*02:01,tcr7095,1
vdjdb_full_13450_ss_2_n0,FLYALALLL_HLA-A*02:01,tcr2818,0
vdjdb_full_13481,FLYALALLL_HLA-A*02:01,tcr17087,1
vdjdb_full_13481_ss_2_n0,FLYALALLL_HLA-A*02:01,tcr3432,0
vdjdb_full_13424,FLYALALLL_HLA-A*02:01,tcr372,1
vdjdb_full_13424_ss_2_n0,FLYALALLL_HLA-A*02:01,tcr6791,0
vdjdb_full_13416,FLYALALLL_HLA-A*02:01,tcr8843,1
vdjdb_full_13416_ss_2_n0,FLYALALLL_HLA-A*02:01,tcr13654,0
vdjdb_full_13486,FLYALALLL_HLA-A*02:01,tcr4611,1
vdjdb_full_13486_ss_2_n0,FLYALALLL_HLA-A*02:01,tcr18188,0
vdjdb_full_13388,FLYALALLL_HLA-A*02:01,tcr15268,1
vdjdb_full_13388_ss_2_n0,FLYALALLL_HLA-A*02:01,tcr15908,0
vdjdb_full_13439,FLYALALLL_HLA-A*02:01,tcr1182,1
vdjdb_full_13439_ss_2_n0,FLYALALLL_HLA-A*02:01,tcr9254,0
vdjdb_full_13408,FLYALALLL_HLA-A*02:01,tcr16079,1
vdjdb_full_13408_ss_2_n0,FLYALALLL_HLA-A*02:01,tcr10324,0
vdjdb_full_13389,FLYALALLL_HLA-A*02:01,tcr5984,1
vdjdb_full_13389_ss_2_n0,FLYALALLL_HLA-A*02:01,tcr3038,0
vdjdb_full_13410,FLYALALLL_HLA-A*02:01,tcr3073,1
vdjdb_full_13410_ss_2_n0,FLYALALLL_HLA-A*02:01,tcr2115,0
vdjdb_full_13474,FLYALALLL_HLA-A*02:01,tcr12663,1
vdjdb_full_13474_ss_2_n0,FLYALALLL_HLA-A*02:01,tcr1654,0
vdjdb_full_15944,KSKRTPMGF_HLA-B*57:01,tcr12273,1
vdjdb_full_15944_ss_2_n0,KSKRTPMGF_HLA-B*57:01,tcr17319,0
vdjdb_full_15871,KSKRTPMGF_HLA-B*57:01,tcr10343,1
vdjdb_full_15871_ss_2_n0,KSKRTPMGF_HLA-B*57:01,tcr5874,0
vdjdb_full_15865,KSKRTPMGF_HLA-B*57:01,tcr6073,1
vdjdb_full_15865_ss_2_n0,KSKRTPMGF_HLA-B*57:01,tcr2826,0
vdjdb_full_15950,KSKRTPMGF_HLA-B*57:01,tcr13315,1
vdjdb_full_15950_ss_2_n0,KSKRTPMGF_HLA-B*57:01,tcr11645,0
vdjdb_full_15930,KSKRTPMGF_HLA-B*57:01,tcr17316,1
vdjdb_full_15930_ss_2_n0,KSKRTPMGF_HLA-B*57:01,tcr17281,0
vdjdb_full_15934,KSKRTPMGF_HLA-B*57:01,tcr18346,1
vdjdb_full_15934_ss_2_n0,KSKRTPMGF_HLA-B*57:01,tcr15245,0
vdjdb_full_15894,KSKRTPMGF_HLA-B*57:01,tcr309,1
vdjdb_full_15894_ss_2_n0,KSKRTPMGF_HLA-B*57:01,tcr1900,0
vdjdb_full_15909,KSKRTPMGF_HLA-B*57:01,tcr10324,1
vdjdb_full_15909_ss_2_n0,KSKRTPMGF_HLA-B*57:01,tcr9720,0
vdjdb_full_15963,KSKRTPMGF_HLA-B*57:01,tcr17308,1
vdjdb_full_15963_ss_2_n0,KSKRTPMGF_HLA-B*57:01,tcr2477,0
vdjdb_full_15872,KSKRTPMGF_HLA-B*57:01,tcr4181,1
vdjdb_full_15872_ss_2_n0,KSKRTPMGF_HLA-B*57:01,tcr18353,0
vdjdb_full_15945,KSKRTPMGF_HLA-B*57:01,tcr14500,1
vdjdb_full_15945_ss_2_n0,KSKRTPMGF_HLA-B*57:01,tcr3318,0
vdjdb_full_15946,KSKRTPMGF_HLA-B*57:01,tcr6823,1
vdjdb_full_15946_ss_2_n0,KSKRTPMGF_HLA-B*57:01,tcr593,0
vdjdb_full_15861,KSKRTPMGF_HLA-B*57:01,tcr2626,1
vdjdb_full_15861_ss_2_n0,KSKRTPMGF_HLA-B*57:01,tcr2832,0
vdjdb_full_15947,KSKRTPMGF_HLA-B*57:01,tcr9790,1
vdjdb_full_15947_ss_2_n0,KSKRTPMGF_HLA-B*57:01,tcr10482,0
vdjdb_full_15880,KSKRTPMGF_HLA-B*57:01,tcr11874,1
vdjdb_full_15880_ss_2_n0,KSKRTPMGF_HLA-B*57:01,tcr4566,0
vdjdb_full_15936,KSKRTPMGF_HLA-B*57:01,tcr11556,1
vdjdb_full_15936_ss_2_n0,KSKRTPMGF_HLA-B*57:01,tcr6456,0
vdjdb_full_15921,KSKRTPMGF_HLA-B*57:01,tcr18222,1
vdjdb_full_15921_ss_2_n0,KSKRTPMGF_HLA-B*57:01,tcr3906,0
vdjdb_full_15938,KSKRTPMGF_HLA-B*57:01,tcr1165,1
vdjdb_full_15938_ss_2_n0,KSKRTPMGF_HLA-B*57:01,tcr11926,0
vdjdb_full_15974,KSKRTPMGF_HLA-B*57:01,tcr5148,1
vdjdb_full_15974_ss_2_n0,KSKRTPMGF_HLA-B*57:01,tcr685,0
vdjdb_full_15906,KSKRTPMGF_HLA-B*57:01,tcr888,1
vdjdb_full_15906_ss_2_n0,KSKRTPMGF_HLA-B*57:01,tcr11423,0
vdjdb_full_15873,KSKRTPMGF_HLA-B*57:01,tcr1820,1
vdjdb_full_15873_ss_2_n0,KSKRTPMGF_HLA-B*57:01,tcr11610,0
vdjdb_full_15900,KSKRTPMGF_HLA-B*57:01,tcr2683,1
vdjdb_full_15900_ss_2_n0,KSKRTPMGF_HLA-B*57:01,tcr17552,0
vdjdb_full_15931,KSKRTPMGF_HLA-B*57:01,tcr1273,1
vdjdb_full_15931_ss_2_n0,KSKRTPMGF_HLA-B*57:01,tcr1130,0
vdjdb_full_15888,KSKRTPMGF_HLA-B*57:01,tcr14969,1
vdjdb_full_15888_ss_2_n0,KSKRTPMGF_HLA-B*57:01,tcr7956,0
vdjdb_full_15884,KSKRTPMGF_HLA-B*57:01,tcr14506,1
vdjdb_full_15884_ss_2_n0,KSKRTPMGF_HLA-B*57:01,tcr12097,0
vdjdb_full_15895,KSKRTPMGF_HLA-B*57:01,tcr7137,1
vdjdb_full_15895_ss_2_n0,KSKRTPMGF_HLA-B*57:01,tcr17672,0
vdjdb_full_15912,KSKRTPMGF_HLA-B*57:01,tcr9254,1
vdjdb_full_15912_ss_2_n0,KSKRTPMGF_HLA-B*57:01,tcr12925,0
vdjdb_full_15942,KSKRTPMGF_HLA-B*57:01,tcr13450,1
vdjdb_full_15942_ss_2_n0,KSKRTPMGF_HLA-B*57:01,tcr15795,0
vdjdb_full_15877,KSKRTPMGF_HLA-B*57:01,tcr14723,1
vdjdb_full_15877_ss_2_n0,KSKRTPMGF_HLA-B*57:01,tcr7413,0
vdjdb_full_15908,KSKRTPMGF_HLA-B*57:01,tcr12308,1
vdjdb_full_15908_ss_2_n0,KSKRTPMGF_HLA-B*57:01,tcr9280,0
vdjdb_full_15955,KSKRTPMGF_HLA-B*57:01,tcr5961,1
vdjdb_full_15955_ss_2_n0,KSKRTPMGF_HLA-B*57:01,tcr7299,0
vdjdb_full_15956,KSKRTPMGF_HLA-B*57:01,tcr13034,1
vdjdb_full_15956_ss_2_n0,KSKRTPMGF_HLA-B*57:01,tcr18140,0
vdjdb_full_15870,KSKRTPMGF_HLA-B*57:01,tcr4431,1
vdjdb_full_15870_ss_2_n0,KSKRTPMGF_HLA-B*57:01,tcr17664,0
vdjdb_full_15897,KSKRTPMGF_HLA-B*57:01,tcr9872,1
vdjdb_full_15897_ss_2_n0,KSKRTPMGF_HLA-B*57:01,tcr18160,0
vdjdb_full_15920,KSKRTPMGF_HLA-B*57:01,tcr6046,1
vdjdb_full_15920_ss_2_n0,KSKRTPMGF_HLA-B*57:01,tcr3441,0
vdjdb_full_15935,KSKRTPMGF_HLA-B*57:01,tcr12574,1
vdjdb_full_15935_ss_2_n0,KSKRTPMGF_HLA-B*57:01,tcr15491,0
vdjdb_full_15890,KSKRTPMGF_HLA-B*57:01,tcr2436,1
vdjdb_full_15890_ss_2_n0,KSKRTPMGF_HLA-B*57:01,tcr14101,0
vdjdb_full_15904,KSKRTPMGF_HLA-B*57:01,tcr6738,1
vdjdb_full_15904_ss_2_n0,KSKRTPMGF_HLA-B*57:01,tcr9437,0
vdjdb_full_15866,KSKRTPMGF_HLA-B*57:01,tcr11798,1
vdjdb_full_15866_ss_2_n0,KSKRTPMGF_HLA-B*57:01,tcr7730,0
vdjdb_full_15918,KSKRTPMGF_HLA-B*57:01,tcr3536,1
vdjdb_full_15918_ss_2_n0,KSKRTPMGF_HLA-B*57:01,tcr12579,0
vdjdb_full_15928,KSKRTPMGF_HLA-B*57:01,tcr12720,1
vdjdb_full_15928_ss_2_n0,KSKRTPMGF_HLA-B*57:01,tcr12880,0
vdjdb_full_15903,KSKRTPMGF_HLA-B*57:01,tcr15063,1
vdjdb_full_15903_ss_2_n0,KSKRTPMGF_HLA-B*57:01,tcr4653,0
vdjdb_full_15899,KSKRTPMGF_HLA-B*57:01,tcr3290,1
vdjdb_full_15899_ss_2_n0,KSKRTPMGF_HLA-B*57:01,tcr15150,0
vdjdb_full_15878,KSKRTPMGF_HLA-B*57:01,tcr12420,1
vdjdb_full_15878_ss_2_n0,KSKRTPMGF_HLA-B*57:01,tcr7343,0
vdjdb_full_15970,KSKRTPMGF_HLA-B*57:01,tcr5370,1
vdjdb_full_15970_ss_2_n0,KSKRTPMGF_HLA-B*57:01,tcr5278,0
vdjdb_full_15898,KSKRTPMGF_HLA-B*57:01,tcr6804,1
vdjdb_full_15898_ss_2_n0,KSKRTPMGF_HLA-B*57:01,tcr18353,0
vdjdb_full_15933,KSKRTPMGF_HLA-B*57:01,tcr12561,1
vdjdb_full_15933_ss_2_n0,KSKRTPMGF_HLA-B*57:01,tcr16712,0
vdjdb_full_15868,KSKRTPMGF_HLA-B*57:01,tcr14190,1
vdjdb_full_15868_ss_2_n0,KSKRTPMGF_HLA-B*57:01,tcr5424,0
vdjdb_full_15907,KSKRTPMGF_HLA-B*57:01,tcr5066,1
vdjdb_full_15907_ss_2_n0,KSKRTPMGF_HLA-B*57:01,tcr11156,0
vdjdb_full_15932,KSKRTPMGF_HLA-B*57:01,tcr16820,1
vdjdb_full_15932_ss_2_n0,KSKRTPMGF_HLA-B*57:01,tcr2022,0
vdjdb_full_15939,KSKRTPMGF_HLA-B*57:01,tcr18331,1
vdjdb_full_15939_ss_2_n0,KSKRTPMGF_HLA-B*57:01,tcr2762,0
vdjdb_full_15889,KSKRTPMGF_HLA-B*57:01,tcr15345,1
vdjdb_full_15889_ss_2_n0,KSKRTPMGF_HLA-B*57:01,tcr16427,0
vdjdb_full_15881,KSKRTPMGF_HLA-B*57:01,tcr1976,1
vdjdb_full_15881_ss_2_n0,KSKRTPMGF_HLA-B*57:01,tcr10231,0
vdjdb_full_15954,KSKRTPMGF_HLA-B*57:01,tcr10718,1
vdjdb_full_15954_ss_2_n0,KSKRTPMGF_HLA-B*57:01,tcr17890,0
vdjdb_full_15960,KSKRTPMGF_HLA-B*57:01,tcr9979,1
vdjdb_full_15960_ss_2_n0,KSKRTPMGF_HLA-B*57:01,tcr5036,0
vdjdb_full_15887,KSKRTPMGF_HLA-B*57:01,tcr16531,1
vdjdb_full_15887_ss_2_n0,KSKRTPMGF_HLA-B*57:01,tcr13666,0
vdjdb_full_15869,KSKRTPMGF_HLA-B*57:01,tcr10464,1
vdjdb_full_15869_ss_2_n0,KSKRTPMGF_HLA-B*57:01,tcr7061,0
vdjdb_full_15968,KSKRTPMGF_HLA-B*57:01,tcr15744,1
vdjdb_full_15968_ss_2_n0,KSKRTPMGF_HLA-B*57:01,tcr4372,0
vdjdb_full_15914,KSKRTPMGF_HLA-B*57:01,tcr12213,1
vdjdb_full_15914_ss_2_n0,KSKRTPMGF_HLA-B*57:01,tcr10482,0
vdjdb_full_15874,KSKRTPMGF_HLA-B*57:01,tcr6163,1
vdjdb_full_15874_ss_2_n0,KSKRTPMGF_HLA-B*57:01,tcr16970,0
vdjdb_full_15943,KSKRTPMGF_HLA-B*57:01,tcr16081,1
vdjdb_full_15943_ss_2_n0,KSKRTPMGF_HLA-B*57:01,tcr2747,0
vdjdb_full_15886,KSKRTPMGF_HLA-B*57:01,tcr12707,1
vdjdb_full_15886_ss_2_n0,KSKRTPMGF_HLA-B*57:01,tcr8995,0
vdjdb_full_15864,KSKRTPMGF_HLA-B*57:01,tcr7274,1
vdjdb_full_15864_ss_2_n0,KSKRTPMGF_HLA-B*57:01,tcr4224,0
vdjdb_full_15879,KSKRTPMGF_HLA-B*57:01,tcr1190,1
vdjdb_full_15879_ss_2_n0,KSKRTPMGF_HLA-B*57:01,tcr8628,0
vdjdb_full_15902,KSKRTPMGF_HLA-B*57:01,tcr15521,1
vdjdb_full_15902_ss_2_n0,KSKRTPMGF_HLA-B*57:01,tcr5535,0
vdjdb_full_15951,KSKRTPMGF_HLA-B*57:01,tcr14454,1
vdjdb_full_15951_ss_2_n0,KSKRTPMGF_HLA-B*57:01,tcr12577,0
vdjdb_full_15867,KSKRTPMGF_HLA-B*57:01,tcr13641,1
vdjdb_full_15867_ss_2_n0,KSKRTPMGF_HLA-B*57:01,tcr9453,0
vdjdb_full_15971,KSKRTPMGF_HLA-B*57:01,tcr207,1
vdjdb_full_15971_ss_2_n0,KSKRTPMGF_HLA-B*57:01,tcr2649,0
vdjdb_full_15962,KSKRTPMGF_HLA-B*57:01,tcr4978,1
vdjdb_full_15962_ss_2_n0,KSKRTPMGF_HLA-B*57:01,tcr13623,0
vdjdb_full_15957,KSKRTPMGF_HLA-B*57:01,tcr6359,1
vdjdb_full_15957_ss_2_n0,KSKRTPMGF_HLA-B*57:01,tcr4671,0
vdjdb_full_15919,KSKRTPMGF_HLA-B*57:01,tcr11174,1
vdjdb_full_15919_ss_2_n0,KSKRTPMGF_HLA-B*57:01,tcr1772,0
vdjdb_full_15915,KSKRTPMGF_HLA-B*57:01,tcr4831,1
vdjdb_full_15915_ss_2_n0,KSKRTPMGF_HLA-B*57:01,tcr9253,0
vdjdb_full_15965,KSKRTPMGF_HLA-B*57:01,tcr2889,1
vdjdb_full_15965_ss_2_n0,KSKRTPMGF_HLA-B*57:01,tcr12036,0
vdjdb_full_15910,KSKRTPMGF_HLA-B*57:01,tcr2248,1
vdjdb_full_15910_ss_2_n0,KSKRTPMGF_HLA-B*57:01,tcr15227,0
vdjdb_full_15949,KSKRTPMGF_HLA-B*57:01,tcr1763,1
vdjdb_full_15949_ss_2_n0,KSKRTPMGF_HLA-B*57:01,tcr15646,0
vdjdb_full_15927,KSKRTPMGF_HLA-B*57:01,tcr12011,1
vdjdb_full_15927_ss_2_n0,KSKRTPMGF_HLA-B*57:01,tcr4158,0
vdjdb_full_15972,KSKRTPMGF_HLA-B*57:01,tcr6055,1
vdjdb_full_15972_ss_2_n0,KSKRTPMGF_HLA-B*57:01,tcr17776,0
vdjdb_full_15967,KSKRTPMGF_HLA-B*57:01,tcr182,1
vdjdb_full_15967_ss_2_n0,KSKRTPMGF_HLA-B*57:01,tcr18301,0
vdjdb_full_15905,KSKRTPMGF_HLA-B*57:01,tcr1504,1
vdjdb_full_15905_ss_2_n0,KSKRTPMGF_HLA-B*57:01,tcr5537,0
vdjdb_full_15923,KSKRTPMGF_HLA-B*57:01,tcr15444,1
vdjdb_full_15923_ss_2_n0,KSKRTPMGF_HLA-B*57:01,tcr7965,0
vdjdb_full_15913,KSKRTPMGF_HLA-B*57:01,tcr6222,1
vdjdb_full_15913_ss_2_n0,KSKRTPMGF_HLA-B*57:01,tcr14664,0
vdjdb_full_15961,KSKRTPMGF_HLA-B*57:01,tcr12275,1
vdjdb_full_15961_ss_2_n0,KSKRTPMGF_HLA-B*57:01,tcr5079,0
vdjdb_full_15922,KSKRTPMGF_HLA-B*57:01,tcr16835,1
vdjdb_full_15922_ss_2_n0,KSKRTPMGF_HLA-B*57:01,tcr14889,0
vdjdb_full_15941,KSKRTPMGF_HLA-B*57:01,tcr6095,1
vdjdb_full_15941_ss_2_n0,KSKRTPMGF_HLA-B*57:01,tcr14875,0
vdjdb_full_15896,KSKRTPMGF_HLA-B*57:01,tcr2173,1
vdjdb_full_15896_ss_2_n0,KSKRTPMGF_HLA-B*57:01,tcr11888,0
vdjdb_full_15975,KSKRTPMGF_HLA-B*57:01,tcr3524,1
vdjdb_full_15975_ss_2_n0,KSKRTPMGF_HLA-B*57:01,tcr16020,0
vdjdb_full_15925,KSKRTPMGF_HLA-B*57:01,tcr8704,1
vdjdb_full_15925_ss_2_n0,KSKRTPMGF_HLA-B*57:01,tcr14874,0
vdjdb_full_15929,KSKRTPMGF_HLA-B*57:01,tcr12625,1
vdjdb_full_15929_ss_2_n0,KSKRTPMGF_HLA-B*57:01,tcr476,0
vdjdb_full_15973,KSKRTPMGF_HLA-B*57:01,tcr4818,1
vdjdb_full_15973_ss_2_n0,KSKRTPMGF_HLA-B*57:01,tcr2327,0
vdjdb_full_15901,KSKRTPMGF_HLA-B*57:01,tcr17519,1
vdjdb_full_15901_ss_2_n0,KSKRTPMGF_HLA-B*57:01,tcr10595,0
vdjdb_full_15892,KSKRTPMGF_HLA-B*57:01,tcr11462,1
vdjdb_full_15892_ss_2_n0,KSKRTPMGF_HLA-B*57:01,tcr9261,0
vdjdb_full_15964,KSKRTPMGF_HLA-B*57:01,tcr11786,1
vdjdb_full_15964_ss_2_n0,KSKRTPMGF_HLA-B*57:01,tcr15547,0
vdjdb_full_15862,KSKRTPMGF_HLA-B*57:01,tcr2802,1
vdjdb_full_15862_ss_2_n0,KSKRTPMGF_HLA-B*57:01,tcr10016,0
vdjdb_full_15917,KSKRTPMGF_HLA-B*57:01,tcr13605,1
vdjdb_full_15917_ss_2_n0,KSKRTPMGF_HLA-B*57:01,tcr16688,0
vdjdb_full_15883,KSKRTPMGF_HLA-B*57:01,tcr6596,1
vdjdb_full_15883_ss_2_n0,KSKRTPMGF_HLA-B*57:01,tcr11903,0
vdjdb_full_15863,KSKRTPMGF_HLA-B*57:01,tcr15984,1
vdjdb_full_15863_ss_2_n0,KSKRTPMGF_HLA-B*57:01,tcr1654,0
vdjdb_full_15885,KSKRTPMGF_HLA-B*57:01,tcr8483,1
vdjdb_full_15885_ss_2_n0,KSKRTPMGF_HLA-B*57:01,tcr16637,0
vdjdb_full_15953,KSKRTPMGF_HLA-B*57:01,tcr14804,1
vdjdb_full_15953_ss_2_n0,KSKRTPMGF_HLA-B*57:01,tcr14450,0
vdjdb_full_15966,KSKRTPMGF_HLA-B*57:01,tcr16935,1
vdjdb_full_15966_ss_2_n0,KSKRTPMGF_HLA-B*57:01,tcr5511,0
vdjdb_full_15940,KSKRTPMGF_HLA-B*57:01,tcr17714,1
vdjdb_full_15940_ss_2_n0,KSKRTPMGF_HLA-B*57:01,tcr9306,0
vdjdb_full_13638,KTFPPTEPK_HLA-A*03:01,tcr6014,1
vdjdb_full_13638_ss_2_n0,KTFPPTEPK_HLA-A*03:01,tcr11567,0
vdjdb_full_13566,KTFPPTEPK_HLA-A*03:01,tcr3756,1
vdjdb_full_13566_ss_2_n0,KTFPPTEPK_HLA-A*03:01,tcr8003,0
vdjdb_full_13560,KTFPPTEPK_HLA-A*03:01,tcr14974,1
vdjdb_full_13560_ss_2_n0,KTFPPTEPK_HLA-A*03:01,tcr3116,0
vdjdb_full_13644,KTFPPTEPK_HLA-A*03:01,tcr18379,1
vdjdb_full_13644_ss_2_n0,KTFPPTEPK_HLA-A*03:01,tcr1663,0
vdjdb_full_13619,KTFPPTEPK_HLA-A*03:01,tcr6402,1
vdjdb_full_13619_ss_2_n0,KTFPPTEPK_HLA-A*03:01,tcr8763,0
vdjdb_full_13625,KTFPPTEPK_HLA-A*03:01,tcr4476,1
vdjdb_full_13625_ss_2_n0,KTFPPTEPK_HLA-A*03:01,tcr9164,0
vdjdb_full_13586,KTFPPTEPK_HLA-A*03:01,tcr12224,1
vdjdb_full_13586_ss_2_n0,KTFPPTEPK_HLA-A*03:01,tcr6211,0
vdjdb_full_13601,KTFPPTEPK_HLA-A*03:01,tcr11628,1
vdjdb_full_13601_ss_2_n0,KTFPPTEPK_HLA-A*03:01,tcr7364,0
vdjdb_full_13656,KTFPPTEPK_HLA-A*03:01,tcr5147,1
vdjdb_full_13656_ss_2_n0,KTFPPTEPK_HLA-A*03:01,tcr3916,0
vdjdb_full_13567,KTFPPTEPK_HLA-A*03:01,tcr15656,1
vdjdb_full_13567_ss_2_n0,KTFPPTEPK_HLA-A*03:01,tcr17911,0
vdjdb_full_13642,KTFPPTEPK_HLA-A*03:01,tcr847,1
vdjdb_full_13642_ss_2_n0,KTFPPTEPK_HLA-A*03:01,tcr5369,0
vdjdb_full_13640,KTFPPTEPK_HLA-A*03:01,tcr10768,1
vdjdb_full_13640_ss_2_n0,KTFPPTEPK_HLA-A*03:01,tcr14304,0
vdjdb_full_13556,KTFPPTEPK_HLA-A*03:01,tcr7929,1
vdjdb_full_13556_ss_2_n0,KTFPPTEPK_HLA-A*03:01,tcr4380,0
vdjdb_full_13641,KTFPPTEPK_HLA-A*03:01,tcr11424,1
vdjdb_full_13641_ss_2_n0,KTFPPTEPK_HLA-A*03:01,tcr51,0
vdjdb_full_13574,KTFPPTEPK_HLA-A*03:01,tcr13815,1
vdjdb_full_13574_ss_2_n0,KTFPPTEPK_HLA-A*03:01,tcr2889,0
vdjdb_full_13627,KTFPPTEPK_HLA-A*03:01,tcr3014,1
vdjdb_full_13627_ss_2_n0,KTFPPTEPK_HLA-A*03:01,tcr1294,0
vdjdb_full_13612,KTFPPTEPK_HLA-A*03:01,tcr10616,1
vdjdb_full_13612_ss_2_n0,KTFPPTEPK_HLA-A*03:01,tcr615,0
vdjdb_full_13637,KTFPPTEPK_HLA-A*03:01,tcr11624,1
vdjdb_full_13637_ss_2_n0,KTFPPTEPK_HLA-A*03:01,tcr16944,0
vdjdb_full_13668,KTFPPTEPK_HLA-A*03:01,tcr14023,1
vdjdb_full_13668_ss_2_n0,KTFPPTEPK_HLA-A*03:01,tcr8553,0
vdjdb_full_13598,KTFPPTEPK_HLA-A*03:01,tcr17496,1
vdjdb_full_13598_ss_2_n0,KTFPPTEPK_HLA-A*03:01,tcr3544,0
vdjdb_full_13568,KTFPPTEPK_HLA-A*03:01,tcr12957,1
vdjdb_full_13568_ss_2_n0,KTFPPTEPK_HLA-A*03:01,tcr3468,0
vdjdb_full_13592,KTFPPTEPK_HLA-A*03:01,tcr18258,1
vdjdb_full_13592_ss_2_n0,KTFPPTEPK_HLA-A*03:01,tcr3782,0
vdjdb_full_13621,KTFPPTEPK_HLA-A*03:01,tcr13104,1
vdjdb_full_13621_ss_2_n0,KTFPPTEPK_HLA-A*03:01,tcr15353,0
vdjdb_full_13582,KTFPPTEPK_HLA-A*03:01,tcr3726,1
vdjdb_full_13582_ss_2_n0,KTFPPTEPK_HLA-A*03:01,tcr9160,0
vdjdb_full_13578,KTFPPTEPK_HLA-A*03:01,tcr3143,1
vdjdb_full_13578_ss_2_n0,KTFPPTEPK_HLA-A*03:01,tcr1266,0
vdjdb_full_13587,KTFPPTEPK_HLA-A*03:01,tcr6489,1
vdjdb_full_13587_ss_2_n0,KTFPPTEPK_HLA-A*03:01,tcr2046,0
vdjdb_full_13603,KTFPPTEPK_HLA-A*03:01,tcr16167,1
vdjdb_full_13603_ss_2_n0,KTFPPTEPK_HLA-A*03:01,tcr17890,0
vdjdb_full_13662,KTFPPTEPK_HLA-A*03:01,tcr16187,1
vdjdb_full_13662_ss_2_n0,KTFPPTEPK_HLA-A*03:01,tcr5176,0
vdjdb_full_13571,KTFPPTEPK_HLA-A*03:01,tcr1438,1
vdjdb_full_13571_ss_2_n0,KTFPPTEPK_HLA-A*03:01,tcr16336,0
vdjdb_full_13600,KTFPPTEPK_HLA-A*03:01,tcr15500,1
vdjdb_full_13600_ss_2_n0,KTFPPTEPK_HLA-A*03:01,tcr8534,0
vdjdb_full_13649,KTFPPTEPK_HLA-A*03:01,tcr7832,1
vdjdb_full_13649_ss_2_n0,KTFPPTEPK_HLA-A*03:01,tcr4862,0
vdjdb_full_13650,KTFPPTEPK_HLA-A*03:01,tcr8288,1
vdjdb_full_13650_ss_2_n0,KTFPPTEPK_HLA-A*03:01,tcr9512,0
vdjdb_full_13565,KTFPPTEPK_HLA-A*03:01,tcr1292,1
vdjdb_full_13565_ss_2_n0,KTFPPTEPK_HLA-A*03:01,tcr4666,0
vdjdb_full_13589,KTFPPTEPK_HLA-A*03:01,tcr17476,1
vdjdb_full_13589_ss_2_n0,KTFPPTEPK_HLA-A*03:01,tcr3655,0
vdjdb_full_13611,KTFPPTEPK_HLA-A*03:01,tcr3685,1
vdjdb_full_13611_ss_2_n0,KTFPPTEPK_HLA-A*03:01,tcr17788,0
vdjdb_full_13665,KTFPPTEPK_HLA-A*03:01,tcr8507,1
vdjdb_full_13665_ss_2_n0,KTFPPTEPK_HLA-A*03:01,tcr14142,0
vdjdb_full_13584,KTFPPTEPK_HLA-A*03:01,tcr5076,1
vdjdb_full_13584_ss_2_n0,KTFPPTEPK_HLA-A*03:01,tcr5534,0
vdjdb_full_13596,KTFPPTEPK_HLA-A*03:01,tcr6584,1
vdjdb_full_13596_ss_2_n0,KTFPPTEPK_HLA-A*03:01,tcr1149,0
vdjdb_full_13561,KTFPPTEPK_HLA-A*03:01,tcr8490,1
vdjdb_full_13561_ss_2_n0,KTFPPTEPK_HLA-A*03:01,tcr12011,0
vdjdb_full_13609,KTFPPTEPK_HLA-A*03:01,tcr10551,1
vdjdb_full_13609_ss_2_n0,KTFPPTEPK_HLA-A*03:01,tcr5962,0
vdjdb_full_19289,KTFPPTEPK_HLA-A*11:01,tcr4691,1
vdjdb_full_19289_ss_2_n0,KTFPPTEPK_HLA-A*11:01,tcr2426,0
vdjdb_full_13595,KTFPPTEPK_HLA-A*03:01,tcr11632,1
vdjdb_full_13595_ss_2_n0,KTFPPTEPK_HLA-A*03:01,tcr14377,0
vdjdb_full_13591,KTFPPTEPK_HLA-A*03:01,tcr9219,1
vdjdb_full_13591_ss_2_n0,KTFPPTEPK_HLA-A*03:01,tcr11504,0
vdjdb_full_13572,KTFPPTEPK_HLA-A*03:01,tcr9623,1
vdjdb_full_13572_ss_2_n0,KTFPPTEPK_HLA-A*03:01,tcr4762,0
vdjdb_full_13639,KTFPPTEPK_HLA-A*03:01,tcr9561,1
vdjdb_full_13639_ss_2_n0,KTFPPTEPK_HLA-A*03:01,tcr2921,0
vdjdb_full_13590,KTFPPTEPK_HLA-A*03:01,tcr257,1
vdjdb_full_13590_ss_2_n0,KTFPPTEPK_HLA-A*03:01,tcr6035,0
vdjdb_full_13624,KTFPPTEPK_HLA-A*03:01,tcr17925,1
vdjdb_full_13624_ss_2_n0,KTFPPTEPK_HLA-A*03:01,tcr6546,0
vdjdb_full_13563,KTFPPTEPK_HLA-A*03:01,tcr4045,1
vdjdb_full_13563_ss_2_n0,KTFPPTEPK_HLA-A*03:01,tcr13767,0
vdjdb_full_13599,KTFPPTEPK_HLA-A*03:01,tcr10011,1
vdjdb_full_13599_ss_2_n0,KTFPPTEPK_HLA-A*03:01,tcr17053,0
vdjdb_full_13623,KTFPPTEPK_HLA-A*03:01,tcr10970,1
vdjdb_full_13623_ss_2_n0,KTFPPTEPK_HLA-A*03:01,tcr10821,0
vdjdb_full_13631,KTFPPTEPK_HLA-A*03:01,tcr8345,1
vdjdb_full_13631_ss_2_n0,KTFPPTEPK_HLA-A*03:01,tcr8251,0
vdjdb_full_13583,KTFPPTEPK_HLA-A*03:01,tcr5558,1
vdjdb_full_13583_ss_2_n0,KTFPPTEPK_HLA-A*03:01,tcr4392,0
vdjdb_full_13575,KTFPPTEPK_HLA-A*03:01,tcr16763,1
vdjdb_full_13575_ss_2_n0,KTFPPTEPK_HLA-A*03:01,tcr1654,0
vdjdb_full_13651,KTFPPTEPK_HLA-A*03:01,tcr5484,1
vdjdb_full_13651_ss_2_n0,KTFPPTEPK_HLA-A*03:01,tcr13737,0
vdjdb_full_13667,KTFPPTEPK_HLA-A*03:01,tcr2723,1
vdjdb_full_13667_ss_2_n0,KTFPPTEPK_HLA-A*03:01,tcr12621,0
vdjdb_full_13581,KTFPPTEPK_HLA-A*03:01,tcr16165,1
vdjdb_full_13581_ss_2_n0,KTFPPTEPK_HLA-A*03:01,tcr10580,0
vdjdb_full_13626,KTFPPTEPK_HLA-A*03:01,tcr3152,1
vdjdb_full_13626_ss_2_n0,KTFPPTEPK_HLA-A*03:01,tcr12497,0
vdjdb_full_13605,KTFPPTEPK_HLA-A*03:01,tcr9011,1
vdjdb_full_13605_ss_2_n0,KTFPPTEPK_HLA-A*03:01,tcr12573,0
vdjdb_full_13569,KTFPPTEPK_HLA-A*03:01,tcr4298,1
vdjdb_full_13569_ss_2_n0,KTFPPTEPK_HLA-A*03:01,tcr17247,0
vdjdb_full_13580,KTFPPTEPK_HLA-A*03:01,tcr1782,1
vdjdb_full_13580_ss_2_n0,KTFPPTEPK_HLA-A*03:01,tcr9503,0
vdjdb_full_13559,KTFPPTEPK_HLA-A*03:01,tcr3532,1
vdjdb_full_13559_ss_2_n0,KTFPPTEPK_HLA-A*03:01,tcr1730,0
vdjdb_full_13573,KTFPPTEPK_HLA-A*03:01,tcr2900,1
vdjdb_full_13573_ss_2_n0,KTFPPTEPK_HLA-A*03:01,tcr4698,0
vdjdb_full_13594,KTFPPTEPK_HLA-A*03:01,tcr12191,1
vdjdb_full_13594_ss_2_n0,KTFPPTEPK_HLA-A*03:01,tcr8395,0
vdjdb_full_13564,KTFPPTEPK_HLA-A*03:01,tcr89,1
vdjdb_full_13564_ss_2_n0,KTFPPTEPK_HLA-A*03:01,tcr677,0
vdjdb_full_13645,KTFPPTEPK_HLA-A*03:01,tcr14879,1
vdjdb_full_13645_ss_2_n0,KTFPPTEPK_HLA-A*03:01,tcr7381,0
vdjdb_full_13562,KTFPPTEPK_HLA-A*03:01,tcr12037,1
vdjdb_full_13562_ss_2_n0,KTFPPTEPK_HLA-A*03:01,tcr485,0
vdjdb_full_13628,KTFPPTEPK_HLA-A*03:01,tcr17523,1
vdjdb_full_13628_ss_2_n0,KTFPPTEPK_HLA-A*03:01,tcr2838,0
vdjdb_full_13655,KTFPPTEPK_HLA-A*03:01,tcr17037,1
vdjdb_full_13655_ss_2_n0,KTFPPTEPK_HLA-A*03:01,tcr10276,0
vdjdb_full_13661,KTFPPTEPK_HLA-A*03:01,tcr9335,1
vdjdb_full_13661_ss_2_n0,KTFPPTEPK_HLA-A*03:01,tcr11033,0
vdjdb_full_13610,KTFPPTEPK_HLA-A*03:01,tcr14882,1
vdjdb_full_13610_ss_2_n0,KTFPPTEPK_HLA-A*03:01,tcr15700,0
vdjdb_full_13606,KTFPPTEPK_HLA-A*03:01,tcr15400,1
vdjdb_full_13606_ss_2_n0,KTFPPTEPK_HLA-A*03:01,tcr16824,0
vdjdb_full_13633,KTFPPTEPK_HLA-A*03:01,tcr157,1
vdjdb_full_13633_ss_2_n0,KTFPPTEPK_HLA-A*03:01,tcr18070,0
vdjdb_full_13602,KTFPPTEPK_HLA-A*03:01,tcr7342,1
vdjdb_full_13602_ss_2_n0,KTFPPTEPK_HLA-A*03:01,tcr907,0
vdjdb_full_13658,KTFPPTEPK_HLA-A*03:01,tcr10666,1
vdjdb_full_13658_ss_2_n0,KTFPPTEPK_HLA-A*03:01,tcr5780,0
vdjdb_full_13618,KTFPPTEPK_HLA-A*03:01,tcr7703,1
vdjdb_full_13618_ss_2_n0,KTFPPTEPK_HLA-A*03:01,tcr1511,0
vdjdb_full_13666,KTFPPTEPK_HLA-A*03:01,tcr16637,1
vdjdb_full_13666_ss_2_n0,KTFPPTEPK_HLA-A*03:01,tcr7100,0
vdjdb_full_13646,KTFPPTEPK_HLA-A*03:01,tcr13625,1
vdjdb_full_13646_ss_2_n0,KTFPPTEPK_HLA-A*03:01,tcr9794,0
vdjdb_full_13597,KTFPPTEPK_HLA-A*03:01,tcr14477,1
vdjdb_full_13597_ss_2_n0,KTFPPTEPK_HLA-A*03:01,tcr15044,0
vdjdb_full_13615,KTFPPTEPK_HLA-A*03:01,tcr2587,1
vdjdb_full_13615_ss_2_n0,KTFPPTEPK_HLA-A*03:01,tcr11013,0
vdjdb_full_13604,KTFPPTEPK_HLA-A*03:01,tcr14523,1
vdjdb_full_13604_ss_2_n0,KTFPPTEPK_HLA-A*03:01,tcr671,0
vdjdb_full_13654,KTFPPTEPK_HLA-A*03:01,tcr11204,1
vdjdb_full_13654_ss_2_n0,KTFPPTEPK_HLA-A*03:01,tcr14257,0
vdjdb_full_13613,KTFPPTEPK_HLA-A*03:01,tcr8399,1
vdjdb_full_13613_ss_2_n0,KTFPPTEPK_HLA-A*03:01,tcr2824,0
vdjdb_full_13636,KTFPPTEPK_HLA-A*03:01,tcr15573,1
vdjdb_full_13636_ss_2_n0,KTFPPTEPK_HLA-A*03:01,tcr3837,0
vdjdb_full_13588,KTFPPTEPK_HLA-A*03:01,tcr17903,1
vdjdb_full_13588_ss_2_n0,KTFPPTEPK_HLA-A*03:01,tcr3214,0
vdjdb_full_13663,KTFPPTEPK_HLA-A*03:01,tcr14270,1
vdjdb_full_13663_ss_2_n0,KTFPPTEPK_HLA-A*03:01,tcr5266,0
vdjdb_full_13616,KTFPPTEPK_HLA-A*03:01,tcr14196,1
vdjdb_full_13616_ss_2_n0,KTFPPTEPK_HLA-A*03:01,tcr7222,0
vdjdb_full_13620,KTFPPTEPK_HLA-A*03:01,tcr14786,1
vdjdb_full_13620_ss_2_n0,KTFPPTEPK_HLA-A*03:01,tcr5548,0
vdjdb_full_13652,KTFPPTEPK_HLA-A*03:01,tcr11811,1
vdjdb_full_13652_ss_2_n0,KTFPPTEPK_HLA-A*03:01,tcr1845,0
vdjdb_full_13593,KTFPPTEPK_HLA-A*03:01,tcr14583,1
vdjdb_full_13593_ss_2_n0,KTFPPTEPK_HLA-A*03:01,tcr15086,0
vdjdb_full_13585,KTFPPTEPK_HLA-A*03:01,tcr10987,1
vdjdb_full_13585_ss_2_n0,KTFPPTEPK_HLA-A*03:01,tcr10103,0
vdjdb_full_13657,KTFPPTEPK_HLA-A*03:01,tcr12015,1
vdjdb_full_13657_ss_2_n0,KTFPPTEPK_HLA-A*03:01,tcr17704,0
vdjdb_full_13557,KTFPPTEPK_HLA-A*03:01,tcr524,1
vdjdb_full_13557_ss_2_n0,KTFPPTEPK_HLA-A*03:01,tcr8527,0
vdjdb_full_13608,KTFPPTEPK_HLA-A*03:01,tcr11454,1
vdjdb_full_13608_ss_2_n0,KTFPPTEPK_HLA-A*03:01,tcr7664,0
vdjdb_full_13577,KTFPPTEPK_HLA-A*03:01,tcr3868,1
vdjdb_full_13577_ss_2_n0,KTFPPTEPK_HLA-A*03:01,tcr4831,0
vdjdb_full_13558,KTFPPTEPK_HLA-A*03:01,tcr10082,1
vdjdb_full_13558_ss_2_n0,KTFPPTEPK_HLA-A*03:01,tcr9933,0
vdjdb_full_13579,KTFPPTEPK_HLA-A*03:01,tcr8225,1
vdjdb_full_13579_ss_2_n0,KTFPPTEPK_HLA-A*03:01,tcr9626,0
vdjdb_full_13648,KTFPPTEPK_HLA-A*03:01,tcr3674,1
vdjdb_full_13648_ss_2_n0,KTFPPTEPK_HLA-A*03:01,tcr4726,0
vdjdb_full_13659,KTFPPTEPK_HLA-A*03:01,tcr2991,1
vdjdb_full_13659_ss_2_n0,KTFPPTEPK_HLA-A*03:01,tcr17582,0
vdjdb_full_13634,KTFPPTEPK_HLA-A*03:01,tcr4409,1
vdjdb_full_13634_ss_2_n0,KTFPPTEPK_HLA-A*03:01,tcr914,0
vdjdb_full_13647,KTFPPTEPK_HLA-A*03:01,tcr13706,1
vdjdb_full_13647_ss_2_n0,KTFPPTEPK_HLA-A*03:01,tcr13530,0
vdjdb_full_16271,RPIIRPATL_HLA-B*08:01,tcr10306,1
vdjdb_full_16271_ss_2_n0,RPIIRPATL_HLA-B*08:01,tcr10343,0
vdjdb_full_16272,RPIIRPATL_HLA-B*08:01,tcr14008,1
vdjdb_full_16272_ss_2_n0,RPIIRPATL_HLA-B*08:01,tcr11918,0
vdjdb_full_16274,RPIIRPATL_HLA-B*08:01,tcr10552,1
vdjdb_full_16274_ss_2_n0,RPIIRPATL_HLA-B*08:01,tcr3840,0
vdjdb_full_16275,RPIIRPATL_HLA-B*08:01,tcr14742,1
vdjdb_full_16275_ss_2_n0,RPIIRPATL_HLA-B*08:01,tcr496,0
vdjdb_full_16276,RPIIRPATL_HLA-B*08:01,tcr17639,1
vdjdb_full_16276_ss_2_n0,RPIIRPATL_HLA-B*08:01,tcr13928,0
vdjdb_full_16277,RPIIRPATL_HLA-B*08:01,tcr6491,1
vdjdb_full_16277_ss_2_n0,RPIIRPATL_HLA-B*08:01,tcr10804,0
vdjdb_full_16278,RPIIRPATL_HLA-B*08:01,tcr12684,1
vdjdb_full_16278_ss_2_n0,RPIIRPATL_HLA-B*08:01,tcr13871,0
vdjdb_full_16279,RPIIRPATL_HLA-B*08:01,tcr1109,1
vdjdb_full_16279_ss_2_n0,RPIIRPATL_HLA-B*08:01,tcr6922,0
vdjdb_full_16280,RPIIRPATL_HLA-B*08:01,tcr15544,1
vdjdb_full_16280_ss_2_n0,RPIIRPATL_HLA-B*08:01,tcr12720,0
vdjdb_full_16281,RPIIRPATL_HLA-B*08:01,tcr5134,1
vdjdb_full_16281_ss_2_n0,RPIIRPATL_HLA-B*08:01,tcr16261,0
vdjdb_full_16282,RPIIRPATL_HLA-B*08:01,tcr8501,1
vdjdb_full_16282_ss_2_n0,RPIIRPATL_HLA-B*08:01,tcr10134,0
vdjdb_full_16284,RPIIRPATL_HLA-B*08:01,tcr17784,1
vdjdb_full_16284_ss_2_n0,RPIIRPATL_HLA-B*08:01,tcr7596,0
vdjdb_full_16285,RPIIRPATL_HLA-B*08:01,tcr18306,1
vdjdb_full_16285_ss_2_n0,RPIIRPATL_HLA-B*08:01,tcr9572,0
vdjdb_full_16286,RPIIRPATL_HLA-B*08:01,tcr12454,1
vdjdb_full_16286_ss_2_n0,RPIIRPATL_HLA-B*08:01,tcr14818,0
vdjdb_full_16287,RPIIRPATL_HLA-B*08:01,tcr5325,1
vdjdb_full_16287_ss_2_n0,RPIIRPATL_HLA-B*08:01,tcr15626,0
vdjdb_full_16288,RPIIRPATL_HLA-B*08:01,tcr16796,1
vdjdb_full_16288_ss_2_n0,RPIIRPATL_HLA-B*08:01,tcr12798,0
vdjdb_full_16289,RPIIRPATL_HLA-B*08:01,tcr16145,1
vdjdb_full_16289_ss_2_n0,RPIIRPATL_HLA-B*08:01,tcr5821,0
vdjdb_full_16290,RPIIRPATL_HLA-B*08:01,tcr4169,1
vdjdb_full_16290_ss_2_n0,RPIIRPATL_HLA-B*08:01,tcr16246,0
vdjdb_full_16291,RPIIRPATL_HLA-B*08:01,tcr11508,1
vdjdb_full_16291_ss_2_n0,RPIIRPATL_HLA-B*08:01,tcr15530,0
vdjdb_full_16292,RPIIRPATL_HLA-B*08:01,tcr10959,1
vdjdb_full_16292_ss_2_n0,RPIIRPATL_HLA-B*08:01,tcr15461,0
vdjdb_full_16293,RPIIRPATL_HLA-B*08:01,tcr18037,1
vdjdb_full_16293_ss_2_n0,RPIIRPATL_HLA-B*08:01,tcr15013,0
vdjdb_full_16294,RPIIRPATL_HLA-B*08:01,tcr13614,1
vdjdb_full_16294_ss_2_n0,RPIIRPATL_HLA-B*08:01,tcr14311,0
vdjdb_full_16295,RPIIRPATL_HLA-B*08:01,tcr3821,1
vdjdb_full_16295_ss_2_n0,RPIIRPATL_HLA-B*08:01,tcr16970,0
vdjdb_full_16297,RPIIRPATL_HLA-B*08:01,tcr8455,1
vdjdb_full_16297_ss_2_n0,RPIIRPATL_HLA-B*08:01,tcr15412,0
vdjdb_full_16298,RPIIRPATL_HLA-B*08:01,tcr10159,1
vdjdb_full_16298_ss_2_n0,RPIIRPATL_HLA-B*08:01,tcr7753,0
vdjdb_full_16299,RPIIRPATL_HLA-B*08:01,tcr17079,1
vdjdb_full_16299_ss_2_n0,RPIIRPATL_HLA-B*08:01,tcr7956,0
vdjdb_full_16300,RPIIRPATL_HLA-B*08:01,tcr13670,1
vdjdb_full_16300_ss_2_n0,RPIIRPATL_HLA-B*08:01,tcr17963,0
vdjdb_full_16301,RPIIRPATL_HLA-B*08:01,tcr2921,1
vdjdb_full_16301_ss_2_n0,RPIIRPATL_HLA-B*08:01,tcr2083,0
vdjdb_full_16302,RPIIRPATL_HLA-B*08:01,tcr17388,1
vdjdb_full_16302_ss_2_n0,RPIIRPATL_HLA-B*08:01,tcr9147,0
vdjdb_full_16303,RPIIRPATL_HLA-B*08:01,tcr12320,1
vdjdb_full_16303_ss_2_n0,RPIIRPATL_HLA-B*08:01,tcr10595,0
vdjdb_full_16304,RPIIRPATL_HLA-B*08:01,tcr4071,1
vdjdb_full_16304_ss_2_n0,RPIIRPATL_HLA-B*08:01,tcr18070,0
vdjdb_full_16305,RPIIRPATL_HLA-B*08:01,tcr3053,1
vdjdb_full_16305_ss_2_n0,RPIIRPATL_HLA-B*08:01,tcr9697,0
vdjdb_full_16306,RPIIRPATL_HLA-B*08:01,tcr2061,1
vdjdb_full_16306_ss_2_n0,RPIIRPATL_HLA-B*08:01,tcr11523,0
vdjdb_full_16307,RPIIRPATL_HLA-B*08:01,tcr7277,1
vdjdb_full_16307_ss_2_n0,RPIIRPATL_HLA-B*08:01,tcr13408,0
vdjdb_full_16308,RPIIRPATL_HLA-B*08:01,tcr14889,1
vdjdb_full_16308_ss_2_n0,RPIIRPATL_HLA-B*08:01,tcr17585,0
vdjdb_full_16309,RPIIRPATL_HLA-B*08:01,tcr9266,1
vdjdb_full_16309_ss_2_n0,RPIIRPATL_HLA-B*08:01,tcr4612,0
vdjdb_full_16310,RPIIRPATL_HLA-B*08:01,tcr3822,1
vdjdb_full_16310_ss_2_n0,RPIIRPATL_HLA-B*08:01,tcr17179,0
vdjdb_full_16311,RPIIRPATL_HLA-B*08:01,tcr13868,1
vdjdb_full_16311_ss_2_n0,RPIIRPATL_HLA-B*08:01,tcr10708,0
vdjdb_full_16312,RPIIRPATL_HLA-B*08:01,tcr6428,1
vdjdb_full_16312_ss_2_n0,RPIIRPATL_HLA-B*08:01,tcr9181,0
vdjdb_full_16313,RPIIRPATL_HLA-B*08:01,tcr8945,1
vdjdb_full_16313_ss_2_n0,RPIIRPATL_HLA-B*08:01,tcr9049,0
vdjdb_full_16314,RPIIRPATL_HLA-B*08:01,tcr6040,1
vdjdb_full_16314_ss_2_n0,RPIIRPATL_HLA-B*08:01,tcr14632,0
vdjdb_full_16315,RPIIRPATL_HLA-B*08:01,tcr573,1
vdjdb_full_16315_ss_2_n0,RPIIRPATL_HLA-B*08:01,tcr1533,0
vdjdb_full_16316,RPIIRPATL_HLA-B*08:01,tcr3422,1
vdjdb_full_16316_ss_2_n0,RPIIRPATL_HLA-B*08:01,tcr6146,0
vdjdb_full_17347,RPIIRPATL_HLA-B*07:02,tcr11027,1
vdjdb_full_17347_ss_2_n0,RPIIRPATL_HLA-B*07:02,tcr13617,0
vdjdb_full_17348,RPIIRPATL_HLA-B*07:02,tcr6318,1
vdjdb_full_17348_ss_2_n0,RPIIRPATL_HLA-B*07:02,tcr10666,0
vdjdb_full_17349,RPIIRPATL_HLA-B*07:02,tcr17281,1
vdjdb_full_17349_ss_2_n0,RPIIRPATL_HLA-B*07:02,tcr12175,0
vdjdb_full_17350,RPIIRPATL_HLA-B*07:02,tcr13240,1
vdjdb_full_17350_ss_2_n0,RPIIRPATL_HLA-B*07:02,tcr7734,0
vdjdb_full_17351,RPIIRPATL_HLA-B*07:02,tcr8837,1
vdjdb_full_17351_ss_2_n0,RPIIRPATL_HLA-B*07:02,tcr10732,0
vdjdb_full_17352,RPIIRPATL_HLA-B*07:02,tcr168,1
vdjdb_full_17352_ss_2_n0,RPIIRPATL_HLA-B*07:02,tcr11415,0
vdjdb_full_17353,RPIIRPATL_HLA-B*07:02,tcr18221,1
vdjdb_full_17353_ss_2_n0,RPIIRPATL_HLA-B*07:02,tcr17971,0
vdjdb_full_17354,RPIIRPATL_HLA-B*07:02,tcr12950,1
vdjdb_full_17354_ss_2_n0,RPIIRPATL_HLA-B*07:02,tcr8650,0
vdjdb_full_17355,RPIIRPATL_HLA-B*07:02,tcr11054,1
vdjdb_full_17355_ss_2_n0,RPIIRPATL_HLA-B*07:02,tcr15214,0
vdjdb_full_17356,RPIIRPATL_HLA-B*07:02,tcr14674,1
vdjdb_full_17356_ss_2_n0,RPIIRPATL_HLA-B*07:02,tcr997,0
vdjdb_full_17357,RPIIRPATL_HLA-B*07:02,tcr8441,1
vdjdb_full_17357_ss_2_n0,RPIIRPATL_HLA-B*07:02,tcr13450,0
vdjdb_full_17359,RPIIRPATL_HLA-B*07:02,tcr10515,1
vdjdb_full_17359_ss_2_n0,RPIIRPATL_HLA-B*07:02,tcr284,0
vdjdb_full_17360,RPIIRPATL_HLA-B*07:02,tcr8466,1
vdjdb_full_17360_ss_2_n0,RPIIRPATL_HLA-B*07:02,tcr1820,0
vdjdb_full_17362,RPIIRPATL_HLA-B*07:02,tcr4305,1
vdjdb_full_17362_ss_2_n0,RPIIRPATL_HLA-B*07:02,tcr13686,0
vdjdb_full_17363,RPIIRPATL_HLA-B*07:02,tcr2772,1
vdjdb_full_17363_ss_2_n0,RPIIRPATL_HLA-B*07:02,tcr11798,0
vdjdb_full_17364,RPIIRPATL_HLA-B*07:02,tcr9160,1
vdjdb_full_17364_ss_2_n0,RPIIRPATL_HLA-B*07:02,tcr14400,0
vdjdb_full_17365,RPIIRPATL_HLA-B*07:02,tcr672,1
vdjdb_full_17365_ss_2_n0,RPIIRPATL_HLA-B*07:02,tcr6390,0
vdjdb_full_17366,RPIIRPATL_HLA-B*07:02,tcr675,1
vdjdb_full_17366_ss_2_n0,RPIIRPATL_HLA-B*07:02,tcr5440,0
vdjdb_full_17367,RPIIRPATL_HLA-B*07:02,tcr6397,1
vdjdb_full_17367_ss_2_n0,RPIIRPATL_HLA-B*07:02,tcr11767,0
vdjdb_full_17368,RPIIRPATL_HLA-B*07:02,tcr7527,1
vdjdb_full_17368_ss_2_n0,RPIIRPATL_HLA-B*07:02,tcr6879,0
vdjdb_full_17369,RPIIRPATL_HLA-B*07:02,tcr10014,1
vdjdb_full_17369_ss_2_n0,RPIIRPATL_HLA-B*07:02,tcr11064,0
vdjdb_full_17370,RPIIRPATL_HLA-B*07:02,tcr3417,1
vdjdb_full_17370_ss_2_n0,RPIIRPATL_HLA-B*07:02,tcr10219,0
vdjdb_full_17372,RPIIRPATL_HLA-B*07:02,tcr3970,1
vdjdb_full_17372_ss_2_n0,RPIIRPATL_HLA-B*07:02,tcr15150,0
vdjdb_full_17373,RPIIRPATL_HLA-B*07:02,tcr13873,1
vdjdb_full_17373_ss_2_n0,RPIIRPATL_HLA-B*07:02,tcr13131,0
vdjdb_full_17374,RPIIRPATL_HLA-B*07:02,tcr7731,1
vdjdb_full_17374_ss_2_n0,RPIIRPATL_HLA-B*07:02,tcr7725,0
vdjdb_full_17375,RPIIRPATL_HLA-B*07:02,tcr9699,1
vdjdb_full_17375_ss_2_n0,RPIIRPATL_HLA-B*07:02,tcr18395,0
vdjdb_full_17377,RPIIRPATL_HLA-B*07:02,tcr12519,1
vdjdb_full_17377_ss_2_n0,RPIIRPATL_HLA-B*07:02,tcr4006,0
vdjdb_full_17378,RPIIRPATL_HLA-B*07:02,tcr1356,1
vdjdb_full_17378_ss_2_n0,RPIIRPATL_HLA-B*07:02,tcr14657,0
vdjdb_full_17379,RPIIRPATL_HLA-B*07:02,tcr16595,1
vdjdb_full_17379_ss_2_n0,RPIIRPATL_HLA-B*07:02,tcr5662,0
vdjdb_full_17380,RPIIRPATL_HLA-B*07:02,tcr4217,1
vdjdb_full_17380_ss_2_n0,RPIIRPATL_HLA-B*07:02,tcr16055,0
vdjdb_full_17381,RPIIRPATL_HLA-B*07:02,tcr7485,1
vdjdb_full_17381_ss_2_n0,RPIIRPATL_HLA-B*07:02,tcr11553,0
vdjdb_full_0,QAKWRLQTL_HLA-B*08:01,tcr7183,1
vdjdb_full_0_ss_2_n0,QAKWRLQTL_HLA-B*08:01,tcr12918,0
vdjdb_full_1,QAKWRLQTL_HLA-B*08:01,tcr14836,1
vdjdb_full_1_ss_2_n0,QAKWRLQTL_HLA-B*08:01,tcr16221,0
vdjdb_full_10,QAKWRLQTL_HLA-B*08:01,tcr2493,1
vdjdb_full_10_ss_2_n0,QAKWRLQTL_HLA-B*08:01,tcr5440,0
vdjdb_full_11,QAKWRLQTL_HLA-B*08:01,tcr9367,1
vdjdb_full_11_ss_2_n0,QAKWRLQTL_HLA-B*08:01,tcr8589,0
vdjdb_full_12,QAKWRLQTL_HLA-B*08:01,tcr11231,1
vdjdb_full_12_ss_2_n0,QAKWRLQTL_HLA-B*08:01,tcr6827,0
vdjdb_full_13,QAKWRLQTL_HLA-B*08:01,tcr14915,1
vdjdb_full_13_ss_2_n0,QAKWRLQTL_HLA-B*08:01,tcr16595,0
vdjdb_full_14,QAKWRLQTL_HLA-B*08:01,tcr9574,1
vdjdb_full_14_ss_2_n0,QAKWRLQTL_HLA-B*08:01,tcr3726,0
vdjdb_full_15,QAKWRLQTL_HLA-B*08:01,tcr4369,1
vdjdb_full_15_ss_2_n0,QAKWRLQTL_HLA-B*08:01,tcr10662,0
vdjdb_full_16,QAKWRLQTL_HLA-B*08:01,tcr3542,1
vdjdb_full_16_ss_2_n0,QAKWRLQTL_HLA-B*08:01,tcr4469,0
vdjdb_full_17,QAKWRLQTL_HLA-B*08:01,tcr7725,1
vdjdb_full_17_ss_2_n0,QAKWRLQTL_HLA-B*08:01,tcr4407,0
vdjdb_full_18,QAKWRLQTL_HLA-B*08:01,tcr13377,1
vdjdb_full_18_ss_2_n0,QAKWRLQTL_HLA-B*08:01,tcr8289,0
vdjdb_full_19,QAKWRLQTL_HLA-B*08:01,tcr12559,1
vdjdb_full_19_ss_2_n0,QAKWRLQTL_HLA-B*08:01,tcr3427,0
vdjdb_full_2,QAKWRLQTL_HLA-B*08:01,tcr12036,1
vdjdb_full_2_ss_2_n0,QAKWRLQTL_HLA-B*08:01,tcr13062,0
vdjdb_full_20,QAKWRLQTL_HLA-B*08:01,tcr7664,1
vdjdb_full_20_ss_2_n0,QAKWRLQTL_HLA-B*08:01,tcr10686,0
vdjdb_full_21,QAKWRLQTL_HLA-B*08:01,tcr18352,1
vdjdb_full_21_ss_2_n0,QAKWRLQTL_HLA-B*08:01,tcr4272,0
vdjdb_full_22,QAKWRLQTL_HLA-B*08:01,tcr11352,1
vdjdb_full_22_ss_2_n0,QAKWRLQTL_HLA-B*08:01,tcr12486,0
vdjdb_full_23,QAKWRLQTL_HLA-B*08:01,tcr10500,1
vdjdb_full_23_ss_2_n0,QAKWRLQTL_HLA-B*08:01,tcr1240,0
vdjdb_full_24,QAKWRLQTL_HLA-B*08:01,tcr11207,1
vdjdb_full_24_ss_2_n0,QAKWRLQTL_HLA-B*08:01,tcr249,0
vdjdb_full_25,QAKWRLQTL_HLA-B*08:01,tcr16765,1
vdjdb_full_25_ss_2_n0,QAKWRLQTL_HLA-B*08:01,tcr2355,0
vdjdb_full_26,QAKWRLQTL_HLA-B*08:01,tcr11064,1
vdjdb_full_26_ss_2_n0,QAKWRLQTL_HLA-B*08:01,tcr5415,0
vdjdb_full_27,QAKWRLQTL_HLA-B*08:01,tcr9505,1
vdjdb_full_27_ss_2_n0,QAKWRLQTL_HLA-B*08:01,tcr2891,0
vdjdb_full_28,QAKWRLQTL_HLA-B*08:01,tcr11033,1
vdjdb_full_28_ss_2_n0,QAKWRLQTL_HLA-B*08:01,tcr9193,0
vdjdb_full_29,QAKWRLQTL_HLA-B*08:01,tcr4320,1
vdjdb_full_29_ss_2_n0,QAKWRLQTL_HLA-B*08:01,tcr4035,0
vdjdb_full_3,QAKWRLQTL_HLA-B*08:01,tcr10881,1
vdjdb_full_3_ss_2_n0,QAKWRLQTL_HLA-B*08:01,tcr9564,0
vdjdb_full_30,QAKWRLQTL_HLA-B*08:01,tcr17072,1
vdjdb_full_30_ss_2_n0,QAKWRLQTL_HLA-B*08:01,tcr6531,0
vdjdb_full_31,QAKWRLQTL_HLA-B*08:01,tcr1424,1
vdjdb_full_31_ss_2_n0,QAKWRLQTL_HLA-B*08:01,tcr16860,0
vdjdb_full_32,QAKWRLQTL_HLA-B*08:01,tcr499,1
vdjdb_full_32_ss_2_n0,QAKWRLQTL_HLA-B*08:01,tcr6017,0
vdjdb_full_33,QAKWRLQTL_HLA-B*08:01,tcr8687,1
vdjdb_full_33_ss_2_n0,QAKWRLQTL_HLA-B*08:01,tcr11973,0
vdjdb_full_34,QAKWRLQTL_HLA-B*08:01,tcr1772,1
vdjdb_full_34_ss_2_n0,QAKWRLQTL_HLA-B*08:01,tcr6485,0
vdjdb_full_35,QAKWRLQTL_HLA-B*08:01,tcr5615,1
vdjdb_full_35_ss_2_n0,QAKWRLQTL_HLA-B*08:01,tcr17582,0
vdjdb_full_36,QAKWRLQTL_HLA-B*08:01,tcr16970,1
vdjdb_full_36_ss_2_n0,QAKWRLQTL_HLA-B*08:01,tcr14732,0
vdjdb_full_37,QAKWRLQTL_HLA-B*08:01,tcr667,1
vdjdb_full_37_ss_2_n0,QAKWRLQTL_HLA-B*08:01,tcr6988,0
vdjdb_full_38,QAKWRLQTL_HLA-B*08:01,tcr15554,1
vdjdb_full_38_ss_2_n0,QAKWRLQTL_HLA-B*08:01,tcr17238,0
vdjdb_full_39,QAKWRLQTL_HLA-B*08:01,tcr4780,1
vdjdb_full_39_ss_2_n0,QAKWRLQTL_HLA-B*08:01,tcr4903,0
vdjdb_full_4,QAKWRLQTL_HLA-B*08:01,tcr2019,1
vdjdb_full_4_ss_2_n0,QAKWRLQTL_HLA-B*08:01,tcr4006,0
vdjdb_full_40,QAKWRLQTL_HLA-B*08:01,tcr13950,1
vdjdb_full_40_ss_2_n0,QAKWRLQTL_HLA-B*08:01,tcr5056,0
vdjdb_full_41,QAKWRLQTL_HLA-B*08:01,tcr17664,1
vdjdb_full_41_ss_2_n0,QAKWRLQTL_HLA-B*08:01,tcr29,0
vdjdb_full_42,QAKWRLQTL_HLA-B*08:01,tcr1436,1
vdjdb_full_42_ss_2_n0,QAKWRLQTL_HLA-B*08:01,tcr8461,0
vdjdb_full_43,QAKWRLQTL_HLA-B*08:01,tcr15199,1
vdjdb_full_43_ss_2_n0,QAKWRLQTL_HLA-B*08:01,tcr4666,0
vdjdb_full_44,QAKWRLQTL_HLA-B*08:01,tcr6079,1
vdjdb_full_44_ss_2_n0,QAKWRLQTL_HLA-B*08:01,tcr696,0
vdjdb_full_45,QAKWRLQTL_HLA-B*08:01,tcr9171,1
vdjdb_full_45_ss_2_n0,QAKWRLQTL_HLA-B*08:01,tcr887,0
vdjdb_full_46,QAKWRLQTL_HLA-B*08:01,tcr9865,1
vdjdb_full_46_ss_2_n0,QAKWRLQTL_HLA-B*08:01,tcr2246,0
vdjdb_full_47,QAKWRLQTL_HLA-B*08:01,tcr5870,1
vdjdb_full_47_ss_2_n0,QAKWRLQTL_HLA-B*08:01,tcr372,0
vdjdb_full_48,QAKWRLQTL_HLA-B*08:01,tcr11645,1
vdjdb_full_48_ss_2_n0,QAKWRLQTL_HLA-B*08:01,tcr11619,0
vdjdb_full_49,QAKWRLQTL_HLA-B*08:01,tcr2726,1
vdjdb_full_49_ss_2_n0,QAKWRLQTL_HLA-B*08:01,tcr9927,0
vdjdb_full_5,QAKWRLQTL_HLA-B*08:01,tcr8928,1
vdjdb_full_5_ss_2_n0,QAKWRLQTL_HLA-B*08:01,tcr3739,0
vdjdb_full_50,QAKWRLQTL_HLA-B*08:01,tcr9185,1
vdjdb_full_50_ss_2_n0,QAKWRLQTL_HLA-B*08:01,tcr1915,0
vdjdb_full_51,QAKWRLQTL_HLA-B*08:01,tcr11802,1
vdjdb_full_51_ss_2_n0,QAKWRLQTL_HLA-B*08:01,tcr764,0
vdjdb_full_52,QAKWRLQTL_HLA-B*08:01,tcr8993,1
vdjdb_full_52_ss_2_n0,QAKWRLQTL_HLA-B*08:01,tcr5548,0
vdjdb_full_53,QAKWRLQTL_HLA-B*08:01,tcr9782,1
vdjdb_full_53_ss_2_n0,QAKWRLQTL_HLA-B*08:01,tcr9316,0
vdjdb_full_54,QAKWRLQTL_HLA-B*08:01,tcr11911,1
vdjdb_full_54_ss_2_n0,QAKWRLQTL_HLA-B*08:01,tcr14441,0
vdjdb_full_55,QAKWRLQTL_HLA-B*08:01,tcr9079,1
vdjdb_full_55_ss_2_n0,QAKWRLQTL_HLA-B*08:01,tcr8732,0
vdjdb_full_56,QAKWRLQTL_HLA-B*08:01,tcr14434,1
vdjdb_full_56_ss_2_n0,QAKWRLQTL_HLA-B*08:01,tcr6865,0
vdjdb_full_57,QAKWRLQTL_HLA-B*08:01,tcr5377,1
vdjdb_full_57_ss_2_n0,QAKWRLQTL_HLA-B*08:01,tcr3960,0
vdjdb_full_58,QAKWRLQTL_HLA-B*08:01,tcr2463,1
vdjdb_full_58_ss_2_n0,QAKWRLQTL_HLA-B*08:01,tcr10666,0
vdjdb_full_59,QAKWRLQTL_HLA-B*08:01,tcr16008,1
vdjdb_full_59_ss_2_n0,QAKWRLQTL_HLA-B*08:01,tcr4899,0
vdjdb_full_6,QAKWRLQTL_HLA-B*08:01,tcr5291,1
vdjdb_full_6_ss_2_n0,QAKWRLQTL_HLA-B*08:01,tcr14709,0
vdjdb_full_60,QAKWRLQTL_HLA-B*08:01,tcr4522,1
vdjdb_full_60_ss_2_n0,QAKWRLQTL_HLA-B*08:01,tcr1501,0
vdjdb_full_61,QAKWRLQTL_HLA-B*08:01,tcr7002,1
vdjdb_full_61_ss_2_n0,QAKWRLQTL_HLA-B*08:01,tcr7954,0
vdjdb_full_62,QAKWRLQTL_HLA-B*08:01,tcr7650,1
vdjdb_full_62_ss_2_n0,QAKWRLQTL_HLA-B*08:01,tcr17672,0
vdjdb_full_7,QAKWRLQTL_HLA-B*08:01,tcr7635,1
vdjdb_full_7_ss_2_n0,QAKWRLQTL_HLA-B*08:01,tcr8149,0
vdjdb_full_8,QAKWRLQTL_HLA-B*08:01,tcr3336,1
vdjdb_full_8_ss_2_n0,QAKWRLQTL_HLA-B*08:01,tcr7207,0
vdjdb_full_9,QAKWRLQTL_HLA-B*08:01,tcr3187,1
vdjdb_full_9_ss_2_n0,QAKWRLQTL_HLA-B*08:01,tcr6334,0
vdjdb_full_15185,RPHERNGFTVL_HLA-B*07:02,tcr4285,1
vdjdb_full_15185_ss_2_n0,RPHERNGFTVL_HLA-B*07:02,tcr13141,0
vdjdb_full_15186,RPHERNGFTVL_HLA-B*07:02,tcr18313,1
vdjdb_full_15186_ss_2_n0,RPHERNGFTVL_HLA-B*07:02,tcr12387,0
vdjdb_full_15187,RPHERNGFTVL_HLA-B*07:02,tcr1083,1
vdjdb_full_15187_ss_2_n0,RPHERNGFTVL_HLA-B*07:02,tcr15530,0
vdjdb_full_15188,RPHERNGFTVL_HLA-B*07:02,tcr8625,1
vdjdb_full_15188_ss_2_n0,RPHERNGFTVL_HLA-B*07:02,tcr2782,0
vdjdb_full_15189,RPHERNGFTVL_HLA-B*07:02,tcr5171,1
vdjdb_full_15189_ss_2_n0,RPHERNGFTVL_HLA-B*07:02,tcr12847,0
vdjdb_full_15190,RPHERNGFTVL_HLA-B*07:02,tcr17646,1
vdjdb_full_15190_ss_2_n0,RPHERNGFTVL_HLA-B*07:02,tcr12765,0
vdjdb_full_15192,RPHERNGFTVL_HLA-B*07:02,tcr17681,1
vdjdb_full_15192_ss_2_n0,RPHERNGFTVL_HLA-B*07:02,tcr1182,0
vdjdb_full_15193,RPHERNGFTVL_HLA-B*07:02,tcr2197,1
vdjdb_full_15193_ss_2_n0,RPHERNGFTVL_HLA-B*07:02,tcr14951,0
vdjdb_full_15194,RPHERNGFTVL_HLA-B*07:02,tcr12807,1
vdjdb_full_15194_ss_2_n0,RPHERNGFTVL_HLA-B*07:02,tcr12918,0
vdjdb_full_15195,RPHERNGFTVL_HLA-B*07:02,tcr9922,1
vdjdb_full_15195_ss_2_n0,RPHERNGFTVL_HLA-B*07:02,tcr16063,0
vdjdb_full_15196,RPHERNGFTVL_HLA-B*07:02,tcr1760,1
vdjdb_full_15196_ss_2_n0,RPHERNGFTVL_HLA-B*07:02,tcr281,0
vdjdb_full_15197,RPHERNGFTVL_HLA-B*07:02,tcr5974,1
vdjdb_full_15197_ss_2_n0,RPHERNGFTVL_HLA-B*07:02,tcr1240,0
vdjdb_full_15198,RPHERNGFTVL_HLA-B*07:02,tcr3038,1
vdjdb_full_15198_ss_2_n0,RPHERNGFTVL_HLA-B*07:02,tcr10774,0
vdjdb_full_15199,RPHERNGFTVL_HLA-B*07:02,tcr17098,1
vdjdb_full_15199_ss_2_n0,RPHERNGFTVL_HLA-B*07:02,tcr12645,0
vdjdb_full_15200,RPHERNGFTVL_HLA-B*07:02,tcr14930,1
vdjdb_full_15200_ss_2_n0,RPHERNGFTVL_HLA-B*07:02,tcr16712,0
vdjdb_full_15201,RPHERNGFTVL_HLA-B*07:02,tcr7123,1
vdjdb_full_15201_ss_2_n0,RPHERNGFTVL_HLA-B*07:02,tcr15516,0
vdjdb_full_15202,RPHERNGFTVL_HLA-B*07:02,tcr12673,1
vdjdb_full_15202_ss_2_n0,RPHERNGFTVL_HLA-B*07:02,tcr17902,0
vdjdb_full_15203,RPHERNGFTVL_HLA-B*07:02,tcr671,1
vdjdb_full_15203_ss_2_n0,RPHERNGFTVL_HLA-B*07:02,tcr8964,0
vdjdb_full_15204,RPHERNGFTVL_HLA-B*07:02,tcr17270,1
vdjdb_full_15204_ss_2_n0,RPHERNGFTVL_HLA-B*07:02,tcr8643,0
vdjdb_full_15205,RPHERNGFTVL_HLA-B*07:02,tcr17622,1
vdjdb_full_15205_ss_2_n0,RPHERNGFTVL_HLA-B*07:02,tcr12621,0
vdjdb_full_15206,RPHERNGFTVL_HLA-B*07:02,tcr9794,1
vdjdb_full_15206_ss_2_n0,RPHERNGFTVL_HLA-B*07:02,tcr8218,0
vdjdb_full_15207,RPHERNGFTVL_HLA-B*07:02,tcr7289,1
vdjdb_full_15207_ss_2_n0,RPHERNGFTVL_HLA-B*07:02,tcr1622,0
vdjdb_full_15208,RPHERNGFTVL_HLA-B*07:02,tcr9306,1
vdjdb_full_15208_ss_2_n0,RPHERNGFTVL_HLA-B*07:02,tcr15584,0
vdjdb_full_15209,RPHERNGFTVL_HLA-B*07:02,tcr10743,1
vdjdb_full_15209_ss_2_n0,RPHERNGFTVL_HLA-B*07:02,tcr3528,0
vdjdb_full_15210,RPHERNGFTVL_HLA-B*07:02,tcr5429,1
vdjdb_full_15210_ss_2_n0,RPHERNGFTVL_HLA-B*07:02,tcr11970,0
vdjdb_full_15211,RPHERNGFTVL_HLA-B*07:02,tcr6531,1
vdjdb_full_15211_ss_2_n0,RPHERNGFTVL_HLA-B*07:02,tcr6938,0
vdjdb_full_15212,RPHERNGFTVL_HLA-B*07:02,tcr13871,1
vdjdb_full_15212_ss_2_n0,RPHERNGFTVL_HLA-B*07:02,tcr4384,0
vdjdb_full_15213,RPHERNGFTVL_HLA-B*07:02,tcr1528,1
vdjdb_full_15213_ss_2_n0,RPHERNGFTVL_HLA-B*07:02,tcr13266,0
vdjdb_full_15214,RPHERNGFTVL_HLA-B*07:02,tcr15002,1
vdjdb_full_15214_ss_2_n0,RPHERNGFTVL_HLA-B*07:02,tcr18275,0
vdjdb_full_15215,RPHERNGFTVL_HLA-B*07:02,tcr10659,1
vdjdb_full_15215_ss_2_n0,RPHERNGFTVL_HLA-B*07:02,tcr8878,0
vdjdb_full_15216,RPHERNGFTVL_HLA-B*07:02,tcr11664,1
vdjdb_full_15216_ss_2_n0,RPHERNGFTVL_HLA-B*07:02,tcr4069,0
vdjdb_full_15217,RPHERNGFTVL_HLA-B*07:02,tcr8650,1
vdjdb_full_15217_ss_2_n0,RPHERNGFTVL_HLA-B*07:02,tcr11591,0
vdjdb_full_15218,RPHERNGFTVL_HLA-B*07:02,tcr8805,1
vdjdb_full_15218_ss_2_n0,RPHERNGFTVL_HLA-B*07:02,tcr2728,0
vdjdb_full_15219,RPHERNGFTVL_HLA-B*07:02,tcr8289,1
vdjdb_full_15219_ss_2_n0,RPHERNGFTVL_HLA-B*07:02,tcr8704,0
vdjdb_full_15220,RPHERNGFTVL_HLA-B*07:02,tcr12714,1
vdjdb_full_15220_ss_2_n0,RPHERNGFTVL_HLA-B*07:02,tcr15369,0
vdjdb_full_15221,RPHERNGFTVL_HLA-B*07:02,tcr9085,1
vdjdb_full_15221_ss_2_n0,RPHERNGFTVL_HLA-B*07:02,tcr3264,0
vdjdb_full_15222,RPHERNGFTVL_HLA-B*07:02,tcr8168,1
vdjdb_full_15222_ss_2_n0,RPHERNGFTVL_HLA-B*07:02,tcr12966,0
vdjdb_full_15223,RPHERNGFTVL_HLA-B*07:02,tcr1654,1
vdjdb_full_15223_ss_2_n0,RPHERNGFTVL_HLA-B*07:02,tcr2529,0
vdjdb_full_15224,RPHERNGFTVL_HLA-B*07:02,tcr17776,1
vdjdb_full_15224_ss_2_n0,RPHERNGFTVL_HLA-B*07:02,tcr4023,0
vdjdb_full_15225,RPHERNGFTVL_HLA-B*07:02,tcr15364,1
vdjdb_full_15225_ss_2_n0,RPHERNGFTVL_HLA-B*07:02,tcr11422,0
vdjdb_full_15226,RPHERNGFTVL_HLA-B*07:02,tcr3844,1
vdjdb_full_15226_ss_2_n0,RPHERNGFTVL_HLA-B*07:02,tcr1917,0
vdjdb_full_15227,RPHERNGFTVL_HLA-B*07:02,tcr13892,1
vdjdb_full_15227_ss_2_n0,RPHERNGFTVL_HLA-B*07:02,tcr8083,0
vdjdb_full_15228,RPHERNGFTVL_HLA-B*07:02,tcr7954,1
vdjdb_full_15228_ss_2_n0,RPHERNGFTVL_HLA-B*07:02,tcr14960,0
vdjdb_full_15229,RPHERNGFTVL_HLA-B*07:02,tcr5807,1
vdjdb_full_15229_ss_2_n0,RPHERNGFTVL_HLA-B*07:02,tcr11757,0
vdjdb_full_15230,RPHERNGFTVL_HLA-B*07:02,tcr15547,1
vdjdb_full_15230_ss_2_n0,RPHERNGFTVL_HLA-B*07:02,tcr13087,0
vdjdb_full_15231,RPHERNGFTVL_HLA-B*07:02,tcr10090,1
vdjdb_full_15231_ss_2_n0,RPHERNGFTVL_HLA-B*07:02,tcr14082,0
vdjdb_full_15232,RPHERNGFTVL_HLA-B*07:02,tcr8939,1
vdjdb_full_15232_ss_2_n0,RPHERNGFTVL_HLA-B*07:02,tcr17436,0
vdjdb_full_15233,RPHERNGFTVL_HLA-B*07:02,tcr1706,1
vdjdb_full_15233_ss_2_n0,RPHERNGFTVL_HLA-B*07:02,tcr14505,0
vdjdb_full_15234,RPHERNGFTVL_HLA-B*07:02,tcr15360,1
vdjdb_full_15234_ss_2_n0,RPHERNGFTVL_HLA-B*07:02,tcr13471,0
vdjdb_full_15235,RPHERNGFTVL_HLA-B*07:02,tcr5904,1
vdjdb_full_15235_ss_2_n0,RPHERNGFTVL_HLA-B*07:02,tcr7059,0
vdjdb_full_15236,RPHERNGFTVL_HLA-B*07:02,tcr4197,1
vdjdb_full_15236_ss_2_n0,RPHERNGFTVL_HLA-B*07:02,tcr17991,0
vdjdb_full_15237,RPHERNGFTVL_HLA-B*07:02,tcr13324,1
vdjdb_full_15237_ss_2_n0,RPHERNGFTVL_HLA-B*07:02,tcr6763,0
vdjdb_full_15238,RPHERNGFTVL_HLA-B*07:02,tcr15412,1
vdjdb_full_15238_ss_2_n0,RPHERNGFTVL_HLA-B*07:02,tcr8998,0
vdjdb_full_15239,RPHERNGFTVL_HLA-B*07:02,tcr17227,1
vdjdb_full_15239_ss_2_n0,RPHERNGFTVL_HLA-B*07:02,tcr14415,0
vdjdb_full_15240,RPHERNGFTVL_HLA-B*07:02,tcr14175,1
vdjdb_full_15240_ss_2_n0,RPHERNGFTVL_HLA-B*07:02,tcr12606,0
vdjdb_full_15241,RPHERNGFTVL_HLA-B*07:02,tcr15365,1
vdjdb_full_15241_ss_2_n0,RPHERNGFTVL_HLA-B*07:02,tcr17991,0
vdjdb_full_15242,RPHERNGFTVL_HLA-B*07:02,tcr16723,1
vdjdb_full_15242_ss_2_n0,RPHERNGFTVL_HLA-B*07:02,tcr16929,0
vdjdb_full_15243,RPHERNGFTVL_HLA-B*07:02,tcr5485,1
vdjdb_full_15243_ss_2_n0,RPHERNGFTVL_HLA-B*07:02,tcr6359,0
vdjdb_full_15244,RPHERNGFTVL_HLA-B*07:02,tcr10662,1
vdjdb_full_15244_ss_2_n0,RPHERNGFTVL_HLA-B*07:02,tcr11156,0
vdjdb_full_15245,RPHERNGFTVL_HLA-B*07:02,tcr707,1
vdjdb_full_15245_ss_2_n0,RPHERNGFTVL_HLA-B*07:02,tcr3221,0
vdjdb_full_15246,RPHERNGFTVL_HLA-B*07:02,tcr1805,1
vdjdb_full_15246_ss_2_n0,RPHERNGFTVL_HLA-B*07:02,tcr17769,0
vdjdb_full_15247,RPHERNGFTVL_HLA-B*07:02,tcr8195,1
vdjdb_full_15247_ss_2_n0,RPHERNGFTVL_HLA-B*07:02,tcr14060,0
vdjdb_full_13259,CLGGLLTMV_HLA-A*02:01,tcr3465,1
vdjdb_full_13259_ss_2_n0,CLGGLLTMV_HLA-A*02:01,tcr14278,0
vdjdb_full_13261,CLGGLLTMV_HLA-A*02:01,tcr5611,1
vdjdb_full_13261_ss_2_n0,CLGGLLTMV_HLA-A*02:01,tcr11502,0
vdjdb_full_13262,CLGGLLTMV_HLA-A*02:01,tcr5660,1
vdjdb_full_13262_ss_2_n0,CLGGLLTMV_HLA-A*02:01,tcr3169,0
vdjdb_full_13263,CLGGLLTMV_HLA-A*02:01,tcr10482,1
vdjdb_full_13263_ss_2_n0,CLGGLLTMV_HLA-A*02:01,tcr12717,0
vdjdb_full_13264,CLGGLLTMV_HLA-A*02:01,tcr520,1
vdjdb_full_13264_ss_2_n0,CLGGLLTMV_HLA-A*02:01,tcr325,0
vdjdb_full_13266,CLGGLLTMV_HLA-A*02:01,tcr6729,1
vdjdb_full_13266_ss_2_n0,CLGGLLTMV_HLA-A*02:01,tcr8181,0
vdjdb_full_13267,CLGGLLTMV_HLA-A*02:01,tcr13304,1
vdjdb_full_13267_ss_2_n0,CLGGLLTMV_HLA-A*02:01,tcr325,0
vdjdb_full_13268,CLGGLLTMV_HLA-A*02:01,tcr2360,1
vdjdb_full_13268_ss_2_n0,CLGGLLTMV_HLA-A*02:01,tcr14505,0
vdjdb_full_13271,CLGGLLTMV_HLA-A*02:01,tcr2082,1
vdjdb_full_13271_ss_2_n0,CLGGLLTMV_HLA-A*02:01,tcr70,0
vdjdb_full_13272,CLGGLLTMV_HLA-A*02:01,tcr16396,1
vdjdb_full_13272_ss_2_n0,CLGGLLTMV_HLA-A*02:01,tcr685,0
vdjdb_full_13273,CLGGLLTMV_HLA-A*02:01,tcr4101,1
vdjdb_full_13273_ss_2_n0,CLGGLLTMV_HLA-A*02:01,tcr7584,0
vdjdb_full_13274,CLGGLLTMV_HLA-A*02:01,tcr8294,1
vdjdb_full_13274_ss_2_n0,CLGGLLTMV_HLA-A*02:01,tcr11874,0
vdjdb_full_13276,CLGGLLTMV_HLA-A*02:01,tcr12195,1
vdjdb_full_13276_ss_2_n0,CLGGLLTMV_HLA-A*02:01,tcr16221,0
vdjdb_full_13277,CLGGLLTMV_HLA-A*02:01,tcr14069,1
vdjdb_full_13277_ss_2_n0,CLGGLLTMV_HLA-A*02:01,tcr15366,0
vdjdb_full_13278,CLGGLLTMV_HLA-A*02:01,tcr2897,1
vdjdb_full_13278_ss_2_n0,CLGGLLTMV_HLA-A*02:01,tcr3854,0
vdjdb_full_13283,CLGGLLTMV_HLA-A*02:01,tcr10450,1
vdjdb_full_13283_ss_2_n0,CLGGLLTMV_HLA-A*02:01,tcr11874,0
vdjdb_full_13284,CLGGLLTMV_HLA-A*02:01,tcr18257,1
vdjdb_full_13284_ss_2_n0,CLGGLLTMV_HLA-A*02:01,tcr10972,0
vdjdb_full_13286,CLGGLLTMV_HLA-A*02:01,tcr3230,1
vdjdb_full_13286_ss_2_n0,CLGGLLTMV_HLA-A*02:01,tcr18035,0
vdjdb_full_13287,CLGGLLTMV_HLA-A*02:01,tcr13791,1
vdjdb_full_13287_ss_2_n0,CLGGLLTMV_HLA-A*02:01,tcr10121,0
vdjdb_full_13288,CLGGLLTMV_HLA-A*02:01,tcr8094,1
vdjdb_full_13288_ss_2_n0,CLGGLLTMV_HLA-A*02:01,tcr14572,0
vdjdb_full_13289,CLGGLLTMV_HLA-A*02:01,tcr18381,1
vdjdb_full_13289_ss_2_n0,CLGGLLTMV_HLA-A*02:01,tcr12200,0
vdjdb_full_13290,CLGGLLTMV_HLA-A*02:01,tcr14818,1
vdjdb_full_13290_ss_2_n0,CLGGLLTMV_HLA-A*02:01,tcr18230,0
vdjdb_full_13291,CLGGLLTMV_HLA-A*02:01,tcr1023,1
vdjdb_full_13291_ss_2_n0,CLGGLLTMV_HLA-A*02:01,tcr15984,0
vdjdb_full_13292,CLGGLLTMV_HLA-A*02:01,tcr8448,1
vdjdb_full_13292_ss_2_n0,CLGGLLTMV_HLA-A*02:01,tcr5580,0
vdjdb_full_13293,CLGGLLTMV_HLA-A*02:01,tcr7956,1
vdjdb_full_13293_ss_2_n0,CLGGLLTMV_HLA-A*02:01,tcr11034,0
vdjdb_full_13295,CLGGLLTMV_HLA-A*02:01,tcr15387,1
vdjdb_full_13295_ss_2_n0,CLGGLLTMV_HLA-A*02:01,tcr179,0
vdjdb_full_13296,CLGGLLTMV_HLA-A*02:01,tcr5473,1
vdjdb_full_13296_ss_2_n0,CLGGLLTMV_HLA-A*02:01,tcr8233,0
vdjdb_full_13297,CLGGLLTMV_HLA-A*02:01,tcr4347,1
vdjdb_full_13297_ss_2_n0,CLGGLLTMV_HLA-A*02:01,tcr10090,0
vdjdb_full_13298,CLGGLLTMV_HLA-A*02:01,tcr3648,1
vdjdb_full_13298_ss_2_n0,CLGGLLTMV_HLA-A*02:01,tcr10515,0
vdjdb_full_13301,CLGGLLTMV_HLA-A*02:01,tcr17621,1
vdjdb_full_13301_ss_2_n0,CLGGLLTMV_HLA-A*02:01,tcr16175,0
vdjdb_full_13302,CLGGLLTMV_HLA-A*02:01,tcr14081,1
vdjdb_full_13302_ss_2_n0,CLGGLLTMV_HLA-A*02:01,tcr11567,0
vdjdb_full_13303,CLGGLLTMV_HLA-A*02:01,tcr17179,1
vdjdb_full_13303_ss_2_n0,CLGGLLTMV_HLA-A*02:01,tcr11564,0
vdjdb_full_13304,CLGGLLTMV_HLA-A*02:01,tcr3220,1
vdjdb_full_13304_ss_2_n0,CLGGLLTMV_HLA-A*02:01,tcr18270,0
vdjdb_full_13305,CLGGLLTMV_HLA-A*02:01,tcr16706,1
vdjdb_full_13305_ss_2_n0,CLGGLLTMV_HLA-A*02:01,tcr15204,0
vdjdb_full_13307,CLGGLLTMV_HLA-A*02:01,tcr8313,1
vdjdb_full_13307_ss_2_n0,CLGGLLTMV_HLA-A*02:01,tcr2334,0
vdjdb_full_13308,CLGGLLTMV_HLA-A*02:01,tcr2663,1
vdjdb_full_13308_ss_2_n0,CLGGLLTMV_HLA-A*02:01,tcr14836,0
vdjdb_full_13309,CLGGLLTMV_HLA-A*02:01,tcr1253,1
vdjdb_full_13309_ss_2_n0,CLGGLLTMV_HLA-A*02:01,tcr15877,0
vdjdb_full_13311,CLGGLLTMV_HLA-A*02:01,tcr9824,1
vdjdb_full_13311_ss_2_n0,CLGGLLTMV_HLA-A*02:01,tcr17345,0
vdjdb_full_13312,CLGGLLTMV_HLA-A*02:01,tcr8896,1
vdjdb_full_13312_ss_2_n0,CLGGLLTMV_HLA-A*02:01,tcr5191,0
vdjdb_full_13313,CLGGLLTMV_HLA-A*02:01,tcr7424,1
vdjdb_full_13313_ss_2_n0,CLGGLLTMV_HLA-A*02:01,tcr17399,0
vdjdb_full_13316,CLGGLLTMV_HLA-A*02:01,tcr8775,1
vdjdb_full_13316_ss_2_n0,CLGGLLTMV_HLA-A*02:01,tcr6263,0
vdjdb_full_13317,CLGGLLTMV_HLA-A*02:01,tcr12157,1
vdjdb_full_13317_ss_2_n0,CLGGLLTMV_HLA-A*02:01,tcr11952,0
vdjdb_full_13320,CLGGLLTMV_HLA-A*02:01,tcr17461,1
vdjdb_full_13320_ss_2_n0,CLGGLLTMV_HLA-A*02:01,tcr2728,0
vdjdb_full_13322,CLGGLLTMV_HLA-A*02:01,tcr5040,1
vdjdb_full_13322_ss_2_n0,CLGGLLTMV_HLA-A*02:01,tcr12275,0
vdjdb_full_13323,CLGGLLTMV_HLA-A*02:01,tcr10050,1
vdjdb_full_13323_ss_2_n0,CLGGLLTMV_HLA-A*02:01,tcr8395,0
vdjdb_full_13325,CLGGLLTMV_HLA-A*02:01,tcr17681,1
vdjdb_full_13325_ss_2_n0,CLGGLLTMV_HLA-A*02:01,tcr284,0
vdjdb_full_13331,CLGGLLTMV_HLA-A*02:01,tcr1498,1
vdjdb_full_13331_ss_2_n0,CLGGLLTMV_HLA-A*02:01,tcr4211,0
vdjdb_full_13332,CLGGLLTMV_HLA-A*02:01,tcr17020,1
vdjdb_full_13332_ss_2_n0,CLGGLLTMV_HLA-A*02:01,tcr9979,0
vdjdb_full_13333,CLGGLLTMV_HLA-A*02:01,tcr16451,1
vdjdb_full_13333_ss_2_n0,CLGGLLTMV_HLA-A*02:01,tcr7926,0
vdjdb_full_13337,CLGGLLTMV_HLA-A*02:01,tcr2886,1
vdjdb_full_13337_ss_2_n0,CLGGLLTMV_HLA-A*02:01,tcr9794,0
vdjdb_full_13338,CLGGLLTMV_HLA-A*02:01,tcr1437,1
vdjdb_full_13338_ss_2_n0,CLGGLLTMV_HLA-A*02:01,tcr5718,0
vdjdb_full_13339,CLGGLLTMV_HLA-A*02:01,tcr4983,1
vdjdb_full_13339_ss_2_n0,CLGGLLTMV_HLA-A*02:01,tcr11874,0
vdjdb_full_13340,CLGGLLTMV_HLA-A*02:01,tcr16266,1
vdjdb_full_13340_ss_2_n0,CLGGLLTMV_HLA-A*02:01,tcr12522,0
vdjdb_full_13341,CLGGLLTMV_HLA-A*02:01,tcr2550,1
vdjdb_full_13341_ss_2_n0,CLGGLLTMV_HLA-A*02:01,tcr3116,0
vdjdb_full_13342,CLGGLLTMV_HLA-A*02:01,tcr13936,1
vdjdb_full_13342_ss_2_n0,CLGGLLTMV_HLA-A*02:01,tcr10232,0
vdjdb_full_13343,CLGGLLTMV_HLA-A*02:01,tcr3452,1
vdjdb_full_13343_ss_2_n0,CLGGLLTMV_HLA-A*02:01,tcr4774,0
vdjdb_full_13344,CLGGLLTMV_HLA-A*02:01,tcr3165,1
vdjdb_full_13344_ss_2_n0,CLGGLLTMV_HLA-A*02:01,tcr14997,0
vdjdb_full_13345,CLGGLLTMV_HLA-A*02:01,tcr13517,1
vdjdb_full_13345_ss_2_n0,CLGGLLTMV_HLA-A*02:01,tcr2929,0
vdjdb_full_13348,CLGGLLTMV_HLA-A*02:01,tcr4158,1
vdjdb_full_13348_ss_2_n0,CLGGLLTMV_HLA-A*02:01,tcr9935,0
vdjdb_full_16613,QYIKWPWYI_HLA-A*24:02,tcr7043,1
vdjdb_full_16613_ss_2_n0,QYIKWPWYI_HLA-A*24:02,tcr13908,0
vdjdb_full_16614,QYIKWPWYI_HLA-A*24:02,tcr827,1
vdjdb_full_16614_ss_2_n0,QYIKWPWYI_HLA-A*24:02,tcr14295,0
vdjdb_full_16615,QYIKWPWYI_HLA-A*24:02,tcr1484,1
vdjdb_full_16615_ss_2_n0,QYIKWPWYI_HLA-A*24:02,tcr17971,0
vdjdb_full_16616,QYIKWPWYI_HLA-A*24:02,tcr4459,1
vdjdb_full_16616_ss_2_n0,QYIKWPWYI_HLA-A*24:02,tcr4182,0
vdjdb_full_16617,QYIKWPWYI_HLA-A*24:02,tcr7064,1
vdjdb_full_16617_ss_2_n0,QYIKWPWYI_HLA-A*24:02,tcr7208,0
vdjdb_full_16618,QYIKWPWYI_HLA-A*24:02,tcr8876,1
vdjdb_full_16618_ss_2_n0,QYIKWPWYI_HLA-A*24:02,tcr16552,0
vdjdb_full_16619,QYIKWPWYI_HLA-A*24:02,tcr10692,1
vdjdb_full_16619_ss_2_n0,QYIKWPWYI_HLA-A*24:02,tcr16549,0
vdjdb_full_16621,QYIKWPWYI_HLA-A*24:02,tcr11312,1
vdjdb_full_16621_ss_2_n0,QYIKWPWYI_HLA-A*24:02,tcr2447,0
vdjdb_full_16622,QYIKWPWYI_HLA-A*24:02,tcr13737,1
vdjdb_full_16622_ss_2_n0,QYIKWPWYI_HLA-A*24:02,tcr1182,0
vdjdb_full_16623,QYIKWPWYI_HLA-A*24:02,tcr18120,1
vdjdb_full_16623_ss_2_n0,QYIKWPWYI_HLA-A*24:02,tcr2921,0
vdjdb_full_16624,QYIKWPWYI_HLA-A*24:02,tcr15366,1
vdjdb_full_16624_ss_2_n0,QYIKWPWYI_HLA-A*24:02,tcr11041,0
vdjdb_full_16625,QYIKWPWYI_HLA-A*24:02,tcr12892,1
vdjdb_full_16625_ss_2_n0,QYIKWPWYI_HLA-A*24:02,tcr6334,0
vdjdb_full_16626,QYIKWPWYI_HLA-A*24:02,tcr891,1
vdjdb_full_16626_ss_2_n0,QYIKWPWYI_HLA-A*24:02,tcr14142,0
vdjdb_full_16627,QYIKWPWYI_HLA-A*24:02,tcr13042,1
vdjdb_full_16627_ss_2_n0,QYIKWPWYI_HLA-A*24:02,tcr7642,0
vdjdb_full_16628,QYIKWPWYI_HLA-A*24:02,tcr15776,1
vdjdb_full_16628_ss_2_n0,QYIKWPWYI_HLA-A*24:02,tcr13686,0
vdjdb_full_16629,QYIKWPWYI_HLA-A*24:02,tcr2782,1
vdjdb_full_16629_ss_2_n0,QYIKWPWYI_HLA-A*24:02,tcr9453,0
vdjdb_full_16630,QYIKWPWYI_HLA-A*24:02,tcr14673,1
vdjdb_full_16630_ss_2_n0,QYIKWPWYI_HLA-A*24:02,tcr8181,0
vdjdb_full_16631,QYIKWPWYI_HLA-A*24:02,tcr11970,1
vdjdb_full_16631_ss_2_n0,QYIKWPWYI_HLA-A*24:02,tcr12691,0
vdjdb_full_16632,QYIKWPWYI_HLA-A*24:02,tcr7476,1
vdjdb_full_16632_ss_2_n0,QYIKWPWYI_HLA-A*24:02,tcr7721,0
vdjdb_full_16633,QYIKWPWYI_HLA-A*24:02,tcr1267,1
vdjdb_full_16633_ss_2_n0,QYIKWPWYI_HLA-A*24:02,tcr8233,0
vdjdb_full_16634,QYIKWPWYI_HLA-A*24:02,tcr2069,1
vdjdb_full_16634_ss_2_n0,QYIKWPWYI_HLA-A*24:02,tcr14065,0
vdjdb_full_16635,QYIKWPWYI_HLA-A*24:02,tcr608,1
vdjdb_full_16635_ss_2_n0,QYIKWPWYI_HLA-A*24:02,tcr15646,0
vdjdb_full_16636,QYIKWPWYI_HLA-A*24:02,tcr14951,1
vdjdb_full_16636_ss_2_n0,QYIKWPWYI_HLA-A*24:02,tcr12730,0
vdjdb_full_16637,QYIKWPWYI_HLA-A*24:02,tcr13764,1
vdjdb_full_16637_ss_2_n0,QYIKWPWYI_HLA-A*24:02,tcr11880,0
vdjdb_full_16638,QYIKWPWYI_HLA-A*24:02,tcr12088,1
vdjdb_full_16638_ss_2_n0,QYIKWPWYI_HLA-A*24:02,tcr1894,0
vdjdb_full_16639,QYIKWPWYI_HLA-A*24:02,tcr10823,1
vdjdb_full_16639_ss_2_n0,QYIKWPWYI_HLA-A*24:02,tcr14376,0
vdjdb_full_16640,QYIKWPWYI_HLA-A*24:02,tcr15617,1
vdjdb_full_16640_ss_2_n0,QYIKWPWYI_HLA-A*24:02,tcr992,0
vdjdb_full_16641,QYIKWPWYI_HLA-A*24:02,tcr1653,1
vdjdb_full_16641_ss_2_n0,QYIKWPWYI_HLA-A*24:02,tcr12247,0
vdjdb_full_16643,QYIKWPWYI_HLA-A*24:02,tcr4827,1
vdjdb_full_16643_ss_2_n0,QYIKWPWYI_HLA-A*24:02,tcr15204,0
vdjdb_full_16644,QYIKWPWYI_HLA-A*24:02,tcr2088,1
vdjdb_full_16644_ss_2_n0,QYIKWPWYI_HLA-A*24:02,tcr10651,0
vdjdb_full_16645,QYIKWPWYI_HLA-A*24:02,tcr15769,1
vdjdb_full_16645_ss_2_n0,QYIKWPWYI_HLA-A*24:02,tcr11620,0
vdjdb_full_16646,QYIKWPWYI_HLA-A*24:02,tcr15158,1
vdjdb_full_16646_ss_2_n0,QYIKWPWYI_HLA-A*24:02,tcr7674,0
vdjdb_full_16647,QYIKWPWYI_HLA-A*24:02,tcr17399,1
vdjdb_full_16647_ss_2_n0,QYIKWPWYI_HLA-A*24:02,tcr11926,0
vdjdb_full_16648,QYIKWPWYI_HLA-A*24:02,tcr5342,1
vdjdb_full_16648_ss_2_n0,QYIKWPWYI_HLA-A*24:02,tcr4612,0
vdjdb_full_16649,QYIKWPWYI_HLA-A*24:02,tcr17283,1
vdjdb_full_16649_ss_2_n0,QYIKWPWYI_HLA-A*24:02,tcr14583,0
vdjdb_full_16650,QYIKWPWYI_HLA-A*24:02,tcr4903,1
vdjdb_full_16650_ss_2_n0,QYIKWPWYI_HLA-A*24:02,tcr7532,0
vdjdb_full_16651,QYIKWPWYI_HLA-A*24:02,tcr609,1
vdjdb_full_16651_ss_2_n0,QYIKWPWYI_HLA-A*24:02,tcr6411,0
vdjdb_full_16652,QYIKWPWYI_HLA-A*24:02,tcr8878,1
vdjdb_full_16652_ss_2_n0,QYIKWPWYI_HLA-A*24:02,tcr7082,0
vdjdb_full_16653,QYIKWPWYI_HLA-A*24:02,tcr17195,1
vdjdb_full_16653_ss_2_n0,QYIKWPWYI_HLA-A*24:02,tcr2996,0
vdjdb_full_16654,QYIKWPWYI_HLA-A*24:02,tcr14150,1
vdjdb_full_16654_ss_2_n0,QYIKWPWYI_HLA-A*24:02,tcr14175,0
vdjdb_full_16655,QYIKWPWYI_HLA-A*24:02,tcr8946,1
vdjdb_full_16655_ss_2_n0,QYIKWPWYI_HLA-A*24:02,tcr6877,0
vdjdb_full_16656,QYIKWPWYI_HLA-A*24:02,tcr13466,1
vdjdb_full_16656_ss_2_n0,QYIKWPWYI_HLA-A*24:02,tcr87,0
vdjdb_full_16657,QYIKWPWYI_HLA-A*24:02,tcr1567,1
vdjdb_full_16657_ss_2_n0,QYIKWPWYI_HLA-A*24:02,tcr6763,0
vdjdb_full_16658,QYIKWPWYI_HLA-A*24:02,tcr6420,1
vdjdb_full_16658_ss_2_n0,QYIKWPWYI_HLA-A*24:02,tcr10588,0
vdjdb_full_16659,QYIKWPWYI_HLA-A*24:02,tcr1138,1
vdjdb_full_16659_ss_2_n0,QYIKWPWYI_HLA-A*24:02,tcr16040,0
vdjdb_full_16660,QYIKWPWYI_HLA-A*24:02,tcr10936,1
vdjdb_full_16660_ss_2_n0,QYIKWPWYI_HLA-A*24:02,tcr14950,0
vdjdb_full_16661,QYIKWPWYI_HLA-A*24:02,tcr15133,1
vdjdb_full_16661_ss_2_n0,QYIKWPWYI_HLA-A*24:02,tcr15795,0
vdjdb_full_16662,QYIKWPWYI_HLA-A*24:02,tcr16977,1
vdjdb_full_16662_ss_2_n0,QYIKWPWYI_HLA-A*24:02,tcr918,0
vdjdb_full_16663,QYIKWPWYI_HLA-A*24:02,tcr13895,1
vdjdb_full_16663_ss_2_n0,QYIKWPWYI_HLA-A*24:02,tcr11940,0
vdjdb_full_16664,QYIKWPWYI_HLA-A*24:02,tcr13131,1
vdjdb_full_16664_ss_2_n0,QYIKWPWYI_HLA-A*24:02,tcr9963,0
vdjdb_full_16665,QYIKWPWYI_HLA-A*24:02,tcr5859,1
vdjdb_full_16665_ss_2_n0,QYIKWPWYI_HLA-A*24:02,tcr15400,0
vdjdb_full_16666,QYIKWPWYI_HLA-A*24:02,tcr9888,1
vdjdb_full_16666_ss_2_n0,QYIKWPWYI_HLA-A*24:02,tcr12765,0
vdjdb_full_16667,QYIKWPWYI_HLA-A*24:02,tcr2930,1
vdjdb_full_16667_ss_2_n0,QYIKWPWYI_HLA-A*24:02,tcr1758,0
vdjdb_full_16415,RTATKQYNV_HLA-A*02:01,tcr17729,1
vdjdb_full_16415_ss_2_n0,RTATKQYNV_HLA-A*02:01,tcr4771,0
vdjdb_full_16416,RTATKQYNV_HLA-A*02:01,tcr14442,1
vdjdb_full_16416_ss_2_n0,RTATKQYNV_HLA-A*02:01,tcr7771,0
vdjdb_full_16417,RTATKQYNV_HLA-A*02:01,tcr7687,1
vdjdb_full_16417_ss_2_n0,RTATKQYNV_HLA-A*02:01,tcr2227,0
vdjdb_full_16419,RTATKQYNV_HLA-A*02:01,tcr16549,1
vdjdb_full_16419_ss_2_n0,RTATKQYNV_HLA-A*02:01,tcr9085,0
vdjdb_full_16420,RTATKQYNV_HLA-A*02:01,tcr15461,1
vdjdb_full_16420_ss_2_n0,RTATKQYNV_HLA-A*02:01,tcr12919,0
vdjdb_full_16421,RTATKQYNV_HLA-A*02:01,tcr7373,1
vdjdb_full_16421_ss_2_n0,RTATKQYNV_HLA-A*02:01,tcr16765,0
vdjdb_full_16422,RTATKQYNV_HLA-A*02:01,tcr12531,1
vdjdb_full_16422_ss_2_n0,RTATKQYNV_HLA-A*02:01,tcr10927,0
vdjdb_full_16423,RTATKQYNV_HLA-A*02:01,tcr2259,1
vdjdb_full_16423_ss_2_n0,RTATKQYNV_HLA-A*02:01,tcr12841,0
vdjdb_full_16424,RTATKQYNV_HLA-A*02:01,tcr13444,1
vdjdb_full_16424_ss_2_n0,RTATKQYNV_HLA-A*02:01,tcr4547,0
vdjdb_full_16425,RTATKQYNV_HLA-A*02:01,tcr8036,1
vdjdb_full_16425_ss_2_n0,RTATKQYNV_HLA-A*02:01,tcr8289,0
vdjdb_full_16426,RTATKQYNV_HLA-A*02:01,tcr11034,1
vdjdb_full_16426_ss_2_n0,RTATKQYNV_HLA-A*02:01,tcr16274,0
vdjdb_full_16427,RTATKQYNV_HLA-A*02:01,tcr9810,1
vdjdb_full_16427_ss_2_n0,RTATKQYNV_HLA-A*02:01,tcr9998,0
vdjdb_full_16428,RTATKQYNV_HLA-A*02:01,tcr3991,1
vdjdb_full_16428_ss_2_n0,RTATKQYNV_HLA-A*02:01,tcr16557,0
vdjdb_full_16429,RTATKQYNV_HLA-A*02:01,tcr3196,1
vdjdb_full_16429_ss_2_n0,RTATKQYNV_HLA-A*02:01,tcr4162,0
vdjdb_full_16430,RTATKQYNV_HLA-A*02:01,tcr992,1
vdjdb_full_16430_ss_2_n0,RTATKQYNV_HLA-A*02:01,tcr5370,0
vdjdb_full_16431,RTATKQYNV_HLA-A*02:01,tcr7592,1
vdjdb_full_16431_ss_2_n0,RTATKQYNV_HLA-A*02:01,tcr14434,0
vdjdb_full_16432,RTATKQYNV_HLA-A*02:01,tcr14377,1
vdjdb_full_16432_ss_2_n0,RTATKQYNV_HLA-A*02:01,tcr4625,0
vdjdb_full_16433,RTATKQYNV_HLA-A*02:01,tcr3275,1
vdjdb_full_16433_ss_2_n0,RTATKQYNV_HLA-A*02:01,tcr4903,0
vdjdb_full_16434,RTATKQYNV_HLA-A*02:01,tcr8914,1
vdjdb_full_16434_ss_2_n0,RTATKQYNV_HLA-A*02:01,tcr14523,0
vdjdb_full_16435,RTATKQYNV_HLA-A*02:01,tcr9193,1
vdjdb_full_16435_ss_2_n0,RTATKQYNV_HLA-A*02:01,tcr9560,0
vdjdb_full_16436,RTATKQYNV_HLA-A*02:01,tcr14364,1
vdjdb_full_16436_ss_2_n0,RTATKQYNV_HLA-A*02:01,tcr12660,0
vdjdb_full_16437,RTATKQYNV_HLA-A*02:01,tcr11573,1
vdjdb_full_16437_ss_2_n0,RTATKQYNV_HLA-A*02:01,tcr5785,0
vdjdb_full_16438,RTATKQYNV_HLA-A*02:01,tcr2053,1
vdjdb_full_16438_ss_2_n0,RTATKQYNV_HLA-A*02:01,tcr5148,0
vdjdb_full_16439,RTATKQYNV_HLA-A*02:01,tcr12175,1
vdjdb_full_16439_ss_2_n0,RTATKQYNV_HLA-A*02:01,tcr9512,0
vdjdb_full_16440,RTATKQYNV_HLA-A*02:01,tcr8791,1
vdjdb_full_16440_ss_2_n0,RTATKQYNV_HLA-A*02:01,tcr16977,0
vdjdb_full_16441,RTATKQYNV_HLA-A*02:01,tcr18245,1
vdjdb_full_16441_ss_2_n0,RTATKQYNV_HLA-A*02:01,tcr8483,0
vdjdb_full_16443,RTATKQYNV_HLA-A*02:01,tcr7903,1
vdjdb_full_16443_ss_2_n0,RTATKQYNV_HLA-A*02:01,tcr16597,0
vdjdb_full_16444,RTATKQYNV_HLA-A*02:01,tcr2563,1
vdjdb_full_16444_ss_2_n0,RTATKQYNV_HLA-A*02:01,tcr12465,0
vdjdb_full_16445,RTATKQYNV_HLA-A*02:01,tcr18040,1
vdjdb_full_16445_ss_2_n0,RTATKQYNV_HLA-A*02:01,tcr11204,0
vdjdb_full_16446,RTATKQYNV_HLA-A*02:01,tcr16788,1
vdjdb_full_16446_ss_2_n0,RTATKQYNV_HLA-A*02:01,tcr3967,0
vdjdb_full_16447,RTATKQYNV_HLA-A*02:01,tcr9682,1
vdjdb_full_16447_ss_2_n0,RTATKQYNV_HLA-A*02:01,tcr14348,0
vdjdb_full_16448,RTATKQYNV_HLA-A*02:01,tcr5360,1
vdjdb_full_16448_ss_2_n0,RTATKQYNV_HLA-A*02:01,tcr5800,0
vdjdb_full_16449,RTATKQYNV_HLA-A*02:01,tcr3625,1
vdjdb_full_16449_ss_2_n0,RTATKQYNV_HLA-A*02:01,tcr640,0
vdjdb_full_16450,RTATKQYNV_HLA-A*02:01,tcr3177,1
vdjdb_full_16450_ss_2_n0,RTATKQYNV_HLA-A*02:01,tcr16998,0
vdjdb_full_16451,RTATKQYNV_HLA-A*02:01,tcr16483,1
vdjdb_full_16451_ss_2_n0,RTATKQYNV_HLA-A*02:01,tcr4045,0
vdjdb_full_16452,RTATKQYNV_HLA-A*02:01,tcr1149,1
vdjdb_full_16452_ss_2_n0,RTATKQYNV_HLA-A*02:01,tcr4341,0
vdjdb_full_16453,RTATKQYNV_HLA-A*02:01,tcr1652,1
vdjdb_full_16453_ss_2_n0,RTATKQYNV_HLA-A*02:01,tcr16168,0
vdjdb_full_16454,RTATKQYNV_HLA-A*02:01,tcr9493,1
vdjdb_full_16454_ss_2_n0,RTATKQYNV_HLA-A*02:01,tcr13635,0
vdjdb_full_16455,RTATKQYNV_HLA-A*02:01,tcr12391,1
vdjdb_full_16455_ss_2_n0,RTATKQYNV_HLA-A*02:01,tcr17492,0
vdjdb_full_16456,RTATKQYNV_HLA-A*02:01,tcr2295,1
vdjdb_full_16456_ss_2_n0,RTATKQYNV_HLA-A*02:01,tcr4532,0
vdjdb_full_16457,RTATKQYNV_HLA-A*02:01,tcr10821,1
vdjdb_full_16457_ss_2_n0,RTATKQYNV_HLA-A*02:01,tcr10498,0
vdjdb_full_16458,RTATKQYNV_HLA-A*02:01,tcr8349,1
vdjdb_full_16458_ss_2_n0,RTATKQYNV_HLA-A*02:01,tcr7478,0
vdjdb_full_16459,RTATKQYNV_HLA-A*02:01,tcr6264,1
vdjdb_full_16459_ss_2_n0,RTATKQYNV_HLA-A*02:01,tcr8541,0
vdjdb_full_16460,RTATKQYNV_HLA-A*02:01,tcr9444,1
vdjdb_full_16460_ss_2_n0,RTATKQYNV_HLA-A*02:01,tcr15646,0
vdjdb_full_16461,RTATKQYNV_HLA-A*02:01,tcr6146,1
vdjdb_full_16461_ss_2_n0,RTATKQYNV_HLA-A*02:01,tcr3043,0
vdjdb_full_16463,RTATKQYNV_HLA-A*02:01,tcr11330,1
vdjdb_full_16463_ss_2_n0,RTATKQYNV_HLA-A*02:01,tcr13950,0
vdjdb_full_16464,RTATKQYNV_HLA-A*02:01,tcr1987,1
vdjdb_full_16464_ss_2_n0,RTATKQYNV_HLA-A*02:01,tcr8798,0
vdjdb_full_16465,RTATKQYNV_HLA-A*02:01,tcr899,1
vdjdb_full_16465_ss_2_n0,RTATKQYNV_HLA-A*02:01,tcr3755,0
vdjdb_full_16897,RTATKAYNV_HLA-A*02:01,tcr535,1
vdjdb_full_16897_ss_2_n0,RTATKAYNV_HLA-A*02:01,tcr14003,0
vdjdb_full_16898,RTATKAYNV_HLA-A*02:01,tcr2446,1
vdjdb_full_16898_ss_2_n0,RTATKAYNV_HLA-A*02:01,tcr10746,0
vdjdb_full_16899,RTATKAYNV_HLA-A*02:01,tcr14621,1
vdjdb_full_16899_ss_2_n0,RTATKAYNV_HLA-A*02:01,tcr7996,0
vdjdb_full_16900,RTATKAYNV_HLA-A*02:01,tcr7819,1
vdjdb_full_16900_ss_2_n0,RTATKAYNV_HLA-A*02:01,tcr6559,0
vdjdb_full_16901,RTATKAYNV_HLA-A*02:01,tcr9170,1
vdjdb_full_16901_ss_2_n0,RTATKAYNV_HLA-A*02:01,tcr3396,0
vdjdb_full_16902,RTATKAYNV_HLA-A*02:01,tcr17890,1
vdjdb_full_16902_ss_2_n0,RTATKAYNV_HLA-A*02:01,tcr10474,0
vdjdb_full_16903,RTATKAYNV_HLA-A*02:01,tcr14660,1
vdjdb_full_16903_ss_2_n0,RTATKAYNV_HLA-A*02:01,tcr1023,0
vdjdb_full_16904,RTATKAYNV_HLA-A*02:01,tcr3,1
vdjdb_full_16904_ss_2_n0,RTATKAYNV_HLA-A*02:01,tcr15839,0
vdjdb_full_16905,RTATKAYNV_HLA-A*02:01,tcr5668,1
vdjdb_full_16905_ss_2_n0,RTATKAYNV_HLA-A*02:01,tcr18401,0
vdjdb_full_16907,RTATKAYNV_HLA-A*02:01,tcr6977,1
vdjdb_full_16907_ss_2_n0,RTATKAYNV_HLA-A*02:01,tcr8553,0
vdjdb_full_16908,RTATKAYNV_HLA-A*02:01,tcr4182,1
vdjdb_full_16908_ss_2_n0,RTATKAYNV_HLA-A*02:01,tcr15044,0
vdjdb_full_16909,RTATKAYNV_HLA-A*02:01,tcr17234,1
vdjdb_full_16909_ss_2_n0,RTATKAYNV_HLA-A*02:01,tcr13764,0
vdjdb_full_16910,RTATKAYNV_HLA-A*02:01,tcr2411,1
vdjdb_full_16910_ss_2_n0,RTATKAYNV_HLA-A*02:01,tcr17963,0
vdjdb_full_16911,RTATKAYNV_HLA-A*02:01,tcr3432,1
vdjdb_full_16911_ss_2_n0,RTATKAYNV_HLA-A*02:01,tcr6651,0
vdjdb_full_16912,RTATKAYNV_HLA-A*02:01,tcr7799,1
vdjdb_full_16912_ss_2_n0,RTATKAYNV_HLA-A*02:01,tcr6491,0
vdjdb_full_16913,RTATKAYNV_HLA-A*02:01,tcr14376,1
vdjdb_full_16913_ss_2_n0,RTATKAYNV_HLA-A*02:01,tcr14091,0
vdjdb_full_16914,RTATKAYNV_HLA-A*02:01,tcr10626,1
vdjdb_full_16914_ss_2_n0,RTATKAYNV_HLA-A*02:01,tcr5688,0
vdjdb_full_16915,RTATKAYNV_HLA-A*02:01,tcr1993,1
vdjdb_full_16915_ss_2_n0,RTATKAYNV_HLA-A*02:01,tcr2834,0
vdjdb_full_16916,RTATKAYNV_HLA-A*02:01,tcr11567,1
vdjdb_full_16916_ss_2_n0,RTATKAYNV_HLA-A*02:01,tcr17802,0
vdjdb_full_16918,RTATKAYNV_HLA-A*02:01,tcr17738,1
vdjdb_full_16918_ss_2_n0,RTATKAYNV_HLA-A*02:01,tcr12639,0
vdjdb_full_16919,RTATKAYNV_HLA-A*02:01,tcr247,1
vdjdb_full_16919_ss_2_n0,RTATKAYNV_HLA-A*02:01,tcr14654,0
vdjdb_full_16920,RTATKAYNV_HLA-A*02:01,tcr14394,1
vdjdb_full_16920_ss_2_n0,RTATKAYNV_HLA-A*02:01,tcr5506,0
vdjdb_full_16921,RTATKAYNV_HLA-A*02:01,tcr2115,1
vdjdb_full_16921_ss_2_n0,RTATKAYNV_HLA-A*02:01,tcr8139,0
vdjdb_full_16922,RTATKAYNV_HLA-A*02:01,tcr13623,1
vdjdb_full_16922_ss_2_n0,RTATKAYNV_HLA-A*02:01,tcr11561,0
vdjdb_full_16923,RTATKAYNV_HLA-A*02:01,tcr5827,1
vdjdb_full_16923_ss_2_n0,RTATKAYNV_HLA-A*02:01,tcr2489,0
vdjdb_full_16924,RTATKAYNV_HLA-A*02:01,tcr2560,1
vdjdb_full_16924_ss_2_n0,RTATKAYNV_HLA-A*02:01,tcr9352,0
vdjdb_full_16925,RTATKAYNV_HLA-A*02:01,tcr2539,1
vdjdb_full_16925_ss_2_n0,RTATKAYNV_HLA-A*02:01,tcr17145,0
vdjdb_full_16926,RTATKAYNV_HLA-A*02:01,tcr10732,1
vdjdb_full_16926_ss_2_n0,RTATKAYNV_HLA-A*02:01,tcr15248,0
vdjdb_full_16927,RTATKAYNV_HLA-A*02:01,tcr18344,1
vdjdb_full_16927_ss_2_n0,RTATKAYNV_HLA-A*02:01,tcr11952,0
vdjdb_full_16928,RTATKAYNV_HLA-A*02:01,tcr2730,1
vdjdb_full_16928_ss_2_n0,RTATKAYNV_HLA-A*02:01,tcr12036,0
vdjdb_full_16929,RTATKAYNV_HLA-A*02:01,tcr9413,1
vdjdb_full_16929_ss_2_n0,RTATKAYNV_HLA-A*02:01,tcr7435,0
vdjdb_full_16930,RTATKAYNV_HLA-A*02:01,tcr11771,1
vdjdb_full_16930_ss_2_n0,RTATKAYNV_HLA-A*02:01,tcr13061,0
vdjdb_full_16931,RTATKAYNV_HLA-A*02:01,tcr9700,1
vdjdb_full_16931_ss_2_n0,RTATKAYNV_HLA-A*02:01,tcr16310,0
vdjdb_full_16932,RTATKAYNV_HLA-A*02:01,tcr9620,1
vdjdb_full_16932_ss_2_n0,RTATKAYNV_HLA-A*02:01,tcr1424,0
vdjdb_full_16933,RTATKAYNV_HLA-A*02:01,tcr9097,1
vdjdb_full_16933_ss_2_n0,RTATKAYNV_HLA-A*02:01,tcr6211,0
vdjdb_full_16934,RTATKAYNV_HLA-A*02:01,tcr11629,1
vdjdb_full_16934_ss_2_n0,RTATKAYNV_HLA-A*02:01,tcr9699,0
vdjdb_full_16935,RTATKAYNV_HLA-A*02:01,tcr154,1
vdjdb_full_16935_ss_2_n0,RTATKAYNV_HLA-A*02:01,tcr2489,0
vdjdb_full_16936,RTATKAYNV_HLA-A*02:01,tcr8529,1
vdjdb_full_16936_ss_2_n0,RTATKAYNV_HLA-A*02:01,tcr4024,0
vdjdb_full_16937,RTATKAYNV_HLA-A*02:01,tcr16363,1
vdjdb_full_16937_ss_2_n0,RTATKAYNV_HLA-A*02:01,tcr1622,0
vdjdb_full_16938,RTATKAYNV_HLA-A*02:01,tcr7721,1
vdjdb_full_16938_ss_2_n0,RTATKAYNV_HLA-A*02:01,tcr15475,0
vdjdb_full_16939,RTATKAYNV_HLA-A*02:01,tcr10117,1
vdjdb_full_16939_ss_2_n0,RTATKAYNV_HLA-A*02:01,tcr14664,0
vdjdb_full_16940,RTATKAYNV_HLA-A*02:01,tcr12486,1
vdjdb_full_16940_ss_2_n0,RTATKAYNV_HLA-A*02:01,tcr358,0
vdjdb_full_16941,RTATKAYNV_HLA-A*02:01,tcr2602,1
vdjdb_full_16941_ss_2_n0,RTATKAYNV_HLA-A*02:01,tcr1090,0
vdjdb_full_16942,RTATKAYNV_HLA-A*02:01,tcr16336,1
vdjdb_full_16942_ss_2_n0,RTATKAYNV_HLA-A*02:01,tcr8233,0
vdjdb_full_16943,RTATKAYNV_HLA-A*02:01,tcr3814,1
vdjdb_full_16943_ss_2_n0,RTATKAYNV_HLA-A*02:01,tcr8964,0
vdjdb_full_16944,RTATKAYNV_HLA-A*02:01,tcr8963,1
vdjdb_full_16944_ss_2_n0,RTATKAYNV_HLA-A*02:01,tcr240,0
vdjdb_full_16945,RTATKAYNV_HLA-A*02:01,tcr4069,1
vdjdb_full_16945_ss_2_n0,RTATKAYNV_HLA-A*02:01,tcr6426,0
vdjdb_full_16946,RTATKAYNV_HLA-A*02:01,tcr18385,1
vdjdb_full_16946_ss_2_n0,RTATKAYNV_HLA-A*02:01,tcr11370,0
vdjdb_full_13511,LLFGYPVYV_HLA-A*02:01,tcr16597,1
vdjdb_full_13511_ss_2_n0,LLFGYPVYV_HLA-A*02:01,tcr6697,0
vdjdb_full_13512,LLFGYPVYV_HLA-A*02:01,tcr13544,1
vdjdb_full_13512_ss_2_n0,LLFGYPVYV_HLA-A*02:01,tcr11798,0
vdjdb_full_13513,LLFGYPVYV_HLA-A*02:01,tcr951,1
vdjdb_full_13513_ss_2_n0,LLFGYPVYV_HLA-A*02:01,tcr6925,0
vdjdb_full_13514,LLFGYPVYV_HLA-A*02:01,tcr2425,1
vdjdb_full_13514_ss_2_n0,LLFGYPVYV_HLA-A*02:01,tcr17726,0
vdjdb_full_13515,LLFGYPVYV_HLA-A*02:01,tcr17492,1
vdjdb_full_13515_ss_2_n0,LLFGYPVYV_HLA-A*02:01,tcr7491,0
vdjdb_full_13516,LLFGYPVYV_HLA-A*02:01,tcr10865,1
vdjdb_full_13516_ss_2_n0,LLFGYPVYV_HLA-A*02:01,tcr16074,0
vdjdb_full_13517,LLFGYPVYV_HLA-A*02:01,tcr4795,1
vdjdb_full_13517_ss_2_n0,LLFGYPVYV_HLA-A*02:01,tcr10815,0
vdjdb_full_13518,LLFGYPVYV_HLA-A*02:01,tcr5170,1
vdjdb_full_13518_ss_2_n0,LLFGYPVYV_HLA-A*02:01,tcr903,0
vdjdb_full_13519,LLFGYPVYV_HLA-A*02:01,tcr11285,1
vdjdb_full_13519_ss_2_n0,LLFGYPVYV_HLA-A*02:01,tcr3901,0
vdjdb_full_13520,LLFGYPVYV_HLA-A*02:01,tcr13244,1
vdjdb_full_13520_ss_2_n0,LLFGYPVYV_HLA-A*02:01,tcr9079,0
vdjdb_full_13521,LLFGYPVYV_HLA-A*02:01,tcr4316,1
vdjdb_full_13521_ss_2_n0,LLFGYPVYV_HLA-A*02:01,tcr4522,0
vdjdb_full_13522,LLFGYPVYV_HLA-A*02:01,tcr16813,1
vdjdb_full_13522_ss_2_n0,LLFGYPVYV_HLA-A*02:01,tcr1528,0
vdjdb_full_13523,LLFGYPVYV_HLA-A*02:01,tcr16845,1
vdjdb_full_13523_ss_2_n0,LLFGYPVYV_HLA-A*02:01,tcr15165,0
vdjdb_full_13524,LLFGYPVYV_HLA-A*02:01,tcr10251,1
vdjdb_full_13524_ss_2_n0,LLFGYPVYV_HLA-A*02:01,tcr13403,0
vdjdb_full_13525,LLFGYPVYV_HLA-A*02:01,tcr232,1
vdjdb_full_13525_ss_2_n0,LLFGYPVYV_HLA-A*02:01,tcr11174,0
vdjdb_full_13526,LLFGYPVYV_HLA-A*02:01,tcr1751,1
vdjdb_full_13526_ss_2_n0,LLFGYPVYV_HLA-A*02:01,tcr12749,0
vdjdb_full_13527,LLFGYPVYV_HLA-A*02:01,tcr14311,1
vdjdb_full_13527_ss_2_n0,LLFGYPVYV_HLA-A*02:01,tcr15084,0
vdjdb_full_13528,LLFGYPVYV_HLA-A*02:01,tcr12497,1
vdjdb_full_13528_ss_2_n0,LLFGYPVYV_HLA-A*02:01,tcr14982,0
vdjdb_full_13529,LLFGYPVYV_HLA-A*02:01,tcr9256,1
vdjdb_full_13529_ss_2_n0,LLFGYPVYV_HLA-A*02:01,tcr2072,0
vdjdb_full_13530,LLFGYPVYV_HLA-A*02:01,tcr17902,1
vdjdb_full_13530_ss_2_n0,LLFGYPVYV_HLA-A*02:01,tcr4158,0
vdjdb_full_13531,LLFGYPVYV_HLA-A*02:01,tcr9560,1
vdjdb_full_13531_ss_2_n0,LLFGYPVYV_HLA-A*02:01,tcr15742,0
vdjdb_full_13532,LLFGYPVYV_HLA-A*02:01,tcr8893,1
vdjdb_full_13532_ss_2_n0,LLFGYPVYV_HLA-A*02:01,tcr575,0
vdjdb_full_13533,LLFGYPVYV_HLA-A*02:01,tcr7389,1
vdjdb_full_13533_ss_2_n0,LLFGYPVYV_HLA-A*02:01,tcr14880,0
vdjdb_full_13534,LLFGYPVYV_HLA-A*02:01,tcr7254,1
vdjdb_full_13534_ss_2_n0,LLFGYPVYV_HLA-A*02:01,tcr10651,0
vdjdb_full_13535,LLFGYPVYV_HLA-A*02:01,tcr5656,1
vdjdb_full_13535_ss_2_n0,LLFGYPVYV_HLA-A*02:01,tcr2069,0
vdjdb_full_13536,LLFGYPVYV_HLA-A*02:01,tcr5820,1
vdjdb_full_13536_ss_2_n0,LLFGYPVYV_HLA-A*02:01,tcr2761,0
vdjdb_full_13537,LLFGYPVYV_HLA-A*02:01,tcr9998,1
vdjdb_full_13537_ss_2_n0,LLFGYPVYV_HLA-A*02:01,tcr9157,0
vdjdb_full_13538,LLFGYPVYV_HLA-A*02:01,tcr10192,1
vdjdb_full_13538_ss_2_n0,LLFGYPVYV_HLA-A*02:01,tcr15795,0
vdjdb_full_13539,LLFGYPVYV_HLA-A*02:01,tcr14957,1
vdjdb_full_13539_ss_2_n0,LLFGYPVYV_HLA-A*02:01,tcr12212,0
vdjdb_full_13540,LLFGYPVYV_HLA-A*02:01,tcr11367,1
vdjdb_full_13540_ss_2_n0,LLFGYPVYV_HLA-A*02:01,tcr874,0
vdjdb_full_13541,LLFGYPVYV_HLA-A*02:01,tcr11250,1
vdjdb_full_13541_ss_2_n0,LLFGYPVYV_HLA-A*02:01,tcr13100,0
vdjdb_full_13542,LLFGYPVYV_HLA-A*02:01,tcr14379,1
vdjdb_full_13542_ss_2_n0,LLFGYPVYV_HLA-A*02:01,tcr8791,0
vdjdb_full_13543,LLFGYPVYV_HLA-A*02:01,tcr5052,1
vdjdb_full_13543_ss_2_n0,LLFGYPVYV_HLA-A*02:01,tcr4163,0
vdjdb_full_13544,LLFGYPVYV_HLA-A*02:01,tcr6593,1
vdjdb_full_13544_ss_2_n0,LLFGYPVYV_HLA-A*02:01,tcr8483,0
vdjdb_full_13545,LLFGYPVYV_HLA-A*02:01,tcr9277,1
vdjdb_full_13545_ss_2_n0,LLFGYPVYV_HLA-A*02:01,tcr17340,0
vdjdb_full_13546,LLFGYPVYV_HLA-A*02:01,tcr728,1
vdjdb_full_13546_ss_2_n0,LLFGYPVYV_HLA-A*02:01,tcr17737,0
vdjdb_full_13547,LLFGYPVYV_HLA-A*02:01,tcr15904,1
vdjdb_full_13547_ss_2_n0,LLFGYPVYV_HLA-A*02:01,tcr10464,0
vdjdb_full_13548,LLFGYPVYV_HLA-A*02:01,tcr18174,1
vdjdb_full_13548_ss_2_n0,LLFGYPVYV_HLA-A*02:01,tcr13641,0
vdjdb_full_13549,LLFGYPVYV_HLA-A*02:01,tcr1927,1
vdjdb_full_13549_ss_2_n0,LLFGYPVYV_HLA-A*02:01,tcr3700,0
vdjdb_full_13550,LLFGYPVYV_HLA-A*02:01,tcr14278,1
vdjdb_full_13550_ss_2_n0,LLFGYPVYV_HLA-A*02:01,tcr13558,0
vdjdb_full_13551,LLFGYPVYV_HLA-A*02:01,tcr11268,1
vdjdb_full_13551_ss_2_n0,LLFGYPVYV_HLA-A*02:01,tcr14716,0
vdjdb_full_13552,LLFGYPVYV_HLA-A*02:01,tcr13563,1
vdjdb_full_13552_ss_2_n0,LLFGYPVYV_HLA-A*02:01,tcr233,0
vdjdb_full_13553,LLFGYPVYV_HLA-A*02:01,tcr2349,1
vdjdb_full_13553_ss_2_n0,LLFGYPVYV_HLA-A*02:01,tcr6035,0
vdjdb_full_13554,LLFGYPVYV_HLA-A*02:01,tcr4671,1
vdjdb_full_13554_ss_2_n0,LLFGYPVYV_HLA-A*02:01,tcr635,0
vdjdb_full_13555,LLFGYPVYV_HLA-A*02:01,tcr15472,1
vdjdb_full_13555_ss_2_n0,LLFGYPVYV_HLA-A*02:01,tcr4471,0
vdjdb_full_15755,RTLNAWVKV_HLA-A*02:01,tcr16908,1
vdjdb_full_15755_ss_2_n0,RTLNAWVKV_HLA-A*02:01,tcr12383,0
vdjdb_full_15756,RTLNAWVKV_HLA-A*02:01,tcr737,1
vdjdb_full_15756_ss_2_n0,RTLNAWVKV_HLA-A*02:01,tcr10480,0
vdjdb_full_15757,RTLNAWVKV_HLA-A*02:01,tcr12422,1
vdjdb_full_15757_ss_2_n0,RTLNAWVKV_HLA-A*02:01,tcr13377,0
vdjdb_full_15759,RTLNAWVKV_HLA-A*02:01,tcr5538,1
vdjdb_full_15759_ss_2_n0,RTLNAWVKV_HLA-A*02:01,tcr11624,0
vdjdb_full_15760,RTLNAWVKV_HLA-A*02:01,tcr6357,1
vdjdb_full_15760_ss_2_n0,RTLNAWVKV_HLA-A*02:01,tcr13308,0
vdjdb_full_15761,RTLNAWVKV_HLA-A*02:01,tcr18151,1
vdjdb_full_15761_ss_2_n0,RTLNAWVKV_HLA-A*02:01,tcr2355,0
vdjdb_full_15762,RTLNAWVKV_HLA-A*02:01,tcr3804,1
vdjdb_full_15762_ss_2_n0,RTLNAWVKV_HLA-A*02:01,tcr15877,0
vdjdb_full_15763,RTLNAWVKV_HLA-A*02:01,tcr2709,1
vdjdb_full_15763_ss_2_n0,RTLNAWVKV_HLA-A*02:01,tcr8889,0
vdjdb_full_15764,RTLNAWVKV_HLA-A*02:01,tcr14203,1
vdjdb_full_15764_ss_2_n0,RTLNAWVKV_HLA-A*02:01,tcr310,0
vdjdb_full_15765,RTLNAWVKV_HLA-A*02:01,tcr5064,1
vdjdb_full_15765_ss_2_n0,RTLNAWVKV_HLA-A*02:01,tcr15575,0
vdjdb_full_15766,RTLNAWVKV_HLA-A*02:01,tcr5635,1
vdjdb_full_15766_ss_2_n0,RTLNAWVKV_HLA-A*02:01,tcr17440,0
vdjdb_full_15767,RTLNAWVKV_HLA-A*02:01,tcr16104,1
vdjdb_full_15767_ss_2_n0,RTLNAWVKV_HLA-A*02:01,tcr8529,0
vdjdb_full_15768,RTLNAWVKV_HLA-A*02:01,tcr6763,1
vdjdb_full_15768_ss_2_n0,RTLNAWVKV_HLA-A*02:01,tcr7730,0
vdjdb_full_15769,RTLNAWVKV_HLA-A*02:01,tcr9055,1
vdjdb_full_15769_ss_2_n0,RTLNAWVKV_HLA-A*02:01,tcr9253,0
vdjdb_full_15770,RTLNAWVKV_HLA-A*02:01,tcr11109,1
vdjdb_full_15770_ss_2_n0,RTLNAWVKV_HLA-A*02:01,tcr4115,0
vdjdb_full_15772,RTLNAWVKV_HLA-A*02:01,tcr15580,1
vdjdb_full_15772_ss_2_n0,RTLNAWVKV_HLA-A*02:01,tcr10331,0
vdjdb_full_15773,RTLNAWVKV_HLA-A*02:01,tcr13272,1
vdjdb_full_15773_ss_2_n0,RTLNAWVKV_HLA-A*02:01,tcr14585,0
vdjdb_full_15774,RTLNAWVKV_HLA-A*02:01,tcr12115,1
vdjdb_full_15774_ss_2_n0,RTLNAWVKV_HLA-A*02:01,tcr18241,0
vdjdb_full_15775,RTLNAWVKV_HLA-A*02:01,tcr1294,1
vdjdb_full_15775_ss_2_n0,RTLNAWVKV_HLA-A*02:01,tcr10641,0
vdjdb_full_15776,RTLNAWVKV_HLA-A*02:01,tcr6455,1
vdjdb_full_15776_ss_2_n0,RTLNAWVKV_HLA-A*02:01,tcr5741,0
vdjdb_full_15777,RTLNAWVKV_HLA-A*02:01,tcr3273,1
vdjdb_full_15777_ss_2_n0,RTLNAWVKV_HLA-A*02:01,tcr15700,0
vdjdb_full_15778,RTLNAWVKV_HLA-A*02:01,tcr8005,1
vdjdb_full_15778_ss_2_n0,RTLNAWVKV_HLA-A*02:01,tcr17484,0
vdjdb_full_15779,RTLNAWVKV_HLA-A*02:01,tcr1667,1
vdjdb_full_15779_ss_2_n0,RTLNAWVKV_HLA-A*02:01,tcr10117,0
vdjdb_full_15780,RTLNAWVKV_HLA-A*02:01,tcr7360,1
vdjdb_full_15780_ss_2_n0,RTLNAWVKV_HLA-A*02:01,tcr8747,0
vdjdb_full_15781,RTLNAWVKV_HLA-A*02:01,tcr985,1
vdjdb_full_15781_ss_2_n0,RTLNAWVKV_HLA-A*02:01,tcr6334,0
vdjdb_full_15782,RTLNAWVKV_HLA-A*02:01,tcr18074,1
vdjdb_full_15782_ss_2_n0,RTLNAWVKV_HLA-A*02:01,tcr11542,0
vdjdb_full_15783,RTLNAWVKV_HLA-A*02:01,tcr6183,1
vdjdb_full_15783_ss_2_n0,RTLNAWVKV_HLA-A*02:01,tcr6211,0
vdjdb_full_15784,RTLNAWVKV_HLA-A*02:01,tcr330,1
vdjdb_full_15784_ss_2_n0,RTLNAWVKV_HLA-A*02:01,tcr5192,0
vdjdb_full_15785,RTLNAWVKV_HLA-A*02:01,tcr5125,1
vdjdb_full_15785_ss_2_n0,RTLNAWVKV_HLA-A*02:01,tcr16023,0
vdjdb_full_15786,RTLNAWVKV_HLA-A*02:01,tcr1090,1
vdjdb_full_15786_ss_2_n0,RTLNAWVKV_HLA-A*02:01,tcr7867,0
vdjdb_full_15787,RTLNAWVKV_HLA-A*02:01,tcr2011,1
vdjdb_full_15787_ss_2_n0,RTLNAWVKV_HLA-A*02:01,tcr3281,0
vdjdb_full_15788,RTLNAWVKV_HLA-A*02:01,tcr5975,1
vdjdb_full_15788_ss_2_n0,RTLNAWVKV_HLA-A*02:01,tcr8625,0
vdjdb_full_15789,RTLNAWVKV_HLA-A*02:01,tcr17306,1
vdjdb_full_15789_ss_2_n0,RTLNAWVKV_HLA-A*02:01,tcr2663,0
vdjdb_full_15791,RTLNAWVKV_HLA-A*02:01,tcr14837,1
vdjdb_full_15791_ss_2_n0,RTLNAWVKV_HLA-A*02:01,tcr2047,0
vdjdb_full_15792,RTLNAWVKV_HLA-A*02:01,tcr14431,1
vdjdb_full_15792_ss_2_n0,RTLNAWVKV_HLA-A*02:01,tcr13625,0
vdjdb_full_15793,RTLNAWVKV_HLA-A*02:01,tcr17590,1
vdjdb_full_15793_ss_2_n0,RTLNAWVKV_HLA-A*02:01,tcr10651,0
vdjdb_full_15794,RTLNAWVKV_HLA-A*02:01,tcr8665,1
vdjdb_full_15794_ss_2_n0,RTLNAWVKV_HLA-A*02:01,tcr4457,0
vdjdb_full_15795,RTLNAWVKV_HLA-A*02:01,tcr12660,1
vdjdb_full_15795_ss_2_n0,RTLNAWVKV_HLA-A*02:01,tcr7592,0
vdjdb_full_15796,RTLNAWVKV_HLA-A*02:01,tcr8426,1
vdjdb_full_15796_ss_2_n0,RTLNAWVKV_HLA-A*02:01,tcr14963,0
vdjdb_full_15797,RTLNAWVKV_HLA-A*02:01,tcr18292,1
vdjdb_full_15797_ss_2_n0,RTLNAWVKV_HLA-A*02:01,tcr16552,0
vdjdb_full_15798,RTLNAWVKV_HLA-A*02:01,tcr16476,1
vdjdb_full_15798_ss_2_n0,RTLNAWVKV_HLA-A*02:01,tcr5488,0
vdjdb_full_15799,RTLNAWVKV_HLA-A*02:01,tcr13319,1
vdjdb_full_15799_ss_2_n0,RTLNAWVKV_HLA-A*02:01,tcr10666,0
vdjdb_full_15800,RTLNAWVKV_HLA-A*02:01,tcr7493,1
vdjdb_full_15800_ss_2_n0,RTLNAWVKV_HLA-A*02:01,tcr241,0
vdjdb_full_16353,PTDNYITTY_HLA-A*01:01,tcr4519,1
vdjdb_full_16353_ss_2_n0,PTDNYITTY_HLA-A*01:01,tcr9623,0
vdjdb_full_16354,PTDNYITTY_HLA-A*01:01,tcr9245,1
vdjdb_full_16354_ss_2_n0,PTDNYITTY_HLA-A*01:01,tcr1109,0
vdjdb_full_16355,PTDNYITTY_HLA-A*01:01,tcr14740,1
vdjdb_full_16355_ss_2_n0,PTDNYITTY_HLA-A*01:01,tcr4739,0
vdjdb_full_16356,PTDNYITTY_HLA-A*01:01,tcr3809,1
vdjdb_full_16356_ss_2_n0,PTDNYITTY_HLA-A*01:01,tcr10926,0
vdjdb_full_16357,PTDNYITTY_HLA-A*01:01,tcr18361,1
vdjdb_full_16357_ss_2_n0,PTDNYITTY_HLA-A*01:01,tcr13599,0
vdjdb_full_16358,PTDNYITTY_HLA-A*01:01,tcr3468,1
vdjdb_full_16358_ss_2_n0,PTDNYITTY_HLA-A*01:01,tcr16125,0
vdjdb_full_16359,PTDNYITTY_HLA-A*01:01,tcr11918,1
vdjdb_full_16359_ss_2_n0,PTDNYITTY_HLA-A*01:01,tcr5187,0
vdjdb_full_16360,PTDNYITTY_HLA-A*01:01,tcr12601,1
vdjdb_full_16360_ss_2_n0,PTDNYITTY_HLA-A*01:01,tcr17646,0
vdjdb_full_16361,PTDNYITTY_HLA-A*01:01,tcr14948,1
vdjdb_full_16361_ss_2_n0,PTDNYITTY_HLA-A*01:01,tcr8418,0
vdjdb_full_16362,PTDNYITTY_HLA-A*01:01,tcr12710,1
vdjdb_full_16362_ss_2_n0,PTDNYITTY_HLA-A*01:01,tcr14786,0
vdjdb_full_16363,PTDNYITTY_HLA-A*01:01,tcr14866,1
vdjdb_full_16363_ss_2_n0,PTDNYITTY_HLA-A*01:01,tcr14355,0
vdjdb_full_16364,PTDNYITTY_HLA-A*01:01,tcr3256,1
vdjdb_full_16364_ss_2_n0,PTDNYITTY_HLA-A*01:01,tcr9160,0
vdjdb_full_16365,PTDNYITTY_HLA-A*01:01,tcr15948,1
vdjdb_full_16365_ss_2_n0,PTDNYITTY_HLA-A*01:01,tcr14376,0
vdjdb_full_16366,PTDNYITTY_HLA-A*01:01,tcr2901,1
vdjdb_full_16366_ss_2_n0,PTDNYITTY_HLA-A*01:01,tcr8220,0
vdjdb_full_16367,PTDNYITTY_HLA-A*01:01,tcr15369,1
vdjdb_full_16367_ss_2_n0,PTDNYITTY_HLA-A*01:01,tcr2246,0
vdjdb_full_16368,PTDNYITTY_HLA-A*01:01,tcr2607,1
vdjdb_full_16368_ss_2_n0,PTDNYITTY_HLA-A*01:01,tcr6145,0
vdjdb_full_16369,PTDNYITTY_HLA-A*01:01,tcr10242,1
vdjdb_full_16369_ss_2_n0,PTDNYITTY_HLA-A*01:01,tcr7051,0
vdjdb_full_16370,PTDNYITTY_HLA-A*01:01,tcr13447,1
vdjdb_full_16370_ss_2_n0,PTDNYITTY_HLA-A*01:01,tcr9526,0
vdjdb_full_16371,PTDNYITTY_HLA-A*01:01,tcr6742,1
vdjdb_full_16371_ss_2_n0,PTDNYITTY_HLA-A*01:01,tcr14842,0
vdjdb_full_16372,PTDNYITTY_HLA-A*01:01,tcr11286,1
vdjdb_full_16372_ss_2_n0,PTDNYITTY_HLA-A*01:01,tcr1939,0
vdjdb_full_16373,PTDNYITTY_HLA-A*01:01,tcr5143,1
vdjdb_full_16373_ss_2_n0,PTDNYITTY_HLA-A*01:01,tcr11156,0
vdjdb_full_16374,PTDNYITTY_HLA-A*01:01,tcr9074,1
vdjdb_full_16374_ss_2_n0,PTDNYITTY_HLA-A*01:01,tcr16935,0
vdjdb_full_16375,PTDNYITTY_HLA-A*01:01,tcr11973,1
vdjdb_full_16375_ss_2_n0,PTDNYITTY_HLA-A*01:01,tcr244,0
vdjdb_full_16376,PTDNYITTY_HLA-A*01:01,tcr8980,1
vdjdb_full_16376_ss_2_n0,PTDNYITTY_HLA-A*01:01,tcr15552,0
vdjdb_full_16377,PTDNYITTY_HLA-A*01:01,tcr131,1
vdjdb_full_16377_ss_2_n0,PTDNYITTY_HLA-A*01:01,tcr165,0
vdjdb_full_16378,PTDNYITTY_HLA-A*01:01,tcr2947,1
vdjdb_full_16378_ss_2_n0,PTDNYITTY_HLA-A*01:01,tcr15472,0
vdjdb_full_16379,PTDNYITTY_HLA-A*01:01,tcr7222,1
vdjdb_full_16379_ss_2_n0,PTDNYITTY_HLA-A*01:01,tcr8207,0
vdjdb_full_16380,PTDNYITTY_HLA-A*01:01,tcr12876,1
vdjdb_full_16380_ss_2_n0,PTDNYITTY_HLA-A*01:01,tcr2550,0
vdjdb_full_16381,PTDNYITTY_HLA-A*01:01,tcr3998,1
vdjdb_full_16381_ss_2_n0,PTDNYITTY_HLA-A*01:01,tcr14348,0
vdjdb_full_16382,PTDNYITTY_HLA-A*01:01,tcr15489,1
vdjdb_full_16382_ss_2_n0,PTDNYITTY_HLA-A*01:01,tcr14982,0
vdjdb_full_16383,PTDNYITTY_HLA-A*01:01,tcr17695,1
vdjdb_full_16383_ss_2_n0,PTDNYITTY_HLA-A*01:01,tcr7267,0
vdjdb_full_16384,PTDNYITTY_HLA-A*01:01,tcr12522,1
vdjdb_full_16384_ss_2_n0,PTDNYITTY_HLA-A*01:01,tcr12749,0
vdjdb_full_16385,PTDNYITTY_HLA-A*01:01,tcr6033,1
vdjdb_full_16385_ss_2_n0,PTDNYITTY_HLA-A*01:01,tcr5972,0
vdjdb_full_16386,PTDNYITTY_HLA-A*01:01,tcr16038,1
vdjdb_full_16386_ss_2_n0,PTDNYITTY_HLA-A*01:01,tcr15559,0
vdjdb_full_16387,PTDNYITTY_HLA-A*01:01,tcr14354,1
vdjdb_full_16387_ss_2_n0,PTDNYITTY_HLA-A*01:01,tcr15474,0
vdjdb_full_16388,PTDNYITTY_HLA-A*01:01,tcr9396,1
vdjdb_full_16388_ss_2_n0,PTDNYITTY_HLA-A*01:01,tcr8602,0
vdjdb_full_16389,PTDNYITTY_HLA-A*01:01,tcr17672,1
vdjdb_full_16389_ss_2_n0,PTDNYITTY_HLA-A*01:01,tcr257,0
vdjdb_full_16390,PTDNYITTY_HLA-A*01:01,tcr17824,1
vdjdb_full_16390_ss_2_n0,PTDNYITTY_HLA-A*01:01,tcr11062,0
vdjdb_full_16391,PTDNYITTY_HLA-A*01:01,tcr2979,1
vdjdb_full_16391_ss_2_n0,PTDNYITTY_HLA-A*01:01,tcr6020,0
vdjdb_full_16392,PTDNYITTY_HLA-A*01:01,tcr15820,1
vdjdb_full_16392_ss_2_n0,PTDNYITTY_HLA-A*01:01,tcr737,0
vdjdb_full_16948,NYNYLYRLF_HLA-A*24:02,tcr241,1
vdjdb_full_16948_ss_2_n0,NYNYLYRLF_HLA-A*24:02,tcr9800,0
vdjdb_full_16949,NYNYLYRLF_HLA-A*24:02,tcr17440,1
vdjdb_full_16949_ss_2_n0,NYNYLYRLF_HLA-A*24:02,tcr1165,0
vdjdb_full_16950,NYNYLYRLF_HLA-A*24:02,tcr2063,1
vdjdb_full_16950_ss_2_n0,NYNYLYRLF_HLA-A*24:02,tcr6988,0
vdjdb_full_16951,NYNYLYRLF_HLA-A*24:02,tcr7508,1
vdjdb_full_16951_ss_2_n0,NYNYLYRLF_HLA-A*24:02,tcr15833,0
vdjdb_full_16952,NYNYLYRLF_HLA-A*24:02,tcr8994,1
vdjdb_full_16952_ss_2_n0,NYNYLYRLF_HLA-A*24:02,tcr2135,0
vdjdb_full_16953,NYNYLYRLF_HLA-A*24:02,tcr6851,1
vdjdb_full_16953_ss_2_n0,NYNYLYRLF_HLA-A*24:02,tcr6040,0
vdjdb_full_16954,NYNYLYRLF_HLA-A*24:02,tcr615,1
vdjdb_full_16954_ss_2_n0,NYNYLYRLF_HLA-A*24:02,tcr4258,0
vdjdb_full_16955,NYNYLYRLF_HLA-A*24:02,tcr8251,1
vdjdb_full_16955_ss_2_n0,NYNYLYRLF_HLA-A*24:02,tcr14295,0
vdjdb_full_16958,NYNYLYRLF_HLA-A*24:02,tcr2735,1
vdjdb_full_16958_ss_2_n0,NYNYLYRLF_HLA-A*24:02,tcr5441,0
vdjdb_full_16959,NYNYLYRLF_HLA-A*24:02,tcr6454,1
vdjdb_full_16959_ss_2_n0,NYNYLYRLF_HLA-A*24:02,tcr667,0
vdjdb_full_16960,NYNYLYRLF_HLA-A*24:02,tcr2511,1
vdjdb_full_16960_ss_2_n0,NYNYLYRLF_HLA-A*24:02,tcr2055,0
vdjdb_full_16961,NYNYLYRLF_HLA-A*24:02,tcr9375,1
vdjdb_full_16961_ss_2_n0,NYNYLYRLF_HLA-A*24:02,tcr10580,0
vdjdb_full_16962,NYNYLYRLF_HLA-A*24:02,tcr11767,1
vdjdb_full_16962_ss_2_n0,NYNYLYRLF_HLA-A*24:02,tcr1023,0
vdjdb_full_16964,NYNYLYRLF_HLA-A*24:02,tcr18353,1
vdjdb_full_16964_ss_2_n0,NYNYLYRLF_HLA-A*24:02,tcr3739,0
vdjdb_full_16965,NYNYLYRLF_HLA-A*24:02,tcr14381,1
vdjdb_full_16965_ss_2_n0,NYNYLYRLF_HLA-A*24:02,tcr7818,0
vdjdb_full_16966,NYNYLYRLF_HLA-A*24:02,tcr648,1
vdjdb_full_16966_ss_2_n0,NYNYLYRLF_HLA-A*24:02,tcr17620,0
vdjdb_full_16967,NYNYLYRLF_HLA-A*24:02,tcr3755,1
vdjdb_full_16967_ss_2_n0,NYNYLYRLF_HLA-A*24:02,tcr1869,0
vdjdb_full_16969,NYNYLYRLF_HLA-A*24:02,tcr8800,1
vdjdb_full_16969_ss_2_n0,NYNYLYRLF_HLA-A*24:02,tcr9859,0
vdjdb_full_16970,NYNYLYRLF_HLA-A*24:02,tcr13906,1
vdjdb_full_16970_ss_2_n0,NYNYLYRLF_HLA-A*24:02,tcr14069,0
vdjdb_full_16971,NYNYLYRLF_HLA-A*24:02,tcr15516,1
vdjdb_full_16971_ss_2_n0,NYNYLYRLF_HLA-A*24:02,tcr5580,0
vdjdb_full_16972,NYNYLYRLF_HLA-A*24:02,tcr9227,1
vdjdb_full_16972_ss_2_n0,NYNYLYRLF_HLA-A*24:02,tcr13308,0
vdjdb_full_16973,NYNYLYRLF_HLA-A*24:02,tcr14138,1
vdjdb_full_16973_ss_2_n0,NYNYLYRLF_HLA-A*24:02,tcr5700,0
vdjdb_full_16974,NYNYLYRLF_HLA-A*24:02,tcr15843,1
vdjdb_full_16974_ss_2_n0,NYNYLYRLF_HLA-A*24:02,tcr16549,0
vdjdb_full_16976,NYNYLYRLF_HLA-A*24:02,tcr10426,1
vdjdb_full_16976_ss_2_n0,NYNYLYRLF_HLA-A*24:02,tcr817,0
vdjdb_full_16978,NYNYLYRLF_HLA-A*24:02,tcr11239,1
vdjdb_full_16978_ss_2_n0,NYNYLYRLF_HLA-A*24:02,tcr11991,0
vdjdb_full_16979,NYNYLYRLF_HLA-A*24:02,tcr7394,1
vdjdb_full_16979_ss_2_n0,NYNYLYRLF_HLA-A*24:02,tcr98,0
vdjdb_full_16980,NYNYLYRLF_HLA-A*24:02,tcr12084,1
vdjdb_full_16980_ss_2_n0,NYNYLYRLF_HLA-A*24:02,tcr13267,0
vdjdb_full_16981,NYNYLYRLF_HLA-A*24:02,tcr8787,1
vdjdb_full_16981_ss_2_n0,NYNYLYRLF_HLA-A*24:02,tcr13392,0
vdjdb_full_16982,NYNYLYRLF_HLA-A*24:02,tcr10964,1
vdjdb_full_16982_ss_2_n0,NYNYLYRLF_HLA-A*24:02,tcr13599,0
vdjdb_full_16984,NYNYLYRLF_HLA-A*24:02,tcr8390,1
vdjdb_full_16984_ss_2_n0,NYNYLYRLF_HLA-A*24:02,tcr16970,0
vdjdb_full_16985,NYNYLYRLF_HLA-A*24:02,tcr11230,1
vdjdb_full_16985_ss_2_n0,NYNYLYRLF_HLA-A*24:02,tcr7464,0
vdjdb_full_16986,NYNYLYRLF_HLA-A*24:02,tcr17991,1
vdjdb_full_16986_ss_2_n0,NYNYLYRLF_HLA-A*24:02,tcr8294,0
vdjdb_full_16987,NYNYLYRLF_HLA-A*24:02,tcr15474,1
vdjdb_full_16987_ss_2_n0,NYNYLYRLF_HLA-A*24:02,tcr3187,0
vdjdb_full_16988,NYNYLYRLF_HLA-A*24:02,tcr9891,1
vdjdb_full_16988_ss_2_n0,NYNYLYRLF_HLA-A*24:02,tcr10192,0
vdjdb_full_16990,NYNYLYRLF_HLA-A*24:02,tcr3257,1
vdjdb_full_16990_ss_2_n0,NYNYLYRLF_HLA-A*24:02,tcr309,0
vdjdb_full_16991,NYNYLYRLF_HLA-A*24:02,tcr2864,1
vdjdb_full_16991_ss_2_n0,NYNYLYRLF_HLA-A*24:02,tcr8484,0
vdjdb_full_16992,NYNYLYRLF_HLA-A*24:02,tcr7181,1
vdjdb_full_16992_ss_2_n0,NYNYLYRLF_HLA-A*24:02,tcr436,0
vdjdb_full_16993,NYNYLYRLF_HLA-A*24:02,tcr17118,1
vdjdb_full_16993_ss_2_n0,NYNYLYRLF_HLA-A*24:02,tcr11880,0
vdjdb_full_16994,NYNYLYRLF_HLA-A*24:02,tcr9869,1
vdjdb_full_16994_ss_2_n0,NYNYLYRLF_HLA-A*24:02,tcr11848,0
vdjdb_full_16995,NYNYLYRLF_HLA-A*24:02,tcr9775,1
vdjdb_full_16995_ss_2_n0,NYNYLYRLF_HLA-A*24:02,tcr2413,0
vdjdb_full_13879,AYAQKIFKI_HLA-A*24:02,tcr17448,1
vdjdb_full_13879_ss_2_n0,AYAQKIFKI_HLA-A*24:02,tcr12807,0
vdjdb_full_13880,AYAQKIFKI_HLA-A*24:02,tcr13638,1
vdjdb_full_13880_ss_2_n0,AYAQKIFKI_HLA-A*24:02,tcr8700,0
vdjdb_full_13881,AYAQKIFKI_HLA-A*24:02,tcr18195,1
vdjdb_full_13881_ss_2_n0,AYAQKIFKI_HLA-A*24:02,tcr10588,0
vdjdb_full_13882,AYAQKIFKI_HLA-A*24:02,tcr11686,1
vdjdb_full_13882_ss_2_n0,AYAQKIFKI_HLA-A*24:02,tcr14982,0
vdjdb_full_13883,AYAQKIFKI_HLA-A*24:02,tcr2473,1
vdjdb_full_13883_ss_2_n0,AYAQKIFKI_HLA-A*24:02,tcr6199,0
vdjdb_full_13884,AYAQKIFKI_HLA-A*24:02,tcr18160,1
vdjdb_full_13884_ss_2_n0,AYAQKIFKI_HLA-A*24:02,tcr13268,0
vdjdb_full_13885,AYAQKIFKI_HLA-A*24:02,tcr1386,1
vdjdb_full_13885_ss_2_n0,AYAQKIFKI_HLA-A*24:02,tcr3257,0
vdjdb_full_13886,AYAQKIFKI_HLA-A*24:02,tcr16690,1
vdjdb_full_13886_ss_2_n0,AYAQKIFKI_HLA-A*24:02,tcr887,0
vdjdb_full_13887,AYAQKIFKI_HLA-A*24:02,tcr14926,1
vdjdb_full_13887_ss_2_n0,AYAQKIFKI_HLA-A*24:02,tcr16299,0
vdjdb_full_13888,AYAQKIFKI_HLA-A*24:02,tcr14050,1
vdjdb_full_13888_ss_2_n0,AYAQKIFKI_HLA-A*24:02,tcr7803,0
vdjdb_full_13889,AYAQKIFKI_HLA-A*24:02,tcr7420,1
vdjdb_full_13889_ss_2_n0,AYAQKIFKI_HLA-A*24:02,tcr8618,0
vdjdb_full_13890,AYAQKIFKI_HLA-A*24:02,tcr5950,1
vdjdb_full_13890_ss_2_n0,AYAQKIFKI_HLA-A*24:02,tcr12887,0
vdjdb_full_13891,AYAQKIFKI_HLA-A*24:02,tcr17726,1
vdjdb_full_13891_ss_2_n0,AYAQKIFKI_HLA-A*24:02,tcr17911,0
vdjdb_full_13892,AYAQKIFKI_HLA-A*24:02,tcr13141,1
vdjdb_full_13892_ss_2_n0,AYAQKIFKI_HLA-A*24:02,tcr7182,0
vdjdb_full_13893,AYAQKIFKI_HLA-A*24:02,tcr4902,1
vdjdb_full_13893_ss_2_n0,AYAQKIFKI_HLA-A*24:02,tcr1023,0
vdjdb_full_13894,AYAQKIFKI_HLA-A*24:02,tcr15485,1
vdjdb_full_13894_ss_2_n0,AYAQKIFKI_HLA-A*24:02,tcr9833,0
vdjdb_full_13895,AYAQKIFKI_HLA-A*24:02,tcr9319,1
vdjdb_full_13895_ss_2_n0,AYAQKIFKI_HLA-A*24:02,tcr8342,0
vdjdb_full_13896,AYAQKIFKI_HLA-A*24:02,tcr10658,1
vdjdb_full_13896_ss_2_n0,AYAQKIFKI_HLA-A*24:02,tcr5040,0
vdjdb_full_13897,AYAQKIFKI_HLA-A*24:02,tcr7973,1
vdjdb_full_13897_ss_2_n0,AYAQKIFKI_HLA-A*24:02,tcr10959,0
vdjdb_full_13898,AYAQKIFKI_HLA-A*24:02,tcr10600,1
vdjdb_full_13898_ss_2_n0,AYAQKIFKI_HLA-A*24:02,tcr18395,0
vdjdb_full_13899,AYAQKIFKI_HLA-A*24:02,tcr8341,1
vdjdb_full_13899_ss_2_n0,AYAQKIFKI_HLA-A*24:02,tcr7611,0
vdjdb_full_13900,AYAQKIFKI_HLA-A*24:02,tcr17572,1
vdjdb_full_13900_ss_2_n0,AYAQKIFKI_HLA-A*24:02,tcr15516,0
vdjdb_full_13901,AYAQKIFKI_HLA-A*24:02,tcr18113,1
vdjdb_full_13901_ss_2_n0,AYAQKIFKI_HLA-A*24:02,tcr10692,0
vdjdb_full_13902,AYAQKIFKI_HLA-A*24:02,tcr15356,1
vdjdb_full_13902_ss_2_n0,AYAQKIFKI_HLA-A*24:02,tcr16079,0
vdjdb_full_13903,AYAQKIFKI_HLA-A*24:02,tcr7151,1
vdjdb_full_13903_ss_2_n0,AYAQKIFKI_HLA-A*24:02,tcr230,0
vdjdb_full_13904,AYAQKIFKI_HLA-A*24:02,tcr12639,1
vdjdb_full_13904_ss_2_n0,AYAQKIFKI_HLA-A*24:02,tcr7799,0
vdjdb_full_13905,AYAQKIFKI_HLA-A*24:02,tcr911,1
vdjdb_full_13905_ss_2_n0,AYAQKIFKI_HLA-A*24:02,tcr15296,0
vdjdb_full_13906,AYAQKIFKI_HLA-A*24:02,tcr16444,1
vdjdb_full_13906_ss_2_n0,AYAQKIFKI_HLA-A*24:02,tcr11033,0
vdjdb_full_13907,AYAQKIFKI_HLA-A*24:02,tcr11094,1
vdjdb_full_13907_ss_2_n0,AYAQKIFKI_HLA-A*24:02,tcr762,0
vdjdb_full_13908,AYAQKIFKI_HLA-A*24:02,tcr11502,1
vdjdb_full_13908_ss_2_n0,AYAQKIFKI_HLA-A*24:02,tcr13691,0
vdjdb_full_13909,AYAQKIFKI_HLA-A*24:02,tcr5441,1
vdjdb_full_13909_ss_2_n0,AYAQKIFKI_HLA-A*24:02,tcr17294,0
vdjdb_full_13910,AYAQKIFKI_HLA-A*24:02,tcr2762,1
vdjdb_full_13910_ss_2_n0,AYAQKIFKI_HLA-A*24:02,tcr6015,0
vdjdb_full_13911,AYAQKIFKI_HLA-A*24:02,tcr3221,1
vdjdb_full_13911_ss_2_n0,AYAQKIFKI_HLA-A*24:02,tcr5548,0
vdjdb_full_13912,AYAQKIFKI_HLA-A*24:02,tcr13795,1
vdjdb_full_13912_ss_2_n0,AYAQKIFKI_HLA-A*24:02,tcr3564,0
vdjdb_full_13913,AYAQKIFKI_HLA-A*24:02,tcr4258,1
vdjdb_full_13913_ss_2_n0,AYAQKIFKI_HLA-A*24:02,tcr17595,0
vdjdb_full_13914,AYAQKIFKI_HLA-A*24:02,tcr7532,1
vdjdb_full_13914_ss_2_n0,AYAQKIFKI_HLA-A*24:02,tcr15063,0
vdjdb_full_13915,AYAQKIFKI_HLA-A*24:02,tcr6865,1
vdjdb_full_13915_ss_2_n0,AYAQKIFKI_HLA-A*24:02,tcr18270,0
vdjdb_full_13916,AYAQKIFKI_HLA-A*24:02,tcr10446,1
vdjdb_full_13916_ss_2_n0,AYAQKIFKI_HLA-A*24:02,tcr11937,0
vdjdb_full_13917,AYAQKIFKI_HLA-A*24:02,tcr2799,1
vdjdb_full_13917_ss_2_n0,AYAQKIFKI_HLA-A*24:02,tcr13530,0
vdjdb_full_16850,MEVTPSGTWL_HLA-B*40:01,tcr16885,1
vdjdb_full_16850_ss_2_n0,MEVTPSGTWL_HLA-B*40:01,tcr5943,0
vdjdb_full_16851,MEVTPSGTWL_HLA-B*40:01,tcr7343,1
vdjdb_full_16851_ss_2_n0,MEVTPSGTWL_HLA-B*40:01,tcr5768,0
vdjdb_full_16852,MEVTPSGTWL_HLA-B*40:01,tcr1003,1
vdjdb_full_16852_ss_2_n0,MEVTPSGTWL_HLA-B*40:01,tcr3318,0
vdjdb_full_16853,MEVTPSGTWL_HLA-B*40:01,tcr8264,1
vdjdb_full_16853_ss_2_n0,MEVTPSGTWL_HLA-B*40:01,tcr15748,0
vdjdb_full_16854,MEVTPSGTWL_HLA-B*40:01,tcr810,1
vdjdb_full_16854_ss_2_n0,MEVTPSGTWL_HLA-B*40:01,tcr9097,0
vdjdb_full_16855,MEVTPSGTWL_HLA-B*40:01,tcr6158,1
vdjdb_full_16855_ss_2_n0,MEVTPSGTWL_HLA-B*40:01,tcr612,0
vdjdb_full_16856,MEVTPSGTWL_HLA-B*40:01,tcr11059,1
vdjdb_full_16856_ss_2_n0,MEVTPSGTWL_HLA-B*40:01,tcr2824,0
vdjdb_full_16857,MEVTPSGTWL_HLA-B*40:01,tcr10256,1
vdjdb_full_16857_ss_2_n0,MEVTPSGTWL_HLA-B*40:01,tcr1267,0
vdjdb_full_16858,MEVTPSGTWL_HLA-B*40:01,tcr7648,1
vdjdb_full_16858_ss_2_n0,MEVTPSGTWL_HLA-B*40:01,tcr2619,0
vdjdb_full_16859,MEVTPSGTWL_HLA-B*40:01,tcr16929,1
vdjdb_full_16859_ss_2_n0,MEVTPSGTWL_HLA-B*40:01,tcr18331,0
vdjdb_full_16860,MEVTPSGTWL_HLA-B*40:01,tcr12676,1
vdjdb_full_16860_ss_2_n0,MEVTPSGTWL_HLA-B*40:01,tcr17621,0
vdjdb_full_16862,MEVTPSGTWL_HLA-B*40:01,tcr1302,1
vdjdb_full_16862_ss_2_n0,MEVTPSGTWL_HLA-B*40:01,tcr18275,0
vdjdb_full_16863,MEVTPSGTWL_HLA-B*40:01,tcr5661,1
vdjdb_full_16863_ss_2_n0,MEVTPSGTWL_HLA-B*40:01,tcr17681,0
vdjdb_full_16865,MEVTPSGTWL_HLA-B*40:01,tcr6642,1
vdjdb_full_16865_ss_2_n0,MEVTPSGTWL_HLA-B*40:01,tcr10676,0
vdjdb_full_16866,MEVTPSGTWL_HLA-B*40:01,tcr12730,1
vdjdb_full_16866_ss_2_n0,MEVTPSGTWL_HLA-B*40:01,tcr5974,0
vdjdb_full_16867,MEVTPSGTWL_HLA-B*40:01,tcr3940,1
vdjdb_full_16867_ss_2_n0,MEVTPSGTWL_HLA-B*40:01,tcr3486,0
vdjdb_full_16868,MEVTPSGTWL_HLA-B*40:01,tcr13777,1
vdjdb_full_16868_ss_2_n0,MEVTPSGTWL_HLA-B*40:01,tcr3081,0
vdjdb_full_16869,MEVTPSGTWL_HLA-B*40:01,tcr3188,1
vdjdb_full_16869_ss_2_n0,MEVTPSGTWL_HLA-B*40:01,tcr1824,0
vdjdb_full_16870,MEVTPSGTWL_HLA-B*40:01,tcr1869,1
vdjdb_full_16870_ss_2_n0,MEVTPSGTWL_HLA-B*40:01,tcr9700,0
vdjdb_full_16871,MEVTPSGTWL_HLA-B*40:01,tcr16113,1
vdjdb_full_16871_ss_2_n0,MEVTPSGTWL_HLA-B*40:01,tcr8897,0
vdjdb_full_16872,MEVTPSGTWL_HLA-B*40:01,tcr5106,1
vdjdb_full_16872_ss_2_n0,MEVTPSGTWL_HLA-B*40:01,tcr17866,0
vdjdb_full_16874,MEVTPSGTWL_HLA-B*40:01,tcr10918,1
vdjdb_full_16874_ss_2_n0,MEVTPSGTWL_HLA-B*40:01,tcr4666,0
vdjdb_full_16875,MEVTPSGTWL_HLA-B*40:01,tcr1245,1
vdjdb_full_16875_ss_2_n0,MEVTPSGTWL_HLA-B*40:01,tcr15118,0
vdjdb_full_16876,MEVTPSGTWL_HLA-B*40:01,tcr9123,1
vdjdb_full_16876_ss_2_n0,MEVTPSGTWL_HLA-B*40:01,tcr310,0
vdjdb_full_16877,MEVTPSGTWL_HLA-B*40:01,tcr14298,1
vdjdb_full_16877_ss_2_n0,MEVTPSGTWL_HLA-B*40:01,tcr3804,0
vdjdb_full_16878,MEVTPSGTWL_HLA-B*40:01,tcr4629,1
vdjdb_full_16878_ss_2_n0,MEVTPSGTWL_HLA-B*40:01,tcr7424,0
vdjdb_full_16879,MEVTPSGTWL_HLA-B*40:01,tcr2104,1
vdjdb_full_16879_ss_2_n0,MEVTPSGTWL_HLA-B*40:01,tcr2197,0
vdjdb_full_16880,MEVTPSGTWL_HLA-B*40:01,tcr11432,1
vdjdb_full_16880_ss_2_n0,MEVTPSGTWL_HLA-B*40:01,tcr1894,0
vdjdb_full_16881,MEVTPSGTWL_HLA-B*40:01,tcr5968,1
vdjdb_full_16881_ss_2_n0,MEVTPSGTWL_HLA-B*40:01,tcr15165,0
vdjdb_full_16882,MEVTPSGTWL_HLA-B*40:01,tcr11062,1
vdjdb_full_16882_ss_2_n0,MEVTPSGTWL_HLA-B*40:01,tcr2035,0
vdjdb_full_16883,MEVTPSGTWL_HLA-B*40:01,tcr11440,1
vdjdb_full_16883_ss_2_n0,MEVTPSGTWL_HLA-B*40:01,tcr12902,0
vdjdb_full_16884,MEVTPSGTWL_HLA-B*40:01,tcr12491,1
vdjdb_full_16884_ss_2_n0,MEVTPSGTWL_HLA-B*40:01,tcr2493,0
vdjdb_full_16885,MEVTPSGTWL_HLA-B*40:01,tcr16688,1
vdjdb_full_16885_ss_2_n0,MEVTPSGTWL_HLA-B*40:01,tcr17646,0
vdjdb_full_16886,MEVTPSGTWL_HLA-B*40:01,tcr10845,1
vdjdb_full_16886_ss_2_n0,MEVTPSGTWL_HLA-B*40:01,tcr7059,0
vdjdb_full_16887,MEVTPSGTWL_HLA-B*40:01,tcr16297,1
vdjdb_full_16887_ss_2_n0,MEVTPSGTWL_HLA-B*40:01,tcr351,0
vdjdb_full_16888,MEVTPSGTWL_HLA-B*40:01,tcr17142,1
vdjdb_full_16888_ss_2_n0,MEVTPSGTWL_HLA-B*40:01,tcr11792,0
vdjdb_full_16889,MEVTPSGTWL_HLA-B*40:01,tcr8751,1
vdjdb_full_16889_ss_2_n0,MEVTPSGTWL_HLA-B*40:01,tcr11250,0
vdjdb_full_16891,MEVTPSGTWL_HLA-B*40:01,tcr3281,1
vdjdb_full_16891_ss_2_n0,MEVTPSGTWL_HLA-B*40:01,tcr13950,0
vdjdb_full_16892,MEVTPSGTWL_HLA-B*40:01,tcr2751,1
vdjdb_full_16892_ss_2_n0,MEVTPSGTWL_HLA-B*40:01,tcr1668,0
vdjdb_full_12123,FTSDYYQLY_HLA-A*01:01,tcr8457,1
vdjdb_full_12123_ss_2_n0,FTSDYYQLY_HLA-A*01:01,tcr6821,0
vdjdb_full_12124,FTSDYYQLY_HLA-A*01:01,tcr17906,1
vdjdb_full_12124_ss_2_n0,FTSDYYQLY_HLA-A*01:01,tcr5768,0
vdjdb_full_12125,FTSDYYQLY_HLA-A*01:01,tcr6498,1
vdjdb_full_12125_ss_2_n0,FTSDYYQLY_HLA-A*01:01,tcr14788,0
vdjdb_full_12126,FTSDYYQLY_HLA-A*01:01,tcr10968,1
vdjdb_full_12126_ss_2_n0,FTSDYYQLY_HLA-A*01:01,tcr3044,0
vdjdb_full_12127,FTSDYYQLY_HLA-A*01:01,tcr11246,1
vdjdb_full_12127_ss_2_n0,FTSDYYQLY_HLA-A*01:01,tcr12430,0
vdjdb_full_12128,FTSDYYQLY_HLA-A*01:01,tcr13106,1
vdjdb_full_12128_ss_2_n0,FTSDYYQLY_HLA-A*01:01,tcr12084,0
vdjdb_full_12129,FTSDYYQLY_HLA-A*01:01,tcr10153,1
vdjdb_full_12129_ss_2_n0,FTSDYYQLY_HLA-A*01:01,tcr12535,0
vdjdb_full_12130,FTSDYYQLY_HLA-A*01:01,tcr453,1
vdjdb_full_12130_ss_2_n0,FTSDYYQLY_HLA-A*01:01,tcr8321,0
vdjdb_full_12131,FTSDYYQLY_HLA-A*01:01,tcr18153,1
vdjdb_full_12131_ss_2_n0,FTSDYYQLY_HLA-A*01:01,tcr1504,0
vdjdb_full_12132,FTSDYYQLY_HLA-A*01:01,tcr1824,1
vdjdb_full_12132_ss_2_n0,FTSDYYQLY_HLA-A*01:01,tcr13638,0
vdjdb_full_12133,FTSDYYQLY_HLA-A*01:01,tcr16063,1
vdjdb_full_12133_ss_2_n0,FTSDYYQLY_HLA-A*01:01,tcr15879,0
vdjdb_full_12134,FTSDYYQLY_HLA-A*01:01,tcr3318,1
vdjdb_full_12134_ss_2_n0,FTSDYYQLY_HLA-A*01:01,tcr9664,0
vdjdb_full_12135,FTSDYYQLY_HLA-A*01:01,tcr10526,1
vdjdb_full_12135_ss_2_n0,FTSDYYQLY_HLA-A*01:01,tcr7420,0
vdjdb_full_12136,FTSDYYQLY_HLA-A*01:01,tcr1130,1
vdjdb_full_12136_ss_2_n0,FTSDYYQLY_HLA-A*01:01,tcr436,0
vdjdb_full_12137,FTSDYYQLY_HLA-A*01:01,tcr14317,1
vdjdb_full_12137_ss_2_n0,FTSDYYQLY_HLA-A*01:01,tcr4174,0
vdjdb_full_12138,FTSDYYQLY_HLA-A*01:01,tcr11041,1
vdjdb_full_12138_ss_2_n0,FTSDYYQLY_HLA-A*01:01,tcr5441,0
vdjdb_full_12139,FTSDYYQLY_HLA-A*01:01,tcr430,1
vdjdb_full_12139_ss_2_n0,FTSDYYQLY_HLA-A*01:01,tcr675,0
vdjdb_full_12140,FTSDYYQLY_HLA-A*01:01,tcr12975,1
vdjdb_full_12140_ss_2_n0,FTSDYYQLY_HLA-A*01:01,tcr11537,0
vdjdb_full_12141,FTSDYYQLY_HLA-A*01:01,tcr4025,1
vdjdb_full_12141_ss_2_n0,FTSDYYQLY_HLA-A*01:01,tcr17805,0
vdjdb_full_12142,FTSDYYQLY_HLA-A*01:01,tcr8527,1
vdjdb_full_12142_ss_2_n0,FTSDYYQLY_HLA-A*01:01,tcr6020,0
vdjdb_full_12143,FTSDYYQLY_HLA-A*01:01,tcr696,1
vdjdb_full_12143_ss_2_n0,FTSDYYQLY_HLA-A*01:01,tcr6552,0
vdjdb_full_12144,FTSDYYQLY_HLA-A*01:01,tcr1593,1
vdjdb_full_12144_ss_2_n0,FTSDYYQLY_HLA-A*01:01,tcr12314,0
vdjdb_full_12145,FTSDYYQLY_HLA-A*01:01,tcr8745,1
vdjdb_full_12145_ss_2_n0,FTSDYYQLY_HLA-A*01:01,tcr14836,0
vdjdb_full_12146,FTSDYYQLY_HLA-A*01:01,tcr17438,1
vdjdb_full_12146_ss_2_n0,FTSDYYQLY_HLA-A*01:01,tcr6821,0
vdjdb_full_12147,FTSDYYQLY_HLA-A*01:01,tcr15666,1
vdjdb_full_12147_ss_2_n0,FTSDYYQLY_HLA-A*01:01,tcr11034,0
vdjdb_full_12148,FTSDYYQLY_HLA-A*01:01,tcr16097,1
vdjdb_full_12148_ss_2_n0,FTSDYYQLY_HLA-A*01:01,tcr4469,0
vdjdb_full_12149,FTSDYYQLY_HLA-A*01:01,tcr16979,1
vdjdb_full_12149_ss_2_n0,FTSDYYQLY_HLA-A*01:01,tcr1368,0
vdjdb_full_12150,FTSDYYQLY_HLA-A*01:01,tcr14821,1
vdjdb_full_12150_ss_2_n0,FTSDYYQLY_HLA-A*01:01,tcr12157,0
vdjdb_full_12151,FTSDYYQLY_HLA-A*01:01,tcr14811,1
vdjdb_full_12151_ss_2_n0,FTSDYYQLY_HLA-A*01:01,tcr9308,0
vdjdb_full_12152,FTSDYYQLY_HLA-A*01:01,tcr13128,1
vdjdb_full_12152_ss_2_n0,FTSDYYQLY_HLA-A*01:01,tcr7277,0
vdjdb_full_12153,FTSDYYQLY_HLA-A*01:01,tcr16371,1
vdjdb_full_12153_ss_2_n0,FTSDYYQLY_HLA-A*01:01,tcr1530,0
vdjdb_full_12154,FTSDYYQLY_HLA-A*01:01,tcr8571,1
vdjdb_full_12154_ss_2_n0,FTSDYYQLY_HLA-A*01:01,tcr15214,0
vdjdb_full_12155,FTSDYYQLY_HLA-A*01:01,tcr13848,1
vdjdb_full_12155_ss_2_n0,FTSDYYQLY_HLA-A*01:01,tcr309,0
vdjdb_full_12156,FTSDYYQLY_HLA-A*01:01,tcr16525,1
vdjdb_full_12156_ss_2_n0,FTSDYYQLY_HLA-A*01:01,tcr17841,0
vdjdb_full_12157,FTSDYYQLY_HLA-A*01:01,tcr7921,1
vdjdb_full_12157_ss_2_n0,FTSDYYQLY_HLA-A*01:01,tcr14381,0
vdjdb_full_12158,FTSDYYQLY_HLA-A*01:01,tcr10494,1
vdjdb_full_12158_ss_2_n0,FTSDYYQLY_HLA-A*01:01,tcr15380,0
vdjdb_full_12159,FTSDYYQLY_HLA-A*01:01,tcr3698,1
vdjdb_full_12159_ss_2_n0,FTSDYYQLY_HLA-A*01:01,tcr15668,0
vdjdb_full_12160,FTSDYYQLY_HLA-A*01:01,tcr3799,1
vdjdb_full_12160_ss_2_n0,FTSDYYQLY_HLA-A*01:01,tcr5874,0
vdjdb_full_15990,KLVALGINAV_HLA-A*02:01,tcr2022,1
vdjdb_full_15990_ss_2_n0,KLVALGINAV_HLA-A*02:01,tcr8299,0
vdjdb_full_15991,KLVALGINAV_HLA-A*02:01,tcr15599,1
vdjdb_full_15991_ss_2_n0,KLVALGINAV_HLA-A*02:01,tcr2602,0
vdjdb_full_15992,KLVALGINAV_HLA-A*02:01,tcr13070,1
vdjdb_full_15992_ss_2_n0,KLVALGINAV_HLA-A*02:01,tcr6309,0
vdjdb_full_15993,KLVALGINAV_HLA-A*02:01,tcr4843,1
vdjdb_full_15993_ss_2_n0,KLVALGINAV_HLA-A*02:01,tcr12304,0
vdjdb_full_15994,KLVALGINAV_HLA-A*02:01,tcr10219,1
vdjdb_full_15994_ss_2_n0,KLVALGINAV_HLA-A*02:01,tcr827,0
vdjdb_full_15995,KLVALGINAV_HLA-A*02:01,tcr2541,1
vdjdb_full_15995_ss_2_n0,KLVALGINAV_HLA-A*02:01,tcr10732,0
vdjdb_full_15996,KLVALGINAV_HLA-A*02:01,tcr4826,1
vdjdb_full_15996_ss_2_n0,KLVALGINAV_HLA-A*02:01,tcr16813,0
vdjdb_full_15997,KLVALGINAV_HLA-A*02:01,tcr8395,1
vdjdb_full_15997_ss_2_n0,KLVALGINAV_HLA-A*02:01,tcr5523,0
vdjdb_full_15998,KLVALGINAV_HLA-A*02:01,tcr6637,1
vdjdb_full_15998_ss_2_n0,KLVALGINAV_HLA-A*02:01,tcr10096,0
vdjdb_full_15999,KLVALGINAV_HLA-A*02:01,tcr9935,1
vdjdb_full_15999_ss_2_n0,KLVALGINAV_HLA-A*02:01,tcr14864,0
vdjdb_full_16000,KLVALGINAV_HLA-A*02:01,tcr12467,1
vdjdb_full_16000_ss_2_n0,KLVALGINAV_HLA-A*02:01,tcr16372,0
vdjdb_full_16001,KLVALGINAV_HLA-A*02:01,tcr10438,1
vdjdb_full_16001_ss_2_n0,KLVALGINAV_HLA-A*02:01,tcr7151,0
vdjdb_full_16002,KLVALGINAV_HLA-A*02:01,tcr16281,1
vdjdb_full_16002_ss_2_n0,KLVALGINAV_HLA-A*02:01,tcr13518,0
vdjdb_full_16003,KLVALGINAV_HLA-A*02:01,tcr3916,1
vdjdb_full_16003_ss_2_n0,KLVALGINAV_HLA-A*02:01,tcr9564,0
vdjdb_full_16004,KLVALGINAV_HLA-A*02:01,tcr3265,1
vdjdb_full_16004_ss_2_n0,KLVALGINAV_HLA-A*02:01,tcr6869,0
vdjdb_full_16005,KLVALGINAV_HLA-A*02:01,tcr12907,1
vdjdb_full_16005_ss_2_n0,KLVALGINAV_HLA-A*02:01,tcr8019,0
vdjdb_full_16006,KLVALGINAV_HLA-A*02:01,tcr14701,1
vdjdb_full_16006_ss_2_n0,KLVALGINAV_HLA-A*02:01,tcr12876,0
vdjdb_full_16007,KLVALGINAV_HLA-A*02:01,tcr1185,1
vdjdb_full_16007_ss_2_n0,KLVALGINAV_HLA-A*02:01,tcr7596,0
vdjdb_full_16008,KLVALGINAV_HLA-A*02:01,tcr15346,1
vdjdb_full_16008_ss_2_n0,KLVALGINAV_HLA-A*02:01,tcr17590,0
vdjdb_full_16009,KLVALGINAV_HLA-A*02:01,tcr14664,1
vdjdb_full_16009_ss_2_n0,KLVALGINAV_HLA-A*02:01,tcr16028,0
vdjdb_full_16010,KLVALGINAV_HLA-A*02:01,tcr3667,1
vdjdb_full_16010_ss_2_n0,KLVALGINAV_HLA-A*02:01,tcr9505,0
vdjdb_full_16011,KLVALGINAV_HLA-A*02:01,tcr16510,1
vdjdb_full_16011_ss_2_n0,KLVALGINAV_HLA-A*02:01,tcr5749,0
vdjdb_full_16012,KLVALGINAV_HLA-A*02:01,tcr9129,1
vdjdb_full_16012_ss_2_n0,KLVALGINAV_HLA-A*02:01,tcr17787,0
vdjdb_full_16013,KLVALGINAV_HLA-A*02:01,tcr11598,1
vdjdb_full_16013_ss_2_n0,KLVALGINAV_HLA-A*02:01,tcr14494,0
vdjdb_full_16014,KLVALGINAV_HLA-A*02:01,tcr3801,1
vdjdb_full_16014_ss_2_n0,KLVALGINAV_HLA-A*02:01,tcr6924,0
vdjdb_full_16015,KLVALGINAV_HLA-A*02:01,tcr7867,1
vdjdb_full_16015_ss_2_n0,KLVALGINAV_HLA-A*02:01,tcr9865,0
vdjdb_full_16016,KLVALGINAV_HLA-A*02:01,tcr2533,1
vdjdb_full_16016_ss_2_n0,KLVALGINAV_HLA-A*02:01,tcr12115,0
vdjdb_full_16017,KLVALGINAV_HLA-A*02:01,tcr6606,1
vdjdb_full_16017_ss_2_n0,KLVALGINAV_HLA-A*02:01,tcr2413,0
vdjdb_full_16018,KLVALGINAV_HLA-A*02:01,tcr9001,1
vdjdb_full_16018_ss_2_n0,KLVALGINAV_HLA-A*02:01,tcr4562,0
vdjdb_full_16019,KLVALGINAV_HLA-A*02:01,tcr558,1
vdjdb_full_16019_ss_2_n0,KLVALGINAV_HLA-A*02:01,tcr1138,0
vdjdb_full_16020,KLVALGINAV_HLA-A*02:01,tcr14536,1
vdjdb_full_16020_ss_2_n0,KLVALGINAV_HLA-A*02:01,tcr13835,0
vdjdb_full_16021,KLVALGINAV_HLA-A*02:01,tcr5642,1
vdjdb_full_16021_ss_2_n0,KLVALGINAV_HLA-A*02:01,tcr16693,0
vdjdb_full_16022,KLVALGINAV_HLA-A*02:01,tcr15118,1
vdjdb_full_16022_ss_2_n0,KLVALGINAV_HLA-A*02:01,tcr10580,0
vdjdb_full_16023,KLVALGINAV_HLA-A*02:01,tcr8890,1
vdjdb_full_16023_ss_2_n0,KLVALGINAV_HLA-A*02:01,tcr14023,0
vdjdb_full_16024,KLVALGINAV_HLA-A*02:01,tcr16023,1
vdjdb_full_16024_ss_2_n0,KLVALGINAV_HLA-A*02:01,tcr17037,0
vdjdb_full_16025,KLVALGINAV_HLA-A*02:01,tcr16291,1
vdjdb_full_16025_ss_2_n0,KLVALGINAV_HLA-A*02:01,tcr10907,0
vdjdb_full_16026,KLVALGINAV_HLA-A*02:01,tcr14829,1
vdjdb_full_16026_ss_2_n0,KLVALGINAV_HLA-A*02:01,tcr5160,0
vdjdb_full_16027,KLVALGINAV_HLA-A*02:01,tcr762,1
vdjdb_full_16027_ss_2_n0,KLVALGINAV_HLA-A*02:01,tcr17738,0
vdjdb_full_14735,RAQAPPPSW_HLA-B*57:01,tcr11147,1
vdjdb_full_14735_ss_2_n0,RAQAPPPSW_HLA-B*57:01,tcr3390,0
vdjdb_full_14736,RAQAPPPSW_HLA-B*57:01,tcr10651,1
vdjdb_full_14736_ss_2_n0,RAQAPPPSW_HLA-B*57:01,tcr13638,0
vdjdb_full_14737,RAQAPPPSW_HLA-B*57:01,tcr2,1
vdjdb_full_14737_ss_2_n0,RAQAPPPSW_HLA-B*57:01,tcr12646,0
vdjdb_full_14738,RAQAPPPSW_HLA-B*57:01,tcr3492,1
vdjdb_full_14738_ss_2_n0,RAQAPPPSW_HLA-B*57:01,tcr10232,0
vdjdb_full_14739,RAQAPPPSW_HLA-B*57:01,tcr10774,1
vdjdb_full_14739_ss_2_n0,RAQAPPPSW_HLA-B*57:01,tcr8149,0
vdjdb_full_14740,RAQAPPPSW_HLA-B*57:01,tcr13651,1
vdjdb_full_14740_ss_2_n0,RAQAPPPSW_HLA-B*57:01,tcr4341,0
vdjdb_full_14741,RAQAPPPSW_HLA-B*57:01,tcr8207,1
vdjdb_full_14741_ss_2_n0,RAQAPPPSW_HLA-B*57:01,tcr5370,0
vdjdb_full_14742,RAQAPPPSW_HLA-B*57:01,tcr2748,1
vdjdb_full_14742_ss_2_n0,RAQAPPPSW_HLA-B*57:01,tcr13950,0
vdjdb_full_14743,RAQAPPPSW_HLA-B*57:01,tcr8582,1
vdjdb_full_14743_ss_2_n0,RAQAPPPSW_HLA-B*57:01,tcr17923,0
vdjdb_full_14744,RAQAPPPSW_HLA-B*57:01,tcr12093,1
vdjdb_full_14744_ss_2_n0,RAQAPPPSW_HLA-B*57:01,tcr17050,0
vdjdb_full_14745,RAQAPPPSW_HLA-B*57:01,tcr8090,1
vdjdb_full_14745_ss_2_n0,RAQAPPPSW_HLA-B*57:01,tcr15609,0
vdjdb_full_14746,RAQAPPPSW_HLA-B*57:01,tcr6009,1
vdjdb_full_14746_ss_2_n0,RAQAPPPSW_HLA-B*57:01,tcr1820,0
vdjdb_full_14750,RAQAPPPSW_HLA-B*57:01,tcr1341,1
vdjdb_full_14750_ss_2_n0,RAQAPPPSW_HLA-B*57:01,tcr18361,0
vdjdb_full_14751,RAQAPPPSW_HLA-B*57:01,tcr4460,1
vdjdb_full_14751_ss_2_n0,RAQAPPPSW_HLA-B*57:01,tcr7352,0
vdjdb_full_14753,RAQAPPPSW_HLA-B*57:01,tcr17433,1
vdjdb_full_14753_ss_2_n0,RAQAPPPSW_HLA-B*57:01,tcr17386,0
vdjdb_full_14754,RAQAPPPSW_HLA-B*57:01,tcr6530,1
vdjdb_full_14754_ss_2_n0,RAQAPPPSW_HLA-B*57:01,tcr16079,0
vdjdb_full_14755,RAQAPPPSW_HLA-B*57:01,tcr1720,1
vdjdb_full_14755_ss_2_n0,RAQAPPPSW_HLA-B*57:01,tcr16221,0
vdjdb_full_14756,RAQAPPPSW_HLA-B*57:01,tcr12742,1
vdjdb_full_14756_ss_2_n0,RAQAPPPSW_HLA-B*57:01,tcr15312,0
vdjdb_full_14757,RAQAPPPSW_HLA-B*57:01,tcr12306,1
vdjdb_full_14757_ss_2_n0,RAQAPPPSW_HLA-B*57:01,tcr13159,0
vdjdb_full_14758,RAQAPPPSW_HLA-B*57:01,tcr14774,1
vdjdb_full_14758_ss_2_n0,RAQAPPPSW_HLA-B*57:01,tcr11945,0
vdjdb_full_14759,RAQAPPPSW_HLA-B*57:01,tcr4666,1
vdjdb_full_14759_ss_2_n0,RAQAPPPSW_HLA-B*57:01,tcr14200,0
vdjdb_full_14760,RAQAPPPSW_HLA-B*57:01,tcr14355,1
vdjdb_full_14760_ss_2_n0,RAQAPPPSW_HLA-B*57:01,tcr9979,0
vdjdb_full_14761,RAQAPPPSW_HLA-B*57:01,tcr11393,1
vdjdb_full_14761_ss_2_n0,RAQAPPPSW_HLA-B*57:01,tcr9872,0
vdjdb_full_14762,RAQAPPPSW_HLA-B*57:01,tcr5548,1
vdjdb_full_14762_ss_2_n0,RAQAPPPSW_HLA-B*57:01,tcr2334,0
vdjdb_full_14763,RAQAPPPSW_HLA-B*57:01,tcr3960,1
vdjdb_full_14763_ss_2_n0,RAQAPPPSW_HLA-B*57:01,tcr11312,0
vdjdb_full_14765,RAQAPPPSW_HLA-B*57:01,tcr17040,1
vdjdb_full_14765_ss_2_n0,RAQAPPPSW_HLA-B*57:01,tcr5630,0
vdjdb_full_14766,RAQAPPPSW_HLA-B*57:01,tcr1548,1
vdjdb_full_14766_ss_2_n0,RAQAPPPSW_HLA-B*57:01,tcr10881,0
vdjdb_full_14768,RAQAPPPSW_HLA-B*57:01,tcr6485,1
vdjdb_full_14768_ss_2_n0,RAQAPPPSW_HLA-B*57:01,tcr14997,0
vdjdb_full_14769,RAQAPPPSW_HLA-B*57:01,tcr6852,1
vdjdb_full_14769_ss_2_n0,RAQAPPPSW_HLA-B*57:01,tcr2152,0
vdjdb_full_14770,RAQAPPPSW_HLA-B*57:01,tcr6237,1
vdjdb_full_14770_ss_2_n0,RAQAPPPSW_HLA-B*57:01,tcr5424,0
vdjdb_full_14771,RAQAPPPSW_HLA-B*57:01,tcr10123,1
vdjdb_full_14771_ss_2_n0,RAQAPPPSW_HLA-B*57:01,tcr914,0
vdjdb_full_14772,RAQAPPPSW_HLA-B*57:01,tcr11888,1
vdjdb_full_14772_ss_2_n0,RAQAPPPSW_HLA-B*57:01,tcr7155,0
vdjdb_full_14773,RAQAPPPSW_HLA-B*57:01,tcr6549,1
vdjdb_full_14773_ss_2_n0,RAQAPPPSW_HLA-B*57:01,tcr8524,0
vdjdb_full_14774,RAQAPPPSW_HLA-B*57:01,tcr8363,1
vdjdb_full_14774_ss_2_n0,RAQAPPPSW_HLA-B*57:01,tcr4045,0
vdjdb_full_14776,RAQAPPPSW_HLA-B*57:01,tcr11378,1
vdjdb_full_14776_ss_2_n0,RAQAPPPSW_HLA-B*57:01,tcr15795,0
vdjdb_full_14777,RAQAPPPSW_HLA-B*57:01,tcr4152,1
vdjdb_full_14777_ss_2_n0,RAQAPPPSW_HLA-B*57:01,tcr8890,0
vdjdb_full_14778,RAQAPPPSW_HLA-B*57:01,tcr780,1
vdjdb_full_14778_ss_2_n0,RAQAPPPSW_HLA-B*57:01,tcr17866,0
vdjdb_full_15512,SLFNTVATLY_HLA-A*02:01,tcr11848,1
vdjdb_full_15512_ss_2_n0,SLFNTVATLY_HLA-A*02:01,tcr3755,0
vdjdb_full_15513,SLFNTVATLY_HLA-A*02:01,tcr5800,1
vdjdb_full_15513_ss_2_n0,SLFNTVATLY_HLA-A*02:01,tcr15420,0
vdjdb_full_15514,SLFNTVATLY_HLA-A*02:01,tcr12227,1
vdjdb_full_15514_ss_2_n0,SLFNTVATLY_HLA-A*02:01,tcr16796,0
vdjdb_full_15515,SLFNTVATLY_HLA-A*02:01,tcr4462,1
vdjdb_full_15515_ss_2_n0,SLFNTVATLY_HLA-A*02:01,tcr14505,0
vdjdb_full_15516,SLFNTVATLY_HLA-A*02:01,tcr8023,1
vdjdb_full_15516_ss_2_n0,SLFNTVATLY_HLA-A*02:01,tcr5278,0
vdjdb_full_15517,SLFNTVATLY_HLA-A*02:01,tcr11097,1
vdjdb_full_15517_ss_2_n0,SLFNTVATLY_HLA-A*02:01,tcr10324,0
vdjdb_full_15519,SLFNTVATLY_HLA-A*02:01,tcr10549,1
vdjdb_full_15519_ss_2_n0,SLFNTVATLY_HLA-A*02:01,tcr5134,0
vdjdb_full_15521,SLFNTVATLY_HLA-A*02:01,tcr13293,1
vdjdb_full_15521_ss_2_n0,SLFNTVATLY_HLA-A*02:01,tcr10865,0
vdjdb_full_15522,SLFNTVATLY_HLA-A*02:01,tcr5662,1
vdjdb_full_15522_ss_2_n0,SLFNTVATLY_HLA-A*02:01,tcr10614,0
vdjdb_full_15523,SLFNTVATLY_HLA-A*02:01,tcr12337,1
vdjdb_full_15523_ss_2_n0,SLFNTVATLY_HLA-A*02:01,tcr241,0
vdjdb_full_15524,SLFNTVATLY_HLA-A*02:01,tcr7478,1
vdjdb_full_15524_ss_2_n0,SLFNTVATLY_HLA-A*02:01,tcr7493,0
vdjdb_full_15525,SLFNTVATLY_HLA-A*02:01,tcr11448,1
vdjdb_full_15525_ss_2_n0,SLFNTVATLY_HLA-A*02:01,tcr16538,0
vdjdb_full_15526,SLFNTVATLY_HLA-A*02:01,tcr12314,1
vdjdb_full_15526_ss_2_n0,SLFNTVATLY_HLA-A*02:01,tcr5147,0
vdjdb_full_15527,SLFNTVATLY_HLA-A*02:01,tcr2720,1
vdjdb_full_15527_ss_2_n0,SLFNTVATLY_HLA-A*02:01,tcr2349,0
vdjdb_full_15528,SLFNTVATLY_HLA-A*02:01,tcr997,1
vdjdb_full_15528_ss_2_n0,SLFNTVATLY_HLA-A*02:01,tcr12902,0
vdjdb_full_15529,SLFNTVATLY_HLA-A*02:01,tcr985,1
vdjdb_full_15529_ss_2_n0,SLFNTVATLY_HLA-A*02:01,tcr2891,0
vdjdb_full_15530,SLFNTVATLY_HLA-A*02:01,tcr2761,1
vdjdb_full_15530_ss_2_n0,SLFNTVATLY_HLA-A*02:01,tcr17834,0
vdjdb_full_15531,SLFNTVATLY_HLA-A*02:01,tcr1663,1
vdjdb_full_15531_ss_2_n0,SLFNTVATLY_HLA-A*02:01,tcr5553,0
vdjdb_full_15532,SLFNTVATLY_HLA-A*02:01,tcr14972,1
vdjdb_full_15532_ss_2_n0,SLFNTVATLY_HLA-A*02:01,tcr2586,0
vdjdb_full_15533,SLFNTVATLY_HLA-A*02:01,tcr12660,1
vdjdb_full_15533_ss_2_n0,SLFNTVATLY_HLA-A*02:01,tcr737,0
vdjdb_full_15534,SLFNTVATLY_HLA-A*02:01,tcr6763,1
vdjdb_full_15534_ss_2_n0,SLFNTVATLY_HLA-A*02:01,tcr8880,0
vdjdb_full_15535,SLFNTVATLY_HLA-A*02:01,tcr4392,1
vdjdb_full_15535_ss_2_n0,SLFNTVATLY_HLA-A*02:01,tcr4562,0
vdjdb_full_15536,SLFNTVATLY_HLA-A*02:01,tcr3007,1
vdjdb_full_15536_ss_2_n0,SLFNTVATLY_HLA-A*02:01,tcr3135,0
vdjdb_full_15537,SLFNTVATLY_HLA-A*02:01,tcr17790,1
vdjdb_full_15537_ss_2_n0,SLFNTVATLY_HLA-A*02:01,tcr5974,0
vdjdb_full_15538,SLFNTVATLY_HLA-A*02:01,tcr11833,1
vdjdb_full_15538_ss_2_n0,SLFNTVATLY_HLA-A*02:01,tcr8950,0
vdjdb_full_15539,SLFNTVATLY_HLA-A*02:01,tcr5741,1
vdjdb_full_15539_ss_2_n0,SLFNTVATLY_HLA-A*02:01,tcr14175,0
vdjdb_full_15540,SLFNTVATLY_HLA-A*02:01,tcr14050,1
vdjdb_full_15540_ss_2_n0,SLFNTVATLY_HLA-A*02:01,tcr671,0
vdjdb_full_15541,SLFNTVATLY_HLA-A*02:01,tcr11566,1
vdjdb_full_15541_ss_2_n0,SLFNTVATLY_HLA-A*02:01,tcr12900,0
vdjdb_full_15542,SLFNTVATLY_HLA-A*02:01,tcr3027,1
vdjdb_full_15542_ss_2_n0,SLFNTVATLY_HLA-A*02:01,tcr6917,0
vdjdb_full_15543,SLFNTVATLY_HLA-A*02:01,tcr5768,1
vdjdb_full_15543_ss_2_n0,SLFNTVATLY_HLA-A*02:01,tcr3422,0
vdjdb_full_15544,SLFNTVATLY_HLA-A*02:01,tcr14113,1
vdjdb_full_15544_ss_2_n0,SLFNTVATLY_HLA-A*02:01,tcr18121,0
vdjdb_full_15545,SLFNTVATLY_HLA-A*02:01,tcr1480,1
vdjdb_full_15545_ss_2_n0,SLFNTVATLY_HLA-A*02:01,tcr5005,0
vdjdb_full_15546,SLFNTVATLY_HLA-A*02:01,tcr6334,1
vdjdb_full_15546_ss_2_n0,SLFNTVATLY_HLA-A*02:01,tcr9107,0
vdjdb_full_15547,SLFNTVATLY_HLA-A*02:01,tcr10313,1
vdjdb_full_15547_ss_2_n0,SLFNTVATLY_HLA-A*02:01,tcr4029,0
vdjdb_full_15548,SLFNTVATLY_HLA-A*02:01,tcr9726,1
vdjdb_full_15548_ss_2_n0,SLFNTVATLY_HLA-A*02:01,tcr6917,0
vdjdb_full_17024,LLYDANYFL_HLA-A*02:01,tcr4271,1
vdjdb_full_17024_ss_2_n0,LLYDANYFL_HLA-A*02:01,tcr8005,0
vdjdb_full_17025,LLYDANYFL_HLA-A*02:01,tcr2649,1
vdjdb_full_17025_ss_2_n0,LLYDANYFL_HLA-A*02:01,tcr8571,0
vdjdb_full_17026,LLYDANYFL_HLA-A*02:01,tcr7253,1
vdjdb_full_17026_ss_2_n0,LLYDANYFL_HLA-A*02:01,tcr10970,0
vdjdb_full_17027,LLYDANYFL_HLA-A*02:01,tcr8967,1
vdjdb_full_17027_ss_2_n0,LLYDANYFL_HLA-A*02:01,tcr3822,0
vdjdb_full_17028,LLYDANYFL_HLA-A*02:01,tcr10837,1
vdjdb_full_17028_ss_2_n0,LLYDANYFL_HLA-A*02:01,tcr17700,0
vdjdb_full_17029,LLYDANYFL_HLA-A*02:01,tcr12395,1
vdjdb_full_17029_ss_2_n0,LLYDANYFL_HLA-A*02:01,tcr14377,0
vdjdb_full_17030,LLYDANYFL_HLA-A*02:01,tcr7163,1
vdjdb_full_17030_ss_2_n0,LLYDANYFL_HLA-A*02:01,tcr6763,0
vdjdb_full_17031,LLYDANYFL_HLA-A*02:01,tcr13810,1
vdjdb_full_17031_ss_2_n0,LLYDANYFL_HLA-A*02:01,tcr13651,0
vdjdb_full_17032,LLYDANYFL_HLA-A*02:01,tcr8231,1
vdjdb_full_17032_ss_2_n0,LLYDANYFL_HLA-A*02:01,tcr6015,0
vdjdb_full_17033,LLYDANYFL_HLA-A*02:01,tcr11275,1
vdjdb_full_17033_ss_2_n0,LLYDANYFL_HLA-A*02:01,tcr3169,0
vdjdb_full_17034,LLYDANYFL_HLA-A*02:01,tcr7963,1
vdjdb_full_17034_ss_2_n0,LLYDANYFL_HLA-A*02:01,tcr8288,0
vdjdb_full_17035,LLYDANYFL_HLA-A*02:01,tcr14200,1
vdjdb_full_17035_ss_2_n0,LLYDANYFL_HLA-A*02:01,tcr16747,0
vdjdb_full_17036,LLYDANYFL_HLA-A*02:01,tcr8747,1
vdjdb_full_17036_ss_2_n0,LLYDANYFL_HLA-A*02:01,tcr9280,0
vdjdb_full_17037,LLYDANYFL_HLA-A*02:01,tcr9664,1
vdjdb_full_17037_ss_2_n0,LLYDANYFL_HLA-A*02:01,tcr12086,0
vdjdb_full_17038,LLYDANYFL_HLA-A*02:01,tcr16557,1
vdjdb_full_17038_ss_2_n0,LLYDANYFL_HLA-A*02:01,tcr9352,0
vdjdb_full_17039,LLYDANYFL_HLA-A*02:01,tcr16856,1
vdjdb_full_17039_ss_2_n0,LLYDANYFL_HLA-A*02:01,tcr17844,0
vdjdb_full_17040,LLYDANYFL_HLA-A*02:01,tcr7259,1
vdjdb_full_17040_ss_2_n0,LLYDANYFL_HLA-A*02:01,tcr3835,0
vdjdb_full_17041,LLYDANYFL_HLA-A*02:01,tcr8562,1
vdjdb_full_17041_ss_2_n0,LLYDANYFL_HLA-A*02:01,tcr9329,0
vdjdb_full_17042,LLYDANYFL_HLA-A*02:01,tcr17802,1
vdjdb_full_17042_ss_2_n0,LLYDANYFL_HLA-A*02:01,tcr11802,0
vdjdb_full_17043,LLYDANYFL_HLA-A*02:01,tcr16659,1
vdjdb_full_17043_ss_2_n0,LLYDANYFL_HLA-A*02:01,tcr7788,0
vdjdb_full_17044,LLYDANYFL_HLA-A*02:01,tcr3704,1
vdjdb_full_17044_ss_2_n0,LLYDANYFL_HLA-A*02:01,tcr2009,0
vdjdb_full_17045,LLYDANYFL_HLA-A*02:01,tcr8803,1
vdjdb_full_17045_ss_2_n0,LLYDANYFL_HLA-A*02:01,tcr5053,0
vdjdb_full_17046,LLYDANYFL_HLA-A*02:01,tcr417,1
vdjdb_full_17046_ss_2_n0,LLYDANYFL_HLA-A*02:01,tcr2728,0
vdjdb_full_17047,LLYDANYFL_HLA-A*02:01,tcr15017,1
vdjdb_full_17047_ss_2_n0,LLYDANYFL_HLA-A*02:01,tcr17585,0
vdjdb_full_17048,LLYDANYFL_HLA-A*02:01,tcr17181,1
vdjdb_full_17048_ss_2_n0,LLYDANYFL_HLA-A*02:01,tcr4320,0
vdjdb_full_17049,LLYDANYFL_HLA-A*02:01,tcr9445,1
vdjdb_full_17049_ss_2_n0,LLYDANYFL_HLA-A*02:01,tcr122,0
vdjdb_full_17050,LLYDANYFL_HLA-A*02:01,tcr15049,1
vdjdb_full_17050_ss_2_n0,LLYDANYFL_HLA-A*02:01,tcr13406,0
vdjdb_full_17051,LLYDANYFL_HLA-A*02:01,tcr4024,1
vdjdb_full_17051_ss_2_n0,LLYDANYFL_HLA-A*02:01,tcr11462,0
vdjdb_full_17052,LLYDANYFL_HLA-A*02:01,tcr10919,1
vdjdb_full_17052_ss_2_n0,LLYDANYFL_HLA-A*02:01,tcr837,0
vdjdb_full_17053,LLYDANYFL_HLA-A*02:01,tcr1621,1
vdjdb_full_17053_ss_2_n0,LLYDANYFL_HLA-A*02:01,tcr2864,0
vdjdb_full_17054,LLYDANYFL_HLA-A*02:01,tcr4179,1
vdjdb_full_17054_ss_2_n0,LLYDANYFL_HLA-A*02:01,tcr13829,0
vdjdb_full_17055,LLYDANYFL_HLA-A*02:01,tcr14070,1
vdjdb_full_17055_ss_2_n0,LLYDANYFL_HLA-A*02:01,tcr18035,0
vdjdb_full_15801,ALGIGILTV_HLA-A*02:01,tcr15730,1
vdjdb_full_15801_ss_2_n0,ALGIGILTV_HLA-A*02:01,tcr12314,0
vdjdb_full_15802,ALGIGILTV_HLA-A*02:01,tcr13666,1
vdjdb_full_15802_ss_2_n0,ALGIGILTV_HLA-A*02:01,tcr6794,0
vdjdb_full_15803,ALGIGILTV_HLA-A*02:01,tcr3431,1
vdjdb_full_15803_ss_2_n0,ALGIGILTV_HLA-A*02:01,tcr907,0
vdjdb_full_15804,ALGIGILTV_HLA-A*02:01,tcr12430,1
vdjdb_full_15804_ss_2_n0,ALGIGILTV_HLA-A*02:01,tcr11067,0
vdjdb_full_15805,ALGIGILTV_HLA-A*02:01,tcr404,1
vdjdb_full_15805_ss_2_n0,ALGIGILTV_HLA-A*02:01,tcr14641,0
vdjdb_full_15806,ALGIGILTV_HLA-A*02:01,tcr11553,1
vdjdb_full_15806_ss_2_n0,ALGIGILTV_HLA-A*02:01,tcr5423,0
vdjdb_full_15807,ALGIGILTV_HLA-A*02:01,tcr6924,1
vdjdb_full_15807_ss_2_n0,ALGIGILTV_HLA-A*02:01,tcr6593,0
vdjdb_full_15808,ALGIGILTV_HLA-A*02:01,tcr1243,1
vdjdb_full_15808_ss_2_n0,ALGIGILTV_HLA-A*02:01,tcr1667,0
vdjdb_full_15809,ALGIGILTV_HLA-A*02:01,tcr16175,1
vdjdb_full_15809_ss_2_n0,ALGIGILTV_HLA-A*02:01,tcr17592,0
vdjdb_full_15810,ALGIGILTV_HLA-A*02:01,tcr1936,1
vdjdb_full_15810_ss_2_n0,ALGIGILTV_HLA-A*02:01,tcr17664,0
vdjdb_full_15811,ALGIGILTV_HLA-A*02:01,tcr7491,1
vdjdb_full_15811_ss_2_n0,ALGIGILTV_HLA-A*02:01,tcr17700,0
vdjdb_full_15812,ALGIGILTV_HLA-A*02:01,tcr13558,1
vdjdb_full_15812_ss_2_n0,ALGIGILTV_HLA-A*02:01,tcr15030,0
vdjdb_full_15813,ALGIGILTV_HLA-A*02:01,tcr9359,1
vdjdb_full_15813_ss_2_n0,ALGIGILTV_HLA-A*02:01,tcr18306,0
vdjdb_full_15814,ALGIGILTV_HLA-A*02:01,tcr1642,1
vdjdb_full_15814_ss_2_n0,ALGIGILTV_HLA-A*02:01,tcr7699,0
vdjdb_full_15815,ALGIGILTV_HLA-A*02:01,tcr16140,1
vdjdb_full_15815_ss_2_n0,ALGIGILTV_HLA-A*02:01,tcr1505,0
vdjdb_full_15816,ALGIGILTV_HLA-A*02:01,tcr4781,1
vdjdb_full_15816_ss_2_n0,ALGIGILTV_HLA-A*02:01,tcr7993,0
vdjdb_full_15817,ALGIGILTV_HLA-A*02:01,tcr11991,1
vdjdb_full_15817_ss_2_n0,ALGIGILTV_HLA-A*02:01,tcr14060,0
vdjdb_full_15818,ALGIGILTV_HLA-A*02:01,tcr12108,1
vdjdb_full_15818_ss_2_n0,ALGIGILTV_HLA-A*02:01,tcr16835,0
vdjdb_full_15819,ALGIGILTV_HLA-A*02:01,tcr8534,1
vdjdb_full_15819_ss_2_n0,ALGIGILTV_HLA-A*02:01,tcr3364,0
vdjdb_full_15820,ALGIGILTV_HLA-A*02:01,tcr11916,1
vdjdb_full_15820_ss_2_n0,ALGIGILTV_HLA-A*02:01,tcr2991,0
vdjdb_full_15821,ALGIGILTV_HLA-A*02:01,tcr8765,1
vdjdb_full_15821_ss_2_n0,ALGIGILTV_HLA-A*02:01,tcr13791,0
vdjdb_full_15822,ALGIGILTV_HLA-A*02:01,tcr16007,1
vdjdb_full_15822_ss_2_n0,ALGIGILTV_HLA-A*02:01,tcr16224,0
vdjdb_full_15823,ALGIGILTV_HLA-A*02:01,tcr8235,1
vdjdb_full_15823_ss_2_n0,ALGIGILTV_HLA-A*02:01,tcr3944,0
vdjdb_full_15824,ALGIGILTV_HLA-A*02:01,tcr16971,1
vdjdb_full_15824_ss_2_n0,ALGIGILTV_HLA-A*02:01,tcr8914,0
vdjdb_full_15825,ALGIGILTV_HLA-A*02:01,tcr3436,1
vdjdb_full_15825_ss_2_n0,ALGIGILTV_HLA-A*02:01,tcr573,0
vdjdb_full_15826,ALGIGILTV_HLA-A*02:01,tcr245,1
vdjdb_full_15826_ss_2_n0,ALGIGILTV_HLA-A*02:01,tcr7335,0
vdjdb_full_15827,ALGIGILTV_HLA-A*02:01,tcr15552,1
vdjdb_full_15827_ss_2_n0,ALGIGILTV_HLA-A*02:01,tcr6683,0
vdjdb_full_15828,ALGIGILTV_HLA-A*02:01,tcr4813,1
vdjdb_full_15828_ss_2_n0,ALGIGILTV_HLA-A*02:01,tcr5064,0
vdjdb_full_15829,ALGIGILTV_HLA-A*02:01,tcr2583,1
vdjdb_full_15829_ss_2_n0,ALGIGILTV_HLA-A*02:01,tcr5702,0
vdjdb_full_15830,ALGIGILTV_HLA-A*02:01,tcr17650,1
vdjdb_full_15830_ss_2_n0,ALGIGILTV_HLA-A*02:01,tcr15515,0
vdjdb_full_15831,ALGIGILTV_HLA-A*02:01,tcr3564,1
vdjdb_full_15831_ss_2_n0,ALGIGILTV_HLA-A*02:01,tcr13615,0
vdjdb_full_10516,HPNGYKSLSTL_HLA-B*07:02,tcr2442,1
vdjdb_full_10516_ss_2_n0,HPNGYKSLSTL_HLA-B*07:02,tcr4748,0
vdjdb_full_10517,HPNGYKSLSTL_HLA-B*07:02,tcr16652,1
vdjdb_full_10517_ss_2_n0,HPNGYKSLSTL_HLA-B*07:02,tcr16991,0
vdjdb_full_10518,HPNGYKSLSTL_HLA-B*07:02,tcr8998,1
vdjdb_full_10518_ss_2_n0,HPNGYKSLSTL_HLA-B*07:02,tcr5535,0
vdjdb_full_10519,HPNGYKSLSTL_HLA-B*07:02,tcr16713,1
vdjdb_full_10519_ss_2_n0,HPNGYKSLSTL_HLA-B*07:02,tcr18361,0
vdjdb_full_10521,HPNGYKSLSTL_HLA-B*07:02,tcr1266,1
vdjdb_full_10521_ss_2_n0,HPNGYKSLSTL_HLA-B*07:02,tcr11888,0
vdjdb_full_10522,HPNGYKSLSTL_HLA-B*07:02,tcr10081,1
vdjdb_full_10522_ss_2_n0,HPNGYKSLSTL_HLA-B*07:02,tcr12574,0
vdjdb_full_10523,HPNGYKSLSTL_HLA-B*07:02,tcr12783,1
vdjdb_full_10523_ss_2_n0,HPNGYKSLSTL_HLA-B*07:02,tcr15898,0
vdjdb_full_10524,HPNGYKSLSTL_HLA-B*07:02,tcr13744,1
vdjdb_full_10524_ss_2_n0,HPNGYKSLSTL_HLA-B*07:02,tcr10470,0
vdjdb_full_10525,HPNGYKSLSTL_HLA-B*07:02,tcr10961,1
vdjdb_full_10525_ss_2_n0,HPNGYKSLSTL_HLA-B*07:02,tcr15485,0
vdjdb_full_10526,HPNGYKSLSTL_HLA-B*07:02,tcr5172,1
vdjdb_full_10526_ss_2_n0,HPNGYKSLSTL_HLA-B*07:02,tcr93,0
vdjdb_full_10527,HPNGYKSLSTL_HLA-B*07:02,tcr10289,1
vdjdb_full_10527_ss_2_n0,HPNGYKSLSTL_HLA-B*07:02,tcr15137,0
vdjdb_full_10528,HPNGYKSLSTL_HLA-B*07:02,tcr5061,1
vdjdb_full_10528_ss_2_n0,HPNGYKSLSTL_HLA-B*07:02,tcr2529,0
vdjdb_full_10529,HPNGYKSLSTL_HLA-B*07:02,tcr4122,1
vdjdb_full_10529_ss_2_n0,HPNGYKSLSTL_HLA-B*07:02,tcr15403,0
vdjdb_full_10530,HPNGYKSLSTL_HLA-B*07:02,tcr817,1
vdjdb_full_10530_ss_2_n0,HPNGYKSLSTL_HLA-B*07:02,tcr14354,0
vdjdb_full_10531,HPNGYKSLSTL_HLA-B*07:02,tcr1287,1
vdjdb_full_10531_ss_2_n0,HPNGYKSLSTL_HLA-B*07:02,tcr10463,0
vdjdb_full_10532,HPNGYKSLSTL_HLA-B*07:02,tcr14487,1
vdjdb_full_10532_ss_2_n0,HPNGYKSLSTL_HLA-B*07:02,tcr5397,0
vdjdb_full_10533,HPNGYKSLSTL_HLA-B*07:02,tcr7753,1
vdjdb_full_10533_ss_2_n0,HPNGYKSLSTL_HLA-B*07:02,tcr1782,0
vdjdb_full_10535,HPNGYKSLSTL_HLA-B*07:02,tcr11729,1
vdjdb_full_10535_ss_2_n0,HPNGYKSLSTL_HLA-B*07:02,tcr5176,0
vdjdb_full_10536,HPNGYKSLSTL_HLA-B*07:02,tcr6001,1
vdjdb_full_10536_ss_2_n0,HPNGYKSLSTL_HLA-B*07:02,tcr11991,0
vdjdb_full_10537,HPNGYKSLSTL_HLA-B*07:02,tcr12796,1
vdjdb_full_10537_ss_2_n0,HPNGYKSLSTL_HLA-B*07:02,tcr14398,0
vdjdb_full_10538,HPNGYKSLSTL_HLA-B*07:02,tcr8658,1
vdjdb_full_10538_ss_2_n0,HPNGYKSLSTL_HLA-B*07:02,tcr3148,0
vdjdb_full_10539,HPNGYKSLSTL_HLA-B*07:02,tcr5160,1
vdjdb_full_10539_ss_2_n0,HPNGYKSLSTL_HLA-B*07:02,tcr3645,0
vdjdb_full_10540,HPNGYKSLSTL_HLA-B*07:02,tcr14585,1
vdjdb_full_10540_ss_2_n0,HPNGYKSLSTL_HLA-B*07:02,tcr8484,0
vdjdb_full_10541,HPNGYKSLSTL_HLA-B*07:02,tcr6651,1
vdjdb_full_10541_ss_2_n0,HPNGYKSLSTL_HLA-B*07:02,tcr9307,0
vdjdb_full_10542,HPNGYKSLSTL_HLA-B*07:02,tcr9181,1
vdjdb_full_10542_ss_2_n0,HPNGYKSLSTL_HLA-B*07:02,tcr8218,0
vdjdb_full_10543,HPNGYKSLSTL_HLA-B*07:02,tcr16824,1
vdjdb_full_10543_ss_2_n0,HPNGYKSLSTL_HLA-B*07:02,tcr3925,0
vdjdb_full_10544,HPNGYKSLSTL_HLA-B*07:02,tcr5481,1
vdjdb_full_10544_ss_2_n0,HPNGYKSLSTL_HLA-B*07:02,tcr15412,0
vdjdb_full_10545,HPNGYKSLSTL_HLA-B*07:02,tcr17788,1
vdjdb_full_10545_ss_2_n0,HPNGYKSLSTL_HLA-B*07:02,tcr3544,0
vdjdb_full_15715,VYFLQSINF_HLA-A*24:02,tcr1468,1
vdjdb_full_15715_ss_2_n0,VYFLQSINF_HLA-A*24:02,tcr10016,0
vdjdb_full_15716,VYFLQSINF_HLA-A*24:02,tcr1917,1
vdjdb_full_15716_ss_2_n0,VYFLQSINF_HLA-A*24:02,tcr3169,0
vdjdb_full_15717,VYFLQSINF_HLA-A*24:02,tcr4023,1
vdjdb_full_15717_ss_2_n0,VYFLQSINF_HLA-A*24:02,tcr1138,0
vdjdb_full_15718,VYFLQSINF_HLA-A*24:02,tcr16954,1
vdjdb_full_15718_ss_2_n0,VYFLQSINF_HLA-A*24:02,tcr14190,0
vdjdb_full_15719,VYFLQSINF_HLA-A*24:02,tcr13982,1
vdjdb_full_15719_ss_2_n0,VYFLQSINF_HLA-A*24:02,tcr8963,0
vdjdb_full_15720,VYFLQSINF_HLA-A*24:02,tcr5464,1
vdjdb_full_15720_ss_2_n0,VYFLQSINF_HLA-A*24:02,tcr11491,0
vdjdb_full_15721,VYFLQSINF_HLA-A*24:02,tcr11244,1
vdjdb_full_15721_ss_2_n0,VYFLQSINF_HLA-A*24:02,tcr11640,0
vdjdb_full_15722,VYFLQSINF_HLA-A*24:02,tcr14467,1
vdjdb_full_15722_ss_2_n0,VYFLQSINF_HLA-A*24:02,tcr6865,0
vdjdb_full_15723,VYFLQSINF_HLA-A*24:02,tcr17625,1
vdjdb_full_15723_ss_2_n0,VYFLQSINF_HLA-A*24:02,tcr9557,0
vdjdb_full_15724,VYFLQSINF_HLA-A*24:02,tcr13477,1
vdjdb_full_15724_ss_2_n0,VYFLQSINF_HLA-A*24:02,tcr11422,0
vdjdb_full_15726,VYFLQSINF_HLA-A*24:02,tcr15073,1
vdjdb_full_15726_ss_2_n0,VYFLQSINF_HLA-A*24:02,tcr9644,0
vdjdb_full_15727,VYFLQSINF_HLA-A*24:02,tcr17704,1
vdjdb_full_15727_ss_2_n0,VYFLQSINF_HLA-A*24:02,tcr6760,0
vdjdb_full_15728,VYFLQSINF_HLA-A*24:02,tcr11220,1
vdjdb_full_15728_ss_2_n0,VYFLQSINF_HLA-A*24:02,tcr6629,0
vdjdb_full_15729,VYFLQSINF_HLA-A*24:02,tcr12212,1
vdjdb_full_15729_ss_2_n0,VYFLQSINF_HLA-A*24:02,tcr5325,0
vdjdb_full_15730,VYFLQSINF_HLA-A*24:02,tcr9476,1
vdjdb_full_15730_ss_2_n0,VYFLQSINF_HLA-A*24:02,tcr15855,0
vdjdb_full_15731,VYFLQSINF_HLA-A*24:02,tcr6263,1
vdjdb_full_15731_ss_2_n0,VYFLQSINF_HLA-A*24:02,tcr10743,0
vdjdb_full_15732,VYFLQSINF_HLA-A*24:02,tcr11108,1
vdjdb_full_15732_ss_2_n0,VYFLQSINF_HLA-A*24:02,tcr7320,0
vdjdb_full_15733,VYFLQSINF_HLA-A*24:02,tcr1029,1
vdjdb_full_15733_ss_2_n0,VYFLQSINF_HLA-A*24:02,tcr5807,0
vdjdb_full_15734,VYFLQSINF_HLA-A*24:02,tcr12113,1
vdjdb_full_15734_ss_2_n0,VYFLQSINF_HLA-A*24:02,tcr12415,0
vdjdb_full_15735,VYFLQSINF_HLA-A*24:02,tcr14562,1
vdjdb_full_15735_ss_2_n0,VYFLQSINF_HLA-A*24:02,tcr10119,0
vdjdb_full_15736,VYFLQSINF_HLA-A*24:02,tcr12918,1
vdjdb_full_15736_ss_2_n0,VYFLQSINF_HLA-A*24:02,tcr9627,0
vdjdb_full_15737,VYFLQSINF_HLA-A*24:02,tcr15839,1
vdjdb_full_15737_ss_2_n0,VYFLQSINF_HLA-A*24:02,tcr13364,0
vdjdb_full_15738,VYFLQSINF_HLA-A*24:02,tcr281,1
vdjdb_full_15738_ss_2_n0,VYFLQSINF_HLA-A*24:02,tcr12152,0
vdjdb_full_15739,VYFLQSINF_HLA-A*24:02,tcr3020,1
vdjdb_full_15739_ss_2_n0,VYFLQSINF_HLA-A*24:02,tcr9171,0
vdjdb_full_15740,VYFLQSINF_HLA-A*24:02,tcr14397,1
vdjdb_full_15740_ss_2_n0,VYFLQSINF_HLA-A*24:02,tcr7093,0
vdjdb_full_15741,VYFLQSINF_HLA-A*24:02,tcr1052,1
vdjdb_full_15741_ss_2_n0,VYFLQSINF_HLA-A*24:02,tcr1528,0
vdjdb_full_15742,VYFLQSINF_HLA-A*24:02,tcr4380,1
vdjdb_full_15742_ss_2_n0,VYFLQSINF_HLA-A*24:02,tcr12457,0
vdjdb_full_15743,VYFLQSINF_HLA-A*24:02,tcr17866,1
vdjdb_full_15743_ss_2_n0,VYFLQSINF_HLA-A*24:02,tcr10970,0
vdjdb_full_17662,ALWALPHAA_HLA-A*02:01,tcr16890,1
vdjdb_full_17662_ss_2_n0,ALWALPHAA_HLA-A*02:01,tcr9437,0
vdjdb_full_17663,ALWALPHAA_HLA-A*02:01,tcr1622,1
vdjdb_full_17663_ss_2_n0,ALWALPHAA_HLA-A*02:01,tcr15524,0
vdjdb_full_17664,ALWALPHAA_HLA-A*02:01,tcr15898,1
vdjdb_full_17664_ss_2_n0,ALWALPHAA_HLA-A*02:01,tcr12066,0
vdjdb_full_17665,ALWALPHAA_HLA-A*02:01,tcr9280,1
vdjdb_full_17665_ss_2_n0,ALWALPHAA_HLA-A*02:01,tcr13498,0
vdjdb_full_17666,ALWALPHAA_HLA-A*02:01,tcr8628,1
vdjdb_full_17666_ss_2_n0,ALWALPHAA_HLA-A*02:01,tcr2473,0
vdjdb_full_17667,ALWALPHAA_HLA-A*02:01,tcr14337,1
vdjdb_full_17667_ss_2_n0,ALWALPHAA_HLA-A*02:01,tcr3814,0
vdjdb_full_17668,ALWALPHAA_HLA-A*02:01,tcr3925,1
vdjdb_full_17668_ss_2_n0,ALWALPHAA_HLA-A*02:01,tcr16165,0
vdjdb_full_17669,ALWALPHAA_HLA-A*02:01,tcr13947,1
vdjdb_full_17669_ss_2_n0,ALWALPHAA_HLA-A*02:01,tcr15227,0
vdjdb_full_17670,ALWALPHAA_HLA-A*02:01,tcr16201,1
vdjdb_full_17670_ss_2_n0,ALWALPHAA_HLA-A*02:01,tcr10964,0
vdjdb_full_17671,ALWALPHAA_HLA-A*02:01,tcr10275,1
vdjdb_full_17671_ss_2_n0,ALWALPHAA_HLA-A*02:01,tcr13034,0
vdjdb_full_17672,ALWALPHAA_HLA-A*02:01,tcr17644,1
vdjdb_full_17672_ss_2_n0,ALWALPHAA_HLA-A*02:01,tcr16427,0
vdjdb_full_17673,ALWALPHAA_HLA-A*02:01,tcr14586,1
vdjdb_full_17673_ss_2_n0,ALWALPHAA_HLA-A*02:01,tcr1900,0
vdjdb_full_17675,ALWALPHAA_HLA-A*02:01,tcr2045,1
vdjdb_full_17675_ss_2_n0,ALWALPHAA_HLA-A*02:01,tcr1976,0
vdjdb_full_17676,ALWALPHAA_HLA-A*02:01,tcr15098,1
vdjdb_full_17676_ss_2_n0,ALWALPHAA_HLA-A*02:01,tcr640,0
vdjdb_full_17677,ALWALPHAA_HLA-A*02:01,tcr18188,1
vdjdb_full_17677_ss_2_n0,ALWALPHAA_HLA-A*02:01,tcr16858,0
vdjdb_full_17678,ALWALPHAA_HLA-A*02:01,tcr17484,1
vdjdb_full_17678_ss_2_n0,ALWALPHAA_HLA-A*02:01,tcr14874,0
vdjdb_full_17680,ALWALPHAA_HLA-A*02:01,tcr8646,1
vdjdb_full_17680_ss_2_n0,ALWALPHAA_HLA-A*02:01,tcr4163,0
vdjdb_full_17681,ALWALPHAA_HLA-A*02:01,tcr2190,1
vdjdb_full_17681_ss_2_n0,ALWALPHAA_HLA-A*02:01,tcr15326,0
vdjdb_full_17682,ALWALPHAA_HLA-A*02:01,tcr2416,1
vdjdb_full_17682_ss_2_n0,ALWALPHAA_HLA-A*02:01,tcr14106,0
vdjdb_full_17683,ALWALPHAA_HLA-A*02:01,tcr6917,1
vdjdb_full_17683_ss_2_n0,ALWALPHAA_HLA-A*02:01,tcr2477,0
vdjdb_full_17684,ALWALPHAA_HLA-A*02:01,tcr10667,1
vdjdb_full_17684_ss_2_n0,ALWALPHAA_HLA-A*02:01,tcr11833,0
vdjdb_full_17685,ALWALPHAA_HLA-A*02:01,tcr7468,1
vdjdb_full_17685_ss_2_n0,ALWALPHAA_HLA-A*02:01,tcr7864,0
vdjdb_full_17686,ALWALPHAA_HLA-A*02:01,tcr9494,1
vdjdb_full_17686_ss_2_n0,ALWALPHAA_HLA-A*02:01,tcr5679,0
vdjdb_full_17687,ALWALPHAA_HLA-A*02:01,tcr15928,1
vdjdb_full_17687_ss_2_n0,ALWALPHAA_HLA-A*02:01,tcr985,0
vdjdb_full_17688,ALWALPHAA_HLA-A*02:01,tcr8785,1
vdjdb_full_17688_ss_2_n0,ALWALPHAA_HLA-A*02:01,tcr7609,0
vdjdb_full_17689,ALWALPHAA_HLA-A*02:01,tcr7649,1
vdjdb_full_17689_ss_2_n0,ALWALPHAA_HLA-A*02:01,tcr423,0
vdjdb_full_17690,ALWALPHAA_HLA-A*02:01,tcr12886,1
vdjdb_full_17690_ss_2_n0,ALWALPHAA_HLA-A*02:01,tcr14050,0
vdjdb_full_8309,LLDFVRFMGV_HLA-A*02:01,tcr566,1
vdjdb_full_8309_ss_2_n0,LLDFVRFMGV_HLA-A*02:01,tcr11903,0
vdjdb_full_8310,LLDFVRFMGV_HLA-A*02:01,tcr6967,1
vdjdb_full_8310_ss_2_n0,LLDFVRFMGV_HLA-A*02:01,tcr16143,0
vdjdb_full_8311,LLDFVRFMGV_HLA-A*02:01,tcr15699,1
vdjdb_full_8311_ss_2_n0,LLDFVRFMGV_HLA-A*02:01,tcr14664,0
vdjdb_full_8312,LLDFVRFMGV_HLA-A*02:01,tcr3816,1
vdjdb_full_8312_ss_2_n0,LLDFVRFMGV_HLA-A*02:01,tcr11398,0
vdjdb_full_8313,LLDFVRFMGV_HLA-A*02:01,tcr14412,1
vdjdb_full_8313_ss_2_n0,LLDFVRFMGV_HLA-A*02:01,tcr602,0
vdjdb_full_8314,LLDFVRFMGV_HLA-A*02:01,tcr16843,1
vdjdb_full_8314_ss_2_n0,LLDFVRFMGV_HLA-A*02:01,tcr13831,0
vdjdb_full_8315,LLDFVRFMGV_HLA-A*02:01,tcr14752,1
vdjdb_full_8315_ss_2_n0,LLDFVRFMGV_HLA-A*02:01,tcr149,0
vdjdb_full_8316,LLDFVRFMGV_HLA-A*02:01,tcr7993,1
vdjdb_full_8316_ss_2_n0,LLDFVRFMGV_HLA-A*02:01,tcr8631,0
vdjdb_full_8317,LLDFVRFMGV_HLA-A*02:01,tcr4925,1
vdjdb_full_8317_ss_2_n0,LLDFVRFMGV_HLA-A*02:01,tcr6877,0
vdjdb_full_8318,LLDFVRFMGV_HLA-A*02:01,tcr4921,1
vdjdb_full_8318_ss_2_n0,LLDFVRFMGV_HLA-A*02:01,tcr14825,0
vdjdb_full_8319,LLDFVRFMGV_HLA-A*02:01,tcr10588,1
vdjdb_full_8319_ss_2_n0,LLDFVRFMGV_HLA-A*02:01,tcr11742,0
vdjdb_full_8320,LLDFVRFMGV_HLA-A*02:01,tcr17944,1
vdjdb_full_8320_ss_2_n0,LLDFVRFMGV_HLA-A*02:01,tcr14510,0
vdjdb_full_8321,LLDFVRFMGV_HLA-A*02:01,tcr8046,1
vdjdb_full_8321_ss_2_n0,LLDFVRFMGV_HLA-A*02:01,tcr376,0
vdjdb_full_8322,LLDFVRFMGV_HLA-A*02:01,tcr6763,1
vdjdb_full_8322_ss_2_n0,LLDFVRFMGV_HLA-A*02:01,tcr15820,0
vdjdb_full_8323,LLDFVRFMGV_HLA-A*02:01,tcr3216,1
vdjdb_full_8323_ss_2_n0,LLDFVRFMGV_HLA-A*02:01,tcr1943,0
vdjdb_full_8324,LLDFVRFMGV_HLA-A*02:01,tcr12262,1
vdjdb_full_8324_ss_2_n0,LLDFVRFMGV_HLA-A*02:01,tcr14304,0
vdjdb_full_8325,LLDFVRFMGV_HLA-A*02:01,tcr8220,1
vdjdb_full_8325_ss_2_n0,LLDFVRFMGV_HLA-A*02:01,tcr17844,0
vdjdb_full_8326,LLDFVRFMGV_HLA-A*02:01,tcr12916,1
vdjdb_full_8326_ss_2_n0,LLDFVRFMGV_HLA-A*02:01,tcr5523,0
vdjdb_full_8327,LLDFVRFMGV_HLA-A*02:01,tcr746,1
vdjdb_full_8327_ss_2_n0,LLDFVRFMGV_HLA-A*02:01,tcr11880,0
vdjdb_full_8328,LLDFVRFMGV_HLA-A*02:01,tcr12298,1
vdjdb_full_8328_ss_2_n0,LLDFVRFMGV_HLA-A*02:01,tcr16,0
vdjdb_full_8329,LLDFVRFMGV_HLA-A*02:01,tcr269,1
vdjdb_full_8329_ss_2_n0,LLDFVRFMGV_HLA-A*02:01,tcr4402,0
vdjdb_full_8330,LLDFVRFMGV_HLA-A*02:01,tcr5885,1
vdjdb_full_8330_ss_2_n0,LLDFVRFMGV_HLA-A*02:01,tcr15345,0
vdjdb_full_8331,LLDFVRFMGV_HLA-A*02:01,tcr1,1
vdjdb_full_8331_ss_2_n0,LLDFVRFMGV_HLA-A*02:01,tcr9043,0
vdjdb_full_8332,LLDFVRFMGV_HLA-A*02:01,tcr9742,1
vdjdb_full_8332_ss_2_n0,LLDFVRFMGV_HLA-A*02:01,tcr7956,0
vdjdb_full_8333,LLDFVRFMGV_HLA-A*02:01,tcr13720,1
vdjdb_full_8333_ss_2_n0,LLDFVRFMGV_HLA-A*02:01,tcr8994,0
vdjdb_full_8334,LLDFVRFMGV_HLA-A*02:01,tcr11422,1
vdjdb_full_8334_ss_2_n0,LLDFVRFMGV_HLA-A*02:01,tcr1936,0
vdjdb_full_8335,LLDFVRFMGV_HLA-A*02:01,tcr11538,1
vdjdb_full_8335_ss_2_n0,LLDFVRFMGV_HLA-A*02:01,tcr1023,0
vdjdb_full_17112,HSNLNDATY_HLA-A*01:01,tcr16485,1
vdjdb_full_17112_ss_2_n0,HSNLNDATY_HLA-A*01:01,tcr3624,0
vdjdb_full_17113,HSNLNDATY_HLA-A*01:01,tcr1511,1
vdjdb_full_17113_ss_2_n0,HSNLNDATY_HLA-A*01:01,tcr18379,0
vdjdb_full_17114,HSNLNDATY_HLA-A*01:01,tcr2180,1
vdjdb_full_17114_ss_2_n0,HSNLNDATY_HLA-A*01:01,tcr156,0
vdjdb_full_17115,HSNLNDATY_HLA-A*01:01,tcr9644,1
vdjdb_full_17115_ss_2_n0,HSNLNDATY_HLA-A*01:01,tcr15130,0
vdjdb_full_17116,HSNLNDATY_HLA-A*01:01,tcr7709,1
vdjdb_full_17116_ss_2_n0,HSNLNDATY_HLA-A*01:01,tcr3955,0
vdjdb_full_17117,HSNLNDATY_HLA-A*01:01,tcr1344,1
vdjdb_full_17117_ss_2_n0,HSNLNDATY_HLA-A*01:01,tcr10849,0
vdjdb_full_17118,HSNLNDATY_HLA-A*01:01,tcr12732,1
vdjdb_full_17118_ss_2_n0,HSNLNDATY_HLA-A*01:01,tcr11126,0
vdjdb_full_17119,HSNLNDATY_HLA-A*01:01,tcr18158,1
vdjdb_full_17119_ss_2_n0,HSNLNDATY_HLA-A*01:01,tcr17448,0
vdjdb_full_17120,HSNLNDATY_HLA-A*01:01,tcr10344,1
vdjdb_full_17120_ss_2_n0,HSNLNDATY_HLA-A*01:01,tcr9227,0
vdjdb_full_17123,HSNLNDATY_HLA-A*01:01,tcr8020,1
vdjdb_full_17123_ss_2_n0,HSNLNDATY_HLA-A*01:01,tcr17502,0
vdjdb_full_17124,HSNLNDATY_HLA-A*01:01,tcr15530,1
vdjdb_full_17124_ss_2_n0,HSNLNDATY_HLA-A*01:01,tcr179,0
vdjdb_full_17125,HSNLNDATY_HLA-A*01:01,tcr2749,1
vdjdb_full_17125_ss_2_n0,HSNLNDATY_HLA-A*01:01,tcr4892,0
vdjdb_full_17126,HSNLNDATY_HLA-A*01:01,tcr15491,1
vdjdb_full_17126_ss_2_n0,HSNLNDATY_HLA-A*01:01,tcr14900,0
vdjdb_full_17127,HSNLNDATY_HLA-A*01:01,tcr12611,1
vdjdb_full_17127_ss_2_n0,HSNLNDATY_HLA-A*01:01,tcr5459,0
vdjdb_full_17128,HSNLNDATY_HLA-A*01:01,tcr1681,1
vdjdb_full_17128_ss_2_n0,HSNLNDATY_HLA-A*01:01,tcr8963,0
vdjdb_full_17129,HSNLNDATY_HLA-A*01:01,tcr4726,1
vdjdb_full_17129_ss_2_n0,HSNLNDATY_HLA-A*01:01,tcr9227,0
vdjdb_full_17130,HSNLNDATY_HLA-A*01:01,tcr4224,1
vdjdb_full_17130_ss_2_n0,HSNLNDATY_HLA-A*01:01,tcr7143,0
vdjdb_full_17131,HSNLNDATY_HLA-A*01:01,tcr17333,1
vdjdb_full_17131_ss_2_n0,HSNLNDATY_HLA-A*01:01,tcr2262,0
vdjdb_full_17132,HSNLNDATY_HLA-A*01:01,tcr8324,1
vdjdb_full_17132_ss_2_n0,HSNLNDATY_HLA-A*01:01,tcr10970,0
vdjdb_full_17133,HSNLNDATY_HLA-A*01:01,tcr13503,1
vdjdb_full_17133_ss_2_n0,HSNLNDATY_HLA-A*01:01,tcr230,0
vdjdb_full_17134,HSNLNDATY_HLA-A*01:01,tcr16125,1
vdjdb_full_17134_ss_2_n0,HSNLNDATY_HLA-A*01:01,tcr16281,0
vdjdb_full_17135,HSNLNDATY_HLA-A*01:01,tcr9339,1
vdjdb_full_17135_ss_2_n0,HSNLNDATY_HLA-A*01:01,tcr6760,0
vdjdb_full_17136,HSNLNDATY_HLA-A*01:01,tcr15362,1
vdjdb_full_17136_ss_2_n0,HSNLNDATY_HLA-A*01:01,tcr8980,0
vdjdb_full_17137,HSNLNDATY_HLA-A*01:01,tcr4680,1
vdjdb_full_17137_ss_2_n0,HSNLNDATY_HLA-A*01:01,tcr17925,0
vdjdb_full_17138,HSNLNDATY_HLA-A*01:01,tcr8342,1
vdjdb_full_17138_ss_2_n0,HSNLNDATY_HLA-A*01:01,tcr10676,0
vdjdb_full_17139,HSNLNDATY_HLA-A*01:01,tcr12253,1
vdjdb_full_17139_ss_2_n0,HSNLNDATY_HLA-A*01:01,tcr3281,0
vdjdb_full_15160,ALWEIQQVV_HLA-A*02:01,tcr1094,1
vdjdb_full_15160_ss_2_n0,ALWEIQQVV_HLA-A*02:01,tcr5850,0
vdjdb_full_15161,ALWEIQQVV_HLA-A*02:01,tcr16006,1
vdjdb_full_15161_ss_2_n0,ALWEIQQVV_HLA-A*02:01,tcr15769,0
vdjdb_full_15162,ALWEIQQVV_HLA-A*02:01,tcr8484,1
vdjdb_full_15162_ss_2_n0,ALWEIQQVV_HLA-A*02:01,tcr10341,0
vdjdb_full_15163,ALWEIQQVV_HLA-A*02:01,tcr1596,1
vdjdb_full_15163_ss_2_n0,ALWEIQQVV_HLA-A*02:01,tcr5635,0
vdjdb_full_15164,ALWEIQQVV_HLA-A*02:01,tcr16686,1
vdjdb_full_15164_ss_2_n0,ALWEIQQVV_HLA-A*02:01,tcr10482,0
vdjdb_full_15165,ALWEIQQVV_HLA-A*02:01,tcr2310,1
vdjdb_full_15165_ss_2_n0,ALWEIQQVV_HLA-A*02:01,tcr18361,0
vdjdb_full_15166,ALWEIQQVV_HLA-A*02:01,tcr7320,1
vdjdb_full_15166_ss_2_n0,ALWEIQQVV_HLA-A*02:01,tcr7926,0
vdjdb_full_15167,ALWEIQQVV_HLA-A*02:01,tcr2724,1
vdjdb_full_15167_ss_2_n0,ALWEIQQVV_HLA-A*02:01,tcr8843,0
vdjdb_full_15168,ALWEIQQVV_HLA-A*02:01,tcr10253,1
vdjdb_full_15168_ss_2_n0,ALWEIQQVV_HLA-A*02:01,tcr4666,0
vdjdb_full_15169,ALWEIQQVV_HLA-A*02:01,tcr6145,1
vdjdb_full_15169_ss_2_n0,ALWEIQQVV_HLA-A*02:01,tcr12011,0
vdjdb_full_15170,ALWEIQQVV_HLA-A*02:01,tcr6115,1
vdjdb_full_15170_ss_2_n0,ALWEIQQVV_HLA-A*02:01,tcr10117,0
vdjdb_full_15171,ALWEIQQVV_HLA-A*02:01,tcr5580,1
vdjdb_full_15171_ss_2_n0,ALWEIQQVV_HLA-A*02:01,tcr7487,0
vdjdb_full_15172,ALWEIQQVV_HLA-A*02:01,tcr12304,1
vdjdb_full_15172_ss_2_n0,ALWEIQQVV_HLA-A*02:01,tcr6676,0
vdjdb_full_15173,ALWEIQQVV_HLA-A*02:01,tcr4911,1
vdjdb_full_15173_ss_2_n0,ALWEIQQVV_HLA-A*02:01,tcr5974,0
vdjdb_full_15174,ALWEIQQVV_HLA-A*02:01,tcr7239,1
vdjdb_full_15174_ss_2_n0,ALWEIQQVV_HLA-A*02:01,tcr115,0
vdjdb_full_15175,ALWEIQQVV_HLA-A*02:01,tcr9680,1
vdjdb_full_15175_ss_2_n0,ALWEIQQVV_HLA-A*02:01,tcr16291,0
vdjdb_full_15176,ALWEIQQVV_HLA-A*02:01,tcr8411,1
vdjdb_full_15176_ss_2_n0,ALWEIQQVV_HLA-A*02:01,tcr17399,0
vdjdb_full_15177,ALWEIQQVV_HLA-A*02:01,tcr17959,1
vdjdb_full_15177_ss_2_n0,ALWEIQQVV_HLA-A*02:01,tcr3417,0
vdjdb_full_15178,ALWEIQQVV_HLA-A*02:01,tcr6891,1
vdjdb_full_15178_ss_2_n0,ALWEIQQVV_HLA-A*02:01,tcr6264,0
vdjdb_full_15179,ALWEIQQVV_HLA-A*02:01,tcr17369,1
vdjdb_full_15179_ss_2_n0,ALWEIQQVV_HLA-A*02:01,tcr4356,0
vdjdb_full_15180,ALWEIQQVV_HLA-A*02:01,tcr15044,1
vdjdb_full_15180_ss_2_n0,ALWEIQQVV_HLA-A*02:01,tcr5171,0
vdjdb_full_15181,ALWEIQQVV_HLA-A*02:01,tcr11099,1
vdjdb_full_15181_ss_2_n0,ALWEIQQVV_HLA-A*02:01,tcr3152,0
vdjdb_full_15182,ALWEIQQVV_HLA-A*02:01,tcr13654,1
vdjdb_full_15182_ss_2_n0,ALWEIQQVV_HLA-A*02:01,tcr9765,0
vdjdb_full_15183,ALWEIQQVV_HLA-A*02:01,tcr12556,1
vdjdb_full_15183_ss_2_n0,ALWEIQQVV_HLA-A*02:01,tcr1130,0
vdjdb_full_15184,ALWEIQQVV_HLA-A*02:01,tcr14788,1
vdjdb_full_15184_ss_2_n0,ALWEIQQVV_HLA-A*02:01,tcr4363,0
vdjdb_full_17322,RVAGDSGFAAY_HLA-B*15:01,tcr4296,1
vdjdb_full_17322_ss_2_n0,RVAGDSGFAAY_HLA-B*15:01,tcr12847,0
vdjdb_full_17323,RVAGDSGFAAY_HLA-B*15:01,tcr10493,1
vdjdb_full_17323_ss_2_n0,RVAGDSGFAAY_HLA-B*15:01,tcr5796,0
vdjdb_full_17324,RVAGDSGFAAY_HLA-B*15:01,tcr11903,1
vdjdb_full_17324_ss_2_n0,RVAGDSGFAAY_HLA-B*15:01,tcr6087,0
vdjdb_full_17325,RVAGDSGFAAY_HLA-B*15:01,tcr6667,1
vdjdb_full_17325_ss_2_n0,RVAGDSGFAAY_HLA-B*15:01,tcr12573,0
vdjdb_full_17326,RVAGDSGFAAY_HLA-B*15:01,tcr15045,1
vdjdb_full_17326_ss_2_n0,RVAGDSGFAAY_HLA-B*15:01,tcr10340,0
vdjdb_full_17327,RVAGDSGFAAY_HLA-B*15:01,tcr874,1
vdjdb_full_17327_ss_2_n0,RVAGDSGFAAY_HLA-B*15:01,tcr2828,0
vdjdb_full_17328,RVAGDSGFAAY_HLA-B*15:01,tcr12216,1
vdjdb_full_17328_ss_2_n0,RVAGDSGFAAY_HLA-B*15:01,tcr15485,0
vdjdb_full_17329,RVAGDSGFAAY_HLA-B*15:01,tcr5943,1
vdjdb_full_17329_ss_2_n0,RVAGDSGFAAY_HLA-B*15:01,tcr2799,0
vdjdb_full_17330,RVAGDSGFAAY_HLA-B*15:01,tcr689,1
vdjdb_full_17330_ss_2_n0,RVAGDSGFAAY_HLA-B*15:01,tcr6629,0
vdjdb_full_17331,RVAGDSGFAAY_HLA-B*15:01,tcr6697,1
vdjdb_full_17331_ss_2_n0,RVAGDSGFAAY_HLA-B*15:01,tcr12916,0
vdjdb_full_17332,RVAGDSGFAAY_HLA-B*15:01,tcr6896,1
vdjdb_full_17332_ss_2_n0,RVAGDSGFAAY_HLA-B*15:01,tcr16177,0
vdjdb_full_17333,RVAGDSGFAAY_HLA-B*15:01,tcr7978,1
vdjdb_full_17333_ss_2_n0,RVAGDSGFAAY_HLA-B*15:01,tcr715,0
vdjdb_full_17334,RVAGDSGFAAY_HLA-B*15:01,tcr5260,1
vdjdb_full_17334_ss_2_n0,RVAGDSGFAAY_HLA-B*15:01,tcr5186,0
vdjdb_full_17335,RVAGDSGFAAY_HLA-B*15:01,tcr15849,1
vdjdb_full_17335_ss_2_n0,RVAGDSGFAAY_HLA-B*15:01,tcr17436,0
vdjdb_full_17336,RVAGDSGFAAY_HLA-B*15:01,tcr15668,1
vdjdb_full_17336_ss_2_n0,RVAGDSGFAAY_HLA-B*15:01,tcr2602,0
vdjdb_full_17337,RVAGDSGFAAY_HLA-B*15:01,tcr16082,1
vdjdb_full_17337_ss_2_n0,RVAGDSGFAAY_HLA-B*15:01,tcr11250,0
vdjdb_full_17338,RVAGDSGFAAY_HLA-B*15:01,tcr15083,1
vdjdb_full_17338_ss_2_n0,RVAGDSGFAAY_HLA-B*15:01,tcr6009,0
vdjdb_full_17339,RVAGDSGFAAY_HLA-B*15:01,tcr16206,1
vdjdb_full_17339_ss_2_n0,RVAGDSGFAAY_HLA-B*15:01,tcr17788,0
vdjdb_full_17340,RVAGDSGFAAY_HLA-B*15:01,tcr17319,1
vdjdb_full_17340_ss_2_n0,RVAGDSGFAAY_HLA-B*15:01,tcr3336,0
vdjdb_full_17341,RVAGDSGFAAY_HLA-B*15:01,tcr16538,1
vdjdb_full_17341_ss_2_n0,RVAGDSGFAAY_HLA-B*15:01,tcr14008,0
vdjdb_full_17342,RVAGDSGFAAY_HLA-B*15:01,tcr17585,1
vdjdb_full_17342_ss_2_n0,RVAGDSGFAAY_HLA-B*15:01,tcr7907,0
vdjdb_full_17343,RVAGDSGFAAY_HLA-B*15:01,tcr8618,1
vdjdb_full_17343_ss_2_n0,RVAGDSGFAAY_HLA-B*15:01,tcr8950,0
vdjdb_full_17344,RVAGDSGFAAY_HLA-B*15:01,tcr3840,1
vdjdb_full_17344_ss_2_n0,RVAGDSGFAAY_HLA-B*15:01,tcr11285,0
vdjdb_full_17345,RVAGDSGFAAY_HLA-B*15:01,tcr16041,1
vdjdb_full_17345_ss_2_n0,RVAGDSGFAAY_HLA-B*15:01,tcr15559,0
vdjdb_full_17255,YAKWKLCSA_HLA-B*08:01,tcr4528,1
vdjdb_full_17255_ss_2_n0,YAKWKLCSA_HLA-B*08:01,tcr17648,0
vdjdb_full_17256,YAKWKLCSA_HLA-B*08:01,tcr15543,1
vdjdb_full_17256_ss_2_n0,YAKWKLCSA_HLA-B*08:01,tcr14776,0
vdjdb_full_17257,YAKWKLCSA_HLA-B*08:01,tcr5828,1
vdjdb_full_17257_ss_2_n0,YAKWKLCSA_HLA-B*08:01,tcr8121,0
vdjdb_full_17258,YAKWKLCSA_HLA-B*08:01,tcr12258,1
vdjdb_full_17258_ss_2_n0,YAKWKLCSA_HLA-B*08:01,tcr8294,0
vdjdb_full_17259,YAKWKLCSA_HLA-B*08:01,tcr4419,1
vdjdb_full_17259_ss_2_n0,YAKWKLCSA_HLA-B*08:01,tcr11205,0
vdjdb_full_17260,YAKWKLCSA_HLA-B*08:01,tcr10909,1
vdjdb_full_17260_ss_2_n0,YAKWKLCSA_HLA-B*08:01,tcr15268,0
vdjdb_full_17261,YAKWKLCSA_HLA-B*08:01,tcr13518,1
vdjdb_full_17261_ss_2_n0,YAKWKLCSA_HLA-B*08:01,tcr1936,0
vdjdb_full_17263,YAKWKLCSA_HLA-B*08:01,tcr2586,1
vdjdb_full_17263_ss_2_n0,YAKWKLCSA_HLA-B*08:01,tcr12616,0
vdjdb_full_17264,YAKWKLCSA_HLA-B*08:01,tcr18332,1
vdjdb_full_17264_ss_2_n0,YAKWKLCSA_HLA-B*08:01,tcr9627,0
vdjdb_full_17265,YAKWKLCSA_HLA-B*08:01,tcr2939,1
vdjdb_full_17265_ss_2_n0,YAKWKLCSA_HLA-B*08:01,tcr4679,0
vdjdb_full_17266,YAKWKLCSA_HLA-B*08:01,tcr13928,1
vdjdb_full_17266_ss_2_n0,YAKWKLCSA_HLA-B*08:01,tcr5506,0
vdjdb_full_17267,YAKWKLCSA_HLA-B*08:01,tcr14505,1
vdjdb_full_17267_ss_2_n0,YAKWKLCSA_HLA-B*08:01,tcr4612,0
vdjdb_full_17268,YAKWKLCSA_HLA-B*08:01,tcr16320,1
vdjdb_full_17268_ss_2_n0,YAKWKLCSA_HLA-B*08:01,tcr1681,0
vdjdb_full_17269,YAKWKLCSA_HLA-B*08:01,tcr2413,1
vdjdb_full_17269_ss_2_n0,YAKWKLCSA_HLA-B*08:01,tcr8763,0
vdjdb_full_17270,YAKWKLCSA_HLA-B*08:01,tcr17911,1
vdjdb_full_17270_ss_2_n0,YAKWKLCSA_HLA-B*08:01,tcr13635,0
vdjdb_full_17271,YAKWKLCSA_HLA-B*08:01,tcr11720,1
vdjdb_full_17271_ss_2_n0,YAKWKLCSA_HLA-B*08:01,tcr18292,0
vdjdb_full_17272,YAKWKLCSA_HLA-B*08:01,tcr11398,1
vdjdb_full_17272_ss_2_n0,YAKWKLCSA_HLA-B*08:01,tcr12497,0
vdjdb_full_17273,YAKWKLCSA_HLA-B*08:01,tcr8307,1
vdjdb_full_17273_ss_2_n0,YAKWKLCSA_HLA-B*08:01,tcr3657,0
vdjdb_full_17274,YAKWKLCSA_HLA-B*08:01,tcr2861,1
vdjdb_full_17274_ss_2_n0,YAKWKLCSA_HLA-B*08:01,tcr10343,0
vdjdb_full_17275,YAKWKLCSA_HLA-B*08:01,tcr6552,1
vdjdb_full_17275_ss_2_n0,YAKWKLCSA_HLA-B*08:01,tcr11054,0
vdjdb_full_17276,YAKWKLCSA_HLA-B*08:01,tcr15126,1
vdjdb_full_17276_ss_2_n0,YAKWKLCSA_HLA-B*08:01,tcr15656,0
vdjdb_full_17277,YAKWKLCSA_HLA-B*08:01,tcr14072,1
vdjdb_full_17277_ss_2_n0,YAKWKLCSA_HLA-B*08:01,tcr7699,0
vdjdb_full_17278,YAKWKLCSA_HLA-B*08:01,tcr14295,1
vdjdb_full_17278_ss_2_n0,YAKWKLCSA_HLA-B*08:01,tcr2979,0
vdjdb_full_13364,LPRWYFYYL_HLA-B*07:02,tcr413,1
vdjdb_full_13364_ss_2_n0,LPRWYFYYL_HLA-B*07:02,tcr1294,0
vdjdb_full_13365,LPRWYFYYL_HLA-B*07:02,tcr7553,1
vdjdb_full_13365_ss_2_n0,LPRWYFYYL_HLA-B*07:02,tcr16935,0
vdjdb_full_13366,LPRWYFYYL_HLA-B*07:02,tcr11855,1
vdjdb_full_13366_ss_2_n0,LPRWYFYYL_HLA-B*07:02,tcr12710,0
vdjdb_full_13367,LPRWYFYYL_HLA-B*07:02,tcr6785,1
vdjdb_full_13367_ss_2_n0,LPRWYFYYL_HLA-B*07:02,tcr14186,0
vdjdb_full_13368,LPRWYFYYL_HLA-B*07:02,tcr17145,1
vdjdb_full_13368_ss_2_n0,LPRWYFYYL_HLA-B*07:02,tcr15312,0
vdjdb_full_13369,LPRWYFYYL_HLA-B*07:02,tcr12480,1
vdjdb_full_13369_ss_2_n0,LPRWYFYYL_HLA-B*07:02,tcr16637,0
vdjdb_full_13370,LPRWYFYYL_HLA-B*07:02,tcr14329,1
vdjdb_full_13370_ss_2_n0,LPRWYFYYL_HLA-B*07:02,tcr10712,0
vdjdb_full_13371,LPRWYFYYL_HLA-B*07:02,tcr3686,1
vdjdb_full_13371_ss_2_n0,LPRWYFYYL_HLA-B*07:02,tcr6852,0
vdjdb_full_13372,LPRWYFYYL_HLA-B*07:02,tcr9796,1
vdjdb_full_13372_ss_2_n0,LPRWYFYYL_HLA-B*07:02,tcr16205,0
vdjdb_full_13373,LPRWYFYYL_HLA-B*07:02,tcr7335,1
vdjdb_full_13373_ss_2_n0,LPRWYFYYL_HLA-B*07:02,tcr11147,0
vdjdb_full_13374,LPRWYFYYL_HLA-B*07:02,tcr12749,1
vdjdb_full_13374_ss_2_n0,LPRWYFYYL_HLA-B*07:02,tcr14095,0
vdjdb_full_13375,LPRWYFYYL_HLA-B*07:02,tcr6352,1
vdjdb_full_13375_ss_2_n0,LPRWYFYYL_HLA-B*07:02,tcr15666,0
vdjdb_full_13376,LPRWYFYYL_HLA-B*07:02,tcr3353,1
vdjdb_full_13376_ss_2_n0,LPRWYFYYL_HLA-B*07:02,tcr17270,0
vdjdb_full_13377,LPRWYFYYL_HLA-B*07:02,tcr15991,1
vdjdb_full_13377_ss_2_n0,LPRWYFYYL_HLA-B*07:02,tcr5827,0
vdjdb_full_13378,LPRWYFYYL_HLA-B*07:02,tcr7838,1
vdjdb_full_13378_ss_2_n0,LPRWYFYYL_HLA-B*07:02,tcr3188,0
vdjdb_full_13379,LPRWYFYYL_HLA-B*07:02,tcr7059,1
vdjdb_full_13379_ss_2_n0,LPRWYFYYL_HLA-B*07:02,tcr2550,0
vdjdb_full_13380,LPRWYFYYL_HLA-B*07:02,tcr5081,1
vdjdb_full_13380_ss_2_n0,LPRWYFYYL_HLA-B*07:02,tcr9560,0
vdjdb_full_13381,LPRWYFYYL_HLA-B*07:02,tcr5553,1
vdjdb_full_13381_ss_2_n0,LPRWYFYYL_HLA-B*07:02,tcr8003,0
vdjdb_full_13382,LPRWYFYYL_HLA-B*07:02,tcr5031,1
vdjdb_full_13382_ss_2_n0,LPRWYFYYL_HLA-B*07:02,tcr17369,0
vdjdb_full_13383,LPRWYFYYL_HLA-B*07:02,tcr7194,1
vdjdb_full_13383_ss_2_n0,LPRWYFYYL_HLA-B*07:02,tcr1706,0
vdjdb_full_13384,LPRWYFYYL_HLA-B*07:02,tcr10317,1
vdjdb_full_13384_ss_2_n0,LPRWYFYYL_HLA-B*07:02,tcr12036,0
vdjdb_full_13385,LPRWYFYYL_HLA-B*07:02,tcr10119,1
vdjdb_full_13385_ss_2_n0,LPRWYFYYL_HLA-B*07:02,tcr11422,0
vdjdb_full_16687,VAANIVLTV_HLA-A*02:01,tcr16177,1
vdjdb_full_16687_ss_2_n0,VAANIVLTV_HLA-A*02:01,tcr6315,0
vdjdb_full_16688,VAANIVLTV_HLA-A*02:01,tcr16949,1
vdjdb_full_16688_ss_2_n0,VAANIVLTV_HLA-A*02:01,tcr16531,0
vdjdb_full_16689,VAANIVLTV_HLA-A*02:01,tcr18401,1
vdjdb_full_16689_ss_2_n0,VAANIVLTV_HLA-A*02:01,tcr6804,0
vdjdb_full_16690,VAANIVLTV_HLA-A*02:01,tcr4679,1
vdjdb_full_16690_ss_2_n0,VAANIVLTV_HLA-A*02:01,tcr14997,0
vdjdb_full_16692,VAANIVLTV_HLA-A*02:01,tcr5094,1
vdjdb_full_16692_ss_2_n0,VAANIVLTV_HLA-A*02:01,tcr499,0
vdjdb_full_16693,VAANIVLTV_HLA-A*02:01,tcr9933,1
vdjdb_full_16693_ss_2_n0,VAANIVLTV_HLA-A*02:01,tcr11988,0
vdjdb_full_16694,VAANIVLTV_HLA-A*02:01,tcr13392,1
vdjdb_full_16694_ss_2_n0,VAANIVLTV_HLA-A*02:01,tcr5800,0
vdjdb_full_16695,VAANIVLTV_HLA-A*02:01,tcr9637,1
vdjdb_full_16695_ss_2_n0,VAANIVLTV_HLA-A*02:01,tcr12037,0
vdjdb_full_16696,VAANIVLTV_HLA-A*02:01,tcr5776,1
vdjdb_full_16696_ss_2_n0,VAANIVLTV_HLA-A*02:01,tcr7277,0
vdjdb_full_16697,VAANIVLTV_HLA-A*02:01,tcr9152,1
vdjdb_full_16697_ss_2_n0,VAANIVLTV_HLA-A*02:01,tcr7926,0
vdjdb_full_16698,VAANIVLTV_HLA-A*02:01,tcr18340,1
vdjdb_full_16698_ss_2_n0,VAANIVLTV_HLA-A*02:01,tcr2081,0
vdjdb_full_16699,VAANIVLTV_HLA-A*02:01,tcr13464,1
vdjdb_full_16699_ss_2_n0,VAANIVLTV_HLA-A*02:01,tcr10855,0
vdjdb_full_16700,VAANIVLTV_HLA-A*02:01,tcr3156,1
vdjdb_full_16700_ss_2_n0,VAANIVLTV_HLA-A*02:01,tcr12645,0
vdjdb_full_16701,VAANIVLTV_HLA-A*02:01,tcr16866,1
vdjdb_full_16701_ss_2_n0,VAANIVLTV_HLA-A*02:01,tcr14814,0
vdjdb_full_16702,VAANIVLTV_HLA-A*02:01,tcr7381,1
vdjdb_full_16702_ss_2_n0,VAANIVLTV_HLA-A*02:01,tcr13362,0
vdjdb_full_16703,VAANIVLTV_HLA-A*02:01,tcr13289,1
vdjdb_full_16703_ss_2_n0,VAANIVLTV_HLA-A*02:01,tcr3020,0
vdjdb_full_16704,VAANIVLTV_HLA-A*02:01,tcr6824,1
vdjdb_full_16704_ss_2_n0,VAANIVLTV_HLA-A*02:01,tcr17805,0
vdjdb_full_16705,VAANIVLTV_HLA-A*02:01,tcr17592,1
vdjdb_full_16705_ss_2_n0,VAANIVLTV_HLA-A*02:01,tcr9888,0
vdjdb_full_16706,VAANIVLTV_HLA-A*02:01,tcr370,1
vdjdb_full_16706_ss_2_n0,VAANIVLTV_HLA-A*02:01,tcr9359,0
vdjdb_full_16707,VAANIVLTV_HLA-A*02:01,tcr1633,1
vdjdb_full_16707_ss_2_n0,VAANIVLTV_HLA-A*02:01,tcr3475,0
vdjdb_full_16708,VAANIVLTV_HLA-A*02:01,tcr17186,1
vdjdb_full_16708_ss_2_n0,VAANIVLTV_HLA-A*02:01,tcr15474,0
vdjdb_full_16709,VAANIVLTV_HLA-A*02:01,tcr6827,1
vdjdb_full_16709_ss_2_n0,VAANIVLTV_HLA-A*02:01,tcr8646,0
vdjdb_full_17174,ALSKGVHFV_HLA-A*02:01,tcr15908,1
vdjdb_full_17174_ss_2_n0,ALSKGVHFV_HLA-A*02:01,tcr16890,0
vdjdb_full_17175,ALSKGVHFV_HLA-A*02:01,tcr17852,1
vdjdb_full_17175_ss_2_n0,ALSKGVHFV_HLA-A*02:01,tcr5186,0
vdjdb_full_17176,ALSKGVHFV_HLA-A*02:01,tcr7663,1
vdjdb_full_17176_ss_2_n0,ALSKGVHFV_HLA-A*02:01,tcr10650,0
vdjdb_full_17177,ALSKGVHFV_HLA-A*02:01,tcr10311,1
vdjdb_full_17177_ss_2_n0,ALSKGVHFV_HLA-A*02:01,tcr3152,0
vdjdb_full_17178,ALSKGVHFV_HLA-A*02:01,tcr4768,1
vdjdb_full_17178_ss_2_n0,ALSKGVHFV_HLA-A*02:01,tcr2295,0
vdjdb_full_17180,ALSKGVHFV_HLA-A*02:01,tcr16378,1
vdjdb_full_17180_ss_2_n0,ALSKGVHFV_HLA-A*02:01,tcr16929,0
vdjdb_full_17181,ALSKGVHFV_HLA-A*02:01,tcr8002,1
vdjdb_full_17181_ss_2_n0,ALSKGVHFV_HLA-A*02:01,tcr13868,0
vdjdb_full_17182,ALSKGVHFV_HLA-A*02:01,tcr13158,1
vdjdb_full_17182_ss_2_n0,ALSKGVHFV_HLA-A*02:01,tcr6087,0
vdjdb_full_17184,ALSKGVHFV_HLA-A*02:01,tcr4506,1
vdjdb_full_17184_ss_2_n0,ALSKGVHFV_HLA-A*02:01,tcr6085,0
vdjdb_full_17185,ALSKGVHFV_HLA-A*02:01,tcr14975,1
vdjdb_full_17185_ss_2_n0,ALSKGVHFV_HLA-A*02:01,tcr11424,0
vdjdb_full_17186,ALSKGVHFV_HLA-A*02:01,tcr10134,1
vdjdb_full_17186_ss_2_n0,ALSKGVHFV_HLA-A*02:01,tcr1987,0
vdjdb_full_17187,ALSKGVHFV_HLA-A*02:01,tcr5780,1
vdjdb_full_17187_ss_2_n0,ALSKGVHFV_HLA-A*02:01,tcr13563,0
vdjdb_full_17188,ALSKGVHFV_HLA-A*02:01,tcr16946,1
vdjdb_full_17188_ss_2_n0,ALSKGVHFV_HLA-A*02:01,tcr15839,0
vdjdb_full_17189,ALSKGVHFV_HLA-A*02:01,tcr213,1
vdjdb_full_17189_ss_2_n0,ALSKGVHFV_HLA-A*02:01,tcr14632,0
vdjdb_full_17190,ALSKGVHFV_HLA-A*02:01,tcr7261,1
vdjdb_full_17190_ss_2_n0,ALSKGVHFV_HLA-A*02:01,tcr7937,0
vdjdb_full_17191,ALSKGVHFV_HLA-A*02:01,tcr14276,1
vdjdb_full_17191_ss_2_n0,ALSKGVHFV_HLA-A*02:01,tcr10105,0
vdjdb_full_17192,ALSKGVHFV_HLA-A*02:01,tcr9596,1
vdjdb_full_17192_ss_2_n0,ALSKGVHFV_HLA-A*02:01,tcr15065,0
vdjdb_full_17193,ALSKGVHFV_HLA-A*02:01,tcr9521,1
vdjdb_full_17193_ss_2_n0,ALSKGVHFV_HLA-A*02:01,tcr13518,0
vdjdb_full_17194,ALSKGVHFV_HLA-A*02:01,tcr9895,1
vdjdb_full_17194_ss_2_n0,ALSKGVHFV_HLA-A*02:01,tcr17963,0
vdjdb_full_17195,ALSKGVHFV_HLA-A*02:01,tcr1707,1
vdjdb_full_17195_ss_2_n0,ALSKGVHFV_HLA-A*02:01,tcr5904,0
vdjdb_full_17196,ALSKGVHFV_HLA-A*02:01,tcr14303,1
vdjdb_full_17196_ss_2_n0,ALSKGVHFV_HLA-A*02:01,tcr4547,0
vdjdb_full_17197,ALSKGVHFV_HLA-A*02:01,tcr15312,1
vdjdb_full_17197_ss_2_n0,ALSKGVHFV_HLA-A*02:01,tcr10493,0
vdjdb_full_17281,KLSALGINAV_HLA-A*02:01,tcr15626,1
vdjdb_full_17281_ss_2_n0,KLSALGINAV_HLA-A*02:01,tcr8751,0
vdjdb_full_17282,KLSALGINAV_HLA-A*02:01,tcr17315,1
vdjdb_full_17282_ss_2_n0,KLSALGINAV_HLA-A*02:01,tcr5374,0
vdjdb_full_17283,KLSALGINAV_HLA-A*02:01,tcr11067,1
vdjdb_full_17283_ss_2_n0,KLSALGINAV_HLA-A*02:01,tcr512,0
vdjdb_full_17284,KLSALGINAV_HLA-A*02:01,tcr14622,1
vdjdb_full_17284_ss_2_n0,KLSALGINAV_HLA-A*02:01,tcr17316,0
vdjdb_full_17285,KLSALGINAV_HLA-A*02:01,tcr6791,1
vdjdb_full_17285_ss_2_n0,KLSALGINAV_HLA-A*02:01,tcr8324,0
vdjdb_full_17286,KLSALGINAV_HLA-A*02:01,tcr4312,1
vdjdb_full_17286_ss_2_n0,KLSALGINAV_HLA-A*02:01,tcr15199,0
vdjdb_full_17287,KLSALGINAV_HLA-A*02:01,tcr4485,1
vdjdb_full_17287_ss_2_n0,KLSALGINAV_HLA-A*02:01,tcr14330,0
vdjdb_full_17288,KLSALGINAV_HLA-A*02:01,tcr6292,1
vdjdb_full_17288_ss_2_n0,KLSALGINAV_HLA-A*02:01,tcr11742,0
vdjdb_full_17289,KLSALGINAV_HLA-A*02:01,tcr2230,1
vdjdb_full_17289_ss_2_n0,KLSALGINAV_HLA-A*02:01,tcr9651,0
vdjdb_full_17290,KLSALGINAV_HLA-A*02:01,tcr13629,1
vdjdb_full_17290_ss_2_n0,KLSALGINAV_HLA-A*02:01,tcr3960,0
vdjdb_full_17291,KLSALGINAV_HLA-A*02:01,tcr527,1
vdjdb_full_17291_ss_2_n0,KLSALGINAV_HLA-A*02:01,tcr18251,0
vdjdb_full_17292,KLSALGINAV_HLA-A*02:01,tcr11029,1
vdjdb_full_17292_ss_2_n0,KLSALGINAV_HLA-A*02:01,tcr3081,0
vdjdb_full_17293,KLSALGINAV_HLA-A*02:01,tcr10631,1
vdjdb_full_17293_ss_2_n0,KLSALGINAV_HLA-A*02:01,tcr18381,0
vdjdb_full_17294,KLSALGINAV_HLA-A*02:01,tcr9833,1
vdjdb_full_17294_ss_2_n0,KLSALGINAV_HLA-A*02:01,tcr8002,0
vdjdb_full_17295,KLSALGINAV_HLA-A*02:01,tcr11491,1
vdjdb_full_17295_ss_2_n0,KLSALGINAV_HLA-A*02:01,tcr16268,0
vdjdb_full_17296,KLSALGINAV_HLA-A*02:01,tcr13205,1
vdjdb_full_17296_ss_2_n0,KLSALGINAV_HLA-A*02:01,tcr14118,0
vdjdb_full_17297,KLSALGINAV_HLA-A*02:01,tcr14572,1
vdjdb_full_17297_ss_2_n0,KLSALGINAV_HLA-A*02:01,tcr15559,0
vdjdb_full_17298,KLSALGINAV_HLA-A*02:01,tcr8032,1
vdjdb_full_17298_ss_2_n0,KLSALGINAV_HLA-A*02:01,tcr17397,0
vdjdb_full_17299,KLSALGINAV_HLA-A*02:01,tcr12925,1
vdjdb_full_17299_ss_2_n0,KLSALGINAV_HLA-A*02:01,tcr2081,0
vdjdb_full_17300,KLSALGINAV_HLA-A*02:01,tcr15169,1
vdjdb_full_17300_ss_2_n0,KLSALGINAV_HLA-A*02:01,tcr2953,0
vdjdb_full_17301,KLSALGINAV_HLA-A*02:01,tcr9190,1
vdjdb_full_17301_ss_2_n0,KLSALGINAV_HLA-A*02:01,tcr7464,0
vdjdb_full_17302,KLSALGINAV_HLA-A*02:01,tcr1147,1
vdjdb_full_17302_ss_2_n0,KLSALGINAV_HLA-A*02:01,tcr4667,0
vdjdb_full_17923,YSEHPTFTSQY_HLA-A*01:01,tcr14444,1
vdjdb_full_17923_ss_2_n0,YSEHPTFTSQY_HLA-A*01:01,tcr4320,0
vdjdb_full_17924,YSEHPTFTSQY_HLA-A*01:01,tcr6683,1
vdjdb_full_17924_ss_2_n0,YSEHPTFTSQY_HLA-A*01:01,tcr5488,0
vdjdb_full_17925,YSEHPTFTSQY_HLA-A*01:01,tcr7596,1
vdjdb_full_17925_ss_2_n0,YSEHPTFTSQY_HLA-A*01:01,tcr13635,0
vdjdb_full_17926,YSEHPTFTSQY_HLA-A*01:01,tcr15502,1
vdjdb_full_17926_ss_2_n0,YSEHPTFTSQY_HLA-A*01:01,tcr8501,0
vdjdb_full_17927,YSEHPTFTSQY_HLA-A*01:01,tcr8066,1
vdjdb_full_17927_ss_2_n0,YSEHPTFTSQY_HLA-A*01:01,tcr10011,0
vdjdb_full_17928,YSEHPTFTSQY_HLA-A*01:01,tcr2447,1
vdjdb_full_17928_ss_2_n0,YSEHPTFTSQY_HLA-A*01:01,tcr9140,0
vdjdb_full_17929,YSEHPTFTSQY_HLA-A*01:01,tcr6727,1
vdjdb_full_17929_ss_2_n0,YSEHPTFTSQY_HLA-A*01:01,tcr8650,0
vdjdb_full_17930,YSEHPTFTSQY_HLA-A*01:01,tcr6231,1
vdjdb_full_17930_ss_2_n0,YSEHPTFTSQY_HLA-A*01:01,tcr14081,0
vdjdb_full_17931,YSEHPTFTSQY_HLA-A*01:01,tcr7515,1
vdjdb_full_17931_ss_2_n0,YSEHPTFTSQY_HLA-A*01:01,tcr16531,0
vdjdb_full_17932,YSEHPTFTSQY_HLA-A*01:01,tcr310,1
vdjdb_full_17932_ss_2_n0,YSEHPTFTSQY_HLA-A*01:01,tcr15165,0
vdjdb_full_17933,YSEHPTFTSQY_HLA-A*01:01,tcr17516,1
vdjdb_full_17933_ss_2_n0,YSEHPTFTSQY_HLA-A*01:01,tcr8342,0
vdjdb_full_17934,YSEHPTFTSQY_HLA-A*01:01,tcr10641,1
vdjdb_full_17934_ss_2_n0,YSEHPTFTSQY_HLA-A*01:01,tcr2063,0
vdjdb_full_17935,YSEHPTFTSQY_HLA-A*01:01,tcr2049,1
vdjdb_full_17935_ss_2_n0,YSEHPTFTSQY_HLA-A*01:01,tcr3189,0
vdjdb_full_17936,YSEHPTFTSQY_HLA-A*01:01,tcr15296,1
vdjdb_full_17936_ss_2_n0,YSEHPTFTSQY_HLA-A*01:01,tcr9087,0
vdjdb_full_17937,YSEHPTFTSQY_HLA-A*01:01,tcr13711,1
vdjdb_full_17937_ss_2_n0,YSEHPTFTSQY_HLA-A*01:01,tcr17506,0
vdjdb_full_17938,YSEHPTFTSQY_HLA-A*01:01,tcr1322,1
vdjdb_full_17938_ss_2_n0,YSEHPTFTSQY_HLA-A*01:01,tcr6146,0
vdjdb_full_17939,YSEHPTFTSQY_HLA-A*01:01,tcr16586,1
vdjdb_full_17939_ss_2_n0,YSEHPTFTSQY_HLA-A*01:01,tcr5688,0
vdjdb_full_17940,YSEHPTFTSQY_HLA-A*01:01,tcr16493,1
vdjdb_full_17940_ss_2_n0,YSEHPTFTSQY_HLA-A*01:01,tcr16763,0
vdjdb_full_17941,YSEHPTFTSQY_HLA-A*01:01,tcr14186,1
vdjdb_full_17941_ss_2_n0,YSEHPTFTSQY_HLA-A*01:01,tcr13106,0
vdjdb_full_17942,YSEHPTFTSQY_HLA-A*01:01,tcr10804,1
vdjdb_full_17942_ss_2_n0,YSEHPTFTSQY_HLA-A*01:01,tcr7253,0
vdjdb_full_17943,YSEHPTFTSQY_HLA-A*01:01,tcr3544,1
vdjdb_full_17943_ss_2_n0,YSEHPTFTSQY_HLA-A*01:01,tcr9444,0
vdjdb_full_17944,YSEHPTFTSQY_HLA-A*01:01,tcr11834,1
vdjdb_full_17944_ss_2_n0,YSEHPTFTSQY_HLA-A*01:01,tcr3844,0
vdjdb_full_17391,RGPGRAFVTI_HLA-A*02:01,tcr5733,1
vdjdb_full_17391_ss_2_n0,RGPGRAFVTI_HLA-A*02:01,tcr10595,0
vdjdb_full_17392,RGPGRAFVTI_HLA-A*02:01,tcr7856,1
vdjdb_full_17392_ss_2_n0,RGPGRAFVTI_HLA-A*02:01,tcr17506,0
vdjdb_full_17393,RGPGRAFVTI_HLA-A*02:01,tcr13559,1
vdjdb_full_17393_ss_2_n0,RGPGRAFVTI_HLA-A*02:01,tcr11864,0
vdjdb_full_17394,RGPGRAFVTI_HLA-A*02:01,tcr9141,1
vdjdb_full_17394_ss_2_n0,RGPGRAFVTI_HLA-A*02:01,tcr8706,0
vdjdb_full_17395,RGPGRAFVTI_HLA-A*02:01,tcr5764,1
vdjdb_full_17395_ss_2_n0,RGPGRAFVTI_HLA-A*02:01,tcr4909,0
vdjdb_full_17396,RGPGRAFVTI_HLA-A*02:01,tcr14466,1
vdjdb_full_17396_ss_2_n0,RGPGRAFVTI_HLA-A*02:01,tcr12097,0
vdjdb_full_17397,RGPGRAFVTI_HLA-A*02:01,tcr17844,1
vdjdb_full_17397_ss_2_n0,RGPGRAFVTI_HLA-A*02:01,tcr12157,0
vdjdb_full_17398,RGPGRAFVTI_HLA-A*02:01,tcr496,1
vdjdb_full_17398_ss_2_n0,RGPGRAFVTI_HLA-A*02:01,tcr15847,0
vdjdb_full_17399,RGPGRAFVTI_HLA-A*02:01,tcr15618,1
vdjdb_full_17399_ss_2_n0,RGPGRAFVTI_HLA-A*02:01,tcr16929,0
vdjdb_full_17401,RGPGRAFVTI_HLA-A*02:01,tcr17583,1
vdjdb_full_17401_ss_2_n0,RGPGRAFVTI_HLA-A*02:01,tcr29,0
vdjdb_full_17402,RGPGRAFVTI_HLA-A*02:01,tcr13905,1
vdjdb_full_17402_ss_2_n0,RGPGRAFVTI_HLA-A*02:01,tcr7532,0
vdjdb_full_17403,RGPGRAFVTI_HLA-A*02:01,tcr5270,1
vdjdb_full_17403_ss_2_n0,RGPGRAFVTI_HLA-A*02:01,tcr1480,0
vdjdb_full_17404,RGPGRAFVTI_HLA-A*02:01,tcr4176,1
vdjdb_full_17404_ss_2_n0,RGPGRAFVTI_HLA-A*02:01,tcr15699,0
vdjdb_full_17406,RGPGRAFVTI_HLA-A*02:01,tcr10676,1
vdjdb_full_17406_ss_2_n0,RGPGRAFVTI_HLA-A*02:01,tcr10689,0
vdjdb_full_17407,RGPGRAFVTI_HLA-A*02:01,tcr8003,1
vdjdb_full_17407_ss_2_n0,RGPGRAFVTI_HLA-A*02:01,tcr4224,0
vdjdb_full_17408,RGPGRAFVTI_HLA-A*02:01,tcr5048,1
vdjdb_full_17408_ss_2_n0,RGPGRAFVTI_HLA-A*02:01,tcr12577,0
vdjdb_full_17409,RGPGRAFVTI_HLA-A*02:01,tcr15451,1
vdjdb_full_17409_ss_2_n0,RGPGRAFVTI_HLA-A*02:01,tcr11415,0
vdjdb_full_17411,RGPGRAFVTI_HLA-A*02:01,tcr13774,1
vdjdb_full_17411_ss_2_n0,RGPGRAFVTI_HLA-A*02:01,tcr11952,0
vdjdb_full_17413,RGPGRAFVTI_HLA-A*02:01,tcr14448,1
vdjdb_full_17413_ss_2_n0,RGPGRAFVTI_HLA-A*02:01,tcr5415,0
vdjdb_full_17414,RGPGRAFVTI_HLA-A*02:01,tcr3837,1
vdjdb_full_17414_ss_2_n0,RGPGRAFVTI_HLA-A*02:01,tcr3353,0
vdjdb_full_17417,RGPGRAFVTI_HLA-A*02:01,tcr7203,1
vdjdb_full_17417_ss_2_n0,RGPGRAFVTI_HLA-A*02:01,tcr9781,0
vdjdb_full_16393,EAAGIGILTV_HLA-A*02:01,tcr2601,1
vdjdb_full_16393_ss_2_n0,EAAGIGILTV_HLA-A*02:01,tcr10159,0
vdjdb_full_16394,EAAGIGILTV_HLA-A*02:01,tcr11415,1
vdjdb_full_16394_ss_2_n0,EAAGIGILTV_HLA-A*02:01,tcr10494,0
vdjdb_full_16395,EAAGIGILTV_HLA-A*02:01,tcr13514,1
vdjdb_full_16395_ss_2_n0,EAAGIGILTV_HLA-A*02:01,tcr10743,0
vdjdb_full_16396,EAAGIGILTV_HLA-A*02:01,tcr5771,1
vdjdb_full_16396_ss_2_n0,EAAGIGILTV_HLA-A*02:01,tcr6676,0
vdjdb_full_16397,EAAGIGILTV_HLA-A*02:01,tcr5424,1
vdjdb_full_16397_ss_2_n0,EAAGIGILTV_HLA-A*02:01,tcr2762,0
vdjdb_full_16398,EAAGIGILTV_HLA-A*02:01,tcr7208,1
vdjdb_full_16398_ss_2_n0,EAAGIGILTV_HLA-A*02:01,tcr7865,0
vdjdb_full_16399,EAAGIGILTV_HLA-A*02:01,tcr16562,1
vdjdb_full_16399_ss_2_n0,EAAGIGILTV_HLA-A*02:01,tcr811,0
vdjdb_full_16400,EAAGIGILTV_HLA-A*02:01,tcr949,1
vdjdb_full_16400_ss_2_n0,EAAGIGILTV_HLA-A*02:01,tcr1663,0
vdjdb_full_16401,EAAGIGILTV_HLA-A*02:01,tcr824,1
vdjdb_full_16401_ss_2_n0,EAAGIGILTV_HLA-A*02:01,tcr2922,0
vdjdb_full_16402,EAAGIGILTV_HLA-A*02:01,tcr18394,1
vdjdb_full_16402_ss_2_n0,EAAGIGILTV_HLA-A*02:01,tcr9043,0
vdjdb_full_16403,EAAGIGILTV_HLA-A*02:01,tcr4979,1
vdjdb_full_16403_ss_2_n0,EAAGIGILTV_HLA-A*02:01,tcr3582,0
vdjdb_full_16404,EAAGIGILTV_HLA-A*02:01,tcr982,1
vdjdb_full_16404_ss_2_n0,EAAGIGILTV_HLA-A*02:01,tcr18121,0
vdjdb_full_16405,EAAGIGILTV_HLA-A*02:01,tcr3441,1
vdjdb_full_16405_ss_2_n0,EAAGIGILTV_HLA-A*02:01,tcr5437,0
vdjdb_full_16406,EAAGIGILTV_HLA-A*02:01,tcr18301,1
vdjdb_full_16406_ss_2_n0,EAAGIGILTV_HLA-A*02:01,tcr5148,0
vdjdb_full_16407,EAAGIGILTV_HLA-A*02:01,tcr6456,1
vdjdb_full_16407_ss_2_n0,EAAGIGILTV_HLA-A*02:01,tcr6785,0
vdjdb_full_16408,EAAGIGILTV_HLA-A*02:01,tcr6924,1
vdjdb_full_16408_ss_2_n0,EAAGIGILTV_HLA-A*02:01,tcr7092,0
vdjdb_full_16409,EAAGIGILTV_HLA-A*02:01,tcr16158,1
vdjdb_full_16409_ss_2_n0,EAAGIGILTV_HLA-A*02:01,tcr11567,0
vdjdb_full_16410,EAAGIGILTV_HLA-A*02:01,tcr612,1
vdjdb_full_16410_ss_2_n0,EAAGIGILTV_HLA-A*02:01,tcr18325,0
vdjdb_full_16411,EAAGIGILTV_HLA-A*02:01,tcr677,1
vdjdb_full_16411_ss_2_n0,EAAGIGILTV_HLA-A*02:01,tcr8168,0
vdjdb_full_16412,EAAGIGILTV_HLA-A*02:01,tcr15677,1
vdjdb_full_16412_ss_2_n0,EAAGIGILTV_HLA-A*02:01,tcr1993,0
vdjdb_full_16538,RLGPVQNEV_HLA-A*02:01,tcr3513,1
vdjdb_full_16538_ss_2_n0,RLGPVQNEV_HLA-A*02:01,tcr16788,0
vdjdb_full_16539,RLGPVQNEV_HLA-A*02:01,tcr197,1
vdjdb_full_16539_ss_2_n0,RLGPVQNEV_HLA-A*02:01,tcr17628,0
vdjdb_full_16540,RLGPVQNEV_HLA-A*02:01,tcr1032,1
vdjdb_full_16540_ss_2_n0,RLGPVQNEV_HLA-A*02:01,tcr4457,0
vdjdb_full_16541,RLGPVQNEV_HLA-A*02:01,tcr18325,1
vdjdb_full_16541_ss_2_n0,RLGPVQNEV_HLA-A*02:01,tcr14400,0
vdjdb_full_16542,RLGPVQNEV_HLA-A*02:01,tcr3955,1
vdjdb_full_16542_ss_2_n0,RLGPVQNEV_HLA-A*02:01,tcr17925,0
vdjdb_full_16543,RLGPVQNEV_HLA-A*02:01,tcr500,1
vdjdb_full_16543_ss_2_n0,RLGPVQNEV_HLA-A*02:01,tcr14142,0
vdjdb_full_16544,RLGPVQNEV_HLA-A*02:01,tcr5483,1
vdjdb_full_16544_ss_2_n0,RLGPVQNEV_HLA-A*02:01,tcr11629,0
vdjdb_full_16545,RLGPVQNEV_HLA-A*02:01,tcr17967,1
vdjdb_full_16545_ss_2_n0,RLGPVQNEV_HLA-A*02:01,tcr12224,0
vdjdb_full_16546,RLGPVQNEV_HLA-A*02:01,tcr4211,1
vdjdb_full_16546_ss_2_n0,RLGPVQNEV_HLA-A*02:01,tcr7996,0
vdjdb_full_16547,RLGPVQNEV_HLA-A*02:01,tcr12334,1
vdjdb_full_16547_ss_2_n0,RLGPVQNEV_HLA-A*02:01,tcr9580,0
vdjdb_full_16548,RLGPVQNEV_HLA-A*02:01,tcr17831,1
vdjdb_full_16548_ss_2_n0,RLGPVQNEV_HLA-A*02:01,tcr11041,0
vdjdb_full_16549,RLGPVQNEV_HLA-A*02:01,tcr436,1
vdjdb_full_16549_ss_2_n0,RLGPVQNEV_HLA-A*02:01,tcr5847,0
vdjdb_full_16550,RLGPVQNEV_HLA-A*02:01,tcr13087,1
vdjdb_full_16550_ss_2_n0,RLGPVQNEV_HLA-A*02:01,tcr6629,0
vdjdb_full_16552,RLGPVQNEV_HLA-A*02:01,tcr15204,1
vdjdb_full_16552_ss_2_n0,RLGPVQNEV_HLA-A*02:01,tcr5342,0
vdjdb_full_16553,RLGPVQNEV_HLA-A*02:01,tcr15030,1
vdjdb_full_16553_ss_2_n0,RLGPVQNEV_HLA-A*02:01,tcr12880,0
vdjdb_full_16554,RLGPVQNEV_HLA-A*02:01,tcr2849,1
vdjdb_full_16554_ss_2_n0,RLGPVQNEV_HLA-A*02:01,tcr1423,0
vdjdb_full_16555,RLGPVQNEV_HLA-A*02:01,tcr12810,1
vdjdb_full_16555_ss_2_n0,RLGPVQNEV_HLA-A*02:01,tcr5219,0
vdjdb_full_16556,RLGPVQNEV_HLA-A*02:01,tcr12579,1
vdjdb_full_16556_ss_2_n0,RLGPVQNEV_HLA-A*02:01,tcr4047,0
vdjdb_full_16557,RLGPVQNEV_HLA-A*02:01,tcr6015,1
vdjdb_full_16557_ss_2_n0,RLGPVQNEV_HLA-A*02:01,tcr13395,0
vdjdb_full_16558,RLGPVQNEV_HLA-A*02:01,tcr11905,1
vdjdb_full_16558_ss_2_n0,RLGPVQNEV_HLA-A*02:01,tcr12320,0
vdjdb_full_17450,LTSLTILQLY_HLA-A*01:01,tcr5187,1
vdjdb_full_17450_ss_2_n0,LTSLTILQLY_HLA-A*01:01,tcr14329,0
vdjdb_full_17451,LTSLTILQLY_HLA-A*01:01,tcr15227,1
vdjdb_full_17451_ss_2_n0,LTSLTILQLY_HLA-A*01:01,tcr13623,0
vdjdb_full_17452,LTSLTILQLY_HLA-A*01:01,tcr14332,1
vdjdb_full_17452_ss_2_n0,LTSLTILQLY_HLA-A*01:01,tcr8189,0
vdjdb_full_17453,LTSLTILQLY_HLA-A*01:01,tcr8149,1
vdjdb_full_17453_ss_2_n0,LTSLTILQLY_HLA-A*01:01,tcr11775,0
vdjdb_full_17454,LTSLTILQLY_HLA-A*01:01,tcr1730,1
vdjdb_full_17454_ss_2_n0,LTSLTILQLY_HLA-A*01:01,tcr5112,0
vdjdb_full_17455,LTSLTILQLY_HLA-A*01:01,tcr4109,1
vdjdb_full_17455_ss_2_n0,LTSLTILQLY_HLA-A*01:01,tcr1322,0
vdjdb_full_17456,LTSLTILQLY_HLA-A*01:01,tcr1909,1
vdjdb_full_17456_ss_2_n0,LTSLTILQLY_HLA-A*01:01,tcr3427,0
vdjdb_full_17457,LTSLTILQLY_HLA-A*01:01,tcr5079,1
vdjdb_full_17457_ss_2_n0,LTSLTILQLY_HLA-A*01:01,tcr12892,0
vdjdb_full_17458,LTSLTILQLY_HLA-A*01:01,tcr3680,1
vdjdb_full_17458_ss_2_n0,LTSLTILQLY_HLA-A*01:01,tcr7725,0
vdjdb_full_17459,LTSLTILQLY_HLA-A*01:01,tcr15084,1
vdjdb_full_17459_ss_2_n0,LTSLTILQLY_HLA-A*01:01,tcr3275,0
vdjdb_full_17461,LTSLTILQLY_HLA-A*01:01,tcr9565,1
vdjdb_full_17461_ss_2_n0,LTSLTILQLY_HLA-A*01:01,tcr12420,0
vdjdb_full_17462,LTSLTILQLY_HLA-A*01:01,tcr3342,1
vdjdb_full_17462_ss_2_n0,LTSLTILQLY_HLA-A*01:01,tcr16063,0
vdjdb_full_17463,LTSLTILQLY_HLA-A*01:01,tcr1443,1
vdjdb_full_17463_ss_2_n0,LTSLTILQLY_HLA-A*01:01,tcr17507,0
vdjdb_full_17464,LTSLTILQLY_HLA-A*01:01,tcr98,1
vdjdb_full_17464_ss_2_n0,LTSLTILQLY_HLA-A*01:01,tcr2869,0
vdjdb_full_17465,LTSLTILQLY_HLA-A*01:01,tcr5970,1
vdjdb_full_17465_ss_2_n0,LTSLTILQLY_HLA-A*01:01,tcr6264,0
vdjdb_full_17466,LTSLTILQLY_HLA-A*01:01,tcr12254,1
vdjdb_full_17466_ss_2_n0,LTSLTILQLY_HLA-A*01:01,tcr12621,0
vdjdb_full_17467,LTSLTILQLY_HLA-A*01:01,tcr165,1
vdjdb_full_17467_ss_2_n0,LTSLTILQLY_HLA-A*01:01,tcr10927,0
vdjdb_full_17468,LTSLTILQLY_HLA-A*01:01,tcr6762,1
vdjdb_full_17468_ss_2_n0,LTSLTILQLY_HLA-A*01:01,tcr6549,0
vdjdb_full_17469,LTSLTILQLY_HLA-A*01:01,tcr12415,1
vdjdb_full_17469_ss_2_n0,LTSLTILQLY_HLA-A*01:01,tcr874,0
vdjdb_full_17470,LTSLTILQLY_HLA-A*01:01,tcr13408,1
vdjdb_full_17470_ss_2_n0,LTSLTILQLY_HLA-A*01:01,tcr14081,0
vdjdb_full_10497,LLSLFSLWL_HLA-A*02:01,tcr13498,1
vdjdb_full_10497_ss_2_n0,LLSLFSLWL_HLA-A*02:01,tcr15730,0
vdjdb_full_10498,LLSLFSLWL_HLA-A*02:01,tcr13364,1
vdjdb_full_10498_ss_2_n0,LLSLFSLWL_HLA-A*02:01,tcr10251,0
vdjdb_full_10499,LLSLFSLWL_HLA-A*02:01,tcr906,1
vdjdb_full_10499_ss_2_n0,LLSLFSLWL_HLA-A*02:01,tcr14718,0
vdjdb_full_10500,LLSLFSLWL_HLA-A*02:01,tcr15524,1
vdjdb_full_10500_ss_2_n0,LLSLFSLWL_HLA-A*02:01,tcr8322,0
vdjdb_full_10501,LLSLFSLWL_HLA-A*02:01,tcr2249,1
vdjdb_full_10501_ss_2_n0,LLSLFSLWL_HLA-A*02:01,tcr9227,0
vdjdb_full_10502,LLSLFSLWL_HLA-A*02:01,tcr14316,1
vdjdb_full_10502_ss_2_n0,LLSLFSLWL_HLA-A*02:01,tcr13644,0
vdjdb_full_10503,LLSLFSLWL_HLA-A*02:01,tcr10872,1
vdjdb_full_10503_ss_2_n0,LLSLFSLWL_HLA-A*02:01,tcr17966,0
vdjdb_full_10504,LLSLFSLWL_HLA-A*02:01,tcr6988,1
vdjdb_full_10504_ss_2_n0,LLSLFSLWL_HLA-A*02:01,tcr11271,0
vdjdb_full_10505,LLSLFSLWL_HLA-A*02:01,tcr4385,1
vdjdb_full_10505_ss_2_n0,LLSLFSLWL_HLA-A*02:01,tcr15843,0
vdjdb_full_10506,LLSLFSLWL_HLA-A*02:01,tcr1473,1
vdjdb_full_10506_ss_2_n0,LLSLFSLWL_HLA-A*02:01,tcr13777,0
vdjdb_full_10507,LLSLFSLWL_HLA-A*02:01,tcr13474,1
vdjdb_full_10507_ss_2_n0,LLSLFSLWL_HLA-A*02:01,tcr17672,0
vdjdb_full_10508,LLSLFSLWL_HLA-A*02:01,tcr1362,1
vdjdb_full_10508_ss_2_n0,LLSLFSLWL_HLA-A*02:01,tcr4460,0
vdjdb_full_10509,LLSLFSLWL_HLA-A*02:01,tcr5688,1
vdjdb_full_10509_ss_2_n0,LLSLFSLWL_HLA-A*02:01,tcr15403,0
vdjdb_full_10510,LLSLFSLWL_HLA-A*02:01,tcr10121,1
vdjdb_full_10510_ss_2_n0,LLSLFSLWL_HLA-A*02:01,tcr14874,0
vdjdb_full_10511,LLSLFSLWL_HLA-A*02:01,tcr9651,1
vdjdb_full_10511_ss_2_n0,LLSLFSLWL_HLA-A*02:01,tcr3148,0
vdjdb_full_10512,LLSLFSLWL_HLA-A*02:01,tcr12646,1
vdjdb_full_10512_ss_2_n0,LLSLFSLWL_HLA-A*02:01,tcr15472,0
vdjdb_full_10513,LLSLFSLWL_HLA-A*02:01,tcr7965,1
vdjdb_full_10513_ss_2_n0,LLSLFSLWL_HLA-A*02:01,tcr17507,0
vdjdb_full_10514,LLSLFSLWL_HLA-A*02:01,tcr6022,1
vdjdb_full_10514_ss_2_n0,LLSLFSLWL_HLA-A*02:01,tcr7592,0
vdjdb_full_14787,LLFNILGGWV_HLA-A*02:01,tcr7516,1
vdjdb_full_14787_ss_2_n0,LLFNILGGWV_HLA-A*02:01,tcr18120,0
vdjdb_full_14788,LLFNILGGWV_HLA-A*02:01,tcr11945,1
vdjdb_full_14788_ss_2_n0,LLFNILGGWV_HLA-A*02:01,tcr2996,0
vdjdb_full_14789,LLFNILGGWV_HLA-A*02:01,tcr17909,1
vdjdb_full_14789_ss_2_n0,LLFNILGGWV_HLA-A*02:01,tcr18245,0
vdjdb_full_14790,LLFNILGGWV_HLA-A*02:01,tcr9140,1
vdjdb_full_14790_ss_2_n0,LLFNILGGWV_HLA-A*02:01,tcr3544,0
vdjdb_full_14791,LLFNILGGWV_HLA-A*02:01,tcr1815,1
vdjdb_full_14791_ss_2_n0,LLFNILGGWV_HLA-A*02:01,tcr10803,0
vdjdb_full_14792,LLFNILGGWV_HLA-A*02:01,tcr7738,1
vdjdb_full_14792_ss_2_n0,LLFNILGGWV_HLA-A*02:01,tcr2279,0
vdjdb_full_14793,LLFNILGGWV_HLA-A*02:01,tcr6087,1
vdjdb_full_14793_ss_2_n0,LLFNILGGWV_HLA-A*02:01,tcr3377,0
vdjdb_full_14794,LLFNILGGWV_HLA-A*02:01,tcr14900,1
vdjdb_full_14794_ss_2_n0,LLFNILGGWV_HLA-A*02:01,tcr4312,0
vdjdb_full_14795,LLFNILGGWV_HLA-A*02:01,tcr4135,1
vdjdb_full_14795_ss_2_n0,LLFNILGGWV_HLA-A*02:01,tcr4903,0
vdjdb_full_14796,LLFNILGGWV_HLA-A*02:01,tcr9580,1
vdjdb_full_14796_ss_2_n0,LLFNILGGWV_HLA-A*02:01,tcr6651,0
vdjdb_full_14797,LLFNILGGWV_HLA-A*02:01,tcr1240,1
vdjdb_full_14797_ss_2_n0,LLFNILGGWV_HLA-A*02:01,tcr5718,0
vdjdb_full_14798,LLFNILGGWV_HLA-A*02:01,tcr15341,1
vdjdb_full_14798_ss_2_n0,LLFNILGGWV_HLA-A*02:01,tcr12314,0
vdjdb_full_14799,LLFNILGGWV_HLA-A*02:01,tcr1950,1
vdjdb_full_14799_ss_2_n0,LLFNILGGWV_HLA-A*02:01,tcr17142,0
vdjdb_full_14800,LLFNILGGWV_HLA-A*02:01,tcr11,1
vdjdb_full_14800_ss_2_n0,LLFNILGGWV_HLA-A*02:01,tcr9520,0
vdjdb_full_14801,LLFNILGGWV_HLA-A*02:01,tcr10103,1
vdjdb_full_14801_ss_2_n0,LLFNILGGWV_HLA-A*02:01,tcr10939,0
vdjdb_full_14802,LLFNILGGWV_HLA-A*02:01,tcr2898,1
vdjdb_full_14802_ss_2_n0,LLFNILGGWV_HLA-A*02:01,tcr1430,0
vdjdb_full_14803,LLFNILGGWV_HLA-A*02:01,tcr1255,1
vdjdb_full_14803_ss_2_n0,LLFNILGGWV_HLA-A*02:01,tcr2420,0
vdjdb_full_12107,YLQQNWWTL_HLA-A*02:01,tcr12842,1
vdjdb_full_12107_ss_2_n0,YLQQNWWTL_HLA-A*02:01,tcr17695,0
vdjdb_full_12108,YLQQNWWTL_HLA-A*02:01,tcr4566,1
vdjdb_full_12108_ss_2_n0,YLQQNWWTL_HLA-A*02:01,tcr8220,0
vdjdb_full_12109,YLQQNWWTL_HLA-A*02:01,tcr7061,1
vdjdb_full_12109_ss_2_n0,YLQQNWWTL_HLA-A*02:01,tcr11945,0
vdjdb_full_12110,YLQQNWWTL_HLA-A*02:01,tcr11305,1
vdjdb_full_12110_ss_2_n0,YLQQNWWTL_HLA-A*02:01,tcr5441,0
vdjdb_full_12111,YLQQNWWTL_HLA-A*02:01,tcr13281,1
vdjdb_full_12111_ss_2_n0,YLQQNWWTL_HLA-A*02:01,tcr9523,0
vdjdb_full_12112,YLQQNWWTL_HLA-A*02:01,tcr12759,1
vdjdb_full_12112_ss_2_n0,YLQQNWWTL_HLA-A*02:01,tcr5780,0
vdjdb_full_12113,YLQQNWWTL_HLA-A*02:01,tcr11962,1
vdjdb_full_12113_ss_2_n0,YLQQNWWTL_HLA-A*02:01,tcr11462,0
vdjdb_full_12114,YLQQNWWTL_HLA-A*02:01,tcr14825,1
vdjdb_full_12114_ss_2_n0,YLQQNWWTL_HLA-A*02:01,tcr2563,0
vdjdb_full_12115,YLQQNWWTL_HLA-A*02:01,tcr1939,1
vdjdb_full_12115_ss_2_n0,YLQQNWWTL_HLA-A*02:01,tcr9512,0
vdjdb_full_12116,YLQQNWWTL_HLA-A*02:01,tcr3051,1
vdjdb_full_12116_ss_2_n0,YLQQNWWTL_HLA-A*02:01,tcr9329,0
vdjdb_full_12117,YLQQNWWTL_HLA-A*02:01,tcr4748,1
vdjdb_full_12117_ss_2_n0,YLQQNWWTL_HLA-A*02:01,tcr15797,0
vdjdb_full_12118,YLQQNWWTL_HLA-A*02:01,tcr6319,1
vdjdb_full_12118_ss_2_n0,YLQQNWWTL_HLA-A*02:01,tcr5548,0
vdjdb_full_12119,YLQQNWWTL_HLA-A*02:01,tcr249,1
vdjdb_full_12119_ss_2_n0,YLQQNWWTL_HLA-A*02:01,tcr13635,0
vdjdb_full_12120,YLQQNWWTL_HLA-A*02:01,tcr12780,1
vdjdb_full_12120_ss_2_n0,YLQQNWWTL_HLA-A*02:01,tcr2046,0
vdjdb_full_12121,YLQQNWWTL_HLA-A*02:01,tcr1845,1
vdjdb_full_12121_ss_2_n0,YLQQNWWTL_HLA-A*02:01,tcr7532,0
vdjdb_full_12122,YLQQNWWTL_HLA-A*02:01,tcr2987,1
vdjdb_full_12122_ss_2_n0,YLQQNWWTL_HLA-A*02:01,tcr5782,0
vdjdb_full_12161,IMDQVPFSV_HLA-A*02:01,tcr8551,1
vdjdb_full_12161_ss_2_n0,IMDQVPFSV_HLA-A*02:01,tcr16281,0
vdjdb_full_12162,IMDQVPFSV_HLA-A*02:01,tcr7082,1
vdjdb_full_12162_ss_2_n0,IMDQVPFSV_HLA-A*02:01,tcr3707,0
vdjdb_full_12163,IMDQVPFSV_HLA-A*02:01,tcr3475,1
vdjdb_full_12163_ss_2_n0,IMDQVPFSV_HLA-A*02:01,tcr12365,0
vdjdb_full_12164,IMDQVPFSV_HLA-A*02:01,tcr7642,1
vdjdb_full_12164_ss_2_n0,IMDQVPFSV_HLA-A*02:01,tcr4528,0
vdjdb_full_12165,IMDQVPFSV_HLA-A*02:01,tcr4012,1
vdjdb_full_12165_ss_2_n0,IMDQVPFSV_HLA-A*02:01,tcr2216,0
vdjdb_full_12166,IMDQVPFSV_HLA-A*02:01,tcr5016,1
vdjdb_full_12166_ss_2_n0,IMDQVPFSV_HLA-A*02:01,tcr5807,0
vdjdb_full_12167,IMDQVPFSV_HLA-A*02:01,tcr6629,1
vdjdb_full_12167_ss_2_n0,IMDQVPFSV_HLA-A*02:01,tcr16652,0
vdjdb_full_12168,IMDQVPFSV_HLA-A*02:01,tcr3289,1
vdjdb_full_12168_ss_2_n0,IMDQVPFSV_HLA-A*02:01,tcr10551,0
vdjdb_full_12169,IMDQVPFSV_HLA-A*02:01,tcr4883,1
vdjdb_full_12169_ss_2_n0,IMDQVPFSV_HLA-A*02:01,tcr4233,0
vdjdb_full_12170,IMDQVPFSV_HLA-A*02:01,tcr2568,1
vdjdb_full_12170_ss_2_n0,IMDQVPFSV_HLA-A*02:01,tcr17627,0
vdjdb_full_12171,IMDQVPFSV_HLA-A*02:01,tcr13268,1
vdjdb_full_12171_ss_2_n0,IMDQVPFSV_HLA-A*02:01,tcr9367,0
vdjdb_full_12172,IMDQVPFSV_HLA-A*02:01,tcr429,1
vdjdb_full_12172_ss_2_n0,IMDQVPFSV_HLA-A*02:01,tcr13043,0
vdjdb_full_12173,IMDQVPFSV_HLA-A*02:01,tcr14348,1
vdjdb_full_12173_ss_2_n0,IMDQVPFSV_HLA-A*02:01,tcr16040,0
vdjdb_full_12174,IMDQVPFSV_HLA-A*02:01,tcr13568,1
vdjdb_full_12174_ss_2_n0,IMDQVPFSV_HLA-A*02:01,tcr7435,0
vdjdb_full_12175,IMDQVPFSV_HLA-A*02:01,tcr12900,1
vdjdb_full_12175_ss_2_n0,IMDQVPFSV_HLA-A*02:01,tcr4476,0
vdjdb_full_12176,IMDQVPFSV_HLA-A*02:01,tcr14756,1
vdjdb_full_12176_ss_2_n0,IMDQVPFSV_HLA-A*02:01,tcr18113,0
vdjdb_full_17306,KSVNITFEL_HLA-A*02:01,tcr9390,1
vdjdb_full_17306_ss_2_n0,KSVNITFEL_HLA-A*02:01,tcr6697,0
vdjdb_full_17307,KSVNITFEL_HLA-A*02:01,tcr12332,1
vdjdb_full_17307_ss_2_n0,KSVNITFEL_HLA-A*02:01,tcr8902,0
vdjdb_full_17308,KSVNITFEL_HLA-A*02:01,tcr7451,1
vdjdb_full_17308_ss_2_n0,KSVNITFEL_HLA-A*02:01,tcr1642,0
vdjdb_full_17309,KSVNITFEL_HLA-A*02:01,tcr14963,1
vdjdb_full_17309_ss_2_n0,KSVNITFEL_HLA-A*02:01,tcr17399,0
vdjdb_full_17310,KSVNITFEL_HLA-A*02:01,tcr17397,1
vdjdb_full_17310_ss_2_n0,KSVNITFEL_HLA-A*02:01,tcr18325,0
vdjdb_full_17311,KSVNITFEL_HLA-A*02:01,tcr9800,1
vdjdb_full_17311_ss_2_n0,KSVNITFEL_HLA-A*02:01,tcr3275,0
vdjdb_full_17312,KSVNITFEL_HLA-A*02:01,tcr3779,1
vdjdb_full_17312_ss_2_n0,KSVNITFEL_HLA-A*02:01,tcr12491,0
vdjdb_full_17313,KSVNITFEL_HLA-A*02:01,tcr7581,1
vdjdb_full_17313_ss_2_n0,KSVNITFEL_HLA-A*02:01,tcr14400,0
vdjdb_full_17314,KSVNITFEL_HLA-A*02:01,tcr6811,1
vdjdb_full_17314_ss_2_n0,KSVNITFEL_HLA-A*02:01,tcr12696,0
vdjdb_full_17315,KSVNITFEL_HLA-A*02:01,tcr818,1
vdjdb_full_17315_ss_2_n0,KSVNITFEL_HLA-A*02:01,tcr14297,0
vdjdb_full_17316,KSVNITFEL_HLA-A*02:01,tcr11114,1
vdjdb_full_17316_ss_2_n0,KSVNITFEL_HLA-A*02:01,tcr8195,0
vdjdb_full_17317,KSVNITFEL_HLA-A*02:01,tcr15855,1
vdjdb_full_17317_ss_2_n0,KSVNITFEL_HLA-A*02:01,tcr9507,0
vdjdb_full_17318,KSVNITFEL_HLA-A*02:01,tcr233,1
vdjdb_full_17318_ss_2_n0,KSVNITFEL_HLA-A*02:01,tcr2447,0
vdjdb_full_17319,KSVNITFEL_HLA-A*02:01,tcr15140,1
vdjdb_full_17319_ss_2_n0,KSVNITFEL_HLA-A*02:01,tcr17674,0
vdjdb_full_17320,KSVNITFEL_HLA-A*02:01,tcr7584,1
vdjdb_full_17320_ss_2_n0,KSVNITFEL_HLA-A*02:01,tcr15699,0
vdjdb_full_17321,KSVNITFEL_HLA-A*02:01,tcr8964,1
vdjdb_full_17321_ss_2_n0,KSVNITFEL_HLA-A*02:01,tcr1622,0
vdjdb_full_16053,KLVAMGINAV_HLA-A*02:01,tcr14641,1
vdjdb_full_16053_ss_2_n0,KLVAMGINAV_HLA-A*02:01,tcr12342,0
vdjdb_full_16054,KLVAMGINAV_HLA-A*02:01,tcr11348,1
vdjdb_full_16054_ss_2_n0,KLVAMGINAV_HLA-A*02:01,tcr14930,0
vdjdb_full_16055,KLVAMGINAV_HLA-A*02:01,tcr15615,1
vdjdb_full_16055_ss_2_n0,KLVAMGINAV_HLA-A*02:01,tcr12880,0
vdjdb_full_16056,KLVAMGINAV_HLA-A*02:01,tcr9670,1
vdjdb_full_16056_ss_2_n0,KLVAMGINAV_HLA-A*02:01,tcr14500,0
vdjdb_full_16058,KLVAMGINAV_HLA-A*02:01,tcr9435,1
vdjdb_full_16058_ss_2_n0,KLVAMGINAV_HLA-A*02:01,tcr8760,0
vdjdb_full_16059,KLVAMGINAV_HLA-A*02:01,tcr5560,1
vdjdb_full_16059_ss_2_n0,KLVAMGINAV_HLA-A*02:01,tcr9219,0
vdjdb_full_16060,KLVAMGINAV_HLA-A*02:01,tcr14960,1
vdjdb_full_16060_ss_2_n0,KLVAMGINAV_HLA-A*02:01,tcr12227,0
vdjdb_full_16061,KLVAMGINAV_HLA-A*02:01,tcr9044,1
vdjdb_full_16061_ss_2_n0,KLVAMGINAV_HLA-A*02:01,tcr9865,0
vdjdb_full_16062,KLVAMGINAV_HLA-A*02:01,tcr10851,1
vdjdb_full_16062_ss_2_n0,KLVAMGINAV_HLA-A*02:01,tcr11250,0
vdjdb_full_16063,KLVAMGINAV_HLA-A*02:01,tcr8874,1
vdjdb_full_16063_ss_2_n0,KLVAMGINAV_HLA-A*02:01,tcr9241,0
vdjdb_full_16065,KLVAMGINAV_HLA-A*02:01,tcr12923,1
vdjdb_full_16065_ss_2_n0,KLVAMGINAV_HLA-A*02:01,tcr1165,0
vdjdb_full_16066,KLVAMGINAV_HLA-A*02:01,tcr8815,1
vdjdb_full_16066_ss_2_n0,KLVAMGINAV_HLA-A*02:01,tcr14186,0
vdjdb_full_16067,KLVAMGINAV_HLA-A*02:01,tcr9261,1
vdjdb_full_16067_ss_2_n0,KLVAMGINAV_HLA-A*02:01,tcr16223,0
vdjdb_full_16068,KLVAMGINAV_HLA-A*02:01,tcr1125,1
vdjdb_full_16068_ss_2_n0,KLVAMGINAV_HLA-A*02:01,tcr11147,0
vdjdb_full_16069,KLVAMGINAV_HLA-A*02:01,tcr10803,1
vdjdb_full_16069_ss_2_n0,KLVAMGINAV_HLA-A*02:01,tcr17283,0
vdjdb_full_16337,VTDAAHLLI_HLA-A*01:01,tcr1332,1
vdjdb_full_16337_ss_2_n0,VTDAAHLLI_HLA-A*01:01,tcr7059,0
vdjdb_full_16338,VTDAAHLLI_HLA-A*01:01,tcr15575,1
vdjdb_full_16338_ss_2_n0,VTDAAHLLI_HLA-A*01:01,tcr7753,0
vdjdb_full_16340,VTDAAHLLI_HLA-A*01:01,tcr4917,1
vdjdb_full_16340_ss_2_n0,VTDAAHLLI_HLA-A*01:01,tcr4124,0
vdjdb_full_16341,VTDAAHLLI_HLA-A*01:01,tcr5005,1
vdjdb_full_16341_ss_2_n0,VTDAAHLLI_HLA-A*01:01,tcr10926,0
vdjdb_full_16342,VTDAAHLLI_HLA-A*01:01,tcr7180,1
vdjdb_full_16342_ss_2_n0,VTDAAHLLI_HLA-A*01:01,tcr6455,0
vdjdb_full_16343,VTDAAHLLI_HLA-A*01:01,tcr14065,1
vdjdb_full_16343_ss_2_n0,VTDAAHLLI_HLA-A*01:01,tcr11422,0
vdjdb_full_16344,VTDAAHLLI_HLA-A*01:01,tcr5598,1
vdjdb_full_16344_ss_2_n0,VTDAAHLLI_HLA-A*01:01,tcr11305,0
vdjdb_full_16345,VTDAAHLLI_HLA-A*01:01,tcr13441,1
vdjdb_full_16345_ss_2_n0,VTDAAHLLI_HLA-A*01:01,tcr8732,0
vdjdb_full_16346,VTDAAHLLI_HLA-A*01:01,tcr14880,1
vdjdb_full_16346_ss_2_n0,VTDAAHLLI_HLA-A*01:01,tcr9168,0
vdjdb_full_16347,VTDAAHLLI_HLA-A*01:01,tcr15414,1
vdjdb_full_16347_ss_2_n0,VTDAAHLLI_HLA-A*01:01,tcr9359,0
vdjdb_full_16348,VTDAAHLLI_HLA-A*01:01,tcr15353,1
vdjdb_full_16348_ss_2_n0,VTDAAHLLI_HLA-A*01:01,tcr17805,0
vdjdb_full_16349,VTDAAHLLI_HLA-A*01:01,tcr15542,1
vdjdb_full_16349_ss_2_n0,VTDAAHLLI_HLA-A*01:01,tcr12616,0
vdjdb_full_16350,VTDAAHLLI_HLA-A*01:01,tcr13927,1
vdjdb_full_16350_ss_2_n0,VTDAAHLLI_HLA-A*01:01,tcr15119,0
vdjdb_full_16351,VTDAAHLLI_HLA-A*01:01,tcr2396,1
vdjdb_full_16351_ss_2_n0,VTDAAHLLI_HLA-A*01:01,tcr3528,0
vdjdb_full_16352,VTDAAHLLI_HLA-A*01:01,tcr5719,1
vdjdb_full_16352_ss_2_n0,VTDAAHLLI_HLA-A*01:01,tcr3221,0
vdjdb_full_16594,WPVTLACFV_HLA-B*07:02,tcr9526,1
vdjdb_full_16594_ss_2_n0,WPVTLACFV_HLA-B*07:02,tcr1681,0
vdjdb_full_16595,WPVTLACFV_HLA-B*07:02,tcr16858,1
vdjdb_full_16595_ss_2_n0,WPVTLACFV_HLA-B*07:02,tcr15362,0
vdjdb_full_16596,WPVTLACFV_HLA-B*07:02,tcr13403,1
vdjdb_full_16596_ss_2_n0,WPVTLACFV_HLA-B*07:02,tcr10105,0
vdjdb_full_16597,WPVTLACFV_HLA-B*07:02,tcr15877,1
vdjdb_full_16597_ss_2_n0,WPVTLACFV_HLA-B*07:02,tcr2255,0
vdjdb_full_16598,WPVTLACFV_HLA-B*07:02,tcr7626,1
vdjdb_full_16598_ss_2_n0,WPVTLACFV_HLA-B*07:02,tcr8803,0
vdjdb_full_16599,WPVTLACFV_HLA-B*07:02,tcr13822,1
vdjdb_full_16599_ss_2_n0,WPVTLACFV_HLA-B*07:02,tcr15554,0
vdjdb_full_16600,WPVTLACFV_HLA-B*07:02,tcr18241,1
vdjdb_full_16600_ss_2_n0,WPVTLACFV_HLA-B*07:02,tcr9266,0
vdjdb_full_16601,WPVTLACFV_HLA-B*07:02,tcr1533,1
vdjdb_full_16601_ss_2_n0,WPVTLACFV_HLA-B*07:02,tcr15045,0
vdjdb_full_16602,WPVTLACFV_HLA-B*07:02,tcr11177,1
vdjdb_full_16602_ss_2_n0,WPVTLACFV_HLA-B*07:02,tcr9674,0
vdjdb_full_16603,WPVTLACFV_HLA-B*07:02,tcr4047,1
vdjdb_full_16603_ss_2_n0,WPVTLACFV_HLA-B*07:02,tcr5172,0
vdjdb_full_16604,WPVTLACFV_HLA-B*07:02,tcr9927,1
vdjdb_full_16604_ss_2_n0,WPVTLACFV_HLA-B*07:02,tcr9998,0
vdjdb_full_16605,WPVTLACFV_HLA-B*07:02,tcr9626,1
vdjdb_full_16605_ss_2_n0,WPVTLACFV_HLA-B*07:02,tcr9963,0
vdjdb_full_16606,WPVTLACFV_HLA-B*07:02,tcr1554,1
vdjdb_full_16606_ss_2_n0,WPVTLACFV_HLA-B*07:02,tcr11855,0
vdjdb_full_16607,WPVTLACFV_HLA-B*07:02,tcr15206,1
vdjdb_full_16607_ss_2_n0,WPVTLACFV_HLA-B*07:02,tcr16788,0
vdjdb_full_17160,KTWGQYWQV_HLA-A*02:01,tcr912,1
vdjdb_full_17160_ss_2_n0,KTWGQYWQV_HLA-A*02:01,tcr8534,0
vdjdb_full_17161,KTWGQYWQV_HLA-A*02:01,tcr5534,1
vdjdb_full_17161_ss_2_n0,KTWGQYWQV_HLA-A*02:01,tcr1219,0
vdjdb_full_17162,KTWGQYWQV_HLA-A*02:01,tcr7464,1
vdjdb_full_17162_ss_2_n0,KTWGQYWQV_HLA-A*02:01,tcr16796,0
vdjdb_full_17163,KTWGQYWQV_HLA-A*02:01,tcr2216,1
vdjdb_full_17163_ss_2_n0,KTWGQYWQV_HLA-A*02:01,tcr12357,0
vdjdb_full_17164,KTWGQYWQV_HLA-A*02:01,tcr14850,1
vdjdb_full_17164_ss_2_n0,KTWGQYWQV_HLA-A*02:01,tcr932,0
vdjdb_full_17165,KTWGQYWQV_HLA-A*02:01,tcr11158,1
vdjdb_full_17165_ss_2_n0,KTWGQYWQV_HLA-A*02:01,tcr7963,0
vdjdb_full_17166,KTWGQYWQV_HLA-A*02:01,tcr17885,1
vdjdb_full_17166_ss_2_n0,KTWGQYWQV_HLA-A*02:01,tcr13043,0
vdjdb_full_17167,KTWGQYWQV_HLA-A*02:01,tcr14800,1
vdjdb_full_17167_ss_2_n0,KTWGQYWQV_HLA-A*02:01,tcr12717,0
vdjdb_full_17168,KTWGQYWQV_HLA-A*02:01,tcr17595,1
vdjdb_full_17168_ss_2_n0,KTWGQYWQV_HLA-A*02:01,tcr3214,0
vdjdb_full_17169,KTWGQYWQV_HLA-A*02:01,tcr12521,1
vdjdb_full_17169_ss_2_n0,KTWGQYWQV_HLA-A*02:01,tcr6158,0
vdjdb_full_17170,KTWGQYWQV_HLA-A*02:01,tcr14538,1
vdjdb_full_17170_ss_2_n0,KTWGQYWQV_HLA-A*02:01,tcr5656,0
vdjdb_full_17171,KTWGQYWQV_HLA-A*02:01,tcr9674,1
vdjdb_full_17171_ss_2_n0,KTWGQYWQV_HLA-A*02:01,tcr17646,0
vdjdb_full_17172,KTWGQYWQV_HLA-A*02:01,tcr8880,1
vdjdb_full_17172_ss_2_n0,KTWGQYWQV_HLA-A*02:01,tcr14926,0
vdjdb_full_17173,KTWGQYWQV_HLA-A*02:01,tcr12911,1
vdjdb_full_17173_ss_2_n0,KTWGQYWQV_HLA-A*02:01,tcr3486,0
vdjdb_full_13250,HPVGEADYFEY_HLA-B*35:01,tcr15326,1
vdjdb_full_13250_ss_2_n0,HPVGEADYFEY_HLA-B*35:01,tcr13517,0
vdjdb_full_13251,HPVGEADYFEY_HLA-B*35:01,tcr17869,1
vdjdb_full_13251_ss_2_n0,HPVGEADYFEY_HLA-B*35:01,tcr412,0
vdjdb_full_13252,HPVGEADYFEY_HLA-B*35:01,tcr2953,1
vdjdb_full_13252_ss_2_n0,HPVGEADYFEY_HLA-B*35:01,tcr13615,0
vdjdb_full_13253,HPVGEADYFEY_HLA-B*35:01,tcr17189,1
vdjdb_full_13253_ss_2_n0,HPVGEADYFEY_HLA-B*35:01,tcr2135,0
vdjdb_full_13254,HPVGEADYFEY_HLA-B*35:01,tcr12233,1
vdjdb_full_13254_ss_2_n0,HPVGEADYFEY_HLA-B*35:01,tcr13447,0
vdjdb_full_13255,HPVGEADYFEY_HLA-B*35:01,tcr3148,1
vdjdb_full_13255_ss_2_n0,HPVGEADYFEY_HLA-B*35:01,tcr4036,0
vdjdb_full_13256,HPVGEADYFEY_HLA-B*35:01,tcr5286,1
vdjdb_full_13256_ss_2_n0,HPVGEADYFEY_HLA-B*35:01,tcr10716,0
vdjdb_full_13257,HPVGEADYFEY_HLA-B*35:01,tcr11885,1
vdjdb_full_13257_ss_2_n0,HPVGEADYFEY_HLA-B*35:01,tcr10815,0
vdjdb_full_13258,HPVGEADYFEY_HLA-B*35:01,tcr4418,1
vdjdb_full_13258_ss_2_n0,HPVGEADYFEY_HLA-B*35:01,tcr13644,0
vdjdb_full_17914,HPVGEADYFEY_HLA-B*35:08,tcr5286,1
vdjdb_full_17914_ss_2_n0,HPVGEADYFEY_HLA-B*35:08,tcr3169,0
vdjdb_full_17915,HPVGEADYFEY_HLA-B*35:08,tcr3582,1
vdjdb_full_17915_ss_2_n0,HPVGEADYFEY_HLA-B*35:08,tcr18151,0
vdjdb_full_17916,HPVGEADYFEY_HLA-B*35:08,tcr3148,1
vdjdb_full_17916_ss_2_n0,HPVGEADYFEY_HLA-B*35:08,tcr3940,0
vdjdb_full_17917,HPVGEADYFEY_HLA-B*35:08,tcr2009,1
vdjdb_full_17917_ss_2_n0,HPVGEADYFEY_HLA-B*35:08,tcr3700,0
vdjdb_full_13349,RMFPNAPYL_HLA-A*02:01,tcr16611,1
vdjdb_full_13349_ss_2_n0,RMFPNAPYL_HLA-A*02:01,tcr17619,0
vdjdb_full_13350,RMFPNAPYL_HLA-A*02:01,tcr16712,1
vdjdb_full_13350_ss_2_n0,RMFPNAPYL_HLA-A*02:01,tcr14674,0
vdjdb_full_13351,RMFPNAPYL_HLA-A*02:01,tcr16185,1
vdjdb_full_13351_ss_2_n0,RMFPNAPYL_HLA-A*02:01,tcr593,0
vdjdb_full_13352,RMFPNAPYL_HLA-A*02:01,tcr10677,1
vdjdb_full_13352_ss_2_n0,RMFPNAPYL_HLA-A*02:01,tcr8541,0
vdjdb_full_13353,RMFPNAPYL_HLA-A*02:01,tcr9182,1
vdjdb_full_13353_ss_2_n0,RMFPNAPYL_HLA-A*02:01,tcr6014,0
vdjdb_full_13354,RMFPNAPYL_HLA-A*02:01,tcr13267,1
vdjdb_full_13354_ss_2_n0,RMFPNAPYL_HLA-A*02:01,tcr11911,0
vdjdb_full_13355,RMFPNAPYL_HLA-A*02:01,tcr475,1
vdjdb_full_13355_ss_2_n0,RMFPNAPYL_HLA-A*02:01,tcr11858,0
vdjdb_full_13356,RMFPNAPYL_HLA-A*02:01,tcr2046,1
vdjdb_full_13356_ss_2_n0,RMFPNAPYL_HLA-A*02:01,tcr6996,0
vdjdb_full_13357,RMFPNAPYL_HLA-A*02:01,tcr17050,1
vdjdb_full_13357_ss_2_n0,RMFPNAPYL_HLA-A*02:01,tcr11848,0
vdjdb_full_13358,RMFPNAPYL_HLA-A*02:01,tcr9307,1
vdjdb_full_13358_ss_2_n0,RMFPNAPYL_HLA-A*02:01,tcr6319,0
vdjdb_full_13359,RMFPNAPYL_HLA-A*02:01,tcr5523,1
vdjdb_full_13359_ss_2_n0,RMFPNAPYL_HLA-A*02:01,tcr16813,0
vdjdb_full_13360,RMFPNAPYL_HLA-A*02:01,tcr10972,1
vdjdb_full_13360_ss_2_n0,RMFPNAPYL_HLA-A*02:01,tcr13795,0
vdjdb_full_13361,RMFPNAPYL_HLA-A*02:01,tcr16152,1
vdjdb_full_13361_ss_2_n0,RMFPNAPYL_HLA-A*02:01,tcr14175,0
vdjdb_full_15251,FLSINVHKV_HLA-A*02:01,tcr7117,1
vdjdb_full_15251_ss_2_n0,FLSINVHKV_HLA-A*02:01,tcr11,0
vdjdb_full_15252,FLSINVHKV_HLA-A*02:01,tcr16205,1
vdjdb_full_15252_ss_2_n0,FLSINVHKV_HLA-A*02:01,tcr8294,0
vdjdb_full_15253,FLSINVHKV_HLA-A*02:01,tcr2083,1
vdjdb_full_15253_ss_2_n0,FLSINVHKV_HLA-A*02:01,tcr12036,0
vdjdb_full_15254,FLSINVHKV_HLA-A*02:01,tcr3135,1
vdjdb_full_15254_ss_2_n0,FLSINVHKV_HLA-A*02:01,tcr1125,0
vdjdb_full_15255,FLSINVHKV_HLA-A*02:01,tcr18189,1
vdjdb_full_15255_ss_2_n0,FLSINVHKV_HLA-A*02:01,tcr14196,0
vdjdb_full_15256,FLSINVHKV_HLA-A*02:01,tcr12902,1
vdjdb_full_15256_ss_2_n0,FLSINVHKV_HLA-A*02:01,tcr14786,0
vdjdb_full_15257,FLSINVHKV_HLA-A*02:01,tcr10046,1
vdjdb_full_15257_ss_2_n0,FLSINVHKV_HLA-A*02:01,tcr5041,0
vdjdb_full_15258,FLSINVHKV_HLA-A*02:01,tcr2489,1
vdjdb_full_15258_ss_2_n0,FLSINVHKV_HLA-A*02:01,tcr10899,0
vdjdb_full_15259,FLSINVHKV_HLA-A*02:01,tcr11757,1
vdjdb_full_15259_ss_2_n0,FLSINVHKV_HLA-A*02:01,tcr15369,0
vdjdb_full_15260,FLSINVHKV_HLA-A*02:01,tcr9507,1
vdjdb_full_15260_ss_2_n0,FLSINVHKV_HLA-A*02:01,tcr17037,0
vdjdb_full_15261,FLSINVHKV_HLA-A*02:01,tcr7184,1
vdjdb_full_15261_ss_2_n0,FLSINVHKV_HLA-A*02:01,tcr14930,0
vdjdb_full_15262,FLSINVHKV_HLA-A*02:01,tcr14232,1
vdjdb_full_15262_ss_2_n0,FLSINVHKV_HLA-A*02:01,tcr16274,0
vdjdb_full_15263,FLSINVHKV_HLA-A*02:01,tcr12645,1
vdjdb_full_15263_ss_2_n0,FLSINVHKV_HLA-A*02:01,tcr524,0
vdjdb_full_16077,VMVELVAEL_HLA-A*02:01,tcr12029,1
vdjdb_full_16077_ss_2_n0,VMVELVAEL_HLA-A*02:01,tcr4612,0
vdjdb_full_16078,VMVELVAEL_HLA-A*02:01,tcr8950,1
vdjdb_full_16078_ss_2_n0,VMVELVAEL_HLA-A*02:01,tcr14069,0
vdjdb_full_16079,VMVELVAEL_HLA-A*02:01,tcr6817,1
vdjdb_full_16079_ss_2_n0,VMVELVAEL_HLA-A*02:01,tcr14412,0
vdjdb_full_16080,VMVELVAEL_HLA-A*02:01,tcr17442,1
vdjdb_full_16080_ss_2_n0,VMVELVAEL_HLA-A*02:01,tcr985,0
vdjdb_full_16081,VMVELVAEL_HLA-A*02:01,tcr7645,1
vdjdb_full_16081_ss_2_n0,VMVELVAEL_HLA-A*02:01,tcr2197,0
vdjdb_full_16082,VMVELVAEL_HLA-A*02:01,tcr2047,1
vdjdb_full_16082_ss_2_n0,VMVELVAEL_HLA-A*02:01,tcr14377,0
vdjdb_full_16083,VMVELVAEL_HLA-A*02:01,tcr14304,1
vdjdb_full_16083_ss_2_n0,VMVELVAEL_HLA-A*02:01,tcr16542,0
vdjdb_full_16084,VMVELVAEL_HLA-A*02:01,tcr12577,1
vdjdb_full_16084_ss_2_n0,VMVELVAEL_HLA-A*02:01,tcr12200,0
vdjdb_full_16085,VMVELVAEL_HLA-A*02:01,tcr16787,1
vdjdb_full_16085_ss_2_n0,VMVELVAEL_HLA-A*02:01,tcr12535,0
vdjdb_full_16086,VMVELVAEL_HLA-A*02:01,tcr9890,1
vdjdb_full_16086_ss_2_n0,VMVELVAEL_HLA-A*02:01,tcr9574,0
vdjdb_full_16087,VMVELVAEL_HLA-A*02:01,tcr8897,1
vdjdb_full_16087_ss_2_n0,VMVELVAEL_HLA-A*02:01,tcr5056,0
vdjdb_full_16088,VMVELVAEL_HLA-A*02:01,tcr6020,1
vdjdb_full_16088_ss_2_n0,VMVELVAEL_HLA-A*02:01,tcr8019,0
vdjdb_full_16089,VMVELVAEL_HLA-A*02:01,tcr4625,1
vdjdb_full_16089_ss_2_n0,VMVELVAEL_HLA-A*02:01,tcr11271,0
vdjdb_full_17957,EPLPQGQLTAY_HLA-B*35:01,tcr5573,1
vdjdb_full_17957_ss_2_n0,EPLPQGQLTAY_HLA-B*35:01,tcr2279,0
vdjdb_full_17958,EPLPQGQLTAY_HLA-B*35:01,tcr14842,1
vdjdb_full_17958_ss_2_n0,EPLPQGQLTAY_HLA-B*35:01,tcr8704,0
vdjdb_full_17959,EPLPQGQLTAY_HLA-B*35:01,tcr6558,1
vdjdb_full_17959_ss_2_n0,EPLPQGQLTAY_HLA-B*35:01,tcr16266,0
vdjdb_full_17960,EPLPQGQLTAY_HLA-B*35:01,tcr1091,1
vdjdb_full_17960_ss_2_n0,EPLPQGQLTAY_HLA-B*35:01,tcr2436,0
vdjdb_full_17961,EPLPQGQLTAY_HLA-B*35:01,tcr10498,1
vdjdb_full_17961_ss_2_n0,EPLPQGQLTAY_HLA-B*35:01,tcr93,0
vdjdb_full_17962,EPLPQGQLTAY_HLA-B*35:01,tcr51,1
vdjdb_full_17962_ss_2_n0,EPLPQGQLTAY_HLA-B*35:01,tcr10651,0
vdjdb_full_17964,EPLPQGQLTAY_HLA-B*35:01,tcr479,1
vdjdb_full_17964_ss_2_n0,EPLPQGQLTAY_HLA-B*35:01,tcr6581,0
vdjdb_full_17965,EPLPQGQLTAY_HLA-B*35:01,tcr17648,1
vdjdb_full_17965_ss_2_n0,EPLPQGQLTAY_HLA-B*35:01,tcr6498,0
vdjdb_full_17966,EPLPQGQLTAY_HLA-B*35:01,tcr12425,1
vdjdb_full_17966_ss_2_n0,EPLPQGQLTAY_HLA-B*35:01,tcr7596,0
vdjdb_full_17967,EPLPQGQLTAY_HLA-B*35:01,tcr16326,1
vdjdb_full_17967_ss_2_n0,EPLPQGQLTAY_HLA-B*35:01,tcr1147,0
vdjdb_full_17968,EPLPQGQLTAY_HLA-B*35:01,tcr15351,1
vdjdb_full_17968_ss_2_n0,EPLPQGQLTAY_HLA-B*35:01,tcr2818,0
vdjdb_full_17969,EPLPQGQLTAY_HLA-B*35:01,tcr10105,1
vdjdb_full_17969_ss_2_n0,EPLPQGQLTAY_HLA-B*35:01,tcr15364,0
vdjdb_full_17970,EPLPQGQLTAY_HLA-B*35:01,tcr13731,1
vdjdb_full_17970_ss_2_n0,EPLPQGQLTAY_HLA-B*35:01,tcr9493,0
vdjdb_full_13671,QYDPVAALF_HLA-A*24:02,tcr13908,1
vdjdb_full_13671_ss_2_n0,QYDPVAALF_HLA-A*24:02,tcr3674,0
vdjdb_full_13672,QYDPVAALF_HLA-A*24:02,tcr8665,1
vdjdb_full_13672_ss_2_n0,QYDPVAALF_HLA-A*24:02,tcr6046,0
vdjdb_full_13673,QYDPVAALF_HLA-A*24:02,tcr5479,1
vdjdb_full_13673_ss_2_n0,QYDPVAALF_HLA-A*24:02,tcr404,0
vdjdb_full_13674,QYDPVAALF_HLA-A*24:02,tcr2203,1
vdjdb_full_13674_ss_2_n0,QYDPVAALF_HLA-A*24:02,tcr12430,0
vdjdb_full_13675,QYDPVAALF_HLA-A*24:02,tcr17448,1
vdjdb_full_13675_ss_2_n0,QYDPVAALF_HLA-A*24:02,tcr2649,0
vdjdb_full_13676,QYDPVAALF_HLA-A*24:02,tcr1848,1
vdjdb_full_13676_ss_2_n0,QYDPVAALF_HLA-A*24:02,tcr7261,0
vdjdb_full_13677,QYDPVAALF_HLA-A*24:02,tcr2035,1
vdjdb_full_13677_ss_2_n0,QYDPVAALF_HLA-A*24:02,tcr14168,0
vdjdb_full_13678,QYDPVAALF_HLA-A*24:02,tcr6763,1
vdjdb_full_13678_ss_2_n0,QYDPVAALF_HLA-A*24:02,tcr376,0
vdjdb_full_13679,QYDPVAALF_HLA-A*24:02,tcr412,1
vdjdb_full_13679_ss_2_n0,QYDPVAALF_HLA-A*24:02,tcr5484,0
vdjdb_full_13680,QYDPVAALF_HLA-A*24:02,tcr1861,1
vdjdb_full_13680_ss_2_n0,QYDPVAALF_HLA-A*24:02,tcr1255,0
vdjdb_full_13681,QYDPVAALF_HLA-A*24:02,tcr9168,1
vdjdb_full_13681_ss_2_n0,QYDPVAALF_HLA-A*24:02,tcr8950,0
vdjdb_full_13682,QYDPVAALF_HLA-A*24:02,tcr12941,1
vdjdb_full_13682_ss_2_n0,QYDPVAALF_HLA-A*24:02,tcr4312,0
vdjdb_full_15264,FMVFLQTHI_HLA-A*02:01,tcr16221,1
vdjdb_full_15264_ss_2_n0,FMVFLQTHI_HLA-A*02:01,tcr2929,0
vdjdb_full_15265,FMVFLQTHI_HLA-A*02:01,tcr2902,1
vdjdb_full_15265_ss_2_n0,FMVFLQTHI_HLA-A*02:01,tcr10823,0
vdjdb_full_15266,FMVFLQTHI_HLA-A*02:01,tcr6291,1
vdjdb_full_15266_ss_2_n0,FMVFLQTHI_HLA-A*02:01,tcr9627,0
vdjdb_full_15267,FMVFLQTHI_HLA-A*02:01,tcr618,1
vdjdb_full_15267_ss_2_n0,FMVFLQTHI_HLA-A*02:01,tcr11013,0
vdjdb_full_15268,FMVFLQTHI_HLA-A*02:01,tcr10304,1
vdjdb_full_15268_ss_2_n0,FMVFLQTHI_HLA-A*02:01,tcr4305,0
vdjdb_full_15269,FMVFLQTHI_HLA-A*02:01,tcr5785,1
vdjdb_full_15269_ss_2_n0,FMVFLQTHI_HLA-A*02:01,tcr17903,0
vdjdb_full_15270,FMVFLQTHI_HLA-A*02:01,tcr11979,1
vdjdb_full_15270_ss_2_n0,FMVFLQTHI_HLA-A*02:01,tcr9055,0
vdjdb_full_15271,FMVFLQTHI_HLA-A*02:01,tcr12798,1
vdjdb_full_15271_ss_2_n0,FMVFLQTHI_HLA-A*02:01,tcr1362,0
vdjdb_full_15272,FMVFLQTHI_HLA-A*02:01,tcr14224,1
vdjdb_full_15272_ss_2_n0,FMVFLQTHI_HLA-A*02:01,tcr10253,0
vdjdb_full_15273,FMVFLQTHI_HLA-A*02:01,tcr1379,1
vdjdb_full_15273_ss_2_n0,FMVFLQTHI_HLA-A*02:01,tcr18134,0
vdjdb_full_15274,FMVFLQTHI_HLA-A*02:01,tcr10849,1
vdjdb_full_15274_ss_2_n0,FMVFLQTHI_HLA-A*02:01,tcr6738,0
vdjdb_full_15275,FMVFLQTHI_HLA-A*02:01,tcr1072,1
vdjdb_full_15275_ss_2_n0,FMVFLQTHI_HLA-A*02:01,tcr6033,0
vdjdb_full_17857,RLLPLLALL_HLA-A*02:01,tcr5511,1
vdjdb_full_17857_ss_2_n0,RLLPLLALL_HLA-A*02:01,tcr10689,0
vdjdb_full_17858,RLLPLLALL_HLA-A*02:01,tcr15370,1
vdjdb_full_17858_ss_2_n0,RLLPLLALL_HLA-A*02:01,tcr2473,0
vdjdb_full_17859,RLLPLLALL_HLA-A*02:01,tcr17206,1
vdjdb_full_17859_ss_2_n0,RLLPLLALL_HLA-A*02:01,tcr16336,0
vdjdb_full_17860,RLLPLLALL_HLA-A*02:01,tcr15609,1
vdjdb_full_17860_ss_2_n0,RLLPLLALL_HLA-A*02:01,tcr9193,0
vdjdb_full_17861,RLLPLLALL_HLA-A*02:01,tcr16695,1
vdjdb_full_17861_ss_2_n0,RLLPLLALL_HLA-A*02:01,tcr8553,0
vdjdb_full_17862,RLLPLLALL_HLA-A*02:01,tcr81,1
vdjdb_full_17862_ss_2_n0,RLLPLLALL_HLA-A*02:01,tcr14997,0
vdjdb_full_17863,RLLPLLALL_HLA-A*02:01,tcr13599,1
vdjdb_full_17863_ss_2_n0,RLLPLLALL_HLA-A*02:01,tcr1633,0
vdjdb_full_17864,RLLPLLALL_HLA-A*02:01,tcr13879,1
vdjdb_full_17864_ss_2_n0,RLLPLLALL_HLA-A*02:01,tcr7478,0
vdjdb_full_17865,RLLPLLALL_HLA-A*02:01,tcr10896,1
vdjdb_full_17865_ss_2_n0,RLLPLLALL_HLA-A*02:01,tcr18258,0
vdjdb_full_17866,RLLPLLALL_HLA-A*02:01,tcr6923,1
vdjdb_full_17866_ss_2_n0,RLLPLLALL_HLA-A*02:01,tcr3043,0
vdjdb_full_17867,RLLPLLALL_HLA-A*02:01,tcr14450,1
vdjdb_full_17867_ss_2_n0,RLLPLLALL_HLA-A*02:01,tcr12337,0
vdjdb_full_17868,RLLPLLALL_HLA-A*02:01,tcr4361,1
vdjdb_full_17868_ss_2_n0,RLLPLLALL_HLA-A*02:01,tcr15524,0
vdjdb_full_18151,MLDLQPETT_HLA-A*02:01,tcr3419,1
vdjdb_full_18151_ss_2_n0,MLDLQPETT_HLA-A*02:01,tcr6199,0
vdjdb_full_18153,MLDLQPETT_HLA-A*02:01,tcr149,1
vdjdb_full_18153_ss_2_n0,MLDLQPETT_HLA-A*02:01,tcr10944,0
vdjdb_full_18154,MLDLQPETT_HLA-A*02:01,tcr164,1
vdjdb_full_18154_ss_2_n0,MLDLQPETT_HLA-A*02:01,tcr16954,0
vdjdb_full_18155,MLDLQPETT_HLA-A*02:01,tcr13369,1
vdjdb_full_18155_ss_2_n0,MLDLQPETT_HLA-A*02:01,tcr15017,0
vdjdb_full_18156,MLDLQPETT_HLA-A*02:01,tcr4097,1
vdjdb_full_18156_ss_2_n0,MLDLQPETT_HLA-A*02:01,tcr16638,0
vdjdb_full_18157,MLDLQPETT_HLA-A*02:01,tcr7926,1
vdjdb_full_18157_ss_2_n0,MLDLQPETT_HLA-A*02:01,tcr2055,0
vdjdb_full_18158,MLDLQPETT_HLA-A*02:01,tcr17963,1
vdjdb_full_18158_ss_2_n0,MLDLQPETT_HLA-A*02:01,tcr6766,0
vdjdb_full_18159,MLDLQPETT_HLA-A*02:01,tcr9896,1
vdjdb_full_18159_ss_2_n0,MLDLQPETT_HLA-A*02:01,tcr18379,0
vdjdb_full_18160,MLDLQPETT_HLA-A*02:01,tcr17238,1
vdjdb_full_18160_ss_2_n0,MLDLQPETT_HLA-A*02:01,tcr6703,0
vdjdb_full_18161,MLDLQPETT_HLA-A*02:01,tcr7858,1
vdjdb_full_18161_ss_2_n0,MLDLQPETT_HLA-A*02:01,tcr15086,0
vdjdb_full_18162,MLDLQPETT_HLA-A*02:01,tcr2437,1
vdjdb_full_18162_ss_2_n0,MLDLQPETT_HLA-A*02:01,tcr1101,0
vdjdb_full_18164,MLDLQPETT_HLA-A*02:01,tcr17449,1
vdjdb_full_18164_ss_2_n0,MLDLQPETT_HLA-A*02:01,tcr17704,0
vdjdb_full_18302,RPHERNGFTV_HLA-B*07:02,tcr12433,1
vdjdb_full_18302_ss_2_n0,RPHERNGFTV_HLA-B*07:02,tcr2104,0
vdjdb_full_18303,RPHERNGFTV_HLA-B*07:02,tcr16683,1
vdjdb_full_18303_ss_2_n0,RPHERNGFTV_HLA-B*07:02,tcr9565,0
vdjdb_full_18304,RPHERNGFTV_HLA-B*07:02,tcr1943,1
vdjdb_full_18304_ss_2_n0,RPHERNGFTV_HLA-B*07:02,tcr7423,0
vdjdb_full_18305,RPHERNGFTV_HLA-B*07:02,tcr16119,1
vdjdb_full_18305_ss_2_n0,RPHERNGFTV_HLA-B*07:02,tcr2991,0
vdjdb_full_18306,RPHERNGFTV_HLA-B*07:02,tcr8139,1
vdjdb_full_18306_ss_2_n0,RPHERNGFTV_HLA-B*07:02,tcr13741,0
vdjdb_full_18307,RPHERNGFTV_HLA-B*07:02,tcr17841,1
vdjdb_full_18307_ss_2_n0,RPHERNGFTV_HLA-B*07:02,tcr14138,0
vdjdb_full_18309,RPHERNGFTV_HLA-B*07:02,tcr258,1
vdjdb_full_18309_ss_2_n0,RPHERNGFTV_HLA-B*07:02,tcr14644,0
vdjdb_full_18310,RPHERNGFTV_HLA-B*07:02,tcr6869,1
vdjdb_full_18310_ss_2_n0,RPHERNGFTV_HLA-B*07:02,tcr18241,0
vdjdb_full_18311,RPHERNGFTV_HLA-B*07:02,tcr2635,1
vdjdb_full_18311_ss_2_n0,RPHERNGFTV_HLA-B*07:02,tcr9182,0
vdjdb_full_18313,RPHERNGFTV_HLA-B*07:02,tcr11926,1
vdjdb_full_18313_ss_2_n0,RPHERNGFTV_HLA-B*07:02,tcr7181,0
vdjdb_full_18314,RPHERNGFTV_HLA-B*07:02,tcr13333,1
vdjdb_full_18314_ss_2_n0,RPHERNGFTV_HLA-B*07:02,tcr12097,0
vdjdb_full_18315,RPHERNGFTV_HLA-B*07:02,tcr15165,1
vdjdb_full_18315_ss_2_n0,RPHERNGFTV_HLA-B*07:02,tcr8527,0
vdjdb_full_15744,STNVGSNTY_HLA-A*01:01,tcr13061,1
vdjdb_full_15744_ss_2_n0,STNVGSNTY_HLA-A*01:01,tcr3269,0
vdjdb_full_15745,STNVGSNTY_HLA-A*01:01,tcr6534,1
vdjdb_full_15745_ss_2_n0,STNVGSNTY_HLA-A*01:01,tcr12306,0
vdjdb_full_15746,STNVGSNTY_HLA-A*01:01,tcr8910,1
vdjdb_full_15746_ss_2_n0,STNVGSNTY_HLA-A*01:01,tcr3991,0
vdjdb_full_15747,STNVGSNTY_HLA-A*01:01,tcr15150,1
vdjdb_full_15747_ss_2_n0,STNVGSNTY_HLA-A*01:01,tcr4409,0
vdjdb_full_15748,STNVGSNTY_HLA-A*01:01,tcr11952,1
vdjdb_full_15748_ss_2_n0,STNVGSNTY_HLA-A*01:01,tcr11174,0
vdjdb_full_15749,STNVGSNTY_HLA-A*01:01,tcr12717,1
vdjdb_full_15749_ss_2_n0,STNVGSNTY_HLA-A*01:01,tcr6938,0
vdjdb_full_15750,STNVGSNTY_HLA-A*01:01,tcr5644,1
vdjdb_full_15750_ss_2_n0,STNVGSNTY_HLA-A*01:01,tcr3230,0
vdjdb_full_15751,STNVGSNTY_HLA-A*01:01,tcr18248,1
vdjdb_full_15751_ss_2_n0,STNVGSNTY_HLA-A*01:01,tcr10580,0
vdjdb_full_15752,STNVGSNTY_HLA-A*01:01,tcr10254,1
vdjdb_full_15752_ss_2_n0,STNVGSNTY_HLA-A*01:01,tcr3831,0
vdjdb_full_15753,STNVGSNTY_HLA-A*01:01,tcr8524,1
vdjdb_full_15753_ss_2_n0,STNVGSNTY_HLA-A*01:01,tcr11553,0
vdjdb_full_15754,STNVGSNTY_HLA-A*01:01,tcr11013,1
vdjdb_full_15754_ss_2_n0,STNVGSNTY_HLA-A*01:01,tcr10686,0
vdjdb_full_16671,VMNILLQYV_HLA-A*02:01,tcr8553,1
vdjdb_full_16671_ss_2_n0,VMNILLQYV_HLA-A*02:01,tcr1292,0
vdjdb_full_16672,VMNILLQYV_HLA-A*02:01,tcr5687,1
vdjdb_full_16672_ss_2_n0,VMNILLQYV_HLA-A*02:01,tcr15073,0
vdjdb_full_16673,VMNILLQYV_HLA-A*02:01,tcr13714,1
vdjdb_full_16673_ss_2_n0,VMNILLQYV_HLA-A*02:01,tcr10050,0
vdjdb_full_16674,VMNILLQYV_HLA-A*02:01,tcr7523,1
vdjdb_full_16674_ss_2_n0,VMNILLQYV_HLA-A*02:01,tcr588,0
vdjdb_full_16675,VMNILLQYV_HLA-A*02:01,tcr3627,1
vdjdb_full_16675_ss_2_n0,VMNILLQYV_HLA-A*02:01,tcr6457,0
vdjdb_full_16676,VMNILLQYV_HLA-A*02:01,tcr8083,1
vdjdb_full_16676_ss_2_n0,VMNILLQYV_HLA-A*02:01,tcr333,0
vdjdb_full_16677,VMNILLQYV_HLA-A*02:01,tcr5814,1
vdjdb_full_16677_ss_2_n0,VMNILLQYV_HLA-A*02:01,tcr4152,0
vdjdb_full_16678,VMNILLQYV_HLA-A*02:01,tcr15923,1
vdjdb_full_16678_ss_2_n0,VMNILLQYV_HLA-A*02:01,tcr13936,0
vdjdb_full_16679,VMNILLQYV_HLA-A*02:01,tcr5964,1
vdjdb_full_16679_ss_2_n0,VMNILLQYV_HLA-A*02:01,tcr3332,0
vdjdb_full_16680,VMNILLQYV_HLA-A*02:01,tcr7143,1
vdjdb_full_16680_ss_2_n0,VMNILLQYV_HLA-A*02:01,tcr13815,0
vdjdb_full_16681,VMNILLQYV_HLA-A*02:01,tcr7788,1
vdjdb_full_16681_ss_2_n0,VMNILLQYV_HLA-A*02:01,tcr5041,0
vdjdb_full_13501,LLLEWLAMA_HLA-A*02:01,tcr6035,1
vdjdb_full_13501_ss_2_n0,LLLEWLAMA_HLA-A*02:01,tcr6309,0
vdjdb_full_13502,LLLEWLAMA_HLA-A*02:01,tcr2529,1
vdjdb_full_13502_ss_2_n0,LLLEWLAMA_HLA-A*02:01,tcr6530,0
vdjdb_full_13503,LLLEWLAMA_HLA-A*02:01,tcr14554,1
vdjdb_full_13503_ss_2_n0,LLLEWLAMA_HLA-A*02:01,tcr1341,0
vdjdb_full_13504,LLLEWLAMA_HLA-A*02:01,tcr13835,1
vdjdb_full_13504_ss_2_n0,LLLEWLAMA_HLA-A*02:01,tcr12546,0
vdjdb_full_13505,LLLEWLAMA_HLA-A*02:01,tcr14118,1
vdjdb_full_13505_ss_2_n0,LLLEWLAMA_HLA-A*02:01,tcr2115,0
vdjdb_full_13506,LLLEWLAMA_HLA-A*02:01,tcr15013,1
vdjdb_full_13506_ss_2_n0,LLLEWLAMA_HLA-A*02:01,tcr12941,0
vdjdb_full_13507,LLLEWLAMA_HLA-A*02:01,tcr8438,1
vdjdb_full_13507_ss_2_n0,LLLEWLAMA_HLA-A*02:01,tcr11561,0
vdjdb_full_13508,LLLEWLAMA_HLA-A*02:01,tcr15269,1
vdjdb_full_13508_ss_2_n0,LLLEWLAMA_HLA-A*02:01,tcr17944,0
vdjdb_full_13509,LLLEWLAMA_HLA-A*02:01,tcr14042,1
vdjdb_full_13509_ss_2_n0,LLLEWLAMA_HLA-A*02:01,tcr6817,0
vdjdb_full_13510,LLLEWLAMA_HLA-A*02:01,tcr13617,1
vdjdb_full_13510_ss_2_n0,LLLEWLAMA_HLA-A*02:01,tcr15844,0
vdjdb_full_15052,TSQWLTNIF_HLA-A*24:02,tcr16944,1
vdjdb_full_15052_ss_2_n0,TSQWLTNIF_HLA-A*24:02,tcr15126,0
vdjdb_full_15053,TSQWLTNIF_HLA-A*24:02,tcr3390,1
vdjdb_full_15053_ss_2_n0,TSQWLTNIF_HLA-A*24:02,tcr13304,0
vdjdb_full_15054,TSQWLTNIF_HLA-A*24:02,tcr14917,1
vdjdb_full_15054_ss_2_n0,TSQWLTNIF_HLA-A*24:02,tcr17583,0
vdjdb_full_15055,TSQWLTNIF_HLA-A*24:02,tcr1089,1
vdjdb_full_15055_ss_2_n0,TSQWLTNIF_HLA-A*24:02,tcr333,0
vdjdb_full_15056,TSQWLTNIF_HLA-A*24:02,tcr16372,1
vdjdb_full_15056_ss_2_n0,TSQWLTNIF_HLA-A*24:02,tcr5785,0
vdjdb_full_15057,TSQWLTNIF_HLA-A*24:02,tcr14441,1
vdjdb_full_15057_ss_2_n0,TSQWLTNIF_HLA-A*24:02,tcr4023,0
vdjdb_full_15058,TSQWLTNIF_HLA-A*24:02,tcr14706,1
vdjdb_full_15058_ss_2_n0,TSQWLTNIF_HLA-A*24:02,tcr2953,0
vdjdb_full_15059,TSQWLTNIF_HLA-A*24:02,tcr10926,1
vdjdb_full_15059_ss_2_n0,TSQWLTNIF_HLA-A*24:02,tcr5488,0
vdjdb_full_15060,TSQWLTNIF_HLA-A*24:02,tcr4406,1
vdjdb_full_15060_ss_2_n0,TSQWLTNIF_HLA-A*24:02,tcr16820,0
vdjdb_full_15061,TSQWLTNIF_HLA-A*24:02,tcr10950,1
vdjdb_full_15061_ss_2_n0,TSQWLTNIF_HLA-A*24:02,tcr12601,0
vdjdb_full_17493,RLITGRLQSL_HLA-A*02:01,tcr5266,1
vdjdb_full_17493_ss_2_n0,RLITGRLQSL_HLA-A*02:01,tcr11918,0
vdjdb_full_17494,RLITGRLQSL_HLA-A*02:01,tcr12383,1
vdjdb_full_17494_ss_2_n0,RLITGRLQSL_HLA-A*02:01,tcr15843,0
vdjdb_full_17495,RLITGRLQSL_HLA-A*02:01,tcr8754,1
vdjdb_full_17495_ss_2_n0,RLITGRLQSL_HLA-A*02:01,tcr13625,0
vdjdb_full_17496,RLITGRLQSL_HLA-A*02:01,tcr13844,1
vdjdb_full_17496_ss_2_n0,RLITGRLQSL_HLA-A*02:01,tcr10331,0
vdjdb_full_17497,RLITGRLQSL_HLA-A*02:01,tcr5186,1
vdjdb_full_17497_ss_2_n0,RLITGRLQSL_HLA-A*02:01,tcr8529,0
vdjdb_full_17498,RLITGRLQSL_HLA-A*02:01,tcr7803,1
vdjdb_full_17498_ss_2_n0,RLITGRLQSL_HLA-A*02:01,tcr8963,0
vdjdb_full_17499,RLITGRLQSL_HLA-A*02:01,tcr14398,1
vdjdb_full_17499_ss_2_n0,RLITGRLQSL_HLA-A*02:01,tcr14957,0
vdjdb_full_17500,RLITGRLQSL_HLA-A*02:01,tcr16399,1
vdjdb_full_17500_ss_2_n0,RLITGRLQSL_HLA-A*02:01,tcr6344,0
vdjdb_full_17501,RLITGRLQSL_HLA-A*02:01,tcr8671,1
vdjdb_full_17501_ss_2_n0,RLITGRLQSL_HLA-A*02:01,tcr9190,0
vdjdb_full_17502,RLITGRLQSL_HLA-A*02:01,tcr811,1
vdjdb_full_17502_ss_2_n0,RLITGRLQSL_HLA-A*02:01,tcr9758,0
vdjdb_full_17524,RLWGTWVKA_HLA-A*02:01,tcr7365,1
vdjdb_full_17524_ss_2_n0,RLWGTWVKA_HLA-A*02:01,tcr18385,0
vdjdb_full_17525,RLWGTWVKA_HLA-A*02:01,tcr17923,1
vdjdb_full_17525_ss_2_n0,RLWGTWVKA_HLA-A*02:01,tcr15341,0
vdjdb_full_17526,RLWGTWVKA_HLA-A*02:01,tcr9329,1
vdjdb_full_17526_ss_2_n0,RLWGTWVKA_HLA-A*02:01,tcr1667,0
vdjdb_full_17527,RLWGTWVKA_HLA-A*02:01,tcr852,1
vdjdb_full_17527_ss_2_n0,RLWGTWVKA_HLA-A*02:01,tcr5219,0
vdjdb_full_17528,RLWGTWVKA_HLA-A*02:01,tcr13593,1
vdjdb_full_17528_ss_2_n0,RLWGTWVKA_HLA-A*02:01,tcr16991,0
vdjdb_full_17529,RLWGTWVKA_HLA-A*02:01,tcr15724,1
vdjdb_full_17529_ss_2_n0,RLWGTWVKA_HLA-A*02:01,tcr7515,0
vdjdb_full_17530,RLWGTWVKA_HLA-A*02:01,tcr9627,1
vdjdb_full_17530_ss_2_n0,RLWGTWVKA_HLA-A*02:01,tcr10306,0
vdjdb_full_17531,RLWGTWVKA_HLA-A*02:01,tcr16669,1
vdjdb_full_17531_ss_2_n0,RLWGTWVKA_HLA-A*02:01,tcr16007,0
vdjdb_full_17532,RLWGTWVKA_HLA-A*02:01,tcr8819,1
vdjdb_full_17532_ss_2_n0,RLWGTWVKA_HLA-A*02:01,tcr4347,0
vdjdb_full_17533,RLWGTWVKA_HLA-A*02:01,tcr13937,1
vdjdb_full_17533_ss_2_n0,RLWGTWVKA_HLA-A*02:01,tcr814,0
vdjdb_full_17712,TLWCSPIKV_HLA-A*02:01,tcr13362,1
vdjdb_full_17712_ss_2_n0,TLWCSPIKV_HLA-A*02:01,tcr13454,0
vdjdb_full_17713,TLWCSPIKV_HLA-A*02:01,tcr12487,1
vdjdb_full_17713_ss_2_n0,TLWCSPIKV_HLA-A*02:01,tcr18037,0
vdjdb_full_17714,TLWCSPIKV_HLA-A*02:01,tcr14300,1
vdjdb_full_17714_ss_2_n0,TLWCSPIKV_HLA-A*02:01,tcr14150,0
vdjdb_full_17715,TLWCSPIKV_HLA-A*02:01,tcr4127,1
vdjdb_full_17715_ss_2_n0,TLWCSPIKV_HLA-A*02:01,tcr7181,0
vdjdb_full_17716,TLWCSPIKV_HLA-A*02:01,tcr4864,1
vdjdb_full_17716_ss_2_n0,TLWCSPIKV_HLA-A*02:01,tcr8754,0
vdjdb_full_17717,TLWCSPIKV_HLA-A*02:01,tcr7225,1
vdjdb_full_17717_ss_2_n0,TLWCSPIKV_HLA-A*02:01,tcr15489,0
vdjdb_full_17718,TLWCSPIKV_HLA-A*02:01,tcr7182,1
vdjdb_full_17718_ss_2_n0,TLWCSPIKV_HLA-A*02:01,tcr6101,0
vdjdb_full_17719,TLWCSPIKV_HLA-A*02:01,tcr10981,1
vdjdb_full_17719_ss_2_n0,TLWCSPIKV_HLA-A*02:01,tcr8949,0
vdjdb_full_17720,TLWCSPIKV_HLA-A*02:01,tcr14997,1
vdjdb_full_17720_ss_2_n0,TLWCSPIKV_HLA-A*02:01,tcr232,0
vdjdb_full_17721,TLWCSPIKV_HLA-A*02:01,tcr15065,1
vdjdb_full_17721_ss_2_n0,TLWCSPIKV_HLA-A*02:01,tcr17281,0
vdjdb_full_18410,FLWSVFWLI_HLA-A*02:01,tcr15271,1
vdjdb_full_18410_ss_2_n0,FLWSVFWLI_HLA-A*02:01,tcr17552,0
vdjdb_full_18411,FLWSVFWLI_HLA-A*02:01,tcr11988,1
vdjdb_full_18411_ss_2_n0,FLWSVFWLI_HLA-A*02:01,tcr3944,0
vdjdb_full_18412,FLWSVFWLI_HLA-A*02:01,tcr7886,1
vdjdb_full_18412_ss_2_n0,FLWSVFWLI_HLA-A*02:01,tcr5172,0
vdjdb_full_18413,FLWSVFWLI_HLA-A*02:01,tcr11014,1
vdjdb_full_18413_ss_2_n0,FLWSVFWLI_HLA-A*02:01,tcr4181,0
vdjdb_full_18414,FLWSVFWLI_HLA-A*02:01,tcr292,1
vdjdb_full_18414_ss_2_n0,FLWSVFWLI_HLA-A*02:01,tcr17776,0
vdjdb_full_18415,FLWSVFWLI_HLA-A*02:01,tcr8449,1
vdjdb_full_18415_ss_2_n0,FLWSVFWLI_HLA-A*02:01,tcr9245,0
vdjdb_full_18416,FLWSVFWLI_HLA-A*02:01,tcr1418,1
vdjdb_full_18416_ss_2_n0,FLWSVFWLI_HLA-A*02:01,tcr12653,0
vdjdb_full_18417,FLWSVFWLI_HLA-A*02:01,tcr156,1
vdjdb_full_18417_ss_2_n0,FLWSVFWLI_HLA-A*02:01,tcr4831,0
vdjdb_full_18418,FLWSVFWLI_HLA-A*02:01,tcr16724,1
vdjdb_full_18418_ss_2_n0,FLWSVFWLI_HLA-A*02:01,tcr10604,0
vdjdb_full_18419,FLWSVFWLI_HLA-A*02:01,tcr6493,1
vdjdb_full_18419_ss_2_n0,FLWSVFWLI_HLA-A*02:01,tcr5182,0
vdjdb_full_9523,CVNGSCFTV_HLA-A*02:01,tcr15890,1
vdjdb_full_9523_ss_2_n0,CVNGSCFTV_HLA-A*02:01,tcr15843,0
vdjdb_full_9524,CVNGSCFTV_HLA-A*02:01,tcr17507,1
vdjdb_full_9524_ss_2_n0,CVNGSCFTV_HLA-A*02:01,tcr912,0
vdjdb_full_9525,CVNGSCFTV_HLA-A*02:01,tcr13159,1
vdjdb_full_9525_ss_2_n0,CVNGSCFTV_HLA-A*02:01,tcr1318,0
vdjdb_full_9526,CVNGSCFTV_HLA-A*02:01,tcr14044,1
vdjdb_full_9526_ss_2_n0,CVNGSCFTV_HLA-A*02:01,tcr13304,0
vdjdb_full_9527,CVNGSCFTV_HLA-A*02:01,tcr6256,1
vdjdb_full_9527_ss_2_n0,CVNGSCFTV_HLA-A*02:01,tcr15030,0
vdjdb_full_9529,CVNGSCFTV_HLA-A*02:01,tcr655,1
vdjdb_full_9529_ss_2_n0,CVNGSCFTV_HLA-A*02:01,tcr14042,0
vdjdb_full_9530,CVNGSCFTV_HLA-A*02:01,tcr13554,1
vdjdb_full_9530_ss_2_n0,CVNGSCFTV_HLA-A*02:01,tcr3996,0
vdjdb_full_9531,CVNGSCFTV_HLA-A*02:01,tcr7100,1
vdjdb_full_9531_ss_2_n0,CVNGSCFTV_HLA-A*02:01,tcr16145,0
vdjdb_full_9532,CVNGSCFTV_HLA-A*02:01,tcr2477,1
vdjdb_full_9532_ss_2_n0,CVNGSCFTV_HLA-A*02:01,tcr18332,0
vdjdb_full_9533,CVNGSCFTV_HLA-A*02:01,tcr10855,1
vdjdb_full_9533_ss_2_n0,CVNGSCFTV_HLA-A*02:01,tcr12730,0
