id_iptm_filtered,pmhc,tcr,ids_negatives_csv,n_ids_negatives_csv
vdjdb_full_10032_ss_2_n0_iptm_filtered,RLRAEAQVK_HLA-A*03:01,tcr3073,vdjdb_full_10292_rs_1_n0,1
vdjdb_full_10032_ss_3_n0_iptm_filtered,RLRAEAQVK_HLA-A*03:01,tcr15699,vdjdb_full_10204_rs_4_n0,1
vdjdb_full_10092_ss_0_n0_iptm_filtered,RLRAEAQVK_HLA-A*03:01,tcr149,vdjdb_full_10243_ss_3_n0,1
vdjdb_full_10092_ss_3_n0_iptm_filtered,RLRAEAQVK_HLA-A*03:01,tcr9958,vdjdb_full_10074_rs_2_n0|vdjdb_full_10191_ss_0_n0|vdjdb_full_9968_ss_0_n0,3
vdjdb_full_10103_rs_2_n0_iptm_filtered,RLRAEAQVK_HLA-A*03:01,tcr4004,vdjdb_full_10145_rs_1_n0,1
vdjdb_full_10103_ss_3_n0_iptm_filtered,RLRAEAQVK_HLA-A*03:01,tcr7194,vdjdb_full_10015_ss_3_n0,1
vdjdb_full_10146_ss_2_n0_iptm_filtered,RLRAEAQVK_HLA-A*03:01,tcr5565,vdjdb_full_10128_ss_3_n0,1
vdjdb_full_10155_rs_2_n0_iptm_filtered,RLRAEAQVK_HLA-A*03:01,tcr14141,vdjdb_full_10146_ss_1_n0,1
vdjdb_full_10155_ss_0_n0_iptm_filtered,RLRAEAQVK_HLA-A*03:01,tcr15143,vdjdb_full_10117_rs_4_n0,1
vdjdb_full_10155_ss_3_n0_iptm_filtered,RLRAEAQVK_HLA-A*03:01,tcr250,vdjdb_full_10292_ss_0_n0,1
vdjdb_full_10163_ss_3_n0_iptm_filtered,RLRAEAQVK_HLA-A*03:01,tcr8341,vdjdb_full_10095_ss_3_n0,1
vdjdb_full_10213_rs_1_n0_iptm_filtered,RLRAEAQVK_HLA-A*03:01,tcr2550,vdjdb_full_10119_ss_4_n0,1
vdjdb_full_10213_rs_2_n0_iptm_filtered,RLRAEAQVK_HLA-A*03:01,tcr4462,vdjdb_full_10323_ss_2_n0,1
vdjdb_full_10213_ss_4_n0_iptm_filtered,RLRAEAQVK_HLA-A*03:01,tcr6859,vdjdb_full_10364_rs_2_n0,1
vdjdb_full_10239_rs_0_n0_iptm_filtered,RLRAEAQVK_HLA-A*03:01,tcr18301,vdjdb_full_10084_ss_2_n0|vdjdb_full_10155_ss_3_n0,2
vdjdb_full_10239_rs_3_n0_iptm_filtered,RLRAEAQVK_HLA-A*03:01,tcr3034,vdjdb_full_10300_ss_1_n0,1
vdjdb_full_10239_ss_2_n0_iptm_filtered,RLRAEAQVK_HLA-A*03:01,tcr3553,vdjdb_full_10185_ss_0_n0,1
vdjdb_full_10257_rs_3_n0_iptm_filtered,RLRAEAQVK_HLA-A*03:01,tcr8643,vdjdb_full_10041_rs_0_n0,1
vdjdb_full_10284_rs_0_n0_iptm_filtered,RLRAEAQVK_HLA-A*03:01,tcr10313,vdjdb_full_10145_rs_0_n0,1
vdjdb_full_10284_ss_2_n0_iptm_filtered,RLRAEAQVK_HLA-A*03:01,tcr14675,vdjdb_full_10057_ss_3_n0,1
vdjdb_full_10285_rs_4_n0_iptm_filtered,RLRAEAQVK_HLA-A*03:01,tcr12742,vdjdb_full_10047_ss_4_n0,1
vdjdb_full_1028_rs_3_n0_iptm_filtered,KLGGALQAK_HLA-A*03:01,tcr8763,vdjdb_full_1580_ss_4_n0,1
vdjdb_full_10506_rs_4_n0_iptm_filtered,LLSLFSLWL_HLA-A*02:01,tcr4925,vdjdb_full_10509_rs_3_n0,1
vdjdb_full_10507_ss_4_n0_iptm_filtered,LLSLFSLWL_HLA-A*02:01,tcr14562,vdjdb_full_10506_rs_2_n0,1
vdjdb_full_10511_rs_2_n0_iptm_filtered,LLSLFSLWL_HLA-A*02:01,tcr13044,vdjdb_full_10504_rs_4_n0,1
vdjdb_full_10513_ss_0_n0_iptm_filtered,LLSLFSLWL_HLA-A*02:01,tcr13927,vdjdb_full_10511_ss_4_n0,1
vdjdb_full_10517_rs_0_n0_iptm_filtered,HPNGYKSLSTL_HLA-B*07:02,tcr1572,vdjdb_full_10523_rs_2_n0,1
vdjdb_full_10519_ss_3_n0_iptm_filtered,HPNGYKSLSTL_HLA-B*07:02,tcr9782,vdjdb_full_10518_rs_2_n0,1
vdjdb_full_10521_rs_3_n0_iptm_filtered,HPNGYKSLSTL_HLA-B*07:02,tcr4825,vdjdb_full_10529_rs_2_n0,1
vdjdb_full_10521_rs_4_n0_iptm_filtered,HPNGYKSLSTL_HLA-B*07:02,tcr9261,vdjdb_full_10535_rs_2_n0,1
vdjdb_full_10522_ss_4_n0_iptm_filtered,HPNGYKSLSTL_HLA-B*07:02,tcr12574,vdjdb_full_10522_ss_2_n0,1
vdjdb_full_10527_ss_1_n0_iptm_filtered,HPNGYKSLSTL_HLA-B*07:02,tcr4748,vdjdb_full_10516_ss_2_n0,1
vdjdb_full_10531_rs_4_n0_iptm_filtered,HPNGYKSLSTL_HLA-B*07:02,tcr3436,vdjdb_full_10523_ss_4_n0,1
vdjdb_full_10535_ss_2_n0_iptm_filtered,HPNGYKSLSTL_HLA-B*07:02,tcr16144,vdjdb_full_10544_ss_1_n0,1
vdjdb_full_10538_rs_0_n0_iptm_filtered,HPNGYKSLSTL_HLA-B*07:02,tcr18166,vdjdb_full_10537_rs_0_n0,1
vdjdb_full_10545_rs_0_n0_iptm_filtered,HPNGYKSLSTL_HLA-B*07:02,tcr12574,vdjdb_full_10522_ss_2_n0,1
vdjdb_full_10545_ss_4_n0_iptm_filtered,HPNGYKSLSTL_HLA-B*07:02,tcr6676,vdjdb_full_10539_ss_4_n0,1
vdjdb_full_10550_ss_3_n0_iptm_filtered,LTDEMIAQY_HLA-A*01:01,tcr958,vdjdb_full_10662_ss_1_n0,1
vdjdb_full_10552_ss_2_n0_iptm_filtered,LTDEMIAQY_HLA-A*01:01,tcr8219,vdjdb_full_10661_ss_3_n0,1
vdjdb_full_10553_rs_1_n0_iptm_filtered,LTDEMIAQY_HLA-A*01:01,tcr4369,vdjdb_full_10629_rs_3_n0,1
vdjdb_full_10558_rs_0_n0_iptm_filtered,LTDEMIAQY_HLA-A*01:01,tcr123,vdjdb_full_10661_ss_1_n0,1
vdjdb_full_10558_rs_1_n0_iptm_filtered,LTDEMIAQY_HLA-A*01:01,tcr11348,vdjdb_full_10598_rs_1_n0,1
vdjdb_full_10558_rs_2_n0_iptm_filtered,LTDEMIAQY_HLA-A*01:01,tcr1139,vdjdb_full_10583_rs_4_n0,1
vdjdb_full_10558_rs_3_n0_iptm_filtered,LTDEMIAQY_HLA-A*01:01,tcr4621,vdjdb_full_10559_ss_0_n0,1
vdjdb_full_10558_ss_0_n0_iptm_filtered,LTDEMIAQY_HLA-A*01:01,tcr16023,vdjdb_full_10649_ss_2_n0|vdjdb_full_10653_rs_3_n0,2
vdjdb_full_10559_rs_0_n0_iptm_filtered,LTDEMIAQY_HLA-A*01:01,tcr1460,vdjdb_full_10606_rs_0_n0,1
vdjdb_full_10559_rs_2_n0_iptm_filtered,LTDEMIAQY_HLA-A*01:01,tcr9141,vdjdb_full_10575_rs_3_n0,1
vdjdb_full_10564_rs_0_n0_iptm_filtered,LTDEMIAQY_HLA-A*01:01,tcr16152,vdjdb_full_10558_ss_1_n0|vdjdb_full_10559_rs_4_n0|vdjdb_full_10614_ss_2_n0,3
vdjdb_full_10565_ss_3_n0_iptm_filtered,LTDEMIAQY_HLA-A*01:01,tcr4850,vdjdb_full_10625_ss_4_n0,1
vdjdb_full_10567_ss_0_n0_iptm_filtered,LTDEMIAQY_HLA-A*01:01,tcr2832,vdjdb_full_10659_rs_4_n0,1
vdjdb_full_10572_rs_2_n0_iptm_filtered,LTDEMIAQY_HLA-A*01:01,tcr3620,vdjdb_full_10624_rs_3_n0,1
vdjdb_full_10574_rs_1_n0_iptm_filtered,LTDEMIAQY_HLA-A*01:01,tcr11757,vdjdb_full_10605_ss_0_n0,1
vdjdb_full_10574_rs_3_n0_iptm_filtered,LTDEMIAQY_HLA-A*01:01,tcr4259,vdjdb_full_10617_rs_1_n0,1
vdjdb_full_10578_ss_4_n0_iptm_filtered,LTDEMIAQY_HLA-A*01:01,tcr2838,vdjdb_full_10654_ss_1_n0,1
vdjdb_full_10581_ss_3_n0_iptm_filtered,LTDEMIAQY_HLA-A*01:01,tcr5865,vdjdb_full_10615_ss_2_n0,1
vdjdb_full_10582_rs_4_n0_iptm_filtered,LTDEMIAQY_HLA-A*01:01,tcr16695,vdjdb_full_10555_rs_1_n0|vdjdb_full_10671_rs_2_n0,2
vdjdb_full_10582_ss_4_n0_iptm_filtered,LTDEMIAQY_HLA-A*01:01,tcr16949,vdjdb_full_10662_ss_0_n0,1
vdjdb_full_10583_rs_2_n0_iptm_filtered,LTDEMIAQY_HLA-A*01:01,tcr18054,vdjdb_full_10661_rs_3_n0,1
vdjdb_full_10583_rs_3_n0_iptm_filtered,LTDEMIAQY_HLA-A*01:01,tcr14861,vdjdb_full_10597_rs_3_n0,1
vdjdb_full_10584_rs_3_n0_iptm_filtered,LTDEMIAQY_HLA-A*01:01,tcr3564,vdjdb_full_10675_ss_1_n0,1
vdjdb_full_10589_ss_0_n0_iptm_filtered,LTDEMIAQY_HLA-A*01:01,tcr16913,vdjdb_full_10609_rs_1_n0,1
vdjdb_full_10589_ss_1_n0_iptm_filtered,LTDEMIAQY_HLA-A*01:01,tcr16689,vdjdb_full_10585_ss_2_n0|vdjdb_full_10659_ss_2_n0,2
vdjdb_full_10590_rs_1_n0_iptm_filtered,LTDEMIAQY_HLA-A*01:01,tcr15584,vdjdb_full_10643_rs_2_n0,1
vdjdb_full_10590_rs_4_n0_iptm_filtered,LTDEMIAQY_HLA-A*01:01,tcr3043,vdjdb_full_10613_ss_0_n0|vdjdb_full_10622_ss_3_n0,2
vdjdb_full_10593_ss_1_n0_iptm_filtered,LTDEMIAQY_HLA-A*01:01,tcr2568,vdjdb_full_10659_rs_0_n0,1
vdjdb_full_10594_rs_3_n0_iptm_filtered,LTDEMIAQY_HLA-A*01:01,tcr5961,vdjdb_full_10551_ss_2_n0,1
vdjdb_full_10596_rs_2_n0_iptm_filtered,LTDEMIAQY_HLA-A*01:01,tcr1936,vdjdb_full_10590_ss_4_n0|vdjdb_full_10630_rs_1_n0|vdjdb_full_10663_rs_2_n0,3
vdjdb_full_10597_ss_1_n0_iptm_filtered,LTDEMIAQY_HLA-A*01:01,tcr6559,vdjdb_full_10567_ss_3_n0,1
vdjdb_full_10600_rs_3_n0_iptm_filtered,LTDEMIAQY_HLA-A*01:01,tcr5176,vdjdb_full_10631_rs_3_n0,1
vdjdb_full_10601_ss_3_n0_iptm_filtered,LTDEMIAQY_HLA-A*01:01,tcr12497,vdjdb_full_10673_ss_0_n0,1
vdjdb_full_10606_rs_0_n0_iptm_filtered,LTDEMIAQY_HLA-A*01:01,tcr4341,vdjdb_full_10613_ss_2_n0,1
vdjdb_full_10606_rs_2_n0_iptm_filtered,LTDEMIAQY_HLA-A*01:01,tcr14861,vdjdb_full_10597_rs_3_n0,1
vdjdb_full_10606_ss_2_n0_iptm_filtered,LTDEMIAQY_HLA-A*01:01,tcr2568,vdjdb_full_10659_rs_0_n0,1
vdjdb_full_10606_ss_4_n0_iptm_filtered,LTDEMIAQY_HLA-A*01:01,tcr3802,vdjdb_full_10658_rs_3_n0,1
vdjdb_full_10607_rs_0_n0_iptm_filtered,LTDEMIAQY_HLA-A*01:01,tcr11415,vdjdb_full_10584_ss_2_n0,1
vdjdb_full_10607_ss_3_n0_iptm_filtered,LTDEMIAQY_HLA-A*01:01,tcr11013,vdjdb_full_10605_rs_0_n0,1
vdjdb_full_10609_rs_0_n0_iptm_filtered,LTDEMIAQY_HLA-A*01:01,tcr3492,vdjdb_full_10553_rs_0_n0|vdjdb_full_10608_rs_3_n0,2
vdjdb_full_10609_rs_3_n0_iptm_filtered,LTDEMIAQY_HLA-A*01:01,tcr16493,vdjdb_full_10675_ss_3_n0,1
vdjdb_full_10609_ss_0_n0_iptm_filtered,LTDEMIAQY_HLA-A*01:01,tcr9626,vdjdb_full_10635_ss_4_n0,1
vdjdb_full_10610_rs_0_n0_iptm_filtered,LTDEMIAQY_HLA-A*01:01,tcr5925,vdjdb_full_10650_ss_1_n0,1
vdjdb_full_10610_ss_0_n0_iptm_filtered,LTDEMIAQY_HLA-A*01:01,tcr11539,vdjdb_full_10667_ss_3_n0,1
vdjdb_full_10611_rs_4_n0_iptm_filtered,LTDEMIAQY_HLA-A*01:01,tcr9700,vdjdb_full_10564_ss_2_n0|vdjdb_full_10574_rs_0_n0|vdjdb_full_10597_rs_2_n0,3
vdjdb_full_10611_ss_0_n0_iptm_filtered,LTDEMIAQY_HLA-A*01:01,tcr122,vdjdb_full_10668_ss_0_n0,1
vdjdb_full_10611_ss_2_n0_iptm_filtered,LTDEMIAQY_HLA-A*01:01,tcr4369,vdjdb_full_10629_rs_3_n0,1
vdjdb_full_10614_rs_4_n0_iptm_filtered,LTDEMIAQY_HLA-A*01:01,tcr4909,vdjdb_full_10601_ss_0_n0,1
vdjdb_full_10614_ss_0_n0_iptm_filtered,LTDEMIAQY_HLA-A*01:01,tcr14701,vdjdb_full_10668_ss_2_n0|vdjdb_full_10670_ss_0_n0,2
vdjdb_full_10616_rs_3_n0_iptm_filtered,LTDEMIAQY_HLA-A*01:01,tcr7117,vdjdb_full_10676_ss_4_n0,1
vdjdb_full_10617_rs_4_n0_iptm_filtered,LTDEMIAQY_HLA-A*01:01,tcr14095,vdjdb_full_10631_rs_4_n0,1
vdjdb_full_10618_rs_1_n0_iptm_filtered,LTDEMIAQY_HLA-A*01:01,tcr2850,vdjdb_full_10554_rs_1_n0|vdjdb_full_10567_ss_1_n0,2
vdjdb_full_10618_ss_2_n0_iptm_filtered,LTDEMIAQY_HLA-A*01:01,tcr9782,vdjdb_full_10578_rs_3_n0,1
vdjdb_full_10619_ss_0_n0_iptm_filtered,LTDEMIAQY_HLA-A*01:01,tcr16140,vdjdb_full_10581_rs_1_n0,1
vdjdb_full_10619_ss_4_n0_iptm_filtered,LTDEMIAQY_HLA-A*01:01,tcr7448,vdjdb_full_10627_ss_0_n0,1
vdjdb_full_10620_rs_0_n0_iptm_filtered,LTDEMIAQY_HLA-A*01:01,tcr4004,vdjdb_full_10632_ss_4_n0,1
vdjdb_full_10620_rs_2_n0_iptm_filtered,LTDEMIAQY_HLA-A*01:01,tcr5143,vdjdb_full_10676_ss_0_n0,1
vdjdb_full_10620_ss_0_n0_iptm_filtered,LTDEMIAQY_HLA-A*01:01,tcr3759,vdjdb_full_10640_rs_4_n0,1
vdjdb_full_10620_ss_4_n0_iptm_filtered,LTDEMIAQY_HLA-A*01:01,tcr6924,vdjdb_full_10582_ss_4_n0,1
vdjdb_full_10621_rs_0_n0_iptm_filtered,LTDEMIAQY_HLA-A*01:01,tcr10662,vdjdb_full_10577_ss_1_n0,1
vdjdb_full_10621_rs_2_n0_iptm_filtered,LTDEMIAQY_HLA-A*01:01,tcr2107,vdjdb_full_10593_ss_3_n0,1
vdjdb_full_10621_rs_3_n0_iptm_filtered,LTDEMIAQY_HLA-A*01:01,tcr3825,vdjdb_full_10662_rs_4_n0,1
vdjdb_full_10622_rs_0_n0_iptm_filtered,LTDEMIAQY_HLA-A*01:01,tcr14329,vdjdb_full_10572_ss_4_n0,1
vdjdb_full_10622_rs_3_n0_iptm_filtered,LTDEMIAQY_HLA-A*01:01,tcr5342,vdjdb_full_10566_rs_1_n0,1
vdjdb_full_10622_rs_4_n0_iptm_filtered,LTDEMIAQY_HLA-A*01:01,tcr9480,vdjdb_full_10640_rs_2_n0,1
vdjdb_full_10622_ss_2_n0_iptm_filtered,LTDEMIAQY_HLA-A*01:01,tcr4320,vdjdb_full_10675_ss_2_n0,1
vdjdb_full_10625_rs_0_n0_iptm_filtered,LTDEMIAQY_HLA-A*01:01,tcr13477,vdjdb_full_10583_rs_1_n0,1
vdjdb_full_10625_rs_4_n0_iptm_filtered,LTDEMIAQY_HLA-A*01:01,tcr3019,vdjdb_full_10607_ss_1_n0,1
vdjdb_full_10627_rs_2_n0_iptm_filtered,LTDEMIAQY_HLA-A*01:01,tcr3825,vdjdb_full_10662_rs_4_n0,1
vdjdb_full_10627_rs_3_n0_iptm_filtered,LTDEMIAQY_HLA-A*01:01,tcr5176,vdjdb_full_10631_rs_3_n0,1
vdjdb_full_10627_rs_4_n0_iptm_filtered,LTDEMIAQY_HLA-A*01:01,tcr12076,vdjdb_full_10659_ss_3_n0,1
vdjdb_full_10627_ss_2_n0_iptm_filtered,LTDEMIAQY_HLA-A*01:01,tcr7642,vdjdb_full_10555_ss_1_n0,1
vdjdb_full_10628_rs_4_n0_iptm_filtered,LTDEMIAQY_HLA-A*01:01,tcr15904,vdjdb_full_10607_ss_4_n0|vdjdb_full_10678_ss_4_n0,2
vdjdb_full_10628_ss_2_n0_iptm_filtered,LTDEMIAQY_HLA-A*01:01,tcr5870,vdjdb_full_10577_rs_4_n0|vdjdb_full_10605_ss_3_n0,2
vdjdb_full_10628_ss_4_n0_iptm_filtered,LTDEMIAQY_HLA-A*01:01,tcr1042,vdjdb_full_10615_ss_1_n0,1
vdjdb_full_10629_rs_0_n0_iptm_filtered,LTDEMIAQY_HLA-A*01:01,tcr17205,vdjdb_full_10620_rs_3_n0,1
vdjdb_full_10629_rs_3_n0_iptm_filtered,LTDEMIAQY_HLA-A*01:01,tcr5839,vdjdb_full_10581_ss_3_n0,1
vdjdb_full_10633_rs_4_n0_iptm_filtered,LTDEMIAQY_HLA-A*01:01,tcr7448,vdjdb_full_10627_ss_0_n0,1
vdjdb_full_10636_rs_0_n0_iptm_filtered,LTDEMIAQY_HLA-A*01:01,tcr3825,vdjdb_full_10662_rs_4_n0,1
vdjdb_full_10636_ss_1_n0_iptm_filtered,LTDEMIAQY_HLA-A*01:01,tcr8219,vdjdb_full_10661_ss_3_n0,1
vdjdb_full_10636_ss_2_n0_iptm_filtered,LTDEMIAQY_HLA-A*01:01,tcr5870,vdjdb_full_10577_rs_4_n0|vdjdb_full_10605_ss_3_n0,2
vdjdb_full_10637_rs_1_n0_iptm_filtered,LTDEMIAQY_HLA-A*01:01,tcr12086,vdjdb_full_10670_ss_4_n0,1
vdjdb_full_10637_rs_4_n0_iptm_filtered,LTDEMIAQY_HLA-A*01:01,tcr13477,vdjdb_full_10583_rs_1_n0,1
vdjdb_full_10646_rs_3_n0_iptm_filtered,LTDEMIAQY_HLA-A*01:01,tcr12372,vdjdb_full_10557_rs_2_n0,1
vdjdb_full_10646_ss_1_n0_iptm_filtered,LTDEMIAQY_HLA-A*01:01,tcr3937,vdjdb_full_10592_rs_0_n0,1
vdjdb_full_10649_rs_1_n0_iptm_filtered,LTDEMIAQY_HLA-A*01:01,tcr16493,vdjdb_full_10675_ss_3_n0,1
vdjdb_full_10651_ss_0_n0_iptm_filtered,LTDEMIAQY_HLA-A*01:01,tcr4528,vdjdb_full_10635_ss_0_n0,1
vdjdb_full_10653_rs_4_n0_iptm_filtered,LTDEMIAQY_HLA-A*01:01,tcr15147,vdjdb_full_10576_rs_1_n0,1
vdjdb_full_10663_rs_3_n0_iptm_filtered,LTDEMIAQY_HLA-A*01:01,tcr8231,vdjdb_full_10661_ss_2_n0,1
vdjdb_full_10663_rs_4_n0_iptm_filtered,LTDEMIAQY_HLA-A*01:01,tcr4320,vdjdb_full_10675_ss_2_n0,1
vdjdb_full_10663_ss_0_n0_iptm_filtered,LTDEMIAQY_HLA-A*01:01,tcr17460,vdjdb_full_10605_rs_2_n0,1
vdjdb_full_10663_ss_2_n0_iptm_filtered,LTDEMIAQY_HLA-A*01:01,tcr5615,vdjdb_full_10585_rs_4_n0,1
vdjdb_full_10663_ss_3_n0_iptm_filtered,LTDEMIAQY_HLA-A*01:01,tcr2902,vdjdb_full_10611_ss_0_n0,1
vdjdb_full_10663_ss_4_n0_iptm_filtered,LTDEMIAQY_HLA-A*01:01,tcr1909,vdjdb_full_10654_rs_3_n0,1
vdjdb_full_10668_ss_0_n0_iptm_filtered,LTDEMIAQY_HLA-A*01:01,tcr16742,vdjdb_full_10560_rs_4_n0,1
vdjdb_full_10668_ss_1_n0_iptm_filtered,LTDEMIAQY_HLA-A*01:01,tcr13090,vdjdb_full_10578_ss_3_n0,1
vdjdb_full_10668_ss_4_n0_iptm_filtered,LTDEMIAQY_HLA-A*01:01,tcr87,vdjdb_full_10643_ss_2_n0|vdjdb_full_10671_ss_4_n0,2
vdjdb_full_10670_rs_1_n0_iptm_filtered,LTDEMIAQY_HLA-A*01:01,tcr14232,vdjdb_full_10654_ss_2_n0,1
vdjdb_full_10670_rs_4_n0_iptm_filtered,LTDEMIAQY_HLA-A*01:01,tcr16504,vdjdb_full_10578_rs_0_n0,1
vdjdb_full_10670_ss_4_n0_iptm_filtered,LTDEMIAQY_HLA-A*01:01,tcr12306,vdjdb_full_10553_rs_3_n0,1
vdjdb_full_10676_rs_3_n0_iptm_filtered,LTDEMIAQY_HLA-A*01:01,tcr6456,vdjdb_full_10580_ss_2_n0,1
vdjdb_full_10676_rs_4_n0_iptm_filtered,LTDEMIAQY_HLA-A*01:01,tcr17674,vdjdb_full_10635_ss_2_n0,1
vdjdb_full_10677_rs_3_n0_iptm_filtered,LTDEMIAQY_HLA-A*01:01,tcr14562,vdjdb_full_10551_rs_1_n0,1
vdjdb_full_10677_rs_4_n0_iptm_filtered,LTDEMIAQY_HLA-A*01:01,tcr9700,vdjdb_full_10564_ss_2_n0|vdjdb_full_10574_rs_0_n0|vdjdb_full_10597_rs_2_n0,3
vdjdb_full_10677_ss_1_n0_iptm_filtered,LTDEMIAQY_HLA-A*01:01,tcr1334,vdjdb_full_10552_ss_4_n0|vdjdb_full_10606_ss_2_n0,2
vdjdb_full_10678_rs_3_n0_iptm_filtered,LTDEMIAQY_HLA-A*01:01,tcr12842,vdjdb_full_10610_ss_3_n0,1
vdjdb_full_10678_ss_1_n0_iptm_filtered,LTDEMIAQY_HLA-A*01:01,tcr8219,vdjdb_full_10661_ss_3_n0,1
vdjdb_full_10683_ss_3_n0_iptm_filtered,SPRWYFYYL_HLA-B*07:02,tcr10878,vdjdb_full_11027_rs_4_n0,1
vdjdb_full_10685_rs_3_n0_iptm_filtered,SPRWYFYYL_HLA-B*07:02,tcr17541,vdjdb_full_10873_ss_2_n0|vdjdb_full_10921_ss_2_n0,2
vdjdb_full_10685_ss_1_n0_iptm_filtered,SPRWYFYYL_HLA-B*07:02,tcr6156,vdjdb_full_10800_rs_0_n0,1
vdjdb_full_10691_rs_1_n0_iptm_filtered,SPRWYFYYL_HLA-B*07:02,tcr12498,vdjdb_full_11000_rs_3_n0,1
vdjdb_full_10691_rs_2_n0_iptm_filtered,SPRWYFYYL_HLA-B*07:02,tcr13095,vdjdb_full_10801_rs_4_n0,1
vdjdb_full_10691_ss_1_n0_iptm_filtered,SPRWYFYYL_HLA-B*07:02,tcr11169,vdjdb_full_11027_ss_2_n0,1
vdjdb_full_10699_rs_0_n0_iptm_filtered,SPRWYFYYL_HLA-B*07:02,tcr14304,vdjdb_full_10916_ss_4_n0,1
vdjdb_full_10699_rs_2_n0_iptm_filtered,SPRWYFYYL_HLA-B*07:02,tcr6762,vdjdb_full_10770_rs_3_n0,1
vdjdb_full_10713_rs_4_n0_iptm_filtered,SPRWYFYYL_HLA-B*07:02,tcr17536,vdjdb_full_10811_ss_2_n0|vdjdb_full_10967_rs_2_n0,2
vdjdb_full_10713_ss_0_n0_iptm_filtered,SPRWYFYYL_HLA-B*07:02,tcr9781,vdjdb_full_10811_rs_1_n0,1
vdjdb_full_10722_rs_0_n0_iptm_filtered,SPRWYFYYL_HLA-B*07:02,tcr7381,vdjdb_full_11000_ss_1_n0,1
vdjdb_full_10722_rs_2_n0_iptm_filtered,SPRWYFYYL_HLA-B*07:02,tcr5053,vdjdb_full_10745_ss_0_n0,1
vdjdb_full_10722_ss_0_n0_iptm_filtered,SPRWYFYYL_HLA-B*07:02,tcr9385,vdjdb_full_10978_ss_0_n0,1
vdjdb_full_10730_rs_0_n0_iptm_filtered,SPRWYFYYL_HLA-B*07:02,tcr3840,vdjdb_full_10975_rs_4_n0,1
vdjdb_full_10730_rs_3_n0_iptm_filtered,SPRWYFYYL_HLA-B*07:02,tcr17050,vdjdb_full_11000_ss_0_n0,1
vdjdb_full_10730_rs_4_n0_iptm_filtered,SPRWYFYYL_HLA-B*07:02,tcr12882,vdjdb_full_10776_ss_2_n0,1
vdjdb_full_10730_ss_1_n0_iptm_filtered,SPRWYFYYL_HLA-B*07:02,tcr3869,vdjdb_full_10797_ss_4_n0,1
vdjdb_full_10730_ss_3_n0_iptm_filtered,SPRWYFYYL_HLA-B*07:02,tcr1075,vdjdb_full_10885_ss_2_n0,1
vdjdb_full_10740_rs_1_n0_iptm_filtered,SPRWYFYYL_HLA-B*07:02,tcr14107,vdjdb_full_10761_ss_4_n0,1
vdjdb_full_10740_ss_1_n0_iptm_filtered,SPRWYFYYL_HLA-B*07:02,tcr11954,vdjdb_full_10928_ss_3_n0|vdjdb_full_11021_ss_1_n0,2
vdjdb_full_10742_rs_0_n0_iptm_filtered,SPRWYFYYL_HLA-B*07:02,tcr11331,vdjdb_full_10984_rs_1_n0,1
vdjdb_full_10742_ss_4_n0_iptm_filtered,SPRWYFYYL_HLA-B*07:02,tcr16155,vdjdb_full_10870_ss_0_n0,1
vdjdb_full_10751_rs_0_n0_iptm_filtered,SPRWYFYYL_HLA-B*07:02,tcr278,vdjdb_full_10938_rs_1_n0,1
vdjdb_full_10751_rs_1_n0_iptm_filtered,SPRWYFYYL_HLA-B*07:02,tcr3837,vdjdb_full_11021_ss_3_n0,1
vdjdb_full_10751_ss_4_n0_iptm_filtered,SPRWYFYYL_HLA-B*07:02,tcr7802,vdjdb_full_10745_ss_1_n0,1
vdjdb_full_10763_rs_1_n0_iptm_filtered,SPRWYFYYL_HLA-B*07:02,tcr1503,vdjdb_full_10975_rs_0_n0,1
vdjdb_full_10763_rs_4_n0_iptm_filtered,SPRWYFYYL_HLA-B*07:02,tcr11013,vdjdb_full_10779_ss_1_n0,1
vdjdb_full_10763_ss_4_n0_iptm_filtered,SPRWYFYYL_HLA-B*07:02,tcr18352,vdjdb_full_10728_ss_3_n0,1
vdjdb_full_10764_rs_1_n0_iptm_filtered,SPRWYFYYL_HLA-B*07:02,tcr4469,vdjdb_full_10683_ss_1_n0,1
vdjdb_full_10764_rs_4_n0_iptm_filtered,SPRWYFYYL_HLA-B*07:02,tcr11874,vdjdb_full_10730_rs_0_n0|vdjdb_full_10938_ss_0_n0,2
vdjdb_full_10781_ss_4_n0_iptm_filtered,SPRWYFYYL_HLA-B*07:02,tcr18352,vdjdb_full_10728_ss_3_n0,1
vdjdb_full_10797_ss_0_n0_iptm_filtered,SPRWYFYYL_HLA-B*07:02,tcr10526,vdjdb_full_10796_rs_3_n0,1
vdjdb_full_10797_ss_1_n0_iptm_filtered,SPRWYFYYL_HLA-B*07:02,tcr18394,vdjdb_full_11002_rs_2_n0,1
vdjdb_full_10797_ss_2_n0_iptm_filtered,SPRWYFYYL_HLA-B*07:02,tcr14882,vdjdb_full_10977_rs_2_n0,1
vdjdb_full_10797_ss_3_n0_iptm_filtered,SPRWYFYYL_HLA-B*07:02,tcr5612,vdjdb_full_10806_rs_0_n0,1
vdjdb_full_10801_ss_2_n0_iptm_filtered,SPRWYFYYL_HLA-B*07:02,tcr7136,vdjdb_full_10768_ss_0_n0,1
vdjdb_full_10805_ss_2_n0_iptm_filtered,SPRWYFYYL_HLA-B*07:02,tcr247,vdjdb_full_10937_rs_0_n0,1
vdjdb_full_10805_ss_3_n0_iptm_filtered,SPRWYFYYL_HLA-B*07:02,tcr16689,vdjdb_full_10828_rs_1_n0,1
vdjdb_full_10811_rs_4_n0_iptm_filtered,SPRWYFYYL_HLA-B*07:02,tcr6073,vdjdb_full_10795_rs_2_n0,1
vdjdb_full_10811_ss_0_n0_iptm_filtered,SPRWYFYYL_HLA-B*07:02,tcr17595,vdjdb_full_11002_rs_4_n0,1
vdjdb_full_10811_ss_4_n0_iptm_filtered,SPRWYFYYL_HLA-B*07:02,tcr14107,vdjdb_full_10761_ss_4_n0,1
vdjdb_full_10813_rs_2_n0_iptm_filtered,SPRWYFYYL_HLA-B*07:02,tcr8966,vdjdb_full_10764_ss_1_n0,1
vdjdb_full_10813_ss_2_n0_iptm_filtered,SPRWYFYYL_HLA-B*07:02,tcr6014,vdjdb_full_10922_ss_3_n0,1
vdjdb_full_10825_rs_4_n0_iptm_filtered,SPRWYFYYL_HLA-B*07:02,tcr12660,vdjdb_full_10751_rs_3_n0|vdjdb_full_11029_rs_1_n0|vdjdb_full_11035_ss_0_n0,3
vdjdb_full_10828_rs_3_n0_iptm_filtered,SPRWYFYYL_HLA-B*07:02,tcr2740,vdjdb_full_10864_ss_1_n0,1
vdjdb_full_10828_rs_4_n0_iptm_filtered,SPRWYFYYL_HLA-B*07:02,tcr12966,vdjdb_full_10896_ss_4_n0,1
vdjdb_full_10841_ss_1_n0_iptm_filtered,SPRWYFYYL_HLA-B*07:02,tcr3459,vdjdb_full_10961_rs_2_n0,1
vdjdb_full_10841_ss_2_n0_iptm_filtered,SPRWYFYYL_HLA-B*07:02,tcr13070,vdjdb_full_10688_rs_4_n0|vdjdb_full_10994_rs_1_n0,2
vdjdb_full_10841_ss_3_n0_iptm_filtered,SPRWYFYYL_HLA-B*07:02,tcr278,vdjdb_full_10938_rs_1_n0,1
vdjdb_full_10841_ss_4_n0_iptm_filtered,SPRWYFYYL_HLA-B*07:02,tcr7671,vdjdb_full_10869_ss_2_n0,1
vdjdb_full_10856_rs_0_n0_iptm_filtered,SPRWYFYYL_HLA-B*07:02,tcr14385,vdjdb_full_10763_ss_0_n0,1
vdjdb_full_10856_rs_1_n0_iptm_filtered,SPRWYFYYL_HLA-B*07:02,tcr9915,vdjdb_full_10707_ss_3_n0|vdjdb_full_10984_ss_0_n0|vdjdb_full_11004_ss_4_n0,3
vdjdb_full_10856_rs_3_n0_iptm_filtered,SPRWYFYYL_HLA-B*07:02,tcr6456,vdjdb_full_10890_ss_4_n0,1
vdjdb_full_10870_ss_0_n0_iptm_filtered,SPRWYFYYL_HLA-B*07:02,tcr7092,vdjdb_full_10921_rs_2_n0,1
vdjdb_full_10870_ss_2_n0_iptm_filtered,SPRWYFYYL_HLA-B*07:02,tcr9001,vdjdb_full_10885_ss_4_n0,1
vdjdb_full_10870_ss_4_n0_iptm_filtered,SPRWYFYYL_HLA-B*07:02,tcr17449,vdjdb_full_10698_rs_1_n0,1
vdjdb_full_10887_ss_0_n0_iptm_filtered,SPRWYFYYL_HLA-B*07:02,tcr12660,vdjdb_full_10751_rs_3_n0|vdjdb_full_11029_rs_1_n0|vdjdb_full_11035_ss_0_n0,3
vdjdb_full_10891_rs_2_n0_iptm_filtered,SPRWYFYYL_HLA-B*07:02,tcr16297,vdjdb_full_10999_rs_0_n0,1
vdjdb_full_10891_rs_3_n0_iptm_filtered,SPRWYFYYL_HLA-B*07:02,tcr11133,vdjdb_full_10977_ss_0_n0,1
vdjdb_full_10896_rs_0_n0_iptm_filtered,SPRWYFYYL_HLA-B*07:02,tcr4369,vdjdb_full_11016_rs_0_n0,1
vdjdb_full_10896_ss_3_n0_iptm_filtered,SPRWYFYYL_HLA-B*07:02,tcr3201,vdjdb_full_10936_rs_2_n0,1
vdjdb_full_10896_ss_4_n0_iptm_filtered,SPRWYFYYL_HLA-B*07:02,tcr6014,vdjdb_full_10922_ss_3_n0,1
vdjdb_full_10916_rs_4_n0_iptm_filtered,SPRWYFYYL_HLA-B*07:02,tcr17449,vdjdb_full_10698_rs_1_n0,1
vdjdb_full_10916_ss_4_n0_iptm_filtered,SPRWYFYYL_HLA-B*07:02,tcr2493,vdjdb_full_10861_rs_1_n0,1
vdjdb_full_10928_rs_2_n0_iptm_filtered,SPRWYFYYL_HLA-B*07:02,tcr5021,vdjdb_full_10762_rs_4_n0,1
vdjdb_full_10928_ss_4_n0_iptm_filtered,SPRWYFYYL_HLA-B*07:02,tcr6149,vdjdb_full_10722_ss_4_n0,1
vdjdb_full_10936_rs_1_n0_iptm_filtered,SPRWYFYYL_HLA-B*07:02,tcr10031,vdjdb_full_10716_ss_4_n0|vdjdb_full_10928_rs_3_n0,2
vdjdb_full_10936_ss_4_n0_iptm_filtered,SPRWYFYYL_HLA-B*07:02,tcr14882,vdjdb_full_10977_rs_2_n0,1
vdjdb_full_10961_rs_0_n0_iptm_filtered,SPRWYFYYL_HLA-B*07:02,tcr3970,vdjdb_full_10781_rs_4_n0,1
vdjdb_full_10963_rs_1_n0_iptm_filtered,SPRWYFYYL_HLA-B*07:02,tcr8571,vdjdb_full_10770_ss_1_n0,1
vdjdb_full_10963_rs_2_n0_iptm_filtered,SPRWYFYYL_HLA-B*07:02,tcr9958,vdjdb_full_10762_rs_1_n0,1
vdjdb_full_1096_ss_3_n0_iptm_filtered,KLGGALQAK_HLA-A*03:01,tcr12902,vdjdb_full_1580_rs_3_n0,1
vdjdb_full_10971_rs_0_n0_iptm_filtered,SPRWYFYYL_HLA-B*07:02,tcr13405,vdjdb_full_10926_rs_3_n0,1
vdjdb_full_10971_rs_1_n0_iptm_filtered,SPRWYFYYL_HLA-B*07:02,tcr4188,vdjdb_full_10999_ss_4_n0,1
vdjdb_full_10971_rs_3_n0_iptm_filtered,SPRWYFYYL_HLA-B*07:02,tcr7963,vdjdb_full_10800_ss_0_n0,1
vdjdb_full_10971_rs_4_n0_iptm_filtered,SPRWYFYYL_HLA-B*07:02,tcr14229,vdjdb_full_10997_rs_4_n0,1
vdjdb_full_10975_rs_2_n0_iptm_filtered,SPRWYFYYL_HLA-B*07:02,tcr9503,vdjdb_full_10977_ss_3_n0,1
vdjdb_full_10975_ss_2_n0_iptm_filtered,SPRWYFYYL_HLA-B*07:02,tcr1245,vdjdb_full_10828_rs_0_n0,1
vdjdb_full_10977_rs_3_n0_iptm_filtered,SPRWYFYYL_HLA-B*07:02,tcr2791,vdjdb_full_10841_ss_4_n0,1
vdjdb_full_10977_ss_4_n0_iptm_filtered,SPRWYFYYL_HLA-B*07:02,tcr6629,vdjdb_full_11013_rs_4_n0,1
vdjdb_full_10978_rs_1_n0_iptm_filtered,SPRWYFYYL_HLA-B*07:02,tcr10016,vdjdb_full_10800_ss_4_n0,1
vdjdb_full_10978_ss_0_n0_iptm_filtered,SPRWYFYYL_HLA-B*07:02,tcr232,vdjdb_full_10926_rs_1_n0,1
vdjdb_full_10994_ss_1_n0_iptm_filtered,SPRWYFYYL_HLA-B*07:02,tcr3312,vdjdb_full_10751_ss_4_n0|vdjdb_full_10873_ss_4_n0,2
vdjdb_full_10999_rs_1_n0_iptm_filtered,SPRWYFYYL_HLA-B*07:02,tcr2583,vdjdb_full_11028_ss_0_n0,1
vdjdb_full_10999_rs_3_n0_iptm_filtered,SPRWYFYYL_HLA-B*07:02,tcr2599,vdjdb_full_10869_rs_2_n0,1
vdjdb_full_10999_ss_2_n0_iptm_filtered,SPRWYFYYL_HLA-B*07:02,tcr13070,vdjdb_full_10688_rs_4_n0|vdjdb_full_10994_rs_1_n0,2
vdjdb_full_10_rs_0_n0_iptm_filtered,QAKWRLQTL_HLA-B*08:01,tcr3043,vdjdb_full_16_ss_4_n0,1
vdjdb_full_11013_rs_1_n0_iptm_filtered,SPRWYFYYL_HLA-B*07:02,tcr12036,vdjdb_full_10801_ss_3_n0,1
vdjdb_full_11013_rs_3_n0_iptm_filtered,SPRWYFYYL_HLA-B*07:02,tcr14229,vdjdb_full_10997_rs_4_n0,1
vdjdb_full_11027_rs_2_n0_iptm_filtered,SPRWYFYYL_HLA-B*07:02,tcr2732,vdjdb_full_10813_rs_4_n0,1
vdjdb_full_11027_ss_0_n0_iptm_filtered,SPRWYFYYL_HLA-B*07:02,tcr5612,vdjdb_full_10806_rs_0_n0,1
vdjdb_full_11029_rs_4_n0_iptm_filtered,SPRWYFYYL_HLA-B*07:02,tcr17908,vdjdb_full_10685_rs_1_n0,1
vdjdb_full_11029_ss_4_n0_iptm_filtered,SPRWYFYYL_HLA-B*07:02,tcr7300,vdjdb_full_10713_rs_2_n0|vdjdb_full_10951_ss_0_n0,2
vdjdb_full_11036_rs_4_n0_iptm_filtered,SPRWYFYYL_HLA-B*07:02,tcr1032,vdjdb_full_10730_rs_3_n0,1
vdjdb_full_11036_ss_2_n0_iptm_filtered,SPRWYFYYL_HLA-B*07:02,tcr3188,vdjdb_full_10745_rs_1_n0|vdjdb_full_10770_rs_1_n0,2
vdjdb_full_11036_ss_4_n0_iptm_filtered,SPRWYFYYL_HLA-B*07:02,tcr11133,vdjdb_full_10977_ss_0_n0,1
vdjdb_full_11069_rs_1_n0_iptm_filtered,FLASKIGRLV_HLA-A*02:01,tcr15346,vdjdb_full_11060_rs_4_n0,1
vdjdb_full_11082_rs_4_n0_iptm_filtered,AAGIGILTV_HLA-A*02:01,tcr18054,vdjdb_full_11078_ss_1_n0,1
vdjdb_full_11091_ss_3_n0_iptm_filtered,TTDPSFLGRY_HLA-A*01:01,tcr16530,vdjdb_full_11177_rs_0_n0,1
vdjdb_full_11100_rs_1_n0_iptm_filtered,TTDPSFLGRY_HLA-A*01:01,tcr18100,vdjdb_full_11387_rs_0_n0,1
vdjdb_full_11100_rs_4_n0_iptm_filtered,TTDPSFLGRY_HLA-A*01:01,tcr7664,vdjdb_full_11137_rs_2_n0,1
vdjdb_full_11100_ss_0_n0_iptm_filtered,TTDPSFLGRY_HLA-A*01:01,tcr247,vdjdb_full_11171_ss_0_n0,1
vdjdb_full_11100_ss_2_n0_iptm_filtered,TTDPSFLGRY_HLA-A*01:01,tcr9933,vdjdb_full_11437_rs_2_n0,1
vdjdb_full_11107_rs_0_n0_iptm_filtered,TTDPSFLGRY_HLA-A*01:01,tcr1845,vdjdb_full_11345_ss_2_n0,1
vdjdb_full_11116_ss_4_n0_iptm_filtered,TTDPSFLGRY_HLA-A*01:01,tcr12683,vdjdb_full_11475_ss_0_n0,1
vdjdb_full_11122_ss_1_n0_iptm_filtered,TTDPSFLGRY_HLA-A*01:01,tcr12995,vdjdb_full_11274_ss_4_n0,1
vdjdb_full_11124_rs_0_n0_iptm_filtered,TTDPSFLGRY_HLA-A*01:01,tcr6352,vdjdb_full_11296_rs_4_n0,1
vdjdb_full_11124_ss_0_n0_iptm_filtered,TTDPSFLGRY_HLA-A*01:01,tcr14709,vdjdb_full_11296_ss_2_n0,1
vdjdb_full_11133_ss_1_n0_iptm_filtered,TTDPSFLGRY_HLA-A*01:01,tcr17340,vdjdb_full_11452_ss_2_n0,1
vdjdb_full_11137_ss_0_n0_iptm_filtered,TTDPSFLGRY_HLA-A*01:01,tcr17671,vdjdb_full_11323_rs_4_n0|vdjdb_full_11350_rs_1_n0,2
vdjdb_full_11137_ss_2_n0_iptm_filtered,TTDPSFLGRY_HLA-A*01:01,tcr7767,vdjdb_full_11121_ss_1_n0,1
vdjdb_full_11148_rs_0_n0_iptm_filtered,TTDPSFLGRY_HLA-A*01:01,tcr8153,vdjdb_full_11094_ss_4_n0,1
vdjdb_full_11148_rs_1_n0_iptm_filtered,TTDPSFLGRY_HLA-A*01:01,tcr15907,vdjdb_full_11230_rs_3_n0,1
vdjdb_full_11148_rs_2_n0_iptm_filtered,TTDPSFLGRY_HLA-A*01:01,tcr12266,vdjdb_full_11317_ss_4_n0,1
vdjdb_full_11148_rs_4_n0_iptm_filtered,TTDPSFLGRY_HLA-A*01:01,tcr15063,vdjdb_full_11490_ss_2_n0,1
vdjdb_full_11148_ss_1_n0_iptm_filtered,TTDPSFLGRY_HLA-A*01:01,tcr2355,vdjdb_full_11207_rs_4_n0,1
vdjdb_full_11156_rs_4_n0_iptm_filtered,TTDPSFLGRY_HLA-A*01:01,tcr12502,vdjdb_full_11165_rs_0_n0,1
vdjdb_full_11156_ss_1_n0_iptm_filtered,TTDPSFLGRY_HLA-A*01:01,tcr588,vdjdb_full_11416_ss_1_n0,1
vdjdb_full_11156_ss_2_n0_iptm_filtered,TTDPSFLGRY_HLA-A*01:01,tcr1139,vdjdb_full_11322_ss_3_n0|vdjdb_full_11490_rs_1_n0,2
vdjdb_full_11163_ss_2_n0_iptm_filtered,TTDPSFLGRY_HLA-A*01:01,tcr1803,vdjdb_full_11201_rs_3_n0,1
vdjdb_full_11163_ss_3_n0_iptm_filtered,TTDPSFLGRY_HLA-A*01:01,tcr6098,vdjdb_full_11133_rs_3_n0|vdjdb_full_11163_rs_1_n0,2
vdjdb_full_11166_rs_3_n0_iptm_filtered,TTDPSFLGRY_HLA-A*01:01,tcr1042,vdjdb_full_11166_ss_1_n0,1
vdjdb_full_11166_ss_1_n0_iptm_filtered,TTDPSFLGRY_HLA-A*01:01,tcr16511,vdjdb_full_11400_ss_3_n0,1
vdjdb_full_11166_ss_3_n0_iptm_filtered,TTDPSFLGRY_HLA-A*01:01,tcr1279,vdjdb_full_11203_ss_0_n0,1
vdjdb_full_11169_ss_2_n0_iptm_filtered,TTDPSFLGRY_HLA-A*01:01,tcr5935,vdjdb_full_11234_rs_4_n0,1
vdjdb_full_11171_rs_1_n0_iptm_filtered,TTDPSFLGRY_HLA-A*01:01,tcr16511,vdjdb_full_11400_ss_3_n0,1
vdjdb_full_11171_rs_4_n0_iptm_filtered,TTDPSFLGRY_HLA-A*01:01,tcr2355,vdjdb_full_11207_rs_4_n0,1
vdjdb_full_11171_ss_4_n0_iptm_filtered,TTDPSFLGRY_HLA-A*01:01,tcr1245,vdjdb_full_11342_rs_3_n0,1
vdjdb_full_11175_rs_0_n0_iptm_filtered,TTDPSFLGRY_HLA-A*01:01,tcr2725,vdjdb_full_11270_rs_0_n0,1
vdjdb_full_11175_ss_2_n0_iptm_filtered,TTDPSFLGRY_HLA-A*01:01,tcr5414,vdjdb_full_11225_ss_1_n0,1
vdjdb_full_11186_rs_2_n0_iptm_filtered,TTDPSFLGRY_HLA-A*01:01,tcr2568,vdjdb_full_11224_rs_2_n0,1
vdjdb_full_11186_ss_3_n0_iptm_filtered,TTDPSFLGRY_HLA-A*01:01,tcr3910,vdjdb_full_11261_ss_0_n0,1
vdjdb_full_11187_rs_0_n0_iptm_filtered,TTDPSFLGRY_HLA-A*01:01,tcr949,vdjdb_full_11096_rs_0_n0,1
vdjdb_full_11187_ss_2_n0_iptm_filtered,TTDPSFLGRY_HLA-A*01:01,tcr5459,vdjdb_full_11124_rs_3_n0,1
vdjdb_full_11187_ss_4_n0_iptm_filtered,TTDPSFLGRY_HLA-A*01:01,tcr10835,vdjdb_full_11265_rs_1_n0,1
vdjdb_full_11206_rs_0_n0_iptm_filtered,TTDPSFLGRY_HLA-A*01:01,tcr5424,vdjdb_full_11217_ss_4_n0|vdjdb_full_11378_ss_0_n0,2
vdjdb_full_11206_rs_3_n0_iptm_filtered,TTDPSFLGRY_HLA-A*01:01,tcr5314,vdjdb_full_11274_rs_1_n0,1
vdjdb_full_11206_ss_1_n0_iptm_filtered,TTDPSFLGRY_HLA-A*01:01,tcr14229,vdjdb_full_11357_ss_3_n0,1
vdjdb_full_11206_ss_2_n0_iptm_filtered,TTDPSFLGRY_HLA-A*01:01,tcr2494,vdjdb_full_11291_rs_2_n0,1
vdjdb_full_11206_ss_4_n0_iptm_filtered,TTDPSFLGRY_HLA-A*01:01,tcr17417,vdjdb_full_11113_ss_3_n0,1
vdjdb_full_11207_rs_0_n0_iptm_filtered,TTDPSFLGRY_HLA-A*01:01,tcr4176,vdjdb_full_11268_ss_1_n0,1
vdjdb_full_11207_rs_1_n0_iptm_filtered,TTDPSFLGRY_HLA-A*01:01,tcr11628,vdjdb_full_11462_rs_0_n0,1
vdjdb_full_11207_rs_3_n0_iptm_filtered,TTDPSFLGRY_HLA-A*01:01,tcr5935,vdjdb_full_11234_rs_4_n0,1
vdjdb_full_11224_ss_2_n0_iptm_filtered,TTDPSFLGRY_HLA-A*01:01,tcr245,vdjdb_full_11261_ss_2_n0|vdjdb_full_11291_rs_1_n0,2
vdjdb_full_11245_rs_2_n0_iptm_filtered,TTDPSFLGRY_HLA-A*01:01,tcr14836,vdjdb_full_11370_rs_3_n0,1
vdjdb_full_11261_rs_0_n0_iptm_filtered,TTDPSFLGRY_HLA-A*01:01,tcr1490,vdjdb_full_11406_ss_1_n0,1
vdjdb_full_11261_ss_3_n0_iptm_filtered,TTDPSFLGRY_HLA-A*01:01,tcr14528,vdjdb_full_11391_ss_3_n0,1
vdjdb_full_11265_rs_3_n0_iptm_filtered,TTDPSFLGRY_HLA-A*01:01,tcr11148,vdjdb_full_11245_rs_0_n0|vdjdb_full_11421_ss_1_n0,2
vdjdb_full_11269_rs_2_n0_iptm_filtered,TTDPSFLGRY_HLA-A*01:01,tcr17835,vdjdb_full_11163_rs_3_n0,1
vdjdb_full_11269_ss_2_n0_iptm_filtered,TTDPSFLGRY_HLA-A*01:01,tcr14200,vdjdb_full_11445_ss_2_n0,1
vdjdb_full_11274_rs_0_n0_iptm_filtered,TTDPSFLGRY_HLA-A*01:01,tcr16493,vdjdb_full_11363_rs_2_n0,1
vdjdb_full_11305_ss_2_n0_iptm_filtered,TTDPSFLGRY_HLA-A*01:01,tcr6824,vdjdb_full_11165_ss_1_n0,1
vdjdb_full_11317_ss_0_n0_iptm_filtered,TTDPSFLGRY_HLA-A*01:01,tcr14011,vdjdb_full_11197_ss_3_n0,1
vdjdb_full_11317_ss_2_n0_iptm_filtered,TTDPSFLGRY_HLA-A*01:01,tcr11313,vdjdb_full_11417_rs_2_n0,1
vdjdb_full_11321_rs_3_n0_iptm_filtered,TTDPSFLGRY_HLA-A*01:01,tcr5016,vdjdb_full_11421_ss_0_n0,1
vdjdb_full_11321_rs_4_n0_iptm_filtered,TTDPSFLGRY_HLA-A*01:01,tcr12243,vdjdb_full_11251_rs_2_n0|vdjdb_full_11363_ss_2_n0,2
vdjdb_full_11321_ss_3_n0_iptm_filtered,TTDPSFLGRY_HLA-A*01:01,tcr7480,vdjdb_full_11163_rs_2_n0,1
vdjdb_full_11323_ss_3_n0_iptm_filtered,TTDPSFLGRY_HLA-A*01:01,tcr3667,vdjdb_full_11482_ss_1_n0,1
vdjdb_full_11357_rs_1_n0_iptm_filtered,TTDPSFLGRY_HLA-A*01:01,tcr18411,vdjdb_full_11194_ss_4_n0,1
vdjdb_full_11357_rs_3_n0_iptm_filtered,TTDPSFLGRY_HLA-A*01:01,tcr9980,vdjdb_full_11096_ss_0_n0|vdjdb_full_11194_rs_4_n0,2
vdjdb_full_11363_rs_0_n0_iptm_filtered,TTDPSFLGRY_HLA-A*01:01,tcr16908,vdjdb_full_11209_rs_4_n0,1
vdjdb_full_11363_rs_2_n0_iptm_filtered,TTDPSFLGRY_HLA-A*01:01,tcr5048,vdjdb_full_11175_rs_2_n0,1
vdjdb_full_11363_ss_0_n0_iptm_filtered,TTDPSFLGRY_HLA-A*01:01,tcr4992,vdjdb_full_11426_rs_3_n0,1
vdjdb_full_11363_ss_3_n0_iptm_filtered,TTDPSFLGRY_HLA-A*01:01,tcr13176,vdjdb_full_11107_ss_0_n0,1
vdjdb_full_11363_ss_4_n0_iptm_filtered,TTDPSFLGRY_HLA-A*01:01,tcr17712,vdjdb_full_11091_ss_0_n0|vdjdb_full_11270_ss_0_n0,2
vdjdb_full_11387_rs_0_n0_iptm_filtered,TTDPSFLGRY_HLA-A*01:01,tcr5459,vdjdb_full_11124_rs_3_n0,1
vdjdb_full_11387_ss_0_n0_iptm_filtered,TTDPSFLGRY_HLA-A*01:01,tcr7424,vdjdb_full_11323_ss_2_n0,1
vdjdb_full_11387_ss_1_n0_iptm_filtered,TTDPSFLGRY_HLA-A*01:01,tcr7551,vdjdb_full_11106_rs_2_n0,1
vdjdb_full_11387_ss_3_n0_iptm_filtered,TTDPSFLGRY_HLA-A*01:01,tcr2101,vdjdb_full_11177_rs_2_n0,1
vdjdb_full_11406_rs_1_n0_iptm_filtered,TTDPSFLGRY_HLA-A*01:01,tcr2886,vdjdb_full_11201_rs_0_n0,1
vdjdb_full_11406_rs_2_n0_iptm_filtered,TTDPSFLGRY_HLA-A*01:01,tcr9737,vdjdb_full_11416_ss_3_n0,1
vdjdb_full_11406_rs_3_n0_iptm_filtered,TTDPSFLGRY_HLA-A*01:01,tcr18369,vdjdb_full_11166_ss_3_n0|vdjdb_full_11417_ss_4_n0|vdjdb_full_11482_ss_3_n0,3
vdjdb_full_11406_ss_1_n0_iptm_filtered,TTDPSFLGRY_HLA-A*01:01,tcr122,vdjdb_full_11305_ss_2_n0|vdjdb_full_11366_ss_2_n0,2
vdjdb_full_11406_ss_3_n0_iptm_filtered,TTDPSFLGRY_HLA-A*01:01,tcr16138,vdjdb_full_11323_rs_3_n0,1
vdjdb_full_11416_rs_2_n0_iptm_filtered,TTDPSFLGRY_HLA-A*01:01,tcr11858,vdjdb_full_11137_rs_4_n0,1
vdjdb_full_11416_ss_4_n0_iptm_filtered,TTDPSFLGRY_HLA-A*01:01,tcr15097,vdjdb_full_11170_rs_1_n0|vdjdb_full_11317_rs_2_n0,2
vdjdb_full_11417_rs_3_n0_iptm_filtered,TTDPSFLGRY_HLA-A*01:01,tcr12579,vdjdb_full_11291_ss_4_n0,1
vdjdb_full_11421_rs_3_n0_iptm_filtered,TTDPSFLGRY_HLA-A*01:01,tcr1503,vdjdb_full_11250_ss_4_n0,1
vdjdb_full_11421_rs_4_n0_iptm_filtered,TTDPSFLGRY_HLA-A*01:01,tcr7414,vdjdb_full_11106_rs_3_n0,1
vdjdb_full_11421_ss_1_n0_iptm_filtered,TTDPSFLGRY_HLA-A*01:01,tcr2101,vdjdb_full_11177_rs_2_n0,1
vdjdb_full_11426_rs_0_n0_iptm_filtered,TTDPSFLGRY_HLA-A*01:01,tcr15084,vdjdb_full_11302_rs_0_n0,1
vdjdb_full_11433_rs_4_n0_iptm_filtered,TTDPSFLGRY_HLA-A*01:01,tcr7480,vdjdb_full_11163_rs_2_n0,1
vdjdb_full_11433_ss_3_n0_iptm_filtered,TTDPSFLGRY_HLA-A*01:01,tcr16498,vdjdb_full_11426_ss_4_n0,1
vdjdb_full_11445_rs_0_n0_iptm_filtered,TTDPSFLGRY_HLA-A*01:01,tcr12502,vdjdb_full_11165_rs_0_n0,1
vdjdb_full_11445_rs_3_n0_iptm_filtered,TTDPSFLGRY_HLA-A*01:01,tcr4924,vdjdb_full_11116_ss_4_n0,1
vdjdb_full_11453_rs_0_n0_iptm_filtered,TTDPSFLGRY_HLA-A*01:01,tcr10835,vdjdb_full_11265_rs_1_n0,1
vdjdb_full_11453_ss_4_n0_iptm_filtered,TTDPSFLGRY_HLA-A*01:01,tcr8449,vdjdb_full_11372_rs_2_n0,1
vdjdb_full_11466_rs_1_n0_iptm_filtered,TTDPSFLGRY_HLA-A*01:01,tcr14979,vdjdb_full_11091_ss_4_n0,1
vdjdb_full_11466_rs_3_n0_iptm_filtered,TTDPSFLGRY_HLA-A*01:01,tcr7926,vdjdb_full_11489_ss_0_n0,1
vdjdb_full_11466_ss_0_n0_iptm_filtered,TTDPSFLGRY_HLA-A*01:01,tcr12611,vdjdb_full_11357_ss_0_n0,1
vdjdb_full_11485_rs_0_n0_iptm_filtered,TTDPSFLGRY_HLA-A*01:01,tcr12308,vdjdb_full_11234_rs_2_n0,1
vdjdb_full_11485_rs_1_n0_iptm_filtered,TTDPSFLGRY_HLA-A*01:01,tcr13199,vdjdb_full_11475_ss_4_n0,1
vdjdb_full_11485_ss_4_n0_iptm_filtered,TTDPSFLGRY_HLA-A*01:01,tcr1456,vdjdb_full_11122_rs_4_n0|vdjdb_full_11201_ss_4_n0,2
vdjdb_full_11489_ss_3_n0_iptm_filtered,TTDPSFLGRY_HLA-A*01:01,tcr383,vdjdb_full_11230_rs_1_n0,1
vdjdb_full_11490_rs_2_n0_iptm_filtered,TTDPSFLGRY_HLA-A*01:01,tcr14513,vdjdb_full_11266_rs_0_n0,1
vdjdb_full_11490_ss_0_n0_iptm_filtered,TTDPSFLGRY_HLA-A*01:01,tcr87,vdjdb_full_11462_rs_3_n0,1
vdjdb_full_11494_ss_3_n0_iptm_filtered,ATDALMTGF_HLA-A*01:01,tcr7293,vdjdb_full_11506_ss_2_n0,1
vdjdb_full_11498_rs_0_n0_iptm_filtered,ATDALMTGF_HLA-A*01:01,tcr8631,vdjdb_full_11618_rs_3_n0,1
vdjdb_full_11500_ss_0_n0_iptm_filtered,ATDALMTGF_HLA-A*01:01,tcr18352,vdjdb_full_11546_rs_0_n0,1
vdjdb_full_11500_ss_1_n0_iptm_filtered,ATDALMTGF_HLA-A*01:01,tcr7292,vdjdb_full_11514_ss_2_n0,1
vdjdb_full_11500_ss_3_n0_iptm_filtered,ATDALMTGF_HLA-A*01:01,tcr6926,vdjdb_full_11542_ss_0_n0|vdjdb_full_11567_ss_0_n0,2
vdjdb_full_11502_rs_2_n0_iptm_filtered,ATDALMTGF_HLA-A*01:01,tcr12539,vdjdb_full_11587_rs_0_n0,1
vdjdb_full_11502_rs_3_n0_iptm_filtered,ATDALMTGF_HLA-A*01:01,tcr1293,vdjdb_full_11573_ss_3_n0,1
vdjdb_full_11502_ss_0_n0_iptm_filtered,ATDALMTGF_HLA-A*01:01,tcr1441,vdjdb_full_11551_rs_4_n0,1
vdjdb_full_11504_rs_3_n0_iptm_filtered,ATDALMTGF_HLA-A*01:01,tcr15847,vdjdb_full_11616_ss_3_n0,1
vdjdb_full_11504_rs_4_n0_iptm_filtered,ATDALMTGF_HLA-A*01:01,tcr10855,vdjdb_full_11553_ss_4_n0,1
vdjdb_full_11504_ss_3_n0_iptm_filtered,ATDALMTGF_HLA-A*01:01,tcr11775,vdjdb_full_11541_ss_1_n0,1
vdjdb_full_11505_ss_1_n0_iptm_filtered,ATDALMTGF_HLA-A*01:01,tcr3867,vdjdb_full_11578_rs_2_n0,1
vdjdb_full_11507_rs_0_n0_iptm_filtered,ATDALMTGF_HLA-A*01:01,tcr10235,vdjdb_full_11619_rs_1_n0,1
vdjdb_full_11507_ss_0_n0_iptm_filtered,ATDALMTGF_HLA-A*01:01,tcr14935,vdjdb_full_11598_ss_0_n0,1
vdjdb_full_11510_rs_2_n0_iptm_filtered,ATDALMTGF_HLA-A*01:01,tcr15147,vdjdb_full_11572_ss_2_n0,1
vdjdb_full_11510_ss_2_n0_iptm_filtered,ATDALMTGF_HLA-A*01:01,tcr15980,vdjdb_full_11576_ss_3_n0,1
vdjdb_full_11511_rs_1_n0_iptm_filtered,ATDALMTGF_HLA-A*01:01,tcr15542,vdjdb_full_11545_rs_3_n0,1
vdjdb_full_11511_ss_1_n0_iptm_filtered,ATDALMTGF_HLA-A*01:01,tcr15704,vdjdb_full_11500_rs_3_n0|vdjdb_full_11620_rs_3_n0,2
vdjdb_full_11519_ss_0_n0_iptm_filtered,ATDALMTGF_HLA-A*01:01,tcr16350,vdjdb_full_11541_ss_3_n0|vdjdb_full_11619_rs_2_n0,2
vdjdb_full_11519_ss_2_n0_iptm_filtered,ATDALMTGF_HLA-A*01:01,tcr16427,vdjdb_full_11574_rs_4_n0,1
vdjdb_full_11522_rs_2_n0_iptm_filtered,ATDALMTGF_HLA-A*01:01,tcr7449,vdjdb_full_11530_rs_4_n0,1
vdjdb_full_11522_ss_0_n0_iptm_filtered,ATDALMTGF_HLA-A*01:01,tcr17111,vdjdb_full_11505_rs_3_n0,1
vdjdb_full_11522_ss_1_n0_iptm_filtered,ATDALMTGF_HLA-A*01:01,tcr12902,vdjdb_full_11581_ss_3_n0,1
vdjdb_full_11523_rs_2_n0_iptm_filtered,ATDALMTGF_HLA-A*01:01,tcr1679,vdjdb_full_11523_ss_2_n0|vdjdb_full_11546_ss_2_n0,2
vdjdb_full_11523_ss_2_n0_iptm_filtered,ATDALMTGF_HLA-A*01:01,tcr2313,vdjdb_full_11598_rs_2_n0,1
vdjdb_full_11525_rs_0_n0_iptm_filtered,ATDALMTGF_HLA-A*01:01,tcr14753,vdjdb_full_11494_rs_2_n0,1
vdjdb_full_11525_rs_2_n0_iptm_filtered,ATDALMTGF_HLA-A*01:01,tcr8301,vdjdb_full_11563_ss_2_n0,1
vdjdb_full_11525_rs_4_n0_iptm_filtered,ATDALMTGF_HLA-A*01:01,tcr6470,vdjdb_full_11541_rs_0_n0,1
vdjdb_full_11525_ss_2_n0_iptm_filtered,ATDALMTGF_HLA-A*01:01,tcr12306,vdjdb_full_11608_rs_4_n0,1
vdjdb_full_11527_rs_1_n0_iptm_filtered,ATDALMTGF_HLA-A*01:01,tcr11223,vdjdb_full_11602_rs_1_n0,1
vdjdb_full_11527_ss_0_n0_iptm_filtered,ATDALMTGF_HLA-A*01:01,tcr11729,vdjdb_full_11552_ss_1_n0|vdjdb_full_11562_ss_0_n0|vdjdb_full_11585_rs_2_n0,3
vdjdb_full_11527_ss_1_n0_iptm_filtered,ATDALMTGF_HLA-A*01:01,tcr8339,vdjdb_full_11521_rs_2_n0,1
vdjdb_full_11530_rs_3_n0_iptm_filtered,ATDALMTGF_HLA-A*01:01,tcr16133,vdjdb_full_11507_rs_3_n0,1
vdjdb_full_11530_ss_1_n0_iptm_filtered,ATDALMTGF_HLA-A*01:01,tcr10803,vdjdb_full_11519_rs_2_n0,1
vdjdb_full_11531_ss_1_n0_iptm_filtered,ATDALMTGF_HLA-A*01:01,tcr8571,vdjdb_full_11502_ss_4_n0,1
vdjdb_full_11531_ss_2_n0_iptm_filtered,ATDALMTGF_HLA-A*01:01,tcr4923,vdjdb_full_11576_ss_0_n0,1
vdjdb_full_11535_rs_1_n0_iptm_filtered,ATDALMTGF_HLA-A*01:01,tcr1403,vdjdb_full_11515_rs_0_n0,1
vdjdb_full_11535_ss_0_n0_iptm_filtered,ATDALMTGF_HLA-A*01:01,tcr7002,vdjdb_full_11586_ss_3_n0|vdjdb_full_11596_rs_2_n0,2
vdjdb_full_11538_rs_2_n0_iptm_filtered,ATDALMTGF_HLA-A*01:01,tcr16337,vdjdb_full_11544_ss_2_n0,1
vdjdb_full_11538_ss_2_n0_iptm_filtered,ATDALMTGF_HLA-A*01:01,tcr6133,vdjdb_full_11505_rs_4_n0,1
vdjdb_full_11538_ss_4_n0_iptm_filtered,ATDALMTGF_HLA-A*01:01,tcr9416,vdjdb_full_11569_ss_4_n0,1
vdjdb_full_11539_rs_4_n0_iptm_filtered,ATDALMTGF_HLA-A*01:01,tcr2249,vdjdb_full_11594_ss_0_n0,1
vdjdb_full_11539_ss_4_n0_iptm_filtered,ATDALMTGF_HLA-A*01:01,tcr5282,vdjdb_full_11581_ss_4_n0,1
vdjdb_full_11540_rs_2_n0_iptm_filtered,ATDALMTGF_HLA-A*01:01,tcr2735,vdjdb_full_11563_rs_1_n0|vdjdb_full_11612_rs_4_n0,2
vdjdb_full_11540_rs_3_n0_iptm_filtered,ATDALMTGF_HLA-A*01:01,tcr17238,vdjdb_full_11537_rs_0_n0,1
vdjdb_full_11540_ss_2_n0_iptm_filtered,ATDALMTGF_HLA-A*01:01,tcr6817,vdjdb_full_11575_ss_4_n0,1
vdjdb_full_11541_rs_4_n0_iptm_filtered,ATDALMTGF_HLA-A*01:01,tcr479,vdjdb_full_11618_rs_0_n0,1
vdjdb_full_11541_ss_0_n0_iptm_filtered,ATDALMTGF_HLA-A*01:01,tcr6926,vdjdb_full_11542_ss_0_n0|vdjdb_full_11567_ss_0_n0,2
vdjdb_full_11541_ss_1_n0_iptm_filtered,ATDALMTGF_HLA-A*01:01,tcr5307,vdjdb_full_11618_ss_3_n0,1
vdjdb_full_11541_ss_2_n0_iptm_filtered,ATDALMTGF_HLA-A*01:01,tcr17911,vdjdb_full_11605_rs_4_n0,1
vdjdb_full_11543_rs_0_n0_iptm_filtered,ATDALMTGF_HLA-A*01:01,tcr16297,vdjdb_full_11524_ss_4_n0,1
vdjdb_full_11543_ss_3_n0_iptm_filtered,ATDALMTGF_HLA-A*01:01,tcr6558,vdjdb_full_11529_ss_3_n0,1
vdjdb_full_11543_ss_4_n0_iptm_filtered,ATDALMTGF_HLA-A*01:01,tcr702,vdjdb_full_11606_ss_0_n0,1
vdjdb_full_11544_rs_0_n0_iptm_filtered,ATDALMTGF_HLA-A*01:01,tcr14638,vdjdb_full_11575_rs_4_n0,1
vdjdb_full_11544_rs_3_n0_iptm_filtered,ATDALMTGF_HLA-A*01:01,tcr6053,vdjdb_full_11618_ss_4_n0,1
vdjdb_full_11544_ss_0_n0_iptm_filtered,ATDALMTGF_HLA-A*01:01,tcr11422,vdjdb_full_11622_rs_2_n0,1
vdjdb_full_11544_ss_2_n0_iptm_filtered,ATDALMTGF_HLA-A*01:01,tcr10758,vdjdb_full_11547_rs_1_n0,1
vdjdb_full_11545_ss_0_n0_iptm_filtered,ATDALMTGF_HLA-A*01:01,tcr4378,vdjdb_full_11508_ss_4_n0,1
vdjdb_full_11546_rs_0_n0_iptm_filtered,ATDALMTGF_HLA-A*01:01,tcr8803,vdjdb_full_11521_rs_3_n0,1
vdjdb_full_11546_ss_1_n0_iptm_filtered,ATDALMTGF_HLA-A*01:01,tcr6780,vdjdb_full_11535_rs_3_n0,1
vdjdb_full_11551_rs_3_n0_iptm_filtered,ATDALMTGF_HLA-A*01:01,tcr14072,vdjdb_full_11612_rs_2_n0,1
vdjdb_full_11551_ss_1_n0_iptm_filtered,ATDALMTGF_HLA-A*01:01,tcr1642,vdjdb_full_11588_rs_1_n0,1
vdjdb_full_11551_ss_3_n0_iptm_filtered,ATDALMTGF_HLA-A*01:01,tcr678,vdjdb_full_11541_ss_4_n0,1
vdjdb_full_11553_ss_0_n0_iptm_filtered,ATDALMTGF_HLA-A*01:01,tcr15468,vdjdb_full_11573_rs_3_n0,1
vdjdb_full_11553_ss_2_n0_iptm_filtered,ATDALMTGF_HLA-A*01:01,tcr13358,vdjdb_full_11599_ss_2_n0,1
vdjdb_full_11561_rs_0_n0_iptm_filtered,ATDALMTGF_HLA-A*01:01,tcr3436,vdjdb_full_11623_ss_4_n0,1
vdjdb_full_11561_rs_1_n0_iptm_filtered,ATDALMTGF_HLA-A*01:01,tcr13292,vdjdb_full_11556_rs_0_n0,1
vdjdb_full_11561_rs_4_n0_iptm_filtered,ATDALMTGF_HLA-A*01:01,tcr15668,vdjdb_full_11503_rs_1_n0,1
vdjdb_full_11561_ss_2_n0_iptm_filtered,ATDALMTGF_HLA-A*01:01,tcr1736,vdjdb_full_11543_rs_2_n0,1
vdjdb_full_11562_rs_1_n0_iptm_filtered,ATDALMTGF_HLA-A*01:01,tcr1468,vdjdb_full_11599_ss_0_n0,1
vdjdb_full_11562_ss_0_n0_iptm_filtered,ATDALMTGF_HLA-A*01:01,tcr11729,vdjdb_full_11552_ss_1_n0|vdjdb_full_11562_ss_0_n0|vdjdb_full_11585_rs_2_n0,3
vdjdb_full_11562_ss_1_n0_iptm_filtered,ATDALMTGF_HLA-A*01:01,tcr17866,vdjdb_full_11550_ss_3_n0,1
vdjdb_full_11563_rs_4_n0_iptm_filtered,ATDALMTGF_HLA-A*01:01,tcr3854,vdjdb_full_11507_ss_4_n0,1
vdjdb_full_11563_ss_0_n0_iptm_filtered,ATDALMTGF_HLA-A*01:01,tcr17336,vdjdb_full_11586_rs_1_n0,1
vdjdb_full_11563_ss_3_n0_iptm_filtered,ATDALMTGF_HLA-A*01:01,tcr2379,vdjdb_full_11500_ss_1_n0,1
vdjdb_full_11565_rs_0_n0_iptm_filtered,ATDALMTGF_HLA-A*01:01,tcr17519,vdjdb_full_11564_rs_2_n0,1
vdjdb_full_11565_rs_1_n0_iptm_filtered,ATDALMTGF_HLA-A*01:01,tcr3436,vdjdb_full_11623_ss_4_n0,1
vdjdb_full_11565_rs_2_n0_iptm_filtered,ATDALMTGF_HLA-A*01:01,tcr12191,vdjdb_full_11551_rs_0_n0,1
vdjdb_full_11565_ss_4_n0_iptm_filtered,ATDALMTGF_HLA-A*01:01,tcr1179,vdjdb_full_11561_rs_2_n0,1
vdjdb_full_11569_rs_2_n0_iptm_filtered,ATDALMTGF_HLA-A*01:01,tcr6573,vdjdb_full_11620_ss_0_n0,1
vdjdb_full_11570_ss_2_n0_iptm_filtered,ATDALMTGF_HLA-A*01:01,tcr17336,vdjdb_full_11586_rs_1_n0,1
vdjdb_full_11573_rs_0_n0_iptm_filtered,ATDALMTGF_HLA-A*01:01,tcr18120,vdjdb_full_11543_rs_3_n0,1
vdjdb_full_11573_rs_4_n0_iptm_filtered,ATDALMTGF_HLA-A*01:01,tcr9512,vdjdb_full_11547_ss_4_n0,1
vdjdb_full_11573_ss_4_n0_iptm_filtered,ATDALMTGF_HLA-A*01:01,tcr1302,vdjdb_full_11516_ss_3_n0,1
vdjdb_full_11574_rs_0_n0_iptm_filtered,ATDALMTGF_HLA-A*01:01,tcr18158,vdjdb_full_11576_ss_4_n0,1
vdjdb_full_11574_ss_1_n0_iptm_filtered,ATDALMTGF_HLA-A*01:01,tcr15980,vdjdb_full_11576_ss_3_n0,1
vdjdb_full_11574_ss_2_n0_iptm_filtered,ATDALMTGF_HLA-A*01:01,tcr3156,vdjdb_full_11503_ss_0_n0,1
vdjdb_full_11576_rs_0_n0_iptm_filtered,ATDALMTGF_HLA-A*01:01,tcr9933,vdjdb_full_11544_ss_4_n0,1
vdjdb_full_11576_rs_2_n0_iptm_filtered,ATDALMTGF_HLA-A*01:01,tcr1293,vdjdb_full_11573_ss_3_n0,1
vdjdb_full_11576_rs_4_n0_iptm_filtered,ATDALMTGF_HLA-A*01:01,tcr13741,vdjdb_full_11616_rs_4_n0,1
vdjdb_full_11577_rs_1_n0_iptm_filtered,ATDALMTGF_HLA-A*01:01,tcr18110,vdjdb_full_11582_ss_3_n0,1
vdjdb_full_11577_ss_2_n0_iptm_filtered,ATDALMTGF_HLA-A*01:01,tcr7293,vdjdb_full_11506_ss_2_n0,1
vdjdb_full_11577_ss_4_n0_iptm_filtered,ATDALMTGF_HLA-A*01:01,tcr4029,vdjdb_full_11510_rs_4_n0,1
vdjdb_full_11578_rs_0_n0_iptm_filtered,ATDALMTGF_HLA-A*01:01,tcr3398,vdjdb_full_11585_rs_4_n0,1
vdjdb_full_11578_ss_4_n0_iptm_filtered,ATDALMTGF_HLA-A*01:01,tcr3854,vdjdb_full_11507_ss_4_n0,1
vdjdb_full_11581_ss_4_n0_iptm_filtered,ATDALMTGF_HLA-A*01:01,tcr17142,vdjdb_full_11522_ss_3_n0,1
vdjdb_full_11582_rs_0_n0_iptm_filtered,ATDALMTGF_HLA-A*01:01,tcr16297,vdjdb_full_11524_ss_4_n0,1
vdjdb_full_11582_ss_2_n0_iptm_filtered,ATDALMTGF_HLA-A*01:01,tcr16075,vdjdb_full_11566_rs_0_n0,1
vdjdb_full_11585_rs_0_n0_iptm_filtered,ATDALMTGF_HLA-A*01:01,tcr6464,vdjdb_full_11554_rs_3_n0,1
vdjdb_full_11585_rs_1_n0_iptm_filtered,ATDALMTGF_HLA-A*01:01,tcr14814,vdjdb_full_11532_rs_4_n0,1
vdjdb_full_11585_ss_0_n0_iptm_filtered,ATDALMTGF_HLA-A*01:01,tcr16075,vdjdb_full_11566_rs_0_n0,1
vdjdb_full_11585_ss_4_n0_iptm_filtered,ATDALMTGF_HLA-A*01:01,tcr12572,vdjdb_full_11506_ss_0_n0|vdjdb_full_11574_ss_2_n0,2
vdjdb_full_11588_rs_4_n0_iptm_filtered,ATDALMTGF_HLA-A*01:01,tcr11874,vdjdb_full_11582_ss_4_n0,1
vdjdb_full_11588_ss_1_n0_iptm_filtered,ATDALMTGF_HLA-A*01:01,tcr7687,vdjdb_full_11533_rs_3_n0,1
vdjdb_full_11590_rs_2_n0_iptm_filtered,ATDALMTGF_HLA-A*01:01,tcr619,vdjdb_full_11572_rs_1_n0,1
vdjdb_full_11590_ss_4_n0_iptm_filtered,ATDALMTGF_HLA-A*01:01,tcr15971,vdjdb_full_11605_rs_0_n0,1
vdjdb_full_11591_rs_4_n0_iptm_filtered,ATDALMTGF_HLA-A*01:01,tcr4024,vdjdb_full_11545_ss_0_n0,1
vdjdb_full_11591_ss_1_n0_iptm_filtered,ATDALMTGF_HLA-A*01:01,tcr15717,vdjdb_full_11515_ss_3_n0,1
vdjdb_full_11591_ss_2_n0_iptm_filtered,ATDALMTGF_HLA-A*01:01,tcr11104,vdjdb_full_11530_rs_3_n0,1
vdjdb_full_11591_ss_3_n0_iptm_filtered,ATDALMTGF_HLA-A*01:01,tcr6558,vdjdb_full_11529_ss_3_n0,1
vdjdb_full_11595_rs_2_n0_iptm_filtered,ATDALMTGF_HLA-A*01:01,tcr573,vdjdb_full_11612_ss_0_n0,1
vdjdb_full_11595_ss_1_n0_iptm_filtered,ATDALMTGF_HLA-A*01:01,tcr12902,vdjdb_full_11581_ss_3_n0,1
vdjdb_full_11595_ss_2_n0_iptm_filtered,ATDALMTGF_HLA-A*01:01,tcr13868,vdjdb_full_11615_rs_2_n0,1
vdjdb_full_11595_ss_3_n0_iptm_filtered,ATDALMTGF_HLA-A*01:01,tcr11775,vdjdb_full_11541_ss_1_n0,1
vdjdb_full_11596_rs_0_n0_iptm_filtered,ATDALMTGF_HLA-A*01:01,tcr11811,vdjdb_full_11553_ss_0_n0,1
vdjdb_full_11596_rs_1_n0_iptm_filtered,ATDALMTGF_HLA-A*01:01,tcr10452,vdjdb_full_11525_ss_2_n0,1
vdjdb_full_11596_ss_2_n0_iptm_filtered,ATDALMTGF_HLA-A*01:01,tcr6726,vdjdb_full_11602_ss_2_n0,1
vdjdb_full_11596_ss_3_n0_iptm_filtered,ATDALMTGF_HLA-A*01:01,tcr7314,vdjdb_full_11621_ss_2_n0,1
vdjdb_full_11598_rs_0_n0_iptm_filtered,ATDALMTGF_HLA-A*01:01,tcr11223,vdjdb_full_11602_rs_1_n0,1
vdjdb_full_11599_rs_2_n0_iptm_filtered,ATDALMTGF_HLA-A*01:01,tcr6638,vdjdb_full_11563_ss_1_n0|vdjdb_full_11618_ss_0_n0,2
vdjdb_full_11599_ss_2_n0_iptm_filtered,ATDALMTGF_HLA-A*01:01,tcr12086,vdjdb_full_11563_ss_3_n0,1
vdjdb_full_11599_ss_4_n0_iptm_filtered,ATDALMTGF_HLA-A*01:01,tcr4760,vdjdb_full_11602_ss_4_n0,1
vdjdb_full_11602_rs_2_n0_iptm_filtered,ATDALMTGF_HLA-A*01:01,tcr16841,vdjdb_full_11619_rs_4_n0,1
vdjdb_full_11602_ss_1_n0_iptm_filtered,ATDALMTGF_HLA-A*01:01,tcr1642,vdjdb_full_11588_rs_1_n0,1
vdjdb_full_11605_rs_3_n0_iptm_filtered,ATDALMTGF_HLA-A*01:01,tcr3869,vdjdb_full_11607_ss_3_n0,1
vdjdb_full_11605_ss_3_n0_iptm_filtered,ATDALMTGF_HLA-A*01:01,tcr6470,vdjdb_full_11541_rs_0_n0,1
vdjdb_full_11606_rs_2_n0_iptm_filtered,ATDALMTGF_HLA-A*01:01,tcr11262,vdjdb_full_11551_ss_3_n0|vdjdb_full_11564_rs_1_n0|vdjdb_full_11609_ss_1_n0,3
vdjdb_full_11607_rs_1_n0_iptm_filtered,ATDALMTGF_HLA-A*01:01,tcr15717,vdjdb_full_11515_ss_3_n0,1
vdjdb_full_11607_rs_4_n0_iptm_filtered,ATDALMTGF_HLA-A*01:01,tcr18149,vdjdb_full_11536_rs_3_n0,1
vdjdb_full_11607_ss_2_n0_iptm_filtered,ATDALMTGF_HLA-A*01:01,tcr11163,vdjdb_full_11618_rs_4_n0,1
vdjdb_full_11608_ss_3_n0_iptm_filtered,ATDALMTGF_HLA-A*01:01,tcr8966,vdjdb_full_11598_ss_3_n0|vdjdb_full_11609_ss_4_n0,2
vdjdb_full_11609_rs_1_n0_iptm_filtered,ATDALMTGF_HLA-A*01:01,tcr11553,vdjdb_full_11594_ss_1_n0,1
vdjdb_full_11609_rs_4_n0_iptm_filtered,ATDALMTGF_HLA-A*01:01,tcr16498,vdjdb_full_11511_ss_4_n0,1
vdjdb_full_11612_rs_2_n0_iptm_filtered,ATDALMTGF_HLA-A*01:01,tcr7163,vdjdb_full_11519_ss_0_n0,1
vdjdb_full_11612_ss_1_n0_iptm_filtered,ATDALMTGF_HLA-A*01:01,tcr15704,vdjdb_full_11500_rs_3_n0|vdjdb_full_11620_rs_3_n0,2
vdjdb_full_11612_ss_2_n0_iptm_filtered,ATDALMTGF_HLA-A*01:01,tcr2313,vdjdb_full_11598_rs_2_n0,1
vdjdb_full_11612_ss_4_n0_iptm_filtered,ATDALMTGF_HLA-A*01:01,tcr10835,vdjdb_full_11556_rs_4_n0|vdjdb_full_11570_rs_0_n0,2
vdjdb_full_11616_rs_1_n0_iptm_filtered,ATDALMTGF_HLA-A*01:01,tcr18120,vdjdb_full_11543_rs_3_n0,1
vdjdb_full_11616_rs_4_n0_iptm_filtered,ATDALMTGF_HLA-A*01:01,tcr12787,vdjdb_full_11593_rs_3_n0,1
vdjdb_full_11616_ss_2_n0_iptm_filtered,ATDALMTGF_HLA-A*01:01,tcr15542,vdjdb_full_11545_rs_3_n0,1
vdjdb_full_11616_ss_4_n0_iptm_filtered,ATDALMTGF_HLA-A*01:01,tcr17460,vdjdb_full_11541_rs_2_n0,1
vdjdb_full_11617_ss_2_n0_iptm_filtered,ATDALMTGF_HLA-A*01:01,tcr4923,vdjdb_full_11576_ss_0_n0,1
vdjdb_full_11617_ss_3_n0_iptm_filtered,ATDALMTGF_HLA-A*01:01,tcr5286,vdjdb_full_11508_rs_3_n0,1
vdjdb_full_11618_rs_1_n0_iptm_filtered,ATDALMTGF_HLA-A*01:01,tcr13206,vdjdb_full_11533_ss_1_n0,1
vdjdb_full_11618_ss_0_n0_iptm_filtered,ATDALMTGF_HLA-A*01:01,tcr11104,vdjdb_full_11530_rs_3_n0,1
vdjdb_full_11618_ss_3_n0_iptm_filtered,ATDALMTGF_HLA-A*01:01,tcr11775,vdjdb_full_11541_ss_1_n0,1
vdjdb_full_11619_rs_2_n0_iptm_filtered,ATDALMTGF_HLA-A*01:01,tcr17302,vdjdb_full_11566_rs_1_n0,1
vdjdb_full_11619_ss_4_n0_iptm_filtered,ATDALMTGF_HLA-A*01:01,tcr15468,vdjdb_full_11573_rs_3_n0,1
vdjdb_full_11621_rs_1_n0_iptm_filtered,ATDALMTGF_HLA-A*01:01,tcr8301,vdjdb_full_11563_ss_2_n0,1
vdjdb_full_11621_rs_4_n0_iptm_filtered,ATDALMTGF_HLA-A*01:01,tcr3970,vdjdb_full_11535_ss_4_n0,1
vdjdb_full_11623_ss_1_n0_iptm_filtered,ATDALMTGF_HLA-A*01:01,tcr6716,vdjdb_full_11607_ss_2_n0,1
vdjdb_full_11623_ss_3_n0_iptm_filtered,ATDALMTGF_HLA-A*01:01,tcr11729,vdjdb_full_11552_ss_1_n0|vdjdb_full_11562_ss_0_n0|vdjdb_full_11585_rs_2_n0,3
vdjdb_full_11626_rs_3_n0_iptm_filtered,ELAGIGILTV_HLA-A*02:01,tcr3929,vdjdb_full_11672_rs_2_n0,1
vdjdb_full_11626_ss_1_n0_iptm_filtered,ELAGIGILTV_HLA-A*02:01,tcr17674,vdjdb_full_11696_rs_3_n0,1
vdjdb_full_11629_rs_0_n0_iptm_filtered,ELAGIGILTV_HLA-A*02:01,tcr9546,vdjdb_full_11989_rs_1_n0,1
vdjdb_full_11629_rs_3_n0_iptm_filtered,ELAGIGILTV_HLA-A*02:01,tcr7864,vdjdb_full_11851_ss_3_n0,1
vdjdb_full_11631_rs_2_n0_iptm_filtered,ELAGIGILTV_HLA-A*02:01,tcr17125,vdjdb_full_11962_rs_1_n0,1
vdjdb_full_11631_rs_4_n0_iptm_filtered,ELAGIGILTV_HLA-A*02:01,tcr8629,vdjdb_full_11703_ss_3_n0,1
vdjdb_full_11631_ss_4_n0_iptm_filtered,ELAGIGILTV_HLA-A*02:01,tcr14394,vdjdb_full_11863_rs_0_n0,1
vdjdb_full_11635_rs_3_n0_iptm_filtered,ELAGIGILTV_HLA-A*02:01,tcr12918,vdjdb_full_11702_ss_1_n0,1
vdjdb_full_11635_ss_0_n0_iptm_filtered,ELAGIGILTV_HLA-A*02:01,tcr14329,vdjdb_full_11683_ss_2_n0,1
vdjdb_full_11635_ss_4_n0_iptm_filtered,ELAGIGILTV_HLA-A*02:01,tcr11054,vdjdb_full_11657_ss_1_n0,1
vdjdb_full_11641_rs_4_n0_iptm_filtered,ELAGIGILTV_HLA-A*02:01,tcr7478,vdjdb_full_11875_ss_0_n0,1
vdjdb_full_11651_rs_4_n0_iptm_filtered,ELAGIGILTV_HLA-A*02:01,tcr244,vdjdb_full_11708_rs_3_n0,1
vdjdb_full_11651_ss_1_n0_iptm_filtered,ELAGIGILTV_HLA-A*02:01,tcr5764,vdjdb_full_11912_ss_4_n0|vdjdb_full_12026_rs_3_n0,2
vdjdb_full_11651_ss_2_n0_iptm_filtered,ELAGIGILTV_HLA-A*02:01,tcr16841,vdjdb_full_11665_rs_2_n0,1
vdjdb_full_11656_rs_0_n0_iptm_filtered,ELAGIGILTV_HLA-A*02:01,tcr828,vdjdb_full_11703_rs_4_n0,1
vdjdb_full_11656_rs_2_n0_iptm_filtered,ELAGIGILTV_HLA-A*02:01,tcr11013,vdjdb_full_11742_rs_4_n0,1
vdjdb_full_11656_rs_3_n0_iptm_filtered,ELAGIGILTV_HLA-A*02:01,tcr3984,vdjdb_full_11825_rs_0_n0,1
vdjdb_full_11656_ss_0_n0_iptm_filtered,ELAGIGILTV_HLA-A*02:01,tcr2203,vdjdb_full_11740_ss_0_n0,1
vdjdb_full_11657_rs_0_n0_iptm_filtered,ELAGIGILTV_HLA-A*02:01,tcr17750,vdjdb_full_11681_rs_1_n0,1
vdjdb_full_11657_rs_1_n0_iptm_filtered,ELAGIGILTV_HLA-A*02:01,tcr168,vdjdb_full_11858_rs_3_n0,1
vdjdb_full_11657_rs_2_n0_iptm_filtered,ELAGIGILTV_HLA-A*02:01,tcr3087,vdjdb_full_11656_rs_4_n0,1
vdjdb_full_11659_rs_0_n0_iptm_filtered,ELAGIGILTV_HLA-A*02:01,tcr168,vdjdb_full_11858_rs_3_n0,1
vdjdb_full_11659_ss_2_n0_iptm_filtered,ELAGIGILTV_HLA-A*02:01,tcr16179,vdjdb_full_11780_ss_3_n0,1
vdjdb_full_11659_ss_4_n0_iptm_filtered,ELAGIGILTV_HLA-A*02:01,tcr4760,vdjdb_full_11651_rs_2_n0,1
vdjdb_full_11665_rs_0_n0_iptm_filtered,ELAGIGILTV_HLA-A*02:01,tcr1548,vdjdb_full_11901_ss_1_n0,1
vdjdb_full_11665_rs_2_n0_iptm_filtered,ELAGIGILTV_HLA-A*02:01,tcr1503,vdjdb_full_11641_rs_3_n0|vdjdb_full_11957_rs_3_n0,2
vdjdb_full_11665_rs_4_n0_iptm_filtered,ELAGIGILTV_HLA-A*02:01,tcr3804,vdjdb_full_11656_ss_1_n0,1
vdjdb_full_11665_ss_4_n0_iptm_filtered,ELAGIGILTV_HLA-A*02:01,tcr9527,vdjdb_full_11942_rs_0_n0,1
vdjdb_full_11668_rs_2_n0_iptm_filtered,ELAGIGILTV_HLA-A*02:01,tcr3910,vdjdb_full_11701_ss_4_n0|vdjdb_full_11988_ss_4_n0,2
vdjdb_full_11671_rs_3_n0_iptm_filtered,ELAGIGILTV_HLA-A*02:01,tcr11634,vdjdb_full_11858_rs_4_n0|vdjdb_full_11954_rs_3_n0,2
vdjdb_full_11671_ss_4_n0_iptm_filtered,ELAGIGILTV_HLA-A*02:01,tcr15731,vdjdb_full_11719_rs_0_n0,1
vdjdb_full_11681_rs_1_n0_iptm_filtered,ELAGIGILTV_HLA-A*02:01,tcr14095,vdjdb_full_11851_rs_3_n0,1
vdjdb_full_11681_rs_3_n0_iptm_filtered,ELAGIGILTV_HLA-A*02:01,tcr4369,vdjdb_full_11892_rs_1_n0,1
vdjdb_full_11681_ss_1_n0_iptm_filtered,ELAGIGILTV_HLA-A*02:01,tcr397,vdjdb_full_11997_ss_0_n0,1
vdjdb_full_11681_ss_4_n0_iptm_filtered,ELAGIGILTV_HLA-A*02:01,tcr13936,vdjdb_full_11704_ss_0_n0|vdjdb_full_11927_ss_4_n0,2
vdjdb_full_11689_rs_0_n0_iptm_filtered,ELAGIGILTV_HLA-A*02:01,tcr8335,vdjdb_full_11785_rs_2_n0,1
vdjdb_full_11689_rs_1_n0_iptm_filtered,ELAGIGILTV_HLA-A*02:01,tcr11700,vdjdb_full_11698_ss_0_n0|vdjdb_full_11757_rs_3_n0|vdjdb_full_11970_ss_0_n0,3
vdjdb_full_11689_ss_1_n0_iptm_filtered,ELAGIGILTV_HLA-A*02:01,tcr14354,vdjdb_full_12021_rs_2_n0,1
vdjdb_full_11696_rs_0_n0_iptm_filtered,ELAGIGILTV_HLA-A*02:01,tcr6859,vdjdb_full_11901_rs_2_n0,1
vdjdb_full_11696_rs_4_n0_iptm_filtered,ELAGIGILTV_HLA-A*02:01,tcr7424,vdjdb_full_11681_ss_1_n0|vdjdb_full_11891_ss_0_n0|vdjdb_full_11985_ss_2_n0,3
vdjdb_full_11696_ss_2_n0_iptm_filtered,ELAGIGILTV_HLA-A*02:01,tcr8383,vdjdb_full_11957_ss_0_n0,1
vdjdb_full_11696_ss_3_n0_iptm_filtered,ELAGIGILTV_HLA-A*02:01,tcr13029,vdjdb_full_11811_rs_3_n0,1
vdjdb_full_11698_rs_1_n0_iptm_filtered,ELAGIGILTV_HLA-A*02:01,tcr3945,vdjdb_full_11902_rs_0_n0,1
vdjdb_full_11698_rs_3_n0_iptm_filtered,ELAGIGILTV_HLA-A*02:01,tcr11156,vdjdb_full_11867_rs_3_n0,1
vdjdb_full_11698_ss_2_n0_iptm_filtered,ELAGIGILTV_HLA-A*02:01,tcr14478,vdjdb_full_11875_ss_2_n0,1
vdjdb_full_11698_ss_4_n0_iptm_filtered,ELAGIGILTV_HLA-A*02:01,tcr454,vdjdb_full_11689_rs_2_n0,1
vdjdb_full_11699_rs_3_n0_iptm_filtered,ELAGIGILTV_HLA-A*02:01,tcr2939,vdjdb_full_11682_ss_2_n0|vdjdb_full_12021_ss_4_n0,2
vdjdb_full_11701_rs_1_n0_iptm_filtered,ELAGIGILTV_HLA-A*02:01,tcr17712,vdjdb_full_11766_rs_2_n0,1
vdjdb_full_11701_rs_2_n0_iptm_filtered,ELAGIGILTV_HLA-A*02:01,tcr3053,vdjdb_full_11970_rs_3_n0,1
vdjdb_full_11701_ss_1_n0_iptm_filtered,ELAGIGILTV_HLA-A*02:01,tcr4903,vdjdb_full_11927_ss_3_n0,1
vdjdb_full_11702_rs_1_n0_iptm_filtered,ELAGIGILTV_HLA-A*02:01,tcr16541,vdjdb_full_11683_rs_2_n0|vdjdb_full_11985_rs_0_n0,2
vdjdb_full_11702_ss_0_n0_iptm_filtered,ELAGIGILTV_HLA-A*02:01,tcr11628,vdjdb_full_11908_rs_2_n0,1
vdjdb_full_11702_ss_3_n0_iptm_filtered,ELAGIGILTV_HLA-A*02:01,tcr11628,vdjdb_full_11908_rs_2_n0,1
vdjdb_full_11703_rs_1_n0_iptm_filtered,ELAGIGILTV_HLA-A*02:01,tcr661,vdjdb_full_11665_rs_1_n0,1
vdjdb_full_11703_rs_3_n0_iptm_filtered,ELAGIGILTV_HLA-A*02:01,tcr6593,vdjdb_full_11963_rs_1_n0,1
vdjdb_full_11703_ss_0_n0_iptm_filtered,ELAGIGILTV_HLA-A*02:01,tcr4680,vdjdb_full_11659_rs_3_n0,1
vdjdb_full_11703_ss_1_n0_iptm_filtered,ELAGIGILTV_HLA-A*02:01,tcr2891,vdjdb_full_11954_ss_2_n0,1
vdjdb_full_11703_ss_4_n0_iptm_filtered,ELAGIGILTV_HLA-A*02:01,tcr6426,vdjdb_full_11757_ss_4_n0,1
vdjdb_full_11704_rs_4_n0_iptm_filtered,ELAGIGILTV_HLA-A*02:01,tcr4609,vdjdb_full_11858_ss_4_n0|vdjdb_full_11867_ss_3_n0,2
vdjdb_full_11704_ss_2_n0_iptm_filtered,ELAGIGILTV_HLA-A*02:01,tcr7478,vdjdb_full_11875_ss_0_n0,1
vdjdb_full_11704_ss_4_n0_iptm_filtered,ELAGIGILTV_HLA-A*02:01,tcr10909,vdjdb_full_11800_rs_4_n0,1
vdjdb_full_11708_rs_0_n0_iptm_filtered,ELAGIGILTV_HLA-A*02:01,tcr3868,vdjdb_full_11635_ss_2_n0|vdjdb_full_11912_rs_0_n0,2
vdjdb_full_11708_rs_3_n0_iptm_filtered,ELAGIGILTV_HLA-A*02:01,tcr4760,vdjdb_full_11651_rs_2_n0,1
vdjdb_full_11708_ss_3_n0_iptm_filtered,ELAGIGILTV_HLA-A*02:01,tcr15084,vdjdb_full_11758_ss_2_n0,1
vdjdb_full_11708_ss_4_n0_iptm_filtered,ELAGIGILTV_HLA-A*02:01,tcr5025,vdjdb_full_11631_ss_3_n0,1
vdjdb_full_11710_rs_0_n0_iptm_filtered,ELAGIGILTV_HLA-A*02:01,tcr7584,vdjdb_full_11703_ss_2_n0,1
vdjdb_full_11710_rs_4_n0_iptm_filtered,ELAGIGILTV_HLA-A*02:01,tcr9389,vdjdb_full_11785_ss_4_n0,1
vdjdb_full_11716_rs_2_n0_iptm_filtered,ELAGIGILTV_HLA-A*02:01,tcr1242,vdjdb_full_11698_rs_1_n0,1
vdjdb_full_11716_ss_2_n0_iptm_filtered,ELAGIGILTV_HLA-A*02:01,tcr1147,vdjdb_full_11863_ss_2_n0,1
vdjdb_full_11727_ss_3_n0_iptm_filtered,ELAGIGILTV_HLA-A*02:01,tcr8335,vdjdb_full_11785_rs_2_n0,1
vdjdb_full_11730_rs_2_n0_iptm_filtered,ELAGIGILTV_HLA-A*02:01,tcr16541,vdjdb_full_11683_rs_2_n0|vdjdb_full_11985_rs_0_n0,2
vdjdb_full_11734_rs_0_n0_iptm_filtered,ELAGIGILTV_HLA-A*02:01,tcr7730,vdjdb_full_11794_ss_1_n0,1
vdjdb_full_11734_ss_1_n0_iptm_filtered,ELAGIGILTV_HLA-A*02:01,tcr685,vdjdb_full_11740_rs_2_n0,1
vdjdb_full_11739_rs_0_n0_iptm_filtered,ELAGIGILTV_HLA-A*02:01,tcr16493,vdjdb_full_11750_ss_1_n0,1
vdjdb_full_11739_ss_2_n0_iptm_filtered,ELAGIGILTV_HLA-A*02:01,tcr453,vdjdb_full_11704_rs_1_n0|vdjdb_full_11963_rs_2_n0,2
vdjdb_full_11740_ss_2_n0_iptm_filtered,ELAGIGILTV_HLA-A*02:01,tcr9726,vdjdb_full_11914_rs_4_n0,1
vdjdb_full_11740_ss_4_n0_iptm_filtered,ELAGIGILTV_HLA-A*02:01,tcr2826,vdjdb_full_12025_rs_0_n0,1
vdjdb_full_11742_rs_2_n0_iptm_filtered,ELAGIGILTV_HLA-A*02:01,tcr11634,vdjdb_full_11858_rs_4_n0|vdjdb_full_11954_rs_3_n0,2
vdjdb_full_11742_ss_0_n0_iptm_filtered,ELAGIGILTV_HLA-A*02:01,tcr4992,vdjdb_full_11648_rs_2_n0|vdjdb_full_11775_rs_4_n0,2
vdjdb_full_11742_ss_2_n0_iptm_filtered,ELAGIGILTV_HLA-A*02:01,tcr8646,vdjdb_full_11672_rs_0_n0,1
vdjdb_full_11744_rs_1_n0_iptm_filtered,ELAGIGILTV_HLA-A*02:01,tcr2493,vdjdb_full_11970_ss_2_n0,1
vdjdb_full_11744_ss_0_n0_iptm_filtered,ELAGIGILTV_HLA-A*02:01,tcr5182,vdjdb_full_11867_ss_4_n0,1
vdjdb_full_11744_ss_3_n0_iptm_filtered,ELAGIGILTV_HLA-A*02:01,tcr10,vdjdb_full_11641_ss_0_n0,1
vdjdb_full_11757_rs_0_n0_iptm_filtered,ELAGIGILTV_HLA-A*02:01,tcr5286,vdjdb_full_12000_ss_4_n0,1
vdjdb_full_11757_rs_1_n0_iptm_filtered,ELAGIGILTV_HLA-A*02:01,tcr2493,vdjdb_full_11970_ss_2_n0,1
vdjdb_full_11758_rs_2_n0_iptm_filtered,ELAGIGILTV_HLA-A*02:01,tcr5439,vdjdb_full_11794_rs_4_n0,1
vdjdb_full_11766_rs_1_n0_iptm_filtered,ELAGIGILTV_HLA-A*02:01,tcr14072,vdjdb_full_11696_ss_4_n0,1
vdjdb_full_11766_rs_2_n0_iptm_filtered,ELAGIGILTV_HLA-A*02:01,tcr17372,vdjdb_full_11875_ss_3_n0,1
vdjdb_full_11766_ss_3_n0_iptm_filtered,ELAGIGILTV_HLA-A*02:01,tcr16040,vdjdb_full_11879_rs_0_n0,1
vdjdb_full_11772_rs_1_n0_iptm_filtered,ELAGIGILTV_HLA-A*02:01,tcr12150,vdjdb_full_11963_ss_4_n0,1
vdjdb_full_11772_ss_4_n0_iptm_filtered,ELAGIGILTV_HLA-A*02:01,tcr4609,vdjdb_full_11858_ss_4_n0|vdjdb_full_11867_ss_3_n0,2
vdjdb_full_11775_ss_3_n0_iptm_filtered,ELAGIGILTV_HLA-A*02:01,tcr12157,vdjdb_full_11975_rs_3_n0,1
vdjdb_full_11785_rs_1_n0_iptm_filtered,ELAGIGILTV_HLA-A*02:01,tcr5796,vdjdb_full_11851_rs_1_n0,1
vdjdb_full_11785_ss_1_n0_iptm_filtered,ELAGIGILTV_HLA-A*02:01,tcr1828,vdjdb_full_11734_rs_1_n0|vdjdb_full_11851_ss_2_n0,2
vdjdb_full_11785_ss_3_n0_iptm_filtered,ELAGIGILTV_HLA-A*02:01,tcr17866,vdjdb_full_11651_ss_4_n0,1
vdjdb_full_11794_rs_0_n0_iptm_filtered,ELAGIGILTV_HLA-A*02:01,tcr16133,vdjdb_full_11727_ss_0_n0,1
vdjdb_full_11794_ss_2_n0_iptm_filtered,ELAGIGILTV_HLA-A*02:01,tcr13629,vdjdb_full_11740_rs_3_n0,1
vdjdb_full_11800_rs_1_n0_iptm_filtered,ELAGIGILTV_HLA-A*02:01,tcr5796,vdjdb_full_11851_rs_1_n0,1
vdjdb_full_11803_rs_4_n0_iptm_filtered,ELAGIGILTV_HLA-A*02:01,tcr13131,vdjdb_full_11807_ss_1_n0,1
vdjdb_full_11803_ss_0_n0_iptm_filtered,ELAGIGILTV_HLA-A*02:01,tcr5796,vdjdb_full_11851_rs_1_n0,1
vdjdb_full_11803_ss_2_n0_iptm_filtered,ELAGIGILTV_HLA-A*02:01,tcr17854,vdjdb_full_11975_ss_4_n0,1
vdjdb_full_11803_ss_3_n0_iptm_filtered,ELAGIGILTV_HLA-A*02:01,tcr13756,vdjdb_full_11927_rs_1_n0,1
vdjdb_full_11804_rs_3_n0_iptm_filtered,ELAGIGILTV_HLA-A*02:01,tcr15656,vdjdb_full_11672_ss_0_n0|vdjdb_full_11867_ss_2_n0,2
vdjdb_full_11811_ss_4_n0_iptm_filtered,ELAGIGILTV_HLA-A*02:01,tcr12150,vdjdb_full_11963_ss_4_n0,1
vdjdb_full_11851_ss_1_n0_iptm_filtered,ELAGIGILTV_HLA-A*02:01,tcr12832,vdjdb_full_11727_ss_3_n0,1
vdjdb_full_11863_ss_2_n0_iptm_filtered,ELAGIGILTV_HLA-A*02:01,tcr4760,vdjdb_full_11651_rs_2_n0,1
vdjdb_full_11867_rs_3_n0_iptm_filtered,ELAGIGILTV_HLA-A*02:01,tcr14504,vdjdb_full_11641_ss_3_n0,1
vdjdb_full_11867_rs_4_n0_iptm_filtered,ELAGIGILTV_HLA-A*02:01,tcr8931,vdjdb_full_12019_ss_1_n0|vdjdb_full_12026_rs_2_n0,2
vdjdb_full_11867_ss_3_n0_iptm_filtered,ELAGIGILTV_HLA-A*02:01,tcr3804,vdjdb_full_11656_ss_1_n0,1
vdjdb_full_11867_ss_4_n0_iptm_filtered,ELAGIGILTV_HLA-A*02:01,tcr1720,vdjdb_full_11641_ss_1_n0|vdjdb_full_11730_ss_1_n0,2
vdjdb_full_11875_rs_4_n0_iptm_filtered,ELAGIGILTV_HLA-A*02:01,tcr3148,vdjdb_full_11803_ss_2_n0,1
vdjdb_full_11875_ss_0_n0_iptm_filtered,ELAGIGILTV_HLA-A*02:01,tcr14512,vdjdb_full_11671_rs_1_n0,1
vdjdb_full_11878_rs_4_n0_iptm_filtered,ELAGIGILTV_HLA-A*02:01,tcr16541,vdjdb_full_11683_rs_2_n0|vdjdb_full_11985_rs_0_n0,2
vdjdb_full_11878_ss_1_n0_iptm_filtered,ELAGIGILTV_HLA-A*02:01,tcr6426,vdjdb_full_11757_ss_4_n0,1
vdjdb_full_11879_rs_0_n0_iptm_filtered,ELAGIGILTV_HLA-A*02:01,tcr5439,vdjdb_full_11794_rs_4_n0,1
vdjdb_full_11879_rs_2_n0_iptm_filtered,ELAGIGILTV_HLA-A*02:01,tcr15656,vdjdb_full_11672_ss_0_n0|vdjdb_full_11867_ss_2_n0,2
vdjdb_full_11879_rs_3_n0_iptm_filtered,ELAGIGILTV_HLA-A*02:01,tcr8527,vdjdb_full_11966_rs_4_n0,1
vdjdb_full_11879_rs_4_n0_iptm_filtered,ELAGIGILTV_HLA-A*02:01,tcr16493,vdjdb_full_11750_ss_1_n0,1
vdjdb_full_11885_rs_1_n0_iptm_filtered,ELAGIGILTV_HLA-A*02:01,tcr10452,vdjdb_full_11704_rs_0_n0,1
vdjdb_full_11885_ss_1_n0_iptm_filtered,ELAGIGILTV_HLA-A*02:01,tcr16936,vdjdb_full_11878_ss_3_n0,1
vdjdb_full_11891_ss_4_n0_iptm_filtered,ELAGIGILTV_HLA-A*02:01,tcr5286,vdjdb_full_12000_ss_4_n0,1
vdjdb_full_11892_rs_3_n0_iptm_filtered,ELAGIGILTV_HLA-A*02:01,tcr15504,vdjdb_full_11999_ss_4_n0,1
vdjdb_full_11904_rs_3_n0_iptm_filtered,ELAGIGILTV_HLA-A*02:01,tcr2939,vdjdb_full_11682_ss_2_n0|vdjdb_full_12021_ss_4_n0,2
vdjdb_full_11914_rs_1_n0_iptm_filtered,ELAGIGILTV_HLA-A*02:01,tcr10981,vdjdb_full_11780_ss_2_n0,1
vdjdb_full_11914_rs_2_n0_iptm_filtered,ELAGIGILTV_HLA-A*02:01,tcr2,vdjdb_full_12021_rs_0_n0,1
vdjdb_full_11914_ss_2_n0_iptm_filtered,ELAGIGILTV_HLA-A*02:01,tcr16377,vdjdb_full_11703_rs_3_n0,1
vdjdb_full_11917_ss_1_n0_iptm_filtered,ELAGIGILTV_HLA-A*02:01,tcr476,vdjdb_full_11629_ss_3_n0,1
vdjdb_full_11927_rs_1_n0_iptm_filtered,ELAGIGILTV_HLA-A*02:01,tcr14674,vdjdb_full_11904_ss_2_n0,1
vdjdb_full_11942_rs_0_n0_iptm_filtered,ELAGIGILTV_HLA-A*02:01,tcr5656,vdjdb_full_11683_ss_0_n0,1
vdjdb_full_11942_ss_3_n0_iptm_filtered,ELAGIGILTV_HLA-A*02:01,tcr3868,vdjdb_full_11635_ss_2_n0|vdjdb_full_11912_rs_0_n0,2
vdjdb_full_11947_rs_0_n0_iptm_filtered,ELAGIGILTV_HLA-A*02:01,tcr9933,vdjdb_full_11758_rs_2_n0,1
vdjdb_full_11947_rs_3_n0_iptm_filtered,ELAGIGILTV_HLA-A*02:01,tcr12036,vdjdb_full_11901_ss_3_n0,1
vdjdb_full_11948_rs_1_n0_iptm_filtered,ELAGIGILTV_HLA-A*02:01,tcr573,vdjdb_full_11989_rs_2_n0,1
vdjdb_full_11954_rs_4_n0_iptm_filtered,ELAGIGILTV_HLA-A*02:01,tcr9933,vdjdb_full_11758_rs_2_n0,1
vdjdb_full_11954_ss_1_n0_iptm_filtered,ELAGIGILTV_HLA-A*02:01,tcr14060,vdjdb_full_11750_rs_3_n0,1
vdjdb_full_11954_ss_2_n0_iptm_filtered,ELAGIGILTV_HLA-A*02:01,tcr17372,vdjdb_full_11875_ss_3_n0,1
vdjdb_full_11954_ss_4_n0_iptm_filtered,ELAGIGILTV_HLA-A*02:01,tcr9154,vdjdb_full_11947_ss_1_n0,1
vdjdb_full_11957_rs_2_n0_iptm_filtered,ELAGIGILTV_HLA-A*02:01,tcr3034,vdjdb_full_11651_ss_3_n0,1
vdjdb_full_11957_rs_3_n0_iptm_filtered,ELAGIGILTV_HLA-A*02:01,tcr7730,vdjdb_full_11794_ss_1_n0,1
vdjdb_full_11957_rs_4_n0_iptm_filtered,ELAGIGILTV_HLA-A*02:01,tcr10651,vdjdb_full_11907_ss_1_n0,1
vdjdb_full_11957_ss_0_n0_iptm_filtered,ELAGIGILTV_HLA-A*02:01,tcr16411,vdjdb_full_11696_ss_0_n0,1
vdjdb_full_11957_ss_2_n0_iptm_filtered,ELAGIGILTV_HLA-A*02:01,tcr14494,vdjdb_full_11698_ss_2_n0,1
vdjdb_full_11962_rs_2_n0_iptm_filtered,ELAGIGILTV_HLA-A*02:01,tcr2249,vdjdb_full_11710_rs_3_n0,1
vdjdb_full_11962_ss_3_n0_iptm_filtered,ELAGIGILTV_HLA-A*02:01,tcr1059,vdjdb_full_12001_ss_3_n0,1
vdjdb_full_11962_ss_4_n0_iptm_filtered,ELAGIGILTV_HLA-A*02:01,tcr7963,vdjdb_full_11957_rs_1_n0,1
vdjdb_full_11963_rs_0_n0_iptm_filtered,ELAGIGILTV_HLA-A*02:01,tcr11221,vdjdb_full_11704_rs_4_n0,1
vdjdb_full_11963_rs_1_n0_iptm_filtered,ELAGIGILTV_HLA-A*02:01,tcr10676,vdjdb_full_11656_ss_2_n0,1
vdjdb_full_11963_rs_3_n0_iptm_filtered,ELAGIGILTV_HLA-A*02:01,tcr2857,vdjdb_full_11702_rs_1_n0,1
vdjdb_full_11963_rs_4_n0_iptm_filtered,ELAGIGILTV_HLA-A*02:01,tcr3801,vdjdb_full_11917_ss_0_n0,1
vdjdb_full_11966_rs_0_n0_iptm_filtered,ELAGIGILTV_HLA-A*02:01,tcr18155,vdjdb_full_11775_ss_4_n0,1
vdjdb_full_11970_rs_0_n0_iptm_filtered,ELAGIGILTV_HLA-A*02:01,tcr18155,vdjdb_full_11775_ss_4_n0,1
vdjdb_full_11975_rs_2_n0_iptm_filtered,ELAGIGILTV_HLA-A*02:01,tcr14072,vdjdb_full_11696_ss_4_n0,1
vdjdb_full_11975_ss_0_n0_iptm_filtered,ELAGIGILTV_HLA-A*02:01,tcr9329,vdjdb_full_11659_ss_1_n0,1
vdjdb_full_11988_rs_0_n0_iptm_filtered,ELAGIGILTV_HLA-A*02:01,tcr8629,vdjdb_full_11703_ss_3_n0,1
vdjdb_full_11988_rs_3_n0_iptm_filtered,ELAGIGILTV_HLA-A*02:01,tcr1959,vdjdb_full_11927_rs_2_n0,1
vdjdb_full_11991_rs_4_n0_iptm_filtered,ELAGIGILTV_HLA-A*02:01,tcr14375,vdjdb_full_11942_ss_1_n0,1
vdjdb_full_11991_ss_2_n0_iptm_filtered,ELAGIGILTV_HLA-A*02:01,tcr9087,vdjdb_full_11710_rs_0_n0,1
vdjdb_full_11997_rs_0_n0_iptm_filtered,ELAGIGILTV_HLA-A*02:01,tcr1000,vdjdb_full_11775_rs_0_n0,1
vdjdb_full_11_ss_2_n0_iptm_filtered,QAKWRLQTL_HLA-B*08:01,tcr5509,vdjdb_full_17_rs_3_n0,1
vdjdb_full_12000_rs_0_n0_iptm_filtered,ELAGIGILTV_HLA-A*02:01,tcr573,vdjdb_full_11989_rs_2_n0,1
vdjdb_full_12000_ss_3_n0_iptm_filtered,ELAGIGILTV_HLA-A*02:01,tcr609,vdjdb_full_11877_ss_1_n0,1
vdjdb_full_12001_ss_3_n0_iptm_filtered,ELAGIGILTV_HLA-A*02:01,tcr5137,vdjdb_full_11657_ss_2_n0,1
vdjdb_full_12017_rs_3_n0_iptm_filtered,ELAGIGILTV_HLA-A*02:01,tcr5286,vdjdb_full_12000_ss_4_n0,1
vdjdb_full_12017_ss_1_n0_iptm_filtered,ELAGIGILTV_HLA-A*02:01,tcr12892,vdjdb_full_11668_ss_1_n0,1
vdjdb_full_12025_rs_0_n0_iptm_filtered,ELAGIGILTV_HLA-A*02:01,tcr6716,vdjdb_full_11730_rs_3_n0,1
vdjdb_full_12026_rs_0_n0_iptm_filtered,ELAGIGILTV_HLA-A*02:01,tcr11729,vdjdb_full_11997_ss_3_n0,1
vdjdb_full_12026_ss_3_n0_iptm_filtered,ELAGIGILTV_HLA-A*02:01,tcr5489,vdjdb_full_11689_rs_4_n0,1
vdjdb_full_12034_rs_1_n0_iptm_filtered,ALAGIGILTV_HLA-A*02:01,tcr6007,vdjdb_full_12092_ss_0_n0,1
vdjdb_full_12034_rs_2_n0_iptm_filtered,ALAGIGILTV_HLA-A*02:01,tcr6638,vdjdb_full_12038_ss_1_n0,1
vdjdb_full_12035_rs_3_n0_iptm_filtered,ALAGIGILTV_HLA-A*02:01,tcr5790,vdjdb_full_12043_ss_4_n0,1
vdjdb_full_12036_rs_2_n0_iptm_filtered,ALAGIGILTV_HLA-A*02:01,tcr15580,vdjdb_full_12073_rs_0_n0,1
vdjdb_full_12036_ss_3_n0_iptm_filtered,ALAGIGILTV_HLA-A*02:01,tcr7172,vdjdb_full_12073_ss_4_n0,1
vdjdb_full_12037_rs_0_n0_iptm_filtered,ALAGIGILTV_HLA-A*02:01,tcr10945,vdjdb_full_12077_rs_4_n0,1
vdjdb_full_12037_ss_0_n0_iptm_filtered,ALAGIGILTV_HLA-A*02:01,tcr14682,vdjdb_full_12079_ss_2_n0,1
vdjdb_full_12037_ss_1_n0_iptm_filtered,ALAGIGILTV_HLA-A*02:01,tcr11094,vdjdb_full_12057_rs_1_n0,1
vdjdb_full_12038_rs_1_n0_iptm_filtered,ALAGIGILTV_HLA-A*02:01,tcr11539,vdjdb_full_12057_rs_4_n0,1
vdjdb_full_12038_rs_4_n0_iptm_filtered,ALAGIGILTV_HLA-A*02:01,tcr14378,vdjdb_full_12038_ss_2_n0,1
vdjdb_full_12038_ss_1_n0_iptm_filtered,ALAGIGILTV_HLA-A*02:01,tcr8914,vdjdb_full_12036_rs_0_n0,1
vdjdb_full_12038_ss_2_n0_iptm_filtered,ALAGIGILTV_HLA-A*02:01,tcr8262,vdjdb_full_12084_rs_2_n0,1
vdjdb_full_12040_rs_0_n0_iptm_filtered,ALAGIGILTV_HLA-A*02:01,tcr15481,vdjdb_full_12033_ss_0_n0,1
vdjdb_full_12040_rs_3_n0_iptm_filtered,ALAGIGILTV_HLA-A*02:01,tcr2609,vdjdb_full_12065_rs_3_n0,1
vdjdb_full_12040_ss_3_n0_iptm_filtered,ALAGIGILTV_HLA-A*02:01,tcr3148,vdjdb_full_12064_ss_1_n0,1
vdjdb_full_12041_ss_4_n0_iptm_filtered,ALAGIGILTV_HLA-A*02:01,tcr10590,vdjdb_full_12048_ss_4_n0,1
vdjdb_full_12042_rs_2_n0_iptm_filtered,ALAGIGILTV_HLA-A*02:01,tcr15170,vdjdb_full_12077_ss_0_n0,1
vdjdb_full_12044_ss_1_n0_iptm_filtered,ALAGIGILTV_HLA-A*02:01,tcr8903,vdjdb_full_12036_rs_3_n0,1
vdjdb_full_12047_rs_4_n0_iptm_filtered,ALAGIGILTV_HLA-A*02:01,tcr14806,vdjdb_full_12050_ss_1_n0,1
vdjdb_full_12047_ss_3_n0_iptm_filtered,ALAGIGILTV_HLA-A*02:01,tcr3148,vdjdb_full_12064_ss_1_n0,1
vdjdb_full_12048_rs_1_n0_iptm_filtered,ALAGIGILTV_HLA-A*02:01,tcr3353,vdjdb_full_12068_rs_0_n0,1
vdjdb_full_12048_rs_2_n0_iptm_filtered,ALAGIGILTV_HLA-A*02:01,tcr391,vdjdb_full_12048_rs_3_n0,1
vdjdb_full_12048_rs_3_n0_iptm_filtered,ALAGIGILTV_HLA-A*02:01,tcr8903,vdjdb_full_12036_rs_3_n0,1
vdjdb_full_12048_ss_1_n0_iptm_filtered,ALAGIGILTV_HLA-A*02:01,tcr8914,vdjdb_full_12036_rs_0_n0,1
vdjdb_full_12051_rs_4_n0_iptm_filtered,ALAGIGILTV_HLA-A*02:01,tcr10590,vdjdb_full_12048_ss_4_n0,1
vdjdb_full_12053_rs_3_n0_iptm_filtered,ALAGIGILTV_HLA-A*02:01,tcr11640,vdjdb_full_12084_ss_4_n0,1
vdjdb_full_12053_ss_4_n0_iptm_filtered,ALAGIGILTV_HLA-A*02:01,tcr15783,vdjdb_full_12060_ss_4_n0,1
vdjdb_full_12054_ss_0_n0_iptm_filtered,ALAGIGILTV_HLA-A*02:01,tcr8262,vdjdb_full_12084_rs_2_n0,1
vdjdb_full_12054_ss_4_n0_iptm_filtered,ALAGIGILTV_HLA-A*02:01,tcr8251,vdjdb_full_12102_rs_0_n0,1
vdjdb_full_12057_rs_1_n0_iptm_filtered,ALAGIGILTV_HLA-A*02:01,tcr5286,vdjdb_full_12043_ss_1_n0|vdjdb_full_12063_rs_4_n0,2
vdjdb_full_12057_rs_2_n0_iptm_filtered,ALAGIGILTV_HLA-A*02:01,tcr977,vdjdb_full_12091_rs_0_n0,1
vdjdb_full_12057_ss_3_n0_iptm_filtered,ALAGIGILTV_HLA-A*02:01,tcr15199,vdjdb_full_12072_rs_1_n0,1
vdjdb_full_12058_rs_3_n0_iptm_filtered,ALAGIGILTV_HLA-A*02:01,tcr4903,vdjdb_full_12098_rs_2_n0,1
vdjdb_full_12059_rs_0_n0_iptm_filtered,ALAGIGILTV_HLA-A*02:01,tcr9170,vdjdb_full_12093_ss_1_n0,1
vdjdb_full_12060_ss_2_n0_iptm_filtered,ALAGIGILTV_HLA-A*02:01,tcr17586,vdjdb_full_12054_ss_1_n0,1
vdjdb_full_12060_ss_3_n0_iptm_filtered,ALAGIGILTV_HLA-A*02:01,tcr14513,vdjdb_full_12079_rs_3_n0,1
vdjdb_full_12060_ss_4_n0_iptm_filtered,ALAGIGILTV_HLA-A*02:01,tcr7832,vdjdb_full_12035_rs_0_n0,1
vdjdb_full_12061_ss_2_n0_iptm_filtered,ALAGIGILTV_HLA-A*02:01,tcr8578,vdjdb_full_12052_rs_1_n0,1
vdjdb_full_12062_rs_0_n0_iptm_filtered,ALAGIGILTV_HLA-A*02:01,tcr453,vdjdb_full_12104_rs_3_n0,1
vdjdb_full_12063_rs_0_n0_iptm_filtered,ALAGIGILTV_HLA-A*02:01,tcr656,vdjdb_full_12083_rs_2_n0,1
vdjdb_full_12063_ss_2_n0_iptm_filtered,ALAGIGILTV_HLA-A*02:01,tcr3492,vdjdb_full_12054_rs_4_n0,1
vdjdb_full_12063_ss_4_n0_iptm_filtered,ALAGIGILTV_HLA-A*02:01,tcr7832,vdjdb_full_12035_rs_0_n0,1
vdjdb_full_12064_ss_1_n0_iptm_filtered,ALAGIGILTV_HLA-A*02:01,tcr8578,vdjdb_full_12052_rs_1_n0,1
vdjdb_full_12065_rs_3_n0_iptm_filtered,ALAGIGILTV_HLA-A*02:01,tcr13319,vdjdb_full_12041_ss_4_n0,1
vdjdb_full_12065_rs_4_n0_iptm_filtered,ALAGIGILTV_HLA-A*02:01,tcr16182,vdjdb_full_12032_rs_3_n0,1
vdjdb_full_12065_ss_0_n0_iptm_filtered,ALAGIGILTV_HLA-A*02:01,tcr3148,vdjdb_full_12064_ss_1_n0,1
vdjdb_full_12065_ss_3_n0_iptm_filtered,ALAGIGILTV_HLA-A*02:01,tcr14461,vdjdb_full_12048_rs_1_n0,1
vdjdb_full_12066_rs_1_n0_iptm_filtered,ALAGIGILTV_HLA-A*02:01,tcr7537,vdjdb_full_12038_rs_0_n0,1
vdjdb_full_12067_ss_0_n0_iptm_filtered,ALAGIGILTV_HLA-A*02:01,tcr16541,vdjdb_full_12102_ss_0_n0,1
vdjdb_full_12068_rs_2_n0_iptm_filtered,ALAGIGILTV_HLA-A*02:01,tcr13308,vdjdb_full_12089_ss_1_n0,1
vdjdb_full_12068_ss_3_n0_iptm_filtered,ALAGIGILTV_HLA-A*02:01,tcr14513,vdjdb_full_12079_rs_3_n0,1
vdjdb_full_12072_ss_2_n0_iptm_filtered,ALAGIGILTV_HLA-A*02:01,tcr17315,vdjdb_full_12052_ss_0_n0,1
vdjdb_full_12073_ss_3_n0_iptm_filtered,ALAGIGILTV_HLA-A*02:01,tcr13377,vdjdb_full_12079_ss_0_n0|vdjdb_full_12095_rs_0_n0,2
vdjdb_full_12075_rs_1_n0_iptm_filtered,ALAGIGILTV_HLA-A*02:01,tcr14513,vdjdb_full_12079_rs_3_n0,1
vdjdb_full_12075_rs_2_n0_iptm_filtered,ALAGIGILTV_HLA-A*02:01,tcr2869,vdjdb_full_12038_ss_4_n0,1
vdjdb_full_12075_ss_4_n0_iptm_filtered,ALAGIGILTV_HLA-A*02:01,tcr16014,vdjdb_full_12084_rs_1_n0,1
vdjdb_full_12076_rs_3_n0_iptm_filtered,ALAGIGILTV_HLA-A*02:01,tcr14393,vdjdb_full_12054_ss_2_n0,1
vdjdb_full_12076_ss_1_n0_iptm_filtered,ALAGIGILTV_HLA-A*02:01,tcr18222,vdjdb_full_12063_ss_4_n0,1
vdjdb_full_12076_ss_2_n0_iptm_filtered,ALAGIGILTV_HLA-A*02:01,tcr11640,vdjdb_full_12084_ss_4_n0,1
vdjdb_full_12077_rs_1_n0_iptm_filtered,ALAGIGILTV_HLA-A*02:01,tcr250,vdjdb_full_12082_rs_0_n0,1
vdjdb_full_12077_rs_3_n0_iptm_filtered,ALAGIGILTV_HLA-A*02:01,tcr8023,vdjdb_full_12077_ss_1_n0,1
vdjdb_full_12077_ss_2_n0_iptm_filtered,ALAGIGILTV_HLA-A*02:01,tcr7687,vdjdb_full_12042_ss_4_n0,1
vdjdb_full_12078_rs_0_n0_iptm_filtered,ALAGIGILTV_HLA-A*02:01,tcr10380,vdjdb_full_12085_rs_2_n0,1
vdjdb_full_12079_rs_3_n0_iptm_filtered,ALAGIGILTV_HLA-A*02:01,tcr5506,vdjdb_full_12040_rs_2_n0|vdjdb_full_12045_rs_3_n0,2
vdjdb_full_12079_rs_4_n0_iptm_filtered,ALAGIGILTV_HLA-A*02:01,tcr6156,vdjdb_full_12083_rs_1_n0,1
vdjdb_full_12079_ss_3_n0_iptm_filtered,ALAGIGILTV_HLA-A*02:01,tcr3324,vdjdb_full_12058_ss_1_n0,1
vdjdb_full_12082_ss_2_n0_iptm_filtered,ALAGIGILTV_HLA-A*02:01,tcr15521,vdjdb_full_12046_ss_0_n0,1
vdjdb_full_12083_ss_3_n0_iptm_filtered,ALAGIGILTV_HLA-A*02:01,tcr17586,vdjdb_full_12054_ss_1_n0,1
vdjdb_full_12083_ss_4_n0_iptm_filtered,ALAGIGILTV_HLA-A*02:01,tcr13292,vdjdb_full_12092_ss_2_n0,1
vdjdb_full_12084_rs_2_n0_iptm_filtered,ALAGIGILTV_HLA-A*02:01,tcr7360,vdjdb_full_12067_ss_3_n0|vdjdb_full_12078_ss_0_n0,2
vdjdb_full_12084_ss_1_n0_iptm_filtered,ALAGIGILTV_HLA-A*02:01,tcr14763,vdjdb_full_12106_ss_4_n0,1
vdjdb_full_12085_ss_2_n0_iptm_filtered,ALAGIGILTV_HLA-A*02:01,tcr14909,vdjdb_full_12038_rs_4_n0,1
vdjdb_full_12085_ss_3_n0_iptm_filtered,ALAGIGILTV_HLA-A*02:01,tcr14915,vdjdb_full_12034_ss_3_n0,1
vdjdb_full_12086_rs_3_n0_iptm_filtered,ALAGIGILTV_HLA-A*02:01,tcr12997,vdjdb_full_12047_rs_0_n0,1
vdjdb_full_12086_ss_3_n0_iptm_filtered,ALAGIGILTV_HLA-A*02:01,tcr2493,vdjdb_full_12032_rs_1_n0,1
vdjdb_full_12087_rs_1_n0_iptm_filtered,ALAGIGILTV_HLA-A*02:01,tcr10415,vdjdb_full_12068_rs_2_n0,1
vdjdb_full_12087_ss_2_n0_iptm_filtered,ALAGIGILTV_HLA-A*02:01,tcr16835,vdjdb_full_12089_rs_1_n0,1
vdjdb_full_12088_rs_1_n0_iptm_filtered,ALAGIGILTV_HLA-A*02:01,tcr7687,vdjdb_full_12042_ss_4_n0,1
vdjdb_full_12088_rs_2_n0_iptm_filtered,ALAGIGILTV_HLA-A*02:01,tcr227,vdjdb_full_12067_ss_0_n0,1
vdjdb_full_12088_ss_3_n0_iptm_filtered,ALAGIGILTV_HLA-A*02:01,tcr16144,vdjdb_full_12059_ss_0_n0,1
vdjdb_full_12088_ss_4_n0_iptm_filtered,ALAGIGILTV_HLA-A*02:01,tcr3357,vdjdb_full_12101_rs_4_n0,1
vdjdb_full_12090_ss_1_n0_iptm_filtered,ALAGIGILTV_HLA-A*02:01,tcr12579,vdjdb_full_12064_rs_0_n0,1
vdjdb_full_12091_ss_4_n0_iptm_filtered,ALAGIGILTV_HLA-A*02:01,tcr2568,vdjdb_full_12064_ss_3_n0,1
vdjdb_full_12092_rs_1_n0_iptm_filtered,ALAGIGILTV_HLA-A*02:01,tcr4189,vdjdb_full_12065_ss_2_n0,1
vdjdb_full_12092_rs_2_n0_iptm_filtered,ALAGIGILTV_HLA-A*02:01,tcr1689,vdjdb_full_12036_ss_3_n0,1
vdjdb_full_12092_ss_0_n0_iptm_filtered,ALAGIGILTV_HLA-A*02:01,tcr944,vdjdb_full_12101_ss_4_n0,1
vdjdb_full_12092_ss_2_n0_iptm_filtered,ALAGIGILTV_HLA-A*02:01,tcr13308,vdjdb_full_12089_ss_1_n0,1
vdjdb_full_12094_rs_0_n0_iptm_filtered,ALAGIGILTV_HLA-A*02:01,tcr11965,vdjdb_full_12040_ss_1_n0|vdjdb_full_12101_ss_2_n0,2
vdjdb_full_12094_rs_2_n0_iptm_filtered,ALAGIGILTV_HLA-A*02:01,tcr2507,vdjdb_full_12098_ss_2_n0,1
vdjdb_full_12094_ss_4_n0_iptm_filtered,ALAGIGILTV_HLA-A*02:01,tcr847,vdjdb_full_12088_rs_2_n0,1
vdjdb_full_12095_rs_2_n0_iptm_filtered,ALAGIGILTV_HLA-A*02:01,tcr16432,vdjdb_full_12066_ss_1_n0,1
vdjdb_full_12095_ss_3_n0_iptm_filtered,ALAGIGILTV_HLA-A*02:01,tcr5286,vdjdb_full_12043_ss_1_n0|vdjdb_full_12063_rs_4_n0,2
vdjdb_full_12096_rs_3_n0_iptm_filtered,ALAGIGILTV_HLA-A*02:01,tcr1341,vdjdb_full_12032_ss_0_n0,1
vdjdb_full_12096_ss_1_n0_iptm_filtered,ALAGIGILTV_HLA-A*02:01,tcr17776,vdjdb_full_12051_rs_3_n0,1
vdjdb_full_12096_ss_4_n0_iptm_filtered,ALAGIGILTV_HLA-A*02:01,tcr11711,vdjdb_full_12089_ss_0_n0,1
vdjdb_full_12098_rs_2_n0_iptm_filtered,ALAGIGILTV_HLA-A*02:01,tcr6667,vdjdb_full_12036_ss_1_n0,1
vdjdb_full_12098_ss_3_n0_iptm_filtered,ALAGIGILTV_HLA-A*02:01,tcr14513,vdjdb_full_12079_rs_3_n0,1
vdjdb_full_12099_rs_1_n0_iptm_filtered,ALAGIGILTV_HLA-A*02:01,tcr12997,vdjdb_full_12047_rs_0_n0,1
vdjdb_full_12099_ss_3_n0_iptm_filtered,ALAGIGILTV_HLA-A*02:01,tcr2107,vdjdb_full_12053_rs_2_n0|vdjdb_full_12097_ss_1_n0,2
vdjdb_full_12100_rs_0_n0_iptm_filtered,ALAGIGILTV_HLA-A*02:01,tcr4132,vdjdb_full_12035_rs_3_n0,1
vdjdb_full_12101_rs_1_n0_iptm_filtered,ALAGIGILTV_HLA-A*02:01,tcr9719,vdjdb_full_12060_rs_0_n0,1
vdjdb_full_12101_ss_1_n0_iptm_filtered,ALAGIGILTV_HLA-A*02:01,tcr5688,vdjdb_full_12078_ss_4_n0|vdjdb_full_12094_ss_0_n0,2
vdjdb_full_12103_rs_2_n0_iptm_filtered,ALAGIGILTV_HLA-A*02:01,tcr9651,vdjdb_full_12089_rs_4_n0,1
vdjdb_full_12105_ss_4_n0_iptm_filtered,ALAGIGILTV_HLA-A*02:01,tcr13377,vdjdb_full_12079_ss_0_n0|vdjdb_full_12095_rs_0_n0,2
vdjdb_full_12120_rs_4_n0_iptm_filtered,YLQQNWWTL_HLA-A*02:01,tcr11553,vdjdb_full_12110_rs_2_n0,1
vdjdb_full_12123_rs_1_n0_iptm_filtered,FTSDYYQLY_HLA-A*01:01,tcr9980,vdjdb_full_12148_ss_0_n0,1
vdjdb_full_12123_ss_0_n0_iptm_filtered,FTSDYYQLY_HLA-A*01:01,tcr10093,vdjdb_full_12154_rs_0_n0,1
vdjdb_full_12130_rs_2_n0_iptm_filtered,FTSDYYQLY_HLA-A*01:01,tcr5510,vdjdb_full_12130_rs_3_n0,1
vdjdb_full_12132_ss_1_n0_iptm_filtered,FTSDYYQLY_HLA-A*01:01,tcr956,vdjdb_full_12126_ss_3_n0,1
vdjdb_full_12132_ss_4_n0_iptm_filtered,FTSDYYQLY_HLA-A*01:01,tcr8230,vdjdb_full_12127_rs_0_n0,1
vdjdb_full_12138_rs_1_n0_iptm_filtered,FTSDYYQLY_HLA-A*01:01,tcr2255,vdjdb_full_12151_ss_1_n0,1
vdjdb_full_12141_rs_0_n0_iptm_filtered,FTSDYYQLY_HLA-A*01:01,tcr15704,vdjdb_full_12123_ss_3_n0,1
vdjdb_full_12141_ss_0_n0_iptm_filtered,FTSDYYQLY_HLA-A*01:01,tcr12660,vdjdb_full_12138_rs_0_n0,1
vdjdb_full_12147_rs_0_n0_iptm_filtered,FTSDYYQLY_HLA-A*01:01,tcr18149,vdjdb_full_12145_rs_3_n0,1
vdjdb_full_12147_rs_1_n0_iptm_filtered,FTSDYYQLY_HLA-A*01:01,tcr13614,vdjdb_full_12137_rs_4_n0,1
vdjdb_full_12147_rs_3_n0_iptm_filtered,FTSDYYQLY_HLA-A*01:01,tcr6573,vdjdb_full_12123_ss_4_n0,1
vdjdb_full_12154_rs_0_n0_iptm_filtered,FTSDYYQLY_HLA-A*01:01,tcr10584,vdjdb_full_12142_ss_4_n0,1
vdjdb_full_12154_ss_2_n0_iptm_filtered,FTSDYYQLY_HLA-A*01:01,tcr6552,vdjdb_full_12143_ss_2_n0,1
vdjdb_full_12159_ss_4_n0_iptm_filtered,FTSDYYQLY_HLA-A*01:01,tcr3368,vdjdb_full_12133_ss_3_n0,1
vdjdb_full_12164_ss_4_n0_iptm_filtered,IMDQVPFSV_HLA-A*02:01,tcr9367,vdjdb_full_12171_ss_2_n0,1
vdjdb_full_12166_ss_2_n0_iptm_filtered,IMDQVPFSV_HLA-A*02:01,tcr15800,vdjdb_full_12174_ss_3_n0,1
vdjdb_full_12169_rs_0_n0_iptm_filtered,IMDQVPFSV_HLA-A*02:01,tcr11836,vdjdb_full_12162_rs_3_n0,1
vdjdb_full_12173_rs_0_n0_iptm_filtered,IMDQVPFSV_HLA-A*02:01,tcr7946,vdjdb_full_12172_rs_3_n0,1
vdjdb_full_12173_ss_3_n0_iptm_filtered,IMDQVPFSV_HLA-A*02:01,tcr5755,vdjdb_full_12166_ss_4_n0,1
vdjdb_full_12229_ss_3_n0_iptm_filtered,IVTDFSVIK_HLA-A*11:01,tcr12498,vdjdb_full_12316_ss_4_n0,1
vdjdb_full_12250_ss_2_n0_iptm_filtered,IVTDFSVIK_HLA-A*11:01,tcr8300,vdjdb_full_12282_ss_3_n0|vdjdb_full_12490_ss_3_n0,2
vdjdb_full_12259_ss_3_n0_iptm_filtered,IVTDFSVIK_HLA-A*11:01,tcr17928,vdjdb_full_12443_rs_2_n0,1
vdjdb_full_12259_ss_4_n0_iptm_filtered,IVTDFSVIK_HLA-A*11:01,tcr8326,vdjdb_full_12229_ss_0_n0,1
vdjdb_full_12316_ss_2_n0_iptm_filtered,IVTDFSVIK_HLA-A*11:01,tcr1085,vdjdb_full_12224_ss_1_n0,1
vdjdb_full_12316_ss_3_n0_iptm_filtered,IVTDFSVIK_HLA-A*11:01,tcr7856,vdjdb_full_12250_ss_0_n0|vdjdb_full_12868_ss_0_n0,2
vdjdb_full_12329_rs_3_n0_iptm_filtered,IVTDFSVIK_HLA-A*11:01,tcr15245,vdjdb_full_12234_ss_0_n0,1
vdjdb_full_12346_rs_3_n0_iptm_filtered,IVTDFSVIK_HLA-A*11:01,tcr12787,vdjdb_full_12346_ss_3_n0,1
vdjdb_full_1234_rs_2_n0_iptm_filtered,KLGGALQAK_HLA-A*03:01,tcr12689,vdjdb_full_141_ss_2_n0,1
vdjdb_full_1234_ss_4_n0_iptm_filtered,KLGGALQAK_HLA-A*03:01,tcr18110,vdjdb_full_1746_rs_1_n0,1
vdjdb_full_12443_rs_0_n0_iptm_filtered,IVTDFSVIK_HLA-A*11:01,tcr9627,vdjdb_full_12218_rs_0_n0,1
vdjdb_full_12496_rs_1_n0_iptm_filtered,IVTDFSVIK_HLA-A*11:01,tcr10942,vdjdb_full_12183_rs_1_n0,1
vdjdb_full_12496_ss_0_n0_iptm_filtered,IVTDFSVIK_HLA-A*11:01,tcr11041,vdjdb_full_12316_ss_0_n0,1
vdjdb_full_12496_ss_4_n0_iptm_filtered,IVTDFSVIK_HLA-A*11:01,tcr10031,vdjdb_full_12251_ss_4_n0,1
vdjdb_full_12525_rs_4_n0_iptm_filtered,IVTDFSVIK_HLA-A*11:01,tcr4978,vdjdb_full_12394_rs_4_n0|vdjdb_full_12752_rs_0_n0,2
vdjdb_full_12552_ss_3_n0_iptm_filtered,IVTDFSVIK_HLA-A*11:01,tcr12639,vdjdb_full_12257_rs_1_n0|vdjdb_full_12732_ss_0_n0,2
vdjdb_full_12674_ss_4_n0_iptm_filtered,IVTDFSVIK_HLA-A*11:01,tcr9295,vdjdb_full_12259_ss_1_n0,1
vdjdb_full_12750_ss_2_n0_iptm_filtered,IVTDFSVIK_HLA-A*11:01,tcr10942,vdjdb_full_12183_rs_1_n0,1
vdjdb_full_12774_ss_3_n0_iptm_filtered,IVTDFSVIK_HLA-A*11:01,tcr6984,vdjdb_full_12259_rs_2_n0,1
vdjdb_full_12774_ss_4_n0_iptm_filtered,IVTDFSVIK_HLA-A*11:01,tcr11629,vdjdb_full_12257_ss_0_n0,1
vdjdb_full_12800_rs_0_n0_iptm_filtered,IVTDFSVIK_HLA-A*11:01,tcr1292,vdjdb_full_12183_ss_1_n0,1
vdjdb_full_12818_ss_1_n0_iptm_filtered,IVTDFSVIK_HLA-A*11:01,tcr10331,vdjdb_full_12187_ss_0_n0,1
vdjdb_full_12825_ss_2_n0_iptm_filtered,IVTDFSVIK_HLA-A*11:01,tcr9931,vdjdb_full_12442_rs_1_n0,1
vdjdb_full_12830_ss_3_n0_iptm_filtered,IVTDFSVIK_HLA-A*11:01,tcr8215,vdjdb_full_12246_rs_4_n0,1
vdjdb_full_12871_ss_1_n0_iptm_filtered,IVTDFSVIK_HLA-A*11:01,tcr3837,vdjdb_full_12299_ss_0_n0,1
vdjdb_full_12_ss_2_n0_iptm_filtered,QAKWRLQTL_HLA-B*08:01,tcr4006,vdjdb_full_21_ss_3_n0|vdjdb_full_4_ss_2_n0,2
vdjdb_full_1360_rs_3_n0_iptm_filtered,KLGGALQAK_HLA-A*03:01,tcr10744,vdjdb_full_1416_rs_4_n0,1
vdjdb_full_13704_ss_1_n0_iptm_filtered,TPRVTGGGAM_HLA-B*07:02,tcr4679,vdjdb_full_13867_rs_2_n0,1
vdjdb_full_13794_ss_2_n0_iptm_filtered,TPRVTGGGAM_HLA-B*07:02,tcr10139,vdjdb_full_13869_ss_2_n0,1
vdjdb_full_13886_rs_3_n0_iptm_filtered,AYAQKIFKI_HLA-A*24:02,tcr2482,vdjdb_full_13910_rs_0_n0,1
vdjdb_full_13901_rs_2_n0_iptm_filtered,AYAQKIFKI_HLA-A*24:02,tcr16158,vdjdb_full_13913_rs_3_n0,1
vdjdb_full_13904_ss_3_n0_iptm_filtered,AYAQKIFKI_HLA-A*24:02,tcr13095,vdjdb_full_13912_ss_0_n0,1
vdjdb_full_13904_ss_4_n0_iptm_filtered,AYAQKIFKI_HLA-A*24:02,tcr14818,vdjdb_full_13882_rs_1_n0,1
vdjdb_full_13914_ss_0_n0_iptm_filtered,AYAQKIFKI_HLA-A*24:02,tcr13095,vdjdb_full_13912_ss_0_n0,1
vdjdb_full_13914_ss_1_n0_iptm_filtered,AYAQKIFKI_HLA-A*24:02,tcr12284,vdjdb_full_13907_rs_1_n0,1
vdjdb_full_13914_ss_4_n0_iptm_filtered,AYAQKIFKI_HLA-A*24:02,tcr11930,vdjdb_full_13896_ss_4_n0,1
vdjdb_full_1392_ss_4_n0_iptm_filtered,KLGGALQAK_HLA-A*03:01,tcr7129,vdjdb_full_1860_rs_3_n0,1
vdjdb_full_13967_ss_0_n0_iptm_filtered,RVRAYTYSK_HLA-A*03:01,tcr12480,vdjdb_full_14223_ss_0_n0|vdjdb_full_14603_rs_1_n0,2
vdjdb_full_13990_ss_0_n0_iptm_filtered,RVRAYTYSK_HLA-A*03:01,tcr164,vdjdb_full_14299_rs_2_n0,1
vdjdb_full_13990_ss_1_n0_iptm_filtered,RVRAYTYSK_HLA-A*03:01,tcr11640,vdjdb_full_14223_rs_3_n0,1
vdjdb_full_14031_ss_4_n0_iptm_filtered,RVRAYTYSK_HLA-A*03:01,tcr18352,vdjdb_full_14372_rs_3_n0,1
vdjdb_full_14053_rs_1_n0_iptm_filtered,RVRAYTYSK_HLA-A*03:01,tcr14232,vdjdb_full_14177_rs_1_n0,1
vdjdb_full_14053_rs_4_n0_iptm_filtered,RVRAYTYSK_HLA-A*03:01,tcr16936,vdjdb_full_14557_ss_1_n0,1
vdjdb_full_14088_rs_2_n0_iptm_filtered,RVRAYTYSK_HLA-A*03:01,tcr105,vdjdb_full_14088_rs_0_n0,1
vdjdb_full_14088_rs_3_n0_iptm_filtered,RVRAYTYSK_HLA-A*03:01,tcr18040,vdjdb_full_13996_rs_3_n0,1
vdjdb_full_14138_rs_2_n0_iptm_filtered,RVRAYTYSK_HLA-A*03:01,tcr2890,vdjdb_full_14409_rs_4_n0,1
vdjdb_full_14146_rs_0_n0_iptm_filtered,RVRAYTYSK_HLA-A*03:01,tcr7336,vdjdb_full_14229_rs_3_n0,1
vdjdb_full_14146_ss_4_n0_iptm_filtered,RVRAYTYSK_HLA-A*03:01,tcr14300,vdjdb_full_14431_rs_0_n0,1
vdjdb_full_14159_rs_2_n0_iptm_filtered,RVRAYTYSK_HLA-A*03:01,tcr17551,vdjdb_full_14431_rs_4_n0,1
vdjdb_full_14159_ss_1_n0_iptm_filtered,RVRAYTYSK_HLA-A*03:01,tcr12823,vdjdb_full_14296_ss_4_n0,1
vdjdb_full_14159_ss_3_n0_iptm_filtered,RVRAYTYSK_HLA-A*03:01,tcr14232,vdjdb_full_14177_rs_1_n0,1
vdjdb_full_14159_ss_4_n0_iptm_filtered,RVRAYTYSK_HLA-A*03:01,tcr7802,vdjdb_full_14371_ss_3_n0,1
vdjdb_full_141_rs_2_n0_iptm_filtered,KLGGALQAK_HLA-A*03:01,tcr7219,vdjdb_full_1394_rs_1_n0,1
vdjdb_full_14202_rs_1_n0_iptm_filtered,RVRAYTYSK_HLA-A*03:01,tcr11668,vdjdb_full_14458_ss_2_n0|vdjdb_full_14562_ss_1_n0,2
vdjdb_full_14202_rs_2_n0_iptm_filtered,RVRAYTYSK_HLA-A*03:01,tcr7395,vdjdb_full_14573_rs_4_n0,1
vdjdb_full_14276_rs_3_n0_iptm_filtered,RVRAYTYSK_HLA-A*03:01,tcr16075,vdjdb_full_14431_ss_4_n0,1
vdjdb_full_14296_rs_0_n0_iptm_filtered,RVRAYTYSK_HLA-A*03:01,tcr12616,vdjdb_full_13983_ss_1_n0,1
vdjdb_full_14296_rs_4_n0_iptm_filtered,RVRAYTYSK_HLA-A*03:01,tcr17592,vdjdb_full_14554_ss_4_n0,1
vdjdb_full_14297_ss_4_n0_iptm_filtered,RVRAYTYSK_HLA-A*03:01,tcr14766,vdjdb_full_13959_rs_0_n0|vdjdb_full_14196_ss_0_n0,2
vdjdb_full_14372_rs_2_n0_iptm_filtered,RVRAYTYSK_HLA-A*03:01,tcr4590,vdjdb_full_14511_ss_2_n0,1
vdjdb_full_14392_rs_2_n0_iptm_filtered,RVRAYTYSK_HLA-A*03:01,tcr8665,vdjdb_full_13996_rs_2_n0,1
vdjdb_full_14392_rs_4_n0_iptm_filtered,RVRAYTYSK_HLA-A*03:01,tcr6214,vdjdb_full_13987_rs_4_n0,1
vdjdb_full_1439_rs_3_n0_iptm_filtered,KLGGALQAK_HLA-A*03:01,tcr13641,vdjdb_full_1392_rs_2_n0,1
vdjdb_full_14409_rs_1_n0_iptm_filtered,RVRAYTYSK_HLA-A*03:01,tcr9503,vdjdb_full_14360_ss_0_n0,1
vdjdb_full_14409_rs_2_n0_iptm_filtered,RVRAYTYSK_HLA-A*03:01,tcr11632,vdjdb_full_14486_ss_0_n0,1
vdjdb_full_14475_ss_3_n0_iptm_filtered,RVRAYTYSK_HLA-A*03:01,tcr11640,vdjdb_full_14223_rs_3_n0,1
vdjdb_full_14511_rs_3_n0_iptm_filtered,RVRAYTYSK_HLA-A*03:01,tcr12049,vdjdb_full_14447_rs_0_n0,1
vdjdb_full_14511_ss_0_n0_iptm_filtered,RVRAYTYSK_HLA-A*03:01,tcr3064,vdjdb_full_14177_ss_4_n0,1
vdjdb_full_14511_ss_2_n0_iptm_filtered,RVRAYTYSK_HLA-A*03:01,tcr15704,vdjdb_full_14593_ss_4_n0,1
vdjdb_full_14511_ss_3_n0_iptm_filtered,RVRAYTYSK_HLA-A*03:01,tcr11094,vdjdb_full_14549_ss_4_n0,1
vdjdb_full_14524_rs_1_n0_iptm_filtered,RVRAYTYSK_HLA-A*03:01,tcr11118,vdjdb_full_14083_rs_2_n0,1
vdjdb_full_14524_rs_3_n0_iptm_filtered,RVRAYTYSK_HLA-A*03:01,tcr8023,vdjdb_full_14031_rs_3_n0,1
vdjdb_full_14524_ss_2_n0_iptm_filtered,RVRAYTYSK_HLA-A*03:01,tcr635,vdjdb_full_14253_ss_0_n0,1
vdjdb_full_14524_ss_3_n0_iptm_filtered,RVRAYTYSK_HLA-A*03:01,tcr5048,vdjdb_full_14548_rs_1_n0,1
vdjdb_full_14548_rs_0_n0_iptm_filtered,RVRAYTYSK_HLA-A*03:01,tcr14415,vdjdb_full_14212_rs_1_n0,1
vdjdb_full_14548_ss_2_n0_iptm_filtered,RVRAYTYSK_HLA-A*03:01,tcr5016,vdjdb_full_14486_rs_4_n0,1
vdjdb_full_14549_ss_3_n0_iptm_filtered,RVRAYTYSK_HLA-A*03:01,tcr7336,vdjdb_full_14229_rs_3_n0,1
vdjdb_full_14562_ss_4_n0_iptm_filtered,RVRAYTYSK_HLA-A*03:01,tcr14300,vdjdb_full_14431_rs_0_n0,1
vdjdb_full_14572_rs_0_n0_iptm_filtered,RVRAYTYSK_HLA-A*03:01,tcr12480,vdjdb_full_14223_ss_0_n0|vdjdb_full_14603_rs_1_n0,2
vdjdb_full_14572_ss_2_n0_iptm_filtered,RVRAYTYSK_HLA-A*03:01,tcr14632,vdjdb_full_14281_rs_0_n0,1
vdjdb_full_14572_ss_3_n0_iptm_filtered,RVRAYTYSK_HLA-A*03:01,tcr11401,vdjdb_full_14129_ss_2_n0,1
vdjdb_full_14576_rs_0_n0_iptm_filtered,RVRAYTYSK_HLA-A*03:01,tcr4181,vdjdb_full_14031_ss_4_n0,1
vdjdb_full_14576_rs_1_n0_iptm_filtered,RVRAYTYSK_HLA-A*03:01,tcr14623,vdjdb_full_13967_rs_0_n0,1
vdjdb_full_14593_rs_4_n0_iptm_filtered,RVRAYTYSK_HLA-A*03:01,tcr11232,vdjdb_full_14146_rs_4_n0,1
vdjdb_full_14593_ss_1_n0_iptm_filtered,RVRAYTYSK_HLA-A*03:01,tcr18369,vdjdb_full_14603_ss_4_n0,1
vdjdb_full_14602_rs_0_n0_iptm_filtered,RVRAYTYSK_HLA-A*03:01,tcr16461,vdjdb_full_14010_ss_2_n0,1
vdjdb_full_14602_rs_3_n0_iptm_filtered,RVRAYTYSK_HLA-A*03:01,tcr1572,vdjdb_full_14281_rs_4_n0,1
vdjdb_full_14602_ss_0_n0_iptm_filtered,RVRAYTYSK_HLA-A*03:01,tcr1505,vdjdb_full_14088_rs_4_n0|vdjdb_full_14229_rs_0_n0,2
vdjdb_full_14615_rs_1_n0_iptm_filtered,CTELKLSDY_HLA-A*01:01,tcr8912,vdjdb_full_14660_rs_0_n0,1
vdjdb_full_14620_rs_3_n0_iptm_filtered,CTELKLSDY_HLA-A*01:01,tcr1468,vdjdb_full_14691_ss_3_n0,1
vdjdb_full_14620_ss_3_n0_iptm_filtered,CTELKLSDY_HLA-A*01:01,tcr18270,vdjdb_full_14644_rs_1_n0,1
vdjdb_full_14621_rs_3_n0_iptm_filtered,CTELKLSDY_HLA-A*01:01,tcr227,vdjdb_full_14679_rs_0_n0,1
vdjdb_full_14621_ss_0_n0_iptm_filtered,CTELKLSDY_HLA-A*01:01,tcr12892,vdjdb_full_14624_rs_3_n0,1
vdjdb_full_14622_rs_2_n0_iptm_filtered,CTELKLSDY_HLA-A*01:01,tcr7163,vdjdb_full_14628_rs_2_n0,1
vdjdb_full_14622_ss_0_n0_iptm_filtered,CTELKLSDY_HLA-A*01:01,tcr6918,vdjdb_full_14647_ss_1_n0|vdjdb_full_14662_ss_3_n0,2
vdjdb_full_14622_ss_3_n0_iptm_filtered,CTELKLSDY_HLA-A*01:01,tcr3465,vdjdb_full_14634_ss_0_n0,1
vdjdb_full_14624_rs_0_n0_iptm_filtered,CTELKLSDY_HLA-A*01:01,tcr4233,vdjdb_full_14694_ss_0_n0,1
vdjdb_full_14624_ss_1_n0_iptm_filtered,CTELKLSDY_HLA-A*01:01,tcr17788,vdjdb_full_14696_rs_1_n0,1
vdjdb_full_14624_ss_4_n0_iptm_filtered,CTELKLSDY_HLA-A*01:01,tcr728,vdjdb_full_14631_ss_1_n0,1
vdjdb_full_14630_rs_4_n0_iptm_filtered,CTELKLSDY_HLA-A*01:01,tcr7239,vdjdb_full_14626_rs_3_n0,1
vdjdb_full_14631_rs_1_n0_iptm_filtered,CTELKLSDY_HLA-A*01:01,tcr5991,vdjdb_full_14632_ss_0_n0|vdjdb_full_14693_ss_4_n0,2
vdjdb_full_14631_rs_3_n0_iptm_filtered,CTELKLSDY_HLA-A*01:01,tcr5235,vdjdb_full_14637_rs_4_n0,1
vdjdb_full_14631_ss_2_n0_iptm_filtered,CTELKLSDY_HLA-A*01:01,tcr5282,vdjdb_full_14695_ss_2_n0,1
vdjdb_full_14633_ss_0_n0_iptm_filtered,CTELKLSDY_HLA-A*01:01,tcr13568,vdjdb_full_14683_ss_4_n0,1
vdjdb_full_14633_ss_3_n0_iptm_filtered,CTELKLSDY_HLA-A*01:01,tcr13657,vdjdb_full_14646_rs_3_n0,1
vdjdb_full_14635_rs_3_n0_iptm_filtered,CTELKLSDY_HLA-A*01:01,tcr8489,vdjdb_full_14690_rs_4_n0,1
vdjdb_full_14637_ss_1_n0_iptm_filtered,CTELKLSDY_HLA-A*01:01,tcr3187,vdjdb_full_14699_ss_3_n0,1
vdjdb_full_14638_rs_0_n0_iptm_filtered,CTELKLSDY_HLA-A*01:01,tcr10525,vdjdb_full_14656_rs_2_n0,1
vdjdb_full_14638_rs_1_n0_iptm_filtered,CTELKLSDY_HLA-A*01:01,tcr903,vdjdb_full_14628_rs_3_n0,1
vdjdb_full_14641_rs_0_n0_iptm_filtered,CTELKLSDY_HLA-A*01:01,tcr17328,vdjdb_full_14668_rs_2_n0,1
vdjdb_full_14641_rs_1_n0_iptm_filtered,CTELKLSDY_HLA-A*01:01,tcr9370,vdjdb_full_14673_ss_2_n0|vdjdb_full_14698_ss_2_n0,2
vdjdb_full_14641_rs_2_n0_iptm_filtered,CTELKLSDY_HLA-A*01:01,tcr16500,vdjdb_full_14624_ss_4_n0,1
vdjdb_full_14641_rs_3_n0_iptm_filtered,CTELKLSDY_HLA-A*01:01,tcr16005,vdjdb_full_14669_rs_3_n0,1
vdjdb_full_14641_ss_1_n0_iptm_filtered,CTELKLSDY_HLA-A*01:01,tcr12842,vdjdb_full_14642_ss_4_n0,1
vdjdb_full_14642_rs_2_n0_iptm_filtered,CTELKLSDY_HLA-A*01:01,tcr6469,vdjdb_full_14666_rs_3_n0,1
vdjdb_full_14643_ss_1_n0_iptm_filtered,CTELKLSDY_HLA-A*01:01,tcr1287,vdjdb_full_14701_ss_3_n0,1
vdjdb_full_14644_rs_2_n0_iptm_filtered,CTELKLSDY_HLA-A*01:01,tcr526,vdjdb_full_14626_rs_0_n0,1
vdjdb_full_14644_rs_4_n0_iptm_filtered,CTELKLSDY_HLA-A*01:01,tcr12392,vdjdb_full_14689_rs_0_n0,1
vdjdb_full_14645_ss_0_n0_iptm_filtered,CTELKLSDY_HLA-A*01:01,tcr16023,vdjdb_full_14699_ss_0_n0,1
vdjdb_full_14645_ss_3_n0_iptm_filtered,CTELKLSDY_HLA-A*01:01,tcr15380,vdjdb_full_14658_ss_0_n0,1
vdjdb_full_14646_rs_1_n0_iptm_filtered,CTELKLSDY_HLA-A*01:01,tcr7699,vdjdb_full_14647_ss_3_n0,1
vdjdb_full_14646_rs_2_n0_iptm_filtered,CTELKLSDY_HLA-A*01:01,tcr14748,vdjdb_full_14690_rs_1_n0,1
vdjdb_full_14647_rs_0_n0_iptm_filtered,CTELKLSDY_HLA-A*01:01,tcr618,vdjdb_full_14632_rs_0_n0,1
vdjdb_full_14647_rs_4_n0_iptm_filtered,CTELKLSDY_HLA-A*01:01,tcr1121,vdjdb_full_14622_rs_0_n0,1
vdjdb_full_14647_ss_2_n0_iptm_filtered,CTELKLSDY_HLA-A*01:01,tcr17033,vdjdb_full_14704_rs_3_n0,1
vdjdb_full_14648_rs_0_n0_iptm_filtered,CTELKLSDY_HLA-A*01:01,tcr14461,vdjdb_full_14702_ss_0_n0,1
vdjdb_full_14652_ss_4_n0_iptm_filtered,CTELKLSDY_HLA-A*01:01,tcr10556,vdjdb_full_14666_ss_2_n0,1
vdjdb_full_14654_rs_2_n0_iptm_filtered,CTELKLSDY_HLA-A*01:01,tcr903,vdjdb_full_14628_rs_3_n0,1
vdjdb_full_14654_ss_3_n0_iptm_filtered,CTELKLSDY_HLA-A*01:01,tcr2895,vdjdb_full_14689_ss_2_n0,1
vdjdb_full_14655_ss_0_n0_iptm_filtered,CTELKLSDY_HLA-A*01:01,tcr7523,vdjdb_full_14671_rs_1_n0,1
vdjdb_full_14656_ss_1_n0_iptm_filtered,CTELKLSDY_HLA-A*01:01,tcr12036,vdjdb_full_14663_rs_4_n0,1
vdjdb_full_14656_ss_3_n0_iptm_filtered,CTELKLSDY_HLA-A*01:01,tcr949,vdjdb_full_14635_rs_0_n0,1
vdjdb_full_14657_rs_2_n0_iptm_filtered,CTELKLSDY_HLA-A*01:01,tcr8967,vdjdb_full_14622_ss_0_n0,1
vdjdb_full_14657_ss_0_n0_iptm_filtered,CTELKLSDY_HLA-A*01:01,tcr245,vdjdb_full_14637_rs_1_n0,1
vdjdb_full_14658_rs_1_n0_iptm_filtered,CTELKLSDY_HLA-A*01:01,tcr10287,vdjdb_full_14694_rs_0_n0,1
vdjdb_full_14658_rs_3_n0_iptm_filtered,CTELKLSDY_HLA-A*01:01,tcr6469,vdjdb_full_14666_rs_3_n0,1
vdjdb_full_14658_ss_0_n0_iptm_filtered,CTELKLSDY_HLA-A*01:01,tcr12357,vdjdb_full_14631_ss_3_n0,1
vdjdb_full_14658_ss_4_n0_iptm_filtered,CTELKLSDY_HLA-A*01:01,tcr6638,vdjdb_full_14677_ss_3_n0,1
vdjdb_full_14661_rs_1_n0_iptm_filtered,CTELKLSDY_HLA-A*01:01,tcr12276,vdjdb_full_14663_rs_3_n0,1
vdjdb_full_14661_rs_4_n0_iptm_filtered,CTELKLSDY_HLA-A*01:01,tcr14504,vdjdb_full_14691_ss_2_n0,1
vdjdb_full_14661_ss_1_n0_iptm_filtered,CTELKLSDY_HLA-A*01:01,tcr11231,vdjdb_full_14649_ss_3_n0,1
vdjdb_full_14661_ss_3_n0_iptm_filtered,CTELKLSDY_HLA-A*01:01,tcr1633,vdjdb_full_14621_ss_1_n0,1
vdjdb_full_14664_rs_0_n0_iptm_filtered,CTELKLSDY_HLA-A*01:01,tcr7045,vdjdb_full_14651_ss_3_n0,1
vdjdb_full_14664_rs_4_n0_iptm_filtered,CTELKLSDY_HLA-A*01:01,tcr6469,vdjdb_full_14666_rs_3_n0,1
vdjdb_full_14664_ss_0_n0_iptm_filtered,CTELKLSDY_HLA-A*01:01,tcr105,vdjdb_full_14625_ss_4_n0,1
vdjdb_full_14664_ss_2_n0_iptm_filtered,CTELKLSDY_HLA-A*01:01,tcr7523,vdjdb_full_14671_rs_1_n0,1
vdjdb_full_14667_ss_3_n0_iptm_filtered,CTELKLSDY_HLA-A*01:01,tcr8264,vdjdb_full_14663_rs_1_n0,1
vdjdb_full_14667_ss_4_n0_iptm_filtered,CTELKLSDY_HLA-A*01:01,tcr4259,vdjdb_full_14643_rs_2_n0,1
vdjdb_full_14669_rs_3_n0_iptm_filtered,CTELKLSDY_HLA-A*01:01,tcr3019,vdjdb_full_14649_ss_4_n0,1
vdjdb_full_14671_rs_1_n0_iptm_filtered,CTELKLSDY_HLA-A*01:01,tcr8963,vdjdb_full_14690_rs_0_n0,1
vdjdb_full_14671_ss_1_n0_iptm_filtered,CTELKLSDY_HLA-A*01:01,tcr14825,vdjdb_full_14652_ss_3_n0|vdjdb_full_14670_ss_1_n0,2
vdjdb_full_14673_rs_1_n0_iptm_filtered,CTELKLSDY_HLA-A*01:01,tcr12660,vdjdb_full_14660_ss_0_n0,1
vdjdb_full_14673_ss_3_n0_iptm_filtered,CTELKLSDY_HLA-A*01:01,tcr17507,vdjdb_full_14657_rs_1_n0,1
vdjdb_full_14674_rs_0_n0_iptm_filtered,CTELKLSDY_HLA-A*01:01,tcr14461,vdjdb_full_14702_ss_0_n0,1
vdjdb_full_14674_rs_2_n0_iptm_filtered,CTELKLSDY_HLA-A*01:01,tcr11231,vdjdb_full_14649_ss_3_n0,1
vdjdb_full_14674_ss_0_n0_iptm_filtered,CTELKLSDY_HLA-A*01:01,tcr3567,vdjdb_full_14645_ss_3_n0|vdjdb_full_14700_ss_1_n0,2
vdjdb_full_14674_ss_3_n0_iptm_filtered,CTELKLSDY_HLA-A*01:01,tcr12941,vdjdb_full_14624_ss_0_n0|vdjdb_full_14633_ss_3_n0,2
vdjdb_full_14678_rs_1_n0_iptm_filtered,CTELKLSDY_HLA-A*01:01,tcr614,vdjdb_full_14686_ss_3_n0,1
vdjdb_full_14678_ss_1_n0_iptm_filtered,CTELKLSDY_HLA-A*01:01,tcr7664,vdjdb_full_14660_rs_3_n0,1
vdjdb_full_14680_rs_4_n0_iptm_filtered,CTELKLSDY_HLA-A*01:01,tcr9512,vdjdb_full_14693_rs_2_n0,1
vdjdb_full_14681_rs_1_n0_iptm_filtered,CTELKLSDY_HLA-A*01:01,tcr15444,vdjdb_full_14692_rs_2_n0,1
vdjdb_full_14681_rs_2_n0_iptm_filtered,CTELKLSDY_HLA-A*01:01,tcr2259,vdjdb_full_14653_rs_3_n0|vdjdb_full_14653_ss_4_n0,2
vdjdb_full_14681_rs_3_n0_iptm_filtered,CTELKLSDY_HLA-A*01:01,tcr12036,vdjdb_full_14663_rs_4_n0,1
vdjdb_full_14681_ss_0_n0_iptm_filtered,CTELKLSDY_HLA-A*01:01,tcr105,vdjdb_full_14625_ss_4_n0,1
vdjdb_full_14681_ss_2_n0_iptm_filtered,CTELKLSDY_HLA-A*01:01,tcr16243,vdjdb_full_14653_ss_3_n0,1
vdjdb_full_14682_rs_0_n0_iptm_filtered,CTELKLSDY_HLA-A*01:01,tcr11617,vdjdb_full_14655_rs_0_n0,1
vdjdb_full_14682_ss_2_n0_iptm_filtered,CTELKLSDY_HLA-A*01:01,tcr8032,vdjdb_full_14634_rs_0_n0,1
vdjdb_full_14684_rs_0_n0_iptm_filtered,CTELKLSDY_HLA-A*01:01,tcr728,vdjdb_full_14631_ss_1_n0,1
vdjdb_full_14686_rs_4_n0_iptm_filtered,CTELKLSDY_HLA-A*01:01,tcr10380,vdjdb_full_14703_ss_1_n0,1
vdjdb_full_14687_rs_1_n0_iptm_filtered,CTELKLSDY_HLA-A*01:01,tcr454,vdjdb_full_14628_rs_1_n0|vdjdb_full_14658_ss_1_n0|vdjdb_full_14660_ss_1_n0,3
vdjdb_full_14688_rs_0_n0_iptm_filtered,CTELKLSDY_HLA-A*01:01,tcr18270,vdjdb_full_14644_rs_1_n0,1
vdjdb_full_14688_rs_4_n0_iptm_filtered,CTELKLSDY_HLA-A*01:01,tcr14644,vdjdb_full_14662_rs_2_n0,1
vdjdb_full_14688_ss_2_n0_iptm_filtered,CTELKLSDY_HLA-A*01:01,tcr3267,vdjdb_full_14660_ss_4_n0,1
vdjdb_full_14689_rs_2_n0_iptm_filtered,CTELKLSDY_HLA-A*01:01,tcr12284,vdjdb_full_14682_ss_2_n0,1
vdjdb_full_14692_rs_0_n0_iptm_filtered,CTELKLSDY_HLA-A*01:01,tcr6821,vdjdb_full_14622_ss_4_n0,1
vdjdb_full_14692_rs_1_n0_iptm_filtered,CTELKLSDY_HLA-A*01:01,tcr13450,vdjdb_full_14657_rs_0_n0,1
vdjdb_full_14693_rs_1_n0_iptm_filtered,CTELKLSDY_HLA-A*01:01,tcr9334,vdjdb_full_14677_rs_3_n0,1
vdjdb_full_14693_rs_2_n0_iptm_filtered,CTELKLSDY_HLA-A*01:01,tcr13244,vdjdb_full_14624_rs_2_n0,1
vdjdb_full_14693_rs_3_n0_iptm_filtered,CTELKLSDY_HLA-A*01:01,tcr7045,vdjdb_full_14651_ss_3_n0,1
vdjdb_full_14693_ss_1_n0_iptm_filtered,CTELKLSDY_HLA-A*01:01,tcr11231,vdjdb_full_14649_ss_3_n0,1
vdjdb_full_14693_ss_3_n0_iptm_filtered,CTELKLSDY_HLA-A*01:01,tcr784,vdjdb_full_14645_ss_2_n0|vdjdb_full_14670_rs_4_n0,2
vdjdb_full_14693_ss_4_n0_iptm_filtered,CTELKLSDY_HLA-A*01:01,tcr13282,vdjdb_full_14678_ss_4_n0|vdjdb_full_14682_rs_4_n0,2
vdjdb_full_14695_rs_0_n0_iptm_filtered,CTELKLSDY_HLA-A*01:01,tcr5176,vdjdb_full_14681_rs_0_n0,1
vdjdb_full_14695_rs_4_n0_iptm_filtered,CTELKLSDY_HLA-A*01:01,tcr2939,vdjdb_full_14674_rs_4_n0,1
vdjdb_full_14696_rs_4_n0_iptm_filtered,CTELKLSDY_HLA-A*01:01,tcr278,vdjdb_full_14649_ss_1_n0,1
vdjdb_full_14699_rs_3_n0_iptm_filtered,CTELKLSDY_HLA-A*01:01,tcr14753,vdjdb_full_14694_rs_4_n0,1
vdjdb_full_14699_rs_4_n0_iptm_filtered,CTELKLSDY_HLA-A*01:01,tcr4940,vdjdb_full_14668_ss_3_n0,1
vdjdb_full_14699_ss_2_n0_iptm_filtered,CTELKLSDY_HLA-A*01:01,tcr12660,vdjdb_full_14660_ss_0_n0,1
vdjdb_full_14700_ss_1_n0_iptm_filtered,CTELKLSDY_HLA-A*01:01,tcr18258,vdjdb_full_14665_rs_3_n0,1
vdjdb_full_14701_rs_2_n0_iptm_filtered,CTELKLSDY_HLA-A*01:01,tcr5612,vdjdb_full_14666_ss_0_n0,1
vdjdb_full_14701_rs_3_n0_iptm_filtered,CTELKLSDY_HLA-A*01:01,tcr11945,vdjdb_full_14646_rs_0_n0|vdjdb_full_14701_rs_3_n0,2
vdjdb_full_14701_ss_3_n0_iptm_filtered,CTELKLSDY_HLA-A*01:01,tcr8395,vdjdb_full_14671_rs_3_n0,1
vdjdb_full_14702_ss_3_n0_iptm_filtered,CTELKLSDY_HLA-A*01:01,tcr14756,vdjdb_full_14652_rs_2_n0|vdjdb_full_14691_rs_0_n0,2
vdjdb_full_14716_ss_4_n0_iptm_filtered,RPRGEVRFL_HLA-B*07:02,tcr1490,vdjdb_full_14717_ss_1_n0,1
vdjdb_full_14717_rs_3_n0_iptm_filtered,RPRGEVRFL_HLA-B*07:02,tcr10331,vdjdb_full_14721_rs_4_n0,1
vdjdb_full_14720_rs_2_n0_iptm_filtered,RPRGEVRFL_HLA-B*07:02,tcr17725,vdjdb_full_14728_ss_2_n0,1
vdjdb_full_14724_ss_0_n0_iptm_filtered,RPRGEVRFL_HLA-B*07:02,tcr15856,vdjdb_full_14718_rs_2_n0,1
vdjdb_full_14729_ss_1_n0_iptm_filtered,RPRGEVRFL_HLA-B*07:02,tcr1790,vdjdb_full_14728_ss_1_n0,1
vdjdb_full_14736_ss_3_n0_iptm_filtered,RAQAPPPSW_HLA-B*57:01,tcr9503,vdjdb_full_14744_ss_4_n0,1
vdjdb_full_14738_rs_3_n0_iptm_filtered,RAQAPPPSW_HLA-B*57:01,tcr3689,vdjdb_full_14746_ss_3_n0,1
vdjdb_full_14739_ss_1_n0_iptm_filtered,RAQAPPPSW_HLA-B*57:01,tcr14200,vdjdb_full_14759_ss_2_n0,1
vdjdb_full_14739_ss_2_n0_iptm_filtered,RAQAPPPSW_HLA-B*57:01,tcr7084,vdjdb_full_14751_rs_0_n0,1
vdjdb_full_14744_rs_0_n0_iptm_filtered,RAQAPPPSW_HLA-B*57:01,tcr7084,vdjdb_full_14751_rs_0_n0,1
vdjdb_full_14745_rs_0_n0_iptm_filtered,RAQAPPPSW_HLA-B*57:01,tcr8903,vdjdb_full_14755_rs_1_n0,1
vdjdb_full_14754_ss_0_n0_iptm_filtered,RAQAPPPSW_HLA-B*57:01,tcr7084,vdjdb_full_14751_rs_0_n0,1
vdjdb_full_14769_ss_3_n0_iptm_filtered,RAQAPPPSW_HLA-B*57:01,tcr15474,vdjdb_full_14769_ss_4_n0,1
vdjdb_full_14788_ss_1_n0_iptm_filtered,LLFNILGGWV_HLA-A*02:01,tcr17142,vdjdb_full_14799_ss_2_n0,1
vdjdb_full_14798_ss_4_n0_iptm_filtered,LLFNILGGWV_HLA-A*02:01,tcr4903,vdjdb_full_14795_ss_2_n0,1
vdjdb_full_14811_rs_1_n0_iptm_filtered,LLWNGPMAV_HLA-A*02:01,tcr1490,vdjdb_full_14939_rs_1_n0,1
vdjdb_full_14811_rs_4_n0_iptm_filtered,LLWNGPMAV_HLA-A*02:01,tcr537,vdjdb_full_14824_ss_2_n0,1
vdjdb_full_14811_ss_0_n0_iptm_filtered,LLWNGPMAV_HLA-A*02:01,tcr12683,vdjdb_full_14834_ss_2_n0|vdjdb_full_14857_rs_0_n0|vdjdb_full_14945_ss_4_n0,3
vdjdb_full_14811_ss_2_n0_iptm_filtered,LLWNGPMAV_HLA-A*02:01,tcr12579,vdjdb_full_14818_ss_0_n0,1
vdjdb_full_14816_rs_4_n0_iptm_filtered,LLWNGPMAV_HLA-A*02:01,tcr856,vdjdb_full_15045_rs_1_n0,1
vdjdb_full_14816_ss_4_n0_iptm_filtered,LLWNGPMAV_HLA-A*02:01,tcr15416,vdjdb_full_14861_ss_4_n0,1
vdjdb_full_14818_rs_2_n0_iptm_filtered,LLWNGPMAV_HLA-A*02:01,tcr15182,vdjdb_full_14951_rs_1_n0,1
vdjdb_full_14818_ss_0_n0_iptm_filtered,LLWNGPMAV_HLA-A*02:01,tcr10229,vdjdb_full_15022_ss_3_n0,1
vdjdb_full_14818_ss_2_n0_iptm_filtered,LLWNGPMAV_HLA-A*02:01,tcr7414,vdjdb_full_14862_ss_2_n0,1
vdjdb_full_14818_ss_4_n0_iptm_filtered,LLWNGPMAV_HLA-A*02:01,tcr15416,vdjdb_full_14861_ss_4_n0,1
vdjdb_full_14821_ss_2_n0_iptm_filtered,LLWNGPMAV_HLA-A*02:01,tcr13205,vdjdb_full_15032_rs_2_n0,1
vdjdb_full_14822_rs_2_n0_iptm_filtered,LLWNGPMAV_HLA-A*02:01,tcr13517,vdjdb_full_14911_ss_1_n0,1
vdjdb_full_14822_rs_4_n0_iptm_filtered,LLWNGPMAV_HLA-A*02:01,tcr5635,vdjdb_full_14825_rs_2_n0,1
vdjdb_full_14824_ss_0_n0_iptm_filtered,LLWNGPMAV_HLA-A*02:01,tcr174,vdjdb_full_14872_ss_2_n0,1
vdjdb_full_14824_ss_4_n0_iptm_filtered,LLWNGPMAV_HLA-A*02:01,tcr1302,vdjdb_full_14999_ss_3_n0,1
vdjdb_full_14825_rs_1_n0_iptm_filtered,LLWNGPMAV_HLA-A*02:01,tcr2626,vdjdb_full_14880_ss_1_n0,1
vdjdb_full_14825_ss_0_n0_iptm_filtered,LLWNGPMAV_HLA-A*02:01,tcr7554,vdjdb_full_14950_ss_2_n0|vdjdb_full_15039_ss_4_n0,2
vdjdb_full_14831_rs_3_n0_iptm_filtered,LLWNGPMAV_HLA-A*02:01,tcr17218,vdjdb_full_14857_rs_4_n0|vdjdb_full_14931_ss_4_n0,2
vdjdb_full_14831_ss_0_n0_iptm_filtered,LLWNGPMAV_HLA-A*02:01,tcr16240,vdjdb_full_14874_ss_4_n0|vdjdb_full_14927_ss_4_n0,2
vdjdb_full_14831_ss_1_n0_iptm_filtered,LLWNGPMAV_HLA-A*02:01,tcr4427,vdjdb_full_14968_ss_0_n0,1
vdjdb_full_14834_ss_3_n0_iptm_filtered,LLWNGPMAV_HLA-A*02:01,tcr2271,vdjdb_full_14995_rs_0_n0,1
vdjdb_full_14834_ss_4_n0_iptm_filtered,LLWNGPMAV_HLA-A*02:01,tcr18332,vdjdb_full_14876_rs_4_n0,1
vdjdb_full_14835_rs_0_n0_iptm_filtered,LLWNGPMAV_HLA-A*02:01,tcr8466,vdjdb_full_14886_ss_1_n0,1
vdjdb_full_14836_rs_2_n0_iptm_filtered,LLWNGPMAV_HLA-A*02:01,tcr9626,vdjdb_full_15018_rs_3_n0,1
vdjdb_full_14837_rs_0_n0_iptm_filtered,LLWNGPMAV_HLA-A*02:01,tcr3367,vdjdb_full_14836_ss_2_n0,1
vdjdb_full_14837_rs_1_n0_iptm_filtered,LLWNGPMAV_HLA-A*02:01,tcr12880,vdjdb_full_14834_rs_4_n0|vdjdb_full_14834_ss_4_n0,2
vdjdb_full_14837_ss_0_n0_iptm_filtered,LLWNGPMAV_HLA-A*02:01,tcr16823,vdjdb_full_14834_ss_0_n0,1
vdjdb_full_14841_rs_0_n0_iptm_filtered,LLWNGPMAV_HLA-A*02:01,tcr17337,vdjdb_full_14831_ss_3_n0,1
vdjdb_full_14841_ss_0_n0_iptm_filtered,LLWNGPMAV_HLA-A*02:01,tcr4389,vdjdb_full_15047_rs_3_n0,1
vdjdb_full_14841_ss_3_n0_iptm_filtered,LLWNGPMAV_HLA-A*02:01,tcr14398,vdjdb_full_14920_rs_2_n0,1
vdjdb_full_14844_ss_3_n0_iptm_filtered,LLWNGPMAV_HLA-A*02:01,tcr9845,vdjdb_full_14921_ss_2_n0|vdjdb_full_14977_ss_2_n0,2
vdjdb_full_14851_rs_4_n0_iptm_filtered,LLWNGPMAV_HLA-A*02:01,tcr3863,vdjdb_full_15006_rs_3_n0,1
vdjdb_full_14851_ss_0_n0_iptm_filtered,LLWNGPMAV_HLA-A*02:01,tcr17747,vdjdb_full_14867_ss_4_n0|vdjdb_full_14924_ss_2_n0,2
vdjdb_full_14851_ss_1_n0_iptm_filtered,LLWNGPMAV_HLA-A*02:01,tcr12579,vdjdb_full_14818_ss_0_n0,1
vdjdb_full_14857_rs_3_n0_iptm_filtered,LLWNGPMAV_HLA-A*02:01,tcr4819,vdjdb_full_14848_rs_3_n0|vdjdb_full_14889_rs_3_n0|vdjdb_full_14932_rs_4_n0,3
vdjdb_full_14857_ss_0_n0_iptm_filtered,LLWNGPMAV_HLA-A*02:01,tcr250,vdjdb_full_14986_ss_2_n0|vdjdb_full_15014_rs_2_n0,2
vdjdb_full_14861_ss_1_n0_iptm_filtered,LLWNGPMAV_HLA-A*02:01,tcr16971,vdjdb_full_14995_rs_1_n0,1
vdjdb_full_14861_ss_2_n0_iptm_filtered,LLWNGPMAV_HLA-A*02:01,tcr9542,vdjdb_full_14977_rs_4_n0,1
vdjdb_full_14861_ss_3_n0_iptm_filtered,LLWNGPMAV_HLA-A*02:01,tcr12480,vdjdb_full_14974_rs_3_n0,1
vdjdb_full_14862_rs_0_n0_iptm_filtered,LLWNGPMAV_HLA-A*02:01,tcr8326,vdjdb_full_14933_ss_2_n0|vdjdb_full_14985_ss_2_n0,2
vdjdb_full_14862_rs_4_n0_iptm_filtered,LLWNGPMAV_HLA-A*02:01,tcr13364,vdjdb_full_14903_rs_2_n0,1
vdjdb_full_14862_ss_1_n0_iptm_filtered,LLWNGPMAV_HLA-A*02:01,tcr6926,vdjdb_full_14911_ss_3_n0,1
vdjdb_full_14867_ss_4_n0_iptm_filtered,LLWNGPMAV_HLA-A*02:01,tcr3218,vdjdb_full_14957_ss_2_n0,1
vdjdb_full_14872_rs_0_n0_iptm_filtered,LLWNGPMAV_HLA-A*02:01,tcr14686,vdjdb_full_14944_rs_1_n0,1
vdjdb_full_14873_rs_1_n0_iptm_filtered,LLWNGPMAV_HLA-A*02:01,tcr18155,vdjdb_full_14944_rs_4_n0,1
vdjdb_full_14873_rs_4_n0_iptm_filtered,LLWNGPMAV_HLA-A*02:01,tcr12821,vdjdb_full_14861_ss_0_n0,1
vdjdb_full_14874_rs_0_n0_iptm_filtered,LLWNGPMAV_HLA-A*02:01,tcr4819,vdjdb_full_14848_rs_3_n0|vdjdb_full_14889_rs_3_n0|vdjdb_full_14932_rs_4_n0,3
vdjdb_full_14874_rs_2_n0_iptm_filtered,LLWNGPMAV_HLA-A*02:01,tcr15798,vdjdb_full_14995_ss_0_n0,1
vdjdb_full_14874_rs_3_n0_iptm_filtered,LLWNGPMAV_HLA-A*02:01,tcr16451,vdjdb_full_14944_rs_3_n0,1
vdjdb_full_14874_ss_1_n0_iptm_filtered,LLWNGPMAV_HLA-A*02:01,tcr16240,vdjdb_full_14874_ss_4_n0|vdjdb_full_14927_ss_4_n0,2
vdjdb_full_14874_ss_4_n0_iptm_filtered,LLWNGPMAV_HLA-A*02:01,tcr3863,vdjdb_full_15006_rs_3_n0,1
vdjdb_full_14875_ss_3_n0_iptm_filtered,LLWNGPMAV_HLA-A*02:01,tcr4969,vdjdb_full_15032_ss_1_n0,1
vdjdb_full_14880_ss_3_n0_iptm_filtered,LLWNGPMAV_HLA-A*02:01,tcr3513,vdjdb_full_14961_ss_0_n0,1
vdjdb_full_14882_ss_2_n0_iptm_filtered,LLWNGPMAV_HLA-A*02:01,tcr5669,vdjdb_full_15032_ss_3_n0,1
vdjdb_full_14882_ss_3_n0_iptm_filtered,LLWNGPMAV_HLA-A*02:01,tcr12579,vdjdb_full_14818_ss_0_n0,1
vdjdb_full_14883_rs_0_n0_iptm_filtered,LLWNGPMAV_HLA-A*02:01,tcr8395,vdjdb_full_14874_rs_2_n0,1
vdjdb_full_14883_rs_1_n0_iptm_filtered,LLWNGPMAV_HLA-A*02:01,tcr13517,vdjdb_full_14911_ss_1_n0,1
vdjdb_full_14883_ss_0_n0_iptm_filtered,LLWNGPMAV_HLA-A*02:01,tcr16271,vdjdb_full_14839_ss_2_n0|vdjdb_full_14862_rs_2_n0,2
vdjdb_full_14883_ss_2_n0_iptm_filtered,LLWNGPMAV_HLA-A*02:01,tcr6638,vdjdb_full_14902_ss_3_n0,1
vdjdb_full_14886_rs_1_n0_iptm_filtered,LLWNGPMAV_HLA-A*02:01,tcr4117,vdjdb_full_14818_rs_3_n0|vdjdb_full_14947_ss_0_n0,2
vdjdb_full_14886_ss_4_n0_iptm_filtered,LLWNGPMAV_HLA-A*02:01,tcr9338,vdjdb_full_14903_ss_0_n0,1
vdjdb_full_14889_rs_1_n0_iptm_filtered,LLWNGPMAV_HLA-A*02:01,tcr15730,vdjdb_full_14916_rs_4_n0,1
vdjdb_full_14893_rs_0_n0_iptm_filtered,LLWNGPMAV_HLA-A*02:01,tcr14011,vdjdb_full_15047_ss_2_n0,1
vdjdb_full_14893_rs_1_n0_iptm_filtered,LLWNGPMAV_HLA-A*02:01,tcr15489,vdjdb_full_14876_rs_2_n0,1
vdjdb_full_14893_ss_2_n0_iptm_filtered,LLWNGPMAV_HLA-A*02:01,tcr13394,vdjdb_full_15002_ss_4_n0,1
vdjdb_full_14900_rs_4_n0_iptm_filtered,LLWNGPMAV_HLA-A*02:01,tcr8993,vdjdb_full_14900_rs_1_n0,1
vdjdb_full_14900_ss_0_n0_iptm_filtered,LLWNGPMAV_HLA-A*02:01,tcr7554,vdjdb_full_14950_ss_2_n0|vdjdb_full_15039_ss_4_n0,2
vdjdb_full_14902_rs_0_n0_iptm_filtered,LLWNGPMAV_HLA-A*02:01,tcr4035,vdjdb_full_14839_rs_2_n0,1
vdjdb_full_14902_ss_4_n0_iptm_filtered,LLWNGPMAV_HLA-A*02:01,tcr5106,vdjdb_full_15002_rs_3_n0,1
vdjdb_full_14903_rs_4_n0_iptm_filtered,LLWNGPMAV_HLA-A*02:01,tcr3465,vdjdb_full_14950_ss_1_n0,1
vdjdb_full_14903_ss_0_n0_iptm_filtered,LLWNGPMAV_HLA-A*02:01,tcr9473,vdjdb_full_14847_rs_2_n0|vdjdb_full_14933_ss_4_n0|vdjdb_full_15016_ss_4_n0,3
vdjdb_full_14904_rs_2_n0_iptm_filtered,LLWNGPMAV_HLA-A*02:01,tcr2609,vdjdb_full_14867_ss_1_n0,1
vdjdb_full_14904_ss_0_n0_iptm_filtered,LLWNGPMAV_HLA-A*02:01,tcr7381,vdjdb_full_14951_rs_3_n0,1
vdjdb_full_14908_rs_0_n0_iptm_filtered,LLWNGPMAV_HLA-A*02:01,tcr8251,vdjdb_full_14974_rs_1_n0,1
vdjdb_full_14908_rs_2_n0_iptm_filtered,LLWNGPMAV_HLA-A*02:01,tcr1125,vdjdb_full_14959_ss_4_n0|vdjdb_full_14999_ss_4_n0,2
vdjdb_full_14911_rs_2_n0_iptm_filtered,LLWNGPMAV_HLA-A*02:01,tcr12911,vdjdb_full_15026_rs_4_n0,1
vdjdb_full_14911_ss_4_n0_iptm_filtered,LLWNGPMAV_HLA-A*02:01,tcr14580,vdjdb_full_14915_ss_4_n0,1
vdjdb_full_14915_rs_0_n0_iptm_filtered,LLWNGPMAV_HLA-A*02:01,tcr174,vdjdb_full_14872_ss_2_n0,1
vdjdb_full_14915_rs_3_n0_iptm_filtered,LLWNGPMAV_HLA-A*02:01,tcr16695,vdjdb_full_14876_rs_1_n0,1
vdjdb_full_14918_rs_0_n0_iptm_filtered,LLWNGPMAV_HLA-A*02:01,tcr15783,vdjdb_full_14908_rs_3_n0,1
vdjdb_full_14918_ss_1_n0_iptm_filtered,LLWNGPMAV_HLA-A*02:01,tcr16121,vdjdb_full_14841_ss_4_n0,1
vdjdb_full_14919_rs_1_n0_iptm_filtered,LLWNGPMAV_HLA-A*02:01,tcr12573,vdjdb_full_14926_rs_1_n0,1
vdjdb_full_14919_rs_3_n0_iptm_filtered,LLWNGPMAV_HLA-A*02:01,tcr11347,vdjdb_full_14916_ss_2_n0,1
vdjdb_full_14919_rs_4_n0_iptm_filtered,LLWNGPMAV_HLA-A*02:01,tcr16844,vdjdb_full_14844_ss_2_n0,1
vdjdb_full_14919_ss_0_n0_iptm_filtered,LLWNGPMAV_HLA-A*02:01,tcr3584,vdjdb_full_15035_rs_4_n0,1
vdjdb_full_14919_ss_1_n0_iptm_filtered,LLWNGPMAV_HLA-A*02:01,tcr1245,vdjdb_full_14995_rs_4_n0,1
vdjdb_full_14920_rs_1_n0_iptm_filtered,LLWNGPMAV_HLA-A*02:01,tcr1866,vdjdb_full_14811_ss_0_n0,1
vdjdb_full_14921_rs_1_n0_iptm_filtered,LLWNGPMAV_HLA-A*02:01,tcr14265,vdjdb_full_14960_rs_2_n0,1
vdjdb_full_14921_ss_2_n0_iptm_filtered,LLWNGPMAV_HLA-A*02:01,tcr7509,vdjdb_full_14876_ss_4_n0,1
vdjdb_full_14922_rs_0_n0_iptm_filtered,LLWNGPMAV_HLA-A*02:01,tcr509,vdjdb_full_15049_rs_3_n0,1
vdjdb_full_14922_rs_3_n0_iptm_filtered,LLWNGPMAV_HLA-A*02:01,tcr9308,vdjdb_full_14927_rs_3_n0,1
vdjdb_full_14922_rs_4_n0_iptm_filtered,LLWNGPMAV_HLA-A*02:01,tcr852,vdjdb_full_14876_ss_1_n0|vdjdb_full_14959_ss_1_n0,2
vdjdb_full_14922_ss_0_n0_iptm_filtered,LLWNGPMAV_HLA-A*02:01,tcr17962,vdjdb_full_14924_rs_4_n0,1
vdjdb_full_14922_ss_2_n0_iptm_filtered,LLWNGPMAV_HLA-A*02:01,tcr6091,vdjdb_full_15017_rs_4_n0,1
vdjdb_full_14924_ss_1_n0_iptm_filtered,LLWNGPMAV_HLA-A*02:01,tcr2837,vdjdb_full_15030_rs_4_n0,1
vdjdb_full_14926_rs_1_n0_iptm_filtered,LLWNGPMAV_HLA-A*02:01,tcr14774,vdjdb_full_14836_rs_3_n0,1
vdjdb_full_14927_rs_2_n0_iptm_filtered,LLWNGPMAV_HLA-A*02:01,tcr9758,vdjdb_full_14934_rs_3_n0,1
vdjdb_full_14927_rs_3_n0_iptm_filtered,LLWNGPMAV_HLA-A*02:01,tcr13147,vdjdb_full_14944_ss_0_n0,1
vdjdb_full_14931_rs_3_n0_iptm_filtered,LLWNGPMAV_HLA-A*02:01,tcr14044,vdjdb_full_14835_ss_1_n0,1
vdjdb_full_14931_rs_4_n0_iptm_filtered,LLWNGPMAV_HLA-A*02:01,tcr15474,vdjdb_full_14992_rs_3_n0,1
vdjdb_full_14931_ss_2_n0_iptm_filtered,LLWNGPMAV_HLA-A*02:01,tcr11474,vdjdb_full_14934_ss_4_n0,1
vdjdb_full_14932_rs_0_n0_iptm_filtered,LLWNGPMAV_HLA-A*02:01,tcr11014,vdjdb_full_15049_rs_4_n0,1
vdjdb_full_14932_rs_4_n0_iptm_filtered,LLWNGPMAV_HLA-A*02:01,tcr9520,vdjdb_full_14981_ss_0_n0,1
vdjdb_full_14934_ss_1_n0_iptm_filtered,LLWNGPMAV_HLA-A*02:01,tcr14580,vdjdb_full_14915_ss_4_n0,1
vdjdb_full_14934_ss_2_n0_iptm_filtered,LLWNGPMAV_HLA-A*02:01,tcr10672,vdjdb_full_15001_ss_2_n0,1
vdjdb_full_14939_rs_2_n0_iptm_filtered,LLWNGPMAV_HLA-A*02:01,tcr668,vdjdb_full_14862_rs_1_n0,1
vdjdb_full_14939_rs_3_n0_iptm_filtered,LLWNGPMAV_HLA-A*02:01,tcr3267,vdjdb_full_15002_ss_1_n0,1
vdjdb_full_14939_ss_2_n0_iptm_filtered,LLWNGPMAV_HLA-A*02:01,tcr250,vdjdb_full_14986_ss_2_n0|vdjdb_full_15014_rs_2_n0,2
vdjdb_full_14945_rs_0_n0_iptm_filtered,LLWNGPMAV_HLA-A*02:01,tcr14528,vdjdb_full_14939_ss_4_n0,1
vdjdb_full_14945_rs_2_n0_iptm_filtered,LLWNGPMAV_HLA-A*02:01,tcr17747,vdjdb_full_14867_ss_4_n0|vdjdb_full_14924_ss_2_n0,2
vdjdb_full_14945_ss_0_n0_iptm_filtered,LLWNGPMAV_HLA-A*02:01,tcr11262,vdjdb_full_14873_ss_0_n0,1
vdjdb_full_14947_rs_2_n0_iptm_filtered,LLWNGPMAV_HLA-A*02:01,tcr12911,vdjdb_full_15026_rs_4_n0,1
vdjdb_full_14947_ss_1_n0_iptm_filtered,LLWNGPMAV_HLA-A*02:01,tcr2271,vdjdb_full_14995_rs_0_n0,1
vdjdb_full_14951_ss_3_n0_iptm_filtered,LLWNGPMAV_HLA-A*02:01,tcr283,vdjdb_full_15049_rs_1_n0,1
vdjdb_full_14957_rs_0_n0_iptm_filtered,LLWNGPMAV_HLA-A*02:01,tcr17691,vdjdb_full_14945_rs_2_n0,1
vdjdb_full_14957_rs_3_n0_iptm_filtered,LLWNGPMAV_HLA-A*02:01,tcr12821,vdjdb_full_14861_ss_0_n0,1
vdjdb_full_14957_ss_2_n0_iptm_filtered,LLWNGPMAV_HLA-A*02:01,tcr1790,vdjdb_full_15026_rs_2_n0,1
vdjdb_full_14959_rs_3_n0_iptm_filtered,LLWNGPMAV_HLA-A*02:01,tcr7452,vdjdb_full_14862_rs_0_n0,1
vdjdb_full_14959_ss_0_n0_iptm_filtered,LLWNGPMAV_HLA-A*02:01,tcr1293,vdjdb_full_15003_ss_3_n0,1
vdjdb_full_14959_ss_4_n0_iptm_filtered,LLWNGPMAV_HLA-A*02:01,tcr6095,vdjdb_full_14908_ss_1_n0,1
vdjdb_full_14960_rs_0_n0_iptm_filtered,LLWNGPMAV_HLA-A*02:01,tcr16324,vdjdb_full_15001_rs_4_n0,1
vdjdb_full_14960_ss_3_n0_iptm_filtered,LLWNGPMAV_HLA-A*02:01,tcr12480,vdjdb_full_14974_rs_3_n0,1
vdjdb_full_14968_rs_0_n0_iptm_filtered,LLWNGPMAV_HLA-A*02:01,tcr6207,vdjdb_full_14815_rs_3_n0,1
vdjdb_full_14968_ss_1_n0_iptm_filtered,LLWNGPMAV_HLA-A*02:01,tcr17643,vdjdb_full_14847_ss_2_n0,1
vdjdb_full_14969_rs_0_n0_iptm_filtered,LLWNGPMAV_HLA-A*02:01,tcr2511,vdjdb_full_14985_rs_3_n0|vdjdb_full_15022_rs_0_n0,2
vdjdb_full_14969_rs_4_n0_iptm_filtered,LLWNGPMAV_HLA-A*02:01,tcr18059,vdjdb_full_14875_ss_2_n0,1
vdjdb_full_14969_ss_4_n0_iptm_filtered,LLWNGPMAV_HLA-A*02:01,tcr12454,vdjdb_full_15018_ss_1_n0,1
vdjdb_full_14974_ss_3_n0_iptm_filtered,LLWNGPMAV_HLA-A*02:01,tcr3155,vdjdb_full_14932_rs_0_n0,1
vdjdb_full_14977_rs_1_n0_iptm_filtered,LLWNGPMAV_HLA-A*02:01,tcr1091,vdjdb_full_14825_ss_1_n0|vdjdb_full_14974_ss_1_n0,2
vdjdb_full_14977_rs_4_n0_iptm_filtered,LLWNGPMAV_HLA-A*02:01,tcr6231,vdjdb_full_15025_rs_4_n0,1
vdjdb_full_14981_rs_4_n0_iptm_filtered,LLWNGPMAV_HLA-A*02:01,tcr1091,vdjdb_full_14825_ss_1_n0|vdjdb_full_14974_ss_1_n0,2
vdjdb_full_14981_ss_1_n0_iptm_filtered,LLWNGPMAV_HLA-A*02:01,tcr12579,vdjdb_full_14818_ss_0_n0,1
vdjdb_full_14985_rs_1_n0_iptm_filtered,LLWNGPMAV_HLA-A*02:01,tcr17142,vdjdb_full_15002_rs_2_n0,1
vdjdb_full_14985_rs_2_n0_iptm_filtered,LLWNGPMAV_HLA-A*02:01,tcr12911,vdjdb_full_15026_rs_4_n0,1
vdjdb_full_14985_rs_3_n0_iptm_filtered,LLWNGPMAV_HLA-A*02:01,tcr16025,vdjdb_full_14969_ss_2_n0,1
vdjdb_full_14985_ss_1_n0_iptm_filtered,LLWNGPMAV_HLA-A*02:01,tcr3513,vdjdb_full_14961_ss_0_n0,1
vdjdb_full_14986_ss_1_n0_iptm_filtered,LLWNGPMAV_HLA-A*02:01,tcr1243,vdjdb_full_14893_ss_3_n0,1
vdjdb_full_14986_ss_2_n0_iptm_filtered,LLWNGPMAV_HLA-A*02:01,tcr17962,vdjdb_full_14924_rs_4_n0,1
vdjdb_full_14987_rs_0_n0_iptm_filtered,LLWNGPMAV_HLA-A*02:01,tcr16036,vdjdb_full_15022_rs_1_n0,1
vdjdb_full_14987_ss_2_n0_iptm_filtered,LLWNGPMAV_HLA-A*02:01,tcr12954,vdjdb_full_15018_ss_0_n0|vdjdb_full_15030_ss_4_n0,2
vdjdb_full_14987_ss_4_n0_iptm_filtered,LLWNGPMAV_HLA-A*02:01,tcr14060,vdjdb_full_14818_rs_1_n0,1
vdjdb_full_14992_rs_1_n0_iptm_filtered,LLWNGPMAV_HLA-A*02:01,tcr16192,vdjdb_full_14921_ss_4_n0,1
vdjdb_full_14992_ss_3_n0_iptm_filtered,LLWNGPMAV_HLA-A*02:01,tcr5331,vdjdb_full_14939_ss_0_n0,1
vdjdb_full_14995_rs_1_n0_iptm_filtered,LLWNGPMAV_HLA-A*02:01,tcr9308,vdjdb_full_14927_rs_3_n0,1
vdjdb_full_14995_rs_2_n0_iptm_filtered,LLWNGPMAV_HLA-A*02:01,tcr17345,vdjdb_full_14985_rs_1_n0,1
vdjdb_full_14995_ss_4_n0_iptm_filtered,LLWNGPMAV_HLA-A*02:01,tcr10696,vdjdb_full_14815_ss_4_n0|vdjdb_full_15039_rs_1_n0,2
vdjdb_full_14999_rs_0_n0_iptm_filtered,LLWNGPMAV_HLA-A*02:01,tcr12036,vdjdb_full_14875_rs_4_n0,1
vdjdb_full_14999_ss_0_n0_iptm_filtered,LLWNGPMAV_HLA-A*02:01,tcr16823,vdjdb_full_14834_ss_0_n0,1
vdjdb_full_14999_ss_2_n0_iptm_filtered,LLWNGPMAV_HLA-A*02:01,tcr2808,vdjdb_full_14847_ss_0_n0,1
vdjdb_full_14999_ss_3_n0_iptm_filtered,LLWNGPMAV_HLA-A*02:01,tcr6225,vdjdb_full_14981_ss_2_n0,1
vdjdb_full_15002_rs_4_n0_iptm_filtered,LLWNGPMAV_HLA-A*02:01,tcr1790,vdjdb_full_15026_rs_2_n0,1
vdjdb_full_15002_ss_1_n0_iptm_filtered,LLWNGPMAV_HLA-A*02:01,tcr7092,vdjdb_full_14961_rs_0_n0,1
vdjdb_full_15002_ss_2_n0_iptm_filtered,LLWNGPMAV_HLA-A*02:01,tcr7092,vdjdb_full_14961_rs_0_n0,1
vdjdb_full_15006_ss_3_n0_iptm_filtered,LLWNGPMAV_HLA-A*02:01,tcr2762,vdjdb_full_14953_ss_3_n0,1
vdjdb_full_15013_rs_2_n0_iptm_filtered,LLWNGPMAV_HLA-A*02:01,tcr9547,vdjdb_full_14872_rs_0_n0|vdjdb_full_14969_rs_3_n0,2
vdjdb_full_15013_rs_4_n0_iptm_filtered,LLWNGPMAV_HLA-A*02:01,tcr9758,vdjdb_full_14934_rs_3_n0,1
vdjdb_full_15014_ss_4_n0_iptm_filtered,LLWNGPMAV_HLA-A*02:01,tcr579,vdjdb_full_14924_rs_1_n0,1
vdjdb_full_15016_ss_1_n0_iptm_filtered,LLWNGPMAV_HLA-A*02:01,tcr13082,vdjdb_full_15002_rs_4_n0,1
vdjdb_full_15016_ss_2_n0_iptm_filtered,LLWNGPMAV_HLA-A*02:01,tcr16844,vdjdb_full_14844_ss_2_n0,1
vdjdb_full_15016_ss_3_n0_iptm_filtered,LLWNGPMAV_HLA-A*02:01,tcr7424,vdjdb_full_14874_ss_1_n0,1
vdjdb_full_15017_rs_3_n0_iptm_filtered,LLWNGPMAV_HLA-A*02:01,tcr5235,vdjdb_full_14872_ss_1_n0|vdjdb_full_14908_rs_2_n0|vdjdb_full_15026_ss_3_n0,3
vdjdb_full_15017_ss_3_n0_iptm_filtered,LLWNGPMAV_HLA-A*02:01,tcr9416,vdjdb_full_14900_ss_1_n0,1
vdjdb_full_15018_ss_2_n0_iptm_filtered,LLWNGPMAV_HLA-A*02:01,tcr386,vdjdb_full_14951_ss_2_n0,1
vdjdb_full_15018_ss_4_n0_iptm_filtered,LLWNGPMAV_HLA-A*02:01,tcr14044,vdjdb_full_14835_ss_1_n0,1
vdjdb_full_15025_rs_1_n0_iptm_filtered,LLWNGPMAV_HLA-A*02:01,tcr7365,vdjdb_full_14867_rs_1_n0,1
vdjdb_full_15025_ss_0_n0_iptm_filtered,LLWNGPMAV_HLA-A*02:01,tcr3982,vdjdb_full_14876_rs_3_n0,1
vdjdb_full_15026_rs_2_n0_iptm_filtered,LLWNGPMAV_HLA-A*02:01,tcr13657,vdjdb_full_14880_rs_1_n0,1
vdjdb_full_15026_ss_3_n0_iptm_filtered,LLWNGPMAV_HLA-A*02:01,tcr7395,vdjdb_full_14872_rs_1_n0|vdjdb_full_14902_ss_2_n0,2
vdjdb_full_15035_rs_2_n0_iptm_filtered,LLWNGPMAV_HLA-A*02:01,tcr475,vdjdb_full_14821_rs_2_n0,1
vdjdb_full_15035_ss_0_n0_iptm_filtered,LLWNGPMAV_HLA-A*02:01,tcr283,vdjdb_full_15049_rs_1_n0,1
vdjdb_full_15035_ss_2_n0_iptm_filtered,LLWNGPMAV_HLA-A*02:01,tcr2055,vdjdb_full_14986_rs_4_n0,1
vdjdb_full_15035_ss_4_n0_iptm_filtered,LLWNGPMAV_HLA-A*02:01,tcr7452,vdjdb_full_14862_rs_0_n0,1
vdjdb_full_15038_rs_1_n0_iptm_filtered,LLWNGPMAV_HLA-A*02:01,tcr10324,vdjdb_full_14987_ss_1_n0,1
vdjdb_full_15038_rs_3_n0_iptm_filtered,LLWNGPMAV_HLA-A*02:01,tcr4369,vdjdb_full_14902_rs_0_n0,1
vdjdb_full_15038_rs_4_n0_iptm_filtered,LLWNGPMAV_HLA-A*02:01,tcr13205,vdjdb_full_15032_rs_2_n0,1
vdjdb_full_15038_ss_1_n0_iptm_filtered,LLWNGPMAV_HLA-A*02:01,tcr15474,vdjdb_full_14992_rs_3_n0,1
vdjdb_full_15039_rs_3_n0_iptm_filtered,LLWNGPMAV_HLA-A*02:01,tcr9627,vdjdb_full_14844_ss_1_n0,1
vdjdb_full_15039_ss_0_n0_iptm_filtered,LLWNGPMAV_HLA-A*02:01,tcr3181,vdjdb_full_15025_rs_0_n0,1
vdjdb_full_15039_ss_1_n0_iptm_filtered,LLWNGPMAV_HLA-A*02:01,tcr16709,vdjdb_full_14831_ss_2_n0,1
vdjdb_full_15039_ss_2_n0_iptm_filtered,LLWNGPMAV_HLA-A*02:01,tcr250,vdjdb_full_14986_ss_2_n0|vdjdb_full_15014_rs_2_n0,2
vdjdb_full_15045_ss_4_n0_iptm_filtered,LLWNGPMAV_HLA-A*02:01,tcr399,vdjdb_full_14981_ss_3_n0,1
vdjdb_full_15047_rs_2_n0_iptm_filtered,LLWNGPMAV_HLA-A*02:01,tcr1790,vdjdb_full_15026_rs_2_n0,1
vdjdb_full_15047_ss_4_n0_iptm_filtered,LLWNGPMAV_HLA-A*02:01,tcr7856,vdjdb_full_14835_ss_3_n0,1
vdjdb_full_15049_rs_3_n0_iptm_filtered,LLWNGPMAV_HLA-A*02:01,tcr11072,vdjdb_full_14886_ss_3_n0,1
vdjdb_full_15049_ss_2_n0_iptm_filtered,LLWNGPMAV_HLA-A*02:01,tcr16949,vdjdb_full_14902_rs_1_n0,1
vdjdb_full_1504_rs_4_n0_iptm_filtered,KLGGALQAK_HLA-A*03:01,tcr14081,vdjdb_full_1460_ss_3_n0,1
vdjdb_full_1504_ss_2_n0_iptm_filtered,KLGGALQAK_HLA-A*03:01,tcr5374,vdjdb_full_1063_rs_2_n0|vdjdb_full_1860_rs_1_n0,2
vdjdb_full_1506_ss_2_n0_iptm_filtered,KLGGALQAK_HLA-A*03:01,tcr8368,vdjdb_full_1068_ss_2_n0,1
vdjdb_full_15071_rs_3_n0_iptm_filtered,NQKLIANQF_HLA-B*15:01,tcr5935,vdjdb_full_15129_rs_0_n0|vdjdb_full_15130_rs_1_n0,2
vdjdb_full_15071_ss_1_n0_iptm_filtered,NQKLIANQF_HLA-B*15:01,tcr3700,vdjdb_full_15075_rs_1_n0,1
vdjdb_full_15080_ss_2_n0_iptm_filtered,NQKLIANQF_HLA-B*15:01,tcr10328,vdjdb_full_15122_ss_4_n0,1
vdjdb_full_15100_rs_0_n0_iptm_filtered,NQKLIANQF_HLA-B*15:01,tcr15416,vdjdb_full_15100_ss_2_n0,1
vdjdb_full_15100_ss_0_n0_iptm_filtered,NQKLIANQF_HLA-B*15:01,tcr8094,vdjdb_full_15094_ss_1_n0,1
vdjdb_full_15100_ss_1_n0_iptm_filtered,NQKLIANQF_HLA-B*15:01,tcr15248,vdjdb_full_15129_rs_1_n0,1
vdjdb_full_15102_rs_1_n0_iptm_filtered,NQKLIANQF_HLA-B*15:01,tcr949,vdjdb_full_15131_ss_1_n0,1
vdjdb_full_15102_rs_2_n0_iptm_filtered,NQKLIANQF_HLA-B*15:01,tcr4300,vdjdb_full_15075_ss_1_n0,1
vdjdb_full_15102_rs_3_n0_iptm_filtered,NQKLIANQF_HLA-B*15:01,tcr8569,vdjdb_full_15132_ss_4_n0,1
vdjdb_full_15105_ss_3_n0_iptm_filtered,NQKLIANQF_HLA-B*15:01,tcr4029,vdjdb_full_15087_ss_1_n0|vdjdb_full_15142_ss_1_n0,2
vdjdb_full_15117_rs_3_n0_iptm_filtered,NQKLIANQF_HLA-B*15:01,tcr15783,vdjdb_full_15075_ss_3_n0,1
vdjdb_full_15117_ss_2_n0_iptm_filtered,NQKLIANQF_HLA-B*15:01,tcr7076,vdjdb_full_15095_rs_3_n0,1
vdjdb_full_15124_rs_2_n0_iptm_filtered,NQKLIANQF_HLA-B*15:01,tcr6410,vdjdb_full_15121_rs_3_n0,1
vdjdb_full_15124_ss_4_n0_iptm_filtered,NQKLIANQF_HLA-B*15:01,tcr12372,vdjdb_full_15098_ss_4_n0,1
vdjdb_full_15131_rs_0_n0_iptm_filtered,NQKLIANQF_HLA-B*15:01,tcr14259,vdjdb_full_15087_ss_4_n0,1
vdjdb_full_15131_rs_2_n0_iptm_filtered,NQKLIANQF_HLA-B*15:01,tcr10655,vdjdb_full_15074_rs_4_n0,1
vdjdb_full_15131_ss_3_n0_iptm_filtered,NQKLIANQF_HLA-B*15:01,tcr15118,vdjdb_full_15089_rs_0_n0,1
vdjdb_full_15133_ss_3_n0_iptm_filtered,NQKLIANQF_HLA-B*15:01,tcr10040,vdjdb_full_15107_rs_0_n0,1
vdjdb_full_15138_rs_1_n0_iptm_filtered,NQKLIANQF_HLA-B*15:01,tcr16549,vdjdb_full_15110_ss_1_n0|vdjdb_full_15117_ss_3_n0,2
vdjdb_full_15139_rs_4_n0_iptm_filtered,NQKLIANQF_HLA-B*15:01,tcr7410,vdjdb_full_15080_ss_1_n0,1
vdjdb_full_15139_ss_0_n0_iptm_filtered,NQKLIANQF_HLA-B*15:01,tcr16023,vdjdb_full_15077_rs_3_n0,1
vdjdb_full_15139_ss_3_n0_iptm_filtered,NQKLIANQF_HLA-B*15:01,tcr10040,vdjdb_full_15107_rs_0_n0,1
vdjdb_full_15176_ss_1_n0_iptm_filtered,ALWEIQQVV_HLA-A*02:01,tcr6374,vdjdb_full_15163_ss_4_n0,1
vdjdb_full_15177_rs_2_n0_iptm_filtered,ALWEIQQVV_HLA-A*02:01,tcr3188,vdjdb_full_15183_rs_3_n0,1
vdjdb_full_15196_rs_2_n0_iptm_filtered,RPHERNGFTVL_HLA-B*07:02,tcr2514,vdjdb_full_15185_ss_0_n0,1
vdjdb_full_15213_ss_3_n0_iptm_filtered,RPHERNGFTVL_HLA-B*07:02,tcr3019,vdjdb_full_15195_ss_3_n0,1
vdjdb_full_15224_rs_1_n0_iptm_filtered,RPHERNGFTVL_HLA-B*07:02,tcr5551,vdjdb_full_15217_ss_4_n0,1
vdjdb_full_15228_rs_1_n0_iptm_filtered,RPHERNGFTVL_HLA-B*07:02,tcr6133,vdjdb_full_15216_ss_4_n0,1
vdjdb_full_15246_rs_1_n0_iptm_filtered,RPHERNGFTVL_HLA-B*07:02,tcr5182,vdjdb_full_15246_ss_1_n0,1
vdjdb_full_15246_rs_2_n0_iptm_filtered,RPHERNGFTVL_HLA-B*07:02,tcr5790,vdjdb_full_15214_rs_3_n0,1
vdjdb_full_15246_rs_4_n0_iptm_filtered,RPHERNGFTVL_HLA-B*07:02,tcr14060,vdjdb_full_15247_ss_2_n0,1
vdjdb_full_15246_ss_3_n0_iptm_filtered,RPHERNGFTVL_HLA-B*07:02,tcr1298,vdjdb_full_15190_rs_0_n0,1
vdjdb_full_15257_ss_2_n0_iptm_filtered,FLSINVHKV_HLA-A*02:01,tcr12780,vdjdb_full_15261_ss_3_n0,1
vdjdb_full_15259_rs_0_n0_iptm_filtered,FLSINVHKV_HLA-A*02:01,tcr4300,vdjdb_full_15252_rs_4_n0,1
vdjdb_full_15271_ss_2_n0_iptm_filtered,FMVFLQTHI_HLA-A*02:01,tcr6033,vdjdb_full_15275_ss_2_n0,1
vdjdb_full_15285_ss_4_n0_iptm_filtered,CINGVCWTV_HLA-A*02:01,tcr12787,vdjdb_full_15432_rs_4_n0,1
vdjdb_full_15292_rs_3_n0_iptm_filtered,CINGVCWTV_HLA-A*02:01,tcr7963,vdjdb_full_15341_ss_4_n0,1
vdjdb_full_15292_ss_0_n0_iptm_filtered,CINGVCWTV_HLA-A*02:01,tcr7129,vdjdb_full_15295_rs_2_n0|vdjdb_full_15404_rs_1_n0,2
vdjdb_full_15292_ss_1_n0_iptm_filtered,CINGVCWTV_HLA-A*02:01,tcr5796,vdjdb_full_15394_rs_1_n0,1
vdjdb_full_15294_rs_1_n0_iptm_filtered,CINGVCWTV_HLA-A*02:01,tcr2159,vdjdb_full_15301_ss_3_n0|vdjdb_full_15349_rs_3_n0,2
vdjdb_full_15294_ss_0_n0_iptm_filtered,CINGVCWTV_HLA-A*02:01,tcr15521,vdjdb_full_15414_ss_0_n0|vdjdb_full_15482_ss_1_n0,2
vdjdb_full_15294_ss_3_n0_iptm_filtered,CINGVCWTV_HLA-A*02:01,tcr13657,vdjdb_full_15379_ss_3_n0,1
vdjdb_full_15294_ss_4_n0_iptm_filtered,CINGVCWTV_HLA-A*02:01,tcr3934,vdjdb_full_15456_ss_3_n0,1
vdjdb_full_15300_rs_2_n0_iptm_filtered,CINGVCWTV_HLA-A*02:01,tcr3564,vdjdb_full_15485_rs_0_n0,1
vdjdb_full_15301_ss_1_n0_iptm_filtered,CINGVCWTV_HLA-A*02:01,tcr2812,vdjdb_full_15386_ss_1_n0,1
vdjdb_full_15301_ss_2_n0_iptm_filtered,CINGVCWTV_HLA-A*02:01,tcr18394,vdjdb_full_15421_rs_4_n0,1
vdjdb_full_15301_ss_3_n0_iptm_filtered,CINGVCWTV_HLA-A*02:01,tcr5755,vdjdb_full_15447_rs_2_n0,1
vdjdb_full_15302_rs_4_n0_iptm_filtered,CINGVCWTV_HLA-A*02:01,tcr3704,vdjdb_full_15403_ss_0_n0,1
vdjdb_full_15302_ss_0_n0_iptm_filtered,CINGVCWTV_HLA-A*02:01,tcr2083,vdjdb_full_15391_rs_3_n0,1
vdjdb_full_15302_ss_2_n0_iptm_filtered,CINGVCWTV_HLA-A*02:01,tcr14032,vdjdb_full_15336_ss_4_n0,1
vdjdb_full_15305_rs_2_n0_iptm_filtered,CINGVCWTV_HLA-A*02:01,tcr14882,vdjdb_full_15305_ss_2_n0|vdjdb_full_15370_rs_0_n0,2
vdjdb_full_15305_ss_1_n0_iptm_filtered,CINGVCWTV_HLA-A*02:01,tcr9975,vdjdb_full_15459_rs_0_n0,1
vdjdb_full_15305_ss_3_n0_iptm_filtered,CINGVCWTV_HLA-A*02:01,tcr10912,vdjdb_full_15363_rs_2_n0,1
vdjdb_full_15305_ss_4_n0_iptm_filtered,CINGVCWTV_HLA-A*02:01,tcr17079,vdjdb_full_15311_rs_1_n0|vdjdb_full_15361_rs_3_n0,2
vdjdb_full_15307_rs_4_n0_iptm_filtered,CINGVCWTV_HLA-A*02:01,tcr11505,vdjdb_full_15508_rs_2_n0,1
vdjdb_full_15307_ss_1_n0_iptm_filtered,CINGVCWTV_HLA-A*02:01,tcr2812,vdjdb_full_15386_ss_1_n0,1
vdjdb_full_15311_rs_0_n0_iptm_filtered,CINGVCWTV_HLA-A*02:01,tcr7926,vdjdb_full_15342_rs_3_n0,1
vdjdb_full_15317_rs_1_n0_iptm_filtered,CINGVCWTV_HLA-A*02:01,tcr10651,vdjdb_full_15356_ss_0_n0|vdjdb_full_15422_ss_4_n0,2
vdjdb_full_15317_ss_0_n0_iptm_filtered,CINGVCWTV_HLA-A*02:01,tcr4073,vdjdb_full_15404_rs_2_n0,1
vdjdb_full_15318_rs_3_n0_iptm_filtered,CINGVCWTV_HLA-A*02:01,tcr8153,vdjdb_full_15379_ss_1_n0,1
vdjdb_full_15318_ss_1_n0_iptm_filtered,CINGVCWTV_HLA-A*02:01,tcr5342,vdjdb_full_15307_rs_2_n0,1
vdjdb_full_15327_rs_1_n0_iptm_filtered,CINGVCWTV_HLA-A*02:01,tcr3782,vdjdb_full_15432_ss_2_n0,1
vdjdb_full_15327_rs_3_n0_iptm_filtered,CINGVCWTV_HLA-A*02:01,tcr11617,vdjdb_full_15394_ss_0_n0,1
vdjdb_full_15327_rs_4_n0_iptm_filtered,CINGVCWTV_HLA-A*02:01,tcr16291,vdjdb_full_15479_ss_2_n0,1
vdjdb_full_15327_ss_0_n0_iptm_filtered,CINGVCWTV_HLA-A*02:01,tcr8300,vdjdb_full_15342_rs_4_n0,1
vdjdb_full_15327_ss_1_n0_iptm_filtered,CINGVCWTV_HLA-A*02:01,tcr17332,vdjdb_full_15418_rs_2_n0,1
vdjdb_full_15336_rs_1_n0_iptm_filtered,CINGVCWTV_HLA-A*02:01,tcr3934,vdjdb_full_15456_ss_3_n0,1
vdjdb_full_15336_rs_2_n0_iptm_filtered,CINGVCWTV_HLA-A*02:01,tcr9975,vdjdb_full_15459_rs_0_n0,1
vdjdb_full_15336_ss_1_n0_iptm_filtered,CINGVCWTV_HLA-A*02:01,tcr476,vdjdb_full_15363_rs_0_n0,1
vdjdb_full_15343_rs_4_n0_iptm_filtered,CINGVCWTV_HLA-A*02:01,tcr17963,vdjdb_full_15477_ss_4_n0,1
vdjdb_full_15343_ss_0_n0_iptm_filtered,CINGVCWTV_HLA-A*02:01,tcr16291,vdjdb_full_15479_ss_2_n0,1
vdjdb_full_15343_ss_2_n0_iptm_filtered,CINGVCWTV_HLA-A*02:01,tcr13082,vdjdb_full_15396_rs_3_n0,1
vdjdb_full_15344_rs_1_n0_iptm_filtered,CINGVCWTV_HLA-A*02:01,tcr14341,vdjdb_full_15396_rs_0_n0,1
vdjdb_full_15344_ss_3_n0_iptm_filtered,CINGVCWTV_HLA-A*02:01,tcr13805,vdjdb_full_15396_ss_2_n0,1
vdjdb_full_15344_ss_4_n0_iptm_filtered,CINGVCWTV_HLA-A*02:01,tcr15731,vdjdb_full_15300_rs_2_n0,1
vdjdb_full_15349_rs_4_n0_iptm_filtered,CINGVCWTV_HLA-A*02:01,tcr16184,vdjdb_full_15436_ss_3_n0,1
vdjdb_full_15349_ss_2_n0_iptm_filtered,CINGVCWTV_HLA-A*02:01,tcr6100,vdjdb_full_15463_rs_2_n0,1
vdjdb_full_15351_rs_4_n0_iptm_filtered,CINGVCWTV_HLA-A*02:01,tcr13651,vdjdb_full_15485_ss_3_n0,1
vdjdb_full_15351_ss_4_n0_iptm_filtered,CINGVCWTV_HLA-A*02:01,tcr14513,vdjdb_full_15281_ss_0_n0,1
vdjdb_full_15355_rs_0_n0_iptm_filtered,CINGVCWTV_HLA-A*02:01,tcr2513,vdjdb_full_15507_ss_4_n0,1
vdjdb_full_15355_ss_0_n0_iptm_filtered,CINGVCWTV_HLA-A*02:01,tcr496,vdjdb_full_15462_ss_4_n0,1
vdjdb_full_15356_ss_4_n0_iptm_filtered,CINGVCWTV_HLA-A*02:01,tcr7381,vdjdb_full_15294_ss_2_n0,1
vdjdb_full_15359_rs_1_n0_iptm_filtered,CINGVCWTV_HLA-A*02:01,tcr17747,vdjdb_full_15456_rs_3_n0|vdjdb_full_15508_rs_1_n0,2
vdjdb_full_15359_ss_4_n0_iptm_filtered,CINGVCWTV_HLA-A*02:01,tcr10324,vdjdb_full_15420_ss_0_n0,1
vdjdb_full_15374_rs_3_n0_iptm_filtered,CINGVCWTV_HLA-A*02:01,tcr12012,vdjdb_full_15418_ss_0_n0,1
vdjdb_full_15374_rs_4_n0_iptm_filtered,CINGVCWTV_HLA-A*02:01,tcr12707,vdjdb_full_15295_ss_1_n0,1
vdjdb_full_15382_ss_0_n0_iptm_filtered,CINGVCWTV_HLA-A*02:01,tcr6817,vdjdb_full_15302_rs_0_n0|vdjdb_full_15390_rs_0_n0,2
vdjdb_full_15390_ss_0_n0_iptm_filtered,CINGVCWTV_HLA-A*02:01,tcr9886,vdjdb_full_15484_ss_3_n0,1
vdjdb_full_15390_ss_3_n0_iptm_filtered,CINGVCWTV_HLA-A*02:01,tcr18120,vdjdb_full_15505_ss_1_n0,1
vdjdb_full_15394_ss_0_n0_iptm_filtered,CINGVCWTV_HLA-A*02:01,tcr2433,vdjdb_full_15288_ss_4_n0,1
vdjdb_full_15394_ss_1_n0_iptm_filtered,CINGVCWTV_HLA-A*02:01,tcr6742,vdjdb_full_15311_rs_2_n0|vdjdb_full_15343_rs_1_n0|vdjdb_full_15417_ss_0_n0,3
vdjdb_full_15397_rs_1_n0_iptm_filtered,CINGVCWTV_HLA-A*02:01,tcr10303,vdjdb_full_15485_rs_3_n0,1
vdjdb_full_15397_rs_2_n0_iptm_filtered,CINGVCWTV_HLA-A*02:01,tcr11163,vdjdb_full_15327_ss_3_n0,1
vdjdb_full_15397_rs_3_n0_iptm_filtered,CINGVCWTV_HLA-A*02:01,tcr7642,vdjdb_full_15305_rs_2_n0,1
vdjdb_full_15398_rs_0_n0_iptm_filtered,CINGVCWTV_HLA-A*02:01,tcr326,vdjdb_full_15421_ss_3_n0,1
vdjdb_full_15398_ss_1_n0_iptm_filtered,CINGVCWTV_HLA-A*02:01,tcr8153,vdjdb_full_15379_ss_1_n0,1
vdjdb_full_15399_rs_4_n0_iptm_filtered,CINGVCWTV_HLA-A*02:01,tcr403,vdjdb_full_15374_rs_4_n0,1
vdjdb_full_15403_rs_0_n0_iptm_filtered,CINGVCWTV_HLA-A*02:01,tcr3584,vdjdb_full_15396_ss_4_n0,1
vdjdb_full_15403_ss_1_n0_iptm_filtered,CINGVCWTV_HLA-A*02:01,tcr14415,vdjdb_full_15352_ss_2_n0,1
vdjdb_full_15405_rs_0_n0_iptm_filtered,CINGVCWTV_HLA-A*02:01,tcr5106,vdjdb_full_15406_ss_1_n0,1
vdjdb_full_15423_rs_1_n0_iptm_filtered,CINGVCWTV_HLA-A*02:01,tcr2791,vdjdb_full_15459_rs_4_n0,1
vdjdb_full_15424_rs_3_n0_iptm_filtered,CINGVCWTV_HLA-A*02:01,tcr5425,vdjdb_full_15327_ss_0_n0|vdjdb_full_15491_ss_2_n0,2
vdjdb_full_15424_ss_0_n0_iptm_filtered,CINGVCWTV_HLA-A*02:01,tcr9359,vdjdb_full_15285_rs_0_n0,1
vdjdb_full_15424_ss_1_n0_iptm_filtered,CINGVCWTV_HLA-A*02:01,tcr454,vdjdb_full_15457_ss_4_n0,1
vdjdb_full_15424_ss_2_n0_iptm_filtered,CINGVCWTV_HLA-A*02:01,tcr6469,vdjdb_full_15288_rs_4_n0|vdjdb_full_15423_rs_4_n0,2
vdjdb_full_15443_rs_2_n0_iptm_filtered,CINGVCWTV_HLA-A*02:01,tcr15474,vdjdb_full_15479_ss_0_n0,1
vdjdb_full_15443_ss_3_n0_iptm_filtered,CINGVCWTV_HLA-A*02:01,tcr7410,vdjdb_full_15464_ss_3_n0,1
vdjdb_full_15445_ss_2_n0_iptm_filtered,CINGVCWTV_HLA-A*02:01,tcr3809,vdjdb_full_15394_ss_1_n0,1
vdjdb_full_15456_ss_1_n0_iptm_filtered,CINGVCWTV_HLA-A*02:01,tcr11118,vdjdb_full_15432_ss_1_n0,1
vdjdb_full_15456_ss_3_n0_iptm_filtered,CINGVCWTV_HLA-A*02:01,tcr3367,vdjdb_full_15294_ss_1_n0,1
vdjdb_full_15461_rs_4_n0_iptm_filtered,CINGVCWTV_HLA-A*02:01,tcr3564,vdjdb_full_15485_rs_0_n0,1
vdjdb_full_15463_ss_0_n0_iptm_filtered,CINGVCWTV_HLA-A*02:01,tcr11625,vdjdb_full_15344_rs_1_n0,1
vdjdb_full_15463_ss_2_n0_iptm_filtered,CINGVCWTV_HLA-A*02:01,tcr13082,vdjdb_full_15396_rs_3_n0,1
vdjdb_full_15465_rs_1_n0_iptm_filtered,CINGVCWTV_HLA-A*02:01,tcr15677,vdjdb_full_15423_rs_2_n0,1
vdjdb_full_15465_ss_3_n0_iptm_filtered,CINGVCWTV_HLA-A*02:01,tcr1098,vdjdb_full_15507_rs_0_n0,1
vdjdb_full_15473_rs_0_n0_iptm_filtered,CINGVCWTV_HLA-A*02:01,tcr18222,vdjdb_full_15422_rs_3_n0,1
vdjdb_full_15473_ss_4_n0_iptm_filtered,CINGVCWTV_HLA-A*02:01,tcr14510,vdjdb_full_15456_rs_0_n0,1
vdjdb_full_15478_rs_3_n0_iptm_filtered,CINGVCWTV_HLA-A*02:01,tcr326,vdjdb_full_15421_ss_3_n0,1
vdjdb_full_15478_ss_2_n0_iptm_filtered,CINGVCWTV_HLA-A*02:01,tcr1973,vdjdb_full_15304_rs_0_n0,1
vdjdb_full_15478_ss_4_n0_iptm_filtered,CINGVCWTV_HLA-A*02:01,tcr476,vdjdb_full_15363_rs_0_n0,1
vdjdb_full_15479_ss_3_n0_iptm_filtered,CINGVCWTV_HLA-A*02:01,tcr8169,vdjdb_full_15421_ss_0_n0|vdjdb_full_15465_ss_2_n0,2
vdjdb_full_15484_rs_3_n0_iptm_filtered,CINGVCWTV_HLA-A*02:01,tcr496,vdjdb_full_15462_ss_4_n0,1
vdjdb_full_15484_ss_0_n0_iptm_filtered,CINGVCWTV_HLA-A*02:01,tcr12100,vdjdb_full_15382_rs_1_n0|vdjdb_full_15453_ss_2_n0,2
vdjdb_full_15484_ss_1_n0_iptm_filtered,CINGVCWTV_HLA-A*02:01,tcr13447,vdjdb_full_15386_rs_0_n0,1
vdjdb_full_15489_rs_4_n0_iptm_filtered,CINGVCWTV_HLA-A*02:01,tcr10551,vdjdb_full_15479_ss_3_n0,1
vdjdb_full_15489_ss_0_n0_iptm_filtered,CINGVCWTV_HLA-A*02:01,tcr10672,vdjdb_full_15493_rs_1_n0,1
vdjdb_full_15489_ss_2_n0_iptm_filtered,CINGVCWTV_HLA-A*02:01,tcr3172,vdjdb_full_15314_ss_1_n0,1
vdjdb_full_15493_rs_1_n0_iptm_filtered,CINGVCWTV_HLA-A*02:01,tcr7336,vdjdb_full_15424_rs_2_n0,1
vdjdb_full_15493_ss_2_n0_iptm_filtered,CINGVCWTV_HLA-A*02:01,tcr8300,vdjdb_full_15342_rs_4_n0,1
vdjdb_full_15493_ss_4_n0_iptm_filtered,CINGVCWTV_HLA-A*02:01,tcr12902,vdjdb_full_15420_ss_3_n0,1
vdjdb_full_15497_rs_3_n0_iptm_filtered,CINGVCWTV_HLA-A*02:01,tcr64,vdjdb_full_15505_ss_4_n0,1
vdjdb_full_15497_ss_0_n0_iptm_filtered,CINGVCWTV_HLA-A*02:01,tcr16629,vdjdb_full_15465_ss_4_n0,1
vdjdb_full_15498_rs_1_n0_iptm_filtered,CINGVCWTV_HLA-A*02:01,tcr5560,vdjdb_full_15386_ss_2_n0|vdjdb_full_15428_ss_2_n0,2
vdjdb_full_15498_rs_2_n0_iptm_filtered,CINGVCWTV_HLA-A*02:01,tcr5755,vdjdb_full_15447_rs_2_n0,1
vdjdb_full_15508_rs_1_n0_iptm_filtered,CINGVCWTV_HLA-A*02:01,tcr5016,vdjdb_full_15336_rs_2_n0,1
vdjdb_full_15508_ss_1_n0_iptm_filtered,CINGVCWTV_HLA-A*02:01,tcr13980,vdjdb_full_15331_ss_3_n0,1
vdjdb_full_15508_ss_2_n0_iptm_filtered,CINGVCWTV_HLA-A*02:01,tcr12100,vdjdb_full_15382_rs_1_n0|vdjdb_full_15453_ss_2_n0,2
vdjdb_full_15513_rs_2_n0_iptm_filtered,SLFNTVATLY_HLA-A*02:01,tcr16652,vdjdb_full_15513_rs_3_n0,1
vdjdb_full_15514_ss_0_n0_iptm_filtered,SLFNTVATLY_HLA-A*02:01,tcr9697,vdjdb_full_15534_ss_0_n0,1
vdjdb_full_15515_ss_1_n0_iptm_filtered,SLFNTVATLY_HLA-A*02:01,tcr18338,vdjdb_full_15538_rs_2_n0,1
vdjdb_full_15516_rs_0_n0_iptm_filtered,SLFNTVATLY_HLA-A*02:01,tcr10264,vdjdb_full_15517_rs_3_n0,1
vdjdb_full_15519_rs_1_n0_iptm_filtered,SLFNTVATLY_HLA-A*02:01,tcr15575,vdjdb_full_15532_ss_4_n0,1
vdjdb_full_15524_rs_1_n0_iptm_filtered,SLFNTVATLY_HLA-A*02:01,tcr8122,vdjdb_full_15522_ss_1_n0,1
vdjdb_full_15541_ss_3_n0_iptm_filtered,SLFNTVATLY_HLA-A*02:01,tcr4609,vdjdb_full_15536_ss_1_n0,1
vdjdb_full_15551_rs_0_n0_iptm_filtered,FLRGRAYGL_HLA-B*08:01,tcr14829,vdjdb_full_15664_rs_4_n0,1
vdjdb_full_15551_ss_1_n0_iptm_filtered,FLRGRAYGL_HLA-B*08:01,tcr14632,vdjdb_full_15561_rs_1_n0,1
vdjdb_full_15555_rs_2_n0_iptm_filtered,FLRGRAYGL_HLA-B*08:01,tcr5006,vdjdb_full_15671_ss_3_n0,1
vdjdb_full_15555_rs_3_n0_iptm_filtered,FLRGRAYGL_HLA-B*08:01,tcr12480,vdjdb_full_15606_ss_4_n0,1
vdjdb_full_15555_ss_2_n0_iptm_filtered,FLRGRAYGL_HLA-B*08:01,tcr598,vdjdb_full_15646_ss_1_n0,1
vdjdb_full_15560_rs_1_n0_iptm_filtered,FLRGRAYGL_HLA-B*08:01,tcr9182,vdjdb_full_15551_rs_1_n0,1
vdjdb_full_15560_ss_0_n0_iptm_filtered,FLRGRAYGL_HLA-B*08:01,tcr15991,vdjdb_full_15689_rs_1_n0,1
vdjdb_full_15560_ss_2_n0_iptm_filtered,FLRGRAYGL_HLA-B*08:01,tcr15481,vdjdb_full_15595_rs_4_n0,1
vdjdb_full_15561_ss_4_n0_iptm_filtered,FLRGRAYGL_HLA-B*08:01,tcr2255,vdjdb_full_15583_ss_3_n0,1
vdjdb_full_15563_ss_2_n0_iptm_filtered,FLRGRAYGL_HLA-B*08:01,tcr12743,vdjdb_full_15664_ss_2_n0,1
vdjdb_full_15569_ss_2_n0_iptm_filtered,FLRGRAYGL_HLA-B*08:01,tcr2433,vdjdb_full_15677_rs_0_n0,1
vdjdb_full_15570_ss_3_n0_iptm_filtered,FLRGRAYGL_HLA-B*08:01,tcr5511,vdjdb_full_15649_rs_2_n0,1
vdjdb_full_15570_ss_4_n0_iptm_filtered,FLRGRAYGL_HLA-B*08:01,tcr1334,vdjdb_full_15563_rs_2_n0|vdjdb_full_15563_ss_1_n0,2
vdjdb_full_15573_rs_4_n0_iptm_filtered,FLRGRAYGL_HLA-B*08:01,tcr2772,vdjdb_full_15687_ss_3_n0,1
vdjdb_full_15573_ss_3_n0_iptm_filtered,FLRGRAYGL_HLA-B*08:01,tcr7084,vdjdb_full_15578_ss_2_n0,1
vdjdb_full_15573_ss_4_n0_iptm_filtered,FLRGRAYGL_HLA-B*08:01,tcr17218,vdjdb_full_15694_ss_2_n0,1
vdjdb_full_15576_rs_4_n0_iptm_filtered,FLRGRAYGL_HLA-B*08:01,tcr17340,vdjdb_full_15580_rs_2_n0,1
vdjdb_full_15576_ss_2_n0_iptm_filtered,FLRGRAYGL_HLA-B*08:01,tcr17394,vdjdb_full_15591_ss_2_n0|vdjdb_full_15656_ss_2_n0,2
vdjdb_full_15577_rs_2_n0_iptm_filtered,FLRGRAYGL_HLA-B*08:01,tcr13029,vdjdb_full_15649_rs_3_n0,1
vdjdb_full_15577_ss_3_n0_iptm_filtered,FLRGRAYGL_HLA-B*08:01,tcr16864,vdjdb_full_15696_ss_4_n0,1
vdjdb_full_15577_ss_4_n0_iptm_filtered,FLRGRAYGL_HLA-B*08:01,tcr14774,vdjdb_full_15650_rs_0_n0,1
vdjdb_full_15578_rs_3_n0_iptm_filtered,FLRGRAYGL_HLA-B*08:01,tcr9931,vdjdb_full_15590_rs_0_n0,1
vdjdb_full_15578_ss_0_n0_iptm_filtered,FLRGRAYGL_HLA-B*08:01,tcr4101,vdjdb_full_15562_rs_0_n0,1
vdjdb_full_15580_ss_0_n0_iptm_filtered,FLRGRAYGL_HLA-B*08:01,tcr2921,vdjdb_full_15555_rs_0_n0,1
vdjdb_full_15580_ss_3_n0_iptm_filtered,FLRGRAYGL_HLA-B*08:01,tcr18197,vdjdb_full_15562_ss_4_n0,1
vdjdb_full_15580_ss_4_n0_iptm_filtered,FLRGRAYGL_HLA-B*08:01,tcr2487,vdjdb_full_15598_rs_4_n0,1
vdjdb_full_15581_ss_0_n0_iptm_filtered,FLRGRAYGL_HLA-B*08:01,tcr2173,vdjdb_full_15618_ss_3_n0,1
vdjdb_full_15582_rs_3_n0_iptm_filtered,FLRGRAYGL_HLA-B*08:01,tcr6823,vdjdb_full_15630_ss_3_n0,1
vdjdb_full_15583_rs_0_n0_iptm_filtered,FLRGRAYGL_HLA-B*08:01,tcr18137,vdjdb_full_15698_ss_2_n0,1
vdjdb_full_15583_rs_4_n0_iptm_filtered,FLRGRAYGL_HLA-B*08:01,tcr949,vdjdb_full_15664_rs_2_n0|vdjdb_full_15696_rs_3_n0,2
vdjdb_full_15583_ss_0_n0_iptm_filtered,FLRGRAYGL_HLA-B*08:01,tcr12107,vdjdb_full_15630_rs_0_n0,1
vdjdb_full_15583_ss_1_n0_iptm_filtered,FLRGRAYGL_HLA-B*08:01,tcr16168,vdjdb_full_15693_ss_3_n0,1
vdjdb_full_15583_ss_4_n0_iptm_filtered,FLRGRAYGL_HLA-B*08:01,tcr9199,vdjdb_full_15570_rs_2_n0,1
vdjdb_full_15584_rs_1_n0_iptm_filtered,FLRGRAYGL_HLA-B*08:01,tcr7449,vdjdb_full_15622_rs_4_n0,1
vdjdb_full_15584_rs_3_n0_iptm_filtered,FLRGRAYGL_HLA-B*08:01,tcr1460,vdjdb_full_15642_ss_4_n0,1
vdjdb_full_15584_ss_4_n0_iptm_filtered,FLRGRAYGL_HLA-B*08:01,tcr5184,vdjdb_full_15590_rs_2_n0,1
vdjdb_full_15585_rs_1_n0_iptm_filtered,FLRGRAYGL_HLA-B*08:01,tcr87,vdjdb_full_15566_rs_3_n0,1
vdjdb_full_15585_ss_2_n0_iptm_filtered,FLRGRAYGL_HLA-B*08:01,tcr7217,vdjdb_full_15566_ss_4_n0,1
vdjdb_full_15586_ss_0_n0_iptm_filtered,FLRGRAYGL_HLA-B*08:01,tcr12950,vdjdb_full_15674_rs_4_n0|vdjdb_full_15696_ss_3_n0,2
vdjdb_full_15590_rs_0_n0_iptm_filtered,FLRGRAYGL_HLA-B*08:01,tcr2030,vdjdb_full_15560_rs_3_n0|vdjdb_full_15661_rs_4_n0,2
vdjdb_full_15590_rs_3_n0_iptm_filtered,FLRGRAYGL_HLA-B*08:01,tcr1505,vdjdb_full_15633_ss_3_n0,1
vdjdb_full_15590_ss_1_n0_iptm_filtered,FLRGRAYGL_HLA-B*08:01,tcr4965,vdjdb_full_15700_rs_4_n0,1
vdjdb_full_15590_ss_2_n0_iptm_filtered,FLRGRAYGL_HLA-B*08:01,tcr1032,vdjdb_full_15558_ss_4_n0,1
vdjdb_full_15593_rs_1_n0_iptm_filtered,FLRGRAYGL_HLA-B*08:01,tcr14725,vdjdb_full_15645_ss_3_n0,1
vdjdb_full_15593_rs_4_n0_iptm_filtered,FLRGRAYGL_HLA-B*08:01,tcr5440,vdjdb_full_15636_ss_1_n0,1
vdjdb_full_15593_ss_2_n0_iptm_filtered,FLRGRAYGL_HLA-B*08:01,tcr18137,vdjdb_full_15698_ss_2_n0,1
vdjdb_full_15594_ss_3_n0_iptm_filtered,FLRGRAYGL_HLA-B*08:01,tcr2987,vdjdb_full_15579_rs_3_n0,1
vdjdb_full_15596_rs_3_n0_iptm_filtered,FLRGRAYGL_HLA-B*08:01,tcr9790,vdjdb_full_15632_ss_3_n0,1
vdjdb_full_15596_ss_2_n0_iptm_filtered,FLRGRAYGL_HLA-B*08:01,tcr5972,vdjdb_full_15613_ss_1_n0,1
vdjdb_full_15602_ss_0_n0_iptm_filtered,FLRGRAYGL_HLA-B*08:01,tcr16890,vdjdb_full_15577_rs_1_n0,1
vdjdb_full_15604_rs_2_n0_iptm_filtered,FLRGRAYGL_HLA-B*08:01,tcr16350,vdjdb_full_15660_ss_1_n0,1
vdjdb_full_15604_ss_3_n0_iptm_filtered,FLRGRAYGL_HLA-B*08:01,tcr7838,vdjdb_full_15698_rs_3_n0,1
vdjdb_full_15607_ss_2_n0_iptm_filtered,FLRGRAYGL_HLA-B*08:01,tcr15097,vdjdb_full_15675_ss_3_n0,1
vdjdb_full_15616_ss_1_n0_iptm_filtered,FLRGRAYGL_HLA-B*08:01,tcr17340,vdjdb_full_15580_rs_2_n0,1
vdjdb_full_15617_rs_2_n0_iptm_filtered,FLRGRAYGL_HLA-B*08:01,tcr14506,vdjdb_full_15662_rs_3_n0,1
vdjdb_full_15617_rs_4_n0_iptm_filtered,FLRGRAYGL_HLA-B*08:01,tcr12281,vdjdb_full_15566_ss_2_n0,1
vdjdb_full_15617_ss_4_n0_iptm_filtered,FLRGRAYGL_HLA-B*08:01,tcr1679,vdjdb_full_15679_rs_3_n0,1
vdjdb_full_15619_rs_2_n0_iptm_filtered,FLRGRAYGL_HLA-B*08:01,tcr5086,vdjdb_full_15660_rs_4_n0,1
vdjdb_full_15619_rs_4_n0_iptm_filtered,FLRGRAYGL_HLA-B*08:01,tcr4271,vdjdb_full_15596_rs_0_n0,1
vdjdb_full_15619_ss_2_n0_iptm_filtered,FLRGRAYGL_HLA-B*08:01,tcr8602,vdjdb_full_15573_rs_0_n0,1
vdjdb_full_15622_rs_4_n0_iptm_filtered,FLRGRAYGL_HLA-B*08:01,tcr16864,vdjdb_full_15696_ss_4_n0,1
vdjdb_full_15622_ss_2_n0_iptm_filtered,FLRGRAYGL_HLA-B*08:01,tcr15360,vdjdb_full_15632_ss_2_n0|vdjdb_full_15665_ss_0_n0,2
vdjdb_full_15625_rs_2_n0_iptm_filtered,FLRGRAYGL_HLA-B*08:01,tcr15991,vdjdb_full_15689_rs_1_n0,1
vdjdb_full_15625_ss_4_n0_iptm_filtered,FLRGRAYGL_HLA-B*08:01,tcr4979,vdjdb_full_15635_rs_2_n0,1
vdjdb_full_15629_ss_0_n0_iptm_filtered,FLRGRAYGL_HLA-B*08:01,tcr4575,vdjdb_full_15642_rs_0_n0,1
vdjdb_full_15629_ss_2_n0_iptm_filtered,FLRGRAYGL_HLA-B*08:01,tcr12539,vdjdb_full_15581_rs_2_n0|vdjdb_full_15585_rs_1_n0,2
vdjdb_full_15629_ss_3_n0_iptm_filtered,FLRGRAYGL_HLA-B*08:01,tcr14330,vdjdb_full_15656_ss_4_n0,1
vdjdb_full_15630_rs_4_n0_iptm_filtered,FLRGRAYGL_HLA-B*08:01,tcr4384,vdjdb_full_15674_ss_3_n0,1
vdjdb_full_15630_ss_0_n0_iptm_filtered,FLRGRAYGL_HLA-B*08:01,tcr10672,vdjdb_full_15625_ss_2_n0|vdjdb_full_15660_rs_3_n0|vdjdb_full_15684_ss_2_n0,3
vdjdb_full_15630_ss_2_n0_iptm_filtered,FLRGRAYGL_HLA-B*08:01,tcr15506,vdjdb_full_15611_rs_3_n0|vdjdb_full_15664_rs_3_n0,2
vdjdb_full_15632_ss_0_n0_iptm_filtered,FLRGRAYGL_HLA-B*08:01,tcr14562,vdjdb_full_15602_rs_2_n0,1
vdjdb_full_15632_ss_2_n0_iptm_filtered,FLRGRAYGL_HLA-B*08:01,tcr3097,vdjdb_full_15575_rs_3_n0,1
vdjdb_full_15635_ss_2_n0_iptm_filtered,FLRGRAYGL_HLA-B*08:01,tcr4339,vdjdb_full_15684_rs_2_n0,1
vdjdb_full_15636_rs_1_n0_iptm_filtered,FLRGRAYGL_HLA-B*08:01,tcr15578,vdjdb_full_15690_rs_0_n0,1
vdjdb_full_15636_ss_2_n0_iptm_filtered,FLRGRAYGL_HLA-B*08:01,tcr5086,vdjdb_full_15660_rs_4_n0,1
vdjdb_full_15637_rs_3_n0_iptm_filtered,FLRGRAYGL_HLA-B*08:01,tcr12787,vdjdb_full_15594_ss_0_n0,1
vdjdb_full_15638_rs_1_n0_iptm_filtered,FLRGRAYGL_HLA-B*08:01,tcr7201,vdjdb_full_15680_ss_2_n0,1
vdjdb_full_15642_rs_1_n0_iptm_filtered,FLRGRAYGL_HLA-B*08:01,tcr951,vdjdb_full_15653_rs_2_n0,1
vdjdb_full_15642_rs_3_n0_iptm_filtered,FLRGRAYGL_HLA-B*08:01,tcr10063,vdjdb_full_15694_rs_3_n0,1
vdjdb_full_15642_ss_1_n0_iptm_filtered,FLRGRAYGL_HLA-B*08:01,tcr1505,vdjdb_full_15633_ss_3_n0,1
vdjdb_full_15648_ss_3_n0_iptm_filtered,FLRGRAYGL_HLA-B*08:01,tcr439,vdjdb_full_15569_rs_1_n0|vdjdb_full_15622_rs_1_n0,2
vdjdb_full_15649_rs_0_n0_iptm_filtered,FLRGRAYGL_HLA-B*08:01,tcr13292,vdjdb_full_15622_ss_4_n0,1
vdjdb_full_15649_ss_0_n0_iptm_filtered,FLRGRAYGL_HLA-B*08:01,tcr14232,vdjdb_full_15617_rs_0_n0,1
vdjdb_full_15649_ss_3_n0_iptm_filtered,FLRGRAYGL_HLA-B*08:01,tcr8107,vdjdb_full_15686_ss_0_n0,1
vdjdb_full_15656_rs_0_n0_iptm_filtered,FLRGRAYGL_HLA-B*08:01,tcr18251,vdjdb_full_15680_rs_2_n0,1
vdjdb_full_15656_ss_3_n0_iptm_filtered,FLRGRAYGL_HLA-B*08:01,tcr9097,vdjdb_full_15642_ss_0_n0,1
vdjdb_full_15656_ss_4_n0_iptm_filtered,FLRGRAYGL_HLA-B*08:01,tcr12107,vdjdb_full_15630_rs_0_n0,1
vdjdb_full_15657_rs_3_n0_iptm_filtered,FLRGRAYGL_HLA-B*08:01,tcr1031,vdjdb_full_15703_rs_4_n0,1
vdjdb_full_15657_ss_3_n0_iptm_filtered,FLRGRAYGL_HLA-B*08:01,tcr4965,vdjdb_full_15700_rs_4_n0,1
vdjdb_full_15660_ss_0_n0_iptm_filtered,FLRGRAYGL_HLA-B*08:01,tcr5182,vdjdb_full_15593_ss_0_n0,1
vdjdb_full_15661_rs_3_n0_iptm_filtered,FLRGRAYGL_HLA-B*08:01,tcr5389,vdjdb_full_15692_rs_4_n0,1
vdjdb_full_15661_ss_1_n0_iptm_filtered,FLRGRAYGL_HLA-B*08:01,tcr10063,vdjdb_full_15694_rs_3_n0,1
vdjdb_full_15662_rs_0_n0_iptm_filtered,FLRGRAYGL_HLA-B*08:01,tcr16835,vdjdb_full_15625_ss_3_n0,1
vdjdb_full_15662_rs_2_n0_iptm_filtered,FLRGRAYGL_HLA-B*08:01,tcr4969,vdjdb_full_15627_ss_4_n0,1
vdjdb_full_15662_rs_4_n0_iptm_filtered,FLRGRAYGL_HLA-B*08:01,tcr17033,vdjdb_full_15630_ss_2_n0|vdjdb_full_15657_rs_2_n0,2
vdjdb_full_15662_ss_4_n0_iptm_filtered,FLRGRAYGL_HLA-B*08:01,tcr16007,vdjdb_full_15583_rs_4_n0,1
vdjdb_full_15663_rs_1_n0_iptm_filtered,FLRGRAYGL_HLA-B*08:01,tcr13292,vdjdb_full_15622_ss_4_n0,1
vdjdb_full_15663_ss_2_n0_iptm_filtered,FLRGRAYGL_HLA-B*08:01,tcr4313,vdjdb_full_15689_ss_3_n0,1
vdjdb_full_15664_rs_0_n0_iptm_filtered,FLRGRAYGL_HLA-B*08:01,tcr14303,vdjdb_full_15665_ss_4_n0,1
vdjdb_full_15664_rs_4_n0_iptm_filtered,FLRGRAYGL_HLA-B*08:01,tcr10289,vdjdb_full_15688_ss_1_n0,1
vdjdb_full_15664_ss_0_n0_iptm_filtered,FLRGRAYGL_HLA-B*08:01,tcr1681,vdjdb_full_15604_rs_2_n0,1
vdjdb_full_15665_rs_4_n0_iptm_filtered,FLRGRAYGL_HLA-B*08:01,tcr15776,vdjdb_full_15628_rs_4_n0,1
vdjdb_full_15665_ss_3_n0_iptm_filtered,FLRGRAYGL_HLA-B*08:01,tcr14536,vdjdb_full_15600_rs_3_n0,1
vdjdb_full_15666_rs_3_n0_iptm_filtered,FLRGRAYGL_HLA-B*08:01,tcr9744,vdjdb_full_15687_rs_2_n0,1
vdjdb_full_15666_rs_4_n0_iptm_filtered,FLRGRAYGL_HLA-B*08:01,tcr8785,vdjdb_full_15594_rs_2_n0,1
vdjdb_full_15666_ss_2_n0_iptm_filtered,FLRGRAYGL_HLA-B*08:01,tcr10864,vdjdb_full_15562_ss_3_n0,1
vdjdb_full_15667_ss_3_n0_iptm_filtered,FLRGRAYGL_HLA-B*08:01,tcr5021,vdjdb_full_15661_rs_2_n0,1
vdjdb_full_15667_ss_4_n0_iptm_filtered,FLRGRAYGL_HLA-B*08:01,tcr3021,vdjdb_full_15570_ss_0_n0,1
vdjdb_full_15671_rs_0_n0_iptm_filtered,FLRGRAYGL_HLA-B*08:01,tcr16835,vdjdb_full_15625_ss_3_n0,1
vdjdb_full_15671_rs_3_n0_iptm_filtered,FLRGRAYGL_HLA-B*08:01,tcr13741,vdjdb_full_15555_rs_4_n0,1
vdjdb_full_15671_rs_4_n0_iptm_filtered,FLRGRAYGL_HLA-B*08:01,tcr6264,vdjdb_full_15613_rs_3_n0,1
vdjdb_full_15674_rs_1_n0_iptm_filtered,FLRGRAYGL_HLA-B*08:01,tcr8646,vdjdb_full_15692_rs_2_n0,1
vdjdb_full_15674_ss_0_n0_iptm_filtered,FLRGRAYGL_HLA-B*08:01,tcr15983,vdjdb_full_15622_rs_3_n0,1
vdjdb_full_15674_ss_2_n0_iptm_filtered,FLRGRAYGL_HLA-B*08:01,tcr8785,vdjdb_full_15594_rs_2_n0,1
vdjdb_full_15675_ss_2_n0_iptm_filtered,FLRGRAYGL_HLA-B*08:01,tcr15647,vdjdb_full_15602_ss_2_n0,1
vdjdb_full_15675_ss_4_n0_iptm_filtered,FLRGRAYGL_HLA-B*08:01,tcr2916,vdjdb_full_15590_rs_4_n0,1
vdjdb_full_15677_rs_0_n0_iptm_filtered,FLRGRAYGL_HLA-B*08:01,tcr6053,vdjdb_full_15637_ss_1_n0,1
vdjdb_full_15679_ss_3_n0_iptm_filtered,FLRGRAYGL_HLA-B*08:01,tcr11001,vdjdb_full_15663_ss_2_n0,1
vdjdb_full_15683_rs_1_n0_iptm_filtered,FLRGRAYGL_HLA-B*08:01,tcr12995,vdjdb_full_15665_rs_3_n0,1
vdjdb_full_15683_ss_0_n0_iptm_filtered,FLRGRAYGL_HLA-B*08:01,tcr1679,vdjdb_full_15679_rs_3_n0,1
vdjdb_full_15683_ss_2_n0_iptm_filtered,FLRGRAYGL_HLA-B*08:01,tcr2709,vdjdb_full_15579_rs_2_n0,1
vdjdb_full_15684_rs_2_n0_iptm_filtered,FLRGRAYGL_HLA-B*08:01,tcr11094,vdjdb_full_15701_rs_2_n0,1
vdjdb_full_15684_rs_4_n0_iptm_filtered,FLRGRAYGL_HLA-B*08:01,tcr1007,vdjdb_full_15692_rs_0_n0,1
vdjdb_full_15686_rs_4_n0_iptm_filtered,FLRGRAYGL_HLA-B*08:01,tcr14500,vdjdb_full_15667_ss_3_n0,1
vdjdb_full_15686_ss_4_n0_iptm_filtered,FLRGRAYGL_HLA-B*08:01,tcr17712,vdjdb_full_15663_ss_3_n0,1
vdjdb_full_15687_rs_4_n0_iptm_filtered,FLRGRAYGL_HLA-B*08:01,tcr1679,vdjdb_full_15679_rs_3_n0,1
vdjdb_full_15687_ss_2_n0_iptm_filtered,FLRGRAYGL_HLA-B*08:01,tcr14774,vdjdb_full_15650_rs_0_n0,1
vdjdb_full_15687_ss_3_n0_iptm_filtered,FLRGRAYGL_HLA-B*08:01,tcr16422,vdjdb_full_15562_ss_0_n0,1
vdjdb_full_15688_rs_4_n0_iptm_filtered,FLRGRAYGL_HLA-B*08:01,tcr9998,vdjdb_full_15582_ss_1_n0,1
vdjdb_full_15688_ss_0_n0_iptm_filtered,FLRGRAYGL_HLA-B*08:01,tcr15362,vdjdb_full_15663_ss_1_n0,1
vdjdb_full_15688_ss_4_n0_iptm_filtered,FLRGRAYGL_HLA-B*08:01,tcr5182,vdjdb_full_15593_ss_0_n0,1
vdjdb_full_15690_ss_1_n0_iptm_filtered,FLRGRAYGL_HLA-B*08:01,tcr14632,vdjdb_full_15561_rs_1_n0,1
vdjdb_full_15692_rs_1_n0_iptm_filtered,FLRGRAYGL_HLA-B*08:01,tcr14394,vdjdb_full_15575_rs_2_n0,1
vdjdb_full_15692_ss_3_n0_iptm_filtered,FLRGRAYGL_HLA-B*08:01,tcr12539,vdjdb_full_15581_rs_2_n0|vdjdb_full_15585_rs_1_n0,2
vdjdb_full_15693_rs_1_n0_iptm_filtered,FLRGRAYGL_HLA-B*08:01,tcr11348,vdjdb_full_15551_rs_0_n0|vdjdb_full_15558_rs_1_n0,2
vdjdb_full_15693_ss_0_n0_iptm_filtered,FLRGRAYGL_HLA-B*08:01,tcr3486,vdjdb_full_15578_rs_2_n0,1
vdjdb_full_15694_rs_2_n0_iptm_filtered,FLRGRAYGL_HLA-B*08:01,tcr13906,vdjdb_full_15617_rs_2_n0,1
vdjdb_full_15694_ss_2_n0_iptm_filtered,FLRGRAYGL_HLA-B*08:01,tcr5021,vdjdb_full_15661_rs_2_n0,1
vdjdb_full_15696_rs_0_n0_iptm_filtered,FLRGRAYGL_HLA-B*08:01,tcr15704,vdjdb_full_15661_rs_3_n0,1
vdjdb_full_15696_rs_3_n0_iptm_filtered,FLRGRAYGL_HLA-B*08:01,tcr17235,vdjdb_full_15590_ss_4_n0,1
vdjdb_full_15698_ss_0_n0_iptm_filtered,FLRGRAYGL_HLA-B*08:01,tcr10676,vdjdb_full_15696_rs_2_n0,1
vdjdb_full_15698_ss_2_n0_iptm_filtered,FLRGRAYGL_HLA-B*08:01,tcr949,vdjdb_full_15664_rs_2_n0|vdjdb_full_15696_rs_3_n0,2
vdjdb_full_15701_ss_4_n0_iptm_filtered,FLRGRAYGL_HLA-B*08:01,tcr373,vdjdb_full_15621_rs_4_n0,1
vdjdb_full_15703_rs_2_n0_iptm_filtered,FLRGRAYGL_HLA-B*08:01,tcr6689,vdjdb_full_15625_rs_1_n0,1
vdjdb_full_15703_rs_4_n0_iptm_filtered,FLRGRAYGL_HLA-B*08:01,tcr1736,vdjdb_full_15637_rs_3_n0,1
vdjdb_full_15736_rs_3_n0_iptm_filtered,VYFLQSINF_HLA-A*24:02,tcr17628,vdjdb_full_15717_ss_4_n0|vdjdb_full_15735_ss_1_n0,2
vdjdb_full_15736_ss_0_n0_iptm_filtered,VYFLQSINF_HLA-A*24:02,tcr8326,vdjdb_full_15733_ss_4_n0,1
vdjdb_full_15738_rs_2_n0_iptm_filtered,VYFLQSINF_HLA-A*24:02,tcr12911,vdjdb_full_15727_rs_0_n0,1
vdjdb_full_15738_ss_0_n0_iptm_filtered,VYFLQSINF_HLA-A*24:02,tcr12224,vdjdb_full_15729_ss_0_n0,1
vdjdb_full_15747_ss_1_n0_iptm_filtered,STNVGSNTY_HLA-A*01:01,tcr4042,vdjdb_full_15754_rs_4_n0,1
vdjdb_full_15748_rs_1_n0_iptm_filtered,STNVGSNTY_HLA-A*01:01,tcr7554,vdjdb_full_15753_rs_4_n0,1
vdjdb_full_15748_rs_4_n0_iptm_filtered,STNVGSNTY_HLA-A*01:01,tcr3269,vdjdb_full_15744_ss_2_n0,1
vdjdb_full_15754_ss_1_n0_iptm_filtered,STNVGSNTY_HLA-A*01:01,tcr15771,vdjdb_full_15745_rs_4_n0,1
vdjdb_full_15762_rs_1_n0_iptm_filtered,RTLNAWVKV_HLA-A*02:01,tcr5741,vdjdb_full_15776_ss_2_n0,1
vdjdb_full_15762_ss_1_n0_iptm_filtered,RTLNAWVKV_HLA-A*02:01,tcr2898,vdjdb_full_15778_rs_2_n0|vdjdb_full_15792_ss_0_n0,2
vdjdb_full_15763_rs_4_n0_iptm_filtered,RTLNAWVKV_HLA-A*02:01,tcr9574,vdjdb_full_15774_ss_0_n0,1
vdjdb_full_15764_rs_0_n0_iptm_filtered,RTLNAWVKV_HLA-A*02:01,tcr13362,vdjdb_full_15793_ss_4_n0,1
vdjdb_full_15766_rs_4_n0_iptm_filtered,RTLNAWVKV_HLA-A*02:01,tcr10981,vdjdb_full_15794_ss_0_n0,1
vdjdb_full_15766_ss_1_n0_iptm_filtered,RTLNAWVKV_HLA-A*02:01,tcr619,vdjdb_full_15772_rs_2_n0,1
vdjdb_full_15780_rs_1_n0_iptm_filtered,RTLNAWVKV_HLA-A*02:01,tcr2101,vdjdb_full_15797_rs_3_n0,1
vdjdb_full_15781_rs_0_n0_iptm_filtered,RTLNAWVKV_HLA-A*02:01,tcr17586,vdjdb_full_15772_ss_3_n0,1
vdjdb_full_15781_rs_1_n0_iptm_filtered,RTLNAWVKV_HLA-A*02:01,tcr13362,vdjdb_full_15793_ss_4_n0,1
vdjdb_full_15787_rs_0_n0_iptm_filtered,RTLNAWVKV_HLA-A*02:01,tcr16297,vdjdb_full_15763_rs_1_n0,1
vdjdb_full_15787_ss_4_n0_iptm_filtered,RTLNAWVKV_HLA-A*02:01,tcr4385,vdjdb_full_15777_ss_0_n0,1
vdjdb_full_15797_rs_0_n0_iptm_filtered,RTLNAWVKV_HLA-A*02:01,tcr16530,vdjdb_full_15789_ss_3_n0,1
vdjdb_full_157_ss_2_n0_iptm_filtered,KLGGALQAK_HLA-A*03:01,tcr15877,vdjdb_full_1825_rs_0_n0,1
vdjdb_full_15803_rs_3_n0_iptm_filtered,ALGIGILTV_HLA-A*02:01,tcr14909,vdjdb_full_15809_ss_3_n0,1
vdjdb_full_15812_ss_1_n0_iptm_filtered,ALGIGILTV_HLA-A*02:01,tcr15798,vdjdb_full_15811_ss_1_n0,1
vdjdb_full_15813_rs_1_n0_iptm_filtered,ALGIGILTV_HLA-A*02:01,tcr4389,vdjdb_full_15811_rs_3_n0,1
vdjdb_full_15817_ss_0_n0_iptm_filtered,ALGIGILTV_HLA-A*02:01,tcr14536,vdjdb_full_15802_ss_0_n0,1
vdjdb_full_15829_ss_3_n0_iptm_filtered,ALGIGILTV_HLA-A*02:01,tcr9664,vdjdb_full_15807_rs_4_n0,1
vdjdb_full_1587_ss_2_n0_iptm_filtered,KLGGALQAK_HLA-A*03:01,tcr12430,vdjdb_full_141_ss_1_n0,1
vdjdb_full_16621_rs_1_n0_iptm_filtered,QYIKWPWYI_HLA-A*24:02,tcr11940,vdjdb_full_16650_rs_4_n0|vdjdb_full_16663_ss_2_n0,2
vdjdb_full_16623_rs_1_n0_iptm_filtered,QYIKWPWYI_HLA-A*24:02,tcr8114,vdjdb_full_16648_ss_4_n0,1
vdjdb_full_16628_rs_3_n0_iptm_filtered,QYIKWPWYI_HLA-A*24:02,tcr10588,vdjdb_full_16658_ss_2_n0,1
vdjdb_full_16648_ss_3_n0_iptm_filtered,QYIKWPWYI_HLA-A*24:02,tcr11634,vdjdb_full_16656_rs_2_n0,1
vdjdb_full_16648_ss_4_n0_iptm_filtered,QYIKWPWYI_HLA-A*24:02,tcr6410,vdjdb_full_16637_ss_4_n0,1
vdjdb_full_16650_rs_1_n0_iptm_filtered,QYIKWPWYI_HLA-A*24:02,tcr9107,vdjdb_full_16645_rs_3_n0,1
vdjdb_full_16650_rs_2_n0_iptm_filtered,QYIKWPWYI_HLA-A*24:02,tcr14376,vdjdb_full_16639_ss_2_n0|vdjdb_full_16643_ss_3_n0,2
vdjdb_full_16656_rs_4_n0_iptm_filtered,QYIKWPWYI_HLA-A*24:02,tcr11114,vdjdb_full_16641_ss_3_n0,1
vdjdb_full_16659_rs_1_n0_iptm_filtered,QYIKWPWYI_HLA-A*24:02,tcr14960,vdjdb_full_16640_ss_4_n0,1
vdjdb_full_16674_ss_0_n0_iptm_filtered,VMNILLQYV_HLA-A*02:01,tcr8912,vdjdb_full_16681_ss_4_n0,1
vdjdb_full_16677_rs_2_n0_iptm_filtered,VMNILLQYV_HLA-A*02:01,tcr10681,vdjdb_full_16674_ss_0_n0,1
vdjdb_full_16677_ss_4_n0_iptm_filtered,VMNILLQYV_HLA-A*02:01,tcr18271,vdjdb_full_16672_ss_1_n0,1
vdjdb_full_16693_rs_3_n0_iptm_filtered,VAANIVLTV_HLA-A*02:01,tcr10871,vdjdb_full_16695_ss_4_n0,1
vdjdb_full_16696_rs_1_n0_iptm_filtered,VAANIVLTV_HLA-A*02:01,tcr8665,vdjdb_full_16705_ss_0_n0,1
vdjdb_full_16696_rs_4_n0_iptm_filtered,VAANIVLTV_HLA-A*02:01,tcr14562,vdjdb_full_16687_ss_0_n0,1
vdjdb_full_16697_ss_1_n0_iptm_filtered,VAANIVLTV_HLA-A*02:01,tcr16935,vdjdb_full_16689_ss_0_n0,1
vdjdb_full_16704_ss_3_n0_iptm_filtered,VAANIVLTV_HLA-A*02:01,tcr18197,vdjdb_full_16699_ss_1_n0,1
vdjdb_full_16705_rs_0_n0_iptm_filtered,VAANIVLTV_HLA-A*02:01,tcr6852,vdjdb_full_16702_rs_2_n0,1
vdjdb_full_16705_ss_2_n0_iptm_filtered,VAANIVLTV_HLA-A*02:01,tcr7172,vdjdb_full_16695_rs_3_n0,1
vdjdb_full_16730_ss_3_n0_iptm_filtered,YLLEMLWRL_HLA-A*02:01,tcr13927,vdjdb_full_16757_rs_2_n0,1
vdjdb_full_16736_ss_0_n0_iptm_filtered,YLLEMLWRL_HLA-A*02:01,tcr11114,vdjdb_full_16726_rs_1_n0,1
vdjdb_full_16751_ss_0_n0_iptm_filtered,YLLEMLWRL_HLA-A*02:01,tcr14582,vdjdb_full_16721_ss_1_n0,1
vdjdb_full_16754_rs_2_n0_iptm_filtered,YLLEMLWRL_HLA-A*02:01,tcr14763,vdjdb_full_16727_rs_4_n0,1
vdjdb_full_16757_ss_2_n0_iptm_filtered,YLLEMLWRL_HLA-A*02:01,tcr4114,vdjdb_full_16732_ss_2_n0|vdjdb_full_16754_ss_1_n0,2
vdjdb_full_16765_ss_2_n0_iptm_filtered,RLPGVLPRA_HLA-A*02:01,tcr949,vdjdb_full_16773_rs_4_n0|vdjdb_full_16799_rs_3_n0,2
vdjdb_full_16767_rs_0_n0_iptm_filtered,RLPGVLPRA_HLA-A*02:01,tcr5793,vdjdb_full_16767_rs_2_n0|vdjdb_full_16792_ss_4_n0,2
vdjdb_full_16767_ss_0_n0_iptm_filtered,RLPGVLPRA_HLA-A*02:01,tcr6726,vdjdb_full_16771_rs_0_n0,1
vdjdb_full_16768_ss_0_n0_iptm_filtered,RLPGVLPRA_HLA-A*02:01,tcr2891,vdjdb_full_16765_ss_1_n0,1
vdjdb_full_16768_ss_2_n0_iptm_filtered,RLPGVLPRA_HLA-A*02:01,tcr8963,vdjdb_full_16785_ss_1_n0,1
vdjdb_full_16769_rs_3_n0_iptm_filtered,RLPGVLPRA_HLA-A*02:01,tcr2541,vdjdb_full_16804_ss_0_n0,1
vdjdb_full_16769_ss_4_n0_iptm_filtered,RLPGVLPRA_HLA-A*02:01,tcr8569,vdjdb_full_16767_rs_0_n0,1
vdjdb_full_16778_ss_4_n0_iptm_filtered,RLPGVLPRA_HLA-A*02:01,tcr12208,vdjdb_full_16795_ss_2_n0,1
vdjdb_full_16780_rs_2_n0_iptm_filtered,RLPGVLPRA_HLA-A*02:01,tcr5307,vdjdb_full_16791_ss_4_n0,1
vdjdb_full_16780_ss_2_n0_iptm_filtered,RLPGVLPRA_HLA-A*02:01,tcr8963,vdjdb_full_16785_ss_1_n0,1
vdjdb_full_16784_ss_4_n0_iptm_filtered,RLPGVLPRA_HLA-A*02:01,tcr5793,vdjdb_full_16767_rs_2_n0|vdjdb_full_16792_ss_4_n0,2
vdjdb_full_16795_rs_0_n0_iptm_filtered,RLPGVLPRA_HLA-A*02:01,tcr6469,vdjdb_full_16795_rs_0_n0,1
vdjdb_full_16795_rs_1_n0_iptm_filtered,RLPGVLPRA_HLA-A*02:01,tcr4378,vdjdb_full_16777_ss_0_n0,1
vdjdb_full_16795_rs_2_n0_iptm_filtered,RLPGVLPRA_HLA-A*02:01,tcr2850,vdjdb_full_16789_ss_1_n0,1
vdjdb_full_16798_rs_1_n0_iptm_filtered,RLPGVLPRA_HLA-A*02:01,tcr4370,vdjdb_full_16793_rs_1_n0,1
vdjdb_full_16853_ss_2_n0_iptm_filtered,MEVTPSGTWL_HLA-B*40:01,tcr597,vdjdb_full_16852_rs_4_n0,1
vdjdb_full_16857_ss_1_n0_iptm_filtered,MEVTPSGTWL_HLA-B*40:01,tcr439,vdjdb_full_16885_rs_0_n0,1
vdjdb_full_16870_rs_3_n0_iptm_filtered,MEVTPSGTWL_HLA-B*40:01,tcr11811,vdjdb_full_16854_rs_0_n0,1
vdjdb_full_16872_ss_3_n0_iptm_filtered,MEVTPSGTWL_HLA-B*40:01,tcr16762,vdjdb_full_16855_ss_3_n0,1
vdjdb_full_16875_rs_3_n0_iptm_filtered,MEVTPSGTWL_HLA-B*40:01,tcr6402,vdjdb_full_16878_rs_1_n0,1
vdjdb_full_16875_rs_4_n0_iptm_filtered,MEVTPSGTWL_HLA-B*40:01,tcr7063,vdjdb_full_16883_rs_3_n0,1
vdjdb_full_16875_ss_0_n0_iptm_filtered,MEVTPSGTWL_HLA-B*40:01,tcr16460,vdjdb_full_16865_ss_0_n0,1
vdjdb_full_16877_rs_0_n0_iptm_filtered,MEVTPSGTWL_HLA-B*40:01,tcr6231,vdjdb_full_16868_ss_0_n0,1
vdjdb_full_16877_rs_2_n0_iptm_filtered,MEVTPSGTWL_HLA-B*40:01,tcr7172,vdjdb_full_16876_ss_4_n0,1
vdjdb_full_16877_rs_4_n0_iptm_filtered,MEVTPSGTWL_HLA-B*40:01,tcr18352,vdjdb_full_16860_rs_0_n0,1
vdjdb_full_16878_ss_2_n0_iptm_filtered,MEVTPSGTWL_HLA-B*40:01,tcr17866,vdjdb_full_16872_ss_2_n0,1
vdjdb_full_16883_ss_0_n0_iptm_filtered,MEVTPSGTWL_HLA-B*40:01,tcr3155,vdjdb_full_16877_ss_3_n0,1
vdjdb_full_16885_rs_2_n0_iptm_filtered,MEVTPSGTWL_HLA-B*40:01,tcr4796,vdjdb_full_16863_ss_4_n0,1
vdjdb_full_16885_rs_3_n0_iptm_filtered,MEVTPSGTWL_HLA-B*40:01,tcr1147,vdjdb_full_16852_rs_2_n0,1
vdjdb_full_16886_rs_0_n0_iptm_filtered,MEVTPSGTWL_HLA-B*40:01,tcr18110,vdjdb_full_16871_ss_0_n0,1
vdjdb_full_16886_ss_0_n0_iptm_filtered,MEVTPSGTWL_HLA-B*40:01,tcr1666,vdjdb_full_16891_rs_0_n0,1
vdjdb_full_16888_rs_4_n0_iptm_filtered,MEVTPSGTWL_HLA-B*40:01,tcr7832,vdjdb_full_16877_rs_3_n0,1
vdjdb_full_16888_ss_0_n0_iptm_filtered,MEVTPSGTWL_HLA-B*40:01,tcr9437,vdjdb_full_16854_rs_2_n0|vdjdb_full_16885_ss_0_n0,2
vdjdb_full_16888_ss_4_n0_iptm_filtered,MEVTPSGTWL_HLA-B*40:01,tcr14190,vdjdb_full_16867_rs_4_n0|vdjdb_full_16892_ss_0_n0,2
vdjdb_full_16904_rs_0_n0_iptm_filtered,RTATKAYNV_HLA-A*02:01,tcr10273,vdjdb_full_16916_rs_2_n0,1
vdjdb_full_16904_ss_2_n0_iptm_filtered,RTATKAYNV_HLA-A*02:01,tcr13362,vdjdb_full_16932_ss_4_n0,1
vdjdb_full_16916_rs_0_n0_iptm_filtered,RTATKAYNV_HLA-A*02:01,tcr9327,vdjdb_full_16904_ss_0_n0,1
vdjdb_full_16919_rs_4_n0_iptm_filtered,RTATKAYNV_HLA-A*02:01,tcr18340,vdjdb_full_16944_ss_1_n0,1
vdjdb_full_16919_ss_4_n0_iptm_filtered,RTATKAYNV_HLA-A*02:01,tcr11792,vdjdb_full_16941_rs_0_n0,1
vdjdb_full_16922_rs_0_n0_iptm_filtered,RTATKAYNV_HLA-A*02:01,tcr4024,vdjdb_full_16936_ss_2_n0,1
vdjdb_full_16923_ss_4_n0_iptm_filtered,RTATKAYNV_HLA-A*02:01,tcr4819,vdjdb_full_16942_ss_0_n0,1
vdjdb_full_16927_rs_2_n0_iptm_filtered,RTATKAYNV_HLA-A*02:01,tcr7424,vdjdb_full_16907_ss_4_n0,1
vdjdb_full_16931_rs_4_n0_iptm_filtered,RTATKAYNV_HLA-A*02:01,tcr9327,vdjdb_full_16904_ss_0_n0,1
vdjdb_full_16931_ss_4_n0_iptm_filtered,RTATKAYNV_HLA-A*02:01,tcr11422,vdjdb_full_16898_rs_3_n0,1
vdjdb_full_16932_rs_4_n0_iptm_filtered,RTATKAYNV_HLA-A*02:01,tcr2380,vdjdb_full_16905_ss_3_n0,1
vdjdb_full_16932_ss_0_n0_iptm_filtered,RTATKAYNV_HLA-A*02:01,tcr4393,vdjdb_full_16923_rs_1_n0,1
vdjdb_full_16933_ss_2_n0_iptm_filtered,RTATKAYNV_HLA-A*02:01,tcr13362,vdjdb_full_16932_ss_4_n0,1
vdjdb_full_16933_ss_4_n0_iptm_filtered,RTATKAYNV_HLA-A*02:01,tcr15487,vdjdb_full_16913_ss_3_n0,1
vdjdb_full_16934_rs_1_n0_iptm_filtered,RTATKAYNV_HLA-A*02:01,tcr18340,vdjdb_full_16944_ss_1_n0,1
vdjdb_full_16934_rs_4_n0_iptm_filtered,RTATKAYNV_HLA-A*02:01,tcr12860,vdjdb_full_16898_ss_4_n0,1
vdjdb_full_16934_ss_2_n0_iptm_filtered,RTATKAYNV_HLA-A*02:01,tcr4629,vdjdb_full_16907_rs_2_n0,1
vdjdb_full_16938_rs_0_n0_iptm_filtered,RTATKAYNV_HLA-A*02:01,tcr16714,vdjdb_full_16902_ss_4_n0,1
vdjdb_full_16938_ss_1_n0_iptm_filtered,RTATKAYNV_HLA-A*02:01,tcr8324,vdjdb_full_16928_ss_0_n0,1
vdjdb_full_16941_rs_0_n0_iptm_filtered,RTATKAYNV_HLA-A*02:01,tcr123,vdjdb_full_16904_rs_3_n0,1
vdjdb_full_16941_rs_2_n0_iptm_filtered,RTATKAYNV_HLA-A*02:01,tcr3970,vdjdb_full_16939_rs_4_n0,1
vdjdb_full_16941_ss_3_n0_iptm_filtered,RTATKAYNV_HLA-A*02:01,tcr5203,vdjdb_full_16903_rs_0_n0|vdjdb_full_16926_ss_0_n0,2
vdjdb_full_16955_rs_1_n0_iptm_filtered,NYNYLYRLF_HLA-A*24:02,tcr13308,vdjdb_full_16972_ss_2_n0,1
vdjdb_full_16958_rs_2_n0_iptm_filtered,NYNYLYRLF_HLA-A*24:02,tcr3148,vdjdb_full_16971_rs_4_n0,1
vdjdb_full_16958_ss_1_n0_iptm_filtered,NYNYLYRLF_HLA-A*24:02,tcr475,vdjdb_full_16991_ss_0_n0,1
vdjdb_full_16960_ss_2_n0_iptm_filtered,NYNYLYRLF_HLA-A*24:02,tcr1179,vdjdb_full_16981_ss_0_n0,1
vdjdb_full_16961_rs_1_n0_iptm_filtered,NYNYLYRLF_HLA-A*24:02,tcr7381,vdjdb_full_16955_ss_3_n0,1
vdjdb_full_16967_rs_4_n0_iptm_filtered,NYNYLYRLF_HLA-A*24:02,tcr17280,vdjdb_full_16960_ss_4_n0,1
vdjdb_full_16970_rs_1_n0_iptm_filtered,NYNYLYRLF_HLA-A*24:02,tcr1886,vdjdb_full_16962_rs_3_n0,1
vdjdb_full_16970_ss_4_n0_iptm_filtered,NYNYLYRLF_HLA-A*24:02,tcr667,vdjdb_full_16959_ss_2_n0,1
vdjdb_full_16974_rs_3_n0_iptm_filtered,NYNYLYRLF_HLA-A*24:02,tcr8949,vdjdb_full_16988_ss_0_n0|vdjdb_full_16995_ss_0_n0,2
vdjdb_full_16976_ss_3_n0_iptm_filtered,NYNYLYRLF_HLA-A*24:02,tcr2055,vdjdb_full_16960_ss_2_n0|vdjdb_full_16991_ss_4_n0,2
vdjdb_full_16978_rs_1_n0_iptm_filtered,NYNYLYRLF_HLA-A*24:02,tcr15668,vdjdb_full_16982_rs_4_n0,1
vdjdb_full_16987_ss_1_n0_iptm_filtered,NYNYLYRLF_HLA-A*24:02,tcr4271,vdjdb_full_16984_ss_3_n0,1
vdjdb_full_16993_ss_2_n0_iptm_filtered,NYNYLYRLF_HLA-A*24:02,tcr1179,vdjdb_full_16981_ss_0_n0,1
vdjdb_full_17026_ss_2_n0_iptm_filtered,LLYDANYFL_HLA-A*02:01,tcr764,vdjdb_full_17051_ss_4_n0,1
vdjdb_full_17027_ss_4_n0_iptm_filtered,LLYDANYFL_HLA-A*02:01,tcr11491,vdjdb_full_17032_ss_3_n0,1
vdjdb_full_17030_rs_3_n0_iptm_filtered,LLYDANYFL_HLA-A*02:01,tcr476,vdjdb_full_17043_rs_1_n0,1
vdjdb_full_17033_rs_4_n0_iptm_filtered,LLYDANYFL_HLA-A*02:01,tcr6780,vdjdb_full_17041_rs_0_n0,1
vdjdb_full_17035_rs_2_n0_iptm_filtered,LLYDANYFL_HLA-A*02:01,tcr17712,vdjdb_full_17044_rs_2_n0,1
vdjdb_full_17037_ss_2_n0_iptm_filtered,LLYDANYFL_HLA-A*02:01,tcr5839,vdjdb_full_17024_ss_1_n0,1
vdjdb_full_17037_ss_4_n0_iptm_filtered,LLYDANYFL_HLA-A*02:01,tcr5286,vdjdb_full_17051_ss_3_n0,1
vdjdb_full_17046_ss_4_n0_iptm_filtered,LLYDANYFL_HLA-A*02:01,tcr16291,vdjdb_full_17040_ss_3_n0,1
vdjdb_full_17050_rs_3_n0_iptm_filtered,LLYDANYFL_HLA-A*02:01,tcr2626,vdjdb_full_17026_rs_1_n0,1
vdjdb_full_17054_ss_4_n0_iptm_filtered,LLYDANYFL_HLA-A*02:01,tcr14775,vdjdb_full_17048_rs_2_n0,1
vdjdb_full_17055_ss_3_n0_iptm_filtered,LLYDANYFL_HLA-A*02:01,tcr4978,vdjdb_full_17029_rs_3_n0,1
vdjdb_full_17114_rs_2_n0_iptm_filtered,HSNLNDATY_HLA-A*01:01,tcr16762,vdjdb_full_17117_ss_4_n0,1
vdjdb_full_17119_rs_0_n0_iptm_filtered,HSNLNDATY_HLA-A*01:01,tcr12480,vdjdb_full_17124_ss_1_n0,1
vdjdb_full_17119_rs_3_n0_iptm_filtered,HSNLNDATY_HLA-A*01:01,tcr14153,vdjdb_full_17128_ss_0_n0,1
vdjdb_full_17132_rs_3_n0_iptm_filtered,HSNLNDATY_HLA-A*01:01,tcr16097,vdjdb_full_17118_ss_3_n0,1
vdjdb_full_17160_ss_4_n0_iptm_filtered,KTWGQYWQV_HLA-A*02:01,tcr2513,vdjdb_full_17173_ss_4_n0,1
vdjdb_full_17162_rs_0_n0_iptm_filtered,KTWGQYWQV_HLA-A*02:01,tcr7963,vdjdb_full_17165_ss_2_n0,1
vdjdb_full_17162_ss_4_n0_iptm_filtered,KTWGQYWQV_HLA-A*02:01,tcr12107,vdjdb_full_17161_ss_4_n0,1
vdjdb_full_17174_rs_1_n0_iptm_filtered,ALSKGVHFV_HLA-A*02:01,tcr10335,vdjdb_full_17175_rs_2_n0,1
vdjdb_full_17178_rs_2_n0_iptm_filtered,ALSKGVHFV_HLA-A*02:01,tcr16125,vdjdb_full_17181_ss_0_n0,1
vdjdb_full_17178_ss_3_n0_iptm_filtered,ALSKGVHFV_HLA-A*02:01,tcr12191,vdjdb_full_17191_rs_4_n0,1
vdjdb_full_17191_ss_0_n0_iptm_filtered,ALSKGVHFV_HLA-A*02:01,tcr230,vdjdb_full_17177_rs_0_n0,1
vdjdb_full_17200_rs_4_n0_iptm_filtered,VVTGVLVYL_HLA-A*02:01,tcr6428,vdjdb_full_17212_ss_0_n0,1
vdjdb_full_17200_ss_2_n0_iptm_filtered,VVTGVLVYL_HLA-A*02:01,tcr5800,vdjdb_full_17213_ss_0_n0,1
vdjdb_full_17200_ss_4_n0_iptm_filtered,VVTGVLVYL_HLA-A*02:01,tcr12660,vdjdb_full_17211_ss_3_n0,1
vdjdb_full_17202_rs_0_n0_iptm_filtered,VVTGVLVYL_HLA-A*02:01,tcr10438,vdjdb_full_17212_rs_4_n0,1
vdjdb_full_17205_rs_3_n0_iptm_filtered,VVTGVLVYL_HLA-A*02:01,tcr17869,vdjdb_full_17200_ss_1_n0,1
vdjdb_full_17205_ss_2_n0_iptm_filtered,VVTGVLVYL_HLA-A*02:01,tcr244,vdjdb_full_17201_rs_2_n0,1
vdjdb_full_17260_rs_2_n0_iptm_filtered,YAKWKLCSA_HLA-B*08:01,tcr3657,vdjdb_full_17273_ss_2_n0,1
vdjdb_full_17260_rs_3_n0_iptm_filtered,YAKWKLCSA_HLA-B*08:01,tcr8090,vdjdb_full_17272_ss_4_n0,1
vdjdb_full_17264_rs_4_n0_iptm_filtered,YAKWKLCSA_HLA-B*08:01,tcr9515,vdjdb_full_17260_rs_2_n0,1
vdjdb_full_17264_ss_3_n0_iptm_filtered,YAKWKLCSA_HLA-B*08:01,tcr1973,vdjdb_full_17274_rs_4_n0,1
vdjdb_full_17270_rs_4_n0_iptm_filtered,YAKWKLCSA_HLA-B*08:01,tcr14709,vdjdb_full_17269_rs_0_n0,1
vdjdb_full_17272_rs_3_n0_iptm_filtered,YAKWKLCSA_HLA-B*08:01,tcr8763,vdjdb_full_17269_ss_2_n0,1
vdjdb_full_17282_rs_1_n0_iptm_filtered,KLSALGINAV_HLA-A*02:01,tcr2641,vdjdb_full_17302_rs_1_n0,1
vdjdb_full_17282_ss_3_n0_iptm_filtered,KLSALGINAV_HLA-A*02:01,tcr10733,vdjdb_full_17298_rs_3_n0,1
vdjdb_full_17292_ss_4_n0_iptm_filtered,KLSALGINAV_HLA-A*02:01,tcr12902,vdjdb_full_17300_rs_4_n0,1
vdjdb_full_17298_ss_0_n0_iptm_filtered,KLSALGINAV_HLA-A*02:01,tcr9107,vdjdb_full_17284_rs_4_n0,1
vdjdb_full_17299_rs_2_n0_iptm_filtered,KLSALGINAV_HLA-A*02:01,tcr15159,vdjdb_full_17298_ss_3_n0,1
vdjdb_full_17299_ss_4_n0_iptm_filtered,KLSALGINAV_HLA-A*02:01,tcr985,vdjdb_full_17296_ss_3_n0,1
vdjdb_full_17317_ss_2_n0_iptm_filtered,KSVNITFEL_HLA-A*02:01,tcr18411,vdjdb_full_17318_ss_3_n0,1
vdjdb_full_17338_rs_3_n0_iptm_filtered,RVAGDSGFAAY_HLA-B*15:01,tcr1530,vdjdb_full_17326_rs_1_n0,1
vdjdb_full_17349_ss_1_n0_iptm_filtered,RPIIRPATL_HLA-B*07:02,tcr15218,vdjdb_full_17365_rs_4_n0,1
vdjdb_full_17352_ss_3_n0_iptm_filtered,RPIIRPATL_HLA-B*07:02,tcr2683,vdjdb_full_17381_ss_4_n0,1
vdjdb_full_17353_rs_2_n0_iptm_filtered,RPIIRPATL_HLA-B*07:02,tcr17337,vdjdb_full_17380_rs_1_n0,1
vdjdb_full_17354_ss_4_n0_iptm_filtered,RPIIRPATL_HLA-B*07:02,tcr12683,vdjdb_full_17359_ss_3_n0,1
vdjdb_full_17355_ss_1_n0_iptm_filtered,RPIIRPATL_HLA-B*07:02,tcr16055,vdjdb_full_17380_ss_2_n0,1
vdjdb_full_17356_ss_3_n0_iptm_filtered,RPIIRPATL_HLA-B*07:02,tcr14723,vdjdb_full_17357_ss_4_n0,1
vdjdb_full_17359_ss_4_n0_iptm_filtered,RPIIRPATL_HLA-B*07:02,tcr11556,vdjdb_full_17350_rs_3_n0,1
vdjdb_full_17360_rs_2_n0_iptm_filtered,RPIIRPATL_HLA-B*07:02,tcr5631,vdjdb_full_17377_ss_3_n0,1
vdjdb_full_17369_ss_0_n0_iptm_filtered,RPIIRPATL_HLA-B*07:02,tcr2436,vdjdb_full_17360_ss_3_n0,1
vdjdb_full_17372_rs_0_n0_iptm_filtered,RPIIRPATL_HLA-B*07:02,tcr16320,vdjdb_full_17357_ss_0_n0,1
vdjdb_full_17372_ss_1_n0_iptm_filtered,RPIIRPATL_HLA-B*07:02,tcr10669,vdjdb_full_17363_rs_4_n0,1
vdjdb_full_17373_rs_2_n0_iptm_filtered,RPIIRPATL_HLA-B*07:02,tcr4418,vdjdb_full_17375_rs_3_n0,1
vdjdb_full_17377_ss_4_n0_iptm_filtered,RPIIRPATL_HLA-B*07:02,tcr11553,vdjdb_full_17381_ss_2_n0,1
vdjdb_full_17379_rs_0_n0_iptm_filtered,RPIIRPATL_HLA-B*07:02,tcr15877,vdjdb_full_17351_rs_4_n0,1
vdjdb_full_17380_rs_1_n0_iptm_filtered,RPIIRPATL_HLA-B*07:02,tcr15346,vdjdb_full_17350_ss_4_n0,1
vdjdb_full_17380_ss_2_n0_iptm_filtered,RPIIRPATL_HLA-B*07:02,tcr985,vdjdb_full_17351_ss_0_n0,1
vdjdb_full_17391_rs_1_n0_iptm_filtered,RGPGRAFVTI_HLA-A*02:01,tcr18258,vdjdb_full_17392_rs_1_n0,1
vdjdb_full_17391_ss_2_n0_iptm_filtered,RGPGRAFVTI_HLA-A*02:01,tcr15699,vdjdb_full_17404_ss_2_n0,1
vdjdb_full_17395_ss_2_n0_iptm_filtered,RGPGRAFVTI_HLA-A*02:01,tcr15487,vdjdb_full_17393_rs_3_n0,1
vdjdb_full_17395_ss_4_n0_iptm_filtered,RGPGRAFVTI_HLA-A*02:01,tcr3759,vdjdb_full_17398_rs_2_n0,1
vdjdb_full_17398_rs_4_n0_iptm_filtered,RGPGRAFVTI_HLA-A*02:01,tcr6924,vdjdb_full_17393_ss_1_n0,1
vdjdb_full_17401_ss_3_n0_iptm_filtered,RGPGRAFVTI_HLA-A*02:01,tcr17902,vdjdb_full_17408_ss_1_n0,1
vdjdb_full_17404_rs_3_n0_iptm_filtered,RGPGRAFVTI_HLA-A*02:01,tcr11415,vdjdb_full_17409_ss_2_n0,1
vdjdb_full_17406_ss_2_n0_iptm_filtered,RGPGRAFVTI_HLA-A*02:01,tcr16511,vdjdb_full_17414_ss_1_n0,1
vdjdb_full_17408_rs_2_n0_iptm_filtered,RGPGRAFVTI_HLA-A*02:01,tcr12372,vdjdb_full_17409_rs_1_n0,1
vdjdb_full_17408_rs_4_n0_iptm_filtered,RGPGRAFVTI_HLA-A*02:01,tcr4762,vdjdb_full_17397_rs_0_n0,1
vdjdb_full_17414_ss_0_n0_iptm_filtered,RGPGRAFVTI_HLA-A*02:01,tcr11864,vdjdb_full_17393_ss_2_n0|vdjdb_full_17414_ss_3_n0,2
vdjdb_full_17414_ss_2_n0_iptm_filtered,RGPGRAFVTI_HLA-A*02:01,tcr14766,vdjdb_full_17401_rs_4_n0,1
vdjdb_full_17459_rs_3_n0_iptm_filtered,LTSLTILQLY_HLA-A*01:01,tcr2243,vdjdb_full_17461_rs_3_n0,1
vdjdb_full_17459_rs_4_n0_iptm_filtered,LTSLTILQLY_HLA-A*01:01,tcr13912,vdjdb_full_17462_rs_0_n0,1
vdjdb_full_17459_ss_1_n0_iptm_filtered,LTSLTILQLY_HLA-A*01:01,tcr11415,vdjdb_full_17470_rs_4_n0,1
vdjdb_full_17465_rs_0_n0_iptm_filtered,LTSLTILQLY_HLA-A*01:01,tcr5186,vdjdb_full_17462_ss_1_n0,1
vdjdb_full_17465_ss_3_n0_iptm_filtered,LTSLTILQLY_HLA-A*01:01,tcr874,vdjdb_full_17469_ss_2_n0,1
vdjdb_full_17525_ss_3_n0_iptm_filtered,RLWGTWVKA_HLA-A*02:01,tcr16530,vdjdb_full_17526_ss_3_n0,1
vdjdb_full_17531_rs_1_n0_iptm_filtered,RLWGTWVKA_HLA-A*02:01,tcr12601,vdjdb_full_17533_ss_1_n0,1
vdjdb_full_17685_rs_1_n0_iptm_filtered,ALWALPHAA_HLA-A*02:01,tcr14402,vdjdb_full_17683_ss_4_n0,1
vdjdb_full_17712_rs_2_n0_iptm_filtered,TLWCSPIKV_HLA-A*02:01,tcr8785,vdjdb_full_17713_ss_3_n0,1
vdjdb_full_17835_rs_3_n0_iptm_filtered,TPSVSSSISSL_HLA-B*07:02,tcr16620,vdjdb_full_17839_rs_0_n0,1
vdjdb_full_17857_rs_3_n0_iptm_filtered,RLLPLLALL_HLA-A*02:01,tcr15524,vdjdb_full_17868_ss_2_n0,1
vdjdb_full_17861_ss_2_n0_iptm_filtered,RLLPLLALL_HLA-A*02:01,tcr13722,vdjdb_full_17858_ss_0_n0,1
vdjdb_full_17864_ss_1_n0_iptm_filtered,RLLPLLALL_HLA-A*02:01,tcr5828,vdjdb_full_17861_ss_3_n0,1
vdjdb_full_17940_ss_4_n0_iptm_filtered,YSEHPTFTSQY_HLA-A*01:01,tcr7438,vdjdb_full_17939_ss_0_n0,1
vdjdb_full_17941_rs_2_n0_iptm_filtered,YSEHPTFTSQY_HLA-A*01:01,tcr6415,vdjdb_full_17938_ss_1_n0,1
vdjdb_full_17964_rs_3_n0_iptm_filtered,EPLPQGQLTAY_HLA-B*35:01,tcr7163,vdjdb_full_17969_rs_1_n0,1
vdjdb_full_17965_ss_0_n0_iptm_filtered,EPLPQGQLTAY_HLA-B*35:01,tcr7478,vdjdb_full_17968_rs_0_n0,1
vdjdb_full_18070_rs_2_n0_iptm_filtered,CYTWNQMNL_HLA-A*24:02,tcr15232,vdjdb_full_18078_ss_1_n0,1
vdjdb_full_18077_rs_2_n0_iptm_filtered,CYTWNQMNL_HLA-A*24:02,tcr12925,vdjdb_full_18070_ss_1_n0,1
vdjdb_full_18078_ss_3_n0_iptm_filtered,CYTWNQMNL_HLA-A*24:02,tcr4004,vdjdb_full_18076_rs_3_n0,1
vdjdb_full_18154_rs_3_n0_iptm_filtered,MLDLQPETT_HLA-A*02:01,tcr5828,vdjdb_full_18161_ss_1_n0,1
vdjdb_full_18196_rs_2_n0_iptm_filtered,GQAQGIGSSVY_HLA-B*15:01,tcr10590,vdjdb_full_18202_ss_2_n0,1
vdjdb_full_18196_rs_4_n0_iptm_filtered,GQAQGIGSSVY_HLA-B*15:01,tcr3509,vdjdb_full_18201_ss_4_n0,1
vdjdb_full_18206_rs_3_n0_iptm_filtered,GQAQGIGSSVY_HLA-B*15:01,tcr16823,vdjdb_full_18205_ss_0_n0,1
vdjdb_full_18302_ss_0_n0_iptm_filtered,RPHERNGFTV_HLA-B*07:02,tcr16398,vdjdb_full_18309_ss_4_n0,1
vdjdb_full_18_rs_2_n0_iptm_filtered,QAKWRLQTL_HLA-B*08:01,tcr5644,vdjdb_full_13_rs_3_n0,1
vdjdb_full_18_ss_1_n0_iptm_filtered,QAKWRLQTL_HLA-B*08:01,tcr17908,vdjdb_full_20_rs_2_n0,1
vdjdb_full_1_ss_3_n0_iptm_filtered,QAKWRLQTL_HLA-B*08:01,tcr3335,vdjdb_full_13_rs_0_n0,1
vdjdb_full_1_ss_4_n0_iptm_filtered,QAKWRLQTL_HLA-B*08:01,tcr3491,vdjdb_full_27_rs_0_n0,1
vdjdb_full_2069_rs_3_n0_iptm_filtered,GLCTLVAML_HLA-A*02:01,tcr18221,vdjdb_full_2235_rs_1_n0,1
vdjdb_full_2069_ss_3_n0_iptm_filtered,GLCTLVAML_HLA-A*02:01,tcr15147,vdjdb_full_2072_ss_2_n0,1
vdjdb_full_2072_rs_2_n0_iptm_filtered,GLCTLVAML_HLA-A*02:01,tcr3044,vdjdb_full_2372_rs_1_n0|vdjdb_full_2387_rs_3_n0,2
vdjdb_full_2073_rs_1_n0_iptm_filtered,GLCTLVAML_HLA-A*02:01,tcr9367,vdjdb_full_2141_ss_3_n0,1
vdjdb_full_2073_rs_2_n0_iptm_filtered,GLCTLVAML_HLA-A*02:01,tcr9979,vdjdb_full_2085_rs_3_n0,1
vdjdb_full_2073_ss_0_n0_iptm_filtered,GLCTLVAML_HLA-A*02:01,tcr7699,vdjdb_full_2142_ss_0_n0,1
vdjdb_full_2074_ss_3_n0_iptm_filtered,GLCTLVAML_HLA-A*02:01,tcr5722,vdjdb_full_2199_rs_4_n0,1
vdjdb_full_2081_ss_0_n0_iptm_filtered,GLCTLVAML_HLA-A*02:01,tcr17205,vdjdb_full_2454_rs_2_n0,1
vdjdb_full_2085_ss_1_n0_iptm_filtered,GLCTLVAML_HLA-A*02:01,tcr1302,vdjdb_full_2226_rs_1_n0,1
vdjdb_full_2093_rs_0_n0_iptm_filtered,GLCTLVAML_HLA-A*02:01,tcr15664,vdjdb_full_2327_rs_1_n0,1
vdjdb_full_2093_ss_1_n0_iptm_filtered,GLCTLVAML_HLA-A*02:01,tcr6044,vdjdb_full_2349_ss_4_n0,1
vdjdb_full_2096_rs_0_n0_iptm_filtered,GLCTLVAML_HLA-A*02:01,tcr4952,vdjdb_full_2135_ss_4_n0,1
vdjdb_full_2096_rs_2_n0_iptm_filtered,GLCTLVAML_HLA-A*02:01,tcr17195,vdjdb_full_2537_ss_4_n0,1
vdjdb_full_2102_ss_1_n0_iptm_filtered,GLCTLVAML_HLA-A*02:01,tcr15459,vdjdb_full_2065_rs_0_n0,1
vdjdb_full_2109_ss_1_n0_iptm_filtered,GLCTLVAML_HLA-A*02:01,tcr7448,vdjdb_full_2140_ss_2_n0,1
vdjdb_full_2118_rs_4_n0_iptm_filtered,GLCTLVAML_HLA-A*02:01,tcr13308,vdjdb_full_2482_ss_1_n0,1
vdjdb_full_2126_rs_2_n0_iptm_filtered,GLCTLVAML_HLA-A*02:01,tcr14081,vdjdb_full_2081_rs_0_n0,1
vdjdb_full_2126_ss_0_n0_iptm_filtered,GLCTLVAML_HLA-A*02:01,tcr11258,vdjdb_full_2140_rs_3_n0,1
vdjdb_full_2126_ss_2_n0_iptm_filtered,GLCTLVAML_HLA-A*02:01,tcr9726,vdjdb_full_2398_rs_0_n0,1
vdjdb_full_2131_ss_0_n0_iptm_filtered,GLCTLVAML_HLA-A*02:01,tcr14825,vdjdb_full_2504_ss_3_n0,1
vdjdb_full_2136_rs_0_n0_iptm_filtered,GLCTLVAML_HLA-A*02:01,tcr7601,vdjdb_full_2597_rs_0_n0,1
vdjdb_full_2139_rs_3_n0_iptm_filtered,GLCTLVAML_HLA-A*02:01,tcr7338,vdjdb_full_2299_ss_0_n0,1
vdjdb_full_2139_rs_4_n0_iptm_filtered,GLCTLVAML_HLA-A*02:01,tcr11104,vdjdb_full_2156_ss_3_n0|vdjdb_full_2321_ss_4_n0,2
vdjdb_full_2139_ss_0_n0_iptm_filtered,GLCTLVAML_HLA-A*02:01,tcr16320,vdjdb_full_2133_rs_1_n0|vdjdb_full_2141_ss_1_n0|vdjdb_full_2168_rs_0_n0,3
vdjdb_full_2140_rs_2_n0_iptm_filtered,GLCTLVAML_HLA-A*02:01,tcr3080,vdjdb_full_2221_ss_1_n0,1
vdjdb_full_2140_rs_3_n0_iptm_filtered,GLCTLVAML_HLA-A*02:01,tcr7347,vdjdb_full_2454_rs_0_n0,1
vdjdb_full_2140_rs_4_n0_iptm_filtered,GLCTLVAML_HLA-A*02:01,tcr1403,vdjdb_full_2198_ss_1_n0,1
vdjdb_full_2140_ss_0_n0_iptm_filtered,GLCTLVAML_HLA-A*02:01,tcr7699,vdjdb_full_2142_ss_0_n0,1
vdjdb_full_2141_rs_4_n0_iptm_filtered,GLCTLVAML_HLA-A*02:01,tcr17908,vdjdb_full_2118_ss_2_n0|vdjdb_full_2298_ss_2_n0,2
vdjdb_full_2142_rs_0_n0_iptm_filtered,GLCTLVAML_HLA-A*02:01,tcr6715,vdjdb_full_2521_ss_2_n0,1
vdjdb_full_2142_rs_1_n0_iptm_filtered,GLCTLVAML_HLA-A*02:01,tcr10945,vdjdb_full_2521_rs_0_n0,1
vdjdb_full_2142_ss_2_n0_iptm_filtered,GLCTLVAML_HLA-A*02:01,tcr1293,vdjdb_full_2578_ss_0_n0,1
vdjdb_full_2142_ss_4_n0_iptm_filtered,GLCTLVAML_HLA-A*02:01,tcr14909,vdjdb_full_2550_rs_2_n0,1
vdjdb_full_2145_rs_2_n0_iptm_filtered,GLCTLVAML_HLA-A*02:01,tcr11415,vdjdb_full_2096_ss_1_n0,1
vdjdb_full_2145_ss_2_n0_iptm_filtered,GLCTLVAML_HLA-A*02:01,tcr9972,vdjdb_full_2235_ss_2_n0,1
vdjdb_full_2152_rs_0_n0_iptm_filtered,GLCTLVAML_HLA-A*02:01,tcr11632,vdjdb_full_2607_rs_2_n0,1
vdjdb_full_2152_rs_1_n0_iptm_filtered,GLCTLVAML_HLA-A*02:01,tcr6715,vdjdb_full_2521_ss_2_n0,1
vdjdb_full_2152_rs_2_n0_iptm_filtered,GLCTLVAML_HLA-A*02:01,tcr12346,vdjdb_full_2145_ss_2_n0,1
vdjdb_full_2153_rs_2_n0_iptm_filtered,GLCTLVAML_HLA-A*02:01,tcr17519,vdjdb_full_2461_rs_0_n0,1
vdjdb_full_2156_ss_2_n0_iptm_filtered,GLCTLVAML_HLA-A*02:01,tcr7689,vdjdb_full_2377_ss_4_n0|vdjdb_full_2434_ss_4_n0,2
vdjdb_full_2164_rs_3_n0_iptm_filtered,GLCTLVAML_HLA-A*02:01,tcr13657,vdjdb_full_2417_rs_3_n0,1
vdjdb_full_2198_ss_0_n0_iptm_filtered,GLCTLVAML_HLA-A*02:01,tcr5938,vdjdb_full_2377_rs_1_n0,1
vdjdb_full_2199_rs_1_n0_iptm_filtered,GLCTLVAML_HLA-A*02:01,tcr11836,vdjdb_full_2433_rs_2_n0|vdjdb_full_2521_ss_1_n0,2
vdjdb_full_2199_rs_2_n0_iptm_filtered,GLCTLVAML_HLA-A*02:01,tcr13434,vdjdb_full_2261_rs_2_n0,1
vdjdb_full_2199_rs_3_n0_iptm_filtered,GLCTLVAML_HLA-A*02:01,tcr13315,vdjdb_full_2241_rs_4_n0,1
vdjdb_full_2199_rs_4_n0_iptm_filtered,GLCTLVAML_HLA-A*02:01,tcr8966,vdjdb_full_2574_ss_1_n0,1
vdjdb_full_21_ss_3_n0_iptm_filtered,QAKWRLQTL_HLA-B*08:01,tcr10081,vdjdb_full_13_ss_4_n0,1
vdjdb_full_2241_rs_0_n0_iptm_filtered,GLCTLVAML_HLA-A*02:01,tcr8897,vdjdb_full_2298_rs_1_n0,1
vdjdb_full_2248_rs_3_n0_iptm_filtered,GLCTLVAML_HLA-A*02:01,tcr15083,vdjdb_full_2321_rs_1_n0,1
vdjdb_full_2248_ss_0_n0_iptm_filtered,GLCTLVAML_HLA-A*02:01,tcr10835,vdjdb_full_2096_ss_0_n0,1
vdjdb_full_2248_ss_2_n0_iptm_filtered,GLCTLVAML_HLA-A*02:01,tcr13282,vdjdb_full_2338_ss_2_n0,1
vdjdb_full_2253_ss_2_n0_iptm_filtered,GLCTLVAML_HLA-A*02:01,tcr4679,vdjdb_full_2093_rs_2_n0,1
vdjdb_full_2261_ss_1_n0_iptm_filtered,GLCTLVAML_HLA-A*02:01,tcr4912,vdjdb_full_2199_rs_1_n0,1
vdjdb_full_2309_rs_0_n0_iptm_filtered,GLCTLVAML_HLA-A*02:01,tcr12798,vdjdb_full_2533_rs_1_n0,1
vdjdb_full_2309_ss_3_n0_iptm_filtered,GLCTLVAML_HLA-A*02:01,tcr14138,vdjdb_full_2431_rs_3_n0,1
vdjdb_full_2327_rs_2_n0_iptm_filtered,GLCTLVAML_HLA-A*02:01,tcr16970,vdjdb_full_2559_ss_3_n0,1
vdjdb_full_2327_ss_1_n0_iptm_filtered,GLCTLVAML_HLA-A*02:01,tcr18113,vdjdb_full_2455_rs_2_n0,1
vdjdb_full_2327_ss_2_n0_iptm_filtered,GLCTLVAML_HLA-A*02:01,tcr12346,vdjdb_full_2145_ss_2_n0,1
vdjdb_full_2359_rs_1_n0_iptm_filtered,GLCTLVAML_HLA-A*02:01,tcr1548,vdjdb_full_2248_ss_3_n0,1
vdjdb_full_2359_rs_3_n0_iptm_filtered,GLCTLVAML_HLA-A*02:01,tcr10682,vdjdb_full_2346_ss_1_n0,1
vdjdb_full_2359_ss_4_n0_iptm_filtered,GLCTLVAML_HLA-A*02:01,tcr9547,vdjdb_full_2102_rs_2_n0,1
vdjdb_full_2370_rs_4_n0_iptm_filtered,GLCTLVAML_HLA-A*02:01,tcr3398,vdjdb_full_2548_rs_3_n0,1
vdjdb_full_2370_ss_1_n0_iptm_filtered,GLCTLVAML_HLA-A*02:01,tcr10219,vdjdb_full_2280_rs_2_n0|vdjdb_full_2346_rs_3_n0,2
vdjdb_full_2370_ss_3_n0_iptm_filtered,GLCTLVAML_HLA-A*02:01,tcr10287,vdjdb_full_2497_ss_0_n0,1
vdjdb_full_2372_rs_2_n0_iptm_filtered,GLCTLVAML_HLA-A*02:01,tcr11104,vdjdb_full_2156_ss_3_n0|vdjdb_full_2321_ss_4_n0,2
vdjdb_full_2372_rs_3_n0_iptm_filtered,GLCTLVAML_HLA-A*02:01,tcr9261,vdjdb_full_2138_ss_4_n0|vdjdb_full_2377_rs_4_n0,2
vdjdb_full_2387_ss_4_n0_iptm_filtered,GLCTLVAML_HLA-A*02:01,tcr8893,vdjdb_full_2409_ss_3_n0,1
vdjdb_full_2405_rs_2_n0_iptm_filtered,GLCTLVAML_HLA-A*02:01,tcr5776,vdjdb_full_2604_rs_4_n0,1
vdjdb_full_2405_rs_4_n0_iptm_filtered,GLCTLVAML_HLA-A*02:01,tcr7689,vdjdb_full_2377_ss_4_n0|vdjdb_full_2434_ss_4_n0,2
vdjdb_full_2405_ss_1_n0_iptm_filtered,GLCTLVAML_HLA-A*02:01,tcr2808,vdjdb_full_2578_ss_2_n0,1
vdjdb_full_2409_rs_3_n0_iptm_filtered,GLCTLVAML_HLA-A*02:01,tcr16121,vdjdb_full_2360_rs_4_n0,1
vdjdb_full_2409_rs_4_n0_iptm_filtered,GLCTLVAML_HLA-A*02:01,tcr15856,vdjdb_full_2207_ss_0_n0|vdjdb_full_2349_rs_4_n0|vdjdb_full_2482_ss_0_n0,3
vdjdb_full_2417_rs_0_n0_iptm_filtered,GLCTLVAML_HLA-A*02:01,tcr1816,vdjdb_full_2126_ss_1_n0,1
vdjdb_full_2431_rs_0_n0_iptm_filtered,GLCTLVAML_HLA-A*02:01,tcr16841,vdjdb_full_2133_ss_0_n0,1
vdjdb_full_2454_rs_1_n0_iptm_filtered,GLCTLVAML_HLA-A*02:01,tcr2812,vdjdb_full_2140_ss_4_n0,1
vdjdb_full_2454_ss_1_n0_iptm_filtered,GLCTLVAML_HLA-A*02:01,tcr10991,vdjdb_full_2131_ss_2_n0,1
vdjdb_full_2474_rs_1_n0_iptm_filtered,GLCTLVAML_HLA-A*02:01,tcr7287,vdjdb_full_2461_rs_2_n0,1
vdjdb_full_2474_rs_3_n0_iptm_filtered,GLCTLVAML_HLA-A*02:01,tcr12342,vdjdb_full_2377_ss_3_n0,1
vdjdb_full_2474_rs_4_n0_iptm_filtered,GLCTLVAML_HLA-A*02:01,tcr10303,vdjdb_full_2250_ss_2_n0,1
vdjdb_full_2504_rs_0_n0_iptm_filtered,GLCTLVAML_HLA-A*02:01,tcr14494,vdjdb_full_2164_rs_3_n0,1
vdjdb_full_2504_ss_2_n0_iptm_filtered,GLCTLVAML_HLA-A*02:01,tcr1007,vdjdb_full_2199_ss_1_n0|vdjdb_full_2248_ss_2_n0,2
vdjdb_full_2504_ss_3_n0_iptm_filtered,GLCTLVAML_HLA-A*02:01,tcr13434,vdjdb_full_2261_rs_2_n0,1
vdjdb_full_2504_ss_4_n0_iptm_filtered,GLCTLVAML_HLA-A*02:01,tcr14304,vdjdb_full_2074_rs_0_n0,1
vdjdb_full_2537_rs_1_n0_iptm_filtered,GLCTLVAML_HLA-A*02:01,tcr11415,vdjdb_full_2096_ss_1_n0,1
vdjdb_full_2548_rs_0_n0_iptm_filtered,GLCTLVAML_HLA-A*02:01,tcr14979,vdjdb_full_2226_rs_2_n0,1
vdjdb_full_2548_rs_4_n0_iptm_filtered,GLCTLVAML_HLA-A*02:01,tcr12860,vdjdb_full_2147_ss_2_n0,1
vdjdb_full_2548_ss_2_n0_iptm_filtered,GLCTLVAML_HLA-A*02:01,tcr18338,vdjdb_full_2349_rs_2_n0|vdjdb_full_2565_rs_3_n0,2
vdjdb_full_2548_ss_3_n0_iptm_filtered,GLCTLVAML_HLA-A*02:01,tcr7424,vdjdb_full_2504_rs_2_n0,1
vdjdb_full_2548_ss_4_n0_iptm_filtered,GLCTLVAML_HLA-A*02:01,tcr956,vdjdb_full_2261_rs_0_n0,1
vdjdb_full_2550_ss_1_n0_iptm_filtered,GLCTLVAML_HLA-A*02:01,tcr15552,vdjdb_full_2387_ss_1_n0|vdjdb_full_2432_ss_1_n0,2
vdjdb_full_2550_ss_4_n0_iptm_filtered,GLCTLVAML_HLA-A*02:01,tcr14494,vdjdb_full_2164_rs_3_n0,1
vdjdb_full_2559_rs_2_n0_iptm_filtered,GLCTLVAML_HLA-A*02:01,tcr1736,vdjdb_full_2454_ss_2_n0,1
vdjdb_full_2559_rs_4_n0_iptm_filtered,GLCTLVAML_HLA-A*02:01,tcr8596,vdjdb_full_2073_ss_4_n0,1
vdjdb_full_2559_ss_1_n0_iptm_filtered,GLCTLVAML_HLA-A*02:01,tcr6456,vdjdb_full_2182_ss_3_n0,1
vdjdb_full_2565_rs_2_n0_iptm_filtered,GLCTLVAML_HLA-A*02:01,tcr16629,vdjdb_full_2073_rs_1_n0,1
vdjdb_full_2578_rs_4_n0_iptm_filtered,GLCTLVAML_HLA-A*02:01,tcr16138,vdjdb_full_2126_ss_4_n0,1
vdjdb_full_2578_ss_2_n0_iptm_filtered,GLCTLVAML_HLA-A*02:01,tcr7478,vdjdb_full_2482_rs_0_n0,1
vdjdb_full_2597_rs_0_n0_iptm_filtered,GLCTLVAML_HLA-A*02:01,tcr11747,vdjdb_full_2139_ss_2_n0,1
vdjdb_full_2597_rs_1_n0_iptm_filtered,GLCTLVAML_HLA-A*02:01,tcr7601,vdjdb_full_2597_rs_0_n0,1
vdjdb_full_2602_rs_0_n0_iptm_filtered,GLCTLVAML_HLA-A*02:01,tcr6368,vdjdb_full_2164_ss_3_n0|vdjdb_full_2309_ss_1_n0,2
vdjdb_full_2602_ss_3_n0_iptm_filtered,GLCTLVAML_HLA-A*02:01,tcr7129,vdjdb_full_2074_rs_3_n0,1
vdjdb_full_2604_rs_0_n0_iptm_filtered,GLCTLVAML_HLA-A*02:01,tcr16823,vdjdb_full_2081_rs_3_n0|vdjdb_full_2140_ss_0_n0,2
vdjdb_full_2607_rs_0_n0_iptm_filtered,GLCTLVAML_HLA-A*02:01,tcr397,vdjdb_full_2291_rs_4_n0|vdjdb_full_2482_rs_2_n0,2
vdjdb_full_2608_rs_0_n0_iptm_filtered,GLCTLVAML_HLA-A*02:01,tcr12346,vdjdb_full_2145_ss_2_n0,1
vdjdb_full_2608_rs_2_n0_iptm_filtered,GLCTLVAML_HLA-A*02:01,tcr11864,vdjdb_full_2131_rs_4_n0,1
vdjdb_full_2608_rs_3_n0_iptm_filtered,GLCTLVAML_HLA-A*02:01,tcr7002,vdjdb_full_2063_ss_3_n0,1
vdjdb_full_2608_ss_2_n0_iptm_filtered,GLCTLVAML_HLA-A*02:01,tcr5044,vdjdb_full_2109_ss_3_n0,1
vdjdb_full_2608_ss_3_n0_iptm_filtered,GLCTLVAML_HLA-A*02:01,tcr17713,vdjdb_full_2118_ss_1_n0,1
vdjdb_full_2638_rs_4_n0_iptm_filtered,SLLMWITQV_HLA-A*02:01,tcr7946,vdjdb_full_2906_ss_4_n0,1
vdjdb_full_2665_ss_2_n0_iptm_filtered,SLLMWITQV_HLA-A*02:01,tcr232,vdjdb_full_2977_rs_2_n0,1
vdjdb_full_2674_rs_0_n0_iptm_filtered,SLLMWITQV_HLA-A*02:01,tcr2952,vdjdb_full_2737_rs_4_n0,1
vdjdb_full_2674_rs_1_n0_iptm_filtered,SLLMWITQV_HLA-A*02:01,tcr6469,vdjdb_full_3116_rs_0_n0,1
vdjdb_full_2679_ss_2_n0_iptm_filtered,SLLMWITQV_HLA-A*02:01,tcr12620,vdjdb_full_2821_ss_4_n0,1
vdjdb_full_2819_ss_2_n0_iptm_filtered,SLLMWITQV_HLA-A*02:01,tcr11104,vdjdb_full_2638_ss_4_n0,1
vdjdb_full_2821_ss_4_n0_iptm_filtered,SLLMWITQV_HLA-A*02:01,tcr16991,vdjdb_full_3116_rs_3_n0,1
vdjdb_full_2884_rs_0_n0_iptm_filtered,SLLMWITQV_HLA-A*02:01,tcr1121,vdjdb_full_2679_ss_0_n0|vdjdb_full_3193_ss_3_n0|vdjdb_full_4062_ss_4_n0,3
vdjdb_full_2890_rs_1_n0_iptm_filtered,SLLMWITQV_HLA-A*02:01,tcr11054,vdjdb_full_2962_ss_3_n0|vdjdb_full_2992_ss_3_n0,2
vdjdb_full_2890_rs_3_n0_iptm_filtered,SLLMWITQV_HLA-A*02:01,tcr3549,vdjdb_full_2720_rs_2_n0,1
vdjdb_full_2890_ss_4_n0_iptm_filtered,SLLMWITQV_HLA-A*02:01,tcr4506,vdjdb_full_2977_ss_0_n0,1
vdjdb_full_28_ss_2_n0_iptm_filtered,QAKWRLQTL_HLA-B*08:01,tcr4006,vdjdb_full_21_ss_3_n0|vdjdb_full_4_ss_2_n0,2
vdjdb_full_2906_rs_0_n0_iptm_filtered,SLLMWITQV_HLA-A*02:01,tcr15481,vdjdb_full_3087_rs_0_n0,1
vdjdb_full_2906_ss_4_n0_iptm_filtered,SLLMWITQV_HLA-A*02:01,tcr284,vdjdb_full_2678_ss_4_n0|vdjdb_full_2962_ss_1_n0|vdjdb_full_4083_ss_4_n0,3
vdjdb_full_290_rs_1_n0_iptm_filtered,KLGGALQAK_HLA-A*03:01,tcr828,vdjdb_full_1744_ss_0_n0,1
vdjdb_full_290_rs_2_n0_iptm_filtered,KLGGALQAK_HLA-A*03:01,tcr8619,vdjdb_full_1219_ss_0_n0,1
vdjdb_full_290_rs_3_n0_iptm_filtered,KLGGALQAK_HLA-A*03:01,tcr2507,vdjdb_full_1857_ss_3_n0,1
vdjdb_full_2992_rs_0_n0_iptm_filtered,SLLMWITQV_HLA-A*02:01,tcr7946,vdjdb_full_2906_ss_4_n0,1
vdjdb_full_3059_ss_3_n0_iptm_filtered,SLLMWITQV_HLA-A*02:01,tcr9700,vdjdb_full_2708_rs_1_n0,1
vdjdb_full_3116_rs_0_n0_iptm_filtered,SLLMWITQV_HLA-A*02:01,tcr1121,vdjdb_full_2679_ss_0_n0|vdjdb_full_3193_ss_3_n0|vdjdb_full_4062_ss_4_n0,3
vdjdb_full_316_ss_4_n0_iptm_filtered,KLGGALQAK_HLA-A*03:01,tcr11041,vdjdb_full_1983_ss_2_n0,1
vdjdb_full_3181_ss_3_n0_iptm_filtered,SLLMWITQV_HLA-A*02:01,tcr3597,vdjdb_full_2679_ss_2_n0,1
vdjdb_full_3194_ss_3_n0_iptm_filtered,SLLMWITQV_HLA-A*02:01,tcr3044,vdjdb_full_2678_rs_3_n0,1
vdjdb_full_3237_rs_0_n0_iptm_filtered,SLLMWITQV_HLA-A*02:01,tcr5870,vdjdb_full_2863_rs_2_n0,1
vdjdb_full_3260_rs_2_n0_iptm_filtered,SLLMWITQV_HLA-A*02:01,tcr10273,vdjdb_full_2856_ss_4_n0,1
vdjdb_full_3283_rs_1_n0_iptm_filtered,SLLMWITQV_HLA-A*02:01,tcr2952,vdjdb_full_2737_rs_4_n0,1
vdjdb_full_3466_ss_3_n0_iptm_filtered,SLLMWITQV_HLA-A*02:01,tcr4117,vdjdb_full_2638_rs_3_n0,1
vdjdb_full_3518_rs_4_n0_iptm_filtered,SLLMWITQV_HLA-A*02:01,tcr13641,vdjdb_full_2890_rs_2_n0,1
vdjdb_full_3518_ss_1_n0_iptm_filtered,SLLMWITQV_HLA-A*02:01,tcr3290,vdjdb_full_2678_rs_0_n0,1
vdjdb_full_3547_rs_0_n0_iptm_filtered,SLLMWITQV_HLA-A*02:01,tcr4506,vdjdb_full_2977_ss_0_n0,1
vdjdb_full_3547_rs_4_n0_iptm_filtered,SLLMWITQV_HLA-A*02:01,tcr10835,vdjdb_full_2992_ss_2_n0,1
vdjdb_full_3573_ss_0_n0_iptm_filtered,SLLMWITQV_HLA-A*02:01,tcr10370,vdjdb_full_2977_ss_4_n0,1
vdjdb_full_3596_ss_2_n0_iptm_filtered,SLLMWITQV_HLA-A*02:01,tcr4305,vdjdb_full_2821_rs_0_n0,1
vdjdb_full_3689_rs_3_n0_iptm_filtered,SLLMWITQV_HLA-A*02:01,tcr977,vdjdb_full_2708_ss_0_n0,1
vdjdb_full_3698_rs_0_n0_iptm_filtered,SLLMWITQV_HLA-A*02:01,tcr10835,vdjdb_full_2992_ss_2_n0,1
vdjdb_full_3698_rs_3_n0_iptm_filtered,SLLMWITQV_HLA-A*02:01,tcr17206,vdjdb_full_2733_ss_1_n0,1
vdjdb_full_3853_rs_2_n0_iptm_filtered,SLLMWITQV_HLA-A*02:01,tcr429,vdjdb_full_2674_rs_4_n0|vdjdb_full_2863_ss_0_n0,2
vdjdb_full_3901_ss_4_n0_iptm_filtered,SLLMWITQV_HLA-A*02:01,tcr16144,vdjdb_full_2665_rs_1_n0,1
vdjdb_full_3932_rs_0_n0_iptm_filtered,SLLMWITQV_HLA-A*02:01,tcr2333,vdjdb_full_2708_rs_2_n0,1
vdjdb_full_3932_ss_3_n0_iptm_filtered,SLLMWITQV_HLA-A*02:01,tcr11148,vdjdb_full_3059_rs_0_n0,1
vdjdb_full_4062_ss_3_n0_iptm_filtered,SLLMWITQV_HLA-A*02:01,tcr4162,vdjdb_full_2679_ss_1_n0,1
vdjdb_full_4111_ss_1_n0_iptm_filtered,SLLMWITQV_HLA-A*02:01,tcr9700,vdjdb_full_2708_rs_1_n0,1
vdjdb_full_4164_rs_1_n0_iptm_filtered,SLLMWITQV_HLA-A*02:01,tcr17541,vdjdb_full_2884_rs_2_n0,1
vdjdb_full_4164_ss_3_n0_iptm_filtered,SLLMWITQV_HLA-A*02:01,tcr9700,vdjdb_full_2708_rs_1_n0,1
vdjdb_full_4164_ss_4_n0_iptm_filtered,SLLMWITQV_HLA-A*02:01,tcr7449,vdjdb_full_2983_rs_0_n0,1
vdjdb_full_4218_rs_2_n0_iptm_filtered,SLLMWITQV_HLA-A*02:01,tcr17541,vdjdb_full_2884_rs_2_n0,1
vdjdb_full_4230_rs_0_n0_iptm_filtered,SLLMWITQV_HLA-A*02:01,tcr14864,vdjdb_full_2720_ss_1_n0|vdjdb_full_3663_rs_2_n0|vdjdb_full_3791_ss_1_n0|vdjdb_full_4540_ss_3_n0,4
vdjdb_full_4230_rs_3_n0_iptm_filtered,SLLMWITQV_HLA-A*02:01,tcr11163,vdjdb_full_2884_ss_2_n0,1
vdjdb_full_4256_rs_2_n0_iptm_filtered,SLLMWITQV_HLA-A*02:01,tcr232,vdjdb_full_2977_rs_2_n0,1
vdjdb_full_4256_ss_3_n0_iptm_filtered,SLLMWITQV_HLA-A*02:01,tcr4132,vdjdb_full_2678_rs_1_n0,1
vdjdb_full_4305_ss_0_n0_iptm_filtered,SLLMWITQV_HLA-A*02:01,tcr1424,vdjdb_full_2737_ss_1_n0,1
vdjdb_full_4338_ss_4_n0_iptm_filtered,SLLMWITQV_HLA-A*02:01,tcr18035,vdjdb_full_2890_rs_0_n0,1
vdjdb_full_4340_rs_1_n0_iptm_filtered,SLLMWITQV_HLA-A*02:01,tcr4506,vdjdb_full_2977_ss_0_n0,1
vdjdb_full_43_ss_2_n0_iptm_filtered,QAKWRLQTL_HLA-B*08:01,tcr4006,vdjdb_full_21_ss_3_n0|vdjdb_full_4_ss_2_n0,2
vdjdb_full_4428_ss_3_n0_iptm_filtered,SLLMWITQV_HLA-A*02:01,tcr5333,vdjdb_full_2821_ss_0_n0,1
vdjdb_full_4493_rs_1_n0_iptm_filtered,SLLMWITQV_HLA-A*02:01,tcr7611,vdjdb_full_2992_rs_2_n0,1
vdjdb_full_4493_rs_3_n0_iptm_filtered,SLLMWITQV_HLA-A*02:01,tcr11054,vdjdb_full_2962_ss_3_n0|vdjdb_full_2992_ss_3_n0,2
vdjdb_full_4590_ss_2_n0_iptm_filtered,SLLMWITQV_HLA-A*02:01,tcr13700,vdjdb_full_2962_rs_1_n0,1
vdjdb_full_4590_ss_4_n0_iptm_filtered,SLLMWITQV_HLA-A*02:01,tcr8144,vdjdb_full_2890_ss_2_n0,1
vdjdb_full_4596_ss_0_n0_iptm_filtered,SLLMWITQV_HLA-A*02:01,tcr15962,vdjdb_full_2819_ss_4_n0,1
vdjdb_full_47_rs_4_n0_iptm_filtered,QAKWRLQTL_HLA-B*08:01,tcr1245,vdjdb_full_19_rs_2_n0,1
vdjdb_full_57_rs_4_n0_iptm_filtered,QAKWRLQTL_HLA-B*08:01,tcr3043,vdjdb_full_16_ss_4_n0,1
vdjdb_full_61_ss_4_n0_iptm_filtered,QAKWRLQTL_HLA-B*08:01,tcr5307,vdjdb_full_22_rs_2_n0,1
vdjdb_full_872_ss_1_n0_iptm_filtered,KLGGALQAK_HLA-A*03:01,tcr12902,vdjdb_full_1580_rs_3_n0,1
vdjdb_full_949_rs_2_n0_iptm_filtered,KLGGALQAK_HLA-A*03:01,tcr4068,vdjdb_full_1580_ss_1_n0,1
vdjdb_full_949_ss_0_n0_iptm_filtered,KLGGALQAK_HLA-A*03:01,tcr11957,vdjdb_full_290_rs_3_n0,1
vdjdb_full_949_ss_3_n0_iptm_filtered,KLGGALQAK_HLA-A*03:01,tcr9765,vdjdb_full_1773_ss_3_n0,1
vdjdb_full_9988_rs_0_n0_iptm_filtered,RLRAEAQVK_HLA-A*03:01,tcr12342,vdjdb_full_10300_rs_0_n0|vdjdb_full_10364_ss_2_n0,2
