id,pmhc,tcr,label
vdjdb_full_1,QAKWRLQTL_HLA-B*08:01,tcr14836,1
vdjdb_full_10,QAKWRLQTL_HLA-B*08:01,tcr2493,1
vdjdb_full_10016,RLRAEAQVK_HLA-A*03:01,tcr10435,1
vdjdb_full_10026,RLRAEAQVK_HLA-A*03:01,tcr11094,1
vdjdb_full_10031,RLRAEAQVK_HLA-A*03:01,tcr16864,1
vdjdb_full_10032,RLRAEAQVK_HLA-A*03:01,tcr8122,1
vdjdb_full_10092,RLRAEAQVK_HLA-A*03:01,tcr7771,1
vdjdb_full_10103,RLRAEAQVK_HLA-A*03:01,tcr4035,1
vdjdb_full_10117,RLRAEAQVK_HLA-A*03:01,tcr12660,1
vdjdb_full_10146,RLRAEAQVK_HLA-A*03:01,tcr15245,1
vdjdb_full_10155,RLRAEAQVK_HLA-A*03:01,tcr3459,1
vdjdb_full_10163,RLRAEAQVK_HLA-A*03:01,tcr1279,1
vdjdb_full_10204,RLRAEAQVK_HLA-A*03:01,tcr7092,1
vdjdb_full_10213,RLRAEAQVK_HLA-A*03:01,tcr2869,1
vdjdb_full_10239,RLRAEAQVK_HLA-A*03:01,tcr16422,1
vdjdb_full_10257,RLRAEAQVK_HLA-A*03:01,tcr15717,1
vdjdb_full_1028,KLGGALQAK_HLA-A*03:01,tcr12342,1
vdjdb_full_10284,RLRAEAQVK_HLA-A*03:01,tcr1931,1
vdjdb_full_10285,RLRAEAQVK_HLA-A*03:01,tcr6053,1
vdjdb_full_10497,LLSLFSLWL_HLA-A*02:01,tcr13498,1
vdjdb_full_10498,LLSLFSLWL_HLA-A*02:01,tcr13364,1
vdjdb_full_10499,LLSLFSLWL_HLA-A*02:01,tcr906,1
vdjdb_full_10500,LLSLFSLWL_HLA-A*02:01,tcr15524,1
vdjdb_full_10501,LLSLFSLWL_HLA-A*02:01,tcr2249,1
vdjdb_full_10503,LLSLFSLWL_HLA-A*02:01,tcr10872,1
vdjdb_full_10505,LLSLFSLWL_HLA-A*02:01,tcr4385,1
vdjdb_full_10506,LLSLFSLWL_HLA-A*02:01,tcr1473,1
vdjdb_full_10507,LLSLFSLWL_HLA-A*02:01,tcr13474,1
vdjdb_full_10509,LLSLFSLWL_HLA-A*02:01,tcr5688,1
vdjdb_full_10510,LLSLFSLWL_HLA-A*02:01,tcr10121,1
vdjdb_full_10511,LLSLFSLWL_HLA-A*02:01,tcr9651,1
vdjdb_full_10513,LLSLFSLWL_HLA-A*02:01,tcr7965,1
vdjdb_full_10516,HPNGYKSLSTL_HLA-B*07:02,tcr2442,1
vdjdb_full_10517,HPNGYKSLSTL_HLA-B*07:02,tcr16652,1
vdjdb_full_10518,HPNGYKSLSTL_HLA-B*07:02,tcr8998,1
vdjdb_full_10519,HPNGYKSLSTL_HLA-B*07:02,tcr16713,1
vdjdb_full_10521,HPNGYKSLSTL_HLA-B*07:02,tcr1266,1
vdjdb_full_10522,HPNGYKSLSTL_HLA-B*07:02,tcr10081,1
vdjdb_full_10525,HPNGYKSLSTL_HLA-B*07:02,tcr10961,1
vdjdb_full_10527,HPNGYKSLSTL_HLA-B*07:02,tcr10289,1
vdjdb_full_10528,HPNGYKSLSTL_HLA-B*07:02,tcr5061,1
vdjdb_full_10529,HPNGYKSLSTL_HLA-B*07:02,tcr4122,1
vdjdb_full_10531,HPNGYKSLSTL_HLA-B*07:02,tcr1287,1
vdjdb_full_10535,HPNGYKSLSTL_HLA-B*07:02,tcr11729,1
vdjdb_full_10536,HPNGYKSLSTL_HLA-B*07:02,tcr6001,1
vdjdb_full_10538,HPNGYKSLSTL_HLA-B*07:02,tcr8658,1
vdjdb_full_10539,HPNGYKSLSTL_HLA-B*07:02,tcr5160,1
vdjdb_full_10542,HPNGYKSLSTL_HLA-B*07:02,tcr9181,1
vdjdb_full_10545,HPNGYKSLSTL_HLA-B*07:02,tcr17788,1
vdjdb_full_10550,LTDEMIAQY_HLA-A*01:01,tcr11369,1
vdjdb_full_10552,LTDEMIAQY_HLA-A*01:01,tcr397,1
vdjdb_full_10553,LTDEMIAQY_HLA-A*01:01,tcr18270,1
vdjdb_full_10558,LTDEMIAQY_HLA-A*01:01,tcr18035,1
vdjdb_full_10559,LTDEMIAQY_HLA-A*01:01,tcr4761,1
vdjdb_full_10560,LTDEMIAQY_HLA-A*01:01,tcr44,1
vdjdb_full_10564,LTDEMIAQY_HLA-A*01:01,tcr5112,1
vdjdb_full_10565,LTDEMIAQY_HLA-A*01:01,tcr635,1
vdjdb_full_10567,LTDEMIAQY_HLA-A*01:01,tcr640,1
vdjdb_full_10572,LTDEMIAQY_HLA-A*01:01,tcr856,1
vdjdb_full_10574,LTDEMIAQY_HLA-A*01:01,tcr10689,1
vdjdb_full_10578,LTDEMIAQY_HLA-A*01:01,tcr4042,1
vdjdb_full_10581,LTDEMIAQY_HLA-A*01:01,tcr685,1
vdjdb_full_10582,LTDEMIAQY_HLA-A*01:01,tcr6344,1
vdjdb_full_10583,LTDEMIAQY_HLA-A*01:01,tcr13805,1
vdjdb_full_10584,LTDEMIAQY_HLA-A*01:01,tcr11980,1
vdjdb_full_10587,LTDEMIAQY_HLA-A*01:01,tcr13013,1
vdjdb_full_10589,LTDEMIAQY_HLA-A*01:01,tcr602,1
vdjdb_full_10590,LTDEMIAQY_HLA-A*01:01,tcr1116,1
vdjdb_full_10593,LTDEMIAQY_HLA-A*01:01,tcr6918,1
vdjdb_full_10594,LTDEMIAQY_HLA-A*01:01,tcr4233,1
vdjdb_full_10596,LTDEMIAQY_HLA-A*01:01,tcr3080,1
vdjdb_full_10597,LTDEMIAQY_HLA-A*01:01,tcr3269,1
vdjdb_full_10599,LTDEMIAQY_HLA-A*01:01,tcr11940,1
vdjdb_full_10600,LTDEMIAQY_HLA-A*01:01,tcr2048,1
vdjdb_full_10601,LTDEMIAQY_HLA-A*01:01,tcr5509,1
vdjdb_full_10606,LTDEMIAQY_HLA-A*01:01,tcr3012,1
vdjdb_full_10607,LTDEMIAQY_HLA-A*01:01,tcr588,1
vdjdb_full_10609,LTDEMIAQY_HLA-A*01:01,tcr15164,1
vdjdb_full_10610,LTDEMIAQY_HLA-A*01:01,tcr12979,1
vdjdb_full_10611,LTDEMIAQY_HLA-A*01:01,tcr7637,1
vdjdb_full_10614,LTDEMIAQY_HLA-A*01:01,tcr13081,1
vdjdb_full_10616,LTDEMIAQY_HLA-A*01:01,tcr4899,1
vdjdb_full_10617,LTDEMIAQY_HLA-A*01:01,tcr14510,1
vdjdb_full_10618,LTDEMIAQY_HLA-A*01:01,tcr13004,1
vdjdb_full_10619,LTDEMIAQY_HLA-A*01:01,tcr10595,1
vdjdb_full_10620,LTDEMIAQY_HLA-A*01:01,tcr8763,1
vdjdb_full_10621,LTDEMIAQY_HLA-A*01:01,tcr14638,1
vdjdb_full_10622,LTDEMIAQY_HLA-A*01:01,tcr6709,1
vdjdb_full_10625,LTDEMIAQY_HLA-A*01:01,tcr3352,1
vdjdb_full_10627,LTDEMIAQY_HLA-A*01:01,tcr383,1
vdjdb_full_10628,LTDEMIAQY_HLA-A*01:01,tcr278,1
vdjdb_full_10629,LTDEMIAQY_HLA-A*01:01,tcr16324,1
vdjdb_full_10633,LTDEMIAQY_HLA-A*01:01,tcr8631,1
vdjdb_full_10636,LTDEMIAQY_HLA-A*01:01,tcr2826,1
vdjdb_full_10637,LTDEMIAQY_HLA-A*01:01,tcr6879,1
vdjdb_full_10645,LTDEMIAQY_HLA-A*01:01,tcr18251,1
vdjdb_full_10646,LTDEMIAQY_HLA-A*01:01,tcr11504,1
vdjdb_full_10649,LTDEMIAQY_HLA-A*01:01,tcr17386,1
vdjdb_full_10651,LTDEMIAQY_HLA-A*01:01,tcr15800,1
vdjdb_full_10653,LTDEMIAQY_HLA-A*01:01,tcr16182,1
vdjdb_full_10659,LTDEMIAQY_HLA-A*01:01,tcr2891,1
vdjdb_full_10663,LTDEMIAQY_HLA-A*01:01,tcr17724,1
vdjdb_full_10665,LTDEMIAQY_HLA-A*01:01,tcr9812,1
vdjdb_full_10668,LTDEMIAQY_HLA-A*01:01,tcr3665,1
vdjdb_full_10669,LTDEMIAQY_HLA-A*01:01,tcr14066,1
vdjdb_full_10670,LTDEMIAQY_HLA-A*01:01,tcr4006,1
vdjdb_full_10676,LTDEMIAQY_HLA-A*01:01,tcr4124,1
vdjdb_full_10677,LTDEMIAQY_HLA-A*01:01,tcr14632,1
vdjdb_full_10678,LTDEMIAQY_HLA-A*01:01,tcr5910,1
vdjdb_full_10683,SPRWYFYYL_HLA-B*07:02,tcr11965,1
vdjdb_full_10685,SPRWYFYYL_HLA-B*07:02,tcr8330,1
vdjdb_full_10691,SPRWYFYYL_HLA-B*07:02,tcr17713,1
vdjdb_full_10698,SPRWYFYYL_HLA-B*07:02,tcr353,1
vdjdb_full_10699,SPRWYFYYL_HLA-B*07:02,tcr597,1
vdjdb_full_10706,SPRWYFYYL_HLA-B*07:02,tcr5992,1
vdjdb_full_10713,SPRWYFYYL_HLA-B*07:02,tcr1065,1
vdjdb_full_10722,SPRWYFYYL_HLA-B*07:02,tcr1536,1
vdjdb_full_10728,SPRWYFYYL_HLA-B*07:02,tcr6716,1
vdjdb_full_10730,SPRWYFYYL_HLA-B*07:02,tcr16734,1
vdjdb_full_10740,SPRWYFYYL_HLA-B*07:02,tcr3860,1
vdjdb_full_10742,SPRWYFYYL_HLA-B*07:02,tcr5307,1
vdjdb_full_10745,SPRWYFYYL_HLA-B*07:02,tcr4621,1
vdjdb_full_10751,SPRWYFYYL_HLA-B*07:02,tcr8312,1
vdjdb_full_10763,SPRWYFYYL_HLA-B*07:02,tcr8649,1
vdjdb_full_10764,SPRWYFYYL_HLA-B*07:02,tcr8335,1
vdjdb_full_10781,SPRWYFYYL_HLA-B*07:02,tcr18100,1
vdjdb_full_10797,SPRWYFYYL_HLA-B*07:02,tcr3064,1
vdjdb_full_10801,SPRWYFYYL_HLA-B*07:02,tcr2792,1
vdjdb_full_10805,SPRWYFYYL_HLA-B*07:02,tcr3087,1
vdjdb_full_10811,SPRWYFYYL_HLA-B*07:02,tcr8840,1
vdjdb_full_10813,SPRWYFYYL_HLA-B*07:02,tcr5755,1
vdjdb_full_10825,SPRWYFYYL_HLA-B*07:02,tcr13044,1
vdjdb_full_10828,SPRWYFYYL_HLA-B*07:02,tcr6194,1
vdjdb_full_10841,SPRWYFYYL_HLA-B*07:02,tcr6368,1
vdjdb_full_10856,SPRWYFYYL_HLA-B*07:02,tcr5409,1
vdjdb_full_10870,SPRWYFYYL_HLA-B*07:02,tcr15218,1
vdjdb_full_10887,SPRWYFYYL_HLA-B*07:02,tcr10093,1
vdjdb_full_10891,SPRWYFYYL_HLA-B*07:02,tcr11495,1
vdjdb_full_10896,SPRWYFYYL_HLA-B*07:02,tcr3975,1
vdjdb_full_10916,SPRWYFYYL_HLA-B*07:02,tcr7891,1
vdjdb_full_10928,SPRWYFYYL_HLA-B*07:02,tcr3357,1
vdjdb_full_10936,SPRWYFYYL_HLA-B*07:02,tcr326,1
vdjdb_full_1096,KLGGALQAK_HLA-A*03:01,tcr4393,1
vdjdb_full_10961,SPRWYFYYL_HLA-B*07:02,tcr14504,1
vdjdb_full_10963,SPRWYFYYL_HLA-B*07:02,tcr13513,1
vdjdb_full_10971,SPRWYFYYL_HLA-B*07:02,tcr12480,1
vdjdb_full_10975,SPRWYFYYL_HLA-B*07:02,tcr16014,1
vdjdb_full_10977,SPRWYFYYL_HLA-B*07:02,tcr13199,1
vdjdb_full_10978,SPRWYFYYL_HLA-B*07:02,tcr9786,1
vdjdb_full_10994,SPRWYFYYL_HLA-B*07:02,tcr15143,1
vdjdb_full_10999,SPRWYFYYL_HLA-B*07:02,tcr11747,1
vdjdb_full_11,QAKWRLQTL_HLA-B*08:01,tcr9367,1
vdjdb_full_11013,SPRWYFYYL_HLA-B*07:02,tcr1403,1
vdjdb_full_11016,SPRWYFYYL_HLA-B*07:02,tcr15783,1
vdjdb_full_11027,SPRWYFYYL_HLA-B*07:02,tcr8489,1
vdjdb_full_11029,SPRWYFYYL_HLA-B*07:02,tcr13292,1
vdjdb_full_11036,SPRWYFYYL_HLA-B*07:02,tcr1478,1
vdjdb_full_11069,FLASKIGRLV_HLA-A*02:01,tcr15749,1
vdjdb_full_11075,FLASKIGRLV_HLA-A*02:01,tcr16507,1
vdjdb_full_11078,AAGIGILTV_HLA-A*02:01,tcr11415,1
vdjdb_full_11079,AAGIGILTV_HLA-A*02:01,tcr6469,1
vdjdb_full_11081,AAGIGILTV_HLA-A*02:01,tcr14870,1
vdjdb_full_11082,AAGIGILTV_HLA-A*02:01,tcr3436,1
vdjdb_full_11083,AAGIGILTV_HLA-A*02:01,tcr5424,1
vdjdb_full_11084,AAGIGILTV_HLA-A*02:01,tcr13657,1
vdjdb_full_11086,AAGIGILTV_HLA-A*02:01,tcr949,1
vdjdb_full_11087,AAGIGILTV_HLA-A*02:01,tcr13359,1
vdjdb_full_11088,AAGIGILTV_HLA-A*02:01,tcr16184,1
vdjdb_full_11089,AAGIGILTV_HLA-A*02:01,tcr11553,1
vdjdb_full_11090,AAGIGILTV_HLA-A*02:01,tcr14954,1
vdjdb_full_11091,TTDPSFLGRY_HLA-A*01:01,tcr16036,1
vdjdb_full_11094,TTDPSFLGRY_HLA-A*01:01,tcr4965,1
vdjdb_full_11100,TTDPSFLGRY_HLA-A*01:01,tcr11156,1
vdjdb_full_11107,TTDPSFLGRY_HLA-A*01:01,tcr14814,1
vdjdb_full_11116,TTDPSFLGRY_HLA-A*01:01,tcr16860,1
vdjdb_full_11122,TTDPSFLGRY_HLA-A*01:01,tcr2838,1
vdjdb_full_11124,TTDPSFLGRY_HLA-A*01:01,tcr11215,1
vdjdb_full_11133,TTDPSFLGRY_HLA-A*01:01,tcr10650,1
vdjdb_full_11137,TTDPSFLGRY_HLA-A*01:01,tcr13308,1
vdjdb_full_11148,TTDPSFLGRY_HLA-A*01:01,tcr16455,1
vdjdb_full_11156,TTDPSFLGRY_HLA-A*01:01,tcr9058,1
vdjdb_full_11163,TTDPSFLGRY_HLA-A*01:01,tcr94,1
vdjdb_full_11165,TTDPSFLGRY_HLA-A*01:01,tcr12387,1
vdjdb_full_11166,TTDPSFLGRY_HLA-A*01:01,tcr17460,1
vdjdb_full_11169,TTDPSFLGRY_HLA-A*01:01,tcr5440,1
vdjdb_full_11171,TTDPSFLGRY_HLA-A*01:01,tcr6426,1
vdjdb_full_11175,TTDPSFLGRY_HLA-A*01:01,tcr9758,1
vdjdb_full_11186,TTDPSFLGRY_HLA-A*01:01,tcr10340,1
vdjdb_full_11187,TTDPSFLGRY_HLA-A*01:01,tcr5796,1
vdjdb_full_11203,TTDPSFLGRY_HLA-A*01:01,tcr9087,1
vdjdb_full_11206,TTDPSFLGRY_HLA-A*01:01,tcr8694,1
vdjdb_full_11207,TTDPSFLGRY_HLA-A*01:01,tcr11792,1
vdjdb_full_11209,TTDPSFLGRY_HLA-A*01:01,tcr509,1
vdjdb_full_11224,TTDPSFLGRY_HLA-A*01:01,tcr8643,1
vdjdb_full_11245,TTDPSFLGRY_HLA-A*01:01,tcr8912,1
vdjdb_full_11261,TTDPSFLGRY_HLA-A*01:01,tcr1828,1
vdjdb_full_11265,TTDPSFLGRY_HLA-A*01:01,tcr14153,1
vdjdb_full_11269,TTDPSFLGRY_HLA-A*01:01,tcr18271,1
vdjdb_full_11274,TTDPSFLGRY_HLA-A*01:01,tcr12966,1
vdjdb_full_1129,KLGGALQAK_HLA-A*03:01,tcr3738,1
vdjdb_full_11305,TTDPSFLGRY_HLA-A*01:01,tcr16040,1
vdjdb_full_11317,TTDPSFLGRY_HLA-A*01:01,tcr2255,1
vdjdb_full_11321,TTDPSFLGRY_HLA-A*01:01,tcr16168,1
vdjdb_full_11323,TTDPSFLGRY_HLA-A*01:01,tcr9512,1
vdjdb_full_11350,TTDPSFLGRY_HLA-A*01:01,tcr8253,1
vdjdb_full_11357,TTDPSFLGRY_HLA-A*01:01,tcr3932,1
vdjdb_full_11363,TTDPSFLGRY_HLA-A*01:01,tcr14415,1
vdjdb_full_11387,TTDPSFLGRY_HLA-A*01:01,tcr6855,1
vdjdb_full_11406,TTDPSFLGRY_HLA-A*01:01,tcr11957,1
vdjdb_full_11416,TTDPSFLGRY_HLA-A*01:01,tcr18166,1
vdjdb_full_11417,TTDPSFLGRY_HLA-A*01:01,tcr10231,1
vdjdb_full_11421,TTDPSFLGRY_HLA-A*01:01,tcr9557,1
vdjdb_full_11426,TTDPSFLGRY_HLA-A*01:01,tcr4653,1
vdjdb_full_11427,TTDPSFLGRY_HLA-A*01:01,tcr17674,1
vdjdb_full_11433,TTDPSFLGRY_HLA-A*01:01,tcr8322,1
vdjdb_full_11445,TTDPSFLGRY_HLA-A*01:01,tcr14060,1
vdjdb_full_11452,TTDPSFLGRY_HLA-A*01:01,tcr2513,1
vdjdb_full_11453,TTDPSFLGRY_HLA-A*01:01,tcr3624,1
vdjdb_full_11466,TTDPSFLGRY_HLA-A*01:01,tcr10331,1
vdjdb_full_11485,TTDPSFLGRY_HLA-A*01:01,tcr5972,1
vdjdb_full_11489,TTDPSFLGRY_HLA-A*01:01,tcr6767,1
vdjdb_full_11490,TTDPSFLGRY_HLA-A*01:01,tcr5182,1
vdjdb_full_11492,TTDPSFLGRY_HLA-A*01:01,tcr5865,1
vdjdb_full_11494,ATDALMTGF_HLA-A*01:01,tcr16144,1
vdjdb_full_11498,ATDALMTGF_HLA-A*01:01,tcr1790,1
vdjdb_full_11500,ATDALMTGF_HLA-A*01:01,tcr6928,1
vdjdb_full_11502,ATDALMTGF_HLA-A*01:01,tcr1680,1
vdjdb_full_11503,ATDALMTGF_HLA-A*01:01,tcr10991,1
vdjdb_full_11504,ATDALMTGF_HLA-A*01:01,tcr15642,1
vdjdb_full_11505,ATDALMTGF_HLA-A*01:01,tcr15850,1
vdjdb_full_11507,ATDALMTGF_HLA-A*01:01,tcr5025,1
vdjdb_full_11510,ATDALMTGF_HLA-A*01:01,tcr17024,1
vdjdb_full_11511,ATDALMTGF_HLA-A*01:01,tcr10293,1
vdjdb_full_11516,ATDALMTGF_HLA-A*01:01,tcr3287,1
vdjdb_full_11519,ATDALMTGF_HLA-A*01:01,tcr7448,1
vdjdb_full_11522,ATDALMTGF_HLA-A*01:01,tcr3584,1
vdjdb_full_11523,ATDALMTGF_HLA-A*01:01,tcr2831,1
vdjdb_full_11525,ATDALMTGF_HLA-A*01:01,tcr15581,1
vdjdb_full_11527,ATDALMTGF_HLA-A*01:01,tcr3312,1
vdjdb_full_11530,ATDALMTGF_HLA-A*01:01,tcr10303,1
vdjdb_full_11531,ATDALMTGF_HLA-A*01:01,tcr4497,1
vdjdb_full_11535,ATDALMTGF_HLA-A*01:01,tcr2482,1
vdjdb_full_11538,ATDALMTGF_HLA-A*01:01,tcr598,1
vdjdb_full_11539,ATDALMTGF_HLA-A*01:01,tcr1000,1
vdjdb_full_11540,ATDALMTGF_HLA-A*01:01,tcr6303,1
vdjdb_full_11541,ATDALMTGF_HLA-A*01:01,tcr5907,1
vdjdb_full_11543,ATDALMTGF_HLA-A*01:01,tcr3034,1
vdjdb_full_11544,ATDALMTGF_HLA-A*01:01,tcr7385,1
vdjdb_full_11545,ATDALMTGF_HLA-A*01:01,tcr8617,1
vdjdb_full_11546,ATDALMTGF_HLA-A*01:01,tcr14682,1
vdjdb_full_11551,ATDALMTGF_HLA-A*01:01,tcr3982,1
vdjdb_full_11553,ATDALMTGF_HLA-A*01:01,tcr5277,1
vdjdb_full_11555,ATDALMTGF_HLA-A*01:01,tcr944,1
vdjdb_full_11559,ATDALMTGF_HLA-A*01:01,tcr11990,1
vdjdb_full_11561,ATDALMTGF_HLA-A*01:01,tcr9744,1
vdjdb_full_11562,ATDALMTGF_HLA-A*01:01,tcr11836,1
vdjdb_full_11563,ATDALMTGF_HLA-A*01:01,tcr5775,1
vdjdb_full_11565,ATDALMTGF_HLA-A*01:01,tcr5991,1
vdjdb_full_11569,ATDALMTGF_HLA-A*01:01,tcr16605,1
vdjdb_full_11570,ATDALMTGF_HLA-A*01:01,tcr13451,1
vdjdb_full_11573,ATDALMTGF_HLA-A*01:01,tcr3324,1
vdjdb_full_11574,ATDALMTGF_HLA-A*01:01,tcr5184,1
vdjdb_full_11576,ATDALMTGF_HLA-A*01:01,tcr5551,1
vdjdb_full_11577,ATDALMTGF_HLA-A*01:01,tcr5257,1
vdjdb_full_11578,ATDALMTGF_HLA-A*01:01,tcr16098,1
vdjdb_full_11581,ATDALMTGF_HLA-A*01:01,tcr64,1
vdjdb_full_11582,ATDALMTGF_HLA-A*01:01,tcr11930,1
vdjdb_full_11585,ATDALMTGF_HLA-A*01:01,tcr17586,1
vdjdb_full_11588,ATDALMTGF_HLA-A*01:01,tcr227,1
vdjdb_full_11590,ATDALMTGF_HLA-A*01:01,tcr7159,1
vdjdb_full_11591,ATDALMTGF_HLA-A*01:01,tcr14754,1
vdjdb_full_11595,ATDALMTGF_HLA-A*01:01,tcr14141,1
vdjdb_full_11596,ATDALMTGF_HLA-A*01:01,tcr14513,1
vdjdb_full_11598,ATDALMTGF_HLA-A*01:01,tcr5204,1
vdjdb_full_11599,ATDALMTGF_HLA-A*01:01,tcr3615,1
vdjdb_full_11602,ATDALMTGF_HLA-A*01:01,tcr5359,1
vdjdb_full_11605,ATDALMTGF_HLA-A*01:01,tcr17402,1
vdjdb_full_11606,ATDALMTGF_HLA-A*01:01,tcr16545,1
vdjdb_full_11607,ATDALMTGF_HLA-A*01:01,tcr3873,1
vdjdb_full_11608,ATDALMTGF_HLA-A*01:01,tcr13700,1
vdjdb_full_11609,ATDALMTGF_HLA-A*01:01,tcr1460,1
vdjdb_full_11612,ATDALMTGF_HLA-A*01:01,tcr4464,1
vdjdb_full_11616,ATDALMTGF_HLA-A*01:01,tcr3460,1
vdjdb_full_11617,ATDALMTGF_HLA-A*01:01,tcr11076,1
vdjdb_full_11618,ATDALMTGF_HLA-A*01:01,tcr9863,1
vdjdb_full_11619,ATDALMTGF_HLA-A*01:01,tcr11596,1
vdjdb_full_11621,ATDALMTGF_HLA-A*01:01,tcr14461,1
vdjdb_full_11623,ATDALMTGF_HLA-A*01:01,tcr2107,1
vdjdb_full_11626,ELAGIGILTV_HLA-A*02:01,tcr5857,1
vdjdb_full_11629,ELAGIGILTV_HLA-A*02:01,tcr16274,1
vdjdb_full_11631,ELAGIGILTV_HLA-A*02:01,tcr1530,1
vdjdb_full_11635,ELAGIGILTV_HLA-A*02:01,tcr2101,1
vdjdb_full_11641,ELAGIGILTV_HLA-A*02:01,tcr12357,1
vdjdb_full_11644,ELAGIGILTV_HLA-A*02:01,tcr179,1
vdjdb_full_11651,ELAGIGILTV_HLA-A*02:01,tcr10322,1
vdjdb_full_11656,ELAGIGILTV_HLA-A*02:01,tcr3044,1
vdjdb_full_11657,ELAGIGILTV_HLA-A*02:01,tcr11505,1
vdjdb_full_11659,ELAGIGILTV_HLA-A*02:01,tcr17628,1
vdjdb_full_11665,ELAGIGILTV_HLA-A*02:01,tcr8602,1
vdjdb_full_11668,ELAGIGILTV_HLA-A*02:01,tcr13657,1
vdjdb_full_11671,ELAGIGILTV_HLA-A*02:01,tcr13471,1
vdjdb_full_11672,ELAGIGILTV_HLA-A*02:01,tcr122,1
vdjdb_full_11681,ELAGIGILTV_HLA-A*02:01,tcr4029,1
vdjdb_full_11689,ELAGIGILTV_HLA-A*02:01,tcr11523,1
vdjdb_full_11696,ELAGIGILTV_HLA-A*02:01,tcr16815,1
vdjdb_full_11698,ELAGIGILTV_HLA-A*02:01,tcr8169,1
vdjdb_full_11699,ELAGIGILTV_HLA-A*02:01,tcr3267,1
vdjdb_full_11701,ELAGIGILTV_HLA-A*02:01,tcr13691,1
vdjdb_full_11702,ELAGIGILTV_HLA-A*02:01,tcr15380,1
vdjdb_full_11703,ELAGIGILTV_HLA-A*02:01,tcr4771,1
vdjdb_full_11704,ELAGIGILTV_HLA-A*02:01,tcr15847,1
vdjdb_full_11708,ELAGIGILTV_HLA-A*02:01,tcr8603,1
vdjdb_full_11710,ELAGIGILTV_HLA-A*02:01,tcr10905,1
vdjdb_full_11716,ELAGIGILTV_HLA-A*02:01,tcr5985,1
vdjdb_full_11720,ELAGIGILTV_HLA-A*02:01,tcr15815,1
vdjdb_full_11727,ELAGIGILTV_HLA-A*02:01,tcr14052,1
vdjdb_full_11730,ELAGIGILTV_HLA-A*02:01,tcr6739,1
vdjdb_full_11734,ELAGIGILTV_HLA-A*02:01,tcr8181,1
vdjdb_full_11739,ELAGIGILTV_HLA-A*02:01,tcr14142,1
vdjdb_full_11740,ELAGIGILTV_HLA-A*02:01,tcr5036,1
vdjdb_full_11742,ELAGIGILTV_HLA-A*02:01,tcr5874,1
vdjdb_full_11744,ELAGIGILTV_HLA-A*02:01,tcr11858,1
vdjdb_full_11750,ELAGIGILTV_HLA-A*02:01,tcr6390,1
vdjdb_full_11757,ELAGIGILTV_HLA-A*02:01,tcr9975,1
vdjdb_full_11758,ELAGIGILTV_HLA-A*02:01,tcr3934,1
vdjdb_full_11766,ELAGIGILTV_HLA-A*02:01,tcr6085,1
vdjdb_full_11772,ELAGIGILTV_HLA-A*02:01,tcr9416,1
vdjdb_full_11775,ELAGIGILTV_HLA-A*02:01,tcr512,1
vdjdb_full_11780,ELAGIGILTV_HLA-A*02:01,tcr14085,1
vdjdb_full_11784,ELAGIGILTV_HLA-A*02:01,tcr5962,1
vdjdb_full_11785,ELAGIGILTV_HLA-A*02:01,tcr10016,1
vdjdb_full_11794,ELAGIGILTV_HLA-A*02:01,tcr12107,1
vdjdb_full_11800,ELAGIGILTV_HLA-A*02:01,tcr4969,1
vdjdb_full_11803,ELAGIGILTV_HLA-A*02:01,tcr5821,1
vdjdb_full_11804,ELAGIGILTV_HLA-A*02:01,tcr9697,1
vdjdb_full_11811,ELAGIGILTV_HLA-A*02:01,tcr8214,1
vdjdb_full_11851,ELAGIGILTV_HLA-A*02:01,tcr5500,1
vdjdb_full_11858,ELAGIGILTV_HLA-A*02:01,tcr11423,1
vdjdb_full_11863,ELAGIGILTV_HLA-A*02:01,tcr10063,1
vdjdb_full_11867,ELAGIGILTV_HLA-A*02:01,tcr15559,1
vdjdb_full_11875,ELAGIGILTV_HLA-A*02:01,tcr3835,1
vdjdb_full_11877,ELAGIGILTV_HLA-A*02:01,tcr6821,1
vdjdb_full_11878,ELAGIGILTV_HLA-A*02:01,tcr764,1
vdjdb_full_11879,ELAGIGILTV_HLA-A*02:01,tcr7116,1
vdjdb_full_11885,ELAGIGILTV_HLA-A*02:01,tcr6559,1
vdjdb_full_11891,ELAGIGILTV_HLA-A*02:01,tcr5374,1
vdjdb_full_11892,ELAGIGILTV_HLA-A*02:01,tcr5369,1
vdjdb_full_11901,ELAGIGILTV_HLA-A*02:01,tcr6573,1
vdjdb_full_11902,ELAGIGILTV_HLA-A*02:01,tcr6469,1
vdjdb_full_11904,ELAGIGILTV_HLA-A*02:01,tcr1501,1
vdjdb_full_11914,ELAGIGILTV_HLA-A*02:01,tcr1298,1
vdjdb_full_11917,ELAGIGILTV_HLA-A*02:01,tcr3759,1
vdjdb_full_11927,ELAGIGILTV_HLA-A*02:01,tcr8368,1
vdjdb_full_11942,ELAGIGILTV_HLA-A*02:01,tcr13405,1
vdjdb_full_11947,ELAGIGILTV_HLA-A*02:01,tcr3389,1
vdjdb_full_11948,ELAGIGILTV_HLA-A*02:01,tcr15636,1
vdjdb_full_11952,ELAGIGILTV_HLA-A*02:01,tcr17337,1
vdjdb_full_11954,ELAGIGILTV_HLA-A*02:01,tcr2055,1
vdjdb_full_11957,ELAGIGILTV_HLA-A*02:01,tcr8108,1
vdjdb_full_11962,ELAGIGILTV_HLA-A*02:01,tcr9765,1
vdjdb_full_11963,ELAGIGILTV_HLA-A*02:01,tcr5793,1
vdjdb_full_11966,ELAGIGILTV_HLA-A*02:01,tcr3937,1
vdjdb_full_11970,ELAGIGILTV_HLA-A*02:01,tcr6581,1
vdjdb_full_11975,ELAGIGILTV_HLA-A*02:01,tcr12573,1
vdjdb_full_11985,ELAGIGILTV_HLA-A*02:01,tcr8619,1
vdjdb_full_11988,ELAGIGILTV_HLA-A*02:01,tcr6309,1
vdjdb_full_11989,ELAGIGILTV_HLA-A*02:01,tcr11439,1
vdjdb_full_11991,ELAGIGILTV_HLA-A*02:01,tcr1523,1
vdjdb_full_11997,ELAGIGILTV_HLA-A*02:01,tcr8798,1
vdjdb_full_11999,ELAGIGILTV_HLA-A*02:01,tcr2355,1
vdjdb_full_12,QAKWRLQTL_HLA-B*08:01,tcr11231,1
vdjdb_full_12000,ELAGIGILTV_HLA-A*02:01,tcr949,1
vdjdb_full_12001,ELAGIGILTV_HLA-A*02:01,tcr15821,1
vdjdb_full_12017,ELAGIGILTV_HLA-A*02:01,tcr10580,1
vdjdb_full_12019,ELAGIGILTV_HLA-A*02:01,tcr12066,1
vdjdb_full_12025,ELAGIGILTV_HLA-A*02:01,tcr14082,1
vdjdb_full_12026,ELAGIGILTV_HLA-A*02:01,tcr702,1
vdjdb_full_12033,ALAGIGILTV_HLA-A*02:01,tcr5453,1
vdjdb_full_12034,ALAGIGILTV_HLA-A*02:01,tcr5887,1
vdjdb_full_12035,ALAGIGILTV_HLA-A*02:01,tcr1816,1
vdjdb_full_12036,ALAGIGILTV_HLA-A*02:01,tcr18301,1
vdjdb_full_12037,ALAGIGILTV_HLA-A*02:01,tcr11133,1
vdjdb_full_12038,ALAGIGILTV_HLA-A*02:01,tcr14766,1
vdjdb_full_12040,ALAGIGILTV_HLA-A*02:01,tcr9915,1
vdjdb_full_12041,ALAGIGILTV_HLA-A*02:01,tcr8960,1
vdjdb_full_12042,ALAGIGILTV_HLA-A*02:01,tcr6926,1
vdjdb_full_12043,ALAGIGILTV_HLA-A*02:01,tcr11313,1
vdjdb_full_12044,ALAGIGILTV_HLA-A*02:01,tcr3491,1
vdjdb_full_12046,ALAGIGILTV_HLA-A*02:01,tcr2379,1
vdjdb_full_12047,ALAGIGILTV_HLA-A*02:01,tcr12392,1
vdjdb_full_12048,ALAGIGILTV_HLA-A*02:01,tcr7287,1
vdjdb_full_12049,ALAGIGILTV_HLA-A*02:01,tcr7314,1
vdjdb_full_12050,ALAGIGILTV_HLA-A*02:01,tcr7300,1
vdjdb_full_12051,ALAGIGILTV_HLA-A*02:01,tcr16601,1
vdjdb_full_12052,ALAGIGILTV_HLA-A*02:01,tcr2222,1
vdjdb_full_12053,ALAGIGILTV_HLA-A*02:01,tcr6478,1
vdjdb_full_12054,ALAGIGILTV_HLA-A*02:01,tcr1537,1
vdjdb_full_12057,ALAGIGILTV_HLA-A*02:01,tcr14753,1
vdjdb_full_12058,ALAGIGILTV_HLA-A*02:01,tcr8581,1
vdjdb_full_12059,ALAGIGILTV_HLA-A*02:01,tcr3335,1
vdjdb_full_12060,ALAGIGILTV_HLA-A*02:01,tcr11342,1
vdjdb_full_12061,ALAGIGILTV_HLA-A*02:01,tcr7802,1
vdjdb_full_12062,ALAGIGILTV_HLA-A*02:01,tcr2042,1
vdjdb_full_12063,ALAGIGILTV_HLA-A*02:01,tcr7045,1
vdjdb_full_12064,ALAGIGILTV_HLA-A*02:01,tcr4156,1
vdjdb_full_12065,ALAGIGILTV_HLA-A*02:01,tcr7293,1
vdjdb_full_12066,ALAGIGILTV_HLA-A*02:01,tcr678,1
vdjdb_full_12067,ALAGIGILTV_HLA-A*02:01,tcr2833,1
vdjdb_full_12068,ALAGIGILTV_HLA-A*02:01,tcr11883,1
vdjdb_full_12070,ALAGIGILTV_HLA-A*02:01,tcr7671,1
vdjdb_full_12072,ALAGIGILTV_HLA-A*02:01,tcr17850,1
vdjdb_full_12073,ALAGIGILTV_HLA-A*02:01,tcr9931,1
vdjdb_full_12075,ALAGIGILTV_HLA-A*02:01,tcr13127,1
vdjdb_full_12076,ALAGIGILTV_HLA-A*02:01,tcr9542,1
vdjdb_full_12077,ALAGIGILTV_HLA-A*02:01,tcr8568,1
vdjdb_full_12078,ALAGIGILTV_HLA-A*02:01,tcr16075,1
vdjdb_full_12079,ALAGIGILTV_HLA-A*02:01,tcr15665,1
vdjdb_full_12082,ALAGIGILTV_HLA-A*02:01,tcr15459,1
vdjdb_full_12083,ALAGIGILTV_HLA-A*02:01,tcr9343,1
vdjdb_full_12084,ALAGIGILTV_HLA-A*02:01,tcr17541,1
vdjdb_full_12085,ALAGIGILTV_HLA-A*02:01,tcr2641,1
vdjdb_full_12086,ALAGIGILTV_HLA-A*02:01,tcr235,1
vdjdb_full_12087,ALAGIGILTV_HLA-A*02:01,tcr11781,1
vdjdb_full_12088,ALAGIGILTV_HLA-A*02:01,tcr12348,1
vdjdb_full_12089,ALAGIGILTV_HLA-A*02:01,tcr12278,1
vdjdb_full_12090,ALAGIGILTV_HLA-A*02:01,tcr15603,1
vdjdb_full_12091,ALAGIGILTV_HLA-A*02:01,tcr9334,1
vdjdb_full_12092,ALAGIGILTV_HLA-A*02:01,tcr6470,1
vdjdb_full_12094,ALAGIGILTV_HLA-A*02:01,tcr4322,1
vdjdb_full_12095,ALAGIGILTV_HLA-A*02:01,tcr7587,1
vdjdb_full_12096,ALAGIGILTV_HLA-A*02:01,tcr8966,1
vdjdb_full_12097,ALAGIGILTV_HLA-A*02:01,tcr17045,1
vdjdb_full_12098,ALAGIGILTV_HLA-A*02:01,tcr6689,1
vdjdb_full_12099,ALAGIGILTV_HLA-A*02:01,tcr1007,1
vdjdb_full_12100,ALAGIGILTV_HLA-A*02:01,tcr6134,1
vdjdb_full_12101,ALAGIGILTV_HLA-A*02:01,tcr11331,1
vdjdb_full_12102,ALAGIGILTV_HLA-A*02:01,tcr13082,1
vdjdb_full_12103,ALAGIGILTV_HLA-A*02:01,tcr9763,1
vdjdb_full_12104,ALAGIGILTV_HLA-A*02:01,tcr14107,1
vdjdb_full_12105,ALAGIGILTV_HLA-A*02:01,tcr610,1
vdjdb_full_12107,YLQQNWWTL_HLA-A*02:01,tcr12842,1
vdjdb_full_12108,YLQQNWWTL_HLA-A*02:01,tcr4566,1
vdjdb_full_12114,YLQQNWWTL_HLA-A*02:01,tcr14825,1
vdjdb_full_12116,YLQQNWWTL_HLA-A*02:01,tcr3051,1
vdjdb_full_12117,YLQQNWWTL_HLA-A*02:01,tcr4748,1
vdjdb_full_12119,YLQQNWWTL_HLA-A*02:01,tcr249,1
vdjdb_full_12120,YLQQNWWTL_HLA-A*02:01,tcr12780,1
vdjdb_full_12121,YLQQNWWTL_HLA-A*02:01,tcr1845,1
vdjdb_full_12122,YLQQNWWTL_HLA-A*02:01,tcr2987,1
vdjdb_full_12123,FTSDYYQLY_HLA-A*01:01,tcr8457,1
vdjdb_full_12130,FTSDYYQLY_HLA-A*01:01,tcr453,1
vdjdb_full_12131,FTSDYYQLY_HLA-A*01:01,tcr18153,1
vdjdb_full_12132,FTSDYYQLY_HLA-A*01:01,tcr1824,1
vdjdb_full_12135,FTSDYYQLY_HLA-A*01:01,tcr10526,1
vdjdb_full_12138,FTSDYYQLY_HLA-A*01:01,tcr11041,1
vdjdb_full_12141,FTSDYYQLY_HLA-A*01:01,tcr4025,1
vdjdb_full_12142,FTSDYYQLY_HLA-A*01:01,tcr8527,1
vdjdb_full_12147,FTSDYYQLY_HLA-A*01:01,tcr15666,1
vdjdb_full_12148,FTSDYYQLY_HLA-A*01:01,tcr16097,1
vdjdb_full_12154,FTSDYYQLY_HLA-A*01:01,tcr8571,1
vdjdb_full_12156,FTSDYYQLY_HLA-A*01:01,tcr16525,1
vdjdb_full_12159,FTSDYYQLY_HLA-A*01:01,tcr3698,1
vdjdb_full_12163,IMDQVPFSV_HLA-A*02:01,tcr3475,1
vdjdb_full_12164,IMDQVPFSV_HLA-A*02:01,tcr7642,1
vdjdb_full_12165,IMDQVPFSV_HLA-A*02:01,tcr4012,1
vdjdb_full_12166,IMDQVPFSV_HLA-A*02:01,tcr5016,1
vdjdb_full_12167,IMDQVPFSV_HLA-A*02:01,tcr6629,1
vdjdb_full_12168,IMDQVPFSV_HLA-A*02:01,tcr3289,1
vdjdb_full_12169,IMDQVPFSV_HLA-A*02:01,tcr4883,1
vdjdb_full_12170,IMDQVPFSV_HLA-A*02:01,tcr2568,1
vdjdb_full_12172,IMDQVPFSV_HLA-A*02:01,tcr429,1
vdjdb_full_12173,IMDQVPFSV_HLA-A*02:01,tcr14348,1
vdjdb_full_12174,IMDQVPFSV_HLA-A*02:01,tcr13568,1
vdjdb_full_12175,IMDQVPFSV_HLA-A*02:01,tcr12900,1
vdjdb_full_12176,IMDQVPFSV_HLA-A*02:01,tcr14756,1
vdjdb_full_12229,IVTDFSVIK_HLA-A*11:01,tcr9720,1
vdjdb_full_12250,IVTDFSVIK_HLA-A*11:01,tcr7435,1
vdjdb_full_12251,IVTDFSVIK_HLA-A*11:01,tcr3620,1
vdjdb_full_12259,IVTDFSVIK_HLA-A*11:01,tcr11937,1
vdjdb_full_12262,IVTDFSVIK_HLA-A*11:01,tcr4162,1
vdjdb_full_12316,IVTDFSVIK_HLA-A*11:01,tcr6877,1
vdjdb_full_12329,IVTDFSVIK_HLA-A*11:01,tcr7478,1
vdjdb_full_12337,IVTDFSVIK_HLA-A*11:01,tcr5333,1
vdjdb_full_1234,KLGGALQAK_HLA-A*03:01,tcr3201,1
vdjdb_full_12346,IVTDFSVIK_HLA-A*11:01,tcr2929,1
vdjdb_full_12358,IVTDFSVIK_HLA-A*11:01,tcr12689,1
vdjdb_full_12443,IVTDFSVIK_HLA-A*11:01,tcr10636,1
vdjdb_full_12496,IVTDFSVIK_HLA-A*11:01,tcr17436,1
vdjdb_full_12509,IVTDFSVIK_HLA-A*11:01,tcr14864,1
vdjdb_full_12525,IVTDFSVIK_HLA-A*11:01,tcr4313,1
vdjdb_full_12552,IVTDFSVIK_HLA-A*11:01,tcr8107,1
vdjdb_full_12553,IVTDFSVIK_HLA-A*11:01,tcr9851,1
vdjdb_full_12660,IVTDFSVIK_HLA-A*11:01,tcr17417,1
vdjdb_full_12674,IVTDFSVIK_HLA-A*11:01,tcr4036,1
vdjdb_full_12750,IVTDFSVIK_HLA-A*11:01,tcr1505,1
vdjdb_full_12774,IVTDFSVIK_HLA-A*11:01,tcr14725,1
vdjdb_full_12800,IVTDFSVIK_HLA-A*11:01,tcr8233,1
vdjdb_full_1281,KLGGALQAK_HLA-A*03:01,tcr17750,1
vdjdb_full_12818,IVTDFSVIK_HLA-A*11:01,tcr5423,1
vdjdb_full_12825,IVTDFSVIK_HLA-A*11:01,tcr9781,1
vdjdb_full_12830,IVTDFSVIK_HLA-A*11:01,tcr15664,1
vdjdb_full_12861,IVTDFSVIK_HLA-A*11:01,tcr10584,1
vdjdb_full_12871,IVTDFSVIK_HLA-A*11:01,tcr907,1
vdjdb_full_1298,KLGGALQAK_HLA-A*03:01,tcr15479,1
vdjdb_full_13,QAKWRLQTL_HLA-B*08:01,tcr14915,1
vdjdb_full_13156,DATYQRTRALVR_HLA-A*68:01,tcr2916,1
vdjdb_full_13167,DATYQRTRALVR_HLA-A*68:01,tcr1866,1
vdjdb_full_13216,DATYQRTRALVR_HLA-A*68:01,tcr16337,1
vdjdb_full_13221,DATYQRTRALVR_HLA-A*68:01,tcr4189,1
vdjdb_full_13227,DATYQRTRALVR_HLA-A*68:01,tcr12502,1
vdjdb_full_13250,HPVGEADYFEY_HLA-B*35:01,tcr15326,1
vdjdb_full_13251,HPVGEADYFEY_HLA-B*35:01,tcr17869,1
vdjdb_full_13252,HPVGEADYFEY_HLA-B*35:01,tcr2953,1
vdjdb_full_13253,HPVGEADYFEY_HLA-B*35:01,tcr17189,1
vdjdb_full_13254,HPVGEADYFEY_HLA-B*35:01,tcr12233,1
vdjdb_full_13255,HPVGEADYFEY_HLA-B*35:01,tcr3148,1
vdjdb_full_13256,HPVGEADYFEY_HLA-B*35:01,tcr5286,1
vdjdb_full_13257,HPVGEADYFEY_HLA-B*35:01,tcr11885,1
vdjdb_full_13258,HPVGEADYFEY_HLA-B*35:01,tcr4418,1
vdjdb_full_13259,CLGGLLTMV_HLA-A*02:01,tcr3465,1
vdjdb_full_13262,CLGGLLTMV_HLA-A*02:01,tcr5660,1
vdjdb_full_13267,CLGGLLTMV_HLA-A*02:01,tcr13304,1
vdjdb_full_13268,CLGGLLTMV_HLA-A*02:01,tcr2360,1
vdjdb_full_13273,CLGGLLTMV_HLA-A*02:01,tcr4101,1
vdjdb_full_13276,CLGGLLTMV_HLA-A*02:01,tcr12195,1
vdjdb_full_13277,CLGGLLTMV_HLA-A*02:01,tcr14069,1
vdjdb_full_13286,CLGGLLTMV_HLA-A*02:01,tcr3230,1
vdjdb_full_13288,CLGGLLTMV_HLA-A*02:01,tcr8094,1
vdjdb_full_13290,CLGGLLTMV_HLA-A*02:01,tcr14818,1
vdjdb_full_13293,CLGGLLTMV_HLA-A*02:01,tcr7956,1
vdjdb_full_13302,CLGGLLTMV_HLA-A*02:01,tcr14081,1
vdjdb_full_13313,CLGGLLTMV_HLA-A*02:01,tcr7424,1
vdjdb_full_13317,CLGGLLTMV_HLA-A*02:01,tcr12157,1
vdjdb_full_13333,CLGGLLTMV_HLA-A*02:01,tcr16451,1
vdjdb_full_13337,CLGGLLTMV_HLA-A*02:01,tcr2886,1
vdjdb_full_13341,CLGGLLTMV_HLA-A*02:01,tcr2550,1
vdjdb_full_13342,CLGGLLTMV_HLA-A*02:01,tcr13936,1
vdjdb_full_13345,CLGGLLTMV_HLA-A*02:01,tcr13517,1
vdjdb_full_13350,RMFPNAPYL_HLA-A*02:01,tcr16712,1
vdjdb_full_13353,RMFPNAPYL_HLA-A*02:01,tcr9182,1
vdjdb_full_13355,RMFPNAPYL_HLA-A*02:01,tcr475,1
vdjdb_full_13357,RMFPNAPYL_HLA-A*02:01,tcr17050,1
vdjdb_full_13358,RMFPNAPYL_HLA-A*02:01,tcr9307,1
vdjdb_full_13360,RMFPNAPYL_HLA-A*02:01,tcr10972,1
vdjdb_full_13361,RMFPNAPYL_HLA-A*02:01,tcr16152,1
vdjdb_full_13369,LPRWYFYYL_HLA-B*07:02,tcr12480,1
vdjdb_full_13370,LPRWYFYYL_HLA-B*07:02,tcr14329,1
vdjdb_full_13374,LPRWYFYYL_HLA-B*07:02,tcr12749,1
vdjdb_full_13375,LPRWYFYYL_HLA-B*07:02,tcr6352,1
vdjdb_full_13376,LPRWYFYYL_HLA-B*07:02,tcr3353,1
vdjdb_full_13377,LPRWYFYYL_HLA-B*07:02,tcr15991,1
vdjdb_full_13378,LPRWYFYYL_HLA-B*07:02,tcr7838,1
vdjdb_full_13379,LPRWYFYYL_HLA-B*07:02,tcr7059,1
vdjdb_full_13380,LPRWYFYYL_HLA-B*07:02,tcr5081,1
vdjdb_full_13383,LPRWYFYYL_HLA-B*07:02,tcr7194,1
vdjdb_full_13389,FLYALALLL_HLA-A*02:01,tcr5984,1
vdjdb_full_13390,FLYALALLL_HLA-A*02:01,tcr5425,1
vdjdb_full_13391,FLYALALLL_HLA-A*02:01,tcr13424,1
vdjdb_full_13392,FLYALALLL_HLA-A*02:01,tcr656,1
vdjdb_full_13393,FLYALALLL_HLA-A*02:01,tcr1334,1
vdjdb_full_13396,FLYALALLL_HLA-A*02:01,tcr7611,1
vdjdb_full_13397,FLYALALLL_HLA-A*02:01,tcr12100,1
vdjdb_full_13399,FLYALALLL_HLA-A*02:01,tcr476,1
vdjdb_full_13400,FLYALALLL_HLA-A*02:01,tcr13534,1
vdjdb_full_13405,FLYALALLL_HLA-A*02:01,tcr10463,1
vdjdb_full_13406,FLYALALLL_HLA-A*02:01,tcr2459,1
vdjdb_full_13410,FLYALALLL_HLA-A*02:01,tcr3073,1
vdjdb_full_13413,FLYALALLL_HLA-A*02:01,tcr16130,1
vdjdb_full_13414,FLYALALLL_HLA-A*02:01,tcr8732,1
vdjdb_full_13416,FLYALALLL_HLA-A*02:01,tcr8843,1
vdjdb_full_13420,FLYALALLL_HLA-A*02:01,tcr17340,1
vdjdb_full_13421,FLYALALLL_HLA-A*02:01,tcr6007,1
vdjdb_full_13425,FLYALALLL_HLA-A*02:01,tcr11775,1
vdjdb_full_13426,FLYALALLL_HLA-A*02:01,tcr9351,1
vdjdb_full_13427,FLYALALLL_HLA-A*02:01,tcr16460,1
vdjdb_full_13428,FLYALALLL_HLA-A*02:01,tcr17357,1
vdjdb_full_13429,FLYALALLL_HLA-A*02:01,tcr10927,1
vdjdb_full_13430,FLYALALLL_HLA-A*02:01,tcr16377,1
vdjdb_full_13435,FLYALALLL_HLA-A*02:01,tcr7864,1
vdjdb_full_13440,FLYALALLL_HLA-A*02:01,tcr9125,1
vdjdb_full_13441,FLYALALLL_HLA-A*02:01,tcr16427,1
vdjdb_full_13442,FLYALALLL_HLA-A*02:01,tcr15248,1
vdjdb_full_13446,FLYALALLL_HLA-A*02:01,tcr7572,1
vdjdb_full_13450,FLYALALLL_HLA-A*02:01,tcr7095,1
vdjdb_full_13455,FLYALALLL_HLA-A*02:01,tcr15506,1
vdjdb_full_13459,FLYALALLL_HLA-A*02:01,tcr3083,1
vdjdb_full_13463,FLYALALLL_HLA-A*02:01,tcr3136,1
vdjdb_full_13464,FLYALALLL_HLA-A*02:01,tcr11610,1
vdjdb_full_13467,FLYALALLL_HLA-A*02:01,tcr8299,1
vdjdb_full_13468,FLYALALLL_HLA-A*02:01,tcr11864,1
vdjdb_full_13471,FLYALALLL_HLA-A*02:01,tcr8949,1
vdjdb_full_13475,FLYALALLL_HLA-A*02:01,tcr10681,1
vdjdb_full_13476,FLYALALLL_HLA-A*02:01,tcr2747,1
vdjdb_full_13477,FLYALALLL_HLA-A*02:01,tcr575,1
vdjdb_full_13480,FLYALALLL_HLA-A*02:01,tcr14748,1
vdjdb_full_13483,FLYALALLL_HLA-A*02:01,tcr14385,1
vdjdb_full_13487,FLYALALLL_HLA-A*02:01,tcr10574,1
vdjdb_full_13490,FLYALALLL_HLA-A*02:01,tcr17769,1
vdjdb_full_13491,FLYALALLL_HLA-A*02:01,tcr10394,1
vdjdb_full_13492,FLYALALLL_HLA-A*02:01,tcr17247,1
vdjdb_full_13494,FLYALALLL_HLA-A*02:01,tcr9253,1
vdjdb_full_13496,FLYALALLL_HLA-A*02:01,tcr17472,1
vdjdb_full_13498,FLYALALLL_HLA-A*02:01,tcr5702,1
vdjdb_full_13513,LLFGYPVYV_HLA-A*02:01,tcr951,1
vdjdb_full_13515,LLFGYPVYV_HLA-A*02:01,tcr17492,1
vdjdb_full_13520,LLFGYPVYV_HLA-A*02:01,tcr13244,1
vdjdb_full_13522,LLFGYPVYV_HLA-A*02:01,tcr16813,1
vdjdb_full_13523,LLFGYPVYV_HLA-A*02:01,tcr16845,1
vdjdb_full_13525,LLFGYPVYV_HLA-A*02:01,tcr232,1
vdjdb_full_13526,LLFGYPVYV_HLA-A*02:01,tcr1751,1
vdjdb_full_13527,LLFGYPVYV_HLA-A*02:01,tcr14311,1
vdjdb_full_13528,LLFGYPVYV_HLA-A*02:01,tcr12497,1
vdjdb_full_13530,LLFGYPVYV_HLA-A*02:01,tcr17902,1
vdjdb_full_13531,LLFGYPVYV_HLA-A*02:01,tcr9560,1
vdjdb_full_13532,LLFGYPVYV_HLA-A*02:01,tcr8893,1
vdjdb_full_13534,LLFGYPVYV_HLA-A*02:01,tcr7254,1
vdjdb_full_13535,LLFGYPVYV_HLA-A*02:01,tcr5656,1
vdjdb_full_13536,LLFGYPVYV_HLA-A*02:01,tcr5820,1
vdjdb_full_13537,LLFGYPVYV_HLA-A*02:01,tcr9998,1
vdjdb_full_13542,LLFGYPVYV_HLA-A*02:01,tcr14379,1
vdjdb_full_13543,LLFGYPVYV_HLA-A*02:01,tcr5052,1
vdjdb_full_13544,LLFGYPVYV_HLA-A*02:01,tcr6593,1
vdjdb_full_13546,LLFGYPVYV_HLA-A*02:01,tcr728,1
vdjdb_full_13547,LLFGYPVYV_HLA-A*02:01,tcr15904,1
vdjdb_full_13548,LLFGYPVYV_HLA-A*02:01,tcr18174,1
vdjdb_full_13549,LLFGYPVYV_HLA-A*02:01,tcr1927,1
vdjdb_full_13551,LLFGYPVYV_HLA-A*02:01,tcr11268,1
vdjdb_full_13553,LLFGYPVYV_HLA-A*02:01,tcr2349,1
vdjdb_full_13555,LLFGYPVYV_HLA-A*02:01,tcr15472,1
vdjdb_full_13562,KTFPPTEPK_HLA-A*03:01,tcr12037,1
vdjdb_full_13565,KTFPPTEPK_HLA-A*03:01,tcr1292,1
vdjdb_full_13566,KTFPPTEPK_HLA-A*03:01,tcr3756,1
vdjdb_full_13567,KTFPPTEPK_HLA-A*03:01,tcr15656,1
vdjdb_full_13577,KTFPPTEPK_HLA-A*03:01,tcr3868,1
vdjdb_full_13584,KTFPPTEPK_HLA-A*03:01,tcr5076,1
vdjdb_full_13586,KTFPPTEPK_HLA-A*03:01,tcr12224,1
vdjdb_full_13592,KTFPPTEPK_HLA-A*03:01,tcr18258,1
vdjdb_full_13594,KTFPPTEPK_HLA-A*03:01,tcr12191,1
vdjdb_full_13595,KTFPPTEPK_HLA-A*03:01,tcr11632,1
vdjdb_full_1360,KLGGALQAK_HLA-A*03:01,tcr7347,1
vdjdb_full_13601,KTFPPTEPK_HLA-A*03:01,tcr11628,1
vdjdb_full_13609,KTFPPTEPK_HLA-A*03:01,tcr10551,1
vdjdb_full_13610,KTFPPTEPK_HLA-A*03:01,tcr14882,1
vdjdb_full_13619,KTFPPTEPK_HLA-A*03:01,tcr6402,1
vdjdb_full_13638,KTFPPTEPK_HLA-A*03:01,tcr6014,1
vdjdb_full_13642,KTFPPTEPK_HLA-A*03:01,tcr847,1
vdjdb_full_13649,KTFPPTEPK_HLA-A*03:01,tcr7832,1
vdjdb_full_13650,KTFPPTEPK_HLA-A*03:01,tcr8288,1
vdjdb_full_13652,KTFPPTEPK_HLA-A*03:01,tcr11811,1
vdjdb_full_13654,KTFPPTEPK_HLA-A*03:01,tcr11204,1
vdjdb_full_13656,KTFPPTEPK_HLA-A*03:01,tcr5147,1
vdjdb_full_13666,KTFPPTEPK_HLA-A*03:01,tcr16637,1
vdjdb_full_13667,KTFPPTEPK_HLA-A*03:01,tcr2723,1
vdjdb_full_13668,KTFPPTEPK_HLA-A*03:01,tcr14023,1
vdjdb_full_13674,QYDPVAALF_HLA-A*24:02,tcr2203,1
vdjdb_full_13680,QYDPVAALF_HLA-A*24:02,tcr1861,1
vdjdb_full_13682,QYDPVAALF_HLA-A*24:02,tcr12941,1
vdjdb_full_13691,TPRVTGGGAM_HLA-B*07:02,tcr8903,1
vdjdb_full_13694,TPRVTGGGAM_HLA-B*07:02,tcr5331,1
vdjdb_full_13696,TPRVTGGGAM_HLA-B*07:02,tcr16350,1
vdjdb_full_13702,TPRVTGGGAM_HLA-B*07:02,tcr4113,1
vdjdb_full_13704,TPRVTGGGAM_HLA-B*07:02,tcr622,1
vdjdb_full_13707,TPRVTGGGAM_HLA-B*07:02,tcr15798,1
vdjdb_full_13714,TPRVTGGGAM_HLA-B*07:02,tcr2808,1
vdjdb_full_13718,TPRVTGGGAM_HLA-B*07:02,tcr17276,1
vdjdb_full_13719,TPRVTGGGAM_HLA-B*07:02,tcr12451,1
vdjdb_full_13720,TPRVTGGGAM_HLA-B*07:02,tcr2876,1
vdjdb_full_13724,TPRVTGGGAM_HLA-B*07:02,tcr11262,1
vdjdb_full_13731,TPRVTGGGAM_HLA-B*07:02,tcr784,1
vdjdb_full_13733,TPRVTGGGAM_HLA-B*07:02,tcr4427,1
vdjdb_full_13737,TPRVTGGGAM_HLA-B*07:02,tcr6262,1
vdjdb_full_13739,TPRVTGGGAM_HLA-B*07:02,tcr8713,1
vdjdb_full_13749,TPRVTGGGAM_HLA-B*07:02,tcr8659,1
vdjdb_full_13754,TPRVTGGGAM_HLA-B*07:02,tcr16823,1
vdjdb_full_13761,TPRVTGGGAM_HLA-B*07:02,tcr6374,1
vdjdb_full_13773,TPRVTGGGAM_HLA-B*07:02,tcr18197,1
vdjdb_full_13774,TPRVTGGGAM_HLA-B*07:02,tcr3791,1
vdjdb_full_13779,TPRVTGGGAM_HLA-B*07:02,tcr10777,1
vdjdb_full_13780,TPRVTGGGAM_HLA-B*07:02,tcr7767,1
vdjdb_full_13791,TPRVTGGGAM_HLA-B*07:02,tcr6214,1
vdjdb_full_13793,TPRVTGGGAM_HLA-B*07:02,tcr1293,1
vdjdb_full_13794,TPRVTGGGAM_HLA-B*07:02,tcr3147,1
vdjdb_full_13797,TPRVTGGGAM_HLA-B*07:02,tcr8262,1
vdjdb_full_13804,TPRVTGGGAM_HLA-B*07:02,tcr17725,1
vdjdb_full_13810,TPRVTGGGAM_HLA-B*07:02,tcr4212,1
vdjdb_full_13812,TPRVTGGGAM_HLA-B*07:02,tcr8528,1
vdjdb_full_13814,TPRVTGGGAM_HLA-B*07:02,tcr6688,1
vdjdb_full_13815,TPRVTGGGAM_HLA-B*07:02,tcr6433,1
vdjdb_full_13816,TPRVTGGGAM_HLA-B*07:02,tcr16005,1
vdjdb_full_13817,TPRVTGGGAM_HLA-B*07:02,tcr3929,1
vdjdb_full_13819,TPRVTGGGAM_HLA-B*07:02,tcr8629,1
vdjdb_full_13820,TPRVTGGGAM_HLA-B*07:02,tcr13358,1
vdjdb_full_13822,TPRVTGGGAM_HLA-B*07:02,tcr17372,1
vdjdb_full_13823,TPRVTGGGAM_HLA-B*07:02,tcr10031,1
vdjdb_full_13825,TPRVTGGGAM_HLA-B*07:02,tcr17302,1
vdjdb_full_13832,TPRVTGGGAM_HLA-B*07:02,tcr14005,1
vdjdb_full_13836,TPRVTGGGAM_HLA-B*07:02,tcr10452,1
vdjdb_full_13840,TPRVTGGGAM_HLA-B*07:02,tcr14265,1
vdjdb_full_13841,TPRVTGGGAM_HLA-B*07:02,tcr9004,1
vdjdb_full_13847,TPRVTGGGAM_HLA-B*07:02,tcr10066,1
vdjdb_full_13857,TPRVTGGGAM_HLA-B*07:02,tcr1520,1
vdjdb_full_13871,TPRVTGGGAM_HLA-B*07:02,tcr15360,1
vdjdb_full_13874,TPRVTGGGAM_HLA-B*07:02,tcr7445,1
vdjdb_full_13886,AYAQKIFKI_HLA-A*24:02,tcr16690,1
vdjdb_full_13899,AYAQKIFKI_HLA-A*24:02,tcr8341,1
vdjdb_full_13901,AYAQKIFKI_HLA-A*24:02,tcr18113,1
vdjdb_full_13904,AYAQKIFKI_HLA-A*24:02,tcr12639,1
vdjdb_full_13910,AYAQKIFKI_HLA-A*24:02,tcr2762,1
vdjdb_full_13914,AYAQKIFKI_HLA-A*24:02,tcr7532,1
vdjdb_full_1392,KLGGALQAK_HLA-A*03:01,tcr5053,1
vdjdb_full_1394,KLGGALQAK_HLA-A*03:01,tcr13831,1
vdjdb_full_13948,RVRAYTYSK_HLA-A*03:01,tcr10878,1
vdjdb_full_13967,RVRAYTYSK_HLA-A*03:01,tcr11634,1
vdjdb_full_13990,RVRAYTYSK_HLA-A*03:01,tcr2177,1
vdjdb_full_14,QAKWRLQTL_HLA-B*08:01,tcr9574,1
vdjdb_full_14031,RVRAYTYSK_HLA-A*03:01,tcr5612,1
vdjdb_full_14053,RVRAYTYSK_HLA-A*03:01,tcr5980,1
vdjdb_full_14083,RVRAYTYSK_HLA-A*03:01,tcr8153,1
vdjdb_full_14088,RVRAYTYSK_HLA-A*03:01,tcr16025,1
vdjdb_full_141,KLGGALQAK_HLA-A*03:01,tcr16009,1
vdjdb_full_14102,RVRAYTYSK_HLA-A*03:01,tcr4103,1
vdjdb_full_14138,RVRAYTYSK_HLA-A*03:01,tcr16155,1
vdjdb_full_14146,RVRAYTYSK_HLA-A*03:01,tcr14179,1
vdjdb_full_14159,RVRAYTYSK_HLA-A*03:01,tcr6415,1
vdjdb_full_14202,RVRAYTYSK_HLA-A*03:01,tcr9385,1
vdjdb_full_14276,RVRAYTYSK_HLA-A*03:01,tcr3367,1
vdjdb_full_14296,RVRAYTYSK_HLA-A*03:01,tcr6149,1
vdjdb_full_14297,RVRAYTYSK_HLA-A*03:01,tcr17125,1
vdjdb_full_14371,RVRAYTYSK_HLA-A*03:01,tcr4796,1
vdjdb_full_14372,RVRAYTYSK_HLA-A*03:01,tcr8014,1
vdjdb_full_1439,KLGGALQAK_HLA-A*03:01,tcr4992,1
vdjdb_full_14392,RVRAYTYSK_HLA-A*03:01,tcr11617,1
vdjdb_full_14409,RVRAYTYSK_HLA-A*03:01,tcr12995,1
vdjdb_full_14475,RVRAYTYSK_HLA-A*03:01,tcr13912,1
vdjdb_full_14511,RVRAYTYSK_HLA-A*03:01,tcr13980,1
vdjdb_full_14524,RVRAYTYSK_HLA-A*03:01,tcr18411,1
vdjdb_full_14548,RVRAYTYSK_HLA-A*03:01,tcr12832,1
vdjdb_full_14549,RVRAYTYSK_HLA-A*03:01,tcr5751,1
vdjdb_full_14562,RVRAYTYSK_HLA-A*03:01,tcr9332,1
vdjdb_full_14572,RVRAYTYSK_HLA-A*03:01,tcr8219,1
vdjdb_full_14576,RVRAYTYSK_HLA-A*03:01,tcr11711,1
vdjdb_full_14593,RVRAYTYSK_HLA-A*03:01,tcr10590,1
vdjdb_full_14602,RVRAYTYSK_HLA-A*03:01,tcr8076,1
vdjdb_full_14615,CTELKLSDY_HLA-A*01:01,tcr15232,1
vdjdb_full_14616,CTELKLSDY_HLA-A*01:01,tcr8373,1
vdjdb_full_14620,CTELKLSDY_HLA-A*01:01,tcr11011,1
vdjdb_full_14621,CTELKLSDY_HLA-A*01:01,tcr5565,1
vdjdb_full_14622,CTELKLSDY_HLA-A*01:01,tcr15170,1
vdjdb_full_14624,CTELKLSDY_HLA-A*01:01,tcr11625,1
vdjdb_full_14630,CTELKLSDY_HLA-A*01:01,tcr680,1
vdjdb_full_14631,CTELKLSDY_HLA-A*01:01,tcr11546,1
vdjdb_full_14633,CTELKLSDY_HLA-A*01:01,tcr224,1
vdjdb_full_14635,CTELKLSDY_HLA-A*01:01,tcr12012,1
vdjdb_full_14637,CTELKLSDY_HLA-A*01:01,tcr13543,1
vdjdb_full_14638,CTELKLSDY_HLA-A*01:01,tcr6692,1
vdjdb_full_14640,CTELKLSDY_HLA-A*01:01,tcr12570,1
vdjdb_full_14641,CTELKLSDY_HLA-A*01:01,tcr16498,1
vdjdb_full_14642,CTELKLSDY_HLA-A*01:01,tcr2380,1
vdjdb_full_14643,CTELKLSDY_HLA-A*01:01,tcr15499,1
vdjdb_full_14644,CTELKLSDY_HLA-A*01:01,tcr15504,1
vdjdb_full_14645,CTELKLSDY_HLA-A*01:01,tcr7438,1
vdjdb_full_14646,CTELKLSDY_HLA-A*01:01,tcr16984,1
vdjdb_full_14647,CTELKLSDY_HLA-A*01:01,tcr3368,1
vdjdb_full_14648,CTELKLSDY_HLA-A*01:01,tcr2857,1
vdjdb_full_14652,CTELKLSDY_HLA-A*01:01,tcr16411,1
vdjdb_full_14654,CTELKLSDY_HLA-A*01:01,tcr2159,1
vdjdb_full_14655,CTELKLSDY_HLA-A*01:01,tcr2984,1
vdjdb_full_14656,CTELKLSDY_HLA-A*01:01,tcr11702,1
vdjdb_full_14657,CTELKLSDY_HLA-A*01:01,tcr17691,1
vdjdb_full_14658,CTELKLSDY_HLA-A*01:01,tcr14032,1
vdjdb_full_14661,CTELKLSDY_HLA-A*01:01,tcr15058,1
vdjdb_full_14664,CTELKLSDY_HLA-A*01:01,tcr18367,1
vdjdb_full_14667,CTELKLSDY_HLA-A*01:01,tcr18323,1
vdjdb_full_14669,CTELKLSDY_HLA-A*01:01,tcr9501,1
vdjdb_full_14671,CTELKLSDY_HLA-A*01:01,tcr2599,1
vdjdb_full_14673,CTELKLSDY_HLA-A*01:01,tcr11148,1
vdjdb_full_14674,CTELKLSDY_HLA-A*01:01,tcr12575,1
vdjdb_full_14675,CTELKLSDY_HLA-A*01:01,tcr18210,1
vdjdb_full_14678,CTELKLSDY_HLA-A*01:01,tcr10139,1
vdjdb_full_14680,CTELKLSDY_HLA-A*01:01,tcr13029,1
vdjdb_full_14681,CTELKLSDY_HLA-A*01:01,tcr8383,1
vdjdb_full_14682,CTELKLSDY_HLA-A*01:01,tcr6715,1
vdjdb_full_14684,CTELKLSDY_HLA-A*01:01,tcr17908,1
vdjdb_full_14686,CTELKLSDY_HLA-A*01:01,tcr7297,1
vdjdb_full_14687,CTELKLSDY_HLA-A*01:01,tcr4924,1
vdjdb_full_14688,CTELKLSDY_HLA-A*01:01,tcr8230,1
vdjdb_full_14689,CTELKLSDY_HLA-A*01:01,tcr10415,1
vdjdb_full_14692,CTELKLSDY_HLA-A*01:01,tcr2313,1
vdjdb_full_14693,CTELKLSDY_HLA-A*01:01,tcr14220,1
vdjdb_full_14694,CTELKLSDY_HLA-A*01:01,tcr11941,1
vdjdb_full_14695,CTELKLSDY_HLA-A*01:01,tcr17205,1
vdjdb_full_14696,CTELKLSDY_HLA-A*01:01,tcr2433,1
vdjdb_full_14699,CTELKLSDY_HLA-A*01:01,tcr5570,1
vdjdb_full_14700,CTELKLSDY_HLA-A*01:01,tcr18321,1
vdjdb_full_14701,CTELKLSDY_HLA-A*01:01,tcr11012,1
vdjdb_full_14702,CTELKLSDY_HLA-A*01:01,tcr14987,1
vdjdb_full_14716,RPRGEVRFL_HLA-B*07:02,tcr4673,1
vdjdb_full_14717,RPRGEVRFL_HLA-B*07:02,tcr6195,1
vdjdb_full_14718,RPRGEVRFL_HLA-B*07:02,tcr6875,1
vdjdb_full_14720,RPRGEVRFL_HLA-B*07:02,tcr13005,1
vdjdb_full_14722,RPRGEVRFL_HLA-B*07:02,tcr5044,1
vdjdb_full_14724,RPRGEVRFL_HLA-B*07:02,tcr3751,1
vdjdb_full_14725,RPRGEVRFL_HLA-B*07:02,tcr11743,1
vdjdb_full_14726,RPRGEVRFL_HLA-B*07:02,tcr7063,1
vdjdb_full_14729,RPRGEVRFL_HLA-B*07:02,tcr5021,1
vdjdb_full_14736,RAQAPPPSW_HLA-B*57:01,tcr10651,1
vdjdb_full_14737,RAQAPPPSW_HLA-B*57:01,tcr2,1
vdjdb_full_14738,RAQAPPPSW_HLA-B*57:01,tcr3492,1
vdjdb_full_14739,RAQAPPPSW_HLA-B*57:01,tcr10774,1
vdjdb_full_14740,RAQAPPPSW_HLA-B*57:01,tcr13651,1
vdjdb_full_14744,RAQAPPPSW_HLA-B*57:01,tcr12093,1
vdjdb_full_14745,RAQAPPPSW_HLA-B*57:01,tcr8090,1
vdjdb_full_14750,RAQAPPPSW_HLA-B*57:01,tcr1341,1
vdjdb_full_14754,RAQAPPPSW_HLA-B*57:01,tcr6530,1
vdjdb_full_14755,RAQAPPPSW_HLA-B*57:01,tcr1720,1
vdjdb_full_14756,RAQAPPPSW_HLA-B*57:01,tcr12742,1
vdjdb_full_14757,RAQAPPPSW_HLA-B*57:01,tcr12306,1
vdjdb_full_14758,RAQAPPPSW_HLA-B*57:01,tcr14774,1
vdjdb_full_14765,RAQAPPPSW_HLA-B*57:01,tcr17040,1
vdjdb_full_14766,RAQAPPPSW_HLA-B*57:01,tcr1548,1
vdjdb_full_14769,RAQAPPPSW_HLA-B*57:01,tcr6852,1
vdjdb_full_14774,RAQAPPPSW_HLA-B*57:01,tcr8363,1
vdjdb_full_14788,LLFNILGGWV_HLA-A*02:01,tcr11945,1
vdjdb_full_14789,LLFNILGGWV_HLA-A*02:01,tcr17909,1
vdjdb_full_14796,LLFNILGGWV_HLA-A*02:01,tcr9580,1
vdjdb_full_14798,LLFNILGGWV_HLA-A*02:01,tcr15341,1
vdjdb_full_14799,LLFNILGGWV_HLA-A*02:01,tcr1950,1
vdjdb_full_14802,LLFNILGGWV_HLA-A*02:01,tcr2898,1
vdjdb_full_14811,LLWNGPMAV_HLA-A*02:01,tcr9480,1
vdjdb_full_14815,LLWNGPMAV_HLA-A*02:01,tcr7752,1
vdjdb_full_14816,LLWNGPMAV_HLA-A*02:01,tcr5760,1
vdjdb_full_14818,LLWNGPMAV_HLA-A*02:01,tcr4300,1
vdjdb_full_14821,LLWNGPMAV_HLA-A*02:01,tcr1098,1
vdjdb_full_14822,LLWNGPMAV_HLA-A*02:01,tcr16994,1
vdjdb_full_14824,LLWNGPMAV_HLA-A*02:01,tcr9889,1
vdjdb_full_14825,LLWNGPMAV_HLA-A*02:01,tcr5722,1
vdjdb_full_14830,LLWNGPMAV_HLA-A*02:01,tcr7379,1
vdjdb_full_14831,LLWNGPMAV_HLA-A*02:01,tcr13109,1
vdjdb_full_14834,LLWNGPMAV_HLA-A*02:01,tcr10525,1
vdjdb_full_14835,LLWNGPMAV_HLA-A*02:01,tcr5113,1
vdjdb_full_14836,LLWNGPMAV_HLA-A*02:01,tcr11668,1
vdjdb_full_14837,LLWNGPMAV_HLA-A*02:01,tcr5867,1
vdjdb_full_14841,LLWNGPMAV_HLA-A*02:01,tcr8144,1
vdjdb_full_14844,LLWNGPMAV_HLA-A*02:01,tcr3867,1
vdjdb_full_14847,LLWNGPMAV_HLA-A*02:01,tcr16530,1
vdjdb_full_14848,LLWNGPMAV_HLA-A*02:01,tcr7038,1
vdjdb_full_14851,LLWNGPMAV_HLA-A*02:01,tcr276,1
vdjdb_full_14857,LLWNGPMAV_HLA-A*02:01,tcr4777,1
vdjdb_full_14861,LLWNGPMAV_HLA-A*02:01,tcr8215,1
vdjdb_full_14862,LLWNGPMAV_HLA-A*02:01,tcr16332,1
vdjdb_full_14867,LLWNGPMAV_HLA-A*02:01,tcr10040,1
vdjdb_full_14872,LLWNGPMAV_HLA-A*02:01,tcr3341,1
vdjdb_full_14873,LLWNGPMAV_HLA-A*02:01,tcr12617,1
vdjdb_full_14874,LLWNGPMAV_HLA-A*02:01,tcr5363,1
vdjdb_full_14875,LLWNGPMAV_HLA-A*02:01,tcr7084,1
vdjdb_full_14880,LLWNGPMAV_HLA-A*02:01,tcr5068,1
vdjdb_full_14882,LLWNGPMAV_HLA-A*02:01,tcr1429,1
vdjdb_full_14883,LLWNGPMAV_HLA-A*02:01,tcr5510,1
vdjdb_full_14886,LLWNGPMAV_HLA-A*02:01,tcr10370,1
vdjdb_full_14889,LLWNGPMAV_HLA-A*02:01,tcr4952,1
vdjdb_full_14891,LLWNGPMAV_HLA-A*02:01,tcr15907,1
vdjdb_full_14893,LLWNGPMAV_HLA-A*02:01,tcr11302,1
vdjdb_full_14900,LLWNGPMAV_HLA-A*02:01,tcr2494,1
vdjdb_full_14902,LLWNGPMAV_HLA-A*02:01,tcr18149,1
vdjdb_full_14903,LLWNGPMAV_HLA-A*02:01,tcr15856,1
vdjdb_full_14904,LLWNGPMAV_HLA-A*02:01,tcr1441,1
vdjdb_full_14908,LLWNGPMAV_HLA-A*02:01,tcr4940,1
vdjdb_full_14911,LLWNGPMAV_HLA-A*02:01,tcr194,1
vdjdb_full_14915,LLWNGPMAV_HLA-A*02:01,tcr12620,1
vdjdb_full_14918,LLWNGPMAV_HLA-A*02:01,tcr18,1
vdjdb_full_14919,LLWNGPMAV_HLA-A*02:01,tcr17835,1
vdjdb_full_14920,LLWNGPMAV_HLA-A*02:01,tcr14077,1
vdjdb_full_14921,LLWNGPMAV_HLA-A*02:01,tcr3172,1
vdjdb_full_14922,LLWNGPMAV_HLA-A*02:01,tcr13602,1
vdjdb_full_14924,LLWNGPMAV_HLA-A*02:01,tcr17394,1
vdjdb_full_14926,LLWNGPMAV_HLA-A*02:01,tcr13840,1
vdjdb_full_14927,LLWNGPMAV_HLA-A*02:01,tcr8931,1
vdjdb_full_14931,LLWNGPMAV_HLA-A*02:01,tcr1242,1
vdjdb_full_14932,LLWNGPMAV_HLA-A*02:01,tcr5115,1
vdjdb_full_14934,LLWNGPMAV_HLA-A*02:01,tcr10287,1
vdjdb_full_14939,LLWNGPMAV_HLA-A*02:01,tcr10669,1
vdjdb_full_14945,LLWNGPMAV_HLA-A*02:01,tcr2732,1
vdjdb_full_14947,LLWNGPMAV_HLA-A*02:01,tcr10264,1
vdjdb_full_14951,LLWNGPMAV_HLA-A*02:01,tcr16243,1
vdjdb_full_14957,LLWNGPMAV_HLA-A*02:01,tcr14375,1
vdjdb_full_14959,LLWNGPMAV_HLA-A*02:01,tcr4884,1
vdjdb_full_14960,LLWNGPMAV_HLA-A*02:01,tcr14675,1
vdjdb_full_14968,LLWNGPMAV_HLA-A*02:01,tcr12276,1
vdjdb_full_14969,LLWNGPMAV_HLA-A*02:01,tcr14861,1
vdjdb_full_14974,LLWNGPMAV_HLA-A*02:01,tcr7689,1
vdjdb_full_14977,LLWNGPMAV_HLA-A*02:01,tcr17089,1
vdjdb_full_14981,LLWNGPMAV_HLA-A*02:01,tcr16441,1
vdjdb_full_14985,LLWNGPMAV_HLA-A*02:01,tcr17773,1
vdjdb_full_14986,LLWNGPMAV_HLA-A*02:01,tcr2123,1
vdjdb_full_14987,LLWNGPMAV_HLA-A*02:01,tcr15955,1
vdjdb_full_14992,LLWNGPMAV_HLA-A*02:01,tcr7410,1
vdjdb_full_14995,LLWNGPMAV_HLA-A*02:01,tcr15962,1
vdjdb_full_14999,LLWNGPMAV_HLA-A*02:01,tcr2358,1
vdjdb_full_15,QAKWRLQTL_HLA-B*08:01,tcr4369,1
vdjdb_full_15002,LLWNGPMAV_HLA-A*02:01,tcr11163,1
vdjdb_full_15006,LLWNGPMAV_HLA-A*02:01,tcr10912,1
vdjdb_full_15013,LLWNGPMAV_HLA-A*02:01,tcr12674,1
vdjdb_full_15014,LLWNGPMAV_HLA-A*02:01,tcr7201,1
vdjdb_full_15016,LLWNGPMAV_HLA-A*02:01,tcr14352,1
vdjdb_full_15017,LLWNGPMAV_HLA-A*02:01,tcr11104,1
vdjdb_full_15018,LLWNGPMAV_HLA-A*02:01,tcr18137,1
vdjdb_full_15025,LLWNGPMAV_HLA-A*02:01,tcr12122,1
vdjdb_full_15026,LLWNGPMAV_HLA-A*02:01,tcr13609,1
vdjdb_full_15030,LLWNGPMAV_HLA-A*02:01,tcr6623,1
vdjdb_full_15035,LLWNGPMAV_HLA-A*02:01,tcr13495,1
vdjdb_full_15038,LLWNGPMAV_HLA-A*02:01,tcr16061,1
vdjdb_full_15039,LLWNGPMAV_HLA-A*02:01,tcr3597,1
vdjdb_full_1504,KLGGALQAK_HLA-A*03:01,tcr3509,1
vdjdb_full_15045,LLWNGPMAV_HLA-A*02:01,tcr10840,1
vdjdb_full_15047,LLWNGPMAV_HLA-A*02:01,tcr2140,1
vdjdb_full_15049,LLWNGPMAV_HLA-A*02:01,tcr6380,1
vdjdb_full_15059,TSQWLTNIF_HLA-A*24:02,tcr10926,1
vdjdb_full_1506,KLGGALQAK_HLA-A*03:01,tcr15403,1
vdjdb_full_15071,NQKLIANQF_HLA-B*15:01,tcr5099,1
vdjdb_full_15074,NQKLIANQF_HLA-B*15:01,tcr7946,1
vdjdb_full_15080,NQKLIANQF_HLA-B*15:01,tcr5152,1
vdjdb_full_15090,NQKLIANQF_HLA-B*15:01,tcr4590,1
vdjdb_full_15099,NQKLIANQF_HLA-B*15:01,tcr16841,1
vdjdb_full_15100,NQKLIANQF_HLA-B*15:01,tcr8605,1
vdjdb_full_15102,NQKLIANQF_HLA-B*15:01,tcr9338,1
vdjdb_full_15105,NQKLIANQF_HLA-B*15:01,tcr6653,1
vdjdb_full_15117,NQKLIANQF_HLA-B*15:01,tcr17893,1
vdjdb_full_15121,NQKLIANQF_HLA-B*15:01,tcr2812,1
vdjdb_full_15123,NQKLIANQF_HLA-B*15:01,tcr10672,1
vdjdb_full_15124,NQKLIANQF_HLA-B*15:01,tcr668,1
vdjdb_full_15126,NQKLIANQF_HLA-B*15:01,tcr6876,1
vdjdb_full_15130,NQKLIANQF_HLA-B*15:01,tcr11118,1
vdjdb_full_15131,NQKLIANQF_HLA-B*15:01,tcr10835,1
vdjdb_full_15133,NQKLIANQF_HLA-B*15:01,tcr10696,1
vdjdb_full_15138,NQKLIANQF_HLA-B*15:01,tcr2609,1
vdjdb_full_15139,NQKLIANQF_HLA-B*15:01,tcr5372,1
vdjdb_full_15174,ALWEIQQVV_HLA-A*02:01,tcr7239,1
vdjdb_full_15176,ALWEIQQVV_HLA-A*02:01,tcr8411,1
vdjdb_full_15177,ALWEIQQVV_HLA-A*02:01,tcr17959,1
vdjdb_full_15196,RPHERNGFTVL_HLA-B*07:02,tcr1760,1
vdjdb_full_15213,RPHERNGFTVL_HLA-B*07:02,tcr1528,1
vdjdb_full_15224,RPHERNGFTVL_HLA-B*07:02,tcr17776,1
vdjdb_full_15228,RPHERNGFTVL_HLA-B*07:02,tcr7954,1
vdjdb_full_15241,RPHERNGFTVL_HLA-B*07:02,tcr15365,1
vdjdb_full_15244,RPHERNGFTVL_HLA-B*07:02,tcr10662,1
vdjdb_full_15246,RPHERNGFTVL_HLA-B*07:02,tcr1805,1
vdjdb_full_15251,FLSINVHKV_HLA-A*02:01,tcr7117,1
vdjdb_full_15252,FLSINVHKV_HLA-A*02:01,tcr16205,1
vdjdb_full_15253,FLSINVHKV_HLA-A*02:01,tcr2083,1
vdjdb_full_15255,FLSINVHKV_HLA-A*02:01,tcr18189,1
vdjdb_full_15256,FLSINVHKV_HLA-A*02:01,tcr12902,1
vdjdb_full_15257,FLSINVHKV_HLA-A*02:01,tcr10046,1
vdjdb_full_15259,FLSINVHKV_HLA-A*02:01,tcr11757,1
vdjdb_full_15260,FLSINVHKV_HLA-A*02:01,tcr9507,1
vdjdb_full_15262,FLSINVHKV_HLA-A*02:01,tcr14232,1
vdjdb_full_15263,FLSINVHKV_HLA-A*02:01,tcr12645,1
vdjdb_full_15265,FMVFLQTHI_HLA-A*02:01,tcr2902,1
vdjdb_full_15267,FMVFLQTHI_HLA-A*02:01,tcr618,1
vdjdb_full_15271,FMVFLQTHI_HLA-A*02:01,tcr12798,1
vdjdb_full_15272,FMVFLQTHI_HLA-A*02:01,tcr14224,1
vdjdb_full_15285,CINGVCWTV_HLA-A*02:01,tcr17487,1
vdjdb_full_15292,CINGVCWTV_HLA-A*02:01,tcr10758,1
vdjdb_full_15294,CINGVCWTV_HLA-A*02:01,tcr5176,1
vdjdb_full_15300,CINGVCWTV_HLA-A*02:01,tcr7937,1
vdjdb_full_15301,CINGVCWTV_HLA-A*02:01,tcr10222,1
vdjdb_full_15302,CINGVCWTV_HLA-A*02:01,tcr7730,1
vdjdb_full_15305,CINGVCWTV_HLA-A*02:01,tcr14686,1
vdjdb_full_15307,CINGVCWTV_HLA-A*02:01,tcr13432,1
vdjdb_full_15311,CINGVCWTV_HLA-A*02:01,tcr2246,1
vdjdb_full_15317,CINGVCWTV_HLA-A*02:01,tcr2606,1
vdjdb_full_15318,CINGVCWTV_HLA-A*02:01,tcr11850,1
vdjdb_full_15327,CINGVCWTV_HLA-A*02:01,tcr3854,1
vdjdb_full_15336,CINGVCWTV_HLA-A*02:01,tcr10716,1
vdjdb_full_15341,CINGVCWTV_HLA-A*02:01,tcr11744,1
vdjdb_full_15343,CINGVCWTV_HLA-A*02:01,tcr14709,1
vdjdb_full_15344,CINGVCWTV_HLA-A*02:01,tcr3700,1
vdjdb_full_15349,CINGVCWTV_HLA-A*02:01,tcr3689,1
vdjdb_full_15351,CINGVCWTV_HLA-A*02:01,tcr5955,1
vdjdb_full_15355,CINGVCWTV_HLA-A*02:01,tcr2509,1
vdjdb_full_15356,CINGVCWTV_HLA-A*02:01,tcr6243,1
vdjdb_full_15359,CINGVCWTV_HLA-A*02:01,tcr5039,1
vdjdb_full_15373,CINGVCWTV_HLA-A*02:01,tcr4958,1
vdjdb_full_15374,CINGVCWTV_HLA-A*02:01,tcr16,1
vdjdb_full_15382,CINGVCWTV_HLA-A*02:01,tcr7217,1
vdjdb_full_15390,CINGVCWTV_HLA-A*02:01,tcr12823,1
vdjdb_full_15394,CINGVCWTV_HLA-A*02:01,tcr16689,1
vdjdb_full_15397,CINGVCWTV_HLA-A*02:01,tcr17277,1
vdjdb_full_15398,CINGVCWTV_HLA-A*02:01,tcr5137,1
vdjdb_full_15399,CINGVCWTV_HLA-A*02:01,tcr351,1
vdjdb_full_15403,CINGVCWTV_HLA-A*02:01,tcr9503,1
vdjdb_full_15405,CINGVCWTV_HLA-A*02:01,tcr18080,1
vdjdb_full_15423,CINGVCWTV_HLA-A*02:01,tcr105,1
vdjdb_full_15424,CINGVCWTV_HLA-A*02:01,tcr14330,1
vdjdb_full_15443,CINGVCWTV_HLA-A*02:01,tcr3657,1
vdjdb_full_15445,CINGVCWTV_HLA-A*02:01,tcr1915,1
vdjdb_full_15456,CINGVCWTV_HLA-A*02:01,tcr1758,1
vdjdb_full_15459,CINGVCWTV_HLA-A*02:01,tcr11640,1
vdjdb_full_15461,CINGVCWTV_HLA-A*02:01,tcr7364,1
vdjdb_full_15463,CINGVCWTV_HLA-A*02:01,tcr2243,1
vdjdb_full_15465,CINGVCWTV_HLA-A*02:01,tcr13090,1
vdjdb_full_15473,CINGVCWTV_HLA-A*02:01,tcr14158,1
vdjdb_full_15477,CINGVCWTV_HLA-A*02:01,tcr3155,1
vdjdb_full_15478,CINGVCWTV_HLA-A*02:01,tcr15971,1
vdjdb_full_15479,CINGVCWTV_HLA-A*02:01,tcr9154,1
vdjdb_full_15484,CINGVCWTV_HLA-A*02:01,tcr14478,1
vdjdb_full_15485,CINGVCWTV_HLA-A*02:01,tcr10944,1
vdjdb_full_15489,CINGVCWTV_HLA-A*02:01,tcr4575,1
vdjdb_full_15493,CINGVCWTV_HLA-A*02:01,tcr7734,1
vdjdb_full_15497,CINGVCWTV_HLA-A*02:01,tcr11503,1
vdjdb_full_15498,CINGVCWTV_HLA-A*02:01,tcr16936,1
vdjdb_full_15507,CINGVCWTV_HLA-A*02:01,tcr12616,1
vdjdb_full_15508,CINGVCWTV_HLA-A*02:01,tcr12887,1
vdjdb_full_15513,SLFNTVATLY_HLA-A*02:01,tcr5800,1
vdjdb_full_15514,SLFNTVATLY_HLA-A*02:01,tcr12227,1
vdjdb_full_15515,SLFNTVATLY_HLA-A*02:01,tcr4462,1
vdjdb_full_15516,SLFNTVATLY_HLA-A*02:01,tcr8023,1
vdjdb_full_15519,SLFNTVATLY_HLA-A*02:01,tcr10549,1
vdjdb_full_15521,SLFNTVATLY_HLA-A*02:01,tcr13293,1
vdjdb_full_15524,SLFNTVATLY_HLA-A*02:01,tcr7478,1
vdjdb_full_15533,SLFNTVATLY_HLA-A*02:01,tcr12660,1
vdjdb_full_15536,SLFNTVATLY_HLA-A*02:01,tcr3007,1
vdjdb_full_15539,SLFNTVATLY_HLA-A*02:01,tcr5741,1
vdjdb_full_15541,SLFNTVATLY_HLA-A*02:01,tcr11566,1
vdjdb_full_15547,SLFNTVATLY_HLA-A*02:01,tcr10313,1
vdjdb_full_15548,SLFNTVATLY_HLA-A*02:01,tcr9726,1
vdjdb_full_15551,FLRGRAYGL_HLA-B*08:01,tcr6133,1
vdjdb_full_15555,FLRGRAYGL_HLA-B*08:01,tcr17493,1
vdjdb_full_15560,FLRGRAYGL_HLA-B*08:01,tcr7662,1
vdjdb_full_15561,FLRGRAYGL_HLA-B*08:01,tcr13434,1
vdjdb_full_15563,FLRGRAYGL_HLA-B*08:01,tcr3802,1
vdjdb_full_15569,FLRGRAYGL_HLA-B*08:01,tcr2119,1
vdjdb_full_15570,FLRGRAYGL_HLA-B*08:01,tcr16588,1
vdjdb_full_15573,FLRGRAYGL_HLA-B*08:01,tcr4062,1
vdjdb_full_15576,FLRGRAYGL_HLA-B*08:01,tcr14373,1
vdjdb_full_15577,FLRGRAYGL_HLA-B*08:01,tcr17328,1
vdjdb_full_15578,FLRGRAYGL_HLA-B*08:01,tcr16844,1
vdjdb_full_15580,FLRGRAYGL_HLA-B*08:01,tcr16629,1
vdjdb_full_15581,FLRGRAYGL_HLA-B*08:01,tcr9327,1
vdjdb_full_15582,FLRGRAYGL_HLA-B*08:01,tcr12324,1
vdjdb_full_15583,FLRGRAYGL_HLA-B*08:01,tcr8300,1
vdjdb_full_15584,FLRGRAYGL_HLA-B*08:01,tcr8350,1
vdjdb_full_15585,FLRGRAYGL_HLA-B*08:01,tcr10158,1
vdjdb_full_15586,FLRGRAYGL_HLA-B*08:01,tcr3910,1
vdjdb_full_15590,FLRGRAYGL_HLA-B*08:01,tcr2401,1
vdjdb_full_15593,FLRGRAYGL_HLA-B*08:01,tcr8872,1
vdjdb_full_15594,FLRGRAYGL_HLA-B*08:01,tcr1490,1
vdjdb_full_15596,FLRGRAYGL_HLA-B*08:01,tcr13841,1
vdjdb_full_15602,FLRGRAYGL_HLA-B*08:01,tcr5203,1
vdjdb_full_15604,FLRGRAYGL_HLA-B*08:01,tcr1959,1
vdjdb_full_15607,FLRGRAYGL_HLA-B*08:01,tcr17854,1
vdjdb_full_15611,FLRGRAYGL_HLA-B*08:01,tcr13176,1
vdjdb_full_15613,FLRGRAYGL_HLA-B*08:01,tcr977,1
vdjdb_full_15616,FLRGRAYGL_HLA-B*08:01,tcr7417,1
vdjdb_full_15617,FLRGRAYGL_HLA-B*08:01,tcr4825,1
vdjdb_full_15618,FLRGRAYGL_HLA-B*08:01,tcr10440,1
vdjdb_full_15619,FLRGRAYGL_HLA-B*08:01,tcr16398,1
vdjdb_full_15622,FLRGRAYGL_HLA-B*08:01,tcr14623,1
vdjdb_full_15625,FLRGRAYGL_HLA-B*08:01,tcr7395,1
vdjdb_full_15629,FLRGRAYGL_HLA-B*08:01,tcr2696,1
vdjdb_full_15630,FLRGRAYGL_HLA-B*08:01,tcr8326,1
vdjdb_full_15632,FLRGRAYGL_HLA-B*08:01,tcr2725,1
vdjdb_full_15633,FLRGRAYGL_HLA-B*08:01,tcr10235,1
vdjdb_full_15635,FLRGRAYGL_HLA-B*08:01,tcr13206,1
vdjdb_full_15636,FLRGRAYGL_HLA-B*08:01,tcr7219,1
vdjdb_full_15637,FLRGRAYGL_HLA-B*08:01,tcr3895,1
vdjdb_full_15638,FLRGRAYGL_HLA-B*08:01,tcr2946,1
vdjdb_full_15642,FLRGRAYGL_HLA-B*08:01,tcr4755,1
vdjdb_full_15645,FLRGRAYGL_HLA-B*08:01,tcr14011,1
vdjdb_full_15646,FLRGRAYGL_HLA-B*08:01,tcr10721,1
vdjdb_full_15648,FLRGRAYGL_HLA-B*08:01,tcr14806,1
vdjdb_full_15649,FLRGRAYGL_HLA-B*08:01,tcr17332,1
vdjdb_full_15656,FLRGRAYGL_HLA-B*08:01,tcr6225,1
vdjdb_full_15657,FLRGRAYGL_HLA-B*08:01,tcr14229,1
vdjdb_full_15660,FLRGRAYGL_HLA-B*08:01,tcr2514,1
vdjdb_full_15661,FLRGRAYGL_HLA-B*08:01,tcr4068,1
vdjdb_full_15662,FLRGRAYGL_HLA-B*08:01,tcr3577,1
vdjdb_full_15663,FLRGRAYGL_HLA-B*08:01,tcr18218,1
vdjdb_full_15664,FLRGRAYGL_HLA-B*08:01,tcr18369,1
vdjdb_full_15665,FLRGRAYGL_HLA-B*08:01,tcr15771,1
vdjdb_full_15666,FLRGRAYGL_HLA-B*08:01,tcr16511,1
vdjdb_full_15667,FLRGRAYGL_HLA-B*08:01,tcr454,1
vdjdb_full_15671,FLRGRAYGL_HLA-B*08:01,tcr8024,1
vdjdb_full_15674,FLRGRAYGL_HLA-B*08:01,tcr9980,1
vdjdb_full_15675,FLRGRAYGL_HLA-B*08:01,tcr11223,1
vdjdb_full_15677,FLRGRAYGL_HLA-B*08:01,tcr10682,1
vdjdb_full_15679,FLRGRAYGL_HLA-B*08:01,tcr13095,1
vdjdb_full_15683,FLRGRAYGL_HLA-B*08:01,tcr8873,1
vdjdb_full_15684,FLRGRAYGL_HLA-B*08:01,tcr15829,1
vdjdb_full_15686,FLRGRAYGL_HLA-B*08:01,tcr12498,1
vdjdb_full_15687,FLRGRAYGL_HLA-B*08:01,tcr3139,1
vdjdb_full_15688,FLRGRAYGL_HLA-B*08:01,tcr5935,1
vdjdb_full_15690,FLRGRAYGL_HLA-B*08:01,tcr9719,1
vdjdb_full_15692,FLRGRAYGL_HLA-B*08:01,tcr3924,1
vdjdb_full_15693,FLRGRAYGL_HLA-B*08:01,tcr1189,1
vdjdb_full_15694,FLRGRAYGL_HLA-B*08:01,tcr1456,1
vdjdb_full_15696,FLRGRAYGL_HLA-B*08:01,tcr402,1
vdjdb_full_15698,FLRGRAYGL_HLA-B*08:01,tcr7551,1
vdjdb_full_157,KLGGALQAK_HLA-A*03:01,tcr439,1
vdjdb_full_15701,FLRGRAYGL_HLA-B*08:01,tcr4183,1
vdjdb_full_15703,FLRGRAYGL_HLA-B*08:01,tcr9646,1
vdjdb_full_15715,VYFLQSINF_HLA-A*24:02,tcr1468,1
vdjdb_full_15724,VYFLQSINF_HLA-A*24:02,tcr13477,1
vdjdb_full_15734,VYFLQSINF_HLA-A*24:02,tcr12113,1
vdjdb_full_15735,VYFLQSINF_HLA-A*24:02,tcr14562,1
vdjdb_full_15736,VYFLQSINF_HLA-A*24:02,tcr12918,1
vdjdb_full_15737,VYFLQSINF_HLA-A*24:02,tcr15839,1
vdjdb_full_15738,VYFLQSINF_HLA-A*24:02,tcr281,1
vdjdb_full_15743,VYFLQSINF_HLA-A*24:02,tcr17866,1
vdjdb_full_15747,STNVGSNTY_HLA-A*01:01,tcr15150,1
vdjdb_full_15748,STNVGSNTY_HLA-A*01:01,tcr11952,1
vdjdb_full_15750,STNVGSNTY_HLA-A*01:01,tcr5644,1
vdjdb_full_15751,STNVGSNTY_HLA-A*01:01,tcr18248,1
vdjdb_full_15754,STNVGSNTY_HLA-A*01:01,tcr11013,1
vdjdb_full_15755,RTLNAWVKV_HLA-A*02:01,tcr16908,1
vdjdb_full_15762,RTLNAWVKV_HLA-A*02:01,tcr3804,1
vdjdb_full_15763,RTLNAWVKV_HLA-A*02:01,tcr2709,1
vdjdb_full_15764,RTLNAWVKV_HLA-A*02:01,tcr14203,1
vdjdb_full_15766,RTLNAWVKV_HLA-A*02:01,tcr5635,1
vdjdb_full_15772,RTLNAWVKV_HLA-A*02:01,tcr15580,1
vdjdb_full_15776,RTLNAWVKV_HLA-A*02:01,tcr6455,1
vdjdb_full_15780,RTLNAWVKV_HLA-A*02:01,tcr7360,1
vdjdb_full_15781,RTLNAWVKV_HLA-A*02:01,tcr985,1
vdjdb_full_15787,RTLNAWVKV_HLA-A*02:01,tcr2011,1
vdjdb_full_15794,RTLNAWVKV_HLA-A*02:01,tcr8665,1
vdjdb_full_15797,RTLNAWVKV_HLA-A*02:01,tcr18292,1
vdjdb_full_15799,RTLNAWVKV_HLA-A*02:01,tcr13319,1
vdjdb_full_15801,ALGIGILTV_HLA-A*02:01,tcr15730,1
vdjdb_full_15802,ALGIGILTV_HLA-A*02:01,tcr13666,1
vdjdb_full_15803,ALGIGILTV_HLA-A*02:01,tcr3431,1
vdjdb_full_15804,ALGIGILTV_HLA-A*02:01,tcr12430,1
vdjdb_full_15806,ALGIGILTV_HLA-A*02:01,tcr11553,1
vdjdb_full_15807,ALGIGILTV_HLA-A*02:01,tcr6924,1
vdjdb_full_15808,ALGIGILTV_HLA-A*02:01,tcr1243,1
vdjdb_full_15810,ALGIGILTV_HLA-A*02:01,tcr1936,1
vdjdb_full_15811,ALGIGILTV_HLA-A*02:01,tcr7491,1
vdjdb_full_15812,ALGIGILTV_HLA-A*02:01,tcr13558,1
vdjdb_full_15813,ALGIGILTV_HLA-A*02:01,tcr9359,1
vdjdb_full_15814,ALGIGILTV_HLA-A*02:01,tcr1642,1
vdjdb_full_15815,ALGIGILTV_HLA-A*02:01,tcr16140,1
vdjdb_full_15817,ALGIGILTV_HLA-A*02:01,tcr11991,1
vdjdb_full_15818,ALGIGILTV_HLA-A*02:01,tcr12108,1
vdjdb_full_15822,ALGIGILTV_HLA-A*02:01,tcr16007,1
vdjdb_full_15824,ALGIGILTV_HLA-A*02:01,tcr16971,1
vdjdb_full_15825,ALGIGILTV_HLA-A*02:01,tcr3436,1
vdjdb_full_15826,ALGIGILTV_HLA-A*02:01,tcr245,1
vdjdb_full_15827,ALGIGILTV_HLA-A*02:01,tcr15552,1
vdjdb_full_15828,ALGIGILTV_HLA-A*02:01,tcr4813,1
vdjdb_full_15829,ALGIGILTV_HLA-A*02:01,tcr2583,1
vdjdb_full_15830,ALGIGILTV_HLA-A*02:01,tcr17650,1
vdjdb_full_15831,ALGIGILTV_HLA-A*02:01,tcr3564,1
vdjdb_full_15833,KLWAQCVQL_HLA-A*02:01,tcr12981,1
vdjdb_full_15834,KLWAQCVQL_HLA-A*02:01,tcr4308,1
vdjdb_full_15835,KLWAQCVQL_HLA-A*02:01,tcr2798,1
vdjdb_full_15836,KLWAQCVQL_HLA-A*02:01,tcr1031,1
vdjdb_full_15837,KLWAQCVQL_HLA-A*02:01,tcr17522,1
vdjdb_full_15838,KLWAQCVQL_HLA-A*02:01,tcr9199,1
vdjdb_full_15841,KLWAQCVQL_HLA-A*02:01,tcr14763,1
vdjdb_full_15842,KLWAQCVQL_HLA-A*02:01,tcr11354,1
vdjdb_full_15843,KLWAQCVQL_HLA-A*02:01,tcr3236,1
vdjdb_full_15844,KLWAQCVQL_HLA-A*02:01,tcr7628,1
vdjdb_full_15845,KLWAQCVQL_HLA-A*02:01,tcr13371,1
vdjdb_full_15846,KLWAQCVQL_HLA-A*02:01,tcr1803,1
vdjdb_full_15847,KLWAQCVQL_HLA-A*02:01,tcr2002,1
vdjdb_full_15848,KLWAQCVQL_HLA-A*02:01,tcr15875,1
vdjdb_full_15849,KLWAQCVQL_HLA-A*02:01,tcr8339,1
vdjdb_full_15850,KLWAQCVQL_HLA-A*02:01,tcr15487,1
vdjdb_full_15851,KLWAQCVQL_HLA-A*02:01,tcr5901,1
vdjdb_full_15861,KSKRTPMGF_HLA-B*57:01,tcr2626,1
vdjdb_full_15862,KSKRTPMGF_HLA-B*57:01,tcr2802,1
vdjdb_full_15864,KSKRTPMGF_HLA-B*57:01,tcr7274,1
vdjdb_full_15865,KSKRTPMGF_HLA-B*57:01,tcr6073,1
vdjdb_full_15866,KSKRTPMGF_HLA-B*57:01,tcr11798,1
vdjdb_full_15867,KSKRTPMGF_HLA-B*57:01,tcr13641,1
vdjdb_full_15868,KSKRTPMGF_HLA-B*57:01,tcr14190,1
vdjdb_full_1587,KLGGALQAK_HLA-A*03:01,tcr3782,1
vdjdb_full_15870,KSKRTPMGF_HLA-B*57:01,tcr4431,1
vdjdb_full_15871,KSKRTPMGF_HLA-B*57:01,tcr10343,1
vdjdb_full_15872,KSKRTPMGF_HLA-B*57:01,tcr4181,1
vdjdb_full_15877,KSKRTPMGF_HLA-B*57:01,tcr14723,1
vdjdb_full_15880,KSKRTPMGF_HLA-B*57:01,tcr11874,1
vdjdb_full_15881,KSKRTPMGF_HLA-B*57:01,tcr1976,1
vdjdb_full_15883,KSKRTPMGF_HLA-B*57:01,tcr6596,1
vdjdb_full_15884,KSKRTPMGF_HLA-B*57:01,tcr14506,1
vdjdb_full_15885,KSKRTPMGF_HLA-B*57:01,tcr8483,1
vdjdb_full_15886,KSKRTPMGF_HLA-B*57:01,tcr12707,1
vdjdb_full_15888,KSKRTPMGF_HLA-B*57:01,tcr14969,1
vdjdb_full_15890,KSKRTPMGF_HLA-B*57:01,tcr2436,1
vdjdb_full_15896,KSKRTPMGF_HLA-B*57:01,tcr2173,1
vdjdb_full_15897,KSKRTPMGF_HLA-B*57:01,tcr9872,1
vdjdb_full_15899,KSKRTPMGF_HLA-B*57:01,tcr3290,1
vdjdb_full_15900,KSKRTPMGF_HLA-B*57:01,tcr2683,1
vdjdb_full_15901,KSKRTPMGF_HLA-B*57:01,tcr17519,1
vdjdb_full_15902,KSKRTPMGF_HLA-B*57:01,tcr15521,1
vdjdb_full_15903,KSKRTPMGF_HLA-B*57:01,tcr15063,1
vdjdb_full_15905,KSKRTPMGF_HLA-B*57:01,tcr1504,1
vdjdb_full_15907,KSKRTPMGF_HLA-B*57:01,tcr5066,1
vdjdb_full_15908,KSKRTPMGF_HLA-B*57:01,tcr12308,1
vdjdb_full_15909,KSKRTPMGF_HLA-B*57:01,tcr10324,1
vdjdb_full_15913,KSKRTPMGF_HLA-B*57:01,tcr6222,1
vdjdb_full_15914,KSKRTPMGF_HLA-B*57:01,tcr12213,1
vdjdb_full_15917,KSKRTPMGF_HLA-B*57:01,tcr13605,1
vdjdb_full_15921,KSKRTPMGF_HLA-B*57:01,tcr18222,1
vdjdb_full_15922,KSKRTPMGF_HLA-B*57:01,tcr16835,1
vdjdb_full_15923,KSKRTPMGF_HLA-B*57:01,tcr15444,1
vdjdb_full_15934,KSKRTPMGF_HLA-B*57:01,tcr18346,1
vdjdb_full_15935,KSKRTPMGF_HLA-B*57:01,tcr12574,1
vdjdb_full_15936,KSKRTPMGF_HLA-B*57:01,tcr11556,1
vdjdb_full_15941,KSKRTPMGF_HLA-B*57:01,tcr6095,1
vdjdb_full_15942,KSKRTPMGF_HLA-B*57:01,tcr13450,1
vdjdb_full_15944,KSKRTPMGF_HLA-B*57:01,tcr12273,1
vdjdb_full_15945,KSKRTPMGF_HLA-B*57:01,tcr14500,1
vdjdb_full_15946,KSKRTPMGF_HLA-B*57:01,tcr6823,1
vdjdb_full_15947,KSKRTPMGF_HLA-B*57:01,tcr9790,1
vdjdb_full_15949,KSKRTPMGF_HLA-B*57:01,tcr1763,1
vdjdb_full_15950,KSKRTPMGF_HLA-B*57:01,tcr13315,1
vdjdb_full_15951,KSKRTPMGF_HLA-B*57:01,tcr14454,1
vdjdb_full_15955,KSKRTPMGF_HLA-B*57:01,tcr5961,1
vdjdb_full_15956,KSKRTPMGF_HLA-B*57:01,tcr13034,1
vdjdb_full_15957,KSKRTPMGF_HLA-B*57:01,tcr6359,1
vdjdb_full_15960,KSKRTPMGF_HLA-B*57:01,tcr9979,1
vdjdb_full_15962,KSKRTPMGF_HLA-B*57:01,tcr4978,1
vdjdb_full_15963,KSKRTPMGF_HLA-B*57:01,tcr17308,1
vdjdb_full_15966,KSKRTPMGF_HLA-B*57:01,tcr16935,1
vdjdb_full_15968,KSKRTPMGF_HLA-B*57:01,tcr15744,1
vdjdb_full_15971,KSKRTPMGF_HLA-B*57:01,tcr207,1
vdjdb_full_15973,KSKRTPMGF_HLA-B*57:01,tcr4818,1
vdjdb_full_15990,KLVALGINAV_HLA-A*02:01,tcr2022,1
vdjdb_full_15991,KLVALGINAV_HLA-A*02:01,tcr15599,1
vdjdb_full_15992,KLVALGINAV_HLA-A*02:01,tcr13070,1
vdjdb_full_15993,KLVALGINAV_HLA-A*02:01,tcr4843,1
vdjdb_full_15994,KLVALGINAV_HLA-A*02:01,tcr10219,1
vdjdb_full_15995,KLVALGINAV_HLA-A*02:01,tcr2541,1
vdjdb_full_15996,KLVALGINAV_HLA-A*02:01,tcr4826,1
vdjdb_full_15997,KLVALGINAV_HLA-A*02:01,tcr8395,1
vdjdb_full_15998,KLVALGINAV_HLA-A*02:01,tcr6637,1
vdjdb_full_16,QAKWRLQTL_HLA-B*08:01,tcr3542,1
vdjdb_full_16001,KLVALGINAV_HLA-A*02:01,tcr10438,1
vdjdb_full_16002,KLVALGINAV_HLA-A*02:01,tcr16281,1
vdjdb_full_16004,KLVALGINAV_HLA-A*02:01,tcr3265,1
vdjdb_full_16005,KLVALGINAV_HLA-A*02:01,tcr12907,1
vdjdb_full_16006,KLVALGINAV_HLA-A*02:01,tcr14701,1
vdjdb_full_16007,KLVALGINAV_HLA-A*02:01,tcr1185,1
vdjdb_full_16008,KLVALGINAV_HLA-A*02:01,tcr15346,1
vdjdb_full_16009,KLVALGINAV_HLA-A*02:01,tcr14664,1
vdjdb_full_16010,KLVALGINAV_HLA-A*02:01,tcr3667,1
vdjdb_full_16012,KLVALGINAV_HLA-A*02:01,tcr9129,1
vdjdb_full_16013,KLVALGINAV_HLA-A*02:01,tcr11598,1
vdjdb_full_16014,KLVALGINAV_HLA-A*02:01,tcr3801,1
vdjdb_full_16016,KLVALGINAV_HLA-A*02:01,tcr2533,1
vdjdb_full_16018,KLVALGINAV_HLA-A*02:01,tcr9001,1
vdjdb_full_16019,KLVALGINAV_HLA-A*02:01,tcr558,1
vdjdb_full_16020,KLVALGINAV_HLA-A*02:01,tcr14536,1
vdjdb_full_16021,KLVALGINAV_HLA-A*02:01,tcr5642,1
vdjdb_full_16022,KLVALGINAV_HLA-A*02:01,tcr15118,1
vdjdb_full_16023,KLVALGINAV_HLA-A*02:01,tcr8890,1
vdjdb_full_16024,KLVALGINAV_HLA-A*02:01,tcr16023,1
vdjdb_full_16025,KLVALGINAV_HLA-A*02:01,tcr16291,1
vdjdb_full_16026,KLVALGINAV_HLA-A*02:01,tcr14829,1
vdjdb_full_16027,KLVALGINAV_HLA-A*02:01,tcr762,1
vdjdb_full_16053,KLVAMGINAV_HLA-A*02:01,tcr14641,1
vdjdb_full_16054,KLVAMGINAV_HLA-A*02:01,tcr11348,1
vdjdb_full_16058,KLVAMGINAV_HLA-A*02:01,tcr9435,1
vdjdb_full_16059,KLVAMGINAV_HLA-A*02:01,tcr5560,1
vdjdb_full_16060,KLVAMGINAV_HLA-A*02:01,tcr14960,1
vdjdb_full_16061,KLVAMGINAV_HLA-A*02:01,tcr9044,1
vdjdb_full_16063,KLVAMGINAV_HLA-A*02:01,tcr8874,1
vdjdb_full_16065,KLVAMGINAV_HLA-A*02:01,tcr12923,1
vdjdb_full_16067,KLVAMGINAV_HLA-A*02:01,tcr9261,1
vdjdb_full_16068,KLVAMGINAV_HLA-A*02:01,tcr1125,1
vdjdb_full_16069,KLVAMGINAV_HLA-A*02:01,tcr10803,1
vdjdb_full_16079,VMVELVAEL_HLA-A*02:01,tcr6817,1
vdjdb_full_16083,VMVELVAEL_HLA-A*02:01,tcr14304,1
vdjdb_full_16087,VMVELVAEL_HLA-A*02:01,tcr8897,1
vdjdb_full_16170,GPRLGVRAT_HLA-B*07:02,tcr11506,1
vdjdb_full_16171,GPRLGVRAT_HLA-B*07:02,tcr10733,1
vdjdb_full_16174,GPRLGVRAT_HLA-B*07:02,tcr17663,1
vdjdb_full_16175,GPRLGVRAT_HLA-B*07:02,tcr2271,1
vdjdb_full_16183,GPRLGVRAT_HLA-B*07:02,tcr54,1
vdjdb_full_16186,GPRLGVRAT_HLA-B*07:02,tcr4923,1
vdjdb_full_16187,GPRLGVRAT_HLA-B*07:02,tcr2363,1
vdjdb_full_16188,GPRLGVRAT_HLA-B*07:02,tcr17671,1
vdjdb_full_16190,GPRLGVRAT_HLA-B*07:02,tcr17055,1
vdjdb_full_16191,GPRLGVRAT_HLA-B*07:02,tcr10,1
vdjdb_full_16193,GPRLGVRAT_HLA-B*07:02,tcr13863,1
vdjdb_full_16196,GPRLGVRAT_HLA-B*07:02,tcr17910,1
vdjdb_full_16200,GPRLGVRAT_HLA-B*07:02,tcr3715,1
vdjdb_full_16201,GPRLGVRAT_HLA-B*07:02,tcr14341,1
vdjdb_full_16202,GPRLGVRAT_HLA-B*07:02,tcr16500,1
vdjdb_full_16205,GPRLGVRAT_HLA-B*07:02,tcr11176,1
vdjdb_full_16208,GPRLGVRAT_HLA-B*07:02,tcr13780,1
vdjdb_full_16210,GPRLGVRAT_HLA-B*07:02,tcr2126,1
vdjdb_full_16211,GPRLGVRAT_HLA-B*07:02,tcr17551,1
vdjdb_full_16212,GPRLGVRAT_HLA-B*07:02,tcr1884,1
vdjdb_full_16213,GPRLGVRAT_HLA-B*07:02,tcr956,1
vdjdb_full_16215,GPRLGVRAT_HLA-B*07:02,tcr13282,1
vdjdb_full_16217,GPRLGVRAT_HLA-B*07:02,tcr2114,1
vdjdb_full_16218,GPRLGVRAT_HLA-B*07:02,tcr11169,1
vdjdb_full_16236,GIIYIIYKL_HLA-A*02:01,tcr15147,1
vdjdb_full_16241,GIIYIIYKL_HLA-A*02:01,tcr13027,1
vdjdb_full_16242,GIIYIIYKL_HLA-A*02:01,tcr16541,1
vdjdb_full_16244,GIIYIIYKL_HLA-A*02:01,tcr14386,1
vdjdb_full_16247,GIIYIIYKL_HLA-A*02:01,tcr2695,1
vdjdb_full_16249,GIIYIIYKL_HLA-A*02:01,tcr12150,1
vdjdb_full_16253,GIIYIIYKL_HLA-A*02:01,tcr4681,1
vdjdb_full_16276,RPIIRPATL_HLA-B*08:01,tcr17639,1
vdjdb_full_16277,RPIIRPATL_HLA-B*08:01,tcr6491,1
vdjdb_full_16280,RPIIRPATL_HLA-B*08:01,tcr15544,1
vdjdb_full_16282,RPIIRPATL_HLA-B*08:01,tcr8501,1
vdjdb_full_16286,RPIIRPATL_HLA-B*08:01,tcr12454,1
vdjdb_full_16290,RPIIRPATL_HLA-B*08:01,tcr4169,1
vdjdb_full_16294,RPIIRPATL_HLA-B*08:01,tcr13614,1
vdjdb_full_16295,RPIIRPATL_HLA-B*08:01,tcr3821,1
vdjdb_full_16299,RPIIRPATL_HLA-B*08:01,tcr17079,1
vdjdb_full_16300,RPIIRPATL_HLA-B*08:01,tcr13670,1
vdjdb_full_16301,RPIIRPATL_HLA-B*08:01,tcr2921,1
vdjdb_full_16305,RPIIRPATL_HLA-B*08:01,tcr3053,1
vdjdb_full_16307,RPIIRPATL_HLA-B*08:01,tcr7277,1
vdjdb_full_16311,RPIIRPATL_HLA-B*08:01,tcr13868,1
vdjdb_full_16312,RPIIRPATL_HLA-B*08:01,tcr6428,1
vdjdb_full_16313,RPIIRPATL_HLA-B*08:01,tcr8945,1
vdjdb_full_16315,RPIIRPATL_HLA-B*08:01,tcr573,1
vdjdb_full_16316,RPIIRPATL_HLA-B*08:01,tcr3422,1
vdjdb_full_16338,VTDAAHLLI_HLA-A*01:01,tcr15575,1
vdjdb_full_16342,VTDAAHLLI_HLA-A*01:01,tcr7180,1
vdjdb_full_16343,VTDAAHLLI_HLA-A*01:01,tcr14065,1
vdjdb_full_16346,VTDAAHLLI_HLA-A*01:01,tcr14880,1
vdjdb_full_16349,VTDAAHLLI_HLA-A*01:01,tcr15542,1
vdjdb_full_16350,VTDAAHLLI_HLA-A*01:01,tcr13927,1
vdjdb_full_16351,VTDAAHLLI_HLA-A*01:01,tcr2396,1
vdjdb_full_16355,PTDNYITTY_HLA-A*01:01,tcr14740,1
vdjdb_full_16356,PTDNYITTY_HLA-A*01:01,tcr3809,1
vdjdb_full_16357,PTDNYITTY_HLA-A*01:01,tcr18361,1
vdjdb_full_16359,PTDNYITTY_HLA-A*01:01,tcr11918,1
vdjdb_full_16360,PTDNYITTY_HLA-A*01:01,tcr12601,1
vdjdb_full_16361,PTDNYITTY_HLA-A*01:01,tcr14948,1
vdjdb_full_16362,PTDNYITTY_HLA-A*01:01,tcr12710,1
vdjdb_full_16363,PTDNYITTY_HLA-A*01:01,tcr14866,1
vdjdb_full_16370,PTDNYITTY_HLA-A*01:01,tcr13447,1
vdjdb_full_16371,PTDNYITTY_HLA-A*01:01,tcr6742,1
vdjdb_full_16373,PTDNYITTY_HLA-A*01:01,tcr5143,1
vdjdb_full_16374,PTDNYITTY_HLA-A*01:01,tcr9074,1
vdjdb_full_16376,PTDNYITTY_HLA-A*01:01,tcr8980,1
vdjdb_full_16380,PTDNYITTY_HLA-A*01:01,tcr12876,1
vdjdb_full_16381,PTDNYITTY_HLA-A*01:01,tcr3998,1
vdjdb_full_16382,PTDNYITTY_HLA-A*01:01,tcr15489,1
vdjdb_full_16384,PTDNYITTY_HLA-A*01:01,tcr12522,1
vdjdb_full_16385,PTDNYITTY_HLA-A*01:01,tcr6033,1
vdjdb_full_16387,PTDNYITTY_HLA-A*01:01,tcr14354,1
vdjdb_full_16394,EAAGIGILTV_HLA-A*02:01,tcr11415,1
vdjdb_full_16395,EAAGIGILTV_HLA-A*02:01,tcr13514,1
vdjdb_full_16396,EAAGIGILTV_HLA-A*02:01,tcr5771,1
vdjdb_full_16397,EAAGIGILTV_HLA-A*02:01,tcr5424,1
vdjdb_full_16398,EAAGIGILTV_HLA-A*02:01,tcr7208,1
vdjdb_full_16399,EAAGIGILTV_HLA-A*02:01,tcr16562,1
vdjdb_full_16400,EAAGIGILTV_HLA-A*02:01,tcr949,1
vdjdb_full_16401,EAAGIGILTV_HLA-A*02:01,tcr824,1
vdjdb_full_16402,EAAGIGILTV_HLA-A*02:01,tcr18394,1
vdjdb_full_16403,EAAGIGILTV_HLA-A*02:01,tcr4979,1
vdjdb_full_16404,EAAGIGILTV_HLA-A*02:01,tcr982,1
vdjdb_full_16405,EAAGIGILTV_HLA-A*02:01,tcr3441,1
vdjdb_full_16406,EAAGIGILTV_HLA-A*02:01,tcr18301,1
vdjdb_full_16407,EAAGIGILTV_HLA-A*02:01,tcr6456,1
vdjdb_full_16408,EAAGIGILTV_HLA-A*02:01,tcr6924,1
vdjdb_full_16409,EAAGIGILTV_HLA-A*02:01,tcr16158,1
vdjdb_full_16410,EAAGIGILTV_HLA-A*02:01,tcr612,1
vdjdb_full_16412,EAAGIGILTV_HLA-A*02:01,tcr15677,1
vdjdb_full_16417,RTATKQYNV_HLA-A*02:01,tcr7687,1
vdjdb_full_16419,RTATKQYNV_HLA-A*02:01,tcr16549,1
vdjdb_full_16423,RTATKQYNV_HLA-A*02:01,tcr2259,1
vdjdb_full_16434,RTATKQYNV_HLA-A*02:01,tcr8914,1
vdjdb_full_16445,RTATKQYNV_HLA-A*02:01,tcr18040,1
vdjdb_full_16456,RTATKQYNV_HLA-A*02:01,tcr2295,1
vdjdb_full_16459,RTATKQYNV_HLA-A*02:01,tcr6264,1
vdjdb_full_16469,RPPIFIRRL_HLA-B*07:02,tcr12540,1
vdjdb_full_16470,RPPIFIRRL_HLA-B*07:02,tcr12743,1
vdjdb_full_16474,RPPIFIRRL_HLA-B*07:02,tcr6982,1
vdjdb_full_16475,RPPIFIRRL_HLA-B*07:02,tcr12536,1
vdjdb_full_16478,RPPIFIRRL_HLA-B*07:02,tcr15159,1
vdjdb_full_16479,RPPIFIRRL_HLA-B*07:02,tcr17199,1
vdjdb_full_16481,RPPIFIRRL_HLA-B*07:02,tcr4319,1
vdjdb_full_16487,RPPIFIRRL_HLA-B*07:02,tcr4304,1
vdjdb_full_16489,RPPIFIRRL_HLA-B*07:02,tcr4912,1
vdjdb_full_16491,RPPIFIRRL_HLA-B*07:02,tcr13930,1
vdjdb_full_16493,RPPIFIRRL_HLA-B*07:02,tcr16461,1
vdjdb_full_16494,RPPIFIRRL_HLA-B*07:02,tcr5925,1
vdjdb_full_16495,RPPIFIRRL_HLA-B*07:02,tcr4065,1
vdjdb_full_16496,RPPIFIRRL_HLA-B*07:02,tcr16657,1
vdjdb_full_16497,RPPIFIRRL_HLA-B*07:02,tcr8627,1
vdjdb_full_16498,RPPIFIRRL_HLA-B*07:02,tcr17581,1
vdjdb_full_16500,RPPIFIRRL_HLA-B*07:02,tcr17744,1
vdjdb_full_16501,RPPIFIRRL_HLA-B*07:02,tcr12478,1
vdjdb_full_16503,RPPIFIRRL_HLA-B*07:02,tcr2378,1
vdjdb_full_16504,RPPIFIRRL_HLA-B*07:02,tcr7537,1
vdjdb_full_16505,RPPIFIRRL_HLA-B*07:02,tcr12281,1
vdjdb_full_16507,RPPIFIRRL_HLA-B*07:02,tcr17577,1
vdjdb_full_16508,RPPIFIRRL_HLA-B*07:02,tcr2850,1
vdjdb_full_16509,RPPIFIRRL_HLA-B*07:02,tcr1666,1
vdjdb_full_16510,RPPIFIRRL_HLA-B*07:02,tcr6100,1
vdjdb_full_16514,RPPIFIRRL_HLA-B*07:02,tcr11672,1
vdjdb_full_16519,RPPIFIRRL_HLA-B*07:02,tcr3218,1
vdjdb_full_16520,RPPIFIRRL_HLA-B*07:02,tcr4057,1
vdjdb_full_16538,RLGPVQNEV_HLA-A*02:01,tcr3513,1
vdjdb_full_16540,RLGPVQNEV_HLA-A*02:01,tcr1032,1
vdjdb_full_16555,RLGPVQNEV_HLA-A*02:01,tcr12810,1
vdjdb_full_16556,RLGPVQNEV_HLA-A*02:01,tcr12579,1
vdjdb_full_16595,WPVTLACFV_HLA-B*07:02,tcr16858,1
vdjdb_full_16597,WPVTLACFV_HLA-B*07:02,tcr15877,1
vdjdb_full_16605,WPVTLACFV_HLA-B*07:02,tcr9626,1
vdjdb_full_16621,QYIKWPWYI_HLA-A*24:02,tcr11312,1
vdjdb_full_16623,QYIKWPWYI_HLA-A*24:02,tcr18120,1
vdjdb_full_16625,QYIKWPWYI_HLA-A*24:02,tcr12892,1
vdjdb_full_16628,QYIKWPWYI_HLA-A*24:02,tcr15776,1
vdjdb_full_16631,QYIKWPWYI_HLA-A*24:02,tcr11970,1
vdjdb_full_16648,QYIKWPWYI_HLA-A*24:02,tcr5342,1
vdjdb_full_16650,QYIKWPWYI_HLA-A*24:02,tcr4903,1
vdjdb_full_16651,QYIKWPWYI_HLA-A*24:02,tcr609,1
vdjdb_full_16653,QYIKWPWYI_HLA-A*24:02,tcr17195,1
vdjdb_full_16656,QYIKWPWYI_HLA-A*24:02,tcr13466,1
vdjdb_full_16659,QYIKWPWYI_HLA-A*24:02,tcr1138,1
vdjdb_full_16664,QYIKWPWYI_HLA-A*24:02,tcr13131,1
vdjdb_full_16672,VMNILLQYV_HLA-A*02:01,tcr5687,1
vdjdb_full_16674,VMNILLQYV_HLA-A*02:01,tcr7523,1
vdjdb_full_16677,VMNILLQYV_HLA-A*02:01,tcr5814,1
vdjdb_full_16679,VMNILLQYV_HLA-A*02:01,tcr5964,1
vdjdb_full_16680,VMNILLQYV_HLA-A*02:01,tcr7143,1
vdjdb_full_16688,VAANIVLTV_HLA-A*02:01,tcr16949,1
vdjdb_full_16690,VAANIVLTV_HLA-A*02:01,tcr4679,1
vdjdb_full_16693,VAANIVLTV_HLA-A*02:01,tcr9933,1
vdjdb_full_16694,VAANIVLTV_HLA-A*02:01,tcr13392,1
vdjdb_full_16696,VAANIVLTV_HLA-A*02:01,tcr5776,1
vdjdb_full_16697,VAANIVLTV_HLA-A*02:01,tcr9152,1
vdjdb_full_16698,VAANIVLTV_HLA-A*02:01,tcr18340,1
vdjdb_full_16699,VAANIVLTV_HLA-A*02:01,tcr13464,1
vdjdb_full_16700,VAANIVLTV_HLA-A*02:01,tcr3156,1
vdjdb_full_16702,VAANIVLTV_HLA-A*02:01,tcr7381,1
vdjdb_full_16704,VAANIVLTV_HLA-A*02:01,tcr6824,1
vdjdb_full_16705,VAANIVLTV_HLA-A*02:01,tcr17592,1
vdjdb_full_16706,VAANIVLTV_HLA-A*02:01,tcr370,1
vdjdb_full_16707,VAANIVLTV_HLA-A*02:01,tcr1633,1
vdjdb_full_16709,VAANIVLTV_HLA-A*02:01,tcr6827,1
vdjdb_full_16720,YLLEMLWRL_HLA-A*02:01,tcr17111,1
vdjdb_full_16730,YLLEMLWRL_HLA-A*02:01,tcr17322,1
vdjdb_full_16735,YLLEMLWRL_HLA-A*02:01,tcr6407,1
vdjdb_full_16736,YLLEMLWRL_HLA-A*02:01,tcr1736,1
vdjdb_full_16751,YLLEMLWRL_HLA-A*02:01,tcr3019,1
vdjdb_full_16754,YLLEMLWRL_HLA-A*02:01,tcr13343,1
vdjdb_full_16757,YLLEMLWRL_HLA-A*02:01,tcr11842,1
vdjdb_full_16758,YLLEMLWRL_HLA-A*02:01,tcr14393,1
vdjdb_full_16765,RLPGVLPRA_HLA-A*02:01,tcr4164,1
vdjdb_full_16767,RLPGVLPRA_HLA-A*02:01,tcr1179,1
vdjdb_full_16768,RLPGVLPRA_HLA-A*02:01,tcr8301,1
vdjdb_full_16769,RLPGVLPRA_HLA-A*02:01,tcr14335,1
vdjdb_full_16773,RLPGVLPRA_HLA-A*02:01,tcr1563,1
vdjdb_full_16774,RLPGVLPRA_HLA-A*02:01,tcr16703,1
vdjdb_full_16778,RLPGVLPRA_HLA-A*02:01,tcr10100,1
vdjdb_full_16780,RLPGVLPRA_HLA-A*02:01,tcr9370,1
vdjdb_full_16781,RLPGVLPRA_HLA-A*02:01,tcr5732,1
vdjdb_full_16784,RLPGVLPRA_HLA-A*02:01,tcr8900,1
vdjdb_full_16786,RLPGVLPRA_HLA-A*02:01,tcr7136,1
vdjdb_full_16789,RLPGVLPRA_HLA-A*02:01,tcr13486,1
vdjdb_full_16793,RLPGVLPRA_HLA-A*02:01,tcr922,1
vdjdb_full_16795,RLPGVLPRA_HLA-A*02:01,tcr12962,1
vdjdb_full_16798,RLPGVLPRA_HLA-A*02:01,tcr8309,1
vdjdb_full_16805,RLPGVLPRA_HLA-A*02:01,tcr11539,1
vdjdb_full_16853,MEVTPSGTWL_HLA-B*40:01,tcr8264,1
vdjdb_full_16856,MEVTPSGTWL_HLA-B*40:01,tcr11059,1
vdjdb_full_16857,MEVTPSGTWL_HLA-B*40:01,tcr10256,1
vdjdb_full_16862,MEVTPSGTWL_HLA-B*40:01,tcr1302,1
vdjdb_full_16869,MEVTPSGTWL_HLA-B*40:01,tcr3188,1
vdjdb_full_16870,MEVTPSGTWL_HLA-B*40:01,tcr1869,1
vdjdb_full_16872,MEVTPSGTWL_HLA-B*40:01,tcr5106,1
vdjdb_full_16875,MEVTPSGTWL_HLA-B*40:01,tcr1245,1
vdjdb_full_16877,MEVTPSGTWL_HLA-B*40:01,tcr14298,1
vdjdb_full_16878,MEVTPSGTWL_HLA-B*40:01,tcr4629,1
vdjdb_full_16883,MEVTPSGTWL_HLA-B*40:01,tcr11440,1
vdjdb_full_16885,MEVTPSGTWL_HLA-B*40:01,tcr16688,1
vdjdb_full_16886,MEVTPSGTWL_HLA-B*40:01,tcr10845,1
vdjdb_full_16887,MEVTPSGTWL_HLA-B*40:01,tcr16297,1
vdjdb_full_16888,MEVTPSGTWL_HLA-B*40:01,tcr17142,1
vdjdb_full_16901,RTATKAYNV_HLA-A*02:01,tcr9170,1
vdjdb_full_16904,RTATKAYNV_HLA-A*02:01,tcr3,1
vdjdb_full_16905,RTATKAYNV_HLA-A*02:01,tcr5668,1
vdjdb_full_16907,RTATKAYNV_HLA-A*02:01,tcr6977,1
vdjdb_full_16912,RTATKAYNV_HLA-A*02:01,tcr7799,1
vdjdb_full_16913,RTATKAYNV_HLA-A*02:01,tcr14376,1
vdjdb_full_16914,RTATKAYNV_HLA-A*02:01,tcr10626,1
vdjdb_full_16916,RTATKAYNV_HLA-A*02:01,tcr11567,1
vdjdb_full_16919,RTATKAYNV_HLA-A*02:01,tcr247,1
vdjdb_full_16920,RTATKAYNV_HLA-A*02:01,tcr14394,1
vdjdb_full_16922,RTATKAYNV_HLA-A*02:01,tcr13623,1
vdjdb_full_16923,RTATKAYNV_HLA-A*02:01,tcr5827,1
vdjdb_full_16927,RTATKAYNV_HLA-A*02:01,tcr18344,1
vdjdb_full_16931,RTATKAYNV_HLA-A*02:01,tcr9700,1
vdjdb_full_16932,RTATKAYNV_HLA-A*02:01,tcr9620,1
vdjdb_full_16933,RTATKAYNV_HLA-A*02:01,tcr9097,1
vdjdb_full_16934,RTATKAYNV_HLA-A*02:01,tcr11629,1
vdjdb_full_16938,RTATKAYNV_HLA-A*02:01,tcr7721,1
vdjdb_full_16941,RTATKAYNV_HLA-A*02:01,tcr2602,1
vdjdb_full_16942,RTATKAYNV_HLA-A*02:01,tcr16336,1
vdjdb_full_16943,RTATKAYNV_HLA-A*02:01,tcr3814,1
vdjdb_full_16944,RTATKAYNV_HLA-A*02:01,tcr8963,1
vdjdb_full_16945,RTATKAYNV_HLA-A*02:01,tcr4069,1
vdjdb_full_16949,NYNYLYRLF_HLA-A*24:02,tcr17440,1
vdjdb_full_16951,NYNYLYRLF_HLA-A*24:02,tcr7508,1
vdjdb_full_16952,NYNYLYRLF_HLA-A*24:02,tcr8994,1
vdjdb_full_16955,NYNYLYRLF_HLA-A*24:02,tcr8251,1
vdjdb_full_16958,NYNYLYRLF_HLA-A*24:02,tcr2735,1
vdjdb_full_16960,NYNYLYRLF_HLA-A*24:02,tcr2511,1
vdjdb_full_16961,NYNYLYRLF_HLA-A*24:02,tcr9375,1
vdjdb_full_16964,NYNYLYRLF_HLA-A*24:02,tcr18353,1
vdjdb_full_16967,NYNYLYRLF_HLA-A*24:02,tcr3755,1
vdjdb_full_16970,NYNYLYRLF_HLA-A*24:02,tcr13906,1
vdjdb_full_16972,NYNYLYRLF_HLA-A*24:02,tcr9227,1
vdjdb_full_16973,NYNYLYRLF_HLA-A*24:02,tcr14138,1
vdjdb_full_16974,NYNYLYRLF_HLA-A*24:02,tcr15843,1
vdjdb_full_16976,NYNYLYRLF_HLA-A*24:02,tcr10426,1
vdjdb_full_16978,NYNYLYRLF_HLA-A*24:02,tcr11239,1
vdjdb_full_16987,NYNYLYRLF_HLA-A*24:02,tcr15474,1
vdjdb_full_16988,NYNYLYRLF_HLA-A*24:02,tcr9891,1
vdjdb_full_16993,NYNYLYRLF_HLA-A*24:02,tcr17118,1
vdjdb_full_17024,LLYDANYFL_HLA-A*02:01,tcr4271,1
vdjdb_full_17026,LLYDANYFL_HLA-A*02:01,tcr7253,1
vdjdb_full_17027,LLYDANYFL_HLA-A*02:01,tcr8967,1
vdjdb_full_17029,LLYDANYFL_HLA-A*02:01,tcr12395,1
vdjdb_full_17030,LLYDANYFL_HLA-A*02:01,tcr7163,1
vdjdb_full_17032,LLYDANYFL_HLA-A*02:01,tcr8231,1
vdjdb_full_17033,LLYDANYFL_HLA-A*02:01,tcr11275,1
vdjdb_full_17034,LLYDANYFL_HLA-A*02:01,tcr7963,1
vdjdb_full_17035,LLYDANYFL_HLA-A*02:01,tcr14200,1
vdjdb_full_17037,LLYDANYFL_HLA-A*02:01,tcr9664,1
vdjdb_full_17041,LLYDANYFL_HLA-A*02:01,tcr8562,1
vdjdb_full_17043,LLYDANYFL_HLA-A*02:01,tcr16659,1
vdjdb_full_17044,LLYDANYFL_HLA-A*02:01,tcr3704,1
vdjdb_full_17045,LLYDANYFL_HLA-A*02:01,tcr8803,1
vdjdb_full_17046,LLYDANYFL_HLA-A*02:01,tcr417,1
vdjdb_full_17050,LLYDANYFL_HLA-A*02:01,tcr15049,1
vdjdb_full_17051,LLYDANYFL_HLA-A*02:01,tcr4024,1
vdjdb_full_17052,LLYDANYFL_HLA-A*02:01,tcr10919,1
vdjdb_full_17053,LLYDANYFL_HLA-A*02:01,tcr1621,1
vdjdb_full_17054,LLYDANYFL_HLA-A*02:01,tcr4179,1
vdjdb_full_17055,LLYDANYFL_HLA-A*02:01,tcr14070,1
vdjdb_full_17114,HSNLNDATY_HLA-A*01:01,tcr2180,1
vdjdb_full_17116,HSNLNDATY_HLA-A*01:01,tcr7709,1
vdjdb_full_17119,HSNLNDATY_HLA-A*01:01,tcr18158,1
vdjdb_full_17120,HSNLNDATY_HLA-A*01:01,tcr10344,1
vdjdb_full_17124,HSNLNDATY_HLA-A*01:01,tcr15530,1
vdjdb_full_17125,HSNLNDATY_HLA-A*01:01,tcr2749,1
vdjdb_full_17127,HSNLNDATY_HLA-A*01:01,tcr12611,1
vdjdb_full_17128,HSNLNDATY_HLA-A*01:01,tcr1681,1
vdjdb_full_17129,HSNLNDATY_HLA-A*01:01,tcr4726,1
vdjdb_full_17131,HSNLNDATY_HLA-A*01:01,tcr17333,1
vdjdb_full_17132,HSNLNDATY_HLA-A*01:01,tcr8324,1
vdjdb_full_17133,HSNLNDATY_HLA-A*01:01,tcr13503,1
vdjdb_full_17134,HSNLNDATY_HLA-A*01:01,tcr16125,1
vdjdb_full_17136,HSNLNDATY_HLA-A*01:01,tcr15362,1
vdjdb_full_17137,HSNLNDATY_HLA-A*01:01,tcr4680,1
vdjdb_full_17160,KTWGQYWQV_HLA-A*02:01,tcr912,1
vdjdb_full_17161,KTWGQYWQV_HLA-A*02:01,tcr5534,1
vdjdb_full_17162,KTWGQYWQV_HLA-A*02:01,tcr7464,1
vdjdb_full_17168,KTWGQYWQV_HLA-A*02:01,tcr17595,1
vdjdb_full_17172,KTWGQYWQV_HLA-A*02:01,tcr8880,1
vdjdb_full_17173,KTWGQYWQV_HLA-A*02:01,tcr12911,1
vdjdb_full_17174,ALSKGVHFV_HLA-A*02:01,tcr15908,1
vdjdb_full_17178,ALSKGVHFV_HLA-A*02:01,tcr4768,1
vdjdb_full_17181,ALSKGVHFV_HLA-A*02:01,tcr8002,1
vdjdb_full_17182,ALSKGVHFV_HLA-A*02:01,tcr13158,1
vdjdb_full_17184,ALSKGVHFV_HLA-A*02:01,tcr4506,1
vdjdb_full_17191,ALSKGVHFV_HLA-A*02:01,tcr14276,1
vdjdb_full_17196,ALSKGVHFV_HLA-A*02:01,tcr14303,1
vdjdb_full_17200,VVTGVLVYL_HLA-A*02:01,tcr4073,1
vdjdb_full_17202,VVTGVLVYL_HLA-A*02:01,tcr14033,1
vdjdb_full_17205,VVTGVLVYL_HLA-A*02:01,tcr14909,1
vdjdb_full_17209,VVTGVLVYL_HLA-A*02:01,tcr4339,1
vdjdb_full_17211,VVTGVLVYL_HLA-A*02:01,tcr15323,1
vdjdb_full_17212,VVTGVLVYL_HLA-A*02:01,tcr8881,1
vdjdb_full_17213,VVTGVLVYL_HLA-A*02:01,tcr17280,1
vdjdb_full_17214,VVTGVLVYL_HLA-A*02:01,tcr17235,1
vdjdb_full_17216,VVTGVLVYL_HLA-A*02:01,tcr5839,1
vdjdb_full_17255,YAKWKLCSA_HLA-B*08:01,tcr4528,1
vdjdb_full_17257,YAKWKLCSA_HLA-B*08:01,tcr5828,1
vdjdb_full_17260,YAKWKLCSA_HLA-B*08:01,tcr10909,1
vdjdb_full_17264,YAKWKLCSA_HLA-B*08:01,tcr18332,1
vdjdb_full_17265,YAKWKLCSA_HLA-B*08:01,tcr2939,1
vdjdb_full_17266,YAKWKLCSA_HLA-B*08:01,tcr13928,1
vdjdb_full_17268,YAKWKLCSA_HLA-B*08:01,tcr16320,1
vdjdb_full_17270,YAKWKLCSA_HLA-B*08:01,tcr17911,1
vdjdb_full_17272,YAKWKLCSA_HLA-B*08:01,tcr11398,1
vdjdb_full_17275,YAKWKLCSA_HLA-B*08:01,tcr6552,1
vdjdb_full_17277,YAKWKLCSA_HLA-B*08:01,tcr14072,1
vdjdb_full_17282,KLSALGINAV_HLA-A*02:01,tcr17315,1
vdjdb_full_17283,KLSALGINAV_HLA-A*02:01,tcr11067,1
vdjdb_full_17285,KLSALGINAV_HLA-A*02:01,tcr6791,1
vdjdb_full_17286,KLSALGINAV_HLA-A*02:01,tcr4312,1
vdjdb_full_17290,KLSALGINAV_HLA-A*02:01,tcr13629,1
vdjdb_full_17292,KLSALGINAV_HLA-A*02:01,tcr11029,1
vdjdb_full_17293,KLSALGINAV_HLA-A*02:01,tcr10631,1
vdjdb_full_17294,KLSALGINAV_HLA-A*02:01,tcr9833,1
vdjdb_full_17295,KLSALGINAV_HLA-A*02:01,tcr11491,1
vdjdb_full_17296,KLSALGINAV_HLA-A*02:01,tcr13205,1
vdjdb_full_17297,KLSALGINAV_HLA-A*02:01,tcr14572,1
vdjdb_full_17298,KLSALGINAV_HLA-A*02:01,tcr8032,1
vdjdb_full_17299,KLSALGINAV_HLA-A*02:01,tcr12925,1
vdjdb_full_17300,KLSALGINAV_HLA-A*02:01,tcr15169,1
vdjdb_full_17302,KLSALGINAV_HLA-A*02:01,tcr1147,1
vdjdb_full_17313,KSVNITFEL_HLA-A*02:01,tcr7581,1
vdjdb_full_17316,KSVNITFEL_HLA-A*02:01,tcr11114,1
vdjdb_full_17317,KSVNITFEL_HLA-A*02:01,tcr15855,1
vdjdb_full_17320,KSVNITFEL_HLA-A*02:01,tcr7584,1
vdjdb_full_17325,RVAGDSGFAAY_HLA-B*15:01,tcr6667,1
vdjdb_full_17326,RVAGDSGFAAY_HLA-B*15:01,tcr15045,1
vdjdb_full_17327,RVAGDSGFAAY_HLA-B*15:01,tcr874,1
vdjdb_full_17335,RVAGDSGFAAY_HLA-B*15:01,tcr15849,1
vdjdb_full_17336,RVAGDSGFAAY_HLA-B*15:01,tcr15668,1
vdjdb_full_17337,RVAGDSGFAAY_HLA-B*15:01,tcr16082,1
vdjdb_full_17338,RVAGDSGFAAY_HLA-B*15:01,tcr15083,1
vdjdb_full_17339,RVAGDSGFAAY_HLA-B*15:01,tcr16206,1
vdjdb_full_17344,RVAGDSGFAAY_HLA-B*15:01,tcr3840,1
vdjdb_full_17345,RVAGDSGFAAY_HLA-B*15:01,tcr16041,1
vdjdb_full_17349,RPIIRPATL_HLA-B*07:02,tcr17281,1
vdjdb_full_17352,RPIIRPATL_HLA-B*07:02,tcr168,1
vdjdb_full_17353,RPIIRPATL_HLA-B*07:02,tcr18221,1
vdjdb_full_17354,RPIIRPATL_HLA-B*07:02,tcr12950,1
vdjdb_full_17355,RPIIRPATL_HLA-B*07:02,tcr11054,1
vdjdb_full_17356,RPIIRPATL_HLA-B*07:02,tcr14674,1
vdjdb_full_17359,RPIIRPATL_HLA-B*07:02,tcr10515,1
vdjdb_full_17360,RPIIRPATL_HLA-B*07:02,tcr8466,1
vdjdb_full_17362,RPIIRPATL_HLA-B*07:02,tcr4305,1
vdjdb_full_17363,RPIIRPATL_HLA-B*07:02,tcr2772,1
vdjdb_full_17365,RPIIRPATL_HLA-B*07:02,tcr672,1
vdjdb_full_17369,RPIIRPATL_HLA-B*07:02,tcr10014,1
vdjdb_full_17372,RPIIRPATL_HLA-B*07:02,tcr3970,1
vdjdb_full_17373,RPIIRPATL_HLA-B*07:02,tcr13873,1
vdjdb_full_17377,RPIIRPATL_HLA-B*07:02,tcr12519,1
vdjdb_full_17379,RPIIRPATL_HLA-B*07:02,tcr16595,1
vdjdb_full_17380,RPIIRPATL_HLA-B*07:02,tcr4217,1
vdjdb_full_17391,RGPGRAFVTI_HLA-A*02:01,tcr5733,1
vdjdb_full_17392,RGPGRAFVTI_HLA-A*02:01,tcr7856,1
vdjdb_full_17394,RGPGRAFVTI_HLA-A*02:01,tcr9141,1
vdjdb_full_17395,RGPGRAFVTI_HLA-A*02:01,tcr5764,1
vdjdb_full_17398,RGPGRAFVTI_HLA-A*02:01,tcr496,1
vdjdb_full_17401,RGPGRAFVTI_HLA-A*02:01,tcr17583,1
vdjdb_full_17402,RGPGRAFVTI_HLA-A*02:01,tcr13905,1
vdjdb_full_17404,RGPGRAFVTI_HLA-A*02:01,tcr4176,1
vdjdb_full_17406,RGPGRAFVTI_HLA-A*02:01,tcr10676,1
vdjdb_full_17408,RGPGRAFVTI_HLA-A*02:01,tcr5048,1
vdjdb_full_17413,RGPGRAFVTI_HLA-A*02:01,tcr14448,1
vdjdb_full_17414,RGPGRAFVTI_HLA-A*02:01,tcr3837,1
vdjdb_full_1744,KLGGALQAK_HLA-A*03:01,tcr9547,1
vdjdb_full_17456,LTSLTILQLY_HLA-A*01:01,tcr1909,1
vdjdb_full_17459,LTSLTILQLY_HLA-A*01:01,tcr15084,1
vdjdb_full_17465,LTSLTILQLY_HLA-A*01:01,tcr5970,1
vdjdb_full_17468,LTSLTILQLY_HLA-A*01:01,tcr6762,1
vdjdb_full_17493,RLITGRLQSL_HLA-A*02:01,tcr5266,1
vdjdb_full_17497,RLITGRLQSL_HLA-A*02:01,tcr5186,1
vdjdb_full_17499,RLITGRLQSL_HLA-A*02:01,tcr14398,1
vdjdb_full_17524,RLWGTWVKA_HLA-A*02:01,tcr7365,1
vdjdb_full_17525,RLWGTWVKA_HLA-A*02:01,tcr17923,1
vdjdb_full_17526,RLWGTWVKA_HLA-A*02:01,tcr9329,1
vdjdb_full_17527,RLWGTWVKA_HLA-A*02:01,tcr852,1
vdjdb_full_17528,RLWGTWVKA_HLA-A*02:01,tcr13593,1
vdjdb_full_17530,RLWGTWVKA_HLA-A*02:01,tcr9627,1
vdjdb_full_17531,RLWGTWVKA_HLA-A*02:01,tcr16669,1
vdjdb_full_17532,RLWGTWVKA_HLA-A*02:01,tcr8819,1
vdjdb_full_17533,RLWGTWVKA_HLA-A*02:01,tcr13937,1
vdjdb_full_17662,ALWALPHAA_HLA-A*02:01,tcr16890,1
vdjdb_full_17676,ALWALPHAA_HLA-A*02:01,tcr15098,1
vdjdb_full_17680,ALWALPHAA_HLA-A*02:01,tcr8646,1
vdjdb_full_17685,ALWALPHAA_HLA-A*02:01,tcr7468,1
vdjdb_full_17688,ALWALPHAA_HLA-A*02:01,tcr8785,1
vdjdb_full_17712,TLWCSPIKV_HLA-A*02:01,tcr13362,1
vdjdb_full_17714,TLWCSPIKV_HLA-A*02:01,tcr14300,1
vdjdb_full_17715,TLWCSPIKV_HLA-A*02:01,tcr4127,1
vdjdb_full_17717,TLWCSPIKV_HLA-A*02:01,tcr7225,1
vdjdb_full_17719,TLWCSPIKV_HLA-A*02:01,tcr10981,1
vdjdb_full_17720,TLWCSPIKV_HLA-A*02:01,tcr14997,1
vdjdb_full_17830,TPSVSSSISSL_HLA-B*07:02,tcr9972,1
vdjdb_full_17833,TPSVSSSISSL_HLA-B*07:02,tcr2030,1
vdjdb_full_17835,TPSVSSSISSL_HLA-B*07:02,tcr7172,1
vdjdb_full_17839,TPSVSSSISSL_HLA-B*07:02,tcr6502,1
vdjdb_full_17847,TPSVSSSISSL_HLA-B*07:02,tcr10295,1
vdjdb_full_17857,RLLPLLALL_HLA-A*02:01,tcr5511,1
vdjdb_full_17859,RLLPLLALL_HLA-A*02:01,tcr17206,1
vdjdb_full_17861,RLLPLLALL_HLA-A*02:01,tcr16695,1
vdjdb_full_17864,RLLPLLALL_HLA-A*02:01,tcr13879,1
vdjdb_full_17914,HPVGEADYFEY_HLA-B*35:08,tcr5286,1
vdjdb_full_17916,HPVGEADYFEY_HLA-B*35:08,tcr3148,1
vdjdb_full_17917,HPVGEADYFEY_HLA-B*35:08,tcr2009,1
vdjdb_full_17930,YSEHPTFTSQY_HLA-A*01:01,tcr6231,1
vdjdb_full_17940,YSEHPTFTSQY_HLA-A*01:01,tcr16493,1
vdjdb_full_17941,YSEHPTFTSQY_HLA-A*01:01,tcr14186,1
vdjdb_full_17959,EPLPQGQLTAY_HLA-B*35:01,tcr6558,1
vdjdb_full_17960,EPLPQGQLTAY_HLA-B*35:01,tcr1091,1
vdjdb_full_17962,EPLPQGQLTAY_HLA-B*35:01,tcr51,1
vdjdb_full_17964,EPLPQGQLTAY_HLA-B*35:01,tcr479,1
vdjdb_full_17965,EPLPQGQLTAY_HLA-B*35:01,tcr17648,1
vdjdb_full_18,QAKWRLQTL_HLA-B*08:01,tcr13377,1
vdjdb_full_18067,CYTWNQMNL_HLA-A*24:02,tcr283,1
vdjdb_full_18068,CYTWNQMNL_HLA-A*24:02,tcr3238,1
vdjdb_full_18070,CYTWNQMNL_HLA-A*24:02,tcr3045,1
vdjdb_full_18076,CYTWNQMNL_HLA-A*24:02,tcr15731,1
vdjdb_full_18077,CYTWNQMNL_HLA-A*24:02,tcr2487,1
vdjdb_full_18078,CYTWNQMNL_HLA-A*24:02,tcr7980,1
vdjdb_full_18151,MLDLQPETT_HLA-A*02:01,tcr3419,1
vdjdb_full_18153,MLDLQPETT_HLA-A*02:01,tcr149,1
vdjdb_full_18154,MLDLQPETT_HLA-A*02:01,tcr164,1
vdjdb_full_18155,MLDLQPETT_HLA-A*02:01,tcr13369,1
vdjdb_full_18157,MLDLQPETT_HLA-A*02:01,tcr7926,1
vdjdb_full_18158,MLDLQPETT_HLA-A*02:01,tcr17963,1
vdjdb_full_18159,MLDLQPETT_HLA-A*02:01,tcr9896,1
vdjdb_full_18160,MLDLQPETT_HLA-A*02:01,tcr17238,1
vdjdb_full_18161,MLDLQPETT_HLA-A*02:01,tcr7858,1
vdjdb_full_18164,MLDLQPETT_HLA-A*02:01,tcr17449,1
vdjdb_full_18165,QELIRQGTDY_HLA-B*44:02,tcr15704,1
vdjdb_full_18172,QELIRQGTDY_HLA-B*44:02,tcr16133,1
vdjdb_full_18196,GQAQGIGSSVY_HLA-B*15:01,tcr13756,1
vdjdb_full_18200,GQAQGIGSSVY_HLA-B*15:01,tcr3880,1
vdjdb_full_18201,GQAQGIGSSVY_HLA-B*15:01,tcr5414,1
vdjdb_full_18206,GQAQGIGSSVY_HLA-B*15:01,tcr4461,1
vdjdb_full_18207,GQAQGIGSSVY_HLA-B*15:01,tcr4259,1
vdjdb_full_18302,RPHERNGFTV_HLA-B*07:02,tcr12433,1
vdjdb_full_18311,RPHERNGFTV_HLA-B*07:02,tcr2635,1
vdjdb_full_18413,FLWSVFWLI_HLA-A*02:01,tcr11014,1
vdjdb_full_18414,FLWSVFWLI_HLA-A*02:01,tcr292,1
vdjdb_full_18415,FLWSVFWLI_HLA-A*02:01,tcr8449,1
vdjdb_full_193,KLGGALQAK_HLA-A*03:01,tcr8760,1
vdjdb_full_1982,KLGGALQAK_HLA-A*03:01,tcr5636,1
vdjdb_full_2,QAKWRLQTL_HLA-B*08:01,tcr12036,1
vdjdb_full_20,QAKWRLQTL_HLA-B*08:01,tcr7664,1
vdjdb_full_2069,GLCTLVAML_HLA-A*02:01,tcr6705,1
vdjdb_full_2072,GLCTLVAML_HLA-A*02:01,tcr18269,1
vdjdb_full_2073,GLCTLVAML_HLA-A*02:01,tcr14512,1
vdjdb_full_2074,GLCTLVAML_HLA-A*02:01,tcr5669,1
vdjdb_full_2081,GLCTLVAML_HLA-A*02:01,tcr10380,1
vdjdb_full_2085,GLCTLVAML_HLA-A*02:01,tcr9038,1
vdjdb_full_2093,GLCTLVAML_HLA-A*02:01,tcr14944,1
vdjdb_full_2096,GLCTLVAML_HLA-A*02:01,tcr2679,1
vdjdb_full_21,QAKWRLQTL_HLA-B*08:01,tcr18352,1
vdjdb_full_2102,GLCTLVAML_HLA-A*02:01,tcr11232,1
vdjdb_full_2109,GLCTLVAML_HLA-A*02:01,tcr7480,1
vdjdb_full_2118,GLCTLVAML_HLA-A*02:01,tcr16779,1
vdjdb_full_2126,GLCTLVAML_HLA-A*02:01,tcr8290,1
vdjdb_full_2131,GLCTLVAML_HLA-A*02:01,tcr1886,1
vdjdb_full_2136,GLCTLVAML_HLA-A*02:01,tcr5489,1
vdjdb_full_2139,GLCTLVAML_HLA-A*02:01,tcr16192,1
vdjdb_full_2140,GLCTLVAML_HLA-A*02:01,tcr4117,1
vdjdb_full_2141,GLCTLVAML_HLA-A*02:01,tcr614,1
vdjdb_full_2142,GLCTLVAML_HLA-A*02:01,tcr6726,1
vdjdb_full_2145,GLCTLVAML_HLA-A*02:01,tcr17536,1
vdjdb_full_2152,GLCTLVAML_HLA-A*02:01,tcr16432,1
vdjdb_full_2153,GLCTLVAML_HLA-A*02:01,tcr11072,1
vdjdb_full_2156,GLCTLVAML_HLA-A*02:01,tcr9747,1
vdjdb_full_2164,GLCTLVAML_HLA-A*02:01,tcr8578,1
vdjdb_full_2168,GLCTLVAML_HLA-A*02:01,tcr12954,1
vdjdb_full_2198,GLCTLVAML_HLA-A*02:01,tcr8332,1
vdjdb_full_2199,GLCTLVAML_HLA-A*02:01,tcr15983,1
vdjdb_full_223,KLGGALQAK_HLA-A*03:01,tcr4133,1
vdjdb_full_2235,GLCTLVAML_HLA-A*02:01,tcr14378,1
vdjdb_full_2241,GLCTLVAML_HLA-A*02:01,tcr12049,1
vdjdb_full_2248,GLCTLVAML_HLA-A*02:01,tcr13147,1
vdjdb_full_2253,GLCTLVAML_HLA-A*02:01,tcr6984,1
vdjdb_full_2261,GLCTLVAML_HLA-A*02:01,tcr18320,1
vdjdb_full_2309,GLCTLVAML_HLA-A*02:01,tcr10273,1
vdjdb_full_2327,GLCTLVAML_HLA-A*02:01,tcr13825,1
vdjdb_full_2349,GLCTLVAML_HLA-A*02:01,tcr6638,1
vdjdb_full_2359,GLCTLVAML_HLA-A*02:01,tcr13394,1
vdjdb_full_2360,GLCTLVAML_HLA-A*02:01,tcr2837,1
vdjdb_full_2370,GLCTLVAML_HLA-A*02:01,tcr15582,1
vdjdb_full_2372,GLCTLVAML_HLA-A*02:01,tcr11652,1
vdjdb_full_2387,GLCTLVAML_HLA-A*02:01,tcr4114,1
vdjdb_full_2405,GLCTLVAML_HLA-A*02:01,tcr3567,1
vdjdb_full_2409,GLCTLVAML_HLA-A*02:01,tcr3945,1
vdjdb_full_2417,GLCTLVAML_HLA-A*02:01,tcr16847,1
vdjdb_full_2431,GLCTLVAML_HLA-A*02:01,tcr4132,1
vdjdb_full_2434,GLCTLVAML_HLA-A*02:01,tcr12076,1
vdjdb_full_2454,GLCTLVAML_HLA-A*02:01,tcr2752,1
vdjdb_full_2474,GLCTLVAML_HLA-A*02:01,tcr11817,1
vdjdb_full_2504,GLCTLVAML_HLA-A*02:01,tcr10556,1
vdjdb_full_2537,GLCTLVAML_HLA-A*02:01,tcr2507,1
vdjdb_full_2548,GLCTLVAML_HLA-A*02:01,tcr5439,1
vdjdb_full_2550,GLCTLVAML_HLA-A*02:01,tcr508,1
vdjdb_full_2559,GLCTLVAML_HLA-A*02:01,tcr5413,1
vdjdb_full_2565,GLCTLVAML_HLA-A*02:01,tcr6156,1
vdjdb_full_2578,GLCTLVAML_HLA-A*02:01,tcr15578,1
vdjdb_full_2579,GLCTLVAML_HLA-A*02:01,tcr18299,1
vdjdb_full_2597,GLCTLVAML_HLA-A*02:01,tcr3798,1
vdjdb_full_2602,GLCTLVAML_HLA-A*02:01,tcr7336,1
vdjdb_full_2604,GLCTLVAML_HLA-A*02:01,tcr958,1
vdjdb_full_2607,GLCTLVAML_HLA-A*02:01,tcr5811,1
vdjdb_full_2608,GLCTLVAML_HLA-A*02:01,tcr16495,1
vdjdb_full_2638,SLLMWITQV_HLA-A*02:01,tcr12581,1
vdjdb_full_2665,SLLMWITQV_HLA-A*02:01,tcr15182,1
vdjdb_full_2674,SLLMWITQV_HLA-A*02:01,tcr10744,1
vdjdb_full_2678,SLLMWITQV_HLA-A*02:01,tcr17218,1
vdjdb_full_2679,SLLMWITQV_HLA-A*02:01,tcr3060,1
vdjdb_full_2708,SLLMWITQV_HLA-A*02:01,tcr5631,1
vdjdb_full_2720,SLLMWITQV_HLA-A*02:01,tcr12683,1
vdjdb_full_2733,SLLMWITQV_HLA-A*02:01,tcr16271,1
vdjdb_full_2737,SLLMWITQV_HLA-A*02:01,tcr16709,1
vdjdb_full_28,QAKWRLQTL_HLA-B*08:01,tcr11033,1
vdjdb_full_2819,SLLMWITQV_HLA-A*02:01,tcr10367,1
vdjdb_full_2821,SLLMWITQV_HLA-A*02:01,tcr17336,1
vdjdb_full_2856,SLLMWITQV_HLA-A*02:01,tcr17962,1
vdjdb_full_2860,SLLMWITQV_HLA-A*02:01,tcr4274,1
vdjdb_full_2863,SLLMWITQV_HLA-A*02:01,tcr9286,1
vdjdb_full_2884,SLLMWITQV_HLA-A*02:01,tcr14580,1
vdjdb_full_2890,SLLMWITQV_HLA-A*02:01,tcr6451,1
vdjdb_full_29,QAKWRLQTL_HLA-B*08:01,tcr4320,1
vdjdb_full_290,KLGGALQAK_HLA-A*03:01,tcr15539,1
vdjdb_full_2906,SLLMWITQV_HLA-A*02:01,tcr833,1
vdjdb_full_2933,SLLMWITQV_HLA-A*02:01,tcr1958,1
vdjdb_full_2962,SLLMWITQV_HLA-A*02:01,tcr7601,1
vdjdb_full_2970,SLLMWITQV_HLA-A*02:01,tcr3021,1
vdjdb_full_2977,SLLMWITQV_HLA-A*02:01,tcr2449,1
vdjdb_full_2983,SLLMWITQV_HLA-A*02:01,tcr13218,1
vdjdb_full_2992,SLLMWITQV_HLA-A*02:01,tcr7076,1
vdjdb_full_30,QAKWRLQTL_HLA-B*08:01,tcr17072,1
vdjdb_full_3059,SLLMWITQV_HLA-A*02:01,tcr5135,1
vdjdb_full_3087,SLLMWITQV_HLA-A*02:01,tcr4819,1
vdjdb_full_31,QAKWRLQTL_HLA-B*08:01,tcr1424,1
vdjdb_full_3116,SLLMWITQV_HLA-A*02:01,tcr4961,1
vdjdb_full_316,KLGGALQAK_HLA-A*03:01,tcr1059,1
vdjdb_full_3181,SLLMWITQV_HLA-A*02:01,tcr7890,1
vdjdb_full_3193,SLLMWITQV_HLA-A*02:01,tcr5698,1
vdjdb_full_3194,SLLMWITQV_HLA-A*02:01,tcr10770,1
vdjdb_full_323,KLGGALQAK_HLA-A*03:01,tcr11723,1
vdjdb_full_3237,SLLMWITQV_HLA-A*02:01,tcr15529,1
vdjdb_full_3260,SLLMWITQV_HLA-A*02:01,tcr17712,1
vdjdb_full_3283,SLLMWITQV_HLA-A*02:01,tcr9202,1
vdjdb_full_3287,SLLMWITQV_HLA-A*02:01,tcr11474,1
vdjdb_full_3355,SLLMWITQV_HLA-A*02:01,tcr10323,1
vdjdb_full_3364,SLLMWITQV_HLA-A*02:01,tcr3505,1
vdjdb_full_3396,SLLMWITQV_HLA-A*02:01,tcr11401,1
vdjdb_full_3401,SLLMWITQV_HLA-A*02:01,tcr4382,1
vdjdb_full_3433,SLLMWITQV_HLA-A*02:01,tcr14565,1
vdjdb_full_3466,SLLMWITQV_HLA-A*02:01,tcr1139,1
vdjdb_full_3498,SLLMWITQV_HLA-A*02:01,tcr15092,1
vdjdb_full_35,QAKWRLQTL_HLA-B*08:01,tcr5615,1
vdjdb_full_3514,SLLMWITQV_HLA-A*02:01,tcr6044,1
vdjdb_full_3516,SLLMWITQV_HLA-A*02:01,tcr3097,1
vdjdb_full_3518,SLLMWITQV_HLA-A*02:01,tcr403,1
vdjdb_full_3547,SLLMWITQV_HLA-A*02:01,tcr7554,1
vdjdb_full_3553,SLLMWITQV_HLA-A*02:01,tcr250,1
vdjdb_full_3573,SLLMWITQV_HLA-A*02:01,tcr9958,1
vdjdb_full_3596,SLLMWITQV_HLA-A*02:01,tcr12372,1
vdjdb_full_36,QAKWRLQTL_HLA-B*08:01,tcr16970,1
vdjdb_full_3663,SLLMWITQV_HLA-A*02:01,tcr9845,1
vdjdb_full_3687,SLLMWITQV_HLA-A*02:01,tcr15097,1
vdjdb_full_3689,SLLMWITQV_HLA-A*02:01,tcr4020,1
vdjdb_full_3692,SLLMWITQV_HLA-A*02:01,tcr17033,1
vdjdb_full_3698,SLLMWITQV_HLA-A*02:01,tcr8596,1
vdjdb_full_37,QAKWRLQTL_HLA-B*08:01,tcr667,1
vdjdb_full_3727,SLLMWITQV_HLA-A*02:01,tcr17643,1
vdjdb_full_3788,SLLMWITQV_HLA-A*02:01,tcr11001,1
vdjdb_full_3791,SLLMWITQV_HLA-A*02:01,tcr7414,1
vdjdb_full_3842,SLLMWITQV_HLA-A*02:01,tcr7811,1
vdjdb_full_3853,SLLMWITQV_HLA-A*02:01,tcr4389,1
vdjdb_full_3882,SLLMWITQV_HLA-A*02:01,tcr4244,1
vdjdb_full_3898,SLLMWITQV_HLA-A*02:01,tcr9473,1
vdjdb_full_3899,SLLMWITQV_HLA-A*02:01,tcr1085,1
vdjdb_full_3901,SLLMWITQV_HLA-A*02:01,tcr16848,1
vdjdb_full_3932,SLLMWITQV_HLA-A*02:01,tcr15647,1
vdjdb_full_3942,SLLMWITQV_HLA-A*02:01,tcr17928,1
vdjdb_full_4004,SLLMWITQV_HLA-A*02:01,tcr9527,1
vdjdb_full_4062,SLLMWITQV_HLA-A*02:01,tcr5426,1
vdjdb_full_4082,SLLMWITQV_HLA-A*02:01,tcr13898,1
vdjdb_full_4083,SLLMWITQV_HLA-A*02:01,tcr16093,1
vdjdb_full_4092,SLLMWITQV_HLA-A*02:01,tcr7509,1
vdjdb_full_4096,SLLMWITQV_HLA-A*02:01,tcr11347,1
vdjdb_full_41,QAKWRLQTL_HLA-B*08:01,tcr17664,1
vdjdb_full_4111,SLLMWITQV_HLA-A*02:01,tcr15416,1
vdjdb_full_4121,SLLMWITQV_HLA-A*02:01,tcr1081,1
vdjdb_full_4141,SLLMWITQV_HLA-A*02:01,tcr174,1
vdjdb_full_4164,SLLMWITQV_HLA-A*02:01,tcr3947,1
vdjdb_full_4165,SLLMWITQV_HLA-A*02:01,tcr13664,1
vdjdb_full_4177,SLLMWITQV_HLA-A*02:01,tcr5086,1
vdjdb_full_4217,SLLMWITQV_HLA-A*02:01,tcr17701,1
vdjdb_full_4218,SLLMWITQV_HLA-A*02:01,tcr136,1
vdjdb_full_4230,SLLMWITQV_HLA-A*02:01,tcr4370,1
vdjdb_full_4232,SLLMWITQV_HLA-A*02:01,tcr9401,1
vdjdb_full_4255,SLLMWITQV_HLA-A*02:01,tcr14796,1
vdjdb_full_4256,SLLMWITQV_HLA-A*02:01,tcr13506,1
vdjdb_full_4273,SLLMWITQV_HLA-A*02:01,tcr537,1
vdjdb_full_43,QAKWRLQTL_HLA-B*08:01,tcr15199,1
vdjdb_full_4300,SLLMWITQV_HLA-A*02:01,tcr8569,1
vdjdb_full_4305,SLLMWITQV_HLA-A*02:01,tcr3181,1
vdjdb_full_4338,SLLMWITQV_HLA-A*02:01,tcr5936,1
vdjdb_full_4340,SLLMWITQV_HLA-A*02:01,tcr15315,1
vdjdb_full_4350,SLLMWITQV_HLA-A*02:01,tcr6091,1
vdjdb_full_4407,SLLMWITQV_HLA-A*02:01,tcr6780,1
vdjdb_full_4428,SLLMWITQV_HLA-A*02:01,tcr16240,1
vdjdb_full_4442,SLLMWITQV_HLA-A*02:01,tcr14528,1
vdjdb_full_4456,SLLMWITQV_HLA-A*02:01,tcr12787,1
vdjdb_full_4461,SLLMWITQV_HLA-A*02:01,tcr16138,1
vdjdb_full_4469,SLLMWITQV_HLA-A*02:01,tcr386,1
vdjdb_full_4493,SLLMWITQV_HLA-A*02:01,tcr14259,1
vdjdb_full_45,QAKWRLQTL_HLA-B*08:01,tcr9171,1
vdjdb_full_4531,SLLMWITQV_HLA-A*02:01,tcr17747,1
vdjdb_full_4536,SLLMWITQV_HLA-A*02:01,tcr6464,1
vdjdb_full_4540,SLLMWITQV_HLA-A*02:01,tcr3553,1
vdjdb_full_4590,SLLMWITQV_HLA-A*02:01,tcr18059,1
vdjdb_full_4596,SLLMWITQV_HLA-A*02:01,tcr11188,1
vdjdb_full_47,QAKWRLQTL_HLA-B*08:01,tcr5870,1
vdjdb_full_5047,AVFDRKSDAK_HLA-A*11:01,tcr14291,1
vdjdb_full_51,QAKWRLQTL_HLA-B*08:01,tcr11802,1
vdjdb_full_5129,AVFDRKSDAK_HLA-A*11:01,tcr10871,1
vdjdb_full_52,QAKWRLQTL_HLA-B*08:01,tcr8993,1
vdjdb_full_5246,AVFDRKSDAK_HLA-A*11:01,tcr15745,1
vdjdb_full_53,QAKWRLQTL_HLA-B*08:01,tcr9782,1
vdjdb_full_5347,AVFDRKSDAK_HLA-A*11:01,tcr5790,1
vdjdb_full_5454,AVFDRKSDAK_HLA-A*11:01,tcr16620,1
vdjdb_full_5657,AVFDRKSDAK_HLA-A*11:01,tcr1483,1
vdjdb_full_57,QAKWRLQTL_HLA-B*08:01,tcr5377,1
vdjdb_full_5799,AVFDRKSDAK_HLA-A*11:01,tcr1689,1
vdjdb_full_5829,AVFDRKSDAK_HLA-A*11:01,tcr12997,1
vdjdb_full_5894,AVFDRKSDAK_HLA-A*11:01,tcr160,1
vdjdb_full_5905,AVFDRKSDAK_HLA-A*11:01,tcr16504,1
vdjdb_full_6038,AVFDRKSDAK_HLA-A*11:01,tcr828,1
vdjdb_full_6039,AVFDRKSDAK_HLA-A*11:01,tcr6207,1
vdjdb_full_6083,AVFDRKSDAK_HLA-A*11:01,tcr10724,1
vdjdb_full_61,QAKWRLQTL_HLA-B*08:01,tcr7002,1
vdjdb_full_6145,AVFDRKSDAK_HLA-A*11:01,tcr5314,1
vdjdb_full_6372,GILGFVFTL_HLA-A*02:01,tcr10945,1
vdjdb_full_6377,GILGFVFTL_HLA-A*02:01,tcr333,1
vdjdb_full_6406,GILGFVFTL_HLA-A*02:01,tcr391,1
vdjdb_full_6418,GILGFVFTL_HLA-A*02:01,tcr14644,1
vdjdb_full_6427,GILGFVFTL_HLA-A*02:01,tcr2081,1
vdjdb_full_6442,GILGFVFTL_HLA-A*02:01,tcr1900,1
vdjdb_full_6520,GILGFVFTL_HLA-A*02:01,tcr4469,1
vdjdb_full_6559,GILGFVFTL_HLA-A*02:01,tcr9520,1
vdjdb_full_6619,GILGFVFTL_HLA-A*02:01,tcr4762,1
vdjdb_full_6684,GILGFVFTL_HLA-A*02:01,tcr12821,1
vdjdb_full_6756,GILGFVFTL_HLA-A*02:01,tcr5535,1
vdjdb_full_6804,GILGFVFTL_HLA-A*02:01,tcr9954,1
vdjdb_full_6847,GILGFVFTL_HLA-A*02:01,tcr423,1
vdjdb_full_6951,GILGFVFTL_HLA-A*02:01,tcr17552,1
vdjdb_full_6952,GILGFVFTL_HLA-A*02:01,tcr15152,1
vdjdb_full_7003,GILGFVFTL_HLA-A*02:01,tcr2885,1
vdjdb_full_7028,GILGFVFTL_HLA-A*02:01,tcr171,1
vdjdb_full_7030,GILGFVFTL_HLA-A*02:01,tcr5459,1
vdjdb_full_7062,GILGFVFTL_HLA-A*02:01,tcr12985,1
vdjdb_full_7096,GILGFVFTL_HLA-A*02:01,tcr903,1
vdjdb_full_7137,GILGFVFTL_HLA-A*02:01,tcr7478,1
vdjdb_full_7174,GILGFVFTL_HLA-A*02:01,tcr2832,1
vdjdb_full_7238,GILGFVFTL_HLA-A*02:01,tcr10033,1
vdjdb_full_7298,GILGFVFTL_HLA-A*02:01,tcr17345,1
vdjdb_full_7322,GILGFVFTL_HLA-A*02:01,tcr12919,1
vdjdb_full_7332,GILGFVFTL_HLA-A*02:01,tcr9308,1
vdjdb_full_7336,GILGFVFTL_HLA-A*02:01,tcr8121,1
vdjdb_full_7341,GILGFVFTL_HLA-A*02:01,tcr11954,1
vdjdb_full_7350,GILGFVFTL_HLA-A*02:01,tcr16814,1
vdjdb_full_7371,GILGFVFTL_HLA-A*02:01,tcr14286,1
vdjdb_full_7385,GILGFVFTL_HLA-A*02:01,tcr16991,1
vdjdb_full_7392,GILGFVFTL_HLA-A*02:01,tcr399,1
vdjdb_full_7393,GILGFVFTL_HLA-A*02:01,tcr18147,1
vdjdb_full_7407,GILGFVFTL_HLA-A*02:01,tcr2612,1
vdjdb_full_7418,GILGFVFTL_HLA-A*02:01,tcr9965,1
vdjdb_full_7423,GILGFVFTL_HLA-A*02:01,tcr1778,1
vdjdb_full_7446,GILGFVFTL_HLA-A*02:01,tcr5506,1
vdjdb_full_7460,GILGFVFTL_HLA-A*02:01,tcr14004,1
vdjdb_full_7508,GILGFVFTL_HLA-A*02:01,tcr10686,1
vdjdb_full_7578,GILGFVFTL_HLA-A*02:01,tcr15515,1
vdjdb_full_7581,GILGFVFTL_HLA-A*02:01,tcr230,1
vdjdb_full_7689,GILGFVFTL_HLA-A*02:01,tcr2952,1
vdjdb_full_7738,GILGFVFTL_HLA-A*02:01,tcr2304,1
vdjdb_full_7751,GILGFVFTL_HLA-A*02:01,tcr4892,1
vdjdb_full_7783,GILGFVFTL_HLA-A*02:01,tcr17138,1
vdjdb_full_7793,GILGFVFTL_HLA-A*02:01,tcr5715,1
vdjdb_full_7804,GILGFVFTL_HLA-A*02:01,tcr10907,1
vdjdb_full_7825,GILGFVFTL_HLA-A*02:01,tcr14168,1
vdjdb_full_7864,GILGFVFTL_HLA-A*02:01,tcr2327,1
vdjdb_full_7865,GILGFVFTL_HLA-A*02:01,tcr8321,1
vdjdb_full_7903,GILGFVFTL_HLA-A*02:01,tcr6676,1
vdjdb_full_7947,GILGFVFTL_HLA-A*02:01,tcr7338,1
vdjdb_full_7958,GILGFVFTL_HLA-A*02:01,tcr661,1
vdjdb_full_7959,GILGFVFTL_HLA-A*02:01,tcr12457,1
vdjdb_full_7965,GILGFVFTL_HLA-A*02:01,tcr15237,1
vdjdb_full_7970,GILGFVFTL_HLA-A*02:01,tcr11306,1
vdjdb_full_7987,GILGFVFTL_HLA-A*02:01,tcr17174,1
vdjdb_full_8075,GILGFVFTL_HLA-A*02:01,tcr9147,1
vdjdb_full_8077,GILGFVFTL_HLA-A*02:01,tcr7447,1
vdjdb_full_8090,GILGFVFTL_HLA-A*02:01,tcr7699,1
vdjdb_full_8125,GILGFVFTL_HLA-A*02:01,tcr9797,1
vdjdb_full_8141,GILGFVFTL_HLA-A*02:01,tcr11620,1
vdjdb_full_8163,GILGFVFTL_HLA-A*02:01,tcr16737,1
vdjdb_full_8173,GILGFVFTL_HLA-A*02:01,tcr16742,1
vdjdb_full_8242,GILGFVFTL_HLA-A*02:01,tcr87,1
vdjdb_full_8294,GILGFVFTL_HLA-A*02:01,tcr16674,1
vdjdb_full_8311,LLDFVRFMGV_HLA-A*02:01,tcr15699,1
vdjdb_full_8313,LLDFVRFMGV_HLA-A*02:01,tcr14412,1
vdjdb_full_8317,LLDFVRFMGV_HLA-A*02:01,tcr4925,1
vdjdb_full_8319,LLDFVRFMGV_HLA-A*02:01,tcr10588,1
vdjdb_full_8329,LLDFVRFMGV_HLA-A*02:01,tcr269,1
vdjdb_full_8334,LLDFVRFMGV_HLA-A*02:01,tcr11422,1
vdjdb_full_8342,NLVPMVATV_HLA-A*02:01,tcr12880,1
vdjdb_full_8346,NLVPMVATV_HLA-A*02:01,tcr1121,1
vdjdb_full_8348,NLVPMVATV_HLA-A*02:01,tcr238,1
vdjdb_full_8357,NLVPMVATV_HLA-A*02:01,tcr3325,1
vdjdb_full_8366,NLVPMVATV_HLA-A*02:01,tcr5006,1
vdjdb_full_8375,NLVPMVATV_HLA-A*02:01,tcr14095,1
vdjdb_full_8385,NLVPMVATV_HLA-A*02:01,tcr7998,1
vdjdb_full_8399,NLVPMVATV_HLA-A*02:01,tcr88,1
vdjdb_full_8403,NLVPMVATV_HLA-A*02:01,tcr15795,1
vdjdb_full_8406,NLVPMVATV_HLA-A*02:01,tcr9295,1
vdjdb_full_8410,NLVPMVATV_HLA-A*02:01,tcr13644,1
vdjdb_full_8417,NLVPMVATV_HLA-A*02:01,tcr16055,1
vdjdb_full_8421,NLVPMVATV_HLA-A*02:01,tcr6141,1
vdjdb_full_8423,NLVPMVATV_HLA-A*02:01,tcr10864,1
vdjdb_full_8427,NLVPMVATV_HLA-A*02:01,tcr10661,1
vdjdb_full_8438,NLVPMVATV_HLA-A*02:01,tcr15082,1
vdjdb_full_8447,NLVPMVATV_HLA-A*02:01,tcr9737,1
vdjdb_full_8455,NLVPMVATV_HLA-A*02:01,tcr14874,1
vdjdb_full_8456,NLVPMVATV_HLA-A*02:01,tcr12696,1
vdjdb_full_8461,NLVPMVATV_HLA-A*02:01,tcr13741,1
vdjdb_full_8463,NLVPMVATV_HLA-A*02:01,tcr10335,1
vdjdb_full_8474,NLVPMVATV_HLA-A*02:01,tcr14776,1
vdjdb_full_8495,NLVPMVATV_HLA-A*02:01,tcr16121,1
vdjdb_full_8501,NLVPMVATV_HLA-A*02:01,tcr12070,1
vdjdb_full_8502,NLVPMVATV_HLA-A*02:01,tcr10655,1
vdjdb_full_8504,NLVPMVATV_HLA-A*02:01,tcr12243,1
vdjdb_full_8514,NLVPMVATV_HLA-A*02:01,tcr3116,1
vdjdb_full_8516,NLVPMVATV_HLA-A*02:01,tcr7267,1
vdjdb_full_8530,NLVPMVATV_HLA-A*02:01,tcr6410,1
vdjdb_full_8553,NLVPMVATV_HLA-A*02:01,tcr4384,1
vdjdb_full_8554,NLVPMVATV_HLA-A*02:01,tcr3528,1
vdjdb_full_8560,NLVPMVATV_HLA-A*02:01,tcr1973,1
vdjdb_full_8561,NLVPMVATV_HLA-A*02:01,tcr10328,1
vdjdb_full_8574,NLVPMVATV_HLA-A*02:01,tcr13188,1
vdjdb_full_8600,NLVPMVATV_HLA-A*02:01,tcr244,1
vdjdb_full_8612,NLVPMVATV_HLA-A*02:01,tcr7487,1
vdjdb_full_8631,NLVPMVATV_HLA-A*02:01,tcr14936,1
vdjdb_full_8632,NLVPMVATV_HLA-A*02:01,tcr2828,1
vdjdb_full_8641,NLVPMVATV_HLA-A*02:01,tcr11561,1
vdjdb_full_8644,NLVPMVATV_HLA-A*02:01,tcr3739,1
vdjdb_full_8653,NLVPMVATV_HLA-A*02:01,tcr611,1
vdjdb_full_8657,NLVPMVATV_HLA-A*02:01,tcr5537,1
vdjdb_full_8661,NLVPMVATV_HLA-A*02:01,tcr9166,1
vdjdb_full_8663,NLVPMVATV_HLA-A*02:01,tcr4547,1
vdjdb_full_8665,NLVPMVATV_HLA-A*02:01,tcr9164,1
vdjdb_full_8667,NLVPMVATV_HLA-A*02:01,tcr3398,1
vdjdb_full_8681,NLVPMVATV_HLA-A*02:01,tcr4341,1
vdjdb_full_8683,NLVPMVATV_HLA-A*02:01,tcr5782,1
vdjdb_full_8691,NLVPMVATV_HLA-A*02:01,tcr8114,1
vdjdb_full_8697,NLVPMVATV_HLA-A*02:01,tcr284,1
vdjdb_full_8711,LLAGIGTVPI_HLA-A*02:01,tcr10942,1
vdjdb_full_872,KLGGALQAK_HLA-A*03:01,tcr4004,1
vdjdb_full_8722,LLAGIGTVPI_HLA-A*02:01,tcr3825,1
vdjdb_full_8730,LLAGIGTVPI_HLA-A*02:01,tcr16179,1
vdjdb_full_8731,LLAGIGTVPI_HLA-A*02:01,tcr4609,1
vdjdb_full_8736,LLAGIGTVPI_HLA-A*02:01,tcr2044,1
vdjdb_full_8745,LLAGIGTVPI_HLA-A*02:01,tcr5938,1
vdjdb_full_8751,LLAGIGTVPI_HLA-A*02:01,tcr373,1
vdjdb_full_8754,LLAGIGTVPI_HLA-A*02:01,tcr8067,1
vdjdb_full_8767,LLAGIGTVPI_HLA-A*02:01,tcr4414,1
vdjdb_full_8768,LLAGIGTVPI_HLA-A*02:01,tcr9886,1
vdjdb_full_8787,LLAGIGTVPI_HLA-A*02:01,tcr15415,1
vdjdb_full_8788,LLAGIGTVPI_HLA-A*02:01,tcr2791,1
vdjdb_full_8791,LLAGIGTVPI_HLA-A*02:01,tcr10175,1
vdjdb_full_8794,LLAGIGTVPI_HLA-A*02:01,tcr9389,1
vdjdb_full_8802,LLAGIGTVPI_HLA-A*02:01,tcr123,1
vdjdb_full_8805,LLAGIGTVPI_HLA-A*02:01,tcr4760,1
vdjdb_full_8826,LLAGIGTVPI_HLA-A*02:01,tcr5268,1
vdjdb_full_8837,LLAGIGTVPI_HLA-A*02:01,tcr3549,1
vdjdb_full_8839,LLAGIGTVPI_HLA-A*02:01,tcr4188,1
vdjdb_full_8844,LLAGIGTVPI_HLA-A*02:01,tcr7449,1
vdjdb_full_8861,LLAGIGTVPI_HLA-A*02:01,tcr9478,1
vdjdb_full_8868,LLAGIGTVPI_HLA-A*02:01,tcr18155,1
vdjdb_full_8885,LLAGIGTVPI_HLA-A*02:01,tcr1042,1
vdjdb_full_8889,LLAGIGTVPI_HLA-A*02:01,tcr1679,1
vdjdb_full_8893,LLAGIGTVPI_HLA-A*02:01,tcr11444,1
vdjdb_full_8898,LLAGIGTVPI_HLA-A*02:01,tcr12572,1
vdjdb_full_8908,LLAGIGTVPI_HLA-A*02:01,tcr7292,1
vdjdb_full_8909,LLAGIGTVPI_HLA-A*02:01,tcr4155,1
vdjdb_full_8922,LLAGIGTVPI_HLA-A*02:01,tcr619,1
vdjdb_full_8924,LLAGIGTVPI_HLA-A*02:01,tcr4649,1
vdjdb_full_8935,LLAGIGTVPI_HLA-A*02:01,tcr12346,1
vdjdb_full_8979,LLAGIGTVPI_HLA-A*02:01,tcr18338,1
vdjdb_full_8985,LLAGIGTVPI_HLA-A*02:01,tcr10962,1
vdjdb_full_8992,LLAGIGTVPI_HLA-A*02:01,tcr13920,1
vdjdb_full_9,QAKWRLQTL_HLA-B*08:01,tcr3187,1
vdjdb_full_9001,LLAGIGTVPI_HLA-A*02:01,tcr12801,1
vdjdb_full_9010,LLAGIGTVPI_HLA-A*02:01,tcr7452,1
vdjdb_full_9011,LLAGIGTVPI_HLA-A*02:01,tcr5543,1
vdjdb_full_9013,LLAGIGTVPI_HLA-A*02:01,tcr11258,1
vdjdb_full_9015,LLAGIGTVPI_HLA-A*02:01,tcr7683,1
vdjdb_full_9016,LLAGIGTVPI_HLA-A*02:01,tcr15947,1
vdjdb_full_9019,LLAGIGTVPI_HLA-A*02:01,tcr5493,1
vdjdb_full_9021,LLAGIGTVPI_HLA-A*02:01,tcr6675,1
vdjdb_full_9024,LLAGIGTVPI_HLA-A*02:01,tcr3863,1
vdjdb_full_9035,LLAGIGTVPI_HLA-A*02:01,tcr2740,1
vdjdb_full_9049,LLAGIGTVPI_HLA-A*02:01,tcr14979,1
vdjdb_full_9079,LLAGIGTVPI_HLA-A*02:01,tcr6519,1
vdjdb_full_9101,LLAGIGTVPI_HLA-A*02:01,tcr16540,1
vdjdb_full_9113,LLAGIGTVPI_HLA-A*02:01,tcr11735,1
vdjdb_full_9122,LLAGIGTVPI_HLA-A*02:01,tcr15481,1
vdjdb_full_9123,LLAGIGTVPI_HLA-A*02:01,tcr14449,1
vdjdb_full_9127,LLAGIGTVPI_HLA-A*02:01,tcr10843,1
vdjdb_full_9131,LLAGIGTVPI_HLA-A*02:01,tcr12208,1
vdjdb_full_9137,LLAGIGTVPI_HLA-A*02:01,tcr11772,1
vdjdb_full_9165,LLAGIGTVPI_HLA-A*02:01,tcr6708,1
vdjdb_full_9166,LLAGIGTVPI_HLA-A*02:01,tcr8822,1
vdjdb_full_9173,LLAGIGTVPI_HLA-A*02:01,tcr14775,1
vdjdb_full_9174,LLAGIGTVPI_HLA-A*02:01,tcr7377,1
vdjdb_full_9176,LLAGIGTVPI_HLA-A*02:01,tcr18054,1
vdjdb_full_9186,YVLDHLIVV_HLA-A*02:01,tcr11126,1
vdjdb_full_9195,YVLDHLIVV_HLA-A*02:01,tcr6996,1
vdjdb_full_9210,YVLDHLIVV_HLA-A*02:01,tcr16913,1
vdjdb_full_9212,YVLDHLIVV_HLA-A*02:01,tcr11221,1
vdjdb_full_9221,YVLDHLIVV_HLA-A*02:01,tcr8030,1
vdjdb_full_9224,YVLDHLIVV_HLA-A*02:01,tcr6098,1
vdjdb_full_9236,YVLDHLIVV_HLA-A*02:01,tcr5389,1
vdjdb_full_9242,YVLDHLIVV_HLA-A*02:01,tcr15584,1
vdjdb_full_9255,YVLDHLIVV_HLA-A*02:01,tcr5235,1
vdjdb_full_9256,YVLDHLIVV_HLA-A*02:01,tcr918,1
vdjdb_full_9263,YVLDHLIVV_HLA-A*02:01,tcr3043,1
vdjdb_full_9273,YVLDHLIVV_HLA-A*02:01,tcr17560,1
vdjdb_full_9288,YVLDHLIVV_HLA-A*02:01,tcr12086,1
vdjdb_full_9291,YVLDHLIVV_HLA-A*02:01,tcr14494,1
vdjdb_full_9293,YVLDHLIVV_HLA-A*02:01,tcr4774,1
vdjdb_full_9299,YVLDHLIVV_HLA-A*02:01,tcr11700,1
vdjdb_full_9321,YVLDHLIVV_HLA-A*02:01,tcr9437,1
vdjdb_full_9325,YVLDHLIVV_HLA-A*02:01,tcr6545,1
vdjdb_full_9326,YVLDHLIVV_HLA-A*02:01,tcr12185,1
vdjdb_full_9334,YVLDHLIVV_HLA-A*02:01,tcr2333,1
vdjdb_full_9336,YVLDHLIVV_HLA-A*02:01,tcr6703,1
vdjdb_full_9348,YVLDHLIVV_HLA-A*02:01,tcr9107,1
vdjdb_full_9349,YVLDHLIVV_HLA-A*02:01,tcr6265,1
vdjdb_full_9363,YVLDHLIVV_HLA-A*02:01,tcr10232,1
vdjdb_full_9378,YVLDHLIVV_HLA-A*02:01,tcr6859,1
vdjdb_full_9403,YVLDHLIVV_HLA-A*02:01,tcr2420,1
vdjdb_full_9405,YVLDHLIVV_HLA-A*02:01,tcr4471,1
vdjdb_full_9428,YVLDHLIVV_HLA-A*02:01,tcr6343,1
vdjdb_full_9429,YVLDHLIVV_HLA-A*02:01,tcr3364,1
vdjdb_full_9431,YVLDHLIVV_HLA-A*02:01,tcr1572,1
vdjdb_full_9433,YVLDHLIVV_HLA-A*02:01,tcr16223,1
vdjdb_full_9445,YVLDHLIVV_HLA-A*02:01,tcr18110,1
vdjdb_full_9454,YVLDHLIVV_HLA-A*02:01,tcr2890,1
vdjdb_full_9458,YVLDHLIVV_HLA-A*02:01,tcr2124,1
vdjdb_full_9476,YVLDHLIVV_HLA-A*02:01,tcr4850,1
vdjdb_full_9481,YVLDHLIVV_HLA-A*02:01,tcr3486,1
vdjdb_full_9484,YVLDHLIVV_HLA-A*02:01,tcr7129,1
vdjdb_full_9485,YVLDHLIVV_HLA-A*02:01,tcr121,1
vdjdb_full_949,KLGGALQAK_HLA-A*03:01,tcr4909,1
vdjdb_full_950,KLGGALQAK_HLA-A*03:01,tcr15130,1
vdjdb_full_9524,CVNGSCFTV_HLA-A*02:01,tcr17507,1
vdjdb_full_9525,CVNGSCFTV_HLA-A*02:01,tcr13159,1
vdjdb_full_9526,CVNGSCFTV_HLA-A*02:01,tcr14044,1
vdjdb_full_9532,CVNGSCFTV_HLA-A*02:01,tcr2477,1
vdjdb_full_9533,CVNGSCFTV_HLA-A*02:01,tcr10855,1
vdjdb_full_9539,YLQPRTFLL_HLA-A*02:01,tcr526,1
vdjdb_full_9551,YLQPRTFLL_HLA-A*02:01,tcr4378,1
vdjdb_full_9556,YLQPRTFLL_HLA-A*02:01,tcr15012,1
vdjdb_full_9558,YLQPRTFLL_HLA-A*02:01,tcr12284,1
vdjdb_full_9559,YLQPRTFLL_HLA-A*02:01,tcr13976,1
vdjdb_full_9564,YLQPRTFLL_HLA-A*02:01,tcr3984,1
vdjdb_full_9565,YLQPRTFLL_HLA-A*02:01,tcr3243,1
vdjdb_full_9567,YLQPRTFLL_HLA-A*02:01,tcr10795,1
vdjdb_full_9577,YLQPRTFLL_HLA-A*02:01,tcr17362,1
vdjdb_full_9592,YLQPRTFLL_HLA-A*02:01,tcr14582,1
vdjdb_full_9605,YLQPRTFLL_HLA-A*02:01,tcr12882,1
vdjdb_full_9607,YLQPRTFLL_HLA-A*02:01,tcr8187,1
vdjdb_full_9612,YLQPRTFLL_HLA-A*02:01,tcr15468,1
vdjdb_full_9613,YLQPRTFLL_HLA-A*02:01,tcr16762,1
vdjdb_full_9616,YLQPRTFLL_HLA-A*02:01,tcr14402,1
vdjdb_full_9619,YLQPRTFLL_HLA-A*02:01,tcr3695,1
vdjdb_full_9629,YLQPRTFLL_HLA-A*02:01,tcr589,1
vdjdb_full_9633,YLQPRTFLL_HLA-A*02:01,tcr12860,1
vdjdb_full_9664,YLQPRTFLL_HLA-A*02:01,tcr17482,1
vdjdb_full_9671,YLQPRTFLL_HLA-A*02:01,tcr579,1
vdjdb_full_9672,YLQPRTFLL_HLA-A*02:01,tcr12859,1
vdjdb_full_9685,YLQPRTFLL_HLA-A*02:01,tcr16714,1
vdjdb_full_9688,YLQPRTFLL_HLA-A*02:01,tcr9546,1
vdjdb_full_9693,YLQPRTFLL_HLA-A*02:01,tcr14935,1
vdjdb_full_9712,YLQPRTFLL_HLA-A*02:01,tcr12266,1
vdjdb_full_9734,YLQPRTFLL_HLA-A*02:01,tcr13722,1
vdjdb_full_9736,YLQPRTFLL_HLA-A*02:01,tcr17958,1
vdjdb_full_9744,YLQPRTFLL_HLA-A*02:01,tcr128,1
vdjdb_full_9749,YLQPRTFLL_HLA-A*02:01,tcr13340,1
vdjdb_full_9780,YLQPRTFLL_HLA-A*02:01,tcr11791,1
vdjdb_full_9788,YLQPRTFLL_HLA-A*02:01,tcr1075,1
vdjdb_full_9809,YLQPRTFLL_HLA-A*02:01,tcr12692,1
vdjdb_full_9815,YLQPRTFLL_HLA-A*02:01,tcr12539,1
vdjdb_full_9822,YLQPRTFLL_HLA-A*02:01,tcr3869,1
vdjdb_full_9833,YLQPRTFLL_HLA-A*02:01,tcr8844,1
vdjdb_full_9840,YLQPRTFLL_HLA-A*02:01,tcr5282,1
vdjdb_full_9872,YLQPRTFLL_HLA-A*02:01,tcr9515,1
vdjdb_full_9885,YLQPRTFLL_HLA-A*02:01,tcr2895,1
vdjdb_full_9915,YLQPRTFLL_HLA-A*02:01,tcr12643,1
vdjdb_full_9925,YLQPRTFLL_HLA-A*02:01,tcr1503,1
vdjdb_full_9952,YLQPRTFLL_HLA-A*02:01,tcr18132,1
vdjdb_full_9954,YLQPRTFLL_HLA-A*02:01,tcr10229,1
vdjdb_full_9957,YLQPRTFLL_HLA-A*02:01,tcr16880,1
vdjdb_full_9961,YLQPRTFLL_HLA-A*02:01,tcr13180,1
vdjdb_full_9962,YLQPRTFLL_HLA-A*02:01,tcr15980,1
vdjdb_full_9988,RLRAEAQVK_HLA-A*03:01,tcr7400,1
