pdb_id,model_number,global_plddt,cdr1_A,cdr2_A,cdr3_A,cdr1_B,cdr2_B,cdr3_B,iptm_mean,iptm_tcrpmhc,pdockq,avgipae_pmhc,avgipae_tcr,pdockq2_pmhc,pdockq2_tcr
v0,3,94.23976432,92.63305556,92.904,92.93209877,95.72878788,94.64518519,94.17772727,0.828,0.86,0.48947619,0.64296367,0.9535835,0.54008933,0.7294745
v1,0,88.76318321,72.67975,70.308,71.45345679,79.60666667,75.33826087,72.07620253,0.378,0.4875,0.14290567,0.08281233,0.1252335,0.00899533,0.0091865
v10,3,91.06144305,68.78372093,71.81859649,72.06260417,80.32363636,78.39980392,73.16881579,0.536,0.62,0.29686265,0.18265833,0.372726,0.01415133,0.019666
v100,3,88.30759055,72.8934,73.82619048,61.18755556,79.7887234,73.042,67.07038462,0.406,0.5075,0.21132184,0.078339,0.135812,0.009146,0.0091465
v1000,1,92.72694939,81.64909091,88.95017241,78.25,93.81692308,91.66152174,88.55044444,0.788,0.84,0.42240973,0.59199933,0.8035545,0.40887867,0.3742715
v1001,0,91.7916734,73.40319149,83.89698413,74.31309524,90.83692308,86.74478261,81.01943662,0.742,0.7975,0.44158199,0.54124133,0.7363525,0.258008,0.2153975
v1002,0,89.74882605,76.89277778,84.74355556,69.94246377,88.30769231,75.25106383,80.13802326,0.404,0.505,0.37627267,0.071292,0.122433,0.00896433,0.009513
v1003,4,93.31956282,85.59888889,91.97266667,77.48608696,95.40538462,94.02804348,91.35698795,0.804,0.86,0.40280029,0.62349433,0.8269395,0.48695867,0.452089
v1004,1,92.90032213,84.471,77.21085714,87.11395349,92.52307692,90.42565217,89.44513889,0.8,0.845,0.51361461,0.61370833,0.8554465,0.469699,0.456212
v1005,3,92.26857721,84.35431373,79.49767442,82.81218391,90.06307692,91.91,79.50755556,0.786,0.84,0.41052153,0.623458,0.885216,0.489117,0.418777
v1006,4,91.00604099,81.404,79.37206349,79.77970588,83.2296875,80.36025,78.32494624,0.498,0.5875,0.28283462,0.13507067,0.2587145,0.01142133,0.0142055
v1007,1,92.86430853,76.83571429,89.59095238,84.63887324,95.5825641,94.4076087,92.81034091,0.826,0.8675,0.52566763,0.63531067,0.9111905,0.54055767,0.5546285
v1008,0,89.25827796,66.60681818,78.63241379,73.26796875,82.06435897,72.8,73.40034091,0.42,0.5175,0.24305293,0.08076133,0.13976,0.00916267,0.009469
v1009,3,92.71793831,85.07234375,79.70442857,88.24020833,93.99641026,92.96282609,87.4820202,0.81,0.8525,0.52450443,0.62556133,0.8774435,0.51558,0.5076375
v101,3,90.98883702,80.60648649,83.02612903,80.28813333,86.06297872,83.42648649,86.5784507,0.542,0.6175,0.38358911,0.140541,0.2723325,0.01152967,0.0166295
v1010,2,93.97464148,90.29333333,83.81924528,83.59507042,96.08076923,94.08586957,94.73772727,0.844,0.8725,0.47547355,0.62928233,0.852885,0.53307533,0.51022
v1011,4,90.96321443,78.325,87.8826087,79.30734177,87.89923077,84.61456522,81.55270833,0.65,0.7,0.26210886,0.373455,0.5478295,0.06120467,0.0773925
v1012,3,89.432501,74.4034,68.98492308,62.38783333,74.73297297,78.31891304,60.07027523,0.512,0.6,0.31535967,0.127278,0.2311025,0.01092133,0.011249
v1013,1,93.98318864,90.35222222,91.5354386,89.66139241,96.34897436,95.2076087,95.32288889,0.852,0.88,0.55709728,0.64698667,0.955234,0.591655,0.766717
v1014,0,92.53680389,81.71931818,91.2423913,79.66898734,93.55914286,91.005,86.71260417,0.804,0.8275,0.45635593,0.618261,0.873891,0.44788267,0.413037
v1015,4,93.21413541,85.75555556,91.604,78.54949367,95.03333333,93.94782609,90.11581395,0.816,0.8625,0.45163332,0.598163,0.832782,0.428524,0.4498125
v1016,3,89.3057556,72.62567568,78.055,66.60265823,85.12871795,77.46434783,76.70938272,0.462,0.56,0.31559681,0.08535567,0.162499,0.00940533,0.0102135
v1017,0,89.66389094,75.96212766,75.01310345,76.94,80.22542857,75.08096774,69.69266667,0.408,0.51,0.23451693,0.070967,0.1269315,0.00898067,0.009289
v1018,1,94.29919552,94.32222222,95.50088889,91.08708861,96.83435897,96.52913043,96.63170455,0.87,0.89,0.55526383,0.649374,0.94665,0.596839,0.7696885
v1019,3,93.81471211,87.66297297,94.1478125,84.73790698,96.28538462,95.01956522,94.80901099,0.844,0.8825,0.46698027,0.639591,0.901535,0.56808867,0.582504
v102,0,94.01658298,91.88136364,96.37586957,97.03696429,95.44,94.49413043,96.02202381,0.888,0.9,0.63321382,0.65837267,0.9803035,0.63053733,0.9124795
v1020,2,90.4582132,75.5412963,78.90054054,67.01114583,87.7575,81.10074074,80.46956989,0.54,0.6225,0.31469965,0.149701,0.28342,0.01258033,0.0145045
v1021,0,91.40688174,82.11325,83.86545455,71.93037037,86.75794872,79.96826087,79.96577778,0.614,0.6675,0.34699137,0.26883067,0.4336625,0.025726,0.0289365
v1022,3,88.23431823,76.668,71.50228571,69.03272727,81.81057143,69.62586207,65.79053763,0.418,0.545,0.29805372,0.081796,0.1439495,0.009355,0.0094435
v1023,3,93.81012676,91.48166667,94.15466667,92.785,96.43333333,95.94695652,96.11235955,0.862,0.89,0.54222608,0.65128733,0.972016,0.59187533,0.8381165
v1024,3,92.26168281,79.74642857,89.11428571,77.4115,94.89615385,93.88608696,89.11775281,0.822,0.8725,0.49672412,0.58726833,0.797175,0.41251133,0.4176635
v1025,0,94.14415584,93.48531915,88.5912069,90.06886792,96.39794872,94.54,95.67574713,0.842,0.8725,0.52756861,0.63283933,0.9167755,0.55135633,0.6457245
v1026,1,93.6922909,84.22681818,90.24717391,88.95693548,95.92076923,95.19765957,94.02885057,0.842,0.8775,0.55805388,0.640586,0.939349,0.560194,0.6764265
v1027,0,91.10874472,75.98766667,75.22414286,72.71744681,87.74666667,82.91782609,78.13930556,0.71,0.7675,0.4321842,0.54217767,0.7058465,0.238972,0.1682055
v1028,0,94.45186891,92.75,93.772,90.89225352,96.81205128,96.3926087,96.52817073,0.86,0.89,0.55684361,0.65266067,0.9750695,0.60611333,0.8719815
v1029,3,93.04744257,86.6935,87.72472727,79.4214433,93.8874359,92.07282609,92.26,0.784,0.835,0.51479989,0.598338,0.827076,0.41646567,0.4051465
v103,4,93.54722801,86.98113636,94.98934783,79.80894118,93.0615,89.86594595,93.2774026,0.852,0.865,0.51134146,0.643775,0.936092,0.567204,0.659223
v1030,0,94.56712634,93.10055556,94.5846,93.25703704,96.89794872,96.4773913,95.8837037,0.868,0.895,0.60209093,0.651406,0.968615,0.605019,0.855584
v1031,4,92.98106788,81.21574468,91.44142857,83.98235294,93.80794872,88.10173913,93.49936508,0.82,0.845,0.5281703,0.598834,0.8626665,0.401846,0.471216
v1032,2,93.70339642,91.74805556,93.92244444,85.56753086,96.15717949,94.8123913,94.46322222,0.842,0.875,0.55474741,0.636798,0.9161525,0.545385,0.6438715
v1033,4,93.26113581,90.70083333,94.42466667,82.03410959,96.32435897,95.31217391,93.76595506,0.852,0.88,0.50537242,0.63139733,0.8720005,0.535949,0.5403415
v1034,1,93.17017356,84.103125,78.26871429,78.03967033,94.14358974,91.28586957,91.19535714,0.818,0.855,0.51944037,0.61666033,0.871086,0.47528867,0.486968
v1035,3,90.23233874,79.49627451,74.85627907,75.668625,86.85846154,80.835,82.29,0.478,0.5725,0.30875108,0.093303,0.152102,0.009759,0.0103475
v1036,3,92.89448078,83.003,88.05433962,90.11539683,91.30923077,91.67891304,85.09025641,0.792,0.8275,0.50220354,0.59391967,0.8210545,0.402217,0.3469025
v1037,3,89.98541861,70.20882353,71.55482143,68.86293333,83.10128205,76.11282609,69.361,0.474,0.565,0.28300529,0.12527667,0.2099,0.01083567,0.011365
v1038,4,93.75985531,88.5875,93.69511111,79.63906667,96.49205128,95.36173913,93.67777778,0.854,0.8875,0.45517131,0.63591367,0.86878,0.54193433,0.5340995
v1039,4,91.64259606,80.37022222,83.69724138,73.64576471,91.9174359,89.82369565,88.07234568,0.724,0.795,0.39752812,0.428372,0.642602,0.11412633,0.2112885
v104,3,93.40804468,89.05590909,91.46956522,92.2587931,91.449,90.85724138,93.2103125,0.842,0.8575,0.61386523,0.65028533,0.9625865,0.58864267,0.7839885
v1040,1,89.42691526,79.70297297,80.17258065,73.72530864,81.96292683,68.02333333,76.07057471,0.496,0.5775,0.33363442,0.10071867,0.172976,0.01004833,0.0107155
v1041,4,93.66769875,95.5075,95.73622222,95.69,96.71102564,96.43326087,96.284,0.872,0.8925,0.55074702,0.655143,0.9794315,0.61243433,0.8981655
v1042,4,93.51522964,91.16444444,94.71733333,80.56837838,96.57051282,94.98521739,94.42925926,0.848,0.88,0.54515092,0.61975067,0.85043,0.51118367,0.516755
v1043,3,93.85624617,90.89166667,93.92244444,92.10683333,96.41948718,95.80847826,95.95146067,0.854,0.885,0.55333386,0.649496,0.968099,0.586142,0.8202255
v1044,3,89.7577129,78.75044444,77.70566038,68.4194186,83.99974359,76.00652174,75.15573171,0.422,0.5375,0.33547495,0.073536,0.1388195,0.009108,0.0097875
v1045,1,89.73756444,69.46044444,75.50982456,65.8953012,85.56512821,77.98369565,80.23050633,0.422,0.5225,0.29223107,0.06994933,0.118256,0.00896067,0.009346
v1046,4,92.28187219,83.20361111,90.69466667,74.81376812,93.52230769,91.5673913,88.12976744,0.754,0.815,0.41238335,0.47936267,0.691411,0.17674933,0.276173
v1047,4,89.98812653,80.52166667,84.96022222,71.9526506,89.00333333,83.32217391,83.04455556,0.528,0.63,0.34458914,0.111704,0.1931915,0.01053733,0.0117645
v1048,4,93.39152755,88.54388889,92.9454,83.22325,95.20487179,94.07608696,91.85715909,0.824,0.865,0.50249141,0.61335933,0.844633,0.488122,0.4737025
v1049,0,92.31291692,84.94222222,89.51955556,80.23090909,92.89923077,90.47130435,88.956875,0.758,0.8075,0.46607261,0.54055267,0.796201,0.28045633,0.326747
v105,2,92.56153674,85.64863636,91.55021739,83.09859375,86.25085106,82.74822222,81.67652632,0.77,0.7725,0.53324353,0.61562467,0.83465,0.461516,0.3251485
v1050,4,92.38168709,83.64972222,90.80977778,76.45304348,93.61051282,92.50413043,86.71119048,0.79,0.8475,0.42051277,0.55860767,0.77067,0.321177,0.3553735
v1051,3,91.74367683,74.41268293,82.87294118,72.76623377,87.04702128,86.43933333,77.03588235,0.7,0.775,0.43333202,0.473071,0.667129,0.14910833,0.120884
v1052,0,93.57811703,84.53818182,87.65225806,87.16337209,95.17179487,93.44717391,94.013125,0.816,0.8575,0.51791701,0.63078667,0.892846,0.52787,0.538665
v1053,3,94.40452581,91.2453125,82.92271429,89.16478261,96.47717949,95.51565217,95.80292929,0.858,0.8875,0.5437992,0.64464567,0.938098,0.58156533,0.7396445
v1054,4,93.14943573,89.86083333,94.04622222,79.815,96.31820513,95.05608696,93.00101124,0.846,0.8825,0.47274116,0.630411,0.8495785,0.52358433,0.499809
v1055,0,89.87570236,73.56810811,78.19548387,73.07369863,78.47782609,78.50058824,65.26865385,0.492,0.585,0.37189458,0.122768,0.2311,0.011037,0.0119325
v1056,3,94.0198854,88.61129032,81.39942857,94.21744681,94.58051282,92.99478261,93.14746479,0.842,0.87,0.5140398,0.64742467,0.951282,0.57636367,0.751199
v1057,0,90.04161037,74.94454545,79.74,66.66711538,75.96978261,75.60264706,69.17630435,0.486,0.5775,0.26347952,0.14239367,0.2763735,0.01165767,0.0126185
v1058,0,91.91931,80.57790323,76.54085714,81.51733333,87.96564103,85.39304348,82.15042857,0.712,0.7625,0.49949445,0.525801,0.705857,0.224539,0.167338
v1059,0,92.64231789,79.81972973,90.6746875,76.83925926,93.88794872,91.54543478,89.92348315,0.77,0.8325,0.3392885,0.62253,0.828917,0.487401,0.408207
v106,1,93.53622227,88.19522727,94.01782609,91.55588235,90.11261905,94.67351351,92.2797619,0.866,0.88,0.60800098,0.65169267,0.9537595,0.59611433,0.7792715
v1060,0,88.8432738,69.65159091,75.39217391,61.04964286,84.02666667,77.19695652,75.98744444,0.398,0.5,0.30372223,0.068514,0.1143575,0.00892967,0.009046
v1061,0,89.72912274,73.39555556,80.85022222,67.028875,80.94410256,70.55148936,67.11033333,0.46,0.55,0.21800345,0.14676733,0.251185,0.01167933,0.0120865
v1062,2,90.17585758,77.99175,80.46272727,66.86378378,81.72,78.41108696,77.81111111,0.472,0.56,0.29081761,0.098786,0.173212,0.009859,0.010741
v1063,2,88.11955299,77.26529412,66.56046512,66.33091954,73.99547619,74.25,63.77369565,0.416,0.5175,0.26712485,0.083768,0.146378,0.009414,0.0094355
v1064,4,93.18809314,82.9171875,76.06671429,82.67333333,96.275625,94.9266,92.43242105,0.822,0.8725,0.58439015,0.62923433,0.8776415,0.52125633,0.5156445
v1065,4,93.16051655,86.45125,79.32928571,79.96377551,95.83410256,93.57782609,93.94028571,0.818,0.87,0.38479155,0.63819967,0.862258,0.55504267,0.5057225
v1066,3,89.74005099,74.13027778,80.85644444,65.67106667,81.47025641,74.94826087,73.57529412,0.436,0.535,0.22712573,0.12333067,0.220442,0.010376,0.012021
v1067,4,92.13101757,73.9256,81.77015873,80.19263158,95.46615385,94.67152174,90.95901099,0.818,0.87,0.48686616,0.62886567,0.887544,0.50418167,0.4554445
v1068,1,91.813912,80.8485,75.87871429,74.15285714,91.77897436,87.0126087,88.12105882,0.734,0.8275,0.19369478,0.45830167,0.7068505,0.142167,0.3725475
v1069,4,93.12444557,72.77022727,80.64914286,87.45906667,93.48871795,92.71434783,89.60067568,0.818,0.855,0.44721016,0.63206867,0.8836635,0.53771,0.501385
v107,1,92.72271248,86.92727273,92.53304348,85.225,91.83,90.37555556,90.34404255,0.848,0.86,0.55510728,0.638965,0.903192,0.54831367,0.5223625
v1070,3,93.80469755,90.64772727,91.43693548,84.864,95.01923077,93.40173913,92.99432099,0.824,0.855,0.55379301,0.62957167,0.8881835,0.534251,0.5594155
v1071,0,89.32991246,74.19,73.09877193,72.89970588,80.74282051,76.08446809,75.35544304,0.414,0.5125,0.25175187,0.091534,0.14055,0.009476,0.009762
v1072,3,92.69563962,83.76837838,87.12516129,76.12253165,94.67820513,93.57478261,89.59272727,0.826,0.8725,0.44263438,0.60413567,0.8129795,0.44066233,0.4190585
v1073,0,92.06300552,80.1365,87.70930233,79.60206349,85.87485714,83.94,74.15911111,0.69,0.7325,0.3824123,0.354346,0.513478,0.05062667,0.045053
v1074,3,93.8481226,93.49711538,92.31121212,90.5011828,94.95361702,89.76911111,94.96586207,0.852,0.87,0.48244124,0.64691067,0.968565,0.575531,0.8223345
v1075,1,91.86529448,80.88863636,90.79434783,82.80898734,86.93351351,76.83685185,83.27193182,0.768,0.785,0.48662021,0.607516,0.8574625,0.40696833,0.351334
v1076,1,92.74538944,81.33659091,70.30057143,80.27128205,95.09461538,93.82217391,90.15707865,0.814,0.8675,0.432076,0.62926933,0.8843285,0.50365333,0.4773155
v1077,2,92.16298313,86.78583333,90.83866667,77.32176471,91.664,87.85727273,89.28870968,0.758,0.795,0.47801474,0.584452,0.839627,0.37337933,0.368853
v1078,1,94.33524333,93.11527778,95.54377778,87.363875,96.93358974,96.43782609,96.62909091,0.868,0.895,0.55032867,0.641033,0.9167775,0.57355767,0.663558
v1079,3,90.28226946,81.241,73.72907692,77.08033898,85.47828571,80.398,73.49981818,0.462,0.5425,0.14513126,0.131334,0.234093,0.01122133,0.012333
v108,0,92.13829804,83.18613636,92.03456522,75.68428571,84.97275,80.68513514,73.78702128,0.74,0.75,0.45872342,0.54086267,0.7061085,0.26833733,0.1285775
v1080,0,90.58918859,69.44851064,81.72746032,66.6342,87.20926829,81.22083333,80.14795699,0.662,0.725,0.1945666,0.278318,0.5467725,0.03082933,0.0818025
v1081,4,91.30094805,77.02675,84.55186047,70.04153846,85.03820513,79.13843137,76.80565217,0.654,0.7175,0.33959307,0.463111,0.615899,0.11510967,0.072115
v1082,3,94.27332383,92.74444444,94.916,88.05658537,96.84589744,96.33630435,96.42102273,0.864,0.89,0.56888473,0.64404633,0.9338465,0.576209,0.711941
v1083,3,88.83006036,72.42846154,79.00151515,68.98390244,82.62333333,75.70046512,71.59404494,0.486,0.5875,0.22496132,0.13079167,0.2536445,0.01080633,0.012778
v1084,1,93.43021877,92.33916667,94.40977778,87.88508197,95.94589744,95.1693617,93.99704545,0.852,0.88,0.52782861,0.64473467,0.938363,0.572948,0.6802195
v1085,3,93.44187233,91.51066667,88.62818182,88.15444444,95.10333333,94.01391304,92.14426829,0.824,0.86,0.58384809,0.63415367,0.9286885,0.53339433,0.672183
v1086,1,92.21747286,81.28435484,77.04657143,82.988125,91.71307692,88.91717391,87.43528571,0.744,0.7975,0.4519193,0.58715933,0.7988425,0.37261967,0.310106
v1087,0,90.36632574,68.61204545,78.49145161,74.15,84.2405,76.65621622,75.53841584,0.452,0.5425,0.27382535,0.089536,0.1666525,0.00956567,0.0101875
v1088,3,92.6084637,82.91419355,78.16014286,87.22568182,91.73846154,90.0223913,80.8790411,0.798,0.84,0.53422305,0.61041533,0.8511365,0.42303433,0.353976
v1089,1,93.30956954,84.06055556,90.093,77.10438356,93.57102564,92.01652174,89.26535714,0.782,0.8275,0.43329477,0.564531,0.774295,0.33706833,0.3656275
v109,4,91.92898046,84.62977273,93.12717391,83.24506173,88.91717949,84.79086957,80.85216867,0.81,0.82,0.47107013,0.621129,0.848487,0.477263,0.408823
v1090,3,94.53476374,92.59083333,94.5164,92.89271605,96.75282051,96.31347826,94.98320988,0.868,0.895,0.60822663,0.65028367,0.9652255,0.59950033,0.841011
v1091,4,92.7994263,87.904,87.35787879,83.84710843,95.74794872,94.19586957,92.87445652,0.808,0.8775,0.32007924,0.65126167,0.9152295,0.587512,0.588295
v1092,1,89.81803937,74.998125,71.34214286,74.52985507,80.598125,81.81518519,65.9853211,0.488,0.5675,0.13278671,0.06601733,0.241552,0.00943367,0.0130215
v1093,0,93.79962835,87.20972222,92.2716,81.53766234,96.06512821,95.14847826,94.46538462,0.836,0.87,0.5417862,0.62045033,0.871534,0.497135,0.5322735
v1094,4,93.57415156,93.49111111,86.97320755,91.79773333,94.5,93.01456522,93.49728571,0.842,0.8675,0.5005249,0.64700467,0.9636575,0.57655233,0.77771
v1095,0,93.84957499,92.59055556,94.77022222,89.2965625,96.23358974,95.28978261,94.35386364,0.846,0.8775,0.51276762,0.64468567,0.947854,0.57582467,0.745293
v1096,4,93.12213483,87.52444444,93.61866667,76.32608108,95.84410256,94.55347826,92.57324675,0.838,0.875,0.5030402,0.617514,0.8463575,0.48931033,0.486945
v1097,4,92.43279355,79.82568182,90.51560976,81.19258065,85.02808511,80.40022222,82.72193548,0.722,0.7425,0.43818255,0.58613333,0.8158555,0.329337,0.2722695
v1098,0,91.46633995,78.12258065,76.19371429,72.73454545,88.65487179,85.27108696,77.94115385,0.746,0.8,0.50648582,0.504482,0.699257,0.19279967,0.1777665
v1099,4,93.75163807,93.08916667,95.48111111,87.91123288,96.79435897,95.71217391,95.70151899,0.854,0.8825,0.58582139,0.64325733,0.9319265,0.58278633,0.7113945
v11,0,89.7683975,65.34129032,68.41828571,78.18941176,80.9785,79.14795918,79.27108434,0.42,0.5225,0.44657495,0.07609567,0.134285,0.00910267,0.0096455
v110,0,93.74550654,91.28613636,95.91,96.33169811,95.27692308,93.69021739,95.73880952,0.888,0.8975,0.62170201,0.657764,0.978354,0.62674167,0.9001445
v1100,4,92.28328367,83.74611111,90.454,76.32661972,93.50769231,92.00826087,87.68686047,0.754,0.815,0.434019,0.485346,0.6888895,0.19252967,0.2537405
v1101,2,90.94444849,74.37704545,82.65347826,74.72515152,85.96837209,78.696,78.47428571,0.66,0.71,0.38072325,0.48735367,0.663591,0.14592633,0.086259
v1102,1,93.75533864,93.0225,81.56470588,94.7675,96.71435897,96.41847826,96.14013158,0.87,0.8975,0.59108262,0.65607967,0.977302,0.62193667,0.8831375
v1103,4,93.44945239,89.67888889,93.65533333,80.8630137,96.03794872,94.24326087,93.66896104,0.832,0.8675,0.54586436,0.61905967,0.866716,0.49665933,0.5138795
v1104,3,91.78346473,76.68,84.92870968,73.48746667,89.25744186,82.7932,83.7152809,0.67,0.7275,0.39192548,0.45136933,0.6257875,0.11829967,0.0947525
v1105,2,89.27651695,75.09540541,77.37596774,66.38790698,82.746875,82.3812963,79.21830986,0.504,0.59,0.32089039,0.10305133,0.198147,0.010115,0.011627
v1106,0,93.28353991,85.43265625,78.48614286,88.06636364,95.33820513,92.44782609,94.60088608,0.816,0.8525,0.53220676,0.624752,0.889769,0.501509,0.561108
v1107,0,92.56859951,66.4275,75.29885714,72.46653846,95.92076923,94.96304348,92.42953488,0.826,0.88,0.41924766,0.602798,0.8062855,0.44487933,0.4547385
v1108,1,89.87219765,71.3984,70.63861538,70.44972603,77.97852941,76.39836735,69.86475,0.518,0.605,0.26704226,0.182845,0.3343435,0.01400133,0.016648
v1109,4,91.81425369,79.69204545,87.45806452,73.22337079,91.05820513,85.18456522,87.53766667,0.662,0.7175,0.4391141,0.27273167,0.463695,0.03027433,0.045899
v111,1,93.59925289,88.49522727,94.87565217,86.34426829,92.45465116,87.2502,93.54147727,0.848,0.855,0.56281176,0.64259433,0.918188,0.57502,0.6445865
v1110,1,94.01640901,88.35777778,92.2446,84.915625,95.66410256,95.08369565,93.1365,0.838,0.8725,0.51356436,0.630888,0.8911685,0.52983533,0.559101
v1111,1,93.36645057,84.19068182,88.96362069,84.58857143,94.07666667,92.78173913,91.6305618,0.794,0.8425,0.41039335,0.62271867,0.872901,0.47922267,0.4780615
v1112,3,93.23402865,82.50809524,90.79571429,83.68571429,95.64025641,94.95956522,92.73105882,0.826,0.87,0.52212878,0.61379333,0.8474135,0.495503,0.4971165
v1113,0,91.95230456,79.75020833,84.99288462,80.20079365,87.34820513,87.17883721,81.88425,0.738,0.785,0.38359635,0.553068,0.7340215,0.27306,0.1401075
v1114,0,86.9480094,61.06348837,42.63170732,65.978,81.14205128,72.88195652,65.72022727,0.388,0.505,0.22940556,0.07229733,0.122878,0.00897533,0.0087935
v1115,0,92.24741102,81.95133333,78.39792453,73.34772152,91.64205128,88.3526087,84.32037975,0.752,0.82,0.423826,0.58955933,0.810935,0.367806,0.324101
v1116,2,89.92760592,73.014,75.01649123,70.30765432,82.36564103,75.48913043,76.39133333,0.46,0.545,0.20063122,0.11344667,0.1936365,0.01025467,0.010444
v1117,4,93.37138197,80.06522727,88.56448276,83.10984127,94.91512821,92.80130435,92.17329545,0.804,0.85,0.43057612,0.616499,0.859601,0.48144267,0.468097
v1118,4,93.53815102,92.36805556,94.79266667,87.69232877,96.39820513,95.54086957,93.81506024,0.848,0.8775,0.56706189,0.64074,0.9247705,0.57125533,0.689555
v1119,3,92.0855479,77.92227273,86.09177419,75.0427381,89.94205128,86.33782609,85.809375,0.68,0.7375,0.53495046,0.21578333,0.40108,0.02006533,0.032853
v112,4,91.65767799,79.65386364,90.34,79.24027778,81.32568182,81.10178571,83.35466667,0.74,0.7675,0.38181235,0.60832233,0.8657495,0.43882367,0.4209455
v1120,4,91.33652704,80.93527778,84.0236,73.56616667,85.88581395,86.76137931,81.41059524,0.652,0.7525,0.32000582,0.50811833,0.6844735,0.18882233,0.155222
v1121,1,89.64617349,67.87409091,75.45645161,70.0112,84.60487179,79.11326087,76.80035714,0.446,0.5575,0.15324067,0.07863,0.133844,0.009212,0.0096985
v1122,4,91.38832046,79.00098039,78.44821429,70.77835294,83.86565217,84.08970588,79.5762963,0.586,0.6675,0.38941194,0.23859867,0.441158,0.021803,0.028261
v1123,3,92.68381648,87.48446809,82.80482759,90.65415094,89.61205128,85.17065217,84.94023256,0.708,0.74,0.25459208,0.42818,0.670303,0.09972267,0.141565
v1124,1,92.76327503,81.34935484,79.86342857,79.714375,92.22128205,88.09608696,89.42785714,0.788,0.825,0.49400761,0.58921733,0.7935665,0.38545867,0.360325
v1125,3,89.71830581,69.60391304,78.79730769,70.07042105,85.16333333,80.0726087,80.8313253,0.506,0.6125,0.28499048,0.09748533,0.198599,0.00989867,0.0115065
v1126,3,91.38242314,67.7625,82.76258065,75.13686047,90.38717949,87.82434783,84.71352941,0.638,0.715,0.47072831,0.16629733,0.3027365,0.01440667,0.020022
v1127,1,92.79482918,83.17064516,79.98085714,84.17510204,91.77102564,86.9376087,91.06971831,0.76,0.8,0.45533844,0.58413867,0.814589,0.370229,0.3910365
v1128,0,90.60375783,79.61169811,79.26574074,71.10181818,79.711,74.33918919,69.60218391,0.524,0.6,0.29525174,0.195326,0.331902,0.01506867,0.015092
v1129,3,92.41207555,77.9355,81.16885714,77.21752941,93.79820513,92.24304348,88.91070588,0.78,0.83,0.54281038,0.56372367,0.783914,0.345608,0.342184
v113,0,92.03610313,84.31181818,94.61347826,68.53415094,87.84051282,82.02630435,82.58554217,0.812,0.8075,0.35191263,0.624454,0.8552765,0.46669033,0.3253185
v1130,2,90.29405181,74.25431818,67.832,69.55206897,83.08783784,81.35685185,74.7525,0.558,0.6325,0.25011115,0.105044,0.37867,0.012593,0.0224045
v1131,0,87.52004712,64.74395349,50.57536585,64.17074468,74.9876,71.96,72.77488095,0.374,0.51,0.26575548,0.07695767,0.1305575,0.00913067,0.0093245
v1132,0,93.11465902,87.3421875,76.91571429,88.92946237,93.91871795,91.98369565,91.14735294,0.814,0.8475,0.57973882,0.63603467,0.924966,0.541864,0.6373325
v1133,0,90.54470101,72.87795455,82.34806452,74.4915942,79.28148936,75.01893617,66.93805556,0.532,0.6075,0.37937289,0.166699,0.3197415,0.01344,0.0172635
v1134,1,93.85475111,88.35227273,91.1237931,93.99208955,96.15435897,95.34913043,95.249,0.856,0.885,0.56423756,0.65018067,0.9611535,0.59374667,0.78245
v1135,4,90.63742743,77.57433333,74.89485714,78.27489796,84.78615385,78.59521739,75.17760417,0.552,0.635,0.24498664,0.24040033,0.3915215,0.02095333,0.0212155
v1136,1,93.07392153,82.32886364,88.04804348,87.26789474,95.47,93.20191489,93.79730337,0.824,0.8625,0.5375263,0.63836033,0.928487,0.54707333,0.615841
v1137,3,90.5366061,82.41764706,78.94357143,71.48214286,86.21025641,84.70434783,72.39567901,0.542,0.64,0.17709961,0.084761,0.243308,0.01109,0.014394
v1138,3,93.2134811,83.74431818,94.16304348,86.44190476,89.70893617,89.17529412,90.16858824,0.818,0.82,0.42375364,0.63749867,0.936534,0.51081267,0.661487
v1139,3,91.7251952,81.70520833,85.7875,79.81707071,89.356875,83.3072093,89.39127907,0.694,0.735,0.47923248,0.36403233,0.5839735,0.062197,0.0874125
v114,1,93.7036773,91.91727273,95.0873913,91.49574074,95.69846154,91.82,95.9608642,0.878,0.8875,0.61198369,0.652971,0.9562055,0.60896167,0.7757705
v1140,4,91.39463023,67.88619048,81.02857143,64.28395833,94.62358974,93.2473913,82.68673267,0.72,0.8575,0.41213082,0.540237,0.6760415,0.27824567,0.2817065
v1141,1,93.62675555,90.42567568,90.14725806,93.23063291,96.25923077,96.31478261,93.78261905,0.866,0.8975,0.55292233,0.652007,0.9653765,0.59937767,0.8193995
v1142,3,93.63142857,89.99244444,86.41910714,90.74573171,95.31,94.60108696,92.68011236,0.828,0.8725,0.54828119,0.64396633,0.9152685,0.571317,0.626295
v1143,1,93.51993224,85.39921875,80.053,85.28958333,95.98205128,94.57782609,93.00108911,0.83,0.8725,0.47745778,0.61732733,0.8415165,0.49898433,0.4755355
v1144,0,90.98341311,76.0414,73.79261538,82.07676768,77.50021277,71.76319149,78.35451613,0.538,0.6125,0.33482355,0.18482833,0.3611305,0.01447167,0.0215335
v1145,4,94.01428978,88.08675,92.43363636,78.99043478,96.58512821,95.28217391,95.76129412,0.858,0.8875,0.53915883,0.63044467,0.891197,0.53902367,0.565511
v1146,4,92.92957987,84.10472222,89.7204,75.53081081,92.93641026,91.38826087,87.02823529,0.754,0.81,0.43621481,0.503316,0.705029,0.21872133,0.2669595
v1147,4,93.52280883,95.55527778,95.362,91.57184783,90.90615385,88.97235294,92.94705882,0.854,0.875,0.59273669,0.65007633,0.959948,0.594612,0.8120515
v1148,4,93.07779355,83.92972222,90.4146,75.41493671,93.57333333,92.765,87.95690476,0.788,0.8425,0.39233562,0.576664,0.788428,0.36457567,0.3820455
v1149,4,92.23505389,78.69955556,76.08584906,80.35565217,92.83230769,91.32391304,86.98607143,0.764,0.8275,0.35238036,0.59864833,0.825701,0.413072,0.357509
v115,3,93.3553717,89.968,91.64254545,87.6115625,88.2258,89.63369565,93.25082353,0.834,0.8575,0.57902416,0.64743867,0.952071,0.57963067,0.738764
v1150,1,90.50285946,82.13575,84.52627907,75.58520833,75.5306383,77.39148936,72.11580247,0.532,0.5925,0.26931655,0.121993,0.211914,0.01119233,0.0126195
v1151,1,92.45143403,76.588,78.99173077,79.32304348,93.35,92.18152174,86.2209434,0.804,0.8525,0.47953116,0.61633433,0.889599,0.47696733,0.4752285
v1152,2,91.62466694,84.78972973,84.15741935,80.04397849,89.75794872,87.13630435,86.10148936,0.72,0.7825,0.41164552,0.559818,0.759883,0.30574233,0.2021635
v1153,0,91.29094543,78.07740741,83.47675676,61.79097087,90.40564103,83.96891304,83.720375,0.692,0.75,0.36008874,0.42766233,0.646924,0.09220233,0.133546
v1154,3,91.47743276,77.49204545,86.39913043,73.14395062,84.77125,83.58405405,80.08917647,0.704,0.7425,0.45596967,0.485333,0.6687485,0.163432,0.0994385
v1155,0,89.67525651,72.17622222,74.91789474,71.875,83.38897436,76.03391304,76.92683544,0.412,0.515,0.27818306,0.07522333,0.136329,0.00906467,0.0096275
v1156,3,91.83914679,81.23272727,85.36931034,80.35857143,86.03534884,78.332,80.42228916,0.706,0.7375,0.40032951,0.54400433,0.7400285,0.25270667,0.1518435
v1157,1,89.87653184,74.19734375,67.59414286,73.601875,81.58885714,78.12,70.09235955,0.438,0.535,0.22069119,0.08728367,0.151652,0.009444,0.009726
v1158,1,94.43868769,93.4085,93.86872727,92.01955056,96.60153846,96.17326087,96.00606742,0.862,0.89,0.56934733,0.649671,0.9650345,0.597498,0.8194755
v1159,4,89.86535245,85.8175,86.79711111,77.10526316,82.25756757,74.9490566,75.20638095,0.492,0.5575,0.33158952,0.134759,0.2786945,0.011695,0.0164035
v116,1,93.53013979,86.075,94.24673913,77.79964286,92.46627907,88.1592,92.6,0.856,0.875,0.5487432,0.64536433,0.9244035,0.56867967,0.632079
v1160,4,89.86225528,75.44290323,71.39871429,76.10770833,83.75333333,78.65521739,82.14774648,0.468,0.555,0.26938306,0.08803067,0.1608725,0.00950267,0.010283
v1161,0,93.67797972,90.844,86.64485714,93.84888889,95.81,94.92425926,94.06463415,0.846,0.8625,0.53802414,0.64232333,0.957815,0.55740233,0.770124
v1162,1,94.32051689,96.06333333,95.28311111,93.8954878,96.87153846,96.46630435,96.86797753,0.88,0.9025,0.59456973,0.653582,0.971071,0.612682,0.8606415
v1163,4,92.66935451,86.31888889,90.6726,84.30873016,93.36179487,90.73456522,89.40379747,0.74,0.8,0.41220266,0.51367033,0.784457,0.23366833,0.3397495
v1164,4,91.76224465,77.7246,76.91123077,72.22111111,95.35307692,93.57608696,88.63969072,0.764,0.8625,0.38115404,0.60257133,0.8235735,0.44365833,0.4544495
v1165,0,90.74270875,72.0365625,68.71185714,77.14126582,77.9440625,75.06930233,64.044,0.496,0.5775,0.23136032,0.20215033,0.350085,0.01565333,0.0168275
v1166,2,88.91226301,74.36214286,71.60268293,63.32,71.31157895,70.8925,60.862,0.458,0.5525,0.13287745,0.120819,0.239276,0.01067633,0.0112525
v1167,2,94.27347782,89.09682927,92.07647059,92.43070588,95.26025641,94.03130435,95.56588235,0.852,0.875,0.59245265,0.64783367,0.9651455,0.59040033,0.822513
v1168,3,93.01003225,90.13645833,88.27576923,84.43847458,95.27179487,91.84521739,94.56116279,0.82,0.8575,0.40409374,0.63023133,0.90022,0.530185,0.53647
v1169,4,92.80697769,89.07810811,89.13225806,79.15884211,96.06538462,95.03413043,93.59313953,0.85,0.8875,0.49771393,0.633003,0.8774365,0.54149733,0.507554
v117,3,93.47076532,88.71977273,92.41347826,90.85042857,93.70085106,91.18533333,93.27701149,0.852,0.87,0.62775489,0.65195467,0.967943,0.59798767,0.818281
v1170,4,93.70609931,95.0775,95.63822222,95.10532258,96.70538462,96.40956522,96.118,0.868,0.885,0.55329002,0.654238,0.9777775,0.60923767,0.8889565
v1171,0,89.66449246,74.01112903,73.009,70.53,83.59205128,77.57956522,77.01676056,0.484,0.5775,0.42311173,0.085971,0.1630655,0.00951733,0.010283
v1172,0,92.68363819,82.62112903,77.283,81.14489796,93.63102564,91.32391304,86.45714286,0.802,0.855,0.56438565,0.61309567,0.8644595,0.454813,0.451824
v1173,1,91.17189405,81.08875,77.69257143,73.97230769,83.72971429,83.52466667,73.07866667,0.598,0.6475,0.26854081,0.26347633,0.4250965,0.02566033,0.026499
v1174,0,92.17529187,82.82616667,75.34514286,83.84404255,88.98641026,85.87847826,85.36333333,0.718,0.78,0.41107909,0.561624,0.7858155,0.28239867,0.2710895
v1175,3,93.65482723,90.70472222,93.47844444,92.47583333,96.19846154,95.66934783,95.2552809,0.856,0.885,0.53963859,0.64863533,0.9675015,0.57982067,0.815623
v1176,0,89.46661062,68.05933333,76.0045614,66.14023529,82.68333333,75.01826087,71.02333333,0.404,0.5025,0.18436578,0.03673633,0.121247,0.008231,0.0090585
v1177,4,94.36450278,94.97609756,91.51431373,90.37135593,94.04340426,95.56764706,88.25047059,0.856,0.8775,0.56104432,0.64924967,0.9507755,0.59084267,0.7390915
v1178,3,90.51232577,78.92392157,73.77953488,71.25146341,87.76153846,81.27934783,84.37093023,0.492,0.58,0.2260379,0.11398433,0.1760875,0.01053733,0.011257
v1179,4,92.59883588,86.10577778,77.90320755,84.9742623,94.01051282,92.60695652,92.00710843,0.808,0.86,0.41209587,0.643041,0.9192705,0.543031,0.587161
v118,3,92.59835172,82.90522727,92.59652174,78.0492,85.77191489,84.96088235,80.9137,0.77,0.775,0.44943356,0.60321467,0.818495,0.421733,0.339849
v1180,1,90.45208392,74.975,72.481,74.9448,83.90282051,80.1876087,74.0564,0.472,0.565,0.23120192,0.09406933,0.174316,0.009689,0.010284
v1181,0,87.96647702,58.65911111,71.34631579,55.38761364,82.801875,80.37277778,69.49215054,0.408,0.5225,0.22052642,0.084821,0.1397795,0.00939767,0.0094155
v1182,0,93.41392943,84.819375,78.94328571,85.98744186,95.57435897,92.87108696,93.39034884,0.822,0.8575,0.51047462,0.61878867,0.878174,0.481081,0.5345245
v1183,2,89.73716202,70.72234043,77.7662069,69.16293478,82.29411765,79.77897959,72.02010638,0.478,0.57,0.23110141,0.11471667,0.212843,0.010454,0.011678
v1184,4,91.86164294,79.03704545,90.455,73.76536585,86.90512821,80.87195652,84.93512195,0.698,0.7025,0.24864462,0.44795433,0.6583475,0.128722,0.1220615
v1185,1,90.16760856,73.57477273,82.99608696,71.00224719,79.56794872,75.24117647,72.44054348,0.554,0.6275,0.36555592,0.20646067,0.345085,0.01639767,0.018157
v1186,2,90.21325591,74.89825,80.89209302,74.6387234,82.49513514,76.65685185,73.65784314,0.454,0.5425,0.15998825,0.11877967,0.204654,0.010393,0.0112865
v1187,3,89.67370648,66.43311111,73.81438596,73.99069767,84.60948718,77.60413043,80.58921348,0.408,0.5025,0.23049634,0.03686067,0.1244215,0.00820233,0.009497
v1188,3,90.40980667,72.944,78.13035088,67.28725275,82.8287234,77.85970588,78.33615385,0.444,0.5425,0.33130651,0.087576,0.1548095,0.00952767,0.00998
v1189,2,87.69939778,70.34592593,78.51756757,61.17616162,82.13702703,66.61462963,64.85606557,0.406,0.5125,0.25695874,0.08414633,0.1388805,0.00935667,0.009248
v119,1,93.50681781,87.71113636,95.37326087,84.4552,94.53717949,90.685,93.21527473,0.866,0.8775,0.56143653,0.64661133,0.943303,0.58717733,0.6948215
v1190,0,92.71907735,91.708,87.754,92.02170455,85.42613636,83.22392857,84.51571429,0.82,0.82,0.41285698,0.63109767,0.902187,0.507855,0.531605
v1191,3,92.417923,81.41,77.83418605,77.05365854,95.04589744,93.57478261,90.76046512,0.816,0.8575,0.48860896,0.59207233,0.8103115,0.39834933,0.4232415
v1192,0,92.80071114,88.1084375,79.70914286,92.65435294,93.635,91.81352941,89.58741935,0.818,0.85,0.51596114,0.64690533,0.957213,0.57025,0.744213
v1193,0,89.1147689,69.2178125,67.41857143,66.61045455,84.64093023,73.342,75.7284507,0.398,0.505,0.19497724,0.07964833,0.1369845,0.00913767,0.009071
v1194,3,91.8758548,74.8975,81.49891304,70.82044444,90.81230769,85.71673913,88.95034884,0.684,0.765,0.14346969,0.554363,0.6594545,0.282826,0.2908225
v1195,4,92.88875533,83.58108108,87.10225806,74.097,96.01564103,94.84608696,91.83515789,0.844,0.8875,0.43361473,0.60823167,0.7791925,0.46674933,0.4472775
v1196,1,93.59310225,87.29972222,90.90155556,85.54542373,95.70923077,94.34173913,93.75269663,0.846,0.88,0.53345836,0.63879767,0.9315765,0.52700433,0.6328685
v1197,4,92.98723732,89.28833333,95.26755556,81.888,96.52051282,94.79565217,95.074,0.848,0.8825,0.54708202,0.60888333,0.830123,0.46960267,0.4896115
v1198,1,94.40267283,96.26358491,92.70981481,94.99602151,93.06512821,91.79352941,95.70021978,0.88,0.8925,0.62801944,0.65581433,0.9796685,0.620649,0.8931015
v1199,0,93.21052503,82.85083333,91.50066667,90.73825397,96.00307692,94.74108696,94.59466667,0.848,0.8775,0.55609604,0.64843533,0.9611315,0.57980167,0.756887
v12,3,91.97032697,78.7002381,85.35650794,72.52270833,86.73216216,82.99652174,83.14240741,0.678,0.755,0.45118311,0.520893,0.7463695,0.21046467,0.213646
v120,0,93.75698067,90.10159091,94.67586957,92.68691176,91.47904762,95.21594595,94.68,0.876,0.8875,0.61819776,0.65466967,0.9635665,0.61135267,0.8262185
v1200,1,94.32031746,95.06055556,95.73844444,92.84158537,96.86615385,96.50913043,96.55089888,0.872,0.895,0.55757257,0.652011,0.965747,0.60344867,0.8384225
v1201,3,91.87535489,80.459,83.56927273,69.59622222,88.4225641,86.59,84.07506173,0.662,0.73,0.41342365,0.437797,0.59079,0.10424633,0.092595
v1202,3,90.12566843,79.2376,71.74153846,74.19483871,81.81051282,80.24956522,74.98045455,0.478,0.575,0.34246478,0.101581,0.198399,0.009979,0.0120225
v1203,1,89.01757368,80.56333333,75.20568966,74.546,75.86,74.00892857,73.35244186,0.4,0.505,0.17660228,0.07377667,0.137041,0.009052,0.0094165
v1204,1,89.81996747,76.55777778,78.66258621,68.49,86.13974359,76.04217391,82.608,0.45,0.55,0.27927632,0.08220767,0.1553385,0.00931333,0.009867
v1205,4,91.14709965,81.59351351,85.1078125,73.40371429,88.65128205,84.29804348,80.37693182,0.61,0.7075,0.21046459,0.180113,0.3313365,0.01561433,0.022269
v1206,1,92.50440836,85.22772727,92.66847826,85.03194444,83.76446809,75.71787234,89.17137255,0.764,0.7825,0.37881234,0.60270567,0.8812215,0.43884367,0.513987
v1207,3,90.49163884,70.63390244,78.84588235,75.2544,81.56205128,77.34956522,72.64098901,0.484,0.5725,0.30652823,0.133671,0.250765,0.01120933,0.0133855
v1208,0,87.75914911,71.99189189,76.61983871,69.06518987,74.48736842,70.52785714,60.364,0.422,0.52,0.26142336,0.08097267,0.1425305,0.009299,0.009289
v1209,3,92.30998385,81.17016129,75.03071429,84.74604651,90.79153846,88.22695652,85.13704225,0.73,0.79,0.39156086,0.56738567,0.772317,0.311618,0.222372
v121,1,90.49145112,84.71777778,88.45482759,80.86182927,80.18130435,85.13882353,63.13479167,0.716,0.735,0.34313651,0.45815133,0.637172,0.11582033,0.13301
v1210,4,92.83715762,84.71688889,79.56245283,75.97304878,95.4074359,94.32173913,89.1371134,0.816,0.8725,0.42058142,0.637694,0.858995,0.52784167,0.4366125
v1211,2,92.61350673,83.6296,78.57661538,79.50230769,93.61,91.52978261,89.73930233,0.8,0.855,0.45043806,0.57923367,0.809592,0.36362933,0.4178035
v1212,4,93.16285919,87.18416667,92.71111111,78.56115942,95.87666667,94.66021739,93.06125,0.828,0.87,0.45386148,0.612622,0.816863,0.47735167,0.4675205
v1213,2,91.46984274,77.12375,71.27058824,71.32125,88.24325581,89.33,78.26157303,0.718,0.81,0.32939052,0.503003,0.658285,0.190286,0.160863
v1214,1,94.04883367,88.44472222,92.1978,84.74825,95.92846154,95.16804348,93.62160494,0.844,0.88,0.5148291,0.63129867,0.893015,0.53219067,0.5668215
v1215,3,91.45948481,78.61057692,75.98769231,76.30808511,86.95717949,82.15106383,81.46582278,0.654,0.705,0.30198927,0.47187033,0.6505665,0.12397467,0.0905025
v1216,3,89.86893255,75.61266667,79.94189655,67.24987179,85.48692308,78.4973913,76.70621359,0.548,0.65,0.25976501,0.24262933,0.436498,0.02176133,0.03459
v1217,3,89.46106285,74.6648,71.53538462,69.30626374,80.90025641,74.93217391,63.4978,0.448,0.5425,0.30746955,0.10809033,0.195907,0.010111,0.010503
v1218,4,94.05477576,92.12772727,92.63327586,92.22108434,95.33615385,94.51695652,94.20134146,0.844,0.87,0.52198915,0.64683867,0.9646395,0.57624267,0.8206555
v1219,3,92.60924058,86.7804,83.69938462,83.99632353,93.62794872,92.51695652,86.39955056,0.814,0.8525,0.54007756,0.61211567,0.901061,0.47165267,0.5284855
v122,2,90.28413926,75.45627451,69.78534884,69.20901235,78.85567568,81.29407407,69.29193182,0.438,0.535,0.18836272,0.10890333,0.2041505,0.009834,0.0113055
v1220,4,91.23227282,75.89659574,76.5137931,68.89696629,89.75128205,87.05847826,79.39631579,0.678,0.77,0.3437307,0.45284433,0.545008,0.12382033,0.0742785
v1221,4,92.38079204,79.27475,82.03171429,75.94964706,91.49923077,91.48956522,88.99918605,0.804,0.855,0.47474572,0.589728,0.789631,0.39758367,0.357733
v1222,1,90.27785685,68.6575,79.85377358,75.4052381,80.54179487,76.48565217,77.02644737,0.468,0.565,0.2396026,0.10356967,0.204567,0.009837,0.0114565
v1223,2,92.18271125,83.52463415,87.81372549,80.43798077,94.56666667,93.63369565,87.53881579,0.804,0.875,0.56793003,0.62754267,0.904802,0.51743567,0.572692
v1224,4,93.61859824,87.22625,81.04571429,87.81019231,96.07871795,93.72782609,96.04285714,0.85,0.8775,0.57464876,0.63979267,0.9220105,0.569913,0.639067
v1225,3,92.36165182,79.96136364,86.58709677,77.41825581,92.75153846,90.66282609,84.92746988,0.768,0.8425,0.49360676,0.604987,0.8531655,0.43083033,0.416435
v1226,1,89.96087673,70.0355814,74.56298246,63.62307692,74.79765957,76.19489362,75.87584615,0.5,0.6,0.3948861,0.09766533,0.177171,0.00997433,0.010566
v1227,3,88.98819984,68.22568182,78.01568966,62.9254,80.84641026,72.55934783,69.44853659,0.424,0.52,0.2981969,0.08225167,0.145679,0.00932467,0.0091405
v1228,4,92.52542203,80.32741935,77.01471429,81.16291667,91.17410256,87.37826087,86.81583333,0.74,0.7925,0.41540968,0.58074767,0.7874335,0.342769,0.311014
v1229,3,90.28753121,73.16795455,82.81741379,71.01578947,79.13209302,73.8796,75.54355556,0.44,0.5325,0.25872475,0.098093,0.154706,0.00977933,0.00995
v123,3,95.42705357,94.131,97.18883721,94.83802469,91.2632,94.63652174,93.33595238,0.868,0.875,0.55083294,0.62080267,0.9597275,0.425019,0.81235
v1230,3,90.98563449,80.08019608,73.22186047,74.67444444,89.18025641,86.59456522,78.77458333,0.706,0.7875,0.47715873,0.504121,0.6682255,0.18905733,0.161064
v1231,3,91.58609707,63.96533333,79.8777193,72.34945055,92.43102564,90.19956522,85.59977778,0.692,0.7625,0.45781739,0.25094033,0.4664555,0.02616933,0.0568705
v1232,1,90.41505046,77.51882353,75.59214286,66.80844444,84.98487179,80.87108696,81.66894737,0.538,0.6175,0.34167647,0.12555133,0.2742215,0.01118767,0.014476
v1233,0,90.85475884,77.22193548,75.15557143,76.955,86.46487179,82.23913043,81.36614286,0.6,0.68,0.45499476,0.20619,0.426392,0.01748533,0.031208
v1234,3,93.96691538,95.3012,88.82230769,93.7475,95.73,93.43689655,96.10183333,0.862,0.8825,0.59989213,0.65171433,0.968095,0.602542,0.8397185
v1235,3,93.61111043,83.64475,90.88115385,76.53441558,96.39102564,94.95021739,94.23292683,0.838,0.88,0.41572874,0.62889633,0.8356095,0.52389367,0.4953935
v1236,1,92.94709527,89.42955556,91.30241379,83.8208642,93.34076923,88.10826087,91.56076923,0.808,0.82,0.38151698,0.61198,0.896552,0.46326133,0.532505
v1237,4,93.41365693,86.3021875,79.96457143,86.94318182,95.8225641,94.11195652,94.6695,0.834,0.8725,0.51907347,0.614493,0.8527015,0.48876433,0.527485
v1238,4,92.19560768,83.99111111,78.79018868,72.112,92.6174359,91.10652174,84.21947368,0.792,0.8475,0.39421006,0.592292,0.766026,0.38714833,0.2959055
v1239,2,91.32911589,76.65909091,86.20189655,72.59586957,93.24538462,90.68695652,81.31673469,0.77,0.8425,0.43344392,0.54226867,0.748964,0.28188467,0.2739395
v124,0,91.60562576,78.5625,83.29488372,75.29035294,86.32871795,80.01,81.99964706,0.584,0.635,0.3008368,0.22685867,0.409608,0.01726067,0.0268975
v1240,3,93.64985941,84.89945946,93.3534375,83.95506173,96.15333333,93.81695652,93.34822222,0.834,0.8775,0.48932679,0.60143633,0.836017,0.46498233,0.4957015
v1241,1,92.01251075,75.5827027,87.4521875,85.88319444,88.1325641,82.25934783,82.2097561,0.706,0.75,0.371826,0.56915867,0.8095115,0.30473533,0.2577725
v1242,0,90.67277755,72.37511111,79.28350877,69.88294737,85.43923077,78.69,80.65782051,0.56,0.6375,0.261023,0.164628,0.2849325,0.01366933,0.0162395
v1243,0,94.27543813,91.58361111,93.732,89.59575,96.06820513,95.75391304,94.95469136,0.86,0.8875,0.5967977,0.64786367,0.957329,0.58808767,0.790431
v1244,0,92.32513161,82.71548387,79.72014286,81.6006,90.11897436,86.47326087,88.38380282,0.74,0.79,0.42416136,0.57472767,0.801044,0.333344,0.324217
v1245,1,92.12446454,81.89522727,89.88847826,84.58534247,86.11538462,81.80369565,80.78821053,0.69,0.7,0.27989367,0.50678333,0.719118,0.19929433,0.1886155
v1246,3,90.0576288,76.914,76.18981132,71.22239437,84.39564103,76.5276087,69.03427083,0.448,0.545,0.30345039,0.07891467,0.1430935,0.00916667,0.00965
v1247,4,91.35762674,84.195,88.70266667,78.07819672,89.92846154,87.77065217,79.96955056,0.722,0.7925,0.35386738,0.50581633,0.746525,0.18534833,0.201901
v1248,3,91.52580533,79.96361702,78.9662069,85.73360656,83.91680851,80.69176471,79.73981818,0.46,0.55,0.19576777,0.094717,0.184304,0.009734,0.0116935
v1249,3,89.15025398,67.22477273,79.38725806,59.32833333,79.41540541,66.48185185,64.96595745,0.434,0.5375,0.23694916,0.09178033,0.161735,0.00959567,0.0096205
v125,3,95.68097967,94.47225,97.64209302,96.76,91.9242,95.52891304,94.81759036,0.884,0.8875,0.5594157,0.63289133,0.972652,0.47512567,0.875332
v1250,3,92.48575456,84.80207547,87.29296296,79.68791045,92.89771429,89.14381818,89.31482759,0.792,0.8275,0.52331276,0.61077833,0.8633775,0.44460233,0.4397375
v1251,3,89.56037648,73.11216216,77.90790323,69.86822785,86.94179487,79.58531915,80.11164706,0.48,0.575,0.3991076,0.08160433,0.1486825,0.00939233,0.01003
v1252,3,90.48307206,79.37805556,84.73644444,76.21144928,84.35153846,78.28553191,72.75816092,0.56,0.64,0.27790751,0.214883,0.3844935,0.01727633,0.021476
v1253,4,92.28068135,84.56722222,90.15266667,75.6648,92.84051282,92.36152174,85.75309524,0.754,0.8225,0.3967889,0.481625,0.6856965,0.19023033,0.2376635
v1254,4,93.25796164,91.166,86.04125,92.60784615,95.88641026,94.28586957,95.74119048,0.842,0.875,0.56419601,0.64947667,0.9619245,0.593537,0.7932015
v1255,0,93.02505559,72.49619048,89.79269841,83.37457143,95.78230769,94.74130435,93.21614458,0.816,0.865,0.49672549,0.63963733,0.9283255,0.55388833,0.616372
v1256,3,94.3325987,93.58527778,95.30777778,89.69743902,96.82923077,96.55608696,95.90820225,0.868,0.8925,0.57516124,0.647759,0.9484905,0.58861033,0.7660165
v1257,3,92.06146845,78.78888889,73.21641509,70.87435294,85.14744681,83.34377778,85.1527907,0.688,0.755,0.33489303,0.52749833,0.7249715,0.20956333,0.182836
v1258,3,93.14704785,83.18636364,87.81241935,84.43658537,93.99923077,91.90086957,89.14078947,0.788,0.8425,0.48010978,0.626746,0.8778135,0.49694467,0.4573675
v1259,3,93.48693108,88.8335,89.30727273,89.928,92.89128205,87.9776087,87.64865169,0.788,0.81,0.45178238,0.62503267,0.924622,0.45605333,0.5972795
v126,3,91.43635225,79.72659091,84.80967742,83.96,77.8744186,74.5508,77.355875,0.504,0.565,0.3901648,0.10813133,0.226251,0.010193,0.0133975
v1260,4,93.76230832,95.21333333,95.64555556,95.6652459,96.68717949,96.36,95.93534091,0.868,0.8875,0.55250548,0.65348267,0.9758695,0.60728567,0.884833
v1261,0,89.41312741,74.01555556,80.82355556,65.24170455,83.77820513,75.87217391,76.95266667,0.442,0.53,0.2819331,0.11878933,0.211287,0.01035133,0.011789
v1262,4,92.67492098,85.84875,78.78014286,86.49635294,91.39714286,88.49448276,91.35289474,0.78,0.8225,0.41736792,0.60977167,0.8548915,0.439186,0.4082305
v1263,3,92.53519157,86.26805556,92.64133333,73.64945652,94.41153846,92.16586957,89.1544086,0.822,0.865,0.47633259,0.577502,0.820327,0.38074033,0.430499
v1264,3,94.13404069,92.42375,93.35745455,86.1722619,96.21358974,94.12586957,95.84,0.84,0.88,0.41869596,0.652262,0.4889285,0.589914,0.45007
v1265,2,93.30596843,87.48875,90.82581395,89.76311111,90.77953488,84.52,90.00068966,0.798,0.82,0.41223916,0.627353,0.911859,0.495561,0.577773
v1266,3,93.84640591,89.23640625,81.526,89.22125,95.61589744,93.89521739,92.92216495,0.828,0.86,0.54410559,0.61531933,0.8643355,0.49911667,0.50306
v1267,3,92.73215366,79.42833333,88.61396825,76.15642857,95.69666667,94.91108696,90.32056818,0.824,0.88,0.50056647,0.600528,0.8042315,0.45283733,0.444042
v1268,4,92.84482849,83.7056,89.55253968,84.85253521,95.90974359,94.22065217,94.50103093,0.838,0.875,0.51755637,0.629773,0.8716435,0.54083,0.538968
v1269,3,90.72876584,79.91305556,85.1112,68.7266129,79.78851064,79.11864865,75.26564706,0.472,0.5625,0.42974261,0.09212067,0.1736235,0.009643,0.010673
v127,1,90.49267639,71.93795455,79.98225806,70.33866667,82.3272093,73.1046,70.44045455,0.396,0.5,0.19769229,0.07472167,0.1370425,0.00923567,0.009187
v1270,3,88.53986675,60.90166667,76.54285714,72.36459459,83.89230769,73.89847826,70.19571429,0.4,0.5075,0.3562267,0.06987367,0.1220705,0.008924,0.0090475
v1271,1,94.01949511,92.81805556,94.60311111,86.5095,96.64897436,95.83521739,96.47797753,0.868,0.8925,0.56408509,0.642936,0.919729,0.57119433,0.6505595
v1272,1,93.89351005,88.27916667,92.3528,84.96391892,95.97897436,94.85695652,94.213375,0.838,0.8725,0.54437113,0.62529,0.883132,0.522886,0.5612795
v1273,3,92.88909659,90.07777778,89.81137931,80.69759259,95.20794872,94.18065217,91.43423913,0.828,0.8775,0.46135429,0.61140233,0.793442,0.48097233,0.4268875
v1274,4,92.71512388,83.54194444,89.6208,76.51232877,93.22230769,90.86565217,87.97481928,0.714,0.7825,0.47196989,0.35617233,0.595,0.06334933,0.1479195
v1275,3,90.37155318,71.859,80.79545455,65.27053571,90.3674359,87.35413043,83.24487805,0.678,0.78,0.31745825,0.54005467,0.711786,0.24398433,0.2208785
v1276,1,91.98601167,80.25903226,77.01342857,78.64276596,90.11794872,86.795,81.3657971,0.734,0.79,0.47154851,0.457439,0.621342,0.13584967,0.1119885
v1277,3,91.40339768,72.66777778,78.72912281,71.76727273,90.81589744,88.26434783,85.63211765,0.65,0.7275,0.43147859,0.17534867,0.398971,0.014852,0.0353475
v1278,4,92.28802437,80.62219512,85.48803922,78.47186667,84.13069767,88.7112069,69.63230769,0.76,0.81,0.37715734,0.508037,0.676088,0.17792933,0.109965
v1279,2,92.53359173,88.42,82.19953846,82.97316667,86.13,84.95910714,86.7754,0.806,0.8375,0.46735468,0.62837733,0.9125745,0.49852,0.4932525
v128,1,95.36605882,93.31925,96.92674419,94.67675,91.2684,94.60673913,93.92275862,0.866,0.8725,0.53008519,0.624867,0.959912,0.43795967,0.8078505
v1280,0,90.34291455,80.49666667,85.5116,67.42230769,86.02641026,75.87217391,80.87641975,0.4,0.51,0.26615537,0.068704,0.1126815,0.00899067,0.008946
v1281,1,93.73467396,84.9675,89.67172414,86.86630769,95.28615385,93.48304348,90.99865169,0.818,0.86,0.47449454,0.63696667,0.895761,0.53927033,0.5255325
v1282,3,93.08254505,84.35088889,86.1522807,78.36873563,95.17897436,92.4323913,93.29386364,0.82,0.86,0.51261177,0.607624,0.8348735,0.45794067,0.4607025
v1283,2,93.09958342,82.2705,73.03784314,83.11012048,95.90769231,95.01065217,93.35105882,0.824,0.875,0.47139123,0.631845,0.8967165,0.52648533,0.5451715
v1284,0,88.825923,70.14977273,80.24565217,68.54086957,79.74457143,70.274,72.81955556,0.466,0.56,0.27088015,0.13900367,0.2738295,0.01125633,0.013329
v1285,3,92.48638432,77.93431818,86.20021739,78.89353659,94.14846154,91.47108696,90.69602273,0.816,0.86,0.48966234,0.602909,0.8369,0.425873,0.429902
v1286,0,92.65048116,89.00085106,84.32,90.09278481,91.02589744,93.09581395,90.94760563,0.828,0.855,0.52012317,0.642043,0.940381,0.54068667,0.666402
v1287,3,93.07265481,89.76861111,92.56466667,86.37934426,95.30871795,94.15782609,92.93358696,0.844,0.88,0.54798625,0.64174633,0.93786,0.54889933,0.6686635
v1288,1,92.05471717,80.93055556,88.10777778,77.83956522,91.49410256,88.27765957,85.71035294,0.656,0.73,0.39339365,0.25475367,0.424747,0.02611933,0.04077
v1289,4,91.86040416,79.24692308,79.99969697,73.6102381,91.35769231,90.94565217,82.92188406,0.794,0.8475,0.35802229,0.59108333,0.7757435,0.378542,0.3107325
v129,0,92.08269944,75.475625,81.64326923,77.21149425,84.72375,82.43025,72.88415929,0.518,0.5925,0.2323227,0.19105167,0.3485355,0.01433167,0.0200425
v1290,2,94.13918974,91.98777778,94.65311111,87.1975,96.3325641,94.11106383,96.08359551,0.856,0.88,0.59443042,0.64052167,0.933848,0.56227767,0.676159
v1291,4,94.0059988,91.4615625,82.84742857,94.0477907,79.95808511,91.72106383,93.44117647,0.86,0.88,0.61583186,0.64677667,0.9518475,0.58662767,0.73419
v1292,1,93.91003269,93.42055556,95.17711111,92.49483871,96.47897436,96.05195652,95.33764045,0.87,0.8975,0.56001065,0.65299933,0.969511,0.60234233,0.823179
v1293,2,89.8843389,68.13806452,70.10314286,69.06590909,81.33375,81.52944444,72.22511364,0.51,0.59,0.27960582,0.12477767,0.2331295,0.01103667,0.0114545
v1294,2,91.99739859,80.8958,82.49619048,73.22,92.03487179,89.6523913,86.36411765,0.724,0.785,0.41751159,0.37154967,0.5929025,0.06978933,0.1320855
v1295,0,92.28721845,80.755625,76.82042857,74.02545455,92.69717949,91.26173913,87.68963855,0.774,0.8275,0.41380115,0.577343,0.81047,0.35892833,0.348869
v1296,4,94.08393387,88.483125,82.54757143,81.00464286,96.23384615,94.93782609,94.01876289,0.85,0.8825,0.49510069,0.62969467,0.860361,0.53321367,0.515051
v1297,4,92.50479862,79.70477273,86.1783871,78.3425,88.3874359,87.61630435,82.21253521,0.722,0.7775,0.48058883,0.39305533,0.6238015,0.07970567,0.0858005
v1298,1,92.57418544,82.13935484,79.33085714,83.52333333,92.78205128,88.29456522,88.37676471,0.766,0.81,0.45934046,0.58794067,0.802728,0.38036167,0.326103
v1299,1,93.84156244,91.48225806,81.49257143,95.21978261,95.00358974,93.45391304,95.22774648,0.848,0.8725,0.55034654,0.650537,0.957588,0.597653,0.7957255
v13,0,93.25511193,87.84431818,94.7123913,89.31467742,93.1672093,86.3152,93.01329545,0.844,0.8575,0.60221198,0.64440933,0.944994,0.55076967,0.7163845
v130,1,95.87139667,95.21925,97.69023256,96.75973684,92.6128,95.56478261,95.13287356,0.884,0.89,0.54120972,0.627322,0.968312,0.451043,0.865797
v1300,3,90.79635812,79.77056604,81.51444444,70.50582278,83.28921053,80.17053571,73.84589474,0.618,0.6875,0.33661023,0.33775667,0.509249,0.04561,0.04024
v1301,1,93.59215216,89.54621622,89.48177419,92.1735443,95.17512821,95.69608696,90.6337931,0.856,0.885,0.55730279,0.646606,0.9445,0.578055,0.718857
v1302,0,91.05898897,79.02711111,80.51491228,76.87133333,82.62104167,80.04135135,78.94025641,0.606,0.675,0.3738447,0.26891267,0.469322,0.02670067,0.04026
v1303,3,92.791155,82.54016129,75.36171429,84.16336735,95.49589744,94.57565217,87.57157895,0.818,0.875,0.54801982,0.63818667,0.9155545,0.54650267,0.558995
v1304,1,92.74109986,84.5,85.60462963,78.48710526,92.31948718,89.33630435,88.88952941,0.756,0.8075,0.45095206,0.55493267,0.768224,0.30805167,0.3077795
v1305,4,88.98374012,72.41911111,70.795,59.36853933,79.8165,79.50408163,70.51597701,0.42,0.5275,0.33113489,0.086669,0.165544,0.00931967,0.009946
v1306,0,90.03664179,74.99840909,81.66758065,68.335,81.06794872,77.99217391,70.7548,0.53,0.6125,0.38114652,0.12901367,0.245151,0.01133933,0.0128725
v1307,0,89.48089235,70.70675,78.25245283,75.94421687,81.64191489,74.418,70.10554455,0.404,0.505,0.25785624,0.07662967,0.127614,0.00916633,0.0093045
v1308,3,91.19308459,63.53674419,77.41631579,80.20833333,90.51948718,87.3876087,76.72488889,0.706,0.7825,0.38628981,0.56300267,0.7754285,0.296802,0.1905725
v1309,2,94.25787823,94.12555556,90.83188679,94.123,92.65297297,87.82434783,95.172,0.848,0.8625,0.57294602,0.65031133,0.9724885,0.587338,0.82824
v131,1,95.65627562,94.9955,97.49651163,96.08675,91.433,95.2126087,94.3997619,0.884,0.89,0.5435185,0.63235333,0.9697935,0.45968833,0.8601035
v1310,1,93.64343603,95.01688889,94.73578947,94.40171429,90.79978723,86.5393617,94.04197368,0.868,0.88,0.62014348,0.652786,0.972992,0.59790767,0.8396675
v1311,1,92.40140914,86.39301887,89.5437037,76.96709677,87.31553191,84.97888889,80.56114943,0.798,0.8125,0.48486034,0.59686067,0.8583345,0.360243,0.317505
v1312,1,93.77527022,94.23509434,92.84407407,91.69770492,92.96510638,91.03777778,89.49170455,0.864,0.875,0.60969049,0.645033,0.9606395,0.553711,0.7638635
v1313,3,93.47955846,87.56133333,92.0654386,87.14415584,91.70432432,88.68543478,93.01154762,0.824,0.855,0.46276816,0.637505,0.923777,0.52081967,0.6452635
v1314,2,92.66086372,91.25288889,92.50298246,89.85342857,88.9,84.07212766,86.6821519,0.824,0.845,0.56854497,0.639198,0.9346525,0.52909367,0.6364125
v1315,1,91.3509887,78.98775,75.18085714,79.03228261,79.59454545,79.92017857,81.05702381,0.724,0.7575,0.34979532,0.55227633,0.752848,0.25881433,0.137689
v1316,1,92.81794467,88.39244444,91.32350877,86.20596491,85.45432432,85.92304348,77.7372093,0.826,0.8425,0.54190225,0.60398533,0.870156,0.41477467,0.418034
v1317,0,92.82705463,93.82822222,93.17175439,92.21941176,89.73851064,84.38446809,88.76628205,0.836,0.85,0.63291043,0.63481033,0.942298,0.51193167,0.6896495
v1318,3,88.83171036,62.75355556,71.01684211,75.02649123,74.23459459,75.35217391,60.9383908,0.426,0.53,0.31592433,0.07600933,0.1398445,0.00900233,0.009428
v1319,1,93.02230312,92.96777778,93.03087719,92.59298246,89.56054054,86.68586957,92.67597561,0.856,0.875,0.61629441,0.65001833,0.9661245,0.586089,0.785492
v132,0,90.02079176,72.9173913,70.18923077,67.97568627,84.75674419,73.3672,78.40032609,0.402,0.5,0.1936697,0.08678467,0.1503095,0.00914667,0.009663
v1320,1,93.03205912,92.98022222,93.45052632,92.229,86.7887234,85.27659574,84.163,0.842,0.86,0.5767178,0.63023833,0.922465,0.50869833,0.6147745
v1321,3,93.61710644,91.73466667,93.04877193,93.38028571,90.23680851,90.65787234,82.87544304,0.864,0.8825,0.62142804,0.62873733,0.9127515,0.51300867,0.604207
v1322,3,92.75656768,87.76688889,91.2454386,89.20754386,87.02297297,85.4476087,84.84898876,0.84,0.8575,0.56634229,0.63801267,0.9278965,0.52770767,0.5888835
v1323,2,91.56235939,77.83444444,84.39894737,82.61,91.14457143,82.63431034,84.55391753,0.746,0.775,0.42940076,0.51635633,0.708198,0.21683867,0.129278
v1324,3,91.45896404,72.39111111,81.04754386,79.15229508,92.15388889,91.13627451,89.92402597,0.788,0.8575,0.55141217,0.601293,0.878792,0.430533,0.469436
v1325,2,92.94213675,85.35285714,85.36292683,79.4873913,92.54777778,91.82392157,93.19040541,0.824,0.855,0.54481197,0.62651233,0.892007,0.49647233,0.5122445
v1326,3,92.06609632,73.52,62.206,80.20139535,87.22108108,85.87956522,83.17,0.728,0.7875,0.35119791,0.58016233,0.826597,0.32775133,0.2914475
v1327,1,88.8207099,76.03675676,78.0816129,77.22734375,82.21042553,79.38441176,67.71857143,0.482,0.575,0.31378348,0.09238967,0.1644075,0.00957133,0.0103065
v1328,3,90.12365992,71.53533333,75.93438596,79.47481013,81.68191489,77.98914894,74.02631068,0.464,0.545,0.38865353,0.10145267,0.177984,0.009814,0.0106865
v1329,4,88.00690175,64.91844444,74.51929825,70.18177419,76.90459459,72.91043478,59.06456311,0.408,0.515,0.29880607,0.06848967,0.1165125,0.00886233,0.008984
v133,4,90.67601678,68.40318182,78.77983871,63.14047619,83.94674419,72.128,77.09894118,0.454,0.54,0.24348351,0.09648333,0.171165,0.00959167,0.010061
v1330,3,91.19311388,81.92111111,83.95415094,78.68619048,80.81297872,79.96255319,70.3025,0.594,0.645,0.47132315,0.14568967,0.317984,0.01203767,0.019038
v1331,3,92.51723183,80.72377778,88.65140351,80.73555556,88.20081081,87.92,88.1028125,0.784,0.83,0.45416455,0.62335233,0.8727195,0.478948,0.4540465
v1332,4,91.79514494,89.08844444,90.82701754,87.91842857,82.26021277,82.39234043,73.51980583,0.806,0.8175,0.51013246,0.61285,0.8889335,0.415321,0.450248
v1333,3,92.83947627,81.74377778,85.69157895,89.94363636,89.40216216,87.63391304,88.42511905,0.808,0.8375,0.55336537,0.632037,0.922423,0.49792567,0.574955
v1334,3,93.35751125,87.35644444,92.01894737,87.10012987,91.79297297,90.55369565,92.40743902,0.832,0.8575,0.48417971,0.63954067,0.917626,0.52918267,0.6256935
v1335,2,90.17169068,75.93,79.97976744,65.85517241,80.80553191,74.76844444,73.708,0.444,0.53,0.22437673,0.09067767,0.169368,0.00931733,0.010068
v1336,1,92.76484923,87.29844444,92.65807018,91.49685714,86.45702128,85.93851064,79.26433735,0.84,0.8575,0.57056053,0.61751167,0.896397,0.463034,0.5352175
v1337,1,88.44196994,66.62222222,71.04824561,71.24093333,73.57605263,71.66125,65.338,0.41,0.515,0.10037138,0.10622233,0.1808,0.00980967,0.0100455
v1338,3,92.72551633,88.32222222,91.73807018,87.66313433,85.70659574,83.91808511,76.83115385,0.824,0.8425,0.55808987,0.60004333,0.8632905,0.404466,0.4196635
v1339,2,92.61913274,89.22911111,91.66245614,89.82109589,89.06468085,83.96978723,87.79468354,0.828,0.8475,0.58752729,0.64003233,0.940139,0.53579067,0.6529145
v134,3,91.06824011,73.74477273,82.14193548,68.66619048,85.40325581,74.79,80.87616279,0.498,0.57,0.23039935,0.12976333,0.2511125,0.01070833,0.013166
v1340,3,93.93750153,96.48511111,94.84350877,95.51558824,91.17787234,88.38680851,94.99078947,0.874,0.89,0.61352987,0.65499367,0.9772825,0.611042,0.862141
v1341,4,91.64711129,89.89111111,91.69298246,88.07585714,80.75425532,81.83851064,71.06475728,0.794,0.7975,0.51499868,0.575624,0.831485,0.33179333,0.409406
v1342,3,92.89745175,86.77777778,91.1354386,85.24067797,87.24405405,85.87913043,87.27584416,0.804,0.825,0.55691581,0.624744,0.899662,0.48820333,0.538364
v1343,3,91.54052728,76.11108108,87.953125,76.73158537,80.49404255,82.87893617,79.01308642,0.664,0.7175,0.38366598,0.403829,0.5819665,0.07762267,0.062234
v1344,3,90.99628179,76.96826923,79.53666667,75.26038961,85.93162162,85.3626087,81.2495122,0.732,0.8175,0.51303074,0.59260567,0.8409155,0.368225,0.323813
v1345,1,92.50661843,87.81644444,92.56350877,90.405,85.87234043,85.03191489,78.7454321,0.838,0.8575,0.55470027,0.62490833,0.8976475,0.49288033,0.53282
v1346,2,89.15850554,66.65133333,72.15982456,76.52714286,75.00216216,77.33347826,62.95595238,0.418,0.525,0.32336976,0.07612967,0.1344875,0.00901467,0.0094835
v1347,2,92.16746683,88.02155556,91.94438596,86.71316667,93.1125,91.58,94.38066667,0.856,0.8875,0.58751877,0.65440833,0.9732365,0.59804533,0.80132
v1348,1,92.53612266,91.41488889,92.54157895,90.59228571,83.30957447,85.13234043,75.73349398,0.838,0.8475,0.54309079,0.61241867,0.8830545,0.43646867,0.4977695
v1349,3,88.74476112,65.93266667,73.58964912,74.03473684,74.62135135,75.3123913,62.20012048,0.458,0.5525,0.33176859,0.08028233,0.1533475,0.00912867,0.0098485
v135,1,91.87952458,78.23708333,83.59423077,83.72809524,81.1144,86.94130435,81.33982143,0.604,0.6625,0.27255572,0.18153833,0.3593055,0.01449333,0.023316
v1350,3,88.95883098,66.36644444,74.38,65.56328767,76.7028125,77.41518519,71.77256757,0.508,0.5925,0.32913128,0.14502533,0.2633685,0.011789,0.0131315
v1351,2,92.65472987,91.15777778,92.02614035,89.67861111,86.31042553,86.7912766,75.62589744,0.824,0.845,0.5484492,0.596008,0.833882,0.41135933,0.4284
v1352,1,92.46966178,86.768,89.99754386,83.91094595,93.08138889,91.36392157,94.29297297,0.852,0.875,0.61007551,0.64722567,0.9409135,0.57130167,0.65116
v1353,4,92.79922318,84.795,85.65290323,84.57179245,85.3842,89.7076087,79.9105,0.782,0.81,0.36389793,0.58222033,0.8353345,0.33940167,0.307753
v1354,3,93.82053783,88.67177778,93.27842105,90.01571429,93.05027027,91.95152174,93.84792683,0.848,0.8725,0.5099582,0.64891167,0.9541535,0.573199,0.7645765
v1355,2,94.22223829,92.94617021,90.42327586,96.02170732,92.58102564,91.40901961,97.12790698,0.872,0.8875,0.58425861,0.65433967,0.977279,0.612951,0.880034
v1356,4,92.16104887,89.58088889,89.45929825,89.78245614,91.72027778,89.30803922,91.81368421,0.842,0.865,0.57819495,0.65132033,0.966402,0.58269433,0.767131
v1357,1,92.28194948,85.52288889,89.67333333,84.00337838,92.85305556,91.22980392,93.9432,0.848,0.8725,0.6007478,0.64620733,0.93945,0.56626467,0.6444565
v1358,3,93.02475657,88.754,92.4154386,88.10084507,85.76638298,85.08212766,79.86060241,0.838,0.8525,0.54683884,0.61763733,0.894029,0.455919,0.4840805
v1359,3,92.89856822,91.58066667,92.5845614,91.11828571,86.95106383,86.14297872,78.15141026,0.834,0.8525,0.5833396,0.60735033,0.8629825,0.435786,0.476374
v136,3,91.70938578,84.37829787,85.51689655,65.7560274,87.74243243,88.18277778,87.48320988,0.788,0.82,0.42573441,0.61425367,0.867526,0.42924133,0.4048445
v1360,1,91.15207933,76.46359375,70.78471429,74.11043011,82.74270833,79.61913043,71.923,0.442,0.5275,0.28537582,0.096656,0.1677695,0.00986733,0.0097915
v1361,3,92.10489379,79.52066667,81.92121212,78.52763889,84.87882353,86.27306122,84.57648352,0.652,0.73,0.39013746,0.398537,0.6529525,0.06591133,0.135654
v1362,4,90.06239363,75.60545455,65.12771429,72.94848101,86.84371429,81.22527273,77.61630435,0.466,0.575,0.18264535,0.08084033,0.1404015,0.009292,0.0095745
v1363,0,91.76808704,82.72622222,78.86368421,73.29469136,85.46216216,86.03759259,73.98181818,0.716,0.7475,0.34921723,0.49318267,0.6962745,0.16893033,0.087212
v1364,4,93.49573853,82.0112963,86.56945946,80.29863158,88.25704545,93.16078431,85.28209302,0.806,0.855,0.19824766,0.61270233,0.8440065,0.42124633,0.3116285
v1365,3,91.08987298,79.34636364,83.64483871,77.74417722,85.86,81.87690909,81.90631579,0.564,0.6325,0.21928093,0.10884533,0.248282,0.01016,0.0146765
v1366,4,93.73323411,81.29909091,88.9433871,76.6354,91.99893617,93.90666667,86.93361446,0.848,0.8825,0.43325967,0.62761267,0.8737345,0.49111967,0.445027
v1367,4,92.98937022,72.72510638,86.80968254,77.0452,87.17568182,92.80843137,85.42744186,0.81,0.8575,0.31010734,0.59924567,0.7948955,0.398247,0.2670955
v1368,4,94.22239903,84.791,87.61030303,89.12277778,92.8206383,94.44844444,86.94076923,0.844,0.885,0.52553339,0.625083,0.932777,0.48832733,0.662678
v1369,0,89.86296077,74.52638298,73.15827586,72.48,81.1703125,79.09722222,67.85752577,0.422,0.5225,0.17369882,0.07626033,0.1309145,0.009068,0.00926
v137,2,88.75883556,72.13488889,76.43947368,66.00924051,76.24263158,68.49642857,77.51839506,0.466,0.535,0.11613196,0.118639,0.224173,0.010089,0.011783
v1370,0,92.71693977,79.13790698,82.69403509,76.91963855,95.496875,93.83957447,92.52288889,0.812,0.87,0.55371689,0.630633,0.8687,0.51158167,0.4893055
v1371,3,94.34699837,90.25804878,91.37196078,89.8264,96.3778125,96.61191489,94.24277108,0.866,0.895,0.64248589,0.644169,0.9278135,0.56802433,0.665339
v1372,0,92.84862681,78.76925,73.01098039,84.64375,95.6471875,94.12829787,93.31623656,0.826,0.875,0.59792148,0.64037733,0.920715,0.55288167,0.5685055
v1373,0,92.65579513,78.42139535,81.99385965,76.48843373,95.576875,93.81617021,92.46511111,0.81,0.87,0.55784359,0.63271433,0.869587,0.51701467,0.488053
v1374,1,94.21501734,89.72268293,90.95215686,90.1616,96.1365625,96.60680851,93.84939759,0.858,0.89,0.62388835,0.64311267,0.925769,0.56159333,0.6587705
v1375,0,92.71205918,78.133,72.74490196,83.40390625,95.715,93.96680851,93.14677419,0.826,0.875,0.58934056,0.63882267,0.911938,0.545623,0.537966
v1376,4,91.9181058,81.96333333,86.7162,65.92747573,84.988125,80.55162791,80.98102273,0.576,0.65,0.37561029,0.184707,0.367272,0.01493067,0.0233335
v1377,1,90.4847376,72.34489362,76.51775862,66.58152941,77.69446809,75.15970588,68.26208333,0.398,0.5025,0.18824159,0.07656633,0.127508,0.00914233,0.008967
v1378,3,93.04132137,85.12980392,75.35139535,86.13088235,91.34054054,91.20166667,81.77909091,0.802,0.8325,0.53425466,0.60555467,0.863801,0.41193833,0.3410605
v1379,3,94.51088902,96.27444444,92.66160714,95.31267442,94.97511628,93.6454,95.04352941,0.848,0.86,0.59417714,0.65134033,0.9682895,0.60629,0.8479245
v138,1,91.77174743,85.05021277,84.96344828,67.83794521,87.16324324,87.78166667,85.44777778,0.786,0.815,0.41219915,0.604591,0.8573145,0.41392267,0.345932
v1380,3,90.75594197,74.8074,75.40746032,68.276,83.3896875,74.97297872,71.04450549,0.48,0.5625,0.17650227,0.152256,0.2510095,0.012243,0.0124415
v1381,2,94.03017477,89.62392157,84.90162791,85.17836735,93.51702128,90.22866667,91.55556818,0.812,0.8325,0.2277309,0.630733,0.921867,0.518162,0.57919
v1382,3,93.14248024,84.64175,82.786,86.09646341,90.702,88.27432432,90.21903846,0.74,0.7625,0.39224949,0.586267,0.8549215,0.37980433,0.3900935
v1383,3,90.44829429,71.70532258,71.01614286,66.69628866,75.8458,72.45717391,70.88290323,0.43,0.525,0.17705793,0.08339233,0.153491,0.00936533,0.00958
v1384,2,90.54418108,78.01866667,79.6330303,75.5978481,84.37255319,77.41355556,81.41609756,0.414,0.5075,0.35901823,0.07552167,0.128419,0.00900433,0.0097715
v1385,3,93.32994463,82.88546875,79.77042857,83.72212121,94.88459459,87.80148148,93.79962264,0.822,0.8575,0.47239066,0.63293433,0.887612,0.51903867,0.4874955
v1386,0,91.85092445,84.8192,79.45261538,84.33226415,84.17617021,80.03659574,78.09743119,0.494,0.5675,0.37840513,0.10557167,0.1891895,0.01014867,0.0115535
v1387,0,90.08104902,65.8318,74.09190476,65.06216667,80.8406383,72.48511111,75.887625,0.436,0.53,0.21372392,0.098672,0.1890715,0.00958667,0.0110635
v1388,3,94.58605715,94.82533333,88.59871429,93.58673913,95.59510638,93.06044444,93.62880952,0.876,0.8925,0.46924639,0.65563033,0.9760975,0.61493867,0.8678425
v1389,1,90.45010954,75.30078125,72.99371429,72.30282828,82.535,78.17767857,79.84452381,0.456,0.54,0.27041789,0.08842533,0.164012,0.00936733,0.0104625
v139,4,90.50670982,72.39629032,73.00714286,70.4556701,78.57318182,81.89117647,70.94252525,0.63,0.6975,0.17424613,0.37662033,0.5083185,0.05779167,0.028206
v1390,4,94.29004393,91.04166667,88.03985714,94.6160241,95.62361702,93.322,93.0807,0.87,0.885,0.56787799,0.653054,0.9690365,0.59969833,0.8082365
v1391,3,94.17291592,89.7125,84.75985714,92.54073684,95.45108108,89.55018519,93.9182,0.84,0.8575,0.54166094,0.64109633,0.9087325,0.56212767,0.5593945
v1392,4,90.97782061,76.8509375,73.84742857,77.38736842,78.72659091,79.51178571,68.43702128,0.566,0.6325,0.3141816,0.13399267,0.2610085,0.011412,0.013096
v1393,3,92.23956496,80.4875,90.2455814,74.3556,84.61772727,86.63176471,79.04208791,0.742,0.7675,0.31208551,0.50566567,0.6620415,0.15986633,0.0800205
v1394,4,91.51968346,82.38546875,81.33514286,70.76694737,84.99631579,78.89357143,83.278,0.586,0.64,0.24974092,0.09662267,0.2896605,0.01178033,0.017052
v1395,0,91.11738663,75.28921875,71.49942857,78.68172043,80.42052632,78.4425,77.14515464,0.48,0.5625,0.28035606,0.14921167,0.2650175,0.01157467,0.013796
v1396,0,91.1994493,83.38833333,86.8124,70.02434211,81.49702128,76.70852941,81.54814815,0.404,0.5,0.32049086,0.0806,0.133799,0.00915,0.009743
v1397,4,90.15706464,72.2109375,69.973,71.14583333,83.19432432,76.02388889,66.43757282,0.502,0.5825,0.2333242,0.21013133,0.36948,0.01624667,0.0158305
v1398,4,91.86635063,90.3766,83.75246154,85.84056604,78.6187234,82.91978723,65.33660714,0.654,0.665,0.21534028,0.37405533,0.5320245,0.06210633,0.0558305
v1399,0,91.74180966,80.1675,75.525,75.60959184,87.9525,87.69462963,79.71317647,0.66,0.7175,0.47269315,0.249973,0.4285045,0.02416,0.030598
v14,2,89.82804754,70.87178571,75.72243902,54.27488889,81.435625,74.56446809,70.89326316,0.442,0.545,0.19764129,0.12639533,0.233465,0.010628,0.011788
v140,4,90.39943882,73.798125,79.36173077,73.777875,84.71371429,81.063,77.07368421,0.536,0.6125,0.20413558,0.142281,0.2598275,0.01169967,0.0140905
v1400,2,93.93220028,89.25925,95.68139535,83.23138462,92.1278125,86.42604651,93.37735294,0.854,0.8625,0.44356874,0.64557933,0.9523045,0.53598967,0.6869625
v1401,1,93.47306694,88.28952381,92.50555556,90.79686047,88.711875,90.74069767,83.00640625,0.842,0.8575,0.56235541,0.640497,0.9147655,0.52676933,0.55315
v1402,3,93.26235763,87.95266667,85.08314286,90.46172043,92.47297872,90.14577778,85.77455446,0.814,0.835,0.53454013,0.63158667,0.9023765,0.51100967,0.5173605
v1403,2,91.4647148,76.98714286,84.48079365,72.37,87.08351351,85.71924528,77.15053191,0.712,0.745,0.25758762,0.48839533,0.6475905,0.13276033,0.0781475
v1404,1,90.09901156,77.04483333,70.39757143,73.48897959,79.32851064,75.94466667,73.1186747,0.402,0.5,0.23562917,0.07262,0.1200035,0.00903433,0.0093425
v1405,2,93.78952086,88.209,86.37571429,88.97631579,94.90425532,92.54311111,94.4827907,0.84,0.8625,0.3976132,0.637059,0.9636515,0.50358133,0.755957
v1406,0,91.25537637,79.98366667,74.82728571,75.39126214,88.95531915,86.48,79.14339623,0.678,0.7275,0.27411267,0.477773,0.7036765,0.137575,0.147157
v1407,3,92.62851233,85.851875,79.68285714,79.75212121,90.32567568,84.00388889,84.24292135,0.692,0.69,0.34646606,0.42396067,0.577967,0.117674,0.0997055
v1408,3,90.144714,80.7125,84.39711111,67.01148936,87.31674419,75.5306,74.49627451,0.446,0.5325,0.17538512,0.120798,0.221734,0.010282,0.0109475
v1409,3,90.15400121,79.402,78.82428571,74.49404494,83.2374359,77.59195652,75.98644444,0.548,0.605,0.27008367,0.246741,0.4432715,0.02083233,0.028688
v141,3,90.21559336,77.30895833,80.22384615,76.75650602,83.71542857,77.671,79.97208333,0.506,0.5875,0.2467976,0.127496,0.234759,0.01089567,0.0134575
v1410,3,89.99186014,78.54,78.20017241,71.36365854,83.02685714,82.383,70.09651163,0.51,0.575,0.18773902,0.12855033,0.2669515,0.01060433,0.013174
v1411,3,94.00125,91.0003125,85.63157143,92.92133333,95.81216216,86.77759259,94.48414141,0.85,0.8625,0.56075922,0.64920767,0.9602885,0.57277233,0.767003
v1412,4,94.87919505,94.91825,94.31037736,95.89066667,96.23,94.90092593,94.17070423,0.876,0.885,0.58332624,0.656375,0.978909,0.61406067,0.874695
v1413,2,93.29332658,87.33577778,84.75160714,80.93925926,92.79216216,91.40283019,88.3527027,0.81,0.84,0.34012739,0.61660033,0.880433,0.41144167,0.4339825
v1414,1,94.5558715,93.72125,91.97754717,95.10010753,93.3790625,93.02685185,91.65791667,0.874,0.8825,0.55454411,0.65437533,0.9731385,0.59341167,0.8199275
v1415,1,95.52839376,96.86025,96.05283019,97.50845361,96.6303125,95.27,96.4575,0.896,0.905,0.59819301,0.658456,0.981361,0.632493,0.915507
v1416,2,93.16813622,83.21644444,89.92631579,77.52609756,90.128,86.49702703,88.08276596,0.8,0.8225,0.48256925,0.61602033,0.8857315,0.42228,0.460179
v1417,4,94.92227586,95.142,93.95113208,95.75866667,95.5053125,94.24222222,94.07591549,0.88,0.895,0.59068471,0.656254,0.978269,0.604561,0.86367
v1418,0,93.05826802,79.67825,87.97924528,77.87393617,91.7321875,92.45759259,82.4266129,0.818,0.8575,0.45818102,0.61306567,0.884042,0.37820233,0.3411745
v1419,1,94.64024128,93.56025,92.95716981,95.06515789,93.3859375,93.7837037,92.69632353,0.876,0.89,0.58381944,0.65451933,0.971784,0.60343367,0.819698
v142,2,90.81024787,78.58458333,83.86557692,69.62560976,87.49971429,81.7165,81.17346154,0.658,0.705,0.2706567,0.405307,0.6106265,0.07474233,0.0715
v1420,1,94.95394486,95.2185,94.55264151,96.05466667,95.8165625,95.00851852,93.09661972,0.882,0.8925,0.57398387,0.65498633,0.9713405,0.60818067,0.8434045
v1421,0,93.60595929,89.84754717,93.31055556,82.45326316,94.8059375,93.25592593,93.92985915,0.858,0.8675,0.47272306,0.64586167,0.943072,0.552511,0.6974505
v1422,3,90.12654062,75.49386364,82.74483871,68.27212766,78.50648649,77.98259259,61.88448276,0.418,0.51,0.28032461,0.090213,0.162786,0.009197,0.009752
v1423,2,89.43008528,65.846,67.50057143,69.92732558,76.828,73.06793103,79.3842029,0.486,0.5725,0.28967745,0.12481167,0.2445625,0.01065833,0.012884
v1424,0,92.80248643,90.97955556,86.07517857,87.63882979,87.29780488,77.22066667,81.563125,0.794,0.8075,0.41511282,0.60150367,0.8835365,0.36039933,0.417384
v1425,3,92.0437896,79.76682927,86.86941176,77.62723684,91.1459375,89.44212766,79.29908163,0.726,0.8025,0.26052357,0.58651467,0.8074335,0.34192067,0.2666715
v1426,4,88.93959719,71.76846154,71.35369231,72.129,81.7685,79.74469388,68.73755556,0.466,0.545,0.18583391,0.14789767,0.274057,0.011053,0.014019
v1427,1,93.83348528,93.54081081,95.81875,93.67375,90.96765957,91.75705882,91.98945946,0.848,0.8575,0.59102817,0.64694967,0.963429,0.56079767,0.788143
v1428,2,94.87771166,93.62027027,95.675625,96.64117021,95.01361702,95.91823529,93.41824324,0.864,0.885,0.51883947,0.64796467,0.9706285,0.576438,0.84928
v1429,3,91.83748475,76.29590909,84.6676087,74.97741176,88.46230769,84.53152174,84.71085366,0.686,0.75,0.45823414,0.36473533,0.638837,0.05973333,0.1130215
v143,1,93.93243665,89.639,78.86294118,84.08865169,96.58487179,94.98695652,94.518375,0.876,0.9025,0.48493021,0.64751167,0.88751,0.56270967,0.563851
v1430,3,92.97228543,81.17857143,87.7184127,87.24416667,95.05564103,94.00130435,89.97653465,0.828,0.8725,0.48258077,0.643491,0.9431815,0.563729,0.676482
v1431,3,93.12303607,83.09109375,80.70985714,75.84617021,92.72028571,91.04435484,89.76488095,0.838,0.8575,0.44397714,0.618198,0.879207,0.418003,0.427447
v1432,2,89.63666734,72.99355556,74.63280702,70.2055814,84.6365625,80.85382979,77.21052632,0.432,0.5325,0.33158577,0.07757267,0.136867,0.00911033,0.0097365
v1433,0,92.1138011,76.98227273,84.20978261,76.95376471,88.87230769,85.86456522,84.78658537,0.728,0.78,0.46023648,0.50533133,0.721599,0.19234033,0.1845985
v1434,3,92.8114033,81.63095238,86.78761905,87.30619048,94.98153846,93.91173913,90.29910891,0.832,0.88,0.47513544,0.64515867,0.948117,0.56580567,0.688919
v1435,1,91.47120016,69.8275,69.30114286,79.69819444,87.99484848,86.63981481,77.47881188,0.646,0.7125,0.36122878,0.293703,0.439217,0.03483967,0.0308585
v1436,4,92.7206698,88.8955,89.41927273,87.66,92.28,93.25212766,79.36180851,0.804,0.85,0.52795784,0.62976233,0.896634,0.50310467,0.495711
v1437,2,89.74667209,74.84234043,78.24396552,60.40980392,77.46913043,75.16382353,69.69252632,0.44,0.5375,0.18127865,0.10193967,0.1834615,0.00991767,0.0102545
v1438,3,89.9728632,73.54227273,80.05173913,69.29211765,76.55159091,79.59019608,77.11146341,0.464,0.545,0.27887802,0.089786,0.1599535,0.00954133,0.010321
v1439,3,94.65674121,96.04297872,89.76775862,92.95354839,96.47307692,94.91413043,96.03732558,0.878,0.895,0.52628621,0.65281833,0.956803,0.61194167,0.816042
v144,0,90.4706231,81.88176471,78.07607143,68.437,79.9346,82.87717391,73.1297619,0.632,0.705,0.26597517,0.273582,0.460206,0.02766767,0.034873
v1440,2,89.27587545,75.60366667,70.70571429,74.4538,81.52317073,71.04483333,70.58574074,0.404,0.5075,0.16403001,0.077211,0.135423,0.00924767,0.0092385
v1441,1,92.86227445,90.17854839,88.81871429,84.06914894,86.9327027,74.89740741,74.5556,0.786,0.785,0.2739641,0.554102,0.7709505,0.32077467,0.3232435
v1442,2,92.12164414,77.41545455,88.83608696,67.98959184,85.84209302,81.4856,85.18175676,0.612,0.66,0.25432471,0.24139333,0.3802835,0.021176,0.024882
v1443,0,93.22236979,90.39677419,89.86142857,86.14056338,82.37340909,82.81125,81.8128,0.806,0.8275,0.40859182,0.62276167,0.8673995,0.47879533,0.4257075
v1444,0,91.61549228,80.0286,76.92953846,71.68828571,83.82818182,81.54185185,82.57297619,0.524,0.5825,0.29140679,0.17443267,0.2915535,0.01338433,0.0171325
v1445,0,89.78431669,69.35521739,76.12115385,74.9044,81.9421875,77.81319149,75.52694444,0.414,0.51,0.26037265,0.07384967,0.128911,0.00893933,0.009471
v1446,2,93.00626691,92.38098039,91.13976744,94.22050847,87.99108108,87.52913043,86.33569767,0.814,0.83,0.52087268,0.62525567,0.931091,0.47997333,0.6605195
v1447,2,92.22581866,82.14725,83.66971429,79.82220779,82.66928571,81.19571429,74.54734694,0.696,0.7125,0.34119747,0.468971,0.6374155,0.144852,0.100791
v1448,4,91.32024512,80.274,76.17430769,75.6928,82.76534884,73.0806,75.16020408,0.56,0.625,0.28928769,0.18287633,0.313963,0.01463533,0.015648
v1449,0,92.915782,81.04366667,83.63185714,76.97956044,88.81886364,86.65464286,86.39927711,0.79,0.8175,0.38972143,0.58106033,0.8153615,0.36671533,0.2955155
v145,0,92.38272727,89.83933333,84.79981132,90.92928571,88.65275,90.41489796,81.94086957,0.794,0.8075,0.43191149,0.589468,0.9041875,0.32788567,0.4962545
v1450,0,90.90167003,77.55733333,75.10971429,78.32205128,78.43787234,75.94621622,69.00352941,0.49,0.565,0.29945202,0.11459233,0.228893,0.01040767,0.012082
v1451,3,93.38720203,85.75795455,94.65826087,84.77945055,94.735625,93.7137037,91.83505882,0.86,0.875,0.58462891,0.64584367,0.938946,0.57670133,0.688666
v1452,1,90.44364849,79.12193548,70.37428571,80.36409091,82.83787234,78.90111111,68.0591,0.408,0.5025,0.14707848,0.04000867,0.1291635,0.008364,0.009267
v1453,1,88.97150169,70.03390625,69.36657143,63.7591,77.89682927,59.14683333,70.1937037,0.404,0.51,0.22375004,0.07479633,0.1292135,0.00907,0.008788
v1454,1,91.31813545,70.034,79.26035088,73.29333333,85.20564103,82.06534884,80.64385714,0.658,0.7225,0.31350336,0.43872867,0.6165535,0.09258233,0.0717775
v1455,2,94.16219695,95.06416667,90.44428571,93.52822581,94.37307692,95.12348837,92.4283871,0.89,0.9,0.52087846,0.65375,0.954281,0.605052,0.7896415
v1456,1,93.81835528,94.47733333,89.74185714,92.28553846,93.47897436,89.94456522,94.67661972,0.866,0.875,0.53683172,0.64188867,0.9311315,0.56744767,0.6884445
v1457,3,93.61673737,89.89133333,84.484,90.86942308,93.84125,93.05042553,88.34758621,0.858,0.88,0.59005177,0.64236367,0.944394,0.55534867,0.670653
v1458,3,93.24027789,78.81666667,80.14885714,86.3465625,89.3675,92.90294118,87.4922093,0.792,0.835,0.46778707,0.619041,0.9039715,0.41756833,0.4963035
v1459,1,89.15231707,68.81407407,75.57756757,60.22190476,83.12069767,73.3406,75.34505618,0.38,0.4925,0.36193849,0.06831833,0.11475,0.00891767,0.0090175
v146,2,91.06648431,70.78148936,80.2315873,75.76323077,81.1825641,77.8272549,74.1459,0.564,0.6375,0.26096031,0.24571833,0.4171925,0.021093,0.0239005
v1460,3,93.63955206,93.597,87.66385714,94.01366197,93.42051282,94.48627907,88.57697674,0.868,0.8825,0.58577978,0.648162,0.940937,0.58755,0.734372
v1461,2,92.62948213,79.69851064,89.35603175,81.27780822,91.09875,89.79685185,87.68119048,0.808,0.8275,0.46747118,0.61280233,0.885209,0.445929,0.442469
v1462,1,93.62383989,88.194,86.24385714,88.30134615,91.71666667,88.60418605,91.85952381,0.82,0.84,0.4313542,0.628426,0.9345855,0.50268333,0.6335385
v1463,1,93.17780972,84.794,78.99428571,89.75842105,89.45205882,91.32040816,87.82571429,0.76,0.805,0.50955895,0.60031467,0.8777565,0.379364,0.446115
v1464,2,92.72996957,89.261,84.55528571,79.99265823,82.65575,84.71655172,82.67376623,0.784,0.7875,0.41640484,0.59778767,0.782832,0.41148533,0.2056595
v1465,0,90.38971331,74.622,72.95085714,75.74764045,77.90763158,76.89892857,70.07968421,0.496,0.5775,0.29635903,0.10068067,0.1830095,0.01003633,0.010299
v1466,0,94.20885819,95.22383333,91.16614286,91.52405797,94.23,94.55860465,95.34118644,0.874,0.885,0.56255572,0.65231033,0.965515,0.60715933,0.821588
v1467,1,93.86260702,95.11716667,90.75857143,96.03764706,95.60384615,95.3744186,94.79338462,0.874,0.8875,0.53036113,0.65417667,0.977904,0.60858767,0.8796795
v1468,1,93.05090762,92.70966667,88.09614286,85.35544304,90.39307692,88.98976744,83.01166667,0.832,0.8375,0.53771727,0.640648,0.9323945,0.54608967,0.594155
v1469,2,94.0297225,94.65933333,90.08557143,91.51903226,92.96897436,94.58116279,84.94405405,0.87,0.8825,0.53935352,0.64294633,0.922104,0.579071,0.6557045
v147,2,89.76205817,67.68319149,77.83698413,77.18534884,84.80916667,82.44607843,76.04236364,0.394,0.5025,0.09603773,0.08393667,0.1502325,0.00915667,0.0096215
v1470,0,93.15757465,87.52235294,79.64372093,90.05545455,91.6196875,92.57851852,86.86277778,0.814,0.84,0.50226299,0.62904,0.9071425,0.51414333,0.558085
v1471,1,94.54013596,93.99183333,90.13028571,90.34189189,94.61586957,94.51970588,94.14470588,0.874,0.8875,0.55990633,0.64903267,0.9359025,0.590146,0.7051
v1472,2,93.97807389,92.179,88.87,90.48630769,90.56953488,90.53810345,85.29136364,0.842,0.8525,0.53790031,0.621256,0.838318,0.507989,0.398836
v1473,3,92.60310171,83.86083333,78.01485714,87.31478261,89.79871795,82.98347826,84.34210526,0.738,0.7575,0.49627663,0.577143,0.7996045,0.32528967,0.2433615
v1474,0,93.90872819,92.21816667,89.12528571,86.52513514,88.885,91.04676471,85.36802469,0.826,0.8375,0.54799576,0.63756133,0.912535,0.54137067,0.578283
v1475,3,93.77980546,86.57533333,85.52957143,83.315875,91.36,91.30206897,87.29504762,0.802,0.825,0.54648012,0.592402,0.845296,0.402649,0.3570345
v1476,0,90.25387867,84.39266667,82.20333333,78.80181818,77.03384615,72.99906977,71.09465753,0.544,0.6025,0.19446023,0.361366,0.5181695,0.051616,0.0443285
v1477,1,93.35718611,92.586,89.42842857,86.5227027,91.61435897,86.76608696,86.28705128,0.85,0.8625,0.43941579,0.635392,0.8919415,0.53861167,0.4709605
v1478,1,93.7972944,94.50383333,88.90471429,90.89556962,93.13102564,87.58065217,89.9235,0.85,0.8625,0.47057417,0.64631033,0.949923,0.56768367,0.7098525
v1479,0,94.21284819,95.18283333,90.909,95.25943662,94.08769231,95.16837209,92.94662338,0.884,0.89,0.6124247,0.65278433,0.9570445,0.60650067,0.81441
v148,2,88.78346856,66.52625,65.06352941,62.4105,79.51142857,72.68016129,66.10208333,0.41,0.5125,0.22436933,0.07900133,0.1368905,0.009159,0.0091355
v1480,4,93.02381637,87.24283333,83.94757143,91.38888889,85.495,85.93285714,80.503125,0.776,0.7925,0.47554459,0.57249,0.7412665,0.337913,0.221964
v1481,4,89.80572573,76.03483333,70.56914286,80.04142857,78.63538462,75.93941176,65.00607843,0.436,0.5275,0.38598034,0.075362,0.131575,0.009154,0.0095105
v1482,3,93.72008133,92.52283333,89.60128571,88.15371429,93.57128205,93.95255814,90.98368421,0.864,0.8775,0.55552912,0.64626567,0.940412,0.578478,0.6953595
v1483,3,93.50145765,90.96755556,93.60877193,93.70439394,92.85382979,92.0712766,90.63012821,0.868,0.8875,0.62921088,0.651452,0.9639075,0.59977,0.7937805
v1484,0,94.76742932,94.49266667,87.72028571,94.58901408,95.8693617,93.97422222,94.63282051,0.868,0.8825,0.53241607,0.653462,0.975416,0.611497,0.866581
v1485,1,92.22459126,87.0115,83.05642857,87.87741379,88.66923077,81.75217391,84.64777778,0.76,0.7675,0.45114014,0.60100433,0.868433,0.39779633,0.3736815
v1486,3,93.60855414,90.71066667,84.175,90.07042254,91.70358974,92.14325581,87.51802326,0.826,0.8425,0.51969283,0.61289733,0.9051575,0.41759767,0.5794865
v1487,3,93.8213569,95.18216667,90.10371429,94.01697368,92.51897436,90.97162791,93.77741379,0.86,0.8675,0.58766168,0.652521,0.9669945,0.60352067,0.8100845
v1488,3,92.30844712,79.76863636,89.97630435,75.88231707,86.815,86.06240741,81.94101266,0.742,0.76,0.40933006,0.533002,0.690698,0.24125133,0.1369045
v1489,3,93.26916532,92.566,86.17328571,92.10766234,91.56794872,91.33744186,85.48347826,0.836,0.855,0.53726775,0.642876,0.939534,0.56691167,0.689884
v149,3,92.6363558,94.7138,85.89369231,88.5123913,95.658125,93.81319149,94.63178571,0.866,0.89,0.59534193,0.65186533,0.9673225,0.585666,0.795275
v1490,0,93.13890158,93.79,89.09842857,92.980625,90.12837838,92.36296296,92.59039216,0.852,0.87,0.5902974,0.65135167,0.967008,0.58741567,0.8034155
v1491,0,91.28999397,74.21177419,72.46985714,72.80043011,79.33930233,76.96948276,77.26050633,0.528,0.615,0.22335161,0.19623267,0.369038,0.015832,0.0194565
v1492,1,93.06185567,87.37483333,82.17742857,84.33131579,90.63125,92.30037037,79.82432099,0.818,0.8425,0.4290407,0.62366667,0.885779,0.456882,0.4210415
v1493,4,90.7508482,75.1784375,72.01757143,72.6357,88.0103125,89.67055556,71.95803922,0.7,0.77,0.33084232,0.420839,0.5605875,0.077136,0.041315
v1494,3,89.8037877,72.17274194,73.72642857,69.5456962,79.50820513,75.83604651,70.23061728,0.546,0.6025,0.23156819,0.28687833,0.443031,0.02384833,0.0273585
v1495,3,91.75243461,85.87290323,81.26,87.61714286,84.3215,79.49540541,70.1676,0.764,0.7625,0.45091428,0.601453,0.795797,0.36336333,0.286584
v1496,3,90.49678879,72.4009375,66.99342857,74.39215054,82.26895833,76.18717391,71.01644444,0.408,0.505,0.23004016,0.08101633,0.1383315,0.00908533,0.0094875
v1497,3,90.12604079,74.42,69.34185714,68.60688172,82.04729167,75.45195652,72.8077551,0.46,0.55,0.22414878,0.09961867,0.1959395,0.009638,0.0110795
v1498,4,89.85841556,77.20216216,78.16677419,79.09894737,78.51225,80.71758621,79.93774648,0.504,0.595,0.22237263,0.102514,0.1740165,0.010016,0.010958
v1499,0,90.9660195,77.46482143,78.65390244,74.19674699,77.26382979,73.71085106,77.64280899,0.492,0.565,0.23555299,0.12201933,0.2167515,0.010735,0.0122165
v15,3,89.8350475,74.91702703,78.44822581,65.69302326,86.97861111,83.29843137,74.80326531,0.618,0.705,0.28664581,0.409722,0.5414,0.08349833,0.0636485
v150,4,92.4141571,89.91375,87.85142857,90.92118644,92.62659574,91.84189189,93.22095238,0.856,0.875,0.53147033,0.65026,0.962834,0.576264,0.76769
v1500,4,91.32647082,79.1724,77.03723077,70.35313559,80.98744681,75.42029412,75.32096386,0.548,0.615,0.2401061,0.28550433,0.466149,0.024151,0.0290415
v1501,4,91.53984909,79.0262,77.54323077,68.79686441,81.52106383,78.66764706,74.81253012,0.598,0.665,0.26209547,0.320022,0.5194315,0.035552,0.037761
v1502,3,95.67669179,96.72617021,93.66637931,94.96322222,96.21789474,95.65928571,97.77729167,0.904,0.92,0.58591203,0.65721067,0.971803,0.62466,0.8646985
v1503,0,89.79693365,77.5545,71.71157143,71.62732143,81.17820513,75.875,68.61443299,0.4,0.5075,0.15813193,0.08230233,0.14013,0.009248,0.0091495
v1504,0,93.94505246,82.27410256,85.96695652,90.73156863,95.940625,94.37674419,95.20686047,0.84,0.8775,0.52207137,0.64568167,0.931384,0.57571933,0.645808
v1505,3,91.46717405,80.73553191,80.86775862,79.32037975,87.4659375,85.8495,78.248,0.716,0.7675,0.40834487,0.566136,0.7882015,0.28367,0.2139895
v1506,4,94.32321633,90.06727273,92.19456522,91.434,91.28255319,92.76705882,91.42652174,0.816,0.83,0.51173452,0.63277033,0.9190355,0.521186,0.6066615
v1507,1,93.20662722,89.44863636,90.0023913,85.0004,90.46361702,91.33558824,88.95217391,0.814,0.8225,0.45615256,0.63313433,0.9162065,0.51147533,0.547841
v1508,3,89.62072056,71.81090909,78.25804348,71.39186667,78.6993617,76.50794118,66.82543478,0.426,0.5225,0.19177812,0.09090367,0.1681735,0.00943833,0.009932
v1509,3,91.90366531,83.09590909,87.50652174,76.262,82.73297872,83.01441176,73.55478261,0.708,0.7175,0.30389498,0.51778933,0.6943355,0.18494033,0.163469
v151,0,92.02612477,79.49115385,84.65090909,71.80022727,92.84939394,91.38137255,88.33,0.798,0.8325,0.29004871,0.587373,0.820707,0.32591867,0.3214755
v1510,4,93.21111904,90.15295455,91.27608696,82.864,87.92574468,89.29647059,83.05282609,0.808,0.81,0.47459282,0.61803367,0.8516005,0.467367,0.3886495
v1511,3,89.88151447,71.35795455,79.50695652,73.38386667,81.28829787,78.10029412,71.3772,0.474,0.55,0.12984839,0.15462367,0.2831115,0.01203733,0.014256
v1512,0,91.21159156,78.70830189,81.21925926,73.78507246,79.45638298,78.65617647,63.61940594,0.578,0.6475,0.279587,0.24478833,0.3892705,0.02093433,0.021692
v1513,3,94.4469945,93.51568182,93.63413043,95.16119048,94.57638298,95.99264706,95.56434783,0.882,0.89,0.58100222,0.65377933,0.9534105,0.60803333,0.7720455
v1514,4,93.05838025,90.75295455,90.85217391,84.01493333,89.69957447,91.18352941,88.01391304,0.834,0.8375,0.48821252,0.63723367,0.9122565,0.53089133,0.541721
v1515,3,92.86546509,82.28609756,86.31254902,82.6934375,87.07651163,81.5126,80.23162791,0.662,0.7075,0.32826993,0.34414333,0.5294625,0.05342233,0.055705
v1516,4,92.24823506,80.881875,82.91846154,80.48602151,79.75272727,82.61267857,81.66242857,0.736,0.775,0.45850072,0.56253133,0.8032385,0.28451133,0.2077795
v1517,3,93.32126269,88.95422222,92.53830189,82.84694444,93.938125,91.41962963,91.09757895,0.844,0.8625,0.51806332,0.639984,0.946579,0.544627,0.668521
v1518,1,93.08281507,84.186875,78.34557143,78.49397849,94.308125,90.0523913,91.67466667,0.82,0.855,0.53914021,0.61677933,0.843303,0.46921733,0.454101
v1519,1,91.44787,77.47515625,73.47214286,74.91322581,83.11979167,80.16456522,71.21266667,0.494,0.565,0.30593282,0.11927733,0.2072655,0.010923,0.0110225
v152,2,92.92223585,88.85945946,89.00016129,87.47349398,93.84957447,95.84235294,92.08876404,0.852,0.8825,0.60822524,0.64717833,0.9430315,0.55863833,0.6799765
v1520,0,91.63676588,80.224375,76.256,75.12107527,82.99854167,80.54173913,73.27755102,0.552,0.6075,0.29030043,0.15419567,0.2767425,0.01293167,0.0140525
v1521,0,94.49164167,90.34111111,93.5854717,84.60272727,86.65191489,87.57531915,86.38827957,0.848,0.8475,0.47394405,0.63060467,0.90115,0.50054133,0.4622665
v1522,0,94.06693274,88.83733333,92.88207547,81.28467532,84.14148936,86.28106383,81.61193548,0.826,0.825,0.44246955,0.61402833,0.856466,0.43672667,0.310586
v1523,0,93.46531194,82.63333333,90.51968254,82.27202247,89.96595745,83.77680851,91.86770833,0.812,0.855,0.45273541,0.63267933,0.864102,0.51931,0.4880915
v1524,3,93.85439311,89.54444444,93.38150943,80.65597403,85.62404255,86.99574468,81.21107527,0.83,0.83,0.41102161,0.60998733,0.841099,0.43037433,0.3061245
v1525,4,94.75873566,91.57045455,95.77902439,89.67809524,93.11181818,91.95039216,84.60035294,0.858,0.87,0.51603566,0.62663767,0.8846745,0.50540667,0.5224285
v1526,0,93.30599679,82.97428571,90.8568254,81.35348315,88.61361702,83.08021277,90.07583333,0.8,0.8375,0.4422751,0.62522333,0.8685675,0.48114133,0.454153
v1527,0,95.24660454,90.59466667,95.17735849,84.05649351,94.7993617,90.5587234,94.46107527,0.884,0.9,0.55892629,0.65276867,0.932347,0.60484733,0.69528
v1528,0,95.13044654,92.39522727,96.3402439,92.5484127,94.73787879,93.28137255,87.53858824,0.868,0.88,0.52263419,0.63518967,0.894121,0.54530167,0.5669965
v1529,0,93.76517018,88.85733333,92.56641509,80.83662338,83.79,85.97680851,80.98892473,0.824,0.8275,0.41205071,0.60789767,0.832643,0.421865,0.2663145
v153,4,93.30213276,92.2927027,91.78467742,87.87308642,93.79425532,95.54117647,90.484875,0.86,0.8825,0.60340614,0.64155667,0.8997445,0.555117,0.5708155
v1530,2,94.98290924,91.73954545,96.20512195,90.16206349,94.59878788,93.34568627,87.78623529,0.87,0.8825,0.50111709,0.64041067,0.905452,0.55407433,0.59749
v1531,0,95.27146099,91.31622222,95.43320755,84.97558442,94.72808511,90.06978723,94.71612903,0.888,0.9025,0.58364027,0.64850567,0.900621,0.59521567,0.620495
v1532,2,89.47053185,67.45659091,62.74314286,69.15706522,82.09514286,79.678,65.74564706,0.4,0.505,0.29381214,0.06996033,0.1173485,0.00882067,0.008971
v1533,3,92.82403551,80.904,84.86403509,75.66574468,88.57775,87.0244898,83.92444444,0.764,0.805,0.25171888,0.57721667,0.7737075,0.34669967,0.1682525
v1534,2,90.47654223,74.77382979,73.64603448,72.92051948,82.9290625,80.54240741,68.09226804,0.438,0.535,0.2800501,0.07832,0.1614495,0.00904867,0.01035
v1535,2,94.72438564,95.52617021,90.55603448,90.20081633,94.5515625,92.60314815,93.154375,0.866,0.87,0.56166977,0.64988433,0.957716,0.59179167,0.7554865
v1536,1,95.3232629,95.90170213,90.2562069,94.74411111,95.61375,94.64537037,94.4690625,0.874,0.88,0.55932585,0.653391,0.966973,0.606208,0.8247915
v1537,2,92.93684104,74.06355556,89.10631579,91.69093333,91.07181818,94.22686275,95.15866667,0.846,0.87,0.52587874,0.64846767,0.962867,0.56990367,0.76025
v1538,3,88.99224655,73.41681818,79.18193548,73.59844156,76.78589744,74.90651163,64.18244444,0.44,0.54,0.24449346,0.08683133,0.1557415,0.00943033,0.0098045
v1539,4,89.252626,72.47234375,69.17071429,67.27011364,75.45021277,77.68234043,58.7339604,0.422,0.52,0.3066407,0.07759867,0.134155,0.00905433,0.0092655
v154,0,90.99740328,78.70862745,73.86464286,73.65,84.78675,77.10135135,80.74822917,0.578,0.65,0.30446061,0.274269,0.4111625,0.02642633,0.0298715
v1540,1,93.98778934,86.682,89.03527273,85.39694118,91.18725,94.80163265,83.38575342,0.804,0.845,0.45274755,0.60595733,0.8952955,0.407783,0.479541
v1541,1,91.44730339,81.36735849,83.52925926,69.58901099,81.96818182,87.55882353,69.6127451,0.612,0.685,0.1779576,0.229186,0.4636115,0.01938067,0.0300385
v1542,2,89.99292388,79.37725,80.272,76.73736842,78.33568182,82.14098039,67.53254902,0.414,0.5175,0.31046578,0.07489167,0.1211615,0.009079,0.009036
v1543,3,90.16307755,75.671,73.56085714,68.10153846,77.49975,78.27931034,69.69189474,0.49,0.5575,0.23896017,0.10784133,0.193289,0.01004467,0.0101235
v1544,2,88.11043155,70.70705882,68.36255814,56.79017857,79.01860465,71.1336,67.48487805,0.384,0.4925,0.21177497,0.070005,0.114337,0.008925,0.0088435
v1545,2,92.99631214,88.62340909,91.13543478,82.10253333,87.45,88.44735294,79.84021739,0.778,0.7825,0.42725543,0.598571,0.821979,0.412496,0.3477415
v1546,0,89.0703011,77.4095,70.94742857,70.21140351,82.066,84.81285714,65.99039604,0.534,0.63,0.2086186,0.073121,0.2640695,0.00987667,0.0140335
v1547,4,93.4047458,83.0378125,77.02728571,77.46333333,94.68604167,91.87717391,90.881,0.81,0.8525,0.49456771,0.6233,0.808145,0.48889467,0.425361
v1548,4,92.1492603,78.88359375,75.373,74.09215054,83.30625,80.89521739,76.49387755,0.558,0.6175,0.3236117,0.170849,0.300929,0.014421,0.015992
v1549,0,94.30737846,92.49,95.42717391,94.89382353,92.06309524,95.99243243,95.73487179,0.872,0.885,0.61214277,0.65076033,0.973584,0.589664,0.8804775
v155,4,92.63850254,81.28386364,89.61282609,83.80176471,88.2309375,81.93725,85.96373626,0.736,0.7625,0.2855183,0.57576567,0.838593,0.325549,0.361395
v1550,0,91.32556941,78.92042553,80.45172414,79.66479452,84.89489362,78.47911765,74.29596154,0.464,0.545,0.26327377,0.08463467,0.150064,0.009278,0.01008
v1551,2,92.81443618,80.93716667,77.13785714,83.6866129,91.96923077,86.69043478,84.09484536,0.63,0.6725,0.26146195,0.48396167,0.7409905,0.151067,0.1886085
v1552,2,94.21318428,93.04607843,85.79534884,95.95752941,96.79975,95.07816327,95.49148148,0.862,0.8825,0.44510325,0.651662,0.9790685,0.60653267,0.8854735
v1553,0,89.76948811,73.51659091,77.95793103,66.3325,82.76564103,76.48804348,80.95041667,0.398,0.495,0.32409348,0.073908,0.119695,0.00907233,0.009427
v1554,2,93.67551556,90.2296,91.93396825,91.91269841,95.34564103,91.14826087,94.34166667,0.86,0.8725,0.58228271,0.643467,0.959238,0.55069133,0.7602875
v1555,4,92.82641885,82.93295455,91.40434783,79.44157143,89.18744186,83.022,89.65788235,0.802,0.815,0.46527827,0.61273233,0.8678565,0.44266,0.43153
v1556,1,94.11813459,91.59733333,92.91716981,94.838,94.34638298,95.23735294,95.5745679,0.87,0.885,0.58057761,0.649888,0.9777315,0.584935,0.8734415
v1557,2,89.32605554,76.38411765,72.45375,62.56977273,83.18941176,82.18428571,71.34255319,0.534,0.6225,0.31575334,0.13815133,0.2486995,0.012212,0.0120155
v1558,2,91.44104816,71.14681818,81.84,75.53166667,86.38837209,80.9952,81.43352941,0.71,0.7475,0.3695833,0.46982833,0.657244,0.14862833,0.099661
v1559,0,92.93230973,77.82,86.80870968,85.34431034,92.06358974,92.69790698,86.45461538,0.812,0.855,0.4434047,0.637758,0.912526,0.515276,0.469843
v156,2,91.37671602,84.16972973,86.20983871,78.40935065,91.2203125,90.90259259,87.94111111,0.742,0.7725,0.40154116,0.52846133,0.8020025,0.237605,0.2419065
v1560,4,89.7404025,71.7616129,70.45185714,67.27404255,83.13102564,76.60326087,69.97528571,0.454,0.5475,0.33469459,0.07254967,0.128794,0.00904433,0.009181
v1561,4,91.06248631,84.17111111,82.10679245,73.99929412,82.72371429,77.19967742,67.18,0.536,0.6,0.33748677,0.12528633,0.242329,0.01104267,0.0132075
v1562,4,93.89401333,88.61795455,94.85390244,87.11853659,91.33840909,86.30696429,93.36764706,0.84,0.855,0.46574487,0.63303733,0.919016,0.528427,0.601655
v1563,4,91.1853879,82.18805556,85.9086,76.266,79.76282051,76.42139535,75.60878049,0.604,0.66,0.41358733,0.252542,0.473874,0.02345067,0.038147
v1564,4,88.44792065,69.471875,65.57071429,66.8241573,79.25028571,78.753,62.3296,0.444,0.54,0.29976837,0.083061,0.1583405,0.009418,0.0095515
v1565,3,93.26791051,78.31925,74.02542857,83.09388889,94.166,96.18408163,79.21638298,0.824,0.8725,0.5263743,0.60593533,0.8036255,0.44541333,0.2399165
v1566,2,89.41662634,79.08361702,75.69655172,78.59811765,78.64909091,78.41294118,69.37186441,0.434,0.5275,0.17791763,0.05537767,0.2213555,0.00884,0.011334
v1567,0,88.78527851,58.98977778,69.60491228,70.07970588,78.42675676,78.69222222,68.70228261,0.402,0.51,0.27073203,0.07035733,0.121222,0.008933,0.008968
v1568,4,91.28312244,78.81361702,77.51362069,81.61180328,82.71742857,79.65116667,74.4772,0.508,0.5925,0.27149479,0.147751,0.2823005,0.01177167,0.0151265
v1569,3,89.12136659,81.17488889,80.39534483,72.83458824,77.2874359,75.24764706,77.07268293,0.534,0.5925,0.2178613,0.129568,0.2541745,0.011666,0.015798
v157,4,87.94121053,72.76482143,73.84219512,57.17466667,80.48361702,77.78647059,68.79957447,0.444,0.5425,0.14624082,0.077429,0.140763,0.00901533,0.00942
v1570,3,94.31702906,91.88266667,87.65396226,94.77148649,95.89307692,93.88956522,95.87734043,0.862,0.885,0.57371213,0.65274267,0.971862,0.60537033,0.84635
v1571,1,91.68836493,79.989,84.77698113,77.39111111,83.0478125,83.24833333,72.83267442,0.6,0.67,0.29450733,0.231058,0.422668,0.01990067,0.028258
v1572,2,87.98113063,63.30111111,71.24035088,62.74659341,71.55289474,73.83232143,61.42347826,0.382,0.49,0.16844939,0.06554767,0.1082635,0.00882633,0.008503
v1573,1,92.14522075,85.45604167,84.95115385,86.32349398,89.02375,83.79302326,86.07643564,0.76,0.785,0.49036745,0.58315933,0.8550815,0.35818767,0.3920785
v1574,1,93.36688777,85.07755556,91.60070175,81.23113208,92.77475,91.83326531,92.30036585,0.836,0.8575,0.52214229,0.645515,0.929831,0.55757233,0.6147015
v1575,2,91.03061229,82.69081081,87.39112903,68.07355932,87.336,84.30233333,70.75074074,0.744,0.765,0.41016852,0.507685,0.735148,0.20355533,0.216496
v1576,3,92.69774724,88.02641509,87.38462963,87.05472973,87.38113636,91.42333333,85.81038462,0.824,0.8625,0.39297145,0.63489467,0.926718,0.50766267,0.521328
v1577,3,88.09785196,73.07404255,77.57741379,63.5516129,83.519375,77.82555556,71.47882979,0.41,0.5175,0.28752466,0.10860967,0.175523,0.01053167,0.0096245
v1578,2,94.13520595,95.07416667,92.78076923,89.91493333,95.77468085,96.23088235,96.67363636,0.876,0.8925,0.59332956,0.654651,0.974874,0.61187333,0.8581175
v1579,2,93.36865192,90.98108108,91.68870968,86.7745,91.9459375,93.75175,90.815125,0.868,0.89,0.61615671,0.64760333,0.957279,0.58045767,0.727763
v158,4,86.66026888,73.8633871,71.21457143,68.88851852,86.35191489,81.71377778,84.60179487,0.546,0.61,0.14815019,0.21792567,0.3662395,0.016446,0.022774
v1580,1,88.95470907,63.17212766,74.6447619,60.93295455,82.76051282,77.9926087,72.4075,0.496,0.595,0.27136013,0.10524467,0.183221,0.01020333,0.010168
v1581,2,93.69556279,86.07318182,93.14451613,86.69480519,95.702,96.26673469,94.90177419,0.868,0.895,0.61510541,0.650954,0.9641735,0.59665367,0.772334
v1582,1,90.19063912,73.2415,78.67534884,72.55546667,77.56765957,71.73644444,77.88943182,0.46,0.55,0.28820395,0.11086733,0.217413,0.01011467,0.0120755
v1583,0,93.68698868,89.65409091,90.91870968,88.91595238,93.95051282,90.625,92.39285714,0.814,0.83,0.45894252,0.61906467,0.907306,0.48154967,0.584295
v1584,1,89.18208858,78.97113208,75.73444444,73.23333333,81.24216216,81.29759259,69.86350515,0.476,0.565,0.3284018,0.09318167,0.151058,0.009691,0.010299
v1585,0,89.91308036,80.24145833,79.89961538,75.48862069,78.5765625,81.32074074,71.14589744,0.486,0.5775,0.22243842,0.09160967,0.176467,0.009598,0.010977
v1586,1,92.16909514,89.19044444,90.19157895,86.81172414,85.58534884,81.4798,89.01571429,0.772,0.7875,0.42985133,0.572783,0.8023515,0.36934,0.2883965
v1587,3,92.94185486,81.94803922,73.19813953,83.9453012,94.437,95.21673469,86.78943182,0.822,0.875,0.49328202,0.634426,0.89558,0.53485333,0.492064
v1588,2,93.34587036,78.21425532,91.44619048,91.25388889,95.68361702,93.21044444,94.5815625,0.866,0.895,0.59906452,0.65318733,0.9558555,0.60244367,0.7337605
v1589,2,94.1296624,84.96,93.00112903,87.28337662,96.0925,96.6855102,94.62191176,0.86,0.885,0.60684615,0.64665833,0.949211,0.58439067,0.716488
v159,4,89.29167548,79.35892857,78.75487805,68.00586957,82.15428571,79.44316667,67.59631579,0.472,0.5475,0.32006073,0.084555,0.149805,0.00916267,0.0096215
v1590,0,91.30798423,70.65866667,82.95017544,74.90211111,85.33073171,78.20166667,78.40705882,0.724,0.7625,0.40844423,0.498935,0.7009355,0.176071,0.1147445
v1591,3,92.25785422,80.02155556,75.71607143,80.2753125,87.8125,84.14135135,77.63333333,0.698,0.7425,0.3840642,0.50422933,0.6702285,0.17336333,0.096124
v1592,1,88.06794882,67.93857143,71.46487805,62.17804348,76.28702703,75.4262963,58.71882353,0.402,0.515,0.15779619,0.041284,0.1492495,0.00834233,0.00913
v1593,1,89.71795827,71.6075,71.9304878,59.82376471,74.67405405,77.13826087,75.35972603,0.426,0.53,0.32610651,0.090189,0.158819,0.009439,0.0099745
v1594,2,92.82882662,67.23319149,85.2752381,83.84739726,95.5225,94.04595745,92.90878788,0.844,0.8825,0.53756452,0.641325,0.8925075,0.55910567,0.531212
v1595,0,89.815802,77.6088,71.94876923,70.46017544,83.56285714,75.27017241,74.75040816,0.45,0.54,0.22706172,0.10876233,0.1926325,0.01024433,0.0104135
v1596,0,93.73941284,91.23045455,94.49645161,91.5522973,93.53235294,95.16040816,94.60365079,0.872,0.885,0.62221656,0.65343733,0.973843,0.60246767,0.8227115
v1597,3,89.13595796,59.02688889,74.90403509,61.96229167,84.66,72.37813953,77.3362766,0.422,0.515,0.24270443,0.08221,0.1419985,0.0094,0.009574
v1598,1,91.3679804,80.38305556,83.41288889,72.09162162,81.05212121,79.52803922,76.34968421,0.526,0.61,0.30223241,0.18266167,0.3037775,0.014045,0.0156685
v1599,0,92.6251898,83.75272727,90.31413043,84.81428571,90.675,90.35960784,87.0443038,0.802,0.835,0.53179829,0.62267833,0.877078,0.480255,0.4257105
v16,2,92.81775331,80.768,78.38981132,76.4845,84.31702128,83.8412766,86.98552632,0.792,0.8375,0.55601853,0.61367733,0.8728555,0.443314,0.387817
v160,4,89.37729306,74.87107143,76.93341463,67.09404494,80.82914286,77.74633333,65.11723404,0.434,0.5225,0.16516363,0.09108967,0.167186,0.009343,0.0098505
v1600,3,94.23938178,95.40653846,93.43393939,92.31547945,95.65212766,95.65147059,97.43365854,0.878,0.8975,0.56642794,0.65657967,0.9824055,0.6195,0.906772
v1601,3,89.85894278,74.07518519,77.12918919,68.17046875,77.5028,72.37456522,73.55166667,0.418,0.5075,0.29603971,0.04100367,0.149498,0.00832433,0.00983
v1602,2,94.10494154,89.10297297,94.7971875,92.05,95.661,96.1655102,94.70742424,0.87,0.8925,0.60190507,0.65165967,0.970396,0.597078,0.820365
v1603,3,90.7088334,73.77703125,71.83428571,75.41857143,85.1590625,80.71092593,79.80954545,0.612,0.6775,0.27967573,0.40467,0.5952305,0.074068,0.0616665
v1604,2,90.30396931,78.87319149,77.92206897,73.02425532,82.48106383,76.83955556,71.57238095,0.474,0.5625,0.29632742,0.10401633,0.17856,0.01007667,0.010446
v1605,4,89.06356916,72.9796875,67.397,70.95802198,74.94068182,71.36607143,68.49288889,0.39,0.495,0.18884974,0.06671267,0.1166095,0.00884633,0.008789
v1606,3,94.38679516,90.55444444,93.52526316,90.06704545,93.41489362,90.82957447,92.36893204,0.856,0.8775,0.65327935,0.642677,0.937065,0.57171767,0.710287
v1607,4,92.16315541,79.55617021,80.33517241,77.07,86.24,81.43933333,80.82,0.67,0.72,0.35591477,0.374516,0.5435915,0.05967367,0.0541505
v1608,0,91.50611202,78.31545455,86.47978261,78.43547619,84.69276596,83.02382353,78.74625,0.678,0.7125,0.40128976,0.42236767,0.5498705,0.09449067,0.05281
v1609,3,90.63937792,74.32075,80.40046512,71.30474359,83.0,79.42843137,72.02783505,0.548,0.63,0.32097181,0.188311,0.3468945,0.01444733,0.0171695
v161,0,88.71299104,77.68535714,78.51707317,62.69292135,80.30314286,77.23366667,66.19465909,0.448,0.5425,0.3086823,0.08292667,0.1659815,0.009014,0.010231
v1610,4,92.840606,85.215625,84.388,82.75977273,88.90261905,84.3922449,82.70489362,0.754,0.7725,0.48984455,0.44616667,0.632924,0.133811,0.096292
v1611,4,89.97755936,76.13133333,72.67428571,79.06891892,71.3172,75.89391304,67.55790698,0.478,0.5625,0.42254373,0.081477,0.147948,0.00935167,0.0097915
v1612,4,91.38408357,78.98931818,74.264,80.1737037,86.59534884,79.854,76.18913043,0.654,0.7025,0.47021825,0.23379467,0.386298,0.02261967,0.0259465
v1613,0,87.75219691,69.31642857,70.05512195,60.765,72.2627027,77.18944444,63.24747475,0.402,0.5025,0.38367592,0.069792,0.1181645,0.00891233,0.0092715
v1614,3,93.77200688,87.64916667,88.9075,92.47534884,94.78212766,93.39666667,96.40731707,0.842,0.87,0.41848878,0.64989133,0.9709885,0.594921,0.8311605
v1615,3,90.03206526,68.848,77.31566038,75.71768293,78.83659091,77.84785714,77.28893333,0.434,0.535,0.11466484,0.04782833,0.14532,0.00866767,0.0105645
v1616,4,92.38198541,79.72818182,89.01512195,71.13954128,86.84171429,83.40083333,76.5854717,0.748,0.7775,0.36594756,0.55910867,0.756516,0.267728,0.1609885
v1617,3,92.84482241,83.29538462,89.68456522,74.23023256,89.7409375,88.47,89.19988235,0.798,0.825,0.46540215,0.62726033,0.884441,0.48312833,0.4329565
v1618,2,91.44431112,79.54382979,80.08293103,78.96623529,88.21457143,84.72383333,74.16137931,0.608,0.67,0.34895792,0.20166167,0.4134755,0.01677667,0.0269925
v1619,1,89.46753291,72.815,67.62742857,65.11396226,78.97181818,77.72092593,62.98488372,0.412,0.5125,0.35529481,0.07265433,0.1269885,0.00901033,0.008846
v162,1,92.39869184,83.3575,91.91456522,86.886875,88.48104167,85.83135135,89.42338235,0.782,0.7875,0.40997453,0.569942,0.8784825,0.292261,0.4450725
v1620,3,93.37606048,85.10979167,87.91038462,80.3024,91.18510638,91.86176471,85.57597701,0.818,0.8475,0.49539497,0.62272967,0.9120965,0.45984933,0.486802
v1621,4,93.39731653,93.35711111,89.10339623,95.08136364,96.1335,96.40857143,93.11539474,0.882,0.9,0.60155819,0.65754633,0.9841615,0.621478,0.898501
v1622,2,92.79416124,83.2975,92.39967742,86.78675325,92.24852941,92.63102041,92.04089552,0.838,0.855,0.57909754,0.64796567,0.955653,0.57307867,0.7027975
v1623,3,92.64615825,89.84461538,89.50818182,81.78863014,86.465,85.28206897,90.53396226,0.814,0.835,0.52853582,0.64336533,0.950339,0.54638567,0.649279
v1624,3,91.41670157,77.00690476,84.47730159,76.85376344,87.37,83.75282609,82.24011364,0.668,0.74,0.34238768,0.397511,0.5646215,0.07908033,0.0661185
v1625,4,92.7089853,80.11525,85.13465116,77.3848913,85.06135135,84.29847826,81.923375,0.708,0.755,0.35924581,0.516872,0.684459,0.20498,0.133867
v1626,4,88.92294965,75.06311111,81.25465517,66.33906977,77.5,74.32979592,70.45893617,0.418,0.5125,0.39568031,0.07364367,0.135088,0.00905633,0.0096335
v1627,0,93.89262556,93.17229167,91.20269231,90.7232,95.07042553,95.04794118,95.17340659,0.862,0.8825,0.54465124,0.65280333,0.9724005,0.59757833,0.820135
v1628,3,91.52314938,79.88466667,88.13280702,73.74735849,81.7065,82.52102041,73.17071429,0.74,0.7475,0.4391492,0.574404,0.742057,0.314441,0.1291145
v1629,2,94.88874082,95.14525,95.05436364,95.20722222,96.91375,97.17387755,96.28133333,0.886,0.905,0.61550605,0.655779,0.9805195,0.62089333,0.905939
v163,0,92.2027377,89.57732143,89.53487805,79.12196721,75.854375,78.93418605,71.12435484,0.716,0.695,0.36247383,0.52116467,0.7317665,0.19239233,0.137773
v1630,4,92.41775428,80.61875,75.58114286,76.93946667,89.62282051,85.54152174,84.70566265,0.736,0.7775,0.44491926,0.54069167,0.7406335,0.257888,0.1738795
v1631,2,90.81087649,78.32603774,81.19925926,71.3872,86.71446809,85.60288889,78.09169811,0.582,0.6875,0.40850602,0.16955333,0.2845565,0.014241,0.0153905
v1632,0,88.96009135,76.48340426,74.65310345,71.89426966,79.78625,78.02518519,65.22319149,0.392,0.5,0.27912329,0.06702433,0.1161695,0.00885267,0.0088685
v1633,0,94.1723415,95.15083333,93.01461538,95.14724638,95.65531915,93.71466667,96.14808511,0.886,0.895,0.61043037,0.656782,0.9810785,0.61983,0.890535
v1634,0,92.6881638,77.866,87.81350877,82.95795455,88.21978723,88.27638298,78.64270833,0.816,0.8425,0.60243938,0.61049567,0.849524,0.45085867,0.3240755
v1635,3,93.61967387,93.26404255,87.32982759,92.11522222,95.1459375,94.06518519,91.34366667,0.828,0.85,0.3748499,0.63584733,0.937301,0.53271833,0.697444
v1636,4,89.53398492,71.11822222,73.71964912,69.34217391,78.35594595,78.47777778,73.78903226,0.452,0.545,0.35762004,0.08874267,0.1687425,0.00943333,0.0102495
v1637,1,91.14264014,79.42688889,77.99912281,70.46777778,79.98727273,78.70321429,74.38494253,0.578,0.6325,0.26565408,0.23232633,0.3686945,0.02015,0.018764
v1638,4,90.45255401,70.50613636,82.17268293,72.84292135,74.64431818,75.03482143,70.10791667,0.57,0.635,0.19917979,0.33256133,0.458321,0.03644767,0.028175
v1639,0,90.17030242,77.2022,74.05907692,71.49517241,84.92191489,80.28177778,75.9016092,0.456,0.555,0.27034852,0.11371467,0.201157,0.01029167,0.011381
v164,1,92.1531796,81.39540541,88.9171875,81.146125,88.20914286,88.27872727,83.78177778,0.644,0.6875,0.46225557,0.394394,0.610835,0.081277,0.0851485
v1640,2,91.48592827,80.52611111,86.5736,69.23866667,85.70125,84.61275,73.55954545,0.612,0.6775,0.36921216,0.17536733,0.3829015,0.014341,0.021193
v1641,2,93.25908124,92.07307692,90.4669697,83.50547945,90.9475,91.96344828,90.35704082,0.844,0.8625,0.48113653,0.64366333,0.94935,0.55618667,0.654479
v1642,1,89.8315723,68.85219512,77.99137255,66.86520833,76.02108108,74.63195652,70.12025641,0.464,0.5575,0.30086138,0.09278633,0.176574,0.009663,0.010249
v1643,1,91.6211487,84.41679245,82.76,78.61885057,83.5759375,81.21046512,74.89020833,0.61,0.675,0.29805716,0.323711,0.571186,0.03641,0.0536245
v1644,4,88.6665915,70.5503125,66.964,64.49298246,74.72621622,73.21981132,63.29032609,0.414,0.51,0.23838533,0.08163133,0.1508535,0.009389,0.009419
v1645,3,89.94328062,73.64212766,77.06603448,78.83362319,78.90636364,82.82823529,72.05590909,0.474,0.5675,0.24303641,0.09188333,0.165161,0.00960467,0.010097
v1646,3,92.15961163,80.96325,84.92651163,77.67191011,86.68545455,83.03518519,79.55477273,0.624,0.6775,0.25440902,0.34643833,0.5257245,0.04366967,0.0441385
v1647,4,89.46117505,69.1805,68.78771429,71.24808219,81.35052632,78.97178571,78.39476744,0.588,0.6925,0.50864473,0.15804467,0.3882325,0.013671,0.0281555
v1648,3,89.00555399,77.26177778,73.02,67.02968421,74.28529412,73.93111111,57.01294118,0.4,0.5075,0.18353029,0.08729767,0.158433,0.00944133,0.0096665
v1649,4,94.81090074,94.88875,94.15454545,94.88577778,96.6825,97.14489796,96.08521127,0.886,0.905,0.60661279,0.656004,0.979073,0.62016667,0.8972405
v165,0,93.93029484,86.68555556,92.47666667,86.94656716,88.80447368,91.08017857,81.00448718,0.826,0.8425,0.58017379,0.58471333,0.822187,0.336985,0.344049
v1650,0,91.74578208,79.73403846,81.70787879,73.36466667,85.21606061,83.20092593,78.31659341,0.606,0.6675,0.40895436,0.208194,0.3930765,0.01763767,0.023823
v1651,0,94.45786299,93.696,93.70418182,95.77433735,93.96882353,96.03632653,94.68901408,0.87,0.885,0.59005968,0.650961,0.9705025,0.598835,0.847361
v1652,2,88.64432497,71.09640625,68.44185714,64.01741379,69.34957447,73.38978723,57.979,0.398,0.5025,0.3645616,0.06887567,0.119625,0.00893867,0.0088685
v1653,0,93.48464228,76.99659574,89.16904762,90.09153846,95.45574468,92.94088889,95.44020833,0.848,0.88,0.57550098,0.648087,0.940373,0.58513867,0.672557
v1654,4,88.19643375,71.4644,79.334375,66.83042553,70.73808511,73.93170213,55.35940594,0.384,0.4975,0.18376626,0.070924,0.1236095,0.00897,0.008657
v1655,2,93.78114274,84.82272727,93.83258065,89.61721519,96.09975,96.68285714,93.23923077,0.874,0.8975,0.59384525,0.65327633,0.9671025,0.60504733,0.7988415
v1656,4,89.48782139,72.55806452,71.899,78.12671053,74.74363636,79.22705882,66.53043478,0.428,0.53,0.35237565,0.074203,0.1296845,0.009112,0.0093325
v1657,2,92.49890832,85.9076,82.962,82.76634615,88.9202381,83.97734694,88.6025,0.788,0.8175,0.37748548,0.59781433,0.849173,0.38224567,0.3662845
v1658,4,90.68604722,78.80388889,77.65567568,80.60829268,79.44893617,75.73957447,74.85386364,0.454,0.5425,0.37616764,0.08808267,0.1691305,0.00943767,0.0106665
v1659,4,92.71916192,82.77867925,84.96388889,75.2578481,93.76425,94.66795918,87.52424242,0.768,0.8425,0.50812043,0.58822533,0.854936,0.39220867,0.4577725
v166,3,90.6767109,78.405,84.36244444,74.66770492,86.84717949,76.98673913,81.59244444,0.47,0.56,0.32678924,0.094583,0.174511,0.00971767,0.0112105
v1660,3,90.51438409,81.274,75.83246154,83.22133333,78.39808511,79.38765957,70.12020408,0.486,0.5675,0.34473592,0.119989,0.169503,0.010442,0.010571
v1661,3,93.98374619,83.41854167,90.69576923,85.64861111,96.51878788,95.8845098,94.86533981,0.848,0.8875,0.48030025,0.65155867,0.9413925,0.59294467,0.678428
v1662,4,90.05797902,71.26914894,80.20111111,70.80566265,79.43045455,82.59039216,77.247875,0.542,0.6275,0.22900025,0.10560267,0.2311535,0.01013967,0.0119375
v1663,0,91.71559284,67.372,78.33,63.54766667,92.529,95.16489796,83.48032258,0.75,0.875,0.46437165,0.55046067,0.7739275,0.288568,0.393371
v1664,1,89.91916734,72.26419355,70.83128571,73.35,80.12076923,75.61630435,80.05318841,0.43,0.5225,0.2990168,0.08047233,0.1521405,0.00920633,0.009984
v1665,4,90.29948384,69.29410256,80.60652174,73.02228916,81.80142857,76.07322581,76.38785714,0.572,0.6375,0.26589046,0.168848,0.304178,0.013693,0.016134
v1666,2,91.04751467,79.10925,79.24,73.66613208,83.25914894,81.05553191,77.28988095,0.616,0.6725,0.43029558,0.25309967,0.429027,0.025102,0.0285025
v1667,0,92.4508922,79.02433962,84.94351852,84.04534247,90.26021277,90.94470588,81.40722222,0.738,0.785,0.47150694,0.46772667,0.704075,0.151375,0.1654645
v1668,0,92.95599436,84.3486,83.068,81.01364865,92.57976744,86.2992,90.05184783,0.792,0.8225,0.40647328,0.61096167,0.862294,0.42771367,0.4380475
v1669,3,89.80374515,72.2588,76.28238095,63.30508197,74.089,75.98103448,71.59060976,0.428,0.53,0.51195602,0.07171333,0.124339,0.00909333,0.009417
v167,3,89.25301749,69.64090909,80.31804348,66.14048193,83.22820513,75.76217391,78.4045,0.422,0.515,0.38763886,0.07366,0.1270815,0.009082,0.009509
v1670,4,93.77534629,87.91264151,89.36518519,87.92041096,93.96489362,91.77222222,92.92456522,0.838,0.865,0.48926018,0.64134967,0.9510055,0.55046067,0.7210775
v1671,3,90.44895613,77.6290566,79.12425926,76.95547945,82.56514286,73.79413793,76.09866667,0.474,0.5625,0.18228792,0.116586,0.2223415,0.010428,0.012127
v1672,2,89.12511062,69.03522727,77.32290323,57.38928571,78.9902381,75.34795918,72.20040404,0.4,0.5,0.10391246,0.03864167,0.140033,0.00828167,0.0092935
v1673,1,89.21513289,58.43191489,75.60333333,67.8954878,77.90978723,75.06675676,70.96821053,0.396,0.4975,0.29874756,0.06744,0.1127955,0.00884233,0.00884
v1674,1,93.80725626,81.41772727,88.18065217,91.99521739,95.321,96.48816327,89.14066667,0.86,0.89,0.5936545,0.64623067,0.9473715,0.57791167,0.7333635
v1675,1,89.49996545,69.1906383,75.58238095,70.85315068,79.9375,76.13325581,79.20466667,0.426,0.525,0.23902098,0.09151167,0.16271,0.00952333,0.0100545
v1676,0,92.93916171,79.84096154,84.62393939,85.0952,94.25170213,93.68441176,95.62431818,0.81,0.8575,0.47152807,0.639609,0.9299135,0.53618733,0.6009535
v1677,0,89.40592154,74.37722222,82.95266667,62.55189189,84.32358974,74.18782609,74.927,0.402,0.505,0.33742952,0.06539567,0.109648,0.00887067,0.008976
v1678,0,94.57297573,90.3125,92.958,89.08784946,96.1955,97.0255102,89.87386667,0.87,0.8975,0.57687501,0.64808,0.9526015,0.590378,0.7474085
v1679,4,91.04180952,71.32863636,83.38032258,68.79693333,83.60531915,80.63377778,76.66344444,0.672,0.72,0.37629782,0.39220267,0.6005435,0.07231533,0.0619085
v168,0,90.92923387,82.71981132,83.785,79.37597222,81.43976744,74.9202,73.76340909,0.624,0.665,0.3316005,0.46229967,0.6323495,0.11093767,0.092306
v1680,0,91.34121404,81.58125,89.95093023,68.38876404,81.70945946,82.56259259,75.86234568,0.728,0.75,0.34131293,0.50095167,0.674568,0.164277,0.0835985
v1681,1,89.81951175,69.94777778,74.39421053,64.49159091,78.56571429,70.02,72.603,0.428,0.5225,0.24410152,0.08493733,0.163602,0.00934167,0.0095925
v1682,2,92.45126569,72.44755556,83.08684211,72.59139785,87.67488372,90.76741379,80.7845,0.784,0.8325,0.3915238,0.56243033,0.6906735,0.30775033,0.12716
v1683,0,93.14314978,85.5545,91.61023256,88.76805195,85.40785714,89.75432432,79.43814815,0.808,0.8275,0.49339227,0.57872733,0.831355,0.34881,0.3713835
v1684,2,88.65220094,73.34648148,76.36459459,58.7414876,78.549375,72.79325,64.60534247,0.394,0.495,0.24929822,0.067086,0.1123035,0.00887267,0.0087805
v1685,1,90.18196862,73.50958333,81.48692308,71.92853333,82.4003125,79.74651163,68.16287129,0.552,0.64,0.27185,0.224175,0.3972,0.01784867,0.0229905
v1686,3,89.6751027,73.35033333,70.79314286,64.22672131,80.15276596,76.08513514,74.59421687,0.45,0.5375,0.25529408,0.10150833,0.1799045,0.010245,0.0105805
v1687,4,93.48292604,93.38909091,90.92467742,93.34530303,91.67116279,87.8826,91.8147191,0.86,0.87,0.60112657,0.64470333,0.937313,0.57356133,0.6828545
v1688,0,94.21063482,94.59125,91.99153846,95.35657143,95.59148936,96.02029412,96.43093023,0.87,0.8875,0.58612781,0.652299,0.9652725,0.60394267,0.8322115
v1689,4,93.32856941,80.45733333,91.40947368,78.95660377,91.62511628,88.305,89.26658824,0.828,0.84,0.53616256,0.62399367,0.8890805,0.49543,0.4693885
v169,2,90.83883961,85.88621622,86.13806452,80.4728866,88.93166667,86.42607843,79.57184783,0.724,0.76,0.38025553,0.52070033,0.736742,0.22478567,0.172672
v1690,3,93.09188482,88.8925,88.44228571,89.9316129,85.65363636,90.49058824,84.23653061,0.798,0.8275,0.40894363,0.60864667,0.916357,0.42919067,0.5363365
v1691,4,91.48566229,75.26636364,84.09983871,78.75342105,87.54302326,80.5048,83.56880952,0.686,0.73,0.46367151,0.374508,0.552639,0.06844367,0.0620705
v1692,2,94.34104909,95.03416667,92.41788462,94.85946667,96.2012766,96.85558824,96.82918367,0.884,0.9,0.57753891,0.65696133,0.9826785,0.619799,0.9034715
v1693,1,93.76248315,93.63729167,90.96576923,91.62053333,95.36510638,95.91264706,95.86433333,0.87,0.89,0.5652054,0.654623,0.976349,0.60304367,0.8549205
v1694,2,92.26376623,79.0472,87.59714286,77.77634921,88.04,83.8473913,85.19088889,0.786,0.82,0.50848221,0.60958767,0.8619115,0.426228,0.3598745
v1695,0,93.99523509,89.14363636,93.79870968,86.52886076,93.24176471,95.02714286,94.22088235,0.856,0.8725,0.60395604,0.64638167,0.9603105,0.577243,0.7500935
v1696,3,90.6531971,77.1716,72.68276923,75.655625,82.78282051,76.46217391,80.12159574,0.452,0.55,0.18238186,0.11383033,0.2082695,0.01004333,0.0114985
v1697,2,90.47605628,74.52283019,77.55574074,71.28684932,74.75081081,77.785,73.15883117,0.452,0.55,0.29174641,0.09108167,0.179664,0.00956,0.0103455
v1698,2,90.07231899,71.08958333,80.23057692,70.4808,81.83851064,83.85235294,70.01333333,0.506,0.5975,0.32169134,0.090182,0.1669825,0.009617,0.010537
v1699,3,90.05863409,74.66790323,70.986,68.93207547,84.25553191,80.13622222,72.37857143,0.466,0.57,0.41015657,0.07959667,0.1375145,0.00928267,0.009527
v17,3,93.46342175,86.548,89.03490909,77.30723684,93.52941176,94.05166667,92.50086022,0.816,0.8675,0.4922428,0.629187,0.914235,0.515264,0.5993215
v170,1,89.05362725,73.553,80.34454545,72.4,79.36276596,74.24351351,64.30178571,0.394,0.515,0.20353345,0.08599033,0.1455805,0.00934833,0.0094405
v1700,2,89.5604111,67.99564103,78.79956522,63.245625,83.84615385,73.27478261,74.5,0.418,0.52,0.29592389,0.07203233,0.126723,0.00900933,0.0091065
v1701,1,92.06550864,76.76116667,73.80928571,89.009,81.2775,83.48686275,85.67580247,0.662,0.715,0.38198383,0.44910667,0.703247,0.10502567,0.134797
v1702,1,94.31083503,89.50725,91.40709091,89.40290323,96.25925,97.00897959,94.17514286,0.868,0.9,0.58624976,0.651707,0.965751,0.597286,0.7957515
v1703,2,94.18767303,91.06325,92.65727273,87.56272727,96.42375,96.37265306,95.83935484,0.868,0.8925,0.61666666,0.64799833,0.95202,0.58955367,0.7593515
v1704,3,90.93231442,82.18266667,87.37280702,76.86852941,77.74680851,80.52085106,61.58505495,0.698,0.7275,0.46796295,0.480953,0.637875,0.154858,0.1233025
v1705,1,92.36076503,90.94361111,93.65311111,74.66463158,88.76342105,84.99392857,84.24196078,0.804,0.83,0.48159494,0.617253,0.845252,0.469568,0.322365
v1706,4,90.60974406,75.33361702,75.76637931,80.86242424,78.85228571,74.07365385,72.31934783,0.474,0.5675,0.29364045,0.176212,0.26352,0.0133,0.0135865
v1707,4,94.7053198,87.58791667,91.5125,94.67931507,96.07978723,93.79577778,96.19988095,0.86,0.8775,0.6206125,0.64758133,0.9506445,0.59299867,0.7820965
v1708,1,90.3734787,76.31068182,80.10354839,64.46783505,76.0,71.64,70.79898148,0.416,0.5125,0.16465299,0.086,0.161885,0.009376,0.00963
v1709,2,91.48363061,73.35863636,82.78967742,83.60661765,82.52459459,83.19608696,81.74344444,0.632,0.7,0.48211555,0.286237,0.444601,0.03100233,0.037948
v171,3,91.76003852,84.75333333,89.75733333,76.04160494,88.73463415,82.35816667,86.02505155,0.726,0.785,0.36708136,0.51561367,0.6999855,0.22657167,0.202345
v1710,3,89.03250407,63.54191489,77.91888889,72.84955224,81.9721875,77.73225,62.436,0.392,0.4975,0.34367434,0.069251,0.114181,0.008874,0.008828
v1711,0,94.044747,93.07645833,90.10230769,87.90047619,94.78525,91.48891892,95.42833333,0.842,0.8625,0.5750556,0.64371567,0.959122,0.577426,0.7866085
v1712,0,91.74898915,78.97125,86.01038462,86.05029851,85.63925,85.7137931,85.57714286,0.708,0.7575,0.45918561,0.39734667,0.6776825,0.088063,0.14478
v1713,3,91.72630484,81.50177778,85.23068966,80.65265625,84.72972973,75.72888889,77.95229885,0.688,0.7325,0.34151464,0.462033,0.6650085,0.12140767,0.100269
v1714,0,88.52544565,67.99666667,77.21706897,61.3184127,78.5302381,73.90163265,67.66882979,0.392,0.5,0.27296153,0.06695467,0.1162715,0.00886367,0.009053
v1715,3,91.07550816,77.49044444,81.33,67.16473118,81.07875,78.15875,78.80586667,0.558,0.6325,0.32372569,0.21319567,0.348284,0.01662167,0.019854
v1716,0,93.36191572,84.07295455,92.74322581,84.06,95.53625,95.93346939,94.32737705,0.86,0.8875,0.59281655,0.64747733,0.9540365,0.581842,0.701081
v1717,2,91.22909333,78.54568182,86.0426087,70.77045977,78.3497619,81.41918919,70.92195652,0.668,0.7025,0.35593196,0.35741467,0.4796615,0.049737,0.0327795
v1718,1,91.70605577,74.93422222,84.81192982,76.08358491,87.9955,89.70122449,75.25930233,0.732,0.7825,0.54079501,0.39599167,0.5812515,0.08880267,0.069243
v1719,4,90.23015834,74.425,84.708125,63.82543689,83.279375,79.61478261,75.37285714,0.516,0.6175,0.25892098,0.12235767,0.1951045,0.011104,0.011007
v172,1,92.47441496,83.64903226,76.36571429,85.39204082,89.79,87.67934783,87.01782609,0.702,0.7525,0.42156957,0.46686333,0.6626425,0.15971,0.13687
v1720,0,90.35331923,75.94727273,81.71869565,75.38747253,77.13795455,83.50843137,68.18438095,0.556,0.6325,0.41605839,0.10976267,0.228839,0.010443,0.012335
v1721,2,89.33640876,70.55890625,67.29285714,71.28623377,81.91142857,80.37533333,63.58172043,0.412,0.505,0.36128356,0.07793667,0.1324945,0.00927633,0.0092255
v1722,3,94.816901,92.70513514,96.754375,95.81677778,96.9625,96.93367347,96.80067797,0.9,0.9125,0.64105818,0.65757067,0.98231,0.626283,0.8992145
v1723,3,90.17440558,77.97975,80.26854545,64.41846154,83.96108108,70.66111111,69.04890909,0.46,0.5525,0.22457744,0.11489,0.1977095,0.01054567,0.0109135
v1724,4,92.44753172,66.72583333,62.16382979,81.65771429,93.95106383,94.44058824,94.44833333,0.82,0.8625,0.52805064,0.63367067,0.901756,0.509668,0.4878685
v1725,4,90.28868565,78.17227273,83.05327586,78.32652174,83.84255319,78.23711111,78.32868687,0.45,0.525,0.09348884,0.05373233,0.1748735,0.00883033,0.010879
v1726,1,88.61915453,68.53888889,74.13421053,69.63419355,77.01513514,65.88944444,69.05795918,0.434,0.5475,0.29004077,0.12452033,0.2092235,0.01074133,0.011052
v1727,2,95.02621941,96.750625,93.89211538,97.4954321,97.14808511,97.42176471,98.18735632,0.894,0.9075,0.58902119,0.65645967,0.9752335,0.625173,0.9053395
v1728,2,89.92749495,67.53641026,78.20195652,68.47517241,78.14605263,76.0525,72.37795699,0.452,0.5425,0.19335692,0.08678633,0.184462,0.00936333,0.010569
v1729,3,93.32397035,86.77886364,88.69448276,86.32915789,89.12068182,93.87058824,85.85885417,0.808,0.8575,0.49323916,0.634385,0.89451,0.52918333,0.474308
v173,1,93.25185575,82.16613636,87.5066129,84.83674419,93.96153846,93.12829787,91.23197368,0.78,0.835,0.45932775,0.613725,0.8770065,0.47384867,0.4788655
v1730,1,90.29099814,71.04510638,78.42396552,61.19857143,83.20319149,80.85882353,73.29125,0.522,0.605,0.32986702,0.09892,0.169603,0.00999033,0.0106275
v1731,4,89.71487844,82.28916667,85.0046,72.88788732,75.7064,74.40543478,64.19313725,0.414,0.51,0.31546554,0.068703,0.118234,0.00894333,0.009033
v1732,1,91.91433028,78.54155556,85.51368421,75.79433333,84.71255814,89.29758621,76.84275,0.704,0.785,0.44001036,0.47570433,0.6982725,0.15823367,0.137255
v1733,4,89.55561289,75.44361702,76.59534483,71.87428571,82.55276596,76.14711111,72.40707865,0.412,0.5175,0.2977626,0.07101767,0.122274,0.008948,0.0092965
v1734,1,87.94295198,69.16444444,70.30350877,67.85141026,70.85340426,72.83957447,54.22464286,0.382,0.495,0.19893489,0.07398067,0.131569,0.00911333,0.009196
v1735,0,88.9589223,67.95295455,75.02177419,60.89829787,77.17925,71.59972973,65.96209302,0.432,0.5225,0.19665958,0.06224133,0.2382245,0.008984,0.010863
v1736,2,88.31864751,75.281,67.18892308,65.03094017,74.2127027,72.32169811,70.69227848,0.41,0.5025,0.22398114,0.086657,0.148798,0.0095,0.009567
v1737,3,88.30426263,70.2408,70.98936508,66.65422535,79.236,73.04112903,64.742,0.392,0.4975,0.20167831,0.07035333,0.116593,0.00888067,0.008886
v1738,0,89.59897635,71.43145833,77.27269231,73.14773333,79.13978723,78.02470588,68.18969072,0.408,0.5075,0.17407313,0.07609267,0.1386695,0.009072,0.009713
v1739,0,89.9963629,76.71777778,81.80351351,65.705,81.57473684,74.77464286,72.59390244,0.586,0.625,0.4717586,0.20862067,0.41422,0.01891867,0.021946
v174,3,94.22425722,92.62861111,95.472,87.69337349,96.80153846,96.42478261,96.25409091,0.864,0.89,0.56861212,0.645074,0.9391115,0.57925867,0.7224185
v1740,1,93.24068113,85.83355556,85.99526316,84.36786667,92.3803125,93.89361702,84.92095238,0.8,0.8525,0.54552838,0.58890233,0.851478,0.37906367,0.342151
v1741,0,90.48229528,78.05245283,79.30962963,67.46126437,81.04114286,79.94818182,72.60090909,0.492,0.5825,0.41093953,0.10845833,0.201678,0.010384,0.010959
v1742,4,91.32599511,80.77363636,88.10282609,74.07382353,81.54421053,80.00196429,73.30288889,0.646,0.6825,0.40086258,0.13371633,0.355907,0.011744,0.021195
v1743,1,89.66994337,60.08833333,77.80634921,70.472,77.84906977,76.585,71.49753247,0.406,0.515,0.20454418,0.07778833,0.1361345,0.00906733,0.009387
v1744,4,89.52848497,81.01111111,72.58377358,71.18,78.90958333,75.01826087,63.82057471,0.432,0.54,0.1968102,0.091877,0.1628215,0.009683,0.009998
v1745,3,94.11324567,94.448125,92.555,88.91373333,95.39340426,95.95764706,96.36590909,0.87,0.89,0.58821224,0.65370833,0.9701895,0.60648733,0.8272155
v1746,0,89.29310595,73.79264151,76.49055556,64.64119048,82.02555556,78.31607843,69.08186813,0.398,0.5,0.4012583,0.06795467,0.114299,0.00888567,0.0087775
v1747,0,93.66119767,89.89895833,90.4325,91.15973684,94.39,91.769,90.56303922,0.834,0.8575,0.42963342,0.63786133,0.955583,0.51662767,0.726291
v1748,2,91.12452108,73.24692308,78.91652174,70.27390244,77.86216216,79.83326087,75.46206349,0.604,0.67,0.32965559,0.28983167,0.515336,0.03228867,0.042756
v1749,3,91.27022967,76.72595745,79.13844828,65.5387234,83.67957447,81.58844444,76.14840909,0.584,0.6825,0.34169718,0.188051,0.388611,0.01512833,0.0247195
v175,3,94.40125661,91.93767857,89.56829268,94.41494118,96.68171429,95.195,96.14931034,0.85,0.88,0.59147823,0.65257567,0.9735025,0.603881,0.8579685
v1750,0,90.00226178,76.5809434,77.72111111,77.35571429,81.34405405,77.73685185,74.511,0.438,0.525,0.30793404,0.08906633,0.1522015,0.009505,0.009595
v1751,2,89.36907056,71.60274194,70.918,71.28336842,77.68068182,77.64627451,73.79820225,0.458,0.555,0.26999827,0.08049533,0.1436045,0.009302,0.00932
v1752,0,92.13122312,78.5204,87.290625,83.71055556,89.44697674,82.2958,81.5615534,0.688,0.74,0.32689279,0.536039,0.7019035,0.24537167,0.1193785
v1753,2,89.54613209,67.538,73.14280702,64.39597826,78.58421053,77.81839286,73.66479167,0.422,0.5225,0.26580214,0.072505,0.134421,0.00898533,0.009349
v1754,1,90.38672834,72.38487805,79.41117647,68.95649123,78.96166667,70.59877551,80.61264706,0.426,0.52,0.26758231,0.077433,0.135224,0.009152,0.0094405
v1755,0,93.51664343,78.13365854,87.56980392,83.74529412,91.93510638,91.16588235,89.83541667,0.792,0.835,0.471655,0.621657,0.88178,0.455189,0.428497
v1756,3,90.09778792,65.52044444,73.19877193,69.13069767,80.2673913,79.62676471,75.32583333,0.442,0.545,0.1452487,0.13799867,0.232355,0.01126467,0.0122055
v1757,1,89.6646378,79.17,81.70609756,62.35870968,78.66054054,79.84888889,65.68093023,0.554,0.6125,0.19879061,0.077354,0.242827,0.01021333,0.012232
v1758,2,91.8407965,82.20648649,86.11725806,75.40067568,89.04941176,88.85571429,82.09449438,0.702,0.7675,0.50492314,0.32007933,0.5971385,0.04511733,0.088343
v1759,0,91.32685708,76.27395833,81.81826923,80.27313433,84.21818182,81.10481481,77.84144444,0.532,0.61,0.26317382,0.13695133,0.281007,0.011366,0.015942
v176,1,93.72754185,94.02416667,93.70844444,94.79897059,96.18487179,95.90717391,95.17662921,0.864,0.89,0.54700908,0.654979,0.978471,0.609435,0.8774575
v1760,3,92.68313725,83.910625,86.93538462,82.086,91.56276596,91.55558824,87.36359551,0.766,0.84,0.4618101,0.62449833,0.8830765,0.49859167,0.4778295
v1761,1,92.51153053,82.77227273,86.8583871,74.29591837,87.43765957,87.59444444,84.56066667,0.724,0.7875,0.49906773,0.402411,0.5879825,0.089176,0.1056775
v1762,2,93.73167926,92.23979167,91.51826923,89.1704,95.29765957,95.43558824,94.72090909,0.868,0.8825,0.5514957,0.64968533,0.955547,0.58934333,0.7740455
v1763,2,95.0290232,96.61541667,93.82634615,97.63481481,97.2593617,97.51588235,98.09795455,0.896,0.91,0.60403498,0.65854967,0.986564,0.63075367,0.9364875
v1764,4,92.30417395,84.66727273,88.00804348,88.05586667,83.68075,86.36,75.86956044,0.786,0.7925,0.5052012,0.57139833,0.8161505,0.33274767,0.361302
v1765,3,91.3761694,81.17755556,87.72210526,73.19088889,85.08658537,76.51833333,77.86151163,0.712,0.735,0.39975572,0.43234167,0.621599,0.10573933,0.075794
v1766,4,92.52619192,82.29772727,87.48051724,79.47358974,87.44914894,85.46066667,78.31088889,0.722,0.77,0.46603666,0.51309833,0.7406985,0.19752267,0.1725005
v1767,3,92.4780233,87.83,89.53034483,85.30102564,88.73542857,87.95483333,75.90236842,0.798,0.82,0.40665978,0.58748633,0.8492505,0.342952,0.315366
v1768,3,89.63338749,76.97111111,72.53641509,66.605,79.54,79.45959184,63.59688172,0.428,0.53,0.24077189,0.076742,0.1435725,0.009036,0.0095095
v1769,4,88.23901152,63.098,70.92684211,64.81030928,75.42564103,75.66588235,63.41534247,0.384,0.495,0.2106935,0.06704867,0.111066,0.008857,0.008818
v177,4,93.16450368,87.5575,92.93688889,80.37072464,95.78871795,94.30413043,92.53416667,0.826,0.8675,0.50010725,0.60574033,0.8221185,0.459467,0.4616645
v1770,0,89.80712946,71.065625,66.551,64.79150943,84.98820513,81.12717391,68.48019802,0.516,0.6125,0.24827032,0.108175,0.193457,0.01047,0.0110295
v1771,3,90.9843397,77.3728125,76.424,75.72381443,84.46522727,81.69039216,79.034375,0.556,0.6375,0.22967498,0.153615,0.3284105,0.01263667,0.0176215
v1772,3,90.13421814,74.8206383,77.09413793,74.87426667,81.28589744,73.81173913,73.49104167,0.492,0.5775,0.18442773,0.215084,0.334089,0.01774633,0.0160045
v1773,2,89.6804925,75.61844444,72.46490566,59.43719512,80.90393939,76.63759259,63.84135417,0.39,0.4975,0.13505723,0.039498,0.1399025,0.00831133,0.0091695
v1774,0,89.38586466,74.08666667,75.92727273,65.02344086,82.76130435,79.69235294,76.38629032,0.458,0.56,0.20117752,0.06249867,0.2458535,0.009182,0.0128055
v1775,1,92.49796805,84.11837838,85.78887097,82.40464789,92.34942857,90.48980769,81.81140351,0.812,0.835,0.49488039,0.60681233,0.855556,0.42333933,0.303498
v1776,1,90.57886769,79.19433962,79.98907407,77.62529412,74.07564103,76.72137255,72.58287671,0.54,0.6175,0.28674353,0.18463867,0.311892,0.01428967,0.0167525
v1777,4,90.82429692,76.12241935,69.00942857,78.95347826,84.00680851,82.15888889,76.675,0.56,0.6375,0.36894794,0.15377467,0.269483,0.01283767,0.0155675
v1778,4,89.8680651,76.0595,79.19927273,63.53494505,77.65375,77.18183673,64.6632,0.434,0.5325,0.16949243,0.10103467,0.159915,0.00974033,0.0094135
v1779,2,93.98666396,91.91477273,91.79463415,93.68708333,92.36588235,94.26244898,85.30195122,0.844,0.8625,0.53689587,0.62037667,0.87581,0.499815,0.482925
v178,3,93.16167717,86.46488889,87.42637931,83.30341176,95.27974359,94.27630435,92.40195122,0.822,0.8675,0.51509998,0.61452533,0.8401885,0.47986733,0.4758995
v1780,1,88.83546102,67.66878049,76.93588235,72.73958904,79.68685714,76.09064516,65.86989899,0.398,0.5025,0.29339418,0.06775533,0.1118305,0.00887367,0.0091035
v1781,2,90.13318412,75.67943396,80.44944444,75.33681159,84.37314286,78.08806452,65.71304762,0.472,0.555,0.37474707,0.091246,0.169595,0.00961067,0.010463
v1782,0,94.44991913,95.39354167,93.35788462,95.56285714,93.98021277,93.44466667,94.17772727,0.874,0.8875,0.61788802,0.652312,0.9719555,0.60083133,0.86414
v1783,1,91.92296154,84.6122,80.84061538,80.25735294,85.66852941,89.10489796,79.25164179,0.748,0.7875,0.49960596,0.56941867,0.799056,0.29285433,0.230561
v1784,2,90.00127976,77.44422222,77.57056604,68.48244898,79.86851064,73.81405405,74.82101124,0.4,0.5,0.35408611,0.06944233,0.116847,0.008941,0.00909
v1785,3,90.2589246,77.7375,85.12744186,63.16854839,82.28404255,75.17133333,81.00353659,0.518,0.5925,0.26814597,0.10882667,0.2124605,0.01022267,0.011903
v1786,1,92.94593666,90.97972973,91.77258065,92.65046154,95.0746875,92.1972093,94.87214286,0.868,0.89,0.55877364,0.651802,0.9767015,0.59238,0.826907
v1787,4,90.19396897,77.204375,80.16865385,74.89226667,78.70404255,78.65617647,69.29923077,0.514,0.6175,0.36542781,0.177746,0.3581355,0.01425033,0.021804
v1788,3,91.1422912,76.27723404,80.98051724,81.36217391,80.12484848,78.42823529,65.93470588,0.514,0.61,0.15679781,0.23746367,0.356973,0.01826433,0.0201555
v1789,4,93.90409639,93.81083333,91.26461538,92.47929577,95.93255319,96.15882353,96.57340426,0.88,0.8975,0.56975926,0.65571667,0.9801,0.61007467,0.8625715
v179,3,93.05170781,83.80351351,92.3771875,83.76648649,94.67794872,92.99021739,91.50820225,0.818,0.865,0.52801559,0.629177,0.9039405,0.507685,0.5474875
v1790,0,92.002443,82.72923077,83.10181818,74.71773333,86.40333333,85.035,78.38243902,0.648,0.695,0.354895,0.26472433,0.464494,0.02606833,0.033856
v1791,4,95.01324964,94.9695,94.58872727,94.77444444,96.8855,97.24244898,95.80297297,0.886,0.905,0.61885205,0.654393,0.974969,0.61584233,0.885241
v1792,3,89.01037947,66.901,68.93728571,66.81765957,73.00590909,70.40178571,69.42826087,0.43,0.5275,0.2191597,0.09493533,0.166137,0.00958533,0.00994
v1793,0,92.46049473,84.49866667,89.13859649,86.9105814,85.33382979,80.80297872,78.02462366,0.784,0.8025,0.52215818,0.60788,0.8301155,0.43921567,0.363509
v1794,0,89.51633259,76.10777778,76.45081081,70.53147727,77.61789474,75.48875,72.48732558,0.396,0.495,0.31995342,0.06767533,0.114394,0.00886933,0.0089755
v1795,4,92.80855689,81.05,88.4266129,84.2835443,89.66176471,90.05734694,88.85895522,0.786,0.8175,0.51407357,0.57366067,0.849819,0.35960233,0.395149
v1796,2,88.2602229,73.25025,77.61618182,53.95232323,79.04081081,76.63203704,67.83019417,0.396,0.505,0.20473377,0.07267333,0.1280845,0.00894833,0.009005
v1797,0,89.196666,74.6,68.62014286,64.82637681,79.51680851,77.12911111,68.69706667,0.412,0.5175,0.33124676,0.06846333,0.1186275,0.00893533,0.0091065
v1798,0,91.70305199,80.5893617,79.53965517,77.59730337,83.6708,81.52826087,80.95089888,0.522,0.605,0.2821365,0.10178867,0.2004475,0.01000667,0.012295
v1799,3,93.82747345,90.30083333,89.62538462,86.64546667,92.86978723,93.71323529,87.69662921,0.846,0.8675,0.50015997,0.63133233,0.9106985,0.512518,0.551993
v18,3,93.77354389,88.47837838,94.2703125,88.92694915,94.07727273,92.39333333,91.82060241,0.844,0.865,0.58495161,0.64514033,0.952973,0.56180533,0.721853
v180,3,93.38891586,80.595,90.71965517,87.8551087,93.56285714,92.48616667,91.7937037,0.834,0.86,0.51152047,0.63508567,0.9344915,0.53513867,0.6034845
v1800,3,91.28699939,72.1575,71.88,82.45894737,86.08702703,79.73685185,81.636,0.734,0.7625,0.30899246,0.58160333,0.7925045,0.329898,0.2015225
v1801,1,89.30576908,72.00681818,78.90548387,69.91902439,80.87225,78.24,70.23070707,0.43,0.525,0.35407084,0.07352167,0.133301,0.00902933,0.0093245
v1802,1,91.53945554,83.69083333,86.5924,73.10365385,85.63631579,80.43,81.61,0.524,0.5925,0.44056611,0.13325667,0.2435915,0.01159433,0.0139235
v1803,4,88.67214563,77.18933333,76.90575758,70.37506173,75.47810811,74.59,63.84186047,0.406,0.52,0.34660168,0.06968233,0.118214,0.008957,0.008993
v1804,4,89.12823136,70.50948718,78.10478261,65.17173913,78.8196875,79.41259259,67.31396226,0.456,0.545,0.21818748,0.08607533,0.156411,0.009376,0.009977
v1805,0,92.84467211,83.582,92.86627907,79.50851351,89.54142857,87.11366667,81.27761905,0.78,0.795,0.3969589,0.59438633,0.810613,0.36406133,0.2534745
v1806,4,93.78765385,89.33555556,94.07964912,87.43520548,92.92723404,87.25425532,95.44857143,0.854,0.885,0.62358255,0.6462,0.9371615,0.58591267,0.708132
v1807,2,91.1200548,80.01666667,77.58,72.65813953,83.092,77.9272973,68.56575472,0.476,0.5525,0.16423768,0.10591967,0.18387,0.01021833,0.010467
v1808,4,92.40709942,81.57859375,75.46157143,75.86688172,93.28270833,90.26152174,88.10788889,0.8,0.845,0.47339289,0.61640333,0.829288,0.42327567,0.400788
v1809,1,90.64766434,77.22640625,72.12914286,72.16096774,81.58583333,78.31543478,69.20244898,0.474,0.5575,0.24833839,0.11461067,0.2017105,0.01057667,0.0109495
v181,3,91.32665926,76.46311111,78.42578947,77.13904255,84.51828571,83.147,75.66238095,0.64,0.6975,0.23522036,0.40901067,0.57635,0.071163,0.048827
v1810,0,91.35301883,86.87027778,89.5718,81.93633803,90.65615385,85.40434783,86.82953488,0.8,0.825,0.38038285,0.613004,0.885072,0.42018233,0.4075485
v1811,2,93.62189195,88.3512766,93.15857143,88.60485294,92.45957447,89.40755556,93.90444444,0.81,0.8325,0.53235889,0.62921,0.918971,0.512131,0.608265
v1812,2,91.71419218,88.638,83.66028571,78.30546667,85.22627907,80.5964,78.99541667,0.8,0.8125,0.46492693,0.61462967,0.876597,0.42195167,0.3398005
v1813,4,93.3515092,90.26704545,94.61268293,86.34291139,90.485625,87.38275,81.17778947,0.836,0.845,0.52422737,0.63005167,0.90374,0.497053,0.492129
v1814,4,91.78137199,78.79625,79.10885714,82.74355263,90.3621875,91.69675,82.40663043,0.762,0.8275,0.43715601,0.616384,0.8780835,0.420136,0.3640295
v1815,3,89.71783397,75.57088889,76.19392857,67.39021978,82.31930233,75.6124,71.30461538,0.476,0.5675,0.17064976,0.09510867,0.1945675,0.00968167,0.0107385
v1816,0,93.74768919,82.30355556,90.55859649,93.3724,92.16659091,94.97117647,95.5672,0.852,0.8725,0.54600039,0.64712633,0.966121,0.569226,0.7927655
v1817,0,93.5863085,88.1475,80.23671429,93.6322619,93.45553191,92.56355556,89.53012346,0.832,0.8525,0.54894617,0.639616,0.948128,0.545825,0.7298515
v1818,0,91.5476328,80.56770833,85.40769231,75.85623656,82.87942857,81.25066667,74.83512195,0.674,0.71,0.28817827,0.43784333,0.592384,0.08609633,0.063705
v1819,2,94.28712422,84.94709677,81.27257143,83.0828125,93.04319149,93.472,84.37022727,0.826,0.875,0.49170399,0.626819,0.8699665,0.486203,0.4299885
v182,1,89.55179062,69.19525,67.49843137,69.79409836,80.96564103,77.51478261,71.12071429,0.464,0.5625,0.21597972,0.09904133,0.176417,0.009839,0.010753
v1820,4,94.70969935,89.325625,84.89571429,91.98698795,91.92605263,91.97785714,94.95851852,0.85,0.8675,0.57709839,0.64718567,0.9621735,0.58425267,0.775405
v1821,0,94.383571,84.88883333,80.93614286,81.02322917,93.96340426,93.80577778,87.19738636,0.844,0.89,0.50211185,0.63051367,0.850873,0.51188467,0.4190165
v1822,4,90.42046837,68.59046512,76.58263158,71.6505814,74.9054,75.15978261,76.70459459,0.44,0.53,0.22181507,0.086391,0.164685,0.009005,0.0102645
v1823,1,87.98421031,64.04638298,73.63571429,65.61117647,75.51421053,68.71625,70.1110989,0.396,0.5025,0.15940458,0.073498,0.1290325,0.00888533,0.0090875
v1824,2,95.0117357,95.18169811,92.45907407,94.494125,93.36175,94.32530612,87.43518519,0.856,0.87,0.47223894,0.63577733,0.9376475,0.537919,0.708131
v1825,1,93.40663753,83.38016129,85.80771429,85.84563636,90.07659574,89.80108108,85.75594937,0.804,0.8275,0.47063873,0.612046,0.856307,0.42473233,0.373902
v1826,4,92.83861767,79.46435484,82.64257143,86.11716981,89.43638298,88.68378378,84.53616438,0.764,0.795,0.45052403,0.58898067,0.8168555,0.34415,0.31846
v1827,0,89.49802044,77.59516129,71.78942857,73.51423077,80.94657143,75.028,72.09576471,0.482,0.5775,0.3146787,0.102802,0.2021065,0.010009,0.011299
v1828,1,94.01885186,89.23806452,87.10357143,93.49107143,92.25085106,92.92945946,92.66703704,0.852,0.8725,0.54352861,0.64026833,0.936734,0.53526667,0.676404
v1829,4,92.45275421,79.71090909,86.7373913,83.41813333,87.05270833,84.77594595,80.12021739,0.752,0.7825,0.4233613,0.54575567,0.78224,0.22605433,0.216991
v183,4,93.25132859,86.96044444,84.65,83.12693333,92.78128205,91.63347826,88.61866667,0.814,0.8475,0.54117582,0.61344833,0.861448,0.46084533,0.4388255
v1830,3,92.48719586,82.33681818,89.2904878,76.49077778,85.13871795,81.50705882,83.97987805,0.77,0.795,0.48695265,0.57305367,0.819001,0.30297233,0.259449
v1831,0,90.0945017,69.9466129,71.58785714,65.11814815,80.70276596,76.68222222,69.46326087,0.468,0.56,0.33378961,0.09252767,0.183875,0.00955067,0.0107095
v1832,0,93.39531569,84.78765625,78.12985714,79.63870968,94.54583333,89.88434783,91.22833333,0.816,0.8525,0.53151559,0.60379067,0.8075825,0.43526233,0.4171355
v1833,2,88.98088997,67.51826923,76.04636364,53.98283019,78.8390625,77.90462963,65.16692308,0.426,0.5275,0.26971374,0.08081033,0.1433805,0.00926733,0.0090345
v1834,3,88.89904627,66.65425,67.82428571,65.94976744,73.61363636,76.18,68.64762376,0.438,0.54,0.10751033,0.13123333,0.202704,0.010973,0.011002
v1835,4,89.06266869,78.99945946,79.32145161,70.87138298,73.1287234,72.42510638,64.45769231,0.432,0.5275,0.26597306,0.083745,0.1467165,0.00915833,0.009639
v1836,1,89.76038057,79.9215,80.56763636,66.08965909,73.45148936,72.30085106,64.37413462,0.412,0.515,0.23318583,0.09546033,0.1731375,0.00946667,0.010136
v1837,0,90.33481071,84.44861111,86.8474,68.20456522,73.41234043,75.78340426,66.80576923,0.398,0.5025,0.2589431,0.079365,0.135382,0.00908267,0.009522
v1838,4,90.59204372,75.45775,88.16867925,67.28803922,87.43891892,73.73685185,77.22051546,0.488,0.5775,0.18883175,0.24074067,0.3905575,0.01726367,0.0190175
v1839,0,93.21556322,84.93794872,89.81717391,88.07102941,87.99975,88.47265306,84.45455696,0.778,0.7875,0.53696168,0.59087367,0.8576205,0.33609367,0.4070715
v184,3,91.02108563,80.95181818,84.10344828,77.96473684,80.61604651,80.04362069,81.03671875,0.622,0.6825,0.32381758,0.296196,0.4598455,0.03335133,0.036312
v1840,0,89.11485737,80.21702703,84.6009375,74.61306122,78.33057143,75.4816129,62.59591837,0.444,0.5275,0.38734204,0.09492,0.1637495,0.00990267,0.0104215
v1841,4,89.73137591,71.90181818,81.56782609,71.98777778,82.38297297,71.5137037,66.93358491,0.47,0.555,0.22354988,0.155347,0.2738845,0.012041,0.0131235
v1842,4,90.17551045,82.88044444,80.32678571,75.78712766,81.28567568,72.89111111,67.87301887,0.584,0.625,0.24817685,0.34083533,0.540099,0.03878033,0.0466435
v1843,3,91.43387123,83.09810811,82.7883871,77.59712766,83.23,81.60680851,76.6216129,0.606,0.6725,0.37518149,0.24264067,0.3997595,0.021356,0.026083
v1844,2,91.51222311,75.45296875,72.93528571,78.5376699,79.35404255,79.00957447,73.64462687,0.548,0.62,0.35618389,0.16481533,0.3254225,0.012846,0.017994
v1845,0,91.2920032,74.5816129,75.50328571,80.05075,82.81651163,72.2814,71.94111111,0.458,0.55,0.22206319,0.14701967,0.2588175,0.01165967,0.0123945
v1846,3,93.98959692,86.43125,92.57228571,82.96890411,93.00042553,88.90066667,89.76195652,0.77,0.795,0.40067277,0.55501033,0.7910265,0.29548133,0.2915555
v1847,0,93.07378004,80.169,86.29171429,80.43547368,91.08594595,89.04108696,83.59755814,0.764,0.815,0.48600998,0.575037,0.811374,0.33286833,0.319923
v1848,1,93.67870826,87.02109375,76.10085714,90.18602041,88.94,84.93288889,83.70809524,0.734,0.7525,0.42984949,0.56025867,0.8156145,0.30395867,0.346647
v1849,0,94.69905207,88.54804878,92.43078431,88.3102,92.27276596,91.56970588,93.52636364,0.808,0.83,0.53720432,0.61115,0.8909,0.43771433,0.5478595
v185,1,92.94885563,86.33925,89.42636364,75.68395062,91.33897436,86.85108696,85.46137931,0.784,0.805,0.42363178,0.579402,0.8056325,0.34343133,0.2567625
v1850,4,91.18539263,71.93370968,73.581,68.99413462,82.78027027,75.5587037,76.26337209,0.452,0.55,0.26451834,0.11085767,0.1918575,0.01020933,0.0110445
v1851,4,91.96958765,75.79780488,84.03470588,80.53880597,82.22093023,79.21396552,71.50558824,0.5,0.585,0.23358681,0.138978,0.262088,0.01147233,0.0140605
v1852,3,92.21029118,82.69854839,79.51071429,80.44560606,84.20757576,81.0887037,73.85962264,0.536,0.625,0.26440144,0.16581533,0.321191,0.01293033,0.0163365
v1853,1,94.97581716,91.9578125,83.78385714,91.69064516,94.86170213,90.944,93.14093023,0.826,0.8475,0.5622327,0.63284167,0.935911,0.52480733,0.7196705
v1854,0,92.21572528,75.33513514,89.0240625,76.91588889,84.87191489,78.368,76.17159574,0.486,0.5675,0.3787034,0.17282333,0.2780755,0.01343667,0.0147485
v1855,0,91.94804533,79.40405405,84.09290323,72.80768421,84.84529412,86.21122449,73.17247423,0.698,0.745,0.36728354,0.46581167,0.6652715,0.12890033,0.091095
v1856,1,94.49891089,87.86227273,81.70657143,89.04611111,96.2871875,93.22723404,96.71093023,0.822,0.845,0.58181363,0.63794067,0.9249055,0.546758,0.6504
v1857,4,92.80198372,74.26076923,82.3123913,78.48333333,91.2275,91.18517241,90.12631579,0.758,0.8275,0.3222154,0.61899433,0.843547,0.48005667,0.4106715
v1858,1,94.16009005,90.27953125,85.08271429,93.03702128,91.00175,94.92172414,92.435,0.852,0.8725,0.61740425,0.63468467,0.903806,0.55522833,0.5979955
v1859,3,93.44751354,84.12245283,85.42981481,79.99954545,88.3655814,93.10034483,82.0685,0.774,0.8375,0.33816788,0.542165,0.709028,0.222518,0.1146065
v186,0,93.00781789,90.170625,81.05485714,90.81098901,94.63205128,93.35717391,92.87353659,0.828,0.86,0.51911256,0.648416,0.9607865,0.584136,0.785795
v1860,4,94.68606152,89.6640625,85.18914286,90.88923913,92.5645,95.2137931,96.30034091,0.852,0.8725,0.59504229,0.64753467,0.95934,0.585395,0.789482
v1861,4,92.7374472,85.41519231,87.97575758,81.78411111,88.69375,90.07655172,81.24631068,0.782,0.8275,0.4226503,0.60584967,0.8635065,0.41439333,0.345928
v1862,3,90.99557775,80.35111111,79.80207547,77.43313433,81.2935,80.59827586,78.10659574,0.436,0.5425,0.3629569,0.076171,0.1339115,0.00919267,0.0099115
v1863,0,92.52260222,78.17166667,76.14471429,81.28117647,93.87969697,91.68156863,89.23463415,0.672,0.77,0.29486779,0.53791733,0.6866295,0.25624633,0.153237
v1864,0,94.14800736,87.72844444,90.28842105,90.19254545,88.19575,93.69482759,86.62383721,0.854,0.8775,0.60143517,0.639099,0.919901,0.54934733,0.582293
v1865,1,94.07458761,84.22960784,76.95116279,84.63457627,93.81975,94.89172414,93.62527778,0.826,0.8625,0.52674533,0.633204,0.9114155,0.54236067,0.572745
v1866,1,91.40733306,72.415,72.945,70.36609375,86.89225,88.91413793,75.87932692,0.616,0.75,0.32338139,0.422887,0.571356,0.09722567,0.0785165
v1867,0,94.513986,87.38265625,81.90557143,84.52827957,96.454375,92.50065217,94.48911111,0.818,0.855,0.55385342,0.62199867,0.8450085,0.514455,0.495976
v1868,3,94.23802581,86.89685185,85.75,87.07304348,92.91318182,95.85686275,95.09606742,0.864,0.8875,0.60914928,0.645473,0.9431165,0.583807,0.7245625
v1869,1,93.12146575,78.73363636,90.01413043,79.32728395,89.71276596,87.57243243,88.7301087,0.736,0.765,0.36830455,0.54356567,0.7424635,0.25072033,0.240753
v187,1,93.77429155,94.17222222,95.70755556,92.90308824,96.21051282,95.63804348,95.33533333,0.86,0.8825,0.55735132,0.65132067,0.968183,0.59202033,0.836721
v1870,3,88.11430303,63.82413043,75.87923077,57.74648148,64.842,71.88854839,70.28252874,0.424,0.5225,0.20338745,0.08974033,0.144033,0.009573,0.0093745
v1871,1,90.78510733,73.05044444,80.17421053,77.705,61.40930233,75.2068,79.760125,0.536,0.605,0.27839302,0.23519933,0.4135295,0.01855667,0.023857
v1872,2,89.94792536,82.59882353,76.54071429,75.57206522,81.432,77.09818182,76.77770115,0.418,0.515,0.17935684,0.08759933,0.1627775,0.00910733,0.0105505
v1873,4,94.78778339,93.97625,97.25186047,92.27836957,95.44857143,89.66465517,92.86551724,0.882,0.89,0.6001053,0.655711,0.967678,0.616503,0.819475
v1874,1,94.67599028,88.27725,95.92651163,85.82126437,94.68971429,94.41209677,88.4171,0.858,0.8725,0.46274075,0.64008833,0.885615,0.543078,0.489015
v1875,0,89.56574532,78.1086,70.49138462,73.05733333,80.4440625,79.18976744,67.10731707,0.466,0.5525,0.32943897,0.100752,0.1701185,0.01015633,0.0098235
v1876,4,90.01954545,76.86943396,80.10685185,79.48216216,80.57045455,80.22411765,69.13533333,0.492,0.5925,0.24589207,0.10068533,0.1986815,0.009864,0.011522
v1877,0,89.93323683,77.4037037,79.28027027,70.15266667,81.33085714,80.69419355,74.55402062,0.522,0.6,0.24290575,0.10243333,0.208714,0.01003033,0.0115795
v1878,1,94.53336314,88.05625,95.94744186,81.74623529,94.705625,93.73592593,87.61321839,0.862,0.8775,0.33977774,0.637454,0.8981605,0.53851233,0.5513
v1879,0,92.62552456,85.72625,93.13255814,83.34597403,67.47909091,78.52285714,72.2655814,0.786,0.795,0.30296452,0.533095,0.729071,0.23737033,0.188039
v188,4,91.76021926,80.77957447,81.16586207,75.21282353,83.74432432,85.03543478,74.74782051,0.71,0.77,0.40905138,0.543377,0.7290855,0.214908,0.1495645
v1880,3,93.75519215,86.45875,95.09860465,84.50862069,90.10628571,87.47413793,84.86510204,0.832,0.8475,0.49442166,0.61797867,0.8406355,0.45721267,0.329257
v1881,1,93.91204737,90.3075,92.90068966,88.16494253,94.49829787,91.82422222,94.78611111,0.85,0.875,0.51214206,0.644808,0.9519875,0.571676,0.7259275
v1882,0,91.85302335,77.721,82.48969697,71.33090909,91.9475,92.13703704,79.85228261,0.774,0.8425,0.33354114,0.57596367,0.771683,0.335306,0.1962515
v1883,0,94.36672662,95.3404,90.63888889,90.73884615,96.34914894,93.59355556,96.49010989,0.886,0.9,0.52328692,0.651579,0.933465,0.61041933,0.7333735
v1884,0,94.21796797,91.19129032,87.86557143,88.4404902,94.48657143,92.37806452,92.59457831,0.86,0.87,0.34811843,0.63781267,0.9218765,0.55167833,0.596284
v1885,3,92.59970897,85.7305,93.87883721,77.50413793,85.07131579,84.01375,75.4574,0.796,0.8075,0.40534313,0.58499467,0.766189,0.353857,0.1641425
v1886,4,88.70748239,70.8612963,76.86594595,56.6785,79.51702703,79.0162963,72.90051546,0.48,0.5725,0.25296731,0.105127,0.183854,0.01018533,0.010089
v1887,4,91.3143447,81.7436,75.28769231,76.62134021,79.72431818,77.20535714,77.93425287,0.552,0.6275,0.23332636,0.13268767,0.2806115,0.01162067,0.014891
v1888,4,91.69727072,89.031,80.75661538,84.12226667,82.21,87.33294118,77.90488372,0.7,0.7475,0.44552233,0.26301233,0.612604,0.02804667,0.1254975
v1889,0,90.25176603,74.732,74.91744186,78.84706667,82.000625,77.19604651,69.17980198,0.404,0.5075,0.08676729,0.07291667,0.1255485,0.00903467,0.0090455
v189,3,92.28281116,81.29275,74.8872549,80.93763158,94.06230769,92.1173913,90.29814815,0.766,0.82,0.48349825,0.46429867,0.7056095,0.164891,0.27872
v1890,2,92.28856128,82.7895,91.59139535,76.93192308,88.46270833,81.9227027,81.63730337,0.69,0.7225,0.38093603,0.34798067,0.5202825,0.05224433,0.049434
v1891,1,91.7341206,83.7804,78.62292308,76.09411765,86.51742857,80.8583871,70.11896226,0.592,0.6475,0.34624212,0.13761767,0.260472,0.012136,0.0132105
v1892,2,90.82000199,76.028125,72.359,79.96139535,82.75627907,83.18724138,75.06363636,0.586,0.65,0.37742067,0.13119967,0.2130215,0.01164933,0.011889
v1893,0,95.2650407,89.42475,96.97627907,86.52986111,97.0521875,96.35555556,95.34163043,0.892,0.91,0.50984521,0.646163,0.9235535,0.58197333,0.666237
v1894,3,91.00664482,73.244375,72.95,65.91980769,85.93297872,88.84866667,66.03,0.69,0.775,0.32809184,0.21668133,0.421881,0.01895833,0.023333
v1895,3,89.5258839,73.31081081,86.0325,66.39195652,84.38833333,80.50470588,70.69402062,0.412,0.5175,0.29583666,0.07863533,0.1333535,0.00924967,0.0093025
v1896,1,87.18645181,72.75783784,75.62612903,58.3673913,75.76384615,75.23686275,67.31811321,0.402,0.51,0.26204379,0.07185067,0.11987,0.009014,0.008804
v1897,2,94.7853144,86.698,96.03325581,81.79425287,96.24542857,94.43032258,94.54677778,0.862,0.8775,0.45435915,0.631199,0.883941,0.53161167,0.533684
v1898,2,91.14127389,79.4344,76.02230769,79.44011111,83.15568182,82.93882353,75.936875,0.526,0.6075,0.32001448,0.10031667,0.1924525,0.01000067,0.011115
v1899,3,93.1452259,85.88784314,82.46053571,80.61432432,91.26702128,89.29266667,84.19927835,0.818,0.855,0.30020926,0.62717,0.902738,0.48722567,0.441774
v19,2,90.79814446,68.05162791,72.98175439,78.12670732,74.49146341,72.038,75.83493506,0.436,0.5375,0.4166293,0.082958,0.1390295,0.009496,0.0095945
v190,3,92.64804193,85.84861111,88.82888889,71.48126582,91.60923077,84.56413043,88.69277778,0.698,0.7475,0.08703309,0.620929,0.460858,0.44059567,0.3003225
v1900,0,88.61386327,72.77954545,78.21586957,62.73131579,75.51105263,72.375,67.60895833,0.392,0.5025,0.30712331,0.06514,0.103469,0.00883567,0.0089965
v1901,4,94.03298629,89.91919355,90.01628571,87.42670455,89.69840909,90.48176471,88.93883333,0.832,0.8425,0.4841133,0.62614367,0.865706,0.502767,0.4512555
v1902,3,94.20004049,86.58225,95.48976744,82.92057471,92.976,88.16533333,86.88431034,0.838,0.845,0.48203662,0.63503167,0.890928,0.51502233,0.4630705
v1903,2,95.20373029,88.29725,96.9527907,86.66022989,96.75742857,95.48677419,95.15690909,0.88,0.8975,0.52972068,0.645891,0.9089595,0.58401733,0.6151445
v1904,1,93.73264877,92.1572,82.33384615,89.54556604,93.33794872,91.25086957,89.4515,0.824,0.8475,0.47271279,0.641743,0.949541,0.54068167,0.675954
v1905,4,89.84763264,68.8972,76.06746032,63.94193548,84.9184375,79.84592593,76.75880952,0.526,0.5975,0.36546677,0.11727533,0.227328,0.010583,0.0122135
v1906,4,89.19312027,75.26866667,70.659,74.45427184,75.19272727,72.635,71.79816092,0.42,0.5225,0.29404843,0.08741433,0.157646,0.00949167,0.00975
v1907,2,89.61203247,62.31510638,78.20142857,65.73724138,81.67023256,73.0862,69.19462264,0.448,0.545,0.23384484,0.095724,0.1727295,0.00985067,0.0098925
v1908,2,91.17907471,78.78660714,80.37585366,79.80852941,85.28886364,87.75843137,78.41912088,0.656,0.7275,0.29603083,0.23084267,0.469159,0.02178667,0.038247
v1909,2,90.13526506,77.13296296,78.86702703,68.98283333,78.82977273,81.31254902,74.09677419,0.548,0.6325,0.24290177,0.13639467,0.2649795,0.01183533,0.013349
v191,1,93.62298556,91.84555556,94.23666667,88.33494118,96.38923077,95.68826087,95.52808989,0.868,0.89,0.55269886,0.64312633,0.9344785,0.573413,0.708941
v1910,2,90.0217343,69.972,72.052,66.05156627,79.33333333,72.39891304,71.4984507,0.41,0.51,0.27284437,0.077043,0.1293455,0.009184,0.00922
v1911,1,90.64585528,80.1154,77.03738462,71.75614583,84.08076923,76.14304348,77.51305263,0.458,0.545,0.2867038,0.085187,0.1546905,0.0095,0.0101675
v1912,4,90.71840234,77.93057692,77.27363636,73.9176699,75.60446809,78.15574468,68.31452632,0.51,0.5925,0.34223716,0.14359467,0.310541,0.01183467,0.015491
v1913,1,94.43559185,95.814,93.30965517,96.30282609,92.47704545,89.56785714,93.94289157,0.878,0.8825,0.37938501,0.65564767,0.976993,0.61164167,0.8499045
v1914,2,92.33481429,84.2996875,75.50914286,85.22301075,79.2992,78.82434783,83.75739726,0.676,0.71,0.27220976,0.42531833,0.7143455,0.104578,0.1693045
v1915,3,92.92426428,89.84555556,92.81224138,78.94375,91.56875,87.23023256,93.57046875,0.83,0.845,0.33598008,0.63662267,0.9309155,0.50544933,0.604491
v1916,0,90.33196529,77.3262,70.77969231,71.6505814,87.40076923,82.05826087,82.74776471,0.53,0.63,0.41060663,0.12390733,0.2345265,0.01123867,0.0136255
v1917,0,89.78952591,71.50921875,67.99,63.50958333,73.99864865,78.60347826,66.32179487,0.43,0.5175,0.21147585,0.088423,0.164197,0.00960567,0.0096995
v1918,1,88.61809239,75.99516667,72.64428571,66.28969697,82.22971429,72.65137931,75.62404255,0.432,0.5425,0.21114017,0.09005,0.162269,0.00952967,0.0099305
v1919,1,90.24034636,76.2348,72.46246154,81.03302326,82.67358974,75.63152174,77.95635417,0.43,0.525,0.16946956,0.11930033,0.2059335,0.010392,0.0118975
v192,2,90.44015028,74.28863636,85.36978261,72.24,83.5025641,77.15695652,73.11964286,0.602,0.6475,0.37407127,0.316821,0.4979505,0.036759,0.036135
v1920,2,89.89114645,80.25733333,75.24509434,61.79494737,85.1374359,76.19586957,76.39835443,0.454,0.5575,0.25347225,0.078556,0.1425945,0.00927633,0.0095835
v1921,1,92.7091122,89.131,89.76169811,89.04831325,86.0303125,86.03462963,80.52230769,0.772,0.7725,0.30145444,0.56515033,0.8307045,0.33325833,0.385213
v1922,1,90.26553174,70.97295455,81.48274194,72.84063492,81.90302326,74.6288,74.0023913,0.506,0.5925,0.3007922,0.11765633,0.1908355,0.01078333,0.0107825
v1923,0,91.51466008,84.4816,82.65430769,73.94438776,85.484375,74.73116279,72.44,0.674,0.715,0.26324666,0.470172,0.6698845,0.139198,0.1025355
v1924,3,88.4603342,75.47666667,71.81857143,65.15757282,75.8644186,74.28551724,64.48052083,0.404,0.5125,0.24227667,0.07752467,0.133266,0.00911,0.009264
v1925,3,89.95343819,76.02216667,74.78771429,76.88727273,85.70897436,80.6373913,82.00864865,0.576,0.6475,0.28309263,0.224086,0.402824,0.01778333,0.0299955
v1926,0,90.13643786,77.684375,72.32285714,73.93764045,84.1896875,89.24574468,74.52479167,0.594,0.6925,0.26778357,0.228916,0.4010475,0.021438,0.02618
v1927,2,91.28410159,80.0924,76.06584615,78.0542,87.57564103,81.80717391,84.87177083,0.598,0.675,0.33586041,0.21836967,0.3530185,0.01862467,0.024873
v1928,3,93.51686089,89.46115385,89.67636364,90.9248,90.73404255,86.74404255,82.95304762,0.802,0.8075,0.46158912,0.61076767,0.90727,0.451557,0.519892
v1929,2,90.393541,78.7418,73.91461538,76.1452381,86.49358974,78.14282609,81.14635417,0.494,0.57,0.30613911,0.13515733,0.2264305,0.01118,0.012696
v193,0,93.89824451,92.29288889,84.94207547,90.23367647,95.60820513,94.68913043,95.48544304,0.844,0.87,0.49106521,0.650952,0.961985,0.595595,0.7869265
v1930,2,93.94482363,88.74243902,92.36411765,90.39984127,91.61648649,91.05565217,90.91051948,0.852,0.88,0.52738003,0.648446,0.9475635,0.57746733,0.7035215
v1931,0,89.77071589,68.19283333,71.16742857,69.73242857,81.1921875,78.48372093,77.70914286,0.514,0.6175,0.26163588,0.17210733,0.3013165,0.013702,0.0174735
v1932,2,92.43261588,85.5794,85.88538462,81.98413333,91.89923077,90.225,88.04204082,0.704,0.7475,0.2329052,0.25730667,0.664353,0.123335,0.2167705
v1933,3,91.15490478,82.1984,75.32738462,73.59196078,81.93108108,83.58717391,81.2325,0.692,0.74,0.49999613,0.36695567,0.54587,0.05989,0.0606995
v1934,1,90.60177975,78.1002,73.47353846,82.77395349,84.24512821,76.52543478,80.3256701,0.422,0.5175,0.171215,0.08584567,0.1633105,0.00932533,0.0106635
v1935,2,90.67461585,84.7462,77.29969231,79.87627451,85.21794872,79.06565217,80.9434375,0.564,0.62,0.31292386,0.15441867,0.3204805,0.012445,0.0189875
v1936,0,92.99997151,85.40422222,83.57087719,80.43083333,90.24666667,90.72648148,80.94408451,0.78,0.825,0.43965663,0.588149,0.8472105,0.35372033,0.3398475
v1937,3,91.99156658,86.5768,84.76953846,83.66844444,88.96974359,82.60673913,85.44125,0.688,0.725,0.3144054,0.20595767,0.5960435,0.04786467,0.097504
v1938,0,95.04033071,95.36604167,94.63019231,95.30881579,95.99236842,95.75035714,96.51827586,0.892,0.9025,0.47318833,0.65802967,0.9851115,0.62852633,0.920217
v1939,4,91.06282481,75.01422222,79.14491228,81.257625,89.124,84.46816667,81.66363636,0.596,0.665,0.253301,0.18721933,0.439168,0.01474467,0.0343545
v194,4,93.29395004,87.092,91.45145455,84.06214286,92.9206383,89.65355556,88.49912088,0.794,0.82,0.48914003,0.60796,0.8739915,0.423744,0.4333765
v1940,0,92.8074769,81.44790323,81.36885714,88.04068493,89.76027027,91.08833333,89.3853125,0.762,0.805,0.22463131,0.577727,0.8731165,0.33659967,0.4546975
v1941,2,92.08880328,76.36484375,75.208,77.57106667,90.3205,89.28836735,83.81916667,0.718,0.7775,0.32593442,0.47171,0.6951745,0.152825,0.1816625
v1942,2,94.74696233,89.15125,89.476,95.97241935,94.67119048,91.74571429,93.75465116,0.856,0.8675,0.53751891,0.64958233,0.96502,0.57757633,0.7999175
v1943,4,88.73324828,71.12410714,75.15146341,57.34678161,81.56162162,81.40333333,73.94729167,0.46,0.5625,0.24521351,0.08090867,0.1466555,0.00916233,0.0095785
v1944,2,94.382464,89.22225,95.94046512,90.98173333,95.7112766,91.28288889,95.10934783,0.87,0.8875,0.5465212,0.645563,0.970312,0.55320467,0.823602
v1945,4,90.34102277,77.90048387,75.89214286,75.79981481,78.8603125,80.26981481,72.60776471,0.46,0.55,0.23822544,0.07954767,0.1491055,0.00921467,0.0096585
v1946,2,91.8515548,77.75765625,76.56542857,81.75146667,88.30705882,83.70408163,83.6928125,0.662,0.705,0.36620809,0.39527367,0.5909865,0.07254733,0.0741905
v1947,3,89.57739235,72.16774194,70.65971429,67.93356164,76.0725,74.64931034,68.47282828,0.426,0.525,0.16845964,0.08823867,0.160547,0.00938767,0.0097715
v1948,0,90.16652156,75.27025,72.13542857,81.6084,82.6715,77.07591837,80.0934375,0.52,0.5975,0.09937252,0.246497,0.4126785,0.017774,0.025333
v1949,3,91.1402999,77.77910714,80.39878049,68.79943182,87.6271875,87.81888889,76.68505882,0.654,0.7275,0.21292324,0.36539033,0.580873,0.061136,0.059714
v195,3,93.01734744,85.536,87.91745455,76.03846154,93.44564103,92.24304348,88.53901235,0.786,0.835,0.44589746,0.59448267,0.7942155,0.39293933,0.3489495
v1950,2,90.40594774,63.6808,74.58,66.34367089,84.04970588,78.0022449,82.48106383,0.492,0.5775,0.20010706,0.13228433,0.258722,0.01060067,0.013309
v1951,0,90.36292342,80.10096154,82.03636364,64.06876404,84.97675676,83.31018519,79.85043011,0.708,0.7475,0.29501126,0.46835733,0.6833805,0.13190033,0.0969795
v1952,2,93.26272727,81.15890625,77.08457143,75.94650602,93.6415625,90.998,86.49693333,0.782,0.845,0.40737838,0.60167067,0.849005,0.41641167,0.3964145
v1953,4,94.44684104,92.42805556,94.96511111,88.84507463,93.8602439,94.94788462,96.43547368,0.866,0.895,0.46748857,0.64937833,0.951898,0.60123333,0.789152
v1954,3,90.45306011,77.97285714,78.6197561,76.6545977,80.08351351,83.77851852,74.88604167,0.564,0.6325,0.36795561,0.180754,0.349512,0.01355033,0.020758
v1955,0,90.43530002,74.545,74.20728571,77.09150685,83.718,80.201,72.06885417,0.44,0.535,0.23860211,0.08098367,0.1435495,0.00915367,0.009818
v1956,1,91.16682343,78.3456,72.83153846,78.42506173,84.4840625,80.61225,79.44786667,0.494,0.585,0.2726015,0.11308233,0.197478,0.01036467,0.011691
v1957,1,95.4184182,95.54176471,90.34651163,97.72294118,97.761,96.94244898,97.05009259,0.902,0.9175,0.50528278,0.65798667,0.9876625,0.63150867,0.9382355
v1958,0,95.30376027,95.06196078,89.3272093,97.56705882,97.691,96.72653061,97.12425926,0.89,0.9075,0.52337404,0.656427,0.984773,0.627407,0.9292495
v1959,3,94.98046166,94.86058824,90.27488372,97.31905882,97.4735,96.69040816,96.54425926,0.892,0.905,0.48465235,0.655919,0.9851615,0.62440333,0.9272245
v196,3,94.00959416,78.39590909,89.46258621,92.48925373,96.21538462,96.36108696,93.86077922,0.842,0.88,0.51310669,0.63727567,0.9179865,0.55836167,0.6192705
v1960,2,91.46758468,78.96795455,83.4333871,76.5925,85.25285714,81.54054545,72.86494845,0.61,0.6825,0.30284622,0.327398,0.5005445,0.040695,0.0317995
v1961,4,90.97058579,74.8684375,73.764,69.54767677,81.69545455,87.21431373,76.28033708,0.662,0.7225,0.26359284,0.27863367,0.502591,0.02654967,0.032065
v1962,0,90.67425982,74.0872,83.86125,68.40544444,85.64042553,87.18555556,74.20612245,0.602,0.71,0.23304533,0.137958,0.289356,0.01182933,0.0156565
v1963,1,88.61313095,75.38698113,76.53055556,74.30415385,75.40545455,74.42625,70.014,0.434,0.5375,0.22104627,0.08974167,0.1684525,0.00937733,0.0104295
v1964,1,87.91986206,70.300625,66.92342857,62.8754,74.645,77.98724138,69.436,0.384,0.4925,0.22614339,0.069454,0.122449,0.008862,0.008637
v1965,4,93.68802429,93.71234043,87.40448276,94.60215909,88.64409091,93.29411765,89.95666667,0.854,0.8675,0.51947308,0.64771433,0.969345,0.57162833,0.7921475
v1966,4,93.95431234,95.74468085,89.82293103,96.24909091,90.58227273,94.42411765,92.00202381,0.878,0.89,0.53644455,0.653626,0.976357,0.599804,0.8424615
v1967,1,94.4247587,89.45681818,95.35456522,95.87148148,95.51028571,91.596,96.39908046,0.87,0.885,0.58160942,0.65526267,0.976871,0.617253,0.883135
v1968,0,95.24373186,96.35297872,90.19137931,95.53362637,97.26574468,95.59088235,96.98873563,0.872,0.895,0.61217896,0.65313833,0.9502125,0.61149767,0.801576
v1969,0,95.38118523,96.98765957,89.81724138,96.70474747,97.26574468,96.00029412,96.90431818,0.87,0.89,0.59475289,0.65336167,0.9729835,0.61207933,0.873128
v197,0,90.11550296,77.15305556,83.31422222,67.38067568,84.65410256,75.63695652,76.31517647,0.43,0.5225,0.27377228,0.094877,0.1556535,0.00981933,0.0100095
v1970,3,93.68061258,82.20851064,85.19965517,91.00338983,91.92276596,94.21323529,87.8102439,0.79,0.83,0.39257975,0.57375133,0.788074,0.36090767,0.2495345
v1971,4,90.90263912,70.68255319,76.69931034,71.06983051,80.91723404,78.24794118,71.15,0.476,0.5625,0.28184579,0.10703867,0.18563,0.01010667,0.0106025
v1972,2,92.44596764,76.62170213,80.73051724,81.27305085,86.34382979,85.69117647,75.6675,0.626,0.685,0.25556764,0.29421033,0.383037,0.031586,0.021466
v1973,4,91.3446198,74.03829787,77.81086207,74.75338983,80.93255319,75.56382353,71.78266667,0.504,0.585,0.19328962,0.17556967,0.2988585,0.01341,0.014099
v1974,2,90.24320743,70.54510638,76.95,73.42237288,80.33085106,75.21,59.77833333,0.424,0.5175,0.34091406,0.08008333,0.1364765,0.009201,0.009331
v1975,3,93.56749334,81.66851064,85.1087931,87.26084746,90.93297872,92.81647059,83.28111111,0.786,0.8275,0.38373016,0.590318,0.801852,0.378257,0.2313375
v1976,4,91.98074605,75.66425532,79.51568966,76.44847458,84.16297872,81.28794118,73.81088889,0.556,0.625,0.23029042,0.20491233,0.3183215,0.01613833,0.0157485
v1977,0,95.15511238,96.28957447,90.05689655,95.61384615,97.35191489,95.83117647,97.02574713,0.872,0.895,0.62017189,0.65375467,0.950921,0.61480567,0.806055
v1978,3,94.58527901,88.3025,92.77983871,88.2015,95.12648649,94.32217391,96.68,0.86,0.88,0.60237515,0.64628967,0.8685625,0.587688,0.5647565
v1979,3,93.04684447,80.52553191,84.69482759,85.87322034,89.91893617,91.25617647,80.31934783,0.746,0.785,0.33507111,0.505938,0.6701905,0.20492333,0.109525
v198,4,88.76549522,73.31311111,78.14103448,61.94482353,84.34435897,75.28304348,76.56974026,0.444,0.55,0.25422894,0.07905767,0.1407975,0.00923433,0.009344
v1980,2,92.66751331,80.19680851,81.83482759,84.55220339,88.33446809,88.87382353,79.0205,0.646,0.705,0.40201297,0.17398967,0.301799,0.01473067,0.0171785
v1981,1,91.62286328,75.55255319,79.51586207,73.21084746,82.46723404,78.75941176,75.87756757,0.512,0.595,0.31504869,0.13599633,0.2212105,0.01183433,0.011874
v1982,2,93.58813486,79.7687234,83.35534483,87.52067797,92.83,93.00941176,87.74878049,0.78,0.835,0.45243311,0.59817433,0.804947,0.400876,0.2456115
v1983,2,90.91398566,74.20617021,76.88241379,70.95254237,80.98340426,77.40382353,68.57533333,0.44,0.5375,0.24086478,0.08712767,0.1469195,0.00952033,0.009393
v1984,4,91.6142039,78.26954545,82.19826087,81.43976744,81.98909091,82.67166667,73.05819277,0.486,0.56,0.24098005,0.116793,0.1857585,0.01081333,0.010975
v1985,4,93.01270603,80.42340426,82.33396552,83.74966102,88.72276596,86.01794118,82.08292683,0.612,0.6775,0.32210057,0.260428,0.386857,0.02692467,0.024285
v1986,1,90.5739951,73.54021277,77.24293103,71.83644068,81.72404255,77.80882353,68.24469388,0.434,0.5325,0.35914203,0.084547,0.138294,0.00947733,0.00946
v1987,2,91.56754872,77.97085106,78.95655172,82.64305085,85.42595745,82.80941176,76.5585,0.486,0.5775,0.26293916,0.092772,0.1587375,0.009716,0.0103735
v1988,0,92.4797007,82.18595745,80.26,87.74474576,87.25191489,81.71647059,80.45073171,0.52,0.5975,0.22999434,0.12983833,0.217382,0.01123967,0.0128055
v1989,2,92.01533115,74.18042553,79.43931034,80.37830508,86.18765957,84.48,76.38418605,0.594,0.6625,0.25293529,0.20900967,0.32834,0.01693833,0.016675
v199,1,94.38205864,94.22694444,95.752,90.855,96.89666667,96.455,96.63318182,0.87,0.8925,0.56403955,0.64896267,0.947242,0.59468967,0.768507
v1990,3,93.44094301,78.80808511,84.91051724,89.89728814,92.16808511,93.93117647,86.037,0.81,0.845,0.39946496,0.58571133,0.8144665,0.36929233,0.2535575
v1991,4,92.57661138,75.8906383,82.055,80.09542373,87.99468085,86.95411765,78.44826087,0.672,0.725,0.29160817,0.44605833,0.60453,0.11402833,0.0568035
v1992,1,92.16836472,74.86382979,81.15706897,76.41915254,85.55638298,84.93588235,76.35622222,0.618,0.6975,0.30918403,0.31076233,0.4176315,0.03373167,0.0262025
v1993,2,92.59723474,77.27489362,83.38931034,79.06847458,89.33361702,86.32205882,85.60219512,0.638,0.71,0.30300483,0.40917767,0.553526,0.10011067,0.0527495
v1994,2,92.76453128,78.70404255,82.76948276,83.0640678,87.67148936,83.85058824,84.1495122,0.618,0.6825,0.33636499,0.39037033,0.5225285,0.072932,0.0447045
v1995,3,92.71048965,79.06468085,81.59327586,83.4059322,87.65893617,88.28558824,77.916,0.652,0.7125,0.32066307,0.28052,0.4404345,0.03171033,0.0299045
v1996,2,93.91821699,82.63808511,86.64206897,91.70728814,92.45,93.13970588,88.66878049,0.788,0.8225,0.43833677,0.57915167,0.7697285,0.370123,0.2125425
v1997,0,91.26884245,72.96744681,77.98724138,76.1620339,82.01787234,74.25558824,73.56261905,0.472,0.5575,0.19592356,0.14076667,0.2328505,0.01144133,0.0119985
v1998,4,91.30302888,73.90085106,77.63431034,74.39372881,81.24106383,77.43529412,69.35673913,0.496,0.5825,0.25158254,0.12538833,0.2156375,0.01081767,0.011538
v1999,0,90.61715426,74.53638298,80.40896552,74.35779661,81.99914894,74.70294118,72.88395833,0.398,0.5025,0.3380418,0.07281067,0.123417,0.00904733,0.0092125
v2,0,92.88524444,88.95305556,92.3266,81.48302632,88.99731707,85.598,85.80804348,0.774,0.815,0.31793705,0.60077733,0.4191825,0.40711633,0.146411
v20,4,91.09175396,71.05666667,78.87982456,73.90032609,85.81302326,75.7928,77.6814,0.462,0.5525,0.15888825,0.153182,0.3110495,0.01181433,0.015742
v200,1,89.68711671,73.40185185,77.19864865,67.58368421,78.075625,76.99722222,70.43954545,0.432,0.5375,0.13854692,0.09448533,0.1680845,0.009582,0.010017
v2000,2,94.89234819,94.31567568,97.563125,93.97285714,96.9703125,95.53595745,97.46234043,0.882,0.8925,0.65490852,0.65562067,0.978549,0.62333733,0.894189
v2001,1,94.54179764,89.14045455,95.50065217,95.89691358,96.04771429,93.17933333,96.55643678,0.868,0.885,0.59408091,0.65481367,0.9764325,0.61497133,0.8829845
v2002,1,94.39791285,89.01863636,95.3423913,95.78395062,95.86285714,93.01666667,96.40229885,0.866,0.8825,0.59627322,0.654511,0.9760015,0.61337033,0.8794755
v2003,4,93.82962578,85.7784375,79.907,84.3655914,94.89770833,92.65804348,92.54477778,0.826,0.8625,0.53817952,0.63899567,0.8953645,0.53402433,0.5483435
v2004,4,93.62772736,83.22390625,78.046,80.70344086,95.04083333,93.39152174,90.50959184,0.82,0.8675,0.51461228,0.630678,0.8447495,0.51404433,0.464618
v2005,2,94.09199136,89.18113636,94.605,92.68235294,91.13547619,95.84189189,95.11051282,0.866,0.8775,0.5942786,0.65079,0.961573,0.595807,0.831144
v2006,2,90.71293083,79.478,73.78018868,75.11696203,75.33864865,79.6276087,67.89912088,0.496,0.5825,0.25877594,0.120977,0.2001305,0.010595,0.010901
v2007,4,91.6016114,81.37066667,75.62113208,75.26555556,79.37243243,79.8473913,77.73505376,0.56,0.6325,0.29607285,0.146973,0.2513945,0.01206667,0.0137675
v2008,4,90.33621227,75.92216216,79.49983871,75.4326087,83.51695652,80.48264706,78.84712871,0.622,0.6725,0.25916937,0.459939,0.63664,0.10610333,0.069468
v2009,4,93.05384369,79.79431818,86.68887097,81.21692308,92.31085106,91.57222222,88.69428571,0.83,0.8625,0.37048751,0.62303267,0.8603695,0.46420167,0.299773
v201,1,92.52953389,84.88166667,91.39955556,73.60264706,94.85589744,93.75130435,86.834,0.782,0.8625,0.34965786,0.62549333,0.823441,0.49036567,0.4007935
v2010,4,91.95986648,83.42933333,77.7754717,81.20536232,80.0127027,79.50369565,81.33193548,0.662,0.705,0.32579808,0.314327,0.4475265,0.035469,0.033881
v2011,0,90.09199158,77.03866667,76.91910714,70.37727273,83.6793617,76.92311111,72.48232558,0.578,0.6425,0.13615,0.257083,0.4220405,0.020622,0.0232435
v2012,2,91.36190044,80.33977778,82.34931034,70.56276923,92.66971429,90.34451613,88.44914894,0.754,0.8375,0.24065218,0.59682833,0.816623,0.374417,0.35472
v2013,0,91.42723096,80.70890625,80.00828571,76.62493333,84.7615625,79.29023256,85.446875,0.684,0.72,0.29107751,0.41132767,0.665371,0.071299,0.1136185
v2014,0,89.24952305,71.97575,77.21320755,64.50854167,74.55106383,75.36319149,57.82361702,0.45,0.55,0.1056855,0.170489,0.253771,0.012809,0.011067
v2015,1,89.2894337,77.221,70.07661538,70.67581395,74.40957447,73.11085106,61.77826923,0.436,0.5325,0.28932019,0.08910733,0.167991,0.00932967,0.0100475
v2016,2,90.53826471,77.84829268,82.85313725,72.880625,79.62897436,74.20891304,65.59232558,0.554,0.6125,0.25253081,0.158816,0.3089095,0.01270633,0.0149425
v2017,3,92.67193574,82.00863636,89.03548387,83.2467033,89.6409375,89.60555556,81.12119565,0.818,0.8375,0.37387658,0.61673367,0.888373,0.40324833,0.413525
v2018,4,90.5011129,79.1346,73.77923077,75.81302326,79.46864865,80.24666667,71.3660241,0.602,0.67,0.37783135,0.22169167,0.4526625,0.01846567,0.0276435
v2019,3,93.09593693,89.33510638,86.01793103,83.47880952,89.28864865,89.40185185,91.5290411,0.83,0.845,0.50637605,0.630903,0.918379,0.47326,0.5343395
v202,0,91.93320057,81.44452381,85.85555556,86.35441558,85.18540541,85.14847826,82.81730769,0.758,0.8,0.50293578,0.596359,0.8719545,0.35786867,0.382041
v2020,2,93.17947484,86.957,89.37354167,86.35453333,91.77295455,90.99321429,88.77960784,0.822,0.8525,0.24472376,0.61707,0.838048,0.45952667,0.293972
v2021,2,93.663846,88.9292,86.25030769,87.91428571,95.44375,93.57518519,93.8055814,0.83,0.8625,0.44975321,0.63358933,0.940649,0.494308,0.6493775
v2022,0,93.98022442,90.17,93.69282609,92.62757576,93.6212766,92.85297297,91.98363636,0.836,0.8425,0.28104517,0.639276,0.955095,0.53509933,0.7484895
v2023,0,93.33365727,82.81777778,81.70649123,86.1853012,94.55511628,92.753,93.82119048,0.846,0.875,0.41378301,0.63997,0.8980665,0.52214167,0.466783
v2024,3,89.34643833,75.37745098,70.06697674,66.28159574,80.5652381,70.76265306,72.25534884,0.446,0.54,0.1520707,0.10106933,0.172766,0.00977333,0.009986
v2025,2,92.12704088,82.79075,87.38883721,76.465,88.9453125,83.4212766,81.36955056,0.628,0.655,0.28428941,0.42196167,0.6084715,0.07245567,0.0640145
v2026,4,92.18618456,85.30725,92.43372093,78.83581081,88.285,86.24,77.52784091,0.682,0.71,0.40733942,0.532204,0.7624025,0.19707267,0.1991465
v2027,4,91.16335569,74.94625,81.67744186,70.82494505,82.47060606,79.06843137,73.68714286,0.498,0.5675,0.16970957,0.19980367,0.357348,0.01375133,0.0176565
v2028,3,88.65832827,74.01075,69.61285714,70.42891566,82.88189189,72.0662963,70.23566265,0.424,0.505,0.16811428,0.11743033,0.2003485,0.009727,0.011013
v2029,4,89.97988613,75.20666667,73.09943396,60.30176471,80.19625,80.91833333,71.5065,0.406,0.51,0.22032645,0.099927,0.185083,0.00951333,0.0102215
v203,2,89.65850475,76.30966667,73.37285714,71.74538462,78.23931818,74.41821429,68.8545283,0.486,0.57,0.1580178,0.16992167,0.281697,0.013255,0.0129645
v2030,1,89.41480448,73.62725,72.22942857,69.82329412,79.8740625,80.5062963,75.204375,0.484,0.555,0.2320704,0.131913,0.2495475,0.01058867,0.012657
v2031,3,90.80252798,74.37758065,71.65371429,76.34489583,76.12945946,79.43282609,70.33412844,0.464,0.5525,0.1849161,0.09885633,0.1863865,0.00975167,0.0110185
v2032,1,92.94311336,90.70405405,91.45532258,79.42901099,90.7578125,87.98314815,87.44522222,0.818,0.8225,0.31124254,0.63433067,0.9075695,0.51989167,0.49168
v2033,4,93.32730654,83.9075,82.81723077,76.02660714,94.21121212,93.32888889,90.79166667,0.762,0.7825,0.27527196,0.575769,0.765748,0.32369867,0.342169
v2034,2,93.36213355,81.544,85.92824561,86.84358974,94.43307692,88.95021739,93.67772152,0.794,0.825,0.48406777,0.61780467,0.9065995,0.454867,0.546813
v2035,2,91.79889698,80.70810811,84.02209677,86.74531915,89.7015625,85.5312,79.36073684,0.714,0.755,0.32130269,0.53693833,0.781973,0.20999767,0.2430405
v2036,0,94.11752389,89.105,93.21958333,88.99480519,92.12348837,96.06086207,91.015,0.838,0.885,0.49905632,0.64813967,0.945738,0.56982733,0.7037975
v2037,0,92.03710292,80.44733333,85.63894737,78.5437931,79.61416667,81.30459459,68.73710843,0.628,0.655,0.2715148,0.35535133,0.497784,0.05090433,0.045819
v2038,3,92.77182988,79.64578125,74.98785714,81.13620253,92.66228571,87.69983333,86.23541176,0.756,0.8,0.41182965,0.550873,0.797382,0.25573233,0.2871285
v2039,3,90.41724014,69.95931818,80.58354839,63.57627119,79.86860465,71.6106,68.9535,0.474,0.5675,0.21192581,0.12786567,0.2287745,0.01081433,0.0109615
v204,3,93.12323909,86.10766667,87.87878788,82.39481013,95.52384615,94.46065217,91.6075641,0.824,0.8725,0.56406727,0.604386,0.839124,0.455024,0.476681
v2040,4,92.70072994,71.03340426,84.08984127,71.96280702,90.65255814,93.94137931,86.92767123,0.794,0.85,0.41705688,0.607133,0.8478595,0.40262133,0.353897
v2041,2,92.27884883,84.52340909,88.30580645,86.27817204,82.91545455,82.54053571,75.3172,0.754,0.77,0.337282,0.57329267,0.783544,0.306045,0.2451895
v2042,1,93.44309896,86.97433962,89.09944444,79.30878378,93.39628571,91.5155,86.93565217,0.814,0.8375,0.50540919,0.58717467,0.8463635,0.34225467,0.3550505
v2043,4,91.58545013,79.86075472,81.78222222,74.45621212,83.07083333,78.16459459,70.8534375,0.56,0.64,0.25659203,0.207191,0.4151625,0.016281,0.0239945
v2044,1,90.39294942,77.1644,81.10958333,72.60261364,81.640625,77.443,74.96402174,0.438,0.5225,0.18068276,0.08644333,0.1524065,0.009325,0.0101285
v2045,2,93.28318191,71.66613636,72.126,93.10875,93.77707317,92.69433333,94.51494382,0.856,0.8775,0.54755466,0.64618767,0.936064,0.57525367,0.670595
v2046,4,91.39270692,78.185625,73.221,75.38774194,82.75875,80.37608696,74.59714286,0.556,0.62,0.2973577,0.159273,0.3019595,0.012954,0.0155865
v2047,0,94.44108081,90.60407407,89.83675676,94.11478723,95.26441176,95.61979592,94.21871429,0.866,0.89,0.44019775,0.654099,0.972167,0.60722933,0.8335195
v2048,0,93.78886197,90.25111111,89.12621622,93.6062766,95.39147059,95.28102041,94.44414286,0.868,0.89,0.43118259,0.65574,0.9794775,0.60777767,0.8568885
v2049,2,89.93562704,75.52255319,75.27741379,72.03795455,80.4953125,78.68574074,70.18463918,0.45,0.545,0.18327289,0.12053067,0.236572,0.01040533,0.011617
v205,4,91.2209223,73.06571429,84.96777778,72.79425,90.67897436,88.53695652,85.39261364,0.656,0.74,0.38773934,0.24876167,0.4505045,0.025101,0.0535805
v2050,2,89.5493057,73.92255319,72.48362069,71.72363636,80.6025,79.39222222,66.61762887,0.424,0.525,0.23142448,0.074965,0.1410755,0.00900333,0.0097995
v2051,4,90.94679724,82.27702128,77.66258621,78.32244898,82.7421875,84.14740741,71.0709375,0.51,0.5975,0.359872,0.09364167,0.1885305,0.00969833,0.0112305
v2052,2,90.25412533,72.07983871,71.41628571,76.75141026,82.08042553,77.70466667,68.48123711,0.452,0.5475,0.30616562,0.08968667,0.162606,0.00943467,0.010028
v2053,0,91.10628422,78.024,74.92246154,68.73063158,86.6659375,87.53446809,73.85363636,0.63,0.725,0.29801185,0.39358467,0.5015195,0.069502,0.0540315
v2054,0,90.57324369,79.487,82.52090909,76.91483871,84.3474359,77.72782609,78.57191781,0.462,0.555,0.2980596,0.089675,0.1491035,0.009581,0.010324
v2055,3,92.78156122,81.37923077,87.72130435,83.48101449,89.8503125,87.65837209,87.04525773,0.778,0.81,0.48591655,0.605019,0.853252,0.430988,0.351594
v2056,3,94.55189097,92.56359375,82.85128571,94.005,96.73923077,93.60043478,97.20649485,0.88,0.895,0.55182584,0.65318533,0.9708035,0.60630733,0.859301
v2057,1,94.25486592,91.11805556,93.0168,92.66128571,94.805,92.85567568,95.59168831,0.85,0.8725,0.57314311,0.64885867,0.9651965,0.58001033,0.801561
v2058,2,88.33067272,61.90627907,53.7395122,63.17160494,77.46425532,75.18911765,67.893125,0.384,0.4975,0.11945079,0.034621,0.123153,0.008157,0.0088215
v2059,4,92.69311765,84.05777778,89.0138,74.1545122,89.24717949,90.53325581,79.72163043,0.786,0.8325,0.38613371,0.582579,0.789187,0.350287,0.260367
v206,3,90.31260427,75.37204545,80.91173913,83.09893333,83.5825641,79.44847826,78.39101124,0.462,0.55,0.29654242,0.11103033,0.213905,0.01022133,0.0127825
v2060,4,89.16097097,68.27027027,75.9516129,66.46412698,85.61794872,79.43347826,76.35964286,0.436,0.545,0.24691303,0.07618333,0.132121,0.009107,0.0096145
v2061,1,92.44911526,84.92191489,86.34655172,72.71795699,87.753125,88.45444444,87.92795918,0.772,0.81,0.48119858,0.595051,0.7985765,0.38651033,0.334674
v2062,1,90.74513869,70.69083333,67.76128571,76.86411765,82.03276596,75.48735294,75.35625,0.406,0.505,0.21334355,0.083162,0.1462865,0.00923633,0.0097485
v2063,0,92.47906155,83.19216667,82.46014286,82.66522388,90.35564103,89.87139535,89.14352113,0.778,0.8125,0.44859772,0.60088367,0.890297,0.394161,0.464351
v2064,3,92.4708526,85.27830189,85.19555556,84.72583333,91.60942857,85.87068966,84.25741935,0.744,0.7825,0.27281252,0.58243833,0.823256,0.34464767,0.284209
v2065,4,90.45571832,75.82795455,80.70758065,67.29683673,83.64102564,78.84478261,72.28626263,0.488,0.5775,0.28724277,0.10846033,0.203485,0.01012533,0.0110445
v2066,4,93.29414472,87.55375,81.64857143,82.450625,92.98589744,88.875,90.46384615,0.822,0.84,0.44249767,0.62635833,0.8948835,0.47954933,0.5017365
v2067,1,91.2658734,76.28859375,72.64185714,73.18172043,81.475625,78.65391304,70.844,0.5,0.57,0.26315171,0.133654,0.228962,0.01167133,0.01132
v2068,1,90.80293474,69.45717391,79.39884615,68.58829545,79.68604651,77.60482759,65.21170213,0.504,0.5925,0.19555084,0.13577833,0.285699,0.01097433,0.0129385
v2069,3,90.6863987,77.61576923,75.54484848,69.06052083,81.84272727,81.3854902,63.3055,0.506,0.595,0.32427293,0.11404267,0.2211815,0.01052667,0.0116295
v207,3,91.62655857,77.20159091,83.62774194,76.186,86.6328125,86.45925926,79.93,0.714,0.76,0.34142452,0.51867467,0.728476,0.20509033,0.1336495
v2070,4,93.41090018,90.63081081,91.89467742,85.56702381,95.630625,94.41574468,93.80302326,0.858,0.8725,0.58936697,0.627018,0.958237,0.46281167,0.741183
v2071,0,90.65734426,78.10134615,80.29,68.13666667,79.60675676,80.24074074,75.3612766,0.562,0.615,0.31566051,0.21562067,0.3610215,0.01653433,0.0192845
v2072,0,91.99640267,80.11333333,78.26981132,73.03269231,88.1140625,84.9206383,76.50627907,0.602,0.6825,0.27253637,0.265155,0.38418,0.026164,0.02251
v2073,2,93.98214387,84.45636364,93.71021739,80.73322917,94.08676471,93.09777778,93.75026316,0.842,0.8625,0.53173964,0.61697267,0.8651775,0.490807,0.500007
v2074,2,90.13752389,73.6722,81.2368254,70.81396825,78.86106383,75.2093617,71.48987013,0.482,0.55,0.27630646,0.059854,0.178446,0.009186,0.0112905
v2075,2,90.75910779,80.5816,73.50369231,71.8573,83.30384615,75.31521739,77.93930556,0.52,0.5925,0.30380654,0.11643633,0.218934,0.01065633,0.0125305
v2076,3,93.3030998,81.18,90.1984127,79.61775,90.76057143,87.379,91.16344828,0.79,0.815,0.40042406,0.579345,0.841639,0.38078,0.40365
v2077,1,90.49802412,82.24137255,77.52892857,71.00326087,79.91540541,81.56981481,71.82307692,0.522,0.6,0.23606862,0.134142,0.275373,0.010752,0.013341
v2078,1,93.98807056,87.8634375,86.82314286,86.632,95.235,94.04296296,94.09448276,0.822,0.8375,0.47255516,0.619635,0.9174775,0.44975967,0.6274085
v2079,3,92.23265185,88.84982143,86.36390244,78.86895522,90.72571429,87.77068966,87.041,0.784,0.7975,0.31750918,0.609939,0.8861895,0.44155833,0.4835105
v208,1,93.30126732,96.388,92.16848485,93.22190476,94.75680851,90.49133333,95.59272727,0.87,0.885,0.61568917,0.65444267,0.9802425,0.60948567,0.8871545
v2080,2,87.16759308,77.13829787,76.5962069,70.772,74.21604651,75.10586207,62.33102041,0.378,0.495,0.25550521,0.06742767,0.1128475,0.00882933,0.0090255
v2081,3,92.28705679,84.38978723,86.28034483,75.62468354,94.64142857,91.14745455,89.38353535,0.808,0.8525,0.35322648,0.590886,0.7983285,0.35982467,0.364693
v2082,0,92.29278277,82.4425,87.04114286,75.24914634,92.8459375,91.56259259,87.96186047,0.8,0.83,0.41423217,0.583575,0.8060105,0.34307167,0.304611
v2083,4,90.10746694,70.78375,83.18767442,68.25853333,79.85625,71.86674419,66.10700935,0.456,0.535,0.13913077,0.149607,0.2867095,0.01096,0.0136005
v2084,2,89.38678412,75.95808511,78.74103448,68.01534247,81.84170213,73.78333333,72.0338,0.384,0.49,0.1793531,0.065683,0.1106515,0.00868833,0.0089605
v2085,0,87.85132487,73.38774194,72.38414286,73.67078652,80.59372093,68.8522,65.8294,0.402,0.51,0.24834787,0.07507667,0.129046,0.00897433,0.0091415
v2086,3,93.57601475,86.4393617,84.53862069,79.09244444,94.341875,92.1085,91.42896552,0.768,0.82,0.52889661,0.58213133,0.784313,0.36571967,0.3480495
v2087,1,93.28656786,90.27738095,90.32936508,94.00621622,93.19194444,90.7027451,92.55289157,0.83,0.8525,0.55168873,0.636877,0.9491605,0.53701833,0.7083685
v2088,0,94.23202904,94.9972973,93.22887097,93.39688525,96.82794872,93.95086957,96.55085366,0.894,0.9075,0.57023404,0.64894333,0.9716995,0.60057333,0.861094
v2089,0,92.99799591,87.41446809,84.51844828,79.92055556,92.8396875,90.1875,90.07471264,0.772,0.8125,0.51044232,0.57629867,0.792465,0.34147133,0.3211215
v209,0,90.62296667,73.05625,80.31854545,70.128,84.46128205,82.715,75.59708861,0.618,0.7,0.27980795,0.35861,0.518354,0.048022,0.044472
v2090,1,94.6028428,94.0272549,86.54093023,96.76152941,97.1645,96.04918367,96.26666667,0.888,0.9075,0.48774832,0.65398833,0.9852215,0.61308867,0.9189725
v2091,4,88.77526137,56.28909091,76.20155172,63.01031579,80.96205128,72.1073913,64.85059406,0.438,0.5325,0.22854033,0.084194,0.142402,0.00940267,0.009142
v2092,3,91.37767157,77.863,78.85885714,75.18126761,86.67272727,85.19745098,80.06986301,0.628,0.6975,0.35106194,0.27024,0.473414,0.02731033,0.036977
v2093,1,92.86479074,83.64525,89.00571429,81.38763158,90.34461538,88.70217391,93.80139241,0.83,0.86,0.42464609,0.64126,0.9395495,0.54421633,0.6485275
v2094,1,88.88794648,74.0375,69.472,70.77284314,80.09585366,70.1905,66.10663366,0.418,0.5075,0.16011326,0.08537233,0.149321,0.009446,0.009653
v2095,1,90.77468618,82.61545455,82.25362069,77.97777778,79.75446809,79.32765957,69.98076923,0.52,0.5875,0.31844839,0.156806,0.3067185,0.01304633,0.014854
v2096,0,94.18082074,91.734,91.02228571,91.75891892,94.88060606,94.50078431,95.00863636,0.87,0.8875,0.55695877,0.65299,0.9764895,0.59926767,0.8430345
v2097,2,91.74163516,80.25,87.12960784,66.66592593,83.85136364,81.65017857,86.978625,0.732,0.795,0.27537286,0.55151667,0.7727315,0.279521,0.2605745
v2098,1,89.460834,63.53772727,77.82344828,66.06966667,82.86794872,72.645,69.04742574,0.428,0.5225,0.25480757,0.07875833,0.1347105,0.009213,0.009056
v2099,4,93.61626085,79.11022727,79.026,76.01116279,93.04121212,91.15372549,90.96231707,0.798,0.8325,0.48980873,0.59751267,0.82957,0.41301433,0.3785085
v21,0,92.30289549,80.57727273,88.81043478,79.71321839,81.54744681,83.26489362,80.82,0.662,0.6925,0.44254797,0.38593533,0.55148,0.07265267,0.058252
v210,0,91.43285076,77.90181818,87.8576087,67.70209302,84.37297872,81.78111111,83.21733333,0.742,0.77,0.4786902,0.562876,0.7643465,0.291896,0.1952575
v2100,1,88.75753012,71.627,69.00830769,73.63375,79.65465116,76.84327586,69.96583333,0.414,0.5225,0.29912148,0.07801633,0.132388,0.009175,0.0093245
v2101,2,93.3535213,91.80025,91.98971429,88.87728571,92.27463415,86.17216667,95.45440476,0.862,0.8825,0.54228188,0.65137067,0.964786,0.593323,0.7933135
v2102,0,88.05334799,66.96933333,72.2045283,54.99632184,74.08113636,72.10946429,62.02145455,0.37,0.4925,0.09507102,0.0683,0.1117225,0.008922,0.0085905
v2103,2,93.59937411,83.43666667,90.39711111,91.6492,93.06727273,92.38019608,91.42052632,0.838,0.8575,0.51674019,0.64011733,0.9474715,0.52956567,0.6669965
v2104,0,90.10226906,68.54276596,79.36,67.83205882,68.97411765,78.25653061,73.8035443,0.63,0.72,0.26750608,0.42209033,0.5748145,0.085459,0.066835
v2105,3,90.29555465,79.35226415,81.60981481,73.79507246,78.28125,79.45103448,81.91582418,0.558,0.6575,0.31712367,0.17729833,0.3729315,0.01493733,0.023964
v2106,4,92.8579704,84.5635,87.15514286,79.08581081,89.53159091,92.55156863,91.08056338,0.838,0.87,0.46374511,0.631624,0.935523,0.50047567,0.596408
v2107,3,89.4257503,72.5118,75.28253968,76.365,78.86954545,80.80196078,78.26772152,0.426,0.525,0.2569912,0.07024233,0.118792,0.00900067,0.0093205
v2108,2,89.43936316,75.96962264,78.1087037,65.27022727,80.656875,73.51217391,70.70153846,0.4,0.5025,0.20638118,0.07394267,0.1229665,0.00910567,0.0088765
v2109,4,89.1120556,72.07977778,77.6962069,71.35405797,72.59234043,68.58617021,67.0975,0.42,0.5225,0.25629585,0.113123,0.1710305,0.010274,0.010076
v211,0,94.12963666,91.85472222,95.71133333,81.85318841,96.81,96.04586957,96.09579545,0.862,0.8875,0.55756981,0.62758833,0.865886,0.53735633,0.5595085
v2110,2,90.55359473,72.06409091,77.30326087,77.18805556,75.91113636,80.92588235,82.59214286,0.592,0.6575,0.24892628,0.283019,0.4482355,0.02777467,0.036279
v2111,4,88.8750362,66.125,63.93657143,65.43189873,82.00953488,69.2362,72.7872093,0.42,0.5225,0.3097201,0.07457467,0.131089,0.009084,0.0090715
v2112,3,93.13526454,80.99977273,87.79521739,90.37375,91.17204545,93.85058824,91.27242424,0.832,0.865,0.49973216,0.63821133,0.9484805,0.52683567,0.7014295
v2113,0,92.54418134,90.45972973,89.36693548,92.69618421,72.0975,91.72745098,92.738,0.846,0.8775,0.41740073,0.65177033,0.9709165,0.582673,0.805258
v2114,3,90.78194512,74.40068182,81.09274194,73.65647727,76.85574468,78.78764706,69.07148936,0.488,0.5825,0.20910495,0.155846,0.2194365,0.01276633,0.0116795
v2115,2,90.19799394,77.37333333,82.8266,62.00931818,79.9969697,76.28803922,73.29445783,0.432,0.5225,0.27754968,0.08118667,0.1418295,0.00929567,0.009423
v2116,0,90.91772736,78.5354,73.41169231,76.98179487,82.3678125,83.15296296,69.413125,0.638,0.695,0.16078334,0.35735067,0.478853,0.051271,0.0311735
v2117,4,88.72621545,69.53073171,77.97921569,69.78487179,75.95692308,72.24490196,65.23348837,0.382,0.4975,0.3253012,0.06753133,0.1100805,0.008924,0.0086945
v2118,4,89.09394481,77.53025,73.66257143,82.74915663,75.01810811,76.97717391,79.05043478,0.48,0.565,0.33907731,0.11707333,0.184783,0.01059333,0.0113315
v2119,3,88.43706452,61.9734,74.81984127,63.21808219,83.09820513,71.24521739,77.31988764,0.402,0.51,0.32433888,0.06658467,0.1092945,0.00885867,0.0090525
v212,4,90.47650183,76.93081081,82.26403226,70.1421519,90.58205128,86.88608696,84.43564706,0.658,0.74,0.29221858,0.236305,0.4065745,0.022825,0.0389025
v2120,0,91.21557387,83.34941176,75.98375,77.98802817,81.10425532,78.76675676,85.69247059,0.51,0.6025,0.19351153,0.12309933,0.211782,0.01107267,0.012497
v2121,1,89.69320668,71.0672,69.09030769,62.70824561,74.3175,70.49553571,70.85860759,0.506,0.5925,0.20029764,0.26203367,0.4190955,0.02361,0.019966
v2122,4,90.5871683,74.3724,73.88107692,65.42641304,81.46425532,80.12,72.27259259,0.544,0.6225,0.32487782,0.15685,0.290568,0.013193,0.014999
v2123,2,91.19949149,83.76725,84.03976744,83.33240506,81.05148936,81.38972973,82.19758621,0.484,0.56,0.19405064,0.05378067,0.176881,0.008922,0.011835
v2124,2,92.576078,91.4605,90.72228571,85.14171429,87.99136364,85.35892857,94.32573171,0.85,0.8725,0.50836096,0.64905267,0.970053,0.56761433,0.774624
v2125,4,90.54835363,75.39365854,82.82137255,78.71355932,76.35340426,74.57340426,69.5409434,0.432,0.53,0.34882868,0.08122267,0.134087,0.00931367,0.009687
v2126,1,89.86507378,80.904,80.00939394,77.88208791,83.81666667,77.79823529,77.30303922,0.452,0.5425,0.27162883,0.08903267,0.1479335,0.009527,0.010193
v2127,2,87.86685697,71.99,75.90458333,70.60328358,72.46023256,68.81137931,63.92731707,0.35,0.4925,0.17517808,0.06975367,0.117226,0.00895,0.0088105
v2128,3,93.08454304,73.81243902,85.90509804,81.4256,92.19060606,90.26960784,89.64567901,0.792,0.8275,0.43032116,0.620564,0.884112,0.452928,0.4552365
v2129,2,92.46548426,77.4327027,90.216875,79.34077922,86.26113636,90.57982143,89.50591398,0.798,0.8475,0.30541571,0.619016,0.831428,0.484008,0.426461
v213,4,91.35878376,80.51555556,87.1166,69.77925926,91.28769231,89.41212766,80.67413333,0.678,0.755,0.41726199,0.28076067,0.492865,0.03223467,0.0641635
v2130,3,88.9136435,71.98666667,72.33414286,75.6,77.71205882,74.61673469,65.93585859,0.408,0.515,0.32428787,0.07647733,0.125336,0.00916167,0.0091885
v2131,2,90.31181964,79.26471698,80.16796296,83.74196721,77.4475,73.98232143,72.90318182,0.472,0.5575,0.20294739,0.12113133,0.2077405,0.01076667,0.01138
v2132,2,92.659474,87.51875,84.02285714,85.0725,86.63954545,92.1254902,89.52076923,0.83,0.8525,0.50751847,0.62798067,0.9169175,0.497151,0.549557
v2133,4,91.32517213,81.22575,84.278,66.668625,83.72828571,78.93966667,74.85414634,0.588,0.6575,0.26571633,0.19100967,0.299258,0.01589167,0.0154695
v2134,0,89.94413333,68.934,75.17140351,62.94638298,73.38361702,73.51510638,70.86853659,0.426,0.53,0.18388201,0.083778,0.1541605,0.00932833,0.0095965
v2135,4,90.12032051,78.09981132,78.905,82.48650794,77.91159091,71.73410714,74.07659091,0.464,0.5575,0.14580389,0.13443267,0.2389895,0.011268,0.0124965
v2136,4,89.26736257,83.21137255,72.69093023,73.95247059,81.59871795,77.4226087,80.40691358,0.424,0.5125,0.0982807,0.078642,0.127822,0.009263,0.0095105
v2137,1,88.81128735,70.22931818,77.93354839,60.42313725,83.23787879,77.81647059,65.44583333,0.41,0.5075,0.26638407,0.080911,0.138502,0.00926667,0.0093665
v2138,3,88.13902517,65.69785714,76.08714286,63.78326087,74.62617021,70.95744681,59.37961538,0.396,0.51,0.31968747,0.08036033,0.14106,0.00930433,0.0092325
v2139,0,92.30361297,75.02622222,83.85280702,85.47597015,86.92704545,89.61098039,87.53227273,0.766,0.815,0.32502038,0.58411833,0.8443135,0.35564667,0.370651
v214,2,93.71899248,87.64933333,81.9545283,79.73126761,95.88897436,94.04565217,93.24238636,0.834,0.87,0.47901168,0.616746,0.8176965,0.49599667,0.4655975
v2140,3,90.96251627,80.65875,82.87727273,71.01465909,80.68511628,78.80827586,78.028625,0.622,0.6775,0.36582677,0.37702167,0.5268955,0.05692367,0.042669
v2141,4,91.49366045,71.75142857,84.59428571,72.61793651,87.87697674,79.8202,75.58145833,0.628,0.695,0.23898859,0.41074567,0.5727495,0.088906,0.0442815
v2142,1,91.85092191,79.75083333,85.84622222,69.89210526,86.53304348,88.66117647,84.45203125,0.608,0.675,0.24910233,0.17997733,0.4089305,0.01623667,0.0363635
v2143,4,90.67205607,75.48666667,83.57066667,59.59052632,87.44,82.92425926,84.31416667,0.558,0.635,0.25179668,0.25982,0.4669205,0.02061867,0.0321135
v2144,0,90.29798564,72.6815625,70.224,71.0204878,81.2382,77.88478261,74.47267327,0.48,0.5625,0.24507105,0.08442367,0.1578815,0.00930133,0.0103565
v2145,0,94.74948065,94.59254902,87.72930233,97.26976471,97.19175,96.09693878,96.16481481,0.884,0.9,0.50885309,0.65621267,0.983834,0.621931,0.920555
v2146,1,91.69087812,79.1165,85.00485714,65.77925532,89.776875,89.935,81.95410959,0.774,0.8125,0.36449849,0.56338333,0.766898,0.25203167,0.1618235
v2147,4,91.5782385,77.74766667,72.36028571,85.92351351,82.01925,82.93137931,82.73372727,0.554,0.6275,0.32805219,0.15277967,0.2564885,0.01278133,0.0151405
v2148,3,92.64345815,84.81375,85.21771429,86.694375,93.783125,92.845,87.7583908,0.838,0.8575,0.56673551,0.63492433,0.924139,0.509867,0.5393545
v215,0,91.77241477,81.55018868,86.09111111,78.68702703,91.98564103,90.82978261,82.85434211,0.766,0.8325,0.49963516,0.61277733,0.889414,0.43817833,0.466273
v216,4,89.75827432,71.52305556,84.69355556,64.80535714,88.74282051,80.92956522,82.00420455,0.48,0.58,0.24877951,0.09892,0.1724135,0.009848,0.0109285
v217,3,92.35447813,81.4572973,85.63822581,72.48725,95.13794872,93.47456522,90.74305882,0.818,0.87,0.42660155,0.597736,0.7791875,0.416542,0.4177815
v218,2,91.329204,77.7946875,74.15628571,83.70460674,81.95852941,78.76367347,71.65622222,0.608,0.6575,0.24495989,0.39895933,0.556325,0.06344133,0.0540735
v219,0,88.14391269,68.896,67.01057143,66.10824324,77.35457143,74.60612903,69.28517647,0.404,0.5075,0.16702476,0.089374,0.15838,0.009295,0.009811
v22,2,93.28156756,75.82659574,91.73968254,73.48513514,94.15078947,93.44303571,93.02258427,0.838,0.87,0.46388208,0.614224,0.8637735,0.48527767,0.484645
v220,1,94.352594,88.6725,83.44357143,95.84808824,93.76021277,90.06404255,95.42423077,0.852,0.88,0.55961723,0.64826333,0.9542915,0.592591,0.795817
v221,3,90.71493058,79.32566667,81.62848485,76.67565789,86.20829787,83.24533333,81.32425287,0.568,0.6525,0.4577399,0.13825867,0.2323285,0.01180167,0.013644
v222,3,89.43704049,66.80204545,79.56172414,67.99634921,77.60076923,73.98352941,72.57802632,0.388,0.5,0.32607334,0.07053667,0.1197445,0.008952,0.009133
v223,1,92.80821838,83.02387097,80.39428571,82.08276596,92.24512821,87.91717391,90.08057143,0.796,0.83,0.45501183,0.60483233,0.8265485,0.42417533,0.391317
v224,3,93.52249694,90.66388889,94.77133333,83.93652174,96.09692308,94.8,94.37911111,0.848,0.88,0.52509946,0.640863,0.943418,0.54841367,0.6916065
v225,2,91.9670273,82.50088889,80.55553571,81.49406977,92.6178125,92.18203704,87.82483516,0.774,0.83,0.38792661,0.61424167,0.895283,0.44090833,0.4783225
v226,4,91.96319187,80.88216667,77.33157143,78.09932203,89.3625641,87.90565217,81.08914286,0.752,0.8125,0.39492404,0.54623667,0.7621425,0.268294,0.2221265
v227,3,92.65837167,82.87159091,87.65793103,85.61,91.20875,91.69638298,81.69146341,0.782,0.835,0.4695934,0.60986767,0.863995,0.421224,0.3713235
v228,3,90.8434512,74.552,77.86070175,76.82278481,83.7206383,79.63422222,77.08130435,0.604,0.675,0.42725842,0.32492733,0.4919855,0.03560567,0.0417015
v229,2,89.91089137,73.81044444,78.5045614,74.45732394,85.12222222,83.51568627,74.79404494,0.536,0.6175,0.35251589,0.133143,0.3017985,0.011413,0.016035
v23,1,89.94421569,79.8244,77.486,76.65313953,81.87514286,71.80163636,68.12386364,0.418,0.5125,0.12010684,0.08475267,0.149615,0.00951067,0.0098495
v230,2,93.32863507,87.34955556,81.08150943,79.42464789,94.53179487,92.93347826,92.39658537,0.832,0.8675,0.5201788,0.60832067,0.826471,0.46733133,0.453097
v231,0,92.50704925,85.8195,88.07981818,75.2391358,90.57923077,85.21891304,83.83340659,0.746,0.775,0.44082137,0.50291233,0.703118,0.199523,0.138465
v232,1,91.72206694,77.10675,77.52942857,71.60953488,85.26125,80.49027027,83.53785714,0.678,0.7275,0.32676876,0.53179033,0.7209395,0.22285967,0.1428975
v233,2,92.08688674,82.9232,76.43707692,77.3305102,90.81179487,89.75065217,86.86971429,0.76,0.8175,0.41023895,0.58683333,0.809773,0.35716433,0.2912765
v234,3,93.44704587,85.44,92.08177778,75.07202703,95.58538462,94.35717391,90.67170455,0.818,0.8675,0.5088836,0.59333767,0.795064,0.408621,0.438596
v235,4,90.24076877,76.378,73.71846154,75.62415385,83.23418605,72.5638,73.59021277,0.518,0.5975,0.26783843,0.16442067,0.289195,0.01299667,0.0137615
v236,4,89.04128679,72.15840909,76.26652174,71.34898734,84.60846154,77.59173913,74.63042553,0.412,0.5125,0.05386044,0.03898833,0.1374915,0.00830833,0.009337
v237,3,91.17328455,79.32675676,82.19209677,72.2825974,89.4725641,87.37782609,78.72838384,0.712,0.785,0.33970742,0.54770733,0.6235965,0.267252,0.1135785
v238,3,89.48348115,73.58931818,78.79108696,64.23270833,72.86510638,76.37638298,63.76160714,0.444,0.5525,0.31068608,0.10354533,0.1891085,0.00988933,0.010901
v239,4,93.28894481,84.01277778,91.0458,75.86113924,95.00692308,93.625,91.12320988,0.806,0.855,0.44164781,0.583549,0.7921365,0.389203,0.422693
v24,1,94.79619344,94.33196078,88.58837209,96.724,97.356,96.26367347,96.31583333,0.89,0.91,0.44796079,0.65627867,0.9844225,0.62317167,0.918375
v240,1,93.50909662,82.75522727,88.88793103,84.54825397,95.04205128,93.56021739,91.40777778,0.816,0.86,0.46968302,0.62835033,0.883681,0.51029067,0.497623
v241,3,93.06063942,74.60744681,85.89190476,77.56026667,95.69717949,94.66891304,91.19359551,0.83,0.8775,0.50973462,0.58572767,0.78741,0.40750633,0.436336
v242,0,89.1327245,71.3145,71.30428571,66.31974359,85.23538462,75.43956522,78.49544444,0.428,0.5325,0.25253059,0.078389,0.131959,0.009155,0.009442
v243,3,93.55189621,90.27203125,83.04514286,89.99688172,95.92025641,92.15021739,95.85084211,0.838,0.86,0.51148712,0.62864433,0.9169345,0.53487367,0.6648245
v244,2,93.44628124,82.75941176,85.76321429,88.01169231,95.59384615,92.14782609,93.30202247,0.834,0.87,0.5368916,0.63548,0.9343295,0.54337667,0.650882
v245,4,90.15029106,74.077,73.25257143,73.36131579,67.11058824,78.84979592,68.03088608,0.61,0.6725,0.31437426,0.339182,0.502375,0.03864033,0.0332635
v246,3,92.67605951,80.65048387,79.16585714,80.12083333,92.29179487,90.08543478,83.445,0.818,0.8525,0.55630235,0.587745,0.8276715,0.38183333,0.348897
v247,2,89.14746907,70.75,77.66108696,67.36367089,77.4278125,81.55240741,66.1445283,0.462,0.5575,0.22073922,0.11917333,0.221742,0.010525,0.011467
v248,0,89.47220037,72.11166667,77.26513514,58.13761194,82.63615385,79.74043478,75.08885714,0.476,0.5875,0.24971306,0.09315867,0.171147,0.00976167,0.010178
v249,0,93.26640386,85.62354839,81.96785714,89.068,92.54,90.20847826,91.43591549,0.786,0.8275,0.50542143,0.62352367,0.90089,0.48610133,0.537016
v25,3,91.13389927,77.07288889,82.33912281,71.45506329,83.65578947,82.64767857,83.59230769,0.688,0.73,0.41452217,0.43584267,0.665648,0.096592,0.1006415
v250,3,90.84101004,81.64866667,81.36424242,75.94149425,87.44333333,87.18608696,75.09823529,0.708,0.7875,0.44455304,0.50401933,0.722155,0.19100567,0.158258
v251,2,90.52839057,73.48219512,80.19196078,69.533875,83.40276596,80.47622222,72.40822222,0.504,0.6,0.41713287,0.103363,0.191969,0.01018433,0.011477
v252,4,92.1749534,87.60783784,88.8566129,79.62372093,91.88234043,84.84755556,90.86649485,0.798,0.825,0.41732626,0.61652533,0.8800975,0.455634,0.4894775
v253,0,92.77669373,74.03675,88.76339623,74.81851064,94.43282051,92.6976087,89.28756098,0.822,0.865,0.41228689,0.63938167,0.888818,0.52927567,0.4564715
v254,4,91.38462069,82.12611111,87.6688,72.790125,89.37666667,86.16826087,82.24411765,0.574,0.665,0.41416834,0.12613533,0.2158965,0.011417,0.0128455
v255,2,89.90558144,73.33015625,69.49728571,78.61868852,83.23441176,78.41367347,63.56509434,0.49,0.58,0.24160097,0.133718,0.2268995,0.01128067,0.011906
v256,2,93.20736122,84.792,80.73415094,82.24090909,95.45153846,94.41956522,90.58067568,0.82,0.87,0.49028974,0.62936767,0.8921795,0.51854767,0.498508
v257,2,88.04931056,70.48688889,74.43862069,67.07355263,82.44030303,79.01176471,68.04857143,0.38,0.4975,0.18699088,0.07140967,0.117114,0.00897367,0.0087645
v258,1,91.64743961,80.6902,75.70015385,80.14083333,87.18769231,81.23847826,82.70721519,0.634,0.6925,0.22472656,0.47987433,0.6681855,0.13082,0.1028435
v259,4,90.31612844,76.24805556,82.26133333,74.71547945,86.68692308,74.81891304,80.40755556,0.452,0.5425,0.31302506,0.10785133,0.196261,0.01007867,0.011685
v26,4,92.65788644,87.84830189,87.40518519,83.78255319,92.6546875,92.01259259,86.59204545,0.8,0.8325,0.40552636,0.62254667,0.9038735,0.451604,0.449809
v260,4,93.76836673,84.96640625,80.27142857,84.40258824,95.99794872,94.98021739,93.7187234,0.838,0.88,0.49108702,0.616992,0.825847,0.509217,0.477764
v261,1,93.6078245,88.28575,90.81636364,81.09202128,95.83,93.68065217,93.08116279,0.842,0.88,0.52201363,0.63766867,0.914664,0.55346867,0.597748
v262,0,90.09342955,76.31865385,77.90909091,67.35911765,78.11173913,76.20529412,64.23153846,0.514,0.5925,0.27472672,0.19532533,0.349617,0.01536733,0.015798
v263,3,92.24968888,79.00935484,79.24228571,80.8008,88.52333333,84.54304348,80.49302632,0.744,0.785,0.44839331,0.58539833,0.832481,0.31811233,0.269633
v264,2,91.42318091,79.19083333,76.70514286,76.77138298,89.11361702,82.24822222,83.5312037,0.704,0.7475,0.37680995,0.558286,0.781431,0.29492467,0.2145415
v265,0,93.2404943,91.18355556,82.48301887,91.17897059,95.36512821,95.53434783,92.14376471,0.854,0.8825,0.56438304,0.648768,0.9482395,0.58417233,0.729972
v266,1,93.42790911,83.19636364,89.4026087,90.06215385,95.97282051,94.78891304,94.54123596,0.852,0.8825,0.56114699,0.64620033,0.9522205,0.57259433,0.7280605
v267,3,93.22806797,88.95194444,92.80133333,79.13964912,95.75435897,94.485,91.32705263,0.828,0.8775,0.46869027,0.633425,0.839538,0.523564,0.451995
v268,1,93.79706816,92.9275,94.18044444,89.95607143,96.21435897,95.10086957,95.3777907,0.852,0.885,0.46930429,0.647544,0.9601495,0.584601,0.7639865
v269,3,93.6687158,94.48861111,95.63911111,93.7426087,96.35538462,96.05978261,95.17617978,0.874,0.8975,0.57509109,0.65533833,0.9752915,0.61406533,0.863458
v27,2,89.48149542,71.06954545,78.74565217,71.01133333,76.33538462,73.18348837,64.67,0.526,0.6075,0.15479148,0.30615233,0.4496965,0.028879,0.023998
v270,4,92.84998178,88.38660377,88.47722222,84.63473684,95.81435897,94.69234043,93.95921348,0.826,0.865,0.5651508,0.627282,0.8977265,0.51249467,0.575035
v271,4,92.05854099,80.44066667,84.55,71.52047619,94.14384615,93.20282609,89.468,0.768,0.86,0.39349902,0.58309167,0.7543165,0.375162,0.352503
v272,4,90.30939931,78.32288889,74.29125,72.031,73.81636364,74.72589286,71.85227273,0.506,0.5875,0.21022641,0.27001433,0.4124335,0.02245267,0.022143
v273,4,90.19201091,78.792,75.29446429,74.4337931,78.93883721,70.2894,71.58585366,0.496,0.5725,0.2271861,0.172342,0.3213055,0.01345533,0.014931
v274,4,93.2681588,86.86622222,79.69226415,80.11952941,96.07589744,94.89891304,91.30314607,0.844,0.8875,0.48768841,0.610583,0.8111855,0.48124733,0.4315045
v275,1,89.37945857,73.862,80.07090909,72.36721311,85.98564103,74.65304348,75.494,0.436,0.555,0.14799135,0.113989,0.163941,0.010577,0.0104145
v276,1,92.03026866,80.45466667,83.63090909,76.45341772,93.85461538,92.27869565,86.56917808,0.782,0.87,0.39291466,0.62093533,0.856519,0.45532667,0.447206
v277,3,92.68631052,84.39375,77.55257143,82.30663158,90.77358974,91.13195652,83.22097826,0.788,0.835,0.46068637,0.60866367,0.850839,0.44172133,0.3551535
v278,0,90.3368074,74.30774194,72.43271429,71.68916667,83.17205128,78.33565217,76.72257143,0.514,0.605,0.37272865,0.103262,0.185766,0.010192,0.0106695
v279,1,89.06904781,79.76083333,82.56111111,66.58963855,85.32538462,78.0076087,75.99651685,0.408,0.52,0.22463419,0.03514067,0.112851,0.00820867,0.009175
v28,4,93.20051826,87.68957447,85.87086207,83.70873563,93.70685714,92.78403226,91.14285714,0.828,0.865,0.46594105,0.636416,0.87727,0.522196,0.4781245
v280,4,90.62899797,76.19244444,80.80034483,69.86375,89.03897436,85.90717391,81.36516484,0.636,0.715,0.29539445,0.196044,0.414545,0.016751,0.03336
v281,0,90.84590716,80.85755556,76.1390566,77.77453333,76.50085106,74.20297872,70.09915789,0.472,0.5625,0.40382285,0.10424533,0.1966815,0.01012233,0.011172
v282,3,93.66992945,87.15490196,86.00410714,78.97641304,95.82769231,94.28413043,91.2483,0.85,0.8875,0.48731134,0.635803,0.8828395,0.537601,0.4777775
v283,4,94.5671026,91.88414634,92.78784314,94.42121951,94.49210526,93.39071429,97.0255814,0.84,0.8525,0.53184839,0.642901,0.959312,0.56552467,0.796731
v284,3,93.06104298,88.71540541,93.8675,89.93090909,94.94410256,94.07695652,92.38439024,0.85,0.8825,0.53781772,0.65187167,0.966235,0.59650433,0.8000235
v285,0,92.69961407,82.60725806,79.15585714,80.86183673,91.27435897,88.86565217,85.34142857,0.798,0.835,0.55197725,0.60431233,0.838207,0.42601033,0.3860545
v286,3,91.59456963,75.05386364,84.01456522,73.76034483,89.63512821,84.34195652,86.13142857,0.692,0.75,0.31113909,0.55377967,0.713055,0.25362967,0.2180685
v287,4,93.62630151,89.77583333,94.84422222,80.53169014,96.91128205,95.72456522,95.77853933,0.858,0.8875,0.47493228,0.64658,0.909526,0.57935967,0.648609
v288,3,89.97357977,73.88363636,81.42347826,73.56727273,85.72906977,80.949,72.35627119,0.616,0.69,0.25778697,0.24561867,0.4248845,0.02221233,0.0253585
v289,1,93.24345714,86.85595745,84.37275862,81.97276316,95.06794872,94.46652174,87.96761364,0.81,0.87,0.35737583,0.63654833,0.883768,0.52877733,0.5014
v29,1,93.47639572,89.98810811,85.98048387,91.93709677,91.88657143,92.75983333,76.77378947,0.836,0.8625,0.31875664,0.63730833,0.8957375,0.534386,0.5193295
v290,3,92.43378138,83.31075,87.80584906,88.02138889,87.21384615,80.73647059,83.82474227,0.75,0.785,0.50897,0.56296767,0.7977045,0.291067,0.2897685
v291,0,93.40240827,86.60888889,91.1464,82.0945,93.66923077,92.64586957,88.95988235,0.784,0.835,0.47164893,0.59742267,0.839952,0.41328767,0.4347605
v292,0,92.11003612,80.88467742,78.135,77.76326923,89.11897436,85.85717391,84.95644737,0.75,0.8,0.43577949,0.582115,0.7712535,0.345436,0.2906255
v293,1,92.37776805,87.54546875,84.10014286,87.58521739,85.71488372,80.7328,84.46139785,0.776,0.7825,0.42677614,0.620099,0.8740865,0.47150767,0.442186
v294,0,89.57373482,75.681,69.83385714,67.25113402,74.01567568,78.44869565,76.25671875,0.402,0.51,0.41135715,0.06999833,0.119998,0.00894767,0.0093495
v295,3,93.58780623,84.33022727,91.20021739,90.34898551,91.77808511,92.81911765,91.89563218,0.83,0.855,0.60660271,0.641252,0.9477755,0.549865,0.713393
v296,4,93.21088623,84.535,90.3532,77.58871795,93.91,92.83478261,88.87105882,0.79,0.84,0.45154908,0.57971367,0.7974845,0.37943533,0.3879485
v297,4,90.12264938,77.97644444,76.39571429,69.42708333,83.22680851,81.65933333,71.012,0.534,0.6375,0.32502685,0.11913567,0.2150745,0.01081367,0.01186
v298,0,89.53285628,71.44613636,81.06086957,71.29977528,76.22230769,70.83843137,68.38536842,0.474,0.5625,0.31680395,0.12574367,0.223088,0.010805,0.0117735
v299,1,90.81351109,70.41069767,73.8845614,72.80277778,86.23978723,82.53488889,81.68205479,0.716,0.77,0.37646036,0.53618233,0.723424,0.249518,0.1733035
v3,1,94.39125426,92.9933871,84.559,96.25034091,96.962,93.91,96.19911111,0.87,0.885,0.57414073,0.65484733,0.9790255,0.61546467,0.8776645
v30,1,89.64544908,77.711,76.84269231,70.62817308,81.16382353,77.02877551,72.20247312,0.394,0.495,0.1263844,0.08176767,0.1423475,0.009148,0.0092935
v300,1,93.46206764,82.45977273,88.63344828,83.7121875,95.12820513,93.43695652,91.26555556,0.81,0.86,0.44898344,0.62191067,0.86231,0.49072733,0.4700315
v301,4,93.63132939,90.50722222,95.10311111,80.38589041,96.78717949,95.05173913,94.672875,0.854,0.8825,0.55870646,0.621237,0.857453,0.518106,0.5231305
v302,3,93.34483937,89.31234043,85.86896552,84.85246753,93.49666667,92.02521739,89.73418919,0.834,0.8625,0.53344016,0.63223933,0.920069,0.51687033,0.5871365
v303,4,92.62830857,82.5075,88.85169811,80.49125,89.03675,83.55783784,81.29457627,0.728,0.75,0.22542086,0.589092,0.8137115,0.35131567,0.286043
v304,2,90.58514315,77.23977778,76.24339623,64.42156863,79.46581395,74.2904,68.95362637,0.46,0.55,0.26686559,0.08930567,0.154546,0.009532,0.0098145
v305,2,94.0037818,91.20088889,87.05566038,91.1903125,96.12769231,95.49652174,95.84117647,0.86,0.8825,0.56424462,0.649145,0.967542,0.59219067,0.8039425
v306,3,92.54845811,84.85066667,80.60716981,83.16283784,94.2,93.62108696,85.95173913,0.802,0.8625,0.46220809,0.62801367,0.9071195,0.49009133,0.502401
v307,0,89.02141212,63.73,74.1947619,69.19786667,81.60384615,74.44565217,67.07052083,0.466,0.57,0.23293526,0.095243,0.175717,0.009761,0.0101335
v308,3,91.21467593,85.96540541,83.58306452,84.20851852,89.52574468,83.57404255,87.01650794,0.754,0.8175,0.38381389,0.62134367,0.9034755,0.44965167,0.4688535
v309,2,91.44932644,78.24166667,85.23675676,63.48190476,92.64846154,90.34195652,85.47686869,0.776,0.84,0.38726873,0.597086,0.8157005,0.411397,0.368794
v31,1,95.10007037,94.84843137,89.93627907,97.07282353,97.623,96.78040816,96.63009259,0.896,0.9125,0.47728514,0.657388,0.985892,0.628311,0.9282085
v310,3,92.3327453,86.28754717,86.98296296,80.89453333,91.84628571,85.56672727,86.51521739,0.774,0.81,0.47968955,0.61298467,0.8815975,0.437116,0.433265
v311,3,91.80530355,64.57375,84.07566038,75.97418367,88.06783784,88.78826087,79.92086022,0.76,0.81,0.39365549,0.57863667,0.8120445,0.326329,0.2554125
v312,3,93.62103603,87.08688889,82.73301887,84.67393939,95.77461538,94.86130435,94.0539759,0.828,0.87,0.52991615,0.63559367,0.925785,0.53658133,0.604026
v313,3,92.88974374,84.34532258,82.30028571,84.20916667,93.69410256,90.26043478,91.66215909,0.784,0.83,0.41700754,0.572373,0.7684835,0.35324133,0.3723535
v314,3,92.52392539,89.28395833,89.36365385,89.20666667,94.50384615,93.85108696,90.33926829,0.836,0.8675,0.58707947,0.64277767,0.938932,0.56278167,0.698883
v315,3,90.68852959,76.47459459,81.58258065,69.314375,90.58,87.70521739,83.40471264,0.638,0.72,0.3834438,0.15612533,0.287995,0.01342633,0.0186195
v316,3,93.91460788,88.72622222,83.92716981,81.36760563,96.24846154,94.95521739,94.66402299,0.838,0.875,0.48393904,0.631751,0.8869515,0.52848167,0.564953
v317,1,93.84706002,89.22775,90.21109091,88.40369863,94.76538462,94.13108696,91.59432099,0.834,0.87,0.5346546,0.64030167,0.927159,0.547713,0.6303325
v318,4,92.84430205,84.56783333,79.72071429,76.40789474,94.41512821,93.27630435,86.27778947,0.802,0.87,0.41612737,0.599771,0.8093145,0.40549367,0.3752915
v319,1,93.60340612,93.37388889,95.07533333,91.33544118,96.41410256,96.06195652,95.01382022,0.872,0.8975,0.55351121,0.65342767,0.9640265,0.60291733,0.815597
v32,4,93.06627907,88.71888889,81.64017544,90.16171429,87.1856,90.56565217,82.76326316,0.81,0.8375,0.37312232,0.59463,0.8066695,0.402184,0.2465225
v320,3,92.85427928,82.65590909,89.52021739,81.40535211,88.76702128,90.83088235,84.17157303,0.788,0.81,0.52634121,0.60760033,0.8582435,0.441708,0.3891875
v321,4,90.5308048,73.805625,69.82185714,73.56736264,85.47974359,77.05361702,77.79927083,0.484,0.57,0.33881567,0.10632867,0.197344,0.01031033,0.010968
v322,4,93.05477961,88.0365,77.03,82.98151163,94.71615385,93.34130435,91.66964706,0.814,0.8575,0.46575793,0.60983433,0.865198,0.46947567,0.4888285
v323,4,93.19446396,84.37723404,82.58672414,84.46148649,94.03205128,93.82304348,84.61183908,0.788,0.86,0.40903345,0.63197533,0.8810315,0.50208533,0.4130925
v324,0,89.45544772,72.285,78.65807692,74.56583333,86.6625641,81.1123913,80.86962025,0.48,0.585,0.35745794,0.092337,0.1712015,0.009648,0.010902
v325,3,93.82758801,88.57354839,82.59114286,92.45022222,94.49538462,92.84804348,92.79042857,0.834,0.8625,0.58913212,0.63337433,0.9295965,0.520986,0.656143
v326,3,91.71761535,86.32886364,92.13282609,82.97533333,89.28081081,85.37944444,86.173125,0.816,0.83,0.54735872,0.63616233,0.941988,0.49632567,0.6086035
v327,3,89.88077266,70.370625,80.37076923,74.53064103,87.45179487,80.31434783,81.17265823,0.478,0.5775,0.4079232,0.086683,0.158773,0.00942133,0.010574
v328,0,92.75213988,79.13703125,77.38214286,76.35981132,95.50641026,92.80869565,89.48132075,0.816,0.8675,0.45579128,0.59692533,0.78368,0.40860333,0.4092275
v329,3,91.89135788,79.8358,76.90523077,79.35617021,86.55589744,80.44369565,84.0160241,0.628,0.6875,0.32487251,0.400641,0.6492585,0.06562967,0.097558
v33,2,93.72535431,83.86895833,90.33230769,80.40846154,95.30625,94.72962963,92.91643678,0.83,0.8525,0.4572999,0.62397533,0.8967865,0.47735067,0.5471625
v330,3,93.12668363,84.06,82.52514286,82.760875,93.58333333,91.96434783,88.61358974,0.816,0.8525,0.52144919,0.62762967,0.899571,0.502405,0.4778665
v331,3,91.46595455,73.25390244,83.07490196,70.16121951,86.22489362,85.49377778,76.34659091,0.68,0.7675,0.4585455,0.40082467,0.598105,0.081945,0.0856455
v332,4,93.51271779,91.09083333,94.72644444,82.54869565,95.92410256,94.56652174,94.01051948,0.842,0.875,0.55794037,0.61389733,0.844833,0.49543667,0.4956925
v333,2,94.02380894,89.85755556,85.28471698,83.49380282,95.7025641,94.86543478,94.23376471,0.842,0.875,0.49999456,0.629824,0.8706305,0.52778433,0.5394525
v334,4,92.87492786,85.1953125,78.40957143,86.49068182,93.11666667,88.32956522,93.82445783,0.804,0.8275,0.39639212,0.61549867,0.871588,0.46965433,0.489122
v335,4,89.71123077,75.39125,75.31195122,64.46285714,83.90513514,69.89685185,72.84382979,0.498,0.58,0.13084164,0.15692867,0.249919,0.01236867,0.011636
v336,4,92.9555398,82.4884,86.75857143,90.53632353,95.41153846,94.2876087,93.74297619,0.83,0.865,0.52936126,0.64475133,0.9538455,0.57208967,0.7657155
v337,1,90.03148732,75.1653125,71.80742857,72.25804348,80.23078947,76.20160714,74.9921,0.474,0.5625,0.25823899,0.10619833,0.200175,0.01005733,0.011353
v338,2,88.33304575,75.2896,68.75846154,65.99293478,79.40085714,69.38137931,70.72489362,0.426,0.5525,0.16488948,0.13067533,0.217319,0.01101333,0.0107065
v339,2,92.481,80.17954545,88.07065217,83.08766234,86.85212766,82.70977778,88.19887324,0.736,0.755,0.48871777,0.58989667,0.8401,0.34765267,0.3326245
v34,2,91.81,87.07189189,87.63290323,87.47104651,88.25852941,86.29938776,80.61,0.76,0.7775,0.43412262,0.60718567,0.8186935,0.38425533,0.325738
v340,0,91.56885876,80.96909091,85.92435484,75.21824176,86.23948718,84.8376087,77.328,0.65,0.7125,0.44961361,0.31429467,0.5027595,0.039639,0.044996
v341,3,93.41705366,87.39333333,92.69333333,75.53671053,95.44384615,93.21630435,92.34049383,0.816,0.855,0.55258889,0.587648,0.800292,0.40544,0.436232
v342,3,90.67136073,74.7896875,70.20857143,73.57551282,83.28468085,83.562,65.29745098,0.622,0.695,0.31960729,0.23164867,0.3876385,0.020535,0.020483
v343,4,89.86887038,75.2265,81.35325581,68.59066667,62.12409091,74.16535714,67.4625641,0.538,0.6125,0.10453438,0.268999,0.3752025,0.02426967,0.019241
v344,3,94.00476355,92.27166667,94.99,80.34797297,96.63589744,95.58652174,95.42133333,0.856,0.8875,0.53464235,0.628508,0.8694295,0.533403,0.5604145
v345,4,91.37662086,80.07735849,81.13833333,72.34795699,83.84790698,87.42189655,75.67925926,0.636,0.73,0.25489124,0.22491067,0.4016065,0.01983167,0.0228545
v346,1,92.66278455,85.2726,83.1684127,77.78719512,91.76564103,91.18586957,90.70068966,0.776,0.82,0.42598624,0.53356233,0.768092,0.286538,0.3233775
v347,2,89.70774031,82.45311111,77.90490566,77.60098901,81.85638298,77.76644444,76.48771739,0.412,0.515,0.2046203,0.078192,0.133372,0.00913367,0.009739
v348,3,90.31578628,65.526,77.43968254,68.21183099,90.09230769,84.86782609,82.62682353,0.572,0.6675,0.31659554,0.12318933,0.214656,0.01123333,0.012981
v349,0,90.35059002,79.70155556,79.64,73.24644444,86.70102564,78.58478261,81.83573171,0.514,0.605,0.26405433,0.119935,0.218791,0.01090467,0.011986
v35,1,94.31812056,94.1825,93.61365854,88.76205128,93.29468085,90.06333333,94.37614583,0.838,0.85,0.55053117,0.64941767,0.9665465,0.592041,0.8306375
v350,4,91.80924949,72.97116279,64.19365854,77.29357895,96.4825641,94.74565217,93.91518072,0.816,0.88,0.44207208,0.58185967,0.7858605,0.39313233,0.459537
v351,3,93.5890126,85.51722222,90.4014,89.4292,94.1425641,92.34304348,91.79878049,0.792,0.8375,0.46348197,0.62908967,0.897511,0.50246833,0.5569895
v352,1,91.96134887,85.89388889,89.37444444,80.07442623,90.83358974,87.48978261,83.95955556,0.702,0.7725,0.42143092,0.35939333,0.629034,0.06110733,0.1313555
v353,0,90.14553135,76.23911111,76.10132075,70.01056338,84.11,74.41630435,78.26461538,0.43,0.5325,0.25999391,0.08478967,0.1402145,0.00938633,0.009727
v354,4,89.71226842,86.97837838,85.87032258,84.27829787,90.56794872,90.85883721,82.27258427,0.776,0.8375,0.44341658,0.57305067,0.83887,0.35932333,0.3874135
v355,4,92.63998985,79.364,76.33098039,72.90917808,95.23666667,93.0723913,90.35474227,0.804,0.855,0.45559226,0.577956,0.7402035,0.38506667,0.3929655
v356,3,89.45960796,77.81733333,79.30275862,67.60360465,85.43974359,74.84826087,80.3675,0.44,0.5375,0.44048606,0.07904033,0.1478245,0.009229,0.0098855
v357,2,92.89274745,76.315,75.72803922,81.1948,95.72410256,94.71043478,92.19939024,0.832,0.875,0.47548101,0.62670467,0.8871645,0.49916967,0.524284
v358,1,92.30836957,81.00333333,75.343,84.12545455,90.32923077,88.27782609,82.98347222,0.758,0.8125,0.45415502,0.58390667,0.791585,0.35662467,0.2910745
v359,2,92.71150396,86.90096154,88.14878788,75.5285567,91.4109375,88.70555556,87.4288172,0.784,0.8125,0.38795134,0.60600333,0.879902,0.42106133,0.404406
v36,0,91.75230038,85.94875,84.44,77.8378022,76.65863636,77.36196429,78.41153846,0.676,0.6925,0.40021282,0.44249967,0.632134,0.11114933,0.079377
v360,2,90.52749593,71.3265,71.44628571,68.45120482,79.674,75.43216216,72.63758621,0.546,0.615,0.22365307,0.28749767,0.4404235,0.02546633,0.0238055
v361,3,89.81539561,74.31878049,80.73117647,65.7689,67.48372093,70.5342,69.8038,0.462,0.55,0.30604829,0.10755067,0.1933805,0.01006,0.0107065
v362,4,93.65301941,91.83055556,95.65355556,82.36647887,96.68076923,95.13130435,94.94775,0.854,0.8825,0.55683019,0.62584167,0.8661325,0.53318333,0.541781
v363,3,93.82565013,89.08175,91.15745455,86.27581081,96.11128205,94.83043478,94.1962963,0.866,0.8925,0.51662491,0.64844267,0.9482525,0.581363,0.7155425
v364,3,90.09174045,74.87208333,79.71115385,74.6556044,81.86461538,74.99152174,75.03116279,0.454,0.545,0.20512198,0.107916,0.196246,0.01006767,0.010913
v365,2,89.93146718,71.57725,72.23457143,75.60282051,80.86538462,74.90744186,72.15585106,0.508,0.6,0.13894666,0.20504933,0.381863,0.01592133,0.0199365
v366,0,89.78294511,66.672,74.31526316,60.80703297,82.85974359,74.62413043,73.75414634,0.444,0.535,0.31307052,0.0929,0.1715205,0.009631,0.009984
v367,2,91.67983623,82.9045,89.95069767,74.51660714,83.91021739,83.36323529,76.34990741,0.642,0.6775,0.25779254,0.33660867,0.538586,0.04606667,0.0497695
v368,4,92.58344876,83.70209677,78.60285714,80.82778947,94.09333333,93.09021739,84.97460784,0.8,0.8525,0.46604669,0.61282033,0.817022,0.474457,0.392972
v369,4,93.52849878,84.9004878,88.12078431,86.48445652,92.1687234,90.71755556,91.98709302,0.802,0.8375,0.54505351,0.61644633,0.8894835,0.45972833,0.531833
v37,3,90.54239865,77.44709677,74.76542857,75.33315789,83.56790698,75.4262,78.13673913,0.508,0.59,0.22676839,0.15961767,0.3256925,0.01280133,0.0164605
v370,2,93.14701432,84.13625,78.22628571,75.91769231,94.36948718,91.16347826,91.46446429,0.82,0.8525,0.54386631,0.61447,0.870953,0.470342,0.4909615
v371,2,92.99192581,83.29162162,89.61,79.5856,95.61923077,95.02217391,88.40822222,0.764,0.8725,0.43927477,0.57997567,0.7732605,0.397456,0.431492
v372,1,93.24834583,77.6825,87.50344828,80.87590164,94.55461538,92.35173913,90.35897727,0.8,0.8525,0.46504417,0.608579,0.835603,0.44316433,0.4200755
v373,1,93.26052429,80.63948718,88.5323913,88.71428571,93.38512821,91.23217391,90.40472527,0.788,0.82,0.41218391,0.62382233,0.9100125,0.46603533,0.532263
v374,1,93.49461099,92.02694444,94.736,85.80608696,94.11641026,89.30521739,91.04576471,0.828,0.8425,0.50147043,0.633363,0.9201385,0.514706,0.6062245
v375,4,93.78628216,91.01191489,89.64551724,91.79081395,96.62871795,96.43673913,95.79773333,0.862,0.8875,0.55565454,0.65235633,0.9677795,0.605397,0.845572
v376,2,93.02924548,88.289,90.72121212,82.75158537,92.53914894,90.15117647,94.09292135,0.836,0.8625,0.57644155,0.644607,0.946692,0.56824333,0.708933
v377,4,91.46573054,80.78288889,82.78172414,72.23411765,91.70794872,90.01695652,85.32285714,0.706,0.78,0.35471201,0.39437333,0.5968595,0.08564933,0.157071
v378,4,88.89941903,67.11136364,61.32628571,69.59662651,86.74717949,76.04130435,77.81724138,0.394,0.5025,0.1235765,0.066518,0.1095655,0.008866,0.009179
v379,1,92.69280169,82.47403226,79.41671429,82.72306122,91.91589744,88.58717391,89.36761194,0.794,0.83,0.53481233,0.58138467,0.8175165,0.37438533,0.3568265
v38,3,91.99429148,86.65125,83.15195122,79.90204819,86.18638298,81.26911111,77.54825,0.738,0.7475,0.38914597,0.57678567,0.7914865,0.32447333,0.263428
v380,3,93.60112642,84.804,85.99807018,82.93345679,95.68230769,94.62456522,91.92468085,0.832,0.8725,0.49323343,0.64061733,0.9223965,0.56115233,0.5928155
v381,4,93.74501631,92.71861111,95.54955556,88.21169014,96.71769231,96.27043478,95.95988889,0.86,0.89,0.55397466,0.64352233,0.92349,0.576542,0.677053
v382,4,91.59928919,80.97755556,81.31150943,79.89311688,87.11,80.20478261,82.80515789,0.49,0.5675,0.25617918,0.13384767,0.268466,0.011446,0.014654
v383,4,93.26337212,82.41777778,92.02844444,91.07691176,96.16333333,95.74456522,94.52629213,0.85,0.8825,0.53013304,0.64925233,0.959899,0.58547467,0.76502
v384,1,90.23302405,68.4193617,79.59809524,68.24880952,84.07564103,80.78108696,73.14685714,0.592,0.67,0.35857554,0.146918,0.3131995,0.01235033,0.0160595
v385,1,94.11840807,95.00638889,95.73444444,91.83684932,96.75897436,96.325,95.913,0.868,0.8925,0.54121649,0.651342,0.960904,0.598579,0.8238195
v386,4,91.4109862,82.10966667,74.77628571,79.21509434,85.92352941,87.54102041,73.74,0.694,0.755,0.36069648,0.395344,0.5980975,0.08190333,0.079602
v387,0,93.06738839,80.5354717,91.72185185,77.84111111,93.79769231,91.11565217,90.14048387,0.838,0.865,0.60090024,0.62380333,0.9011275,0.489783,0.5508805
v388,3,93.62646503,86.92422222,88.61280702,80.3504,96.05846154,95.1876087,93.62466019,0.842,0.885,0.49170377,0.603349,0.81198,0.46655567,0.4681645
v389,4,90.82214633,80.80822222,82.0212069,76.27277778,88.46487179,84.57914894,81.54047619,0.684,0.7525,0.36162521,0.46068433,0.6522315,0.13286933,0.1223435
v39,1,93.4484279,95.91711111,94.7854386,92.63070423,91.60842105,91.32982143,94.09925,0.858,0.8725,0.60181958,0.65282567,0.976155,0.60481667,0.8587665
v390,0,89.86497185,73.03258065,71.89242857,70.60857143,81.41589744,77.04478261,71.26666667,0.468,0.5625,0.37691639,0.08403433,0.1545005,0.00945533,0.0097595
v391,4,93.2717739,75.49680851,88.67142857,87.01985294,94.70615385,93.86521739,94.7062963,0.836,0.87,0.51349408,0.64166833,0.9269975,0.561007,0.604192
v392,4,92.23146604,81.28840909,85.33673913,87.7692,88.41307692,85.66391304,77.14041237,0.764,0.795,0.31119822,0.61922,0.8903455,0.428882,0.4312305
v393,3,92.78070365,83.6538,89.66520833,87.91630769,88.02512821,81.71470588,89.82272727,0.764,0.7975,0.46990011,0.61077033,0.8636605,0.42566833,0.4293055
v394,4,92.7229721,73.87404255,86.44428571,76.57367089,95.26307692,93.40826087,91.41808989,0.826,0.8675,0.4740287,0.61439833,0.842362,0.46159,0.452245
v395,4,91.15328664,82.54297297,85.32645161,79.17894737,91.74282051,91.25065217,83.96721649,0.792,0.85,0.3433911,0.63189233,0.872962,0.49693,0.3909695
v396,3,90.24073908,75.94388889,82.134,71.7748,86.21794872,76.73847826,78.65777778,0.432,0.5225,0.31647375,0.10429033,0.1724035,0.009909,0.0106915
v397,4,89.54336126,72.4615,70.09185714,61.85650794,82.62615385,75.77413043,67.5059,0.45,0.54,0.14735125,0.09549833,0.1802955,0.00966433,0.0099945
v398,4,92.65872023,74.98153846,83.40586957,74.27477273,94.15153846,91.93586957,89.7245122,0.77,0.8475,0.46662456,0.594294,0.8168095,0.409644,0.4140495
v399,0,92.98955936,84.174,77.62371429,85.98208333,93.10461538,90.20347826,90.86071429,0.794,0.835,0.50016455,0.600268,0.839394,0.40769433,0.4325475
v4,0,93.70674964,92.86425,89.76942857,93.41701299,95.04846154,91.94478261,93.663125,0.828,0.8475,0.54615404,0.64110667,0.95242,0.55495067,0.759359
v40,2,91.74313265,79.44548387,77.83771429,78.46756098,86.27769231,82.35369565,73.80254902,0.664,0.6975,0.31676726,0.40004533,0.601812,0.07568433,0.0603465
v400,3,91.47443499,81.44066667,80.83642857,74.76979592,88.32871795,87.09565217,72.60604651,0.716,0.7925,0.36146579,0.48644167,0.6027255,0.16102533,0.0793035
v401,3,92.20683825,77.09954545,88.7026087,79.15516129,87.32297872,86.64955556,80.82363636,0.766,0.79,0.52023213,0.582494,0.7895765,0.341407,0.227714
v402,2,88.796875,72.222,76.55706897,62.48904255,87.20538462,78.15891304,82.09037037,0.432,0.5375,0.13898918,0.040583,0.1249615,0.00839,0.0092905
v403,3,89.97123529,77.58945946,79.1683871,73.42177778,85.19487179,77.66543478,80.87855556,0.512,0.5875,0.19388255,0.155313,0.2769685,0.01249867,0.01431
v404,2,93.04385857,88.86227273,92.22086957,91.18741379,91.12947368,90.67589286,92.54106667,0.842,0.855,0.53215525,0.645218,0.9552185,0.56134733,0.747421
v405,1,92.79027158,83.47048387,77.98528571,86.17066667,93.67358974,91.00021739,91.85785714,0.802,0.8425,0.54768559,0.60253433,0.8339185,0.42639967,0.4312265
v406,4,91.55348991,81.06363636,86.40913793,77.1566129,89.85641026,87.9726087,74.76412371,0.65,0.74,0.28964199,0.22819967,0.4392355,0.02157467,0.0374295
v407,3,92.72860619,80.68822581,79.23785714,83.29,92.79102564,90.51,83.54928571,0.81,0.8525,0.54291939,0.61274967,0.8476225,0.45593367,0.3908715
v408,4,92.94146056,87.7116,81.39030769,87.46855556,93.98512821,91.76347826,91.86865854,0.8,0.8425,0.4597641,0.63040233,0.9263875,0.50992467,0.6056985
v409,4,93.33806993,91.6645283,89.31814815,86.71830986,90.73531915,88.53444444,91.77228261,0.832,0.86,0.6109404,0.63553433,0.9226425,0.539246,0.6439975
v41,2,93.69789805,93.38714286,92.72170732,89.87048193,90.91902439,79.27616667,91.32139535,0.838,0.84,0.52654698,0.64959367,0.957849,0.582928,0.7451075
v410,4,91.91285283,81.9018,78.70815385,71.37904762,91.22794872,87.36913043,84.109125,0.74,0.8,0.37094598,0.49598267,0.7117345,0.19830933,0.1715545
v411,0,89.50719376,68.82795455,77.40362069,77.33338462,82.57358974,75.00021739,71.89122222,0.404,0.505,0.31956711,0.07557767,0.126284,0.009121,0.009231
v412,4,93.31979521,81.11159091,85.77580645,80.17662791,94.10769231,93.30695652,89.26539474,0.806,0.86,0.42178033,0.616402,0.8559875,0.45242933,0.4175025
v413,4,92.26085813,73.97808511,86.58238095,74.40346154,93.89666667,91.17217391,90.00317647,0.75,0.8025,0.45648707,0.397979,0.54711,0.092219,0.14057
v414,0,88.68669796,66.16136364,76.74048387,62.30179775,68.16810811,70.24565217,65.41272727,0.412,0.525,0.27664793,0.08321867,0.1459855,0.00932967,0.0095785
v415,4,93.27813855,85.75755556,82.71339623,79.99688889,95.92538462,94.67326087,92.898875,0.83,0.8775,0.54451565,0.622628,0.840366,0.508935,0.4839985
v416,3,88.84139205,69.51675,64.11714286,65.53776471,83.85794872,74.30652174,75.38722222,0.44,0.53,0.35073359,0.08769067,0.1437015,0.00942967,0.009914
v417,4,91.53633943,82.13216216,88.60625,79.90406593,91.41179487,84.62521739,87.30079545,0.73,0.78,0.29377641,0.58315767,0.8381975,0.35837367,0.352181
v418,4,93.29844127,91.65916667,94.23422222,87.94380952,96.35512821,95.46065217,95.00044444,0.848,0.88,0.52703361,0.646291,0.950807,0.57164467,0.734788
v419,1,93.0420596,78.31090909,73.89685714,83.66833333,95.87333333,93.76043478,92.4641573,0.816,0.8675,0.5440721,0.62497767,0.8780495,0.51762333,0.519139
v42,3,93.50119173,89.86540541,92.2371875,90.0638,88.52358974,83.32176471,87.05392857,0.782,0.7875,0.47937107,0.63173433,0.9200435,0.49775733,0.567878
v420,1,89.62803225,67.85302326,73.76877193,67.54382716,82.75282051,79.12782609,76.916,0.456,0.565,0.30988055,0.08095433,0.1416955,0.00937033,0.009658
v421,0,93.66363729,87.71361111,92.1528,81.66837838,96.14717949,94.79043478,94.01580247,0.836,0.87,0.54900885,0.62271267,0.874425,0.50679,0.5413515
v422,4,93.2296146,83.98027778,90.308,77.9524359,94.29923077,93.03978261,89.47166667,0.792,0.845,0.44478771,0.58808933,0.812727,0.39815233,0.4112175
v423,2,93.30850452,88.00890625,81.829,89.35626667,93.37820513,90.77586957,92.89852273,0.81,0.835,0.35643779,0.63341467,0.939552,0.51341133,0.697212
v424,4,93.19733701,93.69916667,94.62088889,93.85698413,96.25641026,95.25,94.97784091,0.856,0.88,0.56390168,0.651578,0.9733935,0.59456167,0.8573165
v425,0,90.66976566,79.19375,86.29545455,69.47272727,88.09923077,80.4823913,87.185625,0.498,0.5825,0.30849333,0.10866033,0.1857565,0.01042567,0.0108175
v426,2,91.62752749,80.71735849,85.53611111,72.83090909,81.90162162,81.78586957,80.5416,0.7,0.735,0.45224365,0.49006133,0.685891,0.14073867,0.1185975
v427,3,92.193878,81.143,78.02842857,81.97125,90.89410256,89.28,85.27637681,0.782,0.8275,0.45890025,0.602547,0.856465,0.40031533,0.3757405
v428,0,90.13248438,77.40783333,71.93371429,76.14943396,79.850625,76.59139535,70.25238095,0.49,0.5725,0.29981216,0.128474,0.2146065,0.01122567,0.0115165
v429,4,94.05962691,96.16361111,96.31177778,94.39410959,97.06794872,96.74391304,96.72842697,0.876,0.8975,0.5653837,0.654454,0.9756215,0.61221267,0.8877575
v43,3,89.9127502,68.34839286,74.10585366,71.28385965,79.61578947,74.94035714,74.2705,0.38,0.4775,0.21923254,0.069135,0.119353,0.00891567,0.008892
v430,4,92.8912384,83.0838,85.49428571,77.57697368,95.22897436,94.22195652,88.45939394,0.832,0.8725,0.4011434,0.63789433,0.821839,0.538238,0.4075205
v431,3,93.25564997,80.30581395,80.39122807,82.27413793,94.75923077,93.91456522,91.42037037,0.808,0.855,0.50478016,0.61402667,0.875924,0.45427633,0.4876745
v432,4,93.17588355,87.68916667,92.48977778,79.95217391,95.08615385,93.98391304,92.56626506,0.824,0.8675,0.49458752,0.60212667,0.810644,0.450291,0.4445355
v433,3,92.38639121,83.28675676,86.68322581,74.96531646,94.21820513,93.13369565,89.06833333,0.814,0.8625,0.42026503,0.593764,0.782659,0.41379833,0.3976305
v434,4,92.17948953,73.27611111,88.20955556,70.41305882,95.06846154,93.38891304,88.043,0.802,0.8625,0.38700627,0.59268633,0.782644,0.40176433,0.39314
v435,0,92.62346865,82.6566129,78.22885714,85.12469388,91.2825641,88.62065217,89.80887324,0.742,0.79,0.43803367,0.56637233,0.8007505,0.33772767,0.347223
v436,0,90.93655397,83.6075,86.702,75.83246377,82.46588235,81.93,70.44727273,0.656,0.715,0.33443925,0.37034667,0.572095,0.058176,0.0533835
v437,3,89.17651638,63.58333333,71.13666667,67.05045977,82.45487179,73.58652174,78.33204301,0.448,0.545,0.26536408,0.105928,0.2126235,0.009988,0.0114995
v438,4,93.20705715,89.95,94.294,83.55094118,96.11615385,93.76319149,94.83303371,0.834,0.865,0.53826388,0.633022,0.911663,0.53076333,0.6079935
v439,3,89.90588768,77.03,82.07037037,70.3215,82.00147059,76.76897959,71.83105769,0.524,0.6125,0.27723517,0.27412967,0.4553955,0.02450767,0.0252245
v44,2,93.45890048,87.24019231,87.37575758,83.98036364,93.23953488,89.5692,94.56333333,0.824,0.8575,0.57783279,0.63842467,0.8908385,0.545575,0.516541
v440,2,90.78363044,75.2502439,82.47215686,73.09594937,84.86558824,85.44102041,73.42682353,0.556,0.6475,0.30676606,0.13502433,0.2575365,0.01161367,0.0141295
v441,2,88.98093775,75.50054054,83.1640625,67.53408163,80.45257143,77.84745455,67.9682,0.456,0.58,0.219319,0.12682167,0.2257205,0.01107567,0.0112765
v442,3,90.07276206,78.40611111,83.33377778,70.61604938,82.93589744,76.81255319,72.01797753,0.526,0.61,0.22725346,0.19632233,0.337391,0.015014,0.016523
v443,4,93.60606771,85.18416667,90.89,77.61383562,96.41461538,95.18108696,92.24093023,0.822,0.88,0.42721178,0.619769,0.81924,0.49598767,0.4763935
v444,0,89.45642974,71.087,70.55457143,75.61666667,83.87307692,76.66695652,80.85759036,0.47,0.5675,0.3632647,0.09187833,0.1696,0.00957233,0.010852
v445,0,91.89810552,78.51640625,75.04942857,78.73843373,87.11851064,86.66866667,78.67752577,0.74,0.7875,0.44211392,0.53451867,0.7112535,0.244981,0.1194095
v446,4,92.41719741,84.53166667,84.46134615,80.57646465,92.03230769,89.93586957,90.98883117,0.766,0.8225,0.46074791,0.59322,0.8484635,0.39889867,0.434871
v447,4,93.53263802,93.09603774,90.74037037,94.16505263,93.81851064,90.15133333,91.51733333,0.842,0.8575,0.50011639,0.646432,0.9450245,0.56928933,0.7088895
v448,3,91.83726222,80.5995,86.99325581,79.47697674,83.66702128,81.15638298,74.81032258,0.696,0.7375,0.4130242,0.52912167,0.752145,0.21793733,0.1730265
v449,2,94.1229691,79.2212766,89.77190476,80.74641975,96.28948718,95.18478261,94.60663043,0.852,0.89,0.51572098,0.61357833,0.8154245,0.486518,0.4807425
v45,1,90.95486378,73.455,71.51428571,69.53133333,80.326875,75.8106383,75.96210526,0.504,0.5825,0.20635369,0.25185267,0.3359555,0.02113433,0.017173
v450,1,92.50247073,86.35568182,88.35608696,84.80490909,89.03852941,91.39938776,81.33746032,0.794,0.825,0.4896269,0.6084,0.8721525,0.41930833,0.4379525
v451,1,93.48421287,88.41351351,92.5121875,83.47240741,94.32641026,92.27391304,89.91482759,0.788,0.8425,0.46477287,0.60120067,0.8291,0.44805533,0.421146
v452,1,93.8496236,92.59166667,94.97466667,86.89607143,96.49025641,95.78,95.865,0.868,0.89,0.55647847,0.63968267,0.91913,0.56776067,0.658064
v453,1,90.63225306,77.20472222,85.13422222,72.13347826,86.10461538,80.74042553,79.30397727,0.506,0.5925,0.35407621,0.10861033,0.1876465,0.01033733,0.011193
v454,1,90.33468744,75.96583333,82.37666667,74.97329114,87.59,78.51152174,80.33633333,0.474,0.5725,0.25743536,0.127553,0.259785,0.011007,0.014363
v455,1,94.19064076,93.49861111,95.16488889,87.44928571,96.76230769,96.1,96.66539326,0.876,0.895,0.56142569,0.64544433,0.9250345,0.586718,0.677342
v456,3,93.25943829,75.97851064,87.17666667,84.30731959,95.00128205,94.03521739,93.46891566,0.816,0.8625,0.49981574,0.61836233,0.866312,0.48514533,0.5042435
v457,2,93.02404935,91.2824,80.45892308,92.6984127,89.7178125,91.95234043,76.52395833,0.816,0.85,0.52920069,0.59830767,0.8723465,0.39484233,0.4306655
v458,2,93.13,81.97851064,92.35396825,80.5575,94.53692308,88.85847826,93.54365079,0.828,0.85,0.53778046,0.608222,0.873008,0.43483667,0.486086
v459,0,89.49212689,72.1425,78.50032258,64.44892157,73.7312766,69.36957447,71.86228261,0.418,0.52,0.29573659,0.08754667,0.1623985,0.00947667,0.009898
v46,2,94.03684871,92.98849057,92.62722222,93.19011628,95.08625,94.96037037,88.77358696,0.844,0.8625,0.59730742,0.640784,0.932435,0.56142367,0.7027015
v460,3,93.16676483,84.39363636,94.61456522,87.53626506,91.86538462,89.19326087,93.02397727,0.82,0.8275,0.45547758,0.639163,0.942144,0.55747367,0.7222115
v461,3,90.18950856,78.03527778,82.61444444,69.92082192,87.52692308,80.92891304,77.91550562,0.478,0.585,0.41192806,0.08731533,0.1491825,0.00955167,0.010191
v462,1,94.40725255,93.93888889,95.68177778,90.16949367,96.90051282,96.42956522,96.72227273,0.87,0.8925,0.5606743,0.64809233,0.945987,0.58948767,0.753982
v463,1,93.62671362,86.57967742,84.10485714,90.046,93.65102564,92.62021739,89.96279412,0.818,0.855,0.55859775,0.62541033,0.8856825,0.504081,0.515887
v464,1,93.59151073,87.43321429,87.92926829,88.79107143,94.04128205,90.6826087,92.77673913,0.8,0.8225,0.46230373,0.62974833,0.908875,0.50563133,0.5784465
v465,3,93.81698901,89.85075,91.94072727,83.59117647,95.49102564,93.64717391,93.92869048,0.834,0.865,0.56477747,0.634336,0.8845595,0.548855,0.564871
v466,4,91.86095614,81.06784314,77.1355814,77.11158537,94.11820513,92.83826087,85.82113402,0.792,0.855,0.43003041,0.58955067,0.786382,0.40745167,0.3797635
v467,1,93.51441622,90.35681818,91.25413043,91.215,93.37088235,94.58632653,93.36430556,0.852,0.875,0.55198598,0.639626,0.9605105,0.52607367,0.7727325
v468,1,92.8972063,81.07851064,82.60155172,79.88310811,91.91906977,94.95534483,89.33227273,0.786,0.86,0.33364624,0.62135833,0.880134,0.47549667,0.4915645
v469,2,93.04327302,85.716,84.5852381,82.8069,93.57358974,93.37,88.831,0.818,0.8575,0.46861818,0.61213167,0.86582,0.45604167,0.4415345
v47,0,91.44475426,72.75982143,76.68365854,73.01569231,88.47860465,80.9022,83.42202128,0.538,0.615,0.33110371,0.14066433,0.2723325,0.01207067,0.0157695
v470,4,92.86616753,86.316875,81.46957143,86.71505376,94.42,93.94195652,88.8222449,0.816,0.86,0.48231517,0.635477,0.9116735,0.551383,0.5999805
v471,3,92.89808011,83.69886364,92.14658537,86.17267857,89.58538462,86.44217391,83.41301205,0.776,0.7825,0.42152596,0.615868,0.8517275,0.44902,0.3796245
v472,1,89.30854871,67.64659091,78.65967742,65.87422222,84.44282051,75.30478261,74.768,0.406,0.5075,0.19972853,0.07467133,0.1302175,0.00905067,0.009124
v473,4,92.3664849,83.96607843,80.49186047,76.10329268,93.93076923,91.24326087,90.8195122,0.806,0.8475,0.41731893,0.60952667,0.806623,0.450093,0.4103935
v474,0,92.87217828,86.09984375,78.20657143,85.84329412,91.57794872,89.9773913,84.869375,0.802,0.835,0.47660109,0.61044233,0.861008,0.44861233,0.397507
v475,3,90.03157618,75.72318182,85.14478261,69.25157303,85.14542857,77.91472727,81.47301205,0.56,0.6225,0.34486998,0.16934667,0.2930285,0.01374333,0.017361
v476,4,93.15238655,87.75844444,86.27169811,81.47076923,95.77051282,93.91652174,94.36365854,0.842,0.8725,0.49783815,0.631083,0.885051,0.53168733,0.550814
v477,4,92.09401464,79.44372549,73.72093023,81.1145614,89.53085106,84.39933333,86.05166667,0.7,0.75,0.37385831,0.538573,0.7365195,0.244398,0.164417
v478,4,90.98605107,81.42777778,86.10577778,69.65662162,88.34179487,83.7526087,82.41883117,0.574,0.665,0.33971677,0.14920267,0.257014,0.012636,0.014508
v479,1,94.12165513,92.80138889,94.82888889,86.12725,96.79589744,95.7623913,96.13808989,0.866,0.89,0.54438939,0.639685,0.924655,0.55929533,0.652149
v48,4,90.24523635,77.24089286,78.87585366,77.04101695,81.58131579,69.44696429,77.78835052,0.428,0.505,0.23711177,0.04332233,0.1396865,0.008504,0.0096985
v480,4,92.79279879,79.55090909,87.82741935,76.56736842,90.71948718,89.74043478,85.81764706,0.794,0.835,0.42752881,0.59845367,0.8220675,0.39655967,0.324704
v481,3,92.18271469,82.72375,87.82727273,73.43921348,89.65076923,83.12543478,87.03950617,0.706,0.7375,0.31647187,0.52872767,0.757897,0.206617,0.204483
v482,0,90.01805913,76.94629032,72.17471429,79.24266667,83.95384615,80.20826087,76.73577465,0.482,0.5775,0.44448331,0.09518,0.1895905,0.00985867,0.0113325
v483,0,89.03148441,74.53382979,75.80189655,77.31769231,78.2172093,69.91275862,62.0098,0.39,0.5025,0.19338296,0.04094633,0.1361605,0.008314,0.009436
v484,3,93.41221907,82.312,86.31754386,90.70358974,96.09,95.14869565,94.55873563,0.85,0.8825,0.55531029,0.64807,0.95059,0.58858867,0.7320635
v485,0,91.57816224,80.25193548,76.58828571,81.64568182,88.49512821,85.86956522,81.86338235,0.666,0.735,0.50384248,0.31391133,0.517632,0.04088033,0.054164
v486,3,92.97936994,85.1925,90.7654,77.686125,93.89846154,92.66673913,86.79079545,0.782,0.8325,0.50966128,0.58923533,0.830701,0.37255067,0.398628
v487,1,93.28990332,83.10775,83.61313725,75.34017857,96.60153846,95.22891304,94.31081818,0.848,0.8925,0.43948895,0.65034733,0.894058,0.591798,0.587748
v488,3,90.58959797,73.875,82.19869565,73.2053012,77.75761905,72.9177551,71.74296703,0.536,0.6025,0.31610886,0.2023,0.323671,0.01586,0.0157705
v489,0,91.8921666,79.46292683,85.94745098,75.27820896,84.07531915,83.23323529,78.37538462,0.658,0.71,0.45478404,0.37223433,0.6128425,0.06123933,0.0849205
v49,2,91.8571417,75.18755556,85.19964912,74.56944444,84.79842105,82.36517857,84.62875,0.724,0.7625,0.36047708,0.54457633,0.807442,0.27398467,0.256231
v490,2,93.464468,84.7895,81.09019608,84.44690141,95.59025641,93.43891304,94.75914634,0.848,0.8725,0.55047104,0.63365533,0.908738,0.538268,0.606191
v491,4,92.54577502,77.53472222,89.87333333,74.97619048,95.7374359,94.4776087,90.74133333,0.824,0.8725,0.46196932,0.61019367,0.828562,0.465478,0.4429405
v492,2,93.87507523,89.09390625,83.24857143,87.71571429,96.53820513,95.0723913,96.27084211,0.848,0.8825,0.51927675,0.64174133,0.9288135,0.57187867,0.684848
v493,4,92.37267686,84.98583333,90.96888889,74.65688312,94.36615385,93.03521739,88.88611765,0.788,0.8475,0.38679754,0.61105133,0.822756,0.444609,0.397056
v494,1,93.26828138,79.18636364,89.28806452,78.2765,94.85589744,92.89456522,90.51397727,0.804,0.8525,0.43314578,0.597344,0.825671,0.41299967,0.4155395
v495,0,92.87909791,85.25527778,89.7662,78.1445679,89.02615385,91.98913043,84.11253012,0.776,0.835,0.46315371,0.60239267,0.8223695,0.41161567,0.301154
v496,0,89.39658345,75.10116667,69.47914286,69.50383838,78.1928125,76.25,71.42219512,0.406,0.5075,0.22508279,0.08305133,0.139145,0.00929767,0.009311
v497,3,92.9090665,77.96977273,86.4773913,77.9191358,94.97692308,92.99195652,91.76048193,0.81,0.8575,0.49901967,0.58694933,0.8110045,0.38492633,0.4251245
v498,3,93.26107807,86.35096154,90.5030303,78.19333333,95.62076923,94.00826087,94.00290323,0.83,0.8725,0.45324667,0.61602833,0.8009355,0.498965,0.456178
v499,0,92.16223082,89.34980769,88.49030303,81.03123596,86.36641026,81.22673913,84.7336,0.758,0.7575,0.33111428,0.617163,0.8711505,0.45320133,0.380621
v5,3,93.12518184,84.57113636,92.59369565,88.06793103,89.4175,89.67241379,90.45020833,0.782,0.795,0.55725898,0.62040233,0.908531,0.464011,0.574821
v50,0,92.70051563,75.37085106,86.77730159,79.64408451,88.16842105,76.57571429,89.85181818,0.802,0.835,0.41079501,0.60696833,0.853255,0.444186,0.32291
v500,2,93.86586847,84.50465116,85.55631579,89.92222222,96.59,96.31021739,95.15505495,0.87,0.895,0.57642826,0.65508733,0.973669,0.612899,0.826703
v501,4,93.08894845,92.21388889,94.48622222,89.66619048,95.93153846,93.2676087,94.70117647,0.844,0.865,0.51151004,0.638046,0.9559705,0.54871733,0.7769655
v502,4,93.39939247,92.48333333,88.03849057,88.48355263,93.12794872,88.14,92.33262626,0.804,0.8275,0.43546094,0.637225,0.9377605,0.526124,0.636852
v503,4,91.46894013,73.47775,75.68314286,74.50322034,92.06358974,89.47586957,78.02689655,0.756,0.8325,0.42120405,0.57839867,0.7560495,0.33566733,0.216193
v504,0,92.56631206,86.23301887,85.45148148,84.77375,92.44028571,88.53381818,88.74709302,0.766,0.82,0.5157568,0.6195,0.8939725,0.47287867,0.482592
v505,3,94.0172102,92.87361111,94.78466667,88.85014286,96.65794872,96.19152174,96.33454545,0.868,0.895,0.58383188,0.65090167,0.9556865,0.60062367,0.7778585
v506,2,91.12551107,75.29318182,83.00931034,70.93346154,86.28307692,81.1226087,82.50955556,0.584,0.6625,0.20716845,0.39190667,0.5503585,0.06097933,0.058468
v507,4,91.81262315,80.13233333,78.34728571,72.58,93.03615385,90.57521739,83.57547368,0.748,0.8225,0.38907035,0.58210133,0.7430805,0.364583,0.276223
v508,1,94.3574721,82.38409091,91.03080645,94.33905405,96.5774359,96.5623913,95.93765432,0.872,0.895,0.53056878,0.65284133,0.968586,0.60227667,0.8065215
v509,0,89.17873741,66.6915,64.94843137,62.2240625,78.45295455,79.74215686,70.23925532,0.55,0.635,0.25516539,0.25113,0.368845,0.02082567,0.017245
v51,0,89.89706918,64.49535714,71.62926829,72.23333333,79.7665625,75.29534884,73.75393617,0.382,0.4875,0.37533154,0.07332167,0.126376,0.00897133,0.009347
v510,2,92.24157186,86.955,84.4095122,86.52544444,80.59318182,82.45035714,77.52784314,0.674,0.7075,0.18603166,0.496378,0.7439565,0.16918733,0.196424
v511,1,93.34028186,89.10775,90.79254545,86.16222222,95.54051282,93.5926087,95.07117647,0.828,0.8725,0.4523394,0.64724467,0.930346,0.57708267,0.649133
v512,1,93.78610589,90.72583333,92.98644444,88.40803279,96.08358974,94.89956522,94.75988764,0.864,0.89,0.53371655,0.64586067,0.950339,0.56176833,0.7096395
v513,1,94.04140179,91.995,95.38688889,83.94039474,96.68846154,95.53391304,95.46077778,0.862,0.8875,0.53502215,0.63849767,0.9072305,0.55702167,0.6205345
v514,0,91.85247646,87.42545455,88.25551724,83.13934783,85.11228571,82.72216667,74.11543478,0.686,0.7,0.42322776,0.47544433,0.6306835,0.14645867,0.087701
v515,3,93.02953988,84.85914894,84.65844828,78.85,94.7174359,92.665,91.38820513,0.798,0.8525,0.46368704,0.60196667,0.8049995,0.43168867,0.4393155
v516,1,93.11497479,85.18596774,80.29785714,84.69471264,91.1974359,89.16021739,91.47565789,0.806,0.835,0.43265058,0.61816467,0.8914045,0.46305367,0.4828915
v517,1,93.26992914,82.67658537,87.39294118,78.73390244,94.62641026,91.83217391,93.79840909,0.788,0.84,0.47066137,0.59097367,0.7475895,0.39653833,0.3663155
v518,4,91.82906991,77.89975,78.16730769,76.70046512,93.81589744,90.87695652,89.18108108,0.81,0.8525,0.54692652,0.56833733,0.7730955,0.341303,0.391893
v519,0,93.60716079,74.55954545,88.70189655,92.41681818,95.91128205,94.67108696,94.53238636,0.84,0.87,0.5395726,0.63262133,0.918769,0.53944167,0.6047405
v52,4,90.67633147,74.9846,70.53215385,74.80174312,81.3393617,76.10244444,69.31258065,0.47,0.555,0.13873036,0.175466,0.3212205,0.013238,0.015425
v520,3,93.99086175,91.42722222,94.62555556,87.99478261,96.44333333,95.84869565,94.87556818,0.86,0.8875,0.55314883,0.64979667,0.955163,0.58954467,0.771414
v521,3,93.44738252,87.169375,82.11885714,83.88568182,94.87128205,94.02152174,90.72468085,0.832,0.8675,0.53021366,0.619247,0.8533575,0.48610733,0.4518505
v522,3,92.50001416,82.34022727,86.7416129,77.28677083,92.7474359,89.68042553,84.43828947,0.808,0.85,0.41838222,0.62338233,0.8927945,0.47337433,0.454963
v523,2,89.48252888,65.15978723,76.56952381,64.67855422,73.14210526,75.02196429,71.97690141,0.47,0.5575,0.22430907,0.14480967,0.231954,0.01182967,0.011457
v524,1,93.67450679,92.02830189,91.19111111,94.85102564,95.97358974,95.31652174,93.62759036,0.858,0.8825,0.51088652,0.65323167,0.96875,0.60470233,0.8416055
v525,0,93.84107187,91.50944444,94.756,87.05857143,95.95871795,95.11413043,94.80025974,0.844,0.8725,0.58921935,0.640477,0.937862,0.560977,0.7192375
v526,4,92.32776587,80.37045455,87.42387097,72.25272727,89.5325641,88.03608696,85.30328571,0.776,0.825,0.34767528,0.57334233,0.747704,0.32337367,0.255924
v527,4,92.92060336,84.846,78.25830189,77.69522727,94.61333333,92.96413043,91.40206897,0.812,0.8575,0.45420086,0.604596,0.8374415,0.44153533,0.4607695
v528,1,94.07593521,90.64361111,93.86533333,84.51666667,96.53871795,95.53021739,95.77988506,0.856,0.885,0.54065009,0.63346967,0.893215,0.54192933,0.5823545
v529,1,92.3358608,90.98660377,91.62907407,86.0468254,89.34108108,90.50981481,90.33185714,0.834,0.8475,0.49598469,0.64034967,0.950093,0.52102133,0.6841405
v53,0,90.96076122,78.1618,71.65384615,76.3792,80.70930233,73.9078,82.84045977,0.5,0.575,0.2310432,0.212075,0.3525755,0.01622433,0.0201125
v530,1,92.01041726,82.74555556,88.56577778,77.39916667,88.30769231,83.24434783,82.98643678,0.728,0.7625,0.39941086,0.52806833,0.7320415,0.223561,0.1544105
v531,3,93.37979154,88.5275,92.99888889,90.70639344,96.10948718,95.30695652,95.01,0.846,0.88,0.54042631,0.646924,0.962426,0.569869,0.78046
v532,4,92.8347144,83.13166667,82.36828571,83.07592593,94.02025641,92.61565217,87.69947917,0.796,0.8525,0.45560755,0.62953467,0.8828725,0.48820067,0.448245
v533,3,88.55705058,64.98136364,61.89228571,59.9984058,72.36914894,66.8806383,63.88747126,0.418,0.535,0.20256584,0.115633,0.2219705,0.01027733,0.0109765
v534,1,91.75798914,79.73112903,77.23171429,77.06625,90.36307692,85.1226087,84.88304348,0.718,0.7675,0.48633598,0.45100667,0.5987785,0.12722767,0.102278
v535,4,93.31122308,89.55125,92.44745455,79.20595506,95.77666667,93.9073913,92.66640449,0.824,0.8675,0.46388658,0.64180267,0.8835755,0.55532567,0.5555295
v536,4,89.23446042,77.692,74.83482143,70.78940476,80.15625,73.92837838,63.52672566,0.418,0.5125,0.27575275,0.078497,0.1343875,0.00918567,0.009181
v537,3,90.10990782,79.9526,75.95953846,76.65411765,81.71,77.24109091,70.07083333,0.582,0.645,0.26317191,0.24963867,0.3960915,0.02077333,0.0210415
v538,2,92.54107867,84.98333333,79.19976744,81.5572973,94.85846154,93.58934783,89.15477778,0.81,0.865,0.49936858,0.633136,0.9015285,0.526642,0.5368275
v539,3,93.74058359,93.92694444,95.51622222,85.43237113,95.49538462,92.79804348,95.29361702,0.848,0.875,0.5017843,0.64855333,0.9214,0.58692767,0.633931
v54,4,94.8978924,92.06181818,94.58362069,87.36640449,97.19941176,97.10816327,96.17893617,0.858,0.8825,0.64391728,0.64297467,0.91424,0.57328767,0.6604315
v540,3,91.51601019,76.29038462,76.30060606,67.79266667,89.36102564,88.74934783,80.45797101,0.756,0.815,0.37491376,0.53097,0.701066,0.247221,0.198217
v541,4,93.55401498,84.68414634,88.63372549,86.63963855,95.34820513,93.41717391,95.43795455,0.82,0.8625,0.50183461,0.63261033,0.872315,0.52742867,0.50753
v542,3,93.17014828,88.918,90.85181818,84.25653061,94.69282051,93.3826087,91.16342105,0.822,0.8575,0.58993757,0.635948,0.9262935,0.54129833,0.6398535
v543,1,91.69692651,80.4275,85.7704,70.837875,88.52641026,84.88434783,85.30571429,0.598,0.6725,0.37542693,0.16974667,0.303227,0.01460467,0.018279
v544,3,89.81220508,77.68745098,74.62892857,70.00960526,85.41589744,78.06304348,78.128375,0.458,0.5575,0.28792232,0.082949,0.139367,0.00939233,0.0096395
v545,2,93.58148643,89.381,82.32338462,87.36026667,94.76564103,91.85086957,95.44609195,0.816,0.85,0.49573079,0.642362,0.942782,0.558385,0.699709
v546,3,92.15197856,80.07243243,84.84435484,76.45165049,95.55692308,93.13456522,91.90637363,0.83,0.8775,0.49031665,0.62734167,0.888321,0.50800467,0.47942
v547,2,93.1208621,90.03777778,91.90288889,85.84515625,92.92923077,88.70543478,87.48853933,0.796,0.815,0.45248314,0.61304433,0.8977855,0.41588167,0.502533
v548,1,93.81800531,87.67722222,92.78866667,82.96424658,95.91307692,94.79702128,94.00109756,0.838,0.8725,0.53911829,0.62635767,0.8785445,0.51476633,0.5239895
v549,4,93.98207782,87.44516129,85.40142857,85.77566667,95.91871795,95.08456522,93.19063158,0.844,0.88,0.51143677,0.63044067,0.8595155,0.537059,0.510585
v55,1,93.95335987,92.87772727,93.73568966,87.68515789,91.8855814,85.99,90.93096774,0.792,0.81,0.38434197,0.584792,0.903912,0.36340367,0.6180265
v550,3,93.52294356,86.54977778,82.77849057,80.34958904,95.16666667,93.825,88.92494382,0.836,0.88,0.45296062,0.621977,0.774598,0.50061967,0.336778
v551,3,94.18906529,90.01583333,93.9876,84.28589744,96.52769231,95.57195652,94.34317647,0.84,0.875,0.57256837,0.62757267,0.8695805,0.53383267,0.559672
v552,4,92.78496088,88.5034,83.24446154,83.32311828,87.88473684,86.36642857,88.30625,0.722,0.76,0.38330266,0.58161633,0.8135645,0.367793,0.323512
v553,4,92.97444891,82.3202,79.44461538,80.33888889,95.80205128,94.3676087,92.03581395,0.816,0.8775,0.43836292,0.59606167,0.821326,0.40858833,0.459205
v554,2,91.57879513,78.60462963,82.11783784,64.2347561,92.77820513,90.82217391,85.5371875,0.742,0.8275,0.32518945,0.60942933,0.739371,0.43219633,0.317979
v555,0,89.07430485,75.5765,78.95581395,61.78274194,71.28948718,70.96232558,65.43962025,0.408,0.5125,0.23428615,0.081601,0.1400375,0.00916767,0.009294
v556,2,91.86171007,81.34888889,80.90867925,80.97585106,84.00893617,80.13733333,84.43744186,0.656,0.6975,0.28388167,0.44958633,0.622083,0.115416,0.0895865
v557,3,90.96469487,76.32840909,88.0373913,70.59367089,85.65051282,80.20217391,81.89107143,0.552,0.605,0.22290538,0.15874567,0.259755,0.01324167,0.0154205
v558,3,92.60331776,83.56416667,87.95688889,67.549375,92.85153846,91.51108696,86.87349398,0.76,0.8275,0.41582468,0.53579467,0.711059,0.24842433,0.3055465
v559,3,89.85144823,74.272,72.11285714,72.18613208,82.28846154,75.80413043,66.958,0.448,0.54,0.33566185,0.08681,0.1499845,0.00949333,0.009669
v56,2,93.22125562,85.56044444,85.72603774,80.50032258,89.17675,83.56135135,86.01511111,0.75,0.7675,0.51923987,0.56825633,0.8241965,0.31068933,0.271355
v560,4,92.68732665,84.65027778,88.50444444,75.76897436,93.92051282,92.31847826,90.02478873,0.792,0.85,0.44627008,0.61025733,0.8744295,0.43208067,0.469817
v561,3,91.30316509,71.26390625,70.285,69.51679487,90.9974359,89.60456522,80.99783133,0.738,0.8275,0.40993706,0.58450033,0.794304,0.34384633,0.310383
v562,1,93.4412832,89.12480769,90.56636364,79.67129032,95.92487179,94.62804348,91.5253012,0.864,0.89,0.52425503,0.64113167,0.9310845,0.56158833,0.65232
v563,0,88.22327351,70.59833333,75.87972973,54.26375,76.28475,76.74827586,67.14896907,0.41,0.5225,0.34375857,0.07477567,0.131408,0.00909133,0.009016
v564,3,90.85654318,75.53924528,81.07277778,75.19218182,84.0159375,79.62395349,74.66147727,0.624,0.6775,0.33650458,0.368609,0.554546,0.05061467,0.0528565
v565,4,91.71841778,79.570625,73.32557143,79.8594382,79.2502,83.00521739,72.26404255,0.644,0.7,0.28992866,0.32874633,0.5159055,0.04074167,0.0434945
v566,0,89.38504593,74.04638298,75.04224138,74.62138462,74.46,74.04959184,63.89428571,0.412,0.5175,0.26238769,0.08927433,0.155838,0.00944467,0.0095625
v567,4,93.62511934,92.08577778,86.55509434,86.78505882,96.21435897,95.46043478,95.71925532,0.87,0.8975,0.55247986,0.65211933,0.9203015,0.60241967,0.670385
v568,3,92.68194558,83.47914894,82.71637931,81.53934426,91.69846154,91.86695652,77.91511364,0.776,0.845,0.39272811,0.60242967,0.8029185,0.40322967,0.2689675
v569,1,94.35307817,93.88972222,94.5242,93.65155844,96.66384615,96.19782609,95.940375,0.872,0.8975,0.60863082,0.65292867,0.9715695,0.611305,0.8680145
v57,2,91.09229801,81.68454545,85.55304348,75.48733333,85.605,84.81372549,71.99067797,0.624,0.66,0.36509413,0.31942767,0.549588,0.04004867,0.055352
v570,0,92.10700528,67.43931818,75.77057143,82.34202703,92.69769231,92.45326087,89.00329114,0.78,0.835,0.39232392,0.592364,0.8089585,0.401615,0.3721005
v571,3,92.45451911,79.62783333,79.14614286,81.08723404,90.02205128,87.74130435,82.09929577,0.782,0.82,0.52762861,0.59159233,0.8327035,0.343232,0.3282795
v572,0,93.84279749,88.8575,92.6992,85.279625,95.56384615,95.04717391,92.86809524,0.838,0.8725,0.54586223,0.63392467,0.919398,0.53943667,0.643243
v573,4,93.37964023,87.577,89.46854545,80.21493333,94.62461538,93.0476087,91.39837838,0.812,0.85,0.48554799,0.610758,0.8237555,0.462427,0.4202895
v574,0,92.0514674,76.36575,85.41132075,75.86545455,91.18461538,89.83673913,80.44197183,0.762,0.8325,0.43051528,0.599166,0.833886,0.38924267,0.3445885
v575,1,93.86776516,90.616,88.58981132,94.1174026,96.46282051,96.12369565,96.57065934,0.87,0.895,0.56995065,0.657603,0.981852,0.62657367,0.893653
v576,0,89.46287541,67.08911111,73.18947368,65.21915663,85.18307692,76.74108696,79.89049383,0.396,0.4975,0.16009753,0.07264167,0.1194365,0.00898367,0.009213
v577,0,90.45014393,71.9712,70.75492308,74.47119403,80.0475,74.73,76.76454545,0.472,0.5675,0.23722186,0.205124,0.294614,0.016148,0.0159415
v578,3,93.03513973,81.17454545,86.5483871,80.48383721,92.42461538,90.97195652,85.90891566,0.798,0.845,0.48483273,0.60758733,0.8449005,0.43529867,0.341432
v579,0,93.30567551,78.91772727,87.75758621,82.84777778,95.35871795,93.60608696,92.38144444,0.814,0.86,0.5010706,0.62639633,0.851236,0.507588,0.477416
v58,1,92.77228659,86.93177778,88.99137931,78.73515789,88.55488372,92.04689655,82.42266667,0.772,0.8175,0.45501611,0.577521,0.7965965,0.349492,0.2324505
v580,4,92.67958056,82.7594,85.28222222,76.575,94.47820513,93.85869565,85.7444,0.824,0.8725,0.36505303,0.63536267,0.831289,0.52081233,0.386379
v581,1,90.08732409,75.48638889,82.67888889,67.85413333,86.27384615,76.56543478,78.46690476,0.416,0.5175,0.26860288,0.07504,0.134878,0.00907067,0.009597
v582,1,94.20354688,91.68555556,94.50466667,87.12529412,96.79307692,96.11804348,96.25022472,0.858,0.8875,0.53688315,0.64297033,0.9292695,0.571928,0.68206
v583,0,94.52650525,94.62926829,92.86058824,90.18424242,93.81553191,94.01588235,94.56549296,0.848,0.8675,0.58222262,0.64820733,0.9451285,0.59188533,0.747311
v584,3,89.89707223,78.02444444,82.90888889,67.9302439,83.37692308,76.57913043,75.74255556,0.432,0.5275,0.20352815,0.08204367,0.1428105,0.00919467,0.0097605
v585,3,92.77004675,82.113,73.95647059,79.6477381,95.43820513,94.31608696,92.05321429,0.82,0.865,0.49639543,0.61018967,0.831197,0.45362733,0.4540575
v586,4,92.7508269,82.48765957,83.52275862,74.24675,94.99358974,93.60195652,88.29613636,0.8,0.865,0.43944744,0.58972567,0.764129,0.39556833,0.381241
v587,1,89.23159527,60.2555,77.70860465,61.98880952,79.78971429,72.25435484,70.4756962,0.396,0.5,0.2031034,0.07184233,0.1222255,0.00897933,0.00907
v588,3,92.41578767,78.28119048,86.96190476,72.44793103,95.41128205,94.15108696,90.40544444,0.806,0.8675,0.49432433,0.585639,0.78203,0.401275,0.430981
v589,0,90.79380817,74.14068182,85.90195652,72.50072289,83.74897436,76.36565217,74.88682353,0.57,0.6275,0.3781154,0.200604,0.346052,0.01620367,0.0182255
v59,0,92.46489579,82.3715,85.77581818,67.20756098,86.47135135,84.72586957,83.09789474,0.698,0.7425,0.42170538,0.437861,0.645472,0.10423767,0.140943
v590,1,89.69179862,78.73888889,83.00244444,67.06210526,79.23446809,75.29595745,74.16946809,0.404,0.505,0.26456903,0.07813167,0.131673,0.00922733,0.0093305
v591,4,89.54244255,75.13244444,78.46155172,66.94094118,85.69948718,77.045,82.207125,0.458,0.5525,0.25285619,0.09582167,0.180454,0.00978333,0.010583
v592,1,92.08401913,80.51439024,85.0627451,76.00985507,88.56595745,82.774,85.83192771,0.728,0.7825,0.44750035,0.57308233,0.802425,0.33106533,0.270326
v593,0,89.88023417,66.85636364,62.09542857,74.10621212,86.54589744,84.75804348,74.15383562,0.582,0.6925,0.28999328,0.23182267,0.3829655,0.02107233,0.025073
v594,4,93.80783526,86.685,91.364,81.48325,95.78461538,93.74108696,93.73694118,0.82,0.8625,0.4984473,0.61893933,0.8524775,0.50493633,0.4974585
v595,4,92.84887566,82.316,83.70280702,73.49392157,94.51538462,92.32717391,89.01756098,0.774,0.845,0.41416765,0.57830733,0.754234,0.36328533,0.368593
v596,0,90.9734796,79.9806383,79.45810345,77.07016393,83.77851064,80.71155556,75.48457143,0.55,0.64,0.44243434,0.118788,0.197648,0.011036,0.0122525
v597,4,93.54990113,87.99840909,89.74068966,86.15658537,95.11589744,92.87608696,91.58477778,0.806,0.85,0.40778469,0.62530533,0.9127895,0.509939,0.585423
v598,1,91.93860669,79.48266667,84.03333333,68.5073913,95.42307692,93.82782609,89.76263736,0.794,0.87,0.41721958,0.57770033,0.745718,0.38886967,0.4344095
v599,3,93.13950883,79.51909091,87.26887097,79.16821918,94.38282051,93.06717391,90.94024691,0.808,0.855,0.42679284,0.628972,0.891445,0.499325,0.488439
v6,1,94.00882414,88.66159091,93.8673913,91.13823529,90.53714286,94.95567568,92.60464286,0.854,0.87,0.58448146,0.640633,0.9459025,0.544122,0.7487005
v60,1,93.14979919,82.4975,88.06767442,82.80022989,87.78425532,83.91711111,78.4973913,0.724,0.765,0.43268439,0.53380467,0.746979,0.23377567,0.1581485
v600,0,89.45186789,74.37777778,80.77177778,64.43850575,84.15692308,76.09043478,77.02288889,0.438,0.53,0.29402018,0.099687,0.181447,0.00971233,0.010841
v601,3,89.89580514,76.27822222,72.28803571,68.29775,75.6736,71.79304348,73.8717284,0.442,0.5275,0.29359674,0.08820267,0.1685495,0.00957167,0.0102345
v602,3,94.13960106,92.03972222,94.29888889,86.20506173,96.78179487,96.33413043,96.38831461,0.854,0.885,0.58004105,0.63381767,0.8992595,0.54901,0.611463
v603,3,93.17150779,88.10431818,92.30016129,84.52721519,95.09179487,91.68085106,94.16811111,0.838,0.86,0.58256523,0.62652233,0.894773,0.517367,0.571589
v604,3,93.38827286,86.41941176,86.10162791,80.61609756,94.91128205,93.41108696,92.33817073,0.812,0.8575,0.43043527,0.625618,0.8090235,0.49092333,0.4475535
v605,4,92.12046474,80.67925,71.0654902,79.79324675,93.02102564,91.14673913,87.06414634,0.778,0.8375,0.42616893,0.60791167,0.85315,0.42512167,0.3937355
v606,4,93.01105498,86.55138889,91.68,80.748125,94.48615385,93.42065217,88.80975309,0.802,0.8525,0.47060534,0.585147,0.815027,0.397714,0.4039775
v607,3,90.96675714,78.44854839,75.97685714,79.96148936,86.92153846,84.15255319,74.30464789,0.674,0.745,0.47474733,0.392609,0.6202735,0.07301333,0.0814505
v608,4,92.82357776,84.016,80.83846154,74.97422222,94.29974359,92.81326087,91.11032609,0.814,0.8575,0.46425646,0.612648,0.81638,0.45804933,0.408107
v609,4,89.19218849,72.273125,69.03628571,73.36538462,73.84636364,73.55535714,63.03088235,0.41,0.5125,0.1995761,0.08060367,0.1414565,0.00922567,0.009242
v61,3,91.01659334,70.16272727,82.27612903,66.98109756,83.62666667,78.41652174,73.10851485,0.544,0.62,0.31171352,0.17280367,0.319922,0.01380533,0.016052
v610,1,90.84032553,79.85955556,76.97,80.39735294,87.26871795,81.07956522,83.27216867,0.546,0.6325,0.4016502,0.158924,0.330291,0.013155,0.0209515
v611,4,92.91354514,80.994375,74.21342857,77.5805618,91.09234043,91.06133333,90.35985294,0.8,0.85,0.45573296,0.61471967,0.8852725,0.44969233,0.4813185
v612,3,89.72692308,70.67404255,78.89253968,68.24925926,75.97804348,76.31382353,66.62924528,0.468,0.58,0.16298645,0.22890833,0.341786,0.01769533,0.0155825
v613,3,92.73110043,86.21225,88.05909091,82.68917808,88.86617021,86.99066667,82.41710145,0.784,0.8225,0.53349273,0.60169033,0.88755,0.40734267,0.4710755
v614,4,90.59906497,77.47264151,78.22444444,72.4885,81.17305556,79.83058824,78.68566667,0.54,0.63,0.24005822,0.35140033,0.5173455,0.03988033,0.036133
v615,2,92.4879444,82.4678,78.99307692,77.67377778,90.12179487,89.55543478,79.54275862,0.748,0.81,0.45682506,0.55806233,0.8138905,0.31565267,0.3025115
v616,3,90.91246234,69.54136364,69.98885714,66.07009524,91.36974359,89.42586957,84.22671875,0.75,0.83,0.38929733,0.53409633,0.7420275,0.26216067,0.3081735
v617,3,92.63758197,80.79166667,84.7130303,89.79153846,91.31116279,90.3648,90.64647727,0.794,0.835,0.53408986,0.61317667,0.910295,0.40975133,0.5414205
v618,4,90.57519741,76.03666667,70.93883721,69.6575,89.41230769,84.96804348,82.06302326,0.566,0.6575,0.36178524,0.115295,0.2102095,0.010771,0.0124455
v619,4,89.24544029,77.35377778,73.89471698,58.29729167,79.30769231,72.5723913,69.67185567,0.414,0.5125,0.25776868,0.08086767,0.1366935,0.00934067,0.00914
v62,0,92.21465149,75.70270833,82.60596154,76.87053333,85.35787234,82.66266667,85.85276316,0.63,0.685,0.30402867,0.37558267,0.5479405,0.05879567,0.0617565
v620,3,93.3929996,91.44244444,85.96698113,81.7952,96.26589744,94.55217391,95.27707071,0.854,0.8875,0.50755658,0.631567,0.858687,0.54095567,0.5144775
v621,3,93.23397202,89.35475,92.05381818,80.09150538,94.26769231,90.9573913,90.32462366,0.82,0.8575,0.4921089,0.62011233,0.83686,0.48519467,0.4019365
v622,1,92.93667673,83.42783333,78.47785714,86.24595745,93.31641026,89.41021739,89.45797101,0.754,0.805,0.47315244,0.588708,0.7985605,0.38897533,0.3226355
v623,0,93.09021713,84.02209677,79.999,82.8426087,93.88333333,91.62217391,92.65652778,0.818,0.8575,0.49790139,0.61225033,0.8625175,0.44189533,0.4772755
v624,4,90.49188143,76.715,69.70461538,70.56692308,78.94875,77.50324324,71.31989583,0.438,0.53,0.09818308,0.11920767,0.204326,0.01054333,0.0109065
v625,3,92.22574829,79.23772727,84.99887097,74.21,94.68153846,94.02217391,88.05347368,0.79,0.87,0.4297347,0.633294,0.8713,0.51947133,0.4981405
v626,3,92.48865486,82.94486486,86.58419355,74.52278481,94.24641026,93.03108696,88.52811765,0.814,0.865,0.43101768,0.59338567,0.787317,0.407987,0.402756
v627,3,92.70915336,91.50533333,89.4587931,86.63234043,94.39487179,90.54826087,91.06378641,0.778,0.83,0.46227649,0.62434933,0.917945,0.473546,0.56484
v628,3,92.13861566,81.75594595,85.66532258,69.37634615,91.67794872,91.39869565,85.61218391,0.802,0.85,0.38853784,0.58870367,0.7463575,0.37308767,0.2634175
v629,1,93.12729949,86.74,90.44087719,88.48535714,94.75384615,89.61826087,96.54181818,0.846,0.8725,0.56509961,0.650273,0.9672665,0.592136,0.8003155
v63,3,90.86489932,73.38166667,81.47047619,72.83646341,80.50255319,78.91319149,74.52154639,0.57,0.6375,0.34912945,0.223212,0.373078,0.01873067,0.0207855
v630,0,89.64869407,71.98804878,80.86666667,76.38106667,81.57488372,72.262,66.37218182,0.426,0.5225,0.29637552,0.081628,0.140555,0.00928933,0.0093365
v631,4,91.82008053,80.9328,76.57138462,74.38337349,87.925,89.745,74.7685,0.738,0.7925,0.35297571,0.53293833,0.680064,0.228233,0.088423
v632,3,93.58825821,89.25475,89.34127273,88.18657895,93.51641026,93.0173913,90.97626506,0.81,0.8475,0.51447459,0.62690433,0.8889505,0.50738867,0.5327975
v633,4,89.06983006,59.24361702,76.92031746,73.0596,85.20461538,78.43851064,75.85977778,0.408,0.51,0.21416451,0.071631,0.12674,0.00890767,0.00923
v634,0,92.19299494,79.61204545,90.99913043,73.09561404,89.73588235,87.68959184,92.0012987,0.798,0.8125,0.39416714,0.62694467,0.8832655,0.478714,0.4582605
v635,2,91.19501927,75.094,83.11245283,72.19202381,85.16820513,78.21717391,75.17625,0.582,0.655,0.24078458,0.43549467,0.548424,0.08586367,0.042541
v636,3,89.86372847,80.87764706,69.87255814,75.04390805,82.58897436,77.45717391,75.60775,0.462,0.555,0.33983533,0.08136933,0.138593,0.00932267,0.0096905
v637,1,90.27785801,75.84,76.21711538,73.45512195,82.49512821,78.11434783,74.19169014,0.556,0.63,0.23325232,0.219311,0.3479205,0.01782167,0.0172255
v638,3,92.70044153,79.98068182,88.21775862,77.91282051,93.55666667,91.76869565,85.69210526,0.816,0.87,0.54305217,0.58819133,0.8120425,0.394089,0.427135
v639,3,93.22113089,81.06522727,88.71774194,77.04487805,94.22358974,92.4423913,89.37022472,0.804,0.85,0.42625872,0.57056667,0.749535,0.35366333,0.366231
v64,4,93.30920218,84.98340909,91.15741379,90.04463158,91.33914894,86.34553191,92.82861111,0.792,0.815,0.55829443,0.61963433,0.9087675,0.48378433,0.587218
v640,3,92.89987414,83.42352941,81.43046512,78.083875,94.47820513,92.65478261,90.75556962,0.82,0.8575,0.52181734,0.607369,0.8451755,0.447176,0.4449085
v641,2,91.60715419,82.37666667,87.7056,70.27164557,85.37638298,81.45264706,75.4306422,0.614,0.6775,0.25924058,0.337113,0.510798,0.044701,0.038168
v642,4,90.65480264,76.3762,73.21169231,79.55694737,81.1244186,74.5514,74.4011828,0.51,0.5925,0.23448638,0.26089667,0.4468515,0.021884,0.027892
v643,1,94.3545102,94.16055556,95.54066667,92.28942029,97.05846154,96.86130435,96.67920455,0.884,0.905,0.56797525,0.65457067,0.9667025,0.61007567,0.8394685
v644,4,93.53610591,91.79305556,94.93222222,81.90948718,96.65666667,95.60391304,94.873,0.858,0.8875,0.49718065,0.634579,0.8569365,0.54860933,0.5380715
v645,3,93.78579963,90.89609756,91.40372549,91.43278481,91.85808511,87.57177778,91.35413793,0.836,0.8525,0.59835212,0.64336033,0.9412125,0.55454133,0.681853
v646,2,90.66949393,77.4242,83.69583333,71.34306122,83.69128205,76.60369565,78.66576087,0.522,0.6175,0.16072782,0.15257267,0.3319285,0.012605,0.0183335
v647,1,92.54998778,82.23675676,85.32403226,70.74857143,91.30820513,90.92543478,86.87577465,0.802,0.8525,0.34362037,0.597064,0.817479,0.38270733,0.3650415
v648,3,93.07072917,81.62578125,76.18042857,79.59744444,94.80615385,92.61608696,92.23043956,0.808,0.855,0.48408714,0.619772,0.836976,0.490147,0.444679
v649,4,94.05273671,93.49416667,95.05777778,88.754125,96.62820513,96.15673913,95.8852809,0.866,0.8925,0.52252946,0.650436,0.9529075,0.593248,0.78347
v65,0,90.79451861,74.156,82.02037736,67.78274194,75.01617021,74.23191489,72.88692308,0.51,0.585,0.23960977,0.17979333,0.323977,0.013684,0.015513
v650,3,91.3882041,80.46435484,75.84371429,82.61695652,86.62666667,85.08847826,74.11842105,0.698,0.7525,0.44477832,0.39685733,0.6179975,0.077752,0.083367
v651,1,94.2673055,91.85805556,95.23977778,87.0225641,96.8574359,96.34478261,96.18404494,0.862,0.89,0.5466467,0.64051833,0.911956,0.567521,0.650593
v652,4,90.76868859,75.79170732,82.79509804,75.82023256,86.44897436,82.58956522,77.29131579,0.636,0.7025,0.3928809,0.335579,0.5055625,0.04321433,0.0388075
v653,4,92.97915953,87.18875,90.26418182,85.85333333,78.41763158,86.59,86.02505495,0.764,0.79,0.38259301,0.58750233,0.853192,0.35967333,0.382891
v654,0,93.55862391,88.28694444,92.0208,85.305125,95.34307692,94.27369565,94.37448718,0.838,0.8675,0.56334623,0.63512933,0.9291015,0.53868767,0.6616645
v655,1,93.47889935,84.33295455,91.71413043,88.53395062,90.81723404,89.88882353,91.8682716,0.768,0.7925,0.42551026,0.60085167,0.8599215,0.41852233,0.465513
v656,3,90.48641483,79.92111111,85.2428,68.70075,81.68820513,76.63782609,78.92775281,0.472,0.555,0.30463712,0.10129567,0.181793,0.009945,0.0111185
v657,4,91.08025935,73.86431818,81.80310345,78.50653465,81.38578947,76.93482143,83.30689655,0.58,0.65,0.1659022,0.35239,0.580545,0.043307,0.0613135
v658,3,90.7711626,70.62222222,80.23473684,64.61061224,87.57680851,83.17288889,78.08541667,0.66,0.715,0.45574106,0.38379367,0.5621265,0.06604467,0.0567375
v659,0,92.24204144,73.73755556,82.14758621,80.74170732,95.67358974,93.79913043,93.61811111,0.818,0.8675,0.47650627,0.64304233,0.9025485,0.54846667,0.5692265
v66,4,87.60263761,74.98888889,75.67034483,67.02469136,73.96,70.94803571,65.59975,0.326,0.445,0.0812442,0.06839833,0.116248,0.008513,0.008815
v660,3,90.0175697,77.35019608,74.78696429,65.06822222,77.8887234,72.89957447,72.12144444,0.436,0.5475,0.28090087,0.12356167,0.224844,0.01067633,0.0116745
v661,4,92.85224378,72.38744681,86.42349206,75.56949367,95.43846154,92.84543478,90.32744444,0.826,0.87,0.4573368,0.57695067,0.8028175,0.37218533,0.4323915
v662,3,90.70019461,81.20222222,86.45111111,66.02954023,84.05179487,75.77826087,72.74804348,0.524,0.605,0.21367033,0.16940067,0.3019065,0.01341367,0.013777
v663,0,92.65198943,90.48807692,90.15181818,80.78337838,89.3,86.23347826,82.97699029,0.784,0.7925,0.36600705,0.61216233,0.87132,0.464476,0.440261
v664,2,93.23872993,90.78054054,88.71112903,90.92034483,94.44717949,95.00934783,88.78517647,0.848,0.8775,0.50848539,0.64840433,0.9597655,0.577249,0.780569
v665,3,92.81186492,88.4035,81.48171429,88.285,87.1859375,85.56,73.53067797,0.816,0.8225,0.4135621,0.61616967,0.8660985,0.43123533,0.3682015
v666,1,92.85311013,85.37795455,88.95413793,81.88736842,92.07794872,90.57543478,81.83727273,0.768,0.835,0.49828312,0.60814333,0.865979,0.44657,0.410485
v667,4,92.49746993,83.31383333,78.75014286,74.27340206,94.2725641,92.44956522,87.72273684,0.794,0.8575,0.44076394,0.593176,0.788698,0.39401533,0.369935
v668,3,92.24245571,82.02979167,85.63826923,85.74573333,88.75574468,88.48382353,80.6376087,0.654,0.7175,0.3183167,0.28700933,0.497625,0.03271133,0.0545665
v669,0,93.43110231,74.52170213,89.88031746,82.73796875,95.54538462,94.41326087,94.0675,0.832,0.87,0.4525216,0.63791967,0.8994125,0.543604,0.5437955
v67,0,88.88846821,74.42375,74.37121951,70.52382979,75.17135135,75.64086957,65.61175824,0.346,0.4475,0.12793802,0.07257067,0.134175,0.008511,0.0090455
v670,0,94.28754617,92.20861111,93.9824,90.81298701,96.65,96.13543478,95.34740741,0.868,0.8875,0.60587358,0.649534,0.9615275,0.59475467,0.8140745
v671,4,92.18268471,80.62044444,75.74981132,75.343,90.99307692,88.35130435,82.322,0.742,0.805,0.32009788,0.532867,0.692908,0.24433633,0.1842915
v672,3,93.94931535,88.55148936,81.6012069,93.48547945,95.62512821,94.37065217,92.38811111,0.818,0.855,0.49378176,0.63235667,0.934093,0.52893567,0.706859
v673,4,90.40705954,72.72681818,81.24021739,71.74202532,83.09257143,79.43733333,76.41126582,0.554,0.625,0.28699236,0.19665733,0.357426,0.01587933,0.0208785
v674,1,89.80463809,74.8125,70.68014286,76.58271186,75.8515625,79.89388889,70.26717391,0.47,0.555,0.15519037,0.22514867,0.37196,0.01776433,0.0151755
v675,1,88.36011093,73.77513514,77.03467742,59.16509804,84.09282051,76.23130435,60.52293103,0.452,0.5525,0.21112653,0.080833,0.135083,0.00925333,0.009289
v676,3,92.84963931,86.29862745,79.42023256,83.01047059,94.5574359,92.91782609,91.41864198,0.796,0.845,0.50953487,0.62311667,0.8757815,0.501469,0.4956805
v677,0,93.05157778,88.1,89.24258621,87.80473684,90.47125,85.70945946,88.65451613,0.748,0.775,0.48848935,0.59431867,0.8560675,0.38026467,0.383952
v678,3,92.06214286,77.4575,77.07685714,75.32781609,92.8625641,89.36347826,86.87941176,0.76,0.8375,0.38414304,0.57833633,0.8066905,0.32821433,0.365191
v679,2,92.74094929,85.59027778,91.336,76.78675,93.48641026,91.66369565,86.58962963,0.778,0.8275,0.51398462,0.51537567,0.739874,0.245201,0.2665195
v68,4,88.82541212,72.00075,69.30514286,70.6656962,79.1997619,76.2644898,69.44449438,0.348,0.445,0.05567993,0.069858,0.122243,0.00853,0.0089815
v680,4,92.39759222,85.10055556,90.2368,79.756625,93.53948718,91.64847826,87.71418605,0.722,0.79,0.44975971,0.384944,0.6215155,0.08220267,0.1688605
v681,3,91.42953955,82.51388889,87.6782,73.4,89.0874359,85.65956522,82.88535714,0.57,0.6525,0.41464507,0.114876,0.2140825,0.01074167,0.0131785
v682,4,92.83770183,83.74638889,89.9184,75.89192308,93.60282051,92.00086957,88.17261905,0.75,0.8075,0.4571974,0.46544433,0.673423,0.16126533,0.240339
v683,4,92.41700101,87.5526,79.90430769,86.30320755,88.92378378,83.57055556,83.62324675,0.722,0.7575,0.34942551,0.554086,0.807897,0.26082233,0.2698725
v684,0,93.34704605,82.99295455,90.69869565,90.18888889,93.14702128,89.47777778,94.5138961,0.824,0.8475,0.51054313,0.64516033,0.9567625,0.56398333,0.749222
v685,4,91.89405231,80.30241935,77.37371429,78.03137931,83.6793617,89.15882353,71.60277228,0.732,0.77,0.2882219,0.53108733,0.7102305,0.22758867,0.0903
v686,0,90.29315746,79.10433333,82.18575758,73.52105263,79.10148936,79.59558824,82.06478261,0.49,0.5775,0.2990005,0.126203,0.241755,0.01111733,0.0134815
v687,1,93.45231188,76.21,90.43412698,87.21269663,96.28692308,95.48304348,94.72921348,0.862,0.89,0.53656942,0.646465,0.943479,0.58322633,0.6931275
v688,0,91.86495575,80.1015,77.17942857,80.96708333,88.95948718,84.93652174,81.04305556,0.736,0.78,0.50428447,0.54017133,0.736718,0.244883,0.2261165
v689,3,92.48194757,83.5525,90.34826087,85.51675676,86.35893617,86.12852941,82.44176471,0.718,0.74,0.33313755,0.500448,0.7108635,0.204383,0.2005715
v69,2,90.28292827,80.36181818,85.03913043,79.96043478,78.49361702,81.95446809,70.53352113,0.51,0.555,0.37238389,0.11333933,0.246974,0.00997333,0.0149785
v690,2,91.98717161,75.31512195,84.26372549,76.51452055,86.96765957,85.13022222,79.94518072,0.726,0.7825,0.39749587,0.58091,0.8301135,0.33016733,0.291467
v691,1,93.89327236,86.43,91.90218182,76.96047619,96.2825641,93.03108696,94.6416129,0.824,0.8675,0.4330362,0.60557367,0.842866,0.46898767,0.4844085
v692,3,90.02875402,73.8728,70.33076923,70.70106383,84.34102564,79.72434783,73.44166667,0.542,0.635,0.24893338,0.22633867,0.3773645,0.01784033,0.0199185
v693,0,90.5860867,79.0815625,78.25157143,71.96348315,86.106,81.61709091,78.21382979,0.65,0.6975,0.36137864,0.346525,0.426612,0.05133767,0.027261
v694,4,92.43925593,86.09888889,91.08822222,82.61491803,93.47717949,91.50543478,88.08674157,0.772,0.8225,0.46306835,0.54340367,0.795238,0.29077133,0.347305
v695,0,89.08388408,73.75238095,79.81825397,74.09957895,77.99054054,76.97185185,70.71020619,0.44,0.54,0.21315801,0.11886733,0.196932,0.01053367,0.011163
v696,3,93.32502327,83.42181818,91.03354839,87.34,93.37512821,91.86847826,93.53057471,0.806,0.835,0.57150715,0.62101033,0.905726,0.49321233,0.5773395
v697,1,93.31324445,85.47540541,92.649375,84.62517241,94.92128205,89.80391304,93.17488095,0.818,0.86,0.50998514,0.63927267,0.9398645,0.535224,0.661232
v698,0,93.91977886,92.21805556,93.4754,92.40641026,95.46102564,94.97956522,94.57857143,0.84,0.87,0.60111377,0.64264733,0.952521,0.57132933,0.795141
v699,0,91.22274466,78.02833333,73.61857143,78.23325581,86.90461538,83.44826087,81.3743662,0.702,0.76,0.44404047,0.51452,0.7005195,0.18891333,0.151948
v7,2,92.11523506,81.2545,84.20818182,78.47703125,81.3402,79.00326087,78.39541176,0.534,0.6075,0.34734387,0.12221733,0.267976,0.010622,0.0153875
v70,4,90.24203332,73.29510638,81.98968254,73.89921053,78.64170213,75.16446809,73.80173913,0.41,0.4925,0.25814826,0.092613,0.181544,0.009315,0.0107585
v700,3,91.31182536,73.77644444,76.65070175,79.19232143,85.55651163,77.6336,80.41852632,0.656,0.7175,0.32078932,0.40792033,0.5204225,0.08880267,0.0448305
v701,4,92.35161765,83.59527778,90.53355556,76.92826087,93.46897436,92.16630435,87.88761905,0.768,0.8275,0.42953438,0.50905233,0.712654,0.22715933,0.2941085
v702,1,94.24280858,91.57388889,93.8452,83.85771739,96.17794872,94.19804348,94.61448276,0.852,0.88,0.53741333,0.62959833,0.919149,0.520512,0.6363825
v703,1,93.82939178,93.79138889,95.35777778,87.71488095,96.65076923,96.01717391,96.4305618,0.876,0.8975,0.57122715,0.64702967,0.935222,0.58995233,0.7060175
v704,1,92.86811381,81.98596774,77.04614286,82.27340426,94.59538462,92.30413043,89.69514286,0.808,0.865,0.49797133,0.58878733,0.8144145,0.39964,0.436037
v705,2,91.98410573,83.982,88.26641509,81.76108108,87.45255814,82.656,82.15284314,0.692,0.7,0.25182608,0.53961333,0.7891225,0.24767033,0.2431835
v706,1,92.88831289,87.08983333,81.68228571,87.36656716,91.32232558,86.6534,90.48637363,0.82,0.8425,0.46449975,0.63301167,0.9160505,0.516199,0.549219
v707,0,93.29417421,86.32403226,80.87042857,84.77270833,93.3874359,90.65608696,89.05910448,0.82,0.8525,0.56631705,0.628161,0.888383,0.50734533,0.4961275
v708,4,93.00739486,88.96194444,94.15466667,93.55253731,96.28564103,95.6676087,94.4794382,0.852,0.88,0.53954834,0.650563,0.9660355,0.593001,0.826879
v709,1,92.30279079,89.8604,87.46184615,82.5785567,89.15418605,80.6566,85.46545455,0.712,0.74,0.37511549,0.48875333,0.63935,0.185899,0.111406
v71,2,89.14621363,75.346875,74.01842857,67.99207792,80.7478125,76.78148148,65.8528125,0.388,0.4725,0.14002801,0.04816933,0.162257,0.008678,0.009732
v710,3,90.68916158,77.60545455,85.13956522,80.30291667,85.67051282,79.24804348,82.8754878,0.612,0.6725,0.43179978,0.209937,0.4788945,0.01789967,0.044982
v711,1,94.35719373,91.2625,94.502,85.22378049,97.05051282,96.20195652,96.48022727,0.856,0.8875,0.55816243,0.63246,0.8863865,0.54834833,0.5860945
v712,0,93.00369704,83.57328125,79.44428571,82.456875,93.31897436,87.23869565,91.8585567,0.766,0.7975,0.38164411,0.59263167,0.8049975,0.38916833,0.3892505
v713,4,93.46575005,85.07916667,91.1716,75.4225,96.08923077,95.17413043,93.29883721,0.836,0.8775,0.47427813,0.61374,0.839186,0.47419667,0.4766895
v714,0,90.6225914,78.415,76.98926829,78.45910112,80.48431818,78.22410714,74.90660714,0.464,0.5475,0.22570327,0.11167333,0.1991155,0.01042967,0.0110735
v715,2,90.46466653,73.611,80.15,71.95837209,79.84945946,78.10907407,77.11077922,0.55,0.625,0.26072256,0.20252267,0.4067985,0.01576633,0.0237965
v716,1,91.23453748,82.8676,78.73184615,74.229,86.48348837,75.1858,80.38757282,0.644,0.7,0.26112432,0.397578,0.590668,0.07619733,0.0614595
v717,3,89.85010216,77.8596,73.97323077,71.51529412,80.92114286,78.75963636,74.87836735,0.474,0.57,0.18797921,0.13062867,0.2420115,0.01119233,0.012595
v718,0,88.94096584,80.06866667,78.01189655,75.825125,74.96531915,75.19212766,61.99905882,0.426,0.5225,0.43652802,0.07722367,0.134706,0.009135,0.0095255
v719,2,90.28875331,78.41957447,79.0,70.99010989,86.51282051,76.14152174,79.73095238,0.402,0.505,0.18559303,0.06845333,0.111748,0.00897933,0.008989
v72,2,89.24960812,78.92840909,82.28521739,76.24986486,72.59659574,68.75042553,68.50465753,0.42,0.48,0.21126382,0.09565367,0.1963015,0.009408,0.0118835
v720,3,89.39055926,65.1936,76.04904762,62.7727381,85.48102564,75.44217391,75.8872619,0.46,0.5525,0.22207265,0.08432033,0.1538175,0.00936567,0.010008
v721,3,90.46754636,78.14805556,82.46333333,73.1628,88.37589744,77.96586957,80.73222222,0.448,0.5375,0.42757096,0.09160167,0.1612085,0.00963833,0.0106545
v722,4,88.72451829,73.21098039,65.19744186,72.3441791,82.87641026,74.58152174,75.60512195,0.396,0.5075,0.29906471,0.07141133,0.113757,0.00905467,0.0093025
v723,4,93.30276762,89.0508,78.82384615,88.94096154,95.83410256,94.39434783,94.2927907,0.826,0.8775,0.50134542,0.64021233,0.920613,0.56246267,0.6248535
v724,1,93.4028337,79.07813953,82.58631579,83.74738095,95.3125641,93.54565217,87.58946809,0.824,0.87,0.45966219,0.619656,0.8624325,0.491696,0.406781
v725,4,93.10399838,84.68277778,90.7324,76.95316456,93.86307692,92.5073913,88.47811765,0.786,0.835,0.46091006,0.55852633,0.777302,0.324618,0.3661305
v726,0,89.53306589,74.125,84.35962264,68.64604651,82.06307692,74.78702128,71.16839506,0.482,0.555,0.1992637,0.11636733,0.182422,0.01047133,0.010157
v727,1,92.21764622,85.524,88.32472727,76.52222222,90.18435897,84.77630435,87.6753012,0.726,0.765,0.42355783,0.49082567,0.68807,0.181373,0.1602135
v728,0,92.80340308,84.86171875,79.63428571,89.09635417,90.645,88.70357143,89.86645833,0.788,0.8125,0.44273447,0.62486567,0.9090355,0.505235,0.524465
v729,1,94.27172653,94.61,95.50644444,92.61942029,96.96589744,96.67847826,96.58352273,0.886,0.905,0.57384132,0.654736,0.9670825,0.61418667,0.8438585
v73,3,90.41106146,78.5072973,81.55903226,79.68523077,88.0284375,85.18957447,74.32604167,0.57,0.6225,0.21411075,0.28160367,0.489866,0.03209567,0.040374
v730,4,93.19917769,81.83090909,88.76195652,83.62797468,95.63025641,94.61478261,93.40113924,0.828,0.87,0.49113936,0.614996,0.8485865,0.48527267,0.494964
v731,0,92.4464467,82.07972222,89.1594,72.4324,90.89384615,83.575,88.82333333,0.738,0.7675,0.4686995,0.53663033,0.7457505,0.246445,0.2272755
v732,0,93.25598863,78.69297872,87.46650794,83.71492063,93.9325641,93.24276596,91.70654762,0.81,0.8475,0.47863669,0.62201067,0.8787865,0.50152467,0.4803335
v733,0,90.46552965,75.2666129,72.14085714,76.26104167,84.08102564,79.0723913,82.55267606,0.48,0.57,0.34951836,0.09787733,0.184212,0.009956,0.010998
v734,3,92.41035822,84.49866667,87.33,73.44963636,92.76051282,86.71543478,91.54959184,0.766,0.815,0.2269638,0.59385867,0.765498,0.37829933,0.3159715
v735,3,91.93876618,83.22377358,84.2087037,77.982,93.82769231,91.19543478,87.74444444,0.774,0.8375,0.51438773,0.58007,0.8426295,0.36407467,0.41143
v736,0,94.03754479,91.39638889,95.038,84.83825,96.75076923,96.1426087,96.72955056,0.864,0.89,0.59828186,0.64099067,0.9125885,0.57306233,0.6448955
v737,4,89.10145292,71.666,68.31085714,69.02270588,85.51282051,78.87847826,77.60166667,0.402,0.5075,0.27151085,0.068785,0.1094095,0.00891333,0.00927
v738,3,91.75779967,74.54590909,83.69695652,72.76752941,87.35957447,87.01511111,76.67402597,0.742,0.8075,0.41134082,0.571418,0.768938,0.30969167,0.225238
v739,0,91.47064802,77.35916667,73.68985714,77.882,87.02435897,84.1926087,79.09333333,0.7,0.755,0.4466192,0.482798,0.654425,0.151198,0.130761
v74,2,89.00869092,71.45129032,69.426,74.00244444,77.60818182,73.77107143,70.92863158,0.374,0.465,0.12286649,0.07952833,0.1435915,0.00880667,0.009359
v740,2,91.10731034,78.40520833,83.04326923,78.58314286,87.65820513,84.65956522,80.43377778,0.648,0.7125,0.41009432,0.28736367,0.459159,0.03261133,0.040167
v741,0,93.89649443,89.6075,91.86636364,87.9606,96.14923077,95.29891304,95.13346667,0.856,0.885,0.60170652,0.65074567,0.9669515,0.60010833,0.8205505
v742,1,92.90558486,83.81064516,80.67714286,81.67318182,93.37897436,88.00608696,90.88119403,0.8,0.8325,0.52473865,0.579791,0.7935035,0.37473467,0.3805455
v743,3,89.56538882,69.82295455,77.8526087,65.36719101,72.87159091,77.12843137,74.05068493,0.48,0.5625,0.25959541,0.12764667,0.2472665,0.01094767,0.0124475
v744,4,92.83062097,82.71022727,87.20612903,82.22028302,95.08717949,94.81630435,87.63797619,0.8,0.8775,0.53445624,0.624663,0.9026395,0.50382233,0.5482865
v745,4,93.24815117,86.25111111,91.05933333,76.72958333,94.19128205,92.77891304,92.298625,0.796,0.845,0.48265047,0.58541867,0.7887035,0.40167233,0.4182295
v746,3,93.58347826,87.42825,90.53436364,79.14166667,95.68,93.8673913,93.30831325,0.822,0.8575,0.47134211,0.62075267,0.847902,0.48845333,0.4930135
v747,3,93.19399595,87.62018868,87.77851852,83.94815789,95.91076923,94.88152174,93.58382022,0.824,0.8725,0.5828946,0.62633567,0.8874655,0.51323267,0.555226
v748,4,91.29648354,73.79906977,77.52807018,72.54848485,87.65574468,86.59177778,76.17586207,0.728,0.7975,0.40314046,0.55241433,0.7401355,0.26768633,0.2004185
v749,4,92.65798611,87.60361111,90.68755556,80.23753247,94.97358974,93.11086957,91.20346667,0.812,0.855,0.39411861,0.624281,0.8707065,0.495755,0.478904
v75,3,90.55249089,73.21204545,83.05774194,75.07483333,83.77717949,76.03348837,76.62710843,0.508,0.575,0.31382748,0.15097433,0.302793,0.011418,0.0165825
v750,2,89.657222,69.04833333,81.64571429,73.67071429,87.98,81.86152174,81.58393258,0.442,0.545,0.26403549,0.080642,0.142117,0.00928867,0.0101255
v751,1,93.88957183,88.928125,80.75942857,86.75056818,96.20769231,95.20652174,95.93108696,0.854,0.8825,0.5392364,0.644821,0.9389725,0.580761,0.727309
v752,1,93.57232449,90.97027778,93.17,89.03222222,95.56461538,94.70804348,93.845,0.83,0.865,0.52578258,0.643909,0.947405,0.56095533,0.7352195
v753,2,89.75480804,74.2674,73.55230769,69.37683333,76.80461538,72.77843137,66.45042553,0.476,0.565,0.21824255,0.17104667,0.3173465,0.013114,0.0153285
v754,3,92.07625948,76.01978723,80.45724138,76.52131148,93.02179487,91.72086957,87.28113924,0.776,0.84,0.40324525,0.608859,0.8586485,0.42017167,0.4264915
v755,1,93.71866694,84.46954545,89.74034483,84.70492063,95.25846154,92.67934783,91.64550562,0.802,0.8475,0.40574542,0.61537433,0.8738465,0.47477867,0.489182
v756,0,92.19112825,82.43863636,90.04586957,83.97341772,86.70704545,86.82553571,87.48074627,0.794,0.8075,0.39685908,0.62746367,0.9260195,0.48794233,0.566984
v757,0,89.63963806,73.09472222,80.69088889,64.97541176,84.4474359,75.4173913,78.07866667,0.434,0.5325,0.28386953,0.09758767,0.1776775,0.009624,0.0107575
v758,2,93.90189927,93.09645833,91.92173077,88.73068966,96.12307692,95.70608696,95.28465116,0.864,0.885,0.51841976,0.652699,0.970417,0.60880633,0.838283
v759,4,92.73978336,83.85666667,84.65339623,76.19784091,95.72230769,94.47304348,91.18079545,0.848,0.8825,0.49178133,0.629047,0.8321575,0.52181633,0.4279665
v76,0,88.50023622,72.47732143,78.56585366,55.639625,83.26025641,74.7126087,70.51873684,0.362,0.4575,0.21936067,0.06826233,0.124382,0.00847,0.0093315
v760,0,90.42814958,74.88196078,67.54046512,77.94737705,83.66769231,79.92,77.5325641,0.636,0.7075,0.3029371,0.44532933,0.624927,0.10172833,0.0700135
v761,0,89.33320521,72.41545455,80.63434783,72.7772973,84.89153846,76.745,78.81355556,0.404,0.5025,0.36575145,0.07154067,0.1180445,0.009018,0.0094285
v762,0,93.91301227,94.27194444,94.81222222,94.8442623,96.21461538,95.87282609,95.61494253,0.862,0.8875,0.5403317,0.652681,0.9750475,0.60132,0.869345
v763,1,92.1034526,88.32830189,85.19777778,88.02506024,87.91,88.27444444,73.81626263,0.76,0.785,0.27240886,0.57211867,0.797776,0.30509533,0.2800185
v764,3,92.6963598,82.51171875,77.75342857,86.02898734,90.25212766,89.63911111,83.23175676,0.782,0.8225,0.47386474,0.60308033,0.8602495,0.42614633,0.4045855
v765,0,90.36843856,76.64983333,73.58071429,73.89166667,77.99131579,76.28625,77.11666667,0.516,0.5975,0.2399446,0.15687033,0.30368,0.01263367,0.014532
v766,3,90.54465031,78.36727273,82.55741379,74.55916667,82.16978723,79.69264706,75.80043956,0.446,0.5375,0.39740003,0.08852433,0.1599645,0.009497,0.0102335
v767,0,90.01161396,78.10583333,83.09244444,72.66086957,84.43153846,73.93673913,77.33670455,0.418,0.515,0.26336165,0.083716,0.14663,0.00928167,0.009645
v768,0,89.42727979,75.2175,81.80177778,64.87,80.46076923,73.37782609,68.38666667,0.402,0.5075,0.3049308,0.08012067,0.133086,0.00924533,0.009248
v769,0,92.73996085,88.97,84.33706897,90.5733871,84.56638298,86.75911765,83.14303371,0.708,0.735,0.29834419,0.53514433,0.76799,0.257144,0.2648565
v77,2,90.13731816,74.67575,81.03301887,73.47753247,83.61428571,77.26112903,74.815,0.39,0.475,0.21516004,0.07754133,0.154435,0.00866233,0.0101635
v770,0,89.99887261,79.04777778,82.68666667,68.51059524,84.17641026,76.35195652,77.26183908,0.468,0.56,0.23277761,0.10020233,0.1845485,0.009837,0.0106185
v771,3,90.3526304,78.51075,71.25857143,71.67714286,84.95641026,77.84847826,79.44355556,0.544,0.61,0.42847781,0.140869,0.259946,0.011902,0.0151225
v772,0,89.84831267,74.62611111,79.98044444,64.85758621,84.25076923,76.48826087,76.56719101,0.43,0.53,0.33769226,0.087681,0.1619065,0.00942833,0.010287
v773,4,92.67130152,77.77727273,85.88130435,78.00458824,94.87794872,92.59565217,91.48564706,0.802,0.855,0.48778403,0.58835667,0.810849,0.40227533,0.4306645
v774,1,90.34669794,75.16666667,82.06222222,73.92098592,85.91051282,75.88,79.63844444,0.456,0.55,0.19606974,0.12527733,0.2529555,0.01088933,0.013688
v775,2,90.86964566,74.7102,71.86430769,70.1112766,82.78487179,81.14847826,74.67012658,0.614,0.6875,0.31462266,0.36540767,0.530767,0.05015867,0.037252
v776,3,87.40255358,65.88162791,51.25439024,62.83574074,80.86102564,78.42543478,64.48460526,0.454,0.585,0.26152791,0.09743233,0.168434,0.00988733,0.009874
v777,3,93.27094821,95.04166667,90.19,94.28945652,91.80435897,89.95215686,94.24859155,0.874,0.89,0.62942772,0.65563367,0.978284,0.608824,0.861233
v778,1,91.57608987,79.37711111,78.19037736,79.22757576,90.37769231,87.48869565,82.99488889,0.712,0.7875,0.26025911,0.54130367,0.7611235,0.27456867,0.2341795
v779,3,90.95851814,79.02475,82.42254545,64.61244898,83.8174359,79.82086957,76.74246753,0.594,0.66,0.30264625,0.336733,0.450011,0.04190367,0.027378
v78,4,89.19610026,71.38767857,72.99634146,63.56,79.16086957,78.92529412,69.81145833,0.36,0.455,0.15924398,0.03894,0.1364785,0.00831733,0.0092025
v780,4,91.63512245,82.13305556,89.34466667,74.03362319,92.42769231,89.49695652,84.62404494,0.68,0.7575,0.4461397,0.25597133,0.483456,0.02610067,0.068885
v781,3,92.10388302,74.15512195,83.89137255,72.26658228,88.66276596,88.05511111,79.22352273,0.742,0.8075,0.49432363,0.515689,0.709681,0.20835267,0.147655
v782,3,92.88005099,84.485,93.85521739,81.83578947,91.00057143,86.43916667,90.66831325,0.824,0.835,0.55025598,0.63887533,0.9177935,0.54039767,0.592435
v783,1,94.64739785,93.26575,94.61127273,88.91267442,96.51102564,95.31717391,95.04393258,0.856,0.8875,0.49889014,0.64246533,0.9406285,0.57391233,0.7390235
v784,0,90.43282067,75.09548387,73.46942857,72.48791667,83.24205128,78.80978261,76.50042857,0.522,0.6025,0.43935286,0.10242,0.193229,0.01019533,0.0110955
v785,3,94.0760913,93.12583333,94.19977778,91.33072289,96.10435897,95.72521739,95.665375,0.846,0.88,0.5931916,0.64783533,0.948561,0.58661433,0.76585
v786,1,92.41238873,87.96138889,89.03622222,88.315,89.67914894,87.878,87.98565217,0.796,0.8225,0.47850345,0.62255233,0.893666,0.46808067,0.501245
v787,0,90.26876137,80.95111111,84.9606,70.10957746,85.84358974,78.89913043,76.75423077,0.416,0.515,0.20483292,0.07097367,0.123627,0.00901867,0.0091745
v788,4,93.99111542,93.83194444,94.66422222,93.655,96.54615385,95.47021739,95.35379747,0.862,0.89,0.60874754,0.65309967,0.974043,0.60374433,0.8587695
v789,0,89.73147268,74.02022727,81.59630435,71.08063291,84.44692308,80.67608696,73.57125,0.464,0.5575,0.38298929,0.09737967,0.172218,0.009863,0.0107815
v79,1,88.70888421,70.95725806,69.60571429,69.06846154,85.23305556,82.53666667,73.67815789,0.364,0.4775,0.18381492,0.08030467,0.14986,0.00878267,0.009924
v790,0,91.43259967,76.81829268,84.42411765,82.25607595,84.4512766,79.32777778,77.35732558,0.634,0.6925,0.45070626,0.27927433,0.4836035,0.02938267,0.042066
v791,3,91.4522392,79.03333333,85.30222222,68.71402597,88.41153846,82.42304348,80.48730337,0.65,0.7075,0.27628732,0.43870267,0.6015885,0.092454,0.072504
v792,3,92.14058836,85.63577778,86.4737931,87.472,90.26692308,86.27326087,89.06084211,0.718,0.775,0.3771272,0.58614567,0.853401,0.347852,0.4016125
v793,4,92.04429266,79.00454545,85.1533871,77.61837209,91.39897436,91.05934783,80.76337662,0.762,0.835,0.38203367,0.58868533,0.8011045,0.37576533,0.281233
v794,3,92.69772443,75.0644186,77.45789474,85.28826087,89.69395349,91.26413793,86.69414634,0.782,0.835,0.35153857,0.624132,0.8647625,0.481925,0.351505
v795,2,91.05280503,78.72740741,83.38486486,67.06279279,87.82051282,86.80347826,74.83152778,0.706,0.7825,0.39967851,0.41898267,0.683271,0.09571533,0.1103085
v796,1,93.25419238,84.08609375,80.00142857,78.97715909,95.67205128,94.12891304,92.52043956,0.83,0.8775,0.51037238,0.63015233,0.855405,0.53095933,0.477402
v797,0,94.0301645,87.68833333,92.956,78.83407895,96.50153846,95.24586957,94.783125,0.842,0.875,0.53548053,0.61650233,0.861441,0.49147033,0.532215
v798,4,93.21186903,88.02155556,83.61754717,80.34591549,95.95769231,95.06717391,93.1573494,0.84,0.8825,0.42975964,0.638777,0.827139,0.54694733,0.4847845
v799,4,92.69240988,90.92603774,88.97962963,90.80114286,95.71512821,93.77282609,94.23703297,0.828,0.8725,0.44551382,0.65136567,0.961162,0.595847,0.7754555
v8,0,94.10005155,90.09409091,94.74804348,92.24073529,91.53452381,95.37891892,94.57487179,0.866,0.8775,0.60569053,0.645492,0.955441,0.56838133,0.794796
v80,1,90.21282712,77.25887097,73.45128571,78.15319149,82.26772727,81.69571429,77.50975309,0.468,0.5425,0.22916407,0.086295,0.199667,0.009009,0.0112055
v800,3,92.30679291,84.496,86.942,73.22701149,90.83846154,88.96347826,80.94487805,0.732,0.7975,0.41762389,0.432484,0.601892,0.11384567,0.10107
v801,1,93.65891684,88.11444444,91.6486,84.764125,95.30589744,94.47212766,93.26765432,0.834,0.8675,0.51944515,0.62947567,0.893893,0.529268,0.5581705
v802,1,93.70571808,92.26277778,93.55644444,93.49301587,95.99487179,94.91195652,94.93922222,0.86,0.885,0.56581995,0.65100633,0.973242,0.58691233,0.845096
v803,1,92.36199759,80.63866667,76.41185714,80.92255319,91.13512821,86.96565217,86.10152778,0.74,0.795,0.40036392,0.56624033,0.7563245,0.31659233,0.2681265
v804,0,93.37472415,85.27472222,92.83644444,91.66032258,96.34102564,96.13217391,95.55933333,0.856,0.885,0.53963052,0.65234533,0.970793,0.59754133,0.8149625
v805,4,93.5162263,91.56055556,95.20711111,82.13767123,96.48025641,95.0623913,94.81522222,0.852,0.885,0.50195646,0.62289167,0.8356585,0.51994633,0.5035625
v806,3,91.71762574,80.44027027,84.87096774,72.237125,93.15435897,91.1276087,87.46098765,0.756,0.8175,0.38325687,0.43832133,0.6159925,0.12738867,0.198309
v807,0,89.50500205,74.62574468,75.39241379,70.62914286,79.94457143,74.38322581,67.62923913,0.422,0.52,0.21539449,0.045317,0.149932,0.00848333,0.009783
v808,1,93.42788658,87.84826923,90.64848485,86.99784615,95.95769231,93.88717391,94.31211111,0.858,0.885,0.54741542,0.64686733,0.9532095,0.58008933,0.727889
v809,1,94.46783228,94.89916667,95.44844444,90.82463415,96.87538462,96.45195652,96.53363636,0.868,0.895,0.54964259,0.649094,0.9535025,0.5934,0.7799715
v81,2,90.05640533,77.49076923,80.01636364,60.70455556,85.6734375,84.38555556,74.02642105,0.474,0.5425,0.21292261,0.082179,0.179829,0.00893933,0.010829
v810,1,94.1747557,94.42861111,95.70422222,91.3545,96.79410256,96.49673913,96.56719101,0.872,0.8925,0.55687136,0.65079233,0.9547305,0.599449,0.795214
v811,1,92.55680282,81.81666667,76.89971429,81.36276596,92.20179487,89.65108696,87.9256338,0.78,0.8275,0.51772801,0.571723,0.797339,0.34271467,0.367185
v812,0,92.17263351,85.331,85.08709091,74.48341463,89.57589744,87.07630435,82.80963415,0.712,0.77,0.39195151,0.53857433,0.7510275,0.24195033,0.186278
v813,2,93.12490332,84.31225,80.97,91.79746667,95.38923077,94.0376087,91.51776471,0.842,0.8775,0.48780464,0.64536467,0.9546625,0.55454333,0.716238
v814,1,92.51276292,80.31145161,78.58085714,79.17521739,91.27846154,87.52782609,88.55507042,0.76,0.8075,0.51525442,0.568597,0.7765225,0.32272833,0.3116885
v815,1,92.29683661,80.06129032,78.18014286,79.2742,90.48615385,86.78956522,84.49921053,0.724,0.78,0.31827954,0.531531,0.7061695,0.248819,0.194106
v816,4,92.92326456,84.38944444,90.08733333,74.98208333,94.5025641,93.28326087,89.408375,0.792,0.8525,0.3893581,0.59009933,0.776513,0.39210633,0.3854705
v817,3,93.69734802,92.68194444,94.442,90.47971014,96.45820513,95.66673913,95.71797753,0.868,0.895,0.56368688,0.650697,0.9608165,0.59606633,0.788736
v818,1,94.2462874,93.53694444,95.72955556,87.41317073,96.90076923,96.20195652,97.08784091,0.876,0.8975,0.57634208,0.64640733,0.929704,0.58892233,0.694313
v819,3,91.48306781,81.57081081,83.02612903,75.42538462,89.69487179,89.99139535,88.71176471,0.766,0.825,0.38452535,0.567614,0.7817905,0.31305267,0.3384885
v82,4,89.71889858,77.69725,82.16254545,67.86083333,75.58216216,78.945,70.94409524,0.362,0.4475,0.1738359,0.041561,0.1393895,0.00838633,0.0096105
v820,3,94.16429096,86.62861111,94.13688889,90.79464789,96.71,96.5676087,95.31659091,0.856,0.89,0.55627588,0.64908033,0.9620805,0.59060667,0.790026
v821,3,92.05524654,82.31666667,86.65,76.22134146,90.3974359,87.99956522,87.12280488,0.702,0.7625,0.3153812,0.56014333,0.7557045,0.26629467,0.2500525
v822,0,93.25770106,85.69833333,90.7048,80.82556962,94.60128205,92.9576087,91.40894737,0.796,0.845,0.45283521,0.61234867,0.874182,0.449723,0.493955
v823,1,93.12397282,84.47972222,90.6042,75.59582278,93.48948718,92.12434783,87.5175,0.768,0.8225,0.40036801,0.52365033,0.719589,0.25593233,0.2979205
v824,4,91.51154498,78.7645,70.83490196,69.95176471,92.30128205,88.26108696,89.38851064,0.73,0.785,0.34118238,0.53363433,0.7046645,0.242058,0.277834
v825,3,93.0253076,81.085,84.6112069,77.11190476,95.08615385,93.21826087,89.70865385,0.802,0.8575,0.423737,0.62539167,0.795462,0.49686667,0.3924345
v826,0,93.94845666,92.31675,93.89627907,91.65160494,94.04512821,93.00369565,90.55619048,0.852,0.87,0.56971068,0.64975033,0.9659985,0.594637,0.8144605
v827,1,93.51516772,89.70475,92.38436364,80.06555556,96.21846154,95.04347826,94.31058824,0.842,0.885,0.55231476,0.62980667,0.89795,0.543321,0.58912
v828,1,92.37532132,85.478125,80.07257143,86.50734694,89.28205128,83.52521739,88.36329268,0.712,0.7375,0.32708797,0.49844233,0.7136775,0.19269933,0.175857
v829,1,92.38973727,82.71,83.58206897,77.84932584,85.12625,92.22655172,83.83376623,0.81,0.8525,0.53650732,0.62494767,0.887756,0.47971067,0.4308475
v83,1,88.11238105,71.727,64.85685714,67.51280488,71.9995,75.53689655,67.39480769,0.382,0.475,0.25598654,0.09031367,0.148466,0.00964033,0.009613
v830,4,90.08757742,78.90744681,78.90396552,75.14397436,76.98769231,70.69465116,65.64769231,0.53,0.6075,0.1534546,0.34141,0.471833,0.03891533,0.025105
v831,3,91.87602238,78.094,77.70192982,82.00781609,91.0625641,88.9826087,87.88211268,0.736,0.8,0.37804492,0.589651,0.8243275,0.351122,0.32509
v832,2,90.56627571,69.5224,79.7675,81.27724638,81.38692308,75.82882353,78.8985,0.438,0.54,0.22610476,0.095146,0.173139,0.00966733,0.010936
v833,1,93.58069904,81.93882353,83.86785714,87.72353846,95.77179487,95.03191489,92.97449438,0.832,0.87,0.52318883,0.64134167,0.928386,0.56328267,0.6315705
v834,4,94.43322522,91.41181818,93.47434783,96.47046512,96.91205128,96.80086957,96.455625,0.896,0.9125,0.62274741,0.65782,0.983183,0.62661667,0.9127965
v835,4,93.08435217,84.15193548,82.971,90.30291667,94.79794872,93.94130435,93.16020202,0.818,0.8625,0.56924011,0.62398767,0.8763725,0.52338733,0.5392015
v836,3,90.29817853,77.79733333,72.10057143,75.16481481,80.7115625,80.20425926,74.28958333,0.524,0.61,0.18599899,0.14298233,0.254741,0.011618,0.013207
v837,1,93.42331577,85.8475,91.2394,81.28987654,93.92,92.44413043,89.46023529,0.784,0.835,0.46218798,0.58857067,0.8101835,0.40094367,0.4018075
v838,1,89.36820378,74.87933333,78.58431034,64.16494382,87.03153846,76.17478261,79.82604651,0.446,0.5475,0.28700052,0.07836633,0.1443125,0.00920833,0.0095095
v839,3,91.38291574,81.92125,80.12114286,73.80247059,87.10641026,82.03195652,82.61152941,0.636,0.68,0.47646539,0.267616,0.475046,0.02737967,0.0439025
v84,2,89.91149576,76.82767857,81.33414634,65.08987654,84.92717949,76.15826087,79.68463158,0.498,0.5525,0.19508734,0.11012133,0.2278325,0.009813,0.0131095
v840,4,90.14861625,71.27045455,80.25282609,60.30309091,77.59893617,78.67914894,73.26608696,0.454,0.5375,0.23029739,0.11538433,0.1913255,0.010494,0.010204
v841,2,93.71198659,87.17175,89.54109091,78.18290698,93.36595745,90.81088889,93.22755814,0.804,0.845,0.45696103,0.616982,0.8334045,0.47621767,0.448727
v842,0,93.42720184,88.37890625,79.77528571,92.29909091,95.58589744,94.27369565,94.22756098,0.834,0.8725,0.54041414,0.64522167,0.9568405,0.575612,0.7687715
v843,3,90.53970265,77.796,82.93072727,68.34012346,88.7625641,80.3673913,82.42870588,0.458,0.5575,0.42332271,0.08289067,0.1442405,0.00933833,0.010016
v844,3,93.40255691,90.9025,93.97777778,80.63844156,96.39564103,95.23608696,95.23315789,0.858,0.8875,0.5375042,0.64387967,0.9304825,0.569119,0.67904
v845,3,90.80816435,75.66212766,74.97034483,78.7109589,87.00846154,79.31347826,78.55303371,0.492,0.59,0.29402112,0.098944,0.1823195,0.00992233,0.0113265
v846,0,93.42614443,89.23361111,93.85355556,81.27415584,96.16846154,94.68021277,94.60716049,0.83,0.8625,0.56228214,0.62192567,0.868895,0.50678833,0.5393035
v847,1,89.76635938,67.40805556,80.41288889,62.80158537,86.72692308,77.02391304,78.52033333,0.44,0.54,0.2516134,0.104849,0.1861165,0.010051,0.01067
v848,0,93.73691675,90.38859375,83.94342857,87.67020833,96.21384615,94.99,95.84797297,0.86,0.88,0.54802684,0.65248,0.957911,0.606901,0.807113
v849,3,92.87262411,79.47977273,85.90935484,80.13976744,93.99615385,92.55130435,88.60373333,0.778,0.8425,0.4654716,0.606594,0.827697,0.43855733,0.364025
v85,4,92.95169278,85.23136364,92.77652174,87.47012658,92.65833333,90.6972549,92.17731707,0.846,0.875,0.52915884,0.643935,0.9217645,0.564383,0.619124
v850,3,93.29297457,85.106,82.48075472,78.96083333,95.38641026,93.5676087,91.79810127,0.816,0.8575,0.50309627,0.61220733,0.853927,0.45925433,0.4625845
v851,4,92.53061224,84.88305556,91.61355556,77.03318841,93.90692308,92.87217391,88.45136364,0.8,0.85,0.36503941,0.61817967,0.8486605,0.47037267,0.4320155
v852,3,93.06429179,80.50090909,86.1616129,81.07918605,93.35641026,91.89978261,87.9736,0.776,0.8375,0.46190224,0.603149,0.8358755,0.43172933,0.3699495
v853,4,93.88353155,87.20704545,89.77637931,93.57311688,95.28666667,95.07456522,92.64695122,0.844,0.8725,0.52520522,0.645417,0.958748,0.57009967,0.759305
v854,2,93.6442548,85.25044444,78.52113208,84.22015152,95.57333333,93.89065217,93.50816901,0.842,0.88,0.50425877,0.63295067,0.9327055,0.51612933,0.624848
v855,1,93.32423255,85.12403226,78.16542857,88.52555556,93.92692308,92.53304348,89.07971429,0.81,0.855,0.54734911,0.61618367,0.8585835,0.47682433,0.4697005
v856,1,89.70125661,74.86535714,73.70512195,66.65917808,81.7746875,81.35407407,65.75934783,0.472,0.5675,0.15884682,0.10526033,0.18943,0.01011233,0.010458
v857,3,93.1012217,94.55866667,89.91484848,93.58166667,91.63410256,90.03254902,94.17902778,0.872,0.89,0.62742651,0.65556933,0.9777,0.607866,0.85161
v858,0,92.58660094,81.87244444,84.56716981,77.97138889,86.9906383,85.92088889,87.3512,0.75,0.79,0.47399715,0.56608867,0.804181,0.298419,0.284569
v859,4,93.40455215,90.778,91.58618182,88.87851351,94.87435897,95.21173913,91.96219178,0.844,0.8775,0.52703376,0.64681233,0.9511035,0.57942767,0.724796
v86,0,93.16665244,90.32386364,95.40652174,91.31709677,93.62372093,86.7648,94.57318182,0.858,0.87,0.61344078,0.653445,0.960987,0.60457833,0.802713
v860,4,93.20886391,93.46194444,93.94555556,94.09888889,96.23820513,95.15869565,95.41764045,0.854,0.8775,0.55951137,0.65177833,0.97305,0.595556,0.8578815
v861,3,90.7853313,79.51125,80.68345455,71.74409091,84.94333333,79.94891304,76.96277778,0.528,0.6075,0.23313528,0.16376933,0.259841,0.01293067,0.013247
v862,4,89.47625398,71.28,70.00928571,67.49229167,79.90510638,78.00311111,62.23849057,0.456,0.5575,0.23647142,0.097518,0.179799,0.00971533,0.01005
v863,1,94.04772941,91.77916667,93.776,88.37083333,96.78846154,96.39108696,95.89358974,0.856,0.895,0.53374678,0.65049533,0.9550695,0.60019067,0.7641905
v864,3,93.49453562,91.13125,90.22327273,85.04324675,94.86025641,92.40369565,92.42487179,0.82,0.8525,0.57745526,0.630096,0.8989005,0.52458733,0.56601
v865,4,92.47588224,82.94453125,80.07642857,82.90804878,95.45512821,93.79673913,93.05876289,0.818,0.875,0.52252842,0.55273067,0.7567255,0.33457367,0.438949
v866,3,93.28745869,84.70328125,79.90014286,82.62325,94.85282051,92.51695652,92.72701299,0.82,0.8575,0.46930254,0.632812,0.8790515,0.52276667,0.5204205
v867,4,93.15795828,86.40283333,81.291,82.75578947,94.26564103,92.80717391,91.71884211,0.816,0.8675,0.48107386,0.61146933,0.8271655,0.45877667,0.439483
v868,3,92.51104529,87.30698113,87.10166667,84.181,93.68282051,91.02456522,88.95824324,0.822,0.8525,0.60635985,0.62392533,0.883875,0.49302667,0.501936
v869,3,90.82407076,65.06487805,81.16333333,67.47910256,85.20808511,82.52511111,76.36872093,0.574,0.655,0.3990719,0.124761,0.252823,0.01114133,0.014175
v87,4,93.11914069,88.78454545,91.63195652,92.31068966,91.76275,90.8862069,93.26583333,0.834,0.855,0.6007244,0.64982667,0.9633475,0.58578667,0.77869
v870,1,89.46253271,70.15688889,75.46140351,70.1,72.10975,76.15103448,65.96533333,0.534,0.615,0.26469012,0.26676667,0.4032545,0.02350133,0.0205965
v871,1,90.4573363,69.568125,68.96528571,76.01272727,76.43837838,77.30913043,73.22552632,0.484,0.58,0.22592107,0.13091467,0.236053,0.011029,0.012412
v872,1,90.69244494,79.822,69.63823529,78.15797753,81.64409091,80.52196078,77.95183908,0.628,0.68,0.29361568,0.39415233,0.5676415,0.06207333,0.050008
v873,0,88.38195187,67.979,65.922,65.45220779,78.06575,75.96918919,56.75819149,0.38,0.49,0.37416767,0.07283567,0.1155055,0.00908733,0.0089585
v874,3,92.51298228,78.32,75.20173077,73.01566265,93.8125641,91.83065217,90.10577465,0.828,0.865,0.54764476,0.62344067,0.8831315,0.48778667,0.4811515
v875,0,93.79062259,90.8125,86.94171429,93.66621951,75.71333333,91.43162162,91.06566265,0.77,0.7875,0.49437942,0.61274267,0.942501,0.43545867,0.718933
v876,0,90.83863729,77.621,72.27938462,70.68265957,79.0187234,78.26756757,78.98142857,0.488,0.575,0.37083062,0.12922533,0.246103,0.011049,0.0134595
v877,3,92.66750608,86.05972973,88.14725806,82.1608,94.63846154,93.81434783,92.95865854,0.828,0.8675,0.46228402,0.624876,0.887725,0.50130433,0.5390715
v878,3,92.66501221,83.49837838,87.35096774,74.66177215,94.64871795,93.46065217,88.97735632,0.822,0.87,0.44580037,0.59331533,0.7873015,0.41152967,0.4112965
v879,4,92.7872274,84.90527778,88.1386,78.31063291,92.3490625,89.60978723,82.83122449,0.754,0.7975,0.35775993,0.580555,0.8073355,0.361778,0.278811
v88,4,92.71455924,83.58431818,94.82391304,81.20021739,87.98042553,85.22444444,86.63577778,0.81,0.805,0.40007688,0.61610667,0.844906,0.48140833,0.3795705
v880,4,93.65881909,91.09805556,94.308,84.33070423,96.77435897,95.25913043,95.00170455,0.856,0.885,0.55683137,0.638716,0.905723,0.57128533,0.6177775
v881,3,89.52404925,72.53366667,71.35742857,68.54447059,75.3987234,75.26735294,61.398125,0.426,0.5325,0.19002964,0.09530267,0.160398,0.00965333,0.009724
v882,1,93.14879862,88.52288889,84.73150943,88.61213333,93.26228571,94.03981818,90.30407767,0.81,0.845,0.35728282,0.63647367,0.950288,0.52018133,0.691065
v883,3,92.8063517,86.0253125,82.06214286,84.25361702,93.91051282,92.63413043,88.50886364,0.822,0.8675,0.48366746,0.619426,0.846216,0.46826833,0.415151
v884,3,92.67129026,87.4345283,91.20314815,85.80114286,85.21545455,90.56019608,77.12031579,0.814,0.84,0.44164045,0.602648,0.866953,0.39172067,0.4065615
v885,1,89.70257618,75.51516667,70.45071429,72.94905263,81.11388889,80.65509804,68.28530612,0.48,0.565,0.18699891,0.12741267,0.219779,0.01104433,0.0111495
v886,4,89.92669023,68.56295455,78.53467742,70.86476744,80.8525641,75.04869565,71.61306818,0.502,0.5875,0.27963513,0.123225,0.2722865,0.01076367,0.0134775
v887,3,93.56003884,88.97277778,93.12955556,89.13966667,96.2025641,95.38630435,95.18433333,0.846,0.8775,0.52545359,0.64557,0.9594035,0.56754,0.766645
v888,3,92.9321546,86.34277778,87.81324324,85.23372093,95.59205128,94.00804348,89.97229167,0.838,0.8825,0.50612978,0.65072067,0.9573845,0.590833,0.6996665
v889,4,91.605196,78.95972222,85.50555556,73.15534247,89.22974359,84.04304348,84.53037037,0.594,0.6725,0.33232948,0.16950033,0.3484985,0.013552,0.0230055
v89,4,92.94454857,84.40090909,94.65543478,79.20229358,87.24052632,87.42482143,83.8425,0.818,0.82,0.37477143,0.620206,0.8408645,0.484347,0.3764125
v890,4,93.43503979,90.5675,94.51111111,82.94426667,96.35205128,95.37369565,93.76878049,0.846,0.88,0.5107826,0.637615,0.898112,0.55577067,0.6083525
v891,3,92.57537048,86.97416667,89.99355556,83.01077922,92.87564103,88.62565217,91.2924359,0.738,0.7825,0.46059158,0.54920733,0.8014355,0.30354933,0.3553135
v892,3,94.73470612,94.64276596,89.44086207,95.67047619,94.26085714,94.20903226,92.00714286,0.852,0.8725,0.50914528,0.64222533,0.958698,0.564727,0.7868285
v893,0,93.21861384,83.11886364,92.0173913,82.17342105,88.90510638,90.35529412,82.46438202,0.794,0.8125,0.54151175,0.60260567,0.8420615,0.41649267,0.335239
v894,3,92.74637837,79.41840909,85.34419355,80.61453488,92.15128205,90.6223913,86.90688312,0.758,0.8275,0.43704144,0.60127767,0.8304595,0.412082,0.343593
v895,1,89.96886701,71.904,66.84153846,66.52228916,75.78804348,76.44205882,70.68441558,0.438,0.5425,0.22753297,0.15055067,0.286672,0.011873,0.013514
v896,4,93.26176971,86.0875,91.1036,79.786375,93.89128205,92.75326087,88.97223529,0.782,0.84,0.40024385,0.58029867,0.78823,0.37776367,0.3869745
v897,0,90.60409164,78.43435484,75.56628571,78.78,85.018125,80.96106383,75.01653846,0.5,0.595,0.22097162,0.135791,0.237739,0.011568,0.013976
v898,3,93.04765185,86.36694444,88.70155556,85.51848101,95.34794872,93.4223913,92.79329268,0.808,0.855,0.46423155,0.62605267,0.883079,0.49210167,0.530515
v899,1,94.05314524,89.141,92.75163636,84.47761905,96.5025641,95.7873913,93.650625,0.842,0.88,0.52740351,0.62890333,0.885782,0.53115833,0.558665
v9,0,91.64144742,80.90125,82.93236364,81.06853333,80.12461538,77.02392157,80.02761364,0.62,0.6775,0.38719832,0.42157133,0.6434205,0.08325,0.0915145
v90,1,94.22445712,90.59659091,96.5523913,95.48495146,94.91525,93.52837838,96.06931507,0.874,0.8825,0.55130466,0.657079,0.9778425,0.626747,0.8975945
v900,2,89.93888643,82.67918919,79.54806452,78.98618557,67.15931818,72.17017857,77.00842697,0.57,0.6275,0.2086308,0.356894,0.5339845,0.04540967,0.0463035
v901,3,92.16733454,84.08181818,87.05403226,80.99421569,83.997,83.68344828,80.25,0.724,0.7475,0.46451938,0.56826733,0.793914,0.309584,0.236052
v902,3,93.28982111,86.34693548,83.31571429,89.25456522,94.07717949,92.84456522,89.08876712,0.82,0.855,0.58602822,0.62664,0.892242,0.50977967,0.5243285
v903,1,93.71020723,94.825,94.91511111,93.78055556,95.83769231,95.435,93.79195402,0.868,0.89,0.5196829,0.650777,0.9757405,0.58420733,0.8622505
v904,4,93.44163908,91.98722222,94.98688889,85.81710145,96.21794872,95.22347826,94.91875,0.852,0.8825,0.5806151,0.63501467,0.894033,0.559065,0.6065305
v905,4,90.99831177,75.36386364,84.93983871,72.79833333,89.07820513,82.23413043,84.58455556,0.566,0.6325,0.44353032,0.13266267,0.267117,0.01171433,0.0154555
v906,0,92.82502438,83.23111111,89.1766,75.56386667,93.46282051,91.15369565,89.21666667,0.776,0.8275,0.48429557,0.58636933,0.814503,0.36380867,0.3638425
v907,4,90.99750923,77.08425532,77.53931034,78.20358974,84.4075,79.90348837,82.3824,0.592,0.6625,0.29049669,0.287059,0.438641,0.02896733,0.0334205
v908,4,91.9528104,72.32022727,86.26413793,75.76338235,93.19051282,92.6523913,85.29242857,0.79,0.8675,0.43010337,0.61642067,0.879586,0.45814567,0.448121
v909,4,93.40194339,86.0940625,80.948,84.4122449,96.17051282,94.09913043,93.99860215,0.842,0.8775,0.56411209,0.62451533,0.884892,0.515225,0.527208
v91,1,93.24636104,87.99613636,94.88065217,88.06780822,85.18361702,87.48170213,91.92117647,0.826,0.85,0.57322493,0.64794533,0.9565365,0.581518,0.7539545
v910,0,91.34099284,74.78475,74.17457143,78.09177215,82.75347826,83.45147059,82.08138462,0.666,0.7225,0.37294243,0.44384733,0.6538155,0.09755267,0.0983245
v911,3,91.20281495,76.59318182,83.94806452,84.14679487,83.15636364,81.075,80.62282609,0.602,0.6575,0.26205373,0.21268833,0.3435485,0.01845333,0.020434
v912,0,93.85589943,91.69583333,94.36644444,88.03766667,96.33871795,95.40319149,95.94722222,0.854,0.88,0.55429237,0.64217867,0.938704,0.56527467,0.691319
v913,0,93.5694063,84.96181818,89.05396552,79.72384615,95.69948718,93.44086957,92.72566667,0.824,0.865,0.42221298,0.59870633,0.8141645,0.438117,0.46402
v914,2,94.37356329,94.34277778,95.51866667,90.33481481,96.93564103,96.37086957,96.39366667,0.868,0.89,0.56249669,0.647395,0.947735,0.58862533,0.758663
v915,1,92.86546118,85.47055556,90.3392,80.2605,93.1874359,91.13065217,88.50258824,0.722,0.785,0.45808682,0.384897,0.604365,0.081935,0.149839
v916,3,91.35252829,76.49568182,84.37931034,71.22151899,85.97846154,78.75717391,83.838,0.532,0.5975,0.26257293,0.13121867,0.226255,0.01132633,0.0134405
v917,1,91.68634911,79.69,70.53941176,73.44041667,91.14666667,85.66913043,86.97604938,0.724,0.7725,0.27943298,0.50794867,0.7259795,0.19955367,0.2331015
v918,4,93.42970558,92.34333333,94.04511111,92.29508475,96.47538462,95.93630435,95.22244444,0.856,0.885,0.54351668,0.65197233,0.971148,0.59432467,0.838542
v919,3,93.3472499,89.12055556,91.81711111,89.01772727,95.37564103,95.37391304,88.34631579,0.832,0.8775,0.5626264,0.64331433,0.927073,0.55272733,0.6327275
v92,0,93.16530905,89.08022727,91.06782609,87.81514286,91.17,93.10204082,83.72917808,0.832,0.845,0.58246301,0.64127133,0.9301995,0.56067767,0.642605
v920,2,93.52585485,87.69955556,84.51792453,79.66098592,95.59205128,94.3373913,92.32952381,0.84,0.8725,0.4713049,0.61237667,0.8239,0.48404033,0.460089
v921,0,93.70611725,88.05828125,81.69628571,90.34595745,93.88589744,92.40717391,90.61472973,0.83,0.8575,0.58611818,0.63641067,0.9195,0.54002533,0.61638
v922,2,93.63767939,88.14953125,82.02171429,81.77106383,95.75692308,94.19869565,92.45123711,0.842,0.8775,0.45900858,0.64154333,0.882587,0.559994,0.539816
v923,3,93.82866002,87.31054054,87.9733871,90.24575,96.70128205,96.30478261,95.72103448,0.85,0.8875,0.55455023,0.64141467,0.9253795,0.570866,0.683809
v924,0,93.99955606,90.18944444,95.38244444,80.4315942,96.54794872,95.57195652,95.33246753,0.852,0.8825,0.55019618,0.61996567,0.8623955,0.50698967,0.5288005
v925,4,91.8500346,81.45840909,92.1976087,81.03753247,89.75384615,83.26391304,85.01414634,0.77,0.7775,0.42448966,0.59012267,0.851228,0.34236533,0.323667
v926,0,91.84671008,80.4271875,75.78542857,81.97588889,85.4296875,87.22074074,68.25380952,0.684,0.735,0.38763364,0.33450667,0.52613,0.04580033,0.043162
v927,3,92.90089318,84.16775,88.482,69.203,90.43595745,85.36688889,89.73238095,0.766,0.7975,0.40065386,0.60259233,0.821731,0.43105967,0.356497
v928,4,93.4503762,90.31388889,94.06822222,81.03986301,96.09410256,95.0776087,94.10851351,0.842,0.8775,0.53146525,0.62034067,0.856082,0.50674433,0.511266
v929,4,93.71887186,91.8875,95.114,85.19028986,96.64051282,95.4576087,94.967625,0.854,0.8825,0.57913598,0.633603,0.893922,0.55350367,0.6020045
v93,2,93.20306783,90.71977273,94.61978261,91.30342857,89.37627907,86.0322,92.06078947,0.836,0.845,0.55548233,0.652345,0.966018,0.59334833,0.8074985
v930,0,89.82387136,74.70903226,72.22471429,73.7308,81.29102564,76.35608696,82.76391304,0.46,0.5475,0.28203421,0.09439267,0.1714065,0.00969067,0.010826
v931,1,90.58345327,71.64477273,82.20189655,70.06310345,82.00465116,71.3956,71.07333333,0.486,0.5725,0.20323485,0.178003,0.3134225,0.013863,0.0140055
v932,4,93.01300122,84.5255,88.23745455,73.18052632,94.06128205,92.2826087,87.51628205,0.806,0.8525,0.4330008,0.57924233,0.774213,0.36721867,0.338718
v933,1,92.53323339,80.57204545,86.19419355,81.30848837,92.83615385,90.9773913,88.06934211,0.766,0.8275,0.44958577,0.59314467,0.8233875,0.40971033,0.362844
v934,3,91.25283673,83.37,88.28422222,81.65338235,90.67384615,87.5673913,82.5011236,0.628,0.705,0.4687697,0.17995033,0.3147455,0.01555867,0.0212855
v935,4,93.67161645,89.89711111,83.0190566,89.83777778,96.14564103,95.29586957,94.96870588,0.848,0.8775,0.53678586,0.64826267,0.962143,0.58252067,0.7648855
v936,1,94.0741592,93.34972222,94.70244444,86.78375,96.58487179,95.75978261,95.90966292,0.864,0.89,0.56828113,0.640968,0.9187555,0.56889433,0.6512055
v937,3,93.69608289,93.49822222,93.49862069,91.71098765,96.20923077,94.86717391,95.81768421,0.858,0.89,0.52305205,0.65428433,0.96381,0.610164,0.812461
v938,3,94.20911699,93.78416667,94.82,88.60109756,96.80205128,96.30586957,96.21722222,0.862,0.89,0.55600333,0.644201,0.940072,0.57560033,0.726021
v939,1,92.76725407,85.647,78.67985714,87.02957447,91.04128205,88.72361702,91.53194444,0.768,0.805,0.5414967,0.594465,0.8504425,0.37329033,0.424676
v94,0,93.86811615,87.55090909,95.9523913,81.93100917,91.23680851,89.50914894,93.58831325,0.86,0.875,0.5945684,0.647559,0.941702,0.58500933,0.698692
v940,3,92.04677216,79.40733333,84.10172414,72.42136364,94.06435897,92.35065217,85.72177778,0.796,0.86,0.43538329,0.57643533,0.7638725,0.359686,0.36015
v941,4,92.3613854,72.98755556,81.47385965,73.74942529,93.45692308,92.49043478,86.92641026,0.782,0.84,0.34466218,0.58760667,0.797994,0.395184,0.382228
v942,0,91.11720926,77.56966667,74.79428571,77.75808511,87.1625641,83.51434783,80.84338028,0.68,0.74,0.45673849,0.46537267,0.638511,0.133736,0.1207825
v943,3,90.48277208,78.5183871,73.73314286,81.59590909,85.83333333,80.94565217,83.57239437,0.492,0.5775,0.4239561,0.100353,0.1857865,0.00999167,0.0114925
v944,4,92.72404325,85.77925,89.08023256,80.95188889,89.9390625,89.09907407,83.33675676,0.758,0.8,0.41802943,0.57795667,0.8333665,0.339985,0.3119785
v945,2,92.27987337,76.09931818,85.83782609,75.53930556,90.3740625,90.96,82.0675641,0.786,0.8175,0.44187367,0.57942533,0.8175445,0.33804733,0.2420425
v946,0,93.52165786,90.84372549,81.90465116,89.90430108,93.5765625,93.849,94.33786517,0.822,0.8475,0.57018435,0.635214,0.924368,0.53932967,0.6524035
v947,3,91.66297006,80.85953125,73.95814286,76.0625,89.22846154,83.79847826,84.28946809,0.69,0.74,0.31850542,0.39752767,0.5036305,0.08600567,0.0609135
v948,1,92.90182056,83.74774194,78.81214286,86.62170213,92.4025641,89.04347826,88.12235294,0.756,0.7975,0.47297368,0.594677,0.8388625,0.390747,0.361931
v949,2,93.36358667,88.80243243,89.65241935,84.27518987,96.19384615,95.15413043,95.19032609,0.858,0.8875,0.49613391,0.63282267,0.909035,0.53581733,0.5798195
v95,1,93.27794804,86.66522727,94.29565217,85.3878481,89.96425532,87.992,90.12697674,0.832,0.8475,0.56624096,0.64281533,0.9229295,0.560896,0.6360685
v950,3,92.85926187,90.01622642,87.70962963,85.08659091,91.04114286,87.44826923,91.38803922,0.812,0.8525,0.49948793,0.63688167,0.9224025,0.521956,0.5480555
v951,0,94.05946631,88.97416667,92.51,85.815625,95.91384615,95.27065217,94.10531646,0.836,0.87,0.55906405,0.62911833,0.8905455,0.53032767,0.582858
v952,1,92.85328373,82.755,79.32414286,81.66208333,92.19641026,89.16978261,89.27869565,0.802,0.835,0.51797571,0.59467,0.8170095,0.406543,0.383255
v953,1,92.76098483,69.75244444,81.65666667,74.63883721,95.74,93.83586957,91.37767442,0.808,0.875,0.44771717,0.57872433,0.806454,0.38133433,0.43709
v954,0,93.92174327,86.06204545,89.96103448,88.57184615,95.77589744,95.03021277,93.71444444,0.824,0.865,0.51373306,0.640239,0.9082785,0.55804833,0.5875005
v955,4,93.35739562,84.73277778,89.995,78.6454321,94.12153846,92.84108696,89.50729412,0.784,0.8375,0.44897272,0.57525267,0.7909615,0.37117333,0.3929925
v956,3,93.37594519,85.93171875,78.99042857,87.82166667,95.38641026,94.56369565,91.28791667,0.83,0.87,0.56399614,0.634743,0.8742755,0.53449233,0.517228
v957,1,93.68044052,83.14636364,89.73130435,86.81034884,96.07025641,94.6026087,93.51094118,0.824,0.865,0.51129957,0.63935367,0.9349725,0.55348967,0.6877445
v958,1,91.7287784,79.94109375,76.19385714,73.28160714,88.46,83.2676087,82.87865385,0.656,0.7175,0.1771276,0.53285267,0.650777,0.20596,0.150608
v959,3,89.76592608,75.814,69.90723077,69.78708333,78.91794872,78.95586957,65.34486842,0.508,0.6025,0.26222119,0.17452367,0.3392265,0.013527,0.017468
v96,3,92.88669299,81.3125,93.81217391,74.43291262,88.66595745,85.09755556,89.94467532,0.798,0.8075,0.48443661,0.59674533,0.8373315,0.41659467,0.364198
v960,4,93.62607574,93.15617021,88.17482759,91.656375,95.66974359,95.75695652,95.72279412,0.846,0.875,0.57793617,0.64926467,0.964197,0.58865267,0.818185
v961,2,88.27059226,72.4995,68.35942857,60.04326923,65.28723404,71.05148936,51.43734694,0.476,0.58,0.16671209,0.17450267,0.2725135,0.01352833,0.0115115
v962,3,90.10336365,77.62156863,75.21910714,65.69542553,84.98102564,77.37173913,79.60164706,0.418,0.5225,0.24701445,0.07648767,0.137354,0.009212,0.0094715
v963,0,89.16879557,64.07702128,78.13015873,64.03021739,82.5793617,78.37577778,79.02204819,0.46,0.565,0.2832466,0.113693,0.197706,0.01043967,0.0112725
v964,1,89.24341551,71.6871875,67.96271429,66.99325301,77.645,78.04037037,66.75505155,0.414,0.5125,0.27023703,0.077006,0.138116,0.00916,0.0091525
v965,3,92.84212287,82.61138889,90.797,73.80024096,93.97461538,92.76586957,88.64888889,0.79,0.84,0.47599544,0.557334,0.7866455,0.31304733,0.3570065
v966,2,88.73327583,68.97875,70.70342857,64.37541176,84.68846154,74.12673913,77.87955056,0.404,0.5025,0.32084442,0.072845,0.1212235,0.008986,0.0092005
v967,4,92.90807188,86.96177778,84.22150943,80.00139535,94.99717949,93.11847826,91.90220779,0.834,0.8725,0.56141512,0.597159,0.8073035,0.43526267,0.4241555
v968,4,91.77256866,78.56,85.65444444,75.92047619,90.49025641,88.63347826,85.20474359,0.726,0.795,0.35714561,0.567548,0.748316,0.31511333,0.21536
v969,3,93.15974834,84.13022727,87.52155172,83.20657895,94.00230769,92.59869565,88.63367816,0.784,0.84,0.40890201,0.59597867,0.7757785,0.41411067,0.341721
v97,1,93.4002169,85.3175,91.18695652,88.72928571,91.85075,89.72243243,93.92931818,0.828,0.855,0.59617837,0.64483333,0.9526135,0.56395233,0.7354075
v970,3,91.1784756,78.09451613,74.61885714,78.374375,85.79948718,80.69152174,84.26616438,0.574,0.645,0.30092587,0.17711167,0.344973,0.01437367,0.020332
v971,0,93.9884159,92.2875,95.25177778,83.94589041,96.69974359,95.95630435,95.83066667,0.86,0.8875,0.56386778,0.63398533,0.891515,0.550352,0.6039205
v972,4,91.69095306,82.35472222,89.58511111,74.87507246,92.44538462,89.45434783,85.01329545,0.682,0.7575,0.4333056,0.24317767,0.4854945,0.02384333,0.071334
v973,3,88.88460076,73.5828125,67.08328571,72.63160494,79.15324324,73.49283019,68.83658537,0.4,0.505,0.16686611,0.07714633,0.1448145,0.00909733,0.009354
v974,3,93.90312768,93.09722222,94.55177778,94.09904762,96.54871795,96.19782609,95.87911111,0.86,0.89,0.55976115,0.65274233,0.974021,0.59965733,0.866195
v975,1,92.3972603,83.72854839,76.734,86.52081633,89.81923077,88.44434783,82.84385714,0.718,0.7725,0.41165844,0.51547033,0.7028085,0.22143,0.1549615
v976,1,91.28738577,81.09175,82.13342857,72.80509434,85.65128205,84.25717391,85.3372619,0.634,0.6925,0.33262895,0.33492533,0.5343035,0.04417933,0.06407
v977,3,92.75836449,79.84227273,85.83695652,80.36683544,95.47307692,93.30173913,92.26755556,0.82,0.865,0.51947659,0.60335,0.8457655,0.43567733,0.4742405
v978,1,89.21895871,71.28538462,75.88848485,68.86151163,85.0674359,78.55434783,73.759875,0.484,0.595,0.18546739,0.09141633,0.1522335,0.009736,0.0103185
v979,4,93.43326136,86.33611111,93.62577778,76.05740741,96.70179487,95.31782609,93.14094118,0.84,0.8775,0.4375822,0.623531,0.8366505,0.50803767,0.4818975
v98,3,93.17918886,91.11181818,93.66086957,90.54233333,90.522,86.89081081,83.9012766,0.842,0.8425,0.51973927,0.63466033,0.903037,0.52320167,0.549739
v980,1,91.52686035,69.58595745,82.73968254,73.40705882,88.0025641,89.59043478,77.39872727,0.762,0.83,0.27271123,0.59825267,0.8065475,0.37110567,0.3266535
v981,4,93.16836375,85.48555556,90.683,80.89839506,94.55487179,93.53804348,90.43409639,0.808,0.8575,0.46517214,0.598397,0.833383,0.432957,0.444786
v982,3,93.33062666,86.62972222,91.25444444,90.35730159,95.54897436,95.64608696,91.35136842,0.838,0.8775,0.56526927,0.649626,0.9556475,0.57984733,0.74431
v983,4,88.99833877,70.19833333,76.9972973,68.1216129,82.88179487,75.48847826,69.06351852,0.444,0.5425,0.20997169,0.090645,0.1696595,0.00955433,0.009895
v984,1,90.36332869,78.1665,74.51314286,75.45892157,82.40772727,77.96964286,77.62740741,0.502,0.585,0.22180429,0.11950433,0.226876,0.010926,0.0122255
v985,2,89.51944176,70.03795455,64.754,72.10040404,83.89230769,74.03673913,73.96781609,0.418,0.5175,0.25334854,0.08395533,0.142706,0.00927067,0.009439
v986,4,92.81652112,94.04638889,93.81977778,91.72911765,94.21641026,89.67326087,92.26422222,0.836,0.85,0.50993627,0.64548267,0.9615785,0.55693133,0.781713
v987,0,93.8571139,87.49388889,92.346,83.60559524,96.00487179,94.725,93.99197531,0.836,0.87,0.55138789,0.62646467,0.8918145,0.52003833,0.567821
v988,4,92.3995623,86.34113636,92.62347826,89.51408451,92.36282051,90.28652174,92.91072289,0.806,0.835,0.53524853,0.642573,0.95476,0.54800367,0.75539
v989,0,90.19264075,73.78283333,70.56557143,71.76926316,79.84860465,77.96655172,72.07879121,0.458,0.5525,0.32057653,0.10809433,0.2016255,0.01014233,0.0110435
v99,2,92.05341612,84.15,90.37604651,84.1861039,81.33769231,81.87078431,75.05325581,0.72,0.7475,0.37688865,0.418173,0.66028,0.09738967,0.1577565
v990,4,93.12599346,90.55388889,93.87866667,91.62032787,96.34205128,95.76217391,95.71370787,0.852,0.88,0.54711256,0.650934,0.9701495,0.58832067,0.8210785
v991,3,93.10570616,89.11925,80.07313725,83.78036145,94.91461538,92.98369565,91.46383721,0.82,0.8525,0.54862288,0.61369533,0.8651685,0.478302,0.493219
v992,0,89.27460349,72.76116667,70.57342857,72.69659574,78.215,74.00028571,62.55428571,0.41,0.515,0.14891741,0.08572467,0.1463675,0.00938667,0.009066
v993,2,90.86818719,84.20666667,83.05724138,78.42350649,87.82384615,83.30804348,81.83493827,0.66,0.7275,0.41882748,0.39572367,0.576802,0.077711,0.07157
v994,3,91.26753766,76.20515625,73.84914286,76.27021978,84.00179487,78.04782609,75.78382716,0.664,0.695,0.34493263,0.49397767,0.6717545,0.14869267,0.0874095
v995,4,93.37517492,78.55,80.67207547,83.88047059,96.13615385,95.11217391,91.93389474,0.844,0.885,0.52337249,0.641676,0.897553,0.56144067,0.5552285
v996,0,89.32485452,76.675,72.243,69.22433333,81.14128205,74.74934783,69.91494737,0.412,0.515,0.19419369,0.07947,0.1392455,0.009211,0.00929
v997,2,93.5373764,86.14734375,82.36642857,82.02890909,95.48846154,93.94086957,93.66515464,0.842,0.8725,0.50579833,0.631268,0.8837595,0.537451,0.517389
v998,4,92.86824969,84.26472222,90.22577778,73.70621622,92.81641026,91.61478261,85.86321429,0.792,0.84,0.4495115,0.57796267,0.7440805,0.35942567,0.259005
v999,3,88.55646216,76.981,76.40848485,74.27301075,77.66435897,73.39156863,70.1697561,0.39,0.4975,0.49838101,0.06894667,0.112798,0.00897733,0.0089495
